,ID,Name,LongName,Parent,Component,Path,Line,Column,EndLine,EndColumn,CC,CCL,CCO,CI,CLC,CLLC,LDC,LLDC,LCOM5,NL,NLE,WMC,CBO,CBOI,NII,NOI,RFC,AD,CD,CLOC,DLOC,PDA,PUA,TCD,TCLOC,DIT,NOA,NOC,NOD,NOP,LLOC,LOC,NA,NG,NLA,NLG,NLM,NLPA,NLPM,NLS,NM,NOS,NPA,NPM,NS,TLLOC,TLOC,TNA,TNG,TNLA,TNLG,TNLM,TNLPA,TNLPM,TNLS,TNM,TNOS,TNPA,TNPM,TNS,WarningBlocker,WarningCritical,WarningInfo,WarningMajor,WarningMinor,Best Practice Rules,Clone Metric Rules,Code Style Rules,Cohesion Metric Rules,Complexity Metric Rules,Coupling Metric Rules,Design Rules,Documentation Metric Rules,Documentation Rules,Error Prone Rules,Inheritance Metric Rules,Multithreading Rules,Performance Rules,Security Rules,Size Metric Rules,isDefective
0,L379,AssertionsDemo,example.AssertionsDemo,L104,L103,C:\Users\domco\Desktop\DP\repos\junit5\documentation\src\test\java\example\AssertionsDemo.java,32,1,148,2,0.0,0,0,0,0.0,0.0,0,0,10,0,0,10,5,0,0,11,21,0.0,0.269663,24,2,0,1,0.269663,24,0,0,0,0,0,65,117,2,0,2,0,10,0,0,0,10,15,0,0,0,65,117,2,0,2,0,10,0,0,0,10,15,0,0,0,0,0,14,0,28,19,0,9,1,0,0,0,13,0,0,0,0,0,0,0,0
1,L431,AssumptionsDemo,example.AssumptionsDemo,L104,L103,C:\Users\domco\Desktop\DP\repos\junit5\documentation\src\test\java\example\AssumptionsDemo.java,24,1,53,2,0.0,0,0,0,0.0,0.0,0,0,3,0,0,3,4,0,0,5,8,0.0,0.24,6,0,0,1,0.24,6,0,0,0,0,0,19,30,1,0,1,0,3,0,0,0,3,4,0,0,0,19,30,1,0,1,0,3,0,0,0,3,4,0,0,0,0,0,10,2,6,5,0,3,1,0,0,0,9,0,0,0,0,0,0,0,0
2,L562,ConditionalTestExecutionDemo,example.ConditionalTestExecutionDemo,L104,L103,C:\Users\domco\Desktop\DP\repos\junit5\documentation\src\test\java\example\ConditionalTestExecutionDemo.java,38,1,156,2,0.0,0,0,0,0.0,0.0,0,0,17,0,0,17,14,0,0,0,17,0.0,0.265957,25,7,0,1,0.25,25,0,0,0,0,0,69,113,0,0,0,0,17,0,0,0,17,0,0,0,0,75,119,0,0,0,0,17,0,0,0,17,0,0,0,0,0,0,28,16,17,16,0,17,1,0,1,0,26,0,0,0,0,0,0,0,0
3,L648,CustomTestEngine,example.CustomTestEngine,L104,L103,C:\Users\domco\Desktop\DP\repos\junit5\documentation\src\test\java\example\CustomTestEngine.java,24,1,40,2,0.0,0,0,0,0.0,0.0,0,0,2,0,0,3,6,1,0,2,5,0.25,0.235294,4,4,1,3,0.235294,4,1,1,0,0,1,13,17,0,4,0,1,3,0,3,0,6,2,0,6,0,13,17,0,4,0,1,3,0,3,0,6,2,0,6,0,0,0,10,0,1,0,0,0,1,0,0,0,9,1,0,0,0,0,0,0,0
4,L753,DisabledClassDemo,example.DisabledClassDemo,L104,L103,C:\Users\domco\Desktop\DP\repos\junit5\documentation\src\test\java\example\DisabledClassDemo.java,17,1,24,2,0.0,0,0,0,0.0,0.0,0,0,1,0,0,1,2,0,0,0,1,0.0,0.142857,1,0,0,1,0.142857,1,0,0,0,0,0,6,8,0,0,0,0,1,0,0,0,1,0,0,0,0,6,8,0,0,0,0,1,0,0,0,1,0,0,0,0,0,0,5,1,2,1,0,1,0,0,0,0,5,1,0,0,0,0,0,0,0
5,L759,DisabledTestsDemo,example.DisabledTestsDemo,L104,L103,C:\Users\domco\Desktop\DP\repos\junit5\documentation\src\test\java\example\DisabledTestsDemo.java,17,1,28,2,0.0,0,0,0,0.0,0.0,0,0,2,0,0,2,2,0,0,0,2,0.0,0.1,1,0,0,1,0.1,1,0,0,0,0,0,9,12,0,0,0,0,2,0,0,0,2,0,0,0,0,9,12,0,0,0,0,2,0,0,0,2,0,0,0,0,0,0,8,2,4,2,0,2,1,0,0,0,7,2,0,0,0,0,0,0,0
6,L763,DisplayNameDemo,example.DisplayNameDemo,L104,L103,C:\Users\domco\Desktop\DP\repos\junit5\documentation\src\test\java\example\DisplayNameDemo.java,17,1,35,2,0.0,0,0,0,0.0,0.0,0,0,3,0,0,3,2,0,0,0,3,0.0,0.0625,1,0,0,1,0.0625,1,0,0,0,0,0,15,19,0,0,0,0,3,0,0,0,3,0,0,0,0,15,19,0,0,0,0,3,0,0,0,3,0,0,0,0,0,0,10,3,6,3,0,3,1,0,0,0,9,3,0,0,0,0,0,0,0
7,L771,DisplayNameGeneratorDemo,example.DisplayNameGeneratorDemo,L104,L103,C:\Users\domco\Desktop\DP\repos\junit5\documentation\src\test\java\example\DisplayNameGeneratorDemo.java,24,1,77,2,0.0,0,0,0,0.0,0.0,0,0,0,0,0,0,0,0,0,0,0,0.0,0.333333,1,0,0,1,0.0243902,1,0,0,0,0,0,2,6,0,0,0,0,0,0,0,0,0,0,0,0,0,40,54,0,0,0,0,7,0,3,0,16,4,0,10,0,0,0,28,0,9,0,0,4,3,0,0,1,25,4,0,0,0,0,0,0,0
8,L831,DocumentationTestSuite,example.DocumentationTestSuite,L104,L103,C:\Users\domco\Desktop\DP\repos\junit5\documentation\src\test\java\example\DocumentationTestSuite.java,32,1,37,2,0.0,0,0,0,0.0,0.0,0,0,0,0,0,0,4,0,0,0,0,1.0,0.684211,13,13,1,0,0.684211,13,0,0,0,0,0,6,6,0,0,0,0,0,0,0,0,0,0,0,0,0,6,6,0,0,0,0,0,0,0,0,0,0,0,0,0,0,0,0,0,0,0,0,0,0,0,0,0,0,0,0,0,0,0,0,0,0
9,L846,DynamicTestsDemo,example.DynamicTestsDemo,L104,L103,C:\Users\domco\Desktop\DP\repos\junit5\documentation\src\test\java\example\DynamicTestsDemo.java,43,1,164,2,0.0,0,0,0,0.0,0.0,0,0,11,0,0,11,7,0,0,3,14,1.0,0.154762,13,4,1,0,0.141414,14,0,0,0,0,0,71,102,1,0,1,0,11,0,0,0,11,14,0,0,0,85,122,3,0,3,0,13,0,2,0,13,17,0,2,0,0,1,29,1,18,7,0,11,1,0,0,0,28,0,2,0,0,0,0,0,0
10,L968,ExampleTestCase,example.ExampleTestCase,L104,L103,C:\Users\domco\Desktop\DP\repos\junit5\documentation\src\test\java\example\ExampleTestCase.java,26,1,58,2,0.0,0,0,0,0.0,0.0,0,0,3,0,0,4,8,4,0,4,8,0.0,0.142857,4,0,0,1,0.142857,4,0,0,0,0,0,24,33,1,0,1,0,4,0,0,0,4,3,0,0,0,24,33,1,0,1,0,4,0,0,0,4,3,0,0,0,0,0,12,3,5,4,0,4,1,0,0,0,11,0,0,0,0,0,0,0,0
11,L1074,ExternalMethodSourceDemo,example.ExternalMethodSourceDemo,L104,L103,C:\Users\domco\Desktop\DP\repos\junit5\documentation\src\test\java\example\ExternalMethodSourceDemo.java,19,1,26,2,0.0,0,0,0,0.0,0.0,0,0,1,0,0,1,2,0,0,0,1,0.0,0.142857,1,0,0,1,0.142857,1,0,0,0,0,0,6,8,0,0,0,0,1,0,0,0,1,0,0,0,0,6,8,0,0,0,0,1,0,0,0,1,0,0,0,0,0,0,5,0,1,0,0,1,0,0,0,0,5,0,0,0,0,0,0,0,0
12,L1081,StringsProviders,example.StringsProviders,L104,L103,C:\Users\domco\Desktop\DP\repos\junit5\documentation\src\test\java\example\ExternalMethodSourceDemo.java,28,1,33,2,0.0,0,0,0,0.0,0.0,0,0,1,0,0,1,0,0,0,0,1,0.0,0.166667,1,0,0,1,0.166667,1,0,0,0,0,0,5,6,0,0,0,0,1,0,0,0,1,1,0,0,0,5,6,0,0,0,0,1,0,0,0,1,1,0,0,0,0,0,5,0,1,0,0,1,0,0,0,0,5,0,0,0,0,0,0,0,0
13,L1091,HamcrestAssertionsDemo,example.HamcrestAssertionsDemo,L104,L103,C:\Users\domco\Desktop\DP\repos\junit5\documentation\src\test\java\example\HamcrestAssertionsDemo.java,22,1,31,2,0.0,0,0,0,0.0,0.0,0,0,1,0,0,1,2,0,0,1,2,0.0,0.125,1,0,0,1,0.125,1,0,0,0,0,0,7,10,1,0,1,0,1,0,0,0,1,1,0,0,0,7,10,1,0,1,0,1,0,0,0,1,1,0,0,0,0,0,5,0,2,1,0,1,0,0,0,0,5,0,0,0,0,0,0,0,0
14,L1097,IgnoredTestsDemo,example.IgnoredTestsDemo,L104,L103,C:\Users\domco\Desktop\DP\repos\junit5\documentation\src\test\java\example\IgnoredTestsDemo.java,19,1,30,2,0.0,0,0,0,0.0,0.0,0,0,2,0,0,2,2,0,0,0,2,1.0,0.166667,2,1,1,0,0.166667,2,0,0,0,0,0,10,12,0,0,0,0,2,0,0,0,2,0,0,0,0,10,12,0,0,0,0,2,0,0,0,2,0,0,0,0,0,0,7,2,4,2,0,2,1,0,0,0,6,2,0,0,0,0,0,0,0
15,L1144,JUnit4Tests,example.JUnit4Tests,L104,L103,C:\Users\domco\Desktop\DP\repos\junit5\documentation\src\test\java\example\JUnit4Tests.java,15,1,22,2,0.0,0,0,0,0.0,0.0,0,0,1,0,0,1,0,0,0,0,1,0.0,0.166667,1,0,0,2,0.166667,1,0,0,0,0,0,5,8,0,0,0,0,1,0,1,0,1,0,0,1,0,5,8,0,0,0,0,1,0,1,0,1,0,0,1,0,0,0,3,1,0,1,0,0,0,0,0,0,3,0,0,0,0,0,0,0,0
16,L1147,JUnitPlatformClassDemo,example.JUnitPlatformClassDemo,L104,L103,C:\Users\domco\Desktop\DP\repos\junit5\documentation\src\test\java\example\JUnitPlatformClassDemo.java,20,1,36,2,0.0,0,0,0,0.0,0.0,0,0,2,0,0,2,4,0,0,1,3,0.0,0.266667,4,1,0,1,0.266667,4,0,0,0,0,0,11,17,0,0,0,0,2,0,0,0,2,1,0,0,0,11,17,0,0,0,0,2,0,0,0,2,1,0,0,0,0,0,2,1,2,1,0,2,1,0,0,0,1,0,0,0,0,0,0,0,0
17,L1154,JUnitPlatformSuiteDemo,example.JUnitPlatformSuiteDemo,L104,L103,C:\Users\domco\Desktop\DP\repos\junit5\documentation\src\test\java\example\JUnitPlatformSuiteDemo.java,19,1,26,2,0.0,0,0,0,0.0,0.0,0,0,0,0,0,0,4,0,0,0,0,0.0,0.333333,3,0,0,1,0.333333,3,0,0,0,0,0,6,8,0,0,0,0,0,0,0,0,0,0,0,0,0,6,8,0,0,0,0,0,0,0,0,0,0,0,0,0,0,0,1,0,0,0,0,0,0,0,0,0,1,0,0,0,0,0,0,0,0
18,L1159,MyFirstJUnitJupiterTests,example.MyFirstJUnitJupiterTests,L104,L103,C:\Users\domco\Desktop\DP\repos\junit5\documentation\src\test\java\example\MyFirstJUnitJupiterTests.java,20,1,29,2,0.0,0,0,0,0.0,0.0,0,0,1,0,0,1,3,0,0,2,3,0.0,0.125,1,0,0,1,0.125,1,0,0,0,0,0,7,10,1,0,1,0,1,0,0,0,1,1,0,0,0,7,10,1,0,1,0,1,0,0,0,1,1,0,0,0,0,0,5,0,2,1,0,1,0,0,0,0,5,0,0,0,0,0,0,0,0
19,L1164,OrderedTestsDemo,example.OrderedTestsDemo,L104,L103,C:\Users\domco\Desktop\DP\repos\junit5\documentation\src\test\java\example\OrderedTestsDemo.java,19,1,40,2,0.0,0,0,0,0.0,0.0,0,0,3,0,0,3,4,0,0,0,3,0.0,0.210526,4,0,0,1,0.210526,4,0,0,0,0,0,15,22,0,0,0,0,3,0,0,0,3,0,0,0,0,15,22,0,0,0,0,3,0,0,0,3,0,0,0,0,0,0,10,3,3,3,0,3,1,0,0,0,9,0,0,0,0,0,0,0,0
20,L1169,ParameterizedTestDemo,example.ParameterizedTestDemo,L104,L103,C:\Users\domco\Desktop\DP\repos\junit5\documentation\src\test\java\example\ParameterizedTestDemo.java,66,1,419,2,0.0,0,0,0,0.0,0.0,0,0,29,1,1,32,27,0,0,17,46,0.0,0.268722,61,56,0,1,0.247557,76,0,0,0,0,0,166,273,0,0,0,0,29,0,0,0,29,33,0,0,0,231,354,1,1,1,1,37,0,4,0,38,44,0,5,0,0,0,52,1,37,4,0,32,1,0,1,0,48,1,1,0,0,0,0,2,0
21,L1476,PollingTimeoutDemo,example.PollingTimeoutDemo,L104,L103,C:\Users\domco\Desktop\DP\repos\junit5\documentation\src\test\java\example\PollingTimeoutDemo.java,16,1,33,2,0.0,0,0,0,0.0,0.0,0,0,1,1,1,3,2,0,0,0,2,0.0,0.294118,5,2,0,1,0.294118,5,0,0,0,0,0,12,18,0,0,0,0,2,0,0,0,2,3,0,0,0,12,18,0,0,0,0,2,0,0,0,2,3,0,0,0,0,0,1,1,1,1,0,1,0,0,0,0,1,0,0,0,0,0,0,0,0
22,L1491,RepeatedTestsDemo,example.RepeatedTestsDemo,L104,L103,C:\Users\domco\Desktop\DP\repos\junit5\documentation\src\test\java\example\RepeatedTestsDemo.java,24,1,67,2,0.0,0,0,0,0.0,0.0,0,0,6,0,0,6,6,0,0,6,12,0.0,0.179487,7,1,0,1,0.179487,7,0,0,0,0,0,32,44,1,0,1,0,6,0,0,0,6,7,0,0,0,32,44,1,0,1,0,6,0,0,0,6,7,0,0,0,0,0,12,0,8,0,0,6,1,0,0,1,11,0,1,0,0,0,0,0,0
23,L1529,SharedResourcesDemo,example.SharedResourcesDemo,L104,L103,C:\Users\domco\Desktop\DP\repos\junit5\documentation\src\test\java\example\SharedResourcesDemo.java,29,1,65,2,0.0,0,0,0,0.0,0.0,0,0,4,0,0,5,8,0,0,2,7,1.0,0.0625,2,1,1,0,0.0625,2,0,0,0,0,0,30,37,1,0,1,0,5,0,0,0,5,8,0,0,0,30,37,1,0,1,0,5,0,0,0,5,8,0,0,0,0,0,13,1,9,3,0,5,1,0,0,0,12,0,2,0,0,0,0,0,0
24,L1570,SlowTests,example.SlowTests,L104,L103,C:\Users\domco\Desktop\DP\repos\junit5\documentation\src\test\java\example\SlowTests.java,22,1,125,2,0.0,0,0,0,0.0,0.0,0,0,1,0,0,20,4,0,0,0,20,0.0,0.0117647,1,0,0,1,0.0117647,1,0,0,0,0,0,84,104,0,0,0,0,20,0,0,0,20,20,0,0,0,84,104,0,0,0,0,20,0,0,0,20,20,0,0,0,0,0,43,19,38,19,0,38,0,0,0,0,43,0,0,0,0,0,0,0,0
25,L1601,StandardTests,example.StandardTests,L104,L103,C:\Users\domco\Desktop\DP\repos\junit5\documentation\src\test\java\example\StandardTests.java,24,1,66,2,0.0,0,0,0,0.0,0.0,0,0,8,0,0,8,9,0,0,2,10,0.0,0.114286,4,1,0,1,0.114286,4,0,0,0,0,0,31,43,0,0,0,0,8,0,0,0,8,3,0,0,0,31,43,0,0,0,0,8,0,0,0,8,3,0,0,0,0,0,18,2,13,2,0,8,1,0,0,0,17,5,0,0,0,0,0,0,0
26,L1612,TaggingDemo,example.TaggingDemo,L104,L103,C:\Users\domco\Desktop\DP\repos\junit5\documentation\src\test\java\example\TaggingDemo.java,17,1,26,2,0.0,0,0,0,0.0,0.0,0,0,1,0,0,1,2,0,0,0,1,0.0,0.111111,1,0,0,1,0.111111,1,0,0,0,0,0,8,10,0,0,0,0,1,0,0,0,1,0,0,0,0,8,10,0,0,0,0,1,0,0,0,1,0,0,0,0,0,0,5,1,2,1,0,1,0,0,0,0,5,1,0,0,0,0,0,0,0
27,L1615,TempDirectoryDemo,example.TempDirectoryDemo,L104,L103,C:\Users\domco\Desktop\DP\repos\junit5\documentation\src\test\java\example\TempDirectoryDemo.java,25,1,62,2,0.0,0,0,0,0.0,0.0,0,0,1,0,0,1,4,0,0,3,4,0.0,0.111111,1,1,0,1,0.185185,5,0,0,0,0,0,8,16,0,0,0,0,1,0,0,0,1,3,0,0,0,22,38,1,0,1,0,3,0,0,0,3,6,0,0,0,0,0,10,1,6,3,0,4,1,0,0,0,9,0,0,0,0,0,0,0,0
28,L1639,TestInfoDemo,example.TestInfoDemo,L104,L103,C:\Users\domco\Desktop\DP\repos\junit5\documentation\src\test\java\example\TestInfoDemo.java,23,1,48,2,0.0,0,0,0,0.0,0.0,0,0,3,0,0,5,6,0,0,4,8,0.0,0.0454545,1,0,0,1,0.0454545,1,0,0,0,0,0,21,26,0,0,0,0,4,0,0,0,4,5,0,0,0,21,26,0,0,0,0,4,0,0,0,4,5,0,0,0,0,2,12,1,9,8,0,3,1,0,0,0,11,1,0,0,0,0,0,0,0
29,L1651,TestingAStackDemo,example.TestingAStackDemo,L104,L103,C:\Users\domco\Desktop\DP\repos\junit5\documentation\src\test\java\example\TestingAStackDemo.java,27,1,97,2,0.0,0,0,0,0.0,0.0,0,0,1,0,0,1,2,2,0,0,1,0.0,0.1,1,0,0,1,0.0169492,1,0,0,0,0,0,9,12,1,0,1,0,1,0,0,0,1,1,0,0,0,58,71,2,0,2,0,9,0,0,0,9,11,0,0,0,0,0,29,1,19,9,0,11,2,0,0,0,27,0,0,0,0,0,0,0,0
30,L1811,TestReporterDemo,example.TestReporterDemo,L104,L103,C:\Users\domco\Desktop\DP\repos\junit5\documentation\src\test\java\example\TestReporterDemo.java,21,1,44,2,0.0,0,0,0,0.0,0.0,0,0,3,0,0,3,3,0,0,3,6,0.0,0.1,2,1,0,1,0.1,2,0,0,0,0,0,18,24,0,0,0,0,3,0,0,0,3,6,0,0,0,18,24,0,0,0,0,3,0,0,0,3,6,0,0,0,0,0,10,3,3,3,0,3,1,0,0,0,9,0,0,0,0,0,0,0,0
31,L1840,TestTemplateDemo,example.TestTemplateDemo,L104,L103,C:\Users\domco\Desktop\DP\repos\junit5\documentation\src\test\java\example\TestTemplateDemo.java,29,1,88,2,0.0,0,0,0,0.0,0.0,0,0,1,0,0,1,4,0,0,1,2,0.0,0.111111,1,1,0,1,0.12,6,0,0,0,0,0,8,16,1,0,1,0,1,0,0,0,1,1,0,0,0,44,60,1,2,1,2,8,0,6,0,8,8,0,6,0,0,0,30,0,2,0,0,2,2,0,0,0,28,0,0,0,0,0,0,0,0
32,L1898,TimeoutDemo,example.TimeoutDemo,L104,L103,C:\Users\domco\Desktop\DP\repos\junit5\documentation\src\test\java\example\TimeoutDemo.java,20,1,34,2,0.0,0,0,0,0.0,0.0,0,0,1,0,0,2,3,0,0,0,2,1.0,0.285714,4,1,1,0,0.285714,4,0,0,0,0,0,10,15,0,0,0,0,2,0,0,1,2,0,0,0,1,10,15,0,0,0,0,2,0,0,1,2,0,0,0,1,0,0,4,1,2,1,0,2,0,0,0,0,4,0,0,0,0,0,0,0,0
33,L1955,UsingTheLauncherDemo,example.UsingTheLauncherDemo,L104,L103,C:\Users\domco\Desktop\DP\repos\junit5\documentation\src\test\java\example\UsingTheLauncherDemo.java,37,1,116,2,0.28972,1,2,2,0.275,0.384615,22,20,3,0,0,3,16,0,0,20,23,1.0,0.257143,18,4,1,0,0.257143,18,0,0,0,0,0,52,80,0,0,0,0,3,0,0,0,3,15,0,0,0,52,80,0,0,0,0,3,0,0,0,3,15,0,0,0,0,0,25,3,3,3,17,3,1,0,3,0,4,0,0,0,0,0,0,0,0
34,L1973,MyTestClass,example.MyTestClass,L104,L103,C:\Users\domco\Desktop\DP\repos\junit5\documentation\src\test\java\example\UsingTheLauncherDemo.java,118,1,119,2,0.0,0,0,0,0.0,0.0,0,0,0,0,0,0,0,1,0,0,0,0.0,0.0,0,0,0,1,0.0,0,0,0,0,0,0,2,2,0,0,0,0,0,0,0,0,0,0,0,0,0,2,2,0,0,0,0,0,0,0,0,0,0,0,0,0,0,0,3,0,1,0,0,0,0,0,0,0,3,0,1,0,0,0,0,0,0
35,L2036,CustomTestExecutionListener,example.CustomTestExecutionListener,L104,L103,C:\Users\domco\Desktop\DP\repos\junit5\documentation\src\test\java\example\UsingTheLauncherDemo.java,121,1,122,2,0.0,0,0,0,0.0,0.0,0,0,0,0,0,0,1,1,0,0,0,0.0,0.0,0,0,0,1,0.0,0,1,1,0,0,1,2,2,0,0,0,0,0,0,0,0,7,0,0,7,0,2,2,0,0,0,0,0,0,0,0,7,0,0,7,0,0,0,3,0,1,0,0,0,0,0,0,0,3,0,1,0,0,0,0,0,0
36,L39028,DefaultPackageTestCase,DefaultPackageTestCase,L39010,L103,C:\Users\domco\Desktop\DP\repos\junit5\junit-jupiter-engine\src\test\java\DefaultPackageTestCase.java,20,1,28,2,0.0,0,0,0,0.0,0.0,0,0,1,0,0,1,2,0,0,0,1,1.0,0.538462,7,6,1,0,0.538462,7,0,0,0,0,0,6,9,0,0,0,0,1,0,0,0,1,0,0,0,0,6,9,0,0,0,0,1,0,0,0,1,0,0,0,0,0,0,0,1,2,1,0,2,0,0,0,0,0,0,0,0,0,0,0,0,0
37,L39032,DefaultPackageTestCase,DefaultPackageTestCase,L39010,L103,C:\Users\domco\Desktop\DP\repos\junit5\platform-tests\src\test\java\DefaultPackageTestCase.java,20,1,28,2,0.0,0,0,0,0.0,0.0,0,0,1,0,0,1,2,0,0,0,1,1.0,0.538462,7,6,1,0,0.538462,7,0,0,0,0,0,6,9,0,0,0,0,1,0,0,0,1,0,0,0,0,6,9,0,0,0,0,1,0,0,0,1,0,0,0,0,0,0,0,1,2,1,0,2,0,0,0,0,0,0,0,0,0,0,0,0,0
38,L39036,FooTests,FooTests,L39010,L103,C:\Users\domco\Desktop\DP\repos\junit5\platform-tooling-support-tests\projects\gradle-missing-engine\src\test\java\FooTests.java,16,1,22,2,0.0,0,0,0,0.0,0.0,0,0,1,0,0,1,2,0,0,1,2,0.0,0.0,0,0,0,1,0.0,0,0,0,0,0,0,6,7,0,0,0,0,1,0,0,0,1,1,0,0,0,6,7,0,0,0,0,1,0,0,0,1,1,0,0,0,0,0,5,0,2,0,0,2,0,0,0,0,5,0,0,0,0,0,0,0,0
39,L39039,JUnitPlatformCommonsTests,JUnitPlatformCommonsTests,L39010,L103,C:\Users\domco\Desktop\DP\repos\junit5\platform-tooling-support-tests\projects\java-versions\src\test\java\JUnitPlatformCommonsTests.java,11,1,27,2,0.0,0,0,0,0.0,0.0,0,0,2,0,0,2,6,0,0,5,7,0.0,0.0,0,0,0,1,0.0,0,0,0,0,0,0,14,17,0,0,0,0,2,0,0,0,2,4,0,0,0,14,17,0,0,0,0,2,0,0,0,2,4,0,0,0,0,0,8,0,9,6,0,3,1,0,0,0,7,0,0,0,0,0,0,0,0
40,L39152,JupiterIntegrationTests,integration.JupiterIntegrationTests,L39142,L103,C:\Users\domco\Desktop\DP\repos\junit5\platform-tooling-support-tests\projects\multi-release-jar\default\src\test\java\integration\integration\JupiterIntegrationTests.java,28,1,56,2,0.0,0,0,0,0.0,0.0,0,0,3,0,0,3,13,0,0,13,16,0.0,0.08,2,0,0,1,0.08,2,0,0,0,0,0,23,29,0,0,0,0,3,0,0,0,3,8,0,0,0,23,29,0,0,0,0,3,0,0,0,3,8,0,0,0,0,0,12,0,8,5,0,3,1,0,2,0,9,0,0,0,0,0,0,0,0
41,L39159,ModuleUtilsTests,integration.ModuleUtilsTests,L39142,L103,C:\Users\domco\Desktop\DP\repos\junit5\platform-tooling-support-tests\projects\multi-release-jar\default\src\test\java\integration\integration\ModuleUtilsTests.java,31,1,64,2,0.0,0,0,0,0.0,0.0,0,0,4,0,0,4,5,0,0,7,11,1.0,0.147059,5,5,1,0,0.147059,5,0,0,0,0,0,29,34,0,0,0,0,4,0,0,0,4,15,0,0,0,29,34,0,0,0,0,4,0,0,0,4,15,0,0,0,0,0,11,0,11,7,0,4,1,0,0,0,10,0,0,0,0,0,0,0,0
42,L39179,JupiterIntegration,standalone.JupiterIntegration,L39172,L103,C:\Users\domco\Desktop\DP\repos\junit5\platform-tooling-support-tests\projects\standalone\src\standalone\JupiterIntegration.java,18,1,38,2,0.0,0,0,0,0.0,0.0,0,0,4,0,0,4,4,0,0,2,6,0.0,0.0,0,0,0,1,0.0,0,0,0,0,0,0,17,21,0,0,0,0,4,0,0,0,4,2,0,0,0,17,21,0,0,0,0,4,0,0,0,4,2,0,0,0,0,0,12,4,6,4,0,4,1,0,0,0,11,2,0,0,0,0,0,0,0
43,L39185,JupiterParamsIntegration,standalone.JupiterParamsIntegration,L39172,L103,C:\Users\domco\Desktop\DP\repos\junit5\platform-tooling-support-tests\projects\standalone\src\standalone\JupiterParamsIntegration.java,18,1,25,2,0.0,0,0,0,0.0,0.0,0,0,1,0,0,1,3,0,0,1,2,0.0,0.0,0,0,0,1,0.0,0,0,0,0,0,0,7,8,0,0,0,0,1,0,0,0,1,1,0,0,0,7,8,0,0,0,0,1,0,0,0,1,1,0,0,0,0,0,5,0,1,0,0,1,0,0,0,0,5,0,0,0,0,0,0,0,0
44,L39189,VintageIntegration,standalone.VintageIntegration,L39172,L103,C:\Users\domco\Desktop\DP\repos\junit5\platform-tooling-support-tests\projects\standalone\src\standalone\VintageIntegration.java,21,1,39,2,0.0,0,0,0,0.0,0.0,0,0,3,0,0,3,0,0,0,0,3,0.0,0.0,0,0,0,4,0.0,0,0,0,0,0,0,16,19,0,0,0,0,3,0,3,0,3,3,0,3,0,16,19,0,0,0,0,3,0,3,0,3,3,0,3,0,0,0,10,0,1,1,0,0,1,0,0,0,9,0,0,0,0,0,0,0,0
45,L159,Person,example.domain.Person,L152,L103,C:\Users\domco\Desktop\DP\repos\junit5\documentation\src\main\java\example\domain\Person.java,15,1,98,2,0.0,0,0,0,0.0,0.0,0,0,1,2,2,20,1,3,2,0,9,0.0,0.0,0,0,0,10,0.0,0,0,0,0,0,0,69,81,4,4,4,4,9,0,9,0,9,33,0,9,0,72,84,6,4,6,4,9,2,9,0,9,33,2,9,0,0,0,30,0,1,0,0,0,0,0,0,1,24,0,0,0,0,0,0,6,0
46,L239,WebClient,example.registration.WebClient,L230,L103,C:\Users\domco\Desktop\DP\repos\junit5\documentation\src\main\java\example\registration\WebClient.java,13,1,19,2,0.0,0,0,0,0.0,0.0,0,0,1,0,0,1,1,1,1,0,1,0.0,0.0,0,0,0,2,0.0,0,0,0,0,0,0,5,7,0,0,0,0,1,0,1,0,1,1,0,1,0,5,7,0,0,0,0,1,0,1,0,1,1,0,1,0,0,0,5,0,0,0,0,0,0,0,0,0,5,0,0,0,0,0,0,0,0
47,L242,WebResponse,example.registration.WebResponse,L230,L103,C:\Users\domco\Desktop\DP\repos\junit5\documentation\src\main\java\example\registration\WebResponse.java,13,1,19,2,0.0,0,0,0,0.0,0.0,0,0,0,0,0,1,0,2,1,0,1,0.0,0.0,0,0,0,2,0.0,0,0,0,0,0,0,5,7,0,1,0,1,1,0,1,0,1,1,0,1,0,5,7,0,1,0,1,1,0,1,0,1,1,0,1,0,0,0,5,0,0,0,0,0,0,0,0,0,5,0,0,0,0,0,0,0,0
48,L249,WebServerExtension,example.registration.WebServerExtension,L230,L103,C:\Users\domco\Desktop\DP\repos\junit5\documentation\src\main\java\example\registration\WebServerExtension.java,16,1,43,2,0.0,0,0,0,0.0,0.0,0,0,2,0,0,3,3,2,2,0,3,0.0,0.0833333,1,0,0,4,0.05,1,2,2,0,0,1,11,17,0,1,0,1,3,0,3,0,3,2,0,3,0,19,28,0,1,0,1,5,0,5,0,5,4,0,5,0,0,0,16,0,0,0,0,0,2,0,0,0,14,0,0,0,0,0,0,0,0
49,L275,DocumentationDemo,example.registration.DocumentationDemo,L230,L103,C:\Users\domco\Desktop\DP\repos\junit5\documentation\src\test\java\example\registration\DocumentationDemo.java,21,1,37,2,0.0,0,0,0,0.0,0.0,0,0,2,0,0,2,2,0,0,1,3,1.0,0.333333,5,1,1,0,0.333333,5,0,0,0,0,0,10,17,1,0,1,0,2,0,0,0,2,1,0,0,0,10,17,1,0,1,0,2,0,0,0,2,1,0,0,0,0,0,1,1,4,1,0,4,1,0,0,0,0,0,0,0,0,0,0,0,0
50,L283,DocumentationExtension,example.registration.DocumentationExtension,L230,L103,C:\Users\domco\Desktop\DP\repos\junit5\documentation\src\test\java\example\registration\DocumentationDemo.java,40,1,58,2,0.0,0,0,0,0.0,0.0,0,0,2,0,0,3,2,1,1,0,3,0.5,0.133333,2,1,1,1,0.133333,2,2,2,0,0,1,13,19,1,0,1,0,3,0,1,0,3,2,0,1,0,13,19,1,0,1,0,3,0,1,0,3,2,0,1,0,0,0,8,1,2,0,0,1,1,0,0,1,7,0,1,0,0,0,0,0,0
51,L311,WebServerDemo,example.registration.WebServerDemo,L230,L103,C:\Users\domco\Desktop\DP\repos\junit5\documentation\src\test\java\example\registration\WebServerDemo.java,19,1,40,2,0.0,0,0,0,0.0,0.0,0,0,0,0,0,1,6,0,0,7,8,1.0,0.428571,9,7,1,0,0.428571,9,0,0,0,0,0,12,22,1,1,1,1,1,0,0,0,1,3,0,0,0,12,22,1,1,1,1,1,0,0,0,1,3,0,0,0,0,0,0,0,3,1,0,2,0,0,0,0,0,0,0,0,0,0,0,0,0
52,L340,Calculator,example.util.Calculator,L334,L103,C:\Users\domco\Desktop\DP\repos\junit5\documentation\src\main\java\example\util\Calculator.java,13,1,31,2,0.0,0,0,0,0.0,0.0,0,0,4,0,0,4,0,6,6,0,4,0.0,0.0,0,0,0,5,0.0,0,0,0,0,0,0,14,19,0,0,0,0,4,0,4,0,4,4,0,4,0,14,19,0,0,0,0,4,0,4,0,4,4,0,4,0,0,0,12,0,0,0,0,0,1,0,0,0,11,0,0,0,0,0,0,0,0
53,L354,ListWriter,example.util.ListWriter,L334,L103,C:\Users\domco\Desktop\DP\repos\junit5\documentation\src\main\java\example\util\ListWriter.java,19,1,31,2,0.0,0,0,0,0.0,0.0,0,0,1,0,0,2,0,2,2,0,2,0.0,0.0,0,0,0,3,0.0,0,0,0,0,0,0,9,13,1,0,1,0,2,0,2,0,2,2,0,2,0,9,13,1,0,1,0,2,0,2,0,2,2,0,2,0,0,0,7,0,0,0,0,0,0,0,0,0,7,0,0,0,0,0,0,0,0
54,L371,StringUtils,example.util.StringUtils,L334,L103,C:\Users\domco\Desktop\DP\repos\junit5\documentation\src\main\java\example\util\StringUtils.java,13,1,25,2,0.0,0,0,0,0.0,0.0,0,0,1,2,2,3,0,1,1,0,1,0.0,0.0,0,0,0,2,0.0,0,0,0,0,0,0,11,13,0,0,0,0,1,0,1,0,1,7,0,1,0,11,13,0,0,0,0,1,0,1,0,1,7,0,1,0,0,0,5,0,0,0,0,0,0,0,0,0,5,0,0,0,0,0,0,0,0
55,L454,AbstractDatabaseTests,example.callbacks.AbstractDatabaseTests,L446,L103,C:\Users\domco\Desktop\DP\repos\junit5\documentation\src\test\java\example\callbacks\AbstractDatabaseTests.java,28,1,50,2,0.0,0,0,0,0.0,0.0,0,0,4,0,0,4,5,1,0,4,8,1.0,0.181818,4,3,1,0,0.181818,4,0,0,1,1,0,18,23,0,0,0,0,4,0,0,0,4,4,0,0,0,18,23,0,0,0,0,4,0,0,0,4,4,0,0,0,0,0,11,0,5,1,0,4,1,0,0,0,10,0,0,0,0,0,0,0,0
56,L485,BrokenLifecycleMethodConfigDemo,example.callbacks.BrokenLifecycleMethodConfigDemo,L446,L103,C:\Users\domco\Desktop\DP\repos\junit5\documentation\src\test\java\example\callbacks\BrokenLifecycleMethodConfigDemo.java,31,1,59,2,0.0,0,0,0,0.0,0.0,0,0,5,0,0,5,7,0,0,3,8,1.0,0.258065,8,7,1,0,0.258065,8,0,0,0,0,0,23,29,0,0,0,0,5,0,0,0,5,5,0,0,0,23,29,0,0,0,0,5,0,0,0,5,5,0,0,0,0,0,11,1,5,1,0,5,1,0,0,0,10,0,0,0,0,0,0,0,0
57,L504,DatabaseTestsDemo,example.callbacks.DatabaseTestsDemo,L446,L103,C:\Users\domco\Desktop\DP\repos\junit5\documentation\src\test\java\example\callbacks\DatabaseTestsDemo.java,32,1,60,2,0.0,0,0,0,0.0,0.0,0,0,5,0,0,5,10,0,0,4,9,1.0,0.206897,6,5,1,0,0.206897,6,1,1,0,0,1,23,29,0,0,0,0,5,0,0,0,9,5,0,0,0,23,29,0,0,0,0,5,0,0,0,9,5,0,0,0,0,0,13,1,5,1,0,5,1,0,0,0,12,0,0,0,0,0,0,0,0
58,L490,Extension1,example.callbacks.Extension1,L446,L103,C:\Users\domco\Desktop\DP\repos\junit5\documentation\src\test\java\example\callbacks\Extension1.java,22,1,34,2,0.0,0,0,0,0.0,0.0,0,0,2,0,0,2,4,2,0,2,4,0.0,0.0909091,1,0,0,3,0.0909091,1,2,3,0,0,2,10,13,0,0,0,0,2,0,2,0,2,2,0,2,0,10,13,0,0,0,0,2,0,2,0,2,2,0,2,0,0,0,9,0,0,0,0,0,1,0,0,0,7,0,0,1,0,0,0,0,0
59,L493,Extension2,example.callbacks.Extension2,L446,L103,C:\Users\domco\Desktop\DP\repos\junit5\documentation\src\test\java\example\callbacks\Extension2.java,22,1,34,2,0.0,0,0,0,0.0,0.0,0,0,2,0,0,2,4,2,0,2,4,0.0,0.0909091,1,0,0,3,0.0909091,1,2,3,0,0,2,10,13,0,0,0,0,2,0,2,0,2,2,0,2,0,10,13,0,0,0,0,2,0,2,0,2,2,0,2,0,0,0,9,0,0,0,0,0,1,0,0,0,7,0,0,1,0,0,0,0,0
60,L532,Logger,example.callbacks.Logger,L446,L103,C:\Users\domco\Desktop\DP\repos\junit5\documentation\src\test\java\example\callbacks\Logger.java,17,1,54,2,0.0,0,0,0,0.0,0.0,0,0,1,0,0,8,1,5,18,0,8,0.0,0.0357143,1,0,0,1,0.0357143,1,0,0,0,0,0,27,38,1,0,1,0,8,0,0,0,8,8,0,0,0,27,38,1,0,1,0,8,0,0,0,8,8,0,0,0,0,0,17,0,9,0,0,8,0,0,0,0,17,0,1,0,0,0,0,0,0
61,L733,StringTests,example.defaultmethods.StringTests,L680,L103,C:\Users\domco\Desktop\DP\repos\junit5\documentation\src\test\java\example\defaultmethods\StringTests.java,14,1,31,2,0.0,0,0,0,0.0,0.0,0,0,3,0,0,3,2,0,0,0,3,0.25,0.176471,3,1,1,3,0.176471,3,2,3,0,0,2,14,18,0,0,0,0,3,0,3,0,9,3,0,9,0,14,18,0,0,0,0,3,0,3,0,9,3,0,9,0,0,0,11,0,0,0,0,0,1,0,0,0,9,0,0,1,0,0,0,0,0
62,L773,DisplayNameGeneratorDemo$A_year_is_not_supported,example.DisplayNameGeneratorDemo$A_year_is_not_supported,L771,L103,C:\Users\domco\Desktop\DP\repos\junit5\documentation\src\test\java\example\DisplayNameGeneratorDemo.java,26,2,40,3,0.0,0,0,0,0.0,0.0,0,0,2,0,0,2,8,0,0,0,2,0.0,0.0,0,0,0,1,0.0,0,0,0,0,0,0,12,15,0,0,0,0,2,0,0,0,2,0,0,0,0,12,15,0,0,0,0,2,0,0,0,2,0,0,0,0,0,0,8,0,4,0,0,2,1,0,0,0,7,2,0,0,0,0,0,0,0
63,L796,DisplayNameGeneratorDemo$A_year_is_a_leap_year,example.DisplayNameGeneratorDemo$A_year_is_a_leap_year,L771,L103,C:\Users\domco\Desktop\DP\repos\junit5\documentation\src\test\java\example\DisplayNameGeneratorDemo.java,42,2,55,3,0.0,0,0,0,0.0,0.0,0,0,2,0,0,2,6,0,0,0,2,0.0,0.0,0,0,0,1,0.0,0,0,0,0,0,0,11,14,0,0,0,0,2,0,0,0,2,0,0,0,0,11,14,0,0,0,0,2,0,0,0,2,0,0,0,0,0,0,8,0,4,0,0,2,1,0,0,0,7,2,0,0,0,0,0,0,0
64,L797,DisplayNameGeneratorDemo$IndicativeSentences,example.DisplayNameGeneratorDemo$IndicativeSentences,L771,L103,C:\Users\domco\Desktop\DP\repos\junit5\documentation\src\test\java\example\DisplayNameGeneratorDemo.java,57,2,75,3,0.0,0,0,0,0.0,0.0,0,0,3,0,0,3,2,1,0,2,5,0.0,0.0,0,0,0,4,0.0,0,3,3,0,0,1,15,19,0,0,0,0,3,0,3,0,12,4,0,10,0,15,19,0,0,0,0,3,0,3,0,12,4,0,10,0,0,0,10,0,1,0,0,0,1,0,0,1,9,0,0,0,0,0,0,0,0
65,L996,IgnoreIOExceptionExtension,example.exception.IgnoreIOExceptionExtension,L990,L103,C:\Users\domco\Desktop\DP\repos\junit5\documentation\src\test\java\example\exception\IgnoreIOExceptionExtension.java,20,1,31,2,0.0,0,0,0,0.0,0.0,0,0,1,1,1,2,2,1,0,0,1,0.5,0.285714,4,2,1,1,0.285714,4,2,2,0,0,1,10,12,0,0,0,0,1,0,1,0,1,3,0,1,0,10,12,0,0,0,0,1,0,1,0,1,3,0,1,0,0,0,3,0,0,0,0,0,0,0,0,0,3,0,0,0,0,0,0,0,0
66,L1009,IgnoreIOExceptionTests,example.exception.IgnoreIOExceptionTests,L990,L103,C:\Users\domco\Desktop\DP\repos\junit5\documentation\src\test\java\example\exception\IgnoreIOExceptionTests.java,20,1,33,2,0.0,0,0,0,0.0,0.0,0,0,2,0,0,2,4,0,0,0,2,0.0,0.0,0,0,0,1,0.0,0,0,0,0,0,0,12,14,0,0,0,0,2,0,0,0,2,2,0,0,0,12,14,0,0,0,0,2,0,0,0,2,2,0,0,0,0,0,8,3,2,2,0,2,1,0,0,1,7,0,0,0,0,0,0,0,0
67,L1022,MultipleHandlersTestCase,example.exception.MultipleHandlersTestCase,L990,L103,C:\Users\domco\Desktop\DP\repos\junit5\documentation\src\test\java\example\exception\MultipleHandlersTestCase.java,24,1,60,2,0.0,0,0,0,0.0,0.0,0,0,1,0,0,1,5,0,0,0,1,1.0,0.428571,6,4,1,0,0.216216,8,0,0,0,0,0,8,16,0,0,0,0,1,0,0,0,1,0,0,0,0,29,37,0,0,0,0,4,0,3,0,10,3,0,9,0,0,0,18,1,2,1,0,1,0,0,0,0,18,1,0,0,0,0,0,0,0
68,L1054,RecordStateOnErrorExtension,example.exception.RecordStateOnErrorExtension,L990,L103,C:\Users\domco\Desktop\DP\repos\junit5\documentation\src\test\java\example\exception\RecordStateOnErrorExtension.java,18,1,53,2,0.0,0,0,0,0.0,0.0,0,0,1,0,0,5,2,0,0,0,5,0.2,0.176471,6,3,1,4,0.176471,6,2,2,0,0,1,28,36,0,0,0,0,5,0,4,0,5,8,0,4,0,28,36,0,0,0,0,5,0,4,0,5,8,0,4,0,0,0,11,0,1,0,0,0,0,0,0,0,11,1,0,0,0,0,0,0,0
69,L1108,SwingEdtInterceptor,example.interceptor.SwingEdtInterceptor,L1105,L103,C:\Users\domco\Desktop\DP\repos\junit5\documentation\src\test\java\example\interceptor\SwingEdtInterceptor.java,24,1,46,2,0.0,0,0,0,0.0,0.0,0,0,1,1,1,2,4,0,0,0,1,0.5,0.222222,4,2,1,1,0.222222,4,2,2,0,0,1,14,23,0,0,0,0,1,0,1,0,9,5,0,9,0,14,23,0,0,0,0,1,0,1,0,9,5,0,9,0,0,0,5,1,0,0,0,0,0,0,0,0,5,0,1,0,0,0,0,0,0
70,L1179,ParameterizedTestDemo$NullAndEmptySource_1,example.ParameterizedTestDemo$NullAndEmptySource_1,L1169,L103,C:\Users\domco\Desktop\DP\repos\junit5\documentation\src\test\java\example\ParameterizedTestDemo.java,84,2,96,3,0.0,0,0,0,0.0,0.0,0,0,1,0,0,2,6,0,0,1,2,1.0,0.230769,3,2,1,0,0.230769,3,0,0,0,0,0,10,13,0,0,0,0,1,0,0,0,1,1,0,0,0,10,13,0,0,0,0,1,0,0,0,1,1,0,0,0,0,0,4,0,1,0,0,1,0,0,0,0,4,0,0,0,0,0,0,0,0
71,L1195,ParameterizedTestDemo$NullAndEmptySource_2,example.ParameterizedTestDemo$NullAndEmptySource_2,L1169,L103,C:\Users\domco\Desktop\DP\repos\junit5\documentation\src\test\java\example\ParameterizedTestDemo.java,98,2,109,3,0.0,0,0,0,0.0,0.0,0,0,1,0,0,2,5,0,0,1,2,0.0,0.181818,2,1,0,1,0.181818,2,0,0,0,0,0,9,12,0,0,0,0,1,0,0,0,1,1,0,0,0,9,12,0,0,0,0,1,0,0,0,1,1,0,0,0,0,0,3,0,1,0,0,1,0,0,0,0,3,0,0,0,0,0,0,0,0
72,L1320,ParameterizedTestDemo$MyArgumentsProvider,example.ParameterizedTestDemo$MyArgumentsProvider,L1169,L103,C:\Users\domco\Desktop\DP\repos\junit5\documentation\src\test\java\example\ParameterizedTestDemo.java,238,2,246,3,0.0,0,0,0,0.0,0.0,0,0,1,0,0,1,3,1,0,0,1,0.5,0.222222,2,1,1,1,0.222222,2,1,1,0,0,1,7,9,0,0,0,0,1,0,1,0,1,1,0,1,0,7,9,0,0,0,0,1,0,1,0,1,1,0,1,0,0,0,5,0,0,0,0,0,0,0,0,0,5,0,0,0,0,0,0,0,0
73,L1359,ParameterizedTestDemo$Book,example.ParameterizedTestDemo$Book,L1169,L103,C:\Users\domco\Desktop\DP\repos\junit5\documentation\src\test\java\example\ParameterizedTestDemo.java,283,2,300,3,0.0,0,0,0,0.0,0.0,0,0,1,0,0,3,0,1,1,0,3,0.333333,0.133333,2,2,1,2,0.133333,2,0,0,0,0,0,13,18,1,1,1,1,3,0,2,0,3,3,0,2,0,13,18,1,1,1,1,3,0,2,0,3,3,0,2,0,0,0,9,0,1,0,0,1,0,0,0,0,9,0,0,0,0,0,0,0,0
74,L1381,ParameterizedTestDemo$ToStringArgumentConverter,example.ParameterizedTestDemo$ToStringArgumentConverter,L1169,L103,C:\Users\domco\Desktop\DP\repos\junit5\documentation\src\test\java\example\ParameterizedTestDemo.java,314,2,326,3,0.0,0,0,0,0.0,0.0,0,0,1,1,1,2,2,1,0,1,2,1.0,0.153846,2,1,1,0,0.153846,2,2,2,0,0,1,11,13,0,0,0,0,1,0,0,0,2,4,0,1,0,11,13,0,0,0,0,1,0,0,0,2,4,0,1,0,0,0,4,0,0,0,0,0,0,0,0,0,4,0,0,0,0,0,0,0,0
75,L1443,ParameterizedTestDemo$PersonAggregator,example.ParameterizedTestDemo$PersonAggregator,L1169,L103,C:\Users\domco\Desktop\DP\repos\junit5\documentation\src\test\java\example\ParameterizedTestDemo.java,377,5,387,6,0.0,0,0,0,0.0,0.0,0,0,1,0,0,1,5,2,0,3,4,0.5,0.166667,2,1,1,1,0.166667,2,1,1,0,0,1,10,11,0,0,0,0,1,0,1,0,1,1,0,1,0,10,11,0,0,0,0,1,0,1,0,1,1,0,1,0,0,0,5,0,0,0,0,0,0,0,0,0,5,0,0,0,0,0,0,0,0
76,L1631,TempDirectoryDemo$SharedTempDirectoryDemo,example.TempDirectoryDemo$SharedTempDirectoryDemo,L1615,L103,C:\Users\domco\Desktop\DP\repos\junit5\documentation\src\test\java\example\TempDirectoryDemo.java,38,2,59,3,0.0,0,0,0,0.0,0.0,0,0,2,0,0,2,3,0,0,3,5,1.0,0.222222,4,2,1,0,0.222222,4,0,0,0,0,0,14,22,1,0,1,0,2,0,0,0,2,3,0,0,0,14,22,1,0,1,0,2,0,0,0,2,3,0,0,0,0,0,5,1,4,2,0,3,1,0,0,0,4,0,0,0,0,0,0,0,0
77,L1663,TestingAStackDemo$WhenNew,example.TestingAStackDemo$WhenNew,L1651,L103,C:\Users\domco\Desktop\DP\repos\junit5\documentation\src\test\java\example\TestingAStackDemo.java,38,2,96,3,0.0,0,0,0,0.0,0.0,0,0,4,0,0,4,6,0,0,2,6,0.0,0.0,0,0,0,1,0.0,0,0,0,0,0,0,23,28,0,0,0,0,4,0,0,0,4,4,0,0,0,49,59,1,0,1,0,8,0,0,0,8,10,0,0,0,0,0,24,0,17,8,0,9,2,0,0,0,22,0,0,0,0,0,0,0,0
78,L1695,TestInterfaceDemo,example.testinterface.TestInterfaceDemo,L1689,L103,C:\Users\domco\Desktop\DP\repos\junit5\documentation\src\test\java\example\testinterface\TestInterfaceDemo.java,19,1,27,2,0.0,0,0,0,0.0,0.0,0,0,1,0,0,1,5,0,0,1,2,1.0,0.363636,4,2,1,0,0.363636,4,1,3,0,0,3,7,9,1,0,0,0,1,0,0,0,6,1,1,5,0,7,9,1,0,0,0,1,0,0,0,6,1,1,5,0,0,0,5,0,1,0,0,1,0,0,0,0,2,0,0,1,0,0,0,2,0
79,L1737,EngineTestKitAllEventsDemo,example.testkit.EngineTestKitAllEventsDemo,L1731,L103,C:\Users\domco\Desktop\DP\repos\junit5\documentation\src\test\java\example\testkit\EngineTestKitAllEventsDemo.java,38,1,70,2,0.0,0,0,0,0.0,0.0,0,0,1,0,0,1,9,0,0,19,20,0.0,0.307692,12,0,0,1,0.307692,12,0,0,0,0,0,27,33,0,0,0,0,1,0,0,0,1,2,0,0,0,27,33,0,0,0,0,1,0,0,0,1,2,0,0,0,0,0,2,1,1,1,0,1,0,0,1,0,1,0,0,0,0,0,0,0,0
80,L1788,EngineTestKitFailedMethodDemo,example.testkit.EngineTestKitFailedMethodDemo,L1731,L103,C:\Users\domco\Desktop\DP\repos\junit5\documentation\src\test\java\example\testkit\EngineTestKitFailedMethodDemo.java,28,1,42,2,0.0,0,0,0,0.0,0.0,0,0,1,0,0,1,9,0,0,11,12,0.0,0.35,7,0,0,1,0.35,7,0,0,0,0,0,13,15,0,0,0,0,1,0,0,0,1,1,0,0,0,13,15,0,0,0,0,1,0,0,0,1,1,0,0,0,0,0,2,1,1,1,0,1,0,0,1,0,1,0,0,0,0,0,0,0,0
81,L1795,EngineTestKitSkippedMethodDemo,example.testkit.EngineTestKitSkippedMethodDemo,L1731,L103,C:\Users\domco\Desktop\DP\repos\junit5\documentation\src\test\java\example\testkit\EngineTestKitSkippedMethodDemo.java,27,1,46,2,0.0,0,0,0,0.0,0.0,0,0,1,0,0,1,8,0,0,10,11,0.0,0.375,9,0,0,1,0.375,9,0,0,0,0,0,15,20,0,0,0,0,1,0,0,0,1,4,0,0,0,15,20,0,0,0,0,1,0,0,0,1,4,0,0,0,0,0,1,1,1,1,0,1,0,0,0,0,1,0,0,0,0,0,0,0,0
82,L1805,EngineTestKitStatisticsDemo,example.testkit.EngineTestKitStatisticsDemo,L1731,L103,C:\Users\domco\Desktop\DP\repos\junit5\documentation\src\test\java\example\testkit\EngineTestKitStatisticsDemo.java,23,1,46,2,0.0,0,0,0,0.0,0.0,0,0,2,0,0,2,7,0,0,7,9,0.0,0.363636,12,0,0,1,0.363636,12,0,0,0,0,0,21,24,0,0,0,0,2,0,0,0,2,2,0,0,0,21,24,0,0,0,0,2,0,0,0,2,2,0,0,0,0,0,2,2,2,2,0,2,1,0,0,0,1,0,0,0,0,0,0,0,0
83,L1848,TestTemplateDemo$MyTestTemplateInvocationContextProvider,example.TestTemplateDemo$MyTestTemplateInvocationContextProvider,L1840,L103,C:\Users\domco\Desktop\DP\repos\junit5\documentation\src\test\java\example\TestTemplateDemo.java,41,2,84,3,0.0,0,0,0,0.0,0.0,0,0,2,0,0,3,3,1,0,0,3,0.333333,0.227273,5,1,1,2,0.121951,5,2,2,0,0,1,17,23,0,0,0,0,3,0,2,0,3,3,0,2,0,36,44,0,2,0,2,7,0,6,0,7,7,0,6,0,0,0,25,0,0,0,0,0,2,0,0,0,23,0,0,0,0,0,0,0,0
84,L1728,TimingExtension,example.timing.TimingExtension,L1905,L103,C:\Users\domco\Desktop\DP\repos\junit5\documentation\src\test\java\example\timing\TimingExtension.java,32,1,57,2,0.0,0,0,0,0.0,0.0,0,0,1,0,0,3,5,2,0,5,8,0.333333,0.366667,11,9,1,2,0.366667,11,2,3,0,0,2,19,26,2,1,2,1,3,0,2,0,3,6,0,2,0,19,26,2,1,2,1,3,0,2,0,3,6,0,2,0,0,0,8,0,0,0,0,0,0,0,0,0,7,0,0,1,0,0,0,0,0
85,L1949,TimingExtensionTests,example.timing.TimingExtensionTests,L1905,L103,C:\Users\domco\Desktop\DP\repos\junit5\documentation\src\test\java\example\timing\TimingExtensionTests.java,22,1,35,2,0.0,0,0,0,0.0,0.0,0,0,2,0,0,2,3,0,0,0,2,1.0,0.388889,7,6,1,0,0.388889,7,0,0,0,0,0,11,14,0,0,0,0,2,0,0,0,2,2,0,0,0,11,14,0,0,0,0,2,0,0,0,2,2,0,0,0,0,0,5,4,2,2,0,2,1,0,0,2,4,0,0,0,0,0,0,0,0
86,L2050,ExpectToFail$Extension,extensions.ExpectToFail$Extension,L421,L103,C:\Users\domco\Desktop\DP\repos\junit5\documentation\src\test\java\extensions\ExpectToFail.java,32,2,49,3,0.0,0,0,0,0.0,0.0,0,0,1,0,0,3,6,1,0,6,9,0.0,0.0,0,0,0,3,0.0,0,2,3,0,0,2,14,18,1,1,1,1,3,0,2,0,3,3,0,2,0,14,18,1,1,1,1,3,0,2,0,3,3,0,2,0,0,0,10,0,0,0,0,0,0,0,0,0,9,0,0,1,0,0,0,0,0
87,L264,WebServerExtension$Builder,example.registration.WebServerExtension$Builder,L249,L103,C:\Users\domco\Desktop\DP\repos\junit5\documentation\src\main\java\example\registration\WebServerExtension.java,31,2,41,3,0.0,0,0,0,0.0,0.0,0,0,2,0,0,2,1,2,1,0,2,0.0,0.0,0,0,0,3,0.0,0,0,0,0,0,0,8,11,0,0,0,0,2,0,2,0,2,2,0,2,0,8,11,0,0,0,0,2,0,2,0,2,2,0,2,0,0,0,8,0,0,0,0,0,1,0,0,0,7,0,0,0,0,0,0,0,0
88,L925,DynamicTestsDemo$1,example.DynamicTestsDemo$1,L916,L103,C:\Users\domco\Desktop\DP\repos\junit5\documentation\src\test\java\example\DynamicTestsDemo.java,106,62,127,4,0.0,0,0,0,0.0,0.0,0,0,1,0,0,2,0,0,0,0,2,0.0,0.0588235,1,1,0,3,0.0588235,1,0,0,0,0,0,16,22,2,0,2,0,2,0,2,0,2,3,0,2,0,16,22,2,0,2,0,2,0,2,0,2,3,0,2,0,0,1,7,0,0,0,0,0,0,0,0,0,7,0,1,0,0,0,0,0,0
89,L1035,MultipleHandlersTestCase$FirstExecutedHandler,example.exception.MultipleHandlersTestCase$FirstExecutedHandler,L1022,L103,C:\Users\domco\Desktop\DP\repos\junit5\documentation\src\test\java\example\exception\MultipleHandlersTestCase.java,36,5,42,6,0.0,0,0,0,0.0,0.0,0,0,1,0,0,1,2,1,0,0,1,0.5,0.125,1,1,1,1,0.125,1,2,2,0,0,1,7,7,0,0,0,0,1,0,1,0,1,1,0,1,0,7,7,0,0,0,0,1,0,1,0,1,1,0,1,0,0,0,5,0,0,0,0,0,0,0,0,0,5,0,0,0,0,0,0,0,0
90,L1032,MultipleHandlersTestCase$SecondExecutedHandler,example.exception.MultipleHandlersTestCase$SecondExecutedHandler,L1022,L103,C:\Users\domco\Desktop\DP\repos\junit5\documentation\src\test\java\example\exception\MultipleHandlersTestCase.java,44,5,50,6,0.0,0,0,0,0.0,0.0,0,0,1,0,0,1,2,1,0,0,1,0.0,0.0,0,0,0,2,0.0,0,2,2,0,0,1,7,7,0,0,0,0,1,0,1,0,4,1,0,4,0,7,7,0,0,0,0,1,0,1,0,4,1,0,4,0,0,0,5,0,0,0,0,0,0,0,0,0,5,0,0,0,0,0,0,0,0
91,L1026,MultipleHandlersTestCase$ThirdExecutedHandler,example.exception.MultipleHandlersTestCase$ThirdExecutedHandler,L1022,L103,C:\Users\domco\Desktop\DP\repos\junit5\documentation\src\test\java\example\exception\MultipleHandlersTestCase.java,52,5,58,6,0.0,0,0,0,0.0,0.0,0,0,1,0,0,1,2,1,0,0,1,0.0,0.125,1,0,0,2,0.125,1,2,2,0,0,1,7,7,0,0,0,0,1,0,1,0,4,1,0,4,0,7,7,0,0,0,0,1,0,1,0,4,1,0,4,0,0,0,5,0,0,0,0,0,0,0,0,0,5,0,0,0,0,0,0,0,0
92,L1675,TestingAStackDemo$WhenNew$AfterPushing,example.TestingAStackDemo$WhenNew$AfterPushing,L1663,L103,C:\Users\domco\Desktop\DP\repos\junit5\documentation\src\test\java\example\TestingAStackDemo.java,65,3,95,4,0.0,0,0,0,0.0,0.0,0,0,2,0,0,4,6,0,0,3,7,0.0,0.0,0,0,0,1,0.0,0,0,0,0,0,0,26,31,1,0,1,0,4,0,0,0,4,6,0,0,0,26,31,1,0,1,0,4,0,0,0,4,6,0,0,0,0,0,12,0,12,7,0,5,1,0,0,0,11,0,0,0,0,0,0,0,0
93,L18737,JupiterTestSuite,org.junit.jupiter.JupiterTestSuite,L2331,L103,C:\Users\domco\Desktop\DP\repos\junit5\junit-jupiter-engine\src\test\java\org\junit\jupiter\JupiterTestSuite.java,45,1,50,2,0.0,0,0,0,0.0,0.0,0,0,0,0,0,0,4,0,0,0,0,1.0,0.8125,26,26,1,0,0.8125,26,0,0,0,0,0,6,6,0,0,0,0,0,0,0,0,0,0,0,0,0,6,6,0,0,0,0,0,0,0,0,0,0,0,0,0,0,0,0,0,0,0,0,0,0,0,0,0,0,0,0,0,0,0,0,0,0
94,L28721,AbstractEqualsAndHashCodeTests,org.junit.platform.AbstractEqualsAndHashCodeTests,L22252,L103,C:\Users\domco\Desktop\DP\repos\junit5\platform-tests\src\test\java\org\junit\platform\AbstractEqualsAndHashCodeTests.java,21,1,42,2,0.0,0,0,0,0.0,0.0,0,0,1,0,0,1,0,21,25,0,1,1.0,0.25,6,6,1,0,0.25,6,0,0,13,21,0,18,22,0,0,0,0,1,0,0,0,1,14,0,0,0,18,22,0,0,0,0,1,0,0,0,1,14,0,0,0,0,0,3,0,1,1,0,0,0,0,0,0,2,0,0,1,0,0,0,0,0
95,L37124,JUnitPlatformTestSuite,org.junit.platform.JUnitPlatformTestSuite,L22252,L103,C:\Users\domco\Desktop\DP\repos\junit5\platform-tests\src\test\java\org\junit\platform\JUnitPlatformTestSuite.java,34,1,39,2,0.0,0,0,0,0.0,0.0,0,0,0,0,0,0,4,0,0,0,0,1.0,0.714286,15,15,1,0,0.714286,15,0,0,0,0,0,6,6,0,0,0,0,0,0,0,0,0,0,0,0,0,6,6,0,0,0,0,0,0,0,0,0,0,0,0,0,0,0,0,0,0,0,0,0,0,0,0,0,0,0,0,0,0,0,0,0,0
96,L37127,TestEngineTests,org.junit.platform.TestEngineTests,L22252,L103,C:\Users\domco\Desktop\DP\repos\junit5\platform-tests\src\test\java\org\junit\platform\TestEngineTests.java,33,1,60,2,0.0,0,0,0,0.0,0.0,0,0,1,0,0,1,4,0,0,4,5,1.0,0.5,9,9,1,0,0.28125,9,0,0,0,0,0,9,11,0,0,0,0,1,0,0,0,1,4,0,0,0,23,28,0,4,0,1,4,0,3,0,7,7,0,6,0,0,0,12,0,5,4,0,1,1,0,0,0,11,0,0,0,0,0,0,0,0
97,L39089,Calculator,com.example.project.Calculator,L39046,L103,C:\Users\domco\Desktop\DP\repos\junit5\platform-tooling-support-tests\projects\ant-starter\src\main\java\com\example\project\Calculator.java,13,1,19,2,0.0,0,0,0,0.0,0.0,0,0,1,0,0,1,0,3,6,0,1,0.0,0.0,0,0,0,2,0.0,0,0,0,0,0,0,5,7,0,0,0,0,1,0,1,0,1,1,0,1,0,5,7,0,0,0,0,1,0,1,0,1,1,0,1,0,0,0,5,0,0,0,0,0,0,0,0,0,5,0,0,0,0,0,0,0,0
98,L39094,CalculatorTests,com.example.project.CalculatorTests,L39046,L103,C:\Users\domco\Desktop\DP\repos\junit5\platform-tooling-support-tests\projects\ant-starter\src\test\java\com\example\project\CalculatorTests.java,20,1,41,2,0.555556,1,1,1,0.545455,0.6,12,12,2,0,0,2,6,0,0,3,5,0.0,0.0,0,0,0,1,0.0,0,0,0,0,0,0,20,22,0,0,0,0,2,0,0,0,2,4,0,0,0,20,22,0,0,0,0,2,0,0,0,2,4,0,0,0,0,0,19,0,4,2,11,2,1,0,0,0,7,0,0,0,0,0,0,0,0
99,L39105,Calculator,com.example.project.Calculator,L39046,L103,C:\Users\domco\Desktop\DP\repos\junit5\platform-tooling-support-tests\projects\gradle-starter\src\main\java\com\example\project\Calculator.java,13,1,19,2,0.0,0,0,0,0.0,0.0,0,0,1,0,0,1,0,0,0,0,1,0.0,0.0,0,0,0,3,0.0,0,0,0,0,0,0,5,7,0,0,0,0,1,0,1,0,1,1,0,1,0,5,7,0,0,0,0,1,0,1,0,1,1,0,1,0,0,0,5,0,0,0,0,0,0,0,0,0,5,0,0,0,0,0,0,0,0
100,L39110,CalculatorTests,com.example.project.CalculatorTests,L39046,L103,C:\Users\domco\Desktop\DP\repos\junit5\platform-tooling-support-tests\projects\gradle-starter\src\test\java\com\example\project\CalculatorTests.java,20,1,41,2,0.555556,1,1,1,0.545455,0.6,12,12,2,0,0,2,6,0,0,3,5,0.0,0.0,0,0,0,1,0.0,0,0,0,0,0,0,20,22,0,0,0,0,2,0,0,0,2,4,0,0,0,20,22,0,0,0,0,2,0,0,0,2,4,0,0,0,0,0,19,0,4,2,11,2,1,0,0,0,7,0,0,0,0,0,0,0,0
101,L39117,Calculator,com.example.project.Calculator,L39046,L103,C:\Users\domco\Desktop\DP\repos\junit5\platform-tooling-support-tests\projects\maven-starter\src\main\java\com\example\project\Calculator.java,13,1,19,2,0.0,0,0,0,0.0,0.0,0,0,1,0,0,1,0,0,0,0,1,0.0,0.0,0,0,0,3,0.0,0,0,0,0,0,0,5,7,0,0,0,0,1,0,1,0,1,1,0,1,0,5,7,0,0,0,0,1,0,1,0,1,1,0,1,0,0,0,5,0,0,0,0,0,0,0,0,0,5,0,0,0,0,0,0,0,0
102,L39122,CalculatorTests,com.example.project.CalculatorTests,L39046,L103,C:\Users\domco\Desktop\DP\repos\junit5\platform-tooling-support-tests\projects\maven-starter\src\test\java\com\example\project\CalculatorTests.java,20,1,41,2,0.555556,1,1,1,0.545455,0.6,12,12,2,0,0,2,6,0,0,3,5,0.0,0.0,0,0,0,1,0.0,0,0,0,0,0,0,20,22,0,0,0,0,2,0,0,0,2,4,0,0,0,20,22,0,0,0,0,2,0,0,0,2,4,0,0,0,0,0,19,0,4,2,11,2,1,0,0,0,7,0,0,0,0,0,0,0,0
103,L39138,VintageTest,com.example.vintage.VintageTest,L39129,L103,C:\Users\domco\Desktop\DP\repos\junit5\platform-tooling-support-tests\projects\vintage\src\test\java\com\example\vintage\VintageTest.java,9,1,18,2,0.0,0,0,0,0.0,0.0,0,0,2,0,0,2,0,0,0,0,2,0.0,0.1,1,0,0,3,0.1,1,0,0,0,0,0,9,10,0,0,0,0,2,0,2,0,2,1,0,2,0,9,10,0,0,0,0,2,0,2,0,2,1,0,2,0,0,0,6,1,0,1,0,0,1,0,0,0,5,0,0,0,0,0,0,0,0
104,L39212,Helper,platform.tooling.support.Helper,L39196,L103,C:\Users\domco\Desktop\DP\repos\junit5\platform-tooling-support-tests\src\main\java\platform\tooling\support\Helper.java,40,1,195,2,0.0,0,0,0,0.0,0.0,0,0,3,2,2,23,0,17,25,0,13,0.416667,0.190184,31,8,5,7,0.190184,31,0,0,0,0,0,132,156,4,2,4,2,13,0,11,0,13,52,0,11,0,132,156,4,2,4,2,13,0,11,0,13,52,0,11,0,0,3,24,8,3,4,0,2,1,0,0,7,23,0,1,0,0,0,0,0,0
105,L39306,Request,platform.tooling.support.Request,L39196,L103,C:\Users\domco\Desktop\DP\repos\junit5\platform-tooling-support-tests\src\main\java\platform\tooling\support\Request.java,34,1,186,2,0.0,0,0,0,0.0,0.0,0,0,2,3,3,14,1,12,13,0,10,0.0909091,0.0533333,4,3,1,10,0.0314961,4,0,0,0,0,0,71,90,11,6,11,6,10,1,10,0,10,32,1,10,0,123,153,12,6,12,6,20,1,19,6,20,59,1,19,6,0,0,56,3,7,2,0,7,2,0,0,1,46,0,0,0,0,0,0,8,0
106,L39393,HelperTests,platform.tooling.support.HelperTests,L39196,L103,C:\Users\domco\Desktop\DP\repos\junit5\platform-tooling-support-tests\src\test\java\platform\tooling\support\HelperTests.java,27,1,69,2,0.0,0,0,0,0.0,0.0,0,0,4,0,0,4,6,0,0,8,12,0.0,0.283019,15,0,0,1,0.283019,15,0,0,0,0,0,38,43,0,0,0,0,4,0,0,0,4,8,0,0,0,38,43,0,0,0,0,4,0,0,0,4,8,0,0,0,0,0,8,0,11,6,0,4,1,0,0,0,7,0,0,0,0,1,0,0,0
107,L1875,TestTemplateDemo$MyTestTemplateInvocationContextProvider$1,example.TestTemplateDemo$MyTestTemplateInvocationContextProvider$1,L1870,L103,C:\Users\domco\Desktop\DP\repos\junit5\documentation\src\test\java\example\TestTemplateDemo.java,60,47,82,5,0.0,0,0,0,0.0,0.0,0,0,0,0,0,2,3,0,0,0,2,0.0,0.0,0,0,0,3,0.0,0,1,1,0,0,1,11,12,0,2,0,2,2,0,2,0,2,2,0,2,0,21,23,0,2,0,2,4,0,4,0,4,4,0,4,0,0,0,15,0,0,0,0,0,1,0,0,0,14,0,0,0,0,0,0,0,0
108,L1887,TestTemplateDemo$MyTestTemplateInvocationContextProvider$1$1,example.TestTemplateDemo$MyTestTemplateInvocationContextProvider$1$1,L1878,L103,C:\Users\domco\Desktop\DP\repos\junit5\documentation\src\test\java\example\TestTemplateDemo.java,68,63,80,7,0.0,0,0,0,0.0,0.0,0,0,2,0,0,2,3,0,0,1,3,0.0,0.0,0,0,0,3,0.0,0,2,2,0,0,1,12,13,0,0,0,0,2,0,2,0,2,2,0,2,0,12,13,0,0,0,0,2,0,2,0,2,2,0,2,0,0,0,8,0,0,0,0,0,1,0,0,0,7,0,0,0,0,0,0,0,0
109,L2083,AbstractApiReportWriter,org.junit.api.tools.AbstractApiReportWriter,L2071,L103,C:\Users\domco\Desktop\DP\repos\junit5\documentation\src\test\java\org\junit\api\tools\AbstractApiReportWriter.java,24,1,104,2,0.0,0,0,0,0.0,0.0,0,0,1,1,1,19,2,3,6,2,16,0.333333,0.0882353,6,3,1,2,0.0882353,6,1,1,3,3,1,62,81,1,1,1,1,14,0,2,0,14,26,0,2,0,62,81,1,1,1,1,14,0,2,0,14,26,0,2,0,0,0,29,1,2,1,0,2,0,0,0,0,29,0,0,0,0,0,0,0,0
110,L2089,ApiReport,org.junit.api.tools.ApiReport,L2071,L103,C:\Users\domco\Desktop\DP\repos\junit5\documentation\src\test\java\org\junit\api\tools\ApiReport.java,21,1,40,2,0.0,0,0,0,0.0,0.0,0,0,0,0,0,3,0,5,3,0,3,1.0,0.176471,3,3,1,0,0.176471,3,0,0,0,0,0,14,20,2,2,2,2,3,0,0,0,3,4,0,0,0,14,20,2,2,2,2,3,0,0,0,3,4,0,0,0,0,0,8,0,2,0,0,2,0,0,0,0,8,0,0,0,0,0,0,0,0
111,L2184,ApiReportGenerator,org.junit.api.tools.ApiReportGenerator,L2071,L103,C:\Users\domco\Desktop\DP\repos\junit5\documentation\src\test\java\org\junit\api\tools\ApiReportGenerator.java,33,1,111,2,0.0,0,0,0,0.0,0.0,0,0,1,2,2,4,5,0,0,5,7,0.5,0.351852,19,4,1,1,0.351852,19,0,0,0,0,0,35,79,0,0,0,0,2,0,1,0,2,23,0,1,0,35,79,0,0,0,0,2,0,1,0,2,23,0,1,0,0,0,3,0,2,0,0,1,0,0,0,0,3,0,0,0,0,1,0,0,0
112,L2196,AsciidocApiReportWriter,org.junit.api.tools.AsciidocApiReportWriter,L2071,L103,C:\Users\domco\Desktop\DP\repos\junit5\documentation\src\test\java\org\junit\api\tools\AsciidocApiReportWriter.java,20,1,69,2,0.0,0,0,0,0.0,0.0,0,0,4,0,0,8,2,1,1,2,10,1.0,0.148936,7,3,1,0,0.148936,7,2,2,0,0,1,40,50,2,1,1,0,8,0,0,0,15,10,0,2,0,40,50,2,1,1,0,8,0,0,0,15,10,0,2,0,0,0,17,0,2,0,0,2,1,0,0,0,16,0,0,0,0,0,0,0,0
113,L2274,HtmlApiReportWriter,org.junit.api.tools.HtmlApiReportWriter,L2071,L103,C:\Users\domco\Desktop\DP\repos\junit5\documentation\src\test\java\org\junit\api\tools\HtmlApiReportWriter.java,20,1,74,2,0.0,0,0,0,0.0,0.0,0,0,6,0,0,9,2,0,0,2,11,1.0,0.137255,7,3,1,0,0.137255,7,2,2,0,0,1,44,55,3,1,2,0,9,0,0,0,16,10,0,2,0,44,55,3,1,2,0,9,0,0,0,16,10,0,2,0,0,0,19,0,2,0,0,2,1,0,0,0,18,0,0,0,0,0,0,0,0
114,L2301,MarkdownApiReportWriter,org.junit.api.tools.MarkdownApiReportWriter,L2071,L103,C:\Users\domco\Desktop\DP\repos\junit5\documentation\src\test\java\org\junit\api\tools\MarkdownApiReportWriter.java,21,1,73,2,0.0,0,0,0,0.0,0.0,0,0,4,0,0,9,2,0,0,2,11,1.0,0.163265,8,3,1,0,0.163265,8,2,2,0,0,1,41,53,2,1,1,0,9,0,0,0,16,9,0,2,0,41,53,2,1,1,0,9,0,0,0,16,9,0,2,0,0,0,17,0,2,0,0,2,1,0,0,0,16,0,0,0,0,0,0,0,0
115,L2426,AssertAll,org.junit.jupiter.api.AssertAll,L2340,L103,C:\Users\domco\Desktop\DP\repos\junit5\junit-jupiter-api\src\main\java\org\junit\jupiter\api\AssertAll.java,31,1,86,2,0.41791,1,2,1,0.428571,0.378378,24,14,1,1,1,8,2,1,6,4,11,1.0,0.229167,11,6,1,0,0.229167,11,0,0,0,0,0,37,56,0,0,0,0,7,0,0,0,7,15,0,0,0,37,56,0,0,0,0,7,0,0,0,7,15,0,0,0,0,0,26,1,7,0,12,6,0,0,0,1,14,0,1,0,0,0,0,0,0
116,L2478,AssertArrayEquals,org.junit.jupiter.api.AssertArrayEquals,L2340,L103,C:\Users\domco\Desktop\DP\repos\junit5\junit-jupiter-api\src\main\java\org\junit\jupiter\api\AssertArrayEquals.java,31,1,441,2,0.457792,4,43,11,0.394161,0.428571,162,141,1,12,2,112,2,1,33,12,64,1.0,0.0208333,7,6,1,0,0.0208333,7,0,0,0,0,0,329,411,0,0,0,0,52,0,0,0,52,179,0,0,0,329,411,0,0,0,0,52,0,0,0,52,179,0,0,0,0,0,184,0,42,8,74,33,0,3,1,1,104,0,0,0,0,0,0,2,0
117,L2791,AssertDoesNotThrow,org.junit.jupiter.api.AssertDoesNotThrow,L2340,L103,C:\Users\domco\Desktop\DP\repos\junit5\junit-jupiter-api\src\main\java\org\junit\jupiter\api\AssertDoesNotThrow.java,30,1,90,2,0.0,0,0,0,0.0,0.0,0,0,1,1,1,14,5,1,6,6,17,1.0,0.127273,7,6,1,0,0.127273,7,0,0,0,0,0,48,61,0,0,0,0,11,0,0,0,11,17,0,0,0,48,61,0,0,0,0,11,0,0,0,11,17,0,0,0,0,0,22,2,7,0,0,6,0,0,0,1,22,0,2,0,0,0,0,0,0
118,L2851,AssertEquals,org.junit.jupiter.api.AssertEquals,L2340,L103,C:\Users\domco\Desktop\DP\repos\junit5\junit-jupiter-api\src\main\java\org\junit\jupiter\api\AssertEquals.java,26,1,192,2,0.0,0,0,0,0.0,0.0,0,0,20,1,1,51,1,1,93,7,38,1.0,0.0496454,7,6,1,0,0.0496454,7,0,0,0,0,0,134,167,0,0,0,0,31,0,0,0,31,50,0,0,0,134,167,0,0,0,0,31,0,0,0,31,50,0,0,0,0,0,64,0,31,0,0,30,1,0,0,1,62,0,0,0,0,0,0,1,0
119,L2986,AssertFalse,org.junit.jupiter.api.AssertFalse,L2340,L103,C:\Users\domco\Desktop\DP\repos\junit5\junit-jupiter-api\src\main\java\org\junit\jupiter\api\AssertFalse.java,26,1,62,2,0.0,0,0,0,0.0,0.0,0,0,1,1,1,9,1,1,6,3,10,1.0,0.205882,7,6,1,0,0.205882,7,0,0,0,0,0,27,37,1,0,1,0,7,0,0,0,7,8,0,0,0,27,37,1,0,1,0,7,0,0,0,7,8,0,0,0,0,0,14,0,7,0,0,6,0,0,0,1,14,0,0,0,0,0,0,0,0
120,L3018,Assertions,org.junit.jupiter.api.Assertions,L2340,L103,C:\Users\domco\Desktop\DP\repos\junit5\junit-jupiter-api\src\main\java\org\junit\jupiter\api\Assertions.java,73,1,3396,2,0.0,0,0,0,0.0,0.0,0,0,281,0,0,282,18,391,1764,155,437,1.0,0.680574,2088,2082,282,0,0.680574,2088,0,0,1,1,0,980,3324,0,0,0,0,282,0,281,0,282,286,0,281,0,980,3324,0,0,0,0,282,0,281,0,282,286,0,281,0,0,0,17,2,8,8,0,0,1,1,3,0,0,0,2,0,0,0,0,12,0
121,L4595,AssertionUtils,org.junit.jupiter.api.AssertionUtils,L2340,L103,C:\Users\domco\Desktop\DP\repos\junit5\junit-jupiter-api\src\main\java\org\junit\jupiter\api\AssertionUtils.java,28,1,196,2,0.0,0,0,0,0.0,0.0,0,0,8,2,2,50,2,15,70,3,31,1.0,0.143836,21,19,1,0,0.143836,21,0,0,0,0,0,125,169,0,2,0,2,28,0,0,0,28,53,0,0,0,125,169,0,2,0,2,28,0,0,0,28,53,0,0,0,0,0,52,1,23,0,0,22,1,0,0,1,50,0,1,0,0,0,0,1,0
122,L4694,AssertIterableEquals,org.junit.jupiter.api.AssertIterableEquals,L2340,L103,C:\Users\domco\Desktop\DP\repos\junit5\junit-jupiter-api\src\main\java\org\junit\jupiter\api\AssertIterableEquals.java,32,1,134,2,0.0708215,1,3,1,0.0970874,0.113924,10,9,1,2,2,22,1,1,3,5,16,1.0,0.0813954,7,6,1,0,0.0813954,7,0,0,0,0,0,79,103,0,0,0,0,11,0,0,0,11,41,0,0,0,79,103,0,0,0,0,11,0,0,0,11,41,0,0,0,0,0,29,0,4,0,7,3,0,0,0,1,22,0,0,0,0,0,0,0,0
123,L4762,AssertLinesMatch,org.junit.jupiter.api.AssertLinesMatch,L2340,L103,C:\Users\domco\Desktop\DP\repos\junit5\junit-jupiter-api\src\main\java\org\junit\jupiter\api\AssertLinesMatch.java,33,1,212,2,0.0,0,0,0,0.0,0.0,0,0,1,4,4,35,2,1,3,6,17,1.0,0.162651,27,6,1,0,0.162651,27,0,0,0,0,0,139,180,2,0,2,0,11,0,0,0,11,77,0,0,0,139,180,2,0,2,0,11,0,0,0,11,77,0,0,0,0,0,25,0,11,1,0,8,0,3,0,2,22,0,0,0,0,0,0,0,0
124,L4850,AssertNotEquals,org.junit.jupiter.api.AssertNotEquals,L2340,L103,C:\Users\domco\Desktop\DP\repos\junit5\junit-jupiter-api\src\main\java\org\junit\jupiter\api\AssertNotEquals.java,28,1,279,2,0.0,0,0,0,0.0,0.0,0,0,1,1,1,52,1,1,93,8,40,1.0,0.391111,88,87,1,0,0.391111,88,0,0,0,0,0,137,252,0,0,0,0,32,0,0,0,32,51,0,0,0,137,252,0,0,0,0,32,0,0,0,32,51,0,0,0,0,0,9,0,31,0,0,30,0,0,0,1,8,0,0,0,0,0,0,1,0
125,L4970,AssertNotNull,org.junit.jupiter.api.AssertNotNull,L2340,L103,C:\Users\domco\Desktop\DP\repos\junit5\junit-jupiter-api\src\main\java\org\junit\jupiter\api\AssertNotNull.java,24,1,49,2,0.0,0,0,0,0.0,0.0,0,0,1,1,1,7,2,1,3,3,8,1.0,0.259259,7,6,1,0,0.259259,7,0,0,0,0,0,20,26,0,0,0,0,5,0,0,0,5,6,0,0,0,20,26,0,0,0,0,5,0,0,0,5,6,0,0,0,0,0,8,0,4,0,0,3,0,0,0,1,8,0,0,0,0,0,0,0,0
126,L4981,AssertNotSame,org.junit.jupiter.api.AssertNotSame,L2340,L103,C:\Users\domco\Desktop\DP\repos\junit5\junit-jupiter-api\src\main\java\org\junit\jupiter\api\AssertNotSame.java,25,1,51,2,0.0,0,0,0,0.0,0.0,0,0,1,1,1,7,1,1,3,3,8,1.0,0.259259,7,6,1,0,0.259259,7,0,0,0,0,0,20,27,0,0,0,0,5,0,0,0,5,6,0,0,0,20,27,0,0,0,0,5,0,0,0,5,6,0,0,0,0,0,8,0,4,0,0,3,0,0,0,1,8,0,0,0,0,0,0,0,0
127,L4996,AssertNull,org.junit.jupiter.api.AssertNull,L2340,L103,C:\Users\domco\Desktop\DP\repos\junit5\junit-jupiter-api\src\main\java\org\junit\jupiter\api\AssertNull.java,25,1,50,2,0.0,0,0,0,0.0,0.0,0,0,1,1,1,7,1,1,3,3,8,1.0,0.259259,7,6,1,0,0.259259,7,0,0,0,0,0,20,26,0,0,0,0,5,0,0,0,5,6,0,0,0,20,26,0,0,0,0,5,0,0,0,5,6,0,0,0,0,0,8,0,4,0,0,3,0,0,0,1,8,0,0,0,0,0,0,0,0
128,L5008,AssertSame,org.junit.jupiter.api.AssertSame,L2340,L103,C:\Users\domco\Desktop\DP\repos\junit5\junit-jupiter-api\src\main\java\org\junit\jupiter\api\AssertSame.java,25,1,51,2,0.0,0,0,0,0.0,0.0,0,0,1,1,1,7,1,1,3,3,8,1.0,0.259259,7,6,1,0,0.259259,7,0,0,0,0,0,20,27,0,0,0,0,5,0,0,0,5,6,0,0,0,20,27,0,0,0,0,5,0,0,0,5,6,0,0,0,0,0,8,0,4,0,0,3,0,0,0,1,8,0,0,0,0,0,0,0,0
129,L5024,AssertThrows,org.junit.jupiter.api.AssertThrows,L2340,L103,C:\Users\domco\Desktop\DP\repos\junit5\junit-jupiter-api\src\main\java\org\junit\jupiter\api\AssertThrows.java,30,1,74,2,0.0,0,0,0,0.0,0.0,0,0,1,2,2,7,3,1,3,6,11,1.0,0.166667,7,6,1,0,0.166667,7,0,0,0,0,0,35,45,0,0,0,0,5,0,0,0,5,12,0,0,0,35,45,0,0,0,0,5,0,0,0,5,12,0,0,0,0,0,10,1,4,0,0,3,0,0,0,1,10,0,1,0,0,0,0,0,0
130,L5054,AssertTimeout,org.junit.jupiter.api.AssertTimeout,L2340,L103,C:\Users\domco\Desktop\DP\repos\junit5\junit-jupiter-api\src\main\java\org\junit\jupiter\api\AssertTimeout.java,37,1,159,2,0.0,0,0,0,0.0,0.0,0,0,2,2,2,20,5,1,12,5,20,1.0,0.0744681,7,6,1,0,0.0744681,7,0,0,0,0,0,87,123,0,0,0,0,15,0,0,0,15,32,0,0,0,87,123,0,0,0,0,15,0,0,0,15,32,0,0,0,0,0,31,5,13,2,0,12,1,0,0,1,30,0,3,0,0,0,0,0,0
131,L5152,AssertTrue,org.junit.jupiter.api.AssertTrue,L2340,L103,C:\Users\domco\Desktop\DP\repos\junit5\junit-jupiter-api\src\main\java\org\junit\jupiter\api\AssertTrue.java,26,1,62,2,0.0,0,0,0,0.0,0.0,0,0,1,1,1,9,1,1,6,3,10,1.0,0.205882,7,6,1,0,0.205882,7,0,0,0,0,0,27,37,1,0,1,0,7,0,0,0,7,8,0,0,0,27,37,1,0,1,0,7,0,0,0,7,8,0,0,0,0,0,14,0,7,0,0,6,0,0,0,1,14,0,0,0,0,0,0,0,0
132,L5167,Assumptions,org.junit.jupiter.api.Assumptions,L2340,L103,C:\Users\domco\Desktop\DP\repos\junit5\junit-jupiter-api\src\main\java\org\junit\jupiter\api\Assumptions.java,45,1,259,2,0.0,0,0,0,0.0,0.0,0,0,2,2,2,23,3,29,39,3,19,1.0,0.682243,146,145,15,0,0.682243,146,0,0,1,1,0,68,215,0,0,0,0,16,0,14,0,16,22,0,14,0,68,215,0,0,0,0,16,0,14,0,16,22,0,14,0,0,0,3,1,0,0,0,0,1,0,0,0,2,0,1,0,0,0,0,0,0
133,L6350,DynamicContainer,org.junit.jupiter.api.DynamicContainer,L2340,L103,C:\Users\domco\Desktop\DP\repos\junit5\junit-jupiter-api\src\main\java\org\junit\jupiter\api\DynamicContainer.java,37,1,109,2,0.0,0,0,0,0.0,0.0,0,0,1,0,0,5,2,5,10,2,7,1.0,0.725,58,58,5,0,0.725,58,1,1,0,0,1,22,73,3,3,1,1,5,0,4,0,9,7,0,7,0,22,73,3,3,1,1,5,0,4,0,9,7,0,7,0,0,0,2,0,2,0,0,1,0,0,0,1,2,0,0,0,0,0,0,0,0
134,L959,DynamicNode,org.junit.jupiter.api.DynamicNode,L2340,L103,C:\Users\domco\Desktop\DP\repos\junit5\junit-jupiter-api\src\main\java\org\junit\jupiter\api\DynamicNode.java,30,1,71,2,0.0,0,0,0,0.0,0.0,0,0,1,0,0,4,2,10,6,4,8,0.75,0.521739,24,21,3,1,0.521739,24,0,0,2,2,0,22,42,2,2,2,2,4,0,3,0,4,5,0,3,0,22,42,2,2,2,2,4,0,3,0,4,5,0,3,0,0,0,3,0,1,1,0,0,0,0,0,0,3,0,0,0,0,0,0,0,0
135,L871,DynamicTest,org.junit.jupiter.api.DynamicTest,L2340,L103,C:\Users\domco\Desktop\DP\repos\junit5\junit-jupiter-api\src\main\java\org\junit\jupiter\api\DynamicTest.java,49,1,135,2,0.0,0,0,0,0.0,0.0,0,0,2,0,0,5,4,33,23,2,7,1.0,0.747475,74,72,5,0,0.747475,74,1,1,0,0,1,25,87,3,3,1,1,5,0,4,0,9,9,0,7,0,25,87,3,3,1,1,5,0,4,0,9,9,0,7,0,0,0,3,0,3,0,0,1,1,0,0,1,2,0,1,0,0,0,0,0,0
136,L7592,AssertAllAssertionsTests,org.junit.jupiter.api.AssertAllAssertionsTests,L2340,L103,C:\Users\domco\Desktop\DP\repos\junit5\junit-jupiter-engine\src\test\java\org\junit\jupiter\api\AssertAllAssertionsTests.java,38,1,224,2,0.14742,1,3,3,0.208556,0.159091,39,21,5,1,1,19,6,0,0,12,30,1.0,0.104167,15,5,1,0,0.102041,15,0,0,0,0,0,129,184,0,0,0,0,18,0,0,0,18,43,0,0,0,132,187,0,0,0,0,18,0,0,0,18,43,0,0,0,0,1,61,1,33,16,19,17,1,0,0,1,41,0,1,0,0,0,0,0,0
137,L7650,AssertArrayEqualsAssertionsTests,org.junit.jupiter.api.AssertArrayEqualsAssertionsTests,L2340,L103,C:\Users\domco\Desktop\DP\repos\junit5\junit-jupiter-engine\src\test\java\org\junit\jupiter\api\AssertArrayEqualsAssertionsTests.java,26,1,1977,2,0.114957,8,43,17,0.125512,0.134615,245,238,122,1,1,283,3,0,0,37,159,1.0,0.00729927,13,5,1,0,0.00729927,13,0,0,0,0,0,1768,1952,0,0,0,0,122,0,0,0,122,824,0,0,0,1768,1952,0,0,0,0,122,0,0,0,122,824,0,0,0,0,0,370,10,260,122,113,138,1,1,1,0,246,0,10,0,0,0,0,8,0
138,L7838,AssertDoesNotThrowAssertionsTests,org.junit.jupiter.api.AssertDoesNotThrowAssertionsTests,L2340,L103,C:\Users\domco\Desktop\DP\repos\junit5\junit-jupiter-engine\src\test\java\org\junit\jupiter\api\AssertDoesNotThrowAssertionsTests.java,30,1,321,2,0.424051,3,16,8,0.332192,0.410959,97,90,18,1,1,36,6,0,0,9,31,1.0,0.0987124,23,7,1,0,0.0987654,24,0,0,0,0,0,210,279,2,0,2,0,22,0,0,0,22,76,0,0,0,219,292,2,0,2,0,25,0,0,0,25,76,0,0,0,0,0,106,5,48,19,53,26,2,0,0,0,50,3,5,0,0,0,0,1,0
139,L7903,AssertEqualsAssertionsTests,org.junit.jupiter.api.AssertEqualsAssertionsTests,L2340,L103,C:\Users\domco\Desktop\DP\repos\junit5\junit-jupiter-engine\src\test\java\org\junit\jupiter\api\AssertEqualsAssertionsTests.java,29,1,745,2,0.408869,13,26,20,0.362622,0.37785,260,232,47,1,1,73,6,0,0,36,83,1.0,0.00992064,5,5,1,0,0.0112721,7,0,0,0,0,0,499,575,0,0,0,0,47,0,0,0,47,278,0,0,0,614,717,0,0,0,0,57,0,2,0,57,356,0,2,0,0,1,259,5,115,54,129,58,2,0,2,0,124,0,6,0,0,3,0,2,0
140,L8081,AssertFalseAssertionsTests,org.junit.jupiter.api.AssertFalseAssertionsTests,L2340,L103,C:\Users\domco\Desktop\DP\repos\junit5\junit-jupiter-engine\src\test\java\org\junit\jupiter\api\AssertFalseAssertionsTests.java,25,1,111,2,0.716346,5,10,5,0.632184,0.714286,55,55,9,1,1,14,3,0,0,9,18,1.0,0.0609756,5,5,1,0,0.0609756,5,0,0,0,0,0,77,87,0,0,0,0,9,0,0,0,9,33,0,0,0,77,87,0,0,0,0,9,0,0,0,9,33,0,0,0,0,0,56,2,23,7,35,9,1,0,0,0,20,0,9,0,0,0,0,0,0
141,L8098,AssertionTestUtils,org.junit.jupiter.api.AssertionTestUtils,L2340,L103,C:\Users\domco\Desktop\DP\repos\junit5\junit-jupiter-engine\src\test\java\org\junit\jupiter\api\AssertionTestUtils.java,19,1,100,2,0.0,0,0,0,0.0,0.0,0,0,10,1,1,24,0,25,271,0,12,0.0,0.0434783,3,0,0,1,0.0434783,3,0,0,0,0,0,66,82,0,0,0,0,12,0,0,0,12,22,0,0,0,66,82,0,0,0,0,12,0,0,0,12,22,0,0,0,0,0,22,1,12,0,0,11,1,0,0,1,21,0,1,0,0,0,0,0,0
142,L8137,AssertIterableEqualsAssertionsTests,org.junit.jupiter.api.AssertIterableEqualsAssertionsTests,L2340,L103,C:\Users\domco\Desktop\DP\repos\junit5\junit-jupiter-engine\src\test\java\org\junit\jupiter\api\AssertIterableEqualsAssertionsTests.java,35,1,463,2,0.0,0,0,0,0.0,0.0,0,0,30,1,1,59,4,0,0,11,41,1.0,0.0153846,6,5,1,0,0.0153846,6,0,0,0,0,0,384,429,0,0,0,0,30,0,0,0,30,171,0,0,0,384,429,0,0,0,0,30,0,0,0,30,171,0,0,0,0,0,64,4,64,30,0,30,1,0,0,0,62,0,4,0,0,4,0,1,0
143,L8196,AssertLinesMatchAssertionsTests,org.junit.jupiter.api.AssertLinesMatchAssertionsTests,L2340,L103,C:\Users\domco\Desktop\DP\repos\junit5\junit-jupiter-engine\src\test\java\org\junit\jupiter\api\AssertLinesMatchAssertionsTests.java,41,1,347,2,0.234043,2,4,4,0.208469,0.227758,64,64,21,0,0,21,4,0,0,6,27,1.0,0.252336,81,5,1,0,0.268229,103,0,0,0,0,0,240,265,0,0,0,0,21,0,0,0,21,81,0,0,0,281,307,0,0,0,0,23,0,0,0,23,94,0,0,0,0,0,61,9,38,15,32,23,2,0,0,0,26,0,9,0,0,0,0,1,0
144,L8239,AssertNotEqualsAssertionsTests,org.junit.jupiter.api.AssertNotEqualsAssertionsTests,L2340,L103,C:\Users\domco\Desktop\DP\repos\junit5\junit-jupiter-engine\src\test\java\org\junit\jupiter\api\AssertNotEqualsAssertionsTests.java,27,1,768,2,0.45589,11,34,21,0.363881,0.395639,270,254,0,0,0,0,0,0,0,0,0,1.0,0.714286,5,5,1,0,0.0107858,7,0,0,0,0,0,2,19,0,0,0,0,0,0,0,0,0,0,0,0,0,642,742,0,0,0,0,56,0,1,0,56,338,0,1,0,0,1,327,8,112,52,166,55,11,0,1,0,148,0,9,0,0,5,0,1,0
145,L8398,AssertNotNullAssertionsTests,org.junit.jupiter.api.AssertNotNullAssertionsTests,L2340,L103,C:\Users\domco\Desktop\DP\repos\junit5\junit-jupiter-engine\src\test\java\org\junit\jupiter\api\AssertNotNullAssertionsTests.java,26,1,63,2,0.0,0,0,0,0.0,0.0,0,0,4,1,1,6,3,0,0,7,11,1.0,0.131579,5,5,1,0,0.131579,5,0,0,0,0,0,33,38,0,0,0,0,4,0,0,0,4,13,0,0,0,33,38,0,0,0,0,4,0,0,0,4,13,0,0,0,0,0,11,1,7,3,0,4,1,0,0,0,10,0,1,0,0,0,0,0,0
146,L8406,AssertNotSameAssertionsTests,org.junit.jupiter.api.AssertNotSameAssertionsTests,L2340,L103,C:\Users\domco\Desktop\DP\repos\junit5\junit-jupiter-engine\src\test\java\org\junit\jupiter\api\AssertNotSameAssertionsTests.java,26,1,87,2,0.0,0,0,0,0.0,0.0,0,0,7,1,1,10,3,0,0,7,14,1.0,0.0847458,5,5,1,0,0.0847458,5,0,0,0,0,0,54,62,0,0,0,0,7,0,0,0,7,22,0,0,0,54,62,0,0,0,0,7,0,0,0,7,22,0,0,0,0,0,17,1,11,4,0,7,1,0,0,0,16,0,1,0,0,0,0,0,0
147,L8420,AssertNullAssertionsTests,org.junit.jupiter.api.AssertNullAssertionsTests,L2340,L103,C:\Users\domco\Desktop\DP\repos\junit5\junit-jupiter-engine\src\test\java\org\junit\jupiter\api\AssertNullAssertionsTests.java,26,1,78,2,0.0,0,0,0,0.0,0.0,0,0,5,1,1,8,3,0,0,7,12,1.0,0.0961538,5,5,1,0,0.0961538,5,0,0,0,0,0,47,53,0,0,0,0,5,0,0,0,5,21,0,0,0,47,53,0,0,0,0,5,0,0,0,5,21,0,0,0,0,0,13,1,9,4,0,5,1,0,0,0,12,0,1,0,0,0,0,0,0
148,L8430,AssertSameAssertionsTests,org.junit.jupiter.api.AssertSameAssertionsTests,L2340,L103,C:\Users\domco\Desktop\DP\repos\junit5\junit-jupiter-engine\src\test\java\org\junit\jupiter\api\AssertSameAssertionsTests.java,26,1,101,2,0.0,0,0,0,0.0,0.0,0,0,6,1,1,10,3,0,0,7,13,1.0,0.0675676,5,5,1,0,0.0675676,5,0,0,0,0,0,69,76,0,0,0,0,6,0,0,0,6,37,0,0,0,69,76,0,0,0,0,6,0,0,0,6,37,0,0,0,0,0,15,0,14,6,0,6,1,0,0,0,14,0,0,0,0,2,0,0,0
149,L8442,AssertThrowsAssertionsTests,org.junit.jupiter.api.AssertThrowsAssertionsTests,L2340,L103,C:\Users\domco\Desktop\DP\repos\junit5\junit-jupiter-engine\src\test\java\org\junit\jupiter\api\AssertThrowsAssertionsTests.java,35,1,285,2,0.0,0,0,0,0.0,0.0,0,0,15,2,2,26,7,0,0,11,28,1.0,0.116162,23,5,1,0,0.113208,24,0,0,0,0,0,175,235,1,0,1,0,17,0,0,0,17,74,0,0,0,188,251,1,0,1,0,19,0,1,0,19,76,0,1,0,0,0,42,5,34,17,0,17,1,0,0,2,41,0,3,0,0,0,0,0,0
150,L8512,AssertTimeoutAssertionsTests,org.junit.jupiter.api.AssertTimeoutAssertionsTests,L2340,L103,C:\Users\domco\Desktop\DP\repos\junit5\junit-jupiter-engine\src\test\java\org\junit\jupiter\api\AssertTimeoutAssertionsTests.java,36,1,303,2,0.192,1,2,2,0.0895522,0.111732,24,20,23,1,1,29,4,0,0,18,45,1.0,0.0725389,14,12,1,0,0.0725389,14,0,0,0,0,0,179,268,2,0,2,0,27,0,0,0,27,68,0,0,0,179,268,2,0,2,0,27,0,0,0,27,68,0,0,0,0,0,71,10,49,24,15,25,1,0,0,2,54,0,8,0,0,0,0,1,0
151,L8584,AssertTrueAssertionsTests,org.junit.jupiter.api.AssertTrueAssertionsTests,L2340,L103,C:\Users\domco\Desktop\DP\repos\junit5\junit-jupiter-engine\src\test\java\org\junit\jupiter\api\AssertTrueAssertionsTests.java,25,1,111,2,0.716346,5,10,5,0.632184,0.714286,55,55,9,1,1,14,3,0,0,9,18,1.0,0.0609756,5,5,1,0,0.0609756,5,0,0,0,0,0,77,87,0,0,0,0,9,0,0,0,9,33,0,0,0,77,87,0,0,0,0,9,0,0,0,9,33,0,0,0,0,0,56,2,23,7,35,9,1,0,0,0,20,0,9,0,0,0,0,0,0
152,L8599,AssumptionsTests,org.junit.jupiter.api.AssumptionsTests,L2340,L103,C:\Users\domco\Desktop\DP\repos\junit5\junit-jupiter-engine\src\test\java\org\junit\jupiter\api\AssumptionsTests.java,32,1,223,2,0.27907,2,4,4,0.270833,0.33121,52,52,10,1,1,28,5,0,0,20,45,1.0,0.0542169,9,9,1,0,0.0542169,9,0,0,0,0,0,157,192,0,0,0,0,25,0,0,0,25,64,0,0,0,157,192,0,0,0,0,25,0,0,0,25,64,0,0,0,0,0,83,5,24,2,29,22,1,0,0,0,52,0,5,0,0,0,0,1,0
153,L8646,DisplayNameGenerationTests,org.junit.jupiter.api.DisplayNameGenerationTests,L2340,L103,C:\Users\domco\Desktop\DP\repos\junit5\junit-jupiter-engine\src\test\java\org\junit\jupiter\api\DisplayNameGenerationTests.java,38,1,246,2,0.110276,1,2,2,0.124402,0.153846,26,26,2,0,0,6,12,0,0,9,15,1.0,0.40708,46,8,1,0,0.224771,49,1,1,0,0,1,67,85,1,0,0,0,6,0,0,0,12,11,0,0,0,169,209,3,0,2,0,25,0,3,0,60,27,0,4,0,0,0,87,6,30,3,15,27,5,0,1,0,66,5,1,0,0,0,0,0,0
154,L8751,DynamicTestTests,org.junit.jupiter.api.DynamicTestTests,L2340,L103,C:\Users\domco\Desktop\DP\repos\junit5\junit-jupiter-engine\src\test\java\org\junit\jupiter\api\DynamicTestTests.java,34,1,126,2,0.0,0,0,0,0.0,0.0,0,0,7,1,1,10,7,0,0,12,21,1.0,0.038961,3,3,1,0,0.038961,3,0,0,0,0,0,74,93,2,0,2,0,9,0,0,0,9,39,0,0,0,74,93,2,0,2,0,9,0,0,0,9,39,0,0,0,0,0,21,3,10,5,0,5,1,0,0,1,20,0,2,0,0,0,0,0,0
155,L8452,EnigmaThrowable,org.junit.jupiter.api.EnigmaThrowable,L2340,L103,C:\Users\domco\Desktop\DP\repos\junit5\junit-jupiter-engine\src\test\java\org\junit\jupiter\api\EnigmaThrowable.java,20,1,22,2,0.0,0,0,0,0.0,0.0,0,0,0,0,0,0,0,3,0,0,0,1.0,0.7,7,7,1,0,0.7,7,0,0,0,0,0,3,3,0,0,0,0,0,0,0,0,0,0,0,0,0,3,3,0,0,0,0,0,0,0,0,0,0,0,0,0,0,1,0,0,0,0,0,0,0,0,0,0,0,0,1,0,0,0,0,0,0
156,L8792,FailAssertionsTests,org.junit.jupiter.api.FailAssertionsTests,L2340,L103,C:\Users\domco\Desktop\DP\repos\junit5\junit-jupiter-engine\src\test\java\org\junit\jupiter\api\FailAssertionsTests.java,30,1,153,2,0.0,0,0,0,0.0,0.0,0,0,10,2,2,20,3,0,0,10,20,1.0,0.059322,7,5,1,0,0.059322,7,0,0,0,0,0,111,124,0,0,0,0,10,0,0,0,10,46,0,0,0,111,124,0,0,0,0,10,0,0,0,10,46,0,0,0,0,0,23,4,13,4,0,10,1,0,0,0,22,0,3,0,0,0,0,0,0
157,L8816,IterableFactory,org.junit.jupiter.api.IterableFactory,L2340,L103,C:\Users\domco\Desktop\DP\repos\junit5\junit-jupiter-engine\src\test\java\org\junit\jupiter\api\IterableFactory.java,18,1,28,2,0.0,0,0,0,0.0,0.0,0,0,1,0,0,2,0,1,29,0,2,0.0,0.0,0,0,0,1,0.0,0,0,0,0,0,0,8,11,0,0,0,0,2,0,0,1,2,2,0,0,1,8,11,0,0,0,0,2,0,0,1,2,2,0,0,1,0,0,7,0,2,0,0,2,0,0,0,0,7,0,0,0,0,0,0,0,0
158,L9181,Constants,org.junit.jupiter.engine.Constants,L8846,L103,C:\Users\domco\Desktop\DP\repos\junit5\junit-jupiter-engine\src\main\java\org\junit\jupiter\engine\Constants.java,48,1,452,2,0.0,0,0,0,0.0,0.0,0,0,0,0,0,1,0,8,0,0,1,1.0,0.873449,352,351,1,0,0.873449,352,0,0,0,0,0,51,405,24,0,24,0,1,23,0,0,1,0,23,0,0,51,405,24,0,24,0,1,23,0,0,1,0,23,0,0,0,0,7,2,1,0,0,1,0,0,0,0,0,0,2,0,0,0,0,7,0
159,L17178,JupiterTestEngine,org.junit.jupiter.engine.JupiterTestEngine,L8846,L103,C:\Users\domco\Desktop\DP\repos\junit5\junit-jupiter-engine\src\main\java\org\junit\jupiter\engine\JupiterTestEngine.java,40,1,102,2,0.0,0,0,0,0.0,0.0,0,0,3,1,1,9,17,5,5,14,22,0.6,0.237288,14,14,3,2,0.237288,14,2,2,0,0,1,45,63,0,5,0,4,8,0,4,0,12,15,0,6,0,45,63,0,5,0,4,8,0,4,0,12,15,0,6,0,0,0,15,0,0,0,0,0,1,0,1,0,13,0,0,0,0,0,0,0,0
160,L8648,AbstractJupiterTestEngineTests,org.junit.jupiter.engine.AbstractJupiterTestEngineTests,L8846,L103,C:\Users\domco\Desktop\DP\repos\junit5\junit-jupiter-engine\src\test\java\org\junit\jupiter\engine\AbstractJupiterTestEngineTests.java,32,1,68,2,0.0,0,0,0,0.0,0.0,0,0,1,0,0,6,9,46,220,11,17,1.0,0.205882,7,5,1,0,0.205882,7,0,0,43,43,0,27,37,1,0,1,0,6,0,0,0,6,9,0,0,0,27,37,1,0,1,0,6,0,0,0,6,9,0,0,0,0,0,15,0,1,1,0,0,0,0,0,0,14,0,0,1,0,0,0,0,0
161,L17323,AtypicalJvmMethodNameTests,org.junit.jupiter.engine.AtypicalJvmMethodNameTests,L8846,L103,C:\Users\domco\Desktop\DP\repos\junit5\junit-jupiter-engine\src\test\java\org\junit\jupiter\engine\AtypicalJvmMethodNameTests.java,30,1,48,2,0.0,0,0,0,0.0,0.0,0,0,1,0,0,1,7,0,0,8,9,1.0,0.423077,11,7,1,0,0.423077,11,1,1,0,0,1,15,19,1,0,0,0,1,0,0,0,7,6,0,0,0,15,19,1,0,0,0,1,0,0,0,7,6,0,0,0,0,0,2,0,6,5,0,1,0,0,0,0,2,0,0,0,0,0,0,0,0
162,L17331,BeforeAllAndAfterAllComposedAnnotationTests,org.junit.jupiter.engine.BeforeAllAndAfterAllComposedAnnotationTests,L8846,L103,C:\Users\domco\Desktop\DP\repos\junit5\junit-jupiter-engine\src\test\java\org\junit\jupiter\engine\BeforeAllAndAfterAllComposedAnnotationTests.java,32,1,72,2,0.0,0,0,0,0.0,0.0,0,0,1,0,0,1,6,1,0,4,5,1.0,0.466667,7,7,1,0,0.189189,7,1,1,0,0,1,8,15,2,0,1,0,1,0,0,0,7,2,0,0,0,30,41,2,0,1,0,4,0,0,0,10,5,0,0,0,0,0,19,1,5,2,0,4,1,0,0,0,18,0,0,0,0,0,0,0,0
163,L17350,BeforeEachAndAfterEachComposedAnnotationTests,org.junit.jupiter.engine.BeforeEachAndAfterEachComposedAnnotationTests,L8846,L103,C:\Users\domco\Desktop\DP\repos\junit5\junit-jupiter-engine\src\test\java\org\junit\jupiter\engine\BeforeEachAndAfterEachComposedAnnotationTests.java,32,1,72,2,0.0,0,0,0,0.0,0.0,0,0,1,0,0,1,6,1,0,4,5,1.0,0.466667,7,7,1,0,0.189189,7,1,1,0,0,1,8,15,2,0,1,0,1,0,0,0,7,2,0,0,0,30,41,2,0,1,0,4,0,0,0,10,5,0,0,0,0,0,19,1,5,2,0,4,1,0,0,0,18,0,0,0,0,0,0,0,0
164,L17502,DefaultExecutionModeTests,org.junit.jupiter.engine.DefaultExecutionModeTests,L8846,L103,C:\Users\domco\Desktop\DP\repos\junit5\junit-jupiter-engine\src\test\java\org\junit\jupiter\engine\DefaultExecutionModeTests.java,35,1,186,2,0.0,0,0,0,0.0,0.0,0,0,1,1,1,12,19,0,0,10,21,0.0,0.0574713,5,0,0,1,0.0381679,5,1,1,0,0,1,82,100,1,0,0,0,11,0,0,0,17,41,0,0,0,126,152,1,0,0,0,17,0,0,0,26,41,0,0,0,0,0,61,7,24,12,0,13,0,0,1,0,60,6,0,0,0,0,0,0,0
165,L17580,DefaultMethodTests,org.junit.jupiter.engine.DefaultMethodTests,L8846,L103,C:\Users\domco\Desktop\DP\repos\junit5\junit-jupiter-engine\src\test\java\org\junit\jupiter\engine\DefaultMethodTests.java,40,1,230,2,0.318408,2,5,5,0.26178,0.286713,50,41,2,0,0,6,11,4,0,7,13,1.0,0.181818,20,6,1,0,0.128049,21,1,1,0,0,1,90,125,6,0,5,0,6,0,0,0,12,25,0,0,0,143,191,6,0,5,0,15,0,7,0,29,38,0,15,0,0,0,73,5,13,5,25,8,2,0,1,0,45,0,5,0,0,0,0,0,0
166,L17639,DisabledTests,org.junit.jupiter.engine.DisabledTests,L8846,L103,C:\Users\domco\Desktop\DP\repos\junit5\junit-jupiter-engine\src\test\java\org\junit\jupiter\engine\DisabledTests.java,30,1,76,2,0.0,0,0,0,0.0,0.0,0,0,1,0,0,2,7,0,0,9,11,1.0,0.32,8,6,1,0,0.209302,9,1,1,0,0,1,17,26,1,0,0,0,2,0,0,0,8,6,0,0,0,34,47,1,0,0,0,5,0,0,0,11,8,0,0,0,0,0,17,4,6,3,0,5,1,0,0,1,16,1,0,0,0,0,0,0,0
167,L17656,DynamicNodeGenerationTests,org.junit.jupiter.engine.DynamicNodeGenerationTests,L8846,L103,C:\Users\domco\Desktop\DP\repos\junit5\junit-jupiter-engine\src\test\java\org\junit\jupiter\engine\DynamicNodeGenerationTests.java,64,1,480,2,0.403309,5,13,13,0.371703,0.410112,155,146,2,0,0,16,14,0,0,30,46,1.0,0.344978,158,6,1,0,0.314066,163,1,1,0,0,1,300,345,1,0,0,0,16,0,0,0,22,54,0,0,0,356,417,3,0,2,0,27,0,0,0,33,65,0,0,0,0,0,106,23,34,14,58,27,2,0,11,0,35,0,16,0,0,0,0,0,0
168,L17708,ExceptionHandlingTests,org.junit.jupiter.engine.ExceptionHandlingTests,L8846,L103,C:\Users\domco\Desktop\DP\repos\junit5\junit-jupiter-engine\src\test\java\org\junit\jupiter\engine\ExceptionHandlingTests.java,52,1,359,2,0.229965,2,5,5,0.191558,0.191057,59,47,3,0,0,14,12,0,0,18,32,1.0,0.258216,55,5,1,0,0.18543,56,1,1,0,0,1,158,206,1,0,0,0,14,0,0,0,20,54,0,0,0,246,308,5,0,4,0,30,0,2,0,36,70,0,2,0,0,0,113,27,34,21,32,30,2,0,13,1,66,4,5,0,0,0,0,0,0
169,L17778,FailedAssumptionsTests,org.junit.jupiter.engine.FailedAssumptionsTests,L8846,L103,C:\Users\domco\Desktop\DP\repos\junit5\junit-jupiter-engine\src\test\java\org\junit\jupiter\engine\FailedAssumptionsTests.java,25,1,69,2,0.0,0,0,0,0.0,0.0,0,0,1,0,0,2,6,0,0,4,6,1.0,0.3,6,6,1,0,0.179487,7,1,1,0,0,1,14,23,1,0,0,0,2,0,0,0,8,6,0,0,0,32,45,1,0,0,0,6,0,0,0,12,8,0,0,0,0,0,20,4,8,4,0,6,2,0,0,0,18,2,0,0,0,0,0,0,0
170,L17796,InvalidLifecycleMethodConfigurationTests,org.junit.jupiter.engine.InvalidLifecycleMethodConfigurationTests,L8846,L103,C:\Users\domco\Desktop\DP\repos\junit5\junit-jupiter-engine\src\test\java\org\junit\jupiter\engine\InvalidLifecycleMethodConfigurationTests.java,34,1,131,2,0.165354,1,1,1,0.122449,0.144928,12,10,1,0,0,5,11,0,0,5,10,1.0,0.255814,11,9,1,0,0.188235,16,1,1,0,0,1,32,48,1,0,0,0,5,0,0,0,11,8,0,0,0,69,98,1,0,0,0,14,0,0,0,20,8,0,0,0,0,0,49,5,22,5,9,13,4,0,1,0,35,9,0,0,0,0,0,0,0
171,L17840,JupiterTestEngineBasicTests,org.junit.jupiter.engine.JupiterTestEngineBasicTests,L8846,L103,C:\Users\domco\Desktop\DP\repos\junit5\junit-jupiter-engine\src\test\java\org\junit\jupiter\engine\JupiterTestEngineBasicTests.java,23,1,47,2,0.0,0,0,0,0.0,0.0,0,0,1,0,0,4,4,0,0,5,9,1.0,0.24,6,6,1,0,0.24,6,0,0,0,0,0,19,25,1,0,1,0,4,0,0,0,4,4,0,0,0,19,25,1,0,1,0,4,0,0,0,4,4,0,0,0,0,0,10,0,9,4,0,5,0,0,0,0,10,0,0,0,0,0,0,0,0
172,L17853,MultipleTestableAnnotationsTests,org.junit.jupiter.engine.MultipleTestableAnnotationsTests,L8846,L103,C:\Users\domco\Desktop\DP\repos\junit5\junit-jupiter-engine\src\test\java\org\junit\jupiter\engine\MultipleTestableAnnotationsTests.java,32,1,55,2,0.0,0,0,0,0.0,0.0,0,0,1,0,0,1,8,0,0,7,8,1.0,0.444444,8,6,1,0,0.333333,8,1,1,0,0,1,10,16,1,0,0,0,1,0,0,0,7,2,0,0,0,16,24,1,0,0,0,2,0,0,0,8,2,0,0,0,0,0,7,1,4,2,0,2,0,0,0,0,7,1,0,0,0,0,0,0,0
173,L17864,NestedTestClassesTests,org.junit.jupiter.engine.NestedTestClassesTests,L8846,L103,C:\Users\domco\Desktop\DP\repos\junit5\junit-jupiter-engine\src\test\java\org\junit\jupiter\engine\NestedTestClassesTests.java,42,1,368,2,0.441048,3,7,7,0.171254,0.190083,56,46,4,0,0,10,18,0,0,23,33,1.0,0.166667,22,17,1,0,0.093633,25,1,1,0,0,1,110,159,1,0,0,0,10,0,0,0,16,66,0,0,0,242,327,7,0,6,0,32,0,0,0,39,77,0,0,0,0,0,156,21,66,28,32,37,6,0,3,0,114,11,5,0,0,6,0,1,0
174,L17984,NonVoidTestableMethodIntegrationTests,org.junit.jupiter.engine.NonVoidTestableMethodIntegrationTests,L8846,L103,C:\Users\domco\Desktop\DP\repos\junit5\junit-jupiter-engine\src\test\java\org\junit\jupiter\engine\NonVoidTestableMethodIntegrationTests.java,18,1,42,2,0.0,0,0,0,0.0,0.0,0,0,4,0,0,4,3,0,0,1,5,0.0,0.0,0,0,0,1,0.0,0,0,0,0,0,0,20,25,0,0,0,0,4,0,0,0,4,6,0,0,0,20,25,0,0,0,0,4,0,0,0,4,6,0,0,0,0,0,12,1,5,1,0,4,1,0,0,0,11,1,0,0,0,0,0,0,0
175,L17990,OverloadedTestMethodTests,org.junit.jupiter.engine.OverloadedTestMethodTests,L8846,L103,C:\Users\domco\Desktop\DP\repos\junit5\junit-jupiter-engine\src\test\java\org\junit\jupiter\engine\OverloadedTestMethodTests.java,31,1,78,2,0.0,0,0,0,0.0,0.0,0,0,1,0,0,2,10,0,0,13,15,1.0,0.1875,6,6,1,0,0.15,6,1,1,0,0,1,26,37,1,0,0,0,2,0,0,0,8,15,0,0,0,34,48,1,0,0,0,4,0,0,0,10,15,0,0,0,0,0,15,2,10,6,0,4,1,0,1,0,13,2,0,0,0,0,0,0,0
176,L18019,ReportingTests,org.junit.jupiter.engine.ReportingTests,L8846,L103,C:\Users\domco\Desktop\DP\repos\junit5\junit-jupiter-engine\src\test\java\org\junit\jupiter\engine\ReportingTests.java,28,1,83,2,0.0,0,0,0,0.0,0.0,0,0,1,0,0,1,5,0,0,3,4,1.0,0.5,7,3,1,0,0.217391,10,1,1,0,0,1,7,13,1,0,0,0,1,0,0,0,7,1,0,0,0,36,56,1,0,0,0,5,0,0,0,11,16,0,0,0,0,0,13,2,6,3,0,5,1,0,0,0,12,0,0,0,0,0,0,0,0
177,L18037,StandardTestClassTests,org.junit.jupiter.engine.StandardTestClassTests,L8846,L103,C:\Users\domco\Desktop\DP\repos\junit5\junit-jupiter-engine\src\test\java\org\junit\jupiter\engine\StandardTestClassTests.java,35,1,252,2,0.33815,1,3,3,0.137615,0.144578,30,24,3,0,0,6,14,0,0,19,25,1.0,0.128205,10,6,1,0,0.0568182,10,1,1,0,0,1,68,92,1,0,0,0,6,0,0,0,12,45,0,0,0,166,218,6,0,5,0,26,0,0,0,32,64,0,0,0,0,0,96,13,56,17,18,31,6,0,3,2,69,2,12,0,0,5,0,0,0
178,L18096,TestClassInheritanceTests,org.junit.jupiter.engine.TestClassInheritanceTests,L8846,L103,C:\Users\domco\Desktop\DP\repos\junit5\junit-jupiter-engine\src\test\java\org\junit\jupiter\engine\TestClassInheritanceTests.java,35,1,283,2,0.517834,2,4,4,0.164659,0.194737,41,37,3,0,0,6,10,3,0,14,20,1.0,0.0989011,9,5,1,0,0.0731707,15,1,1,0,0,1,82,110,2,0,1,0,6,0,0,0,12,40,0,0,0,190,249,7,0,6,0,29,0,0,0,50,63,0,0,0,0,0,99,13,46,12,26,35,6,0,1,1,66,0,6,0,0,5,0,0,0
179,L18164,TestInstanceLifecycleConfigurationTests,org.junit.jupiter.engine.TestInstanceLifecycleConfigurationTests,L8846,L103,C:\Users\domco\Desktop\DP\repos\junit5\junit-jupiter-engine\src\test\java\org\junit\jupiter\engine\TestInstanceLifecycleConfigurationTests.java,48,1,234,2,0.0,0,0,0,0.0,0.0,0,0,1,0,0,10,14,4,0,10,20,1.0,0.241379,21,11,1,0,0.205128,32,1,1,0,0,1,66,113,3,0,2,0,10,0,0,0,16,24,0,0,0,124,187,3,0,2,0,22,0,0,0,28,36,0,0,0,0,0,55,14,21,12,0,20,4,0,1,0,49,0,3,0,0,0,0,1,0
180,L18231,TestInstanceLifecycleKotlinTests,org.junit.jupiter.engine.TestInstanceLifecycleKotlinTests,L8846,L103,C:\Users\domco\Desktop\DP\repos\junit5\junit-jupiter-engine\src\test\java\org\junit\jupiter\engine\TestInstanceLifecycleKotlinTests.java,33,1,80,2,0.0,0,0,0,0.0,0.0,0,0,1,0,0,2,5,0,0,5,7,1.0,0.38806,26,8,1,0,0.38806,26,1,1,0,0,1,41,48,1,0,0,0,2,0,0,0,8,15,0,0,0,41,48,1,0,0,0,2,0,0,0,8,15,0,0,0,0,0,0,0,8,6,0,2,0,0,0,0,0,0,0,0,0,0,0,0,0
181,L18238,TestInstanceLifecycleTests,org.junit.jupiter.engine.TestInstanceLifecycleTests,L8846,L103,C:\Users\domco\Desktop\DP\repos\junit5\junit-jupiter-engine\src\test\java\org\junit\jupiter\engine\TestInstanceLifecycleTests.java,68,1,1066,2,0.406113,10,23,23,0.324324,0.359469,324,298,1,0,0,22,25,10,29,13,35,1.0,0.0437956,24,7,1,0,0.0416185,36,1,1,0,0,1,524,623,9,0,8,0,22,0,0,0,28,320,0,0,0,829,999,9,2,8,0,78,0,9,0,105,416,0,11,0,0,0,261,6,200,160,42,44,8,0,10,0,185,0,2,2,0,0,0,14,0
182,L18500,TestTemplateInvocationTests,org.junit.jupiter.engine.TestTemplateInvocationTests,L8846,L103,C:\Users\domco\Desktop\DP\repos\junit5\junit-jupiter-engine\src\test\java\org\junit\jupiter\engine\TestTemplateInvocationTests.java,80,1,792,2,0.131873,2,5,5,0.0729313,0.0839286,52,47,2,0,0,20,19,4,4,30,50,1.0,0.265363,95,3,1,0,0.147641,97,1,1,0,0,1,263,345,1,0,0,0,20,0,0,0,26,67,0,0,0,560,713,6,10,5,7,77,0,34,0,88,124,0,39,0,0,0,254,20,44,16,22,38,14,0,15,0,199,2,8,2,0,0,0,2,0
183,L19327,JupiterMigrationSupportTestSuite,org.junit.jupiter.migrationsupport.JupiterMigrationSupportTestSuite,L18743,L103,C:\Users\domco\Desktop\DP\repos\junit5\junit-jupiter-migrationsupport\src\test\java\org\junit\jupiter\migrationsupport\JupiterMigrationSupportTestSuite.java,34,1,39,2,0.0,0,0,0,0.0,0.0,0,0,0,0,0,0,4,0,0,0,0,1.0,0.714286,15,15,1,0,0.714286,15,0,0,0,0,0,6,6,0,0,0,0,0,0,0,0,0,0,0,0,0,6,6,0,0,0,0,0,0,0,0,0,0,0,0,0,0,0,0,0,0,0,0,0,0,0,0,0,0,0,0,0,0,0,0,0,0
184,L20280,ParameterizedTestExtension,org.junit.jupiter.params.ParameterizedTestExtension,L19330,L103,C:\Users\domco\Desktop\DP\repos\junit5\junit-jupiter-params\src\main\java\org\junit\jupiter\params\ParameterizedTestExtension.java,38,1,146,2,0.0,0,0,0,0.0,0.0,0,0,5,2,2,15,17,2,7,23,31,0.333333,0.0659341,6,3,1,2,0.0659341,6,2,2,0,0,1,85,109,1,1,1,1,8,0,2,0,8,31,0,2,0,85,109,1,1,1,1,8,0,2,0,8,31,0,2,0,0,0,21,3,1,1,0,0,1,0,1,2,19,0,1,0,0,0,0,0,0
185,L20335,ParameterizedTestInvocationContext,org.junit.jupiter.params.ParameterizedTestInvocationContext,L19330,L103,C:\Users\domco\Desktop\DP\repos\junit5\junit-jupiter-params\src\main\java\org\junit\jupiter\params\ParameterizedTestInvocationContext.java,23,1,46,2,0.0,0,0,0,0.0,0.0,0,0,0,0,0,3,5,1,1,2,5,0.333333,0.136364,3,3,1,2,0.136364,3,1,1,0,0,1,19,24,3,2,3,2,3,0,2,0,3,5,0,2,0,19,24,3,2,3,2,3,0,2,0,3,5,0,2,0,0,0,9,1,1,2,0,0,0,0,0,0,9,0,0,0,0,0,0,0,0
186,L20303,ParameterizedTestMethodContext,org.junit.jupiter.params.ParameterizedTestMethodContext,L19330,L103,C:\Users\domco\Desktop\DP\repos\junit5\junit-jupiter-params\src\main\java\org\junit\jupiter\params\ParameterizedTestMethodContext.java,44,1,276,2,0.0,0,0,0,0.0,0.0,0,0,2,3,3,24,8,9,11,6,17,1.0,0.466667,63,63,1,0,0.319048,67,0,0,0,0,0,72,146,3,3,3,3,11,0,0,0,11,36,0,0,0,143,233,9,3,9,3,19,2,3,0,19,52,2,3,0,0,0,52,5,9,2,0,7,1,0,0,4,40,0,0,0,0,1,0,11,0
187,L20315,ParameterizedTestNameFormatter,org.junit.jupiter.params.ParameterizedTestNameFormatter,L19330,L103,C:\Users\domco\Desktop\DP\repos\junit5\junit-jupiter-params\src\main\java\org\junit\jupiter\params\ParameterizedTestNameFormatter.java,30,1,100,2,0.0,0,0,0,0.0,0.0,0,0,1,2,2,12,4,3,19,2,9,1.0,0.132353,9,3,1,0,0.132353,9,0,0,0,0,0,59,71,3,0,3,0,7,0,0,0,7,27,0,0,0,59,71,3,0,3,0,7,0,0,0,7,27,0,0,0,0,0,12,1,6,5,0,1,0,0,0,1,12,0,0,0,0,0,0,0,0
188,L20373,ParameterizedTestParameterResolver,org.junit.jupiter.params.ParameterizedTestParameterResolver,L19330,L103,C:\Users\domco\Desktop\DP\repos\junit5\junit-jupiter-params\src\main\java\org\junit\jupiter\params\ParameterizedTestParameterResolver.java,24,1,67,2,0.0,0,0,0,0.0,0.0,0,0,1,1,1,6,5,1,1,7,10,0.333333,0.216216,8,3,1,2,0.216216,8,2,2,0,0,1,29,44,2,0,2,0,3,0,2,0,3,13,0,2,0,29,44,2,0,2,0,3,0,2,0,3,13,0,2,0,0,0,9,1,1,2,0,0,0,0,0,0,9,0,0,0,0,0,0,0,0
189,L21565,ParameterizedTestExtensionTests,org.junit.jupiter.params.ParameterizedTestExtensionTests,L19330,L103,C:\Users\domco\Desktop\DP\repos\junit5\junit-jupiter-params\src\test\java\org\junit\jupiter\params\ParameterizedTestExtensionTests.java,46,1,306,2,0.127042,1,2,2,0.091954,0.0927835,24,18,2,0,0,10,16,0,0,7,17,1.0,0.115789,11,5,1,0,0.0536585,11,0,0,0,0,0,84,126,2,1,2,1,10,0,0,0,10,31,0,0,0,194,261,3,19,3,15,34,0,18,0,40,49,0,24,0,0,0,119,0,34,11,12,15,1,0,1,0,100,7,0,0,0,1,0,5,0
190,L21673,ParameterizedTestIntegrationTests,org.junit.jupiter.params.ParameterizedTestIntegrationTests,L19330,L103,C:\Users\domco\Desktop\DP\repos\junit5\junit-jupiter-params\src\test\java\org\junit\jupiter\params\ParameterizedTestIntegrationTests.java,86,1,1151,2,0.019943,1,2,2,0.0187617,0.0242424,20,20,1,0,0,14,15,5,5,20,34,1.0,0.222222,34,9,1,0,0.141519,136,0,0,0,0,0,119,178,0,0,0,0,14,0,0,0,14,30,0,0,0,825,1066,3,0,3,0,144,0,6,0,144,191,0,6,0,0,0,331,53,149,62,21,126,6,0,4,0,297,1,11,0,0,2,0,3,0
191,L22042,ParameterizedTestMethodContextTests,org.junit.jupiter.params.ParameterizedTestMethodContextTests,L19330,L103,C:\Users\domco\Desktop\DP\repos\junit5\junit-jupiter-params\src\test\java\org\junit\jupiter\params\ParameterizedTestMethodContextTests.java,30,1,77,2,0.0,0,0,0,0.0,0.0,0,0,8,0,0,10,8,0,0,4,14,1.0,0.175,7,7,1,0,0.175,7,0,0,0,0,0,33,48,0,0,0,0,10,0,0,0,10,3,0,0,0,33,48,0,0,0,0,10,0,0,0,10,3,0,0,0,0,0,20,0,16,0,0,9,1,0,0,0,18,7,0,0,0,0,0,1,0
192,L22083,ParameterizedTestNameFormatterTests,org.junit.jupiter.params.ParameterizedTestNameFormatterTests,L19330,L103,C:\Users\domco\Desktop\DP\repos\junit5\junit-jupiter-params\src\test\java\org\junit\jupiter\params\ParameterizedTestNameFormatterTests.java,46,1,257,2,0.0,0,0,0,0.0,0.0,0,0,3,0,0,19,10,0,0,8,27,1.0,0.0428571,6,3,1,0,0.0424242,7,0,0,0,0,0,134,183,1,0,1,0,19,0,0,0,19,60,0,0,0,158,212,1,1,1,1,24,0,2,0,24,63,0,2,0,0,0,61,4,48,25,0,20,2,0,0,2,59,2,3,0,0,0,0,0,0
193,L22160,ParameterizedTestSuite,org.junit.jupiter.params.ParameterizedTestSuite,L19330,L103,C:\Users\domco\Desktop\DP\repos\junit5\junit-jupiter-params\src\test\java\org\junit\jupiter\params\ParameterizedTestSuite.java,34,1,39,2,0.0,0,0,0,0.0,0.0,0,0,0,0,0,0,4,0,0,0,0,1.0,0.714286,15,15,1,0,0.714286,15,0,0,0,0,0,6,6,0,0,0,0,0,0,0,0,0,0,0,0,0,6,6,0,0,0,0,0,0,0,0,0,0,0,0,0,0,0,0,0,0,0,0,0,0,0,0,0,0,0,0,0,0,0,0,0,0
194,L22171,AssertionBenchmarks,org.junit.jupiter.jmh.AssertionBenchmarks,L22163,L103,C:\Users\domco\Desktop\DP\repos\junit5\platform-tests\src\jmh\java\org\junit\jupiter\jmh\AssertionBenchmarks.java,22,1,59,2,0.0,0,0,0,0.0,0.0,0,0,7,0,0,7,1,0,0,5,12,0.125,0.142857,5,5,1,7,0.142857,5,0,0,0,0,0,30,38,0,0,0,0,7,0,7,0,7,7,0,7,0,30,38,0,0,0,0,7,0,7,0,7,7,0,7,0,0,0,18,1,0,0,0,0,1,0,0,0,17,0,1,0,0,0,0,0,0
195,L22186,Heavyweight,org.junit.jupiter.extensions.Heavyweight,L22181,L103,C:\Users\domco\Desktop\DP\repos\junit5\platform-tests\src\test\java\org\junit\jupiter\extensions\Heavyweight.java,26,1,94,2,0.0,0,0,0,0.0,0.0,0,0,3,0,0,3,9,2,0,5,8,0.0,0.0,0,0,0,4,0.196429,11,2,3,0,0,2,18,33,0,0,0,0,3,0,3,0,3,7,0,3,0,45,69,4,0,4,0,8,1,7,0,8,11,1,7,0,0,0,35,0,1,0,0,0,1,0,0,0,24,0,1,2,0,0,0,8,0
196,L22220,HeavyweightAlphaTests,org.junit.jupiter.extensions.HeavyweightAlphaTests,L22181,L103,C:\Users\domco\Desktop\DP\repos\junit5\platform-tests\src\test\java\org\junit\jupiter\extensions\HeavyweightAlphaTests.java,33,1,64,2,0.0,0,0,0,0.0,0.0,0,0,4,0,0,5,10,0,0,4,9,1.0,0.1875,6,6,1,0,0.1875,6,0,0,0,0,0,26,32,1,0,1,0,5,0,0,1,5,6,0,0,1,26,32,1,0,1,0,5,0,0,1,5,6,0,0,1,0,0,13,0,10,5,0,5,1,0,0,0,12,0,0,0,0,0,0,0,0
197,L22239,HeavyweightBetaTests,org.junit.jupiter.extensions.HeavyweightBetaTests,L22181,L103,C:\Users\domco\Desktop\DP\repos\junit5\platform-tests\src\test\java\org\junit\jupiter\extensions\HeavyweightBetaTests.java,30,1,57,2,0.0,0,0,0,0.0,0.0,0,0,3,0,0,4,10,0,0,3,7,1.0,0.206897,6,6,1,0,0.206897,6,0,0,0,0,0,23,28,1,0,1,0,4,0,0,0,4,5,0,0,0,23,28,1,0,1,0,4,0,0,0,4,5,0,0,0,0,0,11,0,8,4,0,4,1,0,0,0,10,0,0,0,0,0,0,0,0
198,L6558,JUnitException,org.junit.platform.commons.JUnitException,L22257,L103,C:\Users\domco\Desktop\DP\repos\junit5\junit-platform-commons\src\main\java\org\junit\platform\commons\JUnitException.java,23,1,36,2,0.0,0,0,0,0.0,0.0,0,0,0,0,0,2,0,60,63,0,2,0.333333,0.375,6,6,1,2,0.375,6,0,0,11,12,0,10,14,1,0,1,0,2,0,2,0,2,2,0,2,0,10,14,1,0,1,0,2,0,2,0,2,2,0,2,0,0,0,6,0,0,0,0,0,0,0,0,0,5,0,0,1,0,0,0,0,0
199,L5738,PreconditionViolationException,org.junit.platform.commons.PreconditionViolationException,L22257,L103,C:\Users\domco\Desktop\DP\repos\junit5\junit-platform-commons\src\main\java\org\junit\platform\commons\PreconditionViolationException.java,22,1,36,2,0.0,0,0,0,0.0,0.0,0,0,0,0,0,2,1,89,11,2,4,0.333333,0.3125,5,5,1,2,0.3125,5,2,2,0,0,1,11,15,3,0,1,0,2,0,2,0,6,2,0,6,0,11,15,3,0,1,0,2,0,2,0,6,2,0,6,0,0,0,5,0,0,0,0,0,0,0,0,0,5,0,0,0,0,0,0,0,0
200,L26164,ConsoleLauncherToolProvider,org.junit.platform.console.ConsoleLauncherToolProvider,L26139,L103,C:\Users\domco\Desktop\DP\repos\junit5\junit-platform-console\src\main\java9\org\junit\platform\console\ConsoleLauncherToolProvider.java,25,1,37,2,0.0,0,0,0,0.0,0.0,0,0,2,0,0,2,2,0,0,2,4,0.333333,0.3125,5,5,1,2,0.3125,5,0,0,0,0,0,11,13,0,0,0,0,2,0,2,0,2,2,0,2,0,11,13,0,0,0,0,2,0,2,0,2,2,0,2,0,0,0,6,0,0,0,0,0,1,0,0,0,5,0,0,0,0,0,0,0,0
201,L26179,ConsoleLauncher,org.junit.platform.console.ConsoleLauncher,L26139,L103,C:\Users\domco\Desktop\DP\repos\junit5\junit-platform-console\src\main\java\org\junit\platform\console\ConsoleLauncher.java,33,1,106,2,0.0,0,0,0,0.0,0.0,0,0,1,2,2,11,7,3,8,10,17,0.25,0.084507,6,6,1,3,0.084507,6,0,0,0,0,0,65,74,3,0,3,0,7,0,3,0,7,33,0,3,0,65,74,3,0,3,0,7,0,3,0,7,33,0,3,0,0,1,17,1,5,0,0,5,0,0,0,1,17,0,1,0,0,0,0,0,0
202,L26189,ConsoleLauncherExecutionResult,org.junit.platform.console.ConsoleLauncherExecutionResult,L26139,L103,C:\Users\domco\Desktop\DP\repos\junit5\junit-platform-console\src\main\java\org\junit\platform\console\ConsoleLauncherExecutionResult.java,24,1,82,2,0.0,0,0,0,0.0,0.0,0,0,1,1,1,10,2,7,21,3,10,0.25,0.3,15,15,1,3,0.3,15,0,0,0,0,0,35,59,6,2,6,2,7,0,3,0,7,11,0,3,0,35,59,6,2,6,2,7,0,3,0,7,11,0,3,0,0,0,16,0,8,0,0,5,0,0,0,1,15,0,2,0,0,0,0,1,0
203,L27735,ConsoleDetailsTests,org.junit.platform.console.ConsoleDetailsTests,L26139,L103,C:\Users\domco\Desktop\DP\repos\junit5\platform-tests\src\test\java\org\junit\platform\console\ConsoleDetailsTests.java,53,1,254,2,0.0,0,0,0,0.0,0.0,0,0,1,3,3,11,12,1,1,4,10,1.0,0.15,12,3,1,0,0.0726257,13,0,0,0,0,0,68,81,0,0,0,0,6,0,0,0,6,31,0,0,0,166,202,3,0,3,0,19,0,1,0,19,68,0,1,0,0,1,60,2,20,1,0,16,4,0,1,0,55,4,2,0,0,0,0,0,0
204,L27834,ConsoleLauncherExecutionResultTests,org.junit.platform.console.ConsoleLauncherExecutionResultTests,L26139,L103,C:\Users\domco\Desktop\DP\repos\junit5\platform-tests\src\test\java\org\junit\platform\console\ConsoleLauncherExecutionResultTests.java,24,1,87,2,0.0,0,0,0,0.0,0.0,0,0,1,0,0,5,4,0,0,4,9,1.0,0.24,12,12,1,0,0.24,12,0,0,0,0,0,38,64,2,0,2,0,5,0,0,0,5,19,0,0,0,38,64,2,0,2,0,5,0,0,0,5,19,0,0,0,0,0,6,0,5,0,0,5,0,0,0,0,6,0,0,0,0,0,0,0,0
205,L27849,ConsoleLauncherIntegrationTests,org.junit.platform.console.ConsoleLauncherIntegrationTests,L26139,L103,C:\Users\domco\Desktop\DP\repos\junit5\platform-tests\src\test\java\org\junit\platform\console\ConsoleLauncherIntegrationTests.java,24,1,68,2,0.0,0,0,0,0.0,0.0,0,0,5,0,0,5,4,0,0,6,11,1.0,0.22,11,3,1,0,0.22,11,0,0,0,0,0,39,45,0,0,0,0,5,0,0,0,5,13,0,0,0,39,45,0,0,0,0,5,0,0,0,5,13,0,0,0,0,0,9,1,18,13,0,5,1,0,0,0,8,0,1,0,0,0,0,0,0
206,L27863,ConsoleLauncherTests,org.junit.platform.console.ConsoleLauncherTests,L26139,L103,C:\Users\domco\Desktop\DP\repos\junit5\platform-tests\src\test\java\org\junit\platform\console\ConsoleLauncherTests.java,32,1,110,2,0.310734,1,2,2,0.278481,0.305085,22,18,1,0,0,5,6,0,0,8,13,1.0,0.0483871,3,3,1,0,0.0483871,3,0,0,0,0,0,59,79,2,0,2,0,5,0,0,0,5,38,0,0,0,59,79,2,0,2,0,5,0,0,0,5,38,0,0,0,0,0,27,1,12,7,15,5,0,0,0,0,12,0,1,0,0,0,0,0,0
207,L27810,ConsoleLauncherWrapper,org.junit.platform.console.ConsoleLauncherWrapper,L26139,L103,C:\Users\domco\Desktop\DP\repos\junit5\platform-tests\src\test\java\org\junit\platform\console\ConsoleLauncherWrapper.java,29,1,69,2,0.0,0,0,0,0.0,0.0,0,0,1,1,1,6,6,2,6,5,10,0.25,0.153846,6,3,1,3,0.153846,6,0,0,0,0,0,33,41,3,0,3,0,5,0,3,0,5,14,0,3,0,33,41,3,0,3,0,5,0,3,0,5,14,0,3,0,0,0,13,0,0,0,0,0,0,0,0,0,13,0,0,0,0,0,0,0,0
208,L27815,ConsoleLauncherWrapperResult,org.junit.platform.console.ConsoleLauncherWrapperResult,L26139,L103,C:\Users\domco\Desktop\DP\repos\junit5\platform-tests\src\test\java\org\junit\platform\console\ConsoleLauncherWrapperResult.java,21,1,156,2,0.0,0,0,0,0.0,0.0,0,0,1,1,1,22,3,3,4,21,42,0.05,0.025641,3,3,1,19,0.025641,3,1,1,0,0,1,114,136,5,16,5,16,21,0,19,0,21,45,0,19,0,114,136,5,16,5,16,21,0,19,0,21,45,0,19,0,0,0,50,1,4,1,0,4,0,0,0,0,45,0,0,0,0,0,0,5,0
209,L28089,CompositeFilter<T extends Object>,org.junit.platform.engine.CompositeFilter,L28055,L103,C:\Users\domco\Desktop\DP\repos\junit5\junit-platform-engine\src\main\java\org\junit\platform\engine\CompositeFilter.java,30,1,90,2,0.0,0,0,0,0.0,0.0,0,0,2,0,0,5,3,2,2,2,7,0.25,0.27451,14,7,1,3,0.237288,14,1,1,0,0,1,37,52,4,0,4,0,5,0,3,0,8,5,0,6,0,45,61,4,0,4,0,7,0,5,0,13,7,0,11,0,0,0,19,0,2,0,0,2,2,0,0,0,17,0,0,0,0,0,0,0,0
210,L677,ExecutionRequest,org.junit.platform.engine.ExecutionRequest,L28055,L103,C:\Users\domco\Desktop\DP\repos\junit5\junit-platform-engine\src\main\java\org\junit\platform\engine\ExecutionRequest.java,30,1,75,2,0.0,0,0,0,0.0,0.0,0,0,0,0,0,4,3,25,20,0,4,0.8,0.56,28,28,4,1,0.56,28,0,0,0,0,0,22,46,3,3,3,3,4,0,4,0,4,6,0,4,0,22,46,3,3,3,3,4,0,4,0,4,6,0,4,0,0,0,3,0,0,0,0,0,0,0,0,0,3,0,0,0,0,0,0,0,0
211,L28104,FilterResult,org.junit.platform.engine.FilterResult,L28055,L103,C:\Users\domco\Desktop\DP\repos\junit5\junit-platform-engine\src\main\java\org\junit\platform\engine\FilterResult.java,26,1,113,2,0.0,0,0,0,0.0,0.0,0,0,1,0,0,10,1,18,25,3,12,0.888889,0.530864,43,41,8,1,0.530864,43,0,0,0,0,0,38,88,2,1,2,1,9,0,8,0,9,10,0,8,0,38,88,2,1,2,1,9,0,8,0,9,10,0,8,0,0,0,5,0,4,0,0,2,0,0,0,1,5,0,1,0,0,0,0,0,0
212,L11920,SelectorResolutionResult,org.junit.platform.engine.SelectorResolutionResult,L28055,L103,C:\Users\domco\Desktop\DP\repos\junit5\junit-platform-engine\src\main\java\org\junit\platform\engine\SelectorResolutionResult.java,29,1,125,2,0.0,0,0,0,0.0,0.0,0,0,3,0,0,7,2,7,10,3,10,0.857143,0.521127,37,35,6,1,0.571429,52,0,0,0,0,0,34,76,4,2,4,2,7,0,6,0,7,8,0,6,0,39,97,7,2,7,2,7,3,6,0,7,8,3,6,0,0,0,12,0,3,0,0,2,1,0,0,1,5,0,0,0,0,0,0,6,0
213,L10388,TestExecutionResult,org.junit.platform.engine.TestExecutionResult,L28055,L103,C:\Users\domco\Desktop\DP\repos\junit5\junit-platform-engine\src\main\java\org\junit\platform\engine\TestExecutionResult.java,33,1,132,2,0.0,0,0,0,0.0,0.0,0,0,2,0,0,7,3,66,71,4,11,0.857143,0.573333,43,41,6,1,0.606383,57,0,0,0,0,0,32,80,3,2,3,2,7,0,6,0,7,8,0,6,0,37,100,6,2,6,2,7,3,6,0,7,8,3,6,0,0,0,12,0,3,0,0,2,1,0,0,1,5,0,0,0,0,0,0,6,0
214,L9382,TestTag,org.junit.platform.engine.TestTag,L28055,L103,C:\Users\domco\Desktop\DP\repos\junit5\junit-platform-engine\src\main\java\org\junit\platform\engine\TestTag.java,35,1,153,2,0.0,0,0,0,0.0,0.0,0,0,1,1,1,13,3,27,17,3,11,0.571429,0.598291,70,67,4,3,0.598291,70,0,0,0,0,0,47,119,3,1,3,1,8,1,6,0,8,15,1,6,0,47,119,3,1,3,1,8,1,6,0,8,15,1,6,0,0,0,15,0,1,1,0,0,0,0,0,0,11,0,0,0,0,0,0,4,0
215,L664,UniqueId,org.junit.platform.engine.UniqueId,L28055,L103,C:\Users\domco\Desktop\DP\repos\junit5\junit-platform-engine\src\main\java\org\junit\platform\engine\UniqueId.java,36,1,338,2,0.160514,2,6,2,0.0792079,0.158273,24,22,3,2,2,25,4,135,221,7,24,0.857143,0.547945,120,105,12,2,0.5,139,0,0,0,0,0,99,238,6,4,6,4,17,0,13,0,17,43,0,13,0,139,303,9,6,9,6,23,0,18,0,23,57,0,18,0,0,0,40,0,10,0,21,5,1,0,0,1,16,0,4,0,0,0,0,2,0
216,L31993,UniqueIdFormat,org.junit.platform.engine.UniqueIdFormat,L28055,L103,C:\Users\domco\Desktop\DP\repos\junit5\junit-platform-engine\src\main\java\org\junit\platform\engine\UniqueIdFormat.java,38,1,162,2,0.0,0,0,0,0.0,0.0,0,0,2,2,2,17,4,6,11,8,20,1.0,0.175439,20,15,1,0,0.175439,20,0,0,0,0,0,94,125,8,1,8,1,12,0,0,0,12,48,0,0,0,94,125,8,1,8,1,12,0,0,0,12,48,0,0,0,0,0,24,0,9,0,0,9,1,0,0,0,22,0,0,0,0,0,0,1,0
217,L32125,FilterCompositionTests,org.junit.platform.engine.FilterCompositionTests,L28055,L103,C:\Users\domco\Desktop\DP\repos\junit5\platform-tests\src\test\java\org\junit\platform\engine\FilterCompositionTests.java,31,1,74,2,0.0,0,0,0,0.0,0.0,0,0,4,0,0,4,6,0,0,10,14,1.0,0.170732,7,7,1,0,0.170732,7,0,0,0,0,0,34,44,0,0,0,0,4,0,0,0,4,20,0,0,0,34,44,0,0,0,0,4,0,0,0,4,20,0,0,0,0,0,11,0,18,14,0,4,1,0,0,0,10,0,0,0,0,0,0,0,0
218,L32150,TestDescriptorTests,org.junit.platform.engine.TestDescriptorTests,L28055,L103,C:\Users\domco\Desktop\DP\repos\junit5\platform-tests\src\test\java\org\junit\platform\engine\TestDescriptorTests.java,22,1,38,2,0.0,0,0,0,0.0,0.0,0,0,2,0,0,2,5,0,0,6,8,1.0,0.1875,3,3,1,0,0.1875,3,0,0,0,0,0,13,17,0,0,0,0,2,0,0,0,2,5,0,0,0,13,17,0,0,0,0,2,0,0,0,2,5,0,0,0,0,0,7,1,4,2,0,2,1,0,0,0,6,0,1,0,0,0,0,0,0
219,L32155,TestTagTests,org.junit.platform.engine.TestTagTests,L28055,L103,C:\Users\domco\Desktop\DP\repos\junit5\platform-tests\src\test\java\org\junit\platform\engine\TestTagTests.java,29,1,106,2,0.0,0,0,0,0.0,0.0,0,0,7,0,0,8,4,0,0,12,20,1.0,0.17284,14,5,1,0,0.17284,14,0,0,0,0,0,67,78,0,0,0,0,8,0,0,0,8,22,0,0,0,67,78,0,0,0,0,8,0,0,0,8,22,0,0,0,0,0,17,2,16,11,0,5,1,0,0,0,16,0,2,0,0,0,0,0,0
220,L32173,UniqueIdFormatTests,org.junit.platform.engine.UniqueIdFormatTests,L28055,L103,C:\Users\domco\Desktop\DP\repos\junit5\platform-tests\src\test\java\org\junit\platform\engine\UniqueIdFormatTests.java,25,1,141,2,0.0,0,0,0,0.0,0.0,0,0,1,0,0,1,2,1,2,3,4,1.0,0.4,4,4,1,0,0.0444444,4,0,0,0,0,0,6,14,0,0,0,0,1,0,0,0,1,2,0,0,0,86,117,4,9,4,9,16,0,12,0,22,28,0,18,0,0,0,46,0,9,6,0,3,0,0,0,0,45,0,0,0,0,0,0,1,0
221,L32217,UniqueIdTests,org.junit.platform.engine.UniqueIdTests,L28055,L103,C:\Users\domco\Desktop\DP\repos\junit5\platform-tests\src\test\java\org\junit\platform\engine\UniqueIdTests.java,35,1,291,2,0.0,0,0,0,0.0,0.0,0,0,1,0,0,1,2,2,6,3,4,1.0,0.461538,6,6,1,0,0.0292683,6,0,0,0,0,0,7,15,1,0,1,0,1,0,0,0,1,2,0,0,0,199,257,2,0,2,0,26,0,0,0,26,103,0,0,0,0,0,73,9,44,22,0,25,5,0,0,1,68,0,5,0,0,0,0,0,0
222,L27628,TestDescriptorStub,org.junit.platform.fakes.TestDescriptorStub,L32267,L103,C:\Users\domco\Desktop\DP\repos\junit5\junit-platform-engine\src\testFixtures\java\org\junit\platform\fakes\TestDescriptorStub.java,19,1,30,2,0.0,0,0,0,0.0,0.0,0,0,0,0,0,3,3,25,32,2,4,0.333333,0.25,3,3,1,2,0.25,3,2,2,7,7,1,9,12,5,9,0,1,2,0,2,0,27,2,0,25,1,9,12,5,9,0,1,2,0,2,0,27,2,0,25,1,0,0,5,0,0,0,0,0,0,0,0,0,5,0,0,0,0,0,0,0,0
223,L32276,TestEngineSpy,org.junit.platform.fakes.TestEngineSpy,L32267,L103,C:\Users\domco\Desktop\DP\repos\junit5\junit-platform-engine\src\testFixtures\java\org\junit\platform\fakes\TestEngineSpy.java,22,1,52,2,0.0,0,0,0,0.0,0.0,0,0,2,0,0,3,7,3,3,4,7,0.25,0.111111,3,3,1,3,0.111111,3,1,1,2,2,1,24,31,4,4,4,1,3,4,3,0,6,9,4,6,0,24,31,4,4,4,1,3,4,3,0,6,9,4,6,0,0,0,14,0,0,0,0,0,1,0,0,0,9,0,0,0,0,0,0,4,0
224,L32295,TestEngineStub,org.junit.platform.fakes.TestEngineStub,L32267,L103,C:\Users\domco\Desktop\DP\repos\junit5\junit-platform-engine\src\testFixtures\java\org\junit\platform\fakes\TestEngineStub.java,22,1,48,2,0.0,0,0,0,0.0,0.0,0,0,2,0,0,5,6,20,11,2,7,0.166667,0.130435,3,3,1,5,0.130435,3,1,1,13,13,1,20,27,1,4,1,1,5,0,5,0,8,4,0,8,0,20,27,1,4,1,1,5,0,5,0,8,4,0,8,0,0,0,15,0,1,0,0,0,1,0,0,0,13,1,0,1,0,0,0,0,0
225,L33244,EngineDiscoveryResult,org.junit.platform.launcher.EngineDiscoveryResult,L32312,L103,C:\Users\domco\Desktop\DP\repos\junit5\junit-platform-launcher\src\main\java\org\junit\platform\launcher\EngineDiscoveryResult.java,29,1,110,2,0.0,0,0,0,0.0,0.0,0,0,2,0,0,6,2,6,3,3,9,0.833333,0.546875,35,33,5,1,0.576923,45,0,0,0,0,0,29,69,3,2,3,2,6,0,5,0,6,7,0,5,0,33,82,5,2,5,2,6,2,5,0,6,7,2,5,0,0,0,12,0,3,0,0,2,1,0,0,1,5,0,0,0,0,0,0,6,0
226,L27538,EngineFilter,org.junit.platform.launcher.EngineFilter,L32312,L103,C:\Users\domco\Desktop\DP\repos\junit5\junit-platform-launcher\src\main\java\org\junit\platform\launcher\EngineFilter.java,41,1,162,2,0.0,0,0,0,0.0,0.0,0,0,1,1,1,9,5,12,14,5,13,0.714286,0.565217,65,59,5,2,0.528455,65,1,1,0,0,1,50,109,2,0,2,0,8,0,6,0,12,15,0,10,0,58,122,5,0,5,0,9,2,6,0,13,16,2,10,0,0,0,20,0,4,0,0,3,0,0,0,1,14,0,0,0,0,0,0,6,0
227,L33809,LauncherConstants,org.junit.platform.launcher.LauncherConstants,L32312,L103,C:\Users\domco\Desktop\DP\repos\junit5\junit-platform-launcher\src\main\java\org\junit\platform\launcher\LauncherConstants.java,24,1,96,2,0.0,0,0,0,0.0,0.0,0,0,0,0,0,1,0,4,0,0,1,1.0,0.84507,60,59,1,0,0.84507,60,0,0,0,0,0,11,73,6,0,6,0,1,6,0,0,1,0,6,0,0,11,73,6,0,6,0,1,6,0,0,1,0,6,0,0,0,0,5,0,1,0,0,0,0,0,0,1,0,0,0,0,0,0,0,5,0
228,L11886,LauncherDiscoveryListener,org.junit.platform.launcher.LauncherDiscoveryListener,L32312,L103,C:\Users\domco\Desktop\DP\repos\junit5\junit-platform-launcher\src\main\java\org\junit\platform\launcher\LauncherDiscoveryListener.java,40,1,70,2,0.0,0,0,0,0.0,0.0,0,0,2,0,0,2,3,14,1,0,2,1.0,0.8125,39,39,3,0,0.8125,39,1,1,4,4,1,9,31,2,0,1,0,2,1,2,0,3,0,2,3,0,9,31,2,0,1,0,2,1,2,0,6,0,2,6,0,0,0,10,2,2,0,0,2,1,0,0,0,3,2,0,0,0,0,0,6,0
229,L34926,TagFilter,org.junit.platform.launcher.TagFilter,L32312,L103,C:\Users\domco\Desktop\DP\repos\junit5\junit-platform-launcher\src\main\java\org\junit\platform\launcher\TagFilter.java,48,1,151,2,0.0,0,0,0,0.0,0.0,0,0,2,0,0,8,6,5,21,5,13,1.0,0.688073,75,74,5,0,0.688073,75,0,0,0,0,0,34,104,0,0,0,0,8,0,4,0,8,11,0,4,0,34,104,0,0,0,0,8,0,4,0,8,11,0,4,0,0,0,7,0,0,0,0,0,1,0,0,0,6,0,0,0,0,0,0,0,0
230,L18005,TestIdentifier,org.junit.platform.launcher.TestIdentifier,L32312,L103,C:\Users\domco\Desktop\DP\repos\junit5\junit-platform-launcher\src\main\java\org\junit\platform\launcher\TestIdentifier.java,38,1,219,2,0.0,0,0,0,0.0,0.0,0,0,1,1,1,15,7,48,56,14,28,0.785714,0.5,86,84,11,3,0.5,86,0,0,0,0,0,86,182,8,7,8,7,14,0,13,0,14,32,0,13,0,86,182,8,7,8,7,14,0,13,0,14,32,0,13,0,0,0,14,0,1,0,0,0,0,0,0,1,11,0,0,0,0,0,0,3,0
231,L1983,TestPlan,org.junit.platform.launcher.TestPlan,L32312,L103,C:\Users\domco\Desktop\DP\repos\junit5\junit-platform-launcher\src\main\java\org\junit\platform\launcher\TestPlan.java,57,1,222,2,0.0,0,0,0,0.0,0.0,0,0,2,1,1,14,5,35,83,5,16,1.0,0.583815,101,101,11,0,0.583815,101,0,0,1,1,0,72,166,4,6,4,6,11,0,10,0,11,33,0,10,0,72,166,4,6,4,6,11,0,10,0,11,33,0,10,0,0,0,4,0,1,0,0,0,1,0,0,0,2,0,1,0,0,0,0,1,0
232,L33509,DiscoveryFilterStub<T extends Object>,org.junit.platform.launcher.DiscoveryFilterStub,L32312,L103,C:\Users\domco\Desktop\DP\repos\junit5\platform-tests\src\test\java\org\junit\platform\launcher\DiscoveryFilterStub.java,22,1,32,2,0.0,0,0,0,0.0,0.0,0,0,0,0,0,2,3,1,1,2,4,0.333333,0.272727,3,3,1,2,0.272727,3,2,3,0,0,2,8,11,2,0,0,0,2,0,2,0,10,2,0,10,0,8,11,2,0,0,0,2,0,2,0,10,2,0,10,0,0,0,6,0,0,0,0,0,0,0,0,0,5,0,0,1,0,0,0,0,0
233,L32143,FilterStub<T extends Object>,org.junit.platform.launcher.FilterStub,L32312,L103,C:\Users\domco\Desktop\DP\repos\junit5\platform-tests\src\test\java\org\junit\platform\launcher\FilterStub.java,22,1,46,2,0.0,0,0,0,0.0,0.0,0,0,1,0,0,4,2,3,5,0,4,0.2,0.136364,3,3,1,4,0.136364,3,1,1,2,2,1,19,25,2,0,2,0,4,0,4,0,8,5,0,8,0,19,25,2,0,2,0,4,0,4,0,8,5,0,8,0,0,0,11,0,1,0,0,0,0,0,0,0,11,0,1,0,0,0,0,0,0
234,L33319,PostDiscoveryFilterStub,org.junit.platform.launcher.PostDiscoveryFilterStub,L32312,L103,C:\Users\domco\Desktop\DP\repos\junit5\platform-tests\src\test\java\org\junit\platform\launcher\PostDiscoveryFilterStub.java,22,1,32,2,0.0,0,0,0,0.0,0.0,0,0,0,0,0,2,4,2,2,2,4,0.333333,0.272727,3,3,1,2,0.272727,3,2,3,0,0,2,8,11,2,0,0,0,2,0,2,0,10,2,0,10,0,8,11,2,0,0,0,2,0,2,0,10,2,0,10,0,0,0,6,0,0,0,0,0,0,0,0,0,5,0,0,1,0,0,0,0,0
235,L35107,TagFilterTests,org.junit.platform.launcher.TagFilterTests,L32312,L103,C:\Users\domco\Desktop\DP\repos\junit5\platform-tests\src\test\java\org\junit\platform\launcher\TagFilterTests.java,39,1,211,2,0.278481,1,2,2,0.138728,0.147059,24,20,8,0,0,15,10,0,0,10,25,1.0,0.107438,13,9,1,0,0.0993377,15,0,0,0,0,0,108,145,6,0,6,0,15,0,0,0,15,44,0,0,0,136,173,6,0,6,0,15,0,0,0,15,44,0,0,0,0,0,70,5,42,34,15,12,1,0,0,0,53,0,1,0,0,0,0,1,0
236,L35180,TagIntegrationTests,org.junit.platform.launcher.TagIntegrationTests,L32312,L103,C:\Users\domco\Desktop\DP\repos\junit5\platform-tests\src\test\java\org\junit\platform\launcher\TagIntegrationTests.java,30,1,123,2,0.290598,1,2,2,0.212766,0.236842,20,18,2,0,0,6,13,0,0,10,16,0.0,0.0566038,3,0,0,1,0.0379747,3,0,0,0,0,0,50,62,0,0,0,0,6,0,0,0,6,26,0,0,0,76,94,4,0,4,0,10,0,0,0,10,30,0,0,0,0,0,42,4,37,24,15,13,2,0,1,0,24,0,0,0,0,4,0,0,0
237,L35208,TestIdentifierTests,org.junit.platform.launcher.TestIdentifierTests,L32312,L103,C:\Users\domco\Desktop\DP\repos\junit5\platform-tests\src\test\java\org\junit\platform\launcher\TestIdentifierTests.java,30,1,73,2,0.0,0,0,0,0.0,0.0,0,0,3,0,0,3,10,0,0,20,23,1.0,0.097561,4,3,1,0,0.097561,4,0,0,0,0,0,37,44,0,0,0,0,3,0,0,0,3,24,0,0,0,37,44,0,0,0,0,3,0,0,0,3,24,0,0,0,0,0,10,3,21,18,0,3,1,0,1,1,8,0,2,0,0,0,0,0,0
238,L35218,TestPlanTests,org.junit.platform.launcher.TestPlanTests,L32312,L103,C:\Users\domco\Desktop\DP\repos\junit5\platform-tests\src\test\java\org\junit\platform\launcher\TestPlanTests.java,21,1,74,2,0.602151,1,2,2,0.518519,0.55814,28,24,1,0,0,3,5,0,0,6,9,0.0,0.0,0,0,0,1,0.0,0,0,0,0,0,0,27,37,1,0,1,0,3,0,0,0,3,9,0,0,0,43,54,6,27,1,3,7,0,4,0,81,13,0,72,3,0,0,64,0,4,0,37,3,0,0,0,1,26,0,0,0,0,0,0,1,0
239,L833,JUnitPlatform,org.junit.platform.runner.JUnitPlatform,L35824,L103,C:\Users\domco\Desktop\DP\repos\junit5\junit-platform-runner\src\main\java\org\junit\platform\runner\JUnitPlatform.java,109,1,323,2,0.0,0,0,0,0.0,0.0,0,0,1,1,1,45,24,14,12,21,52,0.2,0.225806,49,46,1,4,0.225806,49,0,0,0,0,0,168,215,6,13,6,13,31,0,4,0,31,76,0,4,0,168,215,6,13,6,13,31,0,4,0,31,76,0,4,0,0,0,70,0,2,1,0,1,0,0,1,0,65,0,0,0,0,0,0,4,0
240,L35870,JUnitPlatformRunnerListener,org.junit.platform.runner.JUnitPlatformRunnerListener,L35824,L103,C:\Users\domco\Desktop\DP\repos\junit5\junit-platform-runner\src\main\java\org\junit\platform\runner\JUnitPlatformRunnerListener.java,28,1,95,2,0.0,0,0,0,0.0,0.0,0,0,2,2,1,14,6,1,1,7,16,0.166667,0.05,3,3,1,5,0.05,3,1,1,0,0,1,57,68,2,0,2,0,9,0,5,0,11,23,0,7,0,57,68,2,0,2,0,9,0,5,0,11,23,0,7,0,0,0,22,1,0,1,0,0,1,0,0,0,21,0,0,0,0,0,0,0,0
241,L35846,JUnitPlatformTestTree,org.junit.platform.runner.JUnitPlatformTestTree,L35824,L103,C:\Users\domco\Desktop\DP\repos\junit5\junit-platform-runner\src\main\java\org\junit\platform\runner\JUnitPlatformTestTree.java,40,1,166,2,0.0,0,0,0,0.0,0.0,0,0,1,4,3,24,9,2,7,14,31,0.5,0.0925926,10,3,1,1,0.0925926,10,0,0,0,0,0,98,127,4,7,4,7,17,0,1,0,17,42,0,1,0,98,127,4,7,4,7,17,0,1,0,17,42,0,1,0,0,0,34,0,5,0,0,5,0,0,0,0,33,0,0,0,0,0,0,1,0
242,L36083,JUnitPlatformRunnerTests,org.junit.platform.runner.JUnitPlatformRunnerTests,L35824,L103,C:\Users\domco\Desktop\DP\repos\junit5\platform-tests\src\test\java\org\junit\platform\runner\JUnitPlatformRunnerTests.java,101,1,866,2,0.357072,7,16,16,0.355091,0.379249,272,212,4,0,0,4,7,3,26,4,8,1.0,0.214286,6,6,1,0,0.0210158,12,0,0,0,0,0,22,44,0,0,0,0,4,0,0,0,4,11,0,0,0,559,766,5,31,0,4,46,0,6,0,124,286,0,78,3,0,0,399,19,52,14,185,38,6,0,11,6,192,0,13,0,0,0,0,5,0
243,L37131,TestEngineTests$DefaultEngine,org.junit.platform.TestEngineTests$DefaultEngine,L37127,L103,C:\Users\domco\Desktop\DP\repos\junit5\platform-tests\src\test\java\org\junit\platform\TestEngineTests.java,43,2,59,3,0.0,0,0,0,0.0,0.0,0,0,2,0,0,3,5,1,0,0,3,0.0,0.0,0,0,0,4,0.0,0,1,1,0,0,1,14,17,0,4,0,1,3,0,3,0,6,3,0,6,0,14,17,0,4,0,1,3,0,3,0,6,3,0,6,0,0,0,10,0,0,0,0,0,1,0,0,0,9,0,0,0,0,0,0,0,0
244,L38077,JUnit4VersionCheck,org.junit.vintage.engine.JUnit4VersionCheck,L37143,L103,C:\Users\domco\Desktop\DP\repos\junit5\junit-vintage-engine\src\main\java\org\junit\vintage\engine\JUnit4VersionCheck.java,26,1,67,2,0.0,0,0,0,0.0,0.0,0,0,2,2,2,8,2,1,1,3,7,1.0,0.0769231,3,3,1,0,0.0769231,3,0,0,0,0,0,36,42,2,0,2,0,4,0,0,0,4,15,0,0,0,36,42,2,0,2,0,4,0,0,0,4,15,0,0,0,0,0,11,2,2,0,0,2,1,0,0,1,10,0,1,0,0,0,0,0,0
245,L38184,VintageTestEngine,org.junit.vintage.engine.VintageTestEngine,L37143,L103,C:\Users\domco\Desktop\DP\repos\junit5\junit-vintage-engine\src\main\java\org\junit\vintage\engine\VintageTestEngine.java,36,1,86,2,0.0,0,0,0,0.0,0.0,0,0,2,0,0,6,12,3,4,10,16,0.5,0.265306,13,11,3,3,0.265306,13,1,1,0,0,1,36,51,0,4,0,3,6,0,5,0,7,12,0,6,0,36,51,0,4,0,3,6,0,5,0,7,12,0,6,0,0,0,9,1,0,1,0,0,1,0,1,0,7,0,0,0,0,0,0,0,0
246,L38207,JUnit4ParameterizedTests,org.junit.vintage.engine.JUnit4ParameterizedTests,L37143,L103,C:\Users\domco\Desktop\DP\repos\junit5\junit-vintage-engine\src\test\java\org\junit\vintage\engine\JUnit4ParameterizedTests.java,37,1,83,2,0.0,0,0,0,0.0,0.0,0,0,1,0,0,3,12,1,0,11,14,1.0,0.16129,5,3,1,0,0.128205,5,0,0,0,0,0,26,38,1,0,1,0,3,0,0,0,3,10,0,0,0,34,47,1,0,1,0,4,0,1,0,10,12,0,7,0,0,0,14,0,4,2,0,2,0,0,1,0,13,0,0,0,0,0,0,0,0
247,L38236,JUnit4VersionCheckTests,org.junit.vintage.engine.JUnit4VersionCheckTests,L37143,L103,C:\Users\domco\Desktop\DP\repos\junit5\junit-vintage-engine\src\test\java\org\junit\vintage\engine\JUnit4VersionCheckTests.java,23,1,54,2,0.0,0,0,0,0.0,0.0,0,0,3,0,0,3,3,0,0,3,6,1.0,0.115385,3,3,1,0,0.115385,3,0,0,0,0,0,23,32,0,0,0,0,3,0,0,0,3,8,0,0,0,23,32,0,0,0,0,3,0,0,0,3,8,0,0,0,0,0,9,0,10,7,0,3,1,0,0,0,8,0,0,0,0,0,0,0,0
248,L38652,VintageLauncherIntegrationTests,org.junit.vintage.engine.VintageLauncherIntegrationTests,L37143,L103,C:\Users\domco\Desktop\DP\repos\junit5\junit-vintage-engine\src\test\java\org\junit\vintage\engine\VintageLauncherIntegrationTests.java,56,1,264,2,0.568202,4,10,10,0.502392,0.517442,105,89,1,0,0,14,31,0,0,16,30,1.0,0.192308,40,3,1,0,0.188679,40,0,0,0,0,0,168,205,0,0,0,0,14,0,0,0,14,82,0,0,0,172,209,0,0,0,0,15,0,1,0,21,83,0,7,0,0,0,90,1,22,11,52,11,0,0,3,0,35,0,1,0,0,0,0,0,0
249,L38696,VintageTestEngineBasicTests,org.junit.vintage.engine.VintageTestEngineBasicTests,L37143,L103,C:\Users\domco\Desktop\DP\repos\junit5\junit-vintage-engine\src\test\java\org\junit\vintage\engine\VintageTestEngineBasicTests.java,23,1,47,2,0.0,0,0,0,0.0,0.0,0,0,1,0,0,4,4,0,0,5,9,1.0,0.24,6,6,1,0,0.24,6,0,0,0,0,0,19,25,1,0,1,0,4,0,0,0,4,4,0,0,0,19,25,1,0,1,0,4,0,0,0,4,4,0,0,0,0,0,10,0,9,4,0,5,0,0,0,0,10,0,0,0,0,0,0,0,0
250,L38710,VintageTestEngineDiscoveryTests,org.junit.vintage.engine.VintageTestEngineDiscoveryTests,L37143,L103,C:\Users\domco\Desktop\DP\repos\junit5\junit-vintage-engine\src\test\java\org\junit\vintage\engine\VintageTestEngineDiscoveryTests.java,79,1,803,2,0.307302,8,19,19,0.308966,0.316176,224,172,1,1,1,49,41,0,0,44,93,1.0,0.0668954,39,3,1,0,0.0668954,39,0,0,0,0,0,544,725,1,1,1,1,49,0,0,0,49,310,0,0,0,544,725,1,1,1,1,49,0,0,0,49,310,0,0,0,0,0,215,31,100,63,102,37,0,0,13,27,98,0,4,0,0,0,0,2,1.0
251,L38840,VintageTestEngineExecutionTests,org.junit.vintage.engine.VintageTestEngineExecutionTests,L37143,L103,C:\Users\domco\Desktop\DP\repos\junit5\junit-vintage-engine\src\test\java\org\junit\vintage\engine\VintageTestEngineExecutionTests.java,92,1,773,2,0.097916,2,4,4,0.0821114,0.0893471,56,52,1,0,0,37,56,0,0,35,72,1.0,0.341722,258,3,1,0,0.307143,258,0,0,0,0,0,497,576,0,0,0,0,37,0,0,0,37,92,0,0,0,582,682,3,3,3,3,51,0,14,0,51,113,0,14,0,0,0,111,42,35,32,28,33,1,0,18,0,62,2,10,0,0,0,0,2,1.0
252,L38986,VintageTestEngineTestSuite,org.junit.vintage.engine.VintageTestEngineTestSuite,L37143,L103,C:\Users\domco\Desktop\DP\repos\junit5\junit-vintage-engine\src\test\java\org\junit\vintage\engine\VintageTestEngineTestSuite.java,34,1,39,2,0.0,0,0,0,0.0,0.0,0,0,0,0,0,0,4,0,0,0,0,1.0,0.714286,15,15,1,0,0.714286,15,0,0,0,0,0,6,6,0,0,0,0,0,0,0,0,0,0,0,0,0,6,6,0,0,0,0,0,0,0,0,0,0,0,0,0,0,0,0,0,0,0,0,0,0,0,0,0,0,0,0,0,0,0,0,0,0
253,L38989,VintageUniqueIdBuilder,org.junit.vintage.engine.VintageUniqueIdBuilder,L37143,L103,C:\Users\domco\Desktop\DP\repos\junit5\junit-vintage-engine\src\test\java\org\junit\vintage\engine\VintageUniqueIdBuilder.java,23,1,69,2,0.0,0,0,0,0.0,0.0,0,0,1,1,1,10,2,5,33,2,11,0.111111,0.159091,7,7,1,8,0.159091,7,0,0,0,0,0,37,47,0,0,0,0,9,0,8,0,9,13,0,8,0,37,47,0,0,0,0,9,0,8,0,9,13,0,8,0,0,0,21,0,0,0,0,0,0,0,0,0,21,0,0,0,0,0,0,0,0
254,L5291,AbstractRepeatableAnnotationCondition<A extends Annotation>,org.junit.jupiter.api.condition.AbstractRepeatableAnnotationCondition,L5229,L103,C:\Users\domco\Desktop\DP\repos\junit5\junit-jupiter-api\src\main\java\org\junit\jupiter\api\condition\AbstractRepeatableAnnotationCondition.java,34,1,72,2,0.0,0,0,0,0.0,0.0,0,0,2,1,1,6,6,4,4,4,9,0.5,0.257143,9,7,1,1,0.257143,9,2,2,4,9,1,26,39,2,1,2,1,5,0,1,0,5,7,0,1,0,26,39,2,1,2,1,5,0,1,0,5,7,0,1,0,0,0,12,0,1,0,0,0,1,0,0,0,11,0,1,0,0,0,0,0,0
255,L5343,DisabledForJreRangeCondition,org.junit.jupiter.api.condition.DisabledForJreRangeCondition,L5229,L103,C:\Users\domco\Desktop\DP\repos\junit5\junit-jupiter-api\src\main\java\org\junit\jupiter\api\condition\DisabledForJreRangeCondition.java,29,1,48,2,0.758621,1,1,1,0.7,0.666667,14,6,1,0,0,1,5,2,0,3,4,0.5,0.4375,7,6,1,1,0.4375,7,2,2,0,0,1,9,20,1,0,1,0,1,0,1,0,1,1,0,1,0,9,20,1,0,1,0,1,0,1,0,1,1,0,1,0,0,0,13,0,0,0,10,0,0,0,0,0,3,0,0,0,0,0,0,0,0
256,L5374,DisabledIfEnvironmentVariableCondition,org.junit.jupiter.api.condition.DisabledIfEnvironmentVariableCondition,L5229,L103,C:\Users\domco\Desktop\DP\repos\junit5\junit-jupiter-api\src\main\java\org\junit\jupiter\api\condition\DisabledIfEnvironmentVariableCondition.java,27,1,75,2,0.696429,1,3,1,0.428571,0.53125,21,17,1,1,1,6,4,4,1,6,10,1.0,0.319149,15,13,1,0,0.319149,15,3,3,2,2,1,32,49,3,2,1,2,4,0,0,0,7,13,0,1,0,32,49,3,2,1,2,4,0,0,0,7,13,0,1,0,0,0,18,0,1,0,12,1,0,0,0,0,6,0,0,0,0,0,0,0,0
257,L5416,DisabledIfSystemPropertyCondition,org.junit.jupiter.api.condition.DisabledIfSystemPropertyCondition,L5229,L103,C:\Users\domco\Desktop\DP\repos\junit5\junit-jupiter-api\src\main\java\org\junit\jupiter\api\condition\DisabledIfSystemPropertyCondition.java,27,1,63,2,0.761905,1,3,1,0.567568,0.607143,21,17,1,1,1,5,4,2,1,6,9,1.0,0.222222,8,6,1,0,0.222222,8,3,3,0,0,1,28,37,3,1,1,1,3,0,0,0,6,12,0,1,0,28,37,3,1,1,1,3,0,0,0,6,12,0,1,0,0,0,20,0,1,0,12,1,0,0,0,0,8,0,0,0,0,0,0,0,0
258,L5436,DisabledOnJreCondition,org.junit.jupiter.api.condition.DisabledOnJreCondition,L5229,L103,C:\Users\domco\Desktop\DP\repos\junit5\junit-jupiter-api\src\main\java\org\junit\jupiter\api\condition\DisabledOnJreCondition.java,32,1,48,2,0.897059,1,3,1,0.647059,0.785714,11,11,1,1,1,3,8,2,0,5,6,0.5,0.3,6,6,1,1,0.3,6,2,2,0,0,1,14,17,1,0,1,0,1,0,1,0,1,6,0,1,0,14,17,1,0,1,0,1,0,1,0,1,6,0,1,0,0,0,14,0,0,0,11,0,0,0,0,0,3,0,0,0,0,0,0,0,0
259,L5461,DisabledOnOsCondition,org.junit.jupiter.api.condition.DisabledOnOsCondition,L5229,L103,C:\Users\domco\Desktop\DP\repos\junit5\junit-jupiter-api\src\main\java\org\junit\jupiter\api\condition\DisabledOnOsCondition.java,32,1,48,2,0.897059,1,3,1,0.647059,0.785714,11,11,1,1,1,3,8,2,0,5,6,0.5,0.3,6,6,1,1,0.3,6,2,2,0,0,1,14,17,1,0,1,0,1,0,1,0,1,6,0,1,0,14,17,1,0,1,0,1,0,1,0,1,6,0,1,0,0,0,14,0,0,0,11,0,0,0,0,0,3,0,0,0,0,0,0,0,0
260,L5485,EnabledForJreRangeCondition,org.junit.jupiter.api.condition.EnabledForJreRangeCondition,L5229,L103,C:\Users\domco\Desktop\DP\repos\junit5\junit-jupiter-api\src\main\java\org\junit\jupiter\api\condition\EnabledForJreRangeCondition.java,29,1,48,2,0.758621,1,1,1,0.7,0.666667,14,6,1,0,0,1,5,2,0,3,4,0.5,0.4375,7,6,1,1,0.4375,7,2,2,0,0,1,9,20,1,0,1,0,1,0,1,0,1,1,0,1,0,9,20,1,0,1,0,1,0,1,0,1,1,0,1,0,0,0,13,0,0,0,10,0,0,0,0,0,3,0,0,0,0,0,0,0,0
261,L5502,EnabledIfEnvironmentVariableCondition,org.junit.jupiter.api.condition.EnabledIfEnvironmentVariableCondition,L5229,L103,C:\Users\domco\Desktop\DP\repos\junit5\junit-jupiter-api\src\main\java\org\junit\jupiter\api\condition\EnabledIfEnvironmentVariableCondition.java,27,1,74,2,0.696429,1,3,1,0.416667,0.53125,20,17,1,1,1,6,4,5,1,6,10,1.0,0.304348,14,13,1,0,0.304348,14,3,3,3,3,1,32,48,3,2,1,2,4,0,0,0,7,13,0,1,0,32,48,3,2,1,2,4,0,0,0,7,13,0,1,0,0,0,18,0,1,0,12,1,0,0,0,0,6,0,0,0,0,0,0,0,0
262,L5537,EnabledIfSystemPropertyCondition,org.junit.jupiter.api.condition.EnabledIfSystemPropertyCondition,L5229,L103,C:\Users\domco\Desktop\DP\repos\junit5\junit-jupiter-api\src\main\java\org\junit\jupiter\api\condition\EnabledIfSystemPropertyCondition.java,27,1,62,2,0.761905,1,3,1,0.555556,0.607143,20,17,1,1,1,5,4,2,1,6,9,1.0,0.2,7,6,1,0,0.2,7,3,3,0,0,1,28,36,3,1,1,1,3,0,0,0,6,12,0,1,0,28,36,3,1,1,1,3,0,0,0,6,12,0,1,0,0,0,20,0,1,0,12,1,0,0,0,0,8,0,0,0,0,0,0,0,0
263,L5557,EnabledOnJreCondition,org.junit.jupiter.api.condition.EnabledOnJreCondition,L5229,L103,C:\Users\domco\Desktop\DP\repos\junit5\junit-jupiter-api\src\main\java\org\junit\jupiter\api\condition\EnabledOnJreCondition.java,31,1,53,2,0.677778,1,3,1,0.478261,0.611111,11,11,1,1,1,3,7,3,0,6,7,0.5,0.307692,8,6,1,1,0.307692,8,2,2,0,0,1,18,23,3,0,3,0,1,0,1,0,1,6,0,1,0,18,23,3,0,3,0,1,0,1,0,1,6,0,1,0,0,0,14,0,2,0,11,2,0,0,0,0,3,0,0,0,0,0,0,0,0
264,L5573,EnabledOnOsCondition,org.junit.jupiter.api.condition.EnabledOnOsCondition,L5229,L103,C:\Users\domco\Desktop\DP\repos\junit5\junit-jupiter-api\src\main\java\org\junit\jupiter\api\condition\EnabledOnOsCondition.java,31,1,53,2,0.677778,1,3,1,0.478261,0.611111,11,11,1,1,1,3,7,3,0,6,7,0.5,0.307692,8,6,1,1,0.307692,8,2,2,0,0,1,18,23,3,0,3,0,1,0,1,0,1,6,0,1,0,18,23,3,0,3,0,1,0,1,0,1,6,0,1,0,0,0,14,0,2,0,11,2,0,0,0,0,3,0,0,0,0,0,0,0,0
265,L5672,AbstractExecutionConditionTests,org.junit.jupiter.api.condition.AbstractExecutionConditionTests,L5229,L103,C:\Users\domco\Desktop\DP\repos\junit5\junit-jupiter-engine\src\test\java\org\junit\jupiter\api\condition\AbstractExecutionConditionTests.java,43,1,96,2,0.0,0,0,0,0.0,0.0,0,0,2,0,0,10,9,10,84,8,18,1.0,0.173913,8,6,1,0,0.173913,8,0,0,10,10,0,38,54,2,2,2,2,10,0,0,0,10,11,0,0,0,38,54,2,2,2,2,10,0,0,0,10,11,0,0,0,0,0,23,0,2,0,0,2,1,0,0,0,22,0,0,0,0,0,0,0,0
266,L5719,DisabledForJreRangeConditionTests,org.junit.jupiter.api.condition.DisabledForJreRangeConditionTests,L5229,L103,C:\Users\domco\Desktop\DP\repos\junit5\junit-jupiter-engine\src\test\java\org\junit\jupiter\api\condition\DisabledForJreRangeConditionTests.java,35,1,133,2,0.152466,1,2,1,0.10101,0.15873,10,10,2,1,1,30,7,0,0,12,23,1.0,0.350515,34,32,1,0,0.350515,34,1,1,0,0,1,63,99,2,2,0,2,11,0,0,0,19,23,0,0,0,63,99,2,2,0,2,11,0,0,0,19,23,0,0,0,0,0,17,0,9,1,10,8,1,0,0,0,6,0,0,0,0,0,0,0,0
267,L5728,DisabledForJreRangeIntegrationTests,org.junit.jupiter.api.condition.DisabledForJreRangeIntegrationTests,L5229,L103,C:\Users\domco\Desktop\DP\repos\junit5\junit-jupiter-engine\src\test\java\org\junit\jupiter\api\condition\DisabledForJreRangeIntegrationTests.java,39,1,90,2,0.0,0,0,0,0.0,0.0,0,0,8,0,0,30,6,1,0,11,19,1.0,0.104167,5,5,1,0,0.104167,5,0,0,0,0,0,43,52,0,0,0,0,8,0,0,0,8,8,0,0,0,43,52,0,0,0,0,8,0,0,0,8,8,0,0,0,0,0,19,1,17,9,0,8,1,0,0,0,18,1,0,0,0,0,0,0,0
268,L5783,DisabledIfEnvironmentVariableConditionTests,org.junit.jupiter.api.condition.DisabledIfEnvironmentVariableConditionTests,L5229,L103,C:\Users\domco\Desktop\DP\repos\junit5\junit-jupiter-engine\src\test\java\org\junit\jupiter\api\condition\DisabledIfEnvironmentVariableConditionTests.java,31,1,143,2,0.22,1,2,1,0.123894,0.169014,14,12,4,0,0,10,7,0,0,6,16,1.0,0.357143,35,35,1,0,0.330189,35,1,1,0,0,1,63,103,3,2,1,2,10,0,0,0,18,25,0,0,0,71,113,6,8,1,4,12,0,0,0,34,27,0,2,0,0,0,36,0,16,8,20,8,1,0,0,0,15,0,0,0,0,0,0,0,0
269,L5800,DisabledIfEnvironmentVariableIntegrationTests,org.junit.jupiter.api.condition.DisabledIfEnvironmentVariableIntegrationTests,L5229,L103,C:\Users\domco\Desktop\DP\repos\junit5\junit-jupiter-engine\src\test\java\org\junit\jupiter\api\condition\DisabledIfEnvironmentVariableIntegrationTests.java,30,1,93,2,0.0,0,0,0,0.0,0.0,0,0,2,0,0,8,5,3,0,3,11,1.0,0.169811,9,9,1,0,0.155172,9,0,0,0,0,0,44,59,4,0,4,0,8,0,0,0,8,5,0,0,0,49,64,4,0,4,0,8,0,0,0,8,5,0,0,0,0,0,22,3,16,4,0,12,1,0,0,0,21,3,0,0,0,0,0,0,0
270,L5845,DisabledIfSystemPropertyConditionTests,org.junit.jupiter.api.condition.DisabledIfSystemPropertyConditionTests,L5229,L103,C:\Users\domco\Desktop\DP\repos\junit5\junit-jupiter-engine\src\test\java\org\junit\jupiter\api\condition\DisabledIfSystemPropertyConditionTests.java,30,1,130,2,0.0,0,0,0,0.0,0.0,0,0,4,0,0,12,9,0,0,8,20,1.0,0.333333,32,32,1,0,0.333333,32,1,1,0,0,1,64,101,2,2,0,2,12,0,0,1,20,26,0,0,1,64,101,2,2,0,2,12,0,0,1,20,26,0,0,1,0,0,9,0,18,8,0,10,1,0,0,0,8,0,0,0,0,0,0,0,0
271,L5851,DisabledIfSystemPropertyIntegrationTests,org.junit.jupiter.api.condition.DisabledIfSystemPropertyIntegrationTests,L5229,L103,C:\Users\domco\Desktop\DP\repos\junit5\junit-jupiter-engine\src\test\java\org\junit\jupiter\api\condition\DisabledIfSystemPropertyIntegrationTests.java,32,1,107,2,0.0,0,0,0,0.0,0.0,0,0,2,0,0,10,7,1,2,3,13,1.0,0.0952381,6,5,1,0,0.0882353,6,0,0,0,0,0,57,71,4,0,4,0,10,0,0,1,10,11,0,0,1,62,76,4,0,4,0,10,0,0,1,10,11,0,0,1,0,0,24,2,11,2,0,10,1,0,0,0,23,0,1,0,0,0,0,0,0
272,L5899,DisabledOnJreConditionTests,org.junit.jupiter.api.condition.DisabledOnJreConditionTests,L5229,L103,C:\Users\domco\Desktop\DP\repos\junit5\junit-jupiter-engine\src\test\java\org\junit\jupiter\api\condition\DisabledOnJreConditionTests.java,36,1,169,2,0.141079,1,2,1,0.0746269,0.121951,10,10,2,1,1,23,8,0,0,13,28,1.0,0.349206,44,44,1,0,0.349206,44,1,1,0,0,1,82,134,2,2,0,2,15,0,0,0,23,32,0,0,0,82,134,2,2,0,2,15,0,0,0,23,32,0,0,0,0,0,15,0,14,2,8,12,1,0,0,0,6,0,0,0,0,0,0,0,0
273,L5905,DisabledOnJreIntegrationTests,org.junit.jupiter.api.condition.DisabledOnJreIntegrationTests,L5229,L103,C:\Users\domco\Desktop\DP\repos\junit5\junit-jupiter-engine\src\test\java\org\junit\jupiter\api\condition\DisabledOnJreIntegrationTests.java,42,1,116,2,0.0,0,0,0,0.0,0.0,0,0,12,0,0,19,6,1,0,11,23,1.0,0.0746269,5,5,1,0,0.0746269,5,0,0,0,0,0,62,75,0,0,0,0,12,0,0,0,12,10,0,0,0,62,75,0,0,0,0,12,0,0,0,12,10,0,0,0,0,0,27,2,23,11,0,12,1,0,0,0,26,2,0,0,0,0,0,0,0
274,L5949,DisabledOnOsConditionTests,org.junit.jupiter.api.condition.DisabledOnOsConditionTests,L5229,L103,C:\Users\domco\Desktop\DP\repos\junit5\junit-jupiter-engine\src\test\java\org\junit\jupiter\api\condition\DisabledOnOsConditionTests.java,32,1,137,2,0.178947,1,2,1,0.0943396,0.151515,10,10,2,1,1,16,8,0,0,9,21,1.0,0.346535,35,35,1,0,0.346535,35,1,1,0,0,1,66,106,2,2,0,2,12,0,0,0,20,26,0,0,0,66,106,2,2,0,2,12,0,0,0,20,26,0,0,0,0,0,17,0,11,2,10,9,1,0,0,0,6,0,0,0,0,0,0,0,0
275,L5955,DisabledOnOsIntegrationTests,org.junit.jupiter.api.condition.DisabledOnOsIntegrationTests,L5229,L103,C:\Users\domco\Desktop\DP\repos\junit5\junit-jupiter-engine\src\test\java\org\junit\jupiter\api\condition\DisabledOnOsIntegrationTests.java,39,1,102,2,0.0,0,0,0,0.0,0.0,0,0,9,0,0,12,7,1,0,7,16,1.0,0.0980392,5,5,1,0,0.105263,6,0,0,0,0,0,46,59,0,0,0,0,9,0,0,0,9,7,0,0,0,51,64,0,0,0,0,9,0,0,0,9,7,0,0,0,0,0,23,2,17,8,0,9,1,0,0,0,22,2,0,0,0,0,0,0,0
276,L6002,EnabledForJreRangeConditionTests,org.junit.jupiter.api.condition.EnabledForJreRangeConditionTests,L5229,L103,C:\Users\domco\Desktop\DP\repos\junit5\junit-jupiter-engine\src\test\java\org\junit\jupiter\api\condition\EnabledForJreRangeConditionTests.java,35,1,133,2,0.152466,1,2,1,0.10101,0.15873,10,10,2,1,1,30,7,0,0,12,23,1.0,0.350515,34,32,1,0,0.350515,34,1,1,0,0,1,63,99,2,2,0,2,11,0,0,0,19,23,0,0,0,63,99,2,2,0,2,11,0,0,0,19,23,0,0,0,0,0,17,0,9,1,10,8,1,0,0,0,6,0,0,0,0,0,0,0,0
277,L6008,EnabledForJreRangeIntegrationTests,org.junit.jupiter.api.condition.EnabledForJreRangeIntegrationTests,L5229,L103,C:\Users\domco\Desktop\DP\repos\junit5\junit-jupiter-engine\src\test\java\org\junit\jupiter\api\condition\EnabledForJreRangeIntegrationTests.java,39,1,94,2,0.0,0,0,0,0.0,0.0,0,0,8,0,0,31,6,1,0,11,19,1.0,0.0961538,5,5,1,0,0.0961538,5,0,0,0,0,0,47,56,0,0,0,0,8,0,0,0,8,11,0,0,0,47,56,0,0,0,0,8,0,0,0,8,11,0,0,0,0,0,19,1,23,15,0,8,1,0,0,0,18,1,0,0,0,0,0,0,0
278,L6040,EnabledIfEnvironmentVariableConditionTests,org.junit.jupiter.api.condition.EnabledIfEnvironmentVariableConditionTests,L5229,L103,C:\Users\domco\Desktop\DP\repos\junit5\junit-jupiter-engine\src\test\java\org\junit\jupiter\api\condition\EnabledIfEnvironmentVariableConditionTests.java,32,1,163,2,0.18107,1,2,1,0.113636,0.154762,15,13,4,0,0,11,7,0,0,6,17,1.0,0.345455,38,38,1,0,0.311475,38,1,1,0,0,1,72,117,3,2,1,2,11,0,0,0,19,29,0,0,0,84,132,6,11,1,5,14,0,0,0,43,32,0,3,0,0,0,42,1,18,9,20,9,1,0,0,0,21,0,1,0,0,0,0,0,0
279,L6057,EnabledIfEnvironmentVariableIntegrationTests,org.junit.jupiter.api.condition.EnabledIfEnvironmentVariableIntegrationTests,L5229,L103,C:\Users\domco\Desktop\DP\repos\junit5\junit-jupiter-engine\src\test\java\org\junit\jupiter\api\condition\EnabledIfEnvironmentVariableIntegrationTests.java,29,1,101,2,0.0,0,0,0,0.0,0.0,0,0,2,0,0,9,5,4,0,2,11,1.0,0.147541,9,9,1,0,0.136364,9,0,0,0,0,0,52,68,5,0,5,0,9,0,0,0,9,7,0,0,0,57,73,5,0,5,0,9,0,0,0,9,7,0,0,0,0,0,24,3,22,8,0,14,1,0,0,0,23,3,0,0,0,0,0,0,0
280,L6112,EnabledIfSystemPropertyConditionTests,org.junit.jupiter.api.condition.EnabledIfSystemPropertyConditionTests,L5229,L103,C:\Users\domco\Desktop\DP\repos\junit5\junit-jupiter-engine\src\test\java\org\junit\jupiter\api\condition\EnabledIfSystemPropertyConditionTests.java,30,1,137,2,0.0,0,0,0,0.0,0.0,0,0,4,0,0,13,9,0,0,8,21,1.0,0.313726,32,32,1,0,0.313726,32,1,1,0,0,1,70,108,2,2,0,2,13,0,0,1,21,29,0,0,1,70,108,2,2,0,2,13,0,0,1,21,29,0,0,1,0,0,11,1,20,9,0,11,1,0,0,0,10,0,1,0,0,0,0,0,0
281,L6118,EnabledIfSystemPropertyIntegrationTests,org.junit.jupiter.api.condition.EnabledIfSystemPropertyIntegrationTests,L5229,L103,C:\Users\domco\Desktop\DP\repos\junit5\junit-jupiter-engine\src\test\java\org\junit\jupiter\api\condition\EnabledIfSystemPropertyIntegrationTests.java,31,1,113,2,0.0,0,0,0,0.0,0.0,0,0,2,0,0,11,7,1,2,2,13,1.0,0.0724638,5,5,1,0,0.0675676,5,0,0,0,0,0,64,78,4,0,4,0,11,0,0,1,11,13,0,0,1,69,83,4,0,4,0,11,0,0,1,11,13,0,0,1,0,0,28,2,17,6,0,11,1,0,0,0,27,1,1,0,0,0,0,0,0
282,L6166,EnabledOnJreConditionTests,org.junit.jupiter.api.condition.EnabledOnJreConditionTests,L5229,L103,C:\Users\domco\Desktop\DP\repos\junit5\junit-jupiter-engine\src\test\java\org\junit\jupiter\api\condition\EnabledOnJreConditionTests.java,36,1,169,2,0.141079,1,2,1,0.0746269,0.121951,10,10,2,1,1,23,7,0,0,13,28,1.0,0.349206,44,44,1,0,0.349206,44,1,1,0,0,1,82,134,2,2,0,2,15,0,0,0,23,32,0,0,0,82,134,2,2,0,2,15,0,0,0,23,32,0,0,0,0,0,15,0,14,2,8,12,1,0,0,0,6,0,0,0,0,0,0,0,0
283,L6172,EnabledOnJreIntegrationTests,org.junit.jupiter.api.condition.EnabledOnJreIntegrationTests,L5229,L103,C:\Users\domco\Desktop\DP\repos\junit5\junit-jupiter-engine\src\test\java\org\junit\jupiter\api\condition\EnabledOnJreIntegrationTests.java,33,1,140,2,0.0,0,0,0,0.0,0.0,0,0,4,0,0,27,5,7,51,2,22,1.0,0.0549451,5,5,1,0,0.0549451,5,0,0,0,0,0,86,108,1,0,1,0,20,0,0,0,20,17,0,0,0,86,108,1,0,1,0,20,0,0,0,20,17,0,0,0,0,0,43,3,32,12,0,20,1,0,0,0,42,3,0,0,0,0,0,0,0
284,L6218,EnabledOnOsConditionTests,org.junit.jupiter.api.condition.EnabledOnOsConditionTests,L5229,L103,C:\Users\domco\Desktop\DP\repos\junit5\junit-jupiter-engine\src\test\java\org\junit\jupiter\api\condition\EnabledOnOsConditionTests.java,32,1,137,2,0.178947,1,2,1,0.0943396,0.151515,10,10,2,1,1,16,7,0,0,9,21,1.0,0.346535,35,35,1,0,0.346535,35,1,1,0,0,1,66,106,2,2,0,2,12,0,0,0,20,26,0,0,0,66,106,2,2,0,2,12,0,0,0,20,26,0,0,0,0,0,17,0,11,2,10,9,1,0,0,0,6,0,0,0,0,0,0,0,0
285,L6224,EnabledOnOsIntegrationTests,org.junit.jupiter.api.condition.EnabledOnOsIntegrationTests,L5229,L103,C:\Users\domco\Desktop\DP\repos\junit5\junit-jupiter-engine\src\test\java\org\junit\jupiter\api\condition\EnabledOnOsIntegrationTests.java,35,1,115,2,0.0,0,0,0,0.0,0.0,0,0,4,0,0,16,6,3,18,2,15,1.0,0.0793651,5,5,1,0,0.0869565,6,0,0,0,0,0,58,76,1,0,1,0,13,0,0,0,13,10,0,0,0,63,81,1,0,1,0,13,0,0,0,13,10,0,0,0,0,0,31,3,22,9,0,13,1,0,0,0,30,3,0,0,0,0,0,0,0
286,L6265,OSTests,org.junit.jupiter.api.condition.OSTests,L5229,L103,C:\Users\domco\Desktop\DP\repos\junit5\platform-tests\src\test\java\org\junit\jupiter\api\condition\OSTests.java,21,1,67,2,0.0,0,0,0,0.0,0.0,0,0,2,0,0,2,5,0,0,3,5,0.0,0.0,0,0,0,1,0.0,0,0,0,0,0,0,13,15,0,0,0,0,2,0,0,0,2,2,0,0,0,41,47,0,0,0,0,7,0,0,0,7,7,0,0,0,0,0,22,0,7,0,0,7,2,0,0,0,20,0,0,0,0,0,0,0,0
287,L6316,DisplayNameGenerator$Standard,org.junit.jupiter.api.DisplayNameGenerator$Standard,L783,L103,C:\Users\domco\Desktop\DP\repos\junit5\junit-jupiter-api\src\main\java\org\junit\jupiter\api\DisplayNameGenerator.java,87,2,105,3,0.0,0,0,0,0.0,0.0,0,0,3,0,0,3,1,11,2,1,4,0.25,0.272727,6,6,1,3,0.272727,6,1,1,1,2,1,16,19,0,0,0,0,3,0,3,0,4,5,0,4,0,16,19,0,0,0,0,3,0,3,0,4,5,0,4,0,0,0,8,0,0,0,0,0,1,0,0,0,7,0,0,0,0,0,0,0,0
288,L780,DisplayNameGenerator$ReplaceUnderscores,org.junit.jupiter.api.DisplayNameGenerator$ReplaceUnderscores,L783,L103,C:\Users\domco\Desktop\DP\repos\junit5\junit-jupiter-api\src\main\java\org\junit\jupiter\api\DisplayNameGenerator.java,114,2,142,3,0.0,0,0,0,0.0,0.0,0,0,1,1,1,6,2,5,2,3,8,0.25,0.225806,7,7,1,3,0.225806,7,2,2,1,1,1,24,29,0,0,0,0,5,0,3,0,9,8,0,7,0,24,29,0,0,0,0,5,0,3,0,9,8,0,7,0,0,0,13,1,0,0,0,0,0,0,0,0,13,0,0,0,0,1,0,0,0
289,L5308,ConditionEvaluationResult,org.junit.jupiter.api.extension.ConditionEvaluationResult,L6458,L103,C:\Users\domco\Desktop\DP\repos\junit5\junit-jupiter-api\src\main\java\org\junit\jupiter\api\extension\ConditionEvaluationResult.java,25,1,84,2,0.0,0,0,0,0.0,0.0,0,0,1,0,0,6,1,21,30,3,9,0.833333,0.5,28,26,5,1,0.5,28,0,0,0,0,0,28,60,2,1,2,1,6,0,5,0,6,7,0,5,0,28,60,2,1,2,1,6,0,5,0,6,7,0,5,0,0,0,5,0,4,0,0,2,0,0,0,1,5,0,1,0,0,0,0,0,0
290,L6556,ExtensionConfigurationException,org.junit.jupiter.api.extension.ExtensionConfigurationException,L6458,L103,C:\Users\domco\Desktop\DP\repos\junit5\junit-jupiter-api\src\main\java\org\junit\jupiter\api\extension\ExtensionConfigurationException.java,24,1,37,2,0.0,0,0,0,0.0,0.0,0,0,0,0,0,2,1,5,5,2,4,0.333333,0.375,6,6,1,2,0.375,6,1,1,0,0,1,10,14,2,0,1,0,2,0,2,0,4,2,0,4,0,10,14,2,0,1,0,2,0,2,0,4,2,0,4,0,0,0,5,0,0,0,0,0,0,0,0,0,5,0,0,0,0,0,0,0,0
291,L6750,ExtensionContextException,org.junit.jupiter.api.extension.ExtensionContextException,L6458,L103,C:\Users\domco\Desktop\DP\repos\junit5\junit-jupiter-api\src\main\java\org\junit\jupiter\api\extension\ExtensionContextException.java,25,1,34,2,0.0,0,0,0,0.0,0.0,0,0,0,0,0,1,1,3,1,1,2,0.5,0.461538,6,6,1,1,0.461538,6,1,1,0,0,1,7,10,2,0,1,0,1,0,1,0,3,1,0,3,0,7,10,2,0,1,0,1,0,1,0,3,1,0,3,0,0,0,3,0,0,0,0,0,0,0,0,0,3,0,0,0,0,0,0,0,0
292,L6888,ParameterResolutionException,org.junit.jupiter.api.extension.ParameterResolutionException,L6458,L103,C:\Users\domco\Desktop\DP\repos\junit5\junit-jupiter-api\src\main\java\org\junit\jupiter\api\extension\ParameterResolutionException.java,25,1,38,2,0.0,0,0,0,0.0,0.0,0,0,0,0,0,2,1,21,5,2,4,0.333333,0.411765,7,7,1,2,0.411765,7,1,1,0,0,1,10,14,2,0,1,0,2,0,2,0,4,2,0,4,0,10,14,2,0,1,0,2,0,2,0,4,2,0,4,0,0,0,5,0,0,0,0,0,0,0,0,0,5,0,0,0,0,0,0,0,0
293,L7076,TestInstantiationException,org.junit.jupiter.api.extension.TestInstantiationException,L6458,L103,C:\Users\domco\Desktop\DP\repos\junit5\junit-jupiter-api\src\main\java\org\junit\jupiter\api\extension\TestInstantiationException.java,24,1,37,2,0.0,0,0,0,0.0,0.0,0,0,0,0,0,2,1,3,1,2,4,0.333333,0.375,6,6,1,2,0.375,6,1,1,0,0,1,10,14,2,0,1,0,2,0,2,0,4,2,0,4,0,10,14,2,0,1,0,2,0,2,0,4,2,0,4,0,0,0,5,0,0,0,0,0,0,0,0,0,5,0,0,0,0,0,0,0,0
294,L7155,ExtensionComposabilityTests,org.junit.jupiter.api.extension.ExtensionComposabilityTests,L6458,L103,C:\Users\domco\Desktop\DP\repos\junit5\junit-jupiter-engine\src\test\java\org\junit\jupiter\api\extension\ExtensionComposabilityTests.java,38,1,117,2,0.0,0,0,0,0.0,0.0,0,0,3,0,0,5,5,0,0,3,6,1.0,0.310811,23,11,1,0,0.310811,23,0,0,0,0,0,51,80,0,0,0,0,3,0,0,0,3,17,0,0,0,51,80,0,0,0,0,3,0,0,0,3,17,0,0,0,0,0,7,1,2,1,0,1,1,0,0,0,6,0,0,0,0,1,0,0,0
295,L7187,KitchenSinkExtension,org.junit.jupiter.api.extension.KitchenSinkExtension,L6458,L103,C:\Users\domco\Desktop\DP\repos\junit5\junit-jupiter-engine\src\test\java\org\junit\jupiter\api\extension\KitchenSinkExtension.java,32,1,175,2,0.0,0,0,0,0.0,0.0,0,0,23,0,0,23,21,0,0,0,23,0.291667,0.235772,29,23,7,17,0.235772,29,2,17,0,0,16,94,144,0,0,0,0,23,0,23,0,32,6,0,32,0,94,144,0,0,0,0,23,0,23,0,32,6,0,32,0,0,0,49,0,17,0,0,0,1,0,1,0,43,17,0,2,0,0,0,2,0
296,L7325,MethodOrderer$Alphanumeric,org.junit.jupiter.api.MethodOrderer$Alphanumeric,L7309,L103,C:\Users\domco\Desktop\DP\repos\junit5\junit-jupiter-api\src\main\java\org\junit\jupiter\api\MethodOrderer.java,115,2,134,3,0.0,0,0,0,0.0,0.0,0,0,2,0,0,2,4,4,0,2,4,1.0,0.555556,15,13,2,0,0.555556,15,1,1,0,0,1,12,20,1,1,1,0,2,0,1,0,3,2,0,2,0,12,20,1,1,1,0,2,0,1,0,3,2,0,2,0,0,0,3,0,1,0,0,1,1,0,0,0,2,0,0,0,0,0,0,0,0
297,L972,MethodOrderer$OrderAnnotation,org.junit.jupiter.api.MethodOrderer$OrderAnnotation,L7309,L103,C:\Users\domco\Desktop\DP\repos\junit5\junit-jupiter-api\src\main\java\org\junit\jupiter\api\MethodOrderer.java,151,2,166,3,0.0,0,0,0,0.0,0.0,0,0,1,0,0,2,4,9,0,2,4,1.0,0.689655,20,20,2,0,0.689655,20,1,1,0,0,1,9,16,0,2,0,1,2,0,1,0,3,2,0,2,0,9,16,0,2,0,1,2,0,1,0,3,2,0,2,0,0,0,2,0,0,0,0,0,0,0,0,0,2,0,0,0,0,0,0,0,0
298,L7363,MethodOrderer$Random,org.junit.jupiter.api.MethodOrderer$Random,L7309,L103,C:\Users\domco\Desktop\DP\repos\junit5\junit-jupiter-api\src\main\java\org\junit\jupiter\api\MethodOrderer.java,188,2,247,3,0.0,0,0,0,0.0,0.0,0,0,1,0,0,2,4,2,0,3,5,1.0,0.694915,41,41,2,0,0.694915,41,1,1,0,0,1,18,60,3,2,3,1,2,1,1,0,3,2,1,2,0,18,60,3,2,3,1,2,1,1,0,3,2,1,2,0,0,0,6,0,0,0,0,0,0,0,0,0,2,0,0,0,0,0,0,4,0
299,L7457,Resources,org.junit.jupiter.api.parallel.Resources,L7408,L103,C:\Users\domco\Desktop\DP\repos\junit5\junit-jupiter-api\src\main\java\org\junit\jupiter\api\parallel\Resources.java,23,1,72,2,0.0,0,0,0,0.0,0.0,0,0,0,0,0,1,0,1,0,0,1,1.0,0.755102,37,36,1,0,0.755102,37,0,0,0,0,0,12,50,5,0,5,0,1,5,0,0,1,0,5,0,0,12,50,5,0,5,0,1,5,0,0,1,0,5,0,0,0,0,4,0,1,0,0,0,0,0,0,1,0,0,0,0,0,0,0,4,0
300,L7614,AssertAllAssertionsTests$EnigmaThrowable,org.junit.jupiter.api.AssertAllAssertionsTests$EnigmaThrowable,L7592,L103,C:\Users\domco\Desktop\DP\repos\junit5\junit-jupiter-engine\src\test\java\org\junit\jupiter\api\AssertAllAssertionsTests.java,220,2,222,3,0.0,0,0,0,0.0,0.0,0,0,0,0,0,0,0,1,0,0,0,0.0,0.0,0,0,0,1,0.0,0,0,0,0,0,0,3,3,0,0,0,0,0,0,0,0,0,0,0,0,0,3,3,0,0,0,0,0,0,0,0,0,0,0,0,0,0,1,3,0,0,0,0,0,0,0,0,0,3,0,1,0,0,0,0,0,0
301,L7860,AssertDoesNotThrowAssertionsTests$Foo,org.junit.jupiter.api.AssertDoesNotThrowAssertionsTests$Foo,L7838,L103,C:\Users\domco\Desktop\DP\repos\junit5\junit-jupiter-engine\src\test\java\org\junit\jupiter\api\AssertDoesNotThrowAssertionsTests.java,307,2,319,3,0.0,0,0,0,0.0,0.0,0,0,3,0,0,3,0,1,0,0,3,1.0,0.1,1,1,1,0,0.1,1,0,0,0,0,0,9,13,0,0,0,0,3,0,0,0,3,0,0,0,0,9,13,0,0,0,0,3,0,0,0,3,0,0,0,0,0,0,9,0,7,0,0,4,1,0,0,0,8,3,0,0,0,0,0,0,0
302,L8003,AssertEqualsAssertionsTests$MixedBoxedAndUnboxedPrimitivesTests,org.junit.jupiter.api.AssertEqualsAssertionsTests$MixedBoxedAndUnboxedPrimitivesTests,L7903,L103,C:\Users\domco\Desktop\DP\repos\junit5\junit-jupiter-engine\src\test\java\org\junit\jupiter\api\AssertEqualsAssertionsTests.java,598,2,725,3,0.993737,7,8,8,0.90625,0.970874,116,100,8,0,0,8,3,0,0,51,59,1.0,0.00961538,1,1,1,0,0.00961538,1,0,0,0,0,0,103,128,0,0,0,0,8,0,0,0,8,76,0,0,0,103,128,0,0,0,0,8,0,0,0,8,76,0,0,0,0,0,76,0,17,8,56,8,1,0,1,0,18,0,0,0,0,1,0,0,0
303,L7992,AssertEqualsAssertionsTests$EqualsThrowsException,org.junit.jupiter.api.AssertEqualsAssertionsTests$EqualsThrowsException,L7903,L103,C:\Users\domco\Desktop\DP\repos\junit5\junit-jupiter-engine\src\test\java\org\junit\jupiter\api\AssertEqualsAssertionsTests.java,729,2,735,3,0.0,0,0,0,0.0,0.0,0,0,1,0,0,1,0,1,0,0,1,0.5,0.142857,1,1,1,1,0.142857,1,0,0,0,0,0,6,7,0,0,0,0,1,0,1,0,1,1,0,1,0,6,7,0,0,0,0,1,0,1,0,1,1,0,1,0,0,1,5,0,0,0,0,0,0,0,0,0,5,0,1,0,0,0,0,0,0
304,L7998,AssertEqualsAssertionsTests$ToStringThrowsException,org.junit.jupiter.api.AssertEqualsAssertionsTests$ToStringThrowsException,L7903,L103,C:\Users\domco\Desktop\DP\repos\junit5\junit-jupiter-engine\src\test\java\org\junit\jupiter\api\AssertEqualsAssertionsTests.java,737,2,743,3,0.0,0,0,0,0.0,0.0,0,0,1,0,0,1,0,1,0,0,1,0.0,0.0,0,0,0,2,0.0,0,0,0,0,0,0,6,7,0,0,0,0,1,0,1,0,1,1,0,1,0,6,7,0,0,0,0,1,0,1,0,1,1,0,1,0,0,0,5,0,0,0,0,0,0,0,0,0,5,0,0,0,0,0,0,0,0
305,L8234,AssertLinesMatchAssertionsTests$WithCustomFailureMessage,org.junit.jupiter.api.AssertLinesMatchAssertionsTests$WithCustomFailureMessage,L8196,L103,C:\Users\domco\Desktop\DP\repos\junit5\junit-jupiter-engine\src\test\java\org\junit\jupiter\api\AssertLinesMatchAssertionsTests.java,305,2,346,3,0.0,0,0,0,0.0,0.0,0,0,2,0,0,2,3,0,0,2,4,1.0,0.349206,22,3,1,0,0.349206,22,0,0,0,0,0,41,42,0,0,0,0,2,0,0,0,2,13,0,0,0,41,42,0,0,0,0,2,0,0,0,2,13,0,0,0,0,0,1,0,4,2,0,2,1,0,0,0,0,0,0,0,0,0,0,0,0
306,L8242,AssertNotEqualsAssertionsTests$AssertNotEqualsByte,org.junit.jupiter.api.AssertNotEqualsAssertionsTests$AssertNotEqualsByte,L8239,L103,C:\Users\domco\Desktop\DP\repos\junit5\junit-jupiter-engine\src\test\java\org\junit\jupiter\api\AssertNotEqualsAssertionsTests.java,29,2,82,3,0.766917,3,6,3,0.703704,0.77551,38,38,4,1,1,7,4,0,0,7,11,0.0,0.0,0,0,0,1,0.0,0,0,0,0,0,0,49,54,0,0,0,0,4,0,0,0,4,25,0,0,0,49,54,0,0,0,0,4,0,0,0,4,25,0,0,0,0,0,35,4,8,4,23,4,1,0,0,0,11,0,4,0,0,0,0,0,0
307,L8251,AssertNotEqualsAssertionsTests$AssertNotEqualsShort,org.junit.jupiter.api.AssertNotEqualsAssertionsTests$AssertNotEqualsShort,L8239,L103,C:\Users\domco\Desktop\DP\repos\junit5\junit-jupiter-engine\src\test\java\org\junit\jupiter\api\AssertNotEqualsAssertionsTests.java,84,2,137,3,0.766917,3,6,3,0.703704,0.77551,38,38,4,1,1,7,4,0,0,7,11,0.0,0.0,0,0,0,1,0.0,0,0,0,0,0,0,49,54,0,0,0,0,4,0,0,0,4,25,0,0,0,49,54,0,0,0,0,4,0,0,0,4,25,0,0,0,0,0,35,0,8,4,23,4,1,0,0,0,11,0,0,0,0,0,0,0,0
308,L8260,AssertNotEqualsAssertionsTests$AssertNotEqualsChar,org.junit.jupiter.api.AssertNotEqualsAssertionsTests$AssertNotEqualsChar,L8239,L103,C:\Users\domco\Desktop\DP\repos\junit5\junit-jupiter-engine\src\test\java\org\junit\jupiter\api\AssertNotEqualsAssertionsTests.java,139,2,192,3,0.0,0,0,0,0.0,0.0,0,0,4,1,1,7,4,0,0,7,11,0.0,0.0,0,0,0,1,0.0,0,0,0,0,0,0,49,54,0,0,0,0,4,0,0,0,4,25,0,0,0,49,54,0,0,0,0,4,0,0,0,4,25,0,0,0,0,0,12,0,8,4,0,4,1,0,0,0,11,0,0,0,0,0,0,0,0
309,L8269,AssertNotEqualsAssertionsTests$AssertNotEqualsInt,org.junit.jupiter.api.AssertNotEqualsAssertionsTests$AssertNotEqualsInt,L8239,L103,C:\Users\domco\Desktop\DP\repos\junit5\junit-jupiter-engine\src\test\java\org\junit\jupiter\api\AssertNotEqualsAssertionsTests.java,194,2,247,3,0.766917,3,6,3,0.703704,0.77551,38,38,4,1,1,7,4,0,0,7,11,0.0,0.0,0,0,0,1,0.0,0,0,0,0,0,0,49,54,0,0,0,0,4,0,0,0,4,25,0,0,0,49,54,0,0,0,0,4,0,0,0,4,25,0,0,0,0,0,35,0,8,4,23,4,1,0,0,0,11,0,0,0,0,0,0,0,0
310,L8277,AssertNotEqualsAssertionsTests$AssertNotEqualsLong,org.junit.jupiter.api.AssertNotEqualsAssertionsTests$AssertNotEqualsLong,L8239,L103,C:\Users\domco\Desktop\DP\repos\junit5\junit-jupiter-engine\src\test\java\org\junit\jupiter\api\AssertNotEqualsAssertionsTests.java,249,2,302,3,0.0,0,0,0,0.0,0.0,0,0,4,1,1,7,4,0,0,7,11,0.0,0.0,0,0,0,1,0.0,0,0,0,0,0,0,49,54,0,0,0,0,4,0,0,0,4,25,0,0,0,49,54,0,0,0,0,4,0,0,0,4,25,0,0,0,0,0,12,0,8,4,0,4,1,0,0,0,11,0,0,0,0,0,0,0,0
311,L8286,AssertNotEqualsAssertionsTests$AssertNotEqualsFloatWithoutDelta,org.junit.jupiter.api.AssertNotEqualsAssertionsTests$AssertNotEqualsFloatWithoutDelta,L8239,L103,C:\Users\domco\Desktop\DP\repos\junit5\junit-jupiter-engine\src\test\java\org\junit\jupiter\api\AssertNotEqualsAssertionsTests.java,304,2,390,3,0.387097,1,6,3,0.344828,0.379747,30,30,7,1,1,13,4,0,0,7,14,0.0,0.0,0,0,0,1,0.0,0,0,0,0,0,0,79,87,0,0,0,0,7,0,0,0,7,37,0,0,0,79,87,0,0,0,0,7,0,0,0,7,37,0,0,0,0,0,41,1,14,7,23,7,1,0,0,0,17,0,1,0,0,0,0,0,0
312,L8298,AssertNotEqualsAssertionsTests$AssertNotEqualsFloatWithDelta,org.junit.jupiter.api.AssertNotEqualsAssertionsTests$AssertNotEqualsFloatWithDelta,L8239,L103,C:\Users\domco\Desktop\DP\repos\junit5\junit-jupiter-engine\src\test\java\org\junit\jupiter\api\AssertNotEqualsAssertionsTests.java,392,2,446,3,0.0,0,0,0,0.0,0.0,0,0,4,1,1,7,4,0,0,7,11,0.0,0.0,0,0,0,1,0.0,0,0,0,0,0,0,50,55,0,0,0,0,4,0,0,0,4,26,0,0,0,50,55,0,0,0,0,4,0,0,0,4,26,0,0,0,0,0,12,1,8,4,0,4,1,0,0,0,11,0,1,0,0,0,0,0,0
313,L8307,AssertNotEqualsAssertionsTests$AssertNotEqualsDoubleWithoutDelta,org.junit.jupiter.api.AssertNotEqualsAssertionsTests$AssertNotEqualsDoubleWithoutDelta,L8239,L103,C:\Users\domco\Desktop\DP\repos\junit5\junit-jupiter-engine\src\test\java\org\junit\jupiter\api\AssertNotEqualsAssertionsTests.java,448,2,512,3,0.173913,1,2,1,0.153846,0.169492,10,10,5,1,1,9,4,0,0,7,12,0.0,0.0,0,0,0,1,0.0,0,0,0,0,0,0,59,65,0,0,0,0,5,0,0,0,5,29,0,0,0,59,65,0,0,0,0,5,0,0,0,5,29,0,0,0,0,0,25,0,10,5,11,5,1,0,0,0,13,0,0,0,0,0,0,0,0
314,L8317,AssertNotEqualsAssertionsTests$AssertNotEqualsDoubleWithDelta,org.junit.jupiter.api.AssertNotEqualsAssertionsTests$AssertNotEqualsDoubleWithDelta,L8239,L103,C:\Users\domco\Desktop\DP\repos\junit5\junit-jupiter-engine\src\test\java\org\junit\jupiter\api\AssertNotEqualsAssertionsTests.java,514,2,568,3,0.0,0,0,0,0.0,0.0,0,0,4,1,1,7,4,0,0,7,11,0.0,0.0,0,0,0,1,0.0,0,0,0,0,0,0,50,55,0,0,0,0,4,0,0,0,4,26,0,0,0,50,55,0,0,0,0,4,0,0,0,4,26,0,0,0,0,0,12,0,8,4,0,4,1,0,0,0,11,0,0,0,0,0,0,0,0
315,L8326,AssertNotEqualsAssertionsTests$AssertNotEqualsObject,org.junit.jupiter.api.AssertNotEqualsAssertionsTests$AssertNotEqualsObject,L8239,L103,C:\Users\domco\Desktop\DP\repos\junit5\junit-jupiter-engine\src\test\java\org\junit\jupiter\api\AssertNotEqualsAssertionsTests.java,570,2,625,3,0.0,0,0,0,0.0,0.0,0,0,7,1,1,9,5,0,0,7,14,0.0,0.0,0,0,0,1,0.0,0,0,0,0,0,0,48,56,0,0,0,0,7,0,0,0,7,18,0,0,0,48,56,0,0,0,0,7,0,0,0,7,18,0,0,0,0,0,18,2,15,4,0,7,1,0,0,0,17,0,2,0,0,4,0,0,0
316,L8342,AssertNotEqualsAssertionsTests$MixedBoxedAndUnboxedPrimitivesTests,org.junit.jupiter.api.AssertNotEqualsAssertionsTests$MixedBoxedAndUnboxedPrimitivesTests,L8239,L103,C:\Users\domco\Desktop\DP\repos\junit5\junit-jupiter-engine\src\test\java\org\junit\jupiter\api\AssertNotEqualsAssertionsTests.java,629,2,756,3,0.993737,7,8,8,0.90625,0.970874,116,100,8,0,0,8,3,0,0,51,59,1.0,0.00961538,1,1,1,0,0.00961538,1,0,0,0,0,0,103,128,0,0,0,0,8,0,0,0,8,76,0,0,0,103,128,0,0,0,0,8,0,0,0,8,76,0,0,0,0,0,76,0,17,8,56,8,1,0,1,0,18,0,0,0,0,1,0,0,0
317,L8337,AssertNotEqualsAssertionsTests$EqualsThrowsExceptionClass,org.junit.jupiter.api.AssertNotEqualsAssertionsTests$EqualsThrowsExceptionClass,L8239,L103,C:\Users\domco\Desktop\DP\repos\junit5\junit-jupiter-engine\src\test\java\org\junit\jupiter\api\AssertNotEqualsAssertionsTests.java,760,2,766,3,0.0,0,0,0,0.0,0.0,0,0,1,0,0,1,0,1,0,0,1,0.5,0.142857,1,1,1,1,0.142857,1,0,0,0,0,0,6,7,0,0,0,0,1,0,1,0,1,1,0,1,0,6,7,0,0,0,0,1,0,1,0,1,1,0,1,0,0,1,5,0,0,0,0,0,0,0,0,0,5,0,1,0,0,0,0,0,0
318,L8473,AssertThrowsAssertionsTests$LocalException,org.junit.jupiter.api.AssertThrowsAssertionsTests$LocalException,L8442,L103,C:\Users\domco\Desktop\DP\repos\junit5\junit-jupiter-engine\src\test\java\org\junit\jupiter\api\AssertThrowsAssertionsTests.java,267,2,269,3,0.0,0,0,0,0.0,0.0,0,0,0,0,0,0,0,1,0,0,0,1.0,0.25,1,1,1,0,0.25,1,0,0,0,0,0,3,3,0,0,0,0,0,0,0,0,0,0,0,0,0,3,3,0,0,0,0,0,0,0,0,0,0,0,0,0,0,0,0,0,0,0,0,0,0,0,0,0,0,0,0,0,0,0,0,0,0
319,L8477,AssertThrowsAssertionsTests$EnigmaClassLoader,org.junit.jupiter.api.AssertThrowsAssertionsTests$EnigmaClassLoader,L8442,L103,C:\Users\domco\Desktop\DP\repos\junit5\junit-jupiter-engine\src\test\java\org\junit\jupiter\api\AssertThrowsAssertionsTests.java,271,2,283,3,0.0,0,0,0,0.0,0.0,0,0,1,0,0,3,1,1,1,0,2,0.0,0.0,0,0,0,2,0.0,0,0,0,0,0,0,10,13,0,0,0,0,2,0,1,0,2,2,0,1,0,10,13,0,0,0,0,2,0,1,0,2,2,0,1,0,0,0,7,0,0,0,0,0,0,0,0,0,7,0,0,0,0,0,0,0,0
320,L8700,DisplayNameGenerationTests$NoNameGenerator,org.junit.jupiter.api.DisplayNameGenerationTests$NoNameGenerator,L8646,L103,C:\Users\domco\Desktop\DP\repos\junit5\junit-jupiter-engine\src\test\java\org\junit\jupiter\api\DisplayNameGenerationTests.java,113,2,129,3,0.0,0,0,0,0.0,0.0,0,0,3,0,0,3,1,2,0,0,3,0.25,0.0666667,1,1,1,3,0.0666667,1,1,1,0,0,1,14,17,0,0,0,0,3,0,3,0,4,3,0,4,0,14,17,0,0,0,0,3,0,3,0,4,3,0,4,0,0,0,10,0,0,0,0,0,1,0,0,0,9,0,0,0,0,0,0,0,0
321,L8710,DisplayNameGenerationTests$AbstractTestCase,org.junit.jupiter.api.DisplayNameGenerationTests$AbstractTestCase,L8646,L103,C:\Users\domco\Desktop\DP\repos\junit5\junit-jupiter-engine\src\test\java\org\junit\jupiter\api\DisplayNameGenerationTests.java,131,2,163,3,0.0,0,0,0,0.0,0.0,0,0,7,0,0,7,5,3,0,1,8,0.0,0.0,0,0,0,1,0.0,0,0,0,3,4,0,27,33,0,0,0,0,7,0,0,0,7,2,0,0,0,27,33,0,0,0,0,7,0,0,0,7,2,0,0,0,0,0,18,5,13,1,0,12,1,0,0,0,17,5,0,0,0,0,0,0,0
322,L8657,DisplayNameGenerationTests$DefaultStyleTestCase,org.junit.jupiter.api.DisplayNameGenerationTests$DefaultStyleTestCase,L8646,L103,C:\Users\domco\Desktop\DP\repos\junit5\junit-jupiter-engine\src\test\java\org\junit\jupiter\api\DisplayNameGenerationTests.java,165,2,167,3,0.0,0,0,0,0.0,0.0,0,0,0,0,0,0,4,1,0,0,0,0.0,0.0,0,0,0,1,0.0,0,1,1,0,0,1,3,3,0,0,0,0,0,0,0,0,7,0,0,0,0,3,3,0,0,0,0,0,0,0,0,7,0,0,0,0,0,0,3,0,0,0,0,0,0,0,0,0,3,0,0,0,0,0,0,0,0
323,L8663,DisplayNameGenerationTests$UnderscoreStyleTestCase,org.junit.jupiter.api.DisplayNameGenerationTests$UnderscoreStyleTestCase,L8646,L103,C:\Users\domco\Desktop\DP\repos\junit5\junit-jupiter-engine\src\test\java\org\junit\jupiter\api\DisplayNameGenerationTests.java,169,2,171,3,0.0,0,0,0,0.0,0.0,0,0,0,0,0,0,4,2,0,0,0,0.0,0.0,0,0,0,1,0.0,0,1,1,1,1,1,3,3,0,0,0,0,0,0,0,0,7,0,0,0,0,3,3,0,0,0,0,0,0,0,0,7,0,0,0,0,0,0,3,0,0,0,0,0,0,0,0,0,3,0,0,0,0,0,0,0,0
324,L8670,DisplayNameGenerationTests$NoNameStyleTestCase,org.junit.jupiter.api.DisplayNameGenerationTests$NoNameStyleTestCase,L8646,L103,C:\Users\domco\Desktop\DP\repos\junit5\junit-jupiter-engine\src\test\java\org\junit\jupiter\api\DisplayNameGenerationTests.java,173,2,175,3,0.0,0,0,0,0.0,0.0,0,0,0,0,0,0,3,1,0,0,0,0.0,0.0,0,0,0,1,0.0,0,1,1,0,0,1,3,3,0,0,0,0,0,0,0,0,7,0,0,0,0,3,3,0,0,0,0,0,0,0,0,7,0,0,0,0,0,0,3,0,0,0,0,0,0,0,0,0,3,0,0,0,0,0,0,0,0
325,L8666,DisplayNameGenerationTests$UnderscoreStyleInheritedFromSuperClassTestCase,org.junit.jupiter.api.DisplayNameGenerationTests$UnderscoreStyleInheritedFromSuperClassTestCase,L8646,L103,C:\Users\domco\Desktop\DP\repos\junit5\junit-jupiter-engine\src\test\java\org\junit\jupiter\api\DisplayNameGenerationTests.java,178,2,179,3,0.0,0,0,0,0.0,0.0,0,0,0,0,0,0,1,1,0,0,0,1.0,0.333333,1,1,1,0,0.333333,1,2,2,0,0,1,2,2,0,0,0,0,0,0,0,0,7,0,0,0,0,2,2,0,0,0,0,0,0,0,0,7,0,0,0,0,0,0,0,0,0,0,0,0,0,0,0,0,0,0,0,0,0,0,0,0,0
326,L8674,DisplayNameGenerationTests$StackTestCase,org.junit.jupiter.api.DisplayNameGenerationTests$StackTestCase,L8646,L103,C:\Users\domco\Desktop\DP\repos\junit5\junit-jupiter-engine\src\test\java\org\junit\jupiter\api\DisplayNameGenerationTests.java,183,2,245,3,0.0,0,0,0,0.0,0.0,0,0,1,0,0,1,5,3,0,0,1,1.0,0.1,1,1,1,0,0.0196078,1,0,0,0,0,0,9,12,1,0,1,0,1,0,0,0,1,1,0,0,0,50,63,2,0,2,0,9,0,0,0,9,11,0,0,0,0,0,28,0,13,2,0,11,2,0,0,0,26,0,0,0,0,0,0,0,0
327,L8832,SubclassedAssertionsTests,org.junit.jupiter.api.subpackage.SubclassedAssertionsTests,L8828,L103,C:\Users\domco\Desktop\DP\repos\junit5\junit-jupiter-engine\src\test\java\org\junit\jupiter\api\subpackage\SubclassedAssertionsTests.java,22,1,37,2,0.0,0,0,0,0.0,0.0,0,0,2,0,0,2,2,0,0,5,7,1.0,0.277778,5,5,1,0,0.277778,5,1,1,0,0,1,13,16,0,0,0,0,2,0,0,0,284,5,0,281,0,13,16,0,0,0,0,2,0,0,0,284,5,0,281,0,0,0,9,0,10,5,0,2,1,0,0,0,4,0,3,0,0,0,0,4,0
328,L8838,SubclassedAssumptionsTests,org.junit.jupiter.api.subpackage.SubclassedAssumptionsTests,L8828,L103,C:\Users\domco\Desktop\DP\repos\junit5\junit-jupiter-engine\src\test\java\org\junit\jupiter\api\subpackage\SubclassedAssumptionsTests.java,25,1,45,2,0.0,0,0,0,0.0,0.0,0,0,2,1,1,2,3,0,0,3,5,1.0,0.217391,5,5,1,0,0.217391,5,1,1,0,0,1,18,21,0,0,0,0,2,0,0,0,18,7,0,14,0,18,21,0,0,0,0,2,0,0,0,18,7,0,14,0,0,0,7,0,5,3,0,2,1,0,0,0,6,0,0,0,0,0,0,0,0
329,L8893,CachingJupiterConfiguration,org.junit.jupiter.engine.config.CachingJupiterConfiguration,L8880,L103,C:\Users\domco\Desktop\DP\repos\junit5\junit-jupiter-engine\src\main\java\org\junit\jupiter\engine\config\CachingJupiterConfiguration.java,30,1,87,2,0.0,0,0,0,0.0,0.0,0,0,1,0,0,9,6,1,1,1,10,0.1,0.0943396,5,5,1,9,0.0943396,5,1,1,0,0,1,48,58,21,6,2,6,9,0,9,0,9,9,19,9,0,48,58,21,6,2,6,9,0,9,0,9,9,19,9,0,0,0,25,0,0,0,0,0,0,0,0,0,21,0,0,0,0,0,0,4,0
330,L8940,ClassNamePatternParameterConverter,org.junit.jupiter.engine.config.ClassNamePatternParameterConverter,L8880,L103,C:\Users\domco\Desktop\DP\repos\junit5\junit-jupiter-engine\src\main\java\org\junit\jupiter\engine\config\ClassNamePatternParameterConverter.java,23,1,67,2,0.0,0,0,0,0.0,0.0,0,0,2,0,0,3,1,1,1,1,4,1.0,0.342857,12,7,1,0,0.342857,12,0,0,0,0,0,23,45,3,0,3,0,3,0,0,0,3,7,0,0,0,23,45,3,0,3,0,3,0,0,0,3,7,0,0,0,0,0,5,0,3,1,0,2,1,0,0,0,4,0,0,0,0,0,0,0,0
331,L8973,DefaultJupiterConfiguration,org.junit.jupiter.engine.config.DefaultJupiterConfiguration,L8880,L103,C:\Users\domco\Desktop\DP\repos\junit5\junit-jupiter-engine\src\main\java\org\junit\jupiter\engine\config\DefaultJupiterConfiguration.java,31,1,95,2,0.0,0,0,0,0.0,0.0,0,0,1,0,0,9,10,4,11,6,15,0.1,0.133333,8,5,1,9,0.133333,8,1,1,0,0,1,52,65,23,6,4,6,9,0,9,0,9,9,19,9,0,52,65,23,6,4,6,9,0,9,0,9,9,19,9,0,0,0,25,0,0,0,0,0,0,0,0,0,21,0,0,0,0,0,0,4,0
332,L8987,DisplayNameGeneratorParameterConverter,org.junit.jupiter.engine.config.DisplayNameGeneratorParameterConverter,L8880,L103,C:\Users\domco\Desktop\DP\repos\junit5\junit-jupiter-engine\src\main\java\org\junit\jupiter\engine\config\DisplayNameGeneratorParameterConverter.java,25,1,64,2,0.0,0,0,0,0.0,0.0,0,0,3,0,0,4,6,2,8,9,13,1.0,0.2,7,3,1,0,0.2,7,0,0,0,0,0,28,40,1,0,1,0,4,0,0,0,4,4,0,0,0,28,40,1,0,1,0,4,0,0,0,4,4,0,0,0,0,0,11,0,1,0,0,1,1,0,0,0,10,0,0,0,0,0,0,0,0
333,L8977,EnumConfigurationParameterConverter<E extends Enum<E>>,org.junit.jupiter.engine.config.EnumConfigurationParameterConverter,L8880,L103,C:\Users\domco\Desktop\DP\repos\junit5\junit-jupiter-engine\src\main\java\org\junit\jupiter\engine\config\EnumConfigurationParameterConverter.java,23,1,61,2,0.0,0,0,0,0.0,0.0,0,0,1,2,2,4,4,1,3,5,7,1.0,0.121212,4,3,1,0,0.121212,4,0,0,0,0,0,29,39,3,0,3,0,2,0,0,0,2,14,0,0,0,29,39,3,0,3,0,2,0,0,0,2,14,0,0,0,0,1,6,1,1,0,0,1,0,0,0,1,6,0,1,0,0,0,0,0,0
334,L9107,CachingJupiterConfigurationTests,org.junit.jupiter.engine.config.CachingJupiterConfigurationTests,L8880,L103,C:\Users\domco\Desktop\DP\repos\junit5\junit-jupiter-engine\src\test\java\org\junit\jupiter\engine\config\CachingJupiterConfigurationTests.java,33,1,113,2,0.0,0,0,0,0.0,0.0,0,0,1,0,0,7,6,0,0,7,14,1.0,0.0655738,4,3,1,0,0.0655738,4,0,0,0,0,0,57,81,2,0,2,0,7,0,0,0,7,31,0,0,0,57,81,2,0,2,0,7,0,0,0,7,31,0,0,0,0,0,16,1,14,7,0,7,0,0,0,0,16,0,1,0,0,0,0,0,0
335,L9134,DefaultJupiterConfigurationTests,org.junit.jupiter.engine.config.DefaultJupiterConfigurationTests,L8880,L103,C:\Users\domco\Desktop\DP\repos\junit5\junit-jupiter-engine\src\test\java\org\junit\jupiter\engine\config\DefaultJupiterConfigurationTests.java,32,1,96,2,0.0,0,0,0,0.0,0.0,0,0,3,0,0,6,11,0,0,7,13,0.0,0.15873,10,0,0,1,0.15873,10,0,0,0,0,0,53,65,1,3,1,3,6,0,0,0,6,22,0,0,0,53,65,1,3,1,3,6,0,0,0,6,22,0,0,0,0,2,15,0,8,2,0,6,1,0,1,0,13,0,2,0,0,0,0,0,0
336,L9156,DisplayNameGeneratorParameterConverterTests,org.junit.jupiter.engine.config.DisplayNameGeneratorParameterConverterTests,L8880,L103,C:\Users\domco\Desktop\DP\repos\junit5\junit-jupiter-engine\src\test\java\org\junit\jupiter\engine\config\DisplayNameGeneratorParameterConverterTests.java,33,1,153,2,0.291304,1,2,2,0.256198,0.287234,31,27,1,0,0,8,9,0,0,4,12,1.0,0.050505,5,3,1,0,0.050505,5,0,0,0,0,0,94,121,1,0,1,0,8,0,0,0,8,42,0,0,0,94,121,1,0,1,0,8,0,0,0,8,42,0,0,0,0,0,34,0,13,6,18,7,0,0,0,0,16,0,0,0,0,0,0,0,0
337,L9290,AbstractExtensionContext<T extends TestDescriptor>,org.junit.jupiter.engine.descriptor.AbstractExtensionContext,L9250,L103,C:\Users\domco\Desktop\DP\repos\junit5\junit-jupiter-engine\src\main\java\org\junit\jupiter\engine\descriptor\AbstractExtensionContext.java,35,1,125,2,0.0,0,0,0,0.0,0.0,0,0,1,1,1,14,11,6,18,12,24,0.1,0.0779221,6,3,1,9,0.0779221,6,1,1,5,5,1,71,91,6,19,6,8,12,0,9,0,25,25,0,22,0,71,91,6,19,6,8,12,0,9,0,25,25,0,22,0,0,0,31,0,0,0,0,0,0,0,1,0,27,0,0,0,0,0,0,3,0
338,L9370,ClassBasedTestDescriptor,org.junit.jupiter.engine.descriptor.ClassBasedTestDescriptor,L9250,L103,C:\Users\domco\Desktop\DP\repos\junit5\junit-jupiter-engine\src\main\java\org\junit\jupiter\engine\descriptor\ClassBasedTestDescriptor.java,78,1,485,2,0.0,0,0,0,0.0,0.0,0,0,5,2,2,58,44,7,18,57,92,0.2,0.116352,37,7,2,8,0.116352,37,3,4,2,2,1,281,408,16,20,8,7,35,0,9,1,78,127,0,39,2,281,408,16,20,8,7,35,0,9,1,78,127,0,39,2,0,0,77,12,0,4,0,0,1,0,4,0,65,0,5,0,0,3,0,7,1.0
339,L9470,ClassExtensionContext,org.junit.jupiter.engine.descriptor.ClassExtensionContext,L9250,L103,C:\Users\domco\Desktop\DP\repos\junit5\junit-jupiter-engine\src\main\java\org\junit\jupiter\engine\descriptor\ClassExtensionContext.java,27,1,96,2,0.0,0,0,0,0.0,0.0,0,0,0,0,0,10,8,2,7,4,14,0.125,0.142857,8,8,1,7,0.142857,8,2,2,0,0,1,48,70,9,19,3,7,10,0,7,1,28,12,0,22,1,48,70,9,19,3,7,10,0,7,1,28,12,0,22,1,0,0,24,0,1,0,0,1,0,0,0,0,21,0,0,0,0,0,0,3,0
340,L9713,ClassTestDescriptor,org.junit.jupiter.engine.descriptor.ClassTestDescriptor,L9250,L103,C:\Users\domco\Desktop\DP\repos\junit5\junit-jupiter-engine\src\main\java\org\junit\jupiter\engine\descriptor\ClassTestDescriptor.java,44,1,80,2,0.0,0,0,0,0.0,0.0,0,0,1,0,0,5,11,6,12,4,9,0.6,0.358974,14,13,3,2,0.358974,14,4,5,0,0,1,25,37,17,22,1,3,5,1,4,0,81,5,1,42,2,25,37,17,22,1,3,5,1,4,0,81,5,1,42,2,0,0,17,0,0,0,0,0,0,0,1,0,9,0,0,0,0,0,0,7,1.0
341,L9584,DefaultTestInstanceFactoryContext,org.junit.jupiter.engine.descriptor.DefaultTestInstanceFactoryContext,L9250,L103,C:\Users\domco\Desktop\DP\repos\junit5\junit-jupiter-engine\src\main\java\org\junit\jupiter\engine\descriptor\DefaultTestInstanceFactoryContext.java,23,1,53,2,0.0,0,0,0,0.0,0.0,0,0,1,0,0,4,2,1,1,3,7,0.25,0.233333,7,5,1,3,0.233333,7,1,1,0,0,1,23,31,2,2,2,2,4,0,3,0,4,5,0,3,0,23,31,2,2,2,2,4,0,3,0,4,5,0,3,0,0,0,11,0,0,0,0,0,0,0,0,0,11,0,0,0,0,0,0,0,0
342,L9748,DisplayNameUtils,org.junit.jupiter.engine.descriptor.DisplayNameUtils,L9250,L103,C:\Users\domco\Desktop\DP\repos\junit5\junit-jupiter-engine\src\main\java\org\junit\jupiter\engine\descriptor\DisplayNameUtils.java,40,1,123,2,0.0,0,0,0,0.0,0.0,0,0,3,2,2,10,9,9,14,6,12,1.0,0.324675,25,19,1,0,0.324675,25,0,0,0,0,0,52,84,3,2,3,2,6,0,0,0,6,21,0,0,0,52,84,3,2,3,2,6,0,0,0,6,21,0,0,0,0,0,9,0,4,0,0,4,1,0,0,0,8,0,0,0,0,0,0,0,0
343,L9791,DynamicContainerTestDescriptor,org.junit.jupiter.engine.descriptor.DynamicContainerTestDescriptor,L9250,L103,C:\Users\domco\Desktop\DP\repos\junit5\junit-jupiter-engine\src\main\java\org\junit\jupiter\engine\descriptor\DynamicContainerTestDescriptor.java,33,1,75,2,0.0,0,0,0,0.0,0.0,0,0,1,1,1,4,12,0,0,3,7,0.333333,0.175,7,5,1,2,0.175,7,4,5,0,0,1,33,43,12,16,3,1,4,0,2,0,53,10,0,37,1,33,43,12,16,3,1,4,0,2,0,53,10,0,37,1,0,0,14,0,0,0,0,0,0,0,1,0,11,0,0,0,0,0,0,2,0
344,L9802,DynamicDescendantFilter,org.junit.jupiter.engine.descriptor.DynamicDescendantFilter,L9250,L103,C:\Users\domco\Desktop\DP\repos\junit5\junit-jupiter-engine\src\main\java\org\junit\jupiter\engine\descriptor\DynamicDescendantFilter.java,30,1,59,2,0.0,0,0,0,0.0,0.0,0,0,2,1,1,7,2,5,5,1,5,0.25,0.25,7,7,1,3,0.225806,7,0,0,0,0,0,21,27,2,0,2,0,4,0,3,0,4,6,0,3,0,24,30,4,0,4,0,4,2,3,0,4,6,2,3,0,0,0,20,0,0,0,0,0,1,0,0,0,13,0,0,0,0,0,0,6,0
345,L9886,DynamicExtensionContext,org.junit.jupiter.engine.descriptor.DynamicExtensionContext,L9250,L103,C:\Users\domco\Desktop\DP\repos\junit5\junit-jupiter-engine\src\main\java\org\junit\jupiter\engine\descriptor\DynamicExtensionContext.java,23,1,64,2,0.0,0,0,0,0.0,0.0,0,0,0,0,0,8,8,1,1,1,9,0.0,0.0,0,0,0,8,0.0,0,2,2,0,0,1,34,42,6,19,0,7,8,0,7,0,26,8,0,22,0,34,42,6,19,0,7,8,0,7,0,26,8,0,22,0,0,0,21,0,0,0,0,0,0,0,0,0,19,0,0,0,0,0,0,2,0
346,L9793,DynamicNodeTestDescriptor,org.junit.jupiter.engine.descriptor.DynamicNodeTestDescriptor,L9250,L103,C:\Users\domco\Desktop\DP\repos\junit5\junit-jupiter-engine\src\main\java\org\junit\jupiter\engine\descriptor\DynamicNodeTestDescriptor.java,25,1,61,2,0.0,0,0,0,0.0,0.0,0,0,2,0,0,4,10,3,2,11,15,0.25,0.25,9,5,1,3,0.25,9,3,4,2,2,1,27,37,9,16,1,1,4,0,3,0,51,6,0,37,1,27,37,9,16,1,1,4,0,3,0,51,6,0,37,1,0,0,11,0,0,0,0,0,1,0,0,0,9,0,0,0,0,0,0,1,0
347,L9928,DynamicTestTestDescriptor,org.junit.jupiter.engine.descriptor.DynamicTestTestDescriptor,L9250,L103,C:\Users\domco\Desktop\DP\repos\junit5\junit-jupiter-engine\src\main\java\org\junit\jupiter\engine\descriptor\DynamicTestTestDescriptor.java,31,1,77,2,0.0,0,0,0,0.0,0.0,0,0,2,0,0,4,15,0,0,6,10,0.5,0.325581,14,14,2,2,0.325581,14,4,5,0,0,1,29,47,11,16,2,1,4,0,3,0,52,10,0,37,1,29,47,11,16,2,1,4,0,3,0,52,10,0,37,1,0,0,10,0,0,0,0,0,1,0,1,0,7,0,0,0,0,0,0,1,0
348,L9958,ExtensionUtils,org.junit.jupiter.engine.descriptor.ExtensionUtils,L9250,L103,C:\Users\domco\Desktop\DP\repos\junit5\junit-jupiter-engine\src\main\java\org\junit\jupiter\engine\descriptor\ExtensionUtils.java,46,1,131,2,0.0,0,0,0,0.0,0.0,0,0,2,0,0,5,8,3,4,5,9,1.0,0.616438,45,39,1,0,0.616438,45,0,0,0,0,0,28,86,1,1,1,1,4,0,0,0,4,11,0,0,0,28,86,1,1,1,1,4,0,0,0,4,11,0,0,0,0,0,1,0,3,0,0,3,1,0,0,0,0,0,0,0,0,0,0,0,0
349,L9999,JupiterEngineDescriptor,org.junit.jupiter.engine.descriptor.JupiterEngineDescriptor,L9250,L103,C:\Users\domco\Desktop\DP\repos\junit5\junit-jupiter-engine\src\main\java\org\junit\jupiter\engine\descriptor\JupiterEngineDescriptor.java,29,1,70,2,0.0,0,0,0,0.0,0.0,0,0,2,0,0,5,13,7,5,12,17,0.166667,0.135135,5,3,1,5,0.135135,5,3,4,0,0,2,32,42,7,12,2,2,5,1,5,0,40,9,1,38,1,32,42,7,12,2,2,5,1,5,0,40,9,1,38,1,0,0,20,0,0,0,0,0,1,0,1,0,13,0,0,1,0,0,0,4,0
350,L10019,JupiterEngineExtensionContext,org.junit.jupiter.engine.descriptor.JupiterEngineExtensionContext,L9250,L103,C:\Users\domco\Desktop\DP\repos\junit5\junit-jupiter-engine\src\main\java\org\junit\jupiter\engine\descriptor\JupiterEngineExtensionContext.java,25,1,68,2,0.0,0,0,0,0.0,0.0,0,0,0,0,0,8,6,2,4,1,9,0.125,0.0810811,3,3,1,7,0.0810811,3,2,2,0,0,1,34,44,6,19,0,7,8,0,7,0,26,8,0,22,0,34,44,6,19,0,7,8,0,7,0,26,8,0,22,0,0,0,21,0,0,0,0,0,0,0,0,0,19,0,0,0,0,0,0,2,0
351,L9372,JupiterTestDescriptor,org.junit.jupiter.engine.descriptor.JupiterTestDescriptor,L9250,L103,C:\Users\domco\Desktop\DP\repos\junit5\junit-jupiter-engine\src\main\java\org\junit\jupiter\engine\descriptor\JupiterTestDescriptor.java,57,1,238,2,0.0,0,0,0,0.0,0.0,0,0,5,2,2,28,31,10,13,23,39,0.5,0.178571,25,12,3,3,0.206667,31,2,3,3,11,2,115,173,8,16,3,6,16,0,5,0,49,44,0,36,1,119,182,8,16,3,6,17,0,6,0,50,44,0,37,1,0,0,30,3,9,2,0,7,1,0,1,0,25,0,1,1,0,2,0,2,0
352,L10147,LifecycleMethodUtils,org.junit.jupiter.engine.descriptor.LifecycleMethodUtils,L9250,L103,C:\Users\domco\Desktop\DP\repos\junit5\junit-jupiter-engine\src\main\java\org\junit\jupiter\engine\descriptor\LifecycleMethodUtils.java,33,1,100,2,0.0,0,0,0,0.0,0.0,0,0,4,1,1,15,8,2,9,5,16,1.0,0.0983607,6,5,1,0,0.0983607,6,0,0,0,0,0,55,68,0,0,0,0,11,0,0,0,11,20,0,0,0,55,68,0,0,0,0,11,0,0,0,11,20,0,0,0,0,0,23,0,4,0,0,4,1,0,0,0,22,0,0,0,0,0,0,0,0
353,L10198,MethodBasedTestDescriptor,org.junit.jupiter.engine.descriptor.MethodBasedTestDescriptor,L9250,L103,C:\Users\domco\Desktop\DP\repos\junit5\junit-jupiter-engine\src\main\java\org\junit\jupiter\engine\descriptor\MethodBasedTestDescriptor.java,36,1,95,2,0.0,0,0,0,0.0,0.0,0,0,0,0,0,8,11,12,28,9,17,0.166667,0.173077,9,8,1,5,0.173077,9,3,4,2,4,1,43,60,11,20,3,6,8,0,5,0,55,13,0,39,1,43,60,11,20,3,6,8,0,5,0,55,13,0,39,1,0,0,22,0,0,0,0,0,0,0,1,0,19,0,0,0,0,0,0,2,1.0
354,L10231,MethodExtensionContext,org.junit.jupiter.engine.descriptor.MethodExtensionContext,L9250,L103,C:\Users\domco\Desktop\DP\repos\junit5\junit-jupiter-engine\src\main\java\org\junit\jupiter\engine\descriptor\MethodExtensionContext.java,27,1,81,2,0.0,0,0,0,0.0,0.0,0,0,0,0,0,9,9,2,5,6,15,0.125,0.0681818,3,3,1,7,0.0681818,3,2,2,0,0,1,41,55,8,19,2,7,9,0,7,1,27,10,0,22,1,41,55,8,19,2,7,9,0,7,1,27,10,0,22,1,0,0,23,0,1,0,0,1,0,0,0,0,21,0,0,0,0,0,0,2,0
355,L10261,MethodSourceSupport,org.junit.jupiter.engine.descriptor.MethodSourceSupport,L9250,L103,C:\Users\domco\Desktop\DP\repos\junit5\junit-jupiter-engine\src\main\java\org\junit\jupiter\engine\descriptor\MethodSourceSupport.java,28,1,67,2,0.0,0,0,0,0.0,0.0,0,0,1,0,0,1,3,1,1,5,6,1.0,0.595238,25,25,1,0,0.595238,25,0,0,0,0,0,17,40,1,0,1,0,1,0,0,0,1,7,0,0,0,17,40,1,0,1,0,1,0,0,0,1,7,0,0,0,0,0,0,0,2,0,0,2,0,0,0,0,0,0,0,0,0,0,0,0,0
356,L10282,NestedClassTestDescriptor,org.junit.jupiter.engine.descriptor.NestedClassTestDescriptor,L9250,L103,C:\Users\domco\Desktop\DP\repos\junit5\junit-jupiter-engine\src\main\java\org\junit\jupiter\engine\descriptor\NestedClassTestDescriptor.java,44,1,88,2,0.0,0,0,0,0.0,0.0,0,0,1,1,1,5,13,6,5,9,13,0.5,0.304348,14,12,2,2,0.304348,14,4,5,0,0,1,32,45,17,21,1,2,4,1,3,0,80,14,1,41,2,32,45,17,21,1,2,4,1,3,0,80,14,1,41,2,0,0,15,0,0,0,0,0,0,0,1,0,7,0,0,0,0,0,0,7,1.0
357,L10307,TestFactoryTestDescriptor,org.junit.jupiter.engine.descriptor.TestFactoryTestDescriptor,L9250,L103,C:\Users\domco\Desktop\DP\repos\junit5\junit-jupiter-engine\src\main\java\org\junit\jupiter\engine\descriptor\TestFactoryTestDescriptor.java,51,1,204,2,0.0,0,0,0,0.0,0.0,0,0,7,1,1,17,29,7,10,16,27,0.714286,0.235294,28,26,5,2,0.235294,28,5,7,0,0,2,91,154,22,22,6,2,11,3,6,0,83,35,4,45,1,91,154,22,22,6,2,11,3,6,0,83,35,4,45,1,0,0,34,0,2,0,0,2,1,0,1,0,21,0,0,2,0,0,0,9,0
358,L10391,TestInstanceLifecycleUtils,org.junit.jupiter.engine.descriptor.TestInstanceLifecycleUtils,L9250,L103,C:\Users\domco\Desktop\DP\repos\junit5\junit-jupiter-engine\src\main\java\org\junit\jupiter\engine\descriptor\TestInstanceLifecycleUtils.java,28,1,46,2,0.0,0,0,0,0.0,0.0,0,0,0,0,0,2,5,2,6,2,4,1.0,0.454545,10,7,1,0,0.454545,10,0,0,0,0,0,12,19,0,1,0,1,2,0,0,0,2,3,0,0,0,12,19,0,1,0,1,2,0,0,0,2,3,0,0,0,0,0,2,0,1,0,0,1,0,0,0,0,2,0,0,0,0,0,0,0,0
359,L10234,TestMethodTestDescriptor,org.junit.jupiter.engine.descriptor.TestMethodTestDescriptor,L9250,L103,C:\Users\domco\Desktop\DP\repos\junit5\junit-jupiter-engine\src\main\java\org\junit\jupiter\engine\descriptor\TestMethodTestDescriptor.java,71,1,361,2,0.0583942,1,2,2,0.0790378,0.0650888,23,11,4,3,3,32,36,10,15,27,50,0.571429,0.202899,42,37,4,3,0.21028,45,4,5,2,2,1,165,285,16,20,5,1,23,1,6,0,73,62,1,40,1,169,291,16,20,5,1,24,1,7,0,74,62,1,41,1,0,0,71,5,0,1,12,0,1,0,3,0,46,0,4,0,0,0,0,9,1.0
360,L10533,TestTemplateExtensionContext,org.junit.jupiter.engine.descriptor.TestTemplateExtensionContext,L9250,L103,C:\Users\domco\Desktop\DP\repos\junit5\junit-jupiter-engine\src\main\java\org\junit\jupiter\engine\descriptor\TestTemplateExtensionContext.java,26,1,73,2,0.0,0,0,0,0.0,0.0,0,0,0,0,0,8,8,1,1,5,13,0.125,0.075,3,3,1,7,0.075,3,2,2,0,0,1,37,48,7,19,1,7,8,0,7,0,26,9,0,22,0,37,48,7,19,1,7,8,0,7,0,26,9,0,22,0,0,0,21,0,0,0,0,0,0,0,0,0,19,0,0,0,0,0,0,2,0
361,L10557,TestTemplateInvocationTestDescriptor,org.junit.jupiter.engine.descriptor.TestTemplateInvocationTestDescriptor,L9250,L103,C:\Users\domco\Desktop\DP\repos\junit5\junit-jupiter-engine\src\main\java\org\junit\jupiter\engine\descriptor\TestTemplateInvocationTestDescriptor.java,36,1,78,2,0.0,0,0,0,0.0,0.0,0,0,1,0,0,5,9,4,2,6,11,0.25,0.190476,8,6,1,3,0.190476,8,5,6,0,0,1,34,43,20,22,4,2,5,1,3,0,77,9,2,42,1,34,43,20,22,4,2,5,1,3,0,77,9,2,42,1,0,0,22,0,0,0,0,0,0,0,0,0,13,0,0,1,0,0,0,8,0
362,L10536,TestTemplateTestDescriptor,org.junit.jupiter.engine.descriptor.TestTemplateTestDescriptor,L9250,L103,C:\Users\domco\Desktop\DP\repos\junit5\junit-jupiter-engine\src\main\java\org\junit\jupiter\engine\descriptor\TestTemplateTestDescriptor.java,41,1,146,2,0.0,0,0,0,0.0,0.0,0,0,4,1,1,11,22,5,5,23,33,0.571429,0.175824,16,9,4,3,0.175824,16,4,6,0,0,2,75,106,13,21,2,2,10,1,6,0,61,23,1,41,1,75,106,13,21,2,2,10,1,6,0,61,23,1,41,1,0,0,32,0,0,0,0,0,1,0,2,0,21,0,0,2,0,0,0,6,0
363,L9127,CustomDisplayNameGenerator,org.junit.jupiter.engine.descriptor.CustomDisplayNameGenerator,L9250,L103,C:\Users\domco\Desktop\DP\repos\junit5\junit-jupiter-engine\src\test\java\org\junit\jupiter\engine\descriptor\CustomDisplayNameGenerator.java,17,1,33,2,0.0,0,0,0,0.0,0.0,0,0,3,0,0,3,1,9,0,0,3,0.0,0.0,0,0,0,4,0.0,0,1,1,0,0,1,14,17,0,0,0,0,3,0,3,0,4,3,0,4,0,14,17,0,0,0,0,3,0,3,0,4,3,0,4,0,0,0,10,0,0,0,0,0,1,0,0,0,9,0,0,0,0,0,0,0,0
364,L10642,DisplayNameUtilsTests,org.junit.jupiter.engine.descriptor.DisplayNameUtilsTests,L9250,L103,C:\Users\domco\Desktop\DP\repos\junit5\junit-jupiter-engine\src\test\java\org\junit\jupiter\engine\descriptor\DisplayNameUtilsTests.java,36,1,191,2,0.0,0,0,0,0.0,0.0,0,0,1,0,0,1,2,1,1,1,2,1.0,0.454545,5,5,1,0,0.0416667,5,0,0,0,0,0,6,17,0,0,0,0,1,0,0,0,1,1,0,0,0,115,156,3,0,3,0,12,0,0,0,12,33,0,0,0,0,0,56,3,19,1,0,14,1,0,0,5,55,1,1,0,0,0,0,0,0
365,L10704,ExtensionContextTests,org.junit.jupiter.engine.descriptor.ExtensionContextTests,L9250,L103,C:\Users\domco\Desktop\DP\repos\junit5\junit-jupiter-engine\src\test\java\org\junit\jupiter\engine\descriptor\ExtensionContextTests.java,59,1,333,2,0.0,0,0,0,0.0,0.0,0,0,1,1,1,13,32,0,0,37,48,1.0,0.0825688,18,8,1,0,0.0746888,18,0,0,0,0,0,200,247,1,0,1,0,11,0,0,1,11,102,0,0,1,223,275,2,1,1,1,15,0,3,1,16,105,1,4,1,0,0,49,4,35,25,0,9,1,0,4,2,41,1,2,0,0,0,0,3,0
366,L10789,JupiterTestDescriptorTests,org.junit.jupiter.engine.descriptor.JupiterTestDescriptorTests,L9250,L103,C:\Users\domco\Desktop\DP\repos\junit5\junit-jupiter-engine\src\test\java\org\junit\jupiter\engine\descriptor\JupiterTestDescriptorTests.java,52,1,406,2,0.0,0,0,0,0.0,0.0,0,0,1,0,0,18,28,0,0,22,40,1.0,0.078125,15,7,1,0,0.0711744,20,0,0,0,0,0,177,244,2,0,2,0,18,0,0,1,18,102,0,0,1,261,355,2,0,2,0,35,0,1,1,36,102,0,2,1,0,0,98,20,103,58,0,35,5,0,1,9,91,17,3,0,0,1,0,1,0
367,L10917,LifecycleMethodUtilsTests,org.junit.jupiter.engine.descriptor.LifecycleMethodUtilsTests,L9250,L103,C:\Users\domco\Desktop\DP\repos\junit5\junit-jupiter-engine\src\test\java\org\junit\jupiter\engine\descriptor\LifecycleMethodUtilsTests.java,39,1,137,2,0.0,0,0,0,0.0,0.0,0,0,7,0,0,13,6,0,0,6,19,1.0,0.0595238,5,5,1,0,0.0595238,5,0,0,0,0,0,79,99,0,0,0,0,13,0,0,0,13,24,0,0,0,79,99,0,0,0,0,13,0,0,0,13,24,0,0,0,0,0,29,0,27,15,0,12,1,0,0,0,28,0,0,0,0,0,0,0,0
368,L10925,TestCaseWithStandardLifecycle,org.junit.jupiter.engine.descriptor.TestCaseWithStandardLifecycle,L9250,L103,C:\Users\domco\Desktop\DP\repos\junit5\junit-jupiter-engine\src\test\java\org\junit\jupiter\engine\descriptor\LifecycleMethodUtilsTests.java,139,1,169,2,0.0,0,0,0,0.0,0.0,0,0,7,0,0,7,4,1,0,0,7,0.0,0.0,0,0,0,1,0.0,0,0,0,0,0,0,23,31,0,0,0,0,7,0,0,0,7,0,0,0,0,23,31,0,0,0,0,7,0,0,0,7,0,0,0,0,0,0,18,0,15,0,0,7,1,0,0,0,17,7,1,0,0,0,0,0,0
369,L10934,TestCaseWithLifecyclePerClass,org.junit.jupiter.engine.descriptor.TestCaseWithLifecyclePerClass,L9250,L103,C:\Users\domco\Desktop\DP\repos\junit5\junit-jupiter-engine\src\test\java\org\junit\jupiter\engine\descriptor\LifecycleMethodUtilsTests.java,171,1,190,2,0.0,0,0,0,0.0,0.0,0,0,4,0,0,4,3,1,0,0,4,0.0,0.0,0,0,0,1,0.0,0,0,0,0,0,0,15,20,0,0,0,0,4,0,0,0,4,0,0,0,0,15,20,0,0,0,0,4,0,0,0,4,0,0,0,0,0,0,12,0,9,0,0,4,1,0,0,0,11,4,1,0,0,0,0,0,0
370,L10954,TestCaseWithNonVoidLifecyleMethods,org.junit.jupiter.engine.descriptor.TestCaseWithNonVoidLifecyleMethods,L9250,L103,C:\Users\domco\Desktop\DP\repos\junit5\junit-jupiter-engine\src\test\java\org\junit\jupiter\engine\descriptor\LifecycleMethodUtilsTests.java,192,1,214,2,0.0,0,0,0,0.0,0.0,0,0,4,0,0,4,4,0,0,0,4,0.0,0.0,0,0,0,1,0.0,0,0,0,0,0,0,18,23,0,0,0,0,4,0,0,0,4,4,0,0,0,18,23,0,0,0,0,4,0,0,0,4,4,0,0,0,0,0,12,0,9,0,0,8,1,0,0,0,11,0,1,0,0,0,0,0,0
371,L10986,TestFactoryTestDescriptorTests,org.junit.jupiter.engine.descriptor.TestFactoryTestDescriptorTests,L9250,L103,C:\Users\domco\Desktop\DP\repos\junit5\junit-jupiter-engine\src\test\java\org\junit\jupiter\engine\descriptor\TestFactoryTestDescriptorTests.java,50,1,197,2,0.0,0,0,0,0.0,0.0,0,0,0,0,0,0,0,0,0,0,0,1.0,0.714286,5,5,1,0,0.104,13,0,0,0,0,0,2,9,0,0,0,0,0,0,0,0,0,0,0,0,0,112,148,6,0,6,0,11,0,0,0,11,59,0,0,0,0,0,33,1,14,5,0,9,1,0,1,1,31,0,0,0,0,0,0,0,0
372,L11082,TestInstanceLifecycleUtilsTests,org.junit.jupiter.engine.descriptor.TestInstanceLifecycleUtilsTests,L9250,L103,C:\Users\domco\Desktop\DP\repos\junit5\junit-jupiter-engine\src\test\java\org\junit\jupiter\engine\descriptor\TestInstanceLifecycleUtilsTests.java,46,1,118,2,0.0,0,0,0,0.0,0.0,0,0,0,0,0,6,10,0,0,4,10,1.0,0.178571,10,10,1,0,0.142857,10,0,0,0,0,0,46,59,1,6,1,6,6,0,0,0,6,20,0,0,0,60,73,1,6,1,6,6,0,0,0,6,20,0,0,0,0,2,27,0,9,1,0,8,0,0,0,0,26,0,2,0,0,0,0,1,0
373,L11111,TestTemplateInvocationTestDescriptorTests,org.junit.jupiter.engine.descriptor.TestTemplateInvocationTestDescriptorTests,L9250,L103,C:\Users\domco\Desktop\DP\repos\junit5\junit-jupiter-engine\src\test\java\org\junit\jupiter\engine\descriptor\TestTemplateInvocationTestDescriptorTests.java,28,1,56,2,0.0,0,0,0,0.0,0.0,0,0,1,0,0,1,11,0,0,9,10,0.0,0.0,0,0,0,1,0.0,0,0,0,0,0,0,18,23,0,0,0,0,1,0,0,0,1,10,0,0,0,24,29,0,0,0,0,2,0,0,0,2,10,0,0,0,0,0,11,1,4,1,0,2,0,0,1,1,10,1,0,0,0,0,0,0,0
374,L11125,TestTemplateTestDescriptorTests,org.junit.jupiter.engine.descriptor.TestTemplateTestDescriptorTests,L9250,L103,C:\Users\domco\Desktop\DP\repos\junit5\junit-jupiter-engine\src\test\java\org\junit\jupiter\engine\descriptor\TestTemplateTestDescriptorTests.java,34,1,113,2,0.430868,1,2,2,0.275,0.290323,22,18,1,0,0,4,11,0,0,8,12,1.0,0.0961538,5,5,1,0,0.0746269,5,0,0,0,0,0,47,62,1,0,1,0,4,0,0,0,4,22,0,0,0,62,80,6,10,1,2,7,0,2,0,32,24,0,25,1,0,0,38,5,6,0,15,4,0,0,1,4,22,1,2,0,0,0,0,0,0
375,L11167,ClassSelectorResolver,org.junit.jupiter.engine.discovery.ClassSelectorResolver,L11153,L103,C:\Users\domco\Desktop\DP\repos\junit5\junit-jupiter-engine\src\main\java\org\junit\jupiter\engine\discovery\ClassSelectorResolver.java,51,1,162,2,0.0,0,0,0,0.0,0.0,0,0,3,2,2,17,19,0,0,21,30,0.25,0.0705882,6,3,1,3,0.0705882,6,1,1,0,0,1,79,112,4,0,4,0,9,0,3,0,19,32,0,13,0,79,112,4,0,4,0,9,0,3,0,19,32,0,13,0,0,0,21,0,0,0,0,0,1,0,1,0,19,0,0,0,0,0,0,0,0
376,L11271,DefaultMethodDescriptor,org.junit.jupiter.engine.discovery.DefaultMethodDescriptor,L11153,L103,C:\Users\domco\Desktop\DP\repos\junit5\junit-jupiter-engine\src\main\java\org\junit\jupiter\engine\discovery\DefaultMethodDescriptor.java,30,1,70,2,0.0,0,0,0,0.0,0.0,0,0,1,0,0,7,5,0,0,8,15,0.166667,0.157895,6,6,1,5,0.157895,6,1,1,0,0,1,32,41,1,2,1,2,7,0,5,0,7,10,0,5,0,32,41,1,2,1,2,7,0,5,0,7,10,0,5,0,0,0,17,0,1,0,0,1,0,0,0,0,17,0,0,0,0,0,0,0,0
377,L11295,DefaultMethodOrdererContext,org.junit.jupiter.engine.discovery.DefaultMethodOrdererContext,L11153,L103,C:\Users\domco\Desktop\DP\repos\junit5\junit-jupiter-engine\src\main\java\org\junit\jupiter\engine\discovery\DefaultMethodOrdererContext.java,26,1,60,2,0.0,0,0,0,0.0,0.0,0,0,1,0,0,5,4,0,0,4,9,0.2,0.15625,5,5,1,4,0.15625,5,1,1,0,0,1,27,35,3,3,3,3,5,0,4,0,5,7,0,4,0,27,35,3,3,3,3,5,0,4,0,5,7,0,4,0,0,0,13,0,0,0,0,0,0,0,0,0,13,0,0,0,0,0,0,0,0
378,L11312,DiscoverySelectorResolver,org.junit.jupiter.engine.discovery.DiscoverySelectorResolver,L11153,L103,C:\Users\domco\Desktop\DP\repos\junit5\junit-jupiter-engine\src\main\java\org\junit\jupiter\engine\discovery\DiscoverySelectorResolver.java,31,1,48,2,0.0,0,0,0,0.0,0.0,0,0,1,0,0,1,4,2,2,6,7,1.0,0.458333,11,11,2,0,0.458333,11,0,0,0,0,0,13,18,1,0,1,0,1,0,1,0,1,1,0,1,0,13,18,1,0,1,0,1,0,1,0,1,1,0,1,0,0,0,0,0,0,0,0,0,0,0,0,0,0,0,0,0,0,0,0,0,0
379,L11340,MethodFinder,org.junit.jupiter.engine.discovery.MethodFinder,L11153,L103,C:\Users\domco\Desktop\DP\repos\junit5\junit-jupiter-engine\src\main\java\org\junit\jupiter\engine\discovery\MethodFinder.java,24,1,40,2,0.0,0,0,0,0.0,0.0,0,0,1,0,0,1,2,1,0,2,3,1.0,0.266667,4,4,1,0,0.266667,4,0,0,0,0,0,11,17,1,0,1,0,1,0,0,0,1,5,0,0,0,11,17,1,0,1,0,1,0,0,0,1,5,0,0,0,0,0,2,0,1,0,0,1,0,0,0,0,2,0,0,0,0,0,0,0,0
380,L11360,MethodOrderingVisitor,org.junit.jupiter.engine.discovery.MethodOrderingVisitor,L11153,L103,C:\Users\domco\Desktop\DP\repos\junit5\junit-jupiter-engine\src\main\java\org\junit\jupiter\engine\discovery\MethodOrderingVisitor.java,37,1,120,2,0.0,0,0,0,0.0,0.0,0,0,1,2,2,5,9,0,0,5,8,0.5,0.490566,26,6,1,1,0.490566,26,1,1,0,0,1,27,84,2,0,2,0,3,0,1,0,3,8,0,1,0,27,84,2,0,2,0,3,0,1,0,3,8,0,1,0,0,0,5,1,0,0,0,0,0,0,0,0,5,0,1,0,0,0,0,0,0
381,L11384,MethodSelectorResolver,org.junit.jupiter.engine.discovery.MethodSelectorResolver,L11153,L103,C:\Users\domco\Desktop\DP\repos\junit5\junit-jupiter-engine\src\main\java\org\junit\jupiter\engine\discovery\MethodSelectorResolver.java,56,1,221,2,0.0,0,0,0,0.0,0.0,0,0,3,1,1,8,14,0,0,10,16,0.25,0.134615,7,3,1,3,0.0813008,10,1,1,0,0,1,45,80,3,0,3,0,6,0,3,0,16,10,0,13,0,113,166,9,0,9,0,15,3,3,0,40,30,3,13,0,0,0,62,0,0,0,0,0,2,0,1,0,45,0,0,0,0,0,0,14,1.0
382,L11881,DiscoverySelectorResolverTests,org.junit.jupiter.engine.discovery.DiscoverySelectorResolverTests,L11153,L103,C:\Users\domco\Desktop\DP\repos\junit5\junit-jupiter-engine\src\test\java\org\junit\jupiter\engine\discovery\DiscoverySelectorResolverTests.java,92,1,783,2,0.23049,5,11,11,0.182081,0.191729,126,102,1,1,1,56,53,0,0,48,104,1.0,0.0550622,31,3,1,0,0.0550622,31,0,0,0,0,0,532,692,3,1,3,1,56,0,0,1,56,316,0,0,1,532,692,3,1,3,1,56,0,0,1,56,316,0,0,1,0,0,182,9,118,71,66,47,0,0,6,3,108,0,6,0,0,0,0,2,1.0
383,L11899,NonTestClass,org.junit.jupiter.engine.discovery.NonTestClass,L11153,L103,C:\Users\domco\Desktop\DP\repos\junit5\junit-jupiter-engine\src\test\java\org\junit\jupiter\engine\discovery\DiscoverySelectorResolverTests.java,787,1,788,2,0.0,0,0,0,0.0,0.0,0,0,0,0,0,0,0,1,0,0,0,1.0,0.333333,1,1,1,0,0.333333,1,0,0,0,0,0,2,2,0,0,0,0,0,0,0,0,0,0,0,0,0,2,2,0,0,0,0,0,0,0,0,0,0,0,0,0,0,0,0,0,1,0,0,0,0,0,0,0,0,0,1,0,0,0,0,0,0
384,L11904,AbstractTestClass,org.junit.jupiter.engine.discovery.AbstractTestClass,L11153,L103,C:\Users\domco\Desktop\DP\repos\junit5\junit-jupiter-engine\src\test\java\org\junit\jupiter\engine\discovery\DiscoverySelectorResolverTests.java,790,1,795,2,0.0,0,0,0,0.0,0.0,0,0,1,0,0,1,1,1,0,0,1,0.0,0.0,0,0,0,1,0.0,0,0,0,0,0,0,5,6,0,0,0,0,1,0,0,0,1,0,0,0,0,5,6,0,0,0,0,1,0,0,0,1,0,0,0,0,0,0,5,2,3,2,0,2,0,0,0,0,5,1,0,0,0,0,0,0,0
385,L11910,MyTestClass,org.junit.jupiter.engine.discovery.MyTestClass,L11153,L103,C:\Users\domco\Desktop\DP\repos\junit5\junit-jupiter-engine\src\test\java\org\junit\jupiter\engine\discovery\DiscoverySelectorResolverTests.java,797,1,814,2,0.0,0,0,0,0.0,0.0,0,0,4,0,0,4,3,2,0,0,4,0.0,0.0,0,0,0,1,0.0,0,0,0,1,1,0,14,18,0,0,0,0,4,0,0,0,4,1,0,0,0,14,18,0,0,0,0,4,0,0,0,4,1,0,0,0,0,0,12,2,7,2,0,4,1,0,0,0,11,3,0,0,0,0,0,0,0
386,L11933,YourTestClass,org.junit.jupiter.engine.discovery.YourTestClass,L11153,L103,C:\Users\domco\Desktop\DP\repos\junit5\junit-jupiter-engine\src\test\java\org\junit\jupiter\engine\discovery\DiscoverySelectorResolverTests.java,816,1,825,2,0.0,0,0,0,0.0,0.0,0,0,2,0,0,2,1,1,0,0,2,0.0,0.0,0,0,0,1,0.0,0,0,0,0,0,0,8,10,0,0,0,0,2,0,0,0,2,0,0,0,0,8,10,0,0,0,0,2,0,0,0,2,0,0,0,0,0,0,8,2,4,2,0,2,1,0,0,0,7,2,0,0,0,0,0,0,0
387,L11955,HerTestClass,org.junit.jupiter.engine.discovery.HerTestClass,L11153,L103,C:\Users\domco\Desktop\DP\repos\junit5\junit-jupiter-engine\src\test\java\org\junit\jupiter\engine\discovery\DiscoverySelectorResolverTests.java,827,1,832,2,0.0,0,0,0,0.0,0.0,0,0,1,0,0,1,2,1,0,0,1,0.0,0.0,0,0,0,1,0.0,0,1,1,0,0,1,5,6,0,0,0,0,1,0,0,0,5,0,0,0,0,5,6,0,0,0,0,1,0,0,0,5,0,0,0,0,0,0,5,1,2,1,0,1,0,0,0,0,5,1,0,0,0,0,0,0,0
388,L11950,OtherTestClass,org.junit.jupiter.engine.discovery.OtherTestClass,L11153,L103,C:\Users\domco\Desktop\DP\repos\junit5\junit-jupiter-engine\src\test\java\org\junit\jupiter\engine\discovery\DiscoverySelectorResolverTests.java,834,1,846,2,0.0,0,0,0,0.0,0.0,0,0,0,0,0,0,0,1,0,0,0,0.0,0.0,0,0,0,1,0.0,0,0,0,0,0,0,2,3,0,0,0,0,0,0,0,0,0,0,0,0,0,10,13,0,0,0,0,2,0,0,0,2,0,0,0,0,0,0,11,2,5,2,0,2,1,0,0,0,10,2,1,0,0,0,0,0,0
389,L12035,TestCaseWithNesting,org.junit.jupiter.engine.discovery.TestCaseWithNesting,L11153,L103,C:\Users\domco\Desktop\DP\repos\junit5\junit-jupiter-engine\src\test\java\org\junit\jupiter\engine\discovery\DiscoverySelectorResolverTests.java,848,1,869,2,0.0,0,0,0,0.0,0.0,0,0,1,0,0,1,1,1,0,0,1,0.0,0.0,0,0,0,1,0.0,0,0,0,0,0,0,5,7,0,0,0,0,1,0,0,0,1,0,0,0,0,17,22,0,0,0,0,3,0,0,0,3,0,0,0,0,0,0,15,3,6,3,0,3,0,0,0,0,15,3,0,0,0,0,0,0,0
390,L12051,TestClassWithTemplate,org.junit.jupiter.engine.discovery.TestClassWithTemplate,L11153,L103,C:\Users\domco\Desktop\DP\repos\junit5\junit-jupiter-engine\src\test\java\org\junit\jupiter\engine\discovery\DiscoverySelectorResolverTests.java,871,1,876,2,0.0,0,0,0,0.0,0.0,0,0,1,0,0,1,1,1,0,0,1,0.0,0.0,0,0,0,1,0.0,0,0,0,0,0,0,5,6,0,0,0,0,1,0,0,0,1,0,0,0,0,5,6,0,0,0,0,1,0,0,0,1,0,0,0,0,0,0,5,0,3,0,0,1,0,0,0,0,5,1,1,0,0,0,0,0,0
391,L12073,MatchingClass,org.junit.jupiter.engine.discovery.MatchingClass,L11153,L103,C:\Users\domco\Desktop\DP\repos\junit5\junit-jupiter-engine\src\test\java\org\junit\jupiter\engine\discovery\DiscoverySelectorResolverTests.java,878,1,885,2,0.0,0,0,0,0.0,0.0,0,0,0,0,0,0,0,1,0,0,0,0.0,0.0,0,0,0,1,0.0,0,0,0,0,0,0,2,2,0,0,0,0,0,0,0,0,0,0,0,0,0,8,8,0,0,0,0,1,0,0,0,1,0,0,0,0,0,0,8,1,3,1,0,1,0,0,0,0,8,1,1,0,0,0,0,0,0
392,L12084,OtherClass,org.junit.jupiter.engine.discovery.OtherClass,L11153,L103,C:\Users\domco\Desktop\DP\repos\junit5\junit-jupiter-engine\src\test\java\org\junit\jupiter\engine\discovery\DiscoverySelectorResolverTests.java,887,1,891,2,0.0,0,0,0,0.0,0.0,0,0,1,0,0,1,1,1,0,0,1,0.0,0.0,0,0,0,1,0.0,0,0,0,0,0,0,5,5,0,0,0,0,1,0,0,0,1,0,0,0,0,5,5,0,0,0,0,1,0,0,0,1,0,0,0,0,0,0,5,1,2,1,0,1,0,0,0,0,5,1,0,0,0,0,0,0,0
393,L12145,DiscoveryTests,org.junit.jupiter.engine.discovery.DiscoveryTests,L11153,L103,C:\Users\domco\Desktop\DP\repos\junit5\junit-jupiter-engine\src\test\java\org\junit\jupiter\engine\discovery\DiscoveryTests.java,45,1,230,2,0.0,0,0,0,0.0,0.0,0,0,1,0,0,11,24,0,0,18,29,1.0,0.049505,5,5,1,0,0.0466667,7,1,1,0,0,1,96,127,1,0,0,0,11,0,0,0,17,44,0,0,0,143,186,1,0,0,0,20,0,0,0,26,44,0,0,0,0,0,65,10,32,11,0,21,1,0,1,1,63,8,1,0,0,0,0,0,0
394,L12202,JupiterUniqueIdBuilder,org.junit.jupiter.engine.discovery.JupiterUniqueIdBuilder,L11153,L103,C:\Users\domco\Desktop\DP\repos\junit5\junit-jupiter-engine\src\test\java\org\junit\jupiter\engine\discovery\JupiterUniqueIdBuilder.java,29,1,60,2,0.0,0,0,0,0.0,0.0,0,0,1,1,1,8,8,2,40,3,9,0.142857,0.21875,7,7,1,6,0.21875,7,0,0,0,0,0,25,32,0,0,0,0,6,0,6,0,6,10,0,6,0,25,32,0,0,0,0,6,0,6,0,6,10,0,6,0,0,0,15,0,0,0,0,0,0,0,0,0,15,0,0,0,0,0,0,0,0
395,L12250,ConditionEvaluationException,org.junit.jupiter.engine.execution.ConditionEvaluationException,L12216,L103,C:\Users\domco\Desktop\DP\repos\junit5\junit-jupiter-engine\src\main\java\org\junit\jupiter\engine\execution\ConditionEvaluationException.java,23,1,31,2,0.0,0,0,0,0.0,0.0,0,0,0,0,0,1,1,1,1,1,2,0.5,0.538462,7,7,1,1,0.538462,7,1,1,0,0,1,6,9,2,0,1,0,1,0,1,0,3,1,0,3,0,6,9,2,0,1,0,1,0,1,0,3,1,0,3,0,0,0,3,0,0,0,0,0,0,0,0,0,3,0,0,0,0,0,0,0,0
396,L10052,ConditionEvaluator,org.junit.jupiter.engine.execution.ConditionEvaluator,L12216,L103,C:\Users\domco\Desktop\DP\repos\junit5\junit-jupiter-engine\src\main\java\org\junit\jupiter\engine\execution\ConditionEvaluator.java,32,1,84,2,0.0,0,0,0,0.0,0.0,0,0,2,1,1,6,9,1,1,8,12,1.0,0.333333,17,15,2,0,0.333333,17,0,0,0,0,0,34,53,2,0,2,0,4,0,1,0,4,9,0,1,0,34,53,2,0,2,0,4,0,1,0,4,9,0,1,0,0,0,7,1,0,0,0,0,1,0,0,1,6,0,0,0,0,0,0,0,0
397,L12281,ConstructorInvocation<T extends Object>,org.junit.jupiter.engine.execution.ConstructorInvocation,L12216,L103,C:\Users\domco\Desktop\DP\repos\junit5\junit-jupiter-engine\src\main\java\org\junit\jupiter\engine\execution\ConstructorInvocation.java,24,1,58,2,0.0,0,0,0,0.0,0.0,0,0,1,0,0,6,3,1,1,1,7,0.0,0.0,0,0,0,6,0.0,0,1,2,0,0,2,28,35,2,4,2,4,6,0,5,0,7,7,0,6,0,28,35,2,4,2,4,6,0,5,0,7,7,0,6,0,0,0,16,1,1,2,0,0,0,0,0,0,15,0,0,1,0,0,0,0,0
398,L12303,DefaultParameterContext,org.junit.jupiter.engine.execution.DefaultParameterContext,L12216,L103,C:\Users\domco\Desktop\DP\repos\junit5\junit-jupiter-engine\src\main\java\org\junit\jupiter\engine\execution\DefaultParameterContext.java,31,1,130,2,0.154206,1,1,1,0.1,0.150943,10,8,1,1,1,12,5,1,1,10,19,0.125,0.397727,35,33,1,7,0.397727,35,1,1,0,0,1,53,100,3,5,3,4,9,0,7,0,10,16,0,8,0,53,100,3,5,3,4,9,0,7,0,10,16,0,8,0,0,0,26,0,0,0,9,0,0,0,0,0,17,0,0,0,0,0,0,0,0
399,L12341,DefaultTestInstances,org.junit.jupiter.engine.execution.DefaultTestInstances,L12216,L103,C:\Users\domco\Desktop\DP\repos\junit5\junit-jupiter-engine\src\main\java\org\junit\jupiter\engine\execution\DefaultTestInstances.java,25,1,72,2,0.0,0,0,0,0.0,0.0,0,0,1,2,2,9,2,4,8,3,10,0.0,0.0,0,0,0,7,0.0,0,1,1,0,0,1,39,48,1,3,1,3,7,0,6,0,7,15,0,6,0,39,48,1,3,1,3,7,0,6,0,7,15,0,6,0,0,0,17,0,4,0,0,3,0,0,0,1,17,0,0,0,0,0,0,0,0
400,L9376,ExecutableInvoker,org.junit.jupiter.engine.execution.ExecutableInvoker,L12216,L103,C:\Users\domco\Desktop\DP\repos\junit5\junit-jupiter-engine\src\main\java\org\junit\jupiter\engine\execution\ExecutableInvoker.java,48,1,273,2,0.0,0,0,0,0.0,0.0,0,0,1,2,2,21,18,4,4,15,23,1.0,0.396739,73,65,3,0,0.370558,73,0,0,0,0,0,111,207,2,0,2,0,8,0,2,0,8,48,0,2,0,124,226,2,0,2,0,11,0,5,0,11,49,0,5,0,0,0,21,2,1,0,0,0,0,0,1,1,20,0,1,0,0,1,0,0,0
401,L9307,ExtensionValuesStore,org.junit.jupiter.engine.execution.ExtensionValuesStore,L12216,L103,C:\Users\domco\Desktop\DP\repos\junit5\junit-jupiter-engine\src\main\java\org\junit\jupiter\engine\execution\ExtensionValuesStore.java,39,1,194,2,0.0,0,0,0,0.0,0.0,0,0,1,2,2,21,10,10,41,8,19,0.666667,0.144444,13,12,2,1,0.0948905,13,0,0,0,0,0,77,99,2,3,2,3,11,0,2,0,11,38,0,2,0,124,156,8,3,8,3,16,0,5,0,16,55,0,5,0,0,0,39,0,7,0,0,7,0,0,0,0,39,0,0,0,0,0,0,0,0
402,L9931,InvocationInterceptorChain,org.junit.jupiter.engine.execution.InvocationInterceptorChain,L12216,L103,C:\Users\domco\Desktop\DP\repos\junit5\junit-jupiter-engine\src\main\java\org\junit\jupiter\engine\execution\InvocationInterceptorChain.java,29,1,160,2,0.0,0,0,0,0.0,0.0,0,0,1,1,1,7,7,2,2,6,10,0.0,0.0,0,0,0,2,0.0,0,0,0,0,0,0,36,47,0,0,0,0,4,0,1,0,4,18,0,1,0,102,132,7,0,7,0,16,0,8,0,16,37,0,8,0,0,0,47,1,1,0,0,1,0,0,0,0,47,0,1,0,0,0,0,0,0
403,L9445,JupiterEngineExecutionContext,org.junit.jupiter.engine.execution.JupiterEngineExecutionContext,L12216,L103,C:\Users\domco\Desktop\DP\repos\junit5\junit-jupiter-engine\src\main\java\org\junit\jupiter\engine\execution\JupiterEngineExecutionContext.java,29,1,195,2,0.0,0,0,0,0.0,0.0,0,0,3,2,2,16,11,16,37,4,18,0.357143,0.2625,21,21,5,9,0.153285,21,1,1,0,0,1,59,97,4,6,4,6,14,0,13,0,14,19,0,13,0,116,167,12,6,12,6,23,0,19,0,23,40,0,19,0,0,0,51,2,12,0,0,6,1,0,1,2,46,0,3,0,0,3,0,3,0
404,L12419,MethodInvocation<T extends Object>,org.junit.jupiter.engine.execution.MethodInvocation,L12216,L103,C:\Users\domco\Desktop\DP\repos\junit5\junit-jupiter-engine\src\main\java\org\junit\jupiter\engine\execution\MethodInvocation.java,24,1,63,2,0.0,0,0,0,0.0,0.0,0,0,1,0,0,6,3,1,1,1,7,0.0,0.0,0,0,0,6,0.0,0,1,2,0,0,2,32,40,3,4,3,4,6,0,5,0,7,8,0,6,0,32,40,3,4,3,4,6,0,5,0,7,8,0,6,0,0,0,16,1,1,2,0,0,0,0,0,0,15,0,0,1,0,0,0,0,0
405,L9359,NamespaceAwareStore,org.junit.jupiter.engine.execution.NamespaceAwareStore,L12216,L103,C:\Users\domco\Desktop\DP\repos\junit5\junit-jupiter-engine\src\main\java\org\junit\jupiter\engine\execution\NamespaceAwareStore.java,25,1,83,2,0.0,0,0,0,0.0,0.0,0,0,1,0,0,8,4,3,3,8,16,0.111111,0.0576923,3,3,1,8,0.0576923,3,1,1,0,0,1,49,59,2,4,2,2,8,0,8,0,10,21,0,10,0,49,59,2,4,2,2,8,0,8,0,10,21,0,10,0,0,0,19,1,0,0,0,0,0,0,0,0,19,0,1,0,0,0,0,0,0
406,L12891,DefaultTestInstancesTests,org.junit.jupiter.engine.execution.DefaultTestInstancesTests,L12216,L103,C:\Users\domco\Desktop\DP\repos\junit5\junit-jupiter-engine\src\test\java\org\junit\jupiter\engine\execution\DefaultTestInstancesTests.java,17,1,48,2,0.0,0,0,0,0.0,0.0,0,0,2,0,0,2,3,0,0,6,8,0.0,0.0,0,0,0,1,0.0,0,0,0,0,0,0,24,30,0,0,0,0,2,0,0,0,2,16,0,0,0,26,32,0,0,0,0,2,0,0,0,2,16,0,0,0,0,0,11,0,5,3,0,2,1,0,0,0,10,0,0,0,0,0,0,0,0
407,L12907,DynamicTestIntegrationTests,org.junit.jupiter.engine.execution.DynamicTestIntegrationTests,L12216,L103,C:\Users\domco\Desktop\DP\repos\junit5\junit-jupiter-engine\src\test\java\org\junit\jupiter\engine\execution\DynamicTestIntegrationTests.java,26,1,46,2,0.0,0,0,0,0.0,0.0,0,0,1,0,0,1,2,0,0,0,1,1.0,0.64,16,12,1,0,0.64,16,0,0,0,0,0,9,21,1,0,1,0,1,0,0,0,1,1,0,0,0,9,21,1,0,1,0,1,0,0,0,1,1,0,0,0,0,0,0,0,1,0,0,1,0,0,0,0,0,0,0,0,0,0,0,0,0
408,L12917,ExecutableInvokerTests,org.junit.jupiter.engine.execution.ExecutableInvokerTests,L12216,L103,C:\Users\domco\Desktop\DP\repos\junit5\junit-jupiter-engine\src\test\java\org\junit\jupiter\engine\execution\ExecutableInvokerTests.java,45,1,459,2,0.0,0,0,0,0.0,0.0,0,0,2,1,1,30,19,1,0,18,47,1.0,0.0772727,17,5,1,0,0.0576923,18,0,0,0,0,0,203,295,6,0,6,0,29,0,0,0,29,98,0,0,0,294,415,14,0,14,0,48,0,12,0,48,117,0,12,0,0,0,131,0,50,21,0,28,4,0,1,1,122,0,0,0,0,0,0,4,0
409,L13125,ExtensionContextStoreConcurrencyTests,org.junit.jupiter.engine.execution.ExtensionContextStoreConcurrencyTests,L12216,L103,C:\Users\domco\Desktop\DP\repos\junit5\junit-jupiter-engine\src\test\java\org\junit\jupiter\engine\execution\ExtensionContextStoreConcurrencyTests.java,27,1,52,2,0.0,0,0,0,0.0,0.0,0,0,2,0,0,3,5,0,0,2,5,1.0,0.304348,7,5,1,0,0.304348,7,0,0,0,0,0,16,26,1,0,1,0,3,0,0,0,3,5,0,0,0,16,26,1,0,1,0,3,0,0,0,3,5,0,0,0,0,0,5,1,1,1,0,1,1,0,0,0,4,0,0,0,0,0,0,0,0
410,L13140,ExtensionContextStoreTests,org.junit.jupiter.engine.execution.ExtensionContextStoreTests,L12216,L103,C:\Users\domco\Desktop\DP\repos\junit5\junit-jupiter-engine\src\test\java\org\junit\jupiter\engine\execution\ExtensionContextStoreTests.java,28,1,71,2,0.0,0,0,0,0.0,0.0,0,0,0,0,0,4,6,0,0,4,8,1.0,0.175,7,7,1,0,0.175,7,0,0,0,0,0,33,44,5,4,5,4,4,0,0,0,4,13,0,0,0,33,44,5,4,5,4,4,0,0,0,4,13,0,0,0,0,0,10,0,8,4,0,4,0,0,0,0,10,0,0,0,0,0,0,0,0
411,L13158,ExtensionValuesStoreTests,org.junit.jupiter.engine.execution.ExtensionValuesStoreTests,L12216,L103,C:\Users\domco\Desktop\DP\repos\junit5\junit-jupiter-engine\src\test\java\org\junit\jupiter\engine\execution\ExtensionValuesStoreTests.java,41,1,409,2,0.0534591,1,2,2,0.0596206,0.0738007,22,20,2,2,2,3,2,3,4,1,3,1.0,0.181818,6,6,1,0,0.0622837,18,0,0,0,0,0,27,44,6,0,6,0,2,0,0,0,2,11,0,0,0,271,369,6,8,6,8,32,0,1,0,32,148,0,1,0,0,0,101,4,51,20,16,29,4,0,0,2,78,0,4,0,0,0,0,3,0
412,L13393,JupiterEngineExecutionContextTests,org.junit.jupiter.engine.execution.JupiterEngineExecutionContextTests,L12216,L103,C:\Users\domco\Desktop\DP\repos\junit5\junit-jupiter-engine\src\test\java\org\junit\jupiter\engine\execution\JupiterEngineExecutionContextTests.java,36,1,111,2,0.0,0,0,0,0.0,0.0,0,0,1,0,0,4,11,0,0,13,17,1.0,0.243902,20,5,1,0,0.243902,20,0,0,0,0,0,62,76,3,0,3,0,4,0,0,0,4,25,0,0,0,62,76,3,0,3,0,4,0,0,0,4,25,0,0,0,0,0,9,1,17,13,0,4,0,0,1,1,8,0,0,0,0,0,0,0,0
413,L13409,UniqueIdParsingForArrayParameterIntegrationTests,org.junit.jupiter.engine.execution.UniqueIdParsingForArrayParameterIntegrationTests,L12216,L103,C:\Users\domco\Desktop\DP\repos\junit5\junit-jupiter-engine\src\test\java\org\junit\jupiter\engine\execution\UniqueIdParsingForArrayParameterIntegrationTests.java,35,1,67,2,0.0,0,0,0,0.0,0.0,0,0,1,0,0,1,7,0,0,11,12,1.0,0.392857,11,9,1,0,0.314286,11,1,1,0,0,1,17,25,1,0,0,0,1,0,0,0,7,6,0,0,0,24,33,1,0,0,0,2,0,0,0,8,7,0,0,0,0,0,8,0,4,2,0,2,0,0,1,0,7,0,0,0,0,0,0,0,0
414,L13488,DisabledCondition,org.junit.jupiter.engine.extension.DisabledCondition,L13438,L103,C:\Users\domco\Desktop\DP\repos\junit5\junit-jupiter-engine\src\main\java\org\junit\jupiter\engine\extension\DisabledCondition.java,31,1,53,2,0.852459,1,2,1,0.521739,0.733333,12,11,1,1,1,2,5,1,0,4,5,1.0,0.423077,11,11,2,0,0.423077,11,2,2,0,0,1,15,23,1,0,1,0,1,0,1,0,1,6,0,1,0,15,23,1,0,1,0,1,0,1,0,1,6,0,1,0,0,0,11,0,0,0,11,0,0,0,0,0,0,0,0,0,0,0,0,0,0
415,L9449,MutableExtensionRegistry,org.junit.jupiter.engine.extension.MutableExtensionRegistry,L13438,L103,C:\Users\domco\Desktop\DP\repos\junit5\junit-jupiter-engine\src\main\java\org\junit\jupiter\engine\extension\MutableExtensionRegistry.java,45,1,200,2,0.0,0,0,0,0.0,0.0,0,0,1,1,1,16,9,14,13,7,18,0.6,0.460993,65,53,3,2,0.460993,65,1,2,0,0,2,76,156,5,2,5,0,11,0,4,0,13,29,0,6,0,76,156,5,2,5,0,11,0,4,0,13,29,0,6,0,0,0,12,0,5,0,0,4,0,0,0,1,11,0,0,1,0,0,0,0,0
416,L13609,RepeatedTestDisplayNameFormatter,org.junit.jupiter.engine.extension.RepeatedTestDisplayNameFormatter,L13438,L103,C:\Users\domco\Desktop\DP\repos\junit5\junit-jupiter-engine\src\main\java\org\junit\jupiter\engine\extension\RepeatedTestDisplayNameFormatter.java,24,1,41,2,0.0,0,0,0,0.0,0.0,0,0,1,0,0,2,1,2,2,0,2,1.0,0.363636,8,5,1,0,0.363636,8,0,0,0,0,0,14,18,2,0,2,0,2,0,0,0,2,3,0,0,0,14,18,2,0,2,0,2,0,0,0,2,3,0,0,0,0,0,2,0,1,0,0,1,0,0,0,0,2,0,0,0,0,0,0,0,0
417,L13534,RepeatedTestExtension,org.junit.jupiter.engine.extension.RepeatedTestExtension,L13438,L103,C:\Users\domco\Desktop\DP\repos\junit5\junit-jupiter-engine\src\main\java\org\junit\jupiter\engine\extension\RepeatedTestExtension.java,32,1,68,2,0.0,0,0,0,0.0,0.0,0,0,2,0,0,4,7,1,0,10,14,0.333333,0.216216,8,6,1,2,0.216216,8,2,2,0,0,1,29,37,0,0,0,0,4,0,2,0,4,12,0,2,0,29,37,0,0,0,0,4,0,2,0,4,12,0,2,0,0,0,12,0,0,0,0,0,1,0,0,0,11,0,0,0,0,0,0,0,0
418,L13647,RepeatedTestInvocationContext,org.junit.jupiter.engine.extension.RepeatedTestInvocationContext,L13438,L103,C:\Users\domco\Desktop\DP\repos\junit5\junit-jupiter-engine\src\main\java\org\junit\jupiter\engine\extension\RepeatedTestInvocationContext.java,25,1,49,2,0.0,0,0,0,0.0,0.0,0,0,0,0,0,3,4,0,0,2,5,0.25,0.208333,5,5,1,3,0.208333,5,1,1,0,0,1,19,25,3,2,3,2,3,0,3,0,3,5,0,3,0,19,25,3,2,3,2,3,0,3,0,3,5,0,3,0,0,0,9,0,0,0,0,0,0,0,0,0,9,0,0,0,0,0,0,0,0
419,L13663,RepetitionInfoParameterResolver,org.junit.jupiter.engine.extension.RepetitionInfoParameterResolver,L13438,L103,C:\Users\domco\Desktop\DP\repos\junit5\junit-jupiter-engine\src\main\java\org\junit\jupiter\engine\extension\RepetitionInfoParameterResolver.java,25,1,76,2,0.0,0,0,0,0.0,0.0,0,0,2,0,0,3,5,1,1,2,5,0.25,0.272727,6,6,1,3,0.170213,8,2,2,0,0,1,16,21,2,0,2,0,3,0,3,0,3,4,0,3,0,39,52,4,2,4,2,7,0,6,0,7,9,0,6,0,0,0,20,0,0,0,0,0,1,0,0,0,19,0,0,0,0,0,0,0,0
420,L13528,TempDirectory,org.junit.jupiter.engine.extension.TempDirectory,L13438,L103,C:\Users\domco\Desktop\DP\repos\junit5\junit-jupiter-engine\src\main\java\org\junit\jupiter\engine\extension\TempDirectory.java,61,1,289,2,0.0,0,0,0,0.0,0.0,0,0,5,1,1,18,14,1,0,16,27,1.0,0.326531,32,29,5,0,0.178218,36,2,4,0,0,3,66,108,3,1,3,1,11,0,4,0,11,22,0,4,0,166,229,6,1,5,1,25,0,8,0,27,58,0,10,0,0,2,54,3,2,0,0,1,2,0,1,2,50,0,3,1,1,0,0,0,1.0
421,L13537,TestInfoParameterResolver,org.junit.jupiter.engine.extension.TestInfoParameterResolver,L13438,L103,C:\Users\domco\Desktop\DP\repos\junit5\junit-jupiter-engine\src\main\java\org\junit\jupiter\engine\extension\TestInfoParameterResolver.java,29,1,93,2,0.0,0,0,0,0.0,0.0,0,0,2,0,0,2,5,1,0,2,4,0.333333,0.375,6,6,1,2,0.137931,8,2,2,0,0,1,10,14,0,0,0,0,2,0,2,0,2,2,0,2,0,50,65,4,4,4,4,9,0,7,0,9,12,0,7,0,0,0,24,0,0,0,0,0,1,0,0,0,23,0,0,0,0,0,0,0,0
422,L13540,TestReporterParameterResolver,org.junit.jupiter.engine.extension.TestReporterParameterResolver,L13438,L103,C:\Users\domco\Desktop\DP\repos\junit5\junit-jupiter-engine\src\main\java\org\junit\jupiter\engine\extension\TestReporterParameterResolver.java,23,1,35,2,0.0,0,0,0,0.0,0.0,0,0,2,0,0,2,4,2,2,1,3,0.333333,0.333333,5,5,1,2,0.333333,5,2,2,0,0,1,10,13,0,0,0,0,2,0,2,0,2,2,0,2,0,10,13,0,0,0,0,2,0,2,0,2,2,0,2,0,0,0,6,0,0,0,0,0,1,0,0,0,5,0,0,0,0,0,0,0,0
423,L13893,TimeoutConfiguration,org.junit.jupiter.engine.extension.TimeoutConfiguration,L13438,L103,C:\Users\domco\Desktop\DP\repos\junit5\junit-jupiter-engine\src\main\java\org\junit\jupiter\engine\extension\TimeoutConfiguration.java,36,1,109,2,0.0,0,0,0,0.0,0.0,0,0,1,0,0,14,6,3,5,1,14,1.0,0.0576923,3,3,1,0,0.0576923,3,0,0,0,0,0,49,74,4,10,4,10,13,0,0,0,13,14,0,0,0,49,74,4,10,4,10,13,0,0,0,13,14,0,0,0,0,0,30,1,7,0,0,7,0,0,0,1,28,0,0,0,0,0,0,2,0
424,L13905,TimeoutDuration,org.junit.jupiter.engine.extension.TimeoutDuration,L13438,L103,C:\Users\domco\Desktop\DP\repos\junit5\junit-jupiter-engine\src\main\java\org\junit\jupiter\engine\extension\TimeoutDuration.java,22,1,71,2,0.0,0,0,0,0.0,0.0,0,0,1,1,1,13,2,8,8,4,11,0.166667,0.0681818,3,3,1,5,0.0681818,3,0,0,0,0,0,41,50,2,2,2,2,7,0,5,0,7,17,0,5,0,41,50,2,2,2,2,7,0,5,0,7,17,0,5,0,0,1,17,0,3,0,0,3,0,0,0,0,17,0,1,0,0,0,0,0,0
425,L13899,TimeoutDurationParser,org.junit.jupiter.engine.extension.TimeoutDurationParser,L13438,L103,C:\Users\domco\Desktop\DP\repos\junit5\junit-jupiter-engine\src\main\java\org\junit\jupiter\engine\extension\TimeoutDurationParser.java,35,1,66,2,0.0,0,0,0,0.0,0.0,0,0,1,1,1,3,1,2,1,1,2,1.0,0.0967742,3,3,1,0,0.0967742,3,0,0,0,0,0,28,32,2,0,2,0,1,0,0,0,1,7,0,0,0,28,32,2,0,2,0,1,0,0,0,1,7,0,0,0,0,0,4,0,1,0,0,1,0,0,0,0,4,0,0,0,0,0,0,0,0
426,L13531,TimeoutExtension,org.junit.jupiter.engine.extension.TimeoutExtension,L13438,L103,C:\Users\domco\Desktop\DP\repos\junit5\junit-jupiter-engine\src\main\java\org\junit\jupiter\engine\extension\TimeoutExtension.java,40,1,244,2,0.0,0,0,0,0.0,0.0,0,0,3,1,1,29,20,1,0,19,40,0.1,0.0642857,9,9,1,9,0.0552147,9,2,4,0,0,3,131,174,6,3,6,3,21,0,9,0,23,36,0,11,0,154,205,7,3,7,3,24,0,10,0,26,43,0,12,0,0,0,60,0,1,0,0,1,1,0,1,0,55,0,0,1,0,0,0,2,0
427,L14106,TimeoutInvocation<T extends Object>,org.junit.jupiter.engine.extension.TimeoutInvocation,L13438,L103,C:\Users\domco\Desktop\DP\repos\junit5\junit-jupiter-engine\src\main\java\org\junit\jupiter\engine\extension\TimeoutInvocation.java,24,1,94,2,0.0,0,0,0,0.0,0.0,0,0,1,2,2,8,4,1,1,5,8,0.5,0.0576923,3,3,1,1,0.046875,3,1,1,0,0,1,49,55,4,0,4,0,3,0,1,0,4,26,0,2,0,61,71,6,0,6,0,5,0,2,0,6,29,0,3,0,0,0,16,1,0,0,0,0,0,0,0,0,16,0,1,0,0,0,0,0,0
428,L14209,BeforeAndAfterAllTests,org.junit.jupiter.engine.extension.BeforeAndAfterAllTests,L13438,L103,C:\Users\domco\Desktop\DP\repos\junit5\junit-jupiter-engine\src\test\java\org\junit\jupiter\engine\extension\BeforeAndAfterAllTests.java,37,1,385,2,0.14127,2,3,3,0.17192,0.186312,60,49,1,0,0,8,12,11,0,4,12,1.0,0.204545,27,6,1,0,0.105442,31,1,1,0,0,1,105,160,3,0,2,0,8,0,0,0,14,16,0,0,0,263,349,3,0,2,0,39,0,9,0,60,50,0,9,0,0,0,146,17,34,12,23,28,10,0,1,0,107,0,11,4,0,0,0,1,0
429,L14330,BeforeAndAfterEachTests,org.junit.jupiter.engine.extension.BeforeAndAfterEachTests,L13438,L103,C:\Users\domco\Desktop\DP\repos\junit5\junit-jupiter-engine\src\test\java\org\junit\jupiter\engine\extension\BeforeAndAfterEachTests.java,40,1,524,2,0.225954,3,6,6,0.175258,0.187151,85,67,1,0,0,10,15,15,0,10,19,1.0,0.207373,45,7,1,0,0.116049,47,1,1,0,0,1,172,265,4,0,3,0,9,0,0,0,15,67,0,0,0,358,485,4,0,3,0,42,0,9,0,49,108,0,10,0,0,0,175,23,41,17,33,33,10,0,1,0,127,0,14,3,0,0,0,1,0
430,L14457,BeforeAndAfterTestExecutionCallbackTests,org.junit.jupiter.engine.extension.BeforeAndAfterTestExecutionCallbackTests,L13438,L103,C:\Users\domco\Desktop\DP\repos\junit5\junit-jupiter-engine\src\test\java\org\junit\jupiter\engine\extension\BeforeAndAfterTestExecutionCallbackTests.java,43,1,465,2,0.170989,2,3,3,0.134752,0.14511,57,46,1,0,0,8,14,14,0,14,22,1.0,0.18617,35,8,1,0,0.10452,37,1,1,0,0,1,153,229,3,0,2,0,8,0,0,0,14,61,0,0,0,317,423,3,0,2,0,37,0,9,0,44,95,0,10,0,0,0,158,21,38,18,24,28,9,0,5,0,116,0,13,3,0,0,0,1,0
431,L14239,EnigmaException,org.junit.jupiter.engine.extension.EnigmaException,L13438,L103,C:\Users\domco\Desktop\DP\repos\junit5\junit-jupiter-engine\src\test\java\org\junit\jupiter\engine\extension\EnigmaException.java,13,1,20,2,0.0,0,0,0,0.0,0.0,0,0,0,0,0,1,0,16,13,0,1,0.0,0.0,0,0,0,1,0.0,0,0,0,0,0,0,6,8,0,0,0,0,1,0,0,0,1,1,0,0,0,6,8,0,0,0,0,1,0,0,0,1,1,0,0,0,0,0,5,0,0,0,0,0,0,0,0,0,5,0,0,0,0,0,0,0,0
432,L14570,EventuallyInterruptibleInvocation,org.junit.jupiter.engine.extension.EventuallyInterruptibleInvocation,L13438,L103,C:\Users\domco\Desktop\DP\repos\junit5\junit-jupiter-engine\src\test\java\org\junit\jupiter\engine\extension\EventuallyInterruptibleInvocation.java,22,1,32,2,0.0,0,0,0,0.0,0.0,0,0,1,1,1,2,1,2,2,0,1,0.5,0.25,3,3,1,1,0.25,3,1,1,0,0,1,9,11,0,0,0,0,1,0,1,0,2,3,0,2,0,9,11,0,0,0,0,1,0,1,0,2,3,0,2,0,0,0,3,0,0,0,0,0,0,0,0,0,3,0,0,0,0,0,0,0,0
433,L14578,ExecutionConditionTests,org.junit.jupiter.engine.extension.ExecutionConditionTests,L13438,L103,C:\Users\domco\Desktop\DP\repos\junit5\junit-jupiter-engine\src\test\java\org\junit\jupiter\engine\extension\ExecutionConditionTests.java,37,1,183,2,0.0,0,0,0,0.0,0.0,0,0,3,0,0,11,13,1,0,10,21,0.333333,0.16092,14,6,1,2,0.120968,15,1,1,0,0,1,73,103,4,0,3,0,11,0,2,1,17,30,0,2,1,109,147,4,0,3,0,18,0,2,1,24,35,0,2,1,0,0,48,4,21,9,0,14,3,0,1,0,44,2,0,0,0,0,0,0,0
434,L14632,ExtensionContextExecutionTests,org.junit.jupiter.engine.extension.ExtensionContextExecutionTests,L13438,L103,C:\Users\domco\Desktop\DP\repos\junit5\junit-jupiter-engine\src\test\java\org\junit\jupiter\engine\extension\ExtensionContextExecutionTests.java,29,1,99,2,0.0,0,0,0,0.0,0.0,0,0,2,0,0,2,11,0,0,6,8,0.0,0.0434783,1,0,0,1,0.0178571,1,1,1,0,0,1,22,35,1,0,0,0,2,0,0,0,8,12,0,0,0,55,71,2,1,1,1,7,0,3,0,15,17,0,3,0,0,0,35,1,8,2,0,6,2,0,1,0,32,1,0,0,0,0,0,0,0
435,L14677,ExtensionRegistryTests,org.junit.jupiter.engine.extension.ExtensionRegistryTests,L13438,L103,C:\Users\domco\Desktop\DP\repos\junit5\junit-jupiter-engine\src\test\java\org\junit\jupiter\engine\extension\ExtensionRegistryTests.java,42,1,215,2,0.0,0,0,0,0.0,0.0,0,0,1,0,0,11,24,0,0,10,21,1.0,0.0471698,5,5,1,0,0.0458015,6,0,0,0,0,0,101,144,3,0,3,0,11,0,0,0,11,65,0,0,0,125,174,3,0,3,0,17,0,6,0,17,65,0,6,0,0,0,52,0,39,28,0,7,1,0,1,0,49,4,0,1,0,0,0,0,0
436,L14741,InvocationInterceptorTests,org.junit.jupiter.engine.extension.InvocationInterceptorTests,L13438,L103,C:\Users\domco\Desktop\DP\repos\junit5\junit-jupiter-engine\src\test\java\org\junit\jupiter\engine\extension\InvocationInterceptorTests.java,49,1,353,2,0.376754,2,6,6,0.213115,0.254902,65,65,1,0,0,5,14,0,0,13,18,0.0,0.136364,6,0,0,1,0.0340909,9,1,1,0,0,1,38,60,1,1,0,1,5,0,0,0,11,12,0,0,0,255,305,15,1,14,1,34,9,13,0,97,77,9,64,0,0,0,160,7,34,22,46,18,0,0,2,0,101,0,1,0,0,0,0,11,0
437,L14923,LifecycleMethodExecutionExceptionHandlerTests,org.junit.jupiter.engine.extension.LifecycleMethodExecutionExceptionHandlerTests,L13438,L103,C:\Users\domco\Desktop\DP\repos\junit5\junit-jupiter-engine\src\test\java\org\junit\jupiter\engine\extension\LifecycleMethodExecutionExceptionHandlerTests.java,53,1,569,2,0.465686,4,10,10,0.284333,0.309133,147,132,2,1,1,14,22,6,0,18,31,1.0,0.213439,54,6,1,0,0.123203,60,1,1,0,0,1,199,257,6,0,5,0,13,0,0,0,19,104,0,0,0,427,517,26,0,25,0,42,0,20,0,78,170,0,20,0,0,0,198,13,74,13,70,41,9,0,9,6,107,3,4,0,0,20,0,3,0
438,L15114,OrderedMethodTests,org.junit.jupiter.engine.extension.OrderedMethodTests,L13438,L103,C:\Users\domco\Desktop\DP\repos\junit5\junit-jupiter-engine\src\test\java\org\junit\jupiter\engine\extension\OrderedMethodTests.java,63,1,543,2,0.0947791,1,2,2,0.0540541,0.0461095,26,16,1,1,1,18,21,6,0,12,27,1.0,0.172043,32,6,1,0,0.0892388,34,0,0,0,0,0,154,243,2,0,2,0,15,0,0,0,15,74,0,0,0,347,481,2,2,2,0,55,0,2,0,77,93,0,4,0,0,0,164,26,100,37,12,60,7,0,3,0,141,28,1,0,0,0,0,1,0
439,L15292,OrderedProgrammaticExtensionRegistrationTests,org.junit.jupiter.engine.extension.OrderedProgrammaticExtensionRegistrationTests,L13438,L103,C:\Users\domco\Desktop\DP\repos\junit5\junit-jupiter-engine\src\test\java\org\junit\jupiter\engine\extension\OrderedProgrammaticExtensionRegistrationTests.java,42,1,311,2,0.0,0,0,0,0.0,0.0,0,0,2,0,0,13,16,2,0,3,16,1.0,0.275862,24,24,1,0,0.165854,34,1,1,0,0,1,63,111,2,0,1,0,13,0,0,0,19,18,0,0,0,171,270,27,0,26,0,18,3,2,0,34,22,3,2,0,0,0,87,1,40,4,0,36,1,0,1,0,74,1,0,1,0,0,0,10,0
440,L15420,ParameterResolverTests,org.junit.jupiter.engine.extension.ParameterResolverTests,L13438,L103,C:\Users\domco\Desktop\DP\repos\junit5\junit-jupiter-engine\src\test\java\org\junit\jupiter\engine\extension\ParameterResolverTests.java,65,1,501,2,0.462667,2,8,8,0.242563,0.263804,106,86,1,0,0,16,23,0,0,18,34,1.0,0.0675676,10,6,1,0,0.079096,28,1,1,0,0,1,138,194,1,0,0,0,16,0,0,0,22,73,0,0,0,326,437,9,0,8,0,48,0,0,1,54,117,0,0,1,0,0,186,11,100,59,50,43,5,0,3,1,127,2,6,0,0,0,0,1,0
441,L15595,ProgrammaticExtensionRegistrationTests,org.junit.jupiter.engine.extension.ProgrammaticExtensionRegistrationTests,L13438,L103,C:\Users\domco\Desktop\DP\repos\junit5\junit-jupiter-engine\src\test\java\org\junit\jupiter\engine\extension\ProgrammaticExtensionRegistrationTests.java,60,1,761,2,0.10218,1,2,2,0.0598291,0.0835073,42,40,2,1,1,32,36,8,22,11,41,1.0,0.197425,46,26,1,0,0.111317,60,1,1,0,0,1,187,287,2,0,1,0,30,0,0,0,36,63,0,0,0,479,702,32,0,31,0,69,1,11,0,98,98,1,15,0,0,0,259,23,92,24,16,77,5,0,1,2,222,3,9,2,0,0,0,13,0
442,L15915,RepeatedTestTests,org.junit.jupiter.engine.extension.RepeatedTestTests,L13438,L103,C:\Users\domco\Desktop\DP\repos\junit5\junit-jupiter-engine\src\test\java\org\junit\jupiter\engine\extension\RepeatedTestTests.java,38,1,176,2,0.0,0,0,0,0.0,0.0,0,0,13,2,1,20,15,0,0,14,32,1.0,0.121739,14,6,1,0,0.108527,14,1,1,0,0,1,101,121,2,0,1,0,18,0,0,0,24,26,0,0,0,115,139,2,0,1,0,22,0,0,0,28,26,0,0,0,0,0,44,1,26,0,0,21,2,0,1,0,41,4,1,0,0,1,0,0,0
443,L14694,ServiceLoaderExtension,org.junit.jupiter.engine.extension.ServiceLoaderExtension,L13438,L103,C:\Users\domco\Desktop\DP\repos\junit5\junit-jupiter-engine\src\test\java\org\junit\jupiter\engine\extension\ServiceLoaderExtension.java,22,1,28,2,0.0,0,0,0,0.0,0.0,0,0,1,0,0,1,2,1,0,0,1,0.5,0.545455,6,6,1,1,0.545455,6,2,2,0,0,1,5,7,0,0,0,0,1,0,1,0,1,0,0,1,0,5,7,0,0,0,0,1,0,1,0,1,0,0,1,0,0,0,3,0,1,0,0,0,0,0,0,0,3,1,0,0,0,0,0,0,0
444,L15984,TempDirectoryTests,org.junit.jupiter.engine.extension.TempDirectoryTests,L13438,L103,C:\Users\domco\Desktop\DP\repos\junit5\junit-jupiter-engine\src\test\java\org\junit\jupiter\engine\extension\TempDirectoryTests.java,59,1,841,2,0.0,0,0,0,0.0,0.0,0,0,7,0,0,14,19,7,20,10,24,1.0,0.130435,12,5,1,0,0.0564263,36,1,1,0,0,1,80,137,1,0,0,0,14,0,0,0,20,21,0,0,0,602,783,20,0,19,0,81,0,0,0,141,152,0,0,0,0,0,257,21,124,55,0,83,3,0,4,0,247,5,0,0,0,2,0,3,1.0
445,L16359,TestExecutionExceptionHandlerTests,org.junit.jupiter.engine.extension.TestExecutionExceptionHandlerTests,L13438,L103,C:\Users\domco\Desktop\DP\repos\junit5\junit-jupiter-engine\src\test\java\org\junit\jupiter\engine\extension\TestExecutionExceptionHandlerTests.java,47,1,216,2,0.304795,1,2,2,0.188235,0.203125,32,26,2,0,0,5,16,3,0,19,24,1.0,0.302083,29,5,1,0,0.194969,31,1,1,0,0,1,67,94,2,0,1,0,5,0,0,0,11,25,0,0,0,128,170,6,0,5,0,13,0,4,0,19,41,0,4,0,0,0,59,7,23,9,19,14,2,0,5,2,33,0,1,0,0,4,0,0,0
446,L16414,TestInfoParameterResolverTests,org.junit.jupiter.engine.extension.TestInfoParameterResolverTests,L13438,L103,C:\Users\domco\Desktop\DP\repos\junit5\junit-jupiter-engine\src\test\java\org\junit\jupiter\engine\extension\TestInfoParameterResolverTests.java,35,1,86,2,0.0,0,0,0,0.0,0.0,0,0,6,0,0,7,9,0,0,5,12,1.0,0.125,6,6,1,0,0.125,6,0,0,0,0,0,42,52,1,1,1,1,7,0,0,0,7,11,0,0,0,42,52,1,1,1,1,7,0,0,0,7,11,0,0,0,0,0,17,0,17,10,0,7,1,0,0,0,16,0,0,0,0,0,0,0,0
447,L16436,TestInstanceFactoryTests,org.junit.jupiter.engine.extension.TestInstanceFactoryTests,L13438,L103,C:\Users\domco\Desktop\DP\repos\junit5\junit-jupiter-engine\src\test\java\org\junit\jupiter\engine\extension\TestInstanceFactoryTests.java,56,1,686,2,0.420537,4,10,10,0.282092,0.305376,178,142,2,0,0,18,32,17,2,22,40,1.0,0.235474,77,5,1,0,0.171123,96,1,1,0,0,1,250,375,2,0,1,0,18,0,0,0,24,78,0,0,0,465,631,5,0,4,0,49,0,6,0,62,117,0,8,0,0,0,252,27,63,38,74,41,3,0,11,3,163,2,6,0,0,0,0,1,0
448,L16638,TestInstancePostProcessorAndPreDestroyCallbackTests,org.junit.jupiter.engine.extension.TestInstancePostProcessorAndPreDestroyCallbackTests,L13438,L103,C:\Users\domco\Desktop\DP\repos\junit5\junit-jupiter-engine\src\test\java\org\junit\jupiter\engine\extension\TestInstancePostProcessorAndPreDestroyCallbackTests.java,33,1,241,2,0.0762195,1,1,1,0.0478469,0.0451613,10,7,1,0,0,7,10,8,0,4,11,1.0,0.2125,17,6,1,0,0.119318,21,1,1,0,0,1,63,102,2,0,1,0,7,0,0,0,13,9,0,0,0,155,209,3,0,2,0,23,0,4,0,50,27,0,16,0,0,0,87,6,10,5,7,10,0,0,0,0,79,0,1,1,0,0,0,0,1.0
449,L16730,TestInstancePostProcessorTests,org.junit.jupiter.engine.extension.TestInstancePostProcessorTests,L13438,L103,C:\Users\domco\Desktop\DP\repos\junit5\junit-jupiter-engine\src\test\java\org\junit\jupiter\engine\extension\TestInstancePostProcessorTests.java,32,1,172,2,0.0973451,1,1,1,0.163121,0.145631,23,15,1,0,0,3,7,5,0,3,6,1.0,0.25641,10,5,1,0,0.0964912,11,1,1,0,0,1,29,50,2,0,1,0,3,0,0,0,9,5,0,0,0,103,141,5,0,4,0,15,0,6,4,21,24,0,6,4,0,0,62,1,14,5,10,9,3,0,0,0,49,0,1,0,0,0,0,0,0
450,L16789,TestInstancePreDestroyCallbackTests,org.junit.jupiter.engine.extension.TestInstancePreDestroyCallbackTests,L13438,L103,C:\Users\domco\Desktop\DP\repos\junit5\junit-jupiter-engine\src\test\java\org\junit\jupiter\engine\extension\TestInstancePreDestroyCallbackTests.java,34,1,215,2,0.091922,1,1,1,0.115385,0.110294,21,15,1,0,0,4,8,5,0,3,7,1.0,0.25,15,5,1,0,0.105263,16,1,1,0,0,1,45,73,2,0,1,0,4,0,0,0,10,7,0,0,0,136,182,4,0,3,0,19,0,1,1,35,29,0,4,5,0,0,78,5,19,8,9,15,4,0,0,0,65,0,1,0,0,0,0,0,0
451,L16853,TestReporterParameterResolverTests,org.junit.jupiter.engine.extension.TestReporterParameterResolverTests,L13438,L103,C:\Users\domco\Desktop\DP\repos\junit5\junit-jupiter-engine\src\test\java\org\junit\jupiter\engine\extension\TestReporterParameterResolverTests.java,31,1,74,2,0.0,0,0,0,0.0,0.0,0,0,1,0,0,4,8,0,0,7,11,1.0,0.103448,3,3,1,0,0.0857143,3,0,0,0,0,0,26,35,1,0,1,0,4,0,0,0,4,12,0,0,0,32,44,1,0,1,0,6,0,0,0,6,12,0,0,0,0,0,18,0,11,4,0,5,1,0,0,0,17,2,0,0,0,0,0,0,0
452,L16877,TestWatcherTests,org.junit.jupiter.engine.extension.TestWatcherTests,L13438,L103,C:\Users\domco\Desktop\DP\repos\junit5\junit-jupiter-engine\src\test\java\org\junit\jupiter\engine\extension\TestWatcherTests.java,55,1,308,2,0.0,0,0,0,0.0,0.0,0,0,2,0,0,7,15,0,0,6,13,1.0,0.180556,13,5,1,0,0.0985222,20,1,1,0,0,1,59,89,2,0,1,0,7,0,0,0,13,24,0,0,0,183,254,3,0,2,0,33,0,16,0,51,43,0,28,0,0,0,97,9,24,15,0,16,6,0,1,0,89,1,1,0,0,0,0,1,1.0
453,L16987,TimeoutConfigurationTests,org.junit.jupiter.engine.extension.TimeoutConfigurationTests,L13438,L103,C:\Users\domco\Desktop\DP\repos\junit5\junit-jupiter-engine\src\test\java\org\junit\jupiter\engine\extension\TimeoutConfigurationTests.java,46,1,134,2,0.435171,1,2,2,0.303371,0.316456,27,25,1,0,0,5,7,0,0,10,15,1.0,0.0481928,4,3,1,0,0.0481928,4,0,0,0,0,0,79,89,2,0,2,0,5,0,0,0,5,45,0,0,0,79,89,2,0,2,0,5,0,0,0,5,45,0,0,0,0,0,29,0,12,5,17,7,0,0,0,0,12,0,0,0,0,0,0,0,0
454,L17017,TimeoutDurationParserTests,org.junit.jupiter.engine.extension.TimeoutDurationParserTests,L13438,L103,C:\Users\domco\Desktop\DP\repos\junit5\junit-jupiter-engine\src\test\java\org\junit\jupiter\engine\extension\TimeoutDurationParserTests.java,36,1,77,2,0.0,0,0,0,0.0,0.0,0,0,3,0,0,3,6,0,0,4,7,1.0,0.375,15,3,1,0,0.375,15,0,0,0,0,0,25,42,1,0,1,0,3,0,0,0,3,4,0,0,0,25,42,1,0,1,0,3,0,0,0,3,4,0,0,0,0,3,5,0,5,2,0,3,1,0,0,0,4,0,3,0,0,0,0,0,0
455,L17031,TimeoutDurationTests,org.junit.jupiter.engine.extension.TimeoutDurationTests,L13438,L103,C:\Users\domco\Desktop\DP\repos\junit5\junit-jupiter-engine\src\test\java\org\junit\jupiter\engine\extension\TimeoutDurationTests.java,22,1,43,2,0.0,0,0,0,0.0,0.0,0,0,2,0,0,2,2,0,0,1,3,1.0,0.333333,9,3,1,0,0.333333,9,0,0,0,0,0,18,22,0,0,0,0,2,0,0,0,2,4,0,0,0,18,22,0,0,0,0,2,0,0,0,2,4,0,0,0,0,0,3,0,3,1,0,2,1,0,0,0,2,0,0,0,0,0,0,0,0
456,L17036,TimeoutExtensionTests,org.junit.jupiter.engine.extension.TimeoutExtensionTests,L13438,L103,C:\Users\domco\Desktop\DP\repos\junit5\junit-jupiter-engine\src\test\java\org\junit\jupiter\engine\extension\TimeoutExtensionTests.java,59,1,535,2,0.348114,3,6,6,0.205451,0.249322,98,92,4,1,1,18,30,0,0,22,39,1.0,0.324675,100,3,1,0,0.219873,104,1,1,0,0,1,208,288,1,0,0,0,17,0,0,0,23,52,0,0,0,369,477,1,0,0,0,47,0,0,4,53,77,0,0,4,0,0,173,20,63,26,48,46,7,0,9,4,108,5,2,0,0,0,0,1,0
457,L17166,TimeoutInvocationTests,org.junit.jupiter.engine.extension.TimeoutInvocationTests,L13438,L103,C:\Users\domco\Desktop\DP\repos\junit5\junit-jupiter-engine\src\test\java\org\junit\jupiter\engine\extension\TimeoutInvocationTests.java,30,1,54,2,0.0,0,0,0,0.0,0.0,0,0,2,1,1,2,3,0,0,4,6,1.0,0.136364,3,3,1,0,0.136364,3,0,0,0,0,0,19,25,0,0,0,0,2,0,0,0,2,8,0,0,0,19,25,0,0,0,0,2,0,0,0,2,8,0,0,0,0,0,7,0,4,3,0,1,1,0,0,0,6,0,0,0,0,0,0,0,0
458,L17242,JupiterThrowableCollectorFactory,org.junit.jupiter.engine.support.JupiterThrowableCollectorFactory,L17235,L103,C:\Users\domco\Desktop\DP\repos\junit5\junit-jupiter-engine\src\main\java\org\junit\jupiter\engine\support\JupiterThrowableCollectorFactory.java,25,1,37,2,0.0,0,0,0,0.0,0.0,0,0,1,0,0,1,2,3,3,1,2,1.0,0.666667,12,12,2,0,0.666667,12,0,0,0,0,0,6,13,0,0,0,0,1,0,1,0,1,1,0,1,0,6,13,0,0,0,0,1,0,1,0,1,1,0,1,0,0,0,0,0,0,0,0,0,0,0,0,0,0,0,0,0,0,0,0,0,0
459,L17246,OpenTest4JAndJUnit4AwareThrowableCollector,org.junit.jupiter.engine.support.OpenTest4JAndJUnit4AwareThrowableCollector,L17235,L103,C:\Users\domco\Desktop\DP\repos\junit5\junit-jupiter-engine\src\main\java\org\junit\jupiter\engine\support\OpenTest4JAndJUnit4AwareThrowableCollector.java,32,1,70,2,0.0,0,0,0,0.0,0.0,0,0,1,2,2,5,6,2,1,6,8,1.0,0.282051,11,9,1,0,0.282051,11,1,1,0,0,1,28,39,6,1,4,0,2,0,0,0,11,10,0,7,0,28,39,6,1,4,0,2,0,0,0,11,10,0,7,0,0,0,4,2,0,0,0,0,0,0,0,0,4,0,2,0,0,0,0,0,0
460,L17272,OpenTest4JAndJUnit4AwareThrowableCollectorTests,org.junit.jupiter.engine.support.OpenTest4JAndJUnit4AwareThrowableCollectorTests,L17235,L103,C:\Users\domco\Desktop\DP\repos\junit5\junit-jupiter-engine\src\test\java\org\junit\jupiter\engine\support\OpenTest4JAndJUnit4AwareThrowableCollectorTests.java,34,1,134,2,0.177083,1,2,2,0.425743,0.244898,43,12,1,1,1,3,5,0,0,2,5,1.0,0.375,15,5,1,0,0.279412,19,0,0,0,0,0,25,64,0,0,0,0,3,0,0,0,3,9,0,0,0,49,101,3,0,3,0,5,0,2,0,5,19,0,2,0,0,0,26,2,6,6,17,2,0,0,0,0,9,0,0,0,0,0,0,0,0
461,L17336,BeforeAllAndAfterAllComposedAnnotationTests$TestCase,org.junit.jupiter.engine.BeforeAllAndAfterAllComposedAnnotationTests$TestCase,L17331,L103,C:\Users\domco\Desktop\DP\repos\junit5\junit-jupiter-engine\src\test\java\org\junit\jupiter\engine\BeforeAllAndAfterAllComposedAnnotationTests.java,43,2,60,3,0.0,0,0,0,0.0,0.0,0,0,3,0,0,3,4,1,0,0,3,0.0,0.0,0,0,0,1,0.0,0,0,0,0,0,0,14,18,0,0,0,0,3,0,0,0,3,3,0,0,0,14,18,0,0,0,0,3,0,0,0,3,3,0,0,0,0,0,10,1,3,1,0,3,1,0,0,0,9,0,0,0,0,0,0,0,0
462,L17355,BeforeEachAndAfterEachComposedAnnotationTests$TestCase,org.junit.jupiter.engine.BeforeEachAndAfterEachComposedAnnotationTests$TestCase,L17350,L103,C:\Users\domco\Desktop\DP\repos\junit5\junit-jupiter-engine\src\test\java\org\junit\jupiter\engine\BeforeEachAndAfterEachComposedAnnotationTests.java,43,2,60,3,0.0,0,0,0,0.0,0.0,0,0,3,0,0,3,4,1,0,0,3,0.0,0.0,0,0,0,1,0.0,0,0,0,0,0,0,14,18,0,0,0,0,3,0,0,0,3,3,0,0,0,14,18,0,0,0,0,3,0,0,0,3,3,0,0,0,0,0,10,1,3,1,0,3,1,0,0,0,9,0,0,0,0,0,0,0,0
463,L17379,AbstractNonGenericTests,org.junit.jupiter.engine.bridge.AbstractNonGenericTests,L17369,L103,C:\Users\domco\Desktop\DP\repos\junit5\junit-jupiter-engine\src\test\java\org\junit\jupiter\engine\bridge\AbstractNonGenericTests.java,20,1,65,2,0.0,0,0,0,0.0,0.0,0,0,2,0,0,2,5,2,0,1,3,1.0,0.2,3,3,1,0,0.0789474,3,0,0,1,2,0,12,17,0,0,0,0,2,0,0,0,2,3,0,0,0,35,46,0,0,0,0,6,0,0,0,12,9,0,0,0,0,0,23,6,11,6,0,11,3,0,0,0,20,0,0,0,0,0,0,0,0
464,L17408,AbstractNumberTests<N extends Number>,org.junit.jupiter.engine.bridge.AbstractNumberTests,L17369,L103,C:\Users\domco\Desktop\DP\repos\junit5\junit-jupiter-engine\src\test\java\org\junit\jupiter\engine\bridge\AbstractNumberTests.java,22,1,32,2,0.0,0,0,0,0.0,0.0,0,0,1,0,0,1,5,2,2,2,3,1.0,0.25,3,3,1,0,0.25,3,0,0,2,2,0,9,11,0,0,0,0,1,0,0,0,1,3,0,0,0,9,11,0,0,0,0,1,0,0,0,1,3,0,0,0,0,0,2,0,5,4,0,1,0,0,0,0,2,0,0,0,0,0,0,0,0
465,L17418,BridgeMethodTests,org.junit.jupiter.engine.bridge.BridgeMethodTests,L17369,L103,C:\Users\domco\Desktop\DP\repos\junit5\junit-jupiter-engine\src\test\java\org\junit\jupiter\engine\bridge\BridgeMethodTests.java,33,1,103,2,0.0,0,0,0,0.0,0.0,0,0,4,0,0,6,14,9,0,8,14,1.0,0.246914,20,3,1,0,0.246914,20,1,1,0,0,1,61,71,2,0,1,0,6,0,0,0,12,23,0,0,0,61,71,2,0,1,0,6,0,0,0,12,23,0,0,0,0,0,12,3,34,28,0,6,1,0,1,2,10,0,1,0,0,0,0,0,0
466,L17424,ChildWithBridgeMethods,org.junit.jupiter.engine.bridge.ChildWithBridgeMethods,L17369,L103,C:\Users\domco\Desktop\DP\repos\junit5\junit-jupiter-engine\src\test\java\org\junit\jupiter\engine\bridge\ChildWithBridgeMethods.java,21,1,38,2,0.0,0,0,0,0.0,0.0,0,0,3,0,0,3,5,1,0,0,3,0.333333,0.222222,4,4,1,2,0.222222,4,1,1,0,0,1,14,18,0,0,0,0,3,0,2,0,7,3,0,4,0,14,18,0,0,0,0,3,0,2,0,7,3,0,4,0,0,0,10,1,1,1,0,1,1,0,0,0,9,0,0,0,0,0,0,0,0
467,L17434,ChildWithoutBridgeMethods,org.junit.jupiter.engine.bridge.ChildWithoutBridgeMethods,L17369,L103,C:\Users\domco\Desktop\DP\repos\junit5\junit-jupiter-engine\src\test\java\org\junit\jupiter\engine\bridge\ChildWithoutBridgeMethods.java,21,1,38,2,0.0,0,0,0,0.0,0.0,0,0,3,0,0,3,5,1,0,0,3,0.333333,0.222222,4,4,1,2,0.222222,4,1,1,0,0,1,14,18,0,0,0,0,3,0,2,0,7,3,0,4,0,14,18,0,0,0,0,3,0,2,0,7,3,0,4,0,0,0,10,1,1,1,0,1,1,0,0,0,9,0,0,0,0,0,0,0,0
468,L17381,NumberResolver,org.junit.jupiter.engine.bridge.NumberResolver,L17369,L103,C:\Users\domco\Desktop\DP\repos\junit5\junit-jupiter-engine\src\test\java\org\junit\jupiter\engine\bridge\NumberResolver.java,21,1,46,2,0.0,0,0,0,0.0,0.0,0,0,2,1,1,4,4,2,0,1,3,0.333333,0.125,3,3,1,2,0.125,3,2,2,0,0,1,21,26,0,0,0,0,2,0,2,0,2,7,0,2,0,21,26,0,0,0,0,2,0,2,0,2,7,0,2,0,0,0,8,1,0,0,0,0,1,0,0,1,7,0,0,0,0,0,0,0,0
469,L17448,PackagePrivateParent,org.junit.jupiter.engine.bridge.PackagePrivateParent,L17369,L103,C:\Users\domco\Desktop\DP\repos\junit5\junit-jupiter-engine\src\test\java\org\junit\jupiter\engine\bridge\PackagePrivateParent.java,21,1,43,2,0.0,0,0,0,0.0,0.0,0,0,4,0,0,4,5,2,0,0,4,0.333333,0.142857,3,3,1,2,0.142857,3,0,0,2,2,0,18,23,0,0,0,0,4,0,2,0,4,4,0,2,0,18,23,0,0,0,0,4,0,2,0,4,4,0,2,0,0,0,12,0,2,0,0,2,1,0,0,0,11,0,0,0,0,0,0,0,0
470,L17511,DefaultExecutionModeTests$TestCase,org.junit.jupiter.engine.DefaultExecutionModeTests$TestCase,L17502,L103,C:\Users\domco\Desktop\DP\repos\junit5\junit-jupiter-engine\src\test\java\org\junit\jupiter\engine\DefaultExecutionModeTests.java,129,2,144,3,0.0,0,0,0,0.0,0.0,0,0,1,0,0,1,1,4,0,0,1,0.0,0.0,0,0,0,1,0.0,0,0,0,3,3,0,5,8,0,0,0,0,1,0,0,0,1,0,0,0,0,11,16,0,0,0,0,2,0,0,0,2,0,0,0,0,0,0,10,2,4,2,0,2,0,0,0,0,10,2,0,0,0,0,0,0,0
471,L17534,DefaultExecutionModeTests$SimpleTestInstancePerClassTestCase,org.junit.jupiter.engine.DefaultExecutionModeTests$SimpleTestInstancePerClassTestCase,L17502,L103,C:\Users\domco\Desktop\DP\repos\junit5\junit-jupiter-engine\src\test\java\org\junit\jupiter\engine\DefaultExecutionModeTests.java,146,2,148,3,0.0,0,0,0,0.0,0.0,0,0,0,0,0,0,2,1,0,0,0,0.0,0.0,0,0,0,1,0.0,0,1,1,0,0,1,3,3,0,0,0,0,0,0,0,0,1,0,0,0,0,3,3,0,0,0,0,0,0,0,0,1,0,0,0,0,0,0,3,0,0,0,0,0,0,0,0,0,3,0,0,0,0,0,0,0,0
472,L17519,DefaultExecutionModeTests$ConcurrentTestCase,org.junit.jupiter.engine.DefaultExecutionModeTests$ConcurrentTestCase,L17502,L103,C:\Users\domco\Desktop\DP\repos\junit5\junit-jupiter-engine\src\test\java\org\junit\jupiter\engine\DefaultExecutionModeTests.java,150,2,152,3,0.0,0,0,0,0.0,0.0,0,0,0,0,0,0,2,1,0,0,0,0.0,0.0,0,0,0,1,0.0,0,1,1,0,0,1,3,3,0,0,0,0,0,0,0,0,1,0,0,0,0,3,3,0,0,0,0,0,0,0,0,1,0,0,0,0,0,0,3,0,1,0,0,1,0,0,0,0,3,0,0,0,0,0,0,0,0
473,L17523,DefaultExecutionModeTests$SameThreadTestCase,org.junit.jupiter.engine.DefaultExecutionModeTests$SameThreadTestCase,L17502,L103,C:\Users\domco\Desktop\DP\repos\junit5\junit-jupiter-engine\src\test\java\org\junit\jupiter\engine\DefaultExecutionModeTests.java,154,2,156,3,0.0,0,0,0,0.0,0.0,0,0,0,0,0,0,2,1,0,0,0,0.0,0.0,0,0,0,1,0.0,0,1,1,0,0,1,3,3,0,0,0,0,0,0,0,0,1,0,0,0,0,3,3,0,0,0,0,0,0,0,0,1,0,0,0,0,0,0,3,0,1,0,0,1,0,0,0,0,3,0,0,0,0,0,0,0,0
474,L17538,DefaultExecutionModeTests$OuterTestCase,org.junit.jupiter.engine.DefaultExecutionModeTests$OuterTestCase,L17502,L103,C:\Users\domco\Desktop\DP\repos\junit5\junit-jupiter-engine\src\test\java\org\junit\jupiter\engine\DefaultExecutionModeTests.java,158,2,184,3,0.0,0,0,0,0.0,0.0,0,0,1,0,0,1,1,1,0,0,1,0.0,0.0,0,0,0,1,0.0,0,0,0,0,0,0,5,6,0,0,0,0,1,0,0,0,1,0,0,0,0,24,27,0,0,0,0,4,0,0,0,4,0,0,0,0,0,0,20,4,8,4,0,4,0,0,0,0,20,4,0,0,0,0,0,0,0
475,L17595,DefaultMethodTests$TestCaseWithDefaultMethod,org.junit.jupiter.engine.DefaultMethodTests$TestCaseWithDefaultMethod,L17580,L103,C:\Users\domco\Desktop\DP\repos\junit5\junit-jupiter-engine\src\test\java\org\junit\jupiter\engine\DefaultMethodTests.java,178,2,179,3,0.0,0,0,0,0.0,0.0,0,0,0,0,0,0,1,1,0,0,0,0.0,0.0,0,0,0,1,0.0,0,1,1,0,0,1,2,2,0,0,0,0,0,0,0,0,3,0,0,3,0,2,2,0,0,0,0,0,0,0,0,3,0,0,3,0,0,0,3,0,0,0,0,0,0,0,0,0,3,0,0,0,0,0,0,0,0
476,L17599,DefaultMethodTests$GenericTestCaseWithDefaultMethod,org.junit.jupiter.engine.DefaultMethodTests$GenericTestCaseWithDefaultMethod,L17580,L103,C:\Users\domco\Desktop\DP\repos\junit5\junit-jupiter-engine\src\test\java\org\junit\jupiter\engine\DefaultMethodTests.java,203,2,211,3,0.0,0,0,0,0.0,0.0,0,0,1,0,0,1,3,1,0,0,1,0.0,0.0,0,0,0,1,0.0,0,1,1,0,0,1,7,9,0,0,0,0,1,0,0,0,4,2,0,3,0,7,9,0,0,0,0,1,0,0,0,4,2,0,3,0,0,0,5,0,1,0,0,1,0,0,0,0,5,0,0,0,0,0,0,0,0
477,L17605,DefaultMethodTests$GenericTestCaseWithOverriddenDefaultMethod,org.junit.jupiter.engine.DefaultMethodTests$GenericTestCaseWithOverriddenDefaultMethod,L17580,L103,C:\Users\domco\Desktop\DP\repos\junit5\junit-jupiter-engine\src\test\java\org\junit\jupiter\engine\DefaultMethodTests.java,213,2,228,3,0.0,0,0,0,0.0,0.0,0,0,2,0,0,2,3,1,0,0,2,0.0,0.0,0,0,0,2,0.0,0,1,1,0,0,1,13,16,0,0,0,0,2,0,1,0,4,4,0,3,0,13,16,0,0,0,0,2,0,1,0,4,4,0,3,0,0,0,8,0,1,0,0,1,1,0,0,0,7,0,0,0,0,0,0,0,0
478,L17643,DisabledTests$DisabledTestClassTestCase,org.junit.jupiter.engine.DisabledTests$DisabledTestClassTestCase,L17639,L103,C:\Users\domco\Desktop\DP\repos\junit5\junit-jupiter-engine\src\test\java\org\junit\jupiter\engine\DisabledTests.java,53,2,60,3,0.0,0,0,0,0.0,0.0,0,0,1,0,0,1,3,1,0,1,2,1.0,0.125,1,1,1,0,0.125,1,0,0,0,0,0,7,8,0,0,0,0,1,0,0,0,1,1,0,0,0,7,8,0,0,0,0,1,0,0,0,1,1,0,0,0,0,0,4,0,1,0,0,1,0,0,0,0,4,0,0,0,0,0,0,0,0
479,L17647,DisabledTests$DisabledTestMethodsTestCase,org.junit.jupiter.engine.DisabledTests$DisabledTestMethodsTestCase,L17639,L103,C:\Users\domco\Desktop\DP\repos\junit5\junit-jupiter-engine\src\test\java\org\junit\jupiter\engine\DisabledTests.java,62,2,74,3,0.0,0,0,0,0.0,0.0,0,0,2,0,0,2,3,1,0,1,3,0.0,0.0,0,0,0,1,0.0,0,0,0,0,0,0,10,13,0,0,0,0,2,0,0,0,2,1,0,0,0,10,13,0,0,0,0,2,0,0,0,2,1,0,0,0,0,0,8,1,3,1,0,2,1,0,0,0,7,1,0,0,0,0,0,0,0
480,L17660,DynamicNodeGenerationTests$MyDynamicTestCase,org.junit.jupiter.engine.DynamicNodeGenerationTests$MyDynamicTestCase,L17656,L103,C:\Users\domco\Desktop\DP\repos\junit5\junit-jupiter-engine\src\test\java\org\junit\jupiter\engine\DynamicNodeGenerationTests.java,407,2,478,3,0.0,0,0,0,0.0,0.0,0,0,5,0,0,11,4,1,0,3,14,0.0,0.0819672,5,0,0,1,0.0819672,5,0,0,0,0,0,56,72,2,0,2,0,11,0,0,0,11,11,0,0,0,56,72,2,0,2,0,11,0,0,0,11,11,0,0,0,0,0,24,0,12,1,0,11,1,0,0,0,23,0,0,0,0,0,0,0,0
481,L17712,ExceptionHandlingTests$FailureTestCase,org.junit.jupiter.engine.ExceptionHandlingTests$FailureTestCase,L17708,L103,C:\Users\domco\Desktop\DP\repos\junit5\junit-jupiter-engine\src\test\java\org\junit\jupiter\engine\ExceptionHandlingTests.java,251,2,310,3,0.0,0,0,0,0.0,0.0,0,0,9,1,1,13,7,1,0,2,11,1.0,0.02,1,1,1,0,0.02,1,0,0,0,0,0,49,60,4,0,4,0,9,0,0,0,9,12,0,0,0,49,60,4,0,4,0,9,0,0,0,9,12,0,0,0,0,0,21,6,14,5,0,13,1,0,0,1,20,1,0,0,0,0,0,0,0
482,L17738,ExceptionHandlingTests$TestCaseWithInvalidConstructorAndThrowingAfterAllCallbackAndPerMethodLifecycle,org.junit.jupiter.engine.ExceptionHandlingTests$TestCaseWithInvalidConstructorAndThrowingAfterAllCallbackAndPerMethodLifecycle,L17708,L103,C:\Users\domco\Desktop\DP\repos\junit5\junit-jupiter-engine\src\test\java\org\junit\jupiter\engine\ExceptionHandlingTests.java,312,2,323,3,0.0,0,0,0,0.0,0.0,0,0,1,0,0,2,4,1,0,0,2,0.0,0.0,0,0,0,1,0.0,0,0,0,0,0,0,10,12,0,0,0,0,2,0,0,0,2,1,0,0,0,10,12,0,0,0,0,2,0,0,0,2,1,0,0,0,0,0,7,1,2,1,0,1,0,0,0,0,7,1,0,0,0,0,0,0,0
483,L17742,ExceptionHandlingTests$TestCaseWithInvalidConstructorAndThrowingAfterAllCallbackAndPerClassLifecycle,org.junit.jupiter.engine.ExceptionHandlingTests$TestCaseWithInvalidConstructorAndThrowingAfterAllCallbackAndPerClassLifecycle,L17708,L103,C:\Users\domco\Desktop\DP\repos\junit5\junit-jupiter-engine\src\test\java\org\junit\jupiter\engine\ExceptionHandlingTests.java,325,2,335,3,0.0,0,0,0,0.0,0.0,0,0,1,0,0,2,4,1,0,0,2,0.0,0.0,0,0,0,1,0.0,0,0,0,0,0,0,10,11,0,0,0,0,2,0,0,0,2,1,0,0,0,10,11,0,0,0,0,2,0,0,0,2,1,0,0,0,0,0,7,1,2,1,0,1,0,0,0,0,7,1,0,0,0,0,0,0,0
484,L17734,ExceptionHandlingTests$TestCaseWithThrowingBeforeAllAndAfterAllCallbacks,org.junit.jupiter.engine.ExceptionHandlingTests$TestCaseWithThrowingBeforeAllAndAfterAllCallbacks,L17708,L103,C:\Users\domco\Desktop\DP\repos\junit5\junit-jupiter-engine\src\test\java\org\junit\jupiter\engine\ExceptionHandlingTests.java,337,2,343,3,0.0,0,0,0,0.0,0.0,0,0,1,0,0,1,4,1,0,0,1,0.0,0.0,0,0,0,1,0.0,0,0,0,0,0,0,7,7,0,0,0,0,1,0,0,0,1,0,0,0,0,7,7,0,0,0,0,1,0,0,0,1,0,0,0,0,0,0,5,1,2,1,0,1,0,0,0,0,5,1,0,0,0,0,0,0,0
485,L17767,ExceptionHandlingTests$ThrowingBeforeAllCallback,org.junit.jupiter.engine.ExceptionHandlingTests$ThrowingBeforeAllCallback,L17708,L103,C:\Users\domco\Desktop\DP\repos\junit5\junit-jupiter-engine\src\test\java\org\junit\jupiter\engine\ExceptionHandlingTests.java,345,2,350,3,0.0,0,0,0,0.0,0.0,0,0,1,0,0,1,2,1,0,0,1,0.0,0.0,0,0,0,2,0.0,0,2,2,0,0,1,6,6,0,0,0,0,1,0,1,0,1,1,0,1,0,6,6,0,0,0,0,1,0,1,0,1,1,0,1,0,0,0,5,0,0,0,0,0,0,0,0,0,5,0,0,0,0,0,0,0,0
486,L17758,ExceptionHandlingTests$ThrowingAfterAllCallback,org.junit.jupiter.engine.ExceptionHandlingTests$ThrowingAfterAllCallback,L17708,L103,C:\Users\domco\Desktop\DP\repos\junit5\junit-jupiter-engine\src\test\java\org\junit\jupiter\engine\ExceptionHandlingTests.java,352,2,357,3,0.0,0,0,0,0.0,0.0,0,0,1,0,0,1,2,3,0,0,1,0.0,0.0,0,0,0,2,0.0,0,2,2,0,0,1,6,6,0,0,0,0,1,0,1,0,1,1,0,1,0,6,6,0,0,0,0,1,0,1,0,1,1,0,1,0,0,0,5,0,0,0,0,0,0,0,0,0,5,0,0,0,0,0,0,0,0
487,L17782,FailedAssumptionsTests$TestAbortedExceptionInBeforeAllTestCase,org.junit.jupiter.engine.FailedAssumptionsTests$TestAbortedExceptionInBeforeAllTestCase,L17778,L103,C:\Users\domco\Desktop\DP\repos\junit5\junit-jupiter-engine\src\test\java\org\junit\jupiter\engine\FailedAssumptionsTests.java,45,2,55,3,0.0,0,0,0,0.0,0.0,0,0,2,0,0,2,3,1,0,1,3,1.0,0.1,1,1,1,0,0.1,1,0,0,0,0,0,9,11,0,0,0,0,2,0,0,0,2,1,0,0,0,9,11,0,0,0,0,2,0,0,0,2,1,0,0,0,0,0,7,1,3,1,0,2,1,0,0,0,6,1,0,0,0,0,0,0,0
488,L17786,FailedAssumptionsTests$AssumptionViolatedExceptionInBeforeAllTestCase,org.junit.jupiter.engine.FailedAssumptionsTests$AssumptionViolatedExceptionInBeforeAllTestCase,L17778,L103,C:\Users\domco\Desktop\DP\repos\junit5\junit-jupiter-engine\src\test\java\org\junit\jupiter\engine\FailedAssumptionsTests.java,57,2,67,3,0.0,0,0,0,0.0,0.0,0,0,2,0,0,2,2,1,0,0,2,0.0,0.0,0,0,0,1,0.0,0,0,0,0,0,0,9,11,0,0,0,0,2,0,0,0,2,1,0,0,0,9,11,0,0,0,0,2,0,0,0,2,1,0,0,0,0,0,8,1,3,1,0,2,1,0,0,0,7,1,0,0,0,0,0,0,0
489,L17818,InvalidLifecycleMethodConfigurationTests$TestCase,org.junit.jupiter.engine.InvalidLifecycleMethodConfigurationTests$TestCase,L17796,L103,C:\Users\domco\Desktop\DP\repos\junit5\junit-jupiter-engine\src\test\java\org\junit\jupiter\engine\InvalidLifecycleMethodConfigurationTests.java,76,2,81,3,0.0,0,0,0,0.0,0.0,0,0,1,0,0,1,1,1,0,0,1,1.0,0.166667,1,1,1,0,0.166667,1,0,0,0,0,0,5,6,0,0,0,0,1,0,0,0,1,0,0,0,0,5,6,0,0,0,0,1,0,0,0,1,0,0,0,0,0,0,4,1,2,1,0,1,0,0,0,0,4,1,0,0,0,0,0,0,0
490,L17802,InvalidLifecycleMethodConfigurationTests$TestCaseWithInvalidBeforeAllMethod,org.junit.jupiter.engine.InvalidLifecycleMethodConfigurationTests$TestCaseWithInvalidBeforeAllMethod,L17796,L103,C:\Users\domco\Desktop\DP\repos\junit5\junit-jupiter-engine\src\test\java\org\junit\jupiter\engine\InvalidLifecycleMethodConfigurationTests.java,83,2,93,3,0.0,0,0,0,0.0,0.0,0,0,2,0,0,2,2,1,0,0,2,0.0,0.111111,1,1,0,1,0.111111,1,0,0,0,0,0,8,11,0,0,0,0,2,0,0,0,2,0,0,0,0,8,11,0,0,0,0,2,0,0,0,2,0,0,0,0,0,0,6,1,4,1,0,2,1,0,0,0,5,2,0,0,0,0,0,0,0
491,L17806,InvalidLifecycleMethodConfigurationTests$TestCaseWithInvalidAfterAllMethod,org.junit.jupiter.engine.InvalidLifecycleMethodConfigurationTests$TestCaseWithInvalidAfterAllMethod,L17796,L103,C:\Users\domco\Desktop\DP\repos\junit5\junit-jupiter-engine\src\test\java\org\junit\jupiter\engine\InvalidLifecycleMethodConfigurationTests.java,95,2,105,3,0.0,0,0,0,0.0,0.0,0,0,2,0,0,2,2,1,0,0,2,0.0,0.111111,1,1,0,1,0.111111,1,0,0,0,0,0,8,11,0,0,0,0,2,0,0,0,2,0,0,0,0,8,11,0,0,0,0,2,0,0,0,2,0,0,0,0,0,0,6,1,4,1,0,2,1,0,0,0,5,2,0,0,0,0,0,0,0
492,L17810,InvalidLifecycleMethodConfigurationTests$TestCaseWithInvalidBeforeEachMethod,org.junit.jupiter.engine.InvalidLifecycleMethodConfigurationTests$TestCaseWithInvalidBeforeEachMethod,L17796,L103,C:\Users\domco\Desktop\DP\repos\junit5\junit-jupiter-engine\src\test\java\org\junit\jupiter\engine\InvalidLifecycleMethodConfigurationTests.java,107,2,117,3,0.0,0,0,0,0.0,0.0,0,0,2,0,0,2,2,1,0,0,2,0.0,0.111111,1,1,0,1,0.111111,1,0,0,0,0,0,8,11,0,0,0,0,2,0,0,0,2,0,0,0,0,8,11,0,0,0,0,2,0,0,0,2,0,0,0,0,0,0,6,1,4,1,0,2,1,0,0,0,5,2,0,0,0,0,0,0,0
493,L17814,InvalidLifecycleMethodConfigurationTests$TestCaseWithInvalidAfterEachMethod,org.junit.jupiter.engine.InvalidLifecycleMethodConfigurationTests$TestCaseWithInvalidAfterEachMethod,L17796,L103,C:\Users\domco\Desktop\DP\repos\junit5\junit-jupiter-engine\src\test\java\org\junit\jupiter\engine\InvalidLifecycleMethodConfigurationTests.java,119,2,129,3,0.0,0,0,0,0.0,0.0,0,0,2,0,0,2,2,1,0,0,2,0.0,0.111111,1,1,0,1,0.111111,1,0,0,0,0,0,8,11,0,0,0,0,2,0,0,0,2,0,0,0,0,8,11,0,0,0,0,2,0,0,0,2,0,0,0,0,0,0,6,1,4,1,0,2,1,0,0,0,5,2,0,0,0,0,0,0,0
494,L17858,MultipleTestableAnnotationsTests$TestCase,org.junit.jupiter.engine.MultipleTestableAnnotationsTests$TestCase,L17853,L103,C:\Users\domco\Desktop\DP\repos\junit5\junit-jupiter-engine\src\test\java\org\junit\jupiter\engine\MultipleTestableAnnotationsTests.java,46,2,53,3,0.0,0,0,0,0.0,0.0,0,0,1,0,0,1,3,1,0,0,1,0.0,0.0,0,0,0,1,0.0,0,0,0,0,0,0,6,8,0,0,0,0,1,0,0,0,1,0,0,0,0,6,8,0,0,0,0,1,0,0,0,1,0,0,0,0,0,0,5,1,2,1,0,1,0,0,0,0,5,1,0,0,0,0,0,0,0
495,L17868,NestedTestClassesTests$TestCaseWithNesting,org.junit.jupiter.engine.NestedTestClassesTests$TestCaseWithNesting,L17864,L103,C:\Users\domco\Desktop\DP\repos\junit5\junit-jupiter-engine\src\test\java\org\junit\jupiter\engine\NestedTestClassesTests.java,192,2,210,3,0.0,0,0,0,0.0,0.0,0,0,1,0,0,1,1,1,0,0,1,1.0,0.166667,1,1,1,0,0.0625,1,0,0,0,0,0,5,7,0,0,0,0,1,0,0,0,1,0,0,0,0,15,19,0,0,0,0,3,0,0,0,3,1,0,0,0,0,0,12,3,5,3,0,3,1,0,0,0,11,2,0,0,0,0,0,0,0
496,L17875,NestedTestClassesTests$TestCaseWithDoubleNesting,org.junit.jupiter.engine.NestedTestClassesTests$TestCaseWithDoubleNesting,L17864,L103,C:\Users\domco\Desktop\DP\repos\junit5\junit-jupiter-engine\src\test\java\org\junit\jupiter\engine\NestedTestClassesTests.java,212,2,281,3,0.0,0,0,0,0.0,0.0,0,0,3,0,0,3,3,3,0,0,3,0.0,0.0,0,0,0,1,0.0,0,0,0,0,0,0,19,25,6,0,6,0,3,0,0,0,3,2,0,0,0,55,70,6,0,6,0,11,0,0,0,11,8,0,0,0,0,0,35,5,26,5,0,17,3,0,0,0,31,3,0,0,0,6,0,1,0
497,L17950,NestedTestClassesTests$AbstractSuperClass,org.junit.jupiter.engine.NestedTestClassesTests$AbstractSuperClass,L17864,L103,C:\Users\domco\Desktop\DP\repos\junit5\junit-jupiter-engine\src\test\java\org\junit\jupiter\engine\NestedTestClassesTests.java,296,2,317,3,0.0,0,0,0,0.0,0.0,0,0,0,0,0,0,1,3,0,0,0,0.0,0.0,0,0,0,1,0.0,0,1,1,3,3,1,2,3,0,0,0,0,0,0,0,0,0,0,0,0,0,18,22,0,0,0,0,3,0,0,0,3,1,0,0,0,0,0,16,3,5,3,0,3,1,0,0,0,15,2,0,0,0,0,0,0,0
498,L17880,NestedTestClassesTests$TestCaseWithInheritedNested,org.junit.jupiter.engine.NestedTestClassesTests$TestCaseWithInheritedNested,L17864,L103,C:\Users\domco\Desktop\DP\repos\junit5\junit-jupiter-engine\src\test\java\org\junit\jupiter\engine\NestedTestClassesTests.java,319,2,321,3,0.0,0,0,0,0.0,0.0,0,0,0,0,0,0,1,1,0,0,0,0.0,0.333333,1,0,0,1,0.333333,1,2,2,0,0,1,2,3,0,0,0,0,0,0,0,0,0,0,0,0,0,2,3,0,0,0,0,0,0,0,0,0,0,0,0,0,0,0,1,0,0,0,0,0,0,0,0,0,1,0,0,0,0,0,0,0,0
499,L17884,NestedTestClassesTests$TestCaseWithExtendedNested,org.junit.jupiter.engine.NestedTestClassesTests$TestCaseWithExtendedNested,L17864,L103,C:\Users\domco\Desktop\DP\repos\junit5\junit-jupiter-engine\src\test\java\org\junit\jupiter\engine\NestedTestClassesTests.java,323,2,331,3,0.0,0,0,0,0.0,0.0,0,0,0,0,0,0,0,1,0,0,0,0.0,0.0,0,0,0,1,0.0,0,0,0,0,0,0,2,3,0,0,0,0,0,0,0,0,0,0,0,0,0,8,9,0,0,0,0,0,0,0,0,0,0,0,0,0,0,0,9,0,0,0,0,0,0,0,0,0,9,0,0,0,0,0,0,0,0
500,L17970,NestedTestClassesTests$AbstractOuterClass,org.junit.jupiter.engine.NestedTestClassesTests$AbstractOuterClass,L17864,L103,C:\Users\domco\Desktop\DP\repos\junit5\junit-jupiter-engine\src\test\java\org\junit\jupiter\engine\NestedTestClassesTests.java,333,2,334,3,0.0,0,0,0,0.0,0.0,0,0,0,0,0,0,0,2,0,0,0,0.0,0.0,0,0,0,1,0.0,0,0,0,2,3,0,2,2,0,0,0,0,0,0,0,0,0,0,0,0,0,2,2,0,0,0,0,0,0,0,0,0,0,0,0,0,0,0,3,0,0,0,0,0,0,0,0,0,3,0,0,0,0,0,0,0,0
501,L17894,NestedTestClassesTests$OuterClass,org.junit.jupiter.engine.NestedTestClassesTests$OuterClass,L17864,L103,C:\Users\domco\Desktop\DP\repos\junit5\junit-jupiter-engine\src\test\java\org\junit\jupiter\engine\NestedTestClassesTests.java,336,2,366,3,0.0,0,0,0,0.0,0.0,0,0,1,0,0,1,2,2,0,0,1,0.0,0.0,0,0,0,1,0.0416667,1,1,1,1,1,1,5,7,0,0,0,0,1,0,0,0,1,0,0,0,0,23,31,0,0,0,0,4,0,0,0,5,0,0,0,0,0,0,20,4,8,4,0,4,0,0,0,0,20,4,0,0,0,0,0,0,0
502,L17994,OverloadedTestMethodTests$TestCase,org.junit.jupiter.engine.OverloadedTestMethodTests$TestCase,L17990,L103,C:\Users\domco\Desktop\DP\repos\junit5\junit-jupiter-engine\src\test\java\org\junit\jupiter\engine\OverloadedTestMethodTests.java,66,2,76,3,0.0,0,0,0,0.0,0.0,0,0,2,0,0,2,2,1,0,0,2,0.0,0.0,0,0,0,1,0.0,0,0,0,0,0,0,8,11,0,0,0,0,2,0,0,0,2,0,0,0,0,8,11,0,0,0,0,2,0,0,0,2,0,0,0,0,0,0,8,2,4,2,0,2,1,0,0,0,7,2,0,0,0,0,0,0,0
503,L18023,ReportingTests$MyReportingTestCase,org.junit.jupiter.engine.ReportingTests$MyReportingTestCase,L18019,L103,C:\Users\domco\Desktop\DP\repos\junit5\junit-jupiter-engine\src\test\java\org\junit\jupiter\engine\ReportingTests.java,39,2,81,3,0.0,0,0,0,0.0,0.0,0,0,4,0,0,4,6,1,0,4,8,0.0,0.09375,3,0,0,1,0.09375,3,0,0,0,0,0,29,43,0,0,0,0,4,0,0,0,4,15,0,0,0,29,43,0,0,0,0,4,0,0,0,4,15,0,0,0,0,0,12,1,5,2,0,4,1,0,0,0,11,0,0,0,0,0,0,0,0
504,L18041,StandardTestClassTests$MyStandardTestCase,org.junit.jupiter.engine.StandardTestClassTests$MyStandardTestCase,L18037,L103,C:\Users\domco\Desktop\DP\repos\junit5\junit-jupiter-engine\src\test\java\org\junit\jupiter\engine\StandardTestClassTests.java,121,2,176,3,0.0,0,0,0,0.0,0.0,0,0,9,0,0,9,5,1,0,2,11,0.0,0.0,0,0,0,1,0.0,0,0,0,0,0,0,45,56,3,0,3,0,9,0,0,0,9,9,0,0,0,45,56,3,0,3,0,9,0,0,0,9,9,0,0,0,0,0,22,3,19,5,0,12,1,0,0,0,21,0,2,0,0,3,0,0,0
505,L18049,StandardTestClassTests$FirstOfTwoTestCases,org.junit.jupiter.engine.StandardTestClassTests$FirstOfTwoTestCases,L18037,L103,C:\Users\domco\Desktop\DP\repos\junit5\junit-jupiter-engine\src\test\java\org\junit\jupiter\engine\StandardTestClassTests.java,178,2,195,3,0.0,0,0,0,0.0,0.0,0,0,3,0,0,3,2,1,0,2,5,0.0,0.0,0,0,0,1,0.0,0,0,0,0,0,0,14,18,0,0,0,0,3,0,0,0,3,3,0,0,0,14,18,0,0,0,0,3,0,0,0,3,3,0,0,0,0,0,10,0,7,2,0,3,1,0,0,0,9,0,2,0,0,0,0,0,0
506,L18045,StandardTestClassTests$SecondOfTwoTestCases,org.junit.jupiter.engine.StandardTestClassTests$SecondOfTwoTestCases,L18037,L103,C:\Users\domco\Desktop\DP\repos\junit5\junit-jupiter-engine\src\test\java\org\junit\jupiter\engine\StandardTestClassTests.java,197,2,214,3,0.0,0,0,0,0.0,0.0,0,0,3,0,0,3,2,1,0,1,4,0.0,0.0,0,0,0,1,0.0,0,0,0,0,0,0,14,18,0,0,0,0,3,0,0,0,3,3,0,0,0,14,18,0,0,0,0,3,0,0,0,3,3,0,0,0,0,0,10,0,9,3,0,3,1,0,0,0,9,0,3,0,0,0,0,0,0
507,L18060,StandardTestClassTests$TestCaseWithFailingBefore,org.junit.jupiter.engine.StandardTestClassTests$TestCaseWithFailingBefore,L18037,L103,C:\Users\domco\Desktop\DP\repos\junit5\junit-jupiter-engine\src\test\java\org\junit\jupiter\engine\StandardTestClassTests.java,216,2,234,3,0.0,0,0,0,0.0,0.0,0,0,3,0,0,3,2,1,0,0,3,0.0,0.0,0,0,0,1,0.0,0,0,0,0,0,0,14,19,1,0,1,0,3,0,0,0,3,2,0,0,0,14,19,1,0,1,0,3,0,0,0,3,2,0,0,0,0,0,10,3,7,2,0,4,1,0,0,1,9,2,0,0,0,1,0,0,0
508,L18066,StandardTestClassTests$TestCaseWithFailingAfter,org.junit.jupiter.engine.StandardTestClassTests$TestCaseWithFailingAfter,L18037,L103,C:\Users\domco\Desktop\DP\repos\junit5\junit-jupiter-engine\src\test\java\org\junit\jupiter\engine\StandardTestClassTests.java,236,2,250,3,0.0,0,0,0,0.0,0.0,0,0,2,0,0,2,2,1,0,0,2,0.0,0.0,0,0,0,1,0.0,0,0,0,0,0,0,11,15,1,0,1,0,2,0,0,0,2,2,0,0,0,11,15,1,0,1,0,2,0,0,0,2,2,0,0,0,0,0,8,2,4,1,0,3,1,0,0,1,7,0,0,0,0,1,0,0,0
509,L18121,TestClassInheritanceTests$AbstractTestCase,org.junit.jupiter.engine.TestClassInheritanceTests$AbstractTestCase,L18096,L103,C:\Users\domco\Desktop\DP\repos\junit5\junit-jupiter-engine\src\test\java\org\junit\jupiter\engine\TestClassInheritanceTests.java,139,2,158,3,0.0,0,0,0,0.0,0.0,0,0,3,0,0,3,3,2,0,0,3,1.0,0.117647,2,1,1,0,0.117647,2,0,0,1,1,0,15,20,2,0,2,0,3,0,0,0,3,2,0,0,0,15,20,2,0,2,0,3,0,0,0,3,2,0,0,0,0,0,7,2,8,2,0,6,1,0,0,0,6,0,0,0,0,2,0,0,0
510,L18111,TestClassInheritanceTests$LocalTestCase,org.junit.jupiter.engine.TestClassInheritanceTests$LocalTestCase,L18096,L103,C:\Users\domco\Desktop\DP\repos\junit5\junit-jupiter-engine\src\test\java\org\junit\jupiter\engine\TestClassInheritanceTests.java,160,2,207,3,0.0,0,0,0,0.0,0.0,0,0,5,1,1,8,6,1,0,2,9,0.0,0.102564,4,0,0,1,0.102564,4,1,1,0,0,1,35,48,5,0,3,0,7,0,0,0,10,8,0,0,0,35,48,5,0,3,0,7,0,0,0,10,8,0,0,0,0,0,12,5,14,4,0,10,1,0,0,1,11,0,1,0,0,3,0,0,0
511,L18140,TestClassInheritanceTests$TestCase1,org.junit.jupiter.engine.TestClassInheritanceTests$TestCase1,L18096,L103,C:\Users\domco\Desktop\DP\repos\junit5\junit-jupiter-engine\src\test\java\org\junit\jupiter\engine\TestClassInheritanceTests.java,209,2,230,3,0.0,0,0,0,0.0,0.0,0,0,4,0,0,4,5,1,0,0,4,0.0,0.0,0,0,0,1,0.0,0,0,0,1,2,0,18,22,0,0,0,0,4,0,0,0,4,4,0,0,0,18,22,0,0,0,0,4,0,0,0,4,4,0,0,0,0,0,12,0,4,0,0,4,1,0,0,0,11,0,0,0,0,0,0,0,0
512,L18146,TestClassInheritanceTests$TestCase2,org.junit.jupiter.engine.TestClassInheritanceTests$TestCase2,L18096,L103,C:\Users\domco\Desktop\DP\repos\junit5\junit-jupiter-engine\src\test\java\org\junit\jupiter\engine\TestClassInheritanceTests.java,232,2,253,3,0.0,0,0,0,0.0,0.0,0,0,4,0,0,4,6,1,0,0,4,0.0,0.0,0,0,0,1,0.0,0,1,1,1,1,1,18,22,0,0,0,0,4,0,0,0,8,4,0,0,0,18,22,0,0,0,0,4,0,0,0,8,4,0,0,0,0,0,12,0,4,0,0,4,1,0,0,0,11,0,0,0,0,0,0,0,0
513,L18118,TestClassInheritanceTests$TestCase3,org.junit.jupiter.engine.TestClassInheritanceTests$TestCase3,L18096,L103,C:\Users\domco\Desktop\DP\repos\junit5\junit-jupiter-engine\src\test\java\org\junit\jupiter\engine\TestClassInheritanceTests.java,255,2,281,3,0.0,0,0,0,0.0,0.0,0,0,5,0,0,5,7,1,0,0,5,0.0,0.0,0,0,0,1,0.0,0,2,2,0,0,1,22,27,0,0,0,0,5,0,0,0,13,5,0,0,0,22,27,0,0,0,0,5,0,0,0,13,5,0,0,0,0,0,14,1,5,1,0,5,1,0,0,0,13,0,0,0,0,0,0,0,0
514,L18191,TestInstanceLifecycleConfigurationTests$ExplicitInstancePerTestMethodTestCase,org.junit.jupiter.engine.TestInstanceLifecycleConfigurationTests$ExplicitInstancePerTestMethodTestCase,L18164,L103,C:\Users\domco\Desktop\DP\repos\junit5\junit-jupiter-engine\src\test\java\org\junit\jupiter\engine\TestInstanceLifecycleConfigurationTests.java,146,2,164,3,0.0,0,0,0,0.0,0.0,0,0,3,0,0,3,5,1,0,0,3,1.0,0.0625,1,1,1,0,0.0625,1,0,0,0,0,0,15,19,0,0,0,0,3,0,0,0,3,3,0,0,0,15,19,0,0,0,0,3,0,0,0,3,3,0,0,0,0,0,9,1,3,1,0,3,1,0,0,0,8,0,0,0,0,0,0,0,0
515,L18175,TestInstanceLifecycleConfigurationTests$AssumedInstancePerTestMethodTestCase,org.junit.jupiter.engine.TestInstanceLifecycleConfigurationTests$AssumedInstancePerTestMethodTestCase,L18164,L103,C:\Users\domco\Desktop\DP\repos\junit5\junit-jupiter-engine\src\test\java\org\junit\jupiter\engine\TestInstanceLifecycleConfigurationTests.java,171,2,188,3,0.0,0,0,0,0.0,0.0,0,0,3,0,0,3,4,1,0,0,3,1.0,0.263158,5,5,1,0,0.263158,5,0,0,0,0,0,14,18,0,0,0,0,3,0,0,0,3,3,0,0,0,14,18,0,0,0,0,3,0,0,0,3,3,0,0,0,0,0,7,1,3,1,0,3,1,0,0,0,6,0,0,0,0,0,0,0,0
516,L18179,TestInstanceLifecycleConfigurationTests$ExplicitInstancePerClassTestCase,org.junit.jupiter.engine.TestInstanceLifecycleConfigurationTests$ExplicitInstancePerClassTestCase,L18164,L103,C:\Users\domco\Desktop\DP\repos\junit5\junit-jupiter-engine\src\test\java\org\junit\jupiter\engine\TestInstanceLifecycleConfigurationTests.java,190,2,208,3,0.0,0,0,0,0.0,0.0,0,0,3,0,0,3,6,1,0,0,3,0.0,0.0,0,0,0,1,0.0,0,0,0,0,0,0,15,19,0,0,0,0,3,0,0,0,3,3,0,0,0,15,19,0,0,0,0,3,0,0,0,3,3,0,0,0,0,0,10,1,3,1,0,3,1,0,0,0,9,0,0,0,0,0,0,0,0
517,L18183,TestInstanceLifecycleConfigurationTests$AssumedInstancePerClassTestCase,org.junit.jupiter.engine.TestInstanceLifecycleConfigurationTests$AssumedInstancePerClassTestCase,L18164,L103,C:\Users\domco\Desktop\DP\repos\junit5\junit-jupiter-engine\src\test\java\org\junit\jupiter\engine\TestInstanceLifecycleConfigurationTests.java,215,2,232,3,0.0,0,0,0,0.0,0.0,0,0,3,0,0,3,5,1,0,0,3,1.0,0.263158,5,5,1,0,0.263158,5,0,0,0,0,0,14,18,0,0,0,0,3,0,0,0,3,3,0,0,0,14,18,0,0,0,0,3,0,0,0,3,3,0,0,0,0,0,7,1,3,1,0,3,1,0,0,0,6,0,0,0,0,0,0,0,0
518,L18283,TestInstanceLifecycleTests$InstancePerMethodTestCase,org.junit.jupiter.engine.TestInstanceLifecycleTests$InstancePerMethodTestCase,L18238,L103,C:\Users\domco\Desktop\DP\repos\junit5\junit-jupiter-engine\src\test\java\org\junit\jupiter\engine\TestInstanceLifecycleTests.java,679,2,725,3,0.0,0,0,0,0.0,0.0,0,0,7,0,0,8,11,2,1,3,11,1.0,0.0769231,3,3,1,0,0.0769231,3,0,0,1,2,0,36,47,0,0,0,0,8,0,0,0,8,10,0,0,0,36,47,0,0,0,0,8,0,0,0,8,10,0,0,0,0,0,18,2,9,4,0,7,1,0,1,0,16,0,0,0,0,0,0,0,0
519,L18316,TestInstanceLifecycleTests$InstancePerClassTestCase,org.junit.jupiter.engine.TestInstanceLifecycleTests$InstancePerClassTestCase,L18238,L103,C:\Users\domco\Desktop\DP\repos\junit5\junit-jupiter-engine\src\test\java\org\junit\jupiter\engine\TestInstanceLifecycleTests.java,727,2,746,3,0.0,0,0,0,0.0,0.0,0,0,2,0,0,3,7,2,1,3,6,0.0,0.0,0,0,0,1,0.0,0,1,1,1,1,1,16,20,0,0,0,0,3,0,0,0,11,5,0,0,0,16,20,0,0,0,0,3,0,0,0,11,5,0,0,0,0,0,10,0,4,2,0,2,1,0,0,0,9,0,0,0,0,0,0,0,0
520,L18320,TestInstanceLifecycleTests$SubInstancePerClassTestCase,org.junit.jupiter.engine.TestInstanceLifecycleTests$SubInstancePerClassTestCase,L18238,L103,C:\Users\domco\Desktop\DP\repos\junit5\junit-jupiter-engine\src\test\java\org\junit\jupiter\engine\TestInstanceLifecycleTests.java,748,2,752,3,0.0,0,0,0,0.0,0.0,0,0,0,0,0,1,2,1,0,2,3,0.0,0.0,0,0,0,1,0.0,0,2,2,0,0,1,5,5,0,0,0,0,1,0,0,0,12,1,0,0,0,5,5,0,0,0,0,1,0,0,0,12,1,0,0,0,0,0,5,0,0,0,0,0,0,0,0,0,5,0,0,0,0,0,0,0,0
521,L18326,TestInstanceLifecycleTests$InstancePerMethodOuterTestCase,org.junit.jupiter.engine.TestInstanceLifecycleTests$InstancePerMethodOuterTestCase,L18238,L103,C:\Users\domco\Desktop\DP\repos\junit5\junit-jupiter-engine\src\test\java\org\junit\jupiter\engine\TestInstanceLifecycleTests.java,754,2,817,3,0.0,0,0,0,0.0,0.0,0,0,3,0,0,4,9,1,0,5,9,0.0,0.0909091,2,2,0,1,0.0754717,4,0,0,0,0,0,20,27,0,0,0,0,4,0,0,0,4,6,0,0,0,49,64,0,0,0,0,10,0,0,0,10,15,0,0,0,0,0,24,0,14,6,0,8,2,0,0,0,22,0,0,0,0,0,0,0,0
522,L18333,TestInstanceLifecycleTests$InstancePerClassOuterTestCase,org.junit.jupiter.engine.TestInstanceLifecycleTests$InstancePerClassOuterTestCase,L18238,L103,C:\Users\domco\Desktop\DP\repos\junit5\junit-jupiter-engine\src\test\java\org\junit\jupiter\engine\TestInstanceLifecycleTests.java,819,2,892,3,0.0,0,0,0,0.0,0.0,0,0,3,0,0,4,10,1,0,5,9,0.0,0.0,0,0,0,1,0.0,0,0,0,0,0,0,21,26,0,0,0,0,4,0,0,0,4,6,0,0,0,61,74,0,0,0,0,12,0,0,0,12,19,0,0,0,0,0,33,0,18,8,0,10,2,0,1,0,30,0,0,0,0,0,0,0,0
523,L18340,TestInstanceLifecycleTests$MixedLifecyclesOuterTestCase,org.junit.jupiter.engine.TestInstanceLifecycleTests$MixedLifecyclesOuterTestCase,L18238,L103,C:\Users\domco\Desktop\DP\repos\junit5\junit-jupiter-engine\src\test\java\org\junit\jupiter\engine\TestInstanceLifecycleTests.java,894,2,966,3,0.0,0,0,0,0.0,0.0,0,0,3,0,0,4,8,1,0,4,8,0.0,0.1,2,2,0,1,0.0333333,2,0,0,0,0,0,18,25,0,0,0,0,4,0,0,0,4,4,0,0,0,58,73,0,0,0,0,12,0,0,0,12,17,0,0,0,0,0,31,0,16,6,0,10,2,0,1,0,28,0,0,0,0,0,0,0,0
524,L18382,TestInstanceLifecycleTests$InstanceTrackingExtension,org.junit.jupiter.engine.TestInstanceLifecycleTests$InstanceTrackingExtension,L18238,L103,C:\Users\domco\Desktop\DP\repos\junit5\junit-jupiter-engine\src\test\java\org\junit\jupiter\engine\TestInstanceLifecycleTests.java,971,2,1058,3,0.0,0,0,0,0.0,0.0,0,0,1,1,1,11,16,4,0,20,30,0.1,0.0384615,3,3,1,9,0.0384615,3,2,9,0,0,8,75,88,0,0,0,0,10,0,9,0,10,29,0,9,0,75,88,0,2,0,0,10,0,9,0,12,29,0,11,0,0,0,29,0,1,1,0,0,0,0,1,0,26,0,0,2,0,0,0,0,0
525,L18504,TestTemplateInvocationTests$MyTestTemplateTestCase,org.junit.jupiter.engine.TestTemplateInvocationTests$MyTestTemplateTestCase,L18500,L103,C:\Users\domco\Desktop\DP\repos\junit5\junit-jupiter-engine\src\test\java\org\junit\jupiter\engine\TestTemplateInvocationTests.java,404,2,477,3,0.0,0,0,0,0.0,0.0,0,0,12,0,0,12,13,1,0,1,13,0.0,0.0,0,0,0,1,0.0,0,0,0,0,0,0,61,74,1,0,1,0,12,0,0,0,12,10,0,0,0,61,74,1,0,1,0,12,0,0,0,12,10,0,0,0,0,0,29,0,16,0,0,14,1,0,1,0,27,2,0,0,0,0,0,0,0
526,L18527,TestTemplateInvocationTests$MyTestTemplateTestCaseWithConstructor,org.junit.jupiter.engine.TestTemplateInvocationTests$MyTestTemplateTestCaseWithConstructor,L18500,L103,C:\Users\domco\Desktop\DP\repos\junit5\junit-jupiter-engine\src\test\java\org\junit\jupiter\engine\TestTemplateInvocationTests.java,479,2,492,3,0.0,0,0,0,0.0,0.0,0,0,1,0,0,2,4,1,0,1,3,0.0,0.0,0,0,0,1,0.0,0,0,0,0,0,0,11,14,1,0,1,0,2,0,0,0,2,2,0,0,0,11,14,1,0,1,0,2,0,0,0,2,2,0,0,0,0,0,7,0,2,1,0,1,0,0,0,0,7,0,0,0,0,0,0,0,0
527,L18513,TestTemplateInvocationTests$TestTemplateTestClassWithBeforeAndAfterEach,org.junit.jupiter.engine.TestTemplateInvocationTests$TestTemplateTestClassWithBeforeAndAfterEach,L18500,L103,C:\Users\domco\Desktop\DP\repos\junit5\junit-jupiter-engine\src\test\java\org\junit\jupiter\engine\TestTemplateInvocationTests.java,494,2,523,3,0.0,0,0,0,0.0,0.0,0,0,2,0,0,5,9,1,0,2,7,0.0,0.0,0,0,0,1,0.0,0,0,0,0,0,0,24,30,1,0,1,0,5,0,0,0,5,5,0,0,0,24,30,1,0,1,0,5,0,0,0,5,5,0,0,0,0,0,14,0,5,0,0,5,1,0,0,0,13,0,0,0,0,0,0,0,0
528,L18532,TestTemplateInvocationTests$TestTemplateTestClassWithDynamicLifecycleCallbacks,org.junit.jupiter.engine.TestTemplateInvocationTests$TestTemplateTestClassWithDynamicLifecycleCallbacks,L18500,L103,C:\Users\domco\Desktop\DP\repos\junit5\junit-jupiter-engine\src\test\java\org\junit\jupiter\engine\TestTemplateInvocationTests.java,525,2,535,3,0.0,0,0,0,0.0,0.0,0,0,1,0,0,1,5,2,0,2,3,0.0,0.0,0,0,0,1,0.0,0,0,0,0,0,0,9,11,1,0,1,0,1,0,0,0,1,2,0,0,0,9,11,1,0,1,0,1,0,0,0,1,2,0,0,0,0,0,5,0,2,1,0,1,0,0,0,0,5,0,0,0,0,0,0,0,0
529,L18557,TestTemplateInvocationTests$SingleInvocationContextProvider,org.junit.jupiter.engine.TestTemplateInvocationTests$SingleInvocationContextProvider,L18500,L103,C:\Users\domco\Desktop\DP\repos\junit5\junit-jupiter-engine\src\test\java\org\junit\jupiter\engine\TestTemplateInvocationTests.java,537,2,548,3,0.0,0,0,0,0.0,0.0,0,0,2,0,0,2,4,2,0,1,3,0.0,0.0,0,0,0,3,0.0,0,2,2,1,1,1,10,12,0,0,0,0,2,0,2,0,2,2,0,2,0,10,12,0,0,0,0,2,0,2,0,2,2,0,2,0,0,0,8,0,0,0,0,0,1,0,0,0,7,0,0,0,0,0,0,0,0
530,L18569,TestTemplateInvocationTests$SingleInvocationContextProviderWithDisabledInvocations,org.junit.jupiter.engine.TestTemplateInvocationTests$SingleInvocationContextProviderWithDisabledInvocations,L18500,L103,C:\Users\domco\Desktop\DP\repos\junit5\junit-jupiter-engine\src\test\java\org\junit\jupiter\engine\TestTemplateInvocationTests.java,550,2,561,3,0.0,0,0,0,0.0,0.0,0,0,1,0,0,1,3,1,0,0,1,0.0,0.0,0,0,0,2,0.0,0,3,3,0,0,1,8,8,0,0,0,0,1,0,1,0,3,1,0,3,0,12,12,0,2,0,1,2,0,2,0,5,2,0,5,0,0,0,10,0,0,0,0,0,0,0,0,0,10,0,0,0,0,0,0,0,0
531,L18561,TestTemplateInvocationTests$AnotherInvocationContextProviderWithASingleInvocation,org.junit.jupiter.engine.TestTemplateInvocationTests$AnotherInvocationContextProviderWithASingleInvocation,L18500,L103,C:\Users\domco\Desktop\DP\repos\junit5\junit-jupiter-engine\src\test\java\org\junit\jupiter\engine\TestTemplateInvocationTests.java,563,2,575,3,0.0,0,0,0,0.0,0.0,0,0,2,0,0,2,4,1,0,1,3,0.0,0.0,0,0,0,3,0.0,0,2,2,0,0,1,11,13,0,0,0,0,2,0,2,0,2,2,0,2,0,11,13,0,0,0,0,2,0,2,0,2,2,0,2,0,0,0,8,0,0,0,0,0,1,0,0,0,7,0,0,0,0,0,0,0,0
532,L18565,TestTemplateInvocationTests$TwoInvocationsContextProvider,org.junit.jupiter.engine.TestTemplateInvocationTests$TwoInvocationsContextProvider,L18500,L103,C:\Users\domco\Desktop\DP\repos\junit5\junit-jupiter-engine\src\test\java\org\junit\jupiter\engine\TestTemplateInvocationTests.java,577,2,588,3,0.0,0,0,0,0.0,0.0,0,0,2,0,0,2,4,2,0,1,3,0.0,0.0,0,0,0,3,0.0,0,2,2,0,0,1,10,12,0,0,0,0,2,0,2,0,2,2,0,2,0,10,12,0,0,0,0,2,0,2,0,2,2,0,2,0,0,0,8,0,0,0,0,0,1,0,0,0,7,0,0,0,0,0,0,0,0
533,L18573,TestTemplateInvocationTests$AlwaysDisabledExecutionCondition,org.junit.jupiter.engine.TestTemplateInvocationTests$AlwaysDisabledExecutionCondition,L18500,L103,C:\Users\domco\Desktop\DP\repos\junit5\junit-jupiter-engine\src\test\java\org\junit\jupiter\engine\TestTemplateInvocationTests.java,590,2,596,3,0.0,0,0,0,0.0,0.0,0,0,1,0,0,1,3,2,0,1,2,0.0,0.0,0,0,0,2,0.0,0,2,2,0,0,1,6,7,0,0,0,0,1,0,1,0,1,1,0,1,0,6,7,0,0,0,0,1,0,1,0,1,1,0,1,0,0,0,5,0,0,0,0,0,0,0,0,0,5,0,0,0,0,0,0,0,0
534,L18577,TestTemplateInvocationTests$InvocationContextProviderWithCustomizedDisplayNames,org.junit.jupiter.engine.TestTemplateInvocationTests$InvocationContextProviderWithCustomizedDisplayNames,L18500,L103,C:\Users\domco\Desktop\DP\repos\junit5\junit-jupiter-engine\src\test\java\org\junit\jupiter\engine\TestTemplateInvocationTests.java,598,2,616,3,0.0,0,0,0,0.0,0.0,0,0,2,0,0,2,3,1,0,0,2,0.0,0.0,0,0,0,3,0.0,0,2,2,0,0,1,12,19,0,0,0,0,2,0,2,0,2,2,0,2,0,12,19,0,0,0,0,2,0,2,0,2,2,0,2,0,0,0,8,0,0,0,0,0,1,0,0,0,7,0,0,0,0,0,0,0,0
535,L18581,TestTemplateInvocationTests$StringParameterResolvingInvocationContextProvider,org.junit.jupiter.engine.TestTemplateInvocationTests$StringParameterResolvingInvocationContextProvider,L18500,L103,C:\Users\domco\Desktop\DP\repos\junit5\junit-jupiter-engine\src\test\java\org\junit\jupiter\engine\TestTemplateInvocationTests.java,618,2,664,3,0.0,0,0,0,0.0,0.0,0,0,2,0,0,3,3,2,0,1,4,0.0,0.0952381,2,0,0,3,0.05,2,2,2,0,0,1,19,24,0,0,0,0,3,0,2,0,3,3,0,2,0,38,47,0,2,0,2,7,0,6,0,7,7,0,6,0,0,0,25,0,0,0,0,0,2,0,0,0,23,0,0,0,0,0,0,0,0
536,L18589,TestTemplateInvocationTests$StringParameterInjectingInvocationContextProvider,org.junit.jupiter.engine.TestTemplateInvocationTests$StringParameterInjectingInvocationContextProvider,L18500,L103,C:\Users\domco\Desktop\DP\repos\junit5\junit-jupiter-engine\src\test\java\org\junit\jupiter\engine\TestTemplateInvocationTests.java,666,2,697,3,0.0,0,0,0,0.0,0.0,0,0,2,0,0,3,3,1,0,0,3,0.0,0.0,0,0,0,3,0.0,0,2,2,0,0,1,15,18,0,0,0,0,3,0,2,0,3,3,0,2,0,24,32,0,2,0,2,5,0,4,0,5,5,0,4,0,0,0,17,0,0,0,0,0,1,0,0,0,16,0,0,0,0,0,0,0,0
537,L18619,TestTemplateInvocationTests$InvocationContextProviderWithDynamicLifecycleCallbacks,org.junit.jupiter.engine.TestTemplateInvocationTests$InvocationContextProviderWithDynamicLifecycleCallbacks,L18500,L103,C:\Users\domco\Desktop\DP\repos\junit5\junit-jupiter-engine\src\test\java\org\junit\jupiter\engine\TestTemplateInvocationTests.java,699,2,756,3,0.0,0,0,0,0.0,0.0,0,0,2,0,0,3,3,1,0,0,3,0.0,0.0,0,0,0,3,0.0,0,2,2,0,0,1,15,19,0,0,0,0,3,0,2,0,3,3,0,2,0,47,58,0,2,0,2,10,0,9,0,10,11,0,9,0,0,0,33,0,0,0,0,0,2,0,0,0,29,0,0,2,0,0,0,0,0
538,L18594,TestTemplateInvocationTests$InvocationContextProviderThatSupportsEverythingButProvidesNothing,org.junit.jupiter.engine.TestTemplateInvocationTests$InvocationContextProviderThatSupportsEverythingButProvidesNothing,L18500,L103,C:\Users\domco\Desktop\DP\repos\junit5\junit-jupiter-engine\src\test\java\org\junit\jupiter\engine\TestTemplateInvocationTests.java,758,2,770,3,0.0,0,0,0,0.0,0.0,0,0,2,0,0,2,3,1,0,0,2,0.0,0.0,0,0,0,3,0.0,0,2,2,0,0,1,11,13,0,0,0,0,2,0,2,0,2,2,0,2,0,11,13,0,0,0,0,2,0,2,0,2,2,0,2,0,0,0,8,0,0,0,0,0,1,0,0,0,7,0,0,0,0,0,0,0,0
539,L18598,TestTemplateInvocationTests$InvocationContextProviderWithCloseableStream,org.junit.jupiter.engine.TestTemplateInvocationTests$InvocationContextProviderWithCloseableStream,L18500,L103,C:\Users\domco\Desktop\DP\repos\junit5\junit-jupiter-engine\src\test\java\org\junit\jupiter\engine\TestTemplateInvocationTests.java,772,2,785,3,0.0,0,0,0,0.0,0.0,0,0,2,0,0,2,4,2,0,1,3,0.0,0.0,0,0,0,3,0.0,0,2,2,0,0,1,11,14,1,0,1,0,2,0,2,0,2,2,0,2,0,11,14,1,0,1,0,2,0,2,0,2,2,0,2,0,0,0,8,0,0,0,0,0,1,0,0,0,7,0,0,0,0,0,0,0,0
540,L18768,IgnoreCondition,org.junit.jupiter.migrationsupport.conditions.IgnoreCondition,L18761,L103,C:\Users\domco\Desktop\DP\repos\junit5\junit-jupiter-migrationsupport\src\main\java\org\junit\jupiter\migrationsupport\conditions\IgnoreCondition.java,36,1,60,2,0.753623,1,2,1,0.52,0.705882,13,12,1,1,1,2,4,5,0,4,5,1.0,0.5,17,14,2,0,0.5,17,2,2,0,0,1,17,25,1,0,1,0,1,0,1,0,1,6,0,1,0,17,25,1,0,1,0,1,0,1,0,1,6,0,1,0,0,0,11,0,0,0,11,0,0,0,0,0,0,0,0,0,0,0,0,0,0
541,L18779,IgnoreAnnotationIntegrationTests,org.junit.jupiter.migrationsupport.conditions.IgnoreAnnotationIntegrationTests,L18761,L103,C:\Users\domco\Desktop\DP\repos\junit5\junit-jupiter-migrationsupport\src\test\java\org\junit\jupiter\migrationsupport\conditions\IgnoreAnnotationIntegrationTests.java,39,1,85,2,0.0,0,0,0,0.0,0.0,0,0,0,0,0,0,0,0,0,0,0,1.0,0.8,8,8,1,0,0.227273,10,0,0,0,0,0,2,6,0,0,0,0,0,0,0,0,0,0,0,0,0,34,47,1,0,1,0,5,0,0,0,15,4,0,0,0,0,0,19,1,6,1,0,6,1,0,0,0,18,0,0,0,0,0,0,0,0
542,L18801,IgnoreConditionTests,org.junit.jupiter.migrationsupport.conditions.IgnoreConditionTests,L18761,L103,C:\Users\domco\Desktop\DP\repos\junit5\junit-jupiter-migrationsupport\src\test\java\org\junit\jupiter\migrationsupport\conditions\IgnoreConditionTests.java,38,1,150,2,0.0,0,0,0,0.0,0.0,0,0,1,0,0,4,11,0,0,19,23,1.0,0.390625,25,7,1,0,0.295918,29,0,0,0,0,0,39,75,0,0,0,0,4,0,0,0,4,12,0,0,0,69,113,0,0,0,0,9,0,0,0,9,14,0,0,0,0,0,21,6,8,6,0,8,1,0,2,0,18,0,0,0,0,0,0,0,0
543,L18933,ExpectedExceptionSupport,org.junit.jupiter.migrationsupport.rules.ExpectedExceptionSupport,L18838,L103,C:\Users\domco\Desktop\DP\repos\junit5\junit-jupiter-migrationsupport\src\main\java\org\junit\jupiter\migrationsupport\rules\ExpectedExceptionSupport.java,42,1,67,2,0.0,0,0,0,0.0,0.0,0,0,1,1,1,4,6,3,0,7,10,0.333333,0.444444,16,16,1,2,0.444444,16,2,3,0,0,2,20,26,2,1,2,1,3,0,2,0,3,6,0,2,0,20,26,2,1,2,1,3,0,2,0,3,6,0,2,0,0,0,8,0,0,0,0,0,0,0,0,0,7,0,0,1,0,0,0,0,0
544,L18927,ExternalResourceSupport,org.junit.jupiter.migrationsupport.rules.ExternalResourceSupport,L18838,L103,C:\Users\domco\Desktop\DP\repos\junit5\junit-jupiter-migrationsupport\src\main\java\org\junit\jupiter\migrationsupport\rules\ExternalResourceSupport.java,41,1,56,2,0.0,0,0,0,0.0,0.0,0,0,1,0,0,2,4,8,0,2,4,0.333333,0.612903,19,19,1,2,0.612903,19,2,3,0,0,2,12,16,1,0,1,0,2,0,2,0,2,2,0,2,0,12,16,1,0,1,0,2,0,2,0,2,2,0,2,0,0,0,6,0,0,0,0,0,0,0,0,0,5,0,0,1,0,0,0,0,0
545,L18940,TestRuleSupport,org.junit.jupiter.migrationsupport.rules.TestRuleSupport,L18838,L103,C:\Users\domco\Desktop\DP\repos\junit5\junit-jupiter-migrationsupport\src\main\java\org\junit\jupiter\migrationsupport\rules\TestRuleSupport.java,46,1,155,2,0.0,0,0,0,0.0,0.0,0,0,2,1,1,10,11,3,5,7,16,0.25,0.26087,24,10,1,3,0.26087,24,2,4,0,0,3,68,110,3,1,3,1,9,0,3,0,9,20,0,3,0,68,110,3,1,3,1,9,0,3,0,9,20,0,3,0,0,0,18,1,0,0,0,0,1,0,1,0,15,0,1,1,0,0,0,0,0
546,L18930,VerifierSupport,org.junit.jupiter.migrationsupport.rules.VerifierSupport,L18838,L103,C:\Users\domco\Desktop\DP\repos\junit5\junit-jupiter-migrationsupport\src\main\java\org\junit\jupiter\migrationsupport\rules\VerifierSupport.java,40,1,50,2,0.0,0,0,0,0.0,0.0,0,0,1,0,0,1,3,3,0,1,2,0.5,0.703704,19,19,1,1,0.703704,19,2,2,0,0,1,8,11,1,0,1,0,1,0,1,0,1,1,0,1,0,8,11,1,0,1,0,1,0,1,0,1,1,0,1,0,0,0,3,0,0,0,0,0,0,0,0,0,3,0,0,0,0,0,0,0,0
547,L19063,AbstractTestRuleAdapterTests,org.junit.jupiter.migrationsupport.rules.AbstractTestRuleAdapterTests,L18838,L103,C:\Users\domco\Desktop\DP\repos\junit5\junit-jupiter-migrationsupport\src\test\java\org\junit\jupiter\migrationsupport\rules\AbstractTestRuleAdapterTests.java,29,1,83,2,0.0,0,0,0,0.0,0.0,0,0,3,0,0,3,7,0,0,4,7,1.0,0.125,3,3,1,0,0.0697674,3,0,0,0,0,0,21,30,0,0,0,0,3,0,0,0,3,6,0,0,0,40,55,2,1,1,1,7,0,2,0,18,10,0,9,0,0,0,26,1,7,5,0,3,1,0,0,0,25,0,0,0,0,0,0,0,0
548,L19091,EnableRuleMigrationSupportWithBothRuleTypesTests,org.junit.jupiter.migrationsupport.rules.EnableRuleMigrationSupportWithBothRuleTypesTests,L18838,L103,C:\Users\domco\Desktop\DP\repos\junit5\junit-jupiter-migrationsupport\src\test\java\org\junit\jupiter\migrationsupport\rules\EnableRuleMigrationSupportWithBothRuleTypesTests.java,25,1,87,2,0.0,0,0,0,0.0,0.0,0,0,2,1,1,5,5,2,0,3,6,0.0,0.0,0,0,0,2,0.0,0,0,0,0,0,0,29,37,6,1,6,1,3,1,1,0,3,8,1,1,0,51,63,7,1,7,1,6,1,1,0,6,14,1,1,0,0,2,27,0,16,7,0,4,1,0,0,0,21,0,2,0,0,5,0,5,0
549,L19118,ExpectedExceptionSupportTests,org.junit.jupiter.migrationsupport.rules.ExpectedExceptionSupportTests,L18838,L103,C:\Users\domco\Desktop\DP\repos\junit5\junit-jupiter-migrationsupport\src\test\java\org\junit\jupiter\migrationsupport\rules\ExpectedExceptionSupportTests.java,37,1,125,2,0.0,0,0,0,0.0,0.0,0,0,1,0,0,3,10,0,0,17,20,1.0,0.34,17,5,1,0,0.211765,18,0,0,0,0,0,33,45,0,0,0,0,3,0,0,0,3,10,0,0,0,67,89,1,0,1,0,9,1,0,0,9,17,1,0,0,0,0,30,7,8,4,0,8,2,0,1,3,21,0,0,0,0,0,0,6,0
550,L19142,ExternalResourceSupportForDifferentDeclaredReturnTypesRulesTests,org.junit.jupiter.migrationsupport.rules.ExternalResourceSupportForDifferentDeclaredReturnTypesRulesTests,L18838,L103,C:\Users\domco\Desktop\DP\repos\junit5\junit-jupiter-migrationsupport\src\test\java\org\junit\jupiter\migrationsupport\rules\ExternalResourceSupportForDifferentDeclaredReturnTypesRulesTests.java,23,1,78,2,0.266667,1,1,1,0.25,0.282609,14,13,2,1,1,6,7,2,0,2,6,0.0,0.0,0,0,0,3,0.0,0,0,0,0,0,0,28,36,4,2,4,2,4,0,2,0,4,8,0,2,0,46,56,4,2,4,2,8,0,2,0,8,12,0,2,0,0,0,54,0,13,5,26,4,3,0,0,0,25,0,0,0,0,4,0,0,0
551,L19166,ExternalResourceSupportForMixedMethodAndFieldRulesTests,org.junit.jupiter.migrationsupport.rules.ExternalResourceSupportForMixedMethodAndFieldRulesTests,L18838,L103,C:\Users\domco\Desktop\DP\repos\junit5\junit-jupiter-migrationsupport\src\test\java\org\junit\jupiter\migrationsupport\rules\ExternalResourceSupportForMixedMethodAndFieldRulesTests.java,28,1,94,2,0.0,0,0,0,0.0,0.0,0,0,3,1,1,6,8,2,0,3,8,0.0,0.0769231,3,0,0,1,0.0555556,3,0,0,1,1,0,36,48,5,0,5,0,5,2,0,0,5,11,2,0,0,51,67,6,0,6,0,8,2,0,0,8,15,2,0,0,0,0,27,0,11,3,0,8,1,0,0,0,22,0,0,0,0,0,0,4,0
552,L19191,ExternalResourceSupportForMultipleFieldRulesTests,org.junit.jupiter.migrationsupport.rules.ExternalResourceSupportForMultipleFieldRulesTests,L18838,L103,C:\Users\domco\Desktop\DP\repos\junit5\junit-jupiter-migrationsupport\src\test\java\org\junit\jupiter\migrationsupport\rules\ExternalResourceSupportForMultipleFieldRulesTests.java,22,1,71,2,0.0,0,0,0,0.0,0.0,0,0,2,1,1,4,6,2,0,2,4,0.0,0.0,0,0,0,1,0.0,0,0,0,0,0,0,25,32,6,0,6,0,2,2,0,0,2,6,2,0,0,41,50,6,0,6,0,6,2,0,0,6,10,2,0,0,0,0,29,0,13,5,0,4,3,0,0,0,21,0,0,0,0,4,0,5,0
553,L19211,ExternalResourceSupportForMultipleMethodRulesTests,org.junit.jupiter.migrationsupport.rules.ExternalResourceSupportForMultipleMethodRulesTests,L18838,L103,C:\Users\domco\Desktop\DP\repos\junit5\junit-jupiter-migrationsupport\src\test\java\org\junit\jupiter\migrationsupport\rules\ExternalResourceSupportForMultipleMethodRulesTests.java,22,1,75,2,0.533333,1,2,2,0.518519,0.577778,28,26,2,1,1,6,6,2,0,2,6,0.0,0.0,0,0,0,3,0.0,0,0,0,0,0,0,29,36,4,2,4,2,4,0,2,0,4,8,0,2,0,45,54,4,2,4,2,8,0,2,0,8,12,0,2,0,0,0,75,0,13,5,47,4,3,0,0,0,25,0,0,0,0,4,0,0,0
554,L19231,ExternalResourceSupportForTemporaryFolderFieldTests,org.junit.jupiter.migrationsupport.rules.ExternalResourceSupportForTemporaryFolderFieldTests,L18838,L103,C:\Users\domco\Desktop\DP\repos\junit5\junit-jupiter-migrationsupport\src\test\java\org\junit\jupiter\migrationsupport\rules\ExternalResourceSupportForTemporaryFolderFieldTests.java,24,1,42,2,0.0,0,0,0,0.0,0.0,0,0,1,0,0,2,5,0,0,1,3,0.0,0.0,0,0,0,1,0.0,0,0,0,0,0,0,14,19,2,0,2,0,2,1,0,0,2,2,1,0,0,14,19,2,0,2,0,2,1,0,0,2,2,1,0,0,0,1,11,0,3,1,0,2,0,0,0,0,7,0,1,0,0,0,0,4,0
555,L19241,ExternalResourceSupportWithInheritanceTests,org.junit.jupiter.migrationsupport.rules.ExternalResourceSupportWithInheritanceTests,L18838,L103,C:\Users\domco\Desktop\DP\repos\junit5\junit-jupiter-migrationsupport\src\test\java\org\junit\jupiter\migrationsupport\rules\ExternalResourceSupportWithInheritanceTests.java,13,1,16,2,0.0,0,0,0,0.0,0.0,0,0,0,0,0,0,1,0,0,0,0,0.0,0.0,0,0,0,1,0.0,0,1,1,0,0,1,3,4,5,0,0,0,0,0,0,0,5,0,2,0,0,3,4,5,0,0,0,0,0,0,0,5,0,2,0,0,0,0,5,0,0,0,0,0,0,0,0,0,3,0,0,0,0,0,0,2,0
556,L19246,ExternalResourceWithoutAdapterTests,org.junit.jupiter.migrationsupport.rules.ExternalResourceWithoutAdapterTests,L18838,L103,C:\Users\domco\Desktop\DP\repos\junit5\junit-jupiter-migrationsupport\src\test\java\org\junit\jupiter\migrationsupport\rules\ExternalResourceWithoutAdapterTests.java,20,1,40,2,0.0,0,0,0,0.0,0.0,0,0,2,1,1,3,3,0,0,1,3,0.0,0.0588235,1,0,0,1,0.0588235,1,0,0,0,0,0,16,21,1,0,1,0,2,1,0,0,2,3,1,0,0,16,21,1,0,1,0,2,1,0,0,2,3,1,0,0,0,1,10,2,3,2,0,2,1,0,0,1,5,0,1,0,0,0,0,4,0
557,L19252,FailAfterAllHelper,org.junit.jupiter.migrationsupport.rules.FailAfterAllHelper,L18838,L103,C:\Users\domco\Desktop\DP\repos\junit5\junit-jupiter-migrationsupport\src\test\java\org\junit\jupiter\migrationsupport\rules\FailAfterAllHelper.java,16,1,23,2,0.0,0,0,0,0.0,0.0,0,0,1,0,0,1,0,8,8,0,1,1.0,0.444444,4,3,1,0,0.444444,4,0,0,0,0,0,5,8,0,0,0,0,1,0,0,0,1,1,0,0,0,5,8,0,0,0,0,1,0,0,0,1,1,0,0,0,0,0,0,0,1,0,0,1,0,0,0,0,0,0,0,0,0,0,0,0,0
558,L19255,LauncherBasedEnableRuleMigrationSupportTests,org.junit.jupiter.migrationsupport.rules.LauncherBasedEnableRuleMigrationSupportTests,L18838,L103,C:\Users\domco\Desktop\DP\repos\junit5\junit-jupiter-migrationsupport\src\test\java\org\junit\jupiter\migrationsupport\rules\LauncherBasedEnableRuleMigrationSupportTests.java,26,1,114,2,0.0,0,0,0,0.0,0.0,0,0,1,0,0,3,9,0,0,8,11,0.0,0.0,0,0,0,1,0.0,0,0,0,0,0,0,22,32,0,0,0,0,3,0,0,0,3,9,0,0,0,65,89,7,1,7,1,9,2,1,0,9,17,2,1,0,0,0,44,1,15,3,0,8,1,0,0,1,33,0,0,0,0,4,0,10,0
559,L19291,VerifierSupportForMixedMethodAndFieldRulesTests,org.junit.jupiter.migrationsupport.rules.VerifierSupportForMixedMethodAndFieldRulesTests,L18838,L103,C:\Users\domco\Desktop\DP\repos\junit5\junit-jupiter-migrationsupport\src\test\java\org\junit\jupiter\migrationsupport\rules\VerifierSupportForMixedMethodAndFieldRulesTests.java,21,1,62,2,0.0,0,0,0,0.0,0.0,0,0,2,1,1,5,5,2,0,1,4,0.0,0.04,1,0,0,2,0.030303,1,0,0,0,0,0,24,32,4,1,4,1,3,1,1,0,3,5,1,1,0,32,42,4,1,4,1,5,1,1,0,5,7,1,1,0,0,0,22,1,9,3,0,4,1,0,0,1,17,0,0,0,0,2,0,4,0
560,L19307,WrongExtendWithForVerifierFieldTests,org.junit.jupiter.migrationsupport.rules.WrongExtendWithForVerifierFieldTests,L18838,L103,C:\Users\domco\Desktop\DP\repos\junit5\junit-jupiter-migrationsupport\src\test\java\org\junit\jupiter\migrationsupport\rules\WrongExtendWithForVerifierFieldTests.java,21,1,46,2,0.0,0,0,0,0.0,0.0,0,0,2,1,1,3,5,1,0,1,3,0.0,0.0625,1,0,0,1,0.05,1,0,0,0,0,0,15,21,2,0,2,0,2,1,0,0,2,2,1,0,0,19,26,2,0,2,0,3,1,0,0,3,3,1,0,0,0,0,15,1,5,2,0,3,1,0,0,0,10,0,0,0,0,1,0,4,0
561,L19316,WrongExtendWithForVerifierMethodTests,org.junit.jupiter.migrationsupport.rules.WrongExtendWithForVerifierMethodTests,L18838,L103,C:\Users\domco\Desktop\DP\repos\junit5\junit-jupiter-migrationsupport\src\test\java\org\junit\jupiter\migrationsupport\rules\WrongExtendWithForVerifierMethodTests.java,21,1,50,2,0.0,0,0,0,0.0,0.0,0,0,2,1,1,4,5,1,0,1,4,0.0,0.0526316,1,0,0,2,0.0434783,1,0,0,0,0,0,18,25,2,1,2,1,3,0,1,0,3,3,0,1,0,22,30,2,1,2,1,4,0,1,0,4,4,0,1,0,0,0,13,1,6,2,0,3,1,0,0,1,12,0,0,0,0,1,0,0,0
562,L19374,ArgumentAccessException,org.junit.jupiter.params.aggregator.ArgumentAccessException,L19357,L103,C:\Users\domco\Desktop\DP\repos\junit5\junit-jupiter-params\src\main\java\org\junit\jupiter\params\aggregator\ArgumentAccessException.java,26,1,39,2,0.0,0,0,0,0.0,0.0,0,0,0,0,0,2,1,3,1,2,4,0.333333,0.444444,8,8,1,2,0.444444,8,1,1,0,0,1,10,14,2,0,1,0,2,0,2,0,4,2,0,4,0,10,14,2,0,1,0,2,0,2,0,4,2,0,4,0,0,0,5,0,0,0,0,0,0,0,0,0,5,0,0,0,0,0,0,0,0
563,L19426,ArgumentsAggregationException,org.junit.jupiter.params.aggregator.ArgumentsAggregationException,L19357,L103,C:\Users\domco\Desktop\DP\repos\junit5\junit-jupiter-params\src\main\java\org\junit\jupiter\params\aggregator\ArgumentsAggregationException.java,26,1,39,2,0.0,0,0,0,0.0,0.0,0,0,0,0,0,2,1,4,1,2,4,0.333333,0.444444,8,8,1,2,0.444444,8,1,1,0,0,1,10,14,2,0,1,0,2,0,2,0,4,2,0,4,0,10,14,2,0,1,0,2,0,2,0,4,2,0,4,0,0,0,5,0,0,0,0,0,0,0,0,0,5,0,0,0,0,0,0,0,0
564,L19441,DefaultArgumentsAccessor,org.junit.jupiter.params.aggregator.DefaultArgumentsAccessor,L19357,L103,C:\Users\domco\Desktop\DP\repos\junit5\junit-jupiter-params\src\main\java\org\junit\jupiter\params\aggregator\DefaultArgumentsAccessor.java,35,1,129,2,0.0,0,0,0,0.0,0.0,0,0,1,1,1,18,5,2,19,5,20,0.0625,0.113636,10,10,1,15,0.113636,10,1,1,0,0,1,78,95,1,9,1,9,15,0,15,0,15,23,0,15,0,78,95,1,9,1,9,15,0,15,0,15,23,0,15,0,0,0,35,2,0,1,0,0,0,0,0,1,33,0,0,0,0,0,0,2,0
565,L19487,AggregatorIntegrationTests,org.junit.jupiter.params.aggregator.AggregatorIntegrationTests,L19357,L103,C:\Users\domco\Desktop\DP\repos\junit5\junit-jupiter-params\src\test\java\org\junit\jupiter\params\aggregator\AggregatorIntegrationTests.java,60,1,408,2,0.119626,1,2,2,0.0744986,0.0797101,26,22,10,1,1,21,30,0,0,20,39,1.0,0.142857,25,6,1,0,0.11254,35,0,0,0,0,0,150,200,0,0,0,0,19,0,0,0,19,51,0,0,0,276,349,12,1,12,1,34,2,7,0,34,73,2,7,0,0,4,128,2,56,29,14,30,1,0,1,0,104,0,3,0,0,0,0,8,0
566,L19691,DefaultArgumentsAccessorTests,org.junit.jupiter.params.aggregator.DefaultArgumentsAccessorTests,L19357,L103,C:\Users\domco\Desktop\DP\repos\junit5\junit-jupiter-params\src\test\java\org\junit\jupiter\params\aggregator\DefaultArgumentsAccessorTests.java,31,1,167,2,0.0,0,0,0,0.0,0.0,0,0,7,0,0,21,6,0,0,28,49,1.0,0.0598291,7,5,1,0,0.0598291,7,0,0,0,0,0,110,137,0,14,0,14,21,0,0,0,21,39,0,0,0,110,137,0,14,0,14,21,0,0,0,21,39,0,0,0,0,0,48,2,51,30,0,21,1,0,0,0,44,0,2,0,0,0,0,3,0
567,L19673,ArgumentConversionException,org.junit.jupiter.params.converter.ArgumentConversionException,L19746,L103,C:\Users\domco\Desktop\DP\repos\junit5\junit-jupiter-params\src\main\java\org\junit\jupiter\params\converter\ArgumentConversionException.java,26,1,39,2,0.0,0,0,0,0.0,0.0,0,0,0,0,0,2,1,9,5,2,4,0.333333,0.444444,8,8,1,2,0.444444,8,1,1,0,0,1,10,14,2,0,1,0,2,0,2,0,4,2,0,4,0,10,14,2,0,1,0,2,0,2,0,4,2,0,4,0,0,0,5,0,0,0,0,0,0,0,0,0,5,0,0,0,0,0,0,0,0
568,L19779,DefaultArgumentConverter,org.junit.jupiter.params.converter.DefaultArgumentConverter,L19746,L103,C:\Users\domco\Desktop\DP\repos\junit5\junit-jupiter-params\src\main\java\org\junit\jupiter\params\converter\DefaultArgumentConverter.java,73,1,282,2,0.0,0,0,0,0.0,0.0,0,0,1,4,4,12,4,2,2,5,9,0.5,0.337662,26,17,1,1,0.146597,28,2,2,0,0,1,51,68,2,0,2,0,4,1,1,0,5,18,1,1,0,163,210,5,0,5,0,17,1,11,0,18,31,1,11,0,0,0,55,3,2,0,0,2,2,2,0,2,47,0,1,0,0,0,0,4,0
569,L19802,FallbackStringToObjectConverter,org.junit.jupiter.params.converter.FallbackStringToObjectConverter,L19746,L103,C:\Users\domco\Desktop\DP\repos\junit5\junit-jupiter-params\src\main\java\org\junit\jupiter\params\converter\FallbackStringToObjectConverter.java,55,1,174,2,0.0,0,0,0,0.0,0.0,0,0,4,1,1,10,6,3,5,6,12,0.333333,0.486842,37,34,1,2,0.418803,49,1,1,0,0,1,39,81,2,0,2,0,6,0,2,0,6,14,0,2,0,68,120,4,0,4,0,10,0,4,0,10,24,0,4,0,0,0,22,0,0,0,0,0,1,0,0,0,21,0,0,0,0,0,0,0,0
570,L20004,JavaTimeArgumentConverter,org.junit.jupiter.params.converter.JavaTimeArgumentConverter,L19746,L103,C:\Users\domco\Desktop\DP\repos\junit5\junit-jupiter-params\src\main\java\org\junit\jupiter\params\converter\JavaTimeArgumentConverter.java,35,1,72,2,0.0,0,0,0,0.0,0.0,0,0,1,1,1,3,4,2,1,2,4,0.333333,0.0833333,3,3,1,2,0.0833333,3,2,3,0,0,2,33,38,2,0,2,0,2,0,2,0,3,6,0,2,0,33,38,2,0,2,0,2,0,2,0,3,6,0,2,0,0,0,8,0,0,0,0,0,0,0,0,0,7,0,0,1,0,0,0,0,0
571,L1387,SimpleArgumentConverter,org.junit.jupiter.params.converter.SimpleArgumentConverter,L19746,L103,C:\Users\domco\Desktop\DP\repos\junit5\junit-jupiter-params\src\main\java\org\junit\jupiter\params\converter\SimpleArgumentConverter.java,25,1,47,2,0.0,0,0,0,0.0,0.0,0,0,1,0,0,2,3,3,0,1,3,0.5,0.703704,19,19,1,1,0.703704,19,1,1,3,3,1,8,23,0,0,0,0,2,0,1,0,2,1,0,1,0,8,23,0,0,0,0,2,0,1,0,2,1,0,1,0,0,0,3,0,0,0,0,0,0,0,0,0,3,0,0,0,0,0,0,0,0
572,L20068,DefaultArgumentConverterTests,org.junit.jupiter.params.converter.DefaultArgumentConverterTests,L19746,L103,C:\Users\domco\Desktop\DP\repos\junit5\junit-jupiter-params\src\test\java\org\junit\jupiter\params\converter\DefaultArgumentConverterTests.java,50,1,235,2,0.0,0,0,0,0.0,0.0,0,0,1,0,0,19,2,0,0,1,20,1.0,0.110429,18,15,1,0,0.110429,18,0,0,0,0,0,145,186,0,0,0,0,19,0,0,0,19,80,0,0,0,145,186,0,0,0,0,19,0,0,0,19,80,0,0,0,0,4,38,1,30,11,0,19,0,0,0,1,38,0,4,0,0,0,0,0,0
573,L20153,FallbackStringToObjectConverterTests,org.junit.jupiter.params.converter.FallbackStringToObjectConverterTests,L19746,L103,C:\Users\domco\Desktop\DP\repos\junit5\junit-jupiter-params\src\test\java\org\junit\jupiter\params\converter\FallbackStringToObjectConverterTests.java,32,1,243,2,0.199319,1,9,3,0.15566,0.207547,33,33,3,0,0,17,11,0,0,9,26,1.0,0.104651,9,7,1,0,0.0647059,11,0,0,0,0,0,77,106,2,0,2,0,17,0,0,0,17,23,0,0,0,159,212,5,0,5,0,32,0,3,0,32,52,0,3,0,0,3,117,5,25,4,38,21,1,0,1,4,77,0,4,0,0,0,0,0,0
574,L20254,JavaTimeArgumentConverterTests,org.junit.jupiter.params.converter.JavaTimeArgumentConverterTests,L19746,L103,C:\Users\domco\Desktop\DP\repos\junit5\junit-jupiter-params\src\test\java\org\junit\jupiter\params\converter\JavaTimeArgumentConverterTests.java,38,1,123,2,0.0,0,0,0,0.0,0.0,0,0,2,0,0,13,5,0,0,4,17,1.0,0.166667,14,3,1,0,0.166667,14,0,0,0,0,0,70,86,0,0,0,0,13,0,0,0,13,18,0,0,0,70,86,0,0,0,0,13,0,0,0,13,18,0,0,0,0,0,29,0,13,1,0,12,1,0,0,0,28,0,0,0,0,0,0,0,0
575,L20463,ParameterizedTestMethodContext$Converter,org.junit.jupiter.params.ParameterizedTestMethodContext$Converter,L20303,L103,C:\Users\domco\Desktop\DP\repos\junit5\junit-jupiter-params\src\main\java\org\junit\jupiter\params\ParameterizedTestMethodContext.java,221,2,242,3,0.0,0,0,0,0.0,0.0,0,0,1,1,1,3,5,1,0,3,5,0.0,0.0,0,0,0,2,0.0,0,1,1,0,0,1,17,22,2,0,2,0,2,0,1,0,2,5,0,1,0,17,22,2,0,2,0,2,0,1,0,2,5,0,1,0,0,0,7,1,0,0,0,0,0,0,0,1,7,0,0,0,0,0,0,0,0
576,L20474,ParameterizedTestMethodContext$Aggregator,org.junit.jupiter.params.ParameterizedTestMethodContext$Aggregator,L20303,L103,C:\Users\domco\Desktop\DP\repos\junit5\junit-jupiter-params\src\main\java\org\junit\jupiter\params\ParameterizedTestMethodContext.java,244,2,265,3,0.0,0,0,0,0.0,0.0,0,0,1,1,1,3,7,1,0,3,5,0.0,0.0,0,0,0,2,0.0,0,1,1,0,0,1,17,22,2,0,2,0,2,0,1,0,2,5,0,1,0,17,22,2,0,2,0,2,0,1,0,2,5,0,1,0,0,0,7,1,0,0,0,0,0,0,0,1,7,0,0,0,0,0,0,0,0
577,L20607,CsvArgumentsProvider,org.junit.jupiter.params.provider.CsvArgumentsProvider,L20551,L103,C:\Users\domco\Desktop\DP\repos\junit5\junit-jupiter-params\src\main\java\org\junit\jupiter\params\provider\CsvArgumentsProvider.java,33,1,85,2,0.0,0,0,0,0.0,0.0,0,0,1,4,4,10,11,4,3,7,11,0.333333,0.102041,5,3,1,2,0.102041,5,1,2,0,0,2,44,53,4,0,4,0,4,0,2,0,4,21,0,2,0,44,53,4,0,4,0,4,0,2,0,4,21,0,2,0,0,0,15,1,1,0,0,1,0,2,1,0,11,0,1,1,0,0,0,0,0
578,L20645,CsvFileArgumentsProvider,org.junit.jupiter.params.provider.CsvFileArgumentsProvider,L20551,L103,C:\Users\domco\Desktop\DP\repos\junit5\junit-jupiter-params\src\main\java\org\junit\jupiter\params\provider\CsvFileArgumentsProvider.java,39,1,163,2,0.0,0,0,0,0.0,0.0,0,0,2,1,1,10,10,2,8,10,18,0.333333,0.106061,7,3,1,2,0.0666667,7,1,2,0,0,2,59,79,6,1,6,1,8,0,2,0,8,20,0,2,0,98,125,10,1,10,1,12,0,4,0,12,39,0,4,0,0,0,36,4,0,0,0,0,1,2,0,1,30,0,3,1,0,0,0,2,0
579,L20740,CsvParserFactory,org.junit.jupiter.params.provider.CsvParserFactory,L20551,L103,C:\Users\domco\Desktop\DP\repos\junit5\junit-jupiter-params\src\main\java\org\junit\jupiter\params\provider\CsvParserFactory.java,23,1,75,2,0.0,0,0,0,0.0,0.0,0,0,1,1,1,8,3,2,2,8,13,1.0,0.148936,7,3,1,0,0.148936,7,0,0,0,0,0,40,53,5,0,5,0,5,0,0,0,5,19,0,0,0,40,53,5,0,5,0,5,0,0,0,5,19,0,0,0,0,0,10,1,2,1,0,2,0,0,0,0,10,0,0,0,0,0,0,0,0
580,L20640,CsvParsingException,org.junit.jupiter.params.provider.CsvParsingException,L20551,L103,C:\Users\domco\Desktop\DP\repos\junit5\junit-jupiter-params\src\main\java\org\junit\jupiter\params\provider\CsvParsingException.java,25,1,38,2,0.0,0,0,0,0.0,0.0,0,0,0,0,0,2,1,2,1,2,4,0.333333,0.411765,7,7,1,2,0.411765,7,1,1,0,0,1,10,14,2,0,1,0,2,0,2,0,4,2,0,4,0,10,14,2,0,1,0,2,0,2,0,4,2,0,4,0,0,0,5,0,0,0,0,0,0,0,0,0,5,0,0,0,0,0,0,0,0
581,L20798,EmptyArgumentsProvider,org.junit.jupiter.params.provider.EmptyArgumentsProvider,L20551,L103,C:\Users\domco\Desktop\DP\repos\junit5\junit-jupiter-params\src\main\java\org\junit\jupiter\params\provider\EmptyArgumentsProvider.java,31,1,66,2,0.0,0,0,0,0.0,0.0,0,0,1,1,1,6,5,1,0,4,5,0.5,0.147059,5,4,1,1,0.147059,5,1,1,0,0,1,29,36,0,0,0,0,1,0,1,0,1,16,0,1,0,29,36,0,0,0,0,1,0,1,0,1,16,0,1,0,0,0,5,0,0,0,0,0,0,0,0,0,5,0,0,0,0,0,0,0,0
582,L20814,EnumArgumentsProvider,org.junit.jupiter.params.provider.EnumArgumentsProvider,L20551,L103,C:\Users\domco\Desktop\DP\repos\junit5\junit-jupiter-params\src\main\java\org\junit\jupiter\params\provider\EnumArgumentsProvider.java,28,1,73,2,0.0,0,0,0,0.0,0.0,0,0,1,1,1,6,8,2,1,6,10,0.333333,0.0697674,3,3,1,2,0.0697674,3,1,2,0,0,2,40,46,1,1,1,1,4,0,2,0,4,20,0,2,0,40,46,1,1,1,1,4,0,2,0,4,20,0,2,0,0,0,12,0,0,0,0,0,0,0,0,0,11,0,0,1,0,0,0,0,0
583,L20923,MethodArgumentsProvider,org.junit.jupiter.params.provider.MethodArgumentsProvider,L20551,L103,C:\Users\domco\Desktop\DP\repos\junit5\junit-jupiter-params\src\main\java\org\junit\jupiter\params\provider\MethodArgumentsProvider.java,31,1,109,2,0.0,0,0,0,0.0,0.0,0,0,3,2,2,12,9,2,1,13,20,0.333333,0.164179,11,3,1,2,0.164179,11,1,2,0,0,2,56,79,1,3,1,3,7,0,2,0,7,23,0,2,0,56,79,1,3,1,3,7,0,2,0,7,23,0,2,0,0,0,17,0,0,0,0,0,1,0,0,0,15,0,0,1,0,0,0,0,0
584,L20959,NullArgumentsProvider,org.junit.jupiter.params.provider.NullArgumentsProvider,L20551,L103,C:\Users\domco\Desktop\DP\repos\junit5\junit-jupiter-params\src\main\java\org\junit\jupiter\params\provider\NullArgumentsProvider.java,25,1,39,2,0.0,0,0,0,0.0,0.0,0,0,1,0,0,1,4,1,0,3,4,0.5,0.285714,4,4,1,1,0.285714,4,1,1,0,0,1,10,15,1,0,1,0,1,0,1,0,1,3,0,1,0,10,15,1,0,1,0,1,0,1,0,1,3,0,1,0,0,0,3,0,0,0,0,0,0,0,0,0,3,0,0,0,0,0,0,0,0
585,L20978,ValueArgumentsProvider,org.junit.jupiter.params.provider.ValueArgumentsProvider,L20551,L103,C:\Users\domco\Desktop\DP\repos\junit5\junit-jupiter-params\src\main\java\org\junit\jupiter\params\provider\ValueArgumentsProvider.java,28,1,67,2,0.0,0,0,0,0.0,0.0,0,0,1,0,0,2,6,2,1,11,13,0.333333,0.205128,8,3,1,2,0.205128,8,1,2,0,0,2,31,40,1,0,1,0,2,0,2,0,2,5,0,2,0,31,40,1,0,1,0,2,0,2,0,2,5,0,2,0,0,0,9,0,0,0,0,0,0,0,1,0,7,0,0,1,0,0,0,0,0
586,L21027,ArgumentsTests,org.junit.jupiter.params.provider.ArgumentsTests,L20551,L103,C:\Users\domco\Desktop\DP\repos\junit5\junit-jupiter-params\src\test\java\org\junit\jupiter\params\provider\ArgumentsTests.java,25,1,59,2,0.0,0,0,0,0.0,0.0,0,0,4,0,0,4,3,0,0,4,8,1.0,0.172414,5,5,1,0,0.172414,5,0,0,0,0,0,24,35,0,0,0,0,4,0,0,0,4,10,0,0,0,24,35,0,0,0,0,4,0,0,0,4,10,0,0,0,0,0,11,0,6,2,0,4,1,0,0,0,10,0,0,0,0,0,0,0,0
587,L21035,CsvArgumentsProviderTests,org.junit.jupiter.params.provider.CsvArgumentsProviderTests,L20551,L103,C:\Users\domco\Desktop\DP\repos\junit5\junit-jupiter-params\src\test\java\org\junit\jupiter\params\provider\CsvArgumentsProviderTests.java,26,1,175,2,0.0,0,0,0,0.0,0.0,0,0,3,0,0,17,7,0,0,10,27,1.0,0.0714286,8,3,1,0,0.0714286,8,0,0,0,0,0,104,150,0,0,0,0,17,0,0,0,17,47,0,0,0,104,150,0,0,0,0,17,0,0,0,17,47,0,0,0,0,0,35,2,18,3,0,15,1,0,0,0,34,0,2,0,0,0,0,0,0
588,L21085,CsvFileArgumentsProviderTests,org.junit.jupiter.params.provider.CsvFileArgumentsProviderTests,L20551,L103,C:\Users\domco\Desktop\DP\repos\junit5\junit-jupiter-params\src\test\java\org\junit\jupiter\params\provider\CsvFileArgumentsProviderTests.java,34,1,284,2,0.171821,2,4,4,0.175299,0.188482,44,36,6,0,0,21,9,0,0,17,38,1.0,0.233607,57,3,1,0,0.229839,57,0,0,0,0,0,187,246,0,0,0,0,21,0,0,0,21,63,0,0,0,191,251,0,0,0,0,22,0,1,0,22,64,0,1,0,0,0,52,6,27,10,25,17,1,0,0,0,25,0,6,0,0,0,0,1,0
589,L21155,EnumArgumentsProviderTests,org.junit.jupiter.params.provider.EnumArgumentsProviderTests,L20551,L103,C:\Users\domco\Desktop\DP\repos\junit5\junit-jupiter-params\src\test\java\org\junit\jupiter\params\provider\EnumArgumentsProviderTests.java,32,1,140,2,0.0,0,0,0,0.0,0.0,0,0,4,0,0,11,10,0,0,7,18,1.0,0.0394737,3,3,1,0,0.0344828,3,0,0,0,0,0,73,96,1,0,1,0,11,0,0,0,11,30,0,0,0,84,109,3,0,3,0,14,2,0,0,14,30,2,0,0,0,0,44,4,25,8,0,13,2,0,0,4,36,3,1,0,0,0,0,6,0
590,L21213,EnumSourceTests,org.junit.jupiter.params.provider.EnumSourceTests,L20551,L103,C:\Users\domco\Desktop\DP\repos\junit5\junit-jupiter-params\src\test\java\org\junit\jupiter\params\provider\EnumSourceTests.java,37,1,106,2,0.281481,1,2,2,0.314286,0.366667,22,22,7,0,0,7,3,0,0,1,8,1.0,0.169231,11,3,1,0,0.15493,11,0,0,0,0,0,54,63,0,0,0,0,7,0,0,0,7,10,0,0,0,60,70,3,0,3,0,8,3,0,0,8,11,3,0,0,0,0,45,1,35,28,17,7,1,0,0,0,21,0,1,0,0,0,0,6,0
591,L21245,MethodArgumentsProviderTests,org.junit.jupiter.params.provider.MethodArgumentsProviderTests,L20551,L103,C:\Users\domco\Desktop\DP\repos\junit5\junit-jupiter-params\src\test\java\org\junit\jupiter\params\provider\MethodArgumentsProviderTests.java,41,1,541,2,0.0,0,0,0,0.0,0.0,0,0,7,0,0,31,14,3,12,6,36,1.0,0.109453,22,13,1,0,0.0797872,30,0,0,0,0,0,179,263,0,0,0,0,30,0,0,0,30,69,0,0,0,346,501,1,0,1,0,73,0,0,0,73,122,0,0,0,0,0,157,4,109,37,0,71,6,0,1,0,147,1,4,0,0,0,0,3,0
592,L21422,"MockCsvAnnotationBuilder<A extends Annotation, B extends MockCsvAnnotationBuilder<A, B>>",org.junit.jupiter.params.provider.MockCsvAnnotationBuilder,L20551,L103,C:\Users\domco\Desktop\DP\repos\junit5\junit-jupiter-params\src\test\java\org\junit\jupiter\params\provider\MockCsvAnnotationBuilder.java,21,1,159,2,0.365039,1,2,2,0.143885,0.126316,20,12,3,0,0,10,3,4,32,2,12,1.0,0.102564,4,4,1,0,0.11215,12,0,0,2,2,0,35,53,4,1,4,1,10,0,0,0,10,11,0,0,0,95,139,9,3,9,3,19,0,0,0,35,40,0,0,0,0,0,68,3,29,3,23,19,1,0,0,0,43,0,9,0,0,1,0,1,0
593,L21489,ValueArgumentsProviderTests,org.junit.jupiter.params.provider.ValueArgumentsProviderTests,L20551,L103,C:\Users\domco\Desktop\DP\repos\junit5\junit-jupiter-params\src\test\java\org\junit\jupiter\params\provider\ValueArgumentsProviderTests.java,26,1,170,2,0.0,0,0,0,0.0,0.0,0,0,3,0,0,14,5,0,0,13,27,1.0,0.176471,21,21,1,0,0.176471,21,0,0,0,0,0,98,145,0,0,0,0,14,0,0,0,14,39,0,0,0,98,145,0,0,0,0,14,0,0,0,14,39,0,0,0,0,0,21,0,24,12,0,12,1,0,1,0,18,0,0,0,0,0,0,1,0
594,L21540,AnnotationConsumerInitializer,org.junit.jupiter.params.support.AnnotationConsumerInitializer,L21528,L103,C:\Users\domco\Desktop\DP\repos\junit5\junit-jupiter-params\src\main\java\org\junit\jupiter\params\support\AnnotationConsumerInitializer.java,32,1,69,2,0.0,0,0,0,0.0,0.0,0,0,1,1,1,5,5,0,0,3,6,1.0,0.263158,10,8,2,0,0.263158,10,0,0,0,0,0,28,38,1,0,1,0,3,0,1,0,3,9,0,1,0,28,38,1,0,1,0,3,0,1,0,3,9,0,1,0,0,0,4,1,1,0,0,1,0,0,0,1,4,0,0,0,0,0,0,0,0
595,L21573,ParameterizedTestExtensionTests$TestCaseWithoutMethod,org.junit.jupiter.params.ParameterizedTestExtensionTests$TestCaseWithoutMethod,L21565,L103,C:\Users\domco\Desktop\DP\repos\junit5\junit-jupiter-params\src\test\java\org\junit\jupiter\params\ParameterizedTestExtensionTests.java,238,2,239,3,0.0,0,0,0,0.0,0.0,0,0,0,0,0,0,0,1,0,0,0,0.0,0.0,0,0,0,1,0.0,0,0,0,0,0,0,2,2,0,0,0,0,0,0,0,0,0,0,0,0,0,2,2,0,0,0,0,0,0,0,0,0,0,0,0,0,0,0,3,0,0,0,0,0,0,0,0,0,3,0,0,0,0,0,0,0,0
596,L21581,ParameterizedTestExtensionTests$TestCaseWithMethod,org.junit.jupiter.params.ParameterizedTestExtensionTests$TestCaseWithMethod,L21565,L103,C:\Users\domco\Desktop\DP\repos\junit5\junit-jupiter-params\src\test\java\org\junit\jupiter\params\ParameterizedTestExtensionTests.java,241,2,245,3,0.0,0,0,0,0.0,0.0,0,0,1,0,0,1,0,1,0,0,1,0.0,0.0,0,0,0,1,0.0,0,0,0,0,0,0,4,5,0,0,0,0,1,0,0,0,1,0,0,0,0,4,5,0,0,0,0,1,0,0,0,1,0,0,0,0,0,0,5,0,2,0,0,1,0,0,0,0,5,1,0,0,0,0,0,0,0
597,L21587,ParameterizedTestExtensionTests$TestCaseWithAnnotatedMethod,org.junit.jupiter.params.ParameterizedTestExtensionTests$TestCaseWithAnnotatedMethod,L21565,L103,C:\Users\domco\Desktop\DP\repos\junit5\junit-jupiter-params\src\test\java\org\junit\jupiter\params\ParameterizedTestExtensionTests.java,247,2,252,3,0.0,0,0,0,0.0,0.0,0,0,1,0,0,1,1,1,0,0,1,0.0,0.0,0,0,0,1,0.0,0,0,0,0,0,0,5,6,0,0,0,0,1,0,0,0,1,0,0,0,0,5,6,0,0,0,0,1,0,0,0,1,0,0,0,0,0,0,5,0,2,0,0,1,0,0,0,0,5,1,0,0,0,0,0,0,0
598,L21593,ParameterizedTestExtensionTests$ArgumentsProviderWithCloseHandlerTestCase,org.junit.jupiter.params.ParameterizedTestExtensionTests$ArgumentsProviderWithCloseHandlerTestCase,L21565,L103,C:\Users\domco\Desktop\DP\repos\junit5\junit-jupiter-params\src\test\java\org\junit\jupiter\params\ParameterizedTestExtensionTests.java,254,2,260,3,0.0,0,0,0,0.0,0.0,0,0,1,0,0,1,3,1,0,0,1,0.0,0.0,0,0,0,1,0.0,0,0,0,0,0,0,6,7,0,0,0,0,1,0,0,0,1,0,0,0,0,6,7,0,0,0,0,1,0,0,0,1,0,0,0,0,0,0,5,0,2,0,0,1,0,0,0,0,5,1,0,0,0,0,0,0,0
599,L21657,ParameterizedTestExtensionTests$ArgumentsProviderWithCloseHandler,org.junit.jupiter.params.ParameterizedTestExtensionTests$ArgumentsProviderWithCloseHandler,L21565,L103,C:\Users\domco\Desktop\DP\repos\junit5\junit-jupiter-params\src\test\java\org\junit\jupiter\params\ParameterizedTestExtensionTests.java,262,2,269,3,0.0,0,0,0,0.0,0.0,0,0,1,0,0,1,3,1,0,0,1,0.0,0.0,0,0,0,2,0.0,0,1,1,0,0,1,7,8,0,0,0,0,1,0,1,0,1,2,0,1,0,7,8,0,0,0,0,1,0,1,0,1,2,0,1,0,0,0,5,0,0,0,0,0,0,0,0,0,5,0,0,0,0,0,0,0,0
600,L21606,ParameterizedTestExtensionTests$NonStaticArgumentsProviderTestCase,org.junit.jupiter.params.ParameterizedTestExtensionTests$NonStaticArgumentsProviderTestCase,L21565,L103,C:\Users\domco\Desktop\DP\repos\junit5\junit-jupiter-params\src\test\java\org\junit\jupiter\params\ParameterizedTestExtensionTests.java,271,2,277,3,0.0,0,0,0,0.0,0.0,0,0,1,0,0,1,3,1,0,0,1,0.0,0.0,0,0,0,1,0.0,0,0,0,0,0,0,6,7,0,0,0,0,1,0,0,0,1,0,0,0,0,6,7,0,0,0,0,1,0,0,0,1,0,0,0,0,0,0,5,0,2,0,0,1,0,0,0,0,5,1,0,0,0,0,0,0,0
601,L21613,ParameterizedTestExtensionTests$NonStaticArgumentsProvider,org.junit.jupiter.params.ParameterizedTestExtensionTests$NonStaticArgumentsProvider,L21565,L103,C:\Users\domco\Desktop\DP\repos\junit5\junit-jupiter-params\src\test\java\org\junit\jupiter\params\ParameterizedTestExtensionTests.java,279,2,285,3,0.0,0,0,0,0.0,0.0,0,0,1,0,0,1,3,2,0,0,1,0.0,0.0,0,0,0,2,0.0,0,1,1,0,0,1,6,7,0,0,0,0,1,0,1,0,1,1,0,1,0,6,7,0,0,0,0,1,0,1,0,1,1,0,1,0,0,0,5,0,0,0,0,0,0,0,0,0,5,0,0,0,0,0,0,0,0
602,L21617,ParameterizedTestExtensionTests$MissingNoArgumentsConstructorArgumentsProviderTestCase,org.junit.jupiter.params.ParameterizedTestExtensionTests$MissingNoArgumentsConstructorArgumentsProviderTestCase,L21565,L103,C:\Users\domco\Desktop\DP\repos\junit5\junit-jupiter-params\src\test\java\org\junit\jupiter\params\ParameterizedTestExtensionTests.java,287,2,293,3,0.0,0,0,0,0.0,0.0,0,0,1,0,0,1,3,1,0,0,1,0.0,0.0,0,0,0,1,0.0,0,0,0,0,0,0,6,7,0,0,0,0,1,0,0,0,1,0,0,0,0,6,7,0,0,0,0,1,0,0,0,1,0,0,0,0,0,0,5,0,2,0,0,1,0,0,0,0,5,1,0,0,0,0,0,0,0
603,L21622,ParameterizedTestExtensionTests$MissingNoArgumentsConstructorArgumentsProvider,org.junit.jupiter.params.ParameterizedTestExtensionTests$MissingNoArgumentsConstructorArgumentsProvider,L21565,L103,C:\Users\domco\Desktop\DP\repos\junit5\junit-jupiter-params\src\test\java\org\junit\jupiter\params\ParameterizedTestExtensionTests.java,295,2,304,3,0.0,0,0,0,0.0,0.0,0,0,1,0,0,2,3,2,0,0,2,0.0,0.0,0,0,0,2,0.0,0,1,1,0,0,1,8,10,0,0,0,0,2,0,1,0,2,1,0,1,0,8,10,0,0,0,0,2,0,1,0,2,1,0,1,0,0,0,7,0,1,0,0,0,0,0,0,0,7,1,0,0,0,0,0,0,0
604,L21717,ParameterizedTestIntegrationTests$NullSourceIntegrationTests,org.junit.jupiter.params.ParameterizedTestIntegrationTests$NullSourceIntegrationTests,L21673,L103,C:\Users\domco\Desktop\DP\repos\junit5\junit-jupiter-params\src\test\java\org\junit\jupiter\params\ParameterizedTestIntegrationTests.java,237,2,285,3,0.180412,1,1,1,0.204082,0.238095,10,10,1,0,0,6,11,0,0,13,19,1.0,0.142857,7,3,1,0,0.142857,7,0,0,0,0,0,42,49,0,0,0,0,6,0,0,0,6,11,0,0,0,42,49,0,0,0,0,6,0,0,0,6,11,0,0,0,0,0,24,6,5,5,11,5,0,0,1,0,12,0,1,0,0,0,0,0,0
605,L21732,ParameterizedTestIntegrationTests$EmptySourceIntegrationTests,org.junit.jupiter.params.ParameterizedTestIntegrationTests$EmptySourceIntegrationTests,L21673,L103,C:\Users\domco\Desktop\DP\repos\junit5\junit-jupiter-params\src\test\java\org\junit\jupiter\params\ParameterizedTestIntegrationTests.java,290,2,381,3,0.0958904,1,1,1,0.108696,0.126582,10,10,1,0,0,12,12,0,0,13,25,1.0,0.185567,18,3,1,0,0.185567,18,0,0,0,0,0,79,92,0,0,0,0,12,0,0,0,12,22,0,0,0,79,92,0,0,0,0,12,0,0,0,12,22,0,0,0,0,0,31,11,11,10,8,11,0,0,1,0,22,0,1,0,0,0,0,0,0
606,L21755,ParameterizedTestIntegrationTests$NullAndEmptySourceIntegrationTests,org.junit.jupiter.params.ParameterizedTestIntegrationTests$NullAndEmptySourceIntegrationTests,L21673,L103,C:\Users\domco\Desktop\DP\repos\junit5\junit-jupiter-params\src\test\java\org\junit\jupiter\params\ParameterizedTestIntegrationTests.java,386,2,438,3,0.0,0,0,0,0.0,0.0,0,0,1,0,0,8,8,0,0,7,15,1.0,0.169811,9,3,1,0,0.169811,9,0,0,0,0,0,44,53,0,0,0,0,8,0,0,0,8,13,0,0,0,44,53,0,0,0,0,8,0,0,0,8,13,0,0,0,0,0,14,0,5,0,0,5,0,0,0,0,14,0,0,0,0,0,0,0,0
607,L21776,ParameterizedTestIntegrationTests$MethodSourceIntegrationTests,org.junit.jupiter.params.ParameterizedTestIntegrationTests$MethodSourceIntegrationTests,L21673,L103,C:\Users\domco\Desktop\DP\repos\junit5\junit-jupiter-params\src\test\java\org\junit\jupiter\params\ParameterizedTestIntegrationTests.java,440,2,580,3,0.0,0,0,0,0.0,0.0,0,0,1,0,0,16,8,0,0,11,27,0.0,0.385135,57,33,0,1,0.385135,57,0,0,0,0,0,91,141,0,0,0,0,16,0,0,0,16,16,0,0,0,91,141,0,0,0,0,16,0,0,0,16,16,0,0,0,0,0,7,13,14,11,0,14,0,0,0,0,7,0,2,0,0,0,0,0,0
608,L21813,ParameterizedTestIntegrationTests$UnusedArgumentsIntegrationTests,org.junit.jupiter.params.ParameterizedTestIntegrationTests$UnusedArgumentsIntegrationTests,L21673,L103,C:\Users\domco\Desktop\DP\repos\junit5\junit-jupiter-params\src\test\java\org\junit\jupiter\params\ParameterizedTestIntegrationTests.java,582,2,626,3,0.0,0,0,0,0.0,0.0,0,0,1,0,0,5,8,0,0,8,13,0.0,0.170213,8,0,0,1,0.170213,8,0,0,0,0,0,39,45,0,0,0,0,5,0,0,0,5,9,0,0,0,39,45,0,0,0,0,5,0,0,0,5,9,0,0,0,0,0,13,4,4,4,0,4,0,0,0,0,13,0,0,0,0,0,0,0,0
609,L21714,ParameterizedTestIntegrationTests$TestCase,org.junit.jupiter.params.ParameterizedTestIntegrationTests$TestCase,L21673,L103,C:\Users\domco\Desktop\DP\repos\junit5\junit-jupiter-params\src\test\java\org\junit\jupiter\params\ParameterizedTestIntegrationTests.java,630,2,686,3,0.0,0,0,0,0.0,0.0,0,0,9,0,0,9,12,1,0,1,10,1.0,0.0208333,1,1,1,0,0.0208333,1,0,0,0,0,0,47,57,0,0,0,0,9,0,0,0,9,9,0,0,0,47,57,0,0,0,0,9,0,0,0,9,9,0,0,0,0,0,22,0,9,0,0,9,1,0,1,0,20,0,0,0,0,0,0,0,0
610,L21729,ParameterizedTestIntegrationTests$NullSourceTestCase,org.junit.jupiter.params.ParameterizedTestIntegrationTests$NullSourceTestCase,L21673,L103,C:\Users\domco\Desktop\DP\repos\junit5\junit-jupiter-params\src\test\java\org\junit\jupiter\params\ParameterizedTestIntegrationTests.java,688,2,721,3,0.0,0,0,0,0.0,0.0,0,0,5,0,0,5,4,1,0,1,6,0.0,0.0,0,0,0,1,0.0,0,0,0,0,0,0,28,34,0,0,0,0,5,0,0,0,5,6,0,0,0,28,34,0,0,0,0,5,0,0,0,5,6,0,0,0,0,0,14,1,5,0,0,5,1,0,0,0,13,0,1,0,0,0,0,0,0
611,L21752,ParameterizedTestIntegrationTests$EmptySourceTestCase,org.junit.jupiter.params.ParameterizedTestIntegrationTests$EmptySourceTestCase,L21673,L103,C:\Users\domco\Desktop\DP\repos\junit5\junit-jupiter-params\src\test\java\org\junit\jupiter\params\ParameterizedTestIntegrationTests.java,723,2,816,3,0.0,0,0,0,0.0,0.0,0,0,15,0,0,15,4,1,0,1,16,0.0,0.0,0,0,0,1,0.0,0,0,0,0,0,0,78,94,0,0,0,0,15,0,0,0,15,16,0,0,0,78,94,0,0,0,0,15,0,0,0,15,16,0,0,0,0,0,34,3,20,8,0,15,1,0,0,0,33,0,0,0,0,0,0,0,0
612,L21771,ParameterizedTestIntegrationTests$NullAndEmptySourceTestCase,org.junit.jupiter.params.ParameterizedTestIntegrationTests$NullAndEmptySourceTestCase,L21673,L103,C:\Users\domco\Desktop\DP\repos\junit5\junit-jupiter-params\src\test\java\org\junit\jupiter\params\ParameterizedTestIntegrationTests.java,818,2,851,3,0.0,0,0,0,0.0,0.0,0,0,5,0,0,10,4,1,0,1,6,0.0,0.0,0,0,0,1,0.0,0,0,0,0,0,0,28,34,0,0,0,0,5,0,0,0,5,6,0,0,0,28,34,0,0,0,0,5,0,0,0,5,6,0,0,0,0,0,14,0,13,8,0,5,1,0,0,0,13,0,0,0,0,0,0,0,0
613,L21810,ParameterizedTestIntegrationTests$MethodSourceTestCase,org.junit.jupiter.params.ParameterizedTestIntegrationTests$MethodSourceTestCase,L21673,L103,C:\Users\domco\Desktop\DP\repos\junit5\junit-jupiter-params\src\test\java\org\junit\jupiter\params\ParameterizedTestIntegrationTests.java,853,2,1008,3,0.0,0,0,0,0.0,0.0,0,0,28,0,0,28,7,1,0,3,31,0.0,0.0169492,2,2,0,1,0.016129,2,0,0,0,0,0,116,150,0,0,0,0,28,0,0,0,28,28,0,0,0,122,156,0,0,0,0,28,0,0,0,28,28,0,0,0,0,0,60,0,37,6,0,28,1,0,0,0,58,1,0,0,0,2,0,1,0
614,L21823,ParameterizedTestIntegrationTests$UnusedArgumentsTestCase,org.junit.jupiter.params.ParameterizedTestIntegrationTests$UnusedArgumentsTestCase,L21673,L103,C:\Users\domco\Desktop\DP\repos\junit5\junit-jupiter-params\src\test\java\org\junit\jupiter\params\ParameterizedTestIntegrationTests.java,1010,2,1040,3,0.0,0,0,0,0.0,0.0,0,0,5,0,0,5,8,1,0,2,7,0.0,0.0,0,0,0,1,0.0,0,0,0,0,0,0,25,31,0,0,0,0,5,0,0,0,5,5,0,0,0,25,31,0,0,0,0,5,0,0,0,5,5,0,0,0,0,0,14,0,5,0,0,5,1,0,0,0,13,0,0,0,0,0,0,0,0
615,L21700,ParameterizedTestIntegrationTests$LifecycleTestCase,org.junit.jupiter.params.ParameterizedTestIntegrationTests$LifecycleTestCase,L21673,L103,C:\Users\domco\Desktop\DP\repos\junit5\junit-jupiter-params\src\test\java\org\junit\jupiter\params\ParameterizedTestIntegrationTests.java,1042,2,1095,3,0.0,0,0,0,0.0,0.0,0,0,1,0,0,9,8,1,0,3,12,0.0,0.0,0,0,0,2,0.0,0,0,0,0,0,0,43,54,2,0,2,0,9,0,1,0,9,13,0,1,0,43,54,2,0,2,0,9,0,1,0,9,13,0,1,0,0,0,21,0,7,0,0,7,0,0,0,0,21,0,0,0,0,0,0,0,0
616,L21829,ParameterizedTestIntegrationTests$TwoSingleStringArgumentsProvider,org.junit.jupiter.params.ParameterizedTestIntegrationTests$TwoSingleStringArgumentsProvider,L21673,L103,C:\Users\domco\Desktop\DP\repos\junit5\junit-jupiter-params\src\test\java\org\junit\jupiter\params\ParameterizedTestIntegrationTests.java,1097,2,1103,3,0.0,0,0,0,0.0,0.0,0,0,1,0,0,1,3,1,0,1,2,0.0,0.0,0,0,0,2,0.0,0,1,1,0,0,1,6,7,0,0,0,0,1,0,1,0,1,1,0,1,0,6,7,0,0,0,0,1,0,1,0,1,1,0,1,0,0,0,5,0,0,0,0,0,0,0,0,0,5,0,0,0,0,0,0,0,0
617,L21987,ParameterizedTestIntegrationTests$TwoUnusedStringArgumentsProvider,org.junit.jupiter.params.ParameterizedTestIntegrationTests$TwoUnusedStringArgumentsProvider,L21673,L103,C:\Users\domco\Desktop\DP\repos\junit5\junit-jupiter-params\src\test\java\org\junit\jupiter\params\ParameterizedTestIntegrationTests.java,1105,2,1111,3,0.0,0,0,0,0.0,0.0,0,0,1,0,0,1,3,1,0,1,2,0.0,0.0,0,0,0,2,0.0,0,1,1,0,0,1,6,7,0,0,0,0,1,0,1,0,1,1,0,1,0,6,7,0,0,0,0,1,0,1,0,1,1,0,1,0,0,0,5,0,0,0,0,0,0,0,0,0,5,0,0,0,0,0,0,0,0
618,L21846,ParameterizedTestIntegrationTests$StringLengthConverter,org.junit.jupiter.params.ParameterizedTestIntegrationTests$StringLengthConverter,L21673,L103,C:\Users\domco\Desktop\DP\repos\junit5\junit-jupiter-params\src\test\java\org\junit\jupiter\params\ParameterizedTestIntegrationTests.java,1113,2,1119,3,0.0,0,0,0,0.0,0.0,0,0,1,0,0,1,3,1,0,0,1,0.0,0.0,0,0,0,2,0.0,0,1,1,0,0,1,6,7,0,0,0,0,1,0,1,0,1,1,0,1,0,6,7,0,0,0,0,1,0,1,0,1,1,0,1,0,0,0,5,0,0,0,0,0,0,0,0,0,5,0,0,0,0,0,0,0,0
619,L21858,ParameterizedTestIntegrationTests$StringAggregator,org.junit.jupiter.params.ParameterizedTestIntegrationTests$StringAggregator,L21673,L103,C:\Users\domco\Desktop\DP\repos\junit5\junit-jupiter-params\src\test\java\org\junit\jupiter\params\ParameterizedTestIntegrationTests.java,1121,2,1128,3,0.0,0,0,0,0.0,0.0,0,0,1,0,0,1,4,1,0,1,2,0.0,0.0,0,0,0,2,0.0,0,1,1,0,0,1,7,8,0,0,0,0,1,0,1,0,1,1,0,1,0,7,8,0,0,0,0,1,0,1,0,1,1,0,1,0,0,0,5,0,0,0,0,0,0,0,0,0,5,0,0,0,0,0,0,0,0
620,L21853,ParameterizedTestIntegrationTests$ErroneousConverter,org.junit.jupiter.params.ParameterizedTestIntegrationTests$ErroneousConverter,L21673,L103,C:\Users\domco\Desktop\DP\repos\junit5\junit-jupiter-params\src\test\java\org\junit\jupiter\params\ParameterizedTestIntegrationTests.java,1130,2,1136,3,0.0,0,0,0,0.0,0.0,0,0,1,0,0,1,3,1,0,1,2,0.0,0.0,0,0,0,2,0.0,0,1,1,0,0,1,6,7,0,0,0,0,1,0,1,0,1,1,0,1,0,6,7,0,0,0,0,1,0,1,0,1,1,0,1,0,0,0,5,0,0,0,0,0,0,0,0,0,5,0,0,0,0,0,0,0,0
621,L21685,ParameterizedTestIntegrationTests$Book,org.junit.jupiter.params.ParameterizedTestIntegrationTests$Book,L21673,L103,C:\Users\domco\Desktop\DP\repos\junit5\junit-jupiter-params\src\test\java\org\junit\jupiter\params\ParameterizedTestIntegrationTests.java,1138,2,1149,3,0.0,0,0,0,0.0,0.0,0,0,1,0,0,2,0,2,0,0,2,0.0,0.0,0,0,0,1,0.0,0,0,0,0,0,0,9,12,1,0,1,0,2,0,0,0,2,2,0,0,0,9,12,1,0,1,0,2,0,0,0,2,2,0,0,0,0,0,7,0,2,0,0,2,0,0,0,0,7,0,0,0,0,0,0,0,0
622,L22111,ParameterizedTestNameFormatterTests$ToStringThrowsException,org.junit.jupiter.params.ParameterizedTestNameFormatterTests$ToStringThrowsException,L22083,L103,C:\Users\domco\Desktop\DP\repos\junit5\junit-jupiter-params\src\test\java\org\junit\jupiter\params\ParameterizedTestNameFormatterTests.java,226,2,232,3,0.0,0,0,0,0.0,0.0,0,0,1,0,0,1,0,1,0,0,1,0.5,0.142857,1,1,1,1,0.142857,1,0,0,0,0,0,6,7,0,0,0,0,1,0,1,0,1,1,0,1,0,6,7,0,0,0,0,1,0,1,0,1,1,0,1,0,0,0,5,1,0,0,0,0,0,0,0,1,5,0,0,0,0,0,0,0,0
623,L22139,ParameterizedTestNameFormatterTests$ParameterizedTestCases,org.junit.jupiter.params.ParameterizedTestNameFormatterTests$ParameterizedTestCases,L22083,L103,C:\Users\domco\Desktop\DP\repos\junit5\junit-jupiter-params\src\test\java\org\junit\jupiter\params\ParameterizedTestNameFormatterTests.java,234,2,255,3,0.0,0,0,0,0.0,0.0,0,0,2,0,0,3,3,1,2,1,4,0.0,0.0,0,0,0,1,0.0,0,0,0,0,0,0,12,16,0,1,0,1,3,0,0,0,3,1,0,0,0,18,22,0,1,0,1,4,0,1,0,4,2,0,1,0,0,0,15,0,6,1,0,3,1,0,0,0,14,2,0,0,0,0,0,0,0
624,L22204,Heavyweight$ResourceValue,org.junit.jupiter.extensions.Heavyweight$ResourceValue,L22186,L103,C:\Users\domco\Desktop\DP\repos\junit5\platform-tests\src\test\java\org\junit\jupiter\extensions\Heavyweight.java,61,2,82,3,0.0,0,0,0,0.0,0.0,0,0,1,0,0,3,3,1,0,1,4,0.333333,0.407407,11,8,1,2,0.407407,11,1,2,0,0,2,16,22,3,0,2,0,3,0,2,0,3,3,1,2,0,16,22,3,0,2,0,3,0,2,0,3,3,1,2,0,0,0,8,0,1,0,0,0,0,0,0,0,5,0,1,1,0,0,0,2,0
625,L22190,Heavyweight$CloseableOnlyOnceResource,org.junit.jupiter.extensions.Heavyweight$CloseableOnlyOnceResource,L22186,L103,C:\Users\domco\Desktop\DP\repos\junit5\platform-tests\src\test\java\org\junit\jupiter\extensions\Heavyweight.java,84,2,92,3,0.0,0,0,0,0.0,0.0,0,0,1,0,0,1,2,1,0,1,2,0.0,0.0,0,0,0,2,0.0,0,1,1,0,0,1,7,9,1,0,1,0,1,0,1,0,1,1,0,1,0,7,9,1,0,1,0,1,0,1,0,1,1,0,1,0,0,0,5,0,0,0,0,0,0,0,0,0,5,0,0,0,0,0,0,0,0
626,L22318,ModuleUtils,org.junit.platform.commons.util.ModuleUtils,L22269,L103,C:\Users\domco\Desktop\DP\repos\junit5\junit-platform-commons\src\main\java9\org\junit\platform\commons\util\ModuleUtils.java,51,1,218,2,0.0,0,0,0,0.0,0.0,0,0,2,1,1,11,5,6,10,7,15,0.666667,0.429907,46,42,4,2,0.391304,63,0,0,0,0,0,61,112,1,2,1,2,8,0,5,0,8,31,0,5,0,98,168,3,2,3,2,12,0,5,0,12,43,0,5,0,0,1,13,0,2,2,0,1,2,0,0,0,11,0,0,0,0,0,0,0,0
627,L22427,AnnotationUtils,org.junit.platform.commons.util.AnnotationUtils,L22269,L103,C:\Users\domco\Desktop\DP\repos\junit5\junit-platform-commons\src\main\java\org\junit\platform\commons\util\AnnotationUtils.java,56,1,390,2,0.0,0,0,0,0.0,0.0,0,0,4,6,4,51,5,34,103,9,26,1.0,0.368601,108,81,11,0,0.368601,108,0,0,0,0,0,185,335,1,0,1,0,17,0,10,0,17,92,0,10,0,185,335,1,0,1,0,17,0,10,0,17,92,0,10,0,0,0,19,1,1,0,0,1,1,6,0,0,10,0,1,0,0,0,0,2,0
628,L22580,BlacklistedExceptions,org.junit.platform.commons.util.BlacklistedExceptions,L22269,L103,C:\Users\domco\Desktop\DP\repos\junit5\junit-platform-commons\src\main\java\org\junit\platform\commons\util\BlacklistedExceptions.java,39,1,61,2,0.0,0,0,0,0.0,0.0,0,0,1,1,1,3,1,20,24,1,3,1.0,0.710526,27,26,2,0,0.710526,27,0,0,0,0,0,11,23,1,0,1,0,2,0,1,0,2,2,0,1,0,11,23,1,0,1,0,2,0,1,0,2,2,0,1,0,0,0,0,0,0,0,0,0,0,0,0,0,0,0,0,0,0,0,0,0,0
629,L22590,ClassFileVisitor,org.junit.platform.commons.util.ClassFileVisitor,L22269,L103,C:\Users\domco\Desktop\DP\repos\junit5\junit-platform-commons\src\main\java\org\junit\platform\commons\util\ClassFileVisitor.java,28,1,76,2,0.0,0,0,0,0.0,0.0,0,0,2,1,1,11,2,1,1,2,9,0.25,0.0731707,3,3,1,3,0.0731707,3,0,0,0,0,0,38,49,5,0,5,0,7,0,3,0,7,12,0,3,0,38,49,5,0,5,0,7,0,3,0,7,12,0,3,0,0,0,18,0,1,0,0,1,1,0,0,0,17,0,0,0,0,0,0,0,0
630,L22355,ClassFilter,org.junit.platform.commons.util.ClassFilter,L22269,L103,C:\Users\domco\Desktop\DP\repos\junit5\junit-platform-commons\src\main\java\org\junit\platform\commons\util\ClassFilter.java,30,1,78,2,0.0,0,0,0,0.0,0.0,0,0,1,0,0,7,1,9,16,1,7,1.0,0.528302,28,28,6,0,0.528302,28,0,0,0,0,0,25,49,2,0,2,0,6,0,5,0,6,7,0,5,0,25,49,2,0,2,0,6,0,5,0,6,7,0,5,0,0,0,2,0,5,0,0,4,0,0,0,1,2,0,0,0,0,0,0,0,0
631,L22661,ClassLoaderUtils,org.junit.platform.commons.util.ClassLoaderUtils,L22269,L103,C:\Users\domco\Desktop\DP\repos\junit5\junit-platform-commons\src\main\java\org\junit\platform\commons\util\ClassLoaderUtils.java,32,1,94,2,0.0,0,0,0,0.0,0.0,0,0,0,2,2,12,2,9,14,2,5,0.666667,0.352113,25,18,2,1,0.352113,25,0,0,0,0,0,46,63,0,2,0,2,3,0,2,0,3,23,0,2,0,46,63,0,2,0,2,3,0,2,0,3,23,0,2,0,0,1,3,2,0,0,0,0,0,0,0,0,3,0,3,0,0,0,0,0,0
632,L22680,ClasspathScanner,org.junit.platform.commons.util.ClasspathScanner,L22269,L103,C:\Users\domco\Desktop\DP\repos\junit5\junit-platform-commons\src\main\java\org\junit\platform\commons\util\ClasspathScanner.java,48,1,234,2,0.0,0,0,0,0.0,0.0,0,0,1,3,3,28,10,2,15,12,29,1.0,0.140351,24,15,1,0,0.140351,24,0,0,0,0,0,147,187,7,2,7,2,17,0,0,0,17,60,0,0,0,147,187,7,2,7,2,17,0,0,0,17,60,0,0,0,0,0,33,4,4,1,0,2,0,0,0,3,32,0,2,0,0,0,0,1,0
633,L22822,ClassUtils,org.junit.platform.commons.util.ClassUtils,L22269,L103,C:\Users\domco\Desktop\DP\repos\junit5\junit-platform-commons\src\main\java\org\junit\platform\commons\util\ClassUtils.java,32,1,95,2,0.0,0,0,0,0.0,0.0,0,0,2,1,1,7,1,18,23,1,5,1.0,0.73913,51,50,4,0,0.73913,51,0,0,0,0,0,18,64,0,0,0,0,4,0,3,0,4,6,0,3,0,18,64,0,0,0,0,4,0,3,0,4,6,0,3,0,0,0,1,0,0,0,0,0,1,0,0,0,0,0,0,0,0,0,0,0,0
634,L22736,CloseablePath,org.junit.platform.commons.util.CloseablePath,L22269,L103,C:\Users\domco\Desktop\DP\repos\junit5\junit-platform-commons\src\main\java\org\junit\platform\commons\util\CloseablePath.java,28,1,75,2,0.0,0,0,0,0.0,0.0,0,0,1,1,1,8,0,1,1,0,5,0.333333,0.0697674,3,3,1,2,0.0697674,3,0,0,0,0,0,40,48,7,1,7,1,5,0,2,0,5,15,0,2,0,40,48,7,1,7,1,5,0,2,0,5,15,0,2,0,0,0,14,0,1,0,0,1,0,0,0,0,13,0,0,0,0,0,0,1,0
635,L22880,CollectionUtils,org.junit.platform.commons.util.CollectionUtils,L22269,L103,C:\Users\domco\Desktop\DP\repos\junit5\junit-platform-commons\src\main\java\org\junit\platform\commons\util\CollectionUtils.java,48,1,177,2,0.0,0,0,0,0.0,0.0,0,0,3,1,1,20,2,28,94,3,8,1.0,0.496296,67,66,5,0,0.496296,67,0,0,0,0,0,68,130,0,1,0,1,5,0,4,0,5,38,0,4,0,68,130,0,1,0,1,5,0,4,0,5,38,0,4,0,0,0,2,0,1,1,0,0,1,1,0,0,0,0,0,0,0,0,0,0,0
636,L22922,ExceptionUtils,org.junit.platform.commons.util.ExceptionUtils,L22269,L103,C:\Users\domco\Desktop\DP\repos\junit5\junit-platform-commons\src\main\java\org\junit\platform\commons\util\ExceptionUtils.java,31,1,83,2,0.0,0,0,0,0.0,0.0,0,0,2,1,1,4,1,17,22,1,5,1.0,0.62069,36,34,3,0,0.62069,36,0,0,0,0,0,22,53,0,0,0,0,4,0,2,0,4,9,0,2,0,22,53,0,0,0,0,4,0,2,0,4,9,0,2,0,0,0,3,0,0,0,0,0,1,0,0,0,2,0,0,0,0,0,0,0,0
637,L22942,FunctionUtils,org.junit.platform.commons.util.FunctionUtils,L22269,L103,C:\Users\domco\Desktop\DP\repos\junit5\junit-platform-commons\src\main\java\org\junit\platform\commons\util\FunctionUtils.java,32,1,52,2,0.0,0,0,0,0.0,0.0,0,0,1,0,0,2,1,7,11,1,3,1.0,0.666667,20,19,2,0,0.666667,20,0,0,0,0,0,10,21,0,0,0,0,2,0,1,0,2,3,0,1,0,10,21,0,0,0,0,2,0,1,0,2,3,0,1,0,0,0,0,0,0,0,0,0,0,0,0,0,0,0,0,0,0,0,0,0,0
638,L22961,"LruCache<K extends Object, V extends Object>",org.junit.platform.commons.util.LruCache,L22269,L103,C:\Users\domco\Desktop\DP\repos\junit5\junit-platform-commons\src\main\java\org\junit\platform\commons\util\LruCache.java,29,1,56,2,0.0,0,0,0,0.0,0.0,0,0,1,0,0,2,0,1,1,0,2,1.0,0.59375,19,19,2,0,0.59375,19,0,0,0,0,0,13,28,2,0,2,0,2,0,1,0,2,3,0,1,0,13,28,2,0,2,0,2,0,1,0,2,3,0,1,0,0,0,2,0,0,0,0,0,0,0,0,0,2,0,0,0,0,0,0,0,0
639,L22987,ModuleUtils,org.junit.platform.commons.util.ModuleUtils,L22269,L103,C:\Users\domco\Desktop\DP\repos\junit5\junit-platform-commons\src\main\java\org\junit\platform\commons\util\ModuleUtils.java,37,1,100,2,0.0,0,0,0,0.0,0.0,0,0,2,0,0,5,4,0,0,4,9,1.0,0.661765,45,45,7,0,0.661765,45,0,0,0,0,0,23,64,1,2,1,2,5,0,5,0,5,9,0,5,0,23,64,1,2,1,2,5,0,5,0,5,9,0,5,0,0,0,1,0,0,0,0,0,1,0,0,0,0,0,0,0,0,0,0,0,0
640,L23008,PackageUtils,org.junit.platform.commons.util.PackageUtils,L22269,L103,C:\Users\domco\Desktop\DP\repos\junit5\junit-platform-commons\src\main\java\org\junit\platform\commons\util\PackageUtils.java,42,1,188,2,0.0,0,0,0,0.0,0.0,0,0,1,2,2,7,1,3,6,3,7,1.0,0.62037,67,66,4,0,0.534247,78,0,0,0,0,0,41,110,2,2,2,2,4,0,3,0,4,22,0,3,0,68,147,3,2,3,2,7,0,3,0,7,35,0,3,0,0,0,4,1,4,0,0,4,0,0,0,1,4,0,0,0,0,0,0,0,0
641,L23077,Preconditions,org.junit.platform.commons.util.Preconditions,L22269,L103,C:\Users\domco\Desktop\DP\repos\junit5\junit-platform-commons\src\main\java\org\junit\platform\commons\util\Preconditions.java,37,1,300,2,0.0,0,0,0,0.0,0.0,0,0,6,1,1,25,2,132,326,2,17,1.0,0.700389,180,179,15,0,0.700389,180,0,0,0,0,0,77,264,0,0,0,0,15,0,14,0,15,32,0,14,0,77,264,0,0,0,0,15,0,14,0,15,32,0,14,0,0,0,1,0,0,0,0,0,1,0,0,0,0,0,0,0,0,0,0,0,0
642,L23159,PreconditionViolationException,org.junit.platform.commons.util.PreconditionViolationException,L22269,L103,C:\Users\domco\Desktop\DP\repos\junit5\junit-platform-commons\src\main\java\org\junit\platform\commons\util\PreconditionViolationException.java,25,1,39,2,0.0,0,0,0,0.0,0.0,0,0,0,0,0,2,1,1,2,2,4,0.333333,0.388889,7,7,1,2,0.388889,7,1,1,1,1,1,11,15,2,0,1,0,2,0,2,0,4,2,0,4,0,11,15,2,0,1,0,2,0,2,0,4,2,0,4,0,0,0,5,0,0,0,0,0,0,0,0,0,5,0,0,0,0,0,0,0,0
643,L23170,ReflectionUtils,org.junit.platform.commons.util.ReflectionUtils,L22269,L103,C:\Users\domco\Desktop\DP\repos\junit5\junit-platform-commons\src\main\java\org\junit\platform\commons\util\ReflectionUtils.java,74,1,1673,2,0.0981595,3,14,6,0.05625,0.090566,90,72,26,3,3,183,14,73,239,22,116,0.754098,0.424727,584,516,46,15,0.427646,594,0,0,0,0,0,791,1588,9,20,9,20,94,0,60,0,94,339,0,60,0,795,1600,11,20,11,20,94,2,60,0,94,339,2,60,0,0,0,127,13,16,4,38,11,1,2,2,1,65,0,13,0,0,0,0,19,1.0
644,L23674,RuntimeUtils,org.junit.platform.commons.util.RuntimeUtils,L22269,L103,C:\Users\domco\Desktop\DP\repos\junit5\junit-platform-commons\src\main\java\org\junit\platform\commons\util\RuntimeUtils.java,32,1,80,2,0.0,0,0,0,0.0,0.0,0,0,1,2,2,8,2,3,3,3,6,1.0,0.403509,23,18,2,0,0.403509,23,0,0,0,0,0,34,49,0,1,0,1,3,0,1,0,3,16,0,1,0,34,49,0,1,0,1,3,0,1,0,3,16,0,1,0,0,0,2,1,1,0,0,1,0,0,0,1,2,0,0,0,0,0,0,0,0
645,L23684,StringUtils,org.junit.platform.commons.util.StringUtils,L22269,L103,C:\Users\domco\Desktop\DP\repos\junit5\junit-platform-commons\src\main\java\org\junit\platform\commons\util\StringUtils.java,33,1,257,2,0.316049,1,10,2,0.106667,0.266667,24,24,7,4,4,31,2,27,38,2,14,1.0,0.589041,129,124,11,0,0.589041,129,0,0,0,0,0,90,225,2,0,2,0,12,0,10,0,12,41,0,10,0,90,225,2,0,2,0,12,0,10,0,12,41,0,10,0,0,0,15,1,1,0,11,1,1,3,0,0,0,0,1,0,0,0,0,0,0
646,L6415,ToStringBuilder,org.junit.platform.commons.util.ToStringBuilder,L22269,L103,C:\Users\domco\Desktop\DP\repos\junit5\junit-platform-commons\src\main\java\org\junit\platform\commons\util\ToStringBuilder.java,33,1,63,2,0.0,0,0,0,0.0,0.0,0,0,1,0,0,6,2,44,58,3,8,0.2,0.342857,12,12,1,4,0.342857,12,0,0,0,0,0,23,31,2,0,2,0,5,0,4,0,5,7,0,4,0,23,31,2,0,2,0,5,0,4,0,5,7,0,4,0,0,0,11,0,0,0,0,0,0,0,0,0,11,0,0,0,0,0,0,0,0
647,L23761,AnnotationUtilsTests,org.junit.platform.commons.util.AnnotationUtilsTests,L22269,L103,C:\Users\domco\Desktop\DP\repos\junit5\platform-tests\src\test\java\org\junit\platform\commons\util\AnnotationUtilsTests.java,54,1,937,2,0.0,0,0,0,0.0,0.0,0,0,44,0,0,71,51,0,0,17,88,1.0,0.0531646,21,21,1,0,0.0488506,34,0,0,0,0,0,374,555,4,0,4,0,71,2,0,0,71,136,2,0,0,662,884,19,0,19,0,86,7,1,0,89,136,7,2,0,0,0,382,21,139,52,0,80,2,0,2,14,352,8,6,2,0,0,0,24,0
648,L24135,ClassLoaderUtilsTests,org.junit.platform.commons.util.ClassLoaderUtilsTests,L22269,L103,C:\Users\domco\Desktop\DP\repos\junit5\platform-tests\src\test\java\org\junit\platform\commons\util\ClassLoaderUtilsTests.java,27,1,71,2,0.0,0,0,0,0.0,0.0,0,0,0,1,1,4,4,0,0,6,10,1.0,0.111111,5,5,1,0,0.111111,5,0,0,0,0,0,40,45,0,4,0,4,4,0,0,0,4,19,0,0,0,40,45,0,4,0,4,4,0,0,0,4,19,0,0,0,0,0,10,0,15,11,0,4,0,0,0,0,10,0,0,0,0,0,0,0,0
649,L24145,ClasspathScannerTests,org.junit.platform.commons.util.ClasspathScannerTests,L22269,L103,C:\Users\domco\Desktop\DP\repos\junit5\platform-tests\src\test\java\org\junit\platform\commons\util\ClasspathScannerTests.java,48,1,359,2,0.0897959,1,4,4,0.166667,0.133929,52,30,8,1,1,30,12,0,0,12,41,1.0,0.0462963,10,5,1,0,0.042735,10,0,0,0,0,0,206,293,4,1,4,1,29,0,0,0,29,88,0,0,0,224,312,4,2,4,2,30,0,1,0,30,89,0,1,0,0,1,107,19,44,22,23,24,1,0,1,16,81,0,2,0,0,0,0,1,0
650,L24232,ClassUtilsTests,org.junit.platform.commons.util.ClassUtilsTests,L22269,L103,C:\Users\domco\Desktop\DP\repos\junit5\platform-tests\src\test\java\org\junit\platform\commons\util\ClassUtilsTests.java,23,1,44,2,0.0,0,0,0,0.0,0.0,0,0,2,0,0,2,3,0,0,4,6,1.0,0.208333,5,5,1,0,0.208333,5,0,0,0,0,0,19,22,0,0,0,0,2,0,0,0,2,10,0,0,0,19,22,0,0,0,0,2,0,0,0,2,10,0,0,0,0,0,7,0,14,12,0,2,1,0,0,0,6,0,0,0,0,0,0,0,0
651,L24237,CollectionUtilsTests,org.junit.platform.commons.util.CollectionUtilsTests,L22269,L103,C:\Users\domco\Desktop\DP\repos\junit5\platform-tests\src\test\java\org\junit\platform\commons\util\CollectionUtilsTests.java,46,1,232,2,0.0,0,0,0,0.0,0.0,0,0,13,1,1,18,6,0,0,8,25,1.0,0.0507246,7,5,1,0,0.0466667,7,0,0,0,0,0,131,172,0,4,0,4,17,0,0,0,17,49,0,0,0,143,187,0,4,0,4,19,0,2,0,19,51,0,2,0,0,1,47,3,35,19,0,16,1,0,0,0,46,0,4,0,0,0,0,0,0
652,L24277,ExceptionUtilsTests,org.junit.platform.commons.util.ExceptionUtilsTests,L22269,L103,C:\Users\domco\Desktop\DP\repos\junit5\platform-tests\src\test\java\org\junit\platform\commons\util\ExceptionUtilsTests.java,29,1,65,2,0.0,0,0,0,0.0,0.0,0,0,5,1,1,6,5,0,0,3,8,1.0,0.194444,7,5,1,0,0.194444,7,0,0,0,0,0,29,37,0,0,0,0,5,0,0,0,5,7,0,0,0,29,37,0,0,0,0,5,0,0,0,5,7,0,0,0,0,0,13,0,5,0,0,5,1,0,0,0,12,0,0,0,0,0,0,0,0
653,L24288,FunctionUtilsTests,org.junit.platform.commons.util.FunctionUtilsTests,L22269,L103,C:\Users\domco\Desktop\DP\repos\junit5\platform-tests\src\test\java\org\junit\platform\commons\util\FunctionUtilsTests.java,29,1,55,2,0.0,0,0,0,0.0,0.0,0,0,3,0,0,3,4,0,0,5,8,1.0,0.192308,5,5,1,0,0.192308,5,0,0,0,0,0,21,27,0,0,0,0,3,0,0,0,3,8,0,0,0,21,27,0,0,0,0,3,0,0,0,3,8,0,0,0,0,0,9,0,11,8,0,3,1,0,0,0,8,0,0,0,0,0,0,0,0
654,L24295,LruCacheTests,org.junit.platform.commons.util.LruCacheTests,L22269,L103,C:\Users\domco\Desktop\DP\repos\junit5\platform-tests\src\test\java\org\junit\platform\commons\util\LruCacheTests.java,21,1,35,2,0.0,0,0,0,0.0,0.0,0,0,1,0,0,1,2,0,0,1,2,1.0,0.3125,5,3,1,0,0.3125,5,0,0,0,0,0,11,15,0,0,0,0,1,0,0,0,1,4,0,0,0,11,15,0,0,0,0,1,0,0,0,1,4,0,0,0,0,0,2,0,1,0,0,1,0,0,0,0,2,0,0,0,0,0,0,0,0
655,L24310,ModuleUtilsTests,org.junit.platform.commons.util.ModuleUtilsTests,L22269,L103,C:\Users\domco\Desktop\DP\repos\junit5\platform-tests\src\test\java\org\junit\platform\commons\util\ModuleUtilsTests.java,23,1,39,2,0.0,0,0,0,0.0,0.0,0,0,1,1,1,2,4,0,0,2,3,1.0,0.25,5,5,1,0,0.25,5,0,0,0,0,0,15,17,0,0,0,0,1,0,0,0,1,6,0,0,0,15,17,0,0,0,0,1,0,0,0,1,6,0,0,0,0,0,2,0,2,1,0,1,0,0,0,0,2,0,0,0,0,0,0,0,0
656,L24317,PackageUtilsTests,org.junit.platform.commons.util.PackageUtilsTests,L22269,L103,C:\Users\domco\Desktop\DP\repos\junit5\platform-tests\src\test\java\org\junit\platform\commons\util\PackageUtilsTests.java,41,1,150,2,0.0,0,0,0,0.0,0.0,0,0,5,0,0,13,9,0,0,9,22,1.0,0.075,6,5,1,0,0.103093,10,0,0,0,0,0,74,89,0,7,0,7,13,0,0,0,13,23,0,0,0,87,110,0,7,0,7,15,0,0,0,15,26,0,0,0,0,0,36,2,31,18,0,14,2,0,0,1,33,0,0,0,0,0,0,1,0
657,L24345,PreconditionsTests,org.junit.platform.commons.util.PreconditionsTests,L22269,L103,C:\Users\domco\Desktop\DP\repos\junit5\platform-tests\src\test\java\org\junit\platform\commons\util\PreconditionsTests.java,36,1,283,2,0.0,0,0,0,0.0,0.0,0,0,28,0,0,28,4,0,0,15,43,1.0,0.026455,5,5,1,0,0.026455,5,0,0,0,0,0,184,248,0,0,0,0,28,0,0,0,28,82,0,0,0,184,248,0,0,0,0,28,0,0,0,28,82,0,0,0,0,0,60,10,68,46,0,28,1,0,0,0,58,0,4,0,0,0,0,1,0
658,L24379,ReflectionUtilsTests,org.junit.platform.commons.util.ReflectionUtilsTests,L22269,L103,C:\Users\domco\Desktop\DP\repos\junit5\platform-tests\src\test\java\org\junit\platform\commons\util\ReflectionUtilsTests.java,75,1,1780,2,0.121806,4,7,7,0.0638921,0.0742534,109,92,86,1,1,126,72,0,0,60,183,1.0,0.122088,131,25,1,0,0.099564,137,0,0,0,0,0,942,1308,5,12,5,12,123,0,0,0,123,473,0,0,0,1239,1706,20,12,20,12,189,6,37,0,220,483,6,63,0,0,0,629,54,442,237,48,144,13,1,3,41,540,56,18,5,0,0,0,19,1.0
659,L25002,ReflectionUtilsWithGenericTypeHierarchiesTests,org.junit.platform.commons.util.ReflectionUtilsWithGenericTypeHierarchiesTests,L22269,L103,C:\Users\domco\Desktop\DP\repos\junit5\platform-tests\src\test\java\org\junit\platform\commons\util\ReflectionUtilsWithGenericTypeHierarchiesTests.java,21,1,182,2,0.185507,1,2,2,0.135802,0.144,22,18,6,0,0,8,17,0,0,2,10,0.0,0.05,3,0,0,2,0.0234375,3,0,0,0,0,0,57,93,0,0,0,0,8,0,1,0,8,21,0,1,0,125,162,0,0,0,0,20,0,13,0,34,21,0,27,0,0,0,135,2,33,10,33,11,1,0,1,0,94,12,2,6,0,0,0,0,0
660,L25129,RuntimeUtilsTests,org.junit.platform.commons.util.RuntimeUtilsTests,L22269,L103,C:\Users\domco\Desktop\DP\repos\junit5\platform-tests\src\test\java\org\junit\platform\commons\util\RuntimeUtilsTests.java,23,1,33,2,0.0,0,0,0,0.0,0.0,0,0,1,0,0,1,3,0,0,3,4,1.0,0.357143,5,5,1,0,0.357143,5,0,0,0,0,0,9,11,0,0,0,0,1,0,0,0,1,4,0,0,0,9,11,0,0,0,0,1,0,0,0,1,4,0,0,0,0,0,2,0,3,2,0,1,0,0,0,0,2,0,0,0,0,0,0,0,0
661,L25133,SerializationUtils,org.junit.platform.commons.util.SerializationUtils,L22269,L103,C:\Users\domco\Desktop\DP\repos\junit5\platform-tests\src\test\java\org\junit\platform\commons\util\SerializationUtils.java,19,1,41,2,0.0,0,0,0,0.0,0.0,0,0,1,1,1,3,0,1,1,0,3,0.0,0.0,0,0,0,2,0.0,0,0,0,0,0,0,20,23,0,0,0,0,3,0,1,0,3,8,0,1,0,20,23,0,0,0,0,3,0,1,0,3,8,0,1,0,0,0,9,3,0,0,0,0,0,0,0,3,9,0,0,0,0,0,0,0,0
662,L25169,StringUtilsTests,org.junit.platform.commons.util.StringUtilsTests,L22269,L103,C:\Users\domco\Desktop\DP\repos\junit5\platform-tests\src\test\java\org\junit\platform\commons\util\StringUtilsTests.java,38,1,179,2,0.114558,1,2,2,0.309859,0.333333,44,40,11,0,0,11,5,0,0,13,24,1.0,0.149254,20,5,1,0,0.142857,20,0,0,0,0,0,114,135,0,0,0,0,11,0,0,0,11,41,0,0,0,120,142,0,0,0,0,12,0,1,0,12,42,0,1,0,0,0,48,4,42,35,18,7,1,0,0,1,29,0,3,0,0,0,0,0,0
663,L25197,ToStringBuilderTests,org.junit.platform.commons.util.ToStringBuilderTests,L22269,L103,C:\Users\domco\Desktop\DP\repos\junit5\platform-tests\src\test\java\org\junit\platform\commons\util\ToStringBuilderTests.java,27,1,172,2,0.0,0,0,0,0.0,0.0,0,0,18,0,0,18,5,0,0,9,27,1.0,0.0679612,7,5,1,0,0.0725806,9,0,0,0,0,0,96,121,0,0,0,0,18,0,0,0,18,24,0,0,0,115,146,2,0,2,0,21,0,1,0,21,27,0,1,0,0,1,51,2,39,18,0,20,1,0,0,0,50,1,3,0,0,0,0,0,0
664,L22698,Try<V extends Object>,org.junit.platform.commons.function.Try,L25251,L103,C:\Users\domco\Desktop\DP\repos\junit5\junit-platform-commons\src\main\java\org\junit\platform\commons\function\Try.java,41,1,374,2,0.177024,1,6,2,0.0598802,0.11976,20,20,2,1,1,17,4,24,59,3,18,1.0,0.753247,116,114,13,0,0.445183,134,0,0,2,2,0,38,163,0,1,0,1,15,0,12,0,15,10,0,12,0,167,334,2,3,2,3,41,0,35,0,53,52,0,41,0,0,0,86,3,2,0,23,2,3,0,0,3,58,0,0,0,0,0,0,2,0
665,L25461,TryTests,org.junit.platform.commons.function.TryTests,L25251,L103,C:\Users\domco\Desktop\DP\repos\junit5\platform-tests\src\test\java\org\junit\platform\commons\function\TryTests.java,23,1,114,2,0.0,0,0,0,0.0,0.0,0,0,5,0,0,5,4,0,0,14,19,0.0,0.0,0,0,0,1,0.0,0,0,0,0,0,0,69,92,0,0,0,0,5,0,0,0,5,48,0,0,0,69,92,0,0,0,0,5,0,0,0,5,48,0,0,0,0,0,15,6,10,5,0,5,1,0,1,3,13,0,3,0,0,0,0,0,0
666,L25530,LoggerFactory,org.junit.platform.commons.logging.LoggerFactory,L25489,L103,C:\Users\domco\Desktop\DP\repos\junit5\junit-platform-commons\src\main\java\org\junit\platform\commons\logging\LoggerFactory.java,29,1,187,2,0.0,0,0,0,0.0,0.0,0,0,1,1,1,5,4,43,43,2,6,1.0,0.55,22,19,4,0,0.164179,22,0,0,0,0,0,18,43,1,1,1,1,4,0,3,0,4,5,0,3,0,112,159,4,1,4,1,20,0,15,0,20,45,0,15,0,0,0,36,0,1,0,0,1,0,0,0,0,36,0,0,0,0,0,0,0,0
667,L7581,LogRecordListener,org.junit.platform.commons.logging.LogRecordListener,L25489,L103,C:\Users\domco\Desktop\DP\repos\junit5\junit-platform-commons\src\main\java\org\junit\platform\commons\logging\LogRecordListener.java,30,1,149,2,0.0,0,0,0,0.0,0.0,0,0,1,1,1,9,1,20,29,1,7,1.0,0.730435,84,78,7,0,0.730435,84,0,0,0,0,0,31,120,1,0,1,0,6,0,6,0,6,12,0,6,0,31,120,1,0,1,0,6,0,6,0,6,12,0,6,0,0,0,0,0,0,0,0,0,0,0,0,0,0,0,0,0,0,0,0,0,0
668,L25661,AnnotationSupport,org.junit.platform.commons.support.AnnotationSupport,L25647,L103,C:\Users\domco\Desktop\DP\repos\junit5\junit-platform-commons\src\main\java\org\junit\platform\commons\support\AnnotationSupport.java,44,1,450,2,0.0,0,0,0,0.0,0.0,0,0,10,0,0,15,4,3,12,12,27,1.0,0.778351,302,299,15,0,0.778351,302,0,0,0,0,0,86,407,0,0,0,0,15,0,14,0,15,26,0,14,0,86,407,0,0,0,0,15,0,14,0,15,26,0,14,0,0,0,1,1,0,0,0,0,1,0,0,0,0,0,1,0,0,0,0,0,0
669,L25749,ClassSupport,org.junit.platform.commons.support.ClassSupport,L25647,L103,C:\Users\domco\Desktop\DP\repos\junit5\junit-platform-commons\src\main\java\org\junit\platform\commons\support\ClassSupport.java,35,1,74,2,0.0,0,0,0,0.0,0.0,0,0,2,0,0,3,1,1,1,2,5,1.0,0.784314,40,39,3,0,0.784314,40,0,0,0,0,0,11,40,0,0,0,0,3,0,2,0,3,2,0,2,0,11,40,0,0,0,0,3,0,2,0,3,2,0,2,0,0,0,1,0,0,0,0,0,1,0,0,0,0,0,0,0,0,0,0,0,0
670,L25771,ModifierSupport,org.junit.platform.commons.support.ModifierSupport,L25647,L103,C:\Users\domco\Desktop\DP\repos\junit5\junit-platform-commons\src\main\java\org\junit\platform\commons\support\ModifierSupport.java,36,1,241,2,0.0,0,0,0,0.0,0.0,0,0,16,0,0,17,1,1,16,16,33,1.0,0.720588,147,146,17,0,0.720588,147,0,0,0,0,0,57,206,0,0,0,0,17,0,16,0,17,16,0,16,0,57,206,0,0,0,0,17,0,16,0,17,16,0,16,0,0,0,2,1,0,0,0,0,1,0,0,0,0,0,1,0,0,0,0,1,0
671,L25822,ReflectionSupport,org.junit.platform.commons.support.ReflectionSupport,L25647,L103,C:\Users\domco\Desktop\DP\repos\junit5\junit-platform-commons\src\main\java\org\junit\platform\commons\support\ReflectionSupport.java,44,1,336,2,0.0,0,0,0,0.0,0.0,0,0,13,0,0,14,5,3,15,14,28,1.0,0.788732,224,223,14,0,0.788732,224,0,0,0,0,0,60,293,0,0,0,0,14,0,13,0,14,15,0,13,0,60,293,0,0,0,0,14,0,13,0,14,15,0,13,0,0,0,1,1,0,0,0,0,1,0,0,0,0,0,1,0,0,0,0,0,0
672,L25887,AnnotationSupportTests,org.junit.platform.commons.support.AnnotationSupportTests,L25647,L103,C:\Users\domco\Desktop\DP\repos\junit5\platform-tests\src\test\java\org\junit\platform\commons\support\AnnotationSupportTests.java,35,1,292,2,0.241657,3,4,4,0.170543,0.186603,44,39,17,0,0,17,12,0,0,27,44,1.0,0.037234,7,3,1,0,0.0368664,8,0,0,0,0,0,181,220,0,0,0,0,17,0,0,0,17,66,0,0,0,209,258,6,0,6,0,19,2,0,0,19,66,2,0,0,0,0,80,2,64,39,23,23,2,0,1,0,48,2,2,0,0,0,0,6,0
673,L25947,ClassSupportTests,org.junit.platform.commons.support.ClassSupportTests,L25647,L103,C:\Users\domco\Desktop\DP\repos\junit5\platform-tests\src\test\java\org\junit\platform\commons\support\ClassSupportTests.java,25,1,43,2,0.0,0,0,0,0.0,0.0,0,0,2,0,0,2,5,0,0,6,8,1.0,0.157895,3,3,1,0,0.157895,3,0,0,0,0,0,16,19,0,0,0,0,2,0,0,0,2,5,0,0,0,16,19,0,0,0,0,2,0,0,0,2,5,0,0,0,0,0,7,0,5,3,0,2,1,0,0,0,6,0,0,0,0,0,0,0,0
674,L25957,ModifierSupportTests,org.junit.platform.commons.support.ModifierSupportTests,L25647,L103,C:\Users\domco\Desktop\DP\repos\junit5\platform-tests\src\test\java\org\junit\platform\commons\support\ModifierSupportTests.java,35,1,243,2,0.0,0,0,0,0.0,0.0,0,0,25,0,0,25,14,0,0,34,59,1.0,0.0564516,7,5,1,0,0.0588235,10,0,0,0,0,0,117,159,0,0,0,0,25,0,0,0,25,33,0,0,0,160,209,0,0,0,0,32,0,1,0,32,33,0,1,0,0,0,93,3,60,24,0,30,1,0,1,1,90,6,2,0,0,0,0,1,0
675,L26064,PreconditionAssertions,org.junit.platform.commons.support.PreconditionAssertions,L25647,L103,C:\Users\domco\Desktop\DP\repos\junit5\platform-tests\src\test\java\org\junit\platform\commons\support\PreconditionAssertions.java,22,1,34,2,0.0,0,0,0,0.0,0.0,0,0,2,0,0,2,3,4,28,2,4,1.0,0.230769,3,3,1,0,0.230769,3,0,0,0,0,0,10,13,0,0,0,0,2,0,0,0,2,4,0,0,0,10,13,0,0,0,0,2,0,0,0,2,4,0,0,0,0,0,7,0,2,0,0,2,1,0,0,0,6,0,0,0,0,0,0,0,0
676,L26072,ReflectionSupportTests,org.junit.platform.commons.support.ReflectionSupportTests,L25647,L103,C:\Users\domco\Desktop\DP\repos\junit5\platform-tests\src\test\java\org\junit\platform\commons\support\ReflectionSupportTests.java,37,1,307,2,0.209452,3,7,7,0.217712,0.246809,59,58,23,2,2,26,12,0,0,32,56,1.0,0.0213675,5,3,1,0,0.0208333,5,0,0,0,0,0,229,262,6,0,6,0,24,0,0,0,24,82,0,0,0,235,271,6,0,6,0,24,0,0,0,24,82,0,0,0,0,0,98,16,68,41,35,26,1,0,1,9,59,0,8,0,0,0,0,2,0
677,L26307,AvailableOptions,org.junit.platform.console.options.AvailableOptions,L26295,L103,C:\Users\domco\Desktop\DP\repos\junit5\junit-platform-console\src\main\java\org\junit\platform\console\options\AvailableOptions.java,34,1,344,2,0.0,0,0,0,0.0,0.0,0,0,1,1,1,17,3,1,3,28,36,0.666667,0.161417,41,19,2,1,0.161417,41,0,0,0,0,0,213,311,54,1,54,1,8,0,2,2,8,47,0,2,2,213,311,54,1,54,1,8,0,2,2,8,47,0,2,2,0,0,22,1,45,0,0,3,0,0,1,41,17,1,1,0,0,0,0,4,0
678,L26225,CommandLineOptions,org.junit.platform.console.options.CommandLineOptions,L26295,L103,C:\Users\domco\Desktop\DP\repos\junit5\junit-platform-console\src\main\java\org\junit\platform\console\options\CommandLineOptions.java,34,1,306,2,0.0,0,0,0,0.0,0.0,0,0,7,0,0,57,2,15,44,1,58,0.0172414,0.0190476,4,3,1,57,0.0190476,4,0,0,0,0,0,206,273,30,22,30,22,57,0,57,28,57,58,0,57,28,206,273,30,22,30,22,57,0,57,28,57,58,0,57,28,0,0,134,0,2,0,0,2,1,0,0,0,117,0,0,0,0,0,0,16,0
679,L26204,PicocliCommandLineOptionsParser,org.junit.platform.console.options.PicocliCommandLineOptionsParser,L26295,L103,C:\Users\domco\Desktop\DP\repos\junit5\junit-platform-console\src\main\java\org\junit\platform\console\options\PicocliCommandLineOptionsParser.java,27,1,56,2,0.0,0,0,0,0.0,0.0,0,0,1,1,1,5,4,3,0,4,7,0.333333,0.1,3,3,1,2,0.1,3,1,1,0,0,1,27,30,0,1,0,1,3,0,2,0,3,10,0,2,0,27,30,0,1,0,1,3,0,2,0,3,10,0,2,0,0,0,9,1,0,0,0,0,0,0,0,1,9,0,0,0,0,0,0,0,0
680,L26729,PicocliCommandLineOptionsParserTests,org.junit.platform.console.options.PicocliCommandLineOptionsParserTests,L26295,L103,C:\Users\domco\Desktop\DP\repos\junit5\platform-tests\src\test\java\org\junit\platform\console\options\PicocliCommandLineOptionsParserTests.java,49,1,620,2,0.155785,1,8,8,0.211538,0.231278,121,105,28,0,0,50,10,1,2,8,58,1.0,0.10828,51,3,1,0,0.10099,51,0,0,0,0,0,420,534,0,0,0,0,50,0,0,0,50,63,0,0,0,454,572,2,0,2,0,57,2,3,0,59,72,2,3,0,0,0,197,13,214,164,55,48,2,0,0,1,128,2,12,0,0,0,0,12,0
681,L26859,ThemeTests,org.junit.platform.console.options.ThemeTests,L26295,L103,C:\Users\domco\Desktop\DP\repos\junit5\platform-tests\src\test\java\org\junit\platform\console\options\ThemeTests.java,20,1,36,2,0.0,0,0,0,0.0,0.0,0,0,2,0,0,2,3,0,0,3,5,0.0,0.0,0,0,0,1,0.0,0,0,0,0,0,0,11,17,0,0,0,0,2,0,0,0,2,2,0,0,0,11,17,0,0,0,0,2,0,0,0,2,2,0,0,0,0,0,8,0,7,5,0,2,1,0,0,0,7,0,0,0,0,0,0,0,0
682,L26251,ConsoleTestExecutor,org.junit.platform.console.tasks.ConsoleTestExecutor,L26863,L103,C:\Users\domco\Desktop\DP\repos\junit5\junit-platform-console\src\main\java\org\junit\platform\console\tasks\ConsoleTestExecutor.java,41,1,137,2,0.0,0,0,0,0.0,0.0,0,0,2,1,1,19,15,2,12,19,29,0.333333,0.105882,9,4,1,2,0.105882,9,0,0,0,0,0,76,97,2,0,2,0,10,0,2,0,10,39,0,2,0,76,97,2,0,2,0,10,0,2,0,10,39,0,2,0,0,0,23,2,0,0,0,0,1,0,1,2,21,0,0,0,0,0,0,0,0
683,L26952,CustomContextClassLoaderExecutor,org.junit.platform.console.tasks.CustomContextClassLoaderExecutor,L26863,L103,C:\Users\domco\Desktop\DP\repos\junit5\junit-platform-console\src\main\java\org\junit\platform\console\tasks\CustomContextClassLoaderExecutor.java,19,1,51,2,0.0,0,0,0,0.0,0.0,0,0,1,2,2,5,0,2,4,0,3,1.0,0.16129,5,3,1,0,0.16129,5,0,0,0,0,0,26,33,1,0,1,0,3,0,0,0,3,11,0,0,0,26,33,1,0,1,0,3,0,0,0,3,11,0,0,0,0,0,6,2,1,0,0,1,0,0,0,2,6,0,0,0,0,0,0,0,0
684,L26965,DiscoveryRequestCreator,org.junit.platform.console.tasks.DiscoveryRequestCreator,L26863,L103,C:\Users\domco\Desktop\DP\repos\junit5\junit-platform-console\src\main\java\org\junit\platform\console\tasks\DiscoveryRequestCreator.java,44,1,130,2,0.273859,1,8,2,0.252874,0.246575,22,18,1,1,1,16,13,2,2,41,47,1.0,0.0394737,3,3,1,0,0.0394737,3,0,0,0,0,0,73,87,0,0,0,0,6,0,0,0,6,45,0,0,0,73,87,0,0,0,0,6,0,0,0,6,45,0,0,0,0,0,28,0,1,0,12,1,0,0,2,0,14,0,0,0,0,0,0,0,0
685,L26997,FlatPrintingListener,org.junit.platform.console.tasks.FlatPrintingListener,L26863,L103,C:\Users\domco\Desktop\DP\repos\junit5\junit-platform-console\src\main\java\org\junit\platform\console\tasks\FlatPrintingListener.java,28,1,121,2,0.0,0,0,0,0.0,0.0,0,0,1,1,1,15,7,2,5,8,22,0.125,0.164557,13,12,1,7,0.164557,13,1,1,0,0,1,66,94,4,0,4,0,14,0,7,0,14,21,0,7,0,66,94,4,0,4,0,14,0,7,0,14,21,0,7,0,0,0,29,0,1,0,0,1,0,0,0,0,29,0,0,0,0,0,0,0,0
686,L27171,TreeNode,org.junit.platform.console.tasks.TreeNode,L26863,L103,C:\Users\domco\Desktop\DP\repos\junit5\junit-platform-console\src\main\java\org\junit\platform\console\tasks\TreeNode.java,25,1,92,2,0.0,0,0,0,0.0,0.0,0,0,3,0,0,12,4,4,13,3,14,0.5,0.0508475,3,3,1,1,0.0508475,3,0,0,0,0,0,56,68,9,0,9,0,11,0,1,1,11,23,0,1,1,56,68,9,0,9,0,11,0,1,1,11,23,0,1,1,0,0,28,0,15,0,0,11,1,0,0,0,25,0,4,0,0,0,0,2,0
687,L27241,TreePrinter,org.junit.platform.console.tasks.TreePrinter,L26863,L103,C:\Users\domco\Desktop\DP\repos\junit5\junit-platform-console\src\main\java\org\junit\platform\console\tasks\TreePrinter.java,35,1,181,2,0.0,0,0,0,0.0,0.0,0,0,1,3,3,34,8,2,6,20,31,1.0,0.0510949,7,3,1,0,0.0510949,7,0,0,0,0,0,130,147,3,0,3,0,11,0,0,0,11,87,0,0,0,130,147,3,0,3,0,11,0,0,0,11,87,0,0,0,0,0,22,0,4,1,0,3,0,0,0,0,22,0,0,0,0,0,0,0,0
688,L27003,TreePrintingListener,org.junit.platform.console.tasks.TreePrintingListener,L26863,L103,C:\Users\domco\Desktop\DP\repos\junit5\junit-platform-console\src\main\java\org\junit\platform\console\tasks\TreePrintingListener.java,28,1,79,2,0.0,0,0,0,0.0,0.0,0,0,1,0,0,9,8,1,1,8,17,0.142857,0.0681818,3,3,1,6,0.0681818,3,1,1,0,0,1,41,52,3,1,3,1,9,0,6,0,10,12,0,7,0,41,52,3,1,3,1,9,0,6,0,10,12,0,7,0,0,0,21,0,0,0,0,0,0,0,0,0,21,0,0,0,0,0,0,0,0
689,L27008,VerboseTreePrintingListener,org.junit.platform.console.tasks.VerboseTreePrintingListener,L26863,L103,C:\Users\domco\Desktop\DP\repos\junit5\junit-platform-console\src\main\java\org\junit\platform\console\tasks\VerboseTreePrintingListener.java,30,1,194,2,0.0,0,0,0,0.0,0.0,0,0,1,2,2,24,7,2,6,18,32,0.125,0.12,18,9,1,7,0.12,18,1,1,0,0,1,132,165,6,0,6,0,14,0,7,0,14,82,0,7,0,132,165,6,0,6,0,14,0,7,0,14,82,0,7,0,0,0,28,1,1,0,0,0,0,0,0,0,27,0,2,0,0,0,0,1,0
690,L27445,ConsoleTestExecutorTests,org.junit.platform.console.tasks.ConsoleTestExecutorTests,L26863,L103,C:\Users\domco\Desktop\DP\repos\junit5\platform-tests\src\test\java\org\junit\platform\console\tasks\ConsoleTestExecutorTests.java,35,1,184,2,0.172932,1,2,2,0.146667,0.156863,22,16,1,0,0,12,7,0,0,9,21,1.0,0.0810811,9,9,1,0,0.0810811,9,0,0,0,0,0,102,150,5,0,5,0,12,0,0,0,12,53,0,0,0,102,150,5,0,5,0,12,0,0,0,12,53,0,0,0,0,1,36,13,14,2,14,11,0,0,0,12,22,0,3,0,0,0,0,0,0
691,L27481,CustomContextClassLoaderExecutorTests,org.junit.platform.console.tasks.CustomContextClassLoaderExecutorTests,L26863,L103,C:\Users\domco\Desktop\DP\repos\junit5\platform-tests\src\test\java\org\junit\platform\console\tasks\CustomContextClassLoaderExecutorTests.java,28,1,77,2,0.0,0,0,0,0.0,0.0,0,0,3,0,0,3,3,0,0,5,8,1.0,0.0857143,3,3,1,0,0.075,3,0,0,0,0,0,32,45,0,0,0,0,3,0,0,0,3,17,0,0,0,37,50,0,0,0,0,4,0,1,0,4,19,0,1,0,0,0,14,3,14,11,0,3,1,0,0,3,13,0,0,0,0,0,0,0,0
692,L27496,DiscoveryRequestCreatorTests,org.junit.platform.console.tasks.DiscoveryRequestCreatorTests,L26863,L103,C:\Users\domco\Desktop\DP\repos\junit5\platform-tests\src\test\java\org\junit\platform\console\tasks\DiscoveryRequestCreatorTests.java,50,1,291,2,0.234388,2,4,4,0.206612,0.213483,50,38,1,0,0,20,20,0,0,33,53,1.0,0.0481283,9,3,1,0,0.0481283,9,0,0,0,0,0,178,242,1,0,1,0,20,0,0,0,20,107,0,0,0,178,242,1,0,1,0,20,0,0,0,20,107,0,0,0,0,0,70,2,37,19,27,18,0,0,1,0,42,0,2,0,0,0,0,0,0
693,L27606,FlatPrintingListenerTests,org.junit.platform.console.tasks.FlatPrintingListenerTests,L26863,L103,C:\Users\domco\Desktop\DP\repos\junit5\platform-tests\src\test\java\org\junit\platform\console\tasks\FlatPrintingListenerTests.java,31,1,85,2,0.0,0,0,0,0.0,0.0,0,0,1,0,0,6,8,0,0,11,17,1.0,0.2,11,3,1,0,0.2,11,0,0,0,0,0,44,55,1,0,1,0,6,0,0,0,6,18,0,0,0,44,55,1,0,1,0,6,0,0,0,6,18,0,0,0,0,0,14,0,16,13,0,3,0,0,0,0,14,0,0,0,0,0,0,0,0
694,L27634,TreeNodeTests,org.junit.platform.console.tasks.TreeNodeTests,L26863,L103,C:\Users\domco\Desktop\DP\repos\junit5\platform-tests\src\test\java\org\junit\platform\console\tasks\TreeNodeTests.java,26,1,97,2,0.247934,1,2,2,0.333333,0.259259,24,14,3,2,2,7,3,0,0,4,9,0.0,0.0,0,0,0,1,0.0,0,0,0,0,0,0,54,72,2,0,2,0,5,0,0,0,5,28,0,0,0,54,72,2,0,2,0,5,0,0,0,5,28,0,0,0,0,0,29,5,13,10,15,3,1,0,0,4,13,0,1,0,0,0,0,0,0
695,L27672,TreePrinterTests,org.junit.platform.console.tasks.TreePrinterTests,L26863,L103,C:\Users\domco\Desktop\DP\repos\junit5\platform-tests\src\test\java\org\junit\platform\console\tasks\TreePrinterTests.java,37,1,125,2,0.0,0,0,0,0.0,0.0,0,0,1,1,1,7,10,0,0,17,23,0.0,0.208333,20,0,0,1,0.208333,20,0,0,0,0,0,76,89,3,0,3,0,6,0,0,0,6,34,0,0,0,76,89,3,0,3,0,6,0,0,0,6,34,0,0,0,0,1,13,1,5,0,0,5,0,0,2,1,11,0,1,0,0,0,0,0,0
696,L27709,VerboseTreeListenerTests,org.junit.platform.console.tasks.VerboseTreeListenerTests,L26863,L103,C:\Users\domco\Desktop\DP\repos\junit5\platform-tests\src\test\java\org\junit\platform\console\tasks\VerboseTreeListenerTests.java,30,1,96,2,0.384615,1,2,2,0.328358,0.37037,22,20,1,0,0,7,9,0,0,10,17,1.0,0.228571,16,3,1,0,0.228571,16,0,0,0,0,0,54,67,1,0,1,0,7,0,0,0,7,20,0,0,0,54,67,1,0,1,0,7,0,0,0,7,20,0,0,0,0,0,31,0,4,0,17,4,0,0,0,0,14,0,0,0,0,0,0,0,0
697,L27744,ConsoleDetailsTests$BasicTestCase,org.junit.platform.console.ConsoleDetailsTests$BasicTestCase,L27735,L103,C:\Users\domco\Desktop\DP\repos\junit5\platform-tests\src\test\java\org\junit\platform\console\ConsoleDetailsTests.java,114,2,126,3,0.0,0,0,0,0.0,0.0,0,0,2,0,0,2,2,1,0,0,2,0.0,0.0,0,0,0,1,0.0,0,0,0,0,0,0,10,13,0,0,0,0,2,0,0,0,2,0,0,0,0,10,13,0,0,0,0,2,0,0,0,2,0,0,0,0,0,0,8,0,4,0,0,2,1,0,0,0,7,2,0,0,0,0,0,0,0
698,L27748,ConsoleDetailsTests$SkipTestCase,org.junit.platform.console.ConsoleDetailsTests$SkipTestCase,L27735,L103,C:\Users\domco\Desktop\DP\repos\junit5\platform-tests\src\test\java\org\junit\platform\console\ConsoleDetailsTests.java,128,2,141,3,0.0,0,0,0,0.0,0.0,0,0,2,0,0,2,3,1,0,0,2,0.0,0.0,0,0,0,1,0.0,0,0,0,0,0,0,11,14,0,0,0,0,2,0,0,0,2,0,0,0,0,11,14,0,0,0,0,2,0,0,0,2,0,0,0,0,0,0,8,0,4,0,0,2,1,0,0,0,7,2,0,0,0,0,0,0,0
699,L27752,ConsoleDetailsTests$FailTestCase,org.junit.platform.console.ConsoleDetailsTests$FailTestCase,L27735,L103,C:\Users\domco\Desktop\DP\repos\junit5\platform-tests\src\test\java\org\junit\platform\console\ConsoleDetailsTests.java,143,2,156,3,0.0,0,0,0,0.0,0.0,0,0,2,0,0,2,3,1,0,1,3,0.0,0.0,0,0,0,1,0.0,0,0,0,0,0,0,11,14,0,0,0,0,2,0,0,0,2,2,0,0,0,11,14,0,0,0,0,2,0,0,0,2,2,0,0,0,0,0,8,0,2,0,0,2,1,0,0,0,7,0,0,0,0,0,0,0,0
700,L27756,ConsoleDetailsTests$ReportTestCase,org.junit.platform.console.ConsoleDetailsTests$ReportTestCase,L27735,L103,C:\Users\domco\Desktop\DP\repos\junit5\platform-tests\src\test\java\org\junit\platform\console\ConsoleDetailsTests.java,158,2,197,3,0.0,0,0,0,0.0,0.0,0,0,5,0,0,5,3,1,0,3,8,0.0,0.0,0,0,0,1,0.0,0,0,0,0,0,0,34,40,0,0,0,0,5,0,0,0,5,16,0,0,0,34,40,0,0,0,0,5,0,0,0,5,16,0,0,0,0,0,14,1,5,0,0,5,1,0,0,0,13,0,1,0,0,0,0,0,0
701,L27769,ConsoleDetailsTests$Runner,org.junit.platform.console.ConsoleDetailsTests$Runner,L27735,L103,C:\Users\domco\Desktop\DP\repos\junit5\platform-tests\src\test\java\org\junit\platform\console\ConsoleDetailsTests.java,199,2,238,3,0.0,0,0,0,0.0,0.0,0,0,1,2,2,4,6,1,1,6,8,0.0,0.030303,1,0,0,2,0.030303,1,1,1,0,0,1,32,40,3,0,3,0,2,0,1,0,2,19,0,1,0,32,40,3,0,3,0,2,0,1,0,2,19,0,1,0,0,0,7,1,0,1,0,0,0,0,0,0,7,0,0,0,0,0,0,0,0
702,L27984,ContainerForInnerTest,org.junit.platform.console.subpackage.ContainerForInnerTest,L27973,L103,C:\Users\domco\Desktop\DP\repos\junit5\platform-tests\src\test\java\org\junit\platform\console\subpackage\ContainerForInnerTest.java,20,1,30,2,0.0,0,0,0,0.0,0.0,0,0,0,0,0,0,0,0,0,0,0,1.0,0.666667,4,4,1,0,0.333333,4,0,0,0,0,0,2,4,0,0,0,0,0,0,0,0,0,0,0,0,0,8,11,0,0,0,0,1,0,0,0,1,0,0,0,0,0,0,5,0,2,0,0,1,0,0,0,0,5,1,0,0,0,0,0,0,0
703,L27993,ContainerForInnerTests,org.junit.platform.console.subpackage.ContainerForInnerTests,L27973,L103,C:\Users\domco\Desktop\DP\repos\junit5\platform-tests\src\test\java\org\junit\platform\console\subpackage\ContainerForInnerTests.java,20,1,30,2,0.0,0,0,0,0.0,0.0,0,0,0,0,0,0,0,0,0,0,0,1.0,0.666667,4,4,1,0,0.333333,4,0,0,0,0,0,2,4,0,0,0,0,0,0,0,0,0,0,0,0,0,8,11,0,0,0,0,1,0,0,0,1,0,0,0,0,0,0,5,0,2,0,0,1,0,0,0,0,5,1,0,0,0,0,0,0,0
704,L28002,ContainerForStaticNestedTest,org.junit.platform.console.subpackage.ContainerForStaticNestedTest,L27973,L103,C:\Users\domco\Desktop\DP\repos\junit5\platform-tests\src\test\java\org\junit\platform\console\subpackage\ContainerForStaticNestedTest.java,19,1,28,2,0.0,0,0,0,0.0,0.0,0,0,0,0,0,0,0,0,0,0,0,1.0,0.666667,4,4,1,0,0.363636,4,0,0,0,0,0,2,4,0,0,0,0,0,0,0,0,0,0,0,0,0,7,10,0,0,0,0,1,0,0,0,1,0,0,0,0,0,0,5,0,2,0,0,1,0,0,0,0,5,1,0,0,0,0,0,0,0
705,L28011,ContainerForStaticNestedTests,org.junit.platform.console.subpackage.ContainerForStaticNestedTests,L27973,L103,C:\Users\domco\Desktop\DP\repos\junit5\platform-tests\src\test\java\org\junit\platform\console\subpackage\ContainerForStaticNestedTests.java,19,1,28,2,0.0,0,0,0,0.0,0.0,0,0,0,0,0,0,0,0,0,0,0,1.0,0.666667,4,4,1,0,0.363636,4,0,0,0,0,0,2,4,0,0,0,0,0,0,0,0,0,0,0,0,0,7,10,0,0,0,0,1,0,0,0,1,0,0,0,0,0,0,5,0,2,0,0,1,0,0,0,0,5,1,0,0,0,0,0,0,0
706,L28020,SecondTest,org.junit.platform.console.subpackage.SecondTest,L27973,L103,C:\Users\domco\Desktop\DP\repos\junit5\platform-tests\src\test\java\org\junit\platform\console\subpackage\SecondTest.java,19,1,25,2,0.0,0,0,0,0.0,0.0,0,0,1,0,0,1,1,0,0,0,1,1.0,0.444444,4,4,1,0,0.444444,4,0,0,0,0,0,5,7,0,0,0,0,1,0,0,0,1,0,0,0,0,5,7,0,0,0,0,1,0,0,0,1,0,0,0,0,0,0,2,1,2,1,0,1,0,0,0,0,2,1,0,0,0,0,0,0,0
707,L28027,Test,org.junit.platform.console.subpackage.Test,L27973,L103,C:\Users\domco\Desktop\DP\repos\junit5\platform-tests\src\test\java\org\junit\platform\console\subpackage\Test.java,17,1,23,2,0.0,0,0,0,0.0,0.0,0,0,1,0,0,1,1,0,0,0,1,1.0,0.444444,4,4,1,0,0.444444,4,0,0,0,0,0,5,7,0,0,0,0,1,0,0,0,1,0,0,0,0,5,7,0,0,0,0,1,0,0,0,1,0,0,0,0,0,0,2,1,3,1,0,2,0,0,0,0,2,1,0,0,0,0,0,0,0
708,L28034,Test1,org.junit.platform.console.subpackage.Test1,L27973,L103,C:\Users\domco\Desktop\DP\repos\junit5\platform-tests\src\test\java\org\junit\platform\console\subpackage\Test1.java,19,1,25,2,0.0,0,0,0,0.0,0.0,0,0,1,0,0,1,1,0,0,0,1,1.0,0.444444,4,4,1,0,0.444444,4,0,0,0,0,0,5,7,0,0,0,0,1,0,0,0,1,0,0,0,0,5,7,0,0,0,0,1,0,0,0,1,0,0,0,0,0,0,2,1,2,1,0,1,0,0,0,0,2,1,0,0,0,0,0,0,0
709,L28041,Tests,org.junit.platform.console.subpackage.Tests,L27973,L103,C:\Users\domco\Desktop\DP\repos\junit5\platform-tests\src\test\java\org\junit\platform\console\subpackage\Tests.java,19,1,25,2,0.0,0,0,0,0.0,0.0,0,0,1,0,0,1,1,0,0,0,1,1.0,0.444444,4,4,1,0,0.444444,4,0,0,0,0,0,5,7,0,0,0,0,1,0,0,0,1,0,0,0,0,5,7,0,0,0,0,1,0,0,0,1,0,0,0,0,0,0,2,1,2,1,0,1,0,0,0,0,2,1,0,0,0,0,0,0,0
710,L28048,ThirdTests,org.junit.platform.console.subpackage.ThirdTests,L27973,L103,C:\Users\domco\Desktop\DP\repos\junit5\platform-tests\src\test\java\org\junit\platform\console\subpackage\ThirdTests.java,19,1,25,2,0.0,0,0,0,0.0,0.0,0,0,1,0,0,1,1,0,0,0,1,1.0,0.444444,4,4,1,0,0.444444,4,0,0,0,0,0,5,7,0,0,0,0,1,0,0,0,1,0,0,0,0,5,7,0,0,0,0,1,0,0,0,1,0,0,0,0,0,0,2,1,2,1,0,1,0,0,0,0,2,1,0,0,0,0,0,0,0
711,L28101,CompositeFilter$1,org.junit.platform.engine.CompositeFilter$1,L28089,L103,C:\Users\domco\Desktop\DP\repos\junit5\junit-platform-engine\src\main\java\org\junit\platform\engine\CompositeFilter.java,33,68,43,3,0.0,0,0,0,0.0,0.0,0,0,2,0,0,2,3,0,0,0,2,0.0,0.0,0,0,0,3,0.0,0,1,1,0,0,1,10,11,0,0,0,0,2,0,2,0,5,2,0,5,0,10,11,0,0,0,0,2,0,2,0,5,2,0,5,0,0,0,8,0,0,0,0,0,1,0,0,0,7,0,0,0,0,0,0,0,0
712,L28196,AbstractClassNameFilter,org.junit.platform.engine.discovery.AbstractClassNameFilter,L28157,L103,C:\Users\domco\Desktop\DP\repos\junit5\junit-platform-engine\src\main\java\org\junit\platform\engine\discovery\AbstractClassNameFilter.java,31,1,50,2,0.0,0,0,0,0.0,0.0,0,0,1,0,0,3,2,2,4,2,5,0.5,0.318182,7,7,1,1,0.318182,7,3,3,2,2,1,15,20,3,0,2,0,3,0,1,0,9,5,1,7,0,15,20,3,0,2,0,3,0,1,0,9,5,1,7,0,0,0,9,0,0,0,0,0,0,0,0,0,7,0,0,0,0,0,0,2,0
713,L27588,ClasspathResourceSelector,org.junit.platform.engine.discovery.ClasspathResourceSelector,L28157,L103,C:\Users\domco\Desktop\DP\repos\junit5\junit-platform-engine\src\main\java\org\junit\platform\engine\discovery\ClasspathResourceSelector.java,38,1,92,2,0.395522,2,6,2,0.218182,0.375,12,12,1,1,1,9,2,5,3,3,8,0.8,0.507692,33,33,4,1,0.507692,33,1,1,0,0,1,32,55,1,1,1,1,5,0,4,0,5,11,0,4,0,32,55,1,1,1,1,5,0,4,0,5,11,0,4,0,0,0,18,0,0,0,11,0,0,0,0,0,7,0,0,0,0,0,0,0,0
714,L12009,ClasspathRootSelector,org.junit.platform.engine.discovery.ClasspathRootSelector,L28157,L103,C:\Users\domco\Desktop\DP\repos\junit5\junit-platform-engine\src\main\java\org\junit\platform\engine\discovery\ClasspathRootSelector.java,39,1,85,2,0.445378,2,6,2,0.255319,0.387097,12,12,1,1,1,8,2,8,2,3,8,0.8,0.45614,26,26,4,1,0.45614,26,1,1,0,0,1,31,47,1,1,1,1,5,0,4,0,5,10,0,4,0,31,47,1,1,1,1,5,0,4,0,5,10,0,4,0,0,0,18,0,0,0,11,0,0,0,0,0,7,0,0,0,0,0,0,0,0
715,L11195,ClassSelector,org.junit.platform.engine.discovery.ClassSelector,L28157,L103,C:\Users\domco\Desktop\DP\repos\junit5\junit-platform-engine\src\main\java\org\junit\platform\engine\discovery\ClassSelector.java,42,1,111,2,0.306358,2,6,2,0.171429,0.272727,12,12,1,1,1,11,4,12,15,5,12,0.833333,0.443038,35,35,5,1,0.443038,35,1,1,0,0,1,44,70,2,2,2,2,7,0,5,0,7,15,0,5,0,44,70,2,2,2,2,7,0,5,0,7,15,0,5,0,0,0,20,0,0,0,11,0,0,0,0,0,9,0,0,0,0,0,0,0,0
716,L27563,DirectorySelector,org.junit.platform.engine.discovery.DirectorySelector,L28157,L103,C:\Users\domco\Desktop\DP\repos\junit5\junit-platform-engine\src\main\java\org\junit\platform\engine\discovery\DirectorySelector.java,40,1,110,2,0.381295,2,6,2,0.169014,0.324324,12,12,1,1,1,10,2,5,5,3,10,0.857143,0.513158,39,39,6,1,0.513158,39,1,1,0,0,1,37,71,1,3,1,3,7,0,6,0,7,12,0,6,0,37,71,1,3,1,3,7,0,6,0,7,12,0,6,0,0,0,18,0,0,0,11,0,0,0,0,0,7,0,0,0,0,0,0,0,0
717,L28304,DiscoverySelectors,org.junit.platform.engine.discovery.DiscoverySelectors,L28157,L103,C:\Users\domco\Desktop\DP\repos\junit5\junit-platform-engine\src\main\java\org\junit\platform\engine\discovery\DiscoverySelectors.java,52,1,625,2,0.100756,1,4,2,0.0400697,0.127072,23,23,27,1,1,33,17,62,297,31,60,1.0,0.673874,374,367,29,0,0.673874,374,0,0,0,0,0,181,574,0,0,0,0,29,0,28,0,29,87,0,28,0,181,574,0,0,0,0,29,0,28,0,29,87,0,28,0,0,0,19,6,0,0,14,0,1,0,1,0,0,0,6,0,0,0,0,3,0
718,L28234,ExcludeClassNameFilter,org.junit.platform.engine.discovery.ExcludeClassNameFilter,L28157,L103,C:\Users\domco\Desktop\DP\repos\junit5\junit-platform-engine\src\main\java\org\junit\platform\engine\discovery\ExcludeClassNameFilter.java,30,1,62,2,0.0,0,0,0,0.0,0.0,0,0,4,0,0,6,2,1,1,2,8,0.25,0.297297,11,9,1,3,0.297297,11,4,4,0,0,1,26,33,3,0,0,0,6,0,3,0,13,6,1,8,0,26,33,3,0,0,0,6,0,3,0,13,6,1,8,0,0,0,14,0,0,0,0,0,1,0,0,0,11,0,0,0,0,0,0,2,0
719,L28463,ExcludePackageNameFilter,org.junit.platform.engine.discovery.ExcludePackageNameFilter,L28157,L103,C:\Users\domco\Desktop\DP\repos\junit5\junit-platform-engine\src\main\java\org\junit\platform\engine\discovery\ExcludePackageNameFilter.java,34,1,79,2,0.0,0,0,0,0.0,0.0,0,0,3,0,0,7,3,1,1,2,9,0.25,0.229167,11,9,1,3,0.229167,11,3,3,0,0,1,37,46,2,0,2,0,7,0,3,0,14,10,0,10,0,37,46,2,0,2,0,7,0,3,0,14,10,0,10,0,0,0,16,0,0,0,0,0,1,0,0,0,15,0,0,0,0,0,0,0,0
720,L27556,FileSelector,org.junit.platform.engine.discovery.FileSelector,L28157,L103,C:\Users\domco\Desktop\DP\repos\junit5\junit-platform-engine\src\main\java\org\junit\platform\engine\discovery\FileSelector.java,40,1,110,2,0.381295,2,6,2,0.169014,0.324324,12,12,1,1,1,10,2,5,5,3,10,0.857143,0.513158,39,39,6,1,0.513158,39,1,1,0,0,1,37,71,1,3,1,3,7,0,6,0,7,12,0,6,0,37,71,1,3,1,3,7,0,6,0,7,12,0,6,0,0,0,18,0,0,0,11,0,0,0,0,0,7,0,0,0,0,0,0,0,0
721,L28227,IncludeClassNameFilter,org.junit.platform.engine.discovery.IncludeClassNameFilter,L28157,L103,C:\Users\domco\Desktop\DP\repos\junit5\junit-platform-engine\src\main\java\org\junit\platform\engine\discovery\IncludeClassNameFilter.java,30,1,63,2,0.0,0,0,0,0.0,0.0,0,0,4,0,0,6,2,1,1,2,8,0.25,0.289474,11,9,1,3,0.289474,11,4,4,0,0,1,27,34,3,0,0,0,6,0,3,0,13,6,1,8,0,27,34,3,0,0,0,6,0,3,0,13,6,1,8,0,0,0,14,0,0,0,0,0,1,0,0,0,11,0,0,0,0,0,0,2,0
722,L28510,IncludePackageNameFilter,org.junit.platform.engine.discovery.IncludePackageNameFilter,L28157,L103,C:\Users\domco\Desktop\DP\repos\junit5\junit-platform-engine\src\main\java\org\junit\platform\engine\discovery\IncludePackageNameFilter.java,34,1,79,2,0.0,0,0,0,0.0,0.0,0,0,3,0,0,7,3,1,1,2,9,0.25,0.229167,11,9,1,3,0.229167,11,3,3,0,0,1,37,46,2,0,2,0,7,0,3,0,14,10,0,10,0,37,46,2,0,2,0,7,0,3,0,14,10,0,10,0,0,0,16,0,0,0,0,0,1,0,0,0,15,0,0,0,0,0,0,0,0
723,L11398,MethodSelector,org.junit.platform.engine.discovery.MethodSelector,L28157,L103,C:\Users\domco\Desktop\DP\repos\junit5\junit-platform-engine\src\main\java\org\junit\platform\engine\discovery\MethodSelector.java,53,1,220,2,0.245658,2,4,2,0.136905,0.214286,23,21,1,2,2,23,6,11,37,9,24,0.888889,0.443182,78,72,8,1,0.443182,78,1,1,0,0,1,98,168,5,5,5,5,15,0,8,0,15,36,0,8,0,98,168,5,5,5,5,15,0,8,0,15,36,0,8,0,0,0,30,0,1,0,15,0,0,0,0,1,15,0,0,0,0,0,0,0,0
724,L28344,ModuleSelector,org.junit.platform.engine.discovery.ModuleSelector,L28157,L103,C:\Users\domco\Desktop\DP\repos\junit5\junit-platform-engine\src\main\java\org\junit\platform\engine\discovery\ModuleSelector.java,30,1,76,2,0.445378,2,6,2,0.255319,0.387097,12,12,1,1,1,8,2,6,4,3,8,0.8,0.367347,18,18,4,1,0.367347,18,1,1,0,0,1,31,47,1,1,1,1,5,0,4,0,5,10,0,4,0,31,47,1,1,1,1,5,0,4,0,5,10,0,4,0,0,0,18,0,0,0,11,0,0,0,0,0,7,0,0,0,0,0,0,0,0
725,L11222,NestedClassSelector,org.junit.platform.engine.discovery.NestedClassSelector,L28157,L103,C:\Users\domco\Desktop\DP\repos\junit5\junit-platform-engine\src\main\java\org\junit\platform\engine\discovery\NestedClassSelector.java,46,1,127,2,0.231481,1,3,1,0.146341,0.25,12,12,1,1,1,13,3,6,18,8,17,0.625,0.5,48,45,5,3,0.5,48,1,1,0,0,1,48,82,2,4,2,4,9,0,7,0,9,16,0,7,0,48,82,2,4,2,4,9,0,7,0,9,16,0,7,0,0,0,19,0,3,0,10,0,0,0,0,2,9,0,1,0,0,0,0,0,0
726,L11410,NestedMethodSelector,org.junit.platform.engine.discovery.NestedMethodSelector,L28157,L103,C:\Users\domco\Desktop\DP\repos\junit5\junit-platform-engine\src\main\java\org\junit\platform\engine\discovery\NestedMethodSelector.java,52,1,188,2,0.179856,1,3,1,0.080292,0.152778,11,11,1,1,1,19,4,6,13,19,34,0.727273,0.529412,81,76,8,3,0.529412,81,1,1,0,0,1,72,137,2,7,2,7,15,0,10,0,15,25,0,10,0,72,137,2,7,2,7,15,0,10,0,15,25,0,10,0,0,0,26,0,0,0,10,0,0,0,0,0,15,0,0,0,0,0,0,1,0
727,L11987,PackageSelector,org.junit.platform.engine.discovery.PackageSelector,L28157,L103,C:\Users\domco\Desktop\DP\repos\junit5\junit-platform-engine\src\main\java\org\junit\platform\engine\discovery\PackageSelector.java,30,1,76,2,0.445378,2,6,2,0.255319,0.387097,12,12,1,1,1,8,2,9,5,3,8,0.8,0.367347,18,18,4,1,0.367347,18,1,1,0,0,1,31,47,1,1,1,1,5,0,4,0,5,10,0,4,0,31,47,1,1,1,1,5,0,4,0,5,10,0,4,0,0,0,18,0,0,0,11,0,0,0,0,0,7,0,0,0,0,0,0,0,0
728,L11230,UniqueIdSelector,org.junit.platform.engine.discovery.UniqueIdSelector,L28157,L103,C:\Users\domco\Desktop\DP\repos\junit5\junit-platform-engine\src\main\java\org\junit\platform\engine\discovery\UniqueIdSelector.java,31,1,77,2,0.445378,2,6,2,0.255319,0.387097,12,12,1,1,1,8,3,13,11,4,9,0.8,0.367347,18,18,4,1,0.367347,18,1,1,0,0,1,31,47,1,1,1,1,5,0,4,0,5,10,0,4,0,31,47,1,1,1,1,5,0,4,0,5,10,0,4,0,0,0,18,0,0,0,11,0,0,0,0,0,7,0,0,0,0,0,0,0,0
729,L27549,UriSelector,org.junit.platform.engine.discovery.UriSelector,L28157,L103,C:\Users\domco\Desktop\DP\repos\junit5\junit-platform-engine\src\main\java\org\junit\platform\engine\discovery\UriSelector.java,34,1,80,2,0.445378,2,6,2,0.255319,0.387097,12,12,1,1,1,8,2,5,5,3,8,0.8,0.403846,21,21,4,1,0.403846,21,1,1,0,0,1,31,47,1,1,1,1,5,0,4,0,5,10,0,4,0,31,47,1,1,1,1,5,0,4,0,5,10,0,4,0,0,0,18,0,0,0,11,0,0,0,0,0,7,0,0,0,0,0,0,0,0
730,L28700,ClassNameFilterTests,org.junit.platform.engine.discovery.ClassNameFilterTests,L28157,L103,C:\Users\domco\Desktop\DP\repos\junit5\platform-tests\src\test\java\org\junit\platform\engine\discovery\ClassNameFilterTests.java,24,1,151,2,0.998415,6,12,12,0.929688,0.980392,119,100,6,0,0,6,6,0,0,9,15,1.0,0.128205,15,3,1,0,0.128205,15,0,0,0,0,0,102,128,0,0,0,0,6,0,0,0,6,50,0,0,0,102,128,0,0,0,0,6,0,0,0,6,50,0,0,0,0,0,57,6,32,26,46,6,1,0,0,0,10,0,6,0,0,0,0,0,0
731,L28719,ClasspathResourceSelectorTests,org.junit.platform.engine.discovery.ClasspathResourceSelectorTests,L28157,L103,C:\Users\domco\Desktop\DP\repos\junit5\platform-tests\src\test\java\org\junit\platform\engine\discovery\ClasspathResourceSelectorTests.java,22,1,33,2,0.0,0,0,0,0.0,0.0,0,0,1,0,0,1,3,0,0,2,3,1.0,0.4,6,6,1,0,0.4,6,1,1,0,0,1,9,12,0,0,0,0,1,0,0,0,2,4,0,0,0,9,12,0,0,0,0,1,0,0,0,2,4,0,0,0,0,0,2,0,1,0,0,1,0,0,0,0,2,0,0,0,0,0,0,0,0
732,L28730,ClasspathRootSelectorTests,org.junit.platform.engine.discovery.ClasspathRootSelectorTests,L28157,L103,C:\Users\domco\Desktop\DP\repos\junit5\platform-tests\src\test\java\org\junit\platform\engine\discovery\ClasspathRootSelectorTests.java,24,1,35,2,0.0,0,0,0,0.0,0.0,0,0,1,0,0,1,3,0,0,2,3,1.0,0.4,6,6,1,0,0.4,6,1,1,0,0,1,9,12,0,0,0,0,1,0,0,0,2,4,0,0,0,9,12,0,0,0,0,1,0,0,0,2,4,0,0,0,0,0,2,1,1,0,0,1,0,0,0,1,2,0,0,0,0,0,0,0,0
733,L28735,ClassSelectorTests,org.junit.platform.engine.discovery.ClassSelectorTests,L28157,L103,C:\Users\domco\Desktop\DP\repos\junit5\platform-tests\src\test\java\org\junit\platform\engine\discovery\ClassSelectorTests.java,26,1,46,2,0.0,0,0,0,0.0,0.0,0,0,2,0,0,2,5,0,0,3,5,1.0,0.272727,6,6,1,0,0.272727,6,1,1,0,0,1,16,21,0,0,0,0,2,0,0,0,3,7,0,0,0,16,21,0,0,0,0,2,0,0,0,3,7,0,0,0,0,0,5,0,3,1,0,2,1,0,0,0,4,0,0,0,0,0,0,0,0
734,L28740,DirectorySelectorTests,org.junit.platform.engine.discovery.DirectorySelectorTests,L28157,L103,C:\Users\domco\Desktop\DP\repos\junit5\platform-tests\src\test\java\org\junit\platform\engine\discovery\DirectorySelectorTests.java,22,1,33,2,0.0,0,0,0,0.0,0.0,0,0,1,0,0,1,3,0,0,2,3,1.0,0.4,6,6,1,0,0.4,6,1,1,0,0,1,9,12,0,0,0,0,1,0,0,0,2,4,0,0,0,9,12,0,0,0,0,1,0,0,0,2,4,0,0,0,0,0,2,0,1,0,0,1,0,0,0,0,2,0,0,0,0,0,0,0,0
735,L28744,DiscoverySelectorsTests,org.junit.platform.engine.discovery.DiscoverySelectorsTests,L28157,L103,C:\Users\domco\Desktop\DP\repos\junit5\platform-tests\src\test\java\org\junit\platform\engine\discovery\DiscoverySelectorsTests.java,59,1,805,2,0.187758,5,10,10,0.168675,0.186207,126,108,33,0,0,69,20,1,2,38,107,1.0,0.0582121,28,21,1,0,0.0460526,28,0,0,0,0,0,453,584,0,0,0,0,69,0,0,0,69,241,0,0,0,580,747,4,0,4,0,81,0,1,0,82,298,0,2,0,0,0,260,41,202,118,66,73,3,0,2,30,186,13,9,0,0,0,0,3,0
736,L28940,FileSelectorTests,org.junit.platform.engine.discovery.FileSelectorTests,L28157,L103,C:\Users\domco\Desktop\DP\repos\junit5\platform-tests\src\test\java\org\junit\platform\engine\discovery\FileSelectorTests.java,22,1,33,2,0.0,0,0,0,0.0,0.0,0,0,1,0,0,1,3,0,0,2,3,1.0,0.4,6,6,1,0,0.4,6,1,1,0,0,1,9,12,0,0,0,0,1,0,0,0,2,4,0,0,0,9,12,0,0,0,0,1,0,0,0,2,4,0,0,0,0,0,2,0,1,0,0,1,0,0,0,0,2,0,0,0,0,0,0,0,0
737,L28944,MethodSelectorTests,org.junit.platform.engine.discovery.MethodSelectorTests,L28157,L103,C:\Users\domco\Desktop\DP\repos\junit5\platform-tests\src\test\java\org\junit\platform\engine\discovery\MethodSelectorTests.java,26,1,51,2,0.0,0,0,0,0.0,0.0,0,0,2,0,0,2,5,0,0,4,6,1.0,0.230769,6,6,1,0,0.230769,6,1,1,0,0,1,20,26,0,0,0,0,2,0,0,0,3,11,0,0,0,20,26,0,0,0,0,2,0,0,0,3,11,0,0,0,0,0,7,3,4,2,0,2,1,0,0,0,6,0,3,0,0,0,0,0,0
738,L28949,ModuleSelectorTests,org.junit.platform.engine.discovery.ModuleSelectorTests,L28157,L103,C:\Users\domco\Desktop\DP\repos\junit5\platform-tests\src\test\java\org\junit\platform\engine\discovery\ModuleSelectorTests.java,22,1,33,2,0.0,0,0,0,0.0,0.0,0,0,1,0,0,1,3,0,0,2,3,1.0,0.4,6,6,1,0,0.4,6,1,1,0,0,1,9,12,0,0,0,0,1,0,0,0,2,4,0,0,0,9,12,0,0,0,0,1,0,0,0,2,4,0,0,0,0,0,2,0,1,0,0,1,0,0,0,0,2,0,0,0,0,0,0,0,0
739,L28953,NestedClassSelectorTests,org.junit.platform.engine.discovery.NestedClassSelectorTests,L28157,L103,C:\Users\domco\Desktop\DP\repos\junit5\platform-tests\src\test\java\org\junit\platform\engine\discovery\NestedClassSelectorTests.java,28,1,62,2,0.622642,1,2,2,0.571429,0.592593,20,16,3,0,0,3,5,0,0,3,6,1.0,0.228571,8,6,1,0,0.228571,8,1,1,0,0,1,27,35,0,0,0,0,3,0,0,0,4,10,0,0,0,27,35,0,0,0,0,3,0,0,0,4,10,0,0,0,0,0,24,2,5,2,15,3,1,0,0,0,8,0,2,0,0,0,0,0,0
740,L28959,NestedMethodSelectorTests,org.junit.platform.engine.discovery.NestedMethodSelectorTests,L28157,L103,C:\Users\domco\Desktop\DP\repos\junit5\platform-tests\src\test\java\org\junit\platform\engine\discovery\NestedMethodSelectorTests.java,28,1,75,2,0.0,0,0,0,0.0,0.0,0,0,3,0,0,3,5,0,0,4,7,1.0,0.170213,8,6,1,0,0.170213,8,1,1,0,0,1,39,48,0,0,0,0,3,0,0,0,4,16,0,0,0,39,48,0,0,0,0,3,0,0,0,4,16,0,0,0,0,0,9,4,6,3,0,3,1,0,0,0,8,0,4,0,0,0,0,0,0
741,L28965,PackageNameFilterTests,org.junit.platform.engine.discovery.PackageNameFilterTests,L28157,L103,C:\Users\domco\Desktop\DP\repos\junit5\platform-tests\src\test\java\org\junit\platform\engine\discovery\PackageNameFilterTests.java,24,1,127,2,0.998291,5,10,10,0.942308,0.977273,98,86,4,0,0,4,6,0,0,9,13,1.0,0.145631,15,3,1,0,0.145631,15,0,0,0,0,0,88,104,0,0,0,0,4,0,0,0,4,44,0,0,0,88,104,0,0,0,0,4,0,0,0,4,44,0,0,0,0,0,38,6,28,24,31,4,1,0,0,0,6,0,6,0,0,0,0,0,0
742,L28972,PackageSelectorTests,org.junit.platform.engine.discovery.PackageSelectorTests,L28157,L103,C:\Users\domco\Desktop\DP\repos\junit5\platform-tests\src\test\java\org\junit\platform\engine\discovery\PackageSelectorTests.java,22,1,33,2,0.0,0,0,0,0.0,0.0,0,0,1,0,0,1,3,0,0,2,3,1.0,0.4,6,6,1,0,0.4,6,1,1,0,0,1,9,12,0,0,0,0,1,0,0,0,2,4,0,0,0,9,12,0,0,0,0,1,0,0,0,2,4,0,0,0,0,0,2,0,1,0,0,1,0,0,0,0,2,0,0,0,0,0,0,0,0
743,L28976,UniqueIdSelectorTests,org.junit.platform.engine.discovery.UniqueIdSelectorTests,L28157,L103,C:\Users\domco\Desktop\DP\repos\junit5\platform-tests\src\test\java\org\junit\platform\engine\discovery\UniqueIdSelectorTests.java,23,1,35,2,0.0,0,0,0,0.0,0.0,0,0,1,0,0,1,4,0,0,4,5,1.0,0.375,6,6,1,0,0.375,6,1,1,0,0,1,10,13,0,0,0,0,1,0,0,0,2,5,0,0,0,10,13,0,0,0,0,1,0,0,0,2,5,0,0,0,0,0,2,0,1,0,0,1,0,0,0,0,2,0,0,0,0,0,0,0,0
744,L28980,UriSelectorTests,org.junit.platform.engine.discovery.UriSelectorTests,L28157,L103,C:\Users\domco\Desktop\DP\repos\junit5\platform-tests\src\test\java\org\junit\platform\engine\discovery\UriSelectorTests.java,24,1,35,2,0.0,0,0,0,0.0,0.0,0,0,1,0,0,1,3,0,0,2,3,1.0,0.4,6,6,1,0,0.4,6,1,1,0,0,1,9,12,0,0,0,0,1,0,0,0,2,4,0,0,0,9,12,0,0,0,0,1,0,0,0,2,4,0,0,0,0,0,2,1,1,0,0,1,0,0,0,1,2,0,0,0,0,0,0,0,0
745,L28995,EngineDiscoveryListener$1,org.junit.platform.engine.EngineDiscoveryListener$1,L28989,L103,C:\Users\domco\Desktop\DP\repos\junit5\junit-platform-engine\src\main\java\org\junit\platform\engine\EngineDiscoveryListener.java,38,63,39,3,0.0,0,0,0,0.0,0.0,0,0,0,0,0,0,1,0,0,0,0,0.0,0.0,0,0,0,1,0.0,0,1,1,0,0,1,2,2,1,0,0,0,0,0,0,0,1,0,1,1,0,2,2,1,0,0,0,0,0,0,0,1,0,1,1,0,0,0,5,0,0,0,0,0,0,0,0,0,3,0,0,0,0,0,0,2,0
746,L10743,ReportEntry,org.junit.platform.engine.reporting.ReportEntry,L29129,L103,C:\Users\domco\Desktop\DP\repos\junit5\junit-platform-engine\src\main\java\org\junit\platform\engine\reporting\ReportEntry.java,32,1,100,2,0.0,0,0,0,0.0,0.0,0,0,2,0,0,6,2,30,16,5,11,0.833333,0.5,34,34,5,1,0.5,34,0,0,0,0,0,34,69,2,2,2,2,6,0,5,0,6,16,0,5,0,34,69,2,2,2,2,6,0,5,0,6,16,0,5,0,0,0,6,0,2,0,0,2,1,0,0,0,5,0,0,0,0,0,0,0,0
747,L11236,UniqueId$Segment,org.junit.platform.engine.UniqueId$Segment,L664,L103,C:\Users\domco\Desktop\DP\repos\junit5\junit-platform-engine\src\main\java\org\junit\platform\engine\UniqueId.java,272,2,336,3,0.356688,1,3,1,0.184615,0.275,12,11,1,1,1,10,2,13,16,4,10,0.5,0.322034,19,17,3,3,0.322034,19,0,0,0,0,0,40,65,3,2,3,2,6,0,5,0,6,14,0,5,0,40,65,3,2,3,2,6,0,5,0,6,14,0,5,0,0,0,18,0,0,0,11,0,0,0,0,0,7,0,0,0,0,0,0,0,0
748,L32176,UniqueIdFormatTests$Formatting,org.junit.platform.engine.UniqueIdFormatTests$Formatting,L32173,L103,C:\Users\domco\Desktop\DP\repos\junit5\platform-tests\src\test\java\org\junit\platform\engine\UniqueIdFormatTests.java,27,2,54,3,0.0,0,0,0,0.0,0.0,0,0,1,0,0,3,5,0,0,6,9,0.0,0.0,0,0,0,1,0.0,0,0,0,0,0,0,22,28,2,0,2,0,3,0,0,0,3,8,0,0,0,22,28,2,0,2,0,3,0,0,0,3,8,0,0,0,0,0,9,0,6,3,0,3,0,0,0,0,9,0,0,0,0,0,0,0,0
749,L32185,UniqueIdFormatTests$ParsingWithDefaultFormat,org.junit.platform.engine.UniqueIdFormatTests$ParsingWithDefaultFormat,L32173,L103,C:\Users\domco\Desktop\DP\repos\junit5\platform-tests\src\test\java\org\junit\platform\engine\UniqueIdFormatTests.java,56,2,76,3,0.0,0,0,0,0.0,0.0,0,0,0,0,0,3,3,0,0,1,4,0.0,0.0,0,0,0,4,0.0,0,1,1,0,0,1,16,21,1,3,1,3,3,0,3,0,6,3,0,6,0,16,21,1,3,1,3,3,0,3,0,6,3,0,6,0,0,0,9,0,0,0,0,0,0,0,0,0,9,0,0,0,0,0,0,0,0
750,L32195,UniqueIdFormatTests$ParsingWithCustomFormat,org.junit.platform.engine.UniqueIdFormatTests$ParsingWithCustomFormat,L32173,L103,C:\Users\domco\Desktop\DP\repos\junit5\platform-tests\src\test\java\org\junit\platform\engine\UniqueIdFormatTests.java,78,2,98,3,0.0,0,0,0,0.0,0.0,0,0,0,0,0,3,3,0,0,0,3,0.0,0.0,0,0,0,4,0.0,0,1,1,0,0,1,16,21,1,3,1,3,3,0,3,0,6,3,0,6,0,16,21,1,3,1,3,3,0,3,0,6,3,0,6,0,0,0,9,0,0,0,0,0,0,0,0,0,9,0,0,0,0,0,0,0,0
751,L32221,UniqueIdTests$Creation,org.junit.platform.engine.UniqueIdTests$Creation,L32217,L103,C:\Users\domco\Desktop\DP\repos\junit5\platform-tests\src\test\java\org\junit\platform\engine\UniqueIdTests.java,39,2,126,3,0.0,0,0,0,0.0,0.0,0,0,9,0,0,9,7,0,0,12,21,0.0,0.0,0,0,0,1,0.0,0,0,0,0,0,0,68,88,0,0,0,0,9,0,0,0,9,38,0,0,0,68,88,0,0,0,0,9,0,0,0,9,38,0,0,0,0,0,22,4,17,8,0,9,1,0,0,0,21,0,4,0,0,0,0,0,0
752,L32235,UniqueIdTests$ParsingAndFormatting,org.junit.platform.engine.UniqueIdTests$ParsingAndFormatting,L32217,L103,C:\Users\domco\Desktop\DP\repos\junit5\platform-tests\src\test\java\org\junit\platform\engine\UniqueIdTests.java,128,2,168,3,0.0,0,0,0,0.0,0.0,0,0,5,1,1,6,8,0,0,9,14,0.0,0.0,0,0,0,1,0.0,0,0,0,0,0,0,35,41,1,0,1,0,5,0,0,0,5,16,0,0,0,35,41,1,0,1,0,5,0,0,0,5,16,0,0,0,0,0,14,0,7,1,0,5,1,0,0,1,13,0,0,0,0,0,0,0,0
753,L32247,UniqueIdTests$EqualsContract,org.junit.platform.engine.UniqueIdTests$EqualsContract,L32217,L103,C:\Users\domco\Desktop\DP\repos\junit5\platform-tests\src\test\java\org\junit\platform\engine\UniqueIdTests.java,170,2,219,3,0.0,0,0,0,0.0,0.0,0,0,5,0,0,5,4,0,0,7,12,0.0,0.0,0,0,0,1,0.0,0,0,0,0,0,0,40,50,0,0,0,0,5,0,0,0,5,22,0,0,0,40,50,0,0,0,0,5,0,0,0,5,22,0,0,0,0,0,14,4,10,9,0,5,1,0,0,0,13,0,0,0,0,0,0,0,0
754,L32254,UniqueIdTests$Prefixing,org.junit.platform.engine.UniqueIdTests$Prefixing,L32217,L103,C:\Users\domco\Desktop\DP\repos\junit5\platform-tests\src\test\java\org\junit\platform\engine\UniqueIdTests.java,221,2,261,3,0.0,0,0,0,0.0,0.0,0,0,4,0,0,4,6,0,0,6,10,0.0,0.0,0,0,0,1,0.0,0,0,0,0,0,0,32,41,0,0,0,0,4,0,0,0,4,17,0,0,0,32,41,0,0,0,0,4,0,0,0,4,17,0,0,0,0,0,12,0,6,2,0,4,1,0,0,0,11,0,0,0,0,0,0,0,0
755,L32260,UniqueIdTests$LastSegment,org.junit.platform.engine.UniqueIdTests$LastSegment,L32217,L103,C:\Users\domco\Desktop\DP\repos\junit5\platform-tests\src\test\java\org\junit\platform\engine\UniqueIdTests.java,263,2,284,3,0.0,0,0,0,0.0,0.0,0,0,2,0,0,2,5,0,0,8,10,0.0,0.0,0,0,0,1,0.0,0,0,0,0,0,0,17,22,0,0,0,0,2,0,0,0,2,8,0,0,0,17,22,0,0,0,0,2,0,0,0,2,8,0,0,0,0,0,8,0,4,2,0,2,1,0,0,0,7,0,0,0,0,0,0,0,0
756,L32382,DefaultDiscoveryRequest,org.junit.platform.launcher.core.DefaultDiscoveryRequest,L32341,L103,C:\Users\domco\Desktop\DP\repos\junit5\junit-platform-launcher\src\main\java\org\junit\platform\launcher\core\DefaultDiscoveryRequest.java,34,1,97,2,0.0,0,0,0,0.0,0.0,0,0,0,0,0,7,9,2,2,1,8,0.142857,0.214286,12,12,1,6,0.214286,12,2,2,0,0,1,44,64,6,6,6,6,7,0,6,0,7,14,0,6,0,44,64,6,6,6,6,7,0,6,0,7,14,0,6,0,0,0,20,0,0,0,0,0,0,0,0,0,17,0,0,0,0,0,0,3,0
757,L32429,DefaultLauncher,org.junit.platform.launcher.core.DefaultLauncher,L32341,L103,C:\Users\domco\Desktop\DP\repos\junit5\junit-platform-launcher\src\main\java\org\junit\platform\launcher\core\DefaultLauncher.java,48,1,258,2,0.0,0,0,0,0.0,0.0,0,0,2,2,2,28,25,3,2,39,54,0.2,0.111732,20,16,1,4,0.111732,20,1,1,0,0,1,159,211,4,1,4,1,15,0,4,0,15,84,0,4,0,159,211,4,1,4,1,15,0,4,0,15,84,0,4,0,0,2,34,3,2,4,0,1,1,0,2,0,31,0,2,0,0,0,0,0,0
758,L32566,DefaultLauncherConfig,org.junit.platform.launcher.core.DefaultLauncherConfig,L32341,L103,C:\Users\domco\Desktop\DP\repos\junit5\junit-platform-launcher\src\main\java\org\junit\platform\launcher\core\DefaultLauncherConfig.java,25,1,65,2,0.0,0,0,0,0.0,0.0,0,0,1,0,0,5,3,1,1,0,5,0.2,0.142857,5,5,1,4,0.142857,5,1,1,0,0,1,30,41,4,2,4,2,5,0,4,0,6,8,0,5,0,30,41,4,2,4,2,5,0,4,0,6,8,0,5,0,0,0,13,0,0,0,0,0,0,0,0,0,13,0,0,0,0,0,0,0,0
759,L32593,DelegatingEngineExecutionListener,org.junit.platform.launcher.core.DelegatingEngineExecutionListener,L32341,L103,C:\Users\domco\Desktop\DP\repos\junit5\junit-platform-launcher\src\main\java\org\junit\platform\launcher\core\DelegatingEngineExecutionListener.java,21,1,54,2,0.0,0,0,0,0.0,0.0,0,0,1,0,0,6,4,1,6,5,11,0.166667,0.103448,3,3,1,5,0.103448,3,1,1,1,1,1,26,34,1,0,1,0,6,0,5,0,6,6,0,5,0,26,34,1,0,1,0,6,0,5,0,6,6,0,5,0,0,0,15,0,0,0,0,0,0,0,0,0,15,0,0,0,0,0,0,0,0
760,L32517,EngineDiscoveryErrorDescriptor,org.junit.platform.launcher.core.EngineDiscoveryErrorDescriptor,L32341,L103,C:\Users\domco\Desktop\DP\repos\junit5\junit-platform-launcher\src\main\java\org\junit\platform\launcher\core\EngineDiscoveryErrorDescriptor.java,28,1,51,2,0.0,0,0,0,0.0,0.0,0,0,1,0,0,4,5,1,1,3,7,0.333333,0.392857,11,10,1,2,0.392857,11,2,2,0,0,1,17,24,6,10,1,2,4,0,2,0,28,4,0,24,1,17,24,6,10,1,2,4,0,2,0,28,4,0,24,1,0,0,7,0,1,0,0,1,0,0,0,0,7,0,0,0,0,0,0,0,0
761,L32439,EngineDiscoveryResultValidator,org.junit.platform.launcher.core.EngineDiscoveryResultValidator,L32341,L103,C:\Users\domco\Desktop\DP\repos\junit5\junit-platform-launcher\src\main\java\org\junit\platform\launcher\core\EngineDiscoveryResultValidator.java,28,1,66,2,0.0,0,0,0,0.0,0.0,0,0,1,3,3,6,4,2,4,5,7,1.0,0.341463,14,13,1,0,0.341463,14,0,0,0,0,0,27,39,0,0,0,0,2,0,0,0,2,13,0,0,0,27,39,0,0,0,0,2,0,0,0,2,13,0,0,0,0,0,2,0,2,0,0,2,0,0,0,0,2,0,0,0,0,0,0,0,0
762,L32639,ExecutionListenerAdapter,org.junit.platform.launcher.core.ExecutionListenerAdapter,L32341,L103,C:\Users\domco\Desktop\DP\repos\junit5\junit-platform-launcher\src\main\java\org\junit\platform\launcher\core\ExecutionListenerAdapter.java,27,1,68,2,0.0,0,0,0,0.0,0.0,0,0,1,0,0,7,8,1,1,10,17,0.166667,0.153846,6,6,1,5,0.153846,6,1,1,0,0,1,33,42,2,1,2,1,7,0,5,0,7,10,0,5,0,33,42,2,1,2,1,7,0,5,0,7,10,0,5,0,0,0,17,0,0,0,0,0,0,0,0,0,17,0,0,0,0,0,0,0,0
763,L32482,InternalTestPlan,org.junit.platform.launcher.core.InternalTestPlan,L32341,L103,C:\Users\domco\Desktop\DP\repos\junit5\junit-platform-launcher\src\main\java\org\junit\platform\launcher\core\InternalTestPlan.java,27,1,106,2,0.0,0,0,0,0.0,0.0,0,0,1,1,1,14,6,4,6,14,27,0.1,0.0454545,3,3,1,9,0.0454545,3,1,1,0,0,1,63,80,8,13,4,7,13,0,9,0,24,18,0,19,0,63,80,8,13,4,7,13,0,9,0,24,18,0,19,0,0,0,30,0,4,0,0,3,0,0,0,1,29,0,0,0,0,0,0,1,1.0
764,L32397,LauncherConfigurationParameters,org.junit.platform.launcher.core.LauncherConfigurationParameters,L32341,L103,C:\Users\domco\Desktop\DP\repos\junit5\junit-platform-launcher\src\main\java\org\junit\platform\launcher\core\LauncherConfigurationParameters.java,33,1,143,2,0.0,0,0,0,0.0,0.0,0,0,1,3,3,15,6,3,3,9,17,0.2,0.10989,10,3,1,4,0.10989,10,1,1,0,0,1,81,111,4,2,3,2,8,0,4,0,9,38,1,5,0,81,111,4,2,3,2,8,0,4,0,9,38,1,5,0,0,1,21,2,0,0,0,0,0,0,0,2,19,0,1,0,0,0,0,2,0
765,L12088,LauncherDiscoveryRequestBuilder,org.junit.platform.launcher.core.LauncherDiscoveryRequestBuilder,L32341,L103,C:\Users\domco\Desktop\DP\repos\junit5\junit-platform-launcher\src\main\java\org\junit\platform\launcher\core\LauncherDiscoveryRequestBuilder.java,82,1,257,2,0.0,0,0,0,0.0,0.0,0,0,4,3,1,15,13,45,248,9,19,1.0,0.596244,127,125,9,0,0.596244,127,0,0,0,0,0,86,176,7,1,7,1,10,1,8,0,10,40,1,8,0,86,176,7,1,7,1,10,1,8,0,10,40,1,8,0,0,0,11,1,8,1,0,0,1,0,1,6,4,0,2,0,0,0,0,5,0
766,L32891,LauncherFactory,org.junit.platform.launcher.core.LauncherFactory,L32341,L103,C:\Users\domco\Desktop\DP\repos\junit5\junit-platform-launcher\src\main\java\org\junit\platform\launcher\core\LauncherFactory.java,52,1,102,2,0.0,0,0,0,0.0,0.0,0,0,1,1,1,5,9,9,14,10,13,1.0,0.652174,45,44,3,0,0.652174,45,0,0,0,0,0,24,51,0,0,0,0,3,0,2,0,3,11,0,2,0,24,51,0,0,0,0,3,0,2,0,3,11,0,2,0,0,0,0,0,1,0,0,0,0,0,0,1,0,0,0,0,0,0,0,0,0
767,L32556,OutcomeDelayingEngineExecutionListener,org.junit.platform.launcher.core.OutcomeDelayingEngineExecutionListener,L32341,L103,C:\Users\domco\Desktop\DP\repos\junit5\junit-platform-launcher\src\main\java\org\junit\platform\launcher\core\OutcomeDelayingEngineExecutionListener.java,23,1,90,2,0.0,0,0,0,0.0,0.0,0,0,1,2,1,14,5,1,1,6,12,0.25,0.0983607,6,6,1,3,0.09375,6,2,2,0,0,1,55,65,6,0,5,0,6,0,3,0,12,22,0,8,0,58,68,8,0,7,0,6,2,3,0,12,22,2,8,0,0,0,24,0,2,0,0,2,0,0,0,0,18,0,0,0,0,0,0,6,0
768,L32486,Root,org.junit.platform.launcher.core.Root,L32341,L103,C:\Users\domco\Desktop\DP\repos\junit5\junit-platform-launcher\src\main\java\org\junit\platform\launcher\core\Root.java,31,1,92,2,0.0,0,0,0,0.0,0.0,0,0,2,0,0,11,7,3,4,5,15,0.5,0.301887,16,16,1,1,0.301887,16,0,0,0,0,0,37,62,2,4,2,4,10,0,1,0,10,12,0,1,0,37,62,2,4,2,4,10,0,1,0,10,12,0,1,0,0,0,18,0,7,0,0,7,1,0,0,0,17,0,0,0,0,0,0,0,0
769,L32903,ServiceLoaderTestEngineRegistry,org.junit.platform.launcher.core.ServiceLoaderTestEngineRegistry,L32341,L103,C:\Users\domco\Desktop\DP\repos\junit5\junit-platform-launcher\src\main\java\org\junit\platform\launcher\core\ServiceLoaderTestEngineRegistry.java,30,1,62,2,0.333333,1,2,1,0.333333,0.346154,11,9,3,0,0,4,5,1,1,8,11,0.5,0.16129,5,3,1,1,0.16129,5,0,0,0,0,0,26,33,1,0,1,0,3,0,1,0,3,11,0,1,0,26,33,1,0,1,0,3,0,1,0,3,11,0,1,0,0,0,20,0,0,0,10,0,1,0,0,0,9,0,0,0,0,0,0,0,0
770,L32913,ServiceLoaderTestExecutionListenerRegistry,org.junit.platform.launcher.core.ServiceLoaderTestExecutionListenerRegistry,L32341,L103,C:\Users\domco\Desktop\DP\repos\junit5\junit-platform-launcher\src\main\java\org\junit\platform\launcher\core\ServiceLoaderTestExecutionListenerRegistry.java,26,1,38,2,0.0,0,0,0,0.0,0.0,0,0,1,0,0,1,4,1,1,3,4,1.0,0.230769,3,3,1,0,0.230769,3,0,0,0,0,0,10,13,1,0,1,0,1,0,0,0,1,3,0,0,0,10,13,1,0,1,0,1,0,0,0,1,3,0,0,0,0,0,4,0,1,0,0,1,0,0,0,0,4,0,0,0,0,0,0,0,0
771,L32541,StreamInterceptingTestExecutionListener,org.junit.platform.launcher.core.StreamInterceptingTestExecutionListener,L32341,L103,C:\Users\domco\Desktop\DP\repos\junit5\junit-platform-launcher\src\main\java\org\junit\platform\launcher\core\StreamInterceptingTestExecutionListener.java,35,1,99,2,0.0,0,0,0,0.0,0.0,0,0,1,1,1,16,8,1,1,6,11,0.333333,0.0677966,4,3,1,2,0.0677966,4,2,2,0,0,1,55,65,3,0,3,0,5,0,2,0,12,28,0,9,0,55,65,3,0,3,0,5,0,2,0,12,28,0,9,0,0,0,13,0,3,0,0,2,0,0,0,1,13,0,0,0,0,0,0,0,0
772,L33018,StreamInterceptor,org.junit.platform.launcher.core.StreamInterceptor,L32341,L103,C:\Users\domco\Desktop\DP\repos\junit5\junit-platform-launcher\src\main\java\org\junit\platform\launcher\core\StreamInterceptor.java,23,1,118,2,0.0,0,0,0,0.0,0.0,0,0,1,2,2,15,1,3,6,3,13,0.25,0.046875,3,3,1,3,0.0365854,3,0,0,0,0,0,61,74,4,0,4,0,10,0,3,0,10,25,0,3,0,79,96,5,0,5,0,13,0,3,0,13,33,0,3,0,0,0,32,0,9,0,0,9,0,0,0,0,32,0,0,0,0,0,0,0,0
773,L32435,TestExecutionListenerRegistry,org.junit.platform.launcher.core.TestExecutionListenerRegistry,L32341,L103,C:\Users\domco\Desktop\DP\repos\junit5\junit-platform-launcher\src\main\java\org\junit\platform\launcher\core\TestExecutionListenerRegistry.java,32,1,141,2,0.0,0,0,0,0.0,0.0,0,0,2,1,1,7,5,6,16,1,7,1.0,0.135135,5,3,1,0,0.0581395,5,0,0,0,0,0,32,52,3,2,3,2,6,0,0,0,6,9,0,0,0,81,110,3,2,3,2,15,0,9,0,22,18,0,16,0,0,0,40,1,5,0,0,3,2,0,0,0,38,2,1,0,0,0,0,0,0
774,L33199,LauncherFactoryForTestingPurposesOnly,org.junit.platform.launcher.core.LauncherFactoryForTestingPurposesOnly,L32341,L103,C:\Users\domco\Desktop\DP\repos\junit5\junit-platform-launcher\src\testFixtures\java\org\junit\platform\launcher\core\LauncherFactoryForTestingPurposesOnly.java,19,1,29,2,0.0,0,0,0,0.0,0.0,0,0,1,0,0,1,5,7,50,6,7,0.5,0.4375,7,3,1,1,0.4375,7,0,0,0,0,0,9,11,0,0,0,0,1,0,1,0,1,1,0,1,0,9,11,0,0,0,0,1,0,1,0,1,1,0,1,0,0,0,1,0,0,0,0,0,0,0,0,0,1,0,0,0,0,0,0,0,0
775,L33204,DefaultLauncherTests,org.junit.platform.launcher.core.DefaultLauncherTests,L32341,L103,C:\Users\domco\Desktop\DP\repos\junit5\platform-tests\src\test\java\org\junit\platform\launcher\core\DefaultLauncherTests.java,79,1,769,2,0.176724,2,6,6,0.121563,0.125899,84,70,25,1,1,36,45,0,0,48,84,1.0,0.0770791,38,3,1,0,0.0639731,38,0,0,0,0,0,455,580,3,0,3,0,36,0,0,0,36,262,0,0,0,556,691,13,64,3,2,50,0,14,0,188,313,4,148,2,0,0,202,10,62,25,37,37,2,0,12,1,141,0,9,0,0,0,0,10,1.0
776,L33374,EngineDiscoveryResultValidatorTests,org.junit.platform.launcher.core.EngineDiscoveryResultValidatorTests,L32341,L103,C:\Users\domco\Desktop\DP\repos\junit5\platform-tests\src\test\java\org\junit\platform\launcher\core\EngineDiscoveryResultValidatorTests.java,24,1,69,2,0.0,0,0,0,0.0,0.0,0,0,1,0,0,3,7,0,0,8,11,1.0,0.0731707,3,3,1,0,0.0731707,3,0,0,0,0,0,38,46,1,0,1,0,3,0,0,0,3,26,0,0,0,38,46,1,0,1,0,3,0,0,0,3,26,0,0,0,0,0,8,2,12,9,0,3,0,0,0,0,8,0,2,0,0,0,0,0,0
777,L33382,ExecutionListenerAdapterTests,org.junit.platform.launcher.core.ExecutionListenerAdapterTests,L32341,L103,C:\Users\domco\Desktop\DP\repos\junit5\platform-tests\src\test\java\org\junit\platform\launcher\core\ExecutionListenerAdapterTests.java,32,1,79,2,0.0,0,0,0,0.0,0.0,0,0,2,0,0,3,12,0,0,12,15,1.0,0.225806,7,5,1,0,0.175,7,0,0,0,0,0,24,36,0,1,0,1,3,0,0,0,3,13,0,0,0,33,48,2,1,2,1,4,2,1,0,10,15,2,7,0,0,0,19,0,4,1,0,2,1,0,1,0,11,1,0,0,0,0,0,6,0
778,L33408,LauncherConfigTests,org.junit.platform.launcher.core.LauncherConfigTests,L32341,L103,C:\Users\domco\Desktop\DP\repos\junit5\platform-tests\src\test\java\org\junit\platform\launcher\core\LauncherConfigTests.java,29,1,97,2,0.0,0,0,0,0.0,0.0,0,0,6,0,0,6,8,0,0,14,20,1.0,0.0877193,5,5,1,0,0.0877193,5,0,0,0,0,0,52,69,0,0,0,0,6,0,0,0,6,23,0,0,0,52,69,0,0,0,0,6,0,0,0,27,23,0,21,0,0,0,24,0,12,6,0,6,1,0,0,0,23,0,0,0,0,0,0,0,0
779,L33426,LauncherConfigurationParametersTests,org.junit.platform.launcher.core.LauncherConfigurationParametersTests,L32341,L103,C:\Users\domco\Desktop\DP\repos\junit5\platform-tests\src\test\java\org\junit\platform\launcher\core\LauncherConfigurationParametersTests.java,39,1,177,2,0.0,0,0,0,0.0,0.0,0,0,2,0,0,15,16,0,0,16,31,1.0,0.0648148,7,5,1,0,0.0645161,8,0,0,0,0,0,101,121,5,4,5,4,15,0,0,0,15,46,0,0,0,116,139,6,4,6,4,17,1,1,0,17,49,1,1,0,0,0,50,2,26,12,0,14,1,0,1,1,42,0,1,0,0,0,0,6,0
780,L33480,LauncherDiscoveryRequestBuilderTests,org.junit.platform.launcher.core.LauncherDiscoveryRequestBuilderTests,L32341,L103,C:\Users\domco\Desktop\DP\repos\junit5\platform-tests\src\test\java\org\junit\platform\launcher\core\LauncherDiscoveryRequestBuilderTests.java,56,1,386,2,0.0851819,1,2,2,0.0785498,0.083682,26,20,2,1,1,4,0,1,1,0,3,1.0,0.166667,3,3,1,0,0.146429,41,0,0,0,0,0,15,24,0,0,0,0,3,0,0,0,3,4,0,0,0,239,331,0,0,0,0,25,0,0,0,25,94,0,0,0,0,0,90,10,32,7,19,23,5,0,3,3,63,2,7,0,0,0,0,0,0
781,L33552,LauncherFactoryTests,org.junit.platform.launcher.core.LauncherFactoryTests,L32341,L103,C:\Users\domco\Desktop\DP\repos\junit5\platform-tests\src\test\java\org\junit\platform\launcher\core\LauncherFactoryTests.java,35,1,115,2,0.0,0,0,0,0.0,0.0,0,0,3,0,0,5,18,0,0,15,20,1.0,0.206897,12,3,1,0,0.176471,12,0,0,0,0,0,46,67,0,0,0,0,5,0,0,0,5,19,0,0,0,56,81,0,0,0,0,7,0,1,0,7,19,0,1,0,0,0,20,1,10,4,0,5,1,0,1,0,18,2,0,0,0,0,0,0,0
782,L33573,StreamInterceptingTestExecutionListenerIntegrationTests,org.junit.platform.launcher.core.StreamInterceptingTestExecutionListenerIntegrationTests,L32341,L103,C:\Users\domco\Desktop\DP\repos\junit5\platform-tests\src\test\java\org\junit\platform\launcher\core\StreamInterceptingTestExecutionListenerIntegrationTests.java,59,1,153,2,0.0,0,0,0,0.0,0.0,0,0,3,0,0,4,20,0,0,17,21,1.0,0.185714,13,3,1,0,0.149425,13,0,0,0,0,0,57,75,0,0,0,0,4,0,0,0,4,28,0,0,0,74,95,1,0,1,0,6,0,2,0,6,36,0,2,0,0,0,20,0,2,0,0,2,1,0,3,0,15,0,0,1,0,0,0,0,0
783,L33606,StreamInterceptorTests,org.junit.platform.launcher.core.StreamInterceptorTests,L32341,L103,C:\Users\domco\Desktop\DP\repos\junit5\platform-tests\src\test\java\org\junit\platform\launcher\core\StreamInterceptorTests.java,28,1,103,2,0.0,0,0,0,0.0,0.0,0,0,1,2,2,4,3,0,0,8,12,1.0,0.126761,9,3,1,0,0.126761,9,0,0,0,0,0,62,76,2,0,2,0,4,0,0,0,4,32,0,0,0,62,76,2,0,2,0,4,0,0,0,4,32,0,0,0,0,0,10,1,17,13,0,4,0,0,0,1,10,0,0,0,0,0,0,0,0
784,L33630,TestExecutionListenerRegistryTests,org.junit.platform.launcher.core.TestExecutionListenerRegistryTests,L32341,L103,C:\Users\domco\Desktop\DP\repos\junit5\platform-tests\src\test\java\org\junit\platform\launcher\core\TestExecutionListenerRegistryTests.java,35,1,251,2,0.106007,1,2,2,0.0921659,0.0946746,20,16,1,0,0,17,16,0,0,17,34,0.0,0.0,0,0,0,1,0.0,0,0,0,0,0,0,120,161,2,2,2,2,17,0,0,1,17,48,0,0,1,169,217,2,2,2,2,28,0,11,1,49,59,0,32,1,0,0,87,10,15,2,12,12,2,0,1,10,71,0,1,1,0,0,0,0,0
785,L33822,LauncherDiscoveryListener$1,org.junit.platform.launcher.LauncherDiscoveryListener$1,L11886,L103,C:\Users\domco\Desktop\DP\repos\junit5\junit-platform-launcher\src\main\java\org\junit\platform\launcher\LauncherDiscoveryListener.java,46,87,47,3,0.0,0,0,0,0.0,0.0,0,0,0,0,0,0,1,0,0,0,0,0.0,0.0,0,0,0,1,0.0,0,2,2,0,0,1,2,2,2,0,0,0,0,0,0,0,3,0,2,3,0,2,2,2,0,0,0,0,0,0,0,3,0,2,3,0,0,0,5,0,0,0,0,0,0,0,0,0,3,0,0,0,0,0,0,2,0
786,L34014,LegacyReportingUtils,org.junit.platform.launcher.listeners.LegacyReportingUtils,L33835,L103,C:\Users\domco\Desktop\DP\repos\junit5\junit-platform-launcher\src\main\java\org\junit\platform\launcher\listeners\LegacyReportingUtils.java,29,1,85,2,0.0,0,0,0,0.0,0.0,0,0,0,2,2,7,4,2,2,4,9,1.0,0.483333,29,24,2,0,0.483333,29,0,0,0,0,0,31,57,0,4,0,4,5,0,1,0,5,12,0,1,0,31,57,0,4,0,4,5,0,1,0,5,12,0,1,0,0,0,2,0,1,0,0,0,0,0,0,1,2,0,0,0,0,0,0,0,0
787,L34032,LoggingListener,org.junit.platform.launcher.listeners.LoggingListener,L33835,L103,C:\Users\domco\Desktop\DP\repos\junit5\junit-platform-launcher\src\main\java\org\junit\platform\launcher\listeners\LoggingListener.java,37,1,130,2,0.0,0,0,0,0.0,0.0,0,0,1,0,0,12,5,0,0,4,16,0.4,0.455556,41,41,4,6,0.455556,41,1,1,0,0,1,49,94,1,0,1,0,12,0,9,0,13,14,0,10,0,49,94,1,0,1,0,12,0,9,0,13,14,0,10,0,0,0,19,0,2,0,0,1,0,0,0,1,19,0,0,0,0,0,0,0,0
788,L34076,MutableTestExecutionSummary,org.junit.platform.launcher.listeners.MutableTestExecutionSummary,L33835,L103,C:\Users\domco\Desktop\DP\repos\junit5\junit-platform-launcher\src\main\java\org\junit\platform\launcher\listeners\MutableTestExecutionSummary.java,32,1,303,2,0.0,0,0,0,0.0,0.0,0,0,3,2,2,43,6,1,1,7,34,0.05,0.0336538,7,5,1,19,0.0311111,7,1,1,0,0,1,201,250,22,16,22,16,27,0,19,0,27,68,0,19,0,218,272,25,18,25,18,30,0,21,0,30,72,0,21,0,0,0,78,0,16,2,0,14,1,0,1,0,66,0,0,0,0,0,0,10,0
789,L1989,SummaryGeneratingListener,org.junit.platform.launcher.listeners.SummaryGeneratingListener,L33835,L103,C:\Users\domco\Desktop\DP\repos\junit5\junit-platform-launcher\src\main\java\org\junit\platform\launcher\listeners\SummaryGeneratingListener.java,32,1,133,2,0.0,0,0,0,0.0,0.0,0,0,1,2,2,20,8,5,11,7,14,0.25,0.126316,12,10,2,6,0.126316,12,1,1,0,0,1,83,102,2,1,2,1,7,0,7,0,8,34,0,8,0,83,102,2,1,2,1,7,0,7,0,8,34,0,8,0,0,0,15,0,0,0,0,0,0,0,0,0,15,0,0,0,0,0,0,0,0
790,L34280,NoopTestExecutionListener,org.junit.platform.launcher.listeners.NoopTestExecutionListener,L33835,L103,C:\Users\domco\Desktop\DP\repos\junit5\platform-tests\src\test\java\org\junit\platform\launcher\listeners\NoopTestExecutionListener.java,18,1,20,2,0.0,0,0,0,0.0,0.0,0,0,0,0,0,0,1,0,0,0,0,1.0,0.666667,4,3,1,0,0.666667,4,1,1,0,0,1,2,3,0,0,0,0,0,0,0,0,7,0,0,7,0,2,3,0,0,0,0,0,0,0,0,7,0,0,7,0,0,0,0,0,0,0,0,0,0,0,0,0,0,0,0,0,0,0,0,0,0
791,L34283,SummaryGenerationTests,org.junit.platform.launcher.listeners.SummaryGenerationTests,L33835,L103,C:\Users\domco\Desktop\DP\repos\junit5\platform-tests\src\test\java\org\junit\platform\launcher\listeners\SummaryGenerationTests.java,37,1,258,2,0.229141,2,4,4,0.166667,0.171271,37,31,1,1,1,10,10,0,0,23,32,0.5,0.202899,42,3,1,1,0.188341,42,0,0,0,0,0,165,202,2,0,2,0,9,0,1,0,9,88,0,1,0,181,222,7,40,2,4,13,0,5,0,121,92,0,105,4,0,2,98,3,13,10,52,4,0,0,4,2,39,0,2,0,0,0,0,3,0
792,L34366,DequeStack<T extends Object>,org.junit.platform.launcher.tagexpression.DequeStack,L34343,L103,C:\Users\domco\Desktop\DP\repos\junit5\junit-platform-launcher\src\main\java\org\junit\platform\launcher\tagexpression\DequeStack.java,19,1,48,2,0.0,0,0,0,0.0,0.0,0,0,1,0,0,5,1,0,0,0,5,0.166667,0.115385,3,3,1,5,0.115385,3,1,1,0,0,1,23,30,1,0,1,0,5,0,5,0,5,5,0,5,0,23,30,1,0,1,0,5,0,5,0,5,5,0,5,0,0,0,13,0,0,0,0,0,0,0,0,0,13,0,0,0,0,0,0,0,0
793,L34392,Operator,org.junit.platform.launcher.tagexpression.Operator,L34343,L103,C:\Users\domco\Desktop\DP\repos\junit5\junit-platform-launcher\src\main\java\org\junit\platform\launcher\tagexpression\Operator.java,25,1,138,2,0.0,0,0,0,0.0,0.0,0,0,1,2,2,18,7,2,10,5,17,1.0,0.0434783,3,3,1,0,0.04,3,0,0,0,0,0,66,108,5,0,5,0,12,0,0,0,12,26,0,0,0,72,114,7,0,7,0,13,2,1,0,13,26,2,1,0,0,0,40,0,15,0,0,14,0,0,0,0,34,0,1,0,0,0,0,6,0
794,L34499,Operators,org.junit.platform.launcher.tagexpression.Operators,L34343,L103,C:\Users\domco\Desktop\DP\repos\junit5\junit-platform-launcher\src\main\java\org\junit\platform\launcher\tagexpression\Operators.java,24,1,41,2,0.0,0,0,0,0.0,0.0,0,0,1,0,0,2,1,1,1,2,4,1.0,0.1875,3,3,1,0,0.1875,3,0,0,0,0,0,13,18,4,0,4,0,2,0,0,0,2,2,0,0,0,13,18,4,0,4,0,2,0,0,0,2,2,0,0,0,0,0,6,0,2,0,0,2,0,0,0,0,6,0,0,0,0,0,0,0,0
795,L34522,Parser,org.junit.platform.launcher.tagexpression.Parser,L34343,L103,C:\Users\domco\Desktop\DP\repos\junit5\junit-platform-launcher\src\main\java\org\junit\platform\launcher\tagexpression\Parser.java,18,1,34,2,0.0,0,0,0,0.0,0.0,0,0,1,0,0,3,4,3,3,3,6,1.0,0.2,3,3,1,0,0.2,3,0,0,0,0,0,12,17,1,0,1,0,3,0,0,0,3,3,0,0,0,12,17,1,0,1,0,3,0,0,0,3,3,0,0,0,0,0,8,0,1,0,0,1,0,0,0,0,8,0,0,0,0,0,0,0,0
796,L34569,ParseResults,org.junit.platform.launcher.tagexpression.ParseResults,L34343,L103,C:\Users\domco\Desktop\DP\repos\junit5\junit-platform-launcher\src\main\java\org\junit\platform\launcher\tagexpression\ParseResults.java,18,1,42,2,0.0,0,0,0,0.0,0.0,0,0,2,0,0,3,2,1,1,0,3,1.0,0.25,4,3,1,0,0.166667,4,0,0,0,0,0,12,17,0,0,0,0,3,0,0,0,3,2,0,0,0,20,25,0,0,0,0,5,0,2,0,9,4,0,6,0,0,0,16,0,3,0,0,2,1,0,0,1,15,0,0,0,0,0,0,0,0
797,L34409,ParseStatus,org.junit.platform.launcher.tagexpression.ParseStatus,L34343,L103,C:\Users\domco\Desktop\DP\repos\junit5\junit-platform-launcher\src\main\java\org\junit\platform\launcher\tagexpression\ParseStatus.java,18,1,84,2,0.0,0,0,0,0.0,0.0,0,0,1,1,1,15,3,3,8,2,16,0.333333,0.0555556,3,3,1,2,0.0555556,3,0,0,0,0,0,51,67,1,0,1,0,14,0,2,0,14,18,0,2,0,51,67,1,0,1,0,14,0,2,0,14,18,0,2,0,0,0,31,0,11,0,0,10,0,0,0,1,31,0,0,0,0,0,0,0,0
798,L34548,ShuntingYard,org.junit.platform.launcher.tagexpression.ShuntingYard,L34343,L103,C:\Users\domco\Desktop\DP\repos\junit5\junit-platform-launcher\src\main\java\org\junit\platform\launcher\tagexpression\ShuntingYard.java,32,1,164,2,0.0,0,0,0,0.0,0.0,0,0,1,2,2,31,10,1,1,28,40,0.5,0.072,9,7,1,1,0.072,9,0,0,0,0,0,116,133,8,0,8,0,12,0,1,0,12,61,0,1,0,116,133,8,0,8,0,12,0,1,0,12,61,0,1,0,0,0,28,0,0,0,0,0,0,0,0,0,27,0,0,0,0,0,0,1,0
799,L34745,TagExpressions,org.junit.platform.launcher.tagexpression.TagExpressions,L34343,L103,C:\Users\domco\Desktop\DP\repos\junit5\junit-platform-launcher\src\main\java\org\junit\platform\launcher\tagexpression\TagExpressions.java,20,1,107,2,0.40201,1,2,2,0.295455,0.32,26,24,6,0,0,6,2,2,11,1,7,1.0,0.1,3,3,1,0,0.0384615,3,0,0,0,0,0,27,34,0,0,0,0,6,0,0,0,6,7,0,0,0,75,88,0,0,0,0,18,0,12,0,24,19,0,18,0,0,0,110,0,8,0,47,7,7,0,0,0,56,0,0,0,0,1,0,0,0
800,L34426,Token,org.junit.platform.launcher.tagexpression.Token,L34343,L103,C:\Users\domco\Desktop\DP\repos\junit5\junit-platform-launcher\src\main\java\org\junit\platform\launcher\tagexpression\Token.java,16,1,51,2,0.0,0,0,0,0.0,0.0,0,0,1,0,0,7,0,9,9,0,7,0.166667,0.1,3,3,1,5,0.1,3,0,0,0,0,0,27,36,2,0,2,0,7,0,5,0,7,9,0,5,0,27,36,2,0,2,0,7,0,5,0,7,9,0,5,0,0,0,17,0,3,0,0,3,0,0,0,0,17,0,0,0,0,0,0,0,0
801,L34526,Tokenizer,org.junit.platform.launcher.tagexpression.Tokenizer,L34343,L103,C:\Users\domco\Desktop\DP\repos\junit5\junit-platform-launcher\src\main\java\org\junit\platform\launcher\tagexpression\Tokenizer.java,24,1,41,2,0.0,0,0,0,0.0,0.0,0,0,1,1,1,3,1,3,3,1,2,1.0,0.166667,3,3,1,0,0.166667,3,0,0,0,0,0,15,18,1,0,1,0,1,0,0,0,1,7,0,0,0,15,18,1,0,1,0,1,0,0,0,1,7,0,0,0,0,0,4,0,1,0,0,1,0,0,0,0,4,0,0,0,0,0,0,0,0
802,L34415,TokenWith<T extends Object>,org.junit.platform.launcher.tagexpression.TokenWith,L34343,L103,C:\Users\domco\Desktop\DP\repos\junit5\junit-platform-launcher\src\main\java\org\junit\platform\launcher\tagexpression\TokenWith.java,16,1,26,2,0.0,0,0,0,0.0,0.0,0,0,0,0,0,1,1,4,2,0,1,1.0,0.272727,3,3,1,0,0.272727,3,0,0,0,0,0,8,11,2,0,2,0,1,0,0,0,1,2,0,0,0,8,11,2,0,2,0,1,0,0,0,1,2,0,0,0,0,0,2,0,2,0,0,2,0,0,0,0,2,0,0,0,0,0,0,0,0
803,L34832,ParserErrorTests,org.junit.platform.launcher.tagexpression.ParserErrorTests,L34343,L103,C:\Users\domco\Desktop\DP\repos\junit5\platform-tests\src\test\java\org\junit\platform\launcher\tagexpression\ParserErrorTests.java,23,1,107,2,0.0,0,0,0,0.0,0.0,0,0,2,1,1,10,6,0,0,3,12,0.0,0.028169,2,0,0,1,0.028169,2,0,0,0,0,0,69,85,1,0,1,0,9,0,0,0,9,16,0,0,0,69,85,1,0,1,0,9,0,0,0,9,16,0,0,0,0,0,22,1,10,3,0,7,1,0,0,1,21,0,0,0,0,0,0,0,0
804,L34850,ParserTests,org.junit.platform.launcher.tagexpression.ParserTests,L34343,L103,C:\Users\domco\Desktop\DP\repos\junit5\platform-tests\src\test\java\org\junit\platform\launcher\tagexpression\ParserTests.java,23,1,82,2,0.0,0,0,0,0.0,0.0,0,0,2,0,0,8,7,0,0,3,11,0.0,0.04,2,0,0,1,0.04,2,0,0,0,0,0,48,60,1,0,1,0,8,0,0,0,8,8,0,0,0,48,60,1,0,1,0,8,0,0,0,8,8,0,0,0,0,0,20,0,6,0,0,6,1,0,0,0,19,0,0,0,0,0,0,0,0
805,L34866,TagExpressionsTests,org.junit.platform.launcher.tagexpression.TagExpressionsTests,L34343,L103,C:\Users\domco\Desktop\DP\repos\junit5\platform-tests\src\test\java\org\junit\platform\launcher\tagexpression\TagExpressionsTests.java,31,1,114,2,0.0,0,0,0,0.0,0.0,0,0,7,0,0,13,6,0,0,9,22,0.0,0.0,0,0,0,1,0.0,0,0,0,0,0,0,68,84,2,0,2,0,13,0,0,0,13,25,0,0,0,68,84,2,0,2,0,13,0,0,0,13,25,0,0,0,0,0,30,3,21,8,0,13,1,0,0,1,29,0,2,0,0,0,0,0,0
806,L34892,TokenizerTests,org.junit.platform.launcher.tagexpression.TokenizerTests,L34343,L103,C:\Users\domco\Desktop\DP\repos\junit5\platform-tests\src\test\java\org\junit\platform\launcher\tagexpression\TokenizerTests.java,21,1,96,2,0.0,0,0,0,0.0,0.0,0,0,1,0,0,13,3,0,0,1,14,0.0,0.0,0,0,0,1,0.0,0,0,0,0,0,0,63,76,0,0,0,0,13,0,0,0,13,25,0,0,0,63,76,0,0,0,0,13,0,0,0,13,25,0,0,0,0,0,29,3,21,12,0,9,0,0,0,0,29,0,3,0,0,0,0,0,0
807,L34919,TokenTests,org.junit.platform.launcher.tagexpression.TokenTests,L34343,L103,C:\Users\domco\Desktop\DP\repos\junit5\platform-tests\src\test\java\org\junit\platform\launcher\tagexpression\TokenTests.java,19,1,52,2,0.0,0,0,0,0.0,0.0,0,0,4,0,0,4,3,0,0,6,10,0.0,0.0,0,0,0,1,0.0,0,0,0,0,0,0,29,34,0,0,0,0,4,0,0,0,4,15,0,0,0,29,34,0,0,0,0,4,0,0,0,4,15,0,0,0,0,0,12,0,8,4,0,4,1,0,0,0,11,0,0,0,0,0,0,0,0
808,L35113,TagFilterTests$ClassWithTag1,org.junit.platform.launcher.TagFilterTests$ClassWithTag1,L35107,L103,C:\Users\domco\Desktop\DP\repos\junit5\platform-tests\src\test\java\org\junit\platform\launcher\TagFilterTests.java,180,2,182,3,0.0,0,0,0,0.0,0.0,0,0,0,0,0,0,1,0,0,0,0,0.0,0.0,0,0,0,1,0.0,0,0,0,0,0,0,3,3,0,0,0,0,0,0,0,0,0,0,0,0,0,3,3,0,0,0,0,0,0,0,0,0,0,0,0,0,0,0,3,0,0,0,0,0,0,0,0,0,3,0,0,0,0,0,0,0,0
809,L35117,TagFilterTests$ClassWithTag1AndSurroundingWhitespace,org.junit.platform.launcher.TagFilterTests$ClassWithTag1AndSurroundingWhitespace,L35107,L103,C:\Users\domco\Desktop\DP\repos\junit5\platform-tests\src\test\java\org\junit\platform\launcher\TagFilterTests.java,184,2,186,3,0.0,0,0,0,0.0,0.0,0,0,0,0,0,0,1,0,0,0,0,0.0,0.0,0,0,0,1,0.0,0,0,0,0,0,0,3,3,0,0,0,0,0,0,0,0,0,0,0,0,0,3,3,0,0,0,0,0,0,0,0,0,0,0,0,0,0,0,3,0,0,0,0,0,0,0,0,0,3,0,0,0,0,0,0,0,0
810,L35121,TagFilterTests$ClassWithTag2,org.junit.platform.launcher.TagFilterTests$ClassWithTag2,L35107,L103,C:\Users\domco\Desktop\DP\repos\junit5\platform-tests\src\test\java\org\junit\platform\launcher\TagFilterTests.java,188,2,190,3,0.0,0,0,0,0.0,0.0,0,0,0,0,0,0,1,0,0,0,0,0.0,0.0,0,0,0,1,0.0,0,0,0,0,0,0,3,3,0,0,0,0,0,0,0,0,0,0,0,0,0,3,3,0,0,0,0,0,0,0,0,0,0,0,0,0,0,0,3,0,0,0,0,0,0,0,0,0,3,0,0,0,0,0,0,0,0
811,L35125,TagFilterTests$ClassWithBothTags,org.junit.platform.launcher.TagFilterTests$ClassWithBothTags,L35107,L103,C:\Users\domco\Desktop\DP\repos\junit5\platform-tests\src\test\java\org\junit\platform\launcher\TagFilterTests.java,192,2,195,3,0.0,0,0,0,0.0,0.0,0,0,0,0,0,0,2,0,0,0,0,0.0,0.0,0,0,0,1,0.0,0,0,0,0,0,0,4,4,0,0,0,0,0,0,0,0,0,0,0,0,0,4,4,0,0,0,0,0,0,0,0,0,0,0,0,0,0,0,3,0,0,0,0,0,0,0,0,0,3,0,0,0,0,0,0,0,0
812,L35129,TagFilterTests$ClassWithDifferentTags,org.junit.platform.launcher.TagFilterTests$ClassWithDifferentTags,L35107,L103,C:\Users\domco\Desktop\DP\repos\junit5\platform-tests\src\test\java\org\junit\platform\launcher\TagFilterTests.java,197,2,200,3,0.0,0,0,0,0.0,0.0,0,0,0,0,0,0,1,0,0,0,0,0.0,0.0,0,0,0,1,0.0,0,0,0,0,0,0,4,4,0,0,0,0,0,0,0,0,0,0,0,0,0,4,4,0,0,0,0,0,0,0,0,0,0,0,0,0,0,0,3,0,0,0,0,0,0,0,0,0,3,0,0,0,0,0,0,0,0
813,L35133,TagFilterTests$ClassWithNoTags,org.junit.platform.launcher.TagFilterTests$ClassWithNoTags,L35107,L103,C:\Users\domco\Desktop\DP\repos\junit5\platform-tests\src\test\java\org\junit\platform\launcher\TagFilterTests.java,202,2,204,3,0.0,0,0,0,0.0,0.0,0,0,0,0,0,0,1,0,0,0,0,0.0,0.25,1,0,0,1,0.25,1,0,0,0,0,0,3,3,0,0,0,0,0,0,0,0,0,0,0,0,0,3,3,0,0,0,0,0,0,0,0,0,0,0,0,0,0,0,1,0,0,0,0,0,0,0,0,0,1,0,0,0,0,0,0,0,0
814,L35200,TagIntegrationTests$TaggedTestCase,org.junit.platform.launcher.TagIntegrationTests$TaggedTestCase,L35180,L103,C:\Users\domco\Desktop\DP\repos\junit5\platform-tests\src\test\java\org\junit\platform\launcher\TagIntegrationTests.java,90,2,121,3,0.0,0,0,0,0.0,0.0,0,0,4,0,0,4,2,1,0,0,4,0.0,0.0,0,0,0,1,0.0,0,0,0,0,0,0,26,32,4,0,4,0,4,0,0,0,4,4,0,0,0,26,32,4,0,4,0,4,0,0,0,4,4,0,0,0,0,0,12,4,12,4,0,8,1,0,0,0,11,0,0,0,0,4,0,0,0
815,L35261,LegacyReportingUtils,org.junit.platform.reporting.legacy.LegacyReportingUtils,L35254,L103,C:\Users\domco\Desktop\DP\repos\junit5\junit-platform-reporting\src\main\java\org\junit\platform\reporting\legacy\LegacyReportingUtils.java,29,1,56,2,0.0,0,0,0,0.0,0.0,0,0,0,0,0,2,3,2,2,1,3,1.0,0.742857,26,25,2,0,0.742857,26,0,0,0,0,0,9,28,0,1,0,1,2,0,1,0,2,1,0,1,0,9,28,0,1,0,1,2,0,1,0,2,1,0,1,0,0,0,0,0,0,0,0,0,0,0,0,0,0,0,0,0,0,0,0,0,0
816,L35797,LegacyReportingUtilsTests,org.junit.platform.reporting.legacy.LegacyReportingUtilsTests,L35254,L103,C:\Users\domco\Desktop\DP\repos\junit5\platform-tests\src\test\java\org\junit\platform\reporting\legacy\LegacyReportingUtilsTests.java,28,1,91,2,0.0,0,0,0,0.0,0.0,0,0,1,0,0,5,9,0,0,10,15,1.0,0.0588235,3,3,1,0,0.0545455,3,0,0,0,0,0,48,60,1,2,1,2,5,0,0,0,5,29,0,0,0,52,64,6,11,1,3,6,0,1,0,31,30,0,24,1,0,0,17,1,5,2,0,2,0,0,0,1,17,0,1,0,0,0,0,0,0
817,L36086,JUnitPlatformRunnerTests$Discovery,org.junit.platform.runner.JUnitPlatformRunnerTests$Discovery,L36083,L103,C:\Users\domco\Desktop\DP\repos\junit5\platform-tests\src\test\java\org\junit\platform\runner\JUnitPlatformRunnerTests.java,104,2,468,3,0.557888,6,14,14,0.553425,0.585551,202,154,22,0,0,22,45,0,0,26,48,0.0,0.0,0,0,0,1,0.0,0,0,0,0,0,0,201,303,0,0,0,0,22,0,0,0,22,132,0,0,0,263,365,0,0,0,0,22,0,0,0,22,132,0,0,0,0,0,273,7,33,11,159,22,1,0,2,0,110,0,7,0,0,0,0,1,0
818,L36206,JUnitPlatformRunnerTests$Filtering,org.junit.platform.runner.JUnitPlatformRunnerTests$Filtering,L36083,L103,C:\Users\domco\Desktop\DP\repos\junit5\platform-tests\src\test\java\org\junit\platform\runner\JUnitPlatformRunnerTests.java,470,2,518,3,0.0,0,0,0,0.0,0.0,0,0,2,0,0,2,15,0,0,17,19,0.0,0.0,0,0,0,1,0.0,0,0,0,0,0,0,36,49,0,0,0,0,2,0,0,0,2,26,0,0,0,36,49,0,0,0,0,2,0,0,0,2,26,0,0,0,0,0,10,4,3,1,0,2,1,0,2,1,7,0,3,0,0,0,0,0,0
819,L36214,JUnitPlatformRunnerTests$Execution,org.junit.platform.runner.JUnitPlatformRunnerTests$Execution,L36083,L103,C:\Users\domco\Desktop\DP\repos\junit5\platform-tests\src\test\java\org\junit\platform\runner\JUnitPlatformRunnerTests.java,520,2,613,3,0.0,0,0,0,0.0,0.0,0,0,3,0,0,3,14,0,0,14,17,0.0,0.0151515,1,0,0,1,0.0151515,1,0,0,0,0,0,65,94,0,0,0,0,3,0,0,0,3,49,0,0,0,65,94,0,0,0,0,3,0,0,0,3,49,0,0,0,0,0,12,5,3,0,0,3,1,0,2,3,9,0,2,0,0,0,0,0,0
820,L36225,JUnitPlatformRunnerTests$Descriptions,org.junit.platform.runner.JUnitPlatformRunnerTests$Descriptions,L36083,L103,C:\Users\domco\Desktop\DP\repos\junit5\platform-tests\src\test\java\org\junit\platform\runner\JUnitPlatformRunnerTests.java,615,2,723,3,0.693989,1,2,2,0.642202,0.674419,70,58,6,0,0,6,19,0,0,15,21,0.0,0.0549451,5,0,0,1,0.0549451,5,0,0,0,0,0,86,109,0,0,0,0,6,0,0,0,6,32,0,0,0,86,109,0,0,0,0,6,0,0,0,6,32,0,0,0,0,0,36,3,8,2,19,6,1,0,3,2,13,0,1,0,0,0,0,0,0
821,L36198,JUnitPlatformRunnerTests$TestClass,org.junit.platform.runner.JUnitPlatformRunnerTests$TestClass,L36083,L103,C:\Users\domco\Desktop\DP\repos\junit5\platform-tests\src\test\java\org\junit\platform\runner\JUnitPlatformRunnerTests.java,752,2,753,3,0.0,0,0,0,0.0,0.0,0,0,0,0,0,0,0,4,0,0,0,0.0,0.0,0,0,0,1,0.0,0,0,0,0,0,0,2,2,0,0,0,0,0,0,0,0,0,0,0,0,0,2,2,0,0,0,0,0,0,0,0,0,0,0,0,0,0,0,3,0,0,0,0,0,0,0,0,0,3,0,0,0,0,0,0,0,0
822,L36242,JUnitPlatformRunnerTests$TestClassWithTechnicalNames,org.junit.platform.runner.JUnitPlatformRunnerTests$TestClassWithTechnicalNames,L36083,L103,C:\Users\domco\Desktop\DP\repos\junit5\platform-tests\src\test\java\org\junit\platform\runner\JUnitPlatformRunnerTests.java,755,2,757,3,0.0,0,0,0,0.0,0.0,0,0,0,0,0,0,1,1,0,0,0,0.0,0.0,0,0,0,1,0.0,0,0,0,0,0,0,3,3,0,0,0,0,0,0,0,0,0,0,0,0,0,3,3,0,0,0,0,0,0,0,0,0,0,0,0,0,0,0,3,0,0,0,0,0,0,0,0,0,3,0,0,0,0,0,0,0,0
823,L36228,JUnitPlatformRunnerTests$TestSuiteWithDefaultDisplayName,org.junit.platform.runner.JUnitPlatformRunnerTests$TestSuiteWithDefaultDisplayName,L36083,L103,C:\Users\domco\Desktop\DP\repos\junit5\platform-tests\src\test\java\org\junit\platform\runner\JUnitPlatformRunnerTests.java,759,2,760,3,0.0,0,0,0,0.0,0.0,0,0,0,0,0,0,0,1,0,0,0,0.0,0.0,0,0,0,1,0.0,0,0,0,0,0,0,2,2,0,0,0,0,0,0,0,0,0,0,0,0,0,2,2,0,0,0,0,0,0,0,0,0,0,0,0,0,0,0,3,0,0,0,0,0,0,0,0,0,3,0,0,0,0,0,0,0,0
824,L36232,JUnitPlatformRunnerTests$TestSuiteWithCustomDisplayName,org.junit.platform.runner.JUnitPlatformRunnerTests$TestSuiteWithCustomDisplayName,L36083,L103,C:\Users\domco\Desktop\DP\repos\junit5\platform-tests\src\test\java\org\junit\platform\runner\JUnitPlatformRunnerTests.java,762,2,764,3,0.0,0,0,0,0.0,0.0,0,0,0,0,0,0,1,1,0,0,0,0.0,0.0,0,0,0,1,0.0,0,0,0,0,0,0,3,3,0,0,0,0,0,0,0,0,0,0,0,0,0,3,3,0,0,0,0,0,0,0,0,0,0,0,0,0,0,0,3,0,0,0,0,0,0,0,0,0,3,0,0,0,0,0,0,0,0
825,L36236,JUnitPlatformRunnerTests$TestSuiteWithCustomDisplayNameAndTechnicalNames,org.junit.platform.runner.JUnitPlatformRunnerTests$TestSuiteWithCustomDisplayNameAndTechnicalNames,L36083,L103,C:\Users\domco\Desktop\DP\repos\junit5\platform-tests\src\test\java\org\junit\platform\runner\JUnitPlatformRunnerTests.java,766,2,769,3,0.0,0,0,0,0.0,0.0,0,0,0,0,0,0,2,1,0,0,0,0.0,0.0,0,0,0,1,0.0,0,0,0,0,0,0,4,4,0,0,0,0,0,0,0,0,0,0,0,0,0,4,4,0,0,0,0,0,0,0,0,0,0,0,0,0,0,0,3,0,0,0,0,0,0,0,0,0,3,0,0,0,0,0,0,0,0
826,L36219,JUnitPlatformRunnerTests$DynamicTestEngine,org.junit.platform.runner.JUnitPlatformRunnerTests$DynamicTestEngine,L36083,L103,C:\Users\domco\Desktop\DP\repos\junit5\platform-tests\src\test\java\org\junit\platform\runner\JUnitPlatformRunnerTests.java,771,2,828,3,0.0,0,0,0,0.0,0.0,0,0,2,0,0,3,11,1,0,13,16,0.0,0.0,0,0,0,4,0.0,0,1,1,0,0,1,46,58,0,4,0,1,3,0,3,0,6,30,0,6,0,46,58,0,4,0,1,3,0,3,0,6,30,0,6,0,0,0,12,0,5,0,0,5,1,0,2,0,9,0,0,0,0,0,0,0,0
827,L36262,JUnitPlatformRunnerTests$DemoContainerTestDescriptor,org.junit.platform.runner.JUnitPlatformRunnerTests$DemoContainerTestDescriptor,L36083,L103,C:\Users\domco\Desktop\DP\repos\junit5\platform-tests\src\test\java\org\junit\platform\runner\JUnitPlatformRunnerTests.java,830,2,840,3,0.0,0,0,0,0.0,0.0,0,0,0,0,0,2,3,1,1,1,3,0.0,0.0,0,0,0,2,0.0,0,2,2,0,0,1,9,11,5,9,0,1,2,0,1,0,27,2,0,24,1,9,11,5,9,0,1,2,0,1,0,27,2,0,24,1,0,0,7,0,0,0,0,0,0,0,0,0,7,0,0,0,0,0,0,0,0
828,L36267,JUnitPlatformRunnerTests$DemoTestTestDescriptor,org.junit.platform.runner.JUnitPlatformRunnerTests$DemoTestTestDescriptor,L36083,L103,C:\Users\domco\Desktop\DP\repos\junit5\platform-tests\src\test\java\org\junit\platform\runner\JUnitPlatformRunnerTests.java,842,2,852,3,0.0,0,0,0,0.0,0.0,0,0,0,0,0,2,3,1,1,1,3,0.0,0.0,0,0,0,2,0.0,0,2,2,0,0,1,9,11,5,9,0,1,2,0,1,0,27,2,0,24,1,9,11,5,9,0,1,2,0,1,0,27,2,0,24,1,0,0,7,0,0,0,0,0,0,0,0,0,7,0,0,0,0,0,0,0,0
829,L36272,JUnitPlatformRunnerTests$DemoContainerAndTestTestDescriptor,org.junit.platform.runner.JUnitPlatformRunnerTests$DemoContainerAndTestTestDescriptor,L36083,L103,C:\Users\domco\Desktop\DP\repos\junit5\platform-tests\src\test\java\org\junit\platform\runner\JUnitPlatformRunnerTests.java,854,2,864,3,0.0,0,0,0,0.0,0.0,0,0,0,0,0,2,3,1,1,1,3,0.0,0.0,0,0,0,2,0.0,0,2,2,0,0,1,9,11,5,9,0,1,2,0,1,0,27,2,0,24,1,9,11,5,9,0,1,2,0,1,0,27,2,0,24,1,0,0,7,0,0,0,0,0,0,0,0,0,7,0,0,0,0,0,0,0,0
830,L36378,Assertions,org.junit.platform.testkit.engine.Assertions,L36358,L103,C:\Users\domco\Desktop\DP\repos\junit5\junit-platform-testkit\src\main\java\org\junit\platform\testkit\engine\Assertions.java,30,1,88,2,0.405797,1,2,1,0.40678,0.35,24,14,2,1,1,10,3,1,1,2,9,1.0,0.217391,10,6,1,0,0.2,10,0,0,0,0,0,36,55,0,0,0,0,7,0,0,0,7,13,0,0,0,40,59,0,0,0,0,8,0,1,0,8,13,0,1,0,0,0,34,1,2,0,12,2,1,0,0,0,21,0,1,0,0,0,0,0,0
831,L13413,EngineExecutionResults,org.junit.platform.testkit.engine.EngineExecutionResults,L36358,L103,C:\Users\domco\Desktop\DP\repos\junit5\junit-platform-testkit\src\main\java\org\junit\platform\testkit\engine\EngineExecutionResults.java,38,1,149,2,0.0,0,0,0,0.0,0.0,0,0,1,0,0,8,4,66,280,5,13,1.0,0.622807,71,71,7,0,0.622807,71,0,0,0,0,0,43,112,3,0,3,0,8,0,6,0,8,12,0,6,0,43,112,3,0,3,0,8,0,6,0,8,12,0,6,0,0,0,0,1,3,0,0,0,0,0,0,0,0,0,4,0,0,0,0,0,0
832,L36453,EngineTestKit,org.junit.platform.testkit.engine.EngineTestKit,L36358,L103,C:\Users\domco\Desktop\DP\repos\junit5\junit-platform-testkit\src\main\java\org\junit\platform\testkit\engine\EngineTestKit.java,53,1,349,2,0.113402,1,2,1,0.040404,0.0989011,12,9,3,0,0,11,14,17,19,18,28,1.0,0.651934,118,112,5,0,0.682927,196,0,0,0,0,0,63,197,1,0,1,0,10,0,4,0,10,28,0,4,0,91,297,3,0,3,0,16,0,9,0,16,40,0,9,0,0,0,19,1,0,1,7,0,1,0,1,0,10,0,0,0,0,0,0,0,0
833,L17998,Event,org.junit.platform.testkit.engine.Event,L36358,L103,C:\Users\domco\Desktop\DP\repos\junit5\junit-platform-testkit\src\main\java\org\junit\platform\testkit\engine\Event.java,34,1,260,2,0.0,0,0,0,0.0,0.0,0,0,4,0,0,16,7,11,20,5,21,0.9375,0.686916,147,144,15,1,0.686916,147,0,0,0,0,0,67,227,4,6,4,6,16,0,15,0,16,21,0,15,0,67,227,4,6,4,6,16,0,15,0,16,21,0,15,0,0,0,5,0,5,0,0,4,1,0,0,1,3,0,0,0,0,0,0,1,0
834,L36601,EventConditions,org.junit.platform.testkit.engine.EventConditions,L36358,L103,C:\Users\domco\Desktop\DP\repos\junit5\junit-platform-testkit\src\main\java\org\junit\platform\testkit\engine\EventConditions.java,51,1,416,2,0.0,0,0,0,0.0,0.0,0,0,5,1,1,31,9,27,168,8,38,1.0,0.642857,216,205,29,0,0.642857,216,0,0,0,0,0,120,366,0,0,0,0,30,0,28,0,30,41,0,28,0,120,366,0,0,0,0,30,0,28,0,30,41,0,28,0,0,0,6,0,0,0,0,0,1,0,0,0,2,0,0,0,0,0,0,3,0
835,L1798,Events,org.junit.platform.testkit.engine.Events,L36358,L103,C:\Users\domco\Desktop\DP\repos\junit5\junit-platform-testkit\src\main\java\org\junit\platform\testkit\engine\Events.java,46,1,339,2,0.0,0,0,0,0.0,0.0,0,0,1,1,1,28,8,62,283,8,35,1.0,0.568182,150,149,21,0,0.568182,150,0,0,0,0,0,114,294,2,1,2,1,27,0,20,0,27,52,0,20,0,114,294,2,1,2,1,27,0,20,0,27,52,0,20,0,0,0,16,0,3,0,0,2,0,0,0,0,14,0,1,0,0,0,0,2,0
836,L36741,EventStatistics,org.junit.platform.testkit.engine.EventStatistics,L36358,L103,C:\Users\domco\Desktop\DP\repos\junit5\junit-platform-testkit\src\main\java\org\junit\platform\testkit\engine\EventStatistics.java,36,1,142,2,0.0,0,0,0,0.0,0.0,0,0,1,0,0,10,3,1,1,2,12,1.0,0.583333,63,63,9,0,0.583333,63,0,0,0,0,0,45,107,2,0,2,0,10,0,8,0,10,18,0,8,0,45,107,2,0,2,0,10,0,8,0,10,18,0,8,0,0,0,4,0,1,0,0,1,0,0,0,0,4,0,0,0,0,0,0,0,0
837,L17043,Execution,org.junit.platform.testkit.engine.Execution,L36358,L103,C:\Users\domco\Desktop\DP\repos\junit5\junit-platform-testkit\src\main\java\org\junit\platform\testkit\engine\Execution.java,30,1,156,2,0.0,0,0,0,0.0,0.0,0,0,1,0,0,9,5,2,12,6,15,0.888889,0.543103,63,61,8,1,0.543103,63,0,0,0,0,0,53,127,5,5,5,5,9,0,8,0,9,17,0,8,0,53,127,5,5,5,5,9,0,8,0,9,17,0,8,0,0,0,5,0,7,0,0,5,0,0,0,2,5,0,0,0,0,0,0,0,0
838,L36475,ExecutionRecorder,org.junit.platform.testkit.engine.ExecutionRecorder,L36358,L103,C:\Users\domco\Desktop\DP\repos\junit5\junit-platform-testkit\src\main\java\org\junit\platform\testkit\engine\ExecutionRecorder.java,32,1,87,2,0.0,0,0,0,0.0,0.0,0,0,1,0,0,6,6,2,2,6,12,1.0,0.559322,33,33,6,0,0.559322,33,1,1,0,0,1,26,56,1,1,1,1,6,0,5,0,6,6,0,5,0,26,56,1,1,1,1,6,0,5,0,6,6,0,5,0,0,0,0,0,1,0,0,1,0,0,0,0,0,0,0,0,0,0,0,0,0
839,L36717,Executions,org.junit.platform.testkit.engine.Executions,L36358,L103,C:\Users\domco\Desktop\DP\repos\junit5\junit-platform-testkit\src\main\java\org\junit\platform\testkit\engine\Executions.java,42,1,302,2,0.0,0,0,0,0.0,0.0,0,0,1,3,3,27,8,4,9,8,30,1.0,0.489177,113,103,16,0,0.489177,113,0,0,0,0,0,118,261,2,0,2,0,22,0,15,0,22,55,0,15,0,118,261,2,0,2,0,22,0,15,0,22,55,0,15,0,0,0,11,0,1,0,0,0,0,0,0,0,10,0,1,0,0,0,0,1,0
840,L36851,TerminationInfo,org.junit.platform.testkit.engine.TerminationInfo,L36358,L103,C:\Users\domco\Desktop\DP\repos\junit5\junit-platform-testkit\src\main\java\org\junit\platform\testkit\engine\TerminationInfo.java,28,1,147,2,0.0,0,0,0,0.0,0.0,0,0,1,1,1,12,3,3,13,5,14,0.888889,0.535088,61,59,8,1,0.535088,61,0,0,0,0,0,53,120,3,2,3,2,9,0,8,0,9,22,0,8,0,53,120,3,2,3,2,9,0,8,0,9,22,0,8,0,0,0,5,0,5,0,0,3,0,0,0,1,5,0,1,0,0,0,0,0,0
841,L37035,TestExecutionResultConditions,org.junit.platform.testkit.engine.TestExecutionResultConditions,L36358,L103,C:\Users\domco\Desktop\DP\repos\junit5\junit-platform-testkit\src\main\java\org\junit\platform\testkit\engine\TestExecutionResultConditions.java,35,1,145,2,0.0,0,0,0,0.0,0.0,0,0,10,0,0,11,3,23,125,1,12,1.0,0.458716,50,43,8,0,0.458716,50,0,0,0,0,0,59,111,0,0,0,0,11,0,7,0,11,13,0,7,0,59,111,0,0,0,0,11,0,7,0,11,13,0,7,0,0,0,7,0,0,0,0,0,1,0,0,0,6,0,0,0,0,0,0,0,0
842,L37062,ExecutionsIntegrationTests,org.junit.platform.testkit.engine.ExecutionsIntegrationTests,L36358,L103,C:\Users\domco\Desktop\DP\repos\junit5\platform-tests\src\test\java\org\junit\platform\testkit\engine\ExecutionsIntegrationTests.java,26,1,120,2,0.0,0,0,0,0.0,0.0,0,0,1,0,0,7,8,0,0,20,27,1.0,0.328358,22,5,1,0,0.261905,22,0,0,0,0,0,45,73,0,1,0,1,7,0,0,0,7,19,0,0,0,62,95,0,1,0,1,11,0,0,0,11,21,0,0,0,0,0,12,3,18,9,0,10,1,0,0,0,11,2,0,0,0,0,0,0,0
843,L37088,NestedContainerEventConditionTests,org.junit.platform.testkit.engine.NestedContainerEventConditionTests,L36358,L103,C:\Users\domco\Desktop\DP\repos\junit5\platform-tests\src\test\java\org\junit\platform\testkit\engine\NestedContainerEventConditionTests.java,41,1,146,2,0.0816832,1,1,1,0.122642,0.114943,13,10,4,0,0,5,15,0,0,19,24,1.0,0.166667,14,3,1,0,0.138614,14,0,0,0,0,0,70,86,0,0,0,0,5,0,0,0,5,24,0,0,0,87,106,0,0,0,0,8,0,0,0,8,24,0,0,0,0,0,36,4,13,7,8,7,1,0,2,0,25,3,0,0,0,0,0,0,0
844,L37183,OrFilter,org.junit.vintage.engine.descriptor.OrFilter,L37169,L103,C:\Users\domco\Desktop\DP\repos\junit5\junit-vintage-engine\src\main\java\org\junit\vintage\engine\descriptor\OrFilter.java,24,1,42,2,0.0,0,0,0,0.0,0.0,0,0,1,0,0,3,1,2,3,1,4,0.333333,0.176471,3,3,1,2,0.176471,3,0,0,0,0,0,14,19,1,0,1,0,3,0,2,0,3,3,0,2,0,14,19,1,0,1,0,3,0,2,0,3,3,0,2,0,0,0,9,0,0,0,0,0,0,0,0,0,9,0,0,0,0,0,0,0,0
845,L37197,RunnerRequest,org.junit.vintage.engine.descriptor.RunnerRequest,L37169,L103,C:\Users\domco\Desktop\DP\repos\junit5\junit-vintage-engine\src\main\java\org\junit\vintage\engine\descriptor\RunnerRequest.java,19,1,31,2,0.0,0,0,0,0.0,0.0,0,0,0,0,0,2,0,1,1,0,2,0.5,0.230769,3,3,1,1,0.230769,3,0,0,0,0,0,10,13,1,1,1,1,2,0,1,0,2,2,0,1,0,10,13,1,1,1,1,2,0,1,0,2,2,0,1,0,0,0,7,0,0,0,0,0,0,0,0,0,7,0,0,0,0,0,0,0,0
846,L37204,RunnerTestDescriptor,org.junit.vintage.engine.descriptor.RunnerTestDescriptor,L37169,L103,C:\Users\domco\Desktop\DP\repos\junit5\junit-vintage-engine\src\main\java\org\junit\vintage\engine\descriptor\RunnerTestDescriptor.java,38,1,179,2,0.0,0,0,0,0.0,0.0,0,0,2,2,2,23,11,10,6,13,25,0.142857,0.105769,11,3,1,6,0.0873016,11,3,3,0,0,1,93,115,15,13,5,2,12,0,6,0,48,37,4,33,1,115,142,17,13,7,2,16,0,8,0,52,44,4,35,1,0,1,40,0,1,0,0,1,1,0,1,0,36,0,1,0,0,0,0,2,0
847,L37288,TestSourceProvider,org.junit.vintage.engine.descriptor.TestSourceProvider,L37169,L103,C:\Users\domco\Desktop\DP\repos\junit5\junit-vintage-engine\src\main\java\org\junit\vintage\engine\descriptor\TestSourceProvider.java,35,1,80,2,0.0,0,0,0,0.0,0.0,0,0,1,3,3,11,4,7,3,3,6,0.5,0.130435,6,3,1,1,0.130435,6,0,0,0,0,0,40,46,1,0,1,0,3,0,1,0,3,21,0,1,0,40,46,1,0,1,0,3,0,1,0,3,21,0,1,0,0,0,9,0,0,0,0,0,0,0,0,0,9,0,0,0,0,0,0,0,0
848,L37307,VintageEngineDescriptor,org.junit.vintage.engine.descriptor.VintageEngineDescriptor,L37169,L103,C:\Users\domco\Desktop\DP\repos\junit5\junit-vintage-engine\src\main\java\org\junit\vintage\engine\descriptor\VintageEngineDescriptor.java,22,1,36,2,0.0,0,0,0,0.0,0.0,0,0,0,0,0,2,3,2,2,1,3,0.333333,0.214286,3,3,1,2,0.214286,3,3,3,0,0,1,11,15,6,10,1,1,2,0,2,0,29,3,0,27,1,11,15,6,10,1,1,2,0,2,0,29,3,0,27,1,0,0,7,0,0,0,0,0,0,0,0,0,7,0,0,0,0,0,0,0,0
849,L37206,VintageTestDescriptor,org.junit.vintage.engine.descriptor.VintageTestDescriptor,L37169,L103,C:\Users\domco\Desktop\DP\repos\junit5\junit-vintage-engine\src\main\java\org\junit\vintage\engine\descriptor\VintageTestDescriptor.java,38,1,140,2,0.0,0,0,0,0.0,0.0,0,0,1,2,2,20,7,13,12,5,18,0.142857,0.0777778,7,3,1,6,0.0777778,7,2,2,1,1,1,83,103,10,11,5,4,13,4,6,0,37,29,4,28,1,83,103,10,11,5,4,13,4,6,0,37,29,4,28,1,0,0,31,0,2,0,0,1,0,0,0,1,27,0,0,0,0,0,0,4,1.0
850,L37351,OrFilterTests,org.junit.vintage.engine.descriptor.OrFilterTests,L37169,L103,C:\Users\domco\Desktop\DP\repos\junit5\junit-vintage-engine\src\test\java\org\junit\vintage\engine\descriptor\OrFilterTests.java,33,1,80,2,0.0,0,0,0,0.0,0.0,0,0,2,0,0,4,4,0,0,6,10,1.0,0.0810811,3,3,1,0,0.0810811,3,0,0,0,0,0,34,48,0,0,0,0,4,0,0,0,4,20,0,0,0,34,48,0,0,0,0,4,0,0,0,4,20,0,0,0,0,0,11,0,11,8,0,3,1,0,0,0,10,0,0,0,0,0,0,0,0
851,L37363,TestSourceProviderTests,org.junit.vintage.engine.descriptor.TestSourceProviderTests,L37169,L103,C:\Users\domco\Desktop\DP\repos\junit5\junit-vintage-engine\src\test\java\org\junit\vintage\engine\descriptor\TestSourceProviderTests.java,25,1,39,2,0.0,0,0,0,0.0,0.0,0,0,1,0,0,1,6,0,0,4,5,1.0,0.214286,3,3,1,0,0.214286,3,0,0,0,0,0,11,15,0,0,0,0,1,0,0,0,1,6,0,0,0,11,15,0,0,0,0,1,0,0,0,1,6,0,0,0,0,0,4,0,4,3,0,1,0,0,0,0,4,0,0,0,0,0,0,0,0
852,L37372,VintageTestDescriptorTests,org.junit.vintage.engine.descriptor.VintageTestDescriptorTests,L37169,L103,C:\Users\domco\Desktop\DP\repos\junit5\junit-vintage-engine\src\test\java\org\junit\vintage\engine\descriptor\VintageTestDescriptorTests.java,20,1,51,2,0.0,0,0,0,0.0,0.0,0,0,1,0,0,3,6,0,0,5,8,0.0,0.0,0,0,0,1,0.0,0,0,0,0,0,0,24,32,1,0,1,0,3,0,0,0,3,11,0,0,0,24,32,1,0,1,0,3,0,0,0,3,11,0,0,0,0,0,9,0,8,5,0,3,0,0,0,0,9,0,0,0,0,0,0,0,0
853,L37398,ClassSelectorResolver,org.junit.vintage.engine.discovery.ClassSelectorResolver,L37381,L103,C:\Users\domco\Desktop\DP\repos\junit5\junit-vintage-engine\src\main\java\org\junit\vintage\engine\discovery\ClassSelectorResolver.java,35,1,82,2,0.0,0,0,0,0.0,0.0,0,0,2,1,1,8,13,0,0,13,18,0.333333,0.0952381,4,3,1,2,0.0952381,4,1,1,0,0,1,38,48,2,0,2,0,5,0,2,0,16,16,0,13,0,38,48,2,0,2,0,5,0,2,0,16,16,0,13,0,0,0,15,0,0,0,0,0,1,0,1,0,13,0,0,0,0,0,0,0,0
854,L37401,DefensiveAllDefaultPossibilitiesBuilder,org.junit.vintage.engine.discovery.DefensiveAllDefaultPossibilitiesBuilder,L37381,L103,C:\Users\domco\Desktop\DP\repos\junit5\junit-vintage-engine\src\main\java\org\junit\vintage\engine\discovery\DefensiveAllDefaultPossibilitiesBuilder.java,39,1,151,2,0.0,0,0,0,0.0,0.0,0,0,2,2,2,9,7,1,0,4,10,0.5,0.3,18,18,1,1,0.308411,33,0,0,0,0,0,42,74,4,0,4,0,6,0,1,0,6,16,0,1,0,74,113,5,0,5,0,11,0,4,0,11,26,0,4,0,0,0,27,0,3,0,0,0,1,0,0,0,26,0,3,0,0,0,0,0,0
855,L37456,FilterableIgnoringRunnerDecorator,org.junit.vintage.engine.discovery.FilterableIgnoringRunnerDecorator,L37381,L103,C:\Users\domco\Desktop\DP\repos\junit5\junit-vintage-engine\src\main\java\org\junit\vintage\engine\discovery\FilterableIgnoringRunnerDecorator.java,24,1,36,2,0.0,0,0,0,0.0,0.0,0,0,1,0,0,2,2,1,1,2,4,0.5,0.3125,5,5,1,1,0.3125,5,2,2,0,0,1,11,13,1,2,0,0,2,0,1,0,6,3,0,4,0,11,13,1,2,0,0,2,0,1,0,6,3,0,4,0,0,0,5,0,0,0,0,0,0,0,0,0,5,0,0,0,0,0,0,0,0
856,L37461,IgnoringRunnerDecorator,org.junit.vintage.engine.discovery.IgnoringRunnerDecorator,L37381,L103,C:\Users\domco\Desktop\DP\repos\junit5\junit-vintage-engine\src\main\java\org\junit\vintage\engine\discovery\IgnoringRunnerDecorator.java,27,1,49,2,0.0,0,0,0,0.0,0.0,0,0,1,0,0,4,2,2,2,1,5,0.25,0.307692,8,8,1,3,0.307692,8,1,1,1,1,1,18,23,1,2,1,2,4,0,3,0,4,4,0,3,0,18,23,1,2,1,2,4,0,3,0,4,4,0,3,0,0,0,9,0,0,0,0,0,0,0,0,0,9,0,0,0,0,0,0,0,0
857,L37502,IsPotentialJUnit4TestClass,org.junit.vintage.engine.discovery.IsPotentialJUnit4TestClass,L37381,L103,C:\Users\domco\Desktop\DP\repos\junit5\junit-vintage-engine\src\main\java\org\junit\vintage\engine\discovery\IsPotentialJUnit4TestClass.java,22,1,40,2,0.0,0,0,0,0.0,0.0,0,0,1,1,1,4,1,2,5,3,4,0.5,0.210526,4,3,1,1,0.210526,4,0,0,0,0,0,15,19,0,0,0,0,1,0,1,0,1,7,0,1,0,15,19,0,0,0,0,1,0,1,0,1,7,0,1,0,0,0,5,0,1,0,0,0,0,0,0,1,5,0,0,0,0,0,0,0,0
858,L37477,IsPotentialJUnit4TestMethod,org.junit.vintage.engine.discovery.IsPotentialJUnit4TestMethod,L37381,L103,C:\Users\domco\Desktop\DP\repos\junit5\junit-vintage-engine\src\main\java\org\junit\vintage\engine\discovery\IsPotentialJUnit4TestMethod.java,21,1,30,2,0.0,0,0,0,0.0,0.0,0,0,1,0,0,1,0,0,0,0,1,0.5,0.454545,5,3,1,1,0.454545,5,0,0,0,0,0,6,10,0,0,0,0,1,0,1,0,1,1,0,1,0,6,10,0,0,0,0,1,0,1,0,1,1,0,1,0,0,0,1,0,0,0,0,0,0,0,0,0,1,0,0,0,0,0,0,0,0
859,L37513,MethodSelectorResolver,org.junit.vintage.engine.discovery.MethodSelectorResolver,L37381,L103,C:\Users\domco\Desktop\DP\repos\junit5\junit-vintage-engine\src\main\java\org\junit\vintage\engine\discovery\MethodSelectorResolver.java,35,1,119,2,0.0,0,0,0,0.0,0.0,0,0,5,2,2,11,14,0,0,15,23,0.333333,0.145455,8,8,1,2,0.12,9,1,1,0,0,1,47,61,0,0,0,0,8,0,2,0,19,20,0,13,0,66,85,0,0,0,0,11,0,4,0,22,28,0,15,0,0,0,30,0,0,0,0,0,2,0,1,0,27,0,0,0,0,0,0,0,1.0
860,L37563,RunnerTestDescriptorPostProcessor,org.junit.vintage.engine.discovery.RunnerTestDescriptorPostProcessor,L37381,L103,C:\Users\domco\Desktop\DP\repos\junit5\junit-vintage-engine\src\main\java\org\junit\vintage\engine\discovery\RunnerTestDescriptorPostProcessor.java,34,1,77,2,0.0,0,0,0,0.0,0.0,0,0,1,2,2,7,7,2,2,7,11,0.5,0.0952381,4,3,1,1,0.0952381,4,0,0,0,0,0,38,44,3,0,3,0,4,0,1,0,4,21,0,1,0,38,44,3,0,3,0,4,0,1,0,4,21,0,1,0,0,0,11,0,1,0,0,1,0,0,0,0,11,0,0,0,0,0,0,0,0
861,L37548,UniqueIdFilter,org.junit.vintage.engine.discovery.UniqueIdFilter,L37381,L103,C:\Users\domco\Desktop\DP\repos\junit5\junit-vintage-engine\src\main\java\org\junit\vintage\engine\discovery\UniqueIdFilter.java,31,1,87,2,0.0,0,0,0,0.0,0.0,0,0,1,1,1,10,5,1,1,3,9,0.333333,0.106383,5,3,1,2,0.106383,5,0,0,0,0,0,42,57,4,0,4,0,6,0,2,0,6,16,0,2,0,42,57,4,0,4,0,6,0,2,0,6,16,0,2,0,0,0,13,0,0,0,0,0,0,0,0,0,13,0,0,0,0,0,0,0,0
862,L37635,VintageDiscoverer,org.junit.vintage.engine.discovery.VintageDiscoverer,L37381,L103,C:\Users\domco\Desktop\DP\repos\junit5\junit-vintage-engine\src\main\java\org\junit\vintage\engine\discovery\VintageDiscoverer.java,28,1,55,2,0.0,0,0,0,0.0,0.0,0,0,1,0,0,1,10,3,3,9,10,1.0,0.259259,7,5,2,0,0.259259,7,0,0,0,0,0,20,28,2,0,2,0,1,0,1,0,1,6,0,1,0,20,28,2,0,2,0,1,0,1,0,1,6,0,1,0,0,0,2,0,0,0,0,0,0,0,0,0,2,0,0,0,0,0,0,0,0
863,L37661,IsPotentialJUnit4TestClassTests,org.junit.vintage.engine.discovery.IsPotentialJUnit4TestClassTests,L37381,L103,C:\Users\domco\Desktop\DP\repos\junit5\junit-vintage-engine\src\test\java\org\junit\vintage\engine\discovery\IsPotentialJUnit4TestClassTests.java,18,1,66,2,0.0,0,0,0,0.0,0.0,0,0,1,0,0,5,7,0,0,3,8,0.0,0.0,0,0,0,1,0.0,0,0,0,0,0,0,25,36,1,0,1,0,5,0,0,0,5,6,0,0,0,33,49,1,0,1,0,5,0,0,0,5,6,0,0,0,0,0,28,0,15,6,0,8,0,0,0,1,28,0,0,0,0,0,0,0,0
864,L37691,RunnerTestDescriptorPostProcessorTests,org.junit.vintage.engine.discovery.RunnerTestDescriptorPostProcessorTests,L37381,L103,C:\Users\domco\Desktop\DP\repos\junit5\junit-vintage-engine\src\test\java\org\junit\vintage\engine\discovery\RunnerTestDescriptorPostProcessorTests.java,43,1,84,2,0.0,0,0,0,0.0,0.0,0,0,1,0,0,4,19,0,0,13,17,1.0,0.184211,7,5,1,0,0.184211,7,0,0,0,0,0,31,42,0,0,0,0,4,0,0,0,4,11,0,0,0,31,42,0,0,0,0,4,0,0,0,4,11,0,0,0,0,0,11,0,3,0,0,3,0,0,1,0,10,0,0,0,0,0,0,0,0
865,L37722,VintageDiscovererTests,org.junit.vintage.engine.discovery.VintageDiscovererTests,L37381,L103,C:\Users\domco\Desktop\DP\repos\junit5\junit-vintage-engine\src\test\java\org\junit\vintage\engine\discovery\VintageDiscovererTests.java,48,1,145,2,0.0,0,0,0,0.0,0.0,0,0,1,0,0,9,19,0,0,17,26,1.0,0.180556,13,5,1,0,0.158537,13,0,0,0,0,0,59,84,0,0,0,0,9,0,0,0,9,21,0,0,0,69,98,0,0,0,0,11,0,2,0,11,21,0,2,0,0,0,32,4,12,6,0,8,0,0,2,0,30,2,0,0,0,0,0,0,0
866,L37785,RunListenerAdapter,org.junit.vintage.engine.execution.RunListenerAdapter,L37762,L103,C:\Users\domco\Desktop\DP\repos\junit5\junit-vintage-engine\src\main\java\org\junit\vintage\engine\execution\RunListenerAdapter.java,36,1,229,2,0.0,0,0,0,0.0,0.0,0,0,2,2,2,45,11,1,1,26,54,0.125,0.0693642,12,3,1,7,0.0693642,12,0,0,0,0,0,161,194,4,0,4,0,28,0,7,0,28,65,0,7,0,161,194,4,0,4,0,28,0,7,0,28,65,0,7,0,0,0,60,1,0,1,0,0,1,0,1,0,57,0,0,0,0,0,0,1,0
867,L37930,RunnerExecutor,org.junit.vintage.engine.execution.RunnerExecutor,L37762,L103,C:\Users\domco\Desktop\DP\repos\junit5\junit-vintage-engine\src\main\java\org\junit\vintage\engine\execution\RunnerExecutor.java,27,1,59,2,0.0,0,0,0,0.0,0.0,0,0,1,1,1,5,7,1,1,8,11,0.333333,0.0967742,3,3,1,2,0.0967742,3,0,0,0,0,0,28,33,2,0,2,0,3,0,2,0,3,12,0,2,0,28,33,2,0,2,0,3,0,2,0,3,12,0,2,0,0,0,9,1,0,0,0,0,0,0,0,0,9,0,1,0,0,0,0,0,0
868,L37788,TestRun,org.junit.vintage.engine.execution.TestRun,L37762,L103,C:\Users\domco\Desktop\DP\repos\junit5\junit-vintage-engine\src\main\java\org\junit\vintage\engine\execution\TestRun.java,48,1,270,2,0.0,0,0,0,0.0,0.0,0,0,3,1,1,27,6,3,14,5,25,1.0,0.0769231,10,3,1,0,0.126984,24,0,0,0,0,0,120,153,9,3,9,3,20,0,0,0,20,48,0,0,0,165,223,12,5,12,5,28,0,2,0,28,66,0,2,0,0,1,60,0,21,0,0,21,1,0,0,0,57,0,1,0,0,0,0,2,0
869,L38068,TestRunTests,org.junit.vintage.engine.execution.TestRunTests,L37762,L103,C:\Users\domco\Desktop\DP\repos\junit5\junit-vintage-engine\src\test\java\org\junit\vintage\engine\execution\TestRunTests.java,33,1,67,2,0.0,0,0,0,0.0,0.0,0,0,2,0,0,2,8,0,0,9,11,1.0,0.0967742,3,3,1,0,0.0967742,3,0,0,0,0,0,28,35,0,0,0,0,2,0,0,0,2,17,0,0,0,28,35,0,0,0,0,2,0,0,0,2,17,0,0,0,0,0,7,2,4,2,0,2,1,0,0,2,6,0,0,0,0,0,0,0,0
870,L37566,UniqueIdReader,org.junit.vintage.engine.support.UniqueIdReader,L38093,L103,C:\Users\domco\Desktop\DP\repos\junit5\junit-vintage-engine\src\main\java\org\junit\vintage\engine\support\UniqueIdReader.java,28,1,56,2,0.0,0,0,0,0.0,0.0,0,0,1,0,0,3,3,3,3,2,5,0.333333,0.230769,6,4,1,2,0.230769,6,0,0,0,0,0,20,29,2,0,2,0,3,0,2,0,3,3,0,2,0,20,29,2,0,2,0,3,0,2,0,3,3,0,2,0,0,0,7,0,0,0,0,0,0,0,0,0,7,0,0,0,0,0,0,0,0
871,L37570,UniqueIdStringifier,org.junit.vintage.engine.support.UniqueIdStringifier,L38093,L103,C:\Users\domco\Desktop\DP\repos\junit5\junit-vintage-engine\src\main\java\org\junit\vintage\engine\support\UniqueIdStringifier.java,31,1,62,2,0.0,0,0,0,0.0,0.0,0,0,1,1,1,6,0,3,3,0,3,0.5,0.1,3,3,1,1,0.1,3,0,0,0,0,0,27,32,1,0,1,0,3,0,1,0,3,11,0,1,0,27,32,1,0,1,0,3,0,1,0,3,11,0,1,0,0,0,9,0,1,0,0,1,0,0,0,0,9,0,0,0,0,0,0,0,0
872,L38132,UniqueIdReaderTests,org.junit.vintage.engine.support.UniqueIdReaderTests,L38093,L103,C:\Users\domco\Desktop\DP\repos\junit5\junit-vintage-engine\src\test\java\org\junit\vintage\engine\support\UniqueIdReaderTests.java,32,1,61,2,0.0,0,0,0,0.0,0.0,0,0,2,0,0,2,5,0,0,6,8,1.0,0.185185,5,5,1,0,0.185185,5,0,0,0,0,0,22,30,0,0,0,0,2,0,0,0,2,12,0,0,0,22,30,0,0,0,0,2,0,0,0,2,12,0,0,0,0,0,7,0,7,5,0,2,1,0,0,0,6,0,0,0,0,0,0,0,0
873,L38140,UniqueIdStringifierTests,org.junit.vintage.engine.support.UniqueIdStringifierTests,L38093,L103,C:\Users\domco\Desktop\DP\repos\junit5\junit-vintage-engine\src\test\java\org\junit\vintage\engine\support\UniqueIdStringifierTests.java,28,1,101,2,0.0,0,0,0,0.0,0.0,0,0,2,1,1,5,5,0,0,5,10,1.0,0.0833333,3,3,1,0,0.0535714,3,0,0,0,0,0,33,46,0,0,0,0,5,0,0,0,5,17,0,0,0,53,74,3,1,3,1,9,0,1,0,9,21,0,1,0,0,0,28,2,13,8,0,5,2,0,0,2,26,0,0,0,0,0,0,0,0
874,L38226,JUnit4ParameterizedTests$StatusTrackingListener,org.junit.vintage.engine.JUnit4ParameterizedTests$StatusTrackingListener,L38207,L103,C:\Users\domco\Desktop\DP\repos\junit5\junit-vintage-engine\src\test\java\org\junit\vintage\engine\JUnit4ParameterizedTests.java,73,2,81,3,0.0,0,0,0,0.0,0.0,0,0,1,1,1,2,4,1,0,2,3,0.0,0.0,0,0,0,2,0.0,0,1,1,0,0,1,8,9,0,0,0,0,1,0,1,0,7,2,0,7,0,8,9,0,0,0,0,1,0,1,0,7,2,0,7,0,0,0,5,0,0,0,0,0,0,0,0,0,5,0,0,0,0,0,0,0,0
875,L38648,PlainOldJavaClassWithoutAnyTestsTestCase,org.junit.vintage.engine.samples.PlainOldJavaClassWithoutAnyTestsTestCase,L38244,L103,C:\Users\domco\Desktop\DP\repos\junit5\junit-vintage-engine\src\test\java\org\junit\vintage\engine\samples\PlainOldJavaClassWithoutAnyTestsTestCase.java,16,1,22,2,0.0,0,0,0,0.0,0.0,0,0,1,0,0,1,0,1,0,0,1,0.5,0.5,4,3,1,1,0.5,4,0,0,0,0,0,4,7,0,0,0,0,1,0,1,0,1,0,0,1,0,4,7,0,0,0,0,1,0,1,0,1,0,0,1,0,0,0,1,0,0,0,0,0,0,0,0,0,1,0,0,0,0,0,0,0,0
876,L38906,VintageTestEngineExecutionTests$DynamicSuiteRunner,org.junit.vintage.engine.VintageTestEngineExecutionTests$DynamicSuiteRunner,L38840,L103,C:\Users\domco\Desktop\DP\repos\junit5\junit-vintage-engine\src\test\java\org\junit\vintage\engine\VintageTestEngineExecutionTests.java,478,2,498,3,0.0,0,0,0,0.0,0.0,0,0,1,0,0,3,0,1,0,0,3,0.0,0.0,0,0,0,4,0.0,0,0,0,0,0,0,16,21,1,1,1,1,3,0,3,0,3,5,0,3,0,16,21,1,1,1,1,3,0,3,0,3,5,0,3,0,0,0,9,1,0,0,0,0,0,0,0,0,9,0,1,0,0,0,0,0,0
877,L38914,VintageTestEngineExecutionTests$DynamicTestClass,org.junit.vintage.engine.VintageTestEngineExecutionTests$DynamicTestClass,L38840,L103,C:\Users\domco\Desktop\DP\repos\junit5\junit-vintage-engine\src\test\java\org\junit\vintage\engine\VintageTestEngineExecutionTests.java,500,2,502,3,0.0,0,0,0,0.0,0.0,0,0,0,0,0,0,1,1,0,0,0,0.0,0.0,0,0,0,1,0.0,0,0,0,0,0,0,3,3,0,0,0,0,0,0,0,0,0,0,0,0,0,3,3,0,0,0,0,0,0,0,0,0,0,0,0,0,0,0,3,0,0,0,0,0,0,0,0,0,3,0,0,0,0,0,0,0,0
878,L38921,VintageTestEngineExecutionTests$DynamicAndStaticChildrenRunner,org.junit.vintage.engine.VintageTestEngineExecutionTests$DynamicAndStaticChildrenRunner,L38840,L103,C:\Users\domco\Desktop\DP\repos\junit5\junit-vintage-engine\src\test\java\org\junit\vintage\engine\VintageTestEngineExecutionTests.java,518,2,543,3,0.0,0,0,0,0.0,0.0,0,0,1,0,0,3,0,1,0,0,3,0.0,0.0,0,0,0,4,0.0,0,0,0,0,0,0,21,26,1,1,1,1,3,0,3,0,3,10,0,3,0,21,26,1,1,1,1,3,0,3,0,3,10,0,3,0,0,0,9,0,0,0,0,0,0,0,0,0,9,0,0,0,0,0,0,0,0
879,L38930,VintageTestEngineExecutionTests$DynamicAndStaticTestClass,org.junit.vintage.engine.VintageTestEngineExecutionTests$DynamicAndStaticTestClass,L38840,L103,C:\Users\domco\Desktop\DP\repos\junit5\junit-vintage-engine\src\test\java\org\junit\vintage\engine\VintageTestEngineExecutionTests.java,545,2,547,3,0.0,0,0,0,0.0,0.0,0,0,0,0,0,0,1,2,0,0,0,0.0,0.0,0,0,0,1,0.0,0,0,0,0,0,0,3,3,0,0,0,0,0,0,0,0,0,0,0,0,0,3,3,0,0,0,0,0,0,0,0,0,0,0,0,0,0,0,3,0,0,0,0,0,0,0,0,0,3,0,0,0,0,0,0,0,0
880,L38934,VintageTestEngineExecutionTests$SuiteWithDynamicAndStaticTestClass,org.junit.vintage.engine.VintageTestEngineExecutionTests$SuiteWithDynamicAndStaticTestClass,L38840,L103,C:\Users\domco\Desktop\DP\repos\junit5\junit-vintage-engine\src\test\java\org\junit\vintage\engine\VintageTestEngineExecutionTests.java,549,2,552,3,0.0,0,0,0,0.0,0.0,0,0,0,0,0,0,1,1,0,0,0,0.0,0.0,0,0,0,1,0.0,0,0,0,0,0,0,4,4,0,0,0,0,0,0,0,0,0,0,0,0,0,4,4,0,0,0,0,0,0,0,0,0,0,0,0,0,0,0,3,0,0,0,0,0,0,0,0,0,3,0,0,0,0,0,0,0,0
881,L38941,VintageTestEngineExecutionTests$MisbehavingChildlessRunner,org.junit.vintage.engine.VintageTestEngineExecutionTests$MisbehavingChildlessRunner,L38840,L103,C:\Users\domco\Desktop\DP\repos\junit5\junit-vintage-engine\src\test\java\org\junit\vintage\engine\VintageTestEngineExecutionTests.java,573,2,591,3,0.0,0,0,0,0.0,0.0,0,0,1,0,0,3,0,1,0,0,3,0.0,0.0,0,0,0,4,0.0,0,0,0,0,0,0,14,19,1,1,1,1,3,0,3,0,3,3,0,3,0,14,19,1,1,1,1,3,0,3,0,3,3,0,3,0,0,0,9,0,0,0,0,0,0,0,0,0,9,0,0,0,0,0,0,0,0
882,L38949,VintageTestEngineExecutionTests$MisbehavingChildTestClass,org.junit.vintage.engine.VintageTestEngineExecutionTests$MisbehavingChildTestClass,L38840,L103,C:\Users\domco\Desktop\DP\repos\junit5\junit-vintage-engine\src\test\java\org\junit\vintage\engine\VintageTestEngineExecutionTests.java,593,2,596,3,0.0,0,0,0,0.0,0.0,0,0,0,0,0,0,1,1,0,0,0,0.0,0.0,0,0,0,1,0.0,0,0,0,0,0,0,3,4,0,0,0,0,0,0,0,0,0,0,0,0,0,3,4,0,0,0,0,0,0,0,0,0,0,0,0,0,0,0,3,0,0,0,0,0,0,0,0,0,3,0,0,0,0,0,0,0,0
883,L5788,DisabledIfEnvironmentVariableConditionTests$1,org.junit.jupiter.api.condition.DisabledIfEnvironmentVariableConditionTests$1,L5783,L103,C:\Users\domco\Desktop\DP\repos\junit5\junit-jupiter-engine\src\test\java\org\junit\jupiter\api\condition\DisabledIfEnvironmentVariableConditionTests.java,36,86,42,3,0.0,0,0,0,0.0,0.0,0,0,0,0,0,2,2,0,0,0,1,0.0,0.0,0,0,0,1,0.0,0,4,4,0,0,1,6,7,3,3,0,1,1,0,0,0,8,1,0,1,0,6,7,3,3,0,1,1,0,0,0,8,1,0,1,0,0,0,5,0,0,0,0,0,0,0,0,0,5,0,0,0,0,0,0,0,0
884,L6045,EnabledIfEnvironmentVariableConditionTests$1,org.junit.jupiter.api.condition.EnabledIfEnvironmentVariableConditionTests$1,L6040,L103,C:\Users\domco\Desktop\DP\repos\junit5\junit-jupiter-engine\src\test\java\org\junit\jupiter\api\condition\EnabledIfEnvironmentVariableConditionTests.java,37,85,43,3,0.0,0,0,0,0.0,0.0,0,0,0,0,0,2,2,0,0,0,1,0.0,0.0,0,0,0,1,0.0,0,4,4,0,0,1,6,7,3,3,0,1,1,0,0,0,8,1,0,1,0,6,7,3,3,0,1,1,0,0,0,8,1,0,1,0,0,0,5,0,0,0,0,0,0,0,0,0,5,0,0,0,0,0,0,0,0
885,L6271,OSTests$ValidNames,org.junit.jupiter.api.condition.OSTests$ValidNames,L6265,L103,C:\Users\domco\Desktop\DP\repos\junit5\platform-tests\src\test\java\org\junit\jupiter\api\condition\OSTests.java,35,2,66,3,0.0,0,0,0,0.0,0.0,0,0,5,0,0,5,5,0,0,2,7,0.0,0.0,0,0,0,1,0.0,0,0,0,0,0,0,28,32,0,0,0,0,5,0,0,0,5,5,0,0,0,28,32,0,0,0,0,5,0,0,0,5,5,0,0,0,0,0,14,0,5,0,0,5,1,0,0,0,13,0,0,0,0,0,0,0,0
886,L6658,ExtensionContext$Namespace,org.junit.jupiter.api.extension.ExtensionContext$Namespace,L259,L103,C:\Users\domco\Desktop\DP\repos\junit5\junit-jupiter-api\src\main\java\org\junit\jupiter\api\extension\ExtensionContext.java,603,2,648,3,0.419048,1,3,1,0.23913,0.407407,11,11,1,1,1,7,1,23,17,2,6,0.5,0.425532,20,20,2,2,0.425532,20,0,0,0,0,0,27,46,2,0,2,0,4,1,3,0,4,11,1,3,0,27,46,2,0,2,0,4,1,3,0,4,11,1,3,0,0,0,22,0,1,0,11,1,0,0,0,0,7,0,0,0,0,0,0,4,0
887,L6931,TypeBasedParameterResolver<T extends Object>,org.junit.jupiter.api.extension.support.TypeBasedParameterResolver,L6925,L103,C:\Users\domco\Desktop\DP\repos\junit5\junit-jupiter-api\src\main\java\org\junit\jupiter\api\extension\support\TypeBasedParameterResolver.java,31,1,81,2,0.0,0,0,0,0.0,0.0,0,0,1,2,2,10,5,4,0,2,8,0.25,0.155556,7,6,1,3,0.155556,7,2,2,4,5,1,38,51,1,1,1,1,6,0,3,0,6,15,0,3,0,38,51,1,1,1,1,6,0,3,0,6,15,0,3,0,0,0,15,0,0,0,0,0,0,0,0,0,15,0,0,0,0,0,0,0,0
888,L6973,TypeBasedParameterResolverTests,org.junit.jupiter.api.extension.support.TypeBasedParameterResolverTests,L6925,L103,C:\Users\domco\Desktop\DP\repos\junit5\junit-jupiter-engine\src\test\java\org\junit\jupiter\api\extension\support\TypeBasedParameterResolverTests.java,40,1,159,2,0.0,0,0,0,0.0,0.0,0,0,2,0,0,7,9,0,0,9,16,1.0,0.0526316,3,3,1,0,0.0412371,4,0,0,0,0,0,54,74,3,0,3,0,7,0,0,0,7,24,0,0,0,93,120,4,4,3,0,14,0,3,0,35,28,0,12,0,0,0,50,0,24,12,0,8,2,0,0,0,48,4,0,0,0,0,0,0,0
889,L7562,TrackLogRecords$Extension,org.junit.jupiter.api.fixtures.TrackLogRecords$Extension,L7560,L103,C:\Users\domco\Desktop\DP\repos\junit5\junit-jupiter-api\src\testFixtures\java\org\junit\jupiter\api\fixtures\TrackLogRecords.java,49,2,81,3,0.0,0,0,0,0.0,0.0,0,0,2,0,0,7,9,1,0,8,14,0.0,0.0,0,0,0,5,0.0,0,2,4,0,0,3,26,33,0,2,0,2,6,0,4,0,6,8,0,4,0,26,33,0,2,0,2,6,0,4,0,6,8,0,4,0,0,0,17,0,0,0,0,0,1,0,0,0,15,0,0,1,0,0,0,0,0
890,L8736,DisplayNameGenerationTests$StackTestCase$A_new_stack,org.junit.jupiter.api.DisplayNameGenerationTests$StackTestCase$A_new_stack,L8674,L103,C:\Users\domco\Desktop\DP\repos\junit5\junit-jupiter-engine\src\test\java\org\junit\jupiter\api\DisplayNameGenerationTests.java,194,3,244,4,0.0,0,0,0,0.0,0.0,0,0,4,0,0,4,5,0,0,2,6,0.0,0.0,0,0,0,1,0.0,0,0,0,0,0,0,19,24,0,0,0,0,4,0,0,0,4,4,0,0,0,41,51,1,0,1,0,8,0,0,0,8,10,0,0,0,0,0,24,0,11,2,0,9,2,0,0,0,22,0,0,0,0,0,0,0,0
891,L10645,DisplayNameUtilsTests$ClassDisplayNameTests,org.junit.jupiter.engine.descriptor.DisplayNameUtilsTests$ClassDisplayNameTests,L10642,L103,C:\Users\domco\Desktop\DP\repos\junit5\junit-jupiter-engine\src\test\java\org\junit\jupiter\engine\descriptor\DisplayNameUtilsTests.java,38,2,105,3,0.0,0,0,0,0.0,0.0,0,0,3,0,0,3,9,0,0,2,5,0.0,0.0,0,0,0,1,0.0,0,0,0,0,0,0,24,34,0,0,0,0,3,0,0,0,3,7,0,0,0,51,68,1,0,1,0,6,0,0,0,6,18,0,0,0,0,0,19,1,8,1,0,6,1,0,0,1,18,0,1,0,0,0,0,0,0
892,L10677,DisplayNameUtilsTests$NestedClassDisplayNameTests,org.junit.jupiter.engine.descriptor.DisplayNameUtilsTests$NestedClassDisplayNameTests,L10642,L103,C:\Users\domco\Desktop\DP\repos\junit5\junit-jupiter-engine\src\test\java\org\junit\jupiter\engine\descriptor\DisplayNameUtilsTests.java,107,2,129,3,0.0,0,0,0,0.0,0.0,0,0,1,0,0,2,7,0,0,2,4,0.0,0.0,0,0,0,1,0.0,0,0,0,0,0,0,18,23,1,0,1,0,2,0,0,0,2,6,0,0,0,18,23,1,0,1,0,2,0,0,0,2,6,0,0,0,0,0,7,0,3,0,0,2,0,0,0,1,7,0,0,0,0,0,0,0,0
893,L10686,DisplayNameUtilsTests$MethodDisplayNameTests,org.junit.jupiter.engine.descriptor.DisplayNameUtilsTests$MethodDisplayNameTests,L10642,L103,C:\Users\domco\Desktop\DP\repos\junit5\junit-jupiter-engine\src\test\java\org\junit\jupiter\engine\descriptor\DisplayNameUtilsTests.java,131,2,156,3,0.0,0,0,0,0.0,0.0,0,0,1,0,0,2,8,0,0,2,4,0.0,0.0,0,0,0,1,0.0,0,0,0,0,0,0,20,26,1,0,1,0,2,0,0,0,2,8,0,0,0,20,26,1,0,1,0,2,0,0,0,2,8,0,0,0,0,0,7,2,3,0,0,2,0,0,0,3,7,0,0,0,0,0,0,0,0
894,L10648,DisplayNameUtilsTests$MyTestCase,org.junit.jupiter.engine.descriptor.DisplayNameUtilsTests$MyTestCase,L10642,L103,C:\Users\domco\Desktop\DP\repos\junit5\junit-jupiter-engine\src\test\java\org\junit\jupiter\engine\descriptor\DisplayNameUtilsTests.java,163,2,170,3,0.0,0,0,0,0.0,0.0,0,0,1,0,0,1,3,3,0,0,1,0.0,0.0,0,0,0,1,0.0,0,0,0,0,0,0,6,8,0,0,0,0,1,0,0,0,1,0,0,0,0,6,8,0,0,0,0,1,0,0,0,1,0,0,0,0,0,0,5,0,3,0,0,2,0,0,0,0,5,1,0,0,0,0,0,0,0
895,L10653,DisplayNameUtilsTests$BlankDisplayNameTestCase,org.junit.jupiter.engine.descriptor.DisplayNameUtilsTests$BlankDisplayNameTestCase,L10642,L103,C:\Users\domco\Desktop\DP\repos\junit5\junit-jupiter-engine\src\test\java\org\junit\jupiter\engine\descriptor\DisplayNameUtilsTests.java,172,2,174,3,0.0,0,0,0,0.0,0.0,0,0,0,0,0,0,1,1,0,0,0,0.0,0.0,0,0,0,1,0.0,0,0,0,0,0,0,3,3,0,0,0,0,0,0,0,0,0,0,0,0,0,3,3,0,0,0,0,0,0,0,0,0,0,0,0,0,0,0,3,0,0,0,0,0,0,0,0,0,3,0,0,0,0,0,0,0,0
896,L10667,DisplayNameUtilsTests$StandardDisplayNameTestCase,org.junit.jupiter.engine.descriptor.DisplayNameUtilsTests$StandardDisplayNameTestCase,L10642,L103,C:\Users\domco\Desktop\DP\repos\junit5\junit-jupiter-engine\src\test\java\org\junit\jupiter\engine\descriptor\DisplayNameUtilsTests.java,176,2,178,3,0.0,0,0,0,0.0,0.0,0,0,0,0,0,0,3,3,0,0,0,0.0,0.0,0,0,0,1,0.0,0,0,0,0,0,0,3,3,0,0,0,0,0,0,0,0,0,0,0,0,0,3,3,0,0,0,0,0,0,0,0,0,0,0,0,0,0,0,3,0,1,0,0,1,0,0,0,0,3,0,0,0,0,0,0,0,0
897,L10673,DisplayNameUtilsTests$Underscore_DisplayName_TestCase,org.junit.jupiter.engine.descriptor.DisplayNameUtilsTests$Underscore_DisplayName_TestCase,L10642,L103,C:\Users\domco\Desktop\DP\repos\junit5\junit-jupiter-engine\src\test\java\org\junit\jupiter\engine\descriptor\DisplayNameUtilsTests.java,180,2,182,3,0.0,0,0,0,0.0,0.0,0,0,0,0,0,0,3,1,0,0,0,0.0,0.0,0,0,0,1,0.0,0,0,0,0,0,0,3,3,0,0,0,0,0,0,0,0,0,0,0,0,0,3,3,0,0,0,0,0,0,0,0,0,0,0,0,0,0,0,3,0,1,0,0,1,0,0,0,0,3,0,0,0,0,0,0,0,0
898,L10659,DisplayNameUtilsTests$NotDisplayNameTestCase,org.junit.jupiter.engine.descriptor.DisplayNameUtilsTests$NotDisplayNameTestCase,L10642,L103,C:\Users\domco\Desktop\DP\repos\junit5\junit-jupiter-engine\src\test\java\org\junit\jupiter\engine\descriptor\DisplayNameUtilsTests.java,184,2,185,3,0.0,0,0,0,0.0,0.0,0,0,0,0,0,0,0,2,0,0,0,0.0,0.0,0,0,0,1,0.0,0,0,0,0,0,0,2,2,0,0,0,0,0,0,0,0,0,0,0,0,0,2,2,0,0,0,0,0,0,0,0,0,0,0,0,0,0,0,3,0,0,0,0,0,0,0,0,0,3,0,0,0,0,0,0,0,0
899,L10683,DisplayNameUtilsTests$NestedTestCase,org.junit.jupiter.engine.descriptor.DisplayNameUtilsTests$NestedTestCase,L10642,L103,C:\Users\domco\Desktop\DP\repos\junit5\junit-jupiter-engine\src\test\java\org\junit\jupiter\engine\descriptor\DisplayNameUtilsTests.java,187,2,189,3,0.0,0,0,0,0.0,0.0,0,0,0,0,0,0,1,1,0,0,0,0.0,0.0,0,0,0,1,0.0,0,0,0,0,0,0,3,3,0,0,0,0,0,0,0,0,0,0,0,0,0,3,3,0,0,0,0,0,0,0,0,0,0,0,0,0,0,0,3,0,0,0,0,0,0,0,0,0,3,0,0,0,0,0,0,0,0
900,L10735,ExtensionContextTests$OuterClass,org.junit.jupiter.engine.descriptor.ExtensionContextTests$OuterClass,L10704,L103,C:\Users\domco\Desktop\DP\repos\junit5\junit-jupiter-engine\src\test\java\org\junit\jupiter\engine\descriptor\ExtensionContextTests.java,303,2,313,3,0.0,0,0,0,0.0,0.0,0,0,1,0,0,1,1,1,0,0,1,0.0,0.0,0,0,0,1,0.0,0,0,0,0,0,0,6,8,0,0,0,0,1,0,0,0,1,0,0,0,0,9,11,0,0,0,0,1,0,0,0,1,0,0,0,0,0,0,8,0,2,0,0,1,0,0,0,0,8,1,0,0,0,0,0,0,0
901,L10756,ExtensionContextTests$EchoParameters,org.junit.jupiter.engine.descriptor.ExtensionContextTests$EchoParameters,L10704,L103,C:\Users\domco\Desktop\DP\repos\junit5\junit-jupiter-engine\src\test\java\org\junit\jupiter\engine\descriptor\ExtensionContextTests.java,315,2,331,3,0.0,0,0,0,0.0,0.0,0,0,2,0,0,3,1,1,0,0,3,0.0,0.0,0,0,0,4,0.0,0,1,1,0,0,1,14,17,1,1,0,1,3,0,3,0,4,3,1,4,0,14,17,1,1,0,1,3,0,3,0,4,3,1,4,0,0,0,12,0,0,0,0,0,1,0,0,0,9,0,0,0,0,0,0,2,0
902,L10869,JupiterTestDescriptorTests$AbstractTestCase,org.junit.jupiter.engine.descriptor.JupiterTestDescriptorTests$AbstractTestCase,L10789,L103,C:\Users\domco\Desktop\DP\repos\junit5\junit-jupiter-engine\src\test\java\org\junit\jupiter\engine\descriptor\JupiterTestDescriptorTests.java,292,2,294,3,0.0,0,0,0,0.0,0.0,0,0,0,0,0,0,1,1,0,0,0,0.0,0.0,0,0,0,1,0.0,0,0,0,1,1,0,3,3,0,0,0,0,0,0,0,0,0,0,0,0,0,3,3,0,0,0,0,0,0,0,0,0,0,0,0,0,0,0,3,0,1,1,0,0,0,0,0,0,3,0,0,0,0,0,0,0,0
903,L10798,JupiterTestDescriptorTests$TestCase,org.junit.jupiter.engine.descriptor.JupiterTestDescriptorTests$TestCase,L10789,L103,C:\Users\domco\Desktop\DP\repos\junit5\junit-jupiter-engine\src\test\java\org\junit\jupiter\engine\descriptor\JupiterTestDescriptorTests.java,296,2,332,3,0.0,0,0,0,0.0,0.0,0,0,8,0,0,8,5,1,0,0,8,0.0,0.0,0,0,0,1,0.0,0,1,1,0,0,1,28,37,0,0,0,0,8,0,0,0,8,0,0,0,0,28,37,0,0,0,0,8,0,0,0,8,0,0,0,0,0,0,20,1,20,5,0,8,1,0,0,0,19,8,0,0,0,0,0,0,0
904,L10805,JupiterTestDescriptorTests$TestCaseWithInvalidBeforeAllMethod,org.junit.jupiter.engine.descriptor.JupiterTestDescriptorTests$TestCaseWithInvalidBeforeAllMethod,L10789,L103,C:\Users\domco\Desktop\DP\repos\junit5\junit-jupiter-engine\src\test\java\org\junit\jupiter\engine\descriptor\JupiterTestDescriptorTests.java,334,2,345,3,0.0,0,0,0,0.0,0.0,0,0,2,0,0,2,2,1,0,0,2,0.0,0.111111,1,1,0,1,0.111111,1,0,0,0,0,0,8,12,0,0,0,0,2,0,0,0,2,0,0,0,0,8,12,0,0,0,0,2,0,0,0,2,0,0,0,0,0,0,6,1,4,1,0,2,1,0,0,0,5,2,0,0,0,0,0,0,0
905,L10809,JupiterTestDescriptorTests$TestCaseWithInvalidAfterAllMethod,org.junit.jupiter.engine.descriptor.JupiterTestDescriptorTests$TestCaseWithInvalidAfterAllMethod,L10789,L103,C:\Users\domco\Desktop\DP\repos\junit5\junit-jupiter-engine\src\test\java\org\junit\jupiter\engine\descriptor\JupiterTestDescriptorTests.java,347,2,358,3,0.0,0,0,0,0.0,0.0,0,0,2,0,0,2,2,1,0,0,2,0.0,0.111111,1,1,0,1,0.111111,1,0,0,0,0,0,8,12,0,0,0,0,2,0,0,0,2,0,0,0,0,8,12,0,0,0,0,2,0,0,0,2,0,0,0,0,0,0,6,1,4,1,0,2,1,0,0,0,5,2,0,0,0,0,0,0,0
906,L10813,JupiterTestDescriptorTests$TestCaseWithInvalidBeforeEachMethod,org.junit.jupiter.engine.descriptor.JupiterTestDescriptorTests$TestCaseWithInvalidBeforeEachMethod,L10789,L103,C:\Users\domco\Desktop\DP\repos\junit5\junit-jupiter-engine\src\test\java\org\junit\jupiter\engine\descriptor\JupiterTestDescriptorTests.java,360,2,371,3,0.0,0,0,0,0.0,0.0,0,0,2,0,0,2,2,1,0,0,2,0.0,0.111111,1,1,0,1,0.111111,1,0,0,0,0,0,8,12,0,0,0,0,2,0,0,0,2,0,0,0,0,8,12,0,0,0,0,2,0,0,0,2,0,0,0,0,0,0,6,1,4,1,0,2,1,0,0,0,5,2,0,0,0,0,0,0,0
907,L10817,JupiterTestDescriptorTests$TestCaseWithInvalidAfterEachMethod,org.junit.jupiter.engine.descriptor.JupiterTestDescriptorTests$TestCaseWithInvalidAfterEachMethod,L10789,L103,C:\Users\domco\Desktop\DP\repos\junit5\junit-jupiter-engine\src\test\java\org\junit\jupiter\engine\descriptor\JupiterTestDescriptorTests.java,373,2,384,3,0.0,0,0,0,0.0,0.0,0,0,2,0,0,2,2,1,0,0,2,0.0,0.111111,1,1,0,1,0.111111,1,0,0,0,0,0,8,12,0,0,0,0,2,0,0,0,2,0,0,0,0,8,12,0,0,0,0,2,0,0,0,2,0,0,0,0,0,0,6,1,4,1,0,2,1,0,0,0,5,2,0,0,0,0,0,0,0
908,L10856,JupiterTestDescriptorTests$NestedTestCase,org.junit.jupiter.engine.descriptor.JupiterTestDescriptorTests$NestedTestCase,L10789,L103,C:\Users\domco\Desktop\DP\repos\junit5\junit-jupiter-engine\src\test\java\org\junit\jupiter\engine\descriptor\JupiterTestDescriptorTests.java,386,2,388,3,0.0,0,0,0,0.0,0.0,0,0,0,0,0,0,1,1,0,0,0,0.0,0.0,0,0,0,1,0.0,0,0,0,0,0,0,3,3,0,0,0,0,0,0,0,0,0,0,0,0,0,3,3,0,0,0,0,0,0,0,0,0,0,0,0,0,0,0,3,0,0,0,0,0,0,0,0,0,3,0,0,0,0,0,0,0,0
909,L10859,JupiterTestDescriptorTests$StaticTestCase,org.junit.jupiter.engine.descriptor.JupiterTestDescriptorTests$StaticTestCase,L10789,L103,C:\Users\domco\Desktop\DP\repos\junit5\junit-jupiter-engine\src\test\java\org\junit\jupiter\engine\descriptor\JupiterTestDescriptorTests.java,390,2,394,3,0.0,0,0,0,0.0,0.0,0,0,0,0,0,0,0,1,0,0,0,0.0,0.0,0,0,0,1,0.0,0,0,0,0,0,0,2,3,0,0,0,0,0,0,0,0,0,0,0,0,0,4,5,0,0,0,0,0,0,0,0,0,0,0,0,0,0,0,6,0,0,0,0,0,0,0,0,0,6,0,0,0,0,0,0,0,0
910,L10910,JupiterTestDescriptorTests$AbstractTestBase,org.junit.jupiter.engine.descriptor.JupiterTestDescriptorTests$AbstractTestBase,L10789,L103,C:\Users\domco\Desktop\DP\repos\junit5\junit-jupiter-engine\src\test\java\org\junit\jupiter\engine\descriptor\JupiterTestDescriptorTests.java,396,2,401,3,0.0,0,0,0,0.0,0.0,0,0,1,0,0,1,1,1,0,0,1,0.0,0.0,0,0,0,2,0.0,0,0,0,1,1,0,5,6,0,0,0,0,1,0,1,0,1,0,0,1,0,5,6,0,0,0,0,1,0,1,0,1,0,0,1,0,0,0,5,2,2,2,0,1,0,0,0,0,5,1,0,0,0,0,0,0,0
911,L10843,JupiterTestDescriptorTests$ConcreteTest,org.junit.jupiter.engine.descriptor.JupiterTestDescriptorTests$ConcreteTest,L10789,L103,C:\Users\domco\Desktop\DP\repos\junit5\junit-jupiter-engine\src\test\java\org\junit\jupiter\engine\descriptor\JupiterTestDescriptorTests.java,403,2,404,3,0.0,0,0,0,0.0,0.0,0,0,0,0,0,0,1,1,0,0,0,0.0,0.0,0,0,0,1,0.0,0,1,1,0,0,1,2,2,0,0,0,0,0,0,0,0,1,0,0,1,0,2,2,0,0,0,0,0,0,0,0,1,0,0,1,0,0,0,3,0,0,0,0,0,0,0,0,0,3,0,0,0,0,0,0,0,0
912,L10966,Class1WithTestCases,org.junit.jupiter.engine.descriptor.subpackage.Class1WithTestCases,L10960,L103,C:\Users\domco\Desktop\DP\repos\junit5\junit-jupiter-engine\src\test\java\org\junit\jupiter\engine\descriptor\subpackage\Class1WithTestCases.java,18,1,24,2,0.0,0,0,0,0.0,0.0,0,0,1,0,0,1,1,1,0,0,1,1.0,0.375,3,3,1,0,0.375,3,0,0,0,0,0,5,7,0,0,0,0,1,0,0,0,1,0,0,0,0,5,7,0,0,0,0,1,0,0,0,1,0,0,0,0,0,0,2,1,2,1,0,1,0,0,0,0,2,1,0,0,0,0,0,0,0
913,L10970,Class2WithTestCases,org.junit.jupiter.engine.descriptor.subpackage.Class2WithTestCases,L10960,L103,C:\Users\domco\Desktop\DP\repos\junit5\junit-jupiter-engine\src\test\java\org\junit\jupiter\engine\descriptor\subpackage\Class2WithTestCases.java,18,1,24,2,0.0,0,0,0,0.0,0.0,0,0,1,0,0,1,1,1,0,0,1,1.0,0.375,3,3,1,0,0.375,3,0,0,0,0,0,5,7,0,0,0,0,1,0,0,0,1,0,0,0,0,5,7,0,0,0,0,1,0,0,0,1,0,0,0,0,0,0,2,1,2,1,0,1,0,0,0,0,2,1,0,0,0,0,0,0,0
914,L10974,ClassWithoutTestCases,org.junit.jupiter.engine.descriptor.subpackage.ClassWithoutTestCases,L10960,L103,C:\Users\domco\Desktop\DP\repos\junit5\junit-jupiter-engine\src\test\java\org\junit\jupiter\engine\descriptor\subpackage\ClassWithoutTestCases.java,16,1,17,2,0.0,0,0,0,0.0,0.0,0,0,0,0,0,0,0,0,0,0,0,1.0,0.6,3,3,1,0,0.6,3,0,0,0,0,0,2,2,0,0,0,0,0,0,0,0,0,0,0,0,0,2,2,0,0,0,0,0,0,0,0,0,0,0,0,0,0,0,0,0,0,0,0,0,0,0,0,0,0,0,0,0,0,0,0,0,0
915,L10977,ClassWithStaticInnerTestCases,org.junit.jupiter.engine.descriptor.subpackage.ClassWithStaticInnerTestCases,L10960,L103,C:\Users\domco\Desktop\DP\repos\junit5\junit-jupiter-engine\src\test\java\org\junit\jupiter\engine\descriptor\subpackage\ClassWithStaticInnerTestCases.java,18,1,35,2,0.0,0,0,0,0.0,0.0,0,0,0,0,0,0,0,1,0,0,0,1.0,0.6,3,3,1,0,0.1875,3,0,0,0,0,0,2,5,0,0,0,0,0,0,0,0,0,0,0,0,0,13,18,0,0,0,0,2,0,0,0,2,0,0,0,0,0,0,11,0,4,0,0,2,0,0,0,0,11,2,0,0,0,0,0,0,0
916,L10989,TestFactoryTestDescriptorTests$TestSources,org.junit.jupiter.engine.descriptor.TestFactoryTestDescriptorTests$TestSources,L10986,L103,C:\Users\domco\Desktop\DP\repos\junit5\junit-jupiter-engine\src\test\java\org\junit\jupiter\engine\descriptor\TestFactoryTestDescriptorTests.java,55,2,124,3,0.0,0,0,0,0.0,0.0,0,0,5,0,0,5,10,0,0,11,16,1.0,0.05,3,3,1,0,0.05,3,0,0,0,0,0,57,70,0,0,0,0,5,0,0,0,5,39,0,0,0,57,70,0,0,0,0,5,0,0,0,5,39,0,0,0,0,0,13,0,10,5,0,5,1,0,0,0,12,0,0,0,0,0,0,0,0
917,L11040,TestFactoryTestDescriptorTests$Streams,org.junit.jupiter.engine.descriptor.TestFactoryTestDescriptorTests$Streams,L10986,L103,C:\Users\domco\Desktop\DP\repos\junit5\junit-jupiter-engine\src\test\java\org\junit\jupiter\engine\descriptor\TestFactoryTestDescriptorTests.java,126,2,181,3,0.0,0,0,0,0.0,0.0,0,0,1,0,0,4,19,0,0,14,18,0.0,0.104167,5,0,0,1,0.104167,5,0,0,0,0,0,43,56,5,0,5,0,4,0,0,0,4,18,0,0,0,43,56,5,0,5,0,4,0,0,0,4,18,0,0,0,0,0,12,1,3,0,0,3,0,0,1,1,11,0,0,0,0,0,0,0,0
918,L11056,TestFactoryTestDescriptorTests$CustomStreamTestCase,org.junit.jupiter.engine.descriptor.TestFactoryTestDescriptorTests$CustomStreamTestCase,L10986,L103,C:\Users\domco\Desktop\DP\repos\junit5\junit-jupiter-engine\src\test\java\org\junit\jupiter\engine\descriptor\TestFactoryTestDescriptorTests.java,183,2,195,3,0.0,0,0,0,0.0,0.0,0,0,1,0,0,2,1,1,1,0,2,0.0,0.0,0,0,0,1,0.0,0,0,0,0,0,0,10,13,1,0,1,0,2,0,0,0,2,2,0,0,0,10,13,1,0,1,0,2,0,0,0,2,2,0,0,0,0,0,7,0,1,0,0,1,0,0,0,0,7,0,0,0,0,0,0,0,0
919,L11093,TestInstanceLifecycleUtilsTests$TestCase,org.junit.jupiter.engine.descriptor.TestInstanceLifecycleUtilsTests$TestCase,L11082,L103,C:\Users\domco\Desktop\DP\repos\junit5\junit-jupiter-engine\src\test\java\org\junit\jupiter\engine\descriptor\TestInstanceLifecycleUtilsTests.java,100,2,102,3,0.0,0,0,0,0.0,0.0,0,0,0,0,0,0,1,1,0,0,0,0.0,0.0,0,0,0,1,0.0,0,0,0,0,0,0,3,3,0,0,0,0,0,0,0,0,0,0,0,0,0,3,3,0,0,0,0,0,0,0,0,0,0,0,0,0,0,0,3,0,1,0,0,1,0,0,0,0,3,0,0,0,0,0,0,0,0
920,L11097,TestInstanceLifecycleUtilsTests$BaseMetaAnnotatedTestCase,org.junit.jupiter.engine.descriptor.TestInstanceLifecycleUtilsTests$BaseMetaAnnotatedTestCase,L11082,L103,C:\Users\domco\Desktop\DP\repos\junit5\junit-jupiter-engine\src\test\java\org\junit\jupiter\engine\descriptor\TestInstanceLifecycleUtilsTests.java,111,2,113,3,0.0,0,0,0,0.0,0.0,0,0,0,0,0,0,1,2,0,0,0,0.0,0.0,0,0,0,1,0.0,0,0,0,1,1,0,3,3,0,0,0,0,0,0,0,0,0,0,0,0,0,3,3,0,0,0,0,0,0,0,0,0,0,0,0,0,0,0,3,0,0,0,0,0,0,0,0,0,3,0,0,0,0,0,0,0,0
921,L11101,TestInstanceLifecycleUtilsTests$SpecializedTestCase,org.junit.jupiter.engine.descriptor.TestInstanceLifecycleUtilsTests$SpecializedTestCase,L11082,L103,C:\Users\domco\Desktop\DP\repos\junit5\junit-jupiter-engine\src\test\java\org\junit\jupiter\engine\descriptor\TestInstanceLifecycleUtilsTests.java,115,2,116,3,0.0,0,0,0,0.0,0.0,0,0,0,0,0,0,1,1,0,0,0,0.0,0.0,0,0,0,1,0.0,0,1,1,0,0,1,2,2,0,0,0,0,0,0,0,0,0,0,0,0,0,2,2,0,0,0,0,0,0,0,0,0,0,0,0,0,0,0,3,0,0,0,0,0,0,0,0,0,3,0,0,0,0,0,0,0,0
922,L11115,TestTemplateInvocationTestDescriptorTests$MyTestCase,org.junit.jupiter.engine.descriptor.TestTemplateInvocationTestDescriptorTests$MyTestCase,L11111,L103,C:\Users\domco\Desktop\DP\repos\junit5\junit-jupiter-engine\src\test\java\org\junit\jupiter\engine\descriptor\TestTemplateInvocationTestDescriptorTests.java,49,2,54,3,0.0,0,0,0,0.0,0.0,0,0,1,0,0,1,2,1,0,0,1,0.0,0.0,0,0,0,1,0.0,0,0,0,0,0,0,6,6,0,0,0,0,1,0,0,0,1,0,0,0,0,6,6,0,0,0,0,1,0,0,0,1,0,0,0,0,0,0,5,0,2,0,0,1,0,0,0,0,5,1,0,0,0,0,0,0,0
923,L11135,TestTemplateTestDescriptorTests$MyTestCase,org.junit.jupiter.engine.descriptor.TestTemplateTestDescriptorTests$MyTestCase,L11125,L103,C:\Users\domco\Desktop\DP\repos\junit5\junit-jupiter-engine\src\test\java\org\junit\jupiter\engine\descriptor\TestTemplateTestDescriptorTests.java,104,2,111,3,0.0,0,0,0,0.0,0.0,0,0,1,0,0,1,2,1,0,0,1,0.0,0.0,0,0,0,1,0.0,0,0,0,0,0,0,7,8,0,0,0,0,1,0,0,0,1,0,0,0,0,7,8,0,0,0,0,1,0,0,0,1,0,0,0,0,0,0,5,0,2,0,0,1,0,0,0,0,5,1,0,0,0,0,0,0,0
924,L11554,IsInnerClass,org.junit.jupiter.engine.discovery.predicates.IsInnerClass,L11535,L103,C:\Users\domco\Desktop\DP\repos\junit5\junit-jupiter-engine\src\main\java\org\junit\jupiter\engine\discovery\predicates\IsInnerClass.java,26,1,42,2,0.0,0,0,0,0.0,0.0,0,0,1,1,1,3,1,1,1,2,3,0.5,0.315789,6,5,1,1,0.315789,6,0,0,0,0,0,13,17,0,0,0,0,1,0,1,0,1,5,0,1,0,13,17,0,0,0,0,1,0,1,0,1,5,0,1,0,0,0,3,0,1,0,0,0,0,0,0,1,3,0,0,0,0,0,0,0,0
925,L11177,IsNestedTestClass,org.junit.jupiter.engine.discovery.predicates.IsNestedTestClass,L11535,L103,C:\Users\domco\Desktop\DP\repos\junit5\junit-jupiter-engine\src\main\java\org\junit\jupiter\engine\discovery\predicates\IsNestedTestClass.java,26,1,40,2,0.0,0,0,0,0.0,0.0,0,0,1,1,1,2,3,2,2,2,3,0.5,0.352941,6,5,1,1,0.352941,6,0,0,0,0,0,11,15,1,0,1,0,1,0,1,0,1,3,0,1,0,11,15,1,0,1,0,1,0,1,0,1,3,0,1,0,0,0,3,0,0,0,0,0,0,0,0,0,3,0,0,0,0,0,0,0,0
926,L11574,IsPotentialTestContainer,org.junit.jupiter.engine.discovery.predicates.IsPotentialTestContainer,L11535,L103,C:\Users\domco\Desktop\DP\repos\junit5\junit-jupiter-engine\src\main\java\org\junit\jupiter\engine\discovery\predicates\IsPotentialTestContainer.java,28,1,49,2,0.0,0,0,0,0.0,0.0,0,0,1,1,1,5,1,2,6,3,4,0.5,0.269231,7,6,1,1,0.269231,7,0,0,0,0,0,19,22,0,0,0,0,1,0,1,0,1,9,0,1,0,19,22,0,0,0,0,1,0,1,0,1,9,0,1,0,0,0,3,0,0,0,0,0,0,0,0,0,3,0,0,0,0,0,0,0,0
927,L11585,IsTestableMethod,org.junit.jupiter.engine.discovery.predicates.IsTestableMethod,L11535,L103,C:\Users\domco\Desktop\DP\repos\junit5\junit-jupiter-engine\src\main\java\org\junit\jupiter\engine\discovery\predicates\IsTestableMethod.java,26,1,55,2,0.0,0,0,0,0.0,0.0,0,0,1,1,1,6,2,3,3,5,7,0.5,0.142857,4,3,1,1,0.142857,4,0,0,3,3,0,24,30,2,0,2,0,2,0,1,0,2,11,0,1,0,24,30,2,0,2,0,2,0,1,0,2,11,0,1,0,0,0,7,0,0,0,0,0,0,0,0,0,7,0,0,0,0,0,0,0,0
928,L11173,IsTestClassWithTests,org.junit.jupiter.engine.discovery.predicates.IsTestClassWithTests,L11535,L103,C:\Users\domco\Desktop\DP\repos\junit5\junit-jupiter-engine\src\main\java\org\junit\jupiter\engine\discovery\predicates\IsTestClassWithTests.java,27,1,57,2,0.0,0,0,0,0.0,0.0,0,0,1,0,0,5,6,1,1,3,6,0.5,0.222222,6,6,1,1,0.222222,6,0,0,0,0,0,21,31,6,0,6,0,3,1,1,0,3,3,1,1,0,21,31,6,0,6,0,3,1,1,0,3,3,1,1,0,0,0,14,0,0,0,0,0,0,0,0,0,9,0,0,0,0,0,0,5,0
929,L11470,IsTestFactoryMethod,org.junit.jupiter.engine.discovery.predicates.IsTestFactoryMethod,L11535,L103,C:\Users\domco\Desktop\DP\repos\junit5\junit-jupiter-engine\src\main\java\org\junit\jupiter\engine\discovery\predicates\IsTestFactoryMethod.java,26,1,33,2,0.0,0,0,0,0.0,0.0,0,0,0,0,0,1,2,1,0,1,2,0.5,0.571429,8,8,1,1,0.571429,8,1,1,0,0,1,6,8,2,0,0,0,1,0,1,0,3,1,0,2,0,6,8,2,0,0,0,1,0,1,0,3,1,0,2,0,0,0,3,0,0,0,0,0,0,0,0,0,3,0,0,0,0,0,0,0,0
930,L11453,IsTestMethod,org.junit.jupiter.engine.discovery.predicates.IsTestMethod,L11535,L103,C:\Users\domco\Desktop\DP\repos\junit5\junit-jupiter-engine\src\main\java\org\junit\jupiter\engine\discovery\predicates\IsTestMethod.java,23,1,30,2,0.0,0,0,0,0.0,0.0,0,0,0,0,0,1,2,1,0,1,2,0.5,0.454545,5,5,1,1,0.454545,5,1,1,0,0,1,6,8,2,0,0,0,1,0,1,0,3,1,0,2,0,6,8,2,0,0,0,1,0,1,0,3,1,0,2,0,0,0,3,0,0,0,0,0,0,0,0,0,3,0,0,0,0,0,0,0,0
931,L11485,IsTestTemplateMethod,org.junit.jupiter.engine.discovery.predicates.IsTestTemplateMethod,L11535,L103,C:\Users\domco\Desktop\DP\repos\junit5\junit-jupiter-engine\src\main\java\org\junit\jupiter\engine\discovery\predicates\IsTestTemplateMethod.java,23,1,30,2,0.0,0,0,0,0.0,0.0,0,0,0,0,0,1,2,2,0,1,2,0.5,0.454545,5,5,1,1,0.454545,5,1,1,0,0,1,6,8,2,0,0,0,1,0,1,0,3,1,0,2,0,6,8,2,0,0,0,1,0,1,0,3,1,0,2,0,0,0,3,0,0,0,0,0,0,0,0,0,3,0,0,0,0,0,0,0,0
932,L11639,IsInnerClassTests,org.junit.jupiter.engine.discovery.predicates.IsInnerClassTests,L11535,L103,C:\Users\domco\Desktop\DP\repos\junit5\junit-jupiter-engine\src\test\java\org\junit\jupiter\engine\discovery\predicates\IsInnerClassTests.java,22,1,54,2,0.0,0,0,0,0.0,0.0,0,0,1,0,0,3,5,0,0,0,3,1.0,0.166667,3,3,1,0,0.115385,3,0,0,0,0,0,15,21,1,0,1,0,3,0,0,0,3,3,0,0,0,23,33,1,0,1,0,3,0,0,0,3,3,0,0,0,0,0,20,0,3,0,0,3,0,0,0,0,20,0,0,0,0,0,0,0,0
933,L11663,IsNestedTestClassTests,org.junit.jupiter.engine.discovery.predicates.IsNestedTestClassTests,L11535,L103,C:\Users\domco\Desktop\DP\repos\junit5\junit-jupiter-engine\src\test\java\org\junit\jupiter\engine\discovery\predicates\IsNestedTestClassTests.java,23,1,58,2,0.0,0,0,0,0.0,0.0,0,0,1,0,0,3,5,0,0,0,3,1.0,0.166667,3,3,1,0,0.103448,3,0,0,0,0,0,15,21,1,0,1,0,3,0,0,0,3,3,0,0,0,26,36,1,0,1,0,3,0,0,0,3,3,0,0,0,0,0,20,0,3,0,0,3,0,0,0,0,20,0,0,0,0,0,0,0,0
934,L11687,IsPotentialTestContainerTests,org.junit.jupiter.engine.discovery.predicates.IsPotentialTestContainerTests,L11535,L103,C:\Users\domco\Desktop\DP\repos\junit5\junit-jupiter-engine\src\test\java\org\junit\jupiter\engine\discovery\predicates\IsPotentialTestContainerTests.java,21,1,68,2,0.0,0,0,0,0.0,0.0,0,0,1,0,0,5,7,0,0,3,8,1.0,0.107143,3,3,1,0,0.0789474,3,0,0,0,0,0,25,38,1,0,1,0,5,0,0,0,5,6,0,0,0,35,48,1,0,1,0,6,0,1,0,6,7,0,1,0,0,0,26,0,10,5,0,5,0,0,0,0,26,0,0,0,0,0,0,0,0
935,L11701,AbstractClass,org.junit.jupiter.engine.discovery.predicates.AbstractClass,L11535,L103,C:\Users\domco\Desktop\DP\repos\junit5\junit-jupiter-engine\src\test\java\org\junit\jupiter\engine\discovery\predicates\IsPotentialTestContainerTests.java,70,1,71,2,0.0,0,0,0,0.0,0.0,0,0,0,0,0,0,0,1,0,0,0,0.0,0.0,0,0,0,1,0.0,0,0,0,0,0,0,2,2,0,0,0,0,0,0,0,0,0,0,0,0,0,2,2,0,0,0,0,0,0,0,0,0,0,0,0,0,0,0,3,0,1,1,0,0,0,0,0,0,3,0,0,0,0,0,0,0,0
936,L11717,IsTestClassWithTestsTests,org.junit.jupiter.engine.discovery.predicates.IsTestClassWithTestsTests,L11535,L103,C:\Users\domco\Desktop\DP\repos\junit5\junit-jupiter-engine\src\test\java\org\junit\jupiter\engine\discovery\predicates\IsTestClassWithTestsTests.java,31,1,146,2,0.0,0,0,0,0.0,0.0,0,0,1,0,0,10,12,0,0,2,12,1.0,0.122449,6,6,1,0,0.0909091,8,0,0,0,0,0,43,67,1,0,1,0,10,0,0,0,10,10,0,0,0,80,116,1,0,1,0,17,0,0,0,17,11,0,0,0,0,0,57,5,33,15,0,17,1,0,1,0,55,6,0,0,0,0,0,0,1.0
937,L11723,ClassWithTestMethod,org.junit.jupiter.engine.discovery.predicates.ClassWithTestMethod,L11535,L103,C:\Users\domco\Desktop\DP\repos\junit5\junit-jupiter-engine\src\test\java\org\junit\jupiter\engine\discovery\predicates\IsTestClassWithTestsTests.java,150,1,156,2,0.0,0,0,0,0.0,0.0,0,0,1,0,0,1,1,1,0,0,1,1.0,0.166667,1,1,1,0,0.166667,1,0,0,0,0,0,5,7,0,0,0,0,1,0,0,0,1,0,0,0,0,5,7,0,0,0,0,1,0,0,0,1,0,0,0,0,0,0,4,1,2,1,0,1,0,0,0,0,4,1,0,0,0,0,0,0,0
938,L11727,ClassWithTestFactory,org.junit.jupiter.engine.discovery.predicates.ClassWithTestFactory,L11535,L103,C:\Users\domco\Desktop\DP\repos\junit5\junit-jupiter-engine\src\test\java\org\junit\jupiter\engine\discovery\predicates\IsTestClassWithTestsTests.java,158,1,165,2,0.0,0,0,0,0.0,0.0,0,0,1,0,0,1,2,1,0,0,1,0.0,0.0,0,0,0,1,0.0,0,0,0,0,0,0,6,8,0,0,0,0,1,0,0,0,1,1,0,0,0,6,8,0,0,0,0,1,0,0,0,1,1,0,0,0,0,0,5,0,2,0,0,1,0,0,0,0,5,0,1,0,0,0,0,0,0
939,L11731,ClassWithTestTemplate,org.junit.jupiter.engine.discovery.predicates.ClassWithTestTemplate,L11535,L103,C:\Users\domco\Desktop\DP\repos\junit5\junit-jupiter-engine\src\test\java\org\junit\jupiter\engine\discovery\predicates\IsTestClassWithTestsTests.java,167,1,173,2,0.0,0,0,0,0.0,0.0,0,0,1,0,0,1,1,1,0,0,1,0.0,0.0,0,0,0,1,0.0,0,0,0,0,0,0,5,7,0,0,0,0,1,0,0,0,1,0,0,0,0,5,7,0,0,0,0,1,0,0,0,1,0,0,0,0,0,0,5,0,3,0,0,1,0,0,0,0,5,1,1,0,0,0,0,0,0
940,L11735,ClassWithNestedTestClass,org.junit.jupiter.engine.discovery.predicates.ClassWithNestedTestClass,L11535,L103,C:\Users\domco\Desktop\DP\repos\junit5\junit-jupiter-engine\src\test\java\org\junit\jupiter\engine\discovery\predicates\IsTestClassWithTestsTests.java,175,1,189,2,0.0,0,0,0,0.0,0.0,0,0,0,0,0,0,0,1,0,0,0,0.0,0.0,0,0,0,1,0.0,0,0,0,0,0,0,2,3,0,0,0,0,0,0,0,0,0,0,0,0,0,11,15,0,0,0,0,2,0,0,0,2,0,0,0,0,0,0,11,2,5,2,0,2,1,0,0,0,10,2,1,0,0,0,0,0,0
941,L11797,IsTestFactoryMethodTests,org.junit.jupiter.engine.discovery.predicates.IsTestFactoryMethodTests,L11535,L103,C:\Users\domco\Desktop\DP\repos\junit5\junit-jupiter-engine\src\test\java\org\junit\jupiter\engine\discovery\predicates\IsTestFactoryMethodTests.java,31,1,86,2,0.0,0,0,0,0.0,0.0,0,0,1,0,0,5,4,0,0,1,6,1.0,0.225806,7,7,1,0,0.145833,7,0,0,0,0,0,24,34,1,0,1,0,5,0,0,0,5,5,0,0,0,41,56,1,0,1,0,9,0,0,0,9,8,0,0,0,0,0,24,0,9,0,0,8,1,0,0,0,23,1,0,0,0,0,0,0,0
942,L11822,IsTestMethodTests,org.junit.jupiter.engine.discovery.predicates.IsTestMethodTests,L11535,L103,C:\Users\domco\Desktop\DP\repos\junit5\junit-jupiter-engine\src\test\java\org\junit\jupiter\engine\discovery\predicates\IsTestMethodTests.java,28,1,146,2,0.0,0,0,0,0.0,0.0,0,0,1,0,0,12,6,0,0,3,15,1.0,0.116667,7,5,1,0,0.0729167,7,0,0,0,0,0,53,71,1,0,1,0,12,0,0,0,12,16,0,0,0,89,119,1,0,1,0,22,0,2,0,22,19,0,2,0,0,0,53,8,26,12,0,16,1,0,0,0,52,6,0,0,0,0,0,0,0
943,L11865,IsTestTemplateMethodTests,org.junit.jupiter.engine.discovery.predicates.IsTestTemplateMethodTests,L11535,L103,C:\Users\domco\Desktop\DP\repos\junit5\junit-jupiter-engine\src\test\java\org\junit\jupiter\engine\discovery\predicates\IsTestTemplateMethodTests.java,26,1,57,2,0.0,0,0,0,0.0,0.0,0,0,1,0,0,3,4,0,0,1,4,1.0,0.263158,5,5,1,0,0.178571,5,0,0,0,0,0,14,20,1,0,1,0,3,0,0,0,3,3,0,0,0,23,32,1,0,1,0,5,0,0,0,5,4,0,0,0,0,0,15,0,5,0,0,4,1,0,0,0,14,1,0,0,0,0,0,0,0
944,L11947,OtherTestClass$NestedTestClass,org.junit.jupiter.engine.discovery.OtherTestClass$NestedTestClass,L11950,L103,C:\Users\domco\Desktop\DP\repos\junit5\junit-jupiter-engine\src\test\java\org\junit\jupiter\engine\discovery\DiscoverySelectorResolverTests.java,836,2,845,3,0.0,0,0,0,0.0,0.0,0,0,2,0,0,2,1,1,0,0,2,0.0,0.0,0,0,0,1,0.0,0,0,0,0,0,0,8,10,0,0,0,0,2,0,0,0,2,0,0,0,0,8,10,0,0,0,0,2,0,0,0,2,0,0,0,0,0,0,8,2,4,2,0,2,1,0,0,0,7,2,0,0,0,0,0,0,0
945,L12038,TestCaseWithNesting$NestedTestCase,org.junit.jupiter.engine.discovery.TestCaseWithNesting$NestedTestCase,L12035,L103,C:\Users\domco\Desktop\DP\repos\junit5\junit-jupiter-engine\src\test\java\org\junit\jupiter\engine\discovery\DiscoverySelectorResolverTests.java,854,2,868,3,0.0,0,0,0,0.0,0.0,0,0,1,0,0,1,2,1,0,0,1,0.0,0.0,0,0,0,1,0.0,0,0,0,0,0,0,6,8,0,0,0,0,1,0,0,0,1,0,0,0,0,12,15,0,0,0,0,2,0,0,0,2,0,0,0,0,0,0,10,2,4,2,0,2,0,0,0,0,10,2,0,0,0,0,0,0,0
946,L12140,MatchingClass$NestedClass,org.junit.jupiter.engine.discovery.MatchingClass$NestedClass,L12073,L103,C:\Users\domco\Desktop\DP\repos\junit5\junit-jupiter-engine\src\test\java\org\junit\jupiter\engine\discovery\DiscoverySelectorResolverTests.java,879,2,884,3,0.0,0,0,0,0.0,0.0,0,0,1,0,0,1,2,0,0,0,1,0.0,0.0,0,0,0,1,0.0,0,0,0,0,0,0,6,6,0,0,0,0,1,0,0,0,1,0,0,0,0,6,6,0,0,0,0,1,0,0,0,1,0,0,0,0,0,0,5,1,2,1,0,1,0,0,0,0,5,1,0,0,0,0,0,0,0
947,L12153,DiscoveryTests$AbstractTestCase,org.junit.jupiter.engine.discovery.DiscoveryTests$AbstractTestCase,L12145,L103,C:\Users\domco\Desktop\DP\repos\junit5\junit-jupiter-engine\src\test\java\org\junit\jupiter\engine\discovery\DiscoveryTests.java,165,2,171,3,0.0,0,0,0,0.0,0.0,0,0,1,0,0,1,1,1,0,0,1,1.0,0.166667,1,1,1,0,0.166667,1,0,0,0,0,0,5,7,0,0,0,0,1,0,0,0,1,0,0,0,0,5,7,0,0,0,0,1,0,0,0,1,0,0,0,0,0,0,4,2,3,2,0,2,0,0,0,0,4,1,0,0,0,0,0,0,0
948,L12149,DiscoveryTests$LocalTestCase,org.junit.jupiter.engine.discovery.DiscoveryTests$LocalTestCase,L12145,L103,C:\Users\domco\Desktop\DP\repos\junit5\junit-jupiter-engine\src\test\java\org\junit\jupiter\engine\discovery\DiscoveryTests.java,173,2,200,3,0.0,0,0,0,0.0,0.0,0,0,6,0,0,6,3,1,0,0,6,0.0,0.047619,1,0,0,1,0.047619,1,0,0,0,0,0,20,28,0,0,0,0,6,0,0,0,6,0,0,0,0,20,28,0,0,0,0,6,0,0,0,6,0,0,0,0,0,0,14,5,11,5,0,6,1,0,0,0,13,5,0,0,0,0,0,0,0
949,L12163,DiscoveryTests$TestTemplateClass,org.junit.jupiter.engine.discovery.DiscoveryTests$TestTemplateClass,L12145,L103,C:\Users\domco\Desktop\DP\repos\junit5\junit-jupiter-engine\src\test\java\org\junit\jupiter\engine\discovery\DiscoveryTests.java,207,2,213,3,0.0,0,0,0,0.0,0.0,0,0,1,0,0,1,1,1,0,0,1,0.0,0.0,0,0,0,1,0.0,0,0,0,0,0,0,5,7,0,0,0,0,1,0,0,0,1,0,0,0,0,5,7,0,0,0,0,1,0,0,0,1,0,0,0,0,0,0,5,0,2,0,0,1,0,0,0,0,5,1,0,0,0,0,0,0,0
950,L12177,DiscoveryTests$AbstractSuperClass,org.junit.jupiter.engine.discovery.DiscoveryTests$AbstractSuperClass,L12145,L103,C:\Users\domco\Desktop\DP\repos\junit5\junit-jupiter-engine\src\test\java\org\junit\jupiter\engine\discovery\DiscoveryTests.java,215,2,222,3,0.0,0,0,0,0.0,0.0,0,0,0,0,0,0,0,2,0,0,0,0.0,0.0,0,0,0,1,0.0,0,0,0,1,1,0,2,2,0,0,0,0,0,0,0,0,0,0,0,0,0,8,8,0,0,0,0,1,0,0,0,1,0,0,0,0,0,0,8,1,3,2,0,1,0,0,0,0,8,1,0,0,0,0,0,0,0
951,L12168,DiscoveryTests$TestCaseWithExtendedNested,org.junit.jupiter.engine.discovery.DiscoveryTests$TestCaseWithExtendedNested,L12145,L103,C:\Users\domco\Desktop\DP\repos\junit5\junit-jupiter-engine\src\test\java\org\junit\jupiter\engine\discovery\DiscoveryTests.java,224,2,228,3,0.0,0,0,0,0.0,0.0,0,0,0,0,0,0,0,1,0,0,0,0.0,0.0,0,0,0,1,0.0,0,0,0,0,0,0,2,2,0,0,0,0,0,0,0,0,0,0,0,0,0,5,5,0,0,0,0,0,0,0,0,0,0,0,0,0,0,0,6,0,0,0,0,0,0,0,0,0,6,0,0,0,0,0,0,0,0
952,L12508,ExtensionValuesStore$CompositeKey,org.junit.jupiter.engine.execution.ExtensionValuesStore$CompositeKey,L9307,L103,C:\Users\domco\Desktop\DP\repos\junit5\junit-jupiter-engine\src\main\java\org\junit\jupiter\engine\execution\ExtensionValuesStore.java,135,2,162,3,0.0,0,0,0,0.0,0.0,0,0,1,1,1,7,1,1,4,1,4,0.0,0.0,0,0,0,3,0.0,0,0,0,0,0,0,23,28,2,0,2,0,3,0,2,0,3,9,0,2,0,23,28,2,0,2,0,3,0,2,0,3,9,0,2,0,0,0,9,0,0,0,0,0,0,0,0,0,9,0,0,0,0,0,0,0,0
953,L12556,ExtensionValuesStore$MemoizingSupplier,org.junit.jupiter.engine.execution.ExtensionValuesStore$MemoizingSupplier,L9307,L103,C:\Users\domco\Desktop\DP\repos\junit5\junit-jupiter-engine\src\main\java\org\junit\jupiter\engine\execution\ExtensionValuesStore.java,164,2,192,3,0.0,0,0,0,0.0,0.0,0,0,1,3,3,4,0,1,1,0,2,0.0,0.0,0,0,0,2,0.0,0,0,0,0,0,0,24,29,4,0,4,0,2,0,1,0,2,8,0,1,0,24,29,4,0,4,0,2,0,1,0,2,8,0,1,0,0,0,7,0,0,0,0,0,0,0,0,0,7,0,0,0,0,0,0,0,0
954,L12684,InvocationInterceptorChain$InterceptedInvocation<T extends Object>,org.junit.jupiter.engine.execution.InvocationInterceptorChain$InterceptedInvocation,L9931,L103,C:\Users\domco\Desktop\DP\repos\junit5\junit-jupiter-engine\src\main\java\org\junit\jupiter\engine\execution\InvocationInterceptorChain.java,92,2,113,3,0.0,0,0,0,0.0,0.0,0,0,1,0,0,3,3,1,1,2,5,0.0,0.0,0,0,0,3,0.0,0,1,1,0,0,1,18,22,3,0,3,0,3,0,2,0,3,5,0,2,0,18,22,3,0,3,0,3,0,2,0,3,5,0,2,0,0,0,9,0,0,0,0,0,0,0,0,0,9,0,0,0,0,0,0,0,0
955,L12663,InvocationInterceptorChain$ValidatingInvocation<T extends Object>,org.junit.jupiter.engine.execution.InvocationInterceptorChain$ValidatingInvocation,L9931,L103,C:\Users\domco\Desktop\DP\repos\junit5\junit-jupiter-engine\src\main\java\org\junit\jupiter\engine\execution\InvocationInterceptorChain.java,115,2,158,3,0.0,0,0,0,0.0,0.0,0,0,1,1,1,8,5,1,1,5,11,0.0,0.0,0,0,0,3,0.0,0,1,1,0,0,1,36,44,4,0,4,0,6,0,2,0,6,13,0,2,0,36,44,4,0,4,0,6,0,2,0,6,13,0,2,0,0,0,15,0,1,0,0,1,0,0,0,0,15,0,0,0,0,0,0,0,0
956,L12755,JupiterEngineExecutionContext$State,org.junit.jupiter.engine.execution.JupiterEngineExecutionContext$State,L9445,L103,C:\Users\domco\Desktop\DP\repos\junit5\junit-jupiter-engine\src\main\java\org\junit\jupiter\engine\execution\JupiterEngineExecutionContext.java,123,2,147,3,0.0,0,0,0,0.0,0.0,0,0,1,1,1,3,7,2,2,1,3,0.0,0.0,0,0,0,2,0.0,0,0,0,0,0,0,21,25,6,0,6,0,2,0,1,0,2,5,0,1,0,21,25,6,0,6,0,2,0,1,0,2,5,0,1,0,0,0,8,0,6,0,0,6,0,0,0,0,7,0,0,0,0,0,0,1,0
957,L12792,JupiterEngineExecutionContext$Builder,org.junit.jupiter.engine.execution.JupiterEngineExecutionContext$Builder,L9445,L103,C:\Users\domco\Desktop\DP\repos\junit5\junit-jupiter-engine\src\main\java\org\junit\jupiter\engine\execution\JupiterEngineExecutionContext.java,149,2,193,3,0.0,0,0,0,0.0,0.0,0,0,1,1,1,9,6,8,11,2,9,0.0,0.0,0,0,0,6,0.0,0,0,0,0,0,0,36,45,2,0,2,0,7,0,5,0,7,16,0,5,0,36,45,2,0,2,0,7,0,5,0,7,16,0,5,0,0,0,17,0,2,0,0,0,0,0,0,0,17,0,1,0,0,1,0,0,0
958,L12901,DefaultTestInstancesTests$Nested,org.junit.jupiter.engine.execution.DefaultTestInstancesTests$Nested,L12891,L103,C:\Users\domco\Desktop\DP\repos\junit5\junit-jupiter-engine\src\test\java\org\junit\jupiter\engine\execution\DefaultTestInstancesTests.java,45,2,46,3,0.0,0,0,0,0.0,0.0,0,0,0,0,0,0,0,1,0,0,0,0.0,0.0,0,0,0,1,0.0,0,0,0,0,0,0,2,2,0,0,0,0,0,0,0,0,0,0,0,0,0,2,2,0,0,0,0,0,0,0,0,0,0,0,0,0,0,0,3,0,0,0,0,0,0,0,0,0,3,0,0,0,0,0,0,0,0
959,L12997,ExecutableInvokerTests$ArgumentRecordingParameterResolver,org.junit.jupiter.engine.execution.ExecutableInvokerTests$ArgumentRecordingParameterResolver,L12917,L103,C:\Users\domco\Desktop\DP\repos\junit5\junit-jupiter-engine\src\test\java\org\junit\jupiter\engine\execution\ExecutableInvokerTests.java,333,2,360,3,0.0,0,0,0,0.0,0.0,0,0,2,0,0,2,4,1,0,1,3,0.333333,0.0666667,1,1,1,2,0.0434783,1,2,2,0,0,1,14,18,2,0,2,0,2,0,2,0,2,4,0,2,0,22,28,4,0,4,0,3,0,2,0,3,6,0,2,0,0,0,13,0,4,0,0,4,1,0,0,0,12,0,0,0,0,0,0,0,0
960,L13023,ExecutableInvokerTests$ConfigurableParameterResolver,org.junit.jupiter.engine.execution.ExecutableInvokerTests$ConfigurableParameterResolver,L12917,L103,C:\Users\domco\Desktop\DP\repos\junit5\junit-jupiter-engine\src\test\java\org\junit\jupiter\engine\execution\ExecutableInvokerTests.java,362,2,400,3,0.0,0,0,0,0.0,0.0,0,0,1,0,0,6,3,1,4,0,6,0.0,0.0,0,0,0,3,0.0,0,2,2,0,0,1,29,39,2,0,2,0,6,0,2,0,6,7,0,2,0,29,39,2,0,2,0,6,0,2,0,6,7,0,2,0,0,0,15,0,5,0,0,5,0,0,0,0,15,0,0,0,0,0,0,0,0
961,L12933,ExecutableInvokerTests$StringParameterResolver,org.junit.jupiter.engine.execution.ExecutableInvokerTests$StringParameterResolver,L12917,L103,C:\Users\domco\Desktop\DP\repos\junit5\junit-jupiter-engine\src\test\java\org\junit\jupiter\engine\execution\ExecutableInvokerTests.java,413,2,424,3,0.0,0,0,0,0.0,0.0,0,0,2,0,0,2,4,1,0,1,3,0.0,0.0,0,0,0,3,0.0,0,2,2,0,0,1,10,12,0,0,0,0,2,0,2,0,2,2,0,2,0,10,12,0,0,0,0,2,0,2,0,2,2,0,2,0,0,0,8,0,0,0,0,0,1,0,0,0,7,0,0,0,0,0,0,0,0
962,L12938,ExecutableInvokerTests$NumberParameterResolver,org.junit.jupiter.engine.execution.ExecutableInvokerTests$NumberParameterResolver,L12917,L103,C:\Users\domco\Desktop\DP\repos\junit5\junit-jupiter-engine\src\test\java\org\junit\jupiter\engine\execution\ExecutableInvokerTests.java,426,2,437,3,0.0,0,0,0,0.0,0.0,0,0,2,0,0,2,3,1,0,1,3,0.0,0.0,0,0,0,3,0.0,0,2,2,0,0,1,10,12,0,0,0,0,2,0,2,0,2,2,0,2,0,10,12,0,0,0,0,2,0,2,0,2,2,0,2,0,0,0,8,0,0,0,0,0,1,0,0,0,7,0,0,0,0,0,0,0,0
963,L12944,ExecutableInvokerTests$ConstructorInjectionTestCase,org.junit.jupiter.engine.execution.ExecutableInvokerTests$ConstructorInjectionTestCase,L12917,L103,C:\Users\domco\Desktop\DP\repos\junit5\junit-jupiter-engine\src\test\java\org\junit\jupiter\engine\execution\ExecutableInvokerTests.java,439,2,457,3,0.0,0,0,0,0.0,0.0,0,0,0,0,0,1,0,1,0,0,1,0.0,0.0,0,0,0,1,0.0,0,0,0,0,0,0,7,10,1,0,1,0,1,0,0,0,1,1,0,0,0,14,19,2,0,2,0,2,0,0,0,2,2,0,0,0,0,0,10,0,2,0,0,2,0,0,0,0,10,0,0,0,0,0,0,0,0
964,L13169,ExtensionValuesStoreTests$StoringValuesTests,org.junit.jupiter.engine.execution.ExtensionValuesStoreTests$StoringValuesTests,L13158,L103,C:\Users\domco\Desktop\DP\repos\junit5\junit-jupiter-engine\src\test\java\org\junit\jupiter\engine\execution\ExtensionValuesStoreTests.java,52,2,314,3,0.0713536,1,2,2,0.0836502,0.101523,22,20,16,0,0,24,7,0,0,15,39,0.0,0.0574163,12,0,0,1,0.0574163,12,0,0,0,0,0,197,263,0,8,0,8,24,0,0,0,24,114,0,0,0,197,263,0,8,0,8,24,0,0,0,24,114,0,0,0,0,0,68,2,42,18,14,24,1,0,0,0,51,0,2,0,0,0,0,2,0
965,L13234,ExtensionValuesStoreTests$InheritedValuesTests,org.junit.jupiter.engine.execution.ExtensionValuesStoreTests$InheritedValuesTests,L13158,L103,C:\Users\domco\Desktop\DP\repos\junit5\junit-jupiter-engine\src\test\java\org\junit\jupiter\engine\execution\ExtensionValuesStoreTests.java,340,2,359,3,0.0,0,0,0,0.0,0.0,0,0,2,0,0,2,5,0,0,3,5,0.0,0.0,0,0,0,1,0.0,0,0,0,0,0,0,16,20,0,0,0,0,2,0,0,0,2,7,0,0,0,16,20,0,0,0,0,2,0,0,0,2,7,0,0,0,0,0,8,0,3,1,0,2,1,0,0,0,7,0,0,0,0,0,0,0,0
966,L13238,ExtensionValuesStoreTests$CompositeNamespaceTests,org.junit.jupiter.engine.execution.ExtensionValuesStoreTests$CompositeNamespaceTests,L13158,L103,C:\Users\domco\Desktop\DP\repos\junit5\junit-jupiter-engine\src\test\java\org\junit\jupiter\engine\execution\ExtensionValuesStoreTests.java,361,2,397,3,0.0,0,0,0,0.0,0.0,0,0,3,0,0,3,6,0,0,6,9,0.0,0.0,0,0,0,1,0.0,0,0,0,0,0,0,27,37,0,0,0,0,3,0,0,0,3,15,0,0,0,27,37,0,0,0,0,3,0,0,0,3,15,0,0,0,0,0,10,2,4,1,0,3,1,0,0,0,9,0,2,0,0,0,0,0,0
967,L13418,UniqueIdParsingForArrayParameterIntegrationTests$PrimitiveArrayMethodInjectionTestCase,org.junit.jupiter.engine.execution.UniqueIdParsingForArrayParameterIntegrationTests$PrimitiveArrayMethodInjectionTestCase,L13409,L103,C:\Users\domco\Desktop\DP\repos\junit5\junit-jupiter-engine\src\test\java\org\junit\jupiter\engine\execution\UniqueIdParsingForArrayParameterIntegrationTests.java,58,2,65,3,0.0,0,0,0,0.0,0.0,0,0,1,0,0,1,4,1,0,1,2,0.0,0.0,0,0,0,1,0.0,0,0,0,0,0,0,7,8,0,0,0,0,1,0,0,0,1,1,0,0,0,7,8,0,0,0,0,1,0,0,0,1,1,0,0,0,0,0,5,0,2,1,0,1,0,0,0,0,5,0,0,0,0,0,0,0,0
968,L13681,RepetitionInfoParameterResolver$DefaultRepetitionInfo,org.junit.jupiter.engine.extension.RepetitionInfoParameterResolver$DefaultRepetitionInfo,L13663,L103,C:\Users\domco\Desktop\DP\repos\junit5\junit-jupiter-engine\src\main\java\org\junit\jupiter\engine\extension\RepetitionInfoParameterResolver.java,45,2,75,3,0.0,0,0,0,0.0,0.0,0,0,1,0,0,4,2,1,1,3,7,0.0,0.08,2,0,0,4,0.08,2,1,1,0,0,1,23,31,2,2,2,2,4,0,3,0,4,5,0,3,0,23,31,2,2,2,2,4,0,3,0,4,5,0,3,0,0,0,11,0,0,0,0,0,0,0,0,0,11,0,0,0,0,0,0,0,0
969,L13744,TempDirectory$CloseablePath,org.junit.jupiter.engine.extension.TempDirectory$CloseablePath,L13528,L103,C:\Users\domco\Desktop\DP\repos\junit5\junit-jupiter-engine\src\main\java\org\junit\jupiter\engine\extension\TempDirectory.java,166,2,272,3,0.0,0,0,0,0.0,0.0,0,0,2,1,1,11,1,1,2,0,7,0.0,0.037037,2,0,0,2,0.0322581,3,1,1,0,0,1,52,63,1,0,1,0,7,0,1,0,7,19,0,1,0,90,107,1,0,1,0,12,0,3,0,12,34,0,3,0,0,2,31,1,1,0,0,1,1,0,0,1,30,0,2,0,0,0,0,0,1.0
970,L13828,TempDirectory$UndeletableFileException,org.junit.jupiter.engine.extension.TempDirectory$UndeletableFileException,L13528,L103,C:\Users\domco\Desktop\DP\repos\junit5\junit-jupiter-engine\src\main\java\org\junit\jupiter\engine\extension\TempDirectory.java,274,2,287,3,0.0,0,0,0,0.0,0.0,0,0,1,0,0,2,1,1,1,1,3,0.0,0.0909091,1,0,0,2,0.0909091,1,1,1,0,0,1,10,14,2,0,1,0,2,0,1,0,4,2,0,3,0,10,14,2,0,1,0,2,0,1,0,4,2,0,3,0,0,0,7,0,1,0,0,0,0,0,0,0,7,0,0,0,1,0,0,0,0
971,L13859,TestInfoParameterResolver$DefaultTestInfo,org.junit.jupiter.engine.extension.TestInfoParameterResolver$DefaultTestInfo,L13537,L103,C:\Users\domco\Desktop\DP\repos\junit5\junit-jupiter-engine\src\main\java\org\junit\jupiter\engine\extension\TestInfoParameterResolver.java,41,2,91,3,0.0,0,0,0,0.0,0.0,0,0,1,0,0,8,3,1,1,7,14,0.0,0.047619,2,0,0,6,0.047619,2,1,1,0,0,1,40,51,4,4,4,4,7,0,5,0,7,10,0,5,0,40,51,4,4,4,4,7,0,5,0,7,10,0,5,0,0,0,17,0,0,0,0,0,0,0,0,0,17,0,0,0,0,0,0,0,0
972,L14127,TimeoutExtension$ExecutorResource,org.junit.jupiter.engine.extension.TimeoutExtension$ExecutorResource,L13531,L103,C:\Users\domco\Desktop\DP\repos\junit5\junit-jupiter-engine\src\main\java\org\junit\jupiter\engine\extension\TimeoutExtension.java,215,2,242,3,0.0,0,0,0,0.0,0.0,0,0,1,1,1,4,2,1,1,1,4,0.0,0.0,0,0,0,2,0.0,0,1,1,0,0,1,20,28,1,0,1,0,3,0,1,0,3,7,0,1,0,20,28,1,0,1,0,3,0,1,0,3,7,0,1,0,0,0,9,0,1,0,0,1,0,0,0,0,9,0,0,0,0,0,0,0,0
973,L14169,TimeoutInvocation$InterruptTask,org.junit.jupiter.engine.extension.TimeoutInvocation$InterruptTask,L14106,L103,C:\Users\domco\Desktop\DP\repos\junit5\junit-jupiter-engine\src\main\java\org\junit\jupiter\engine\extension\TimeoutInvocation.java,77,2,92,3,0.0,0,0,0,0.0,0.0,0,0,1,0,0,2,0,1,1,0,2,0.0,0.0,0,0,0,2,0.0,0,0,0,0,0,0,12,16,2,0,2,0,2,0,1,0,2,3,0,1,0,12,16,2,0,2,0,2,0,1,0,2,3,0,1,0,0,0,7,0,0,0,0,0,0,0,0,0,7,0,0,0,0,0,0,0,0
974,L14217,BeforeAndAfterAllTests$TopLevelTestCase,org.junit.jupiter.engine.extension.BeforeAndAfterAllTests$TopLevelTestCase,L14209,L103,C:\Users\domco\Desktop\DP\repos\junit5\junit-jupiter-engine\src\test\java\org\junit\jupiter\engine\extension\BeforeAndAfterAllTests.java,182,2,199,3,0.0,0,0,0,0.0,0.0,0,0,3,0,0,3,7,2,0,0,3,1.0,0.117647,2,2,1,0,0.117647,2,0,0,1,3,0,15,18,0,0,0,0,3,0,0,0,3,3,0,0,0,15,18,0,0,0,0,3,0,0,0,3,3,0,0,0,0,0,9,1,3,1,0,3,1,0,0,0,8,0,0,0,0,0,0,0,0
975,L14222,BeforeAndAfterAllTests$SecondLevelTestCase,org.junit.jupiter.engine.extension.BeforeAndAfterAllTests$SecondLevelTestCase,L14209,L103,C:\Users\domco\Desktop\DP\repos\junit5\junit-jupiter-engine\src\test\java\org\junit\jupiter\engine\extension\BeforeAndAfterAllTests.java,202,2,220,3,0.0,0,0,0,0.0,0.0,0,0,3,0,0,3,7,3,0,0,3,1.0,0.0588235,1,1,1,0,0.0588235,1,1,1,2,2,1,16,19,0,0,0,0,3,0,0,0,6,3,0,0,0,16,19,0,0,0,0,3,0,0,0,6,3,0,0,0,0,0,9,1,3,1,0,3,1,0,0,0,8,0,0,0,0,0,0,0,0
976,L14226,BeforeAndAfterAllTests$ThirdLevelTestCase,org.junit.jupiter.engine.extension.BeforeAndAfterAllTests$ThirdLevelTestCase,L14209,L103,C:\Users\domco\Desktop\DP\repos\junit5\junit-jupiter-engine\src\test\java\org\junit\jupiter\engine\extension\BeforeAndAfterAllTests.java,222,2,240,3,0.0,0,0,0,0.0,0.0,0,0,3,0,0,3,7,1,0,0,3,0.0,0.0,0,0,0,1,0.0,0,2,2,0,0,1,16,19,0,0,0,0,3,0,0,0,9,3,0,0,0,16,19,0,0,0,0,3,0,0,0,9,3,0,0,0,0,0,10,1,3,1,0,3,1,0,0,0,9,0,0,0,0,0,0,0,0
977,L14230,BeforeAndAfterAllTests$ThirdLevelStaticHidingTestCase,org.junit.jupiter.engine.extension.BeforeAndAfterAllTests$ThirdLevelStaticHidingTestCase,L14209,L103,C:\Users\domco\Desktop\DP\repos\junit5\junit-jupiter-engine\src\test\java\org\junit\jupiter\engine\extension\BeforeAndAfterAllTests.java,242,2,280,3,0.0,0,0,0,0.0,0.0,0,0,7,0,0,7,7,1,0,0,7,0.0,0.0,0,0,0,1,0.0,0,2,2,0,0,1,32,39,0,0,0,0,7,0,0,0,13,7,0,0,0,32,39,0,0,0,0,7,0,0,0,13,7,0,0,0,0,0,18,1,7,1,0,7,1,0,0,0,17,0,0,0,0,0,0,0,0
978,L14236,BeforeAndAfterAllTests$ExceptionInBeforeAllMethodTestCase,org.junit.jupiter.engine.extension.BeforeAndAfterAllTests$ExceptionInBeforeAllMethodTestCase,L14209,L103,C:\Users\domco\Desktop\DP\repos\junit5\junit-jupiter-engine\src\test\java\org\junit\jupiter\engine\extension\BeforeAndAfterAllTests.java,282,2,300,3,0.0,0,0,0,0.0,0.0,0,0,3,0,0,3,7,1,0,1,4,0.0,0.0,0,0,0,1,0.0,0,0,0,0,0,0,16,19,0,0,0,0,3,0,0,0,3,4,0,0,0,16,19,0,0,0,0,3,0,0,0,3,4,0,0,0,0,0,10,1,3,1,0,3,1,0,0,0,9,0,0,0,0,0,0,0,0
979,L14243,BeforeAndAfterAllTests$ExceptionInBeforeAllCallbackTestCase,org.junit.jupiter.engine.extension.BeforeAndAfterAllTests$ExceptionInBeforeAllCallbackTestCase,L14209,L103,C:\Users\domco\Desktop\DP\repos\junit5\junit-jupiter-engine\src\test\java\org\junit\jupiter\engine\extension\BeforeAndAfterAllTests.java,302,2,319,3,0.0,0,0,0,0.0,0.0,0,0,3,0,0,3,7,1,0,0,3,0.0,0.0,0,0,0,1,0.0,0,0,0,0,0,0,15,18,0,0,0,0,3,0,0,0,3,3,0,0,0,15,18,0,0,0,0,3,0,0,0,3,3,0,0,0,0,0,10,1,3,1,0,3,1,0,0,0,9,0,0,0,0,0,0,0,0
980,L14257,BeforeAndAfterAllTests$FooClassLevelCallbacks,org.junit.jupiter.engine.extension.BeforeAndAfterAllTests$FooClassLevelCallbacks,L14209,L103,C:\Users\domco\Desktop\DP\repos\junit5\junit-jupiter-engine\src\test\java\org\junit\jupiter\engine\extension\BeforeAndAfterAllTests.java,323,2,335,3,0.0,0,0,0,0.0,0.0,0,0,2,0,0,2,4,3,0,1,3,0.333333,0.0833333,1,1,1,2,0.0833333,1,2,3,0,0,2,11,13,0,0,0,0,2,0,2,0,2,3,0,2,0,11,13,0,0,0,0,2,0,2,0,2,3,0,2,0,0,0,9,0,0,0,0,0,1,0,0,0,7,0,0,1,0,0,0,0,0
981,L14260,BeforeAndAfterAllTests$BarClassLevelCallbacks,org.junit.jupiter.engine.extension.BeforeAndAfterAllTests$BarClassLevelCallbacks,L14209,L103,C:\Users\domco\Desktop\DP\repos\junit5\junit-jupiter-engine\src\test\java\org\junit\jupiter\engine\extension\BeforeAndAfterAllTests.java,337,2,348,3,0.0,0,0,0,0.0,0.0,0,0,2,0,0,2,4,1,0,0,2,0.0,0.0,0,0,0,3,0.0,0,2,3,0,0,2,10,12,0,0,0,0,2,0,2,0,2,2,0,2,0,10,12,0,0,0,0,2,0,2,0,2,2,0,2,0,0,0,9,0,0,0,0,0,1,0,0,0,7,0,0,1,0,0,0,0,0
982,L14268,BeforeAndAfterAllTests$BazClassLevelCallbacks,org.junit.jupiter.engine.extension.BeforeAndAfterAllTests$BazClassLevelCallbacks,L14209,L103,C:\Users\domco\Desktop\DP\repos\junit5\junit-jupiter-engine\src\test\java\org\junit\jupiter\engine\extension\BeforeAndAfterAllTests.java,350,2,361,3,0.0,0,0,0,0.0,0.0,0,0,2,0,0,2,4,1,0,0,2,0.0,0.0,0,0,0,3,0.0,0,2,3,0,0,2,10,12,0,0,0,0,2,0,2,0,2,2,0,2,0,10,12,0,0,0,0,2,0,2,0,2,2,0,2,0,0,0,9,0,0,0,0,0,1,0,0,0,7,0,0,1,0,0,0,0,0
983,L14276,BeforeAndAfterAllTests$QuuxClassLevelCallbacks,org.junit.jupiter.engine.extension.BeforeAndAfterAllTests$QuuxClassLevelCallbacks,L14209,L103,C:\Users\domco\Desktop\DP\repos\junit5\junit-jupiter-engine\src\test\java\org\junit\jupiter\engine\extension\BeforeAndAfterAllTests.java,363,2,374,3,0.0,0,0,0,0.0,0.0,0,0,2,0,0,2,4,2,0,0,2,0.0,0.0,0,0,0,3,0.0,0,2,3,0,0,2,10,12,0,0,0,0,2,0,2,0,2,2,0,2,0,10,12,0,0,0,0,2,0,2,0,2,2,0,2,0,0,0,9,0,0,0,0,0,1,0,0,0,7,0,0,1,0,0,0,0,0
984,L14298,BeforeAndAfterAllTests$ExceptionThrowingBeforeAllCallback,org.junit.jupiter.engine.extension.BeforeAndAfterAllTests$ExceptionThrowingBeforeAllCallback,L14209,L103,C:\Users\domco\Desktop\DP\repos\junit5\junit-jupiter-engine\src\test\java\org\junit\jupiter\engine\extension\BeforeAndAfterAllTests.java,376,2,383,3,0.0,0,0,0,0.0,0.0,0,0,1,0,0,1,4,1,0,1,2,0.0,0.0,0,0,0,2,0.0,0,2,2,0,0,1,7,8,0,0,0,0,1,0,1,0,1,2,0,1,0,7,8,0,0,0,0,1,0,1,0,1,2,0,1,0,0,0,5,0,0,0,0,0,0,0,0,0,5,0,0,0,0,0,0,0,0
985,L14376,BeforeAndAfterEachTests$ParentTestCase,org.junit.jupiter.engine.extension.BeforeAndAfterEachTests$ParentTestCase,L14330,L103,C:\Users\domco\Desktop\DP\repos\junit5\junit-jupiter-engine\src\test\java\org\junit\jupiter\engine\extension\BeforeAndAfterEachTests.java,287,2,289,3,0.0,0,0,0,0.0,0.0,0,0,0,0,0,0,2,1,0,0,0,1.0,0.25,1,1,1,0,0.25,1,0,0,1,1,0,3,3,0,0,0,0,0,0,0,0,0,0,0,0,0,3,3,0,0,0,0,0,0,0,0,0,0,0,0,0,0,0,0,0,0,0,0,0,0,0,0,0,0,0,0,0,0,0,0,0,0
986,L14349,BeforeAndAfterEachTests$ChildTestCase,org.junit.jupiter.engine.extension.BeforeAndAfterEachTests$ChildTestCase,L14330,L103,C:\Users\domco\Desktop\DP\repos\junit5\junit-jupiter-engine\src\test\java\org\junit\jupiter\engine\extension\BeforeAndAfterEachTests.java,291,2,298,3,0.0,0,0,0,0.0,0.0,0,0,1,0,0,1,5,1,0,0,1,0.0,0.0,0,0,0,1,0.0,0,1,1,0,0,1,7,8,0,0,0,0,1,0,0,0,1,1,0,0,0,7,8,0,0,0,0,1,0,0,0,1,1,0,0,0,0,0,5,1,1,1,0,1,0,0,0,0,5,0,0,0,0,0,0,0,0
987,L14353,BeforeAndAfterEachTests$TestInterfaceTestCase,org.junit.jupiter.engine.extension.BeforeAndAfterEachTests$TestInterfaceTestCase,L14330,L103,C:\Users\domco\Desktop\DP\repos\junit5\junit-jupiter-engine\src\test\java\org\junit\jupiter\engine\extension\BeforeAndAfterEachTests.java,309,2,316,3,0.0,0,0,0,0.0,0.0,0,0,1,0,0,1,5,1,0,0,1,0.0,0.0,0,0,0,1,0.0,0,1,1,0,0,1,7,8,0,0,0,0,1,0,0,0,2,1,0,1,0,7,8,0,0,0,0,1,0,0,0,2,1,0,1,0,0,0,5,1,1,1,0,1,0,0,0,0,5,0,0,0,0,0,0,0,0
988,L14341,BeforeAndAfterEachTests$OuterTestCase,org.junit.jupiter.engine.extension.BeforeAndAfterEachTests$OuterTestCase,L14330,L103,C:\Users\domco\Desktop\DP\repos\junit5\junit-jupiter-engine\src\test\java\org\junit\jupiter\engine\extension\BeforeAndAfterEachTests.java,318,2,355,3,0.0,0,0,0,0.0,0.0,0,0,3,0,0,3,7,1,0,0,3,0.0,0.0,0,0,0,1,0.0,0,0,0,0,0,0,15,19,0,0,0,0,3,0,0,0,3,3,0,0,0,31,38,0,0,0,0,6,0,0,0,6,6,0,0,0,0,0,20,2,6,2,0,6,2,0,0,0,18,0,0,0,0,0,0,0,0
989,L14357,BeforeAndAfterEachTests$ExceptionInBeforeEachCallbackTestCase,org.junit.jupiter.engine.extension.BeforeAndAfterEachTests$ExceptionInBeforeEachCallbackTestCase,L14330,L103,C:\Users\domco\Desktop\DP\repos\junit5\junit-jupiter-engine\src\test\java\org\junit\jupiter\engine\extension\BeforeAndAfterEachTests.java,357,2,375,3,0.0,0,0,0,0.0,0.0,0,0,3,0,0,3,8,1,0,0,3,0.0,0.0,0,0,0,1,0.0,0,0,0,0,0,0,16,19,0,0,0,0,3,0,0,0,3,3,0,0,0,16,19,0,0,0,0,3,0,0,0,3,3,0,0,0,0,0,10,1,3,1,0,3,1,0,0,0,9,0,0,0,0,0,0,0,0
990,L14361,BeforeAndAfterEachTests$ExceptionInAfterEachCallbackTestCase,org.junit.jupiter.engine.extension.BeforeAndAfterEachTests$ExceptionInAfterEachCallbackTestCase,L14330,L103,C:\Users\domco\Desktop\DP\repos\junit5\junit-jupiter-engine\src\test\java\org\junit\jupiter\engine\extension\BeforeAndAfterEachTests.java,377,2,395,3,0.0,0,0,0,0.0,0.0,0,0,3,0,0,3,8,1,0,0,3,0.0,0.0,0,0,0,1,0.0,0,0,0,0,0,0,16,19,0,0,0,0,3,0,0,0,3,3,0,0,0,16,19,0,0,0,0,3,0,0,0,3,3,0,0,0,0,0,10,1,3,1,0,3,1,0,0,0,9,0,0,0,0,0,0,0,0
991,L14365,BeforeAndAfterEachTests$ExceptionInBeforeEachMethodTestCase,org.junit.jupiter.engine.extension.BeforeAndAfterEachTests$ExceptionInBeforeEachMethodTestCase,L14330,L103,C:\Users\domco\Desktop\DP\repos\junit5\junit-jupiter-engine\src\test\java\org\junit\jupiter\engine\extension\BeforeAndAfterEachTests.java,397,2,422,3,0.0,0,0,0,0.0,0.0,0,0,4,0,0,4,7,1,0,1,5,0.0,0.0,0,0,0,1,0.0,0,0,0,0,0,0,22,26,0,0,0,0,4,0,0,0,4,7,0,0,0,22,26,0,0,0,0,4,0,0,0,4,7,0,0,0,0,0,12,1,4,1,0,4,1,0,0,0,11,0,0,0,0,0,0,0,0
992,L14369,BeforeAndAfterEachTests$ExceptionInAfterEachMethodTestCase,org.junit.jupiter.engine.extension.BeforeAndAfterEachTests$ExceptionInAfterEachMethodTestCase,L14330,L103,C:\Users\domco\Desktop\DP\repos\junit5\junit-jupiter-engine\src\test\java\org\junit\jupiter\engine\extension\BeforeAndAfterEachTests.java,424,2,442,3,0.0,0,0,0,0.0,0.0,0,0,3,0,0,3,7,1,0,1,4,0.0,0.0,0,0,0,1,0.0,0,0,0,0,0,0,16,19,0,0,0,0,3,0,0,0,3,4,0,0,0,16,19,0,0,0,0,3,0,0,0,3,4,0,0,0,0,0,10,1,3,1,0,3,1,0,0,0,9,0,0,0,0,0,0,0,0
993,L14373,BeforeAndAfterEachTests$ExceptionInTestMethodTestCase,org.junit.jupiter.engine.extension.BeforeAndAfterEachTests$ExceptionInTestMethodTestCase,L14330,L103,C:\Users\domco\Desktop\DP\repos\junit5\junit-jupiter-engine\src\test\java\org\junit\jupiter\engine\extension\BeforeAndAfterEachTests.java,444,2,462,3,0.0,0,0,0,0.0,0.0,0,0,3,0,0,3,7,1,0,1,4,0.0,0.0,0,0,0,1,0.0,0,0,0,0,0,0,16,19,0,0,0,0,3,0,0,0,3,4,0,0,0,16,19,0,0,0,0,3,0,0,0,3,4,0,0,0,0,0,10,1,3,1,0,3,1,0,0,0,9,0,0,0,0,0,0,0,0
994,L14378,BeforeAndAfterEachTests$FooMethodLevelCallbacks,org.junit.jupiter.engine.extension.BeforeAndAfterEachTests$FooMethodLevelCallbacks,L14330,L103,C:\Users\domco\Desktop\DP\repos\junit5\junit-jupiter-engine\src\test\java\org\junit\jupiter\engine\extension\BeforeAndAfterEachTests.java,466,2,478,3,0.0,0,0,0,0.0,0.0,0,0,2,0,0,2,4,8,0,1,3,0.333333,0.0833333,1,1,1,2,0.0833333,1,2,3,0,0,2,11,13,0,0,0,0,2,0,2,0,2,3,0,2,0,11,13,0,0,0,0,2,0,2,0,2,3,0,2,0,0,0,9,0,0,0,0,0,1,0,0,0,7,0,0,1,0,0,0,0,0
995,L14384,BeforeAndAfterEachTests$BarMethodLevelCallbacks,org.junit.jupiter.engine.extension.BeforeAndAfterEachTests$BarMethodLevelCallbacks,L14330,L103,C:\Users\domco\Desktop\DP\repos\junit5\junit-jupiter-engine\src\test\java\org\junit\jupiter\engine\extension\BeforeAndAfterEachTests.java,480,2,491,3,0.0,0,0,0,0.0,0.0,0,0,2,0,0,2,4,5,0,0,2,0.0,0.0,0,0,0,3,0.0,0,2,3,0,0,2,10,12,0,0,0,0,2,0,2,0,2,2,0,2,0,10,12,0,0,0,0,2,0,2,0,2,2,0,2,0,0,0,9,0,0,0,0,0,1,0,0,0,7,0,0,1,0,0,0,0,0
996,L14401,BeforeAndAfterEachTests$FizzMethodLevelCallbacks,org.junit.jupiter.engine.extension.BeforeAndAfterEachTests$FizzMethodLevelCallbacks,L14330,L103,C:\Users\domco\Desktop\DP\repos\junit5\junit-jupiter-engine\src\test\java\org\junit\jupiter\engine\extension\BeforeAndAfterEachTests.java,493,2,504,3,0.0,0,0,0,0.0,0.0,0,0,2,0,0,2,4,1,0,0,2,0.0,0.0,0,0,0,3,0.0,0,2,3,0,0,2,10,12,0,0,0,0,2,0,2,0,2,2,0,2,0,10,12,0,0,0,0,2,0,2,0,2,2,0,2,0,0,0,9,0,0,0,0,0,1,0,0,0,7,0,0,1,0,0,0,0,0
997,L14408,BeforeAndAfterEachTests$ExceptionThrowingBeforeEachCallback,org.junit.jupiter.engine.extension.BeforeAndAfterEachTests$ExceptionThrowingBeforeEachCallback,L14330,L103,C:\Users\domco\Desktop\DP\repos\junit5\junit-jupiter-engine\src\test\java\org\junit\jupiter\engine\extension\BeforeAndAfterEachTests.java,506,2,513,3,0.0,0,0,0,0.0,0.0,0,0,1,0,0,1,4,1,0,1,2,0.0,0.0,0,0,0,2,0.0,0,2,2,0,0,1,7,8,0,0,0,0,1,0,1,0,1,2,0,1,0,7,8,0,0,0,0,1,0,1,0,1,2,0,1,0,0,0,5,0,0,0,0,0,0,0,0,0,5,0,0,0,0,0,0,0,0
998,L14415,BeforeAndAfterEachTests$ExceptionThrowingAfterEachCallback,org.junit.jupiter.engine.extension.BeforeAndAfterEachTests$ExceptionThrowingAfterEachCallback,L14330,L103,C:\Users\domco\Desktop\DP\repos\junit5\junit-jupiter-engine\src\test\java\org\junit\jupiter\engine\extension\BeforeAndAfterEachTests.java,515,2,522,3,0.0,0,0,0,0.0,0.0,0,0,1,0,0,1,4,1,0,1,2,0.0,0.0,0,0,0,2,0.0,0,2,2,0,0,1,7,8,0,0,0,0,1,0,1,0,1,2,0,1,0,7,8,0,0,0,0,1,0,1,0,1,2,0,1,0,0,0,5,0,0,0,0,0,0,0,0,0,5,0,0,0,0,0,0,0,0
999,L14493,BeforeAndAfterTestExecutionCallbackTests$ParentTestCase,org.junit.jupiter.engine.extension.BeforeAndAfterTestExecutionCallbackTests$ParentTestCase,L14457,L103,C:\Users\domco\Desktop\DP\repos\junit5\junit-jupiter-engine\src\test\java\org\junit\jupiter\engine\extension\BeforeAndAfterTestExecutionCallbackTests.java,255,2,257,3,0.0,0,0,0,0.0,0.0,0,0,0,0,0,0,2,1,0,0,0,1.0,0.25,1,1,1,0,0.25,1,0,0,1,1,0,3,3,0,0,0,0,0,0,0,0,0,0,0,0,0,3,3,0,0,0,0,0,0,0,0,0,0,0,0,0,0,0,0,0,0,0,0,0,0,0,0,0,0,0,0,0,0,0,0,0,0
1000,L14470,BeforeAndAfterTestExecutionCallbackTests$ChildTestCase,org.junit.jupiter.engine.extension.BeforeAndAfterTestExecutionCallbackTests$ChildTestCase,L14457,L103,C:\Users\domco\Desktop\DP\repos\junit5\junit-jupiter-engine\src\test\java\org\junit\jupiter\engine\extension\BeforeAndAfterTestExecutionCallbackTests.java,259,2,266,3,0.0,0,0,0,0.0,0.0,0,0,1,0,0,1,5,1,0,0,1,0.0,0.0,0,0,0,1,0.0,0,1,1,0,0,1,7,8,0,0,0,0,1,0,0,0,1,1,0,0,0,7,8,0,0,0,0,1,0,0,0,1,1,0,0,0,0,0,5,1,1,1,0,1,0,0,0,0,5,0,0,0,0,0,0,0,0
1001,L14474,BeforeAndAfterTestExecutionCallbackTests$TestInterfaceTestCase,org.junit.jupiter.engine.extension.BeforeAndAfterTestExecutionCallbackTests$TestInterfaceTestCase,L14457,L103,C:\Users\domco\Desktop\DP\repos\junit5\junit-jupiter-engine\src\test\java\org\junit\jupiter\engine\extension\BeforeAndAfterTestExecutionCallbackTests.java,277,2,284,3,0.0,0,0,0,0.0,0.0,0,0,1,0,0,1,5,1,0,0,1,0.0,0.0,0,0,0,1,0.0,0,1,1,0,0,1,7,8,0,0,0,0,1,0,0,0,2,1,0,1,0,7,8,0,0,0,0,1,0,0,0,2,1,0,1,0,0,0,5,1,1,1,0,1,0,0,0,0,5,0,0,0,0,0,0,0,0
1002,L14466,BeforeAndAfterTestExecutionCallbackTests$OuterTestCase,org.junit.jupiter.engine.extension.BeforeAndAfterTestExecutionCallbackTests$OuterTestCase,L14457,L103,C:\Users\domco\Desktop\DP\repos\junit5\junit-jupiter-engine\src\test\java\org\junit\jupiter\engine\extension\BeforeAndAfterTestExecutionCallbackTests.java,286,2,323,3,0.0,0,0,0,0.0,0.0,0,0,3,0,0,3,7,1,0,0,3,0.0,0.0,0,0,0,1,0.0,0,0,0,0,0,0,15,19,0,0,0,0,3,0,0,0,3,3,0,0,0,31,38,0,0,0,0,6,0,0,0,6,6,0,0,0,0,0,20,2,6,2,0,6,2,0,0,0,18,0,0,0,0,0,0,0,0
1003,L14482,BeforeAndAfterTestExecutionCallbackTests$ExceptionInBeforeTestExecutionCallbackTestCase,org.junit.jupiter.engine.extension.BeforeAndAfterTestExecutionCallbackTests$ExceptionInBeforeTestExecutionCallbackTestCase,L14457,L103,C:\Users\domco\Desktop\DP\repos\junit5\junit-jupiter-engine\src\test\java\org\junit\jupiter\engine\extension\BeforeAndAfterTestExecutionCallbackTests.java,325,2,343,3,0.0,0,0,0,0.0,0.0,0,0,3,0,0,3,8,1,0,0,3,0.0,0.0,0,0,0,1,0.0,0,0,0,0,0,0,16,19,0,0,0,0,3,0,0,0,3,3,0,0,0,16,19,0,0,0,0,3,0,0,0,3,3,0,0,0,0,0,10,1,3,1,0,3,1,0,0,0,9,0,0,0,0,0,0,0,0
1004,L14486,BeforeAndAfterTestExecutionCallbackTests$ExceptionInAfterTestExecutionCallbackTestCase,org.junit.jupiter.engine.extension.BeforeAndAfterTestExecutionCallbackTests$ExceptionInAfterTestExecutionCallbackTestCase,L14457,L103,C:\Users\domco\Desktop\DP\repos\junit5\junit-jupiter-engine\src\test\java\org\junit\jupiter\engine\extension\BeforeAndAfterTestExecutionCallbackTests.java,345,2,363,3,0.0,0,0,0,0.0,0.0,0,0,3,0,0,3,8,1,0,0,3,0.0,0.0,0,0,0,1,0.0,0,0,0,0,0,0,16,19,0,0,0,0,3,0,0,0,3,3,0,0,0,16,19,0,0,0,0,3,0,0,0,3,3,0,0,0,0,0,10,1,3,1,0,3,1,0,0,0,9,0,0,0,0,0,0,0,0
1005,L14478,BeforeAndAfterTestExecutionCallbackTests$ExceptionInBeforeEachMethodTestCase,org.junit.jupiter.engine.extension.BeforeAndAfterTestExecutionCallbackTests$ExceptionInBeforeEachMethodTestCase,L14457,L103,C:\Users\domco\Desktop\DP\repos\junit5\junit-jupiter-engine\src\test\java\org\junit\jupiter\engine\extension\BeforeAndAfterTestExecutionCallbackTests.java,365,2,383,3,0.0,0,0,0,0.0,0.0,0,0,3,0,0,3,7,1,0,1,4,0.0,0.0,0,0,0,1,0.0,0,0,0,0,0,0,16,19,0,0,0,0,3,0,0,0,3,4,0,0,0,16,19,0,0,0,0,3,0,0,0,3,4,0,0,0,0,0,10,1,3,1,0,3,1,0,0,0,9,0,0,0,0,0,0,0,0
1006,L14490,BeforeAndAfterTestExecutionCallbackTests$ExceptionInTestMethodTestCase,org.junit.jupiter.engine.extension.BeforeAndAfterTestExecutionCallbackTests$ExceptionInTestMethodTestCase,L14457,L103,C:\Users\domco\Desktop\DP\repos\junit5\junit-jupiter-engine\src\test\java\org\junit\jupiter\engine\extension\BeforeAndAfterTestExecutionCallbackTests.java,385,2,403,3,0.0,0,0,0,0.0,0.0,0,0,3,0,0,3,7,1,0,1,4,0.0,0.0,0,0,0,1,0.0,0,0,0,0,0,0,16,19,0,0,0,0,3,0,0,0,3,4,0,0,0,16,19,0,0,0,0,3,0,0,0,3,4,0,0,0,0,0,10,1,3,1,0,3,1,0,0,0,9,0,0,0,0,0,0,0,0
1007,L14495,BeforeAndAfterTestExecutionCallbackTests$FooTestExecutionCallbacks,org.junit.jupiter.engine.extension.BeforeAndAfterTestExecutionCallbackTests$FooTestExecutionCallbacks,L14457,L103,C:\Users\domco\Desktop\DP\repos\junit5\junit-jupiter-engine\src\test\java\org\junit\jupiter\engine\extension\BeforeAndAfterTestExecutionCallbackTests.java,407,2,419,3,0.0,0,0,0,0.0,0.0,0,0,2,0,0,2,4,7,0,1,3,0.333333,0.0833333,1,1,1,2,0.0833333,1,2,3,0,0,2,11,13,0,0,0,0,2,0,2,0,2,3,0,2,0,11,13,0,0,0,0,2,0,2,0,2,3,0,2,0,0,0,9,0,0,0,0,0,1,0,0,0,7,0,0,1,0,0,0,0,0
1008,L14501,BeforeAndAfterTestExecutionCallbackTests$BarTestExecutionCallbacks,org.junit.jupiter.engine.extension.BeforeAndAfterTestExecutionCallbackTests$BarTestExecutionCallbacks,L14457,L103,C:\Users\domco\Desktop\DP\repos\junit5\junit-jupiter-engine\src\test\java\org\junit\jupiter\engine\extension\BeforeAndAfterTestExecutionCallbackTests.java,421,2,432,3,0.0,0,0,0,0.0,0.0,0,0,2,0,0,2,4,5,0,0,2,0.0,0.0,0,0,0,3,0.0,0,2,3,0,0,2,10,12,0,0,0,0,2,0,2,0,2,2,0,2,0,10,12,0,0,0,0,2,0,2,0,2,2,0,2,0,0,0,9,0,0,0,0,0,1,0,0,0,7,0,0,1,0,0,0,0,0
1009,L14518,BeforeAndAfterTestExecutionCallbackTests$FizzTestExecutionCallbacks,org.junit.jupiter.engine.extension.BeforeAndAfterTestExecutionCallbackTests$FizzTestExecutionCallbacks,L14457,L103,C:\Users\domco\Desktop\DP\repos\junit5\junit-jupiter-engine\src\test\java\org\junit\jupiter\engine\extension\BeforeAndAfterTestExecutionCallbackTests.java,434,2,445,3,0.0,0,0,0,0.0,0.0,0,0,2,0,0,2,4,1,0,0,2,0.0,0.0,0,0,0,3,0.0,0,2,3,0,0,2,10,12,0,0,0,0,2,0,2,0,2,2,0,2,0,10,12,0,0,0,0,2,0,2,0,2,2,0,2,0,0,0,9,0,0,0,0,0,1,0,0,0,7,0,0,1,0,0,0,0,0
1010,L14525,BeforeAndAfterTestExecutionCallbackTests$ExceptionThrowingBeforeTestExecutionCallback,org.junit.jupiter.engine.extension.BeforeAndAfterTestExecutionCallbackTests$ExceptionThrowingBeforeTestExecutionCallback,L14457,L103,C:\Users\domco\Desktop\DP\repos\junit5\junit-jupiter-engine\src\test\java\org\junit\jupiter\engine\extension\BeforeAndAfterTestExecutionCallbackTests.java,447,2,454,3,0.0,0,0,0,0.0,0.0,0,0,1,0,0,1,4,1,0,1,2,0.0,0.0,0,0,0,2,0.0,0,2,2,0,0,1,7,8,0,0,0,0,1,0,1,0,1,2,0,1,0,7,8,0,0,0,0,1,0,1,0,1,2,0,1,0,0,0,5,0,0,0,0,0,0,0,0,0,5,0,0,0,0,0,0,0,0
1011,L14532,BeforeAndAfterTestExecutionCallbackTests$ExceptionThrowingAfterTestExecutionCallback,org.junit.jupiter.engine.extension.BeforeAndAfterTestExecutionCallbackTests$ExceptionThrowingAfterTestExecutionCallback,L14457,L103,C:\Users\domco\Desktop\DP\repos\junit5\junit-jupiter-engine\src\test\java\org\junit\jupiter\engine\extension\BeforeAndAfterTestExecutionCallbackTests.java,456,2,463,3,0.0,0,0,0,0.0,0.0,0,0,1,0,0,1,4,1,0,1,2,0.0,0.0,0,0,0,2,0.0,0,2,2,0,0,1,7,8,0,0,0,0,1,0,1,0,1,2,0,1,0,7,8,0,0,0,0,1,0,1,0,1,2,0,1,0,0,0,5,0,0,0,0,0,0,0,0,0,5,0,0,0,0,0,0,0,0
1012,L14589,ExecutionConditionTests$TestCaseWithExecutionConditionOnClass,org.junit.jupiter.engine.extension.ExecutionConditionTests$TestCaseWithExecutionConditionOnClass,L14578,L103,C:\Users\domco\Desktop\DP\repos\junit5\junit-jupiter-engine\src\test\java\org\junit\jupiter\engine\extension\ExecutionConditionTests.java,137,2,150,3,0.0,0,0,0,0.0,0.0,0,0,2,0,0,2,4,1,0,1,3,1.0,0.0769231,1,1,1,0,0.0769231,1,0,0,0,0,0,12,14,0,0,0,0,2,0,0,0,2,2,0,0,0,12,14,0,0,0,0,2,0,0,0,2,2,0,0,0,0,0,7,0,2,0,0,2,1,0,0,0,6,0,0,0,0,0,0,0,0
1013,L14593,ExecutionConditionTests$TestCaseWithExecutionConditionOnMethods,org.junit.jupiter.engine.extension.ExecutionConditionTests$TestCaseWithExecutionConditionOnMethods,L14578,L103,C:\Users\domco\Desktop\DP\repos\junit5\junit-jupiter-engine\src\test\java\org\junit\jupiter\engine\extension\ExecutionConditionTests.java,152,2,181,3,0.0,0,0,0,0.0,0.0,0,0,5,0,0,5,5,1,0,1,6,0.0,0.0,0,0,0,1,0.0,0,0,0,0,0,0,24,30,0,0,0,0,5,0,0,0,5,3,0,0,0,24,30,0,0,0,0,5,0,0,0,5,3,0,0,0,0,0,14,2,7,2,0,5,1,0,0,0,13,2,0,0,0,0,0,0,0
1014,L14635,ExtensionContextExecutionTests$ExtensionContextParameterResolver,org.junit.jupiter.engine.extension.ExtensionContextExecutionTests$ExtensionContextParameterResolver,L14632,L103,C:\Users\domco\Desktop\DP\repos\junit5\junit-jupiter-engine\src\test\java\org\junit\jupiter\engine\extension\ExtensionContextExecutionTests.java,48,2,60,3,0.0,0,0,0,0.0,0.0,0,0,2,0,0,2,4,1,0,1,3,0.0,0.0,0,0,0,3,0.0,0,2,2,0,0,1,12,13,0,0,0,0,2,0,2,0,2,2,0,2,0,12,13,0,0,0,0,2,0,2,0,2,2,0,2,0,0,0,8,0,0,0,0,0,1,0,0,0,7,0,0,0,0,0,0,0,0
1015,L14660,ExtensionContextExecutionTests$Parent,org.junit.jupiter.engine.extension.ExtensionContextExecutionTests$Parent,L14632,L103,C:\Users\domco\Desktop\DP\repos\junit5\junit-jupiter-engine\src\test\java\org\junit\jupiter\engine\extension\ExtensionContextExecutionTests.java,72,2,79,3,0.0,0,0,0,0.0,0.0,0,0,1,0,0,1,3,3,0,0,1,0.0,0.0,0,0,0,1,0.0,0,0,0,2,2,0,7,8,1,0,1,0,1,0,0,0,1,0,0,0,0,7,8,1,0,1,0,1,0,0,0,1,0,0,0,0,0,0,5,1,3,1,0,2,0,0,0,0,5,1,0,0,0,0,0,0,0
1016,L14654,ExtensionContextExecutionTests$A,org.junit.jupiter.engine.extension.ExtensionContextExecutionTests$A,L14632,L103,C:\Users\domco\Desktop\DP\repos\junit5\junit-jupiter-engine\src\test\java\org\junit\jupiter\engine\extension\ExtensionContextExecutionTests.java,81,2,82,3,0.0,0,0,0,0.0,0.0,0,0,0,0,0,0,1,1,0,0,0,0.0,0.0,0,0,0,1,0.0,0,1,1,0,0,1,2,2,1,0,0,0,0,0,0,0,1,0,0,0,0,2,2,1,0,0,0,0,0,0,0,1,0,0,0,0,0,0,3,0,1,0,0,1,0,0,0,0,3,0,0,0,0,0,0,0,0
1017,L14657,ExtensionContextExecutionTests$B,org.junit.jupiter.engine.extension.ExtensionContextExecutionTests$B,L14632,L103,C:\Users\domco\Desktop\DP\repos\junit5\junit-jupiter-engine\src\test\java\org\junit\jupiter\engine\extension\ExtensionContextExecutionTests.java,84,2,85,3,0.0,0,0,0,0.0,0.0,0,0,0,0,0,0,1,1,0,0,0,0.0,0.0,0,0,0,1,0.0,0,1,1,0,0,1,2,2,1,0,0,0,0,0,0,0,1,0,0,0,0,2,2,1,0,0,0,0,0,0,0,1,0,0,0,0,0,0,3,0,1,0,0,1,0,0,0,0,3,0,0,0,0,0,0,0,0
1018,L14661,ExtensionContextExecutionTests$OnlyIncrementCounterOnce,org.junit.jupiter.engine.extension.ExtensionContextExecutionTests$OnlyIncrementCounterOnce,L14632,L103,C:\Users\domco\Desktop\DP\repos\junit5\junit-jupiter-engine\src\test\java\org\junit\jupiter\engine\extension\ExtensionContextExecutionTests.java,87,2,97,3,0.0,0,0,0,0.0,0.0,0,0,1,0,0,2,4,1,0,3,5,0.0,0.0,0,0,0,2,0.0,0,2,2,0,0,1,10,11,0,1,0,1,2,0,1,0,2,3,0,1,0,10,11,0,1,0,1,2,0,1,0,2,3,0,1,0,0,0,7,0,0,0,0,0,0,0,0,0,7,0,0,0,0,0,0,0,0
1019,L14701,ExtensionRegistryTests$MyExtension,org.junit.jupiter.engine.extension.ExtensionRegistryTests$MyExtension,L14677,L103,C:\Users\domco\Desktop\DP\repos\junit5\junit-jupiter-engine\src\test\java\org\junit\jupiter\engine\extension\ExtensionRegistryTests.java,190,2,195,3,0.0,0,0,0,0.0,0.0,0,0,1,0,0,1,1,1,0,0,1,0.0,0.0,0,0,0,2,0.0,0,2,2,0,0,1,5,6,0,0,0,0,1,0,1,0,1,0,0,1,0,5,6,0,0,0,0,1,0,1,0,1,0,0,1,0,0,0,5,0,1,0,0,0,0,0,0,0,5,1,0,0,0,0,0,0,0
1020,L14707,ExtensionRegistryTests$YourExtension,org.junit.jupiter.engine.extension.ExtensionRegistryTests$YourExtension,L14677,L103,C:\Users\domco\Desktop\DP\repos\junit5\junit-jupiter-engine\src\test\java\org\junit\jupiter\engine\extension\ExtensionRegistryTests.java,197,2,202,3,0.0,0,0,0,0.0,0.0,0,0,1,0,0,1,1,1,0,0,1,0.0,0.0,0,0,0,2,0.0,0,2,2,0,0,1,5,6,0,0,0,0,1,0,1,0,1,0,0,1,0,5,6,0,0,0,0,1,0,1,0,1,0,0,1,0,0,0,5,0,1,0,0,0,0,0,0,0,5,1,0,0,0,0,0,0,0
1021,L14711,ExtensionRegistryTests$MultipleExtension,org.junit.jupiter.engine.extension.ExtensionRegistryTests$MultipleExtension,L14677,L103,C:\Users\domco\Desktop\DP\repos\junit5\junit-jupiter-engine\src\test\java\org\junit\jupiter\engine\extension\ExtensionRegistryTests.java,204,2,213,3,0.0,0,0,0,0.0,0.0,0,0,2,0,0,2,2,1,0,0,2,0.0,0.0,0,0,0,3,0.0,0,2,3,0,0,2,8,10,0,0,0,0,2,0,2,0,2,0,0,2,0,8,10,0,0,0,0,2,0,2,0,2,0,0,2,0,0,0,9,0,2,0,0,0,1,0,0,0,7,2,0,1,0,0,0,0,0
1022,L14744,InvocationInterceptorTests$InvocationIgnoringInterceptorTestCase,org.junit.jupiter.engine.extension.InvocationInterceptorTests$InvocationIgnoringInterceptorTestCase,L14741,L103,C:\Users\domco\Desktop\DP\repos\junit5\junit-jupiter-engine\src\test\java\org\junit\jupiter\engine\extension\InvocationInterceptorTests.java,61,2,75,3,0.0,0,0,0,0.0,0.0,0,0,1,0,0,1,2,1,0,0,1,0.0,0.111111,1,0,0,1,0.142857,2,0,0,0,0,0,8,10,1,0,1,0,1,0,0,0,1,0,0,0,0,12,15,1,0,1,0,2,0,1,0,10,0,0,9,0,0,0,8,1,2,1,0,2,0,0,0,0,8,0,0,0,0,0,0,0,0
1023,L14757,InvocationInterceptorTests$InvocationSkippedTestCase,org.junit.jupiter.engine.extension.InvocationInterceptorTests$InvocationSkippedTestCase,L14741,L103,C:\Users\domco\Desktop\DP\repos\junit5\junit-jupiter-engine\src\test\java\org\junit\jupiter\engine\extension\InvocationInterceptorTests.java,84,2,98,3,0.0,0,0,0,0.0,0.0,0,0,1,0,0,1,4,1,0,2,3,0.0,0.0,0,0,0,1,0.0,0,0,0,0,0,0,9,10,1,0,1,0,1,0,0,0,1,1,0,0,0,14,15,1,0,1,0,2,0,1,0,10,2,0,9,0,0,0,10,0,2,0,0,2,0,0,0,0,10,0,0,0,0,0,0,0,0
1024,L14770,InvocationInterceptorTests$DoubleInvocationInterceptorTestCase,org.junit.jupiter.engine.extension.InvocationInterceptorTests$DoubleInvocationInterceptorTestCase,L14741,L103,C:\Users\domco\Desktop\DP\repos\junit5\junit-jupiter-engine\src\test\java\org\junit\jupiter\engine\extension\InvocationInterceptorTests.java,110,2,126,3,0.0,0,0,0,0.0,0.0,0,0,1,0,0,1,3,1,0,1,2,0.0,0.111111,1,0,0,1,0.0625,1,0,0,0,0,0,8,10,1,0,1,0,1,0,0,0,1,0,0,0,0,15,17,1,0,1,0,2,0,1,0,10,2,0,9,0,0,0,8,1,2,1,0,2,0,0,0,0,8,0,0,0,0,0,0,0,0
1025,L14783,InvocationInterceptorTests$TestCaseWithThreeInterceptors,org.junit.jupiter.engine.extension.InvocationInterceptorTests$TestCaseWithThreeInterceptors,L14741,L103,C:\Users\domco\Desktop\DP\repos\junit5\junit-jupiter-engine\src\test\java\org\junit\jupiter\engine\extension\InvocationInterceptorTests.java,149,2,198,3,0.0,0,0,0,0.0,0.0,0,0,1,0,0,9,14,2,0,2,11,0.0,0.0,0,0,0,2,0.0,0,0,0,0,0,0,39,50,0,0,0,0,9,0,1,0,9,10,0,1,0,39,50,0,0,0,0,9,0,1,0,9,10,0,1,0,0,0,22,1,8,1,0,8,0,0,1,0,21,0,0,0,0,0,0,0,0
1026,L14852,InvocationInterceptorTests$ReportingInvocationInterceptor,org.junit.jupiter.engine.extension.InvocationInterceptorTests$ReportingInvocationInterceptor,L14741,L103,C:\Users\domco\Desktop\DP\repos\junit5\junit-jupiter-engine\src\test\java\org\junit\jupiter\engine\extension\InvocationInterceptorTests.java,212,2,333,3,0.627713,2,6,6,0.532787,0.585586,65,65,1,1,1,11,8,3,3,10,21,0.0,0.0,0,0,0,10,0.0,0,2,2,3,3,1,111,122,2,0,2,0,11,0,9,0,11,48,0,9,0,111,122,2,0,2,0,11,0,9,0,11,48,0,9,0,0,0,66,0,16,16,41,0,0,0,0,0,25,0,0,0,0,0,0,0,0
1027,L14799,InvocationInterceptorTests$FooInvocationInterceptor,org.junit.jupiter.engine.extension.InvocationInterceptorTests$FooInvocationInterceptor,L14741,L103,C:\Users\domco\Desktop\DP\repos\junit5\junit-jupiter-engine\src\test\java\org\junit\jupiter\engine\extension\InvocationInterceptorTests.java,335,2,339,3,0.0,0,0,0,0.0,0.0,0,0,0,0,0,1,1,1,0,1,2,0.0,0.0,0,0,0,1,0.0,0,3,3,0,0,1,5,5,2,0,0,0,1,0,0,0,12,1,0,9,0,5,5,2,0,0,0,1,0,0,0,12,1,0,9,0,0,0,5,0,0,0,0,0,0,0,0,0,5,0,0,0,0,0,0,0,0
1028,L14802,InvocationInterceptorTests$BarInvocationInterceptor,org.junit.jupiter.engine.extension.InvocationInterceptorTests$BarInvocationInterceptor,L14741,L103,C:\Users\domco\Desktop\DP\repos\junit5\junit-jupiter-engine\src\test\java\org\junit\jupiter\engine\extension\InvocationInterceptorTests.java,341,2,345,3,0.0,0,0,0,0.0,0.0,0,0,0,0,0,1,1,1,0,1,2,0.0,0.0,0,0,0,1,0.0,0,3,3,0,0,1,5,5,2,0,0,0,1,0,0,0,12,1,0,9,0,5,5,2,0,0,0,1,0,0,0,12,1,0,9,0,0,0,5,0,0,0,0,0,0,0,0,0,5,0,0,0,0,0,0,0,0
1029,L14805,InvocationInterceptorTests$BazInvocationInterceptor,org.junit.jupiter.engine.extension.InvocationInterceptorTests$BazInvocationInterceptor,L14741,L103,C:\Users\domco\Desktop\DP\repos\junit5\junit-jupiter-engine\src\test\java\org\junit\jupiter\engine\extension\InvocationInterceptorTests.java,347,2,351,3,0.0,0,0,0,0.0,0.0,0,0,0,0,0,1,1,1,0,1,2,0.0,0.0,0,0,0,1,0.0,0,3,3,0,0,1,5,5,2,0,0,0,1,0,0,0,12,1,0,9,0,5,5,2,0,0,0,1,0,0,0,12,1,0,9,0,0,0,5,0,0,0,0,0,0,0,0,0,5,0,0,0,0,0,0,0,0
1030,L15008,LifecycleMethodExecutionExceptionHandlerTests$BaseTestCase,org.junit.jupiter.engine.extension.LifecycleMethodExecutionExceptionHandlerTests$BaseTestCase,L14923,L103,C:\Users\domco\Desktop\DP\repos\junit5\junit-jupiter-engine\src\test\java\org\junit\jupiter\engine\extension\LifecycleMethodExecutionExceptionHandlerTests.java,296,2,328,3,0.0,0,0,0,0.0,0.0,0,0,5,1,1,9,6,6,0,0,5,1.0,0.0333333,1,1,1,0,0.0333333,1,0,0,6,6,0,29,33,0,0,0,0,5,0,0,0,5,8,0,0,0,29,33,0,0,0,0,5,0,0,0,5,8,0,0,0,0,0,13,5,6,1,0,5,1,0,0,4,12,1,0,0,0,0,0,0,0
1031,L14978,LifecycleMethodExecutionExceptionHandlerTests$RethrowingTestCase,org.junit.jupiter.engine.extension.LifecycleMethodExecutionExceptionHandlerTests$RethrowingTestCase,L14923,L103,C:\Users\domco\Desktop\DP\repos\junit5\junit-jupiter-engine\src\test\java\org\junit\jupiter\engine\extension\LifecycleMethodExecutionExceptionHandlerTests.java,330,2,332,3,0.0,0,0,0,0.0,0.0,0,0,0,0,0,0,3,1,0,0,0,0.0,0.0,0,0,0,1,0.0,0,1,1,0,0,1,3,3,0,0,0,0,0,0,0,0,5,0,0,0,0,3,3,0,0,0,0,0,0,0,0,5,0,0,0,0,0,0,3,0,0,0,0,0,0,0,0,0,3,0,0,0,0,0,0,0,0
1032,L14983,LifecycleMethodExecutionExceptionHandlerTests$ConvertingTestCase,org.junit.jupiter.engine.extension.LifecycleMethodExecutionExceptionHandlerTests$ConvertingTestCase,L14923,L103,C:\Users\domco\Desktop\DP\repos\junit5\junit-jupiter-engine\src\test\java\org\junit\jupiter\engine\extension\LifecycleMethodExecutionExceptionHandlerTests.java,334,2,336,3,0.0,0,0,0,0.0,0.0,0,0,0,0,0,0,3,1,0,0,0,0.0,0.0,0,0,0,1,0.0,0,1,1,0,0,1,3,3,0,0,0,0,0,0,0,0,5,0,0,0,0,3,3,0,0,0,0,0,0,0,0,5,0,0,0,0,0,0,3,0,0,0,0,0,0,0,0,0,3,0,0,0,0,0,0,0,0
1033,L14988,LifecycleMethodExecutionExceptionHandlerTests$SwallowingTestCase,org.junit.jupiter.engine.extension.LifecycleMethodExecutionExceptionHandlerTests$SwallowingTestCase,L14923,L103,C:\Users\domco\Desktop\DP\repos\junit5\junit-jupiter-engine\src\test\java\org\junit\jupiter\engine\extension\LifecycleMethodExecutionExceptionHandlerTests.java,338,2,340,3,0.0,0,0,0,0.0,0.0,0,0,0,0,0,0,3,1,0,0,0,0.0,0.0,0,0,0,1,0.0,0,1,1,0,0,1,3,3,0,0,0,0,0,0,0,0,5,0,0,0,0,3,3,0,0,0,0,0,0,0,0,5,0,0,0,0,0,0,3,0,0,0,0,0,0,0,0,0,3,0,0,0,0,0,0,0,0
1034,L15005,LifecycleMethodExecutionExceptionHandlerTests$BlacklistedExceptionTestCase,org.junit.jupiter.engine.extension.LifecycleMethodExecutionExceptionHandlerTests$BlacklistedExceptionTestCase,L14923,L103,C:\Users\domco\Desktop\DP\repos\junit5\junit-jupiter-engine\src\test\java\org\junit\jupiter\engine\extension\LifecycleMethodExecutionExceptionHandlerTests.java,342,2,345,3,0.0,0,0,0,0.0,0.0,0,0,0,0,0,0,4,1,0,0,0,0.0,0.0,0,0,0,1,0.0,0,1,1,0,0,1,4,4,0,0,0,0,0,0,0,0,5,0,0,0,0,4,4,0,0,0,0,0,0,0,0,5,0,0,0,0,0,0,3,0,0,0,0,0,0,0,0,0,3,0,0,0,0,0,0,0,0
1035,L14996,LifecycleMethodExecutionExceptionHandlerTests$MultipleHandlersTestCase,org.junit.jupiter.engine.extension.LifecycleMethodExecutionExceptionHandlerTests$MultipleHandlersTestCase,L14923,L103,C:\Users\domco\Desktop\DP\repos\junit5\junit-jupiter-engine\src\test\java\org\junit\jupiter\engine\extension\LifecycleMethodExecutionExceptionHandlerTests.java,347,2,364,3,0.0,0,0,0,0.0,0.0,0,0,2,0,0,2,11,1,0,0,2,0.0,0.0,0,0,0,1,0.0,0,1,1,0,0,1,16,18,0,0,0,0,2,0,0,0,7,0,0,0,0,16,18,0,0,0,0,2,0,0,0,7,0,0,0,0,0,0,9,2,4,2,0,2,1,0,1,0,7,2,0,0,0,0,0,0,0
1036,L14992,LifecycleMethodExecutionExceptionHandlerTests$PerClassLifecycleTestCase,org.junit.jupiter.engine.extension.LifecycleMethodExecutionExceptionHandlerTests$PerClassLifecycleTestCase,L14923,L103,C:\Users\domco\Desktop\DP\repos\junit5\junit-jupiter-engine\src\test\java\org\junit\jupiter\engine\extension\LifecycleMethodExecutionExceptionHandlerTests.java,366,2,379,3,0.0,0,0,0,0.0,0.0,0,0,2,0,0,2,6,1,0,0,2,0.0,0.0,0,0,0,1,0.0,0,1,1,0,0,1,12,14,0,0,0,0,2,0,0,0,7,2,0,0,0,12,14,0,0,0,0,2,0,0,0,7,2,0,0,0,0,0,8,2,2,0,0,2,1,0,0,2,7,0,0,0,0,0,0,0,0
1037,L15018,LifecycleMethodExecutionExceptionHandlerTests$RethrowExceptionHandler,org.junit.jupiter.engine.extension.LifecycleMethodExecutionExceptionHandlerTests$RethrowExceptionHandler,L14923,L103,C:\Users\domco\Desktop\DP\repos\junit5\junit-jupiter-engine\src\test\java\org\junit\jupiter\engine\extension\LifecycleMethodExecutionExceptionHandlerTests.java,383,2,420,3,0.0,0,0,0,0.0,0.0,0,0,4,0,0,4,3,3,0,0,4,0.2,0.0285714,1,1,1,4,0.0285714,1,2,2,0,0,1,34,38,4,0,4,0,4,0,4,0,4,12,0,4,0,34,38,4,0,4,0,4,0,4,0,4,12,0,4,0,0,0,12,0,8,0,0,4,1,0,0,0,11,0,0,0,0,4,0,0,0
1038,L15027,LifecycleMethodExecutionExceptionHandlerTests$SwallowExceptionHandler,org.junit.jupiter.engine.extension.LifecycleMethodExecutionExceptionHandlerTests$SwallowExceptionHandler,L14923,L103,C:\Users\domco\Desktop\DP\repos\junit5\junit-jupiter-engine\src\test\java\org\junit\jupiter\engine\extension\LifecycleMethodExecutionExceptionHandlerTests.java,422,2,455,3,0.0,0,0,0,0.0,0.0,0,0,4,0,0,4,3,4,0,0,4,0.0,0.133333,4,0,0,5,0.133333,4,2,2,0,0,1,26,34,4,0,4,0,4,0,4,0,4,8,0,4,0,26,34,4,0,4,0,4,0,4,0,4,8,0,4,0,0,0,12,0,8,0,0,4,1,0,0,0,11,0,0,0,0,4,0,0,0
1039,L15023,LifecycleMethodExecutionExceptionHandlerTests$ConvertExceptionHandler,org.junit.jupiter.engine.extension.LifecycleMethodExecutionExceptionHandlerTests$ConvertExceptionHandler,L14923,L103,C:\Users\domco\Desktop\DP\repos\junit5\junit-jupiter-engine\src\test\java\org\junit\jupiter\engine\extension\LifecycleMethodExecutionExceptionHandlerTests.java,457,2,494,3,0.0,0,0,0,0.0,0.0,0,0,4,0,0,4,3,3,0,0,4,0.0,0.0,0,0,0,5,0.0,0,2,2,0,0,1,34,38,4,0,4,0,4,0,4,0,4,12,0,4,0,34,38,4,0,4,0,4,0,4,0,4,12,0,4,0,0,0,12,0,8,0,0,4,1,0,0,0,11,0,0,0,0,4,0,0,0
1040,L15034,LifecycleMethodExecutionExceptionHandlerTests$BlacklistedExceptionHandler,org.junit.jupiter.engine.extension.LifecycleMethodExecutionExceptionHandlerTests$BlacklistedExceptionHandler,L14923,L103,C:\Users\domco\Desktop\DP\repos\junit5\junit-jupiter-engine\src\test\java\org\junit\jupiter\engine\extension\LifecycleMethodExecutionExceptionHandlerTests.java,496,2,529,3,0.0,0,0,0,0.0,0.0,0,0,4,0,0,4,3,2,0,0,4,0.0,0.0,0,0,0,5,0.0,0,2,2,0,0,1,30,34,4,0,4,0,4,0,4,0,4,12,0,4,0,30,34,4,0,4,0,4,0,4,0,4,12,0,4,0,0,0,12,0,8,0,0,4,1,0,0,0,11,0,0,0,0,4,0,0,0
1041,L15031,LifecycleMethodExecutionExceptionHandlerTests$ShouldNotBeCalledHandler,org.junit.jupiter.engine.extension.LifecycleMethodExecutionExceptionHandlerTests$ShouldNotBeCalledHandler,L14923,L103,C:\Users\domco\Desktop\DP\repos\junit5\junit-jupiter-engine\src\test\java\org\junit\jupiter\engine\extension\LifecycleMethodExecutionExceptionHandlerTests.java,531,2,568,3,0.0,0,0,0,0.0,0.0,0,0,4,0,0,4,3,3,0,0,4,0.0,0.0,0,0,0,5,0.0,0,2,2,0,0,1,34,38,4,0,4,0,4,0,4,0,4,12,0,4,0,34,38,4,0,4,0,4,0,4,0,4,12,0,4,0,0,0,12,0,8,0,0,4,1,0,0,0,11,0,0,0,0,4,0,0,0
1042,L15210,OrderedMethodTests$BaseTestCase,org.junit.jupiter.engine.extension.OrderedMethodTests$BaseTestCase,L15114,L103,C:\Users\domco\Desktop\DP\repos\junit5\junit-jupiter-engine\src\test\java\org\junit\jupiter\engine\extension\OrderedMethodTests.java,295,2,305,3,0.0,0,0,0,0.0,0.0,0,0,2,0,0,2,1,1,0,0,2,1.0,0.111111,1,1,1,0,0.111111,1,0,0,1,1,0,8,11,0,0,0,0,2,0,0,0,2,0,0,0,0,8,11,0,0,0,0,2,0,0,0,2,0,0,0,0,0,0,7,2,5,2,0,3,1,0,0,0,6,2,0,0,0,0,0,0,0
1043,L15131,OrderedMethodTests$AlphanumericTestCase,org.junit.jupiter.engine.extension.OrderedMethodTests$AlphanumericTestCase,L15114,L103,C:\Users\domco\Desktop\DP\repos\junit5\junit-jupiter-engine\src\test\java\org\junit\jupiter\engine\extension\OrderedMethodTests.java,307,2,357,3,0.0,0,0,0,0.0,0.0,0,0,10,0,0,10,12,1,0,3,13,0.0,0.0,0,0,0,1,0.0,0,1,1,0,0,1,40,51,0,0,0,0,10,0,0,0,12,5,0,0,0,40,51,0,0,0,0,10,0,0,0,12,5,0,0,0,0,0,25,7,23,7,0,15,1,0,1,0,23,8,0,0,0,0,0,0,0
1044,L15139,OrderedMethodTests$OrderAnnotationTestCase,org.junit.jupiter.engine.extension.OrderedMethodTests$OrderAnnotationTestCase,L15114,L103,C:\Users\domco\Desktop\DP\repos\junit5\junit-jupiter-engine\src\test\java\org\junit\jupiter\engine\extension\OrderedMethodTests.java,359,2,417,3,0.0,0,0,0,0.0,0.0,0,0,9,0,0,9,11,3,0,2,11,0.0,0.02,1,0,0,1,0.02,1,0,0,2,2,0,49,59,0,0,0,0,9,0,0,0,9,3,0,0,0,49,59,0,0,0,0,9,0,0,0,9,3,0,0,0,0,0,23,6,18,6,0,11,1,0,1,0,21,7,0,0,0,0,0,0,0
1045,L15143,OrderedMethodTests$OuterTestCase,org.junit.jupiter.engine.extension.OrderedMethodTests$OuterTestCase,L15114,L103,C:\Users\domco\Desktop\DP\repos\junit5\junit-jupiter-engine\src\test\java\org\junit\jupiter\engine\extension\OrderedMethodTests.java,419,2,424,3,0.0,0,0,0,0.0,0.0,0,0,0,0,0,0,0,1,0,0,0,0.0,0.0,0,0,0,1,0.0,0,0,0,0,0,0,2,3,0,0,0,0,0,0,0,0,0,0,0,0,0,5,6,0,0,0,0,0,0,0,0,9,0,0,0,0,0,0,6,0,0,0,0,0,0,0,0,0,6,0,0,0,0,0,0,0,0
1046,L15152,OrderedMethodTests$RandomTestCase,org.junit.jupiter.engine.extension.OrderedMethodTests$RandomTestCase,L15114,L103,C:\Users\domco\Desktop\DP\repos\junit5\junit-jupiter-engine\src\test\java\org\junit\jupiter\engine\extension\OrderedMethodTests.java,426,2,456,3,0.0,0,0,0,0.0,0.0,0,0,6,0,0,6,9,1,0,2,8,0.0,0.0,0,0,0,1,0.0,0,0,0,0,0,0,25,31,0,0,0,0,6,0,0,0,6,3,0,0,0,25,31,0,0,0,0,6,0,0,0,6,3,0,0,0,0,0,16,3,10,3,0,6,1,0,0,0,15,4,0,0,0,0,0,0,0
1047,L15172,OrderedMethodTests$MisbehavingByAddingTestCase,org.junit.jupiter.engine.extension.OrderedMethodTests$MisbehavingByAddingTestCase,L15114,L103,C:\Users\domco\Desktop\DP\repos\junit5\junit-jupiter-engine\src\test\java\org\junit\jupiter\engine\extension\OrderedMethodTests.java,458,2,473,3,0.0,0,0,0,0.0,0.0,0,0,3,0,0,3,6,1,0,1,4,0.0,0.0,0,0,0,1,0.0,0,0,0,0,0,0,13,16,0,0,0,0,3,0,0,0,3,1,0,0,0,13,16,0,0,0,0,3,0,0,0,3,1,0,0,0,0,0,10,2,5,2,0,3,1,0,0,0,9,2,0,0,0,0,0,0,0
1048,L15182,OrderedMethodTests$MisbehavingByRemovingTestCase,org.junit.jupiter.engine.extension.OrderedMethodTests$MisbehavingByRemovingTestCase,L15114,L103,C:\Users\domco\Desktop\DP\repos\junit5\junit-jupiter-engine\src\test\java\org\junit\jupiter\engine\extension\OrderedMethodTests.java,475,2,494,3,0.0,0,0,0,0.0,0.0,0,0,4,0,0,4,6,1,0,1,5,0.0,0.0,0,0,0,1,0.0,0,0,0,0,0,0,16,20,0,0,0,0,4,0,0,0,4,1,0,0,0,16,20,0,0,0,0,4,0,0,0,4,1,0,0,0,0,0,12,3,7,3,0,4,1,0,0,0,11,3,0,0,0,0,0,0,0
1049,L15147,OrderedMethodTests$OrderAnnotationWithNestedClassTestCase,org.junit.jupiter.engine.extension.OrderedMethodTests$OrderAnnotationWithNestedClassTestCase,L15114,L103,C:\Users\domco\Desktop\DP\repos\junit5\junit-jupiter-engine\src\test\java\org\junit\jupiter\engine\extension\OrderedMethodTests.java,496,2,517,3,0.0,0,0,0,0.0,0.0,0,0,0,0,0,0,1,1,0,0,0,0.0,0.0,0,0,0,1,0.0,0,1,1,0,0,1,2,2,0,0,0,0,0,0,0,0,9,0,0,0,0,19,22,0,0,0,0,3,0,0,0,12,1,0,0,0,0,0,13,2,5,2,0,3,1,0,0,0,12,2,0,0,0,0,0,0,0
1050,L15175,OrderedMethodTests$MisbehavingByAdding,org.junit.jupiter.engine.extension.OrderedMethodTests$MisbehavingByAdding,L15114,L103,C:\Users\domco\Desktop\DP\repos\junit5\junit-jupiter-engine\src\test\java\org\junit\jupiter\engine\extension\OrderedMethodTests.java,519,2,532,3,0.0,0,0,0,0.0,0.0,0,0,1,0,0,2,3,2,0,1,3,0.0,0.0,0,0,0,2,0.0,0,1,1,0,0,1,11,14,0,1,0,0,2,0,1,0,3,3,0,2,0,11,14,0,1,0,0,2,0,1,0,3,3,0,2,0,0,0,7,0,1,0,0,1,0,0,0,0,7,0,0,0,0,0,0,0,0
1051,L15185,OrderedMethodTests$MisbehavingByRemoving,org.junit.jupiter.engine.extension.OrderedMethodTests$MisbehavingByRemoving,L15114,L103,C:\Users\domco\Desktop\DP\repos\junit5\junit-jupiter-engine\src\test\java\org\junit\jupiter\engine\extension\OrderedMethodTests.java,534,2,541,3,0.0,0,0,0,0.0,0.0,0,0,1,0,0,1,2,2,0,1,2,0.0,0.0,0,0,0,2,0.0,0,1,1,0,0,1,7,8,0,1,0,0,1,0,1,0,2,2,0,2,0,7,8,0,1,0,0,1,0,1,0,2,2,0,2,0,0,0,5,0,0,0,0,0,0,0,0,0,5,0,0,0,0,0,0,0,0
1052,L15349,OrderedProgrammaticExtensionRegistrationTests$AbstractTestCase,org.junit.jupiter.engine.extension.OrderedProgrammaticExtensionRegistrationTests$AbstractTestCase,L15292,L103,C:\Users\domco\Desktop\DP\repos\junit5\junit-jupiter-engine\src\test\java\org\junit\jupiter\engine\extension\OrderedProgrammaticExtensionRegistrationTests.java,138,2,144,3,0.0,0,0,0,0.0,0.0,0,0,1,0,0,1,1,7,0,0,1,1.0,0.166667,1,1,1,0,0.166667,1,0,0,7,10,0,5,7,0,0,0,0,1,0,0,0,1,0,0,0,0,5,7,0,0,0,0,1,0,0,0,1,0,0,0,0,0,0,4,1,2,1,0,1,0,0,0,0,4,1,0,0,0,0,0,0,0
1053,L15306,OrderedProgrammaticExtensionRegistrationTests$DefaultOrderInstanceLevelExtensionRegistrationTestCase,org.junit.jupiter.engine.extension.OrderedProgrammaticExtensionRegistrationTests$DefaultOrderInstanceLevelExtensionRegistrationTestCase,L15292,L103,C:\Users\domco\Desktop\DP\repos\junit5\junit-jupiter-engine\src\test\java\org\junit\jupiter\engine\extension\OrderedProgrammaticExtensionRegistrationTests.java,146,2,157,3,0.0,0,0,0,0.0,0.0,0,0,0,0,0,0,2,1,0,0,0,0.0,0.0,0,0,0,1,0.0,0,1,1,0,0,1,8,12,3,0,3,0,0,0,0,0,1,0,0,0,0,8,12,3,0,3,0,0,0,0,0,1,0,0,0,0,0,0,3,0,3,0,0,3,0,0,0,0,3,0,0,0,0,0,0,0,0
1054,L15310,OrderedProgrammaticExtensionRegistrationTests$ExplicitOrderInstanceLevelExtensionRegistrationTestCase,org.junit.jupiter.engine.extension.OrderedProgrammaticExtensionRegistrationTests$ExplicitOrderInstanceLevelExtensionRegistrationTestCase,L15292,L103,C:\Users\domco\Desktop\DP\repos\junit5\junit-jupiter-engine\src\test\java\org\junit\jupiter\engine\extension\OrderedProgrammaticExtensionRegistrationTests.java,159,2,173,3,0.0,0,0,0,0.0,0.0,0,0,0,0,0,0,2,1,0,0,0,0.0,0.0,0,0,0,1,0.0,0,1,1,0,0,1,11,15,3,0,3,0,0,0,0,0,1,0,0,0,0,11,15,3,0,3,0,0,0,0,0,1,0,0,0,0,0,0,3,0,3,0,0,3,0,0,0,0,3,0,0,0,0,0,0,0,0
1055,L15314,OrderedProgrammaticExtensionRegistrationTests$DefaultOrderAndExplicitOrderInstanceLevelExtensionRegistrationTestCase,org.junit.jupiter.engine.extension.OrderedProgrammaticExtensionRegistrationTests$DefaultOrderAndExplicitOrderInstanceLevelExtensionRegistrationTestCase,L15292,L103,C:\Users\domco\Desktop\DP\repos\junit5\junit-jupiter-engine\src\test\java\org\junit\jupiter\engine\extension\OrderedProgrammaticExtensionRegistrationTests.java,175,2,189,3,0.0,0,0,0,0.0,0.0,0,0,0,0,0,0,2,1,0,0,0,0.0,0.181818,2,2,0,1,0.181818,2,1,1,0,0,1,9,15,3,0,3,0,0,0,0,0,1,0,0,0,0,9,15,3,0,3,0,0,0,0,0,1,0,0,0,0,0,0,3,0,3,0,0,3,0,0,0,0,3,0,0,0,0,0,0,0,0
1056,L15319,OrderedProgrammaticExtensionRegistrationTests$DefaultOrderPlusOneAndDefaultOrderInstanceLevelExtensionRegistrationTestCase,org.junit.jupiter.engine.extension.OrderedProgrammaticExtensionRegistrationTests$DefaultOrderPlusOneAndDefaultOrderInstanceLevelExtensionRegistrationTestCase,L15292,L103,C:\Users\domco\Desktop\DP\repos\junit5\junit-jupiter-engine\src\test\java\org\junit\jupiter\engine\extension\OrderedProgrammaticExtensionRegistrationTests.java,191,2,203,3,0.0,0,0,0,0.0,0.0,0,0,0,0,0,0,2,1,0,0,0,0.0,0.0,0,0,0,1,0.0,0,1,1,0,0,1,9,13,3,0,3,0,0,0,0,0,1,0,0,0,0,9,13,3,0,3,0,0,0,0,0,1,0,0,0,0,0,0,3,0,3,0,0,3,0,0,0,0,3,0,0,0,0,0,0,0,0
1057,L15323,OrderedProgrammaticExtensionRegistrationTests$DefaultOrderAndExplicitOrderInstanceLevelExtensionRegistrationWithTestInstancePerClassLifecycleTestCase,org.junit.jupiter.engine.extension.OrderedProgrammaticExtensionRegistrationTests$DefaultOrderAndExplicitOrderInstanceLevelExtensionRegistrationWithTestInstancePerClassLifecycleTestCase,L15292,L103,C:\Users\domco\Desktop\DP\repos\junit5\junit-jupiter-engine\src\test\java\org\junit\jupiter\engine\extension\OrderedProgrammaticExtensionRegistrationTests.java,205,2,221,3,0.0,0,0,0,0.0,0.0,0,0,0,0,0,0,3,1,0,0,0,0.0,0.153846,2,2,0,1,0.153846,2,1,1,0,0,1,11,17,3,0,3,0,0,0,0,0,1,0,0,0,0,11,17,3,0,3,0,0,0,0,0,1,0,0,0,0,0,0,3,0,3,0,0,3,0,0,0,0,3,0,0,0,0,0,0,0,0
1058,L15327,OrderedProgrammaticExtensionRegistrationTests$DefaultOrderAndExplicitOrderClassLevelExtensionRegistrationTestCase,org.junit.jupiter.engine.extension.OrderedProgrammaticExtensionRegistrationTests$DefaultOrderAndExplicitOrderClassLevelExtensionRegistrationTestCase,L15292,L103,C:\Users\domco\Desktop\DP\repos\junit5\junit-jupiter-engine\src\test\java\org\junit\jupiter\engine\extension\OrderedProgrammaticExtensionRegistrationTests.java,223,2,237,3,0.0,0,0,0,0.0,0.0,0,0,0,0,0,0,2,4,0,0,0,0.0,0.181818,2,2,0,1,0.181818,2,1,1,3,3,1,9,15,3,0,3,0,0,0,0,0,1,0,0,0,0,9,15,3,0,3,0,0,0,0,0,1,0,0,0,0,0,0,3,0,3,0,0,3,0,0,0,0,3,0,0,0,0,0,0,0,0
1059,L15331,OrderedProgrammaticExtensionRegistrationTests$InheritedDefaultOrderAndExplicitOrderClassLevelExtensionRegistrationTestCase,org.junit.jupiter.engine.extension.OrderedProgrammaticExtensionRegistrationTests$InheritedDefaultOrderAndExplicitOrderClassLevelExtensionRegistrationTestCase,L15292,L103,C:\Users\domco\Desktop\DP\repos\junit5\junit-jupiter-engine\src\test\java\org\junit\jupiter\engine\extension\OrderedProgrammaticExtensionRegistrationTests.java,239,2,241,3,0.0,0,0,0,0.0,0.0,0,0,0,0,0,0,1,1,0,0,0,0.0,0.0,0,0,0,1,0.0,0,2,2,0,0,1,3,3,3,0,0,0,0,0,0,0,1,0,0,0,0,3,3,3,0,0,0,0,0,0,0,1,0,0,0,0,0,0,3,0,0,0,0,0,0,0,0,0,3,0,0,0,0,0,0,0,0
1060,L15335,OrderedProgrammaticExtensionRegistrationTests$DefaultOrderShadowingDefaultOrderAndExplicitOrderClassLevelExtensionRegistrationTestCase,org.junit.jupiter.engine.extension.OrderedProgrammaticExtensionRegistrationTests$DefaultOrderShadowingDefaultOrderAndExplicitOrderClassLevelExtensionRegistrationTestCase,L15292,L103,C:\Users\domco\Desktop\DP\repos\junit5\junit-jupiter-engine\src\test\java\org\junit\jupiter\engine\extension\OrderedProgrammaticExtensionRegistrationTests.java,243,2,250,3,0.0,0,0,0,0.0,0.0,0,0,0,0,0,0,2,1,0,0,0,0.0,0.166667,1,1,0,1,0.166667,1,2,2,0,0,1,5,8,4,0,1,0,0,0,0,0,1,0,0,0,0,5,8,4,0,1,0,0,0,0,0,1,0,0,0,0,0,0,3,0,1,0,0,1,0,0,0,0,3,0,0,0,0,0,0,0,0
1061,L15339,OrderedProgrammaticExtensionRegistrationTests$ExplicitOrderShadowingDefaultOrderAndExplicitOrderClassLevelExtensionRegistrationTestCase,org.junit.jupiter.engine.extension.OrderedProgrammaticExtensionRegistrationTests$ExplicitOrderShadowingDefaultOrderAndExplicitOrderClassLevelExtensionRegistrationTestCase,L15292,L103,C:\Users\domco\Desktop\DP\repos\junit5\junit-jupiter-engine\src\test\java\org\junit\jupiter\engine\extension\OrderedProgrammaticExtensionRegistrationTests.java,252,2,259,3,0.0,0,0,0,0.0,0.0,0,0,0,0,0,0,2,1,0,0,0,0.0,0.0,0,0,0,1,0.0,0,2,2,0,0,1,6,8,4,0,1,0,0,0,0,0,1,0,0,0,0,6,8,4,0,1,0,0,0,0,0,1,0,0,0,0,0,0,3,0,1,0,0,1,0,0,0,0,3,0,0,0,0,0,0,0,0
1062,L15343,OrderedProgrammaticExtensionRegistrationTests$DefaultOrderAndExplicitOrderExtensionRegistrationFromInterfaceTestCase,org.junit.jupiter.engine.extension.OrderedProgrammaticExtensionRegistrationTests$DefaultOrderAndExplicitOrderExtensionRegistrationFromInterfaceTestCase,L15292,L103,C:\Users\domco\Desktop\DP\repos\junit5\junit-jupiter-engine\src\test\java\org\junit\jupiter\engine\extension\OrderedProgrammaticExtensionRegistrationTests.java,277,2,279,3,0.0,0,0,0,0.0,0.0,0,0,0,0,0,0,2,1,0,0,0,0.0,0.0,0,0,0,1,0.0,0,1,2,0,0,2,3,3,3,0,0,0,0,0,0,0,1,0,3,0,0,3,3,3,0,0,0,0,0,0,0,1,0,3,0,0,0,0,6,0,0,0,0,0,0,0,0,0,3,0,0,1,0,0,0,2,0
1063,L15358,OrderedProgrammaticExtensionRegistrationTests$BeforeEachExtension,org.junit.jupiter.engine.extension.OrderedProgrammaticExtensionRegistrationTests$BeforeEachExtension,L15292,L103,C:\Users\domco\Desktop\DP\repos\junit5\junit-jupiter-engine\src\test\java\org\junit\jupiter\engine\extension\OrderedProgrammaticExtensionRegistrationTests.java,281,2,294,3,0.0,0,0,0,0.0,0.0,0,0,1,0,0,2,3,0,0,0,2,0.0,0.0,0,0,0,2,0.0,0,2,2,0,0,1,10,14,1,0,1,0,2,0,1,0,2,2,0,1,0,10,14,1,0,1,0,2,0,1,0,2,2,0,1,0,0,0,7,0,0,0,0,0,0,0,0,0,7,0,0,0,0,0,0,0,0
1064,L15375,OrderedProgrammaticExtensionRegistrationTests$AfterEachExtension,org.junit.jupiter.engine.extension.OrderedProgrammaticExtensionRegistrationTests$AfterEachExtension,L15292,L103,C:\Users\domco\Desktop\DP\repos\junit5\junit-jupiter-engine\src\test\java\org\junit\jupiter\engine\extension\OrderedProgrammaticExtensionRegistrationTests.java,296,2,309,3,0.0,0,0,0,0.0,0.0,0,0,1,0,0,2,3,0,0,0,2,0.0,0.0,0,0,0,2,0.0,0,2,2,0,0,1,10,14,1,0,1,0,2,0,1,0,2,2,0,1,0,10,14,1,0,1,0,2,0,1,0,2,2,0,1,0,0,0,7,0,0,0,0,0,0,0,0,0,7,0,0,0,0,0,0,0,0
1065,L15424,ParameterResolverTests$ConstructorInjectionTestCase,org.junit.jupiter.engine.extension.ParameterResolverTests$ConstructorInjectionTestCase,L15420,L103,C:\Users\domco\Desktop\DP\repos\junit5\junit-jupiter-engine\src\test\java\org\junit\jupiter\engine\extension\ParameterResolverTests.java,246,2,282,3,0.0,0,0,0,0.0,0.0,0,0,1,0,0,2,6,2,0,1,3,1.0,0.0666667,1,1,1,0,0.0322581,1,0,0,0,0,0,14,18,2,0,2,0,2,0,0,0,2,4,0,0,0,30,37,4,0,4,0,4,0,0,0,4,10,0,0,0,0,0,13,0,10,8,0,2,0,0,0,0,13,0,0,0,0,0,0,0,0
1066,L15428,ParameterResolverTests$AnnotatedParameterConstructorInjectionTestCase,org.junit.jupiter.engine.extension.ParameterResolverTests$AnnotatedParameterConstructorInjectionTestCase,L15420,L103,C:\Users\domco\Desktop\DP\repos\junit5\junit-jupiter-engine\src\test\java\org\junit\jupiter\engine\extension\ParameterResolverTests.java,284,2,321,3,0.0,0,0,0,0.0,0.0,0,0,1,0,0,2,7,2,0,1,3,0.0,0.0,0,0,0,1,0.0322581,1,0,0,0,0,0,14,18,2,0,2,0,2,0,0,0,2,4,0,0,0,30,38,4,0,4,0,4,0,0,0,4,10,0,0,0,0,0,14,0,10,8,0,2,0,0,0,0,14,0,0,0,0,0,0,0,0
1067,L15432,ParameterResolverTests$MethodInjectionTestCase,org.junit.jupiter.engine.extension.ParameterResolverTests$MethodInjectionTestCase,L15420,L103,C:\Users\domco\Desktop\DP\repos\junit5\junit-jupiter-engine\src\test\java\org\junit\jupiter\engine\extension\ParameterResolverTests.java,323,2,363,3,0.0,0,0,0,0.0,0.0,0,0,7,0,0,7,8,1,0,2,9,0.0,0.0606061,2,1,0,1,0.0606061,2,0,0,0,0,0,31,41,0,0,0,0,7,0,0,0,7,7,0,0,0,31,41,0,0,0,0,7,0,0,0,7,7,0,0,0,0,0,16,1,16,9,0,7,1,0,0,0,15,0,1,0,0,0,0,0,0
1068,L15436,ParameterResolverTests$NullMethodInjectionTestCase,org.junit.jupiter.engine.extension.ParameterResolverTests$NullMethodInjectionTestCase,L15420,L103,C:\Users\domco\Desktop\DP\repos\junit5\junit-jupiter-engine\src\test\java\org\junit\jupiter\engine\extension\ParameterResolverTests.java,365,2,377,3,0.0,0,0,0,0.0,0.0,0,0,2,0,0,2,4,1,0,1,3,0.0,0.0909091,1,0,0,1,0.0909091,1,0,0,0,0,0,10,13,0,0,0,0,2,0,0,0,2,1,0,0,0,10,13,0,0,0,0,2,0,0,0,2,1,0,0,0,0,0,6,1,3,2,0,2,1,0,0,0,5,0,0,0,0,0,0,0,0
1069,L15440,ParameterResolverTests$PrimitiveIntegerMethodInjectionTestCase,org.junit.jupiter.engine.extension.ParameterResolverTests$PrimitiveIntegerMethodInjectionTestCase,L15420,L103,C:\Users\domco\Desktop\DP\repos\junit5\junit-jupiter-engine\src\test\java\org\junit\jupiter\engine\extension\ParameterResolverTests.java,379,2,386,3,0.0,0,0,0,0.0,0.0,0,0,1,0,0,1,4,1,0,1,2,0.0,0.0,0,0,0,1,0.0,0,0,0,0,0,0,7,8,0,0,0,0,1,0,0,0,1,1,0,0,0,7,8,0,0,0,0,1,0,0,0,1,1,0,0,0,0,0,5,0,2,1,0,1,0,0,0,0,5,0,0,0,0,0,0,0,0
1070,L15444,ParameterResolverTests$PrimitiveArrayMethodInjectionTestCase,org.junit.jupiter.engine.extension.ParameterResolverTests$PrimitiveArrayMethodInjectionTestCase,L15420,L103,C:\Users\domco\Desktop\DP\repos\junit5\junit-jupiter-engine\src\test\java\org\junit\jupiter\engine\extension\ParameterResolverTests.java,388,2,395,3,0.0,0,0,0,0.0,0.0,0,0,1,0,0,1,4,1,0,1,2,0.0,0.0,0,0,0,1,0.0,0,0,0,0,0,0,7,8,0,0,0,0,1,0,0,0,1,1,0,0,0,7,8,0,0,0,0,1,0,0,0,1,1,0,0,0,0,0,5,0,2,1,0,1,0,0,0,0,5,0,0,0,0,0,0,0,0
1071,L15448,ParameterResolverTests$PotentiallyIncompatibleTypeMethodInjectionTestCase,org.junit.jupiter.engine.extension.ParameterResolverTests$PotentiallyIncompatibleTypeMethodInjectionTestCase,L15420,L103,C:\Users\domco\Desktop\DP\repos\junit5\junit-jupiter-engine\src\test\java\org\junit\jupiter\engine\extension\ParameterResolverTests.java,397,2,418,3,0.0,0,0,0,0.0,0.0,0,0,3,0,0,3,4,1,0,2,5,0.0,0.263158,5,4,0,1,0.263158,5,0,0,0,0,0,14,22,0,0,0,0,3,0,0,0,3,2,0,0,0,14,22,0,0,0,0,3,0,0,0,3,2,0,0,0,0,0,6,1,5,3,0,3,1,0,0,0,5,0,0,0,0,0,0,0,0
1072,L15452,ParameterResolverTests$BeforeAndAfterMethodInjectionTestCase,org.junit.jupiter.engine.extension.ParameterResolverTests$BeforeAndAfterMethodInjectionTestCase,L15420,L103,C:\Users\domco\Desktop\DP\repos\junit5\junit-jupiter-engine\src\test\java\org\junit\jupiter\engine\extension\ParameterResolverTests.java,420,2,436,3,0.0,0,0,0,0.0,0.0,0,0,3,0,0,3,6,1,0,2,5,0.0,0.0,0,0,0,1,0.0,0,0,0,0,0,0,14,17,0,0,0,0,3,0,0,0,3,2,0,0,0,14,17,0,0,0,0,3,0,0,0,3,2,0,0,0,0,0,10,1,6,3,0,3,1,0,0,0,9,1,0,0,0,0,0,0,0
1073,L15456,ParameterResolverTests$BeforeAndAfterAllMethodInjectionTestCase,org.junit.jupiter.engine.extension.ParameterResolverTests$BeforeAndAfterAllMethodInjectionTestCase,L15420,L103,C:\Users\domco\Desktop\DP\repos\junit5\junit-jupiter-engine\src\test\java\org\junit\jupiter\engine\extension\ParameterResolverTests.java,438,2,454,3,0.0,0,0,0,0.0,0.0,0,0,3,0,0,3,6,1,0,2,5,0.0,0.0,0,0,0,1,0.0,0,0,0,0,0,0,14,17,0,0,0,0,3,0,0,0,3,2,0,0,0,14,17,0,0,0,0,3,0,0,0,3,2,0,0,0,0,0,10,1,6,3,0,3,1,0,0,0,9,1,0,0,0,0,0,0,0
1074,L15460,ParameterResolverTests$ExtendWithOnMethodTestCase,org.junit.jupiter.engine.extension.ParameterResolverTests$ExtendWithOnMethodTestCase,L15420,L103,C:\Users\domco\Desktop\DP\repos\junit5\junit-jupiter-engine\src\test\java\org\junit\jupiter\engine\extension\ParameterResolverTests.java,456,2,480,3,0.0,0,0,0,0.0,0.0,0,0,1,0,0,2,9,1,0,1,3,0.0,0.347826,8,8,0,1,0.347826,8,0,0,0,0,0,15,25,0,0,0,0,2,0,0,1,2,4,0,0,1,15,25,0,0,0,0,2,0,0,1,2,4,0,0,1,0,0,3,0,7,5,0,2,0,0,0,0,3,0,0,0,0,0,0,0,0
1075,L15466,ParameterResolverTests$ParameterizedTypeTestCase,org.junit.jupiter.engine.extension.ParameterResolverTests$ParameterizedTypeTestCase,L15420,L103,C:\Users\domco\Desktop\DP\repos\junit5\junit-jupiter-engine\src\test\java\org\junit\jupiter\engine\extension\ParameterResolverTests.java,482,2,490,3,0.0,0,0,0,0.0,0.0,0,0,1,0,0,1,4,1,0,2,3,0.0,0.0,0,0,0,1,0.0,0,0,0,0,0,0,8,9,0,0,0,0,1,0,0,0,1,2,0,0,0,8,9,0,0,0,0,1,0,0,0,1,2,0,0,0,0,0,5,0,4,3,0,1,0,0,0,0,5,0,0,0,0,0,0,0,0
1076,L15475,ParameterResolverTests$TypeBasedParameterResolverTestCase,org.junit.jupiter.engine.extension.ParameterResolverTests$TypeBasedParameterResolverTestCase,L15420,L103,C:\Users\domco\Desktop\DP\repos\junit5\junit-jupiter-engine\src\test\java\org\junit\jupiter\engine\extension\ParameterResolverTests.java,492,2,499,3,0.0,0,0,0,0.0,0.0,0,0,1,0,0,1,4,1,0,2,3,0.0,0.0,0,0,0,1,0.0,0,0,0,0,0,0,8,8,0,0,0,0,1,0,0,0,1,2,0,0,0,8,8,0,0,0,0,1,0,0,0,1,2,0,0,0,0,0,5,0,4,3,0,1,0,0,0,0,5,0,0,0,0,0,0,0,0
1077,L15602,ProgrammaticExtensionRegistrationTests$InstanceLevelExtensionRegistrationTestCase,org.junit.jupiter.engine.extension.ProgrammaticExtensionRegistrationTests$InstanceLevelExtensionRegistrationTestCase,L15595,L103,C:\Users\domco\Desktop\DP\repos\junit5\junit-jupiter-engine\src\test\java\org\junit\jupiter\engine\extension\ProgrammaticExtensionRegistrationTests.java,305,2,325,3,0.0,0,0,0,0.0,0.0,0,0,1,0,0,3,5,1,0,1,4,0.0,0.0,0,0,0,1,0.0,0,0,0,0,0,0,16,21,1,0,1,0,3,0,0,0,3,3,0,0,0,16,21,1,0,1,0,3,0,0,0,3,3,0,0,0,0,0,9,3,4,0,0,4,0,0,0,0,9,0,3,0,0,0,0,0,0
1078,L15606,ProgrammaticExtensionRegistrationTests$InstanceLevelExtensionRegistrationWithInjectedExtensionTestCase,org.junit.jupiter.engine.extension.ProgrammaticExtensionRegistrationTests$InstanceLevelExtensionRegistrationWithInjectedExtensionTestCase,L15595,L103,C:\Users\domco\Desktop\DP\repos\junit5\junit-jupiter-engine\src\test\java\org\junit\jupiter\engine\extension\ProgrammaticExtensionRegistrationTests.java,327,2,348,3,0.0,0,0,0,0.0,0.0,0,0,1,0,0,3,7,1,0,1,4,0.0,0.0555556,1,0,0,1,0.0555556,1,0,0,0,0,0,17,22,1,0,1,0,3,0,0,0,3,3,0,0,0,17,22,1,0,1,0,3,0,0,0,3,3,0,0,0,0,0,9,0,3,0,0,3,0,0,0,0,9,0,0,0,0,0,0,0,0
1079,L15610,ProgrammaticExtensionRegistrationTests$InstanceLevelExtensionRegistrationWithTestInstancePerClassLifecycleTestCase,org.junit.jupiter.engine.extension.ProgrammaticExtensionRegistrationTests$InstanceLevelExtensionRegistrationWithTestInstancePerClassLifecycleTestCase,L15595,L103,C:\Users\domco\Desktop\DP\repos\junit5\junit-jupiter-engine\src\test\java\org\junit\jupiter\engine\extension\ProgrammaticExtensionRegistrationTests.java,350,2,381,3,0.0,0,0,0,0.0,0.0,0,0,1,0,0,5,8,1,0,1,6,0.0,0.0,0,0,0,1,0.0,0,0,0,0,0,0,25,32,1,0,1,0,5,0,0,0,5,5,0,0,0,25,32,1,0,1,0,5,0,0,0,5,5,0,0,0,0,0,13,0,6,0,0,6,0,0,0,0,13,0,0,0,0,0,0,0,0
1080,L15614,ProgrammaticExtensionRegistrationTests$ClassLevelExtensionRegistrationTestCase,org.junit.jupiter.engine.extension.ProgrammaticExtensionRegistrationTests$ClassLevelExtensionRegistrationTestCase,L15595,L103,C:\Users\domco\Desktop\DP\repos\junit5\junit-jupiter-engine\src\test\java\org\junit\jupiter\engine\extension\ProgrammaticExtensionRegistrationTests.java,383,2,413,3,0.0,0,0,0,0.0,0.0,0,0,1,0,0,5,7,2,0,1,6,0.0,0.0,0,0,0,1,0.0,0,0,0,1,1,0,24,31,1,0,1,0,5,0,0,0,5,5,0,0,0,24,31,1,0,1,0,5,0,0,0,5,5,0,0,0,0,0,13,0,6,0,0,6,0,0,0,0,13,0,0,0,0,0,0,0,0
1081,L15618,ProgrammaticExtensionRegistrationTests$SubClassLevelExtensionRegistrationTestCase,org.junit.jupiter.engine.extension.ProgrammaticExtensionRegistrationTests$SubClassLevelExtensionRegistrationTestCase,L15595,L103,C:\Users\domco\Desktop\DP\repos\junit5\junit-jupiter-engine\src\test\java\org\junit\jupiter\engine\extension\ProgrammaticExtensionRegistrationTests.java,415,2,423,3,0.0,0,0,0,0.0,0.0,0,0,1,0,0,1,3,1,0,1,2,0.0,0.0,0,0,0,1,0.0,0,1,1,0,0,1,7,9,1,0,0,0,1,0,0,0,6,1,0,0,0,7,9,1,0,0,0,1,0,0,0,6,1,0,0,0,0,0,5,0,1,0,0,1,0,0,0,0,5,0,0,0,0,0,0,0,0
1082,L15622,ProgrammaticExtensionRegistrationTests$ExtensionRegistrationFromInterfaceTestCase,org.junit.jupiter.engine.extension.ProgrammaticExtensionRegistrationTests$ExtensionRegistrationFromInterfaceTestCase,L15595,L103,C:\Users\domco\Desktop\DP\repos\junit5\junit-jupiter-engine\src\test\java\org\junit\jupiter\engine\extension\ProgrammaticExtensionRegistrationTests.java,452,2,459,3,0.0,0,0,0,0.0,0.0,0,0,1,0,0,1,3,1,0,1,2,0.0,0.0,0,0,0,1,0.0,0,1,1,0,0,1,6,8,1,0,0,0,1,0,0,0,5,1,1,4,0,6,8,1,0,0,0,1,0,0,0,5,1,1,4,0,0,0,7,0,1,0,0,1,0,0,0,0,5,0,0,0,0,0,0,2,0
1083,L15738,ProgrammaticExtensionRegistrationTests$CrystalBall,org.junit.jupiter.engine.extension.ProgrammaticExtensionRegistrationTests$CrystalBall,L15595,L103,C:\Users\domco\Desktop\DP\repos\junit5\junit-jupiter-engine\src\test\java\org\junit\jupiter\engine\extension\ProgrammaticExtensionRegistrationTests.java,461,2,479,3,0.0,0,0,0,0.0,0.0,0,0,2,0,0,3,3,6,0,1,4,0.0,0.0,0,0,0,4,0.0,0,2,2,0,0,1,14,19,1,0,1,0,3,0,3,0,3,3,0,3,0,14,19,1,0,1,0,3,0,3,0,3,3,0,3,0,0,0,10,0,0,0,0,0,1,0,0,0,9,0,0,0,0,0,0,0,0
1084,L15634,ProgrammaticExtensionRegistrationTests$ClassLevelExtensionRegistrationParentTestCase,org.junit.jupiter.engine.extension.ProgrammaticExtensionRegistrationTests$ClassLevelExtensionRegistrationParentTestCase,L15595,L103,C:\Users\domco\Desktop\DP\repos\junit5\junit-jupiter-engine\src\test\java\org\junit\jupiter\engine\extension\ProgrammaticExtensionRegistrationTests.java,481,2,497,3,0.0,0,0,0,0.0,0.0,0,0,1,0,0,1,2,2,0,0,1,0.0,0.0,0,0,0,1,0.0,0,0,0,1,1,0,11,17,2,0,2,0,1,0,0,0,1,0,0,0,0,11,17,2,0,2,0,1,0,0,0,1,0,0,0,0,0,0,5,2,4,1,0,3,0,0,0,0,5,1,1,0,0,0,0,0,0
1085,L15637,ProgrammaticExtensionRegistrationTests$ClassLevelExtensionRegistrationChildTestCase,org.junit.jupiter.engine.extension.ProgrammaticExtensionRegistrationTests$ClassLevelExtensionRegistrationChildTestCase,L15595,L103,C:\Users\domco\Desktop\DP\repos\junit5\junit-jupiter-engine\src\test\java\org\junit\jupiter\engine\extension\ProgrammaticExtensionRegistrationTests.java,499,2,512,3,0.0,0,0,0,0.0,0.0,0,0,0,0,0,0,2,1,0,0,0,0.0,0.111111,1,1,0,1,0.111111,1,1,1,0,0,1,8,14,4,0,2,0,0,0,0,0,1,0,0,0,0,8,14,4,0,2,0,0,0,0,0,1,0,0,0,0,0,0,3,0,2,0,0,2,0,0,0,0,3,0,0,0,0,0,0,0,0
1086,L15627,ProgrammaticExtensionRegistrationTests$InstanceLevelExtensionRegistrationParentTestCase,org.junit.jupiter.engine.extension.ProgrammaticExtensionRegistrationTests$InstanceLevelExtensionRegistrationParentTestCase,L15595,L103,C:\Users\domco\Desktop\DP\repos\junit5\junit-jupiter-engine\src\test\java\org\junit\jupiter\engine\extension\ProgrammaticExtensionRegistrationTests.java,514,2,530,3,0.0,0,0,0,0.0,0.0,0,0,1,0,0,1,2,2,0,0,1,0.0,0.0,0,0,0,1,0.0,0,0,0,1,1,0,11,17,2,0,2,0,1,0,0,0,1,0,0,0,0,11,17,2,0,2,0,1,0,0,0,1,0,0,0,0,0,0,5,1,4,1,0,3,0,0,0,0,5,1,0,0,0,0,0,0,0
1087,L15630,ProgrammaticExtensionRegistrationTests$InstanceLevelExtensionRegistrationChildTestCase,org.junit.jupiter.engine.extension.ProgrammaticExtensionRegistrationTests$InstanceLevelExtensionRegistrationChildTestCase,L15595,L103,C:\Users\domco\Desktop\DP\repos\junit5\junit-jupiter-engine\src\test\java\org\junit\jupiter\engine\extension\ProgrammaticExtensionRegistrationTests.java,532,2,546,3,0.0,0,0,0,0.0,0.0,0,0,0,0,0,0,2,1,0,0,0,0.0,0.1,1,1,0,1,0.1,1,1,1,0,0,1,9,15,4,0,2,0,0,0,0,0,1,0,0,0,0,9,15,4,0,2,0,0,0,0,0,1,0,0,0,0,0,0,3,0,2,0,0,2,0,0,0,0,3,0,0,0,0,0,0,0,0
1088,L15645,ProgrammaticExtensionRegistrationTests$CustomExtensionImpl,org.junit.jupiter.engine.extension.ProgrammaticExtensionRegistrationTests$CustomExtensionImpl,L15595,L103,C:\Users\domco\Desktop\DP\repos\junit5\junit-jupiter-engine\src\test\java\org\junit\jupiter\engine\extension\ProgrammaticExtensionRegistrationTests.java,557,2,568,3,0.0,0,0,0,0.0,0.0,0,0,2,0,0,2,4,1,0,1,3,0.0,0.0,0,0,0,3,0.0,0,2,3,0,0,2,10,12,0,0,0,0,2,0,2,0,2,2,0,2,0,10,12,0,0,0,0,2,0,2,0,2,2,0,2,0,0,0,9,0,0,0,0,0,1,0,0,0,7,0,0,1,0,0,0,0,0
1089,L15642,ProgrammaticExtensionRegistrationTests$InstanceLevelCustomExtensionApiTestCase,org.junit.jupiter.engine.extension.ProgrammaticExtensionRegistrationTests$InstanceLevelCustomExtensionApiTestCase,L15595,L103,C:\Users\domco\Desktop\DP\repos\junit5\junit-jupiter-engine\src\test\java\org\junit\jupiter\engine\extension\ProgrammaticExtensionRegistrationTests.java,570,2,580,3,0.0,0,0,0,0.0,0.0,0,0,1,0,0,1,2,1,0,1,2,0.0,0.0,0,0,0,1,0.0,0,0,0,0,0,0,8,11,1,0,1,0,1,0,0,0,1,1,0,0,0,8,11,1,0,1,0,1,0,0,0,1,1,0,0,0,0,0,5,1,2,1,0,2,0,0,0,0,5,0,0,0,0,0,0,0,0
1090,L15650,ProgrammaticExtensionRegistrationTests$ClassLevelCustomExtensionApiTestCase,org.junit.jupiter.engine.extension.ProgrammaticExtensionRegistrationTests$ClassLevelCustomExtensionApiTestCase,L15595,L103,C:\Users\domco\Desktop\DP\repos\junit5\junit-jupiter-engine\src\test\java\org\junit\jupiter\engine\extension\ProgrammaticExtensionRegistrationTests.java,582,2,592,3,0.0,0,0,0,0.0,0.0,0,0,1,0,0,1,2,1,0,1,2,0.0,0.0,0,0,0,1,0.0,0,0,0,0,0,0,8,11,1,0,1,0,1,0,0,0,1,1,0,0,0,8,11,1,0,1,0,1,0,0,0,1,1,0,0,0,0,0,5,1,2,1,0,2,0,0,0,0,5,0,0,0,0,0,0,0,0
1091,L15857,ProgrammaticExtensionRegistrationTests$AbstractTestCase,org.junit.jupiter.engine.extension.ProgrammaticExtensionRegistrationTests$AbstractTestCase,L15595,L103,C:\Users\domco\Desktop\DP\repos\junit5\junit-jupiter-engine\src\test\java\org\junit\jupiter\engine\extension\ProgrammaticExtensionRegistrationTests.java,594,2,600,3,0.0,0,0,0,0.0,0.0,0,0,1,0,0,1,1,12,0,0,1,0.0,0.0,0,0,0,1,0.0,0,0,0,12,12,0,5,7,0,0,0,0,1,0,0,0,1,0,0,0,0,5,7,0,0,0,0,1,0,0,0,1,0,0,0,0,0,0,6,1,2,1,0,1,0,0,0,0,5,1,0,1,0,0,0,0,0
1092,L15655,ProgrammaticExtensionRegistrationTests$InstanceLevelExtensionRegistrationWithPrivateFieldTestCase,org.junit.jupiter.engine.extension.ProgrammaticExtensionRegistrationTests$InstanceLevelExtensionRegistrationWithPrivateFieldTestCase,L15595,L103,C:\Users\domco\Desktop\DP\repos\junit5\junit-jupiter-engine\src\test\java\org\junit\jupiter\engine\extension\ProgrammaticExtensionRegistrationTests.java,602,2,607,3,0.0,0,0,0,0.0,0.0,0,0,0,0,0,0,2,1,0,0,0,0.0,0.0,0,0,0,1,0.0,0,1,1,0,0,1,4,6,1,0,1,0,0,0,0,0,1,0,0,0,0,4,6,1,0,1,0,0,0,0,0,1,0,0,0,0,0,0,3,0,0,0,0,0,0,0,0,0,3,0,0,0,0,0,0,0,0
1093,L15662,ProgrammaticExtensionRegistrationTests$ClassLevelExtensionRegistrationWithPrivateFieldTestCase,org.junit.jupiter.engine.extension.ProgrammaticExtensionRegistrationTests$ClassLevelExtensionRegistrationWithPrivateFieldTestCase,L15595,L103,C:\Users\domco\Desktop\DP\repos\junit5\junit-jupiter-engine\src\test\java\org\junit\jupiter\engine\extension\ProgrammaticExtensionRegistrationTests.java,609,2,614,3,0.0,0,0,0,0.0,0.0,0,0,0,0,0,0,2,1,0,0,0,0.0,0.0,0,0,0,1,0.0,0,1,1,0,0,1,4,6,1,0,1,0,0,0,0,0,1,0,0,0,0,4,6,1,0,1,0,0,0,0,0,1,0,0,0,0,0,0,3,0,0,0,0,0,0,0,0,0,3,0,0,0,0,0,0,0,0
1094,L15666,ProgrammaticExtensionRegistrationTests$InstanceLevelExtensionRegistrationWithNullFieldTestCase,org.junit.jupiter.engine.extension.ProgrammaticExtensionRegistrationTests$InstanceLevelExtensionRegistrationWithNullFieldTestCase,L15595,L103,C:\Users\domco\Desktop\DP\repos\junit5\junit-jupiter-engine\src\test\java\org\junit\jupiter\engine\extension\ProgrammaticExtensionRegistrationTests.java,616,2,621,3,0.0,0,0,0,0.0,0.0,0,0,0,0,0,0,2,1,0,0,0,0.0,0.0,0,0,0,1,0.0,0,1,1,0,0,1,4,6,1,0,1,0,0,0,0,0,1,0,0,0,0,4,6,1,0,1,0,0,0,0,0,1,0,0,0,0,0,0,3,0,1,0,0,1,0,0,0,0,3,0,0,0,0,0,0,0,0
1095,L15672,ProgrammaticExtensionRegistrationTests$ClassLevelExtensionRegistrationWithNullFieldTestCase,org.junit.jupiter.engine.extension.ProgrammaticExtensionRegistrationTests$ClassLevelExtensionRegistrationWithNullFieldTestCase,L15595,L103,C:\Users\domco\Desktop\DP\repos\junit5\junit-jupiter-engine\src\test\java\org\junit\jupiter\engine\extension\ProgrammaticExtensionRegistrationTests.java,623,2,628,3,0.0,0,0,0,0.0,0.0,0,0,0,0,0,0,2,1,0,0,0,0.0,0.0,0,0,0,1,0.0,0,1,1,0,0,1,4,6,1,0,1,0,0,0,0,0,1,0,0,0,0,4,6,1,0,1,0,0,0,0,0,1,0,0,0,0,0,0,3,0,1,0,0,1,0,0,0,0,3,0,0,0,0,0,0,0,0
1096,L15677,ProgrammaticExtensionRegistrationTests$InstanceLevelExtensionRegistrationWithNonExtensionFieldValueTestCase,org.junit.jupiter.engine.extension.ProgrammaticExtensionRegistrationTests$InstanceLevelExtensionRegistrationWithNonExtensionFieldValueTestCase,L15595,L103,C:\Users\domco\Desktop\DP\repos\junit5\junit-jupiter-engine\src\test\java\org\junit\jupiter\engine\extension\ProgrammaticExtensionRegistrationTests.java,630,2,635,3,0.0,0,0,0,0.0,0.0,0,0,0,0,0,0,1,1,0,0,0,0.0,0.0,0,0,0,1,0.0,0,1,1,0,0,1,4,6,1,0,1,0,0,0,0,0,1,0,0,0,0,4,6,1,0,1,0,0,0,0,0,1,0,0,0,0,0,0,3,0,1,0,0,1,0,0,0,0,3,0,0,0,0,0,0,0,0
1097,L15682,ProgrammaticExtensionRegistrationTests$ClassLevelExtensionRegistrationWithNonExtensionFieldValueTestCase,org.junit.jupiter.engine.extension.ProgrammaticExtensionRegistrationTests$ClassLevelExtensionRegistrationWithNonExtensionFieldValueTestCase,L15595,L103,C:\Users\domco\Desktop\DP\repos\junit5\junit-jupiter-engine\src\test\java\org\junit\jupiter\engine\extension\ProgrammaticExtensionRegistrationTests.java,637,2,642,3,0.0,0,0,0,0.0,0.0,0,0,0,0,0,0,1,1,0,0,0,0.0,0.0,0,0,0,1,0.0,0,1,1,0,0,1,4,6,1,0,1,0,0,0,0,0,1,0,0,0,0,4,6,1,0,1,0,0,0,0,0,1,0,0,0,0,0,0,3,0,1,0,0,1,0,0,0,0,3,0,0,0,0,0,0,0,0
1098,L15696,ProgrammaticExtensionRegistrationTests$ClassLevelExplosiveCheckedExceptionTestCase,org.junit.jupiter.engine.extension.ProgrammaticExtensionRegistrationTests$ClassLevelExplosiveCheckedExceptionTestCase,L15595,L103,C:\Users\domco\Desktop\DP\repos\junit5\junit-jupiter-engine\src\test\java\org\junit\jupiter\engine\extension\ProgrammaticExtensionRegistrationTests.java,644,2,649,3,0.0,0,0,0,0.0,0.0,0,0,0,0,0,0,2,1,0,0,0,0.0,0.0,0,0,0,1,0.0,0,1,1,0,0,1,4,6,1,0,1,0,0,0,0,0,1,0,0,0,0,4,6,1,0,1,0,0,0,0,0,1,0,0,0,0,0,0,3,0,1,0,0,1,0,0,0,0,3,0,0,0,0,0,0,0,0
1099,L15705,ProgrammaticExtensionRegistrationTests$ClassLevelExplosiveUncheckedExceptionTestCase,org.junit.jupiter.engine.extension.ProgrammaticExtensionRegistrationTests$ClassLevelExplosiveUncheckedExceptionTestCase,L15595,L103,C:\Users\domco\Desktop\DP\repos\junit5\junit-jupiter-engine\src\test\java\org\junit\jupiter\engine\extension\ProgrammaticExtensionRegistrationTests.java,651,2,656,3,0.0,0,0,0,0.0,0.0,0,0,0,0,0,0,2,1,0,0,0,0.0,0.0,0,0,0,1,0.0,0,1,1,0,0,1,4,6,1,0,1,0,0,0,0,0,1,0,0,0,0,4,6,1,0,1,0,0,0,0,0,1,0,0,0,0,0,0,3,0,1,0,0,1,0,0,0,0,3,0,0,0,0,0,0,0,0
1100,L15709,ProgrammaticExtensionRegistrationTests$ClassLevelExplosiveErrorTestCase,org.junit.jupiter.engine.extension.ProgrammaticExtensionRegistrationTests$ClassLevelExplosiveErrorTestCase,L15595,L103,C:\Users\domco\Desktop\DP\repos\junit5\junit-jupiter-engine\src\test\java\org\junit\jupiter\engine\extension\ProgrammaticExtensionRegistrationTests.java,658,2,663,3,0.0,0,0,0,0.0,0.0,0,0,0,0,0,0,2,1,0,0,0,0.0,0.0,0,0,0,1,0.0,0,1,1,0,0,1,4,6,1,0,1,0,0,0,0,0,1,0,0,0,0,4,6,1,0,1,0,0,0,0,0,1,0,0,0,0,0,0,3,0,1,0,0,1,0,0,0,0,3,0,0,0,0,0,0,0,0
1101,L15715,ProgrammaticExtensionRegistrationTests$InstanceLevelExplosiveCheckedExceptionTestCase,org.junit.jupiter.engine.extension.ProgrammaticExtensionRegistrationTests$InstanceLevelExplosiveCheckedExceptionTestCase,L15595,L103,C:\Users\domco\Desktop\DP\repos\junit5\junit-jupiter-engine\src\test\java\org\junit\jupiter\engine\extension\ProgrammaticExtensionRegistrationTests.java,665,2,670,3,0.0,0,0,0,0.0,0.0,0,0,0,0,0,0,2,1,0,0,0,0.0,0.0,0,0,0,1,0.0,0,1,1,0,0,1,4,6,1,0,1,0,0,0,0,0,1,0,0,0,0,4,6,1,0,1,0,0,0,0,0,1,0,0,0,0,0,0,3,0,1,0,0,1,0,0,0,0,3,0,0,0,0,0,0,0,0
1102,L15719,ProgrammaticExtensionRegistrationTests$InstanceLevelExplosiveUncheckedExceptionTestCase,org.junit.jupiter.engine.extension.ProgrammaticExtensionRegistrationTests$InstanceLevelExplosiveUncheckedExceptionTestCase,L15595,L103,C:\Users\domco\Desktop\DP\repos\junit5\junit-jupiter-engine\src\test\java\org\junit\jupiter\engine\extension\ProgrammaticExtensionRegistrationTests.java,672,2,677,3,0.0,0,0,0,0.0,0.0,0,0,0,0,0,0,2,1,0,0,0,0.0,0.0,0,0,0,1,0.0,0,1,1,0,0,1,4,6,1,0,1,0,0,0,0,0,1,0,0,0,0,4,6,1,0,1,0,0,0,0,0,1,0,0,0,0,0,0,3,0,1,0,0,1,0,0,0,0,3,0,0,0,0,0,0,0,0
1103,L15723,ProgrammaticExtensionRegistrationTests$InstanceLevelExplosiveErrorTestCase,org.junit.jupiter.engine.extension.ProgrammaticExtensionRegistrationTests$InstanceLevelExplosiveErrorTestCase,L15595,L103,C:\Users\domco\Desktop\DP\repos\junit5\junit-jupiter-engine\src\test\java\org\junit\jupiter\engine\extension\ProgrammaticExtensionRegistrationTests.java,679,2,684,3,0.0,0,0,0,0.0,0.0,0,0,0,0,0,0,2,1,0,0,0,0.0,0.0,0,0,0,1,0.0,0,1,1,0,0,1,4,6,1,0,1,0,0,0,0,0,1,0,0,0,0,4,6,1,0,1,0,0,0,0,0,1,0,0,0,0,0,0,3,0,1,0,0,1,0,0,0,0,3,0,0,0,0,0,0,0,0
1104,L15877,ProgrammaticExtensionRegistrationTests$ExplosiveExtension,org.junit.jupiter.engine.extension.ProgrammaticExtensionRegistrationTests$ExplosiveExtension,L15595,L103,C:\Users\domco\Desktop\DP\repos\junit5\junit-jupiter-engine\src\test\java\org\junit\jupiter\engine\extension\ProgrammaticExtensionRegistrationTests.java,686,2,692,3,0.0,0,0,0,0.0,0.0,0,0,0,0,0,1,2,0,0,1,2,0.0,0.0,0,0,0,1,0.0,0,1,1,0,0,1,5,7,0,0,0,0,1,0,0,0,1,1,0,0,0,5,7,0,0,0,0,1,0,0,0,1,1,0,0,0,0,0,5,0,0,0,0,0,0,0,0,0,5,0,0,0,0,0,0,0,0
1105,L15753,ProgrammaticExtensionRegistrationTests$ExtensionInjector,org.junit.jupiter.engine.extension.ProgrammaticExtensionRegistrationTests$ExtensionInjector,L15595,L103,C:\Users\domco\Desktop\DP\repos\junit5\junit-jupiter-engine\src\test\java\org\junit\jupiter\engine\extension\ProgrammaticExtensionRegistrationTests.java,700,2,722,3,0.0,0,0,0,0.0,0.0,0,0,1,0,0,1,4,1,0,1,2,0.5,0.421053,8,6,1,1,0.421053,8,2,2,0,0,1,11,23,1,0,1,0,1,0,1,0,1,1,0,1,0,11,23,1,0,1,0,1,0,1,0,1,1,0,1,0,0,0,3,1,0,0,0,0,0,0,0,0,3,0,1,0,0,0,0,0,0
1106,L15727,ProgrammaticExtensionRegistrationTests$TwoNestedClassesTestCase,org.junit.jupiter.engine.extension.ProgrammaticExtensionRegistrationTests$TwoNestedClassesTestCase,L15595,L103,C:\Users\domco\Desktop\DP\repos\junit5\junit-jupiter-engine\src\test\java\org\junit\jupiter\engine\extension\ProgrammaticExtensionRegistrationTests.java,724,2,759,3,0.0,0,0,0,0.0,0.0,0,0,0,0,0,0,1,1,0,0,0,0.0,0.0,0,0,0,1,0.0,0,0,0,0,0,0,4,8,1,0,1,0,0,0,0,0,0,0,0,0,0,26,36,1,0,1,0,4,0,0,0,4,4,0,0,0,0,0,19,0,11,4,0,7,2,0,0,0,17,0,0,0,0,0,0,0,0
1107,L15958,RepeatedTestTests$TestCase,org.junit.jupiter.engine.extension.RepeatedTestTests$TestCase,L15915,L103,C:\Users\domco\Desktop\DP\repos\junit5\junit-jupiter-engine\src\test\java\org\junit\jupiter\engine\extension\RepeatedTestTests.java,158,2,175,3,0.0,0,0,0,0.0,0.0,0,0,4,0,0,4,1,1,0,0,4,0.0,0.0,0,0,0,1,0.0,0,0,0,0,0,0,14,18,0,0,0,0,4,0,0,0,4,0,0,0,0,14,18,0,0,0,0,4,0,0,0,4,0,0,0,0,0,0,12,0,8,0,0,4,1,0,0,0,11,4,0,0,0,0,0,0,0
1108,L14597,SystemPropertyCondition,org.junit.jupiter.engine.extension.sub.SystemPropertyCondition,L15970,L103,C:\Users\domco\Desktop\DP\repos\junit5\junit-jupiter-engine\src\test\java\org\junit\jupiter\engine\extension\sub\SystemPropertyCondition.java,35,1,66,2,0.0,0,0,0,0.0,0.0,0,0,1,2,2,3,5,2,0,6,7,0.5,0.32,8,8,1,1,0.25,8,2,2,0,0,1,17,23,0,0,0,0,1,0,1,0,1,9,0,1,0,24,32,0,0,0,0,3,0,1,0,3,9,0,1,0,0,0,10,0,0,0,0,0,0,0,0,0,10,0,0,0,0,0,0,0,0
1109,L16018,TempDirectoryTests$SharedTempDir,org.junit.jupiter.engine.extension.TempDirectoryTests$SharedTempDir,L15984,L103,C:\Users\domco\Desktop\DP\repos\junit5\junit-jupiter-engine\src\test\java\org\junit\jupiter\engine\extension\TempDirectoryTests.java,106,2,176,3,0.0,0,0,0,0.0,0.0,0,0,1,0,0,9,17,0,0,3,12,0.0,0.0,0,0,0,1,0.0,0,0,0,0,0,0,58,71,0,0,0,0,9,0,0,0,9,11,0,0,0,58,71,0,0,0,0,9,0,0,0,9,11,0,0,0,0,0,22,0,6,0,0,6,0,0,1,0,21,0,0,0,0,0,0,0,0
1110,L16069,TempDirectoryTests$SeparateTempDirs,org.junit.jupiter.engine.extension.TempDirectoryTests$SeparateTempDirs,L15984,L103,C:\Users\domco\Desktop\DP\repos\junit5\junit-jupiter-engine\src\test\java\org\junit\jupiter\engine\extension\TempDirectoryTests.java,178,2,234,3,0.0,0,0,0,0.0,0.0,0,0,5,0,0,5,17,0,0,5,10,0.0,0.0,0,0,0,1,0.0,0,0,0,0,0,0,50,57,0,0,0,0,5,0,0,0,5,16,0,0,0,50,57,0,0,0,0,5,0,0,0,5,16,0,0,0,0,0,15,0,10,5,0,5,1,0,1,0,13,0,0,0,0,0,0,0,0
1111,L16103,TempDirectoryTests$Failures,org.junit.jupiter.engine.extension.TempDirectoryTests$Failures,L15984,L103,C:\Users\domco\Desktop\DP\repos\junit5\junit-jupiter-engine\src\test\java\org\junit\jupiter\engine\extension\TempDirectoryTests.java,236,2,315,3,0.0,0,0,0,0.0,0.0,0,0,7,0,0,7,19,0,0,8,15,0.0,0.0307692,2,0,0,1,0.0307692,2,0,0,0,0,0,63,80,0,0,0,0,7,0,0,0,7,14,0,0,0,63,80,0,0,0,0,7,0,0,0,7,14,0,0,0,0,0,19,1,7,1,0,7,1,0,1,0,17,0,0,0,0,0,0,0,0
1112,L16050,TempDirectoryTests$BaseSharedTempDirFieldInjectionTestCase,org.junit.jupiter.engine.extension.TempDirectoryTests$BaseSharedTempDirFieldInjectionTestCase,L15984,L103,C:\Users\domco\Desktop\DP\repos\junit5\junit-jupiter-engine\src\test\java\org\junit\jupiter\engine\extension\TempDirectoryTests.java,367,2,410,3,0.0,0,0,0,0.0,0.0,0,0,1,1,1,6,7,5,0,3,8,1.0,0.1,4,1,1,0,0.1,4,0,0,2,4,0,36,44,2,0,2,0,5,0,0,0,5,11,0,0,0,36,44,2,0,2,0,5,0,0,0,5,11,0,0,0,0,0,10,2,9,4,0,7,0,0,0,0,10,0,0,0,0,0,0,0,0
1113,L16023,TempDirectoryTests$AnnotationOnStaticFieldTestCase,org.junit.jupiter.engine.extension.TempDirectoryTests$AnnotationOnStaticFieldTestCase,L15984,L103,C:\Users\domco\Desktop\DP\repos\junit5\junit-jupiter-engine\src\test\java\org\junit\jupiter\engine\extension\TempDirectoryTests.java,412,2,430,3,0.0,0,0,0,0.0,0.0,0,0,1,0,0,1,2,2,0,1,2,0.0,0.210526,4,0,0,1,0.210526,4,1,1,1,1,1,15,19,4,0,2,0,1,0,0,0,6,2,0,0,0,15,19,4,0,2,0,1,0,0,0,6,2,0,0,0,0,0,3,0,4,1,0,3,0,0,0,0,3,0,0,0,0,0,0,0,0
1114,L16027,TempDirectoryTests$AnnotationOnStaticFieldAndBeforeAllMethodParameterTestCase,org.junit.jupiter.engine.extension.TempDirectoryTests$AnnotationOnStaticFieldAndBeforeAllMethodParameterTestCase,L15984,L103,C:\Users\domco\Desktop\DP\repos\junit5\junit-jupiter-engine\src\test\java\org\junit\jupiter\engine\extension\TempDirectoryTests.java,432,2,447,3,0.0,0,0,0,0.0,0.0,0,0,1,0,0,1,5,1,0,1,2,0.0,0.176471,3,0,0,1,0.176471,3,2,2,0,0,1,14,16,4,0,0,0,1,0,0,0,7,6,0,0,0,14,16,4,0,0,0,1,0,0,0,7,6,0,0,0,0,0,5,0,2,1,0,1,0,0,0,0,5,0,0,0,0,0,0,0,0
1115,L16031,TempDirectoryTests$AnnotationOnInstanceFieldAndBeforeAllMethodParameterTestCase,org.junit.jupiter.engine.extension.TempDirectoryTests$AnnotationOnInstanceFieldAndBeforeAllMethodParameterTestCase,L15984,L103,C:\Users\domco\Desktop\DP\repos\junit5\junit-jupiter-engine\src\test\java\org\junit\jupiter\engine\extension\TempDirectoryTests.java,449,2,459,3,0.0,0,0,0,0.0,0.0,0,0,1,0,0,1,4,2,0,1,2,0.0,0.0,0,0,0,1,0.0,0,1,1,1,1,1,9,11,2,0,0,0,1,0,0,0,6,3,0,0,0,9,11,2,0,0,0,1,0,0,0,6,3,0,0,0,0,0,5,0,2,1,0,1,0,0,0,0,5,0,0,0,0,0,0,0,0
1116,L16035,TempDirectoryTests$AnnotationOnInstanceFieldAndBeforeAllMethodParameterWithTestInstancePerClassTestCase,org.junit.jupiter.engine.extension.TempDirectoryTests$AnnotationOnInstanceFieldAndBeforeAllMethodParameterWithTestInstancePerClassTestCase,L15984,L103,C:\Users\domco\Desktop\DP\repos\junit5\junit-jupiter-engine\src\test\java\org\junit\jupiter\engine\extension\TempDirectoryTests.java,461,2,465,3,0.0,0,0,0,0.0,0.0,0,0,0,0,0,0,2,1,0,0,0,0.0,0.0,0,0,0,1,0.0,0,2,2,0,0,1,4,5,2,0,0,0,0,0,0,0,6,0,0,0,0,4,5,2,0,0,0,0,0,0,0,6,0,0,0,0,0,0,3,0,0,0,0,0,0,0,0,0,3,0,0,0,0,0,0,0,0
1117,L16112,TempDirectoryTests$AnnotationOnPrivateInstanceFieldTestCase,org.junit.jupiter.engine.extension.TempDirectoryTests$AnnotationOnPrivateInstanceFieldTestCase,L15984,L103,C:\Users\domco\Desktop\DP\repos\junit5\junit-jupiter-engine\src\test\java\org\junit\jupiter\engine\extension\TempDirectoryTests.java,467,2,476,3,0.0,0,0,0,0.0,0.0,0,0,1,0,0,1,1,1,0,0,1,0.0,0.0,0,0,0,1,0.0,0,0,0,0,0,0,7,10,1,0,1,0,1,0,0,0,1,0,0,0,0,7,10,1,0,1,0,1,0,0,0,1,0,0,0,0,0,0,5,1,2,1,0,1,0,0,0,0,5,1,0,0,0,0,0,0,0
1118,L16106,TempDirectoryTests$AnnotationOnPrivateStaticFieldTestCase,org.junit.jupiter.engine.extension.TempDirectoryTests$AnnotationOnPrivateStaticFieldTestCase,L15984,L103,C:\Users\domco\Desktop\DP\repos\junit5\junit-jupiter-engine\src\test\java\org\junit\jupiter\engine\extension\TempDirectoryTests.java,478,2,487,3,0.0,0,0,0,0.0,0.0,0,0,1,0,0,1,1,1,0,0,1,0.0,0.0,0,0,0,1,0.0,0,0,0,0,0,0,7,10,1,0,1,0,1,0,0,0,1,0,0,0,0,7,10,1,0,1,0,1,0,0,0,1,0,0,0,0,0,0,5,1,2,1,0,1,0,0,0,0,5,1,0,0,0,0,0,0,0
1119,L16118,TempDirectoryTests$AnnotationOnStaticFieldWithUnsupportedTypeTestCase,org.junit.jupiter.engine.extension.TempDirectoryTests$AnnotationOnStaticFieldWithUnsupportedTypeTestCase,L15984,L103,C:\Users\domco\Desktop\DP\repos\junit5\junit-jupiter-engine\src\test\java\org\junit\jupiter\engine\extension\TempDirectoryTests.java,489,2,498,3,0.0,0,0,0,0.0,0.0,0,0,1,0,0,1,1,1,0,0,1,0.0,0.0,0,0,0,1,0.0,0,0,0,0,0,0,7,10,1,0,1,0,1,0,0,0,1,0,0,0,0,7,10,1,0,1,0,1,0,0,0,1,0,0,0,0,0,0,5,1,3,1,0,2,0,0,0,0,5,1,0,0,0,0,0,0,0
1120,L16122,TempDirectoryTests$AnnotationOnInstanceFieldWithUnsupportedTypeTestCase,org.junit.jupiter.engine.extension.TempDirectoryTests$AnnotationOnInstanceFieldWithUnsupportedTypeTestCase,L15984,L103,C:\Users\domco\Desktop\DP\repos\junit5\junit-jupiter-engine\src\test\java\org\junit\jupiter\engine\extension\TempDirectoryTests.java,500,2,509,3,0.0,0,0,0,0.0,0.0,0,0,1,0,0,1,1,1,0,0,1,0.0,0.0,0,0,0,1,0.0,0,0,0,0,0,0,7,10,1,0,1,0,1,0,0,0,1,0,0,0,0,7,10,1,0,1,0,1,0,0,0,1,0,0,0,0,0,0,5,1,3,1,0,2,0,0,0,0,5,1,0,0,0,0,0,0,0
1121,L16059,TempDirectoryTests$BaseSharedTempDirParameterInjectionTestCase,org.junit.jupiter.engine.extension.TempDirectoryTests$BaseSharedTempDirParameterInjectionTestCase,L15984,L103,C:\Users\domco\Desktop\DP\repos\junit5\junit-jupiter-engine\src\test\java\org\junit\jupiter\engine\extension\TempDirectoryTests.java,511,2,542,3,0.0,0,0,0,0.0,0.0,0,0,1,0,0,5,7,4,2,2,7,0.0,0.0,0,0,0,1,0.0,0,0,0,2,2,0,25,32,1,0,1,0,5,0,0,0,5,8,0,0,0,25,32,1,0,1,0,5,0,0,0,5,8,0,0,0,0,0,13,2,7,3,0,6,0,0,0,0,13,0,0,0,0,0,0,0,0
1122,L16132,TempDirectoryTests$AnnotationOnConstructorParameterTestCase,org.junit.jupiter.engine.extension.TempDirectoryTests$AnnotationOnConstructorParameterTestCase,L15984,L103,C:\Users\domco\Desktop\DP\repos\junit5\junit-jupiter-engine\src\test\java\org\junit\jupiter\engine\extension\TempDirectoryTests.java,544,2,555,3,0.0,0,0,0,0.0,0.0,0,0,1,0,0,2,2,2,1,0,2,0.0,0.222222,2,0,0,1,0.222222,2,0,0,1,1,0,7,12,0,0,0,0,2,0,0,0,2,0,0,0,0,7,12,0,0,0,0,2,0,0,0,2,0,0,0,0,0,0,3,1,1,1,0,1,0,0,0,0,3,0,0,0,0,0,0,0,0
1123,L16136,TempDirectoryTests$AnnotationOnConstructorParameterWithTestInstancePerClassTestCase,org.junit.jupiter.engine.extension.TempDirectoryTests$AnnotationOnConstructorParameterWithTestInstancePerClassTestCase,L15984,L103,C:\Users\domco\Desktop\DP\repos\junit5\junit-jupiter-engine\src\test\java\org\junit\jupiter\engine\extension\TempDirectoryTests.java,557,2,564,3,0.0,0,0,0,0.0,0.0,0,0,0,0,0,1,3,1,0,1,2,0.0,0.0,0,0,0,1,0.0,0,1,1,0,0,1,7,8,0,0,0,0,1,0,0,0,3,1,0,0,0,7,8,0,0,0,0,1,0,0,0,3,1,0,0,0,0,0,5,0,0,0,0,0,0,0,0,0,5,0,0,0,0,0,0,0,0
1124,L16041,TempDirectoryTests$AnnotationOnBeforeAllMethodParameterTestCase,org.junit.jupiter.engine.extension.TempDirectoryTests$AnnotationOnBeforeAllMethodParameterTestCase,L15984,L103,C:\Users\domco\Desktop\DP\repos\junit5\junit-jupiter-engine\src\test\java\org\junit\jupiter\engine\extension\TempDirectoryTests.java,566,2,574,3,0.0,0,0,0,0.0,0.0,0,0,1,0,0,1,3,1,0,1,2,0.0,0.0,0,0,0,1,0.0,0,1,1,0,0,1,8,9,1,0,0,0,1,0,0,0,6,3,0,0,0,8,9,1,0,0,0,1,0,0,0,6,3,0,0,0,0,0,5,0,1,0,0,1,0,0,0,0,5,0,0,0,0,0,0,0,0
1125,L16045,TempDirectoryTests$AnnotationOnBeforeAllMethodParameterWithTestInstancePerClassTestCase,org.junit.jupiter.engine.extension.TempDirectoryTests$AnnotationOnBeforeAllMethodParameterWithTestInstancePerClassTestCase,L15984,L103,C:\Users\domco\Desktop\DP\repos\junit5\junit-jupiter-engine\src\test\java\org\junit\jupiter\engine\extension\TempDirectoryTests.java,576,2,586,3,0.0,0,0,0,0.0,0.0,0,0,1,0,0,1,4,1,0,1,2,0.0,0.0,0,0,0,1,0.0,0,1,1,0,0,1,10,11,1,0,0,0,1,0,0,0,6,3,0,0,0,10,11,1,0,0,0,1,0,0,0,6,3,0,0,0,0,0,5,0,1,0,0,1,0,0,0,0,5,0,0,0,0,0,0,0,0
1126,L16096,TempDirectoryTests$AnnotationOnAfterAllMethodParameterTestCase,org.junit.jupiter.engine.extension.TempDirectoryTests$AnnotationOnAfterAllMethodParameterTestCase,L15984,L103,C:\Users\domco\Desktop\DP\repos\junit5\junit-jupiter-engine\src\test\java\org\junit\jupiter\engine\extension\TempDirectoryTests.java,588,2,606,3,0.0,0,0,0,0.0,0.0,0,0,1,0,0,2,6,1,0,2,4,0.0,0.0,0,0,0,1,0.0,0,0,0,0,0,0,16,19,2,0,2,0,2,0,0,0,2,6,0,0,0,16,19,2,0,2,0,2,0,0,0,2,6,0,0,0,0,0,7,0,6,0,0,4,0,0,0,0,7,0,0,0,0,2,0,0,0
1127,L16153,TempDirectoryTests$BaseSeparateTempDirsFieldInjectionTestCase,org.junit.jupiter.engine.extension.TempDirectoryTests$BaseSeparateTempDirsFieldInjectionTestCase,L15984,L103,C:\Users\domco\Desktop\DP\repos\junit5\junit-jupiter-engine\src\test\java\org\junit\jupiter\engine\extension\TempDirectoryTests.java,608,2,650,3,0.0,0,0,0,0.0,0.0,0,0,1,1,1,6,7,3,0,2,7,0.0,0.0789474,3,0,0,1,0.0789474,3,0,0,1,2,0,35,43,2,0,2,0,5,0,0,0,5,12,0,0,0,35,43,2,0,2,0,5,0,0,0,5,12,0,0,0,0,0,11,2,8,3,0,7,0,0,0,0,11,0,0,0,0,0,0,0,0
1128,L16074,TempDirectoryTests$SeparateTempDirsWhenUsedOnForEachLifecycleMethodsFieldInjectionTestCase,org.junit.jupiter.engine.extension.TempDirectoryTests$SeparateTempDirsWhenUsedOnForEachLifecycleMethodsFieldInjectionTestCase,L15984,L103,C:\Users\domco\Desktop\DP\repos\junit5\junit-jupiter-engine\src\test\java\org\junit\jupiter\engine\extension\TempDirectoryTests.java,652,2,654,3,0.0,0,0,0,0.0,0.0,0,0,0,0,0,0,1,2,0,0,0,0.0,0.0,0,0,0,1,0.0,0,1,1,1,1,1,3,3,2,0,0,0,0,0,0,0,5,0,0,0,0,3,3,2,0,0,0,0,0,0,0,5,0,0,0,0,0,0,3,0,0,0,0,0,0,0,0,0,3,0,0,0,0,0,0,0,0
1129,L16082,TempDirectoryTests$SeparateTempDirsWhenUsedOnForEachLifecycleMethodsWithTestInstancePerClassFieldInjectionTestCase,org.junit.jupiter.engine.extension.TempDirectoryTests$SeparateTempDirsWhenUsedOnForEachLifecycleMethodsWithTestInstancePerClassFieldInjectionTestCase,L15984,L103,C:\Users\domco\Desktop\DP\repos\junit5\junit-jupiter-engine\src\test\java\org\junit\jupiter\engine\extension\TempDirectoryTests.java,656,2,659,3,0.0,0,0,0,0.0,0.0,0,0,0,0,0,0,2,1,0,0,0,0.0,0.0,0,0,0,1,0.0,0,2,2,0,0,1,4,4,2,0,0,0,0,0,0,0,5,0,0,0,0,4,4,2,0,0,0,0,0,0,0,5,0,0,0,0,0,0,3,0,0,0,0,0,0,0,0,0,3,0,0,0,0,0,0,0,0
1130,L16162,TempDirectoryTests$BaseSeparateTempDirsParameterInjectionTestCase,org.junit.jupiter.engine.extension.TempDirectoryTests$BaseSeparateTempDirsParameterInjectionTestCase,L15984,L103,C:\Users\domco\Desktop\DP\repos\junit5\junit-jupiter-engine\src\test\java\org\junit\jupiter\engine\extension\TempDirectoryTests.java,661,2,696,3,0.0,0,0,0,0.0,0.0,0,0,1,1,1,6,7,3,0,3,8,0.0,0.0,0,0,0,1,0.0,0,0,0,1,2,0,30,36,1,0,1,0,5,0,0,0,5,12,0,0,0,30,36,1,0,1,0,5,0,0,0,5,12,0,0,0,0,0,13,2,8,4,0,6,0,0,0,0,13,0,0,0,0,0,0,0,0
1131,L16088,TempDirectoryTests$SeparateTempDirsWhenUsedOnForEachLifecycleMethodsParameterInjectionTestCase,org.junit.jupiter.engine.extension.TempDirectoryTests$SeparateTempDirsWhenUsedOnForEachLifecycleMethodsParameterInjectionTestCase,L15984,L103,C:\Users\domco\Desktop\DP\repos\junit5\junit-jupiter-engine\src\test\java\org\junit\jupiter\engine\extension\TempDirectoryTests.java,698,2,700,3,0.0,0,0,0,0.0,0.0,0,0,0,0,0,0,1,2,0,0,0,0.0,0.0,0,0,0,1,0.0,0,1,1,1,1,1,3,3,1,0,0,0,0,0,0,0,5,0,0,0,0,3,3,1,0,0,0,0,0,0,0,5,0,0,0,0,0,0,3,0,0,0,0,0,0,0,0,0,3,0,0,0,0,0,0,0,0
1132,L16092,TempDirectoryTests$SeparateTempDirsWhenUsedOnForEachLifecycleMethodsWithTestInstancePerClassParameterInjectionTestCase,org.junit.jupiter.engine.extension.TempDirectoryTests$SeparateTempDirsWhenUsedOnForEachLifecycleMethodsWithTestInstancePerClassParameterInjectionTestCase,L15984,L103,C:\Users\domco\Desktop\DP\repos\junit5\junit-jupiter-engine\src\test\java\org\junit\jupiter\engine\extension\TempDirectoryTests.java,702,2,705,3,0.0,0,0,0,0.0,0.0,0,0,0,0,0,0,2,1,0,0,0,0.0,0.0,0,0,0,1,0.0,0,2,2,0,0,1,4,4,1,0,0,0,0,0,0,0,5,0,0,0,0,4,4,1,0,0,0,0,0,0,0,5,0,0,0,0,0,0,3,0,0,0,0,0,0,0,0,0,3,0,0,0,0,0,0,0,0
1133,L16126,TempDirectoryTests$InvalidTestCase,org.junit.jupiter.engine.extension.TempDirectoryTests$InvalidTestCase,L15984,L103,C:\Users\domco\Desktop\DP\repos\junit5\junit-jupiter-engine\src\test\java\org\junit\jupiter\engine\extension\TempDirectoryTests.java,707,2,713,3,0.0,0,0,0,0.0,0.0,0,0,1,0,0,1,3,1,0,1,2,0.0,0.0,0,0,0,1,0.0,0,0,0,0,0,0,6,7,0,0,0,0,1,0,0,0,1,1,0,0,0,6,7,0,0,0,0,1,0,0,0,1,1,0,0,0,0,0,5,0,1,0,0,1,0,0,0,0,5,0,0,0,0,0,0,0,0
1134,L16306,TempDirectoryTests$FileAndPathInjection,org.junit.jupiter.engine.extension.TempDirectoryTests$FileAndPathInjection,L15984,L103,C:\Users\domco\Desktop\DP\repos\junit5\junit-jupiter-engine\src\test\java\org\junit\jupiter\engine\extension\TempDirectoryTests.java,715,2,738,3,0.0,0,0,0,0.0,0.0,0,0,1,0,0,2,5,0,0,2,4,0.0,0.0,0,0,0,1,0.0,0,0,0,0,0,0,19,24,2,0,2,0,2,0,0,0,2,5,0,0,0,19,24,2,0,2,0,2,0,0,0,2,5,0,0,0,0,0,7,0,6,3,0,3,0,0,0,0,7,0,0,0,0,0,0,0,0
1135,L15999,TempDirectoryTests$TempDirectoryDoesNotPreventConstructorParameterResolutionTestCase,org.junit.jupiter.engine.extension.TempDirectoryTests$TempDirectoryDoesNotPreventConstructorParameterResolutionTestCase,L15984,L103,C:\Users\domco\Desktop\DP\repos\junit5\junit-jupiter-engine\src\test\java\org\junit\jupiter\engine\extension\TempDirectoryTests.java,746,2,756,3,0.0,0,0,0,0.0,0.0,0,0,1,0,0,2,3,1,0,1,3,1.0,0.111111,1,1,1,0,0.111111,1,0,0,0,0,0,8,11,0,0,0,0,2,0,0,0,2,1,0,0,0,8,11,0,0,0,0,2,0,0,0,2,1,0,0,0,0,0,6,1,3,2,0,1,0,0,0,0,6,1,0,0,0,0,0,0,0
1136,L16003,TempDirectoryTests$UserTempDirectoryDeletionDoesNotCauseFailureTestCase,org.junit.jupiter.engine.extension.TempDirectoryTests$UserTempDirectoryDeletionDoesNotCauseFailureTestCase,L15984,L103,C:\Users\domco\Desktop\DP\repos\junit5\junit-jupiter-engine\src\test\java\org\junit\jupiter\engine\extension\TempDirectoryTests.java,759,2,767,3,0.0,0,0,0,0.0,0.0,0,0,1,0,0,1,2,1,0,0,1,1.0,0.125,1,1,1,0,0.125,1,0,0,0,0,0,7,9,0,0,0,0,1,0,0,0,1,2,0,0,0,7,9,0,0,0,0,1,0,0,0,1,2,0,0,0,0,0,4,0,1,0,0,1,0,0,0,0,4,0,0,0,0,0,0,0,0
1137,L16007,TempDirectoryTests$NonWritableFileDoesNotCauseFailureTestCase,org.junit.jupiter.engine.extension.TempDirectoryTests$NonWritableFileDoesNotCauseFailureTestCase,L15984,L103,C:\Users\domco\Desktop\DP\repos\junit5\junit-jupiter-engine\src\test\java\org\junit\jupiter\engine\extension\TempDirectoryTests.java,770,2,781,3,0.0,0,0,0,0.0,0.0,0,0,1,0,0,1,3,1,0,1,2,1.0,0.272727,3,1,1,0,0.272727,3,0,0,0,0,0,8,12,0,0,0,0,1,0,0,0,1,2,0,0,0,8,12,0,0,0,0,1,0,0,0,1,2,0,0,0,0,0,0,1,1,1,0,1,0,0,0,0,0,0,0,0,0,0,0,0,0
1138,L16011,TempDirectoryTests$TempDirUsageInsideNestedClassesTestCase,org.junit.jupiter.engine.extension.TempDirectoryTests$TempDirUsageInsideNestedClassesTestCase,L15984,L103,C:\Users\domco\Desktop\DP\repos\junit5\junit-jupiter-engine\src\test\java\org\junit\jupiter\engine\extension\TempDirectoryTests.java,784,2,814,3,0.0,0,0,0,0.0,0.0,0,0,1,0,0,1,2,3,0,2,3,1.0,0.1,1,1,1,0,0.0384615,1,0,0,0,0,0,9,12,1,0,1,0,1,0,0,0,1,2,0,0,0,25,31,1,0,1,0,3,0,0,0,3,6,0,0,0,0,0,14,0,13,9,0,4,0,0,0,0,14,0,0,0,0,0,0,0,0
1139,L16015,TempDirectoryTests$StaticTempDirUsageInsideNestedClassTestCase,org.junit.jupiter.engine.extension.TempDirectoryTests$StaticTempDirUsageInsideNestedClassTestCase,L15984,L103,C:\Users\domco\Desktop\DP\repos\junit5\junit-jupiter-engine\src\test\java\org\junit\jupiter\engine\extension\TempDirectoryTests.java,816,2,840,3,0.0,0,0,0,0.0,0.0,0,0,1,0,0,1,2,2,0,2,3,0.0,0.0,0,0,0,1,0.0,0,0,0,0,0,0,11,15,2,0,2,0,1,0,0,0,1,3,0,0,0,20,25,2,0,2,0,2,0,0,0,2,6,0,0,0,0,0,10,0,11,7,0,4,0,0,0,0,10,0,0,0,0,0,0,0,0
1140,L16374,TestExecutionExceptionHandlerTests$ATestCase,org.junit.jupiter.engine.extension.TestExecutionExceptionHandlerTests$ATestCase,L16359,L103,C:\Users\domco\Desktop\DP\repos\junit5\junit-jupiter-engine\src\test\java\org\junit\jupiter\engine\extension\TestExecutionExceptionHandlerTests.java,135,2,163,3,0.0,0,0,0,0.0,0.0,0,0,4,0,0,4,6,1,0,0,4,1.0,0.0384615,1,1,1,0,0.0384615,1,0,0,0,0,0,25,29,0,0,0,0,4,0,0,0,4,4,0,0,0,25,29,0,0,0,0,4,0,0,0,4,4,0,0,0,0,0,11,6,4,4,0,4,1,0,0,2,10,0,0,0,0,0,0,0,0
1141,L16383,TestExecutionExceptionHandlerTests$RethrowException,org.junit.jupiter.engine.extension.TestExecutionExceptionHandlerTests$RethrowException,L16359,L103,C:\Users\domco\Desktop\DP\repos\junit5\junit-jupiter-engine\src\test\java\org\junit\jupiter\engine\extension\TestExecutionExceptionHandlerTests.java,165,2,177,3,0.0,0,0,0,0.0,0.0,0,0,1,0,0,1,4,2,0,1,2,0.0,0.0,0,0,0,2,0.0,0,2,2,0,0,1,10,13,1,0,1,0,1,0,1,0,1,4,0,1,0,10,13,1,0,1,0,1,0,1,0,1,4,0,1,0,0,0,5,0,3,1,0,1,0,0,0,0,5,0,0,0,0,1,0,0,0
1142,L16387,TestExecutionExceptionHandlerTests$SwallowException,org.junit.jupiter.engine.extension.TestExecutionExceptionHandlerTests$SwallowException,L16359,L103,C:\Users\domco\Desktop\DP\repos\junit5\junit-jupiter-engine\src\test\java\org\junit\jupiter\engine\extension\TestExecutionExceptionHandlerTests.java,179,2,190,3,0.0,0,0,0,0.0,0.0,0,0,1,0,0,1,4,2,0,1,2,0.0,0.1,1,0,0,2,0.1,1,2,2,0,0,1,9,12,1,0,1,0,1,0,1,0,1,3,0,1,0,9,12,1,0,1,0,1,0,1,0,1,3,0,1,0,0,0,5,0,3,1,0,1,0,0,0,0,5,0,0,0,0,1,0,0,0
1143,L16391,TestExecutionExceptionHandlerTests$ConvertException,org.junit.jupiter.engine.extension.TestExecutionExceptionHandlerTests$ConvertException,L16359,L103,C:\Users\domco\Desktop\DP\repos\junit5\junit-jupiter-engine\src\test\java\org\junit\jupiter\engine\extension\TestExecutionExceptionHandlerTests.java,192,2,204,3,0.0,0,0,0,0.0,0.0,0,0,1,0,0,1,4,2,0,1,2,0.0,0.0,0,0,0,2,0.0,0,2,2,0,0,1,10,13,1,0,1,0,1,0,1,0,1,4,0,1,0,10,13,1,0,1,0,1,0,1,0,1,4,0,1,0,0,0,5,0,3,1,0,1,0,0,0,0,5,0,0,0,0,1,0,0,0
1144,L16395,TestExecutionExceptionHandlerTests$ShouldNotBeCalled,org.junit.jupiter.engine.extension.TestExecutionExceptionHandlerTests$ShouldNotBeCalled,L16359,L103,C:\Users\domco\Desktop\DP\repos\junit5\junit-jupiter-engine\src\test\java\org\junit\jupiter\engine\extension\TestExecutionExceptionHandlerTests.java,206,2,214,3,0.0,0,0,0,0.0,0.0,0,0,1,0,0,1,2,2,0,0,1,0.0,0.0,0,0,0,2,0.0,0,2,2,0,0,1,7,9,1,0,1,0,1,0,1,0,1,1,0,1,0,7,9,1,0,1,0,1,0,1,0,1,1,0,1,0,0,0,5,0,2,0,0,1,0,0,0,0,5,0,0,0,0,1,0,0,0
1145,L16443,TestInstanceFactoryTests$MultipleFactoriesRegisteredOnSingleTestCase,org.junit.jupiter.engine.extension.TestInstanceFactoryTests$MultipleFactoriesRegisteredOnSingleTestCase,L16436,L103,C:\Users\domco\Desktop\DP\repos\junit5\junit-jupiter-engine\src\test\java\org\junit\jupiter\engine\extension\TestInstanceFactoryTests.java,384,2,391,3,0.0,0,0,0,0.0,0.0,0,0,1,0,0,1,5,1,0,0,1,1.0,0.125,1,1,1,0,0.125,1,0,0,0,0,0,7,8,0,0,0,0,1,0,0,0,1,1,0,0,0,7,8,0,0,0,0,1,0,0,0,1,1,0,0,0,0,0,4,1,1,1,0,1,0,0,0,0,4,0,0,0,0,0,0,0,0
1146,L16466,TestInstanceFactoryTests$NullTestInstanceFactoryTestCase,org.junit.jupiter.engine.extension.TestInstanceFactoryTests$NullTestInstanceFactoryTestCase,L16436,L103,C:\Users\domco\Desktop\DP\repos\junit5\junit-jupiter-engine\src\test\java\org\junit\jupiter\engine\extension\TestInstanceFactoryTests.java,393,2,400,3,0.0,0,0,0,0.0,0.0,0,0,1,0,0,1,4,2,0,0,1,0.0,0.0,0,0,0,1,0.0,0,0,0,1,1,0,7,8,0,0,0,0,1,0,0,0,1,1,0,0,0,7,8,0,0,0,0,1,0,0,0,1,1,0,0,0,0,0,5,1,1,1,0,1,0,0,0,0,5,0,0,0,0,0,0,0,0
1147,L16470,TestInstanceFactoryTests$PerClassLifecycleNullTestInstanceFactoryTestCase,org.junit.jupiter.engine.extension.TestInstanceFactoryTests$PerClassLifecycleNullTestInstanceFactoryTestCase,L16436,L103,C:\Users\domco\Desktop\DP\repos\junit5\junit-jupiter-engine\src\test\java\org\junit\jupiter\engine\extension\TestInstanceFactoryTests.java,402,2,404,3,0.0,0,0,0,0.0,0.0,0,0,0,0,0,0,2,1,0,0,0,0.0,0.0,0,0,0,1,0.0,0,1,1,0,0,1,3,3,0,0,0,0,0,0,0,0,1,0,0,0,0,3,3,0,0,0,0,0,0,0,0,1,0,0,0,0,0,0,3,0,0,0,0,0,0,0,0,0,3,0,0,0,0,0,0,0,0
1148,L16474,TestInstanceFactoryTests$BogusTestInstanceFactoryTestCase,org.junit.jupiter.engine.extension.TestInstanceFactoryTests$BogusTestInstanceFactoryTestCase,L16436,L103,C:\Users\domco\Desktop\DP\repos\junit5\junit-jupiter-engine\src\test\java\org\junit\jupiter\engine\extension\TestInstanceFactoryTests.java,406,2,413,3,0.0,0,0,0,0.0,0.0,0,0,1,0,0,1,4,2,0,0,1,0.0,0.0,0,0,0,1,0.0,0,0,0,1,1,0,7,8,0,0,0,0,1,0,0,0,1,1,0,0,0,7,8,0,0,0,0,1,0,0,0,1,1,0,0,0,0,0,5,1,1,1,0,1,0,0,0,0,5,0,0,0,0,0,0,0,0
1149,L16478,TestInstanceFactoryTests$PerClassLifecycleBogusTestInstanceFactoryTestCase,org.junit.jupiter.engine.extension.TestInstanceFactoryTests$PerClassLifecycleBogusTestInstanceFactoryTestCase,L16436,L103,C:\Users\domco\Desktop\DP\repos\junit5\junit-jupiter-engine\src\test\java\org\junit\jupiter\engine\extension\TestInstanceFactoryTests.java,415,2,417,3,0.0,0,0,0,0.0,0.0,0,0,0,0,0,0,2,1,0,0,0,0.0,0.0,0,0,0,1,0.0,0,1,1,0,0,1,3,3,0,0,0,0,0,0,0,0,1,0,0,0,0,3,3,0,0,0,0,0,0,0,0,1,0,0,0,0,0,0,3,0,0,0,0,0,0,0,0,0,3,0,0,0,0,0,0,0,0
1150,L16482,TestInstanceFactoryTests$ExplosiveTestInstanceFactoryTestCase,org.junit.jupiter.engine.extension.TestInstanceFactoryTests$ExplosiveTestInstanceFactoryTestCase,L16436,L103,C:\Users\domco\Desktop\DP\repos\junit5\junit-jupiter-engine\src\test\java\org\junit\jupiter\engine\extension\TestInstanceFactoryTests.java,419,2,426,3,0.0,0,0,0,0.0,0.0,0,0,1,0,0,1,4,2,0,0,1,0.0,0.0,0,0,0,1,0.0,0,0,0,1,1,0,7,8,0,0,0,0,1,0,0,0,1,1,0,0,0,7,8,0,0,0,0,1,0,0,0,1,1,0,0,0,0,0,5,1,1,1,0,1,0,0,0,0,5,0,0,0,0,0,0,0,0
1151,L16489,TestInstanceFactoryTests$PerClassLifecycleExplosiveTestInstanceFactoryTestCase,org.junit.jupiter.engine.extension.TestInstanceFactoryTests$PerClassLifecycleExplosiveTestInstanceFactoryTestCase,L16436,L103,C:\Users\domco\Desktop\DP\repos\junit5\junit-jupiter-engine\src\test\java\org\junit\jupiter\engine\extension\TestInstanceFactoryTests.java,428,2,430,3,0.0,0,0,0,0.0,0.0,0,0,0,0,0,0,2,1,0,0,0,0.0,0.0,0,0,0,1,0.0,0,1,1,0,0,1,3,3,0,0,0,0,0,0,0,0,1,0,0,0,0,3,3,0,0,0,0,0,0,0,0,1,0,0,0,0,0,0,3,0,0,0,0,0,0,0,0,0,3,0,0,0,0,0,0,0,0
1152,L16497,TestInstanceFactoryTests$ParentTestCase,org.junit.jupiter.engine.extension.TestInstanceFactoryTests$ParentTestCase,L16436,L103,C:\Users\domco\Desktop\DP\repos\junit5\junit-jupiter-engine\src\test\java\org\junit\jupiter\engine\extension\TestInstanceFactoryTests.java,432,2,439,3,0.0,0,0,0,0.0,0.0,0,0,1,0,0,1,4,3,0,0,1,0.0,0.0,0,0,0,1,0.0,0,0,0,2,2,0,7,8,0,0,0,0,1,0,0,0,1,1,0,0,0,7,8,0,0,0,0,1,0,0,0,1,1,0,0,0,0,0,5,1,1,1,0,1,0,0,0,0,5,0,0,0,0,0,0,0,0
1153,L16501,TestInstanceFactoryTests$InheritedFactoryTestCase,org.junit.jupiter.engine.extension.TestInstanceFactoryTests$InheritedFactoryTestCase,L16436,L103,C:\Users\domco\Desktop\DP\repos\junit5\junit-jupiter-engine\src\test\java\org\junit\jupiter\engine\extension\TestInstanceFactoryTests.java,441,2,447,3,0.0,0,0,0,0.0,0.0,0,0,1,0,0,1,3,1,0,0,1,0.0,0.0,0,0,0,1,0.0,0,1,1,0,0,1,6,7,0,0,0,0,1,0,0,0,2,1,0,0,0,6,7,0,0,0,0,1,0,0,0,2,1,0,0,0,0,0,5,1,1,1,0,1,0,0,0,0,5,0,0,0,0,0,0,0,0
1154,L16453,TestInstanceFactoryTests$MultipleFactoriesRegisteredWithinClassHierarchyTestCase,org.junit.jupiter.engine.extension.TestInstanceFactoryTests$MultipleFactoriesRegisteredWithinClassHierarchyTestCase,L16436,L103,C:\Users\domco\Desktop\DP\repos\junit5\junit-jupiter-engine\src\test\java\org\junit\jupiter\engine\extension\TestInstanceFactoryTests.java,449,2,456,3,0.0,0,0,0,0.0,0.0,0,0,1,0,0,1,5,1,0,0,1,0.0,0.0,0,0,0,1,0.0,0,1,1,0,0,1,7,8,0,0,0,0,1,0,0,0,2,1,0,0,0,7,8,0,0,0,0,1,0,0,0,2,1,0,0,0,0,0,5,1,1,1,0,1,0,0,0,0,5,0,0,0,0,0,0,0,0
1155,L16505,TestInstanceFactoryTests$OuterTestCase,org.junit.jupiter.engine.extension.TestInstanceFactoryTests$OuterTestCase,L16436,L103,C:\Users\domco\Desktop\DP\repos\junit5\junit-jupiter-engine\src\test\java\org\junit\jupiter\engine\extension\TestInstanceFactoryTests.java,458,2,483,3,0.0,0,0,0,0.0,0.0,0,0,1,0,0,1,4,1,0,0,1,0.0,0.0,0,0,0,1,0.0,0,0,0,0,0,0,7,9,0,0,0,0,1,0,0,0,1,1,0,0,0,21,26,0,0,0,0,3,0,0,0,3,3,0,0,0,0,0,15,3,3,3,0,3,0,0,0,0,15,0,0,0,0,0,0,0,0
1156,L16457,TestInstanceFactoryTests$MultipleFactoriesRegisteredWithinNestedClassStructureTestCase,org.junit.jupiter.engine.extension.TestInstanceFactoryTests$MultipleFactoriesRegisteredWithinNestedClassStructureTestCase,L16436,L103,C:\Users\domco\Desktop\DP\repos\junit5\junit-jupiter-engine\src\test\java\org\junit\jupiter\engine\extension\TestInstanceFactoryTests.java,485,2,500,3,0.0,0,0,0,0.0,0.0,0,0,1,0,0,1,3,1,0,0,1,0.0,0.0,0,0,0,1,0.0,0,0,0,0,0,0,6,8,0,0,0,0,1,0,0,0,1,0,0,0,0,13,16,0,0,0,0,2,0,0,0,2,0,0,0,0,0,0,10,2,4,2,0,2,0,0,0,0,10,2,0,0,0,0,0,0,0
1157,L16509,TestInstanceFactoryTests$FactoryFromInterfaceTestCase,org.junit.jupiter.engine.extension.TestInstanceFactoryTests$FactoryFromInterfaceTestCase,L16436,L103,C:\Users\domco\Desktop\DP\repos\junit5\junit-jupiter-engine\src\test\java\org\junit\jupiter\engine\extension\TestInstanceFactoryTests.java,506,2,512,3,0.0,0,0,0,0.0,0.0,0,0,1,0,0,1,3,1,0,0,1,0.0,0.0,0,0,0,1,0.0,0,1,1,0,0,1,6,7,0,0,0,0,1,0,0,0,1,1,0,0,0,6,7,0,0,0,0,1,0,0,0,1,1,0,0,0,0,0,5,1,1,1,0,1,0,0,0,0,5,0,0,0,0,0,0,0,0
1158,L16513,TestInstanceFactoryTests$LambdaFactoryTestCase,org.junit.jupiter.engine.extension.TestInstanceFactoryTests$LambdaFactoryTestCase,L16436,L103,C:\Users\domco\Desktop\DP\repos\junit5\junit-jupiter-engine\src\test\java\org\junit\jupiter\engine\extension\TestInstanceFactoryTests.java,514,2,534,3,0.0,0,0,0,0.0,0.0,0,0,1,0,0,3,4,1,0,0,3,0.0,0.0,0,0,0,1,0.0,0,0,0,0,0,0,16,21,2,0,2,0,3,0,0,0,3,3,0,0,0,16,21,2,0,2,0,3,0,0,0,3,3,0,0,0,0,0,9,1,3,1,0,3,0,0,0,0,9,0,0,0,0,0,0,0,0
1159,L16517,TestInstanceFactoryTests$PerClassLifecycleTestCase,org.junit.jupiter.engine.extension.TestInstanceFactoryTests$PerClassLifecycleTestCase,L16436,L103,C:\Users\domco\Desktop\DP\repos\junit5\junit-jupiter-engine\src\test\java\org\junit\jupiter\engine\extension\TestInstanceFactoryTests.java,536,2,570,3,0.0,0,0,0,0.0,0.0,0,0,5,0,0,6,8,1,0,0,6,0.0,0.0,0,0,0,1,0.0,0,0,0,0,0,0,28,35,1,0,1,0,6,0,0,0,6,6,0,0,0,28,35,1,0,1,0,6,0,0,0,6,6,0,0,0,0,0,16,2,6,2,0,6,1,0,0,0,15,0,0,0,0,0,0,0,0
1160,L16493,TestInstanceFactoryTests$ProxiedTestCase,org.junit.jupiter.engine.extension.TestInstanceFactoryTests$ProxiedTestCase,L16436,L103,C:\Users\domco\Desktop\DP\repos\junit5\junit-jupiter-engine\src\test\java\org\junit\jupiter\engine\extension\TestInstanceFactoryTests.java,572,2,585,3,0.0,0,0,0,0.0,0.0,0,0,2,0,0,2,5,1,0,0,2,0.0,0.0,0,0,0,1,0.0,0,0,0,0,0,0,12,14,0,0,0,0,2,0,0,0,2,2,0,0,0,12,14,0,0,0,0,2,0,0,0,2,2,0,0,0,0,0,8,2,2,2,0,2,1,0,0,0,7,0,0,0,0,0,0,0,0
1161,L16586,TestInstanceFactoryTests$AbstractTestInstanceFactory,org.junit.jupiter.engine.extension.TestInstanceFactoryTests$AbstractTestInstanceFactory,L16436,L103,C:\Users\domco\Desktop\DP\repos\junit5\junit-jupiter-engine\src\test\java\org\junit\jupiter\engine\extension\TestInstanceFactoryTests.java,589,2,602,3,0.0,0,0,0,0.0,0.0,0,0,1,1,1,2,5,2,0,4,5,0.5,0.153846,2,1,1,1,0.153846,2,2,2,2,2,1,11,14,0,0,0,0,1,0,1,0,1,5,0,1,0,11,14,0,0,0,0,1,0,1,0,1,5,0,1,0,0,0,5,0,0,0,0,0,0,0,0,0,5,0,0,0,0,0,0,0,0
1162,L16446,TestInstanceFactoryTests$FooInstanceFactory,org.junit.jupiter.engine.extension.TestInstanceFactoryTests$FooInstanceFactory,L16436,L103,C:\Users\domco\Desktop\DP\repos\junit5\junit-jupiter-engine\src\test\java\org\junit\jupiter\engine\extension\TestInstanceFactoryTests.java,604,2,605,3,0.0,0,0,0,0.0,0.0,0,0,0,0,0,0,1,7,0,0,0,0.0,0.0,0,0,0,1,0.0,0,3,3,0,0,1,2,2,0,0,0,0,0,0,0,0,1,0,0,1,0,2,2,0,0,0,0,0,0,0,0,1,0,0,1,0,0,0,3,0,0,0,0,0,0,0,0,0,3,0,0,0,0,0,0,0,0
1163,L16449,TestInstanceFactoryTests$BarInstanceFactory,org.junit.jupiter.engine.extension.TestInstanceFactoryTests$BarInstanceFactory,L16436,L103,C:\Users\domco\Desktop\DP\repos\junit5\junit-jupiter-engine\src\test\java\org\junit\jupiter\engine\extension\TestInstanceFactoryTests.java,607,2,608,3,0.0,0,0,0,0.0,0.0,0,0,0,0,0,0,1,4,0,0,0,0.0,0.0,0,0,0,1,0.0,0,3,3,0,0,1,2,2,0,0,0,0,0,0,0,0,1,0,0,1,0,2,2,0,0,0,0,0,0,0,0,1,0,0,1,0,0,0,3,0,0,0,0,0,0,0,0,0,3,0,0,0,0,0,0,0,0
1164,L16525,TestInstanceFactoryTests$NullTestInstanceFactory,org.junit.jupiter.engine.extension.TestInstanceFactoryTests$NullTestInstanceFactory,L16436,L103,C:\Users\domco\Desktop\DP\repos\junit5\junit-jupiter-engine\src\test\java\org\junit\jupiter\engine\extension\TestInstanceFactoryTests.java,613,2,619,3,0.0,0,0,0,0.0,0.0,0,0,1,0,0,1,3,1,0,0,1,0.5,0.333333,3,3,1,1,0.333333,3,2,2,0,0,1,6,7,0,0,0,0,1,0,1,0,1,1,0,1,0,6,7,0,0,0,0,1,0,1,0,1,1,0,1,0,0,0,3,0,0,0,0,0,0,0,0,0,3,0,0,0,0,0,0,0,0
1165,L16532,TestInstanceFactoryTests$BogusTestInstanceFactory,org.junit.jupiter.engine.extension.TestInstanceFactoryTests$BogusTestInstanceFactory,L16436,L103,C:\Users\domco\Desktop\DP\repos\junit5\junit-jupiter-engine\src\test\java\org\junit\jupiter\engine\extension\TestInstanceFactoryTests.java,625,2,631,3,0.0,0,0,0,0.0,0.0,0,0,1,0,0,1,3,1,0,0,1,0.5,0.4,4,4,1,1,0.4,4,2,2,0,0,1,6,7,0,0,0,0,1,0,1,0,1,1,0,1,0,6,7,0,0,0,0,1,0,1,0,1,1,0,1,0,0,0,3,0,0,0,0,0,0,0,0,0,3,0,0,0,0,0,0,0,0
1166,L16485,TestInstanceFactoryTests$ExplosiveTestInstanceFactory,org.junit.jupiter.engine.extension.TestInstanceFactoryTests$ExplosiveTestInstanceFactory,L16436,L103,C:\Users\domco\Desktop\DP\repos\junit5\junit-jupiter-engine\src\test\java\org\junit\jupiter\engine\extension\TestInstanceFactoryTests.java,636,2,642,3,0.0,0,0,0,0.0,0.0,0,0,1,0,0,1,3,2,0,0,1,0.5,0.333333,3,3,1,1,0.333333,3,2,2,0,0,1,6,7,0,0,0,0,1,0,1,0,1,1,0,1,0,6,7,0,0,0,0,1,0,1,0,1,1,0,1,0,0,0,3,1,0,0,0,0,0,0,0,1,3,0,0,0,0,0,0,0,0
1167,L16580,TestInstanceFactoryTests$ProxyTestInstanceFactory,org.junit.jupiter.engine.extension.TestInstanceFactoryTests$ProxyTestInstanceFactory,L16436,L103,C:\Users\domco\Desktop\DP\repos\junit5\junit-jupiter-engine\src\test\java\org\junit\jupiter\engine\extension\TestInstanceFactoryTests.java,649,2,666,3,0.0,0,0,0,0.0,0.0,0,0,1,1,1,2,6,1,0,5,6,0.5,0.285714,6,5,1,1,0.285714,6,2,2,0,0,1,15,18,0,0,0,0,1,0,1,0,1,7,0,1,0,15,18,0,0,0,0,1,0,1,0,1,7,0,1,0,0,0,3,2,0,0,0,0,0,0,0,2,3,0,0,0,0,0,0,0,0
1168,L16621,TestInstanceFactoryTests$ProxyClassLoader,org.junit.jupiter.engine.extension.TestInstanceFactoryTests$ProxyClassLoader,L16436,L103,C:\Users\domco\Desktop\DP\repos\junit5\junit-jupiter-engine\src\test\java\org\junit\jupiter\engine\extension\TestInstanceFactoryTests.java,668,2,680,3,0.0,0,0,0,0.0,0.0,0,0,1,0,0,3,1,1,1,0,2,0.0,0.0,0,0,0,2,0.0,0,0,0,0,0,0,11,13,0,0,0,0,2,0,1,0,2,2,0,1,0,11,13,0,0,0,0,2,0,1,0,2,2,0,1,0,0,0,7,0,0,0,0,0,0,0,0,0,7,0,0,0,0,0,0,0,0
1169,L16645,TestInstancePostProcessorAndPreDestroyCallbackTests$TopLevelTestCase,org.junit.jupiter.engine.extension.TestInstancePostProcessorAndPreDestroyCallbackTests$TopLevelTestCase,L16638,L103,C:\Users\domco\Desktop\DP\repos\junit5\junit-jupiter-engine\src\test\java\org\junit\jupiter\engine\extension\TestInstancePostProcessorAndPreDestroyCallbackTests.java,120,2,127,3,0.0,0,0,0,0.0,0.0,0,0,1,0,0,1,5,2,0,0,1,1.0,0.222222,2,2,1,0,0.222222,2,0,0,1,2,0,7,8,0,0,0,0,1,0,0,0,1,1,0,0,0,7,8,0,0,0,0,1,0,0,0,1,1,0,0,0,0,0,4,1,1,1,0,1,0,0,0,0,4,0,0,0,0,0,0,0,0
1170,L16649,TestInstancePostProcessorAndPreDestroyCallbackTests$SecondLevelTestCase,org.junit.jupiter.engine.extension.TestInstancePostProcessorAndPreDestroyCallbackTests$SecondLevelTestCase,L16638,L103,C:\Users\domco\Desktop\DP\repos\junit5\junit-jupiter-engine\src\test\java\org\junit\jupiter\engine\extension\TestInstancePostProcessorAndPreDestroyCallbackTests.java,130,2,138,3,0.0,0,0,0,0.0,0.0,0,0,1,0,0,1,5,2,0,0,1,1.0,0.111111,1,1,1,0,0.111111,1,1,1,1,1,1,8,9,0,0,0,0,1,0,0,0,2,1,0,0,0,8,9,0,0,0,0,1,0,0,0,2,1,0,0,0,0,0,4,1,1,1,0,1,0,0,0,0,4,0,0,0,0,0,0,0,0
1171,L16653,TestInstancePostProcessorAndPreDestroyCallbackTests$ThirdLevelTestCase,org.junit.jupiter.engine.extension.TestInstancePostProcessorAndPreDestroyCallbackTests$ThirdLevelTestCase,L16638,L103,C:\Users\domco\Desktop\DP\repos\junit5\junit-jupiter-engine\src\test\java\org\junit\jupiter\engine\extension\TestInstancePostProcessorAndPreDestroyCallbackTests.java,140,2,148,3,0.0,0,0,0,0.0,0.0,0,0,1,0,0,1,5,1,0,0,1,0.0,0.0,0,0,0,1,0.0,0,2,2,0,0,1,8,9,0,0,0,0,1,0,0,0,3,1,0,0,0,8,9,0,0,0,0,1,0,0,0,3,1,0,0,0,0,0,5,1,1,1,0,1,0,0,0,0,5,0,0,0,0,0,0,0,0
1172,L16659,TestInstancePostProcessorAndPreDestroyCallbackTests$ExceptionInTestInstancePreDestroyCallbackTestCase,org.junit.jupiter.engine.extension.TestInstancePostProcessorAndPreDestroyCallbackTests$ExceptionInTestInstancePreDestroyCallbackTestCase,L16638,L103,C:\Users\domco\Desktop\DP\repos\junit5\junit-jupiter-engine\src\test\java\org\junit\jupiter\engine\extension\TestInstancePostProcessorAndPreDestroyCallbackTests.java,150,2,156,3,0.0,0,0,0,0.0,0.0,0,0,1,0,0,1,4,1,0,0,1,0.0,0.0,0,0,0,1,0.0,0,0,0,0,0,0,7,7,0,0,0,0,1,0,0,0,1,1,0,0,0,7,7,0,0,0,0,1,0,0,0,1,1,0,0,0,0,0,5,1,1,1,0,1,0,0,0,0,5,0,0,0,0,0,0,0,1.0
1173,L16663,TestInstancePostProcessorAndPreDestroyCallbackTests$ExceptionInTestInstancePostProcessorTestCase,org.junit.jupiter.engine.extension.TestInstancePostProcessorAndPreDestroyCallbackTests$ExceptionInTestInstancePostProcessorTestCase,L16638,L103,C:\Users\domco\Desktop\DP\repos\junit5\junit-jupiter-engine\src\test\java\org\junit\jupiter\engine\extension\TestInstancePostProcessorAndPreDestroyCallbackTests.java,158,2,164,3,0.0,0,0,0,0.0,0.0,0,0,1,0,0,1,4,1,0,0,1,0.0,0.0,0,0,0,1,0.0,0,0,0,0,0,0,7,7,0,0,0,0,1,0,0,0,1,1,0,0,0,7,7,0,0,0,0,1,0,0,0,1,1,0,0,0,0,0,5,1,1,1,0,1,0,0,0,0,5,0,0,0,0,0,0,0,1.0
1174,L16674,TestInstancePostProcessorAndPreDestroyCallbackTests$FooTestInstanceCallbacks,org.junit.jupiter.engine.extension.TestInstancePostProcessorAndPreDestroyCallbackTests$FooTestInstanceCallbacks,L16638,L103,C:\Users\domco\Desktop\DP\repos\junit5\junit-jupiter-engine\src\test\java\org\junit\jupiter\engine\extension\TestInstancePostProcessorAndPreDestroyCallbackTests.java,168,2,173,3,0.0,0,0,0,0.0,0.0,0,0,0,0,0,1,1,1,0,1,2,1.0,0.166667,1,1,1,0,0.166667,1,3,4,0,0,1,5,6,1,0,0,0,1,0,0,0,4,1,0,2,0,5,6,1,0,0,0,1,0,0,0,4,1,0,2,0,0,0,4,0,0,0,0,0,0,0,0,0,4,0,0,0,0,0,0,0,0
1175,L16677,TestInstancePostProcessorAndPreDestroyCallbackTests$BarTestInstanceCallbacks,org.junit.jupiter.engine.extension.TestInstancePostProcessorAndPreDestroyCallbackTests$BarTestInstanceCallbacks,L16638,L103,C:\Users\domco\Desktop\DP\repos\junit5\junit-jupiter-engine\src\test\java\org\junit\jupiter\engine\extension\TestInstancePostProcessorAndPreDestroyCallbackTests.java,175,2,180,3,0.0,0,0,0,0.0,0.0,0,0,0,0,0,1,1,1,0,1,2,0.0,0.0,0,0,0,1,0.0,0,3,4,0,0,1,5,6,1,0,0,0,1,0,0,0,4,1,0,2,0,5,6,1,0,0,0,1,0,0,0,4,1,0,2,0,0,0,5,0,0,0,0,0,0,0,0,0,5,0,0,0,0,0,0,0,0
1176,L16683,TestInstancePostProcessorAndPreDestroyCallbackTests$BazTestInstanceCallbacks,org.junit.jupiter.engine.extension.TestInstancePostProcessorAndPreDestroyCallbackTests$BazTestInstanceCallbacks,L16638,L103,C:\Users\domco\Desktop\DP\repos\junit5\junit-jupiter-engine\src\test\java\org\junit\jupiter\engine\extension\TestInstancePostProcessorAndPreDestroyCallbackTests.java,182,2,187,3,0.0,0,0,0,0.0,0.0,0,0,0,0,0,1,1,1,0,1,2,0.0,0.0,0,0,0,1,0.0,0,3,4,0,0,1,5,6,1,0,0,0,1,0,0,0,4,1,0,2,0,5,6,1,0,0,0,1,0,0,0,4,1,0,2,0,0,0,5,0,0,0,0,0,0,0,0,0,5,0,0,0,0,0,0,0,0
1177,L16689,TestInstancePostProcessorAndPreDestroyCallbackTests$QuuxTestInstanceCallbacks,org.junit.jupiter.engine.extension.TestInstancePostProcessorAndPreDestroyCallbackTests$QuuxTestInstanceCallbacks,L16638,L103,C:\Users\domco\Desktop\DP\repos\junit5\junit-jupiter-engine\src\test\java\org\junit\jupiter\engine\extension\TestInstancePostProcessorAndPreDestroyCallbackTests.java,189,2,194,3,0.0,0,0,0,0.0,0.0,0,0,0,0,0,1,1,1,0,1,2,0.0,0.0,0,0,0,1,0.0,0,3,4,0,0,1,5,6,1,0,0,0,1,0,0,0,4,1,0,2,0,5,6,1,0,0,0,1,0,0,0,4,1,0,2,0,0,0,5,0,0,0,0,0,0,0,0,0,5,0,0,0,0,0,0,0,0
1178,L16695,TestInstancePostProcessorAndPreDestroyCallbackTests$ExceptionThrowingTestInstancePreDestroyCallback,org.junit.jupiter.engine.extension.TestInstancePostProcessorAndPreDestroyCallbackTests$ExceptionThrowingTestInstancePreDestroyCallback,L16638,L103,C:\Users\domco\Desktop\DP\repos\junit5\junit-jupiter-engine\src\test\java\org\junit\jupiter\engine\extension\TestInstancePostProcessorAndPreDestroyCallbackTests.java,196,2,207,3,0.0,0,0,0,0.0,0.0,0,0,1,0,0,2,4,1,0,2,4,0.0,0.0,0,0,0,2,0.0,0,3,4,0,0,1,10,12,1,0,0,0,2,0,1,0,5,3,0,3,0,10,12,1,0,0,0,2,0,1,0,5,3,0,3,0,0,0,7,0,0,0,0,0,0,0,0,0,7,0,0,0,0,0,0,0,0
1179,L16700,TestInstancePostProcessorAndPreDestroyCallbackTests$ExceptionThrowingTestInstancePostProcessor,org.junit.jupiter.engine.extension.TestInstancePostProcessorAndPreDestroyCallbackTests$ExceptionThrowingTestInstancePostProcessor,L16638,L103,C:\Users\domco\Desktop\DP\repos\junit5\junit-jupiter-engine\src\test\java\org\junit\jupiter\engine\extension\TestInstancePostProcessorAndPreDestroyCallbackTests.java,209,2,220,3,0.0,0,0,0,0.0,0.0,0,0,1,0,0,2,4,1,0,2,4,0.0,0.0,0,0,0,2,0.0,0,3,4,0,0,1,10,12,1,0,0,0,2,0,1,0,5,3,0,3,0,10,12,1,0,0,0,2,0,1,0,5,3,0,3,0,0,0,7,0,0,0,0,0,0,0,0,0,7,0,0,0,0,0,0,0,0
1180,L16706,TestInstancePostProcessorAndPreDestroyCallbackTests$AbstractTestInstanceCallbacks,org.junit.jupiter.engine.extension.TestInstancePostProcessorAndPreDestroyCallbackTests$AbstractTestInstanceCallbacks,L16638,L103,C:\Users\domco\Desktop\DP\repos\junit5\junit-jupiter-engine\src\test\java\org\junit\jupiter\engine\extension\TestInstancePostProcessorAndPreDestroyCallbackTests.java,222,2,240,3,0.0,0,0,0,0.0,0.0,0,0,1,0,0,3,4,6,6,0,3,0.0,0.0,0,0,0,3,0.0,0,2,3,6,6,2,15,19,1,0,1,0,3,0,2,0,3,3,0,2,0,15,19,1,0,1,0,3,0,2,0,3,3,0,2,0,0,0,10,0,0,0,0,0,0,0,0,0,9,0,0,1,0,0,0,0,0
1181,L16737,TestInstancePostProcessorTests$OuterTestCase,org.junit.jupiter.engine.extension.TestInstancePostProcessorTests$OuterTestCase,L16730,L103,C:\Users\domco\Desktop\DP\repos\junit5\junit-jupiter-engine\src\test\java\org\junit\jupiter\engine\extension\TestInstancePostProcessorTests.java,76,2,121,3,0.0,0,0,0,0.0,0.0,0,0,2,0,0,3,7,2,0,1,4,0.5,0.0555556,1,1,1,1,0.027027,1,1,1,0,0,1,17,23,1,0,1,0,3,0,1,1,3,4,0,1,1,36,46,2,0,2,0,6,0,2,2,6,9,0,2,2,0,0,20,1,8,4,0,4,2,0,0,0,18,0,1,0,0,0,0,0,0
1182,L16741,TestInstancePostProcessorTests$TestCaseWithTestSpecificTestInstancePostProcessor,org.junit.jupiter.engine.extension.TestInstancePostProcessorTests$TestCaseWithTestSpecificTestInstancePostProcessor,L16730,L103,C:\Users\domco\Desktop\DP\repos\junit5\junit-jupiter-engine\src\test\java\org\junit\jupiter\engine\extension\TestInstancePostProcessorTests.java,123,2,143,3,0.0,0,0,0,0.0,0.0,0,0,2,0,0,3,7,1,0,1,4,0.0,0.0,0,0,0,2,0.0,0,1,1,0,0,1,17,21,1,0,1,0,3,0,1,1,3,4,0,1,1,17,21,1,0,1,0,3,0,1,1,3,4,0,1,1,0,0,10,0,3,1,0,2,1,0,0,0,9,0,0,0,0,0,0,0,0
1183,L16748,TestInstancePostProcessorTests$FooInstancePostProcessor,org.junit.jupiter.engine.extension.TestInstancePostProcessorTests$FooInstancePostProcessor,L16730,L103,C:\Users\domco\Desktop\DP\repos\junit5\junit-jupiter-engine\src\test\java\org\junit\jupiter\engine\extension\TestInstancePostProcessorTests.java,145,2,154,3,0.0,0,0,0,0.0,0.0,0,0,1,1,1,2,4,2,0,2,3,0.0,0.0,0,0,0,2,0.0,0,2,2,0,0,1,9,10,0,0,0,0,1,0,1,0,1,3,0,1,0,9,10,0,0,0,0,1,0,1,0,1,3,0,1,0,0,0,5,0,0,0,0,0,0,0,0,0,5,0,0,0,0,0,0,0,0
1184,L16759,TestInstancePostProcessorTests$BarInstancePostProcessor,org.junit.jupiter.engine.extension.TestInstancePostProcessorTests$BarInstancePostProcessor,L16730,L103,C:\Users\domco\Desktop\DP\repos\junit5\junit-jupiter-engine\src\test\java\org\junit\jupiter\engine\extension\TestInstancePostProcessorTests.java,156,2,165,3,0.0,0,0,0,0.0,0.0,0,0,1,1,1,2,4,1,0,2,3,0.0,0.0,0,0,0,2,0.0,0,2,2,0,0,1,9,10,0,0,0,0,1,0,1,0,1,3,0,1,0,9,10,0,0,0,0,1,0,1,0,1,3,0,1,0,0,0,5,0,0,0,0,0,0,0,0,0,5,0,0,0,0,0,0,0,0
1185,L16807,TestInstancePreDestroyCallbackTests$Destroyable,org.junit.jupiter.engine.extension.TestInstancePreDestroyCallbackTests$Destroyable,L16789,L103,C:\Users\domco\Desktop\DP\repos\junit5\junit-jupiter-engine\src\test\java\org\junit\jupiter\engine\extension\TestInstancePreDestroyCallbackTests.java,98,2,105,3,0.0,0,0,0,0.0,0.0,0,0,0,0,0,1,0,5,1,0,1,1.0,0.142857,1,1,1,0,0.142857,1,0,0,4,4,0,6,8,1,0,1,0,1,0,0,1,1,1,0,0,1,6,8,1,0,1,0,1,0,0,1,1,1,0,0,1,0,0,4,0,3,1,0,2,0,0,0,0,4,0,0,0,0,0,0,0,0
1186,L16796,TestInstancePreDestroyCallbackTests$OuterTestCase,org.junit.jupiter.engine.extension.TestInstancePreDestroyCallbackTests$OuterTestCase,L16789,L103,C:\Users\domco\Desktop\DP\repos\junit5\junit-jupiter-engine\src\test\java\org\junit\jupiter\engine\extension\TestInstancePreDestroyCallbackTests.java,107,2,137,3,0.0,0,0,0,0.0,0.0,0,0,2,0,0,2,7,1,0,1,3,0.0,0.0,0,0,0,1,0.0,0,1,1,0,0,1,12,15,1,0,0,0,2,0,0,0,3,3,0,0,1,26,31,1,0,0,0,4,0,0,0,6,6,0,0,2,0,0,16,1,6,3,0,4,2,0,0,0,14,0,0,0,0,0,0,0,0
1187,L16800,TestInstancePreDestroyCallbackTests$TestCaseWithTestSpecificTestInstancePreDestroyCallback,org.junit.jupiter.engine.extension.TestInstancePreDestroyCallbackTests$TestCaseWithTestSpecificTestInstancePreDestroyCallback,L16789,L103,C:\Users\domco\Desktop\DP\repos\junit5\junit-jupiter-engine\src\test\java\org\junit\jupiter\engine\extension\TestInstancePreDestroyCallbackTests.java,139,2,152,3,0.0,0,0,0,0.0,0.0,0,0,2,0,0,2,7,1,0,1,3,0.0,0.0,0,0,0,1,0.0,0,1,1,0,0,1,12,14,1,0,0,0,2,0,0,0,3,3,0,0,1,12,14,1,0,0,0,2,0,0,0,3,3,0,0,1,0,0,8,1,3,2,0,2,1,0,0,0,7,0,0,0,0,0,0,0,0
1188,L16804,TestInstancePreDestroyCallbackTests$PerClassLifecyclePreDestroyCallbacksWithTwoTestMethods,org.junit.jupiter.engine.extension.TestInstancePreDestroyCallbackTests$PerClassLifecyclePreDestroyCallbacksWithTwoTestMethods,L16789,L103,C:\Users\domco\Desktop\DP\repos\junit5\junit-jupiter-engine\src\test\java\org\junit\jupiter\engine\extension\TestInstancePreDestroyCallbackTests.java,154,2,173,3,0.0,0,0,0,0.0,0.0,0,0,3,0,0,3,8,1,0,0,3,0.0,0.0,0,0,0,1,0.0,0,1,1,0,0,1,17,20,1,0,0,0,3,0,0,0,4,3,0,0,1,17,20,1,0,0,0,3,0,0,0,4,3,0,0,1,0,0,10,2,3,2,0,3,1,0,0,0,9,0,0,0,0,0,0,0,0
1189,L16839,TestInstancePreDestroyCallbackTests$AbstractTestInstancePreDestroyCallback,org.junit.jupiter.engine.extension.TestInstancePreDestroyCallbackTests$AbstractTestInstancePreDestroyCallback,L16789,L103,C:\Users\domco\Desktop\DP\repos\junit5\junit-jupiter-engine\src\test\java\org\junit\jupiter\engine\extension\TestInstancePreDestroyCallbackTests.java,175,2,192,3,0.0,0,0,0,0.0,0.0,0,0,1,1,1,3,4,3,3,2,4,0.0,0.0,0,0,0,2,0.0,0,2,2,3,3,1,15,18,1,0,1,0,2,0,1,0,2,6,0,1,0,15,18,1,0,1,0,2,0,1,0,2,6,0,1,0,0,0,7,0,0,0,0,0,0,0,0,0,7,0,0,0,0,0,0,0,0
1190,L16815,TestInstancePreDestroyCallbackTests$FooInstancePreDestroyCallback,org.junit.jupiter.engine.extension.TestInstancePreDestroyCallbackTests$FooInstancePreDestroyCallback,L16789,L103,C:\Users\domco\Desktop\DP\repos\junit5\junit-jupiter-engine\src\test\java\org\junit\jupiter\engine\extension\TestInstancePreDestroyCallbackTests.java,194,2,199,3,0.0,0,0,0,0.0,0.0,0,0,0,0,0,1,1,3,0,1,2,0.0,0.0,0,0,0,1,0.0,0,3,3,0,0,1,5,6,1,0,0,0,1,0,0,0,3,1,0,1,0,5,6,1,0,0,0,1,0,0,0,3,1,0,1,0,0,0,5,0,0,0,0,0,0,0,0,0,5,0,0,0,0,0,0,0,0
1191,L16823,TestInstancePreDestroyCallbackTests$BarInstancePreDestroyCallback,org.junit.jupiter.engine.extension.TestInstancePreDestroyCallbackTests$BarInstancePreDestroyCallback,L16789,L103,C:\Users\domco\Desktop\DP\repos\junit5\junit-jupiter-engine\src\test\java\org\junit\jupiter\engine\extension\TestInstancePreDestroyCallbackTests.java,201,2,206,3,0.0,0,0,0,0.0,0.0,0,0,0,0,0,1,1,2,0,1,2,0.0,0.0,0,0,0,1,0.0,0,3,3,0,0,1,5,6,1,0,0,0,1,0,0,0,3,1,0,1,0,5,6,1,0,0,0,1,0,0,0,3,1,0,1,0,0,0,5,0,0,0,0,0,0,0,0,0,5,0,0,0,0,0,0,0,0
1192,L16826,TestInstancePreDestroyCallbackTests$BazInstancePreDestroyCallback,org.junit.jupiter.engine.extension.TestInstancePreDestroyCallbackTests$BazInstancePreDestroyCallback,L16789,L103,C:\Users\domco\Desktop\DP\repos\junit5\junit-jupiter-engine\src\test\java\org\junit\jupiter\engine\extension\TestInstancePreDestroyCallbackTests.java,208,2,213,3,0.0,0,0,0,0.0,0.0,0,0,0,0,0,1,1,1,0,1,2,0.0,0.0,0,0,0,1,0.0,0,3,3,0,0,1,5,6,1,0,0,0,1,0,0,0,3,1,0,1,0,5,6,1,0,0,0,1,0,0,0,3,1,0,1,0,0,0,5,0,0,0,0,0,0,0,0,0,5,0,0,0,0,0,0,0,0
1193,L16868,TestReporterParameterResolverTests$Sample,org.junit.jupiter.engine.extension.TestReporterParameterResolverTests$Sample,L16853,L103,C:\Users\domco\Desktop\DP\repos\junit5\junit-jupiter-engine\src\test\java\org\junit\jupiter\engine\extension\TestReporterParameterResolverTests.java,64,2,72,3,0.0,0,0,0,0.0,0.0,0,0,2,0,0,2,1,1,0,0,2,0.0,0.0,0,0,0,1,0.0,0,0,0,0,0,0,6,9,0,0,0,0,2,0,0,0,2,0,0,0,0,6,9,0,0,0,0,2,0,0,0,2,0,0,0,0,0,0,8,0,4,0,0,2,1,0,0,0,7,2,0,0,0,0,0,0,0
1194,L16917,TestWatcherTests$AbstractTestCase,org.junit.jupiter.engine.extension.TestWatcherTests$AbstractTestCase,L16877,L103,C:\Users\domco\Desktop\DP\repos\junit5\junit-jupiter-engine\src\test\java\org\junit\jupiter\engine\extension\TestWatcherTests.java,135,2,184,3,0.0,0,0,0,0.0,0.0,0,0,4,0,0,4,4,3,0,2,6,0.2,0.15,3,1,1,4,0.125,5,0,0,3,3,0,17,25,0,0,0,0,4,0,4,0,4,2,0,4,0,35,50,0,0,0,0,8,0,8,0,8,4,0,8,0,0,0,20,9,1,7,0,2,2,0,0,0,18,0,1,0,0,0,0,0,0
1195,L16891,TestWatcherTests$TrackingTestWatcherTestMethodsTestCase,org.junit.jupiter.engine.extension.TestWatcherTests$TrackingTestWatcherTestMethodsTestCase,L16877,L103,C:\Users\domco\Desktop\DP\repos\junit5\junit-jupiter-engine\src\test\java\org\junit\jupiter\engine\extension\TestWatcherTests.java,186,2,188,3,0.0,0,0,0,0.0,0.0,0,0,0,0,0,0,3,1,0,0,0,0.0,0.0,0,0,0,1,0.0,0,1,1,0,0,1,3,3,0,0,0,0,0,0,0,0,4,0,0,4,0,3,3,0,0,0,0,0,0,0,0,4,0,0,4,0,0,0,3,0,0,0,0,0,0,0,0,0,3,0,0,0,0,0,0,0,0
1196,L16898,TestWatcherTests$TrackingTestWatcherRepeatedTestMethodsTestCase,org.junit.jupiter.engine.extension.TestWatcherTests$TrackingTestWatcherRepeatedTestMethodsTestCase,L16877,L103,C:\Users\domco\Desktop\DP\repos\junit5\junit-jupiter-engine\src\test\java\org\junit\jupiter\engine\extension\TestWatcherTests.java,190,2,214,3,0.0,0,0,0,0.0,0.0,0,0,4,0,0,4,6,1,0,2,6,0.0,0.1,2,0,0,1,0.1,2,0,0,0,0,0,18,25,0,0,0,0,4,0,0,0,4,2,0,0,0,18,25,0,0,0,0,4,0,0,0,4,2,0,0,0,0,0,10,0,4,0,0,4,1,0,0,0,9,0,0,0,0,0,0,0,0
1197,L16904,TestWatcherTests$TrackingTestWatcherTestFactoryMethodsTestCase,org.junit.jupiter.engine.extension.TestWatcherTests$TrackingTestWatcherTestFactoryMethodsTestCase,L16877,L103,C:\Users\domco\Desktop\DP\repos\junit5\junit-jupiter-engine\src\test\java\org\junit\jupiter\engine\extension\TestWatcherTests.java,216,2,242,3,0.0,0,0,0,0.0,0.0,0,0,4,0,0,4,5,1,0,0,4,0.0,0.0,0,0,0,1,0.0,0,0,0,0,0,0,20,27,0,0,0,0,4,0,0,0,4,4,0,0,0,20,27,0,0,0,0,4,0,0,0,4,4,0,0,0,0,0,12,0,6,2,0,4,1,0,0,0,11,0,0,0,0,0,0,0,0
1198,L16909,TestWatcherTests$ExceptionThrowingTestWatcherTestCase,org.junit.jupiter.engine.extension.TestWatcherTests$ExceptionThrowingTestWatcherTestCase,L16877,L103,C:\Users\domco\Desktop\DP\repos\junit5\junit-jupiter-engine\src\test\java\org\junit\jupiter\engine\extension\TestWatcherTests.java,244,2,246,3,0.0,0,0,0,0.0,0.0,0,0,0,0,0,0,3,1,0,0,0,0.0,0.0,0,0,0,1,0.0,0,1,1,0,0,1,3,3,0,0,0,0,0,0,0,0,4,0,0,4,0,3,3,0,0,0,0,0,0,0,0,4,0,0,4,0,0,0,3,0,0,0,0,0,0,0,0,0,3,0,0,0,0,0,0,0,0
1199,L16913,TestWatcherTests$ProblematicConstructorTestCase,org.junit.jupiter.engine.extension.TestWatcherTests$ProblematicConstructorTestCase,L16877,L103,C:\Users\domco\Desktop\DP\repos\junit5\junit-jupiter-engine\src\test\java\org\junit\jupiter\engine\extension\TestWatcherTests.java,248,2,252,3,0.0,0,0,0,0.0,0.0,0,0,0,0,0,1,3,1,0,0,1,0.0,0.0,0,0,0,1,0.0,0,1,1,0,0,1,5,5,0,0,0,0,1,0,0,0,5,0,0,4,0,5,5,0,0,0,0,1,0,0,0,5,0,0,4,0,0,0,5,0,1,0,0,0,0,0,0,0,5,1,0,0,0,0,0,0,0
1200,L16932,TestWatcherTests$TrackingTestWatcher,org.junit.jupiter.engine.extension.TestWatcherTests$TrackingTestWatcher,L16877,L103,C:\Users\domco\Desktop\DP\repos\junit5\junit-jupiter-engine\src\test\java\org\junit\jupiter\engine\extension\TestWatcherTests.java,254,2,282,3,0.0,0,0,0,0.0,0.0,0,0,1,0,0,5,2,5,0,1,6,0.0,0.0,0,0,0,5,0.0,0,2,2,0,0,1,22,29,1,0,1,0,5,0,4,0,5,5,0,4,0,22,29,1,0,1,0,5,0,4,0,5,5,0,4,0,0,0,13,0,0,0,0,0,0,0,0,0,13,0,0,0,0,0,0,0,0
1201,L16947,TestWatcherTests$ExceptionThrowingTestWatcher,org.junit.jupiter.engine.extension.TestWatcherTests$ExceptionThrowingTestWatcher,L16877,L103,C:\Users\domco\Desktop\DP\repos\junit5\junit-jupiter-engine\src\test\java\org\junit\jupiter\engine\extension\TestWatcherTests.java,284,2,306,3,0.0,0,0,0,0.0,0.0,0,0,4,0,0,4,3,1,0,1,5,0.0,0.0,0,0,0,5,0.0,0,2,2,0,0,1,18,23,0,0,0,0,4,0,4,0,4,4,0,4,0,18,23,0,0,0,0,4,0,4,0,4,4,0,4,0,0,0,12,0,0,0,0,0,1,0,0,0,11,0,0,0,0,0,0,0,0
1202,L17040,TimeoutExtensionTests$TimeoutAnnotatedTestMethodTestCase,org.junit.jupiter.engine.extension.TimeoutExtensionTests$TimeoutAnnotatedTestMethodTestCase,L17036,L103,C:\Users\domco\Desktop\DP\repos\junit5\junit-jupiter-engine\src\test\java\org\junit\jupiter\engine\extension\TimeoutExtensionTests.java,333,2,352,3,0.0,0,0,0,0.0,0.0,0,0,3,0,0,3,5,1,0,0,3,0.0,0.0,0,0,0,1,0.0,0,0,0,0,0,0,18,20,0,0,0,0,3,0,0,0,3,4,0,0,0,18,20,0,0,0,0,3,0,0,0,3,4,0,0,0,0,0,10,1,3,1,0,3,1,0,0,0,9,0,0,0,0,0,0,0,0
1203,L17077,TimeoutExtensionTests$TimeoutAnnotatedBeforeAllMethodTestCase,org.junit.jupiter.engine.extension.TimeoutExtensionTests$TimeoutAnnotatedBeforeAllMethodTestCase,L17036,L103,C:\Users\domco\Desktop\DP\repos\junit5\junit-jupiter-engine\src\test\java\org\junit\jupiter\engine\extension\TimeoutExtensionTests.java,354,2,365,3,0.0,0,0,0,0.0,0.0,0,0,1,0,0,2,3,1,0,0,2,0.0,0.0909091,1,0,0,1,0.0909091,1,0,0,0,0,0,10,12,0,0,0,0,2,0,0,1,2,1,0,0,1,10,12,0,0,0,0,2,0,0,1,2,1,0,0,1,0,0,5,1,2,1,0,2,0,0,0,0,5,0,0,0,0,0,0,0,0
1204,L17081,TimeoutExtensionTests$TimeoutAnnotatedBeforeEachMethodTestCase,org.junit.jupiter.engine.extension.TimeoutExtensionTests$TimeoutAnnotatedBeforeEachMethodTestCase,L17036,L103,C:\Users\domco\Desktop\DP\repos\junit5\junit-jupiter-engine\src\test\java\org\junit\jupiter\engine\extension\TimeoutExtensionTests.java,367,2,378,3,0.0,0,0,0,0.0,0.0,0,0,1,0,0,2,3,1,0,0,2,0.0,0.0909091,1,0,0,1,0.0909091,1,0,0,0,0,0,10,12,0,0,0,0,2,0,0,1,2,1,0,0,1,10,12,0,0,0,0,2,0,0,1,2,1,0,0,1,0,0,5,1,2,1,0,2,0,0,0,0,5,0,0,0,0,0,0,0,0
1205,L17085,TimeoutExtensionTests$TimeoutAnnotatedAfterEachMethodTestCase,org.junit.jupiter.engine.extension.TimeoutExtensionTests$TimeoutAnnotatedAfterEachMethodTestCase,L17036,L103,C:\Users\domco\Desktop\DP\repos\junit5\junit-jupiter-engine\src\test\java\org\junit\jupiter\engine\extension\TimeoutExtensionTests.java,380,2,391,3,0.0,0,0,0,0.0,0.0,0,0,2,0,0,2,3,1,0,0,2,0.0,0.0909091,1,0,0,1,0.0909091,1,0,0,0,0,0,10,12,0,0,0,0,2,0,0,0,2,1,0,0,0,10,12,0,0,0,0,2,0,0,0,2,1,0,0,0,0,0,6,1,2,1,0,2,1,0,0,0,5,0,0,0,0,0,0,0,0
1206,L17089,TimeoutExtensionTests$TimeoutAnnotatedAfterAllMethodTestCase,org.junit.jupiter.engine.extension.TimeoutExtensionTests$TimeoutAnnotatedAfterAllMethodTestCase,L17036,L103,C:\Users\domco\Desktop\DP\repos\junit5\junit-jupiter-engine\src\test\java\org\junit\jupiter\engine\extension\TimeoutExtensionTests.java,393,2,404,3,0.0,0,0,0,0.0,0.0,0,0,2,0,0,2,3,1,0,0,2,0.0,0.0909091,1,0,0,1,0.0909091,1,0,0,0,0,0,10,12,0,0,0,0,2,0,0,0,2,1,0,0,0,10,12,0,0,0,0,2,0,0,0,2,1,0,0,0,0,0,6,1,2,1,0,2,1,0,0,0,5,0,0,0,0,0,0,0,0
1207,L17064,TimeoutExtensionTests$TimeoutAnnotatedClassTestCase,org.junit.jupiter.engine.extension.TimeoutExtensionTests$TimeoutAnnotatedClassTestCase,L17036,L103,C:\Users\domco\Desktop\DP\repos\junit5\junit-jupiter-engine\src\test\java\org\junit\jupiter\engine\extension\TimeoutExtensionTests.java,406,2,426,3,0.0,0,0,0,0.0,0.0,0,0,0,0,0,0,1,2,0,0,0,0.0,0.0,0,0,0,1,0.0,0,0,0,1,1,0,3,3,0,0,0,0,0,0,0,0,0,0,0,0,0,19,21,0,0,0,0,3,0,0,0,3,4,0,0,0,0,0,13,1,3,1,0,3,1,0,0,0,12,0,0,0,0,0,0,0,0
1208,L17067,TimeoutExtensionTests$InheritedTimeoutAnnotatedClassTestCase,org.junit.jupiter.engine.extension.TimeoutExtensionTests$InheritedTimeoutAnnotatedClassTestCase,L17036,L103,C:\Users\domco\Desktop\DP\repos\junit5\junit-jupiter-engine\src\test\java\org\junit\jupiter\engine\extension\TimeoutExtensionTests.java,428,2,429,3,0.0,0,0,0,0.0,0.0,0,0,0,0,0,0,1,1,0,0,0,0.0,0.0,0,0,0,1,0.0,0,1,1,0,0,1,2,2,0,0,0,0,0,0,0,0,0,0,0,0,0,2,2,0,0,0,0,0,0,0,0,0,0,0,0,0,0,0,3,0,0,0,0,0,0,0,0,0,3,0,0,0,0,0,0,0,0
1209,L17071,TimeoutExtensionTests$MethodWithoutInterruptedExceptionTestCase,org.junit.jupiter.engine.extension.TimeoutExtensionTests$MethodWithoutInterruptedExceptionTestCase,L17036,L103,C:\Users\domco\Desktop\DP\repos\junit5\junit-jupiter-engine\src\test\java\org\junit\jupiter\engine\extension\TimeoutExtensionTests.java,431,2,437,3,0.0,0,0,0,0.0,0.0,0,0,1,0,0,1,3,1,0,1,2,0.0,0.0,0,0,0,1,0.0,0,0,0,0,0,0,7,7,0,0,0,0,1,0,0,0,1,1,0,0,0,7,7,0,0,0,0,1,0,0,0,1,1,0,0,0,0,0,5,1,1,1,0,1,0,0,0,0,5,0,0,0,0,0,0,0,0
1210,L17142,TimeoutExtensionTests$PlainTestCase,org.junit.jupiter.engine.extension.TimeoutExtensionTests$PlainTestCase,L17036,L103,C:\Users\domco\Desktop\DP\repos\junit5\junit-jupiter-engine\src\test\java\org\junit\jupiter\engine\extension\TimeoutExtensionTests.java,439,2,475,3,0.0,0,0,0,0.0,0.0,0,0,7,0,0,7,8,0,0,0,7,0.0,0.0,0,0,0,1,0.0,0,0,0,0,0,0,31,37,0,0,0,0,7,0,0,0,7,8,0,0,0,31,37,0,0,0,0,7,0,0,0,7,8,0,0,0,0,0,18,5,7,1,0,7,1,0,0,4,17,0,0,0,0,0,0,0,0
1211,L17151,TimeoutExtensionTests$BlacklistedExceptionTestCase,org.junit.jupiter.engine.extension.TimeoutExtensionTests$BlacklistedExceptionTestCase,L17036,L103,C:\Users\domco\Desktop\DP\repos\junit5\junit-jupiter-engine\src\test\java\org\junit\jupiter\engine\extension\TimeoutExtensionTests.java,477,2,484,3,0.0,0,0,0,0.0,0.0,0,0,1,0,0,1,3,0,0,1,2,0.0,0.0,0,0,0,1,0.0,0,0,0,0,0,0,8,8,0,0,0,0,1,0,0,0,1,2,0,0,0,8,8,0,0,0,0,1,0,0,0,1,2,0,0,0,0,0,5,1,1,1,0,1,0,0,0,0,5,0,0,0,0,0,0,0,0
1212,L17095,TimeoutExtensionTests$NonTimeoutExceedingTestCase,org.junit.jupiter.engine.extension.TimeoutExtensionTests$NonTimeoutExceedingTestCase,L17036,L103,C:\Users\domco\Desktop\DP\repos\junit5\junit-jupiter-engine\src\test\java\org\junit\jupiter\engine\extension\TimeoutExtensionTests.java,486,2,501,3,0.0,0,0,0,0.0,0.0,0,0,3,0,0,3,5,1,0,1,4,0.0,0.0,0,0,0,1,0.0,0,0,0,0,0,0,14,16,0,0,0,0,3,0,0,0,3,1,0,0,0,14,16,0,0,0,0,3,0,0,0,3,1,0,0,0,0,0,10,1,5,1,0,3,1,0,0,0,9,2,0,0,0,0,0,0,0
1213,L17099,TimeoutExtensionTests$NestedClassWithOuterSetupMethodTestCase,org.junit.jupiter.engine.extension.TimeoutExtensionTests$NestedClassWithOuterSetupMethodTestCase,L17036,L103,C:\Users\domco\Desktop\DP\repos\junit5\junit-jupiter-engine\src\test\java\org\junit\jupiter\engine\extension\TimeoutExtensionTests.java,503,2,524,3,0.0,0,0,0,0.0,0.0,0,0,0,0,0,1,2,1,0,0,1,0.0,0.0,0,0,0,1,0.0,0,0,0,0,0,0,7,10,0,0,0,0,1,0,0,1,1,1,0,0,1,16,22,0,0,0,0,3,0,0,2,3,1,0,0,2,0,0,12,1,5,1,0,3,0,0,0,0,12,2,0,0,0,0,0,0,0
1214,L17103,TimeoutExtensionTests$IllegalTimeoutDurationTestCase,org.junit.jupiter.engine.extension.TimeoutExtensionTests$IllegalTimeoutDurationTestCase,L17036,L103,C:\Users\domco\Desktop\DP\repos\junit5\junit-jupiter-engine\src\test\java\org\junit\jupiter\engine\extension\TimeoutExtensionTests.java,526,2,533,3,0.0,0,0,0,0.0,0.0,0,0,1,0,0,1,2,1,0,0,1,0.0,0.0,0,0,0,1,0.0,0,0,0,0,0,0,6,8,0,0,0,0,1,0,0,0,1,0,0,0,0,6,8,0,0,0,0,1,0,0,0,1,0,0,0,0,0,0,5,1,2,1,0,1,0,0,0,0,5,1,0,0,0,0,0,0,0
1215,L17277,OpenTest4JAndJUnit4AwareThrowableCollectorTests$TestClassLoader,org.junit.jupiter.engine.support.OpenTest4JAndJUnit4AwareThrowableCollectorTests$TestClassLoader,L17272,L103,C:\Users\domco\Desktop\DP\repos\junit5\junit-jupiter-engine\src\test\java\org\junit\jupiter\engine\support\OpenTest4JAndJUnit4AwareThrowableCollectorTests.java,96,2,132,3,0.0,0,0,0,0.0,0.0,0,0,1,1,1,7,1,1,2,0,2,0.0,0.142857,4,0,0,3,0.142857,4,0,0,0,0,0,24,37,3,0,3,0,2,0,2,0,2,10,0,2,0,24,37,3,0,3,0,2,0,2,0,2,10,0,2,0,0,0,7,0,0,0,0,0,0,0,0,0,7,0,0,0,0,0,0,0,0
1216,L17390,AbstractNonGenericTests$B,org.junit.jupiter.engine.bridge.AbstractNonGenericTests$B,L17379,L103,C:\Users\domco\Desktop\DP\repos\junit5\junit-jupiter-engine\src\test\java\org\junit\jupiter\engine\bridge\AbstractNonGenericTests.java,34,2,47,3,0.0,0,0,0,0.0,0.0,0,0,2,0,0,2,4,2,0,1,3,0.0,0.0,0,0,0,1,0.0,0,1,1,1,1,1,11,14,0,0,0,0,2,0,0,0,4,3,0,0,0,11,14,0,0,0,0,2,0,0,0,4,3,0,0,0,0,0,8,2,4,2,0,4,1,0,0,0,7,0,0,0,0,0,0,0,0
1217,L17400,AbstractNonGenericTests$C,org.junit.jupiter.engine.bridge.AbstractNonGenericTests$C,L17379,L103,C:\Users\domco\Desktop\DP\repos\junit5\junit-jupiter-engine\src\test\java\org\junit\jupiter\engine\bridge\AbstractNonGenericTests.java,49,2,63,3,0.0,0,0,0,0.0,0.0,0,0,2,0,0,2,4,1,0,1,3,0.0,0.0,0,0,0,1,0.0,0,2,2,0,0,1,12,15,0,0,0,0,2,0,0,0,6,3,0,0,0,12,15,0,0,0,0,2,0,0,0,6,3,0,0,0,0,0,8,2,4,2,0,4,1,0,0,0,7,0,0,0,0,0,0,0,0
1218,L17427,NumberTestGroup$ByteTestCase,org.junit.jupiter.engine.bridge.NumberTestGroup$ByteTestCase,L17473,L103,C:\Users\domco\Desktop\DP\repos\junit5\junit-jupiter-engine\src\test\java\org\junit\jupiter\engine\bridge\NumberTestGroup.java,23,2,40,3,0.0,0,0,0,0.0,0.0,0,0,2,0,0,2,4,1,0,3,5,0.0,0.0,0,0,0,1,0.0,0,1,1,0,0,1,16,18,0,0,0,0,2,0,0,0,3,7,0,0,0,16,18,0,0,0,0,2,0,0,0,3,7,0,0,0,0,0,8,0,3,1,0,2,1,0,0,0,7,0,0,0,0,0,0,0,0
1219,L17430,NumberTestGroup$ShortTestCase,org.junit.jupiter.engine.bridge.NumberTestGroup$ShortTestCase,L17473,L103,C:\Users\domco\Desktop\DP\repos\junit5\junit-jupiter-engine\src\test\java\org\junit\jupiter\engine\bridge\NumberTestGroup.java,42,2,59,3,0.0,0,0,0,0.0,0.0,0,0,2,0,0,2,4,1,0,3,5,0.0,0.0,0,0,0,1,0.0,0,1,1,0,0,1,16,18,0,0,0,0,2,0,0,0,3,7,0,0,0,16,18,0,0,0,0,2,0,0,0,3,7,0,0,0,0,0,8,0,3,1,0,2,1,0,0,0,7,0,0,0,0,0,0,0,0
1220,L17562,DefaultExecutionModeTests$TestCase$NestedTestCase,org.junit.jupiter.engine.DefaultExecutionModeTests$TestCase$NestedTestCase,L17511,L103,C:\Users\domco\Desktop\DP\repos\junit5\junit-jupiter-engine\src\test\java\org\junit\jupiter\engine\DefaultExecutionModeTests.java,135,3,142,4,0.0,0,0,0,0.0,0.0,0,0,1,0,0,1,2,0,0,0,1,0.0,0.0,0,0,0,1,0.0,0,0,0,0,0,0,6,8,0,0,0,0,1,0,0,0,1,0,0,0,0,6,8,0,0,0,0,1,0,0,0,1,0,0,0,0,0,0,5,1,2,1,0,1,0,0,0,0,5,1,0,0,0,0,0,0,0
1221,L17570,DefaultExecutionModeTests$OuterTestCase$LevelOne,org.junit.jupiter.engine.DefaultExecutionModeTests$OuterTestCase$LevelOne,L17538,L103,C:\Users\domco\Desktop\DP\repos\junit5\junit-jupiter-engine\src\test\java\org\junit\jupiter\engine\DefaultExecutionModeTests.java,159,3,179,4,0.0,0,0,0,0.0,0.0,0,0,1,0,0,1,2,0,0,0,1,0.0,0.0,0,0,0,1,0.0,0,0,0,0,0,0,6,7,0,0,0,0,1,0,0,0,1,0,0,0,0,19,21,0,0,0,0,3,0,0,0,3,0,0,0,0,0,0,15,3,6,3,0,3,0,0,0,0,15,3,0,0,0,0,0,0,0
1222,L17914,NestedTestClassesTests$TestCaseWithNesting$NestedTestCase,org.junit.jupiter.engine.NestedTestClassesTests$TestCaseWithNesting$NestedTestCase,L17868,L103,C:\Users\domco\Desktop\DP\repos\junit5\junit-jupiter-engine\src\test\java\org\junit\jupiter\engine\NestedTestClassesTests.java,198,3,209,4,0.0,0,0,0,0.0,0.0,0,0,2,0,0,2,3,0,0,1,3,0.0,0.0,0,0,0,1,0.0,0,0,0,0,0,0,10,12,0,0,0,0,2,0,0,0,2,1,0,0,0,10,12,0,0,0,0,2,0,0,0,2,1,0,0,0,0,0,8,2,3,2,0,2,1,0,0,0,7,1,0,0,0,0,0,0,0
1223,L17930,NestedTestClassesTests$TestCaseWithDoubleNesting$NestedTestCase,org.junit.jupiter.engine.NestedTestClassesTests$TestCaseWithDoubleNesting$NestedTestCase,L17875,L103,C:\Users\domco\Desktop\DP\repos\junit5\junit-jupiter-engine\src\test\java\org\junit\jupiter\engine\NestedTestClassesTests.java,236,3,280,4,0.0,0,0,0,0.0,0.0,0,0,4,0,0,4,6,0,0,1,5,0.0,0.0,0,0,0,1,0.0,0,0,0,0,0,0,18,23,0,0,0,0,4,0,0,0,4,3,0,0,0,36,45,0,0,0,0,8,0,0,0,8,6,0,0,0,0,0,24,4,10,4,0,8,2,0,0,0,22,2,0,0,0,0,0,0,0
1224,L17947,NestedTestClassesTests$InterfaceWithNestedClass$NestedInInterface,org.junit.jupiter.engine.NestedTestClassesTests$InterfaceWithNestedClass$NestedInInterface,L17946,L103,C:\Users\domco\Desktop\DP\repos\junit5\junit-jupiter-engine\src\test\java\org\junit\jupiter\engine\NestedTestClassesTests.java,285,3,292,4,0.0,0,0,0,0.0,0.0,0,0,1,0,0,1,3,0,0,1,2,0.0,0.0,0,0,0,1,0.0,0,0,0,0,0,0,7,8,0,0,0,0,1,0,0,0,1,1,0,0,0,7,8,0,0,0,0,1,0,0,0,1,1,0,0,0,0,0,5,0,1,0,0,1,0,0,0,0,5,0,0,0,0,0,0,0,0
1225,L17954,NestedTestClassesTests$AbstractSuperClass$NestedInAbstractClass,org.junit.jupiter.engine.NestedTestClassesTests$AbstractSuperClass$NestedInAbstractClass,L17950,L103,C:\Users\domco\Desktop\DP\repos\junit5\junit-jupiter-engine\src\test\java\org\junit\jupiter\engine\NestedTestClassesTests.java,298,3,316,4,0.0,0,0,0,0.0,0.0,0,0,2,0,0,2,3,0,0,1,3,0.0,0.0,0,0,0,1,0.0,0,0,0,0,0,0,10,13,0,0,0,0,2,0,0,0,2,1,0,0,0,16,19,0,0,0,0,3,0,0,0,3,1,0,0,0,0,0,13,3,5,3,0,3,1,0,0,0,12,2,0,0,0,0,0,0,0
1226,L17966,NestedTestClassesTests$TestCaseWithExtendedNested$ConcreteInner1,org.junit.jupiter.engine.NestedTestClassesTests$TestCaseWithExtendedNested$ConcreteInner1,L17884,L103,C:\Users\domco\Desktop\DP\repos\junit5\junit-jupiter-engine\src\test\java\org\junit\jupiter\engine\NestedTestClassesTests.java,324,3,326,4,0.0,0,0,0,0.0,0.0,0,0,0,0,0,0,2,0,0,0,0,0.0,0.0,0,0,0,1,0.0,0,2,2,0,0,1,3,3,0,0,0,0,0,0,0,0,0,0,0,0,0,3,3,0,0,0,0,0,0,0,0,0,0,0,0,0,0,0,3,0,0,0,0,0,0,0,0,0,3,0,0,0,0,0,0,0,0
1227,L17968,NestedTestClassesTests$TestCaseWithExtendedNested$ConcreteInner2,org.junit.jupiter.engine.NestedTestClassesTests$TestCaseWithExtendedNested$ConcreteInner2,L17884,L103,C:\Users\domco\Desktop\DP\repos\junit5\junit-jupiter-engine\src\test\java\org\junit\jupiter\engine\NestedTestClassesTests.java,328,3,330,4,0.0,0,0,0,0.0,0.0,0,0,0,0,0,0,2,0,0,0,0,0.0,0.0,0,0,0,1,0.0,0,2,2,0,0,1,3,3,0,0,0,0,0,0,0,0,0,0,0,0,0,3,3,0,0,0,0,0,0,0,0,0,0,0,0,0,0,0,3,0,0,0,0,0,0,0,0,0,3,0,0,0,0,0,0,0,0
1228,L17900,NestedTestClassesTests$OuterClass$NestedClass,org.junit.jupiter.engine.NestedTestClassesTests$OuterClass$NestedClass,L17894,L103,C:\Users\domco\Desktop\DP\repos\junit5\junit-jupiter-engine\src\test\java\org\junit\jupiter\engine\NestedTestClassesTests.java,342,3,365,4,0.0,0,0,0,0.0,0.0,0,0,1,0,0,1,2,1,0,0,1,0.0,0.0,0,0,0,1,0.0526316,1,0,0,0,0,0,6,9,0,0,0,0,1,0,0,0,1,0,0,0,0,18,24,0,0,0,0,3,0,0,0,4,0,0,0,0,0,0,15,3,6,3,0,3,0,0,0,0,15,3,0,0,0,0,0,0,0
1229,L18329,TestInstanceLifecycleTests$InstancePerMethodOuterTestCase$NestedInstancePerMethodTestCase,org.junit.jupiter.engine.TestInstanceLifecycleTests$InstancePerMethodOuterTestCase$NestedInstancePerMethodTestCase,L18326,L103,C:\Users\domco\Desktop\DP\repos\junit5\junit-jupiter-engine\src\test\java\org\junit\jupiter\engine\TestInstanceLifecycleTests.java,780,3,816,4,0.0,0,0,0,0.0,0.0,0,0,5,0,0,6,9,1,0,5,11,0.0,0.0645161,2,2,0,1,0.0645161,2,0,0,0,0,0,29,37,0,0,0,0,6,0,0,0,6,9,0,0,0,29,37,0,0,0,0,6,0,0,0,6,9,0,0,0,0,0,14,0,8,3,0,5,1,0,0,0,13,0,0,0,0,0,0,0,0
1230,L18336,TestInstanceLifecycleTests$InstancePerClassOuterTestCase$NestedInstancePerClassTestCase,org.junit.jupiter.engine.TestInstanceLifecycleTests$InstancePerClassOuterTestCase$NestedInstancePerClassTestCase,L18333,L103,C:\Users\domco\Desktop\DP\repos\junit5\junit-jupiter-engine\src\test\java\org\junit\jupiter\engine\TestInstanceLifecycleTests.java,844,3,891,4,0.0,0,0,0,0.0,0.0,0,0,7,0,0,8,12,1,0,6,14,0.0,0.0,0,0,0,1,0.0,0,0,0,0,0,0,40,48,0,0,0,0,8,0,0,0,8,13,0,0,0,40,48,0,0,0,0,8,0,0,0,8,13,0,0,0,0,0,21,0,12,5,0,7,1,0,1,0,19,0,0,0,0,0,0,0,0
1231,L18343,TestInstanceLifecycleTests$MixedLifecyclesOuterTestCase$NestedInstancePerClassTestCase,org.junit.jupiter.engine.TestInstanceLifecycleTests$MixedLifecyclesOuterTestCase$NestedInstancePerClassTestCase,L18340,L103,C:\Users\domco\Desktop\DP\repos\junit5\junit-jupiter-engine\src\test\java\org\junit\jupiter\engine\TestInstanceLifecycleTests.java,918,3,965,4,0.0,0,0,0,0.0,0.0,0,0,7,0,0,8,12,1,0,6,14,0.0,0.0,0,0,0,1,0.0,0,0,0,0,0,0,40,48,0,0,0,0,8,0,0,0,8,13,0,0,0,40,48,0,0,0,0,8,0,0,0,8,13,0,0,0,0,0,21,0,12,5,0,7,1,0,1,0,19,0,0,0,0,0,0,0,0
1232,L18708,TestTemplateInvocationTests$InvocationContextProviderWithDynamicLifecycleCallbacks$LifecycleCallbackExtension,org.junit.jupiter.engine.TestTemplateInvocationTests$InvocationContextProviderWithDynamicLifecycleCallbacks$LifecycleCallbackExtension,L18619,L103,C:\Users\domco\Desktop\DP\repos\junit5\junit-jupiter-engine\src\test\java\org\junit\jupiter\engine\TestTemplateInvocationTests.java,727,3,755,4,0.0,0,0,0,0.0,0.0,0,0,5,0,0,5,7,1,0,0,5,0.0,0.0,0,0,0,6,0.0,0,2,6,0,0,5,24,29,0,0,0,0,5,0,5,0,5,6,0,5,0,24,29,0,0,0,0,5,0,5,0,5,6,0,5,0,0,0,16,0,0,0,0,0,1,0,0,0,13,0,0,2,0,0,0,0,0
1233,L18736,TestTemplateInvocationTests$1,org.junit.jupiter.engine.TestTemplateInvocationTests$1,L18628,L103,C:\Users\domco\Desktop\DP\repos\junit5\junit-jupiter-engine\src\test\java\org\junit\jupiter\engine\TestTemplateInvocationTests.java,788,46,789,4,0.0,0,0,0,0.0,0.0,0,0,0,0,0,0,1,0,0,0,0,0.0,0.0,0,0,0,1,0.0,0,1,1,0,0,1,2,2,0,2,0,0,0,0,0,0,2,0,0,2,0,2,2,0,2,0,0,0,0,0,0,2,0,0,2,0,0,0,3,0,0,0,0,0,0,0,0,0,3,0,0,0,0,0,0,0,0
1234,L18782,IgnoreAnnotationIntegrationTests$ExplicitIgnoreConditionRegistration,org.junit.jupiter.migrationsupport.conditions.IgnoreAnnotationIntegrationTests$ExplicitIgnoreConditionRegistration,L18779,L103,C:\Users\domco\Desktop\DP\repos\junit5\junit-jupiter-migrationsupport\src\test\java\org\junit\jupiter\migrationsupport\conditions\IgnoreAnnotationIntegrationTests.java,41,2,44,3,0.0,0,0,0,0.0,0.0,0,0,0,0,0,0,4,0,0,0,0,0.0,0.0,0,0,0,1,0.0,0,1,1,0,0,1,4,4,1,0,0,0,0,0,0,0,5,0,0,0,0,4,4,1,0,0,0,0,0,0,0,5,0,0,0,0,0,0,3,0,0,0,0,0,0,0,0,0,3,0,0,0,0,0,0,0,0
1235,L18791,IgnoreAnnotationIntegrationTests$ImplicitIgnoreConditionRegistration,org.junit.jupiter.migrationsupport.conditions.IgnoreAnnotationIntegrationTests$ImplicitIgnoreConditionRegistration,L18779,L103,C:\Users\domco\Desktop\DP\repos\junit5\junit-jupiter-migrationsupport\src\test\java\org\junit\jupiter\migrationsupport\conditions\IgnoreAnnotationIntegrationTests.java,46,2,49,3,0.0,0,0,0,0.0,0.0,0,0,0,0,0,0,3,0,0,0,0,0.0,0.0,0,0,0,1,0.0,0,1,1,0,0,1,4,4,1,0,0,0,0,0,0,0,5,0,0,0,0,4,4,1,0,0,0,0,0,0,0,5,0,0,0,0,0,0,3,0,0,0,0,0,0,0,0,0,3,0,0,0,0,0,0,0,0
1236,L18783,IgnoreAnnotationIntegrationTests$BaseNestedTestCase,org.junit.jupiter.migrationsupport.conditions.IgnoreAnnotationIntegrationTests$BaseNestedTestCase,L18779,L103,C:\Users\domco\Desktop\DP\repos\junit5\junit-jupiter-migrationsupport\src\test\java\org\junit\jupiter\migrationsupport\conditions\IgnoreAnnotationIntegrationTests.java,51,2,83,3,0.0,0,0,0,0.0,0.0,0,0,3,0,0,5,7,2,0,2,7,0.0,0.0769231,2,0,0,1,0.0769231,2,0,0,2,2,0,24,33,1,0,1,0,5,0,0,0,5,4,0,0,0,24,33,1,0,1,0,5,0,0,0,5,4,0,0,0,0,0,12,1,6,1,0,6,1,0,0,0,11,0,0,0,0,0,0,0,0
1237,L18805,IgnoreConditionTests$IgnoredClassWithDefaultMessageTestCase,org.junit.jupiter.migrationsupport.conditions.IgnoreConditionTests$IgnoredClassWithDefaultMessageTestCase,L18801,L103,C:\Users\domco\Desktop\DP\repos\junit5\junit-jupiter-migrationsupport\src\test\java\org\junit\jupiter\migrationsupport\conditions\IgnoreConditionTests.java,109,2,117,3,0.0,0,0,0,0.0,0.0,0,0,1,0,0,1,3,1,0,0,1,1.0,0.222222,2,1,1,0,0.222222,2,0,0,0,0,0,7,9,0,0,0,0,1,0,0,0,1,0,0,0,0,7,9,0,0,0,0,1,0,0,0,1,0,0,0,0,0,0,2,1,1,1,0,1,0,0,0,0,2,0,0,0,0,0,0,0,0
1238,L18811,IgnoreConditionTests$IgnoredClassWithCustomMessageTestCase,org.junit.jupiter.migrationsupport.conditions.IgnoreConditionTests$IgnoredClassWithCustomMessageTestCase,L18801,L103,C:\Users\domco\Desktop\DP\repos\junit5\junit-jupiter-migrationsupport\src\test\java\org\junit\jupiter\migrationsupport\conditions\IgnoreConditionTests.java,119,2,127,3,0.0,0,0,0,0.0,0.0,0,0,1,0,0,1,3,1,0,0,1,0.0,0.125,1,0,0,1,0.125,1,0,0,0,0,0,7,9,0,0,0,0,1,0,0,0,1,0,0,0,0,7,9,0,0,0,0,1,0,0,0,1,0,0,0,0,0,0,3,1,1,1,0,1,0,0,0,0,3,0,0,0,0,0,0,0,0
1239,L18815,IgnoreConditionTests$IgnoredMethodsTestCase,org.junit.jupiter.migrationsupport.conditions.IgnoreConditionTests$IgnoredMethodsTestCase,L18801,L103,C:\Users\domco\Desktop\DP\repos\junit5\junit-jupiter-migrationsupport\src\test\java\org\junit\jupiter\migrationsupport\conditions\IgnoreConditionTests.java,129,2,148,3,0.0,0,0,0,0.0,0.0,0,0,3,0,0,3,4,1,0,1,4,0.0,0.0588235,1,0,0,1,0.0588235,1,0,0,0,0,0,16,20,0,0,0,0,3,0,0,0,3,2,0,0,0,16,20,0,0,0,0,3,0,0,0,3,2,0,0,0,0,0,8,1,3,1,0,3,1,0,0,0,7,0,0,0,0,0,0,0,0
1240,L18870,AbstractTestRuleAdapter,org.junit.jupiter.migrationsupport.rules.adapter.AbstractTestRuleAdapter,L18862,L103,C:\Users\domco\Desktop\DP\repos\junit5\junit-jupiter-migrationsupport\src\main\java\org\junit\jupiter\migrationsupport\rules\adapter\AbstractTestRuleAdapter.java,29,1,52,2,0.0,0,0,0,0.0,0.0,0,0,1,0,0,3,4,7,10,4,7,0.5,0.142857,3,3,1,1,0.142857,3,1,1,5,5,1,18,24,1,0,1,0,3,0,1,0,6,5,0,4,0,18,24,1,0,1,0,3,0,1,0,6,5,0,4,0,0,0,9,0,0,0,0,0,0,0,0,0,9,0,0,0,0,0,0,0,0
1241,L18895,ExpectedExceptionAdapter,org.junit.jupiter.migrationsupport.rules.adapter.ExpectedExceptionAdapter,L18862,L103,C:\Users\domco\Desktop\DP\repos\junit5\junit-jupiter-migrationsupport\src\main\java\org\junit\jupiter\migrationsupport\rules\adapter\ExpectedExceptionAdapter.java,23,1,41,2,0.0,0,0,0,0.0,0.0,0,0,2,1,1,4,2,0,0,3,6,0.25,0.157895,3,3,1,3,0.157895,3,2,2,0,0,1,16,19,1,0,0,0,3,0,3,0,7,4,0,5,0,16,19,1,0,0,0,3,0,3,0,7,4,0,5,0,0,0,10,0,0,0,0,0,1,0,0,0,9,0,0,0,0,0,0,0,0
1242,L18910,ExternalResourceAdapter,org.junit.jupiter.migrationsupport.rules.adapter.ExternalResourceAdapter,L18862,L103,C:\Users\domco\Desktop\DP\repos\junit5\junit-jupiter-migrationsupport\src\main\java\org\junit\jupiter\migrationsupport\rules\adapter\ExternalResourceAdapter.java,22,1,39,2,0.0,0,0,0,0.0,0.0,0,0,1,0,0,3,2,0,0,2,5,0.25,0.176471,3,3,1,3,0.176471,3,2,2,0,0,1,14,18,1,0,0,0,3,0,3,0,7,3,0,5,0,14,18,1,0,0,0,3,0,3,0,7,3,0,5,0,0,0,9,0,0,0,0,0,0,0,0,0,9,0,0,0,0,0,0,0,0
1243,L18921,VerifierAdapter,org.junit.jupiter.migrationsupport.rules.adapter.VerifierAdapter,L18862,L103,C:\Users\domco\Desktop\DP\repos\junit5\junit-jupiter-migrationsupport\src\main\java\org\junit\jupiter\migrationsupport\rules\adapter\VerifierAdapter.java,22,1,34,2,0.0,0,0,0,0.0,0.0,0,0,1,0,0,2,2,0,0,2,4,0.333333,0.230769,3,3,1,2,0.230769,3,2,2,0,0,1,10,13,1,0,0,0,2,0,2,0,7,2,0,5,0,10,13,1,0,0,0,2,0,2,0,7,2,0,5,0,0,0,7,0,0,0,0,0,0,0,0,0,7,0,0,0,0,0,0,0,0
1244,L18974,AbstractTestRuleAnnotatedMember,org.junit.jupiter.migrationsupport.rules.member.AbstractTestRuleAnnotatedMember,L18967,L103,C:\Users\domco\Desktop\DP\repos\junit5\junit-jupiter-migrationsupport\src\main\java\org\junit\jupiter\migrationsupport\rules\member\AbstractTestRuleAnnotatedMember.java,18,1,31,2,0.0,0,0,0,0.0,0.0,0,0,0,0,0,2,1,2,2,0,2,0.5,0.230769,3,3,1,1,0.230769,3,1,1,2,2,1,10,14,1,1,1,1,2,0,1,0,2,2,0,1,0,10,14,1,1,1,1,2,0,1,0,2,2,0,1,0,0,0,7,0,0,0,0,0,0,0,0,0,7,0,0,0,0,0,0,0,0
1245,L18981,TestRuleAnnotatedField,org.junit.jupiter.migrationsupport.rules.member.TestRuleAnnotatedField,L18967,L103,C:\Users\domco\Desktop\DP\repos\junit5\junit-jupiter-migrationsupport\src\main\java\org\junit\jupiter\migrationsupport\rules\member\TestRuleAnnotatedField.java,25,1,41,2,0.0,0,0,0,0.0,0.0,0,0,1,1,1,3,3,0,0,3,5,0.5,0.176471,3,3,1,1,0.176471,3,2,2,0,0,1,14,17,1,1,0,0,2,0,1,0,4,4,0,2,0,14,17,1,1,0,0,2,0,1,0,4,4,0,2,0,0,0,7,0,0,0,0,0,0,0,0,0,7,0,0,0,0,0,0,0,0
1246,L19001,TestRuleAnnotatedMethod,org.junit.jupiter.migrationsupport.rules.member.TestRuleAnnotatedMethod,L18967,L103,C:\Users\domco\Desktop\DP\repos\junit5\junit-jupiter-migrationsupport\src\main\java\org\junit\jupiter\migrationsupport\rules\member\TestRuleAnnotatedMethod.java,24,1,31,2,0.0,0,0,0,0.0,0.0,0,0,0,0,0,1,2,0,0,2,3,0.5,0.333333,3,3,1,1,0.333333,3,2,2,0,0,1,6,8,1,1,0,0,1,0,1,0,3,1,0,2,0,6,8,1,1,0,0,1,0,1,0,3,1,0,2,0,0,0,3,0,0,0,0,0,0,0,0,0,3,0,0,0,0,0,0,0,0
1247,L19067,AbstractTestRuleAdapterTests$TestableTestRuleAdapter,org.junit.jupiter.migrationsupport.rules.AbstractTestRuleAdapterTests$TestableTestRuleAdapter,L19063,L103,C:\Users\domco\Desktop\DP\repos\junit5\junit-jupiter-migrationsupport\src\test\java\org\junit\jupiter\migrationsupport\rules\AbstractTestRuleAdapterTests.java,61,2,66,3,0.0,0,0,0,0.0,0.0,0,0,0,0,0,1,2,1,1,1,2,0.0,0.0,0,0,0,1,0.0,0,2,2,0,0,1,5,6,1,0,0,0,1,0,0,0,7,1,0,4,0,5,6,1,0,0,0,1,0,0,0,7,1,0,4,0,0,0,5,0,0,0,0,0,0,0,0,0,5,0,0,0,0,0,0,0,0
1248,L19072,AbstractTestRuleAdapterTests$SimpleRuleAnnotatedMember,org.junit.jupiter.migrationsupport.rules.AbstractTestRuleAdapterTests$SimpleRuleAnnotatedMember,L19063,L103,C:\Users\domco\Desktop\DP\repos\junit5\junit-jupiter-migrationsupport\src\test\java\org\junit\jupiter\migrationsupport\rules\AbstractTestRuleAdapterTests.java,68,2,81,3,0.0,0,0,0,0.0,0.0,0,0,0,0,0,2,1,1,2,0,2,0.0,0.0,0,0,0,2,0.0,0,1,1,0,0,1,10,14,1,1,1,1,2,0,1,0,2,2,0,1,0,10,14,1,1,1,1,2,0,1,0,2,2,0,1,0,0,0,7,0,0,0,0,0,0,0,0,0,7,0,0,0,0,0,0,0,0
1249,L19099,EnableRuleMigrationSupportWithBothRuleTypesTests$1,org.junit.jupiter.migrationsupport.rules.EnableRuleMigrationSupportWithBothRuleTypesTests$1,L19091,L103,C:\Users\domco\Desktop\DP\repos\junit5\junit-jupiter-migrationsupport\src\test\java\org\junit\jupiter\migrationsupport\rules\EnableRuleMigrationSupportWithBothRuleTypesTests.java,37,45,46,3,0.0,0,0,0,0.0,0.0,0,0,1,0,0,1,1,0,0,0,1,0.0,0.0,0,0,0,1,0.0,0,0,0,0,0,0,9,10,0,0,0,0,1,0,0,0,1,1,0,0,0,9,10,0,0,0,0,1,0,0,0,1,1,0,0,0,0,0,5,0,0,0,0,0,0,0,0,0,5,0,0,0,0,0,0,0,0
1250,L19124,ExpectedExceptionSupportTests$ExpectedExceptionTestCase,org.junit.jupiter.migrationsupport.rules.ExpectedExceptionSupportTests$ExpectedExceptionTestCase,L19118,L103,C:\Users\domco\Desktop\DP\repos\junit5\junit-jupiter-migrationsupport\src\test\java\org\junit\jupiter\migrationsupport\rules\ExpectedExceptionSupportTests.java,79,2,108,3,0.0,0,0,0,0.0,0.0,0,0,2,0,0,4,3,1,0,0,4,0.0,0.0,0,0,0,1,0.0,0,0,0,0,0,0,24,30,1,0,1,0,4,1,0,0,4,6,1,0,0,24,30,1,0,1,0,4,1,0,0,4,6,1,0,0,0,0,16,4,4,1,0,4,1,0,0,3,11,0,0,0,0,0,0,4,0
1251,L19128,ExpectedExceptionSupportTests$ExpectedExceptionSupportWithoutExpectedExceptionRuleTestCase,org.junit.jupiter.migrationsupport.rules.ExpectedExceptionSupportTests$ExpectedExceptionSupportWithoutExpectedExceptionRuleTestCase,L19118,L103,C:\Users\domco\Desktop\DP\repos\junit5\junit-jupiter-migrationsupport\src\test\java\org\junit\jupiter\migrationsupport\rules\ExpectedExceptionSupportTests.java,110,2,123,3,0.0,0,0,0,0.0,0.0,0,0,2,0,0,2,4,1,0,1,3,0.0,0.0909091,1,0,0,1,0.0909091,1,0,0,0,0,0,10,14,0,0,0,0,2,0,0,0,2,1,0,0,0,10,14,0,0,0,0,2,0,0,0,2,1,0,0,0,0,0,6,1,2,1,0,2,1,0,0,0,5,0,0,0,0,0,0,0,0
1252,L19149,ExternalResourceSupportForDifferentDeclaredReturnTypesRulesTests$MyExternalResource1,org.junit.jupiter.migrationsupport.rules.ExternalResourceSupportForDifferentDeclaredReturnTypesRulesTests$MyExternalResource1,L19142,L103,C:\Users\domco\Desktop\DP\repos\junit5\junit-jupiter-migrationsupport\src\test\java\org\junit\jupiter\migrationsupport\rules\ExternalResourceSupportForDifferentDeclaredReturnTypesRulesTests.java,66,2,76,3,0.0,0,0,0,0.0,0.0,0,0,2,0,0,2,1,1,0,0,2,0.0,0.0,0,0,0,1,0.0,0,0,0,0,0,0,10,11,0,0,0,0,2,0,0,0,2,2,0,0,0,10,11,0,0,0,0,2,0,0,0,2,2,0,0,0,0,0,8,0,0,0,0,0,1,0,0,0,7,0,0,0,0,0,0,0,0
1253,L19176,ExternalResourceSupportForMixedMethodAndFieldRulesTests$MyExternalResource,org.junit.jupiter.migrationsupport.rules.ExternalResourceSupportForMixedMethodAndFieldRulesTests$MyExternalResource,L19166,L103,C:\Users\domco\Desktop\DP\repos\junit5\junit-jupiter-migrationsupport\src\test\java\org\junit\jupiter\migrationsupport\rules\ExternalResourceSupportForMixedMethodAndFieldRulesTests.java,75,2,93,3,0.0,0,0,0,0.0,0.0,0,0,1,0,0,3,1,1,2,0,3,0.0,0.0,0,0,0,1,0.0,0,0,0,0,0,0,15,19,1,0,1,0,3,0,0,0,3,4,0,0,0,15,19,1,0,1,0,3,0,0,0,3,4,0,0,0,0,0,9,0,0,0,0,0,0,0,0,0,9,0,0,0,0,0,0,0,0
1254,L19198,ExternalResourceSupportForMultipleFieldRulesTests$1,org.junit.jupiter.migrationsupport.rules.ExternalResourceSupportForMultipleFieldRulesTests$1,L19191,L103,C:\Users\domco\Desktop\DP\repos\junit5\junit-jupiter-migrationsupport\src\test\java\org\junit\jupiter\migrationsupport\rules\ExternalResourceSupportForMultipleFieldRulesTests.java,32,61,42,3,0.0,0,0,0,0.0,0.0,0,0,2,0,0,2,1,0,0,0,2,0.0,0.0,0,0,0,1,0.0,0,0,0,0,0,0,10,11,0,0,0,0,2,0,0,0,2,2,0,0,0,10,11,0,0,0,0,2,0,0,0,2,2,0,0,0,0,0,8,0,0,0,0,0,1,0,0,0,7,0,0,0,0,0,0,0,0
1255,L19204,ExternalResourceSupportForMultipleFieldRulesTests$2,org.junit.jupiter.migrationsupport.rules.ExternalResourceSupportForMultipleFieldRulesTests$2,L19191,L103,C:\Users\domco\Desktop\DP\repos\junit5\junit-jupiter-migrationsupport\src\test\java\org\junit\jupiter\migrationsupport\rules\ExternalResourceSupportForMultipleFieldRulesTests.java,45,61,55,3,0.0,0,0,0,0.0,0.0,0,0,2,0,0,2,1,0,0,0,2,0.0,0.0,0,0,0,1,0.0,0,0,0,0,0,0,10,11,0,0,0,0,2,0,0,0,2,2,0,0,0,10,11,0,0,0,0,2,0,0,0,2,2,0,0,0,0,0,8,0,0,0,0,0,1,0,0,0,7,0,0,0,0,0,0,0,0
1256,L19260,LauncherBasedEnableRuleMigrationSupportTests$EnableRuleMigrationSupportWithBothRuleTypesTestCase,org.junit.jupiter.migrationsupport.rules.LauncherBasedEnableRuleMigrationSupportTests$EnableRuleMigrationSupportWithBothRuleTypesTestCase,L19255,L103,C:\Users\domco\Desktop\DP\repos\junit5\junit-jupiter-migrationsupport\src\test\java\org\junit\jupiter\migrationsupport\rules\LauncherBasedEnableRuleMigrationSupportTests.java,55,2,94,3,0.0,0,0,0,0.0,0.0,0,0,1,0,0,2,3,3,0,1,3,0.0,0.0,0,0,0,2,0.0,0,0,0,0,0,0,19,26,5,1,5,1,2,1,1,0,2,2,1,1,0,31,40,5,1,5,1,5,1,1,0,5,5,1,1,0,0,0,24,0,9,1,0,4,1,0,0,1,19,0,0,0,0,3,0,4,0
1257,L19270,LauncherBasedEnableRuleMigrationSupportTests$VerifierSupportForErrorCollectorTestCase,org.junit.jupiter.migrationsupport.rules.LauncherBasedEnableRuleMigrationSupportTests$VerifierSupportForErrorCollectorTestCase,L19255,L103,C:\Users\domco\Desktop\DP\repos\junit5\junit-jupiter-migrationsupport\src\test\java\org\junit\jupiter\migrationsupport\rules\LauncherBasedEnableRuleMigrationSupportTests.java,96,2,112,3,0.0,0,0,0,0.0,0.0,0,0,1,0,0,1,3,1,0,0,1,0.0,0.0,0,0,0,1,0.0,0,0,0,0,0,0,12,17,2,0,2,0,1,1,0,0,1,3,1,0,0,12,17,2,0,2,0,1,1,0,0,1,3,1,0,0,0,0,9,1,3,1,0,2,0,0,0,0,5,0,0,0,0,1,0,4,0
1258,L19296,VerifierSupportForMixedMethodAndFieldRulesTests$1,org.junit.jupiter.migrationsupport.rules.VerifierSupportForMixedMethodAndFieldRulesTests$1,L19291,L103,C:\Users\domco\Desktop\DP\repos\junit5\junit-jupiter-migrationsupport\src\test\java\org\junit\jupiter\migrationsupport\rules\VerifierSupportForMixedMethodAndFieldRulesTests.java,28,45,34,3,0.0,0,0,0,0.0,0.0,0,0,1,0,0,1,1,0,0,0,1,0.0,0.0,0,0,0,1,0.0,0,0,0,0,0,0,6,7,0,0,0,0,1,0,0,0,1,1,0,0,0,6,7,0,0,0,0,1,0,0,0,1,1,0,0,0,0,0,5,0,0,0,0,0,0,0,0,0,5,0,0,0,0,0,0,0,0
1259,L19300,VerifierSupportForMixedMethodAndFieldRulesTests$2,org.junit.jupiter.migrationsupport.rules.VerifierSupportForMixedMethodAndFieldRulesTests$2,L19291,L103,C:\Users\domco\Desktop\DP\repos\junit5\junit-jupiter-migrationsupport\src\test\java\org\junit\jupiter\migrationsupport\rules\VerifierSupportForMixedMethodAndFieldRulesTests.java,36,46,42,3,0.0,0,0,0,0.0,0.0,0,0,1,0,0,1,1,0,0,0,1,0.0,0.0,0,0,0,1,0.0,0,0,0,0,0,0,6,7,0,0,0,0,1,0,0,0,1,1,0,0,0,6,7,0,0,0,0,1,0,0,0,1,1,0,0,0,0,0,5,0,0,0,0,0,0,0,0,0,5,0,0,0,0,0,0,0,0
1260,L19311,WrongExtendWithForVerifierFieldTests$1,org.junit.jupiter.migrationsupport.rules.WrongExtendWithForVerifierFieldTests$1,L19307,L103,C:\Users\domco\Desktop\DP\repos\junit5\junit-jupiter-migrationsupport\src\test\java\org\junit\jupiter\migrationsupport\rules\WrongExtendWithForVerifierFieldTests.java,27,45,33,3,0.0,0,0,0,0.0,0.0,0,0,1,0,0,1,1,0,0,0,1,0.0,0.0,0,0,0,1,0.0,0,0,0,0,0,0,6,7,0,0,0,0,1,0,0,0,1,1,0,0,0,6,7,0,0,0,0,1,0,0,0,1,1,0,0,0,0,0,5,0,0,0,0,0,0,0,0,0,5,0,0,0,0,0,0,0,0
1261,L19320,WrongExtendWithForVerifierMethodTests$1,org.junit.jupiter.migrationsupport.rules.WrongExtendWithForVerifierMethodTests$1,L19316,L103,C:\Users\domco\Desktop\DP\repos\junit5\junit-jupiter-migrationsupport\src\test\java\org\junit\jupiter\migrationsupport\rules\WrongExtendWithForVerifierMethodTests.java,26,46,32,3,0.0,0,0,0,0.0,0.0,0,0,1,0,0,1,1,0,0,0,1,0.0,0.0,0,0,0,1,0.0,0,0,0,0,0,0,6,7,0,0,0,0,1,0,0,0,1,1,0,0,0,6,7,0,0,0,0,1,0,0,0,1,1,0,0,0,0,0,5,0,0,0,0,0,0,0,0,0,5,0,0,0,0,0,0,0,0
1262,L19492,AggregatorIntegrationTests$Person,org.junit.jupiter.params.aggregator.AggregatorIntegrationTests$Person,L19487,L103,C:\Users\domco\Desktop\DP\repos\junit5\junit-jupiter-params\src\test\java\org\junit\jupiter\params\aggregator\AggregatorIntegrationTests.java,213,2,230,3,0.0,0,0,0,0.0,0.0,0,0,0,0,0,2,1,3,2,0,2,1.0,0.0625,1,1,1,0,0.0625,1,0,0,0,0,0,15,18,4,1,4,1,2,0,0,0,2,5,0,0,0,15,18,4,1,4,1,2,0,0,0,2,5,0,0,0,0,0,6,0,5,0,0,5,0,0,0,0,6,0,0,0,0,0,0,0,0
1263,L19507,AggregatorIntegrationTests$Address,org.junit.jupiter.params.aggregator.AggregatorIntegrationTests$Address,L19487,L103,C:\Users\domco\Desktop\DP\repos\junit5\junit-jupiter-params\src\test\java\org\junit\jupiter\params\aggregator\AggregatorIntegrationTests.java,236,2,247,3,0.0,0,0,0,0.0,0.0,0,0,0,0,0,1,0,2,1,0,1,0.0,0.0,0,0,0,1,0.0,0,0,0,0,0,0,10,12,3,0,3,0,1,0,0,0,1,3,0,0,0,10,12,3,0,3,0,1,0,0,0,1,3,0,0,0,0,0,5,0,3,0,0,3,0,0,0,0,5,0,0,0,0,0,0,0,0
1264,L19495,AggregatorIntegrationTests$PersonAggregator,org.junit.jupiter.params.aggregator.AggregatorIntegrationTests$PersonAggregator,L19487,L103,C:\Users\domco\Desktop\DP\repos\junit5\junit-jupiter-params\src\test\java\org\junit\jupiter\params\aggregator\AggregatorIntegrationTests.java,267,2,282,3,0.0,0,0,0,0.0,0.0,0,0,1,0,0,1,6,2,0,4,5,0.0,0.142857,2,0,0,2,0.142857,2,1,1,0,0,1,12,16,0,0,0,0,1,0,1,0,1,2,0,1,0,12,16,0,0,0,0,1,0,1,0,1,2,0,1,0,0,0,5,0,0,0,0,0,0,0,0,0,5,0,0,0,0,0,0,0,0
1265,L19619,AggregatorIntegrationTests$AddressAggregator,org.junit.jupiter.params.aggregator.AggregatorIntegrationTests$AddressAggregator,L19487,L103,C:\Users\domco\Desktop\DP\repos\junit5\junit-jupiter-params\src\test\java\org\junit\jupiter\params\aggregator\AggregatorIntegrationTests.java,284,2,298,3,0.0,0,0,0,0.0,0.0,0,0,1,0,0,1,5,1,0,4,5,0.0,0.153846,2,0,0,2,0.153846,2,1,1,0,0,1,11,15,0,0,0,0,1,0,1,0,1,2,0,1,0,11,15,0,0,0,0,1,0,1,0,1,2,0,1,0,0,0,5,0,0,0,0,0,0,0,0,0,5,0,0,0,0,0,0,0,0
1266,L19531,AggregatorIntegrationTests$MapAggregator,org.junit.jupiter.params.aggregator.AggregatorIntegrationTests$MapAggregator,L19487,L103,C:\Users\domco\Desktop\DP\repos\junit5\junit-jupiter-params\src\test\java\org\junit\jupiter\params\aggregator\AggregatorIntegrationTests.java,303,2,313,3,0.0,0,0,0,0.0,0.0,0,0,1,0,0,1,3,1,0,1,2,0.5,0.384615,5,3,1,1,0.384615,5,1,1,0,0,1,8,11,0,0,0,0,1,0,1,0,1,1,0,1,0,8,11,0,0,0,0,1,0,1,0,1,1,0,1,0,0,0,1,0,0,0,0,0,0,0,0,0,1,0,0,0,0,0,0,0,0
1267,L19563,AggregatorIntegrationTests$NullAggregator,org.junit.jupiter.params.aggregator.AggregatorIntegrationTests$NullAggregator,L19487,L103,C:\Users\domco\Desktop\DP\repos\junit5\junit-jupiter-params\src\test\java\org\junit\jupiter\params\aggregator\AggregatorIntegrationTests.java,315,2,322,3,0.0,0,0,0,0.0,0.0,0,0,1,0,0,1,4,1,0,2,3,0.0,0.0,0,0,0,2,0.0,0,1,1,0,0,1,8,8,0,0,0,0,1,0,1,0,1,2,0,1,0,8,8,0,0,0,0,1,0,1,0,1,2,0,1,0,0,0,5,0,0,0,0,0,0,0,0,0,5,0,0,0,0,0,0,0,0
1268,L19645,AggregatorIntegrationTests$ErroneousAggregator,org.junit.jupiter.params.aggregator.AggregatorIntegrationTests$ErroneousAggregator,L19487,L103,C:\Users\domco\Desktop\DP\repos\junit5\junit-jupiter-params\src\test\java\org\junit\jupiter\params\aggregator\AggregatorIntegrationTests.java,324,2,330,3,0.0,0,0,0,0.0,0.0,0,0,1,0,0,1,4,1,0,1,2,0.0,0.0,0,0,0,2,0.0,0,1,1,0,0,1,7,7,0,0,0,0,1,0,1,0,1,1,0,1,0,7,7,0,0,0,0,1,0,1,0,1,1,0,1,0,0,0,5,0,0,0,0,0,0,0,0,0,5,0,0,0,0,0,0,0,0
1269,L19569,AggregatorIntegrationTests$ErroneousTestCases,org.junit.jupiter.params.aggregator.AggregatorIntegrationTests$ErroneousTestCases,L19487,L103,C:\Users\domco\Desktop\DP\repos\junit5\junit-jupiter-params\src\test\java\org\junit\jupiter\params\aggregator\AggregatorIntegrationTests.java,332,2,338,3,0.0,0,0,0,0.0,0.0,0,0,1,0,0,1,5,1,0,1,2,0.0,0.0,0,0,0,1,0.0,0,0,0,0,0,0,7,7,0,0,0,0,1,0,0,0,1,1,0,0,0,7,7,0,0,0,0,1,0,0,0,1,1,0,0,0,0,0,5,0,1,0,0,1,0,0,0,0,5,0,0,0,0,0,0,0,0
1270,L19667,AggregatorIntegrationTests$InstanceCountingConverter,org.junit.jupiter.params.aggregator.AggregatorIntegrationTests$InstanceCountingConverter,L19487,L103,C:\Users\domco\Desktop\DP\repos\junit5\junit-jupiter-params\src\test\java\org\junit\jupiter\params\aggregator\AggregatorIntegrationTests.java,368,2,379,3,0.0,0,0,0,0.0,0.0,0,0,1,0,0,2,3,2,0,0,2,0.0,0.0,0,0,0,2,0.0,0,1,1,0,0,1,10,12,1,0,1,0,2,0,1,0,2,2,0,1,0,10,12,1,0,1,0,2,0,1,0,2,2,0,1,0,0,1,7,0,1,0,0,1,0,0,0,0,7,0,1,0,0,0,0,0,0
1271,L19678,AggregatorIntegrationTests$InstanceCountingAggregator,org.junit.jupiter.params.aggregator.AggregatorIntegrationTests$InstanceCountingAggregator,L19487,L103,C:\Users\domco\Desktop\DP\repos\junit5\junit-jupiter-params\src\test\java\org\junit\jupiter\params\aggregator\AggregatorIntegrationTests.java,381,2,393,3,0.0,0,0,0,0.0,0.0,0,0,1,0,0,2,4,2,0,0,2,0.0,0.0,0,0,0,2,0.0,0,1,1,0,0,1,11,13,1,0,1,0,2,0,1,0,2,2,0,1,0,11,13,1,0,1,0,2,0,1,0,2,2,0,1,0,0,1,7,0,1,0,0,1,0,0,0,0,7,0,1,0,0,0,0,0,0
1272,L19661,AggregatorIntegrationTests$CountingTestCase,org.junit.jupiter.params.aggregator.AggregatorIntegrationTests$CountingTestCase,L19487,L103,C:\Users\domco\Desktop\DP\repos\junit5\junit-jupiter-params\src\test\java\org\junit\jupiter\params\aggregator\AggregatorIntegrationTests.java,395,2,406,3,0.0,0,0,0,0.0,0.0,0,0,1,0,0,1,6,1,0,0,1,0.0,0.0,0,0,0,1,0.0,0,0,0,0,0,0,9,12,1,0,1,0,1,0,0,0,1,1,0,0,0,9,12,1,0,1,0,1,0,0,0,1,1,0,0,0,0,0,5,0,2,0,0,2,0,0,0,0,5,0,0,0,0,0,0,0,0
1273,L19790,DefaultArgumentConverter$StringToPrimitiveConverter,org.junit.jupiter.params.converter.DefaultArgumentConverter$StringToPrimitiveConverter,L19779,L103,C:\Users\domco\Desktop\DP\repos\junit5\junit-jupiter-params\src\main\java\org\junit\jupiter\params\converter\DefaultArgumentConverter.java,143,2,171,3,0.0,0,0,0,0.0,0.0,0,0,1,0,0,2,1,0,0,0,2,0.0,0.0,0,0,0,3,0.0,0,1,1,0,0,1,24,29,1,0,1,0,2,0,2,0,2,2,0,2,0,24,29,1,0,1,0,2,0,2,0,2,2,0,2,0,0,0,7,0,0,0,0,0,0,0,0,0,7,0,0,0,0,0,0,0,0
1274,L19793,DefaultArgumentConverter$StringToEnumConverter,org.junit.jupiter.params.converter.DefaultArgumentConverter$StringToEnumConverter,L19779,L103,C:\Users\domco\Desktop\DP\repos\junit5\junit-jupiter-params\src\main\java\org\junit\jupiter\params\converter\DefaultArgumentConverter.java,173,2,189,3,0.0,0,0,0,0.0,0.0,0,0,2,0,0,3,1,0,0,0,3,0.0,0.0,0,0,0,3,0.0,0,1,1,0,0,1,14,17,0,0,0,0,3,0,2,0,3,3,0,2,0,14,17,0,0,0,0,3,0,2,0,3,3,0,2,0,0,0,10,0,0,0,0,0,1,0,0,0,9,0,0,0,0,0,0,0,0
1275,L19796,DefaultArgumentConverter$StringToJavaTimeConverter,org.junit.jupiter.params.converter.DefaultArgumentConverter$StringToJavaTimeConverter,L19779,L103,C:\Users\domco\Desktop\DP\repos\junit5\junit-jupiter-params\src\main\java\org\junit\jupiter\params\converter\DefaultArgumentConverter.java,191,2,222,3,0.0,0,0,0,0.0,0.0,0,0,1,0,0,2,1,0,0,0,2,0.0,0.0,0,0,0,3,0.0,0,1,1,0,0,1,29,32,1,0,1,0,2,0,2,0,2,2,0,2,0,29,32,1,0,1,0,2,0,2,0,2,2,0,2,0,0,0,7,0,1,0,0,1,0,0,0,0,7,0,0,0,0,0,0,0,0
1276,L19799,DefaultArgumentConverter$StringToCommonJavaTypesConverter,org.junit.jupiter.params.converter.DefaultArgumentConverter$StringToCommonJavaTypesConverter,L19779,L103,C:\Users\domco\Desktop\DP\repos\junit5\junit-jupiter-params\src\main\java\org\junit\jupiter\params\converter\DefaultArgumentConverter.java,224,2,280,3,0.0,0,0,0,0.0,0.0,0,0,3,1,1,5,4,0,0,3,7,0.0,0.0465116,2,0,0,3,0.0465116,2,1,1,0,0,1,41,57,1,0,1,0,4,0,2,0,4,6,0,2,0,41,57,1,0,1,0,4,0,2,0,4,6,0,2,0,0,0,10,0,1,0,0,1,1,0,0,0,9,0,0,0,0,0,0,0,0
1277,L19963,FallbackStringToObjectConverter$IsFactoryMethod,org.junit.jupiter.params.converter.FallbackStringToObjectConverter$IsFactoryMethod,L19802,L103,C:\Users\domco\Desktop\DP\repos\junit5\junit-jupiter-params\src\main\java\org\junit\jupiter\params\converter\FallbackStringToObjectConverter.java,122,2,142,3,0.0,0,0,0,0.0,0.0,0,0,1,1,1,4,2,2,2,2,4,0.5,0.272727,6,5,1,1,0.272727,6,0,0,0,0,0,16,21,1,0,1,0,2,0,1,0,2,6,0,1,0,16,21,1,0,1,0,2,0,1,0,2,6,0,1,0,0,0,5,0,0,0,0,0,0,0,0,0,5,0,0,0,0,0,0,0,0
1278,L19975,FallbackStringToObjectConverter$IsFactoryConstructor,org.junit.jupiter.params.converter.FallbackStringToObjectConverter$IsFactoryConstructor,L19802,L103,C:\Users\domco\Desktop\DP\repos\junit5\junit-jupiter-params\src\main\java\org\junit\jupiter\params\converter\FallbackStringToObjectConverter.java,149,2,166,3,0.0,0,0,0,0.0,0.0,0,0,1,1,1,3,1,2,3,1,3,0.5,0.315789,6,5,1,1,0.315789,6,0,0,0,0,0,13,18,1,0,1,0,2,0,1,0,2,4,0,1,0,13,18,1,0,1,0,2,0,1,0,2,4,0,1,0,0,0,5,0,0,0,0,0,0,0,0,0,5,0,0,0,0,0,0,0,0
1279,L20157,FallbackStringToObjectConverterTests$Book,org.junit.jupiter.params.converter.FallbackStringToObjectConverterTests$Book,L20153,L103,C:\Users\domco\Desktop\DP\repos\junit5\junit-jupiter-params\src\test\java\org\junit\jupiter\params\converter\FallbackStringToObjectConverterTests.java,132,2,171,3,0.458824,1,3,1,0.275,0.366667,11,11,1,1,1,8,0,1,1,0,6,0.0,0.0625,2,2,0,2,0.0625,2,0,0,0,0,0,30,40,1,0,1,0,6,0,1,0,6,11,0,1,0,30,40,1,0,1,0,6,0,1,0,6,11,0,1,0,0,1,22,0,4,0,11,4,0,0,0,0,11,0,1,0,0,0,0,0,0
1280,L20184,FallbackStringToObjectConverterTests$Journal,org.junit.jupiter.params.converter.FallbackStringToObjectConverterTests$Journal,L20153,L103,C:\Users\domco\Desktop\DP\repos\junit5\junit-jupiter-params\src\test\java\org\junit\jupiter\params\converter\FallbackStringToObjectConverterTests.java,173,2,193,3,0.78,1,3,1,0.52381,0.647059,11,11,1,1,1,4,0,1,1,0,2,0.0,0.0,0,0,0,2,0.0,0,0,0,0,0,0,17,21,1,0,1,0,2,0,1,0,2,7,0,1,0,17,21,1,0,1,0,2,0,1,0,2,7,0,1,0,0,1,18,0,0,0,11,0,0,0,0,0,7,0,1,0,0,0,0,0,0
1281,L20170,FallbackStringToObjectConverterTests$Newspaper,org.junit.jupiter.params.converter.FallbackStringToObjectConverterTests$Newspaper,L20153,L103,C:\Users\domco\Desktop\DP\repos\junit5\junit-jupiter-params\src\test\java\org\junit\jupiter\params\converter\FallbackStringToObjectConverterTests.java,195,2,223,3,0.609375,1,3,1,0.37931,0.478261,11,11,1,1,1,6,0,1,1,0,4,0.0,0.0,0,0,0,2,0.0,0,0,0,0,0,0,23,29,1,0,1,0,4,0,1,0,4,9,0,1,0,23,29,1,0,1,0,4,0,1,0,4,9,0,1,0,0,1,22,0,3,0,11,3,0,0,0,0,11,0,1,0,0,0,0,0,0
1282,L20175,FallbackStringToObjectConverterTests$Magazine,org.junit.jupiter.params.converter.FallbackStringToObjectConverterTests$Magazine,L20153,L103,C:\Users\domco\Desktop\DP\repos\junit5\junit-jupiter-params\src\test\java\org\junit\jupiter\params\converter\FallbackStringToObjectConverterTests.java,225,2,238,3,0.0,0,0,0,0.0,0.0,0,0,1,0,0,3,0,1,0,0,3,0.0,0.0,0,0,0,1,0.0,0,0,0,0,0,0,10,14,0,0,0,0,3,0,0,0,3,2,0,0,0,10,14,0,0,0,0,3,0,0,0,3,2,0,0,0,0,0,9,0,3,0,0,3,0,0,0,0,9,0,0,0,0,0,0,0,0
1283,L20201,FallbackStringToObjectConverterTests$Diary,org.junit.jupiter.params.converter.FallbackStringToObjectConverterTests$Diary,L20153,L103,C:\Users\domco\Desktop\DP\repos\junit5\junit-jupiter-params\src\test\java\org\junit\jupiter\params\converter\FallbackStringToObjectConverterTests.java,240,2,241,3,0.0,0,0,0,0.0,0.0,0,0,0,0,0,0,0,1,0,0,0,0.0,0.0,0,0,0,1,0.0,0,0,0,0,0,0,2,2,0,0,0,0,0,0,0,0,0,0,0,0,0,2,2,0,0,0,0,0,0,0,0,0,0,0,0,0,0,0,3,0,0,0,0,0,0,0,0,0,3,0,0,0,0,0,0,0,0
1284,L20441,ParameterizedTestMethodContext$ResolverType$1,org.junit.jupiter.params.ParameterizedTestMethodContext$ResolverType$1,L20387,L103,C:\Users\domco\Desktop\DP\repos\junit5\junit-jupiter-params\src\main\java\org\junit\jupiter\params\ParameterizedTestMethodContext.java,178,3,193,4,0.0,0,0,0,0.0,0.0,0,0,1,1,1,2,6,0,0,0,1,0.0,0.111111,2,0,0,1,0.111111,2,1,1,0,0,1,16,16,2,0,0,0,1,0,0,0,1,3,2,0,0,16,16,2,0,0,0,1,0,0,0,1,3,2,0,0,0,0,7,1,0,0,0,0,0,0,0,1,5,0,0,0,0,0,0,2,0
1285,L20450,ParameterizedTestMethodContext$ResolverType$2,org.junit.jupiter.params.ParameterizedTestMethodContext$ResolverType$2,L20387,L103,C:\Users\domco\Desktop\DP\repos\junit5\junit-jupiter-params\src\main\java\org\junit\jupiter\params\ParameterizedTestMethodContext.java,195,3,209,4,0.0,0,0,0,0.0,0.0,0,0,1,1,1,2,6,0,0,0,1,0.0,0.117647,2,0,0,1,0.117647,2,1,1,0,0,1,15,15,2,0,0,0,1,0,0,0,1,3,2,0,0,15,15,2,0,0,0,1,0,0,0,1,3,2,0,0,0,0,7,1,0,0,0,0,0,0,0,1,5,0,0,0,0,0,0,2,0
1286,L20701,CsvFileArgumentsProvider$CsvParserIterator,org.junit.jupiter.params.provider.CsvFileArgumentsProvider$CsvParserIterator,L20645,L103,C:\Users\domco\Desktop\DP\repos\junit5\junit-jupiter-params\src\main\java\org\junit\jupiter\params\provider\CsvFileArgumentsProvider.java,116,2,161,3,0.0,0,0,0,0.0,0.0,0,0,1,4,4,9,4,1,1,4,8,0.0,0.0,0,0,0,3,0.0,0,0,0,0,0,0,39,46,4,0,4,0,4,0,2,0,4,19,0,2,0,39,46,4,0,4,0,4,0,2,0,4,19,0,2,0,0,0,13,1,0,0,0,0,0,2,0,0,11,0,1,0,0,0,0,0,0
1287,L21176,EnumArgumentsProviderTests$TestCase,org.junit.jupiter.params.provider.EnumArgumentsProviderTests$TestCase,L21155,L103,C:\Users\domco\Desktop\DP\repos\junit5\junit-jupiter-params\src\test\java\org\junit\jupiter\params\provider\EnumArgumentsProviderTests.java,108,2,117,3,0.0,0,0,0,0.0,0.0,0,0,3,0,0,3,1,1,0,0,3,0.0,0.0,0,0,0,1,0.0,0,0,0,0,0,0,8,10,0,0,0,0,3,0,0,0,3,0,0,0,0,8,10,0,0,0,0,3,0,0,0,3,0,0,0,0,0,0,10,0,6,0,0,3,1,0,0,0,9,3,0,0,0,0,0,0,0
1288,L21304,MethodArgumentsProviderTests$PrimitiveArrays,org.junit.jupiter.params.provider.MethodArgumentsProviderTests$PrimitiveArrays,L21245,L103,C:\Users\domco\Desktop\DP\repos\junit5\junit-jupiter-params\src\test\java\org\junit\jupiter\params\provider\MethodArgumentsProviderTests.java,262,2,321,3,0.0,0,0,0,0.0,0.0,0,0,8,0,0,8,3,0,0,2,10,0.0,0.0,0,0,0,1,0.0,0,0,0,0,0,0,43,60,0,0,0,0,8,0,0,0,8,16,0,0,0,43,60,0,0,0,0,8,0,0,0,8,16,0,0,0,0,0,20,0,16,8,0,8,1,0,0,0,19,0,0,0,0,0,0,0,0
1289,L21322,MethodArgumentsProviderTests$ObjectArrays,org.junit.jupiter.params.provider.MethodArgumentsProviderTests$ObjectArrays,L21245,L103,C:\Users\domco\Desktop\DP\repos\junit5\junit-jupiter-params\src\test\java\org\junit\jupiter\params\provider\MethodArgumentsProviderTests.java,323,2,347,3,0.0,0,0,0,0.0,0.0,0,0,3,0,0,3,3,0,0,2,5,0.0,0.0,0,0,0,1,0.0,0,0,0,0,0,0,18,25,0,0,0,0,3,0,0,0,3,6,0,0,0,18,25,0,0,0,0,3,0,0,0,3,6,0,0,0,0,0,10,0,6,3,0,3,1,0,0,0,9,0,0,0,0,0,0,0,0
1290,L21289,MethodArgumentsProviderTests$DefaultFactoryMethodNameTestCase,org.junit.jupiter.params.provider.MethodArgumentsProviderTests$DefaultFactoryMethodNameTestCase,L21245,L103,C:\Users\domco\Desktop\DP\repos\junit5\junit-jupiter-params\src\test\java\org\junit\jupiter\params\provider\MethodArgumentsProviderTests.java,383,2,393,3,0.0,0,0,0,0.0,0.0,0,0,2,0,0,2,0,1,0,0,2,1.0,0.111111,1,1,1,0,0.111111,1,0,0,0,0,0,8,11,1,0,1,0,2,0,0,0,2,1,0,0,0,8,11,1,0,1,0,2,0,0,0,2,1,0,0,0,0,0,7,0,4,0,0,3,1,0,0,0,6,1,0,0,0,0,0,0,0
1291,L21285,MethodArgumentsProviderTests$TestCase,org.junit.jupiter.params.provider.MethodArgumentsProviderTests$TestCase,L21245,L103,C:\Users\domco\Desktop\DP\repos\junit5\junit-jupiter-params\src\test\java\org\junit\jupiter\params\provider\MethodArgumentsProviderTests.java,395,2,513,3,0.0,0,0,0,0.0,0.0,0,0,24,0,0,26,2,1,0,1,27,0.0,0.0697674,6,6,0,1,0.0697674,6,0,0,0,0,0,80,119,0,0,0,0,26,0,0,0,26,26,0,0,0,80,119,0,0,0,0,26,0,0,0,26,26,0,0,0,0,0,45,0,26,0,0,26,1,0,0,0,43,0,0,0,0,0,0,1,0
1292,L21281,MethodArgumentsProviderTests$NonStaticTestCase,org.junit.jupiter.params.provider.MethodArgumentsProviderTests$NonStaticTestCase,L21245,L103,C:\Users\domco\Desktop\DP\repos\junit5\junit-jupiter-params\src\test\java\org\junit\jupiter\params\provider\MethodArgumentsProviderTests.java,516,2,521,3,0.0,0,0,0,0.0,0.0,0,0,1,0,0,1,0,1,0,0,1,1.0,0.166667,1,1,1,0,0.166667,1,0,0,0,0,0,5,6,0,0,0,0,1,0,0,0,1,1,0,0,0,5,6,0,0,0,0,1,0,0,0,1,1,0,0,0,0,0,4,0,1,0,0,1,0,0,0,0,4,0,0,0,0,0,0,0,0
1293,L21295,MethodArgumentsProviderTests$ExternalFactoryMethods,org.junit.jupiter.params.provider.MethodArgumentsProviderTests$ExternalFactoryMethods,L21245,L103,C:\Users\domco\Desktop\DP\repos\junit5\junit-jupiter-params\src\test\java\org\junit\jupiter\params\provider\MethodArgumentsProviderTests.java,523,2,539,3,0.0,0,0,0,0.0,0.0,0,0,2,0,0,2,0,1,0,0,2,0.0,0.0,0,0,0,1,0.0,0,0,0,0,0,0,8,11,0,0,0,0,2,0,0,0,2,2,0,0,0,13,17,0,0,0,0,3,0,0,0,3,3,0,0,0,0,0,13,0,3,0,0,3,1,0,0,0,12,0,0,0,0,0,0,0,0
1294,L21425,MockCsvAnnotationBuilder$MockCsvSourceBuilder,org.junit.jupiter.params.provider.MockCsvAnnotationBuilder$MockCsvSourceBuilder,L21422,L103,C:\Users\domco\Desktop\DP\repos\junit5\junit-jupiter-params\src\test\java\org\junit\jupiter\params\provider\MockCsvAnnotationBuilder.java,71,2,101,3,0.663551,1,1,1,0.322581,0.285714,10,6,1,0,0,3,2,2,6,5,8,1.0,0.125,3,1,1,0,0.125,3,1,1,0,0,1,21,31,5,1,1,1,3,0,0,0,11,10,0,0,0,21,31,5,1,1,1,3,0,0,0,11,10,0,0,0,0,0,18,1,3,1,10,2,0,0,0,0,8,0,1,0,0,0,0,0,0
1295,L21430,MockCsvAnnotationBuilder$MockCsvFileSourceBuilder,org.junit.jupiter.params.provider.MockCsvAnnotationBuilder$MockCsvFileSourceBuilder,L21422,L103,C:\Users\domco\Desktop\DP\repos\junit5\junit-jupiter-params\src\test\java\org\junit\jupiter\params\provider\MockCsvAnnotationBuilder.java,103,2,157,3,0.379679,1,1,1,0.181818,0.153846,10,6,1,0,0,6,2,2,17,8,14,0.0,0.113636,5,3,0,1,0.113636,5,1,1,0,0,1,39,55,8,1,4,1,6,0,0,0,14,19,0,0,0,39,55,8,1,4,1,6,0,0,0,14,19,0,0,0,0,0,23,1,10,1,10,5,0,0,0,0,13,0,4,0,0,1,0,0,0
1296,L21633,ParameterizedTestExtensionTests$1,org.junit.jupiter.params.ParameterizedTestExtensionTests$1,L21571,L103,C:\Users\domco\Desktop\DP\repos\junit5\junit-jupiter-params\src\test\java\org\junit\jupiter\params\ParameterizedTestExtensionTests.java,158,33,235,4,0.0,0,0,0,0.0,0.0,0,0,1,0,0,15,7,0,0,1,16,0.0,0.0,0,0,0,16,0.0,0,1,1,0,0,1,62,78,1,18,1,14,15,0,15,0,21,14,0,21,0,62,78,1,18,1,14,15,0,15,0,21,14,0,21,0,0,0,36,0,2,0,0,1,0,0,0,0,33,1,0,0,0,0,0,3,0
1297,L22152,ParameterizedTestNameFormatterTests$ParameterizedTestCases$CustomAggregator,org.junit.jupiter.params.ParameterizedTestNameFormatterTests$ParameterizedTestCases$CustomAggregator,L22139,L103,C:\Users\domco\Desktop\DP\repos\junit5\junit-jupiter-params\src\test\java\org\junit\jupiter\params\ParameterizedTestNameFormatterTests.java,249,3,254,4,0.0,0,0,0,0.0,0.0,0,0,1,0,0,1,3,1,0,1,2,0.0,0.0,0,0,0,2,0.0,0,1,1,0,0,1,6,6,0,0,0,0,1,0,1,0,1,1,0,1,0,6,6,0,0,0,0,1,0,1,0,1,1,0,1,0,0,0,5,0,0,0,0,0,0,0,0,0,5,0,0,0,0,0,0,0,0
1298,L5815,DisabledIfEnvironmentVariableConditionTests$2,org.junit.jupiter.api.condition.DisabledIfEnvironmentVariableConditionTests$2,L5811,L103,C:\Users\domco\Desktop\DP\repos\junit5\junit-jupiter-engine\src\test\java\org\junit\jupiter\api\condition\DisabledIfEnvironmentVariableConditionTests.java,98,65,104,4,1.0,1,2,1,1.0,1.0,7,6,0,0,0,3,2,0,0,0,1,0.0,0.0,0,0,0,1,0.0,0,4,4,0,0,1,6,7,3,3,0,1,1,0,0,0,8,1,0,1,0,6,7,3,3,0,1,1,0,0,0,8,1,0,1,0,0,0,15,0,0,0,10,0,0,0,0,0,5,0,0,0,0,0,0,0,0
1299,L6072,EnabledIfEnvironmentVariableConditionTests$2,org.junit.jupiter.api.condition.EnabledIfEnvironmentVariableConditionTests$2,L6068,L103,C:\Users\domco\Desktop\DP\repos\junit5\junit-jupiter-engine\src\test\java\org\junit\jupiter\api\condition\EnabledIfEnvironmentVariableConditionTests.java,100,64,106,4,1.0,1,2,1,1.0,1.0,7,6,0,0,0,3,2,0,0,0,1,0.0,0.0,0,0,0,1,0.0,0,4,4,0,0,1,6,7,3,3,0,1,1,0,0,0,8,1,0,1,0,6,7,3,3,0,1,1,0,0,0,8,1,0,1,0,0,0,15,0,0,0,10,0,0,0,0,0,5,0,0,0,0,0,0,0,0
1300,L6085,EnabledIfEnvironmentVariableConditionTests$3,org.junit.jupiter.api.condition.EnabledIfEnvironmentVariableConditionTests$3,L6081,L103,C:\Users\domco\Desktop\DP\repos\junit5\junit-jupiter-engine\src\test\java\org\junit\jupiter\api\condition\EnabledIfEnvironmentVariableConditionTests.java,140,64,146,4,0.0,0,0,0,0.0,0.0,0,0,0,0,0,3,2,0,0,0,1,0.0,0.0,0,0,0,1,0.0,0,4,4,0,0,1,6,7,3,3,0,1,1,0,0,0,8,1,0,1,0,6,7,3,3,0,1,1,0,0,0,8,1,0,1,0,0,0,5,0,0,0,0,0,0,0,0,0,5,0,0,0,0,0,0,0,0
1301,L6989,TypeBasedParameterResolverTests$MissingTypeTypeBasedParameterResolver,org.junit.jupiter.api.extension.support.TypeBasedParameterResolverTests$MissingTypeTypeBasedParameterResolver,L6973,L103,C:\Users\domco\Desktop\DP\repos\junit5\junit-jupiter-engine\src\test\java\org\junit\jupiter\api\extension\support\TypeBasedParameterResolverTests.java,107,2,114,3,0.0,0,0,0,0.0,0.0,0,0,1,0,0,1,3,1,0,0,1,0.5,0.125,1,1,1,1,0.125,1,3,3,0,0,1,7,8,1,1,0,0,1,0,1,0,6,1,0,3,0,7,8,1,1,0,0,1,0,1,0,6,1,0,3,0,0,0,5,0,0,0,0,0,0,0,0,0,5,0,0,0,0,0,0,0,0
1302,L6977,TypeBasedParameterResolverTests$BasicTypeBasedParameterResolver,org.junit.jupiter.api.extension.support.TypeBasedParameterResolverTests$BasicTypeBasedParameterResolver,L6973,L103,C:\Users\domco\Desktop\DP\repos\junit5\junit-jupiter-engine\src\test\java\org\junit\jupiter\api\extension\support\TypeBasedParameterResolverTests.java,116,2,124,3,0.0,0,0,0,0.0,0.0,0,0,1,0,0,1,4,1,0,2,3,0.0,0.0,0,0,0,2,0.0,0,3,3,1,1,1,8,9,1,1,0,0,1,0,1,0,6,2,0,3,0,8,9,1,1,0,0,1,0,1,0,6,2,0,3,0,0,0,5,0,0,0,0,0,0,0,0,0,5,0,0,0,0,0,0,0,0
1303,L6981,TypeBasedParameterResolverTests$SubClassedBasicTypeBasedParameterResolver,org.junit.jupiter.api.extension.support.TypeBasedParameterResolverTests$SubClassedBasicTypeBasedParameterResolver,L6973,L103,C:\Users\domco\Desktop\DP\repos\junit5\junit-jupiter-engine\src\test\java\org\junit\jupiter\api\extension\support\TypeBasedParameterResolverTests.java,126,2,127,3,0.0,0,0,0,0.0,0.0,0,0,0,0,0,0,1,0,0,0,0,0.0,0.0,0,0,0,1,0.0,0,4,4,0,0,1,2,2,1,1,0,0,0,0,0,0,6,0,0,3,0,2,2,1,1,0,0,0,0,0,0,6,0,0,3,0,0,0,3,0,0,0,0,0,0,0,0,0,3,0,0,0,0,0,0,0,0
1304,L6985,TypeBasedParameterResolverTests$ParameterizedTypeBasedParameterResolver,org.junit.jupiter.api.extension.support.TypeBasedParameterResolverTests$ParameterizedTypeBasedParameterResolver,L6973,L103,C:\Users\domco\Desktop\DP\repos\junit5\junit-jupiter-engine\src\test\java\org\junit\jupiter\api\extension\support\TypeBasedParameterResolverTests.java,129,2,137,3,0.0,0,0,0,0.0,0.0,0,0,1,0,0,1,4,0,0,0,1,0.0,0.0,0,0,0,2,0.0,0,3,3,0,0,1,8,9,1,1,0,0,1,0,1,0,6,1,0,3,0,8,9,1,1,0,0,1,0,1,0,6,1,0,3,0,0,0,5,0,0,0,0,0,0,0,0,0,5,0,0,0,0,0,0,0,0
1305,L7015,TypeBasedParameterResolverTests$Sample,org.junit.jupiter.api.extension.support.TypeBasedParameterResolverTests$Sample,L6973,L103,C:\Users\domco\Desktop\DP\repos\junit5\junit-jupiter-engine\src\test\java\org\junit\jupiter\api\extension\support\TypeBasedParameterResolverTests.java,144,2,157,3,0.0,0,0,0,0.0,0.0,0,0,4,0,0,4,1,1,0,0,4,0.0,0.0,0,0,0,1,0.0,0,0,0,0,0,0,10,14,0,0,0,0,4,0,0,0,4,0,0,0,0,10,14,0,0,0,0,4,0,0,0,4,0,0,0,0,0,0,12,0,8,0,0,4,1,0,0,0,11,4,0,0,0,0,0,0,0
1306,L8743,DisplayNameGenerationTests$StackTestCase$A_new_stack$After_pushing_an_element_to_an_empty_stack,org.junit.jupiter.api.DisplayNameGenerationTests$StackTestCase$A_new_stack$After_pushing_an_element_to_an_empty_stack,L8736,L103,C:\Users\domco\Desktop\DP\repos\junit5\junit-jupiter-engine\src\test\java\org\junit\jupiter\api\DisplayNameGenerationTests.java,217,4,243,5,0.0,0,0,0,0.0,0.0,0,0,2,0,0,4,5,0,0,3,7,0.0,0.0,0,0,0,1,0.0,0,0,0,0,0,0,22,27,1,0,1,0,4,0,0,0,4,6,0,0,0,22,27,1,0,1,0,4,0,0,0,4,6,0,0,0,0,0,12,0,7,2,0,5,1,0,0,0,11,0,0,0,0,0,0,0,0
1307,L10662,DisplayNameUtilsTests$ClassDisplayNameTests$ClassDisplayNameSupplierTests,org.junit.jupiter.engine.descriptor.DisplayNameUtilsTests$ClassDisplayNameTests$ClassDisplayNameSupplierTests,L10645,L103,C:\Users\domco\Desktop\DP\repos\junit5\junit-jupiter-engine\src\test\java\org\junit\jupiter\engine\descriptor\DisplayNameUtilsTests.java,71,3,104,4,0.0,0,0,0,0.0,0.0,0,0,1,0,0,3,8,0,0,2,5,0.0,0.0,0,0,0,1,0.0,0,0,0,0,0,0,27,34,1,0,1,0,3,0,0,0,3,11,0,0,0,27,34,1,0,1,0,3,0,0,0,3,11,0,0,0,0,0,9,0,4,0,0,3,0,0,0,1,9,0,0,0,0,0,0,0,0
1308,L10765,ExtensionContextTests$OuterClass$NestedClass,org.junit.jupiter.engine.descriptor.ExtensionContextTests$OuterClass$NestedClass,L10735,L103,C:\Users\domco\Desktop\DP\repos\junit5\junit-jupiter-engine\src\test\java\org\junit\jupiter\engine\descriptor\ExtensionContextTests.java,306,3,308,4,0.0,0,0,0,0.0,0.0,0,0,0,0,0,0,1,1,0,0,0,0.0,0.0,0,0,0,1,0.0,0,0,0,0,0,0,3,3,0,0,0,0,0,0,0,0,0,0,0,0,0,3,3,0,0,0,0,0,0,0,0,0,0,0,0,0,0,0,3,0,0,0,0,0,0,0,0,0,3,0,0,0,0,0,0,0,0
1309,L10862,JupiterTestDescriptorTests$StaticTestCase$StaticTestCaseLevel2,org.junit.jupiter.engine.descriptor.JupiterTestDescriptorTests$StaticTestCase$StaticTestCaseLevel2,L10859,L103,C:\Users\domco\Desktop\DP\repos\junit5\junit-jupiter-engine\src\test\java\org\junit\jupiter\engine\descriptor\JupiterTestDescriptorTests.java,392,3,393,4,0.0,0,0,0,0.0,0.0,0,0,0,0,0,0,0,1,0,0,0,0.0,0.0,0,0,0,1,0.0,0,0,0,0,0,0,2,2,0,0,0,0,0,0,0,0,0,0,0,0,0,2,2,0,0,0,0,0,0,0,0,0,0,0,0,0,0,0,3,0,0,0,0,0,0,0,0,0,3,0,0,0,0,0,0,0,0
1310,L10980,ClassWithStaticInnerTestCases$ShouldBeDiscovered,org.junit.jupiter.engine.descriptor.subpackage.ClassWithStaticInnerTestCases$ShouldBeDiscovered,L10977,L103,C:\Users\domco\Desktop\DP\repos\junit5\junit-jupiter-engine\src\test\java\org\junit\jupiter\engine\descriptor\subpackage\ClassWithStaticInnerTestCases.java,20,2,25,3,0.0,0,0,0,0.0,0.0,0,0,1,0,0,1,1,1,0,0,1,0.0,0.0,0,0,0,1,0.0,0,0,0,0,0,0,5,6,0,0,0,0,1,0,0,0,1,0,0,0,0,5,6,0,0,0,0,1,0,0,0,1,0,0,0,0,0,0,5,0,2,0,0,1,0,0,0,0,5,1,0,0,0,0,0,0,0
1311,L10983,ClassWithStaticInnerTestCases$ShouldNotBeDiscovered,org.junit.jupiter.engine.descriptor.subpackage.ClassWithStaticInnerTestCases$ShouldNotBeDiscovered,L10977,L103,C:\Users\domco\Desktop\DP\repos\junit5\junit-jupiter-engine\src\test\java\org\junit\jupiter\engine\descriptor\subpackage\ClassWithStaticInnerTestCases.java,27,2,33,3,0.0,0,0,0,0.0,0.0,0,0,1,0,0,1,1,0,0,0,1,0.0,0.0,0,0,0,1,0.0,0,0,0,0,0,0,6,7,0,0,0,0,1,0,0,0,1,0,0,0,0,6,7,0,0,0,0,1,0,0,0,1,0,0,0,0,0,0,5,0,2,0,0,1,0,0,0,0,5,1,0,0,0,0,0,0,0
1312,L11144,TestTemplateTestDescriptorTests$1,org.junit.jupiter.engine.descriptor.TestTemplateTestDescriptorTests$1,L11130,L103,C:\Users\domco\Desktop\DP\repos\junit5\junit-jupiter-engine\src\test\java\org\junit\jupiter\engine\descriptor\TestTemplateTestDescriptorTests.java,90,75,101,4,0.0,0,0,0,0.0,0.0,0,0,0,0,0,2,3,0,0,0,2,0.0,0.0,0,0,0,3,0.0,0,2,2,0,0,1,10,12,5,10,0,2,2,0,2,0,27,2,0,25,1,10,12,5,10,0,2,2,0,2,0,27,2,0,25,1,0,0,7,0,0,0,0,0,0,0,0,0,7,0,0,0,0,0,0,0,0
1313,L11457,MethodSelectorResolver$MethodType$1,org.junit.jupiter.engine.discovery.MethodSelectorResolver$MethodType$1,L11446,L103,C:\Users\domco\Desktop\DP\repos\junit5\junit-jupiter-engine\src\main\java\org\junit\jupiter\engine\discovery\MethodSelectorResolver.java,136,3,142,4,0.0,0,0,0,0.0,0.0,0,0,1,0,0,1,5,0,0,1,2,0.0,0.0,0,0,0,1,0.0,0,1,1,0,0,1,7,7,6,0,0,0,1,0,0,0,6,1,3,0,0,7,7,6,0,0,0,1,0,0,0,6,1,3,0,0,0,0,7,0,0,0,0,0,0,0,0,0,5,0,0,0,0,0,0,2,0
1314,L11474,MethodSelectorResolver$MethodType$2,org.junit.jupiter.engine.discovery.MethodSelectorResolver$MethodType$2,L11446,L103,C:\Users\domco\Desktop\DP\repos\junit5\junit-jupiter-engine\src\main\java\org\junit\jupiter\engine\discovery\MethodSelectorResolver.java,144,3,152,4,0.0,0,0,0,0.0,0.0,0,0,1,0,0,1,5,0,0,1,2,0.0,0.0,0,0,0,1,0.0,0,1,1,0,0,1,8,9,6,0,0,0,1,0,0,0,6,1,3,0,0,8,9,6,0,0,0,1,0,0,0,6,1,3,0,0,0,0,7,0,0,0,0,0,0,0,0,0,5,0,0,0,0,0,0,2,0
1315,L11489,MethodSelectorResolver$MethodType$3,org.junit.jupiter.engine.discovery.MethodSelectorResolver$MethodType$3,L11446,L103,C:\Users\domco\Desktop\DP\repos\junit5\junit-jupiter-engine\src\main\java\org\junit\jupiter\engine\discovery\MethodSelectorResolver.java,154,3,161,4,0.0,0,0,0,0.0,0.0,0,0,1,0,0,1,5,0,0,1,2,0.0,0.0,0,0,0,1,0.0,0,1,1,0,0,1,8,8,6,0,0,0,1,0,0,0,6,1,3,0,0,8,8,6,0,0,0,1,0,0,0,6,1,3,0,0,0,0,7,0,0,0,0,0,0,0,0,0,5,0,0,0,0,0,0,2,0
1316,L11648,IsInnerClassTests$InnerClassesTestCase,org.junit.jupiter.engine.discovery.predicates.IsInnerClassTests$InnerClassesTestCase,L11639,L103,C:\Users\domco\Desktop\DP\repos\junit5\junit-jupiter-engine\src\test\java\org\junit\jupiter\engine\discovery\predicates\IsInnerClassTests.java,41,2,52,3,0.0,0,0,0,0.0,0.0,0,0,0,0,0,0,0,1,0,0,0,0.0,0.0,0,0,0,1,0.0,0,0,0,0,0,0,2,6,0,0,0,0,0,0,0,0,0,0,0,0,0,8,12,0,0,0,0,0,0,0,0,0,0,0,0,0,0,0,12,0,0,0,0,0,0,0,0,0,12,0,0,0,0,0,0,0,0
1317,L11672,IsNestedTestClassTests$NestedClassesTestCase,org.junit.jupiter.engine.discovery.predicates.IsNestedTestClassTests$NestedClassesTestCase,L11663,L103,C:\Users\domco\Desktop\DP\repos\junit5\junit-jupiter-engine\src\test\java\org\junit\jupiter\engine\discovery\predicates\IsNestedTestClassTests.java,42,2,56,3,0.0,0,0,0,0.0,0.0,0,0,0,0,0,0,0,1,0,0,0,0.0,0.0,0,0,0,1,0.0,0,0,0,0,0,0,2,6,0,0,0,0,0,0,0,0,0,0,0,0,0,11,15,0,0,0,0,0,0,0,0,0,0,0,0,0,0,0,12,0,0,0,0,0,0,0,0,0,12,0,0,0,0,0,0,0,0
1318,L11697,IsPotentialTestContainerTests$PrivateStaticClass,org.junit.jupiter.engine.discovery.predicates.IsPotentialTestContainerTests$PrivateStaticClass,L11687,L103,C:\Users\domco\Desktop\DP\repos\junit5\junit-jupiter-engine\src\test\java\org\junit\jupiter\engine\discovery\predicates\IsPotentialTestContainerTests.java,62,2,63,3,0.0,0,0,0,0.0,0.0,0,0,0,0,0,0,0,1,0,0,0,0.0,0.0,0,0,0,1,0.0,0,0,0,0,0,0,2,2,0,0,0,0,0,0,0,0,0,0,0,0,0,2,2,0,0,0,0,0,0,0,0,0,0,0,0,0,0,0,3,0,0,0,0,0,0,0,0,0,3,0,0,0,0,0,0,0,0
1319,L11693,IsPotentialTestContainerTests$StaticClass,org.junit.jupiter.engine.discovery.predicates.IsPotentialTestContainerTests$StaticClass,L11687,L103,C:\Users\domco\Desktop\DP\repos\junit5\junit-jupiter-engine\src\test\java\org\junit\jupiter\engine\discovery\predicates\IsPotentialTestContainerTests.java,65,2,66,3,0.0,0,0,0,0.0,0.0,0,0,0,0,0,0,0,1,0,0,0,0.0,0.0,0,0,0,1,0.0,0,0,0,0,0,0,2,2,0,0,0,0,0,0,0,0,0,0,0,0,0,2,2,0,0,0,0,0,0,0,0,0,0,0,0,0,0,0,3,0,0,0,0,0,0,0,0,0,3,0,0,0,0,0,0,0,0
1320,L11744,IsTestClassWithTestsTests$PrivateClassWithTestMethod,org.junit.jupiter.engine.discovery.predicates.IsTestClassWithTestsTests$PrivateClassWithTestMethod,L11717,L103,C:\Users\domco\Desktop\DP\repos\junit5\junit-jupiter-engine\src\test\java\org\junit\jupiter\engine\discovery\predicates\IsTestClassWithTestsTests.java,89,2,95,3,0.0,0,0,0,0.0,0.0,0,0,1,0,0,1,1,1,0,0,1,1.0,0.166667,1,1,1,0,0.166667,1,0,0,0,0,0,5,7,0,0,0,0,1,0,0,0,1,0,0,0,0,5,7,0,0,0,0,1,0,0,0,1,0,0,0,0,0,0,4,1,2,1,0,1,0,0,0,0,4,1,0,0,0,0,0,0,0
1321,L11748,IsTestClassWithTestsTests$PrivateClassWithTestFactory,org.junit.jupiter.engine.discovery.predicates.IsTestClassWithTestsTests$PrivateClassWithTestFactory,L11717,L103,C:\Users\domco\Desktop\DP\repos\junit5\junit-jupiter-engine\src\test\java\org\junit\jupiter\engine\discovery\predicates\IsTestClassWithTestsTests.java,97,2,104,3,0.0,0,0,0,0.0,0.0,0,0,1,0,0,1,2,1,0,0,1,0.0,0.0,0,0,0,1,0.0,0,0,0,0,0,0,6,8,0,0,0,0,1,0,0,0,1,1,0,0,0,6,8,0,0,0,0,1,0,0,0,1,1,0,0,0,0,0,5,0,1,0,0,1,0,0,0,0,5,0,0,0,0,0,0,0,0
1322,L11752,IsTestClassWithTestsTests$PrivateClassWithTestTemplate,org.junit.jupiter.engine.discovery.predicates.IsTestClassWithTestsTests$PrivateClassWithTestTemplate,L11717,L103,C:\Users\domco\Desktop\DP\repos\junit5\junit-jupiter-engine\src\test\java\org\junit\jupiter\engine\discovery\predicates\IsTestClassWithTestsTests.java,106,2,112,3,0.0,0,0,0,0.0,0.0,0,0,1,0,0,1,1,1,0,0,1,0.0,0.0,0,0,0,1,0.0,0,0,0,0,0,0,5,7,0,0,0,0,1,0,0,0,1,0,0,0,0,5,7,0,0,0,0,1,0,0,0,1,0,0,0,0,0,0,5,0,2,0,0,1,0,0,0,0,5,1,0,0,0,0,0,0,0
1323,L11756,IsTestClassWithTestsTests$PrivateClassWithNestedTestClass,org.junit.jupiter.engine.discovery.predicates.IsTestClassWithTestsTests$PrivateClassWithNestedTestClass,L11717,L103,C:\Users\domco\Desktop\DP\repos\junit5\junit-jupiter-engine\src\test\java\org\junit\jupiter\engine\discovery\predicates\IsTestClassWithTestsTests.java,114,2,128,3,0.0,0,0,0,0.0,0.0,0,0,0,0,0,0,0,1,0,0,0,0.0,0.0,0,0,0,1,0.0,0,0,0,0,0,0,2,3,0,0,0,0,0,0,0,0,0,0,0,0,0,11,15,0,0,0,0,2,0,0,0,2,0,0,0,0,0,0,11,2,4,2,0,2,1,0,0,0,10,2,0,0,0,0,0,0,0
1324,L11739,IsTestClassWithTestsTests$StaticTestCase,org.junit.jupiter.engine.discovery.predicates.IsTestClassWithTestsTests$StaticTestCase,L11717,L103,C:\Users\domco\Desktop\DP\repos\junit5\junit-jupiter-engine\src\test\java\org\junit\jupiter\engine\discovery\predicates\IsTestClassWithTestsTests.java,132,2,137,3,0.0,0,0,0,0.0,0.0,0,0,1,0,0,1,1,1,0,0,1,1.0,0.166667,1,1,1,0,0.166667,1,0,0,0,0,0,5,6,0,0,0,0,1,0,0,0,1,0,0,0,0,5,6,0,0,0,0,1,0,0,0,1,0,0,0,0,0,0,4,1,2,1,0,1,0,0,0,0,4,1,0,0,0,0,0,0,0
1325,L11760,IsTestClassWithTestsTests$PrivateStaticTestCase,org.junit.jupiter.engine.discovery.predicates.IsTestClassWithTestsTests$PrivateStaticTestCase,L11717,L103,C:\Users\domco\Desktop\DP\repos\junit5\junit-jupiter-engine\src\test\java\org\junit\jupiter\engine\discovery\predicates\IsTestClassWithTestsTests.java,139,2,144,3,0.0,0,0,0,0.0,0.0,0,0,1,0,0,1,1,1,0,0,1,0.0,0.0,0,0,0,1,0.0,0,0,0,0,0,0,5,6,0,0,0,0,1,0,0,0,1,0,0,0,0,5,6,0,0,0,0,1,0,0,0,1,0,0,0,0,0,0,5,1,2,1,0,1,0,0,0,0,5,1,0,0,0,0,0,0,0
1326,L11793,ClassWithNestedTestClass$InnerClass,org.junit.jupiter.engine.discovery.predicates.ClassWithNestedTestClass$InnerClass,L11735,L103,C:\Users\domco\Desktop\DP\repos\junit5\junit-jupiter-engine\src\test\java\org\junit\jupiter\engine\discovery\predicates\IsTestClassWithTestsTests.java,177,2,188,3,0.0,0,0,0,0.0,0.0,0,0,2,0,0,2,2,0,0,0,2,0.0,0.0,0,0,0,1,0.0,0,0,0,0,0,0,9,12,0,0,0,0,2,0,0,0,2,0,0,0,0,9,12,0,0,0,0,2,0,0,0,2,0,0,0,0,0,0,8,2,4,2,0,2,1,0,0,0,7,2,0,0,0,0,0,0,0
1327,L11811,IsTestFactoryMethodTests$ClassWithTestFactoryMethods,org.junit.jupiter.engine.discovery.predicates.IsTestFactoryMethodTests$ClassWithTestFactoryMethods,L11797,L103,C:\Users\domco\Desktop\DP\repos\junit5\junit-jupiter-engine\src\test\java\org\junit\jupiter\engine\discovery\predicates\IsTestFactoryMethodTests.java,63,2,84,3,0.0,0,0,0,0.0,0.0,0,0,4,0,0,4,2,1,0,0,4,0.0,0.0,0,0,0,1,0.0,0,0,0,0,0,0,17,22,0,0,0,0,4,0,0,0,4,3,0,0,0,17,22,0,0,0,0,4,0,0,0,4,3,0,0,0,0,0,12,0,5,0,0,4,1,0,0,0,11,1,0,0,0,0,0,0,0
1328,L11849,IsTestMethodTests$AbstractClassWithAbstractTestMethod,org.junit.jupiter.engine.discovery.predicates.IsTestMethodTests$AbstractClassWithAbstractTestMethod,L11822,L103,C:\Users\domco\Desktop\DP\repos\junit5\junit-jupiter-engine\src\test\java\org\junit\jupiter\engine\discovery\predicates\IsTestMethodTests.java,96,2,101,3,0.0,0,0,0,0.0,0.0,0,0,0,0,0,1,1,1,0,0,1,0.0,0.0,0,0,0,1,0.0,0,0,0,0,0,0,4,6,0,0,0,0,1,0,0,0,1,0,0,0,0,4,6,0,0,0,0,1,0,0,0,1,0,0,0,0,0,0,5,0,1,0,0,1,0,0,0,0,5,0,0,0,0,0,0,0,0
1329,L11845,IsTestMethodTests$ClassWithTestMethods,org.junit.jupiter.engine.discovery.predicates.IsTestMethodTests$ClassWithTestMethods,L11822,L103,C:\Users\domco\Desktop\DP\repos\junit5\junit-jupiter-engine\src\test\java\org\junit\jupiter\engine\discovery\predicates\IsTestMethodTests.java,103,2,144,3,0.0,0,0,0,0.0,0.0,0,0,9,0,0,9,2,1,0,0,9,0.0,0.0,0,0,0,3,0.0,0,0,0,0,0,0,32,42,0,0,0,0,9,0,2,0,9,3,0,2,0,32,42,0,0,0,0,9,0,2,0,9,3,0,2,0,0,0,22,8,11,8,0,5,1,0,0,0,21,6,0,0,0,0,0,0,0
1330,L11875,IsTestTemplateMethodTests$ClassWithTestTemplateMethods,org.junit.jupiter.engine.discovery.predicates.IsTestTemplateMethodTests$ClassWithTestTemplateMethods,L11865,L103,C:\Users\domco\Desktop\DP\repos\junit5\junit-jupiter-engine\src\test\java\org\junit\jupiter\engine\discovery\predicates\IsTestTemplateMethodTests.java,44,2,55,3,0.0,0,0,0,0.0,0.0,0,0,2,0,0,2,1,1,0,0,2,0.0,0.0,0,0,0,1,0.0,0,0,0,0,0,0,9,12,0,0,0,0,2,0,0,0,2,1,0,0,0,9,12,0,0,0,0,2,0,0,0,2,1,0,0,0,0,0,8,0,3,0,0,2,1,0,0,0,7,1,0,0,0,0,0,0,0
1331,L12041,TestCaseWithNesting$NestedTestCase$DoubleNestedTestCase,org.junit.jupiter.engine.discovery.TestCaseWithNesting$NestedTestCase$DoubleNestedTestCase,L12038,L103,C:\Users\domco\Desktop\DP\repos\junit5\junit-jupiter-engine\src\test\java\org\junit\jupiter\engine\discovery\DiscoverySelectorResolverTests.java,861,3,867,4,0.0,0,0,0,0.0,0.0,0,0,1,0,0,1,2,1,0,0,1,0.0,0.0,0,0,0,1,0.0,0,0,0,0,0,0,6,7,0,0,0,0,1,0,0,0,1,0,0,0,0,6,7,0,0,0,0,1,0,0,0,1,0,0,0,0,0,0,5,1,2,1,0,1,0,0,0,0,5,1,0,0,0,0,0,0,0
1332,L12174,DiscoveryTests$AbstractSuperClass$NestedInAbstractClass,org.junit.jupiter.engine.discovery.DiscoveryTests$AbstractSuperClass$NestedInAbstractClass,L12177,L103,C:\Users\domco\Desktop\DP\repos\junit5\junit-jupiter-engine\src\test\java\org\junit\jupiter\engine\discovery\DiscoveryTests.java,216,3,221,4,0.0,0,0,0,0.0,0.0,0,0,1,0,0,1,2,1,0,0,1,0.0,0.0,0,0,0,1,0.0,0,0,0,0,0,0,6,6,0,0,0,0,1,0,0,0,1,0,0,0,0,6,6,0,0,0,0,1,0,0,0,1,0,0,0,0,0,0,5,1,2,1,0,1,0,0,0,0,5,1,0,0,0,0,0,0,0
1333,L12171,DiscoveryTests$TestCaseWithExtendedNested$ConcreteInner1,org.junit.jupiter.engine.discovery.DiscoveryTests$TestCaseWithExtendedNested$ConcreteInner1,L12168,L103,C:\Users\domco\Desktop\DP\repos\junit5\junit-jupiter-engine\src\test\java\org\junit\jupiter\engine\discovery\DiscoveryTests.java,225,3,227,4,0.0,0,0,0,0.0,0.0,0,0,0,0,0,0,2,1,0,0,0,0.0,0.0,0,0,0,1,0.0,0,1,1,0,0,1,3,3,0,0,0,0,0,0,0,0,0,0,0,0,0,3,3,0,0,0,0,0,0,0,0,0,0,0,0,0,0,0,3,0,0,0,0,0,0,0,0,0,3,0,0,0,0,0,0,0,0
1334,L13060,ExecutableInvokerTests$ArgumentRecordingParameterResolver$Arguments,org.junit.jupiter.engine.execution.ExecutableInvokerTests$ArgumentRecordingParameterResolver$Arguments,L12997,L103,C:\Users\domco\Desktop\DP\repos\junit5\junit-jupiter-engine\src\test\java\org\junit\jupiter\engine\execution\ExecutableInvokerTests.java,338,3,347,4,0.0,0,0,0,0.0,0.0,0,0,0,0,0,1,2,2,2,0,1,0.0,0.0,0,0,0,1,0.0,0,0,0,0,0,0,8,10,2,0,2,0,1,0,0,0,1,2,0,0,0,8,10,2,0,2,0,1,0,0,0,1,2,0,0,0,0,0,5,0,2,0,0,2,0,0,0,0,5,0,0,0,0,0,0,0,0
1335,L12962,ExecutableInvokerTests$ConstructorInjectionTestCase$NestedTestCase,org.junit.jupiter.engine.execution.ExecutableInvokerTests$ConstructorInjectionTestCase$NestedTestCase,L12944,L103,C:\Users\domco\Desktop\DP\repos\junit5\junit-jupiter-engine\src\test\java\org\junit\jupiter\engine\execution\ExecutableInvokerTests.java,448,3,456,4,0.0,0,0,0,0.0,0.0,0,0,0,0,0,1,0,1,0,0,1,0.0,0.0,0,0,0,1,0.0,0,0,0,0,0,0,7,9,1,0,1,0,1,0,0,0,1,1,0,0,0,7,9,1,0,1,0,1,0,0,0,1,1,0,0,0,0,0,5,0,1,0,0,1,0,0,0,0,5,0,0,0,0,0,0,0,0
1336,L13246,ExtensionValuesStoreTests$1,org.junit.jupiter.engine.execution.ExtensionValuesStoreTests$1,L13185,L103,C:\Users\domco\Desktop\DP\repos\junit5\junit-jupiter-engine\src\test\java\org\junit\jupiter\engine\execution\ExtensionValuesStoreTests.java,400,23,406,4,0.0,0,0,0,0.0,0.0,0,0,1,0,0,1,0,0,0,0,1,0.0,0.0,0,0,0,2,0.0,0,0,0,0,0,0,6,7,0,0,0,0,1,0,1,0,1,1,0,1,0,6,7,0,0,0,0,1,0,1,0,1,1,0,1,0,0,0,5,0,0,0,0,0,0,0,0,0,5,0,0,0,0,0,0,0,0
1337,L13266,CustomAnnotationParameterResolver,org.junit.jupiter.engine.execution.injection.sample.CustomAnnotationParameterResolver,L13249,L103,C:\Users\domco\Desktop\DP\repos\junit5\junit-jupiter-engine\src\test\java\org\junit\jupiter\engine\execution\injection\sample\CustomAnnotationParameterResolver.java,21,1,35,2,0.0,0,0,0,0.0,0.0,0,0,2,0,0,2,5,3,0,3,5,0.333333,0.333333,5,3,1,2,0.333333,5,2,2,0,0,1,10,15,0,0,0,0,2,0,2,0,2,2,0,2,0,10,15,0,0,0,0,2,0,2,0,2,2,0,2,0,0,0,4,0,0,0,0,0,1,0,0,0,3,0,0,0,0,0,0,0,0
1338,L13280,CustomType,org.junit.jupiter.engine.execution.injection.sample.CustomType,L13249,L103,C:\Users\domco\Desktop\DP\repos\junit5\junit-jupiter-engine\src\test\java\org\junit\jupiter\engine\execution\injection\sample\CustomType.java,18,1,27,2,0.0,0,0,0,0.0,0.0,0,0,1,0,0,1,0,7,0,0,1,0.5,0.3,3,3,1,1,0.3,3,0,0,0,0,0,7,10,1,0,1,0,1,0,1,0,1,1,0,1,0,7,10,1,0,1,0,1,0,1,0,1,1,0,1,0,0,0,3,0,0,0,0,0,0,0,0,0,3,0,0,0,0,0,0,0,0
1339,L13289,CustomTypeParameterResolver,org.junit.jupiter.engine.execution.injection.sample.CustomTypeParameterResolver,L13249,L103,C:\Users\domco\Desktop\DP\repos\junit5\junit-jupiter-engine\src\test\java\org\junit\jupiter\engine\execution\injection\sample\CustomTypeParameterResolver.java,20,1,32,2,0.0,0,0,0,0.0,0.0,0,0,2,0,0,2,4,3,0,1,3,0.333333,0.230769,3,3,1,2,0.230769,3,2,2,0,0,1,10,13,0,0,0,0,2,0,2,0,2,2,0,2,0,10,13,0,0,0,0,2,0,2,0,2,2,0,2,0,0,0,8,0,0,0,0,0,1,0,0,0,7,0,0,0,0,0,0,0,0
1340,L13301,DoubleParameterResolver,org.junit.jupiter.engine.execution.injection.sample.DoubleParameterResolver,L13249,L103,C:\Users\domco\Desktop\DP\repos\junit5\junit-jupiter-engine\src\test\java\org\junit\jupiter\engine\execution\injection\sample\DoubleParameterResolver.java,23,1,35,2,0.0,0,0,0,0.0,0.0,0,0,2,0,0,2,3,1,0,1,3,0.333333,0.375,6,6,1,2,0.375,6,2,2,0,0,1,10,13,0,0,0,0,2,0,2,0,2,2,0,2,0,10,13,0,0,0,0,2,0,2,0,2,2,0,2,0,0,0,6,0,0,0,0,0,1,0,0,0,5,0,0,0,0,0,0,0,0
1341,L13310,LongParameterResolver,org.junit.jupiter.engine.execution.injection.sample.LongParameterResolver,L13249,L103,C:\Users\domco\Desktop\DP\repos\junit5\junit-jupiter-engine\src\test\java\org\junit\jupiter\engine\execution\injection\sample\LongParameterResolver.java,31,1,63,2,0.0,0,0,0,0.0,0.0,0,0,2,2,2,8,3,1,0,2,4,0.333333,0.394737,15,11,1,2,0.394737,15,2,2,0,0,1,23,33,0,0,0,0,2,0,2,0,2,10,0,2,0,23,33,0,0,0,0,2,0,2,0,2,10,0,2,0,0,0,6,0,0,0,0,0,1,0,0,0,5,0,0,0,0,0,0,0,0
1342,L13333,MapOfListsTypeBasedParameterResolver,org.junit.jupiter.engine.execution.injection.sample.MapOfListsTypeBasedParameterResolver,L13249,L103,C:\Users\domco\Desktop\DP\repos\junit5\junit-jupiter-engine\src\test\java\org\junit\jupiter\engine\execution\injection\sample\MapOfListsTypeBasedParameterResolver.java,23,1,32,2,0.0,0,0,0,0.0,0.0,0,0,1,0,0,1,3,1,0,0,1,0.5,0.3,3,3,1,1,0.3,3,3,3,0,0,1,7,10,1,1,0,0,1,0,1,0,6,1,0,3,0,7,10,1,1,0,0,1,0,1,0,6,1,0,3,0,0,0,3,0,0,0,0,0,0,0,0,0,3,0,0,0,0,0,0,0,0
1343,L13339,MapOfStringsParameterResolver,org.junit.jupiter.engine.execution.injection.sample.MapOfStringsParameterResolver,L13249,L103,C:\Users\domco\Desktop\DP\repos\junit5\junit-jupiter-engine\src\test\java\org\junit\jupiter\engine\execution\injection\sample\MapOfStringsParameterResolver.java,27,1,49,2,0.0,0,0,0,0.0,0.0,0,0,2,1,1,5,3,1,0,1,3,0.333333,0.2,5,5,1,2,0.2,5,2,2,0,0,1,20,23,0,0,0,0,2,0,2,0,2,10,0,2,0,20,23,0,0,0,0,2,0,2,0,2,10,0,2,0,0,0,8,0,0,0,0,0,1,0,0,0,7,0,0,0,0,0,0,0,0
1344,L13357,NullIntegerParameterResolver,org.junit.jupiter.engine.execution.injection.sample.NullIntegerParameterResolver,L13249,L103,C:\Users\domco\Desktop\DP\repos\junit5\junit-jupiter-engine\src\test\java\org\junit\jupiter\engine\execution\injection\sample\NullIntegerParameterResolver.java,23,1,36,2,0.0,0,0,0,0.0,0.0,0,0,2,0,0,3,3,1,0,1,3,0.333333,0.352941,6,6,1,2,0.352941,6,2,2,0,0,1,11,14,0,0,0,0,2,0,2,0,2,2,0,2,0,11,14,0,0,0,0,2,0,2,0,2,2,0,2,0,0,0,6,0,0,0,0,0,1,0,0,0,5,0,0,0,0,0,0,0,0
1345,L13366,NumberParameterResolver,org.junit.jupiter.engine.execution.injection.sample.NumberParameterResolver,L13249,L103,C:\Users\domco\Desktop\DP\repos\junit5\junit-jupiter-engine\src\test\java\org\junit\jupiter\engine\execution\injection\sample\NumberParameterResolver.java,37,1,49,2,0.0,0,0,0,0.0,0.0,0,0,2,0,0,2,3,1,0,1,3,0.333333,0.666667,20,20,1,2,0.666667,20,2,2,0,0,1,10,13,0,0,0,0,2,0,2,0,2,2,0,2,0,10,13,0,0,0,0,2,0,2,0,2,2,0,2,0,0,0,6,0,0,0,0,0,1,0,0,0,5,0,0,0,0,0,0,0,0
1346,L13375,PrimitiveArrayParameterResolver,org.junit.jupiter.engine.execution.injection.sample.PrimitiveArrayParameterResolver,L13249,L103,C:\Users\domco\Desktop\DP\repos\junit5\junit-jupiter-engine\src\test\java\org\junit\jupiter\engine\execution\injection\sample\PrimitiveArrayParameterResolver.java,22,1,34,2,0.0,0,0,0,0.0,0.0,0,0,2,0,0,2,3,2,0,1,3,0.333333,0.333333,5,5,1,2,0.333333,5,2,2,0,0,1,10,13,0,0,0,0,2,0,2,0,2,2,0,2,0,10,13,0,0,0,0,2,0,2,0,2,2,0,2,0,0,0,6,0,0,0,0,0,1,0,0,0,5,0,0,0,0,0,0,0,0
1347,L13384,PrimitiveIntegerParameterResolver,org.junit.jupiter.engine.execution.injection.sample.PrimitiveIntegerParameterResolver,L13249,L103,C:\Users\domco\Desktop\DP\repos\junit5\junit-jupiter-engine\src\test\java\org\junit\jupiter\engine\execution\injection\sample\PrimitiveIntegerParameterResolver.java,22,1,34,2,0.0,0,0,0,0.0,0.0,0,0,2,0,0,2,3,1,0,1,3,0.333333,0.333333,5,5,1,2,0.333333,5,2,2,0,0,1,10,13,0,0,0,0,2,0,2,0,2,2,0,2,0,10,13,0,0,0,0,2,0,2,0,2,2,0,2,0,0,0,6,0,0,0,0,0,1,0,0,0,5,0,0,0,0,0,0,0,0
1348,L14400,BeforeAndAfterEachTests$OuterTestCase$InnerTestCase,org.junit.jupiter.engine.extension.BeforeAndAfterEachTests$OuterTestCase$InnerTestCase,L14341,L103,C:\Users\domco\Desktop\DP\repos\junit5\junit-jupiter-engine\src\test\java\org\junit\jupiter\engine\extension\BeforeAndAfterEachTests.java,336,3,354,4,0.0,0,0,0,0.0,0.0,0,0,3,0,0,3,7,0,0,0,3,0.0,0.0,0,0,0,1,0.0,0,0,0,0,0,0,16,19,0,0,0,0,3,0,0,0,3,3,0,0,0,16,19,0,0,0,0,3,0,0,0,3,3,0,0,0,0,0,10,1,3,1,0,3,1,0,0,0,9,0,0,0,0,0,0,0,0
1349,L14517,BeforeAndAfterTestExecutionCallbackTests$OuterTestCase$InnerTestCase,org.junit.jupiter.engine.extension.BeforeAndAfterTestExecutionCallbackTests$OuterTestCase$InnerTestCase,L14466,L103,C:\Users\domco\Desktop\DP\repos\junit5\junit-jupiter-engine\src\test\java\org\junit\jupiter\engine\extension\BeforeAndAfterTestExecutionCallbackTests.java,304,3,322,4,0.0,0,0,0,0.0,0.0,0,0,3,0,0,3,7,0,0,0,3,0.0,0.0,0,0,0,1,0.0,0,0,0,0,0,0,16,19,0,0,0,0,3,0,0,0,3,3,0,0,0,16,19,0,0,0,0,3,0,0,0,3,3,0,0,0,0,0,10,1,3,1,0,3,1,0,0,0,9,0,0,0,0,0,0,0,0
1350,L14749,InvocationInterceptorTests$InvocationIgnoringInterceptorTestCase$1,org.junit.jupiter.engine.extension.InvocationInterceptorTests$InvocationIgnoringInterceptorTestCase$1,L14744,L103,C:\Users\domco\Desktop\DP\repos\junit5\junit-jupiter-engine\src\test\java\org\junit\jupiter\engine\extension\InvocationInterceptorTests.java,63,55,69,4,0.0,0,0,0,0.0,0.0,0,0,1,0,0,1,4,0,0,0,1,0.0,0.142857,1,0,0,2,0.142857,1,2,2,0,0,1,6,7,0,0,0,0,1,0,1,0,9,0,0,9,0,6,7,0,0,0,0,1,0,1,0,9,0,0,9,0,0,0,5,0,0,0,0,0,0,0,0,0,5,0,0,0,0,0,0,0,0
1351,L14762,InvocationInterceptorTests$InvocationSkippedTestCase$1,org.junit.jupiter.engine.extension.InvocationInterceptorTests$InvocationSkippedTestCase$1,L14757,L103,C:\Users\domco\Desktop\DP\repos\junit5\junit-jupiter-engine\src\test\java\org\junit\jupiter\engine\extension\InvocationInterceptorTests.java,86,55,92,4,0.0,0,0,0,0.0,0.0,0,0,1,0,0,1,4,0,0,0,1,0.0,0.0,0,0,0,2,0.0,0,2,2,0,0,1,7,7,0,0,0,0,1,0,1,0,9,1,0,9,0,7,7,0,0,0,0,1,0,1,0,9,1,0,9,0,0,0,5,0,0,0,0,0,0,0,0,0,5,0,0,0,0,0,0,0,0
1352,L14775,InvocationInterceptorTests$DoubleInvocationInterceptorTestCase$1,org.junit.jupiter.engine.extension.InvocationInterceptorTests$DoubleInvocationInterceptorTestCase$1,L14770,L103,C:\Users\domco\Desktop\DP\repos\junit5\junit-jupiter-engine\src\test\java\org\junit\jupiter\engine\extension\InvocationInterceptorTests.java,112,55,120,4,0.0,0,0,0,0.0,0.0,0,0,1,0,0,1,4,0,0,0,1,0.0,0.0,0,0,0,2,0.0,0,2,2,0,0,1,9,9,0,0,0,0,1,0,1,0,9,2,0,9,0,9,9,0,0,0,0,1,0,1,0,9,2,0,9,0,0,0,5,0,0,0,0,0,0,0,0,0,5,0,0,0,0,0,0,0,0
1353,L15248,OrderedMethodTests$OuterTestCase$NestedOrderAnnotationTestCase,org.junit.jupiter.engine.extension.OrderedMethodTests$OuterTestCase$NestedOrderAnnotationTestCase,L15143,L103,C:\Users\domco\Desktop\DP\repos\junit5\junit-jupiter-engine\src\test\java\org\junit\jupiter\engine\extension\OrderedMethodTests.java,421,3,423,4,0.0,0,0,0,0.0,0.0,0,0,0,0,0,0,2,0,0,0,0,0.0,0.0,0,0,0,1,0.0,0,1,1,0,0,1,3,3,0,0,0,0,0,0,0,0,9,0,0,0,0,3,3,0,0,0,0,0,0,0,0,9,0,0,0,0,0,0,3,0,0,0,0,0,0,0,0,0,3,0,0,0,0,0,0,0,0
1354,L15271,OrderedMethodTests$OrderAnnotationWithNestedClassTestCase$NestedTests,org.junit.jupiter.engine.extension.OrderedMethodTests$OrderAnnotationWithNestedClassTestCase$NestedTests,L15147,L103,C:\Users\domco\Desktop\DP\repos\junit5\junit-jupiter-engine\src\test\java\org\junit\jupiter\engine\extension\OrderedMethodTests.java,497,3,516,4,0.0,0,0,0,0.0,0.0,0,0,3,0,0,3,7,0,0,1,4,0.0,0.0,0,0,0,1,0.0,0,0,0,0,0,0,17,20,0,0,0,0,3,0,0,0,3,1,0,0,0,17,20,0,0,0,0,3,0,0,0,3,1,0,0,0,0,0,10,2,5,2,0,3,1,0,0,0,9,2,0,0,0,0,0,0,0
1355,L15494,ParameterResolverTests$ConstructorInjectionTestCase$NestedTestCase,org.junit.jupiter.engine.extension.ParameterResolverTests$ConstructorInjectionTestCase$NestedTestCase,L15424,L103,C:\Users\domco\Desktop\DP\repos\junit5\junit-jupiter-engine\src\test\java\org\junit\jupiter\engine\extension\ParameterResolverTests.java,263,3,281,4,0.0,0,0,0,0.0,0.0,0,0,1,0,0,2,6,0,0,1,3,0.0,0.0,0,0,0,1,0.0,0,0,0,0,0,0,16,19,2,0,2,0,2,0,0,0,2,6,0,0,0,16,19,2,0,2,0,2,0,0,0,2,6,0,0,0,0,0,7,0,6,5,0,1,0,0,0,0,7,0,0,0,0,0,0,0,0
1356,L15513,ParameterResolverTests$AnnotatedParameterConstructorInjectionTestCase$AnnotatedConstructorParameterNestedTestCase,org.junit.jupiter.engine.extension.ParameterResolverTests$AnnotatedParameterConstructorInjectionTestCase$AnnotatedConstructorParameterNestedTestCase,L15428,L103,C:\Users\domco\Desktop\DP\repos\junit5\junit-jupiter-engine\src\test\java\org\junit\jupiter\engine\extension\ParameterResolverTests.java,301,3,320,4,0.0,0,0,0,0.0,0.0,0,0,1,0,0,2,7,0,0,1,3,0.0,0.0588235,1,1,0,1,0.0588235,1,0,0,0,0,0,16,20,2,0,2,0,2,0,0,0,2,6,0,0,0,16,20,2,0,2,0,2,0,0,0,2,6,0,0,0,0,0,7,0,6,5,0,1,0,0,0,0,7,0,0,0,0,0,0,0,0
1357,L15903,ProgrammaticExtensionRegistrationTests$TwoNestedClassesTestCase$A,org.junit.jupiter.engine.extension.ProgrammaticExtensionRegistrationTests$TwoNestedClassesTestCase$A,L15727,L103,C:\Users\domco\Desktop\DP\repos\junit5\junit-jupiter-engine\src\test\java\org\junit\jupiter\engine\extension\ProgrammaticExtensionRegistrationTests.java,729,3,742,4,0.0,0,0,0,0.0,0.0,0,0,2,0,0,2,3,0,0,1,3,0.0,0.0,0,0,0,1,0.0,0,0,0,0,0,0,11,14,0,0,0,0,2,0,0,0,2,2,0,0,0,11,14,0,0,0,0,2,0,0,0,2,2,0,0,0,0,0,8,0,5,2,0,3,1,0,0,0,7,0,0,0,0,0,0,0,0
1358,L15909,ProgrammaticExtensionRegistrationTests$TwoNestedClassesTestCase$B,org.junit.jupiter.engine.extension.ProgrammaticExtensionRegistrationTests$TwoNestedClassesTestCase$B,L15727,L103,C:\Users\domco\Desktop\DP\repos\junit5\junit-jupiter-engine\src\test\java\org\junit\jupiter\engine\extension\ProgrammaticExtensionRegistrationTests.java,744,3,757,4,0.0,0,0,0,0.0,0.0,0,0,2,0,0,2,3,0,0,1,3,0.0,0.0,0,0,0,1,0.0,0,0,0,0,0,0,11,14,0,0,0,0,2,0,0,0,2,2,0,0,0,11,14,0,0,0,0,2,0,0,0,2,2,0,0,0,0,0,8,0,5,2,0,3,1,0,0,0,7,0,0,0,0,0,0,0,0
1359,L16344,TempDirectoryTests$TempDirUsageInsideNestedClassesTestCase$NestedTestClass,org.junit.jupiter.engine.extension.TempDirectoryTests$TempDirUsageInsideNestedClassesTestCase$NestedTestClass,L16011,L103,C:\Users\domco\Desktop\DP\repos\junit5\junit-jupiter-engine\src\test\java\org\junit\jupiter\engine\extension\TempDirectoryTests.java,795,3,813,4,0.0,0,0,0,0.0,0.0,0,0,1,0,0,1,4,0,0,2,3,0.0,0.0,0,0,0,1,0.0,0,0,0,0,0,0,8,10,0,0,0,0,1,0,0,0,1,2,0,0,0,16,19,0,0,0,0,2,0,0,0,2,4,0,0,0,0,0,10,0,8,6,0,2,0,0,0,0,10,0,0,0,0,0,0,0,0
1360,L16356,TempDirectoryTests$StaticTempDirUsageInsideNestedClassTestCase$NestedTestClass,org.junit.jupiter.engine.extension.TempDirectoryTests$StaticTempDirUsageInsideNestedClassTestCase$NestedTestClass,L16015,L103,C:\Users\domco\Desktop\DP\repos\junit5\junit-jupiter-engine\src\test\java\org\junit\jupiter\engine\extension\TempDirectoryTests.java,830,3,839,4,0.0,0,0,0,0.0,0.0,0,0,1,0,0,1,4,0,0,3,4,0.0,0.0,0,0,0,1,0.0,0,0,0,0,0,0,9,10,0,0,0,0,1,0,0,0,1,3,0,0,0,9,10,0,0,0,0,1,0,0,0,1,3,0,0,0,0,0,5,0,5,4,0,1,0,0,0,0,5,0,0,0,0,0,0,0,0
1361,L16552,TestInstanceFactoryTests$OuterTestCase$InnerTestCase,org.junit.jupiter.engine.extension.TestInstanceFactoryTests$OuterTestCase$InnerTestCase,L16505,L103,C:\Users\domco\Desktop\DP\repos\junit5\junit-jupiter-engine\src\test\java\org\junit\jupiter\engine\extension\TestInstanceFactoryTests.java,466,3,482,4,0.0,0,0,0,0.0,0.0,0,0,1,0,0,1,3,0,0,0,1,0.0,0.0,0,0,0,1,0.0,0,0,0,0,0,0,7,9,0,0,0,0,1,0,0,0,1,1,0,0,0,14,17,0,0,0,0,2,0,0,0,2,2,0,0,0,0,0,10,2,2,2,0,2,0,0,0,0,10,0,0,0,0,0,0,0,0
1362,L16460,TestInstanceFactoryTests$MultipleFactoriesRegisteredWithinNestedClassStructureTestCase$InnerTestCase,org.junit.jupiter.engine.extension.TestInstanceFactoryTests$MultipleFactoriesRegisteredWithinNestedClassStructureTestCase$InnerTestCase,L16457,L103,C:\Users\domco\Desktop\DP\repos\junit5\junit-jupiter-engine\src\test\java\org\junit\jupiter\engine\extension\TestInstanceFactoryTests.java,492,3,499,4,0.0,0,0,0,0.0,0.0,0,0,1,0,0,1,4,1,0,0,1,0.0,0.0,0,0,0,1,0.0,0,0,0,0,0,0,7,8,0,0,0,0,1,0,0,0,1,0,0,0,0,7,8,0,0,0,0,1,0,0,0,1,0,0,0,0,0,0,5,1,2,1,0,1,0,0,0,0,5,1,0,0,0,0,0,0,0
1363,L16758,TestInstancePostProcessorTests$OuterTestCase$InnerTestCase,org.junit.jupiter.engine.extension.TestInstancePostProcessorTests$OuterTestCase$InnerTestCase,L16737,L103,C:\Users\domco\Desktop\DP\repos\junit5\junit-jupiter-engine\src\test\java\org\junit\jupiter\engine\extension\TestInstancePostProcessorTests.java,97,3,119,4,0.0,0,0,0,0.0,0.0,0,0,2,0,0,3,9,0,0,1,4,0.0,0.0,0,0,0,2,0.0,0,1,1,0,0,1,19,23,1,0,1,0,3,0,1,1,3,5,0,1,1,19,23,1,0,1,0,3,0,1,1,3,5,0,1,1,0,0,10,0,5,3,0,2,1,0,0,0,9,0,0,0,0,0,0,0,0
1364,L16822,TestInstancePreDestroyCallbackTests$OuterTestCase$InnerTestCase,org.junit.jupiter.engine.extension.TestInstancePreDestroyCallbackTests$OuterTestCase$InnerTestCase,L16796,L103,C:\Users\domco\Desktop\DP\repos\junit5\junit-jupiter-engine\src\test\java\org\junit\jupiter\engine\extension\TestInstancePreDestroyCallbackTests.java,121,3,136,4,0.0,0,0,0,0.0,0.0,0,0,2,0,0,2,9,0,0,1,3,0.0,0.0,0,0,0,1,0.0,0,1,1,0,0,1,14,16,1,0,0,0,2,0,0,0,3,3,0,0,1,14,16,1,0,0,0,2,0,0,0,3,3,0,0,1,0,0,8,1,3,2,0,2,1,0,0,0,7,0,0,0,0,0,0,0,0
1365,L16924,TestWatcherTests$AbstractTestCase$SecondLevel,org.junit.jupiter.engine.extension.TestWatcherTests$AbstractTestCase$SecondLevel,L16917,L103,C:\Users\domco\Desktop\DP\repos\junit5\junit-jupiter-engine\src\test\java\org\junit\jupiter\engine\extension\TestWatcherTests.java,158,3,182,4,0.0,0,0,0,0.0,0.0,0,0,4,0,0,4,5,0,0,2,6,0.0,0.1,2,0,0,5,0.1,2,0,0,0,0,0,18,25,0,0,0,0,4,0,4,0,4,2,0,4,0,18,25,0,0,0,0,4,0,4,0,4,2,0,4,0,0,0,10,3,0,3,0,0,1,0,0,0,9,0,0,0,0,0,0,0,0
1366,L17129,TimeoutExtensionTests$TimeoutAnnotatedClassTestCase$NestedClass,org.junit.jupiter.engine.extension.TimeoutExtensionTests$TimeoutAnnotatedClassTestCase$NestedClass,L17064,L103,C:\Users\domco\Desktop\DP\repos\junit5\junit-jupiter-engine\src\test\java\org\junit\jupiter\engine\extension\TimeoutExtensionTests.java,408,3,425,4,0.0,0,0,0,0.0,0.0,0,0,3,0,0,3,5,0,0,0,3,0.0,0.0,0,0,0,1,0.0,0,0,0,0,0,0,16,18,0,0,0,0,3,0,0,0,3,4,0,0,0,16,18,0,0,0,0,3,0,0,0,3,4,0,0,0,0,0,10,1,3,1,0,3,1,0,0,0,9,0,0,0,0,0,0,0,0
1367,L17160,TimeoutExtensionTests$NestedClassWithOuterSetupMethodTestCase$NestedClass,org.junit.jupiter.engine.extension.TimeoutExtensionTests$NestedClassWithOuterSetupMethodTestCase$NestedClass,L17099,L103,C:\Users\domco\Desktop\DP\repos\junit5\junit-jupiter-engine\src\test\java\org\junit\jupiter\engine\extension\TimeoutExtensionTests.java,511,3,522,4,0.0,0,0,0,0.0,0.0,0,0,1,0,0,2,3,0,0,0,2,0.0,0.0,0,0,0,1,0.0,0,0,0,0,0,0,9,12,0,0,0,0,2,0,0,1,2,0,0,0,1,9,12,0,0,0,0,2,0,0,1,2,0,0,0,1,0,0,7,1,4,1,0,2,0,0,0,0,7,2,0,0,0,0,0,0,0
1368,L17572,DefaultExecutionModeTests$OuterTestCase$LevelOne$LevelTwo,org.junit.jupiter.engine.DefaultExecutionModeTests$OuterTestCase$LevelOne$LevelTwo,L17570,L103,C:\Users\domco\Desktop\DP\repos\junit5\junit-jupiter-engine\src\test\java\org\junit\jupiter\engine\DefaultExecutionModeTests.java,161,4,174,5,0.0,0,0,0,0.0,0.0,0,0,1,0,0,1,3,0,0,0,1,0.0,0.0,0,0,0,1,0.0,0,0,0,0,0,0,7,8,0,0,0,0,1,0,0,0,1,0,0,0,0,13,14,0,0,0,0,2,0,0,0,2,0,0,0,0,0,0,10,2,4,2,0,2,0,0,0,0,10,2,0,0,0,0,0,0,0
1369,L17938,NestedTestClassesTests$TestCaseWithDoubleNesting$NestedTestCase$DoublyNestedTestCase,org.junit.jupiter.engine.NestedTestClassesTests$TestCaseWithDoubleNesting$NestedTestCase$DoublyNestedTestCase,L17930,L103,C:\Users\domco\Desktop\DP\repos\junit5\junit-jupiter-engine\src\test\java\org\junit\jupiter\engine\NestedTestClassesTests.java,258,4,279,5,0.0,0,0,0,0.0,0.0,0,0,4,0,0,4,5,0,0,1,5,0.0,0.0,0,0,0,1,0.0,0,0,0,0,0,0,18,22,0,0,0,0,4,0,0,0,4,3,0,0,0,18,22,0,0,0,0,4,0,0,0,4,3,0,0,0,0,0,12,2,5,2,0,4,1,0,0,0,11,1,0,0,0,0,0,0,0
1370,L17958,NestedTestClassesTests$AbstractSuperClass$NestedInAbstractClass$SecondLevelInherited,org.junit.jupiter.engine.NestedTestClassesTests$AbstractSuperClass$NestedInAbstractClass$SecondLevelInherited,L17954,L103,C:\Users\domco\Desktop\DP\repos\junit5\junit-jupiter-engine\src\test\java\org\junit\jupiter\engine\NestedTestClassesTests.java,310,4,315,5,0.0,0,0,0,0.0,0.0,0,0,1,0,0,1,2,0,0,0,1,0.0,0.0,0,0,0,1,0.0,0,0,0,0,0,0,6,6,0,0,0,0,1,0,0,0,1,0,0,0,0,6,6,0,0,0,0,1,0,0,0,1,0,0,0,0,0,0,5,1,2,1,0,1,0,0,0,0,5,1,0,0,0,0,0,0,0
1371,L17897,NestedTestClassesTests$OuterClass$NestedClass$RecursiveNestedClass,org.junit.jupiter.engine.NestedTestClassesTests$OuterClass$NestedClass$RecursiveNestedClass,L17900,L103,C:\Users\domco\Desktop\DP\repos\junit5\junit-jupiter-engine\src\test\java\org\junit\jupiter\engine\NestedTestClassesTests.java,349,4,355,5,0.0,0,0,0,0.0,0.0,0,0,1,0,0,1,3,1,0,0,1,0.0,0.0,0,0,0,1,0.0,0,2,2,0,0,1,6,7,0,0,0,0,1,0,0,0,2,0,0,0,0,6,7,0,0,0,0,1,0,0,0,2,0,0,0,0,0,0,5,1,2,1,0,1,0,0,0,0,5,1,0,0,0,0,0,0,0
1372,L17905,NestedTestClassesTests$OuterClass$NestedClass$RecursiveNestedSiblingClass,org.junit.jupiter.engine.NestedTestClassesTests$OuterClass$NestedClass$RecursiveNestedSiblingClass,L17900,L103,C:\Users\domco\Desktop\DP\repos\junit5\junit-jupiter-engine\src\test\java\org\junit\jupiter\engine\NestedTestClassesTests.java,357,4,364,5,0.0,0,0,0,0.0,0.0,0,0,1,0,0,1,3,1,0,0,1,0.0,0.142857,1,0,0,1,0.142857,1,1,1,0,0,1,6,8,0,0,0,0,1,0,0,0,1,0,0,0,0,6,8,0,0,0,0,1,0,0,0,1,0,0,0,0,0,0,5,1,2,1,0,1,0,0,0,0,5,1,0,0,0,0,0,0,0
1373,L18498,TestInstanceLifecycleTests$InstanceTrackingExtension$1,org.junit.jupiter.engine.TestInstanceLifecycleTests$InstanceTrackingExtension$1,L18494,L103,C:\Users\domco\Desktop\DP\repos\junit5\junit-jupiter-engine\src\test\java\org\junit\jupiter\engine\TestInstanceLifecycleTests.java,1048,57,1049,5,0.0,0,0,0,0.0,0.0,0,0,0,0,0,0,1,0,0,0,0,0.0,0.0,0,0,0,1,0.0,0,1,1,0,0,1,2,2,0,2,0,0,0,0,0,0,2,0,0,2,0,2,2,0,2,0,0,0,0,0,0,2,0,0,2,0,0,0,3,0,0,0,0,0,0,0,0,0,3,0,0,0,0,0,0,0,0
1374,L18636,TestTemplateInvocationTests$SingleInvocationContextProviderWithDisabledInvocations$1,org.junit.jupiter.engine.TestTemplateInvocationTests$SingleInvocationContextProviderWithDisabledInvocations$1,L18632,L103,C:\Users\domco\Desktop\DP\repos\junit5\junit-jupiter-engine\src\test\java\org\junit\jupiter\engine\TestTemplateInvocationTests.java,554,57,559,5,0.0,0,0,0,0.0,0.0,0,0,0,0,0,1,3,0,0,0,1,0.0,0.0,0,0,0,2,0.0,0,1,1,0,0,1,6,6,0,2,0,1,1,0,1,0,2,1,0,2,0,6,6,0,2,0,1,1,0,1,0,2,1,0,2,0,0,0,5,0,0,0,0,0,0,0,0,0,5,0,0,0,0,0,0,0,0
1375,L18667,TestTemplateInvocationTests$StringParameterResolvingInvocationContextProvider$1,org.junit.jupiter.engine.TestTemplateInvocationTests$StringParameterResolvingInvocationContextProvider$1,L18662,L103,C:\Users\domco\Desktop\DP\repos\junit5\junit-jupiter-engine\src\test\java\org\junit\jupiter\engine\TestTemplateInvocationTests.java,638,47,662,5,0.0,0,0,0,0.0,0.0,0,0,0,0,0,2,3,0,0,1,3,0.0,0.0,0,0,0,3,0.0,0,1,1,0,0,1,11,13,0,2,0,2,2,0,2,0,2,2,0,2,0,21,25,0,2,0,2,4,0,4,0,4,4,0,4,0,0,0,15,0,0,0,0,0,1,0,0,0,14,0,0,0,0,0,0,0,0
1376,L18690,TestTemplateInvocationTests$StringParameterInjectingInvocationContextProvider$1,org.junit.jupiter.engine.TestTemplateInvocationTests$StringParameterInjectingInvocationContextProvider$1,L18685,L103,C:\Users\domco\Desktop\DP\repos\junit5\junit-jupiter-engine\src\test\java\org\junit\jupiter\engine\TestTemplateInvocationTests.java,680,47,695,5,0.0,0,0,0,0.0,0.0,0,0,0,0,0,2,3,0,0,1,3,0.0,0.0,0,0,0,3,0.0,0,1,1,0,0,1,11,16,0,2,0,2,2,0,2,0,2,2,0,2,0,11,16,0,2,0,2,2,0,2,0,2,2,0,2,0,0,0,7,0,0,0,0,0,0,0,0,0,7,0,0,0,0,0,0,0,0
1377,L18704,TestTemplateInvocationTests$InvocationContextProviderWithDynamicLifecycleCallbacks$1,org.junit.jupiter.engine.TestTemplateInvocationTests$InvocationContextProviderWithDynamicLifecycleCallbacks$1,L18699,L103,C:\Users\domco\Desktop\DP\repos\junit5\junit-jupiter-engine\src\test\java\org\junit\jupiter\engine\TestTemplateInvocationTests.java,713,47,724,5,0.0,0,0,0,0.0,0.0,0,0,0,0,0,2,3,0,0,0,2,0.0,0.0,0,0,0,3,0.0,0,1,1,0,0,1,10,12,0,2,0,2,2,0,2,0,2,2,0,2,0,10,12,0,2,0,2,2,0,2,0,2,2,0,2,0,0,0,7,0,0,0,0,0,0,0,0,0,7,0,0,0,0,0,0,0,0
1378,L11645,IsInnerClassTests$InnerClassesTestCase$InnerClass,org.junit.jupiter.engine.discovery.predicates.IsInnerClassTests$InnerClassesTestCase$InnerClass,L11648,L103,C:\Users\domco\Desktop\DP\repos\junit5\junit-jupiter-engine\src\test\java\org\junit\jupiter\engine\discovery\predicates\IsInnerClassTests.java,43,3,44,4,0.0,0,0,0,0.0,0.0,0,0,0,0,0,0,0,1,0,0,0,0.0,0.0,0,0,0,1,0.0,0,0,0,0,0,0,2,2,0,0,0,0,0,0,0,0,0,0,0,0,0,2,2,0,0,0,0,0,0,0,0,0,0,0,0,0,0,0,3,0,0,0,0,0,0,0,0,0,3,0,0,0,0,0,0,0,0
1379,L11652,IsInnerClassTests$InnerClassesTestCase$StaticNestedClass,org.junit.jupiter.engine.discovery.predicates.IsInnerClassTests$InnerClassesTestCase$StaticNestedClass,L11648,L103,C:\Users\domco\Desktop\DP\repos\junit5\junit-jupiter-engine\src\test\java\org\junit\jupiter\engine\discovery\predicates\IsInnerClassTests.java,46,3,47,4,0.0,0,0,0,0.0,0.0,0,0,0,0,0,0,0,1,0,0,0,0.0,0.0,0,0,0,1,0.0,0,0,0,0,0,0,2,2,0,0,0,0,0,0,0,0,0,0,0,0,0,2,2,0,0,0,0,0,0,0,0,0,0,0,0,0,0,0,3,0,0,0,0,0,0,0,0,0,3,0,0,0,0,0,0,0,0
1380,L11656,IsInnerClassTests$InnerClassesTestCase$PrivateInnerClass,org.junit.jupiter.engine.discovery.predicates.IsInnerClassTests$InnerClassesTestCase$PrivateInnerClass,L11648,L103,C:\Users\domco\Desktop\DP\repos\junit5\junit-jupiter-engine\src\test\java\org\junit\jupiter\engine\discovery\predicates\IsInnerClassTests.java,49,3,50,4,0.0,0,0,0,0.0,0.0,0,0,0,0,0,0,0,1,0,0,0,0.0,0.0,0,0,0,1,0.0,0,0,0,0,0,0,2,2,0,0,0,0,0,0,0,0,0,0,0,0,0,2,2,0,0,0,0,0,0,0,0,0,0,0,0,0,0,0,3,0,0,0,0,0,0,0,0,0,3,0,0,0,0,0,0,0,0
1381,L11669,IsNestedTestClassTests$NestedClassesTestCase$InnerClass,org.junit.jupiter.engine.discovery.predicates.IsNestedTestClassTests$NestedClassesTestCase$InnerClass,L11672,L103,C:\Users\domco\Desktop\DP\repos\junit5\junit-jupiter-engine\src\test\java\org\junit\jupiter\engine\discovery\predicates\IsNestedTestClassTests.java,44,3,46,4,0.0,0,0,0,0.0,0.0,0,0,0,0,0,0,1,1,0,0,0,0.0,0.0,0,0,0,1,0.0,0,0,0,0,0,0,3,3,0,0,0,0,0,0,0,0,0,0,0,0,0,3,3,0,0,0,0,0,0,0,0,0,0,0,0,0,0,0,3,0,0,0,0,0,0,0,0,0,3,0,0,0,0,0,0,0,0
1382,L11676,IsNestedTestClassTests$NestedClassesTestCase$StaticNestedClass,org.junit.jupiter.engine.discovery.predicates.IsNestedTestClassTests$NestedClassesTestCase$StaticNestedClass,L11672,L103,C:\Users\domco\Desktop\DP\repos\junit5\junit-jupiter-engine\src\test\java\org\junit\jupiter\engine\discovery\predicates\IsNestedTestClassTests.java,48,3,50,4,0.0,0,0,0,0.0,0.0,0,0,0,0,0,0,1,1,0,0,0,0.0,0.0,0,0,0,1,0.0,0,0,0,0,0,0,3,3,0,0,0,0,0,0,0,0,0,0,0,0,0,3,3,0,0,0,0,0,0,0,0,0,0,0,0,0,0,0,3,0,0,0,0,0,0,0,0,0,3,0,0,0,0,0,0,0,0
1383,L11680,IsNestedTestClassTests$NestedClassesTestCase$PrivateInnerClass,org.junit.jupiter.engine.discovery.predicates.IsNestedTestClassTests$NestedClassesTestCase$PrivateInnerClass,L11672,L103,C:\Users\domco\Desktop\DP\repos\junit5\junit-jupiter-engine\src\test\java\org\junit\jupiter\engine\discovery\predicates\IsNestedTestClassTests.java,52,3,54,4,0.0,0,0,0,0.0,0.0,0,0,0,0,0,0,1,1,0,0,0,0.0,0.0,0,0,0,1,0.0,0,0,0,0,0,0,3,3,0,0,0,0,0,0,0,0,0,0,0,0,0,3,3,0,0,0,0,0,0,0,0,0,0,0,0,0,0,0,3,0,0,0,0,0,0,0,0,0,3,0,0,0,0,0,0,0,0
1384,L11705,IsPotentialTestContainerTests$1LocalClass,org.junit.jupiter.engine.discovery.predicates.IsPotentialTestContainerTests$1LocalClass,L11704,L103,C:\Users\domco\Desktop\DP\repos\junit5\junit-jupiter-engine\src\test\java\org\junit\jupiter\engine\discovery\predicates\IsPotentialTestContainerTests.java,43,3,44,4,0.0,0,0,0,0.0,0.0,0,0,0,0,0,0,0,1,0,0,0,0.0,0.0,0,0,0,1,0.0,0,0,0,0,0,0,2,2,0,0,0,0,0,0,0,0,0,0,0,0,0,2,2,0,0,0,0,0,0,0,0,0,0,0,0,0,0,0,3,0,0,0,0,0,0,0,0,0,3,0,0,0,0,0,0,0,0
1385,L11712,IsPotentialTestContainerTests$1,org.junit.jupiter.engine.discovery.predicates.IsPotentialTestContainerTests$1,L11709,L103,C:\Users\domco\Desktop\DP\repos\junit5\junit-jupiter-engine\src\test\java\org\junit\jupiter\engine\discovery\predicates\IsPotentialTestContainerTests.java,52,32,57,4,0.0,0,0,0,0.0,0.0,0,0,1,0,0,1,0,0,0,0,1,0.0,0.0,0,0,0,2,0.0,0,0,0,0,0,0,6,6,0,0,0,0,1,0,1,0,1,1,0,1,0,6,6,0,0,0,0,1,0,1,0,1,1,0,1,0,0,0,5,0,0,0,0,0,0,0,0,0,5,0,0,0,0,0,0,0,0
1386,L11775,IsTestClassWithTestsTests$PrivateClassWithNestedTestClass$InnerClass,org.junit.jupiter.engine.discovery.predicates.IsTestClassWithTestsTests$PrivateClassWithNestedTestClass$InnerClass,L11756,L103,C:\Users\domco\Desktop\DP\repos\junit5\junit-jupiter-engine\src\test\java\org\junit\jupiter\engine\discovery\predicates\IsTestClassWithTestsTests.java,116,3,127,4,0.0,0,0,0,0.0,0.0,0,0,2,0,0,2,2,0,0,0,2,0.0,0.0,0,0,0,1,0.0,0,0,0,0,0,0,9,12,0,0,0,0,2,0,0,0,2,0,0,0,0,9,12,0,0,0,0,2,0,0,0,2,0,0,0,0,0,0,8,2,4,2,0,2,1,0,0,0,7,2,0,0,0,0,0,0,0
1387,L13789,TempDirectory$CloseablePath$1,org.junit.jupiter.engine.extension.TempDirectory$CloseablePath$1,L13766,L103,C:\Users\domco\Desktop\DP\repos\junit5\junit-jupiter-engine\src\main\java\org\junit\jupiter\engine\extension\TempDirectory.java,192,58,237,5,0.0,0,0,0,0.0,0.0,0,0,1,1,1,10,1,0,0,1,6,0.0,0.0243902,1,0,0,3,0.0243902,1,0,0,0,0,0,40,46,0,0,0,0,5,0,2,0,5,15,0,2,0,40,46,0,0,0,0,5,0,2,0,5,15,0,2,0,0,1,13,1,0,0,0,0,0,0,0,1,13,0,1,0,0,0,0,0,1.0
1388,L16347,TempDirectoryTests$TempDirUsageInsideNestedClassesTestCase$NestedTestClass$EvenDeeperNestedTestClass,org.junit.jupiter.engine.extension.TempDirectoryTests$TempDirUsageInsideNestedClassesTestCase$NestedTestClass$EvenDeeperNestedTestClass,L16344,L103,C:\Users\domco\Desktop\DP\repos\junit5\junit-jupiter-engine\src\test\java\org\junit\jupiter\engine\extension\TempDirectoryTests.java,804,4,812,5,0.0,0,0,0,0.0,0.0,0,0,1,0,0,1,4,0,0,2,3,0.0,0.0,0,0,0,1,0.0,0,0,0,0,0,0,8,9,0,0,0,0,1,0,0,0,1,2,0,0,0,8,9,0,0,0,0,1,0,0,0,1,2,0,0,0,0,0,5,0,4,3,0,1,0,0,0,0,5,0,0,0,0,0,0,0,0
1389,L16555,TestInstanceFactoryTests$OuterTestCase$InnerTestCase$InnerInnerTestCase,org.junit.jupiter.engine.extension.TestInstanceFactoryTests$OuterTestCase$InnerTestCase$InnerInnerTestCase,L16552,L103,C:\Users\domco\Desktop\DP\repos\junit5\junit-jupiter-engine\src\test\java\org\junit\jupiter\engine\extension\TestInstanceFactoryTests.java,474,4,481,5,0.0,0,0,0,0.0,0.0,0,0,1,0,0,1,3,0,0,0,1,0.0,0.0,0,0,0,1,0.0,0,0,0,0,0,0,7,8,0,0,0,0,1,0,0,0,1,1,0,0,0,7,8,0,0,0,0,1,0,0,0,1,1,0,0,0,0,0,5,1,1,1,0,1,0,0,0,0,5,0,0,0,0,0,0,0,0
1390,L17574,DefaultExecutionModeTests$OuterTestCase$LevelOne$LevelTwo$LevelThree,org.junit.jupiter.engine.DefaultExecutionModeTests$OuterTestCase$LevelOne$LevelTwo$LevelThree,L17572,L103,C:\Users\domco\Desktop\DP\repos\junit5\junit-jupiter-engine\src\test\java\org\junit\jupiter\engine\DefaultExecutionModeTests.java,164,5,169,6,0.0,0,0,0,0.0,0.0,0,0,1,0,0,1,2,0,0,0,1,0.0,0.0,0,0,0,1,0.0,0,0,0,0,0,0,6,6,0,0,0,0,1,0,0,0,1,0,0,0,0,6,6,0,0,0,0,1,0,0,0,1,0,0,0,0,0,0,5,1,2,1,0,1,0,0,0,0,5,1,0,0,0,0,0,0,0
1391,L18673,TestTemplateInvocationTests$StringParameterResolvingInvocationContextProvider$1$1,org.junit.jupiter.engine.TestTemplateInvocationTests$StringParameterResolvingInvocationContextProvider$1$1,L18670,L103,C:\Users\domco\Desktop\DP\repos\junit5\junit-jupiter-engine\src\test\java\org\junit\jupiter\engine\TestTemplateInvocationTests.java,647,51,660,7,0.0,0,0,0,0.0,0.0,0,0,2,0,0,2,4,0,0,0,2,0.0,0.0,0,0,0,3,0.0,0,2,2,0,0,1,12,14,0,0,0,0,2,0,2,0,2,2,0,2,0,12,14,0,0,0,0,2,0,2,0,2,2,0,2,0,0,0,8,0,0,0,0,0,1,0,0,0,7,0,0,0,0,0,0,0,0
1392,L19081,AbstractTestRuleAdapterTests$1,org.junit.jupiter.migrationsupport.rules.AbstractTestRuleAdapterTests$1,L19078,L103,C:\Users\domco\Desktop\DP\repos\junit5\junit-jupiter-migrationsupport\src\test\java\org\junit\jupiter\migrationsupport\rules\AbstractTestRuleAdapterTests.java,48,73,54,4,0.0,0,0,0,0.0,0.0,0,0,1,0,0,1,1,0,0,1,2,0.0,0.0,0,0,0,2,0.0,0,2,2,0,0,1,7,7,1,0,0,0,1,0,1,0,6,1,0,4,0,7,7,1,0,0,0,1,0,1,0,6,1,0,4,0,0,0,5,0,0,0,0,0,0,0,0,0,5,0,0,0,0,0,0,0,0
1393,L19105,EnableRuleMigrationSupportWithBothRuleTypesTests$2,org.junit.jupiter.migrationsupport.rules.EnableRuleMigrationSupportWithBothRuleTypesTests$2,L19104,L103,C:\Users\domco\Desktop\DP\repos\junit5\junit-jupiter-migrationsupport\src\test\java\org\junit\jupiter\migrationsupport\rules\EnableRuleMigrationSupportWithBothRuleTypesTests.java,50,33,69,4,0.0,0,0,0,0.0,0.0,0,0,1,0,0,2,2,0,0,2,4,0.0,0.0,0,0,0,1,0.0,0,0,0,0,0,0,17,20,1,0,1,0,2,0,0,0,2,5,0,0,0,17,20,1,0,1,0,2,0,0,0,2,5,0,0,0,0,1,7,0,2,2,0,0,0,0,0,0,7,0,1,0,0,0,0,0,0
1394,L19155,ExternalResourceSupportForDifferentDeclaredReturnTypesRulesTests$1,org.junit.jupiter.migrationsupport.rules.ExternalResourceSupportForDifferentDeclaredReturnTypesRulesTests$1,L19154,L103,C:\Users\domco\Desktop\DP\repos\junit5\junit-jupiter-migrationsupport\src\test\java\org\junit\jupiter\migrationsupport\rules\ExternalResourceSupportForDifferentDeclaredReturnTypesRulesTests.java,39,33,49,4,1.0,1,1,1,1.0,1.0,11,10,2,0,0,2,1,0,0,0,2,0.0,0.0,0,0,0,1,0.0,0,0,0,0,0,0,10,11,0,0,0,0,2,0,0,0,2,2,0,0,0,10,11,0,0,0,0,2,0,0,0,2,2,0,0,0,0,0,23,0,0,0,15,0,1,0,0,0,7,0,0,0,0,0,0,0,0
1395,L19218,ExternalResourceSupportForMultipleMethodRulesTests$1,org.junit.jupiter.migrationsupport.rules.ExternalResourceSupportForMultipleMethodRulesTests$1,L19217,L103,C:\Users\domco\Desktop\DP\repos\junit5\junit-jupiter-migrationsupport\src\test\java\org\junit\jupiter\migrationsupport\rules\ExternalResourceSupportForMultipleMethodRulesTests.java,33,33,43,4,1.0,1,1,1,1.0,1.0,11,10,2,0,0,2,1,0,0,0,2,0.0,0.0,0,0,0,1,0.0,0,0,0,0,0,0,10,11,0,0,0,0,2,0,0,0,2,2,0,0,0,10,11,0,0,0,0,2,0,0,0,2,2,0,0,0,0,0,23,0,0,0,15,0,1,0,0,0,7,0,0,0,0,0,0,0,0
1396,L19224,ExternalResourceSupportForMultipleMethodRulesTests$2,org.junit.jupiter.migrationsupport.rules.ExternalResourceSupportForMultipleMethodRulesTests$2,L19223,L103,C:\Users\domco\Desktop\DP\repos\junit5\junit-jupiter-migrationsupport\src\test\java\org\junit\jupiter\migrationsupport\rules\ExternalResourceSupportForMultipleMethodRulesTests.java,48,33,58,4,1.0,1,1,1,1.0,1.0,11,10,2,0,0,2,1,0,0,0,2,0.0,0.0,0,0,0,1,0.0,0,0,0,0,0,0,10,11,0,0,0,0,2,0,0,0,2,2,0,0,0,10,11,0,0,0,0,2,0,0,0,2,2,0,0,0,0,0,23,0,0,0,15,0,1,0,0,0,7,0,0,0,0,0,0,0,0
1397,L19278,LauncherBasedEnableRuleMigrationSupportTests$EnableRuleMigrationSupportWithBothRuleTypesTestCase$1,org.junit.jupiter.migrationsupport.rules.LauncherBasedEnableRuleMigrationSupportTests$EnableRuleMigrationSupportWithBothRuleTypesTestCase$1,L19260,L103,C:\Users\domco\Desktop\DP\repos\junit5\junit-jupiter-migrationsupport\src\test\java\org\junit\jupiter\migrationsupport\rules\LauncherBasedEnableRuleMigrationSupportTests.java,64,46,70,4,0.0,0,0,0,0.0,0.0,0,0,1,0,0,1,1,0,0,0,1,0.0,0.0,0,0,0,1,0.0,0,0,0,0,0,0,6,7,0,0,0,0,1,0,0,0,1,1,0,0,0,6,7,0,0,0,0,1,0,0,0,1,1,0,0,0,0,0,5,0,0,0,0,0,0,0,0,0,5,0,0,0,0,0,0,0,0
1398,L19281,LauncherBasedEnableRuleMigrationSupportTests$EnableRuleMigrationSupportWithBothRuleTypesTestCase$2,org.junit.jupiter.migrationsupport.rules.LauncherBasedEnableRuleMigrationSupportTests$EnableRuleMigrationSupportWithBothRuleTypesTestCase$2,L19260,L103,C:\Users\domco\Desktop\DP\repos\junit5\junit-jupiter-migrationsupport\src\test\java\org\junit\jupiter\migrationsupport\rules\LauncherBasedEnableRuleMigrationSupportTests.java,72,63,82,4,0.0,0,0,0,0.0,0.0,0,0,2,0,0,2,1,0,0,0,2,0.0,0.0,0,0,0,1,0.0,0,0,0,0,0,0,10,11,0,0,0,0,2,0,0,0,2,2,0,0,0,10,11,0,0,0,0,2,0,0,0,2,2,0,0,0,0,0,8,0,0,0,0,0,1,0,0,0,7,0,0,0,0,0,0,0,0
1399,L21109,CsvFileArgumentsProviderTests$1,org.junit.jupiter.params.provider.CsvFileArgumentsProviderTests$1,L21103,L103,C:\Users\domco\Desktop\DP\repos\junit5\junit-jupiter-params\src\test\java\org\junit\jupiter\params\provider\CsvFileArgumentsProviderTests.java,100,72,106,4,0.0,0,0,0,0.0,0.0,0,0,1,0,0,1,0,0,0,0,1,0.0,0.0,0,0,0,2,0.0,0,0,0,0,0,0,6,7,0,0,0,0,1,0,1,0,1,1,0,1,0,6,7,0,0,0,0,1,0,1,0,1,1,0,1,0,0,0,5,0,0,0,0,0,0,0,0,0,5,0,0,0,0,0,0,0,0
1400,L21419,MethodArgumentsProviderTests$ExternalFactoryMethods$Nested,org.junit.jupiter.params.provider.MethodArgumentsProviderTests$ExternalFactoryMethods$Nested,L21295,L103,C:\Users\domco\Desktop\DP\repos\junit5\junit-jupiter-params\src\test\java\org\junit\jupiter\params\provider\MethodArgumentsProviderTests.java,533,3,538,4,0.0,0,0,0,0.0,0.0,0,0,1,0,0,1,0,0,0,0,1,0.0,0.0,0,0,0,1,0.0,0,0,0,0,0,0,5,6,0,0,0,0,1,0,0,0,1,1,0,0,0,5,6,0,0,0,0,1,0,0,0,1,1,0,0,0,0,0,5,0,1,0,0,1,0,0,0,0,5,0,0,0,0,0,0,0,0
1401,L22398,ModuleUtils$ModuleReferenceScanner,org.junit.platform.commons.util.ModuleUtils$ModuleReferenceScanner,L22318,L103,C:\Users\domco\Desktop\DP\repos\junit5\junit-platform-commons\src\main\java9\org\junit\platform\commons\util\ModuleUtils.java,161,2,216,3,0.0,0,0,0,0.0,0.0,0,0,3,2,2,6,2,1,1,1,5,1.0,0.314815,17,14,1,0,0.314815,17,0,0,0,0,0,37,56,2,0,2,0,4,0,0,0,4,12,0,0,0,37,56,2,0,2,0,4,0,0,0,4,12,0,0,0,0,1,5,0,2,2,0,1,1,0,0,0,4,0,0,0,0,0,0,0,0
1402,L23053,PackageUtils$JavaNameUtils,org.junit.platform.commons.util.PackageUtils$JavaNameUtils,L23008,L103,C:\Users\domco\Desktop\DP\repos\junit5\junit-platform-commons\src\main\java\org\junit\platform\commons\util\PackageUtils.java,150,2,186,3,0.0,0,0,0,0.0,0.0,0,0,1,2,2,9,0,1,2,0,3,1.0,0.289474,11,11,1,0,0.289474,11,0,0,0,0,0,27,37,1,0,1,0,3,0,0,0,3,13,0,0,0,27,37,1,0,1,0,3,0,0,0,3,13,0,0,0,0,0,4,0,1,0,0,1,0,0,0,0,4,0,0,0,0,0,0,0,0
1403,L24025,AnnotationUtilsTests$AnnotationWithDefaultValueClass,org.junit.platform.commons.util.AnnotationUtilsTests$AnnotationWithDefaultValueClass,L23761,L103,C:\Users\domco\Desktop\DP\repos\junit5\platform-tests\src\test\java\org\junit\platform\commons\util\AnnotationUtilsTests.java,659,2,661,3,0.0,0,0,0,0.0,0.0,0,0,0,0,0,0,1,0,0,0,0,0.0,0.0,0,0,0,1,0.0,0,0,0,0,0,0,3,3,0,0,0,0,0,0,0,0,0,0,0,0,0,3,3,0,0,0,0,0,0,0,0,0,0,0,0,0,0,0,3,0,0,0,0,0,0,0,0,0,3,0,0,0,0,0,0,0,0
1404,L23772,AnnotationUtilsTests$Annotation1Class,org.junit.platform.commons.util.AnnotationUtilsTests$Annotation1Class,L23761,L103,C:\Users\domco\Desktop\DP\repos\junit5\platform-tests\src\test\java\org\junit\platform\commons\util\AnnotationUtilsTests.java,663,2,665,3,0.0,0,0,0,0.0,0.0,0,0,0,0,0,0,1,1,0,0,0,0.0,0.0,0,0,0,1,0.0,0,0,0,0,0,0,3,3,0,0,0,0,0,0,0,0,0,0,0,0,0,3,3,0,0,0,0,0,0,0,0,0,0,0,0,0,0,0,3,0,0,0,0,0,0,0,0,0,3,0,0,0,0,0,0,0,0
1405,L23810,AnnotationUtilsTests$Annotation2Class,org.junit.platform.commons.util.AnnotationUtilsTests$Annotation2Class,L23761,L103,C:\Users\domco\Desktop\DP\repos\junit5\platform-tests\src\test\java\org\junit\platform\commons\util\AnnotationUtilsTests.java,667,2,673,3,0.0,0,0,0,0.0,0.0,0,0,1,0,0,1,2,1,0,0,1,0.0,0.0,0,0,0,1,0.0,0,0,0,0,0,0,6,7,0,0,0,0,1,0,0,0,1,0,0,0,0,6,7,0,0,0,0,1,0,0,0,1,0,0,0,0,0,0,5,0,2,0,0,1,0,0,0,0,5,1,0,0,0,0,0,0,0
1406,L24032,AnnotationUtilsTests$InheritedAnnotationClass,org.junit.platform.commons.util.AnnotationUtilsTests$InheritedAnnotationClass,L23761,L103,C:\Users\domco\Desktop\DP\repos\junit5\platform-tests\src\test\java\org\junit\platform\commons\util\AnnotationUtilsTests.java,675,2,677,3,0.0,0,0,0,0.0,0.0,0,0,0,0,0,0,1,1,0,0,0,0.0,0.0,0,0,0,1,0.0,0,0,0,1,1,0,3,3,0,0,0,0,0,0,0,0,0,0,0,0,0,3,3,0,0,0,0,0,0,0,0,0,0,0,0,0,0,0,3,0,0,0,0,0,0,0,0,0,3,0,0,0,0,0,0,0,0
1407,L23779,AnnotationUtilsTests$SubInheritedAnnotationClass,org.junit.platform.commons.util.AnnotationUtilsTests$SubInheritedAnnotationClass,L23761,L103,C:\Users\domco\Desktop\DP\repos\junit5\platform-tests\src\test\java\org\junit\platform\commons\util\AnnotationUtilsTests.java,679,2,680,3,0.0,0,0,0,0.0,0.0,0,0,0,0,0,0,1,1,0,0,0,0.0,0.0,0,0,0,1,0.0,0,1,1,0,0,1,2,2,0,0,0,0,0,0,0,0,0,0,0,0,0,2,2,0,0,0,0,0,0,0,0,0,0,0,0,0,0,0,3,0,0,0,0,0,0,0,0,0,3,0,0,0,0,0,0,0,0
1408,L23793,AnnotationUtilsTests$ComposedAnnotationClass,org.junit.platform.commons.util.AnnotationUtilsTests$ComposedAnnotationClass,L23761,L103,C:\Users\domco\Desktop\DP\repos\junit5\platform-tests\src\test\java\org\junit\platform\commons\util\AnnotationUtilsTests.java,682,2,688,3,0.0,0,0,0,0.0,0.0,0,0,1,0,0,1,1,1,0,0,1,0.0,0.0,0,0,0,1,0.0,0,0,0,0,0,0,6,7,0,0,0,0,1,0,0,0,1,0,0,0,0,6,7,0,0,0,0,1,0,0,0,1,0,0,0,0,0,0,5,0,2,0,0,1,0,0,0,0,5,1,0,0,0,0,0,0,0
1409,L24042,AnnotationUtilsTests$InheritedComposedAnnotationClass,org.junit.platform.commons.util.AnnotationUtilsTests$InheritedComposedAnnotationClass,L23761,L103,C:\Users\domco\Desktop\DP\repos\junit5\platform-tests\src\test\java\org\junit\platform\commons\util\AnnotationUtilsTests.java,690,2,696,3,0.0,0,0,0,0.0,0.0,0,0,1,0,0,1,1,1,0,0,1,0.0,0.0,0,0,0,1,0.0,0,0,0,1,1,0,6,7,0,0,0,0,1,0,0,0,1,0,0,0,0,6,7,0,0,0,0,1,0,0,0,1,0,0,0,0,0,0,5,0,2,0,0,1,0,0,0,0,5,1,0,0,0,0,0,0,0
1410,L23798,AnnotationUtilsTests$SubInheritedComposedAnnotationClass,org.junit.platform.commons.util.AnnotationUtilsTests$SubInheritedComposedAnnotationClass,L23761,L103,C:\Users\domco\Desktop\DP\repos\junit5\platform-tests\src\test\java\org\junit\platform\commons\util\AnnotationUtilsTests.java,698,2,699,3,0.0,0,0,0,0.0,0.0,0,0,0,0,0,0,1,1,0,0,0,0.0,0.0,0,0,0,1,0.0,0,1,1,0,0,1,2,2,0,0,0,0,0,0,0,0,1,0,0,0,0,2,2,0,0,0,0,0,0,0,0,1,0,0,0,0,0,0,3,0,0,0,0,0,0,0,0,0,3,0,0,0,0,0,0,0,0
1411,L24051,AnnotationUtilsTests$NonInheritedCompositionOfInheritedAnnotationClass,org.junit.platform.commons.util.AnnotationUtilsTests$NonInheritedCompositionOfInheritedAnnotationClass,L23761,L103,C:\Users\domco\Desktop\DP\repos\junit5\platform-tests\src\test\java\org\junit\platform\commons\util\AnnotationUtilsTests.java,701,2,703,3,0.0,0,0,0,0.0,0.0,0,0,0,0,0,0,1,1,0,0,0,0.0,0.0,0,0,0,1,0.0,0,0,0,1,1,0,3,3,0,0,0,0,0,0,0,0,0,0,0,0,0,3,3,0,0,0,0,0,0,0,0,0,0,0,0,0,0,0,3,0,0,0,0,0,0,0,0,0,3,0,0,0,0,0,0,0,0
1412,L23788,AnnotationUtilsTests$SubNonInheritedCompositionOfInheritedAnnotationClass,org.junit.platform.commons.util.AnnotationUtilsTests$SubNonInheritedCompositionOfInheritedAnnotationClass,L23761,L103,C:\Users\domco\Desktop\DP\repos\junit5\platform-tests\src\test\java\org\junit\platform\commons\util\AnnotationUtilsTests.java,705,2,707,3,0.0,0,0,0,0.0,0.0,0,0,0,0,0,0,1,1,0,0,0,0.0,0.0,0,0,0,1,0.0,0,1,1,0,0,1,3,3,0,0,0,0,0,0,0,0,0,0,0,0,0,3,3,0,0,0,0,0,0,0,0,0,0,0,0,0,0,0,3,0,0,0,0,0,0,0,0,0,3,0,0,0,0,0,0,0,0
1413,L23802,AnnotationUtilsTests$TestingTraitClass,org.junit.platform.commons.util.AnnotationUtilsTests$TestingTraitClass,L23761,L103,C:\Users\domco\Desktop\DP\repos\junit5\platform-tests\src\test\java\org\junit\platform\commons\util\AnnotationUtilsTests.java,713,2,714,3,0.0,0,0,0,0.0,0.0,0,0,0,0,0,0,1,1,0,0,0,0.0,0.0,0,0,0,1,0.0,0,1,1,0,0,1,2,2,0,0,0,0,0,0,0,0,0,0,0,0,0,2,2,0,0,0,0,0,0,0,0,0,0,0,0,0,0,0,3,0,0,0,0,0,0,0,0,0,3,0,0,0,0,0,0,0,0
1414,L23806,AnnotationUtilsTests$ComposedTestingTraitClass,org.junit.platform.commons.util.AnnotationUtilsTests$ComposedTestingTraitClass,L23761,L103,C:\Users\domco\Desktop\DP\repos\junit5\platform-tests\src\test\java\org\junit\platform\commons\util\AnnotationUtilsTests.java,720,2,721,3,0.0,0,0,0,0.0,0.0,0,0,0,0,0,0,1,1,0,0,0,0.0,0.0,0,0,0,1,0.0,0,1,1,0,0,1,2,2,0,0,0,0,0,0,0,0,0,0,0,0,0,2,2,0,0,0,0,0,0,0,0,0,0,0,0,0,0,0,3,0,0,0,0,0,0,0,0,0,3,0,0,0,0,0,0,0,0
1415,L23832,AnnotationUtilsTests$SingleTaggedClass,org.junit.platform.commons.util.AnnotationUtilsTests$SingleTaggedClass,L23761,L103,C:\Users\domco\Desktop\DP\repos\junit5\platform-tests\src\test\java\org\junit\platform\commons\util\AnnotationUtilsTests.java,723,2,725,3,0.0,0,0,0,0.0,0.0,0,0,0,0,0,0,1,1,0,0,0,0.0,0.0,0,0,0,1,0.0,0,0,0,0,0,0,3,3,0,0,0,0,0,0,0,0,0,0,0,0,0,3,3,0,0,0,0,0,0,0,0,0,0,0,0,0,0,0,3,0,0,0,0,0,0,0,0,0,3,0,0,0,0,0,0,0,0
1416,L23836,AnnotationUtilsTests$SingleComposedTaggedClass,org.junit.platform.commons.util.AnnotationUtilsTests$SingleComposedTaggedClass,L23761,L103,C:\Users\domco\Desktop\DP\repos\junit5\platform-tests\src\test\java\org\junit\platform\commons\util\AnnotationUtilsTests.java,727,2,729,3,0.0,0,0,0,0.0,0.0,0,0,0,0,0,0,1,1,0,0,0,0.0,0.0,0,0,0,1,0.0,0,0,0,0,0,0,3,3,0,0,0,0,0,0,0,0,0,0,0,0,0,3,3,0,0,0,0,0,0,0,0,0,0,0,0,0,0,0,3,0,0,0,0,0,0,0,0,0,3,0,0,0,0,0,0,0,0
1417,L23848,AnnotationUtilsTests$MultiTaggedClass,org.junit.platform.commons.util.AnnotationUtilsTests$MultiTaggedClass,L23761,L103,C:\Users\domco\Desktop\DP\repos\junit5\platform-tests\src\test\java\org\junit\platform\commons\util\AnnotationUtilsTests.java,731,2,735,3,0.0,0,0,0,0.0,0.0,0,0,0,0,0,0,1,1,0,0,0,0.0,0.0,0,0,0,1,0.0,0,0,0,0,0,0,5,5,0,0,0,0,0,0,0,0,0,0,0,0,0,5,5,0,0,0,0,0,0,0,0,0,0,0,0,0,0,0,3,0,0,0,0,0,0,0,0,0,3,0,0,0,0,0,0,0,0
1418,L23852,AnnotationUtilsTests$MultiComposedTaggedClass,org.junit.platform.commons.util.AnnotationUtilsTests$MultiComposedTaggedClass,L23761,L103,C:\Users\domco\Desktop\DP\repos\junit5\platform-tests\src\test\java\org\junit\platform\commons\util\AnnotationUtilsTests.java,737,2,740,3,0.0,0,0,0,0.0,0.0,0,0,0,0,0,0,2,1,0,0,0,0.0,0.0,0,0,0,1,0.0,0,0,0,0,0,0,4,4,0,0,0,0,0,0,0,0,0,0,0,0,0,4,4,0,0,0,0,0,0,0,0,0,0,0,0,0,0,0,3,0,0,0,0,0,0,0,0,0,3,0,0,0,0,0,0,0,0
1419,L23855,AnnotationUtilsTests$FastAndSmokyTaggedClass,org.junit.platform.commons.util.AnnotationUtilsTests$FastAndSmokyTaggedClass,L23761,L103,C:\Users\domco\Desktop\DP\repos\junit5\platform-tests\src\test\java\org\junit\platform\commons\util\AnnotationUtilsTests.java,742,2,744,3,0.0,0,0,0,0.0,0.0,0,0,0,0,0,0,1,1,0,0,0,0.0,0.0,0,0,0,1,0.0,0,0,0,0,0,0,3,3,0,0,0,0,0,0,0,0,0,0,0,0,0,3,3,0,0,0,0,0,0,0,0,0,0,0,0,0,0,0,3,0,0,0,0,0,0,0,0,0,3,0,0,0,0,0,0,0,0
1420,L23840,AnnotationUtilsTests$TaggedInterfaceClass,org.junit.platform.commons.util.AnnotationUtilsTests$TaggedInterfaceClass,L23761,L103,C:\Users\domco\Desktop\DP\repos\junit5\platform-tests\src\test\java\org\junit\platform\commons\util\AnnotationUtilsTests.java,750,2,751,3,0.0,0,0,0,0.0,0.0,0,0,0,0,0,0,1,1,0,0,0,0.0,0.0,0,0,0,1,0.0,0,1,1,0,0,1,2,2,0,0,0,0,0,0,0,0,0,0,0,0,0,2,2,0,0,0,0,0,0,0,0,0,0,0,0,0,0,0,3,0,0,0,0,0,0,0,0,0,3,0,0,0,0,0,0,0,0
1421,L23844,AnnotationUtilsTests$LocalTagOnTaggedInterfaceClass,org.junit.platform.commons.util.AnnotationUtilsTests$LocalTagOnTaggedInterfaceClass,L23761,L103,C:\Users\domco\Desktop\DP\repos\junit5\platform-tests\src\test\java\org\junit\platform\commons\util\AnnotationUtilsTests.java,753,2,755,3,0.0,0,0,0,0.0,0.0,0,0,0,0,0,0,2,1,0,0,0,0.0,0.0,0,0,0,1,0.0,0,1,1,0,0,1,3,3,0,0,0,0,0,0,0,0,0,0,0,0,0,3,3,0,0,0,0,0,0,0,0,0,0,0,0,0,0,0,3,0,0,0,0,0,0,0,0,0,3,0,0,0,0,0,0,0,0
1422,L23859,AnnotationUtilsTests$ContainerTaggedClass,org.junit.platform.commons.util.AnnotationUtilsTests$ContainerTaggedClass,L23761,L103,C:\Users\domco\Desktop\DP\repos\junit5\platform-tests\src\test\java\org\junit\platform\commons\util\AnnotationUtilsTests.java,757,2,760,3,0.0,0,0,0,0.0,0.0,0,0,0,0,0,0,2,1,0,0,0,0.0,0.0,0,0,0,1,0.0,0,0,0,0,0,0,4,4,0,0,0,0,0,0,0,0,0,0,0,0,0,4,4,0,0,0,0,0,0,0,0,0,0,0,0,0,0,0,3,0,0,0,0,0,0,0,0,0,3,0,0,0,0,0,0,0,0
1423,L23863,AnnotationUtilsTests$ContainerAfterComposedTaggedClass,org.junit.platform.commons.util.AnnotationUtilsTests$ContainerAfterComposedTaggedClass,L23761,L103,C:\Users\domco\Desktop\DP\repos\junit5\platform-tests\src\test\java\org\junit\platform\commons\util\AnnotationUtilsTests.java,762,2,765,3,0.0,0,0,0,0.0,0.0,0,0,0,0,0,0,3,1,0,0,0,0.0,0.0,0,0,0,1,0.0,0,0,0,0,0,0,4,4,0,0,0,0,0,0,0,0,0,0,0,0,0,4,4,0,0,0,0,0,0,0,0,0,0,0,0,0,0,0,3,0,0,0,0,0,0,0,0,0,3,0,0,0,0,0,0,0,0
1424,L23871,AnnotationUtilsTests$SingleExtensionClass,org.junit.platform.commons.util.AnnotationUtilsTests$SingleExtensionClass,L23761,L103,C:\Users\domco\Desktop\DP\repos\junit5\platform-tests\src\test\java\org\junit\platform\commons\util\AnnotationUtilsTests.java,767,2,769,3,0.0,0,0,0,0.0,0.0,0,0,0,0,0,0,1,2,0,0,0,0.0,0.0,0,0,0,1,0.0,0,0,0,1,1,0,3,3,0,0,0,0,0,0,0,0,0,0,0,0,0,3,3,0,0,0,0,0,0,0,0,0,0,0,0,0,0,0,3,0,0,0,0,0,0,0,0,0,3,0,0,0,0,0,0,0,0
1425,L23874,AnnotationUtilsTests$SubSingleExtensionClass,org.junit.platform.commons.util.AnnotationUtilsTests$SubSingleExtensionClass,L23761,L103,C:\Users\domco\Desktop\DP\repos\junit5\platform-tests\src\test\java\org\junit\platform\commons\util\AnnotationUtilsTests.java,771,2,772,3,0.0,0,0,0,0.0,0.0,0,0,0,0,0,0,1,1,0,0,0,0.0,0.0,0,0,0,1,0.0,0,1,1,0,0,1,2,2,0,0,0,0,0,0,0,0,0,0,0,0,0,2,2,0,0,0,0,0,0,0,0,0,0,0,0,0,0,0,3,0,0,0,0,0,0,0,0,0,3,0,0,0,0,0,0,0,0
1426,L23878,AnnotationUtilsTests$MultiExtensionClass,org.junit.platform.commons.util.AnnotationUtilsTests$MultiExtensionClass,L23761,L103,C:\Users\domco\Desktop\DP\repos\junit5\platform-tests\src\test\java\org\junit\platform\commons\util\AnnotationUtilsTests.java,774,2,778,3,0.0,0,0,0,0.0,0.0,0,0,0,0,0,0,1,2,0,0,0,0.0,0.0,0,0,0,1,0.0,0,0,0,1,1,0,5,5,0,0,0,0,0,0,0,0,0,0,0,0,0,5,5,0,0,0,0,0,0,0,0,0,0,0,0,0,0,0,3,0,0,0,0,0,0,0,0,0,3,0,0,0,0,0,0,0,0
1427,L23881,AnnotationUtilsTests$SubMultiExtensionClass,org.junit.platform.commons.util.AnnotationUtilsTests$SubMultiExtensionClass,L23761,L103,C:\Users\domco\Desktop\DP\repos\junit5\platform-tests\src\test\java\org\junit\platform\commons\util\AnnotationUtilsTests.java,780,2,786,3,0.0,0,0,0,0.0,0.0,0,0,0,0,0,0,2,1,0,0,0,0.0,0.222222,2,0,0,1,0.222222,2,1,1,0,0,1,7,7,0,0,0,0,0,0,0,0,0,0,0,0,0,7,7,0,0,0,0,0,0,0,0,0,0,0,0,0,0,0,3,0,0,0,0,0,0,0,0,0,3,0,0,0,0,0,0,0,0
1428,L23885,AnnotationUtilsTests$ContainerExtensionClass,org.junit.platform.commons.util.AnnotationUtilsTests$ContainerExtensionClass,L23761,L103,C:\Users\domco\Desktop\DP\repos\junit5\platform-tests\src\test\java\org\junit\platform\commons\util\AnnotationUtilsTests.java,788,2,790,3,0.0,0,0,0,0.0,0.0,0,0,0,0,0,0,2,2,0,0,0,0.0,0.0,0,0,0,1,0.0,0,0,0,1,1,0,3,3,0,0,0,0,0,0,0,0,0,0,0,0,0,3,3,0,0,0,0,0,0,0,0,0,0,0,0,0,0,0,3,0,0,0,0,0,0,0,0,0,3,0,0,0,0,0,0,0,0
1429,L23888,AnnotationUtilsTests$SubContainerExtensionClass,org.junit.platform.commons.util.AnnotationUtilsTests$SubContainerExtensionClass,L23761,L103,C:\Users\domco\Desktop\DP\repos\junit5\platform-tests\src\test\java\org\junit\platform\commons\util\AnnotationUtilsTests.java,792,2,794,3,0.0,0,0,0,0.0,0.0,0,0,0,0,0,0,2,1,0,0,0,0.0,0.0,0,0,0,1,0.0,0,1,1,0,0,1,3,3,0,0,0,0,0,0,0,0,0,0,0,0,0,3,3,0,0,0,0,0,0,0,0,0,0,0,0,0,0,0,3,0,0,0,0,0,0,0,0,0,3,0,0,0,0,0,0,0,0
1430,L23892,AnnotationUtilsTests$SingleComposedExtensionClass,org.junit.platform.commons.util.AnnotationUtilsTests$SingleComposedExtensionClass,L23761,L103,C:\Users\domco\Desktop\DP\repos\junit5\platform-tests\src\test\java\org\junit\platform\commons\util\AnnotationUtilsTests.java,796,2,798,3,0.0,0,0,0,0.0,0.0,0,0,0,0,0,0,1,2,0,0,0,0.0,0.0,0,0,0,1,0.0,0,0,0,1,1,0,3,3,0,0,0,0,0,0,0,0,0,0,0,0,0,3,3,0,0,0,0,0,0,0,0,0,0,0,0,0,0,0,3,0,0,0,0,0,0,0,0,0,3,0,0,0,0,0,0,0,0
1431,L23897,AnnotationUtilsTests$MultipleFoos1,org.junit.platform.commons.util.AnnotationUtilsTests$MultipleFoos1,L23761,L103,C:\Users\domco\Desktop\DP\repos\junit5\platform-tests\src\test\java\org\junit\platform\commons\util\AnnotationUtilsTests.java,800,2,803,3,0.0,0,0,0,0.0,0.0,0,0,0,0,0,0,1,1,0,0,0,0.0,0.0,0,0,0,1,0.0,0,0,0,0,0,0,4,4,0,0,0,0,0,0,0,0,0,0,0,0,0,4,4,0,0,0,0,0,0,0,0,0,0,0,0,0,0,0,3,0,0,0,0,0,0,0,0,0,3,0,0,0,0,0,0,0,0
1432,L23900,AnnotationUtilsTests$MultipleFoos2,org.junit.platform.commons.util.AnnotationUtilsTests$MultipleFoos2,L23761,L103,C:\Users\domco\Desktop\DP\repos\junit5\platform-tests\src\test\java\org\junit\platform\commons\util\AnnotationUtilsTests.java,805,2,807,3,0.0,0,0,0,0.0,0.0,0,0,0,0,0,0,2,1,0,0,0,0.0,0.0,0,0,0,1,0.0,0,0,0,0,0,0,3,3,0,0,0,0,0,0,0,0,0,0,0,0,0,3,3,0,0,0,0,0,0,0,0,0,0,0,0,0,0,0,3,0,0,0,0,0,0,0,0,0,3,0,0,0,0,0,0,0,0
1433,L23904,AnnotationUtilsTests$SubSingleComposedExtensionClass,org.junit.platform.commons.util.AnnotationUtilsTests$SubSingleComposedExtensionClass,L23761,L103,C:\Users\domco\Desktop\DP\repos\junit5\platform-tests\src\test\java\org\junit\platform\commons\util\AnnotationUtilsTests.java,809,2,810,3,0.0,0,0,0,0.0,0.0,0,0,0,0,0,0,1,1,0,0,0,0.0,0.0,0,0,0,1,0.0,0,1,1,0,0,1,2,2,0,0,0,0,0,0,0,0,0,0,0,0,0,2,2,0,0,0,0,0,0,0,0,0,0,0,0,0,0,0,3,0,0,0,0,0,0,0,0,0,3,0,0,0,0,0,0,0,0
1434,L23908,AnnotationUtilsTests$MultiComposedExtensionClass,org.junit.platform.commons.util.AnnotationUtilsTests$MultiComposedExtensionClass,L23761,L103,C:\Users\domco\Desktop\DP\repos\junit5\platform-tests\src\test\java\org\junit\platform\commons\util\AnnotationUtilsTests.java,812,2,815,3,0.0,0,0,0,0.0,0.0,0,0,0,0,0,0,2,3,0,0,0,0.0,0.0,0,0,0,1,0.0,0,0,0,2,2,0,4,4,0,0,0,0,0,0,0,0,0,0,0,0,0,4,4,0,0,0,0,0,0,0,0,0,0,0,0,0,0,0,3,0,0,0,0,0,0,0,0,0,3,0,0,0,0,0,0,0,0
1435,L23912,AnnotationUtilsTests$SubMultiComposedExtensionClass,org.junit.platform.commons.util.AnnotationUtilsTests$SubMultiComposedExtensionClass,L23761,L103,C:\Users\domco\Desktop\DP\repos\junit5\platform-tests\src\test\java\org\junit\platform\commons\util\AnnotationUtilsTests.java,817,2,818,3,0.0,0,0,0,0.0,0.0,0,0,0,0,0,0,1,1,0,0,0,0.0,0.0,0,0,0,1,0.0,0,1,1,0,0,1,2,2,0,0,0,0,0,0,0,0,0,0,0,0,0,2,2,0,0,0,0,0,0,0,0,0,0,0,0,0,0,0,3,0,0,0,0,0,0,0,0,0,3,0,0,0,0,0,0,0,0
1436,L23916,AnnotationUtilsTests$ContainerPlusSubMultiComposedExtensionClass,org.junit.platform.commons.util.AnnotationUtilsTests$ContainerPlusSubMultiComposedExtensionClass,L23761,L103,C:\Users\domco\Desktop\DP\repos\junit5\platform-tests\src\test\java\org\junit\platform\commons\util\AnnotationUtilsTests.java,820,2,824,3,0.0,0,0,0,0.0,0.0,0,0,0,0,0,0,4,1,0,0,0,0.0,0.0,0,0,0,1,0.0,0,1,1,0,0,1,5,5,0,0,0,0,0,0,0,0,0,0,0,0,0,5,5,0,0,0,0,0,0,0,0,0,0,0,0,0,0,0,3,0,0,0,0,0,0,0,0,0,3,0,0,0,0,0,0,0,0
1437,L23935,AnnotationUtilsTests$SuperclassWithAnnotatedMethod,org.junit.platform.commons.util.AnnotationUtilsTests$SuperclassWithAnnotatedMethod,L23761,L103,C:\Users\domco\Desktop\DP\repos\junit5\platform-tests\src\test\java\org\junit\platform\commons\util\AnnotationUtilsTests.java,833,2,838,3,0.0,0,0,0,0.0,0.0,0,0,1,0,0,1,1,2,0,0,1,0.0,0.0,0,0,0,1,0.0,0,0,0,1,1,0,5,6,0,0,0,0,1,0,0,0,1,0,0,0,0,5,6,0,0,0,0,1,0,0,0,1,0,0,0,0,0,0,5,0,2,0,0,1,0,0,0,0,5,1,0,0,0,0,0,0,0
1438,L23927,AnnotationUtilsTests$ClassWithAnnotatedMethods,org.junit.platform.commons.util.AnnotationUtilsTests$ClassWithAnnotatedMethods,L23761,L103,C:\Users\domco\Desktop\DP\repos\junit5\platform-tests\src\test\java\org\junit\platform\commons\util\AnnotationUtilsTests.java,840,2,855,3,0.0,0,0,0,0.0,0.0,0,0,3,0,0,3,4,1,0,0,3,0.0,0.0,0,0,0,1,0.0,0,1,2,0,0,2,13,16,0,0,0,0,3,0,0,0,5,0,0,1,0,13,16,0,0,0,0,3,0,0,0,5,0,0,1,0,0,0,11,0,6,0,0,3,1,0,0,0,9,3,0,1,0,0,0,0,0
1439,L23957,AnnotationUtilsTests$SuperclassWithAnnotatedField,org.junit.platform.commons.util.AnnotationUtilsTests$SuperclassWithAnnotatedField,L23761,L103,C:\Users\domco\Desktop\DP\repos\junit5\platform-tests\src\test\java\org\junit\platform\commons\util\AnnotationUtilsTests.java,865,2,869,3,0.0,0,0,0,0.0,0.0,0,0,0,0,0,0,0,2,0,0,0,0.0,0.0,0,0,0,1,0.0,0,0,0,1,2,0,4,5,1,0,1,0,0,0,0,0,0,0,0,0,0,4,5,1,0,1,0,0,0,0,0,0,0,0,0,0,0,0,3,0,1,0,0,1,0,0,0,0,3,0,0,0,0,0,0,0,0
1440,L23951,AnnotationUtilsTests$ClassWithAnnotatedFields,org.junit.platform.commons.util.AnnotationUtilsTests$ClassWithAnnotatedFields,L23761,L103,C:\Users\domco\Desktop\DP\repos\junit5\platform-tests\src\test\java\org\junit\platform\commons\util\AnnotationUtilsTests.java,871,2,886,3,0.0,0,0,0,0.0,0.0,0,0,0,0,0,0,2,2,0,0,0,0.0,0.0,0,0,0,1,0.0,0,1,2,1,1,2,11,16,6,0,4,0,0,0,0,0,0,0,1,0,0,11,16,6,0,4,0,0,0,0,0,0,0,1,0,0,0,0,6,0,0,0,0,0,0,0,0,0,3,0,0,1,0,0,0,2,0
1441,L23966,AnnotationUtilsTests$ClassWithShadowedAnnotatedFields,org.junit.platform.commons.util.AnnotationUtilsTests$ClassWithShadowedAnnotatedFields,L23761,L103,C:\Users\domco\Desktop\DP\repos\junit5\platform-tests\src\test\java\org\junit\platform\commons\util\AnnotationUtilsTests.java,888,2,906,3,0.0,0,0,0,0.0,0.0,0,0,0,0,0,0,1,1,0,0,0,0.0,0.0,0,0,0,1,0.0,0,2,3,0,0,1,13,19,11,0,5,0,0,0,0,0,0,0,1,0,0,13,19,11,0,5,0,0,0,0,0,0,0,1,0,0,0,0,5,0,2,0,0,2,0,0,0,0,3,0,0,0,0,0,0,2,0
1442,L23987,AnnotationUtilsTests$ClassWithPublicAnnotatedFieldsFromInterface,org.junit.platform.commons.util.AnnotationUtilsTests$ClassWithPublicAnnotatedFieldsFromInterface,L23761,L103,C:\Users\domco\Desktop\DP\repos\junit5\platform-tests\src\test\java\org\junit\platform\commons\util\AnnotationUtilsTests.java,928,2,935,3,0.0,0,0,0,0.0,0.0,0,0,0,0,0,0,1,1,0,0,0,0.0,0.0,0,0,0,1,0.0,0,1,1,0,0,1,6,8,4,0,2,0,0,2,0,0,0,0,4,0,0,6,8,4,0,2,0,0,2,0,0,0,0,4,0,0,0,0,7,0,0,0,0,0,0,0,0,0,3,0,0,0,0,0,0,4,0
1443,L24184,ClasspathScannerTests$MemberClassToBeFound,org.junit.platform.commons.util.ClasspathScannerTests$MemberClassToBeFound,L24145,L103,C:\Users\domco\Desktop\DP\repos\junit5\platform-tests\src\test\java\org\junit\platform\commons\util\ClasspathScannerTests.java,333,2,334,3,0.0,0,0,0,0.0,0.0,0,0,0,0,0,0,0,1,0,0,0,0.0,0.0,0,0,0,1,0.0,0,0,0,0,0,0,2,2,0,0,0,0,0,0,0,0,0,0,0,0,0,2,2,0,0,0,0,0,0,0,0,0,0,0,0,0,0,0,3,0,0,0,0,0,0,0,0,0,3,0,0,0,0,0,0,0,0
1444,L24181,ClasspathScannerTests$NestedClassToBeFound,org.junit.platform.commons.util.ClasspathScannerTests$NestedClassToBeFound,L24145,L103,C:\Users\domco\Desktop\DP\repos\junit5\platform-tests\src\test\java\org\junit\platform\commons\util\ClasspathScannerTests.java,336,2,337,3,0.0,0,0,0,0.0,0.0,0,0,0,0,0,0,0,1,0,0,0,0.0,0.0,0,0,0,1,0.0,0,0,0,0,0,0,2,2,0,0,0,0,0,0,0,0,0,0,0,0,0,2,2,0,0,0,0,0,0,0,0,0,0,0,0,0,0,0,3,0,0,0,0,0,0,0,0,0,3,0,0,0,0,0,0,0,0
1445,L24218,ClasspathScannerTests$ClassForMalformedClassNameSimulation,org.junit.platform.commons.util.ClasspathScannerTests$ClassForMalformedClassNameSimulation,L24145,L103,C:\Users\domco\Desktop\DP\repos\junit5\platform-tests\src\test\java\org\junit\platform\commons\util\ClasspathScannerTests.java,339,2,340,3,0.0,0,0,0,0.0,0.0,0,0,0,0,0,0,0,0,0,0,0,0.0,0.0,0,0,0,1,0.0,0,0,0,0,0,0,2,2,0,0,0,0,0,0,0,0,0,0,0,0,0,2,2,0,0,0,0,0,0,0,0,0,0,0,0,0,0,0,3,0,0,0,0,0,0,0,0,0,3,0,0,0,0,0,0,0,0
1446,L24220,ClasspathScannerTests$ClassForOtherInternalErrorSimulation,org.junit.platform.commons.util.ClasspathScannerTests$ClassForOtherInternalErrorSimulation,L24145,L103,C:\Users\domco\Desktop\DP\repos\junit5\platform-tests\src\test\java\org\junit\platform\commons\util\ClasspathScannerTests.java,342,2,343,3,0.0,0,0,0,0.0,0.0,0,0,0,0,0,0,0,0,0,0,0,0.0,0.0,0,0,0,1,0.0,0,0,0,0,0,0,2,2,0,0,0,0,0,0,0,0,0,0,0,0,0,2,2,0,0,0,0,0,0,0,0,0,0,0,0,0,0,0,3,0,0,0,0,0,0,0,0,0,3,0,0,0,0,0,0,0,0
1447,L24222,ClasspathScannerTests$ClassForGenericRuntimeExceptionSimulation,org.junit.platform.commons.util.ClasspathScannerTests$ClassForGenericRuntimeExceptionSimulation,L24145,L103,C:\Users\domco\Desktop\DP\repos\junit5\platform-tests\src\test\java\org\junit\platform\commons\util\ClasspathScannerTests.java,345,2,346,3,0.0,0,0,0,0.0,0.0,0,0,0,0,0,0,0,0,0,0,0,0.0,0.0,0,0,0,1,0.0,0,0,0,0,0,0,2,2,0,0,0,0,0,0,0,0,0,0,0,0,0,2,2,0,0,0,0,0,0,0,0,0,0,0,0,0,0,0,3,0,0,0,0,0,0,0,0,0,3,0,0,0,0,0,0,0,0
1448,L24224,ClasspathScannerTests$ClassForOutOfMemoryErrorSimulation,org.junit.platform.commons.util.ClasspathScannerTests$ClassForOutOfMemoryErrorSimulation,L24145,L103,C:\Users\domco\Desktop\DP\repos\junit5\platform-tests\src\test\java\org\junit\platform\commons\util\ClasspathScannerTests.java,348,2,349,3,0.0,0,0,0,0.0,0.0,0,0,0,0,0,0,0,0,0,0,0,0.0,0.0,0,0,0,1,0.0,0,0,0,0,0,0,2,2,0,0,0,0,0,0,0,0,0,0,0,0,0,2,2,0,0,0,0,0,0,0,0,0,0,0,0,0,0,0,3,0,0,0,0,0,0,0,0,0,3,0,0,0,0,0,0,0,0
1449,L24226,ClasspathScannerTests$ThrowingClassLoader,org.junit.platform.commons.util.ClasspathScannerTests$ThrowingClassLoader,L24145,L103,C:\Users\domco\Desktop\DP\repos\junit5\platform-tests\src\test\java\org\junit\platform\commons\util\ClasspathScannerTests.java,351,2,357,3,0.0,0,0,0,0.0,0.0,0,0,0,0,0,1,0,0,0,0,1,0.0,0.0,0,0,0,2,0.0,0,0,0,0,0,0,6,7,0,1,0,1,1,0,1,0,1,1,0,1,0,6,7,0,1,0,1,1,0,1,0,1,1,0,1,0,0,0,5,0,0,0,0,0,0,0,0,0,5,0,0,0,0,0,0,0,0
1450,L24336,PackageUtilsTests$JavaNameUtilsTests,org.junit.platform.commons.util.PackageUtilsTests$JavaNameUtilsTests,L24317,L103,C:\Users\domco\Desktop\DP\repos\junit5\platform-tests\src\test\java\org\junit\platform\commons\util\PackageUtilsTests.java,128,2,148,3,0.0,0,0,0,0.0,0.0,0,0,2,0,0,2,6,0,0,4,6,0.0,0.235294,4,0,0,1,0.235294,4,0,0,0,0,0,13,21,0,0,0,0,2,0,0,0,2,3,0,0,0,13,21,0,0,0,0,2,0,0,0,2,3,0,0,0,0,0,6,0,5,3,0,2,1,0,0,0,5,0,0,0,0,0,0,0,0
1451,L24699,ReflectionUtilsTests$ClassWithSyntheticMethod,org.junit.platform.commons.util.ReflectionUtilsTests$ClassWithSyntheticMethod,L24379,L103,C:\Users\domco\Desktop\DP\repos\junit5\platform-tests\src\test\java\org\junit\platform\commons\util\ReflectionUtilsTests.java,1342,2,1347,3,0.0,0,0,0,0.0,0.0,0,0,0,0,0,0,0,1,0,0,0,0.0,0.4,2,2,0,1,0.4,2,0,0,0,0,0,3,6,1,0,1,0,0,0,0,0,0,0,0,0,0,3,6,1,0,1,0,0,0,0,0,0,0,0,0,0,0,0,1,0,1,0,0,1,0,0,0,0,1,0,0,0,0,0,0,0,0
1452,L24683,ReflectionUtilsTests$InterfaceWithDefaultMethodImpl,org.junit.platform.commons.util.ReflectionUtilsTests$InterfaceWithDefaultMethodImpl,L24379,L103,C:\Users\domco\Desktop\DP\repos\junit5\platform-tests\src\test\java\org\junit\platform\commons\util\ReflectionUtilsTests.java,1360,2,1361,3,0.0,0,0,0,0.0,0.0,0,0,0,0,0,0,1,1,0,0,0,0.0,0.0,0,0,0,1,0.0,0,1,1,0,0,1,2,2,0,0,0,0,0,0,0,0,1,0,0,1,0,2,2,0,0,0,0,0,0,0,0,1,0,0,1,0,0,0,3,0,0,0,0,0,0,0,0,0,3,0,0,0,0,0,0,0,0
1453,L24655,ReflectionUtilsTests$InterfaceWithGenericDefaultMethodImpl,org.junit.platform.commons.util.ReflectionUtilsTests$InterfaceWithGenericDefaultMethodImpl,L24379,L103,C:\Users\domco\Desktop\DP\repos\junit5\platform-tests\src\test\java\org\junit\platform\commons\util\ReflectionUtilsTests.java,1369,2,1373,3,0.0,0,0,0,0.0,0.0,0,0,1,0,0,1,1,1,0,0,1,0.0,0.0,0,0,0,1,0.0,0,1,1,0,0,1,4,5,0,0,0,0,1,0,0,0,2,0,0,1,0,4,5,0,0,0,0,1,0,0,0,2,0,0,1,0,0,0,5,0,2,0,0,1,0,0,0,0,5,1,0,0,0,0,0,0,0
1454,L24743,ReflectionUtilsTests$InterfaceWithOverriddenGenericDefaultMethodImpl,org.junit.platform.commons.util.ReflectionUtilsTests$InterfaceWithOverriddenGenericDefaultMethodImpl,L24379,L103,C:\Users\domco\Desktop\DP\repos\junit5\platform-tests\src\test\java\org\junit\platform\commons\util\ReflectionUtilsTests.java,1375,2,1383,3,0.0,0,0,0,0.0,0.0,0,0,2,0,0,2,1,1,0,0,2,0.0,0.0,0,0,0,2,0.0,0,1,1,0,0,1,7,9,0,0,0,0,2,0,1,0,2,0,0,1,0,7,9,0,0,0,0,2,0,1,0,2,0,0,1,0,0,0,8,0,3,0,0,1,1,0,0,0,7,2,0,0,0,0,0,0,0
1455,L24689,ReflectionUtilsTests$InterfaceWithStaticMethodImpl,org.junit.platform.commons.util.ReflectionUtilsTests$InterfaceWithStaticMethodImpl,L24379,L103,C:\Users\domco\Desktop\DP\repos\junit5\platform-tests\src\test\java\org\junit\platform\commons\util\ReflectionUtilsTests.java,1391,2,1392,3,0.0,0,0,0,0.0,0.0,0,0,0,0,0,0,1,1,0,0,0,0.0,0.0,0,0,0,1,0.0,0,1,1,0,0,1,2,2,0,0,0,0,0,0,0,0,1,0,0,1,0,2,2,0,0,0,0,0,0,0,0,1,0,0,1,0,0,0,3,0,0,0,0,0,0,0,0,0,3,0,0,0,0,0,0,0,0
1456,L24440,ReflectionUtilsTests$A,org.junit.platform.commons.util.ReflectionUtilsTests$A,L24379,L103,C:\Users\domco\Desktop\DP\repos\junit5\platform-tests\src\test\java\org\junit\platform\commons\util\ReflectionUtilsTests.java,1406,2,1407,3,0.0,0,0,0,0.0,0.0,0,0,0,0,0,0,2,2,0,0,0,0.0,0.0,0,0,0,1,0.0,0,1,2,1,1,2,2,2,0,0,0,0,0,0,0,0,0,0,0,0,0,2,2,0,0,0,0,0,0,0,0,0,0,0,0,0,0,0,4,0,1,0,0,1,0,0,0,0,3,0,0,1,0,0,0,0,0
1457,L24428,ReflectionUtilsTests$B,org.junit.platform.commons.util.ReflectionUtilsTests$B,L24379,L103,C:\Users\domco\Desktop\DP\repos\junit5\platform-tests\src\test\java\org\junit\platform\commons\util\ReflectionUtilsTests.java,1409,2,1410,3,0.0,0,0,0,0.0,0.0,0,0,0,0,0,0,2,1,0,0,0,0.0,0.0,0,0,0,1,0.0,0,2,5,0,0,2,2,2,0,0,0,0,0,0,0,0,0,0,0,0,0,2,2,0,0,0,0,0,0,0,0,0,0,0,0,0,0,0,4,0,1,0,0,1,0,0,0,0,3,0,0,1,0,0,0,0,0
1458,L24447,ReflectionUtilsTests$C,org.junit.platform.commons.util.ReflectionUtilsTests$C,L24379,L103,C:\Users\domco\Desktop\DP\repos\junit5\platform-tests\src\test\java\org\junit\platform\commons\util\ReflectionUtilsTests.java,1412,2,1420,3,0.0,0,0,0,0.0,0.0,0,0,0,0,0,2,0,1,0,0,2,0.0,0.0,0,0,0,1,0.0,0,0,0,0,0,0,6,9,0,0,0,0,2,0,0,0,2,0,0,0,0,6,9,0,0,0,0,2,0,0,0,2,0,0,0,0,0,0,7,0,3,0,0,1,0,0,0,0,7,2,0,0,0,0,0,0,0
1459,L24852,ReflectionUtilsTests$Exploder,org.junit.platform.commons.util.ReflectionUtilsTests$Exploder,L24379,L103,C:\Users\domco\Desktop\DP\repos\junit5\platform-tests\src\test\java\org\junit\platform\commons\util\ReflectionUtilsTests.java,1422,2,1428,3,0.0,0,0,0,0.0,0.0,0,0,0,0,0,1,0,0,0,0,1,0.0,0.0,0,0,0,1,0.0,0,0,0,0,0,0,5,7,0,0,0,0,1,0,0,0,1,1,0,0,0,5,7,0,0,0,0,1,0,0,0,1,1,0,0,0,0,0,5,1,0,0,0,0,0,0,0,1,5,0,0,0,0,0,0,0,0
1460,L24452,ReflectionUtilsTests$MyClass,org.junit.platform.commons.util.ReflectionUtilsTests$MyClass,L24379,L103,C:\Users\domco\Desktop\DP\repos\junit5\platform-tests\src\test\java\org\junit\platform\commons\util\ReflectionUtilsTests.java,1430,2,1439,3,0.0,0,0,0,0.0,0.0,0,0,0,0,0,1,0,2,4,0,1,0.0,0.0,0,0,0,1,0.0,0,0,0,1,1,0,7,10,2,0,2,0,1,0,0,0,1,1,0,0,0,7,10,2,0,2,0,1,0,0,0,1,1,0,0,0,0,0,5,0,2,0,0,2,0,0,0,0,5,0,0,0,0,0,0,0,0
1461,L24455,ReflectionUtilsTests$MySubClass,org.junit.platform.commons.util.ReflectionUtilsTests$MySubClass,L24379,L103,C:\Users\domco\Desktop\DP\repos\junit5\platform-tests\src\test\java\org\junit\platform\commons\util\ReflectionUtilsTests.java,1441,2,1446,3,0.0,0,0,0,0.0,0.0,0,0,0,0,0,1,1,1,1,1,2,0.0,0.0,0,0,0,1,0.0,0,1,1,0,0,1,5,6,2,0,0,0,1,0,0,0,2,1,0,0,0,5,6,2,0,0,0,1,0,0,0,2,1,0,0,0,0,0,5,0,0,0,0,0,0,0,0,0,5,0,0,0,0,0,0,0,0
1462,L24389,ReflectionUtilsTests$PublicClass,org.junit.platform.commons.util.ReflectionUtilsTests$PublicClass,L24379,L103,C:\Users\domco\Desktop\DP\repos\junit5\platform-tests\src\test\java\org\junit\platform\commons\util\ReflectionUtilsTests.java,1449,2,1465,3,0.0,0,0,0,0.0,0.0,0,0,5,0,0,5,0,1,0,0,5,0.166667,0.0769231,1,1,1,5,0.0769231,1,0,0,0,0,0,12,17,0,0,0,0,5,0,5,0,5,0,0,5,0,12,17,0,0,0,0,5,0,5,0,5,0,0,5,0,0,0,14,0,7,2,0,0,1,0,0,0,13,5,0,0,0,0,0,0,0
1463,L24392,ReflectionUtilsTests$PrivateClass,org.junit.platform.commons.util.ReflectionUtilsTests$PrivateClass,L24379,L103,C:\Users\domco\Desktop\DP\repos\junit5\platform-tests\src\test\java\org\junit\platform\commons\util\ReflectionUtilsTests.java,1467,2,1472,3,0.0,0,0,0,0.0,0.0,0,0,1,0,0,1,0,1,0,0,1,0.0,0.0,0,0,0,1,0.0,0,0,0,0,0,0,5,6,0,0,0,0,1,0,0,0,1,0,0,0,0,5,6,0,0,0,0,1,0,0,0,1,0,0,0,0,0,0,5,1,1,0,0,0,0,0,0,0,5,1,1,0,0,0,0,0,0
1464,L24395,ReflectionUtilsTests$ProtectedClass,org.junit.platform.commons.util.ReflectionUtilsTests$ProtectedClass,L24379,L103,C:\Users\domco\Desktop\DP\repos\junit5\platform-tests\src\test\java\org\junit\platform\commons\util\ReflectionUtilsTests.java,1474,2,1479,3,0.0,0,0,0,0.0,0.0,0,0,1,0,0,1,0,1,0,0,1,0.0,0.0,0,0,0,1,0.0,0,0,0,0,0,0,5,6,0,0,0,0,1,0,0,0,1,0,0,0,0,5,6,0,0,0,0,1,0,0,0,1,0,0,0,0,0,0,5,0,1,0,0,0,0,0,0,0,5,1,0,0,0,0,0,0,0
1465,L24398,ReflectionUtilsTests$PackageVisibleClass,org.junit.platform.commons.util.ReflectionUtilsTests$PackageVisibleClass,L24379,L103,C:\Users\domco\Desktop\DP\repos\junit5\platform-tests\src\test\java\org\junit\platform\commons\util\ReflectionUtilsTests.java,1481,2,1486,3,0.0,0,0,0,0.0,0.0,0,0,1,0,0,1,0,1,0,0,1,0.0,0.0,0,0,0,1,0.0,0,0,0,0,0,0,5,6,0,0,0,0,1,0,0,0,1,0,0,0,0,5,6,0,0,0,0,1,0,0,0,1,0,0,0,0,0,0,5,0,2,0,0,1,0,0,0,0,5,1,0,0,0,0,0,0,0
1466,L24415,ReflectionUtilsTests$FinalClass,org.junit.platform.commons.util.ReflectionUtilsTests$FinalClass,L24379,L103,C:\Users\domco\Desktop\DP\repos\junit5\platform-tests\src\test\java\org\junit\platform\commons\util\ReflectionUtilsTests.java,1488,2,1493,3,0.0,0,0,0,0.0,0.0,0,0,1,0,0,1,0,1,0,0,1,0.0,0.0,0,0,0,1,0.0,0,0,0,0,0,0,5,6,0,0,0,0,1,0,0,0,1,0,0,0,0,5,6,0,0,0,0,1,0,0,0,1,0,0,0,0,0,0,5,0,3,0,0,2,0,0,0,0,5,1,0,0,0,0,0,0,0
1467,L24405,ReflectionUtilsTests$AbstractClass,org.junit.platform.commons.util.ReflectionUtilsTests$AbstractClass,L24379,L103,C:\Users\domco\Desktop\DP\repos\junit5\platform-tests\src\test\java\org\junit\platform\commons\util\ReflectionUtilsTests.java,1495,2,1498,3,0.0,0,0,0,0.0,0.0,0,0,0,0,0,1,0,1,0,0,1,0.0,0.0,0,0,0,1,0.0,0,0,0,0,0,0,3,4,0,0,0,0,1,0,0,0,1,0,0,0,0,3,4,0,0,0,0,1,0,0,0,1,0,0,0,0,0,0,5,0,1,0,0,1,0,0,0,0,5,0,0,0,0,0,0,0,0
1468,L24409,ReflectionUtilsTests$StaticClass,org.junit.platform.commons.util.ReflectionUtilsTests$StaticClass,L24379,L103,C:\Users\domco\Desktop\DP\repos\junit5\platform-tests\src\test\java\org\junit\platform\commons\util\ReflectionUtilsTests.java,1500,2,1504,3,0.0,0,0,0,0.0,0.0,0,0,1,0,0,1,0,1,0,0,1,0.0,0.0,0,0,0,1,0.0,0,0,0,0,0,0,4,5,0,0,0,0,1,0,0,0,1,0,0,0,0,4,5,0,0,0,0,1,0,0,0,1,0,0,0,0,0,0,5,0,2,0,0,1,0,0,0,0,5,1,0,0,0,0,0,0,0
1469,L24422,ReflectionUtilsTests$ClassWithVoidAndNonVoidMethods,org.junit.platform.commons.util.ReflectionUtilsTests$ClassWithVoidAndNonVoidMethods,L24379,L103,C:\Users\domco\Desktop\DP\repos\junit5\platform-tests\src\test\java\org\junit\platform\commons\util\ReflectionUtilsTests.java,1506,2,1523,3,0.0,0,0,0,0.0,0.0,0,0,4,0,0,4,0,1,0,0,4,0.0,0.0,0,0,0,1,0.0,0,0,0,0,0,0,13,18,0,0,0,0,4,0,0,0,4,3,0,0,0,13,18,0,0,0,0,4,0,0,0,4,3,0,0,0,0,0,12,0,5,0,0,4,1,0,0,0,11,1,0,0,0,0,0,0,0
1470,L24487,ReflectionUtilsTests$InvocationTracker,org.junit.platform.commons.util.ReflectionUtilsTests$InvocationTracker,L24379,L103,C:\Users\domco\Desktop\DP\repos\junit5\platform-tests\src\test\java\org\junit\platform\commons\util\ReflectionUtilsTests.java,1525,2,1550,3,0.0,0,0,0,0.0,0.0,0,0,4,0,0,4,0,1,0,0,4,0.0,0.0,0,0,0,3,0.0,0,0,0,0,0,0,20,26,4,0,4,0,4,0,2,0,4,4,0,2,0,20,26,4,0,4,0,4,0,2,0,4,4,0,2,0,0,0,12,0,4,0,0,4,1,0,0,0,11,0,0,0,0,0,0,0,0
1471,L24532,ReflectionUtilsTests$FirstClass,org.junit.platform.commons.util.ReflectionUtilsTests$FirstClass,L24379,L103,C:\Users\domco\Desktop\DP\repos\junit5\platform-tests\src\test\java\org\junit\platform\commons\util\ReflectionUtilsTests.java,1552,2,1559,3,0.0,0,0,0,0.0,0.0,0,0,0,0,0,0,0,1,0,0,0,0.0,0.0,0,0,0,1,0.0,0,0,0,0,0,0,2,3,0,0,0,0,0,0,0,0,0,0,0,0,0,6,8,0,0,0,0,0,0,0,0,0,0,0,0,0,0,0,9,0,0,0,0,0,0,0,0,0,9,0,0,0,0,0,0,0,0
1472,L24556,ReflectionUtilsTests$ClassWithNestedClasses,org.junit.platform.commons.util.ReflectionUtilsTests$ClassWithNestedClasses,L24379,L103,C:\Users\domco\Desktop\DP\repos\junit5\platform-tests\src\test\java\org\junit\platform\commons\util\ReflectionUtilsTests.java,1561,2,1571,3,0.0,0,0,0,0.0,0.0,0,0,0,0,0,0,0,2,0,0,0,0.0,0.0,0,0,0,1,0.0,0,0,0,1,1,0,2,5,0,0,0,0,0,0,0,0,0,0,0,0,0,8,11,0,0,0,0,0,0,0,0,0,0,0,0,0,0,0,12,0,0,0,0,0,0,0,0,0,12,0,0,0,0,0,0,0,0
1473,L24568,ReflectionUtilsTests$ClassExtendingClassWithNestedClasses,org.junit.platform.commons.util.ReflectionUtilsTests$ClassExtendingClassWithNestedClasses,L24379,L103,C:\Users\domco\Desktop\DP\repos\junit5\platform-tests\src\test\java\org\junit\platform\commons\util\ReflectionUtilsTests.java,1585,2,1586,3,0.0,0,0,0,0.0,0.0,0,0,0,0,0,0,2,1,0,0,0,0.0,0.0,0,0,0,1,0.0,0,2,3,0,0,2,2,2,0,0,0,0,0,0,0,0,0,0,0,0,0,2,2,0,0,0,0,0,0,0,0,0,0,0,0,0,0,0,4,0,0,0,0,0,0,0,0,0,3,0,0,1,0,0,0,0,0
1474,L24579,ReflectionUtilsTests$AbstractOuterClass,org.junit.platform.commons.util.ReflectionUtilsTests$AbstractOuterClass,L24379,L103,C:\Users\domco\Desktop\DP\repos\junit5\platform-tests\src\test\java\org\junit\platform\commons\util\ReflectionUtilsTests.java,1588,2,1592,3,0.0,0,0,0,0.0,0.0,0,0,0,0,0,0,0,4,0,0,0,0.0,0.0,0,0,0,1,0.0,0,0,0,3,6,0,2,3,0,0,0,0,0,0,0,0,0,0,0,0,0,4,5,0,0,0,0,0,0,0,0,0,0,0,0,0,0,0,6,0,1,1,0,0,0,0,0,0,6,0,0,0,0,0,0,0,0
1475,L24601,ReflectionUtilsTests$OuterClass,org.junit.platform.commons.util.ReflectionUtilsTests$OuterClass,L24379,L103,C:\Users\domco\Desktop\DP\repos\junit5\platform-tests\src\test\java\org\junit\platform\commons\util\ReflectionUtilsTests.java,1594,2,1614,3,0.0,0,0,0,0.0,0.0,0,0,0,0,0,0,1,4,0,0,0,0.0,0.0,0,0,0,1,0.125,2,1,1,3,3,1,2,9,0,0,0,0,0,0,0,0,0,0,0,0,0,14,21,0,0,0,0,0,0,0,0,0,0,0,0,0,0,0,15,0,0,0,0,0,0,0,0,0,15,0,0,0,0,0,0,0,0
1476,L24591,ReflectionUtilsTests$OuterClassImplementingInterface,org.junit.platform.commons.util.ReflectionUtilsTests$OuterClassImplementingInterface,L24379,L103,C:\Users\domco\Desktop\DP\repos\junit5\platform-tests\src\test\java\org\junit\platform\commons\util\ReflectionUtilsTests.java,1616,2,1620,3,0.0,0,0,0,0.0,0.0,0,0,0,0,0,0,1,1,0,0,0,0.0,0.0,0,0,0,1,0.0,0,1,1,0,0,1,2,3,0,0,0,0,0,0,0,0,0,0,0,0,0,4,5,0,0,0,0,0,0,0,0,0,0,0,0,0,0,0,6,0,0,0,0,0,0,0,0,0,6,0,0,0,0,0,0,0,0
1477,L24712,ReflectionUtilsTests$GrandparentClass,org.junit.platform.commons.util.ReflectionUtilsTests$GrandparentClass,L24379,L103,C:\Users\domco\Desktop\DP\repos\junit5\platform-tests\src\test\java\org\junit\platform\commons\util\ReflectionUtilsTests.java,1622,2,1629,3,0.0,0,0,0,0.0,0.0,0,0,2,0,0,2,0,2,0,0,2,0.0,0.0,0,0,0,3,0.0,0,0,0,1,3,0,6,8,0,0,0,0,2,0,2,0,2,0,0,2,0,6,8,0,0,0,0,2,0,2,0,2,0,0,2,0,0,0,8,0,2,0,0,0,1,0,0,0,7,2,0,0,0,0,0,0,0
1478,L24706,ReflectionUtilsTests$ParentClass,org.junit.platform.commons.util.ReflectionUtilsTests$ParentClass,L24379,L103,C:\Users\domco\Desktop\DP\repos\junit5\platform-tests\src\test\java\org\junit\platform\commons\util\ReflectionUtilsTests.java,1637,2,1644,3,0.0,0,0,0,0.0,0.0,0,0,2,0,0,2,2,3,0,0,2,0.0,0.0,0,0,0,3,0.0,0,1,2,2,2,2,6,8,0,0,0,0,2,0,2,0,5,0,0,5,0,6,8,0,0,0,0,2,0,2,0,5,0,0,5,0,0,0,9,0,2,0,0,0,1,0,0,0,7,2,0,1,0,0,0,0,0
1479,L24703,ReflectionUtilsTests$ChildClass,org.junit.platform.commons.util.ReflectionUtilsTests$ChildClass,L24379,L103,C:\Users\domco\Desktop\DP\repos\junit5\platform-tests\src\test\java\org\junit\platform\commons\util\ReflectionUtilsTests.java,1646,2,1653,3,0.0,0,0,0,0.0,0.0,0,0,2,0,0,2,1,1,0,0,2,0.0,0.0,0,0,0,3,0.0,0,2,3,0,0,1,6,8,0,0,0,0,2,0,2,0,7,0,0,7,0,6,8,0,0,0,0,2,0,2,0,7,0,0,7,0,0,0,8,0,2,0,0,0,1,0,0,0,7,2,0,0,0,0,0,0,0
1480,L24719,ReflectionUtilsTests$MethodShadowingParent,org.junit.platform.commons.util.ReflectionUtilsTests$MethodShadowingParent,L24379,L103,C:\Users\domco\Desktop\DP\repos\junit5\platform-tests\src\test\java\org\junit\platform\commons\util\ReflectionUtilsTests.java,1664,2,1678,3,0.0,0,0,0,0.0,0.0,0,0,4,0,0,4,1,2,0,0,4,0.0,0.0,0,0,0,5,0.0,0,1,1,1,1,1,11,15,0,0,0,0,4,0,4,0,5,0,0,5,0,11,15,0,0,0,0,4,0,4,0,5,0,0,5,0,0,0,12,0,4,0,0,0,1,0,0,0,11,4,0,0,0,0,0,0,0
1481,L24638,ReflectionUtilsTests$MethodShadowingChild,org.junit.platform.commons.util.ReflectionUtilsTests$MethodShadowingChild,L24379,L103,C:\Users\domco\Desktop\DP\repos\junit5\platform-tests\src\test\java\org\junit\platform\commons\util\ReflectionUtilsTests.java,1680,2,1692,3,0.0,0,0,0,0.0,0.0,0,0,3,0,0,3,1,1,0,0,3,0.0,0.0,0,0,0,4,0.0,0,2,2,0,0,1,10,13,0,0,0,0,3,0,3,0,8,0,0,8,0,10,13,0,0,0,0,3,0,3,0,8,0,0,8,0,0,0,10,0,3,0,0,0,1,0,0,0,9,3,0,0,0,0,0,0,0
1482,L24732,ReflectionUtilsTests$StaticMethodHidingParent,org.junit.platform.commons.util.ReflectionUtilsTests$StaticMethodHidingParent,L24379,L103,C:\Users\domco\Desktop\DP\repos\junit5\platform-tests\src\test\java\org\junit\platform\commons\util\ReflectionUtilsTests.java,1703,2,1716,3,0.0,0,0,0,0.0,0.0,0,0,4,0,0,4,1,2,0,0,4,0.0,0.0,0,0,0,1,0.0,0,1,1,1,1,1,10,14,0,0,0,0,4,0,0,0,6,0,0,2,0,10,14,0,0,0,0,4,0,0,0,6,0,0,2,0,0,0,12,0,8,0,0,4,1,0,0,0,11,4,0,0,0,0,0,0,0
1483,L24735,ReflectionUtilsTests$StaticMethodHidingChild,org.junit.platform.commons.util.ReflectionUtilsTests$StaticMethodHidingChild,L24379,L103,C:\Users\domco\Desktop\DP\repos\junit5\platform-tests\src\test\java\org\junit\platform\commons\util\ReflectionUtilsTests.java,1718,2,1728,3,0.0,0,0,0,0.0,0.0,0,0,3,0,0,3,1,1,0,0,3,0.0,0.0,0,0,0,1,0.0,0,2,2,0,0,1,8,11,0,0,0,0,3,0,0,0,9,0,0,2,0,8,11,0,0,0,0,3,0,0,0,9,0,0,2,0,0,0,10,0,6,0,0,3,1,0,0,0,9,3,0,0,0,0,0,0,0
1484,L24748,ReflectionUtilsTests$PublicChildClass,org.junit.platform.commons.util.ReflectionUtilsTests$PublicChildClass,L24379,L103,C:\Users\domco\Desktop\DP\repos\junit5\platform-tests\src\test\java\org\junit\platform\commons\util\ReflectionUtilsTests.java,1731,2,1740,3,0.0,0,0,0,0.0,0.0,0,0,2,0,0,2,1,1,0,0,2,0.333333,0.111111,1,1,1,2,0.111111,1,2,3,0,0,1,8,10,0,0,0,0,2,0,2,0,7,0,0,7,0,8,10,0,0,0,0,2,0,2,0,7,0,0,7,0,0,0,8,0,2,0,0,0,1,0,0,0,7,2,0,0,0,0,0,0,0
1485,L24757,ReflectionUtilsTests$ClassWithFields,org.junit.platform.commons.util.ReflectionUtilsTests$ClassWithFields,L24379,L103,C:\Users\domco\Desktop\DP\repos\junit5\platform-tests\src\test\java\org\junit\platform\commons\util\ReflectionUtilsTests.java,1742,2,1761,3,0.0,0,0,0,0.0,0.0,0,0,0,0,0,0,0,1,0,0,0,0.0,0.0,0,0,0,1,0.0,0,0,0,0,0,0,11,20,8,0,8,0,0,6,0,0,0,0,6,0,0,11,20,8,0,8,0,0,6,0,0,0,0,6,0,0,0,0,8,0,6,0,0,1,0,0,0,5,3,0,0,0,0,0,0,5,0
1486,L24629,ReflectionUtilsTests$ClassWithOneCustomConstructor,org.junit.platform.commons.util.ReflectionUtilsTests$ClassWithOneCustomConstructor,L24379,L103,C:\Users\domco\Desktop\DP\repos\junit5\platform-tests\src\test\java\org\junit\platform\commons\util\ReflectionUtilsTests.java,1763,2,1768,3,0.0,0,0,0,0.0,0.0,0,0,0,0,0,1,0,1,0,0,1,0.0,0.0,0,0,0,1,0.0,0,0,0,0,0,0,5,6,0,0,0,0,1,0,0,0,1,0,0,0,0,5,6,0,0,0,0,1,0,0,0,1,0,0,0,0,0,0,5,0,1,0,0,0,0,0,0,0,5,1,0,0,0,0,0,0,0
1487,L24998,ReflectionUtilsTests$ClassWithTwoConstructors,org.junit.platform.commons.util.ReflectionUtilsTests$ClassWithTwoConstructors,L24379,L103,C:\Users\domco\Desktop\DP\repos\junit5\platform-tests\src\test\java\org\junit\platform\commons\util\ReflectionUtilsTests.java,1770,2,1778,3,0.0,0,0,0,0.0,0.0,0,0,0,0,0,2,0,0,0,0,2,0.0,0.0,0,0,0,1,0.0,0,0,0,0,0,0,7,9,0,0,0,0,2,0,0,0,2,0,0,0,0,7,9,0,0,0,0,2,0,0,0,2,0,0,0,0,0,0,7,0,2,0,0,0,0,0,0,0,7,2,0,0,0,0,0,0,0
1488,L25074,ReflectionUtilsWithGenericTypeHierarchiesTests$ClassImplementingGenericInterfaceWithMoreSpecificMethod,org.junit.platform.commons.util.ReflectionUtilsWithGenericTypeHierarchiesTests$ClassImplementingGenericInterfaceWithMoreSpecificMethod,L25002,L103,C:\Users\domco\Desktop\DP\repos\junit5\platform-tests\src\test\java\org\junit\platform\commons\util\ReflectionUtilsWithGenericTypeHierarchiesTests.java,161,2,165,3,0.0,0,0,0,0.0,0.0,0,0,1,0,0,1,1,1,0,0,1,0.0,0.0,0,0,0,2,0.0,0,1,1,0,0,1,5,5,0,0,0,0,1,0,1,0,2,0,0,2,0,5,5,0,0,0,0,1,0,1,0,2,0,0,2,0,0,0,5,0,1,0,0,0,0,0,0,0,5,1,0,0,0,0,0,0,0
1489,L25077,ReflectionUtilsWithGenericTypeHierarchiesTests$ClassImplementingGenericAndMoreSpecificInterface,org.junit.platform.commons.util.ReflectionUtilsWithGenericTypeHierarchiesTests$ClassImplementingGenericAndMoreSpecificInterface,L25002,L103,C:\Users\domco\Desktop\DP\repos\junit5\platform-tests\src\test\java\org\junit\platform\commons\util\ReflectionUtilsWithGenericTypeHierarchiesTests.java,167,2,169,3,0.0,0,0,0,0.0,0.0,0,0,0,0,0,0,2,1,0,0,0,0.0,0.0,0,0,0,1,0.0,0,1,2,0,0,2,3,3,0,0,0,0,0,0,0,0,2,0,0,2,0,3,3,0,0,0,0,0,0,0,0,2,0,0,2,0,0,0,4,0,0,0,0,0,0,0,0,0,3,0,0,1,0,0,0,0,0
1490,L25080,ReflectionUtilsWithGenericTypeHierarchiesTests$ClassOverridingDefaultMethodAndImplementingMoreSpecificInterface,org.junit.platform.commons.util.ReflectionUtilsWithGenericTypeHierarchiesTests$ClassOverridingDefaultMethodAndImplementingMoreSpecificInterface,L25002,L103,C:\Users\domco\Desktop\DP\repos\junit5\platform-tests\src\test\java\org\junit\platform\commons\util\ReflectionUtilsWithGenericTypeHierarchiesTests.java,171,2,177,3,0.0,0,0,0,0.0,0.0,0,0,1,0,0,1,2,1,0,0,1,0.0,0.0,0,0,0,2,0.0,0,1,2,0,0,2,6,7,0,0,0,0,1,0,1,0,2,0,0,2,0,6,7,0,0,0,0,1,0,1,0,2,0,0,2,0,0,0,6,0,1,0,0,0,0,0,0,0,5,1,0,1,0,0,0,0,0
1491,L25068,ReflectionUtilsWithGenericTypeHierarchiesTests$ClassImplementingInterfaceWithInvertedHierarchy,org.junit.platform.commons.util.ReflectionUtilsWithGenericTypeHierarchiesTests$ClassImplementingInterfaceWithInvertedHierarchy,L25002,L103,C:\Users\domco\Desktop\DP\repos\junit5\platform-tests\src\test\java\org\junit\platform\commons\util\ReflectionUtilsWithGenericTypeHierarchiesTests.java,179,2,181,3,0.0,0,0,0,0.0,0.0,0,0,0,0,0,0,1,1,0,0,0,0.0,0.0,0,0,0,1,0.0,0,2,2,0,0,1,3,3,0,0,0,0,0,0,0,0,2,0,0,2,0,3,3,0,0,0,0,0,0,0,0,2,0,0,2,0,0,0,3,0,0,0,0,0,0,0,0,0,3,0,0,0,0,0,0,0,0
1492,L25181,StringUtilsTests$ToStringThrowsException,org.junit.platform.commons.util.StringUtilsTests$ToStringThrowsException,L25169,L103,C:\Users\domco\Desktop\DP\repos\junit5\platform-tests\src\test\java\org\junit\platform\commons\util\StringUtilsTests.java,171,2,177,3,0.0,0,0,0,0.0,0.0,0,0,1,0,0,1,0,1,0,0,1,0.0,0.0,0,0,0,2,0.0,0,0,0,0,0,0,6,7,0,0,0,0,1,0,1,0,1,1,0,1,0,6,7,0,0,0,0,1,0,1,0,1,1,0,1,0,0,0,5,1,0,0,0,0,0,0,0,1,5,0,0,0,0,0,0,0,0
1493,L25204,ToStringBuilderTests$RoleModel,org.junit.platform.commons.util.ToStringBuilderTests$RoleModel,L25197,L103,C:\Users\domco\Desktop\DP\repos\junit5\platform-tests\src\test\java\org\junit\platform\commons\util\ToStringBuilderTests.java,148,2,170,3,0.0,0,0,0,0.0,0.0,0,0,1,0,0,3,1,1,15,3,6,0.0,0.105263,2,0,0,2,0.105263,2,0,0,0,0,0,17,23,2,0,2,0,3,0,1,0,3,3,0,1,0,17,23,2,0,2,0,3,0,1,0,3,3,0,1,0,0,0,9,0,3,0,0,2,0,0,0,0,9,1,0,0,0,0,0,0,0
1494,L25282,Try$Success<V extends Object>,org.junit.platform.commons.function.Try$Success,L22698,L103,C:\Users\domco\Desktop\DP\repos\junit5\junit-platform-commons\src\main\java\org\junit\platform\commons\function\Try.java,212,2,288,3,0.247368,1,3,1,0.12987,0.166667,10,10,5,1,1,15,2,1,1,4,16,0.0,0.0625,4,0,0,12,0.0625,4,1,1,0,0,1,60,77,1,1,1,1,12,0,11,0,18,20,0,14,0,60,77,1,1,1,1,12,0,11,0,18,20,0,14,0,0,0,38,0,0,0,10,0,1,0,0,0,27,0,0,0,0,0,0,0,0
1495,L25296,Try$Failure<V extends Object>,org.junit.platform.commons.function.Try$Failure,L22698,L103,C:\Users\domco\Desktop\DP\repos\junit5\junit-platform-commons\src\main\java\org\junit\platform\commons\function\Try.java,290,2,372,3,0.219626,1,3,1,0.120482,0.153846,10,10,5,1,1,16,2,1,1,4,17,0.0,0.0441176,3,0,0,12,0.0441176,3,1,1,0,0,1,65,83,1,1,1,1,13,0,11,0,19,22,0,14,0,65,83,1,1,1,1,13,0,11,0,19,22,0,14,0,0,0,40,0,0,0,10,0,1,0,0,0,29,0,0,0,0,0,0,0,0
1496,L25541,LoggerFactory$DelegatingLogger,org.junit.platform.commons.logging.LoggerFactory$DelegatingLogger,L25530,L103,C:\Users\domco\Desktop\DP\repos\junit5\junit-platform-commons\src\main\java\org\junit\platform\commons\logging\LoggerFactory.java,70,2,185,3,0.0,0,0,0,0.0,0.0,0,0,1,3,2,23,2,1,1,0,16,0.0,0.0,0,0,0,13,0.0,0,1,1,0,0,1,94,116,3,0,3,0,16,0,12,0,16,40,0,12,0,94,116,3,0,3,0,16,0,12,0,16,40,0,12,0,0,0,35,0,0,0,0,0,0,0,0,0,35,0,0,0,0,0,0,0,0
1497,L25893,AnnotationSupportTests$Probe,org.junit.platform.commons.support.AnnotationSupportTests$Probe,L25887,L103,C:\Users\domco\Desktop\DP\repos\junit5\platform-tests\src\test\java\org\junit\platform\commons\support\AnnotationSupportTests.java,256,2,274,3,0.0,0,0,0,0.0,0.0,0,0,2,0,0,2,1,1,0,0,2,0.0,0.0,0,0,0,1,0.0,0,0,0,0,0,0,14,19,2,0,2,0,2,2,0,0,2,0,2,0,0,14,19,2,0,2,0,2,2,0,0,2,0,2,0,0,0,0,12,0,4,0,0,2,1,0,0,0,7,2,0,0,0,0,0,4,0
1498,L25924,AnnotationSupportTests$Fields,org.junit.platform.commons.support.AnnotationSupportTests$Fields,L25887,L103,C:\Users\domco\Desktop\DP\repos\junit5\platform-tests\src\test\java\org\junit\platform\commons\support\AnnotationSupportTests.java,276,2,290,3,0.0,0,0,0,0.0,0.0,0,0,0,0,0,0,0,1,0,0,0,0.0,0.0,0,0,0,1,0.0,0,0,0,0,0,0,10,15,4,0,4,0,0,0,0,0,0,0,0,0,0,10,15,4,0,4,0,0,0,0,0,0,0,0,0,0,0,0,3,0,4,0,0,4,0,0,0,0,3,0,0,0,0,0,0,0,0
1499,L26022,ModifierSupportTests$PublicClass,org.junit.platform.commons.support.ModifierSupportTests$PublicClass,L25957,L103,C:\Users\domco\Desktop\DP\repos\junit5\platform-tests\src\test\java\org\junit\platform\commons\support\ModifierSupportTests.java,168,2,172,3,0.0,0,0,0,0.0,0.0,0,0,1,0,0,1,0,2,0,0,1,0.5,0.333333,2,2,1,1,0.333333,2,0,0,0,0,0,4,5,0,0,0,0,1,0,1,0,1,0,0,1,0,4,5,0,0,0,0,1,0,1,0,1,0,0,1,0,0,0,3,0,1,0,0,0,0,0,0,0,3,1,0,0,0,0,0,0,0
1500,L26027,ModifierSupportTests$PrivateClass,org.junit.platform.commons.support.ModifierSupportTests$PrivateClass,L25957,L103,C:\Users\domco\Desktop\DP\repos\junit5\platform-tests\src\test\java\org\junit\platform\commons\support\ModifierSupportTests.java,174,2,179,3,0.0,0,0,0,0.0,0.0,0,0,1,0,0,1,0,2,0,0,1,0.0,0.0,0,0,0,1,0.0,0,0,0,0,0,0,5,6,0,0,0,0,1,0,0,0,1,0,0,0,0,5,6,0,0,0,0,1,0,0,0,1,0,0,0,0,0,0,5,0,1,0,0,0,0,0,0,0,5,1,0,0,0,0,0,0,0
1501,L26030,ModifierSupportTests$ProtectedClass,org.junit.platform.commons.support.ModifierSupportTests$ProtectedClass,L25957,L103,C:\Users\domco\Desktop\DP\repos\junit5\platform-tests\src\test\java\org\junit\platform\commons\support\ModifierSupportTests.java,181,2,186,3,0.0,0,0,0,0.0,0.0,0,0,1,0,0,1,0,2,0,0,1,0.0,0.0,0,0,0,1,0.0,0,0,0,0,0,0,5,6,0,0,0,0,1,0,0,0,1,0,0,0,0,5,6,0,0,0,0,1,0,0,0,1,0,0,0,0,0,0,5,0,1,0,0,0,0,0,0,0,5,1,0,0,0,0,0,0,0
1502,L26033,ModifierSupportTests$PackageVisibleClass,org.junit.platform.commons.support.ModifierSupportTests$PackageVisibleClass,L25957,L103,C:\Users\domco\Desktop\DP\repos\junit5\platform-tests\src\test\java\org\junit\platform\commons\support\ModifierSupportTests.java,188,2,193,3,0.0,0,0,0,0.0,0.0,0,0,1,0,0,1,0,2,0,0,1,0.0,0.0,0,0,0,1,0.0,0,0,0,0,0,0,5,6,0,0,0,0,1,0,0,0,1,0,0,0,0,5,6,0,0,0,0,1,0,0,0,1,0,0,0,0,0,0,5,0,2,0,0,1,0,0,0,0,5,1,0,0,0,0,0,0,0
1503,L26036,ModifierSupportTests$AbstractClass,org.junit.platform.commons.support.ModifierSupportTests$AbstractClass,L25957,L103,C:\Users\domco\Desktop\DP\repos\junit5\platform-tests\src\test\java\org\junit\platform\commons\support\ModifierSupportTests.java,195,2,198,3,0.0,0,0,0,0.0,0.0,0,0,0,0,0,1,0,2,0,0,1,0.0,0.0,0,0,0,1,0.0,0,0,0,0,0,0,3,4,0,0,0,0,1,0,0,0,1,0,0,0,0,3,4,0,0,0,0,1,0,0,0,1,0,0,0,0,0,0,5,0,1,0,0,1,0,0,0,0,5,0,0,0,0,0,0,0,0
1504,L26039,ModifierSupportTests$StaticClass,org.junit.platform.commons.support.ModifierSupportTests$StaticClass,L25957,L103,C:\Users\domco\Desktop\DP\repos\junit5\platform-tests\src\test\java\org\junit\platform\commons\support\ModifierSupportTests.java,200,2,204,3,0.0,0,0,0,0.0,0.0,0,0,1,0,0,1,0,2,0,0,1,0.0,0.0,0,0,0,1,0.0,0,0,0,0,0,0,4,5,0,0,0,0,1,0,0,0,1,0,0,0,0,4,5,0,0,0,0,1,0,0,0,1,0,0,0,0,0,0,5,0,2,0,0,1,0,0,0,0,5,1,0,0,0,0,0,0,0
1505,L26042,ModifierSupportTests$FinalClass,org.junit.platform.commons.support.ModifierSupportTests$FinalClass,L25957,L103,C:\Users\domco\Desktop\DP\repos\junit5\platform-tests\src\test\java\org\junit\platform\commons\support\ModifierSupportTests.java,206,2,210,3,0.0,0,0,0,0.0,0.0,0,0,1,0,0,1,0,2,0,0,1,0.0,0.0,0,0,0,1,0.0,0,0,0,0,0,0,4,5,0,0,0,0,1,0,0,0,1,0,0,0,0,4,5,0,0,0,0,1,0,0,0,1,0,0,0,0,0,0,5,0,3,0,0,2,0,0,0,0,5,1,0,0,0,0,0,0,0
1506,L26129,ReflectionSupportTests$ClassWithNestedClasses,org.junit.platform.commons.support.ReflectionSupportTests$ClassWithNestedClasses,L26072,L103,C:\Users\domco\Desktop\DP\repos\junit5\platform-tests\src\test\java\org\junit\platform\commons\support\ReflectionSupportTests.java,297,2,305,3,0.0,0,0,0,0.0,0.0,0,0,0,0,0,0,0,1,0,0,0,0.0,0.0,0,0,0,1,0.0,0,0,0,0,0,0,2,5,0,0,0,0,0,0,0,0,0,0,0,0,0,6,9,0,0,0,0,0,0,0,0,0,0,0,0,0,0,0,9,0,0,0,0,0,0,0,0,0,9,0,0,0,0,0,0,0,0
1507,L27990,ContainerForInnerTest$NestedTest,org.junit.platform.console.subpackage.ContainerForInnerTest$NestedTest,L27984,L103,C:\Users\domco\Desktop\DP\repos\junit5\platform-tests\src\test\java\org\junit\platform\console\subpackage\ContainerForInnerTest.java,22,2,28,3,0.0,0,0,0,0.0,0.0,0,0,1,0,0,1,2,0,0,0,1,0.0,0.0,0,0,0,1,0.0,0,0,0,0,0,0,6,7,0,0,0,0,1,0,0,0,1,0,0,0,0,6,7,0,0,0,0,1,0,0,0,1,0,0,0,0,0,0,5,0,2,0,0,1,0,0,0,0,5,1,0,0,0,0,0,0,0
1508,L27999,ContainerForInnerTests$NestedTests,org.junit.platform.console.subpackage.ContainerForInnerTests$NestedTests,L27993,L103,C:\Users\domco\Desktop\DP\repos\junit5\platform-tests\src\test\java\org\junit\platform\console\subpackage\ContainerForInnerTests.java,22,2,28,3,0.0,0,0,0,0.0,0.0,0,0,1,0,0,1,2,0,0,0,1,0.0,0.0,0,0,0,1,0.0,0,0,0,0,0,0,6,7,0,0,0,0,1,0,0,0,1,0,0,0,0,6,7,0,0,0,0,1,0,0,0,1,0,0,0,0,0,0,5,0,2,0,0,1,0,0,0,0,5,1,0,0,0,0,0,0,0
1509,L28008,ContainerForStaticNestedTest$NestedTest,org.junit.platform.console.subpackage.ContainerForStaticNestedTest$NestedTest,L28002,L103,C:\Users\domco\Desktop\DP\repos\junit5\platform-tests\src\test\java\org\junit\platform\console\subpackage\ContainerForStaticNestedTest.java,21,2,26,3,0.0,0,0,0,0.0,0.0,0,0,1,0,0,1,1,0,0,0,1,0.0,0.0,0,0,0,1,0.0,0,0,0,0,0,0,5,6,0,0,0,0,1,0,0,0,1,0,0,0,0,5,6,0,0,0,0,1,0,0,0,1,0,0,0,0,0,0,5,0,2,0,0,1,0,0,0,0,5,1,0,0,0,0,0,0,0
1510,L28017,ContainerForStaticNestedTests$NestedTests,org.junit.platform.console.subpackage.ContainerForStaticNestedTests$NestedTests,L28011,L103,C:\Users\domco\Desktop\DP\repos\junit5\platform-tests\src\test\java\org\junit\platform\console\subpackage\ContainerForStaticNestedTests.java,21,2,26,3,0.0,0,0,0,0.0,0.0,0,0,1,0,0,1,1,0,0,0,1,0.0,0.0,0,0,0,1,0.0,0,0,0,0,0,0,5,6,0,0,0,0,1,0,0,0,1,0,0,0,0,5,6,0,0,0,0,1,0,0,0,1,0,0,0,0,0,0,5,0,2,0,0,1,0,0,0,0,5,1,0,0,0,0,0,0,0
1511,L28864,DiscoverySelectorsTests$NestedClassAndMethodSelectors,org.junit.platform.engine.discovery.DiscoverySelectorsTests$NestedClassAndMethodSelectors,L28744,L103,C:\Users\domco\Desktop\DP\repos\junit5\platform-tests\src\test\java\org\junit\platform\engine\discovery\DiscoverySelectorsTests.java,596,2,748,3,0.0,0,0,0,0.0,0.0,0,0,3,0,0,8,10,0,0,15,23,0.0,0.0,0,0,0,1,0.0,0,0,0,0,0,0,99,124,4,0,4,0,8,0,0,0,8,57,0,0,0,120,153,4,0,4,0,11,0,0,0,11,57,0,0,0,0,0,42,9,28,16,0,11,2,0,0,5,40,3,2,0,0,0,0,0,0
1512,L28803,DiscoverySelectorsTests$TestCaseWithDefaultMethod,org.junit.platform.engine.discovery.DiscoverySelectorsTests$TestCaseWithDefaultMethod,L28744,L103,C:\Users\domco\Desktop\DP\repos\junit5\platform-tests\src\test\java\org\junit\platform\engine\discovery\DiscoverySelectorsTests.java,774,2,776,3,0.0,0,0,0,0.0,0.0,0,0,0,0,0,0,1,1,0,0,0,0.0,0.0,0,0,0,1,0.0,0,1,1,0,0,1,2,3,0,0,0,0,0,0,0,0,1,0,0,1,0,2,3,0,0,0,0,0,0,0,0,1,0,0,1,0,0,0,3,0,0,0,0,0,0,0,0,0,3,0,0,0,0,0,0,0,0
1513,L17210,PrefixedConfigurationParameters,org.junit.platform.engine.support.config.PrefixedConfigurationParameters,L29192,L103,C:\Users\domco\Desktop\DP\repos\junit5\junit-platform-engine\src\main\java\org\junit\platform\engine\support\config\PrefixedConfigurationParameters.java,28,1,72,2,0.0,0,0,0,0.0,0.0,0,0,1,0,0,6,2,2,5,6,12,0.333333,0.348837,15,15,2,4,0.348837,15,1,1,0,0,1,28,45,3,1,2,1,6,0,5,0,6,7,1,5,0,28,45,3,1,2,1,6,0,5,0,6,7,1,5,0,0,0,13,0,0,0,0,0,0,0,0,0,11,0,0,0,0,0,0,2,0
1514,L29223,PrefixedConfigurationParametersTests,org.junit.platform.engine.support.config.PrefixedConfigurationParametersTests,L29192,L103,C:\Users\domco\Desktop\DP\repos\junit5\platform-tests\src\test\java\org\junit\platform\engine\support\config\PrefixedConfigurationParametersTests.java,34,1,89,2,0.0,0,0,0,0.0,0.0,0,0,2,0,0,5,6,0,0,10,15,1.0,0.108696,5,5,1,0,0.108696,5,0,0,0,0,0,41,56,1,0,1,0,5,0,0,0,5,21,0,0,0,41,56,1,0,1,0,5,0,0,0,5,21,0,0,0,0,0,13,1,6,1,0,5,1,0,0,0,12,0,1,0,0,0,0,0,0
1515,L10047,AbstractTestDescriptor,org.junit.platform.engine.support.descriptor.AbstractTestDescriptor,L29237,L103,C:\Users\domco\Desktop\DP\repos\junit5\junit-platform-engine\src\main\java\org\junit\platform\engine\support\descriptor\AbstractTestDescriptor.java,37,1,187,2,0.0,0,0,0,0.0,0.0,0,0,1,1,1,19,5,53,109,9,25,0.0666667,0.318841,44,42,1,14,0.318841,44,1,1,22,45,1,94,151,5,9,5,6,16,0,14,1,26,33,0,24,1,94,151,5,9,5,6,16,0,14,1,26,33,0,24,1,0,0,31,0,0,0,0,0,0,0,0,0,29,0,0,1,0,0,0,1,0
1516,L10999,ClasspathResourceSource,org.junit.platform.engine.support.descriptor.ClasspathResourceSource,L29237,L103,C:\Users\domco\Desktop\DP\repos\junit5\junit-platform-engine\src\main\java\org\junit\platform\engine\support\descriptor\ClasspathResourceSource.java,32,1,173,2,0.223108,1,3,1,0.084507,0.20339,12,12,1,1,1,15,5,3,10,8,18,0.666667,0.559702,75,73,6,3,0.559702,75,1,1,0,0,1,59,142,4,2,4,2,10,1,8,0,10,22,1,8,0,59,142,4,2,4,2,10,1,8,0,10,22,1,8,0,0,0,25,0,3,0,10,2,0,0,0,1,11,0,0,0,0,0,0,4,0
1517,L29352,ClassSource,org.junit.platform.engine.support.descriptor.ClassSource,L29237,L103,C:\Users\domco\Desktop\DP\repos\junit5\junit-platform-engine\src\main\java\org\junit\platform\engine\support\descriptor\ClassSource.java,42,1,177,2,0.211321,1,3,1,0.0808824,0.157143,11,11,1,1,1,19,6,16,27,7,21,0.727273,0.485294,66,64,8,3,0.485294,66,1,1,0,0,1,70,136,4,3,4,3,14,0,10,0,14,24,0,10,0,70,136,4,3,4,3,14,0,10,0,14,24,0,10,0,0,0,25,0,4,0,10,3,0,0,0,1,15,0,0,0,0,0,0,0,0
1518,L29400,CompositeTestSource,org.junit.platform.engine.support.descriptor.CompositeTestSource,L29237,L103,C:\Users\domco\Desktop\DP\repos\junit5\junit-platform-engine\src\main\java\org\junit\platform\engine\support\descriptor\CompositeTestSource.java,32,1,92,2,0.321168,1,3,1,0.180328,0.314286,11,11,1,1,1,9,3,1,3,5,11,0.5,0.40678,24,24,3,3,0.40678,24,1,1,0,0,1,35,61,2,1,2,1,6,0,5,0,6,13,0,5,0,35,61,2,1,2,1,6,0,5,0,6,13,0,5,0,0,0,20,0,2,0,11,1,0,0,0,1,9,0,0,0,0,0,0,0,0
1519,L29425,DefaultUriSource,org.junit.platform.engine.support.descriptor.DefaultUriSource,L29237,L103,C:\Users\domco\Desktop\DP\repos\junit5\junit-platform-engine\src\main\java\org\junit\platform\engine\support\descriptor\DefaultUriSource.java,24,1,61,2,0.436893,2,6,2,0.289474,0.366667,11,11,1,1,1,8,3,2,5,4,9,0.2,0.142857,5,5,1,4,0.142857,5,2,2,0,0,1,30,38,2,1,2,1,5,0,4,0,6,10,0,5,0,30,38,2,1,2,1,5,0,4,0,6,10,0,5,0,0,0,24,0,0,0,11,0,0,0,0,0,13,0,0,0,0,0,0,0,0
1520,L11026,DirectorySource,org.junit.platform.engine.support.descriptor.DirectorySource,L29237,L103,C:\Users\domco\Desktop\DP\repos\junit5\junit-platform-engine\src\main\java\org\junit\platform\engine\support\descriptor\DirectorySource.java,30,1,99,2,0.297297,1,3,1,0.157143,0.25,11,11,1,1,1,11,4,3,4,5,12,0.571429,0.333333,22,22,4,3,0.333333,22,3,3,0,0,1,44,70,2,2,2,2,7,0,6,0,8,15,0,7,0,44,70,2,2,2,2,7,0,6,0,8,15,0,7,0,0,0,20,0,2,0,11,1,0,0,0,1,9,0,0,0,0,0,0,0,0
1521,L667,EngineDescriptor,org.junit.platform.engine.support.descriptor.EngineDescriptor,L29237,L103,C:\Users\domco\Desktop\DP\repos\junit5\junit-platform-engine\src\main\java\org\junit\platform\engine\support\descriptor\EngineDescriptor.java,24,1,53,2,0.0,0,0,0,0.0,0.0,0,0,0,0,0,2,3,14,15,1,3,1.0,0.69697,23,23,3,0,0.69697,23,2,2,4,4,1,10,30,5,9,0,1,2,0,2,0,27,2,0,25,1,10,30,5,9,0,1,2,0,2,0,27,2,0,25,1,0,0,0,0,0,0,0,0,0,0,0,0,0,0,0,0,0,0,0,0,0
1522,L10993,FilePosition,org.junit.platform.engine.support.descriptor.FilePosition,L29237,L103,C:\Users\domco\Desktop\DP\repos\junit5\junit-platform-engine\src\main\java\org\junit\platform\engine\support\descriptor\FilePosition.java,32,1,178,2,0.0,0,0,0,0.0,0.0,0,0,1,6,5,26,5,9,22,7,17,0.666667,0.394161,54,50,6,3,0.394161,54,0,0,0,0,0,83,147,4,2,4,2,10,0,8,0,10,38,0,8,0,83,147,4,2,4,2,10,0,8,0,10,38,0,8,0,0,0,16,0,3,0,0,2,0,5,0,1,11,0,0,0,0,0,0,0,0
1523,L11016,FileSource,org.junit.platform.engine.support.descriptor.FileSource,L29237,L103,C:\Users\domco\Desktop\DP\repos\junit5\junit-platform-engine\src\main\java\org\junit\platform\engine\support\descriptor\FileSource.java,33,1,130,2,0.270531,1,3,1,0.112245,0.189655,11,11,1,1,1,15,5,4,8,5,15,0.666667,0.369565,34,32,6,3,0.369565,34,3,3,0,0,1,58,98,3,3,3,3,10,0,8,0,11,19,0,9,0,58,98,3,3,3,3,10,0,8,0,11,19,0,9,0,0,0,21,0,3,0,10,2,0,0,0,1,11,0,0,0,0,0,0,0,0
1524,L10267,MethodSource,org.junit.platform.engine.support.descriptor.MethodSource,L29237,L103,C:\Users\domco\Desktop\DP\repos\junit5\junit-platform-engine\src\main\java\org\junit\platform\engine\support\descriptor\MethodSource.java,33,1,186,2,0.309375,2,4,2,0.149351,0.269231,23,21,1,1,1,20,4,12,33,6,21,0.75,0.469388,69,65,9,3,0.469388,69,1,1,0,0,1,78,154,4,3,4,3,15,0,11,0,15,28,0,11,0,78,154,4,3,4,3,15,0,11,0,15,28,0,11,0,0,0,28,0,4,0,15,3,0,0,0,1,13,0,0,0,0,0,0,0,0
1525,L29583,PackageSource,org.junit.platform.engine.support.descriptor.PackageSource,L29237,L103,C:\Users\domco\Desktop\DP\repos\junit5\junit-platform-engine\src\main\java\org\junit\platform\engine\support\descriptor\PackageSource.java,31,1,93,2,0.323741,2,6,2,0.174603,0.282051,11,11,1,1,1,11,3,1,4,5,13,0.571429,0.360656,22,22,4,3,0.360656,22,1,1,0,0,1,39,63,2,1,2,1,8,0,6,0,8,13,0,6,0,39,63,2,1,2,1,8,0,6,0,8,13,0,6,0,0,0,22,0,2,0,11,1,0,0,0,1,11,0,0,0,0,0,0,0,0
1526,L29608,ResourceUtils,org.junit.platform.engine.support.descriptor.ResourceUtils,L29237,L103,C:\Users\domco\Desktop\DP\repos\junit5\junit-platform-engine\src\main\java\org\junit\platform\engine\support\descriptor\ResourceUtils.java,23,1,48,2,0.0,0,0,0,0.0,0.0,0,0,1,1,1,3,2,2,2,2,4,1.0,0.538462,14,13,1,0,0.538462,14,0,0,0,0,0,12,26,0,0,0,0,2,0,0,0,2,5,0,0,0,12,26,0,0,0,0,2,0,0,0,2,5,0,0,0,0,0,0,0,1,0,0,1,0,0,0,0,0,0,0,0,0,0,0,0,0
1527,L29624,AbstractTestDescriptorTests,org.junit.platform.engine.support.descriptor.AbstractTestDescriptorTests,L29237,L103,C:\Users\domco\Desktop\DP\repos\junit5\platform-tests\src\test\java\org\junit\platform\engine\support\descriptor\AbstractTestDescriptorTests.java,35,1,137,2,0.0,0,0,0,0.0,0.0,0,0,2,0,0,8,11,0,0,18,26,1.0,0.0609756,5,5,1,0,0.0609756,5,0,0,0,0,0,77,103,1,0,1,0,8,0,0,2,8,48,0,0,2,77,103,1,0,1,0,8,0,0,2,8,48,0,0,2,0,0,20,3,32,22,0,10,1,0,1,0,18,0,3,0,0,0,0,0,0
1528,L29630,GroupDescriptor,org.junit.platform.engine.support.descriptor.GroupDescriptor,L29237,L103,C:\Users\domco\Desktop\DP\repos\junit5\platform-tests\src\test\java\org\junit\platform\engine\support\descriptor\AbstractTestDescriptorTests.java,139,1,150,2,0.0,0,0,0,0.0,0.0,0,0,0,0,0,2,3,1,1,1,3,0.0,0.0,0,0,0,2,0.0,0,2,2,0,0,1,9,12,5,9,0,1,2,0,1,0,27,2,0,24,1,9,12,5,9,0,1,2,0,1,0,27,2,0,24,1,0,0,7,0,1,0,0,0,0,0,0,0,7,0,1,0,0,0,0,0,0
1529,L29635,LeafDescriptor,org.junit.platform.engine.support.descriptor.LeafDescriptor,L29237,L103,C:\Users\domco\Desktop\DP\repos\junit5\platform-tests\src\test\java\org\junit\platform\engine\support\descriptor\AbstractTestDescriptorTests.java,152,1,163,2,0.0,0,0,0,0.0,0.0,0,0,0,0,0,2,3,1,1,1,3,0.0,0.0,0,0,0,2,0.0,0,2,2,0,0,1,9,12,5,9,0,1,2,0,1,0,27,2,0,24,1,9,12,5,9,0,1,2,0,1,0,27,2,0,24,1,0,0,7,0,1,0,0,0,0,0,0,0,7,0,1,0,0,0,0,0,0
1530,L29668,AbstractTestSourceTests,org.junit.platform.engine.support.descriptor.AbstractTestSourceTests,L29237,L103,C:\Users\domco\Desktop\DP\repos\junit5\platform-tests\src\test\java\org\junit\platform\engine\support\descriptor\AbstractTestSourceTests.java,37,1,85,2,0.0,0,0,0,0.0,0.0,0,0,3,1,1,8,4,8,0,4,11,1.0,0.166667,8,6,1,0,0.166667,8,1,1,8,8,1,40,49,0,0,0,0,7,0,0,0,8,18,0,0,0,40,49,0,0,0,0,7,0,0,0,8,18,0,0,0,0,0,17,6,3,0,0,3,1,0,0,6,16,0,0,0,0,0,0,0,0
1531,L29691,ClasspathResourceSourceTests,org.junit.platform.engine.support.descriptor.ClasspathResourceSourceTests,L29237,L103,C:\Users\domco\Desktop\DP\repos\junit5\platform-tests\src\test\java\org\junit\platform\engine\support\descriptor\ClasspathResourceSourceTests.java,28,1,120,2,0.0853659,1,1,1,0.107527,0.123288,10,9,2,0,0,9,7,0,0,9,18,1.0,0.0641026,5,5,1,0,0.0641026,5,2,2,0,0,1,73,93,3,0,3,0,9,0,0,0,16,38,0,0,0,73,93,3,0,3,0,9,0,0,0,16,38,0,0,0,0,0,28,0,17,8,7,9,1,0,0,0,20,0,0,0,0,0,0,0,0
1532,L29717,ClassSourceTests,org.junit.platform.engine.support.descriptor.ClassSourceTests,L29237,L103,C:\Users\domco\Desktop\DP\repos\junit5\platform-tests\src\test\java\org\junit\platform\engine\support\descriptor\ClassSourceTests.java,27,1,134,2,0.0,0,0,0,0.0,0.0,0,0,7,0,0,10,7,0,0,10,20,1.0,0.102041,10,5,1,0,0.102041,10,2,2,0,0,1,88,108,0,0,0,0,10,0,0,0,17,47,0,0,0,88,108,0,0,0,0,10,0,0,0,17,47,0,0,0,0,0,21,0,17,7,0,10,1,0,0,0,20,0,0,0,0,0,0,0,0
1533,L29750,CompositeTestSourceTests,org.junit.platform.engine.support.descriptor.CompositeTestSourceTests,L29237,L103,C:\Users\domco\Desktop\DP\repos\junit5\platform-tests\src\test\java\org\junit\platform\engine\support\descriptor\CompositeTestSourceTests.java,32,1,78,2,0.0,0,0,0,0.0,0.0,0,0,5,0,0,5,9,0,0,6,11,1.0,0.162791,7,5,1,0,0.162791,7,2,2,0,0,1,36,47,0,0,0,0,5,0,0,0,12,18,0,0,0,36,47,0,0,0,0,5,0,0,0,12,18,0,0,0,0,0,13,0,7,2,0,5,1,0,0,0,12,0,0,0,0,0,0,0,0
1534,L29767,DefaultUriSourceTests,org.junit.platform.engine.support.descriptor.DefaultUriSourceTests,L29237,L103,C:\Users\domco\Desktop\DP\repos\junit5\platform-tests\src\test\java\org\junit\platform\engine\support\descriptor\DefaultUriSourceTests.java,28,1,59,2,0.0,0,0,0,0.0,0.0,0,0,5,0,0,5,7,0,0,7,12,1.0,0.15625,5,5,1,0,0.15625,5,2,2,0,0,1,27,32,0,0,0,0,5,0,0,0,12,10,0,0,0,27,32,0,0,0,0,5,0,0,0,12,10,0,0,0,0,0,13,2,7,2,0,5,1,0,0,2,12,0,0,0,0,0,0,0,0
1535,L29780,DemoClassTestDescriptor,org.junit.platform.engine.support.descriptor.DemoClassTestDescriptor,L29237,L103,C:\Users\domco\Desktop\DP\repos\junit5\platform-tests\src\test\java\org\junit\platform\engine\support\descriptor\DemoClassTestDescriptor.java,29,1,71,2,0.0,0,0,0,0.0,0.0,0,0,0,0,0,3,10,1,1,5,8,0.25,0.333333,11,3,1,3,0.333333,11,2,2,0,0,1,22,43,7,10,2,2,3,0,3,0,28,4,0,26,1,22,43,7,10,2,2,3,0,3,0,28,4,0,26,1,0,0,5,0,0,0,0,0,0,0,0,0,5,0,0,0,0,0,0,0,0
1536,L29792,DemoMethodTestDescriptor,org.junit.platform.engine.support.descriptor.DemoMethodTestDescriptor,L29237,L103,C:\Users\domco\Desktop\DP\repos\junit5\platform-tests\src\test\java\org\junit\platform\engine\support\descriptor\DemoMethodTestDescriptor.java,31,1,89,2,0.0,0,0,0,0.0,0.0,0,0,0,0,0,5,11,2,2,7,12,0.166667,0.244444,11,3,1,5,0.244444,11,2,2,0,0,1,34,59,8,12,3,4,5,0,5,0,30,9,0,28,1,34,59,8,12,3,4,5,0,5,0,30,9,0,28,1,0,0,12,0,0,0,0,0,0,0,1,0,11,0,0,0,0,0,0,0,0
1537,L29810,FilePositionTests,org.junit.platform.engine.support.descriptor.FilePositionTests,L29237,L103,C:\Users\domco\Desktop\DP\repos\junit5\platform-tests\src\test\java\org\junit\platform\engine\support\descriptor\FilePositionTests.java,33,1,123,2,0.0,0,0,0,0.0,0.0,0,0,7,1,1,9,10,0,0,9,17,1.0,0.217391,20,8,1,0,0.217391,20,2,2,0,0,1,72,91,0,0,0,0,8,0,0,0,15,25,0,0,0,72,91,0,0,0,0,8,0,0,0,15,25,0,0,0,0,0,17,0,16,6,0,10,1,0,0,0,16,0,0,0,0,0,0,0,0
1538,L29829,FileSystemSourceTests,org.junit.platform.engine.support.descriptor.FileSystemSourceTests,L29237,L103,C:\Users\domco\Desktop\DP\repos\junit5\platform-tests\src\test\java\org\junit\platform\engine\support\descriptor\FileSystemSourceTests.java,27,1,95,2,0.0,0,0,0,0.0,0.0,0,0,6,0,0,7,8,0,0,11,18,1.0,0.112903,7,5,1,0,0.112903,7,2,2,0,0,1,55,69,0,0,0,0,7,0,0,0,14,29,0,0,0,55,69,0,0,0,0,7,0,0,0,14,29,0,0,0,0,0,15,2,11,4,0,7,1,0,0,2,14,0,0,0,0,0,0,0,0
1539,L29846,MethodSourceTests,org.junit.platform.engine.support.descriptor.MethodSourceTests,L29237,L103,C:\Users\domco\Desktop\DP\repos\junit5\platform-tests\src\test\java\org\junit\platform\engine\support\descriptor\MethodSourceTests.java,30,1,220,2,0.0,0,0,0,0.0,0.0,0,0,26,0,0,29,6,0,0,15,44,1.0,0.0496894,8,5,1,0,0.0496894,8,2,2,0,0,1,153,191,0,1,0,1,29,0,0,0,36,54,0,0,0,153,191,0,1,0,1,29,0,0,0,36,54,0,0,0,0,0,60,17,52,22,0,28,1,0,0,11,58,2,6,0,0,0,0,1,0
1540,L29885,PackageSourceTests,org.junit.platform.engine.support.descriptor.PackageSourceTests,L29237,L103,C:\Users\domco\Desktop\DP\repos\junit5\platform-tests\src\test\java\org\junit\platform\engine\support\descriptor\PackageSourceTests.java,27,1,72,2,0.0,0,0,0,0.0,0.0,0,0,7,0,0,7,6,0,0,5,12,1.0,0.121951,5,5,1,0,0.121951,5,2,2,0,0,1,36,46,0,0,0,0,7,0,0,0,14,13,0,0,0,36,46,0,0,0,0,7,0,0,0,14,13,0,0,0,0,0,17,0,7,0,0,7,1,0,0,0,16,0,0,0,0,0,0,0,0
1541,L29905,ClassContainerSelectorResolver,org.junit.platform.engine.support.discovery.ClassContainerSelectorResolver,L29898,L103,C:\Users\domco\Desktop\DP\repos\junit5\junit-platform-engine\src\main\java\org\junit\platform\engine\support\discovery\ClassContainerSelectorResolver.java,31,1,63,2,0.0,0,0,0,0.0,0.0,0,0,1,1,1,6,7,0,0,8,13,0.25,0.103448,3,3,1,3,0.103448,3,1,1,0,0,1,26,33,2,0,2,0,5,0,3,0,15,8,0,13,0,26,33,2,0,2,0,5,0,3,0,15,8,0,13,0,0,0,13,0,0,0,0,0,0,0,0,0,13,0,0,0,0,0,0,0,0
1542,L29930,EngineDiscoveryRequestResolution,org.junit.platform.engine.support.discovery.EngineDiscoveryRequestResolution,L29898,L103,C:\Users\domco\Desktop\DP\repos\junit5\junit-platform-engine\src\main\java\org\junit\platform\engine\support\discovery\EngineDiscoveryRequestResolution.java,57,1,259,2,0.0,0,0,0,0.0,0.0,0,0,1,2,2,15,14,2,2,15,23,1.0,0.0574713,5,3,1,0,0.0538462,7,0,0,0,0,0,82,141,9,1,9,1,8,0,0,0,8,35,0,0,0,123,203,10,1,10,1,13,0,3,0,13,50,0,3,0,0,0,34,1,1,0,0,1,0,0,1,0,31,0,1,0,0,0,0,2,0
1543,L11318,EngineDiscoveryRequestResolver<T extends TestDescriptor>,org.junit.platform.engine.support.discovery.EngineDiscoveryRequestResolver,L29898,L103,C:\Users\domco\Desktop\DP\repos\junit5\junit-platform-engine\src\main\java\org\junit\platform\engine\support\discovery\EngineDiscoveryRequestResolver.java,51,1,293,2,0.0,0,0,0,0.0,0.0,0,0,2,0,0,4,9,3,5,5,9,1.0,0.722222,65,65,3,0,0.623377,144,0,0,0,0,0,25,100,2,0,2,0,4,0,2,0,4,10,0,2,0,87,243,7,6,7,6,18,0,13,0,18,29,0,13,0,0,0,18,0,0,0,0,0,1,0,0,0,17,0,0,0,0,0,0,0,0
1544,L30343,ClasspathScanningSupport,org.junit.platform.engine.support.filter.ClasspathScanningSupport,L30339,L103,C:\Users\domco\Desktop\DP\repos\junit5\junit-platform-engine\src\main\java\org\junit\platform\engine\support\filter\ClasspathScanningSupport.java,33,1,70,2,0.0,0,0,0,0.0,0.0,0,0,1,0,0,3,6,0,0,4,7,1.0,0.575,23,22,3,0,0.575,23,0,0,0,0,0,17,38,0,0,0,0,3,0,2,0,3,5,0,2,0,17,38,0,0,0,0,3,0,2,0,3,5,0,2,0,0,0,0,0,0,0,0,0,0,0,0,0,0,0,0,0,0,0,0,0,0
1545,L30407,CompositeLock,org.junit.platform.engine.support.hierarchical.CompositeLock,L30354,L103,C:\Users\domco\Desktop\DP\repos\junit5\junit-platform-engine\src\main\java\org\junit\platform\engine\support\hierarchical\CompositeLock.java,21,1,83,2,0.0,0,0,0,0.0,0.0,0,0,2,2,2,9,2,5,5,0,6,0.333333,0.1,4,4,1,2,0.0754717,4,1,1,0,0,1,36,46,1,1,1,1,6,0,2,0,7,16,0,3,0,49,63,2,1,2,1,8,0,4,0,9,20,0,5,0,0,0,21,0,1,0,0,1,1,0,0,0,20,0,0,0,0,0,0,0,0
1546,L30450,DefaultParallelExecutionConfiguration,org.junit.platform.engine.support.hierarchical.DefaultParallelExecutionConfiguration,L30354,L103,C:\Users\domco\Desktop\DP\repos\junit5\junit-platform-engine\src\main\java\org\junit\platform\engine\support\hierarchical\DefaultParallelExecutionConfiguration.java,16,1,58,2,0.0,0,0,0,0.0,0.0,0,0,0,0,0,6,1,3,3,0,6,0.166667,0.0789474,3,3,1,5,0.0789474,3,1,1,0,0,1,35,43,5,5,5,5,6,0,5,0,6,10,0,5,0,35,43,5,5,5,5,6,0,5,0,6,10,0,5,0,0,0,15,0,0,0,0,0,0,0,0,0,15,0,0,0,0,0,0,0,0
1547,L9437,ExclusiveResource,org.junit.platform.engine.support.hierarchical.ExclusiveResource,L30354,L103,C:\Users\domco\Desktop\DP\repos\junit5\junit-platform-engine\src\main\java\org\junit\platform\engine\support\hierarchical\ExclusiveResource.java,29,1,113,2,0.0,0,0,0,0.0,0.0,0,0,1,1,1,11,3,10,5,5,11,0.571429,0.338983,20,20,4,3,0.4625,37,0,0,0,0,0,39,68,3,2,3,2,6,0,6,0,6,15,0,6,0,43,85,5,2,5,2,6,2,6,0,6,15,2,6,0,0,0,13,0,0,0,0,0,0,0,0,0,7,0,0,0,0,0,0,6,0
1548,L17205,ForkJoinPoolHierarchicalTestExecutorService,org.junit.platform.engine.support.hierarchical.ForkJoinPoolHierarchicalTestExecutorService,L30354,L103,C:\Users\domco\Desktop\DP\repos\junit5\junit-platform-engine\src\main\java\org\junit\platform\engine\support\hierarchical\ForkJoinPoolHierarchicalTestExecutorService.java,47,1,198,2,0.0,0,0,0,0.0,0.0,0,0,2,2,2,17,12,1,1,10,19,0.4,0.27451,28,15,2,3,0.218045,29,1,1,0,0,1,74,115,2,0,2,0,9,0,4,0,9,34,0,4,0,104,152,4,0,4,0,13,0,6,0,13,41,0,6,0,0,0,35,0,0,0,0,0,1,0,1,0,33,0,0,0,0,0,0,0,0
1549,L17181,HierarchicalTestEngine<C extends EngineExecutionContext>,org.junit.platform.engine.support.hierarchical.HierarchicalTestEngine,L30354,L103,C:\Users\domco\Desktop\DP\repos\junit5\junit-platform-engine\src\main\java\org\junit\platform\engine\support\hierarchical\HierarchicalTestEngine.java,29,1,112,2,0.0,0,0,0,0.0,0.0,0,0,1,1,1,5,9,2,1,4,8,1.0,0.724138,63,63,2,0,0.724138,63,1,1,2,2,1,24,84,0,4,0,0,4,0,1,0,9,7,0,6,0,24,84,0,4,0,0,4,0,1,0,9,7,0,6,0,0,0,0,1,0,0,0,0,0,0,0,1,0,0,0,0,0,0,0,0,0
1550,L30695,HierarchicalTestExecutor<C extends EngineExecutionContext>,org.junit.platform.engine.support.hierarchical.HierarchicalTestExecutor,L30354,L103,C:\Users\domco\Desktop\DP\repos\junit5\junit-platform-engine\src\main\java\org\junit\platform\engine\support\hierarchical\HierarchicalTestExecutor.java,34,1,60,2,0.0,0,0,0,0.0,0.0,0,0,1,0,0,2,11,3,22,7,9,1.0,0.378378,14,14,1,0,0.378378,14,0,0,1,1,0,23,27,4,0,4,0,2,0,0,0,2,11,0,0,0,23,27,4,0,4,0,2,0,0,0,2,11,0,0,0,0,0,5,0,1,0,0,1,0,0,1,0,4,0,0,0,0,0,0,0,0
1551,L30770,LockManager,org.junit.platform.engine.support.hierarchical.LockManager,L30354,L103,C:\Users\domco\Desktop\DP\repos\junit5\junit-platform-engine\src\main\java\org\junit\platform\engine\support\hierarchical\LockManager.java,31,1,72,2,0.0,0,0,0,0.0,0.0,0,0,1,1,1,5,5,2,2,2,5,1.0,0.142857,5,3,1,0,0.142857,5,0,0,0,0,0,30,42,2,2,2,2,3,0,0,0,3,10,0,0,0,30,42,2,2,2,2,3,0,0,0,3,10,0,0,0,0,0,8,0,1,0,0,1,0,0,0,0,8,0,0,0,0,0,0,0,0
1552,L30731,NodeExecutionAdvisor,org.junit.platform.engine.support.hierarchical.NodeExecutionAdvisor,L30354,L103,C:\Users\domco\Desktop\DP\repos\junit5\junit-platform-engine\src\main\java\org\junit\platform\engine\support\hierarchical\NodeExecutionAdvisor.java,23,1,51,2,0.0,0,0,0,0.0,0.0,0,0,2,1,1,6,4,5,5,1,6,1.0,0.115385,3,3,1,0,0.115385,3,0,0,0,0,0,23,29,2,2,2,2,5,0,0,0,5,8,0,0,0,23,29,2,2,2,2,5,0,0,0,5,8,0,0,0,0,0,13,0,4,0,0,4,1,0,0,0,12,0,0,0,0,0,0,0,0
1553,L30747,NodeTestTask<C extends EngineExecutionContext>,org.junit.platform.engine.support.hierarchical.NodeTestTask,L30354,L103,C:\Users\domco\Desktop\DP\repos\junit5\junit-platform-engine\src\main\java\org\junit\platform\engine\support\hierarchical\NodeTestTask.java,36,1,215,2,0.0,0,0,0,0.0,0.0,0,0,1,2,2,20,16,3,2,22,32,0.25,0.121495,13,3,1,3,0.0955882,13,1,1,0,0,1,94,149,9,2,9,2,10,0,3,1,10,41,0,3,1,123,180,10,2,10,2,12,0,5,1,12,54,0,5,1,0,0,32,2,1,0,0,1,0,0,4,0,26,0,2,0,0,0,0,2,0
1554,L30741,NodeTestTaskContext,org.junit.platform.engine.support.hierarchical.NodeTestTaskContext,L30354,L103,C:\Users\domco\Desktop\DP\repos\junit5\junit-platform-engine\src\main\java\org\junit\platform\engine\support\hierarchical\NodeTestTaskContext.java,18,1,48,2,0.0,0,0,0,0.0,0.0,0,0,0,0,0,5,5,3,7,0,5,0.5,0.107143,3,3,1,1,0.107143,3,0,0,0,0,0,25,31,4,4,4,4,5,0,1,0,5,8,0,1,0,25,31,4,4,4,4,5,0,1,0,5,8,0,1,0,0,0,13,0,4,0,0,4,0,0,0,0,13,0,0,0,0,0,0,0,0
1555,L30736,NodeTreeWalker,org.junit.platform.engine.support.hierarchical.NodeTreeWalker,L30354,L103,C:\Users\domco\Desktop\DP\repos\junit5\junit-platform-engine\src\main\java\org\junit\platform\engine\support\hierarchical\NodeTreeWalker.java,24,1,61,2,0.0,0,0,0,0.0,0.0,0,0,1,1,1,5,7,2,3,6,10,1.0,0.0967742,3,3,1,0,0.0967742,3,0,0,0,0,0,28,38,1,1,1,1,4,0,0,0,4,12,0,0,0,28,38,1,1,1,1,4,0,0,0,4,12,0,0,0,0,0,10,0,1,0,0,1,0,0,0,0,10,0,0,0,0,0,0,0,0
1556,L31057,NodeUtils,org.junit.platform.engine.support.hierarchical.NodeUtils,L30354,L103,C:\Users\domco\Desktop\DP\repos\junit5\junit-platform-engine\src\main\java\org\junit\platform\engine\support\hierarchical\NodeUtils.java,18,1,33,2,0.0,0,0,0,0.0,0.0,0,0,1,0,0,3,3,3,3,0,2,1.0,0.266667,4,3,1,0,0.266667,4,0,0,0,0,0,11,16,1,0,1,0,2,0,0,0,2,1,0,0,0,11,16,1,2,1,0,2,0,0,0,13,1,0,11,0,0,0,5,0,2,0,0,2,0,0,0,0,5,0,0,0,0,0,0,0,0
1557,L31068,NopLock,org.junit.platform.engine.support.hierarchical.NopLock,L30354,L103,C:\Users\domco\Desktop\DP\repos\junit5\junit-platform-engine\src\main\java\org\junit\platform\engine\support\hierarchical\NopLock.java,18,1,35,2,0.0,0,0,0,0.0,0.0,0,0,2,0,0,3,1,4,0,0,3,0.333333,0.333333,6,5,1,2,0.333333,6,1,1,0,0,1,12,18,1,0,1,0,3,0,2,0,4,1,0,3,0,12,18,1,0,1,0,3,0,2,0,4,1,0,3,0,0,0,6,0,2,0,0,1,1,0,0,1,5,0,0,0,0,0,0,0,0
1558,L10729,OpenTest4JAwareThrowableCollector,org.junit.platform.engine.support.hierarchical.OpenTest4JAwareThrowableCollector,L30354,L103,C:\Users\domco\Desktop\DP\repos\junit5\junit-platform-engine\src\main\java\org\junit\platform\engine\support\hierarchical\OpenTest4JAwareThrowableCollector.java,25,1,32,2,0.0,0,0,0,0.0,0.0,0,0,0,0,0,1,1,2,4,0,1,0.5,0.538462,7,7,1,1,0.538462,7,1,1,0,0,1,6,8,2,1,0,0,1,0,1,0,10,1,0,8,0,6,8,2,1,0,0,1,0,1,0,10,1,0,8,0,0,0,3,0,0,0,0,0,0,0,0,0,3,0,0,0,0,0,0,0,0
1559,L30706,SameThreadHierarchicalTestExecutorService,org.junit.platform.engine.support.hierarchical.SameThreadHierarchicalTestExecutorService,L30354,L103,C:\Users\domco\Desktop\DP\repos\junit5\junit-platform-engine\src\main\java\org\junit\platform\engine\support\hierarchical\SameThreadHierarchicalTestExecutorService.java,27,1,46,2,0.0,0,0,0,0.0,0.0,0,0,3,0,0,3,2,2,0,1,4,0.25,0.318182,7,6,1,3,0.318182,7,1,1,0,0,1,15,20,0,0,0,0,3,0,3,0,3,3,0,3,0,15,20,0,0,0,0,3,0,3,0,3,3,0,3,0,0,0,6,0,0,0,0,0,1,0,0,0,5,0,0,0,0,0,0,0,0
1560,L30809,SingleLock,org.junit.platform.engine.support.hierarchical.SingleLock,L30354,L103,C:\Users\domco\Desktop\DP\repos\junit5\junit-platform-engine\src\main\java\org\junit\platform\engine\support\hierarchical\SingleLock.java,19,1,61,2,0.0,0,0,0,0.0,0.0,0,0,2,0,0,4,2,5,4,0,4,0.333333,0.181818,4,4,1,2,0.114286,4,1,1,0,0,1,18,26,1,1,1,1,4,0,2,0,5,5,0,3,0,31,43,2,1,2,1,6,0,4,0,7,9,0,5,0,0,0,17,0,1,0,0,1,1,0,0,0,16,0,0,0,0,0,0,0,0
1561,L31121,SingleTestExecutor,org.junit.platform.engine.support.hierarchical.SingleTestExecutor,L30354,L103,C:\Users\domco\Desktop\DP\repos\junit5\junit-platform-engine\src\main\java\org\junit\platform\engine\support\hierarchical\SingleTestExecutor.java,32,1,82,2,0.0,0,0,0,0.0,0.0,0,0,1,1,1,3,3,1,3,5,6,1.0,0.585366,24,24,2,0,0.618182,34,0,0,0,0,0,17,39,0,0,0,0,1,0,1,0,1,6,0,1,0,21,51,0,0,0,0,2,0,2,0,2,6,0,2,0,0,0,0,1,0,0,0,0,0,0,0,0,0,0,1,0,0,0,0,0,0
1562,L9465,ThrowableCollector,org.junit.platform.engine.support.hierarchical.ThrowableCollector,L30354,L103,C:\Users\domco\Desktop\DP\repos\junit5\junit-platform-engine\src\main\java\org\junit\platform\engine\support\hierarchical\ThrowableCollector.java,40,1,217,2,0.0,0,0,0,0.0,0.0,0,0,1,3,1,17,5,20,23,7,16,1.0,0.618421,94,93,8,0,0.624277,108,0,0,2,2,0,58,160,2,1,2,1,9,0,7,0,9,24,0,7,0,65,178,2,1,2,1,11,0,9,0,11,24,0,9,0,0,0,2,1,0,0,0,0,0,0,0,0,2,0,1,0,0,0,0,0,0
1563,L31164,DemoEngineExecutionContext,org.junit.platform.engine.support.hierarchical.DemoEngineExecutionContext,L30354,L103,C:\Users\domco\Desktop\DP\repos\junit5\junit-platform-engine\src\testFixtures\java\org\junit\platform\engine\support\hierarchical\DemoEngineExecutionContext.java,16,1,17,2,0.0,0,0,0,0.0,0.0,0,0,0,0,0,0,1,4,0,0,0,1.0,0.6,3,3,1,0,0.6,3,1,1,0,0,1,2,2,0,0,0,0,0,0,0,0,0,0,0,0,0,2,2,0,0,0,0,0,0,0,0,0,0,0,0,0,0,0,0,0,0,0,0,0,0,0,0,0,0,0,0,0,0,0,0,0,0
1564,L31167,DemoHierarchicalContainerDescriptor,org.junit.platform.engine.support.hierarchical.DemoHierarchicalContainerDescriptor,L30354,L103,C:\Users\domco\Desktop\DP\repos\junit5\junit-platform-engine\src\testFixtures\java\org\junit\platform\engine\support\hierarchical\DemoHierarchicalContainerDescriptor.java,23,1,68,2,0.0,0,0,0,0.0,0.0,0,0,3,1,1,9,8,2,1,3,10,0.142857,0.075,3,3,1,6,0.075,3,2,3,0,0,2,37,46,8,11,3,1,7,0,6,0,40,11,0,37,1,37,46,8,11,3,1,7,0,6,0,40,11,0,37,1,0,0,19,0,0,0,0,0,1,0,0,0,17,0,0,1,0,0,0,0,0
1565,L31200,DemoHierarchicalEngineDescriptor,org.junit.platform.engine.support.hierarchical.DemoHierarchicalEngineDescriptor,L30354,L103,C:\Users\domco\Desktop\DP\repos\junit5\junit-platform-engine\src\testFixtures\java\org\junit\platform\engine\support\hierarchical\DemoHierarchicalEngineDescriptor.java,22,1,53,2,0.0,0,0,0,0.0,0.0,0,0,2,0,0,6,6,2,3,4,9,0.166667,0.107143,3,3,1,5,0.107143,3,3,4,0,0,2,25,32,8,11,3,0,5,0,5,1,41,7,0,39,2,25,32,8,11,3,0,5,0,5,1,41,7,0,39,2,0,0,15,0,0,0,0,0,1,0,0,0,13,0,0,1,0,0,0,0,0
1566,L31220,DemoHierarchicalTestDescriptor,org.junit.platform.engine.support.hierarchical.DemoHierarchicalTestDescriptor,L30354,L103,C:\Users\domco\Desktop\DP\repos\junit5\junit-platform-engine\src\testFixtures\java\org\junit\platform\engine\support\hierarchical\DemoHierarchicalTestDescriptor.java,23,1,63,2,0.0,0,0,0,0.0,0.0,0,0,2,1,1,9,9,5,6,3,9,0.166667,0.0833333,3,3,1,5,0.0833333,3,2,3,0,0,2,33,41,8,11,3,1,6,0,5,0,40,10,0,37,1,33,41,8,11,3,1,6,0,5,0,40,10,0,37,1,0,0,17,0,0,0,0,0,1,0,0,0,15,0,0,1,0,0,0,0,0
1567,L27453,DemoHierarchicalTestEngine,org.junit.platform.engine.support.hierarchical.DemoHierarchicalTestEngine,L30354,L103,C:\Users\domco\Desktop\DP\repos\junit5\junit-platform-engine\src\testFixtures\java\org\junit\platform\engine\support\hierarchical\DemoHierarchicalTestEngine.java,25,1,96,2,0.0,0,0,0,0.0,0.0,0,0,2,0,0,12,13,6,40,9,21,0.0833333,0.05,3,3,1,11,0.05,3,2,2,0,0,1,57,72,2,5,2,2,12,0,11,0,18,23,0,15,0,57,72,2,5,2,2,12,0,11,0,18,23,0,15,0,0,0,29,0,0,0,0,0,1,0,1,0,27,0,0,0,0,0,0,0,0
1568,L31297,CompositeLockTests,org.junit.platform.engine.support.hierarchical.CompositeLockTests,L30354,L103,C:\Users\domco\Desktop\DP\repos\junit5\platform-tests\src\test\java\org\junit\platform\engine\support\hierarchical\CompositeLockTests.java,30,1,94,2,0.0,0,0,0,0.0,0.0,0,0,3,0,0,4,4,0,0,3,7,1.0,0.0612245,3,3,1,0,0.0612245,3,0,0,0,0,0,46,65,0,0,0,0,4,0,0,0,4,28,0,0,0,46,65,0,0,0,0,4,0,0,0,4,28,0,0,0,0,0,11,5,3,2,0,3,1,0,0,3,10,0,0,0,0,0,0,0,0
1569,L31315,DefaultParallelExecutionConfigurationStrategyTests,org.junit.platform.engine.support.hierarchical.DefaultParallelExecutionConfigurationStrategyTests,L30354,L103,C:\Users\domco\Desktop\DP\repos\junit5\platform-tests\src\test\java\org\junit\platform\engine\support\hierarchical\DefaultParallelExecutionConfigurationStrategyTests.java,31,1,184,2,0.230179,1,2,2,0.168831,0.184874,26,22,1,0,0,14,11,0,0,10,24,1.0,0.0258621,3,3,1,0,0.0245902,3,0,0,0,0,0,113,148,1,0,1,0,14,0,0,1,14,66,0,0,1,119,154,1,0,1,0,15,0,1,1,15,67,0,1,1,0,1,53,1,20,5,17,14,0,0,1,1,35,0,2,0,0,0,0,0,0
1570,L31349,HierarchicalTestExecutorTests,org.junit.platform.engine.support.hierarchical.HierarchicalTestExecutorTests,L30354,L103,C:\Users\domco\Desktop\DP\repos\junit5\platform-tests\src\test\java\org\junit\platform\engine\support\hierarchical\HierarchicalTestExecutorTests.java,53,1,688,2,0.602086,15,36,36,0.490566,0.519068,312,245,1,0,0,24,21,0,0,21,45,1.0,0.0248869,11,11,1,0,0.0247934,12,0,0,0,0,0,431,587,4,0,4,0,24,0,0,0,24,339,0,0,0,472,636,13,33,4,3,32,0,4,0,141,347,0,105,3,0,0,197,26,45,19,115,27,0,0,1,20,74,0,5,3,0,0,0,4,0
1571,L31440,LockManagerTests,org.junit.platform.engine.support.hierarchical.LockManagerTests,L30354,L103,C:\Users\domco\Desktop\DP\repos\junit5\platform-tests\src\test\java\org\junit\platform\engine\support\hierarchical\LockManagerTests.java,33,1,111,2,0.0,0,0,0,0.0,0.0,0,0,1,1,1,9,8,0,0,4,11,1.0,0.128571,9,3,1,0,0.128571,9,0,0,0,0,0,61,79,1,2,1,2,7,0,0,0,7,31,0,0,0,61,79,1,2,1,2,7,0,0,0,7,31,0,0,0,0,0,14,1,10,4,0,5,0,0,0,1,14,0,1,0,0,0,0,0,0
1572,L31468,MemoryLeakTests,org.junit.platform.engine.support.hierarchical.MemoryLeakTests,L30354,L103,C:\Users\domco\Desktop\DP\repos\junit5\platform-tests\src\test\java\org\junit\platform\engine\support\hierarchical\MemoryLeakTests.java,26,1,78,2,0.0,0,0,0,0.0,0.0,0,0,10,0,0,10,2,0,0,0,10,1.0,0.32,16,16,1,0,0.32,16,0,0,0,0,0,34,53,1,0,1,0,10,0,0,0,10,0,0,0,0,34,53,1,0,1,0,10,0,0,0,10,0,0,0,0,0,0,21,10,21,10,0,11,1,0,0,0,20,10,0,0,0,0,0,0,0
1573,L31491,NodeTreeWalkerIntegrationTests,org.junit.platform.engine.support.hierarchical.NodeTreeWalkerIntegrationTests,L30354,L103,C:\Users\domco\Desktop\DP\repos\junit5\platform-tests\src\test\java\org\junit\platform\engine\support\hierarchical\NodeTreeWalkerIntegrationTests.java,32,1,100,2,0.0,0,0,0,0.0,0.0,0,0,1,0,0,3,16,0,0,11,14,1.0,0.0769231,3,3,1,0,0.05,3,0,0,0,0,0,36,47,0,0,0,0,3,0,0,0,3,26,0,0,0,57,69,0,0,0,0,6,0,0,0,6,26,0,0,0,0,0,24,3,10,5,0,5,0,0,1,0,23,3,0,0,0,0,0,0,0
1574,L31515,ParallelExecutionIntegrationTests,org.junit.platform.engine.support.hierarchical.ParallelExecutionIntegrationTests,L30354,L103,C:\Users\domco\Desktop\DP\repos\junit5\platform-tests\src\test\java\org\junit\platform\engine\support\hierarchical\ParallelExecutionIntegrationTests.java,77,1,679,2,0.113931,1,2,2,0.0364842,0.0422833,22,20,2,1,1,20,33,8,12,20,40,1.0,0.0760234,13,7,1,0,0.0327198,16,0,0,0,0,0,158,226,2,2,2,2,20,0,0,0,20,79,0,0,0,473,603,13,14,13,8,70,0,1,0,100,150,0,1,0,0,0,228,33,119,65,14,73,7,0,1,13,203,0,1,0,0,0,0,3,0
1575,L31779,SameThreadExecutionIntegrationTests,org.junit.platform.engine.support.hierarchical.SameThreadExecutionIntegrationTests,L30354,L103,C:\Users\domco\Desktop\DP\repos\junit5\platform-tests\src\test\java\org\junit\platform\engine\support\hierarchical\SameThreadExecutionIntegrationTests.java,29,1,82,2,0.0,0,0,0,0.0,0.0,0,0,1,0,0,2,11,0,0,7,9,1.0,0.333333,10,6,1,0,0.22,11,0,0,0,0,0,20,30,0,0,0,0,2,0,0,0,2,3,0,0,0,39,54,0,0,0,0,6,0,0,0,6,7,0,0,0,0,0,15,4,5,4,0,5,1,0,1,0,13,0,0,0,0,0,0,0,0
1576,L31797,SingleLockTests,org.junit.platform.engine.support.hierarchical.SingleLockTests,L30354,L103,C:\Users\domco\Desktop\DP\repos\junit5\platform-tests\src\test\java\org\junit\platform\engine\support\hierarchical\SingleLockTests.java,23,1,45,2,0.0,0,0,0,0.0,0.0,0,0,2,0,0,2,4,0,0,5,7,1.0,0.157895,3,3,1,0,0.157895,3,0,0,0,0,0,16,23,0,0,0,0,2,0,0,0,2,6,0,0,0,16,23,0,0,0,0,2,0,0,0,2,6,0,0,0,0,0,7,2,4,2,0,2,1,0,0,2,6,0,0,0,0,0,0,0,0
1577,L31807,SingleTestExecutorTests,org.junit.platform.engine.support.hierarchical.SingleTestExecutorTests,L30354,L103,C:\Users\domco\Desktop\DP\repos\junit5\platform-tests\src\test\java\org\junit\platform\engine\support\hierarchical\SingleTestExecutorTests.java,28,1,63,2,0.672727,1,2,2,0.611111,0.615385,22,16,3,0,0,3,5,0,0,5,8,1.0,0.103448,3,3,1,0,0.103448,3,0,0,0,0,0,26,36,0,0,0,0,3,0,0,0,3,11,0,0,0,26,36,0,0,0,0,3,0,0,0,3,11,0,0,0,0,0,24,0,12,9,15,3,1,0,0,0,8,0,0,0,0,0,0,0,0
1578,L31817,ThrowableCollectorTests,org.junit.platform.engine.support.hierarchical.ThrowableCollectorTests,L30354,L103,C:\Users\domco\Desktop\DP\repos\junit5\platform-tests\src\test\java\org\junit\platform\engine\support\hierarchical\ThrowableCollectorTests.java,27,1,71,2,0.0,0,0,0,0.0,0.0,0,0,3,0,0,3,6,0,0,7,10,1.0,0.0882353,3,3,1,0,0.0810811,3,0,0,0,0,0,31,42,0,0,0,0,3,0,0,0,3,17,0,0,0,34,45,1,0,1,0,3,0,0,0,3,17,0,0,0,0,1,12,0,12,9,0,3,1,0,0,1,11,0,0,0,0,0,0,0,0
1579,L32746,LauncherConfig$Builder,org.junit.platform.launcher.core.LauncherConfig$Builder,L2013,L103,C:\Users\domco\Desktop\DP\repos\junit5\junit-platform-launcher\src\main\java\org\junit\platform\launcher\core\LauncherConfig.java,101,2,181,3,0.0,0,0,0,0.0,0.0,0,0,1,0,0,6,5,6,10,3,9,1.0,0.547945,40,39,6,0,0.547945,40,0,0,0,0,0,33,81,4,0,4,0,6,0,5,0,6,13,0,5,0,33,81,4,0,4,0,6,0,5,0,6,13,0,5,0,0,0,0,0,0,0,0,0,0,0,0,0,0,0,0,0,0,0,0,0,0
1580,L33074,StreamInterceptor$RewindableByteArrayOutputStream,org.junit.platform.launcher.core.StreamInterceptor$RewindableByteArrayOutputStream,L33018,L103,C:\Users\domco\Desktop\DP\repos\junit5\junit-platform-launcher\src\main\java\org\junit\platform\launcher\core\StreamInterceptor.java,96,2,117,3,0.0,0,0,0,0.0,0.0,0,0,1,1,1,5,0,1,4,0,3,0.0,0.0,0,0,0,1,0.0,0,0,0,0,0,0,18,22,1,0,1,0,3,0,0,0,3,8,0,0,0,18,22,1,0,1,0,3,0,0,0,3,8,0,0,0,0,0,9,0,3,0,0,3,0,0,0,0,9,0,0,0,0,0,0,0,0
1581,L33171,TestExecutionListenerRegistry$CompositeTestExecutionListener,org.junit.platform.launcher.core.TestExecutionListenerRegistry$CompositeTestExecutionListener,L32435,L103,C:\Users\domco\Desktop\DP\repos\junit5\junit-platform-launcher\src\main\java\org\junit\platform\launcher\core\TestExecutionListenerRegistry.java,81,2,131,3,0.0,0,0,0,0.0,0.0,0,0,7,0,0,7,6,1,0,1,8,0.0,0.0,0,0,0,8,0.0,0,1,1,0,0,1,43,51,0,0,0,0,7,0,7,0,7,9,0,7,0,43,51,0,0,0,0,7,0,7,0,7,9,0,7,0,0,0,18,0,0,0,0,0,1,0,0,0,17,0,0,0,0,0,0,0,0
1582,L33389,ExecutionListenerAdapterTests$MockTestExecutionListener,org.junit.platform.launcher.core.ExecutionListenerAdapterTests$MockTestExecutionListener,L33382,L103,C:\Users\domco\Desktop\DP\repos\junit5\platform-tests\src\test\java\org\junit\platform\launcher\core\ExecutionListenerAdapterTests.java,66,2,77,3,0.0,0,0,0,0.0,0.0,0,0,1,0,0,1,3,1,0,0,1,0.0,0.0,0,0,0,2,0.0,0,1,1,0,0,1,9,12,2,0,2,0,1,2,1,0,7,2,2,7,0,9,12,2,0,2,0,1,2,1,0,7,2,2,7,0,0,0,9,0,0,0,0,0,0,0,0,0,5,0,0,0,0,0,0,4,0
1583,L33464,LauncherConfigurationParametersTests$Mutator,org.junit.platform.launcher.core.LauncherConfigurationParametersTests$Mutator,L33426,L103,C:\Users\domco\Desktop\DP\repos\junit5\platform-tests\src\test\java\org\junit\platform\launcher\core\LauncherConfigurationParametersTests.java,157,2,163,3,0.0,0,0,0,0.0,0.0,0,0,1,0,0,1,3,1,0,1,2,0.0,0.0,0,0,0,2,0.0,0,2,2,0,0,1,7,7,0,0,0,0,1,0,1,0,1,2,0,1,0,7,7,0,0,0,0,1,0,1,0,1,2,0,1,0,0,0,5,0,0,0,0,0,0,0,0,0,5,0,0,0,0,0,0,0,0
1584,L33456,LauncherConfigurationParametersTests$Something,org.junit.platform.launcher.core.LauncherConfigurationParametersTests$Something,L33426,L103,C:\Users\domco\Desktop\DP\repos\junit5\platform-tests\src\test\java\org\junit\platform\launcher\core\LauncherConfigurationParametersTests.java,165,2,175,3,0.0,0,0,0,0.0,0.0,0,0,1,0,0,1,4,2,0,1,2,0.0,0.111111,1,1,0,1,0.111111,1,0,0,0,0,0,8,11,1,0,1,0,1,1,0,0,1,1,1,0,0,8,11,1,0,1,0,1,1,0,0,1,1,1,0,0,0,0,9,0,2,1,0,1,0,0,0,0,5,0,0,0,0,0,0,4,0
1585,L33483,LauncherDiscoveryRequestBuilderTests$DiscoverySelectionTests,org.junit.platform.launcher.core.LauncherDiscoveryRequestBuilderTests$DiscoverySelectionTests,L33480,L103,C:\Users\domco\Desktop\DP\repos\junit5\platform-tests\src\test\java\org\junit\platform\launcher\core\LauncherDiscoveryRequestBuilderTests.java,58,2,178,3,0.2,1,2,2,0.214876,0.232558,26,20,7,0,0,7,15,0,0,20,27,0.0,0.14,14,0,0,1,0.14,14,0,0,0,0,0,86,121,0,0,0,0,7,0,0,0,7,36,0,0,0,86,121,0,0,0,0,7,0,0,0,7,36,0,0,0,0,0,36,3,10,3,17,7,1,0,1,2,17,0,1,0,0,0,0,0,0
1586,L33502,LauncherDiscoveryRequestBuilderTests$DiscoveryFilterTests,org.junit.platform.launcher.core.LauncherDiscoveryRequestBuilderTests$DiscoveryFilterTests,L33480,L103,C:\Users\domco\Desktop\DP\repos\junit5\platform-tests\src\test\java\org\junit\platform\launcher\core\LauncherDiscoveryRequestBuilderTests.java,180,2,240,3,0.0,0,0,0,0.0,0.0,0,0,4,0,0,4,15,0,0,16,20,0.0,0.115385,6,0,0,1,0.115385,6,0,0,0,0,0,46,61,0,0,0,0,4,0,0,0,4,23,0,0,0,46,61,0,0,0,0,4,0,0,0,4,23,0,0,0,0,0,14,0,6,2,0,4,1,0,2,0,11,0,0,0,0,0,0,0,0
1587,L33529,LauncherDiscoveryRequestBuilderTests$DiscoveryConfigurationParameterTests,org.junit.platform.launcher.core.LauncherDiscoveryRequestBuilderTests$DiscoveryConfigurationParameterTests,L33480,L103,C:\Users\domco\Desktop\DP\repos\junit5\platform-tests\src\test\java\org\junit\platform\launcher\core\LauncherDiscoveryRequestBuilderTests.java,242,2,320,3,0.0,0,0,0,0.0,0.0,0,0,6,0,0,6,6,0,0,6,12,0.0,0.151515,10,0,0,1,0.151515,10,0,0,0,0,0,56,79,0,0,0,0,6,0,0,0,6,23,0,0,0,56,79,0,0,0,0,6,0,0,0,6,23,0,0,0,0,0,16,6,8,2,0,6,1,0,0,0,15,0,6,0,0,0,0,0,0
1588,L33537,LauncherDiscoveryRequestBuilderTests$DiscoveryListenerTests,org.junit.platform.launcher.core.LauncherDiscoveryRequestBuilderTests$DiscoveryListenerTests,L33480,L103,C:\Users\domco\Desktop\DP\repos\junit5\platform-tests\src\test\java\org\junit\platform\launcher\core\LauncherDiscoveryRequestBuilderTests.java,322,2,361,3,0.0,0,0,0,0.0,0.0,0,0,4,0,0,4,5,0,0,7,11,0.0,0.205128,8,0,0,1,0.205128,8,0,0,0,0,0,31,40,0,0,0,0,4,0,0,0,4,8,0,0,0,31,40,0,0,0,0,4,0,0,0,4,8,0,0,0,0,0,8,0,4,0,0,4,1,0,0,0,7,0,0,0,0,0,0,0,0
1589,L33490,LauncherDiscoveryRequestBuilderTests$SampleTestClass,org.junit.platform.launcher.core.LauncherDiscoveryRequestBuilderTests$SampleTestClass,L33480,L103,C:\Users\domco\Desktop\DP\repos\junit5\platform-tests\src\test\java\org\junit\platform\launcher\core\LauncherDiscoveryRequestBuilderTests.java,363,2,368,3,0.0,0,0,0,0.0,0.0,0,0,1,0,0,1,1,1,0,0,1,0.0,0.0,0,0,0,1,0.0,0,0,0,0,0,0,5,6,0,0,0,0,1,0,0,0,1,0,0,0,0,5,6,0,0,0,0,1,0,0,0,1,0,0,0,0,0,0,5,0,2,0,0,1,0,0,0,0,5,1,0,0,0,0,0,0,0
1590,L33563,LauncherFactoryTests$JUnit4Example,org.junit.platform.launcher.core.LauncherFactoryTests$JUnit4Example,L33552,L103,C:\Users\domco\Desktop\DP\repos\junit5\platform-tests\src\test\java\org\junit\platform\launcher\core\LauncherFactoryTests.java,99,2,105,3,0.0,0,0,0,0.0,0.0,0,0,1,0,0,1,0,1,0,0,1,0.0,0.0,0,0,0,2,0.0,0,0,0,0,0,0,5,7,0,0,0,0,1,0,1,0,1,0,0,1,0,5,7,0,0,0,0,1,0,1,0,1,0,0,1,0,0,0,5,0,1,0,0,0,0,0,0,0,5,1,0,0,0,0,0,0,0
1591,L33566,LauncherFactoryTests$JUnit5Example,org.junit.platform.launcher.core.LauncherFactoryTests$JUnit5Example,L33552,L103,C:\Users\domco\Desktop\DP\repos\junit5\platform-tests\src\test\java\org\junit\platform\launcher\core\LauncherFactoryTests.java,107,2,113,3,0.0,0,0,0,0.0,0.0,0,0,1,0,0,1,1,1,0,0,1,0.0,0.0,0,0,0,1,0.0,0,0,0,0,0,0,5,7,0,0,0,0,1,0,0,0,1,0,0,0,0,5,7,0,0,0,0,1,0,0,0,1,0,0,0,0,0,0,5,1,2,1,0,1,0,0,0,0,5,1,0,0,0,0,0,0,0
1592,L33577,StreamInterceptingTestExecutionListenerIntegrationTests$HiddenSystemOutAndErr,org.junit.platform.launcher.core.StreamInterceptingTestExecutionListenerIntegrationTests$HiddenSystemOutAndErr,L33573,L103,C:\Users\domco\Desktop\DP\repos\junit5\platform-tests\src\test\java\org\junit\platform\launcher\core\StreamInterceptingTestExecutionListenerIntegrationTests.java,132,2,151,3,0.0,0,0,0,0.0,0.0,0,0,1,0,0,2,5,1,0,4,6,0.0,0.0,0,0,0,3,0.0,0,2,3,0,0,2,17,20,1,0,1,0,2,0,2,0,2,8,0,2,0,17,20,1,0,1,0,2,0,2,0,2,8,0,2,0,0,0,8,0,0,0,0,0,0,0,0,0,7,0,0,1,0,0,0,0,0
1593,L33668,TestExecutionListenerRegistryTests$ThrowingEagerTestExecutionListener,org.junit.platform.launcher.core.TestExecutionListenerRegistryTests$ThrowingEagerTestExecutionListener,L33630,L103,C:\Users\domco\Desktop\DP\repos\junit5\platform-tests\src\test\java\org\junit\platform\launcher\core\TestExecutionListenerRegistryTests.java,201,2,212,3,0.0,0,0,0,0.0,0.0,0,0,2,0,0,2,5,1,0,0,2,0.0,0.0,0,0,0,3,0.0,0,2,3,0,0,2,11,12,0,0,0,0,2,0,2,0,9,2,0,9,0,11,12,0,0,0,0,2,0,2,0,9,2,0,9,0,0,0,9,3,0,0,0,0,1,0,0,2,7,0,1,1,0,0,0,0,0
1594,L33636,TestExecutionListenerRegistryTests$ThrowingTestExecutionListener,org.junit.platform.launcher.core.TestExecutionListenerRegistryTests$ThrowingTestExecutionListener,L33630,L103,C:\Users\domco\Desktop\DP\repos\junit5\platform-tests\src\test\java\org\junit\platform\launcher\core\TestExecutionListenerRegistryTests.java,214,2,249,3,0.0,0,0,0,0.0,0.0,0,0,7,0,0,7,5,2,0,0,7,0.0,0.0,0,0,0,8,0.0,0,1,1,1,1,1,30,36,0,0,0,0,7,0,7,0,7,7,0,7,0,30,36,0,0,0,0,7,0,7,0,7,7,0,7,0,0,0,18,7,0,0,0,0,1,0,0,7,17,0,0,0,0,0,0,0,0
1595,L33857,AbortOnFailureLauncherDiscoveryListener,org.junit.platform.launcher.listeners.discovery.AbortOnFailureLauncherDiscoveryListener,L33846,L103,C:\Users\domco\Desktop\DP\repos\junit5\junit-platform-launcher\src\main\java\org\junit\platform\launcher\listeners\discovery\AbortOnFailureLauncherDiscoveryListener.java,29,1,65,2,0.25,1,3,1,0.27027,0.3125,10,10,4,2,2,10,8,1,0,7,11,0.2,0.111111,4,4,1,4,0.111111,4,2,2,0,0,1,32,37,2,0,0,0,4,0,4,0,6,13,2,6,0,32,37,2,0,0,0,4,0,4,0,6,13,2,6,0,0,0,25,0,0,0,11,0,1,0,0,0,11,0,0,0,0,0,0,2,0
1596,L33871,CompositeLauncherDiscoveryListener,org.junit.platform.launcher.listeners.discovery.CompositeLauncherDiscoveryListener,L33846,L103,C:\Users\domco\Desktop\DP\repos\junit5\junit-platform-launcher\src\main\java\org\junit\platform\launcher\listeners\discovery\CompositeLauncherDiscoveryListener.java,27,1,49,2,0.0,0,0,0,0.0,0.0,0,0,1,0,0,4,5,1,1,0,4,0.25,0.181818,4,4,1,3,0.181818,4,2,2,0,0,1,18,23,3,0,1,0,4,0,3,0,6,4,2,5,0,18,23,3,0,1,0,4,0,3,0,6,4,2,5,0,0,0,13,0,0,0,0,0,0,0,0,0,11,0,0,0,0,0,0,2,0
1597,L33886,LauncherDiscoveryListeners,org.junit.platform.launcher.listeners.discovery.LauncherDiscoveryListeners,L33846,L103,C:\Users\domco\Desktop\DP\repos\junit5\junit-platform-launcher\src\main\java\org\junit\platform\launcher\listeners\discovery\LauncherDiscoveryListeners.java,35,1,118,2,0.0,0,0,0,0.0,0.0,0,0,5,1,1,7,6,3,9,4,10,0.6,0.527027,39,32,3,2,0.464286,39,0,0,0,0,0,35,69,0,0,0,0,6,0,4,0,6,10,0,4,0,45,84,4,0,4,0,7,2,4,0,7,12,2,4,0,0,0,17,0,1,0,0,0,1,0,0,1,10,0,0,0,0,0,0,6,0
1598,L33894,LoggingLauncherDiscoveryListener,org.junit.platform.launcher.listeners.discovery.LoggingLauncherDiscoveryListener,L33846,L103,C:\Users\domco\Desktop\DP\repos\junit5\junit-platform-launcher\src\main\java\org\junit\platform\launcher\listeners\discovery\LoggingLauncherDiscoveryListener.java,32,1,96,2,0.150259,1,3,1,0.153846,0.172414,10,10,3,3,3,14,10,2,0,11,16,0.166667,0.0645161,4,4,1,5,0.0645161,4,2,2,0,0,1,58,65,3,0,1,0,5,0,5,0,7,24,2,7,0,58,65,3,0,1,0,5,0,5,0,7,24,2,7,0,0,0,27,1,0,1,11,0,1,0,0,0,13,0,0,0,0,0,0,2,0
1599,L33952,AbortOnFailureLauncherDiscoveryListenerTests,org.junit.platform.launcher.listeners.discovery.AbortOnFailureLauncherDiscoveryListenerTests,L33846,L103,C:\Users\domco\Desktop\DP\repos\junit5\platform-tests\src\test\java\org\junit\platform\launcher\listeners\discovery\AbortOnFailureLauncherDiscoveryListenerTests.java,29,1,96,2,0.0,0,0,0,0.0,0.0,0,0,3,0,0,4,13,0,0,14,18,0.0,0.225352,16,0,0,1,0.213333,16,1,1,0,0,1,55,64,0,0,0,0,4,0,0,0,6,23,0,0,0,59,68,1,4,0,0,5,0,1,0,15,24,0,9,0,0,0,16,1,7,3,0,4,1,0,2,0,13,0,1,0,0,0,0,0,0
1600,L33953,AbstractLauncherDiscoveryListenerTests,org.junit.platform.launcher.listeners.discovery.AbstractLauncherDiscoveryListenerTests,L33846,L103,C:\Users\domco\Desktop\DP\repos\junit5\platform-tests\src\test\java\org\junit\platform\launcher\listeners\discovery\AbstractLauncherDiscoveryListenerTests.java,21,1,49,2,0.918033,1,2,2,0.827586,0.909091,24,20,2,0,0,2,1,2,6,0,2,0.0,0.0,0,0,0,1,0.0,0,0,0,2,2,0,10,13,0,0,0,0,2,0,0,0,2,2,0,0,0,22,29,1,8,0,0,4,0,2,0,20,6,0,18,0,0,0,55,0,1,1,37,0,1,0,0,0,17,0,0,0,0,0,0,0,0
1601,L33993,LoggingLauncherDiscoveryListenerTests,org.junit.platform.launcher.listeners.discovery.LoggingLauncherDiscoveryListenerTests,L33846,L103,C:\Users\domco\Desktop\DP\repos\junit5\platform-tests\src\test\java\org\junit\platform\launcher\listeners\discovery\LoggingLauncherDiscoveryListenerTests.java,31,1,126,2,0.0,0,0,0,0.0,0.0,0,0,4,0,0,5,13,0,0,14,19,0.0,0.247525,25,0,0,1,0.238095,25,1,1,0,0,1,76,92,0,0,0,0,5,0,0,0,7,29,0,0,0,80,96,1,4,0,0,6,0,1,0,16,30,0,9,0,0,0,14,2,7,2,0,5,1,0,3,0,10,0,2,0,0,0,0,0,0
1602,L34116,MutableTestExecutionSummary$DefaultFailure,org.junit.platform.launcher.listeners.MutableTestExecutionSummary$DefaultFailure,L34076,L103,C:\Users\domco\Desktop\DP\repos\junit5\junit-platform-launcher\src\main\java\org\junit\platform\launcher\listeners\MutableTestExecutionSummary.java,280,2,301,3,0.0,0,0,0,0.0,0.0,0,0,0,0,0,3,2,1,1,0,3,0.0,0.0,0,0,0,3,0.0,0,1,1,0,0,1,17,22,3,2,3,2,3,0,2,0,3,4,0,2,0,17,22,3,2,3,2,3,0,2,0,3,4,0,2,0,0,0,9,0,0,0,0,0,0,0,0,0,9,0,0,0,0,0,0,0,0
1603,L35225,TestPlanTests$1,org.junit.platform.launcher.TestPlanTests$1,L35221,L103,C:\Users\domco\Desktop\DP\repos\junit5\platform-tests\src\test\java\org\junit\platform\launcher\TestPlanTests.java,28,92,33,5,1.0,1,1,1,1.0,1.0,6,6,0,0,0,1,2,0,0,0,1,0.0,0.0,0,0,0,2,0.0,0,2,2,0,0,1,6,6,5,9,0,1,1,0,1,0,26,1,0,24,1,6,6,5,9,0,1,1,0,1,0,26,1,0,24,1,0,0,15,0,0,0,10,0,0,0,0,0,5,0,0,0,0,0,0,0,0
1604,L35232,TestPlanTests$2,org.junit.platform.launcher.TestPlanTests$2,L35229,L103,C:\Users\domco\Desktop\DP\repos\junit5\platform-tests\src\test\java\org\junit\platform\launcher\TestPlanTests.java,43,92,48,5,1.0,1,1,1,1.0,1.0,6,6,0,0,0,1,2,0,0,0,1,0.0,0.0,0,0,0,2,0.0,0,2,2,0,0,1,6,6,5,9,0,1,1,0,1,0,26,1,0,24,1,6,6,5,9,0,1,1,0,1,0,26,1,0,24,1,0,0,15,0,0,0,10,0,0,0,0,0,5,0,0,0,0,0,0,0,0
1605,L35239,TestPlanTests$3,org.junit.platform.launcher.TestPlanTests$3,L35236,L103,C:\Users\domco\Desktop\DP\repos\junit5\platform-tests\src\test\java\org\junit\platform\launcher\TestPlanTests.java,58,92,68,5,0.0,0,0,0,0.0,0.0,0,0,1,0,0,2,2,0,0,0,2,0.0,0.0,0,0,0,3,0.0,0,2,2,0,0,1,10,11,5,9,0,1,2,0,2,0,26,2,0,24,1,10,11,5,9,0,1,2,0,2,0,26,2,0,24,1,0,0,7,0,0,0,0,0,0,0,0,0,7,0,0,0,0,0,0,0,0
1606,L2031,LegacyXmlReportGeneratingListener,org.junit.platform.reporting.legacy.xml.LegacyXmlReportGeneratingListener,L35269,L103,C:\Users\domco\Desktop\DP\repos\junit5\junit-platform-reporting\src\main\java\org\junit\platform\reporting\legacy\xml\LegacyXmlReportGeneratingListener.java,46,1,134,2,0.0,0,0,0,0.0,0.0,0,0,1,1,1,16,9,3,5,12,25,0.125,0.162791,14,14,1,7,0.162791,14,1,1,0,0,1,72,89,4,0,4,0,13,0,7,0,14,26,0,8,0,72,89,4,0,4,0,13,0,7,0,14,26,0,8,0,0,0,27,0,0,0,0,0,0,0,0,0,27,0,0,0,0,0,0,0,0
1607,L35289,XmlReportData,org.junit.platform.reporting.legacy.xml.XmlReportData,L35269,L103,C:\Users\domco\Desktop\DP\repos\junit5\junit-platform-reporting\src\main\java\org\junit\platform\reporting\legacy\xml\XmlReportData.java,36,1,141,2,0.0,0,0,0,0.0,0.0,0,0,2,2,2,21,5,5,23,3,17,1.0,0.0348837,3,3,1,0,0.0348837,3,0,0,0,0,0,83,106,8,6,8,6,14,0,0,0,14,35,0,0,0,83,106,8,6,8,6,14,0,0,0,14,35,0,0,0,0,0,33,1,11,0,0,11,1,0,0,0,30,0,0,0,0,1,0,2,0
1608,L35350,XmlReportWriter,org.junit.platform.reporting.legacy.xml.XmlReportWriter,L35269,L103,C:\Users\domco\Desktop\DP\repos\junit5\junit-platform-reporting\src\main\java\org\junit\platform\reporting\legacy\xml\XmlReportWriter.java,53,1,365,2,0.0,0,0,0,0.0,0.0,0,0,1,3,3,43,11,3,3,23,49,1.0,0.0622222,14,9,1,0,0.0526316,14,0,0,0,0,0,211,264,2,5,2,5,26,0,0,0,26,116,0,0,0,252,313,6,9,6,9,32,0,4,0,32,131,0,4,0,0,0,74,0,7,0,0,6,0,2,1,1,69,0,0,0,0,0,0,2,0
1609,L35621,IncrementingClock,org.junit.platform.reporting.legacy.xml.IncrementingClock,L35269,L103,C:\Users\domco\Desktop\DP\repos\junit5\platform-tests\src\test\java\org\junit\platform\reporting\legacy\xml\IncrementingClock.java,21,1,52,2,0.0,0,0,0,0.0,0.0,0,0,1,0,0,5,0,1,1,0,5,0.25,0.107143,3,3,1,3,0.107143,3,0,0,0,0,0,25,32,3,1,3,1,5,0,3,0,5,7,0,3,0,25,32,3,1,3,1,5,0,3,0,5,7,0,3,0,0,0,13,0,0,0,0,0,0,0,0,0,13,0,0,0,0,0,0,0,0
1610,L35649,LegacyXmlReportGeneratingListenerTests,org.junit.platform.reporting.legacy.xml.LegacyXmlReportGeneratingListenerTests,L35269,L103,C:\Users\domco\Desktop\DP\repos\junit5\platform-tests\src\test\java\org\junit\platform\reporting\legacy\xml\LegacyXmlReportGeneratingListenerTests.java,62,1,432,2,0.0,0,0,0,0.0,0.0,0,0,3,0,0,17,23,0,0,35,52,1.0,0.112903,35,5,1,0,0.112903,35,0,0,0,0,0,275,371,0,0,0,0,17,0,0,0,17,102,0,0,0,275,371,0,0,0,0,17,0,0,0,17,102,0,0,0,0,0,37,24,15,2,0,14,1,0,2,15,34,0,8,0,0,0,0,0,0
1611,L35719,XmlReportAssertions,org.junit.platform.reporting.legacy.xml.XmlReportAssertions,L35269,L103,C:\Users\domco\Desktop\DP\repos\junit5\platform-tests\src\test\java\org\junit\platform\reporting\legacy\xml\XmlReportAssertions.java,29,1,64,2,0.0,0,0,0,0.0,0.0,0,0,1,1,1,2,2,2,8,2,3,1.0,0.266667,4,3,1,0,0.125,4,0,0,0,0,0,11,15,0,0,0,0,1,0,0,0,1,4,0,0,0,28,36,2,0,2,0,3,1,0,0,3,10,1,0,0,0,0,16,2,1,0,0,1,0,0,0,2,10,0,0,0,0,0,0,6,0
1612,L35746,XmlReportDataTests,org.junit.platform.reporting.legacy.xml.XmlReportDataTests,L35269,L103,C:\Users\domco\Desktop\DP\repos\junit5\platform-tests\src\test\java\org\junit\platform\reporting\legacy\xml\XmlReportDataTests.java,31,1,73,2,0.0,0,0,0,0.0,0.0,0,0,3,0,0,3,8,0,0,12,15,1.0,0.0857143,3,3,1,0,0.0857143,3,0,0,0,0,0,32,43,0,0,0,0,3,0,0,0,3,21,0,0,0,32,43,0,0,0,0,3,0,0,0,3,21,0,0,0,0,0,11,1,3,0,0,3,1,0,2,0,8,0,1,0,0,0,0,0,0
1613,L35752,XmlReportWriterTests,org.junit.platform.reporting.legacy.xml.XmlReportWriterTests,L35269,L103,C:\Users\domco\Desktop\DP\repos\junit5\platform-tests\src\test\java\org\junit\platform\reporting\legacy\xml\XmlReportWriterTests.java,38,1,252,2,0.0,0,0,0,0.0,0.0,0,0,1,0,0,10,14,0,0,22,32,1.0,0.114943,20,3,1,0,0.107527,20,0,0,0,0,0,154,202,1,0,1,0,10,0,0,0,10,73,0,0,0,166,215,6,18,1,2,13,0,3,0,65,76,0,51,2,0,1,45,13,18,10,0,8,0,0,8,11,37,0,3,0,0,0,0,0,0
1614,L36459,EngineTestKit$Builder,org.junit.platform.testkit.engine.EngineTestKit$Builder,L36453,L103,C:\Users\domco\Desktop\DP\repos\junit5\junit-platform-testkit\src\main\java\org\junit\platform\testkit\engine\EngineTestKit.java,248,2,347,3,0.0,0,0,0,0.0,0.0,0,0,1,0,0,6,7,10,12,8,14,1.0,0.735849,78,78,6,0,0.735849,78,0,0,0,0,0,28,100,2,0,2,0,6,0,5,0,6,12,0,5,0,28,100,2,0,2,0,6,0,5,0,6,12,0,5,0,0,0,2,0,0,0,0,0,0,0,0,0,2,0,0,0,0,0,0,0,0
1615,L37080,ExecutionsIntegrationTests$ExampleTestCase,org.junit.platform.testkit.engine.ExecutionsIntegrationTests$ExampleTestCase,L37062,L103,C:\Users\domco\Desktop\DP\repos\junit5\platform-tests\src\test\java\org\junit\platform\testkit\engine\ExecutionsIntegrationTests.java,97,2,118,3,0.0,0,0,0,0.0,0.0,0,0,4,0,0,4,3,1,0,1,5,0.0,0.0,0,0,0,1,0.0,0,0,0,0,0,0,17,22,0,0,0,0,4,0,0,0,4,2,0,0,0,17,22,0,0,0,0,4,0,0,0,4,2,0,0,0,0,0,12,3,6,3,0,4,1,0,0,0,11,2,0,0,0,0,0,0,0
1616,L37095,NestedContainerEventConditionTests$ATestCase,org.junit.platform.testkit.engine.NestedContainerEventConditionTests$ATestCase,L37088,L103,C:\Users\domco\Desktop\DP\repos\junit5\platform-tests\src\test\java\org\junit\platform\testkit\engine\NestedContainerEventConditionTests.java,125,2,144,3,0.0,0,0,0,0.0,0.0,0,0,1,0,0,1,1,1,0,0,1,0.0,0.0,0,0,0,1,0.0,0,0,0,0,0,0,5,7,0,0,0,0,1,0,0,0,1,0,0,0,0,17,20,0,0,0,0,3,0,0,0,3,0,0,0,0,0,0,15,3,6,3,0,3,0,0,0,0,15,3,0,0,0,0,0,0,0
1617,L24262,CollectionUtilsTests$1,org.junit.platform.commons.util.CollectionUtilsTests$1,L24259,L103,C:\Users\domco\Desktop\DP\repos\junit5\platform-tests\src\test\java\org\junit\platform\commons\util\CollectionUtilsTests.java,143,48,154,4,0.0,0,0,0,0.0,0.0,0,0,1,0,0,1,0,0,0,0,1,0.0,0.0,0,0,0,2,0.0,0,0,0,0,0,0,10,12,0,0,0,0,1,0,1,0,1,1,0,1,0,10,12,0,0,0,0,1,0,1,0,1,1,0,1,0,0,1,5,0,0,0,0,0,0,0,0,0,5,0,1,0,0,0,0,0,0
1618,L24268,CollectionUtilsTests$2,org.junit.platform.commons.util.CollectionUtilsTests$2,L24265,L103,C:\Users\domco\Desktop\DP\repos\junit5\platform-tests\src\test\java\org\junit\platform\commons\util\CollectionUtilsTests.java,168,45,174,4,0.0,0,0,0,0.0,0.0,0,0,1,0,0,1,0,0,0,0,1,0.0,0.0,0,0,0,2,0.0,0,0,0,0,0,0,6,7,0,0,0,0,1,0,1,0,1,1,0,1,0,6,7,0,0,0,0,1,0,1,0,1,1,0,1,0,0,0,5,0,0,0,0,0,0,0,0,0,5,0,0,0,0,0,0,0,0
1619,L24537,ReflectionUtilsTests$FirstClass$SecondClass,org.junit.platform.commons.util.ReflectionUtilsTests$FirstClass$SecondClass,L24532,L103,C:\Users\domco\Desktop\DP\repos\junit5\platform-tests\src\test\java\org\junit\platform\commons\util\ReflectionUtilsTests.java,1554,3,1558,4,0.0,0,0,0,0.0,0.0,0,0,0,0,0,0,0,1,0,0,0,0.0,0.0,0,0,0,1,0.0,0,0,0,0,0,0,2,3,0,0,0,0,0,0,0,0,0,0,0,0,0,4,5,0,0,0,0,0,0,0,0,0,0,0,0,0,0,0,6,0,0,0,0,0,0,0,0,0,6,0,0,0,0,0,0,0,0
1620,L24559,ReflectionUtilsTests$ClassWithNestedClasses$Nested1,org.junit.platform.commons.util.ReflectionUtilsTests$ClassWithNestedClasses$Nested1,L24556,L103,C:\Users\domco\Desktop\DP\repos\junit5\platform-tests\src\test\java\org\junit\platform\commons\util\ReflectionUtilsTests.java,1563,3,1564,4,0.0,0,0,0,0.0,0.0,0,0,0,0,0,0,0,1,0,0,0,0.0,0.0,0,0,0,1,0.0,0,0,0,0,0,0,2,2,0,0,0,0,0,0,0,0,0,0,0,0,0,2,2,0,0,0,0,0,0,0,0,0,0,0,0,0,0,0,3,0,0,0,0,0,0,0,0,0,3,0,0,0,0,0,0,0,0
1621,L24562,ReflectionUtilsTests$ClassWithNestedClasses$Nested2,org.junit.platform.commons.util.ReflectionUtilsTests$ClassWithNestedClasses$Nested2,L24556,L103,C:\Users\domco\Desktop\DP\repos\junit5\platform-tests\src\test\java\org\junit\platform\commons\util\ReflectionUtilsTests.java,1566,3,1567,4,0.0,0,0,0,0.0,0.0,0,0,0,0,0,0,0,1,0,0,0,0.0,0.0,0,0,0,1,0.0,0,0,0,0,0,0,2,2,0,0,0,0,0,0,0,0,0,0,0,0,0,2,2,0,0,0,0,0,0,0,0,0,0,0,0,0,0,0,3,0,0,0,0,0,0,0,0,0,3,0,0,0,0,0,0,0,0
1622,L24565,ReflectionUtilsTests$ClassWithNestedClasses$Nested3,org.junit.platform.commons.util.ReflectionUtilsTests$ClassWithNestedClasses$Nested3,L24556,L103,C:\Users\domco\Desktop\DP\repos\junit5\platform-tests\src\test\java\org\junit\platform\commons\util\ReflectionUtilsTests.java,1569,3,1570,4,0.0,0,0,0,0.0,0.0,0,0,0,0,0,0,0,1,0,0,0,0.0,0.0,0,0,0,1,0.0,0,0,0,0,0,0,2,2,0,0,0,0,0,0,0,0,0,0,0,0,0,2,2,0,0,0,0,0,0,0,0,0,0,0,0,0,0,0,3,0,0,0,0,0,0,0,0,0,3,0,0,0,0,0,0,0,0
1623,L24571,ReflectionUtilsTests$InterfaceWithNestedClass$Nested4,org.junit.platform.commons.util.ReflectionUtilsTests$InterfaceWithNestedClass$Nested4,L24899,L103,C:\Users\domco\Desktop\DP\repos\junit5\platform-tests\src\test\java\org\junit\platform\commons\util\ReflectionUtilsTests.java,1575,3,1576,4,0.0,0,0,0,0.0,0.0,0,0,0,0,0,0,0,1,0,0,0,0.0,0.0,0,0,0,1,0.0,0,0,0,0,0,0,2,2,0,0,0,0,0,0,0,0,0,0,0,0,0,2,2,0,0,0,0,0,0,0,0,0,0,0,0,0,0,0,3,0,0,0,0,0,0,0,0,0,3,0,0,0,0,0,0,0,0
1624,L24574,ReflectionUtilsTests$Interface45$Nested5,org.junit.platform.commons.util.ReflectionUtilsTests$Interface45$Nested5,L24901,L103,C:\Users\domco\Desktop\DP\repos\junit5\platform-tests\src\test\java\org\junit\platform\commons\util\ReflectionUtilsTests.java,1581,3,1582,4,0.0,0,0,0,0.0,0.0,0,0,0,0,0,0,0,1,0,0,0,0.0,0.0,0,0,0,1,0.0,0,0,0,0,0,0,2,2,0,0,0,0,0,0,0,0,0,0,0,0,0,2,2,0,0,0,0,0,0,0,0,0,0,0,0,0,0,0,3,0,0,0,0,0,0,0,0,0,3,0,0,0,0,0,0,0,0
1625,L24582,ReflectionUtilsTests$AbstractOuterClass$InnerClass,org.junit.platform.commons.util.ReflectionUtilsTests$AbstractOuterClass$InnerClass,L24579,L103,C:\Users\domco\Desktop\DP\repos\junit5\platform-tests\src\test\java\org\junit\platform\commons\util\ReflectionUtilsTests.java,1590,3,1591,4,0.0,0,0,0,0.0,0.0,0,0,0,0,0,0,0,1,0,0,0,0.0,0.0,0,0,0,1,0.0,0,0,0,0,0,0,2,2,0,0,0,0,0,0,0,0,0,0,0,0,0,2,2,0,0,0,0,0,0,0,0,0,0,0,0,0,0,0,3,0,0,0,0,0,0,0,0,0,3,0,0,0,0,0,0,0,0
1626,L24585,ReflectionUtilsTests$OuterClass$StaticNestedSiblingClass,org.junit.platform.commons.util.ReflectionUtilsTests$OuterClass$StaticNestedSiblingClass,L24601,L103,C:\Users\domco\Desktop\DP\repos\junit5\platform-tests\src\test\java\org\junit\platform\commons\util\ReflectionUtilsTests.java,1597,3,1598,4,0.0,0,0,0,0.0,0.0,0,0,0,0,0,0,1,1,0,0,0,1.0,0.333333,1,1,1,0,0.333333,1,1,1,0,0,1,2,2,0,0,0,0,0,0,0,0,0,0,0,0,0,2,2,0,0,0,0,0,0,0,0,0,0,0,0,0,0,0,0,0,0,0,0,0,0,0,0,0,0,0,0,0,0,0,0,0,0
1627,L24588,ReflectionUtilsTests$OuterClass$InnerSiblingClass,org.junit.platform.commons.util.ReflectionUtilsTests$OuterClass$InnerSiblingClass,L24601,L103,C:\Users\domco\Desktop\DP\repos\junit5\platform-tests\src\test\java\org\junit\platform\commons\util\ReflectionUtilsTests.java,1601,3,1602,4,0.0,0,0,0,0.0,0.0,0,0,0,0,0,0,1,1,0,0,0,1.0,0.333333,1,1,1,0,0.333333,1,1,1,0,0,1,2,2,0,0,0,0,0,0,0,0,0,0,0,0,0,2,2,0,0,0,0,0,0,0,0,0,0,0,0,0,0,0,0,0,0,0,0,0,0,0,0,0,0,0,0,0,0,0,0,0,0
1628,L24607,ReflectionUtilsTests$OuterClass$StaticNestedClass,org.junit.platform.commons.util.ReflectionUtilsTests$OuterClass$StaticNestedClass,L24601,L103,C:\Users\domco\Desktop\DP\repos\junit5\platform-tests\src\test\java\org\junit\platform\commons\util\ReflectionUtilsTests.java,1604,3,1605,4,0.0,0,0,0,0.0,0.0,0,0,0,0,0,0,1,1,0,0,0,0.0,0.0,0,0,0,1,0.0,0,2,2,0,0,1,2,2,0,0,0,0,0,0,0,0,0,0,0,0,0,2,2,0,0,0,0,0,0,0,0,0,0,0,0,0,0,0,3,0,0,0,0,0,0,0,0,0,3,0,0,0,0,0,0,0,0
1629,L24612,ReflectionUtilsTests$OuterClass$RecursiveInnerClass,org.junit.platform.commons.util.ReflectionUtilsTests$OuterClass$RecursiveInnerClass,L24601,L103,C:\Users\domco\Desktop\DP\repos\junit5\platform-tests\src\test\java\org\junit\platform\commons\util\ReflectionUtilsTests.java,1607,3,1608,4,0.0,0,0,0,0.0,0.0,0,0,0,0,0,0,1,1,0,0,0,0.0,0.0,0,0,0,1,0.0,0,2,2,0,0,1,2,2,0,0,0,0,0,0,0,0,0,0,0,0,0,2,2,0,0,0,0,0,0,0,0,0,0,0,0,0,0,0,3,0,0,0,0,0,0,0,0,0,3,0,0,0,0,0,0,0,0
1630,L24604,ReflectionUtilsTests$OuterClass$InnerClass,org.junit.platform.commons.util.ReflectionUtilsTests$OuterClass$InnerClass,L24601,L103,C:\Users\domco\Desktop\DP\repos\junit5\platform-tests\src\test\java\org\junit\platform\commons\util\ReflectionUtilsTests.java,1610,3,1613,4,0.0,0,0,0,0.0,0.0,0,0,0,0,0,0,0,1,0,0,0,0.0,0.0,0,0,0,1,0.0,0,0,0,0,0,0,2,2,0,0,0,0,0,0,0,0,0,0,0,0,0,4,4,0,0,0,0,0,0,0,0,0,0,0,0,0,0,0,6,0,0,0,0,0,0,0,0,0,6,0,0,0,0,0,0,0,0
1631,L24594,ReflectionUtilsTests$OuterClassImplementingInterface$InnerClassImplementingInterface,org.junit.platform.commons.util.ReflectionUtilsTests$OuterClassImplementingInterface$InnerClassImplementingInterface,L24591,L103,C:\Users\domco\Desktop\DP\repos\junit5\platform-tests\src\test\java\org\junit\platform\commons\util\ReflectionUtilsTests.java,1618,3,1619,4,0.0,0,0,0,0.0,0.0,0,0,0,0,0,0,1,1,0,0,0,0.0,0.0,0,0,0,1,0.0,0,1,1,0,0,1,2,2,0,0,0,0,0,0,0,0,0,0,0,0,0,2,2,0,0,0,0,0,0,0,0,0,0,0,0,0,0,0,3,0,0,0,0,0,0,0,0,0,3,0,0,0,0,0,0,0,0
1632,L25005,ReflectionUtilsWithGenericTypeHierarchiesTests$1AB,org.junit.platform.commons.util.ReflectionUtilsWithGenericTypeHierarchiesTests$1AB,L25004,L103,C:\Users\domco\Desktop\DP\repos\junit5\platform-tests\src\test\java\org\junit\platform\commons\util\ReflectionUtilsWithGenericTypeHierarchiesTests.java,27,3,28,4,0.0,0,0,0,0.0,0.0,0,0,0,0,0,0,2,1,0,0,0,0.0,0.0,0,0,0,1,0.0,0,1,2,0,0,2,2,2,0,0,0,0,0,0,0,0,2,0,0,2,0,2,2,0,0,0,0,0,0,0,0,2,0,0,2,0,0,0,4,0,1,0,0,1,0,0,0,0,3,0,0,1,0,0,0,0,0
1633,L25016,ReflectionUtilsWithGenericTypeHierarchiesTests$1BA,org.junit.platform.commons.util.ReflectionUtilsWithGenericTypeHierarchiesTests$1BA,L25004,L103,C:\Users\domco\Desktop\DP\repos\junit5\platform-tests\src\test\java\org\junit\platform\commons\util\ReflectionUtilsWithGenericTypeHierarchiesTests.java,30,3,31,4,0.0,0,0,0,0.0,0.0,0,0,0,0,0,0,2,1,0,0,0,0.0,0.0,0,0,0,1,0.0,0,1,2,0,0,2,2,2,0,0,0,0,0,0,0,0,2,0,0,2,0,2,2,0,0,0,0,0,0,0,0,2,0,0,2,0,0,0,4,0,1,0,0,1,0,0,0,0,3,0,0,1,0,0,0,0,0
1634,L25023,ReflectionUtilsWithGenericTypeHierarchiesTests$1A,org.junit.platform.commons.util.ReflectionUtilsWithGenericTypeHierarchiesTests$1A,L25022,L103,C:\Users\domco\Desktop\DP\repos\junit5\platform-tests\src\test\java\org\junit\platform\commons\util\ReflectionUtilsWithGenericTypeHierarchiesTests.java,41,3,45,4,1.0,1,1,1,1.0,1.0,5,5,1,0,0,1,1,1,0,0,1,0.0,0.0,0,0,0,2,0.0,0,1,1,0,0,1,5,5,0,0,0,0,1,0,1,0,1,0,0,1,0,5,5,0,0,0,0,1,0,1,0,1,0,0,1,0,0,0,15,0,2,0,10,1,0,0,0,0,5,1,0,0,0,0,0,0,0
1635,L25033,ReflectionUtilsWithGenericTypeHierarchiesTests$2A,org.junit.platform.commons.util.ReflectionUtilsWithGenericTypeHierarchiesTests$2A,L25032,L103,C:\Users\domco\Desktop\DP\repos\junit5\platform-tests\src\test\java\org\junit\platform\commons\util\ReflectionUtilsWithGenericTypeHierarchiesTests.java,55,3,59,4,1.0,1,1,1,1.0,1.0,5,5,1,0,0,1,1,1,0,0,1,0.0,0.0,0,0,0,2,0.0,0,1,1,0,0,1,5,5,0,0,0,0,1,0,1,0,1,0,0,1,0,5,5,0,0,0,0,1,0,1,0,1,0,0,1,0,0,0,15,0,2,0,10,1,0,0,0,0,5,1,0,0,0,0,0,0,0
1636,L25040,ReflectionUtilsWithGenericTypeHierarchiesTests$1AParent,org.junit.platform.commons.util.ReflectionUtilsWithGenericTypeHierarchiesTests$1AParent,L25039,L103,C:\Users\domco\Desktop\DP\repos\junit5\platform-tests\src\test\java\org\junit\platform\commons\util\ReflectionUtilsWithGenericTypeHierarchiesTests.java,70,3,74,4,0.0,0,0,0,0.0,0.0,0,0,1,0,0,1,0,1,0,0,1,0.0,0.0,0,0,0,2,0.0,0,0,0,1,1,0,5,5,0,0,0,0,1,0,1,0,1,0,0,1,0,5,5,0,0,0,0,1,0,1,0,1,0,0,1,0,0,0,5,1,1,0,0,0,0,0,0,0,5,1,1,0,0,0,0,0,0
1637,L25044,ReflectionUtilsWithGenericTypeHierarchiesTests$3A,org.junit.platform.commons.util.ReflectionUtilsWithGenericTypeHierarchiesTests$3A,L25039,L103,C:\Users\domco\Desktop\DP\repos\junit5\platform-tests\src\test\java\org\junit\platform\commons\util\ReflectionUtilsWithGenericTypeHierarchiesTests.java,76,3,80,4,0.0,0,0,0,0.0,0.0,0,0,1,0,0,1,2,1,0,0,1,0.0,0.0,0,0,0,2,0.0,0,1,2,0,0,2,5,5,0,0,0,0,1,0,1,0,2,0,0,2,0,5,5,0,0,0,0,1,0,1,0,2,0,0,2,0,0,0,6,0,2,0,0,1,0,0,0,0,5,1,0,1,0,0,0,0,0
1638,L25054,ReflectionUtilsWithGenericTypeHierarchiesTests$2AParent,org.junit.platform.commons.util.ReflectionUtilsWithGenericTypeHierarchiesTests$2AParent,L25053,L103,C:\Users\domco\Desktop\DP\repos\junit5\platform-tests\src\test\java\org\junit\platform\commons\util\ReflectionUtilsWithGenericTypeHierarchiesTests.java,91,3,94,4,0.0,0,0,0,0.0,0.0,0,0,1,0,0,1,0,2,0,0,1,0.0,0.0,0,0,0,2,0.0,0,0,0,1,1,0,4,4,0,0,0,0,1,0,1,0,1,0,0,1,0,4,4,0,0,0,0,1,0,1,0,1,0,0,1,0,0,0,5,0,1,0,0,0,0,0,0,0,5,1,0,0,0,0,0,0,0
1639,L25058,ReflectionUtilsWithGenericTypeHierarchiesTests$4A,org.junit.platform.commons.util.ReflectionUtilsWithGenericTypeHierarchiesTests$4A,L25053,L103,C:\Users\domco\Desktop\DP\repos\junit5\platform-tests\src\test\java\org\junit\platform\commons\util\ReflectionUtilsWithGenericTypeHierarchiesTests.java,96,3,97,4,0.0,0,0,0,0.0,0.0,0,0,0,0,0,0,2,1,0,0,0,0.0,0.0,0,0,0,1,0.0,0,1,2,0,0,2,2,2,0,0,0,0,0,0,0,0,2,0,0,2,0,2,2,0,0,0,0,0,0,0,0,2,0,0,2,0,0,0,4,0,1,0,0,1,0,0,0,0,3,0,0,1,0,0,0,0,0
1640,L25231,ToStringBuilderTests$1,org.junit.platform.commons.util.ToStringBuilderTests$1,L25222,L103,C:\Users\domco\Desktop\DP\repos\junit5\platform-tests\src\test\java\org\junit\platform\commons\util\ToStringBuilderTests.java,133,50,136,5,0.0,0,0,0,0.0,0.0,0,0,0,0,0,0,0,0,0,0,0,0.0,0.0,0,0,0,1,0.0,0,0,0,0,0,0,4,4,0,0,0,0,0,0,0,0,0,0,0,0,0,4,4,0,0,0,0,0,0,0,0,0,0,0,0,0,0,1,3,0,0,0,0,0,0,0,0,0,3,0,1,0,0,0,0,0,0
1641,L26135,ReflectionSupportTests$ClassWithNestedClasses$Nested1,org.junit.platform.commons.support.ReflectionSupportTests$ClassWithNestedClasses$Nested1,L26129,L103,C:\Users\domco\Desktop\DP\repos\junit5\platform-tests\src\test\java\org\junit\platform\commons\support\ReflectionSupportTests.java,299,3,300,4,0.0,0,0,0,0.0,0.0,0,0,0,0,0,0,0,0,0,0,0,0.0,0.0,0,0,0,1,0.0,0,0,0,0,0,0,2,2,0,0,0,0,0,0,0,0,0,0,0,0,0,2,2,0,0,0,0,0,0,0,0,0,0,0,0,0,0,0,3,0,0,0,0,0,0,0,0,0,3,0,0,0,0,0,0,0,0
1642,L26137,ReflectionSupportTests$ClassWithNestedClasses$Nested2,org.junit.platform.commons.support.ReflectionSupportTests$ClassWithNestedClasses$Nested2,L26129,L103,C:\Users\domco\Desktop\DP\repos\junit5\platform-tests\src\test\java\org\junit\platform\commons\support\ReflectionSupportTests.java,302,3,303,4,0.0,0,0,0,0.0,0.0,0,0,0,0,0,0,0,0,0,0,0,0.0,0.0,0,0,0,1,0.0,0,0,0,0,0,0,2,2,0,0,0,0,0,0,0,0,0,0,0,0,0,2,2,0,0,0,0,0,0,0,0,0,0,0,0,0,0,0,3,0,0,0,0,0,0,0,0,0,3,0,0,0,0,0,0,0,0
1643,L24542,ReflectionUtilsTests$FirstClass$SecondClass$ThirdClass,org.junit.platform.commons.util.ReflectionUtilsTests$FirstClass$SecondClass$ThirdClass,L24537,L103,C:\Users\domco\Desktop\DP\repos\junit5\platform-tests\src\test\java\org\junit\platform\commons\util\ReflectionUtilsTests.java,1556,4,1557,5,0.0,0,0,0,0.0,0.0,0,0,0,0,0,0,0,1,0,0,0,0.0,0.0,0,0,0,1,0.0,0,0,0,0,0,0,2,2,0,0,0,0,0,0,0,0,0,0,0,0,0,2,2,0,0,0,0,0,0,0,0,0,0,0,0,0,0,0,3,0,0,0,0,0,0,0,0,0,3,0,0,0,0,0,0,0,0
1644,L24615,ReflectionUtilsTests$OuterClass$InnerClass$RecursiveInnerInnerClass,org.junit.platform.commons.util.ReflectionUtilsTests$OuterClass$InnerClass$RecursiveInnerInnerClass,L24604,L103,C:\Users\domco\Desktop\DP\repos\junit5\platform-tests\src\test\java\org\junit\platform\commons\util\ReflectionUtilsTests.java,1611,4,1612,5,0.0,0,0,0,0.0,0.0,0,0,0,0,0,0,1,1,0,0,0,0.0,0.0,0,0,0,1,0.0,0,2,2,0,0,1,2,2,0,0,0,0,0,0,0,0,0,0,0,0,0,2,2,0,0,0,0,0,0,0,0,0,0,0,0,0,0,0,3,0,0,0,0,0,0,0,0,0,3,0,0,0,0,0,0,0,0
1645,L26816,PicocliCommandLineOptionsParserTests$1,org.junit.platform.console.options.PicocliCommandLineOptionsParserTests$1,L26813,L103,C:\Users\domco\Desktop\DP\repos\junit5\platform-tests\src\test\java\org\junit\platform\console\options\PicocliCommandLineOptionsParserTests.java,549,32,563,4,0.0,0,0,0,0.0,0.0,0,0,3,0,0,3,0,0,0,0,3,0.0,0.0,0,0,0,4,0.0,0,0,0,0,0,0,12,15,0,0,0,0,3,0,3,0,3,1,0,3,0,12,15,0,0,0,0,3,0,3,0,3,1,0,3,0,0,0,10,0,2,0,0,0,1,0,0,0,9,2,0,0,0,0,0,0,0
1646,L26837,PicocliCommandLineOptionsParserTests$ArgsType$1,org.junit.platform.console.options.PicocliCommandLineOptionsParserTests$ArgsType$1,L26738,L103,C:\Users\domco\Desktop\DP\repos\junit5\platform-tests\src\test\java\org\junit\platform\console\options\PicocliCommandLineOptionsParserTests.java,591,3,595,4,0.0,0,0,0,0.0,0.0,0,0,1,0,0,1,2,0,0,0,1,0.0,0.0,0,0,0,1,0.0,0,1,1,0,0,1,5,5,2,0,0,0,1,0,0,0,2,1,2,0,0,5,5,2,0,0,0,1,0,0,0,2,1,2,0,0,0,0,7,0,0,0,0,0,0,0,0,0,5,0,0,0,0,0,0,2,0
1647,L26845,PicocliCommandLineOptionsParserTests$ArgsType$2,org.junit.platform.console.options.PicocliCommandLineOptionsParserTests$ArgsType$2,L26738,L103,C:\Users\domco\Desktop\DP\repos\junit5\platform-tests\src\test\java\org\junit\platform\console\options\PicocliCommandLineOptionsParserTests.java,596,3,608,4,0.0,0,0,0,0.0,0.0,0,0,1,1,1,1,2,0,0,0,1,0.0,0.0,0,0,0,1,0.0,0,1,1,0,0,1,13,13,2,0,0,0,1,0,0,0,2,6,2,0,0,13,13,2,0,0,0,1,0,0,0,2,6,2,0,0,0,0,7,0,1,0,0,1,0,0,0,0,5,0,0,0,0,0,0,2,0
1648,L27491,CustomContextClassLoaderExecutorTests$1,org.junit.platform.console.tasks.CustomContextClassLoaderExecutorTests$1,L27488,L103,C:\Users\domco\Desktop\DP\repos\junit5\platform-tests\src\test\java\org\junit\platform\console\tasks\CustomContextClassLoaderExecutorTests.java,63,65,69,4,0.0,0,0,0,0.0,0.0,0,0,1,0,0,1,0,0,0,0,1,0.0,0.0,0,0,0,2,0.0,0,0,0,0,0,0,7,7,0,0,0,0,1,0,1,0,1,2,0,1,0,7,7,0,0,0,0,1,0,1,0,1,2,0,1,0,0,0,5,0,0,0,0,0,0,0,0,0,5,0,0,0,0,0,0,0,0
1649,L28880,DiscoverySelectorsTests$NestedClassAndMethodSelectors$AbstractClassWithNestedInnerClass,org.junit.platform.engine.discovery.DiscoverySelectorsTests$NestedClassAndMethodSelectors$AbstractClassWithNestedInnerClass,L28864,L103,C:\Users\domco\Desktop\DP\repos\junit5\platform-tests\src\test\java\org\junit\platform\engine\discovery\DiscoverySelectorsTests.java,716,3,740,4,0.0,0,0,0,0.0,0.0,0,0,0,0,0,0,0,3,0,0,0,0.0,0.0,0,0,0,1,0.0,0,0,0,2,2,0,2,4,0,0,0,0,0,0,0,0,0,0,0,0,0,17,25,0,0,0,0,3,0,0,0,3,0,0,0,0,0,0,16,3,7,4,0,3,1,0,0,0,15,3,0,0,0,0,0,0,0
1650,L28874,DiscoverySelectorsTests$NestedClassAndMethodSelectors$ClassWithNestedInnerClass,org.junit.platform.engine.discovery.DiscoverySelectorsTests$NestedClassAndMethodSelectors$ClassWithNestedInnerClass,L28864,L103,C:\Users\domco\Desktop\DP\repos\junit5\platform-tests\src\test\java\org\junit\platform\engine\discovery\DiscoverySelectorsTests.java,742,3,743,4,0.0,0,0,0,0.0,0.0,0,0,0,0,0,0,1,1,0,0,0,0.0,0.0,0,0,0,1,0.0,0,1,1,0,0,1,2,2,0,0,0,0,0,0,0,0,0,0,0,0,0,2,2,0,0,0,0,0,0,0,0,0,0,0,0,0,0,0,3,0,0,0,0,0,0,0,0,0,3,0,0,0,0,0,0,0,0
1651,L28907,DiscoverySelectorsTests$NestedClassAndMethodSelectors$OtherClassWithNestedInnerClass,org.junit.platform.engine.discovery.DiscoverySelectorsTests$NestedClassAndMethodSelectors$OtherClassWithNestedInnerClass,L28864,L103,C:\Users\domco\Desktop\DP\repos\junit5\platform-tests\src\test\java\org\junit\platform\engine\discovery\DiscoverySelectorsTests.java,745,3,746,4,0.0,0,0,0,0.0,0.0,0,0,0,0,0,0,1,0,0,0,0,0.0,0.0,0,0,0,1,0.0,0,1,1,0,0,1,2,2,0,0,0,0,0,0,0,0,0,0,0,0,0,2,2,0,0,0,0,0,0,0,0,0,0,0,0,0,0,0,3,0,0,0,0,0,0,0,0,0,3,0,0,0,0,0,0,0,0
1652,L29981,EngineDiscoveryRequestResolution$DefaultContext,org.junit.platform.engine.support.discovery.EngineDiscoveryRequestResolution$DefaultContext,L29930,L103,C:\Users\domco\Desktop\DP\repos\junit5\junit-platform-engine\src\main\java\org\junit\platform\engine\support\discovery\EngineDiscoveryRequestResolution.java,196,2,257,3,0.0,0,0,0,0.0,0.0,0,0,1,2,2,9,6,1,1,4,9,0.0,0.0465116,2,0,0,4,0.0465116,2,1,1,0,0,1,41,62,1,0,1,0,5,0,3,0,5,15,0,3,0,41,62,1,0,1,0,5,0,3,0,5,15,0,3,0,0,0,13,0,0,0,0,0,0,0,0,0,13,0,0,0,0,0,0,0,0
1653,L30134,EngineDiscoveryRequestResolver$Builder<T extends TestDescriptor>,org.junit.platform.engine.support.discovery.EngineDiscoveryRequestResolver$Builder,L11318,L103,C:\Users\domco\Desktop\DP\repos\junit5\junit-platform-engine\src\main\java\org\junit\platform\engine\support\discovery\EngineDiscoveryRequestResolver.java,137,2,210,3,0.0,0,0,0,0.0,0.0,0,0,1,0,0,6,6,3,3,2,8,1.0,0.611111,44,44,6,0,0.611111,44,0,0,0,0,0,28,74,2,0,2,0,6,0,5,0,6,9,0,5,0,28,74,2,0,2,0,6,0,5,0,6,9,0,5,0,0,0,2,0,0,0,0,0,0,0,0,0,2,0,0,0,0,0,0,0,0
1654,L30108,EngineDiscoveryRequestResolver$DefaultInitializationContext<T extends TestDescriptor>,org.junit.platform.engine.support.discovery.EngineDiscoveryRequestResolver$DefaultInitializationContext,L11318,L103,C:\Users\domco\Desktop\DP\repos\junit5\junit-platform-engine\src\main\java\org\junit\platform\engine\support\discovery\EngineDiscoveryRequestResolver.java,252,2,291,3,0.0,0,0,0,0.0,0.0,0,0,1,0,0,5,7,1,1,3,8,0.0,0.176471,6,6,0,4,0.176471,6,1,1,0,0,1,28,40,3,3,3,3,5,0,3,0,5,10,0,3,0,28,40,3,3,3,3,5,0,3,0,5,10,0,3,0,0,0,11,0,0,0,0,0,0,0,0,0,11,0,0,0,0,0,0,0,0
1655,L11191,SelectorResolver$Resolution,org.junit.platform.engine.support.discovery.SelectorResolver$Resolution,L11169,L103,C:\Users\domco\Desktop\DP\repos\junit5\junit-platform-engine\src\main\java\org\junit\platform\engine\support\discovery\SelectorResolver.java,428,2,519,3,0.0,0,0,0,0.0,0.0,0,0,2,0,0,8,3,7,15,2,10,1.0,0.615385,56,56,8,0,0.615385,56,0,0,0,0,0,35,92,3,2,3,2,8,0,7,0,8,13,0,7,0,35,92,3,2,3,2,8,0,7,0,8,13,0,7,0,0,0,3,0,0,0,0,0,1,0,0,0,2,0,0,0,0,0,0,0,0
1656,L11425,SelectorResolver$Match,org.junit.platform.engine.support.discovery.SelectorResolver$Match,L11169,L103,C:\Users\domco\Desktop\DP\repos\junit5\junit-platform-engine\src\main\java\org\junit\platform\engine\support\discovery\SelectorResolver.java,548,2,653,3,0.0,0,0,0,0.0,0.0,0,0,1,0,0,8,4,5,3,1,9,1.0,0.697479,83,83,8,0,0.680328,83,0,0,0,0,0,36,103,3,1,3,1,8,0,7,0,8,10,0,7,0,39,106,5,1,5,1,8,2,7,0,8,10,2,7,0,0,0,11,0,0,0,0,0,0,0,0,0,5,0,0,0,0,0,0,6,0
1657,L30424,CompositeLock$CompositeLockManagedBlocker,org.junit.platform.engine.support.hierarchical.CompositeLock$CompositeLockManagedBlocker,L30407,L103,C:\Users\domco\Desktop\DP\repos\junit5\junit-platform-engine\src\main\java\org\junit\platform\engine\support\hierarchical\CompositeLock.java,65,2,81,3,0.0,0,0,0,0.0,0.0,0,0,1,0,0,2,1,1,0,1,3,0.0,0.0,0,0,0,3,0.0,0,0,0,0,0,0,13,17,1,0,1,0,2,0,2,0,2,4,0,2,0,13,17,1,0,1,0,2,0,2,0,2,4,0,2,0,0,0,7,0,0,0,0,0,0,0,0,0,7,0,0,0,0,0,0,0,0
1658,L30489,DefaultParallelExecutionConfigurationStrategy$1,org.junit.platform.engine.support.hierarchical.DefaultParallelExecutionConfigurationStrategy$1,L30476,L103,C:\Users\domco\Desktop\DP\repos\junit5\junit-platform-engine\src\main\java\org\junit\platform\engine\support\hierarchical\DefaultParallelExecutionConfigurationStrategy.java,36,2,47,3,0.0,0,0,0,0.0,0.0,0,0,1,0,0,1,4,0,0,1,2,0.0,0.0,0,0,0,2,0.0,0,2,2,0,0,1,11,12,8,1,0,0,1,0,1,0,2,2,7,1,0,11,12,8,1,0,0,1,0,1,0,2,2,7,1,0,0,0,7,0,0,0,0,0,0,0,0,0,5,0,0,0,0,0,0,2,0
1659,L30501,DefaultParallelExecutionConfigurationStrategy$2,org.junit.platform.engine.support.hierarchical.DefaultParallelExecutionConfigurationStrategy$2,L30476,L103,C:\Users\domco\Desktop\DP\repos\junit5\junit-platform-engine\src\main\java\org\junit\platform\engine\support\hierarchical\DefaultParallelExecutionConfigurationStrategy.java,54,2,70,3,0.0,0,0,0,0.0,0.0,0,0,1,0,0,1,4,0,0,1,2,0.0,0.0,0,0,0,2,0.0,0,2,2,0,0,1,14,17,8,1,0,0,1,0,1,0,2,4,7,1,0,14,17,8,1,0,0,1,0,1,0,2,4,7,1,0,0,0,7,0,0,0,0,0,0,0,0,0,5,0,0,0,0,0,0,2,0
1660,L30521,DefaultParallelExecutionConfigurationStrategy$3,org.junit.platform.engine.support.hierarchical.DefaultParallelExecutionConfigurationStrategy$3,L30476,L103,C:\Users\domco\Desktop\DP\repos\junit5\junit-platform-engine\src\main\java\org\junit\platform\engine\support\hierarchical\DefaultParallelExecutionConfigurationStrategy.java,77,2,94,3,0.0,0,0,0,0.0,0.0,0,0,1,0,0,1,3,0,0,0,1,0.0,0.1875,3,0,0,2,0.1875,3,2,2,0,0,1,13,18,8,1,0,0,1,0,1,0,2,2,7,1,0,13,18,8,1,0,0,1,0,1,0,2,2,7,1,0,0,0,7,0,0,0,0,0,0,0,0,0,5,0,0,0,0,0,0,2,0
1661,L30598,ForkJoinPoolHierarchicalTestExecutorService$ExclusiveTask,org.junit.platform.engine.support.hierarchical.ForkJoinPoolHierarchicalTestExecutorService$ExclusiveTask,L17205,L103,C:\Users\domco\Desktop\DP\repos\junit5\junit-platform-engine\src\main\java\org\junit\platform\engine\support\hierarchical\ForkJoinPoolHierarchicalTestExecutorService.java,158,2,178,3,0.0,0,0,0,0.0,0.0,0,0,1,1,1,3,3,1,4,4,6,0.5,0.0555556,1,1,1,1,0.0555556,1,0,0,0,0,0,17,21,1,0,1,0,2,0,1,0,2,4,0,1,0,17,21,1,0,1,0,2,0,1,0,2,4,0,1,0,0,0,7,0,0,0,0,0,0,0,0,0,7,0,0,0,0,0,0,0,0
1662,L30585,ForkJoinPoolHierarchicalTestExecutorService$WorkerThreadFactory,org.junit.platform.engine.support.hierarchical.ForkJoinPoolHierarchicalTestExecutorService$WorkerThreadFactory,L17205,L103,C:\Users\domco\Desktop\DP\repos\junit5\junit-platform-engine\src\main\java\org\junit\platform\engine\support\hierarchical\ForkJoinPoolHierarchicalTestExecutorService.java,180,2,188,3,0.0,0,0,0,0.0,0.0,0,0,1,0,0,1,1,1,0,1,2,0.0,0.0,0,0,0,2,0.0,0,0,0,0,0,0,7,9,1,0,1,0,1,0,1,0,1,1,0,1,0,7,9,1,0,1,0,1,0,1,0,1,1,0,1,0,0,0,5,0,0,0,0,0,0,0,0,0,5,0,0,0,0,0,0,0,0
1663,L30671,ForkJoinPoolHierarchicalTestExecutorService$WorkerThread,org.junit.platform.engine.support.hierarchical.ForkJoinPoolHierarchicalTestExecutorService$WorkerThread,L17205,L103,C:\Users\domco\Desktop\DP\repos\junit5\junit-platform-engine\src\main\java\org\junit\platform\engine\support\hierarchical\ForkJoinPoolHierarchicalTestExecutorService.java,190,2,196,3,0.0,0,0,0,0.0,0.0,0,0,0,0,0,1,0,1,1,0,1,0.0,0.0,0,0,0,1,0.0,0,0,0,0,0,0,6,7,0,0,0,0,1,0,0,0,1,2,0,0,0,6,7,0,0,0,0,1,0,0,0,1,2,0,0,0,0,0,5,0,0,0,0,0,0,0,0,0,5,0,0,0,0,0,0,0,0
1664,L9922,Node$SkipResult,org.junit.platform.engine.support.hierarchical.Node$SkipResult,L10002,L103,C:\Users\domco\Desktop\DP\repos\junit5\junit-platform-engine\src\main\java\org\junit\platform\engine\support\hierarchical\Node.java,203,2,266,3,0.0,0,0,0,0.0,0.0,0,0,2,0,0,6,1,10,10,3,9,0.833333,0.540984,33,31,5,1,0.540984,33,0,0,0,0,0,28,64,3,1,3,1,6,0,5,0,6,7,0,5,0,28,64,3,1,3,1,6,0,5,0,6,7,0,5,0,0,0,6,0,0,0,0,0,1,0,0,0,5,0,0,0,0,0,0,0,0
1665,L30997,NodeTestTask$DefaultDynamicTestExecutor,org.junit.platform.engine.support.hierarchical.NodeTestTask$DefaultDynamicTestExecutor,L30747,L103,C:\Users\domco\Desktop\DP\repos\junit5\junit-platform-engine\src\main\java\org\junit\platform\engine\support\hierarchical\NodeTestTask.java,183,2,213,3,0.0,0,0,0,0.0,0.0,0,0,1,2,2,5,12,0,0,13,15,0.0,0.0,0,0,0,3,0.0,0,1,1,0,0,1,29,31,1,0,1,0,2,0,2,0,2,13,0,2,0,29,31,1,0,1,0,2,0,2,0,2,13,0,2,0,0,0,9,0,0,0,0,0,0,0,2,0,7,0,0,0,0,0,0,0,0
1666,L31066,NodeUtils$1,org.junit.platform.engine.support.hierarchical.NodeUtils$1,L31057,L103,C:\Users\domco\Desktop\DP\repos\junit5\junit-platform-engine\src\main\java\org\junit\platform\engine\support\hierarchical\NodeUtils.java,30,50,31,3,0.0,0,0,0,0.0,0.0,0,0,0,0,0,0,2,0,0,0,0,0.0,0.0,0,0,0,1,0.0,0,1,1,0,0,1,2,2,0,2,0,0,0,0,0,0,11,0,0,11,0,2,2,0,2,0,0,0,0,0,0,11,0,0,11,0,0,0,3,0,0,0,0,0,0,0,0,0,3,0,0,0,0,0,0,0,0
1667,L31109,SingleLock$SingleLockManagedBlocker,org.junit.platform.engine.support.hierarchical.SingleLock$SingleLockManagedBlocker,L30809,L103,C:\Users\domco\Desktop\DP\repos\junit5\junit-platform-engine\src\main\java\org\junit\platform\engine\support\hierarchical\SingleLock.java,43,2,59,3,0.0,0,0,0,0.0,0.0,0,0,1,0,0,3,1,1,0,0,2,0.0,0.0,0,0,0,3,0.0,0,0,0,0,0,0,13,17,1,0,1,0,2,0,2,0,2,4,0,2,0,13,17,1,0,1,0,2,0,2,0,2,4,0,2,0,0,0,7,0,0,0,0,0,0,0,0,0,7,0,0,0,0,0,0,0,0
1668,L31331,DefaultParallelExecutionConfigurationStrategyTests$CustomParallelExecutionConfigurationStrategy,org.junit.platform.engine.support.hierarchical.DefaultParallelExecutionConfigurationStrategyTests$CustomParallelExecutionConfigurationStrategy,L31315,L103,C:\Users\domco\Desktop\DP\repos\junit5\platform-tests\src\test\java\org\junit\platform\engine\support\hierarchical\DefaultParallelExecutionConfigurationStrategyTests.java,177,2,182,3,0.0,0,0,0,0.0,0.0,0,0,1,0,0,1,4,1,0,1,2,0.0,0.0,0,0,0,2,0.0,0,1,1,0,0,1,6,6,0,0,0,0,1,0,1,0,1,1,0,1,0,6,6,0,0,0,0,1,0,1,0,1,1,0,1,0,0,0,5,0,0,0,0,0,0,0,0,0,5,0,0,0,0,0,0,0,0
1669,L31358,HierarchicalTestExecutorTests$MyEngineExecutionContext,org.junit.platform.engine.support.hierarchical.HierarchicalTestExecutorTests$MyEngineExecutionContext,L31349,L103,C:\Users\domco\Desktop\DP\repos\junit5\platform-tests\src\test\java\org\junit\platform\engine\support\hierarchical\HierarchicalTestExecutorTests.java,634,2,635,3,0.0,0,0,0,0.0,0.0,0,0,0,0,0,0,1,5,0,0,0,1.0,0.333333,1,1,1,0,0.333333,1,1,1,0,0,1,2,2,0,0,0,0,0,0,0,0,0,0,0,0,0,2,2,0,0,0,0,0,0,0,0,0,0,0,0,0,0,0,0,0,0,0,0,0,0,0,0,0,0,0,0,0,0,0,0,0,0
1670,L31353,HierarchicalTestExecutorTests$MyContainer,org.junit.platform.engine.support.hierarchical.HierarchicalTestExecutorTests$MyContainer,L31349,L103,C:\Users\domco\Desktop\DP\repos\junit5\platform-tests\src\test\java\org\junit\platform\engine\support\hierarchical\HierarchicalTestExecutorTests.java,637,2,647,3,0.0,0,0,0,0.0,0.0,0,0,0,0,0,2,6,1,7,2,4,0.0,0.0,0,0,0,2,0.0,0,2,3,0,0,2,9,11,5,11,0,1,2,0,1,0,38,2,0,35,1,9,11,5,11,0,1,2,0,1,0,38,2,0,35,1,0,0,8,0,0,0,0,0,0,0,0,0,7,0,0,1,0,0,0,0,0
1671,L31381,HierarchicalTestExecutorTests$MyLeaf,org.junit.platform.engine.support.hierarchical.HierarchicalTestExecutorTests$MyLeaf,L31349,L103,C:\Users\domco\Desktop\DP\repos\junit5\platform-tests\src\test\java\org\junit\platform\engine\support\hierarchical\HierarchicalTestExecutorTests.java,649,2,665,3,0.0,0,0,0,0.0,0.0,0,0,1,0,0,3,7,1,11,2,5,0.0,0.0,0,0,0,3,0.0,0,2,3,0,0,2,14,17,5,11,0,1,3,0,2,0,38,3,0,35,1,14,17,5,11,0,1,3,0,2,0,38,3,0,35,1,0,0,10,0,0,0,0,0,0,0,0,0,9,0,0,1,0,0,0,0,0
1672,L31406,HierarchicalTestExecutorTests$MyContainerAndTestTestCase,org.junit.platform.engine.support.hierarchical.HierarchicalTestExecutorTests$MyContainerAndTestTestCase,L31349,L103,C:\Users\domco\Desktop\DP\repos\junit5\platform-tests\src\test\java\org\junit\platform\engine\support\hierarchical\HierarchicalTestExecutorTests.java,667,2,678,3,0.0,0,0,0,0.0,0.0,0,0,0,0,0,2,6,1,1,2,4,0.0,0.0,0,0,0,2,0.0,0,2,3,0,0,2,10,12,5,11,0,1,2,0,1,0,38,2,0,35,1,10,12,5,11,0,1,2,0,1,0,38,2,0,35,1,0,0,8,0,0,0,0,0,0,0,0,0,7,0,0,1,0,0,0,0,0
1673,L31370,HierarchicalTestExecutorTests$MyExecutor,org.junit.platform.engine.support.hierarchical.HierarchicalTestExecutorTests$MyExecutor,L31349,L103,C:\Users\domco\Desktop\DP\repos\junit5\platform-tests\src\test\java\org\junit\platform\engine\support\hierarchical\HierarchicalTestExecutorTests.java,680,2,686,3,0.0,0,0,0,0.0,0.0,0,0,0,0,0,1,4,1,1,1,2,0.0,0.0,0,0,0,1,0.0,0,1,1,0,0,1,6,7,4,0,0,0,1,0,0,0,3,1,0,0,0,6,7,4,0,0,0,1,0,0,0,3,1,0,0,0,0,0,5,0,0,0,0,0,0,0,0,0,5,0,0,0,0,0,0,0,0
1674,L31497,NodeTreeWalkerIntegrationTests$TestCaseWithResourceLock,org.junit.platform.engine.support.hierarchical.NodeTreeWalkerIntegrationTests$TestCaseWithResourceLock,L31491,L103,C:\Users\domco\Desktop\DP\repos\junit5\platform-tests\src\test\java\org\junit\platform\engine\support\hierarchical\NodeTreeWalkerIntegrationTests.java,77,2,83,3,0.0,0,0,0,0.0,0.0,0,0,1,0,0,1,2,1,0,0,1,0.0,0.0,0,0,0,1,0.0,0,0,0,0,0,0,7,7,0,0,0,0,1,0,0,0,1,0,0,0,0,7,7,0,0,0,0,1,0,0,0,1,0,0,0,0,0,0,5,1,2,1,0,1,0,0,0,0,5,1,0,0,0,0,0,0,0
1675,L31501,NodeTreeWalkerIntegrationTests$TestCaseWithoutResourceLock,org.junit.platform.engine.support.hierarchical.NodeTreeWalkerIntegrationTests$TestCaseWithoutResourceLock,L31491,L103,C:\Users\domco\Desktop\DP\repos\junit5\platform-tests\src\test\java\org\junit\platform\engine\support\hierarchical\NodeTreeWalkerIntegrationTests.java,85,2,99,3,0.0,0,0,0,0.0,0.0,0,0,1,0,0,1,2,1,0,0,1,0.0,0.0,0,0,0,1,0.0,0,0,0,0,0,0,6,7,0,0,0,0,1,0,0,0,1,0,0,0,0,14,15,0,0,0,0,2,0,0,0,2,0,0,0,0,0,0,10,2,4,2,0,2,0,0,0,0,10,2,0,0,0,0,0,0,0
1676,L31525,ParallelExecutionIntegrationTests$SuccessfulParallelTestCase,org.junit.platform.engine.support.hierarchical.ParallelExecutionIntegrationTests$SuccessfulParallelTestCase,L31515,L103,C:\Users\domco\Desktop\DP\repos\junit5\platform-tests\src\test\java\org\junit\platform\engine\support\hierarchical\ParallelExecutionIntegrationTests.java,264,2,290,3,0.0,0,0,0,0.0,0.0,0,0,1,0,0,4,5,1,0,1,5,1.0,0.0434783,1,1,1,0,0.0434783,1,0,0,0,0,0,22,27,2,0,2,0,4,0,0,0,4,5,0,0,0,22,27,2,0,2,0,4,0,0,0,4,5,0,0,0,0,0,10,6,6,3,0,6,0,0,0,3,10,0,0,0,0,0,0,0,0
1677,L31536,ParallelExecutionIntegrationTests$FailingWithoutLockTestCase,org.junit.platform.engine.support.hierarchical.ParallelExecutionIntegrationTests$FailingWithoutLockTestCase,L31515,L103,C:\Users\domco\Desktop\DP\repos\junit5\platform-tests\src\test\java\org\junit\platform\engine\support\hierarchical\ParallelExecutionIntegrationTests.java,292,2,318,3,0.0,0,0,0,0.0,0.0,0,0,1,0,0,4,5,1,0,1,5,0.0,0.0,0,0,0,1,0.0,0,0,0,0,0,0,22,27,2,0,2,0,4,0,0,0,4,5,0,0,0,22,27,2,0,2,0,4,0,0,0,4,5,0,0,0,0,0,11,6,6,3,0,6,0,0,0,3,11,0,0,0,0,0,0,0,0
1678,L31540,ParallelExecutionIntegrationTests$SuccessfulWithMethodLockTestCase,org.junit.platform.engine.support.hierarchical.ParallelExecutionIntegrationTests$SuccessfulWithMethodLockTestCase,L31515,L103,C:\Users\domco\Desktop\DP\repos\junit5\platform-tests\src\test\java\org\junit\platform\engine\support\hierarchical\ParallelExecutionIntegrationTests.java,320,2,349,3,0.0,0,0,0,0.0,0.0,0,0,1,0,0,4,6,1,0,1,5,0.0,0.0,0,0,0,1,0.0,0,0,0,0,0,0,25,30,2,0,2,0,4,0,0,0,4,5,0,0,0,25,30,2,0,2,0,4,0,0,0,4,5,0,0,0,0,0,11,7,6,3,0,6,0,0,0,3,11,0,1,0,0,0,0,0,0
1679,L31544,ParallelExecutionIntegrationTests$SuccessfulWithClassLockTestCase,org.junit.platform.engine.support.hierarchical.ParallelExecutionIntegrationTests$SuccessfulWithClassLockTestCase,L31515,L103,C:\Users\domco\Desktop\DP\repos\junit5\platform-tests\src\test\java\org\junit\platform\engine\support\hierarchical\ParallelExecutionIntegrationTests.java,351,2,378,3,0.0,0,0,0,0.0,0.0,0,0,1,0,0,4,6,1,0,1,5,0.0,0.0,0,0,0,1,0.0,0,0,0,0,0,0,23,28,2,0,2,0,4,0,0,0,4,5,0,0,0,23,28,2,0,2,0,4,0,0,0,4,5,0,0,0,0,0,11,6,6,3,0,6,0,0,0,3,11,0,0,0,0,0,0,0,0
1680,L31548,ParallelExecutionIntegrationTests$TestCaseWithTestFactory,org.junit.platform.engine.support.hierarchical.ParallelExecutionIntegrationTests$TestCaseWithTestFactory,L31515,L103,C:\Users\domco\Desktop\DP\repos\junit5\platform-tests\src\test\java\org\junit\platform\engine\support\hierarchical\ParallelExecutionIntegrationTests.java,380,2,391,3,0.0,0,0,0,0.0,0.0,0,0,1,0,0,1,5,1,0,0,1,0.0,0.0,0,0,0,1,0.0,0,0,0,0,0,0,10,12,0,0,0,0,1,0,0,0,1,3,0,0,0,10,12,0,0,0,0,1,0,0,0,1,3,0,0,0,0,0,5,0,1,0,0,1,0,0,0,0,5,0,0,0,0,0,0,0,0
1681,L31557,ParallelExecutionIntegrationTests$TestCaseWithSortedLocks,org.junit.platform.engine.support.hierarchical.ParallelExecutionIntegrationTests$TestCaseWithSortedLocks,L31515,L103,C:\Users\domco\Desktop\DP\repos\junit5\platform-tests\src\test\java\org\junit\platform\engine\support\hierarchical\ParallelExecutionIntegrationTests.java,396,2,426,3,0.0,0,0,0,0.0,0.0,0,0,4,0,0,4,9,1,0,1,5,0.0,0.0,0,0,0,1,0.0,0,0,0,0,0,0,28,31,0,0,0,0,4,0,0,0,4,8,0,0,0,28,31,0,0,0,0,4,0,0,0,4,8,0,0,0,0,0,12,0,13,9,0,4,1,0,0,0,11,0,0,0,0,0,0,0,0
1682,L31560,ParallelExecutionIntegrationTests$TestCaseWithUnsortedLocks,org.junit.platform.engine.support.hierarchical.ParallelExecutionIntegrationTests$TestCaseWithUnsortedLocks,L31515,L103,C:\Users\domco\Desktop\DP\repos\junit5\platform-tests\src\test\java\org\junit\platform\engine\support\hierarchical\ParallelExecutionIntegrationTests.java,428,2,458,3,0.0,0,0,0,0.0,0.0,0,0,4,0,0,4,9,1,0,1,5,0.0,0.0,0,0,0,1,0.0,0,0,0,0,0,0,28,31,0,0,0,0,4,0,0,0,4,8,0,0,0,28,31,0,0,0,0,4,0,0,0,4,8,0,0,0,0,0,12,0,13,9,0,4,1,0,0,0,11,0,0,0,0,0,0,0,0
1683,L31564,ParallelExecutionIntegrationTests$TestCaseWithNestedLocks,org.junit.platform.engine.support.hierarchical.ParallelExecutionIntegrationTests$TestCaseWithNestedLocks,L31515,L103,C:\Users\domco\Desktop\DP\repos\junit5\platform-tests\src\test\java\org\junit\platform\engine\support\hierarchical\ParallelExecutionIntegrationTests.java,460,2,515,3,0.0,0,0,0,0.0,0.0,0,0,4,0,0,4,9,1,0,1,5,0.0,0.0,0,0,0,1,0.0,0,0,0,0,0,0,27,32,0,0,0,0,4,0,0,0,4,8,0,0,0,48,56,0,0,0,0,7,0,0,0,7,14,0,0,0,0,0,22,0,26,18,0,8,2,0,0,0,20,0,0,0,0,0,0,0,0
1684,L31568,ParallelExecutionIntegrationTests$ConcurrentDynamicTestCase,org.junit.platform.engine.support.hierarchical.ParallelExecutionIntegrationTests$ConcurrentDynamicTestCase,L31515,L103,C:\Users\domco\Desktop\DP\repos\junit5\platform-tests\src\test\java\org\junit\platform\engine\support\hierarchical\ParallelExecutionIntegrationTests.java,517,2,538,3,0.0,0,0,0,0.0,0.0,0,0,2,0,0,3,5,1,0,1,4,0.0,0.0,0,0,0,1,0.0,0,0,0,0,0,0,17,22,1,0,1,0,3,0,0,0,3,3,0,0,0,17,22,1,0,1,0,3,0,0,0,3,3,0,0,0,0,0,10,0,4,0,0,4,1,0,0,0,9,0,0,0,0,0,0,0,0
1685,L31578,ParallelExecutionIntegrationTests$InterruptedThreadTestCase,org.junit.platform.engine.support.hierarchical.ParallelExecutionIntegrationTests$InterruptedThreadTestCase,L31515,L103,C:\Users\domco\Desktop\DP\repos\junit5\platform-tests\src\test\java\org\junit\platform\engine\support\hierarchical\ParallelExecutionIntegrationTests.java,540,2,563,3,0.0,0,0,0,0.0,0.0,0,0,4,0,0,4,3,1,0,0,4,0.0,0.0,0,0,0,1,0.0,0,0,0,0,0,0,19,24,0,0,0,0,4,0,0,0,4,4,0,0,0,19,24,0,0,0,0,4,0,0,0,4,4,0,0,0,0,0,12,4,4,4,0,4,1,0,0,0,11,0,0,0,0,0,0,0,0
1686,L31582,ParallelExecutionIntegrationTests$ConcurrentTemplateTestCase,org.junit.platform.engine.support.hierarchical.ParallelExecutionIntegrationTests$ConcurrentTemplateTestCase,L31515,L103,C:\Users\domco\Desktop\DP\repos\junit5\platform-tests\src\test\java\org\junit\platform\engine\support\hierarchical\ParallelExecutionIntegrationTests.java,565,2,573,3,0.0,0,0,0,0.0,0.0,0,0,1,0,0,1,5,1,0,0,1,0.0,0.0,0,0,0,1,0.0,0,0,0,0,0,0,9,9,0,0,0,0,1,0,0,0,1,1,0,0,0,9,9,0,0,0,0,1,0,0,0,1,1,0,0,0,0,0,5,1,1,0,0,1,0,0,0,1,5,0,0,0,0,0,0,0,0
1687,L31726,ParallelExecutionIntegrationTests$BarrierTestCase,org.junit.platform.engine.support.hierarchical.ParallelExecutionIntegrationTests$BarrierTestCase,L31515,L103,C:\Users\domco\Desktop\DP\repos\junit5\platform-tests\src\test\java\org\junit\platform\engine\support\hierarchical\ParallelExecutionIntegrationTests.java,575,2,595,3,0.0,0,0,0,0.0,0.0,0,0,1,0,0,4,3,2,0,0,4,0.0,0.0,0,0,0,1,0.0,0,0,0,2,8,0,16,21,0,1,0,1,4,0,0,0,4,3,0,0,0,16,21,0,1,0,1,4,0,0,0,4,3,0,0,0,0,0,11,3,4,3,0,4,0,0,0,0,11,0,0,0,0,0,0,0,0
1688,L31733,ParallelExecutionIntegrationTests$ParallelMethodsTestCase,org.junit.platform.engine.support.hierarchical.ParallelExecutionIntegrationTests$ParallelMethodsTestCase,L31515,L103,C:\Users\domco\Desktop\DP\repos\junit5\platform-tests\src\test\java\org\junit\platform\engine\support\hierarchical\ParallelExecutionIntegrationTests.java,597,2,605,3,0.0,0,0,0,0.0,0.0,0,0,0,0,0,1,1,4,0,0,1,0.0,0.0,0,0,0,1,0.0,0,1,1,3,3,1,7,9,1,1,1,1,1,0,0,0,4,1,0,0,0,7,9,1,1,1,1,1,0,0,0,4,1,0,0,0,0,0,5,0,2,0,0,2,0,0,0,0,5,0,0,0,0,0,0,0,0
1689,L31745,ParallelExecutionIntegrationTests$ParallelClassesTestCase,org.junit.platform.engine.support.hierarchical.ParallelExecutionIntegrationTests$ParallelClassesTestCase,L31515,L103,C:\Users\domco\Desktop\DP\repos\junit5\platform-tests\src\test\java\org\junit\platform\engine\support\hierarchical\ParallelExecutionIntegrationTests.java,607,2,616,3,0.0,0,0,0,0.0,0.0,0,0,0,0,0,1,1,4,0,0,1,0.0,0.0,0,0,0,1,0.0,0,1,1,3,3,1,7,10,1,1,1,1,1,0,0,0,4,1,0,0,0,7,10,1,1,1,1,1,0,0,0,4,1,0,0,0,0,0,5,0,2,0,0,2,0,0,0,0,5,0,0,0,0,0,0,0,0
1690,L31593,ParallelExecutionIntegrationTests$ParallelClassesTestCaseA,org.junit.platform.engine.support.hierarchical.ParallelExecutionIntegrationTests$ParallelClassesTestCaseA,L31515,L103,C:\Users\domco\Desktop\DP\repos\junit5\platform-tests\src\test\java\org\junit\platform\engine\support\hierarchical\ParallelExecutionIntegrationTests.java,618,2,619,3,0.0,0,0,0,0.0,0.0,0,0,0,0,0,0,1,1,0,0,0,0.0,0.0,0,0,0,1,0.0,0,2,2,0,0,1,2,2,1,1,0,0,0,0,0,0,4,0,0,0,0,2,2,1,1,0,0,0,0,0,0,4,0,0,0,0,0,0,3,0,0,0,0,0,0,0,0,0,3,0,0,0,0,0,0,0,0
1691,L31596,ParallelExecutionIntegrationTests$ParallelClassesTestCaseB,org.junit.platform.engine.support.hierarchical.ParallelExecutionIntegrationTests$ParallelClassesTestCaseB,L31515,L103,C:\Users\domco\Desktop\DP\repos\junit5\platform-tests\src\test\java\org\junit\platform\engine\support\hierarchical\ParallelExecutionIntegrationTests.java,621,2,622,3,0.0,0,0,0,0.0,0.0,0,0,0,0,0,0,1,1,0,0,0,0.0,0.0,0,0,0,1,0.0,0,2,2,0,0,1,2,2,1,1,0,0,0,0,0,0,4,0,0,0,0,2,2,1,1,0,0,0,0,0,0,4,0,0,0,0,0,0,3,0,0,0,0,0,0,0,0,0,3,0,0,0,0,0,0,0,0
1692,L31599,ParallelExecutionIntegrationTests$ParallelClassesTestCaseC,org.junit.platform.engine.support.hierarchical.ParallelExecutionIntegrationTests$ParallelClassesTestCaseC,L31515,L103,C:\Users\domco\Desktop\DP\repos\junit5\platform-tests\src\test\java\org\junit\platform\engine\support\hierarchical\ParallelExecutionIntegrationTests.java,624,2,625,3,0.0,0,0,0,0.0,0.0,0,0,0,0,0,0,1,1,0,0,0,0.0,0.0,0,0,0,1,0.0,0,2,2,0,0,1,2,2,1,1,0,0,0,0,0,0,4,0,0,0,0,2,2,1,1,0,0,0,0,0,0,4,0,0,0,0,0,0,3,0,0,0,0,0,0,0,0,0,3,0,0,0,0,0,0,0,0
1693,L31609,ParallelExecutionIntegrationTests$ParallelMethodsTestCaseA,org.junit.platform.engine.support.hierarchical.ParallelExecutionIntegrationTests$ParallelMethodsTestCaseA,L31515,L103,C:\Users\domco\Desktop\DP\repos\junit5\platform-tests\src\test\java\org\junit\platform\engine\support\hierarchical\ParallelExecutionIntegrationTests.java,627,2,628,3,0.0,0,0,0,0.0,0.0,0,0,0,0,0,0,1,1,0,0,0,0.0,0.0,0,0,0,1,0.0,0,2,2,0,0,1,2,2,1,1,0,0,0,0,0,0,4,0,0,0,0,2,2,1,1,0,0,0,0,0,0,4,0,0,0,0,0,0,3,0,0,0,0,0,0,0,0,0,3,0,0,0,0,0,0,0,0
1694,L31612,ParallelExecutionIntegrationTests$ParallelMethodsTestCaseB,org.junit.platform.engine.support.hierarchical.ParallelExecutionIntegrationTests$ParallelMethodsTestCaseB,L31515,L103,C:\Users\domco\Desktop\DP\repos\junit5\platform-tests\src\test\java\org\junit\platform\engine\support\hierarchical\ParallelExecutionIntegrationTests.java,630,2,631,3,0.0,0,0,0,0.0,0.0,0,0,0,0,0,0,1,1,0,0,0,0.0,0.0,0,0,0,1,0.0,0,2,2,0,0,1,2,2,1,1,0,0,0,0,0,0,4,0,0,0,0,2,2,1,1,0,0,0,0,0,0,4,0,0,0,0,0,0,3,0,0,0,0,0,0,0,0,0,3,0,0,0,0,0,0,0,0
1695,L31615,ParallelExecutionIntegrationTests$ParallelMethodsTestCaseC,org.junit.platform.engine.support.hierarchical.ParallelExecutionIntegrationTests$ParallelMethodsTestCaseC,L31515,L103,C:\Users\domco\Desktop\DP\repos\junit5\platform-tests\src\test\java\org\junit\platform\engine\support\hierarchical\ParallelExecutionIntegrationTests.java,633,2,634,3,0.0,0,0,0,0.0,0.0,0,0,0,0,0,0,1,1,0,0,0,0.0,0.0,0,0,0,1,0.0,0,2,2,0,0,1,2,2,1,1,0,0,0,0,0,0,4,0,0,0,0,2,2,1,1,0,0,0,0,0,0,4,0,0,0,0,0,0,3,0,0,0,0,0,0,0,0,0,3,0,0,0,0,0,0,0,0
1696,L31634,ParallelExecutionIntegrationTests$ThreadReporter,org.junit.platform.engine.support.hierarchical.ParallelExecutionIntegrationTests$ThreadReporter,L31515,L103,C:\Users\domco\Desktop\DP\repos\junit5\platform-tests\src\test\java\org\junit\platform\engine\support\hierarchical\ParallelExecutionIntegrationTests.java,650,2,677,3,0.0,0,0,0,0.0,0.0,0,0,1,0,0,4,3,10,10,1,5,0.0,0.0833333,2,0,0,2,0.0833333,2,2,2,0,0,1,22,28,0,3,0,3,4,0,1,0,4,5,0,1,0,22,28,0,3,0,3,4,0,1,0,4,5,0,1,0,0,0,11,0,0,0,0,0,0,0,0,0,11,0,0,0,0,0,0,0,0
1697,L31785,SameThreadExecutionIntegrationTests$InterruptedThreadTestCase,org.junit.platform.engine.support.hierarchical.SameThreadExecutionIntegrationTests$InterruptedThreadTestCase,L31779,L103,C:\Users\domco\Desktop\DP\repos\junit5\platform-tests\src\test\java\org\junit\platform\engine\support\hierarchical\SameThreadExecutionIntegrationTests.java,57,2,80,3,0.0,0,0,0,0.0,0.0,0,0,4,0,0,4,3,1,0,0,4,1.0,0.05,1,1,1,0,0.05,1,0,0,0,0,0,19,24,0,0,0,0,4,0,0,0,4,4,0,0,0,19,24,0,0,0,0,4,0,0,0,4,4,0,0,0,0,0,11,4,4,4,0,4,1,0,0,0,10,0,0,0,0,0,0,0,0
1698,L31822,ThrowableCollectorTests$CustomAbort,org.junit.platform.engine.support.hierarchical.ThrowableCollectorTests$CustomAbort,L31817,L103,C:\Users\domco\Desktop\DP\repos\junit5\platform-tests\src\test\java\org\junit\platform\engine\support\hierarchical\ThrowableCollectorTests.java,68,2,70,3,0.0,0,0,0,0.0,0.0,0,0,0,0,0,0,0,1,0,0,0,0.0,0.0,0,0,0,1,0.0,0,0,0,0,0,0,3,3,1,0,1,0,0,0,0,0,0,0,0,0,0,3,3,1,0,1,0,0,0,0,0,0,0,0,0,0,0,1,3,0,0,0,0,0,0,0,0,1,3,0,0,0,0,0,0,0,0
1699,L28877,DiscoverySelectorsTests$NestedClassAndMethodSelectors$AbstractClassWithNestedInnerClass$NestedClass,org.junit.platform.engine.discovery.DiscoverySelectorsTests$NestedClassAndMethodSelectors$AbstractClassWithNestedInnerClass$NestedClass,L28880,L103,C:\Users\domco\Desktop\DP\repos\junit5\platform-tests\src\test\java\org\junit\platform\engine\discovery\DiscoverySelectorsTests.java,718,4,738,5,0.0,0,0,0,0.0,0.0,0,0,2,0,0,2,2,1,0,0,2,0.0,0.0,0,0,0,1,0.0,0,0,0,0,0,0,9,13,0,0,0,0,2,0,0,0,2,0,0,0,0,15,21,0,0,0,0,3,0,0,0,3,0,0,0,0,0,0,13,3,6,3,0,3,1,0,0,0,12,3,0,0,0,0,0,0,0
1700,L28885,DiscoverySelectorsTests$NestedClassAndMethodSelectors$AbstractClassWithNestedInnerClass$NestedClass$DoubleNestedClass,org.junit.platform.engine.discovery.DiscoverySelectorsTests$NestedClassAndMethodSelectors$AbstractClassWithNestedInnerClass$NestedClass$DoubleNestedClass,L28877,L103,C:\Users\domco\Desktop\DP\repos\junit5\platform-tests\src\test\java\org\junit\platform\engine\discovery\DiscoverySelectorsTests.java,729,5,736,6,0.0,0,0,0,0.0,0.0,0,0,1,0,0,1,2,1,0,0,1,0.0,0.0,0,0,0,1,0.0,0,0,0,0,0,0,6,8,0,0,0,0,1,0,0,0,1,0,0,0,0,6,8,0,0,0,0,1,0,0,0,1,0,0,0,0,0,0,5,1,2,1,0,1,0,0,0,0,5,1,0,0,0,0,0,0,0
1701,L31512,NodeTreeWalkerIntegrationTests$TestCaseWithoutResourceLock$NestedTestCaseWithResourceLock,org.junit.platform.engine.support.hierarchical.NodeTreeWalkerIntegrationTests$TestCaseWithoutResourceLock$NestedTestCaseWithResourceLock,L31501,L103,C:\Users\domco\Desktop\DP\repos\junit5\platform-tests\src\test\java\org\junit\platform\engine\support\hierarchical\NodeTreeWalkerIntegrationTests.java,91,3,98,4,0.0,0,0,0,0.0,0.0,0,0,1,0,0,1,3,0,0,0,1,0.0,0.0,0,0,0,1,0.0,0,0,0,0,0,0,8,8,0,0,0,0,1,0,0,0,1,0,0,0,0,8,8,0,0,0,0,1,0,0,0,1,0,0,0,0,0,0,5,1,2,1,0,1,0,0,0,0,5,1,0,0,0,0,0,0,0
1702,L31703,ParallelExecutionIntegrationTests$TestCaseWithNestedLocks$B,org.junit.platform.engine.support.hierarchical.ParallelExecutionIntegrationTests$TestCaseWithNestedLocks$B,L31564,L103,C:\Users\domco\Desktop\DP\repos\junit5\platform-tests\src\test\java\org\junit\platform\engine\support\hierarchical\ParallelExecutionIntegrationTests.java,491,3,514,4,0.0,0,0,0,0.0,0.0,0,0,3,0,0,3,5,0,0,1,4,0.0,0.0,0,0,0,1,0.0,0,0,0,0,0,0,21,24,0,0,0,0,3,0,0,0,3,6,0,0,0,21,24,0,0,0,0,3,0,0,0,3,6,0,0,0,0,0,10,0,13,9,0,4,1,0,0,0,9,0,0,0,0,0,0,0,0
1703,L33223,DefaultLauncherTests$1,org.junit.platform.launcher.core.DefaultLauncherTests$1,L33220,L103,C:\Users\domco\Desktop\DP\repos\junit5\platform-tests\src\test\java\org\junit\platform\launcher\core\DefaultLauncherTests.java,144,60,150,4,0.0,0,0,0,0.0,0.0,0,0,1,0,0,1,4,0,0,0,1,0.0,0.0,0,0,0,2,0.0,0,2,2,0,0,1,6,7,1,4,0,0,1,0,1,0,9,1,0,9,0,6,7,1,4,0,0,1,0,1,0,9,1,0,9,0,0,0,5,0,0,0,0,0,0,0,0,0,5,0,0,0,0,0,0,0,0
1704,L33234,DefaultLauncherTests$2,org.junit.platform.launcher.core.DefaultLauncherTests$2,L33230,L103,C:\Users\domco\Desktop\DP\repos\junit5\platform-tests\src\test\java\org\junit\platform\launcher\core\DefaultLauncherTests.java,164,58,176,4,0.0,0,0,0,0.0,0.0,0,0,1,1,1,2,5,0,0,1,2,0.0,0.0,0,0,0,2,0.0,0,2,2,0,0,1,12,13,1,4,0,0,1,0,1,0,9,4,0,9,0,12,13,1,4,0,0,1,0,1,0,9,4,0,9,0,0,0,5,1,0,0,0,0,0,0,0,1,5,0,0,0,0,0,0,0,0
1705,L33250,DefaultLauncherTests$3,org.junit.platform.launcher.core.DefaultLauncherTests$3,L33249,L103,C:\Users\domco\Desktop\DP\repos\junit5\platform-tests\src\test\java\org\junit\platform\launcher\core\DefaultLauncherTests.java,215,37,220,4,0.0,0,0,0,0.0,0.0,0,0,1,0,0,1,2,1,0,0,1,0.0,0.0,0,0,0,2,0.0,0,2,2,0,0,1,6,6,1,4,0,0,1,0,1,0,9,1,0,9,0,6,6,1,4,0,0,1,0,1,0,9,1,0,9,0,0,0,5,0,0,0,0,0,0,0,0,0,5,0,0,0,0,0,0,0,0
1706,L33259,DefaultLauncherTests$4,org.junit.platform.launcher.core.DefaultLauncherTests$4,L33258,L103,C:\Users\domco\Desktop\DP\repos\junit5\platform-tests\src\test\java\org\junit\platform\launcher\core\DefaultLauncherTests.java,237,37,244,4,0.0,0,0,0,0.0,0.0,0,0,1,0,0,1,4,1,0,3,4,0.0,0.0,0,0,0,2,0.0,0,2,2,0,0,1,8,8,1,4,0,0,1,0,1,0,9,3,0,9,0,8,8,1,4,0,0,1,0,1,0,9,3,0,9,0,0,0,5,0,0,0,0,0,0,0,0,0,5,0,0,0,0,0,0,0,0
1707,L33267,DefaultLauncherTests$5,org.junit.platform.launcher.core.DefaultLauncherTests$5,L33266,L103,C:\Users\domco\Desktop\DP\repos\junit5\platform-tests\src\test\java\org\junit\platform\launcher\core\DefaultLauncherTests.java,261,37,268,4,0.0,0,0,0,0.0,0.0,0,0,1,0,0,1,4,1,0,3,4,0.0,0.0,0,0,0,2,0.0,0,2,2,0,0,1,8,8,1,4,0,0,1,0,1,0,9,3,0,9,0,8,8,1,4,0,0,1,0,1,0,9,3,0,9,0,0,0,5,0,0,0,0,0,0,0,0,0,5,0,0,0,0,0,0,0,0
1708,L33275,DefaultLauncherTests$6,org.junit.platform.launcher.core.DefaultLauncherTests$6,L33274,L103,C:\Users\domco\Desktop\DP\repos\junit5\platform-tests\src\test\java\org\junit\platform\launcher\core\DefaultLauncherTests.java,285,37,294,4,0.0,0,0,0,0.0,0.0,0,0,1,0,0,1,5,1,0,5,6,0.0,0.0,0,0,0,2,0.0,0,2,2,0,0,1,10,10,1,4,0,0,1,0,1,0,9,4,0,9,0,10,10,1,4,0,0,1,0,1,0,9,4,0,9,0,0,0,5,0,1,0,0,1,0,0,0,0,5,0,0,0,0,0,0,0,0
1709,L33283,DefaultLauncherTests$7,org.junit.platform.launcher.core.DefaultLauncherTests$7,L33282,L103,C:\Users\domco\Desktop\DP\repos\junit5\platform-tests\src\test\java\org\junit\platform\launcher\core\DefaultLauncherTests.java,312,37,321,4,0.0,0,0,0,0.0,0.0,0,0,1,0,0,1,5,1,0,5,6,0.0,0.0,0,0,0,2,0.0,0,2,2,0,0,1,10,10,1,4,0,0,1,0,1,0,9,5,0,9,0,10,10,1,4,0,0,1,0,1,0,9,5,0,9,0,0,0,5,0,0,0,0,0,0,0,0,0,5,0,0,0,0,0,0,0,0
1710,L33291,DefaultLauncherTests$8,org.junit.platform.launcher.core.DefaultLauncherTests$8,L33290,L103,C:\Users\domco\Desktop\DP\repos\junit5\platform-tests\src\test\java\org\junit\platform\launcher\core\DefaultLauncherTests.java,338,37,344,4,0.0,0,0,0,0.0,0.0,0,0,1,0,0,1,4,1,0,3,4,0.0,0.0,0,0,0,2,0.0,0,2,2,0,0,1,7,7,1,4,0,0,1,0,1,0,9,2,0,9,0,7,7,1,4,0,0,1,0,1,0,9,2,0,9,0,0,0,5,0,0,0,0,0,0,0,0,0,5,0,0,0,0,0,0,0,0
1711,L33299,DefaultLauncherTests$9,org.junit.platform.launcher.core.DefaultLauncherTests$9,L33298,L103,C:\Users\domco\Desktop\DP\repos\junit5\platform-tests\src\test\java\org\junit\platform\launcher\core\DefaultLauncherTests.java,356,37,364,4,0.0,0,0,0,0.0,0.0,0,0,1,0,0,1,5,1,0,5,6,0.0,0.0,0,0,0,2,0.0,0,2,2,0,0,1,9,9,1,4,0,0,1,0,1,0,9,4,0,9,0,9,9,1,4,0,0,1,0,1,0,9,4,0,9,0,0,0,5,0,1,0,0,1,0,0,0,0,5,0,0,0,0,0,0,0,0
1712,L33334,DefaultLauncherTests$10,org.junit.platform.launcher.core.DefaultLauncherTests$10,L33331,L103,C:\Users\domco\Desktop\DP\repos\junit5\platform-tests\src\test\java\org\junit\platform\launcher\core\DefaultLauncherTests.java,602,46,621,4,0.0,0,0,0,0.0,0.0,0,0,1,0,0,1,6,0,0,6,7,0.0,0.0,0,0,0,2,0.0,0,2,2,0,0,1,14,15,4,4,0,0,1,0,1,0,7,6,4,7,0,18,20,9,14,0,1,2,0,2,0,35,7,4,33,1,0,0,12,0,0,0,0,0,0,0,0,0,10,0,0,0,0,0,0,2,0
1713,L33348,DefaultLauncherTests$11,org.junit.platform.launcher.core.DefaultLauncherTests$11,L33345,L103,C:\Users\domco\Desktop\DP\repos\junit5\platform-tests\src\test\java\org\junit\platform\launcher\core\DefaultLauncherTests.java,638,46,672,4,0.0,0,0,0,0.0,0.0,0,0,2,0,0,2,10,0,0,14,16,0.0,0.0,0,0,0,3,0.0,0,2,2,0,0,1,25,30,4,4,0,0,2,0,2,0,8,16,4,8,0,29,35,9,14,0,1,3,0,3,0,36,17,4,34,1,0,0,16,0,0,0,0,0,1,0,1,0,12,0,0,0,0,0,0,2,0
1714,L33414,LauncherConfigTests$1,org.junit.platform.launcher.core.LauncherConfigTests$1,L33411,L103,C:\Users\domco\Desktop\DP\repos\junit5\platform-tests\src\test\java\org\junit\platform\launcher\core\LauncherConfigTests.java,39,64,40,4,0.0,0,0,0,0.0,0.0,0,0,0,0,0,0,1,0,0,0,0,0.0,0.0,0,0,0,1,0.0,0,1,1,0,0,1,2,2,0,0,0,0,0,0,0,0,7,0,0,7,0,2,2,0,0,0,0,0,0,0,0,7,0,0,7,0,0,0,3,0,0,0,0,0,0,0,0,0,3,0,0,0,0,0,0,0,0
1715,L33422,LauncherConfigTests$2,org.junit.platform.launcher.core.LauncherConfigTests$2,L33419,L103,C:\Users\domco\Desktop\DP\repos\junit5\platform-tests\src\test\java\org\junit\platform\launcher\core\LauncherConfigTests.java,87,61,88,4,0.0,0,0,0,0.0,0.0,0,0,0,0,0,0,1,0,0,0,0,0.0,0.0,0,0,0,1,0.0,0,1,1,0,0,1,2,2,0,0,0,0,0,0,0,0,7,0,0,7,0,2,2,0,0,0,0,0,0,0,0,7,0,0,7,0,0,0,3,0,0,0,0,0,0,0,0,0,3,0,0,0,0,0,0,0,0
1716,L33425,LauncherConfigTests$3,org.junit.platform.launcher.core.LauncherConfigTests$3,L33419,L103,C:\Users\domco\Desktop\DP\repos\junit5\platform-tests\src\test\java\org\junit\platform\launcher\core\LauncherConfigTests.java,89,62,90,4,0.0,0,0,0,0.0,0.0,0,0,0,0,0,0,1,0,0,0,0,0.0,0.0,0,0,0,1,0.0,0,1,1,0,0,1,2,2,0,0,0,0,0,0,0,0,7,0,0,7,0,2,2,0,0,0,0,0,0,0,0,7,0,0,7,0,0,0,3,0,0,0,0,0,0,0,0,0,3,0,0,0,0,0,0,0,0
1717,L33680,TestExecutionListenerRegistryTests$1,org.junit.platform.launcher.core.TestExecutionListenerRegistryTests$1,L33675,L103,C:\Users\domco\Desktop\DP\repos\junit5\platform-tests\src\test\java\org\junit\platform\launcher\core\TestExecutionListenerRegistryTests.java,144,58,149,4,0.0,0,0,0,0.0,0.0,0,0,1,0,0,1,2,0,0,0,1,0.0,0.0,0,0,0,2,0.0,0,1,1,0,0,1,6,6,0,0,0,0,1,0,1,0,7,1,0,7,0,6,6,0,0,0,0,1,0,1,0,7,1,0,7,0,0,0,5,0,0,0,0,0,0,0,0,0,5,0,0,0,0,0,0,0,0
1718,L33689,TestExecutionListenerRegistryTests$2,org.junit.platform.launcher.core.TestExecutionListenerRegistryTests$2,L33685,L103,C:\Users\domco\Desktop\DP\repos\junit5\platform-tests\src\test\java\org\junit\platform\launcher\core\TestExecutionListenerRegistryTests.java,161,93,166,4,0.0,0,0,0,0.0,0.0,0,0,1,0,0,1,3,0,0,0,1,0.0,0.0,0,0,0,2,0.0,0,2,2,0,0,1,6,6,0,0,0,0,1,0,1,0,9,1,0,9,0,6,6,0,0,0,0,1,0,1,0,9,1,0,9,0,0,0,5,0,0,0,0,0,0,0,0,0,5,0,0,0,0,0,0,0,0
1719,L34310,SummaryGenerationTests$1,org.junit.platform.launcher.listeners.SummaryGenerationTests$1,L34307,L103,C:\Users\domco\Desktop\DP\repos\junit5\platform-tests\src\test\java\org\junit\platform\launcher\listeners\SummaryGenerationTests.java,135,105,141,4,1.0,1,1,1,1.0,1.0,7,6,0,0,0,1,3,0,0,1,2,0.0,0.0,0,0,0,2,0.0,0,3,3,0,0,1,6,7,5,10,0,1,1,0,1,0,28,1,0,26,1,6,7,5,10,0,1,1,0,1,0,28,1,0,26,1,0,0,15,0,0,0,10,0,0,0,0,0,5,0,0,0,0,0,0,0,0
1720,L34323,SummaryGenerationTests$2,org.junit.platform.launcher.listeners.SummaryGenerationTests$2,L34316,L103,C:\Users\domco\Desktop\DP\repos\junit5\platform-tests\src\test\java\org\junit\platform\launcher\listeners\SummaryGenerationTests.java,160,105,166,4,1.0,1,1,1,1.0,1.0,7,6,0,0,0,1,3,0,0,1,2,0.0,0.0,0,0,0,2,0.0,0,3,3,0,0,1,6,7,5,10,0,1,1,0,1,0,28,1,0,26,1,6,7,5,10,0,1,1,0,1,0,28,1,0,26,1,0,0,15,0,0,0,10,0,0,0,0,0,5,0,0,0,0,0,0,0,0
1721,L34330,SummaryGenerationTests$3,org.junit.platform.launcher.listeners.SummaryGenerationTests$3,L34327,L103,C:\Users\domco\Desktop\DP\repos\junit5\platform-tests\src\test\java\org\junit\platform\launcher\listeners\SummaryGenerationTests.java,199,105,205,4,1.0,2,2,2,1.0,1.0,7,6,0,0,0,1,3,0,0,1,2,0.0,0.0,0,0,0,2,0.0,0,3,3,0,0,1,6,7,5,10,0,1,1,0,1,0,28,1,0,26,1,6,7,5,10,0,1,1,0,1,0,28,1,0,26,1,0,0,15,0,0,0,10,0,0,0,0,0,5,0,0,0,0,0,0,0,0
1722,L34338,SummaryGenerationTests$4,org.junit.platform.launcher.listeners.SummaryGenerationTests$4,L34298,L103,C:\Users\domco\Desktop\DP\repos\junit5\platform-tests\src\test\java\org\junit\platform\launcher\listeners\SummaryGenerationTests.java,235,75,241,5,0.0,0,0,0,0.0,0.0,0,0,0,0,0,1,2,0,0,0,1,0.0,0.0,0,0,0,2,0.0,0,3,3,0,0,1,6,7,5,10,0,1,1,0,1,0,28,1,0,26,1,6,7,5,10,0,1,1,0,1,0,28,1,0,26,1,0,0,5,0,0,0,0,0,0,0,0,0,5,0,0,0,0,0,0,0,0
1723,L34576,ParseResults$1,org.junit.platform.launcher.tagexpression.ParseResults$1,L34572,L103,C:\Users\domco\Desktop\DP\repos\junit5\junit-platform-launcher\src\main\java\org\junit\platform\launcher\tagexpression\ParseResults.java,25,28,30,4,0.0,0,0,0,0.0,0.0,0,0,1,0,0,1,2,0,0,0,1,0.0,0.0,0,0,0,2,0.0,0,1,1,0,0,1,6,6,0,0,0,0,1,0,1,0,3,1,0,3,0,6,6,0,0,0,0,1,0,1,0,3,1,0,3,0,0,0,5,0,0,0,0,0,0,0,0,0,5,0,0,0,0,0,0,0,0
1724,L34582,ParseResults$2,org.junit.platform.launcher.tagexpression.ParseResults$2,L34578,L103,C:\Users\domco\Desktop\DP\repos\junit5\junit-platform-launcher\src\main\java\org\junit\platform\launcher\tagexpression\ParseResults.java,34,28,39,4,0.0,0,0,0,0.0,0.0,0,0,1,0,0,1,1,0,0,0,1,0.0,0.0,0,0,0,2,0.0,0,1,1,0,0,1,6,6,0,0,0,0,1,0,1,0,3,1,0,3,0,6,6,0,0,0,0,1,0,1,0,3,1,0,3,0,0,0,5,0,0,0,0,0,0,0,0,0,5,0,0,0,0,0,0,0,0
1725,L34751,TagExpressions$1,org.junit.platform.launcher.tagexpression.TagExpressions$1,L34697,L103,C:\Users\domco\Desktop\DP\repos\junit5\junit-platform-launcher\src\main\java\org\junit\platform\launcher\tagexpression\TagExpressions.java,24,30,34,4,0.0,0,0,0,0.0,0.0,0,0,2,0,0,2,2,0,0,1,3,0.0,0.0,0,0,0,3,0.0,0,1,1,0,0,1,10,11,0,0,0,0,2,0,2,0,3,2,0,3,0,10,11,0,0,0,0,2,0,2,0,3,2,0,3,0,0,0,8,0,0,0,0,0,1,0,0,0,7,0,0,0,0,0,0,0,0
1726,L34759,TagExpressions$2,org.junit.platform.launcher.tagexpression.TagExpressions$2,L34695,L103,C:\Users\domco\Desktop\DP\repos\junit5\junit-platform-launcher\src\main\java\org\junit\platform\launcher\tagexpression\TagExpressions.java,38,30,48,4,0.0,0,0,0,0.0,0.0,0,0,2,0,0,2,2,0,0,0,2,0.0,0.0,0,0,0,3,0.0,0,1,1,0,0,1,10,11,0,0,0,0,2,0,2,0,3,2,0,3,0,10,11,0,0,0,0,2,0,2,0,3,2,0,3,0,0,0,8,0,0,0,0,0,1,0,0,0,7,0,0,0,0,0,0,0,0
1727,L34765,TagExpressions$3,org.junit.platform.launcher.tagexpression.TagExpressions$3,L34693,L103,C:\Users\domco\Desktop\DP\repos\junit5\junit-platform-launcher\src\main\java\org\junit\platform\launcher\tagexpression\TagExpressions.java,52,30,62,4,0.0,0,0,0,0.0,0.0,0,0,2,0,0,2,2,0,0,0,2,0.0,0.0,0,0,0,3,0.0,0,1,1,0,0,1,10,11,0,0,0,0,2,0,2,0,3,2,0,3,0,10,11,0,0,0,0,2,0,2,0,3,2,0,3,0,0,0,8,0,0,0,0,0,1,0,0,0,7,0,0,0,0,0,0,0,0
1728,L34773,TagExpressions$4,org.junit.platform.launcher.tagexpression.TagExpressions$4,L34769,L103,C:\Users\domco\Desktop\DP\repos\junit5\junit-platform-launcher\src\main\java\org\junit\platform\launcher\tagexpression\TagExpressions.java,66,30,76,4,0.0,0,0,0,0.0,0.0,0,0,2,0,0,2,2,0,0,1,3,0.0,0.0,0,0,0,3,0.0,0,1,1,0,0,1,10,11,0,0,0,0,2,0,2,0,3,2,0,3,0,10,11,0,0,0,0,2,0,2,0,3,2,0,3,0,0,0,8,0,1,0,0,0,1,0,0,0,7,0,0,0,0,1,0,0,0
1729,L34783,TagExpressions$5,org.junit.platform.launcher.tagexpression.TagExpressions$5,L34778,L103,C:\Users\domco\Desktop\DP\repos\junit5\junit-platform-launcher\src\main\java\org\junit\platform\launcher\tagexpression\TagExpressions.java,80,30,90,4,1.0,1,1,1,1.0,1.0,11,10,2,0,0,3,2,0,0,1,3,0.0,0.0,0,0,0,3,0.0,0,1,1,0,0,1,10,11,0,0,0,0,2,0,2,0,3,2,0,3,0,10,11,0,0,0,0,2,0,2,0,3,2,0,3,0,0,0,23,0,0,0,15,0,1,0,0,0,7,0,0,0,0,0,0,0,0
1730,L34792,TagExpressions$6,org.junit.platform.launcher.tagexpression.TagExpressions$6,L34787,L103,C:\Users\domco\Desktop\DP\repos\junit5\junit-platform-launcher\src\main\java\org\junit\platform\launcher\tagexpression\TagExpressions.java,94,30,104,4,1.0,1,1,1,1.0,1.0,11,10,2,0,0,3,2,0,0,1,3,0.0,0.0,0,0,0,3,0.0,0,1,1,0,0,1,10,11,0,0,0,0,2,0,2,0,3,2,0,3,0,10,11,0,0,0,0,2,0,2,0,3,2,0,3,0,0,0,23,0,0,0,15,0,1,0,0,0,7,0,0,0,0,0,0,0,0
1731,L33341,DefaultLauncherTests$10$1,org.junit.platform.launcher.core.DefaultLauncherTests$10$1,L33335,L103,C:\Users\domco\Desktop\DP\repos\junit5\platform-tests\src\test\java\org\junit\platform\launcher\core\DefaultLauncherTests.java,609,19,615,6,0.0,0,0,0,0.0,0.0,0,0,0,0,0,1,2,0,0,0,1,0.0,0.0,0,0,0,2,0.0,0,3,3,0,0,1,7,7,5,10,0,1,1,0,1,0,28,1,0,26,1,7,7,5,10,0,1,1,0,1,0,28,1,0,26,1,0,0,5,0,0,0,0,0,0,0,0,0,5,0,0,0,0,0,0,0,0
1732,L33354,DefaultLauncherTests$11$1,org.junit.platform.launcher.core.DefaultLauncherTests$11$1,L33349,L103,C:\Users\domco\Desktop\DP\repos\junit5\platform-tests\src\test\java\org\junit\platform\launcher\core\DefaultLauncherTests.java,644,81,650,6,0.0,0,0,0,0.0,0.0,0,0,0,0,0,1,2,0,0,0,1,0.0,0.0,0,0,0,2,0.0,0,3,3,0,0,1,6,7,5,10,0,1,1,0,1,0,28,1,0,26,1,6,7,5,10,0,1,1,0,1,0,28,1,0,26,1,0,0,5,0,0,0,0,0,0,0,0,0,5,0,0,0,0,0,0,0,0
1733,L33967,AbortOnFailureLauncherDiscoveryListenerTests$1,org.junit.platform.launcher.listeners.discovery.AbortOnFailureLauncherDiscoveryListenerTests$1,L33966,L103,C:\Users\domco\Desktop\DP\repos\junit5\platform-tests\src\test\java\org\junit\platform\launcher\listeners\discovery\AbortOnFailureLauncherDiscoveryListenerTests.java,78,50,83,4,0.0,0,0,0,0.0,0.0,0,0,1,0,0,1,4,1,0,0,1,0.0,0.0,0,0,0,2,0.0,0,2,2,0,0,1,6,6,1,4,0,0,1,0,1,0,9,1,0,9,0,6,6,1,4,0,0,1,0,1,0,9,1,0,9,0,0,0,5,0,0,0,0,0,0,0,0,0,5,0,0,0,0,0,0,0,0
1734,L33979,AbstractLauncherDiscoveryListenerTests$1,org.junit.platform.launcher.listeners.discovery.AbstractLauncherDiscoveryListenerTests$1,L33960,L103,C:\Users\domco\Desktop\DP\repos\junit5\platform-tests\src\test\java\org\junit\platform\launcher\listeners\discovery\AbstractLauncherDiscoveryListenerTests.java,24,39,33,4,1.0,1,1,1,1.0,1.0,10,8,1,0,0,1,6,0,0,2,3,0.0,0.0,0,0,0,2,0.0,0,2,2,0,0,1,8,10,1,4,0,0,1,0,1,0,9,2,0,9,0,8,10,1,4,0,0,1,0,1,0,9,2,0,9,0,0,0,15,0,0,0,10,0,0,0,0,0,5,0,0,0,0,0,0,0,0
1735,L33988,AbstractLauncherDiscoveryListenerTests$2,org.junit.platform.launcher.listeners.discovery.AbstractLauncherDiscoveryListenerTests$2,L33964,L103,C:\Users\domco\Desktop\DP\repos\junit5\platform-tests\src\test\java\org\junit\platform\launcher\listeners\discovery\AbstractLauncherDiscoveryListenerTests.java,37,39,46,4,1.0,1,1,1,1.0,1.0,10,8,1,0,0,1,6,0,0,2,3,0.0,0.0,0,0,0,2,0.0,0,2,2,0,0,1,8,10,1,4,0,0,1,0,1,0,9,2,0,9,0,8,10,1,4,0,0,1,0,1,0,9,2,0,9,0,0,0,15,0,0,0,10,0,0,0,0,0,5,0,0,0,0,0,0,0,0
1736,L34003,LoggingLauncherDiscoveryListenerTests$1,org.junit.platform.launcher.listeners.discovery.LoggingLauncherDiscoveryListenerTests$1,L34001,L103,C:\Users\domco\Desktop\DP\repos\junit5\platform-tests\src\test\java\org\junit\platform\launcher\listeners\discovery\LoggingLauncherDiscoveryListenerTests.java,89,50,94,4,0.0,0,0,0,0.0,0.0,0,0,1,0,0,1,4,1,0,0,1,0.0,0.0,0,0,0,2,0.0,0,2,2,0,0,1,6,6,1,4,0,0,1,0,1,0,9,1,0,9,0,6,6,1,4,0,0,1,0,1,0,9,1,0,9,0,0,0,5,0,0,0,0,0,0,0,0,0,5,0,0,0,0,0,0,0,0
1737,L35497,XmlReportWriter$TestCounts,org.junit.platform.reporting.legacy.xml.XmlReportWriter$TestCounts,L35350,L103,C:\Users\domco\Desktop\DP\repos\junit5\junit-platform-reporting\src\main\java\org\junit\platform\reporting\legacy\xml\XmlReportWriter.java,315,2,363,3,0.0,0,0,0,0.0,0.0,0,0,1,4,4,11,5,1,1,4,10,0.0,0.0,0,0,0,5,0.0,0,0,0,0,0,0,41,49,4,4,4,4,6,0,4,0,6,15,0,4,0,41,49,4,4,4,4,6,0,4,0,6,15,0,4,0,0,0,17,0,6,0,0,5,0,2,0,1,15,0,0,0,0,0,0,0,0
1738,L35819,LegacyReportingUtilsTests$1,org.junit.platform.reporting.legacy.LegacyReportingUtilsTests$1,L35803,L103,C:\Users\domco\Desktop\DP\repos\junit5\platform-tests\src\test\java\org\junit\platform\reporting\legacy\LegacyReportingUtilsTests.java,84,68,89,4,0.0,0,0,0,0.0,0.0,0,0,0,0,0,1,2,0,0,0,1,0.0,0.0,0,0,0,2,0.0,0,2,2,0,0,1,6,6,5,9,0,1,1,0,1,0,26,1,0,24,1,6,6,5,9,0,1,1,0,1,0,26,1,0,24,1,0,0,5,0,0,0,0,0,0,0,0,0,5,0,0,0,0,0,0,0,0
1739,L35768,XmlReportWriterTests$1,org.junit.platform.reporting.legacy.xml.XmlReportWriterTests$1,L35765,L103,C:\Users\domco\Desktop\DP\repos\junit5\platform-tests\src\test\java\org\junit\platform\reporting\legacy\xml\XmlReportWriterTests.java,149,93,154,4,0.0,0,0,0,0.0,0.0,0,0,0,0,0,1,1,0,0,0,1,0.0,0.0,0,0,0,2,0.0,0,3,3,0,0,1,6,6,5,9,0,1,1,0,1,0,27,1,0,25,1,6,6,5,9,0,1,1,0,1,0,27,1,0,25,1,0,0,5,0,0,0,0,0,0,0,0,0,5,0,0,0,0,0,0,0,0
1740,L35774,XmlReportWriterTests$2,org.junit.platform.reporting.legacy.xml.XmlReportWriterTests$2,L35765,L103,C:\Users\domco\Desktop\DP\repos\junit5\platform-tests\src\test\java\org\junit\platform\reporting\legacy\xml\XmlReportWriterTests.java,156,81,161,4,0.0,0,0,0,0.0,0.0,0,0,0,0,0,1,1,0,0,0,1,0.0,0.0,0,0,0,2,0.0,0,3,3,0,0,1,6,6,5,9,0,1,1,0,1,0,27,1,0,25,1,6,6,5,9,0,1,1,0,1,0,27,1,0,25,1,0,0,5,0,0,0,0,0,0,0,0,0,5,0,0,0,0,0,0,0,0
1741,L35783,XmlReportWriterTests$3,org.junit.platform.reporting.legacy.xml.XmlReportWriterTests$3,L35780,L103,C:\Users\domco\Desktop\DP\repos\junit5\platform-tests\src\test\java\org\junit\platform\reporting\legacy\xml\XmlReportWriterTests.java,232,47,238,4,0.0,0,0,0,0.0,0.0,0,0,1,0,0,1,0,0,0,0,1,0.0,0.0,0,0,0,2,0.0,0,0,0,0,0,0,6,7,0,0,0,0,1,0,1,0,1,1,0,1,0,6,7,0,0,0,0,1,0,1,0,1,1,0,1,0,0,0,5,0,0,0,0,0,0,0,0,0,5,0,0,0,0,0,0,0,0
1742,L36089,JUnitPlatformRunnerTests$Discovery$1TestCase,org.junit.platform.runner.JUnitPlatformRunnerTests$Discovery$1TestCase,L36088,L103,C:\Users\domco\Desktop\DP\repos\junit5\platform-tests\src\test\java\org\junit\platform\runner\JUnitPlatformRunnerTests.java,110,4,111,5,0.0,0,0,0,0.0,0.0,0,0,0,0,0,0,0,1,0,0,0,0.0,0.0,0,0,0,1,0.0,0,0,0,0,0,0,2,2,0,0,0,0,0,0,0,0,0,0,0,0,0,2,2,0,0,0,0,0,0,0,0,0,0,0,0,0,0,0,3,0,0,0,0,0,0,0,0,0,3,0,0,0,0,0,0,0,0
1743,L36096,JUnitPlatformRunnerTests$Discovery$2TestCase,org.junit.platform.runner.JUnitPlatformRunnerTests$Discovery$2TestCase,L36095,L103,C:\Users\domco\Desktop\DP\repos\junit5\platform-tests\src\test\java\org\junit\platform\runner\JUnitPlatformRunnerTests.java,124,4,126,5,0.0,0,0,0,0.0,0.0,0,0,0,0,0,0,1,1,0,0,0,0.0,0.0,0,0,0,1,0.0,0,0,0,0,0,0,3,3,0,0,0,0,0,0,0,0,0,0,0,0,0,3,3,0,0,0,0,0,0,0,0,0,0,0,0,0,0,0,3,0,0,0,0,0,0,0,0,0,3,0,0,0,0,0,0,0,0
1744,L36101,JUnitPlatformRunnerTests$Discovery$3TestCase,org.junit.platform.runner.JUnitPlatformRunnerTests$Discovery$3TestCase,L36100,L103,C:\Users\domco\Desktop\DP\repos\junit5\platform-tests\src\test\java\org\junit\platform\runner\JUnitPlatformRunnerTests.java,139,4,141,5,0.0,0,0,0,0.0,0.0,0,0,0,0,0,0,1,1,0,0,0,0.0,0.0,0,0,0,1,0.0,0,0,0,0,0,0,3,3,0,0,0,0,0,0,0,0,0,0,0,0,0,3,3,0,0,0,0,0,0,0,0,0,0,0,0,0,0,0,3,2,0,0,0,0,0,0,0,0,3,0,2,0,0,0,0,0,0
1745,L36106,JUnitPlatformRunnerTests$Discovery$4TestCase,org.junit.platform.runner.JUnitPlatformRunnerTests$Discovery$4TestCase,L36105,L103,C:\Users\domco\Desktop\DP\repos\junit5\platform-tests\src\test\java\org\junit\platform\runner\JUnitPlatformRunnerTests.java,154,4,156,5,1.0,1,1,1,1.0,1.0,3,3,0,0,0,0,1,1,0,0,0,0.0,0.0,0,0,0,1,0.0,0,0,0,0,0,0,3,3,0,0,0,0,0,0,0,0,0,0,0,0,0,3,3,0,0,0,0,0,0,0,0,0,0,0,0,0,0,0,8,0,0,0,5,0,0,0,0,0,3,0,0,0,0,0,0,0,0
1746,L36111,JUnitPlatformRunnerTests$Discovery$5TestCase,org.junit.platform.runner.JUnitPlatformRunnerTests$Discovery$5TestCase,L36110,L103,C:\Users\domco\Desktop\DP\repos\junit5\platform-tests\src\test\java\org\junit\platform\runner\JUnitPlatformRunnerTests.java,172,4,174,5,1.0,1,1,1,1.0,1.0,3,3,0,0,0,0,1,1,0,0,0,0.0,0.0,0,0,0,1,0.0,0,0,0,0,0,0,3,3,0,0,0,0,0,0,0,0,0,0,0,0,0,3,3,0,0,0,0,0,0,0,0,0,0,0,0,0,0,0,8,0,0,0,5,0,0,0,0,0,3,0,0,0,0,0,0,0,0
1747,L36116,JUnitPlatformRunnerTests$Discovery$6TestCase,org.junit.platform.runner.JUnitPlatformRunnerTests$Discovery$6TestCase,L36115,L103,C:\Users\domco\Desktop\DP\repos\junit5\platform-tests\src\test\java\org\junit\platform\runner\JUnitPlatformRunnerTests.java,190,4,192,5,1.0,1,1,1,1.0,1.0,3,3,0,0,0,0,1,1,0,0,0,0.0,0.0,0,0,0,1,0.0,0,0,0,0,0,0,3,3,0,0,0,0,0,0,0,0,0,0,0,0,0,3,3,0,0,0,0,0,0,0,0,0,0,0,0,0,0,0,8,0,0,0,5,0,0,0,0,0,3,0,0,0,0,0,0,0,0
1748,L36123,JUnitPlatformRunnerTests$Discovery$7TestCase,org.junit.platform.runner.JUnitPlatformRunnerTests$Discovery$7TestCase,L36122,L103,C:\Users\domco\Desktop\DP\repos\junit5\platform-tests\src\test\java\org\junit\platform\runner\JUnitPlatformRunnerTests.java,208,4,210,5,1.0,1,1,1,1.0,1.0,3,3,0,0,0,0,1,1,0,0,0,0.0,0.0,0,0,0,1,0.0,0,0,0,0,0,0,3,3,0,0,0,0,0,0,0,0,0,0,0,0,0,3,3,0,0,0,0,0,0,0,0,0,0,0,0,0,0,0,8,0,0,0,5,0,0,0,0,0,3,0,0,0,0,0,0,0,0
1749,L36128,JUnitPlatformRunnerTests$Discovery$8TestCase,org.junit.platform.runner.JUnitPlatformRunnerTests$Discovery$8TestCase,L36127,L103,C:\Users\domco\Desktop\DP\repos\junit5\platform-tests\src\test\java\org\junit\platform\runner\JUnitPlatformRunnerTests.java,226,4,228,5,1.0,1,1,1,1.0,1.0,3,3,0,0,0,0,1,1,0,0,0,0.0,0.0,0,0,0,1,0.0,0,0,0,0,0,0,3,3,0,0,0,0,0,0,0,0,0,0,0,0,0,3,3,0,0,0,0,0,0,0,0,0,0,0,0,0,0,0,8,0,0,0,5,0,0,0,0,0,3,0,0,0,0,0,0,0,0
1750,L36133,JUnitPlatformRunnerTests$Discovery$9TestCase,org.junit.platform.runner.JUnitPlatformRunnerTests$Discovery$9TestCase,L36132,L103,C:\Users\domco\Desktop\DP\repos\junit5\platform-tests\src\test\java\org\junit\platform\runner\JUnitPlatformRunnerTests.java,246,4,248,5,1.0,1,1,1,1.0,1.0,3,3,0,0,0,0,1,1,0,0,0,0.0,0.0,0,0,0,1,0.0,0,0,0,0,0,0,3,3,0,0,0,0,0,0,0,0,0,0,0,0,0,3,3,0,0,0,0,0,0,0,0,0,0,0,0,0,0,0,8,0,0,0,5,0,0,0,0,0,3,0,0,0,0,0,0,0,0
1751,L36138,JUnitPlatformRunnerTests$Discovery$10TestCase,org.junit.platform.runner.JUnitPlatformRunnerTests$Discovery$10TestCase,L36137,L103,C:\Users\domco\Desktop\DP\repos\junit5\platform-tests\src\test\java\org\junit\platform\runner\JUnitPlatformRunnerTests.java,266,4,269,5,0.0,0,0,0,0.0,0.0,0,0,0,0,0,0,2,1,0,0,0,0.0,0.0,0,0,0,1,0.0,0,0,0,0,0,0,4,4,0,0,0,0,0,0,0,0,0,0,0,0,0,4,4,0,0,0,0,0,0,0,0,0,0,0,0,0,0,0,3,0,0,0,0,0,0,0,0,0,3,0,0,0,0,0,0,0,0
1752,L36143,JUnitPlatformRunnerTests$Discovery$11TestCase,org.junit.platform.runner.JUnitPlatformRunnerTests$Discovery$11TestCase,L36142,L103,C:\Users\domco\Desktop\DP\repos\junit5\platform-tests\src\test\java\org\junit\platform\runner\JUnitPlatformRunnerTests.java,297,4,299,5,0.0,0,0,0,0.0,0.0,0,0,0,0,0,0,1,1,0,0,0,0.0,0.0,0,0,0,1,0.0,0,0,0,0,0,0,3,3,0,0,0,0,0,0,0,0,0,0,0,0,0,3,3,0,0,0,0,0,0,0,0,0,0,0,0,0,0,0,3,0,0,0,0,0,0,0,0,0,3,0,0,0,0,0,0,0,0
1753,L36148,JUnitPlatformRunnerTests$Discovery$12TestCase,org.junit.platform.runner.JUnitPlatformRunnerTests$Discovery$12TestCase,L36147,L103,C:\Users\domco\Desktop\DP\repos\junit5\platform-tests\src\test\java\org\junit\platform\runner\JUnitPlatformRunnerTests.java,310,4,311,5,0.0,0,0,0,0.0,0.0,0,0,0,0,0,0,0,1,0,0,0,0.0,0.0,0,0,0,1,0.0,0,0,0,0,0,0,2,2,0,0,0,0,0,0,0,0,0,0,0,0,0,2,2,0,0,0,0,0,0,0,0,0,0,0,0,0,0,0,3,0,0,0,0,0,0,0,0,0,3,0,0,0,0,0,0,0,0
1754,L36153,JUnitPlatformRunnerTests$Discovery$13TestCase,org.junit.platform.runner.JUnitPlatformRunnerTests$Discovery$13TestCase,L36152,L103,C:\Users\domco\Desktop\DP\repos\junit5\platform-tests\src\test\java\org\junit\platform\runner\JUnitPlatformRunnerTests.java,322,4,324,5,1.0,1,1,1,1.0,1.0,3,3,0,0,0,0,1,1,0,0,0,0.0,0.0,0,0,0,1,0.0,0,0,0,0,0,0,3,3,0,0,0,0,0,0,0,0,0,0,0,0,0,3,3,0,0,0,0,0,0,0,0,0,0,0,0,0,0,0,8,1,0,0,5,0,0,0,0,0,3,0,1,0,0,0,0,0,0
1755,L36158,JUnitPlatformRunnerTests$Discovery$14TestCase,org.junit.platform.runner.JUnitPlatformRunnerTests$Discovery$14TestCase,L36157,L103,C:\Users\domco\Desktop\DP\repos\junit5\platform-tests\src\test\java\org\junit\platform\runner\JUnitPlatformRunnerTests.java,335,4,337,5,1.0,1,1,1,1.0,1.0,3,3,0,0,0,0,1,1,0,0,0,0.0,0.0,0,0,0,1,0.0,0,0,0,0,0,0,3,3,0,0,0,0,0,0,0,0,0,0,0,0,0,3,3,0,0,0,0,0,0,0,0,0,0,0,0,0,0,0,8,0,0,0,5,0,0,0,0,0,3,0,0,0,0,0,0,0,0
1756,L36163,JUnitPlatformRunnerTests$Discovery$15TestCase,org.junit.platform.runner.JUnitPlatformRunnerTests$Discovery$15TestCase,L36162,L103,C:\Users\domco\Desktop\DP\repos\junit5\platform-tests\src\test\java\org\junit\platform\runner\JUnitPlatformRunnerTests.java,348,4,350,5,1.0,1,1,1,1.0,1.0,3,3,0,0,0,0,1,1,0,0,0,0.0,0.0,0,0,0,1,0.0,0,0,0,0,0,0,3,3,0,0,0,0,0,0,0,0,0,0,0,0,0,3,3,0,0,0,0,0,0,0,0,0,0,0,0,0,0,0,8,1,0,0,5,0,0,0,0,0,3,0,1,0,0,0,0,0,0
1757,L36168,JUnitPlatformRunnerTests$Discovery$16TestCase,org.junit.platform.runner.JUnitPlatformRunnerTests$Discovery$16TestCase,L36167,L103,C:\Users\domco\Desktop\DP\repos\junit5\platform-tests\src\test\java\org\junit\platform\runner\JUnitPlatformRunnerTests.java,361,4,363,5,1.0,1,1,1,1.0,1.0,3,3,0,0,0,0,1,1,0,0,0,0.0,0.0,0,0,0,1,0.0,0,0,0,0,0,0,3,3,0,0,0,0,0,0,0,0,0,0,0,0,0,3,3,0,0,0,0,0,0,0,0,0,0,0,0,0,0,0,8,0,0,0,5,0,0,0,0,0,3,0,0,0,0,0,0,0,0
1758,L36173,JUnitPlatformRunnerTests$Discovery$17TestCase,org.junit.platform.runner.JUnitPlatformRunnerTests$Discovery$17TestCase,L36172,L103,C:\Users\domco\Desktop\DP\repos\junit5\platform-tests\src\test\java\org\junit\platform\runner\JUnitPlatformRunnerTests.java,374,4,376,5,0.0,0,0,0,0.0,0.0,0,0,0,0,0,0,1,1,0,0,0,0.0,0.0,0,0,0,1,0.0,0,0,0,0,0,0,3,3,0,0,0,0,0,0,0,0,0,0,0,0,0,3,3,0,0,0,0,0,0,0,0,0,0,0,0,0,0,0,3,0,0,0,0,0,0,0,0,0,3,0,0,0,0,0,0,0,0
1759,L36178,JUnitPlatformRunnerTests$Discovery$18TestCase,org.junit.platform.runner.JUnitPlatformRunnerTests$Discovery$18TestCase,L36177,L103,C:\Users\domco\Desktop\DP\repos\junit5\platform-tests\src\test\java\org\junit\platform\runner\JUnitPlatformRunnerTests.java,387,4,389,5,1.0,1,1,1,1.0,1.0,3,3,0,0,0,0,1,1,0,0,0,0.0,0.0,0,0,0,1,0.0,0,0,0,0,0,0,3,3,0,0,0,0,0,0,0,0,0,0,0,0,0,3,3,0,0,0,0,0,0,0,0,0,0,0,0,0,0,0,8,0,0,0,5,0,0,0,0,0,3,0,0,0,0,0,0,0,0
1760,L36183,JUnitPlatformRunnerTests$Discovery$19TestCase,org.junit.platform.runner.JUnitPlatformRunnerTests$Discovery$19TestCase,L36182,L103,C:\Users\domco\Desktop\DP\repos\junit5\platform-tests\src\test\java\org\junit\platform\runner\JUnitPlatformRunnerTests.java,400,4,402,5,1.0,1,1,1,1.0,1.0,3,3,0,0,0,0,1,1,0,0,0,0.0,0.0,0,0,0,1,0.0,0,0,0,0,0,0,3,3,0,0,0,0,0,0,0,0,0,0,0,0,0,3,3,0,0,0,0,0,0,0,0,0,0,0,0,0,0,0,8,0,0,0,5,0,0,0,0,0,3,0,0,0,0,0,0,0,0
1761,L36188,JUnitPlatformRunnerTests$Discovery$20TestCase,org.junit.platform.runner.JUnitPlatformRunnerTests$Discovery$20TestCase,L36187,L103,C:\Users\domco\Desktop\DP\repos\junit5\platform-tests\src\test\java\org\junit\platform\runner\JUnitPlatformRunnerTests.java,413,4,415,5,1.0,1,1,1,1.0,1.0,3,3,0,0,0,0,1,1,0,0,0,0.0,0.0,0,0,0,1,0.0,0,0,0,0,0,0,3,3,0,0,0,0,0,0,0,0,0,0,0,0,0,3,3,0,0,0,0,0,0,0,0,0,0,0,0,0,0,0,8,0,0,0,5,0,0,0,0,0,3,0,0,0,0,0,0,0,0
1762,L36193,JUnitPlatformRunnerTests$Discovery$21TestCase,org.junit.platform.runner.JUnitPlatformRunnerTests$Discovery$21TestCase,L36192,L103,C:\Users\domco\Desktop\DP\repos\junit5\platform-tests\src\test\java\org\junit\platform\runner\JUnitPlatformRunnerTests.java,426,4,428,5,1.0,1,1,1,1.0,1.0,3,3,0,0,0,0,1,1,0,0,0,0.0,0.0,0,0,0,1,0.0,0,0,0,0,0,0,3,3,0,0,0,0,0,0,0,0,0,0,0,0,0,3,3,0,0,0,0,0,0,0,0,0,0,0,0,0,0,0,8,0,0,0,5,0,0,0,0,0,3,0,0,0,0,0,0,0,0
1763,L37098,NestedContainerEventConditionTests$ATestCase$BTestCase,org.junit.platform.testkit.engine.NestedContainerEventConditionTests$ATestCase$BTestCase,L37095,L103,C:\Users\domco\Desktop\DP\repos\junit5\platform-tests\src\test\java\org\junit\platform\testkit\engine\NestedContainerEventConditionTests.java,131,3,143,4,0.0,0,0,0,0.0,0.0,0,0,1,0,0,1,2,1,0,0,1,0.0,0.0,0,0,0,1,0.0,0,0,0,0,0,0,6,7,0,0,0,0,1,0,0,0,1,0,0,0,0,12,13,0,0,0,0,2,0,0,0,2,0,0,0,0,0,0,10,2,4,2,0,2,0,0,0,0,10,2,0,0,0,0,0,0,0
1764,L37101,NestedContainerEventConditionTests$ATestCase$BTestCase$CTestCase,org.junit.platform.testkit.engine.NestedContainerEventConditionTests$ATestCase$BTestCase$CTestCase,L37098,L103,C:\Users\domco\Desktop\DP\repos\junit5\platform-tests\src\test\java\org\junit\platform\testkit\engine\NestedContainerEventConditionTests.java,137,4,142,5,0.0,0,0,0,0.0,0.0,0,0,1,0,0,1,2,1,0,0,1,0.0,0.0,0,0,0,1,0.0,0,0,0,0,0,0,6,6,0,0,0,0,1,0,0,0,1,0,0,0,0,6,6,0,0,0,0,1,0,0,0,1,0,0,0,0,0,0,5,1,2,1,0,1,0,0,0,0,5,1,0,0,0,0,0,0,0
1765,L37237,RunnerTestDescriptor$ExcludeDescriptionFilter,org.junit.vintage.engine.descriptor.RunnerTestDescriptor$ExcludeDescriptionFilter,L37204,L103,C:\Users\domco\Desktop\DP\repos\junit5\junit-vintage-engine\src\main\java\org\junit\vintage\engine\descriptor\RunnerTestDescriptor.java,152,2,178,3,0.0,0,0,0,0.0,0.0,0,0,1,1,1,5,0,1,1,0,4,0.0,0.0,0,0,0,3,0.0,0,0,0,0,0,0,22,27,2,0,2,0,4,0,2,0,4,7,0,2,0,22,27,2,0,2,0,4,0,2,0,4,7,0,2,0,0,0,11,0,1,0,0,1,0,0,0,0,11,0,0,0,0,0,0,0,0
1766,L37433,DefensiveAllDefaultPossibilitiesBuilder$DefensiveAnnotatedBuilder,org.junit.vintage.engine.discovery.DefensiveAllDefaultPossibilitiesBuilder$DefensiveAnnotatedBuilder,L37401,L103,C:\Users\domco\Desktop\DP\repos\junit5\junit-vintage-engine\src\main\java\org\junit\vintage\engine\discovery\DefensiveAllDefaultPossibilitiesBuilder.java,101,2,116,3,0.0,0,0,0,0.0,0.0,0,0,1,1,1,3,2,1,1,1,3,0.5,0.277778,5,4,1,1,0.277778,5,0,0,0,0,0,13,16,0,0,0,0,2,0,1,0,2,5,0,1,0,13,16,0,0,0,0,2,0,1,0,2,5,0,1,0,0,0,5,0,0,0,0,0,0,0,0,0,5,0,0,0,0,0,0,0,0
1767,L37439,DefensiveAllDefaultPossibilitiesBuilder$DefensiveJUnit4Builder,org.junit.vintage.engine.discovery.DefensiveAllDefaultPossibilitiesBuilder$DefensiveJUnit4Builder,L37401,L103,C:\Users\domco\Desktop\DP\repos\junit5\junit-vintage-engine\src\main\java\org\junit\vintage\engine\discovery\DefensiveAllDefaultPossibilitiesBuilder.java,122,2,137,3,0.0,0,0,0,0.0,0.0,0,0,1,1,1,3,1,1,0,1,3,0.5,0.235294,4,4,1,1,0.235294,4,0,0,0,0,0,13,16,1,0,1,0,2,0,1,0,2,4,0,1,0,13,16,1,0,1,0,2,0,1,0,2,4,0,1,0,0,0,7,0,0,0,0,0,0,0,0,0,7,0,0,0,0,0,0,0,0
1768,L37445,DefensiveAllDefaultPossibilitiesBuilder$NullIgnoredBuilder,org.junit.vintage.engine.discovery.DefensiveAllDefaultPossibilitiesBuilder$NullIgnoredBuilder,L37401,L103,C:\Users\domco\Desktop\DP\repos\junit5\junit-vintage-engine\src\main\java\org\junit\vintage\engine\discovery\DefensiveAllDefaultPossibilitiesBuilder.java,144,2,150,3,0.0,0,0,0,0.0,0.0,0,0,1,0,0,1,0,1,0,0,1,0.5,0.5,6,5,1,1,0.5,6,0,0,0,0,0,6,7,0,0,0,0,1,0,1,0,1,1,0,1,0,6,7,0,0,0,0,1,0,1,0,1,1,0,1,0,0,0,3,0,0,0,0,0,0,0,0,0,3,0,0,0,0,0,0,0,0
1769,L37667,IsPotentialJUnit4TestClassTests$Foo,org.junit.vintage.engine.discovery.IsPotentialJUnit4TestClassTests$Foo,L37661,L103,C:\Users\domco\Desktop\DP\repos\junit5\junit-vintage-engine\src\test\java\org\junit\vintage\engine\discovery\IsPotentialJUnit4TestClassTests.java,27,2,29,3,0.0,0,0,0,0.0,0.0,0,0,0,0,0,0,0,2,0,0,0,0.0,0.0,0,0,0,1,0.0,0,0,0,1,1,0,2,3,0,0,0,0,0,0,0,0,0,0,0,0,0,2,3,0,0,0,0,0,0,0,0,0,0,0,0,0,0,0,3,0,1,0,0,1,0,0,0,0,3,0,0,0,0,0,0,0,0
1770,L37672,IsPotentialJUnit4TestClassTests$Bar,org.junit.vintage.engine.discovery.IsPotentialJUnit4TestClassTests$Bar,L37661,L103,C:\Users\domco\Desktop\DP\repos\junit5\junit-vintage-engine\src\test\java\org\junit\vintage\engine\discovery\IsPotentialJUnit4TestClassTests.java,36,2,38,3,0.0,0,0,0,0.0,0.0,0,0,0,0,0,0,0,1,0,0,0,0.0,0.0,0,0,0,1,0.0,0,0,0,0,0,0,2,3,0,0,0,0,0,0,0,0,0,0,0,0,0,2,3,0,0,0,0,0,0,0,0,0,0,0,0,0,0,0,3,0,1,0,0,1,0,0,0,0,3,0,0,0,0,0,0,0,0
1771,L37677,IsPotentialJUnit4TestClassTests$Baz,org.junit.vintage.engine.discovery.IsPotentialJUnit4TestClassTests$Baz,L37661,L103,C:\Users\domco\Desktop\DP\repos\junit5\junit-vintage-engine\src\test\java\org\junit\vintage\engine\discovery\IsPotentialJUnit4TestClassTests.java,45,2,47,3,0.0,0,0,0,0.0,0.0,0,0,0,0,0,0,0,1,0,0,0,0.0,0.0,0,0,0,1,0.0,0,0,0,0,0,0,2,3,0,0,0,0,0,0,0,0,0,0,0,0,0,2,3,0,0,0,0,0,0,0,0,0,0,0,0,0,0,0,3,0,2,1,0,1,0,0,0,0,3,0,0,0,0,0,0,0,0
1772,L37686,IsPotentialJUnit4TestClassTests$FooBaz,org.junit.vintage.engine.discovery.IsPotentialJUnit4TestClassTests$FooBaz,L37661,L103,C:\Users\domco\Desktop\DP\repos\junit5\junit-vintage-engine\src\test\java\org\junit\vintage\engine\discovery\IsPotentialJUnit4TestClassTests.java,58,2,60,3,0.0,0,0,0,0.0,0.0,0,0,0,0,0,0,0,1,0,0,0,0.0,0.0,0,0,0,1,0.0,0,0,0,0,0,0,2,3,0,0,0,0,0,0,0,0,0,0,0,0,0,2,3,0,0,0,0,0,0,0,0,0,0,0,0,0,0,0,3,0,0,0,0,0,0,0,0,0,3,0,0,0,0,0,0,0,0
1773,L37726,VintageDiscovererTests$Foo,org.junit.vintage.engine.discovery.VintageDiscovererTests$Foo,L37722,L103,C:\Users\domco\Desktop\DP\repos\junit5\junit-vintage-engine\src\test\java\org\junit\vintage\engine\discovery\VintageDiscovererTests.java,129,2,135,3,0.0,0,0,0,0.0,0.0,0,0,1,0,0,1,0,1,0,0,1,0.0,0.0,0,0,0,2,0.0,0,0,0,0,0,0,5,7,0,0,0,0,1,0,1,0,1,0,0,1,0,5,7,0,0,0,0,1,0,1,0,1,0,0,1,0,0,0,5,0,2,0,0,1,0,0,0,0,5,1,0,0,0,0,0,0,0
1774,L37729,VintageDiscovererTests$Bar,org.junit.vintage.engine.discovery.VintageDiscovererTests$Bar,L37722,L103,C:\Users\domco\Desktop\DP\repos\junit5\junit-vintage-engine\src\test\java\org\junit\vintage\engine\discovery\VintageDiscovererTests.java,137,2,143,3,0.0,0,0,0,0.0,0.0,0,0,1,0,0,1,0,1,0,0,1,0.0,0.0,0,0,0,2,0.0,0,0,0,0,0,0,5,7,0,0,0,0,1,0,1,0,1,0,0,1,0,5,7,0,0,0,0,1,0,1,0,1,0,0,1,0,0,0,5,0,2,0,0,1,0,0,0,0,5,1,0,0,0,0,0,0,0
1775,L37956,TestRun$VintageDescriptors,org.junit.vintage.engine.execution.TestRun$VintageDescriptors,L37788,L103,C:\Users\domco\Desktop\DP\repos\junit5\junit-vintage-engine\src\main\java\org\junit\vintage\engine\execution\TestRun.java,199,2,268,3,0.0,0,0,0,0.0,0.0,0,0,1,1,1,11,1,1,1,0,8,0.0,0.237288,14,12,0,3,0.237288,14,0,0,0,0,0,45,70,3,2,3,2,8,0,2,0,8,18,0,2,0,45,70,3,2,3,2,8,0,2,0,8,18,0,2,0,0,1,17,0,3,0,0,3,0,0,0,0,17,0,1,0,0,0,0,0,0
1776,L38146,UniqueIdStringifierTests$MyCustomId,org.junit.vintage.engine.support.UniqueIdStringifierTests$MyCustomId,L38140,L103,C:\Users\domco\Desktop\DP\repos\junit5\junit-vintage-engine\src\test\java\org\junit\vintage\engine\support\UniqueIdStringifierTests.java,71,2,85,3,0.0,0,0,0,0.0,0.0,0,0,0,0,0,2,0,1,1,0,2,0.0,0.0,0,0,0,1,0.0,0,0,0,0,0,0,10,15,2,1,2,1,2,0,0,0,2,2,0,0,0,10,15,2,1,2,1,2,0,0,0,2,2,0,0,0,0,0,7,0,1,0,0,1,0,0,0,0,7,0,0,0,0,0,0,0,0
1777,L38158,UniqueIdStringifierTests$ClassWithErroneousSerialization,org.junit.vintage.engine.support.UniqueIdStringifierTests$ClassWithErroneousSerialization,L38140,L103,C:\Users\domco\Desktop\DP\repos\junit5\junit-vintage-engine\src\test\java\org\junit\vintage\engine\support\UniqueIdStringifierTests.java,87,2,99,3,0.0,0,0,0,0.0,0.0,0,0,2,0,0,2,0,1,0,0,2,0.0,0.0,0,0,0,2,0.0,0,0,0,0,0,0,10,13,1,0,1,0,2,0,1,0,2,2,0,1,0,10,13,1,0,1,0,2,0,1,0,2,2,0,1,0,0,0,8,0,1,0,0,1,1,0,0,0,7,0,0,0,0,0,0,0,0
1778,L37738,AbstractJUnit3TestCase,org.junit.vintage.engine.samples.junit3.AbstractJUnit3TestCase,L38247,L103,C:\Users\domco\Desktop\DP\repos\junit5\junit-vintage-engine\src\test\java\org\junit\vintage\engine\samples\junit3\AbstractJUnit3TestCase.java,20,1,26,2,0.0,0,0,0,0.0,0.0,0,0,1,0,0,1,0,1,0,0,1,0.5,0.375,3,3,1,1,0.375,3,0,0,0,0,0,5,7,0,0,0,0,1,0,1,0,1,1,0,1,0,5,7,0,0,0,0,1,0,1,0,1,1,0,1,0,0,0,3,0,0,0,0,0,0,0,0,0,3,0,0,0,0,0,0,0,0
1779,L38257,JUnit3ParallelSuiteWithSubsuites,org.junit.vintage.engine.samples.junit3.JUnit3ParallelSuiteWithSubsuites,L38247,L103,C:\Users\domco\Desktop\DP\repos\junit5\junit-vintage-engine\src\test\java\org\junit\vintage\engine\samples\junit3\JUnit3ParallelSuiteWithSubsuites.java,17,1,39,2,0.684932,1,1,1,0.434783,0.5,10,10,1,0,0,3,0,1,0,0,3,0.0,0.0,0,0,0,4,0.0,0,0,0,0,0,0,20,23,1,0,1,0,3,0,3,0,3,11,0,3,0,20,23,1,0,1,0,3,0,3,0,3,11,0,3,0,0,0,20,0,2,1,11,0,0,0,0,0,9,0,1,0,0,0,0,0,0
1780,L38268,JUnit3SuiteWithSingleTestCaseWithSingleTestWhichFails,org.junit.vintage.engine.samples.junit3.JUnit3SuiteWithSingleTestCaseWithSingleTestWhichFails,L38247,L103,C:\Users\domco\Desktop\DP\repos\junit5\junit-vintage-engine\src\test\java\org\junit\vintage\engine\samples\junit3\JUnit3SuiteWithSingleTestCaseWithSingleTestWhichFails.java,19,1,27,2,0.0,0,0,0,0.0,0.0,0,0,1,0,0,1,1,2,0,0,1,0.5,0.3,3,3,1,1,0.3,3,0,0,0,0,0,7,9,0,0,0,0,1,0,1,0,1,3,0,1,0,7,9,0,0,0,0,1,0,1,0,1,3,0,1,0,0,0,3,0,1,0,0,0,0,0,0,0,3,0,1,0,0,0,0,0,0
1781,L38275,JUnit3SuiteWithSubsuites,org.junit.vintage.engine.samples.junit3.JUnit3SuiteWithSubsuites,L38247,L103,C:\Users\domco\Desktop\DP\repos\junit5\junit-vintage-engine\src\test\java\org\junit\vintage\engine\samples\junit3\JUnit3SuiteWithSubsuites.java,16,1,38,2,0.684932,1,1,1,0.434783,0.5,10,10,1,0,0,3,0,1,0,0,3,0.0,0.0,0,0,0,4,0.0,0,0,0,0,0,0,20,23,1,0,1,0,3,0,3,0,3,11,0,3,0,20,23,1,0,1,0,3,0,3,0,3,11,0,3,0,0,0,20,0,2,1,11,0,0,0,0,0,9,0,1,0,0,0,0,0,0
1782,L38272,PlainJUnit3TestCaseWithSingleTestWhichFails,org.junit.vintage.engine.samples.junit3.PlainJUnit3TestCaseWithSingleTestWhichFails,L38247,L103,C:\Users\domco\Desktop\DP\repos\junit5\junit-vintage-engine\src\test\java\org\junit\vintage\engine\samples\junit3\PlainJUnit3TestCaseWithSingleTestWhichFails.java,20,1,26,2,0.0,0,0,0,0.0,0.0,0,0,1,0,0,1,0,3,0,0,1,0.5,0.375,3,3,1,1,0.375,3,0,0,0,0,0,5,7,0,0,0,0,1,0,1,0,1,1,0,1,0,5,7,0,0,0,0,1,0,1,0,1,1,0,1,0,0,0,3,0,0,0,0,0,0,0,0,0,3,0,0,0,0,0,0,0,0
1783,L38341,AbstractJUnit4TestCase,org.junit.vintage.engine.samples.junit4.AbstractJUnit4TestCase,L38289,L103,C:\Users\domco\Desktop\DP\repos\junit5\junit-vintage-engine\src\test\java\org\junit\vintage\engine\samples\junit4\AbstractJUnit4TestCase.java,15,1,21,2,0.0,0,0,0,0.0,0.0,0,0,1,0,0,1,1,1,0,0,1,0.0,0.0,0,0,0,2,0.0,0,0,0,1,1,0,5,7,0,0,0,0,1,0,1,0,1,0,0,1,0,5,7,0,0,0,0,1,0,1,0,1,0,0,1,0,0,0,5,2,2,2,0,1,0,0,0,0,5,1,0,0,0,0,0,0,0
1784,L37742,AbstractJunit4TestCaseWithConstructorParameter,org.junit.vintage.engine.samples.junit4.AbstractJunit4TestCaseWithConstructorParameter,L38289,L103,C:\Users\domco\Desktop\DP\repos\junit5\junit-vintage-engine\src\test\java\org\junit\vintage\engine\samples\junit4\AbstractJunit4TestCaseWithConstructorParameter.java,15,1,24,2,0.0,0,0,0,0.0,0.0,0,0,1,0,0,2,0,1,0,0,2,0.0,0.0,0,0,0,3,0.0,0,0,0,0,0,0,7,10,0,0,0,0,2,0,2,0,2,0,0,2,0,7,10,0,0,0,0,2,0,2,0,2,0,0,2,0,0,0,7,2,3,2,0,1,0,0,0,0,7,2,0,0,0,0,0,0,0
1785,L38347,Categories,org.junit.vintage.engine.samples.junit4.Categories,L38289,L103,C:\Users\domco\Desktop\DP\repos\junit5\junit-vintage-engine\src\test\java\org\junit\vintage\engine\samples\junit4\Categories.java,16,1,32,2,0.0,0,0,0,0.0,0.0,0,0,0,0,0,0,0,4,0,0,0,1.0,0.6,3,3,1,0,0.2,3,0,0,0,0,0,2,7,0,0,0,0,0,0,0,0,0,0,0,0,0,12,17,0,0,0,0,0,0,0,0,0,0,0,0,0,0,0,16,0,0,0,0,0,0,0,0,0,16,0,0,0,0,0,0,0,0
1786,L38357,CompletelyDynamicTestCase,org.junit.vintage.engine.samples.junit4.CompletelyDynamicTestCase,L38289,L103,C:\Users\domco\Desktop\DP\repos\junit5\junit-vintage-engine\src\test\java\org\junit\vintage\engine\samples\junit4\CompletelyDynamicTestCase.java,19,1,22,2,0.0,0,0,0,0.0,0.0,0,0,0,0,0,0,2,1,0,0,0,1.0,0.428571,3,3,1,0,0.428571,3,0,0,0,0,0,4,4,0,0,0,0,0,0,0,0,0,0,0,0,0,4,4,0,0,0,0,0,0,0,0,0,0,0,0,0,0,0,0,0,0,0,0,0,0,0,0,0,0,0,0,0,0,0,0,0,0
1787,L37367,ConcreteJUnit4TestCase,org.junit.vintage.engine.samples.junit4.ConcreteJUnit4TestCase,L38289,L103,C:\Users\domco\Desktop\DP\repos\junit5\junit-vintage-engine\src\test\java\org\junit\vintage\engine\samples\junit4\ConcreteJUnit4TestCase.java,13,1,14,2,0.0,0,0,0,0.0,0.0,0,0,0,0,0,0,1,2,0,0,0,0.0,0.0,0,0,0,1,0.0,0,1,1,0,0,1,2,2,0,0,0,0,0,0,0,0,1,0,0,1,0,2,2,0,0,0,0,0,0,0,0,1,0,0,1,0,0,0,3,0,1,0,0,0,0,0,0,0,3,0,1,0,0,0,0,0,0
1788,L38370,ConfigurableRunner,org.junit.vintage.engine.samples.junit4.ConfigurableRunner,L38289,L103,C:\Users\domco\Desktop\DP\repos\junit5\junit-vintage-engine\src\test\java\org\junit\vintage\engine\samples\junit4\ConfigurableRunner.java,30,1,69,2,0.0,0,0,0,0.0,0.0,0,0,1,0,0,3,1,3,3,0,3,0.333333,0.178571,5,3,1,2,0.151515,5,0,0,3,3,0,23,33,2,1,2,1,3,0,2,0,3,8,0,2,0,28,40,2,1,2,1,4,0,2,0,4,8,0,2,0,0,0,14,0,2,0,0,2,0,0,0,0,14,0,0,0,0,0,0,0,0
1789,L38359,DynamicRunner,org.junit.vintage.engine.samples.junit4.DynamicRunner,L38289,L103,C:\Users\domco\Desktop\DP\repos\junit5\junit-vintage-engine\src\test\java\org\junit\vintage\engine\samples\junit4\DynamicRunner.java,18,1,36,2,0.0,0,0,0,0.0,0.0,0,0,1,1,1,4,1,1,0,1,4,0.0,0.0,0,0,0,4,0.0,0,1,1,0,0,1,16,19,2,2,0,1,3,0,3,0,6,5,0,5,0,16,19,2,2,0,1,3,0,3,0,6,5,0,5,0,0,0,9,0,0,0,0,0,0,0,0,0,9,0,0,0,0,0,0,0,0
1790,L38390,EmptyIgnoredTestCase,org.junit.vintage.engine.samples.junit4.EmptyIgnoredTestCase,L38289,L103,C:\Users\domco\Desktop\DP\repos\junit5\junit-vintage-engine\src\test\java\org\junit\vintage\engine\samples\junit4\EmptyIgnoredTestCase.java,15,1,17,2,0.0,0,0,0,0.0,0.0,0,0,0,0,0,0,0,2,0,0,0,0.0,0.0,0,0,0,1,0.0,0,0,0,0,0,0,3,3,0,0,0,0,0,0,0,0,0,0,0,0,0,3,3,0,0,0,0,0,0,0,0,0,0,0,0,0,0,0,3,0,0,0,0,0,0,0,0,0,3,0,0,0,0,0,0,0,0
1791,L38392,EnclosedJUnit4TestCase,org.junit.vintage.engine.samples.junit4.EnclosedJUnit4TestCase,L38289,L103,C:\Users\domco\Desktop\DP\repos\junit5\junit-vintage-engine\src\test\java\org\junit\vintage\engine\samples\junit4\EnclosedJUnit4TestCase.java,24,1,42,2,0.0,0,0,0,0.0,0.0,0,0,0,0,0,0,0,2,0,0,0,1.0,0.5,3,3,1,0,0.166667,3,0,0,0,0,0,3,5,0,0,0,0,0,0,0,0,0,0,0,0,0,15,19,0,0,0,0,2,0,2,0,2,2,0,2,0,0,0,9,0,0,0,0,0,1,0,0,0,8,0,0,0,0,0,0,0,0
1792,L38405,ExceptionThrowingRunner,org.junit.vintage.engine.samples.junit4.ExceptionThrowingRunner,L38289,L103,C:\Users\domco\Desktop\DP\repos\junit5\junit-vintage-engine\src\test\java\org\junit\vintage\engine\samples\junit4\ExceptionThrowingRunner.java,18,1,29,2,0.0,0,0,0,0.0,0.0,0,0,1,0,0,2,1,2,0,1,3,0.333333,0.25,3,3,1,2,0.25,3,1,1,0,0,1,9,12,2,1,0,0,2,0,2,0,5,2,0,4,0,9,12,2,1,0,0,2,0,2,0,5,2,0,4,0,0,0,5,1,0,0,0,0,0,0,0,1,5,0,0,0,0,0,0,0,0
1793,L37703,IgnoredJUnit4TestCase,org.junit.vintage.engine.samples.junit4.IgnoredJUnit4TestCase,L38289,L103,C:\Users\domco\Desktop\DP\repos\junit5\junit-vintage-engine\src\test\java\org\junit\vintage\engine\samples\junit4\IgnoredJUnit4TestCase.java,23,1,36,2,0.0,0,0,0,0.0,0.0,0,0,2,0,0,2,0,4,0,0,2,0.333333,0.214286,3,3,1,2,0.214286,3,0,0,0,0,0,11,14,0,0,0,0,2,0,2,0,2,1,0,2,0,11,14,0,0,0,0,2,0,2,0,2,1,0,2,0,0,0,8,1,1,1,0,0,1,0,0,0,7,1,0,0,0,0,0,0,0
1794,L37708,IgnoredJUnit4TestCaseWithNotFilterableRunner,org.junit.vintage.engine.samples.junit4.IgnoredJUnit4TestCaseWithNotFilterableRunner,L38289,L103,C:\Users\domco\Desktop\DP\repos\junit5\junit-vintage-engine\src\test\java\org\junit\vintage\engine\samples\junit4\IgnoredJUnit4TestCaseWithNotFilterableRunner.java,18,1,20,2,0.0,0,0,0,0.0,0.0,0,0,0,0,0,0,1,1,0,0,0,1.0,0.5,3,3,1,0,0.5,3,1,1,0,0,1,3,3,0,0,0,0,0,0,0,0,1,0,0,1,0,3,3,0,0,0,0,0,0,0,0,1,0,0,1,0,0,0,0,0,0,0,0,0,0,0,0,0,0,0,0,0,0,0,0,0,0
1795,L38422,IgnoredParameterizedTestCase,org.junit.vintage.engine.samples.junit4.IgnoredParameterizedTestCase,L38289,L103,C:\Users\domco\Desktop\DP\repos\junit5\junit-vintage-engine\src\test\java\org\junit\vintage\engine\samples\junit4\IgnoredParameterizedTestCase.java,25,1,42,2,0.0,0,0,0,0.0,0.0,0,0,2,0,0,2,0,1,0,0,2,0.333333,0.235294,4,3,1,2,0.235294,4,0,0,0,0,0,13,18,1,0,1,0,2,1,2,0,2,1,1,2,0,13,18,1,0,1,0,2,1,2,0,2,1,1,2,0,0,0,12,1,1,1,0,1,1,0,0,0,7,0,0,0,0,0,0,4,0
1796,L38220,JUnit4ParameterizedTestCase,org.junit.vintage.engine.samples.junit4.JUnit4ParameterizedTestCase,L38289,L103,C:\Users\domco\Desktop\DP\repos\junit5\junit-vintage-engine\src\test\java\org\junit\vintage\engine\samples\junit4\JUnit4ParameterizedTestCase.java,25,1,56,2,0.0,0,0,0,0.0,0.0,0,0,5,0,0,6,1,1,0,1,7,0.142857,0.2,6,5,1,6,0.2,6,0,0,0,0,0,24,32,0,0,0,0,6,0,6,0,6,4,0,6,0,24,32,0,0,0,0,6,0,6,0,6,4,0,6,0,0,0,14,1,1,1,0,0,1,0,0,0,13,1,0,0,0,0,0,0,0
1797,L38436,JUnit4SuiteOfSuiteWithFilterableChildRunner,org.junit.vintage.engine.samples.junit4.JUnit4SuiteOfSuiteWithFilterableChildRunner,L38289,L103,C:\Users\domco\Desktop\DP\repos\junit5\junit-vintage-engine\src\test\java\org\junit\vintage\engine\samples\junit4\JUnit4SuiteOfSuiteWithFilterableChildRunner.java,20,1,23,2,0.0,0,0,0,0.0,0.0,0,0,0,0,0,0,1,1,0,0,0,1.0,0.428571,3,3,1,0,0.428571,3,0,0,0,0,0,4,4,0,0,0,0,0,0,0,0,0,0,0,0,0,4,4,0,0,0,0,0,0,0,0,0,0,0,0,0,0,0,0,0,0,0,0,0,0,0,0,0,0,0,0,0,0,0,0,0,0
1798,L38439,JUnit4SuiteOfSuiteWithIgnoredJUnit4TestCase,org.junit.vintage.engine.samples.junit4.JUnit4SuiteOfSuiteWithIgnoredJUnit4TestCase,L38289,L103,C:\Users\domco\Desktop\DP\repos\junit5\junit-vintage-engine\src\test\java\org\junit\vintage\engine\samples\junit4\JUnit4SuiteOfSuiteWithIgnoredJUnit4TestCase.java,20,1,23,2,0.0,0,0,0,0.0,0.0,0,0,0,0,0,0,1,1,0,0,0,1.0,0.428571,3,3,1,0,0.428571,3,0,0,0,0,0,4,4,0,0,0,0,0,0,0,0,0,0,0,0,0,4,4,0,0,0,0,0,0,0,0,0,0,0,0,0,0,0,0,0,0,0,0,0,0,0,0,0,0,0,0,0,0,0,0,0,0
1799,L38445,JUnit4SuiteOfSuiteWithJUnit4TestCaseWithAssumptionFailureInBeforeClass,org.junit.vintage.engine.samples.junit4.JUnit4SuiteOfSuiteWithJUnit4TestCaseWithAssumptionFailureInBeforeClass,L38289,L103,C:\Users\domco\Desktop\DP\repos\junit5\junit-vintage-engine\src\test\java\org\junit\vintage\engine\samples\junit4\JUnit4SuiteOfSuiteWithJUnit4TestCaseWithAssumptionFailureInBeforeClass.java,20,1,23,2,0.0,0,0,0,0.0,0.0,0,0,0,0,0,0,1,1,0,0,0,1.0,0.428571,3,3,1,0,0.428571,3,0,0,0,0,0,4,4,0,0,0,0,0,0,0,0,0,0,0,0,0,4,4,0,0,0,0,0,0,0,0,0,0,0,0,0,0,0,0,0,0,0,0,0,0,0,0,0,0,0,0,0,0,0,0,0,0
1800,L38451,JUnit4SuiteOfSuiteWithJUnit4TestCaseWithErrorInBeforeClass,org.junit.vintage.engine.samples.junit4.JUnit4SuiteOfSuiteWithJUnit4TestCaseWithErrorInBeforeClass,L38289,L103,C:\Users\domco\Desktop\DP\repos\junit5\junit-vintage-engine\src\test\java\org\junit\vintage\engine\samples\junit4\JUnit4SuiteOfSuiteWithJUnit4TestCaseWithErrorInBeforeClass.java,20,1,23,2,0.0,0,0,0,0.0,0.0,0,0,0,0,0,0,1,1,0,0,0,1.0,0.428571,3,3,1,0,0.428571,3,0,0,0,0,0,4,4,0,0,0,0,0,0,0,0,0,0,0,0,0,4,4,0,0,0,0,0,0,0,0,0,0,0,0,0,0,0,0,0,0,0,0,0,0,0,0,0,0,0,0,0,0,0,0,0,0
1801,L38457,JUnit4SuiteWithExceptionThrowingRunner,org.junit.vintage.engine.samples.junit4.JUnit4SuiteWithExceptionThrowingRunner,L38289,L103,C:\Users\domco\Desktop\DP\repos\junit5\junit-vintage-engine\src\test\java\org\junit\vintage\engine\samples\junit4\JUnit4SuiteWithExceptionThrowingRunner.java,19,1,22,2,0.0,0,0,0,0.0,0.0,0,0,0,0,0,0,2,1,0,0,0,1.0,0.428571,3,3,1,0,0.428571,3,0,0,0,0,0,4,4,0,0,0,0,0,0,0,0,0,0,0,0,0,4,4,0,0,0,0,0,0,0,0,0,0,0,0,0,0,0,0,0,0,0,0,0,0,0,0,0,0,0,0,0,0,0,0,0,0
1802,L38441,JUnit4SuiteWithIgnoredJUnit4TestCase,org.junit.vintage.engine.samples.junit4.JUnit4SuiteWithIgnoredJUnit4TestCase,L38289,L103,C:\Users\domco\Desktop\DP\repos\junit5\junit-vintage-engine\src\test\java\org\junit\vintage\engine\samples\junit4\JUnit4SuiteWithIgnoredJUnit4TestCase.java,20,1,23,2,0.0,0,0,0,0.0,0.0,0,0,0,0,0,0,1,2,0,0,0,1.0,0.428571,3,3,1,0,0.428571,3,0,0,0,0,0,4,4,0,0,0,0,0,0,0,0,0,0,0,0,0,4,4,0,0,0,0,0,0,0,0,0,0,0,0,0,0,0,0,0,0,0,0,0,0,0,0,0,0,0,0,0,0,0,0,0,0
1803,L38464,JUnit4SuiteWithJUnit3SuiteWithSingleTestCase,org.junit.vintage.engine.samples.junit4.JUnit4SuiteWithJUnit3SuiteWithSingleTestCase,L38289,L103,C:\Users\domco\Desktop\DP\repos\junit5\junit-vintage-engine\src\test\java\org\junit\vintage\engine\samples\junit4\JUnit4SuiteWithJUnit3SuiteWithSingleTestCase.java,21,1,24,2,0.0,0,0,0,0.0,0.0,0,0,0,0,0,0,1,1,0,0,0,1.0,0.428571,3,3,1,0,0.428571,3,0,0,0,0,0,4,4,0,0,0,0,0,0,0,0,0,0,0,0,0,4,4,0,0,0,0,0,0,0,0,0,0,0,0,0,0,0,0,0,0,0,0,0,0,0,0,0,0,0,0,0,0,0,0,0,0
1804,L38447,JUnit4SuiteWithJUnit4TestCaseWithAssumptionFailureInBeforeClass,org.junit.vintage.engine.samples.junit4.JUnit4SuiteWithJUnit4TestCaseWithAssumptionFailureInBeforeClass,L38289,L103,C:\Users\domco\Desktop\DP\repos\junit5\junit-vintage-engine\src\test\java\org\junit\vintage\engine\samples\junit4\JUnit4SuiteWithJUnit4TestCaseWithAssumptionFailureInBeforeClass.java,20,1,23,2,0.0,0,0,0,0.0,0.0,0,0,0,0,0,0,1,2,0,0,0,1.0,0.428571,3,3,1,0,0.428571,3,0,0,0,0,0,4,4,0,0,0,0,0,0,0,0,0,0,0,0,0,4,4,0,0,0,0,0,0,0,0,0,0,0,0,0,0,0,0,0,0,0,0,0,0,0,0,0,0,0,0,0,0,0,0,0,0
1805,L38453,JUnit4SuiteWithJUnit4TestCaseWithErrorInBeforeClass,org.junit.vintage.engine.samples.junit4.JUnit4SuiteWithJUnit4TestCaseWithErrorInBeforeClass,L38289,L103,C:\Users\domco\Desktop\DP\repos\junit5\junit-vintage-engine\src\test\java\org\junit\vintage\engine\samples\junit4\JUnit4SuiteWithJUnit4TestCaseWithErrorInBeforeClass.java,20,1,23,2,0.0,0,0,0,0.0,0.0,0,0,0,0,0,0,1,2,0,0,0,1.0,0.428571,3,3,1,0,0.428571,3,0,0,0,0,0,4,4,0,0,0,0,0,0,0,0,0,0,0,0,0,4,4,0,0,0,0,0,0,0,0,0,0,0,0,0,0,0,0,0,0,0,0,0,0,0,0,0,0,0,0,0,0,0,0,0,0
1806,L38479,JUnit4SuiteWithJUnit4TestCaseWithFailingDescriptionThatIsNotReportedAsFinished,org.junit.vintage.engine.samples.junit4.JUnit4SuiteWithJUnit4TestCaseWithFailingDescriptionThatIsNotReportedAsFinished,L38289,L103,C:\Users\domco\Desktop\DP\repos\junit5\junit-vintage-engine\src\test\java\org\junit\vintage\engine\samples\junit4\JUnit4SuiteWithJUnit4TestCaseWithFailingDescriptionThatIsNotReportedAsFinished.java,17,1,21,2,0.0,0,0,0,0.0,0.0,0,0,0,0,0,0,2,1,0,0,0,0.0,0.0,0,0,0,1,0.0,0,0,0,0,0,0,5,5,0,0,0,0,0,0,0,0,0,0,0,0,0,5,5,0,0,0,0,0,0,0,0,0,0,0,0,0,0,0,3,0,0,0,0,0,0,0,0,0,3,0,0,0,0,0,0,0,0
1807,L38484,JUnit4SuiteWithPlainJUnit4TestCaseWithSingleTestWhichIsIgnored,org.junit.vintage.engine.samples.junit4.JUnit4SuiteWithPlainJUnit4TestCaseWithSingleTestWhichIsIgnored,L38289,L103,C:\Users\domco\Desktop\DP\repos\junit5\junit-vintage-engine\src\test\java\org\junit\vintage\engine\samples\junit4\JUnit4SuiteWithPlainJUnit4TestCaseWithSingleTestWhichIsIgnored.java,20,1,23,2,0.0,0,0,0,0.0,0.0,0,0,0,0,0,0,1,2,0,0,0,1.0,0.428571,3,3,1,0,0.428571,3,0,0,0,0,0,4,4,0,0,0,0,0,0,0,0,0,0,0,0,0,4,4,0,0,0,0,0,0,0,0,0,0,0,0,0,0,0,0,0,0,0,0,0,0,0,0,0,0,0,0,0,0,0,0,0,0
1808,L38490,JUnit4SuiteWithTwoTestCases,org.junit.vintage.engine.samples.junit4.JUnit4SuiteWithTwoTestCases,L38289,L103,C:\Users\domco\Desktop\DP\repos\junit5\junit-vintage-engine\src\test\java\org\junit\vintage\engine\samples\junit4\JUnit4SuiteWithTwoTestCases.java,20,1,23,2,0.0,0,0,0,0.0,0.0,0,0,0,0,0,0,2,2,0,0,0,1.0,0.428571,3,3,1,0,0.428571,3,0,0,0,0,0,4,4,0,0,0,0,0,0,0,0,0,0,0,0,0,4,4,0,0,0,0,0,0,0,0,0,0,0,0,0,0,0,0,0,0,0,0,0,0,0,0,0,0,0,0,0,0,0,0,0,0
1809,L38470,JUnit4TestCaseWithAssumptionFailureInBeforeClass,org.junit.vintage.engine.samples.junit4.JUnit4TestCaseWithAssumptionFailureInBeforeClass,L38289,L103,C:\Users\domco\Desktop\DP\repos\junit5\junit-vintage-engine\src\test\java\org\junit\vintage\engine\samples\junit4\JUnit4TestCaseWithAssumptionFailureInBeforeClass.java,22,1,34,2,0.0,0,0,0,0.0,0.0,0,0,2,0,0,2,0,2,0,0,2,0.333333,0.230769,3,3,1,2,0.230769,3,0,0,0,0,0,10,13,0,0,0,0,2,0,2,0,2,2,0,2,0,10,13,0,0,0,0,2,0,2,0,2,2,0,2,0,0,0,8,0,0,0,0,0,1,0,0,0,7,0,0,0,0,0,0,0,0
1810,L38500,JUnit4TestCaseWithDistinguishableOverloadedMethod,org.junit.vintage.engine.samples.junit4.JUnit4TestCaseWithDistinguishableOverloadedMethod,L38289,L103,C:\Users\domco\Desktop\DP\repos\junit5\junit-vintage-engine\src\test\java\org\junit\vintage\engine\samples\junit4\JUnit4TestCaseWithDistinguishableOverloadedMethod.java,22,1,34,2,0.0,0,0,0,0.0,0.0,0,0,1,0,0,2,0,1,0,0,2,0.5,0.230769,3,3,1,1,0.230769,3,0,0,0,0,0,10,13,0,0,0,0,2,0,1,0,2,2,0,1,0,10,13,0,0,0,0,2,0,1,0,2,2,0,1,0,0,0,7,1,0,1,0,0,0,0,0,0,7,0,0,0,0,0,0,0,0
1811,L38507,JUnit4TestCaseWithErrorCollectorStoringMultipleFailures,org.junit.vintage.engine.samples.junit4.JUnit4TestCaseWithErrorCollectorStoringMultipleFailures,L38289,L103,C:\Users\domco\Desktop\DP\repos\junit5\junit-vintage-engine\src\test\java\org\junit\vintage\engine\samples\junit4\JUnit4TestCaseWithErrorCollectorStoringMultipleFailures.java,20,1,35,2,0.0,0,0,0,0.0,0.0,0,0,1,0,0,2,0,1,0,0,2,0.0,0.0714286,1,0,0,2,0.0714286,1,0,0,0,0,0,13,16,1,1,1,1,2,1,1,0,2,4,1,1,0,13,16,1,1,1,1,2,1,1,0,2,4,1,1,0,0,0,11,1,0,1,0,0,0,0,0,0,7,0,0,0,0,0,0,4,0
1812,L38514,JUnit4TestCaseWithErrorInAfterClass,org.junit.vintage.engine.samples.junit4.JUnit4TestCaseWithErrorInAfterClass,L38289,L103,C:\Users\domco\Desktop\DP\repos\junit5\junit-vintage-engine\src\test\java\org\junit\vintage\engine\samples\junit4\JUnit4TestCaseWithErrorInAfterClass.java,23,1,41,2,0.0,0,0,0,0.0,0.0,0,0,3,0,0,3,0,1,0,0,3,0.25,0.222222,4,3,1,3,0.222222,4,0,0,0,0,0,14,19,0,0,0,0,3,0,3,0,3,2,0,3,0,14,19,0,0,0,0,3,0,3,0,3,2,0,3,0,0,0,8,1,0,1,0,0,1,0,0,0,7,0,0,0,0,0,0,0,0
1813,L38475,JUnit4TestCaseWithErrorInBeforeClass,org.junit.vintage.engine.samples.junit4.JUnit4TestCaseWithErrorInBeforeClass,L38289,L103,C:\Users\domco\Desktop\DP\repos\junit5\junit-vintage-engine\src\test\java\org\junit\vintage\engine\samples\junit4\JUnit4TestCaseWithErrorInBeforeClass.java,21,1,33,2,0.0,0,0,0,0.0,0.0,0,0,2,0,0,2,0,2,0,0,2,0.333333,0.230769,3,3,1,2,0.230769,3,0,0,0,0,0,10,13,0,0,0,0,2,0,2,0,2,2,0,2,0,10,13,0,0,0,0,2,0,2,0,2,2,0,2,0,0,0,8,0,0,0,0,0,1,0,0,0,7,0,0,0,0,0,0,0,0
1814,L38524,JUnit4TestCaseWithExceptionThrowingRunner,org.junit.vintage.engine.samples.junit4.JUnit4TestCaseWithExceptionThrowingRunner,L38289,L103,C:\Users\domco\Desktop\DP\repos\junit5\junit-vintage-engine\src\test\java\org\junit\vintage\engine\samples\junit4\JUnit4TestCaseWithExceptionThrowingRunner.java,19,1,22,2,0.0,0,0,0,0.0,0.0,0,0,0,0,0,0,2,1,0,0,0,1.0,0.428571,3,3,1,0,0.428571,3,0,0,0,0,0,4,4,0,0,0,0,0,0,0,0,0,0,0,0,0,4,4,0,0,0,0,0,0,0,0,0,0,0,0,0,0,0,0,0,0,0,0,0,0,0,0,0,0,0,0,0,0,0,0,0,0
1815,L38480,JUnit4TestCaseWithFailingDescriptionThatIsNotReportedAsFinished,org.junit.vintage.engine.samples.junit4.JUnit4TestCaseWithFailingDescriptionThatIsNotReportedAsFinished,L38289,L103,C:\Users\domco\Desktop\DP\repos\junit5\junit-vintage-engine\src\test\java\org\junit\vintage\engine\samples\junit4\JUnit4TestCaseWithFailingDescriptionThatIsNotReportedAsFinished.java,18,1,24,2,0.0,0,0,0,0.0,0.0,0,0,1,0,0,1,1,2,0,0,1,0.0,0.0,0,0,0,2,0.0,0,0,0,0,0,0,7,7,0,0,0,0,1,0,1,0,1,1,0,1,0,7,7,0,0,0,0,1,0,1,0,1,1,0,1,0,0,0,5,0,0,0,0,0,0,0,0,0,5,0,0,0,0,0,0,0,0
1816,L38532,JUnit4TestCaseWithIndistinguishableOverloadedMethod,org.junit.vintage.engine.samples.junit4.JUnit4TestCaseWithIndistinguishableOverloadedMethod,L38289,L103,C:\Users\domco\Desktop\DP\repos\junit5\junit-vintage-engine\src\test\java\org\junit\vintage\engine\samples\junit4\JUnit4TestCaseWithIndistinguishableOverloadedMethod.java,23,1,39,2,0.0,0,0,0,0.0,0.0,0,0,2,0,0,2,0,2,0,0,2,0.333333,0.1875,3,3,1,2,0.1875,3,0,0,0,0,0,13,17,1,0,1,0,2,1,2,0,2,2,1,2,0,13,17,1,0,1,0,2,1,2,0,2,2,1,2,0,0,0,12,0,0,0,0,0,1,0,0,0,7,0,0,0,0,0,0,4,0
1817,L38416,JUnit4TestCaseWithNotFilterableRunner,org.junit.vintage.engine.samples.junit4.JUnit4TestCaseWithNotFilterableRunner,L38289,L103,C:\Users\domco\Desktop\DP\repos\junit5\junit-vintage-engine\src\test\java\org\junit\vintage\engine\samples\junit4\JUnit4TestCaseWithNotFilterableRunner.java,21,1,30,2,0.0,0,0,0,0.0,0.0,0,0,1,0,0,1,4,4,0,0,1,0.5,0.272727,3,3,1,1,0.272727,3,0,0,1,1,0,8,10,0,0,0,0,1,0,1,0,1,0,0,1,0,8,10,0,0,0,0,1,0,1,0,1,0,0,1,0,0,0,3,1,1,1,0,0,0,0,0,0,3,1,0,0,0,0,0,0,0
1818,L38545,JUnit4TestCaseWithRunnerWithCustomUniqueIds,org.junit.vintage.engine.samples.junit4.JUnit4TestCaseWithRunnerWithCustomUniqueIds,L38289,L103,C:\Users\domco\Desktop\DP\repos\junit5\junit-vintage-engine\src\test\java\org\junit\vintage\engine\samples\junit4\JUnit4TestCaseWithRunnerWithCustomUniqueIds.java,20,1,28,2,0.0,0,0,0,0.0,0.0,0,0,1,0,0,1,1,2,0,0,1,0.5,0.3,3,3,1,1,0.3,3,0,0,0,0,0,7,9,0,0,0,0,1,0,1,0,1,1,0,1,0,7,9,0,0,0,0,1,0,1,0,1,1,0,1,0,0,0,3,0,0,0,0,0,0,0,0,0,3,0,0,0,0,0,0,0,0
1819,L38552,JUnit4TestCaseWithRunnerWithDuplicateChangingChildDescriptions,org.junit.vintage.engine.samples.junit4.JUnit4TestCaseWithRunnerWithDuplicateChangingChildDescriptions,L38289,L103,C:\Users\domco\Desktop\DP\repos\junit5\junit-vintage-engine\src\test\java\org\junit\vintage\engine\samples\junit4\JUnit4TestCaseWithRunnerWithDuplicateChangingChildDescriptions.java,17,1,55,2,0.0,0,0,0,0.0,0.0,0,0,0,0,0,0,1,1,0,0,0,0.0,0.0,0,0,0,1,0.0,0,0,0,0,0,0,3,3,0,0,0,0,0,0,0,0,0,0,0,0,0,33,39,1,3,1,3,5,0,3,0,5,16,0,3,0,0,0,16,0,1,0,0,0,0,0,0,1,16,0,0,0,0,0,0,0,0
1820,L38571,MalformedJUnit4TestCase,org.junit.vintage.engine.samples.junit4.MalformedJUnit4TestCase,L38289,L103,C:\Users\domco\Desktop\DP\repos\junit5\junit-vintage-engine\src\test\java\org\junit\vintage\engine\samples\junit4\MalformedJUnit4TestCase.java,20,1,28,2,0.0,0,0,0,0.0,0.0,0,0,1,0,0,1,0,1,0,0,1,1.0,0.4,4,3,1,0,0.4,4,0,0,0,0,0,6,9,0,0,0,0,1,0,0,0,1,1,0,0,0,6,9,0,0,0,0,1,0,0,0,1,1,0,0,0,0,0,2,0,2,0,0,1,0,0,0,0,2,0,1,0,0,0,0,0,0
1821,L37711,NotFilterableRunner,org.junit.vintage.engine.samples.junit4.NotFilterableRunner,L38289,L103,C:\Users\domco\Desktop\DP\repos\junit5\junit-vintage-engine\src\test\java\org\junit\vintage\engine\samples\junit4\NotFilterableRunner.java,16,1,22,2,0.0,0,0,0,0.0,0.0,0,0,0,0,0,1,1,3,0,1,2,0.5,0.375,3,3,1,1,0.375,3,1,1,0,0,1,5,7,2,1,0,0,1,0,1,0,4,1,0,3,0,5,7,2,1,0,0,1,0,1,0,4,1,0,3,0,0,0,3,0,0,0,0,0,0,0,0,0,3,0,0,0,0,0,0,0,0
1822,L38578,ParameterizedTestCase,org.junit.vintage.engine.samples.junit4.ParameterizedTestCase,L38289,L103,C:\Users\domco\Desktop\DP\repos\junit5\junit-vintage-engine\src\test\java\org\junit\vintage\engine\samples\junit4\ParameterizedTestCase.java,25,1,41,2,0.0,0,0,0,0.0,0.0,0,0,2,0,0,2,0,3,0,0,2,0.333333,0.1875,3,3,1,2,0.1875,3,0,0,0,0,0,13,17,1,0,1,0,2,1,2,0,2,2,1,2,0,13,17,1,0,1,0,2,1,2,0,2,2,1,2,0,0,0,12,0,2,1,0,1,1,0,0,0,7,0,0,0,0,0,0,4,0
1823,L37698,PlainJUnit4TestCaseWithFiveTestMethods,org.junit.vintage.engine.samples.junit4.PlainJUnit4TestCaseWithFiveTestMethods,L38289,L103,C:\Users\domco\Desktop\DP\repos\junit5\junit-vintage-engine\src\test\java\org\junit\vintage\engine\samples\junit4\PlainJUnit4TestCaseWithFiveTestMethods.java,30,1,64,2,0.0,0,0,0,0.0,0.0,0,0,5,0,0,5,4,4,0,0,5,0.166667,0.09375,3,3,1,5,0.09375,3,0,0,0,0,0,29,35,0,0,0,0,5,0,5,0,5,5,0,5,0,29,35,0,0,0,0,5,0,5,0,5,5,0,5,0,0,0,14,1,1,2,0,0,1,0,0,0,13,0,0,0,0,0,0,0,0
1824,L38594,PlainJUnit4TestCaseWithLifecycleMethods,org.junit.vintage.engine.samples.junit4.PlainJUnit4TestCaseWithLifecycleMethods,L38289,L103,C:\Users\domco\Desktop\DP\repos\junit5\junit-vintage-engine\src\test\java\org\junit\vintage\engine\samples\junit4\PlainJUnit4TestCaseWithLifecycleMethods.java,27,1,68,2,0.0,0,0,0,0.0,0.0,0,0,1,0,0,7,0,2,0,0,7,0.0,0.0,0,0,0,8,0.0,0,0,0,0,0,0,34,42,1,0,1,0,7,1,7,0,7,8,1,7,0,34,42,1,0,1,0,7,1,7,0,7,8,1,7,0,0,0,21,2,1,3,0,0,0,0,0,0,17,0,0,0,0,0,0,4,0
1825,L38605,PlainJUnit4TestCaseWithSingleInheritedTestWhichFails,org.junit.vintage.engine.samples.junit4.PlainJUnit4TestCaseWithSingleInheritedTestWhichFails,L38289,L103,C:\Users\domco\Desktop\DP\repos\junit5\junit-vintage-engine\src\test\java\org\junit\vintage\engine\samples\junit4\PlainJUnit4TestCaseWithSingleInheritedTestWhichFails.java,16,1,17,2,0.0,0,0,0,0.0,0.0,0,0,0,0,0,0,1,1,0,0,0,1.0,0.6,3,3,1,0,0.6,3,1,1,0,0,1,2,2,0,0,0,0,0,0,0,0,1,0,0,1,0,2,2,0,0,0,0,0,0,0,0,1,0,0,1,0,0,0,0,0,0,0,0,0,0,0,0,0,0,0,0,0,0,0,0,0,0
1826,L38072,PlainJUnit4TestCaseWithSingleTestWhichFails,org.junit.vintage.engine.samples.junit4.PlainJUnit4TestCaseWithSingleTestWhichFails,L38289,L103,C:\Users\domco\Desktop\DP\repos\junit5\junit-vintage-engine\src\test\java\org\junit\vintage\engine\samples\junit4\PlainJUnit4TestCaseWithSingleTestWhichFails.java,20,1,27,2,0.0,0,0,0,0.0,0.0,0,0,1,0,0,1,0,7,0,0,1,0.5,0.333333,3,3,1,1,0.333333,3,0,0,1,1,0,6,8,0,0,0,0,1,0,1,0,1,1,0,1,0,6,8,0,0,0,0,1,0,1,0,1,1,0,1,0,0,0,3,0,0,0,0,0,0,0,0,0,3,0,0,0,0,0,0,0,0
1827,L38486,PlainJUnit4TestCaseWithSingleTestWhichIsIgnored,org.junit.vintage.engine.samples.junit4.PlainJUnit4TestCaseWithSingleTestWhichIsIgnored,L38289,L103,C:\Users\domco\Desktop\DP\repos\junit5\junit-vintage-engine\src\test\java\org\junit\vintage\engine\samples\junit4\PlainJUnit4TestCaseWithSingleTestWhichIsIgnored.java,20,1,28,2,0.0,0,0,0,0.0,0.0,0,0,1,0,0,1,0,3,0,0,1,0.5,0.3,3,3,1,1,0.3,3,0,0,0,0,0,7,9,0,0,0,0,1,0,1,0,1,1,0,1,0,7,9,0,0,0,0,1,0,1,0,1,1,0,1,0,0,0,3,0,0,0,0,0,0,0,0,0,3,0,0,0,0,0,0,0,0
1828,L38492,PlainJUnit4TestCaseWithTwoTestMethods,org.junit.vintage.engine.samples.junit4.PlainJUnit4TestCaseWithTwoTestMethods,L38289,L103,C:\Users\domco\Desktop\DP\repos\junit5\junit-vintage-engine\src\test\java\org\junit\vintage\engine\samples\junit4\PlainJUnit4TestCaseWithTwoTestMethods.java,24,1,38,2,0.0,0,0,0,0.0,0.0,0,0,2,0,0,2,2,4,0,0,2,0.333333,0.2,3,3,1,2,0.2,3,0,0,0,0,0,12,15,0,0,0,0,2,0,2,0,2,2,0,2,0,12,15,0,0,0,0,2,0,2,0,2,2,0,2,0,0,0,8,0,1,1,0,0,1,0,0,0,7,0,0,0,0,0,0,0,0
1829,L38527,RunnerThatOnlyReportsFailures,org.junit.vintage.engine.samples.junit4.RunnerThatOnlyReportsFailures,L38289,L103,C:\Users\domco\Desktop\DP\repos\junit5\junit-vintage-engine\src\test\java\org\junit\vintage\engine\samples\junit4\RunnerThatOnlyReportsFailures.java,20,1,35,2,0.0,0,0,0,0.0,0.0,0,0,1,1,1,3,0,1,0,0,2,0.0,0.0,0,0,0,2,0.0,0,0,0,0,0,0,15,16,0,0,0,0,2,0,1,0,2,5,0,1,0,15,16,0,0,0,0,2,0,1,0,2,5,0,1,0,0,1,7,1,0,0,0,0,0,0,0,0,7,0,2,0,0,0,0,0,0
1830,L38547,RunnerWithCustomUniqueIds,org.junit.vintage.engine.samples.junit4.RunnerWithCustomUniqueIds,L38289,L103,C:\Users\domco\Desktop\DP\repos\junit5\junit-vintage-engine\src\test\java\org\junit\vintage\engine\samples\junit4\RunnerWithCustomUniqueIds.java,26,1,62,2,0.0,0,0,0,0.0,0.0,0,0,1,0,0,2,1,1,0,1,3,0.5,0.230769,3,3,1,1,0.09375,3,0,0,0,0,0,10,13,0,0,0,0,2,0,1,0,2,3,0,1,0,29,37,2,0,2,0,5,0,4,0,5,9,0,4,0,0,0,16,0,0,0,0,0,0,0,0,0,16,0,0,0,0,0,0,0,0
1831,L38641,SingleFailingTheoryTestCase,org.junit.vintage.engine.samples.junit4.SingleFailingTheoryTestCase,L38289,L103,C:\Users\domco\Desktop\DP\repos\junit5\junit-vintage-engine\src\test\java\org\junit\vintage\engine\samples\junit4\SingleFailingTheoryTestCase.java,21,1,29,2,0.0,0,0,0,0.0,0.0,0,0,1,0,0,1,0,1,0,0,1,0.5,0.3,3,3,1,1,0.3,3,0,0,0,0,0,7,9,0,0,0,0,1,0,1,0,1,1,0,1,0,7,9,0,0,0,0,1,0,1,0,1,1,0,1,0,0,0,3,0,0,0,0,0,0,0,0,0,3,0,0,0,0,0,0,0,0
1832,L38645,TestCaseRunWithJUnitPlatformRunner,org.junit.vintage.engine.samples.junit4.TestCaseRunWithJUnitPlatformRunner,L38289,L103,C:\Users\domco\Desktop\DP\repos\junit5\junit-vintage-engine\src\test\java\org\junit\vintage\engine\samples\junit4\TestCaseRunWithJUnitPlatformRunner.java,20,1,23,2,0.0,0,0,0,0.0,0.0,0,0,0,0,0,0,3,1,0,0,0,1.0,0.428571,3,3,1,0,0.428571,3,0,0,0,0,0,4,4,0,0,0,0,0,0,0,0,0,0,0,0,0,4,4,0,0,0,0,0,0,0,0,0,0,0,0,0,0,0,0,0,0,0,0,0,0,0,0,0,0,0,0,0,0,0,0,0,0
1833,L38691,VintageLauncherIntegrationTests$1,org.junit.vintage.engine.VintageLauncherIntegrationTests$1,L38658,L103,C:\Users\domco\Desktop\DP\repos\junit5\junit-vintage-engine\src\test\java\org\junit\vintage\engine\VintageLauncherIntegrationTests.java,251,57,256,4,0.0,0,0,0,0.0,0.0,0,0,1,0,0,1,3,0,0,0,1,0.0,0.0,0,0,0,2,0.0,0,1,1,0,0,1,6,6,0,0,0,0,1,0,1,0,7,1,0,7,0,6,6,0,0,0,0,1,0,1,0,7,1,0,7,0,0,0,5,0,0,0,0,0,0,0,0,0,5,0,0,0,0,0,0,0,0
1834,L38876,VintageTestEngineExecutionTests$1,org.junit.vintage.engine.VintageTestEngineExecutionTests$1,L38871,L103,C:\Users\domco\Desktop\DP\repos\junit5\junit-vintage-engine\src\test\java\org\junit\vintage\engine\VintageTestEngineExecutionTests.java,334,68,361,4,0.0,0,0,0,0.0,0.0,0,0,5,0,0,5,5,0,0,1,6,0.0,0.0,0,0,0,6,0.0,0,1,1,0,0,1,23,28,0,0,0,0,5,0,5,0,5,3,0,5,0,23,28,0,0,0,0,5,0,5,0,5,3,0,5,0,0,0,14,0,2,0,0,0,1,0,0,0,13,2,0,0,0,0,0,0,0
1835,L37555,MethodSelectorResolver$1,org.junit.vintage.engine.discovery.MethodSelectorResolver$1,L37543,L103,C:\Users\domco\Desktop\DP\repos\junit5\junit-vintage-engine\src\main\java\org\junit\vintage\engine\discovery\MethodSelectorResolver.java,91,23,116,4,0.0,0,0,0,0.0,0.0,0,0,2,2,2,7,0,0,0,0,3,0.0,0.0454545,1,0,0,3,0.0454545,1,0,0,0,0,0,21,26,0,0,0,0,3,0,2,0,3,8,0,2,0,21,26,0,0,0,0,3,0,2,0,3,8,0,2,0,0,0,10,0,0,0,0,0,1,0,0,0,9,0,0,0,0,0,0,0,0
1836,L37684,IsPotentialJUnit4TestClassTests$1,org.junit.vintage.engine.discovery.IsPotentialJUnit4TestClassTests$1,L37681,L103,C:\Users\domco\Desktop\DP\repos\junit5\junit-vintage-engine\src\test\java\org\junit\vintage\engine\discovery\IsPotentialJUnit4TestClassTests.java,51,23,53,4,0.0,0,0,0,0.0,0.0,0,0,0,0,0,0,1,0,0,0,0,0.0,0.0,0,0,0,1,0.0,0,1,1,0,0,1,2,3,0,0,0,0,0,0,0,0,0,0,0,0,0,2,3,0,0,0,0,0,0,0,0,0,0,0,0,0,0,0,3,0,0,0,0,0,0,0,0,0,3,0,0,0,0,0,0,0,0
1837,L38395,EnclosedJUnit4TestCase$NestedClass,org.junit.vintage.engine.samples.junit4.EnclosedJUnit4TestCase$NestedClass,L38392,L103,C:\Users\domco\Desktop\DP\repos\junit5\junit-vintage-engine\src\test\java\org\junit\vintage\engine\samples\junit4\EnclosedJUnit4TestCase.java,27,2,40,3,0.0,0,0,0,0.0,0.0,0,0,2,0,0,2,3,2,0,0,2,0.0,0.0,0,0,0,3,0.0,0,0,0,0,0,0,12,14,0,0,0,0,2,0,2,0,2,2,0,2,0,12,14,0,0,0,0,2,0,2,0,2,2,0,2,0,0,0,8,0,0,0,0,0,1,0,0,0,7,0,0,0,0,0,0,0,0
1838,L38553,JUnit4TestCaseWithRunnerWithDuplicateChangingChildDescriptions$Runner,org.junit.vintage.engine.samples.junit4.JUnit4TestCaseWithRunnerWithDuplicateChangingChildDescriptions$Runner,L38552,L103,C:\Users\domco\Desktop\DP\repos\junit5\junit-vintage-engine\src\test\java\org\junit\vintage\engine\samples\junit4\JUnit4TestCaseWithRunnerWithDuplicateChangingChildDescriptions.java,19,2,54,3,0.0,0,0,0,0.0,0.0,0,0,1,1,1,6,0,1,0,0,5,0.0,0.0,0,0,0,4,0.0,0,0,0,0,0,0,30,36,1,3,1,3,5,0,3,0,5,16,0,3,0,30,36,1,3,1,3,5,0,3,0,5,16,0,3,0,0,0,13,0,1,0,0,0,0,0,0,1,13,0,0,0,0,0,0,0,0
1839,L38629,RunnerWithCustomUniqueIds$CustomUniqueId,org.junit.vintage.engine.samples.junit4.RunnerWithCustomUniqueIds$CustomUniqueId,L38547,L103,C:\Users\domco\Desktop\DP\repos\junit5\junit-vintage-engine\src\test\java\org\junit\vintage\engine\samples\junit4\RunnerWithCustomUniqueIds.java,38,2,61,3,0.0,0,0,0,0.0,0.0,0,0,1,1,1,4,0,1,1,0,3,0.0,0.0,0,0,0,4,0.0,0,0,0,0,0,0,19,24,2,0,2,0,3,0,3,0,3,6,0,3,0,19,24,2,0,2,0,3,0,3,0,3,6,0,3,0,0,0,9,0,0,0,0,0,0,0,0,0,9,0,0,0,0,0,0,0,0
1840,L39314,Request$Builder,platform.tooling.support.Request$Builder,L39306,L103,C:\Users\domco\Desktop\DP\repos\junit5\platform-tooling-support-tests\src\main\java\platform\tooling\support\Request.java,123,2,185,3,0.0,0,0,0,0.0,0.0,0,0,2,1,1,12,1,12,13,0,10,0.0,0.0,0,0,0,10,0.0,0,0,0,0,0,0,52,63,1,0,1,0,10,0,9,6,10,27,0,9,6,52,63,1,0,1,0,10,0,9,6,10,27,0,9,6,0,0,25,0,0,0,0,0,1,0,0,0,23,0,0,0,0,0,0,1,0
1841,L39422,AntStarterTests,platform.tooling.support.tests.AntStarterTests,L39401,L103,C:\Users\domco\Desktop\DP\repos\junit5\platform-tooling-support-tests\src\test\java\platform\tooling\support\tests\AntStarterTests.java,32,1,68,2,0.0,0,0,0,0.0,0.0,0,0,1,0,0,1,6,0,0,7,8,1.0,0.421053,24,3,1,0,0.421053,24,0,0,0,0,0,33,37,0,0,0,0,1,0,0,0,1,7,0,0,0,33,37,0,0,0,0,1,0,0,0,1,7,0,0,0,0,0,0,1,3,2,0,1,0,0,0,0,0,0,1,0,0,0,0,0,0
1842,L39429,ArchUnitTests,platform.tooling.support.tests.ArchUnitTests,L39401,L103,C:\Users\domco\Desktop\DP\repos\junit5\platform-tooling-support-tests\src\test\java\platform\tooling\support\tests\ArchUnitTests.java,41,1,99,2,0.0,0,0,0,0.0,0.0,0,0,5,0,0,5,2,0,0,1,6,0.0,0.277778,15,0,0,1,0.25,15,0,0,0,0,0,39,51,1,0,1,0,5,0,0,0,5,8,0,0,0,45,59,1,0,1,0,6,0,1,0,6,9,0,1,0,0,0,15,1,5,1,0,5,1,0,0,0,14,0,0,0,0,0,0,0,0
1843,L39451,GradleKotlinExtensionsTests,platform.tooling.support.tests.GradleKotlinExtensionsTests,L39401,L103,C:\Users\domco\Desktop\DP\repos\junit5\platform-tooling-support-tests\src\test\java\platform\tooling\support\tests\GradleKotlinExtensionsTests.java,31,1,49,2,0.652174,1,1,1,0.526316,0.5625,10,9,1,0,0,1,6,0,0,6,7,1.0,0.384615,10,3,1,0,0.384615,10,0,0,0,0,0,16,19,0,0,0,0,1,0,0,0,1,4,0,0,0,16,19,0,0,0,0,1,0,0,0,1,4,0,0,0,0,0,10,0,3,2,10,1,0,0,0,0,0,0,0,0,0,0,0,0,0
1844,L39455,GradleMissingEngineTests,platform.tooling.support.tests.GradleMissingEngineTests,L39401,L103,C:\Users\domco\Desktop\DP\repos\junit5\platform-tooling-support-tests\src\test\java\platform\tooling\support\tests\GradleMissingEngineTests.java,32,1,64,2,0.0,0,0,0,0.0,0.0,0,0,1,0,0,2,6,0,0,8,10,1.0,0.382979,18,3,1,0,0.382979,18,0,0,0,0,0,29,33,0,0,0,0,2,0,0,0,2,7,0,0,0,29,33,0,0,0,0,2,0,0,0,2,7,0,0,0,0,0,2,2,3,4,0,1,0,0,0,0,2,0,0,0,0,0,0,0,0
1845,L39465,GradleModuleFileTests,platform.tooling.support.tests.GradleModuleFileTests,L39401,L103,C:\Users\domco\Desktop\DP\repos\junit5\platform-tooling-support-tests\src\test\java\platform\tooling\support\tests\GradleModuleFileTests.java,24,1,168,2,0.0,0,0,0,0.0,0.0,0,0,1,0,0,1,2,0,0,1,2,1.0,0.489209,136,3,1,0,0.489209,136,0,0,0,0,0,142,145,0,0,0,0,1,0,0,0,1,3,0,0,0,142,145,0,0,0,0,1,0,0,0,1,3,0,0,0,0,0,3,17,1,1,0,1,0,0,0,1,0,0,15,0,0,0,0,3,0
1846,L39469,GradleStarterTests,platform.tooling.support.tests.GradleStarterTests,L39401,L103,C:\Users\domco\Desktop\DP\repos\junit5\platform-tooling-support-tests\src\test\java\platform\tooling\support\tests\GradleStarterTests.java,32,1,51,2,0.594059,1,1,1,0.5,0.529412,10,9,1,0,0,1,6,0,0,6,7,1.0,0.37037,10,3,1,0,0.37037,10,0,0,0,0,0,17,20,0,0,0,0,1,0,0,0,1,5,0,0,0,17,20,0,0,0,0,1,0,0,0,1,5,0,0,0,0,0,10,0,4,3,10,1,0,0,0,0,0,0,0,0,0,0,0,0,0
1847,L39473,JarDescribeModuleTests,platform.tooling.support.tests.JarDescribeModuleTests,L39401,L103,C:\Users\domco\Desktop\DP\repos\junit5\platform-tooling-support-tests\src\test\java\platform\tooling\support\tests\JarDescribeModuleTests.java,36,1,82,2,0.0,0,0,0,0.0,0.0,0,0,1,1,1,5,7,0,0,9,12,1.0,0.196078,10,3,1,0,0.196078,10,0,0,0,0,0,41,47,0,0,0,0,3,0,0,0,3,20,0,0,0,41,47,0,0,0,0,3,0,0,0,3,20,0,0,0,0,0,8,1,3,1,0,2,0,0,0,1,8,0,0,0,0,0,0,0,0
1848,L39492,JavacModulesTests,platform.tooling.support.tests.JavacModulesTests,L39401,L103,C:\Users\domco\Desktop\DP\repos\junit5\platform-tooling-support-tests\src\test\java\platform\tooling\support\tests\JavacModulesTests.java,41,1,154,2,0.0,0,0,0,0.0,0.0,0,0,1,3,3,4,5,1,0,6,8,1.0,0.235294,20,3,1,0,0.186441,22,0,0,0,0,0,65,81,1,0,1,0,2,0,0,0,2,38,0,0,0,96,114,5,1,5,1,4,0,0,0,4,50,0,0,0,0,0,11,5,7,2,0,5,0,0,0,5,11,0,0,0,0,0,0,0,0
1849,L39545,JavaVersionsTests,platform.tooling.support.tests.JavaVersionsTests,L39401,L103,C:\Users\domco\Desktop\DP\repos\junit5\platform-tooling-support-tests\src\test\java\platform\tooling\support\tests\JavaVersionsTests.java,32,1,65,2,0.0,0,0,0,0.0,0.0,0,0,1,0,0,3,6,0,0,10,13,1.0,0.263158,10,3,1,0,0.263158,10,0,0,0,0,0,28,34,0,0,0,0,3,0,0,0,3,11,0,0,0,28,34,0,0,0,0,3,0,0,0,3,11,0,0,0,0,0,4,0,7,4,0,3,0,0,0,0,4,0,0,0,0,0,0,0,0
1850,L39555,ManifestTests,platform.tooling.support.tests.ManifestTests,L39401,L103,C:\Users\domco\Desktop\DP\repos\junit5\platform-tooling-support-tests\src\test\java\platform\tooling\support\tests\ManifestTests.java,37,1,104,2,0.0,0,0,0,0.0,0.0,0,0,1,2,2,7,4,0,0,2,6,1.0,0.0508475,3,3,1,0,0.0508475,3,0,0,0,0,0,56,68,0,0,0,0,4,0,0,0,4,35,0,0,0,56,68,0,0,0,0,4,0,0,0,4,35,0,0,0,0,0,10,2,3,2,0,1,0,0,0,1,10,0,0,0,0,1,0,0,0
1851,L39573,MavenPomFileTests,platform.tooling.support.tests.MavenPomFileTests,L39401,L103,C:\Users\domco\Desktop\DP\repos\junit5\platform-tooling-support-tests\src\test\java\platform\tooling\support\tests\MavenPomFileTests.java,24,1,81,2,0.0,0,0,0,0.0,0.0,0,0,2,0,0,2,2,0,0,1,3,1.0,0.425287,37,3,1,0,0.425287,37,0,0,0,0,0,50,58,0,0,0,0,2,0,0,0,2,6,0,0,0,50,58,0,0,0,0,2,0,0,0,2,6,0,0,0,0,0,3,5,2,2,0,2,1,0,0,2,2,0,1,0,0,0,0,0,0
1852,L39578,MavenStarterTests,platform.tooling.support.tests.MavenStarterTests,L39401,L103,C:\Users\domco\Desktop\DP\repos\junit5\platform-tooling-support-tests\src\test\java\platform\tooling\support\tests\MavenStarterTests.java,29,1,50,2,0.0,0,0,0,0.0,0.0,0,0,1,0,0,1,6,0,0,8,9,1.0,0.344828,10,3,1,0,0.344828,10,0,0,0,0,0,19,22,0,0,0,0,1,0,0,0,1,7,0,0,0,19,22,0,0,0,0,1,0,0,0,1,7,0,0,0,0,0,0,0,6,5,0,1,0,0,0,0,0,0,0,0,0,0,0,0,0
1853,L39582,ModularUserGuideTests,platform.tooling.support.tests.ModularUserGuideTests,L39401,L103,C:\Users\domco\Desktop\DP\repos\junit5\platform-tooling-support-tests\src\test\java\platform\tooling\support\tests\ModularUserGuideTests.java,36,1,186,2,0.0,0,0,0,0.0,0.0,0,0,1,1,1,4,4,0,0,9,12,1.0,0.319277,53,3,1,0,0.319277,53,0,0,0,0,0,113,151,1,0,1,0,3,0,0,0,3,65,0,0,0,113,151,1,0,1,0,3,0,0,0,3,65,0,0,0,0,0,4,5,3,4,0,1,0,0,0,3,4,0,0,0,0,0,0,0,0
1854,L39614,MultiReleaseJarTests,platform.tooling.support.tests.MultiReleaseJarTests,L39401,L103,C:\Users\domco\Desktop\DP\repos\junit5\platform-tooling-support-tests\src\test\java\platform\tooling\support\tests\MultiReleaseJarTests.java,31,1,94,2,0.0,0,0,0,0.0,0.0,0,0,1,0,0,2,5,0,0,8,10,1.0,0.402174,37,3,1,0,0.402174,37,0,0,0,0,0,55,64,0,0,0,0,2,0,0,0,2,14,0,0,0,55,64,0,0,0,0,2,0,0,0,2,14,0,0,0,0,0,0,1,5,4,0,1,0,0,0,1,0,0,0,0,0,0,0,0,0
1855,L39621,PackageCyclesDetectionTests,platform.tooling.support.tests.PackageCyclesDetectionTests,L39401,L103,C:\Users\domco\Desktop\DP\repos\junit5\platform-tooling-support-tests\src\test\java\platform\tooling\support\tests\PackageCyclesDetectionTests.java,26,1,51,2,0.0,0,0,0,0.0,0.0,0,0,2,1,1,5,5,0,0,2,4,1.0,0.153846,4,3,1,0,0.153846,4,0,0,0,0,0,22,26,0,0,0,0,2,0,0,0,2,10,0,0,0,22,26,0,0,0,0,2,0,0,0,2,10,0,0,0,0,0,7,0,2,0,0,1,1,0,0,1,6,0,0,0,0,0,0,0,0
1856,L39629,StandaloneTests,platform.tooling.support.tests.StandaloneTests,L39401,L103,C:\Users\domco\Desktop\DP\repos\junit5\platform-tooling-support-tests\src\test\java\platform\tooling\support\tests\StandaloneTests.java,39,1,133,2,0.0,0,0,0,0.0,0.0,0,0,3,0,0,3,10,0,0,7,10,1.0,0.338583,43,3,1,0,0.338583,43,0,0,0,0,0,84,95,0,0,0,0,3,0,0,0,3,28,0,0,0,84,95,0,0,0,0,3,0,0,0,3,28,0,0,0,0,0,1,4,9,6,0,3,1,0,0,1,0,0,3,0,0,0,0,0,0
1857,L39635,ToolProviderTests,platform.tooling.support.tests.ToolProviderTests,L39401,L103,C:\Users\domco\Desktop\DP\repos\junit5\platform-tooling-support-tests\src\test\java\platform\tooling\support\tests\ToolProviderTests.java,47,1,138,2,0.0,0,0,0,0.0,0.0,0,0,2,3,3,12,4,0,0,6,12,1.0,0.164835,15,3,1,0,0.164835,15,0,0,0,0,0,76,92,1,0,1,0,6,0,0,0,6,36,0,0,0,76,92,1,0,1,0,6,0,0,0,6,36,0,0,0,0,0,13,2,6,3,0,3,1,0,0,2,12,0,0,0,0,0,0,0,0
1858,L39692,VintageGradleIntegrationTests,platform.tooling.support.tests.VintageGradleIntegrationTests,L39401,L103,C:\Users\domco\Desktop\DP\repos\junit5\platform-tooling-support-tests\src\test\java\platform\tooling\support\tests\VintageGradleIntegrationTests.java,31,1,72,2,0.0,0,0,0,0.0,0.0,0,0,1,0,0,3,7,0,0,4,7,0.0,0.270833,13,0,0,1,0.270833,13,0,0,0,0,0,35,42,0,0,0,0,3,0,0,0,3,11,0,0,0,35,42,0,0,0,0,3,0,0,0,3,11,0,0,0,0,0,5,0,3,1,0,2,0,0,0,0,5,0,0,0,0,0,0,0,0
1859,L39700,VintageMavenIntegrationTests,platform.tooling.support.tests.VintageMavenIntegrationTests,L39401,L103,C:\Users\domco\Desktop\DP\repos\junit5\platform-tooling-support-tests\src\test\java\platform\tooling\support\tests\VintageMavenIntegrationTests.java,29,1,72,2,0.0,0,0,0,0.0,0.0,0,0,1,0,0,3,7,0,0,5,8,0.0,0.26,13,0,0,1,0.26,13,0,0,0,0,0,37,44,0,0,0,0,3,0,0,0,3,12,0,0,0,37,44,0,0,0,0,3,0,0,0,3,12,0,0,0,0,0,5,0,3,1,0,2,0,0,0,0,5,0,0,0,0,0,0,0,0
1860,L39430,ArchUnitTests$AllJars,platform.tooling.support.tests.ArchUnitTests$AllJars,L39429,L103,C:\Users\domco\Desktop\DP\repos\junit5\platform-tooling-support-tests\src\test\java\platform\tooling\support\tests\ArchUnitTests.java,90,2,97,3,0.0,0,0,0,0.0,0.0,0,0,1,0,0,1,1,1,0,1,2,0.0,0.0,0,0,0,2,0.0,0,0,0,0,0,0,6,8,0,0,0,0,1,0,1,0,1,1,0,1,0,6,8,0,0,0,0,1,0,1,0,1,1,0,1,0,0,0,5,0,0,0,0,0,0,0,0,0,5,0,0,0,0,0,0,0,0
1861,L39496,JavacModulesTests$Project,platform.tooling.support.tests.JavacModulesTests$Project,L39492,L103,C:\Users\domco\Desktop\DP\repos\junit5\platform-tooling-support-tests\src\test\java\platform\tooling\support\tests\JavacModulesTests.java,45,2,77,3,0.0,0,0,0,0.0,0.0,0,0,0,2,2,5,1,1,0,0,2,0.0,0.0606061,2,0,0,1,0.0606061,2,0,0,0,0,0,31,33,4,1,4,1,2,0,0,0,2,12,0,0,0,31,33,4,1,4,1,2,0,0,0,2,12,0,0,0,0,0,7,3,4,0,0,4,0,0,0,3,7,0,0,0,0,0,0,0,0
