,ID,Name,LongName,Parent,Component,Path,Line,Column,EndLine,EndColumn,CC,CCL,CCO,CI,CLC,CLLC,LDC,LLDC,LCOM5,NL,NLE,WMC,CBO,CBOI,NII,NOI,RFC,AD,CD,CLOC,DLOC,PDA,PUA,TCD,TCLOC,DIT,NOA,NOC,NOD,NOP,LLOC,LOC,NA,NG,NLA,NLG,NLM,NLPA,NLPM,NLS,NM,NOS,NPA,NPM,NS,TLLOC,TLOC,TNA,TNG,TNLA,TNLG,TNLM,TNLPA,TNLPM,TNLS,TNM,TNOS,TNPA,TNPM,TNS,WarningBlocker,WarningCritical,WarningInfo,WarningMajor,WarningMinor,Best Practice Rules,Clone Metric Rules,Code Style Rules,Cohesion Metric Rules,Complexity Metric Rules,Coupling Metric Rules,Design Rules,Documentation Metric Rules,Documentation Rules,Error Prone Rules,Inheritance Metric Rules,Multithreading Rules,Performance Rules,Security Rules,Size Metric Rules,isDefective
0,L269,AssertionsDemo,example.AssertionsDemo,L104,L103,C:\Users\domco\Desktop\DP\repos\junit5\documentation\src\test\java\example\AssertionsDemo.java,27,1,143,2,0.0,0,0,0,0.0,0.0,0,0,10,0,0,10,4,0,0,9,19,0.0,0.292135,26,4,0,1,0.292135,26,0,0,0,0,0,63,117,1,0,1,0,10,0,0,0,10,15,0,0,0,63,117,1,0,1,0,10,0,0,0,10,15,0,0,0,0,0,14,0,28,18,0,10,1,0,0,0,13,0,0,0,0,0,0,0,0
1,L320,AssumptionsDemo,example.AssumptionsDemo,L104,L103,C:\Users\domco\Desktop\DP\repos\junit5\documentation\src\test\java\example\AssumptionsDemo.java,21,1,48,2,0.0,0,0,0,0.0,0.0,0,0,3,0,0,3,3,0,0,4,7,0.0,0.25,6,0,0,1,0.25,6,0,0,0,0,0,18,28,0,0,0,0,3,0,0,0,3,4,0,0,0,18,28,0,0,0,0,3,0,0,0,3,4,0,0,0,0,0,8,2,6,5,0,3,1,0,0,0,7,0,0,0,0,0,0,0,0
2,L335,ConditionalTestExecutionDemo,example.ConditionalTestExecutionDemo,L104,L103,C:\Users\domco\Desktop\DP\repos\junit5\documentation\src\test\java\example\ConditionalTestExecutionDemo.java,41,1,172,2,0.0,0,0,0,0.0,0.0,0,0,16,0,0,16,16,0,0,2,18,0.0,0.294643,33,9,0,1,0.279661,33,0,0,0,0,0,79,126,0,0,0,0,16,0,0,0,16,5,0,0,0,85,132,0,0,0,0,16,0,0,0,16,5,0,0,0,0,0,22,11,19,14,0,16,1,0,1,0,20,0,0,0,0,0,0,0,0
3,L440,CustomTestEngine,example.CustomTestEngine,L104,L103,C:\Users\domco\Desktop\DP\repos\junit5\documentation\src\test\java\example\CustomTestEngine.java,24,1,40,2,0.0,0,0,0,0.0,0.0,0,0,2,0,0,3,6,1,0,2,5,0.25,0.235294,4,4,1,3,0.235294,4,1,1,0,0,1,13,17,0,4,0,1,3,0,3,0,6,2,0,6,0,13,17,0,4,0,1,3,0,3,0,6,2,0,6,0,0,0,10,0,1,0,0,0,1,0,0,0,9,1,0,0,0,0,0,0,0
4,L541,DisabledClassDemo,example.DisabledClassDemo,L104,L103,C:\Users\domco\Desktop\DP\repos\junit5\documentation\src\test\java\example\DisabledClassDemo.java,17,1,22,2,0.0,0,0,0,0.0,0.0,0,0,1,0,0,1,2,0,0,0,1,0.0,0.142857,1,0,0,1,0.142857,1,0,0,0,0,0,6,6,0,0,0,0,1,0,0,0,1,0,0,0,0,6,6,0,0,0,0,1,0,0,0,1,0,0,0,0,0,0,5,1,2,1,0,1,0,0,0,0,5,1,0,0,0,0,0,0,0
5,L547,DisabledTestsDemo,example.DisabledTestsDemo,L104,L103,C:\Users\domco\Desktop\DP\repos\junit5\documentation\src\test\java\example\DisabledTestsDemo.java,17,1,27,2,0.0,0,0,0,0.0,0.0,0,0,2,0,0,2,2,0,0,0,2,0.0,0.1,1,0,0,1,0.1,1,0,0,0,0,0,9,11,0,0,0,0,2,0,0,0,2,0,0,0,0,9,11,0,0,0,0,2,0,0,0,2,0,0,0,0,0,0,8,2,4,2,0,2,1,0,0,0,7,2,0,0,0,0,0,0,0
6,L551,DisplayNameDemo,example.DisplayNameDemo,L104,L103,C:\Users\domco\Desktop\DP\repos\junit5\documentation\src\test\java\example\DisplayNameDemo.java,17,1,35,2,0.0,0,0,0,0.0,0.0,0,0,3,0,0,3,2,0,0,0,3,0.0,0.0625,1,0,0,1,0.0625,1,0,0,0,0,0,15,19,0,0,0,0,3,0,0,0,3,0,0,0,0,15,19,0,0,0,0,3,0,0,0,3,0,0,0,0,0,0,10,3,6,3,0,3,1,0,0,0,9,3,0,0,0,0,0,0,0
7,L559,DocumentationTestSuite,example.DocumentationTestSuite,L104,L103,C:\Users\domco\Desktop\DP\repos\junit5\documentation\src\test\java\example\DocumentationTestSuite.java,32,1,37,2,0.0,0,0,0,0.0,0.0,0,0,0,0,0,0,4,0,0,0,0,1.0,0.684211,13,13,1,0,0.684211,13,0,0,0,0,0,6,6,0,0,0,0,0,0,0,0,0,0,0,0,0,6,6,0,0,0,0,0,0,0,0,0,0,0,0,0,0,0,0,0,0,0,0,0,0,0,0,0,0,0,0,0,0,0,0,0,0
8,L576,DynamicTestsDemo,example.DynamicTestsDemo,L104,L103,C:\Users\domco\Desktop\DP\repos\junit5\documentation\src\test\java\example\DynamicTestsDemo.java,36,1,184,2,0.334764,2,4,4,0.362416,0.342466,54,25,9,0,0,9,5,0,0,2,11,0.0,0.473214,53,1,0,1,0.425197,54,0,0,0,0,0,59,129,0,0,0,0,9,0,0,0,9,12,0,0,0,73,149,2,0,2,0,11,0,2,0,11,15,0,2,0,0,1,36,0,16,7,26,9,1,0,0,0,9,0,1,0,0,0,0,0,0
9,L724,ExternalMethodSourceDemo,example.ExternalMethodSourceDemo,L104,L103,C:\Users\domco\Desktop\DP\repos\junit5\documentation\src\test\java\example\ExternalMethodSourceDemo.java,19,1,26,2,0.0,0,0,0,0.0,0.0,0,0,1,0,0,1,2,0,0,0,1,0.0,0.142857,1,0,0,1,0.142857,1,0,0,0,0,0,6,8,0,0,0,0,1,0,0,0,1,0,0,0,0,6,8,0,0,0,0,1,0,0,0,1,0,0,0,0,0,0,5,0,1,0,0,1,0,0,0,0,5,0,0,0,0,0,0,0,0
10,L734,StringsProviders,example.StringsProviders,L104,L103,C:\Users\domco\Desktop\DP\repos\junit5\documentation\src\test\java\example\ExternalMethodSourceDemo.java,28,1,33,2,0.0,0,0,0,0.0,0.0,0,0,1,0,0,1,0,0,0,0,1,0.0,0.166667,1,0,0,1,0.166667,1,0,0,0,0,0,5,6,0,0,0,0,1,0,0,0,1,1,0,0,0,5,6,0,0,0,0,1,0,0,0,1,1,0,0,0,0,0,5,0,1,0,0,1,0,0,0,0,5,0,0,0,0,0,0,0,0
11,L743,FirstJUnit5Tests,example.FirstJUnit5Tests,L104,L103,C:\Users\domco\Desktop\DP\repos\junit5\documentation\src\test\java\example\FirstJUnit5Tests.java,18,1,25,2,0.0,0,0,0,0.0,0.0,0,0,1,0,0,1,2,0,0,1,2,0.0,0.142857,1,0,0,1,0.142857,1,0,0,0,0,0,6,8,0,0,0,0,1,0,0,0,1,1,0,0,0,6,8,0,0,0,0,1,0,0,0,1,1,0,0,0,0,0,5,0,2,1,0,1,0,0,0,0,5,0,0,0,0,0,0,0,0
12,L746,HamcrestAssertionDemo,example.HamcrestAssertionDemo,L104,L103,C:\Users\domco\Desktop\DP\repos\junit5\documentation\src\test\java\example\HamcrestAssertionDemo.java,20,1,27,2,0.0,0,0,0,0.0,0.0,0,0,1,0,0,1,1,0,0,0,1,0.0,0.142857,1,0,0,1,0.142857,1,0,0,0,0,0,6,8,0,0,0,0,1,0,0,0,1,1,0,0,0,6,8,0,0,0,0,1,0,0,0,1,1,0,0,0,0,0,5,0,2,1,0,1,0,0,0,0,5,0,0,0,0,0,0,0,0
13,L750,JUnit4ClassDemo,example.JUnit4ClassDemo,L104,L103,C:\Users\domco\Desktop\DP\repos\junit5\documentation\src\test\java\example\JUnit4ClassDemo.java,20,1,36,2,0.0,0,0,0,0.0,0.0,0,0,2,0,0,2,4,0,0,1,3,0.0,0.266667,4,1,0,1,0.266667,4,0,0,0,0,0,11,17,0,0,0,0,2,0,0,0,2,1,0,0,0,11,17,0,0,0,0,2,0,0,0,2,1,0,0,0,0,0,2,1,2,1,0,2,1,0,0,0,1,0,0,0,0,0,0,0,0
14,L757,JUnit4SuiteDemo,example.JUnit4SuiteDemo,L104,L103,C:\Users\domco\Desktop\DP\repos\junit5\documentation\src\test\java\example\JUnit4SuiteDemo.java,19,1,26,2,0.0,0,0,0,0.0,0.0,0,0,0,0,0,0,4,0,0,0,0,0.0,0.333333,3,0,0,1,0.333333,3,0,0,0,0,0,6,8,0,0,0,0,0,0,0,0,0,0,0,0,0,6,8,0,0,0,0,0,0,0,0,0,0,0,0,0,0,0,1,0,0,0,0,0,0,0,0,0,1,0,0,0,0,0,0,0,0
15,L762,JUnit4Tests,example.JUnit4Tests,L104,L103,C:\Users\domco\Desktop\DP\repos\junit5\documentation\src\test\java\example\JUnit4Tests.java,15,1,21,2,0.0,0,0,0,0.0,0.0,0,0,1,0,0,1,0,0,0,0,1,0.0,0.166667,1,0,0,2,0.166667,1,0,0,0,0,0,5,7,0,0,0,0,1,0,1,0,1,0,0,1,0,5,7,0,0,0,0,1,0,1,0,1,0,0,1,0,0,0,3,2,0,1,0,0,0,0,0,1,3,0,0,0,0,0,0,0,0
16,L768,ParameterizedTestDemo,example.ParameterizedTestDemo,L104,L103,C:\Users\domco\Desktop\DP\repos\junit5\documentation\src\test\java\example\ParameterizedTestDemo.java,59,1,379,2,0.0,0,0,0,0.0,0.0,0,0,28,2,2,35,26,0,0,16,45,0.0,0.255507,58,53,0,1,0.23741,66,0,0,0,0,0,169,268,0,0,0,0,29,0,0,0,29,42,0,0,0,212,321,1,1,1,1,35,0,4,0,36,49,0,5,0,0,0,50,2,36,6,0,29,1,0,1,0,46,1,2,0,0,0,0,2,0
17,L273,Person,example.Person,L104,L103,C:\Users\domco\Desktop\DP\repos\junit5\documentation\src\test\java\example\Person.java,15,1,91,2,0.0,0,0,0,0.0,0.0,0,0,1,2,2,20,1,3,2,0,9,0.0,0.0,0,0,0,10,0.0,0,0,0,0,0,0,62,74,4,4,4,4,9,0,9,0,9,33,0,9,0,65,77,6,4,6,4,9,2,9,0,9,33,2,9,0,0,0,30,0,8,0,0,7,0,0,0,1,24,0,0,0,0,0,0,6,0
18,L1098,RepeatedTestsDemo,example.RepeatedTestsDemo,L104,L103,C:\Users\domco\Desktop\DP\repos\junit5\documentation\src\test\java\example\RepeatedTestsDemo.java,24,1,67,2,0.0,0,0,0,0.0,0.0,0,0,6,0,0,6,6,0,0,6,12,0.0,0.179487,7,1,0,1,0.179487,7,0,0,0,0,0,32,44,1,0,1,0,6,0,0,0,6,7,0,0,0,32,44,1,0,1,0,6,0,0,0,6,7,0,0,0,0,0,12,0,8,0,0,6,1,0,0,1,11,0,1,0,0,0,0,0,0
19,L1144,SharedResourcesDemo,example.SharedResourcesDemo,L104,L103,C:\Users\domco\Desktop\DP\repos\junit5\documentation\src\test\java\example\SharedResourcesDemo.java,29,1,64,2,0.0,0,0,0,0.0,0.0,0,0,4,0,0,5,8,0,0,2,7,1.0,0.0625,2,1,1,0,0.0625,2,0,0,0,0,0,30,36,1,0,1,0,5,0,0,0,5,8,0,0,0,30,36,1,0,1,0,5,0,0,0,5,8,0,0,0,0,0,13,1,9,3,0,5,1,0,0,0,12,0,2,0,0,0,0,0,0
20,L1183,SlowTests,example.SlowTests,L104,L103,C:\Users\domco\Desktop\DP\repos\junit5\documentation\src\test\java\example\SlowTests.java,22,1,125,2,0.0,0,0,0,0.0,0.0,0,0,1,0,0,20,4,0,0,0,20,0.0,0.0117647,1,0,0,1,0.0117647,1,0,0,0,0,0,84,104,0,0,0,0,20,0,0,0,20,20,0,0,0,84,104,0,0,0,0,20,0,0,0,20,20,0,0,0,0,0,43,19,38,19,0,38,0,0,0,0,43,0,0,0,0,0,0,0,0
21,L1214,StandardTests,example.StandardTests,L104,L103,C:\Users\domco\Desktop\DP\repos\junit5\documentation\src\test\java\example\StandardTests.java,23,1,59,2,0.0,0,0,0,0.0,0.0,0,0,7,0,0,7,8,0,0,1,8,0.0,0.133333,4,1,0,1,0.133333,4,0,0,0,0,0,26,37,0,0,0,0,7,0,0,0,7,1,0,0,0,26,37,0,0,0,0,7,0,0,0,7,1,0,0,0,0,0,16,2,12,2,0,7,1,0,0,0,15,5,0,0,0,0,0,0,0
22,L1230,TaggingDemo,example.TaggingDemo,L104,L103,C:\Users\domco\Desktop\DP\repos\junit5\documentation\src\test\java\example\TaggingDemo.java,17,1,26,2,0.0,0,0,0,0.0,0.0,0,0,1,0,0,1,2,0,0,0,1,0.0,0.111111,1,0,0,1,0.111111,1,0,0,0,0,0,8,10,0,0,0,0,1,0,0,0,1,0,0,0,0,8,10,0,0,0,0,1,0,0,0,1,0,0,0,0,0,0,5,1,2,1,0,1,0,0,0,0,5,1,0,0,0,0,0,0,0
23,L1233,TestInfoDemo,example.TestInfoDemo,L104,L103,C:\Users\domco\Desktop\DP\repos\junit5\documentation\src\test\java\example\TestInfoDemo.java,23,1,48,2,0.0,0,0,0,0.0,0.0,0,0,3,0,0,5,6,0,0,4,8,0.0,0.0454545,1,0,0,1,0.0454545,1,0,0,0,0,0,21,26,0,0,0,0,4,0,0,0,4,5,0,0,0,21,26,0,0,0,0,4,0,0,0,4,5,0,0,0,0,2,12,1,9,8,0,3,1,0,0,0,11,1,0,0,0,0,0,0,0
24,L1245,TestingAStackDemo,example.TestingAStackDemo,L104,L103,C:\Users\domco\Desktop\DP\repos\junit5\documentation\src\test\java\example\TestingAStackDemo.java,27,1,97,2,0.0,0,0,0,0.0,0.0,0,0,1,0,0,1,2,2,0,0,1,0.0,0.1,1,0,0,1,0.0169492,1,0,0,0,0,0,9,12,1,0,1,0,1,0,0,0,1,1,0,0,0,58,71,2,0,2,0,9,0,0,0,9,11,0,0,0,0,0,29,1,19,9,0,11,2,0,0,0,27,0,0,0,0,0,0,0,0
25,L1328,TestReporterDemo,example.TestReporterDemo,L104,L103,C:\Users\domco\Desktop\DP\repos\junit5\documentation\src\test\java\example\TestReporterDemo.java,20,1,49,2,0.0,0,0,0,0.0,0.0,0,0,3,0,0,3,3,0,0,3,6,0.0,0.296296,8,1,0,1,0.296296,8,0,0,0,0,0,19,30,0,0,0,0,3,0,0,0,3,3,0,0,0,19,30,0,0,0,0,3,0,0,0,3,3,0,0,0,0,0,6,3,3,3,0,3,1,0,0,0,5,0,0,0,0,0,0,0,0
26,L1343,TestTemplateDemo,example.TestTemplateDemo,L104,L103,C:\Users\domco\Desktop\DP\repos\junit5\documentation\src\test\java\example\TestTemplateDemo.java,28,1,78,2,0.0,0,0,0,0.0,0.0,0,0,1,0,0,1,4,0,0,1,2,0.0,0.125,1,1,0,1,0.0888889,4,0,0,0,0,0,7,12,0,0,0,0,1,0,0,0,1,1,0,0,0,41,51,0,2,0,2,8,0,6,0,8,8,0,6,0,0,0,30,0,1,0,0,1,2,0,0,0,28,0,0,0,0,0,0,0,0
27,L1456,UsingTheLauncherDemo,example.UsingTheLauncherDemo,L104,L103,C:\Users\domco\Desktop\DP\repos\junit5\documentation\src\test\java\example\UsingTheLauncherDemo.java,31,1,102,2,0.338798,1,2,2,0.305556,0.425532,22,20,3,0,0,3,15,0,0,18,21,1.0,0.265625,17,4,1,0,0.265625,17,0,0,0,0,0,47,72,0,0,0,0,3,0,0,0,3,12,0,0,0,47,72,0,0,0,0,3,0,0,0,3,12,0,0,0,0,0,26,3,3,3,17,3,1,0,2,0,6,0,0,0,0,0,0,0,0
28,L1476,MyTestClass,example.MyTestClass,L104,L103,C:\Users\domco\Desktop\DP\repos\junit5\documentation\src\test\java\example\UsingTheLauncherDemo.java,104,1,105,2,0.0,0,0,0,0.0,0.0,0,0,0,0,0,0,0,1,0,0,0,0.0,0.0,0,0,0,1,0.0,0,0,0,0,0,0,2,2,0,0,0,0,0,0,0,0,0,0,0,0,0,2,2,0,0,0,0,0,0,0,0,0,0,0,0,0,0,0,3,0,1,0,0,0,0,0,0,0,3,0,1,0,0,0,0,0,0
29,L1523,CustomTestExecutionListener,example.CustomTestExecutionListener,L104,L103,C:\Users\domco\Desktop\DP\repos\junit5\documentation\src\test\java\example\UsingTheLauncherDemo.java,107,1,108,2,0.0,0,0,0,0.0,0.0,0,0,0,0,0,0,1,1,0,0,0,0.0,0.0,0,0,0,1,0.0,0,1,1,0,0,1,2,2,0,0,0,0,0,0,0,0,7,0,0,7,0,2,2,0,0,0,0,0,0,0,0,7,0,0,7,0,0,0,3,0,1,0,0,0,0,0,0,0,3,0,1,0,0,0,0,0,0
30,L30604,DefaultPackageTestCase,DefaultPackageTestCase,L30590,L103,C:\Users\domco\Desktop\DP\repos\junit5\junit-jupiter-engine\src\test\java\DefaultPackageTestCase.java,20,1,28,2,0.0,0,0,0,0.0,0.0,0,0,1,0,0,1,2,0,0,0,1,1.0,0.538462,7,6,1,0,0.538462,7,0,0,0,0,0,6,9,0,0,0,0,1,0,0,0,1,0,0,0,0,6,9,0,0,0,0,1,0,0,0,1,0,0,0,0,0,0,0,1,2,1,0,2,0,0,0,0,0,0,0,0,0,0,0,0,0
31,L30608,DefaultPackageTestCase,DefaultPackageTestCase,L30590,L103,C:\Users\domco\Desktop\DP\repos\junit5\platform-tests\src\test\java\DefaultPackageTestCase.java,20,1,28,2,0.0,0,0,0,0.0,0.0,0,0,1,0,0,1,2,0,0,0,1,1.0,0.538462,7,6,1,0,0.538462,7,0,0,0,0,0,6,9,0,0,0,0,1,0,0,0,1,0,0,0,0,6,9,0,0,0,0,1,0,0,0,1,0,0,0,0,0,0,0,1,2,1,0,2,0,0,0,0,0,0,0,0,0,0,0,0,0
32,L30612,FooTests,FooTests,L30590,L103,C:\Users\domco\Desktop\DP\repos\junit5\platform-tooling-support-tests\projects\gradle-missing-engine\src\test\java\FooTests.java,16,1,22,2,0.0,0,0,0,0.0,0.0,0,0,1,0,0,1,2,0,0,1,2,0.0,0.0,0,0,0,1,0.0,0,0,0,0,0,0,6,7,0,0,0,0,1,0,0,0,1,1,0,0,0,6,7,0,0,0,0,1,0,0,0,1,1,0,0,0,0,0,5,0,2,0,0,2,0,0,0,0,5,0,0,0,0,0,0,0,0
33,L30621,JupiterIntegrationTests,integration.JupiterIntegrationTests,L30617,L103,C:\Users\domco\Desktop\DP\repos\junit5\junit-platform-commons-java-9\src\test\java\integration\JupiterIntegrationTests.java,39,1,79,2,0.0,0,0,0,0.0,0.0,0,0,5,0,0,5,16,0,0,15,20,1.0,0.285714,12,9,1,0,0.285714,12,0,0,0,0,0,30,41,0,0,0,0,5,0,0,0,5,12,0,0,0,30,41,0,0,0,0,5,0,0,0,5,12,0,0,0,0,0,13,1,12,8,0,5,1,0,2,0,10,0,0,0,0,0,0,0,0
34,L30631,VintageIntegrationTest,integration.VintageIntegrationTest,L30617,L103,C:\Users\domco\Desktop\DP\repos\junit5\junit-platform-commons-java-9\src\test\java\integration\VintageIntegrationTest.java,26,1,33,2,0.0,0,0,0,0.0,0.0,0,0,1,0,0,1,0,0,0,0,1,0.5,0.6,9,9,1,1,0.6,9,0,0,0,0,0,6,8,0,0,0,0,1,0,1,0,1,1,0,1,0,6,8,0,0,0,0,1,0,1,0,1,1,0,1,0,0,0,3,0,1,1,0,0,0,0,0,0,3,0,0,0,0,0,0,0,0
35,L30644,JupiterIntegration,standalone.JupiterIntegration,L30635,L103,C:\Users\domco\Desktop\DP\repos\junit5\junit-platform-console-standalone\src\test\java\standalone\JupiterIntegration.java,18,1,38,2,0.0,0,0,0,0.0,0.0,0,0,4,0,0,4,4,0,0,2,6,0.0,0.0,0,0,0,1,0.0,0,0,0,0,0,0,17,21,0,0,0,0,4,0,0,0,4,2,0,0,0,17,21,0,0,0,0,4,0,0,0,4,2,0,0,0,0,0,12,4,6,4,0,4,1,0,0,0,11,2,0,0,0,0,0,0,0
36,L30650,JupiterParamsIntegration,standalone.JupiterParamsIntegration,L30635,L103,C:\Users\domco\Desktop\DP\repos\junit5\junit-platform-console-standalone\src\test\java\standalone\JupiterParamsIntegration.java,18,1,25,2,0.0,0,0,0,0.0,0.0,0,0,1,0,0,1,3,0,0,1,2,0.0,0.0,0,0,0,1,0.0,0,0,0,0,0,0,7,8,0,0,0,0,1,0,0,0,1,1,0,0,0,7,8,0,0,0,0,1,0,0,0,1,1,0,0,0,0,0,5,0,1,0,0,1,0,0,0,0,5,0,0,0,0,0,0,0,0
37,L30654,VintageIntegration,standalone.VintageIntegration,L30635,L103,C:\Users\domco\Desktop\DP\repos\junit5\junit-platform-console-standalone\src\test\java\standalone\VintageIntegration.java,21,1,39,2,0.0,0,0,0,0.0,0.0,0,0,3,0,0,3,0,0,0,0,3,0.0,0.0,0,0,0,4,0.0,0,0,0,0,0,0,16,19,0,0,0,0,3,0,3,0,3,3,0,3,0,16,19,0,0,0,0,3,0,3,0,3,3,0,3,0,0,0,10,0,1,1,0,0,1,0,0,0,9,0,0,0,0,0,0,0,0
38,L157,WebClient,example.registration.WebClient,L145,L103,C:\Users\domco\Desktop\DP\repos\junit5\documentation\src\main\java\example\registration\WebClient.java,13,1,19,2,0.0,0,0,0,0.0,0.0,0,0,1,0,0,1,1,1,1,0,1,0.0,0.0,0,0,0,2,0.0,0,0,0,0,0,0,5,7,0,0,0,0,1,0,1,0,1,1,0,1,0,5,7,0,0,0,0,1,0,1,0,1,1,0,1,0,0,0,5,0,0,0,0,0,0,0,0,0,5,0,0,0,0,0,0,0,0
39,L165,WebResponse,example.registration.WebResponse,L145,L103,C:\Users\domco\Desktop\DP\repos\junit5\documentation\src\main\java\example\registration\WebResponse.java,13,1,19,2,0.0,0,0,0,0.0,0.0,0,0,0,0,0,1,0,2,1,0,1,0.0,0.0,0,0,0,2,0.0,0,0,0,0,0,0,5,7,0,1,0,1,1,0,1,0,1,1,0,1,0,5,7,0,1,0,1,1,0,1,0,1,1,0,1,0,0,0,5,0,0,0,0,0,0,0,0,0,5,0,0,0,0,0,0,0,0
40,L178,WebServerExtension,example.registration.WebServerExtension,L145,L103,C:\Users\domco\Desktop\DP\repos\junit5\documentation\src\main\java\example\registration\WebServerExtension.java,16,1,43,2,0.0,0,0,0,0.0,0.0,0,0,2,0,0,3,3,2,2,0,3,0.0,0.0833333,1,0,0,4,0.05,1,2,2,0,0,1,11,17,0,1,0,1,3,0,3,0,3,2,0,3,0,19,28,0,1,0,1,5,0,5,0,5,4,0,5,0,0,0,16,0,0,0,0,0,2,0,0,0,14,0,0,0,0,0,0,0,0
41,L210,DocumentationDemo,example.registration.DocumentationDemo,L145,L103,C:\Users\domco\Desktop\DP\repos\junit5\documentation\src\test\java\example\registration\DocumentationDemo.java,21,1,37,2,0.0,0,0,0,0.0,0.0,0,0,2,0,0,2,2,0,0,1,3,1.0,0.333333,5,1,1,0,0.333333,5,0,0,0,0,0,10,17,1,0,1,0,2,0,0,0,2,1,0,0,0,10,17,1,0,1,0,2,0,0,0,2,1,0,0,0,0,0,1,1,4,1,0,4,1,0,0,0,0,0,0,0,0,0,0,0,0
42,L218,DocumentationExtension,example.registration.DocumentationExtension,L145,L103,C:\Users\domco\Desktop\DP\repos\junit5\documentation\src\test\java\example\registration\DocumentationDemo.java,40,1,58,2,0.0,0,0,0,0.0,0.0,0,0,2,0,0,3,2,1,1,0,3,0.5,0.133333,2,1,1,1,0.133333,2,2,2,0,0,1,13,19,1,0,1,0,3,0,1,0,3,2,0,1,0,13,19,1,0,1,0,3,0,1,0,3,2,0,1,0,0,0,8,1,2,0,0,1,1,0,0,1,7,0,1,0,0,0,0,0,0
43,L246,WebServerDemo,example.registration.WebServerDemo,L145,L103,C:\Users\domco\Desktop\DP\repos\junit5\documentation\src\test\java\example\registration\WebServerDemo.java,19,1,40,2,0.0,0,0,0,0.0,0.0,0,0,0,0,0,1,6,0,0,7,8,1.0,0.428571,9,7,1,0,0.428571,9,0,0,0,0,0,12,22,1,1,1,1,1,0,0,0,1,3,0,0,0,12,22,1,1,1,1,1,0,0,0,1,3,0,0,0,0,0,0,0,3,1,0,2,0,0,0,0,0,0,0,0,0,0,0,0,0
44,L521,StringTests,example.defaultmethods.StringTests,L472,L103,C:\Users\domco\Desktop\DP\repos\junit5\documentation\src\test\java\example\defaultmethods\StringTests.java,14,1,31,2,0.0,0,0,0,0.0,0.0,0,0,3,0,0,3,2,0,0,0,3,0.25,0.176471,3,1,1,3,0.176471,3,2,3,0,0,2,14,18,0,0,0,0,3,0,3,0,9,3,0,9,0,14,18,0,0,0,0,3,0,3,0,9,3,0,9,0,0,0,11,0,0,0,0,0,1,0,0,0,9,0,0,1,0,0,0,0,0
45,L695,IgnoreIOExceptionExtension,example.exception.IgnoreIOExceptionExtension,L691,L103,C:\Users\domco\Desktop\DP\repos\junit5\documentation\src\test\java\example\exception\IgnoreIOExceptionExtension.java,20,1,31,2,0.0,0,0,0,0.0,0.0,0,0,1,1,1,2,2,1,0,0,1,0.5,0.285714,4,2,1,1,0.285714,4,2,2,0,0,1,10,12,0,0,0,0,1,0,1,0,1,3,0,1,0,10,12,0,0,0,0,1,0,1,0,1,3,0,1,0,0,0,3,0,0,0,0,0,0,0,0,0,3,0,0,0,0,0,0,0,0
46,L708,IgnoreIOExceptionTests,example.exception.IgnoreIOExceptionTests,L691,L103,C:\Users\domco\Desktop\DP\repos\junit5\documentation\src\test\java\example\exception\IgnoreIOExceptionTests.java,20,1,33,2,0.0,0,0,0,0.0,0.0,0,0,2,0,0,2,4,0,0,0,2,0.0,0.0,0,0,0,1,0.0,0,0,0,0,0,0,12,14,0,0,0,0,2,0,0,0,2,2,0,0,0,12,14,0,0,0,0,2,0,0,0,2,2,0,0,0,0,0,8,3,2,2,0,2,1,0,0,1,7,0,0,0,0,0,0,0,0
47,L892,ParameterizedTestDemo$MyArgumentsProvider,example.ParameterizedTestDemo$MyArgumentsProvider,L768,L103,C:\Users\domco\Desktop\DP\repos\junit5\documentation\src\test\java\example\ParameterizedTestDemo.java,203,2,211,3,0.0,0,0,0,0.0,0.0,0,0,1,0,0,1,3,1,0,0,1,0.5,0.222222,2,1,1,1,0.222222,2,1,1,0,0,1,7,9,0,0,0,0,1,0,1,0,1,1,0,1,0,7,9,0,0,0,0,1,0,1,0,1,1,0,1,0,0,0,5,0,0,0,0,0,0,0,0,0,5,0,0,0,0,0,0,0,0
48,L937,ParameterizedTestDemo$Book,example.ParameterizedTestDemo$Book,L768,L103,C:\Users\domco\Desktop\DP\repos\junit5\documentation\src\test\java\example\ParameterizedTestDemo.java,248,2,265,3,0.0,0,0,0,0.0,0.0,0,0,1,0,0,3,0,1,1,0,3,0.333333,0.133333,2,2,1,2,0.133333,2,0,0,0,0,0,13,18,1,1,1,1,3,0,2,0,3,3,0,2,0,13,18,1,1,1,1,3,0,2,0,3,3,0,2,0,0,0,9,0,1,0,0,1,0,0,0,0,9,0,0,0,0,0,0,0,0
49,L959,ParameterizedTestDemo$ToStringArgumentConverter,example.ParameterizedTestDemo$ToStringArgumentConverter,L768,L103,C:\Users\domco\Desktop\DP\repos\junit5\documentation\src\test\java\example\ParameterizedTestDemo.java,279,2,288,3,0.0,0,0,0,0.0,0.0,0,0,1,0,0,1,2,1,0,1,2,1.0,0.2,2,1,1,0,0.2,2,2,2,0,0,1,8,10,0,0,0,0,1,0,0,0,2,2,0,1,0,8,10,0,0,0,0,1,0,0,0,2,2,0,1,0,0,0,4,0,0,0,0,0,0,0,0,0,4,0,0,0,0,0,0,0,0
50,L1032,ParameterizedTestDemo$PersonAggregator,example.ParameterizedTestDemo$PersonAggregator,L768,L103,C:\Users\domco\Desktop\DP\repos\junit5\documentation\src\test\java\example\ParameterizedTestDemo.java,339,5,349,6,0.0,0,0,0,0.0,0.0,0,0,1,0,0,1,5,2,0,3,4,0.5,0.166667,2,1,1,1,0.166667,2,1,1,0,0,1,10,11,0,0,0,0,1,0,1,0,1,1,0,1,0,10,11,0,0,0,0,1,0,1,0,1,1,0,1,0,0,0,5,0,0,0,0,0,0,0,0,0,5,0,0,0,0,0,0,0,0
51,L1257,TestingAStackDemo$WhenNew,example.TestingAStackDemo$WhenNew,L1245,L103,C:\Users\domco\Desktop\DP\repos\junit5\documentation\src\test\java\example\TestingAStackDemo.java,38,2,96,3,0.0,0,0,0,0.0,0.0,0,0,4,0,0,4,6,0,0,2,6,0.0,0.0,0,0,0,1,0.0,0,0,0,0,0,0,23,28,0,0,0,0,4,0,0,0,4,4,0,0,0,49,59,1,0,1,0,8,0,0,0,8,10,0,0,0,0,0,24,0,17,8,0,9,2,0,0,0,22,0,0,0,0,0,0,0,0
52,L1292,TestInterfaceDemo,example.testinterface.TestInterfaceDemo,L1286,L103,C:\Users\domco\Desktop\DP\repos\junit5\documentation\src\test\java\example\testinterface\TestInterfaceDemo.java,19,1,27,2,0.0,0,0,0,0.0,0.0,0,0,1,0,0,1,5,0,0,1,2,1.0,0.363636,4,2,1,0,0.363636,4,1,3,0,0,3,7,9,1,0,0,0,1,0,0,0,6,1,1,5,0,7,9,1,0,0,0,1,0,0,0,6,1,1,5,0,0,0,5,0,1,0,0,1,0,0,0,0,2,0,0,1,0,0,0,2,0
53,L1350,TestTemplateDemo$MyTestTemplateInvocationContextProvider,example.TestTemplateDemo$MyTestTemplateInvocationContextProvider,L1343,L103,C:\Users\domco\Desktop\DP\repos\junit5\documentation\src\test\java\example\TestTemplateDemo.java,38,2,76,3,0.0,0,0,0,0.0,0.0,0,0,2,0,0,3,3,1,0,0,3,0.333333,0.166667,3,1,1,2,0.0810811,3,2,2,0,0,1,15,18,0,0,0,0,3,0,2,0,3,3,0,2,0,34,39,0,2,0,2,7,0,6,0,7,7,0,6,0,0,0,25,0,0,0,0,0,2,0,0,0,23,0,0,0,0,0,0,0,0
54,L1325,TimingExtension,example.timing.TimingExtension,L1402,L103,C:\Users\domco\Desktop\DP\repos\junit5\documentation\src\test\java\example\timing\TimingExtension.java,31,1,55,2,0.0,0,0,0,0.0,0.0,0,0,1,0,0,3,5,2,0,5,8,0.333333,0.333333,9,8,1,2,0.333333,9,2,3,0,0,2,18,25,2,1,2,1,3,0,2,0,3,6,0,2,0,18,25,2,1,2,1,3,0,2,0,3,6,0,2,0,0,0,8,0,0,0,0,0,0,0,0,0,7,0,0,1,0,0,0,0,0
55,L1448,TimingExtensionTests,example.timing.TimingExtensionTests,L1402,L103,C:\Users\domco\Desktop\DP\repos\junit5\documentation\src\test\java\example\timing\TimingExtensionTests.java,22,1,35,2,0.0,0,0,0,0.0,0.0,0,0,2,0,0,2,3,0,0,0,2,1.0,0.388889,7,6,1,0,0.388889,7,0,0,0,0,0,11,14,0,0,0,0,2,0,0,0,2,2,0,0,0,11,14,0,0,0,0,2,0,0,0,2,2,0,0,0,0,0,5,4,2,2,0,2,1,0,0,2,4,0,0,0,0,0,0,0,0
56,L1534,ExpectToFail$Extension,extensions.ExpectToFail$Extension,L310,L103,C:\Users\domco\Desktop\DP\repos\junit5\documentation\src\test\java\extensions\ExpectToFail.java,32,2,49,3,0.0,0,0,0,0.0,0.0,0,0,1,0,0,3,6,1,0,6,9,0.0,0.0,0,0,0,3,0.0,0,2,3,0,0,2,14,18,1,1,1,1,3,0,2,0,3,3,0,2,0,14,18,1,1,1,1,3,0,2,0,3,3,0,2,0,0,0,10,0,0,0,0,0,0,0,0,0,9,0,0,1,0,0,0,0,0
57,L30538,AutomaticModuleNameTests,org.junit.AutomaticModuleNameTests,L1553,L103,C:\Users\domco\Desktop\DP\repos\junit5\platform-tests\src\test\java\org\junit\AutomaticModuleNameTests.java,39,1,113,2,0.167213,1,4,1,0.16,0.190476,12,12,2,1,1,7,3,0,0,4,7,1.0,0.125,9,3,1,0,0.125,9,0,0,0,0,0,63,75,1,0,1,0,3,0,0,0,3,22,0,0,0,63,75,1,0,1,0,3,0,0,0,3,22,0,0,0,0,2,20,0,3,3,11,2,1,0,0,0,8,0,0,0,0,0,0,0,0
58,L196,WebServerExtension$Builder,example.registration.WebServerExtension$Builder,L178,L103,C:\Users\domco\Desktop\DP\repos\junit5\documentation\src\main\java\example\registration\WebServerExtension.java,31,2,41,3,0.0,0,0,0,0.0,0.0,0,0,2,0,0,2,1,2,1,0,2,0.0,0.0,0,0,0,3,0.0,0,0,0,0,0,0,8,11,0,0,0,0,2,0,2,0,2,2,0,2,0,8,11,0,0,0,0,2,0,2,0,2,2,0,2,0,0,0,8,0,0,0,0,0,1,0,0,0,7,0,0,0,0,0,0,0,0
59,L652,DynamicTestsDemo$1,example.DynamicTestsDemo$1,L643,L103,C:\Users\domco\Desktop\DP\repos\junit5\documentation\src\test\java\example\DynamicTestsDemo.java,133,55,154,4,0.0,0,0,0,0.0,0.0,0,0,1,0,0,2,0,0,0,0,2,0.0,0.0588235,1,1,0,3,0.0588235,1,0,0,0,0,0,16,22,2,0,2,0,2,0,2,0,2,3,0,2,0,16,22,2,0,2,0,2,0,2,0,2,3,0,2,0,0,1,7,0,0,0,0,0,0,0,0,0,7,0,1,0,0,0,0,0,0
60,L1272,TestingAStackDemo$WhenNew$AfterPushing,example.TestingAStackDemo$WhenNew$AfterPushing,L1257,L103,C:\Users\domco\Desktop\DP\repos\junit5\documentation\src\test\java\example\TestingAStackDemo.java,65,3,95,4,0.0,0,0,0,0.0,0.0,0,0,2,0,0,4,6,0,0,3,7,0.0,0.0,0,0,0,1,0.0,0,0,0,0,0,0,26,31,1,0,1,0,4,0,0,0,4,6,0,0,0,26,31,1,0,1,0,4,0,0,0,4,6,0,0,0,0,0,12,0,12,7,0,5,1,0,0,0,11,0,0,0,0,0,0,0,0
61,L13551,JupiterTestSuite,org.junit.jupiter.JupiterTestSuite,L1837,L103,C:\Users\domco\Desktop\DP\repos\junit5\junit-jupiter-engine\src\test\java\org\junit\jupiter\JupiterTestSuite.java,35,1,40,2,0.0,0,0,0,0.0,0.0,0,0,0,0,0,0,4,0,0,0,0,1.0,0.727273,16,16,1,0,0.727273,16,0,0,0,0,0,6,6,0,0,0,0,0,0,0,0,0,0,0,0,0,6,6,0,0,0,0,0,0,0,0,0,0,0,0,0,0,0,0,0,0,0,0,0,0,0,0,0,0,0,0,0,0,0,0,0,0
62,L22556,AbstractEqualsAndHashCodeTests,org.junit.platform.AbstractEqualsAndHashCodeTests,L16541,L103,C:\Users\domco\Desktop\DP\repos\junit5\platform-tests\src\test\java\org\junit\platform\AbstractEqualsAndHashCodeTests.java,21,1,42,2,0.0,0,0,0,0.0,0.0,0,0,1,0,0,1,0,19,23,0,1,1.0,0.25,6,6,1,0,0.25,6,0,0,11,19,0,18,22,0,0,0,0,1,0,0,0,1,14,0,0,0,18,22,0,0,0,0,1,0,0,0,1,14,0,0,0,0,0,3,0,1,1,0,0,0,0,0,0,2,0,0,1,0,0,0,0,0
63,L28836,JUnitPlatformTestSuite,org.junit.platform.JUnitPlatformTestSuite,L16541,L103,C:\Users\domco\Desktop\DP\repos\junit5\platform-tests\src\test\java\org\junit\platform\JUnitPlatformTestSuite.java,34,1,39,2,0.0,0,0,0,0.0,0.0,0,0,0,0,0,0,4,0,0,0,0,1.0,0.714286,15,15,1,0,0.714286,15,0,0,0,0,0,6,6,0,0,0,0,0,0,0,0,0,0,0,0,0,6,6,0,0,0,0,0,0,0,0,0,0,0,0,0,0,0,0,0,0,0,0,0,0,0,0,0,0,0,0,0,0,0,0,0,0
64,L28839,TestEngineTests,org.junit.platform.TestEngineTests,L16541,L103,C:\Users\domco\Desktop\DP\repos\junit5\platform-tests\src\test\java\org\junit\platform\TestEngineTests.java,33,1,60,2,0.0,0,0,0,0.0,0.0,0,0,1,0,0,1,4,0,0,4,5,1.0,0.5,9,9,1,0,0.28125,9,0,0,0,0,0,9,11,0,0,0,0,1,0,0,0,1,4,0,0,0,23,28,0,4,0,1,4,0,3,0,7,7,0,6,0,0,0,12,0,5,4,0,1,1,0,0,0,11,0,0,0,0,0,0,0,0
65,L30704,Calculator,com.example.project.Calculator,L30661,L103,C:\Users\domco\Desktop\DP\repos\junit5\platform-tooling-support-tests\projects\ant-starter\src\main\java\com\example\project\Calculator.java,13,1,19,2,0.0,0,0,0,0.0,0.0,0,0,1,0,0,1,0,3,6,0,1,0.0,0.0,0,0,0,2,0.0,0,0,0,0,0,0,5,7,0,0,0,0,1,0,1,0,1,1,0,1,0,5,7,0,0,0,0,1,0,1,0,1,1,0,1,0,0,0,5,0,0,0,0,0,0,0,0,0,5,0,0,0,0,0,0,0,0
66,L30709,CalculatorTests,com.example.project.CalculatorTests,L30661,L103,C:\Users\domco\Desktop\DP\repos\junit5\platform-tooling-support-tests\projects\ant-starter\src\test\java\com\example\project\CalculatorTests.java,20,1,41,2,0.555556,1,1,1,0.545455,0.6,12,12,2,0,0,2,6,0,0,3,5,0.0,0.0,0,0,0,1,0.0,0,0,0,0,0,0,20,22,0,0,0,0,2,0,0,0,2,4,0,0,0,20,22,0,0,0,0,2,0,0,0,2,4,0,0,0,0,0,19,0,4,2,11,2,1,0,0,0,7,0,0,0,0,0,0,0,0
67,L30720,Calculator,com.example.project.Calculator,L30661,L103,C:\Users\domco\Desktop\DP\repos\junit5\platform-tooling-support-tests\projects\gradle-starter\src\main\java\com\example\project\Calculator.java,13,1,19,2,0.0,0,0,0,0.0,0.0,0,0,1,0,0,1,0,0,0,0,1,0.0,0.0,0,0,0,3,0.0,0,0,0,0,0,0,5,7,0,0,0,0,1,0,1,0,1,1,0,1,0,5,7,0,0,0,0,1,0,1,0,1,1,0,1,0,0,0,5,0,0,0,0,0,0,0,0,0,5,0,0,0,0,0,0,0,0
68,L30725,CalculatorTests,com.example.project.CalculatorTests,L30661,L103,C:\Users\domco\Desktop\DP\repos\junit5\platform-tooling-support-tests\projects\gradle-starter\src\test\java\com\example\project\CalculatorTests.java,20,1,41,2,0.555556,1,1,1,0.545455,0.6,12,12,2,0,0,2,6,0,0,3,5,0.0,0.0,0,0,0,1,0.0,0,0,0,0,0,0,20,22,0,0,0,0,2,0,0,0,2,4,0,0,0,20,22,0,0,0,0,2,0,0,0,2,4,0,0,0,0,0,19,0,4,2,11,2,1,0,0,0,7,0,0,0,0,0,0,0,0
69,L30732,Calculator,com.example.project.Calculator,L30661,L103,C:\Users\domco\Desktop\DP\repos\junit5\platform-tooling-support-tests\projects\maven-starter\src\main\java\com\example\project\Calculator.java,13,1,19,2,0.0,0,0,0,0.0,0.0,0,0,1,0,0,1,0,0,0,0,1,0.0,0.0,0,0,0,3,0.0,0,0,0,0,0,0,5,7,0,0,0,0,1,0,1,0,1,1,0,1,0,5,7,0,0,0,0,1,0,1,0,1,1,0,1,0,0,0,5,0,0,0,0,0,0,0,0,0,5,0,0,0,0,0,0,0,0
70,L30737,CalculatorTests,com.example.project.CalculatorTests,L30661,L103,C:\Users\domco\Desktop\DP\repos\junit5\platform-tooling-support-tests\projects\maven-starter\src\test\java\com\example\project\CalculatorTests.java,20,1,41,2,0.555556,1,1,1,0.545455,0.6,12,12,2,0,0,2,6,0,0,3,5,0.0,0.0,0,0,0,1,0.0,0,0,0,0,0,0,20,22,0,0,0,0,2,0,0,0,2,4,0,0,0,20,22,0,0,0,0,2,0,0,0,2,4,0,0,0,0,0,19,0,4,2,11,2,1,0,0,0,7,0,0,0,0,0,0,0,0
71,L30762,Helper,platform.tooling.support.Helper,L30746,L103,C:\Users\domco\Desktop\DP\repos\junit5\platform-tooling-support-tests\src\main\java\platform\tooling\support\Helper.java,29,1,97,2,0.185455,1,4,1,0.173913,0.196721,12,12,2,1,1,10,0,4,8,0,5,0.166667,0.140845,10,3,1,5,0.140845,10,0,0,0,0,0,61,69,4,0,4,0,5,0,5,0,5,21,0,5,0,61,69,4,0,4,0,5,0,5,0,5,21,0,5,0,0,3,23,3,1,5,11,0,1,0,0,2,11,0,0,0,0,0,0,0,1.0
72,L30787,Request,platform.tooling.support.Request,L30746,L103,C:\Users\domco\Desktop\DP\repos\junit5\platform-tooling-support-tests\src\main\java\platform\tooling\support\Request.java,33,1,165,2,0.0,0,0,0,0.0,0.0,0,0,2,2,2,11,1,7,6,0,8,0.111111,0.0793651,5,3,1,8,0.045045,5,0,0,0,0,0,58,75,10,6,10,6,8,1,8,0,8,25,1,8,0,106,133,11,6,11,6,17,1,16,5,17,50,1,16,5,0,0,49,1,8,0,0,7,2,0,0,2,40,0,0,0,0,0,0,7,0
73,L30861,HelperTests,platform.tooling.support.HelperTests,L30746,L103,C:\Users\domco\Desktop\DP\repos\junit5\platform-tooling-support-tests\src\test\java\platform\tooling\support\HelperTests.java,22,1,52,2,0.0,0,0,0,0.0,0.0,0,0,2,0,0,2,3,0,0,6,8,0.0,0.325,13,0,0,1,0.325,13,0,0,0,0,0,27,31,0,0,0,0,2,0,0,0,2,6,0,0,0,27,31,0,0,0,0,2,0,0,0,2,6,0,0,0,0,0,4,0,7,5,0,2,1,0,0,0,3,0,0,0,0,0,0,0,0
74,L1374,TestTemplateDemo$MyTestTemplateInvocationContextProvider$1,example.TestTemplateDemo$MyTestTemplateInvocationContextProvider$1,L1369,L103,C:\Users\domco\Desktop\DP\repos\junit5\documentation\src\test\java\example\TestTemplateDemo.java,52,47,74,5,0.0,0,0,0,0.0,0.0,0,0,0,0,0,2,3,0,0,0,2,0.0,0.0,0,0,0,3,0.0,0,1,1,0,0,1,11,12,0,2,0,2,2,0,2,0,2,2,0,2,0,21,23,0,2,0,2,4,0,4,0,4,4,0,4,0,0,0,15,0,0,0,0,0,1,0,0,0,14,0,0,0,0,0,0,0,0
75,L1391,TestTemplateDemo$MyTestTemplateInvocationContextProvider$1$1,example.TestTemplateDemo$MyTestTemplateInvocationContextProvider$1$1,L1377,L103,C:\Users\domco\Desktop\DP\repos\junit5\documentation\src\test\java\example\TestTemplateDemo.java,60,63,72,7,0.0,0,0,0,0.0,0.0,0,0,2,0,0,2,3,0,0,1,3,0.0,0.0,0,0,0,3,0.0,0,2,2,0,0,1,12,13,0,0,0,0,2,0,2,0,2,2,0,2,0,12,13,0,0,0,0,2,0,2,0,2,2,0,2,0,0,0,8,0,0,0,0,0,1,0,0,0,7,0,0,0,0,0,0,0,0
76,L1574,AbstractApiReportWriter,org.junit.api.tools.AbstractApiReportWriter,L1562,L103,C:\Users\domco\Desktop\DP\repos\junit5\documentation\src\test\java\org\junit\api\tools\AbstractApiReportWriter.java,24,1,104,2,0.0,0,0,0,0.0,0.0,0,0,1,1,1,19,2,3,6,2,16,0.333333,0.0882353,6,3,1,2,0.0882353,6,1,1,3,3,1,62,81,1,1,1,1,14,0,2,0,14,26,0,2,0,62,81,1,1,1,1,14,0,2,0,14,26,0,2,0,0,0,29,1,2,1,0,2,0,0,0,0,29,0,0,0,0,0,0,0,0
77,L1580,ApiReport,org.junit.api.tools.ApiReport,L1562,L103,C:\Users\domco\Desktop\DP\repos\junit5\documentation\src\test\java\org\junit\api\tools\ApiReport.java,21,1,40,2,0.0,0,0,0,0.0,0.0,0,0,0,0,0,3,0,5,3,0,3,1.0,0.176471,3,3,1,0,0.176471,3,0,0,0,0,0,14,20,2,2,2,2,3,0,0,0,3,4,0,0,0,14,20,2,2,2,2,3,0,0,0,3,4,0,0,0,0,0,8,0,2,0,0,2,0,0,0,0,8,0,0,0,0,0,0,0,0
78,L1681,ApiReportGenerator,org.junit.api.tools.ApiReportGenerator,L1562,L103,C:\Users\domco\Desktop\DP\repos\junit5\documentation\src\test\java\org\junit\api\tools\ApiReportGenerator.java,33,1,109,2,0.0,0,0,0,0.0,0.0,0,0,1,1,1,4,5,0,0,5,7,0.5,0.365385,19,4,1,1,0.365385,19,0,0,0,0,0,33,77,0,0,0,0,2,0,1,0,2,23,0,1,0,33,77,0,0,0,0,2,0,1,0,2,23,0,1,0,0,0,1,0,2,0,0,1,0,0,0,0,1,0,0,0,0,1,0,0,0
79,L1696,AsciidocApiReportWriter,org.junit.api.tools.AsciidocApiReportWriter,L1562,L103,C:\Users\domco\Desktop\DP\repos\junit5\documentation\src\test\java\org\junit\api\tools\AsciidocApiReportWriter.java,20,1,69,2,0.0,0,0,0,0.0,0.0,0,0,4,0,0,8,2,1,1,2,10,1.0,0.148936,7,3,1,0,0.148936,7,2,2,0,0,1,40,50,2,1,1,0,8,0,0,0,15,10,0,2,0,40,50,2,1,1,0,8,0,0,0,15,10,0,2,0,0,0,17,0,2,0,0,2,1,0,0,0,16,0,0,0,0,0,0,0,0
80,L1778,HtmlApiReportWriter,org.junit.api.tools.HtmlApiReportWriter,L1562,L103,C:\Users\domco\Desktop\DP\repos\junit5\documentation\src\test\java\org\junit\api\tools\HtmlApiReportWriter.java,20,1,74,2,0.0,0,0,0,0.0,0.0,0,0,6,0,0,9,2,0,0,2,11,1.0,0.137255,7,3,1,0,0.137255,7,2,2,0,0,1,44,55,3,1,2,0,9,0,0,0,16,10,0,2,0,44,55,3,1,2,0,9,0,0,0,16,10,0,2,0,0,0,19,0,2,0,0,2,1,0,0,0,18,0,0,0,0,0,0,0,0
81,L1805,MarkdownApiReportWriter,org.junit.api.tools.MarkdownApiReportWriter,L1562,L103,C:\Users\domco\Desktop\DP\repos\junit5\documentation\src\test\java\org\junit\api\tools\MarkdownApiReportWriter.java,21,1,73,2,0.0,0,0,0,0.0,0.0,0,0,4,0,0,9,2,0,0,2,11,1.0,0.163265,8,3,1,0,0.163265,8,2,2,0,0,1,41,53,2,1,1,0,9,0,0,0,16,9,0,2,0,41,53,2,1,1,0,9,0,0,0,16,9,0,2,0,0,0,17,0,2,0,0,2,1,0,0,0,16,0,0,0,0,0,0,0,0
82,L1923,AssertAll,org.junit.jupiter.api.AssertAll,L1846,L103,C:\Users\domco\Desktop\DP\repos\junit5\junit-jupiter-api\src\main\java\org\junit\jupiter\api\AssertAll.java,30,1,81,2,0.0,0,0,0,0.0,0.0,0,0,1,1,1,8,2,1,6,4,11,1.0,0.209302,9,6,1,0,0.209302,9,0,0,0,0,0,34,52,0,0,0,0,7,0,0,0,7,14,0,0,0,34,52,0,0,0,0,7,0,0,0,7,14,0,0,0,0,0,14,1,7,0,0,6,0,0,0,1,14,0,1,0,0,0,0,0,1.0
83,L1974,AssertArrayEquals,org.junit.jupiter.api.AssertArrayEquals,L1846,L103,C:\Users\domco\Desktop\DP\repos\junit5\junit-jupiter-api\src\main\java\org\junit\jupiter\api\AssertArrayEquals.java,31,1,441,2,0.457792,4,43,11,0.394161,0.428571,162,141,1,12,2,112,2,1,33,12,64,1.0,0.0208333,7,6,1,0,0.0208333,7,0,0,0,0,0,329,411,0,0,0,0,52,0,0,0,52,179,0,0,0,329,411,0,0,0,0,52,0,0,0,52,179,0,0,0,0,0,184,0,42,8,74,33,0,3,1,1,104,0,0,0,0,0,0,2,0
84,L2293,AssertDoesNotThrow,org.junit.jupiter.api.AssertDoesNotThrow,L1846,L103,C:\Users\domco\Desktop\DP\repos\junit5\junit-jupiter-api\src\main\java\org\junit\jupiter\api\AssertDoesNotThrow.java,28,1,80,2,0.0,0,0,0,0.0,0.0,0,0,2,1,1,11,3,1,6,4,13,1.0,0.142857,7,6,1,0,0.142857,7,0,0,0,0,0,42,53,0,0,0,0,9,0,0,0,9,14,0,0,0,42,53,0,0,0,0,9,0,0,0,9,14,0,0,0,0,0,19,2,7,0,0,6,1,0,0,1,18,0,2,0,0,0,0,0,0
85,L2342,AssertEquals,org.junit.jupiter.api.AssertEquals,L1846,L103,C:\Users\domco\Desktop\DP\repos\junit5\junit-jupiter-api\src\main\java\org\junit\jupiter\api\AssertEquals.java,28,1,202,2,0.0,0,0,0,0.0,0.0,0,0,2,1,1,53,1,1,30,8,41,1.0,0.047619,7,6,1,0,0.047619,7,0,0,0,0,0,140,175,0,0,0,0,33,0,0,0,33,52,0,0,0,140,175,0,0,0,0,33,0,0,0,33,52,0,0,0,0,0,69,0,31,0,0,30,1,0,0,1,66,0,0,0,0,0,0,2,0
86,L2489,AssertFalse,org.junit.jupiter.api.AssertFalse,L1846,L103,C:\Users\domco\Desktop\DP\repos\junit5\junit-jupiter-api\src\main\java\org\junit\jupiter\api\AssertFalse.java,26,1,62,2,0.0,0,0,0,0.0,0.0,0,0,1,1,1,9,1,1,6,3,10,1.0,0.205882,7,6,1,0,0.205882,7,0,0,0,0,0,27,37,1,0,1,0,7,0,0,0,7,8,0,0,0,27,37,1,0,1,0,7,0,0,0,7,8,0,0,0,0,0,14,0,7,0,0,6,0,0,0,1,14,0,0,0,0,0,0,0,0
87,L2517,Assertions,org.junit.jupiter.api.Assertions,L1846,L103,C:\Users\domco\Desktop\DP\repos\junit5\junit-jupiter-api\src\main\java\org\junit\jupiter\api\Assertions.java,48,1,1660,2,0.0,0,0,0,0.0,0.0,0,0,129,0,0,130,18,312,1534,129,259,1.0,0.725861,1075,1069,130,0,0.725861,1075,0,0,1,1,0,406,1613,0,0,0,0,130,0,129,0,130,134,0,129,0,406,1613,0,0,0,0,130,0,129,0,130,134,0,129,0,0,0,15,0,8,8,0,0,1,1,3,0,0,0,0,0,0,0,0,10,1.0
88,L3322,AssertionUtils,org.junit.jupiter.api.AssertionUtils,L1846,L103,C:\Users\domco\Desktop\DP\repos\junit5\junit-jupiter-api\src\main\java\org\junit\jupiter\api\AssertionUtils.java,27,1,180,2,0.0,0,0,0,0.0,0.0,0,0,10,2,2,48,1,14,49,2,28,1.0,0.112782,15,13,1,0,0.112782,15,0,0,0,0,0,118,154,0,2,0,2,26,0,0,0,26,50,0,0,0,118,154,0,2,0,2,26,0,0,0,26,50,0,0,0,0,0,52,1,21,0,0,20,1,0,0,1,50,0,1,0,0,0,0,1,0
89,L3415,AssertIterableEquals,org.junit.jupiter.api.AssertIterableEquals,L1846,L103,C:\Users\domco\Desktop\DP\repos\junit5\junit-jupiter-api\src\main\java\org\junit\jupiter\api\AssertIterableEquals.java,32,1,134,2,0.0714286,1,3,1,0.0970874,0.113924,10,9,1,2,2,22,1,1,3,5,16,1.0,0.0813954,7,6,1,0,0.0813954,7,0,0,0,0,0,79,103,0,0,0,0,11,0,0,0,11,41,0,0,0,79,103,0,0,0,0,11,0,0,0,11,41,0,0,0,0,0,29,0,4,0,7,3,0,0,0,1,22,0,0,0,0,0,0,0,0
90,L3483,AssertLinesMatch,org.junit.jupiter.api.AssertLinesMatch,L1846,L103,C:\Users\domco\Desktop\DP\repos\junit5\junit-jupiter-api\src\main\java\org\junit\jupiter\api\AssertLinesMatch.java,31,1,177,2,0.0,0,0,0,0.0,0.0,0,0,1,4,4,32,2,1,1,3,11,1.0,0.172932,23,6,1,0,0.172932,23,0,0,0,0,0,110,147,1,0,1,0,8,0,0,0,8,67,0,0,0,110,147,1,0,1,0,8,0,0,0,8,67,0,0,0,0,0,19,0,8,1,0,5,0,3,0,2,16,0,0,0,0,0,0,0,1.0
91,L3551,AssertNotEquals,org.junit.jupiter.api.AssertNotEquals,L1846,L103,C:\Users\domco\Desktop\DP\repos\junit5\junit-jupiter-api\src\main\java\org\junit\jupiter\api\AssertNotEquals.java,26,1,52,2,0.0,0,0,0,0.0,0.0,0,0,1,1,1,7,1,1,3,4,9,1.0,0.259259,7,6,1,0,0.259259,7,0,0,0,0,0,20,27,0,0,0,0,5,0,0,0,5,6,0,0,0,20,27,0,0,0,0,5,0,0,0,5,6,0,0,0,0,0,8,0,4,0,0,3,0,0,0,1,8,0,0,0,0,0,0,0,0
92,L3566,AssertNotNull,org.junit.jupiter.api.AssertNotNull,L1846,L103,C:\Users\domco\Desktop\DP\repos\junit5\junit-jupiter-api\src\main\java\org\junit\jupiter\api\AssertNotNull.java,24,1,49,2,0.0,0,0,0,0.0,0.0,0,0,1,1,1,7,2,1,3,3,8,1.0,0.259259,7,6,1,0,0.259259,7,0,0,0,0,0,20,26,0,0,0,0,5,0,0,0,5,6,0,0,0,20,26,0,0,0,0,5,0,0,0,5,6,0,0,0,0,0,8,0,4,0,0,3,0,0,0,1,8,0,0,0,0,0,0,0,0
93,L3577,AssertNotSame,org.junit.jupiter.api.AssertNotSame,L1846,L103,C:\Users\domco\Desktop\DP\repos\junit5\junit-jupiter-api\src\main\java\org\junit\jupiter\api\AssertNotSame.java,25,1,51,2,0.0,0,0,0,0.0,0.0,0,0,1,1,1,7,1,1,3,3,8,1.0,0.259259,7,6,1,0,0.259259,7,0,0,0,0,0,20,27,0,0,0,0,5,0,0,0,5,6,0,0,0,20,27,0,0,0,0,5,0,0,0,5,6,0,0,0,0,0,8,0,4,0,0,3,0,0,0,1,8,0,0,0,0,0,0,0,0
94,L3592,AssertNull,org.junit.jupiter.api.AssertNull,L1846,L103,C:\Users\domco\Desktop\DP\repos\junit5\junit-jupiter-api\src\main\java\org\junit\jupiter\api\AssertNull.java,25,1,50,2,0.0,0,0,0,0.0,0.0,0,0,1,1,1,7,1,1,3,3,8,1.0,0.259259,7,6,1,0,0.259259,7,0,0,0,0,0,20,26,0,0,0,0,5,0,0,0,5,6,0,0,0,20,26,0,0,0,0,5,0,0,0,5,6,0,0,0,0,0,8,0,4,0,0,3,0,0,0,1,8,0,0,0,0,0,0,0,0
95,L3604,AssertSame,org.junit.jupiter.api.AssertSame,L1846,L103,C:\Users\domco\Desktop\DP\repos\junit5\junit-jupiter-api\src\main\java\org\junit\jupiter\api\AssertSame.java,25,1,51,2,0.0,0,0,0,0.0,0.0,0,0,1,1,1,7,1,1,3,3,8,1.0,0.259259,7,6,1,0,0.259259,7,0,0,0,0,0,20,27,0,0,0,0,5,0,0,0,5,6,0,0,0,20,27,0,0,0,0,5,0,0,0,5,6,0,0,0,0,0,8,0,4,0,0,3,0,0,0,1,8,0,0,0,0,0,0,0,0
96,L3620,AssertThrows,org.junit.jupiter.api.AssertThrows,L1846,L103,C:\Users\domco\Desktop\DP\repos\junit5\junit-jupiter-api\src\main\java\org\junit\jupiter\api\AssertThrows.java,31,1,143,2,0.0,0,0,0,0.0,0.0,0,0,1,2,2,12,6,1,6,8,17,1.0,0.235294,16,15,1,0,0.265306,26,0,0,0,0,0,52,81,0,0,0,0,9,0,0,0,9,17,0,0,0,72,113,1,0,1,0,13,0,3,0,16,22,0,6,0,0,0,22,1,6,0,0,6,1,0,0,0,21,0,1,0,0,0,0,0,1.0
97,L3702,AssertTimeout,org.junit.jupiter.api.AssertTimeout,L1846,L103,C:\Users\domco\Desktop\DP\repos\junit5\junit-jupiter-api\src\main\java\org\junit\jupiter\api\AssertTimeout.java,37,1,159,2,0.0,0,0,0,0.0,0.0,0,0,2,2,2,20,5,1,12,5,20,1.0,0.0744681,7,6,1,0,0.0744681,7,0,0,0,0,0,87,123,0,0,0,0,15,0,0,0,15,32,0,0,0,87,123,0,0,0,0,15,0,0,0,15,32,0,0,0,0,0,31,5,13,2,0,12,1,0,0,1,30,0,3,0,0,0,0,0,0
98,L3802,AssertTrue,org.junit.jupiter.api.AssertTrue,L1846,L103,C:\Users\domco\Desktop\DP\repos\junit5\junit-jupiter-api\src\main\java\org\junit\jupiter\api\AssertTrue.java,26,1,62,2,0.0,0,0,0,0.0,0.0,0,0,1,1,1,9,1,1,6,3,10,1.0,0.205882,7,6,1,0,0.205882,7,0,0,0,0,0,27,37,1,0,1,0,7,0,0,0,7,8,0,0,0,27,37,1,0,1,0,7,0,0,0,7,8,0,0,0,0,0,14,0,7,0,0,6,0,0,0,1,14,0,0,0,0,0,0,0,0
99,L3817,Assumptions,org.junit.jupiter.api.Assumptions,L1846,L103,C:\Users\domco\Desktop\DP\repos\junit5\junit-jupiter-api\src\main\java\org\junit\jupiter\api\Assumptions.java,45,1,259,2,0.0,0,0,0,0.0,0.0,0,0,2,2,2,23,3,11,21,3,19,1.0,0.682243,146,145,15,0,0.682243,146,0,0,1,1,0,68,215,0,0,0,0,16,0,14,0,16,22,0,14,0,68,215,0,0,0,0,16,0,14,0,16,22,0,14,0,0,0,3,1,0,0,0,0,1,0,0,0,2,0,1,0,0,0,0,0,0
100,L4622,DynamicContainer,org.junit.jupiter.api.DynamicContainer,L1846,L103,C:\Users\domco\Desktop\DP\repos\junit5\junit-jupiter-api\src\main\java\org\junit\jupiter\api\DynamicContainer.java,37,1,109,2,0.0,0,0,0,0.0,0.0,0,0,1,0,0,5,2,4,8,2,7,1.0,0.725,58,58,5,0,0.725,58,1,1,0,0,1,22,73,3,3,1,1,5,0,4,0,9,7,0,7,0,22,73,3,3,1,1,5,0,4,0,9,7,0,7,0,0,0,2,0,2,0,0,1,0,0,0,1,2,0,0,0,0,0,0,0,0
101,L686,DynamicNode,org.junit.jupiter.api.DynamicNode,L1846,L103,C:\Users\domco\Desktop\DP\repos\junit5\junit-jupiter-api\src\main\java\org\junit\jupiter\api\DynamicNode.java,30,1,71,2,0.0,0,0,0,0.0,0.0,0,0,1,0,0,4,2,9,6,4,8,0.75,0.521739,24,21,3,1,0.521739,24,0,0,2,2,0,22,42,2,2,2,2,4,0,3,0,4,5,0,3,0,22,42,2,2,2,2,4,0,3,0,4,5,0,3,0,0,0,3,0,1,1,0,0,0,0,0,0,3,0,0,0,0,0,0,0,0
102,L597,DynamicTest,org.junit.jupiter.api.DynamicTest,L1846,L103,C:\Users\domco\Desktop\DP\repos\junit5\junit-jupiter-api\src\main\java\org\junit\jupiter\api\DynamicTest.java,49,1,135,2,0.0,0,0,0,0.0,0.0,0,0,2,0,0,5,4,26,18,2,7,1.0,0.747475,74,72,5,0,0.747475,74,1,1,0,0,1,25,87,3,3,1,1,5,0,4,0,9,9,0,7,0,25,87,3,3,1,1,5,0,4,0,9,9,0,7,0,0,0,3,0,3,0,0,1,1,0,0,1,2,0,1,0,0,0,0,0,0
103,L5384,AssertAllAssertionsTests,org.junit.jupiter.api.AssertAllAssertionsTests,L1846,L103,C:\Users\domco\Desktop\DP\repos\junit5\junit-jupiter-engine\src\test\java\org\junit\jupiter\api\AssertAllAssertionsTests.java,37,1,206,2,0.176471,1,3,3,0.229412,0.173554,39,21,4,1,1,18,6,0,0,12,29,1.0,0.0992366,13,5,1,0,0.0970149,13,0,0,0,0,0,118,167,0,0,0,0,17,0,0,0,17,37,0,0,0,121,170,0,0,0,0,17,0,0,0,17,37,0,0,0,0,1,60,0,31,15,20,16,1,0,0,0,39,0,1,0,0,0,0,0,1.0
104,L5440,AssertArrayEqualsAssertionsTests,org.junit.jupiter.api.AssertArrayEqualsAssertionsTests,L1846,L103,C:\Users\domco\Desktop\DP\repos\junit5\junit-jupiter-engine\src\test\java\org\junit\jupiter\api\AssertArrayEqualsAssertionsTests.java,26,1,1977,2,0.114957,8,43,17,0.125512,0.134615,245,238,122,1,1,283,3,0,0,37,159,1.0,0.00729927,13,5,1,0,0.00729927,13,0,0,0,0,0,1768,1952,0,0,0,0,122,0,0,0,122,824,0,0,0,1768,1952,0,0,0,0,122,0,0,0,122,824,0,0,0,0,0,370,10,260,122,113,138,1,1,1,0,246,0,10,0,0,0,0,8,0
105,L5628,AssertDoesNotThrowAssertionsTests,org.junit.jupiter.api.AssertDoesNotThrowAssertionsTests,L1846,L103,C:\Users\domco\Desktop\DP\repos\junit5\junit-jupiter-engine\src\test\java\org\junit\jupiter\api\AssertDoesNotThrowAssertionsTests.java,29,1,207,2,0.476923,2,12,6,0.407821,0.462585,73,68,12,1,1,26,5,0,0,9,25,1.0,0.0454545,7,7,1,0,0.0454545,7,0,0,0,0,0,147,179,2,0,2,0,16,0,0,0,16,46,0,0,0,147,179,2,0,2,0,16,0,0,0,16,46,0,0,0,0,0,76,6,29,13,41,16,1,0,0,0,34,0,6,0,0,0,0,0,1.0
106,L5662,AssertEqualsAssertionsTests,org.junit.jupiter.api.AssertEqualsAssertionsTests,L1846,L103,C:\Users\domco\Desktop\DP\repos\junit5\junit-jupiter-engine\src\test\java\org\junit\jupiter\api\AssertEqualsAssertionsTests.java,29,1,605,2,0.255149,6,18,12,0.249567,0.261386,144,132,47,1,1,73,6,0,0,36,83,1.0,0.0100402,5,5,1,0,0.00980392,5,0,0,0,0,0,493,563,0,0,0,0,47,0,0,0,47,272,0,0,0,505,577,0,0,0,0,49,0,2,0,49,274,0,2,0,0,1,182,5,97,45,72,50,1,0,1,0,106,0,6,0,0,2,0,2,1.0
107,L5767,AssertFalseAssertionsTests,org.junit.jupiter.api.AssertFalseAssertionsTests,L1846,L103,C:\Users\domco\Desktop\DP\repos\junit5\junit-jupiter-engine\src\test\java\org\junit\jupiter\api\AssertFalseAssertionsTests.java,24,1,105,2,0.668539,5,10,5,0.609756,0.694444,50,50,9,1,1,14,3,0,0,8,17,1.0,0.0649351,5,5,1,0,0.0649351,5,0,0,0,0,0,72,82,0,0,0,0,9,0,0,0,9,28,0,0,0,72,82,0,0,0,0,9,0,0,0,9,28,0,0,0,0,0,56,2,23,7,35,9,1,0,0,0,20,0,9,0,0,0,0,0,0
108,L5784,AssertionTestUtils,org.junit.jupiter.api.AssertionTestUtils,L1846,L103,C:\Users\domco\Desktop\DP\repos\junit5\junit-jupiter-engine\src\test\java\org\junit\jupiter\api\AssertionTestUtils.java,19,1,100,2,0.0,0,0,0,0.0,0.0,0,0,10,1,1,24,0,16,240,0,12,0.0,0.0434783,3,0,0,1,0.0434783,3,0,0,0,0,0,66,82,0,0,0,0,12,0,0,0,12,22,0,0,0,66,82,0,0,0,0,12,0,0,0,12,22,0,0,0,0,0,22,1,12,0,0,11,1,0,0,1,21,0,1,0,0,0,0,0,0
109,L5823,AssertIterableEqualsAssertionsTests,org.junit.jupiter.api.AssertIterableEqualsAssertionsTests,L1846,L103,C:\Users\domco\Desktop\DP\repos\junit5\junit-jupiter-engine\src\test\java\org\junit\jupiter\api\AssertIterableEqualsAssertionsTests.java,31,1,442,2,0.0,0,0,0,0.0,0.0,0,0,28,1,1,57,4,0,0,9,37,1.0,0.0133333,5,5,1,0,0.0133333,5,0,0,0,0,0,370,412,0,0,0,0,28,0,0,0,28,163,0,0,0,370,412,0,0,0,0,28,0,0,0,28,163,0,0,0,0,0,60,4,60,28,0,28,1,0,0,0,58,0,4,0,0,4,0,1,0
110,L5867,AssertLinesMatchAssertionsTests,org.junit.jupiter.api.AssertLinesMatchAssertionsTests,L1846,L103,C:\Users\domco\Desktop\DP\repos\junit5\junit-jupiter-engine\src\test\java\org\junit\jupiter\api\AssertLinesMatchAssertionsTests.java,37,1,223,2,0.338798,2,4,4,0.26738,0.295858,50,50,18,0,0,18,4,0,0,5,23,1.0,0.17561,36,5,1,0,0.17561,36,0,0,0,0,0,169,187,0,0,0,0,18,0,0,0,18,65,0,0,0,169,187,0,0,0,0,18,0,0,0,18,65,0,0,0,0,0,56,8,28,10,29,18,1,0,0,0,26,0,8,0,0,0,0,0,1.0
111,L5897,AssertNotEqualsAssertionsTests,org.junit.jupiter.api.AssertNotEqualsAssertionsTests,L1846,L103,C:\Users\domco\Desktop\DP\repos\junit5\junit-jupiter-engine\src\test\java\org\junit\jupiter\api\AssertNotEqualsAssertionsTests.java,26,1,88,2,0.0,0,0,0,0.0,0.0,0,0,7,1,1,9,4,0,0,7,14,1.0,0.0961538,5,5,1,0,0.0862069,5,0,0,0,0,0,47,56,0,0,0,0,7,0,0,0,7,18,0,0,0,53,63,0,0,0,0,8,0,1,0,8,19,0,1,0,0,1,22,2,15,4,0,7,1,0,0,0,21,0,3,0,0,4,0,0,0
112,L5916,AssertNotNullAssertionsTests,org.junit.jupiter.api.AssertNotNullAssertionsTests,L1846,L103,C:\Users\domco\Desktop\DP\repos\junit5\junit-jupiter-engine\src\test\java\org\junit\jupiter\api\AssertNotNullAssertionsTests.java,26,1,63,2,0.0,0,0,0,0.0,0.0,0,0,4,1,1,6,3,0,0,7,11,1.0,0.131579,5,5,1,0,0.131579,5,0,0,0,0,0,33,38,0,0,0,0,4,0,0,0,4,13,0,0,0,33,38,0,0,0,0,4,0,0,0,4,13,0,0,0,0,0,11,1,7,3,0,4,1,0,0,0,10,0,1,0,0,0,0,0,0
113,L5924,AssertNotSameAssertionsTests,org.junit.jupiter.api.AssertNotSameAssertionsTests,L1846,L103,C:\Users\domco\Desktop\DP\repos\junit5\junit-jupiter-engine\src\test\java\org\junit\jupiter\api\AssertNotSameAssertionsTests.java,26,1,87,2,0.0,0,0,0,0.0,0.0,0,0,7,1,1,10,3,0,0,7,14,1.0,0.0847458,5,5,1,0,0.0847458,5,0,0,0,0,0,54,62,0,0,0,0,7,0,0,0,7,22,0,0,0,54,62,0,0,0,0,7,0,0,0,7,22,0,0,0,0,0,17,1,11,4,0,7,1,0,0,0,16,0,1,0,0,0,0,0,0
114,L5938,AssertNullAssertionsTests,org.junit.jupiter.api.AssertNullAssertionsTests,L1846,L103,C:\Users\domco\Desktop\DP\repos\junit5\junit-jupiter-engine\src\test\java\org\junit\jupiter\api\AssertNullAssertionsTests.java,26,1,78,2,0.0,0,0,0,0.0,0.0,0,0,5,1,1,8,3,0,0,7,12,1.0,0.0961538,5,5,1,0,0.0961538,5,0,0,0,0,0,47,53,0,0,0,0,5,0,0,0,5,21,0,0,0,47,53,0,0,0,0,5,0,0,0,5,21,0,0,0,0,0,13,1,9,4,0,5,1,0,0,0,12,0,1,0,0,0,0,0,0
115,L5948,AssertSameAssertionsTests,org.junit.jupiter.api.AssertSameAssertionsTests,L1846,L103,C:\Users\domco\Desktop\DP\repos\junit5\junit-jupiter-engine\src\test\java\org\junit\jupiter\api\AssertSameAssertionsTests.java,26,1,101,2,0.0,0,0,0,0.0,0.0,0,0,6,1,1,10,3,0,0,7,13,1.0,0.0675676,5,5,1,0,0.0675676,5,0,0,0,0,0,69,76,0,0,0,0,6,0,0,0,6,37,0,0,0,69,76,0,0,0,0,6,0,0,0,6,37,0,0,0,0,0,15,0,14,6,0,6,1,0,0,0,14,0,0,0,0,2,0,0,0
116,L5960,AssertThrowsAssertionsTests,org.junit.jupiter.api.AssertThrowsAssertionsTests,L1846,L103,C:\Users\domco\Desktop\DP\repos\junit5\junit-jupiter-engine\src\test\java\org\junit\jupiter\api\AssertThrowsAssertionsTests.java,36,1,332,2,0.0689655,1,4,2,0.0673401,0.0884956,20,20,18,2,2,33,8,0,0,14,34,1.0,0.1125,27,5,1,0,0.110236,28,0,0,0,0,0,213,281,1,0,1,0,20,0,0,0,20,91,0,0,0,226,297,1,0,1,0,22,0,1,0,22,93,0,1,0,0,0,62,7,40,20,14,20,1,0,0,2,47,0,5,0,0,0,0,0,1.0
117,L6042,AssertTimeoutAssertionsTests,org.junit.jupiter.api.AssertTimeoutAssertionsTests,L1846,L103,C:\Users\domco\Desktop\DP\repos\junit5\junit-jupiter-engine\src\test\java\org\junit\jupiter\api\AssertTimeoutAssertionsTests.java,35,1,289,2,0.202703,1,2,2,0.0941176,0.118343,24,20,22,0,0,26,4,0,0,19,45,1.0,0.0662983,12,12,1,0,0.0662983,12,0,0,0,0,0,169,255,2,0,2,0,26,0,0,0,26,64,0,0,0,169,255,2,0,2,0,26,0,0,0,26,64,0,0,0,0,0,69,10,49,24,15,25,1,0,0,2,52,0,8,0,0,0,0,1,0
118,L6109,AssertTrueAssertionsTests,org.junit.jupiter.api.AssertTrueAssertionsTests,L1846,L103,C:\Users\domco\Desktop\DP\repos\junit5\junit-jupiter-engine\src\test\java\org\junit\jupiter\api\AssertTrueAssertionsTests.java,24,1,105,2,0.668539,5,10,5,0.609756,0.694444,50,50,9,1,1,14,3,0,0,8,17,1.0,0.0649351,5,5,1,0,0.0649351,5,0,0,0,0,0,72,82,0,0,0,0,9,0,0,0,9,28,0,0,0,72,82,0,0,0,0,9,0,0,0,9,28,0,0,0,0,0,56,2,23,7,35,9,1,0,0,0,20,0,9,0,0,0,0,0,0
119,L6124,AssumptionsTests,org.junit.jupiter.api.AssumptionsTests,L1846,L103,C:\Users\domco\Desktop\DP\repos\junit5\junit-jupiter-engine\src\test\java\org\junit\jupiter\api\AssumptionsTests.java,32,1,223,2,0.27907,2,4,4,0.270833,0.33121,52,52,10,1,1,28,5,0,0,20,45,1.0,0.0542169,9,9,1,0,0.0542169,9,0,0,0,0,0,157,192,0,0,0,0,25,0,0,0,25,64,0,0,0,157,192,0,0,0,0,25,0,0,0,25,64,0,0,0,0,0,83,5,24,2,29,22,1,0,0,0,52,0,5,0,0,0,0,1,0
120,L6171,DynamicTestTests,org.junit.jupiter.api.DynamicTestTests,L1846,L103,C:\Users\domco\Desktop\DP\repos\junit5\junit-jupiter-engine\src\test\java\org\junit\jupiter\api\DynamicTestTests.java,34,1,126,2,0.0,0,0,0,0.0,0.0,0,0,7,1,1,10,7,0,0,12,21,1.0,0.038961,3,3,1,0,0.038961,3,0,0,0,0,0,74,93,2,0,2,0,9,0,0,0,9,39,0,0,0,74,93,2,0,2,0,9,0,0,0,9,39,0,0,0,0,0,21,3,10,5,0,5,1,0,0,1,20,0,2,0,0,0,0,0,0
121,L5976,EnigmaThrowable,org.junit.jupiter.api.EnigmaThrowable,L1846,L103,C:\Users\domco\Desktop\DP\repos\junit5\junit-jupiter-engine\src\test\java\org\junit\jupiter\api\EnigmaThrowable.java,20,1,22,2,0.0,0,0,0,0.0,0.0,0,0,0,0,0,0,0,3,0,0,0,1.0,0.7,7,7,1,0,0.7,7,0,0,0,0,0,3,3,0,0,0,0,0,0,0,0,0,0,0,0,0,3,3,0,0,0,0,0,0,0,0,0,0,0,0,0,0,1,0,0,0,0,0,0,0,0,0,0,0,0,1,0,0,0,0,0,0
122,L6215,FailAssertionsTests,org.junit.jupiter.api.FailAssertionsTests,L1846,L103,C:\Users\domco\Desktop\DP\repos\junit5\junit-jupiter-engine\src\test\java\org\junit\jupiter\api\FailAssertionsTests.java,30,1,153,2,0.0,0,0,0,0.0,0.0,0,0,10,2,2,20,3,0,0,10,20,1.0,0.059322,7,5,1,0,0.059322,7,0,0,0,0,0,111,124,0,0,0,0,10,0,0,0,10,46,0,0,0,111,124,0,0,0,0,10,0,0,0,10,46,0,0,0,0,0,23,4,13,4,0,10,1,0,0,0,22,0,3,0,0,0,0,0,0
123,L6239,IterableFactory,org.junit.jupiter.api.IterableFactory,L1846,L103,C:\Users\domco\Desktop\DP\repos\junit5\junit-jupiter-engine\src\test\java\org\junit\jupiter\api\IterableFactory.java,18,1,28,2,0.0,0,0,0,0.0,0.0,0,0,1,0,0,2,0,1,28,0,2,0.0,0.0,0,0,0,1,0.0,0,0,0,0,0,0,8,11,0,0,0,0,2,0,0,1,2,2,0,0,1,8,11,0,0,0,0,2,0,0,1,2,2,0,0,1,0,0,7,0,2,0,0,2,0,0,0,0,7,0,0,0,0,0,0,0,0
124,L6303,Constants,org.junit.jupiter.engine.Constants,L6269,L103,C:\Users\domco\Desktop\DP\repos\junit5\junit-jupiter-engine\src\main\java\org\junit\jupiter\engine\Constants.java,29,1,160,2,0.0,0,0,0,0.0,0.0,0,0,0,0,0,1,0,7,0,0,1,1.0,0.809524,102,101,1,0,0.809524,102,0,0,0,0,0,24,132,10,0,10,0,1,9,0,0,1,0,9,0,0,24,132,10,0,10,0,1,9,0,0,1,0,9,0,0,0,0,6,1,1,0,0,1,0,0,0,0,0,0,1,0,0,0,0,6,0
125,L11444,JupiterTestEngine,org.junit.jupiter.engine.JupiterTestEngine,L6269,L103,C:\Users\domco\Desktop\DP\repos\junit5\junit-jupiter-engine\src\main\java\org\junit\jupiter\engine\JupiterTestEngine.java,38,1,87,2,0.0,0,0,0,0.0,0.0,0,0,3,1,1,7,13,13,7,9,15,0.6,0.234043,11,11,3,2,0.234043,11,2,2,0,0,1,36,50,1,4,1,3,6,1,4,0,10,11,1,6,0,36,50,1,4,1,3,6,1,4,0,10,11,1,6,0,0,0,17,0,0,0,0,0,1,0,1,0,11,0,0,0,0,0,0,4,0
126,L9059,AbstractJupiterTestEngineTests,org.junit.jupiter.engine.AbstractJupiterTestEngineTests,L6269,L103,C:\Users\domco\Desktop\DP\repos\junit5\junit-jupiter-engine\src\test\java\org\junit\jupiter\engine\AbstractJupiterTestEngineTests.java,32,1,71,2,0.0,0,0,0,0.0,0.0,0,0,1,0,0,6,11,34,152,13,19,1.0,0.189189,7,5,1,0,0.189189,7,0,0,34,34,0,30,40,1,0,1,0,6,0,0,0,6,12,0,0,0,30,40,1,0,1,0,6,0,0,0,6,12,0,0,0,0,0,16,0,1,1,0,0,0,0,1,0,14,0,0,1,0,0,0,0,0
127,L12191,AtypicalJvmMethodNameTests,org.junit.jupiter.engine.AtypicalJvmMethodNameTests,L6269,L103,C:\Users\domco\Desktop\DP\repos\junit5\junit-jupiter-engine\src\test\java\org\junit\jupiter\engine\AtypicalJvmMethodNameTests.java,30,1,48,2,0.0,0,0,0,0.0,0.0,0,0,1,0,0,1,6,0,0,5,6,1.0,0.423077,11,7,1,0,0.423077,11,1,1,0,0,1,15,19,1,0,0,0,1,0,0,0,7,6,0,0,0,15,19,1,0,0,0,1,0,0,0,7,6,0,0,0,0,0,2,0,6,5,0,1,0,0,0,0,2,0,0,0,0,0,0,0,0
128,L12199,BeforeAllAndAfterAllComposedAnnotationTests,org.junit.jupiter.engine.BeforeAllAndAfterAllComposedAnnotationTests,L6269,L103,C:\Users\domco\Desktop\DP\repos\junit5\junit-jupiter-engine\src\test\java\org\junit\jupiter\engine\BeforeAllAndAfterAllComposedAnnotationTests.java,33,1,75,2,0.0,0,0,0,0.0,0.0,0,0,1,0,0,1,5,1,0,5,6,1.0,0.411765,7,7,1,0,0.179487,7,1,1,0,0,1,10,17,2,0,1,0,1,0,0,0,7,4,0,0,0,32,43,2,0,1,0,4,0,0,0,10,7,0,0,0,0,0,19,1,6,3,0,4,1,0,0,0,18,0,0,0,0,0,0,0,0
129,L12218,BeforeEachAndAfterEachComposedAnnotationTests,org.junit.jupiter.engine.BeforeEachAndAfterEachComposedAnnotationTests,L6269,L103,C:\Users\domco\Desktop\DP\repos\junit5\junit-jupiter-engine\src\test\java\org\junit\jupiter\engine\BeforeEachAndAfterEachComposedAnnotationTests.java,33,1,75,2,0.0,0,0,0,0.0,0.0,0,0,1,0,0,1,5,1,0,5,6,1.0,0.411765,7,7,1,0,0.179487,7,1,1,0,0,1,10,17,2,0,1,0,1,0,0,0,7,4,0,0,0,32,43,2,0,1,0,4,0,0,0,10,7,0,0,0,0,0,19,1,6,3,0,4,1,0,0,0,18,0,0,0,0,0,0,0,0
130,L12376,DefaultMethodTests,org.junit.jupiter.engine.DefaultMethodTests,L6269,L103,C:\Users\domco\Desktop\DP\repos\junit5\junit-jupiter-engine\src\test\java\org\junit\jupiter\engine\DefaultMethodTests.java,40,1,231,2,0.320197,2,5,5,0.265625,0.291667,51,42,2,0,0,6,11,4,0,7,13,1.0,0.18018,20,6,1,0,0.127273,21,1,1,0,0,1,91,126,6,0,5,0,6,0,0,0,12,25,0,0,0,144,192,6,0,5,0,15,0,7,0,29,38,0,15,0,0,0,73,9,13,5,25,8,2,0,1,4,45,0,5,0,0,0,0,0,0
131,L12437,DisabledTests,org.junit.jupiter.engine.DisabledTests,L6269,L103,C:\Users\domco\Desktop\DP\repos\junit5\junit-jupiter-engine\src\test\java\org\junit\jupiter\engine\DisabledTests.java,28,1,78,2,0.0,0,0,0,0.0,0.0,0,0,1,0,0,2,10,0,0,13,15,1.0,0.2,5,5,1,0,0.139535,6,1,1,0,0,1,20,30,1,0,0,0,2,0,0,0,8,12,0,0,0,37,51,1,0,0,0,5,0,0,0,11,14,0,0,0,0,0,19,2,9,4,0,5,1,0,1,1,17,1,0,0,0,0,0,0,0
132,L12460,DynamicNodeGenerationTests,org.junit.jupiter.engine.DynamicNodeGenerationTests,L6269,L103,C:\Users\domco\Desktop\DP\repos\junit5\junit-jupiter-engine\src\test\java\org\junit\jupiter\engine\DynamicNodeGenerationTests.java,65,1,433,2,0.281169,3,6,6,0.254743,0.272727,94,84,3,0,0,14,13,0,0,27,41,1.0,0.338422,133,6,1,0,0.309417,138,1,1,0,0,1,260,307,1,0,0,0,14,0,0,0,20,47,0,0,0,308,369,3,0,2,0,23,0,0,0,29,56,0,0,0,0,0,85,16,29,6,43,23,2,0,9,0,31,0,16,0,0,0,0,0,0
133,L12506,ExceptionHandlingTests,org.junit.jupiter.engine.ExceptionHandlingTests,L6269,L103,C:\Users\domco\Desktop\DP\repos\junit5\junit-jupiter-engine\src\test\java\org\junit\jupiter\engine\ExceptionHandlingTests.java,57,1,384,2,0.265023,2,5,5,0.204268,0.19685,67,50,4,0,0,14,14,0,0,23,37,1.0,0.254386,58,5,1,0,0.188498,59,1,1,0,0,1,170,231,1,0,0,0,14,0,0,0,20,66,0,0,0,254,328,5,0,4,0,30,0,2,0,36,82,0,2,0,0,0,114,16,43,13,35,34,2,0,13,1,64,4,7,0,0,0,0,0,0
134,L12576,InvalidLifecycleMethodConfigurationTests,org.junit.jupiter.engine.InvalidLifecycleMethodConfigurationTests,L6269,L103,C:\Users\domco\Desktop\DP\repos\junit5\junit-jupiter-engine\src\test\java\org\junit\jupiter\engine\InvalidLifecycleMethodConfigurationTests.java,35,1,132,2,0.0,0,0,0,0.0,0.0,0,0,1,0,0,5,12,0,0,6,11,1.0,0.261905,11,9,1,0,0.190476,16,1,1,0,0,1,31,48,1,0,0,0,5,0,0,0,11,7,0,0,0,68,98,1,0,0,0,14,0,0,0,20,7,0,0,0,0,0,40,5,22,5,0,13,4,0,1,0,35,9,0,0,0,0,0,0,0
135,L12620,JupiterTestEngineBasicTests,org.junit.jupiter.engine.JupiterTestEngineBasicTests,L6269,L103,C:\Users\domco\Desktop\DP\repos\junit5\junit-jupiter-engine\src\test\java\org\junit\jupiter\engine\JupiterTestEngineBasicTests.java,23,1,47,2,0.0,0,0,0,0.0,0.0,0,0,1,0,0,4,4,0,0,5,9,1.0,0.24,6,6,1,0,0.24,6,0,0,0,0,0,19,25,1,0,1,0,4,0,0,0,4,4,0,0,0,19,25,1,0,1,0,4,0,0,0,4,4,0,0,0,0,0,10,0,9,4,0,5,0,0,0,0,10,0,0,0,0,0,0,0,0
136,L12633,MultipleTestableAnnotationsTests,org.junit.jupiter.engine.MultipleTestableAnnotationsTests,L6269,L103,C:\Users\domco\Desktop\DP\repos\junit5\junit-jupiter-engine\src\test\java\org\junit\jupiter\engine\MultipleTestableAnnotationsTests.java,31,1,57,2,0.0,0,0,0,0.0,0.0,0,0,1,0,0,1,7,0,0,6,7,1.0,0.380952,8,6,1,0,0.296296,8,1,1,0,0,1,13,19,1,0,0,0,1,0,0,0,7,2,0,0,0,19,27,1,0,0,0,2,0,0,0,8,2,0,0,0,0,0,7,1,3,1,0,2,0,0,0,0,7,1,0,0,0,0,0,0,0
137,L12646,NestedTestClassesTests,org.junit.jupiter.engine.NestedTestClassesTests,L6269,L103,C:\Users\domco\Desktop\DP\repos\junit5\junit-jupiter-engine\src\test\java\org\junit\jupiter\engine\NestedTestClassesTests.java,33,1,222,2,0.261072,1,2,2,0.115789,0.126761,22,18,2,0,0,5,11,0,0,15,20,1.0,0.140351,8,6,1,0,0.0657895,10,1,1,0,0,1,49,71,1,0,0,0,5,0,0,0,11,26,0,0,0,142,190,7,0,6,0,22,0,0,0,28,37,0,0,0,0,0,94,10,49,19,13,28,6,0,1,0,73,6,0,0,0,6,0,1,1.0
138,L12716,NonVoidTestableMethodIntegrationTests,org.junit.jupiter.engine.NonVoidTestableMethodIntegrationTests,L6269,L103,C:\Users\domco\Desktop\DP\repos\junit5\junit-jupiter-engine\src\test\java\org\junit\jupiter\engine\NonVoidTestableMethodIntegrationTests.java,18,1,42,2,0.0,0,0,0,0.0,0.0,0,0,4,0,0,4,3,0,0,1,5,0.0,0.0,0,0,0,1,0.0,0,0,0,0,0,0,20,25,0,0,0,0,4,0,0,0,4,6,0,0,0,20,25,0,0,0,0,4,0,0,0,4,6,0,0,0,0,0,12,1,5,1,0,4,1,0,0,0,11,1,0,0,0,0,0,0,0
139,L12722,OverloadedTestMethodTests,org.junit.jupiter.engine.OverloadedTestMethodTests,L6269,L103,C:\Users\domco\Desktop\DP\repos\junit5\junit-jupiter-engine\src\test\java\org\junit\jupiter\engine\OverloadedTestMethodTests.java,36,1,101,2,0.347826,1,2,2,0.363636,0.347826,24,16,1,0,0,2,11,0,0,13,15,1.0,0.24,12,6,1,0,0.206897,12,1,1,0,0,1,38,55,1,0,0,0,2,0,0,0,8,18,0,0,0,46,66,1,0,0,0,4,0,0,0,10,18,0,0,0,0,0,31,2,11,7,15,4,1,0,2,0,13,2,0,0,0,0,0,0,0
140,L12744,ReportingTests,org.junit.jupiter.engine.ReportingTests,L6269,L103,C:\Users\domco\Desktop\DP\repos\junit5\junit-jupiter-engine\src\test\java\org\junit\jupiter\engine\ReportingTests.java,33,1,92,2,0.0,0,0,0,0.0,0.0,0,0,1,0,0,1,8,0,0,10,11,1.0,0.214286,3,3,1,0,0.130435,6,1,1,0,0,1,11,17,1,0,0,0,1,0,0,0,7,6,0,0,0,40,60,1,0,0,0,5,0,0,0,11,21,0,0,0,0,0,16,1,7,3,0,5,1,0,0,0,15,0,0,0,0,0,0,0,0
141,L12772,StandardTestClassTests,org.junit.jupiter.engine.StandardTestClassTests,L6269,L103,C:\Users\domco\Desktop\DP\repos\junit5\junit-jupiter-engine\src\test\java\org\junit\jupiter\engine\StandardTestClassTests.java,32,1,242,2,0.0,0,0,0,0.0,0.0,0,0,4,0,0,8,14,0,0,17,25,0.5,0.0657895,5,5,1,1,0.0308642,5,1,1,0,0,1,71,99,1,0,0,0,8,0,1,0,14,44,0,1,0,157,211,6,0,5,0,26,0,1,0,32,61,0,1,0,0,0,78,11,56,16,0,30,6,0,2,2,70,2,12,0,0,5,0,0,0
142,L12831,TestClassInheritanceTests,org.junit.jupiter.engine.TestClassInheritanceTests,L6269,L103,C:\Users\domco\Desktop\DP\repos\junit5\junit-jupiter-engine\src\test\java\org\junit\jupiter\engine\TestClassInheritanceTests.java,37,1,292,2,0.438806,2,4,4,0.179688,0.206186,46,40,3,0,0,6,11,3,0,15,21,1.0,0.0947368,9,5,1,0,0.0717703,15,1,1,0,0,1,86,117,2,0,1,0,6,0,0,0,12,43,0,0,0,194,256,7,0,6,0,29,0,0,0,50,66,0,0,0,0,0,103,13,46,12,27,35,6,0,4,1,66,0,6,0,0,5,0,0,0
143,L12899,TestInstanceLifecycleConfigurationTests,org.junit.jupiter.engine.TestInstanceLifecycleConfigurationTests,L6269,L103,C:\Users\domco\Desktop\DP\repos\junit5\junit-jupiter-engine\src\test\java\org\junit\jupiter\engine\TestInstanceLifecycleConfigurationTests.java,49,1,237,2,0.0,0,0,0,0.0,0.0,0,0,1,0,0,10,13,4,0,7,17,1.0,0.215909,19,11,1,0,0.191083,30,1,1,0,0,1,69,115,3,0,2,0,10,0,0,0,16,22,0,0,0,127,189,3,0,2,0,22,0,0,0,28,34,0,0,0,0,0,55,14,21,12,0,20,4,0,1,0,49,0,3,0,0,0,0,1,0
144,L12966,TestInstanceLifecycleExecutionModeTests,org.junit.jupiter.engine.TestInstanceLifecycleExecutionModeTests,L6269,L103,C:\Users\domco\Desktop\DP\repos\junit5\junit-jupiter-engine\src\test\java\org\junit\jupiter\engine\TestInstanceLifecycleExecutionModeTests.java,30,1,117,2,0.0,0,0,0,0.0,0.0,0,0,1,0,0,4,12,0,0,5,9,0.0,0.102041,5,0,0,1,0.0632911,5,1,1,0,0,1,44,53,1,0,0,0,4,0,0,0,10,24,0,0,0,74,88,1,0,0,0,9,0,0,0,15,24,0,0,0,0,0,33,5,15,8,0,7,0,0,1,0,32,5,0,0,0,0,0,0,0
145,L13011,TestInstanceLifecycleKotlinTests,org.junit.jupiter.engine.TestInstanceLifecycleKotlinTests,L6269,L103,C:\Users\domco\Desktop\DP\repos\junit5\junit-jupiter-engine\src\test\java\org\junit\jupiter\engine\TestInstanceLifecycleKotlinTests.java,33,1,80,2,0.0,0,0,0,0.0,0.0,0,0,1,0,0,2,4,0,0,3,5,1.0,0.38806,26,8,1,0,0.38806,26,1,1,0,0,1,41,48,1,0,0,0,2,0,0,0,8,15,0,0,0,41,48,1,0,0,0,2,0,0,0,8,15,0,0,0,0,0,0,0,8,6,0,2,0,0,0,0,0,0,0,0,0,0,0,0,0
146,L13018,TestInstanceLifecycleTests,org.junit.jupiter.engine.TestInstanceLifecycleTests,L6269,L103,C:\Users\domco\Desktop\DP\repos\junit5\junit-jupiter-engine\src\test\java\org\junit\jupiter\engine\TestInstanceLifecycleTests.java,66,1,977,2,0.371856,5,13,13,0.302632,0.334672,276,250,1,0,0,21,23,10,28,8,29,1.0,0.0505263,24,7,1,0,0.045977,36,1,1,0,0,1,451,546,9,0,8,0,21,0,0,0,27,282,0,0,0,747,912,9,2,8,0,76,0,8,0,103,375,0,10,0,0,0,252,6,173,133,42,44,8,0,10,0,181,0,2,2,0,0,0,9,0
147,L13279,TestTemplateInvocationTests,org.junit.jupiter.engine.TestTemplateInvocationTests,L6269,L103,C:\Users\domco\Desktop\DP\repos\junit5\junit-jupiter-engine\src\test\java\org\junit\jupiter\engine\TestTemplateInvocationTests.java,81,1,789,2,0.15143,3,6,6,0.0874471,0.0964286,62,54,2,0,0,20,18,4,4,28,48,1.0,0.259155,92,3,1,0,0.143731,94,1,1,0,0,1,263,341,1,0,0,0,20,0,0,0,26,65,0,0,0,560,709,6,10,5,7,77,0,34,0,88,122,0,39,0,0,0,262,8,45,5,28,38,14,0,15,0,201,2,8,2,0,0,0,2,0
148,L14077,JupiterMigrationSupportTestSuite,org.junit.jupiter.migrationsupport.JupiterMigrationSupportTestSuite,L13557,L103,C:\Users\domco\Desktop\DP\repos\junit5\junit-jupiter-migrationsupport\src\test\java\org\junit\jupiter\migrationsupport\JupiterMigrationSupportTestSuite.java,34,1,39,2,0.0,0,0,0,0.0,0.0,0,0,0,0,0,0,4,0,0,0,0,1.0,0.714286,15,15,1,0,0.714286,15,0,0,0,0,0,6,6,0,0,0,0,0,0,0,0,0,0,0,0,0,6,6,0,0,0,0,0,0,0,0,0,0,0,0,0,0,0,0,0,0,0,0,0,0,0,0,0,0,0,0,0,0,0,0,0,0
149,L15029,ParameterizedTestExtension,org.junit.jupiter.params.ParameterizedTestExtension,L14080,L103,C:\Users\domco\Desktop\DP\repos\junit5\junit-jupiter-params\src\main\java\org\junit\jupiter\params\ParameterizedTestExtension.java,38,1,145,2,0.0,0,0,0,0.0,0.0,0,0,5,2,2,15,17,2,7,23,31,0.333333,0.0666667,6,3,1,2,0.0666667,6,2,2,0,0,1,84,108,1,1,1,1,8,0,2,0,8,31,0,2,0,84,108,1,1,1,1,8,0,2,0,8,31,0,2,0,0,0,21,3,1,1,0,0,1,0,1,2,19,0,1,0,0,0,0,0,0
150,L15082,ParameterizedTestInvocationContext,org.junit.jupiter.params.ParameterizedTestInvocationContext,L14080,L103,C:\Users\domco\Desktop\DP\repos\junit5\junit-jupiter-params\src\main\java\org\junit\jupiter\params\ParameterizedTestInvocationContext.java,23,1,46,2,0.0,0,0,0,0.0,0.0,0,0,0,0,0,3,5,1,1,2,5,0.333333,0.136364,3,3,1,2,0.136364,3,1,1,0,0,1,19,24,3,2,3,2,3,0,2,0,3,5,0,2,0,19,24,3,2,3,2,3,0,2,0,3,5,0,2,0,0,0,9,1,1,2,0,0,0,0,0,0,9,0,0,0,0,0,0,0,0
151,L15050,ParameterizedTestMethodContext,org.junit.jupiter.params.ParameterizedTestMethodContext,L14080,L103,C:\Users\domco\Desktop\DP\repos\junit5\junit-jupiter-params\src\main\java\org\junit\jupiter\params\ParameterizedTestMethodContext.java,43,1,254,2,0.0,0,0,0,0.0,0.0,0,0,2,3,3,19,8,7,10,6,16,1.0,0.495652,57,57,1,0,0.321053,61,0,0,0,0,0,58,125,2,2,2,2,10,0,0,0,10,28,0,0,0,129,212,8,2,8,2,18,2,3,0,18,44,2,3,0,0,0,51,5,8,2,0,6,1,0,0,4,40,0,0,0,0,1,0,10,0
152,L15062,ParameterizedTestNameFormatter,org.junit.jupiter.params.ParameterizedTestNameFormatter,L14080,L103,C:\Users\domco\Desktop\DP\repos\junit5\junit-jupiter-params\src\main\java\org\junit\jupiter\params\ParameterizedTestNameFormatter.java,28,1,80,2,0.0,0,0,0,0.0,0.0,0,0,1,1,1,7,2,3,11,1,6,1.0,0.2,10,3,1,0,0.2,10,0,0,0,0,0,40,53,2,0,2,0,5,0,0,0,5,16,0,0,0,40,53,2,0,2,0,5,0,0,0,5,16,0,0,0,0,0,8,0,5,3,0,2,0,0,0,0,8,0,0,0,0,0,0,0,1.0
153,L15119,ParameterizedTestParameterResolver,org.junit.jupiter.params.ParameterizedTestParameterResolver,L14080,L103,C:\Users\domco\Desktop\DP\repos\junit5\junit-jupiter-params\src\main\java\org\junit\jupiter\params\ParameterizedTestParameterResolver.java,24,1,66,2,0.0,0,0,0,0.0,0.0,0,0,1,1,1,6,5,1,1,6,9,0.333333,0.222222,8,3,1,2,0.222222,8,2,2,0,0,1,28,43,2,0,2,0,3,0,2,0,3,12,0,2,0,28,43,2,0,2,0,3,0,2,0,3,12,0,2,0,0,0,7,1,1,2,0,0,0,0,0,0,7,0,0,0,0,0,0,0,0
154,L16015,ParameterizedTestExtensionTests,org.junit.jupiter.params.ParameterizedTestExtensionTests,L14080,L103,C:\Users\domco\Desktop\DP\repos\junit5\junit-jupiter-params\src\test\java\org\junit\jupiter\params\ParameterizedTestExtensionTests.java,45,1,300,2,0.12987,1,2,2,0.09375,0.0947368,24,18,2,0,0,10,16,0,0,8,18,1.0,0.115789,11,5,1,0,0.0547264,11,0,0,0,0,0,84,126,2,1,2,1,10,0,0,0,10,31,0,0,0,190,256,3,17,3,14,33,0,17,0,38,48,0,22,0,0,0,117,0,34,11,12,15,1,0,1,0,98,7,0,0,0,1,0,5,0
155,L16122,ParameterizedTestIntegrationTests,org.junit.jupiter.params.ParameterizedTestIntegrationTests,L14080,L103,C:\Users\domco\Desktop\DP\repos\junit5\junit-jupiter-params\src\test\java\org\junit\jupiter\params\ParameterizedTestIntegrationTests.java,66,1,483,2,0.0,0,0,0,0.0,0.0,0,0,1,0,0,18,15,0,0,17,35,1.0,0.220657,47,9,1,0,0.123037,47,0,0,0,0,0,166,209,0,0,0,0,18,0,0,0,18,40,0,0,0,335,418,3,0,3,0,52,0,5,0,52,78,0,5,0,0,0,135,6,64,18,0,45,3,0,2,0,129,1,6,0,0,0,0,1,1.0
156,L16263,ParameterizedTestMethodContextTests,org.junit.jupiter.params.ParameterizedTestMethodContextTests,L14080,L103,C:\Users\domco\Desktop\DP\repos\junit5\junit-jupiter-params\src\test\java\org\junit\jupiter\params\ParameterizedTestMethodContextTests.java,30,1,77,2,0.0,0,0,0,0.0,0.0,0,0,8,0,0,10,8,0,0,4,14,1.0,0.175,7,7,1,0,0.175,7,0,0,0,0,0,33,48,0,0,0,0,10,0,0,0,10,3,0,0,0,33,48,0,0,0,0,10,0,0,0,10,3,0,0,0,0,0,20,0,16,0,0,9,1,0,0,0,18,7,0,0,0,0,0,1,0
157,L16304,ParameterizedTestNameFormatterTests,org.junit.jupiter.params.ParameterizedTestNameFormatterTests,L14080,L103,C:\Users\domco\Desktop\DP\repos\junit5\junit-jupiter-params\src\test\java\org\junit\jupiter\params\ParameterizedTestNameFormatterTests.java,31,1,130,2,0.0,0,0,0,0.0,0.0,0,0,9,0,0,9,6,0,0,6,15,1.0,0.08,6,3,1,0,0.0740741,6,0,0,0,0,0,69,93,0,0,0,0,9,0,0,0,9,30,0,0,0,75,100,0,0,0,0,10,0,1,0,10,31,0,1,0,0,0,26,4,30,21,0,9,1,0,0,1,25,0,3,0,0,0,0,0,1.0
158,L16325,ParameterizedTestSuite,org.junit.jupiter.params.ParameterizedTestSuite,L14080,L103,C:\Users\domco\Desktop\DP\repos\junit5\junit-jupiter-params\src\test\java\org\junit\jupiter\params\ParameterizedTestSuite.java,34,1,39,2,0.0,0,0,0,0.0,0.0,0,0,0,0,0,0,4,0,0,0,0,1.0,0.714286,15,15,1,0,0.714286,15,0,0,0,0,0,6,6,0,0,0,0,0,0,0,0,0,0,0,0,0,6,6,0,0,0,0,0,0,0,0,0,0,0,0,0,0,0,0,0,0,0,0,0,0,0,0,0,0,0,0,0,0,0,0,0,0
159,L16336,AssertionBenchmarks,org.junit.jupiter.jmh.AssertionBenchmarks,L16328,L103,C:\Users\domco\Desktop\DP\repos\junit5\platform-tests\src\jmh\java\org\junit\jupiter\jmh\AssertionBenchmarks.java,22,1,59,2,0.0,0,0,0,0.0,0.0,0,0,7,0,0,7,1,0,0,5,12,0.125,0.142857,5,5,1,7,0.142857,5,0,0,0,0,0,30,38,0,0,0,0,7,0,7,0,7,7,0,7,0,30,38,0,0,0,0,7,0,7,0,7,7,0,7,0,0,0,18,1,0,0,0,0,1,0,0,0,17,0,1,0,0,0,0,0,0
160,L16355,DisabledIfTests,org.junit.jupiter.extensions.DisabledIfTests,L16346,L103,C:\Users\domco\Desktop\DP\repos\junit5\platform-tests\src\test\java\org\junit\jupiter\extensions\DisabledIfTests.java,33,1,163,2,0.0,0,0,0,0.0,0.0,0,0,18,0,0,19,7,0,0,3,22,1.0,0.106195,12,5,1,0,0.131148,16,0,0,0,0,0,101,122,0,1,0,1,19,0,0,0,19,12,0,0,0,106,131,0,1,0,1,19,0,0,0,19,12,0,0,0,0,2,40,8,32,10,0,19,1,0,0,2,39,7,4,0,0,0,0,0,0
161,L16380,EnabledIfTests,org.junit.jupiter.extensions.EnabledIfTests,L16346,L103,C:\Users\domco\Desktop\DP\repos\junit5\platform-tests\src\test\java\org\junit\jupiter\extensions\EnabledIfTests.java,35,1,162,2,0.0,0,0,0,0.0,0.0,0,0,17,0,0,18,6,0,0,3,21,1.0,0.108108,12,5,1,0,0.133333,16,0,0,0,0,0,99,119,0,1,0,1,18,0,0,0,18,15,0,0,0,104,128,0,1,0,1,18,0,0,0,18,15,0,0,0,0,2,38,6,28,9,0,18,1,0,0,0,37,5,4,0,0,0,0,0,0
162,L16410,Heavyweight,org.junit.jupiter.extensions.Heavyweight,L16346,L103,C:\Users\domco\Desktop\DP\repos\junit5\platform-tests\src\test\java\org\junit\jupiter\extensions\Heavyweight.java,26,1,94,2,0.0,0,0,0,0.0,0.0,0,0,3,0,0,3,9,2,0,5,8,0.0,0.0,0,0,0,4,0.196429,11,2,3,0,0,2,18,33,0,0,0,0,3,0,3,0,3,7,0,3,0,45,69,4,0,4,0,8,1,7,0,8,11,1,7,0,0,0,35,0,1,0,0,0,1,0,0,0,24,0,1,2,0,0,0,8,0
163,L16446,HeavyweightAlphaTests,org.junit.jupiter.extensions.HeavyweightAlphaTests,L16346,L103,C:\Users\domco\Desktop\DP\repos\junit5\platform-tests\src\test\java\org\junit\jupiter\extensions\HeavyweightAlphaTests.java,33,1,64,2,0.0,0,0,0,0.0,0.0,0,0,4,0,0,5,10,0,0,4,9,1.0,0.1875,6,6,1,0,0.1875,6,0,0,0,0,0,26,32,1,0,1,0,5,0,0,1,5,6,0,0,1,26,32,1,0,1,0,5,0,0,1,5,6,0,0,1,0,0,13,0,10,5,0,5,1,0,0,0,12,0,0,0,0,0,0,0,0
164,L16465,HeavyweightBetaTests,org.junit.jupiter.extensions.HeavyweightBetaTests,L16346,L103,C:\Users\domco\Desktop\DP\repos\junit5\platform-tests\src\test\java\org\junit\jupiter\extensions\HeavyweightBetaTests.java,30,1,57,2,0.0,0,0,0,0.0,0.0,0,0,3,0,0,4,10,0,0,3,7,1.0,0.206897,6,6,1,0,0.206897,6,0,0,0,0,0,23,28,1,0,1,0,4,0,0,0,4,5,0,0,0,23,28,1,0,1,0,4,0,0,0,4,5,0,0,0,0,0,11,0,8,4,0,4,1,0,0,0,10,0,0,0,0,0,0,0,0
165,L16478,TempDirectory,org.junit.jupiter.extensions.TempDirectory,L16346,L103,C:\Users\domco\Desktop\DP\repos\junit5\platform-tests\src\test\java\org\junit\jupiter\extensions\TempDirectory.java,35,1,111,2,0.0,0,0,0,0.0,0.0,0,0,3,3,2,12,8,4,0,10,17,0.25,0.0612245,3,3,1,3,0.0454545,3,2,3,0,0,2,46,57,1,1,1,1,7,0,3,0,7,17,0,3,0,63,77,1,1,1,1,10,0,5,0,10,21,0,5,0,0,0,31,0,1,0,0,1,1,0,0,0,29,0,0,1,0,0,0,0,1.0
166,L4835,JUnitException,org.junit.platform.commons.JUnitException,L16546,L103,C:\Users\domco\Desktop\DP\repos\junit5\junit-platform-commons\src\main\java\org\junit\platform\commons\JUnitException.java,23,1,36,2,0.0,0,0,0,0.0,0.0,0,0,0,0,0,2,0,47,45,0,2,0.333333,0.375,6,6,1,2,0.375,6,0,0,10,11,0,10,14,1,0,1,0,2,0,2,0,2,2,0,2,0,10,14,1,0,1,0,2,0,2,0,2,2,0,2,0,0,0,5,0,0,0,0,0,0,0,0,0,5,0,0,0,0,0,0,0,0
167,L19509,ConsoleLauncher,org.junit.platform.console.ConsoleLauncher,L19490,L103,C:\Users\domco\Desktop\DP\repos\junit5\junit-platform-console\src\main\java\org\junit\platform\console\ConsoleLauncher.java,37,1,108,2,0.0,0,0,0,0.0,0.0,0,0,1,2,2,9,7,2,5,9,15,0.333333,0.0869565,6,6,1,2,0.0869565,6,0,0,0,0,0,63,72,4,0,4,0,6,0,2,0,6,32,0,2,0,63,72,4,0,4,0,6,0,2,0,6,32,0,2,0,0,1,15,1,5,0,0,5,0,0,0,1,15,0,1,0,0,0,0,0,0
168,L19521,ConsoleLauncherExecutionResult,org.junit.platform.console.ConsoleLauncherExecutionResult,L19490,L103,C:\Users\domco\Desktop\DP\repos\junit5\junit-platform-console\src\main\java\org\junit\platform\console\ConsoleLauncherExecutionResult.java,24,1,82,2,0.0,0,0,0,0.0,0.0,0,0,1,1,1,10,2,6,18,3,10,0.25,0.3,15,15,1,3,0.3,15,0,0,0,0,0,35,59,6,2,6,2,7,0,3,0,7,11,0,3,0,35,59,6,2,6,2,7,0,3,0,7,11,0,3,0,0,0,16,0,8,0,0,5,0,0,0,1,15,0,2,0,0,0,0,1,0
169,L21703,ConsoleDetailsTests,org.junit.platform.console.ConsoleDetailsTests,L19490,L103,C:\Users\domco\Desktop\DP\repos\junit5\platform-tests\src\test\java\org\junit\platform\console\ConsoleDetailsTests.java,53,1,253,2,0.0,0,0,0,0.0,0.0,0,0,1,3,3,11,12,1,1,4,10,1.0,0.141026,11,3,1,0,0.0677966,12,0,0,0,0,0,67,80,0,0,0,0,6,0,0,0,6,31,0,0,0,165,201,3,0,3,0,19,0,1,0,19,68,0,1,0,0,1,60,2,20,1,0,16,4,0,1,0,55,4,2,0,0,0,0,0,0
170,L21800,ConsoleLauncherExecutionResultTests,org.junit.platform.console.ConsoleLauncherExecutionResultTests,L19490,L103,C:\Users\domco\Desktop\DP\repos\junit5\platform-tests\src\test\java\org\junit\platform\console\ConsoleLauncherExecutionResultTests.java,24,1,87,2,0.0,0,0,0,0.0,0.0,0,0,1,0,0,5,4,0,0,4,9,1.0,0.24,12,12,1,0,0.24,12,0,0,0,0,0,38,64,2,0,2,0,5,0,0,0,5,19,0,0,0,38,64,2,0,2,0,5,0,0,0,5,19,0,0,0,0,0,6,0,5,0,0,5,0,0,0,0,6,0,0,0,0,0,0,0,0
171,L21815,ConsoleLauncherIntegrationTests,org.junit.platform.console.ConsoleLauncherIntegrationTests,L19490,L103,C:\Users\domco\Desktop\DP\repos\junit5\platform-tests\src\test\java\org\junit\platform\console\ConsoleLauncherIntegrationTests.java,26,1,71,2,0.0,0,0,0,0.0,0.0,0,0,5,0,0,5,4,0,0,6,11,1.0,0.230769,12,3,1,0,0.230769,12,0,0,0,0,0,40,46,0,0,0,0,5,0,0,0,5,13,0,0,0,40,46,0,0,0,0,5,0,0,0,5,13,0,0,0,0,0,9,1,19,14,0,5,1,0,0,0,8,0,1,0,0,0,0,0,0
172,L21829,ConsoleLauncherTests,org.junit.platform.console.ConsoleLauncherTests,L19490,L103,C:\Users\domco\Desktop\DP\repos\junit5\platform-tests\src\test\java\org\junit\platform\console\ConsoleLauncherTests.java,29,1,72,2,0.607735,1,2,2,0.5,0.5625,22,18,1,0,0,3,6,0,0,6,9,1.0,0.0857143,3,3,1,0,0.0857143,3,0,0,0,0,0,32,44,1,0,1,0,3,0,0,0,3,20,0,0,0,32,44,1,0,1,0,3,0,0,0,3,20,0,0,0,0,0,23,0,6,3,15,3,0,0,0,0,8,0,0,0,0,0,0,0,0
173,L21776,ConsoleLauncherWrapper,org.junit.platform.console.ConsoleLauncherWrapper,L19490,L103,C:\Users\domco\Desktop\DP\repos\junit5\platform-tests\src\test\java\org\junit\platform\console\ConsoleLauncherWrapper.java,32,1,82,2,0.0,0,0,0,0.0,0.0,0,0,1,1,1,8,6,2,6,5,11,0.25,0.122449,6,3,1,3,0.122449,6,0,0,0,0,0,43,51,4,0,4,0,6,0,3,0,6,18,0,3,0,43,51,4,0,4,0,6,0,3,0,6,18,0,3,0,0,0,15,0,0,0,0,0,0,0,0,0,15,0,0,0,0,0,0,0,0
174,L21781,ConsoleLauncherWrapperResult,org.junit.platform.console.ConsoleLauncherWrapperResult,L19490,L103,C:\Users\domco\Desktop\DP\repos\junit5\platform-tests\src\test\java\org\junit\platform\console\ConsoleLauncherWrapperResult.java,22,1,154,2,0.0,0,0,0,0.0,0.0,0,0,1,1,1,21,3,3,4,20,40,0.0526316,0.026087,3,3,1,18,0.026087,3,1,1,0,0,1,112,133,6,16,6,16,20,0,18,0,20,44,0,18,0,112,133,6,16,6,16,20,0,18,0,20,44,0,18,0,0,0,48,1,5,1,0,5,0,0,0,0,43,0,0,0,0,0,0,5,0
175,L22051,CompositeFilter<T extends Object>,org.junit.platform.engine.CompositeFilter,L22019,L103,C:\Users\domco\Desktop\DP\repos\junit5\junit-platform-engine\src\main\java\org\junit\platform\engine\CompositeFilter.java,30,1,90,2,0.0,0,0,0,0.0,0.0,0,0,2,0,0,5,3,2,2,2,7,0.25,0.27451,14,7,1,3,0.237288,14,1,1,0,0,1,37,52,4,0,4,0,5,0,3,0,8,5,0,6,0,45,61,4,0,4,0,7,0,5,0,13,7,0,11,0,0,0,19,0,2,0,0,2,2,0,0,0,17,0,0,0,0,0,0,0,0
176,L469,ExecutionRequest,org.junit.platform.engine.ExecutionRequest,L22019,L103,C:\Users\domco\Desktop\DP\repos\junit5\junit-platform-engine\src\main\java\org\junit\platform\engine\ExecutionRequest.java,30,1,75,2,0.0,0,0,0,0.0,0.0,0,0,0,0,0,4,3,21,15,0,4,0.8,0.56,28,28,4,1,0.56,28,0,0,0,0,0,22,46,3,3,3,3,4,0,4,0,4,6,0,4,0,22,46,3,3,3,3,4,0,4,0,4,6,0,4,0,0,0,3,0,0,0,0,0,0,0,0,0,3,0,0,0,0,0,0,0,0
177,L22063,FilterResult,org.junit.platform.engine.FilterResult,L22019,L103,C:\Users\domco\Desktop\DP\repos\junit5\junit-platform-engine\src\main\java\org\junit\platform\engine\FilterResult.java,26,1,113,2,0.0,0,0,0,0.0,0.0,0,0,1,0,0,10,1,20,29,3,12,0.888889,0.530864,43,41,8,1,0.530864,43,0,0,0,0,0,38,88,2,1,2,1,9,0,8,0,9,10,0,8,0,38,88,2,1,2,1,9,0,8,0,9,10,0,8,0,0,0,5,0,4,0,0,2,0,0,0,1,5,0,1,0,0,0,0,0,0
178,L20061,TestExecutionResult,org.junit.platform.engine.TestExecutionResult,L22019,L103,C:\Users\domco\Desktop\DP\repos\junit5\junit-platform-engine\src\main\java\org\junit\platform\engine\TestExecutionResult.java,32,1,121,2,0.0,0,0,0,0.0,0.0,0,0,2,0,0,7,3,50,61,4,11,0.857143,0.5,32,30,6,1,0.559524,47,0,0,0,0,0,32,70,3,2,3,2,7,0,6,0,7,8,0,6,0,37,90,6,2,6,2,7,3,6,0,7,8,3,6,0,0,0,12,0,1,0,0,0,1,0,0,1,5,0,0,0,0,0,0,6,0
179,L6514,TestTag,org.junit.platform.engine.TestTag,L22019,L103,C:\Users\domco\Desktop\DP\repos\junit5\junit-platform-engine\src\main\java\org\junit\platform\engine\TestTag.java,35,1,153,2,0.0,0,0,0,0.0,0.0,0,0,1,1,1,13,3,24,13,3,11,0.571429,0.598291,70,67,4,3,0.598291,70,0,0,0,0,0,47,119,3,1,3,1,8,1,6,0,8,15,1,6,0,47,119,3,1,3,1,8,1,6,0,8,15,1,6,0,0,0,15,0,1,1,0,0,0,0,0,0,11,0,0,0,0,0,0,4,0
180,L456,UniqueId,org.junit.platform.engine.UniqueId,L22019,L103,C:\Users\domco\Desktop\DP\repos\junit5\junit-platform-engine\src\main\java\org\junit\platform\engine\UniqueId.java,36,1,278,2,0.200803,2,6,2,0.0987654,0.191304,24,22,3,1,1,20,4,126,216,6,21,0.833333,0.534162,86,86,10,2,0.477273,105,0,0,0,0,0,75,178,4,3,4,3,15,0,11,0,15,30,0,11,0,115,243,7,5,7,5,21,0,16,0,21,44,0,16,0,0,0,40,0,6,0,21,3,1,0,0,1,18,0,2,0,0,0,0,0,0
181,L25006,UniqueIdFormat,org.junit.platform.engine.UniqueIdFormat,L22019,L103,C:\Users\domco\Desktop\DP\repos\junit5\junit-platform-engine\src\main\java\org\junit\platform\engine\UniqueIdFormat.java,37,1,160,2,0.0,0,0,0,0.0,0.0,0,0,2,2,2,17,4,6,11,8,20,1.0,0.176991,20,15,1,0,0.176991,20,0,0,0,0,0,93,124,8,1,8,1,12,0,0,0,12,45,0,0,0,93,124,8,1,8,1,12,0,0,0,12,45,0,0,0,0,0,24,0,9,0,0,9,1,0,0,0,22,0,0,0,0,0,0,1,0
182,L25385,FilterCompositionTests,org.junit.platform.engine.FilterCompositionTests,L22019,L103,C:\Users\domco\Desktop\DP\repos\junit5\platform-tests\src\test\java\org\junit\platform\engine\FilterCompositionTests.java,31,1,74,2,0.0,0,0,0,0.0,0.0,0,0,4,0,0,4,6,0,0,10,14,1.0,0.170732,7,7,1,0,0.170732,7,0,0,0,0,0,34,44,0,0,0,0,4,0,0,0,4,20,0,0,0,34,44,0,0,0,0,4,0,0,0,4,20,0,0,0,0,0,11,0,18,14,0,4,1,0,0,0,10,0,0,0,0,0,0,0,0
183,L25406,TestDescriptorTests,org.junit.platform.engine.TestDescriptorTests,L22019,L103,C:\Users\domco\Desktop\DP\repos\junit5\platform-tests\src\test\java\org\junit\platform\engine\TestDescriptorTests.java,22,1,38,2,0.0,0,0,0,0.0,0.0,0,0,2,0,0,2,5,0,0,6,8,1.0,0.1875,3,3,1,0,0.1875,3,0,0,0,0,0,13,17,0,0,0,0,2,0,0,0,2,5,0,0,0,13,17,0,0,0,0,2,0,0,0,2,5,0,0,0,0,0,7,1,4,2,0,2,1,0,0,0,6,0,1,0,0,0,0,0,0
184,L25411,TestTagTests,org.junit.platform.engine.TestTagTests,L22019,L103,C:\Users\domco\Desktop\DP\repos\junit5\platform-tests\src\test\java\org\junit\platform\engine\TestTagTests.java,29,1,106,2,0.0,0,0,0,0.0,0.0,0,0,7,0,0,8,4,0,0,12,20,1.0,0.17284,14,5,1,0,0.17284,14,0,0,0,0,0,67,78,0,0,0,0,8,0,0,0,8,22,0,0,0,67,78,0,0,0,0,8,0,0,0,8,22,0,0,0,0,0,17,2,16,11,0,5,1,0,0,0,16,0,2,0,0,0,0,0,0
185,L25429,UniqueIdFormatTests,org.junit.platform.engine.UniqueIdFormatTests,L22019,L103,C:\Users\domco\Desktop\DP\repos\junit5\platform-tests\src\test\java\org\junit\platform\engine\UniqueIdFormatTests.java,25,1,141,2,0.0,0,0,0,0.0,0.0,0,0,1,0,0,1,2,1,2,3,4,1.0,0.4,4,4,1,0,0.0444444,4,0,0,0,0,0,6,14,0,0,0,0,1,0,0,0,1,2,0,0,0,86,117,4,9,4,9,16,0,12,0,22,28,0,18,0,0,0,46,0,9,6,0,3,0,0,0,0,45,0,0,0,0,0,0,1,0
186,L25473,UniqueIdTests,org.junit.platform.engine.UniqueIdTests,L22019,L103,C:\Users\domco\Desktop\DP\repos\junit5\platform-tests\src\test\java\org\junit\platform\engine\UniqueIdTests.java,34,1,267,2,0.0,0,0,0,0.0,0.0,0,0,1,0,0,1,2,2,6,3,4,1.0,0.461538,6,6,1,0,0.0319149,6,0,0,0,0,0,7,14,1,0,1,0,1,0,0,0,1,2,0,0,0,182,234,2,0,2,0,24,0,0,0,24,95,0,0,0,0,0,65,8,40,20,0,23,4,0,0,1,61,0,4,0,0,0,0,0,0
187,L21302,EngineFilter,org.junit.platform.launcher.EngineFilter,L25519,L103,C:\Users\domco\Desktop\DP\repos\junit5\junit-platform-launcher\src\main\java\org\junit\platform\launcher\EngineFilter.java,41,1,162,2,0.0,0,0,0,0.0,0.0,0,0,1,1,1,9,5,11,13,5,13,0.714286,0.565217,65,59,5,2,0.528455,65,1,1,0,0,1,50,109,2,0,2,0,8,0,6,0,12,15,0,10,0,58,122,5,0,5,0,9,2,6,0,13,16,2,10,0,0,0,20,0,4,0,0,3,0,0,0,1,14,0,0,0,0,0,0,6,0
188,L26571,LauncherConstants,org.junit.platform.launcher.LauncherConstants,L25519,L103,C:\Users\domco\Desktop\DP\repos\junit5\junit-platform-launcher\src\main\java\org\junit\platform\launcher\LauncherConstants.java,24,1,96,2,0.0,0,0,0,0.0,0.0,0,0,0,0,0,1,0,4,0,0,1,1.0,0.84507,60,59,1,0,0.84507,60,0,0,0,0,0,11,73,6,0,6,0,1,6,0,0,1,0,6,0,0,11,73,6,0,6,0,1,6,0,0,1,0,6,0,0,0,0,5,0,1,0,0,0,0,0,0,1,0,0,0,0,0,0,0,5,0
189,L27463,TagFilter,org.junit.platform.launcher.TagFilter,L25519,L103,C:\Users\domco\Desktop\DP\repos\junit5\junit-platform-launcher\src\main\java\org\junit\platform\launcher\TagFilter.java,48,1,151,2,0.0,0,0,0,0.0,0.0,0,0,2,0,0,8,6,4,17,5,13,1.0,0.688073,75,74,5,0,0.688073,75,0,0,0,0,0,34,104,0,0,0,0,8,0,4,0,8,11,0,4,0,34,104,0,0,0,0,8,0,4,0,8,11,0,4,0,0,0,7,0,0,0,0,0,1,0,0,0,6,0,0,0,0,0,0,0,0
190,L12732,TestIdentifier,org.junit.platform.launcher.TestIdentifier,L25519,L103,C:\Users\domco\Desktop\DP\repos\junit5\junit-platform-launcher\src\main\java\org\junit\platform\launcher\TestIdentifier.java,38,1,219,2,0.0,0,0,0,0.0,0.0,0,0,1,1,1,15,7,41,69,14,28,0.785714,0.5,86,84,11,3,0.5,86,0,0,0,0,0,86,182,8,7,8,7,14,0,13,0,14,32,0,13,0,86,182,8,7,8,7,14,0,13,0,14,32,0,13,0,0,0,14,0,1,0,0,0,0,0,0,1,11,0,0,0,0,0,0,3,0
191,L1486,TestPlan,org.junit.platform.launcher.TestPlan,L25519,L103,C:\Users\domco\Desktop\DP\repos\junit5\junit-platform-launcher\src\main\java\org\junit\platform\launcher\TestPlan.java,54,1,203,2,0.0,0,0,0,0.0,0.0,0,0,2,1,1,14,5,36,91,5,16,0.909091,0.557692,87,87,10,1,0.557692,87,0,0,0,0,0,69,150,4,6,4,6,11,0,10,0,11,33,0,10,0,69,150,4,6,4,6,11,0,10,0,11,33,0,10,0,0,0,7,0,1,0,0,0,1,0,0,0,5,0,1,0,0,0,0,1,0
192,L26414,DiscoveryFilterStub<T extends Object>,org.junit.platform.launcher.DiscoveryFilterStub,L25519,L103,C:\Users\domco\Desktop\DP\repos\junit5\platform-tests\src\test\java\org\junit\platform\launcher\DiscoveryFilterStub.java,22,1,32,2,0.0,0,0,0,0.0,0.0,0,0,0,0,0,2,3,1,1,2,4,0.333333,0.272727,3,3,1,2,0.272727,3,2,3,0,0,2,8,11,2,0,0,0,2,0,2,0,10,2,0,10,0,8,11,2,0,0,0,2,0,2,0,10,2,0,10,0,0,0,6,0,0,0,0,0,0,0,0,0,5,0,0,1,0,0,0,0,0
193,L25399,FilterStub<T extends Object>,org.junit.platform.launcher.FilterStub,L25519,L103,C:\Users\domco\Desktop\DP\repos\junit5\platform-tests\src\test\java\org\junit\platform\launcher\FilterStub.java,22,1,46,2,0.0,0,0,0,0.0,0.0,0,0,1,0,0,4,2,3,5,0,4,0.2,0.136364,3,3,1,4,0.136364,3,1,1,2,2,1,19,25,2,0,2,0,4,0,4,0,8,5,0,8,0,19,25,2,0,2,0,4,0,4,0,8,5,0,8,0,0,0,11,0,1,0,0,0,0,0,0,0,11,0,1,0,0,0,0,0,0
194,L26226,PostDiscoveryFilterStub,org.junit.platform.launcher.PostDiscoveryFilterStub,L25519,L103,C:\Users\domco\Desktop\DP\repos\junit5\platform-tests\src\test\java\org\junit\platform\launcher\PostDiscoveryFilterStub.java,22,1,32,2,0.0,0,0,0,0.0,0.0,0,0,0,0,0,2,4,2,2,2,4,0.333333,0.272727,3,3,1,2,0.272727,3,2,3,0,0,2,8,11,2,0,0,0,2,0,2,0,10,2,0,10,0,8,11,2,0,0,0,2,0,2,0,10,2,0,10,0,0,0,6,0,0,0,0,0,0,0,0,0,5,0,0,1,0,0,0,0,0
195,L27653,TagFilterTests,org.junit.platform.launcher.TagFilterTests,L25519,L103,C:\Users\domco\Desktop\DP\repos\junit5\platform-tests\src\test\java\org\junit\platform\launcher\TagFilterTests.java,39,1,211,2,0.278481,1,2,2,0.138728,0.147059,24,20,8,0,0,15,10,0,0,10,25,1.0,0.107438,13,9,1,0,0.0993377,15,0,0,0,0,0,108,145,6,0,6,0,15,0,0,0,15,44,0,0,0,136,173,6,0,6,0,15,0,0,0,15,44,0,0,0,0,0,70,5,42,34,15,12,1,0,0,0,53,0,1,0,0,0,0,1,0
196,L27726,TestIdentifierTests,org.junit.platform.launcher.TestIdentifierTests,L25519,L103,C:\Users\domco\Desktop\DP\repos\junit5\platform-tests\src\test\java\org\junit\platform\launcher\TestIdentifierTests.java,30,1,73,2,0.0,0,0,0,0.0,0.0,0,0,3,0,0,3,10,0,0,20,23,1.0,0.097561,4,3,1,0,0.097561,4,0,0,0,0,0,37,44,0,0,0,0,3,0,0,0,3,24,0,0,0,37,44,0,0,0,0,3,0,0,0,3,24,0,0,0,0,0,10,3,21,18,0,3,1,0,1,1,8,0,2,0,0,0,0,0,0
197,L27735,TestPlanTests,org.junit.platform.launcher.TestPlanTests,L25519,L103,C:\Users\domco\Desktop\DP\repos\junit5\platform-tests\src\test\java\org\junit\platform\launcher\TestPlanTests.java,21,1,74,2,0.602151,1,2,2,0.518519,0.55814,28,24,1,0,0,3,5,0,0,6,9,0.0,0.0,0,0,0,1,0.0,0,0,0,0,0,0,27,37,1,0,1,0,3,0,0,0,3,9,0,0,0,43,54,6,27,1,3,7,0,4,0,81,13,0,72,3,0,0,64,0,4,0,37,3,0,0,0,1,26,0,0,0,0,0,0,1,0
198,L563,JUnitPlatform,org.junit.platform.runner.JUnitPlatform,L27762,L103,C:\Users\domco\Desktop\DP\repos\junit5\junit-platform-runner\src\main\java\org\junit\platform\runner\JUnitPlatform.java,105,1,325,2,0.0,0,0,0,0.0,0.0,0,0,1,1,1,45,25,15,12,22,53,0.2,0.201835,44,41,1,4,0.201835,44,0,0,0,0,0,174,221,7,13,7,13,31,0,4,0,31,81,0,4,0,174,221,7,13,7,13,31,0,4,0,31,81,0,4,0,0,0,70,0,2,1,0,1,0,0,1,0,65,0,0,0,0,0,0,4,0
199,L27808,JUnitPlatformRunnerListener,org.junit.platform.runner.JUnitPlatformRunnerListener,L27762,L103,C:\Users\domco\Desktop\DP\repos\junit5\junit-platform-runner\src\main\java\org\junit\platform\runner\JUnitPlatformRunnerListener.java,28,1,95,2,0.0,0,0,0,0.0,0.0,0,0,2,2,1,14,6,1,1,7,16,0.166667,0.05,3,3,1,5,0.05,3,1,1,0,0,1,57,68,2,0,2,0,9,0,5,0,11,23,0,7,0,57,68,2,0,2,0,9,0,5,0,11,23,0,7,0,0,0,22,1,0,1,0,0,1,0,0,0,21,0,0,0,0,0,0,0,0
200,L27785,JUnitPlatformTestTree,org.junit.platform.runner.JUnitPlatformTestTree,L27762,L103,C:\Users\domco\Desktop\DP\repos\junit5\junit-platform-runner\src\main\java\org\junit\platform\runner\JUnitPlatformTestTree.java,40,1,163,2,0.0,0,0,0,0.0,0.0,0,0,1,4,3,23,9,2,6,15,31,1.0,0.0943396,10,3,1,0,0.0943396,10,0,0,0,0,0,96,124,4,6,4,6,16,0,0,0,16,42,0,0,0,96,124,4,6,4,6,16,0,0,0,16,42,0,0,0,0,0,31,0,5,0,0,5,0,0,0,0,30,0,0,0,0,0,0,1,0
201,L28018,JUnitPlatformRunnerTests,org.junit.platform.runner.JUnitPlatformRunnerTests,L27762,L103,C:\Users\domco\Desktop\DP\repos\junit5\platform-tests\src\test\java\org\junit\platform\runner\JUnitPlatformRunnerTests.java,100,1,871,2,0.358974,7,16,16,0.357513,0.382301,276,216,4,0,0,4,6,3,26,4,8,1.0,0.222222,6,6,1,0,0.0207972,12,0,0,0,0,0,21,43,0,0,0,0,4,0,0,0,4,11,0,0,0,565,772,5,31,0,4,46,0,6,0,124,286,0,78,3,0,0,403,45,52,14,189,38,6,0,11,32,192,0,13,0,0,0,0,5,0
202,L28843,TestEngineTests$DefaultEngine,org.junit.platform.TestEngineTests$DefaultEngine,L28839,L103,C:\Users\domco\Desktop\DP\repos\junit5\platform-tests\src\test\java\org\junit\platform\TestEngineTests.java,43,2,59,3,0.0,0,0,0,0.0,0.0,0,0,2,0,0,3,5,1,0,0,3,0.0,0.0,0,0,0,4,0.0,0,1,1,0,0,1,14,17,0,4,0,1,3,0,3,0,6,3,0,6,0,14,17,0,4,0,1,3,0,3,0,6,3,0,6,0,0,0,10,0,0,0,0,0,1,0,0,0,9,0,0,0,0,0,0,0,0
203,L29868,VintageTestEngine,org.junit.vintage.engine.VintageTestEngine,L28855,L103,C:\Users\domco\Desktop\DP\repos\junit5\junit-vintage-engine\src\main\java\org\junit\vintage\engine\VintageTestEngine.java,35,1,83,2,0.0,0,0,0,0.0,0.0,0,0,2,0,0,6,10,3,4,8,14,0.5,0.276596,13,11,3,3,0.276596,13,1,1,0,0,1,34,49,0,4,0,3,6,0,5,0,7,11,0,6,0,34,49,0,4,0,3,6,0,5,0,7,11,0,6,0,0,0,8,0,0,0,0,0,1,0,0,0,7,0,0,0,0,0,0,0,0
204,L29888,JUnit4ParameterizedTests,org.junit.vintage.engine.JUnit4ParameterizedTests,L28855,L103,C:\Users\domco\Desktop\DP\repos\junit5\junit-vintage-engine\src\test\java\org\junit\vintage\engine\JUnit4ParameterizedTests.java,37,1,83,2,0.0,0,0,0,0.0,0.0,0,0,1,0,0,3,12,1,0,11,14,1.0,0.16129,5,3,1,0,0.128205,5,0,0,0,0,0,26,38,1,0,1,0,3,0,0,0,3,10,0,0,0,34,47,1,0,1,0,4,0,1,0,10,12,0,7,0,0,0,14,0,4,2,0,2,0,0,1,0,13,0,0,0,0,0,0,0,0
205,L30224,VintageLauncherIntegrationTests,org.junit.vintage.engine.VintageLauncherIntegrationTests,L28855,L103,C:\Users\domco\Desktop\DP\repos\junit5\junit-vintage-engine\src\test\java\org\junit\vintage\engine\VintageLauncherIntegrationTests.java,56,1,264,2,0.568202,4,10,10,0.502392,0.517442,105,89,1,0,0,14,31,0,0,16,30,1.0,0.192308,40,3,1,0,0.188679,40,0,0,0,0,0,168,205,0,0,0,0,14,0,0,0,14,82,0,0,0,172,209,0,0,0,0,15,0,1,0,21,83,0,7,0,0,0,90,1,22,11,52,11,0,0,3,0,35,0,1,0,0,0,0,0,0
206,L30269,VintageTestEngineBasicTests,org.junit.vintage.engine.VintageTestEngineBasicTests,L28855,L103,C:\Users\domco\Desktop\DP\repos\junit5\junit-vintage-engine\src\test\java\org\junit\vintage\engine\VintageTestEngineBasicTests.java,23,1,47,2,0.0,0,0,0,0.0,0.0,0,0,1,0,0,4,4,0,0,5,9,1.0,0.24,6,6,1,0,0.24,6,0,0,0,0,0,19,25,1,0,1,0,4,0,0,0,4,4,0,0,0,19,25,1,0,1,0,4,0,0,0,4,4,0,0,0,0,0,10,0,9,4,0,5,0,0,0,0,10,0,0,0,0,0,0,0,0
207,L30283,VintageTestEngineDiscoveryTests,org.junit.vintage.engine.VintageTestEngineDiscoveryTests,L28855,L103,C:\Users\domco\Desktop\DP\repos\junit5\junit-vintage-engine\src\test\java\org\junit\vintage\engine\VintageTestEngineDiscoveryTests.java,78,1,784,2,0.315412,8,19,19,0.316832,0.323917,224,172,1,1,1,48,40,0,0,44,92,1.0,0.0684211,39,3,1,0,0.0684211,39,0,0,0,0,0,531,707,1,1,1,1,48,0,0,0,48,300,0,0,0,531,707,1,1,1,1,48,0,0,0,48,300,0,0,0,0,0,213,29,96,60,102,36,0,0,13,26,96,0,3,0,0,0,0,2,0
208,L30410,VintageTestEngineExecutionTests,org.junit.vintage.engine.VintageTestEngineExecutionTests,L28855,L103,C:\Users\domco\Desktop\DP\repos\junit5\junit-vintage-engine\src\test\java\org\junit\vintage\engine\VintageTestEngineExecutionTests.java,82,1,611,2,0.143056,2,4,4,0.120755,0.130233,64,56,1,0,0,28,40,0,0,21,49,1.0,0.313076,170,3,1,0,0.283333,170,0,0,0,0,0,373,457,0,0,0,0,28,0,0,0,28,90,0,0,0,430,530,2,2,2,2,39,0,11,0,39,101,0,11,0,0,0,84,5,27,0,28,25,1,0,8,0,45,2,5,0,0,0,0,2,0
209,L30514,VintageTestEngineTestSuite,org.junit.vintage.engine.VintageTestEngineTestSuite,L28855,L103,C:\Users\domco\Desktop\DP\repos\junit5\junit-vintage-engine\src\test\java\org\junit\vintage\engine\VintageTestEngineTestSuite.java,34,1,39,2,0.0,0,0,0,0.0,0.0,0,0,0,0,0,0,4,0,0,0,0,1.0,0.714286,15,15,1,0,0.714286,15,0,0,0,0,0,6,6,0,0,0,0,0,0,0,0,0,0,0,0,0,6,6,0,0,0,0,0,0,0,0,0,0,0,0,0,0,0,0,0,0,0,0,0,0,0,0,0,0,0,0,0,0,0,0,0,0
210,L30517,VintageUniqueIdBuilder,org.junit.vintage.engine.VintageUniqueIdBuilder,L28855,L103,C:\Users\domco\Desktop\DP\repos\junit5\junit-vintage-engine\src\test\java\org\junit\vintage\engine\VintageUniqueIdBuilder.java,23,1,69,2,0.0,0,0,0,0.0,0.0,0,0,1,1,1,10,2,5,34,2,11,0.111111,0.159091,7,7,1,8,0.159091,7,0,0,0,0,0,37,47,0,0,0,0,9,0,8,0,9,13,0,8,0,37,47,0,0,0,0,9,0,8,0,9,13,0,8,0,0,0,21,0,0,0,0,0,0,0,0,0,21,0,0,0,0,0,0,0,0
211,L3691,AssertThrows$ResultAwareThrowingSupplierAdapter,org.junit.jupiter.api.AssertThrows$ResultAwareThrowingSupplierAdapter,L3620,L103,C:\Users\domco\Desktop\DP\repos\junit5\junit-jupiter-api\src\main\java\org\junit\jupiter\api\AssertThrows.java,123,2,141,3,0.0,0,0,0,0.0,0.0,0,0,2,0,0,3,2,1,1,1,4,0.333333,0.166667,3,3,1,2,0.166667,3,3,3,0,0,1,15,19,1,0,1,0,3,0,2,0,4,4,0,3,0,15,19,1,0,1,0,3,0,2,0,4,4,0,3,0,0,0,10,0,0,0,0,0,1,0,0,0,9,0,0,0,0,0,0,0,1.0
212,L3930,DisabledIfEnvironmentVariableCondition,org.junit.jupiter.api.condition.DisabledIfEnvironmentVariableCondition,L3881,L103,C:\Users\domco\Desktop\DP\repos\junit5\junit-jupiter-api\src\main\java\org\junit\jupiter\api\condition\DisabledIfEnvironmentVariableCondition.java,31,1,77,2,0.868852,2,6,2,0.617021,0.766667,29,23,1,1,1,5,6,2,0,7,9,0.5,0.333333,15,13,1,1,0.333333,15,2,2,1,1,1,30,47,1,1,1,1,2,0,1,0,2,15,0,1,0,30,47,1,1,1,1,2,0,1,0,2,15,0,1,0,0,0,15,0,0,0,12,0,0,0,0,0,3,0,0,0,0,0,0,0,0
213,L3974,DisabledIfSystemPropertyCondition,org.junit.jupiter.api.condition.DisabledIfSystemPropertyCondition,L3881,L103,C:\Users\domco\Desktop\DP\repos\junit5\junit-jupiter-api\src\main\java\org\junit\jupiter\api\condition\DisabledIfSystemPropertyCondition.java,31,1,66,2,0.93913,2,6,2,0.805556,0.851852,29,23,1,1,1,4,6,2,0,7,8,0.5,0.228571,8,6,1,1,0.228571,8,2,2,0,0,1,27,36,1,0,1,0,1,0,1,0,1,14,0,1,0,27,36,1,0,1,0,1,0,1,0,1,14,0,1,0,0,0,17,0,0,0,12,0,0,0,0,0,5,0,0,0,0,0,0,0,0
214,L3993,DisabledOnJreCondition,org.junit.jupiter.api.condition.DisabledOnJreCondition,L3881,L103,C:\Users\domco\Desktop\DP\repos\junit5\junit-jupiter-api\src\main\java\org\junit\jupiter\api\condition\DisabledOnJreCondition.java,32,1,48,2,0.897059,1,3,1,0.647059,0.785714,11,11,1,1,1,3,8,2,0,5,6,0.5,0.3,6,6,1,1,0.3,6,2,2,0,0,1,14,17,1,0,1,0,1,0,1,0,1,6,0,1,0,14,17,1,0,1,0,1,0,1,0,1,6,0,1,0,0,0,14,0,0,0,11,0,0,0,0,0,3,0,0,0,0,0,0,0,0
215,L4021,DisabledOnOsCondition,org.junit.jupiter.api.condition.DisabledOnOsCondition,L3881,L103,C:\Users\domco\Desktop\DP\repos\junit5\junit-jupiter-api\src\main\java\org\junit\jupiter\api\condition\DisabledOnOsCondition.java,32,1,48,2,0.897059,1,3,1,0.647059,0.785714,11,11,1,1,1,3,8,2,0,5,6,0.5,0.3,6,6,1,1,0.3,6,2,2,0,0,1,14,17,1,0,1,0,1,0,1,0,1,6,0,1,0,14,17,1,0,1,0,1,0,1,0,1,6,0,1,0,0,0,14,0,0,0,11,0,0,0,0,0,3,0,0,0,0,0,0,0,0
216,L4052,EnabledIfEnvironmentVariableCondition,org.junit.jupiter.api.condition.EnabledIfEnvironmentVariableCondition,L3881,L103,C:\Users\domco\Desktop\DP\repos\junit5\junit-jupiter-api\src\main\java\org\junit\jupiter\api\condition\EnabledIfEnvironmentVariableCondition.java,31,1,75,2,0.868852,2,6,2,0.6,0.766667,27,23,1,1,1,5,6,2,0,7,9,0.5,0.318182,14,13,1,1,0.318182,14,2,2,1,1,1,30,45,1,1,1,1,2,0,1,0,2,15,0,1,0,30,45,1,1,1,1,2,0,1,0,2,15,0,1,0,0,0,15,0,0,0,12,0,0,0,0,0,3,0,0,0,0,0,0,0,0
217,L4075,EnabledIfSystemPropertyCondition,org.junit.jupiter.api.condition.EnabledIfSystemPropertyCondition,L3881,L103,C:\Users\domco\Desktop\DP\repos\junit5\junit-jupiter-api\src\main\java\org\junit\jupiter\api\condition\EnabledIfSystemPropertyCondition.java,31,1,64,2,0.93913,2,6,2,0.794118,0.851852,27,23,1,1,1,4,6,2,0,7,8,0.5,0.205882,7,6,1,1,0.205882,7,2,2,0,0,1,27,34,1,0,1,0,1,0,1,0,1,14,0,1,0,27,34,1,0,1,0,1,0,1,0,1,14,0,1,0,0,0,17,0,0,0,12,0,0,0,0,0,5,0,0,0,0,0,0,0,0
218,L4094,EnabledOnJreCondition,org.junit.jupiter.api.condition.EnabledOnJreCondition,L3881,L103,C:\Users\domco\Desktop\DP\repos\junit5\junit-jupiter-api\src\main\java\org\junit\jupiter\api\condition\EnabledOnJreCondition.java,31,1,53,2,0.677778,1,3,1,0.478261,0.611111,11,11,1,1,1,3,7,3,0,6,7,0.5,0.307692,8,6,1,1,0.307692,8,2,2,0,0,1,18,23,3,0,3,0,1,0,1,0,1,6,0,1,0,18,23,3,0,3,0,1,0,1,0,1,6,0,1,0,0,0,14,0,2,0,11,2,0,0,0,0,3,0,0,0,0,0,0,0,0
219,L4110,EnabledOnOsCondition,org.junit.jupiter.api.condition.EnabledOnOsCondition,L3881,L103,C:\Users\domco\Desktop\DP\repos\junit5\junit-jupiter-api\src\main\java\org\junit\jupiter\api\condition\EnabledOnOsCondition.java,31,1,53,2,0.677778,1,3,1,0.478261,0.611111,11,11,1,1,1,3,7,3,0,6,7,0.5,0.307692,8,6,1,1,0.307692,8,2,2,0,0,1,18,23,3,0,3,0,1,0,1,0,1,6,0,1,0,18,23,3,0,3,0,1,0,1,0,1,6,0,1,0,0,0,14,0,2,0,11,2,0,0,0,0,3,0,0,0,0,0,0,0,0
220,L4193,AbstractExecutionConditionTests,org.junit.jupiter.api.condition.AbstractExecutionConditionTests,L3881,L103,C:\Users\domco\Desktop\DP\repos\junit5\junit-jupiter-engine\src\test\java\org\junit\jupiter\api\condition\AbstractExecutionConditionTests.java,34,1,73,2,0.0,0,0,0,0.0,0.0,0,0,1,0,0,9,7,8,54,7,16,1.0,0.176471,6,6,1,0,0.176471,6,0,0,8,8,0,28,40,2,2,2,2,9,0,0,0,9,7,0,0,0,28,40,2,2,2,2,9,0,0,0,9,7,0,0,0,0,0,20,0,1,0,0,1,0,0,0,0,20,0,0,0,0,0,0,0,0
221,L4235,DisabledIfEnvironmentVariableConditionTests,org.junit.jupiter.api.condition.DisabledIfEnvironmentVariableConditionTests,L3881,L103,C:\Users\domco\Desktop\DP\repos\junit5\junit-jupiter-engine\src\test\java\org\junit\jupiter\api\condition\DisabledIfEnvironmentVariableConditionTests.java,30,1,121,2,0.0,0,0,0,0.0,0.0,0,0,3,0,0,9,6,0,0,5,14,1.0,0.380952,32,32,1,0,0.363636,32,1,1,0,0,1,52,87,3,2,1,2,9,0,0,0,16,21,0,0,0,56,92,4,4,1,3,10,0,0,0,19,22,0,1,0,0,0,10,0,14,7,0,7,1,0,0,0,9,0,0,0,0,0,0,0,0
222,L4255,DisabledIfEnvironmentVariableIntegrationTests,org.junit.jupiter.api.condition.DisabledIfEnvironmentVariableIntegrationTests,L3881,L103,C:\Users\domco\Desktop\DP\repos\junit5\junit-jupiter-engine\src\test\java\org\junit\jupiter\api\condition\DisabledIfEnvironmentVariableIntegrationTests.java,25,1,75,2,0.0,0,0,0,0.0,0.0,0,0,2,0,0,7,4,2,0,3,10,1.0,0.148936,7,7,1,0,0.148936,7,0,0,0,0,0,40,51,3,0,3,0,7,0,0,0,7,4,0,0,0,40,51,3,0,3,0,7,0,0,0,7,4,0,0,0,0,0,17,3,14,4,0,10,1,0,0,0,16,3,0,0,0,0,0,0,0
223,L4293,DisabledIfSystemPropertyConditionTests,org.junit.jupiter.api.condition.DisabledIfSystemPropertyConditionTests,L3881,L103,C:\Users\domco\Desktop\DP\repos\junit5\junit-jupiter-engine\src\test\java\org\junit\jupiter\api\condition\DisabledIfSystemPropertyConditionTests.java,30,1,120,2,0.0,0,0,0,0.0,0.0,0,0,4,0,0,11,9,0,0,7,18,1.0,0.333333,29,29,1,0,0.333333,29,1,1,0,0,1,58,91,2,2,0,2,11,0,0,1,18,23,0,0,1,58,91,2,2,0,2,11,0,0,1,18,23,0,0,1,0,0,9,0,16,7,0,9,1,0,0,0,8,0,0,0,0,0,0,0,0
224,L4299,DisabledIfSystemPropertyIntegrationTests,org.junit.jupiter.api.condition.DisabledIfSystemPropertyIntegrationTests,L3881,L103,C:\Users\domco\Desktop\DP\repos\junit5\junit-jupiter-engine\src\test\java\org\junit\jupiter\api\condition\DisabledIfSystemPropertyIntegrationTests.java,27,1,84,2,0.0,0,0,0,0.0,0.0,0,0,2,0,0,9,6,1,2,3,12,1.0,0.0961538,5,5,1,0,0.0961538,5,0,0,0,0,0,47,58,3,0,3,0,9,0,0,1,9,6,0,0,1,47,58,3,0,3,0,9,0,0,1,9,6,0,0,1,0,0,21,3,13,4,0,9,1,0,0,0,20,3,0,0,0,0,0,0,0
225,L4339,DisabledOnJreConditionTests,org.junit.jupiter.api.condition.DisabledOnJreConditionTests,L3881,L103,C:\Users\domco\Desktop\DP\repos\junit5\junit-jupiter-engine\src\test\java\org\junit\jupiter\api\condition\DisabledOnJreConditionTests.java,32,1,128,2,0.19209,1,2,1,0.103093,0.163934,10,10,2,1,1,15,8,0,0,9,20,1.0,0.344086,32,32,1,0,0.344086,32,1,1,0,0,1,61,97,2,2,0,2,11,0,0,0,18,24,0,0,0,61,97,2,2,0,2,11,0,0,0,18,24,0,0,0,0,0,17,0,10,2,10,8,1,0,0,0,6,0,0,0,0,0,0,0,0
226,L4345,DisabledOnJreIntegrationTests,org.junit.jupiter.api.condition.DisabledOnJreIntegrationTests,L3881,L103,C:\Users\domco\Desktop\DP\repos\junit5\junit-jupiter-engine\src\test\java\org\junit\jupiter\api\condition\DisabledOnJreIntegrationTests.java,34,1,83,2,0.0,0,0,0,0.0,0.0,0,0,8,0,0,11,6,1,0,7,15,1.0,0.108696,5,5,1,0,0.108696,5,0,0,0,0,0,41,50,0,0,0,0,8,0,0,0,8,6,0,0,0,41,50,0,0,0,0,8,0,0,0,8,6,0,0,0,0,0,19,2,15,7,0,8,1,0,0,0,18,2,0,0,0,0,0,0,0
227,L4385,DisabledOnOsConditionTests,org.junit.jupiter.api.condition.DisabledOnOsConditionTests,L3881,L103,C:\Users\domco\Desktop\DP\repos\junit5\junit-jupiter-engine\src\test\java\org\junit\jupiter\api\condition\DisabledOnOsConditionTests.java,32,1,137,2,0.178947,1,2,1,0.0943396,0.151515,10,10,2,1,1,16,8,0,0,9,21,1.0,0.346535,35,35,1,0,0.346535,35,1,1,0,0,1,66,106,2,2,0,2,12,0,0,0,19,26,0,0,0,66,106,2,2,0,2,12,0,0,0,19,26,0,0,0,0,0,17,0,11,2,10,9,1,0,0,0,6,0,0,0,0,0,0,0,0
228,L4391,DisabledOnOsIntegrationTests,org.junit.jupiter.api.condition.DisabledOnOsIntegrationTests,L3881,L103,C:\Users\domco\Desktop\DP\repos\junit5\junit-jupiter-engine\src\test\java\org\junit\jupiter\api\condition\DisabledOnOsIntegrationTests.java,39,1,102,2,0.0,0,0,0,0.0,0.0,0,0,9,0,0,12,7,1,0,7,16,1.0,0.0980392,5,5,1,0,0.105263,6,0,0,0,0,0,46,59,0,0,0,0,9,0,0,0,9,7,0,0,0,51,64,0,0,0,0,9,0,0,0,9,7,0,0,0,0,0,23,2,17,8,0,9,1,0,0,0,22,2,0,0,0,0,0,0,0
229,L4438,EnabledIfEnvironmentVariableConditionTests,org.junit.jupiter.api.condition.EnabledIfEnvironmentVariableConditionTests,L3881,L103,C:\Users\domco\Desktop\DP\repos\junit5\junit-jupiter-engine\src\test\java\org\junit\jupiter\api\condition\EnabledIfEnvironmentVariableConditionTests.java,30,1,121,2,0.0,0,0,0,0.0,0.0,0,0,3,0,0,9,6,0,0,5,14,1.0,0.380952,32,32,1,0,0.363636,32,1,1,0,0,1,52,87,3,2,1,2,9,0,0,0,16,21,0,0,0,56,92,4,4,1,3,10,0,0,0,19,22,0,1,0,0,0,10,0,14,7,0,7,1,0,0,0,9,0,0,0,0,0,0,0,0
230,L4455,EnabledIfEnvironmentVariableIntegrationTests,org.junit.jupiter.api.condition.EnabledIfEnvironmentVariableIntegrationTests,L3881,L103,C:\Users\domco\Desktop\DP\repos\junit5\junit-jupiter-engine\src\test\java\org\junit\jupiter\api\condition\EnabledIfEnvironmentVariableIntegrationTests.java,24,1,74,2,0.0,0,0,0,0.0,0.0,0,0,2,0,0,7,4,2,0,2,9,1.0,0.148936,7,7,1,0,0.148936,7,0,0,0,0,0,40,51,3,0,3,0,7,0,0,0,7,4,0,0,0,40,51,3,0,3,0,7,0,0,0,7,4,0,0,0,0,0,17,3,15,5,0,10,1,0,0,0,16,3,0,0,0,0,0,0,0
231,L4485,EnabledIfSystemPropertyConditionTests,org.junit.jupiter.api.condition.EnabledIfSystemPropertyConditionTests,L3881,L103,C:\Users\domco\Desktop\DP\repos\junit5\junit-jupiter-engine\src\test\java\org\junit\jupiter\api\condition\EnabledIfSystemPropertyConditionTests.java,30,1,120,2,0.0,0,0,0,0.0,0.0,0,0,4,0,0,11,9,0,0,7,18,1.0,0.333333,29,29,1,0,0.333333,29,1,1,0,0,1,58,91,2,2,0,2,11,0,0,1,18,23,0,0,1,58,91,2,2,0,2,11,0,0,1,18,23,0,0,1,0,0,9,0,16,7,0,9,1,0,0,0,8,0,0,0,0,0,0,0,0
232,L4491,EnabledIfSystemPropertyIntegrationTests,org.junit.jupiter.api.condition.EnabledIfSystemPropertyIntegrationTests,L3881,L103,C:\Users\domco\Desktop\DP\repos\junit5\junit-jupiter-engine\src\test\java\org\junit\jupiter\api\condition\EnabledIfSystemPropertyIntegrationTests.java,26,1,83,2,0.0,0,0,0,0.0,0.0,0,0,2,0,0,9,6,1,2,2,11,1.0,0.0961538,5,5,1,0,0.0961538,5,0,0,0,0,0,47,58,3,0,3,0,9,0,0,1,9,6,0,0,1,47,58,3,0,3,0,9,0,0,1,9,6,0,0,1,0,0,21,3,14,5,0,9,1,0,0,0,20,3,0,0,0,0,0,0,0
233,L4529,EnabledOnJreConditionTests,org.junit.jupiter.api.condition.EnabledOnJreConditionTests,L3881,L103,C:\Users\domco\Desktop\DP\repos\junit5\junit-jupiter-engine\src\test\java\org\junit\jupiter\api\condition\EnabledOnJreConditionTests.java,32,1,128,2,0.19209,1,2,1,0.103093,0.163934,10,10,2,1,1,15,7,0,0,9,20,1.0,0.344086,32,32,1,0,0.344086,32,1,1,0,0,1,61,97,2,2,0,2,11,0,0,0,18,24,0,0,0,61,97,2,2,0,2,11,0,0,0,18,24,0,0,0,0,0,17,0,10,2,10,8,1,0,0,0,6,0,0,0,0,0,0,0,0
234,L4535,EnabledOnJreIntegrationTests,org.junit.jupiter.api.condition.EnabledOnJreIntegrationTests,L3881,L103,C:\Users\domco\Desktop\DP\repos\junit5\junit-jupiter-engine\src\test\java\org\junit\jupiter\api\condition\EnabledOnJreIntegrationTests.java,29,1,95,2,0.0,0,0,0,0.0,0.0,0,0,4,0,0,15,5,3,15,2,14,1.0,0.0862069,5,5,1,0,0.0862069,5,0,0,0,0,0,53,67,1,0,1,0,12,0,0,0,12,9,0,0,0,53,67,1,0,1,0,12,0,0,0,12,9,0,0,0,0,0,27,3,20,8,0,12,1,0,0,0,26,3,0,0,0,0,0,0,0
235,L4569,EnabledOnOsConditionTests,org.junit.jupiter.api.condition.EnabledOnOsConditionTests,L3881,L103,C:\Users\domco\Desktop\DP\repos\junit5\junit-jupiter-engine\src\test\java\org\junit\jupiter\api\condition\EnabledOnOsConditionTests.java,32,1,137,2,0.178947,1,2,1,0.0943396,0.151515,10,10,2,1,1,16,7,0,0,9,21,1.0,0.346535,35,35,1,0,0.346535,35,1,1,0,0,1,66,106,2,2,0,2,12,0,0,0,19,26,0,0,0,66,106,2,2,0,2,12,0,0,0,19,26,0,0,0,0,0,17,0,11,2,10,9,1,0,0,0,6,0,0,0,0,0,0,0,0
236,L4575,EnabledOnOsIntegrationTests,org.junit.jupiter.api.condition.EnabledOnOsIntegrationTests,L3881,L103,C:\Users\domco\Desktop\DP\repos\junit5\junit-jupiter-engine\src\test\java\org\junit\jupiter\api\condition\EnabledOnOsIntegrationTests.java,35,1,115,2,0.0,0,0,0,0.0,0.0,0,0,4,0,0,16,6,3,18,2,15,1.0,0.0793651,5,5,1,0,0.0869565,6,0,0,0,0,0,58,76,1,0,1,0,13,0,0,0,13,10,0,0,0,63,81,1,0,1,0,13,0,0,0,13,10,0,0,0,0,0,31,3,22,9,0,13,1,0,0,0,30,3,0,0,0,0,0,0,0
237,L3943,ConditionEvaluationResult,org.junit.jupiter.api.extension.ConditionEvaluationResult,L4731,L103,C:\Users\domco\Desktop\DP\repos\junit5\junit-jupiter-api\src\main\java\org\junit\jupiter\api\extension\ConditionEvaluationResult.java,25,1,84,2,0.0,0,0,0,0.0,0.0,0,0,1,0,0,6,1,23,36,3,9,0.833333,0.5,28,26,5,1,0.5,28,0,0,0,0,0,28,60,2,1,2,1,6,0,5,0,6,7,0,5,0,28,60,2,1,2,1,6,0,5,0,6,7,0,5,0,0,0,5,0,4,0,0,2,0,0,0,1,5,0,1,0,0,0,0,0,0
238,L4833,ExtensionConfigurationException,org.junit.jupiter.api.extension.ExtensionConfigurationException,L4731,L103,C:\Users\domco\Desktop\DP\repos\junit5\junit-jupiter-api\src\main\java\org\junit\jupiter\api\extension\ExtensionConfigurationException.java,24,1,37,2,0.0,0,0,0,0.0,0.0,0,0,0,0,0,2,1,5,4,2,4,0.333333,0.375,6,6,1,2,0.375,6,1,1,1,1,1,10,14,2,0,1,0,2,0,2,0,4,2,0,4,0,10,14,2,0,1,0,2,0,2,0,4,2,0,4,0,0,0,5,0,0,0,0,0,0,0,0,0,5,0,0,0,0,0,0,0,0
239,L5012,ExtensionContextException,org.junit.jupiter.api.extension.ExtensionContextException,L4731,L103,C:\Users\domco\Desktop\DP\repos\junit5\junit-jupiter-api\src\main\java\org\junit\jupiter\api\extension\ExtensionContextException.java,25,1,34,2,0.0,0,0,0,0.0,0.0,0,0,0,0,0,1,1,2,1,1,2,0.5,0.461538,6,6,1,1,0.461538,6,1,1,0,0,1,7,10,2,0,1,0,1,0,1,0,3,1,0,3,0,7,10,2,0,1,0,1,0,1,0,3,1,0,3,0,0,0,3,0,0,0,0,0,0,0,0,0,3,0,0,0,0,0,0,0,0
240,L5064,ParameterResolutionException,org.junit.jupiter.api.extension.ParameterResolutionException,L4731,L103,C:\Users\domco\Desktop\DP\repos\junit5\junit-jupiter-api\src\main\java\org\junit\jupiter\api\extension\ParameterResolutionException.java,25,1,38,2,0.0,0,0,0,0.0,0.0,0,0,0,0,0,2,1,17,5,2,4,0.333333,0.411765,7,7,1,2,0.411765,7,1,1,0,0,1,10,14,2,0,1,0,2,0,2,0,4,2,0,4,0,10,14,2,0,1,0,2,0,2,0,4,2,0,4,0,0,0,5,0,0,0,0,0,0,0,0,0,5,0,0,0,0,0,0,0,0
241,L5086,ScriptEvaluationException,org.junit.jupiter.api.extension.ScriptEvaluationException,L4731,L103,C:\Users\domco\Desktop\DP\repos\junit5\junit-jupiter-api\src\main\java\org\junit\jupiter\api\extension\ScriptEvaluationException.java,25,1,38,2,0.0,0,0,0,0.0,0.0,0,0,0,0,0,2,1,2,2,2,4,0.333333,0.444444,8,8,1,2,0.444444,8,2,2,0,0,1,10,14,3,0,1,0,2,0,2,0,6,2,0,6,0,10,14,3,0,1,0,2,0,2,0,6,2,0,6,0,0,0,5,0,0,0,0,0,0,0,0,0,5,0,0,0,0,0,0,0,0
242,L5107,TestInstantiationException,org.junit.jupiter.api.extension.TestInstantiationException,L4731,L103,C:\Users\domco\Desktop\DP\repos\junit5\junit-jupiter-api\src\main\java\org\junit\jupiter\api\extension\TestInstantiationException.java,24,1,37,2,0.0,0,0,0,0.0,0.0,0,0,0,0,0,2,1,4,1,2,4,0.333333,0.375,6,6,1,2,0.375,6,1,1,0,0,1,10,14,2,0,1,0,2,0,2,0,4,2,0,4,0,10,14,2,0,1,0,2,0,2,0,4,2,0,4,0,0,0,5,0,0,0,0,0,0,0,0,0,5,0,0,0,0,0,0,0,0
243,L5148,ExtensionComposabilityTests,org.junit.jupiter.api.extension.ExtensionComposabilityTests,L4731,L103,C:\Users\domco\Desktop\DP\repos\junit5\junit-jupiter-engine\src\test\java\org\junit\jupiter\api\extension\ExtensionComposabilityTests.java,37,1,115,2,0.0,0,0,0,0.0,0.0,0,0,3,0,0,5,5,0,0,3,6,1.0,0.315068,23,11,1,0,0.315068,23,0,0,0,0,0,50,79,0,0,0,0,3,0,0,0,3,17,0,0,0,50,79,0,0,0,0,3,0,0,0,3,17,0,0,0,0,0,7,1,2,1,0,1,1,0,0,0,6,0,0,0,0,1,0,0,0
244,L5186,KitchenSinkExtension,org.junit.jupiter.api.extension.KitchenSinkExtension,L4731,L103,C:\Users\domco\Desktop\DP\repos\junit5\junit-jupiter-engine\src\test\java\org\junit\jupiter\api\extension\KitchenSinkExtension.java,31,1,133,2,0.0,0,0,0,0.0,0.0,0,0,14,0,0,14,19,0,0,0,14,0.333333,0.274725,25,21,5,10,0.274725,25,2,13,0,0,12,66,103,0,0,0,0,14,0,14,0,14,6,0,14,0,66,103,0,0,0,0,14,0,14,0,14,6,0,14,0,0,0,31,0,8,0,0,0,1,0,1,0,27,8,0,2,0,0,0,0,0
245,L5310,Resources,org.junit.jupiter.api.parallel.Resources,L5258,L103,C:\Users\domco\Desktop\DP\repos\junit5\junit-jupiter-api\src\main\java\org\junit\jupiter\api\parallel\Resources.java,26,1,57,2,0.0,0,0,0,0.0,0.0,0,0,0,0,0,1,0,1,0,0,1,1.0,0.757576,25,24,1,0,0.757576,25,0,0,0,0,0,8,32,3,0,3,0,1,3,0,0,1,0,3,0,0,8,32,3,0,3,0,1,3,0,0,1,0,3,0,0,0,0,4,0,1,0,0,0,0,0,0,1,0,0,0,0,0,0,0,4,0
246,L5406,AssertAllAssertionsTests$EnigmaThrowable,org.junit.jupiter.api.AssertAllAssertionsTests$EnigmaThrowable,L5384,L103,C:\Users\domco\Desktop\DP\repos\junit5\junit-jupiter-engine\src\test\java\org\junit\jupiter\api\AssertAllAssertionsTests.java,202,2,204,3,0.0,0,0,0,0.0,0.0,0,0,0,0,0,0,0,1,0,0,0,0.0,0.0,0,0,0,1,0.0,0,0,0,0,0,0,3,3,0,0,0,0,0,0,0,0,0,0,0,0,0,3,3,0,0,0,0,0,0,0,0,0,0,0,0,0,0,1,3,0,0,0,0,0,0,0,0,0,3,0,1,0,0,0,0,0,0
247,L5751,AssertEqualsAssertionsTests$EqualsThrowsException,org.junit.jupiter.api.AssertEqualsAssertionsTests$EqualsThrowsException,L5662,L103,C:\Users\domco\Desktop\DP\repos\junit5\junit-jupiter-engine\src\test\java\org\junit\jupiter\api\AssertEqualsAssertionsTests.java,589,2,595,3,0.0,0,0,0,0.0,0.0,0,0,1,0,0,1,0,1,0,0,1,0.0,0.0,0,0,0,2,0.0,0,0,0,0,0,0,6,7,0,0,0,0,1,0,1,0,1,1,0,1,0,6,7,0,0,0,0,1,0,1,0,1,1,0,1,0,0,1,5,0,0,0,0,0,0,0,0,0,5,0,1,0,0,0,0,0,0
248,L5757,AssertEqualsAssertionsTests$ToStringThrowsException,org.junit.jupiter.api.AssertEqualsAssertionsTests$ToStringThrowsException,L5662,L103,C:\Users\domco\Desktop\DP\repos\junit5\junit-jupiter-engine\src\test\java\org\junit\jupiter\api\AssertEqualsAssertionsTests.java,597,2,603,3,0.0,0,0,0,0.0,0.0,0,0,1,0,0,1,0,1,0,0,1,0.0,0.0,0,0,0,2,0.0,0,0,0,0,0,0,6,7,0,0,0,0,1,0,1,0,1,1,0,1,0,6,7,0,0,0,0,1,0,1,0,1,1,0,1,0,0,0,5,0,0,0,0,0,0,0,0,0,5,0,0,0,0,0,0,0,0
249,L5909,AssertNotEqualsAssertionsTests$EqualsThrowsExceptionClass,org.junit.jupiter.api.AssertNotEqualsAssertionsTests$EqualsThrowsExceptionClass,L5897,L103,C:\Users\domco\Desktop\DP\repos\junit5\junit-jupiter-engine\src\test\java\org\junit\jupiter\api\AssertNotEqualsAssertionsTests.java,80,2,86,3,0.0,0,0,0,0.0,0.0,0,0,1,0,0,1,0,1,0,0,1,0.0,0.0,0,0,0,2,0.0,0,0,0,0,0,0,6,7,0,0,0,0,1,0,1,0,1,1,0,1,0,6,7,0,0,0,0,1,0,1,0,1,1,0,1,0,0,1,5,0,0,0,0,0,0,0,0,0,5,0,1,0,0,0,0,0,0
250,L5997,AssertThrowsAssertionsTests$LocalException,org.junit.jupiter.api.AssertThrowsAssertionsTests$LocalException,L5960,L103,C:\Users\domco\Desktop\DP\repos\junit5\junit-jupiter-engine\src\test\java\org\junit\jupiter\api\AssertThrowsAssertionsTests.java,314,2,316,3,0.0,0,0,0,0.0,0.0,0,0,0,0,0,0,0,1,0,0,0,1.0,0.25,1,1,1,0,0.25,1,0,0,0,0,0,3,3,0,0,0,0,0,0,0,0,0,0,0,0,0,3,3,0,0,0,0,0,0,0,0,0,0,0,0,0,0,0,0,0,0,0,0,0,0,0,0,0,0,0,0,0,0,0,0,0,0
251,L6001,AssertThrowsAssertionsTests$EnigmaClassLoader,org.junit.jupiter.api.AssertThrowsAssertionsTests$EnigmaClassLoader,L5960,L103,C:\Users\domco\Desktop\DP\repos\junit5\junit-jupiter-engine\src\test\java\org\junit\jupiter\api\AssertThrowsAssertionsTests.java,318,2,330,3,0.0,0,0,0,0.0,0.0,0,0,1,0,0,3,1,1,1,0,2,0.0,0.0,0,0,0,2,0.0,0,0,0,0,0,0,10,13,0,0,0,0,2,0,1,0,2,2,0,1,0,10,13,0,0,0,0,2,0,1,0,2,2,0,1,0,0,0,7,0,0,0,0,0,0,0,0,0,7,0,0,0,0,0,0,0,0
252,L6255,SubclassedAssertionsTests,org.junit.jupiter.api.subpackage.SubclassedAssertionsTests,L6251,L103,C:\Users\domco\Desktop\DP\repos\junit5\junit-jupiter-engine\src\test\java\org\junit\jupiter\api\subpackage\SubclassedAssertionsTests.java,22,1,37,2,0.0,0,0,0,0.0,0.0,0,0,2,0,0,2,2,0,0,5,7,1.0,0.277778,5,5,1,0,0.277778,5,1,1,0,0,1,13,16,0,0,0,0,2,0,0,0,132,5,0,129,0,13,16,0,0,0,0,2,0,0,0,132,5,0,129,0,0,0,9,0,10,5,0,2,1,0,0,0,4,0,3,0,0,0,0,4,0
253,L6261,SubclassedAssumptionsTests,org.junit.jupiter.api.subpackage.SubclassedAssumptionsTests,L6251,L103,C:\Users\domco\Desktop\DP\repos\junit5\junit-jupiter-engine\src\test\java\org\junit\jupiter\api\subpackage\SubclassedAssumptionsTests.java,25,1,45,2,0.0,0,0,0,0.0,0.0,0,0,2,1,1,2,3,0,0,3,5,1.0,0.217391,5,5,1,0,0.217391,5,1,1,0,0,1,18,21,0,0,0,0,2,0,0,0,18,7,0,14,0,18,21,0,0,0,0,2,0,0,0,18,7,0,14,0,0,0,7,0,5,3,0,2,1,0,0,0,6,0,0,0,0,0,0,0,0
254,L6368,AbstractExtensionContext<T extends TestDescriptor>,org.junit.jupiter.engine.descriptor.AbstractExtensionContext,L6334,L103,C:\Users\domco\Desktop\DP\repos\junit5\junit-jupiter-engine\src\main\java\org\junit\jupiter\engine\descriptor\AbstractExtensionContext.java,35,1,125,2,0.0,0,0,0,0.0,0.0,0,0,1,1,1,14,11,5,17,12,24,0.1,0.0779221,6,3,1,9,0.0779221,6,1,1,4,4,1,71,91,6,17,6,8,12,0,9,0,23,25,0,20,0,71,91,6,17,6,8,12,0,9,0,23,25,0,20,0,0,0,31,0,0,0,0,0,0,0,1,0,27,0,0,0,0,0,0,3,0
255,L6455,ClassExtensionContext,org.junit.jupiter.engine.descriptor.ClassExtensionContext,L6334,L103,C:\Users\domco\Desktop\DP\repos\junit5\junit-jupiter-engine\src\main\java\org\junit\jupiter\engine\descriptor\ClassExtensionContext.java,29,1,95,2,0.0,0,0,0,0.0,0.0,0,0,0,0,0,9,7,3,9,4,13,0.222222,0.148148,8,8,2,7,0.148148,8,2,2,0,0,1,46,67,9,17,3,6,9,0,8,1,26,11,0,22,1,46,67,9,17,3,6,9,0,8,1,26,11,0,22,1,0,0,22,0,1,0,0,1,0,0,0,0,19,0,0,0,0,0,0,3,0
256,L6458,ClassTestDescriptor,org.junit.jupiter.engine.descriptor.ClassTestDescriptor,L6334,L103,C:\Users\domco\Desktop\DP\repos\junit5\junit-jupiter-engine\src\main\java\org\junit\jupiter\engine\descriptor\ClassTestDescriptor.java,74,1,439,2,0.0,0,0,0,0.0,0.0,0,0,4,2,2,53,35,14,24,54,85,0.2,0.151815,46,13,2,8,0.151815,46,3,4,1,1,1,257,366,14,20,7,7,31,0,9,0,70,120,0,35,1,257,366,14,20,7,7,31,0,9,0,70,120,0,35,1,0,0,63,6,0,1,0,0,1,0,4,0,53,0,2,0,0,3,0,5,1.0
257,L6709,DefaultTestInstanceFactoryContext,org.junit.jupiter.engine.descriptor.DefaultTestInstanceFactoryContext,L6334,L103,C:\Users\domco\Desktop\DP\repos\junit5\junit-jupiter-engine\src\main\java\org\junit\jupiter\engine\descriptor\DefaultTestInstanceFactoryContext.java,23,1,53,2,0.0,0,0,0,0.0,0.0,0,0,1,0,0,4,2,1,1,3,7,0.25,0.233333,7,5,1,3,0.233333,7,1,1,0,0,1,23,31,2,2,2,2,4,0,3,0,4,5,0,3,0,23,31,2,2,2,2,4,0,3,0,4,5,0,3,0,0,0,11,0,0,0,0,0,0,0,0,0,11,0,0,0,0,0,0,0,0
258,L6799,DynamicContainerTestDescriptor,org.junit.jupiter.engine.descriptor.DynamicContainerTestDescriptor,L6334,L103,C:\Users\domco\Desktop\DP\repos\junit5\junit-jupiter-engine\src\main\java\org\junit\jupiter\engine\descriptor\DynamicContainerTestDescriptor.java,32,1,73,2,0.0,0,0,0,0.0,0.0,0,0,1,1,1,4,11,0,0,3,7,0.333333,0.179487,7,5,1,2,0.179487,7,4,5,0,0,1,32,42,11,16,3,1,4,0,2,0,49,10,0,33,1,32,42,11,16,3,1,4,0,2,0,49,10,0,33,1,0,0,13,0,0,0,0,0,0,0,1,0,11,0,0,0,0,0,0,1,0
259,L6810,DynamicDescendantFilter,org.junit.jupiter.engine.descriptor.DynamicDescendantFilter,L6334,L103,C:\Users\domco\Desktop\DP\repos\junit5\junit-jupiter-engine\src\main\java\org\junit\jupiter\engine\descriptor\DynamicDescendantFilter.java,30,1,59,2,0.0,0,0,0,0.0,0.0,0,0,2,1,1,7,2,6,6,1,5,0.25,0.25,7,7,1,3,0.225806,7,0,0,0,0,0,21,27,2,0,2,0,4,0,3,0,4,6,0,3,0,24,30,4,0,4,0,4,2,3,0,4,6,2,3,0,0,0,20,0,0,0,0,0,1,0,0,0,13,0,0,0,0,0,0,6,0
260,L6801,DynamicNodeTestDescriptor,org.junit.jupiter.engine.descriptor.DynamicNodeTestDescriptor,L6334,L103,C:\Users\domco\Desktop\DP\repos\junit5\junit-jupiter-engine\src\main\java\org\junit\jupiter\engine\descriptor\DynamicNodeTestDescriptor.java,24,1,53,2,0.0,0,0,0,0.0,0.0,0,0,2,0,0,4,8,2,2,7,11,0.25,0.241379,7,5,1,3,0.241379,7,3,4,2,2,1,22,30,8,16,1,1,4,0,3,0,47,5,0,33,1,22,30,8,16,1,1,4,0,3,0,47,5,0,33,1,0,0,13,0,0,0,0,0,1,0,0,0,11,0,0,0,0,0,0,1,0
261,L6918,DynamicTestTestDescriptor,org.junit.jupiter.engine.descriptor.DynamicTestTestDescriptor,L6334,L103,C:\Users\domco\Desktop\DP\repos\junit5\junit-jupiter-engine\src\main\java\org\junit\jupiter\engine\descriptor\DynamicTestTestDescriptor.java,24,1,45,2,0.0,0,0,0,0.0,0.0,0,0,1,0,0,3,8,0,0,3,6,0.333333,0.227273,5,5,1,2,0.227273,5,4,5,0,0,1,17,22,9,16,1,1,3,0,2,0,48,5,0,33,1,17,22,9,16,1,1,3,0,2,0,48,5,0,33,1,0,0,10,0,0,0,0,0,0,0,0,0,9,0,0,0,0,0,0,1,1.0
262,L6935,ExtensionUtils,org.junit.jupiter.engine.descriptor.ExtensionUtils,L6334,L103,C:\Users\domco\Desktop\DP\repos\junit5\junit-jupiter-engine\src\main\java\org\junit\jupiter\engine\descriptor\ExtensionUtils.java,40,1,136,2,0.0,0,0,0,0.0,0.0,0,0,2,0,0,4,6,3,4,4,7,1.0,0.581818,32,29,1,0,0.390805,34,0,0,0,0,0,23,63,2,0,2,0,3,0,0,0,3,8,0,0,0,53,97,2,0,2,0,5,0,2,0,5,22,0,2,0,0,0,11,0,4,0,0,2,1,0,0,2,10,0,0,0,0,0,0,0,1.0
263,L6985,JupiterEngineDescriptor,org.junit.jupiter.engine.descriptor.JupiterEngineDescriptor,L6334,L103,C:\Users\domco\Desktop\DP\repos\junit5\junit-jupiter-engine\src\main\java\org\junit\jupiter\engine\descriptor\JupiterEngineDescriptor.java,28,1,55,2,0.0,0,0,0,0.0,0.0,0,0,2,0,0,3,10,6,6,10,13,0.25,0.192308,5,3,1,3,0.192308,5,3,4,0,0,2,21,28,5,11,0,0,3,0,3,0,36,6,0,34,1,21,28,5,11,0,0,3,0,3,0,36,6,0,34,1,0,0,11,0,0,0,0,0,1,0,0,0,9,0,0,1,0,0,0,0,0
264,L6997,JupiterEngineExtensionContext,org.junit.jupiter.engine.descriptor.JupiterEngineExtensionContext,L6334,L103,C:\Users\domco\Desktop\DP\repos\junit5\junit-jupiter-engine\src\main\java\org\junit\jupiter\engine\descriptor\JupiterEngineExtensionContext.java,27,1,66,2,0.0,0,0,0,0.0,0.0,0,0,0,0,0,7,5,2,4,1,8,0.125,0.0882353,3,3,1,7,0.0882353,3,2,2,0,0,1,31,40,6,17,0,6,7,0,7,0,24,7,0,21,0,31,40,6,17,0,6,7,0,7,0,24,7,0,21,0,0,0,19,0,0,0,0,0,0,0,0,0,17,0,0,0,0,0,0,2,0
265,L6504,JupiterTestDescriptor,org.junit.jupiter.engine.descriptor.JupiterTestDescriptor,L6334,L103,C:\Users\domco\Desktop\DP\repos\junit5\junit-jupiter-engine\src\main\java\org\junit\jupiter\engine\descriptor\JupiterTestDescriptor.java,54,1,222,2,0.0,0,0,0,0.0,0.0,0,0,6,2,2,28,27,9,10,20,35,0.6,0.20979,30,16,3,2,0.20979,30,2,3,3,10,2,113,169,7,16,2,6,15,0,4,0,45,44,0,32,1,113,169,7,16,2,6,15,0,4,0,45,44,0,32,1,0,0,28,3,2,2,0,0,1,0,1,0,23,0,1,1,0,2,0,2,0
266,L7101,LifecycleMethodUtils,org.junit.jupiter.engine.descriptor.LifecycleMethodUtils,L6334,L103,C:\Users\domco\Desktop\DP\repos\junit5\junit-jupiter-engine\src\main\java\org\junit\jupiter\engine\descriptor\LifecycleMethodUtils.java,33,1,100,2,0.0,0,0,0,0.0,0.0,0,0,4,1,1,15,8,2,9,5,16,1.0,0.0983607,6,5,1,0,0.0983607,6,0,0,0,0,0,55,68,0,0,0,0,11,0,0,0,11,20,0,0,0,55,68,0,0,0,0,11,0,0,0,11,20,0,0,0,0,0,23,0,4,0,0,4,1,0,0,0,22,0,0,0,0,0,0,0,0
267,L7150,MethodBasedTestDescriptor,org.junit.jupiter.engine.descriptor.MethodBasedTestDescriptor,L6334,L103,C:\Users\domco\Desktop\DP\repos\junit5\junit-jupiter-engine\src\main\java\org\junit\jupiter\engine\descriptor\MethodBasedTestDescriptor.java,29,1,88,2,0.0,0,0,0,0.0,0.0,0,0,1,0,0,9,9,9,25,9,18,0.166667,0.142857,7,6,1,5,0.142857,7,3,4,2,4,1,42,60,10,20,3,6,9,0,5,0,52,14,0,35,1,42,60,10,20,3,6,9,0,5,0,52,14,0,35,1,0,0,23,0,0,0,0,0,0,0,0,0,21,0,0,0,0,0,0,2,0
268,L7183,MethodExtensionContext,org.junit.jupiter.engine.descriptor.MethodExtensionContext,L6334,L103,C:\Users\domco\Desktop\DP\repos\junit5\junit-jupiter-engine\src\main\java\org\junit\jupiter\engine\descriptor\MethodExtensionContext.java,29,1,76,2,0.0,0,0,0,0.0,0.0,0,0,0,0,0,7,8,2,5,6,13,0.125,0.0769231,3,3,1,7,0.0769231,3,2,2,0,0,1,36,48,8,17,2,6,7,0,7,0,24,9,0,21,0,36,48,8,17,2,6,7,0,7,0,24,9,0,21,0,0,0,20,0,0,0,0,0,0,0,0,0,17,0,0,0,0,0,0,3,0
269,L7212,NestedClassTestDescriptor,org.junit.jupiter.engine.descriptor.NestedClassTestDescriptor,L6334,L103,C:\Users\domco\Desktop\DP\repos\junit5\junit-jupiter-engine\src\main\java\org\junit\jupiter\engine\descriptor\NestedClassTestDescriptor.java,38,1,76,2,0.0,0,0,0,0.0,0.0,0,0,1,0,0,3,10,6,4,6,9,0.666667,0.425,17,15,2,1,0.425,17,4,5,0,0,1,23,39,15,21,1,1,3,0,2,0,73,8,0,37,1,23,39,15,21,1,1,3,0,2,0,73,8,0,37,1,0,0,7,0,0,0,0,0,0,0,0,0,5,0,0,0,0,0,0,2,1.0
270,L7235,TestFactoryTestDescriptor,org.junit.jupiter.engine.descriptor.TestFactoryTestDescriptor,L6334,L103,C:\Users\domco\Desktop\DP\repos\junit5\junit-jupiter-engine\src\main\java\org\junit\jupiter\engine\descriptor\TestFactoryTestDescriptor.java,45,1,158,2,0.0,0,0,0,0.0,0.0,0,0,5,1,1,13,23,6,9,15,24,0.6,0.144578,12,12,3,2,0.144578,12,5,7,0,0,2,71,114,15,22,4,2,9,2,4,0,74,29,2,39,1,71,114,15,22,4,2,9,2,4,0,74,29,2,39,1,0,0,29,0,2,0,0,2,1,0,1,0,19,0,0,2,0,0,0,6,1.0
271,L7297,TestInstanceLifecycleUtils,org.junit.jupiter.engine.descriptor.TestInstanceLifecycleUtils,L6334,L103,C:\Users\domco\Desktop\DP\repos\junit5\junit-jupiter-engine\src\main\java\org\junit\jupiter\engine\descriptor\TestInstanceLifecycleUtils.java,32,1,79,2,0.0,0,0,0,0.0,0.0,0,0,0,2,2,5,8,2,8,6,9,1.0,0.25,11,7,1,0,0.25,11,0,0,0,0,0,33,48,1,2,1,2,3,0,0,0,3,16,0,0,0,33,48,1,2,1,2,3,0,0,0,3,16,0,0,0,0,1,4,1,2,0,0,2,0,0,0,1,4,0,1,0,0,0,0,0,0
272,L7186,TestMethodTestDescriptor,org.junit.jupiter.engine.descriptor.TestMethodTestDescriptor,L6334,L103,C:\Users\domco\Desktop\DP\repos\junit5\junit-jupiter-engine\src\main\java\org\junit\jupiter\engine\descriptor\TestMethodTestDescriptor.java,59,1,234,2,0.0,0,0,0,0.0,0.0,0,0,3,3,3,24,24,9,18,26,43,0.4,0.165563,25,19,2,3,0.165563,25,4,5,2,2,1,126,176,11,20,1,1,17,0,4,0,66,51,0,36,1,126,176,11,20,1,1,17,0,4,0,66,51,0,36,1,0,0,42,2,0,0,0,0,1,0,2,0,37,0,2,0,0,0,0,2,0
273,L7407,TestTemplateExtensionContext,org.junit.jupiter.engine.descriptor.TestTemplateExtensionContext,L6334,L103,C:\Users\domco\Desktop\DP\repos\junit5\junit-jupiter-engine\src\main\java\org\junit\jupiter\engine\descriptor\TestTemplateExtensionContext.java,25,1,67,2,0.0,0,0,0,0.0,0.0,0,0,0,0,0,7,7,1,1,5,12,0.142857,0.0833333,3,3,1,6,0.0833333,3,2,2,0,0,1,33,43,7,17,1,6,7,0,6,0,24,8,0,20,0,33,43,7,17,1,6,7,0,6,0,24,8,0,20,0,0,0,19,0,0,0,0,0,0,0,0,0,17,0,0,0,0,0,0,2,0
274,L7429,TestTemplateInvocationTestDescriptor,org.junit.jupiter.engine.descriptor.TestTemplateInvocationTestDescriptor,L6334,L103,C:\Users\domco\Desktop\DP\repos\junit5\junit-jupiter-engine\src\main\java\org\junit\jupiter\engine\descriptor\TestTemplateInvocationTestDescriptor.java,30,1,63,2,0.0,0,0,0,0.0,0.0,0,0,1,0,0,4,6,3,1,5,9,0.333333,0.205882,7,6,1,2,0.205882,7,5,6,0,0,1,27,34,14,21,3,1,4,1,2,0,69,8,1,37,1,27,34,14,21,3,1,4,1,2,0,69,8,1,37,1,0,0,18,0,0,0,0,0,0,0,0,0,11,0,0,1,0,0,0,6,1.0
275,L7410,TestTemplateTestDescriptor,org.junit.jupiter.engine.descriptor.TestTemplateTestDescriptor,L6334,L103,C:\Users\domco\Desktop\DP\repos\junit5\junit-jupiter-engine\src\main\java\org\junit\jupiter\engine\descriptor\TestTemplateTestDescriptor.java,38,1,141,2,0.0,0,0,0,0.0,0.0,0,0,4,1,1,11,18,3,2,23,33,0.571429,0.179775,16,9,4,3,0.179775,16,4,6,0,0,2,73,104,11,21,1,2,10,0,6,0,58,23,0,37,1,73,104,11,21,1,2,10,0,6,0,58,23,0,37,1,0,0,27,0,0,0,0,0,1,0,2,0,21,0,0,2,0,0,0,1,0
276,L7499,ExtensionUtilsTests,org.junit.jupiter.engine.descriptor.ExtensionUtilsTests,L6334,L103,C:\Users\domco\Desktop\DP\repos\junit5\junit-jupiter-engine\src\test\java\org\junit\jupiter\engine\descriptor\ExtensionUtilsTests.java,32,1,84,2,0.0,0,0,0,0.0,0.0,0,0,3,1,1,6,4,0,0,0,5,1.0,0.173913,8,5,1,0,0.166667,8,0,0,0,0,0,38,51,8,0,8,0,5,0,0,0,5,7,0,0,0,40,53,8,0,8,0,5,0,0,0,5,7,0,0,0,0,0,15,2,11,0,0,8,1,0,0,3,13,0,2,0,0,0,0,1,0
277,L7527,JupiterTestDescriptorTests,org.junit.jupiter.engine.descriptor.JupiterTestDescriptorTests,L6334,L103,C:\Users\domco\Desktop\DP\repos\junit5\junit-jupiter-engine\src\test\java\org\junit\jupiter\engine\descriptor\JupiterTestDescriptorTests.java,50,1,342,2,0.0,0,0,0,0.0,0.0,0,0,1,0,0,15,22,0,0,17,32,1.0,0.115108,16,8,1,0,0.0921053,21,0,0,0,0,0,123,182,2,0,2,0,15,0,0,0,15,68,0,0,0,207,293,2,0,2,0,32,0,1,0,33,68,0,2,0,0,0,91,19,86,44,0,32,5,0,1,9,85,17,2,0,0,1,0,0,1.0
278,L7660,LifecycleMethodUtilsTests,org.junit.jupiter.engine.descriptor.LifecycleMethodUtilsTests,L6334,L103,C:\Users\domco\Desktop\DP\repos\junit5\junit-jupiter-engine\src\test\java\org\junit\jupiter\engine\descriptor\LifecycleMethodUtilsTests.java,39,1,137,2,0.0,0,0,0,0.0,0.0,0,0,7,0,0,13,6,0,0,6,19,1.0,0.0595238,5,5,1,0,0.0595238,5,0,0,0,0,0,79,99,0,0,0,0,13,0,0,0,13,24,0,0,0,79,99,0,0,0,0,13,0,0,0,13,24,0,0,0,0,0,29,0,27,15,0,12,1,0,0,0,28,0,0,0,0,0,0,0,0
279,L7668,TestCaseWithStandardLifecycle,org.junit.jupiter.engine.descriptor.TestCaseWithStandardLifecycle,L6334,L103,C:\Users\domco\Desktop\DP\repos\junit5\junit-jupiter-engine\src\test\java\org\junit\jupiter\engine\descriptor\LifecycleMethodUtilsTests.java,139,1,169,2,0.0,0,0,0,0.0,0.0,0,0,7,0,0,7,4,1,0,0,7,0.0,0.0,0,0,0,1,0.0,0,0,0,0,0,0,23,31,0,0,0,0,7,0,0,0,7,0,0,0,0,23,31,0,0,0,0,7,0,0,0,7,0,0,0,0,0,0,18,0,15,0,0,7,1,0,0,0,17,7,1,0,0,0,0,0,0
280,L7677,TestCaseWithLifecyclePerClass,org.junit.jupiter.engine.descriptor.TestCaseWithLifecyclePerClass,L6334,L103,C:\Users\domco\Desktop\DP\repos\junit5\junit-jupiter-engine\src\test\java\org\junit\jupiter\engine\descriptor\LifecycleMethodUtilsTests.java,171,1,190,2,0.0,0,0,0,0.0,0.0,0,0,4,0,0,4,3,1,0,0,4,0.0,0.0,0,0,0,1,0.0,0,0,0,0,0,0,15,20,0,0,0,0,4,0,0,0,4,0,0,0,0,15,20,0,0,0,0,4,0,0,0,4,0,0,0,0,0,0,12,0,9,0,0,4,1,0,0,0,11,4,1,0,0,0,0,0,0
281,L7697,TestCaseWithNonVoidLifecyleMethods,org.junit.jupiter.engine.descriptor.TestCaseWithNonVoidLifecyleMethods,L6334,L103,C:\Users\domco\Desktop\DP\repos\junit5\junit-jupiter-engine\src\test\java\org\junit\jupiter\engine\descriptor\LifecycleMethodUtilsTests.java,192,1,214,2,0.0,0,0,0,0.0,0.0,0,0,4,0,0,4,4,0,0,0,4,0.0,0.0,0,0,0,1,0.0,0,0,0,0,0,0,18,23,0,0,0,0,4,0,0,0,4,4,0,0,0,18,23,0,0,0,0,4,0,0,0,4,4,0,0,0,0,0,12,0,9,0,0,8,1,0,0,0,11,0,1,0,0,0,0,0,0
282,L7732,TestDescriptorBuilder<T extends TestDescriptor>,org.junit.jupiter.engine.descriptor.TestDescriptorBuilder,L6334,L103,C:\Users\domco\Desktop\DP\repos\junit5\junit-jupiter-engine\src\test\java\org\junit\jupiter\engine\descriptor\TestDescriptorBuilder.java,26,1,92,2,0.0,0,0,0,0.0,0.0,0,0,4,0,0,6,5,4,6,2,8,0.166667,0.115385,3,3,1,5,0.0566038,3,0,0,2,3,0,23,34,2,0,2,0,6,0,5,0,6,8,0,5,0,50,67,4,0,4,0,11,0,7,0,28,14,0,23,0,0,0,35,0,5,0,0,5,1,0,0,0,34,0,0,0,0,0,0,0,0
283,L7802,TestFactoryTestDescriptorTests,org.junit.jupiter.engine.descriptor.TestFactoryTestDescriptorTests,L6334,L103,C:\Users\domco\Desktop\DP\repos\junit5\junit-jupiter-engine\src\test\java\org\junit\jupiter\engine\descriptor\TestFactoryTestDescriptorTests.java,46,1,173,2,0.0,0,0,0,0.0,0.0,0,0,0,0,0,0,0,0,0,0,0,1.0,0.714286,5,5,1,0,0.0784314,8,0,0,0,0,0,2,9,0,0,0,0,0,0,0,0,0,0,0,0,0,94,128,5,0,5,0,10,0,0,0,10,49,0,0,0,0,0,31,1,12,4,0,8,1,0,1,1,29,0,0,0,0,0,0,0,0
284,L7892,TestInstanceLifecycleUtilsTests,org.junit.jupiter.engine.descriptor.TestInstanceLifecycleUtilsTests,L6334,L103,C:\Users\domco\Desktop\DP\repos\junit5\junit-jupiter-engine\src\test\java\org\junit\jupiter\engine\descriptor\TestInstanceLifecycleUtilsTests.java,47,1,151,2,0.0,0,0,0,0.0,0.0,0,0,1,0,0,10,9,0,0,5,15,1.0,0.212766,20,10,1,0,0.185185,20,0,0,0,0,0,74,91,1,9,1,9,10,0,0,0,10,29,0,0,0,88,105,1,9,1,9,10,0,0,0,10,29,0,0,0,0,4,34,0,15,3,0,12,0,0,0,0,32,0,4,0,0,0,0,2,0
285,L7928,TestTemplateTestDescriptorTests,org.junit.jupiter.engine.descriptor.TestTemplateTestDescriptorTests,L6334,L103,C:\Users\domco\Desktop\DP\repos\junit5\junit-jupiter-engine\src\test\java\org\junit\jupiter\engine\descriptor\TestTemplateTestDescriptorTests.java,30,1,72,2,0.0,0,0,0,0.0,0.0,0,0,1,0,0,2,7,0,0,6,8,1.0,0.208333,5,5,1,0,0.128205,5,0,0,0,0,0,19,25,0,0,0,0,2,0,0,0,2,7,0,0,0,34,43,5,10,0,2,5,0,2,0,30,9,0,25,1,0,0,18,1,3,0,0,2,0,0,0,1,18,1,0,0,0,0,0,0,0
286,L7972,AbstractMethodResolver,org.junit.jupiter.engine.discovery.AbstractMethodResolver,L7953,L103,C:\Users\domco\Desktop\DP\repos\junit5\junit-jupiter-engine\src\main\java\org\junit\jupiter\engine\discovery\AbstractMethodResolver.java,28,1,103,2,0.0,0,0,0,0.0,0.0,0,0,1,1,1,15,7,3,3,7,15,0.333333,0.0491803,3,3,1,2,0.0491803,3,1,1,3,3,1,58,76,3,0,3,0,8,0,2,0,8,28,0,2,0,58,76,3,0,3,0,8,0,2,0,8,28,0,2,0,0,0,19,0,0,0,0,0,0,0,0,0,19,0,0,0,0,0,0,0,0
287,L8036,DiscoveryFilterApplier,org.junit.jupiter.engine.discovery.DiscoveryFilterApplier,L7953,L103,C:\Users\domco\Desktop\DP\repos\junit5\junit-jupiter-engine\src\main\java\org\junit\jupiter\engine\discovery\DiscoveryFilterApplier.java,24,1,46,2,0.0,0,0,0,0.0,0.0,0,0,2,1,1,3,4,2,2,2,4,1.0,0.315789,6,5,1,0,0.315789,6,0,0,0,0,0,13,23,0,0,0,0,2,0,0,0,2,5,0,0,0,13,23,0,0,0,0,2,0,0,0,2,5,0,0,0,0,0,5,0,1,0,0,1,1,0,0,0,4,0,0,0,0,0,0,0,0
288,L8053,DiscoverySelectorResolver,org.junit.jupiter.engine.discovery.DiscoverySelectorResolver,L7953,L103,C:\Users\domco\Desktop\DP\repos\junit5\junit-jupiter-engine\src\main\java\org\junit\jupiter\engine\discovery\DiscoverySelectorResolver.java,42,1,85,2,0.0,0,0,0,0.0,0.0,0,0,1,0,0,5,20,3,43,11,16,0.5,0.217391,10,10,1,1,0.217391,10,0,0,0,0,0,36,44,1,0,1,0,5,0,1,0,5,20,0,1,0,36,44,1,0,1,0,5,0,1,0,5,20,0,1,0,0,0,14,0,0,0,0,0,0,0,1,0,13,0,0,0,0,0,0,0,0
289,L8078,JavaElementsResolver,org.junit.jupiter.engine.discovery.JavaElementsResolver,L7953,L103,C:\Users\domco\Desktop\DP\repos\junit5\junit-jupiter-engine\src\main\java\org\junit\jupiter\engine\discovery\JavaElementsResolver.java,70,1,337,2,0.0,0,0,0,0.0,0.0,0,0,2,3,2,40,20,2,1,28,48,1.0,0.141026,33,19,1,0,0.141026,33,0,0,0,0,0,201,268,5,0,5,0,20,0,0,0,20,98,0,0,0,201,268,5,0,5,0,20,0,0,0,20,98,0,0,0,0,0,40,7,7,0,0,7,1,0,1,0,38,0,7,0,0,0,0,0,0
290,L7978,MethodFinder,org.junit.jupiter.engine.discovery.MethodFinder,L7953,L103,C:\Users\domco\Desktop\DP\repos\junit5\junit-jupiter-engine\src\main\java\org\junit\jupiter\engine\discovery\MethodFinder.java,24,1,40,2,0.0,0,0,0,0.0,0.0,0,0,1,0,0,1,2,1,1,2,3,1.0,0.266667,4,4,1,0,0.266667,4,0,0,0,0,0,11,17,1,0,1,0,1,0,0,0,1,5,0,0,0,11,17,1,0,1,0,1,0,0,0,1,5,0,0,0,0,0,2,0,1,0,0,1,0,0,0,0,2,0,0,0,0,0,0,0,0
291,L8128,NestedTestsResolver,org.junit.jupiter.engine.discovery.NestedTestsResolver,L7953,L103,C:\Users\domco\Desktop\DP\repos\junit5\junit-jupiter-engine\src\main\java\org\junit\jupiter\engine\discovery\NestedTestsResolver.java,23,1,63,2,0.0,0,0,0,0.0,0.0,0,0,3,0,0,7,7,2,1,4,11,0.5,0.0882353,3,3,1,1,0.0882353,3,2,2,0,0,1,31,41,5,6,2,3,7,0,1,0,17,7,0,4,0,31,41,5,6,2,3,7,0,1,0,17,7,0,4,0,0,0,18,0,1,0,0,1,1,0,0,0,17,0,0,0,0,0,0,0,0
292,L8123,TestContainerResolver,org.junit.jupiter.engine.discovery.TestContainerResolver,L7953,L103,C:\Users\domco\Desktop\DP\repos\junit5\junit-jupiter-engine\src\main\java\org\junit\jupiter\engine\discovery\TestContainerResolver.java,28,1,110,2,0.0,0,0,0,0.0,0.0,0,0,1,1,1,16,8,3,2,7,17,0.25,0.046875,3,3,1,3,0.046875,3,1,1,1,1,1,61,83,3,3,3,3,10,0,3,0,10,28,0,3,0,61,83,3,3,3,3,10,0,3,0,10,28,0,3,0,0,0,23,0,1,0,0,1,0,0,0,0,23,0,0,0,0,0,0,0,0
293,L8138,TestFactoryMethodResolver,org.junit.jupiter.engine.discovery.TestFactoryMethodResolver,L7953,L103,C:\Users\domco\Desktop\DP\repos\junit5\junit-jupiter-engine\src\main\java\org\junit\jupiter\engine\discovery\TestFactoryMethodResolver.java,33,1,48,2,0.0,0,0,0,0.0,0.0,0,0,1,0,0,2,4,2,1,2,4,1.0,0.5,11,11,1,0,0.5,11,2,2,0,0,1,11,16,5,0,2,0,2,0,0,0,9,2,0,2,0,11,16,5,0,2,0,2,0,0,0,9,2,0,2,0,0,0,4,0,1,0,0,1,0,0,0,0,4,0,0,0,0,0,0,0,0
294,L8133,TestMethodResolver,org.junit.jupiter.engine.discovery.TestMethodResolver,L7953,L103,C:\Users\domco\Desktop\DP\repos\junit5\junit-jupiter-engine\src\main\java\org\junit\jupiter\engine\discovery\TestMethodResolver.java,33,1,48,2,0.0,0,0,0,0.0,0.0,0,0,1,0,0,2,4,2,1,2,4,1.0,0.5,11,11,1,0,0.5,11,2,2,0,0,1,11,16,5,0,2,0,2,0,0,0,9,2,0,2,0,11,16,5,0,2,0,2,0,0,0,9,2,0,2,0,0,0,4,0,1,0,0,1,0,0,0,0,4,0,0,0,0,0,0,0,0
295,L8143,TestTemplateMethodResolver,org.junit.jupiter.engine.discovery.TestTemplateMethodResolver,L7953,L103,C:\Users\domco\Desktop\DP\repos\junit5\junit-jupiter-engine\src\main\java\org\junit\jupiter\engine\discovery\TestTemplateMethodResolver.java,33,1,48,2,0.0,0,0,0,0.0,0.0,0,0,1,0,0,2,4,2,1,2,4,1.0,0.5,11,11,1,0,0.5,11,2,2,0,0,1,11,16,5,0,2,0,2,0,0,0,9,2,0,2,0,11,16,5,0,2,0,2,0,0,0,9,2,0,2,0,0,0,4,0,1,0,0,1,0,0,0,0,4,0,0,0,0,0,0,0,0
296,L8772,DiscoveryFilterApplierTests,org.junit.jupiter.engine.discovery.DiscoveryFilterApplierTests,L7953,L103,C:\Users\domco\Desktop\DP\repos\junit5\junit-jupiter-engine\src\test\java\org\junit\jupiter\engine\discovery\DiscoveryFilterApplierTests.java,33,1,156,2,0.545455,2,4,4,0.508065,0.511628,63,44,1,0,0,7,11,0,0,13,20,1.0,0.177083,17,5,1,0,0.165049,17,0,0,0,0,0,79,117,0,0,0,0,7,0,0,0,7,20,0,0,0,86,124,0,0,0,0,7,0,0,0,7,20,0,0,0,0,0,57,2,7,1,31,6,0,0,1,0,25,0,2,0,0,0,0,0,0
297,L8818,DiscoverySelectorResolverTests,org.junit.jupiter.engine.discovery.DiscoverySelectorResolverTests,L7953,L103,C:\Users\domco\Desktop\DP\repos\junit5\junit-jupiter-engine\src\test\java\org\junit\jupiter\engine\discovery\DiscoverySelectorResolverTests.java,77,1,726,2,0.268082,6,12,12,0.216923,0.230159,141,116,1,1,1,48,44,0,0,38,86,1.0,0.0649351,35,3,1,0,0.0649351,35,0,0,0,0,0,504,650,2,1,2,1,48,0,0,0,48,298,0,0,0,504,650,2,1,2,1,48,0,0,0,48,298,0,0,0,0,0,181,10,118,77,72,41,0,0,13,2,94,0,8,0,0,0,0,2,0
298,L8830,NonTestClass,org.junit.jupiter.engine.discovery.NonTestClass,L7953,L103,C:\Users\domco\Desktop\DP\repos\junit5\junit-jupiter-engine\src\test\java\org\junit\jupiter\engine\discovery\DiscoverySelectorResolverTests.java,730,1,731,2,0.0,0,0,0,0.0,0.0,0,0,0,0,0,0,0,1,0,0,0,1.0,0.333333,1,1,1,0,0.333333,1,0,0,0,0,0,2,2,0,0,0,0,0,0,0,0,0,0,0,0,0,2,2,0,0,0,0,0,0,0,0,0,0,0,0,0,0,0,0,0,1,0,0,0,0,0,0,0,0,0,1,0,0,0,0,0,0
299,L8842,AbstractTestClass,org.junit.jupiter.engine.discovery.AbstractTestClass,L7953,L103,C:\Users\domco\Desktop\DP\repos\junit5\junit-jupiter-engine\src\test\java\org\junit\jupiter\engine\discovery\DiscoverySelectorResolverTests.java,733,1,738,2,0.0,0,0,0,0.0,0.0,0,0,1,0,0,1,1,1,0,0,1,0.0,0.0,0,0,0,1,0.0,0,0,0,0,0,0,5,6,0,0,0,0,1,0,0,0,1,0,0,0,0,5,6,0,0,0,0,1,0,0,0,1,0,0,0,0,0,0,5,2,3,2,0,2,0,0,0,0,5,1,0,0,0,0,0,0,0
300,L8850,MyTestClass,org.junit.jupiter.engine.discovery.MyTestClass,L7953,L103,C:\Users\domco\Desktop\DP\repos\junit5\junit-jupiter-engine\src\test\java\org\junit\jupiter\engine\discovery\DiscoverySelectorResolverTests.java,740,1,757,2,0.0,0,0,0,0.0,0.0,0,0,4,0,0,4,3,2,0,0,4,0.0,0.0,0,0,0,1,0.0,0,0,0,1,1,0,14,18,0,0,0,0,4,0,0,0,4,1,0,0,0,14,18,0,0,0,0,4,0,0,0,4,1,0,0,0,0,0,12,2,7,2,0,4,1,0,0,0,11,3,0,0,0,0,0,0,0
301,L8863,YourTestClass,org.junit.jupiter.engine.discovery.YourTestClass,L7953,L103,C:\Users\domco\Desktop\DP\repos\junit5\junit-jupiter-engine\src\test\java\org\junit\jupiter\engine\discovery\DiscoverySelectorResolverTests.java,759,1,768,2,0.0,0,0,0,0.0,0.0,0,0,2,0,0,2,1,1,0,0,2,0.0,0.0,0,0,0,1,0.0,0,0,0,0,0,0,8,10,0,0,0,0,2,0,0,0,2,0,0,0,0,8,10,0,0,0,0,2,0,0,0,2,0,0,0,0,0,0,8,2,4,2,0,2,1,0,0,0,7,2,0,0,0,0,0,0,0
302,L8890,HerTestClass,org.junit.jupiter.engine.discovery.HerTestClass,L7953,L103,C:\Users\domco\Desktop\DP\repos\junit5\junit-jupiter-engine\src\test\java\org\junit\jupiter\engine\discovery\DiscoverySelectorResolverTests.java,770,1,775,2,0.0,0,0,0,0.0,0.0,0,0,1,0,0,1,2,1,0,0,1,0.0,0.0,0,0,0,1,0.0,0,1,1,0,0,1,5,6,0,0,0,0,1,0,0,0,5,0,0,0,0,5,6,0,0,0,0,1,0,0,0,5,0,0,0,0,0,0,5,1,2,1,0,1,0,0,0,0,5,1,0,0,0,0,0,0,0
303,L8880,OtherTestClass,org.junit.jupiter.engine.discovery.OtherTestClass,L7953,L103,C:\Users\domco\Desktop\DP\repos\junit5\junit-jupiter-engine\src\test\java\org\junit\jupiter\engine\discovery\DiscoverySelectorResolverTests.java,777,1,789,2,0.0,0,0,0,0.0,0.0,0,0,0,0,0,0,0,1,0,0,0,0.0,0.0,0,0,0,1,0.0,0,0,0,0,0,0,2,3,0,0,0,0,0,0,0,0,0,0,0,0,0,10,13,0,0,0,0,2,0,0,0,2,0,0,0,0,0,0,11,2,5,2,0,2,1,0,0,0,10,2,1,0,0,0,0,0,0
304,L8979,TestCaseWithNesting,org.junit.jupiter.engine.discovery.TestCaseWithNesting,L7953,L103,C:\Users\domco\Desktop\DP\repos\junit5\junit-jupiter-engine\src\test\java\org\junit\jupiter\engine\discovery\DiscoverySelectorResolverTests.java,791,1,812,2,0.0,0,0,0,0.0,0.0,0,0,1,0,0,1,1,1,0,0,1,0.0,0.0,0,0,0,1,0.0,0,0,0,0,0,0,5,7,0,0,0,0,1,0,0,0,1,0,0,0,0,17,22,0,0,0,0,3,0,0,0,3,0,0,0,0,0,0,15,3,6,3,0,3,0,0,0,0,15,3,0,0,0,0,0,0,0
305,L8995,TestClassWithTemplate,org.junit.jupiter.engine.discovery.TestClassWithTemplate,L7953,L103,C:\Users\domco\Desktop\DP\repos\junit5\junit-jupiter-engine\src\test\java\org\junit\jupiter\engine\discovery\DiscoverySelectorResolverTests.java,814,1,819,2,0.0,0,0,0,0.0,0.0,0,0,1,0,0,1,1,1,0,0,1,0.0,0.0,0,0,0,1,0.0,0,0,0,0,0,0,5,6,0,0,0,0,1,0,0,0,1,0,0,0,0,5,6,0,0,0,0,1,0,0,0,1,0,0,0,0,0,0,5,0,3,0,0,1,0,0,0,0,5,1,1,0,0,0,0,0,0
306,L9057,DiscoveryTests,org.junit.jupiter.engine.discovery.DiscoveryTests,L7953,L103,C:\Users\domco\Desktop\DP\repos\junit5\junit-jupiter-engine\src\test\java\org\junit\jupiter\engine\discovery\DiscoveryTests.java,39,1,180,2,0.0,0,0,0,0.0,0.0,0,0,1,0,0,10,13,0,0,14,24,1.0,0.0641026,5,5,1,0,0.0614035,7,1,1,0,0,1,73,96,1,0,0,0,10,0,0,0,16,33,0,0,0,107,142,1,0,0,0,18,0,0,0,24,33,0,0,0,0,0,49,8,27,8,0,19,1,0,1,0,47,7,1,0,0,0,0,0,1.0
307,L9102,JupiterUniqueIdBuilder,org.junit.jupiter.engine.discovery.JupiterUniqueIdBuilder,L7953,L103,C:\Users\domco\Desktop\DP\repos\junit5\junit-jupiter-engine\src\test\java\org\junit\jupiter\engine\discovery\JupiterUniqueIdBuilder.java,24,1,55,2,0.0,0,0,0,0.0,0.0,0,0,1,1,1,8,8,2,40,3,9,0.142857,0.21875,7,7,1,6,0.21875,7,0,0,0,0,0,25,32,0,0,0,0,6,0,6,0,6,10,0,6,0,25,32,0,0,0,0,6,0,6,0,6,10,0,6,0,0,0,15,0,0,0,0,0,0,0,0,0,15,0,0,0,0,0,0,0,0
308,L9145,ConditionEvaluationException,org.junit.jupiter.engine.execution.ConditionEvaluationException,L9117,L103,C:\Users\domco\Desktop\DP\repos\junit5\junit-jupiter-engine\src\main\java\org\junit\jupiter\engine\execution\ConditionEvaluationException.java,23,1,31,2,0.0,0,0,0,0.0,0.0,0,0,0,0,0,1,1,1,1,1,2,0.5,0.538462,7,7,1,1,0.538462,7,1,1,0,0,1,6,9,2,0,1,0,1,0,1,0,3,1,0,3,0,6,9,2,0,1,0,1,0,1,0,3,1,0,3,0,0,0,3,0,0,0,0,0,0,0,0,0,3,0,0,0,0,0,0,0,0
309,L7029,ConditionEvaluator,org.junit.jupiter.engine.execution.ConditionEvaluator,L9117,L103,C:\Users\domco\Desktop\DP\repos\junit5\junit-jupiter-engine\src\main\java\org\junit\jupiter\engine\execution\ConditionEvaluator.java,39,1,132,2,0.0,0,0,0,0.0,0.0,0,0,2,2,2,11,10,1,1,8,15,1.0,0.309524,26,19,2,0,0.309524,26,0,0,0,0,0,58,94,4,1,4,1,7,0,1,0,7,21,0,1,0,58,94,4,1,4,1,7,0,1,0,7,21,0,1,0,0,0,9,1,1,1,0,0,1,0,0,1,8,0,0,0,0,0,0,0,0
310,L9200,DefaultParameterContext,org.junit.jupiter.engine.execution.DefaultParameterContext,L9117,L103,C:\Users\domco\Desktop\DP\repos\junit5\junit-jupiter-engine\src\main\java\org\junit\jupiter\engine\execution\DefaultParameterContext.java,31,1,130,2,0.154206,1,1,1,0.1,0.150943,10,8,1,1,1,12,5,1,1,10,19,0.125,0.397727,35,33,1,7,0.397727,35,1,1,0,0,1,53,100,3,5,3,4,9,0,7,0,10,16,0,8,0,53,100,3,5,3,4,9,0,7,0,10,16,0,8,0,0,0,26,0,0,0,9,0,0,0,0,0,17,0,0,0,0,0,0,0,0
311,L6508,ExecutableInvoker,org.junit.jupiter.engine.execution.ExecutableInvoker,L9117,L103,C:\Users\domco\Desktop\DP\repos\junit5\junit-jupiter-engine\src\main\java\org\junit\jupiter\engine\execution\ExecutableInvoker.java,44,1,257,2,0.0,0,0,0,0.0,0.0,0,0,1,2,2,21,10,4,4,12,21,1.0,0.453125,87,79,5,0,0.453125,87,0,0,0,0,0,105,214,1,0,1,0,9,0,4,0,9,41,0,4,0,105,214,1,0,1,0,9,0,4,0,9,41,0,4,0,0,0,6,1,1,0,0,0,0,0,0,1,6,0,1,0,0,0,0,0,0
312,L6388,ExtensionValuesStore,org.junit.jupiter.engine.execution.ExtensionValuesStore,L9117,L103,C:\Users\domco\Desktop\DP\repos\junit5\junit-jupiter-engine\src\main\java\org\junit\jupiter\engine\execution\ExtensionValuesStore.java,38,1,197,2,0.0,0,0,0,0.0,0.0,0,0,1,2,2,22,10,9,38,8,19,0.666667,0.148936,14,12,2,1,0.0992908,14,0,0,0,0,0,80,103,2,3,2,3,11,0,2,0,11,40,0,2,0,127,160,8,3,8,3,16,0,5,0,16,57,0,5,0,0,0,39,0,7,0,0,7,0,0,0,0,39,0,0,0,0,0,0,0,0
313,L6590,JupiterEngineExecutionContext,org.junit.jupiter.engine.execution.JupiterEngineExecutionContext,L9117,L103,C:\Users\domco\Desktop\DP\repos\junit5\junit-jupiter-engine\src\main\java\org\junit\jupiter\engine\execution\JupiterEngineExecutionContext.java,29,1,195,2,0.0,0,0,0,0.0,0.0,0,0,3,2,2,16,11,15,30,4,18,0.357143,0.2625,21,21,5,9,0.153285,21,1,1,0,0,1,59,97,4,6,4,6,14,0,13,0,14,19,0,13,0,116,167,12,6,12,6,23,0,19,0,23,40,0,19,0,0,0,51,2,12,0,0,6,1,0,1,2,46,0,3,0,0,3,0,3,0
314,L6442,NamespaceAwareStore,org.junit.jupiter.engine.execution.NamespaceAwareStore,L9117,L103,C:\Users\domco\Desktop\DP\repos\junit5\junit-jupiter-engine\src\main\java\org\junit\jupiter\engine\execution\NamespaceAwareStore.java,25,1,83,2,0.0,0,0,0,0.0,0.0,0,0,1,0,0,8,4,3,3,8,16,0.111111,0.0576923,3,3,1,8,0.0576923,3,1,1,0,0,1,49,59,2,3,2,2,8,0,8,0,9,21,0,9,0,49,59,2,3,2,2,8,0,8,0,9,21,0,9,0,0,0,19,1,0,0,0,0,0,0,0,0,19,0,1,0,0,0,0,0,0
315,L9584,ExecutableInvokerTests,org.junit.jupiter.engine.execution.ExecutableInvokerTests,L9117,L103,C:\Users\domco\Desktop\DP\repos\junit5\junit-jupiter-engine\src\test\java\org\junit\jupiter\engine\execution\ExecutableInvokerTests.java,41,1,435,2,0.0,0,0,0,0.0,0.0,0,0,2,1,1,28,18,1,0,20,47,1.0,0.0829268,17,5,1,0,0.0606061,18,0,0,0,0,0,188,275,6,0,6,0,27,0,0,0,27,90,0,0,0,279,395,14,0,14,0,46,0,12,0,46,109,0,12,0,0,0,127,2,46,20,0,26,4,0,1,1,118,0,1,0,0,0,0,4,0
316,L9776,ExtensionContextTests,org.junit.jupiter.engine.execution.ExtensionContextTests,L9117,L103,C:\Users\domco\Desktop\DP\repos\junit5\junit-jupiter-engine\src\test\java\org\junit\jupiter\engine\execution\ExtensionContextTests.java,59,1,322,2,0.0,0,0,0,0.0,0.0,0,0,1,1,1,12,26,0,0,32,42,1.0,0.0865385,18,8,1,0,0.0779221,18,0,0,0,0,0,190,236,1,0,1,0,10,0,0,0,10,97,0,0,0,213,264,2,1,1,1,14,0,3,0,15,100,1,4,0,0,0,46,4,34,25,0,8,1,0,3,2,39,1,2,0,0,0,0,3,0
317,L9842,ExtensionStoreConcurrencyTests,org.junit.jupiter.engine.execution.ExtensionStoreConcurrencyTests,L9117,L103,C:\Users\domco\Desktop\DP\repos\junit5\junit-jupiter-engine\src\test\java\org\junit\jupiter\engine\execution\ExtensionStoreConcurrencyTests.java,27,1,52,2,0.0,0,0,0,0.0,0.0,0,0,2,0,0,3,5,0,0,2,5,1.0,0.304348,7,5,1,0,0.304348,7,0,0,0,0,0,16,26,1,0,1,0,3,0,0,0,3,5,0,0,0,16,26,1,0,1,0,3,0,0,0,3,5,0,0,0,0,0,5,1,1,1,0,1,1,0,0,0,4,0,0,0,0,0,0,0,0
318,L9857,ExtensionValuesStoreTests,org.junit.jupiter.engine.execution.ExtensionValuesStoreTests,L9117,L103,C:\Users\domco\Desktop\DP\repos\junit5\junit-jupiter-engine\src\test\java\org\junit\jupiter\engine\execution\ExtensionValuesStoreTests.java,32,1,377,2,0.0556465,1,2,2,0.0635838,0.0772201,22,20,1,0,0,1,2,3,3,1,2,1.0,0.333333,6,6,1,0,0.064982,18,0,0,0,0,0,12,20,6,0,6,0,1,0,0,0,1,1,0,0,0,259,346,6,8,6,8,31,0,1,0,31,142,0,1,0,0,0,97,5,50,19,16,29,3,0,0,3,75,0,4,0,0,0,0,3,0
319,L10084,JupiterEngineExecutionContextTests,org.junit.jupiter.engine.execution.JupiterEngineExecutionContextTests,L9117,L103,C:\Users\domco\Desktop\DP\repos\junit5\junit-jupiter-engine\src\test\java\org\junit\jupiter\engine\execution\JupiterEngineExecutionContextTests.java,29,1,89,2,0.0,0,0,0,0.0,0.0,0,0,1,0,0,3,11,0,0,14,17,1.0,0.238806,16,5,1,0,0.238806,16,0,0,0,0,0,51,61,3,0,3,0,3,0,0,0,3,22,0,0,0,51,61,3,0,3,0,3,0,0,0,3,22,0,0,0,0,0,11,0,14,11,0,3,0,0,3,0,8,0,0,0,0,0,0,0,0
320,L10096,UniqueIdParsingForArrayParameterIntegrationTests,org.junit.jupiter.engine.execution.UniqueIdParsingForArrayParameterIntegrationTests,L9117,L103,C:\Users\domco\Desktop\DP\repos\junit5\junit-jupiter-engine\src\test\java\org\junit\jupiter\engine\execution\UniqueIdParsingForArrayParameterIntegrationTests.java,35,1,67,2,0.0,0,0,0,0.0,0.0,0,0,1,0,0,1,6,0,0,8,9,1.0,0.392857,11,9,1,0,0.314286,11,1,1,0,0,1,17,25,1,0,0,0,1,0,0,0,7,6,0,0,0,24,33,1,0,0,0,2,0,0,0,8,7,0,0,0,0,0,7,0,4,2,0,2,0,0,0,0,7,0,0,0,0,0,0,0,0
321,L10155,DisabledCondition,org.junit.jupiter.engine.extension.DisabledCondition,L10123,L103,C:\Users\domco\Desktop\DP\repos\junit5\junit-jupiter-engine\src\main\java\org\junit\jupiter\engine\extension\DisabledCondition.java,31,1,53,2,0.0,0,0,0,0.0,0.0,0,0,1,1,1,2,5,1,0,4,5,1.0,0.423077,11,11,2,0,0.423077,11,2,2,0,0,1,15,23,1,0,1,0,1,0,1,0,1,6,0,1,0,15,23,1,0,1,0,1,0,1,0,1,6,0,1,0,0,0,0,0,0,0,0,0,0,0,0,0,0,0,0,0,0,0,0,0,0
322,L6594,ExtensionRegistry,org.junit.jupiter.engine.extension.ExtensionRegistry,L10123,L103,C:\Users\domco\Desktop\DP\repos\junit5\junit-jupiter-engine\src\main\java\org\junit\jupiter\engine\extension\ExtensionRegistry.java,50,1,252,2,0.0,0,0,0,0.0,0.0,0,0,1,1,1,18,8,18,26,7,20,1.0,0.582011,110,99,7,0,0.582011,110,0,0,0,0,0,79,203,5,2,5,2,13,0,6,0,13,31,0,6,0,79,203,5,2,5,2,13,0,6,0,13,31,0,6,0,0,0,6,0,5,0,0,4,0,0,0,1,6,0,0,0,0,0,0,0,1.0
323,L10272,RepeatedTestDisplayNameFormatter,org.junit.jupiter.engine.extension.RepeatedTestDisplayNameFormatter,L10123,L103,C:\Users\domco\Desktop\DP\repos\junit5\junit-jupiter-engine\src\main\java\org\junit\jupiter\engine\extension\RepeatedTestDisplayNameFormatter.java,24,1,41,2,0.0,0,0,0,0.0,0.0,0,0,1,0,0,2,1,2,2,0,2,1.0,0.363636,8,5,1,0,0.363636,8,0,0,0,0,0,14,18,2,0,2,0,2,0,0,0,2,3,0,0,0,14,18,2,0,2,0,2,0,0,0,2,3,0,0,0,0,0,2,0,1,0,0,1,0,0,0,0,2,0,0,0,0,0,0,0,0
324,L10176,RepeatedTestExtension,org.junit.jupiter.engine.extension.RepeatedTestExtension,L10123,L103,C:\Users\domco\Desktop\DP\repos\junit5\junit-jupiter-engine\src\main\java\org\junit\jupiter\engine\extension\RepeatedTestExtension.java,32,1,68,2,0.0,0,0,0,0.0,0.0,0,0,2,0,0,4,7,1,0,10,14,0.333333,0.216216,8,6,1,2,0.216216,8,2,2,0,0,1,29,37,0,0,0,0,4,0,2,0,4,12,0,2,0,29,37,0,0,0,0,4,0,2,0,4,12,0,2,0,0,0,12,0,0,0,0,0,1,0,0,0,11,0,0,0,0,0,0,0,0
325,L10311,RepeatedTestInvocationContext,org.junit.jupiter.engine.extension.RepeatedTestInvocationContext,L10123,L103,C:\Users\domco\Desktop\DP\repos\junit5\junit-jupiter-engine\src\main\java\org\junit\jupiter\engine\extension\RepeatedTestInvocationContext.java,25,1,49,2,0.0,0,0,0,0.0,0.0,0,0,0,0,0,3,4,0,0,2,5,0.25,0.208333,5,5,1,3,0.208333,5,1,1,0,0,1,19,25,3,2,3,2,3,0,3,0,3,5,0,3,0,19,25,3,2,3,2,3,0,3,0,3,5,0,3,0,0,0,9,0,0,0,0,0,0,0,0,0,9,0,0,0,0,0,0,0,0
326,L10327,RepetitionInfoParameterResolver,org.junit.jupiter.engine.extension.RepetitionInfoParameterResolver,L10123,L103,C:\Users\domco\Desktop\DP\repos\junit5\junit-jupiter-engine\src\main\java\org\junit\jupiter\engine\extension\RepetitionInfoParameterResolver.java,25,1,76,2,0.0,0,0,0,0.0,0.0,0,0,2,0,0,3,5,1,1,2,5,0.25,0.272727,6,6,1,3,0.170213,8,2,2,0,0,1,16,21,2,0,2,0,3,0,3,0,3,4,0,3,0,39,52,4,2,4,2,7,0,6,0,7,9,0,6,0,0,0,20,0,0,0,0,0,1,0,0,0,19,0,0,0,0,0,0,0,0
327,L10173,ScriptExecutionCondition,org.junit.jupiter.engine.extension.ScriptExecutionCondition,L10123,L103,C:\Users\domco\Desktop\DP\repos\junit5\junit-jupiter-engine\src\main\java\org\junit\jupiter\engine\extension\ScriptExecutionCondition.java,38,1,181,2,0.0,0,0,0,0.0,0.0,0,0,1,1,1,13,8,3,3,12,18,0.5,0.217391,15,10,1,1,0.30597,41,2,2,0,0,1,54,84,4,0,4,0,6,0,1,0,6,29,0,1,0,93,144,5,0,5,0,11,0,5,0,13,41,0,7,0,0,0,20,1,2,1,0,1,0,0,0,0,20,0,1,0,0,0,0,0,0
328,L10448,ScriptExecutionEvaluator,org.junit.jupiter.engine.extension.ScriptExecutionEvaluator,L10123,L103,C:\Users\domco\Desktop\DP\repos\junit5\junit-jupiter-engine\src\main\java\org\junit\jupiter\engine\extension\ScriptExecutionEvaluator.java,38,1,116,2,0.0,0,0,0,0.0,0.0,0,0,1,2,2,15,11,1,2,13,17,0.5,0.178082,13,7,1,1,0.178082,13,1,1,0,0,1,60,79,2,0,2,0,4,0,1,0,6,34,0,3,0,60,79,2,0,2,0,4,0,1,0,6,34,0,3,0,0,0,12,0,2,0,0,2,0,0,1,0,11,0,0,0,0,0,0,0,0
329,L10179,TestInfoParameterResolver,org.junit.jupiter.engine.extension.TestInfoParameterResolver,L10123,L103,C:\Users\domco\Desktop\DP\repos\junit5\junit-jupiter-engine\src\main\java\org\junit\jupiter\engine\extension\TestInfoParameterResolver.java,29,1,93,2,0.0,0,0,0,0.0,0.0,0,0,2,0,0,2,5,1,0,2,4,0.333333,0.375,6,6,1,2,0.137931,8,2,2,0,0,1,10,14,0,0,0,0,2,0,2,0,2,2,0,2,0,50,65,4,4,4,4,9,0,7,0,9,12,0,7,0,0,0,24,0,0,0,0,0,1,0,0,0,23,0,0,0,0,0,0,0,0
330,L10182,TestReporterParameterResolver,org.junit.jupiter.engine.extension.TestReporterParameterResolver,L10123,L103,C:\Users\domco\Desktop\DP\repos\junit5\junit-jupiter-engine\src\main\java\org\junit\jupiter\engine\extension\TestReporterParameterResolver.java,23,1,35,2,0.0,0,0,0,0.0,0.0,0,0,2,0,0,2,4,2,2,1,3,0.333333,0.333333,5,5,1,2,0.333333,5,2,2,0,0,1,10,13,0,0,0,0,2,0,2,0,2,2,0,2,0,10,13,0,0,0,0,2,0,2,0,2,2,0,2,0,0,0,6,0,0,0,0,0,1,0,0,0,5,0,0,0,0,0,0,0,0
331,L10559,BeforeAndAfterAllTests,org.junit.jupiter.engine.extension.BeforeAndAfterAllTests,L10123,L103,C:\Users\domco\Desktop\DP\repos\junit5\junit-jupiter-engine\src\test\java\org\junit\jupiter\engine\extension\BeforeAndAfterAllTests.java,41,1,391,2,0.0977099,1,2,2,0.14245,0.158491,50,42,1,0,0,8,14,11,0,9,17,1.0,0.195489,26,6,1,0,0.101695,30,1,1,0,0,1,107,162,3,0,2,0,8,0,0,0,14,19,0,0,0,265,351,3,0,2,0,39,0,9,0,60,53,0,9,0,0,0,140,17,34,12,17,28,10,0,1,0,107,0,11,4,0,0,0,1,0
332,L10682,BeforeAndAfterEachTests,org.junit.jupiter.engine.extension.BeforeAndAfterEachTests,L10123,L103,C:\Users\domco\Desktop\DP\repos\junit5\junit-jupiter-engine\src\test\java\org\junit\jupiter\engine\extension\BeforeAndAfterEachTests.java,43,1,548,2,0.409449,6,9,9,0.328063,0.336927,166,125,1,0,0,10,17,15,0,12,21,1.0,0.195652,45,7,1,0,0.11244,47,1,1,0,0,1,185,286,4,0,3,0,9,0,0,0,15,75,0,0,0,371,506,4,0,3,0,42,0,9,0,49,116,0,10,0,0,0,199,23,41,17,49,33,10,0,9,0,127,0,14,3,0,0,0,1,0
333,L10809,BeforeAndAfterTestExecutionCallbackTests,org.junit.jupiter.engine.extension.BeforeAndAfterTestExecutionCallbackTests,L10123,L103,C:\Users\domco\Desktop\DP\repos\junit5\junit-jupiter-engine\src\test\java\org\junit\jupiter\engine\extension\BeforeAndAfterTestExecutionCallbackTests.java,46,1,484,2,0.373094,5,6,6,0.307517,0.312883,135,102,1,0,0,8,16,14,0,16,24,1.0,0.177665,35,8,1,0,0.101928,37,1,1,0,0,1,162,245,3,0,2,0,8,0,0,0,14,68,0,0,0,326,439,3,0,2,0,37,0,9,0,44,102,0,10,0,0,0,178,21,38,18,41,28,9,0,8,0,116,0,13,3,0,0,0,1,0
334,L10589,EnigmaException,org.junit.jupiter.engine.extension.EnigmaException,L10123,L103,C:\Users\domco\Desktop\DP\repos\junit5\junit-jupiter-engine\src\test\java\org\junit\jupiter\engine\extension\EnigmaException.java,13,1,20,2,0.0,0,0,0,0.0,0.0,0,0,0,0,0,1,0,14,11,0,1,0.0,0.0,0,0,0,1,0.0,0,0,0,0,0,0,6,8,0,0,0,0,1,0,0,0,1,1,0,0,0,6,8,0,0,0,0,1,0,0,0,1,1,0,0,0,0,0,5,0,0,0,0,0,0,0,0,0,5,0,0,0,0,0,0,0,0
335,L10922,ExecutionConditionTests,org.junit.jupiter.engine.extension.ExecutionConditionTests,L10123,L103,C:\Users\domco\Desktop\DP\repos\junit5\junit-jupiter-engine\src\test\java\org\junit\jupiter\engine\extension\ExecutionConditionTests.java,37,1,192,2,0.0,0,0,0,0.0,0.0,0,0,2,0,0,11,13,1,0,13,24,0.333333,0.147368,14,6,1,2,0.113636,15,1,1,0,0,1,81,112,4,0,3,0,11,0,2,1,17,37,0,2,1,117,156,4,0,3,0,18,0,2,1,24,42,0,2,1,0,0,49,3,23,9,0,14,3,0,2,0,44,2,1,0,0,0,0,0,0
336,L10979,ExtensionContextExecutionTests,org.junit.jupiter.engine.extension.ExtensionContextExecutionTests,L10123,L103,C:\Users\domco\Desktop\DP\repos\junit5\junit-jupiter-engine\src\test\java\org\junit\jupiter\engine\extension\ExtensionContextExecutionTests.java,31,1,102,2,0.0,0,0,0,0.0,0.0,0,0,2,0,0,2,11,0,0,8,10,0.0,0.0,0,0,0,1,0.0,0,1,1,0,0,1,23,36,1,0,0,0,2,0,0,0,8,13,0,0,0,56,72,2,1,1,1,7,0,3,0,15,18,0,3,0,0,0,35,1,9,3,0,6,2,0,1,0,32,1,0,0,0,0,0,0,0
337,L11024,ExtensionRegistryTests,org.junit.jupiter.engine.extension.ExtensionRegistryTests,L10123,L103,C:\Users\domco\Desktop\DP\repos\junit5\junit-jupiter-engine\src\test\java\org\junit\jupiter\engine\extension\ExtensionRegistryTests.java,42,1,206,2,0.0,0,0,0,0.0,0.0,0,0,1,0,0,10,21,0,0,10,20,1.0,0.050505,5,5,1,0,0.0483871,6,0,0,0,0,0,94,135,2,0,2,0,10,0,0,0,10,60,0,0,0,118,165,2,0,2,0,16,0,6,0,16,60,0,6,0,0,0,50,0,36,25,0,7,1,0,1,0,47,4,0,1,0,0,0,0,0
338,L11085,ParameterResolverTests,org.junit.jupiter.engine.extension.ParameterResolverTests,L10123,L103,C:\Users\domco\Desktop\DP\repos\junit5\junit-jupiter-engine\src\test\java\org\junit\jupiter\engine\extension\ParameterResolverTests.java,64,1,476,2,0.402754,2,8,8,0.251816,0.27451,104,84,1,0,0,14,22,0,0,20,34,1.0,0.0735294,10,6,1,0,0.0838323,28,1,1,0,0,1,126,178,1,0,0,0,14,0,0,0,20,68,0,0,0,306,413,9,0,8,0,45,0,0,1,51,110,0,0,1,0,0,177,11,94,56,50,40,5,0,3,1,118,2,6,0,0,0,0,1,0
339,L11263,ProgrammaticExtensionRegistrationTests,org.junit.jupiter.engine.extension.ProgrammaticExtensionRegistrationTests,L10123,L103,C:\Users\domco\Desktop\DP\repos\junit5\junit-jupiter-engine\src\test\java\org\junit\jupiter\engine\extension\ProgrammaticExtensionRegistrationTests.java,46,1,302,2,0.0,0,0,0,0.0,0.0,0,0,2,0,0,8,11,7,22,4,12,1.0,0.245283,13,7,1,0,0.108911,22,1,1,0,0,1,40,66,1,0,0,0,8,0,0,0,14,10,0,0,0,180,257,8,0,7,0,34,1,8,0,49,36,1,12,0,0,0,105,5,28,0,0,28,2,0,1,0,93,0,5,0,0,0,0,9,1.0
340,L11386,RepeatedTestTests,org.junit.jupiter.engine.extension.RepeatedTestTests,L10123,L103,C:\Users\domco\Desktop\DP\repos\junit5\junit-jupiter-engine\src\test\java\org\junit\jupiter\engine\extension\RepeatedTestTests.java,43,1,185,2,0.0,0,0,0,0.0,0.0,0,0,13,2,1,20,17,0,0,15,33,1.0,0.117647,14,6,1,0,0.105263,14,0,0,0,0,0,105,125,1,0,1,0,18,0,0,0,18,30,0,0,0,119,143,1,0,1,0,22,0,0,0,22,30,0,0,0,0,0,52,1,26,0,0,21,2,0,1,0,49,4,1,0,0,1,0,0,0
341,L11454,ScriptExecutionConditionTests,org.junit.jupiter.engine.extension.ScriptExecutionConditionTests,L10123,L103,C:\Users\domco\Desktop\DP\repos\junit5\junit-jupiter-engine\src\test\java\org\junit\jupiter\engine\extension\ScriptExecutionConditionTests.java,51,1,167,2,0.0,0,0,0,0.0,0.0,0,0,7,0,0,7,20,0,0,30,37,1.0,0.19802,20,5,1,0,0.165289,20,1,1,0,0,1,81,93,1,0,0,0,7,0,0,0,13,40,0,0,0,101,117,1,0,0,0,11,0,0,0,17,42,0,0,0,0,0,29,2,28,17,0,11,2,0,2,0,25,2,0,0,0,0,0,0,0
342,L11481,ScriptExecutionEvaluatorTests,org.junit.jupiter.engine.extension.ScriptExecutionEvaluatorTests,L10123,L103,C:\Users\domco\Desktop\DP\repos\junit5\junit-jupiter-engine\src\test\java\org\junit\jupiter\engine\extension\ScriptExecutionEvaluatorTests.java,44,1,126,2,0.0,0,0,0,0.0,0.0,0,0,4,0,0,10,12,0,0,11,21,1.0,0.164706,14,5,1,0,0.164706,14,1,1,0,0,1,71,83,4,2,3,2,10,0,0,0,16,30,0,0,0,71,83,4,2,3,2,10,0,0,0,16,30,0,0,0,0,0,20,0,15,9,0,6,1,0,1,0,18,0,0,0,0,0,0,0,0
343,L11039,ServiceLoaderExtension,org.junit.jupiter.engine.extension.ServiceLoaderExtension,L10123,L103,C:\Users\domco\Desktop\DP\repos\junit5\junit-jupiter-engine\src\test\java\org\junit\jupiter\engine\extension\ServiceLoaderExtension.java,22,1,28,2,0.0,0,0,0,0.0,0.0,0,0,1,0,0,1,2,1,0,0,1,0.5,0.545455,6,6,1,1,0.545455,6,2,2,0,0,1,5,7,0,0,0,0,1,0,1,0,1,0,0,1,0,5,7,0,0,0,0,1,0,1,0,1,0,0,1,0,0,0,3,0,1,0,0,0,0,0,0,0,3,1,0,0,0,0,0,0,0
344,L11539,TestExecutionExceptionHandlerTests,org.junit.jupiter.engine.extension.TestExecutionExceptionHandlerTests,L10123,L103,C:\Users\domco\Desktop\DP\repos\junit5\junit-jupiter-engine\src\test\java\org\junit\jupiter\engine\extension\TestExecutionExceptionHandlerTests.java,49,1,218,2,0.307167,1,2,2,0.188235,0.203125,32,26,2,0,0,5,15,3,0,19,24,1.0,0.302083,29,5,1,0,0.194969,31,1,1,0,0,1,67,94,2,0,1,0,5,0,0,0,11,25,0,0,0,128,170,6,0,5,0,13,0,4,0,19,41,0,4,0,0,0,59,7,26,12,19,14,2,0,5,2,33,0,1,0,0,4,0,0,0
345,L11604,TestInfoParameterResolverTests,org.junit.jupiter.engine.extension.TestInfoParameterResolverTests,L10123,L103,C:\Users\domco\Desktop\DP\repos\junit5\junit-jupiter-engine\src\test\java\org\junit\jupiter\engine\extension\TestInfoParameterResolverTests.java,35,1,86,2,0.0,0,0,0,0.0,0.0,0,0,6,0,0,7,9,0,0,5,12,1.0,0.125,6,6,1,0,0.125,6,0,0,0,0,0,42,52,1,1,1,1,7,0,0,0,7,11,0,0,0,42,52,1,1,1,1,7,0,0,0,7,11,0,0,0,0,0,17,0,17,10,0,7,1,0,0,0,16,0,0,0,0,0,0,0,0
346,L11626,TestInstanceFactoryTests,org.junit.jupiter.engine.extension.TestInstanceFactoryTests,L10123,L103,C:\Users\domco\Desktop\DP\repos\junit5\junit-jupiter-engine\src\test\java\org\junit\jupiter\engine\extension\TestInstanceFactoryTests.java,58,1,688,2,0.419134,5,11,11,0.315372,0.333333,199,155,2,0,0,18,31,17,2,20,38,1.0,0.235474,77,5,1,0,0.171123,96,1,1,0,0,1,250,375,2,0,1,0,18,0,0,0,24,78,0,0,0,465,631,5,0,4,0,49,0,6,0,62,117,0,8,0,0,0,259,27,63,38,81,41,3,0,11,3,163,2,6,0,0,0,0,1,0
347,L11828,TestInstancePostProcessorTests,org.junit.jupiter.engine.extension.TestInstancePostProcessorTests,L10123,L103,C:\Users\domco\Desktop\DP\repos\junit5\junit-jupiter-engine\src\test\java\org\junit\jupiter\engine\extension\TestInstancePostProcessorTests.java,36,1,186,2,0.0869565,1,1,1,0.13245,0.119266,20,13,1,0,0,3,10,5,0,8,11,1.0,0.204545,9,5,1,0,0.0840336,10,1,1,0,0,1,35,60,2,0,1,0,3,0,0,0,9,11,0,0,0,109,151,5,0,4,0,15,0,6,4,21,30,0,6,4,0,0,62,1,16,7,9,9,3,0,0,0,50,0,1,0,0,0,0,0,0
348,L11888,TestReporterParameterResolverTests,org.junit.jupiter.engine.extension.TestReporterParameterResolverTests,L10123,L103,C:\Users\domco\Desktop\DP\repos\junit5\junit-jupiter-engine\src\test\java\org\junit\jupiter\engine\extension\TestReporterParameterResolverTests.java,31,1,74,2,0.0,0,0,0,0.0,0.0,0,0,1,0,0,4,8,0,0,7,11,1.0,0.103448,3,3,1,0,0.0857143,3,0,0,0,0,0,26,35,1,0,1,0,4,0,0,0,4,12,0,0,0,32,44,1,0,1,0,6,0,0,0,6,12,0,0,0,0,0,18,0,11,4,0,5,1,0,0,0,17,2,0,0,0,0,0,0,0
349,L10380,Script,org.junit.jupiter.engine.script.Script,L11954,L103,C:\Users\domco\Desktop\DP\repos\junit5\junit-jupiter-engine\src\main\java\org\junit\jupiter\engine\script\Script.java,29,1,198,2,0.0,0,0,0,0.0,0.0,0,0,1,1,1,13,1,8,12,2,13,0.181818,0.503268,77,75,2,9,0.503268,77,0,0,0,0,0,76,170,17,5,17,5,11,6,10,0,11,26,6,10,0,76,170,17,5,17,5,11,6,10,0,11,26,6,10,0,0,0,26,0,4,0,0,2,0,0,0,1,19,0,1,0,0,0,0,7,0
350,L10453,ScriptExecutionManager,org.junit.jupiter.engine.script.ScriptExecutionManager,L11954,L103,C:\Users\domco\Desktop\DP\repos\junit5\junit-jupiter-engine\src\main\java\org\junit\jupiter\engine\script\ScriptExecutionManager.java,34,1,94,2,0.0,0,0,0,0.0,0.0,0,0,2,2,2,8,3,3,6,3,6,1.0,0.315789,18,14,2,0,0.315789,18,0,0,0,0,0,39,61,6,0,6,0,3,0,1,0,3,20,0,1,0,39,61,6,0,6,0,3,0,1,0,3,20,0,1,0,0,0,6,0,4,0,0,3,1,0,0,0,4,0,0,0,0,1,0,1,0
351,L12113,ScriptExecutionManagerTests,org.junit.jupiter.engine.script.ScriptExecutionManagerTests,L11954,L103,C:\Users\domco\Desktop\DP\repos\junit5\junit-jupiter-engine\src\test\java\org\junit\jupiter\engine\script\ScriptExecutionManagerTests.java,40,1,146,2,0.0,0,0,0,0.0,0.0,0,0,5,0,0,11,8,0,0,12,23,1.0,0.230769,27,5,1,0,0.230769,27,0,0,0,0,0,90,107,2,0,2,0,11,0,0,0,11,36,0,0,0,90,107,2,0,2,0,11,0,0,0,11,36,0,0,0,0,0,17,1,27,19,0,6,1,0,0,0,16,0,1,0,0,2,0,0,0
352,L12148,ScriptTests,org.junit.jupiter.engine.script.ScriptTests,L11954,L103,C:\Users\domco\Desktop\DP\repos\junit5\junit-jupiter-engine\src\test\java\org\junit\jupiter\engine\script\ScriptTests.java,33,1,111,2,0.0,0,0,0,0.0,0.0,0,0,5,0,0,5,7,0,0,14,19,1.0,0.244444,22,5,1,0,0.244444,22,0,0,0,0,0,68,79,0,0,0,0,5,0,0,0,5,39,0,0,0,68,79,0,0,0,0,5,0,0,0,5,39,0,0,0,0,0,11,4,27,22,0,5,1,0,0,0,10,0,4,0,0,0,0,0,0
353,L12204,BeforeAllAndAfterAllComposedAnnotationTests$TestCase,org.junit.jupiter.engine.BeforeAllAndAfterAllComposedAnnotationTests$TestCase,L12199,L103,C:\Users\domco\Desktop\DP\repos\junit5\junit-jupiter-engine\src\test\java\org\junit\jupiter\engine\BeforeAllAndAfterAllComposedAnnotationTests.java,46,2,63,3,0.0,0,0,0,0.0,0.0,0,0,3,0,0,3,4,1,0,0,3,0.0,0.0,0,0,0,1,0.0,0,0,0,0,0,0,14,18,0,0,0,0,3,0,0,0,3,3,0,0,0,14,18,0,0,0,0,3,0,0,0,3,3,0,0,0,0,0,10,1,3,1,0,3,1,0,0,0,9,0,0,0,0,0,0,0,0
354,L12223,BeforeEachAndAfterEachComposedAnnotationTests$TestCase,org.junit.jupiter.engine.BeforeEachAndAfterEachComposedAnnotationTests$TestCase,L12218,L103,C:\Users\domco\Desktop\DP\repos\junit5\junit-jupiter-engine\src\test\java\org\junit\jupiter\engine\BeforeEachAndAfterEachComposedAnnotationTests.java,46,2,63,3,0.0,0,0,0,0.0,0.0,0,0,3,0,0,3,4,1,0,0,3,0.0,0.0,0,0,0,1,0.0,0,0,0,0,0,0,14,18,0,0,0,0,3,0,0,0,3,3,0,0,0,14,18,0,0,0,0,3,0,0,0,3,3,0,0,0,0,0,10,1,3,1,0,3,1,0,0,0,9,0,0,0,0,0,0,0,0
355,L12247,AbstractNonGenericTests,org.junit.jupiter.engine.bridge.AbstractNonGenericTests,L12237,L103,C:\Users\domco\Desktop\DP\repos\junit5\junit-jupiter-engine\src\test\java\org\junit\jupiter\engine\bridge\AbstractNonGenericTests.java,20,1,65,2,0.0,0,0,0,0.0,0.0,0,0,2,0,0,2,5,2,0,1,3,1.0,0.2,3,3,1,0,0.0789474,3,0,0,1,2,0,12,17,0,0,0,0,2,0,0,0,2,3,0,0,0,35,46,0,0,0,0,6,0,0,0,12,9,0,0,0,0,0,23,6,11,6,0,11,3,0,0,0,20,0,0,0,0,0,0,0,0
356,L12279,AbstractNumberTests<N extends Number>,org.junit.jupiter.engine.bridge.AbstractNumberTests,L12237,L103,C:\Users\domco\Desktop\DP\repos\junit5\junit-jupiter-engine\src\test\java\org\junit\jupiter\engine\bridge\AbstractNumberTests.java,22,1,32,2,0.0,0,0,0,0.0,0.0,0,0,1,0,0,1,5,2,2,2,3,1.0,0.25,3,3,1,0,0.25,3,0,0,2,2,0,9,11,0,0,0,0,1,0,0,0,1,3,0,0,0,9,11,0,0,0,0,1,0,0,0,1,3,0,0,0,0,0,2,0,5,4,0,1,0,0,0,0,2,0,0,0,0,0,0,0,0
357,L12289,BridgeMethodTests,org.junit.jupiter.engine.bridge.BridgeMethodTests,L12237,L103,C:\Users\domco\Desktop\DP\repos\junit5\junit-jupiter-engine\src\test\java\org\junit\jupiter\engine\bridge\BridgeMethodTests.java,34,1,104,2,0.0696864,1,1,1,0.140845,0.163934,10,10,4,0,0,6,13,9,0,8,14,1.0,0.2375,19,3,1,0,0.2375,19,1,1,0,0,1,61,71,2,0,1,0,6,0,0,0,12,24,0,0,0,61,71,2,0,1,0,6,0,0,0,12,24,0,0,0,0,0,21,3,35,29,9,6,1,0,1,2,10,0,1,0,0,0,0,0,0
358,L12295,ChildWithBridgeMethods,org.junit.jupiter.engine.bridge.ChildWithBridgeMethods,L12237,L103,C:\Users\domco\Desktop\DP\repos\junit5\junit-jupiter-engine\src\test\java\org\junit\jupiter\engine\bridge\ChildWithBridgeMethods.java,21,1,38,2,0.0,0,0,0,0.0,0.0,0,0,3,0,0,3,5,1,0,0,3,0.333333,0.222222,4,4,1,2,0.222222,4,1,1,0,0,1,14,18,0,0,0,0,3,0,2,0,7,3,0,4,0,14,18,0,0,0,0,3,0,2,0,7,3,0,4,0,0,0,10,1,1,1,0,1,1,0,0,0,9,0,0,0,0,0,0,0,0
359,L12308,ChildWithoutBridgeMethods,org.junit.jupiter.engine.bridge.ChildWithoutBridgeMethods,L12237,L103,C:\Users\domco\Desktop\DP\repos\junit5\junit-jupiter-engine\src\test\java\org\junit\jupiter\engine\bridge\ChildWithoutBridgeMethods.java,21,1,38,2,0.0,0,0,0,0.0,0.0,0,0,3,0,0,3,5,1,0,0,3,0.333333,0.222222,4,4,1,2,0.222222,4,1,1,0,0,1,14,18,0,0,0,0,3,0,2,0,7,3,0,4,0,14,18,0,0,0,0,3,0,2,0,7,3,0,4,0,0,0,10,1,1,1,0,1,1,0,0,0,9,0,0,0,0,0,0,0,0
360,L12249,NumberResolver,org.junit.jupiter.engine.bridge.NumberResolver,L12237,L103,C:\Users\domco\Desktop\DP\repos\junit5\junit-jupiter-engine\src\test\java\org\junit\jupiter\engine\bridge\NumberResolver.java,21,1,46,2,0.0,0,0,0,0.0,0.0,0,0,2,1,1,4,4,2,0,1,3,0.333333,0.125,3,3,1,2,0.125,3,2,2,0,0,1,21,26,0,0,0,0,2,0,2,0,2,7,0,2,0,21,26,0,0,0,0,2,0,2,0,2,7,0,2,0,0,0,8,1,0,0,0,0,1,0,0,1,7,0,0,0,0,0,0,0,0
361,L12322,PackagePrivateParent,org.junit.jupiter.engine.bridge.PackagePrivateParent,L12237,L103,C:\Users\domco\Desktop\DP\repos\junit5\junit-jupiter-engine\src\test\java\org\junit\jupiter\engine\bridge\PackagePrivateParent.java,21,1,43,2,0.0,0,0,0,0.0,0.0,0,0,4,0,0,4,5,2,0,0,4,0.333333,0.142857,3,3,1,2,0.142857,3,0,0,2,2,0,18,23,0,0,0,0,4,0,2,0,4,4,0,2,0,18,23,0,0,0,0,4,0,2,0,4,4,0,2,0,0,0,12,0,2,0,0,2,1,0,0,0,11,0,0,0,0,0,0,0,0
362,L12391,DefaultMethodTests$TestCaseWithDefaultMethod,org.junit.jupiter.engine.DefaultMethodTests$TestCaseWithDefaultMethod,L12376,L103,C:\Users\domco\Desktop\DP\repos\junit5\junit-jupiter-engine\src\test\java\org\junit\jupiter\engine\DefaultMethodTests.java,179,2,180,3,0.0,0,0,0,0.0,0.0,0,0,0,0,0,0,1,1,0,0,0,0.0,0.0,0,0,0,1,0.0,0,1,1,0,0,1,2,2,0,0,0,0,0,0,0,0,3,0,0,3,0,2,2,0,0,0,0,0,0,0,0,3,0,0,3,0,0,0,3,0,0,0,0,0,0,0,0,0,3,0,0,0,0,0,0,0,0
363,L12395,DefaultMethodTests$GenericTestCaseWithDefaultMethod,org.junit.jupiter.engine.DefaultMethodTests$GenericTestCaseWithDefaultMethod,L12376,L103,C:\Users\domco\Desktop\DP\repos\junit5\junit-jupiter-engine\src\test\java\org\junit\jupiter\engine\DefaultMethodTests.java,204,2,212,3,0.0,0,0,0,0.0,0.0,0,0,1,0,0,1,3,1,0,0,1,0.0,0.0,0,0,0,1,0.0,0,1,1,0,0,1,7,9,0,0,0,0,1,0,0,0,4,2,0,3,0,7,9,0,0,0,0,1,0,0,0,4,2,0,3,0,0,0,5,0,1,0,0,1,0,0,0,0,5,0,0,0,0,0,0,0,0
364,L12401,DefaultMethodTests$GenericTestCaseWithOverriddenDefaultMethod,org.junit.jupiter.engine.DefaultMethodTests$GenericTestCaseWithOverriddenDefaultMethod,L12376,L103,C:\Users\domco\Desktop\DP\repos\junit5\junit-jupiter-engine\src\test\java\org\junit\jupiter\engine\DefaultMethodTests.java,214,2,229,3,0.0,0,0,0,0.0,0.0,0,0,2,0,0,2,3,1,0,0,2,0.0,0.0,0,0,0,2,0.0,0,1,1,0,0,1,13,16,0,0,0,0,2,0,1,0,4,4,0,3,0,13,16,0,0,0,0,2,0,1,0,4,4,0,3,0,0,0,8,0,1,0,0,1,1,0,0,0,7,0,0,0,0,0,0,0,0
365,L12441,DisabledTests$DisabledTestClassTestCase,org.junit.jupiter.engine.DisabledTests$DisabledTestClassTestCase,L12437,L103,C:\Users\domco\Desktop\DP\repos\junit5\junit-jupiter-engine\src\test\java\org\junit\jupiter\engine\DisabledTests.java,55,2,62,3,0.0,0,0,0,0.0,0.0,0,0,1,0,0,1,3,1,0,1,2,1.0,0.125,1,1,1,0,0.125,1,0,0,0,0,0,7,8,0,0,0,0,1,0,0,0,1,1,0,0,0,7,8,0,0,0,0,1,0,0,0,1,1,0,0,0,0,0,4,0,1,0,0,1,0,0,0,0,4,0,0,0,0,0,0,0,0
366,L12445,DisabledTests$DisabledTestMethodsTestCase,org.junit.jupiter.engine.DisabledTests$DisabledTestMethodsTestCase,L12437,L103,C:\Users\domco\Desktop\DP\repos\junit5\junit-jupiter-engine\src\test\java\org\junit\jupiter\engine\DisabledTests.java,64,2,76,3,0.0,0,0,0,0.0,0.0,0,0,2,0,0,2,3,1,0,1,3,0.0,0.0,0,0,0,1,0.0,0,0,0,0,0,0,10,13,0,0,0,0,2,0,0,0,2,1,0,0,0,10,13,0,0,0,0,2,0,0,0,2,1,0,0,0,0,0,8,1,3,1,0,2,1,0,0,0,7,1,0,0,0,0,0,0,0
367,L12464,DynamicNodeGenerationTests$MyDynamicTestCase,org.junit.jupiter.engine.DynamicNodeGenerationTests$MyDynamicTestCase,L12460,L103,C:\Users\domco\Desktop\DP\repos\junit5\junit-jupiter-engine\src\test\java\org\junit\jupiter\engine\DynamicNodeGenerationTests.java,370,2,431,3,0.0,0,0,0,0.0,0.0,0,0,4,0,0,9,4,1,0,3,12,0.0,0.0943396,5,0,0,1,0.0943396,5,0,0,0,0,0,48,62,2,0,2,0,9,0,0,0,9,9,0,0,0,48,62,2,0,2,0,9,0,0,0,9,9,0,0,0,0,0,20,0,9,0,0,9,1,0,0,0,19,0,0,0,0,0,0,0,0
368,L12510,ExceptionHandlingTests$FailureTestCase,org.junit.jupiter.engine.ExceptionHandlingTests$FailureTestCase,L12506,L103,C:\Users\domco\Desktop\DP\repos\junit5\junit-jupiter-engine\src\test\java\org\junit\jupiter\engine\ExceptionHandlingTests.java,281,2,336,3,0.0,0,0,0,0.0,0.0,0,0,9,1,1,13,7,1,0,2,11,1.0,0.0217391,1,1,1,0,0.0217391,1,0,0,0,0,0,45,56,4,0,4,0,9,0,0,0,9,12,0,0,0,45,56,4,0,4,0,9,0,0,0,9,12,0,0,0,0,0,21,6,18,5,0,17,1,0,0,1,20,1,0,0,0,0,0,0,0
369,L12536,ExceptionHandlingTests$TestCaseWithInvalidConstructorAndThrowingAfterAllCallbackAndPerMethodLifecycle,org.junit.jupiter.engine.ExceptionHandlingTests$TestCaseWithInvalidConstructorAndThrowingAfterAllCallbackAndPerMethodLifecycle,L12506,L103,C:\Users\domco\Desktop\DP\repos\junit5\junit-jupiter-engine\src\test\java\org\junit\jupiter\engine\ExceptionHandlingTests.java,338,2,348,3,0.0,0,0,0,0.0,0.0,0,0,1,0,0,2,4,1,0,0,2,0.0,0.0,0,0,0,1,0.0,0,0,0,0,0,0,10,11,0,0,0,0,2,0,0,0,2,1,0,0,0,10,11,0,0,0,0,2,0,0,0,2,1,0,0,0,0,0,7,1,2,1,0,1,0,0,0,0,7,1,0,0,0,0,0,0,0
370,L12540,ExceptionHandlingTests$TestCaseWithInvalidConstructorAndThrowingAfterAllCallbackAndPerClassLifecycle,org.junit.jupiter.engine.ExceptionHandlingTests$TestCaseWithInvalidConstructorAndThrowingAfterAllCallbackAndPerClassLifecycle,L12506,L103,C:\Users\domco\Desktop\DP\repos\junit5\junit-jupiter-engine\src\test\java\org\junit\jupiter\engine\ExceptionHandlingTests.java,350,2,360,3,0.0,0,0,0,0.0,0.0,0,0,1,0,0,2,4,1,0,0,2,0.0,0.0,0,0,0,1,0.0,0,0,0,0,0,0,10,11,0,0,0,0,2,0,0,0,2,1,0,0,0,10,11,0,0,0,0,2,0,0,0,2,1,0,0,0,0,0,7,1,2,1,0,1,0,0,0,0,7,1,0,0,0,0,0,0,0
371,L12532,ExceptionHandlingTests$TestCaseWithThrowingBeforeAllAndAfterAllCallbacks,org.junit.jupiter.engine.ExceptionHandlingTests$TestCaseWithThrowingBeforeAllAndAfterAllCallbacks,L12506,L103,C:\Users\domco\Desktop\DP\repos\junit5\junit-jupiter-engine\src\test\java\org\junit\jupiter\engine\ExceptionHandlingTests.java,362,2,368,3,0.0,0,0,0,0.0,0.0,0,0,1,0,0,1,4,1,0,0,1,0.0,0.0,0,0,0,1,0.0,0,0,0,0,0,0,7,7,0,0,0,0,1,0,0,0,1,0,0,0,0,7,7,0,0,0,0,1,0,0,0,1,0,0,0,0,0,0,5,1,2,1,0,1,0,0,0,0,5,1,0,0,0,0,0,0,0
372,L12565,ExceptionHandlingTests$ThrowingBeforeAllCallback,org.junit.jupiter.engine.ExceptionHandlingTests$ThrowingBeforeAllCallback,L12506,L103,C:\Users\domco\Desktop\DP\repos\junit5\junit-jupiter-engine\src\test\java\org\junit\jupiter\engine\ExceptionHandlingTests.java,370,2,375,3,0.0,0,0,0,0.0,0.0,0,0,1,0,0,1,2,1,0,0,1,0.0,0.0,0,0,0,2,0.0,0,2,2,0,0,1,6,6,0,0,0,0,1,0,1,0,1,1,0,1,0,6,6,0,0,0,0,1,0,1,0,1,1,0,1,0,0,0,5,0,0,0,0,0,0,0,0,0,5,0,0,0,0,0,0,0,0
373,L12556,ExceptionHandlingTests$ThrowingAfterAllCallback,org.junit.jupiter.engine.ExceptionHandlingTests$ThrowingAfterAllCallback,L12506,L103,C:\Users\domco\Desktop\DP\repos\junit5\junit-jupiter-engine\src\test\java\org\junit\jupiter\engine\ExceptionHandlingTests.java,377,2,382,3,0.0,0,0,0,0.0,0.0,0,0,1,0,0,1,2,3,0,0,1,0.0,0.0,0,0,0,2,0.0,0,2,2,0,0,1,6,6,0,0,0,0,1,0,1,0,1,1,0,1,0,6,6,0,0,0,0,1,0,1,0,1,1,0,1,0,0,0,5,0,0,0,0,0,0,0,0,0,5,0,0,0,0,0,0,0,0
374,L12598,InvalidLifecycleMethodConfigurationTests$TestCase,org.junit.jupiter.engine.InvalidLifecycleMethodConfigurationTests$TestCase,L12576,L103,C:\Users\domco\Desktop\DP\repos\junit5\junit-jupiter-engine\src\test\java\org\junit\jupiter\engine\InvalidLifecycleMethodConfigurationTests.java,77,2,82,3,0.0,0,0,0,0.0,0.0,0,0,1,0,0,1,1,1,0,0,1,1.0,0.166667,1,1,1,0,0.166667,1,0,0,0,0,0,5,6,0,0,0,0,1,0,0,0,1,0,0,0,0,5,6,0,0,0,0,1,0,0,0,1,0,0,0,0,0,0,4,1,2,1,0,1,0,0,0,0,4,1,0,0,0,0,0,0,0
375,L12582,InvalidLifecycleMethodConfigurationTests$TestCaseWithInvalidBeforeAllMethod,org.junit.jupiter.engine.InvalidLifecycleMethodConfigurationTests$TestCaseWithInvalidBeforeAllMethod,L12576,L103,C:\Users\domco\Desktop\DP\repos\junit5\junit-jupiter-engine\src\test\java\org\junit\jupiter\engine\InvalidLifecycleMethodConfigurationTests.java,84,2,94,3,0.0,0,0,0,0.0,0.0,0,0,2,0,0,2,2,1,0,0,2,0.0,0.111111,1,1,0,1,0.111111,1,0,0,0,0,0,8,11,0,0,0,0,2,0,0,0,2,0,0,0,0,8,11,0,0,0,0,2,0,0,0,2,0,0,0,0,0,0,6,1,4,1,0,2,1,0,0,0,5,2,0,0,0,0,0,0,0
376,L12586,InvalidLifecycleMethodConfigurationTests$TestCaseWithInvalidAfterAllMethod,org.junit.jupiter.engine.InvalidLifecycleMethodConfigurationTests$TestCaseWithInvalidAfterAllMethod,L12576,L103,C:\Users\domco\Desktop\DP\repos\junit5\junit-jupiter-engine\src\test\java\org\junit\jupiter\engine\InvalidLifecycleMethodConfigurationTests.java,96,2,106,3,0.0,0,0,0,0.0,0.0,0,0,2,0,0,2,2,1,0,0,2,0.0,0.111111,1,1,0,1,0.111111,1,0,0,0,0,0,8,11,0,0,0,0,2,0,0,0,2,0,0,0,0,8,11,0,0,0,0,2,0,0,0,2,0,0,0,0,0,0,6,1,4,1,0,2,1,0,0,0,5,2,0,0,0,0,0,0,0
377,L12590,InvalidLifecycleMethodConfigurationTests$TestCaseWithInvalidBeforeEachMethod,org.junit.jupiter.engine.InvalidLifecycleMethodConfigurationTests$TestCaseWithInvalidBeforeEachMethod,L12576,L103,C:\Users\domco\Desktop\DP\repos\junit5\junit-jupiter-engine\src\test\java\org\junit\jupiter\engine\InvalidLifecycleMethodConfigurationTests.java,108,2,118,3,0.0,0,0,0,0.0,0.0,0,0,2,0,0,2,2,1,0,0,2,0.0,0.111111,1,1,0,1,0.111111,1,0,0,0,0,0,8,11,0,0,0,0,2,0,0,0,2,0,0,0,0,8,11,0,0,0,0,2,0,0,0,2,0,0,0,0,0,0,6,1,4,1,0,2,1,0,0,0,5,2,0,0,0,0,0,0,0
378,L12594,InvalidLifecycleMethodConfigurationTests$TestCaseWithInvalidAfterEachMethod,org.junit.jupiter.engine.InvalidLifecycleMethodConfigurationTests$TestCaseWithInvalidAfterEachMethod,L12576,L103,C:\Users\domco\Desktop\DP\repos\junit5\junit-jupiter-engine\src\test\java\org\junit\jupiter\engine\InvalidLifecycleMethodConfigurationTests.java,120,2,130,3,0.0,0,0,0,0.0,0.0,0,0,2,0,0,2,2,1,0,0,2,0.0,0.111111,1,1,0,1,0.111111,1,0,0,0,0,0,8,11,0,0,0,0,2,0,0,0,2,0,0,0,0,8,11,0,0,0,0,2,0,0,0,2,0,0,0,0,0,0,6,1,4,1,0,2,1,0,0,0,5,2,0,0,0,0,0,0,0
379,L12638,MultipleTestableAnnotationsTests$TestCase,org.junit.jupiter.engine.MultipleTestableAnnotationsTests$TestCase,L12633,L103,C:\Users\domco\Desktop\DP\repos\junit5\junit-jupiter-engine\src\test\java\org\junit\jupiter\engine\MultipleTestableAnnotationsTests.java,48,2,55,3,0.0,0,0,0,0.0,0.0,0,0,1,0,0,1,3,1,0,0,1,0.0,0.0,0,0,0,1,0.0,0,0,0,0,0,0,6,8,0,0,0,0,1,0,0,0,1,0,0,0,0,6,8,0,0,0,0,1,0,0,0,1,0,0,0,0,0,0,5,1,2,1,0,1,0,0,0,0,5,1,0,0,0,0,0,0,0
380,L12650,NestedTestClassesTests$TestCaseWithNesting,org.junit.jupiter.engine.NestedTestClassesTests$TestCaseWithNesting,L12646,L103,C:\Users\domco\Desktop\DP\repos\junit5\junit-jupiter-engine\src\test\java\org\junit\jupiter\engine\NestedTestClassesTests.java,98,2,116,3,0.0,0,0,0,0.0,0.0,0,0,1,0,0,1,1,1,0,0,1,1.0,0.166667,1,1,1,0,0.0625,1,0,0,0,0,0,5,7,0,0,0,0,1,0,0,0,1,0,0,0,0,15,19,0,0,0,0,3,0,0,0,3,1,0,0,0,0,0,12,3,5,3,0,3,1,0,0,0,11,2,0,0,0,0,0,0,0
381,L12657,NestedTestClassesTests$TestCaseWithDoubleNesting,org.junit.jupiter.engine.NestedTestClassesTests$TestCaseWithDoubleNesting,L12646,L103,C:\Users\domco\Desktop\DP\repos\junit5\junit-jupiter-engine\src\test\java\org\junit\jupiter\engine\NestedTestClassesTests.java,118,2,187,3,0.0,0,0,0,0.0,0.0,0,0,3,0,0,3,3,3,0,0,3,0.0,0.0,0,0,0,1,0.0,0,0,0,0,0,0,19,25,6,0,6,0,3,0,0,0,3,2,0,0,0,55,70,6,0,6,0,11,0,0,0,11,8,0,0,0,0,0,35,5,26,5,0,17,3,0,0,0,31,3,0,0,0,6,0,1,0
382,L12704,NestedTestClassesTests$AbstractSuperClass,org.junit.jupiter.engine.NestedTestClassesTests$AbstractSuperClass,L12646,L103,C:\Users\domco\Desktop\DP\repos\junit5\junit-jupiter-engine\src\test\java\org\junit\jupiter\engine\NestedTestClassesTests.java,202,2,216,3,0.0,0,0,0,0.0,0.0,0,0,0,0,0,0,1,1,0,0,0,0.0,0.0,0,0,0,1,0.0,0,1,1,1,1,1,2,3,0,0,0,0,0,0,0,0,0,0,0,0,0,12,15,0,0,0,0,2,0,0,0,2,1,0,0,0,0,0,11,2,3,2,0,2,1,0,0,0,10,1,0,0,0,0,0,0,1.0
383,L12662,NestedTestClassesTests$TestCaseWithInheritedNested,org.junit.jupiter.engine.NestedTestClassesTests$TestCaseWithInheritedNested,L12646,L103,C:\Users\domco\Desktop\DP\repos\junit5\junit-jupiter-engine\src\test\java\org\junit\jupiter\engine\NestedTestClassesTests.java,218,2,220,3,0.0,0,0,0,0.0,0.0,0,0,0,0,0,0,1,1,0,0,0,0.0,0.333333,1,0,0,1,0.333333,1,2,2,0,0,1,2,3,0,0,0,0,0,0,0,0,0,0,0,0,0,2,3,0,0,0,0,0,0,0,0,0,0,0,0,0,0,0,1,0,0,0,0,0,0,0,0,0,1,0,0,0,0,0,0,0,0
384,L12726,OverloadedTestMethodTests$TestCase,org.junit.jupiter.engine.OverloadedTestMethodTests$TestCase,L12722,L103,C:\Users\domco\Desktop\DP\repos\junit5\junit-jupiter-engine\src\test\java\org\junit\jupiter\engine\OverloadedTestMethodTests.java,89,2,99,3,0.0,0,0,0,0.0,0.0,0,0,2,0,0,2,2,1,0,0,2,0.0,0.0,0,0,0,1,0.0,0,0,0,0,0,0,8,11,0,0,0,0,2,0,0,0,2,0,0,0,0,8,11,0,0,0,0,2,0,0,0,2,0,0,0,0,0,0,8,2,4,2,0,2,1,0,0,0,7,2,0,0,0,0,0,0,0
385,L12748,ReportingTests$MyReportingTestCase,org.junit.jupiter.engine.ReportingTests$MyReportingTestCase,L12744,L103,C:\Users\domco\Desktop\DP\repos\junit5\junit-jupiter-engine\src\test\java\org\junit\jupiter\engine\ReportingTests.java,48,2,90,3,0.0,0,0,0,0.0,0.0,0,0,4,0,0,4,6,1,0,4,8,0.0,0.09375,3,0,0,1,0.09375,3,0,0,0,0,0,29,43,0,0,0,0,4,0,0,0,4,15,0,0,0,29,43,0,0,0,0,4,0,0,0,4,15,0,0,0,0,0,12,1,5,2,0,4,1,0,0,0,11,0,0,0,0,0,0,0,0
386,L12783,StandardTestClassTests$MyStandardTestCase,org.junit.jupiter.engine.StandardTestClassTests$MyStandardTestCase,L12772,L103,C:\Users\domco\Desktop\DP\repos\junit5\junit-jupiter-engine\src\test\java\org\junit\jupiter\engine\StandardTestClassTests.java,125,2,166,3,0.0,0,0,0,0.0,0.0,0,0,7,0,0,7,4,1,0,2,9,0.0,0.0,0,0,0,1,0.0,0,0,0,0,0,0,33,42,3,0,3,0,7,0,0,0,7,7,0,0,0,33,42,3,0,3,0,7,0,0,0,7,7,0,0,0,0,0,18,1,17,3,0,10,1,0,0,0,17,0,2,0,0,3,0,0,0
387,L12791,StandardTestClassTests$FirstOfTwoTestCases,org.junit.jupiter.engine.StandardTestClassTests$FirstOfTwoTestCases,L12772,L103,C:\Users\domco\Desktop\DP\repos\junit5\junit-jupiter-engine\src\test\java\org\junit\jupiter\engine\StandardTestClassTests.java,168,2,185,3,0.0,0,0,0,0.0,0.0,0,0,3,0,0,3,2,1,0,2,5,0.0,0.0,0,0,0,1,0.0,0,0,0,0,0,0,14,18,0,0,0,0,3,0,0,0,3,3,0,0,0,14,18,0,0,0,0,3,0,0,0,3,3,0,0,0,0,0,10,0,7,2,0,3,1,0,0,0,9,0,2,0,0,0,0,0,0
388,L12787,StandardTestClassTests$SecondOfTwoTestCases,org.junit.jupiter.engine.StandardTestClassTests$SecondOfTwoTestCases,L12772,L103,C:\Users\domco\Desktop\DP\repos\junit5\junit-jupiter-engine\src\test\java\org\junit\jupiter\engine\StandardTestClassTests.java,187,2,204,3,0.0,0,0,0,0.0,0.0,0,0,3,0,0,3,2,1,0,1,4,0.0,0.0,0,0,0,1,0.0,0,0,0,0,0,0,14,18,0,0,0,0,3,0,0,0,3,3,0,0,0,14,18,0,0,0,0,3,0,0,0,3,3,0,0,0,0,0,10,0,9,3,0,3,1,0,0,0,9,0,3,0,0,0,0,0,0
389,L12797,StandardTestClassTests$TestCaseWithFailingBefore,org.junit.jupiter.engine.StandardTestClassTests$TestCaseWithFailingBefore,L12772,L103,C:\Users\domco\Desktop\DP\repos\junit5\junit-jupiter-engine\src\test\java\org\junit\jupiter\engine\StandardTestClassTests.java,206,2,224,3,0.0,0,0,0,0.0,0.0,0,0,3,0,0,3,2,1,0,0,3,0.0,0.0,0,0,0,1,0.0,0,0,0,0,0,0,14,19,1,0,1,0,3,0,0,0,3,2,0,0,0,14,19,1,0,1,0,3,0,0,0,3,2,0,0,0,0,0,10,3,7,2,0,4,1,0,0,1,9,2,0,0,0,1,0,0,0
390,L12803,StandardTestClassTests$TestCaseWithFailingAfter,org.junit.jupiter.engine.StandardTestClassTests$TestCaseWithFailingAfter,L12772,L103,C:\Users\domco\Desktop\DP\repos\junit5\junit-jupiter-engine\src\test\java\org\junit\jupiter\engine\StandardTestClassTests.java,226,2,240,3,0.0,0,0,0,0.0,0.0,0,0,2,0,0,2,2,1,0,0,2,0.0,0.0,0,0,0,1,0.0,0,0,0,0,0,0,11,15,1,0,1,0,2,0,0,0,2,2,0,0,0,11,15,1,0,1,0,2,0,0,0,2,2,0,0,0,0,0,8,2,4,1,0,3,1,0,0,1,7,0,0,0,0,1,0,0,0
391,L12856,TestClassInheritanceTests$AbstractTestCase,org.junit.jupiter.engine.TestClassInheritanceTests$AbstractTestCase,L12831,L103,C:\Users\domco\Desktop\DP\repos\junit5\junit-jupiter-engine\src\test\java\org\junit\jupiter\engine\TestClassInheritanceTests.java,148,2,167,3,0.0,0,0,0,0.0,0.0,0,0,3,0,0,3,3,2,0,0,3,1.0,0.117647,2,1,1,0,0.117647,2,0,0,1,1,0,15,20,2,0,2,0,3,0,0,0,3,2,0,0,0,15,20,2,0,2,0,3,0,0,0,3,2,0,0,0,0,0,7,2,8,2,0,6,1,0,0,0,6,0,0,0,0,2,0,0,0
392,L12846,TestClassInheritanceTests$LocalTestCase,org.junit.jupiter.engine.TestClassInheritanceTests$LocalTestCase,L12831,L103,C:\Users\domco\Desktop\DP\repos\junit5\junit-jupiter-engine\src\test\java\org\junit\jupiter\engine\TestClassInheritanceTests.java,169,2,216,3,0.0,0,0,0,0.0,0.0,0,0,5,1,1,8,6,1,0,2,9,0.0,0.102564,4,0,0,1,0.102564,4,1,1,0,0,1,35,48,5,0,3,0,7,0,0,0,10,8,0,0,0,35,48,5,0,3,0,7,0,0,0,10,8,0,0,0,0,0,12,5,14,4,0,10,1,0,0,1,11,0,1,0,0,3,0,0,0
393,L12875,TestClassInheritanceTests$TestCase1,org.junit.jupiter.engine.TestClassInheritanceTests$TestCase1,L12831,L103,C:\Users\domco\Desktop\DP\repos\junit5\junit-jupiter-engine\src\test\java\org\junit\jupiter\engine\TestClassInheritanceTests.java,218,2,239,3,0.0,0,0,0,0.0,0.0,0,0,4,0,0,4,5,1,0,0,4,0.0,0.0,0,0,0,1,0.0,0,0,0,1,2,0,18,22,0,0,0,0,4,0,0,0,4,4,0,0,0,18,22,0,0,0,0,4,0,0,0,4,4,0,0,0,0,0,12,0,4,0,0,4,1,0,0,0,11,0,0,0,0,0,0,0,0
394,L12881,TestClassInheritanceTests$TestCase2,org.junit.jupiter.engine.TestClassInheritanceTests$TestCase2,L12831,L103,C:\Users\domco\Desktop\DP\repos\junit5\junit-jupiter-engine\src\test\java\org\junit\jupiter\engine\TestClassInheritanceTests.java,241,2,262,3,0.0,0,0,0,0.0,0.0,0,0,4,0,0,4,6,1,0,0,4,0.0,0.0,0,0,0,1,0.0,0,1,1,1,1,1,18,22,0,0,0,0,4,0,0,0,8,4,0,0,0,18,22,0,0,0,0,4,0,0,0,8,4,0,0,0,0,0,12,0,4,0,0,4,1,0,0,0,11,0,0,0,0,0,0,0,0
395,L12853,TestClassInheritanceTests$TestCase3,org.junit.jupiter.engine.TestClassInheritanceTests$TestCase3,L12831,L103,C:\Users\domco\Desktop\DP\repos\junit5\junit-jupiter-engine\src\test\java\org\junit\jupiter\engine\TestClassInheritanceTests.java,264,2,290,3,0.0,0,0,0,0.0,0.0,0,0,5,0,0,5,7,1,0,0,5,0.0,0.0,0,0,0,1,0.0,0,2,2,0,0,1,22,27,0,0,0,0,5,0,0,0,13,5,0,0,0,22,27,0,0,0,0,5,0,0,0,13,5,0,0,0,0,0,14,1,5,1,0,5,1,0,0,0,13,0,0,0,0,0,0,0,0
396,L12926,TestInstanceLifecycleConfigurationTests$ExplicitInstancePerTestMethodTestCase,org.junit.jupiter.engine.TestInstanceLifecycleConfigurationTests$ExplicitInstancePerTestMethodTestCase,L12899,L103,C:\Users\domco\Desktop\DP\repos\junit5\junit-jupiter-engine\src\test\java\org\junit\jupiter\engine\TestInstanceLifecycleConfigurationTests.java,149,2,167,3,0.0,0,0,0,0.0,0.0,0,0,3,0,0,3,5,1,0,0,3,1.0,0.0625,1,1,1,0,0.0625,1,0,0,0,0,0,15,19,0,0,0,0,3,0,0,0,3,3,0,0,0,15,19,0,0,0,0,3,0,0,0,3,3,0,0,0,0,0,9,1,3,1,0,3,1,0,0,0,8,0,0,0,0,0,0,0,0
397,L12910,TestInstanceLifecycleConfigurationTests$AssumedInstancePerTestMethodTestCase,org.junit.jupiter.engine.TestInstanceLifecycleConfigurationTests$AssumedInstancePerTestMethodTestCase,L12899,L103,C:\Users\domco\Desktop\DP\repos\junit5\junit-jupiter-engine\src\test\java\org\junit\jupiter\engine\TestInstanceLifecycleConfigurationTests.java,174,2,191,3,0.0,0,0,0,0.0,0.0,0,0,3,0,0,3,4,1,0,0,3,1.0,0.263158,5,5,1,0,0.263158,5,0,0,0,0,0,14,18,0,0,0,0,3,0,0,0,3,3,0,0,0,14,18,0,0,0,0,3,0,0,0,3,3,0,0,0,0,0,7,1,3,1,0,3,1,0,0,0,6,0,0,0,0,0,0,0,0
398,L12914,TestInstanceLifecycleConfigurationTests$ExplicitInstancePerClassTestCase,org.junit.jupiter.engine.TestInstanceLifecycleConfigurationTests$ExplicitInstancePerClassTestCase,L12899,L103,C:\Users\domco\Desktop\DP\repos\junit5\junit-jupiter-engine\src\test\java\org\junit\jupiter\engine\TestInstanceLifecycleConfigurationTests.java,193,2,211,3,0.0,0,0,0,0.0,0.0,0,0,3,0,0,3,6,1,0,0,3,0.0,0.0,0,0,0,1,0.0,0,0,0,0,0,0,15,19,0,0,0,0,3,0,0,0,3,3,0,0,0,15,19,0,0,0,0,3,0,0,0,3,3,0,0,0,0,0,10,1,3,1,0,3,1,0,0,0,9,0,0,0,0,0,0,0,0
399,L12918,TestInstanceLifecycleConfigurationTests$AssumedInstancePerClassTestCase,org.junit.jupiter.engine.TestInstanceLifecycleConfigurationTests$AssumedInstancePerClassTestCase,L12899,L103,C:\Users\domco\Desktop\DP\repos\junit5\junit-jupiter-engine\src\test\java\org\junit\jupiter\engine\TestInstanceLifecycleConfigurationTests.java,218,2,235,3,0.0,0,0,0,0.0,0.0,0,0,3,0,0,3,5,1,0,0,3,1.0,0.263158,5,5,1,0,0.263158,5,0,0,0,0,0,14,18,0,0,0,0,3,0,0,0,3,3,0,0,0,14,18,0,0,0,0,3,0,0,0,3,3,0,0,0,0,0,7,1,3,1,0,3,1,0,0,0,6,0,0,0,0,0,0,0,0
400,L12969,TestInstanceLifecycleExecutionModeTests$SimpleTestCase,org.junit.jupiter.engine.TestInstanceLifecycleExecutionModeTests$SimpleTestCase,L12966,L103,C:\Users\domco\Desktop\DP\repos\junit5\junit-jupiter-engine\src\test\java\org\junit\jupiter\engine\TestInstanceLifecycleExecutionModeTests.java,80,2,87,3,0.0,0,0,0,0.0,0.0,0,0,1,0,0,1,2,1,0,0,1,0.0,0.0,0,0,0,1,0.0,0,0,0,0,0,0,6,8,0,0,0,0,1,0,0,0,1,0,0,0,0,6,8,0,0,0,0,1,0,0,0,1,0,0,0,0,0,0,5,1,2,1,0,1,0,0,0,0,5,1,0,0,0,0,0,0,0
401,L12975,TestInstanceLifecycleExecutionModeTests$OuterTestCase,org.junit.jupiter.engine.TestInstanceLifecycleExecutionModeTests$OuterTestCase,L12966,L103,C:\Users\domco\Desktop\DP\repos\junit5\junit-jupiter-engine\src\test\java\org\junit\jupiter\engine\TestInstanceLifecycleExecutionModeTests.java,89,2,115,3,0.0,0,0,0,0.0,0.0,0,0,1,0,0,1,1,1,0,0,1,0.0,0.0,0,0,0,1,0.0,0,0,0,0,0,0,5,6,0,0,0,0,1,0,0,0,1,0,0,0,0,24,27,0,0,0,0,4,0,0,0,4,0,0,0,0,0,0,20,4,8,4,0,4,0,0,0,0,20,4,0,0,0,0,0,0,0
402,L13063,TestInstanceLifecycleTests$InstancePerMethodTestCase,org.junit.jupiter.engine.TestInstanceLifecycleTests$InstancePerMethodTestCase,L13018,L103,C:\Users\domco\Desktop\DP\repos\junit5\junit-jupiter-engine\src\test\java\org\junit\jupiter\engine\TestInstanceLifecycleTests.java,600,2,646,3,0.0,0,0,0,0.0,0.0,0,0,7,0,0,8,11,2,1,3,11,1.0,0.0769231,3,3,1,0,0.0769231,3,0,0,1,2,0,36,47,0,0,0,0,8,0,0,0,8,10,0,0,0,36,47,0,0,0,0,8,0,0,0,8,10,0,0,0,0,0,18,2,9,4,0,7,1,0,1,0,16,0,0,0,0,0,0,0,0
403,L13096,TestInstanceLifecycleTests$InstancePerClassTestCase,org.junit.jupiter.engine.TestInstanceLifecycleTests$InstancePerClassTestCase,L13018,L103,C:\Users\domco\Desktop\DP\repos\junit5\junit-jupiter-engine\src\test\java\org\junit\jupiter\engine\TestInstanceLifecycleTests.java,648,2,667,3,0.0,0,0,0,0.0,0.0,0,0,2,0,0,3,7,2,1,3,6,0.0,0.0,0,0,0,1,0.0,0,1,1,1,1,1,16,20,0,0,0,0,3,0,0,0,11,5,0,0,0,16,20,0,0,0,0,3,0,0,0,11,5,0,0,0,0,0,10,0,4,2,0,2,1,0,0,0,9,0,0,0,0,0,0,0,0
404,L13100,TestInstanceLifecycleTests$SubInstancePerClassTestCase,org.junit.jupiter.engine.TestInstanceLifecycleTests$SubInstancePerClassTestCase,L13018,L103,C:\Users\domco\Desktop\DP\repos\junit5\junit-jupiter-engine\src\test\java\org\junit\jupiter\engine\TestInstanceLifecycleTests.java,669,2,673,3,0.0,0,0,0,0.0,0.0,0,0,0,0,0,1,2,1,0,2,3,0.0,0.0,0,0,0,1,0.0,0,2,2,0,0,1,5,5,0,0,0,0,1,0,0,0,12,1,0,0,0,5,5,0,0,0,0,1,0,0,0,12,1,0,0,0,0,0,5,0,0,0,0,0,0,0,0,0,5,0,0,0,0,0,0,0,0
405,L13106,TestInstanceLifecycleTests$InstancePerMethodOuterTestCase,org.junit.jupiter.engine.TestInstanceLifecycleTests$InstancePerMethodOuterTestCase,L13018,L103,C:\Users\domco\Desktop\DP\repos\junit5\junit-jupiter-engine\src\test\java\org\junit\jupiter\engine\TestInstanceLifecycleTests.java,675,2,738,3,0.0,0,0,0,0.0,0.0,0,0,3,0,0,4,8,1,0,4,8,0.0,0.0909091,2,2,0,1,0.0754717,4,0,0,0,0,0,20,27,0,0,0,0,4,0,0,0,4,6,0,0,0,49,64,0,0,0,0,10,0,0,0,10,15,0,0,0,0,0,24,0,14,6,0,8,2,0,0,0,22,0,0,0,0,0,0,0,0
406,L13113,TestInstanceLifecycleTests$InstancePerClassOuterTestCase,org.junit.jupiter.engine.TestInstanceLifecycleTests$InstancePerClassOuterTestCase,L13018,L103,C:\Users\domco\Desktop\DP\repos\junit5\junit-jupiter-engine\src\test\java\org\junit\jupiter\engine\TestInstanceLifecycleTests.java,740,2,813,3,0.0,0,0,0,0.0,0.0,0,0,3,0,0,4,9,1,0,4,8,0.0,0.0,0,0,0,1,0.0,0,0,0,0,0,0,21,26,0,0,0,0,4,0,0,0,4,6,0,0,0,61,74,0,0,0,0,12,0,0,0,12,19,0,0,0,0,0,33,0,18,8,0,10,2,0,1,0,30,0,0,0,0,0,0,0,0
407,L13120,TestInstanceLifecycleTests$MixedLifecyclesOuterTestCase,org.junit.jupiter.engine.TestInstanceLifecycleTests$MixedLifecyclesOuterTestCase,L13018,L103,C:\Users\domco\Desktop\DP\repos\junit5\junit-jupiter-engine\src\test\java\org\junit\jupiter\engine\TestInstanceLifecycleTests.java,815,2,887,3,0.0,0,0,0,0.0,0.0,0,0,3,0,0,4,7,1,0,3,7,0.0,0.1,2,2,0,1,0.0333333,2,0,0,0,0,0,18,25,0,0,0,0,4,0,0,0,4,4,0,0,0,58,73,0,0,0,0,12,0,0,0,12,17,0,0,0,0,0,31,0,16,6,0,10,2,0,1,0,28,0,0,0,0,0,0,0,0
408,L13161,TestInstanceLifecycleTests$InstanceTrackingExtension,org.junit.jupiter.engine.TestInstanceLifecycleTests$InstanceTrackingExtension,L13018,L103,C:\Users\domco\Desktop\DP\repos\junit5\junit-jupiter-engine\src\test\java\org\junit\jupiter\engine\TestInstanceLifecycleTests.java,892,2,969,3,0.0,0,0,0,0.0,0.0,0,0,1,1,1,10,14,4,0,17,26,0.111111,0.0434783,3,3,1,8,0.0434783,3,2,8,0,0,7,66,78,0,0,0,0,9,0,8,0,9,26,0,8,0,66,78,0,2,0,0,9,0,8,0,11,26,0,10,0,0,0,27,0,1,1,0,0,0,0,1,0,24,0,0,2,0,0,0,0,0
409,L13283,TestTemplateInvocationTests$MyTestTemplateTestCase,org.junit.jupiter.engine.TestTemplateInvocationTests$MyTestTemplateTestCase,L13279,L103,C:\Users\domco\Desktop\DP\repos\junit5\junit-jupiter-engine\src\test\java\org\junit\jupiter\engine\TestTemplateInvocationTests.java,401,2,474,3,0.0,0,0,0,0.0,0.0,0,0,12,0,0,12,13,1,0,1,13,0.0,0.0,0,0,0,1,0.0,0,0,0,0,0,0,61,74,1,0,1,0,12,0,0,0,12,10,0,0,0,61,74,1,0,1,0,12,0,0,0,12,10,0,0,0,0,0,29,0,16,0,0,14,1,0,1,0,27,2,0,0,0,0,0,0,0
410,L13308,TestTemplateInvocationTests$MyTestTemplateTestCaseWithConstructor,org.junit.jupiter.engine.TestTemplateInvocationTests$MyTestTemplateTestCaseWithConstructor,L13279,L103,C:\Users\domco\Desktop\DP\repos\junit5\junit-jupiter-engine\src\test\java\org\junit\jupiter\engine\TestTemplateInvocationTests.java,476,2,489,3,0.0,0,0,0,0.0,0.0,0,0,1,0,0,2,4,1,0,1,3,0.0,0.0,0,0,0,1,0.0,0,0,0,0,0,0,11,14,1,0,1,0,2,0,0,0,2,2,0,0,0,11,14,1,0,1,0,2,0,0,0,2,2,0,0,0,0,0,7,0,2,1,0,1,0,0,0,0,7,0,0,0,0,0,0,0,0
411,L13292,TestTemplateInvocationTests$TestTemplateTestClassWithBeforeAndAfterEach,org.junit.jupiter.engine.TestTemplateInvocationTests$TestTemplateTestClassWithBeforeAndAfterEach,L13279,L103,C:\Users\domco\Desktop\DP\repos\junit5\junit-jupiter-engine\src\test\java\org\junit\jupiter\engine\TestTemplateInvocationTests.java,491,2,520,3,0.0,0,0,0,0.0,0.0,0,0,2,0,0,5,9,1,0,2,7,0.0,0.0,0,0,0,1,0.0,0,0,0,0,0,0,24,30,1,0,1,0,5,0,0,0,5,5,0,0,0,24,30,1,0,1,0,5,0,0,0,5,5,0,0,0,0,0,14,0,5,0,0,5,1,0,0,0,13,0,0,0,0,0,0,0,0
412,L13313,TestTemplateInvocationTests$TestTemplateTestClassWithDynamicLifecycleCallbacks,org.junit.jupiter.engine.TestTemplateInvocationTests$TestTemplateTestClassWithDynamicLifecycleCallbacks,L13279,L103,C:\Users\domco\Desktop\DP\repos\junit5\junit-jupiter-engine\src\test\java\org\junit\jupiter\engine\TestTemplateInvocationTests.java,522,2,532,3,0.0,0,0,0,0.0,0.0,0,0,1,0,0,1,5,2,0,2,3,0.0,0.0,0,0,0,1,0.0,0,0,0,0,0,0,9,11,1,0,1,0,1,0,0,0,1,2,0,0,0,9,11,1,0,1,0,1,0,0,0,1,2,0,0,0,0,0,5,0,2,1,0,1,0,0,0,0,5,0,0,0,0,0,0,0,0
413,L13341,TestTemplateInvocationTests$SingleInvocationContextProvider,org.junit.jupiter.engine.TestTemplateInvocationTests$SingleInvocationContextProvider,L13279,L103,C:\Users\domco\Desktop\DP\repos\junit5\junit-jupiter-engine\src\test\java\org\junit\jupiter\engine\TestTemplateInvocationTests.java,534,2,545,3,0.0,0,0,0,0.0,0.0,0,0,2,0,0,2,4,2,0,1,3,0.0,0.0,0,0,0,3,0.0,0,2,2,1,1,1,10,12,0,0,0,0,2,0,2,0,2,2,0,2,0,10,12,0,0,0,0,2,0,2,0,2,2,0,2,0,0,0,8,0,0,0,0,0,1,0,0,0,7,0,0,0,0,0,0,0,0
414,L13353,TestTemplateInvocationTests$SingleInvocationContextProviderWithDisabledInvocations,org.junit.jupiter.engine.TestTemplateInvocationTests$SingleInvocationContextProviderWithDisabledInvocations,L13279,L103,C:\Users\domco\Desktop\DP\repos\junit5\junit-jupiter-engine\src\test\java\org\junit\jupiter\engine\TestTemplateInvocationTests.java,547,2,558,3,0.0,0,0,0,0.0,0.0,0,0,1,0,0,1,3,1,0,0,1,0.0,0.0,0,0,0,2,0.0,0,3,3,0,0,1,8,8,0,0,0,0,1,0,1,0,3,1,0,3,0,12,12,0,2,0,1,2,0,2,0,5,2,0,5,0,0,0,10,0,0,0,0,0,0,0,0,0,10,0,0,0,0,0,0,0,0
415,L13345,TestTemplateInvocationTests$AnotherInvocationContextProviderWithASingleInvocation,org.junit.jupiter.engine.TestTemplateInvocationTests$AnotherInvocationContextProviderWithASingleInvocation,L13279,L103,C:\Users\domco\Desktop\DP\repos\junit5\junit-jupiter-engine\src\test\java\org\junit\jupiter\engine\TestTemplateInvocationTests.java,560,2,572,3,0.0,0,0,0,0.0,0.0,0,0,2,0,0,2,4,1,0,1,3,0.0,0.0,0,0,0,3,0.0,0,2,2,0,0,1,11,13,0,0,0,0,2,0,2,0,2,2,0,2,0,11,13,0,0,0,0,2,0,2,0,2,2,0,2,0,0,0,8,0,0,0,0,0,1,0,0,0,7,0,0,0,0,0,0,0,0
416,L13349,TestTemplateInvocationTests$TwoInvocationsContextProvider,org.junit.jupiter.engine.TestTemplateInvocationTests$TwoInvocationsContextProvider,L13279,L103,C:\Users\domco\Desktop\DP\repos\junit5\junit-jupiter-engine\src\test\java\org\junit\jupiter\engine\TestTemplateInvocationTests.java,574,2,585,3,0.0,0,0,0,0.0,0.0,0,0,2,0,0,2,4,2,0,1,3,0.0,0.0,0,0,0,3,0.0,0,2,2,0,0,1,10,12,0,0,0,0,2,0,2,0,2,2,0,2,0,10,12,0,0,0,0,2,0,2,0,2,2,0,2,0,0,0,8,0,0,0,0,0,1,0,0,0,7,0,0,0,0,0,0,0,0
417,L13357,TestTemplateInvocationTests$AlwaysDisabledExecutionCondition,org.junit.jupiter.engine.TestTemplateInvocationTests$AlwaysDisabledExecutionCondition,L13279,L103,C:\Users\domco\Desktop\DP\repos\junit5\junit-jupiter-engine\src\test\java\org\junit\jupiter\engine\TestTemplateInvocationTests.java,587,2,593,3,0.0,0,0,0,0.0,0.0,0,0,1,0,0,1,3,2,0,1,2,0.0,0.0,0,0,0,2,0.0,0,2,2,0,0,1,6,7,0,0,0,0,1,0,1,0,1,1,0,1,0,6,7,0,0,0,0,1,0,1,0,1,1,0,1,0,0,0,5,0,0,0,0,0,0,0,0,0,5,0,0,0,0,0,0,0,0
418,L13361,TestTemplateInvocationTests$InvocationContextProviderWithCustomizedDisplayNames,org.junit.jupiter.engine.TestTemplateInvocationTests$InvocationContextProviderWithCustomizedDisplayNames,L13279,L103,C:\Users\domco\Desktop\DP\repos\junit5\junit-jupiter-engine\src\test\java\org\junit\jupiter\engine\TestTemplateInvocationTests.java,595,2,613,3,0.0,0,0,0,0.0,0.0,0,0,2,0,0,2,3,1,0,0,2,0.0,0.0,0,0,0,3,0.0,0,2,2,0,0,1,12,19,0,0,0,0,2,0,2,0,2,2,0,2,0,12,19,0,0,0,0,2,0,2,0,2,2,0,2,0,0,0,8,0,0,0,0,0,1,0,0,0,7,0,0,0,0,0,0,0,0
419,L13365,TestTemplateInvocationTests$StringParameterResolvingInvocationContextProvider,org.junit.jupiter.engine.TestTemplateInvocationTests$StringParameterResolvingInvocationContextProvider,L13279,L103,C:\Users\domco\Desktop\DP\repos\junit5\junit-jupiter-engine\src\test\java\org\junit\jupiter\engine\TestTemplateInvocationTests.java,615,2,661,3,0.0,0,0,0,0.0,0.0,0,0,2,0,0,3,3,2,0,1,4,0.0,0.0952381,2,0,0,3,0.05,2,2,2,0,0,1,19,24,0,0,0,0,3,0,2,0,3,3,0,2,0,38,47,0,2,0,2,7,0,6,0,7,7,0,6,0,0,0,25,0,0,0,0,0,2,0,0,0,23,0,0,0,0,0,0,0,0
420,L13373,TestTemplateInvocationTests$StringParameterInjectingInvocationContextProvider,org.junit.jupiter.engine.TestTemplateInvocationTests$StringParameterInjectingInvocationContextProvider,L13279,L103,C:\Users\domco\Desktop\DP\repos\junit5\junit-jupiter-engine\src\test\java\org\junit\jupiter\engine\TestTemplateInvocationTests.java,663,2,694,3,0.0,0,0,0,0.0,0.0,0,0,2,0,0,3,3,1,0,0,3,0.0,0.0,0,0,0,3,0.0,0,2,2,0,0,1,15,18,0,0,0,0,3,0,2,0,3,3,0,2,0,24,32,0,2,0,2,5,0,4,0,5,5,0,4,0,0,0,17,0,0,0,0,0,1,0,0,0,16,0,0,0,0,0,0,0,0
421,L13403,TestTemplateInvocationTests$InvocationContextProviderWithDynamicLifecycleCallbacks,org.junit.jupiter.engine.TestTemplateInvocationTests$InvocationContextProviderWithDynamicLifecycleCallbacks,L13279,L103,C:\Users\domco\Desktop\DP\repos\junit5\junit-jupiter-engine\src\test\java\org\junit\jupiter\engine\TestTemplateInvocationTests.java,696,2,753,3,0.0,0,0,0,0.0,0.0,0,0,2,0,0,3,3,1,0,0,3,0.0,0.0,0,0,0,3,0.0,0,2,2,0,0,1,15,19,0,0,0,0,3,0,2,0,3,3,0,2,0,47,58,0,2,0,2,10,0,9,0,10,11,0,9,0,0,0,33,0,0,0,0,0,2,0,0,0,29,0,0,2,0,0,0,0,0
422,L13378,TestTemplateInvocationTests$InvocationContextProviderThatSupportsEverythingButProvidesNothing,org.junit.jupiter.engine.TestTemplateInvocationTests$InvocationContextProviderThatSupportsEverythingButProvidesNothing,L13279,L103,C:\Users\domco\Desktop\DP\repos\junit5\junit-jupiter-engine\src\test\java\org\junit\jupiter\engine\TestTemplateInvocationTests.java,755,2,767,3,0.0,0,0,0,0.0,0.0,0,0,2,0,0,2,3,1,0,0,2,0.0,0.0,0,0,0,3,0.0,0,2,2,0,0,1,11,13,0,0,0,0,2,0,2,0,2,2,0,2,0,11,13,0,0,0,0,2,0,2,0,2,2,0,2,0,0,0,8,0,0,0,0,0,1,0,0,0,7,0,0,0,0,0,0,0,0
423,L13382,TestTemplateInvocationTests$InvocationContextProviderWithCloseableStream,org.junit.jupiter.engine.TestTemplateInvocationTests$InvocationContextProviderWithCloseableStream,L13279,L103,C:\Users\domco\Desktop\DP\repos\junit5\junit-jupiter-engine\src\test\java\org\junit\jupiter\engine\TestTemplateInvocationTests.java,769,2,782,3,0.0,0,0,0,0.0,0.0,0,0,2,0,0,2,4,2,0,1,3,0.0,0.0,0,0,0,3,0.0,0,2,2,0,0,1,11,14,1,0,1,0,2,0,2,0,2,2,0,2,0,11,14,1,0,1,0,2,0,2,0,2,2,0,2,0,0,0,8,0,0,0,0,0,1,0,0,0,7,0,0,0,0,0,0,0,0
424,L13526,TrackLogRecords$Extension,org.junit.jupiter.engine.TrackLogRecords$Extension,L8835,L103,C:\Users\domco\Desktop\DP\repos\junit5\junit-jupiter-engine\src\test\java\org\junit\jupiter\engine\TrackLogRecords.java,49,2,81,3,0.0,0,0,0,0.0,0.0,0,0,2,0,0,7,9,1,0,8,14,0.0,0.0,0,0,0,5,0.0,0,2,4,0,0,3,26,33,0,2,0,2,6,0,4,0,6,8,0,4,0,26,33,0,2,0,2,6,0,4,0,6,8,0,4,0,0,0,17,0,0,0,0,0,1,0,0,0,15,0,0,1,0,0,0,0,0
425,L13667,ExpectedExceptionSupport,org.junit.jupiter.migrationsupport.rules.ExpectedExceptionSupport,L13567,L103,C:\Users\domco\Desktop\DP\repos\junit5\junit-jupiter-migrationsupport\src\main\java\org\junit\jupiter\migrationsupport\rules\ExpectedExceptionSupport.java,42,1,67,2,0.0,0,0,0,0.0,0.0,0,0,1,1,1,4,6,3,0,7,10,0.333333,0.444444,16,16,1,2,0.444444,16,2,3,0,0,2,20,26,2,1,2,1,3,0,2,0,3,6,0,2,0,20,26,2,1,2,1,3,0,2,0,3,6,0,2,0,0,0,8,0,0,0,0,0,0,0,0,0,7,0,0,1,0,0,0,0,0
426,L13661,ExternalResourceSupport,org.junit.jupiter.migrationsupport.rules.ExternalResourceSupport,L13567,L103,C:\Users\domco\Desktop\DP\repos\junit5\junit-jupiter-migrationsupport\src\main\java\org\junit\jupiter\migrationsupport\rules\ExternalResourceSupport.java,41,1,56,2,0.0,0,0,0,0.0,0.0,0,0,1,0,0,2,4,8,0,2,4,0.333333,0.612903,19,19,1,2,0.612903,19,2,3,0,0,2,12,16,1,0,1,0,2,0,2,0,2,2,0,2,0,12,16,1,0,1,0,2,0,2,0,2,2,0,2,0,0,0,6,0,0,0,0,0,0,0,0,0,5,0,0,1,0,0,0,0,0
427,L13674,TestRuleSupport,org.junit.jupiter.migrationsupport.rules.TestRuleSupport,L13567,L103,C:\Users\domco\Desktop\DP\repos\junit5\junit-jupiter-migrationsupport\src\main\java\org\junit\jupiter\migrationsupport\rules\TestRuleSupport.java,46,1,153,2,0.0,0,0,0,0.0,0.0,0,0,2,1,1,10,11,3,5,7,16,0.25,0.266667,24,10,1,3,0.266667,24,2,4,0,0,3,66,108,3,1,3,1,9,0,3,0,9,20,0,3,0,66,108,3,1,3,1,9,0,3,0,9,20,0,3,0,0,0,16,1,0,0,0,0,1,0,1,0,13,0,1,1,0,0,0,0,0
428,L13664,VerifierSupport,org.junit.jupiter.migrationsupport.rules.VerifierSupport,L13567,L103,C:\Users\domco\Desktop\DP\repos\junit5\junit-jupiter-migrationsupport\src\main\java\org\junit\jupiter\migrationsupport\rules\VerifierSupport.java,40,1,50,2,0.0,0,0,0,0.0,0.0,0,0,1,0,0,1,3,3,0,1,2,0.5,0.703704,19,19,1,1,0.703704,19,2,2,0,0,1,8,11,1,0,1,0,1,0,1,0,1,1,0,1,0,8,11,1,0,1,0,1,0,1,0,1,1,0,1,0,0,0,3,0,0,0,0,0,0,0,0,0,3,0,0,0,0,0,0,0,0
429,L13803,AbstractTestRuleAdapterTests,org.junit.jupiter.migrationsupport.rules.AbstractTestRuleAdapterTests,L13567,L103,C:\Users\domco\Desktop\DP\repos\junit5\junit-jupiter-migrationsupport\src\test\java\org\junit\jupiter\migrationsupport\rules\AbstractTestRuleAdapterTests.java,29,1,83,2,0.0,0,0,0,0.0,0.0,0,0,3,0,0,3,7,0,0,5,8,1.0,0.125,3,3,1,0,0.0697674,3,0,0,0,0,0,21,30,0,0,0,0,3,0,0,0,3,6,0,0,0,40,55,2,1,1,1,7,0,2,0,18,10,0,9,0,0,0,26,1,7,5,0,3,1,0,0,0,25,0,0,0,0,0,0,0,0
430,L13831,EnableRuleMigrationSupportWithBothRuleTypesTests,org.junit.jupiter.migrationsupport.rules.EnableRuleMigrationSupportWithBothRuleTypesTests,L13567,L103,C:\Users\domco\Desktop\DP\repos\junit5\junit-jupiter-migrationsupport\src\test\java\org\junit\jupiter\migrationsupport\rules\EnableRuleMigrationSupportWithBothRuleTypesTests.java,25,1,87,2,0.0,0,0,0,0.0,0.0,0,0,2,1,1,5,5,2,0,3,6,0.0,0.0,0,0,0,2,0.0,0,0,0,0,0,0,29,37,6,1,6,1,3,1,1,0,3,8,1,1,0,51,63,7,1,7,1,6,1,1,0,6,14,1,1,0,0,2,27,0,16,7,0,4,1,0,0,0,21,0,2,0,0,5,0,5,0
431,L13860,ExpectedExceptionSupportTests,org.junit.jupiter.migrationsupport.rules.ExpectedExceptionSupportTests,L13567,L103,C:\Users\domco\Desktop\DP\repos\junit5\junit-jupiter-migrationsupport\src\test\java\org\junit\jupiter\migrationsupport\rules\ExpectedExceptionSupportTests.java,44,1,144,2,0.0,0,0,0,0.0,0.0,0,0,1,0,0,3,16,0,0,24,27,1.0,0.28125,18,5,1,0,0.193878,19,0,0,0,0,0,46,58,0,0,0,0,3,0,0,0,3,20,0,0,0,79,101,1,0,1,0,9,1,0,0,9,27,1,0,0,0,0,32,5,12,6,0,8,2,0,3,3,21,0,0,0,0,0,0,6,0
432,L13884,ExternalResourceSupportForDifferentDeclaredReturnTypesRulesTests,org.junit.jupiter.migrationsupport.rules.ExternalResourceSupportForDifferentDeclaredReturnTypesRulesTests,L13567,L103,C:\Users\domco\Desktop\DP\repos\junit5\junit-jupiter-migrationsupport\src\test\java\org\junit\jupiter\migrationsupport\rules\ExternalResourceSupportForDifferentDeclaredReturnTypesRulesTests.java,23,1,78,2,0.271028,1,1,1,0.25,0.282609,14,13,2,1,1,6,7,2,0,2,6,0.0,0.0,0,0,0,3,0.0,0,0,0,0,0,0,28,36,4,2,4,2,4,0,2,0,4,8,0,2,0,46,56,4,2,4,2,8,0,2,0,8,12,0,2,0,0,0,54,0,13,5,26,4,3,0,0,0,25,0,0,0,0,4,0,0,0
433,L13908,ExternalResourceSupportForMixedMethodAndFieldRulesTests,org.junit.jupiter.migrationsupport.rules.ExternalResourceSupportForMixedMethodAndFieldRulesTests,L13567,L103,C:\Users\domco\Desktop\DP\repos\junit5\junit-jupiter-migrationsupport\src\test\java\org\junit\jupiter\migrationsupport\rules\ExternalResourceSupportForMixedMethodAndFieldRulesTests.java,28,1,94,2,0.0,0,0,0,0.0,0.0,0,0,3,1,1,6,8,2,0,3,8,0.0,0.0769231,3,0,0,1,0.0555556,3,0,0,1,1,0,36,48,5,0,5,0,5,2,0,0,5,11,2,0,0,51,67,6,0,6,0,8,2,0,0,8,15,2,0,0,0,0,27,0,11,3,0,8,1,0,0,0,22,0,0,0,0,0,0,4,0
434,L13933,ExternalResourceSupportForMultipleFieldRulesTests,org.junit.jupiter.migrationsupport.rules.ExternalResourceSupportForMultipleFieldRulesTests,L13567,L103,C:\Users\domco\Desktop\DP\repos\junit5\junit-jupiter-migrationsupport\src\test\java\org\junit\jupiter\migrationsupport\rules\ExternalResourceSupportForMultipleFieldRulesTests.java,22,1,71,2,0.0,0,0,0,0.0,0.0,0,0,2,1,1,4,6,2,0,2,4,0.0,0.0,0,0,0,1,0.0,0,0,0,0,0,0,25,32,6,0,6,0,2,2,0,0,2,6,2,0,0,41,50,6,0,6,0,6,2,0,0,6,10,2,0,0,0,0,29,0,13,5,0,4,3,0,0,0,21,0,0,0,0,4,0,5,0
435,L13953,ExternalResourceSupportForMultipleMethodRulesTests,org.junit.jupiter.migrationsupport.rules.ExternalResourceSupportForMultipleMethodRulesTests,L13567,L103,C:\Users\domco\Desktop\DP\repos\junit5\junit-jupiter-migrationsupport\src\test\java\org\junit\jupiter\migrationsupport\rules\ExternalResourceSupportForMultipleMethodRulesTests.java,22,1,75,2,0.542056,1,2,2,0.518519,0.577778,28,26,2,1,1,6,6,2,0,2,6,0.0,0.0,0,0,0,3,0.0,0,0,0,0,0,0,29,36,4,2,4,2,4,0,2,0,4,8,0,2,0,45,54,4,2,4,2,8,0,2,0,8,12,0,2,0,0,0,75,0,13,5,47,4,3,0,0,0,25,0,0,0,0,4,0,0,0
436,L13973,ExternalResourceSupportForTemporaryFolderFieldTests,org.junit.jupiter.migrationsupport.rules.ExternalResourceSupportForTemporaryFolderFieldTests,L13567,L103,C:\Users\domco\Desktop\DP\repos\junit5\junit-jupiter-migrationsupport\src\test\java\org\junit\jupiter\migrationsupport\rules\ExternalResourceSupportForTemporaryFolderFieldTests.java,24,1,42,2,0.0,0,0,0,0.0,0.0,0,0,1,0,0,2,5,0,0,1,3,0.0,0.0,0,0,0,1,0.0,0,0,0,0,0,0,14,19,2,0,2,0,2,1,0,0,2,2,1,0,0,14,19,2,0,2,0,2,1,0,0,2,2,1,0,0,0,1,11,0,3,1,0,2,0,0,0,0,7,0,1,0,0,0,0,4,0
437,L13983,ExternalResourceSupportWithInheritanceTests,org.junit.jupiter.migrationsupport.rules.ExternalResourceSupportWithInheritanceTests,L13567,L103,C:\Users\domco\Desktop\DP\repos\junit5\junit-jupiter-migrationsupport\src\test\java\org\junit\jupiter\migrationsupport\rules\ExternalResourceSupportWithInheritanceTests.java,13,1,16,2,0.0,0,0,0,0.0,0.0,0,0,0,0,0,0,1,0,0,0,0,0.0,0.0,0,0,0,1,0.0,0,1,1,0,0,1,3,4,5,0,0,0,0,0,0,0,5,0,2,0,0,3,4,5,0,0,0,0,0,0,0,5,0,2,0,0,0,0,5,0,0,0,0,0,0,0,0,0,3,0,0,0,0,0,0,2,0
438,L13988,ExternalResourceWithoutAdapterTests,org.junit.jupiter.migrationsupport.rules.ExternalResourceWithoutAdapterTests,L13567,L103,C:\Users\domco\Desktop\DP\repos\junit5\junit-jupiter-migrationsupport\src\test\java\org\junit\jupiter\migrationsupport\rules\ExternalResourceWithoutAdapterTests.java,20,1,40,2,0.0,0,0,0,0.0,0.0,0,0,2,1,1,3,3,0,0,1,3,0.0,0.0588235,1,0,0,1,0.0588235,1,0,0,0,0,0,16,21,1,0,1,0,2,1,0,0,2,3,1,0,0,16,21,1,0,1,0,2,1,0,0,2,3,1,0,0,0,1,10,2,3,2,0,2,1,0,0,1,5,0,1,0,0,0,0,4,0
439,L13994,FailAfterAllHelper,org.junit.jupiter.migrationsupport.rules.FailAfterAllHelper,L13567,L103,C:\Users\domco\Desktop\DP\repos\junit5\junit-jupiter-migrationsupport\src\test\java\org\junit\jupiter\migrationsupport\rules\FailAfterAllHelper.java,16,1,23,2,0.0,0,0,0,0.0,0.0,0,0,1,0,0,1,0,8,8,0,1,1.0,0.444444,4,3,1,0,0.444444,4,0,0,0,0,0,5,8,0,0,0,0,1,0,0,0,1,1,0,0,0,5,8,0,0,0,0,1,0,0,0,1,1,0,0,0,0,0,0,0,1,0,0,1,0,0,0,0,0,0,0,0,0,0,0,0,0
440,L13997,LauncherBasedEnableRuleMigrationSupportTests,org.junit.jupiter.migrationsupport.rules.LauncherBasedEnableRuleMigrationSupportTests,L13567,L103,C:\Users\domco\Desktop\DP\repos\junit5\junit-jupiter-migrationsupport\src\test\java\org\junit\jupiter\migrationsupport\rules\LauncherBasedEnableRuleMigrationSupportTests.java,31,1,139,2,0.0,0,0,0,0.0,0.0,0,0,1,0,0,5,14,0,0,16,21,0.0,0.0,0,0,0,1,0.0,0,0,0,0,0,0,39,52,1,0,1,0,5,0,0,0,5,20,0,0,0,82,109,8,1,8,1,11,2,1,0,11,28,2,1,0,0,0,49,1,21,8,0,9,1,0,1,1,37,0,0,0,0,4,0,10,0
441,L14041,VerifierSupportForMixedMethodAndFieldRulesTests,org.junit.jupiter.migrationsupport.rules.VerifierSupportForMixedMethodAndFieldRulesTests,L13567,L103,C:\Users\domco\Desktop\DP\repos\junit5\junit-jupiter-migrationsupport\src\test\java\org\junit\jupiter\migrationsupport\rules\VerifierSupportForMixedMethodAndFieldRulesTests.java,21,1,62,2,0.0,0,0,0,0.0,0.0,0,0,2,1,1,5,5,2,0,1,4,0.0,0.04,1,0,0,2,0.030303,1,0,0,0,0,0,24,32,4,1,4,1,3,1,1,0,3,5,1,1,0,32,42,4,1,4,1,5,1,1,0,5,7,1,1,0,0,0,22,1,9,3,0,4,1,0,0,1,17,0,0,0,0,2,0,4,0
442,L14057,WrongExtendWithForVerifierFieldTests,org.junit.jupiter.migrationsupport.rules.WrongExtendWithForVerifierFieldTests,L13567,L103,C:\Users\domco\Desktop\DP\repos\junit5\junit-jupiter-migrationsupport\src\test\java\org\junit\jupiter\migrationsupport\rules\WrongExtendWithForVerifierFieldTests.java,21,1,46,2,0.0,0,0,0,0.0,0.0,0,0,2,1,1,3,5,1,0,1,3,0.0,0.0625,1,0,0,1,0.05,1,0,0,0,0,0,15,21,2,0,2,0,2,1,0,0,2,2,1,0,0,19,26,2,0,2,0,3,1,0,0,3,3,1,0,0,0,0,15,1,5,2,0,3,1,0,0,0,10,0,0,0,0,1,0,4,0
443,L14066,WrongExtendWithForVerifierMethodTests,org.junit.jupiter.migrationsupport.rules.WrongExtendWithForVerifierMethodTests,L13567,L103,C:\Users\domco\Desktop\DP\repos\junit5\junit-jupiter-migrationsupport\src\test\java\org\junit\jupiter\migrationsupport\rules\WrongExtendWithForVerifierMethodTests.java,21,1,50,2,0.0,0,0,0,0.0,0.0,0,0,2,1,1,4,5,1,0,1,4,0.0,0.0526316,1,0,0,2,0.0434783,1,0,0,0,0,0,18,25,2,1,2,1,3,0,1,0,3,3,0,1,0,22,30,2,1,2,1,4,0,1,0,4,4,0,1,0,0,0,13,1,6,2,0,3,1,0,0,1,12,0,0,0,0,1,0,0,0
444,L14124,ArgumentAccessException,org.junit.jupiter.params.aggregator.ArgumentAccessException,L14107,L103,C:\Users\domco\Desktop\DP\repos\junit5\junit-jupiter-params\src\main\java\org\junit\jupiter\params\aggregator\ArgumentAccessException.java,26,1,39,2,0.0,0,0,0,0.0,0.0,0,0,0,0,0,2,1,3,1,2,4,0.333333,0.444444,8,8,1,2,0.444444,8,1,1,0,0,1,10,14,2,0,1,0,2,0,2,0,4,2,0,4,0,10,14,2,0,1,0,2,0,2,0,4,2,0,4,0,0,0,5,0,0,0,0,0,0,0,0,0,5,0,0,0,0,0,0,0,0
445,L14179,ArgumentsAggregationException,org.junit.jupiter.params.aggregator.ArgumentsAggregationException,L14107,L103,C:\Users\domco\Desktop\DP\repos\junit5\junit-jupiter-params\src\main\java\org\junit\jupiter\params\aggregator\ArgumentsAggregationException.java,26,1,39,2,0.0,0,0,0,0.0,0.0,0,0,0,0,0,2,1,3,1,2,4,0.333333,0.444444,8,8,1,2,0.444444,8,1,1,0,0,1,10,14,2,0,1,0,2,0,2,0,4,2,0,4,0,10,14,2,0,1,0,2,0,2,0,4,2,0,4,0,0,0,5,0,0,0,0,0,0,0,0,0,5,0,0,0,0,0,0,0,0
446,L14194,DefaultArgumentsAccessor,org.junit.jupiter.params.aggregator.DefaultArgumentsAccessor,L14107,L103,C:\Users\domco\Desktop\DP\repos\junit5\junit-jupiter-params\src\main\java\org\junit\jupiter\params\aggregator\DefaultArgumentsAccessor.java,35,1,129,2,0.0,0,0,0,0.0,0.0,0,0,1,1,1,18,5,2,19,5,20,0.0625,0.113636,10,10,1,15,0.113636,10,1,1,0,0,1,78,95,1,9,1,9,15,0,15,0,15,23,0,15,0,78,95,1,9,1,9,15,0,15,0,15,23,0,15,0,0,0,35,2,0,1,0,0,0,0,0,1,33,0,0,0,0,0,0,2,0
447,L14240,AggregatorIntegrationTests,org.junit.jupiter.params.aggregator.AggregatorIntegrationTests,L14107,L103,C:\Users\domco\Desktop\DP\repos\junit5\junit-jupiter-params\src\test\java\org\junit\jupiter\params\aggregator\AggregatorIntegrationTests.java,61,1,391,2,0.0872939,1,2,2,0.060423,0.0608365,20,16,10,1,1,21,30,0,0,18,37,1.0,0.109677,17,6,1,0,0.0931034,27,0,0,0,0,0,138,186,0,0,0,0,19,0,0,0,19,47,0,0,0,263,331,11,1,11,1,34,2,7,0,34,69,2,7,0,0,4,130,2,54,28,12,29,1,0,1,0,108,0,3,0,0,0,0,8,0
448,L14446,DefaultArgumentsAccessorTests,org.junit.jupiter.params.aggregator.DefaultArgumentsAccessorTests,L14107,L103,C:\Users\domco\Desktop\DP\repos\junit5\junit-jupiter-params\src\test\java\org\junit\jupiter\params\aggregator\DefaultArgumentsAccessorTests.java,31,1,167,2,0.0,0,0,0,0.0,0.0,0,0,7,0,0,21,6,0,0,21,42,1.0,0.0598291,7,5,1,0,0.0598291,7,0,0,0,0,0,110,137,0,14,0,14,21,0,0,0,21,39,0,0,0,110,137,0,14,0,14,21,0,0,0,21,39,0,0,0,0,0,48,2,51,30,0,21,1,0,0,0,44,0,2,0,0,0,0,3,0
449,L14426,ArgumentConversionException,org.junit.jupiter.params.converter.ArgumentConversionException,L14497,L103,C:\Users\domco\Desktop\DP\repos\junit5\junit-jupiter-params\src\main\java\org\junit\jupiter\params\converter\ArgumentConversionException.java,26,1,39,2,0.0,0,0,0,0.0,0.0,0,0,0,0,0,2,1,9,5,2,4,0.333333,0.444444,8,8,1,2,0.444444,8,1,1,0,0,1,10,14,2,0,1,0,2,0,2,0,4,2,0,4,0,10,14,2,0,1,0,2,0,2,0,4,2,0,4,0,0,0,5,0,0,0,0,0,0,0,0,0,5,0,0,0,0,0,0,0,0
450,L14530,DefaultArgumentConverter,org.junit.jupiter.params.converter.DefaultArgumentConverter,L14497,L103,C:\Users\domco\Desktop\DP\repos\junit5\junit-jupiter-params\src\main\java\org\junit\jupiter\params\converter\DefaultArgumentConverter.java,68,1,272,2,0.0,0,0,0,0.0,0.0,0,0,1,4,4,12,4,2,2,5,9,0.5,0.337662,26,17,1,1,0.150538,28,2,2,0,0,1,51,68,2,0,2,0,4,1,1,0,5,18,1,1,0,158,205,5,0,5,0,17,1,11,0,18,31,1,11,0,0,0,55,3,2,0,0,2,2,2,0,2,47,0,1,0,0,0,0,4,0
451,L14553,FallbackStringToObjectConverter,org.junit.jupiter.params.converter.FallbackStringToObjectConverter,L14497,L103,C:\Users\domco\Desktop\DP\repos\junit5\junit-jupiter-params\src\main\java\org\junit\jupiter\params\converter\FallbackStringToObjectConverter.java,55,1,174,2,0.0,0,0,0,0.0,0.0,0,0,4,1,1,10,6,3,5,6,12,0.333333,0.486842,37,34,1,2,0.418803,49,1,1,0,0,1,39,81,2,0,2,0,6,0,2,0,6,14,0,2,0,68,120,4,0,4,0,10,0,4,0,10,24,0,4,0,0,0,22,0,0,0,0,0,1,0,0,0,21,0,0,0,0,0,0,0,0
452,L14761,JavaTimeArgumentConverter,org.junit.jupiter.params.converter.JavaTimeArgumentConverter,L14497,L103,C:\Users\domco\Desktop\DP\repos\junit5\junit-jupiter-params\src\main\java\org\junit\jupiter\params\converter\JavaTimeArgumentConverter.java,35,1,72,2,0.0,0,0,0,0.0,0.0,0,0,1,1,1,3,4,2,1,2,4,0.333333,0.0833333,3,3,1,2,0.0833333,3,2,3,0,0,2,33,38,2,0,2,0,2,0,2,0,3,6,0,2,0,33,38,2,0,2,0,2,0,2,0,3,6,0,2,0,0,0,8,0,0,0,0,0,0,0,0,0,7,0,0,1,0,0,0,0,0
453,L965,SimpleArgumentConverter,org.junit.jupiter.params.converter.SimpleArgumentConverter,L14497,L103,C:\Users\domco\Desktop\DP\repos\junit5\junit-jupiter-params\src\main\java\org\junit\jupiter\params\converter\SimpleArgumentConverter.java,25,1,47,2,0.0,0,0,0,0.0,0.0,0,0,1,0,0,2,3,3,0,1,3,0.5,0.703704,19,19,1,1,0.703704,19,1,1,3,3,1,8,23,0,0,0,0,2,0,1,0,2,1,0,1,0,8,23,0,0,0,0,2,0,1,0,2,1,0,1,0,0,0,3,0,0,0,0,0,0,0,0,0,3,0,0,0,0,0,0,0,0
454,L14825,DefaultArgumentConverterTests,org.junit.jupiter.params.converter.DefaultArgumentConverterTests,L14497,L103,C:\Users\domco\Desktop\DP\repos\junit5\junit-jupiter-params\src\test\java\org\junit\jupiter\params\converter\DefaultArgumentConverterTests.java,44,1,200,2,0.0,0,0,0,0.0,0.0,0,0,1,0,0,18,2,0,0,1,19,1.0,0.0888889,12,10,1,0,0.0888889,12,0,0,0,0,0,123,157,0,0,0,0,18,0,0,0,18,63,0,0,0,123,157,0,0,0,0,18,0,0,0,18,63,0,0,0,0,0,36,1,27,10,0,17,0,0,0,1,36,0,0,0,0,0,0,0,0
455,L14900,FallbackStringToObjectConverterTests,org.junit.jupiter.params.converter.FallbackStringToObjectConverterTests,L14497,L103,C:\Users\domco\Desktop\DP\repos\junit5\junit-jupiter-params\src\test\java\org\junit\jupiter\params\converter\FallbackStringToObjectConverterTests.java,32,1,243,2,0.198642,1,9,3,0.15566,0.207547,33,33,3,0,0,17,11,0,0,9,26,1.0,0.104651,9,7,1,0,0.0647059,11,0,0,0,0,0,77,106,2,0,2,0,17,0,0,0,17,23,0,0,0,159,212,5,0,5,0,32,0,3,0,32,52,0,3,0,0,3,117,7,25,4,38,21,1,0,1,6,77,0,4,0,0,0,0,0,0
456,L15001,JavaTimeArgumentConverterTests,org.junit.jupiter.params.converter.JavaTimeArgumentConverterTests,L14497,L103,C:\Users\domco\Desktop\DP\repos\junit5\junit-jupiter-params\src\test\java\org\junit\jupiter\params\converter\JavaTimeArgumentConverterTests.java,38,1,123,2,0.0,0,0,0,0.0,0.0,0,0,2,0,0,13,5,0,0,4,17,1.0,0.166667,14,3,1,0,0.166667,14,0,0,0,0,0,70,86,0,0,0,0,13,0,0,0,13,18,0,0,0,70,86,0,0,0,0,13,0,0,0,13,18,0,0,0,0,0,29,0,13,1,0,12,1,0,0,0,28,0,0,0,0,0,0,0,0
457,L15201,ParameterizedTestMethodContext$Converter,org.junit.jupiter.params.ParameterizedTestMethodContext$Converter,L15050,L103,C:\Users\domco\Desktop\DP\repos\junit5\junit-jupiter-params\src\main\java\org\junit\jupiter\params\ParameterizedTestMethodContext.java,199,2,220,3,0.0,0,0,0,0.0,0.0,0,0,1,1,1,3,5,1,0,3,5,0.0,0.0,0,0,0,2,0.0,0,1,1,0,0,1,17,22,2,0,2,0,2,0,1,0,2,5,0,1,0,17,22,2,0,2,0,2,0,1,0,2,5,0,1,0,0,0,7,1,0,0,0,0,0,0,0,1,7,0,0,0,0,0,0,0,0
458,L15212,ParameterizedTestMethodContext$Aggregator,org.junit.jupiter.params.ParameterizedTestMethodContext$Aggregator,L15050,L103,C:\Users\domco\Desktop\DP\repos\junit5\junit-jupiter-params\src\main\java\org\junit\jupiter\params\ParameterizedTestMethodContext.java,222,2,243,3,0.0,0,0,0,0.0,0.0,0,0,1,1,1,3,7,1,0,3,5,0.0,0.0,0,0,0,2,0.0,0,1,1,0,0,1,17,22,2,0,2,0,2,0,1,0,2,5,0,1,0,17,22,2,0,2,0,2,0,1,0,2,5,0,1,0,0,0,7,1,0,0,0,0,0,0,0,1,7,0,0,0,0,0,0,0,0
459,L15314,CsvArgumentsProvider,org.junit.jupiter.params.provider.CsvArgumentsProvider,L15266,L103,C:\Users\domco\Desktop\DP\repos\junit5\junit-jupiter-params\src\main\java\org\junit\jupiter\params\provider\CsvArgumentsProvider.java,30,1,80,2,0.0,0,0,0,0.0,0.0,0,0,2,1,1,4,8,4,3,4,7,0.333333,0.135135,5,3,1,2,0.135135,5,1,2,0,0,2,32,51,2,0,2,0,3,0,2,0,3,15,0,2,0,32,51,2,0,2,0,3,0,2,0,3,15,0,2,0,0,0,11,1,1,0,0,1,1,0,0,0,9,0,1,1,0,0,0,0,0
460,L15340,CsvFileArgumentsProvider,org.junit.jupiter.params.provider.CsvFileArgumentsProvider,L15266,L103,C:\Users\domco\Desktop\DP\repos\junit5\junit-jupiter-params\src\main\java\org\junit\jupiter\params\provider\CsvFileArgumentsProvider.java,37,1,157,2,0.0,0,0,0,0.0,0.0,0,0,2,1,1,9,9,2,7,11,18,0.333333,0.148649,11,3,1,2,0.107843,11,1,2,0,0,2,63,86,6,0,6,0,7,0,2,0,7,26,0,2,0,91,121,9,0,9,0,11,0,4,0,11,36,0,4,0,0,0,32,4,0,0,0,0,1,0,0,1,28,0,3,1,0,0,0,2,0
461,L15335,CsvParsingException,org.junit.jupiter.params.provider.CsvParsingException,L15266,L103,C:\Users\domco\Desktop\DP\repos\junit5\junit-jupiter-params\src\main\java\org\junit\jupiter\params\provider\CsvParsingException.java,25,1,38,2,0.0,0,0,0,0.0,0.0,0,0,0,0,0,2,1,2,1,2,4,0.333333,0.411765,7,7,1,2,0.411765,7,1,1,0,0,1,10,14,2,0,1,0,2,0,2,0,4,2,0,4,0,10,14,2,0,1,0,2,0,2,0,4,2,0,4,0,0,0,5,0,0,0,0,0,0,0,0,0,5,0,0,0,0,0,0,0,0
462,L15430,EnumArgumentsProvider,org.junit.jupiter.params.provider.EnumArgumentsProvider,L15266,L103,C:\Users\domco\Desktop\DP\repos\junit5\junit-jupiter-params\src\main\java\org\junit\jupiter\params\provider\EnumArgumentsProvider.java,27,1,53,2,0.0,0,0,0,0.0,0.0,0,0,1,1,1,3,7,2,1,5,7,0.333333,0.12,3,3,1,2,0.12,3,1,2,0,0,2,22,27,1,0,1,0,2,0,2,0,2,10,0,2,0,22,27,1,0,1,0,2,0,2,0,2,10,0,2,0,0,0,8,0,0,0,0,0,0,0,0,0,7,0,0,1,0,0,0,0,0
463,L15525,MethodArgumentsProvider,org.junit.jupiter.params.provider.MethodArgumentsProvider,L15266,L103,C:\Users\domco\Desktop\DP\repos\junit5\junit-jupiter-params\src\main\java\org\junit\jupiter\params\provider\MethodArgumentsProvider.java,31,1,96,2,0.0,0,0,0,0.0,0.0,0,0,3,2,2,11,8,2,1,11,18,0.333333,0.0862069,5,3,1,2,0.0862069,5,1,2,0,0,2,53,66,1,3,1,3,7,0,2,0,7,21,0,2,0,53,66,1,3,1,3,7,0,2,0,7,21,0,2,0,0,0,19,0,0,0,0,0,1,0,0,0,17,0,0,1,0,0,0,0,1.0
464,L15560,ValueArgumentsProvider,org.junit.jupiter.params.provider.ValueArgumentsProvider,L15266,L103,C:\Users\domco\Desktop\DP\repos\junit5\junit-jupiter-params\src\main\java\org\junit\jupiter\params\provider\ValueArgumentsProvider.java,28,1,66,2,0.0,0,0,0,0.0,0.0,0,0,1,0,0,2,6,2,1,10,12,0.333333,0.210526,8,3,1,2,0.210526,8,1,2,0,0,2,30,39,1,0,1,0,2,0,2,0,2,5,0,2,0,30,39,1,0,1,0,2,0,2,0,2,5,0,2,0,0,0,8,0,0,0,0,0,0,0,0,0,7,0,0,1,0,0,0,0,0
465,L15606,ArgumentsTests,org.junit.jupiter.params.provider.ArgumentsTests,L15266,L103,C:\Users\domco\Desktop\DP\repos\junit5\junit-jupiter-params\src\test\java\org\junit\jupiter\params\provider\ArgumentsTests.java,25,1,59,2,0.0,0,0,0,0.0,0.0,0,0,4,0,0,4,3,0,0,4,8,1.0,0.172414,5,5,1,0,0.172414,5,0,0,0,0,0,24,35,0,0,0,0,4,0,0,0,4,10,0,0,0,24,35,0,0,0,0,4,0,0,0,4,10,0,0,0,0,0,11,0,6,2,0,4,1,0,0,0,10,0,0,0,0,0,0,0,0
466,L15614,CsvArgumentsProviderTests,org.junit.jupiter.params.provider.CsvArgumentsProviderTests,L15266,L103,C:\Users\domco\Desktop\DP\repos\junit5\junit-jupiter-params\src\test\java\org\junit\jupiter\params\provider\CsvArgumentsProviderTests.java,26,1,109,2,0.0,0,0,0,0.0,0.0,0,0,2,0,0,11,5,0,0,5,16,1.0,0.046875,3,3,1,0,0.046875,3,0,0,0,0,0,61,84,0,0,0,0,11,0,0,0,11,26,0,0,0,61,84,0,0,0,0,11,0,0,0,11,26,0,0,0,0,0,25,2,12,2,0,10,1,0,0,0,24,0,2,0,0,0,0,0,0
467,L15637,CsvFileArgumentsProviderTests,org.junit.jupiter.params.provider.CsvFileArgumentsProviderTests,L15266,L103,C:\Users\domco\Desktop\DP\repos\junit5\junit-jupiter-params\src\test\java\org\junit\jupiter\params\provider\CsvFileArgumentsProviderTests.java,34,1,199,2,0.0,0,0,0,0.0,0.0,0,0,1,0,0,17,7,0,0,11,28,1.0,0.0564516,7,3,1,0,0.0546875,7,0,0,0,0,0,117,161,0,0,0,0,17,0,0,0,17,54,0,0,0,121,166,0,0,0,0,18,0,1,0,18,55,0,1,0,0,0,41,6,19,7,0,12,0,0,0,0,41,0,6,0,0,0,0,0,0
468,L15700,EnumArgumentsProviderTests,org.junit.jupiter.params.provider.EnumArgumentsProviderTests,L15266,L103,C:\Users\domco\Desktop\DP\repos\junit5\junit-jupiter-params\src\test\java\org\junit\jupiter\params\provider\EnumArgumentsProviderTests.java,30,1,95,2,0.0,0,0,0,0.0,0.0,0,0,4,0,0,8,7,0,0,6,14,1.0,0.0576923,3,3,1,0,0.0545455,3,0,0,0,0,0,49,63,0,0,0,0,8,0,0,0,8,21,0,0,0,52,66,2,0,2,0,8,2,0,0,8,21,2,0,0,0,0,28,1,11,5,0,6,1,0,0,0,21,0,1,0,0,0,0,6,0
469,L15750,EnumSourceTests,org.junit.jupiter.params.provider.EnumSourceTests,L15266,L103,C:\Users\domco\Desktop\DP\repos\junit5\junit-jupiter-params\src\test\java\org\junit\jupiter\params\provider\EnumSourceTests.java,37,1,106,2,0.281481,1,2,2,0.314286,0.366667,22,22,7,0,0,7,3,0,0,1,8,1.0,0.169231,11,3,1,0,0.15493,11,0,0,0,0,0,54,63,0,0,0,0,7,0,0,0,7,10,0,0,0,60,70,3,0,3,0,8,3,0,0,8,11,3,0,0,0,0,45,1,35,28,17,7,1,0,0,0,21,0,1,0,0,0,0,6,0
470,L15785,MethodArgumentsProviderTests,org.junit.jupiter.params.provider.MethodArgumentsProviderTests,L15266,L103,C:\Users\domco\Desktop\DP\repos\junit5\junit-jupiter-params\src\test\java\org\junit\jupiter\params\provider\MethodArgumentsProviderTests.java,41,1,490,2,0.0,0,0,0,0.0,0.0,0,0,7,0,0,28,14,3,12,6,33,1.0,0.0251572,4,4,1,0,0.0369231,12,0,0,0,0,0,155,224,0,0,0,0,27,0,0,0,27,63,0,0,0,313,450,1,0,1,0,67,0,0,0,67,113,0,0,0,0,0,151,4,100,34,0,65,6,0,1,0,141,1,4,0,0,0,0,3,1.0
471,L15942,ValueArgumentsProviderTests,org.junit.jupiter.params.provider.ValueArgumentsProviderTests,L15266,L103,C:\Users\domco\Desktop\DP\repos\junit5\junit-jupiter-params\src\test\java\org\junit\jupiter\params\provider\ValueArgumentsProviderTests.java,26,1,158,2,0.0,0,0,0,0.0,0.0,0,0,3,0,0,13,5,0,0,12,25,1.0,0.165138,18,18,1,0,0.165138,18,0,0,0,0,0,91,133,0,0,0,0,13,0,0,0,13,36,0,0,0,91,133,0,0,0,0,13,0,0,0,13,36,0,0,0,0,0,21,0,22,11,0,11,1,0,1,0,18,0,0,0,0,0,0,1,0
472,L15990,AnnotationConsumerInitializer,org.junit.jupiter.params.support.AnnotationConsumerInitializer,L15978,L103,C:\Users\domco\Desktop\DP\repos\junit5\junit-jupiter-params\src\main\java\org\junit\jupiter\params\support\AnnotationConsumerInitializer.java,32,1,69,2,0.0,0,0,0,0.0,0.0,0,0,1,1,1,5,5,0,0,3,6,1.0,0.263158,10,8,2,0,0.263158,10,0,0,0,0,0,28,38,1,0,1,0,3,0,1,0,3,9,0,1,0,28,38,1,0,1,0,3,0,1,0,3,9,0,1,0,0,0,4,1,1,0,0,1,0,0,0,1,4,0,0,0,0,0,0,0,0
473,L16023,ParameterizedTestExtensionTests$TestCaseWithoutMethod,org.junit.jupiter.params.ParameterizedTestExtensionTests$TestCaseWithoutMethod,L16015,L103,C:\Users\domco\Desktop\DP\repos\junit5\junit-jupiter-params\src\test\java\org\junit\jupiter\params\ParameterizedTestExtensionTests.java,232,2,233,3,0.0,0,0,0,0.0,0.0,0,0,0,0,0,0,0,1,0,0,0,0.0,0.0,0,0,0,1,0.0,0,0,0,0,0,0,2,2,0,0,0,0,0,0,0,0,0,0,0,0,0,2,2,0,0,0,0,0,0,0,0,0,0,0,0,0,0,0,3,0,0,0,0,0,0,0,0,0,3,0,0,0,0,0,0,0,0
474,L16031,ParameterizedTestExtensionTests$TestCaseWithMethod,org.junit.jupiter.params.ParameterizedTestExtensionTests$TestCaseWithMethod,L16015,L103,C:\Users\domco\Desktop\DP\repos\junit5\junit-jupiter-params\src\test\java\org\junit\jupiter\params\ParameterizedTestExtensionTests.java,235,2,239,3,0.0,0,0,0,0.0,0.0,0,0,1,0,0,1,0,1,0,0,1,0.0,0.0,0,0,0,1,0.0,0,0,0,0,0,0,4,5,0,0,0,0,1,0,0,0,1,0,0,0,0,4,5,0,0,0,0,1,0,0,0,1,0,0,0,0,0,0,5,0,2,0,0,1,0,0,0,0,5,1,0,0,0,0,0,0,0
475,L16037,ParameterizedTestExtensionTests$TestCaseWithAnnotatedMethod,org.junit.jupiter.params.ParameterizedTestExtensionTests$TestCaseWithAnnotatedMethod,L16015,L103,C:\Users\domco\Desktop\DP\repos\junit5\junit-jupiter-params\src\test\java\org\junit\jupiter\params\ParameterizedTestExtensionTests.java,241,2,246,3,0.0,0,0,0,0.0,0.0,0,0,1,0,0,1,1,1,0,0,1,0.0,0.0,0,0,0,1,0.0,0,0,0,0,0,0,5,6,0,0,0,0,1,0,0,0,1,0,0,0,0,5,6,0,0,0,0,1,0,0,0,1,0,0,0,0,0,0,5,0,2,0,0,1,0,0,0,0,5,1,0,0,0,0,0,0,0
476,L16043,ParameterizedTestExtensionTests$ArgumentsProviderWithCloseHandlerTestCase,org.junit.jupiter.params.ParameterizedTestExtensionTests$ArgumentsProviderWithCloseHandlerTestCase,L16015,L103,C:\Users\domco\Desktop\DP\repos\junit5\junit-jupiter-params\src\test\java\org\junit\jupiter\params\ParameterizedTestExtensionTests.java,248,2,254,3,0.0,0,0,0,0.0,0.0,0,0,1,0,0,1,3,1,0,0,1,0.0,0.0,0,0,0,1,0.0,0,0,0,0,0,0,6,7,0,0,0,0,1,0,0,0,1,0,0,0,0,6,7,0,0,0,0,1,0,0,0,1,0,0,0,0,0,0,5,0,2,0,0,1,0,0,0,0,5,1,0,0,0,0,0,0,0
477,L16106,ParameterizedTestExtensionTests$ArgumentsProviderWithCloseHandler,org.junit.jupiter.params.ParameterizedTestExtensionTests$ArgumentsProviderWithCloseHandler,L16015,L103,C:\Users\domco\Desktop\DP\repos\junit5\junit-jupiter-params\src\test\java\org\junit\jupiter\params\ParameterizedTestExtensionTests.java,256,2,263,3,0.0,0,0,0,0.0,0.0,0,0,1,0,0,1,3,1,0,0,1,0.0,0.0,0,0,0,2,0.0,0,1,1,0,0,1,7,8,0,0,0,0,1,0,1,0,1,2,0,1,0,7,8,0,0,0,0,1,0,1,0,1,2,0,1,0,0,0,5,0,0,0,0,0,0,0,0,0,5,0,0,0,0,0,0,0,0
478,L16056,ParameterizedTestExtensionTests$NonStaticArgumentsProviderTestCase,org.junit.jupiter.params.ParameterizedTestExtensionTests$NonStaticArgumentsProviderTestCase,L16015,L103,C:\Users\domco\Desktop\DP\repos\junit5\junit-jupiter-params\src\test\java\org\junit\jupiter\params\ParameterizedTestExtensionTests.java,265,2,271,3,0.0,0,0,0,0.0,0.0,0,0,1,0,0,1,3,1,0,0,1,0.0,0.0,0,0,0,1,0.0,0,0,0,0,0,0,6,7,0,0,0,0,1,0,0,0,1,0,0,0,0,6,7,0,0,0,0,1,0,0,0,1,0,0,0,0,0,0,5,0,2,0,0,1,0,0,0,0,5,1,0,0,0,0,0,0,0
479,L16063,ParameterizedTestExtensionTests$NonStaticArgumentsProvider,org.junit.jupiter.params.ParameterizedTestExtensionTests$NonStaticArgumentsProvider,L16015,L103,C:\Users\domco\Desktop\DP\repos\junit5\junit-jupiter-params\src\test\java\org\junit\jupiter\params\ParameterizedTestExtensionTests.java,273,2,279,3,0.0,0,0,0,0.0,0.0,0,0,1,0,0,1,3,2,0,0,1,0.0,0.0,0,0,0,2,0.0,0,1,1,0,0,1,6,7,0,0,0,0,1,0,1,0,1,1,0,1,0,6,7,0,0,0,0,1,0,1,0,1,1,0,1,0,0,0,5,0,0,0,0,0,0,0,0,0,5,0,0,0,0,0,0,0,0
480,L16067,ParameterizedTestExtensionTests$MissingNoArgumentsConstructorArgumentsProviderTestCase,org.junit.jupiter.params.ParameterizedTestExtensionTests$MissingNoArgumentsConstructorArgumentsProviderTestCase,L16015,L103,C:\Users\domco\Desktop\DP\repos\junit5\junit-jupiter-params\src\test\java\org\junit\jupiter\params\ParameterizedTestExtensionTests.java,281,2,287,3,0.0,0,0,0,0.0,0.0,0,0,1,0,0,1,3,1,0,0,1,0.0,0.0,0,0,0,1,0.0,0,0,0,0,0,0,6,7,0,0,0,0,1,0,0,0,1,0,0,0,0,6,7,0,0,0,0,1,0,0,0,1,0,0,0,0,0,0,5,0,2,0,0,1,0,0,0,0,5,1,0,0,0,0,0,0,0
481,L16072,ParameterizedTestExtensionTests$MissingNoArgumentsConstructorArgumentsProvider,org.junit.jupiter.params.ParameterizedTestExtensionTests$MissingNoArgumentsConstructorArgumentsProvider,L16015,L103,C:\Users\domco\Desktop\DP\repos\junit5\junit-jupiter-params\src\test\java\org\junit\jupiter\params\ParameterizedTestExtensionTests.java,289,2,298,3,0.0,0,0,0,0.0,0.0,0,0,1,0,0,2,3,2,0,0,2,0.0,0.0,0,0,0,2,0.0,0,1,1,0,0,1,8,10,0,0,0,0,2,0,1,0,2,1,0,1,0,8,10,0,0,0,0,2,0,1,0,2,1,0,1,0,0,0,7,0,1,0,0,0,0,0,0,0,7,1,0,0,0,0,0,0,0
482,L16128,ParameterizedTestIntegrationTests$TestCase,org.junit.jupiter.params.ParameterizedTestIntegrationTests$TestCase,L16122,L103,C:\Users\domco\Desktop\DP\repos\junit5\junit-jupiter-params\src\test\java\org\junit\jupiter\params\ParameterizedTestIntegrationTests.java,265,2,335,3,0.0,0,0,0,0.0,0.0,0,0,12,0,0,12,11,1,0,1,13,0.0,0.0,0,0,0,1,0.0,0,0,0,0,0,0,58,71,0,0,0,0,12,0,0,0,12,12,0,0,0,58,71,0,0,0,0,12,0,0,0,12,12,0,0,0,0,0,29,0,12,0,0,12,1,0,1,0,27,0,0,0,0,0,0,0,1.0
483,L16147,ParameterizedTestIntegrationTests$UnusedParametersTestCase,org.junit.jupiter.params.ParameterizedTestIntegrationTests$UnusedParametersTestCase,L16122,L103,C:\Users\domco\Desktop\DP\repos\junit5\junit-jupiter-params\src\test\java\org\junit\jupiter\params\ParameterizedTestIntegrationTests.java,337,2,367,3,0.0,0,0,0,0.0,0.0,0,0,5,0,0,5,7,1,0,1,6,0.0,0.0,0,0,0,1,0.0,0,0,0,0,0,0,25,31,0,0,0,0,5,0,0,0,5,5,0,0,0,25,31,0,0,0,0,5,0,0,0,5,5,0,0,0,0,0,14,0,5,0,0,5,1,0,0,0,13,0,0,0,0,0,0,0,0
484,L16158,ParameterizedTestIntegrationTests$LifecycleTestCase,org.junit.jupiter.params.ParameterizedTestIntegrationTests$LifecycleTestCase,L16122,L103,C:\Users\domco\Desktop\DP\repos\junit5\junit-jupiter-params\src\test\java\org\junit\jupiter\params\ParameterizedTestIntegrationTests.java,369,2,422,3,0.0,0,0,0,0.0,0.0,0,0,1,0,0,9,7,1,0,2,11,0.0,0.0,0,0,0,2,0.0,0,0,0,0,0,0,43,54,2,0,2,0,9,0,1,0,9,13,0,1,0,43,54,2,0,2,0,9,0,1,0,9,13,0,1,0,0,0,21,0,7,0,0,7,0,0,0,0,21,0,0,0,0,0,0,0,0
485,L16172,ParameterizedTestIntegrationTests$TwoSingleStringArgumentsProvider,org.junit.jupiter.params.ParameterizedTestIntegrationTests$TwoSingleStringArgumentsProvider,L16122,L103,C:\Users\domco\Desktop\DP\repos\junit5\junit-jupiter-params\src\test\java\org\junit\jupiter\params\ParameterizedTestIntegrationTests.java,424,2,430,3,0.0,0,0,0,0.0,0.0,0,0,1,0,0,1,3,1,0,1,2,0.0,0.0,0,0,0,2,0.0,0,1,1,0,0,1,6,7,0,0,0,0,1,0,1,0,1,1,0,1,0,6,7,0,0,0,0,1,0,1,0,1,1,0,1,0,0,0,5,0,0,0,0,0,0,0,0,0,5,0,0,0,0,0,0,0,0
486,L16208,ParameterizedTestIntegrationTests$TwoUnusedStringArgumentsProvider,org.junit.jupiter.params.ParameterizedTestIntegrationTests$TwoUnusedStringArgumentsProvider,L16122,L103,C:\Users\domco\Desktop\DP\repos\junit5\junit-jupiter-params\src\test\java\org\junit\jupiter\params\ParameterizedTestIntegrationTests.java,432,2,438,3,0.0,0,0,0,0.0,0.0,0,0,1,0,0,1,3,1,0,1,2,0.0,0.0,0,0,0,2,0.0,0,1,1,0,0,1,6,7,0,0,0,0,1,0,1,0,1,1,0,1,0,6,7,0,0,0,0,1,0,1,0,1,1,0,1,0,0,0,5,0,0,0,0,0,0,0,0,0,5,0,0,0,0,0,0,0,0
487,L16189,ParameterizedTestIntegrationTests$StringLengthConverter,org.junit.jupiter.params.ParameterizedTestIntegrationTests$StringLengthConverter,L16122,L103,C:\Users\domco\Desktop\DP\repos\junit5\junit-jupiter-params\src\test\java\org\junit\jupiter\params\ParameterizedTestIntegrationTests.java,440,2,446,3,0.0,0,0,0,0.0,0.0,0,0,1,0,0,1,3,1,0,0,1,0.0,0.0,0,0,0,2,0.0,0,1,1,0,0,1,6,7,0,0,0,0,1,0,1,0,1,1,0,1,0,6,7,0,0,0,0,1,0,1,0,1,1,0,1,0,0,0,5,0,0,0,0,0,0,0,0,0,5,0,0,0,0,0,0,0,0
488,L16203,ParameterizedTestIntegrationTests$ErroneousConverter,org.junit.jupiter.params.ParameterizedTestIntegrationTests$ErroneousConverter,L16122,L103,C:\Users\domco\Desktop\DP\repos\junit5\junit-jupiter-params\src\test\java\org\junit\jupiter\params\ParameterizedTestIntegrationTests.java,448,2,454,3,0.0,0,0,0,0.0,0.0,0,0,1,0,0,1,3,1,0,1,2,0.0,0.0,0,0,0,2,0.0,0,1,1,0,0,1,6,7,0,0,0,0,1,0,1,0,1,1,0,1,0,6,7,0,0,0,0,1,0,1,0,1,1,0,1,0,0,0,5,0,0,0,0,0,0,0,0,0,5,0,0,0,0,0,0,0,0
489,L16141,ParameterizedTestIntegrationTests$Book,org.junit.jupiter.params.ParameterizedTestIntegrationTests$Book,L16122,L103,C:\Users\domco\Desktop\DP\repos\junit5\junit-jupiter-params\src\test\java\org\junit\jupiter\params\ParameterizedTestIntegrationTests.java,456,2,467,3,0.0,0,0,0,0.0,0.0,0,0,1,0,0,2,0,2,0,0,2,0.0,0.0,0,0,0,1,0.0,0,0,0,0,0,0,9,12,1,0,1,0,2,0,0,0,2,2,0,0,0,9,12,1,0,1,0,2,0,0,0,2,2,0,0,0,0,0,7,0,2,0,0,2,0,0,0,0,7,0,0,0,0,0,0,0,0
490,L16164,ParameterizedTestIntegrationTests$AssumptionFailureInMethodSourceTestCase,org.junit.jupiter.params.ParameterizedTestIntegrationTests$AssumptionFailureInMethodSourceTestCase,L16122,L103,C:\Users\domco\Desktop\DP\repos\junit5\junit-jupiter-params\src\test\java\org\junit\jupiter\params\ParameterizedTestIntegrationTests.java,469,2,481,3,0.0,0,0,0,0.0,0.0,0,0,2,0,0,2,3,1,0,1,3,0.0,0.0,0,0,0,1,0.0,0,0,0,0,0,0,10,13,0,0,0,0,2,0,0,0,2,2,0,0,0,10,13,0,0,0,0,2,0,0,0,2,2,0,0,0,0,0,8,0,3,0,0,2,1,0,0,0,7,1,0,0,0,0,0,0,1.0
491,L16319,ParameterizedTestNameFormatterTests$ToStringThrowsException,org.junit.jupiter.params.ParameterizedTestNameFormatterTests$ToStringThrowsException,L16304,L103,C:\Users\domco\Desktop\DP\repos\junit5\junit-jupiter-params\src\test\java\org\junit\jupiter\params\ParameterizedTestNameFormatterTests.java,122,2,128,3,0.0,0,0,0,0.0,0.0,0,0,1,0,0,1,0,1,0,0,1,0.0,0.0,0,0,0,2,0.0,0,0,0,0,0,0,6,7,0,0,0,0,1,0,1,0,1,1,0,1,0,6,7,0,0,0,0,1,0,1,0,1,1,0,1,0,0,0,5,1,0,0,0,0,0,0,0,1,5,0,0,0,0,0,0,0,0
492,L16428,Heavyweight$ResourceValue,org.junit.jupiter.extensions.Heavyweight$ResourceValue,L16410,L103,C:\Users\domco\Desktop\DP\repos\junit5\platform-tests\src\test\java\org\junit\jupiter\extensions\Heavyweight.java,61,2,82,3,0.0,0,0,0,0.0,0.0,0,0,1,0,0,3,3,1,0,1,4,0.333333,0.407407,11,8,1,2,0.407407,11,1,2,0,0,2,16,22,3,0,2,0,3,0,2,0,3,3,1,2,0,16,22,3,0,2,0,3,0,2,0,3,3,1,2,0,0,0,8,0,1,0,0,0,0,0,0,0,5,0,1,1,0,0,0,2,0
493,L16414,Heavyweight$CloseableOnlyOnceResource,org.junit.jupiter.extensions.Heavyweight$CloseableOnlyOnceResource,L16410,L103,C:\Users\domco\Desktop\DP\repos\junit5\platform-tests\src\test\java\org\junit\jupiter\extensions\Heavyweight.java,84,2,92,3,0.0,0,0,0,0.0,0.0,0,0,1,0,0,1,2,1,0,1,2,0.0,0.0,0,0,0,2,0.0,0,1,1,0,0,1,7,9,1,0,1,0,1,0,1,0,1,1,0,1,0,7,9,1,0,1,0,1,0,1,0,1,1,0,1,0,0,0,5,0,0,0,0,0,0,0,0,0,5,0,0,0,0,0,0,0,0
494,L16612,ModuleUtils,org.junit.platform.commons.util.ModuleUtils,L16557,L103,C:\Users\domco\Desktop\DP\repos\junit5\junit-platform-commons-java-9\src\main\java\org\junit\platform\commons\util\ModuleUtils.java,51,1,222,2,0.0,0,0,0,0.0,0.0,0,0,2,1,1,11,5,6,7,7,15,0.666667,0.436364,48,44,4,2,0.396341,65,0,0,0,0,0,62,116,2,2,2,2,8,1,5,0,8,31,1,5,0,99,172,4,2,4,2,12,1,5,0,12,43,1,5,0,0,1,17,0,2,2,0,1,2,0,0,0,11,0,0,0,0,0,0,4,0
495,L16725,ModuleUtilsTests,org.junit.platform.commons.util.ModuleUtilsTests,L16557,L103,C:\Users\domco\Desktop\DP\repos\junit5\junit-platform-commons-java-9\src\test\java\org\junit\platform\commons\util\ModuleUtilsTests.java,29,1,62,2,0.0,0,0,0,0.0,0.0,0,0,4,0,0,4,5,0,0,7,11,1.0,0.147059,5,5,1,0,0.147059,5,0,0,0,0,0,29,34,0,0,0,0,4,0,0,0,4,15,0,0,0,29,34,0,0,0,0,4,0,0,0,4,15,0,0,0,0,0,11,0,11,7,0,4,1,0,0,0,10,0,0,0,0,0,0,0,0
496,L16743,AnnotationUtils,org.junit.platform.commons.util.AnnotationUtils,L16557,L103,C:\Users\domco\Desktop\DP\repos\junit5\junit-platform-commons\src\main\java\org\junit\platform\commons\util\AnnotationUtils.java,55,1,339,2,0.0,0,0,0,0.0,0.0,0,0,4,4,4,45,4,32,93,7,22,1.0,0.354331,90,67,10,0,0.354331,90,0,0,0,0,0,164,285,0,0,0,0,15,0,9,0,15,83,0,9,0,164,285,0,0,0,0,15,0,9,0,15,83,0,9,0,0,0,16,1,0,0,0,0,1,3,0,0,10,0,1,0,0,0,0,2,0
497,L16888,BlacklistedExceptions,org.junit.platform.commons.util.BlacklistedExceptions,L16557,L103,C:\Users\domco\Desktop\DP\repos\junit5\junit-platform-commons\src\main\java\org\junit\platform\commons\util\BlacklistedExceptions.java,39,1,61,2,0.0,0,0,0,0.0,0.0,0,0,1,1,1,3,1,10,17,1,3,1.0,0.710526,27,26,2,0,0.710526,27,0,0,0,0,0,11,23,1,0,1,0,2,0,1,0,2,2,0,1,0,11,23,1,0,1,0,2,0,1,0,2,2,0,1,0,0,0,0,0,0,0,0,0,0,0,0,0,0,0,0,0,0,0,0,0,0
498,L16898,ClassFileVisitor,org.junit.platform.commons.util.ClassFileVisitor,L16557,L103,C:\Users\domco\Desktop\DP\repos\junit5\junit-platform-commons\src\main\java\org\junit\platform\commons\util\ClassFileVisitor.java,28,1,76,2,0.0,0,0,0,0.0,0.0,0,0,2,1,1,11,2,1,1,2,9,0.25,0.0731707,3,3,1,3,0.0731707,3,0,0,0,0,0,38,49,5,0,5,0,7,0,3,0,7,12,0,3,0,38,49,5,0,5,0,7,0,3,0,7,12,0,3,0,0,0,18,0,1,0,0,1,1,0,0,0,17,0,0,0,0,0,0,0,0
499,L8063,ClassFilter,org.junit.platform.commons.util.ClassFilter,L16557,L103,C:\Users\domco\Desktop\DP\repos\junit5\junit-platform-commons\src\main\java\org\junit\platform\commons\util\ClassFilter.java,30,1,78,2,0.0,0,0,0,0.0,0.0,0,0,1,0,0,7,1,19,18,1,7,1.0,0.528302,28,28,6,0,0.528302,28,0,0,0,0,0,25,49,2,0,2,0,6,0,5,0,6,7,0,5,0,25,49,2,0,2,0,6,0,5,0,6,7,0,5,0,0,0,2,0,5,0,0,4,0,0,0,1,2,0,0,0,0,0,0,0,0
500,L16967,ClassLoaderUtils,org.junit.platform.commons.util.ClassLoaderUtils,L16557,L103,C:\Users\domco\Desktop\DP\repos\junit5\junit-platform-commons\src\main\java\org\junit\platform\commons\util\ClassLoaderUtils.java,32,1,92,2,0.0,0,0,0,0.0,0.0,0,0,0,2,2,12,1,8,12,1,4,0.666667,0.362319,25,18,2,1,0.362319,25,0,0,0,0,0,44,61,0,2,0,2,3,0,2,0,3,21,0,2,0,44,61,0,2,0,2,3,0,2,0,3,21,0,2,0,0,3,3,2,0,0,0,0,0,0,0,0,3,0,5,0,0,0,0,0,0
501,L16986,ClasspathScanner,org.junit.platform.commons.util.ClasspathScanner,L16557,L103,C:\Users\domco\Desktop\DP\repos\junit5\junit-platform-commons\src\main\java\org\junit\platform\commons\util\ClasspathScanner.java,47,1,231,2,0.0,0,0,0,0.0,0.0,0,0,1,3,3,28,9,2,15,11,28,1.0,0.142012,24,15,1,0,0.142012,24,0,0,0,0,0,145,185,7,2,7,2,17,0,0,0,17,59,0,0,0,145,185,7,2,7,2,17,0,0,0,17,59,0,0,0,0,0,33,4,4,1,0,2,0,0,0,3,32,0,2,0,0,0,0,1,0
502,L17128,ClassUtils,org.junit.platform.commons.util.ClassUtils,L16557,L103,C:\Users\domco\Desktop\DP\repos\junit5\junit-platform-commons\src\main\java\org\junit\platform\commons\util\ClassUtils.java,32,1,93,2,0.0,0,0,0,0.0,0.0,0,0,2,1,1,7,0,13,17,0,4,1.0,0.75,51,50,4,0,0.75,51,0,0,0,0,0,17,62,0,0,0,0,4,0,3,0,4,5,0,3,0,17,62,0,0,0,0,4,0,3,0,4,5,0,3,0,0,0,1,0,0,0,0,0,1,0,0,0,0,0,0,0,0,0,0,0,0
503,L17038,CloseablePath,org.junit.platform.commons.util.CloseablePath,L16557,L103,C:\Users\domco\Desktop\DP\repos\junit5\junit-platform-commons\src\main\java\org\junit\platform\commons\util\CloseablePath.java,28,1,75,2,0.0,0,0,0,0.0,0.0,0,0,1,1,1,8,0,1,1,0,5,0.333333,0.0697674,3,3,1,2,0.0697674,3,0,0,0,0,0,40,48,7,1,7,1,5,0,2,0,5,15,0,2,0,40,48,7,1,7,1,5,0,2,0,5,15,0,2,0,0,0,14,0,1,0,0,1,0,0,0,0,13,0,0,0,0,0,0,1,0
504,L17186,CollectionUtils,org.junit.platform.commons.util.CollectionUtils,L16557,L103,C:\Users\domco\Desktop\DP\repos\junit5\junit-platform-commons\src\main\java\org\junit\platform\commons\util\CollectionUtils.java,45,1,152,2,0.0,0,0,0,0.0,0.0,0,0,2,1,1,17,2,25,85,3,7,1.0,0.517544,59,58,4,0,0.517544,59,0,0,0,0,0,55,108,0,1,0,1,4,0,3,0,4,30,0,3,0,55,108,0,1,0,1,4,0,3,0,4,30,0,3,0,0,0,2,0,0,0,0,0,1,1,0,0,0,0,0,0,0,0,0,0,0
505,L17231,ExceptionUtils,org.junit.platform.commons.util.ExceptionUtils,L16557,L103,C:\Users\domco\Desktop\DP\repos\junit5\junit-platform-commons\src\main\java\org\junit\platform\commons\util\ExceptionUtils.java,31,1,83,2,0.0,0,0,0,0.0,0.0,0,0,2,1,1,4,1,13,19,1,5,1.0,0.62069,36,34,3,0,0.62069,36,0,0,0,0,0,22,53,0,0,0,0,4,0,2,0,4,9,0,2,0,22,53,0,0,0,0,4,0,2,0,4,9,0,2,0,0,0,3,0,0,0,0,0,1,0,0,0,2,0,0,0,0,0,0,0,0
506,L17256,FunctionUtils,org.junit.platform.commons.util.FunctionUtils,L16557,L103,C:\Users\domco\Desktop\DP\repos\junit5\junit-platform-commons\src\main\java\org\junit\platform\commons\util\FunctionUtils.java,32,1,52,2,0.0,0,0,0,0.0,0.0,0,0,1,0,0,2,1,8,14,1,3,1.0,0.666667,20,19,2,0,0.666667,20,0,0,0,0,0,10,21,0,0,0,0,2,0,1,0,2,3,0,1,0,10,21,0,0,0,0,2,0,1,0,2,3,0,1,0,0,0,0,0,0,0,0,0,0,0,0,0,0,0,0,0,0,0,0,0,0
507,L17275,ModuleUtils,org.junit.platform.commons.util.ModuleUtils,L16557,L103,C:\Users\domco\Desktop\DP\repos\junit5\junit-platform-commons\src\main\java\org\junit\platform\commons\util\ModuleUtils.java,37,1,100,2,0.0,0,0,0,0.0,0.0,0,0,2,0,0,5,3,0,0,2,7,1.0,0.681159,47,47,7,0,0.681159,47,0,0,0,0,0,22,64,2,2,2,2,5,1,5,0,5,7,1,5,0,22,64,2,2,2,2,5,1,5,0,5,7,1,5,0,0,0,5,0,0,0,0,0,1,0,0,0,0,0,0,0,0,0,0,4,0
508,L17298,PackageUtils,org.junit.platform.commons.util.PackageUtils,L16557,L103,C:\Users\domco\Desktop\DP\repos\junit5\junit-platform-commons\src\main\java\org\junit\platform\commons\util\PackageUtils.java,41,1,143,2,0.0,0,0,0,0.0,0.0,0,0,1,2,2,7,1,3,6,3,7,1.0,0.616822,66,65,4,0,0.616822,66,0,0,0,0,0,41,103,2,2,2,2,4,0,3,0,4,22,0,3,0,41,103,2,2,2,2,4,0,3,0,4,22,0,3,0,0,0,0,1,3,0,0,3,0,0,0,1,0,0,0,0,0,0,0,0,0
509,L17343,Preconditions,org.junit.platform.commons.util.Preconditions,L16557,L103,C:\Users\domco\Desktop\DP\repos\junit5\junit-platform-commons\src\main\java\org\junit\platform\commons\util\Preconditions.java,36,1,299,2,0.0,0,0,0,0.0,0.0,0,0,6,1,1,25,2,103,234,2,17,1.0,0.700389,180,179,15,0,0.700389,180,0,0,0,0,0,77,264,0,0,0,0,15,0,14,0,15,32,0,14,0,77,264,0,0,0,0,15,0,14,0,15,32,0,14,0,0,0,1,0,0,0,0,0,1,0,0,0,0,0,0,0,0,0,0,0,0
510,L4266,PreconditionViolationException,org.junit.platform.commons.util.PreconditionViolationException,L16557,L103,C:\Users\domco\Desktop\DP\repos\junit5\junit-platform-commons\src\main\java\org\junit\platform\commons\util\PreconditionViolationException.java,24,1,37,2,0.0,0,0,0,0.0,0.0,0,0,0,0,0,2,1,71,10,2,4,0.333333,0.375,6,6,1,2,0.375,6,1,1,0,0,1,10,14,2,0,1,0,2,0,2,0,4,2,0,4,0,10,14,2,0,1,0,2,0,2,0,4,2,0,4,0,0,0,5,0,0,0,0,0,0,0,0,0,5,0,0,0,0,0,0,0,0
511,L17431,ReflectionUtils,org.junit.platform.commons.util.ReflectionUtils,L16557,L103,C:\Users\domco\Desktop\DP\repos\junit5\junit-platform-commons\src\main\java\org\junit\platform\commons\util\ReflectionUtils.java,71,1,1388,2,0.147337,4,20,8,0.0864947,0.131868,114,96,23,3,3,169,13,63,173,17,93,0.711111,0.366579,419,357,32,13,0.370787,429,0,0,0,0,0,724,1306,8,19,8,19,76,0,44,0,76,330,0,44,0,728,1318,10,19,10,19,76,2,44,0,76,330,2,44,0,0,0,137,12,16,5,51,10,1,2,2,1,63,0,12,0,0,0,0,18,1.0
512,L17848,StringUtils,org.junit.platform.commons.util.StringUtils,L16557,L103,C:\Users\domco\Desktop\DP\repos\junit5\junit-platform-commons\src\main\java\org\junit\platform\commons\util\StringUtils.java,31,1,183,2,0.439863,1,10,2,0.156863,0.375,24,24,4,4,4,23,1,23,32,1,9,1.0,0.581699,89,87,8,0,0.581699,89,0,0,0,0,0,64,153,0,0,0,0,8,0,7,0,8,31,0,7,0,64,153,0,0,0,0,8,0,7,0,8,31,0,7,0,0,0,16,1,0,0,12,0,1,3,0,0,0,0,1,0,0,0,0,0,1.0
513,L4688,ToStringBuilder,org.junit.platform.commons.util.ToStringBuilder,L16557,L103,C:\Users\domco\Desktop\DP\repos\junit5\junit-platform-commons\src\main\java\org\junit\platform\commons\util\ToStringBuilder.java,33,1,63,2,0.0,0,0,0,0.0,0.0,0,0,1,0,0,6,2,36,50,3,8,0.2,0.342857,12,12,1,4,0.342857,12,0,0,0,0,0,23,31,2,0,2,0,5,0,4,0,5,7,0,4,0,23,31,2,0,2,0,5,0,4,0,5,7,0,4,0,0,0,11,0,0,0,0,0,0,0,0,0,11,0,0,0,0,0,0,0,0
514,L17906,AnnotationUtilsTests,org.junit.platform.commons.util.AnnotationUtilsTests,L16557,L103,C:\Users\domco\Desktop\DP\repos\junit5\platform-tests\src\test\java\org\junit\platform\commons\util\AnnotationUtilsTests.java,53,1,898,2,0.0,0,0,0,0.0,0.0,0,0,42,0,0,68,49,0,0,16,84,1.0,0.0473684,18,18,1,0,0.0465465,31,0,0,0,0,0,362,534,4,0,4,0,68,2,0,0,68,132,2,0,0,635,846,19,0,19,0,81,7,1,0,84,132,7,2,0,0,0,365,39,135,51,0,77,2,0,2,32,335,8,6,2,0,0,0,24,0
515,L18261,ClassLoaderUtilsTests,org.junit.platform.commons.util.ClassLoaderUtilsTests,L16557,L103,C:\Users\domco\Desktop\DP\repos\junit5\platform-tests\src\test\java\org\junit\platform\commons\util\ClassLoaderUtilsTests.java,26,1,70,2,0.0,0,0,0,0.0,0.0,0,0,0,1,1,4,4,0,0,6,10,1.0,0.111111,5,5,1,0,0.111111,5,0,0,0,0,0,40,45,0,4,0,4,4,0,0,0,4,19,0,0,0,40,45,0,4,0,4,4,0,0,0,4,19,0,0,0,0,0,10,0,15,11,0,4,0,0,0,0,10,0,0,0,0,0,0,0,0
516,L18271,ClasspathScannerTests,org.junit.platform.commons.util.ClasspathScannerTests,L16557,L103,C:\Users\domco\Desktop\DP\repos\junit5\platform-tests\src\test\java\org\junit\platform\commons\util\ClasspathScannerTests.java,49,1,362,2,0.0887097,1,4,4,0.165605,0.134529,52,30,8,1,1,30,13,0,0,12,41,1.0,0.0465116,10,5,1,0,0.0429185,10,0,0,0,0,0,205,295,4,1,4,1,29,0,0,0,29,88,0,0,0,223,314,4,2,4,2,30,0,1,0,30,89,0,1,0,0,1,107,27,44,22,23,24,1,0,1,24,81,0,2,0,0,0,0,1,0
517,L18360,ClassUtilsTests,org.junit.platform.commons.util.ClassUtilsTests,L16557,L103,C:\Users\domco\Desktop\DP\repos\junit5\platform-tests\src\test\java\org\junit\platform\commons\util\ClassUtilsTests.java,23,1,44,2,0.0,0,0,0,0.0,0.0,0,0,2,0,0,2,3,0,0,4,6,1.0,0.208333,5,5,1,0,0.208333,5,0,0,0,0,0,19,22,0,0,0,0,2,0,0,0,2,10,0,0,0,19,22,0,0,0,0,2,0,0,0,2,10,0,0,0,0,0,7,0,14,12,0,2,1,0,0,0,6,0,0,0,0,0,0,0,0
518,L18365,CollectionUtilsTests,org.junit.platform.commons.util.CollectionUtilsTests,L16557,L103,C:\Users\domco\Desktop\DP\repos\junit5\platform-tests\src\test\java\org\junit\platform\commons\util\CollectionUtilsTests.java,45,1,231,2,0.0,0,0,0,0.0,0.0,0,0,13,1,1,18,6,0,0,9,26,1.0,0.0507246,7,5,1,0,0.0466667,7,0,0,0,0,0,131,172,0,4,0,4,17,0,0,0,17,49,0,0,0,143,187,0,4,0,4,19,0,2,0,19,51,0,2,0,0,1,47,3,35,19,0,16,1,0,0,0,46,0,4,0,0,0,0,0,0
519,L18410,ExceptionUtilsTests,org.junit.platform.commons.util.ExceptionUtilsTests,L16557,L103,C:\Users\domco\Desktop\DP\repos\junit5\platform-tests\src\test\java\org\junit\platform\commons\util\ExceptionUtilsTests.java,28,1,64,2,0.0,0,0,0,0.0,0.0,0,0,5,1,1,6,5,0,0,3,8,1.0,0.194444,7,5,1,0,0.194444,7,0,0,0,0,0,29,37,0,0,0,0,5,0,0,0,5,7,0,0,0,29,37,0,0,0,0,5,0,0,0,5,7,0,0,0,0,0,13,0,5,0,0,5,1,0,0,0,12,0,0,0,0,0,0,0,0
520,L18421,FunctionUtilsTests,org.junit.platform.commons.util.FunctionUtilsTests,L16557,L103,C:\Users\domco\Desktop\DP\repos\junit5\platform-tests\src\test\java\org\junit\platform\commons\util\FunctionUtilsTests.java,28,1,54,2,0.0,0,0,0,0.0,0.0,0,0,3,0,0,3,4,0,0,5,8,1.0,0.192308,5,5,1,0,0.192308,5,0,0,0,0,0,21,27,0,0,0,0,3,0,0,0,3,8,0,0,0,21,27,0,0,0,0,3,0,0,0,3,8,0,0,0,0,0,9,0,11,8,0,3,1,0,0,0,8,0,0,0,0,0,0,0,0
521,L18428,ModuleUtilsTests,org.junit.platform.commons.util.ModuleUtilsTests,L16557,L103,C:\Users\domco\Desktop\DP\repos\junit5\platform-tests\src\test\java\org\junit\platform\commons\util\ModuleUtilsTests.java,22,1,37,2,0.0,0,0,0,0.0,0.0,0,0,1,1,1,2,3,0,0,2,3,1.0,0.263158,5,5,1,0,0.263158,5,0,0,0,0,0,14,16,0,0,0,0,1,0,0,0,1,6,0,0,0,14,16,0,0,0,0,1,0,0,0,1,6,0,0,0,0,0,2,0,2,1,0,1,0,0,0,0,2,0,0,0,0,0,0,0,0
522,L18433,PackageUtilsTests,org.junit.platform.commons.util.PackageUtilsTests,L16557,L103,C:\Users\domco\Desktop\DP\repos\junit5\platform-tests\src\test\java\org\junit\platform\commons\util\PackageUtilsTests.java,35,1,123,2,0.0,0,0,0,0.0,0.0,0,0,5,0,0,13,8,0,0,9,22,1.0,0.0740741,6,5,1,0,0.0740741,6,0,0,0,0,0,75,89,0,7,0,7,13,0,0,0,13,23,0,0,0,75,89,0,7,0,7,13,0,0,0,13,23,0,0,0,0,0,30,1,26,15,0,12,1,0,0,0,28,0,0,0,0,0,0,1,0
523,L18452,PreconditionsTests,org.junit.platform.commons.util.PreconditionsTests,L16557,L103,C:\Users\domco\Desktop\DP\repos\junit5\platform-tests\src\test\java\org\junit\platform\commons\util\PreconditionsTests.java,35,1,282,2,0.0,0,0,0,0.0,0.0,0,0,28,0,0,28,4,0,0,16,44,1.0,0.026455,5,5,1,0,0.026455,5,0,0,0,0,0,184,248,0,0,0,0,28,0,0,0,28,82,0,0,0,184,248,0,0,0,0,28,0,0,0,28,82,0,0,0,0,0,60,10,68,46,0,28,1,0,0,0,58,0,4,0,0,0,0,1,0
524,L18487,ReflectionUtilsTests,org.junit.platform.commons.util.ReflectionUtilsTests,L16557,L103,C:\Users\domco\Desktop\DP\repos\junit5\platform-tests\src\test\java\org\junit\platform\commons\util\ReflectionUtilsTests.java,65,1,1448,2,0.114107,3,5,5,0.0635838,0.0705765,88,71,68,1,1,99,58,0,0,40,136,1.0,0.129885,113,19,1,0,0.104185,117,0,0,0,0,0,757,1055,5,14,5,14,96,0,0,0,96,399,0,0,0,1006,1384,12,14,12,14,159,0,37,0,190,409,0,63,0,0,0,512,41,361,191,36,117,13,0,2,29,445,53,12,5,0,0,0,11,1.0
525,L18990,SerializationUtils,org.junit.platform.commons.util.SerializationUtils,L16557,L103,C:\Users\domco\Desktop\DP\repos\junit5\platform-tests\src\test\java\org\junit\platform\commons\util\SerializationUtils.java,19,1,41,2,0.0,0,0,0,0.0,0.0,0,0,1,1,1,3,0,1,1,0,3,0.0,0.0,0,0,0,2,0.0,0,0,0,0,0,0,20,23,0,0,0,0,3,0,1,0,3,8,0,1,0,20,23,0,0,0,0,3,0,1,0,3,8,0,1,0,0,0,9,3,0,0,0,0,0,0,0,3,9,0,0,0,0,0,0,0,0
526,L19026,StringUtilsTests,org.junit.platform.commons.util.StringUtilsTests,L16557,L103,C:\Users\domco\Desktop\DP\repos\junit5\platform-tests\src\test\java\org\junit\platform\commons\util\StringUtilsTests.java,33,1,145,2,0.18251,1,2,2,0.389381,0.421053,44,40,9,0,0,9,4,0,0,9,18,1.0,0.183486,20,5,1,0,0.173913,20,0,0,0,0,0,89,106,0,0,0,0,9,0,0,0,9,22,0,0,0,95,113,0,0,0,0,10,0,1,0,10,23,0,1,0,0,0,45,1,21,16,19,5,1,0,0,1,25,0,0,0,0,0,0,0,1.0
527,L19052,ToStringBuilderTests,org.junit.platform.commons.util.ToStringBuilderTests,L16557,L103,C:\Users\domco\Desktop\DP\repos\junit5\platform-tests\src\test\java\org\junit\platform\commons\util\ToStringBuilderTests.java,26,1,171,2,0.0,0,0,0,0.0,0.0,0,0,18,0,0,18,5,0,0,10,28,1.0,0.0679612,7,5,1,0,0.0725806,9,0,0,0,0,0,96,121,0,0,0,0,18,0,0,0,18,24,0,0,0,115,146,2,0,2,0,21,0,1,0,21,27,0,1,0,0,1,51,2,39,18,0,20,1,0,0,0,50,1,3,0,0,0,0,0,0
528,L19148,LoggerFactory,org.junit.platform.commons.logging.LoggerFactory,L19107,L103,C:\Users\domco\Desktop\DP\repos\junit5\junit-platform-commons\src\main\java\org\junit\platform\commons\logging\LoggerFactory.java,29,1,188,2,0.0,0,0,0,0.0,0.0,0,0,1,1,1,5,4,31,31,2,6,1.0,0.55,22,19,4,0,0.162963,22,0,0,0,0,0,18,43,1,1,1,1,4,0,3,0,4,5,0,3,0,113,160,4,1,4,1,20,0,15,0,20,46,0,15,0,0,0,36,0,1,0,0,1,0,0,0,0,36,0,0,0,0,0,0,0,0
529,L8839,LogRecordListener,org.junit.platform.commons.logging.LogRecordListener,L19107,L103,C:\Users\domco\Desktop\DP\repos\junit5\junit-platform-commons\src\main\java\org\junit\platform\commons\logging\LogRecordListener.java,30,1,113,2,0.0,0,0,0,0.0,0.0,0,0,1,1,1,7,1,12,17,1,6,1.0,0.691358,56,52,6,0,0.691358,56,0,0,0,0,0,25,84,1,0,1,0,5,0,5,0,5,9,0,5,0,25,84,1,0,1,0,5,0,5,0,5,9,0,5,0,0,0,0,0,0,0,0,0,0,0,0,0,0,0,0,0,0,0,0,0,0
530,L19300,AnnotationSupport,org.junit.platform.commons.support.AnnotationSupport,L19289,L103,C:\Users\domco\Desktop\DP\repos\junit5\junit-platform-commons\src\main\java\org\junit\platform\commons\support\AnnotationSupport.java,33,1,173,2,0.0,0,0,0,0.0,0.0,0,0,7,0,0,8,2,1,5,7,15,1.0,0.761194,102,101,8,0,0.761194,102,0,0,0,0,0,32,141,0,0,0,0,8,0,7,0,8,7,0,7,0,32,141,0,0,0,0,8,0,7,0,8,7,0,7,0,0,0,1,0,0,0,0,0,1,0,0,0,0,0,0,0,0,0,0,0,0
531,L19346,ClassSupport,org.junit.platform.commons.support.ClassSupport,L19289,L103,C:\Users\domco\Desktop\DP\repos\junit5\junit-platform-commons\src\main\java\org\junit\platform\commons\support\ClassSupport.java,27,1,66,2,0.0,0,0,0,0.0,0.0,0,0,2,0,0,3,1,1,1,2,5,1.0,0.744186,32,31,3,0,0.744186,32,0,0,0,0,0,11,40,0,0,0,0,3,0,2,0,3,2,0,2,0,11,40,0,0,0,0,3,0,2,0,3,2,0,2,0,0,0,1,0,0,0,0,0,1,0,0,0,0,0,0,0,0,0,0,0,0
532,L19369,ReflectionSupport,org.junit.platform.commons.support.ReflectionSupport,L19289,L103,C:\Users\domco\Desktop\DP\repos\junit5\junit-platform-commons\src\main\java\org\junit\platform\commons\support\ReflectionSupport.java,32,1,235,2,0.0,0,0,0,0.0,0.0,0,0,10,0,0,11,2,2,5,10,21,1.0,0.79798,158,157,11,0,0.79798,158,0,0,0,0,0,40,204,0,0,0,0,11,0,10,0,11,10,0,10,0,40,204,0,0,0,0,11,0,10,0,11,10,0,10,0,0,0,1,0,0,0,0,0,1,0,0,0,0,0,0,0,0,0,0,0,0
533,L19422,AnnotationSupportTests,org.junit.platform.commons.support.AnnotationSupportTests,L19289,L103,C:\Users\domco\Desktop\DP\repos\junit5\platform-tests\src\test\java\org\junit\platform\commons\support\AnnotationSupportTests.java,33,1,133,2,0.396476,1,2,2,0.29703,0.309524,30,26,5,0,0,5,10,0,0,18,23,1.0,0.0434783,3,3,1,0,0.0344828,3,0,0,0,0,0,66,79,0,0,0,0,5,0,0,0,5,24,0,0,0,84,101,2,0,2,0,7,2,0,0,7,24,2,0,0,0,0,47,0,29,20,17,7,2,0,0,0,22,2,0,0,0,0,0,6,0
534,L19456,ClassSupportTests,org.junit.platform.commons.support.ClassSupportTests,L19289,L103,C:\Users\domco\Desktop\DP\repos\junit5\platform-tests\src\test\java\org\junit\platform\commons\support\ClassSupportTests.java,24,1,35,2,0.0,0,0,0,0.0,0.0,0,0,1,0,0,1,4,0,0,5,6,1.0,0.230769,3,3,1,0,0.230769,3,0,0,0,0,0,10,12,0,0,0,0,1,0,0,0,1,3,0,0,0,10,12,0,0,0,0,1,0,0,0,1,3,0,0,0,0,0,4,0,4,3,0,1,0,0,0,0,4,0,0,0,0,0,0,0,0
535,L19462,ReflectionSupportTests,org.junit.platform.commons.support.ReflectionSupportTests,L19289,L103,C:\Users\domco\Desktop\DP\repos\junit5\platform-tests\src\test\java\org\junit\platform\commons\support\ReflectionSupportTests.java,34,1,94,2,0.0,0,0,0,0.0,0.0,0,0,4,2,2,7,9,0,0,13,18,1.0,0.0517241,3,3,1,0,0.0517241,3,0,0,0,0,0,55,61,3,0,3,0,5,0,0,0,5,21,0,0,0,55,61,3,0,3,0,5,0,0,0,5,21,0,0,0,0,0,13,0,16,11,0,5,1,0,0,0,12,0,0,0,0,0,0,0,0
536,L19660,AvailableOptions,org.junit.platform.console.options.AvailableOptions,L19648,L103,C:\Users\domco\Desktop\DP\repos\junit5\junit-platform-console\src\main\java\org\junit\platform\console\options\AvailableOptions.java,34,1,337,2,0.0,0,0,0,0.0,0.0,0,0,1,1,1,16,3,1,3,27,35,0.666667,0.164659,41,19,2,1,0.164659,41,0,0,0,0,0,208,304,52,1,52,1,8,0,2,2,8,46,0,2,2,208,304,52,1,52,1,8,0,2,2,8,46,0,2,2,0,0,22,1,45,0,0,3,0,0,1,41,17,1,1,0,0,0,0,4,0
537,L19564,CommandLineOptions,org.junit.platform.console.options.CommandLineOptions,L19648,L103,C:\Users\domco\Desktop\DP\repos\junit5\junit-platform-console\src\main\java\org\junit\platform\console\options\CommandLineOptions.java,34,1,297,2,0.0,0,0,0,0.0,0.0,0,0,6,0,0,55,2,15,42,1,56,0.0178571,0.0197044,4,3,1,55,0.0197044,4,0,0,0,0,0,199,264,29,22,29,22,55,0,55,27,55,56,0,55,27,199,264,29,22,29,22,55,0,55,27,55,56,0,55,27,0,0,130,0,2,0,0,2,1,0,0,0,113,0,0,0,0,0,0,16,0
538,L19533,PicocliCommandLineOptionsParser,org.junit.platform.console.options.PicocliCommandLineOptionsParser,L19648,L103,C:\Users\domco\Desktop\DP\repos\junit5\junit-platform-console\src\main\java\org\junit\platform\console\options\PicocliCommandLineOptionsParser.java,27,1,56,2,0.0,0,0,0,0.0,0.0,0,0,1,1,1,5,4,3,0,4,7,0.333333,0.1,3,3,1,2,0.1,3,1,1,0,0,1,27,30,0,1,0,1,3,0,2,0,3,10,0,2,0,27,30,0,1,0,1,3,0,2,0,3,10,0,2,0,0,0,9,1,0,0,0,0,0,0,0,1,9,0,0,0,0,0,0,0,0
539,L20081,PicocliCommandLineOptionsParserTests,org.junit.platform.console.options.PicocliCommandLineOptionsParserTests,L19648,L103,C:\Users\domco\Desktop\DP\repos\junit5\platform-tests\src\test\java\org\junit\platform\console\options\PicocliCommandLineOptionsParserTests.java,49,1,620,2,0.235421,3,12,12,0.307692,0.334802,176,152,28,0,0,50,10,1,2,9,59,1.0,0.10828,51,3,1,0,0.10099,51,0,0,0,0,0,420,534,0,0,0,0,50,0,0,0,50,63,0,0,0,454,572,2,0,2,0,57,2,3,0,59,72,2,3,0,0,0,223,20,214,164,81,48,2,0,0,8,128,2,12,0,0,0,0,12,0
540,L20211,ThemeTests,org.junit.platform.console.options.ThemeTests,L19648,L103,C:\Users\domco\Desktop\DP\repos\junit5\platform-tests\src\test\java\org\junit\platform\console\options\ThemeTests.java,20,1,36,2,0.0,0,0,0,0.0,0.0,0,0,2,0,0,2,3,0,0,3,5,0.0,0.0,0,0,0,1,0.0,0,0,0,0,0,0,11,17,0,0,0,0,2,0,0,0,2,2,0,0,0,11,17,0,0,0,0,2,0,0,0,2,2,0,0,0,0,0,8,0,7,5,0,2,1,0,0,0,7,0,0,0,0,0,0,0,0
541,L19600,ConsoleTestExecutor,org.junit.platform.console.tasks.ConsoleTestExecutor,L20215,L103,C:\Users\domco\Desktop\DP\repos\junit5\junit-platform-console\src\main\java\org\junit\platform\console\tasks\ConsoleTestExecutor.java,40,1,136,2,0.0,0,0,0,0.0,0.0,0,0,2,1,1,19,15,2,12,19,29,0.333333,0.105882,9,4,1,2,0.105882,9,0,0,0,0,0,76,97,2,0,2,0,10,0,2,0,10,39,0,2,0,76,97,2,0,2,0,10,0,2,0,10,39,0,2,0,0,0,23,2,0,0,0,0,1,0,1,2,21,0,0,0,0,0,0,0,0
542,L20311,CustomContextClassLoaderExecutor,org.junit.platform.console.tasks.CustomContextClassLoaderExecutor,L20215,L103,C:\Users\domco\Desktop\DP\repos\junit5\junit-platform-console\src\main\java\org\junit\platform\console\tasks\CustomContextClassLoaderExecutor.java,19,1,48,2,0.0,0,0,0,0.0,0.0,0,0,1,1,1,4,0,2,3,0,3,1.0,0.178571,5,3,1,0,0.178571,5,0,0,0,0,0,23,30,1,0,1,0,3,0,0,0,3,9,0,0,0,23,30,1,0,1,0,3,0,0,0,3,9,0,0,0,0,0,6,2,1,0,0,1,0,0,0,2,6,0,0,0,0,0,0,0,1.0
543,L20324,DiscoveryRequestCreator,org.junit.platform.console.tasks.DiscoveryRequestCreator,L20215,L103,C:\Users\domco\Desktop\DP\repos\junit5\junit-platform-console\src\main\java\org\junit\platform\console\tasks\DiscoveryRequestCreator.java,44,1,130,2,0.273859,1,8,2,0.252874,0.246575,22,18,1,1,1,16,13,2,2,41,47,1.0,0.0394737,3,3,1,0,0.0394737,3,0,0,0,0,0,73,87,0,0,0,0,6,0,0,0,6,45,0,0,0,73,87,0,0,0,0,6,0,0,0,6,45,0,0,0,0,0,28,0,1,0,12,1,0,0,2,0,14,0,0,0,0,0,0,0,0
544,L20359,FlatPrintingListener,org.junit.platform.console.tasks.FlatPrintingListener,L20215,L103,C:\Users\domco\Desktop\DP\repos\junit5\junit-platform-console\src\main\java\org\junit\platform\console\tasks\FlatPrintingListener.java,28,1,121,2,0.0,0,0,0,0.0,0.0,0,0,1,1,1,15,7,2,5,8,22,0.125,0.164557,13,12,1,7,0.164557,13,1,1,0,0,1,66,94,4,0,4,0,14,0,7,0,14,21,0,7,0,66,94,4,0,4,0,14,0,7,0,14,21,0,7,0,0,0,29,0,1,0,0,1,0,0,0,0,29,0,0,0,0,0,0,0,0
545,L20547,TreeNode,org.junit.platform.console.tasks.TreeNode,L20215,L103,C:\Users\domco\Desktop\DP\repos\junit5\junit-platform-console\src\main\java\org\junit\platform\console\tasks\TreeNode.java,24,1,84,2,0.0,0,0,0,0.0,0.0,0,0,3,0,0,10,3,4,12,1,11,0.5,0.0566038,3,3,1,1,0.0566038,3,0,0,0,0,0,50,61,9,0,9,0,10,0,1,1,10,19,0,1,1,50,61,9,0,9,0,10,0,1,1,10,19,0,1,1,0,0,26,0,14,0,0,10,1,0,0,0,23,0,4,0,0,0,0,2,0
546,L20614,TreePrinter,org.junit.platform.console.tasks.TreePrinter,L20215,L103,C:\Users\domco\Desktop\DP\repos\junit5\junit-platform-console\src\main\java\org\junit\platform\console\tasks\TreePrinter.java,35,1,181,2,0.0,0,0,0,0.0,0.0,0,0,1,3,3,34,8,2,6,20,31,1.0,0.0510949,7,3,1,0,0.0510949,7,0,0,0,0,0,130,147,3,0,3,0,11,0,0,0,11,87,0,0,0,130,147,3,0,3,0,11,0,0,0,11,87,0,0,0,0,0,22,0,4,1,0,3,0,0,0,0,22,0,0,0,0,0,0,0,0
547,L20365,TreePrintingListener,org.junit.platform.console.tasks.TreePrintingListener,L20215,L103,C:\Users\domco\Desktop\DP\repos\junit5\junit-platform-console\src\main\java\org\junit\platform\console\tasks\TreePrintingListener.java,28,1,79,2,0.0,0,0,0,0.0,0.0,0,0,1,0,0,9,8,1,1,8,17,0.142857,0.0681818,3,3,1,6,0.0681818,3,1,1,0,0,1,41,52,3,1,3,1,9,0,6,0,10,12,0,7,0,41,52,3,1,3,1,9,0,6,0,10,12,0,7,0,0,0,21,0,0,0,0,0,0,0,0,0,21,0,0,0,0,0,0,0,0
548,L20370,VerboseTreePrintingListener,org.junit.platform.console.tasks.VerboseTreePrintingListener,L20215,L103,C:\Users\domco\Desktop\DP\repos\junit5\junit-platform-console\src\main\java\org\junit\platform\console\tasks\VerboseTreePrintingListener.java,30,1,194,2,0.0,0,0,0,0.0,0.0,0,0,1,2,2,24,7,1,1,18,32,0.125,0.12,18,9,1,7,0.12,18,1,1,0,0,1,132,165,6,0,6,0,14,0,7,0,14,82,0,7,0,132,165,6,0,6,0,14,0,7,0,14,82,0,7,0,0,0,28,1,1,0,0,0,0,0,0,0,27,0,2,0,0,0,0,1,1.0
549,L20822,XmlReportData,org.junit.platform.console.tasks.XmlReportData,L20215,L103,C:\Users\domco\Desktop\DP\repos\junit5\junit-platform-console\src\main\java\org\junit\platform\console\tasks\XmlReportData.java,36,1,145,2,0.0,0,0,0,0.0,0.0,0,0,3,2,2,23,5,5,23,3,18,1.0,0.0337079,3,3,1,0,0.0337079,3,0,0,0,0,0,86,110,8,6,8,6,15,0,0,0,15,36,0,0,0,86,110,8,6,8,6,15,0,0,0,15,36,0,0,0,0,0,35,1,12,0,0,12,1,0,0,0,32,0,0,0,0,1,0,2,0
550,L20916,XmlReportsWritingListener,org.junit.platform.console.tasks.XmlReportsWritingListener,L20215,L103,C:\Users\domco\Desktop\DP\repos\junit5\junit-platform-console\src\main\java\org\junit\platform\console\tasks\XmlReportsWritingListener.java,40,1,127,2,0.0,0,0,0,0.0,0.0,0,0,1,1,1,16,9,2,4,12,25,0.142857,0.134146,11,11,1,6,0.134146,11,1,1,0,0,1,71,88,4,0,4,0,13,0,6,0,14,26,0,7,0,71,88,4,0,4,0,13,0,6,0,14,26,0,7,0,0,0,27,0,0,0,0,0,0,0,0,0,27,0,0,0,0,0,0,0,0
551,L20980,XmlReportWriter,org.junit.platform.console.tasks.XmlReportWriter,L20215,L103,C:\Users\domco\Desktop\DP\repos\junit5\junit-platform-console\src\main\java\org\junit\platform\console\tasks\XmlReportWriter.java,53,1,356,2,0.0,0,0,0,0.0,0.0,0,0,1,3,3,40,11,2,2,24,49,1.0,0.0552995,12,7,1,0,0.0465116,12,0,0,0,0,0,205,255,3,5,3,5,25,0,0,0,25,112,0,0,0,246,304,7,9,7,9,31,0,5,0,31,127,0,5,0,0,0,72,0,7,0,0,6,0,2,1,1,67,0,0,0,0,0,0,2,0
552,L21216,ConsoleTestExecutorTests,org.junit.platform.console.tasks.ConsoleTestExecutorTests,L20215,L103,C:\Users\domco\Desktop\DP\repos\junit5\platform-tests\src\test\java\org\junit\platform\console\tasks\ConsoleTestExecutorTests.java,35,1,184,2,0.172932,1,2,2,0.146667,0.156863,22,16,1,0,0,12,7,0,0,9,21,1.0,0.0810811,9,9,1,0,0.0810811,9,0,0,0,0,0,102,150,5,0,5,0,12,0,0,0,12,53,0,0,0,102,150,5,0,5,0,12,0,0,0,12,53,0,0,0,0,1,36,13,14,2,14,11,0,0,0,12,22,0,3,0,0,0,0,0,0
553,L21255,CustomContextClassLoaderExecutorTests,org.junit.platform.console.tasks.CustomContextClassLoaderExecutorTests,L20215,L103,C:\Users\domco\Desktop\DP\repos\junit5\platform-tests\src\test\java\org\junit\platform\console\tasks\CustomContextClassLoaderExecutorTests.java,25,1,56,2,0.0,0,0,0,0.0,0.0,0,0,2,0,0,2,3,0,0,4,6,1.0,0.12,3,3,1,0,0.12,3,0,0,0,0,0,22,32,0,0,0,0,2,0,0,0,2,11,0,0,0,22,32,0,0,0,0,2,0,0,0,2,11,0,0,0,0,0,7,2,10,8,0,2,1,0,0,2,6,0,0,0,0,0,0,0,1.0
554,L21262,DiscoveryRequestCreatorTests,org.junit.platform.console.tasks.DiscoveryRequestCreatorTests,L20215,L103,C:\Users\domco\Desktop\DP\repos\junit5\platform-tests\src\test\java\org\junit\platform\console\tasks\DiscoveryRequestCreatorTests.java,50,1,291,2,0.234388,2,4,4,0.206612,0.213483,50,38,1,0,0,20,20,0,0,33,53,1.0,0.0481283,9,3,1,0,0.0481283,9,0,0,0,0,0,178,242,1,0,1,0,20,0,0,0,20,107,0,0,0,178,242,1,0,1,0,20,0,0,0,20,107,0,0,0,0,0,70,2,37,19,27,18,0,0,1,0,42,0,2,0,0,0,0,0,0
555,L21376,FlatPrintingListenerTests,org.junit.platform.console.tasks.FlatPrintingListenerTests,L20215,L103,C:\Users\domco\Desktop\DP\repos\junit5\platform-tests\src\test\java\org\junit\platform\console\tasks\FlatPrintingListenerTests.java,31,1,85,2,0.0,0,0,0,0.0,0.0,0,0,1,0,0,6,8,0,0,11,17,1.0,0.2,11,3,1,0,0.2,11,0,0,0,0,0,44,55,1,0,1,0,6,0,0,0,6,18,0,0,0,44,55,1,0,1,0,6,0,0,0,6,18,0,0,0,0,0,14,0,16,13,0,3,0,0,0,0,14,0,0,0,0,0,0,0,0
556,L21404,IncrementingClock,org.junit.platform.console.tasks.IncrementingClock,L20215,L103,C:\Users\domco\Desktop\DP\repos\junit5\platform-tests\src\test\java\org\junit\platform\console\tasks\IncrementingClock.java,21,1,52,2,0.0,0,0,0,0.0,0.0,0,0,1,0,0,5,0,1,1,0,5,0.166667,0.107143,3,3,1,5,0.107143,3,0,0,0,0,0,25,32,3,1,3,1,5,0,5,0,5,7,0,5,0,25,32,3,1,3,1,5,0,5,0,5,7,0,5,0,0,0,13,0,0,0,0,0,0,0,0,0,13,0,0,0,0,0,0,0,0
557,L21437,TreeNodeTests,org.junit.platform.console.tasks.TreeNodeTests,L20215,L103,C:\Users\domco\Desktop\DP\repos\junit5\platform-tests\src\test\java\org\junit\platform\console\tasks\TreeNodeTests.java,25,1,83,2,0.416667,1,2,2,0.40678,0.333333,24,14,2,2,2,6,3,0,0,2,6,0.0,0.0,0,0,0,1,0.0,0,0,0,0,0,0,42,59,2,0,2,0,4,0,0,0,4,19,0,0,0,42,59,2,0,2,0,4,0,0,0,4,19,0,0,0,0,0,27,4,2,0,15,2,1,0,0,4,11,0,0,0,0,0,0,0,0
558,L21478,TreePrinterTests,org.junit.platform.console.tasks.TreePrinterTests,L20215,L103,C:\Users\domco\Desktop\DP\repos\junit5\platform-tests\src\test\java\org\junit\platform\console\tasks\TreePrinterTests.java,37,1,125,2,0.0,0,0,0,0.0,0.0,0,0,1,1,1,7,10,0,0,17,23,0.0,0.208333,20,0,0,1,0.208333,20,0,0,0,0,0,76,89,3,0,3,0,6,0,0,0,6,34,0,0,0,76,89,3,0,3,0,6,0,0,0,6,34,0,0,0,0,1,13,1,5,0,0,5,0,0,2,1,11,0,1,0,0,0,0,0,0
559,L21515,XmlReportAssertions,org.junit.platform.console.tasks.XmlReportAssertions,L20215,L103,C:\Users\domco\Desktop\DP\repos\junit5\platform-tests\src\test\java\org\junit\platform\console\tasks\XmlReportAssertions.java,29,1,64,2,0.0,0,0,0,0.0,0.0,0,0,1,1,1,2,2,2,8,2,3,1.0,0.266667,4,3,1,0,0.125,4,0,0,0,0,0,11,15,0,0,0,0,1,0,0,0,1,4,0,0,0,28,36,2,0,2,0,3,1,0,0,3,10,1,0,0,0,0,16,2,1,0,0,1,0,0,0,2,10,0,0,0,0,0,0,6,0
560,L21572,XmlReportDataTests,org.junit.platform.console.tasks.XmlReportDataTests,L20215,L103,C:\Users\domco\Desktop\DP\repos\junit5\platform-tests\src\test\java\org\junit\platform\console\tasks\XmlReportDataTests.java,31,1,73,2,0.0,0,0,0,0.0,0.0,0,0,3,0,0,3,8,0,0,12,15,1.0,0.0857143,3,3,1,0,0.0857143,3,0,0,0,0,0,32,43,0,0,0,0,3,0,0,0,3,21,0,0,0,32,43,0,0,0,0,3,0,0,0,3,21,0,0,0,0,0,11,1,3,0,0,3,1,0,2,0,8,0,1,0,0,0,0,0,0
561,L21582,XmlReportsWritingListenerTests,org.junit.platform.console.tasks.XmlReportsWritingListenerTests,L20215,L103,C:\Users\domco\Desktop\DP\repos\junit5\platform-tests\src\test\java\org\junit\platform\console\tasks\XmlReportsWritingListenerTests.java,63,1,429,2,0.0,0,0,0,0.0,0.0,0,0,3,0,0,17,26,0,0,35,52,1.0,0.108197,33,3,1,0,0.108197,33,0,0,0,0,0,272,367,0,0,0,0,17,0,0,0,17,102,0,0,0,272,367,0,0,0,0,17,0,0,0,17,102,0,0,0,0,0,37,24,15,2,0,14,1,0,2,15,34,0,8,0,0,0,0,0,0
562,L21669,XmlReportWriterTests,org.junit.platform.console.tasks.XmlReportWriterTests,L20215,L103,C:\Users\domco\Desktop\DP\repos\junit5\platform-tests\src\test\java\org\junit\platform\console\tasks\XmlReportWriterTests.java,37,1,228,2,0.0,0,0,0,0.0,0.0,0,0,1,0,0,8,14,0,0,22,30,1.0,0.125786,20,3,1,0,0.11976,20,0,0,0,0,0,139,184,1,0,1,0,8,0,0,0,8,64,0,0,0,147,192,6,18,1,2,10,0,2,0,62,66,0,50,2,0,1,35,11,16,9,0,7,0,0,7,9,28,0,3,0,0,0,0,0,0
563,L21712,ConsoleDetailsTests$BasicTestCase,org.junit.platform.console.ConsoleDetailsTests$BasicTestCase,L21703,L103,C:\Users\domco\Desktop\DP\repos\junit5\platform-tests\src\test\java\org\junit\platform\console\ConsoleDetailsTests.java,113,2,125,3,0.0,0,0,0,0.0,0.0,0,0,2,0,0,2,2,1,0,0,2,0.0,0.0,0,0,0,1,0.0,0,0,0,0,0,0,10,13,0,0,0,0,2,0,0,0,2,0,0,0,0,10,13,0,0,0,0,2,0,0,0,2,0,0,0,0,0,0,8,0,4,0,0,2,1,0,0,0,7,2,0,0,0,0,0,0,0
564,L21716,ConsoleDetailsTests$SkipTestCase,org.junit.platform.console.ConsoleDetailsTests$SkipTestCase,L21703,L103,C:\Users\domco\Desktop\DP\repos\junit5\platform-tests\src\test\java\org\junit\platform\console\ConsoleDetailsTests.java,127,2,140,3,0.0,0,0,0,0.0,0.0,0,0,2,0,0,2,3,1,0,0,2,0.0,0.0,0,0,0,1,0.0,0,0,0,0,0,0,11,14,0,0,0,0,2,0,0,0,2,0,0,0,0,11,14,0,0,0,0,2,0,0,0,2,0,0,0,0,0,0,8,0,4,0,0,2,1,0,0,0,7,2,0,0,0,0,0,0,0
565,L21720,ConsoleDetailsTests$FailTestCase,org.junit.platform.console.ConsoleDetailsTests$FailTestCase,L21703,L103,C:\Users\domco\Desktop\DP\repos\junit5\platform-tests\src\test\java\org\junit\platform\console\ConsoleDetailsTests.java,142,2,155,3,0.0,0,0,0,0.0,0.0,0,0,2,0,0,2,3,1,0,1,3,0.0,0.0,0,0,0,1,0.0,0,0,0,0,0,0,11,14,0,0,0,0,2,0,0,0,2,2,0,0,0,11,14,0,0,0,0,2,0,0,0,2,2,0,0,0,0,0,8,0,2,0,0,2,1,0,0,0,7,0,0,0,0,0,0,0,0
566,L21724,ConsoleDetailsTests$ReportTestCase,org.junit.platform.console.ConsoleDetailsTests$ReportTestCase,L21703,L103,C:\Users\domco\Desktop\DP\repos\junit5\platform-tests\src\test\java\org\junit\platform\console\ConsoleDetailsTests.java,157,2,196,3,0.0,0,0,0,0.0,0.0,0,0,5,0,0,5,3,1,0,3,8,0.0,0.0,0,0,0,1,0.0,0,0,0,0,0,0,34,40,0,0,0,0,5,0,0,0,5,16,0,0,0,34,40,0,0,0,0,5,0,0,0,5,16,0,0,0,0,0,14,1,5,0,0,5,1,0,0,0,13,0,1,0,0,0,0,0,0
567,L21737,ConsoleDetailsTests$Runner,org.junit.platform.console.ConsoleDetailsTests$Runner,L21703,L103,C:\Users\domco\Desktop\DP\repos\junit5\platform-tests\src\test\java\org\junit\platform\console\ConsoleDetailsTests.java,198,2,237,3,0.0,0,0,0,0.0,0.0,0,0,1,2,2,4,6,1,1,6,8,0.0,0.030303,1,0,0,2,0.030303,1,1,1,0,0,1,32,40,3,0,3,0,2,0,1,0,2,19,0,1,0,32,40,3,0,3,0,2,0,1,0,2,19,0,1,0,0,0,7,1,0,1,0,0,0,0,0,0,7,0,0,0,0,0,0,0,0
568,L21948,ContainerForInnerTest,org.junit.platform.console.subpackage.ContainerForInnerTest,L21937,L103,C:\Users\domco\Desktop\DP\repos\junit5\platform-tests\src\test\java\org\junit\platform\console\subpackage\ContainerForInnerTest.java,20,1,30,2,0.0,0,0,0,0.0,0.0,0,0,0,0,0,0,0,0,0,0,0,1.0,0.666667,4,4,1,0,0.333333,4,0,0,0,0,0,2,4,0,0,0,0,0,0,0,0,0,0,0,0,0,8,11,0,0,0,0,1,0,0,0,1,0,0,0,0,0,0,5,0,2,0,0,1,0,0,0,0,5,1,0,0,0,0,0,0,0
569,L21957,ContainerForInnerTests,org.junit.platform.console.subpackage.ContainerForInnerTests,L21937,L103,C:\Users\domco\Desktop\DP\repos\junit5\platform-tests\src\test\java\org\junit\platform\console\subpackage\ContainerForInnerTests.java,20,1,30,2,0.0,0,0,0,0.0,0.0,0,0,0,0,0,0,0,0,0,0,0,1.0,0.666667,4,4,1,0,0.333333,4,0,0,0,0,0,2,4,0,0,0,0,0,0,0,0,0,0,0,0,0,8,11,0,0,0,0,1,0,0,0,1,0,0,0,0,0,0,5,0,2,0,0,1,0,0,0,0,5,1,0,0,0,0,0,0,0
570,L21966,ContainerForStaticNestedTest,org.junit.platform.console.subpackage.ContainerForStaticNestedTest,L21937,L103,C:\Users\domco\Desktop\DP\repos\junit5\platform-tests\src\test\java\org\junit\platform\console\subpackage\ContainerForStaticNestedTest.java,19,1,28,2,0.0,0,0,0,0.0,0.0,0,0,0,0,0,0,0,0,0,0,0,1.0,0.666667,4,4,1,0,0.363636,4,0,0,0,0,0,2,4,0,0,0,0,0,0,0,0,0,0,0,0,0,7,10,0,0,0,0,1,0,0,0,1,0,0,0,0,0,0,5,0,2,0,0,1,0,0,0,0,5,1,0,0,0,0,0,0,0
571,L21975,ContainerForStaticNestedTests,org.junit.platform.console.subpackage.ContainerForStaticNestedTests,L21937,L103,C:\Users\domco\Desktop\DP\repos\junit5\platform-tests\src\test\java\org\junit\platform\console\subpackage\ContainerForStaticNestedTests.java,19,1,28,2,0.0,0,0,0,0.0,0.0,0,0,0,0,0,0,0,0,0,0,0,1.0,0.666667,4,4,1,0,0.363636,4,0,0,0,0,0,2,4,0,0,0,0,0,0,0,0,0,0,0,0,0,7,10,0,0,0,0,1,0,0,0,1,0,0,0,0,0,0,5,0,2,0,0,1,0,0,0,0,5,1,0,0,0,0,0,0,0
572,L21984,SecondTest,org.junit.platform.console.subpackage.SecondTest,L21937,L103,C:\Users\domco\Desktop\DP\repos\junit5\platform-tests\src\test\java\org\junit\platform\console\subpackage\SecondTest.java,19,1,25,2,0.0,0,0,0,0.0,0.0,0,0,1,0,0,1,1,0,0,0,1,1.0,0.444444,4,4,1,0,0.444444,4,0,0,0,0,0,5,7,0,0,0,0,1,0,0,0,1,0,0,0,0,5,7,0,0,0,0,1,0,0,0,1,0,0,0,0,0,0,2,1,2,1,0,1,0,0,0,0,2,1,0,0,0,0,0,0,0
573,L21991,Test,org.junit.platform.console.subpackage.Test,L21937,L103,C:\Users\domco\Desktop\DP\repos\junit5\platform-tests\src\test\java\org\junit\platform\console\subpackage\Test.java,17,1,23,2,0.0,0,0,0,0.0,0.0,0,0,1,0,0,1,1,0,0,0,1,1.0,0.444444,4,4,1,0,0.444444,4,0,0,0,0,0,5,7,0,0,0,0,1,0,0,0,1,0,0,0,0,5,7,0,0,0,0,1,0,0,0,1,0,0,0,0,0,0,2,1,3,1,0,2,0,0,0,0,2,1,0,0,0,0,0,0,0
574,L21998,Test1,org.junit.platform.console.subpackage.Test1,L21937,L103,C:\Users\domco\Desktop\DP\repos\junit5\platform-tests\src\test\java\org\junit\platform\console\subpackage\Test1.java,19,1,25,2,0.0,0,0,0,0.0,0.0,0,0,1,0,0,1,1,0,0,0,1,1.0,0.444444,4,4,1,0,0.444444,4,0,0,0,0,0,5,7,0,0,0,0,1,0,0,0,1,0,0,0,0,5,7,0,0,0,0,1,0,0,0,1,0,0,0,0,0,0,2,1,2,1,0,1,0,0,0,0,2,1,0,0,0,0,0,0,0
575,L22005,Tests,org.junit.platform.console.subpackage.Tests,L21937,L103,C:\Users\domco\Desktop\DP\repos\junit5\platform-tests\src\test\java\org\junit\platform\console\subpackage\Tests.java,19,1,25,2,0.0,0,0,0,0.0,0.0,0,0,1,0,0,1,1,0,0,0,1,1.0,0.444444,4,4,1,0,0.444444,4,0,0,0,0,0,5,7,0,0,0,0,1,0,0,0,1,0,0,0,0,5,7,0,0,0,0,1,0,0,0,1,0,0,0,0,0,0,2,1,2,1,0,1,0,0,0,0,2,1,0,0,0,0,0,0,0
576,L22012,ThirdTests,org.junit.platform.console.subpackage.ThirdTests,L21937,L103,C:\Users\domco\Desktop\DP\repos\junit5\platform-tests\src\test\java\org\junit\platform\console\subpackage\ThirdTests.java,19,1,25,2,0.0,0,0,0,0.0,0.0,0,0,1,0,0,1,1,0,0,0,1,1.0,0.444444,4,4,1,0,0.444444,4,0,0,0,0,0,5,7,0,0,0,0,1,0,0,0,1,0,0,0,0,5,7,0,0,0,0,1,0,0,0,1,0,0,0,0,0,0,2,1,2,1,0,1,0,0,0,0,2,1,0,0,0,0,0,0,0
577,L22060,CompositeFilter$1,org.junit.platform.engine.CompositeFilter$1,L22051,L103,C:\Users\domco\Desktop\DP\repos\junit5\junit-platform-engine\src\main\java\org\junit\platform\engine\CompositeFilter.java,33,68,43,3,0.0,0,0,0,0.0,0.0,0,0,2,0,0,2,3,0,0,0,2,0.0,0.0,0,0,0,3,0.0,0,1,1,0,0,1,10,11,0,0,0,0,2,0,2,0,5,2,0,5,0,10,11,0,0,0,0,2,0,2,0,5,2,0,5,0,0,0,8,0,0,0,0,0,1,0,0,0,7,0,0,0,0,0,0,0,0
578,L22154,AbstractClassNameFilter,org.junit.platform.engine.discovery.AbstractClassNameFilter,L22119,L103,C:\Users\domco\Desktop\DP\repos\junit5\junit-platform-engine\src\main\java\org\junit\platform\engine\discovery\AbstractClassNameFilter.java,31,1,50,2,0.0,0,0,0,0.0,0.0,0,0,1,0,0,3,2,2,4,2,5,0.5,0.318182,7,7,1,1,0.318182,7,3,3,2,2,1,15,20,3,0,2,0,3,0,1,0,9,5,1,7,0,15,20,3,0,2,0,3,0,1,0,9,5,1,7,0,0,0,9,0,0,0,0,0,0,0,0,0,7,0,0,0,0,0,0,2,0
579,L21352,ClasspathResourceSelector,org.junit.platform.engine.discovery.ClasspathResourceSelector,L22119,L103,C:\Users\domco\Desktop\DP\repos\junit5\junit-platform-engine\src\main\java\org\junit\platform\engine\discovery\ClasspathResourceSelector.java,38,1,92,2,0.395522,2,6,2,0.218182,0.375,12,12,1,1,1,9,2,4,3,3,8,0.8,0.507692,33,33,4,1,0.507692,33,1,1,0,0,1,32,55,1,1,1,1,5,0,4,0,5,11,0,4,0,32,55,1,1,1,1,5,0,4,0,5,11,0,4,0,0,0,18,0,0,0,11,0,0,0,0,0,7,0,0,0,0,0,0,0,0
580,L8087,ClasspathRootSelector,org.junit.platform.engine.discovery.ClasspathRootSelector,L22119,L103,C:\Users\domco\Desktop\DP\repos\junit5\junit-platform-engine\src\main\java\org\junit\platform\engine\discovery\ClasspathRootSelector.java,39,1,85,2,0.445378,2,6,2,0.255319,0.387097,12,12,1,1,1,8,2,9,2,3,8,0.8,0.45614,26,26,4,1,0.45614,26,1,1,0,0,1,31,47,1,1,1,1,5,0,4,0,5,10,0,4,0,31,47,1,1,1,1,5,0,4,0,5,10,0,4,0,0,0,18,0,0,0,11,0,0,0,0,0,7,0,0,0,0,0,0,0,0
581,L8096,ClassSelector,org.junit.platform.engine.discovery.ClassSelector,L22119,L103,C:\Users\domco\Desktop\DP\repos\junit5\junit-platform-engine\src\main\java\org\junit\platform\engine\discovery\ClassSelector.java,42,1,110,2,0.306358,2,6,2,0.173913,0.27907,12,12,1,1,1,11,3,10,8,4,11,0.833333,0.448718,35,35,5,1,0.448718,35,1,1,0,0,1,43,69,2,2,2,2,7,0,5,0,7,15,0,5,0,43,69,2,2,2,2,7,0,5,0,7,15,0,5,0,0,0,20,0,0,0,11,0,0,0,0,0,9,0,0,0,0,0,0,0,0
582,L21327,DirectorySelector,org.junit.platform.engine.discovery.DirectorySelector,L22119,L103,C:\Users\domco\Desktop\DP\repos\junit5\junit-platform-engine\src\main\java\org\junit\platform\engine\discovery\DirectorySelector.java,40,1,110,2,0.381295,2,6,2,0.169014,0.324324,12,12,1,1,1,10,2,4,5,3,10,0.857143,0.513158,39,39,6,1,0.513158,39,1,1,0,0,1,37,71,1,3,1,3,7,0,6,0,7,12,0,6,0,37,71,1,3,1,3,7,0,6,0,7,12,0,6,0,0,0,18,0,0,0,11,0,0,0,0,0,7,0,0,0,0,0,0,0,0
583,L22261,DiscoverySelectors,org.junit.platform.engine.discovery.DiscoverySelectors,L22119,L103,C:\Users\domco\Desktop\DP\repos\junit5\junit-platform-engine\src\main\java\org\junit\platform\engine\discovery\DiscoverySelectors.java,50,1,478,2,0.151515,1,4,2,0.0536131,0.181102,23,23,20,1,1,26,15,52,278,23,45,1.0,0.697619,293,286,22,0,0.697619,293,0,0,0,0,0,127,429,0,0,0,0,22,0,21,0,22,59,0,21,0,127,429,0,0,0,0,22,0,21,0,22,59,0,21,0,0,0,20,2,0,0,16,0,1,0,1,0,0,0,2,0,0,0,0,2,0
584,L22192,ExcludeClassNameFilter,org.junit.platform.engine.discovery.ExcludeClassNameFilter,L22119,L103,C:\Users\domco\Desktop\DP\repos\junit5\junit-platform-engine\src\main\java\org\junit\platform\engine\discovery\ExcludeClassNameFilter.java,30,1,62,2,0.0,0,0,0,0.0,0.0,0,0,4,0,0,6,2,1,1,2,8,0.25,0.297297,11,9,1,3,0.297297,11,4,4,0,0,1,26,33,3,0,0,0,6,0,3,0,13,6,1,8,0,26,33,3,0,0,0,6,0,3,0,13,6,1,8,0,0,0,14,0,0,0,0,0,1,0,0,0,11,0,0,0,0,0,0,2,0
585,L22370,ExcludePackageNameFilter,org.junit.platform.engine.discovery.ExcludePackageNameFilter,L22119,L103,C:\Users\domco\Desktop\DP\repos\junit5\junit-platform-engine\src\main\java\org\junit\platform\engine\discovery\ExcludePackageNameFilter.java,34,1,79,2,0.0,0,0,0,0.0,0.0,0,0,3,0,0,7,3,1,1,2,9,0.25,0.229167,11,9,1,3,0.229167,11,3,3,0,0,1,37,46,2,0,2,0,7,0,3,0,14,10,0,10,0,37,46,2,0,2,0,7,0,3,0,14,10,0,10,0,0,0,16,0,0,0,0,0,1,0,0,0,15,0,0,0,0,0,0,0,0
586,L21320,FileSelector,org.junit.platform.engine.discovery.FileSelector,L22119,L103,C:\Users\domco\Desktop\DP\repos\junit5\junit-platform-engine\src\main\java\org\junit\platform\engine\discovery\FileSelector.java,40,1,110,2,0.381295,2,6,2,0.169014,0.324324,12,12,1,1,1,10,2,4,5,3,10,0.857143,0.513158,39,39,6,1,0.513158,39,1,1,0,0,1,37,71,1,3,1,3,7,0,6,0,7,12,0,6,0,37,71,1,3,1,3,7,0,6,0,7,12,0,6,0,0,0,18,0,0,0,11,0,0,0,0,0,7,0,0,0,0,0,0,0,0
587,L22185,IncludeClassNameFilter,org.junit.platform.engine.discovery.IncludeClassNameFilter,L22119,L103,C:\Users\domco\Desktop\DP\repos\junit5\junit-platform-engine\src\main\java\org\junit\platform\engine\discovery\IncludeClassNameFilter.java,30,1,63,2,0.0,0,0,0,0.0,0.0,0,0,4,0,0,6,2,1,1,2,8,0.25,0.289474,11,9,1,3,0.289474,11,4,4,0,0,1,27,34,3,0,0,0,6,0,3,0,13,6,1,8,0,27,34,3,0,0,0,6,0,3,0,13,6,1,8,0,0,0,14,0,0,0,0,0,1,0,0,0,11,0,0,0,0,0,0,2,0
588,L22417,IncludePackageNameFilter,org.junit.platform.engine.discovery.IncludePackageNameFilter,L22119,L103,C:\Users\domco\Desktop\DP\repos\junit5\junit-platform-engine\src\main\java\org\junit\platform\engine\discovery\IncludePackageNameFilter.java,34,1,79,2,0.0,0,0,0,0.0,0.0,0,0,3,0,0,7,3,1,1,2,9,0.25,0.229167,11,9,1,3,0.229167,11,3,3,0,0,1,37,46,2,0,2,0,7,0,3,0,14,10,0,10,0,37,46,2,0,2,0,7,0,3,0,14,10,0,10,0,0,0,16,0,0,0,0,0,1,0,0,0,15,0,0,0,0,0,0,0,0
589,L8099,MethodSelector,org.junit.platform.engine.discovery.MethodSelector,L22119,L103,C:\Users\domco\Desktop\DP\repos\junit5\junit-platform-engine\src\main\java\org\junit\platform\engine\discovery\MethodSelector.java,53,1,218,2,0.245658,2,4,2,0.138554,0.214286,23,21,1,2,2,23,5,10,26,8,23,0.888889,0.436782,76,72,8,1,0.436782,76,1,1,0,0,1,98,166,5,5,5,5,15,0,8,0,15,36,0,8,0,98,166,5,5,5,5,15,0,8,0,15,36,0,8,0,0,0,32,0,1,0,15,0,0,0,0,1,17,0,0,0,0,0,0,0,0
590,L8090,ModuleSelector,org.junit.platform.engine.discovery.ModuleSelector,L22119,L103,C:\Users\domco\Desktop\DP\repos\junit5\junit-platform-engine\src\main\java\org\junit\platform\engine\discovery\ModuleSelector.java,30,1,76,2,0.445378,2,6,2,0.255319,0.387097,12,12,1,1,1,8,2,8,5,3,8,0.8,0.367347,18,18,4,1,0.367347,18,1,1,0,0,1,31,47,1,1,1,1,5,0,4,0,5,10,0,4,0,31,47,1,1,1,1,5,0,4,0,5,10,0,4,0,0,0,18,0,0,0,11,0,0,0,0,0,7,0,0,0,0,0,0,0,0
591,L8093,PackageSelector,org.junit.platform.engine.discovery.PackageSelector,L22119,L103,C:\Users\domco\Desktop\DP\repos\junit5\junit-platform-engine\src\main\java\org\junit\platform\engine\discovery\PackageSelector.java,30,1,76,2,0.445378,2,6,2,0.255319,0.387097,12,12,1,1,1,8,2,10,5,3,8,0.8,0.367347,18,18,4,1,0.367347,18,1,1,0,0,1,31,47,1,1,1,1,5,0,4,0,5,10,0,4,0,31,47,1,1,1,1,5,0,4,0,5,10,0,4,0,0,0,18,0,0,0,11,0,0,0,0,0,7,0,0,0,0,0,0,0,0
592,L8102,UniqueIdSelector,org.junit.platform.engine.discovery.UniqueIdSelector,L22119,L103,C:\Users\domco\Desktop\DP\repos\junit5\junit-platform-engine\src\main\java\org\junit\platform\engine\discovery\UniqueIdSelector.java,31,1,77,2,0.445378,2,6,2,0.255319,0.387097,12,12,1,1,1,8,3,9,5,4,9,0.8,0.367347,18,18,4,1,0.367347,18,1,1,0,0,1,31,47,1,1,1,1,5,0,4,0,5,10,0,4,0,31,47,1,1,1,1,5,0,4,0,5,10,0,4,0,0,0,18,0,0,0,11,0,0,0,0,0,7,0,0,0,0,0,0,0,0
593,L21313,UriSelector,org.junit.platform.engine.discovery.UriSelector,L22119,L103,C:\Users\domco\Desktop\DP\repos\junit5\junit-platform-engine\src\main\java\org\junit\platform\engine\discovery\UriSelector.java,34,1,80,2,0.445378,2,6,2,0.255319,0.387097,12,12,1,1,1,8,2,4,5,3,8,0.8,0.403846,21,21,4,1,0.403846,21,1,1,0,0,1,31,47,1,1,1,1,5,0,4,0,5,10,0,4,0,31,47,1,1,1,1,5,0,4,0,5,10,0,4,0,0,0,18,0,0,0,11,0,0,0,0,0,7,0,0,0,0,0,0,0,0
594,L22537,ClassNameFilterTests,org.junit.platform.engine.discovery.ClassNameFilterTests,L22119,L103,C:\Users\domco\Desktop\DP\repos\junit5\platform-tests\src\test\java\org\junit\platform\engine\discovery\ClassNameFilterTests.java,24,1,151,2,0.998415,6,12,12,0.929688,0.980392,119,100,6,0,0,6,6,0,0,9,15,1.0,0.128205,15,3,1,0,0.128205,15,0,0,0,0,0,102,128,0,0,0,0,6,0,0,0,6,50,0,0,0,102,128,0,0,0,0,6,0,0,0,6,50,0,0,0,0,0,57,6,32,26,46,6,1,0,0,0,10,0,6,0,0,0,0,0,0
595,L22554,ClasspathResourceSelectorTests,org.junit.platform.engine.discovery.ClasspathResourceSelectorTests,L22119,L103,C:\Users\domco\Desktop\DP\repos\junit5\platform-tests\src\test\java\org\junit\platform\engine\discovery\ClasspathResourceSelectorTests.java,22,1,33,2,0.0,0,0,0,0.0,0.0,0,0,1,0,0,1,3,0,0,2,3,1.0,0.4,6,6,1,0,0.4,6,1,1,0,0,1,9,12,0,0,0,0,1,0,0,0,2,4,0,0,0,9,12,0,0,0,0,1,0,0,0,2,4,0,0,0,0,0,2,1,1,0,0,1,0,0,0,1,2,0,0,0,0,0,0,0,0
596,L22565,ClasspathRootSelectorTests,org.junit.platform.engine.discovery.ClasspathRootSelectorTests,L22119,L103,C:\Users\domco\Desktop\DP\repos\junit5\platform-tests\src\test\java\org\junit\platform\engine\discovery\ClasspathRootSelectorTests.java,24,1,35,2,0.0,0,0,0,0.0,0.0,0,0,1,0,0,1,3,0,0,2,3,1.0,0.4,6,6,1,0,0.4,6,1,1,0,0,1,9,12,0,0,0,0,1,0,0,0,2,4,0,0,0,9,12,0,0,0,0,1,0,0,0,2,4,0,0,0,0,0,2,1,1,0,0,1,0,0,0,1,2,0,0,0,0,0,0,0,0
597,L22570,ClassSelectorTests,org.junit.platform.engine.discovery.ClassSelectorTests,L22119,L103,C:\Users\domco\Desktop\DP\repos\junit5\platform-tests\src\test\java\org\junit\platform\engine\discovery\ClassSelectorTests.java,22,1,33,2,0.0,0,0,0,0.0,0.0,0,0,1,0,0,1,3,0,0,2,3,1.0,0.4,6,6,1,0,0.4,6,1,1,0,0,1,9,12,0,0,0,0,1,0,0,0,2,4,0,0,0,9,12,0,0,0,0,1,0,0,0,2,4,0,0,0,0,0,2,1,1,0,0,1,0,0,0,1,2,0,0,0,0,0,0,0,0
598,L22574,DirectorySelectorTests,org.junit.platform.engine.discovery.DirectorySelectorTests,L22119,L103,C:\Users\domco\Desktop\DP\repos\junit5\platform-tests\src\test\java\org\junit\platform\engine\discovery\DirectorySelectorTests.java,22,1,33,2,0.0,0,0,0,0.0,0.0,0,0,1,0,0,1,3,0,0,2,3,1.0,0.4,6,6,1,0,0.4,6,1,1,0,0,1,9,12,0,0,0,0,1,0,0,0,2,4,0,0,0,9,12,0,0,0,0,1,0,0,0,2,4,0,0,0,0,0,2,1,1,0,0,1,0,0,0,1,2,0,0,0,0,0,0,0,0
599,L22578,DiscoverySelectorsTests,org.junit.platform.engine.discovery.DiscoverySelectorsTests,L22119,L103,C:\Users\domco\Desktop\DP\repos\junit5\platform-tests\src\test\java\org\junit\platform\engine\discovery\DiscoverySelectorsTests.java,56,1,645,2,0.24721,5,10,10,0.213559,0.235808,126,108,46,0,0,68,21,0,0,38,106,1.0,0.0584551,28,21,1,0,0.0576132,28,0,0,0,0,0,451,582,0,0,0,0,68,0,0,0,68,240,0,0,0,458,590,0,0,0,0,69,0,1,0,70,240,0,2,0,0,0,216,32,174,102,66,62,1,0,2,25,144,10,7,0,0,0,0,3,0
600,L22725,FileSelectorTests,org.junit.platform.engine.discovery.FileSelectorTests,L22119,L103,C:\Users\domco\Desktop\DP\repos\junit5\platform-tests\src\test\java\org\junit\platform\engine\discovery\FileSelectorTests.java,22,1,33,2,0.0,0,0,0,0.0,0.0,0,0,1,0,0,1,3,0,0,2,3,1.0,0.4,6,6,1,0,0.4,6,1,1,0,0,1,9,12,0,0,0,0,1,0,0,0,2,4,0,0,0,9,12,0,0,0,0,1,0,0,0,2,4,0,0,0,0,0,2,1,1,0,0,1,0,0,0,1,2,0,0,0,0,0,0,0,0
601,L22729,MethodSelectorTests,org.junit.platform.engine.discovery.MethodSelectorTests,L22119,L103,C:\Users\domco\Desktop\DP\repos\junit5\platform-tests\src\test\java\org\junit\platform\engine\discovery\MethodSelectorTests.java,22,1,37,2,0.0,0,0,0,0.0,0.0,0,0,1,0,0,1,3,0,0,3,4,1.0,0.315789,6,6,1,0,0.315789,6,1,1,0,0,1,13,16,0,0,0,0,1,0,0,0,2,8,0,0,0,13,16,0,0,0,0,1,0,0,0,2,8,0,0,0,0,0,2,4,2,1,0,1,0,0,0,1,2,0,3,0,0,0,0,0,0
602,L22733,ModuleSelectorTests,org.junit.platform.engine.discovery.ModuleSelectorTests,L22119,L103,C:\Users\domco\Desktop\DP\repos\junit5\platform-tests\src\test\java\org\junit\platform\engine\discovery\ModuleSelectorTests.java,22,1,33,2,0.0,0,0,0,0.0,0.0,0,0,1,0,0,1,3,0,0,2,3,1.0,0.4,6,6,1,0,0.4,6,1,1,0,0,1,9,12,0,0,0,0,1,0,0,0,2,4,0,0,0,9,12,0,0,0,0,1,0,0,0,2,4,0,0,0,0,0,2,1,1,0,0,1,0,0,0,1,2,0,0,0,0,0,0,0,0
603,L22737,PackageNameFilterTests,org.junit.platform.engine.discovery.PackageNameFilterTests,L22119,L103,C:\Users\domco\Desktop\DP\repos\junit5\platform-tests\src\test\java\org\junit\platform\engine\discovery\PackageNameFilterTests.java,24,1,127,2,0.998291,5,10,10,0.942308,0.977273,98,86,4,0,0,4,6,0,0,9,13,1.0,0.145631,15,3,1,0,0.145631,15,0,0,0,0,0,88,104,0,0,0,0,4,0,0,0,4,44,0,0,0,88,104,0,0,0,0,4,0,0,0,4,44,0,0,0,0,0,38,6,28,24,31,4,1,0,0,0,6,0,6,0,0,0,0,0,0
604,L22744,PackageSelectorTests,org.junit.platform.engine.discovery.PackageSelectorTests,L22119,L103,C:\Users\domco\Desktop\DP\repos\junit5\platform-tests\src\test\java\org\junit\platform\engine\discovery\PackageSelectorTests.java,22,1,33,2,0.0,0,0,0,0.0,0.0,0,0,1,0,0,1,3,0,0,2,3,1.0,0.4,6,6,1,0,0.4,6,1,1,0,0,1,9,12,0,0,0,0,1,0,0,0,2,4,0,0,0,9,12,0,0,0,0,1,0,0,0,2,4,0,0,0,0,0,2,1,1,0,0,1,0,0,0,1,2,0,0,0,0,0,0,0,0
605,L22748,UniqueIdSelectorTests,org.junit.platform.engine.discovery.UniqueIdSelectorTests,L22119,L103,C:\Users\domco\Desktop\DP\repos\junit5\platform-tests\src\test\java\org\junit\platform\engine\discovery\UniqueIdSelectorTests.java,23,1,35,2,0.0,0,0,0,0.0,0.0,0,0,1,0,0,1,4,0,0,4,5,1.0,0.375,6,6,1,0,0.375,6,1,1,0,0,1,10,13,0,0,0,0,1,0,0,0,2,5,0,0,0,10,13,0,0,0,0,1,0,0,0,2,5,0,0,0,0,0,2,1,1,0,0,1,0,0,0,1,2,0,0,0,0,0,0,0,0
606,L22752,UriSelectorTests,org.junit.platform.engine.discovery.UriSelectorTests,L22119,L103,C:\Users\domco\Desktop\DP\repos\junit5\platform-tests\src\test\java\org\junit\platform\engine\discovery\UriSelectorTests.java,24,1,35,2,0.0,0,0,0,0.0,0.0,0,0,1,0,0,1,3,0,0,2,3,1.0,0.4,6,6,1,0,0.4,6,1,1,0,0,1,9,12,0,0,0,0,1,0,0,0,2,4,0,0,0,9,12,0,0,0,0,1,0,0,0,2,4,0,0,0,0,0,2,1,1,0,0,1,0,0,0,1,2,0,0,0,0,0,0,0,0
607,L9801,ReportEntry,org.junit.platform.engine.reporting.ReportEntry,L22884,L103,C:\Users\domco\Desktop\DP\repos\junit5\junit-platform-engine\src\main\java\org\junit\platform\engine\reporting\ReportEntry.java,32,1,100,2,0.0,0,0,0,0.0,0.0,0,0,2,0,0,6,2,26,14,5,11,0.833333,0.5,34,34,5,1,0.5,34,0,0,0,0,0,34,69,2,2,2,2,6,0,5,0,6,16,0,5,0,34,69,2,2,2,2,6,0,5,0,6,16,0,5,0,0,0,6,0,2,0,0,2,1,0,0,0,5,0,0,0,0,0,0,0,0
608,L8005,UniqueId$Segment,org.junit.platform.engine.UniqueId$Segment,L456,L103,C:\Users\domco\Desktop\DP\repos\junit5\junit-platform-engine\src\main\java\org\junit\platform\engine\UniqueId.java,212,2,276,3,0.356688,1,3,1,0.184615,0.275,12,11,1,1,1,10,2,14,16,4,10,0.5,0.322034,19,17,3,3,0.322034,19,0,0,0,0,0,40,65,3,2,3,2,6,0,5,0,6,14,0,5,0,40,65,3,2,3,2,6,0,5,0,6,14,0,5,0,0,0,18,0,0,0,11,0,0,0,0,0,7,0,0,0,0,0,0,0,0
609,L21398,TestDescriptorStub,org.junit.platform.engine.test.TestDescriptorStub,L25123,L103,C:\Users\domco\Desktop\DP\repos\junit5\junit-platform-engine\src\test\java\org\junit\platform\engine\test\TestDescriptorStub.java,19,1,29,2,0.0,0,0,0,0.0,0.0,0,0,0,0,0,3,3,22,29,2,4,0.333333,0.25,3,3,1,2,0.25,3,2,2,6,6,1,9,11,5,9,0,1,2,0,2,0,27,2,0,25,1,9,11,5,9,0,1,2,0,2,0,27,2,0,25,1,0,0,5,0,0,0,0,0,0,0,0,0,5,0,0,0,0,0,0,0,0
610,L25349,TestEngineSpy,org.junit.platform.engine.test.TestEngineSpy,L25123,L103,C:\Users\domco\Desktop\DP\repos\junit5\junit-platform-engine\src\test\java\org\junit\platform\engine\test\TestEngineSpy.java,22,1,51,2,0.0,0,0,0,0.0,0.0,0,0,2,0,0,3,7,3,3,4,7,0.25,0.111111,3,3,1,3,0.111111,3,1,1,2,2,1,24,30,4,4,4,1,3,4,3,0,6,9,4,6,0,24,30,4,4,4,1,3,4,3,0,6,9,4,6,0,0,0,14,0,0,0,0,0,1,0,0,0,9,0,0,0,0,0,0,4,0
611,L25368,TestEngineStub,org.junit.platform.engine.test.TestEngineStub,L25123,L103,C:\Users\domco\Desktop\DP\repos\junit5\junit-platform-engine\src\test\java\org\junit\platform\engine\test\TestEngineStub.java,22,1,48,2,0.0,0,0,0,0.0,0.0,0,0,2,0,0,5,6,7,6,2,7,0.166667,0.130435,3,3,1,5,0.130435,3,1,1,3,3,1,20,27,1,4,1,1,5,0,5,0,8,4,0,8,0,20,27,1,4,1,1,5,0,5,0,8,4,0,8,0,0,0,14,0,1,0,0,0,1,0,0,0,13,1,0,0,0,0,0,0,0
612,L25432,UniqueIdFormatTests$Formatting,org.junit.platform.engine.UniqueIdFormatTests$Formatting,L25429,L103,C:\Users\domco\Desktop\DP\repos\junit5\platform-tests\src\test\java\org\junit\platform\engine\UniqueIdFormatTests.java,27,2,54,3,0.0,0,0,0,0.0,0.0,0,0,1,0,0,3,5,0,0,6,9,0.0,0.0,0,0,0,1,0.0,0,0,0,0,0,0,22,28,2,0,2,0,3,0,0,0,3,8,0,0,0,22,28,2,0,2,0,3,0,0,0,3,8,0,0,0,0,0,9,0,6,3,0,3,0,0,0,0,9,0,0,0,0,0,0,0,0
613,L25441,UniqueIdFormatTests$ParsingWithDefaultFormat,org.junit.platform.engine.UniqueIdFormatTests$ParsingWithDefaultFormat,L25429,L103,C:\Users\domco\Desktop\DP\repos\junit5\platform-tests\src\test\java\org\junit\platform\engine\UniqueIdFormatTests.java,56,2,76,3,0.0,0,0,0,0.0,0.0,0,0,0,0,0,3,3,0,0,1,4,0.0,0.0,0,0,0,4,0.0,0,1,1,0,0,1,16,21,1,3,1,3,3,0,3,0,6,3,0,6,0,16,21,1,3,1,3,3,0,3,0,6,3,0,6,0,0,0,9,0,0,0,0,0,0,0,0,0,9,0,0,0,0,0,0,0,0
614,L25451,UniqueIdFormatTests$ParsingWithCustomFormat,org.junit.platform.engine.UniqueIdFormatTests$ParsingWithCustomFormat,L25429,L103,C:\Users\domco\Desktop\DP\repos\junit5\platform-tests\src\test\java\org\junit\platform\engine\UniqueIdFormatTests.java,78,2,98,3,0.0,0,0,0,0.0,0.0,0,0,0,0,0,3,3,0,0,0,3,0.0,0.0,0,0,0,4,0.0,0,1,1,0,0,1,16,21,1,3,1,3,3,0,3,0,6,3,0,6,0,16,21,1,3,1,3,3,0,3,0,6,3,0,6,0,0,0,9,0,0,0,0,0,0,0,0,0,9,0,0,0,0,0,0,0,0
615,L25477,UniqueIdTests$Creation,org.junit.platform.engine.UniqueIdTests$Creation,L25473,L103,C:\Users\domco\Desktop\DP\repos\junit5\platform-tests\src\test\java\org\junit\platform\engine\UniqueIdTests.java,38,2,125,3,0.0,0,0,0,0.0,0.0,0,0,9,0,0,9,7,0,0,12,21,0.0,0.0,0,0,0,1,0.0,0,0,0,0,0,0,68,88,0,0,0,0,9,0,0,0,9,38,0,0,0,68,88,0,0,0,0,9,0,0,0,9,38,0,0,0,0,0,22,3,17,8,0,9,1,0,0,0,21,0,3,0,0,0,0,0,0
616,L25491,UniqueIdTests$ParsingAndFormatting,org.junit.platform.engine.UniqueIdTests$ParsingAndFormatting,L25473,L103,C:\Users\domco\Desktop\DP\repos\junit5\platform-tests\src\test\java\org\junit\platform\engine\UniqueIdTests.java,127,2,167,3,0.0,0,0,0,0.0,0.0,0,0,5,1,1,6,8,0,0,9,14,0.0,0.0,0,0,0,1,0.0,0,0,0,0,0,0,35,41,1,0,1,0,5,0,0,0,5,16,0,0,0,35,41,1,0,1,0,5,0,0,0,5,16,0,0,0,0,0,14,0,7,1,0,5,1,0,0,1,13,0,0,0,0,0,0,0,0
617,L25503,UniqueIdTests$EqualsContract,org.junit.platform.engine.UniqueIdTests$EqualsContract,L25473,L103,C:\Users\domco\Desktop\DP\repos\junit5\platform-tests\src\test\java\org\junit\platform\engine\UniqueIdTests.java,169,2,218,3,0.0,0,0,0,0.0,0.0,0,0,5,0,0,5,4,0,0,7,12,0.0,0.0,0,0,0,1,0.0,0,0,0,0,0,0,40,50,0,0,0,0,5,0,0,0,5,22,0,0,0,40,50,0,0,0,0,5,0,0,0,5,22,0,0,0,0,0,14,4,10,9,0,5,1,0,0,0,13,0,0,0,0,0,0,0,0
618,L25510,UniqueIdTests$Prefixing,org.junit.platform.engine.UniqueIdTests$Prefixing,L25473,L103,C:\Users\domco\Desktop\DP\repos\junit5\platform-tests\src\test\java\org\junit\platform\engine\UniqueIdTests.java,220,2,260,3,0.0,0,0,0,0.0,0.0,0,0,4,0,0,4,6,0,0,6,10,0.0,0.0,0,0,0,1,0.0,0,0,0,0,0,0,32,41,0,0,0,0,4,0,0,0,4,17,0,0,0,32,41,0,0,0,0,4,0,0,0,4,17,0,0,0,0,0,12,0,6,2,0,4,1,0,0,0,11,0,0,0,0,0,0,0,0
619,L25574,DefaultDiscoveryRequest,org.junit.platform.launcher.core.DefaultDiscoveryRequest,L25545,L103,C:\Users\domco\Desktop\DP\repos\junit5\junit-platform-launcher\src\main\java\org\junit\platform\launcher\core\DefaultDiscoveryRequest.java,33,1,87,2,0.0,0,0,0,0.0,0.0,0,0,0,0,0,6,8,2,2,1,7,0.166667,0.22449,11,11,1,5,0.22449,11,2,2,0,0,1,38,55,5,5,5,5,6,0,5,0,6,12,0,5,0,38,55,5,5,5,5,6,0,5,0,6,12,0,5,0,0,0,15,0,0,0,0,0,0,0,0,0,15,0,0,0,0,0,0,0,0
620,L25616,DefaultLauncher,org.junit.platform.launcher.core.DefaultLauncher,L25545,L103,C:\Users\domco\Desktop\DP\repos\junit5\junit-platform-launcher\src\main\java\org\junit\platform\launcher\core\DefaultLauncher.java,44,1,233,2,0.0,0,0,0,0.0,0.0,0,0,1,2,2,28,19,5,23,25,40,0.25,0.121951,20,16,1,3,0.121951,20,1,1,0,0,1,144,190,4,1,4,1,15,0,3,0,15,70,0,3,0,144,190,4,1,4,1,15,0,3,0,15,70,0,3,0,0,2,32,2,1,2,0,1,0,0,1,0,31,0,2,0,0,0,0,0,0
621,L25719,DefaultLauncherConfig,org.junit.platform.launcher.core.DefaultLauncherConfig,L25545,L103,C:\Users\domco\Desktop\DP\repos\junit5\junit-platform-launcher\src\main\java\org\junit\platform\launcher\core\DefaultLauncherConfig.java,25,1,65,2,0.0,0,0,0,0.0,0.0,0,0,1,0,0,5,3,1,1,0,5,0.2,0.142857,5,5,1,4,0.142857,5,1,1,0,0,1,30,41,4,2,4,2,5,0,4,0,6,8,0,5,0,30,41,4,2,4,2,5,0,4,0,6,8,0,5,0,0,0,13,0,0,0,0,0,0,0,0,0,13,0,0,0,0,0,0,0,0
622,L25626,EngineDiscoveryResultValidator,org.junit.platform.launcher.core.EngineDiscoveryResultValidator,L25545,L103,C:\Users\domco\Desktop\DP\repos\junit5\junit-platform-launcher\src\main\java\org\junit\platform\launcher\core\EngineDiscoveryResultValidator.java,28,1,66,2,0.0,0,0,0,0.0,0.0,0,0,1,3,3,6,4,2,4,5,7,1.0,0.341463,14,13,1,0,0.341463,14,0,0,0,0,0,27,39,0,0,0,0,2,0,0,0,2,13,0,0,0,27,39,0,0,0,0,2,0,0,0,2,13,0,0,0,0,0,2,0,2,0,0,2,0,0,0,0,2,0,0,0,0,0,0,0,0
623,L25764,ExecutionListenerAdapter,org.junit.platform.launcher.core.ExecutionListenerAdapter,L25545,L103,C:\Users\domco\Desktop\DP\repos\junit5\junit-platform-launcher\src\main\java\org\junit\platform\launcher\core\ExecutionListenerAdapter.java,27,1,68,2,0.0,0,0,0,0.0,0.0,0,0,1,0,0,7,8,1,1,10,17,0.166667,0.153846,6,6,1,5,0.153846,6,1,1,0,0,1,33,42,2,1,2,1,7,0,5,0,7,10,0,5,0,33,42,2,1,2,1,7,0,5,0,7,10,0,5,0,0,0,17,0,0,0,0,0,0,0,0,0,17,0,0,0,0,0,0,0,0
624,L25589,LauncherConfigurationParameters,org.junit.platform.launcher.core.LauncherConfigurationParameters,L25545,L103,C:\Users\domco\Desktop\DP\repos\junit5\junit-platform-launcher\src\main\java\org\junit\platform\launcher\core\LauncherConfigurationParameters.java,31,1,139,2,0.0,0,0,0,0.0,0.0,0,0,1,3,3,15,6,3,3,9,17,0.2,0.102273,9,3,1,4,0.102273,9,1,1,0,0,1,79,109,4,2,3,2,8,0,4,0,9,36,1,5,0,79,109,4,2,3,2,8,0,4,0,9,36,1,5,0,0,1,21,2,0,0,0,0,0,0,0,2,19,0,1,0,0,0,0,2,0
625,L20411,LauncherDiscoveryRequestBuilder,org.junit.platform.launcher.core.LauncherDiscoveryRequestBuilder,L25545,L103,C:\Users\domco\Desktop\DP\repos\junit5\junit-platform-launcher\src\main\java\org\junit\platform\launcher\core\LauncherDiscoveryRequestBuilder.java,79,1,200,2,0.0,0,0,0,0.0,0.0,0,0,4,3,1,11,10,51,238,7,15,1.0,0.625,100,100,8,0,0.625,100,0,0,0,0,0,60,122,5,0,5,0,8,0,7,0,8,27,0,7,0,60,122,5,0,5,0,8,0,7,0,8,27,0,7,0,0,0,3,0,7,0,0,0,1,0,0,5,2,0,2,0,0,0,0,0,0
626,L25923,LauncherFactory,org.junit.platform.launcher.core.LauncherFactory,L25545,L103,C:\Users\domco\Desktop\DP\repos\junit5\junit-platform-launcher\src\main\java\org\junit\platform\launcher\core\LauncherFactory.java,52,1,102,2,0.0,0,0,0,0.0,0.0,0,0,1,1,1,5,9,9,18,10,13,1.0,0.652174,45,44,3,0,0.652174,45,0,0,0,0,0,24,51,0,0,0,0,3,0,2,0,3,11,0,2,0,24,51,0,0,0,0,3,0,2,0,3,11,0,2,0,0,0,0,0,1,0,0,0,0,0,0,1,0,0,0,0,0,0,0,0,0
627,L25667,Root,org.junit.platform.launcher.core.Root,L25545,L103,C:\Users\domco\Desktop\DP\repos\junit5\junit-platform-launcher\src\main\java\org\junit\platform\launcher\core\Root.java,30,1,82,2,0.0,0,0,0,0.0,0.0,0,0,2,0,0,9,6,1,2,5,13,1.0,0.347826,16,16,1,0,0.347826,16,0,0,0,0,0,30,53,1,3,1,3,8,0,0,0,8,10,0,0,0,30,53,1,3,1,3,8,0,0,0,8,10,0,0,0,0,0,13,0,7,0,0,7,1,0,0,0,12,0,0,0,0,0,0,0,0
628,L25935,ServiceLoaderTestEngineRegistry,org.junit.platform.launcher.core.ServiceLoaderTestEngineRegistry,L25545,L103,C:\Users\domco\Desktop\DP\repos\junit5\junit-platform-launcher\src\main\java\org\junit\platform\launcher\core\ServiceLoaderTestEngineRegistry.java,30,1,62,2,0.0,0,0,0,0.0,0.0,0,0,3,0,0,4,5,1,1,8,11,0.5,0.16129,5,3,1,1,0.16129,5,0,0,0,0,0,26,33,1,0,1,0,3,0,1,0,3,11,0,1,0,26,33,1,0,1,0,3,0,1,0,3,11,0,1,0,0,0,10,0,0,0,0,0,1,0,0,0,9,0,0,0,0,0,0,0,0
629,L25945,ServiceLoaderTestExecutionListenerRegistry,org.junit.platform.launcher.core.ServiceLoaderTestExecutionListenerRegistry,L25545,L103,C:\Users\domco\Desktop\DP\repos\junit5\junit-platform-launcher\src\main\java\org\junit\platform\launcher\core\ServiceLoaderTestExecutionListenerRegistry.java,26,1,38,2,0.0,0,0,0,0.0,0.0,0,0,1,0,0,1,4,1,1,3,4,1.0,0.230769,3,3,1,0,0.230769,3,0,0,0,0,0,10,13,1,0,1,0,1,0,0,0,1,3,0,0,0,10,13,1,0,1,0,1,0,0,0,1,3,0,0,0,0,0,4,0,1,0,0,1,0,0,0,0,4,0,0,0,0,0,0,0,0
630,L25703,StreamInterceptingTestExecutionListener,org.junit.platform.launcher.core.StreamInterceptingTestExecutionListener,L25545,L103,C:\Users\domco\Desktop\DP\repos\junit5\junit-platform-launcher\src\main\java\org\junit\platform\launcher\core\StreamInterceptingTestExecutionListener.java,35,1,99,2,0.0,0,0,0,0.0,0.0,0,0,1,1,1,16,8,1,1,6,11,0.333333,0.0677966,4,3,1,2,0.0677966,4,2,2,0,0,1,55,65,3,0,3,0,5,0,2,0,12,28,0,9,0,55,65,3,0,3,0,5,0,2,0,12,28,0,9,0,0,0,13,0,3,0,0,2,0,0,0,1,13,0,0,0,0,0,0,0,0
631,L26005,StreamInterceptor,org.junit.platform.launcher.core.StreamInterceptor,L25545,L103,C:\Users\domco\Desktop\DP\repos\junit5\junit-platform-launcher\src\main\java\org\junit\platform\launcher\core\StreamInterceptor.java,23,1,118,2,0.0,0,0,0,0.0,0.0,0,0,1,2,2,15,1,3,6,3,13,0.25,0.046875,3,3,1,3,0.0365854,3,0,0,0,0,0,61,74,4,0,4,0,10,0,3,0,10,25,0,3,0,79,96,5,0,5,0,13,0,3,0,13,33,0,3,0,0,0,32,0,9,0,0,9,0,0,0,0,32,0,0,0,0,0,0,0,0
632,L25622,TestExecutionListenerRegistry,org.junit.platform.launcher.core.TestExecutionListenerRegistry,L25545,L103,C:\Users\domco\Desktop\DP\repos\junit5\junit-platform-launcher\src\main\java\org\junit\platform\launcher\core\TestExecutionListenerRegistry.java,28,1,120,2,0.0,0,0,0,0.0,0.0,0,0,1,1,1,8,3,3,11,0,7,1.0,0.135135,5,3,1,0,0.0657895,5,0,0,0,0,0,32,45,2,2,2,2,7,0,0,0,7,10,0,0,0,71,93,2,2,2,2,16,0,9,0,23,19,0,16,0,0,0,41,0,5,0,0,3,1,0,0,0,40,2,0,0,0,0,0,0,1.0
633,L26171,DefaultLauncherTests,org.junit.platform.launcher.core.DefaultLauncherTests,L25545,L103,C:\Users\domco\Desktop\DP\repos\junit5\platform-tests\src\test\java\org\junit\platform\launcher\core\DefaultLauncherTests.java,63,1,524,2,0.164251,2,4,4,0.151515,0.156863,70,56,18,1,1,27,30,0,0,41,68,1.0,0.05625,18,3,1,0,0.048,18,0,0,0,0,0,302,396,3,0,3,0,27,0,0,0,27,168,0,0,0,357,462,13,40,3,2,35,0,8,0,125,195,4,94,2,0,0,166,9,43,17,51,26,2,0,10,2,93,0,7,0,0,0,0,10,0
634,L26279,EngineDiscoveryResultValidatorTests,org.junit.platform.launcher.core.EngineDiscoveryResultValidatorTests,L25545,L103,C:\Users\domco\Desktop\DP\repos\junit5\platform-tests\src\test\java\org\junit\platform\launcher\core\EngineDiscoveryResultValidatorTests.java,24,1,69,2,0.0,0,0,0,0.0,0.0,0,0,1,0,0,3,7,0,0,8,11,1.0,0.0731707,3,3,1,0,0.0731707,3,0,0,0,0,0,38,46,1,0,1,0,3,0,0,0,3,26,0,0,0,38,46,1,0,1,0,3,0,0,0,3,26,0,0,0,0,0,8,2,12,9,0,3,0,0,0,0,8,0,2,0,0,0,0,0,0
635,L26288,ExecutionListenerAdapterTests,org.junit.platform.launcher.core.ExecutionListenerAdapterTests,L25545,L103,C:\Users\domco\Desktop\DP\repos\junit5\platform-tests\src\test\java\org\junit\platform\launcher\core\ExecutionListenerAdapterTests.java,32,1,77,2,0.0,0,0,0,0.0,0.0,0,0,2,0,0,3,10,0,0,10,13,1.0,0.241379,7,5,1,0,0.184211,7,0,0,0,0,0,22,34,0,1,0,1,3,0,0,0,3,11,0,0,0,31,46,2,1,2,1,4,2,1,0,10,13,2,7,0,0,0,18,0,4,1,0,2,1,0,0,0,11,1,0,0,0,0,0,6,0
636,L26314,LauncherConfigTests,org.junit.platform.launcher.core.LauncherConfigTests,L25545,L103,C:\Users\domco\Desktop\DP\repos\junit5\platform-tests\src\test\java\org\junit\platform\launcher\core\LauncherConfigTests.java,29,1,97,2,0.0,0,0,0,0.0,0.0,0,0,6,0,0,6,8,0,0,14,20,1.0,0.0877193,5,5,1,0,0.0877193,5,0,0,0,0,0,52,69,0,0,0,0,6,0,0,0,6,23,0,0,0,52,69,0,0,0,0,6,0,0,0,27,23,0,21,0,0,0,24,0,12,6,0,6,1,0,0,0,23,0,0,0,0,0,0,0,0
637,L26332,LauncherConfigurationParametersTests,org.junit.platform.launcher.core.LauncherConfigurationParametersTests,L25545,L103,C:\Users\domco\Desktop\DP\repos\junit5\platform-tests\src\test\java\org\junit\platform\launcher\core\LauncherConfigurationParametersTests.java,39,1,177,2,0.0,0,0,0,0.0,0.0,0,0,2,0,0,15,16,0,0,16,31,1.0,0.0648148,7,5,1,0,0.0645161,8,0,0,0,0,0,101,121,5,4,5,4,15,0,0,0,15,46,0,0,0,116,139,6,4,6,4,17,1,1,0,17,49,1,1,0,0,0,50,2,26,12,0,14,1,0,1,1,42,0,1,0,0,0,0,6,0
638,L26386,LauncherDiscoveryRequestBuilderTests,org.junit.platform.launcher.core.LauncherDiscoveryRequestBuilderTests,L25545,L103,C:\Users\domco\Desktop\DP\repos\junit5\platform-tests\src\test\java\org\junit\platform\launcher\core\LauncherDiscoveryRequestBuilderTests.java,54,1,348,2,0.0923077,1,2,2,0.0881356,0.0938967,26,20,2,1,1,4,0,1,1,0,3,1.0,0.166667,3,3,1,0,0.134146,33,0,0,0,0,0,15,23,0,0,0,0,3,0,0,0,3,4,0,0,0,213,295,0,0,0,0,21,0,0,0,21,84,0,0,0,0,0,82,11,30,9,19,19,4,0,3,4,56,2,7,0,0,0,0,0,0
639,L26436,LauncherFactoryForTestingPurposesOnly,org.junit.platform.launcher.core.LauncherFactoryForTestingPurposesOnly,L25545,L103,C:\Users\domco\Desktop\DP\repos\junit5\platform-tests\src\test\java\org\junit\platform\launcher\core\LauncherFactoryForTestingPurposesOnly.java,20,1,26,2,0.0,0,0,0,0.0,0.0,0,0,1,0,0,1,2,5,33,1,2,0.5,0.375,3,3,1,1,0.375,3,0,0,0,0,0,5,7,0,0,0,0,1,0,1,0,1,1,0,1,0,5,7,0,0,0,0,1,0,1,0,1,1,0,1,0,0,0,3,0,0,0,0,0,0,0,0,0,3,0,0,0,0,0,0,0,0
640,L26440,LauncherFactoryTests,org.junit.platform.launcher.core.LauncherFactoryTests,L25545,L103,C:\Users\domco\Desktop\DP\repos\junit5\platform-tests\src\test\java\org\junit\platform\launcher\core\LauncherFactoryTests.java,35,1,115,2,0.0,0,0,0,0.0,0.0,0,0,3,0,0,5,18,0,0,15,20,1.0,0.206897,12,3,1,0,0.176471,12,0,0,0,0,0,46,67,0,0,0,0,5,0,0,0,5,19,0,0,0,56,81,0,0,0,0,7,0,1,0,7,19,0,1,0,0,0,20,1,10,4,0,5,1,0,1,0,18,2,0,0,0,0,0,0,0
641,L26464,StreamInterceptingTestExecutionListenerIntegrationTests,org.junit.platform.launcher.core.StreamInterceptingTestExecutionListenerIntegrationTests,L25545,L103,C:\Users\domco\Desktop\DP\repos\junit5\platform-tests\src\test\java\org\junit\platform\launcher\core\StreamInterceptingTestExecutionListenerIntegrationTests.java,59,1,153,2,0.0,0,0,0,0.0,0.0,0,0,3,0,0,4,20,0,0,17,21,1.0,0.185714,13,3,1,0,0.149425,13,0,0,0,0,0,57,75,0,0,0,0,4,0,0,0,4,28,0,0,0,74,95,1,0,1,0,6,0,2,0,6,36,0,2,0,0,0,20,0,2,0,0,2,1,0,3,0,15,0,0,1,0,0,0,0,0
642,L26497,StreamInterceptorTests,org.junit.platform.launcher.core.StreamInterceptorTests,L25545,L103,C:\Users\domco\Desktop\DP\repos\junit5\platform-tests\src\test\java\org\junit\platform\launcher\core\StreamInterceptorTests.java,28,1,103,2,0.0,0,0,0,0.0,0.0,0,0,1,2,2,4,3,0,0,8,12,1.0,0.126761,9,3,1,0,0.126761,9,0,0,0,0,0,62,76,2,0,2,0,4,0,0,0,4,32,0,0,0,62,76,2,0,2,0,4,0,0,0,4,32,0,0,0,0,0,10,1,17,13,0,4,0,0,0,1,10,0,0,0,0,0,0,0,0
643,L26595,LegacyReportingUtils,org.junit.platform.launcher.listeners.LegacyReportingUtils,L26583,L103,C:\Users\domco\Desktop\DP\repos\junit5\junit-platform-launcher\src\main\java\org\junit\platform\launcher\listeners\LegacyReportingUtils.java,27,1,82,2,0.0,0,0,0,0.0,0.0,0,0,0,2,2,7,4,3,3,4,9,1.0,0.473684,27,22,2,0,0.473684,27,0,0,0,0,0,30,56,0,4,0,4,5,0,1,0,5,12,0,1,0,30,56,0,4,0,4,5,0,1,0,5,12,0,1,0,0,0,2,0,1,0,0,0,0,0,0,1,2,0,0,0,0,0,0,0,0
644,L26612,LoggingListener,org.junit.platform.launcher.listeners.LoggingListener,L26583,L103,C:\Users\domco\Desktop\DP\repos\junit5\junit-platform-launcher\src\main\java\org\junit\platform\launcher\listeners\LoggingListener.java,37,1,130,2,0.0,0,0,0,0.0,0.0,0,0,1,0,0,12,5,0,0,4,16,0.4,0.455556,41,41,4,6,0.455556,41,1,1,0,0,1,49,94,1,0,1,0,12,0,9,0,13,14,0,10,0,49,94,1,0,1,0,12,0,9,0,13,14,0,10,0,0,0,19,0,2,0,0,1,0,0,0,1,19,0,0,0,0,0,0,0,0
645,L26656,MutableTestExecutionSummary,org.junit.platform.launcher.listeners.MutableTestExecutionSummary,L26583,L103,C:\Users\domco\Desktop\DP\repos\junit5\junit-platform-launcher\src\main\java\org\junit\platform\launcher\listeners\MutableTestExecutionSummary.java,29,1,246,2,0.0,0,0,0,0.0,0.0,0,0,3,1,1,28,5,1,1,5,29,0.0526316,0.0429448,7,5,1,18,0.0391061,7,1,1,0,0,1,156,198,19,16,19,16,24,0,18,0,24,40,0,18,0,172,218,21,18,21,18,27,0,20,0,27,44,0,20,0,0,0,70,0,14,0,0,14,1,0,1,0,60,0,0,0,0,0,0,8,0
646,L1495,SummaryGeneratingListener,org.junit.platform.launcher.listeners.SummaryGeneratingListener,L26583,L103,C:\Users\domco\Desktop\DP\repos\junit5\junit-platform-launcher\src\main\java\org\junit\platform\launcher\listeners\SummaryGeneratingListener.java,32,1,133,2,0.0,0,0,0,0.0,0.0,0,0,1,2,2,20,8,6,10,7,14,0.25,0.126316,12,10,2,6,0.126316,12,1,1,1,1,1,83,102,2,1,2,1,7,0,7,0,8,34,0,8,0,83,102,2,1,2,1,7,0,7,0,8,34,0,8,0,0,0,15,0,0,0,0,0,0,0,0,0,15,0,0,0,0,0,0,0,0
647,L26823,LegacyReportingUtilsTests,org.junit.platform.launcher.listeners.LegacyReportingUtilsTests,L26583,L103,C:\Users\domco\Desktop\DP\repos\junit5\platform-tests\src\test\java\org\junit\platform\launcher\listeners\LegacyReportingUtilsTests.java,28,1,76,2,0.0,0,0,0,0.0,0.0,0,0,1,0,0,4,8,0,0,9,13,1.0,0.0769231,3,3,1,0,0.0697674,3,0,0,0,0,0,36,45,1,1,1,1,4,0,0,0,4,21,0,0,0,40,49,6,10,1,2,5,0,1,0,30,22,0,24,1,0,0,15,0,5,2,0,2,0,0,0,1,15,0,0,0,0,0,0,0,0
648,L26847,NoopTestExecutionListener,org.junit.platform.launcher.listeners.NoopTestExecutionListener,L26583,L103,C:\Users\domco\Desktop\DP\repos\junit5\platform-tests\src\test\java\org\junit\platform\launcher\listeners\NoopTestExecutionListener.java,18,1,20,2,0.0,0,0,0,0.0,0.0,0,0,0,0,0,0,1,0,0,0,0,1.0,0.666667,4,3,1,0,0.666667,4,1,1,0,0,1,2,3,0,0,0,0,0,0,0,0,7,0,0,7,0,2,3,0,0,0,0,0,0,0,0,7,0,0,7,0,0,0,0,0,0,0,0,0,0,0,0,0,0,0,0,0,0,0,0,0,0
649,L26850,SummaryGenerationTests,org.junit.platform.launcher.listeners.SummaryGenerationTests,L26583,L103,C:\Users\domco\Desktop\DP\repos\junit5\platform-tests\src\test\java\org\junit\platform\launcher\listeners\SummaryGenerationTests.java,36,1,217,2,0.0,0,0,0,0.0,0.0,0,0,1,1,1,9,10,0,0,23,31,1.0,0.210526,36,3,1,0,0.196721,36,0,0,0,0,0,135,167,2,0,2,0,8,0,0,0,8,71,0,0,0,147,182,7,30,2,3,11,0,3,0,92,74,0,78,3,0,0,36,1,11,8,0,4,0,0,3,0,31,0,0,0,0,0,0,2,0
650,L26920,DequeStack<T extends Object>,org.junit.platform.launcher.tagexpression.DequeStack,L26897,L103,C:\Users\domco\Desktop\DP\repos\junit5\junit-platform-launcher\src\main\java\org\junit\platform\launcher\tagexpression\DequeStack.java,19,1,48,2,0.0,0,0,0,0.0,0.0,0,0,1,0,0,5,1,0,0,0,5,0.166667,0.115385,3,3,1,5,0.115385,3,1,1,0,0,1,23,30,1,0,1,0,5,0,5,0,5,5,0,5,0,23,30,1,0,1,0,5,0,5,0,5,5,0,5,0,0,0,13,0,0,0,0,0,0,0,0,0,13,0,0,0,0,0,0,0,0
651,L26946,Operator,org.junit.platform.launcher.tagexpression.Operator,L26897,L103,C:\Users\domco\Desktop\DP\repos\junit5\junit-platform-launcher\src\main\java\org\junit\platform\launcher\tagexpression\Operator.java,25,1,138,2,0.0,0,0,0,0.0,0.0,0,0,1,2,2,18,7,2,10,5,17,1.0,0.0434783,3,3,1,0,0.04,3,0,0,0,0,0,66,108,5,0,5,0,12,0,0,0,12,26,0,0,0,72,114,7,0,7,0,13,2,1,0,13,26,2,1,0,0,0,40,0,15,0,0,14,0,0,0,0,34,0,1,0,0,0,0,6,0
652,L27053,Operators,org.junit.platform.launcher.tagexpression.Operators,L26897,L103,C:\Users\domco\Desktop\DP\repos\junit5\junit-platform-launcher\src\main\java\org\junit\platform\launcher\tagexpression\Operators.java,24,1,41,2,0.0,0,0,0,0.0,0.0,0,0,1,0,0,2,1,1,1,2,4,1.0,0.1875,3,3,1,0,0.1875,3,0,0,0,0,0,13,18,4,0,4,0,2,0,0,0,2,2,0,0,0,13,18,4,0,4,0,2,0,0,0,2,2,0,0,0,0,0,6,0,2,0,0,2,0,0,0,0,6,0,0,0,0,0,0,0,0
653,L27076,Parser,org.junit.platform.launcher.tagexpression.Parser,L26897,L103,C:\Users\domco\Desktop\DP\repos\junit5\junit-platform-launcher\src\main\java\org\junit\platform\launcher\tagexpression\Parser.java,18,1,34,2,0.0,0,0,0,0.0,0.0,0,0,1,0,0,3,4,3,3,3,6,1.0,0.2,3,3,1,0,0.2,3,0,0,0,0,0,12,17,1,0,1,0,3,0,0,0,3,3,0,0,0,12,17,1,0,1,0,3,0,0,0,3,3,0,0,0,0,0,8,0,1,0,0,1,0,0,0,0,8,0,0,0,0,0,0,0,0
654,L27123,ParseResults,org.junit.platform.launcher.tagexpression.ParseResults,L26897,L103,C:\Users\domco\Desktop\DP\repos\junit5\junit-platform-launcher\src\main\java\org\junit\platform\launcher\tagexpression\ParseResults.java,18,1,42,2,0.0,0,0,0,0.0,0.0,0,0,2,0,0,3,2,1,1,0,3,1.0,0.25,4,3,1,0,0.166667,4,0,0,0,0,0,12,17,0,0,0,0,3,0,0,0,3,2,0,0,0,20,25,0,0,0,0,5,0,2,0,9,4,0,6,0,0,0,16,0,3,0,0,2,1,0,0,1,15,0,0,0,0,0,0,0,0
655,L26963,ParseStatus,org.junit.platform.launcher.tagexpression.ParseStatus,L26897,L103,C:\Users\domco\Desktop\DP\repos\junit5\junit-platform-launcher\src\main\java\org\junit\platform\launcher\tagexpression\ParseStatus.java,18,1,84,2,0.0,0,0,0,0.0,0.0,0,0,1,1,1,15,3,3,8,2,16,0.333333,0.0555556,3,3,1,2,0.0555556,3,0,0,0,0,0,51,67,1,0,1,0,14,0,2,0,14,18,0,2,0,51,67,1,0,1,0,14,0,2,0,14,18,0,2,0,0,0,31,0,11,0,0,10,0,0,0,1,31,0,0,0,0,0,0,0,0
656,L27102,ShuntingYard,org.junit.platform.launcher.tagexpression.ShuntingYard,L26897,L103,C:\Users\domco\Desktop\DP\repos\junit5\junit-platform-launcher\src\main\java\org\junit\platform\launcher\tagexpression\ShuntingYard.java,30,1,151,2,0.0,0,0,0,0.0,0.0,0,0,1,2,2,28,10,1,1,26,37,0.5,0.0782609,9,7,1,1,0.0782609,9,0,0,0,0,0,106,122,8,0,8,0,11,0,1,0,11,55,0,1,0,106,122,8,0,8,0,11,0,1,0,11,55,0,1,0,0,0,26,0,0,0,0,0,0,0,0,0,25,0,0,0,0,0,0,1,0
657,L27290,TagExpressions,org.junit.platform.launcher.tagexpression.TagExpressions,L26897,L103,C:\Users\domco\Desktop\DP\repos\junit5\junit-platform-launcher\src\main\java\org\junit\platform\launcher\tagexpression\TagExpressions.java,20,1,79,2,0.540541,1,2,2,0.433333,0.470588,26,24,4,0,0,4,2,2,9,1,5,1.0,0.136364,3,3,1,0,0.0555556,3,0,0,0,0,0,19,24,0,0,0,0,4,0,0,0,4,5,0,0,0,51,60,0,0,0,0,12,0,8,0,16,13,0,12,0,0,0,90,0,6,0,47,5,5,0,0,0,38,0,0,0,0,1,0,0,0
658,L26980,Token,org.junit.platform.launcher.tagexpression.Token,L26897,L103,C:\Users\domco\Desktop\DP\repos\junit5\junit-platform-launcher\src\main\java\org\junit\platform\launcher\tagexpression\Token.java,16,1,51,2,0.0,0,0,0,0.0,0.0,0,0,1,0,0,7,0,9,10,0,7,0.166667,0.1,3,3,1,5,0.1,3,0,0,0,0,0,27,36,2,0,2,0,7,0,5,0,7,9,0,5,0,27,36,2,0,2,0,7,0,5,0,7,9,0,5,0,0,0,17,0,3,0,0,3,0,0,0,0,17,0,0,0,0,0,0,0,0
659,L27080,Tokenizer,org.junit.platform.launcher.tagexpression.Tokenizer,L26897,L103,C:\Users\domco\Desktop\DP\repos\junit5\junit-platform-launcher\src\main\java\org\junit\platform\launcher\tagexpression\Tokenizer.java,23,1,56,2,0.0,0,0,0,0.0,0.0,0,0,1,1,1,6,1,3,3,2,6,1.0,0.0967742,3,3,1,0,0.0967742,3,0,0,0,0,0,28,34,0,0,0,0,4,0,0,0,4,16,0,0,0,28,34,0,0,0,0,4,0,0,0,4,16,0,0,0,0,0,10,0,1,0,0,1,0,0,0,0,10,0,0,0,0,0,0,0,0
660,L26969,TokenWith<T extends Object>,org.junit.platform.launcher.tagexpression.TokenWith,L26897,L103,C:\Users\domco\Desktop\DP\repos\junit5\junit-platform-launcher\src\main\java\org\junit\platform\launcher\tagexpression\TokenWith.java,16,1,26,2,0.0,0,0,0,0.0,0.0,0,0,0,0,0,1,1,4,2,0,1,1.0,0.272727,3,3,1,0,0.272727,3,0,0,0,0,0,8,11,2,0,2,0,1,0,0,0,1,2,0,0,0,8,11,2,0,2,0,1,0,0,0,1,2,0,0,0,0,0,2,0,2,0,0,2,0,0,0,0,2,0,0,0,0,0,0,0,0
661,L27373,ParserErrorTests,org.junit.platform.launcher.tagexpression.ParserErrorTests,L26897,L103,C:\Users\domco\Desktop\DP\repos\junit5\platform-tests\src\test\java\org\junit\platform\launcher\tagexpression\ParserErrorTests.java,23,1,107,2,0.0,0,0,0,0.0,0.0,0,0,2,1,1,10,6,0,0,3,12,0.0,0.028169,2,0,0,1,0.028169,2,0,0,0,0,0,69,85,1,0,1,0,9,0,0,0,9,16,0,0,0,69,85,1,0,1,0,9,0,0,0,9,16,0,0,0,0,0,22,1,10,3,0,7,1,0,0,1,21,0,0,0,0,0,0,0,0
662,L27391,ParserTests,org.junit.platform.launcher.tagexpression.ParserTests,L26897,L103,C:\Users\domco\Desktop\DP\repos\junit5\platform-tests\src\test\java\org\junit\platform\launcher\tagexpression\ParserTests.java,23,1,80,2,0.0,0,0,0,0.0,0.0,0,0,2,0,0,8,7,0,0,3,11,0.0,0.0416667,2,0,0,1,0.0416667,2,0,0,0,0,0,46,58,1,0,1,0,8,0,0,0,8,8,0,0,0,46,58,1,0,1,0,8,0,0,0,8,8,0,0,0,0,0,20,0,6,0,0,6,1,0,0,0,19,0,0,0,0,0,0,0,0
663,L27407,TagExpressionsTests,org.junit.platform.launcher.tagexpression.TagExpressionsTests,L26897,L103,C:\Users\domco\Desktop\DP\repos\junit5\platform-tests\src\test\java\org\junit\platform\launcher\tagexpression\TagExpressionsTests.java,29,1,100,2,0.0,0,0,0,0.0,0.0,0,0,7,0,0,11,6,0,0,7,18,0.0,0.0,0,0,0,1,0.0,0,0,0,0,0,0,58,72,2,0,2,0,11,0,0,0,11,21,0,0,0,58,72,2,0,2,0,11,0,0,0,11,21,0,0,0,0,0,26,3,15,6,0,9,1,0,0,1,25,0,2,0,0,0,0,0,0
664,L27430,TokenizerTests,org.junit.platform.launcher.tagexpression.TokenizerTests,L26897,L103,C:\Users\domco\Desktop\DP\repos\junit5\platform-tests\src\test\java\org\junit\platform\launcher\tagexpression\TokenizerTests.java,21,1,90,2,0.0,0,0,0,0.0,0.0,0,0,1,0,0,12,3,0,0,1,13,0.0,0.0,0,0,0,1,0.0,0,0,0,0,0,0,58,70,0,0,0,0,12,0,0,0,12,23,0,0,0,58,70,0,0,0,0,12,0,0,0,12,23,0,0,0,0,0,27,3,19,11,0,8,0,0,0,0,27,0,3,0,0,0,0,0,0
665,L27456,TokenTests,org.junit.platform.launcher.tagexpression.TokenTests,L26897,L103,C:\Users\domco\Desktop\DP\repos\junit5\platform-tests\src\test\java\org\junit\platform\launcher\tagexpression\TokenTests.java,19,1,52,2,0.0,0,0,0,0.0,0.0,0,0,4,0,0,4,3,0,0,6,10,0.0,0.0,0,0,0,1,0.0,0,0,0,0,0,0,29,34,0,0,0,0,4,0,0,0,4,15,0,0,0,29,34,0,0,0,0,4,0,0,0,4,15,0,0,0,0,0,12,0,8,4,0,4,1,0,0,0,11,0,0,0,0,0,0,0,0
666,L27659,TagFilterTests$ClassWithTag1,org.junit.platform.launcher.TagFilterTests$ClassWithTag1,L27653,L103,C:\Users\domco\Desktop\DP\repos\junit5\platform-tests\src\test\java\org\junit\platform\launcher\TagFilterTests.java,180,2,182,3,0.0,0,0,0,0.0,0.0,0,0,0,0,0,0,1,0,0,0,0,0.0,0.0,0,0,0,1,0.0,0,0,0,0,0,0,3,3,0,0,0,0,0,0,0,0,0,0,0,0,0,3,3,0,0,0,0,0,0,0,0,0,0,0,0,0,0,0,3,0,0,0,0,0,0,0,0,0,3,0,0,0,0,0,0,0,0
667,L27663,TagFilterTests$ClassWithTag1AndSurroundingWhitespace,org.junit.platform.launcher.TagFilterTests$ClassWithTag1AndSurroundingWhitespace,L27653,L103,C:\Users\domco\Desktop\DP\repos\junit5\platform-tests\src\test\java\org\junit\platform\launcher\TagFilterTests.java,184,2,186,3,0.0,0,0,0,0.0,0.0,0,0,0,0,0,0,1,0,0,0,0,0.0,0.0,0,0,0,1,0.0,0,0,0,0,0,0,3,3,0,0,0,0,0,0,0,0,0,0,0,0,0,3,3,0,0,0,0,0,0,0,0,0,0,0,0,0,0,0,3,0,0,0,0,0,0,0,0,0,3,0,0,0,0,0,0,0,0
668,L27667,TagFilterTests$ClassWithTag2,org.junit.platform.launcher.TagFilterTests$ClassWithTag2,L27653,L103,C:\Users\domco\Desktop\DP\repos\junit5\platform-tests\src\test\java\org\junit\platform\launcher\TagFilterTests.java,188,2,190,3,0.0,0,0,0,0.0,0.0,0,0,0,0,0,0,1,0,0,0,0,0.0,0.0,0,0,0,1,0.0,0,0,0,0,0,0,3,3,0,0,0,0,0,0,0,0,0,0,0,0,0,3,3,0,0,0,0,0,0,0,0,0,0,0,0,0,0,0,3,0,0,0,0,0,0,0,0,0,3,0,0,0,0,0,0,0,0
669,L27671,TagFilterTests$ClassWithBothTags,org.junit.platform.launcher.TagFilterTests$ClassWithBothTags,L27653,L103,C:\Users\domco\Desktop\DP\repos\junit5\platform-tests\src\test\java\org\junit\platform\launcher\TagFilterTests.java,192,2,195,3,0.0,0,0,0,0.0,0.0,0,0,0,0,0,0,2,0,0,0,0,0.0,0.0,0,0,0,1,0.0,0,0,0,0,0,0,4,4,0,0,0,0,0,0,0,0,0,0,0,0,0,4,4,0,0,0,0,0,0,0,0,0,0,0,0,0,0,0,3,0,0,0,0,0,0,0,0,0,3,0,0,0,0,0,0,0,0
670,L27675,TagFilterTests$ClassWithDifferentTags,org.junit.platform.launcher.TagFilterTests$ClassWithDifferentTags,L27653,L103,C:\Users\domco\Desktop\DP\repos\junit5\platform-tests\src\test\java\org\junit\platform\launcher\TagFilterTests.java,197,2,200,3,0.0,0,0,0,0.0,0.0,0,0,0,0,0,0,1,0,0,0,0,0.0,0.0,0,0,0,1,0.0,0,0,0,0,0,0,4,4,0,0,0,0,0,0,0,0,0,0,0,0,0,4,4,0,0,0,0,0,0,0,0,0,0,0,0,0,0,0,3,0,0,0,0,0,0,0,0,0,3,0,0,0,0,0,0,0,0
671,L27679,TagFilterTests$ClassWithNoTags,org.junit.platform.launcher.TagFilterTests$ClassWithNoTags,L27653,L103,C:\Users\domco\Desktop\DP\repos\junit5\platform-tests\src\test\java\org\junit\platform\launcher\TagFilterTests.java,202,2,204,3,0.0,0,0,0,0.0,0.0,0,0,0,0,0,0,1,0,0,0,0,0.0,0.25,1,0,0,1,0.25,1,0,0,0,0,0,3,3,0,0,0,0,0,0,0,0,0,0,0,0,0,3,3,0,0,0,0,0,0,0,0,0,0,0,0,0,0,0,1,0,0,0,0,0,0,0,0,0,1,0,0,0,0,0,0,0,0
672,L28021,JUnitPlatformRunnerTests$Discovery,org.junit.platform.runner.JUnitPlatformRunnerTests$Discovery,L28018,L103,C:\Users\domco\Desktop\DP\repos\junit5\platform-tests\src\test\java\org\junit\platform\runner\JUnitPlatformRunnerTests.java,102,2,473,3,0.559039,6,14,14,0.553763,0.585185,206,158,22,0,0,22,45,0,0,26,48,0.0,0.0,0,0,0,1,0.0,0,0,0,0,0,0,208,310,0,0,0,0,22,0,0,0,22,132,0,0,0,270,372,0,0,0,0,22,0,0,0,22,132,0,0,0,0,0,277,29,33,11,163,22,1,0,2,22,110,0,7,0,0,0,0,1,0
673,L28141,JUnitPlatformRunnerTests$Filtering,org.junit.platform.runner.JUnitPlatformRunnerTests$Filtering,L28018,L103,C:\Users\domco\Desktop\DP\repos\junit5\platform-tests\src\test\java\org\junit\platform\runner\JUnitPlatformRunnerTests.java,475,2,523,3,0.0,0,0,0,0.0,0.0,0,0,2,0,0,2,15,0,0,17,19,0.0,0.0,0,0,0,1,0.0,0,0,0,0,0,0,36,49,0,0,0,0,2,0,0,0,2,26,0,0,0,36,49,0,0,0,0,2,0,0,0,2,26,0,0,0,0,0,10,5,3,1,0,2,1,0,2,2,7,0,3,0,0,0,0,0,0
674,L28149,JUnitPlatformRunnerTests$Execution,org.junit.platform.runner.JUnitPlatformRunnerTests$Execution,L28018,L103,C:\Users\domco\Desktop\DP\repos\junit5\platform-tests\src\test\java\org\junit\platform\runner\JUnitPlatformRunnerTests.java,525,2,618,3,0.0,0,0,0,0.0,0.0,0,0,3,0,0,3,14,0,0,14,17,0.0,0.0151515,1,0,0,1,0.0151515,1,0,0,0,0,0,65,94,0,0,0,0,3,0,0,0,3,49,0,0,0,65,94,0,0,0,0,3,0,0,0,3,49,0,0,0,0,0,12,5,3,0,0,3,1,0,2,3,9,0,2,0,0,0,0,0,0
675,L28160,JUnitPlatformRunnerTests$Descriptions,org.junit.platform.runner.JUnitPlatformRunnerTests$Descriptions,L28018,L103,C:\Users\domco\Desktop\DP\repos\junit5\platform-tests\src\test\java\org\junit\platform\runner\JUnitPlatformRunnerTests.java,620,2,728,3,0.688347,1,2,2,0.642202,0.674419,70,58,6,0,0,6,19,0,0,15,21,0.0,0.0549451,5,0,0,1,0.0549451,5,0,0,0,0,0,86,109,0,0,0,0,6,0,0,0,6,32,0,0,0,86,109,0,0,0,0,6,0,0,0,6,32,0,0,0,0,0,36,6,8,2,19,6,1,0,3,5,13,0,1,0,0,0,0,0,0
676,L28133,JUnitPlatformRunnerTests$TestClass,org.junit.platform.runner.JUnitPlatformRunnerTests$TestClass,L28018,L103,C:\Users\domco\Desktop\DP\repos\junit5\platform-tests\src\test\java\org\junit\platform\runner\JUnitPlatformRunnerTests.java,757,2,758,3,0.0,0,0,0,0.0,0.0,0,0,0,0,0,0,0,4,0,0,0,0.0,0.0,0,0,0,1,0.0,0,0,0,0,0,0,2,2,0,0,0,0,0,0,0,0,0,0,0,0,0,2,2,0,0,0,0,0,0,0,0,0,0,0,0,0,0,0,3,0,0,0,0,0,0,0,0,0,3,0,0,0,0,0,0,0,0
677,L28177,JUnitPlatformRunnerTests$TestClassWithTechnicalNames,org.junit.platform.runner.JUnitPlatformRunnerTests$TestClassWithTechnicalNames,L28018,L103,C:\Users\domco\Desktop\DP\repos\junit5\platform-tests\src\test\java\org\junit\platform\runner\JUnitPlatformRunnerTests.java,760,2,762,3,0.0,0,0,0,0.0,0.0,0,0,0,0,0,0,1,1,0,0,0,0.0,0.0,0,0,0,1,0.0,0,0,0,0,0,0,3,3,0,0,0,0,0,0,0,0,0,0,0,0,0,3,3,0,0,0,0,0,0,0,0,0,0,0,0,0,0,0,3,0,0,0,0,0,0,0,0,0,3,0,0,0,0,0,0,0,0
678,L28163,JUnitPlatformRunnerTests$TestSuiteWithDefaultDisplayName,org.junit.platform.runner.JUnitPlatformRunnerTests$TestSuiteWithDefaultDisplayName,L28018,L103,C:\Users\domco\Desktop\DP\repos\junit5\platform-tests\src\test\java\org\junit\platform\runner\JUnitPlatformRunnerTests.java,764,2,765,3,0.0,0,0,0,0.0,0.0,0,0,0,0,0,0,0,1,0,0,0,0.0,0.0,0,0,0,1,0.0,0,0,0,0,0,0,2,2,0,0,0,0,0,0,0,0,0,0,0,0,0,2,2,0,0,0,0,0,0,0,0,0,0,0,0,0,0,0,3,0,0,0,0,0,0,0,0,0,3,0,0,0,0,0,0,0,0
679,L28167,JUnitPlatformRunnerTests$TestSuiteWithCustomDisplayName,org.junit.platform.runner.JUnitPlatformRunnerTests$TestSuiteWithCustomDisplayName,L28018,L103,C:\Users\domco\Desktop\DP\repos\junit5\platform-tests\src\test\java\org\junit\platform\runner\JUnitPlatformRunnerTests.java,767,2,769,3,0.0,0,0,0,0.0,0.0,0,0,0,0,0,0,1,1,0,0,0,0.0,0.0,0,0,0,1,0.0,0,0,0,0,0,0,3,3,0,0,0,0,0,0,0,0,0,0,0,0,0,3,3,0,0,0,0,0,0,0,0,0,0,0,0,0,0,0,3,0,0,0,0,0,0,0,0,0,3,0,0,0,0,0,0,0,0
680,L28171,JUnitPlatformRunnerTests$TestSuiteWithCustomDisplayNameAndTechnicalNames,org.junit.platform.runner.JUnitPlatformRunnerTests$TestSuiteWithCustomDisplayNameAndTechnicalNames,L28018,L103,C:\Users\domco\Desktop\DP\repos\junit5\platform-tests\src\test\java\org\junit\platform\runner\JUnitPlatformRunnerTests.java,771,2,774,3,0.0,0,0,0,0.0,0.0,0,0,0,0,0,0,2,1,0,0,0,0.0,0.0,0,0,0,1,0.0,0,0,0,0,0,0,4,4,0,0,0,0,0,0,0,0,0,0,0,0,0,4,4,0,0,0,0,0,0,0,0,0,0,0,0,0,0,0,3,0,0,0,0,0,0,0,0,0,3,0,0,0,0,0,0,0,0
681,L28154,JUnitPlatformRunnerTests$DynamicTestEngine,org.junit.platform.runner.JUnitPlatformRunnerTests$DynamicTestEngine,L28018,L103,C:\Users\domco\Desktop\DP\repos\junit5\platform-tests\src\test\java\org\junit\platform\runner\JUnitPlatformRunnerTests.java,776,2,833,3,0.0,0,0,0,0.0,0.0,0,0,2,0,0,3,11,1,0,13,16,0.0,0.0,0,0,0,4,0.0,0,1,1,0,0,1,46,58,0,4,0,1,3,0,3,0,6,30,0,6,0,46,58,0,4,0,1,3,0,3,0,6,30,0,6,0,0,0,12,0,5,0,0,5,1,0,2,0,9,0,0,0,0,0,0,0,0
682,L28197,JUnitPlatformRunnerTests$DemoContainerTestDescriptor,org.junit.platform.runner.JUnitPlatformRunnerTests$DemoContainerTestDescriptor,L28018,L103,C:\Users\domco\Desktop\DP\repos\junit5\platform-tests\src\test\java\org\junit\platform\runner\JUnitPlatformRunnerTests.java,835,2,845,3,0.0,0,0,0,0.0,0.0,0,0,0,0,0,2,3,1,1,1,3,0.0,0.0,0,0,0,2,0.0,0,2,2,0,0,1,9,11,5,9,0,1,2,0,1,0,27,2,0,24,1,9,11,5,9,0,1,2,0,1,0,27,2,0,24,1,0,0,7,0,0,0,0,0,0,0,0,0,7,0,0,0,0,0,0,0,0
683,L28202,JUnitPlatformRunnerTests$DemoTestTestDescriptor,org.junit.platform.runner.JUnitPlatformRunnerTests$DemoTestTestDescriptor,L28018,L103,C:\Users\domco\Desktop\DP\repos\junit5\platform-tests\src\test\java\org\junit\platform\runner\JUnitPlatformRunnerTests.java,847,2,857,3,0.0,0,0,0,0.0,0.0,0,0,0,0,0,2,3,1,1,1,3,0.0,0.0,0,0,0,2,0.0,0,2,2,0,0,1,9,11,5,9,0,1,2,0,1,0,27,2,0,24,1,9,11,5,9,0,1,2,0,1,0,27,2,0,24,1,0,0,7,0,0,0,0,0,0,0,0,0,7,0,0,0,0,0,0,0,0
684,L28207,JUnitPlatformRunnerTests$DemoContainerAndTestTestDescriptor,org.junit.platform.runner.JUnitPlatformRunnerTests$DemoContainerAndTestTestDescriptor,L28018,L103,C:\Users\domco\Desktop\DP\repos\junit5\platform-tests\src\test\java\org\junit\platform\runner\JUnitPlatformRunnerTests.java,859,2,869,3,0.0,0,0,0,0.0,0.0,0,0,0,0,0,2,3,1,1,1,3,0.0,0.0,0,0,0,2,0.0,0,2,2,0,0,1,9,11,5,9,0,1,2,0,1,0,27,2,0,24,1,9,11,5,9,0,1,2,0,1,0,27,2,0,24,1,0,0,7,0,0,0,0,0,0,0,0,0,7,0,0,0,0,0,0,0,0
685,L28311,JUnitPlatformProvider,org.junit.platform.surefire.provider.JUnitPlatformProvider,L28284,L103,C:\Users\domco\Desktop\DP\repos\junit5\junit-platform-surefire-provider\src\main\java\org\junit\platform\surefire\provider\JUnitPlatformProvider.java,66,1,240,2,0.0,0,0,0,0.0,0.0,0,0,1,3,1,23,11,3,19,13,25,0.25,0.0774194,12,5,1,3,0.0774194,12,0,0,0,0,0,143,175,10,5,10,5,12,0,3,0,12,65,0,3,0,143,175,10,5,10,5,12,0,3,0,12,65,0,3,0,0,0,30,1,8,0,0,8,0,0,1,0,27,0,0,0,0,1,0,2,0
686,L28367,RunListenerAdapter,org.junit.platform.surefire.provider.RunListenerAdapter,L28284,L103,C:\Users\domco\Desktop\DP\repos\junit5\junit-platform-surefire-provider\src\main\java\org\junit\platform\surefire\provider\RunListenerAdapter.java,43,1,222,2,0.0,0,0,0,0.0,0.0,0,0,1,3,1,40,10,2,23,11,35,0.166667,0.0576923,9,3,1,5,0.0576923,9,1,1,0,0,1,147,180,3,6,3,6,24,0,5,0,26,64,0,7,0,147,180,3,6,3,6,24,0,5,0,26,64,0,7,0,0,0,51,0,1,0,0,0,0,0,0,1,49,0,0,0,0,0,0,2,0
687,L28386,TestMethodFilter,org.junit.platform.surefire.provider.TestMethodFilter,L28284,L103,C:\Users\domco\Desktop\DP\repos\junit5\junit-platform-surefire-provider\src\main\java\org\junit\platform\surefire\provider\TestMethodFilter.java,28,1,55,2,0.0,0,0,0,0.0,0.0,0,0,2,0,0,3,4,2,4,4,7,0.5,0.2,5,3,1,1,0.2,5,2,2,0,0,1,20,28,1,0,1,0,3,0,1,0,7,6,0,5,0,20,28,1,0,1,0,3,0,1,0,7,6,0,5,0,0,0,10,0,0,0,0,0,1,0,0,0,9,0,0,0,0,0,0,0,0
688,L28359,TestPlanScannerFilter,org.junit.platform.surefire.provider.TestPlanScannerFilter,L28284,L103,C:\Users\domco\Desktop\DP\repos\junit5\junit-platform-surefire-provider\src\main\java\org\junit\platform\surefire\provider\TestPlanScannerFilter.java,31,1,54,2,0.0,0,0,0,0.0,0.0,0,0,1,0,0,2,6,2,9,7,9,0.5,0.217391,5,3,1,1,0.217391,5,0,0,0,0,0,18,24,2,0,2,0,2,0,1,0,2,5,0,1,0,18,24,2,0,2,0,2,0,1,0,2,5,0,1,0,0,0,7,1,1,2,0,0,0,0,0,0,7,0,0,0,0,0,0,0,0
689,L28501,JUnitPlatformProviderTests,org.junit.platform.surefire.provider.JUnitPlatformProviderTests,L28284,L103,C:\Users\domco\Desktop\DP\repos\junit5\junit-platform-surefire-provider\src\test\java\org\junit\platform\surefire\provider\JUnitPlatformProviderTests.java,77,1,623,2,0.201532,4,12,12,0.162706,0.167901,89,68,1,1,1,35,14,0,0,19,54,1.0,0.0773639,27,9,1,0,0.0625,27,0,0,0,0,0,322,448,0,1,0,1,35,0,0,0,35,201,0,0,0,405,547,15,2,13,1,49,0,1,0,59,212,0,9,0,0,0,168,47,101,65,45,52,3,0,5,24,110,5,2,0,0,0,0,5,0
690,L28650,RunListenerAdapterTests,org.junit.platform.surefire.provider.RunListenerAdapterTests,L28284,L103,C:\Users\domco\Desktop\DP\repos\junit5\junit-platform-surefire-provider\src\test\java\org\junit\platform\surefire\provider\RunListenerAdapterTests.java,65,1,482,2,0.0,0,0,0,0.0,0.0,0,0,1,0,0,32,19,0,0,32,64,1.0,0.0372671,12,5,1,0,0.0350877,12,0,0,0,0,0,310,396,4,0,4,0,32,0,0,1,32,198,0,0,1,330,418,9,19,4,2,37,0,2,1,89,200,0,50,3,0,0,90,30,52,27,0,26,1,0,4,20,83,3,6,0,0,0,0,2,0
691,L28739,SurefireProviderTestSuite,org.junit.platform.surefire.provider.SurefireProviderTestSuite,L28284,L103,C:\Users\domco\Desktop\DP\repos\junit5\junit-platform-surefire-provider\src\test\java\org\junit\platform\surefire\provider\SurefireProviderTestSuite.java,40,1,45,2,0.0,0,0,0,0.0,0.0,0,0,0,0,0,0,4,0,0,0,0,1.0,0.714286,15,15,1,0,0.714286,15,0,0,0,0,0,6,6,0,0,0,0,0,0,0,0,0,0,0,0,0,6,6,0,0,0,0,0,0,0,0,0,0,0,0,0,0,0,0,0,0,0,0,0,0,0,0,0,0,0,0,0,0,0,0,0,0
692,L28742,TestMethodFilterTests,org.junit.platform.surefire.provider.TestMethodFilterTests,L28284,L103,C:\Users\domco\Desktop\DP\repos\junit5\junit-platform-surefire-provider\src\test\java\org\junit\platform\surefire\provider\TestMethodFilterTests.java,40,1,92,2,0.0,0,0,0,0.0,0.0,0,0,1,0,0,5,9,0,0,8,13,1.0,0.125,5,5,1,0,0.113636,5,0,0,0,0,0,35,49,3,0,3,0,5,0,0,0,5,17,0,0,0,39,53,3,0,3,0,6,0,1,0,6,17,0,1,0,0,0,17,5,13,9,0,3,0,0,0,5,17,1,0,0,0,0,0,0,0
693,L28767,TestPlanScannerFilterTests,org.junit.platform.surefire.provider.TestPlanScannerFilterTests,L28284,L103,C:\Users\domco\Desktop\DP\repos\junit5\junit-platform-surefire-provider\src\test\java\org\junit\platform\surefire\provider\TestPlanScannerFilterTests.java,38,1,155,2,0.0,0,0,0,0.0,0.0,0,0,1,0,0,8,12,0,0,5,13,1.0,0.131579,5,5,1,0,0.0537634,5,0,0,0,0,0,33,49,0,0,0,0,8,0,0,0,8,8,0,0,0,88,118,0,0,0,0,17,0,1,0,17,10,0,1,0,0,0,75,4,27,9,0,15,2,0,1,0,72,7,0,0,0,0,0,0,0
694,L28887,RunnerRequest,org.junit.vintage.engine.descriptor.RunnerRequest,L28879,L103,C:\Users\domco\Desktop\DP\repos\junit5\junit-vintage-engine\src\main\java\org\junit\vintage\engine\descriptor\RunnerRequest.java,19,1,31,2,0.0,0,0,0,0.0,0.0,0,0,0,0,0,2,0,1,1,0,2,0.5,0.230769,3,3,1,1,0.230769,3,0,0,0,0,0,10,13,1,1,1,1,2,0,1,0,2,2,0,1,0,10,13,1,1,1,1,2,0,1,0,2,2,0,1,0,0,0,7,0,0,0,0,0,0,0,0,0,7,0,0,0,0,0,0,0,0
695,L28894,RunnerTestDescriptor,org.junit.vintage.engine.descriptor.RunnerTestDescriptor,L28879,L103,C:\Users\domco\Desktop\DP\repos\junit5\junit-vintage-engine\src\main\java\org\junit\vintage\engine\descriptor\RunnerTestDescriptor.java,34,1,143,2,0.0,0,0,0,0.0,0.0,0,0,2,2,2,14,8,9,5,11,18,0.25,0.142857,11,3,1,3,0.111111,11,3,3,0,0,1,66,83,14,11,4,0,7,0,3,0,45,25,4,30,1,88,110,16,11,6,0,11,0,5,0,49,32,4,32,1,0,1,31,0,1,0,0,1,1,0,0,0,28,0,1,0,0,0,0,2,0
696,L28896,VintageTestDescriptor,org.junit.vintage.engine.descriptor.VintageTestDescriptor,L28879,L103,C:\Users\domco\Desktop\DP\repos\junit5\junit-vintage-engine\src\main\java\org\junit\vintage\engine\descriptor\VintageTestDescriptor.java,43,1,159,2,0.0,0,0,0,0.0,0.0,0,0,1,3,3,25,11,12,8,8,22,0.166667,0.0776699,8,3,1,5,0.0776699,8,2,2,1,1,1,95,117,10,11,5,3,14,4,5,0,39,36,4,28,1,95,117,10,11,5,3,14,4,5,0,39,36,4,28,1,0,0,34,0,2,0,0,1,0,0,1,1,29,0,0,0,0,0,0,4,1.0
697,L28997,VintageTestDescriptorTests,org.junit.vintage.engine.descriptor.VintageTestDescriptorTests,L28879,L103,C:\Users\domco\Desktop\DP\repos\junit5\junit-vintage-engine\src\test\java\org\junit\vintage\engine\descriptor\VintageTestDescriptorTests.java,24,1,50,2,0.0,0,0,0,0.0,0.0,0,0,1,0,0,1,8,0,0,6,7,0.0,0.0,0,0,0,1,0.0,0,0,0,0,0,0,13,19,1,0,1,0,1,0,0,0,1,7,0,0,0,20,27,1,0,1,0,2,0,1,0,3,7,0,2,0,0,0,13,3,6,5,0,2,0,0,0,1,13,1,0,0,0,0,0,0,1.0
698,L29042,ClasspathRootSelectorResolver,org.junit.vintage.engine.discovery.ClasspathRootSelectorResolver,L29013,L103,C:\Users\domco\Desktop\DP\repos\junit5\junit-vintage-engine\src\main\java\org\junit\vintage\engine\discovery\ClasspathRootSelectorResolver.java,24,1,38,2,0.939394,1,1,1,0.733333,0.818182,11,9,1,0,0,1,5,0,0,1,2,0.5,0.3125,5,3,1,1,0.3125,5,1,1,0,0,1,11,15,0,0,0,0,1,0,1,0,1,1,0,1,0,11,15,0,0,0,0,1,0,1,0,1,1,0,1,0,0,0,13,0,0,0,10,0,0,0,0,0,3,0,0,0,0,0,0,0,0
699,L29055,ClassSelectorResolver,org.junit.vintage.engine.discovery.ClassSelectorResolver,L29013,L103,C:\Users\domco\Desktop\DP\repos\junit5\junit-vintage-engine\src\main\java\org\junit\vintage\engine\discovery\ClassSelectorResolver.java,20,1,33,2,0.0,0,0,0,0.0,0.0,0,0,1,0,0,1,5,0,0,1,2,0.5,0.333333,5,3,1,1,0.333333,5,1,1,0,0,1,10,14,0,0,0,0,1,0,1,0,1,1,0,1,0,10,14,0,0,0,0,1,0,1,0,1,1,0,1,0,0,0,3,0,0,0,0,0,0,0,0,0,3,0,0,0,0,0,0,0,1.0
700,L29062,DefensiveAllDefaultPossibilitiesBuilder,org.junit.vintage.engine.discovery.DefensiveAllDefaultPossibilitiesBuilder,L29013,L103,C:\Users\domco\Desktop\DP\repos\junit5\junit-vintage-engine\src\main\java\org\junit\vintage\engine\discovery\DefensiveAllDefaultPossibilitiesBuilder.java,39,1,150,2,0.0,0,0,0,0.0,0.0,0,0,2,2,2,9,7,1,0,4,10,0.5,0.305085,18,18,1,1,0.311321,33,0,0,0,0,0,41,73,4,0,4,0,6,0,1,0,6,16,0,1,0,73,112,5,0,5,0,11,0,4,0,11,26,0,4,0,0,0,27,0,3,0,0,0,1,0,0,0,26,0,3,0,0,0,0,0,0
701,L29095,FilterableIgnoringRunnerDecorator,org.junit.vintage.engine.discovery.FilterableIgnoringRunnerDecorator,L29013,L103,C:\Users\domco\Desktop\DP\repos\junit5\junit-vintage-engine\src\main\java\org\junit\vintage\engine\discovery\FilterableIgnoringRunnerDecorator.java,24,1,36,2,0.0,0,0,0,0.0,0.0,0,0,1,0,0,2,2,1,1,2,4,0.5,0.3125,5,5,1,1,0.3125,5,2,2,0,0,1,11,13,1,2,0,0,2,0,1,0,6,3,0,4,0,11,13,1,2,0,0,2,0,1,0,6,3,0,4,0,0,0,5,0,0,0,0,0,0,0,0,0,5,0,0,0,0,0,0,0,0
702,L29100,IgnoringRunnerDecorator,org.junit.vintage.engine.discovery.IgnoringRunnerDecorator,L29013,L103,C:\Users\domco\Desktop\DP\repos\junit5\junit-vintage-engine\src\main\java\org\junit\vintage\engine\discovery\IgnoringRunnerDecorator.java,26,1,48,2,0.0,0,0,0,0.0,0.0,0,0,1,0,0,4,2,2,2,1,5,0.25,0.307692,8,8,1,3,0.307692,8,1,1,1,1,1,18,23,1,2,1,2,4,0,3,0,4,4,0,3,0,18,23,1,2,1,2,4,0,3,0,4,4,0,3,0,0,0,9,0,0,0,0,0,0,0,0,0,9,0,0,0,0,0,0,0,0
703,L29149,IsPotentialJUnit4TestClass,org.junit.vintage.engine.discovery.IsPotentialJUnit4TestClass,L29013,L103,C:\Users\domco\Desktop\DP\repos\junit5\junit-vintage-engine\src\main\java\org\junit\vintage\engine\discovery\IsPotentialJUnit4TestClass.java,22,1,40,2,0.0,0,0,0,0.0,0.0,0,0,1,1,1,4,1,2,5,3,4,0.5,0.210526,4,3,1,1,0.210526,4,0,0,0,0,0,15,19,0,0,0,0,1,0,1,0,1,7,0,1,0,15,19,0,0,0,0,1,0,1,0,1,7,0,1,0,0,0,5,0,1,0,0,0,0,0,0,1,5,0,0,0,0,0,0,0,0
704,L29116,IsPotentialJUnit4TestMethod,org.junit.vintage.engine.discovery.IsPotentialJUnit4TestMethod,L29013,L103,C:\Users\domco\Desktop\DP\repos\junit5\junit-vintage-engine\src\main\java\org\junit\vintage\engine\discovery\IsPotentialJUnit4TestMethod.java,21,1,30,2,0.0,0,0,0,0.0,0.0,0,0,1,0,0,1,0,0,0,0,1,0.5,0.454545,5,3,1,1,0.454545,5,0,0,0,0,0,6,10,0,0,0,0,1,0,1,0,1,1,0,1,0,6,10,0,0,0,0,1,0,1,0,1,1,0,1,0,0,0,1,0,0,0,0,0,0,0,0,0,1,0,0,0,0,0,0,0,0
705,L29160,MethodSelectorResolver,org.junit.vintage.engine.discovery.MethodSelectorResolver,L29013,L103,C:\Users\domco\Desktop\DP\repos\junit5\junit-vintage-engine\src\main\java\org\junit\vintage\engine\discovery\MethodSelectorResolver.java,26,1,76,2,0.0,0,0,0,0.0,0.0,0,0,2,1,1,4,6,0,0,6,9,0.5,0.307692,8,8,1,1,0.195652,9,1,1,0,0,1,18,27,0,0,0,0,3,0,1,0,3,7,0,1,0,37,51,0,0,0,0,6,0,3,0,6,15,0,3,0,0,0,18,0,0,0,0,0,2,0,0,0,16,0,0,0,0,0,0,0,1.0
706,L29188,ModuleNameSelectorResolver,org.junit.vintage.engine.discovery.ModuleNameSelectorResolver,L29013,L103,C:\Users\domco\Desktop\DP\repos\junit5\junit-vintage-engine\src\main\java\org\junit\vintage\engine\discovery\ModuleNameSelectorResolver.java,24,1,38,2,0.939394,1,1,1,0.733333,0.818182,11,9,1,0,0,1,5,0,0,1,2,0.5,0.3125,5,3,1,1,0.3125,5,1,1,0,0,1,11,15,0,0,0,0,1,0,1,0,1,1,0,1,0,11,15,0,0,0,0,1,0,1,0,1,1,0,1,0,0,0,13,0,0,0,10,0,0,0,0,0,3,0,0,0,0,0,0,0,0
707,L29195,OrFilter,org.junit.vintage.engine.discovery.OrFilter,L29013,L103,C:\Users\domco\Desktop\DP\repos\junit5\junit-vintage-engine\src\main\java\org\junit\vintage\engine\discovery\OrFilter.java,24,1,42,2,0.0,0,0,0,0.0,0.0,0,0,1,0,0,3,1,2,3,1,4,0.333333,0.176471,3,3,1,2,0.176471,3,0,0,0,0,0,14,19,1,0,1,0,3,0,2,0,3,3,0,2,0,14,19,1,0,1,0,3,0,2,0,3,3,0,2,0,0,0,9,0,0,0,0,0,0,0,0,0,9,0,0,0,0,0,0,0,0
708,L29207,PackageNameSelectorResolver,org.junit.vintage.engine.discovery.PackageNameSelectorResolver,L29013,L103,C:\Users\domco\Desktop\DP\repos\junit5\junit-vintage-engine\src\main\java\org\junit\vintage\engine\discovery\PackageNameSelectorResolver.java,24,1,38,2,0.939394,1,1,1,0.733333,0.818182,11,9,1,0,0,1,5,0,0,1,2,0.5,0.3125,5,3,1,1,0.3125,5,1,1,0,0,1,11,15,0,0,0,0,1,0,1,0,1,1,0,1,0,11,15,0,0,0,0,1,0,1,0,1,1,0,1,0,0,0,13,0,0,0,10,0,0,0,0,0,3,0,0,0,0,0,0,0,0
709,L29215,RunnerTestDescriptorAwareFilter,org.junit.vintage.engine.discovery.RunnerTestDescriptorAwareFilter,L29013,L103,C:\Users\domco\Desktop\DP\repos\junit5\junit-vintage-engine\src\main\java\org\junit\vintage\engine\discovery\RunnerTestDescriptorAwareFilter.java,20,1,43,2,0.0,0,0,0,0.0,0.0,0,0,1,0,0,2,1,7,3,0,2,1.0,0.3,3,3,1,0,0.181818,4,0,0,2,2,0,7,10,0,0,0,0,2,0,0,0,2,1,0,0,0,18,24,0,0,0,0,5,0,2,0,6,3,0,2,0,0,0,13,0,2,0,0,2,1,0,0,0,12,0,0,0,0,0,0,0,0
710,L29052,TestClassCollector,org.junit.vintage.engine.discovery.TestClassCollector,L29013,L103,C:\Users\domco\Desktop\DP\repos\junit5\junit-vintage-engine\src\main\java\org\junit\vintage\engine\discovery\TestClassCollector.java,28,1,58,2,0.0,0,0,0,0.0,0.0,0,0,1,0,0,5,3,9,3,1,6,1.0,0.185185,5,3,1,0,0.185185,5,0,0,0,0,0,22,31,2,0,2,0,5,0,0,0,5,5,0,0,0,22,31,2,0,2,0,5,0,0,0,5,5,0,0,0,0,0,10,0,3,0,0,3,0,0,0,0,10,0,0,0,0,0,0,0,0
711,L29253,TestClassRequest,org.junit.vintage.engine.discovery.TestClassRequest,L29013,L103,C:\Users\domco\Desktop\DP\repos\junit5\junit-vintage-engine\src\main\java\org\junit\vintage\engine\discovery\TestClassRequest.java,20,1,42,2,0.0,0,0,0,0.0,0.0,0,0,0,0,0,4,1,4,4,0,4,1.0,0.15,3,3,1,0,0.15,3,0,0,0,0,0,17,23,2,2,2,2,4,0,0,0,4,5,0,0,0,17,23,2,2,2,2,4,0,0,0,4,5,0,0,0,0,0,10,0,2,0,0,2,0,0,0,0,10,0,0,0,0,0,0,0,0
712,L29275,TestClassRequestResolver,org.junit.vintage.engine.discovery.TestClassRequestResolver,L29013,L103,C:\Users\domco\Desktop\DP\repos\junit5\junit-vintage-engine\src\main\java\org\junit\vintage\engine\discovery\TestClassRequestResolver.java,40,1,124,2,0.0,0,0,0,0.0,0.0,0,0,1,2,2,14,12,2,1,13,20,1.0,0.0769231,6,3,1,0,0.0769231,6,0,0,0,0,0,72,85,4,0,4,0,7,0,0,0,7,38,0,0,0,72,85,4,0,4,0,7,0,0,0,7,38,0,0,0,0,0,17,1,3,1,0,2,0,0,1,0,16,1,0,0,0,0,0,0,0
713,L29345,UniqueIdFilter,org.junit.vintage.engine.discovery.UniqueIdFilter,L29013,L103,C:\Users\domco\Desktop\DP\repos\junit5\junit-vintage-engine\src\main\java\org\junit\vintage\engine\discovery\UniqueIdFilter.java,30,1,82,2,0.0,0,0,0,0.0,0.0,0,0,1,1,1,9,6,0,0,3,9,0.333333,0.116279,5,3,1,2,0.116279,5,1,1,0,0,1,38,53,3,0,3,0,6,0,2,0,7,13,0,2,0,38,53,3,0,3,0,6,0,2,0,7,13,0,2,0,0,0,13,0,1,0,0,1,0,0,0,0,13,0,0,0,0,0,0,0,0
714,L29373,UniqueIdSelectorResolver,org.junit.vintage.engine.discovery.UniqueIdSelectorResolver,L29013,L103,C:\Users\domco\Desktop\DP\repos\junit5\junit-vintage-engine\src\main\java\org\junit\vintage\engine\discovery\UniqueIdSelectorResolver.java,31,1,93,2,0.169399,1,1,1,0.174603,0.1875,11,9,3,1,1,9,11,1,4,10,16,0.5,0.172414,10,3,1,1,0.172414,10,1,1,0,0,1,48,63,1,0,1,0,6,0,1,0,6,16,0,1,0,48,63,1,0,1,0,6,0,1,0,6,16,0,1,0,0,0,25,0,0,0,10,0,1,0,1,0,13,0,0,0,0,0,0,0,0
715,L29399,VintageDiscoverer,org.junit.vintage.engine.discovery.VintageDiscoverer,L29013,L103,C:\Users\domco\Desktop\DP\repos\junit5\junit-vintage-engine\src\main\java\org\junit\vintage\engine\discovery\VintageDiscoverer.java,30,1,69,2,0.0,0,0,0,0.0,0.0,0,0,1,1,1,3,10,2,4,5,7,0.5,0.189189,7,3,1,1,0.189189,7,0,0,0,0,0,30,40,3,0,3,0,2,0,1,0,2,8,0,1,0,30,40,3,0,3,0,2,0,1,0,2,8,0,1,0,0,0,7,0,0,0,0,0,0,0,0,0,7,0,0,0,0,0,0,0,0
716,L29431,IsPotentialJUnit4TestClassTests,org.junit.vintage.engine.discovery.IsPotentialJUnit4TestClassTests,L29013,L103,C:\Users\domco\Desktop\DP\repos\junit5\junit-vintage-engine\src\test\java\org\junit\vintage\engine\discovery\IsPotentialJUnit4TestClassTests.java,18,1,66,2,0.0,0,0,0,0.0,0.0,0,0,1,0,0,5,7,0,0,3,8,0.0,0.0,0,0,0,1,0.0,0,0,0,0,0,0,25,36,1,0,1,0,5,0,0,0,5,6,0,0,0,33,49,1,0,1,0,5,0,0,0,5,6,0,0,0,0,0,28,0,15,6,0,8,0,0,0,1,28,0,0,0,0,0,0,0,0
717,L29461,OrFilterTests,org.junit.vintage.engine.discovery.OrFilterTests,L29013,L103,C:\Users\domco\Desktop\DP\repos\junit5\junit-vintage-engine\src\test\java\org\junit\vintage\engine\discovery\OrFilterTests.java,33,1,80,2,0.0,0,0,0,0.0,0.0,0,0,2,0,0,4,4,0,0,6,10,1.0,0.0810811,3,3,1,0,0.0810811,3,0,0,0,0,0,34,48,0,0,0,0,4,0,0,0,4,20,0,0,0,34,48,0,0,0,0,4,0,0,0,4,20,0,0,0,0,0,11,0,11,8,0,3,1,0,0,0,10,0,0,0,0,0,0,0,0
718,L29473,TestClassRequestResolverTests,org.junit.vintage.engine.discovery.TestClassRequestResolverTests,L29013,L103,C:\Users\domco\Desktop\DP\repos\junit5\junit-vintage-engine\src\test\java\org\junit\vintage\engine\discovery\TestClassRequestResolverTests.java,38,1,83,2,0.0,0,0,0,0.0,0.0,0,0,1,0,0,4,11,0,0,7,11,1.0,0.175,7,5,1,0,0.175,7,0,0,0,0,0,33,46,0,0,0,0,4,0,0,0,4,14,0,0,0,33,46,0,0,0,0,4,0,0,0,4,14,0,0,0,0,0,11,0,3,0,0,3,0,0,1,0,10,0,0,0,0,0,0,0,0
719,L29501,UniqueIdSelectorResolverTests,org.junit.vintage.engine.discovery.UniqueIdSelectorResolverTests,L29013,L103,C:\Users\domco\Desktop\DP\repos\junit5\junit-vintage-engine\src\test\java\org\junit\vintage\engine\discovery\UniqueIdSelectorResolverTests.java,39,1,113,2,0.0,0,0,0,0.0,0.0,0,0,1,0,0,7,13,0,0,13,20,1.0,0.112903,7,5,1,0,0.112903,7,0,0,0,0,0,55,75,2,0,2,0,7,0,0,0,7,26,0,0,0,55,75,2,0,2,0,7,0,0,0,7,26,0,0,0,0,0,17,0,8,4,0,4,0,0,1,0,16,0,0,0,0,0,0,0,0
720,L29529,VintageDiscovererTests,org.junit.vintage.engine.discovery.VintageDiscovererTests,L29013,L103,C:\Users\domco\Desktop\DP\repos\junit5\junit-vintage-engine\src\test\java\org\junit\vintage\engine\discovery\VintageDiscovererTests.java,35,1,105,2,0.0,0,0,0,0.0,0.0,0,0,3,0,0,5,18,0,0,14,19,1.0,0.1875,9,5,1,0,0.155172,9,0,0,0,0,0,39,57,0,0,0,0,5,0,0,0,5,16,0,0,0,49,71,0,0,0,0,7,0,2,0,7,16,0,2,0,0,0,25,2,9,3,0,6,1,0,2,0,22,2,0,0,0,0,0,0,0
721,L29570,RunListenerAdapter,org.junit.vintage.engine.execution.RunListenerAdapter,L29562,L103,C:\Users\domco\Desktop\DP\repos\junit5\junit-vintage-engine\src\main\java\org\junit\vintage\engine\execution\RunListenerAdapter.java,35,1,205,2,0.0,0,0,0,0.0,0.0,0,0,1,2,2,43,9,1,1,25,51,0.125,0.0540541,8,3,1,7,0.0540541,8,0,0,0,0,0,140,171,3,0,3,0,26,0,7,0,26,59,0,7,0,140,171,3,0,3,0,26,0,7,0,26,59,0,7,0,0,0,54,1,0,1,0,0,0,0,0,0,53,0,0,0,0,0,0,1,0
722,L29693,RunnerExecutor,org.junit.vintage.engine.execution.RunnerExecutor,L29562,L103,C:\Users\domco\Desktop\DP\repos\junit5\junit-vintage-engine\src\main\java\org\junit\vintage\engine\execution\RunnerExecutor.java,25,1,54,2,0.0,0,0,0,0.0,0.0,0,0,1,1,1,5,5,1,1,7,10,0.333333,0.107143,3,3,1,2,0.107143,3,0,0,0,0,0,25,30,1,0,1,0,3,0,2,0,3,10,0,2,0,25,30,1,0,1,0,3,0,2,0,3,10,0,2,0,0,0,9,1,0,0,0,0,0,0,0,0,9,0,1,0,0,0,0,0,0
723,L29573,TestRun,org.junit.vintage.engine.execution.TestRun,L29562,L103,C:\Users\domco\Desktop\DP\repos\junit5\junit-vintage-engine\src\main\java\org\junit\vintage\engine\execution\TestRun.java,42,1,168,2,0.0,0,0,0,0.0,0.0,0,0,5,1,1,22,5,3,15,5,22,1.0,0.189189,21,15,1,0,0.189189,21,0,0,0,0,0,90,127,7,2,7,2,17,0,0,0,17,32,0,0,0,90,127,7,2,7,2,17,0,0,0,17,32,0,0,0,0,0,36,0,16,0,0,16,1,0,0,0,34,0,0,0,0,0,0,1,0
724,L29767,TestRunTests,org.junit.vintage.engine.execution.TestRunTests,L29562,L103,C:\Users\domco\Desktop\DP\repos\junit5\junit-vintage-engine\src\test\java\org\junit\vintage\engine\execution\TestRunTests.java,33,1,66,2,0.0,0,0,0,0.0,0.0,0,0,2,0,0,2,8,0,0,9,11,1.0,0.1,3,3,1,0,0.1,3,0,0,0,0,0,27,34,0,0,0,0,2,0,0,0,2,17,0,0,0,27,34,0,0,0,0,2,0,0,0,2,17,0,0,0,0,0,7,2,4,2,0,2,1,0,0,2,6,0,0,0,0,0,0,0,0
725,L29282,UniqueIdReader,org.junit.vintage.engine.support.UniqueIdReader,L29775,L103,C:\Users\domco\Desktop\DP\repos\junit5\junit-vintage-engine\src\main\java\org\junit\vintage\engine\support\UniqueIdReader.java,29,1,55,2,0.0,0,0,0,0.0,0.0,0,0,1,0,0,3,3,3,3,2,5,0.333333,0.190476,4,4,1,2,0.190476,4,0,0,0,0,0,17,27,2,0,2,0,3,0,2,0,3,4,0,2,0,17,27,2,0,2,0,3,0,2,0,3,4,0,2,0,0,0,7,0,0,0,0,0,0,0,0,0,7,0,0,0,0,0,0,0,0
726,L29286,UniqueIdStringifier,org.junit.vintage.engine.support.UniqueIdStringifier,L29775,L103,C:\Users\domco\Desktop\DP\repos\junit5\junit-vintage-engine\src\main\java\org\junit\vintage\engine\support\UniqueIdStringifier.java,31,1,62,2,0.0,0,0,0,0.0,0.0,0,0,1,1,1,6,0,3,3,0,3,0.5,0.1,3,3,1,1,0.1,3,0,0,0,0,0,27,32,1,0,1,0,3,0,1,0,3,11,0,1,0,27,32,1,0,1,0,3,0,1,0,3,11,0,1,0,0,0,9,0,1,0,0,1,0,0,0,0,9,0,0,0,0,0,0,0,0
727,L29816,UniqueIdReaderTests,org.junit.vintage.engine.support.UniqueIdReaderTests,L29775,L103,C:\Users\domco\Desktop\DP\repos\junit5\junit-vintage-engine\src\test\java\org\junit\vintage\engine\support\UniqueIdReaderTests.java,31,1,63,2,0.0,0,0,0,0.0,0.0,0,0,2,0,0,2,5,0,0,6,8,1.0,0.233333,7,5,1,0,0.233333,7,0,0,0,0,0,23,33,0,0,0,0,2,0,0,0,2,9,0,0,0,23,33,0,0,0,0,2,0,0,0,2,9,0,0,0,0,0,7,0,7,5,0,2,1,0,0,0,6,0,0,0,0,0,0,0,0
728,L29824,UniqueIdStringifierTests,org.junit.vintage.engine.support.UniqueIdStringifierTests,L29775,L103,C:\Users\domco\Desktop\DP\repos\junit5\junit-vintage-engine\src\test\java\org\junit\vintage\engine\support\UniqueIdStringifierTests.java,28,1,101,2,0.0,0,0,0,0.0,0.0,0,0,2,1,1,5,5,0,0,5,10,1.0,0.0833333,3,3,1,0,0.0535714,3,0,0,0,0,0,33,46,0,0,0,0,5,0,0,0,5,17,0,0,0,53,74,3,1,3,1,9,0,1,0,9,21,0,1,0,0,0,28,3,13,8,0,5,2,0,0,3,26,0,0,0,0,0,0,0,0
729,L29907,JUnit4ParameterizedTests$StatusTrackingListener,org.junit.vintage.engine.JUnit4ParameterizedTests$StatusTrackingListener,L29888,L103,C:\Users\domco\Desktop\DP\repos\junit5\junit-vintage-engine\src\test\java\org\junit\vintage\engine\JUnit4ParameterizedTests.java,73,2,81,3,0.0,0,0,0,0.0,0.0,0,0,1,1,1,2,4,1,0,2,3,0.0,0.0,0,0,0,2,0.0,0,1,1,0,0,1,8,9,0,0,0,0,1,0,1,0,7,2,0,7,0,8,9,0,0,0,0,1,0,1,0,7,2,0,7,0,0,0,5,0,0,0,0,0,0,0,0,0,5,0,0,0,0,0,0,0,0
730,L30220,PlainOldJavaClassWithoutAnyTestsTestCase,org.junit.vintage.engine.samples.PlainOldJavaClassWithoutAnyTestsTestCase,L29917,L103,C:\Users\domco\Desktop\DP\repos\junit5\junit-vintage-engine\src\test\java\org\junit\vintage\engine\samples\PlainOldJavaClassWithoutAnyTestsTestCase.java,16,1,22,2,0.0,0,0,0,0.0,0.0,0,0,1,0,0,1,0,1,0,0,1,0.5,0.5,4,3,1,1,0.5,4,0,0,0,0,0,4,7,0,0,0,0,1,0,1,0,1,0,0,1,0,4,7,0,0,0,0,1,0,1,0,1,0,0,1,0,0,0,1,0,0,0,0,0,0,0,0,0,1,0,0,0,0,0,0,0,0
731,L30473,VintageTestEngineExecutionTests$DynamicSuiteRunner,org.junit.vintage.engine.VintageTestEngineExecutionTests$DynamicSuiteRunner,L30410,L103,C:\Users\domco\Desktop\DP\repos\junit5\junit-vintage-engine\src\test\java\org\junit\vintage\engine\VintageTestEngineExecutionTests.java,484,2,504,3,0.0,0,0,0,0.0,0.0,0,0,1,0,0,3,0,1,0,0,3,0.0,0.0,0,0,0,4,0.0,0,0,0,0,0,0,16,21,1,1,1,1,3,0,3,0,3,5,0,3,0,16,21,1,1,1,1,3,0,3,0,3,5,0,3,0,0,0,9,1,0,0,0,0,0,0,0,0,9,0,1,0,0,0,0,0,0
732,L30481,VintageTestEngineExecutionTests$DynamicTestClass,org.junit.vintage.engine.VintageTestEngineExecutionTests$DynamicTestClass,L30410,L103,C:\Users\domco\Desktop\DP\repos\junit5\junit-vintage-engine\src\test\java\org\junit\vintage\engine\VintageTestEngineExecutionTests.java,506,2,509,3,0.0,0,0,0,0.0,0.0,0,0,0,0,0,0,1,1,0,0,0,0.0,0.0,0,0,0,1,0.0,0,0,0,0,0,0,3,4,0,0,0,0,0,0,0,0,0,0,0,0,0,3,4,0,0,0,0,0,0,0,0,0,0,0,0,0,0,0,3,0,0,0,0,0,0,0,0,0,3,0,0,0,0,0,0,0,0
733,L30488,VintageTestEngineExecutionTests$MisbehavingChildlessRunner,org.junit.vintage.engine.VintageTestEngineExecutionTests$MisbehavingChildlessRunner,L30410,L103,C:\Users\domco\Desktop\DP\repos\junit5\junit-vintage-engine\src\test\java\org\junit\vintage\engine\VintageTestEngineExecutionTests.java,527,2,545,3,0.0,0,0,0,0.0,0.0,0,0,1,0,0,3,0,1,0,0,3,0.0,0.0,0,0,0,4,0.0,0,0,0,0,0,0,14,19,1,1,1,1,3,0,3,0,3,3,0,3,0,14,19,1,1,1,1,3,0,3,0,3,3,0,3,0,0,0,9,0,0,0,0,0,0,0,0,0,9,0,0,0,0,0,0,0,0
734,L30496,VintageTestEngineExecutionTests$MisbehavingChildTestClass,org.junit.vintage.engine.VintageTestEngineExecutionTests$MisbehavingChildTestClass,L30410,L103,C:\Users\domco\Desktop\DP\repos\junit5\junit-vintage-engine\src\test\java\org\junit\vintage\engine\VintageTestEngineExecutionTests.java,547,2,550,3,0.0,0,0,0,0.0,0.0,0,0,0,0,0,0,1,1,0,0,0,0.0,0.0,0,0,0,1,0.0,0,0,0,0,0,0,3,4,0,0,0,0,0,0,0,0,0,0,0,0,0,3,4,0,0,0,0,0,0,0,0,0,0,0,0,0,0,0,3,0,0,0,0,0,0,0,0,0,3,0,0,0,0,0,0,0,0
735,L4243,DisabledIfEnvironmentVariableConditionTests$1,org.junit.jupiter.api.condition.DisabledIfEnvironmentVariableConditionTests$1,L4235,L103,C:\Users\domco\Desktop\DP\repos\junit5\junit-jupiter-engine\src\test\java\org\junit\jupiter\api\condition\DisabledIfEnvironmentVariableConditionTests.java,35,99,41,3,0.0,0,0,0,0.0,0.0,0,0,0,0,0,2,2,0,0,0,1,0.0,0.0,0,0,0,1,0.0,0,3,3,0,0,1,6,7,1,2,0,1,1,0,0,0,3,1,0,1,0,6,7,1,2,0,1,1,0,0,0,3,1,0,1,0,0,0,5,0,0,0,0,0,0,0,0,0,5,0,0,0,0,0,0,0,0
736,L4443,EnabledIfEnvironmentVariableConditionTests$1,org.junit.jupiter.api.condition.EnabledIfEnvironmentVariableConditionTests$1,L4438,L103,C:\Users\domco\Desktop\DP\repos\junit5\junit-jupiter-engine\src\test\java\org\junit\jupiter\api\condition\EnabledIfEnvironmentVariableConditionTests.java,35,98,41,3,0.0,0,0,0,0.0,0.0,0,0,0,0,0,2,2,0,0,0,1,0.0,0.0,0,0,0,1,0.0,0,3,3,0,0,1,6,7,1,2,0,1,1,0,0,0,3,1,0,1,0,6,7,1,2,0,1,1,0,0,0,3,1,0,1,0,0,0,5,0,0,0,0,0,0,0,0,0,5,0,0,0,0,0,0,0,0
737,L4927,ExtensionContext$Namespace,org.junit.jupiter.api.extension.ExtensionContext$Namespace,L191,L103,C:\Users\domco\Desktop\DP\repos\junit5\junit-jupiter-api\src\main\java\org\junit\jupiter\api\extension\ExtensionContext.java,537,2,582,3,0.419048,1,3,1,0.23913,0.407407,11,11,1,1,1,7,1,21,16,2,6,0.5,0.425532,20,20,2,2,0.425532,20,0,0,0,0,0,27,46,2,0,2,0,4,1,3,0,4,11,1,3,0,27,46,2,0,2,0,4,1,3,0,4,11,1,3,0,0,0,22,0,1,0,11,1,0,0,0,0,7,0,0,0,0,0,0,4,0
738,L6948,ExtensionUtils$IsNonStaticExtensionField,org.junit.jupiter.engine.descriptor.ExtensionUtils$IsNonStaticExtensionField,L6935,L103,C:\Users\domco\Desktop\DP\repos\junit5\junit-jupiter-engine\src\main\java\org\junit\jupiter\engine\descriptor\ExtensionUtils.java,100,2,116,3,0.0,0,0,0,0.0,0.0,0,0,1,1,1,4,2,0,0,2,3,0.0,0.0625,1,0,0,2,0.0625,1,0,0,0,0,0,15,17,0,0,0,0,1,0,1,0,1,7,0,1,0,15,17,0,0,0,0,1,0,1,0,1,7,0,1,0,0,0,5,0,1,0,0,0,0,0,0,1,5,0,0,0,0,0,0,0,0
739,L6944,ExtensionUtils$IsStaticExtensionField,org.junit.jupiter.engine.descriptor.ExtensionUtils$IsStaticExtensionField,L6935,L103,C:\Users\domco\Desktop\DP\repos\junit5\junit-jupiter-engine\src\main\java\org\junit\jupiter\engine\descriptor\ExtensionUtils.java,118,2,134,3,0.0,0,0,0,0.0,0.0,0,0,1,1,1,4,2,0,0,2,3,0.0,0.0625,1,0,0,2,0.0625,1,0,0,0,0,0,15,17,0,0,0,0,1,0,1,0,1,7,0,1,0,15,17,0,0,0,0,1,0,1,0,1,7,0,1,0,0,0,5,0,1,0,0,0,0,0,0,1,5,0,0,0,0,0,0,0,0
740,L7507,ExtensionUtilsTests$DummyExtension,org.junit.jupiter.engine.descriptor.ExtensionUtilsTests$DummyExtension,L7499,L103,C:\Users\domco\Desktop\DP\repos\junit5\junit-jupiter-engine\src\test\java\org\junit\jupiter\engine\descriptor\ExtensionUtilsTests.java,81,2,82,3,0.0,0,0,0,0.0,0.0,0,0,0,0,0,0,1,0,0,0,0,0.0,0.0,0,0,0,1,0.0,0,1,1,0,0,1,2,2,0,0,0,0,0,0,0,0,0,0,0,0,0,2,2,0,0,0,0,0,0,0,0,0,0,0,0,0,0,0,3,0,0,0,0,0,0,0,0,0,3,0,0,0,0,0,0,0,0
741,L7612,JupiterTestDescriptorTests$AbstractTestCase,org.junit.jupiter.engine.descriptor.JupiterTestDescriptorTests$AbstractTestCase,L7527,L103,C:\Users\domco\Desktop\DP\repos\junit5\junit-jupiter-engine\src\test\java\org\junit\jupiter\engine\descriptor\JupiterTestDescriptorTests.java,228,2,230,3,0.0,0,0,0,0.0,0.0,0,0,0,0,0,0,1,1,0,0,0,0.0,0.0,0,0,0,1,0.0,0,0,0,1,1,0,3,3,0,0,0,0,0,0,0,0,0,0,0,0,0,3,3,0,0,0,0,0,0,0,0,0,0,0,0,0,0,0,3,0,1,1,0,0,0,0,0,0,3,0,0,0,0,0,0,0,0
742,L7537,JupiterTestDescriptorTests$TestCase,org.junit.jupiter.engine.descriptor.JupiterTestDescriptorTests$TestCase,L7527,L103,C:\Users\domco\Desktop\DP\repos\junit5\junit-jupiter-engine\src\test\java\org\junit\jupiter\engine\descriptor\JupiterTestDescriptorTests.java,232,2,268,3,0.0,0,0,0,0.0,0.0,0,0,8,0,0,8,5,1,0,0,8,0.0,0.0,0,0,0,1,0.0,0,1,1,0,0,1,28,37,0,0,0,0,8,0,0,0,8,0,0,0,0,28,37,0,0,0,0,8,0,0,0,8,0,0,0,0,0,0,20,1,20,5,0,8,1,0,0,0,19,8,0,0,0,0,0,0,0
743,L7545,JupiterTestDescriptorTests$TestCaseWithInvalidBeforeAllMethod,org.junit.jupiter.engine.descriptor.JupiterTestDescriptorTests$TestCaseWithInvalidBeforeAllMethod,L7527,L103,C:\Users\domco\Desktop\DP\repos\junit5\junit-jupiter-engine\src\test\java\org\junit\jupiter\engine\descriptor\JupiterTestDescriptorTests.java,270,2,281,3,0.0,0,0,0,0.0,0.0,0,0,2,0,0,2,2,1,0,0,2,0.0,0.111111,1,1,0,1,0.111111,1,0,0,0,0,0,8,12,0,0,0,0,2,0,0,0,2,0,0,0,0,8,12,0,0,0,0,2,0,0,0,2,0,0,0,0,0,0,6,1,4,1,0,2,1,0,0,0,5,2,0,0,0,0,0,0,0
744,L7549,JupiterTestDescriptorTests$TestCaseWithInvalidAfterAllMethod,org.junit.jupiter.engine.descriptor.JupiterTestDescriptorTests$TestCaseWithInvalidAfterAllMethod,L7527,L103,C:\Users\domco\Desktop\DP\repos\junit5\junit-jupiter-engine\src\test\java\org\junit\jupiter\engine\descriptor\JupiterTestDescriptorTests.java,283,2,294,3,0.0,0,0,0,0.0,0.0,0,0,2,0,0,2,2,1,0,0,2,0.0,0.111111,1,1,0,1,0.111111,1,0,0,0,0,0,8,12,0,0,0,0,2,0,0,0,2,0,0,0,0,8,12,0,0,0,0,2,0,0,0,2,0,0,0,0,0,0,6,1,4,1,0,2,1,0,0,0,5,2,0,0,0,0,0,0,0
745,L7553,JupiterTestDescriptorTests$TestCaseWithInvalidBeforeEachMethod,org.junit.jupiter.engine.descriptor.JupiterTestDescriptorTests$TestCaseWithInvalidBeforeEachMethod,L7527,L103,C:\Users\domco\Desktop\DP\repos\junit5\junit-jupiter-engine\src\test\java\org\junit\jupiter\engine\descriptor\JupiterTestDescriptorTests.java,296,2,307,3,0.0,0,0,0,0.0,0.0,0,0,2,0,0,2,2,1,0,0,2,0.0,0.111111,1,1,0,1,0.111111,1,0,0,0,0,0,8,12,0,0,0,0,2,0,0,0,2,0,0,0,0,8,12,0,0,0,0,2,0,0,0,2,0,0,0,0,0,0,6,1,4,1,0,2,1,0,0,0,5,2,0,0,0,0,0,0,0
746,L7557,JupiterTestDescriptorTests$TestCaseWithInvalidAfterEachMethod,org.junit.jupiter.engine.descriptor.JupiterTestDescriptorTests$TestCaseWithInvalidAfterEachMethod,L7527,L103,C:\Users\domco\Desktop\DP\repos\junit5\junit-jupiter-engine\src\test\java\org\junit\jupiter\engine\descriptor\JupiterTestDescriptorTests.java,309,2,320,3,0.0,0,0,0,0.0,0.0,0,0,2,0,0,2,2,1,0,0,2,0.0,0.111111,1,1,0,1,0.111111,1,0,0,0,0,0,8,12,0,0,0,0,2,0,0,0,2,0,0,0,0,8,12,0,0,0,0,2,0,0,0,2,0,0,0,0,0,0,6,1,4,1,0,2,1,0,0,0,5,2,0,0,0,0,0,0,0
747,L7601,JupiterTestDescriptorTests$NestedTestCase,org.junit.jupiter.engine.descriptor.JupiterTestDescriptorTests$NestedTestCase,L7527,L103,C:\Users\domco\Desktop\DP\repos\junit5\junit-jupiter-engine\src\test\java\org\junit\jupiter\engine\descriptor\JupiterTestDescriptorTests.java,322,2,324,3,0.0,0,0,0,0.0,0.0,0,0,0,0,0,0,1,1,0,0,0,0.0,0.0,0,0,0,1,0.0,0,0,0,0,0,0,3,3,0,0,0,0,0,0,0,0,0,0,0,0,0,3,3,0,0,0,0,0,0,0,0,0,0,0,0,0,0,0,3,0,0,0,0,0,0,0,0,0,3,0,0,0,0,0,0,0,0
748,L7604,JupiterTestDescriptorTests$StaticTestCase,org.junit.jupiter.engine.descriptor.JupiterTestDescriptorTests$StaticTestCase,L7527,L103,C:\Users\domco\Desktop\DP\repos\junit5\junit-jupiter-engine\src\test\java\org\junit\jupiter\engine\descriptor\JupiterTestDescriptorTests.java,326,2,330,3,0.0,0,0,0,0.0,0.0,0,0,0,0,0,0,0,1,0,0,0,0.0,0.0,0,0,0,1,0.0,0,0,0,0,0,0,2,3,0,0,0,0,0,0,0,0,0,0,0,0,0,4,5,0,0,0,0,0,0,0,0,0,0,0,0,0,0,0,6,0,0,0,0,0,0,0,0,0,6,0,0,0,0,0,0,0,0
749,L7653,JupiterTestDescriptorTests$AbstractTestBase,org.junit.jupiter.engine.descriptor.JupiterTestDescriptorTests$AbstractTestBase,L7527,L103,C:\Users\domco\Desktop\DP\repos\junit5\junit-jupiter-engine\src\test\java\org\junit\jupiter\engine\descriptor\JupiterTestDescriptorTests.java,332,2,337,3,0.0,0,0,0,0.0,0.0,0,0,1,0,0,1,1,1,0,0,1,0.0,0.0,0,0,0,2,0.0,0,0,0,1,1,0,5,6,0,0,0,0,1,0,1,0,1,0,0,1,0,5,6,0,0,0,0,1,0,1,0,1,0,0,1,0,0,0,5,2,2,2,0,1,0,0,0,0,5,1,0,0,0,0,0,0,0
750,L7585,JupiterTestDescriptorTests$ConcreteTest,org.junit.jupiter.engine.descriptor.JupiterTestDescriptorTests$ConcreteTest,L7527,L103,C:\Users\domco\Desktop\DP\repos\junit5\junit-jupiter-engine\src\test\java\org\junit\jupiter\engine\descriptor\JupiterTestDescriptorTests.java,339,2,340,3,0.0,0,0,0,0.0,0.0,0,0,0,0,0,0,1,1,0,0,0,0.0,0.0,0,0,0,1,0.0,0,1,1,0,0,1,2,2,0,0,0,0,0,0,0,0,1,0,0,1,0,2,2,0,0,0,0,0,0,0,0,1,0,0,1,0,0,0,3,0,0,0,0,0,0,0,0,0,3,0,0,0,0,0,0,0,0
751,L7712,Class1WithTestCases,org.junit.jupiter.engine.descriptor.subpackage.Class1WithTestCases,L7706,L103,C:\Users\domco\Desktop\DP\repos\junit5\junit-jupiter-engine\src\test\java\org\junit\jupiter\engine\descriptor\subpackage\Class1WithTestCases.java,18,1,24,2,0.0,0,0,0,0.0,0.0,0,0,1,0,0,1,1,1,0,0,1,1.0,0.375,3,3,1,0,0.375,3,0,0,0,0,0,5,7,0,0,0,0,1,0,0,0,1,0,0,0,0,5,7,0,0,0,0,1,0,0,0,1,0,0,0,0,0,0,2,1,2,1,0,1,0,0,0,0,2,1,0,0,0,0,0,0,0
752,L7716,Class2WithTestCases,org.junit.jupiter.engine.descriptor.subpackage.Class2WithTestCases,L7706,L103,C:\Users\domco\Desktop\DP\repos\junit5\junit-jupiter-engine\src\test\java\org\junit\jupiter\engine\descriptor\subpackage\Class2WithTestCases.java,18,1,24,2,0.0,0,0,0,0.0,0.0,0,0,1,0,0,1,1,1,0,0,1,1.0,0.375,3,3,1,0,0.375,3,0,0,0,0,0,5,7,0,0,0,0,1,0,0,0,1,0,0,0,0,5,7,0,0,0,0,1,0,0,0,1,0,0,0,0,0,0,2,1,2,1,0,1,0,0,0,0,2,1,0,0,0,0,0,0,0
753,L7720,ClassWithoutTestCases,org.junit.jupiter.engine.descriptor.subpackage.ClassWithoutTestCases,L7706,L103,C:\Users\domco\Desktop\DP\repos\junit5\junit-jupiter-engine\src\test\java\org\junit\jupiter\engine\descriptor\subpackage\ClassWithoutTestCases.java,16,1,17,2,0.0,0,0,0,0.0,0.0,0,0,0,0,0,0,0,0,0,0,0,1.0,0.6,3,3,1,0,0.6,3,0,0,0,0,0,2,2,0,0,0,0,0,0,0,0,0,0,0,0,0,2,2,0,0,0,0,0,0,0,0,0,0,0,0,0,0,0,0,0,0,0,0,0,0,0,0,0,0,0,0,0,0,0,0,0,0
754,L7723,ClassWithStaticInnerTestCases,org.junit.jupiter.engine.descriptor.subpackage.ClassWithStaticInnerTestCases,L7706,L103,C:\Users\domco\Desktop\DP\repos\junit5\junit-jupiter-engine\src\test\java\org\junit\jupiter\engine\descriptor\subpackage\ClassWithStaticInnerTestCases.java,18,1,35,2,0.0,0,0,0,0.0,0.0,0,0,0,0,0,0,0,1,0,0,0,1.0,0.6,3,3,1,0,0.1875,3,0,0,0,0,0,2,5,0,0,0,0,0,0,0,0,0,0,0,0,0,13,18,0,0,0,0,2,0,0,0,2,0,0,0,0,0,0,11,0,4,0,0,2,0,0,0,0,11,2,0,0,0,0,0,0,0
755,L7749,TestDescriptorBuilder$JupiterEngineDescriptorBuilder,org.junit.jupiter.engine.descriptor.TestDescriptorBuilder$JupiterEngineDescriptorBuilder,L7732,L103,C:\Users\domco\Desktop\DP\repos\junit5\junit-jupiter-engine\src\test\java\org\junit\jupiter\engine\descriptor\TestDescriptorBuilder.java,56,2,62,3,0.0,0,0,0,0.0,0.0,0,0,1,0,0,1,4,1,0,2,3,0.0,0.0,0,0,0,1,0.0,0,1,1,0,0,1,6,7,2,0,0,0,1,0,0,0,6,1,0,5,0,6,7,2,0,0,0,1,0,0,0,6,1,0,5,0,0,0,5,0,1,0,0,1,0,0,0,0,5,0,0,0,0,0,0,0,0
756,L7755,TestDescriptorBuilder$ClassTestDescriptorBuilder,org.junit.jupiter.engine.descriptor.TestDescriptorBuilder$ClassTestDescriptorBuilder,L7732,L103,C:\Users\domco\Desktop\DP\repos\junit5\junit-jupiter-engine\src\test\java\org\junit\jupiter\engine\descriptor\TestDescriptorBuilder.java,64,2,78,3,0.0,0,0,0,0.0,0.0,0,0,1,0,0,2,3,2,2,2,4,0.0,0.0,0,0,0,2,0.0,0,1,1,1,1,1,12,15,4,0,2,0,2,0,1,0,7,3,0,6,0,12,15,4,0,2,0,2,0,1,0,7,3,0,6,0,0,0,7,0,1,0,0,1,0,0,0,0,7,0,0,0,0,0,0,0,0
757,L7763,TestDescriptorBuilder$NestedClassTestDescriptorBuilder,org.junit.jupiter.engine.descriptor.TestDescriptorBuilder$NestedClassTestDescriptorBuilder,L7732,L103,C:\Users\domco\Desktop\DP\repos\junit5\junit-jupiter-engine\src\test\java\org\junit\jupiter\engine\descriptor\TestDescriptorBuilder.java,80,2,90,3,0.0,0,0,0,0.0,0.0,0,0,1,0,0,2,4,1,1,3,5,0.0,0.0,0,0,0,2,0.0,0,2,2,0,0,1,9,11,4,0,0,0,2,0,1,0,9,2,0,7,0,9,11,4,0,0,0,2,0,1,0,9,2,0,7,0,0,0,7,0,1,0,0,1,0,0,0,0,7,0,0,0,0,0,0,0,0
758,L7805,TestFactoryTestDescriptorTests$TestSources,org.junit.jupiter.engine.descriptor.TestFactoryTestDescriptorTests$TestSources,L7802,L103,C:\Users\domco\Desktop\DP\repos\junit5\junit-jupiter-engine\src\test\java\org\junit\jupiter\engine\descriptor\TestFactoryTestDescriptorTests.java,51,2,108,3,0.0,0,0,0,0.0,0.0,0,0,4,0,0,4,9,0,0,8,12,1.0,0.0612245,3,3,1,0,0.0612245,3,0,0,0,0,0,46,58,0,0,0,0,4,0,0,0,4,31,0,0,0,46,58,0,0,0,0,4,0,0,0,4,31,0,0,0,0,0,11,0,8,4,0,4,1,0,0,0,10,0,0,0,0,0,0,0,0
759,L7853,TestFactoryTestDescriptorTests$Streams,org.junit.jupiter.engine.descriptor.TestFactoryTestDescriptorTests$Streams,L7802,L103,C:\Users\domco\Desktop\DP\repos\junit5\junit-jupiter-engine\src\test\java\org\junit\jupiter\engine\descriptor\TestFactoryTestDescriptorTests.java,110,2,157,3,0.0,0,0,0,0.0,0.0,0,0,1,0,0,4,15,0,0,13,17,0.0,0.0,0,0,0,1,0.0,0,0,0,0,0,0,36,48,4,0,4,0,4,0,0,0,4,16,0,0,0,36,48,4,0,4,0,4,0,0,0,4,16,0,0,0,0,0,12,1,3,0,0,3,0,0,1,1,11,0,0,0,0,0,0,0,0
760,L7867,TestFactoryTestDescriptorTests$CustomStreamTestCase,org.junit.jupiter.engine.descriptor.TestFactoryTestDescriptorTests$CustomStreamTestCase,L7802,L103,C:\Users\domco\Desktop\DP\repos\junit5\junit-jupiter-engine\src\test\java\org\junit\jupiter\engine\descriptor\TestFactoryTestDescriptorTests.java,159,2,171,3,0.0,0,0,0,0.0,0.0,0,0,1,0,0,2,1,1,1,0,2,0.0,0.0,0,0,0,1,0.0,0,0,0,0,0,0,10,13,1,0,1,0,2,0,0,0,2,2,0,0,0,10,13,1,0,1,0,2,0,0,0,2,2,0,0,0,0,0,7,0,1,0,0,1,0,0,0,0,7,0,0,0,0,0,0,0,0
761,L7910,TestInstanceLifecycleUtilsTests$TestCase,org.junit.jupiter.engine.descriptor.TestInstanceLifecycleUtilsTests$TestCase,L7892,L103,C:\Users\domco\Desktop\DP\repos\junit5\junit-jupiter-engine\src\test\java\org\junit\jupiter\engine\descriptor\TestInstanceLifecycleUtilsTests.java,133,2,135,3,0.0,0,0,0,0.0,0.0,0,0,0,0,0,0,1,1,0,0,0,0.0,0.0,0,0,0,1,0.0,0,0,0,0,0,0,3,3,0,0,0,0,0,0,0,0,0,0,0,0,0,3,3,0,0,0,0,0,0,0,0,0,0,0,0,0,0,0,3,0,1,0,0,1,0,0,0,0,3,0,0,0,0,0,0,0,0
762,L7914,TestInstanceLifecycleUtilsTests$BaseMetaAnnotatedTestCase,org.junit.jupiter.engine.descriptor.TestInstanceLifecycleUtilsTests$BaseMetaAnnotatedTestCase,L7892,L103,C:\Users\domco\Desktop\DP\repos\junit5\junit-jupiter-engine\src\test\java\org\junit\jupiter\engine\descriptor\TestInstanceLifecycleUtilsTests.java,144,2,146,3,0.0,0,0,0,0.0,0.0,0,0,0,0,0,0,1,2,0,0,0,0.0,0.0,0,0,0,1,0.0,0,0,0,1,1,0,3,3,0,0,0,0,0,0,0,0,0,0,0,0,0,3,3,0,0,0,0,0,0,0,0,0,0,0,0,0,0,0,3,0,0,0,0,0,0,0,0,0,3,0,0,0,0,0,0,0,0
763,L7918,TestInstanceLifecycleUtilsTests$SpecializedTestCase,org.junit.jupiter.engine.descriptor.TestInstanceLifecycleUtilsTests$SpecializedTestCase,L7892,L103,C:\Users\domco\Desktop\DP\repos\junit5\junit-jupiter-engine\src\test\java\org\junit\jupiter\engine\descriptor\TestInstanceLifecycleUtilsTests.java,148,2,149,3,0.0,0,0,0,0.0,0.0,0,0,0,0,0,0,1,1,0,0,0,0.0,0.0,0,0,0,1,0.0,0,1,1,0,0,1,2,2,0,0,0,0,0,0,0,0,0,0,0,0,0,2,2,0,0,0,0,0,0,0,0,0,0,0,0,0,0,0,3,0,0,0,0,0,0,0,0,0,3,0,0,0,0,0,0,0,0
764,L7937,TestTemplateTestDescriptorTests$MyTestCase,org.junit.jupiter.engine.descriptor.TestTemplateTestDescriptorTests$MyTestCase,L7928,L103,C:\Users\domco\Desktop\DP\repos\junit5\junit-jupiter-engine\src\test\java\org\junit\jupiter\engine\descriptor\TestTemplateTestDescriptorTests.java,63,2,70,3,0.0,0,0,0,0.0,0.0,0,0,1,0,0,1,2,1,0,0,1,0.0,0.0,0,0,0,1,0.0,0,0,0,0,0,0,7,8,0,0,0,0,1,0,0,0,1,0,0,0,0,7,8,0,0,0,0,1,0,0,0,1,0,0,0,0,0,0,5,0,2,0,0,1,0,0,0,0,5,1,0,0,0,0,0,0,0
765,L8162,IsInnerClass,org.junit.jupiter.engine.discovery.predicates.IsInnerClass,L8356,L103,C:\Users\domco\Desktop\DP\repos\junit5\junit-jupiter-engine\src\main\java\org\junit\jupiter\engine\discovery\predicates\IsInnerClass.java,26,1,42,2,0.0,0,0,0,0.0,0.0,0,0,1,1,1,3,1,2,2,2,3,0.5,0.315789,6,5,1,1,0.315789,6,0,0,0,0,0,13,17,0,0,0,0,1,0,1,0,1,5,0,1,0,13,17,0,0,0,0,1,0,1,0,1,5,0,1,0,0,0,3,0,1,0,0,0,0,0,0,1,3,0,0,0,0,0,0,0,0
766,L8330,IsNestedTestClass,org.junit.jupiter.engine.discovery.predicates.IsNestedTestClass,L8356,L103,C:\Users\domco\Desktop\DP\repos\junit5\junit-jupiter-engine\src\main\java\org\junit\jupiter\engine\discovery\predicates\IsNestedTestClass.java,26,1,40,2,0.0,0,0,0,0.0,0.0,0,0,1,1,1,2,3,2,1,2,3,0.5,0.352941,6,5,1,1,0.352941,6,0,0,0,0,0,11,15,1,0,1,0,1,0,1,0,1,3,0,1,0,11,15,1,0,1,0,1,0,1,0,1,3,0,1,0,0,0,3,0,0,0,0,0,0,0,0,0,3,0,0,0,0,0,0,0,0
767,L8392,IsPotentialTestContainer,org.junit.jupiter.engine.discovery.predicates.IsPotentialTestContainer,L8356,L103,C:\Users\domco\Desktop\DP\repos\junit5\junit-jupiter-engine\src\main\java\org\junit\jupiter\engine\discovery\predicates\IsPotentialTestContainer.java,28,1,49,2,0.0,0,0,0,0.0,0.0,0,0,1,1,1,5,1,3,7,3,4,0.5,0.269231,7,6,1,1,0.269231,7,0,0,0,0,0,19,22,0,0,0,0,1,0,1,0,1,9,0,1,0,19,22,0,0,0,0,1,0,1,0,1,9,0,1,0,0,0,3,0,0,0,0,0,0,0,0,0,3,0,0,0,0,0,0,0,0
768,L8403,IsTestableMethod,org.junit.jupiter.engine.discovery.predicates.IsTestableMethod,L8356,L103,C:\Users\domco\Desktop\DP\repos\junit5\junit-jupiter-engine\src\main\java\org\junit\jupiter\engine\discovery\predicates\IsTestableMethod.java,26,1,55,2,0.0,0,0,0,0.0,0.0,0,0,1,1,1,6,2,3,3,5,7,0.5,0.142857,4,3,1,1,0.142857,4,0,0,3,3,0,24,30,2,0,2,0,2,0,1,0,2,11,0,1,0,24,30,2,0,2,0,2,0,1,0,2,11,0,1,0,0,0,7,0,0,0,0,0,0,0,0,0,7,0,0,0,0,0,0,0,0
769,L8057,IsTestClassWithTests,org.junit.jupiter.engine.discovery.predicates.IsTestClassWithTests,L8356,L103,C:\Users\domco\Desktop\DP\repos\junit5\junit-jupiter-engine\src\main\java\org\junit\jupiter\engine\discovery\predicates\IsTestClassWithTests.java,27,1,57,2,0.0,0,0,0,0.0,0.0,0,0,1,0,0,5,6,1,0,3,6,0.5,0.222222,6,6,1,1,0.222222,6,0,0,0,0,0,21,31,6,0,6,0,3,0,1,0,3,3,0,1,0,21,31,6,0,6,0,3,0,1,0,3,3,0,1,0,0,0,10,0,0,0,0,0,0,0,0,0,9,0,0,0,0,0,0,1,0
770,L8423,IsTestFactoryMethod,org.junit.jupiter.engine.discovery.predicates.IsTestFactoryMethod,L8356,L103,C:\Users\domco\Desktop\DP\repos\junit5\junit-jupiter-engine\src\main\java\org\junit\jupiter\engine\discovery\predicates\IsTestFactoryMethod.java,26,1,33,2,0.0,0,0,0,0.0,0.0,0,0,0,0,0,1,2,1,0,1,2,0.5,0.571429,8,8,1,1,0.571429,8,1,1,0,0,1,6,8,2,0,0,0,1,0,1,0,3,1,0,2,0,6,8,2,0,0,0,1,0,1,0,3,1,0,2,0,0,0,3,0,0,0,0,0,0,0,0,0,3,0,0,0,0,0,0,0,0
771,L8419,IsTestMethod,org.junit.jupiter.engine.discovery.predicates.IsTestMethod,L8356,L103,C:\Users\domco\Desktop\DP\repos\junit5\junit-jupiter-engine\src\main\java\org\junit\jupiter\engine\discovery\predicates\IsTestMethod.java,23,1,30,2,0.0,0,0,0,0.0,0.0,0,0,0,0,0,1,2,1,0,1,2,0.5,0.454545,5,5,1,1,0.454545,5,1,1,0,0,1,6,8,2,0,0,0,1,0,1,0,3,1,0,2,0,6,8,2,0,0,0,1,0,1,0,3,1,0,2,0,0,0,3,0,0,0,0,0,0,0,0,0,3,0,0,0,0,0,0,0,0
772,L8427,IsTestTemplateMethod,org.junit.jupiter.engine.discovery.predicates.IsTestTemplateMethod,L8356,L103,C:\Users\domco\Desktop\DP\repos\junit5\junit-jupiter-engine\src\main\java\org\junit\jupiter\engine\discovery\predicates\IsTestTemplateMethod.java,23,1,30,2,0.0,0,0,0,0.0,0.0,0,0,0,0,0,1,2,2,0,1,2,0.5,0.454545,5,5,1,1,0.454545,5,1,1,0,0,1,6,8,2,0,0,0,1,0,1,0,3,1,0,2,0,6,8,2,0,0,0,1,0,1,0,3,1,0,2,0,0,0,3,0,0,0,0,0,0,0,0,0,3,0,0,0,0,0,0,0,0
773,L8463,IsInnerClassTests,org.junit.jupiter.engine.discovery.predicates.IsInnerClassTests,L8356,L103,C:\Users\domco\Desktop\DP\repos\junit5\junit-jupiter-engine\src\test\java\org\junit\jupiter\engine\discovery\predicates\IsInnerClassTests.java,22,1,54,2,0.0,0,0,0,0.0,0.0,0,0,1,0,0,3,5,0,0,0,3,1.0,0.166667,3,3,1,0,0.115385,3,0,0,0,0,0,15,21,1,0,1,0,3,0,0,0,3,3,0,0,0,23,33,1,0,1,0,3,0,0,0,3,3,0,0,0,0,0,20,0,3,0,0,3,0,0,0,0,20,0,0,0,0,0,0,0,0
774,L8487,IsNestedTestClassTests,org.junit.jupiter.engine.discovery.predicates.IsNestedTestClassTests,L8356,L103,C:\Users\domco\Desktop\DP\repos\junit5\junit-jupiter-engine\src\test\java\org\junit\jupiter\engine\discovery\predicates\IsNestedTestClassTests.java,23,1,58,2,0.0,0,0,0,0.0,0.0,0,0,1,0,0,3,5,0,0,0,3,1.0,0.166667,3,3,1,0,0.103448,3,0,0,0,0,0,15,21,1,0,1,0,3,0,0,0,3,3,0,0,0,26,36,1,0,1,0,3,0,0,0,3,3,0,0,0,0,0,20,0,3,0,0,3,0,0,0,0,20,0,0,0,0,0,0,0,0
775,L8511,IsPotentialTestContainerTests,org.junit.jupiter.engine.discovery.predicates.IsPotentialTestContainerTests,L8356,L103,C:\Users\domco\Desktop\DP\repos\junit5\junit-jupiter-engine\src\test\java\org\junit\jupiter\engine\discovery\predicates\IsPotentialTestContainerTests.java,21,1,68,2,0.0,0,0,0,0.0,0.0,0,0,1,0,0,5,7,0,0,3,8,1.0,0.107143,3,3,1,0,0.0789474,3,0,0,0,0,0,25,38,1,0,1,0,5,0,0,0,5,6,0,0,0,35,48,1,0,1,0,6,0,1,0,6,7,0,1,0,0,0,26,0,10,5,0,5,0,0,0,0,26,0,0,0,0,0,0,0,0
776,L8525,AbstractClass,org.junit.jupiter.engine.discovery.predicates.AbstractClass,L8356,L103,C:\Users\domco\Desktop\DP\repos\junit5\junit-jupiter-engine\src\test\java\org\junit\jupiter\engine\discovery\predicates\IsPotentialTestContainerTests.java,70,1,71,2,0.0,0,0,0,0.0,0.0,0,0,0,0,0,0,0,1,0,0,0,0.0,0.0,0,0,0,1,0.0,0,0,0,0,0,0,2,2,0,0,0,0,0,0,0,0,0,0,0,0,0,2,2,0,0,0,0,0,0,0,0,0,0,0,0,0,0,0,3,0,1,1,0,0,0,0,0,0,3,0,0,0,0,0,0,0,0
777,L8541,IsTestClassWithTestsTests,org.junit.jupiter.engine.discovery.predicates.IsTestClassWithTestsTests,L8356,L103,C:\Users\domco\Desktop\DP\repos\junit5\junit-jupiter-engine\src\test\java\org\junit\jupiter\engine\discovery\predicates\IsTestClassWithTestsTests.java,31,1,146,2,0.0,0,0,0,0.0,0.0,0,0,1,0,0,10,12,0,0,2,12,1.0,0.122449,6,6,1,0,0.0909091,8,0,0,0,0,0,43,67,1,0,1,0,10,0,0,0,10,10,0,0,0,80,116,1,0,1,0,17,0,0,0,17,11,0,0,0,0,0,57,5,33,15,0,17,1,0,1,0,55,6,0,0,0,0,0,0,0
778,L8547,ClassWithTestMethod,org.junit.jupiter.engine.discovery.predicates.ClassWithTestMethod,L8356,L103,C:\Users\domco\Desktop\DP\repos\junit5\junit-jupiter-engine\src\test\java\org\junit\jupiter\engine\discovery\predicates\IsTestClassWithTestsTests.java,150,1,156,2,0.0,0,0,0,0.0,0.0,0,0,1,0,0,1,1,1,0,0,1,1.0,0.166667,1,1,1,0,0.166667,1,0,0,0,0,0,5,7,0,0,0,0,1,0,0,0,1,0,0,0,0,5,7,0,0,0,0,1,0,0,0,1,0,0,0,0,0,0,4,1,2,1,0,1,0,0,0,0,4,1,0,0,0,0,0,0,0
779,L8551,ClassWithTestFactory,org.junit.jupiter.engine.discovery.predicates.ClassWithTestFactory,L8356,L103,C:\Users\domco\Desktop\DP\repos\junit5\junit-jupiter-engine\src\test\java\org\junit\jupiter\engine\discovery\predicates\IsTestClassWithTestsTests.java,158,1,165,2,0.0,0,0,0,0.0,0.0,0,0,1,0,0,1,2,1,0,0,1,0.0,0.0,0,0,0,1,0.0,0,0,0,0,0,0,6,8,0,0,0,0,1,0,0,0,1,1,0,0,0,6,8,0,0,0,0,1,0,0,0,1,1,0,0,0,0,0,5,0,2,0,0,1,0,0,0,0,5,0,1,0,0,0,0,0,0
780,L8555,ClassWithTestTemplate,org.junit.jupiter.engine.discovery.predicates.ClassWithTestTemplate,L8356,L103,C:\Users\domco\Desktop\DP\repos\junit5\junit-jupiter-engine\src\test\java\org\junit\jupiter\engine\discovery\predicates\IsTestClassWithTestsTests.java,167,1,173,2,0.0,0,0,0,0.0,0.0,0,0,1,0,0,1,1,1,0,0,1,0.0,0.0,0,0,0,1,0.0,0,0,0,0,0,0,5,7,0,0,0,0,1,0,0,0,1,0,0,0,0,5,7,0,0,0,0,1,0,0,0,1,0,0,0,0,0,0,5,0,3,0,0,1,0,0,0,0,5,1,1,0,0,0,0,0,0
781,L8559,ClassWithNestedTestClass,org.junit.jupiter.engine.discovery.predicates.ClassWithNestedTestClass,L8356,L103,C:\Users\domco\Desktop\DP\repos\junit5\junit-jupiter-engine\src\test\java\org\junit\jupiter\engine\discovery\predicates\IsTestClassWithTestsTests.java,175,1,189,2,0.0,0,0,0,0.0,0.0,0,0,0,0,0,0,0,1,0,0,0,0.0,0.0,0,0,0,1,0.0,0,0,0,0,0,0,2,3,0,0,0,0,0,0,0,0,0,0,0,0,0,11,15,0,0,0,0,2,0,0,0,2,0,0,0,0,0,0,11,2,5,2,0,2,1,0,0,0,10,2,1,0,0,0,0,0,0
782,L8621,IsTestFactoryMethodTests,org.junit.jupiter.engine.discovery.predicates.IsTestFactoryMethodTests,L8356,L103,C:\Users\domco\Desktop\DP\repos\junit5\junit-jupiter-engine\src\test\java\org\junit\jupiter\engine\discovery\predicates\IsTestFactoryMethodTests.java,31,1,86,2,0.0,0,0,0,0.0,0.0,0,0,1,0,0,5,4,0,0,1,6,1.0,0.225806,7,7,1,0,0.145833,7,0,0,0,0,0,24,34,1,0,1,0,5,0,0,0,5,5,0,0,0,41,56,1,0,1,0,9,0,0,0,9,8,0,0,0,0,0,24,0,9,0,0,8,1,0,0,0,23,1,0,0,0,0,0,0,0
783,L8646,IsTestMethodTests,org.junit.jupiter.engine.discovery.predicates.IsTestMethodTests,L8356,L103,C:\Users\domco\Desktop\DP\repos\junit5\junit-jupiter-engine\src\test\java\org\junit\jupiter\engine\discovery\predicates\IsTestMethodTests.java,28,1,146,2,0.0,0,0,0,0.0,0.0,0,0,1,0,0,12,6,0,0,3,15,1.0,0.116667,7,5,1,0,0.0729167,7,0,0,0,0,0,53,71,1,0,1,0,12,0,0,0,12,16,0,0,0,89,119,1,0,1,0,22,0,2,0,22,19,0,2,0,0,0,53,8,26,12,0,16,1,0,0,0,52,6,0,0,0,0,0,0,0
784,L8690,IsTestTemplateMethodTests,org.junit.jupiter.engine.discovery.predicates.IsTestTemplateMethodTests,L8356,L103,C:\Users\domco\Desktop\DP\repos\junit5\junit-jupiter-engine\src\test\java\org\junit\jupiter\engine\discovery\predicates\IsTestTemplateMethodTests.java,26,1,57,2,0.0,0,0,0,0.0,0.0,0,0,1,0,0,3,4,0,0,1,4,1.0,0.263158,5,5,1,0,0.178571,5,0,0,0,0,0,14,20,1,0,1,0,3,0,0,0,3,3,0,0,0,23,32,1,0,1,0,5,0,0,0,5,4,0,0,0,0,0,15,0,5,0,0,4,1,0,0,0,14,1,0,0,0,0,0,0,0
785,L8780,DiscoveryFilterApplierTests$MatchingClass,org.junit.jupiter.engine.discovery.DiscoveryFilterApplierTests$MatchingClass,L8772,L103,C:\Users\domco\Desktop\DP\repos\junit5\junit-jupiter-engine\src\test\java\org\junit\jupiter\engine\discovery\DiscoveryFilterApplierTests.java,148,2,152,3,0.0,0,0,0,0.0,0.0,0,0,0,0,0,0,0,1,0,0,0,0.0,0.0,0,0,0,1,0.0,0,0,0,0,0,0,2,2,0,0,0,0,0,0,0,0,0,0,0,0,0,5,5,0,0,0,0,0,0,0,0,0,0,0,0,0,0,0,6,0,0,0,0,0,0,0,0,0,6,0,0,0,0,0,0,0,0
786,L8795,DiscoveryFilterApplierTests$OtherClass,org.junit.jupiter.engine.discovery.DiscoveryFilterApplierTests$OtherClass,L8772,L103,C:\Users\domco\Desktop\DP\repos\junit5\junit-jupiter-engine\src\test\java\org\junit\jupiter\engine\discovery\DiscoveryFilterApplierTests.java,154,2,155,3,0.0,0,0,0,0.0,0.0,0,0,0,0,0,0,0,1,0,0,0,0.0,0.0,0,0,0,1,0.0,0,0,0,0,0,0,2,2,0,0,0,0,0,0,0,0,0,0,0,0,0,2,2,0,0,0,0,0,0,0,0,0,0,0,0,0,0,0,3,0,0,0,0,0,0,0,0,0,3,0,0,0,0,0,0,0,0
787,L8877,OtherTestClass$NestedTestClass,org.junit.jupiter.engine.discovery.OtherTestClass$NestedTestClass,L8880,L103,C:\Users\domco\Desktop\DP\repos\junit5\junit-jupiter-engine\src\test\java\org\junit\jupiter\engine\discovery\DiscoverySelectorResolverTests.java,779,2,788,3,0.0,0,0,0,0.0,0.0,0,0,2,0,0,2,1,1,0,0,2,0.0,0.0,0,0,0,1,0.0,0,0,0,0,0,0,8,10,0,0,0,0,2,0,0,0,2,0,0,0,0,8,10,0,0,0,0,2,0,0,0,2,0,0,0,0,0,0,8,2,4,2,0,2,1,0,0,0,7,2,0,0,0,0,0,0,0
788,L8982,TestCaseWithNesting$NestedTestCase,org.junit.jupiter.engine.discovery.TestCaseWithNesting$NestedTestCase,L8979,L103,C:\Users\domco\Desktop\DP\repos\junit5\junit-jupiter-engine\src\test\java\org\junit\jupiter\engine\discovery\DiscoverySelectorResolverTests.java,797,2,811,3,0.0,0,0,0,0.0,0.0,0,0,1,0,0,1,2,1,0,0,1,0.0,0.0,0,0,0,1,0.0,0,0,0,0,0,0,6,8,0,0,0,0,1,0,0,0,1,0,0,0,0,12,15,0,0,0,0,2,0,0,0,2,0,0,0,0,0,0,10,2,4,2,0,2,0,0,0,0,10,2,0,0,0,0,0,0,0
789,L9072,DiscoveryTests$AbstractTestCase,org.junit.jupiter.engine.discovery.DiscoveryTests$AbstractTestCase,L9057,L103,C:\Users\domco\Desktop\DP\repos\junit5\junit-jupiter-engine\src\test\java\org\junit\jupiter\engine\discovery\DiscoveryTests.java,130,2,136,3,0.0,0,0,0,0.0,0.0,0,0,1,0,0,1,1,1,0,0,1,1.0,0.166667,1,1,1,0,0.166667,1,0,0,0,0,0,5,7,0,0,0,0,1,0,0,0,1,0,0,0,0,5,7,0,0,0,0,1,0,0,0,1,0,0,0,0,0,0,4,2,3,2,0,2,0,0,0,0,4,1,0,0,0,0,0,0,0
790,L9066,DiscoveryTests$LocalTestCase,org.junit.jupiter.engine.discovery.DiscoveryTests$LocalTestCase,L9057,L103,C:\Users\domco\Desktop\DP\repos\junit5\junit-jupiter-engine\src\test\java\org\junit\jupiter\engine\discovery\DiscoveryTests.java,138,2,165,3,0.0,0,0,0,0.0,0.0,0,0,6,0,0,6,3,1,0,0,6,0.0,0.047619,1,0,0,1,0.047619,1,0,0,0,0,0,20,28,0,0,0,0,6,0,0,0,6,0,0,0,0,20,28,0,0,0,0,6,0,0,0,6,0,0,0,0,0,0,14,5,11,5,0,6,1,0,0,0,13,5,0,0,0,0,0,0,0
791,L9082,DiscoveryTests$TestTemplateClass,org.junit.jupiter.engine.discovery.DiscoveryTests$TestTemplateClass,L9057,L103,C:\Users\domco\Desktop\DP\repos\junit5\junit-jupiter-engine\src\test\java\org\junit\jupiter\engine\discovery\DiscoveryTests.java,172,2,178,3,0.0,0,0,0,0.0,0.0,0,0,1,0,0,1,1,1,0,0,1,0.0,0.0,0,0,0,1,0.0,0,0,0,0,0,0,5,7,0,0,0,0,1,0,0,0,1,0,0,0,0,5,7,0,0,0,0,1,0,0,0,1,0,0,0,0,0,0,5,0,2,0,0,1,0,0,0,0,5,1,0,0,0,0,0,0,0
792,L9325,ExtensionValuesStore$CompositeKey,org.junit.jupiter.engine.execution.ExtensionValuesStore$CompositeKey,L6388,L103,C:\Users\domco\Desktop\DP\repos\junit5\junit-jupiter-engine\src\main\java\org\junit\jupiter\engine\execution\ExtensionValuesStore.java,138,2,165,3,0.0,0,0,0,0.0,0.0,0,0,1,1,1,7,1,1,4,1,4,0.0,0.0,0,0,0,3,0.0,0,0,0,0,0,0,23,28,2,0,2,0,3,0,2,0,3,9,0,2,0,23,28,2,0,2,0,3,0,2,0,3,9,0,2,0,0,0,9,0,0,0,0,0,0,0,0,0,9,0,0,0,0,0,0,0,0
793,L9376,ExtensionValuesStore$MemoizingSupplier,org.junit.jupiter.engine.execution.ExtensionValuesStore$MemoizingSupplier,L6388,L103,C:\Users\domco\Desktop\DP\repos\junit5\junit-jupiter-engine\src\main\java\org\junit\jupiter\engine\execution\ExtensionValuesStore.java,167,2,195,3,0.0,0,0,0,0.0,0.0,0,0,1,3,3,4,0,1,1,0,2,0.0,0.0,0,0,0,2,0.0,0,0,0,0,0,0,24,29,4,0,4,0,2,0,1,0,2,8,0,1,0,24,29,4,0,4,0,2,0,1,0,2,8,0,1,0,0,0,7,0,0,0,0,0,0,0,0,0,7,0,0,0,0,0,0,0,0
794,L9466,JupiterEngineExecutionContext$State,org.junit.jupiter.engine.execution.JupiterEngineExecutionContext$State,L6590,L103,C:\Users\domco\Desktop\DP\repos\junit5\junit-jupiter-engine\src\main\java\org\junit\jupiter\engine\execution\JupiterEngineExecutionContext.java,123,2,147,3,0.0,0,0,0,0.0,0.0,0,0,1,1,1,3,7,2,2,1,3,0.0,0.0,0,0,0,2,0.0,0,0,0,0,0,0,21,25,6,0,6,0,2,0,1,0,2,5,0,1,0,21,25,6,0,6,0,2,0,1,0,2,5,0,1,0,0,0,8,0,6,0,0,6,0,0,0,0,7,0,0,0,0,0,0,1,0
795,L9505,JupiterEngineExecutionContext$Builder,org.junit.jupiter.engine.execution.JupiterEngineExecutionContext$Builder,L6590,L103,C:\Users\domco\Desktop\DP\repos\junit5\junit-jupiter-engine\src\main\java\org\junit\jupiter\engine\execution\JupiterEngineExecutionContext.java,149,2,193,3,0.0,0,0,0,0.0,0.0,0,0,1,1,1,9,6,8,10,2,9,0.0,0.0,0,0,0,6,0.0,0,0,0,0,0,0,36,45,2,0,2,0,7,0,5,0,7,16,0,5,0,36,45,2,0,2,0,7,0,5,0,7,16,0,5,0,0,0,17,0,2,0,0,0,0,0,0,0,17,0,1,0,0,1,0,0,0
796,L9660,ExecutableInvokerTests$ArgumentRecordingParameterResolver,org.junit.jupiter.engine.execution.ExecutableInvokerTests$ArgumentRecordingParameterResolver,L9584,L103,C:\Users\domco\Desktop\DP\repos\junit5\junit-jupiter-engine\src\test\java\org\junit\jupiter\engine\execution\ExecutableInvokerTests.java,309,2,336,3,0.0,0,0,0,0.0,0.0,0,0,2,0,0,2,4,1,0,1,3,0.333333,0.0666667,1,1,1,2,0.0434783,1,2,2,0,0,1,14,18,2,0,2,0,2,0,2,0,2,4,0,2,0,22,28,4,0,4,0,3,0,2,0,3,6,0,2,0,0,0,13,0,4,0,0,4,1,0,0,0,12,0,0,0,0,0,0,0,0
797,L9684,ExecutableInvokerTests$ConfigurableParameterResolver,org.junit.jupiter.engine.execution.ExecutableInvokerTests$ConfigurableParameterResolver,L9584,L103,C:\Users\domco\Desktop\DP\repos\junit5\junit-jupiter-engine\src\test\java\org\junit\jupiter\engine\execution\ExecutableInvokerTests.java,338,2,376,3,0.0,0,0,0,0.0,0.0,0,0,1,0,0,6,3,1,4,0,6,0.0,0.0,0,0,0,3,0.0,0,2,2,0,0,1,29,39,2,0,2,0,6,0,2,0,6,7,0,2,0,29,39,2,0,2,0,6,0,2,0,6,7,0,2,0,0,0,15,0,5,0,0,5,0,0,0,0,15,0,0,0,0,0,0,0,0
798,L9600,ExecutableInvokerTests$StringParameterResolver,org.junit.jupiter.engine.execution.ExecutableInvokerTests$StringParameterResolver,L9584,L103,C:\Users\domco\Desktop\DP\repos\junit5\junit-jupiter-engine\src\test\java\org\junit\jupiter\engine\execution\ExecutableInvokerTests.java,389,2,400,3,0.0,0,0,0,0.0,0.0,0,0,2,0,0,2,4,1,0,1,3,0.0,0.0,0,0,0,3,0.0,0,2,2,0,0,1,10,12,0,0,0,0,2,0,2,0,2,2,0,2,0,10,12,0,0,0,0,2,0,2,0,2,2,0,2,0,0,0,8,0,0,0,0,0,1,0,0,0,7,0,0,0,0,0,0,0,0
799,L9605,ExecutableInvokerTests$NumberParameterResolver,org.junit.jupiter.engine.execution.ExecutableInvokerTests$NumberParameterResolver,L9584,L103,C:\Users\domco\Desktop\DP\repos\junit5\junit-jupiter-engine\src\test\java\org\junit\jupiter\engine\execution\ExecutableInvokerTests.java,402,2,413,3,0.0,0,0,0,0.0,0.0,0,0,2,0,0,2,3,1,0,1,3,0.0,0.0,0,0,0,3,0.0,0,2,2,0,0,1,10,12,0,0,0,0,2,0,2,0,2,2,0,2,0,10,12,0,0,0,0,2,0,2,0,2,2,0,2,0,0,0,8,0,0,0,0,0,1,0,0,0,7,0,0,0,0,0,0,0,0
800,L9611,ExecutableInvokerTests$ConstructorInjectionTestCase,org.junit.jupiter.engine.execution.ExecutableInvokerTests$ConstructorInjectionTestCase,L9584,L103,C:\Users\domco\Desktop\DP\repos\junit5\junit-jupiter-engine\src\test\java\org\junit\jupiter\engine\execution\ExecutableInvokerTests.java,415,2,433,3,0.0,0,0,0,0.0,0.0,0,0,0,0,0,1,0,1,0,0,1,0.0,0.0,0,0,0,1,0.0,0,0,0,0,0,0,7,10,1,0,1,0,1,0,0,0,1,1,0,0,0,14,19,2,0,2,0,2,0,0,0,2,2,0,0,0,0,0,10,0,2,0,0,2,0,0,0,0,10,0,0,0,0,0,0,0,0
801,L9793,ExtensionContextTests$OuterClass,org.junit.jupiter.engine.execution.ExtensionContextTests$OuterClass,L9776,L103,C:\Users\domco\Desktop\DP\repos\junit5\junit-jupiter-engine\src\test\java\org\junit\jupiter\engine\execution\ExtensionContextTests.java,292,2,302,3,0.0,0,0,0,0.0,0.0,0,0,1,0,0,1,1,1,0,0,1,0.0,0.0,0,0,0,1,0.0,0,0,0,0,0,0,6,8,0,0,0,0,1,0,0,0,1,0,0,0,0,9,11,0,0,0,0,1,0,0,0,1,0,0,0,0,0,0,8,0,2,0,0,1,0,0,0,0,8,1,0,0,0,0,0,0,0
802,L9813,ExtensionContextTests$EchoParameters,org.junit.jupiter.engine.execution.ExtensionContextTests$EchoParameters,L9776,L103,C:\Users\domco\Desktop\DP\repos\junit5\junit-jupiter-engine\src\test\java\org\junit\jupiter\engine\execution\ExtensionContextTests.java,304,2,320,3,0.0,0,0,0,0.0,0.0,0,0,2,0,0,3,1,1,0,0,3,0.0,0.0,0,0,0,4,0.0,0,1,1,0,0,1,14,17,1,1,0,1,3,0,3,0,4,3,1,4,0,14,17,1,1,0,1,3,0,3,0,4,3,1,4,0,0,0,12,0,0,0,0,0,1,0,0,0,9,0,0,0,0,0,0,2,0
803,L9868,ExtensionValuesStoreTests$StoringValuesTests,org.junit.jupiter.engine.execution.ExtensionValuesStoreTests$StoringValuesTests,L9857,L103,C:\Users\domco\Desktop\DP\repos\junit5\junit-jupiter-engine\src\test\java\org\junit\jupiter\engine\execution\ExtensionValuesStoreTests.java,43,2,306,3,0.0698869,1,2,2,0.0833333,0.1,22,20,16,0,0,24,8,0,0,14,38,0.0,0.0566038,12,0,0,1,0.0566038,12,0,0,0,0,0,200,264,0,8,0,8,24,0,0,0,24,118,0,0,0,200,264,0,8,0,8,24,0,0,0,24,118,0,0,0,0,0,68,3,41,17,14,24,1,0,0,1,51,0,2,0,0,0,0,2,0
804,L9919,ExtensionValuesStoreTests$InheritedValuesTests,org.junit.jupiter.engine.execution.ExtensionValuesStoreTests$InheritedValuesTests,L9857,L103,C:\Users\domco\Desktop\DP\repos\junit5\junit-jupiter-engine\src\test\java\org\junit\jupiter\engine\execution\ExtensionValuesStoreTests.java,308,2,327,3,0.0,0,0,0,0.0,0.0,0,0,2,0,0,2,5,0,0,3,5,0.0,0.0,0,0,0,1,0.0,0,0,0,0,0,0,16,20,0,0,0,0,2,0,0,0,2,7,0,0,0,16,20,0,0,0,0,2,0,0,0,2,7,0,0,0,0,0,8,0,3,1,0,2,1,0,0,0,7,0,0,0,0,0,0,0,0
805,L9923,ExtensionValuesStoreTests$CompositeNamespaceTests,org.junit.jupiter.engine.execution.ExtensionValuesStoreTests$CompositeNamespaceTests,L9857,L103,C:\Users\domco\Desktop\DP\repos\junit5\junit-jupiter-engine\src\test\java\org\junit\jupiter\engine\execution\ExtensionValuesStoreTests.java,329,2,365,3,0.0,0,0,0,0.0,0.0,0,0,3,0,0,3,6,0,0,6,9,0.0,0.0,0,0,0,1,0.0,0,0,0,0,0,0,27,37,0,0,0,0,3,0,0,0,3,15,0,0,0,27,37,0,0,0,0,3,0,0,0,3,15,0,0,0,0,0,10,2,4,1,0,3,1,0,0,0,9,0,2,0,0,0,0,0,0
806,L10105,UniqueIdParsingForArrayParameterIntegrationTests$PrimitiveArrayMethodInjectionTestCase,org.junit.jupiter.engine.execution.UniqueIdParsingForArrayParameterIntegrationTests$PrimitiveArrayMethodInjectionTestCase,L10096,L103,C:\Users\domco\Desktop\DP\repos\junit5\junit-jupiter-engine\src\test\java\org\junit\jupiter\engine\execution\UniqueIdParsingForArrayParameterIntegrationTests.java,58,2,65,3,0.0,0,0,0,0.0,0.0,0,0,1,0,0,1,4,1,0,1,2,0.0,0.0,0,0,0,1,0.0,0,0,0,0,0,0,7,8,0,0,0,0,1,0,0,0,1,1,0,0,0,7,8,0,0,0,0,1,0,0,0,1,1,0,0,0,0,0,5,0,2,1,0,1,0,0,0,0,5,0,0,0,0,0,0,0,0
807,L10345,RepetitionInfoParameterResolver$DefaultRepetitionInfo,org.junit.jupiter.engine.extension.RepetitionInfoParameterResolver$DefaultRepetitionInfo,L10327,L103,C:\Users\domco\Desktop\DP\repos\junit5\junit-jupiter-engine\src\main\java\org\junit\jupiter\engine\extension\RepetitionInfoParameterResolver.java,45,2,75,3,0.0,0,0,0,0.0,0.0,0,0,1,0,0,4,2,1,1,3,7,0.0,0.08,2,0,0,4,0.08,2,1,1,0,0,1,23,31,2,2,2,2,4,0,3,0,4,5,0,3,0,23,31,2,2,2,2,4,0,3,0,4,5,0,3,0,0,0,11,0,0,0,0,0,0,0,0,0,11,0,0,0,0,0,0,0,0
808,L10428,ScriptExecutionCondition$ThrowingEvaluator,org.junit.jupiter.engine.extension.ScriptExecutionCondition$ThrowingEvaluator,L10173,L103,C:\Users\domco\Desktop\DP\repos\junit5\junit-jupiter-engine\src\main\java\org\junit\jupiter\engine\extension\ScriptExecutionCondition.java,167,2,179,3,0.0,0,0,0,0.0,0.0,0,0,1,0,0,2,5,2,2,1,3,0.5,0.230769,3,3,1,1,0.230769,3,1,1,0,0,1,10,13,1,0,1,0,2,0,1,0,4,2,0,3,0,10,13,1,0,1,0,2,0,1,0,4,2,0,3,0,0,0,7,0,1,0,0,1,0,0,0,0,7,0,0,0,0,0,0,0,0
809,L10526,TestInfoParameterResolver$DefaultTestInfo,org.junit.jupiter.engine.extension.TestInfoParameterResolver$DefaultTestInfo,L10179,L103,C:\Users\domco\Desktop\DP\repos\junit5\junit-jupiter-engine\src\main\java\org\junit\jupiter\engine\extension\TestInfoParameterResolver.java,41,2,91,3,0.0,0,0,0,0.0,0.0,0,0,1,0,0,8,3,1,1,7,14,0.0,0.047619,2,0,0,6,0.047619,2,1,1,0,0,1,40,51,4,4,4,4,7,0,5,0,7,10,0,5,0,40,51,4,4,4,4,7,0,5,0,7,10,0,5,0,0,0,17,0,0,0,0,0,0,0,0,0,17,0,0,0,0,0,0,0,0
810,L10567,BeforeAndAfterAllTests$TopLevelTestCase,org.junit.jupiter.engine.extension.BeforeAndAfterAllTests$TopLevelTestCase,L10559,L103,C:\Users\domco\Desktop\DP\repos\junit5\junit-jupiter-engine\src\test\java\org\junit\jupiter\engine\extension\BeforeAndAfterAllTests.java,188,2,205,3,0.0,0,0,0,0.0,0.0,0,0,3,0,0,3,7,2,0,0,3,1.0,0.117647,2,2,1,0,0.117647,2,0,0,1,3,0,15,18,0,0,0,0,3,0,0,0,3,3,0,0,0,15,18,0,0,0,0,3,0,0,0,3,3,0,0,0,0,0,9,1,3,1,0,3,1,0,0,0,8,0,0,0,0,0,0,0,0
811,L10572,BeforeAndAfterAllTests$SecondLevelTestCase,org.junit.jupiter.engine.extension.BeforeAndAfterAllTests$SecondLevelTestCase,L10559,L103,C:\Users\domco\Desktop\DP\repos\junit5\junit-jupiter-engine\src\test\java\org\junit\jupiter\engine\extension\BeforeAndAfterAllTests.java,208,2,226,3,0.0,0,0,0,0.0,0.0,0,0,3,0,0,3,7,3,0,0,3,1.0,0.0588235,1,1,1,0,0.0588235,1,1,1,2,2,1,16,19,0,0,0,0,3,0,0,0,6,3,0,0,0,16,19,0,0,0,0,3,0,0,0,6,3,0,0,0,0,0,9,1,3,1,0,3,1,0,0,0,8,0,0,0,0,0,0,0,0
812,L10576,BeforeAndAfterAllTests$ThirdLevelTestCase,org.junit.jupiter.engine.extension.BeforeAndAfterAllTests$ThirdLevelTestCase,L10559,L103,C:\Users\domco\Desktop\DP\repos\junit5\junit-jupiter-engine\src\test\java\org\junit\jupiter\engine\extension\BeforeAndAfterAllTests.java,228,2,246,3,0.0,0,0,0,0.0,0.0,0,0,3,0,0,3,7,1,0,0,3,0.0,0.0,0,0,0,1,0.0,0,2,2,0,0,1,16,19,0,0,0,0,3,0,0,0,9,3,0,0,0,16,19,0,0,0,0,3,0,0,0,9,3,0,0,0,0,0,10,1,3,1,0,3,1,0,0,0,9,0,0,0,0,0,0,0,0
813,L10580,BeforeAndAfterAllTests$ThirdLevelStaticHidingTestCase,org.junit.jupiter.engine.extension.BeforeAndAfterAllTests$ThirdLevelStaticHidingTestCase,L10559,L103,C:\Users\domco\Desktop\DP\repos\junit5\junit-jupiter-engine\src\test\java\org\junit\jupiter\engine\extension\BeforeAndAfterAllTests.java,248,2,286,3,0.0,0,0,0,0.0,0.0,0,0,7,0,0,7,7,1,0,0,7,0.0,0.0,0,0,0,1,0.0,0,2,2,0,0,1,32,39,0,0,0,0,7,0,0,0,13,7,0,0,0,32,39,0,0,0,0,7,0,0,0,13,7,0,0,0,0,0,18,1,7,1,0,7,1,0,0,0,17,0,0,0,0,0,0,0,0
814,L10586,BeforeAndAfterAllTests$ExceptionInBeforeAllMethodTestCase,org.junit.jupiter.engine.extension.BeforeAndAfterAllTests$ExceptionInBeforeAllMethodTestCase,L10559,L103,C:\Users\domco\Desktop\DP\repos\junit5\junit-jupiter-engine\src\test\java\org\junit\jupiter\engine\extension\BeforeAndAfterAllTests.java,288,2,306,3,0.0,0,0,0,0.0,0.0,0,0,3,0,0,3,7,1,0,1,4,0.0,0.0,0,0,0,1,0.0,0,0,0,0,0,0,16,19,0,0,0,0,3,0,0,0,3,4,0,0,0,16,19,0,0,0,0,3,0,0,0,3,4,0,0,0,0,0,10,1,3,1,0,3,1,0,0,0,9,0,0,0,0,0,0,0,0
815,L10593,BeforeAndAfterAllTests$ExceptionInBeforeAllCallbackTestCase,org.junit.jupiter.engine.extension.BeforeAndAfterAllTests$ExceptionInBeforeAllCallbackTestCase,L10559,L103,C:\Users\domco\Desktop\DP\repos\junit5\junit-jupiter-engine\src\test\java\org\junit\jupiter\engine\extension\BeforeAndAfterAllTests.java,308,2,325,3,0.0,0,0,0,0.0,0.0,0,0,3,0,0,3,7,1,0,0,3,0.0,0.0,0,0,0,1,0.0,0,0,0,0,0,0,15,18,0,0,0,0,3,0,0,0,3,3,0,0,0,15,18,0,0,0,0,3,0,0,0,3,3,0,0,0,0,0,10,1,3,1,0,3,1,0,0,0,9,0,0,0,0,0,0,0,0
816,L10609,BeforeAndAfterAllTests$FooClassLevelCallbacks,org.junit.jupiter.engine.extension.BeforeAndAfterAllTests$FooClassLevelCallbacks,L10559,L103,C:\Users\domco\Desktop\DP\repos\junit5\junit-jupiter-engine\src\test\java\org\junit\jupiter\engine\extension\BeforeAndAfterAllTests.java,329,2,341,3,0.0,0,0,0,0.0,0.0,0,0,2,0,0,2,4,3,0,1,3,0.333333,0.0833333,1,1,1,2,0.0833333,1,2,3,0,0,2,11,13,0,0,0,0,2,0,2,0,2,3,0,2,0,11,13,0,0,0,0,2,0,2,0,2,3,0,2,0,0,0,9,0,0,0,0,0,1,0,0,0,7,0,0,1,0,0,0,0,0
817,L10612,BeforeAndAfterAllTests$BarClassLevelCallbacks,org.junit.jupiter.engine.extension.BeforeAndAfterAllTests$BarClassLevelCallbacks,L10559,L103,C:\Users\domco\Desktop\DP\repos\junit5\junit-jupiter-engine\src\test\java\org\junit\jupiter\engine\extension\BeforeAndAfterAllTests.java,343,2,354,3,0.0,0,0,0,0.0,0.0,0,0,2,0,0,2,4,1,0,0,2,0.0,0.0,0,0,0,3,0.0,0,2,3,0,0,2,10,12,0,0,0,0,2,0,2,0,2,2,0,2,0,10,12,0,0,0,0,2,0,2,0,2,2,0,2,0,0,0,9,0,0,0,0,0,1,0,0,0,7,0,0,1,0,0,0,0,0
818,L10620,BeforeAndAfterAllTests$BazClassLevelCallbacks,org.junit.jupiter.engine.extension.BeforeAndAfterAllTests$BazClassLevelCallbacks,L10559,L103,C:\Users\domco\Desktop\DP\repos\junit5\junit-jupiter-engine\src\test\java\org\junit\jupiter\engine\extension\BeforeAndAfterAllTests.java,356,2,367,3,0.0,0,0,0,0.0,0.0,0,0,2,0,0,2,4,1,0,0,2,0.0,0.0,0,0,0,3,0.0,0,2,3,0,0,2,10,12,0,0,0,0,2,0,2,0,2,2,0,2,0,10,12,0,0,0,0,2,0,2,0,2,2,0,2,0,0,0,9,0,0,0,0,0,1,0,0,0,7,0,0,1,0,0,0,0,0
819,L10628,BeforeAndAfterAllTests$QuuxClassLevelCallbacks,org.junit.jupiter.engine.extension.BeforeAndAfterAllTests$QuuxClassLevelCallbacks,L10559,L103,C:\Users\domco\Desktop\DP\repos\junit5\junit-jupiter-engine\src\test\java\org\junit\jupiter\engine\extension\BeforeAndAfterAllTests.java,369,2,380,3,0.0,0,0,0,0.0,0.0,0,0,2,0,0,2,4,2,0,0,2,0.0,0.0,0,0,0,3,0.0,0,2,3,0,0,2,10,12,0,0,0,0,2,0,2,0,2,2,0,2,0,10,12,0,0,0,0,2,0,2,0,2,2,0,2,0,0,0,9,0,0,0,0,0,1,0,0,0,7,0,0,1,0,0,0,0,0
820,L10650,BeforeAndAfterAllTests$ExceptionThrowingBeforeAllCallback,org.junit.jupiter.engine.extension.BeforeAndAfterAllTests$ExceptionThrowingBeforeAllCallback,L10559,L103,C:\Users\domco\Desktop\DP\repos\junit5\junit-jupiter-engine\src\test\java\org\junit\jupiter\engine\extension\BeforeAndAfterAllTests.java,382,2,389,3,0.0,0,0,0,0.0,0.0,0,0,1,0,0,1,4,1,0,1,2,0.0,0.0,0,0,0,2,0.0,0,2,2,0,0,1,7,8,0,0,0,0,1,0,1,0,1,2,0,1,0,7,8,0,0,0,0,1,0,1,0,1,2,0,1,0,0,0,5,0,0,0,0,0,0,0,0,0,5,0,0,0,0,0,0,0,0
821,L10728,BeforeAndAfterEachTests$ParentTestCase,org.junit.jupiter.engine.extension.BeforeAndAfterEachTests$ParentTestCase,L10682,L103,C:\Users\domco\Desktop\DP\repos\junit5\junit-jupiter-engine\src\test\java\org\junit\jupiter\engine\extension\BeforeAndAfterEachTests.java,311,2,313,3,0.0,0,0,0,0.0,0.0,0,0,0,0,0,0,2,1,0,0,0,1.0,0.25,1,1,1,0,0.25,1,0,0,1,1,0,3,3,0,0,0,0,0,0,0,0,0,0,0,0,0,3,3,0,0,0,0,0,0,0,0,0,0,0,0,0,0,0,0,0,0,0,0,0,0,0,0,0,0,0,0,0,0,0,0,0,0
822,L10701,BeforeAndAfterEachTests$ChildTestCase,org.junit.jupiter.engine.extension.BeforeAndAfterEachTests$ChildTestCase,L10682,L103,C:\Users\domco\Desktop\DP\repos\junit5\junit-jupiter-engine\src\test\java\org\junit\jupiter\engine\extension\BeforeAndAfterEachTests.java,315,2,322,3,0.0,0,0,0,0.0,0.0,0,0,1,0,0,1,5,1,0,0,1,0.0,0.0,0,0,0,1,0.0,0,1,1,0,0,1,7,8,0,0,0,0,1,0,0,0,1,1,0,0,0,7,8,0,0,0,0,1,0,0,0,1,1,0,0,0,0,0,5,1,1,1,0,1,0,0,0,0,5,0,0,0,0,0,0,0,0
823,L10705,BeforeAndAfterEachTests$TestInterfaceTestCase,org.junit.jupiter.engine.extension.BeforeAndAfterEachTests$TestInterfaceTestCase,L10682,L103,C:\Users\domco\Desktop\DP\repos\junit5\junit-jupiter-engine\src\test\java\org\junit\jupiter\engine\extension\BeforeAndAfterEachTests.java,333,2,340,3,0.0,0,0,0,0.0,0.0,0,0,1,0,0,1,5,1,0,0,1,0.0,0.0,0,0,0,1,0.0,0,1,1,0,0,1,7,8,0,0,0,0,1,0,0,0,2,1,0,1,0,7,8,0,0,0,0,1,0,0,0,2,1,0,1,0,0,0,5,1,1,1,0,1,0,0,0,0,5,0,0,0,0,0,0,0,0
824,L10693,BeforeAndAfterEachTests$OuterTestCase,org.junit.jupiter.engine.extension.BeforeAndAfterEachTests$OuterTestCase,L10682,L103,C:\Users\domco\Desktop\DP\repos\junit5\junit-jupiter-engine\src\test\java\org\junit\jupiter\engine\extension\BeforeAndAfterEachTests.java,342,2,379,3,0.0,0,0,0,0.0,0.0,0,0,3,0,0,3,7,1,0,0,3,0.0,0.0,0,0,0,1,0.0,0,0,0,0,0,0,15,19,0,0,0,0,3,0,0,0,3,3,0,0,0,31,38,0,0,0,0,6,0,0,0,6,6,0,0,0,0,0,20,2,6,2,0,6,2,0,0,0,18,0,0,0,0,0,0,0,0
825,L10709,BeforeAndAfterEachTests$ExceptionInBeforeEachCallbackTestCase,org.junit.jupiter.engine.extension.BeforeAndAfterEachTests$ExceptionInBeforeEachCallbackTestCase,L10682,L103,C:\Users\domco\Desktop\DP\repos\junit5\junit-jupiter-engine\src\test\java\org\junit\jupiter\engine\extension\BeforeAndAfterEachTests.java,381,2,399,3,0.0,0,0,0,0.0,0.0,0,0,3,0,0,3,8,1,0,0,3,0.0,0.0,0,0,0,1,0.0,0,0,0,0,0,0,16,19,0,0,0,0,3,0,0,0,3,3,0,0,0,16,19,0,0,0,0,3,0,0,0,3,3,0,0,0,0,0,10,1,3,1,0,3,1,0,0,0,9,0,0,0,0,0,0,0,0
826,L10713,BeforeAndAfterEachTests$ExceptionInAfterEachCallbackTestCase,org.junit.jupiter.engine.extension.BeforeAndAfterEachTests$ExceptionInAfterEachCallbackTestCase,L10682,L103,C:\Users\domco\Desktop\DP\repos\junit5\junit-jupiter-engine\src\test\java\org\junit\jupiter\engine\extension\BeforeAndAfterEachTests.java,401,2,419,3,0.0,0,0,0,0.0,0.0,0,0,3,0,0,3,8,1,0,0,3,0.0,0.0,0,0,0,1,0.0,0,0,0,0,0,0,16,19,0,0,0,0,3,0,0,0,3,3,0,0,0,16,19,0,0,0,0,3,0,0,0,3,3,0,0,0,0,0,10,1,3,1,0,3,1,0,0,0,9,0,0,0,0,0,0,0,0
827,L10717,BeforeAndAfterEachTests$ExceptionInBeforeEachMethodTestCase,org.junit.jupiter.engine.extension.BeforeAndAfterEachTests$ExceptionInBeforeEachMethodTestCase,L10682,L103,C:\Users\domco\Desktop\DP\repos\junit5\junit-jupiter-engine\src\test\java\org\junit\jupiter\engine\extension\BeforeAndAfterEachTests.java,421,2,446,3,0.0,0,0,0,0.0,0.0,0,0,4,0,0,4,7,1,0,1,5,0.0,0.0,0,0,0,1,0.0,0,0,0,0,0,0,22,26,0,0,0,0,4,0,0,0,4,7,0,0,0,22,26,0,0,0,0,4,0,0,0,4,7,0,0,0,0,0,12,1,4,1,0,4,1,0,0,0,11,0,0,0,0,0,0,0,0
828,L10721,BeforeAndAfterEachTests$ExceptionInAfterEachMethodTestCase,org.junit.jupiter.engine.extension.BeforeAndAfterEachTests$ExceptionInAfterEachMethodTestCase,L10682,L103,C:\Users\domco\Desktop\DP\repos\junit5\junit-jupiter-engine\src\test\java\org\junit\jupiter\engine\extension\BeforeAndAfterEachTests.java,448,2,466,3,0.0,0,0,0,0.0,0.0,0,0,3,0,0,3,7,1,0,1,4,0.0,0.0,0,0,0,1,0.0,0,0,0,0,0,0,16,19,0,0,0,0,3,0,0,0,3,4,0,0,0,16,19,0,0,0,0,3,0,0,0,3,4,0,0,0,0,0,10,1,3,1,0,3,1,0,0,0,9,0,0,0,0,0,0,0,0
829,L10725,BeforeAndAfterEachTests$ExceptionInTestMethodTestCase,org.junit.jupiter.engine.extension.BeforeAndAfterEachTests$ExceptionInTestMethodTestCase,L10682,L103,C:\Users\domco\Desktop\DP\repos\junit5\junit-jupiter-engine\src\test\java\org\junit\jupiter\engine\extension\BeforeAndAfterEachTests.java,468,2,486,3,0.0,0,0,0,0.0,0.0,0,0,3,0,0,3,7,1,0,1,4,0.0,0.0,0,0,0,1,0.0,0,0,0,0,0,0,16,19,0,0,0,0,3,0,0,0,3,4,0,0,0,16,19,0,0,0,0,3,0,0,0,3,4,0,0,0,0,0,10,1,3,1,0,3,1,0,0,0,9,0,0,0,0,0,0,0,0
830,L10730,BeforeAndAfterEachTests$FooMethodLevelCallbacks,org.junit.jupiter.engine.extension.BeforeAndAfterEachTests$FooMethodLevelCallbacks,L10682,L103,C:\Users\domco\Desktop\DP\repos\junit5\junit-jupiter-engine\src\test\java\org\junit\jupiter\engine\extension\BeforeAndAfterEachTests.java,490,2,502,3,0.0,0,0,0,0.0,0.0,0,0,2,0,0,2,4,8,0,1,3,0.333333,0.0833333,1,1,1,2,0.0833333,1,2,3,0,0,2,11,13,0,0,0,0,2,0,2,0,2,3,0,2,0,11,13,0,0,0,0,2,0,2,0,2,3,0,2,0,0,0,9,0,0,0,0,0,1,0,0,0,7,0,0,1,0,0,0,0,0
831,L10736,BeforeAndAfterEachTests$BarMethodLevelCallbacks,org.junit.jupiter.engine.extension.BeforeAndAfterEachTests$BarMethodLevelCallbacks,L10682,L103,C:\Users\domco\Desktop\DP\repos\junit5\junit-jupiter-engine\src\test\java\org\junit\jupiter\engine\extension\BeforeAndAfterEachTests.java,504,2,515,3,0.0,0,0,0,0.0,0.0,0,0,2,0,0,2,4,5,0,0,2,0.0,0.0,0,0,0,3,0.0,0,2,3,0,0,2,10,12,0,0,0,0,2,0,2,0,2,2,0,2,0,10,12,0,0,0,0,2,0,2,0,2,2,0,2,0,0,0,9,0,0,0,0,0,1,0,0,0,7,0,0,1,0,0,0,0,0
832,L10753,BeforeAndAfterEachTests$FizzMethodLevelCallbacks,org.junit.jupiter.engine.extension.BeforeAndAfterEachTests$FizzMethodLevelCallbacks,L10682,L103,C:\Users\domco\Desktop\DP\repos\junit5\junit-jupiter-engine\src\test\java\org\junit\jupiter\engine\extension\BeforeAndAfterEachTests.java,517,2,528,3,0.0,0,0,0,0.0,0.0,0,0,2,0,0,2,4,1,0,0,2,0.0,0.0,0,0,0,3,0.0,0,2,3,0,0,2,10,12,0,0,0,0,2,0,2,0,2,2,0,2,0,10,12,0,0,0,0,2,0,2,0,2,2,0,2,0,0,0,9,0,0,0,0,0,1,0,0,0,7,0,0,1,0,0,0,0,0
833,L10760,BeforeAndAfterEachTests$ExceptionThrowingBeforeEachCallback,org.junit.jupiter.engine.extension.BeforeAndAfterEachTests$ExceptionThrowingBeforeEachCallback,L10682,L103,C:\Users\domco\Desktop\DP\repos\junit5\junit-jupiter-engine\src\test\java\org\junit\jupiter\engine\extension\BeforeAndAfterEachTests.java,530,2,537,3,0.0,0,0,0,0.0,0.0,0,0,1,0,0,1,4,1,0,1,2,0.0,0.0,0,0,0,2,0.0,0,2,2,0,0,1,7,8,0,0,0,0,1,0,1,0,1,2,0,1,0,7,8,0,0,0,0,1,0,1,0,1,2,0,1,0,0,0,5,0,0,0,0,0,0,0,0,0,5,0,0,0,0,0,0,0,0
834,L10767,BeforeAndAfterEachTests$ExceptionThrowingAfterEachCallback,org.junit.jupiter.engine.extension.BeforeAndAfterEachTests$ExceptionThrowingAfterEachCallback,L10682,L103,C:\Users\domco\Desktop\DP\repos\junit5\junit-jupiter-engine\src\test\java\org\junit\jupiter\engine\extension\BeforeAndAfterEachTests.java,539,2,546,3,0.0,0,0,0,0.0,0.0,0,0,1,0,0,1,4,1,0,1,2,0.0,0.0,0,0,0,2,0.0,0,2,2,0,0,1,7,8,0,0,0,0,1,0,1,0,1,2,0,1,0,7,8,0,0,0,0,1,0,1,0,1,2,0,1,0,0,0,5,0,0,0,0,0,0,0,0,0,5,0,0,0,0,0,0,0,0
835,L10845,BeforeAndAfterTestExecutionCallbackTests$ParentTestCase,org.junit.jupiter.engine.extension.BeforeAndAfterTestExecutionCallbackTests$ParentTestCase,L10809,L103,C:\Users\domco\Desktop\DP\repos\junit5\junit-jupiter-engine\src\test\java\org\junit\jupiter\engine\extension\BeforeAndAfterTestExecutionCallbackTests.java,274,2,276,3,0.0,0,0,0,0.0,0.0,0,0,0,0,0,0,2,1,0,0,0,1.0,0.25,1,1,1,0,0.25,1,0,0,1,1,0,3,3,0,0,0,0,0,0,0,0,0,0,0,0,0,3,3,0,0,0,0,0,0,0,0,0,0,0,0,0,0,0,0,0,0,0,0,0,0,0,0,0,0,0,0,0,0,0,0,0,0
836,L10822,BeforeAndAfterTestExecutionCallbackTests$ChildTestCase,org.junit.jupiter.engine.extension.BeforeAndAfterTestExecutionCallbackTests$ChildTestCase,L10809,L103,C:\Users\domco\Desktop\DP\repos\junit5\junit-jupiter-engine\src\test\java\org\junit\jupiter\engine\extension\BeforeAndAfterTestExecutionCallbackTests.java,278,2,285,3,0.0,0,0,0,0.0,0.0,0,0,1,0,0,1,5,1,0,0,1,0.0,0.0,0,0,0,1,0.0,0,1,1,0,0,1,7,8,0,0,0,0,1,0,0,0,1,1,0,0,0,7,8,0,0,0,0,1,0,0,0,1,1,0,0,0,0,0,5,1,1,1,0,1,0,0,0,0,5,0,0,0,0,0,0,0,0
837,L10826,BeforeAndAfterTestExecutionCallbackTests$TestInterfaceTestCase,org.junit.jupiter.engine.extension.BeforeAndAfterTestExecutionCallbackTests$TestInterfaceTestCase,L10809,L103,C:\Users\domco\Desktop\DP\repos\junit5\junit-jupiter-engine\src\test\java\org\junit\jupiter\engine\extension\BeforeAndAfterTestExecutionCallbackTests.java,296,2,303,3,0.0,0,0,0,0.0,0.0,0,0,1,0,0,1,5,1,0,0,1,0.0,0.0,0,0,0,1,0.0,0,1,1,0,0,1,7,8,0,0,0,0,1,0,0,0,2,1,0,1,0,7,8,0,0,0,0,1,0,0,0,2,1,0,1,0,0,0,5,1,1,1,0,1,0,0,0,0,5,0,0,0,0,0,0,0,0
838,L10818,BeforeAndAfterTestExecutionCallbackTests$OuterTestCase,org.junit.jupiter.engine.extension.BeforeAndAfterTestExecutionCallbackTests$OuterTestCase,L10809,L103,C:\Users\domco\Desktop\DP\repos\junit5\junit-jupiter-engine\src\test\java\org\junit\jupiter\engine\extension\BeforeAndAfterTestExecutionCallbackTests.java,305,2,342,3,0.0,0,0,0,0.0,0.0,0,0,3,0,0,3,7,1,0,0,3,0.0,0.0,0,0,0,1,0.0,0,0,0,0,0,0,15,19,0,0,0,0,3,0,0,0,3,3,0,0,0,31,38,0,0,0,0,6,0,0,0,6,6,0,0,0,0,0,20,2,6,2,0,6,2,0,0,0,18,0,0,0,0,0,0,0,0
839,L10834,BeforeAndAfterTestExecutionCallbackTests$ExceptionInBeforeTestExecutionCallbackTestCase,org.junit.jupiter.engine.extension.BeforeAndAfterTestExecutionCallbackTests$ExceptionInBeforeTestExecutionCallbackTestCase,L10809,L103,C:\Users\domco\Desktop\DP\repos\junit5\junit-jupiter-engine\src\test\java\org\junit\jupiter\engine\extension\BeforeAndAfterTestExecutionCallbackTests.java,344,2,362,3,0.0,0,0,0,0.0,0.0,0,0,3,0,0,3,8,1,0,0,3,0.0,0.0,0,0,0,1,0.0,0,0,0,0,0,0,16,19,0,0,0,0,3,0,0,0,3,3,0,0,0,16,19,0,0,0,0,3,0,0,0,3,3,0,0,0,0,0,10,1,3,1,0,3,1,0,0,0,9,0,0,0,0,0,0,0,0
840,L10838,BeforeAndAfterTestExecutionCallbackTests$ExceptionInAfterTestExecutionCallbackTestCase,org.junit.jupiter.engine.extension.BeforeAndAfterTestExecutionCallbackTests$ExceptionInAfterTestExecutionCallbackTestCase,L10809,L103,C:\Users\domco\Desktop\DP\repos\junit5\junit-jupiter-engine\src\test\java\org\junit\jupiter\engine\extension\BeforeAndAfterTestExecutionCallbackTests.java,364,2,382,3,0.0,0,0,0,0.0,0.0,0,0,3,0,0,3,8,1,0,0,3,0.0,0.0,0,0,0,1,0.0,0,0,0,0,0,0,16,19,0,0,0,0,3,0,0,0,3,3,0,0,0,16,19,0,0,0,0,3,0,0,0,3,3,0,0,0,0,0,10,1,3,1,0,3,1,0,0,0,9,0,0,0,0,0,0,0,0
841,L10830,BeforeAndAfterTestExecutionCallbackTests$ExceptionInBeforeEachMethodTestCase,org.junit.jupiter.engine.extension.BeforeAndAfterTestExecutionCallbackTests$ExceptionInBeforeEachMethodTestCase,L10809,L103,C:\Users\domco\Desktop\DP\repos\junit5\junit-jupiter-engine\src\test\java\org\junit\jupiter\engine\extension\BeforeAndAfterTestExecutionCallbackTests.java,384,2,402,3,0.0,0,0,0,0.0,0.0,0,0,3,0,0,3,7,1,0,1,4,0.0,0.0,0,0,0,1,0.0,0,0,0,0,0,0,16,19,0,0,0,0,3,0,0,0,3,4,0,0,0,16,19,0,0,0,0,3,0,0,0,3,4,0,0,0,0,0,10,1,3,1,0,3,1,0,0,0,9,0,0,0,0,0,0,0,0
842,L10842,BeforeAndAfterTestExecutionCallbackTests$ExceptionInTestMethodTestCase,org.junit.jupiter.engine.extension.BeforeAndAfterTestExecutionCallbackTests$ExceptionInTestMethodTestCase,L10809,L103,C:\Users\domco\Desktop\DP\repos\junit5\junit-jupiter-engine\src\test\java\org\junit\jupiter\engine\extension\BeforeAndAfterTestExecutionCallbackTests.java,404,2,422,3,0.0,0,0,0,0.0,0.0,0,0,3,0,0,3,7,1,0,1,4,0.0,0.0,0,0,0,1,0.0,0,0,0,0,0,0,16,19,0,0,0,0,3,0,0,0,3,4,0,0,0,16,19,0,0,0,0,3,0,0,0,3,4,0,0,0,0,0,10,1,3,1,0,3,1,0,0,0,9,0,0,0,0,0,0,0,0
843,L10847,BeforeAndAfterTestExecutionCallbackTests$FooTestExecutionCallbacks,org.junit.jupiter.engine.extension.BeforeAndAfterTestExecutionCallbackTests$FooTestExecutionCallbacks,L10809,L103,C:\Users\domco\Desktop\DP\repos\junit5\junit-jupiter-engine\src\test\java\org\junit\jupiter\engine\extension\BeforeAndAfterTestExecutionCallbackTests.java,426,2,438,3,0.0,0,0,0,0.0,0.0,0,0,2,0,0,2,4,7,0,1,3,0.333333,0.0833333,1,1,1,2,0.0833333,1,2,3,0,0,2,11,13,0,0,0,0,2,0,2,0,2,3,0,2,0,11,13,0,0,0,0,2,0,2,0,2,3,0,2,0,0,0,9,0,0,0,0,0,1,0,0,0,7,0,0,1,0,0,0,0,0
844,L10853,BeforeAndAfterTestExecutionCallbackTests$BarTestExecutionCallbacks,org.junit.jupiter.engine.extension.BeforeAndAfterTestExecutionCallbackTests$BarTestExecutionCallbacks,L10809,L103,C:\Users\domco\Desktop\DP\repos\junit5\junit-jupiter-engine\src\test\java\org\junit\jupiter\engine\extension\BeforeAndAfterTestExecutionCallbackTests.java,440,2,451,3,0.0,0,0,0,0.0,0.0,0,0,2,0,0,2,4,5,0,0,2,0.0,0.0,0,0,0,3,0.0,0,2,3,0,0,2,10,12,0,0,0,0,2,0,2,0,2,2,0,2,0,10,12,0,0,0,0,2,0,2,0,2,2,0,2,0,0,0,9,0,0,0,0,0,1,0,0,0,7,0,0,1,0,0,0,0,0
845,L10870,BeforeAndAfterTestExecutionCallbackTests$FizzTestExecutionCallbacks,org.junit.jupiter.engine.extension.BeforeAndAfterTestExecutionCallbackTests$FizzTestExecutionCallbacks,L10809,L103,C:\Users\domco\Desktop\DP\repos\junit5\junit-jupiter-engine\src\test\java\org\junit\jupiter\engine\extension\BeforeAndAfterTestExecutionCallbackTests.java,453,2,464,3,0.0,0,0,0,0.0,0.0,0,0,2,0,0,2,4,1,0,0,2,0.0,0.0,0,0,0,3,0.0,0,2,3,0,0,2,10,12,0,0,0,0,2,0,2,0,2,2,0,2,0,10,12,0,0,0,0,2,0,2,0,2,2,0,2,0,0,0,9,0,0,0,0,0,1,0,0,0,7,0,0,1,0,0,0,0,0
846,L10877,BeforeAndAfterTestExecutionCallbackTests$ExceptionThrowingBeforeTestExecutionCallback,org.junit.jupiter.engine.extension.BeforeAndAfterTestExecutionCallbackTests$ExceptionThrowingBeforeTestExecutionCallback,L10809,L103,C:\Users\domco\Desktop\DP\repos\junit5\junit-jupiter-engine\src\test\java\org\junit\jupiter\engine\extension\BeforeAndAfterTestExecutionCallbackTests.java,466,2,473,3,0.0,0,0,0,0.0,0.0,0,0,1,0,0,1,4,1,0,1,2,0.0,0.0,0,0,0,2,0.0,0,2,2,0,0,1,7,8,0,0,0,0,1,0,1,0,1,2,0,1,0,7,8,0,0,0,0,1,0,1,0,1,2,0,1,0,0,0,5,0,0,0,0,0,0,0,0,0,5,0,0,0,0,0,0,0,0
847,L10884,BeforeAndAfterTestExecutionCallbackTests$ExceptionThrowingAfterTestExecutionCallback,org.junit.jupiter.engine.extension.BeforeAndAfterTestExecutionCallbackTests$ExceptionThrowingAfterTestExecutionCallback,L10809,L103,C:\Users\domco\Desktop\DP\repos\junit5\junit-jupiter-engine\src\test\java\org\junit\jupiter\engine\extension\BeforeAndAfterTestExecutionCallbackTests.java,475,2,482,3,0.0,0,0,0,0.0,0.0,0,0,1,0,0,1,4,1,0,1,2,0.0,0.0,0,0,0,2,0.0,0,2,2,0,0,1,7,8,0,0,0,0,1,0,1,0,1,2,0,1,0,7,8,0,0,0,0,1,0,1,0,1,2,0,1,0,0,0,5,0,0,0,0,0,0,0,0,0,5,0,0,0,0,0,0,0,0
848,L10933,ExecutionConditionTests$TestCaseWithExecutionConditionOnClass,org.junit.jupiter.engine.extension.ExecutionConditionTests$TestCaseWithExecutionConditionOnClass,L10922,L103,C:\Users\domco\Desktop\DP\repos\junit5\junit-jupiter-engine\src\test\java\org\junit\jupiter\engine\extension\ExecutionConditionTests.java,146,2,159,3,0.0,0,0,0,0.0,0.0,0,0,2,0,0,2,4,1,0,1,3,1.0,0.0769231,1,1,1,0,0.0769231,1,0,0,0,0,0,12,14,0,0,0,0,2,0,0,0,2,2,0,0,0,12,14,0,0,0,0,2,0,0,0,2,2,0,0,0,0,0,7,0,2,0,0,2,1,0,0,0,6,0,0,0,0,0,0,0,0
849,L10939,ExecutionConditionTests$TestCaseWithExecutionConditionOnMethods,org.junit.jupiter.engine.extension.ExecutionConditionTests$TestCaseWithExecutionConditionOnMethods,L10922,L103,C:\Users\domco\Desktop\DP\repos\junit5\junit-jupiter-engine\src\test\java\org\junit\jupiter\engine\extension\ExecutionConditionTests.java,161,2,190,3,0.0,0,0,0,0.0,0.0,0,0,5,0,0,5,5,1,0,1,6,0.0,0.0,0,0,0,1,0.0,0,0,0,0,0,0,24,30,0,0,0,0,5,0,0,0,5,3,0,0,0,24,30,0,0,0,0,5,0,0,0,5,3,0,0,0,0,0,14,2,7,2,0,5,1,0,0,0,13,2,0,0,0,0,0,0,0
850,L10982,ExtensionContextExecutionTests$ExtensionContextParameterResolver,org.junit.jupiter.engine.extension.ExtensionContextExecutionTests$ExtensionContextParameterResolver,L10979,L103,C:\Users\domco\Desktop\DP\repos\junit5\junit-jupiter-engine\src\test\java\org\junit\jupiter\engine\extension\ExtensionContextExecutionTests.java,50,2,62,3,0.0,0,0,0,0.0,0.0,0,0,2,0,0,2,4,1,0,1,3,0.0,0.0,0,0,0,3,0.0,0,2,2,0,0,1,12,13,0,0,0,0,2,0,2,0,2,2,0,2,0,12,13,0,0,0,0,2,0,2,0,2,2,0,2,0,0,0,8,0,0,0,0,0,1,0,0,0,7,0,0,0,0,0,0,0,0
851,L11007,ExtensionContextExecutionTests$Parent,org.junit.jupiter.engine.extension.ExtensionContextExecutionTests$Parent,L10979,L103,C:\Users\domco\Desktop\DP\repos\junit5\junit-jupiter-engine\src\test\java\org\junit\jupiter\engine\extension\ExtensionContextExecutionTests.java,75,2,82,3,0.0,0,0,0,0.0,0.0,0,0,1,0,0,1,3,3,0,0,1,0.0,0.0,0,0,0,1,0.0,0,0,0,2,2,0,7,8,1,0,1,0,1,0,0,0,1,0,0,0,0,7,8,1,0,1,0,1,0,0,0,1,0,0,0,0,0,0,5,1,3,1,0,2,0,0,0,0,5,1,0,0,0,0,0,0,0
852,L10999,ExtensionContextExecutionTests$A,org.junit.jupiter.engine.extension.ExtensionContextExecutionTests$A,L10979,L103,C:\Users\domco\Desktop\DP\repos\junit5\junit-jupiter-engine\src\test\java\org\junit\jupiter\engine\extension\ExtensionContextExecutionTests.java,84,2,85,3,0.0,0,0,0,0.0,0.0,0,0,0,0,0,0,1,1,0,0,0,0.0,0.0,0,0,0,1,0.0,0,1,1,0,0,1,2,2,1,0,0,0,0,0,0,0,1,0,0,0,0,2,2,1,0,0,0,0,0,0,0,1,0,0,0,0,0,0,3,0,1,0,0,1,0,0,0,0,3,0,0,0,0,0,0,0,0
853,L11002,ExtensionContextExecutionTests$B,org.junit.jupiter.engine.extension.ExtensionContextExecutionTests$B,L10979,L103,C:\Users\domco\Desktop\DP\repos\junit5\junit-jupiter-engine\src\test\java\org\junit\jupiter\engine\extension\ExtensionContextExecutionTests.java,87,2,88,3,0.0,0,0,0,0.0,0.0,0,0,0,0,0,0,1,1,0,0,0,0.0,0.0,0,0,0,1,0.0,0,1,1,0,0,1,2,2,1,0,0,0,0,0,0,0,1,0,0,0,0,2,2,1,0,0,0,0,0,0,0,1,0,0,0,0,0,0,3,0,1,0,0,1,0,0,0,0,3,0,0,0,0,0,0,0,0
854,L11008,ExtensionContextExecutionTests$OnlyIncrementCounterOnce,org.junit.jupiter.engine.extension.ExtensionContextExecutionTests$OnlyIncrementCounterOnce,L10979,L103,C:\Users\domco\Desktop\DP\repos\junit5\junit-jupiter-engine\src\test\java\org\junit\jupiter\engine\extension\ExtensionContextExecutionTests.java,90,2,100,3,0.0,0,0,0,0.0,0.0,0,0,1,0,0,2,4,1,0,3,5,0.0,0.0,0,0,0,2,0.0,0,2,2,0,0,1,10,11,0,1,0,1,2,0,1,0,2,3,0,1,0,10,11,0,1,0,1,2,0,1,0,2,3,0,1,0,0,0,7,0,0,0,0,0,0,0,0,0,7,0,0,0,0,0,0,0,0
855,L11046,ExtensionRegistryTests$MyExtension,org.junit.jupiter.engine.extension.ExtensionRegistryTests$MyExtension,L11024,L103,C:\Users\domco\Desktop\DP\repos\junit5\junit-jupiter-engine\src\test\java\org\junit\jupiter\engine\extension\ExtensionRegistryTests.java,181,2,186,3,0.0,0,0,0,0.0,0.0,0,0,1,0,0,1,1,1,0,0,1,0.0,0.0,0,0,0,2,0.0,0,2,2,0,0,1,5,6,0,0,0,0,1,0,1,0,1,0,0,1,0,5,6,0,0,0,0,1,0,1,0,1,0,0,1,0,0,0,5,0,1,0,0,0,0,0,0,0,5,1,0,0,0,0,0,0,0
856,L11052,ExtensionRegistryTests$YourExtension,org.junit.jupiter.engine.extension.ExtensionRegistryTests$YourExtension,L11024,L103,C:\Users\domco\Desktop\DP\repos\junit5\junit-jupiter-engine\src\test\java\org\junit\jupiter\engine\extension\ExtensionRegistryTests.java,188,2,193,3,0.0,0,0,0,0.0,0.0,0,0,1,0,0,1,1,1,0,0,1,0.0,0.0,0,0,0,2,0.0,0,2,2,0,0,1,5,6,0,0,0,0,1,0,1,0,1,0,0,1,0,5,6,0,0,0,0,1,0,1,0,1,0,0,1,0,0,0,5,0,1,0,0,0,0,0,0,0,5,1,0,0,0,0,0,0,0
857,L11056,ExtensionRegistryTests$MultipleExtension,org.junit.jupiter.engine.extension.ExtensionRegistryTests$MultipleExtension,L11024,L103,C:\Users\domco\Desktop\DP\repos\junit5\junit-jupiter-engine\src\test\java\org\junit\jupiter\engine\extension\ExtensionRegistryTests.java,195,2,204,3,0.0,0,0,0,0.0,0.0,0,0,2,0,0,2,2,1,0,0,2,0.0,0.0,0,0,0,3,0.0,0,2,3,0,0,2,8,10,0,0,0,0,2,0,2,0,2,0,0,2,0,8,10,0,0,0,0,2,0,2,0,2,0,0,2,0,0,0,9,0,2,0,0,0,1,0,0,0,7,2,0,1,0,0,0,0,0
858,L11089,ParameterResolverTests$ConstructorInjectionTestCase,org.junit.jupiter.engine.extension.ParameterResolverTests$ConstructorInjectionTestCase,L11085,L103,C:\Users\domco\Desktop\DP\repos\junit5\junit-jupiter-engine\src\test\java\org\junit\jupiter\engine\extension\ParameterResolverTests.java,230,2,266,3,0.0,0,0,0,0.0,0.0,0,0,1,0,0,2,6,2,0,1,3,1.0,0.0666667,1,1,1,0,0.0322581,1,0,0,0,0,0,14,18,2,0,2,0,2,0,0,0,2,4,0,0,0,30,37,4,0,4,0,4,0,0,0,4,10,0,0,0,0,0,13,0,10,8,0,2,0,0,0,0,13,0,0,0,0,0,0,0,0
859,L11093,ParameterResolverTests$AnnotatedParameterConstructorInjectionTestCase,org.junit.jupiter.engine.extension.ParameterResolverTests$AnnotatedParameterConstructorInjectionTestCase,L11085,L103,C:\Users\domco\Desktop\DP\repos\junit5\junit-jupiter-engine\src\test\java\org\junit\jupiter\engine\extension\ParameterResolverTests.java,268,2,305,3,0.0,0,0,0,0.0,0.0,0,0,1,0,0,2,7,2,0,1,3,0.0,0.0,0,0,0,1,0.0322581,1,0,0,0,0,0,14,18,2,0,2,0,2,0,0,0,2,4,0,0,0,30,38,4,0,4,0,4,0,0,0,4,10,0,0,0,0,0,14,0,10,8,0,2,0,0,0,0,14,0,0,0,0,0,0,0,0
860,L11097,ParameterResolverTests$MethodInjectionTestCase,org.junit.jupiter.engine.extension.ParameterResolverTests$MethodInjectionTestCase,L11085,L103,C:\Users\domco\Desktop\DP\repos\junit5\junit-jupiter-engine\src\test\java\org\junit\jupiter\engine\extension\ParameterResolverTests.java,307,2,347,3,0.0,0,0,0,0.0,0.0,0,0,7,0,0,7,8,1,0,2,9,0.0,0.0606061,2,1,0,1,0.0606061,2,0,0,0,0,0,31,41,0,0,0,0,7,0,0,0,7,7,0,0,0,31,41,0,0,0,0,7,0,0,0,7,7,0,0,0,0,0,16,1,16,9,0,7,1,0,0,0,15,0,1,0,0,0,0,0,0
861,L11101,ParameterResolverTests$NullMethodInjectionTestCase,org.junit.jupiter.engine.extension.ParameterResolverTests$NullMethodInjectionTestCase,L11085,L103,C:\Users\domco\Desktop\DP\repos\junit5\junit-jupiter-engine\src\test\java\org\junit\jupiter\engine\extension\ParameterResolverTests.java,349,2,361,3,0.0,0,0,0,0.0,0.0,0,0,2,0,0,2,4,1,0,1,3,0.0,0.0909091,1,0,0,1,0.0909091,1,0,0,0,0,0,10,13,0,0,0,0,2,0,0,0,2,1,0,0,0,10,13,0,0,0,0,2,0,0,0,2,1,0,0,0,0,0,6,1,3,2,0,2,1,0,0,0,5,0,0,0,0,0,0,0,0
862,L11119,ParameterResolverTests$PrimitiveIntegerMethodInjectionTestCase,org.junit.jupiter.engine.extension.ParameterResolverTests$PrimitiveIntegerMethodInjectionTestCase,L11085,L103,C:\Users\domco\Desktop\DP\repos\junit5\junit-jupiter-engine\src\test\java\org\junit\jupiter\engine\extension\ParameterResolverTests.java,363,2,370,3,0.0,0,0,0,0.0,0.0,0,0,1,0,0,1,4,1,0,1,2,0.0,0.0,0,0,0,1,0.0,0,0,0,0,0,0,7,8,0,0,0,0,1,0,0,0,1,1,0,0,0,7,8,0,0,0,0,1,0,0,0,1,1,0,0,0,0,0,5,0,2,1,0,1,0,0,0,0,5,0,0,0,0,0,0,0,0
863,L11123,ParameterResolverTests$PrimitiveArrayMethodInjectionTestCase,org.junit.jupiter.engine.extension.ParameterResolverTests$PrimitiveArrayMethodInjectionTestCase,L11085,L103,C:\Users\domco\Desktop\DP\repos\junit5\junit-jupiter-engine\src\test\java\org\junit\jupiter\engine\extension\ParameterResolverTests.java,372,2,379,3,0.0,0,0,0,0.0,0.0,0,0,1,0,0,1,4,1,0,1,2,0.0,0.0,0,0,0,1,0.0,0,0,0,0,0,0,7,8,0,0,0,0,1,0,0,0,1,1,0,0,0,7,8,0,0,0,0,1,0,0,0,1,1,0,0,0,0,0,5,0,2,1,0,1,0,0,0,0,5,0,0,0,0,0,0,0,0
864,L11127,ParameterResolverTests$PotentiallyIncompatibleTypeMethodInjectionTestCase,org.junit.jupiter.engine.extension.ParameterResolverTests$PotentiallyIncompatibleTypeMethodInjectionTestCase,L11085,L103,C:\Users\domco\Desktop\DP\repos\junit5\junit-jupiter-engine\src\test\java\org\junit\jupiter\engine\extension\ParameterResolverTests.java,381,2,402,3,0.0,0,0,0,0.0,0.0,0,0,3,0,0,3,4,1,0,1,4,0.0,0.263158,5,4,0,1,0.263158,5,0,0,0,0,0,14,22,0,0,0,0,3,0,0,0,3,2,0,0,0,14,22,0,0,0,0,3,0,0,0,3,2,0,0,0,0,0,6,1,5,3,0,3,1,0,0,0,5,0,0,0,0,0,0,0,0
865,L11131,ParameterResolverTests$BeforeAndAfterMethodInjectionTestCase,org.junit.jupiter.engine.extension.ParameterResolverTests$BeforeAndAfterMethodInjectionTestCase,L11085,L103,C:\Users\domco\Desktop\DP\repos\junit5\junit-jupiter-engine\src\test\java\org\junit\jupiter\engine\extension\ParameterResolverTests.java,404,2,420,3,0.0,0,0,0,0.0,0.0,0,0,3,0,0,3,6,1,0,2,5,0.0,0.0,0,0,0,1,0.0,0,0,0,0,0,0,14,17,0,0,0,0,3,0,0,0,3,2,0,0,0,14,17,0,0,0,0,3,0,0,0,3,2,0,0,0,0,0,10,1,6,3,0,3,1,0,0,0,9,1,0,0,0,0,0,0,0
866,L11135,ParameterResolverTests$BeforeAndAfterAllMethodInjectionTestCase,org.junit.jupiter.engine.extension.ParameterResolverTests$BeforeAndAfterAllMethodInjectionTestCase,L11085,L103,C:\Users\domco\Desktop\DP\repos\junit5\junit-jupiter-engine\src\test\java\org\junit\jupiter\engine\extension\ParameterResolverTests.java,422,2,438,3,0.0,0,0,0,0.0,0.0,0,0,3,0,0,3,6,1,0,2,5,0.0,0.0,0,0,0,1,0.0,0,0,0,0,0,0,14,17,0,0,0,0,3,0,0,0,3,2,0,0,0,14,17,0,0,0,0,3,0,0,0,3,2,0,0,0,0,0,10,1,6,3,0,3,1,0,0,0,9,1,0,0,0,0,0,0,0
867,L11139,ParameterResolverTests$ExtendWithOnMethodTestCase,org.junit.jupiter.engine.extension.ParameterResolverTests$ExtendWithOnMethodTestCase,L11085,L103,C:\Users\domco\Desktop\DP\repos\junit5\junit-jupiter-engine\src\test\java\org\junit\jupiter\engine\extension\ParameterResolverTests.java,440,2,464,3,0.0,0,0,0,0.0,0.0,0,0,1,0,0,2,9,1,0,1,3,0.0,0.347826,8,8,0,1,0.347826,8,0,0,0,0,0,15,25,0,0,0,0,2,0,0,1,2,4,0,0,1,15,25,0,0,0,0,2,0,0,1,2,4,0,0,1,0,0,3,0,7,5,0,2,0,0,0,0,3,0,0,0,0,0,0,0,0
868,L11145,ParameterResolverTests$ParameterizedTypeTestCase,org.junit.jupiter.engine.extension.ParameterResolverTests$ParameterizedTypeTestCase,L11085,L103,C:\Users\domco\Desktop\DP\repos\junit5\junit-jupiter-engine\src\test\java\org\junit\jupiter\engine\extension\ParameterResolverTests.java,466,2,474,3,0.0,0,0,0,0.0,0.0,0,0,1,0,0,1,4,1,0,2,3,0.0,0.0,0,0,0,1,0.0,0,0,0,0,0,0,8,9,0,0,0,0,1,0,0,0,1,2,0,0,0,8,9,0,0,0,0,1,0,0,0,1,2,0,0,0,0,0,5,0,4,3,0,1,0,0,0,0,5,0,0,0,0,0,0,0,0
869,L11269,ProgrammaticExtensionRegistrationTests$InstanceLevelExtensionRegistrationTestCase,org.junit.jupiter.engine.extension.ProgrammaticExtensionRegistrationTests$InstanceLevelExtensionRegistrationTestCase,L11263,L103,C:\Users\domco\Desktop\DP\repos\junit5\junit-jupiter-engine\src\test\java\org\junit\jupiter\engine\extension\ProgrammaticExtensionRegistrationTests.java,96,2,116,3,0.0,0,0,0,0.0,0.0,0,0,1,0,0,3,5,1,0,1,4,0.0,0.0,0,0,0,1,0.0,0,0,0,0,0,0,16,21,1,0,1,0,3,0,0,0,3,3,0,0,0,16,21,1,0,1,0,3,0,0,0,3,3,0,0,0,0,0,9,3,4,0,0,4,0,0,0,0,9,0,3,0,0,0,0,0,0
870,L11273,ProgrammaticExtensionRegistrationTests$InstanceLevelExtensionRegistrationWithInjectedExtensionTestCase,org.junit.jupiter.engine.extension.ProgrammaticExtensionRegistrationTests$InstanceLevelExtensionRegistrationWithInjectedExtensionTestCase,L11263,L103,C:\Users\domco\Desktop\DP\repos\junit5\junit-jupiter-engine\src\test\java\org\junit\jupiter\engine\extension\ProgrammaticExtensionRegistrationTests.java,118,2,139,3,0.0,0,0,0,0.0,0.0,0,0,1,0,0,3,7,1,0,1,4,0.0,0.0555556,1,0,0,1,0.0555556,1,0,0,0,0,0,17,22,1,0,1,0,3,0,0,0,3,3,0,0,0,17,22,1,0,1,0,3,0,0,0,3,3,0,0,0,0,0,9,0,3,0,0,3,0,0,0,0,9,0,0,0,0,0,0,0,0
871,L11277,ProgrammaticExtensionRegistrationTests$InstanceLevelExtensionRegistrationWithTestInstancePerClassLifecycleTestCase,org.junit.jupiter.engine.extension.ProgrammaticExtensionRegistrationTests$InstanceLevelExtensionRegistrationWithTestInstancePerClassLifecycleTestCase,L11263,L103,C:\Users\domco\Desktop\DP\repos\junit5\junit-jupiter-engine\src\test\java\org\junit\jupiter\engine\extension\ProgrammaticExtensionRegistrationTests.java,141,2,172,3,0.0,0,0,0,0.0,0.0,0,0,1,0,0,5,8,1,0,1,6,0.0,0.0,0,0,0,1,0.0,0,0,0,0,0,0,25,32,1,0,1,0,5,0,0,0,5,5,0,0,0,25,32,1,0,1,0,5,0,0,0,5,5,0,0,0,0,0,13,0,6,0,0,6,0,0,0,0,13,0,0,0,0,0,0,0,0
872,L11281,ProgrammaticExtensionRegistrationTests$ClassLevelExtensionRegistrationTestCase,org.junit.jupiter.engine.extension.ProgrammaticExtensionRegistrationTests$ClassLevelExtensionRegistrationTestCase,L11263,L103,C:\Users\domco\Desktop\DP\repos\junit5\junit-jupiter-engine\src\test\java\org\junit\jupiter\engine\extension\ProgrammaticExtensionRegistrationTests.java,174,2,204,3,0.0,0,0,0,0.0,0.0,0,0,1,0,0,5,7,2,0,1,6,0.0,0.0,0,0,0,1,0.0,0,0,0,1,1,0,24,31,1,0,1,0,5,0,0,0,5,5,0,0,0,24,31,1,0,1,0,5,0,0,0,5,5,0,0,0,0,0,13,0,6,0,0,6,0,0,0,0,13,0,0,0,0,0,0,0,0
873,L11285,ProgrammaticExtensionRegistrationTests$SubClassLevelExtensionRegistrationTestCase,org.junit.jupiter.engine.extension.ProgrammaticExtensionRegistrationTests$SubClassLevelExtensionRegistrationTestCase,L11263,L103,C:\Users\domco\Desktop\DP\repos\junit5\junit-jupiter-engine\src\test\java\org\junit\jupiter\engine\extension\ProgrammaticExtensionRegistrationTests.java,206,2,214,3,0.0,0,0,0,0.0,0.0,0,0,1,0,0,1,3,1,0,1,2,0.0,0.0,0,0,0,1,0.0,0,1,1,0,0,1,7,9,1,0,0,0,1,0,0,0,6,1,0,0,0,7,9,1,0,0,0,1,0,0,0,6,1,0,0,0,0,0,5,0,1,0,0,1,0,0,0,0,5,0,0,0,0,0,0,0,0
874,L11289,ProgrammaticExtensionRegistrationTests$ExtensionRegistrationFromInterfaceTestCase,org.junit.jupiter.engine.extension.ProgrammaticExtensionRegistrationTests$ExtensionRegistrationFromInterfaceTestCase,L11263,L103,C:\Users\domco\Desktop\DP\repos\junit5\junit-jupiter-engine\src\test\java\org\junit\jupiter\engine\extension\ProgrammaticExtensionRegistrationTests.java,243,2,250,3,0.0,0,0,0,0.0,0.0,0,0,1,0,0,1,3,1,0,1,2,0.0,0.0,0,0,0,1,0.0,0,1,1,0,0,1,6,8,1,0,0,0,1,0,0,0,5,1,1,4,0,6,8,1,0,0,0,1,0,0,0,5,1,1,4,0,0,0,7,0,1,0,0,1,0,0,0,0,5,0,0,0,0,0,0,2,0
875,L11296,ProgrammaticExtensionRegistrationTests$CrystalBall,org.junit.jupiter.engine.extension.ProgrammaticExtensionRegistrationTests$CrystalBall,L11263,L103,C:\Users\domco\Desktop\DP\repos\junit5\junit-jupiter-engine\src\test\java\org\junit\jupiter\engine\extension\ProgrammaticExtensionRegistrationTests.java,252,2,270,3,0.0,0,0,0,0.0,0.0,0,0,2,0,0,3,3,6,0,1,4,0.0,0.0,0,0,0,4,0.0,0,2,2,0,0,1,14,19,1,0,1,0,3,0,3,0,3,3,0,3,0,14,19,1,0,1,0,3,0,3,0,3,3,0,3,0,0,0,10,0,0,0,0,0,1,0,0,0,9,0,0,0,0,0,0,0,0
876,L11311,ProgrammaticExtensionRegistrationTests$ExtensionInjector,org.junit.jupiter.engine.extension.ProgrammaticExtensionRegistrationTests$ExtensionInjector,L11263,L103,C:\Users\domco\Desktop\DP\repos\junit5\junit-jupiter-engine\src\test\java\org\junit\jupiter\engine\extension\ProgrammaticExtensionRegistrationTests.java,278,2,300,3,0.0,0,0,0,0.0,0.0,0,0,1,0,0,1,4,1,0,1,2,0.5,0.421053,8,6,1,1,0.421053,8,2,2,0,0,1,11,23,1,0,1,0,1,0,1,0,1,1,0,1,0,11,23,1,0,1,0,1,0,1,0,1,1,0,1,0,0,0,3,1,0,0,0,0,0,0,0,0,3,0,1,0,0,0,0,0,0
877,L11427,RepeatedTestTests$TestCase,org.junit.jupiter.engine.extension.RepeatedTestTests$TestCase,L11386,L103,C:\Users\domco\Desktop\DP\repos\junit5\junit-jupiter-engine\src\test\java\org\junit\jupiter\engine\extension\RepeatedTestTests.java,167,2,184,3,0.0,0,0,0,0.0,0.0,0,0,4,0,0,4,1,1,0,0,4,0.0,0.0,0,0,0,1,0.0,0,0,0,0,0,0,14,18,0,0,0,0,4,0,0,0,4,0,0,0,0,14,18,0,0,0,0,4,0,0,0,4,0,0,0,0,0,0,12,0,8,0,0,4,1,0,0,0,11,4,0,0,0,0,0,0,0
878,L11458,ScriptExecutionConditionTests$SimpleTestCases,org.junit.jupiter.engine.extension.ScriptExecutionConditionTests$SimpleTestCases,L11454,L103,C:\Users\domco\Desktop\DP\repos\junit5\junit-jupiter-engine\src\test\java\org\junit\jupiter\engine\extension\ScriptExecutionConditionTests.java,142,2,165,3,0.0,0,0,0,0.0,0.0,0,0,4,0,0,4,4,1,0,1,5,0.0,0.0,0,0,0,1,0.0,0,0,0,0,0,0,20,24,0,0,0,0,4,0,0,0,4,2,0,0,0,20,24,0,0,0,0,4,0,0,0,4,2,0,0,0,0,0,12,2,6,2,0,4,1,0,0,0,11,2,0,0,0,0,0,0,0
879,L10943,SystemPropertyCondition,org.junit.jupiter.engine.extension.sub.SystemPropertyCondition,L11525,L103,C:\Users\domco\Desktop\DP\repos\junit5\junit-jupiter-engine\src\test\java\org\junit\jupiter\engine\extension\sub\SystemPropertyCondition.java,35,1,66,2,0.0,0,0,0,0.0,0.0,0,0,1,2,2,3,5,2,0,6,7,0.5,0.32,8,8,1,1,0.25,8,2,2,0,0,1,17,23,0,0,0,0,1,0,1,0,1,9,0,1,0,24,32,0,0,0,0,3,0,1,0,3,9,0,1,0,0,0,10,0,0,0,0,0,0,0,0,0,10,0,0,0,0,0,0,0,0
880,L11554,TestExecutionExceptionHandlerTests$ATestCase,org.junit.jupiter.engine.extension.TestExecutionExceptionHandlerTests$ATestCase,L11539,L103,C:\Users\domco\Desktop\DP\repos\junit5\junit-jupiter-engine\src\test\java\org\junit\jupiter\engine\extension\TestExecutionExceptionHandlerTests.java,137,2,165,3,0.0,0,0,0,0.0,0.0,0,0,4,0,0,4,6,1,0,0,4,1.0,0.0384615,1,1,1,0,0.0384615,1,0,0,0,0,0,25,29,0,0,0,0,4,0,0,0,4,4,0,0,0,25,29,0,0,0,0,4,0,0,0,4,4,0,0,0,0,0,11,6,4,4,0,4,1,0,0,2,10,0,0,0,0,0,0,0,0
881,L11573,TestExecutionExceptionHandlerTests$RethrowException,org.junit.jupiter.engine.extension.TestExecutionExceptionHandlerTests$RethrowException,L11539,L103,C:\Users\domco\Desktop\DP\repos\junit5\junit-jupiter-engine\src\test\java\org\junit\jupiter\engine\extension\TestExecutionExceptionHandlerTests.java,167,2,179,3,0.0,0,0,0,0.0,0.0,0,0,1,0,0,1,4,2,0,1,2,0.0,0.0,0,0,0,2,0.0,0,2,2,0,0,1,10,13,1,0,1,0,1,0,1,0,1,4,0,1,0,10,13,1,0,1,0,1,0,1,0,1,4,0,1,0,0,0,5,0,3,1,0,1,0,0,0,0,5,0,0,0,0,1,0,0,0
882,L11577,TestExecutionExceptionHandlerTests$SwallowException,org.junit.jupiter.engine.extension.TestExecutionExceptionHandlerTests$SwallowException,L11539,L103,C:\Users\domco\Desktop\DP\repos\junit5\junit-jupiter-engine\src\test\java\org\junit\jupiter\engine\extension\TestExecutionExceptionHandlerTests.java,181,2,192,3,0.0,0,0,0,0.0,0.0,0,0,1,0,0,1,4,2,0,1,2,0.0,0.1,1,0,0,2,0.1,1,2,2,0,0,1,9,12,1,0,1,0,1,0,1,0,1,3,0,1,0,9,12,1,0,1,0,1,0,1,0,1,3,0,1,0,0,0,5,0,3,1,0,1,0,0,0,0,5,0,0,0,0,1,0,0,0
883,L11581,TestExecutionExceptionHandlerTests$ConvertException,org.junit.jupiter.engine.extension.TestExecutionExceptionHandlerTests$ConvertException,L11539,L103,C:\Users\domco\Desktop\DP\repos\junit5\junit-jupiter-engine\src\test\java\org\junit\jupiter\engine\extension\TestExecutionExceptionHandlerTests.java,194,2,206,3,0.0,0,0,0,0.0,0.0,0,0,1,0,0,1,4,2,0,1,2,0.0,0.0,0,0,0,2,0.0,0,2,2,0,0,1,10,13,1,0,1,0,1,0,1,0,1,4,0,1,0,10,13,1,0,1,0,1,0,1,0,1,4,0,1,0,0,0,5,0,3,1,0,1,0,0,0,0,5,0,0,0,0,1,0,0,0
884,L11585,TestExecutionExceptionHandlerTests$ShouldNotBeCalled,org.junit.jupiter.engine.extension.TestExecutionExceptionHandlerTests$ShouldNotBeCalled,L11539,L103,C:\Users\domco\Desktop\DP\repos\junit5\junit-jupiter-engine\src\test\java\org\junit\jupiter\engine\extension\TestExecutionExceptionHandlerTests.java,208,2,216,3,0.0,0,0,0,0.0,0.0,0,0,1,0,0,1,2,2,0,0,1,0.0,0.0,0,0,0,2,0.0,0,2,2,0,0,1,7,9,1,0,1,0,1,0,1,0,1,1,0,1,0,7,9,1,0,1,0,1,0,1,0,1,1,0,1,0,0,0,5,0,2,0,0,1,0,0,0,0,5,0,0,0,0,1,0,0,0
885,L11633,TestInstanceFactoryTests$MultipleFactoriesRegisteredOnSingleTestCase,org.junit.jupiter.engine.extension.TestInstanceFactoryTests$MultipleFactoriesRegisteredOnSingleTestCase,L11626,L103,C:\Users\domco\Desktop\DP\repos\junit5\junit-jupiter-engine\src\test\java\org\junit\jupiter\engine\extension\TestInstanceFactoryTests.java,386,2,393,3,0.0,0,0,0,0.0,0.0,0,0,1,0,0,1,5,1,0,0,1,1.0,0.125,1,1,1,0,0.125,1,0,0,0,0,0,7,8,0,0,0,0,1,0,0,0,1,1,0,0,0,7,8,0,0,0,0,1,0,0,0,1,1,0,0,0,0,0,4,1,1,1,0,1,0,0,0,0,4,0,0,0,0,0,0,0,0
886,L11656,TestInstanceFactoryTests$NullTestInstanceFactoryTestCase,org.junit.jupiter.engine.extension.TestInstanceFactoryTests$NullTestInstanceFactoryTestCase,L11626,L103,C:\Users\domco\Desktop\DP\repos\junit5\junit-jupiter-engine\src\test\java\org\junit\jupiter\engine\extension\TestInstanceFactoryTests.java,395,2,402,3,0.0,0,0,0,0.0,0.0,0,0,1,0,0,1,4,2,0,0,1,0.0,0.0,0,0,0,1,0.0,0,0,0,1,1,0,7,8,0,0,0,0,1,0,0,0,1,1,0,0,0,7,8,0,0,0,0,1,0,0,0,1,1,0,0,0,0,0,5,1,1,1,0,1,0,0,0,0,5,0,0,0,0,0,0,0,0
887,L11660,TestInstanceFactoryTests$PerClassLifecycleNullTestInstanceFactoryTestCase,org.junit.jupiter.engine.extension.TestInstanceFactoryTests$PerClassLifecycleNullTestInstanceFactoryTestCase,L11626,L103,C:\Users\domco\Desktop\DP\repos\junit5\junit-jupiter-engine\src\test\java\org\junit\jupiter\engine\extension\TestInstanceFactoryTests.java,404,2,406,3,0.0,0,0,0,0.0,0.0,0,0,0,0,0,0,2,1,0,0,0,0.0,0.0,0,0,0,1,0.0,0,1,1,0,0,1,3,3,0,0,0,0,0,0,0,0,1,0,0,0,0,3,3,0,0,0,0,0,0,0,0,1,0,0,0,0,0,0,3,0,0,0,0,0,0,0,0,0,3,0,0,0,0,0,0,0,0
888,L11664,TestInstanceFactoryTests$BogusTestInstanceFactoryTestCase,org.junit.jupiter.engine.extension.TestInstanceFactoryTests$BogusTestInstanceFactoryTestCase,L11626,L103,C:\Users\domco\Desktop\DP\repos\junit5\junit-jupiter-engine\src\test\java\org\junit\jupiter\engine\extension\TestInstanceFactoryTests.java,408,2,415,3,0.0,0,0,0,0.0,0.0,0,0,1,0,0,1,4,2,0,0,1,0.0,0.0,0,0,0,1,0.0,0,0,0,1,1,0,7,8,0,0,0,0,1,0,0,0,1,1,0,0,0,7,8,0,0,0,0,1,0,0,0,1,1,0,0,0,0,0,5,1,1,1,0,1,0,0,0,0,5,0,0,0,0,0,0,0,0
889,L11668,TestInstanceFactoryTests$PerClassLifecycleBogusTestInstanceFactoryTestCase,org.junit.jupiter.engine.extension.TestInstanceFactoryTests$PerClassLifecycleBogusTestInstanceFactoryTestCase,L11626,L103,C:\Users\domco\Desktop\DP\repos\junit5\junit-jupiter-engine\src\test\java\org\junit\jupiter\engine\extension\TestInstanceFactoryTests.java,417,2,419,3,0.0,0,0,0,0.0,0.0,0,0,0,0,0,0,2,1,0,0,0,0.0,0.0,0,0,0,1,0.0,0,1,1,0,0,1,3,3,0,0,0,0,0,0,0,0,1,0,0,0,0,3,3,0,0,0,0,0,0,0,0,1,0,0,0,0,0,0,3,0,0,0,0,0,0,0,0,0,3,0,0,0,0,0,0,0,0
890,L11672,TestInstanceFactoryTests$ExplosiveTestInstanceFactoryTestCase,org.junit.jupiter.engine.extension.TestInstanceFactoryTests$ExplosiveTestInstanceFactoryTestCase,L11626,L103,C:\Users\domco\Desktop\DP\repos\junit5\junit-jupiter-engine\src\test\java\org\junit\jupiter\engine\extension\TestInstanceFactoryTests.java,421,2,428,3,0.0,0,0,0,0.0,0.0,0,0,1,0,0,1,4,2,0,0,1,0.0,0.0,0,0,0,1,0.0,0,0,0,1,1,0,7,8,0,0,0,0,1,0,0,0,1,1,0,0,0,7,8,0,0,0,0,1,0,0,0,1,1,0,0,0,0,0,5,1,1,1,0,1,0,0,0,0,5,0,0,0,0,0,0,0,0
891,L11679,TestInstanceFactoryTests$PerClassLifecycleExplosiveTestInstanceFactoryTestCase,org.junit.jupiter.engine.extension.TestInstanceFactoryTests$PerClassLifecycleExplosiveTestInstanceFactoryTestCase,L11626,L103,C:\Users\domco\Desktop\DP\repos\junit5\junit-jupiter-engine\src\test\java\org\junit\jupiter\engine\extension\TestInstanceFactoryTests.java,430,2,432,3,0.0,0,0,0,0.0,0.0,0,0,0,0,0,0,2,1,0,0,0,0.0,0.0,0,0,0,1,0.0,0,1,1,0,0,1,3,3,0,0,0,0,0,0,0,0,1,0,0,0,0,3,3,0,0,0,0,0,0,0,0,1,0,0,0,0,0,0,3,0,0,0,0,0,0,0,0,0,3,0,0,0,0,0,0,0,0
892,L11687,TestInstanceFactoryTests$ParentTestCase,org.junit.jupiter.engine.extension.TestInstanceFactoryTests$ParentTestCase,L11626,L103,C:\Users\domco\Desktop\DP\repos\junit5\junit-jupiter-engine\src\test\java\org\junit\jupiter\engine\extension\TestInstanceFactoryTests.java,434,2,441,3,0.0,0,0,0,0.0,0.0,0,0,1,0,0,1,4,3,0,0,1,0.0,0.0,0,0,0,1,0.0,0,0,0,2,2,0,7,8,0,0,0,0,1,0,0,0,1,1,0,0,0,7,8,0,0,0,0,1,0,0,0,1,1,0,0,0,0,0,5,1,1,1,0,1,0,0,0,0,5,0,0,0,0,0,0,0,0
893,L11691,TestInstanceFactoryTests$InheritedFactoryTestCase,org.junit.jupiter.engine.extension.TestInstanceFactoryTests$InheritedFactoryTestCase,L11626,L103,C:\Users\domco\Desktop\DP\repos\junit5\junit-jupiter-engine\src\test\java\org\junit\jupiter\engine\extension\TestInstanceFactoryTests.java,443,2,449,3,0.0,0,0,0,0.0,0.0,0,0,1,0,0,1,3,1,0,0,1,0.0,0.0,0,0,0,1,0.0,0,1,1,0,0,1,6,7,0,0,0,0,1,0,0,0,2,1,0,0,0,6,7,0,0,0,0,1,0,0,0,2,1,0,0,0,0,0,5,1,1,1,0,1,0,0,0,0,5,0,0,0,0,0,0,0,0
894,L11643,TestInstanceFactoryTests$MultipleFactoriesRegisteredWithinClassHierarchyTestCase,org.junit.jupiter.engine.extension.TestInstanceFactoryTests$MultipleFactoriesRegisteredWithinClassHierarchyTestCase,L11626,L103,C:\Users\domco\Desktop\DP\repos\junit5\junit-jupiter-engine\src\test\java\org\junit\jupiter\engine\extension\TestInstanceFactoryTests.java,451,2,458,3,0.0,0,0,0,0.0,0.0,0,0,1,0,0,1,5,1,0,0,1,0.0,0.0,0,0,0,1,0.0,0,1,1,0,0,1,7,8,0,0,0,0,1,0,0,0,2,1,0,0,0,7,8,0,0,0,0,1,0,0,0,2,1,0,0,0,0,0,5,1,1,1,0,1,0,0,0,0,5,0,0,0,0,0,0,0,0
895,L11695,TestInstanceFactoryTests$OuterTestCase,org.junit.jupiter.engine.extension.TestInstanceFactoryTests$OuterTestCase,L11626,L103,C:\Users\domco\Desktop\DP\repos\junit5\junit-jupiter-engine\src\test\java\org\junit\jupiter\engine\extension\TestInstanceFactoryTests.java,460,2,485,3,0.0,0,0,0,0.0,0.0,0,0,1,0,0,1,4,1,0,0,1,0.0,0.0,0,0,0,1,0.0,0,0,0,0,0,0,7,9,0,0,0,0,1,0,0,0,1,1,0,0,0,21,26,0,0,0,0,3,0,0,0,3,3,0,0,0,0,0,15,3,3,3,0,3,0,0,0,0,15,0,0,0,0,0,0,0,0
896,L11647,TestInstanceFactoryTests$MultipleFactoriesRegisteredWithinNestedClassStructureTestCase,org.junit.jupiter.engine.extension.TestInstanceFactoryTests$MultipleFactoriesRegisteredWithinNestedClassStructureTestCase,L11626,L103,C:\Users\domco\Desktop\DP\repos\junit5\junit-jupiter-engine\src\test\java\org\junit\jupiter\engine\extension\TestInstanceFactoryTests.java,487,2,502,3,0.0,0,0,0,0.0,0.0,0,0,1,0,0,1,3,1,0,0,1,0.0,0.0,0,0,0,1,0.0,0,0,0,0,0,0,6,8,0,0,0,0,1,0,0,0,1,0,0,0,0,13,16,0,0,0,0,2,0,0,0,2,0,0,0,0,0,0,10,2,4,2,0,2,0,0,0,0,10,2,0,0,0,0,0,0,0
897,L11699,TestInstanceFactoryTests$FactoryFromInterfaceTestCase,org.junit.jupiter.engine.extension.TestInstanceFactoryTests$FactoryFromInterfaceTestCase,L11626,L103,C:\Users\domco\Desktop\DP\repos\junit5\junit-jupiter-engine\src\test\java\org\junit\jupiter\engine\extension\TestInstanceFactoryTests.java,508,2,514,3,0.0,0,0,0,0.0,0.0,0,0,1,0,0,1,3,1,0,0,1,0.0,0.0,0,0,0,1,0.0,0,1,1,0,0,1,6,7,0,0,0,0,1,0,0,0,1,1,0,0,0,6,7,0,0,0,0,1,0,0,0,1,1,0,0,0,0,0,5,1,1,1,0,1,0,0,0,0,5,0,0,0,0,0,0,0,0
898,L11703,TestInstanceFactoryTests$LambdaFactoryTestCase,org.junit.jupiter.engine.extension.TestInstanceFactoryTests$LambdaFactoryTestCase,L11626,L103,C:\Users\domco\Desktop\DP\repos\junit5\junit-jupiter-engine\src\test\java\org\junit\jupiter\engine\extension\TestInstanceFactoryTests.java,516,2,536,3,0.0,0,0,0,0.0,0.0,0,0,1,0,0,3,4,1,0,0,3,0.0,0.0,0,0,0,1,0.0,0,0,0,0,0,0,16,21,2,0,2,0,3,0,0,0,3,3,0,0,0,16,21,2,0,2,0,3,0,0,0,3,3,0,0,0,0,0,9,1,3,1,0,3,0,0,0,0,9,0,0,0,0,0,0,0,0
899,L11707,TestInstanceFactoryTests$PerClassLifecycleTestCase,org.junit.jupiter.engine.extension.TestInstanceFactoryTests$PerClassLifecycleTestCase,L11626,L103,C:\Users\domco\Desktop\DP\repos\junit5\junit-jupiter-engine\src\test\java\org\junit\jupiter\engine\extension\TestInstanceFactoryTests.java,538,2,572,3,0.0,0,0,0,0.0,0.0,0,0,5,0,0,6,8,1,0,0,6,0.0,0.0,0,0,0,1,0.0,0,0,0,0,0,0,28,35,1,0,1,0,6,0,0,0,6,6,0,0,0,28,35,1,0,1,0,6,0,0,0,6,6,0,0,0,0,0,16,2,6,2,0,6,1,0,0,0,15,0,0,0,0,0,0,0,0
900,L11683,TestInstanceFactoryTests$ProxiedTestCase,org.junit.jupiter.engine.extension.TestInstanceFactoryTests$ProxiedTestCase,L11626,L103,C:\Users\domco\Desktop\DP\repos\junit5\junit-jupiter-engine\src\test\java\org\junit\jupiter\engine\extension\TestInstanceFactoryTests.java,574,2,587,3,0.0,0,0,0,0.0,0.0,0,0,2,0,0,2,5,1,0,0,2,0.0,0.0,0,0,0,1,0.0,0,0,0,0,0,0,12,14,0,0,0,0,2,0,0,0,2,2,0,0,0,12,14,0,0,0,0,2,0,0,0,2,2,0,0,0,0,0,8,2,2,2,0,2,1,0,0,0,7,0,0,0,0,0,0,0,0
901,L11776,TestInstanceFactoryTests$AbstractTestInstanceFactory,org.junit.jupiter.engine.extension.TestInstanceFactoryTests$AbstractTestInstanceFactory,L11626,L103,C:\Users\domco\Desktop\DP\repos\junit5\junit-jupiter-engine\src\test\java\org\junit\jupiter\engine\extension\TestInstanceFactoryTests.java,591,2,604,3,0.0,0,0,0,0.0,0.0,0,0,1,1,1,2,5,2,0,4,5,0.5,0.153846,2,1,1,1,0.153846,2,2,2,2,2,1,11,14,0,0,0,0,1,0,1,0,1,5,0,1,0,11,14,0,0,0,0,1,0,1,0,1,5,0,1,0,0,0,5,0,0,0,0,0,0,0,0,0,5,0,0,0,0,0,0,0,0
902,L11636,TestInstanceFactoryTests$FooInstanceFactory,org.junit.jupiter.engine.extension.TestInstanceFactoryTests$FooInstanceFactory,L11626,L103,C:\Users\domco\Desktop\DP\repos\junit5\junit-jupiter-engine\src\test\java\org\junit\jupiter\engine\extension\TestInstanceFactoryTests.java,606,2,607,3,0.0,0,0,0,0.0,0.0,0,0,0,0,0,0,1,7,0,0,0,0.0,0.0,0,0,0,1,0.0,0,3,3,0,0,1,2,2,0,0,0,0,0,0,0,0,1,0,0,1,0,2,2,0,0,0,0,0,0,0,0,1,0,0,1,0,0,0,3,0,0,0,0,0,0,0,0,0,3,0,0,0,0,0,0,0,0
903,L11639,TestInstanceFactoryTests$BarInstanceFactory,org.junit.jupiter.engine.extension.TestInstanceFactoryTests$BarInstanceFactory,L11626,L103,C:\Users\domco\Desktop\DP\repos\junit5\junit-jupiter-engine\src\test\java\org\junit\jupiter\engine\extension\TestInstanceFactoryTests.java,609,2,610,3,0.0,0,0,0,0.0,0.0,0,0,0,0,0,0,1,4,0,0,0,0.0,0.0,0,0,0,1,0.0,0,3,3,0,0,1,2,2,0,0,0,0,0,0,0,0,1,0,0,1,0,2,2,0,0,0,0,0,0,0,0,1,0,0,1,0,0,0,3,0,0,0,0,0,0,0,0,0,3,0,0,0,0,0,0,0,0
904,L11715,TestInstanceFactoryTests$NullTestInstanceFactory,org.junit.jupiter.engine.extension.TestInstanceFactoryTests$NullTestInstanceFactory,L11626,L103,C:\Users\domco\Desktop\DP\repos\junit5\junit-jupiter-engine\src\test\java\org\junit\jupiter\engine\extension\TestInstanceFactoryTests.java,615,2,621,3,0.0,0,0,0,0.0,0.0,0,0,1,0,0,1,3,1,0,0,1,0.5,0.333333,3,3,1,1,0.333333,3,2,2,0,0,1,6,7,0,0,0,0,1,0,1,0,1,1,0,1,0,6,7,0,0,0,0,1,0,1,0,1,1,0,1,0,0,0,3,0,0,0,0,0,0,0,0,0,3,0,0,0,0,0,0,0,0
905,L11722,TestInstanceFactoryTests$BogusTestInstanceFactory,org.junit.jupiter.engine.extension.TestInstanceFactoryTests$BogusTestInstanceFactory,L11626,L103,C:\Users\domco\Desktop\DP\repos\junit5\junit-jupiter-engine\src\test\java\org\junit\jupiter\engine\extension\TestInstanceFactoryTests.java,627,2,633,3,0.0,0,0,0,0.0,0.0,0,0,1,0,0,1,3,1,0,0,1,0.5,0.4,4,4,1,1,0.4,4,2,2,0,0,1,6,7,0,0,0,0,1,0,1,0,1,1,0,1,0,6,7,0,0,0,0,1,0,1,0,1,1,0,1,0,0,0,3,0,0,0,0,0,0,0,0,0,3,0,0,0,0,0,0,0,0
906,L11675,TestInstanceFactoryTests$ExplosiveTestInstanceFactory,org.junit.jupiter.engine.extension.TestInstanceFactoryTests$ExplosiveTestInstanceFactory,L11626,L103,C:\Users\domco\Desktop\DP\repos\junit5\junit-jupiter-engine\src\test\java\org\junit\jupiter\engine\extension\TestInstanceFactoryTests.java,638,2,644,3,0.0,0,0,0,0.0,0.0,0,0,1,0,0,1,3,2,0,0,1,0.5,0.333333,3,3,1,1,0.333333,3,2,2,0,0,1,6,7,0,0,0,0,1,0,1,0,1,1,0,1,0,6,7,0,0,0,0,1,0,1,0,1,1,0,1,0,0,0,3,1,0,0,0,0,0,0,0,1,3,0,0,0,0,0,0,0,0
907,L11770,TestInstanceFactoryTests$ProxyTestInstanceFactory,org.junit.jupiter.engine.extension.TestInstanceFactoryTests$ProxyTestInstanceFactory,L11626,L103,C:\Users\domco\Desktop\DP\repos\junit5\junit-jupiter-engine\src\test\java\org\junit\jupiter\engine\extension\TestInstanceFactoryTests.java,651,2,668,3,0.0,0,0,0,0.0,0.0,0,0,1,1,1,2,6,1,0,5,6,0.5,0.285714,6,5,1,1,0.285714,6,2,2,0,0,1,15,18,0,0,0,0,1,0,1,0,1,7,0,1,0,15,18,0,0,0,0,1,0,1,0,1,7,0,1,0,0,0,3,2,0,0,0,0,0,0,0,2,3,0,0,0,0,0,0,0,0
908,L11811,TestInstanceFactoryTests$ProxyClassLoader,org.junit.jupiter.engine.extension.TestInstanceFactoryTests$ProxyClassLoader,L11626,L103,C:\Users\domco\Desktop\DP\repos\junit5\junit-jupiter-engine\src\test\java\org\junit\jupiter\engine\extension\TestInstanceFactoryTests.java,670,2,682,3,0.0,0,0,0,0.0,0.0,0,0,1,0,0,3,1,1,1,0,2,0.0,0.0,0,0,0,2,0.0,0,0,0,0,0,0,11,13,0,0,0,0,2,0,1,0,2,2,0,1,0,11,13,0,0,0,0,2,0,1,0,2,2,0,1,0,0,0,7,0,0,0,0,0,0,0,0,0,7,0,0,0,0,0,0,0,0
909,L11835,TestInstancePostProcessorTests$OuterTestCase,org.junit.jupiter.engine.extension.TestInstancePostProcessorTests$OuterTestCase,L11828,L103,C:\Users\domco\Desktop\DP\repos\junit5\junit-jupiter-engine\src\test\java\org\junit\jupiter\engine\extension\TestInstancePostProcessorTests.java,90,2,135,3,0.0,0,0,0,0.0,0.0,0,0,2,0,0,3,7,2,0,1,4,0.5,0.0555556,1,1,1,1,0.027027,1,1,1,0,0,1,17,23,1,0,1,0,3,0,1,1,3,4,0,1,1,36,46,2,0,2,0,6,0,2,2,6,9,0,2,2,0,0,20,1,8,4,0,4,2,0,0,0,18,0,1,0,0,0,0,0,0
910,L11839,TestInstancePostProcessorTests$TestCaseWithTestSpecificTestInstancePostProcessor,org.junit.jupiter.engine.extension.TestInstancePostProcessorTests$TestCaseWithTestSpecificTestInstancePostProcessor,L11828,L103,C:\Users\domco\Desktop\DP\repos\junit5\junit-jupiter-engine\src\test\java\org\junit\jupiter\engine\extension\TestInstancePostProcessorTests.java,137,2,157,3,0.0,0,0,0,0.0,0.0,0,0,2,0,0,3,7,1,0,1,4,0.0,0.0,0,0,0,2,0.0,0,1,1,0,0,1,17,21,1,0,1,0,3,0,1,1,3,4,0,1,1,17,21,1,0,1,0,3,0,1,1,3,4,0,1,1,0,0,10,0,3,1,0,2,1,0,0,0,9,0,0,0,0,0,0,0,0
911,L11846,TestInstancePostProcessorTests$FooInstancePostProcessor,org.junit.jupiter.engine.extension.TestInstancePostProcessorTests$FooInstancePostProcessor,L11828,L103,C:\Users\domco\Desktop\DP\repos\junit5\junit-jupiter-engine\src\test\java\org\junit\jupiter\engine\extension\TestInstancePostProcessorTests.java,159,2,168,3,0.0,0,0,0,0.0,0.0,0,0,1,1,1,2,4,2,0,2,3,0.0,0.0,0,0,0,2,0.0,0,2,2,0,0,1,9,10,0,0,0,0,1,0,1,0,1,3,0,1,0,9,10,0,0,0,0,1,0,1,0,1,3,0,1,0,0,0,5,0,0,0,0,0,0,0,0,0,5,0,0,0,0,0,0,0,0
912,L11857,TestInstancePostProcessorTests$BarInstancePostProcessor,org.junit.jupiter.engine.extension.TestInstancePostProcessorTests$BarInstancePostProcessor,L11828,L103,C:\Users\domco\Desktop\DP\repos\junit5\junit-jupiter-engine\src\test\java\org\junit\jupiter\engine\extension\TestInstancePostProcessorTests.java,170,2,179,3,0.0,0,0,0,0.0,0.0,0,0,1,1,1,2,4,1,0,2,3,0.0,0.0,0,0,0,2,0.0,0,2,2,0,0,1,9,10,0,0,0,0,1,0,1,0,1,3,0,1,0,9,10,0,0,0,0,1,0,1,0,1,3,0,1,0,0,0,5,0,0,0,0,0,0,0,0,0,5,0,0,0,0,0,0,0,0
913,L11903,TestReporterParameterResolverTests$Sample,org.junit.jupiter.engine.extension.TestReporterParameterResolverTests$Sample,L11888,L103,C:\Users\domco\Desktop\DP\repos\junit5\junit-jupiter-engine\src\test\java\org\junit\jupiter\engine\extension\TestReporterParameterResolverTests.java,64,2,72,3,0.0,0,0,0,0.0,0.0,0,0,2,0,0,2,1,1,0,0,2,0.0,0.0,0,0,0,1,0.0,0,0,0,0,0,0,6,9,0,0,0,0,2,0,0,0,2,0,0,0,0,6,9,0,0,0,0,2,0,0,0,2,0,0,0,0,0,0,8,0,4,0,0,2,1,0,0,0,7,2,0,0,0,0,0,0,0
914,L12025,ScriptAccessor$SystemPropertyAccessor,org.junit.jupiter.engine.script.ScriptAccessor$SystemPropertyAccessor,L10469,L103,C:\Users\domco\Desktop\DP\repos\junit5\junit-jupiter-engine\src\main\java\org\junit\jupiter\engine\script\ScriptAccessor.java,35,2,41,3,0.0,0,0,0,0.0,0.0,0,0,1,0,0,1,1,0,0,0,1,0.0,0.0,0,0,0,2,0.0,0,1,1,0,0,1,6,7,0,0,0,0,1,0,1,0,1,1,0,1,0,6,7,0,0,0,0,1,0,1,0,1,1,0,1,0,0,0,5,0,0,0,0,0,0,0,0,0,5,0,0,0,0,0,0,0,0
915,L12029,ScriptAccessor$EnvironmentVariableAccessor,org.junit.jupiter.engine.script.ScriptAccessor$EnvironmentVariableAccessor,L10469,L103,C:\Users\domco\Desktop\DP\repos\junit5\junit-jupiter-engine\src\main\java\org\junit\jupiter\engine\script\ScriptAccessor.java,43,2,49,3,0.0,0,0,0,0.0,0.0,0,0,1,0,0,1,1,0,0,0,1,0.0,0.0,0,0,0,2,0.0,0,1,1,0,0,1,6,7,0,0,0,0,1,0,1,0,1,1,0,1,0,6,7,0,0,0,0,1,0,1,0,1,1,0,1,0,0,0,5,0,0,0,0,0,0,0,0,0,5,0,0,0,0,0,0,0,0
916,L10472,ScriptAccessor$ConfigurationParameterAccessor,org.junit.jupiter.engine.script.ScriptAccessor$ConfigurationParameterAccessor,L10469,L103,C:\Users\domco\Desktop\DP\repos\junit5\junit-jupiter-engine\src\main\java\org\junit\jupiter\engine\script\ScriptAccessor.java,51,2,63,3,0.0,0,0,0,0.0,0.0,0,0,1,0,0,2,2,1,1,1,3,0.0,0.0,0,0,0,3,0.0,0,1,1,0,0,1,10,13,1,0,1,0,2,0,2,0,2,2,0,2,0,10,13,1,0,1,0,2,0,2,0,2,2,0,2,0,0,0,7,0,0,0,0,0,0,0,0,0,7,0,0,0,0,0,0,0,0
917,L12258,AbstractNonGenericTests$B,org.junit.jupiter.engine.bridge.AbstractNonGenericTests$B,L12247,L103,C:\Users\domco\Desktop\DP\repos\junit5\junit-jupiter-engine\src\test\java\org\junit\jupiter\engine\bridge\AbstractNonGenericTests.java,34,2,47,3,0.0,0,0,0,0.0,0.0,0,0,2,0,0,2,4,2,0,1,3,0.0,0.0,0,0,0,1,0.0,0,1,1,1,1,1,11,14,0,0,0,0,2,0,0,0,4,3,0,0,0,11,14,0,0,0,0,2,0,0,0,4,3,0,0,0,0,0,8,2,4,2,0,4,1,0,0,0,7,0,0,0,0,0,0,0,0
918,L12271,AbstractNonGenericTests$C,org.junit.jupiter.engine.bridge.AbstractNonGenericTests$C,L12247,L103,C:\Users\domco\Desktop\DP\repos\junit5\junit-jupiter-engine\src\test\java\org\junit\jupiter\engine\bridge\AbstractNonGenericTests.java,49,2,63,3,0.0,0,0,0,0.0,0.0,0,0,2,0,0,2,4,1,0,1,3,0.0,0.0,0,0,0,1,0.0,0,2,2,0,0,1,12,15,0,0,0,0,2,0,0,0,6,3,0,0,0,12,15,0,0,0,0,2,0,0,0,6,3,0,0,0,0,0,8,2,4,2,0,4,1,0,0,0,7,0,0,0,0,0,0,0,0
919,L12298,NumberTestGroup$ByteTestCase,org.junit.jupiter.engine.bridge.NumberTestGroup$ByteTestCase,L12347,L103,C:\Users\domco\Desktop\DP\repos\junit5\junit-jupiter-engine\src\test\java\org\junit\jupiter\engine\bridge\NumberTestGroup.java,23,2,40,3,0.0,0,0,0,0.0,0.0,0,0,2,0,0,2,4,1,0,3,5,0.0,0.0,0,0,0,1,0.0,0,1,1,0,0,1,16,18,0,0,0,0,2,0,0,0,3,7,0,0,0,16,18,0,0,0,0,2,0,0,0,3,7,0,0,0,0,0,8,0,3,1,0,2,1,0,0,0,7,0,0,0,0,0,0,0,0
920,L12301,NumberTestGroup$ShortTestCase,org.junit.jupiter.engine.bridge.NumberTestGroup$ShortTestCase,L12347,L103,C:\Users\domco\Desktop\DP\repos\junit5\junit-jupiter-engine\src\test\java\org\junit\jupiter\engine\bridge\NumberTestGroup.java,42,2,59,3,0.0,0,0,0,0.0,0.0,0,0,2,0,0,2,4,1,0,3,5,0.0,0.0,0,0,0,1,0.0,0,1,1,0,0,1,16,18,0,0,0,0,2,0,0,0,3,7,0,0,0,16,18,0,0,0,0,2,0,0,0,3,7,0,0,0,0,0,8,0,3,1,0,2,1,0,0,0,7,0,0,0,0,0,0,0,0
921,L12668,NestedTestClassesTests$TestCaseWithNesting$NestedTestCase,org.junit.jupiter.engine.NestedTestClassesTests$TestCaseWithNesting$NestedTestCase,L12650,L103,C:\Users\domco\Desktop\DP\repos\junit5\junit-jupiter-engine\src\test\java\org\junit\jupiter\engine\NestedTestClassesTests.java,104,3,115,4,0.0,0,0,0,0.0,0.0,0,0,2,0,0,2,3,0,0,1,3,0.0,0.0,0,0,0,1,0.0,0,0,0,0,0,0,10,12,0,0,0,0,2,0,0,0,2,1,0,0,0,10,12,0,0,0,0,2,0,0,0,2,1,0,0,0,0,0,8,2,3,2,0,2,1,0,0,0,7,1,0,0,0,0,0,0,0
922,L12684,NestedTestClassesTests$TestCaseWithDoubleNesting$NestedTestCase,org.junit.jupiter.engine.NestedTestClassesTests$TestCaseWithDoubleNesting$NestedTestCase,L12657,L103,C:\Users\domco\Desktop\DP\repos\junit5\junit-jupiter-engine\src\test\java\org\junit\jupiter\engine\NestedTestClassesTests.java,142,3,186,4,0.0,0,0,0,0.0,0.0,0,0,4,0,0,4,6,0,0,1,5,0.0,0.0,0,0,0,1,0.0,0,0,0,0,0,0,18,23,0,0,0,0,4,0,0,0,4,3,0,0,0,36,45,0,0,0,0,8,0,0,0,8,6,0,0,0,0,0,24,4,10,4,0,8,2,0,0,0,22,2,0,0,0,0,0,0,0
923,L12701,NestedTestClassesTests$InterfaceWithNestedClass$NestedInInterface,org.junit.jupiter.engine.NestedTestClassesTests$InterfaceWithNestedClass$NestedInInterface,L12700,L103,C:\Users\domco\Desktop\DP\repos\junit5\junit-jupiter-engine\src\test\java\org\junit\jupiter\engine\NestedTestClassesTests.java,191,3,198,4,0.0,0,0,0,0.0,0.0,0,0,1,0,0,1,3,0,0,1,2,0.0,0.0,0,0,0,1,0.0,0,0,0,0,0,0,7,8,0,0,0,0,1,0,0,0,1,1,0,0,0,7,8,0,0,0,0,1,0,0,0,1,1,0,0,0,0,0,5,0,1,0,0,1,0,0,0,0,5,0,0,0,0,0,0,0,0
924,L12708,NestedTestClassesTests$AbstractSuperClass$NestedInAbstractClass,org.junit.jupiter.engine.NestedTestClassesTests$AbstractSuperClass$NestedInAbstractClass,L12704,L103,C:\Users\domco\Desktop\DP\repos\junit5\junit-jupiter-engine\src\test\java\org\junit\jupiter\engine\NestedTestClassesTests.java,204,3,215,4,0.0,0,0,0,0.0,0.0,0,0,2,0,0,2,3,0,0,1,3,0.0,0.0,0,0,0,1,0.0,0,0,0,0,0,0,10,12,0,0,0,0,2,0,0,0,2,1,0,0,0,10,12,0,0,0,0,2,0,0,0,2,1,0,0,0,0,0,8,2,3,2,0,2,1,0,0,0,7,1,0,0,0,0,0,0,1.0
925,L13001,TestInstanceLifecycleExecutionModeTests$OuterTestCase$LevelOne,org.junit.jupiter.engine.TestInstanceLifecycleExecutionModeTests$OuterTestCase$LevelOne,L12975,L103,C:\Users\domco\Desktop\DP\repos\junit5\junit-jupiter-engine\src\test\java\org\junit\jupiter\engine\TestInstanceLifecycleExecutionModeTests.java,90,3,110,4,0.0,0,0,0,0.0,0.0,0,0,1,0,0,1,2,0,0,0,1,0.0,0.0,0,0,0,1,0.0,0,0,0,0,0,0,6,7,0,0,0,0,1,0,0,0,1,0,0,0,0,19,21,0,0,0,0,3,0,0,0,3,0,0,0,0,0,0,15,3,6,3,0,3,0,0,0,0,15,3,0,0,0,0,0,0,0
926,L13109,TestInstanceLifecycleTests$InstancePerMethodOuterTestCase$NestedInstancePerMethodTestCase,org.junit.jupiter.engine.TestInstanceLifecycleTests$InstancePerMethodOuterTestCase$NestedInstancePerMethodTestCase,L13106,L103,C:\Users\domco\Desktop\DP\repos\junit5\junit-jupiter-engine\src\test\java\org\junit\jupiter\engine\TestInstanceLifecycleTests.java,701,3,737,4,0.0,0,0,0,0.0,0.0,0,0,5,0,0,6,8,1,0,4,10,0.0,0.0645161,2,2,0,1,0.0645161,2,0,0,0,0,0,29,37,0,0,0,0,6,0,0,0,6,9,0,0,0,29,37,0,0,0,0,6,0,0,0,6,9,0,0,0,0,0,14,0,8,3,0,5,1,0,0,0,13,0,0,0,0,0,0,0,0
927,L13116,TestInstanceLifecycleTests$InstancePerClassOuterTestCase$NestedInstancePerClassTestCase,org.junit.jupiter.engine.TestInstanceLifecycleTests$InstancePerClassOuterTestCase$NestedInstancePerClassTestCase,L13113,L103,C:\Users\domco\Desktop\DP\repos\junit5\junit-jupiter-engine\src\test\java\org\junit\jupiter\engine\TestInstanceLifecycleTests.java,765,3,812,4,0.0,0,0,0,0.0,0.0,0,0,7,0,0,8,11,1,0,5,13,0.0,0.0,0,0,0,1,0.0,0,0,0,0,0,0,40,48,0,0,0,0,8,0,0,0,8,13,0,0,0,40,48,0,0,0,0,8,0,0,0,8,13,0,0,0,0,0,21,0,12,5,0,7,1,0,1,0,19,0,0,0,0,0,0,0,0
928,L13123,TestInstanceLifecycleTests$MixedLifecyclesOuterTestCase$NestedInstancePerClassTestCase,org.junit.jupiter.engine.TestInstanceLifecycleTests$MixedLifecyclesOuterTestCase$NestedInstancePerClassTestCase,L13120,L103,C:\Users\domco\Desktop\DP\repos\junit5\junit-jupiter-engine\src\test\java\org\junit\jupiter\engine\TestInstanceLifecycleTests.java,839,3,886,4,0.0,0,0,0,0.0,0.0,0,0,7,0,0,8,11,1,0,5,13,0.0,0.0,0,0,0,1,0.0,0,0,0,0,0,0,40,48,0,0,0,0,8,0,0,0,8,13,0,0,0,40,48,0,0,0,0,8,0,0,0,8,13,0,0,0,0,0,21,0,12,5,0,7,1,0,1,0,19,0,0,0,0,0,0,0,0
929,L13496,TestTemplateInvocationTests$InvocationContextProviderWithDynamicLifecycleCallbacks$LifecycleCallbackExtension,org.junit.jupiter.engine.TestTemplateInvocationTests$InvocationContextProviderWithDynamicLifecycleCallbacks$LifecycleCallbackExtension,L13403,L103,C:\Users\domco\Desktop\DP\repos\junit5\junit-jupiter-engine\src\test\java\org\junit\jupiter\engine\TestTemplateInvocationTests.java,724,3,752,4,0.0,0,0,0,0.0,0.0,0,0,5,0,0,5,7,1,0,0,5,0.0,0.0,0,0,0,6,0.0,0,2,6,0,0,5,24,29,0,0,0,0,5,0,5,0,5,6,0,5,0,24,29,0,0,0,0,5,0,5,0,5,6,0,5,0,0,0,16,0,0,0,0,0,1,0,0,0,13,0,0,2,0,0,0,0,0
930,L13524,TestTemplateInvocationTests$1,org.junit.jupiter.engine.TestTemplateInvocationTests$1,L13412,L103,C:\Users\domco\Desktop\DP\repos\junit5\junit-jupiter-engine\src\test\java\org\junit\jupiter\engine\TestTemplateInvocationTests.java,785,46,786,4,0.0,0,0,0,0.0,0.0,0,0,0,0,0,0,1,0,0,0,0,0.0,0.0,0,0,0,1,0.0,0,1,1,0,0,1,2,2,0,2,0,0,0,0,0,0,2,0,0,2,0,2,2,0,2,0,0,0,0,0,0,2,0,0,2,0,0,0,3,0,0,0,0,0,0,0,0,0,3,0,0,0,0,0,0,0,0
931,L13605,AbstractTestRuleAdapter,org.junit.jupiter.migrationsupport.rules.adapter.AbstractTestRuleAdapter,L13597,L103,C:\Users\domco\Desktop\DP\repos\junit5\junit-jupiter-migrationsupport\src\main\java\org\junit\jupiter\migrationsupport\rules\adapter\AbstractTestRuleAdapter.java,29,1,52,2,0.0,0,0,0,0.0,0.0,0,0,1,0,0,3,4,7,10,4,7,0.5,0.142857,3,3,1,1,0.142857,3,1,1,5,5,1,18,24,1,0,1,0,3,0,1,0,6,5,0,4,0,18,24,1,0,1,0,3,0,1,0,6,5,0,4,0,0,0,9,0,0,0,0,0,0,0,0,0,9,0,0,0,0,0,0,0,0
932,L13630,ExpectedExceptionAdapter,org.junit.jupiter.migrationsupport.rules.adapter.ExpectedExceptionAdapter,L13597,L103,C:\Users\domco\Desktop\DP\repos\junit5\junit-jupiter-migrationsupport\src\main\java\org\junit\jupiter\migrationsupport\rules\adapter\ExpectedExceptionAdapter.java,23,1,41,2,0.0,0,0,0,0.0,0.0,0,0,2,1,1,4,2,0,0,3,6,0.25,0.157895,3,3,1,3,0.157895,3,2,2,0,0,1,16,19,1,0,0,0,3,0,3,0,7,4,0,5,0,16,19,1,0,0,0,3,0,3,0,7,4,0,5,0,0,0,10,0,0,0,0,0,1,0,0,0,9,0,0,0,0,0,0,0,0
933,L13643,ExternalResourceAdapter,org.junit.jupiter.migrationsupport.rules.adapter.ExternalResourceAdapter,L13597,L103,C:\Users\domco\Desktop\DP\repos\junit5\junit-jupiter-migrationsupport\src\main\java\org\junit\jupiter\migrationsupport\rules\adapter\ExternalResourceAdapter.java,22,1,39,2,0.0,0,0,0,0.0,0.0,0,0,1,0,0,3,2,0,0,2,5,0.25,0.176471,3,3,1,3,0.176471,3,2,2,0,0,1,14,18,1,0,0,0,3,0,3,0,7,3,0,5,0,14,18,1,0,0,0,3,0,3,0,7,3,0,5,0,0,0,9,0,0,0,0,0,0,0,0,0,9,0,0,0,0,0,0,0,0
934,L13654,VerifierAdapter,org.junit.jupiter.migrationsupport.rules.adapter.VerifierAdapter,L13597,L103,C:\Users\domco\Desktop\DP\repos\junit5\junit-jupiter-migrationsupport\src\main\java\org\junit\jupiter\migrationsupport\rules\adapter\VerifierAdapter.java,22,1,34,2,0.0,0,0,0,0.0,0.0,0,0,1,0,0,2,2,0,0,2,4,0.333333,0.230769,3,3,1,2,0.230769,3,2,2,0,0,1,10,13,1,0,0,0,2,0,2,0,7,2,0,5,0,10,13,1,0,0,0,2,0,2,0,7,2,0,5,0,0,0,7,0,0,0,0,0,0,0,0,0,7,0,0,0,0,0,0,0,0
935,L13708,AbstractTestRuleAnnotatedMember,org.junit.jupiter.migrationsupport.rules.member.AbstractTestRuleAnnotatedMember,L13701,L103,C:\Users\domco\Desktop\DP\repos\junit5\junit-jupiter-migrationsupport\src\main\java\org\junit\jupiter\migrationsupport\rules\member\AbstractTestRuleAnnotatedMember.java,18,1,31,2,0.0,0,0,0,0.0,0.0,0,0,0,0,0,2,1,2,2,0,2,0.5,0.230769,3,3,1,1,0.230769,3,1,1,2,2,1,10,14,1,1,1,1,2,0,1,0,2,2,0,1,0,10,14,1,1,1,1,2,0,1,0,2,2,0,1,0,0,0,7,0,0,0,0,0,0,0,0,0,7,0,0,0,0,0,0,0,0
936,L13715,TestRuleAnnotatedField,org.junit.jupiter.migrationsupport.rules.member.TestRuleAnnotatedField,L13701,L103,C:\Users\domco\Desktop\DP\repos\junit5\junit-jupiter-migrationsupport\src\main\java\org\junit\jupiter\migrationsupport\rules\member\TestRuleAnnotatedField.java,25,1,41,2,0.0,0,0,0,0.0,0.0,0,0,1,1,1,3,3,0,0,3,5,0.5,0.176471,3,3,1,1,0.176471,3,2,2,0,0,1,14,17,1,1,0,0,2,0,1,0,4,4,0,2,0,14,17,1,1,0,0,2,0,1,0,4,4,0,2,0,0,0,7,0,0,0,0,0,0,0,0,0,7,0,0,0,0,0,0,0,0
937,L13735,TestRuleAnnotatedMethod,org.junit.jupiter.migrationsupport.rules.member.TestRuleAnnotatedMethod,L13701,L103,C:\Users\domco\Desktop\DP\repos\junit5\junit-jupiter-migrationsupport\src\main\java\org\junit\jupiter\migrationsupport\rules\member\TestRuleAnnotatedMethod.java,24,1,31,2,0.0,0,0,0,0.0,0.0,0,0,0,0,0,1,2,0,0,2,3,0.5,0.333333,3,3,1,1,0.333333,3,2,2,0,0,1,6,8,1,1,0,0,1,0,1,0,3,1,0,2,0,6,8,1,1,0,0,1,0,1,0,3,1,0,2,0,0,0,3,0,0,0,0,0,0,0,0,0,3,0,0,0,0,0,0,0,0
938,L13807,AbstractTestRuleAdapterTests$TestableTestRuleAdapter,org.junit.jupiter.migrationsupport.rules.AbstractTestRuleAdapterTests$TestableTestRuleAdapter,L13803,L103,C:\Users\domco\Desktop\DP\repos\junit5\junit-jupiter-migrationsupport\src\test\java\org\junit\jupiter\migrationsupport\rules\AbstractTestRuleAdapterTests.java,61,2,66,3,0.0,0,0,0,0.0,0.0,0,0,0,0,0,1,2,1,1,1,2,0.0,0.0,0,0,0,1,0.0,0,2,2,0,0,1,5,6,1,0,0,0,1,0,0,0,7,1,0,4,0,5,6,1,0,0,0,1,0,0,0,7,1,0,4,0,0,0,5,0,0,0,0,0,0,0,0,0,5,0,0,0,0,0,0,0,0
939,L13812,AbstractTestRuleAdapterTests$SimpleRuleAnnotatedMember,org.junit.jupiter.migrationsupport.rules.AbstractTestRuleAdapterTests$SimpleRuleAnnotatedMember,L13803,L103,C:\Users\domco\Desktop\DP\repos\junit5\junit-jupiter-migrationsupport\src\test\java\org\junit\jupiter\migrationsupport\rules\AbstractTestRuleAdapterTests.java,68,2,81,3,0.0,0,0,0,0.0,0.0,0,0,0,0,0,2,1,1,2,0,2,0.0,0.0,0,0,0,2,0.0,0,1,1,0,0,1,10,14,1,1,1,1,2,0,1,0,2,2,0,1,0,10,14,1,1,1,1,2,0,1,0,2,2,0,1,0,0,0,7,0,0,0,0,0,0,0,0,0,7,0,0,0,0,0,0,0,0
940,L13841,EnableRuleMigrationSupportWithBothRuleTypesTests$1,org.junit.jupiter.migrationsupport.rules.EnableRuleMigrationSupportWithBothRuleTypesTests$1,L13831,L103,C:\Users\domco\Desktop\DP\repos\junit5\junit-jupiter-migrationsupport\src\test\java\org\junit\jupiter\migrationsupport\rules\EnableRuleMigrationSupportWithBothRuleTypesTests.java,37,45,46,3,0.0,0,0,0,0.0,0.0,0,0,1,0,0,1,1,0,0,0,1,0.0,0.0,0,0,0,1,0.0,0,0,0,0,0,0,9,10,0,0,0,0,1,0,0,0,1,1,0,0,0,9,10,0,0,0,0,1,0,0,0,1,1,0,0,0,0,0,5,0,0,0,0,0,0,0,0,0,5,0,0,0,0,0,0,0,0
941,L13866,ExpectedExceptionSupportTests$ExpectedExceptionTestCase,org.junit.jupiter.migrationsupport.rules.ExpectedExceptionSupportTests$ExpectedExceptionTestCase,L13860,L103,C:\Users\domco\Desktop\DP\repos\junit5\junit-jupiter-migrationsupport\src\test\java\org\junit\jupiter\migrationsupport\rules\ExpectedExceptionSupportTests.java,99,2,127,3,0.0,0,0,0,0.0,0.0,0,0,2,0,0,4,3,1,0,0,4,0.0,0.0,0,0,0,1,0.0,0,0,0,0,0,0,23,29,1,0,1,0,4,1,0,0,4,6,1,0,0,23,29,1,0,1,0,4,1,0,0,4,6,1,0,0,0,0,16,4,4,1,0,4,1,0,0,3,11,0,0,0,0,0,0,4,0
942,L13870,ExpectedExceptionSupportTests$ExpectedExceptionSupportWithoutExpectedExceptionRuleTestCase,org.junit.jupiter.migrationsupport.rules.ExpectedExceptionSupportTests$ExpectedExceptionSupportWithoutExpectedExceptionRuleTestCase,L13860,L103,C:\Users\domco\Desktop\DP\repos\junit5\junit-jupiter-migrationsupport\src\test\java\org\junit\jupiter\migrationsupport\rules\ExpectedExceptionSupportTests.java,129,2,142,3,0.0,0,0,0,0.0,0.0,0,0,2,0,0,2,4,1,0,1,3,0.0,0.0909091,1,0,0,1,0.0909091,1,0,0,0,0,0,10,14,0,0,0,0,2,0,0,0,2,1,0,0,0,10,14,0,0,0,0,2,0,0,0,2,1,0,0,0,0,0,6,1,2,1,0,2,1,0,0,0,5,0,0,0,0,0,0,0,0
943,L13891,ExternalResourceSupportForDifferentDeclaredReturnTypesRulesTests$MyExternalResource1,org.junit.jupiter.migrationsupport.rules.ExternalResourceSupportForDifferentDeclaredReturnTypesRulesTests$MyExternalResource1,L13884,L103,C:\Users\domco\Desktop\DP\repos\junit5\junit-jupiter-migrationsupport\src\test\java\org\junit\jupiter\migrationsupport\rules\ExternalResourceSupportForDifferentDeclaredReturnTypesRulesTests.java,66,2,76,3,0.0,0,0,0,0.0,0.0,0,0,2,0,0,2,1,1,0,0,2,0.0,0.0,0,0,0,1,0.0,0,0,0,0,0,0,10,11,0,0,0,0,2,0,0,0,2,2,0,0,0,10,11,0,0,0,0,2,0,0,0,2,2,0,0,0,0,0,8,0,0,0,0,0,1,0,0,0,7,0,0,0,0,0,0,0,0
944,L13918,ExternalResourceSupportForMixedMethodAndFieldRulesTests$MyExternalResource,org.junit.jupiter.migrationsupport.rules.ExternalResourceSupportForMixedMethodAndFieldRulesTests$MyExternalResource,L13908,L103,C:\Users\domco\Desktop\DP\repos\junit5\junit-jupiter-migrationsupport\src\test\java\org\junit\jupiter\migrationsupport\rules\ExternalResourceSupportForMixedMethodAndFieldRulesTests.java,75,2,93,3,0.0,0,0,0,0.0,0.0,0,0,1,0,0,3,1,1,2,0,3,0.0,0.0,0,0,0,1,0.0,0,0,0,0,0,0,15,19,1,0,1,0,3,0,0,0,3,4,0,0,0,15,19,1,0,1,0,3,0,0,0,3,4,0,0,0,0,0,9,0,0,0,0,0,0,0,0,0,9,0,0,0,0,0,0,0,0
945,L13940,ExternalResourceSupportForMultipleFieldRulesTests$1,org.junit.jupiter.migrationsupport.rules.ExternalResourceSupportForMultipleFieldRulesTests$1,L13933,L103,C:\Users\domco\Desktop\DP\repos\junit5\junit-jupiter-migrationsupport\src\test\java\org\junit\jupiter\migrationsupport\rules\ExternalResourceSupportForMultipleFieldRulesTests.java,32,61,42,3,0.0,0,0,0,0.0,0.0,0,0,2,0,0,2,1,0,0,0,2,0.0,0.0,0,0,0,1,0.0,0,0,0,0,0,0,10,11,0,0,0,0,2,0,0,0,2,2,0,0,0,10,11,0,0,0,0,2,0,0,0,2,2,0,0,0,0,0,8,0,0,0,0,0,1,0,0,0,7,0,0,0,0,0,0,0,0
946,L13946,ExternalResourceSupportForMultipleFieldRulesTests$2,org.junit.jupiter.migrationsupport.rules.ExternalResourceSupportForMultipleFieldRulesTests$2,L13933,L103,C:\Users\domco\Desktop\DP\repos\junit5\junit-jupiter-migrationsupport\src\test\java\org\junit\jupiter\migrationsupport\rules\ExternalResourceSupportForMultipleFieldRulesTests.java,45,61,55,3,0.0,0,0,0,0.0,0.0,0,0,2,0,0,2,1,0,0,0,2,0.0,0.0,0,0,0,1,0.0,0,0,0,0,0,0,10,11,0,0,0,0,2,0,0,0,2,2,0,0,0,10,11,0,0,0,0,2,0,0,0,2,2,0,0,0,0,0,8,0,0,0,0,0,1,0,0,0,7,0,0,0,0,0,0,0,0
947,L14002,LauncherBasedEnableRuleMigrationSupportTests$EnableRuleMigrationSupportWithBothRuleTypesTestCase,org.junit.jupiter.migrationsupport.rules.LauncherBasedEnableRuleMigrationSupportTests$EnableRuleMigrationSupportWithBothRuleTypesTestCase,L13997,L103,C:\Users\domco\Desktop\DP\repos\junit5\junit-jupiter-migrationsupport\src\test\java\org\junit\jupiter\migrationsupport\rules\LauncherBasedEnableRuleMigrationSupportTests.java,80,2,119,3,0.0,0,0,0,0.0,0.0,0,0,1,0,0,2,3,3,0,1,3,0.0,0.0,0,0,0,2,0.0,0,0,0,0,0,0,19,26,5,1,5,1,2,1,1,0,2,2,1,1,0,31,40,5,1,5,1,5,1,1,0,5,5,1,1,0,0,0,24,0,9,1,0,4,1,0,0,1,19,0,0,0,0,3,0,4,0
948,L14012,LauncherBasedEnableRuleMigrationSupportTests$VerifierSupportForErrorCollectorTestCase,org.junit.jupiter.migrationsupport.rules.LauncherBasedEnableRuleMigrationSupportTests$VerifierSupportForErrorCollectorTestCase,L13997,L103,C:\Users\domco\Desktop\DP\repos\junit5\junit-jupiter-migrationsupport\src\test\java\org\junit\jupiter\migrationsupport\rules\LauncherBasedEnableRuleMigrationSupportTests.java,121,2,137,3,0.0,0,0,0,0.0,0.0,0,0,1,0,0,1,3,1,0,0,1,0.0,0.0,0,0,0,1,0.0,0,0,0,0,0,0,12,17,2,0,2,0,1,1,0,0,1,3,1,0,0,12,17,2,0,2,0,1,1,0,0,1,3,1,0,0,0,0,9,1,3,1,0,2,0,0,0,0,5,0,0,0,0,1,0,4,0
949,L14046,VerifierSupportForMixedMethodAndFieldRulesTests$1,org.junit.jupiter.migrationsupport.rules.VerifierSupportForMixedMethodAndFieldRulesTests$1,L14041,L103,C:\Users\domco\Desktop\DP\repos\junit5\junit-jupiter-migrationsupport\src\test\java\org\junit\jupiter\migrationsupport\rules\VerifierSupportForMixedMethodAndFieldRulesTests.java,28,45,34,3,0.0,0,0,0,0.0,0.0,0,0,1,0,0,1,1,0,0,0,1,0.0,0.0,0,0,0,1,0.0,0,0,0,0,0,0,6,7,0,0,0,0,1,0,0,0,1,1,0,0,0,6,7,0,0,0,0,1,0,0,0,1,1,0,0,0,0,0,5,0,0,0,0,0,0,0,0,0,5,0,0,0,0,0,0,0,0
950,L14050,VerifierSupportForMixedMethodAndFieldRulesTests$2,org.junit.jupiter.migrationsupport.rules.VerifierSupportForMixedMethodAndFieldRulesTests$2,L14041,L103,C:\Users\domco\Desktop\DP\repos\junit5\junit-jupiter-migrationsupport\src\test\java\org\junit\jupiter\migrationsupport\rules\VerifierSupportForMixedMethodAndFieldRulesTests.java,36,46,42,3,0.0,0,0,0,0.0,0.0,0,0,1,0,0,1,1,0,0,0,1,0.0,0.0,0,0,0,1,0.0,0,0,0,0,0,0,6,7,0,0,0,0,1,0,0,0,1,1,0,0,0,6,7,0,0,0,0,1,0,0,0,1,1,0,0,0,0,0,5,0,0,0,0,0,0,0,0,0,5,0,0,0,0,0,0,0,0
951,L14061,WrongExtendWithForVerifierFieldTests$1,org.junit.jupiter.migrationsupport.rules.WrongExtendWithForVerifierFieldTests$1,L14057,L103,C:\Users\domco\Desktop\DP\repos\junit5\junit-jupiter-migrationsupport\src\test\java\org\junit\jupiter\migrationsupport\rules\WrongExtendWithForVerifierFieldTests.java,27,45,33,3,0.0,0,0,0,0.0,0.0,0,0,1,0,0,1,1,0,0,0,1,0.0,0.0,0,0,0,1,0.0,0,0,0,0,0,0,6,7,0,0,0,0,1,0,0,0,1,1,0,0,0,6,7,0,0,0,0,1,0,0,0,1,1,0,0,0,0,0,5,0,0,0,0,0,0,0,0,0,5,0,0,0,0,0,0,0,0
952,L14070,WrongExtendWithForVerifierMethodTests$1,org.junit.jupiter.migrationsupport.rules.WrongExtendWithForVerifierMethodTests$1,L14066,L103,C:\Users\domco\Desktop\DP\repos\junit5\junit-jupiter-migrationsupport\src\test\java\org\junit\jupiter\migrationsupport\rules\WrongExtendWithForVerifierMethodTests.java,26,46,32,3,0.0,0,0,0,0.0,0.0,0,0,1,0,0,1,1,0,0,0,1,0.0,0.0,0,0,0,1,0.0,0,0,0,0,0,0,6,7,0,0,0,0,1,0,0,0,1,1,0,0,0,6,7,0,0,0,0,1,0,0,0,1,1,0,0,0,0,0,5,0,0,0,0,0,0,0,0,0,5,0,0,0,0,0,0,0,0
953,L14245,AggregatorIntegrationTests$Person,org.junit.jupiter.params.aggregator.AggregatorIntegrationTests$Person,L14240,L103,C:\Users\domco\Desktop\DP\repos\junit5\junit-jupiter-params\src\test\java\org\junit\jupiter\params\aggregator\AggregatorIntegrationTests.java,207,2,224,3,0.0,0,0,0,0.0,0.0,0,0,0,0,0,2,1,3,2,0,2,1.0,0.0625,1,1,1,0,0.0625,1,0,0,0,0,0,15,18,4,1,4,1,2,0,0,0,2,5,0,0,0,15,18,4,1,4,1,2,0,0,0,2,5,0,0,0,0,0,6,0,5,0,0,5,0,0,0,0,6,0,0,0,0,0,0,0,0
954,L14260,AggregatorIntegrationTests$Address,org.junit.jupiter.params.aggregator.AggregatorIntegrationTests$Address,L14240,L103,C:\Users\domco\Desktop\DP\repos\junit5\junit-jupiter-params\src\test\java\org\junit\jupiter\params\aggregator\AggregatorIntegrationTests.java,230,2,241,3,0.0,0,0,0,0.0,0.0,0,0,0,0,0,1,0,2,1,0,1,0.0,0.0,0,0,0,1,0.0,0,0,0,0,0,0,10,12,3,0,3,0,1,0,0,0,1,3,0,0,0,10,12,3,0,3,0,1,0,0,0,1,3,0,0,0,0,0,5,0,3,0,0,3,0,0,0,0,5,0,0,0,0,0,0,0,0
955,L14248,AggregatorIntegrationTests$PersonAggregator,org.junit.jupiter.params.aggregator.AggregatorIntegrationTests$PersonAggregator,L14240,L103,C:\Users\domco\Desktop\DP\repos\junit5\junit-jupiter-params\src\test\java\org\junit\jupiter\params\aggregator\AggregatorIntegrationTests.java,261,2,276,3,0.0,0,0,0,0.0,0.0,0,0,1,0,0,1,6,2,0,4,5,0.0,0.142857,2,0,0,2,0.142857,2,1,1,0,0,1,12,16,0,0,0,0,1,0,1,0,1,2,0,1,0,12,16,0,0,0,0,1,0,1,0,1,2,0,1,0,0,0,5,0,0,0,0,0,0,0,0,0,5,0,0,0,0,0,0,0,0
956,L14374,AggregatorIntegrationTests$AddressAggregator,org.junit.jupiter.params.aggregator.AggregatorIntegrationTests$AddressAggregator,L14240,L103,C:\Users\domco\Desktop\DP\repos\junit5\junit-jupiter-params\src\test\java\org\junit\jupiter\params\aggregator\AggregatorIntegrationTests.java,278,2,292,3,0.0,0,0,0,0.0,0.0,0,0,1,0,0,1,5,1,0,4,5,0.0,0.153846,2,0,0,2,0.153846,2,1,1,0,0,1,11,15,0,0,0,0,1,0,1,0,1,2,0,1,0,11,15,0,0,0,0,1,0,1,0,1,2,0,1,0,0,0,5,0,0,0,0,0,0,0,0,0,5,0,0,0,0,0,0,0,0
957,L14284,AggregatorIntegrationTests$MapAggregator,org.junit.jupiter.params.aggregator.AggregatorIntegrationTests$MapAggregator,L14240,L103,C:\Users\domco\Desktop\DP\repos\junit5\junit-jupiter-params\src\test\java\org\junit\jupiter\params\aggregator\AggregatorIntegrationTests.java,297,2,307,3,0.0,0,0,0,0.0,0.0,0,0,1,0,0,1,3,1,0,1,2,0.5,0.384615,5,3,1,1,0.384615,5,1,1,0,0,1,8,11,0,0,0,0,1,0,1,0,1,1,0,1,0,8,11,0,0,0,0,1,0,1,0,1,1,0,1,0,0,0,1,0,0,0,0,0,0,0,0,0,1,0,0,0,0,0,0,0,0
958,L14318,AggregatorIntegrationTests$NullAggregator,org.junit.jupiter.params.aggregator.AggregatorIntegrationTests$NullAggregator,L14240,L103,C:\Users\domco\Desktop\DP\repos\junit5\junit-jupiter-params\src\test\java\org\junit\jupiter\params\aggregator\AggregatorIntegrationTests.java,309,2,316,3,0.0,0,0,0,0.0,0.0,0,0,1,0,0,1,4,1,0,2,3,0.0,0.0,0,0,0,2,0.0,0,1,1,0,0,1,8,8,0,0,0,0,1,0,1,0,1,2,0,1,0,8,8,0,0,0,0,1,0,1,0,1,2,0,1,0,0,0,5,0,0,0,0,0,0,0,0,0,5,0,0,0,0,0,0,0,0
959,L14400,AggregatorIntegrationTests$ErroneousAggregator,org.junit.jupiter.params.aggregator.AggregatorIntegrationTests$ErroneousAggregator,L14240,L103,C:\Users\domco\Desktop\DP\repos\junit5\junit-jupiter-params\src\test\java\org\junit\jupiter\params\aggregator\AggregatorIntegrationTests.java,318,2,324,3,0.0,0,0,0,0.0,0.0,0,0,1,0,0,1,4,1,0,1,2,0.0,0.0,0,0,0,2,0.0,0,1,1,0,0,1,7,7,0,0,0,0,1,0,1,0,1,1,0,1,0,7,7,0,0,0,0,1,0,1,0,1,1,0,1,0,0,0,5,0,0,0,0,0,0,0,0,0,5,0,0,0,0,0,0,0,0
960,L14324,AggregatorIntegrationTests$ErroneousTestCases,org.junit.jupiter.params.aggregator.AggregatorIntegrationTests$ErroneousTestCases,L14240,L103,C:\Users\domco\Desktop\DP\repos\junit5\junit-jupiter-params\src\test\java\org\junit\jupiter\params\aggregator\AggregatorIntegrationTests.java,326,2,332,3,0.0,0,0,0,0.0,0.0,0,0,1,0,0,1,5,1,0,1,2,0.0,0.0,0,0,0,1,0.0,0,0,0,0,0,0,7,7,0,0,0,0,1,0,0,0,1,1,0,0,0,7,7,0,0,0,0,1,0,0,0,1,1,0,0,0,0,0,5,0,1,0,0,1,0,0,0,0,5,0,0,0,0,0,0,0,0
961,L14420,AggregatorIntegrationTests$InstanceCountingConverter,org.junit.jupiter.params.aggregator.AggregatorIntegrationTests$InstanceCountingConverter,L14240,L103,C:\Users\domco\Desktop\DP\repos\junit5\junit-jupiter-params\src\test\java\org\junit\jupiter\params\aggregator\AggregatorIntegrationTests.java,356,2,367,3,0.0,0,0,0,0.0,0.0,0,0,1,0,0,2,3,2,0,0,2,0.0,0.0,0,0,0,2,0.0,0,1,1,0,0,1,10,12,1,0,1,0,2,0,1,0,2,2,0,1,0,10,12,1,0,1,0,2,0,1,0,2,2,0,1,0,0,1,7,0,1,0,0,1,0,0,0,0,7,0,1,0,0,0,0,0,0
962,L14431,AggregatorIntegrationTests$InstanceCountingAggregator,org.junit.jupiter.params.aggregator.AggregatorIntegrationTests$InstanceCountingAggregator,L14240,L103,C:\Users\domco\Desktop\DP\repos\junit5\junit-jupiter-params\src\test\java\org\junit\jupiter\params\aggregator\AggregatorIntegrationTests.java,369,2,381,3,0.0,0,0,0,0.0,0.0,0,0,1,0,0,2,4,2,0,0,2,0.0,0.0,0,0,0,2,0.0,0,1,1,0,0,1,11,13,1,0,1,0,2,0,1,0,2,2,0,1,0,11,13,1,0,1,0,2,0,1,0,2,2,0,1,0,0,1,7,0,1,0,0,1,0,0,0,0,7,0,1,0,0,0,0,0,0
963,L14414,AggregatorIntegrationTests$CountingTestCase,org.junit.jupiter.params.aggregator.AggregatorIntegrationTests$CountingTestCase,L14240,L103,C:\Users\domco\Desktop\DP\repos\junit5\junit-jupiter-params\src\test\java\org\junit\jupiter\params\aggregator\AggregatorIntegrationTests.java,383,2,390,3,0.0,0,0,0,0.0,0.0,0,0,1,0,0,1,6,1,0,0,1,0.0,0.0,0,0,0,1,0.0,0,0,0,0,0,0,8,8,0,0,0,0,1,0,0,0,1,1,0,0,0,8,8,0,0,0,0,1,0,0,0,1,1,0,0,0,0,0,5,1,1,1,0,1,0,0,0,0,5,0,0,0,0,0,0,0,0
964,L14541,DefaultArgumentConverter$StringToPrimitiveConverter,org.junit.jupiter.params.converter.DefaultArgumentConverter$StringToPrimitiveConverter,L14530,L103,C:\Users\domco\Desktop\DP\repos\junit5\junit-jupiter-params\src\main\java\org\junit\jupiter\params\converter\DefaultArgumentConverter.java,138,2,166,3,0.0,0,0,0,0.0,0.0,0,0,1,0,0,2,1,0,0,0,2,0.0,0.0,0,0,0,3,0.0,0,1,1,0,0,1,24,29,1,0,1,0,2,0,2,0,2,2,0,2,0,24,29,1,0,1,0,2,0,2,0,2,2,0,2,0,0,0,7,0,0,0,0,0,0,0,0,0,7,0,0,0,0,0,0,0,0
965,L14544,DefaultArgumentConverter$StringToEnumConverter,org.junit.jupiter.params.converter.DefaultArgumentConverter$StringToEnumConverter,L14530,L103,C:\Users\domco\Desktop\DP\repos\junit5\junit-jupiter-params\src\main\java\org\junit\jupiter\params\converter\DefaultArgumentConverter.java,168,2,184,3,0.0,0,0,0,0.0,0.0,0,0,2,0,0,3,1,0,0,0,3,0.0,0.0,0,0,0,3,0.0,0,1,1,0,0,1,14,17,0,0,0,0,3,0,2,0,3,3,0,2,0,14,17,0,0,0,0,3,0,2,0,3,3,0,2,0,0,0,10,0,0,0,0,0,1,0,0,0,9,0,0,0,0,0,0,0,0
966,L14547,DefaultArgumentConverter$StringToJavaTimeConverter,org.junit.jupiter.params.converter.DefaultArgumentConverter$StringToJavaTimeConverter,L14530,L103,C:\Users\domco\Desktop\DP\repos\junit5\junit-jupiter-params\src\main\java\org\junit\jupiter\params\converter\DefaultArgumentConverter.java,186,2,212,3,0.0,0,0,0,0.0,0.0,0,0,1,0,0,2,1,0,0,0,2,0.0,0.0,0,0,0,3,0.0,0,1,1,0,0,1,24,27,1,0,1,0,2,0,2,0,2,2,0,2,0,24,27,1,0,1,0,2,0,2,0,2,2,0,2,0,0,0,7,0,1,0,0,1,0,0,0,0,7,0,0,0,0,0,0,0,0
967,L14550,DefaultArgumentConverter$StringToCommonJavaTypesConverter,org.junit.jupiter.params.converter.DefaultArgumentConverter$StringToCommonJavaTypesConverter,L14530,L103,C:\Users\domco\Desktop\DP\repos\junit5\junit-jupiter-params\src\main\java\org\junit\jupiter\params\converter\DefaultArgumentConverter.java,214,2,270,3,0.0,0,0,0,0.0,0.0,0,0,3,1,1,5,3,0,0,2,6,0.0,0.0465116,2,0,0,3,0.0465116,2,1,1,0,0,1,41,57,1,0,1,0,4,0,2,0,4,6,0,2,0,41,57,1,0,1,0,4,0,2,0,4,6,0,2,0,0,0,10,0,1,0,0,1,1,0,0,0,9,0,0,0,0,0,0,0,0
968,L14718,FallbackStringToObjectConverter$IsFactoryMethod,org.junit.jupiter.params.converter.FallbackStringToObjectConverter$IsFactoryMethod,L14553,L103,C:\Users\domco\Desktop\DP\repos\junit5\junit-jupiter-params\src\main\java\org\junit\jupiter\params\converter\FallbackStringToObjectConverter.java,122,2,142,3,0.0,0,0,0,0.0,0.0,0,0,1,1,1,4,2,2,2,2,4,0.5,0.272727,6,5,1,1,0.272727,6,0,0,0,0,0,16,21,1,0,1,0,2,0,1,0,2,6,0,1,0,16,21,1,0,1,0,2,0,1,0,2,6,0,1,0,0,0,5,0,0,0,0,0,0,0,0,0,5,0,0,0,0,0,0,0,0
969,L14730,FallbackStringToObjectConverter$IsFactoryConstructor,org.junit.jupiter.params.converter.FallbackStringToObjectConverter$IsFactoryConstructor,L14553,L103,C:\Users\domco\Desktop\DP\repos\junit5\junit-jupiter-params\src\main\java\org\junit\jupiter\params\converter\FallbackStringToObjectConverter.java,149,2,166,3,0.0,0,0,0,0.0,0.0,0,0,1,1,1,3,1,2,3,1,3,0.5,0.315789,6,5,1,1,0.315789,6,0,0,0,0,0,13,18,1,0,1,0,2,0,1,0,2,4,0,1,0,13,18,1,0,1,0,2,0,1,0,2,4,0,1,0,0,0,5,0,0,0,0,0,0,0,0,0,5,0,0,0,0,0,0,0,0
970,L14904,FallbackStringToObjectConverterTests$Book,org.junit.jupiter.params.converter.FallbackStringToObjectConverterTests$Book,L14900,L103,C:\Users\domco\Desktop\DP\repos\junit5\junit-jupiter-params\src\test\java\org\junit\jupiter\params\converter\FallbackStringToObjectConverterTests.java,132,2,171,3,0.458824,1,3,1,0.275,0.366667,11,11,1,1,1,8,0,1,1,0,6,0.0,0.0625,2,2,0,2,0.0625,2,0,0,0,0,0,30,40,1,0,1,0,6,0,1,0,6,11,0,1,0,30,40,1,0,1,0,6,0,1,0,6,11,0,1,0,0,1,22,0,4,0,11,4,0,0,0,0,11,0,1,0,0,0,0,0,0
971,L14931,FallbackStringToObjectConverterTests$Journal,org.junit.jupiter.params.converter.FallbackStringToObjectConverterTests$Journal,L14900,L103,C:\Users\domco\Desktop\DP\repos\junit5\junit-jupiter-params\src\test\java\org\junit\jupiter\params\converter\FallbackStringToObjectConverterTests.java,173,2,193,3,0.78,1,3,1,0.52381,0.647059,11,11,1,1,1,4,0,1,1,0,2,0.0,0.0,0,0,0,2,0.0,0,0,0,0,0,0,17,21,1,0,1,0,2,0,1,0,2,7,0,1,0,17,21,1,0,1,0,2,0,1,0,2,7,0,1,0,0,1,18,0,0,0,11,0,0,0,0,0,7,0,1,0,0,0,0,0,0
972,L14917,FallbackStringToObjectConverterTests$Newspaper,org.junit.jupiter.params.converter.FallbackStringToObjectConverterTests$Newspaper,L14900,L103,C:\Users\domco\Desktop\DP\repos\junit5\junit-jupiter-params\src\test\java\org\junit\jupiter\params\converter\FallbackStringToObjectConverterTests.java,195,2,223,3,0.609375,1,3,1,0.37931,0.478261,11,11,1,1,1,6,0,1,1,0,4,0.0,0.0,0,0,0,2,0.0,0,0,0,0,0,0,23,29,1,0,1,0,4,0,1,0,4,9,0,1,0,23,29,1,0,1,0,4,0,1,0,4,9,0,1,0,0,1,22,0,3,0,11,3,0,0,0,0,11,0,1,0,0,0,0,0,0
973,L14922,FallbackStringToObjectConverterTests$Magazine,org.junit.jupiter.params.converter.FallbackStringToObjectConverterTests$Magazine,L14900,L103,C:\Users\domco\Desktop\DP\repos\junit5\junit-jupiter-params\src\test\java\org\junit\jupiter\params\converter\FallbackStringToObjectConverterTests.java,225,2,238,3,0.0,0,0,0,0.0,0.0,0,0,1,0,0,3,0,1,0,0,3,0.0,0.0,0,0,0,1,0.0,0,0,0,0,0,0,10,14,0,0,0,0,3,0,0,0,3,2,0,0,0,10,14,0,0,0,0,3,0,0,0,3,2,0,0,0,0,0,9,0,3,0,0,3,0,0,0,0,9,0,0,0,0,0,0,0,0
974,L14948,FallbackStringToObjectConverterTests$Diary,org.junit.jupiter.params.converter.FallbackStringToObjectConverterTests$Diary,L14900,L103,C:\Users\domco\Desktop\DP\repos\junit5\junit-jupiter-params\src\test\java\org\junit\jupiter\params\converter\FallbackStringToObjectConverterTests.java,240,2,241,3,0.0,0,0,0,0.0,0.0,0,0,0,0,0,0,0,1,0,0,0,0.0,0.0,0,0,0,1,0.0,0,0,0,0,0,0,2,2,0,0,0,0,0,0,0,0,0,0,0,0,0,2,2,0,0,0,0,0,0,0,0,0,0,0,0,0,0,0,3,0,0,0,0,0,0,0,0,0,3,0,0,0,0,0,0,0,0
975,L15179,ParameterizedTestMethodContext$ResolverType$1,org.junit.jupiter.params.ParameterizedTestMethodContext$ResolverType$1,L15127,L103,C:\Users\domco\Desktop\DP\repos\junit5\junit-jupiter-params\src\main\java\org\junit\jupiter\params\ParameterizedTestMethodContext.java,156,3,171,4,0.0,0,0,0,0.0,0.0,0,0,1,1,1,2,6,0,0,0,1,0.0,0.111111,2,0,0,1,0.111111,2,1,1,0,0,1,16,16,2,0,0,0,1,0,0,0,1,3,2,0,0,16,16,2,0,0,0,1,0,0,0,1,3,2,0,0,0,0,7,1,0,0,0,0,0,0,0,1,5,0,0,0,0,0,0,2,0
976,L15188,ParameterizedTestMethodContext$ResolverType$2,org.junit.jupiter.params.ParameterizedTestMethodContext$ResolverType$2,L15127,L103,C:\Users\domco\Desktop\DP\repos\junit5\junit-jupiter-params\src\main\java\org\junit\jupiter\params\ParameterizedTestMethodContext.java,173,3,187,4,0.0,0,0,0,0.0,0.0,0,0,1,1,1,2,6,0,0,0,1,0.0,0.117647,2,0,0,1,0.117647,2,1,1,0,0,1,15,15,2,0,0,0,1,0,0,0,1,3,2,0,0,15,15,2,0,0,0,1,0,0,0,1,3,2,0,0,0,0,7,1,0,0,0,0,0,0,0,1,5,0,0,0,0,0,0,2,0
977,L15391,CsvFileArgumentsProvider$CsvParserIterator,org.junit.jupiter.params.provider.CsvFileArgumentsProvider$CsvParserIterator,L15340,L103,C:\Users\domco\Desktop\DP\repos\junit5\junit-jupiter-params\src\main\java\org\junit\jupiter\params\provider\CsvFileArgumentsProvider.java,121,2,155,3,0.0,0,0,0,0.0,0.0,0,0,1,1,1,5,3,1,1,2,6,0.0,0.0,0,0,0,3,0.0,0,0,0,0,0,0,28,35,3,0,3,0,4,0,2,0,4,10,0,2,0,28,35,3,0,3,0,4,0,2,0,4,10,0,2,0,0,0,11,1,0,0,0,0,0,0,0,0,11,0,1,0,0,0,0,0,0
978,L15838,MethodArgumentsProviderTests$PrimitiveArrays,org.junit.jupiter.params.provider.MethodArgumentsProviderTests$PrimitiveArrays,L15785,L103,C:\Users\domco\Desktop\DP\repos\junit5\junit-jupiter-params\src\test\java\org\junit\jupiter\params\provider\MethodArgumentsProviderTests.java,223,2,282,3,0.0,0,0,0,0.0,0.0,0,0,8,0,0,8,3,0,0,2,10,0.0,0.0,0,0,0,1,0.0,0,0,0,0,0,0,43,60,0,0,0,0,8,0,0,0,8,16,0,0,0,43,60,0,0,0,0,8,0,0,0,8,16,0,0,0,0,0,20,0,16,8,0,8,1,0,0,0,19,0,0,0,0,0,0,0,0
979,L15854,MethodArgumentsProviderTests$ObjectArrays,org.junit.jupiter.params.provider.MethodArgumentsProviderTests$ObjectArrays,L15785,L103,C:\Users\domco\Desktop\DP\repos\junit5\junit-jupiter-params\src\test\java\org\junit\jupiter\params\provider\MethodArgumentsProviderTests.java,284,2,308,3,0.0,0,0,0,0.0,0.0,0,0,3,0,0,3,3,0,0,2,5,0.0,0.0,0,0,0,1,0.0,0,0,0,0,0,0,18,25,0,0,0,0,3,0,0,0,3,6,0,0,0,18,25,0,0,0,0,3,0,0,0,3,6,0,0,0,0,0,10,0,6,3,0,3,1,0,0,0,9,0,0,0,0,0,0,0,0
980,L15823,MethodArgumentsProviderTests$DefaultFactoryMethodNameTestCase,org.junit.jupiter.params.provider.MethodArgumentsProviderTests$DefaultFactoryMethodNameTestCase,L15785,L103,C:\Users\domco\Desktop\DP\repos\junit5\junit-jupiter-params\src\test\java\org\junit\jupiter\params\provider\MethodArgumentsProviderTests.java,344,2,354,3,0.0,0,0,0,0.0,0.0,0,0,2,0,0,2,0,1,0,0,2,1.0,0.111111,1,1,1,0,0.111111,1,0,0,0,0,0,8,11,1,0,1,0,2,0,0,0,2,1,0,0,0,8,11,1,0,1,0,2,0,0,0,2,1,0,0,0,0,0,7,0,4,0,0,3,1,0,0,0,6,1,0,0,0,0,0,0,0
981,L15819,MethodArgumentsProviderTests$TestCase,org.junit.jupiter.params.provider.MethodArgumentsProviderTests$TestCase,L15785,L103,C:\Users\domco\Desktop\DP\repos\junit5\junit-jupiter-params\src\test\java\org\junit\jupiter\params\provider\MethodArgumentsProviderTests.java,356,2,462,3,0.0,0,0,0,0.0,0.0,0,0,21,0,0,23,2,1,0,1,24,0.0,0.0779221,6,6,0,1,0.0779221,6,0,0,0,0,0,71,107,0,0,0,0,23,0,0,0,23,23,0,0,0,71,107,0,0,0,0,23,0,0,0,23,23,0,0,0,0,0,39,0,23,0,0,23,1,0,0,0,37,0,0,0,0,0,0,1,1.0
982,L15815,MethodArgumentsProviderTests$NonStaticTestCase,org.junit.jupiter.params.provider.MethodArgumentsProviderTests$NonStaticTestCase,L15785,L103,C:\Users\domco\Desktop\DP\repos\junit5\junit-jupiter-params\src\test\java\org\junit\jupiter\params\provider\MethodArgumentsProviderTests.java,465,2,470,3,0.0,0,0,0,0.0,0.0,0,0,1,0,0,1,0,1,0,0,1,1.0,0.166667,1,1,1,0,0.166667,1,0,0,0,0,0,5,6,0,0,0,0,1,0,0,0,1,1,0,0,0,5,6,0,0,0,0,1,0,0,0,1,1,0,0,0,0,0,4,0,1,0,0,1,0,0,0,0,4,0,0,0,0,0,0,0,0
983,L15829,MethodArgumentsProviderTests$ExternalFactoryMethods,org.junit.jupiter.params.provider.MethodArgumentsProviderTests$ExternalFactoryMethods,L15785,L103,C:\Users\domco\Desktop\DP\repos\junit5\junit-jupiter-params\src\test\java\org\junit\jupiter\params\provider\MethodArgumentsProviderTests.java,472,2,488,3,0.0,0,0,0,0.0,0.0,0,0,2,0,0,2,0,1,0,0,2,0.0,0.0,0,0,0,1,0.0,0,0,0,0,0,0,8,11,0,0,0,0,2,0,0,0,2,2,0,0,0,13,17,0,0,0,0,3,0,0,0,3,3,0,0,0,0,0,13,0,3,0,0,3,1,0,0,0,12,0,0,0,0,0,0,0,0
984,L16083,ParameterizedTestExtensionTests$1,org.junit.jupiter.params.ParameterizedTestExtensionTests$1,L16021,L103,C:\Users\domco\Desktop\DP\repos\junit5\junit-jupiter-params\src\test\java\org\junit\jupiter\params\ParameterizedTestExtensionTests.java,157,33,229,4,0.0,0,0,0,0.0,0.0,0,0,1,0,0,14,6,0,0,1,15,0.0,0.0,0,0,0,15,0.0,0,1,1,0,0,1,58,73,1,16,1,13,14,0,14,0,19,13,0,19,0,58,73,1,16,1,13,14,0,14,0,19,13,0,19,0,0,0,34,0,2,0,0,1,0,0,0,0,31,1,0,0,0,0,0,3,0
985,L16519,TempDirectory$1,org.junit.jupiter.extensions.TempDirectory$1,L16496,L103,C:\Users\domco\Desktop\DP\repos\junit5\platform-tests\src\test\java\org\junit\jupiter\extensions\TempDirectory.java,92,67,108,4,0.0,0,0,0,0.0,0.0,0,0,1,0,0,3,0,0,0,0,3,0.0,0.0,0,0,0,3,0.0,0,0,0,0,0,0,14,17,0,0,0,0,3,0,2,0,3,4,0,2,0,14,17,0,0,0,0,3,0,2,0,3,4,0,2,0,0,0,9,0,0,0,0,0,0,0,0,0,9,0,0,0,0,0,0,0,0
986,L7607,JupiterTestDescriptorTests$StaticTestCase$StaticTestCaseLevel2,org.junit.jupiter.engine.descriptor.JupiterTestDescriptorTests$StaticTestCase$StaticTestCaseLevel2,L7604,L103,C:\Users\domco\Desktop\DP\repos\junit5\junit-jupiter-engine\src\test\java\org\junit\jupiter\engine\descriptor\JupiterTestDescriptorTests.java,328,3,329,4,0.0,0,0,0,0.0,0.0,0,0,0,0,0,0,0,1,0,0,0,0.0,0.0,0,0,0,1,0.0,0,0,0,0,0,0,2,2,0,0,0,0,0,0,0,0,0,0,0,0,0,2,2,0,0,0,0,0,0,0,0,0,0,0,0,0,0,0,3,0,0,0,0,0,0,0,0,0,3,0,0,0,0,0,0,0,0
987,L7726,ClassWithStaticInnerTestCases$ShouldBeDiscovered,org.junit.jupiter.engine.descriptor.subpackage.ClassWithStaticInnerTestCases$ShouldBeDiscovered,L7723,L103,C:\Users\domco\Desktop\DP\repos\junit5\junit-jupiter-engine\src\test\java\org\junit\jupiter\engine\descriptor\subpackage\ClassWithStaticInnerTestCases.java,20,2,25,3,0.0,0,0,0,0.0,0.0,0,0,1,0,0,1,1,1,0,0,1,0.0,0.0,0,0,0,1,0.0,0,0,0,0,0,0,5,6,0,0,0,0,1,0,0,0,1,0,0,0,0,5,6,0,0,0,0,1,0,0,0,1,0,0,0,0,0,0,5,0,2,0,0,1,0,0,0,0,5,1,0,0,0,0,0,0,0
988,L7729,ClassWithStaticInnerTestCases$ShouldNotBeDiscovered,org.junit.jupiter.engine.descriptor.subpackage.ClassWithStaticInnerTestCases$ShouldNotBeDiscovered,L7723,L103,C:\Users\domco\Desktop\DP\repos\junit5\junit-jupiter-engine\src\test\java\org\junit\jupiter\engine\descriptor\subpackage\ClassWithStaticInnerTestCases.java,27,2,33,3,0.0,0,0,0,0.0,0.0,0,0,1,0,0,1,1,0,0,0,1,0.0,0.0,0,0,0,1,0.0,0,0,0,0,0,0,6,7,0,0,0,0,1,0,0,0,1,0,0,0,0,6,7,0,0,0,0,1,0,0,0,1,0,0,0,0,0,0,5,0,2,0,0,1,0,0,0,0,5,1,0,0,0,0,0,0,0
989,L7944,TestTemplateTestDescriptorTests$1,org.junit.jupiter.engine.descriptor.TestTemplateTestDescriptorTests$1,L7932,L103,C:\Users\domco\Desktop\DP\repos\junit5\junit-jupiter-engine\src\test\java\org\junit\jupiter\engine\descriptor\TestTemplateTestDescriptorTests.java,49,75,60,4,0.0,0,0,0,0.0,0.0,0,0,0,0,0,2,3,0,0,0,2,0.0,0.0,0,0,0,3,0.0,0,2,2,0,0,1,10,12,5,10,0,2,2,0,2,0,27,2,0,25,1,10,12,5,10,0,2,2,0,2,0,27,2,0,25,1,0,0,7,0,0,0,0,0,0,0,0,0,7,0,0,0,0,0,0,0,0
990,L8472,IsInnerClassTests$InnerClassesTestCase,org.junit.jupiter.engine.discovery.predicates.IsInnerClassTests$InnerClassesTestCase,L8463,L103,C:\Users\domco\Desktop\DP\repos\junit5\junit-jupiter-engine\src\test\java\org\junit\jupiter\engine\discovery\predicates\IsInnerClassTests.java,41,2,52,3,0.0,0,0,0,0.0,0.0,0,0,0,0,0,0,0,1,0,0,0,0.0,0.0,0,0,0,1,0.0,0,0,0,0,0,0,2,6,0,0,0,0,0,0,0,0,0,0,0,0,0,8,12,0,0,0,0,0,0,0,0,0,0,0,0,0,0,0,12,0,0,0,0,0,0,0,0,0,12,0,0,0,0,0,0,0,0
991,L8496,IsNestedTestClassTests$NestedClassesTestCase,org.junit.jupiter.engine.discovery.predicates.IsNestedTestClassTests$NestedClassesTestCase,L8487,L103,C:\Users\domco\Desktop\DP\repos\junit5\junit-jupiter-engine\src\test\java\org\junit\jupiter\engine\discovery\predicates\IsNestedTestClassTests.java,42,2,56,3,0.0,0,0,0,0.0,0.0,0,0,0,0,0,0,0,1,0,0,0,0.0,0.0,0,0,0,1,0.0,0,0,0,0,0,0,2,6,0,0,0,0,0,0,0,0,0,0,0,0,0,11,15,0,0,0,0,0,0,0,0,0,0,0,0,0,0,0,12,0,0,0,0,0,0,0,0,0,12,0,0,0,0,0,0,0,0
992,L8521,IsPotentialTestContainerTests$PrivateStaticClass,org.junit.jupiter.engine.discovery.predicates.IsPotentialTestContainerTests$PrivateStaticClass,L8511,L103,C:\Users\domco\Desktop\DP\repos\junit5\junit-jupiter-engine\src\test\java\org\junit\jupiter\engine\discovery\predicates\IsPotentialTestContainerTests.java,62,2,63,3,0.0,0,0,0,0.0,0.0,0,0,0,0,0,0,0,1,0,0,0,0.0,0.0,0,0,0,1,0.0,0,0,0,0,0,0,2,2,0,0,0,0,0,0,0,0,0,0,0,0,0,2,2,0,0,0,0,0,0,0,0,0,0,0,0,0,0,0,3,0,0,0,0,0,0,0,0,0,3,0,0,0,0,0,0,0,0
993,L8517,IsPotentialTestContainerTests$StaticClass,org.junit.jupiter.engine.discovery.predicates.IsPotentialTestContainerTests$StaticClass,L8511,L103,C:\Users\domco\Desktop\DP\repos\junit5\junit-jupiter-engine\src\test\java\org\junit\jupiter\engine\discovery\predicates\IsPotentialTestContainerTests.java,65,2,66,3,0.0,0,0,0,0.0,0.0,0,0,0,0,0,0,0,1,0,0,0,0.0,0.0,0,0,0,1,0.0,0,0,0,0,0,0,2,2,0,0,0,0,0,0,0,0,0,0,0,0,0,2,2,0,0,0,0,0,0,0,0,0,0,0,0,0,0,0,3,0,0,0,0,0,0,0,0,0,3,0,0,0,0,0,0,0,0
994,L8568,IsTestClassWithTestsTests$PrivateClassWithTestMethod,org.junit.jupiter.engine.discovery.predicates.IsTestClassWithTestsTests$PrivateClassWithTestMethod,L8541,L103,C:\Users\domco\Desktop\DP\repos\junit5\junit-jupiter-engine\src\test\java\org\junit\jupiter\engine\discovery\predicates\IsTestClassWithTestsTests.java,89,2,95,3,0.0,0,0,0,0.0,0.0,0,0,1,0,0,1,1,1,0,0,1,1.0,0.166667,1,1,1,0,0.166667,1,0,0,0,0,0,5,7,0,0,0,0,1,0,0,0,1,0,0,0,0,5,7,0,0,0,0,1,0,0,0,1,0,0,0,0,0,0,4,1,2,1,0,1,0,0,0,0,4,1,0,0,0,0,0,0,0
995,L8572,IsTestClassWithTestsTests$PrivateClassWithTestFactory,org.junit.jupiter.engine.discovery.predicates.IsTestClassWithTestsTests$PrivateClassWithTestFactory,L8541,L103,C:\Users\domco\Desktop\DP\repos\junit5\junit-jupiter-engine\src\test\java\org\junit\jupiter\engine\discovery\predicates\IsTestClassWithTestsTests.java,97,2,104,3,0.0,0,0,0,0.0,0.0,0,0,1,0,0,1,2,1,0,0,1,0.0,0.0,0,0,0,1,0.0,0,0,0,0,0,0,6,8,0,0,0,0,1,0,0,0,1,1,0,0,0,6,8,0,0,0,0,1,0,0,0,1,1,0,0,0,0,0,5,0,1,0,0,1,0,0,0,0,5,0,0,0,0,0,0,0,0
996,L8576,IsTestClassWithTestsTests$PrivateClassWithTestTemplate,org.junit.jupiter.engine.discovery.predicates.IsTestClassWithTestsTests$PrivateClassWithTestTemplate,L8541,L103,C:\Users\domco\Desktop\DP\repos\junit5\junit-jupiter-engine\src\test\java\org\junit\jupiter\engine\discovery\predicates\IsTestClassWithTestsTests.java,106,2,112,3,0.0,0,0,0,0.0,0.0,0,0,1,0,0,1,1,1,0,0,1,0.0,0.0,0,0,0,1,0.0,0,0,0,0,0,0,5,7,0,0,0,0,1,0,0,0,1,0,0,0,0,5,7,0,0,0,0,1,0,0,0,1,0,0,0,0,0,0,5,0,2,0,0,1,0,0,0,0,5,1,0,0,0,0,0,0,0
997,L8580,IsTestClassWithTestsTests$PrivateClassWithNestedTestClass,org.junit.jupiter.engine.discovery.predicates.IsTestClassWithTestsTests$PrivateClassWithNestedTestClass,L8541,L103,C:\Users\domco\Desktop\DP\repos\junit5\junit-jupiter-engine\src\test\java\org\junit\jupiter\engine\discovery\predicates\IsTestClassWithTestsTests.java,114,2,128,3,0.0,0,0,0,0.0,0.0,0,0,0,0,0,0,0,1,0,0,0,0.0,0.0,0,0,0,1,0.0,0,0,0,0,0,0,2,3,0,0,0,0,0,0,0,0,0,0,0,0,0,11,15,0,0,0,0,2,0,0,0,2,0,0,0,0,0,0,11,2,4,2,0,2,1,0,0,0,10,2,0,0,0,0,0,0,0
998,L8563,IsTestClassWithTestsTests$StaticTestCase,org.junit.jupiter.engine.discovery.predicates.IsTestClassWithTestsTests$StaticTestCase,L8541,L103,C:\Users\domco\Desktop\DP\repos\junit5\junit-jupiter-engine\src\test\java\org\junit\jupiter\engine\discovery\predicates\IsTestClassWithTestsTests.java,132,2,137,3,0.0,0,0,0,0.0,0.0,0,0,1,0,0,1,1,1,0,0,1,1.0,0.166667,1,1,1,0,0.166667,1,0,0,0,0,0,5,6,0,0,0,0,1,0,0,0,1,0,0,0,0,5,6,0,0,0,0,1,0,0,0,1,0,0,0,0,0,0,4,1,2,1,0,1,0,0,0,0,4,1,0,0,0,0,0,0,0
999,L8584,IsTestClassWithTestsTests$PrivateStaticTestCase,org.junit.jupiter.engine.discovery.predicates.IsTestClassWithTestsTests$PrivateStaticTestCase,L8541,L103,C:\Users\domco\Desktop\DP\repos\junit5\junit-jupiter-engine\src\test\java\org\junit\jupiter\engine\discovery\predicates\IsTestClassWithTestsTests.java,139,2,144,3,0.0,0,0,0,0.0,0.0,0,0,1,0,0,1,1,1,0,0,1,0.0,0.0,0,0,0,1,0.0,0,0,0,0,0,0,5,6,0,0,0,0,1,0,0,0,1,0,0,0,0,5,6,0,0,0,0,1,0,0,0,1,0,0,0,0,0,0,5,1,2,1,0,1,0,0,0,0,5,1,0,0,0,0,0,0,0
1000,L8617,ClassWithNestedTestClass$InnerClass,org.junit.jupiter.engine.discovery.predicates.ClassWithNestedTestClass$InnerClass,L8559,L103,C:\Users\domco\Desktop\DP\repos\junit5\junit-jupiter-engine\src\test\java\org\junit\jupiter\engine\discovery\predicates\IsTestClassWithTestsTests.java,177,2,188,3,0.0,0,0,0,0.0,0.0,0,0,2,0,0,2,2,0,0,0,2,0.0,0.0,0,0,0,1,0.0,0,0,0,0,0,0,9,12,0,0,0,0,2,0,0,0,2,0,0,0,0,9,12,0,0,0,0,2,0,0,0,2,0,0,0,0,0,0,8,2,4,2,0,2,1,0,0,0,7,2,0,0,0,0,0,0,0
1001,L8635,IsTestFactoryMethodTests$ClassWithTestFactoryMethods,org.junit.jupiter.engine.discovery.predicates.IsTestFactoryMethodTests$ClassWithTestFactoryMethods,L8621,L103,C:\Users\domco\Desktop\DP\repos\junit5\junit-jupiter-engine\src\test\java\org\junit\jupiter\engine\discovery\predicates\IsTestFactoryMethodTests.java,63,2,84,3,0.0,0,0,0,0.0,0.0,0,0,4,0,0,4,2,1,0,0,4,0.0,0.0,0,0,0,1,0.0,0,0,0,0,0,0,17,22,0,0,0,0,4,0,0,0,4,3,0,0,0,17,22,0,0,0,0,4,0,0,0,4,3,0,0,0,0,0,12,0,5,0,0,4,1,0,0,0,11,1,0,0,0,0,0,0,0
1002,L8674,IsTestMethodTests$AbstractClassWithAbstractTestMethod,org.junit.jupiter.engine.discovery.predicates.IsTestMethodTests$AbstractClassWithAbstractTestMethod,L8646,L103,C:\Users\domco\Desktop\DP\repos\junit5\junit-jupiter-engine\src\test\java\org\junit\jupiter\engine\discovery\predicates\IsTestMethodTests.java,96,2,101,3,0.0,0,0,0,0.0,0.0,0,0,0,0,0,1,1,1,0,0,1,0.0,0.0,0,0,0,1,0.0,0,0,0,0,0,0,4,6,0,0,0,0,1,0,0,0,1,0,0,0,0,4,6,0,0,0,0,1,0,0,0,1,0,0,0,0,0,0,5,0,1,0,0,1,0,0,0,0,5,0,0,0,0,0,0,0,0
1003,L8670,IsTestMethodTests$ClassWithTestMethods,org.junit.jupiter.engine.discovery.predicates.IsTestMethodTests$ClassWithTestMethods,L8646,L103,C:\Users\domco\Desktop\DP\repos\junit5\junit-jupiter-engine\src\test\java\org\junit\jupiter\engine\discovery\predicates\IsTestMethodTests.java,103,2,144,3,0.0,0,0,0,0.0,0.0,0,0,9,0,0,9,2,1,0,0,9,0.0,0.0,0,0,0,3,0.0,0,0,0,0,0,0,32,42,0,0,0,0,9,0,2,0,9,3,0,2,0,32,42,0,0,0,0,9,0,2,0,9,3,0,2,0,0,0,22,8,11,8,0,5,1,0,0,0,21,6,0,0,0,0,0,0,0
1004,L8700,IsTestTemplateMethodTests$ClassWithTestTemplateMethods,org.junit.jupiter.engine.discovery.predicates.IsTestTemplateMethodTests$ClassWithTestTemplateMethods,L8690,L103,C:\Users\domco\Desktop\DP\repos\junit5\junit-jupiter-engine\src\test\java\org\junit\jupiter\engine\discovery\predicates\IsTestTemplateMethodTests.java,44,2,55,3,0.0,0,0,0,0.0,0.0,0,0,2,0,0,2,1,1,0,0,2,0.0,0.0,0,0,0,1,0.0,0,0,0,0,0,0,9,12,0,0,0,0,2,0,0,0,2,1,0,0,0,9,12,0,0,0,0,2,0,0,0,2,1,0,0,0,0,0,8,0,3,0,0,2,1,0,0,0,7,1,0,0,0,0,0,0,0
1005,L8800,DiscoveryFilterApplierTests$MatchingClass$NestedClass,org.junit.jupiter.engine.discovery.DiscoveryFilterApplierTests$MatchingClass$NestedClass,L8780,L103,C:\Users\domco\Desktop\DP\repos\junit5\junit-jupiter-engine\src\test\java\org\junit\jupiter\engine\discovery\DiscoveryFilterApplierTests.java,149,3,151,4,0.0,0,0,0,0.0,0.0,0,0,0,0,0,0,1,1,0,0,0,0.0,0.0,0,0,0,1,0.0,0,0,0,0,0,0,3,3,0,0,0,0,0,0,0,0,0,0,0,0,0,3,3,0,0,0,0,0,0,0,0,0,0,0,0,0,0,0,3,0,0,0,0,0,0,0,0,0,3,0,0,0,0,0,0,0,0
1006,L8985,TestCaseWithNesting$NestedTestCase$DoubleNestedTestCase,org.junit.jupiter.engine.discovery.TestCaseWithNesting$NestedTestCase$DoubleNestedTestCase,L8982,L103,C:\Users\domco\Desktop\DP\repos\junit5\junit-jupiter-engine\src\test\java\org\junit\jupiter\engine\discovery\DiscoverySelectorResolverTests.java,804,3,810,4,0.0,0,0,0,0.0,0.0,0,0,1,0,0,1,2,1,0,0,1,0.0,0.0,0,0,0,1,0.0,0,0,0,0,0,0,6,7,0,0,0,0,1,0,0,0,1,0,0,0,0,6,7,0,0,0,0,1,0,0,0,1,0,0,0,0,0,0,5,1,2,1,0,1,0,0,0,0,5,1,0,0,0,0,0,0,0
1007,L9713,ExecutableInvokerTests$ArgumentRecordingParameterResolver$Arguments,org.junit.jupiter.engine.execution.ExecutableInvokerTests$ArgumentRecordingParameterResolver$Arguments,L9660,L103,C:\Users\domco\Desktop\DP\repos\junit5\junit-jupiter-engine\src\test\java\org\junit\jupiter\engine\execution\ExecutableInvokerTests.java,314,3,323,4,0.0,0,0,0,0.0,0.0,0,0,0,0,0,1,2,2,2,0,1,0.0,0.0,0,0,0,1,0.0,0,0,0,0,0,0,8,10,2,0,2,0,1,0,0,0,1,2,0,0,0,8,10,2,0,2,0,1,0,0,0,1,2,0,0,0,0,0,5,0,2,0,0,2,0,0,0,0,5,0,0,0,0,0,0,0,0
1008,L9627,ExecutableInvokerTests$ConstructorInjectionTestCase$NestedTestCase,org.junit.jupiter.engine.execution.ExecutableInvokerTests$ConstructorInjectionTestCase$NestedTestCase,L9611,L103,C:\Users\domco\Desktop\DP\repos\junit5\junit-jupiter-engine\src\test\java\org\junit\jupiter\engine\execution\ExecutableInvokerTests.java,424,3,432,4,0.0,0,0,0,0.0,0.0,0,0,0,0,0,1,0,1,0,0,1,0.0,0.0,0,0,0,1,0.0,0,0,0,0,0,0,7,9,1,0,1,0,1,0,0,0,1,1,0,0,0,7,9,1,0,1,0,1,0,0,0,1,1,0,0,0,0,0,5,0,1,0,0,1,0,0,0,0,5,0,0,0,0,0,0,0,0
1009,L9820,ExtensionContextTests$OuterClass$NestedClass,org.junit.jupiter.engine.execution.ExtensionContextTests$OuterClass$NestedClass,L9793,L103,C:\Users\domco\Desktop\DP\repos\junit5\junit-jupiter-engine\src\test\java\org\junit\jupiter\engine\execution\ExtensionContextTests.java,295,3,297,4,0.0,0,0,0,0.0,0.0,0,0,0,0,0,0,1,1,0,0,0,0.0,0.0,0,0,0,1,0.0,0,0,0,0,0,0,3,3,0,0,0,0,0,0,0,0,0,0,0,0,0,3,3,0,0,0,0,0,0,0,0,0,0,0,0,0,0,0,3,0,0,0,0,0,0,0,0,0,3,0,0,0,0,0,0,0,0
1010,L9931,ExtensionValuesStoreTests$1,org.junit.jupiter.engine.execution.ExtensionValuesStoreTests$1,L9884,L103,C:\Users\domco\Desktop\DP\repos\junit5\junit-jupiter-engine\src\test\java\org\junit\jupiter\engine\execution\ExtensionValuesStoreTests.java,368,23,374,4,0.0,0,0,0,0.0,0.0,0,0,1,0,0,1,0,0,0,0,1,0.0,0.0,0,0,0,2,0.0,0,0,0,0,0,0,6,7,0,0,0,0,1,0,1,0,1,1,0,1,0,6,7,0,0,0,0,1,0,1,0,1,1,0,1,0,0,0,5,0,0,0,0,0,0,0,0,0,5,0,0,0,0,0,0,0,0
1011,L9950,CustomAnnotationParameterResolver,org.junit.jupiter.engine.execution.injection.sample.CustomAnnotationParameterResolver,L9934,L103,C:\Users\domco\Desktop\DP\repos\junit5\junit-jupiter-engine\src\test\java\org\junit\jupiter\engine\execution\injection\sample\CustomAnnotationParameterResolver.java,21,1,35,2,0.0,0,0,0,0.0,0.0,0,0,2,0,0,2,5,3,0,3,5,0.333333,0.333333,5,3,1,2,0.333333,5,2,2,0,0,1,10,15,0,0,0,0,2,0,2,0,2,2,0,2,0,10,15,0,0,0,0,2,0,2,0,2,2,0,2,0,0,0,4,0,0,0,0,0,1,0,0,0,3,0,0,0,0,0,0,0,0
1012,L9964,CustomType,org.junit.jupiter.engine.execution.injection.sample.CustomType,L9934,L103,C:\Users\domco\Desktop\DP\repos\junit5\junit-jupiter-engine\src\test\java\org\junit\jupiter\engine\execution\injection\sample\CustomType.java,18,1,27,2,0.0,0,0,0,0.0,0.0,0,0,1,0,0,1,0,7,0,0,1,0.5,0.3,3,3,1,1,0.3,3,0,0,0,0,0,7,10,1,0,1,0,1,0,1,0,1,1,0,1,0,7,10,1,0,1,0,1,0,1,0,1,1,0,1,0,0,0,3,0,0,0,0,0,0,0,0,0,3,0,0,0,0,0,0,0,0
1013,L9973,CustomTypeParameterResolver,org.junit.jupiter.engine.execution.injection.sample.CustomTypeParameterResolver,L9934,L103,C:\Users\domco\Desktop\DP\repos\junit5\junit-jupiter-engine\src\test\java\org\junit\jupiter\engine\execution\injection\sample\CustomTypeParameterResolver.java,20,1,32,2,0.0,0,0,0,0.0,0.0,0,0,2,0,0,2,4,3,0,1,3,0.333333,0.230769,3,3,1,2,0.230769,3,2,2,0,0,1,10,13,0,0,0,0,2,0,2,0,2,2,0,2,0,10,13,0,0,0,0,2,0,2,0,2,2,0,2,0,0,0,8,0,0,0,0,0,1,0,0,0,7,0,0,0,0,0,0,0,0
1014,L9985,DoubleParameterResolver,org.junit.jupiter.engine.execution.injection.sample.DoubleParameterResolver,L9934,L103,C:\Users\domco\Desktop\DP\repos\junit5\junit-jupiter-engine\src\test\java\org\junit\jupiter\engine\execution\injection\sample\DoubleParameterResolver.java,23,1,35,2,0.0,0,0,0,0.0,0.0,0,0,2,0,0,2,3,1,0,1,3,0.333333,0.375,6,6,1,2,0.375,6,2,2,0,0,1,10,13,0,0,0,0,2,0,2,0,2,2,0,2,0,10,13,0,0,0,0,2,0,2,0,2,2,0,2,0,0,0,6,0,0,0,0,0,1,0,0,0,5,0,0,0,0,0,0,0,0
1015,L9994,LongParameterResolver,org.junit.jupiter.engine.execution.injection.sample.LongParameterResolver,L9934,L103,C:\Users\domco\Desktop\DP\repos\junit5\junit-jupiter-engine\src\test\java\org\junit\jupiter\engine\execution\injection\sample\LongParameterResolver.java,31,1,63,2,0.0,0,0,0,0.0,0.0,0,0,2,2,2,8,3,1,0,2,4,0.333333,0.394737,15,11,1,2,0.394737,15,2,2,0,0,1,23,33,0,0,0,0,2,0,2,0,2,10,0,2,0,23,33,0,0,0,0,2,0,2,0,2,10,0,2,0,0,0,6,0,0,0,0,0,1,0,0,0,5,0,0,0,0,0,0,0,0
1016,L10025,MapOfStringsParameterResolver,org.junit.jupiter.engine.execution.injection.sample.MapOfStringsParameterResolver,L9934,L103,C:\Users\domco\Desktop\DP\repos\junit5\junit-jupiter-engine\src\test\java\org\junit\jupiter\engine\execution\injection\sample\MapOfStringsParameterResolver.java,27,1,49,2,0.0,0,0,0,0.0,0.0,0,0,2,1,1,5,3,1,0,1,3,0.333333,0.2,5,5,1,2,0.2,5,2,2,0,0,1,20,23,0,0,0,0,2,0,2,0,2,10,0,2,0,20,23,0,0,0,0,2,0,2,0,2,10,0,2,0,0,0,8,0,0,0,0,0,1,0,0,0,7,0,0,0,0,0,0,0,0
1017,L10048,NullIntegerParameterResolver,org.junit.jupiter.engine.execution.injection.sample.NullIntegerParameterResolver,L9934,L103,C:\Users\domco\Desktop\DP\repos\junit5\junit-jupiter-engine\src\test\java\org\junit\jupiter\engine\execution\injection\sample\NullIntegerParameterResolver.java,23,1,36,2,0.0,0,0,0,0.0,0.0,0,0,2,0,0,3,3,1,0,1,3,0.333333,0.352941,6,6,1,2,0.352941,6,2,2,0,0,1,11,14,0,0,0,0,2,0,2,0,2,2,0,2,0,11,14,0,0,0,0,2,0,2,0,2,2,0,2,0,0,0,6,0,0,0,0,0,1,0,0,0,5,0,0,0,0,0,0,0,0
1018,L10057,NumberParameterResolver,org.junit.jupiter.engine.execution.injection.sample.NumberParameterResolver,L9934,L103,C:\Users\domco\Desktop\DP\repos\junit5\junit-jupiter-engine\src\test\java\org\junit\jupiter\engine\execution\injection\sample\NumberParameterResolver.java,37,1,49,2,0.0,0,0,0,0.0,0.0,0,0,2,0,0,2,3,1,0,1,3,0.333333,0.666667,20,20,1,2,0.666667,20,2,2,0,0,1,10,13,0,0,0,0,2,0,2,0,2,2,0,2,0,10,13,0,0,0,0,2,0,2,0,2,2,0,2,0,0,0,6,0,0,0,0,0,1,0,0,0,5,0,0,0,0,0,0,0,0
1019,L10066,PrimitiveArrayParameterResolver,org.junit.jupiter.engine.execution.injection.sample.PrimitiveArrayParameterResolver,L9934,L103,C:\Users\domco\Desktop\DP\repos\junit5\junit-jupiter-engine\src\test\java\org\junit\jupiter\engine\execution\injection\sample\PrimitiveArrayParameterResolver.java,22,1,34,2,0.0,0,0,0,0.0,0.0,0,0,2,0,0,2,3,2,0,1,3,0.333333,0.333333,5,5,1,2,0.333333,5,2,2,0,0,1,10,13,0,0,0,0,2,0,2,0,2,2,0,2,0,10,13,0,0,0,0,2,0,2,0,2,2,0,2,0,0,0,6,0,0,0,0,0,1,0,0,0,5,0,0,0,0,0,0,0,0
1020,L10075,PrimitiveIntegerParameterResolver,org.junit.jupiter.engine.execution.injection.sample.PrimitiveIntegerParameterResolver,L9934,L103,C:\Users\domco\Desktop\DP\repos\junit5\junit-jupiter-engine\src\test\java\org\junit\jupiter\engine\execution\injection\sample\PrimitiveIntegerParameterResolver.java,22,1,34,2,0.0,0,0,0,0.0,0.0,0,0,2,0,0,2,3,1,0,1,3,0.333333,0.333333,5,5,1,2,0.333333,5,2,2,0,0,1,10,13,0,0,0,0,2,0,2,0,2,2,0,2,0,10,13,0,0,0,0,2,0,2,0,2,2,0,2,0,0,0,6,0,0,0,0,0,1,0,0,0,5,0,0,0,0,0,0,0,0
1021,L10752,BeforeAndAfterEachTests$OuterTestCase$InnerTestCase,org.junit.jupiter.engine.extension.BeforeAndAfterEachTests$OuterTestCase$InnerTestCase,L10693,L103,C:\Users\domco\Desktop\DP\repos\junit5\junit-jupiter-engine\src\test\java\org\junit\jupiter\engine\extension\BeforeAndAfterEachTests.java,360,3,378,4,0.0,0,0,0,0.0,0.0,0,0,3,0,0,3,7,0,0,0,3,0.0,0.0,0,0,0,1,0.0,0,0,0,0,0,0,16,19,0,0,0,0,3,0,0,0,3,3,0,0,0,16,19,0,0,0,0,3,0,0,0,3,3,0,0,0,0,0,10,1,3,1,0,3,1,0,0,0,9,0,0,0,0,0,0,0,0
1022,L10869,BeforeAndAfterTestExecutionCallbackTests$OuterTestCase$InnerTestCase,org.junit.jupiter.engine.extension.BeforeAndAfterTestExecutionCallbackTests$OuterTestCase$InnerTestCase,L10818,L103,C:\Users\domco\Desktop\DP\repos\junit5\junit-jupiter-engine\src\test\java\org\junit\jupiter\engine\extension\BeforeAndAfterTestExecutionCallbackTests.java,323,3,341,4,0.0,0,0,0,0.0,0.0,0,0,3,0,0,3,7,0,0,0,3,0.0,0.0,0,0,0,1,0.0,0,0,0,0,0,0,16,19,0,0,0,0,3,0,0,0,3,3,0,0,0,16,19,0,0,0,0,3,0,0,0,3,3,0,0,0,0,0,10,1,3,1,0,3,1,0,0,0,9,0,0,0,0,0,0,0,0
1023,L11168,ParameterResolverTests$ConstructorInjectionTestCase$NestedTestCase,org.junit.jupiter.engine.extension.ParameterResolverTests$ConstructorInjectionTestCase$NestedTestCase,L11089,L103,C:\Users\domco\Desktop\DP\repos\junit5\junit-jupiter-engine\src\test\java\org\junit\jupiter\engine\extension\ParameterResolverTests.java,247,3,265,4,0.0,0,0,0,0.0,0.0,0,0,1,0,0,2,6,0,0,1,3,0.0,0.0,0,0,0,1,0.0,0,0,0,0,0,0,16,19,2,0,2,0,2,0,0,0,2,6,0,0,0,16,19,2,0,2,0,2,0,0,0,2,6,0,0,0,0,0,7,0,6,5,0,1,0,0,0,0,7,0,0,0,0,0,0,0,0
1024,L11187,ParameterResolverTests$AnnotatedParameterConstructorInjectionTestCase$AnnotatedConstructorParameterNestedTestCase,org.junit.jupiter.engine.extension.ParameterResolverTests$AnnotatedParameterConstructorInjectionTestCase$AnnotatedConstructorParameterNestedTestCase,L11093,L103,C:\Users\domco\Desktop\DP\repos\junit5\junit-jupiter-engine\src\test\java\org\junit\jupiter\engine\extension\ParameterResolverTests.java,285,3,304,4,0.0,0,0,0,0.0,0.0,0,0,1,0,0,2,7,0,0,1,3,0.0,0.0588235,1,1,0,1,0.0588235,1,0,0,0,0,0,16,20,2,0,2,0,2,0,0,0,2,6,0,0,0,16,20,2,0,2,0,2,0,0,0,2,6,0,0,0,0,0,7,0,6,5,0,1,0,0,0,0,7,0,0,0,0,0,0,0,0
1025,L11742,TestInstanceFactoryTests$OuterTestCase$InnerTestCase,org.junit.jupiter.engine.extension.TestInstanceFactoryTests$OuterTestCase$InnerTestCase,L11695,L103,C:\Users\domco\Desktop\DP\repos\junit5\junit-jupiter-engine\src\test\java\org\junit\jupiter\engine\extension\TestInstanceFactoryTests.java,468,3,484,4,0.0,0,0,0,0.0,0.0,0,0,1,0,0,1,3,0,0,0,1,0.0,0.0,0,0,0,1,0.0,0,0,0,0,0,0,7,9,0,0,0,0,1,0,0,0,1,1,0,0,0,14,17,0,0,0,0,2,0,0,0,2,2,0,0,0,0,0,10,2,2,2,0,2,0,0,0,0,10,0,0,0,0,0,0,0,0
1026,L11650,TestInstanceFactoryTests$MultipleFactoriesRegisteredWithinNestedClassStructureTestCase$InnerTestCase,org.junit.jupiter.engine.extension.TestInstanceFactoryTests$MultipleFactoriesRegisteredWithinNestedClassStructureTestCase$InnerTestCase,L11647,L103,C:\Users\domco\Desktop\DP\repos\junit5\junit-jupiter-engine\src\test\java\org\junit\jupiter\engine\extension\TestInstanceFactoryTests.java,494,3,501,4,0.0,0,0,0,0.0,0.0,0,0,1,0,0,1,4,1,0,0,1,0.0,0.0,0,0,0,1,0.0,0,0,0,0,0,0,7,8,0,0,0,0,1,0,0,0,1,0,0,0,0,7,8,0,0,0,0,1,0,0,0,1,0,0,0,0,0,0,5,1,2,1,0,1,0,0,0,0,5,1,0,0,0,0,0,0,0
1027,L11856,TestInstancePostProcessorTests$OuterTestCase$InnerTestCase,org.junit.jupiter.engine.extension.TestInstancePostProcessorTests$OuterTestCase$InnerTestCase,L11835,L103,C:\Users\domco\Desktop\DP\repos\junit5\junit-jupiter-engine\src\test\java\org\junit\jupiter\engine\extension\TestInstancePostProcessorTests.java,111,3,133,4,0.0,0,0,0,0.0,0.0,0,0,2,0,0,3,9,0,0,1,4,0.0,0.0,0,0,0,2,0.0,0,1,1,0,0,1,19,23,1,0,1,0,3,0,1,1,3,5,0,1,1,19,23,1,0,1,0,3,0,1,1,3,5,0,1,1,0,0,10,0,5,3,0,2,1,0,0,0,9,0,0,0,0,0,0,0,0
1028,L12692,NestedTestClassesTests$TestCaseWithDoubleNesting$NestedTestCase$DoublyNestedTestCase,org.junit.jupiter.engine.NestedTestClassesTests$TestCaseWithDoubleNesting$NestedTestCase$DoublyNestedTestCase,L12684,L103,C:\Users\domco\Desktop\DP\repos\junit5\junit-jupiter-engine\src\test\java\org\junit\jupiter\engine\NestedTestClassesTests.java,164,4,185,5,0.0,0,0,0,0.0,0.0,0,0,4,0,0,4,5,0,0,1,5,0.0,0.0,0,0,0,1,0.0,0,0,0,0,0,0,18,22,0,0,0,0,4,0,0,0,4,3,0,0,0,18,22,0,0,0,0,4,0,0,0,4,3,0,0,0,0,0,12,2,5,2,0,4,1,0,0,0,11,1,0,0,0,0,0,0,0
1029,L13003,TestInstanceLifecycleExecutionModeTests$OuterTestCase$LevelOne$LevelTwo,org.junit.jupiter.engine.TestInstanceLifecycleExecutionModeTests$OuterTestCase$LevelOne$LevelTwo,L13001,L103,C:\Users\domco\Desktop\DP\repos\junit5\junit-jupiter-engine\src\test\java\org\junit\jupiter\engine\TestInstanceLifecycleExecutionModeTests.java,92,4,105,5,0.0,0,0,0,0.0,0.0,0,0,1,0,0,1,3,0,0,0,1,0.0,0.0,0,0,0,1,0.0,0,0,0,0,0,0,7,8,0,0,0,0,1,0,0,0,1,0,0,0,0,13,14,0,0,0,0,2,0,0,0,2,0,0,0,0,0,0,10,2,4,2,0,2,0,0,0,0,10,2,0,0,0,0,0,0,0
1030,L13275,TestInstanceLifecycleTests$InstanceTrackingExtension$1,org.junit.jupiter.engine.TestInstanceLifecycleTests$InstanceTrackingExtension$1,L13271,L103,C:\Users\domco\Desktop\DP\repos\junit5\junit-jupiter-engine\src\test\java\org\junit\jupiter\engine\TestInstanceLifecycleTests.java,959,57,960,5,0.0,0,0,0,0.0,0.0,0,0,0,0,0,0,1,0,0,0,0,0.0,0.0,0,0,0,1,0.0,0,1,1,0,0,1,2,2,0,2,0,0,0,0,0,0,2,0,0,2,0,2,2,0,2,0,0,0,0,0,0,2,0,0,2,0,0,0,3,0,0,0,0,0,0,0,0,0,3,0,0,0,0,0,0,0,0
1031,L13420,TestTemplateInvocationTests$SingleInvocationContextProviderWithDisabledInvocations$1,org.junit.jupiter.engine.TestTemplateInvocationTests$SingleInvocationContextProviderWithDisabledInvocations$1,L13416,L103,C:\Users\domco\Desktop\DP\repos\junit5\junit-jupiter-engine\src\test\java\org\junit\jupiter\engine\TestTemplateInvocationTests.java,551,57,556,5,0.0,0,0,0,0.0,0.0,0,0,0,0,0,1,3,0,0,0,1,0.0,0.0,0,0,0,2,0.0,0,1,1,0,0,1,6,6,0,2,0,1,1,0,1,0,2,1,0,2,0,6,6,0,2,0,1,1,0,1,0,2,1,0,2,0,0,0,5,0,0,0,0,0,0,0,0,0,5,0,0,0,0,0,0,0,0
1032,L13455,TestTemplateInvocationTests$StringParameterResolvingInvocationContextProvider$1,org.junit.jupiter.engine.TestTemplateInvocationTests$StringParameterResolvingInvocationContextProvider$1,L13450,L103,C:\Users\domco\Desktop\DP\repos\junit5\junit-jupiter-engine\src\test\java\org\junit\jupiter\engine\TestTemplateInvocationTests.java,635,47,659,5,0.0,0,0,0,0.0,0.0,0,0,0,0,0,2,3,0,0,1,3,0.0,0.0,0,0,0,3,0.0,0,1,1,0,0,1,11,13,0,2,0,2,2,0,2,0,2,2,0,2,0,21,25,0,2,0,2,4,0,4,0,4,4,0,4,0,0,0,15,0,0,0,0,0,1,0,0,0,14,0,0,0,0,0,0,0,0
1033,L13478,TestTemplateInvocationTests$StringParameterInjectingInvocationContextProvider$1,org.junit.jupiter.engine.TestTemplateInvocationTests$StringParameterInjectingInvocationContextProvider$1,L13473,L103,C:\Users\domco\Desktop\DP\repos\junit5\junit-jupiter-engine\src\test\java\org\junit\jupiter\engine\TestTemplateInvocationTests.java,677,47,692,5,0.0,0,0,0,0.0,0.0,0,0,0,0,0,2,3,0,0,1,3,0.0,0.0,0,0,0,3,0.0,0,1,1,0,0,1,11,16,0,2,0,2,2,0,2,0,2,2,0,2,0,11,16,0,2,0,2,2,0,2,0,2,2,0,2,0,0,0,7,0,0,0,0,0,0,0,0,0,7,0,0,0,0,0,0,0,0
1034,L13492,TestTemplateInvocationTests$InvocationContextProviderWithDynamicLifecycleCallbacks$1,org.junit.jupiter.engine.TestTemplateInvocationTests$InvocationContextProviderWithDynamicLifecycleCallbacks$1,L13487,L103,C:\Users\domco\Desktop\DP\repos\junit5\junit-jupiter-engine\src\test\java\org\junit\jupiter\engine\TestTemplateInvocationTests.java,710,47,721,5,0.0,0,0,0,0.0,0.0,0,0,0,0,0,2,3,0,0,0,2,0.0,0.0,0,0,0,3,0.0,0,1,1,0,0,1,10,12,0,2,0,2,2,0,2,0,2,2,0,2,0,10,12,0,2,0,2,2,0,2,0,2,2,0,2,0,0,0,7,0,0,0,0,0,0,0,0,0,7,0,0,0,0,0,0,0,0
1035,L8469,IsInnerClassTests$InnerClassesTestCase$InnerClass,org.junit.jupiter.engine.discovery.predicates.IsInnerClassTests$InnerClassesTestCase$InnerClass,L8472,L103,C:\Users\domco\Desktop\DP\repos\junit5\junit-jupiter-engine\src\test\java\org\junit\jupiter\engine\discovery\predicates\IsInnerClassTests.java,43,3,44,4,0.0,0,0,0,0.0,0.0,0,0,0,0,0,0,0,1,0,0,0,0.0,0.0,0,0,0,1,0.0,0,0,0,0,0,0,2,2,0,0,0,0,0,0,0,0,0,0,0,0,0,2,2,0,0,0,0,0,0,0,0,0,0,0,0,0,0,0,3,0,0,0,0,0,0,0,0,0,3,0,0,0,0,0,0,0,0
1036,L8476,IsInnerClassTests$InnerClassesTestCase$StaticNestedClass,org.junit.jupiter.engine.discovery.predicates.IsInnerClassTests$InnerClassesTestCase$StaticNestedClass,L8472,L103,C:\Users\domco\Desktop\DP\repos\junit5\junit-jupiter-engine\src\test\java\org\junit\jupiter\engine\discovery\predicates\IsInnerClassTests.java,46,3,47,4,0.0,0,0,0,0.0,0.0,0,0,0,0,0,0,0,1,0,0,0,0.0,0.0,0,0,0,1,0.0,0,0,0,0,0,0,2,2,0,0,0,0,0,0,0,0,0,0,0,0,0,2,2,0,0,0,0,0,0,0,0,0,0,0,0,0,0,0,3,0,0,0,0,0,0,0,0,0,3,0,0,0,0,0,0,0,0
1037,L8480,IsInnerClassTests$InnerClassesTestCase$PrivateInnerClass,org.junit.jupiter.engine.discovery.predicates.IsInnerClassTests$InnerClassesTestCase$PrivateInnerClass,L8472,L103,C:\Users\domco\Desktop\DP\repos\junit5\junit-jupiter-engine\src\test\java\org\junit\jupiter\engine\discovery\predicates\IsInnerClassTests.java,49,3,50,4,0.0,0,0,0,0.0,0.0,0,0,0,0,0,0,0,1,0,0,0,0.0,0.0,0,0,0,1,0.0,0,0,0,0,0,0,2,2,0,0,0,0,0,0,0,0,0,0,0,0,0,2,2,0,0,0,0,0,0,0,0,0,0,0,0,0,0,0,3,0,0,0,0,0,0,0,0,0,3,0,0,0,0,0,0,0,0
1038,L8493,IsNestedTestClassTests$NestedClassesTestCase$InnerClass,org.junit.jupiter.engine.discovery.predicates.IsNestedTestClassTests$NestedClassesTestCase$InnerClass,L8496,L103,C:\Users\domco\Desktop\DP\repos\junit5\junit-jupiter-engine\src\test\java\org\junit\jupiter\engine\discovery\predicates\IsNestedTestClassTests.java,44,3,46,4,0.0,0,0,0,0.0,0.0,0,0,0,0,0,0,1,1,0,0,0,0.0,0.0,0,0,0,1,0.0,0,0,0,0,0,0,3,3,0,0,0,0,0,0,0,0,0,0,0,0,0,3,3,0,0,0,0,0,0,0,0,0,0,0,0,0,0,0,3,0,0,0,0,0,0,0,0,0,3,0,0,0,0,0,0,0,0
1039,L8500,IsNestedTestClassTests$NestedClassesTestCase$StaticNestedClass,org.junit.jupiter.engine.discovery.predicates.IsNestedTestClassTests$NestedClassesTestCase$StaticNestedClass,L8496,L103,C:\Users\domco\Desktop\DP\repos\junit5\junit-jupiter-engine\src\test\java\org\junit\jupiter\engine\discovery\predicates\IsNestedTestClassTests.java,48,3,50,4,0.0,0,0,0,0.0,0.0,0,0,0,0,0,0,1,1,0,0,0,0.0,0.0,0,0,0,1,0.0,0,0,0,0,0,0,3,3,0,0,0,0,0,0,0,0,0,0,0,0,0,3,3,0,0,0,0,0,0,0,0,0,0,0,0,0,0,0,3,0,0,0,0,0,0,0,0,0,3,0,0,0,0,0,0,0,0
1040,L8504,IsNestedTestClassTests$NestedClassesTestCase$PrivateInnerClass,org.junit.jupiter.engine.discovery.predicates.IsNestedTestClassTests$NestedClassesTestCase$PrivateInnerClass,L8496,L103,C:\Users\domco\Desktop\DP\repos\junit5\junit-jupiter-engine\src\test\java\org\junit\jupiter\engine\discovery\predicates\IsNestedTestClassTests.java,52,3,54,4,0.0,0,0,0,0.0,0.0,0,0,0,0,0,0,1,1,0,0,0,0.0,0.0,0,0,0,1,0.0,0,0,0,0,0,0,3,3,0,0,0,0,0,0,0,0,0,0,0,0,0,3,3,0,0,0,0,0,0,0,0,0,0,0,0,0,0,0,3,0,0,0,0,0,0,0,0,0,3,0,0,0,0,0,0,0,0
1041,L8529,IsPotentialTestContainerTests$1LocalClass,org.junit.jupiter.engine.discovery.predicates.IsPotentialTestContainerTests$1LocalClass,L8528,L103,C:\Users\domco\Desktop\DP\repos\junit5\junit-jupiter-engine\src\test\java\org\junit\jupiter\engine\discovery\predicates\IsPotentialTestContainerTests.java,43,3,44,4,0.0,0,0,0,0.0,0.0,0,0,0,0,0,0,0,1,0,0,0,0.0,0.0,0,0,0,1,0.0,0,0,0,0,0,0,2,2,0,0,0,0,0,0,0,0,0,0,0,0,0,2,2,0,0,0,0,0,0,0,0,0,0,0,0,0,0,0,3,0,0,0,0,0,0,0,0,0,3,0,0,0,0,0,0,0,0
1042,L8536,IsPotentialTestContainerTests$1,org.junit.jupiter.engine.discovery.predicates.IsPotentialTestContainerTests$1,L8533,L103,C:\Users\domco\Desktop\DP\repos\junit5\junit-jupiter-engine\src\test\java\org\junit\jupiter\engine\discovery\predicates\IsPotentialTestContainerTests.java,52,32,57,4,0.0,0,0,0,0.0,0.0,0,0,1,0,0,1,0,0,0,0,1,0.0,0.0,0,0,0,2,0.0,0,0,0,0,0,0,6,6,0,0,0,0,1,0,1,0,1,1,0,1,0,6,6,0,0,0,0,1,0,1,0,1,1,0,1,0,0,0,5,0,0,0,0,0,0,0,0,0,5,0,0,0,0,0,0,0,0
1043,L8599,IsTestClassWithTestsTests$PrivateClassWithNestedTestClass$InnerClass,org.junit.jupiter.engine.discovery.predicates.IsTestClassWithTestsTests$PrivateClassWithNestedTestClass$InnerClass,L8580,L103,C:\Users\domco\Desktop\DP\repos\junit5\junit-jupiter-engine\src\test\java\org\junit\jupiter\engine\discovery\predicates\IsTestClassWithTestsTests.java,116,3,127,4,0.0,0,0,0,0.0,0.0,0,0,2,0,0,2,2,0,0,0,2,0.0,0.0,0,0,0,1,0.0,0,0,0,0,0,0,9,12,0,0,0,0,2,0,0,0,2,0,0,0,0,9,12,0,0,0,0,2,0,0,0,2,0,0,0,0,0,0,8,2,4,2,0,2,1,0,0,0,7,2,0,0,0,0,0,0,0
1044,L11745,TestInstanceFactoryTests$OuterTestCase$InnerTestCase$InnerInnerTestCase,org.junit.jupiter.engine.extension.TestInstanceFactoryTests$OuterTestCase$InnerTestCase$InnerInnerTestCase,L11742,L103,C:\Users\domco\Desktop\DP\repos\junit5\junit-jupiter-engine\src\test\java\org\junit\jupiter\engine\extension\TestInstanceFactoryTests.java,476,4,483,5,0.0,0,0,0,0.0,0.0,0,0,1,0,0,1,3,0,0,0,1,0.0,0.0,0,0,0,1,0.0,0,0,0,0,0,0,7,8,0,0,0,0,1,0,0,0,1,1,0,0,0,7,8,0,0,0,0,1,0,0,0,1,1,0,0,0,0,0,5,1,1,1,0,1,0,0,0,0,5,0,0,0,0,0,0,0,0
1045,L13005,TestInstanceLifecycleExecutionModeTests$OuterTestCase$LevelOne$LevelTwo$LevelThree,org.junit.jupiter.engine.TestInstanceLifecycleExecutionModeTests$OuterTestCase$LevelOne$LevelTwo$LevelThree,L13003,L103,C:\Users\domco\Desktop\DP\repos\junit5\junit-jupiter-engine\src\test\java\org\junit\jupiter\engine\TestInstanceLifecycleExecutionModeTests.java,95,5,100,6,0.0,0,0,0,0.0,0.0,0,0,1,0,0,1,2,0,0,0,1,0.0,0.0,0,0,0,1,0.0,0,0,0,0,0,0,6,6,0,0,0,0,1,0,0,0,1,0,0,0,0,6,6,0,0,0,0,1,0,0,0,1,0,0,0,0,0,0,5,1,2,1,0,1,0,0,0,0,5,1,0,0,0,0,0,0,0
1046,L13461,TestTemplateInvocationTests$StringParameterResolvingInvocationContextProvider$1$1,org.junit.jupiter.engine.TestTemplateInvocationTests$StringParameterResolvingInvocationContextProvider$1$1,L13458,L103,C:\Users\domco\Desktop\DP\repos\junit5\junit-jupiter-engine\src\test\java\org\junit\jupiter\engine\TestTemplateInvocationTests.java,644,51,657,7,0.0,0,0,0,0.0,0.0,0,0,2,0,0,2,4,0,0,0,2,0.0,0.0,0,0,0,3,0.0,0,2,2,0,0,1,12,14,0,0,0,0,2,0,2,0,2,2,0,2,0,12,14,0,0,0,0,2,0,2,0,2,2,0,2,0,0,0,8,0,0,0,0,0,1,0,0,0,7,0,0,0,0,0,0,0,0
1047,L13821,AbstractTestRuleAdapterTests$1,org.junit.jupiter.migrationsupport.rules.AbstractTestRuleAdapterTests$1,L13818,L103,C:\Users\domco\Desktop\DP\repos\junit5\junit-jupiter-migrationsupport\src\test\java\org\junit\jupiter\migrationsupport\rules\AbstractTestRuleAdapterTests.java,48,73,54,4,0.0,0,0,0,0.0,0.0,0,0,1,0,0,1,1,0,0,1,2,0.0,0.0,0,0,0,2,0.0,0,2,2,0,0,1,7,7,1,0,0,0,1,0,1,0,6,1,0,4,0,7,7,1,0,0,0,1,0,1,0,6,1,0,4,0,0,0,5,0,0,0,0,0,0,0,0,0,5,0,0,0,0,0,0,0,0
1048,L13847,EnableRuleMigrationSupportWithBothRuleTypesTests$2,org.junit.jupiter.migrationsupport.rules.EnableRuleMigrationSupportWithBothRuleTypesTests$2,L13846,L103,C:\Users\domco\Desktop\DP\repos\junit5\junit-jupiter-migrationsupport\src\test\java\org\junit\jupiter\migrationsupport\rules\EnableRuleMigrationSupportWithBothRuleTypesTests.java,50,33,69,4,0.0,0,0,0,0.0,0.0,0,0,1,0,0,2,2,0,0,2,4,0.0,0.0,0,0,0,1,0.0,0,0,0,0,0,0,17,20,1,0,1,0,2,0,0,0,2,5,0,0,0,17,20,1,0,1,0,2,0,0,0,2,5,0,0,0,0,1,7,0,2,2,0,0,0,0,0,0,7,0,1,0,0,0,0,0,0
1049,L13897,ExternalResourceSupportForDifferentDeclaredReturnTypesRulesTests$1,org.junit.jupiter.migrationsupport.rules.ExternalResourceSupportForDifferentDeclaredReturnTypesRulesTests$1,L13896,L103,C:\Users\domco\Desktop\DP\repos\junit5\junit-jupiter-migrationsupport\src\test\java\org\junit\jupiter\migrationsupport\rules\ExternalResourceSupportForDifferentDeclaredReturnTypesRulesTests.java,39,33,49,4,1.0,1,1,1,1.0,1.0,11,10,2,0,0,2,1,0,0,0,2,0.0,0.0,0,0,0,1,0.0,0,0,0,0,0,0,10,11,0,0,0,0,2,0,0,0,2,2,0,0,0,10,11,0,0,0,0,2,0,0,0,2,2,0,0,0,0,0,23,0,0,0,15,0,1,0,0,0,7,0,0,0,0,0,0,0,0
1050,L13960,ExternalResourceSupportForMultipleMethodRulesTests$1,org.junit.jupiter.migrationsupport.rules.ExternalResourceSupportForMultipleMethodRulesTests$1,L13959,L103,C:\Users\domco\Desktop\DP\repos\junit5\junit-jupiter-migrationsupport\src\test\java\org\junit\jupiter\migrationsupport\rules\ExternalResourceSupportForMultipleMethodRulesTests.java,33,33,43,4,1.0,1,1,1,1.0,1.0,11,10,2,0,0,2,1,0,0,0,2,0.0,0.0,0,0,0,1,0.0,0,0,0,0,0,0,10,11,0,0,0,0,2,0,0,0,2,2,0,0,0,10,11,0,0,0,0,2,0,0,0,2,2,0,0,0,0,0,23,0,0,0,15,0,1,0,0,0,7,0,0,0,0,0,0,0,0
1051,L13966,ExternalResourceSupportForMultipleMethodRulesTests$2,org.junit.jupiter.migrationsupport.rules.ExternalResourceSupportForMultipleMethodRulesTests$2,L13965,L103,C:\Users\domco\Desktop\DP\repos\junit5\junit-jupiter-migrationsupport\src\test\java\org\junit\jupiter\migrationsupport\rules\ExternalResourceSupportForMultipleMethodRulesTests.java,48,33,58,4,1.0,1,1,1,1.0,1.0,11,10,2,0,0,2,1,0,0,0,2,0.0,0.0,0,0,0,1,0.0,0,0,0,0,0,0,10,11,0,0,0,0,2,0,0,0,2,2,0,0,0,10,11,0,0,0,0,2,0,0,0,2,2,0,0,0,0,0,23,0,0,0,15,0,1,0,0,0,7,0,0,0,0,0,0,0,0
1052,L14028,LauncherBasedEnableRuleMigrationSupportTests$EnableRuleMigrationSupportWithBothRuleTypesTestCase$1,org.junit.jupiter.migrationsupport.rules.LauncherBasedEnableRuleMigrationSupportTests$EnableRuleMigrationSupportWithBothRuleTypesTestCase$1,L14002,L103,C:\Users\domco\Desktop\DP\repos\junit5\junit-jupiter-migrationsupport\src\test\java\org\junit\jupiter\migrationsupport\rules\LauncherBasedEnableRuleMigrationSupportTests.java,89,46,95,4,0.0,0,0,0,0.0,0.0,0,0,1,0,0,1,1,0,0,0,1,0.0,0.0,0,0,0,1,0.0,0,0,0,0,0,0,6,7,0,0,0,0,1,0,0,0,1,1,0,0,0,6,7,0,0,0,0,1,0,0,0,1,1,0,0,0,0,0,5,0,0,0,0,0,0,0,0,0,5,0,0,0,0,0,0,0,0
1053,L14031,LauncherBasedEnableRuleMigrationSupportTests$EnableRuleMigrationSupportWithBothRuleTypesTestCase$2,org.junit.jupiter.migrationsupport.rules.LauncherBasedEnableRuleMigrationSupportTests$EnableRuleMigrationSupportWithBothRuleTypesTestCase$2,L14002,L103,C:\Users\domco\Desktop\DP\repos\junit5\junit-jupiter-migrationsupport\src\test\java\org\junit\jupiter\migrationsupport\rules\LauncherBasedEnableRuleMigrationSupportTests.java,97,63,107,4,0.0,0,0,0,0.0,0.0,0,0,2,0,0,2,1,0,0,0,2,0.0,0.0,0,0,0,1,0.0,0,0,0,0,0,0,10,11,0,0,0,0,2,0,0,0,2,2,0,0,0,10,11,0,0,0,0,2,0,0,0,2,2,0,0,0,0,0,8,0,0,0,0,0,1,0,0,0,7,0,0,0,0,0,0,0,0
1054,L15652,CsvFileArgumentsProviderTests$1,org.junit.jupiter.params.provider.CsvFileArgumentsProviderTests$1,L15644,L103,C:\Users\domco\Desktop\DP\repos\junit5\junit-jupiter-params\src\test\java\org\junit\jupiter\params\provider\CsvFileArgumentsProviderTests.java,53,72,59,4,0.0,0,0,0,0.0,0.0,0,0,1,0,0,1,0,0,0,0,1,0.0,0.0,0,0,0,2,0.0,0,0,0,0,0,0,6,7,0,0,0,0,1,0,1,0,1,1,0,1,0,6,7,0,0,0,0,1,0,1,0,1,1,0,1,0,0,0,5,0,0,0,0,0,0,0,0,0,5,0,0,0,0,0,0,0,0
1055,L15939,MethodArgumentsProviderTests$ExternalFactoryMethods$Nested,org.junit.jupiter.params.provider.MethodArgumentsProviderTests$ExternalFactoryMethods$Nested,L15829,L103,C:\Users\domco\Desktop\DP\repos\junit5\junit-jupiter-params\src\test\java\org\junit\jupiter\params\provider\MethodArgumentsProviderTests.java,482,3,487,4,0.0,0,0,0,0.0,0.0,0,0,1,0,0,1,0,0,0,0,1,0.0,0.0,0,0,0,1,0.0,0,0,0,0,0,0,5,6,0,0,0,0,1,0,0,0,1,1,0,0,0,5,6,0,0,0,0,1,0,0,0,1,1,0,0,0,0,0,5,0,1,0,0,1,0,0,0,0,5,0,0,0,0,0,0,0,0
1056,L16693,ModuleUtils$ModuleReferenceScanner,org.junit.platform.commons.util.ModuleUtils$ModuleReferenceScanner,L16612,L103,C:\Users\domco\Desktop\DP\repos\junit5\junit-platform-commons-java-9\src\main\java\org\junit\platform\commons\util\ModuleUtils.java,165,2,220,3,0.0,0,0,0,0.0,0.0,0,0,3,2,2,6,2,1,1,1,5,1.0,0.314815,17,14,1,0,0.314815,17,0,0,0,0,0,37,56,2,0,2,0,4,0,0,0,4,12,0,0,0,37,56,2,0,2,0,4,0,0,0,4,12,0,0,0,0,1,5,0,2,2,0,1,1,0,0,0,4,0,0,0,0,0,0,0,0
1057,L18151,AnnotationUtilsTests$AnnotationWithDefaultValueClass,org.junit.platform.commons.util.AnnotationUtilsTests$AnnotationWithDefaultValueClass,L17906,L103,C:\Users\domco\Desktop\DP\repos\junit5\platform-tests\src\test\java\org\junit\platform\commons\util\AnnotationUtilsTests.java,629,2,631,3,0.0,0,0,0,0.0,0.0,0,0,0,0,0,0,1,0,0,0,0,0.0,0.0,0,0,0,1,0.0,0,0,0,0,0,0,3,3,0,0,0,0,0,0,0,0,0,0,0,0,0,3,3,0,0,0,0,0,0,0,0,0,0,0,0,0,0,0,3,0,0,0,0,0,0,0,0,0,3,0,0,0,0,0,0,0,0
1058,L17917,AnnotationUtilsTests$Annotation1Class,org.junit.platform.commons.util.AnnotationUtilsTests$Annotation1Class,L17906,L103,C:\Users\domco\Desktop\DP\repos\junit5\platform-tests\src\test\java\org\junit\platform\commons\util\AnnotationUtilsTests.java,633,2,635,3,0.0,0,0,0,0.0,0.0,0,0,0,0,0,0,1,1,0,0,0,0.0,0.0,0,0,0,1,0.0,0,0,0,0,0,0,3,3,0,0,0,0,0,0,0,0,0,0,0,0,0,3,3,0,0,0,0,0,0,0,0,0,0,0,0,0,0,0,3,0,0,0,0,0,0,0,0,0,3,0,0,0,0,0,0,0,0
1059,L17955,AnnotationUtilsTests$Annotation2Class,org.junit.platform.commons.util.AnnotationUtilsTests$Annotation2Class,L17906,L103,C:\Users\domco\Desktop\DP\repos\junit5\platform-tests\src\test\java\org\junit\platform\commons\util\AnnotationUtilsTests.java,637,2,643,3,0.0,0,0,0,0.0,0.0,0,0,1,0,0,1,2,1,0,0,1,0.0,0.0,0,0,0,1,0.0,0,0,0,0,0,0,6,7,0,0,0,0,1,0,0,0,1,0,0,0,0,6,7,0,0,0,0,1,0,0,0,1,0,0,0,0,0,0,5,0,2,0,0,1,0,0,0,0,5,1,0,0,0,0,0,0,0
1060,L18158,AnnotationUtilsTests$InheritedAnnotationClass,org.junit.platform.commons.util.AnnotationUtilsTests$InheritedAnnotationClass,L17906,L103,C:\Users\domco\Desktop\DP\repos\junit5\platform-tests\src\test\java\org\junit\platform\commons\util\AnnotationUtilsTests.java,645,2,647,3,0.0,0,0,0,0.0,0.0,0,0,0,0,0,0,1,1,0,0,0,0.0,0.0,0,0,0,1,0.0,0,0,0,1,1,0,3,3,0,0,0,0,0,0,0,0,0,0,0,0,0,3,3,0,0,0,0,0,0,0,0,0,0,0,0,0,0,0,3,0,0,0,0,0,0,0,0,0,3,0,0,0,0,0,0,0,0
1061,L17924,AnnotationUtilsTests$SubInheritedAnnotationClass,org.junit.platform.commons.util.AnnotationUtilsTests$SubInheritedAnnotationClass,L17906,L103,C:\Users\domco\Desktop\DP\repos\junit5\platform-tests\src\test\java\org\junit\platform\commons\util\AnnotationUtilsTests.java,649,2,650,3,0.0,0,0,0,0.0,0.0,0,0,0,0,0,0,1,1,0,0,0,0.0,0.0,0,0,0,1,0.0,0,1,1,0,0,1,2,2,0,0,0,0,0,0,0,0,0,0,0,0,0,2,2,0,0,0,0,0,0,0,0,0,0,0,0,0,0,0,3,0,0,0,0,0,0,0,0,0,3,0,0,0,0,0,0,0,0
1062,L17938,AnnotationUtilsTests$ComposedAnnotationClass,org.junit.platform.commons.util.AnnotationUtilsTests$ComposedAnnotationClass,L17906,L103,C:\Users\domco\Desktop\DP\repos\junit5\platform-tests\src\test\java\org\junit\platform\commons\util\AnnotationUtilsTests.java,652,2,658,3,0.0,0,0,0,0.0,0.0,0,0,1,0,0,1,1,1,0,0,1,0.0,0.0,0,0,0,1,0.0,0,0,0,0,0,0,6,7,0,0,0,0,1,0,0,0,1,0,0,0,0,6,7,0,0,0,0,1,0,0,0,1,0,0,0,0,0,0,5,0,2,0,0,1,0,0,0,0,5,1,0,0,0,0,0,0,0
1063,L18168,AnnotationUtilsTests$InheritedComposedAnnotationClass,org.junit.platform.commons.util.AnnotationUtilsTests$InheritedComposedAnnotationClass,L17906,L103,C:\Users\domco\Desktop\DP\repos\junit5\platform-tests\src\test\java\org\junit\platform\commons\util\AnnotationUtilsTests.java,660,2,666,3,0.0,0,0,0,0.0,0.0,0,0,1,0,0,1,1,1,0,0,1,0.0,0.0,0,0,0,1,0.0,0,0,0,1,1,0,6,7,0,0,0,0,1,0,0,0,1,0,0,0,0,6,7,0,0,0,0,1,0,0,0,1,0,0,0,0,0,0,5,0,2,0,0,1,0,0,0,0,5,1,0,0,0,0,0,0,0
1064,L17943,AnnotationUtilsTests$SubInheritedComposedAnnotationClass,org.junit.platform.commons.util.AnnotationUtilsTests$SubInheritedComposedAnnotationClass,L17906,L103,C:\Users\domco\Desktop\DP\repos\junit5\platform-tests\src\test\java\org\junit\platform\commons\util\AnnotationUtilsTests.java,668,2,669,3,0.0,0,0,0,0.0,0.0,0,0,0,0,0,0,1,1,0,0,0,0.0,0.0,0,0,0,1,0.0,0,1,1,0,0,1,2,2,0,0,0,0,0,0,0,0,1,0,0,0,0,2,2,0,0,0,0,0,0,0,0,1,0,0,0,0,0,0,3,0,0,0,0,0,0,0,0,0,3,0,0,0,0,0,0,0,0
1065,L18177,AnnotationUtilsTests$NonInheritedCompositionOfInheritedAnnotationClass,org.junit.platform.commons.util.AnnotationUtilsTests$NonInheritedCompositionOfInheritedAnnotationClass,L17906,L103,C:\Users\domco\Desktop\DP\repos\junit5\platform-tests\src\test\java\org\junit\platform\commons\util\AnnotationUtilsTests.java,671,2,673,3,0.0,0,0,0,0.0,0.0,0,0,0,0,0,0,1,1,0,0,0,0.0,0.0,0,0,0,1,0.0,0,0,0,1,1,0,3,3,0,0,0,0,0,0,0,0,0,0,0,0,0,3,3,0,0,0,0,0,0,0,0,0,0,0,0,0,0,0,3,0,0,0,0,0,0,0,0,0,3,0,0,0,0,0,0,0,0
1066,L17933,AnnotationUtilsTests$SubNonInheritedCompositionOfInheritedAnnotationClass,org.junit.platform.commons.util.AnnotationUtilsTests$SubNonInheritedCompositionOfInheritedAnnotationClass,L17906,L103,C:\Users\domco\Desktop\DP\repos\junit5\platform-tests\src\test\java\org\junit\platform\commons\util\AnnotationUtilsTests.java,675,2,677,3,0.0,0,0,0,0.0,0.0,0,0,0,0,0,0,1,1,0,0,0,0.0,0.0,0,0,0,1,0.0,0,1,1,0,0,1,3,3,0,0,0,0,0,0,0,0,0,0,0,0,0,3,3,0,0,0,0,0,0,0,0,0,0,0,0,0,0,0,3,0,0,0,0,0,0,0,0,0,3,0,0,0,0,0,0,0,0
1067,L17947,AnnotationUtilsTests$TestingTraitClass,org.junit.platform.commons.util.AnnotationUtilsTests$TestingTraitClass,L17906,L103,C:\Users\domco\Desktop\DP\repos\junit5\platform-tests\src\test\java\org\junit\platform\commons\util\AnnotationUtilsTests.java,683,2,684,3,0.0,0,0,0,0.0,0.0,0,0,0,0,0,0,1,1,0,0,0,0.0,0.0,0,0,0,1,0.0,0,1,1,0,0,1,2,2,0,0,0,0,0,0,0,0,0,0,0,0,0,2,2,0,0,0,0,0,0,0,0,0,0,0,0,0,0,0,3,0,0,0,0,0,0,0,0,0,3,0,0,0,0,0,0,0,0
1068,L17951,AnnotationUtilsTests$ComposedTestingTraitClass,org.junit.platform.commons.util.AnnotationUtilsTests$ComposedTestingTraitClass,L17906,L103,C:\Users\domco\Desktop\DP\repos\junit5\platform-tests\src\test\java\org\junit\platform\commons\util\AnnotationUtilsTests.java,690,2,691,3,0.0,0,0,0,0.0,0.0,0,0,0,0,0,0,1,1,0,0,0,0.0,0.0,0,0,0,1,0.0,0,1,1,0,0,1,2,2,0,0,0,0,0,0,0,0,0,0,0,0,0,2,2,0,0,0,0,0,0,0,0,0,0,0,0,0,0,0,3,0,0,0,0,0,0,0,0,0,3,0,0,0,0,0,0,0,0
1069,L17974,AnnotationUtilsTests$SingleTaggedClass,org.junit.platform.commons.util.AnnotationUtilsTests$SingleTaggedClass,L17906,L103,C:\Users\domco\Desktop\DP\repos\junit5\platform-tests\src\test\java\org\junit\platform\commons\util\AnnotationUtilsTests.java,693,2,695,3,0.0,0,0,0,0.0,0.0,0,0,0,0,0,0,1,1,0,0,0,0.0,0.0,0,0,0,1,0.0,0,0,0,0,0,0,3,3,0,0,0,0,0,0,0,0,0,0,0,0,0,3,3,0,0,0,0,0,0,0,0,0,0,0,0,0,0,0,3,0,0,0,0,0,0,0,0,0,3,0,0,0,0,0,0,0,0
1070,L17978,AnnotationUtilsTests$SingleComposedTaggedClass,org.junit.platform.commons.util.AnnotationUtilsTests$SingleComposedTaggedClass,L17906,L103,C:\Users\domco\Desktop\DP\repos\junit5\platform-tests\src\test\java\org\junit\platform\commons\util\AnnotationUtilsTests.java,697,2,699,3,0.0,0,0,0,0.0,0.0,0,0,0,0,0,0,1,1,0,0,0,0.0,0.0,0,0,0,1,0.0,0,0,0,0,0,0,3,3,0,0,0,0,0,0,0,0,0,0,0,0,0,3,3,0,0,0,0,0,0,0,0,0,0,0,0,0,0,0,3,0,0,0,0,0,0,0,0,0,3,0,0,0,0,0,0,0,0
1071,L17990,AnnotationUtilsTests$MultiTaggedClass,org.junit.platform.commons.util.AnnotationUtilsTests$MultiTaggedClass,L17906,L103,C:\Users\domco\Desktop\DP\repos\junit5\platform-tests\src\test\java\org\junit\platform\commons\util\AnnotationUtilsTests.java,701,2,705,3,0.0,0,0,0,0.0,0.0,0,0,0,0,0,0,1,1,0,0,0,0.0,0.0,0,0,0,1,0.0,0,0,0,0,0,0,5,5,0,0,0,0,0,0,0,0,0,0,0,0,0,5,5,0,0,0,0,0,0,0,0,0,0,0,0,0,0,0,3,0,0,0,0,0,0,0,0,0,3,0,0,0,0,0,0,0,0
1072,L17994,AnnotationUtilsTests$MultiComposedTaggedClass,org.junit.platform.commons.util.AnnotationUtilsTests$MultiComposedTaggedClass,L17906,L103,C:\Users\domco\Desktop\DP\repos\junit5\platform-tests\src\test\java\org\junit\platform\commons\util\AnnotationUtilsTests.java,707,2,710,3,0.0,0,0,0,0.0,0.0,0,0,0,0,0,0,2,1,0,0,0,0.0,0.0,0,0,0,1,0.0,0,0,0,0,0,0,4,4,0,0,0,0,0,0,0,0,0,0,0,0,0,4,4,0,0,0,0,0,0,0,0,0,0,0,0,0,0,0,3,0,0,0,0,0,0,0,0,0,3,0,0,0,0,0,0,0,0
1073,L17997,AnnotationUtilsTests$FastAndSmokyTaggedClass,org.junit.platform.commons.util.AnnotationUtilsTests$FastAndSmokyTaggedClass,L17906,L103,C:\Users\domco\Desktop\DP\repos\junit5\platform-tests\src\test\java\org\junit\platform\commons\util\AnnotationUtilsTests.java,712,2,714,3,0.0,0,0,0,0.0,0.0,0,0,0,0,0,0,1,1,0,0,0,0.0,0.0,0,0,0,1,0.0,0,0,0,0,0,0,3,3,0,0,0,0,0,0,0,0,0,0,0,0,0,3,3,0,0,0,0,0,0,0,0,0,0,0,0,0,0,0,3,0,0,0,0,0,0,0,0,0,3,0,0,0,0,0,0,0,0
1074,L17982,AnnotationUtilsTests$TaggedInterfaceClass,org.junit.platform.commons.util.AnnotationUtilsTests$TaggedInterfaceClass,L17906,L103,C:\Users\domco\Desktop\DP\repos\junit5\platform-tests\src\test\java\org\junit\platform\commons\util\AnnotationUtilsTests.java,720,2,721,3,0.0,0,0,0,0.0,0.0,0,0,0,0,0,0,1,1,0,0,0,0.0,0.0,0,0,0,1,0.0,0,1,1,0,0,1,2,2,0,0,0,0,0,0,0,0,0,0,0,0,0,2,2,0,0,0,0,0,0,0,0,0,0,0,0,0,0,0,3,0,0,0,0,0,0,0,0,0,3,0,0,0,0,0,0,0,0
1075,L17986,AnnotationUtilsTests$LocalTagOnTaggedInterfaceClass,org.junit.platform.commons.util.AnnotationUtilsTests$LocalTagOnTaggedInterfaceClass,L17906,L103,C:\Users\domco\Desktop\DP\repos\junit5\platform-tests\src\test\java\org\junit\platform\commons\util\AnnotationUtilsTests.java,723,2,725,3,0.0,0,0,0,0.0,0.0,0,0,0,0,0,0,2,1,0,0,0,0.0,0.0,0,0,0,1,0.0,0,1,1,0,0,1,3,3,0,0,0,0,0,0,0,0,0,0,0,0,0,3,3,0,0,0,0,0,0,0,0,0,0,0,0,0,0,0,3,0,0,0,0,0,0,0,0,0,3,0,0,0,0,0,0,0,0
1076,L18001,AnnotationUtilsTests$ContainerTaggedClass,org.junit.platform.commons.util.AnnotationUtilsTests$ContainerTaggedClass,L17906,L103,C:\Users\domco\Desktop\DP\repos\junit5\platform-tests\src\test\java\org\junit\platform\commons\util\AnnotationUtilsTests.java,727,2,730,3,0.0,0,0,0,0.0,0.0,0,0,0,0,0,0,2,1,0,0,0,0.0,0.0,0,0,0,1,0.0,0,0,0,0,0,0,4,4,0,0,0,0,0,0,0,0,0,0,0,0,0,4,4,0,0,0,0,0,0,0,0,0,0,0,0,0,0,0,3,0,0,0,0,0,0,0,0,0,3,0,0,0,0,0,0,0,0
1077,L18005,AnnotationUtilsTests$ContainerAfterComposedTaggedClass,org.junit.platform.commons.util.AnnotationUtilsTests$ContainerAfterComposedTaggedClass,L17906,L103,C:\Users\domco\Desktop\DP\repos\junit5\platform-tests\src\test\java\org\junit\platform\commons\util\AnnotationUtilsTests.java,732,2,735,3,0.0,0,0,0,0.0,0.0,0,0,0,0,0,0,3,1,0,0,0,0.0,0.0,0,0,0,1,0.0,0,0,0,0,0,0,4,4,0,0,0,0,0,0,0,0,0,0,0,0,0,4,4,0,0,0,0,0,0,0,0,0,0,0,0,0,0,0,3,0,0,0,0,0,0,0,0,0,3,0,0,0,0,0,0,0,0
1078,L18013,AnnotationUtilsTests$SingleExtensionClass,org.junit.platform.commons.util.AnnotationUtilsTests$SingleExtensionClass,L17906,L103,C:\Users\domco\Desktop\DP\repos\junit5\platform-tests\src\test\java\org\junit\platform\commons\util\AnnotationUtilsTests.java,737,2,739,3,0.0,0,0,0,0.0,0.0,0,0,0,0,0,0,1,2,0,0,0,0.0,0.0,0,0,0,1,0.0,0,0,0,1,1,0,3,3,0,0,0,0,0,0,0,0,0,0,0,0,0,3,3,0,0,0,0,0,0,0,0,0,0,0,0,0,0,0,3,0,0,0,0,0,0,0,0,0,3,0,0,0,0,0,0,0,0
1079,L18016,AnnotationUtilsTests$SubSingleExtensionClass,org.junit.platform.commons.util.AnnotationUtilsTests$SubSingleExtensionClass,L17906,L103,C:\Users\domco\Desktop\DP\repos\junit5\platform-tests\src\test\java\org\junit\platform\commons\util\AnnotationUtilsTests.java,741,2,742,3,0.0,0,0,0,0.0,0.0,0,0,0,0,0,0,1,1,0,0,0,0.0,0.0,0,0,0,1,0.0,0,1,1,0,0,1,2,2,0,0,0,0,0,0,0,0,0,0,0,0,0,2,2,0,0,0,0,0,0,0,0,0,0,0,0,0,0,0,3,0,0,0,0,0,0,0,0,0,3,0,0,0,0,0,0,0,0
1080,L18020,AnnotationUtilsTests$MultiExtensionClass,org.junit.platform.commons.util.AnnotationUtilsTests$MultiExtensionClass,L17906,L103,C:\Users\domco\Desktop\DP\repos\junit5\platform-tests\src\test\java\org\junit\platform\commons\util\AnnotationUtilsTests.java,744,2,748,3,0.0,0,0,0,0.0,0.0,0,0,0,0,0,0,1,2,0,0,0,0.0,0.0,0,0,0,1,0.0,0,0,0,1,1,0,5,5,0,0,0,0,0,0,0,0,0,0,0,0,0,5,5,0,0,0,0,0,0,0,0,0,0,0,0,0,0,0,3,0,0,0,0,0,0,0,0,0,3,0,0,0,0,0,0,0,0
1081,L18023,AnnotationUtilsTests$SubMultiExtensionClass,org.junit.platform.commons.util.AnnotationUtilsTests$SubMultiExtensionClass,L17906,L103,C:\Users\domco\Desktop\DP\repos\junit5\platform-tests\src\test\java\org\junit\platform\commons\util\AnnotationUtilsTests.java,750,2,756,3,0.0,0,0,0,0.0,0.0,0,0,0,0,0,0,2,1,0,0,0,0.0,0.222222,2,0,0,1,0.222222,2,1,1,0,0,1,7,7,0,0,0,0,0,0,0,0,0,0,0,0,0,7,7,0,0,0,0,0,0,0,0,0,0,0,0,0,0,0,3,0,0,0,0,0,0,0,0,0,3,0,0,0,0,0,0,0,0
1082,L18027,AnnotationUtilsTests$ContainerExtensionClass,org.junit.platform.commons.util.AnnotationUtilsTests$ContainerExtensionClass,L17906,L103,C:\Users\domco\Desktop\DP\repos\junit5\platform-tests\src\test\java\org\junit\platform\commons\util\AnnotationUtilsTests.java,758,2,760,3,0.0,0,0,0,0.0,0.0,0,0,0,0,0,0,2,2,0,0,0,0.0,0.0,0,0,0,1,0.0,0,0,0,1,1,0,3,3,0,0,0,0,0,0,0,0,0,0,0,0,0,3,3,0,0,0,0,0,0,0,0,0,0,0,0,0,0,0,3,0,0,0,0,0,0,0,0,0,3,0,0,0,0,0,0,0,0
1083,L18030,AnnotationUtilsTests$SubContainerExtensionClass,org.junit.platform.commons.util.AnnotationUtilsTests$SubContainerExtensionClass,L17906,L103,C:\Users\domco\Desktop\DP\repos\junit5\platform-tests\src\test\java\org\junit\platform\commons\util\AnnotationUtilsTests.java,762,2,764,3,0.0,0,0,0,0.0,0.0,0,0,0,0,0,0,2,1,0,0,0,0.0,0.0,0,0,0,1,0.0,0,1,1,0,0,1,3,3,0,0,0,0,0,0,0,0,0,0,0,0,0,3,3,0,0,0,0,0,0,0,0,0,0,0,0,0,0,0,3,0,0,0,0,0,0,0,0,0,3,0,0,0,0,0,0,0,0
1084,L18034,AnnotationUtilsTests$SingleComposedExtensionClass,org.junit.platform.commons.util.AnnotationUtilsTests$SingleComposedExtensionClass,L17906,L103,C:\Users\domco\Desktop\DP\repos\junit5\platform-tests\src\test\java\org\junit\platform\commons\util\AnnotationUtilsTests.java,766,2,768,3,0.0,0,0,0,0.0,0.0,0,0,0,0,0,0,1,2,0,0,0,0.0,0.0,0,0,0,1,0.0,0,0,0,1,1,0,3,3,0,0,0,0,0,0,0,0,0,0,0,0,0,3,3,0,0,0,0,0,0,0,0,0,0,0,0,0,0,0,3,0,0,0,0,0,0,0,0,0,3,0,0,0,0,0,0,0,0
1085,L18038,AnnotationUtilsTests$SubSingleComposedExtensionClass,org.junit.platform.commons.util.AnnotationUtilsTests$SubSingleComposedExtensionClass,L17906,L103,C:\Users\domco\Desktop\DP\repos\junit5\platform-tests\src\test\java\org\junit\platform\commons\util\AnnotationUtilsTests.java,770,2,771,3,0.0,0,0,0,0.0,0.0,0,0,0,0,0,0,1,1,0,0,0,0.0,0.0,0,0,0,1,0.0,0,1,1,0,0,1,2,2,0,0,0,0,0,0,0,0,0,0,0,0,0,2,2,0,0,0,0,0,0,0,0,0,0,0,0,0,0,0,3,0,0,0,0,0,0,0,0,0,3,0,0,0,0,0,0,0,0
1086,L18042,AnnotationUtilsTests$MultiComposedExtensionClass,org.junit.platform.commons.util.AnnotationUtilsTests$MultiComposedExtensionClass,L17906,L103,C:\Users\domco\Desktop\DP\repos\junit5\platform-tests\src\test\java\org\junit\platform\commons\util\AnnotationUtilsTests.java,773,2,776,3,0.0,0,0,0,0.0,0.0,0,0,0,0,0,0,2,3,0,0,0,0.0,0.0,0,0,0,1,0.0,0,0,0,2,2,0,4,4,0,0,0,0,0,0,0,0,0,0,0,0,0,4,4,0,0,0,0,0,0,0,0,0,0,0,0,0,0,0,3,0,0,0,0,0,0,0,0,0,3,0,0,0,0,0,0,0,0
1087,L18046,AnnotationUtilsTests$SubMultiComposedExtensionClass,org.junit.platform.commons.util.AnnotationUtilsTests$SubMultiComposedExtensionClass,L17906,L103,C:\Users\domco\Desktop\DP\repos\junit5\platform-tests\src\test\java\org\junit\platform\commons\util\AnnotationUtilsTests.java,778,2,779,3,0.0,0,0,0,0.0,0.0,0,0,0,0,0,0,1,1,0,0,0,0.0,0.0,0,0,0,1,0.0,0,1,1,0,0,1,2,2,0,0,0,0,0,0,0,0,0,0,0,0,0,2,2,0,0,0,0,0,0,0,0,0,0,0,0,0,0,0,3,0,0,0,0,0,0,0,0,0,3,0,0,0,0,0,0,0,0
1088,L18050,AnnotationUtilsTests$ContainerPlusSubMultiComposedExtensionClass,org.junit.platform.commons.util.AnnotationUtilsTests$ContainerPlusSubMultiComposedExtensionClass,L17906,L103,C:\Users\domco\Desktop\DP\repos\junit5\platform-tests\src\test\java\org\junit\platform\commons\util\AnnotationUtilsTests.java,781,2,785,3,0.0,0,0,0,0.0,0.0,0,0,0,0,0,0,4,1,0,0,0,0.0,0.0,0,0,0,1,0.0,0,1,1,0,0,1,5,5,0,0,0,0,0,0,0,0,0,0,0,0,0,5,5,0,0,0,0,0,0,0,0,0,0,0,0,0,0,0,3,0,0,0,0,0,0,0,0,0,3,0,0,0,0,0,0,0,0
1089,L18069,AnnotationUtilsTests$SuperclassWithAnnotatedMethod,org.junit.platform.commons.util.AnnotationUtilsTests$SuperclassWithAnnotatedMethod,L17906,L103,C:\Users\domco\Desktop\DP\repos\junit5\platform-tests\src\test\java\org\junit\platform\commons\util\AnnotationUtilsTests.java,794,2,799,3,0.0,0,0,0,0.0,0.0,0,0,1,0,0,1,1,2,0,0,1,0.0,0.0,0,0,0,1,0.0,0,0,0,1,1,0,5,6,0,0,0,0,1,0,0,0,1,0,0,0,0,5,6,0,0,0,0,1,0,0,0,1,0,0,0,0,0,0,5,0,2,0,0,1,0,0,0,0,5,1,0,0,0,0,0,0,0
1090,L18061,AnnotationUtilsTests$ClassWithAnnotatedMethods,org.junit.platform.commons.util.AnnotationUtilsTests$ClassWithAnnotatedMethods,L17906,L103,C:\Users\domco\Desktop\DP\repos\junit5\platform-tests\src\test\java\org\junit\platform\commons\util\AnnotationUtilsTests.java,801,2,816,3,0.0,0,0,0,0.0,0.0,0,0,3,0,0,3,4,1,0,0,3,0.0,0.0,0,0,0,1,0.0,0,1,2,0,0,2,13,16,0,0,0,0,3,0,0,0,5,0,0,1,0,13,16,0,0,0,0,3,0,0,0,5,0,0,1,0,0,0,11,0,6,0,0,3,1,0,0,0,9,3,0,1,0,0,0,0,0
1091,L18091,AnnotationUtilsTests$SuperclassWithAnnotatedField,org.junit.platform.commons.util.AnnotationUtilsTests$SuperclassWithAnnotatedField,L17906,L103,C:\Users\domco\Desktop\DP\repos\junit5\platform-tests\src\test\java\org\junit\platform\commons\util\AnnotationUtilsTests.java,826,2,830,3,0.0,0,0,0,0.0,0.0,0,0,0,0,0,0,0,2,0,0,0,0.0,0.0,0,0,0,1,0.0,0,0,0,1,2,0,4,5,1,0,1,0,0,0,0,0,0,0,0,0,0,4,5,1,0,1,0,0,0,0,0,0,0,0,0,0,0,0,3,0,1,0,0,1,0,0,0,0,3,0,0,0,0,0,0,0,0
1092,L18085,AnnotationUtilsTests$ClassWithAnnotatedFields,org.junit.platform.commons.util.AnnotationUtilsTests$ClassWithAnnotatedFields,L17906,L103,C:\Users\domco\Desktop\DP\repos\junit5\platform-tests\src\test\java\org\junit\platform\commons\util\AnnotationUtilsTests.java,832,2,847,3,0.0,0,0,0,0.0,0.0,0,0,0,0,0,0,2,2,0,0,0,0.0,0.0,0,0,0,1,0.0,0,1,2,1,1,2,11,16,6,0,4,0,0,0,0,0,0,0,1,0,0,11,16,6,0,4,0,0,0,0,0,0,0,1,0,0,0,0,6,0,0,0,0,0,0,0,0,0,3,0,0,1,0,0,0,2,0
1093,L18100,AnnotationUtilsTests$ClassWithShadowedAnnotatedFields,org.junit.platform.commons.util.AnnotationUtilsTests$ClassWithShadowedAnnotatedFields,L17906,L103,C:\Users\domco\Desktop\DP\repos\junit5\platform-tests\src\test\java\org\junit\platform\commons\util\AnnotationUtilsTests.java,849,2,867,3,0.0,0,0,0,0.0,0.0,0,0,0,0,0,0,1,1,0,0,0,0.0,0.0,0,0,0,1,0.0,0,2,3,0,0,1,13,19,11,0,5,0,0,0,0,0,0,0,1,0,0,13,19,11,0,5,0,0,0,0,0,0,0,1,0,0,0,0,5,0,2,0,0,2,0,0,0,0,3,0,0,0,0,0,0,2,0
1094,L18121,AnnotationUtilsTests$ClassWithPublicAnnotatedFieldsFromInterface,org.junit.platform.commons.util.AnnotationUtilsTests$ClassWithPublicAnnotatedFieldsFromInterface,L17906,L103,C:\Users\domco\Desktop\DP\repos\junit5\platform-tests\src\test\java\org\junit\platform\commons\util\AnnotationUtilsTests.java,889,2,896,3,0.0,0,0,0,0.0,0.0,0,0,0,0,0,0,1,1,0,0,0,0.0,0.0,0,0,0,1,0.0,0,1,1,0,0,1,6,8,4,0,2,0,0,2,0,0,0,0,4,0,0,6,8,4,0,2,0,0,2,0,0,0,0,4,0,0,0,0,7,0,0,0,0,0,0,0,0,0,3,0,0,0,0,0,0,4,0
1095,L18310,ClasspathScannerTests$MemberClassToBeFound,org.junit.platform.commons.util.ClasspathScannerTests$MemberClassToBeFound,L18271,L103,C:\Users\domco\Desktop\DP\repos\junit5\platform-tests\src\test\java\org\junit\platform\commons\util\ClasspathScannerTests.java,336,2,337,3,0.0,0,0,0,0.0,0.0,0,0,0,0,0,0,0,1,0,0,0,0.0,0.0,0,0,0,1,0.0,0,0,0,0,0,0,2,2,0,0,0,0,0,0,0,0,0,0,0,0,0,2,2,0,0,0,0,0,0,0,0,0,0,0,0,0,0,0,3,0,0,0,0,0,0,0,0,0,3,0,0,0,0,0,0,0,0
1096,L18307,ClasspathScannerTests$NestedClassToBeFound,org.junit.platform.commons.util.ClasspathScannerTests$NestedClassToBeFound,L18271,L103,C:\Users\domco\Desktop\DP\repos\junit5\platform-tests\src\test\java\org\junit\platform\commons\util\ClasspathScannerTests.java,339,2,340,3,0.0,0,0,0,0.0,0.0,0,0,0,0,0,0,0,1,0,0,0,0.0,0.0,0,0,0,1,0.0,0,0,0,0,0,0,2,2,0,0,0,0,0,0,0,0,0,0,0,0,0,2,2,0,0,0,0,0,0,0,0,0,0,0,0,0,0,0,3,0,0,0,0,0,0,0,0,0,3,0,0,0,0,0,0,0,0
1097,L18346,ClasspathScannerTests$ClassForMalformedClassNameSimulation,org.junit.platform.commons.util.ClasspathScannerTests$ClassForMalformedClassNameSimulation,L18271,L103,C:\Users\domco\Desktop\DP\repos\junit5\platform-tests\src\test\java\org\junit\platform\commons\util\ClasspathScannerTests.java,342,2,343,3,0.0,0,0,0,0.0,0.0,0,0,0,0,0,0,0,0,0,0,0,0.0,0.0,0,0,0,1,0.0,0,0,0,0,0,0,2,2,0,0,0,0,0,0,0,0,0,0,0,0,0,2,2,0,0,0,0,0,0,0,0,0,0,0,0,0,0,0,3,0,0,0,0,0,0,0,0,0,3,0,0,0,0,0,0,0,0
1098,L18348,ClasspathScannerTests$ClassForOtherInternalErrorSimulation,org.junit.platform.commons.util.ClasspathScannerTests$ClassForOtherInternalErrorSimulation,L18271,L103,C:\Users\domco\Desktop\DP\repos\junit5\platform-tests\src\test\java\org\junit\platform\commons\util\ClasspathScannerTests.java,345,2,346,3,0.0,0,0,0,0.0,0.0,0,0,0,0,0,0,0,0,0,0,0,0.0,0.0,0,0,0,1,0.0,0,0,0,0,0,0,2,2,0,0,0,0,0,0,0,0,0,0,0,0,0,2,2,0,0,0,0,0,0,0,0,0,0,0,0,0,0,0,3,0,0,0,0,0,0,0,0,0,3,0,0,0,0,0,0,0,0
1099,L18350,ClasspathScannerTests$ClassForGenericRuntimeExceptionSimulation,org.junit.platform.commons.util.ClasspathScannerTests$ClassForGenericRuntimeExceptionSimulation,L18271,L103,C:\Users\domco\Desktop\DP\repos\junit5\platform-tests\src\test\java\org\junit\platform\commons\util\ClasspathScannerTests.java,348,2,349,3,0.0,0,0,0,0.0,0.0,0,0,0,0,0,0,0,0,0,0,0,0.0,0.0,0,0,0,1,0.0,0,0,0,0,0,0,2,2,0,0,0,0,0,0,0,0,0,0,0,0,0,2,2,0,0,0,0,0,0,0,0,0,0,0,0,0,0,0,3,0,0,0,0,0,0,0,0,0,3,0,0,0,0,0,0,0,0
1100,L18352,ClasspathScannerTests$ClassForOutOfMemoryErrorSimulation,org.junit.platform.commons.util.ClasspathScannerTests$ClassForOutOfMemoryErrorSimulation,L18271,L103,C:\Users\domco\Desktop\DP\repos\junit5\platform-tests\src\test\java\org\junit\platform\commons\util\ClasspathScannerTests.java,351,2,352,3,0.0,0,0,0,0.0,0.0,0,0,0,0,0,0,0,0,0,0,0,0.0,0.0,0,0,0,1,0.0,0,0,0,0,0,0,2,2,0,0,0,0,0,0,0,0,0,0,0,0,0,2,2,0,0,0,0,0,0,0,0,0,0,0,0,0,0,0,3,0,0,0,0,0,0,0,0,0,3,0,0,0,0,0,0,0,0
1101,L18354,ClasspathScannerTests$ThrowingClassLoader,org.junit.platform.commons.util.ClasspathScannerTests$ThrowingClassLoader,L18271,L103,C:\Users\domco\Desktop\DP\repos\junit5\platform-tests\src\test\java\org\junit\platform\commons\util\ClasspathScannerTests.java,354,2,360,3,0.0,0,0,0,0.0,0.0,0,0,0,0,0,1,0,0,0,0,1,0.0,0.0,0,0,0,2,0.0,0,0,0,0,0,0,6,7,0,1,0,1,1,0,1,0,1,1,0,1,0,6,7,0,1,0,1,1,0,1,0,1,1,0,1,0,0,0,5,0,0,0,0,0,0,0,0,0,5,0,0,0,0,0,0,0,0
1102,L18734,ReflectionUtilsTests$ClassWithSyntheticMethod,org.junit.platform.commons.util.ReflectionUtilsTests$ClassWithSyntheticMethod,L18487,L103,C:\Users\domco\Desktop\DP\repos\junit5\platform-tests\src\test\java\org\junit\platform\commons\util\ReflectionUtilsTests.java,1086,2,1091,3,0.0,0,0,0,0.0,0.0,0,0,0,0,0,0,0,1,0,0,0,0.0,0.4,2,2,0,1,0.4,2,0,0,0,0,0,3,6,1,0,1,0,0,0,0,0,0,0,0,0,0,3,6,1,0,1,0,0,0,0,0,0,0,0,0,0,0,0,1,0,1,0,0,1,0,0,0,0,1,0,0,0,0,0,0,0,0
1103,L18718,ReflectionUtilsTests$InterfaceWithDefaultMethodImpl,org.junit.platform.commons.util.ReflectionUtilsTests$InterfaceWithDefaultMethodImpl,L18487,L103,C:\Users\domco\Desktop\DP\repos\junit5\platform-tests\src\test\java\org\junit\platform\commons\util\ReflectionUtilsTests.java,1104,2,1105,3,0.0,0,0,0,0.0,0.0,0,0,0,0,0,0,1,1,0,0,0,0.0,0.0,0,0,0,1,0.0,0,1,1,0,0,1,2,2,0,0,0,0,0,0,0,0,1,0,0,1,0,2,2,0,0,0,0,0,0,0,0,1,0,0,1,0,0,0,3,0,0,0,0,0,0,0,0,0,3,0,0,0,0,0,0,0,0
1104,L18690,ReflectionUtilsTests$InterfaceWithGenericDefaultMethodImpl,org.junit.platform.commons.util.ReflectionUtilsTests$InterfaceWithGenericDefaultMethodImpl,L18487,L103,C:\Users\domco\Desktop\DP\repos\junit5\platform-tests\src\test\java\org\junit\platform\commons\util\ReflectionUtilsTests.java,1113,2,1117,3,0.0,0,0,0,0.0,0.0,0,0,1,0,0,1,1,1,0,0,1,0.0,0.0,0,0,0,1,0.0,0,1,1,0,0,1,4,5,0,0,0,0,1,0,0,0,2,0,0,1,0,4,5,0,0,0,0,1,0,0,0,2,0,0,1,0,0,0,5,0,2,0,0,1,0,0,0,0,5,1,0,0,0,0,0,0,0
1105,L18778,ReflectionUtilsTests$InterfaceWithOverriddenGenericDefaultMethodImpl,org.junit.platform.commons.util.ReflectionUtilsTests$InterfaceWithOverriddenGenericDefaultMethodImpl,L18487,L103,C:\Users\domco\Desktop\DP\repos\junit5\platform-tests\src\test\java\org\junit\platform\commons\util\ReflectionUtilsTests.java,1119,2,1127,3,0.0,0,0,0,0.0,0.0,0,0,2,0,0,2,1,1,0,0,2,0.0,0.0,0,0,0,2,0.0,0,1,1,0,0,1,7,9,0,0,0,0,2,0,1,0,2,0,0,1,0,7,9,0,0,0,0,2,0,1,0,2,0,0,1,0,0,0,8,0,3,0,0,1,1,0,0,0,7,2,0,0,0,0,0,0,0
1106,L18724,ReflectionUtilsTests$InterfaceWithStaticMethodImpl,org.junit.platform.commons.util.ReflectionUtilsTests$InterfaceWithStaticMethodImpl,L18487,L103,C:\Users\domco\Desktop\DP\repos\junit5\platform-tests\src\test\java\org\junit\platform\commons\util\ReflectionUtilsTests.java,1135,2,1136,3,0.0,0,0,0,0.0,0.0,0,0,0,0,0,0,1,1,0,0,0,0.0,0.0,0,0,0,1,0.0,0,1,1,0,0,1,2,2,0,0,0,0,0,0,0,0,1,0,0,1,0,2,2,0,0,0,0,0,0,0,0,1,0,0,1,0,0,0,3,0,0,0,0,0,0,0,0,0,3,0,0,0,0,0,0,0,0
1107,L18530,ReflectionUtilsTests$A,org.junit.platform.commons.util.ReflectionUtilsTests$A,L18487,L103,C:\Users\domco\Desktop\DP\repos\junit5\platform-tests\src\test\java\org\junit\platform\commons\util\ReflectionUtilsTests.java,1150,2,1151,3,0.0,0,0,0,0.0,0.0,0,0,0,0,0,0,2,2,0,0,0,0.0,0.0,0,0,0,1,0.0,0,1,2,1,1,2,2,2,0,0,0,0,0,0,0,0,0,0,0,0,0,2,2,0,0,0,0,0,0,0,0,0,0,0,0,0,0,0,4,0,1,0,0,1,0,0,0,0,3,0,0,1,0,0,0,0,0
1108,L18518,ReflectionUtilsTests$B,org.junit.platform.commons.util.ReflectionUtilsTests$B,L18487,L103,C:\Users\domco\Desktop\DP\repos\junit5\platform-tests\src\test\java\org\junit\platform\commons\util\ReflectionUtilsTests.java,1153,2,1154,3,0.0,0,0,0,0.0,0.0,0,0,0,0,0,0,2,1,0,0,0,0.0,0.0,0,0,0,1,0.0,0,2,5,0,0,2,2,2,0,0,0,0,0,0,0,0,0,0,0,0,0,2,2,0,0,0,0,0,0,0,0,0,0,0,0,0,0,0,4,0,1,0,0,1,0,0,0,0,3,0,0,1,0,0,0,0,0
1109,L18537,ReflectionUtilsTests$C,org.junit.platform.commons.util.ReflectionUtilsTests$C,L18487,L103,C:\Users\domco\Desktop\DP\repos\junit5\platform-tests\src\test\java\org\junit\platform\commons\util\ReflectionUtilsTests.java,1156,2,1164,3,0.0,0,0,0,0.0,0.0,0,0,0,0,0,2,0,1,0,0,2,0.0,0.0,0,0,0,1,0.0,0,0,0,0,0,0,6,9,0,0,0,0,2,0,0,0,2,0,0,0,0,6,9,0,0,0,0,2,0,0,0,2,0,0,0,0,0,0,7,0,3,0,0,1,0,0,0,0,7,2,0,0,0,0,0,0,0
1110,L18869,ReflectionUtilsTests$Exploder,org.junit.platform.commons.util.ReflectionUtilsTests$Exploder,L18487,L103,C:\Users\domco\Desktop\DP\repos\junit5\platform-tests\src\test\java\org\junit\platform\commons\util\ReflectionUtilsTests.java,1166,2,1172,3,0.0,0,0,0,0.0,0.0,0,0,0,0,0,1,0,0,0,0,1,0.0,0.0,0,0,0,1,0.0,0,0,0,0,0,0,5,7,0,0,0,0,1,0,0,0,1,1,0,0,0,5,7,0,0,0,0,1,0,0,0,1,1,0,0,0,0,0,5,1,0,0,0,0,0,0,0,1,5,0,0,0,0,0,0,0,0
1111,L18542,ReflectionUtilsTests$MyClass,org.junit.platform.commons.util.ReflectionUtilsTests$MyClass,L18487,L103,C:\Users\domco\Desktop\DP\repos\junit5\platform-tests\src\test\java\org\junit\platform\commons\util\ReflectionUtilsTests.java,1174,2,1183,3,0.0,0,0,0,0.0,0.0,0,0,0,0,0,1,0,2,3,0,1,0.0,0.0,0,0,0,1,0.0,0,0,0,1,1,0,7,10,2,0,2,0,1,0,0,0,1,1,0,0,0,7,10,2,0,2,0,1,0,0,0,1,1,0,0,0,0,0,5,0,2,0,0,2,0,0,0,0,5,0,0,0,0,0,0,0,0
1112,L18545,ReflectionUtilsTests$MySubClass,org.junit.platform.commons.util.ReflectionUtilsTests$MySubClass,L18487,L103,C:\Users\domco\Desktop\DP\repos\junit5\platform-tests\src\test\java\org\junit\platform\commons\util\ReflectionUtilsTests.java,1185,2,1190,3,0.0,0,0,0,0.0,0.0,0,0,0,0,0,1,1,1,1,1,2,0.0,0.0,0,0,0,1,0.0,0,1,1,0,0,1,5,6,2,0,0,0,1,0,0,0,2,1,0,0,0,5,6,2,0,0,0,1,0,0,0,2,1,0,0,0,0,0,5,0,0,0,0,0,0,0,0,0,5,0,0,0,0,0,0,0,0
1113,L18497,ReflectionUtilsTests$PublicClass,org.junit.platform.commons.util.ReflectionUtilsTests$PublicClass,L18487,L103,C:\Users\domco\Desktop\DP\repos\junit5\platform-tests\src\test\java\org\junit\platform\commons\util\ReflectionUtilsTests.java,1193,2,1209,3,0.0,0,0,0,0.0,0.0,0,0,5,0,0,5,0,1,0,0,5,0.166667,0.0769231,1,1,1,5,0.0769231,1,0,0,0,0,0,12,17,0,0,0,0,5,0,5,0,5,0,0,5,0,12,17,0,0,0,0,5,0,5,0,5,0,0,5,0,0,0,14,0,7,2,0,0,1,0,0,0,13,5,0,0,0,0,0,0,0
1114,L18500,ReflectionUtilsTests$PrivateClass,org.junit.platform.commons.util.ReflectionUtilsTests$PrivateClass,L18487,L103,C:\Users\domco\Desktop\DP\repos\junit5\platform-tests\src\test\java\org\junit\platform\commons\util\ReflectionUtilsTests.java,1211,2,1216,3,0.0,0,0,0,0.0,0.0,0,0,1,0,0,1,0,1,0,0,1,0.0,0.0,0,0,0,1,0.0,0,0,0,0,0,0,5,6,0,0,0,0,1,0,0,0,1,0,0,0,0,5,6,0,0,0,0,1,0,0,0,1,0,0,0,0,0,0,5,1,1,0,0,0,0,0,0,0,5,1,1,0,0,0,0,0,0
1115,L18504,ReflectionUtilsTests$AbstractClass,org.junit.platform.commons.util.ReflectionUtilsTests$AbstractClass,L18487,L103,C:\Users\domco\Desktop\DP\repos\junit5\platform-tests\src\test\java\org\junit\platform\commons\util\ReflectionUtilsTests.java,1218,2,1221,3,0.0,0,0,0,0.0,0.0,0,0,0,0,0,1,0,1,0,0,1,0.0,0.0,0,0,0,1,0.0,0,0,0,0,0,0,3,4,0,0,0,0,1,0,0,0,1,0,0,0,0,3,4,0,0,0,0,1,0,0,0,1,0,0,0,0,0,0,5,0,1,0,0,1,0,0,0,0,5,0,0,0,0,0,0,0,0
1116,L18508,ReflectionUtilsTests$StaticClass,org.junit.platform.commons.util.ReflectionUtilsTests$StaticClass,L18487,L103,C:\Users\domco\Desktop\DP\repos\junit5\platform-tests\src\test\java\org\junit\platform\commons\util\ReflectionUtilsTests.java,1223,2,1227,3,0.0,0,0,0,0.0,0.0,0,0,1,0,0,1,0,1,0,0,1,0.0,0.0,0,0,0,1,0.0,0,0,0,0,0,0,4,5,0,0,0,0,1,0,0,0,1,0,0,0,0,4,5,0,0,0,0,1,0,0,0,1,0,0,0,0,0,0,5,0,2,0,0,1,0,0,0,0,5,1,0,0,0,0,0,0,0
1117,L18512,ReflectionUtilsTests$ClassWithVoidAndNonVoidMethods,org.junit.platform.commons.util.ReflectionUtilsTests$ClassWithVoidAndNonVoidMethods,L18487,L103,C:\Users\domco\Desktop\DP\repos\junit5\platform-tests\src\test\java\org\junit\platform\commons\util\ReflectionUtilsTests.java,1229,2,1246,3,0.0,0,0,0,0.0,0.0,0,0,4,0,0,4,0,1,0,0,4,0.0,0.0,0,0,0,1,0.0,0,0,0,0,0,0,13,18,0,0,0,0,4,0,0,0,4,3,0,0,0,13,18,0,0,0,0,4,0,0,0,4,3,0,0,0,0,0,12,0,5,0,0,4,1,0,0,0,11,1,0,0,0,0,0,0,0
1118,L18572,ReflectionUtilsTests$InvocationTracker,org.junit.platform.commons.util.ReflectionUtilsTests$InvocationTracker,L18487,L103,C:\Users\domco\Desktop\DP\repos\junit5\platform-tests\src\test\java\org\junit\platform\commons\util\ReflectionUtilsTests.java,1248,2,1273,3,0.0,0,0,0,0.0,0.0,0,0,4,0,0,4,0,1,0,0,4,0.0,0.0,0,0,0,3,0.0,0,0,0,0,0,0,20,26,4,0,4,0,4,0,2,0,4,4,0,2,0,20,26,4,0,4,0,4,0,2,0,4,4,0,2,0,0,0,12,0,4,0,0,4,1,0,0,0,11,0,0,0,0,0,0,0,0
1119,L18614,ReflectionUtilsTests$FirstClass,org.junit.platform.commons.util.ReflectionUtilsTests$FirstClass,L18487,L103,C:\Users\domco\Desktop\DP\repos\junit5\platform-tests\src\test\java\org\junit\platform\commons\util\ReflectionUtilsTests.java,1275,2,1282,3,0.0,0,0,0,0.0,0.0,0,0,0,0,0,0,0,1,0,0,0,0.0,0.0,0,0,0,1,0.0,0,0,0,0,0,0,2,3,0,0,0,0,0,0,0,0,0,0,0,0,0,6,8,0,0,0,0,0,0,0,0,0,0,0,0,0,0,0,9,0,0,0,0,0,0,0,0,0,9,0,0,0,0,0,0,0,0
1120,L18638,ReflectionUtilsTests$ClassWithNestedClasses,org.junit.platform.commons.util.ReflectionUtilsTests$ClassWithNestedClasses,L18487,L103,C:\Users\domco\Desktop\DP\repos\junit5\platform-tests\src\test\java\org\junit\platform\commons\util\ReflectionUtilsTests.java,1284,2,1294,3,0.0,0,0,0,0.0,0.0,0,0,0,0,0,0,0,2,0,0,0,0.0,0.0,0,0,0,1,0.0,0,0,0,1,1,0,2,5,0,0,0,0,0,0,0,0,0,0,0,0,0,8,11,0,0,0,0,0,0,0,0,0,0,0,0,0,0,0,12,0,0,0,0,0,0,0,0,0,12,0,0,0,0,0,0,0,0
1121,L18650,ReflectionUtilsTests$ClassExtendingClassWithNestedClasses,org.junit.platform.commons.util.ReflectionUtilsTests$ClassExtendingClassWithNestedClasses,L18487,L103,C:\Users\domco\Desktop\DP\repos\junit5\platform-tests\src\test\java\org\junit\platform\commons\util\ReflectionUtilsTests.java,1308,2,1309,3,0.0,0,0,0,0.0,0.0,0,0,0,0,0,0,2,1,0,0,0,0.0,0.0,0,0,0,1,0.0,0,2,3,0,0,2,2,2,0,0,0,0,0,0,0,0,0,0,0,0,0,2,2,0,0,0,0,0,0,0,0,0,0,0,0,0,0,0,4,0,0,0,0,0,0,0,0,0,3,0,0,1,0,0,0,0,0
1122,L18747,ReflectionUtilsTests$GrandparentClass,org.junit.platform.commons.util.ReflectionUtilsTests$GrandparentClass,L18487,L103,C:\Users\domco\Desktop\DP\repos\junit5\platform-tests\src\test\java\org\junit\platform\commons\util\ReflectionUtilsTests.java,1311,2,1318,3,0.0,0,0,0,0.0,0.0,0,0,2,0,0,2,0,2,0,0,2,0.0,0.0,0,0,0,3,0.0,0,0,0,1,3,0,6,8,0,0,0,0,2,0,2,0,2,0,0,2,0,6,8,0,0,0,0,2,0,2,0,2,0,0,2,0,0,0,8,0,2,0,0,0,1,0,0,0,7,2,0,0,0,0,0,0,0
1123,L18741,ReflectionUtilsTests$ParentClass,org.junit.platform.commons.util.ReflectionUtilsTests$ParentClass,L18487,L103,C:\Users\domco\Desktop\DP\repos\junit5\platform-tests\src\test\java\org\junit\platform\commons\util\ReflectionUtilsTests.java,1326,2,1333,3,0.0,0,0,0,0.0,0.0,0,0,2,0,0,2,2,3,0,0,2,0.0,0.0,0,0,0,3,0.0,0,1,2,2,2,2,6,8,0,0,0,0,2,0,2,0,5,0,0,5,0,6,8,0,0,0,0,2,0,2,0,5,0,0,5,0,0,0,9,0,2,0,0,0,1,0,0,0,7,2,0,1,0,0,0,0,0
1124,L18738,ReflectionUtilsTests$ChildClass,org.junit.platform.commons.util.ReflectionUtilsTests$ChildClass,L18487,L103,C:\Users\domco\Desktop\DP\repos\junit5\platform-tests\src\test\java\org\junit\platform\commons\util\ReflectionUtilsTests.java,1335,2,1342,3,0.0,0,0,0,0.0,0.0,0,0,2,0,0,2,1,1,0,0,2,0.0,0.0,0,0,0,3,0.0,0,2,3,0,0,1,6,8,0,0,0,0,2,0,2,0,7,0,0,7,0,6,8,0,0,0,0,2,0,2,0,7,0,0,7,0,0,0,8,0,2,0,0,0,1,0,0,0,7,2,0,0,0,0,0,0,0
1125,L18754,ReflectionUtilsTests$MethodShadowingParent,org.junit.platform.commons.util.ReflectionUtilsTests$MethodShadowingParent,L18487,L103,C:\Users\domco\Desktop\DP\repos\junit5\platform-tests\src\test\java\org\junit\platform\commons\util\ReflectionUtilsTests.java,1353,2,1367,3,0.0,0,0,0,0.0,0.0,0,0,4,0,0,4,1,2,0,0,4,0.0,0.0,0,0,0,5,0.0,0,1,1,1,1,1,11,15,0,0,0,0,4,0,4,0,5,0,0,5,0,11,15,0,0,0,0,4,0,4,0,5,0,0,5,0,0,0,12,0,4,0,0,0,1,0,0,0,11,4,0,0,0,0,0,0,0
1126,L18673,ReflectionUtilsTests$MethodShadowingChild,org.junit.platform.commons.util.ReflectionUtilsTests$MethodShadowingChild,L18487,L103,C:\Users\domco\Desktop\DP\repos\junit5\platform-tests\src\test\java\org\junit\platform\commons\util\ReflectionUtilsTests.java,1369,2,1381,3,0.0,0,0,0,0.0,0.0,0,0,3,0,0,3,1,1,0,0,3,0.0,0.0,0,0,0,4,0.0,0,2,2,0,0,1,10,13,0,0,0,0,3,0,3,0,8,0,0,8,0,10,13,0,0,0,0,3,0,3,0,8,0,0,8,0,0,0,10,0,3,0,0,0,1,0,0,0,9,3,0,0,0,0,0,0,0
1127,L18767,ReflectionUtilsTests$StaticMethodHidingParent,org.junit.platform.commons.util.ReflectionUtilsTests$StaticMethodHidingParent,L18487,L103,C:\Users\domco\Desktop\DP\repos\junit5\platform-tests\src\test\java\org\junit\platform\commons\util\ReflectionUtilsTests.java,1392,2,1405,3,0.0,0,0,0,0.0,0.0,0,0,4,0,0,4,1,2,0,0,4,0.0,0.0,0,0,0,1,0.0,0,1,1,1,1,1,10,14,0,0,0,0,4,0,0,0,6,0,0,2,0,10,14,0,0,0,0,4,0,0,0,6,0,0,2,0,0,0,12,0,8,0,0,4,1,0,0,0,11,4,0,0,0,0,0,0,0
1128,L18770,ReflectionUtilsTests$StaticMethodHidingChild,org.junit.platform.commons.util.ReflectionUtilsTests$StaticMethodHidingChild,L18487,L103,C:\Users\domco\Desktop\DP\repos\junit5\platform-tests\src\test\java\org\junit\platform\commons\util\ReflectionUtilsTests.java,1407,2,1417,3,0.0,0,0,0,0.0,0.0,0,0,3,0,0,3,1,1,0,0,3,0.0,0.0,0,0,0,1,0.0,0,2,2,0,0,1,8,11,0,0,0,0,3,0,0,0,9,0,0,2,0,8,11,0,0,0,0,3,0,0,0,9,0,0,2,0,0,0,10,0,6,0,0,3,1,0,0,0,9,3,0,0,0,0,0,0,0
1129,L18783,ReflectionUtilsTests$PublicChildClass,org.junit.platform.commons.util.ReflectionUtilsTests$PublicChildClass,L18487,L103,C:\Users\domco\Desktop\DP\repos\junit5\platform-tests\src\test\java\org\junit\platform\commons\util\ReflectionUtilsTests.java,1420,2,1429,3,0.0,0,0,0,0.0,0.0,0,0,2,0,0,2,1,1,0,0,2,0.333333,0.111111,1,1,1,2,0.111111,1,2,3,0,0,1,8,10,0,0,0,0,2,0,2,0,7,0,0,7,0,8,10,0,0,0,0,2,0,2,0,7,0,0,7,0,0,0,8,0,2,0,0,0,1,0,0,0,7,2,0,0,0,0,0,0,0
1130,L18664,ReflectionUtilsTests$ClassWithOneCustomConstructor,org.junit.platform.commons.util.ReflectionUtilsTests$ClassWithOneCustomConstructor,L18487,L103,C:\Users\domco\Desktop\DP\repos\junit5\platform-tests\src\test\java\org\junit\platform\commons\util\ReflectionUtilsTests.java,1431,2,1436,3,0.0,0,0,0,0.0,0.0,0,0,0,0,0,1,0,1,0,0,1,0.0,0.0,0,0,0,1,0.0,0,0,0,0,0,0,5,6,0,0,0,0,1,0,0,0,1,0,0,0,0,5,6,0,0,0,0,1,0,0,0,1,0,0,0,0,0,0,5,0,1,0,0,0,0,0,0,0,5,1,0,0,0,0,0,0,0
1131,L18986,ReflectionUtilsTests$ClassWithTwoConstructors,org.junit.platform.commons.util.ReflectionUtilsTests$ClassWithTwoConstructors,L18487,L103,C:\Users\domco\Desktop\DP\repos\junit5\platform-tests\src\test\java\org\junit\platform\commons\util\ReflectionUtilsTests.java,1438,2,1446,3,0.0,0,0,0,0.0,0.0,0,0,0,0,0,2,0,0,0,0,2,0.0,0.0,0,0,0,1,0.0,0,0,0,0,0,0,7,9,0,0,0,0,2,0,0,0,2,0,0,0,0,7,9,0,0,0,0,2,0,0,0,2,0,0,0,0,0,0,7,0,2,0,0,0,0,0,0,0,7,2,0,0,0,0,0,0,0
1132,L19036,StringUtilsTests$ToStringThrowsException,org.junit.platform.commons.util.StringUtilsTests$ToStringThrowsException,L19026,L103,C:\Users\domco\Desktop\DP\repos\junit5\platform-tests\src\test\java\org\junit\platform\commons\util\StringUtilsTests.java,137,2,143,3,0.0,0,0,0,0.0,0.0,0,0,1,0,0,1,0,1,0,0,1,0.0,0.0,0,0,0,2,0.0,0,0,0,0,0,0,6,7,0,0,0,0,1,0,1,0,1,1,0,1,0,6,7,0,0,0,0,1,0,1,0,1,1,0,1,0,0,0,5,1,0,0,0,0,0,0,0,1,5,0,0,0,0,0,0,0,0
1133,L19059,ToStringBuilderTests$RoleModel,org.junit.platform.commons.util.ToStringBuilderTests$RoleModel,L19052,L103,C:\Users\domco\Desktop\DP\repos\junit5\platform-tests\src\test\java\org\junit\platform\commons\util\ToStringBuilderTests.java,147,2,169,3,0.0,0,0,0,0.0,0.0,0,0,1,0,0,3,1,1,15,3,6,0.0,0.105263,2,0,0,2,0.105263,2,0,0,0,0,0,17,23,2,0,2,0,3,0,1,0,3,3,0,1,0,17,23,2,0,2,0,3,0,1,0,3,3,0,1,0,0,0,9,0,3,0,0,2,0,0,0,0,9,1,0,0,0,0,0,0,0
1134,L19159,LoggerFactory$DelegatingLogger,org.junit.platform.commons.logging.LoggerFactory$DelegatingLogger,L19148,L103,C:\Users\domco\Desktop\DP\repos\junit5\junit-platform-commons\src\main\java\org\junit\platform\commons\logging\LoggerFactory.java,70,2,186,3,0.0,0,0,0,0.0,0.0,0,0,1,3,2,23,2,1,1,0,16,0.0,0.0,0,0,0,13,0.0,0,1,1,0,0,1,95,117,3,0,3,0,16,0,12,0,16,41,0,12,0,95,117,3,0,3,0,16,0,12,0,16,41,0,12,0,0,0,35,0,0,0,0,0,0,0,0,0,35,0,0,0,0,0,0,0,0
1135,L19427,AnnotationSupportTests$Probe,org.junit.platform.commons.support.AnnotationSupportTests$Probe,L19422,L103,C:\Users\domco\Desktop\DP\repos\junit5\platform-tests\src\test\java\org\junit\platform\commons\support\AnnotationSupportTests.java,114,2,131,3,0.0,0,0,0,0.0,0.0,0,0,2,0,0,2,1,1,0,0,2,0.0,0.0,0,0,0,1,0.0,0,0,0,0,0,0,14,18,2,0,2,0,2,2,0,0,2,0,2,0,0,14,18,2,0,2,0,2,2,0,0,2,0,2,0,0,0,0,12,0,4,0,0,2,1,0,0,0,7,2,0,0,0,0,0,4,0
1136,L21074,XmlReportWriter$TestCounts,org.junit.platform.console.tasks.XmlReportWriter$TestCounts,L20980,L103,C:\Users\domco\Desktop\DP\repos\junit5\junit-platform-console\src\main\java\org\junit\platform\console\tasks\XmlReportWriter.java,306,2,354,3,0.0,0,0,0,0.0,0.0,0,0,1,4,4,11,4,1,1,5,11,0.0,0.0,0,0,0,6,0.0,0,0,0,0,0,0,41,49,4,4,4,4,6,0,5,0,6,15,0,5,0,41,49,4,4,4,4,6,0,5,0,6,15,0,5,0,0,0,17,0,6,0,0,5,0,2,0,1,15,0,0,0,0,0,0,0,0
1137,L21954,ContainerForInnerTest$NestedTest,org.junit.platform.console.subpackage.ContainerForInnerTest$NestedTest,L21948,L103,C:\Users\domco\Desktop\DP\repos\junit5\platform-tests\src\test\java\org\junit\platform\console\subpackage\ContainerForInnerTest.java,22,2,28,3,0.0,0,0,0,0.0,0.0,0,0,1,0,0,1,2,0,0,0,1,0.0,0.0,0,0,0,1,0.0,0,0,0,0,0,0,6,7,0,0,0,0,1,0,0,0,1,0,0,0,0,6,7,0,0,0,0,1,0,0,0,1,0,0,0,0,0,0,5,0,2,0,0,1,0,0,0,0,5,1,0,0,0,0,0,0,0
1138,L21963,ContainerForInnerTests$NestedTests,org.junit.platform.console.subpackage.ContainerForInnerTests$NestedTests,L21957,L103,C:\Users\domco\Desktop\DP\repos\junit5\platform-tests\src\test\java\org\junit\platform\console\subpackage\ContainerForInnerTests.java,22,2,28,3,0.0,0,0,0,0.0,0.0,0,0,1,0,0,1,2,0,0,0,1,0.0,0.0,0,0,0,1,0.0,0,0,0,0,0,0,6,7,0,0,0,0,1,0,0,0,1,0,0,0,0,6,7,0,0,0,0,1,0,0,0,1,0,0,0,0,0,0,5,0,2,0,0,1,0,0,0,0,5,1,0,0,0,0,0,0,0
1139,L21972,ContainerForStaticNestedTest$NestedTest,org.junit.platform.console.subpackage.ContainerForStaticNestedTest$NestedTest,L21966,L103,C:\Users\domco\Desktop\DP\repos\junit5\platform-tests\src\test\java\org\junit\platform\console\subpackage\ContainerForStaticNestedTest.java,21,2,26,3,0.0,0,0,0,0.0,0.0,0,0,1,0,0,1,1,0,0,0,1,0.0,0.0,0,0,0,1,0.0,0,0,0,0,0,0,5,6,0,0,0,0,1,0,0,0,1,0,0,0,0,5,6,0,0,0,0,1,0,0,0,1,0,0,0,0,0,0,5,0,2,0,0,1,0,0,0,0,5,1,0,0,0,0,0,0,0
1140,L21981,ContainerForStaticNestedTests$NestedTests,org.junit.platform.console.subpackage.ContainerForStaticNestedTests$NestedTests,L21975,L103,C:\Users\domco\Desktop\DP\repos\junit5\platform-tests\src\test\java\org\junit\platform\console\subpackage\ContainerForStaticNestedTests.java,21,2,26,3,0.0,0,0,0,0.0,0.0,0,0,1,0,0,1,1,0,0,0,1,0.0,0.0,0,0,0,1,0.0,0,0,0,0,0,0,5,6,0,0,0,0,1,0,0,0,1,0,0,0,0,5,6,0,0,0,0,1,0,0,0,1,0,0,0,0,0,0,5,0,2,0,0,1,0,0,0,0,5,1,0,0,0,0,0,0,0
1141,L22633,DiscoverySelectorsTests$TestCaseWithDefaultMethod,org.junit.platform.engine.discovery.DiscoverySelectorsTests$TestCaseWithDefaultMethod,L22578,L103,C:\Users\domco\Desktop\DP\repos\junit5\platform-tests\src\test\java\org\junit\platform\engine\discovery\DiscoverySelectorsTests.java,615,2,616,3,0.0,0,0,0,0.0,0.0,0,0,0,0,0,0,1,1,0,0,0,0.0,0.0,0,0,0,1,0.0,0,1,1,0,0,1,2,2,0,0,0,0,0,0,0,0,1,0,0,1,0,2,2,0,0,0,0,0,0,0,0,1,0,0,1,0,0,0,3,0,0,0,0,0,0,0,0,0,3,0,0,0,0,0,0,0,0
1142,L11941,PrefixedConfigurationParameters,org.junit.platform.engine.support.config.PrefixedConfigurationParameters,L22909,L103,C:\Users\domco\Desktop\DP\repos\junit5\junit-platform-engine\src\main\java\org\junit\platform\engine\support\config\PrefixedConfigurationParameters.java,28,1,71,2,0.0,0,0,0,0.0,0.0,0,0,1,0,0,6,2,2,5,5,11,0.333333,0.333333,14,14,2,4,0.333333,14,1,1,0,0,1,28,44,3,1,2,1,6,0,5,0,6,7,1,5,0,28,44,3,1,2,1,6,0,5,0,6,7,1,5,0,0,0,13,0,0,0,0,0,0,0,0,0,11,0,0,0,0,0,0,2,0
1143,L22940,PrefixedConfigurationParametersTests,org.junit.platform.engine.support.config.PrefixedConfigurationParametersTests,L22909,L103,C:\Users\domco\Desktop\DP\repos\junit5\platform-tests\src\test\java\org\junit\platform\engine\support\config\PrefixedConfigurationParametersTest.java,27,1,73,2,0.0,0,0,0,0.0,0.0,0,0,1,0,0,4,4,0,0,9,13,0.0,0.0,0,0,0,1,0.0,0,0,0,0,0,0,34,47,1,0,1,0,4,0,0,0,4,17,0,0,0,34,47,1,0,1,0,4,0,0,0,4,17,0,0,0,0,0,11,1,4,0,0,4,0,0,0,0,11,0,1,0,0,0,0,0,0
1144,L7024,AbstractTestDescriptor,org.junit.platform.engine.support.descriptor.AbstractTestDescriptor,L22952,L103,C:\Users\domco\Desktop\DP\repos\junit5\junit-platform-engine\src\main\java\org\junit\platform\engine\support\descriptor\AbstractTestDescriptor.java,37,1,187,2,0.0,0,0,0,0.0,0.0,0,0,1,1,1,19,5,50,100,9,25,0.0666667,0.318841,44,42,1,14,0.318841,44,1,1,22,43,1,94,151,5,9,5,6,16,0,14,1,26,33,0,24,1,94,151,5,9,5,6,16,0,14,1,26,33,0,24,1,0,0,31,0,0,0,0,0,0,0,0,0,29,0,0,1,0,0,0,1,0
1145,L7815,ClasspathResourceSource,org.junit.platform.engine.support.descriptor.ClasspathResourceSource,L22952,L103,C:\Users\domco\Desktop\DP\repos\junit5\junit-platform-engine\src\main\java\org\junit\platform\engine\support\descriptor\ClasspathResourceSource.java,32,1,173,2,0.223108,1,3,1,0.084507,0.20339,12,12,1,1,1,15,5,3,10,8,18,0.666667,0.559702,75,73,6,3,0.559702,75,1,1,0,0,1,59,142,4,2,4,2,10,1,8,0,10,22,1,8,0,59,142,4,2,4,2,10,1,8,0,10,22,1,8,0,0,0,25,0,3,0,10,2,0,0,0,1,11,0,0,0,0,0,0,4,0
1146,L23074,ClassSource,org.junit.platform.engine.support.descriptor.ClassSource,L22952,L103,C:\Users\domco\Desktop\DP\repos\junit5\junit-platform-engine\src\main\java\org\junit\platform\engine\support\descriptor\ClassSource.java,42,1,176,2,0.211321,1,3,1,0.0814815,0.15942,11,11,1,1,1,19,5,16,27,6,20,0.727273,0.488889,66,64,8,3,0.488889,66,1,1,0,0,1,69,135,4,3,4,3,14,0,10,0,14,24,0,10,0,69,135,4,3,4,3,14,0,10,0,14,24,0,10,0,0,0,25,0,4,0,10,3,0,0,0,1,15,0,0,0,0,0,0,0,0
1147,L23122,CompositeTestSource,org.junit.platform.engine.support.descriptor.CompositeTestSource,L22952,L103,C:\Users\domco\Desktop\DP\repos\junit5\junit-platform-engine\src\main\java\org\junit\platform\engine\support\descriptor\CompositeTestSource.java,32,1,92,2,0.321168,1,3,1,0.180328,0.314286,11,11,1,1,1,9,3,1,3,5,11,0.5,0.40678,24,24,3,3,0.40678,24,1,1,0,0,1,35,61,2,1,2,1,6,0,5,0,6,13,0,5,0,35,61,2,1,2,1,6,0,5,0,6,13,0,5,0,0,0,20,0,2,0,11,1,0,0,0,1,9,0,0,0,0,0,0,0,0
1148,L23147,DefaultUriSource,org.junit.platform.engine.support.descriptor.DefaultUriSource,L22952,L103,C:\Users\domco\Desktop\DP\repos\junit5\junit-platform-engine\src\main\java\org\junit\platform\engine\support\descriptor\DefaultUriSource.java,24,1,61,2,0.436893,2,6,2,0.289474,0.366667,11,11,1,1,1,8,3,2,5,4,9,0.2,0.142857,5,5,1,4,0.142857,5,2,2,0,0,1,30,38,2,1,2,1,5,0,4,0,6,10,0,5,0,30,38,2,1,2,1,5,0,4,0,6,10,0,5,0,0,0,24,0,0,0,11,0,0,0,0,0,13,0,0,0,0,0,0,0,0
1149,L7842,DirectorySource,org.junit.platform.engine.support.descriptor.DirectorySource,L22952,L103,C:\Users\domco\Desktop\DP\repos\junit5\junit-platform-engine\src\main\java\org\junit\platform\engine\support\descriptor\DirectorySource.java,30,1,99,2,0.297297,1,3,1,0.157143,0.25,11,11,1,1,1,11,4,3,4,5,12,0.571429,0.333333,22,22,4,3,0.333333,22,3,3,0,0,1,44,70,2,2,2,2,7,0,6,0,8,15,0,7,0,44,70,2,2,2,2,7,0,6,0,8,15,0,7,0,0,0,20,0,2,0,11,1,0,0,0,1,9,0,0,0,0,0,0,0,0
1150,L459,EngineDescriptor,org.junit.platform.engine.support.descriptor.EngineDescriptor,L22952,L103,C:\Users\domco\Desktop\DP\repos\junit5\junit-platform-engine\src\main\java\org\junit\platform\engine\support\descriptor\EngineDescriptor.java,24,1,53,2,0.0,0,0,0,0.0,0.0,0,0,0,0,0,2,3,15,21,1,3,1.0,0.69697,23,23,3,0,0.69697,23,2,2,4,4,1,10,30,5,9,0,1,2,0,2,0,27,2,0,25,1,10,30,5,9,0,1,2,0,2,0,27,2,0,25,1,0,0,0,0,0,0,0,0,0,0,0,0,0,0,0,0,0,0,0,0,0
1151,L7809,FilePosition,org.junit.platform.engine.support.descriptor.FilePosition,L22952,L103,C:\Users\domco\Desktop\DP\repos\junit5\junit-platform-engine\src\main\java\org\junit\platform\engine\support\descriptor\FilePosition.java,32,1,178,2,0.0,0,0,0,0.0,0.0,0,0,1,6,5,26,5,9,22,7,17,0.666667,0.394161,54,50,6,3,0.394161,54,0,0,0,0,0,83,147,4,2,4,2,10,0,8,0,10,38,0,8,0,83,147,4,2,4,2,10,0,8,0,10,38,0,8,0,0,0,16,0,3,0,0,2,0,5,0,1,11,0,0,0,0,0,0,0,0
1152,L7832,FileSource,org.junit.platform.engine.support.descriptor.FileSource,L22952,L103,C:\Users\domco\Desktop\DP\repos\junit5\junit-platform-engine\src\main\java\org\junit\platform\engine\support\descriptor\FileSource.java,33,1,130,2,0.270531,1,3,1,0.112245,0.189655,11,11,1,1,1,15,5,4,8,5,15,0.666667,0.369565,34,32,6,3,0.369565,34,3,3,0,0,1,58,98,3,3,3,3,10,0,8,0,11,19,0,9,0,58,98,3,3,3,3,10,0,8,0,11,19,0,9,0,0,0,21,0,3,0,10,2,0,0,0,1,11,0,0,0,0,0,0,0,0
1153,L7590,MethodSource,org.junit.platform.engine.support.descriptor.MethodSource,L22952,L103,C:\Users\domco\Desktop\DP\repos\junit5\junit-platform-engine\src\main\java\org\junit\platform\engine\support\descriptor\MethodSource.java,33,1,170,2,0.328904,2,4,2,0.166667,0.283784,23,21,1,1,1,19,4,12,33,6,20,0.727273,0.439394,58,54,8,3,0.439394,58,1,1,0,0,1,74,138,4,3,4,3,14,0,10,0,14,27,0,10,0,74,138,4,3,4,3,14,0,10,0,14,27,0,10,0,0,0,29,0,4,0,16,3,0,0,0,1,13,0,0,0,0,0,0,0,0
1154,L23302,PackageSource,org.junit.platform.engine.support.descriptor.PackageSource,L22952,L103,C:\Users\domco\Desktop\DP\repos\junit5\junit-platform-engine\src\main\java\org\junit\platform\engine\support\descriptor\PackageSource.java,31,1,93,2,0.323741,2,6,2,0.174603,0.282051,11,11,1,1,1,11,3,1,4,5,13,0.571429,0.360656,22,22,4,3,0.360656,22,1,1,0,0,1,39,63,2,1,2,1,8,0,6,0,8,13,0,6,0,39,63,2,1,2,1,8,0,6,0,8,13,0,6,0,0,0,22,0,2,0,11,1,0,0,0,1,11,0,0,0,0,0,0,0,0
1155,L23327,ResourceUtils,org.junit.platform.engine.support.descriptor.ResourceUtils,L22952,L103,C:\Users\domco\Desktop\DP\repos\junit5\junit-platform-engine\src\main\java\org\junit\platform\engine\support\descriptor\ResourceUtils.java,23,1,48,2,0.0,0,0,0,0.0,0.0,0,0,1,1,1,3,2,2,2,2,4,1.0,0.538462,14,13,1,0,0.538462,14,0,0,0,0,0,12,26,0,0,0,0,2,0,0,0,2,5,0,0,0,12,26,0,0,0,0,2,0,0,0,2,5,0,0,0,0,0,0,0,1,0,0,1,0,0,0,0,0,0,0,0,0,0,0,0,0
1156,L23345,AbstractTestDescriptorTests,org.junit.platform.engine.support.descriptor.AbstractTestDescriptorTests,L22952,L103,C:\Users\domco\Desktop\DP\repos\junit5\platform-tests\src\test\java\org\junit\platform\engine\support\descriptor\AbstractTestDescriptorTests.java,35,1,137,2,0.0,0,0,0,0.0,0.0,0,0,2,0,0,8,11,0,0,18,26,1.0,0.0609756,5,5,1,0,0.0609756,5,0,0,0,0,0,77,103,1,0,1,0,8,0,0,2,8,48,0,0,2,77,103,1,0,1,0,8,0,0,2,8,48,0,0,2,0,0,20,3,32,22,0,10,1,0,1,0,18,0,3,0,0,0,0,0,0
1157,L23351,GroupDescriptor,org.junit.platform.engine.support.descriptor.GroupDescriptor,L22952,L103,C:\Users\domco\Desktop\DP\repos\junit5\platform-tests\src\test\java\org\junit\platform\engine\support\descriptor\AbstractTestDescriptorTests.java,139,1,150,2,0.0,0,0,0,0.0,0.0,0,0,0,0,0,2,3,1,1,1,3,0.0,0.0,0,0,0,2,0.0,0,2,2,0,0,1,9,12,5,9,0,1,2,0,1,0,27,2,0,24,1,9,12,5,9,0,1,2,0,1,0,27,2,0,24,1,0,0,7,0,1,0,0,0,0,0,0,0,7,0,1,0,0,0,0,0,0
1158,L23356,LeafDescriptor,org.junit.platform.engine.support.descriptor.LeafDescriptor,L22952,L103,C:\Users\domco\Desktop\DP\repos\junit5\platform-tests\src\test\java\org\junit\platform\engine\support\descriptor\AbstractTestDescriptorTests.java,152,1,163,2,0.0,0,0,0,0.0,0.0,0,0,0,0,0,2,3,1,1,1,3,0.0,0.0,0,0,0,2,0.0,0,2,2,0,0,1,9,12,5,9,0,1,2,0,1,0,27,2,0,24,1,9,12,5,9,0,1,2,0,1,0,27,2,0,24,1,0,0,7,0,1,0,0,0,0,0,0,0,7,0,1,0,0,0,0,0,0
1159,L23387,AbstractTestSourceTests,org.junit.platform.engine.support.descriptor.AbstractTestSourceTests,L22952,L103,C:\Users\domco\Desktop\DP\repos\junit5\platform-tests\src\test\java\org\junit\platform\engine\support\descriptor\AbstractTestSourceTests.java,37,1,85,2,0.0,0,0,0,0.0,0.0,0,0,3,1,1,8,4,8,0,4,11,1.0,0.166667,8,6,1,0,0.166667,8,1,1,8,8,1,40,49,0,0,0,0,7,0,0,0,8,18,0,0,0,40,49,0,0,0,0,7,0,0,0,8,18,0,0,0,0,0,17,6,3,0,0,3,1,0,0,6,16,0,0,0,0,0,0,0,0
1160,L23410,ClasspathResourceSourceTests,org.junit.platform.engine.support.descriptor.ClasspathResourceSourceTests,L22952,L103,C:\Users\domco\Desktop\DP\repos\junit5\platform-tests\src\test\java\org\junit\platform\engine\support\descriptor\ClasspathResourceSourceTests.java,28,1,120,2,0.0,0,0,0,0.0,0.0,0,0,2,0,0,9,7,0,0,9,18,1.0,0.0641026,5,5,1,0,0.0641026,5,2,2,0,0,1,73,93,3,0,3,0,9,0,0,0,16,38,0,0,0,73,93,3,0,3,0,9,0,0,0,16,38,0,0,0,0,0,21,0,17,8,0,9,1,0,0,0,20,0,0,0,0,0,0,0,0
1161,L23436,ClassSourceTests,org.junit.platform.engine.support.descriptor.ClassSourceTests,L22952,L103,C:\Users\domco\Desktop\DP\repos\junit5\platform-tests\src\test\java\org\junit\platform\engine\support\descriptor\ClassSourceTests.java,27,1,134,2,0.0,0,0,0,0.0,0.0,0,0,7,0,0,10,7,0,0,10,20,1.0,0.102041,10,5,1,0,0.102041,10,2,2,0,0,1,88,108,0,0,0,0,10,0,0,0,17,47,0,0,0,88,108,0,0,0,0,10,0,0,0,17,47,0,0,0,0,0,21,0,17,7,0,10,1,0,0,0,20,0,0,0,0,0,0,0,0
1162,L23469,CompositeTestSourceTests,org.junit.platform.engine.support.descriptor.CompositeTestSourceTests,L22952,L103,C:\Users\domco\Desktop\DP\repos\junit5\platform-tests\src\test\java\org\junit\platform\engine\support\descriptor\CompositeTestSourceTests.java,32,1,78,2,0.0,0,0,0,0.0,0.0,0,0,5,0,0,5,9,0,0,6,11,1.0,0.162791,7,5,1,0,0.162791,7,2,2,0,0,1,36,47,0,0,0,0,5,0,0,0,12,18,0,0,0,36,47,0,0,0,0,5,0,0,0,12,18,0,0,0,0,0,13,0,7,2,0,5,1,0,0,0,12,0,0,0,0,0,0,0,0
1163,L23486,DefaultUriSourceTests,org.junit.platform.engine.support.descriptor.DefaultUriSourceTests,L22952,L103,C:\Users\domco\Desktop\DP\repos\junit5\platform-tests\src\test\java\org\junit\platform\engine\support\descriptor\DefaultUriSourceTests.java,28,1,59,2,0.0,0,0,0,0.0,0.0,0,0,5,0,0,5,7,0,0,7,12,1.0,0.15625,5,5,1,0,0.15625,5,2,2,0,0,1,27,32,0,0,0,0,5,0,0,0,12,10,0,0,0,27,32,0,0,0,0,5,0,0,0,12,10,0,0,0,0,0,13,2,7,2,0,5,1,0,0,2,12,0,0,0,0,0,0,0,0
1164,L23499,DemoClassTestDescriptor,org.junit.platform.engine.support.descriptor.DemoClassTestDescriptor,L22952,L103,C:\Users\domco\Desktop\DP\repos\junit5\platform-tests\src\test\java\org\junit\platform\engine\support\descriptor\DemoClassTestDescriptor.java,29,1,71,2,0.0,0,0,0,0.0,0.0,0,0,0,0,0,3,10,1,1,5,8,0.25,0.333333,11,3,1,3,0.333333,11,2,2,0,0,1,22,43,7,10,2,2,3,0,3,0,28,4,0,26,1,22,43,7,10,2,2,3,0,3,0,28,4,0,26,1,0,0,5,0,0,0,0,0,0,0,0,0,5,0,0,0,0,0,0,0,0
1165,L23511,DemoMethodTestDescriptor,org.junit.platform.engine.support.descriptor.DemoMethodTestDescriptor,L22952,L103,C:\Users\domco\Desktop\DP\repos\junit5\platform-tests\src\test\java\org\junit\platform\engine\support\descriptor\DemoMethodTestDescriptor.java,31,1,89,2,0.0,0,0,0,0.0,0.0,0,0,0,0,0,5,11,1,1,7,12,0.166667,0.244444,11,3,1,5,0.244444,11,2,2,0,0,1,34,59,8,12,3,4,5,0,5,0,30,9,0,28,1,34,59,8,12,3,4,5,0,5,0,30,9,0,28,1,0,0,12,0,0,0,0,0,0,0,1,0,11,0,0,0,0,0,0,0,0
1166,L23529,FilePositionTests,org.junit.platform.engine.support.descriptor.FilePositionTests,L22952,L103,C:\Users\domco\Desktop\DP\repos\junit5\platform-tests\src\test\java\org\junit\platform\engine\support\descriptor\FilePositionTests.java,33,1,123,2,0.0,0,0,0,0.0,0.0,0,0,7,1,1,9,10,0,0,9,17,1.0,0.217391,20,8,1,0,0.217391,20,2,2,0,0,1,72,91,0,0,0,0,8,0,0,0,15,25,0,0,0,72,91,0,0,0,0,8,0,0,0,15,25,0,0,0,0,0,17,0,16,6,0,10,1,0,0,0,16,0,0,0,0,0,0,0,0
1167,L23548,FileSystemSourceTests,org.junit.platform.engine.support.descriptor.FileSystemSourceTests,L22952,L103,C:\Users\domco\Desktop\DP\repos\junit5\platform-tests\src\test\java\org\junit\platform\engine\support\descriptor\FileSystemSourceTests.java,27,1,95,2,0.0,0,0,0,0.0,0.0,0,0,6,0,0,7,8,0,0,11,18,1.0,0.112903,7,5,1,0,0.112903,7,2,2,0,0,1,55,69,0,0,0,0,7,0,0,0,14,29,0,0,0,55,69,0,0,0,0,7,0,0,0,14,29,0,0,0,0,0,15,2,11,4,0,7,1,0,0,2,14,0,0,0,0,0,0,0,0
1168,L23565,MethodSourceTests,org.junit.platform.engine.support.descriptor.MethodSourceTests,L22952,L103,C:\Users\domco\Desktop\DP\repos\junit5\platform-tests\src\test\java\org\junit\platform\engine\support\descriptor\MethodSourceTests.java,31,1,211,2,0.0,0,0,0,0.0,0.0,0,0,25,0,0,28,7,0,0,13,41,1.0,0.0526316,8,5,1,0,0.0526316,8,2,2,0,0,1,144,181,0,1,0,1,28,0,0,0,35,50,0,0,0,144,181,0,1,0,1,28,0,0,0,35,50,0,0,0,0,0,58,16,47,18,0,27,1,0,0,11,56,2,5,0,0,0,0,1,0
1169,L23605,PackageSourceTests,org.junit.platform.engine.support.descriptor.PackageSourceTests,L22952,L103,C:\Users\domco\Desktop\DP\repos\junit5\platform-tests\src\test\java\org\junit\platform\engine\support\descriptor\PackageSourceTests.java,27,1,72,2,0.0,0,0,0,0.0,0.0,0,0,7,0,0,7,6,0,0,5,12,1.0,0.121951,5,5,1,0,0.121951,5,2,2,0,0,1,36,46,0,0,0,0,7,0,0,0,14,13,0,0,0,36,46,0,0,0,0,7,0,0,0,14,13,0,0,0,0,0,17,0,7,0,0,7,1,0,0,0,16,0,0,0,0,0,0,0,0
1170,L23622,ClasspathScanningSupport,org.junit.platform.engine.support.filter.ClasspathScanningSupport,L23618,L103,C:\Users\domco\Desktop\DP\repos\junit5\junit-platform-engine\src\main\java\org\junit\platform\engine\support\filter\ClasspathScanningSupport.java,32,1,64,2,0.0,0,0,0,0.0,0.0,0,0,1,0,0,3,6,2,2,4,7,1.0,0.588235,20,19,3,0,0.588235,20,0,0,0,0,0,14,33,0,0,0,0,3,0,2,0,3,5,0,2,0,14,33,0,0,0,0,3,0,2,0,3,5,0,2,0,0,0,0,0,0,0,0,0,0,0,0,0,0,0,0,0,0,0,0,0,0
1171,L23678,CompositeLock,org.junit.platform.engine.support.hierarchical.CompositeLock,L23639,L103,C:\Users\domco\Desktop\DP\repos\junit5\junit-platform-engine\src\main\java\org\junit\platform\engine\support\hierarchical\CompositeLock.java,21,1,83,2,0.0,0,0,0,0.0,0.0,0,0,2,2,2,9,2,5,5,0,6,0.333333,0.1,4,4,1,2,0.0754717,4,1,1,0,0,1,36,46,1,1,1,1,6,0,2,0,7,16,0,3,0,49,63,2,1,2,1,8,0,4,0,9,20,0,5,0,0,0,21,0,1,0,0,1,1,0,0,0,20,0,0,0,0,0,0,0,0
1172,L23721,DefaultParallelExecutionConfiguration,org.junit.platform.engine.support.hierarchical.DefaultParallelExecutionConfiguration,L23639,L103,C:\Users\domco\Desktop\DP\repos\junit5\junit-platform-engine\src\main\java\org\junit\platform\engine\support\hierarchical\DefaultParallelExecutionConfiguration.java,16,1,58,2,0.0,0,0,0,0.0,0.0,0,0,0,0,0,6,1,3,3,0,6,0.166667,0.0789474,3,3,1,5,0.0789474,3,1,1,0,0,1,35,43,5,5,5,5,6,0,5,0,6,10,0,5,0,35,43,5,5,5,5,6,0,5,0,6,10,0,5,0,0,0,15,0,0,0,0,0,0,0,0,0,15,0,0,0,0,0,0,0,0
1173,L6582,ExclusiveResource,org.junit.platform.engine.support.hierarchical.ExclusiveResource,L23639,L103,C:\Users\domco\Desktop\DP\repos\junit5\junit-platform-engine\src\main\java\org\junit\platform\engine\support\hierarchical\ExclusiveResource.java,29,1,113,2,0.0,0,0,0,0.0,0.0,0,0,1,1,1,11,3,9,5,5,11,0.571429,0.338983,20,20,4,3,0.4625,37,0,0,0,0,0,39,68,3,2,3,2,6,0,6,0,6,15,0,6,0,43,85,5,2,5,2,6,2,6,0,6,15,2,6,0,0,0,13,0,0,0,0,0,0,0,0,0,7,0,0,0,0,0,0,6,0
1174,L11936,ForkJoinPoolHierarchicalTestExecutorService,org.junit.platform.engine.support.hierarchical.ForkJoinPoolHierarchicalTestExecutorService,L23639,L103,C:\Users\domco\Desktop\DP\repos\junit5\junit-platform-engine\src\main\java\org\junit\platform\engine\support\hierarchical\ForkJoinPoolHierarchicalTestExecutorService.java,45,1,178,2,0.0,0,0,0,0.0,0.0,0,0,2,2,2,18,10,1,1,12,21,0.4,0.256881,28,15,2,3,0.228346,29,1,1,0,0,1,81,113,2,0,2,0,9,0,4,0,9,36,0,4,0,98,134,3,0,3,0,11,0,5,0,11,40,0,5,0,0,0,24,1,0,0,0,0,1,0,0,1,23,0,0,0,0,0,0,0,1.0
1175,L11914,HierarchicalTestEngine<C extends EngineExecutionContext>,org.junit.platform.engine.support.hierarchical.HierarchicalTestEngine,L23639,L103,C:\Users\domco\Desktop\DP\repos\junit5\junit-platform-engine\src\main\java\org\junit\platform\engine\support\hierarchical\HierarchicalTestEngine.java,29,1,112,2,0.0,0,0,0,0.0,0.0,0,0,1,1,1,5,9,5,4,4,8,1.0,0.724138,63,63,2,0,0.724138,63,1,1,2,2,1,24,84,0,4,0,0,4,0,1,0,9,7,0,6,0,24,84,0,4,0,0,4,0,1,0,9,7,0,6,0,0,0,0,1,0,0,0,0,0,0,0,1,0,0,0,0,0,0,0,0,0
1176,L23971,HierarchicalTestExecutor<C extends EngineExecutionContext>,org.junit.platform.engine.support.hierarchical.HierarchicalTestExecutor,L23639,L103,C:\Users\domco\Desktop\DP\repos\junit5\junit-platform-engine\src\main\java\org\junit\platform\engine\support\hierarchical\HierarchicalTestExecutor.java,34,1,64,2,0.0,0,0,0,0.0,0.0,0,0,1,0,0,3,9,4,22,6,9,1.0,0.35,14,14,1,0,0.35,14,0,0,1,1,0,26,31,4,0,4,0,3,0,0,0,3,12,0,0,0,26,31,4,0,4,0,3,0,0,0,3,12,0,0,0,0,0,6,0,2,0,0,2,0,0,0,0,6,0,0,0,0,0,0,0,1.0
1177,L24039,LockManager,org.junit.platform.engine.support.hierarchical.LockManager,L23639,L103,C:\Users\domco\Desktop\DP\repos\junit5\junit-platform-engine\src\main\java\org\junit\platform\engine\support\hierarchical\LockManager.java,31,1,72,2,0.0,0,0,0,0.0,0.0,0,0,1,1,1,5,5,2,2,2,5,1.0,0.142857,5,3,1,0,0.142857,5,0,0,0,0,0,30,42,2,2,2,2,3,0,0,0,3,10,0,0,0,30,42,2,2,2,2,3,0,0,0,3,10,0,0,0,0,0,8,0,1,0,0,1,0,0,0,0,8,0,0,0,0,0,0,0,0
1178,L24006,NodeTestTask<C extends EngineExecutionContext>,org.junit.platform.engine.support.hierarchical.NodeTestTask,L23639,L103,C:\Users\domco\Desktop\DP\repos\junit5\junit-platform-engine\src\main\java\org\junit\platform\engine\support\hierarchical\NodeTestTask.java,32,1,190,2,0.0,0,0,0,0.0,0.0,0,0,1,1,1,25,14,3,6,16,32,0.111111,0.0564516,7,3,1,8,0.0564516,7,1,1,0,0,1,117,159,16,4,16,4,16,0,8,3,16,48,0,8,3,117,159,16,6,16,4,16,0,8,3,24,48,0,16,3,0,0,42,0,2,0,0,1,0,0,1,1,38,0,0,0,0,0,0,3,1.0
1179,L24022,NodeTestTaskWalker,org.junit.platform.engine.support.hierarchical.NodeTestTaskWalker,L23639,L103,C:\Users\domco\Desktop\DP\repos\junit5\junit-platform-engine\src\main\java\org\junit\platform\engine\support\hierarchical\NodeTestTaskWalker.java,22,1,47,2,0.0,0,0,0,0.0,0.0,0,0,1,1,1,3,3,1,1,4,6,1.0,0.142857,3,3,1,0,0.142857,3,0,0,0,0,0,18,26,1,0,1,0,2,0,0,0,2,6,0,0,0,18,26,1,0,1,0,2,0,0,0,2,6,0,0,0,0,0,6,0,1,0,0,1,0,0,0,0,6,0,0,0,0,0,0,0,1.0
1180,L24264,NopLock,org.junit.platform.engine.support.hierarchical.NopLock,L23639,L103,C:\Users\domco\Desktop\DP\repos\junit5\junit-platform-engine\src\main\java\org\junit\platform\engine\support\hierarchical\NopLock.java,18,1,35,2,0.0,0,0,0,0.0,0.0,0,0,2,0,0,3,1,3,0,0,3,0.333333,0.333333,6,5,1,2,0.333333,6,1,1,0,0,1,12,18,1,0,1,0,3,0,2,0,4,1,0,3,0,12,18,1,0,1,0,3,0,2,0,4,1,0,3,0,0,0,6,0,2,0,0,1,1,0,0,1,5,0,0,0,0,0,0,0,0
1181,L6610,OpenTest4JAwareThrowableCollector,org.junit.platform.engine.support.hierarchical.OpenTest4JAwareThrowableCollector,L23639,L103,C:\Users\domco\Desktop\DP\repos\junit5\junit-platform-engine\src\main\java\org\junit\platform\engine\support\hierarchical\OpenTest4JAwareThrowableCollector.java,25,1,32,2,0.0,0,0,0,0.0,0.0,0,0,0,0,0,1,1,5,7,0,1,0.5,0.538462,7,7,1,1,0.538462,7,1,1,0,0,1,6,8,2,1,0,0,1,0,1,0,10,1,0,7,0,6,8,2,1,0,0,1,0,1,0,10,1,0,7,0,0,0,3,0,0,0,0,0,0,0,0,0,3,0,0,0,0,0,0,0,0
1182,L23980,SameThreadHierarchicalTestExecutorService,org.junit.platform.engine.support.hierarchical.SameThreadHierarchicalTestExecutorService,L23639,L103,C:\Users\domco\Desktop\DP\repos\junit5\junit-platform-engine\src\main\java\org\junit\platform\engine\support\hierarchical\SameThreadHierarchicalTestExecutorService.java,27,1,46,2,0.0,0,0,0,0.0,0.0,0,0,3,0,0,3,2,2,0,1,4,0.25,0.318182,7,6,1,3,0.318182,7,1,1,0,0,1,15,20,0,0,0,0,3,0,3,0,3,3,0,3,0,15,20,0,0,0,0,3,0,3,0,3,3,0,3,0,0,0,6,0,0,0,0,0,1,0,0,0,5,0,0,0,0,0,0,0,0
1183,L24083,SingleLock,org.junit.platform.engine.support.hierarchical.SingleLock,L23639,L103,C:\Users\domco\Desktop\DP\repos\junit5\junit-platform-engine\src\main\java\org\junit\platform\engine\support\hierarchical\SingleLock.java,19,1,61,2,0.0,0,0,0,0.0,0.0,0,0,2,0,0,4,2,5,4,0,4,0.333333,0.181818,4,4,1,2,0.114286,4,1,1,0,0,1,18,26,1,1,1,1,4,0,2,0,5,5,0,3,0,31,43,2,1,2,1,6,0,4,0,7,9,0,5,0,0,0,17,0,1,0,0,1,1,0,0,0,16,0,0,0,0,0,0,0,0
1184,L24312,SingleTestExecutor,org.junit.platform.engine.support.hierarchical.SingleTestExecutor,L23639,L103,C:\Users\domco\Desktop\DP\repos\junit5\junit-platform-engine\src\main\java\org\junit\platform\engine\support\hierarchical\SingleTestExecutor.java,32,1,82,2,0.0,0,0,0,0.0,0.0,0,0,1,1,1,3,3,1,3,5,6,1.0,0.585366,24,24,2,0,0.618182,34,0,0,0,0,0,17,39,0,0,0,0,1,0,1,0,1,6,0,1,0,21,51,0,0,0,0,2,0,2,0,2,6,0,2,0,0,0,0,1,0,0,0,0,0,0,0,0,0,0,1,0,0,0,0,0,0
1185,L6465,ThrowableCollector,org.junit.platform.engine.support.hierarchical.ThrowableCollector,L23639,L103,C:\Users\domco\Desktop\DP\repos\junit5\junit-platform-engine\src\main\java\org\junit\platform\engine\support\hierarchical\ThrowableCollector.java,39,1,214,2,0.0,0,0,0,0.0,0.0,0,0,1,3,1,17,5,14,17,7,16,1.0,0.61745,92,91,7,0,0.623529,106,0,0,1,1,0,57,158,2,1,2,1,9,0,6,0,9,24,0,6,0,64,176,2,1,2,1,11,0,8,0,11,24,0,8,0,0,0,2,1,1,0,0,1,0,0,0,0,2,0,1,0,0,0,0,0,0
1186,L24356,CompositeLockTests,org.junit.platform.engine.support.hierarchical.CompositeLockTests,L23639,L103,C:\Users\domco\Desktop\DP\repos\junit5\platform-tests\src\test\java\org\junit\platform\engine\support\hierarchical\CompositeLockTests.java,33,1,102,2,0.0,0,0,0,0.0,0.0,0,0,3,0,0,4,4,0,0,5,9,1.0,0.0555556,3,3,1,0,0.0555556,3,0,0,0,0,0,51,70,0,0,0,0,4,0,0,0,4,33,0,0,0,51,70,0,0,0,0,4,0,0,0,4,33,0,0,0,0,0,11,3,9,6,0,3,1,0,0,3,10,0,0,0,0,0,0,0,0
1187,L24381,DefaultParallelExecutionConfigurationStrategyTests,org.junit.platform.engine.support.hierarchical.DefaultParallelExecutionConfigurationStrategyTests,L23639,L103,C:\Users\domco\Desktop\DP\repos\junit5\platform-tests\src\test\java\org\junit\platform\engine\support\hierarchical\DefaultParallelExecutionConfigurationStrategyTests.java,31,1,184,2,0.229592,1,2,2,0.168831,0.184874,26,22,1,0,0,14,11,0,0,10,24,1.0,0.0258621,3,3,1,0,0.0245902,3,0,0,0,0,0,113,148,1,0,1,0,14,0,0,1,14,66,0,0,1,119,154,1,0,1,0,15,0,1,1,15,67,0,1,1,0,1,53,1,20,5,17,14,0,0,1,1,35,0,2,0,0,0,0,0,0
1188,L24410,DemoEngineExecutionContext,org.junit.platform.engine.support.hierarchical.DemoEngineExecutionContext,L23639,L103,C:\Users\domco\Desktop\DP\repos\junit5\platform-tests\src\test\java\org\junit\platform\engine\support\hierarchical\DemoEngineExecutionContext.java,16,1,17,2,0.0,0,0,0,0.0,0.0,0,0,0,0,0,0,1,4,0,0,0,1.0,0.6,3,3,1,0,0.6,3,1,1,0,0,1,2,2,0,0,0,0,0,0,0,0,0,0,0,0,0,2,2,0,0,0,0,0,0,0,0,0,0,0,0,0,0,0,0,0,0,0,0,0,0,0,0,0,0,0,0,0,0,0,0,0,0
1189,L24413,DemoHierarchicalContainerDescriptor,org.junit.platform.engine.support.hierarchical.DemoHierarchicalContainerDescriptor,L23639,L103,C:\Users\domco\Desktop\DP\repos\junit5\platform-tests\src\test\java\org\junit\platform\engine\support\hierarchical\DemoHierarchicalContainerDescriptor.java,23,1,68,2,0.0,0,0,0,0.0,0.0,0,0,3,1,1,9,8,2,1,3,10,0.142857,0.075,3,3,1,6,0.075,3,2,3,0,0,2,37,46,8,11,3,1,7,0,6,0,37,11,0,34,1,37,46,8,11,3,1,7,0,6,0,37,11,0,34,1,0,0,19,0,0,0,0,0,1,0,0,0,17,0,0,1,0,0,0,0,0
1190,L24446,DemoHierarchicalEngineDescriptor,org.junit.platform.engine.support.hierarchical.DemoHierarchicalEngineDescriptor,L23639,L103,C:\Users\domco\Desktop\DP\repos\junit5\platform-tests\src\test\java\org\junit\platform\engine\support\hierarchical\DemoHierarchicalEngineDescriptor.java,22,1,53,2,0.0,0,0,0,0.0,0.0,0,0,2,0,0,6,6,2,3,4,9,0.166667,0.107143,3,3,1,5,0.107143,3,3,4,0,0,2,25,32,8,11,3,0,5,0,5,1,38,7,0,36,2,25,32,8,11,3,0,5,0,5,1,38,7,0,36,2,0,0,15,0,0,0,0,0,1,0,0,0,13,0,0,1,0,0,0,0,0
1191,L21601,DemoHierarchicalTestDescriptor,org.junit.platform.engine.support.hierarchical.DemoHierarchicalTestDescriptor,L23639,L103,C:\Users\domco\Desktop\DP\repos\junit5\platform-tests\src\test\java\org\junit\platform\engine\support\hierarchical\DemoHierarchicalTestDescriptor.java,23,1,63,2,0.0,0,0,0,0.0,0.0,0,0,2,1,1,9,9,5,6,3,9,0.166667,0.0833333,3,3,1,5,0.0833333,3,2,3,0,0,2,33,41,8,11,3,1,6,0,5,0,37,10,0,34,1,33,41,8,11,3,1,6,0,5,0,37,10,0,34,1,0,0,17,0,0,0,0,0,1,0,0,0,15,0,0,1,0,0,0,0,0
1192,L21227,DemoHierarchicalTestEngine,org.junit.platform.engine.support.hierarchical.DemoHierarchicalTestEngine,L23639,L103,C:\Users\domco\Desktop\DP\repos\junit5\platform-tests\src\test\java\org\junit\platform\engine\support\hierarchical\DemoHierarchicalTestEngine.java,25,1,96,2,0.0,0,0,0,0.0,0.0,0,0,2,0,0,12,13,6,40,9,21,0.0833333,0.05,3,3,1,11,0.05,3,2,2,0,0,1,57,72,2,5,2,2,12,0,11,0,18,23,0,15,0,57,72,2,5,2,2,12,0,11,0,18,23,0,15,0,0,0,29,0,0,0,0,0,1,0,1,0,27,0,0,0,0,0,0,0,0
1193,L24530,HierarchicalTestExecutorTests,org.junit.platform.engine.support.hierarchical.HierarchicalTestExecutorTests,L23639,L103,C:\Users\domco\Desktop\DP\repos\junit5\platform-tests\src\test\java\org\junit\platform\engine\support\hierarchical\HierarchicalTestExecutorTests.java,53,1,658,2,0.59978,13,30,30,0.485149,0.513333,294,231,1,0,0,23,21,0,0,21,44,1.0,0.0261905,11,11,1,0,0.025974,12,0,0,0,0,0,409,557,4,0,4,0,23,0,0,0,23,320,0,0,0,450,606,13,33,4,3,31,0,4,0,132,328,0,96,3,0,0,188,27,43,18,108,26,0,0,1,21,72,0,5,3,0,0,0,4,1.0
1194,L24619,LockManagerTests,org.junit.platform.engine.support.hierarchical.LockManagerTests,L23639,L103,C:\Users\domco\Desktop\DP\repos\junit5\platform-tests\src\test\java\org\junit\platform\engine\support\hierarchical\LockManagerTests.java,33,1,111,2,0.0,0,0,0,0.0,0.0,0,0,1,1,1,9,8,0,0,4,11,1.0,0.128571,9,3,1,0,0.128571,9,0,0,0,0,0,61,79,1,2,1,2,7,0,0,0,7,31,0,0,0,61,79,1,2,1,2,7,0,0,0,7,31,0,0,0,0,0,14,1,10,4,0,5,0,0,0,1,14,0,1,0,0,0,0,0,0
1195,L24647,NodeTestTaskWalkerIntegrationTests,org.junit.platform.engine.support.hierarchical.NodeTestTaskWalkerIntegrationTests,L23639,L103,C:\Users\domco\Desktop\DP\repos\junit5\platform-tests\src\test\java\org\junit\platform\engine\support\hierarchical\NodeTestTaskWalkerIntegrationTests.java,30,1,104,2,0.529262,1,2,2,0.293333,0.285714,22,18,1,0,0,3,17,0,0,12,15,1.0,0.0666667,3,3,1,0,0.0454545,3,0,0,0,0,0,42,53,0,0,0,0,3,0,0,0,3,30,0,0,0,63,75,0,0,0,0,6,0,0,0,6,30,0,0,0,0,0,39,3,10,5,15,5,0,0,1,0,23,3,0,0,0,0,0,0,1.0
1196,L24676,ParallelExecutionIntegrationTests,org.junit.platform.engine.support.hierarchical.ParallelExecutionIntegrationTests,L23639,L103,C:\Users\domco\Desktop\DP\repos\junit5\platform-tests\src\test\java\org\junit\platform\engine\support\hierarchical\ParallelExecutionIntegrationTests.java,66,1,441,2,0.0,0,0,0,0.0,0.0,0,0,2,0,0,11,20,8,12,12,23,1.0,0.0804598,7,3,1,0,0.0289389,9,0,0,0,0,0,80,113,2,1,2,1,11,0,0,0,11,35,0,0,0,302,376,11,2,11,2,45,1,1,0,45,90,1,1,0,0,0,134,25,91,53,0,50,5,0,1,12,120,0,1,0,0,0,0,8,1.0
1197,L24826,SingleLockTests,org.junit.platform.engine.support.hierarchical.SingleLockTests,L23639,L103,C:\Users\domco\Desktop\DP\repos\junit5\platform-tests\src\test\java\org\junit\platform\engine\support\hierarchical\SingleLockTests.java,23,1,45,2,0.0,0,0,0,0.0,0.0,0,0,2,0,0,2,4,0,0,5,7,1.0,0.157895,3,3,1,0,0.157895,3,0,0,0,0,0,16,23,0,0,0,0,2,0,0,0,2,6,0,0,0,16,23,0,0,0,0,2,0,0,0,2,6,0,0,0,0,0,7,2,4,2,0,2,1,0,0,2,6,0,0,0,0,0,0,0,0
1198,L24832,SingleTestExecutorTests,org.junit.platform.engine.support.hierarchical.SingleTestExecutorTests,L23639,L103,C:\Users\domco\Desktop\DP\repos\junit5\platform-tests\src\test\java\org\junit\platform\engine\support\hierarchical\SingleTestExecutorTests.java,28,1,63,2,0.672727,1,2,2,0.611111,0.615385,22,16,3,0,0,3,5,0,0,5,8,1.0,0.103448,3,3,1,0,0.103448,3,0,0,0,0,0,26,36,0,0,0,0,3,0,0,0,3,11,0,0,0,26,36,0,0,0,0,3,0,0,0,3,11,0,0,0,0,0,24,0,12,9,15,3,1,0,0,0,8,0,0,0,0,0,0,0,0
1199,L11420,ExecutionEvent,org.junit.platform.engine.test.event.ExecutionEvent,L25134,L103,C:\Users\domco\Desktop\DP\repos\junit5\junit-platform-engine\src\test\java\org\junit\platform\engine\test\event\ExecutionEvent.java,36,1,114,2,0.0,0,0,0,0.0,0.0,0,0,4,0,0,14,6,12,18,4,18,0.0714286,0.123077,8,6,1,13,0.117647,8,0,0,0,0,0,57,76,4,4,4,4,14,0,13,0,14,17,0,13,0,60,79,9,4,9,4,14,5,13,0,14,17,5,13,0,0,0,42,0,5,0,0,4,1,0,0,1,34,0,0,0,0,0,0,7,0
1200,L25213,ExecutionEventConditions,org.junit.platform.engine.test.event.ExecutionEventConditions,L25134,L103,C:\Users\domco\Desktop\DP\repos\junit5\junit-platform-engine\src\test\java\org\junit\platform\engine\test\event\ExecutionEventConditions.java,49,1,176,2,0.0,0,0,0,0.0,0.0,0,0,6,1,1,27,8,13,101,6,32,0.0384615,0.0480769,5,5,1,25,0.0480769,5,0,0,0,0,0,99,128,0,0,0,0,26,0,25,0,26,33,0,25,0,99,128,0,0,0,0,26,0,25,0,26,33,0,25,0,0,0,59,0,0,0,0,0,1,0,0,0,55,0,0,0,0,0,0,3,0
1201,L10100,ExecutionEventRecorder,org.junit.platform.engine.test.event.ExecutionEventRecorder,L25134,L103,C:\Users\domco\Desktop\DP\repos\junit5\junit-platform-engine\src\test\java\org\junit\platform\engine\test\event\ExecutionEventRecorder.java,47,1,197,2,0.0,0,0,0,0.0,0.0,0,0,1,0,0,33,12,38,126,15,48,0.0384615,0.0491803,6,6,1,25,0.0491803,6,1,1,0,0,1,116,151,1,19,1,19,33,0,25,0,33,36,0,25,0,116,151,1,19,1,19,33,0,25,0,33,36,0,25,0,0,0,77,0,2,0,0,2,0,0,1,0,69,0,0,0,0,0,0,7,1.0
1202,L25335,TestExecutionResultConditions,org.junit.platform.engine.test.event.TestExecutionResultConditions,L25134,L103,C:\Users\domco\Desktop\DP\repos\junit5\junit-platform-engine\src\test\java\org\junit\platform\engine\test\event\TestExecutionResultConditions.java,27,1,60,2,0.0,0,0,0,0.0,0.0,0,0,6,0,0,6,3,13,85,1,7,0.142857,0.166667,5,5,1,6,0.166667,5,0,0,0,0,0,25,34,0,0,0,0,6,0,6,0,6,6,0,6,0,25,34,0,0,0,0,6,0,6,0,6,6,0,6,0,0,0,16,0,0,0,0,0,1,0,0,0,15,0,0,0,0,0,0,0,1.0
1203,L25811,LauncherConfig$Builder,org.junit.platform.launcher.core.LauncherConfig$Builder,L1505,L103,C:\Users\domco\Desktop\DP\repos\junit5\junit-platform-launcher\src\main\java\org\junit\platform\launcher\core\LauncherConfig.java,101,2,181,3,0.0,0,0,0,0.0,0.0,0,0,1,0,0,6,5,5,9,3,9,1.0,0.547945,40,39,6,0,0.547945,40,0,0,0,0,0,33,81,4,0,4,0,6,0,5,0,6,13,0,5,0,33,81,4,0,4,0,6,0,5,0,6,13,0,5,0,0,0,0,0,0,0,0,0,0,0,0,0,0,0,0,0,0,0,0,0,0
1204,L26052,StreamInterceptor$RewindableByteArrayOutputStream,org.junit.platform.launcher.core.StreamInterceptor$RewindableByteArrayOutputStream,L26005,L103,C:\Users\domco\Desktop\DP\repos\junit5\junit-platform-launcher\src\main\java\org\junit\platform\launcher\core\StreamInterceptor.java,96,2,117,3,0.0,0,0,0,0.0,0.0,0,0,1,1,1,5,0,1,4,0,3,0.0,0.0,0,0,0,1,0.0,0,0,0,0,0,0,18,22,1,0,1,0,3,0,0,0,3,8,0,0,0,18,22,1,0,1,0,3,0,0,0,3,8,0,0,0,0,0,9,0,3,0,0,3,0,0,0,0,9,0,0,0,0,0,0,0,0
1205,L26142,TestExecutionListenerRegistry$CompositeTestExecutionListener,org.junit.platform.launcher.core.TestExecutionListenerRegistry$CompositeTestExecutionListener,L25622,L103,C:\Users\domco\Desktop\DP\repos\junit5\junit-platform-launcher\src\main\java\org\junit\platform\launcher\core\TestExecutionListenerRegistry.java,70,2,110,3,0.0,0,0,0,0.0,0.0,0,0,7,0,0,7,6,1,0,2,9,0.0,0.0,0,0,0,8,0.0,0,1,1,0,0,1,33,41,0,0,0,0,7,0,7,0,7,9,0,7,0,33,41,0,0,0,0,7,0,7,0,7,9,0,7,0,0,0,18,0,0,0,0,0,1,0,0,0,17,0,0,0,0,0,0,0,1.0
1206,L26295,ExecutionListenerAdapterTests$MockTestExecutionListener,org.junit.platform.launcher.core.ExecutionListenerAdapterTests$MockTestExecutionListener,L26288,L103,C:\Users\domco\Desktop\DP\repos\junit5\platform-tests\src\test\java\org\junit\platform\launcher\core\ExecutionListenerAdapterTests.java,64,2,75,3,0.0,0,0,0,0.0,0.0,0,0,1,0,0,1,3,1,0,0,1,0.0,0.0,0,0,0,2,0.0,0,1,1,0,0,1,9,12,2,0,2,0,1,2,1,0,7,2,2,7,0,9,12,2,0,2,0,1,2,1,0,7,2,2,7,0,0,0,9,0,0,0,0,0,0,0,0,0,5,0,0,0,0,0,0,4,0
1207,L26370,LauncherConfigurationParametersTests$Mutator,org.junit.platform.launcher.core.LauncherConfigurationParametersTests$Mutator,L26332,L103,C:\Users\domco\Desktop\DP\repos\junit5\platform-tests\src\test\java\org\junit\platform\launcher\core\LauncherConfigurationParametersTests.java,157,2,163,3,0.0,0,0,0,0.0,0.0,0,0,1,0,0,1,3,1,0,1,2,0.0,0.0,0,0,0,2,0.0,0,2,2,0,0,1,7,7,0,0,0,0,1,0,1,0,1,2,0,1,0,7,7,0,0,0,0,1,0,1,0,1,2,0,1,0,0,0,5,0,0,0,0,0,0,0,0,0,5,0,0,0,0,0,0,0,0
1208,L26362,LauncherConfigurationParametersTests$Something,org.junit.platform.launcher.core.LauncherConfigurationParametersTests$Something,L26332,L103,C:\Users\domco\Desktop\DP\repos\junit5\platform-tests\src\test\java\org\junit\platform\launcher\core\LauncherConfigurationParametersTests.java,165,2,175,3,0.0,0,0,0,0.0,0.0,0,0,1,0,0,1,4,2,0,1,2,0.0,0.111111,1,1,0,1,0.111111,1,0,0,0,0,0,8,11,1,0,1,0,1,1,0,0,1,1,1,0,0,8,11,1,0,1,0,1,1,0,0,1,1,1,0,0,0,0,9,0,2,1,0,1,0,0,0,0,5,0,0,0,0,0,0,4,0
1209,L26389,LauncherDiscoveryRequestBuilderTests$DiscoverySelectionTests,org.junit.platform.launcher.core.LauncherDiscoveryRequestBuilderTests$DiscoverySelectionTests,L26386,L103,C:\Users\domco\Desktop\DP\repos\junit5\platform-tests\src\test\java\org\junit\platform\launcher\core\LauncherDiscoveryRequestBuilderTests.java,56,2,176,3,0.2,1,2,2,0.214876,0.232558,26,20,7,0,0,7,15,0,0,20,27,0.0,0.14,14,0,0,1,0.14,14,0,0,0,0,0,86,121,0,0,0,0,7,0,0,0,7,36,0,0,0,86,121,0,0,0,0,7,0,0,0,7,36,0,0,0,0,0,36,3,10,3,17,7,1,0,1,2,17,0,1,0,0,0,0,0,0
1210,L26408,LauncherDiscoveryRequestBuilderTests$DiscoveryFilterTests,org.junit.platform.launcher.core.LauncherDiscoveryRequestBuilderTests$DiscoveryFilterTests,L26386,L103,C:\Users\domco\Desktop\DP\repos\junit5\platform-tests\src\test\java\org\junit\platform\launcher\core\LauncherDiscoveryRequestBuilderTests.java,178,2,243,3,0.0,0,0,0,0.0,0.0,0,0,4,0,0,4,14,0,0,16,20,0.0,0.105263,6,0,0,1,0.105263,6,0,0,0,0,0,51,66,0,0,0,0,4,0,0,0,4,21,0,0,0,51,66,0,0,0,0,4,0,0,0,4,21,0,0,0,0,0,14,0,8,4,0,4,1,0,2,0,11,0,0,0,0,0,0,0,0
1211,L26423,LauncherDiscoveryRequestBuilderTests$DiscoveryConfigurationParameterTests,org.junit.platform.launcher.core.LauncherDiscoveryRequestBuilderTests$DiscoveryConfigurationParameterTests,L26386,L103,C:\Users\domco\Desktop\DP\repos\junit5\platform-tests\src\test\java\org\junit\platform\launcher\core\LauncherDiscoveryRequestBuilderTests.java,245,2,323,3,0.0,0,0,0,0.0,0.0,0,0,6,0,0,6,6,0,0,6,12,0.0,0.151515,10,0,0,1,0.151515,10,0,0,0,0,0,56,79,0,0,0,0,6,0,0,0,6,23,0,0,0,56,79,0,0,0,0,6,0,0,0,6,23,0,0,0,0,0,16,7,8,2,0,6,1,0,0,1,15,0,6,0,0,0,0,0,0
1212,L26396,LauncherDiscoveryRequestBuilderTests$SampleTestClass,org.junit.platform.launcher.core.LauncherDiscoveryRequestBuilderTests$SampleTestClass,L26386,L103,C:\Users\domco\Desktop\DP\repos\junit5\platform-tests\src\test\java\org\junit\platform\launcher\core\LauncherDiscoveryRequestBuilderTests.java,325,2,330,3,0.0,0,0,0,0.0,0.0,0,0,1,0,0,1,1,1,0,0,1,0.0,0.0,0,0,0,1,0.0,0,0,0,0,0,0,5,6,0,0,0,0,1,0,0,0,1,0,0,0,0,5,6,0,0,0,0,1,0,0,0,1,0,0,0,0,0,0,5,0,2,0,0,1,0,0,0,0,5,1,0,0,0,0,0,0,0
1213,L26454,LauncherFactoryTests$JUnit4Example,org.junit.platform.launcher.core.LauncherFactoryTests$JUnit4Example,L26440,L103,C:\Users\domco\Desktop\DP\repos\junit5\platform-tests\src\test\java\org\junit\platform\launcher\core\LauncherFactoryTests.java,99,2,105,3,0.0,0,0,0,0.0,0.0,0,0,1,0,0,1,0,1,0,0,1,0.0,0.0,0,0,0,2,0.0,0,0,0,0,0,0,5,7,0,0,0,0,1,0,1,0,1,0,0,1,0,5,7,0,0,0,0,1,0,1,0,1,0,0,1,0,0,0,5,0,1,0,0,0,0,0,0,0,5,1,0,0,0,0,0,0,0
1214,L26457,LauncherFactoryTests$JUnit5Example,org.junit.platform.launcher.core.LauncherFactoryTests$JUnit5Example,L26440,L103,C:\Users\domco\Desktop\DP\repos\junit5\platform-tests\src\test\java\org\junit\platform\launcher\core\LauncherFactoryTests.java,107,2,113,3,0.0,0,0,0,0.0,0.0,0,0,1,0,0,1,1,1,0,0,1,0.0,0.0,0,0,0,1,0.0,0,0,0,0,0,0,5,7,0,0,0,0,1,0,0,0,1,0,0,0,0,5,7,0,0,0,0,1,0,0,0,1,0,0,0,0,0,0,5,1,2,1,0,1,0,0,0,0,5,1,0,0,0,0,0,0,0
1215,L26468,StreamInterceptingTestExecutionListenerIntegrationTests$HiddenSystemOutAndErr,org.junit.platform.launcher.core.StreamInterceptingTestExecutionListenerIntegrationTests$HiddenSystemOutAndErr,L26464,L103,C:\Users\domco\Desktop\DP\repos\junit5\platform-tests\src\test\java\org\junit\platform\launcher\core\StreamInterceptingTestExecutionListenerIntegrationTests.java,132,2,151,3,0.0,0,0,0,0.0,0.0,0,0,1,0,0,2,5,1,0,4,6,0.0,0.0,0,0,0,3,0.0,0,2,3,0,0,2,17,20,1,0,1,0,2,0,2,0,2,8,0,2,0,17,20,1,0,1,0,2,0,2,0,2,8,0,2,0,0,0,8,0,0,0,0,0,0,0,0,0,7,0,0,1,0,0,0,0,0
1216,L26693,MutableTestExecutionSummary$DefaultFailure,org.junit.platform.launcher.listeners.MutableTestExecutionSummary$DefaultFailure,L26656,L103,C:\Users\domco\Desktop\DP\repos\junit5\junit-platform-launcher\src\main\java\org\junit\platform\launcher\listeners\MutableTestExecutionSummary.java,225,2,244,3,0.0,0,0,0,0.0,0.0,0,0,0,0,0,3,2,1,1,0,3,0.0,0.0,0,0,0,3,0.0,0,1,1,0,0,1,16,20,2,2,2,2,3,0,2,0,3,4,0,2,0,16,20,2,2,2,2,3,0,2,0,3,4,0,2,0,0,0,9,0,0,0,0,0,0,0,0,0,9,0,0,0,0,0,0,0,0
1217,L27742,TestPlanTests$1,org.junit.platform.launcher.TestPlanTests$1,L27738,L103,C:\Users\domco\Desktop\DP\repos\junit5\platform-tests\src\test\java\org\junit\platform\launcher\TestPlanTests.java,28,92,33,5,1.0,1,1,1,1.0,1.0,6,6,0,0,0,1,2,0,0,0,1,0.0,0.0,0,0,0,2,0.0,0,2,2,0,0,1,6,6,5,9,0,1,1,0,1,0,26,1,0,24,1,6,6,5,9,0,1,1,0,1,0,26,1,0,24,1,0,0,15,0,0,0,10,0,0,0,0,0,5,0,0,0,0,0,0,0,0
1218,L27750,TestPlanTests$2,org.junit.platform.launcher.TestPlanTests$2,L27747,L103,C:\Users\domco\Desktop\DP\repos\junit5\platform-tests\src\test\java\org\junit\platform\launcher\TestPlanTests.java,43,92,48,5,1.0,1,1,1,1.0,1.0,6,6,0,0,0,1,2,0,0,0,1,0.0,0.0,0,0,0,2,0.0,0,2,2,0,0,1,6,6,5,9,0,1,1,0,1,0,26,1,0,24,1,6,6,5,9,0,1,1,0,1,0,26,1,0,24,1,0,0,15,0,0,0,10,0,0,0,0,0,5,0,0,0,0,0,0,0,0
1219,L27757,TestPlanTests$3,org.junit.platform.launcher.TestPlanTests$3,L27754,L103,C:\Users\domco\Desktop\DP\repos\junit5\platform-tests\src\test\java\org\junit\platform\launcher\TestPlanTests.java,58,92,68,5,0.0,0,0,0,0.0,0.0,0,0,1,0,0,2,2,0,0,0,2,0.0,0.0,0,0,0,3,0.0,0,2,2,0,0,1,10,11,5,9,0,1,2,0,2,0,26,2,0,24,1,10,11,5,9,0,1,2,0,2,0,26,2,0,24,1,0,0,7,0,0,0,0,0,0,0,0,0,7,0,0,0,0,0,0,0,0
1220,L28521,JUnitPlatformProviderTests$TestPlanSummaryListener,org.junit.platform.surefire.provider.JUnitPlatformProviderTests$TestPlanSummaryListener,L28501,L103,C:\Users\domco\Desktop\DP\repos\junit5\junit-platform-surefire-provider\src\test\java\org\junit\platform\surefire\provider\JUnitPlatformProviderTests.java,481,2,490,3,0.0,0,0,0,0.0,0.0,0,0,1,0,0,1,3,1,0,2,3,0.0,0.0,0,0,0,2,0.0,0,2,2,0,0,1,8,10,3,1,1,0,1,0,1,0,9,2,0,9,0,8,10,3,1,1,0,1,0,1,0,9,2,0,9,0,0,0,5,0,1,0,0,1,0,0,0,0,5,0,0,0,0,0,0,0,0
1221,L28507,JUnitPlatformProviderTests$TestClass1,org.junit.platform.surefire.provider.JUnitPlatformProviderTests$TestClass1,L28501,L103,C:\Users\domco\Desktop\DP\repos\junit5\junit-platform-surefire-provider\src\test\java\org\junit\platform\surefire\provider\JUnitPlatformProviderTests.java,509,2,536,3,0.0,0,0,0,0.0,0.0,0,0,4,0,0,4,2,1,0,0,4,0.0,0.0,0,0,0,1,0.0,0,0,0,0,0,0,22,28,6,0,6,0,4,0,0,0,4,1,0,0,0,22,28,6,0,6,0,4,0,0,0,4,1,0,0,0,0,0,13,5,13,4,0,10,1,0,0,1,11,3,0,0,0,0,0,1,0
1222,L28510,JUnitPlatformProviderTests$TestClass2,org.junit.platform.surefire.provider.JUnitPlatformProviderTests$TestClass2,L28501,L103,C:\Users\domco\Desktop\DP\repos\junit5\junit-platform-surefire-provider\src\test\java\org\junit\platform\surefire\provider\JUnitPlatformProviderTests.java,538,2,561,3,0.0,0,0,0,0.0,0.0,0,0,3,0,0,3,2,1,0,1,4,0.0,0.0,0,0,0,1,0.0,0,0,0,0,0,0,19,24,6,0,6,0,3,0,0,0,3,2,0,0,0,19,24,6,0,6,0,3,0,0,0,3,2,0,0,0,0,0,11,4,10,3,0,9,1,0,0,1,9,1,0,0,0,0,0,1,0
1223,L28561,JUnitPlatformProviderTests$VerboseTestClass,org.junit.platform.surefire.provider.JUnitPlatformProviderTests$VerboseTestClass,L28501,L103,C:\Users\domco\Desktop\DP\repos\junit5\junit-platform-surefire-provider\src\test\java\org\junit\platform\surefire\provider\JUnitPlatformProviderTests.java,563,2,569,3,0.0,0,0,0,0.0,0.0,0,0,1,0,0,1,1,1,0,0,1,0.0,0.0,0,0,0,1,0.0,0,0,0,0,0,0,7,7,0,0,0,0,1,0,0,0,1,2,0,0,0,7,7,0,0,0,0,1,0,0,0,1,2,0,0,0,0,0,5,3,1,3,0,1,0,0,0,0,5,0,0,0,0,0,0,0,0
1224,L28637,JUnitPlatformProviderTests$AbstractTestClass,org.junit.platform.surefire.provider.JUnitPlatformProviderTests$AbstractTestClass,L28501,L103,C:\Users\domco\Desktop\DP\repos\junit5\junit-platform-surefire-provider\src\test\java\org\junit\platform\surefire\provider\JUnitPlatformProviderTests.java,590,2,594,3,0.0,0,0,0,0.0,0.0,0,0,1,0,0,1,1,2,0,0,1,0.0,0.0,0,0,0,1,0.0,0,0,0,2,2,0,5,5,0,0,0,0,1,0,0,0,1,0,0,0,0,5,5,0,0,0,0,1,0,0,0,1,0,0,0,0,0,0,5,1,2,1,0,1,0,0,0,0,5,1,0,0,0,0,0,0,0
1225,L28631,JUnitPlatformProviderTests$Sub1Tests,org.junit.platform.surefire.provider.JUnitPlatformProviderTests$Sub1Tests,L28501,L103,C:\Users\domco\Desktop\DP\repos\junit5\junit-platform-surefire-provider\src\test\java\org\junit\platform\surefire\provider\JUnitPlatformProviderTests.java,596,2,597,3,0.0,0,0,0,0.0,0.0,0,0,0,0,0,0,1,1,0,0,0,0.0,0.0,0,0,0,1,0.0,0,1,1,0,0,1,2,2,0,0,0,0,0,0,0,0,1,0,0,0,0,2,2,0,0,0,0,0,0,0,0,1,0,0,0,0,0,0,3,0,0,0,0,0,0,0,0,0,3,0,0,0,0,0,0,0,0
1226,L28634,JUnitPlatformProviderTests$Sub2Tests,org.junit.platform.surefire.provider.JUnitPlatformProviderTests$Sub2Tests,L28501,L103,C:\Users\domco\Desktop\DP\repos\junit5\junit-platform-surefire-provider\src\test\java\org\junit\platform\surefire\provider\JUnitPlatformProviderTests.java,599,2,600,3,0.0,0,0,0,0.0,0.0,0,0,0,0,0,0,1,1,0,0,0,0.0,0.0,0,0,0,1,0.0,0,1,1,0,0,1,2,2,0,0,0,0,0,0,0,0,1,0,0,0,0,2,2,0,0,0,0,0,0,0,0,1,0,0,0,0,0,0,3,0,0,0,0,0,0,0,0,0,3,0,0,0,0,0,0,0,0
1227,L28581,JUnitPlatformProviderTests$TestClass3,org.junit.platform.surefire.provider.JUnitPlatformProviderTests$TestClass3,L28501,L103,C:\Users\domco\Desktop\DP\repos\junit5\junit-platform-surefire-provider\src\test\java\org\junit\platform\surefire\provider\JUnitPlatformProviderTests.java,602,2,622,3,0.0,0,0,0,0.0,0.0,0,0,4,0,0,4,1,1,0,0,4,0.0,0.0,0,0,0,1,0.0,0,0,0,0,0,0,18,21,0,0,0,0,4,0,0,0,4,4,0,0,0,18,21,0,0,0,0,4,0,0,0,4,4,0,0,0,0,0,12,8,4,4,0,4,1,0,0,4,11,0,0,0,0,0,0,0,0
1228,L28672,RunListenerAdapterTests$MyTestClass,org.junit.platform.surefire.provider.RunListenerAdapterTests$MyTestClass,L28650,L103,C:\Users\domco\Desktop\DP\repos\junit5\junit-platform-surefire-provider\src\test\java\org\junit\platform\surefire\provider\RunListenerAdapterTests.java,468,2,481,3,0.0,0,0,0,0.0,0.0,0,0,3,0,0,3,2,1,0,0,3,0.0,0.0,0,0,0,1,0.0,0,0,0,0,0,0,12,14,0,0,0,0,3,0,0,0,3,0,0,0,0,12,14,0,0,0,0,3,0,0,0,3,0,0,0,0,0,0,10,3,6,3,0,3,1,0,0,0,9,3,0,0,0,0,0,0,0
1229,L28750,TestMethodFilterTests$TestClass,org.junit.platform.surefire.provider.TestMethodFilterTests$TestClass,L28742,L103,C:\Users\domco\Desktop\DP\repos\junit5\junit-platform-surefire-provider\src\test\java\org\junit\platform\surefire\provider\TestMethodFilterTests.java,87,2,90,3,0.0,0,0,0,0.0,0.0,0,0,1,0,0,1,0,1,0,0,1,0.0,0.0,0,0,0,2,0.0,0,0,0,0,0,0,4,4,0,0,0,0,1,0,1,0,1,0,0,1,0,4,4,0,0,0,0,1,0,1,0,1,0,0,1,0,0,0,5,0,1,0,0,0,0,0,0,0,5,1,0,0,0,0,0,0,0
1230,L28774,TestPlanScannerFilterTests$EmptyClass,org.junit.platform.surefire.provider.TestPlanScannerFilterTests$EmptyClass,L28767,L103,C:\Users\domco\Desktop\DP\repos\junit5\junit-platform-surefire-provider\src\test\java\org\junit\platform\surefire\provider\TestPlanScannerFilterTests.java,79,2,80,3,0.0,0,0,0,0.0,0.0,0,0,0,0,0,0,0,1,0,0,0,0.0,0.0,0,0,0,1,0.0,0,0,0,0,0,0,2,2,0,0,0,0,0,0,0,0,0,0,0,0,0,2,2,0,0,0,0,0,0,0,0,0,0,0,0,0,0,0,3,0,0,0,0,0,0,0,0,0,3,0,0,0,0,0,0,0,0
1231,L28778,TestPlanScannerFilterTests$ClassWithMethods,org.junit.platform.surefire.provider.TestPlanScannerFilterTests$ClassWithMethods,L28767,L103,C:\Users\domco\Desktop\DP\repos\junit5\junit-platform-surefire-provider\src\test\java\org\junit\platform\surefire\provider\TestPlanScannerFilterTests.java,82,2,89,3,0.0,0,0,0,0.0,0.0,0,0,2,0,0,2,0,1,0,0,2,0.0,0.0,0,0,0,1,0.0,0,0,0,0,0,0,6,8,0,0,0,0,2,0,0,0,2,0,0,0,0,6,8,0,0,0,0,2,0,0,0,2,0,0,0,0,0,0,8,0,4,0,0,2,1,0,0,0,7,2,0,0,0,0,0,0,0
1232,L28782,TestPlanScannerFilterTests$ClassWithTestMethods,org.junit.platform.surefire.provider.TestPlanScannerFilterTests$ClassWithTestMethods,L28767,L103,C:\Users\domco\Desktop\DP\repos\junit5\junit-platform-surefire-provider\src\test\java\org\junit\platform\surefire\provider\TestPlanScannerFilterTests.java,91,2,100,3,0.0,0,0,0,0.0,0.0,0,0,2,0,0,2,1,1,0,0,2,0.0,0.0,0,0,0,2,0.0,0,0,0,0,0,0,8,10,0,0,0,0,2,0,1,0,2,0,0,1,0,8,10,0,0,0,0,2,0,1,0,2,0,0,1,0,0,0,8,2,3,2,0,1,1,0,0,0,7,2,0,0,0,0,0,0,0
1233,L28786,TestPlanScannerFilterTests$ClassWithNestedTestClass,org.junit.platform.surefire.provider.TestPlanScannerFilterTests$ClassWithNestedTestClass,L28767,L103,C:\Users\domco\Desktop\DP\repos\junit5\junit-platform-surefire-provider\src\test\java\org\junit\platform\surefire\provider\TestPlanScannerFilterTests.java,102,2,114,3,0.0,0,0,0,0.0,0.0,0,0,1,0,0,1,0,1,0,0,1,0.0,0.0,0,0,0,1,0.0,0,0,0,0,0,0,4,6,0,0,0,0,1,0,0,0,1,0,0,0,0,10,13,0,0,0,0,2,0,0,0,2,0,0,0,0,0,0,10,1,4,1,0,2,0,0,0,0,10,2,0,0,0,0,0,0,0
1234,L28790,TestPlanScannerFilterTests$ClassWithDeeplyNestedTestClass,org.junit.platform.surefire.provider.TestPlanScannerFilterTests$ClassWithDeeplyNestedTestClass,L28767,L103,C:\Users\domco\Desktop\DP\repos\junit5\junit-platform-surefire-provider\src\test\java\org\junit\platform\surefire\provider\TestPlanScannerFilterTests.java,116,2,133,3,0.0,0,0,0,0.0,0.0,0,0,0,0,0,0,0,1,0,0,0,0.0,0.0,0,0,0,1,0.0,0,0,0,0,0,0,2,3,0,0,0,0,0,0,0,0,0,0,0,0,0,14,18,0,0,0,0,1,0,0,0,1,0,0,0,0,0,0,14,1,2,1,0,1,0,0,0,0,14,1,0,0,0,0,0,0,0
1235,L28794,TestPlanScannerFilterTests$ClassWithTestFactory,org.junit.platform.surefire.provider.TestPlanScannerFilterTests$ClassWithTestFactory,L28767,L103,C:\Users\domco\Desktop\DP\repos\junit5\junit-platform-surefire-provider\src\test\java\org\junit\platform\surefire\provider\TestPlanScannerFilterTests.java,135,2,141,3,0.0,0,0,0,0.0,0.0,0,0,1,0,0,1,2,1,0,0,1,0.0,0.0,0,0,0,1,0.0,0,0,0,0,0,0,6,7,0,0,0,0,1,0,0,0,1,1,0,0,0,6,7,0,0,0,0,1,0,0,0,1,1,0,0,0,0,0,5,0,1,0,0,1,0,0,0,0,5,0,0,0,0,0,0,0,0
1236,L28798,TestPlanScannerFilterTests$ClassWithNestedTestFactory,org.junit.platform.surefire.provider.TestPlanScannerFilterTests$ClassWithNestedTestFactory,L28767,L103,C:\Users\domco\Desktop\DP\repos\junit5\junit-platform-surefire-provider\src\test\java\org\junit\platform\surefire\provider\TestPlanScannerFilterTests.java,143,2,153,3,0.0,0,0,0,0.0,0.0,0,0,0,0,0,0,0,1,0,0,0,0.0,0.0,0,0,0,1,0.0,0,0,0,0,0,0,2,3,0,0,0,0,0,0,0,0,0,0,0,0,0,9,11,0,0,0,0,1,0,0,0,1,1,0,0,0,0,0,8,0,1,0,0,1,0,0,0,0,8,0,0,0,0,0,0,0,0
1237,L18393,CollectionUtilsTests$1,org.junit.platform.commons.util.CollectionUtilsTests$1,L18390,L103,C:\Users\domco\Desktop\DP\repos\junit5\platform-tests\src\test\java\org\junit\platform\commons\util\CollectionUtilsTests.java,142,48,153,4,0.0,0,0,0,0.0,0.0,0,0,1,0,0,1,0,0,0,0,1,0.0,0.0,0,0,0,2,0.0,0,0,0,0,0,0,10,12,0,0,0,0,1,0,1,0,1,1,0,1,0,10,12,0,0,0,0,1,0,1,0,1,1,0,1,0,0,1,5,0,0,0,0,0,0,0,0,0,5,0,1,0,0,0,0,0,0
1238,L18401,CollectionUtilsTests$2,org.junit.platform.commons.util.CollectionUtilsTests$2,L18398,L103,C:\Users\domco\Desktop\DP\repos\junit5\platform-tests\src\test\java\org\junit\platform\commons\util\CollectionUtilsTests.java,167,45,173,4,0.0,0,0,0,0.0,0.0,0,0,1,0,0,1,0,0,0,0,1,0.0,0.0,0,0,0,2,0.0,0,0,0,0,0,0,6,7,0,0,0,0,1,0,1,0,1,1,0,1,0,6,7,0,0,0,0,1,0,1,0,1,1,0,1,0,0,0,5,0,0,0,0,0,0,0,0,0,5,0,0,0,0,0,0,0,0
1239,L18619,ReflectionUtilsTests$FirstClass$SecondClass,org.junit.platform.commons.util.ReflectionUtilsTests$FirstClass$SecondClass,L18614,L103,C:\Users\domco\Desktop\DP\repos\junit5\platform-tests\src\test\java\org\junit\platform\commons\util\ReflectionUtilsTests.java,1277,3,1281,4,0.0,0,0,0,0.0,0.0,0,0,0,0,0,0,0,1,0,0,0,0.0,0.0,0,0,0,1,0.0,0,0,0,0,0,0,2,3,0,0,0,0,0,0,0,0,0,0,0,0,0,4,5,0,0,0,0,0,0,0,0,0,0,0,0,0,0,0,6,0,0,0,0,0,0,0,0,0,6,0,0,0,0,0,0,0,0
1240,L18641,ReflectionUtilsTests$ClassWithNestedClasses$Nested1,org.junit.platform.commons.util.ReflectionUtilsTests$ClassWithNestedClasses$Nested1,L18638,L103,C:\Users\domco\Desktop\DP\repos\junit5\platform-tests\src\test\java\org\junit\platform\commons\util\ReflectionUtilsTests.java,1286,3,1287,4,0.0,0,0,0,0.0,0.0,0,0,0,0,0,0,0,1,0,0,0,0.0,0.0,0,0,0,1,0.0,0,0,0,0,0,0,2,2,0,0,0,0,0,0,0,0,0,0,0,0,0,2,2,0,0,0,0,0,0,0,0,0,0,0,0,0,0,0,3,0,0,0,0,0,0,0,0,0,3,0,0,0,0,0,0,0,0
1241,L18644,ReflectionUtilsTests$ClassWithNestedClasses$Nested2,org.junit.platform.commons.util.ReflectionUtilsTests$ClassWithNestedClasses$Nested2,L18638,L103,C:\Users\domco\Desktop\DP\repos\junit5\platform-tests\src\test\java\org\junit\platform\commons\util\ReflectionUtilsTests.java,1289,3,1290,4,0.0,0,0,0,0.0,0.0,0,0,0,0,0,0,0,1,0,0,0,0.0,0.0,0,0,0,1,0.0,0,0,0,0,0,0,2,2,0,0,0,0,0,0,0,0,0,0,0,0,0,2,2,0,0,0,0,0,0,0,0,0,0,0,0,0,0,0,3,0,0,0,0,0,0,0,0,0,3,0,0,0,0,0,0,0,0
1242,L18647,ReflectionUtilsTests$ClassWithNestedClasses$Nested3,org.junit.platform.commons.util.ReflectionUtilsTests$ClassWithNestedClasses$Nested3,L18638,L103,C:\Users\domco\Desktop\DP\repos\junit5\platform-tests\src\test\java\org\junit\platform\commons\util\ReflectionUtilsTests.java,1292,3,1293,4,0.0,0,0,0,0.0,0.0,0,0,0,0,0,0,0,1,0,0,0,0.0,0.0,0,0,0,1,0.0,0,0,0,0,0,0,2,2,0,0,0,0,0,0,0,0,0,0,0,0,0,2,2,0,0,0,0,0,0,0,0,0,0,0,0,0,0,0,3,0,0,0,0,0,0,0,0,0,3,0,0,0,0,0,0,0,0
1243,L18653,ReflectionUtilsTests$InterfaceWithNestedClass$Nested4,org.junit.platform.commons.util.ReflectionUtilsTests$InterfaceWithNestedClass$Nested4,L18910,L103,C:\Users\domco\Desktop\DP\repos\junit5\platform-tests\src\test\java\org\junit\platform\commons\util\ReflectionUtilsTests.java,1298,3,1299,4,0.0,0,0,0,0.0,0.0,0,0,0,0,0,0,0,1,0,0,0,0.0,0.0,0,0,0,1,0.0,0,0,0,0,0,0,2,2,0,0,0,0,0,0,0,0,0,0,0,0,0,2,2,0,0,0,0,0,0,0,0,0,0,0,0,0,0,0,3,0,0,0,0,0,0,0,0,0,3,0,0,0,0,0,0,0,0
1244,L18656,ReflectionUtilsTests$Interface45$Nested5,org.junit.platform.commons.util.ReflectionUtilsTests$Interface45$Nested5,L18912,L103,C:\Users\domco\Desktop\DP\repos\junit5\platform-tests\src\test\java\org\junit\platform\commons\util\ReflectionUtilsTests.java,1304,3,1305,4,0.0,0,0,0,0.0,0.0,0,0,0,0,0,0,0,1,0,0,0,0.0,0.0,0,0,0,1,0.0,0,0,0,0,0,0,2,2,0,0,0,0,0,0,0,0,0,0,0,0,0,2,2,0,0,0,0,0,0,0,0,0,0,0,0,0,0,0,3,0,0,0,0,0,0,0,0,0,3,0,0,0,0,0,0,0,0
1245,L19080,ToStringBuilderTests$1,org.junit.platform.commons.util.ToStringBuilderTests$1,L19077,L103,C:\Users\domco\Desktop\DP\repos\junit5\platform-tests\src\test\java\org\junit\platform\commons\util\ToStringBuilderTests.java,132,50,135,5,0.0,0,0,0,0.0,0.0,0,0,0,0,0,0,0,0,0,0,0,0.0,0.0,0,0,0,1,0.0,0,0,0,0,0,0,4,4,0,0,0,0,0,0,0,0,0,0,0,0,0,4,4,0,0,0,0,0,0,0,0,0,0,0,0,0,0,1,3,0,0,0,0,0,0,0,0,0,3,0,1,0,0,0,0,0,0
1246,L18624,ReflectionUtilsTests$FirstClass$SecondClass$ThirdClass,org.junit.platform.commons.util.ReflectionUtilsTests$FirstClass$SecondClass$ThirdClass,L18619,L103,C:\Users\domco\Desktop\DP\repos\junit5\platform-tests\src\test\java\org\junit\platform\commons\util\ReflectionUtilsTests.java,1279,4,1280,5,0.0,0,0,0,0.0,0.0,0,0,0,0,0,0,0,1,0,0,0,0.0,0.0,0,0,0,1,0.0,0,0,0,0,0,0,2,2,0,0,0,0,0,0,0,0,0,0,0,0,0,2,2,0,0,0,0,0,0,0,0,0,0,0,0,0,0,0,3,0,0,0,0,0,0,0,0,0,3,0,0,0,0,0,0,0,0
1247,L20168,PicocliCommandLineOptionsParserTests$1,org.junit.platform.console.options.PicocliCommandLineOptionsParserTests$1,L20165,L103,C:\Users\domco\Desktop\DP\repos\junit5\platform-tests\src\test\java\org\junit\platform\console\options\PicocliCommandLineOptionsParserTests.java,549,32,563,4,0.0,0,0,0,0.0,0.0,0,0,3,0,0,3,0,0,0,0,3,0.0,0.0,0,0,0,4,0.0,0,0,0,0,0,0,12,15,0,0,0,0,3,0,3,0,3,1,0,3,0,12,15,0,0,0,0,3,0,3,0,3,1,0,3,0,0,0,10,0,2,0,0,0,1,0,0,0,9,2,0,0,0,0,0,0,0
1248,L20189,PicocliCommandLineOptionsParserTests$ArgsType$1,org.junit.platform.console.options.PicocliCommandLineOptionsParserTests$ArgsType$1,L20089,L103,C:\Users\domco\Desktop\DP\repos\junit5\platform-tests\src\test\java\org\junit\platform\console\options\PicocliCommandLineOptionsParserTests.java,591,3,595,4,0.0,0,0,0,0.0,0.0,0,0,1,0,0,1,2,0,0,0,1,0.0,0.0,0,0,0,1,0.0,0,1,1,0,0,1,5,5,2,0,0,0,1,0,0,0,2,1,2,0,0,5,5,2,0,0,0,1,0,0,0,2,1,2,0,0,0,0,7,0,0,0,0,0,0,0,0,0,5,0,0,0,0,0,0,2,0
1249,L20197,PicocliCommandLineOptionsParserTests$ArgsType$2,org.junit.platform.console.options.PicocliCommandLineOptionsParserTests$ArgsType$2,L20089,L103,C:\Users\domco\Desktop\DP\repos\junit5\platform-tests\src\test\java\org\junit\platform\console\options\PicocliCommandLineOptionsParserTests.java,596,3,608,4,0.0,0,0,0,0.0,0.0,0,0,1,1,1,1,2,0,0,0,1,0.0,0.0,0,0,0,1,0.0,0,1,1,0,0,1,13,13,2,0,0,0,1,0,0,0,2,6,2,0,0,13,13,2,0,0,0,1,0,0,0,2,6,2,0,0,0,0,7,0,1,0,0,1,0,0,0,0,5,0,0,0,0,0,0,2,0
1250,L21687,XmlReportWriterTests$1,org.junit.platform.console.tasks.XmlReportWriterTests$1,L21684,L103,C:\Users\domco\Desktop\DP\repos\junit5\platform-tests\src\test\java\org\junit\platform\console\tasks\XmlReportWriterTests.java,148,93,153,4,0.0,0,0,0,0.0,0.0,0,0,0,0,0,1,1,0,0,0,1,0.0,0.0,0,0,0,2,0.0,0,3,3,0,0,1,6,6,5,9,0,1,1,0,1,0,27,1,0,25,1,6,6,5,9,0,1,1,0,1,0,27,1,0,25,1,0,0,5,0,0,0,0,0,0,0,0,0,5,0,0,0,0,0,0,0,0
1251,L21693,XmlReportWriterTests$2,org.junit.platform.console.tasks.XmlReportWriterTests$2,L21684,L103,C:\Users\domco\Desktop\DP\repos\junit5\platform-tests\src\test\java\org\junit\platform\console\tasks\XmlReportWriterTests.java,155,81,160,4,0.0,0,0,0,0.0,0.0,0,0,0,0,0,1,1,0,0,0,1,0.0,0.0,0,0,0,2,0.0,0,3,3,0,0,1,6,6,5,9,0,1,1,0,1,0,27,1,0,25,1,6,6,5,9,0,1,1,0,1,0,27,1,0,25,1,0,0,5,0,0,0,0,0,0,0,0,0,5,0,0,0,0,0,0,0,0
1252,L23695,CompositeLock$CompositeLockManagedBlocker,org.junit.platform.engine.support.hierarchical.CompositeLock$CompositeLockManagedBlocker,L23678,L103,C:\Users\domco\Desktop\DP\repos\junit5\junit-platform-engine\src\main\java\org\junit\platform\engine\support\hierarchical\CompositeLock.java,65,2,81,3,0.0,0,0,0,0.0,0.0,0,0,1,0,0,2,1,1,0,1,3,0.0,0.0,0,0,0,3,0.0,0,0,0,0,0,0,13,17,1,0,1,0,2,0,2,0,2,4,0,2,0,13,17,1,0,1,0,2,0,2,0,2,4,0,2,0,0,0,7,0,0,0,0,0,0,0,0,0,7,0,0,0,0,0,0,0,0
1253,L23760,DefaultParallelExecutionConfigurationStrategy$1,org.junit.platform.engine.support.hierarchical.DefaultParallelExecutionConfigurationStrategy$1,L23747,L103,C:\Users\domco\Desktop\DP\repos\junit5\junit-platform-engine\src\main\java\org\junit\platform\engine\support\hierarchical\DefaultParallelExecutionConfigurationStrategy.java,36,2,47,3,0.0,0,0,0,0.0,0.0,0,0,1,0,0,1,4,0,0,1,2,0.0,0.0,0,0,0,2,0.0,0,2,2,0,0,1,11,12,8,1,0,0,1,0,1,0,2,2,7,1,0,11,12,8,1,0,0,1,0,1,0,2,2,7,1,0,0,0,7,0,0,0,0,0,0,0,0,0,5,0,0,0,0,0,0,2,0
1254,L23772,DefaultParallelExecutionConfigurationStrategy$2,org.junit.platform.engine.support.hierarchical.DefaultParallelExecutionConfigurationStrategy$2,L23747,L103,C:\Users\domco\Desktop\DP\repos\junit5\junit-platform-engine\src\main\java\org\junit\platform\engine\support\hierarchical\DefaultParallelExecutionConfigurationStrategy.java,54,2,70,3,0.0,0,0,0,0.0,0.0,0,0,1,0,0,1,4,0,0,1,2,0.0,0.0,0,0,0,2,0.0,0,2,2,0,0,1,14,17,8,1,0,0,1,0,1,0,2,4,7,1,0,14,17,8,1,0,0,1,0,1,0,2,4,7,1,0,0,0,7,0,0,0,0,0,0,0,0,0,5,0,0,0,0,0,0,2,0
1255,L23792,DefaultParallelExecutionConfigurationStrategy$3,org.junit.platform.engine.support.hierarchical.DefaultParallelExecutionConfigurationStrategy$3,L23747,L103,C:\Users\domco\Desktop\DP\repos\junit5\junit-platform-engine\src\main\java\org\junit\platform\engine\support\hierarchical\DefaultParallelExecutionConfigurationStrategy.java,77,2,98,3,0.0,0,0,0,0.0,0.0,0,0,1,0,0,1,4,0,0,0,1,0.0,0.0,0,0,0,2,0.0,0,2,2,0,0,1,16,22,8,1,0,0,1,0,1,0,2,5,7,1,0,16,22,8,1,0,0,1,0,1,0,2,5,7,1,0,0,0,7,0,0,0,0,0,0,0,0,0,5,0,0,0,0,0,0,2,0
1256,L23888,ForkJoinPoolHierarchicalTestExecutorService$ExclusiveTask,org.junit.platform.engine.support.hierarchical.ForkJoinPoolHierarchicalTestExecutorService$ExclusiveTask,L11936,L103,C:\Users\domco\Desktop\DP\repos\junit5\junit-platform-engine\src\main\java\org\junit\platform\engine\support\hierarchical\ForkJoinPoolHierarchicalTestExecutorService.java,156,2,176,3,0.0,0,0,0,0.0,0.0,0,0,1,1,1,3,3,1,4,4,6,0.5,0.0555556,1,1,1,1,0.0555556,1,0,0,0,0,0,17,21,1,0,1,0,2,0,1,0,2,4,0,1,0,17,21,1,0,1,0,2,0,1,0,2,4,0,1,0,0,0,7,0,0,0,0,0,0,0,0,0,7,0,0,0,0,0,0,0,0
1257,L6912,Node$SkipResult,org.junit.platform.engine.support.hierarchical.Node$SkipResult,L6988,L103,C:\Users\domco\Desktop\DP\repos\junit5\junit-platform-engine\src\main\java\org\junit\platform\engine\support\hierarchical\Node.java,160,2,223,3,0.0,0,0,0,0.0,0.0,0,0,2,0,0,6,1,8,10,3,9,0.833333,0.540984,33,31,5,1,0.540984,33,0,0,0,0,0,28,64,3,1,3,1,6,0,5,0,6,7,0,5,0,28,64,3,1,3,1,6,0,5,0,6,7,0,5,0,0,0,6,0,0,0,0,0,1,0,0,0,5,0,0,0,0,0,0,0,0
1258,L24240,NodeTestTask$1,org.junit.platform.engine.support.hierarchical.NodeTestTask$1,L24006,L103,C:\Users\domco\Desktop\DP\repos\junit5\junit-platform-engine\src\main\java\org\junit\platform\engine\support\hierarchical\NodeTestTask.java,187,50,188,3,0.0,0,0,0,0.0,0.0,0,0,0,0,0,0,2,0,0,0,0,0.0,0.0,0,0,0,1,0.0,0,1,1,0,0,1,2,2,0,2,0,0,0,0,0,0,8,0,0,8,0,2,2,0,2,0,0,0,0,0,0,8,0,0,8,0,0,0,3,0,0,0,0,0,0,0,0,0,3,0,0,0,0,0,0,0,0
1259,L24300,SingleLock$SingleLockManagedBlocker,org.junit.platform.engine.support.hierarchical.SingleLock$SingleLockManagedBlocker,L24083,L103,C:\Users\domco\Desktop\DP\repos\junit5\junit-platform-engine\src\main\java\org\junit\platform\engine\support\hierarchical\SingleLock.java,43,2,59,3,0.0,0,0,0,0.0,0.0,0,0,1,0,0,3,1,1,0,0,2,0.0,0.0,0,0,0,3,0.0,0,0,0,0,0,0,13,17,1,0,1,0,2,0,2,0,2,4,0,2,0,13,17,1,0,1,0,2,0,2,0,2,4,0,2,0,0,0,7,0,0,0,0,0,0,0,0,0,7,0,0,0,0,0,0,0,0
1260,L24392,DefaultParallelExecutionConfigurationStrategyTests$CustomParallelExecutionConfigurationStrategy,org.junit.platform.engine.support.hierarchical.DefaultParallelExecutionConfigurationStrategyTests$CustomParallelExecutionConfigurationStrategy,L24381,L103,C:\Users\domco\Desktop\DP\repos\junit5\platform-tests\src\test\java\org\junit\platform\engine\support\hierarchical\DefaultParallelExecutionConfigurationStrategyTests.java,177,2,182,3,0.0,0,0,0,0.0,0.0,0,0,1,0,0,1,4,1,0,1,2,0.0,0.0,0,0,0,2,0.0,0,1,1,0,0,1,6,6,0,0,0,0,1,0,1,0,1,1,0,1,0,6,6,0,0,0,0,1,0,1,0,1,1,0,1,0,0,0,5,0,0,0,0,0,0,0,0,0,5,0,0,0,0,0,0,0,0
1261,L24539,HierarchicalTestExecutorTests$MyEngineExecutionContext,org.junit.platform.engine.support.hierarchical.HierarchicalTestExecutorTests$MyEngineExecutionContext,L24530,L103,C:\Users\domco\Desktop\DP\repos\junit5\platform-tests\src\test\java\org\junit\platform\engine\support\hierarchical\HierarchicalTestExecutorTests.java,604,2,605,3,0.0,0,0,0,0.0,0.0,0,0,0,0,0,0,1,5,0,0,0,1.0,0.333333,1,1,1,0,0.333333,1,1,1,0,0,1,2,2,0,0,0,0,0,0,0,0,0,0,0,0,0,2,2,0,0,0,0,0,0,0,0,0,0,0,0,0,0,0,0,0,0,0,0,0,0,0,0,0,0,0,0,0,0,0,0,0,0
1262,L24534,HierarchicalTestExecutorTests$MyContainer,org.junit.platform.engine.support.hierarchical.HierarchicalTestExecutorTests$MyContainer,L24530,L103,C:\Users\domco\Desktop\DP\repos\junit5\platform-tests\src\test\java\org\junit\platform\engine\support\hierarchical\HierarchicalTestExecutorTests.java,607,2,617,3,0.0,0,0,0,0.0,0.0,0,0,0,0,0,2,6,1,6,2,4,0.0,0.0,0,0,0,2,0.0,0,2,3,0,0,2,9,11,5,11,0,1,2,0,1,0,35,2,0,32,1,9,11,5,11,0,1,2,0,1,0,35,2,0,32,1,0,0,8,0,0,0,0,0,0,0,0,0,7,0,0,1,0,0,0,0,0
1263,L24561,HierarchicalTestExecutorTests$MyLeaf,org.junit.platform.engine.support.hierarchical.HierarchicalTestExecutorTests$MyLeaf,L24530,L103,C:\Users\domco\Desktop\DP\repos\junit5\platform-tests\src\test\java\org\junit\platform\engine\support\hierarchical\HierarchicalTestExecutorTests.java,619,2,635,3,0.0,0,0,0,0.0,0.0,0,0,1,0,0,3,7,1,11,2,5,0.0,0.0,0,0,0,3,0.0,0,2,3,0,0,2,14,17,5,11,0,1,3,0,2,0,35,3,0,32,1,14,17,5,11,0,1,3,0,2,0,35,3,0,32,1,0,0,10,0,0,0,0,0,0,0,0,0,9,0,0,1,0,0,0,0,0
1264,L24585,HierarchicalTestExecutorTests$MyContainerAndTestTestCase,org.junit.platform.engine.support.hierarchical.HierarchicalTestExecutorTests$MyContainerAndTestTestCase,L24530,L103,C:\Users\domco\Desktop\DP\repos\junit5\platform-tests\src\test\java\org\junit\platform\engine\support\hierarchical\HierarchicalTestExecutorTests.java,637,2,648,3,0.0,0,0,0,0.0,0.0,0,0,0,0,0,2,6,1,1,2,4,0.0,0.0,0,0,0,2,0.0,0,2,3,0,0,2,10,12,5,11,0,1,2,0,1,0,35,2,0,32,1,10,12,5,11,0,1,2,0,1,0,35,2,0,32,1,0,0,8,0,0,0,0,0,0,0,0,0,7,0,0,1,0,0,0,0,0
1265,L24550,HierarchicalTestExecutorTests$MyExecutor,org.junit.platform.engine.support.hierarchical.HierarchicalTestExecutorTests$MyExecutor,L24530,L103,C:\Users\domco\Desktop\DP\repos\junit5\platform-tests\src\test\java\org\junit\platform\engine\support\hierarchical\HierarchicalTestExecutorTests.java,650,2,656,3,0.0,0,0,0,0.0,0.0,0,0,0,0,0,1,4,1,1,1,2,0.0,0.0,0,0,0,1,0.0,0,1,1,0,0,1,6,7,4,0,0,0,1,0,0,0,4,1,0,0,0,6,7,4,0,0,0,1,0,0,0,4,1,0,0,0,0,0,5,0,0,0,0,0,0,0,0,0,5,0,0,0,0,0,0,0,0
1266,L24653,NodeTestTaskWalkerIntegrationTests$TestCaseWithResourceLock,org.junit.platform.engine.support.hierarchical.NodeTestTaskWalkerIntegrationTests$TestCaseWithResourceLock,L24647,L103,C:\Users\domco\Desktop\DP\repos\junit5\platform-tests\src\test\java\org\junit\platform\engine\support\hierarchical\NodeTestTaskWalkerIntegrationTests.java,81,2,87,3,0.0,0,0,0,0.0,0.0,0,0,1,0,0,1,2,1,0,0,1,0.0,0.0,0,0,0,1,0.0,0,0,0,0,0,0,7,7,0,0,0,0,1,0,0,0,1,0,0,0,0,7,7,0,0,0,0,1,0,0,0,1,0,0,0,0,0,0,5,1,2,1,0,1,0,0,0,0,5,1,0,0,0,0,0,0,1.0
1267,L24659,NodeTestTaskWalkerIntegrationTests$TestCaseWithoutResourceLock,org.junit.platform.engine.support.hierarchical.NodeTestTaskWalkerIntegrationTests$TestCaseWithoutResourceLock,L24647,L103,C:\Users\domco\Desktop\DP\repos\junit5\platform-tests\src\test\java\org\junit\platform\engine\support\hierarchical\NodeTestTaskWalkerIntegrationTests.java,89,2,103,3,0.0,0,0,0,0.0,0.0,0,0,1,0,0,1,2,1,0,0,1,0.0,0.0,0,0,0,1,0.0,0,0,0,0,0,0,6,7,0,0,0,0,1,0,0,0,1,0,0,0,0,14,15,0,0,0,0,2,0,0,0,2,0,0,0,0,0,0,10,2,4,2,0,2,0,0,0,0,10,2,0,0,0,0,0,0,1.0
1268,L24683,ParallelExecutionIntegrationTests$SuccessfulParallelTestCase,org.junit.platform.engine.support.hierarchical.ParallelExecutionIntegrationTests$SuccessfulParallelTestCase,L24676,L103,C:\Users\domco\Desktop\DP\repos\junit5\platform-tests\src\test\java\org\junit\platform\engine\support\hierarchical\ParallelExecutionIntegrationTests.java,140,2,166,3,0.0,0,0,0,0.0,0.0,0,0,1,0,0,4,6,1,0,1,5,0.0,0.0,0,0,0,1,0.0,0,0,0,0,0,0,22,27,2,0,2,0,4,0,0,0,4,5,0,0,0,22,27,2,0,2,0,4,0,0,0,4,5,0,0,0,0,0,11,6,6,3,0,6,0,0,0,3,11,0,0,0,0,0,0,0,1.0
1269,L24694,ParallelExecutionIntegrationTests$FailingWithoutLockTestCase,org.junit.platform.engine.support.hierarchical.ParallelExecutionIntegrationTests$FailingWithoutLockTestCase,L24676,L103,C:\Users\domco\Desktop\DP\repos\junit5\platform-tests\src\test\java\org\junit\platform\engine\support\hierarchical\ParallelExecutionIntegrationTests.java,168,2,194,3,0.0,0,0,0,0.0,0.0,0,0,1,0,0,4,6,1,0,1,5,0.0,0.0,0,0,0,1,0.0,0,0,0,0,0,0,22,27,2,0,2,0,4,0,0,0,4,5,0,0,0,22,27,2,0,2,0,4,0,0,0,4,5,0,0,0,0,0,11,6,6,3,0,6,0,0,0,3,11,0,0,0,0,0,0,0,1.0
1270,L24698,ParallelExecutionIntegrationTests$SuccessfulWithMethodLockTestCase,org.junit.platform.engine.support.hierarchical.ParallelExecutionIntegrationTests$SuccessfulWithMethodLockTestCase,L24676,L103,C:\Users\domco\Desktop\DP\repos\junit5\platform-tests\src\test\java\org\junit\platform\engine\support\hierarchical\ParallelExecutionIntegrationTests.java,196,2,225,3,0.0,0,0,0,0.0,0.0,0,0,1,0,0,4,7,1,0,1,5,0.0,0.0,0,0,0,1,0.0,0,0,0,0,0,0,25,30,2,0,2,0,4,0,0,0,4,5,0,0,0,25,30,2,0,2,0,4,0,0,0,4,5,0,0,0,0,0,11,7,6,3,0,6,0,0,0,3,11,0,1,0,0,0,0,0,1.0
1271,L24702,ParallelExecutionIntegrationTests$SuccessfulWithClassLockTestCase,org.junit.platform.engine.support.hierarchical.ParallelExecutionIntegrationTests$SuccessfulWithClassLockTestCase,L24676,L103,C:\Users\domco\Desktop\DP\repos\junit5\platform-tests\src\test\java\org\junit\platform\engine\support\hierarchical\ParallelExecutionIntegrationTests.java,227,2,254,3,0.0,0,0,0,0.0,0.0,0,0,1,0,0,4,6,1,0,1,5,0.0,0.0,0,0,0,1,0.0,0,0,0,0,0,0,23,28,2,0,2,0,4,0,0,0,4,5,0,0,0,23,28,2,0,2,0,4,0,0,0,4,5,0,0,0,0,0,11,6,6,3,0,6,0,0,0,3,11,0,0,0,0,0,0,0,0
1272,L24706,ParallelExecutionIntegrationTests$TestCaseWithTestFactory,org.junit.platform.engine.support.hierarchical.ParallelExecutionIntegrationTests$TestCaseWithTestFactory,L24676,L103,C:\Users\domco\Desktop\DP\repos\junit5\platform-tests\src\test\java\org\junit\platform\engine\support\hierarchical\ParallelExecutionIntegrationTests.java,256,2,267,3,0.0,0,0,0,0.0,0.0,0,0,1,0,0,1,5,1,0,0,1,0.0,0.0,0,0,0,1,0.0,0,0,0,0,0,0,10,12,0,0,0,0,1,0,0,0,1,3,0,0,0,10,12,0,0,0,0,1,0,0,0,1,3,0,0,0,0,0,5,0,1,0,0,1,0,0,0,0,5,0,0,0,0,0,0,0,1.0
1273,L24710,ParallelExecutionIntegrationTests$TestCaseWithSortedLocks,org.junit.platform.engine.support.hierarchical.ParallelExecutionIntegrationTests$TestCaseWithSortedLocks,L24676,L103,C:\Users\domco\Desktop\DP\repos\junit5\platform-tests\src\test\java\org\junit\platform\engine\support\hierarchical\ParallelExecutionIntegrationTests.java,272,2,302,3,0.0,0,0,0,0.0,0.0,0,0,4,0,0,4,9,1,0,1,5,0.0,0.0,0,0,0,1,0.0,0,0,0,0,0,0,28,31,0,0,0,0,4,0,0,0,4,8,0,0,0,28,31,0,0,0,0,4,0,0,0,4,8,0,0,0,0,0,12,0,13,9,0,4,1,0,0,0,11,0,0,0,0,0,0,0,0
1274,L24713,ParallelExecutionIntegrationTests$TestCaseWithUnsortedLocks,org.junit.platform.engine.support.hierarchical.ParallelExecutionIntegrationTests$TestCaseWithUnsortedLocks,L24676,L103,C:\Users\domco\Desktop\DP\repos\junit5\platform-tests\src\test\java\org\junit\platform\engine\support\hierarchical\ParallelExecutionIntegrationTests.java,304,2,334,3,0.0,0,0,0,0.0,0.0,0,0,4,0,0,4,9,1,0,1,5,0.0,0.0,0,0,0,1,0.0,0,0,0,0,0,0,28,31,0,0,0,0,4,0,0,0,4,8,0,0,0,28,31,0,0,0,0,4,0,0,0,4,8,0,0,0,0,0,12,0,13,9,0,4,1,0,0,0,11,0,0,0,0,0,0,0,0
1275,L24717,ParallelExecutionIntegrationTests$TestCaseWithNestedLocks,org.junit.platform.engine.support.hierarchical.ParallelExecutionIntegrationTests$TestCaseWithNestedLocks,L24676,L103,C:\Users\domco\Desktop\DP\repos\junit5\platform-tests\src\test\java\org\junit\platform\engine\support\hierarchical\ParallelExecutionIntegrationTests.java,336,2,391,3,0.0,0,0,0,0.0,0.0,0,0,4,0,0,4,9,1,0,1,5,0.0,0.0,0,0,0,1,0.0,0,0,0,0,0,0,27,32,0,0,0,0,4,0,0,0,4,8,0,0,0,48,56,0,0,0,0,7,0,0,0,7,14,0,0,0,0,0,22,0,26,18,0,8,2,0,0,0,20,0,0,0,0,0,0,0,0
1276,L24722,ParallelExecutionIntegrationTests$ThreadReporter,org.junit.platform.engine.support.hierarchical.ParallelExecutionIntegrationTests$ThreadReporter,L24676,L103,C:\Users\domco\Desktop\DP\repos\junit5\platform-tests\src\test\java\org\junit\platform\engine\support\hierarchical\ParallelExecutionIntegrationTests.java,419,2,439,3,0.0,0,0,0,0.0,0.0,0,0,1,0,0,2,3,8,6,1,3,0.0,0.111111,2,0,0,2,0.111111,2,2,2,0,0,1,16,21,1,1,1,1,2,1,1,0,2,2,1,1,0,16,21,1,1,1,1,2,1,1,0,2,2,1,1,0,0,0,11,0,0,0,0,0,0,0,0,0,7,0,0,0,0,0,0,4,1.0
1277,L24673,NodeTestTaskWalkerIntegrationTests$TestCaseWithoutResourceLock$NestedTestCaseWithResourceLock,org.junit.platform.engine.support.hierarchical.NodeTestTaskWalkerIntegrationTests$TestCaseWithoutResourceLock$NestedTestCaseWithResourceLock,L24659,L103,C:\Users\domco\Desktop\DP\repos\junit5\platform-tests\src\test\java\org\junit\platform\engine\support\hierarchical\NodeTestTaskWalkerIntegrationTests.java,95,3,102,4,0.0,0,0,0,0.0,0.0,0,0,1,0,0,1,3,0,0,0,1,0.0,0.0,0,0,0,1,0.0,0,0,0,0,0,0,8,8,0,0,0,0,1,0,0,0,1,0,0,0,0,8,8,0,0,0,0,1,0,0,0,1,0,0,0,0,0,0,5,1,2,1,0,1,0,0,0,0,5,1,0,0,0,0,0,0,1.0
1278,L24800,ParallelExecutionIntegrationTests$TestCaseWithNestedLocks$B,org.junit.platform.engine.support.hierarchical.ParallelExecutionIntegrationTests$TestCaseWithNestedLocks$B,L24717,L103,C:\Users\domco\Desktop\DP\repos\junit5\platform-tests\src\test\java\org\junit\platform\engine\support\hierarchical\ParallelExecutionIntegrationTests.java,367,3,390,4,0.0,0,0,0,0.0,0.0,0,0,3,0,0,3,5,0,0,1,4,0.0,0.0,0,0,0,1,0.0,0,0,0,0,0,0,21,24,0,0,0,0,3,0,0,0,3,6,0,0,0,21,24,0,0,0,0,3,0,0,0,3,6,0,0,0,0,0,10,0,13,9,0,4,1,0,0,0,9,0,0,0,0,0,0,0,0
1279,L26190,DefaultLauncherTests$1,org.junit.platform.launcher.core.DefaultLauncherTests$1,L26187,L103,C:\Users\domco\Desktop\DP\repos\junit5\platform-tests\src\test\java\org\junit\platform\launcher\core\DefaultLauncherTests.java,129,44,135,4,0.0,0,0,0,0.0,0.0,0,0,1,0,0,1,4,0,0,0,1,0.0,0.0,0,0,0,2,0.0,0,2,2,0,0,1,6,7,1,4,0,0,1,0,1,0,9,1,0,9,0,6,7,1,4,0,0,1,0,1,0,9,1,0,9,0,0,0,5,0,0,0,0,0,0,0,0,0,5,0,0,0,0,0,0,0,0
1280,L26198,DefaultLauncherTests$2,org.junit.platform.launcher.core.DefaultLauncherTests$2,L26195,L103,C:\Users\domco\Desktop\DP\repos\junit5\platform-tests\src\test\java\org\junit\platform\launcher\core\DefaultLauncherTests.java,143,44,149,4,1.0,1,1,1,1.0,1.0,7,6,1,0,0,1,4,0,0,0,1,0.0,0.0,0,0,0,2,0.0,0,2,2,0,0,1,6,7,1,4,0,0,1,0,1,0,9,1,0,9,0,6,7,1,4,0,0,1,0,1,0,9,1,0,9,0,0,0,15,1,0,0,10,0,0,0,0,1,5,0,0,0,0,0,0,0,0
1281,L26207,DefaultLauncherTests$3,org.junit.platform.launcher.core.DefaultLauncherTests$3,L26204,L103,C:\Users\domco\Desktop\DP\repos\junit5\platform-tests\src\test\java\org\junit\platform\launcher\core\DefaultLauncherTests.java,157,44,163,4,1.0,1,1,1,1.0,1.0,7,6,1,0,0,1,4,0,0,0,1,0.0,0.0,0,0,0,2,0.0,0,2,2,0,0,1,6,7,1,4,0,0,1,0,1,0,9,1,0,9,0,6,7,1,4,0,0,1,0,1,0,9,1,0,9,0,0,0,15,1,0,0,10,0,0,0,0,1,5,0,0,0,0,0,0,0,0
1282,L26242,DefaultLauncherTests$4,org.junit.platform.launcher.core.DefaultLauncherTests$4,L26239,L103,C:\Users\domco\Desktop\DP\repos\junit5\platform-tests\src\test\java\org\junit\platform\launcher\core\DefaultLauncherTests.java,398,46,417,4,0.0,0,0,0,0.0,0.0,0,0,1,0,0,1,6,0,0,6,7,0.0,0.0,0,0,0,2,0.0,0,2,2,0,0,1,14,15,4,4,0,0,1,0,1,0,7,6,4,7,0,18,20,9,14,0,1,2,0,2,0,35,7,4,33,1,0,0,12,0,0,0,0,0,0,0,0,0,10,0,0,0,0,0,0,2,0
1283,L26258,DefaultLauncherTests$5,org.junit.platform.launcher.core.DefaultLauncherTests$5,L26255,L103,C:\Users\domco\Desktop\DP\repos\junit5\platform-tests\src\test\java\org\junit\platform\launcher\core\DefaultLauncherTests.java,434,46,468,4,0.0,0,0,0,0.0,0.0,0,0,2,0,0,2,10,0,0,14,16,0.0,0.0,0,0,0,3,0.0,0,2,2,0,0,1,25,30,4,4,0,0,2,0,2,0,8,16,4,8,0,29,35,9,14,0,1,3,0,3,0,36,17,4,34,1,0,0,16,0,0,0,0,0,1,0,1,0,12,0,0,0,0,0,0,2,0
1284,L26320,LauncherConfigTests$1,org.junit.platform.launcher.core.LauncherConfigTests$1,L26317,L103,C:\Users\domco\Desktop\DP\repos\junit5\platform-tests\src\test\java\org\junit\platform\launcher\core\LauncherConfigTests.java,39,64,40,4,0.0,0,0,0,0.0,0.0,0,0,0,0,0,0,1,0,0,0,0,0.0,0.0,0,0,0,1,0.0,0,1,1,0,0,1,2,2,0,0,0,0,0,0,0,0,7,0,0,7,0,2,2,0,0,0,0,0,0,0,0,7,0,0,7,0,0,0,3,0,0,0,0,0,0,0,0,0,3,0,0,0,0,0,0,0,0
1285,L26328,LauncherConfigTests$2,org.junit.platform.launcher.core.LauncherConfigTests$2,L26325,L103,C:\Users\domco\Desktop\DP\repos\junit5\platform-tests\src\test\java\org\junit\platform\launcher\core\LauncherConfigTests.java,87,61,88,4,0.0,0,0,0,0.0,0.0,0,0,0,0,0,0,1,0,0,0,0,0.0,0.0,0,0,0,1,0.0,0,1,1,0,0,1,2,2,0,0,0,0,0,0,0,0,7,0,0,7,0,2,2,0,0,0,0,0,0,0,0,7,0,0,7,0,0,0,3,0,0,0,0,0,0,0,0,0,3,0,0,0,0,0,0,0,0
1286,L26331,LauncherConfigTests$3,org.junit.platform.launcher.core.LauncherConfigTests$3,L26325,L103,C:\Users\domco\Desktop\DP\repos\junit5\platform-tests\src\test\java\org\junit\platform\launcher\core\LauncherConfigTests.java,89,62,90,4,0.0,0,0,0,0.0,0.0,0,0,0,0,0,0,1,0,0,0,0,0.0,0.0,0,0,0,1,0.0,0,1,1,0,0,1,2,2,0,0,0,0,0,0,0,0,7,0,0,7,0,2,2,0,0,0,0,0,0,0,0,7,0,0,7,0,0,0,3,0,0,0,0,0,0,0,0,0,3,0,0,0,0,0,0,0,0
1287,L26842,LegacyReportingUtilsTests$1,org.junit.platform.launcher.listeners.LegacyReportingUtilsTests$1,L26829,L103,C:\Users\domco\Desktop\DP\repos\junit5\platform-tests\src\test\java\org\junit\platform\launcher\listeners\LegacyReportingUtilsTests.java,69,68,74,4,0.0,0,0,0,0.0,0.0,0,0,0,0,0,1,2,0,0,0,1,0.0,0.0,0,0,0,2,0.0,0,2,2,0,0,1,6,6,5,9,0,1,1,0,1,0,26,1,0,24,1,6,6,5,9,0,1,1,0,1,0,26,1,0,24,1,0,0,5,0,0,0,0,0,0,0,0,0,5,0,0,0,0,0,0,0,0
1288,L26875,SummaryGenerationTests$1,org.junit.platform.launcher.listeners.SummaryGenerationTests$1,L26872,L103,C:\Users\domco\Desktop\DP\repos\junit5\platform-tests\src\test\java\org\junit\platform\launcher\listeners\SummaryGenerationTests.java,134,105,140,4,0.0,0,0,0,0.0,0.0,0,0,0,0,0,1,3,0,0,1,2,0.0,0.0,0,0,0,2,0.0,0,3,3,0,0,1,6,7,5,10,0,1,1,0,1,0,28,1,0,26,1,6,7,5,10,0,1,1,0,1,0,28,1,0,26,1,0,0,5,0,0,0,0,0,0,0,0,0,5,0,0,0,0,0,0,0,0
1289,L26884,SummaryGenerationTests$2,org.junit.platform.launcher.listeners.SummaryGenerationTests$2,L26881,L103,C:\Users\domco\Desktop\DP\repos\junit5\platform-tests\src\test\java\org\junit\platform\launcher\listeners\SummaryGenerationTests.java,156,105,162,4,0.0,0,0,0,0.0,0.0,0,0,0,0,0,1,3,0,0,1,2,0.0,0.0,0,0,0,2,0.0,0,3,3,0,0,1,6,7,5,10,0,1,1,0,1,0,28,1,0,26,1,6,7,5,10,0,1,1,0,1,0,28,1,0,26,1,0,0,5,0,0,0,0,0,0,0,0,0,5,0,0,0,0,0,0,0,0
1290,L26892,SummaryGenerationTests$3,org.junit.platform.launcher.listeners.SummaryGenerationTests$3,L26865,L103,C:\Users\domco\Desktop\DP\repos\junit5\platform-tests\src\test\java\org\junit\platform\launcher\listeners\SummaryGenerationTests.java,194,75,200,5,0.0,0,0,0,0.0,0.0,0,0,0,0,0,1,2,0,0,0,1,0.0,0.0,0,0,0,2,0.0,0,3,3,0,0,1,6,7,5,10,0,1,1,0,1,0,28,1,0,26,1,6,7,5,10,0,1,1,0,1,0,28,1,0,26,1,0,0,5,0,0,0,0,0,0,0,0,0,5,0,0,0,0,0,0,0,0
1291,L27130,ParseResults$1,org.junit.platform.launcher.tagexpression.ParseResults$1,L27126,L103,C:\Users\domco\Desktop\DP\repos\junit5\junit-platform-launcher\src\main\java\org\junit\platform\launcher\tagexpression\ParseResults.java,25,28,30,4,0.0,0,0,0,0.0,0.0,0,0,1,0,0,1,2,0,0,0,1,0.0,0.0,0,0,0,2,0.0,0,1,1,0,0,1,6,6,0,0,0,0,1,0,1,0,3,1,0,3,0,6,6,0,0,0,0,1,0,1,0,3,1,0,3,0,0,0,5,0,0,0,0,0,0,0,0,0,5,0,0,0,0,0,0,0,0
1292,L27136,ParseResults$2,org.junit.platform.launcher.tagexpression.ParseResults$2,L27132,L103,C:\Users\domco\Desktop\DP\repos\junit5\junit-platform-launcher\src\main\java\org\junit\platform\launcher\tagexpression\ParseResults.java,34,28,39,4,0.0,0,0,0,0.0,0.0,0,0,1,0,0,1,1,0,0,0,1,0.0,0.0,0,0,0,2,0.0,0,1,1,0,0,1,6,6,0,0,0,0,1,0,1,0,3,1,0,3,0,6,6,0,0,0,0,1,0,1,0,3,1,0,3,0,0,0,5,0,0,0,0,0,0,0,0,0,5,0,0,0,0,0,0,0,0
1293,L27296,TagExpressions$1,org.junit.platform.launcher.tagexpression.TagExpressions$1,L27242,L103,C:\Users\domco\Desktop\DP\repos\junit5\junit-platform-launcher\src\main\java\org\junit\platform\launcher\tagexpression\TagExpressions.java,24,30,34,4,0.0,0,0,0,0.0,0.0,0,0,2,0,0,2,2,0,0,1,3,0.0,0.0,0,0,0,3,0.0,0,1,1,0,0,1,10,11,0,0,0,0,2,0,2,0,3,2,0,3,0,10,11,0,0,0,0,2,0,2,0,3,2,0,3,0,0,0,8,0,0,0,0,0,1,0,0,0,7,0,0,0,0,0,0,0,0
1294,L27306,TagExpressions$2,org.junit.platform.launcher.tagexpression.TagExpressions$2,L27302,L103,C:\Users\domco\Desktop\DP\repos\junit5\junit-platform-launcher\src\main\java\org\junit\platform\launcher\tagexpression\TagExpressions.java,38,30,48,4,0.0,0,0,0,0.0,0.0,0,0,2,0,0,2,2,0,0,1,3,0.0,0.0,0,0,0,3,0.0,0,1,1,0,0,1,10,11,0,0,0,0,2,0,2,0,3,2,0,3,0,10,11,0,0,0,0,2,0,2,0,3,2,0,3,0,0,0,8,0,1,0,0,0,1,0,0,0,7,0,0,0,0,1,0,0,0
1295,L27316,TagExpressions$3,org.junit.platform.launcher.tagexpression.TagExpressions$3,L27311,L103,C:\Users\domco\Desktop\DP\repos\junit5\junit-platform-launcher\src\main\java\org\junit\platform\launcher\tagexpression\TagExpressions.java,52,30,62,4,1.0,1,1,1,1.0,1.0,11,10,2,0,0,3,2,0,0,1,3,0.0,0.0,0,0,0,3,0.0,0,1,1,0,0,1,10,11,0,0,0,0,2,0,2,0,3,2,0,3,0,10,11,0,0,0,0,2,0,2,0,3,2,0,3,0,0,0,23,0,0,0,15,0,1,0,0,0,7,0,0,0,0,0,0,0,0
1296,L27325,TagExpressions$4,org.junit.platform.launcher.tagexpression.TagExpressions$4,L27320,L103,C:\Users\domco\Desktop\DP\repos\junit5\junit-platform-launcher\src\main\java\org\junit\platform\launcher\tagexpression\TagExpressions.java,66,30,76,4,1.0,1,1,1,1.0,1.0,11,10,2,0,0,3,2,0,0,1,3,0.0,0.0,0,0,0,3,0.0,0,1,1,0,0,1,10,11,0,0,0,0,2,0,2,0,3,2,0,3,0,10,11,0,0,0,0,2,0,2,0,3,2,0,3,0,0,0,23,0,0,0,15,0,1,0,0,0,7,0,0,0,0,0,0,0,0
1297,L26249,DefaultLauncherTests$4$1,org.junit.platform.launcher.core.DefaultLauncherTests$4$1,L26243,L103,C:\Users\domco\Desktop\DP\repos\junit5\platform-tests\src\test\java\org\junit\platform\launcher\core\DefaultLauncherTests.java,405,19,411,6,0.0,0,0,0,0.0,0.0,0,0,0,0,0,1,2,0,0,0,1,0.0,0.0,0,0,0,2,0.0,0,3,3,0,0,1,7,7,5,10,0,1,1,0,1,0,28,1,0,26,1,7,7,5,10,0,1,1,0,1,0,28,1,0,26,1,0,0,5,0,0,0,0,0,0,0,0,0,5,0,0,0,0,0,0,0,0
1298,L26264,DefaultLauncherTests$5$1,org.junit.platform.launcher.core.DefaultLauncherTests$5$1,L26259,L103,C:\Users\domco\Desktop\DP\repos\junit5\platform-tests\src\test\java\org\junit\platform\launcher\core\DefaultLauncherTests.java,440,81,446,6,0.0,0,0,0,0.0,0.0,0,0,0,0,0,1,2,0,0,0,1,0.0,0.0,0,0,0,2,0.0,0,3,3,0,0,1,6,7,5,10,0,1,1,0,1,0,28,1,0,26,1,6,7,5,10,0,1,1,0,1,0,28,1,0,26,1,0,0,5,0,0,0,0,0,0,0,0,0,5,0,0,0,0,0,0,0,0
1299,L28024,JUnitPlatformRunnerTests$Discovery$1TestCase,org.junit.platform.runner.JUnitPlatformRunnerTests$Discovery$1TestCase,L28023,L103,C:\Users\domco\Desktop\DP\repos\junit5\platform-tests\src\test\java\org\junit\platform\runner\JUnitPlatformRunnerTests.java,108,4,109,5,0.0,0,0,0,0.0,0.0,0,0,0,0,0,0,0,1,0,0,0,0.0,0.0,0,0,0,1,0.0,0,0,0,0,0,0,2,2,0,0,0,0,0,0,0,0,0,0,0,0,0,2,2,0,0,0,0,0,0,0,0,0,0,0,0,0,0,0,3,0,0,0,0,0,0,0,0,0,3,0,0,0,0,0,0,0,0
1300,L28031,JUnitPlatformRunnerTests$Discovery$2TestCase,org.junit.platform.runner.JUnitPlatformRunnerTests$Discovery$2TestCase,L28030,L103,C:\Users\domco\Desktop\DP\repos\junit5\platform-tests\src\test\java\org\junit\platform\runner\JUnitPlatformRunnerTests.java,122,4,124,5,0.0,0,0,0,0.0,0.0,0,0,0,0,0,0,1,1,0,0,0,0.0,0.0,0,0,0,1,0.0,0,0,0,0,0,0,3,3,0,0,0,0,0,0,0,0,0,0,0,0,0,3,3,0,0,0,0,0,0,0,0,0,0,0,0,0,0,0,3,0,0,0,0,0,0,0,0,0,3,0,0,0,0,0,0,0,0
1301,L28036,JUnitPlatformRunnerTests$Discovery$3TestCase,org.junit.platform.runner.JUnitPlatformRunnerTests$Discovery$3TestCase,L28035,L103,C:\Users\domco\Desktop\DP\repos\junit5\platform-tests\src\test\java\org\junit\platform\runner\JUnitPlatformRunnerTests.java,137,4,139,5,0.0,0,0,0,0.0,0.0,0,0,0,0,0,0,1,1,0,0,0,0.0,0.0,0,0,0,1,0.0,0,0,0,0,0,0,3,3,0,0,0,0,0,0,0,0,0,0,0,0,0,3,3,0,0,0,0,0,0,0,0,0,0,0,0,0,0,0,3,2,0,0,0,0,0,0,0,0,3,0,2,0,0,0,0,0,0
1302,L28041,JUnitPlatformRunnerTests$Discovery$4TestCase,org.junit.platform.runner.JUnitPlatformRunnerTests$Discovery$4TestCase,L28040,L103,C:\Users\domco\Desktop\DP\repos\junit5\platform-tests\src\test\java\org\junit\platform\runner\JUnitPlatformRunnerTests.java,152,4,154,5,1.0,1,1,1,1.0,1.0,3,3,0,0,0,0,1,1,0,0,0,0.0,0.0,0,0,0,1,0.0,0,0,0,0,0,0,3,3,0,0,0,0,0,0,0,0,0,0,0,0,0,3,3,0,0,0,0,0,0,0,0,0,0,0,0,0,0,0,8,0,0,0,5,0,0,0,0,0,3,0,0,0,0,0,0,0,0
1303,L28046,JUnitPlatformRunnerTests$Discovery$5TestCase,org.junit.platform.runner.JUnitPlatformRunnerTests$Discovery$5TestCase,L28045,L103,C:\Users\domco\Desktop\DP\repos\junit5\platform-tests\src\test\java\org\junit\platform\runner\JUnitPlatformRunnerTests.java,170,4,172,5,1.0,1,1,1,1.0,1.0,3,3,0,0,0,0,1,1,0,0,0,0.0,0.0,0,0,0,1,0.0,0,0,0,0,0,0,3,3,0,0,0,0,0,0,0,0,0,0,0,0,0,3,3,0,0,0,0,0,0,0,0,0,0,0,0,0,0,0,8,0,0,0,5,0,0,0,0,0,3,0,0,0,0,0,0,0,0
1304,L28051,JUnitPlatformRunnerTests$Discovery$6TestCase,org.junit.platform.runner.JUnitPlatformRunnerTests$Discovery$6TestCase,L28050,L103,C:\Users\domco\Desktop\DP\repos\junit5\platform-tests\src\test\java\org\junit\platform\runner\JUnitPlatformRunnerTests.java,188,4,190,5,1.0,1,1,1,1.0,1.0,3,3,0,0,0,0,1,1,0,0,0,0.0,0.0,0,0,0,1,0.0,0,0,0,0,0,0,3,3,0,0,0,0,0,0,0,0,0,0,0,0,0,3,3,0,0,0,0,0,0,0,0,0,0,0,0,0,0,0,8,0,0,0,5,0,0,0,0,0,3,0,0,0,0,0,0,0,0
1305,L28058,JUnitPlatformRunnerTests$Discovery$7TestCase,org.junit.platform.runner.JUnitPlatformRunnerTests$Discovery$7TestCase,L28057,L103,C:\Users\domco\Desktop\DP\repos\junit5\platform-tests\src\test\java\org\junit\platform\runner\JUnitPlatformRunnerTests.java,206,4,208,5,1.0,1,1,1,1.0,1.0,3,3,0,0,0,0,1,1,0,0,0,0.0,0.0,0,0,0,1,0.0,0,0,0,0,0,0,3,3,0,0,0,0,0,0,0,0,0,0,0,0,0,3,3,0,0,0,0,0,0,0,0,0,0,0,0,0,0,0,8,0,0,0,5,0,0,0,0,0,3,0,0,0,0,0,0,0,0
1306,L28063,JUnitPlatformRunnerTests$Discovery$8TestCase,org.junit.platform.runner.JUnitPlatformRunnerTests$Discovery$8TestCase,L28062,L103,C:\Users\domco\Desktop\DP\repos\junit5\platform-tests\src\test\java\org\junit\platform\runner\JUnitPlatformRunnerTests.java,224,4,226,5,1.0,1,1,1,1.0,1.0,3,3,0,0,0,0,1,1,0,0,0,0.0,0.0,0,0,0,1,0.0,0,0,0,0,0,0,3,3,0,0,0,0,0,0,0,0,0,0,0,0,0,3,3,0,0,0,0,0,0,0,0,0,0,0,0,0,0,0,8,0,0,0,5,0,0,0,0,0,3,0,0,0,0,0,0,0,0
1307,L28068,JUnitPlatformRunnerTests$Discovery$9TestCase,org.junit.platform.runner.JUnitPlatformRunnerTests$Discovery$9TestCase,L28067,L103,C:\Users\domco\Desktop\DP\repos\junit5\platform-tests\src\test\java\org\junit\platform\runner\JUnitPlatformRunnerTests.java,244,4,246,5,1.0,1,1,1,1.0,1.0,3,3,0,0,0,0,1,1,0,0,0,0.0,0.0,0,0,0,1,0.0,0,0,0,0,0,0,3,3,0,0,0,0,0,0,0,0,0,0,0,0,0,3,3,0,0,0,0,0,0,0,0,0,0,0,0,0,0,0,8,0,0,0,5,0,0,0,0,0,3,0,0,0,0,0,0,0,0
1308,L28073,JUnitPlatformRunnerTests$Discovery$10TestCase,org.junit.platform.runner.JUnitPlatformRunnerTests$Discovery$10TestCase,L28072,L103,C:\Users\domco\Desktop\DP\repos\junit5\platform-tests\src\test\java\org\junit\platform\runner\JUnitPlatformRunnerTests.java,264,4,267,5,0.0,0,0,0,0.0,0.0,0,0,0,0,0,0,2,1,0,0,0,0.0,0.0,0,0,0,1,0.0,0,0,0,0,0,0,4,4,0,0,0,0,0,0,0,0,0,0,0,0,0,4,4,0,0,0,0,0,0,0,0,0,0,0,0,0,0,0,3,0,0,0,0,0,0,0,0,0,3,0,0,0,0,0,0,0,0
1309,L28078,JUnitPlatformRunnerTests$Discovery$11TestCase,org.junit.platform.runner.JUnitPlatformRunnerTests$Discovery$11TestCase,L28077,L103,C:\Users\domco\Desktop\DP\repos\junit5\platform-tests\src\test\java\org\junit\platform\runner\JUnitPlatformRunnerTests.java,296,4,298,5,0.0,0,0,0,0.0,0.0,0,0,0,0,0,0,1,1,0,0,0,0.0,0.0,0,0,0,1,0.0,0,0,0,0,0,0,3,3,0,0,0,0,0,0,0,0,0,0,0,0,0,3,3,0,0,0,0,0,0,0,0,0,0,0,0,0,0,0,3,0,0,0,0,0,0,0,0,0,3,0,0,0,0,0,0,0,0
1310,L28083,JUnitPlatformRunnerTests$Discovery$12TestCase,org.junit.platform.runner.JUnitPlatformRunnerTests$Discovery$12TestCase,L28082,L103,C:\Users\domco\Desktop\DP\repos\junit5\platform-tests\src\test\java\org\junit\platform\runner\JUnitPlatformRunnerTests.java,310,4,311,5,0.0,0,0,0,0.0,0.0,0,0,0,0,0,0,0,1,0,0,0,0.0,0.0,0,0,0,1,0.0,0,0,0,0,0,0,2,2,0,0,0,0,0,0,0,0,0,0,0,0,0,2,2,0,0,0,0,0,0,0,0,0,0,0,0,0,0,0,3,0,0,0,0,0,0,0,0,0,3,0,0,0,0,0,0,0,0
1311,L28088,JUnitPlatformRunnerTests$Discovery$13TestCase,org.junit.platform.runner.JUnitPlatformRunnerTests$Discovery$13TestCase,L28087,L103,C:\Users\domco\Desktop\DP\repos\junit5\platform-tests\src\test\java\org\junit\platform\runner\JUnitPlatformRunnerTests.java,323,4,325,5,1.0,1,1,1,1.0,1.0,3,3,0,0,0,0,1,1,0,0,0,0.0,0.0,0,0,0,1,0.0,0,0,0,0,0,0,3,3,0,0,0,0,0,0,0,0,0,0,0,0,0,3,3,0,0,0,0,0,0,0,0,0,0,0,0,0,0,0,8,1,0,0,5,0,0,0,0,0,3,0,1,0,0,0,0,0,0
1312,L28093,JUnitPlatformRunnerTests$Discovery$14TestCase,org.junit.platform.runner.JUnitPlatformRunnerTests$Discovery$14TestCase,L28092,L103,C:\Users\domco\Desktop\DP\repos\junit5\platform-tests\src\test\java\org\junit\platform\runner\JUnitPlatformRunnerTests.java,336,4,338,5,1.0,1,1,1,1.0,1.0,3,3,0,0,0,0,1,1,0,0,0,0.0,0.0,0,0,0,1,0.0,0,0,0,0,0,0,3,3,0,0,0,0,0,0,0,0,0,0,0,0,0,3,3,0,0,0,0,0,0,0,0,0,0,0,0,0,0,0,8,0,0,0,5,0,0,0,0,0,3,0,0,0,0,0,0,0,0
1313,L28098,JUnitPlatformRunnerTests$Discovery$15TestCase,org.junit.platform.runner.JUnitPlatformRunnerTests$Discovery$15TestCase,L28097,L103,C:\Users\domco\Desktop\DP\repos\junit5\platform-tests\src\test\java\org\junit\platform\runner\JUnitPlatformRunnerTests.java,350,4,352,5,1.0,1,1,1,1.0,1.0,3,3,0,0,0,0,1,1,0,0,0,0.0,0.0,0,0,0,1,0.0,0,0,0,0,0,0,3,3,0,0,0,0,0,0,0,0,0,0,0,0,0,3,3,0,0,0,0,0,0,0,0,0,0,0,0,0,0,0,8,1,0,0,5,0,0,0,0,0,3,0,1,0,0,0,0,0,0
1314,L28103,JUnitPlatformRunnerTests$Discovery$16TestCase,org.junit.platform.runner.JUnitPlatformRunnerTests$Discovery$16TestCase,L28102,L103,C:\Users\domco\Desktop\DP\repos\junit5\platform-tests\src\test\java\org\junit\platform\runner\JUnitPlatformRunnerTests.java,363,4,365,5,1.0,1,1,1,1.0,1.0,3,3,0,0,0,0,1,1,0,0,0,0.0,0.0,0,0,0,1,0.0,0,0,0,0,0,0,3,3,0,0,0,0,0,0,0,0,0,0,0,0,0,3,3,0,0,0,0,0,0,0,0,0,0,0,0,0,0,0,8,0,0,0,5,0,0,0,0,0,3,0,0,0,0,0,0,0,0
1315,L28108,JUnitPlatformRunnerTests$Discovery$17TestCase,org.junit.platform.runner.JUnitPlatformRunnerTests$Discovery$17TestCase,L28107,L103,C:\Users\domco\Desktop\DP\repos\junit5\platform-tests\src\test\java\org\junit\platform\runner\JUnitPlatformRunnerTests.java,377,4,379,5,0.0,0,0,0,0.0,0.0,0,0,0,0,0,0,1,1,0,0,0,0.0,0.0,0,0,0,1,0.0,0,0,0,0,0,0,3,3,0,0,0,0,0,0,0,0,0,0,0,0,0,3,3,0,0,0,0,0,0,0,0,0,0,0,0,0,0,0,3,0,0,0,0,0,0,0,0,0,3,0,0,0,0,0,0,0,0
1316,L28113,JUnitPlatformRunnerTests$Discovery$18TestCase,org.junit.platform.runner.JUnitPlatformRunnerTests$Discovery$18TestCase,L28112,L103,C:\Users\domco\Desktop\DP\repos\junit5\platform-tests\src\test\java\org\junit\platform\runner\JUnitPlatformRunnerTests.java,391,4,393,5,1.0,1,1,1,1.0,1.0,3,3,0,0,0,0,1,1,0,0,0,0.0,0.0,0,0,0,1,0.0,0,0,0,0,0,0,3,3,0,0,0,0,0,0,0,0,0,0,0,0,0,3,3,0,0,0,0,0,0,0,0,0,0,0,0,0,0,0,8,0,0,0,5,0,0,0,0,0,3,0,0,0,0,0,0,0,0
1317,L28118,JUnitPlatformRunnerTests$Discovery$19TestCase,org.junit.platform.runner.JUnitPlatformRunnerTests$Discovery$19TestCase,L28117,L103,C:\Users\domco\Desktop\DP\repos\junit5\platform-tests\src\test\java\org\junit\platform\runner\JUnitPlatformRunnerTests.java,405,4,407,5,1.0,1,1,1,1.0,1.0,3,3,0,0,0,0,1,1,0,0,0,0.0,0.0,0,0,0,1,0.0,0,0,0,0,0,0,3,3,0,0,0,0,0,0,0,0,0,0,0,0,0,3,3,0,0,0,0,0,0,0,0,0,0,0,0,0,0,0,8,0,0,0,5,0,0,0,0,0,3,0,0,0,0,0,0,0,0
1318,L28123,JUnitPlatformRunnerTests$Discovery$20TestCase,org.junit.platform.runner.JUnitPlatformRunnerTests$Discovery$20TestCase,L28122,L103,C:\Users\domco\Desktop\DP\repos\junit5\platform-tests\src\test\java\org\junit\platform\runner\JUnitPlatformRunnerTests.java,418,4,420,5,1.0,1,1,1,1.0,1.0,3,3,0,0,0,0,1,1,0,0,0,0.0,0.0,0,0,0,1,0.0,0,0,0,0,0,0,3,3,0,0,0,0,0,0,0,0,0,0,0,0,0,3,3,0,0,0,0,0,0,0,0,0,0,0,0,0,0,0,8,0,0,0,5,0,0,0,0,0,3,0,0,0,0,0,0,0,0
1319,L28128,JUnitPlatformRunnerTests$Discovery$21TestCase,org.junit.platform.runner.JUnitPlatformRunnerTests$Discovery$21TestCase,L28127,L103,C:\Users\domco\Desktop\DP\repos\junit5\platform-tests\src\test\java\org\junit\platform\runner\JUnitPlatformRunnerTests.java,431,4,433,5,1.0,1,1,1,1.0,1.0,3,3,0,0,0,0,1,1,0,0,0,0.0,0.0,0,0,0,1,0.0,0,0,0,0,0,0,3,3,0,0,0,0,0,0,0,0,0,0,0,0,0,3,3,0,0,0,0,0,0,0,0,0,0,0,0,0,0,0,8,0,0,0,5,0,0,0,0,0,3,0,0,0,0,0,0,0,0
1320,L28686,RunListenerAdapterTests$1,org.junit.platform.surefire.provider.RunListenerAdapterTests$1,L28683,L103,C:\Users\domco\Desktop\DP\repos\junit5\junit-platform-surefire-provider\src\test\java\org\junit\platform\surefire\provider\RunListenerAdapterTests.java,197,90,202,4,0.0,0,0,0,0.0,0.0,0,0,0,0,0,1,2,0,0,0,1,0.0,0.0,0,0,0,2,0.0,0,3,3,0,0,1,6,6,5,10,0,1,1,0,1,0,28,1,0,26,1,6,6,5,10,0,1,1,0,1,0,28,1,0,26,1,0,0,5,0,0,0,0,0,0,0,0,0,5,0,0,0,0,0,0,0,0
1321,L28727,RunListenerAdapterTests$2,org.junit.platform.surefire.provider.RunListenerAdapterTests$2,L28681,L103,C:\Users\domco\Desktop\DP\repos\junit5\junit-platform-surefire-provider\src\test\java\org\junit\platform\surefire\provider\RunListenerAdapterTests.java,442,60,447,4,0.0,0,0,0,0.0,0.0,0,0,0,0,0,1,2,0,0,0,1,0.0,0.0,0,0,0,2,0.0,0,2,2,0,0,1,6,6,5,9,0,1,1,0,1,0,26,1,0,24,1,6,6,5,9,0,1,1,0,1,0,26,1,0,24,1,0,0,5,0,0,0,0,0,0,0,0,0,5,0,0,0,0,0,0,0,0
1322,L28810,TestPlanScannerFilterTests$ClassWithNestedTestClass$TestClass,org.junit.platform.surefire.provider.TestPlanScannerFilterTests$ClassWithNestedTestClass$TestClass,L28786,L103,C:\Users\domco\Desktop\DP\repos\junit5\junit-platform-surefire-provider\src\test\java\org\junit\platform\surefire\provider\TestPlanScannerFilterTests.java,107,3,113,4,0.0,0,0,0,0.0,0.0,0,0,1,0,0,1,2,0,0,0,1,0.0,0.0,0,0,0,1,0.0,0,0,0,0,0,0,6,7,0,0,0,0,1,0,0,0,1,0,0,0,0,6,7,0,0,0,0,1,0,0,0,1,0,0,0,0,0,0,5,1,2,1,0,1,0,0,0,0,5,1,0,0,0,0,0,0,0
1323,L28814,TestPlanScannerFilterTests$ClassWithDeeplyNestedTestClass$Level1,org.junit.platform.surefire.provider.TestPlanScannerFilterTests$ClassWithDeeplyNestedTestClass$Level1,L28790,L103,C:\Users\domco\Desktop\DP\repos\junit5\junit-platform-surefire-provider\src\test\java\org\junit\platform\surefire\provider\TestPlanScannerFilterTests.java,118,3,132,4,0.0,0,0,0,0.0,0.0,0,0,0,0,0,0,1,0,0,0,0,0.0,0.0,0,0,0,1,0.0,0,0,0,0,0,0,3,4,0,0,0,0,0,0,0,0,0,0,0,0,0,12,15,0,0,0,0,1,0,0,0,1,0,0,0,0,0,0,11,1,2,1,0,1,0,0,0,0,11,1,0,0,0,0,0,0,0
1324,L28824,TestPlanScannerFilterTests$ClassWithNestedTestFactory$TestClass,org.junit.platform.surefire.provider.TestPlanScannerFilterTests$ClassWithNestedTestFactory$TestClass,L28798,L103,C:\Users\domco\Desktop\DP\repos\junit5\junit-platform-surefire-provider\src\test\java\org\junit\platform\surefire\provider\TestPlanScannerFilterTests.java,145,3,152,4,0.0,0,0,0,0.0,0.0,0,0,1,0,0,1,3,0,0,0,1,0.0,0.0,0,0,0,1,0.0,0,0,0,0,0,0,7,8,0,0,0,0,1,0,0,0,1,1,0,0,0,7,8,0,0,0,0,1,0,0,0,1,1,0,0,0,0,0,5,0,1,0,0,1,0,0,0,0,5,0,0,0,0,0,0,0,0
1325,L28816,TestPlanScannerFilterTests$ClassWithDeeplyNestedTestClass$Level1$Level2,org.junit.platform.surefire.provider.TestPlanScannerFilterTests$ClassWithDeeplyNestedTestClass$Level1$Level2,L28814,L103,C:\Users\domco\Desktop\DP\repos\junit5\junit-platform-surefire-provider\src\test\java\org\junit\platform\surefire\provider\TestPlanScannerFilterTests.java,121,4,131,5,0.0,0,0,0,0.0,0.0,0,0,0,0,0,0,1,0,0,0,0,0.0,0.0,0,0,0,1,0.0,0,0,0,0,0,0,3,4,0,0,0,0,0,0,0,0,0,0,0,0,0,9,11,0,0,0,0,1,0,0,0,1,0,0,0,0,0,0,8,1,2,1,0,1,0,0,0,0,8,1,0,0,0,0,0,0,0
1326,L28818,TestPlanScannerFilterTests$ClassWithDeeplyNestedTestClass$Level1$Level2$TestClass,org.junit.platform.surefire.provider.TestPlanScannerFilterTests$ClassWithDeeplyNestedTestClass$Level1$Level2$TestClass,L28816,L103,C:\Users\domco\Desktop\DP\repos\junit5\junit-platform-surefire-provider\src\test\java\org\junit\platform\surefire\provider\TestPlanScannerFilterTests.java,124,5,130,6,0.0,0,0,0,0.0,0.0,0,0,1,0,0,1,2,0,0,0,1,0.0,0.0,0,0,0,1,0.0,0,0,0,0,0,0,6,7,0,0,0,0,1,0,0,0,1,0,0,0,0,6,7,0,0,0,0,1,0,0,0,1,0,0,0,0,0,0,5,1,2,1,0,1,0,0,0,0,5,1,0,0,0,0,0,0,0
1327,L28926,RunnerTestDescriptor$ExcludeDescriptionFilter,org.junit.vintage.engine.descriptor.RunnerTestDescriptor$ExcludeDescriptionFilter,L28894,L103,C:\Users\domco\Desktop\DP\repos\junit5\junit-vintage-engine\src\main\java\org\junit\vintage\engine\descriptor\RunnerTestDescriptor.java,116,2,142,3,0.0,0,0,0,0.0,0.0,0,0,1,1,1,5,0,1,1,0,4,0.0,0.0,0,0,0,3,0.0,0,0,0,0,0,0,22,27,2,0,2,0,4,0,2,0,4,7,0,2,0,22,27,2,0,2,0,4,0,2,0,4,7,0,2,0,0,0,11,0,1,0,0,1,0,0,0,0,11,0,0,0,0,0,0,0,0
1328,L29006,VintageTestDescriptorTests$AbstractTestBase,org.junit.vintage.engine.descriptor.VintageTestDescriptorTests$AbstractTestBase,L28997,L103,C:\Users\domco\Desktop\DP\repos\junit5\junit-vintage-engine\src\test\java\org\junit\vintage\engine\descriptor\VintageTestDescriptorTests.java,41,2,46,3,0.0,0,0,0,0.0,0.0,0,0,1,0,0,1,1,1,0,0,1,0.0,0.0,0,0,0,2,0.0,0,0,0,1,1,0,5,6,0,0,0,0,1,0,1,0,1,0,0,1,0,5,6,0,0,0,0,1,0,1,0,1,0,0,1,0,0,0,5,2,2,2,0,1,0,0,0,0,5,1,0,0,0,0,0,0,0
1329,L29001,VintageTestDescriptorTests$ConcreteTest,org.junit.vintage.engine.descriptor.VintageTestDescriptorTests$ConcreteTest,L28997,L103,C:\Users\domco\Desktop\DP\repos\junit5\junit-vintage-engine\src\test\java\org\junit\vintage\engine\descriptor\VintageTestDescriptorTests.java,48,2,49,3,0.0,0,0,0,0.0,0.0,0,0,0,0,0,0,1,1,0,0,0,0.0,0.0,0,0,0,1,0.0,0,1,1,0,0,1,2,2,0,0,0,0,0,0,0,0,1,0,0,1,0,2,2,0,0,0,0,0,0,0,0,1,0,0,1,0,0,0,3,0,0,0,0,0,0,0,0,0,3,0,0,0,0,0,0,0,0
1330,L29072,DefensiveAllDefaultPossibilitiesBuilder$DefensiveAnnotatedBuilder,org.junit.vintage.engine.discovery.DefensiveAllDefaultPossibilitiesBuilder$DefensiveAnnotatedBuilder,L29062,L103,C:\Users\domco\Desktop\DP\repos\junit5\junit-vintage-engine\src\main\java\org\junit\vintage\engine\discovery\DefensiveAllDefaultPossibilitiesBuilder.java,100,2,115,3,0.0,0,0,0,0.0,0.0,0,0,1,1,1,3,2,1,1,1,3,0.5,0.277778,5,4,1,1,0.277778,5,0,0,0,0,0,13,16,0,0,0,0,2,0,1,0,2,5,0,1,0,13,16,0,0,0,0,2,0,1,0,2,5,0,1,0,0,0,5,0,0,0,0,0,0,0,0,0,5,0,0,0,0,0,0,0,0
1331,L29078,DefensiveAllDefaultPossibilitiesBuilder$DefensiveJUnit4Builder,org.junit.vintage.engine.discovery.DefensiveAllDefaultPossibilitiesBuilder$DefensiveJUnit4Builder,L29062,L103,C:\Users\domco\Desktop\DP\repos\junit5\junit-vintage-engine\src\main\java\org\junit\vintage\engine\discovery\DefensiveAllDefaultPossibilitiesBuilder.java,121,2,136,3,0.0,0,0,0,0.0,0.0,0,0,1,1,1,3,1,1,0,1,3,0.5,0.235294,4,4,1,1,0.235294,4,0,0,0,0,0,13,16,1,0,1,0,2,0,1,0,2,4,0,1,0,13,16,1,0,1,0,2,0,1,0,2,4,0,1,0,0,0,7,0,0,0,0,0,0,0,0,0,7,0,0,0,0,0,0,0,0
1332,L29084,DefensiveAllDefaultPossibilitiesBuilder$NullIgnoredBuilder,org.junit.vintage.engine.discovery.DefensiveAllDefaultPossibilitiesBuilder$NullIgnoredBuilder,L29062,L103,C:\Users\domco\Desktop\DP\repos\junit5\junit-vintage-engine\src\main\java\org\junit\vintage\engine\discovery\DefensiveAllDefaultPossibilitiesBuilder.java,143,2,149,3,0.0,0,0,0,0.0,0.0,0,0,1,0,0,1,0,1,0,0,1,0.5,0.5,6,5,1,1,0.5,6,0,0,0,0,0,6,7,0,0,0,0,1,0,1,0,1,1,0,1,0,6,7,0,0,0,0,1,0,1,0,1,1,0,1,0,0,0,3,0,0,0,0,0,0,0,0,0,3,0,0,0,0,0,0,0,0
1333,L29437,IsPotentialJUnit4TestClassTests$Foo,org.junit.vintage.engine.discovery.IsPotentialJUnit4TestClassTests$Foo,L29431,L103,C:\Users\domco\Desktop\DP\repos\junit5\junit-vintage-engine\src\test\java\org\junit\vintage\engine\discovery\IsPotentialJUnit4TestClassTests.java,27,2,29,3,0.0,0,0,0,0.0,0.0,0,0,0,0,0,0,0,2,0,0,0,0.0,0.0,0,0,0,1,0.0,0,0,0,1,1,0,2,3,0,0,0,0,0,0,0,0,0,0,0,0,0,2,3,0,0,0,0,0,0,0,0,0,0,0,0,0,0,0,3,0,1,0,0,1,0,0,0,0,3,0,0,0,0,0,0,0,0
1334,L29442,IsPotentialJUnit4TestClassTests$Bar,org.junit.vintage.engine.discovery.IsPotentialJUnit4TestClassTests$Bar,L29431,L103,C:\Users\domco\Desktop\DP\repos\junit5\junit-vintage-engine\src\test\java\org\junit\vintage\engine\discovery\IsPotentialJUnit4TestClassTests.java,36,2,38,3,0.0,0,0,0,0.0,0.0,0,0,0,0,0,0,0,1,0,0,0,0.0,0.0,0,0,0,1,0.0,0,0,0,0,0,0,2,3,0,0,0,0,0,0,0,0,0,0,0,0,0,2,3,0,0,0,0,0,0,0,0,0,0,0,0,0,0,0,3,0,1,0,0,1,0,0,0,0,3,0,0,0,0,0,0,0,0
1335,L29447,IsPotentialJUnit4TestClassTests$Baz,org.junit.vintage.engine.discovery.IsPotentialJUnit4TestClassTests$Baz,L29431,L103,C:\Users\domco\Desktop\DP\repos\junit5\junit-vintage-engine\src\test\java\org\junit\vintage\engine\discovery\IsPotentialJUnit4TestClassTests.java,45,2,47,3,0.0,0,0,0,0.0,0.0,0,0,0,0,0,0,0,1,0,0,0,0.0,0.0,0,0,0,1,0.0,0,0,0,0,0,0,2,3,0,0,0,0,0,0,0,0,0,0,0,0,0,2,3,0,0,0,0,0,0,0,0,0,0,0,0,0,0,0,3,0,2,1,0,1,0,0,0,0,3,0,0,0,0,0,0,0,0
1336,L29456,IsPotentialJUnit4TestClassTests$FooBaz,org.junit.vintage.engine.discovery.IsPotentialJUnit4TestClassTests$FooBaz,L29431,L103,C:\Users\domco\Desktop\DP\repos\junit5\junit-vintage-engine\src\test\java\org\junit\vintage\engine\discovery\IsPotentialJUnit4TestClassTests.java,58,2,60,3,0.0,0,0,0,0.0,0.0,0,0,0,0,0,0,0,1,0,0,0,0.0,0.0,0,0,0,1,0.0,0,0,0,0,0,0,2,3,0,0,0,0,0,0,0,0,0,0,0,0,0,2,3,0,0,0,0,0,0,0,0,0,0,0,0,0,0,0,3,0,0,0,0,0,0,0,0,0,3,0,0,0,0,0,0,0,0
1337,L29533,VintageDiscovererTests$Foo,org.junit.vintage.engine.discovery.VintageDiscovererTests$Foo,L29529,L103,C:\Users\domco\Desktop\DP\repos\junit5\junit-vintage-engine\src\test\java\org\junit\vintage\engine\discovery\VintageDiscovererTests.java,89,2,95,3,0.0,0,0,0,0.0,0.0,0,0,1,0,0,1,0,1,0,0,1,0.0,0.0,0,0,0,2,0.0,0,0,0,0,0,0,5,7,0,0,0,0,1,0,1,0,1,0,0,1,0,5,7,0,0,0,0,1,0,1,0,1,0,0,1,0,0,0,5,0,2,0,0,1,0,0,0,0,5,1,0,0,0,0,0,0,0
1338,L29536,VintageDiscovererTests$Bar,org.junit.vintage.engine.discovery.VintageDiscovererTests$Bar,L29529,L103,C:\Users\domco\Desktop\DP\repos\junit5\junit-vintage-engine\src\test\java\org\junit\vintage\engine\discovery\VintageDiscovererTests.java,97,2,103,3,0.0,0,0,0,0.0,0.0,0,0,1,0,0,1,0,1,0,0,1,0.0,0.0,0,0,0,2,0.0,0,0,0,0,0,0,5,7,0,0,0,0,1,0,1,0,1,0,0,1,0,5,7,0,0,0,0,1,0,1,0,1,0,0,1,0,0,0,5,0,2,0,0,1,0,0,0,0,5,1,0,0,0,0,0,0,0
1339,L29830,UniqueIdStringifierTests$MyCustomId,org.junit.vintage.engine.support.UniqueIdStringifierTests$MyCustomId,L29824,L103,C:\Users\domco\Desktop\DP\repos\junit5\junit-vintage-engine\src\test\java\org\junit\vintage\engine\support\UniqueIdStringifierTests.java,71,2,85,3,0.0,0,0,0,0.0,0.0,0,0,0,0,0,2,0,1,1,0,2,0.0,0.0,0,0,0,1,0.0,0,0,0,0,0,0,10,15,2,1,2,1,2,0,0,0,2,2,0,0,0,10,15,2,1,2,1,2,0,0,0,2,2,0,0,0,0,0,7,0,1,0,0,1,0,0,0,0,7,0,0,0,0,0,0,0,0
1340,L29842,UniqueIdStringifierTests$ClassWithErroneousSerialization,org.junit.vintage.engine.support.UniqueIdStringifierTests$ClassWithErroneousSerialization,L29824,L103,C:\Users\domco\Desktop\DP\repos\junit5\junit-vintage-engine\src\test\java\org\junit\vintage\engine\support\UniqueIdStringifierTests.java,87,2,99,3,0.0,0,0,0,0.0,0.0,0,0,2,0,0,2,0,1,0,0,2,0.0,0.0,0,0,0,2,0.0,0,0,0,0,0,0,10,13,1,0,1,0,2,0,1,0,2,2,0,1,0,10,13,1,0,1,0,2,0,1,0,2,2,0,1,0,0,0,8,0,1,0,0,1,1,0,0,0,7,0,0,0,0,0,0,0,0
1341,L29548,AbstractJUnit3TestCase,org.junit.vintage.engine.samples.junit3.AbstractJUnit3TestCase,L29920,L103,C:\Users\domco\Desktop\DP\repos\junit5\junit-vintage-engine\src\test\java\org\junit\vintage\engine\samples\junit3\AbstractJUnit3TestCase.java,20,1,26,2,0.0,0,0,0,0.0,0.0,0,0,1,0,0,1,0,1,0,0,1,0.5,0.375,3,3,1,1,0.375,3,0,0,0,0,0,5,7,0,0,0,0,1,0,1,0,1,1,0,1,0,5,7,0,0,0,0,1,0,1,0,1,1,0,1,0,0,0,3,0,0,0,0,0,0,0,0,0,3,0,0,0,0,0,0,0,0
1342,L29928,JUnit3SuiteWithSingleTestCaseWithSingleTestWhichFails,org.junit.vintage.engine.samples.junit3.JUnit3SuiteWithSingleTestCaseWithSingleTestWhichFails,L29920,L103,C:\Users\domco\Desktop\DP\repos\junit5\junit-vintage-engine\src\test\java\org\junit\vintage\engine\samples\junit3\JUnit3SuiteWithSingleTestCaseWithSingleTestWhichFails.java,19,1,27,2,0.0,0,0,0,0.0,0.0,0,0,1,0,0,1,1,2,0,0,1,0.5,0.3,3,3,1,1,0.3,3,0,0,0,0,0,7,9,0,0,0,0,1,0,1,0,1,3,0,1,0,7,9,0,0,0,0,1,0,1,0,1,3,0,1,0,0,0,3,0,1,0,0,0,0,0,0,0,3,0,1,0,0,0,0,0,0
1343,L29932,PlainJUnit3TestCaseWithSingleTestWhichFails,org.junit.vintage.engine.samples.junit3.PlainJUnit3TestCaseWithSingleTestWhichFails,L29920,L103,C:\Users\domco\Desktop\DP\repos\junit5\junit-vintage-engine\src\test\java\org\junit\vintage\engine\samples\junit3\PlainJUnit3TestCaseWithSingleTestWhichFails.java,20,1,26,2,0.0,0,0,0,0.0,0.0,0,0,1,0,0,1,0,3,0,0,1,0.5,0.375,3,3,1,1,0.375,3,0,0,0,0,0,5,7,0,0,0,0,1,0,1,0,1,1,0,1,0,5,7,0,0,0,0,1,0,1,0,1,1,0,1,0,0,0,3,0,0,0,0,0,0,0,0,0,3,0,0,0,0,0,0,0,0
1344,L29553,AbstractJunit4TestCaseWithConstructorParameter,org.junit.vintage.engine.samples.junit4.AbstractJunit4TestCaseWithConstructorParameter,L29938,L103,C:\Users\domco\Desktop\DP\repos\junit5\junit-vintage-engine\src\test\java\org\junit\vintage\engine\samples\junit4\AbstractJunit4TestCaseWithConstructorParameter.java,15,1,24,2,0.0,0,0,0,0.0,0.0,0,0,1,0,0,2,0,1,0,0,2,0.0,0.0,0,0,0,3,0.0,0,0,0,0,0,0,7,10,0,0,0,0,2,0,2,0,2,0,0,2,0,7,10,0,0,0,0,2,0,2,0,2,0,0,2,0,0,0,7,2,3,2,0,1,0,0,0,0,7,2,0,0,0,0,0,0,0
1345,L29983,Categories,org.junit.vintage.engine.samples.junit4.Categories,L29938,L103,C:\Users\domco\Desktop\DP\repos\junit5\junit-vintage-engine\src\test\java\org\junit\vintage\engine\samples\junit4\Categories.java,16,1,32,2,0.0,0,0,0,0.0,0.0,0,0,0,0,0,0,0,4,0,0,0,1.0,0.6,3,3,1,0,0.2,3,0,0,0,0,0,2,7,0,0,0,0,0,0,0,0,0,0,0,0,0,12,17,0,0,0,0,0,0,0,0,0,0,0,0,0,0,0,16,0,0,0,0,0,0,0,0,0,16,0,0,0,0,0,0,0,0
1346,L29993,ConfigurableRunner,org.junit.vintage.engine.samples.junit4.ConfigurableRunner,L29938,L103,C:\Users\domco\Desktop\DP\repos\junit5\junit-vintage-engine\src\test\java\org\junit\vintage\engine\samples\junit4\ConfigurableRunner.java,27,1,55,2,0.0,0,0,0,0.0,0.0,0,0,0,0,0,2,1,2,3,0,2,0.5,0.238095,5,3,1,1,0.192308,5,0,0,2,2,0,16,22,1,1,1,1,2,0,1,0,2,6,0,1,0,21,29,1,1,1,1,3,0,1,0,3,6,0,1,0,0,0,12,0,1,0,0,1,0,0,0,0,12,0,0,0,0,0,0,0,0
1347,L30004,EmptyIgnoredTestCase,org.junit.vintage.engine.samples.junit4.EmptyIgnoredTestCase,L29938,L103,C:\Users\domco\Desktop\DP\repos\junit5\junit-vintage-engine\src\test\java\org\junit\vintage\engine\samples\junit4\EmptyIgnoredTestCase.java,15,1,17,2,0.0,0,0,0,0.0,0.0,0,0,0,0,0,0,0,2,0,0,0,0.0,0.0,0,0,0,1,0.0,0,0,0,0,0,0,3,3,0,0,0,0,0,0,0,0,0,0,0,0,0,3,3,0,0,0,0,0,0,0,0,0,0,0,0,0,0,0,3,0,0,0,0,0,0,0,0,0,3,0,0,0,0,0,0,0,0
1348,L30006,EnclosedJUnit4TestCase,org.junit.vintage.engine.samples.junit4.EnclosedJUnit4TestCase,L29938,L103,C:\Users\domco\Desktop\DP\repos\junit5\junit-vintage-engine\src\test\java\org\junit\vintage\engine\samples\junit4\EnclosedJUnit4TestCase.java,24,1,42,2,0.0,0,0,0,0.0,0.0,0,0,0,0,0,0,0,2,0,0,0,1.0,0.5,3,3,1,0,0.166667,3,0,0,0,0,0,3,5,0,0,0,0,0,0,0,0,0,0,0,0,0,15,19,0,0,0,0,2,0,2,0,2,2,0,2,0,0,0,9,0,0,0,0,0,1,0,0,0,8,0,0,0,0,0,0,0,0
1349,L30019,ExceptionThrowingRunner,org.junit.vintage.engine.samples.junit4.ExceptionThrowingRunner,L29938,L103,C:\Users\domco\Desktop\DP\repos\junit5\junit-vintage-engine\src\test\java\org\junit\vintage\engine\samples\junit4\ExceptionThrowingRunner.java,18,1,29,2,0.0,0,0,0,0.0,0.0,0,0,1,0,0,2,1,2,0,1,3,0.333333,0.25,3,3,1,2,0.25,3,1,1,0,0,1,9,12,1,1,0,0,2,0,2,0,4,2,0,3,0,9,12,1,1,0,0,2,0,2,0,4,2,0,3,0,0,0,5,1,0,0,0,0,0,0,0,1,5,0,0,0,0,0,0,0,0
1350,L29485,IgnoredJUnit4TestCase,org.junit.vintage.engine.samples.junit4.IgnoredJUnit4TestCase,L29938,L103,C:\Users\domco\Desktop\DP\repos\junit5\junit-vintage-engine\src\test\java\org\junit\vintage\engine\samples\junit4\IgnoredJUnit4TestCase.java,23,1,36,2,0.0,0,0,0,0.0,0.0,0,0,2,0,0,2,0,4,0,0,2,0.333333,0.214286,3,3,1,2,0.214286,3,0,0,0,0,0,11,14,0,0,0,0,2,0,2,0,2,1,0,2,0,11,14,0,0,0,0,2,0,2,0,2,1,0,2,0,0,0,8,1,1,1,0,0,1,0,0,0,7,1,0,0,0,0,0,0,0
1351,L29490,IgnoredJUnit4TestCaseWithNotFilterableRunner,org.junit.vintage.engine.samples.junit4.IgnoredJUnit4TestCaseWithNotFilterableRunner,L29938,L103,C:\Users\domco\Desktop\DP\repos\junit5\junit-vintage-engine\src\test\java\org\junit\vintage\engine\samples\junit4\IgnoredJUnit4TestCaseWithNotFilterableRunner.java,18,1,20,2,0.0,0,0,0,0.0,0.0,0,0,0,0,0,0,1,1,0,0,0,1.0,0.5,3,3,1,0,0.5,3,1,1,0,0,1,3,3,0,0,0,0,0,0,0,0,0,0,0,0,0,3,3,0,0,0,0,0,0,0,0,0,0,0,0,0,0,0,0,0,0,0,0,0,0,0,0,0,0,0,0,0,0,0,0,0,0
1352,L29901,JUnit4ParameterizedTestCase,org.junit.vintage.engine.samples.junit4.JUnit4ParameterizedTestCase,L29938,L103,C:\Users\domco\Desktop\DP\repos\junit5\junit-vintage-engine\src\test\java\org\junit\vintage\engine\samples\junit4\JUnit4ParameterizedTestCase.java,25,1,56,2,0.0,0,0,0,0.0,0.0,0,0,5,0,0,6,1,1,0,1,7,0.142857,0.2,6,5,1,6,0.2,6,0,0,0,0,0,24,32,0,0,0,0,6,0,6,0,6,4,0,6,0,24,32,0,0,0,0,6,0,6,0,6,4,0,6,0,0,0,14,1,1,1,0,0,1,0,0,0,13,1,0,0,0,0,0,0,0
1353,L30047,JUnit4SuiteOfSuiteWithFilterableChildRunner,org.junit.vintage.engine.samples.junit4.JUnit4SuiteOfSuiteWithFilterableChildRunner,L29938,L103,C:\Users\domco\Desktop\DP\repos\junit5\junit-vintage-engine\src\test\java\org\junit\vintage\engine\samples\junit4\JUnit4SuiteOfSuiteWithFilterableChildRunner.java,20,1,23,2,0.0,0,0,0,0.0,0.0,0,0,0,0,0,0,1,1,0,0,0,1.0,0.428571,3,3,1,0,0.428571,3,0,0,0,0,0,4,4,0,0,0,0,0,0,0,0,0,0,0,0,0,4,4,0,0,0,0,0,0,0,0,0,0,0,0,0,0,0,0,0,0,0,0,0,0,0,0,0,0,0,0,0,0,0,0,0,0
1354,L30050,JUnit4SuiteOfSuiteWithIgnoredJUnit4TestCase,org.junit.vintage.engine.samples.junit4.JUnit4SuiteOfSuiteWithIgnoredJUnit4TestCase,L29938,L103,C:\Users\domco\Desktop\DP\repos\junit5\junit-vintage-engine\src\test\java\org\junit\vintage\engine\samples\junit4\JUnit4SuiteOfSuiteWithIgnoredJUnit4TestCase.java,20,1,23,2,0.0,0,0,0,0.0,0.0,0,0,0,0,0,0,1,1,0,0,0,1.0,0.428571,3,3,1,0,0.428571,3,0,0,0,0,0,4,4,0,0,0,0,0,0,0,0,0,0,0,0,0,4,4,0,0,0,0,0,0,0,0,0,0,0,0,0,0,0,0,0,0,0,0,0,0,0,0,0,0,0,0,0,0,0,0,0,0
1355,L30056,JUnit4SuiteOfSuiteWithJUnit4TestCaseWithAssumptionFailureInBeforeClass,org.junit.vintage.engine.samples.junit4.JUnit4SuiteOfSuiteWithJUnit4TestCaseWithAssumptionFailureInBeforeClass,L29938,L103,C:\Users\domco\Desktop\DP\repos\junit5\junit-vintage-engine\src\test\java\org\junit\vintage\engine\samples\junit4\JUnit4SuiteOfSuiteWithJUnit4TestCaseWithAssumptionFailureInBeforeClass.java,20,1,23,2,0.0,0,0,0,0.0,0.0,0,0,0,0,0,0,1,1,0,0,0,1.0,0.428571,3,3,1,0,0.428571,3,0,0,0,0,0,4,4,0,0,0,0,0,0,0,0,0,0,0,0,0,4,4,0,0,0,0,0,0,0,0,0,0,0,0,0,0,0,0,0,0,0,0,0,0,0,0,0,0,0,0,0,0,0,0,0,0
1356,L30062,JUnit4SuiteOfSuiteWithJUnit4TestCaseWithErrorInBeforeClass,org.junit.vintage.engine.samples.junit4.JUnit4SuiteOfSuiteWithJUnit4TestCaseWithErrorInBeforeClass,L29938,L103,C:\Users\domco\Desktop\DP\repos\junit5\junit-vintage-engine\src\test\java\org\junit\vintage\engine\samples\junit4\JUnit4SuiteOfSuiteWithJUnit4TestCaseWithErrorInBeforeClass.java,20,1,23,2,0.0,0,0,0,0.0,0.0,0,0,0,0,0,0,1,1,0,0,0,1.0,0.428571,3,3,1,0,0.428571,3,0,0,0,0,0,4,4,0,0,0,0,0,0,0,0,0,0,0,0,0,4,4,0,0,0,0,0,0,0,0,0,0,0,0,0,0,0,0,0,0,0,0,0,0,0,0,0,0,0,0,0,0,0,0,0,0
1357,L30068,JUnit4SuiteWithExceptionThrowingRunner,org.junit.vintage.engine.samples.junit4.JUnit4SuiteWithExceptionThrowingRunner,L29938,L103,C:\Users\domco\Desktop\DP\repos\junit5\junit-vintage-engine\src\test\java\org\junit\vintage\engine\samples\junit4\JUnit4SuiteWithExceptionThrowingRunner.java,19,1,22,2,0.0,0,0,0,0.0,0.0,0,0,0,0,0,0,2,1,0,0,0,1.0,0.428571,3,3,1,0,0.428571,3,0,0,0,0,0,4,4,0,0,0,0,0,0,0,0,0,0,0,0,0,4,4,0,0,0,0,0,0,0,0,0,0,0,0,0,0,0,0,0,0,0,0,0,0,0,0,0,0,0,0,0,0,0,0,0,0
1358,L30052,JUnit4SuiteWithIgnoredJUnit4TestCase,org.junit.vintage.engine.samples.junit4.JUnit4SuiteWithIgnoredJUnit4TestCase,L29938,L103,C:\Users\domco\Desktop\DP\repos\junit5\junit-vintage-engine\src\test\java\org\junit\vintage\engine\samples\junit4\JUnit4SuiteWithIgnoredJUnit4TestCase.java,20,1,23,2,0.0,0,0,0,0.0,0.0,0,0,0,0,0,0,1,2,0,0,0,1.0,0.428571,3,3,1,0,0.428571,3,0,0,0,0,0,4,4,0,0,0,0,0,0,0,0,0,0,0,0,0,4,4,0,0,0,0,0,0,0,0,0,0,0,0,0,0,0,0,0,0,0,0,0,0,0,0,0,0,0,0,0,0,0,0,0,0
1359,L30075,JUnit4SuiteWithJUnit3SuiteWithSingleTestCase,org.junit.vintage.engine.samples.junit4.JUnit4SuiteWithJUnit3SuiteWithSingleTestCase,L29938,L103,C:\Users\domco\Desktop\DP\repos\junit5\junit-vintage-engine\src\test\java\org\junit\vintage\engine\samples\junit4\JUnit4SuiteWithJUnit3SuiteWithSingleTestCase.java,21,1,24,2,0.0,0,0,0,0.0,0.0,0,0,0,0,0,0,1,1,0,0,0,1.0,0.428571,3,3,1,0,0.428571,3,0,0,0,0,0,4,4,0,0,0,0,0,0,0,0,0,0,0,0,0,4,4,0,0,0,0,0,0,0,0,0,0,0,0,0,0,0,0,0,0,0,0,0,0,0,0,0,0,0,0,0,0,0,0,0,0
1360,L30058,JUnit4SuiteWithJUnit4TestCaseWithAssumptionFailureInBeforeClass,org.junit.vintage.engine.samples.junit4.JUnit4SuiteWithJUnit4TestCaseWithAssumptionFailureInBeforeClass,L29938,L103,C:\Users\domco\Desktop\DP\repos\junit5\junit-vintage-engine\src\test\java\org\junit\vintage\engine\samples\junit4\JUnit4SuiteWithJUnit4TestCaseWithAssumptionFailureInBeforeClass.java,20,1,23,2,0.0,0,0,0,0.0,0.0,0,0,0,0,0,0,1,2,0,0,0,1.0,0.428571,3,3,1,0,0.428571,3,0,0,0,0,0,4,4,0,0,0,0,0,0,0,0,0,0,0,0,0,4,4,0,0,0,0,0,0,0,0,0,0,0,0,0,0,0,0,0,0,0,0,0,0,0,0,0,0,0,0,0,0,0,0,0,0
1361,L30064,JUnit4SuiteWithJUnit4TestCaseWithErrorInBeforeClass,org.junit.vintage.engine.samples.junit4.JUnit4SuiteWithJUnit4TestCaseWithErrorInBeforeClass,L29938,L103,C:\Users\domco\Desktop\DP\repos\junit5\junit-vintage-engine\src\test\java\org\junit\vintage\engine\samples\junit4\JUnit4SuiteWithJUnit4TestCaseWithErrorInBeforeClass.java,20,1,23,2,0.0,0,0,0,0.0,0.0,0,0,0,0,0,0,1,2,0,0,0,1.0,0.428571,3,3,1,0,0.428571,3,0,0,0,0,0,4,4,0,0,0,0,0,0,0,0,0,0,0,0,0,4,4,0,0,0,0,0,0,0,0,0,0,0,0,0,0,0,0,0,0,0,0,0,0,0,0,0,0,0,0,0,0,0,0,0,0
1362,L30090,JUnit4SuiteWithPlainJUnit4TestCaseWithSingleTestWhichIsIgnored,org.junit.vintage.engine.samples.junit4.JUnit4SuiteWithPlainJUnit4TestCaseWithSingleTestWhichIsIgnored,L29938,L103,C:\Users\domco\Desktop\DP\repos\junit5\junit-vintage-engine\src\test\java\org\junit\vintage\engine\samples\junit4\JUnit4SuiteWithPlainJUnit4TestCaseWithSingleTestWhichIsIgnored.java,20,1,23,2,0.0,0,0,0,0.0,0.0,0,0,0,0,0,0,1,2,0,0,0,1.0,0.428571,3,3,1,0,0.428571,3,0,0,0,0,0,4,4,0,0,0,0,0,0,0,0,0,0,0,0,0,4,4,0,0,0,0,0,0,0,0,0,0,0,0,0,0,0,0,0,0,0,0,0,0,0,0,0,0,0,0,0,0,0,0,0,0
1363,L30096,JUnit4SuiteWithTwoTestCases,org.junit.vintage.engine.samples.junit4.JUnit4SuiteWithTwoTestCases,L29938,L103,C:\Users\domco\Desktop\DP\repos\junit5\junit-vintage-engine\src\test\java\org\junit\vintage\engine\samples\junit4\JUnit4SuiteWithTwoTestCases.java,20,1,23,2,0.0,0,0,0,0.0,0.0,0,0,0,0,0,0,2,2,0,0,0,1.0,0.428571,3,3,1,0,0.428571,3,0,0,0,0,0,4,4,0,0,0,0,0,0,0,0,0,0,0,0,0,4,4,0,0,0,0,0,0,0,0,0,0,0,0,0,0,0,0,0,0,0,0,0,0,0,0,0,0,0,0,0,0,0,0,0,0
1364,L30081,JUnit4TestCaseWithAssumptionFailureInBeforeClass,org.junit.vintage.engine.samples.junit4.JUnit4TestCaseWithAssumptionFailureInBeforeClass,L29938,L103,C:\Users\domco\Desktop\DP\repos\junit5\junit-vintage-engine\src\test\java\org\junit\vintage\engine\samples\junit4\JUnit4TestCaseWithAssumptionFailureInBeforeClass.java,22,1,34,2,0.0,0,0,0,0.0,0.0,0,0,2,0,0,2,0,2,0,0,2,0.333333,0.230769,3,3,1,2,0.230769,3,0,0,0,0,0,10,13,0,0,0,0,2,0,2,0,2,2,0,2,0,10,13,0,0,0,0,2,0,2,0,2,2,0,2,0,0,0,8,0,0,0,0,0,1,0,0,0,7,0,0,0,0,0,0,0,0
1365,L30106,JUnit4TestCaseWithErrorCollectorStoringMultipleFailures,org.junit.vintage.engine.samples.junit4.JUnit4TestCaseWithErrorCollectorStoringMultipleFailures,L29938,L103,C:\Users\domco\Desktop\DP\repos\junit5\junit-vintage-engine\src\test\java\org\junit\vintage\engine\samples\junit4\JUnit4TestCaseWithErrorCollectorStoringMultipleFailures.java,20,1,35,2,0.0,0,0,0,0.0,0.0,0,0,1,0,0,2,0,1,0,0,2,0.0,0.0714286,1,0,0,2,0.0714286,1,0,0,0,0,0,13,16,1,1,1,1,2,1,1,0,2,4,1,1,0,13,16,1,1,1,1,2,1,1,0,2,4,1,1,0,0,0,11,1,0,1,0,0,0,0,0,0,7,0,0,0,0,0,0,4,0
1366,L30113,JUnit4TestCaseWithErrorInAfterClass,org.junit.vintage.engine.samples.junit4.JUnit4TestCaseWithErrorInAfterClass,L29938,L103,C:\Users\domco\Desktop\DP\repos\junit5\junit-vintage-engine\src\test\java\org\junit\vintage\engine\samples\junit4\JUnit4TestCaseWithErrorInAfterClass.java,23,1,41,2,0.0,0,0,0,0.0,0.0,0,0,3,0,0,3,0,1,0,0,3,0.25,0.222222,4,3,1,3,0.222222,4,0,0,0,0,0,14,19,0,0,0,0,3,0,3,0,3,2,0,3,0,14,19,0,0,0,0,3,0,3,0,3,2,0,3,0,0,0,8,1,0,1,0,0,1,0,0,0,7,0,0,0,0,0,0,0,0
1367,L30086,JUnit4TestCaseWithErrorInBeforeClass,org.junit.vintage.engine.samples.junit4.JUnit4TestCaseWithErrorInBeforeClass,L29938,L103,C:\Users\domco\Desktop\DP\repos\junit5\junit-vintage-engine\src\test\java\org\junit\vintage\engine\samples\junit4\JUnit4TestCaseWithErrorInBeforeClass.java,21,1,33,2,0.0,0,0,0,0.0,0.0,0,0,2,0,0,2,0,2,0,0,2,0.333333,0.230769,3,3,1,2,0.230769,3,0,0,0,0,0,10,13,0,0,0,0,2,0,2,0,2,2,0,2,0,10,13,0,0,0,0,2,0,2,0,2,2,0,2,0,0,0,8,0,0,0,0,0,1,0,0,0,7,0,0,0,0,0,0,0,0
1368,L30123,JUnit4TestCaseWithExceptionThrowingRunner,org.junit.vintage.engine.samples.junit4.JUnit4TestCaseWithExceptionThrowingRunner,L29938,L103,C:\Users\domco\Desktop\DP\repos\junit5\junit-vintage-engine\src\test\java\org\junit\vintage\engine\samples\junit4\JUnit4TestCaseWithExceptionThrowingRunner.java,19,1,22,2,0.0,0,0,0,0.0,0.0,0,0,0,0,0,0,2,1,0,0,0,1.0,0.428571,3,3,1,0,0.428571,3,0,0,0,0,0,4,4,0,0,0,0,0,0,0,0,0,0,0,0,0,4,4,0,0,0,0,0,0,0,0,0,0,0,0,0,0,0,0,0,0,0,0,0,0,0,0,0,0,0,0,0,0,0,0,0,0
1369,L30033,JUnit4TestCaseWithNotFilterableRunner,org.junit.vintage.engine.samples.junit4.JUnit4TestCaseWithNotFilterableRunner,L29938,L103,C:\Users\domco\Desktop\DP\repos\junit5\junit-vintage-engine\src\test\java\org\junit\vintage\engine\samples\junit4\JUnit4TestCaseWithNotFilterableRunner.java,20,1,24,2,0.0,0,0,0,0.0,0.0,0,0,0,0,0,0,4,4,0,0,0,1.0,0.375,3,3,1,0,0.375,3,0,0,1,1,0,5,5,0,0,0,0,0,0,0,0,0,0,0,0,0,5,5,0,0,0,0,0,0,0,0,0,0,0,0,0,0,0,0,0,0,0,0,0,0,0,0,0,0,0,0,0,0,0,0,0,0
1370,L30129,JUnit4TestCaseWithOverloadedMethod,org.junit.vintage.engine.samples.junit4.JUnit4TestCaseWithOverloadedMethod,L29938,L103,C:\Users\domco\Desktop\DP\repos\junit5\junit-vintage-engine\src\test\java\org\junit\vintage\engine\samples\junit4\JUnit4TestCaseWithOverloadedMethod.java,23,1,39,2,0.0,0,0,0,0.0,0.0,0,0,2,0,0,2,0,2,0,0,2,0.333333,0.1875,3,3,1,2,0.1875,3,0,0,0,0,0,13,17,1,0,1,0,2,1,2,0,2,2,1,2,0,13,17,1,0,1,0,2,1,2,0,2,2,1,2,0,0,0,12,0,0,0,0,0,1,0,0,0,7,0,0,0,0,0,0,4,0
1371,L30138,JUnit4TestCaseWithRunnerWithCustomUniqueIds,org.junit.vintage.engine.samples.junit4.JUnit4TestCaseWithRunnerWithCustomUniqueIds,L29938,L103,C:\Users\domco\Desktop\DP\repos\junit5\junit-vintage-engine\src\test\java\org\junit\vintage\engine\samples\junit4\JUnit4TestCaseWithRunnerWithCustomUniqueIds.java,20,1,28,2,0.0,0,0,0,0.0,0.0,0,0,1,0,0,1,1,2,0,0,1,0.5,0.3,3,3,1,1,0.3,3,0,0,0,0,0,7,9,0,0,0,0,1,0,1,0,1,1,0,1,0,7,9,0,0,0,0,1,0,1,0,1,1,0,1,0,0,0,3,0,0,0,0,0,0,0,0,0,3,0,0,0,0,0,0,0,0
1372,L30145,MalformedJUnit4TestCase,org.junit.vintage.engine.samples.junit4.MalformedJUnit4TestCase,L29938,L103,C:\Users\domco\Desktop\DP\repos\junit5\junit-vintage-engine\src\test\java\org\junit\vintage\engine\samples\junit4\MalformedJUnit4TestCase.java,20,1,28,2,0.0,0,0,0,0.0,0.0,0,0,1,0,0,1,0,1,0,0,1,1.0,0.4,4,3,1,0,0.4,4,0,0,0,0,0,6,9,0,0,0,0,1,0,0,0,1,1,0,0,0,6,9,0,0,0,0,1,0,0,0,1,1,0,0,0,0,0,2,0,2,0,0,1,0,0,0,0,2,0,1,0,0,0,0,0,0
1373,L29493,NotFilterableRunner,org.junit.vintage.engine.samples.junit4.NotFilterableRunner,L29938,L103,C:\Users\domco\Desktop\DP\repos\junit5\junit-vintage-engine\src\test\java\org\junit\vintage\engine\samples\junit4\NotFilterableRunner.java,18,1,32,2,0.0,0,0,0,0.0,0.0,0,0,1,0,0,2,1,3,0,2,4,0.333333,0.230769,3,3,1,2,0.230769,3,1,1,0,0,1,10,15,1,1,0,0,2,0,2,0,4,2,0,3,0,10,15,1,1,0,0,2,0,2,0,4,2,0,3,0,0,0,7,0,0,0,0,0,0,0,0,0,7,0,0,0,0,0,0,0,0
1374,L30155,ParameterizedTestCase,org.junit.vintage.engine.samples.junit4.ParameterizedTestCase,L29938,L103,C:\Users\domco\Desktop\DP\repos\junit5\junit-vintage-engine\src\test\java\org\junit\vintage\engine\samples\junit4\ParameterizedTestCase.java,25,1,41,2,0.0,0,0,0,0.0,0.0,0,0,2,0,0,2,0,3,0,0,2,0.333333,0.1875,3,3,1,2,0.1875,3,0,0,0,0,0,13,17,1,0,1,0,2,1,2,0,2,2,1,2,0,13,17,1,0,1,0,2,1,2,0,2,2,1,2,0,0,0,12,0,2,1,0,1,1,0,0,0,7,0,0,0,0,0,0,4,0
1375,L29478,PlainJUnit4TestCaseWithFiveTestMethods,org.junit.vintage.engine.samples.junit4.PlainJUnit4TestCaseWithFiveTestMethods,L29938,L103,C:\Users\domco\Desktop\DP\repos\junit5\junit-vintage-engine\src\test\java\org\junit\vintage\engine\samples\junit4\PlainJUnit4TestCaseWithFiveTestMethods.java,30,1,64,2,0.0,0,0,0,0.0,0.0,0,0,5,0,0,5,4,4,0,0,5,0.166667,0.09375,3,3,1,5,0.09375,3,0,0,0,0,0,29,35,0,0,0,0,5,0,5,0,5,5,0,5,0,29,35,0,0,0,0,5,0,5,0,5,5,0,5,0,0,0,14,1,1,2,0,0,1,0,0,0,13,0,0,0,0,0,0,0,0
1376,L30171,PlainJUnit4TestCaseWithLifecycleMethods,org.junit.vintage.engine.samples.junit4.PlainJUnit4TestCaseWithLifecycleMethods,L29938,L103,C:\Users\domco\Desktop\DP\repos\junit5\junit-vintage-engine\src\test\java\org\junit\vintage\engine\samples\junit4\PlainJUnit4TestCaseWithLifecycleMethods.java,27,1,68,2,0.0,0,0,0,0.0,0.0,0,0,1,0,0,7,0,2,0,0,7,0.0,0.0,0,0,0,8,0.0,0,0,0,0,0,0,34,42,1,0,1,0,7,1,7,0,7,8,1,7,0,34,42,1,0,1,0,7,1,7,0,7,8,1,7,0,0,0,21,2,1,3,0,0,0,0,0,0,17,0,0,0,0,0,0,4,0
1377,L30182,PlainJUnit4TestCaseWithSingleInheritedTestWhichFails,org.junit.vintage.engine.samples.junit4.PlainJUnit4TestCaseWithSingleInheritedTestWhichFails,L29938,L103,C:\Users\domco\Desktop\DP\repos\junit5\junit-vintage-engine\src\test\java\org\junit\vintage\engine\samples\junit4\PlainJUnit4TestCaseWithSingleInheritedTestWhichFails.java,16,1,17,2,0.0,0,0,0,0.0,0.0,0,0,0,0,0,0,1,1,0,0,0,1.0,0.6,3,3,1,0,0.6,3,1,1,0,0,1,2,2,0,0,0,0,0,0,0,0,1,0,0,1,0,2,2,0,0,0,0,0,0,0,0,1,0,0,1,0,0,0,0,0,0,0,0,0,0,0,0,0,0,0,0,0,0,0,0,0,0
1378,L29771,PlainJUnit4TestCaseWithSingleTestWhichFails,org.junit.vintage.engine.samples.junit4.PlainJUnit4TestCaseWithSingleTestWhichFails,L29938,L103,C:\Users\domco\Desktop\DP\repos\junit5\junit-vintage-engine\src\test\java\org\junit\vintage\engine\samples\junit4\PlainJUnit4TestCaseWithSingleTestWhichFails.java,20,1,27,2,0.0,0,0,0,0.0,0.0,0,0,1,0,0,1,0,6,0,0,1,0.5,0.333333,3,3,1,1,0.333333,3,0,0,1,1,0,6,8,0,0,0,0,1,0,1,0,1,1,0,1,0,6,8,0,0,0,0,1,0,1,0,1,1,0,1,0,0,0,3,0,0,0,0,0,0,0,0,0,3,0,0,0,0,0,0,0,0
1379,L30092,PlainJUnit4TestCaseWithSingleTestWhichIsIgnored,org.junit.vintage.engine.samples.junit4.PlainJUnit4TestCaseWithSingleTestWhichIsIgnored,L29938,L103,C:\Users\domco\Desktop\DP\repos\junit5\junit-vintage-engine\src\test\java\org\junit\vintage\engine\samples\junit4\PlainJUnit4TestCaseWithSingleTestWhichIsIgnored.java,20,1,28,2,0.0,0,0,0,0.0,0.0,0,0,1,0,0,1,0,3,0,0,1,0.5,0.3,3,3,1,1,0.3,3,0,0,0,0,0,7,9,0,0,0,0,1,0,1,0,1,1,0,1,0,7,9,0,0,0,0,1,0,1,0,1,1,0,1,0,0,0,3,0,0,0,0,0,0,0,0,0,3,0,0,0,0,0,0,0,0
1380,L30098,PlainJUnit4TestCaseWithTwoTestMethods,org.junit.vintage.engine.samples.junit4.PlainJUnit4TestCaseWithTwoTestMethods,L29938,L103,C:\Users\domco\Desktop\DP\repos\junit5\junit-vintage-engine\src\test\java\org\junit\vintage\engine\samples\junit4\PlainJUnit4TestCaseWithTwoTestMethods.java,24,1,38,2,0.0,0,0,0,0.0,0.0,0,0,2,0,0,2,2,4,0,0,2,0.333333,0.2,3,3,1,2,0.2,3,0,0,0,0,0,12,15,0,0,0,0,2,0,2,0,2,2,0,2,0,12,15,0,0,0,0,2,0,2,0,2,2,0,2,0,0,0,8,0,1,1,0,0,1,0,0,0,7,0,0,0,0,0,0,0,0
1381,L30140,RunnerWithCustomUniqueIds,org.junit.vintage.engine.samples.junit4.RunnerWithCustomUniqueIds,L29938,L103,C:\Users\domco\Desktop\DP\repos\junit5\junit-vintage-engine\src\test\java\org\junit\vintage\engine\samples\junit4\RunnerWithCustomUniqueIds.java,26,1,62,2,0.0,0,0,0,0.0,0.0,0,0,1,0,0,2,1,1,0,1,3,0.5,0.230769,3,3,1,1,0.09375,3,0,0,0,0,0,10,13,0,0,0,0,2,0,1,0,2,3,0,1,0,29,37,2,0,2,0,5,0,4,0,5,9,0,4,0,0,0,16,0,0,0,0,0,0,0,0,0,16,0,0,0,0,0,0,0,0
1382,L30213,SingleFailingTheoryTestCase,org.junit.vintage.engine.samples.junit4.SingleFailingTheoryTestCase,L29938,L103,C:\Users\domco\Desktop\DP\repos\junit5\junit-vintage-engine\src\test\java\org\junit\vintage\engine\samples\junit4\SingleFailingTheoryTestCase.java,21,1,29,2,0.0,0,0,0,0.0,0.0,0,0,1,0,0,1,0,1,0,0,1,0.5,0.3,3,3,1,1,0.3,3,0,0,0,0,0,7,9,0,0,0,0,1,0,1,0,1,1,0,1,0,7,9,0,0,0,0,1,0,1,0,1,1,0,1,0,0,0,3,0,0,0,0,0,0,0,0,0,3,0,0,0,0,0,0,0,0
1383,L30217,TestCaseRunWithJUnitPlatformRunner,org.junit.vintage.engine.samples.junit4.TestCaseRunWithJUnitPlatformRunner,L29938,L103,C:\Users\domco\Desktop\DP\repos\junit5\junit-vintage-engine\src\test\java\org\junit\vintage\engine\samples\junit4\TestCaseRunWithJUnitPlatformRunner.java,20,1,23,2,0.0,0,0,0,0.0,0.0,0,0,0,0,0,0,3,1,0,0,0,1.0,0.428571,3,3,1,0,0.428571,3,0,0,0,0,0,4,4,0,0,0,0,0,0,0,0,0,0,0,0,0,4,4,0,0,0,0,0,0,0,0,0,0,0,0,0,0,0,0,0,0,0,0,0,0,0,0,0,0,0,0,0,0,0,0,0,0
1384,L30264,VintageLauncherIntegrationTests$1,org.junit.vintage.engine.VintageLauncherIntegrationTests$1,L30230,L103,C:\Users\domco\Desktop\DP\repos\junit5\junit-vintage-engine\src\test\java\org\junit\vintage\engine\VintageLauncherIntegrationTests.java,251,57,256,4,0.0,0,0,0,0.0,0.0,0,0,1,0,0,1,3,0,0,0,1,0.0,0.0,0,0,0,2,0.0,0,1,1,0,0,1,6,6,0,0,0,0,1,0,1,0,7,1,0,7,0,6,6,0,0,0,0,1,0,1,0,7,1,0,7,0,0,0,5,0,0,0,0,0,0,0,0,0,5,0,0,0,0,0,0,0,0
1385,L30446,VintageTestEngineExecutionTests$1,org.junit.vintage.engine.VintageTestEngineExecutionTests$1,L30441,L103,C:\Users\domco\Desktop\DP\repos\junit5\junit-vintage-engine\src\test\java\org\junit\vintage\engine\VintageTestEngineExecutionTests.java,348,68,374,4,0.0,0,0,0,0.0,0.0,0,0,5,0,0,5,5,0,0,1,6,0.0,0.0,0,0,0,6,0.0,0,1,1,0,0,1,23,27,0,0,0,0,5,0,5,0,5,3,0,5,0,23,27,0,0,0,0,5,0,5,0,5,3,0,5,0,0,0,14,0,2,0,0,0,1,0,0,0,13,2,0,0,0,0,0,0,0
1386,L29180,MethodSelectorResolver$1,org.junit.vintage.engine.discovery.MethodSelectorResolver$1,L29176,L103,C:\Users\domco\Desktop\DP\repos\junit5\junit-vintage-engine\src\main\java\org\junit\vintage\engine\discovery\MethodSelectorResolver.java,48,23,73,4,0.0,0,0,0,0.0,0.0,0,0,2,2,2,7,0,0,0,0,3,0.0,0.0454545,1,0,0,3,0.0454545,1,0,0,0,0,0,21,26,0,0,0,0,3,0,2,0,3,8,0,2,0,21,26,0,0,0,0,3,0,2,0,3,8,0,2,0,0,0,10,0,0,0,0,0,1,0,0,0,9,0,0,0,0,0,0,0,0
1387,L29225,RunnerTestDescriptorAwareFilter$1,org.junit.vintage.engine.discovery.RunnerTestDescriptorAwareFilter$1,L29174,L103,C:\Users\domco\Desktop\DP\repos\junit5\junit-vintage-engine\src\main\java\org\junit\vintage\engine\discovery\RunnerTestDescriptorAwareFilter.java,25,48,40,4,0.0,0,0,0,0.0,0.0,0,0,3,0,0,3,2,0,0,0,3,0.0,0.0714286,1,0,0,3,0.0714286,1,1,1,0,0,1,13,16,0,0,0,0,3,0,2,0,4,2,0,2,0,13,16,0,0,0,0,3,0,2,0,4,2,0,2,0,0,0,8,0,0,0,0,0,1,0,0,0,7,0,0,0,0,0,0,0,0
1388,L29454,IsPotentialJUnit4TestClassTests$1,org.junit.vintage.engine.discovery.IsPotentialJUnit4TestClassTests$1,L29451,L103,C:\Users\domco\Desktop\DP\repos\junit5\junit-vintage-engine\src\test\java\org\junit\vintage\engine\discovery\IsPotentialJUnit4TestClassTests.java,51,23,53,4,0.0,0,0,0,0.0,0.0,0,0,0,0,0,0,1,0,0,0,0,0.0,0.0,0,0,0,1,0.0,0,1,1,0,0,1,2,3,0,0,0,0,0,0,0,0,0,0,0,0,0,2,3,0,0,0,0,0,0,0,0,0,0,0,0,0,0,0,3,0,0,0,0,0,0,0,0,0,3,0,0,0,0,0,0,0,0
1389,L30009,EnclosedJUnit4TestCase$NestedClass,org.junit.vintage.engine.samples.junit4.EnclosedJUnit4TestCase$NestedClass,L30006,L103,C:\Users\domco\Desktop\DP\repos\junit5\junit-vintage-engine\src\test\java\org\junit\vintage\engine\samples\junit4\EnclosedJUnit4TestCase.java,27,2,40,3,0.0,0,0,0,0.0,0.0,0,0,2,0,0,2,3,2,0,0,2,0.0,0.0,0,0,0,3,0.0,0,0,0,0,0,0,12,14,0,0,0,0,2,0,2,0,2,2,0,2,0,12,14,0,0,0,0,2,0,2,0,2,2,0,2,0,0,0,8,0,0,0,0,0,1,0,0,0,7,0,0,0,0,0,0,0,0
1390,L30201,RunnerWithCustomUniqueIds$CustomUniqueId,org.junit.vintage.engine.samples.junit4.RunnerWithCustomUniqueIds$CustomUniqueId,L30140,L103,C:\Users\domco\Desktop\DP\repos\junit5\junit-vintage-engine\src\test\java\org\junit\vintage\engine\samples\junit4\RunnerWithCustomUniqueIds.java,38,2,61,3,0.0,0,0,0,0.0,0.0,0,0,1,1,1,4,0,1,1,0,3,0.0,0.0,0,0,0,4,0.0,0,0,0,0,0,0,19,24,2,0,2,0,3,0,3,0,3,6,0,3,0,19,24,2,0,2,0,3,0,3,0,3,6,0,3,0,0,0,9,0,0,0,0,0,0,0,0,0,9,0,0,0,0,0,0,0,0
1391,L30794,Request$Builder,platform.tooling.support.Request$Builder,L30787,L103,C:\Users\domco\Desktop\DP\repos\junit5\platform-tooling-support-tests\src\main\java\platform\tooling\support\Request.java,107,2,164,3,0.0,0,0,0,0.0,0.0,0,0,2,1,1,11,1,7,6,0,9,0.0,0.0,0,0,0,9,0.0,0,0,0,0,0,0,48,58,1,0,1,0,9,0,8,5,9,25,0,8,5,48,58,1,0,1,0,9,0,8,5,9,25,0,8,5,0,0,22,0,0,0,0,0,1,0,0,0,21,0,0,0,0,0,0,0,0
1392,L30877,AntStarterTests,platform.tooling.support.tests.AntStarterTests,L30867,L103,C:\Users\domco\Desktop\DP\repos\junit5\platform-tooling-support-tests\src\test\java\platform\tooling\support\tests\AntStarterTests.java,27,1,59,2,0.0,0,0,0,0.0,0.0,0,0,1,0,0,1,4,0,0,5,6,1.0,0.433962,23,3,1,0,0.433962,23,0,0,0,0,0,30,33,0,0,0,0,1,0,0,0,1,5,0,0,0,30,33,0,0,0,0,1,0,0,0,1,5,0,0,0,0,0,0,1,3,2,0,1,0,0,0,0,0,0,1,0,0,0,0,0,0
1393,L30883,ArchUnitTests,platform.tooling.support.tests.ArchUnitTests,L30867,L103,C:\Users\domco\Desktop\DP\repos\junit5\platform-tooling-support-tests\src\test\java\platform\tooling\support\tests\ArchUnitTests.java,31,1,80,2,0.0,0,0,0,0.0,0.0,0,0,5,0,0,5,2,0,0,1,6,0.0,0.225,9,0,0,1,0.195652,9,0,0,0,0,0,31,42,0,0,0,0,5,0,0,0,5,8,0,0,0,37,50,0,0,0,0,6,0,1,0,6,9,0,1,0,0,0,17,0,5,0,0,5,1,0,0,0,16,0,0,0,0,0,0,0,0
1394,L30904,GradleKotlinExtensionsTests,platform.tooling.support.tests.GradleKotlinExtensionsTests,L30867,L103,C:\Users\domco\Desktop\DP\repos\junit5\platform-tooling-support-tests\src\test\java\platform\tooling\support\tests\GradleKotlinExtensionsTests.java,26,1,40,2,0.983607,1,1,1,0.8,0.846154,12,11,1,0,0,1,4,0,0,4,5,1.0,0.380952,8,3,1,0,0.380952,8,0,0,0,0,0,13,15,0,0,0,0,1,0,0,0,1,3,0,0,0,13,15,0,0,0,0,1,0,0,0,1,3,0,0,0,0,0,11,0,4,3,11,1,0,0,0,0,0,0,0,0,0,0,0,0,0
1395,L30908,GradleMissingEngineTests,platform.tooling.support.tests.GradleMissingEngineTests,L30867,L103,C:\Users\domco\Desktop\DP\repos\junit5\platform-tooling-support-tests\src\test\java\platform\tooling\support\tests\GradleMissingEngineTests.java,31,1,66,2,0.0,0,0,0,0.0,0.0,0,0,1,0,0,3,6,0,0,6,9,1.0,0.346939,17,3,1,0,0.346939,17,0,0,0,0,0,32,36,0,0,0,0,3,0,0,0,3,7,0,0,0,32,36,0,0,0,0,3,0,0,0,3,7,0,0,0,0,0,4,2,3,3,0,2,0,0,0,0,4,0,0,0,0,0,0,0,0
1396,L30921,GradleStarterTests,platform.tooling.support.tests.GradleStarterTests,L30867,L103,C:\Users\domco\Desktop\DP\repos\junit5\platform-tooling-support-tests\src\test\java\platform\tooling\support\tests\GradleStarterTests.java,26,1,40,2,0.983607,1,1,1,0.8,0.846154,12,11,1,0,0,1,4,0,0,4,5,1.0,0.380952,8,3,1,0,0.380952,8,0,0,0,0,0,13,15,0,0,0,0,1,0,0,0,1,3,0,0,0,13,15,0,0,0,0,1,0,0,0,1,3,0,0,0,0,0,11,0,4,3,11,1,0,0,0,0,0,0,0,0,0,0,0,0,1.0
1397,L30925,JarDescribeModuleTests,platform.tooling.support.tests.JarDescribeModuleTests,L30867,L103,C:\Users\domco\Desktop\DP\repos\junit5\platform-tooling-support-tests\src\test\java\platform\tooling\support\tests\JarDescribeModuleTests.java,32,1,60,2,0.0,0,0,0,0.0,0.0,0,0,1,1,1,2,6,0,0,7,8,1.0,0.277778,10,3,1,0,0.277778,10,0,0,0,0,0,26,29,0,0,0,0,1,0,0,0,1,12,0,0,0,26,29,0,0,0,0,1,0,0,0,1,12,0,0,0,0,0,2,1,2,1,0,1,0,0,0,1,2,0,0,0,0,0,0,0,0
1398,L30932,JdepsTests,platform.tooling.support.tests.JdepsTests,L30867,L103,C:\Users\domco\Desktop\DP\repos\junit5\platform-tooling-support-tests\src\test\java\platform\tooling\support\tests\JdepsTests.java,47,1,224,2,0.0,0,0,0,0.0,0.0,0,0,1,3,3,23,7,0,0,10,19,1.0,0.136646,22,3,1,0,0.136646,22,0,0,0,0,0,139,178,3,0,3,0,9,0,0,0,9,77,0,0,0,139,178,3,0,3,0,9,0,0,0,9,77,0,0,0,0,2,20,2,3,0,0,3,0,0,0,2,20,0,1,0,0,1,0,0,0
1399,L31003,MavenStarterTests,platform.tooling.support.tests.MavenStarterTests,L30867,L103,C:\Users\domco\Desktop\DP\repos\junit5\platform-tooling-support-tests\src\test\java\platform\tooling\support\tests\MavenStarterTests.java,27,1,44,2,0.0,0,0,0,0.0,0.0,0,0,1,0,0,1,4,0,0,5,6,1.0,0.36,9,3,1,0,0.36,9,0,0,0,0,0,16,18,0,0,0,0,1,0,0,0,1,5,0,0,0,16,18,0,0,0,0,1,0,0,0,1,5,0,0,0,0,0,0,0,5,4,0,1,0,0,0,0,0,0,0,0,0,0,0,0,0
1400,L30884,ArchUnitTests$AllJars,platform.tooling.support.tests.ArchUnitTests$AllJars,L30883,L103,C:\Users\domco\Desktop\DP\repos\junit5\platform-tooling-support-tests\src\test\java\platform\tooling\support\tests\ArchUnitTests.java,71,2,78,3,0.0,0,0,0,0.0,0.0,0,0,1,0,0,1,1,1,0,1,2,0.0,0.0,0,0,0,2,0.0,0,0,0,0,0,0,6,8,0,0,0,0,1,0,1,0,1,1,0,1,0,6,8,0,0,0,0,1,0,1,0,1,1,0,1,0,0,0,5,0,0,0,0,0,0,0,0,0,5,0,0,0,0,0,0,0,0
