,ID,Name,LongName,Parent,Component,Path,Line,Column,EndLine,EndColumn,CC,CCL,CCO,CI,CLC,CLLC,LDC,LLDC,LCOM5,NL,NLE,WMC,CBO,CBOI,NII,NOI,RFC,AD,CD,CLOC,DLOC,PDA,PUA,TCD,TCLOC,DIT,NOA,NOC,NOD,NOP,LLOC,LOC,NA,NG,NLA,NLG,NLM,NLPA,NLPM,NLS,NM,NOS,NPA,NPM,NS,TLLOC,TLOC,TNA,TNG,TNLA,TNLG,TNLM,TNLPA,TNLPM,TNLS,TNM,TNOS,TNPA,TNPM,TNS,WarningBlocker,WarningCritical,WarningInfo,WarningMajor,WarningMinor,Best Practice Rules,Clone Metric Rules,Code Style Rules,Cohesion Metric Rules,Complexity Metric Rules,Coupling Metric Rules,Design Rules,Documentation Metric Rules,Documentation Rules,Error Prone Rules,Inheritance Metric Rules,Multithreading Rules,Performance Rules,Security Rules,Size Metric Rules,isDefective
0,L6052,AllCoreTests,com.dangdang.ddframe.job.AllCoreTests,L107,L103,C:\Users\domco\Desktop\DP\repos\shardingsphere-elasticjob\elastic-job-common\elastic-job-common-core\src\test\java\com\dangdang\ddframe\job\AllCoreTests.java,35,1,49,2,0.0,0,0,0,0.0,0.0,0,0,0,0,0,0,9,0,0,0,0,0.0,0.0,0,0,0,1,0.0,0,0,0,0,0,0,15,15,0,0,0,0,0,0,0,0,0,0,0,0,0,15,15,0,0,0,0,0,0,0,0,0,0,0,0,0,0,0,3,0,0,0,0,0,0,0,0,0,3,0,0,0,0,0,0,0,0
1,L657,ShardingContext,com.dangdang.ddframe.job.api.ShardingContext,L3523,L103,C:\Users\domco\Desktop\DP\repos\shardingsphere-elasticjob\elastic-job-common\elastic-job-common-core\src\main\java\com\dangdang\ddframe\job\api\ShardingContext.java,29,1,72,2,0.0,0,0,0,0.0,0.0,0,0,0,0,0,1,1,27,3,0,1,0.5,0.571429,24,24,1,1,0.571429,24,0,0,0,0,0,18,44,6,0,6,0,1,0,1,0,1,6,0,1,0,18,44,6,0,6,0,1,0,1,0,1,6,0,1,0,0,0,4,0,0,0,0,0,0,0,0,0,3,0,0,0,0,0,0,1,0
2,L3598,AllApiTests,com.dangdang.ddframe.job.api.AllApiTests,L3523,L103,C:\Users\domco\Desktop\DP\repos\shardingsphere-elasticjob\elastic-job-common\elastic-job-common-core\src\test\java\com\dangdang\ddframe\job\api\AllApiTests.java,24,1,27,2,0.0,0,0,0,0.0,0.0,0,0,0,0,0,0,1,1,0,0,0,0.0,0.0,0,0,0,1,0.0,0,0,0,0,0,0,4,4,0,0,0,0,0,0,0,0,0,0,0,0,0,4,4,0,0,0,0,0,0,0,0,0,0,0,0,0,0,0,3,0,0,0,0,0,0,0,0,0,3,0,0,0,0,0,0,0,0
3,L3599,ShardingContextTest,com.dangdang.ddframe.job.api.ShardingContextTest,L3523,L103,C:\Users\domco\Desktop\DP\repos\shardingsphere-elasticjob\elastic-job-common\elastic-job-common-core\src\test\java\com\dangdang\ddframe\job\api\ShardingContextTest.java,27,1,46,2,0.0,0,0,0,0.0,0.0,0,0,2,0,0,2,3,1,0,2,4,0.0,0.0,0,0,0,3,0.0,0,0,0,0,0,0,18,20,0,0,0,0,2,0,2,0,2,9,0,2,0,18,20,0,0,0,0,2,0,2,0,2,9,0,2,0,0,0,8,0,8,8,0,0,1,0,0,0,7,0,0,0,0,0,0,0,0
4,L394,JobCoreConfiguration,com.dangdang.ddframe.job.config.JobCoreConfiguration,L3609,L103,C:\Users\domco\Desktop\DP\repos\shardingsphere-elasticjob\elastic-job-common\elastic-job-common-core\src\main\java\com\dangdang\ddframe\job\config\JobCoreConfiguration.java,33,1,194,2,0.0,0,0,0,0.0,0.0,0,0,1,0,0,1,2,29,88,0,1,1.0,0.448276,13,13,2,0,0.542857,76,0,0,0,0,0,16,35,9,0,9,0,1,0,1,0,1,1,0,1,0,64,162,18,0,18,0,8,0,8,0,8,20,0,8,0,0,0,5,0,6,0,0,0,0,0,0,0,1,0,6,0,0,0,0,4,0
5,L3710,AllConfigTests,com.dangdang.ddframe.job.config.AllConfigTests,L3609,L103,C:\Users\domco\Desktop\DP\repos\shardingsphere-elasticjob\elastic-job-common\elastic-job-common-core\src\test\java\com\dangdang\ddframe\job\config\AllConfigTests.java,24,1,27,2,0.0,0,0,0,0.0,0.0,0,0,0,0,0,0,1,1,0,0,0,0.0,0.0,0,0,0,1,0.0,0,0,0,0,0,0,4,4,0,0,0,0,0,0,0,0,0,0,0,0,0,4,4,0,0,0,0,0,0,0,0,0,0,0,0,0,0,0,3,0,0,0,0,0,0,0,0,0,3,0,0,0,0,0,0,0,0
6,L3711,JobCoreConfigurationTest,com.dangdang.ddframe.job.config.JobCoreConfigurationTest,L3609,L103,C:\Users\domco\Desktop\DP\repos\shardingsphere-elasticjob\elastic-job-common\elastic-job-common-core\src\test\java\com\dangdang\ddframe\job\config\JobCoreConfigurationTest.java,30,1,90,2,0.0,0,0,0,0.0,0.0,0,0,4,0,0,8,5,1,0,8,16,0.0,0.0188679,1,0,0,7,0.0188679,1,0,0,0,0,0,52,61,0,0,0,0,8,0,6,0,8,26,0,6,0,52,61,0,0,0,0,8,0,6,0,8,26,0,6,0,0,0,20,2,18,18,0,0,1,0,0,0,19,0,2,0,0,0,0,0,0
7,L266,TaskContext,com.dangdang.ddframe.job.context.TaskContext,L3740,L103,C:\Users\domco\Desktop\DP\repos\shardingsphere-elasticjob\elastic-job-common\elastic-job-common-core\src\main\java\com\dangdang\ddframe\job\context\TaskContext.java,42,1,167,2,0.0,0,0,0,0.0,0.0,0,0,1,0,0,8,3,23,52,2,10,0.75,0.425,34,34,6,2,0.387387,43,0,0,0,0,0,46,93,7,3,7,3,8,0,7,1,8,17,0,7,1,68,126,9,3,9,3,11,0,10,1,11,22,0,10,1,0,0,18,0,0,0,0,0,1,0,0,0,15,0,0,0,0,0,0,2,0
8,L3814,AllContextTests,com.dangdang.ddframe.job.context.AllContextTests,L3740,L103,C:\Users\domco\Desktop\DP\repos\shardingsphere-elasticjob\elastic-job-common\elastic-job-common-core\src\test\java\com\dangdang\ddframe\job\context\AllContextTests.java,23,1,26,2,0.0,0,0,0,0.0,0.0,0,0,0,0,0,0,1,1,0,0,0,0.0,0.0,0,0,0,1,0.0,0,0,0,0,0,0,4,4,0,0,0,0,0,0,0,0,0,0,0,0,0,4,4,0,0,0,0,0,0,0,0,0,0,0,0,0,0,0,3,0,0,0,0,0,0,0,0,0,3,0,0,0,0,0,0,0,0
9,L3815,TaskContextTest,com.dangdang.ddframe.job.context.TaskContextTest,L3740,L103,C:\Users\domco\Desktop\DP\repos\shardingsphere-elasticjob\elastic-job-common\elastic-job-common-core\src\test\java\com\dangdang\ddframe\job\context\TaskContextTest.java,31,1,125,2,0.0,0,0,0,0.0,0.0,0,0,13,0,0,13,3,1,0,8,21,0.0,0.0,0,0,0,14,0.0,0,0,0,0,0,0,82,95,0,0,0,0,13,0,13,0,13,41,0,13,0,82,95,0,0,0,0,13,0,13,0,13,41,0,13,0,0,0,30,2,36,35,0,1,1,0,0,0,29,0,2,0,0,0,0,0,0
10,L195,JobEventBus,com.dangdang.ddframe.job.event.JobEventBus,L3833,L103,C:\Users\domco\Desktop\DP\repos\shardingsphere-elasticjob\elastic-job-common\elastic-job-common-core\src\main\java\com\dangdang\ddframe\job\event\JobEventBus.java,31,1,74,2,0.0,0,0,0,0.0,0.0,0,0,1,1,1,7,4,13,19,4,8,0.5,0.261905,11,11,2,2,0.261905,11,0,0,0,0,0,31,44,4,0,4,0,4,0,3,0,4,13,0,3,0,31,44,4,0,4,0,4,0,3,0,4,13,0,3,0,0,0,7,0,0,0,0,0,0,0,0,0,7,0,0,0,0,0,0,0,0
11,L3866,JobEventListenerConfigurationException,com.dangdang.ddframe.job.event.JobEventListenerConfigurationException,L3833,L103,C:\Users\domco\Desktop\DP\repos\shardingsphere-elasticjob\elastic-job-common\elastic-job-common-core\src\main\java\com\dangdang\ddframe\job\event\JobEventListenerConfigurationException.java,25,1,32,2,0.0,0,0,0,0.0,0.0,0,0,0,0,0,1,0,7,2,0,1,0.5,0.454545,5,5,1,1,0.454545,5,0,0,0,0,0,6,8,1,0,1,0,1,0,1,0,1,1,0,1,0,6,8,1,0,1,0,1,0,1,0,1,1,0,1,0,0,0,3,0,0,0,0,0,0,0,0,0,3,0,0,0,0,0,0,0,0
12,L4423,AllEventTests,com.dangdang.ddframe.job.event.AllEventTests,L3833,L103,C:\Users\domco\Desktop\DP\repos\shardingsphere-elasticjob\elastic-job-common\elastic-job-common-core\src\test\java\com\dangdang\ddframe\job\event\AllEventTests.java,28,1,39,2,0.0,0,0,0,0.0,0.0,0,0,0,0,0,0,7,1,0,0,0,0.0,0.0,0,0,0,1,0.0,0,0,0,0,0,0,12,12,0,0,0,0,0,0,0,0,0,0,0,0,0,12,12,0,0,0,0,0,0,0,0,0,0,0,0,0,0,0,3,0,0,0,0,0,0,0,0,0,3,0,0,0,0,0,0,0,0
13,L4427,JobEventBusTest,com.dangdang.ddframe.job.event.JobEventBusTest,L3833,L103,C:\Users\domco\Desktop\DP\repos\shardingsphere-elasticjob\elastic-job-common\elastic-job-common-core\src\test\java\com\dangdang\ddframe\job\event\JobEventBusTest.java,39,1,79,2,0.0,0,0,0,0.0,0.0,0,0,1,1,1,5,7,1,0,3,7,0.0,0.0,0,0,0,4,0.0,0,0,0,0,0,0,34,41,3,0,3,0,4,0,3,0,4,14,0,3,0,34,41,3,0,3,0,4,0,3,0,4,14,0,3,0,0,0,11,0,1,1,0,0,0,0,0,0,11,0,0,0,0,0,0,0,0
14,L4424,JobExecutionEventTest,com.dangdang.ddframe.job.event.JobExecutionEventTest,L3833,L103,C:\Users\domco\Desktop\DP\repos\shardingsphere-elasticjob\elastic-job-common\elastic-job-common-core\src\test\java\com\dangdang\ddframe\job\event\JobExecutionEventTest.java,31,1,62,2,0.0,0,0,0,0.0,0.0,0,0,3,0,0,3,2,1,0,3,6,0.0,0.0,0,0,0,4,0.0,0,0,0,0,0,0,29,32,0,0,0,0,3,0,3,0,3,18,0,3,0,29,32,0,0,0,0,3,0,3,0,3,18,0,3,0,0,0,10,1,16,16,0,0,1,0,0,0,9,0,1,0,0,0,0,0,0
15,L4521,ExceptionUtil,com.dangdang.ddframe.job.exception.ExceptionUtil,L4507,L103,C:\Users\domco\Desktop\DP\repos\shardingsphere-elasticjob\elastic-job-common\elastic-job-common-core\src\main\java\com\dangdang\ddframe\job\exception\ExceptionUtil.java,31,1,44,2,0.0,0,0,0,0.0,0.0,0,0,1,1,1,2,0,4,6,0,1,0.5,0.277778,5,5,1,1,0.277778,5,0,0,0,0,0,13,14,0,0,0,0,1,0,1,0,1,6,0,1,0,13,14,0,0,0,0,1,0,1,0,1,6,0,1,0,0,0,3,0,0,0,0,0,0,0,0,0,3,0,0,0,0,0,0,0,0
16,L2133,JobConfigurationException,com.dangdang.ddframe.job.exception.JobConfigurationException,L4507,L103,C:\Users\domco\Desktop\DP\repos\shardingsphere-elasticjob\elastic-job-common\elastic-job-common-core\src\main\java\com\dangdang\ddframe\job\exception\JobConfigurationException.java,25,1,36,2,0.0,0,0,0,0.0,0.0,0,0,0,0,0,2,0,14,12,0,2,0.333333,0.357143,5,5,1,2,0.357143,5,0,0,0,0,0,9,12,1,0,1,0,2,0,2,0,2,2,0,2,0,9,12,1,0,1,0,2,0,2,0,2,2,0,2,0,0,0,5,0,0,0,0,0,0,0,0,0,5,0,0,0,0,0,0,0,0
17,L211,JobExecutionEnvironmentException,com.dangdang.ddframe.job.exception.JobExecutionEnvironmentException,L4507,L103,C:\Users\domco\Desktop\DP\repos\shardingsphere-elasticjob\elastic-job-common\elastic-job-common-core\src\main\java\com\dangdang\ddframe\job\exception\JobExecutionEnvironmentException.java,25,1,32,2,0.0,0,0,0,0.0,0.0,0,0,0,0,0,1,0,12,2,0,1,0.5,0.454545,5,5,1,1,0.454545,5,0,0,0,0,0,6,8,1,0,1,0,1,0,1,0,1,1,0,1,0,6,8,1,0,1,0,1,0,1,0,1,1,0,1,0,0,0,3,0,0,0,0,0,0,0,0,0,3,0,0,0,0,0,0,0,0
18,L3290,JobStatisticException,com.dangdang.ddframe.job.exception.JobStatisticException,L4507,L103,C:\Users\domco\Desktop\DP\repos\shardingsphere-elasticjob\elastic-job-common\elastic-job-common-core\src\main\java\com\dangdang\ddframe\job\exception\JobStatisticException.java,25,1,32,2,0.0,0,0,0,0.0,0.0,0,0,0,0,0,1,0,2,5,0,1,0.5,0.454545,5,5,1,1,0.454545,5,0,0,0,0,0,6,8,1,0,1,0,1,0,1,0,1,1,0,1,0,6,8,1,0,1,0,1,0,1,0,1,1,0,1,0,0,0,3,0,0,0,0,0,0,0,0,0,3,0,0,0,0,0,0,0,0
19,L322,JobSystemException,com.dangdang.ddframe.job.exception.JobSystemException,L4507,L103,C:\Users\domco\Desktop\DP\repos\shardingsphere-elasticjob\elastic-job-common\elastic-job-common-core\src\main\java\com\dangdang\ddframe\job\exception\JobSystemException.java,25,1,36,2,0.0,0,0,0,0.0,0.0,0,0,0,0,0,2,0,18,28,0,2,0.333333,0.357143,5,5,1,2,0.357143,5,0,0,0,0,0,9,12,1,0,1,0,2,0,2,0,2,2,0,2,0,9,12,1,0,1,0,2,0,2,0,2,2,0,2,0,0,0,5,0,0,0,0,0,0,0,0,0,5,0,0,0,0,0,0,0,0
20,L4563,AllExceptionTests,com.dangdang.ddframe.job.exception.AllExceptionTests,L4507,L103,C:\Users\domco\Desktop\DP\repos\shardingsphere-elasticjob\elastic-job-common\elastic-job-common-core\src\test\java\com\dangdang\ddframe\job\exception\AllExceptionTests.java,24,1,33,2,0.0,0,0,0,0.0,0.0,0,0,0,0,0,0,5,1,0,0,0,0.0,0.0,0,0,0,1,0.0,0,0,0,0,0,0,10,10,0,0,0,0,0,0,0,0,0,0,0,0,0,10,10,0,0,0,0,0,0,0,0,0,0,0,0,0,0,0,3,0,0,0,0,0,0,0,0,0,3,0,0,0,0,0,0,0,0
21,L4573,ExceptionUtilTest,com.dangdang.ddframe.job.exception.ExceptionUtilTest,L4507,L103,C:\Users\domco\Desktop\DP\repos\shardingsphere-elasticjob\elastic-job-common\elastic-job-common-core\src\test\java\com\dangdang\ddframe\job\exception\ExceptionUtilTest.java,26,1,42,2,0.0,0,0,0,0.0,0.0,0,0,3,0,0,3,1,1,0,1,4,0.0,0.0,0,0,0,4,0.0,0,0,0,0,0,0,14,17,0,0,0,0,3,0,3,0,3,3,0,3,0,14,17,0,0,0,0,3,0,3,0,3,3,0,3,0,0,0,10,0,3,3,0,0,1,0,0,0,9,0,0,0,0,0,0,0,0
22,L4564,JobConfigurationExceptionTest,com.dangdang.ddframe.job.exception.JobConfigurationExceptionTest,L4507,L103,C:\Users\domco\Desktop\DP\repos\shardingsphere-elasticjob\elastic-job-common\elastic-job-common-core\src\test\java\com\dangdang\ddframe\job\exception\JobConfigurationExceptionTest.java,26,1,37,2,0.0,0,0,0,0.0,0.0,0,0,2,0,0,2,1,1,0,2,4,0.0,0.0,0,0,0,3,0.0,0,0,0,0,0,0,10,12,0,0,0,0,2,0,2,0,2,2,0,2,0,10,12,0,0,0,0,2,0,2,0,2,2,0,2,0,0,0,8,0,2,2,0,0,1,0,0,0,7,0,0,0,0,0,0,0,0
23,L4567,JobExecutionEnvironmentExceptionTest,com.dangdang.ddframe.job.exception.JobExecutionEnvironmentExceptionTest,L4507,L103,C:\Users\domco\Desktop\DP\repos\shardingsphere-elasticjob\elastic-job-common\elastic-job-common-core\src\test\java\com\dangdang\ddframe\job\exception\JobExecutionEnvironmentExceptionTest.java,25,1,31,2,0.0,0,0,0,0.0,0.0,0,0,1,0,0,1,1,1,0,1,2,0.0,0.0,0,0,0,2,0.0,0,0,0,0,0,0,6,7,0,0,0,0,1,0,1,0,1,1,0,1,0,6,7,0,0,0,0,1,0,1,0,1,1,0,1,0,0,0,5,0,1,1,0,0,0,0,0,0,5,0,0,0,0,0,0,0,0
24,L4576,JobStatisticExceptionTest,com.dangdang.ddframe.job.exception.JobStatisticExceptionTest,L4507,L103,C:\Users\domco\Desktop\DP\repos\shardingsphere-elasticjob\elastic-job-common\elastic-job-common-core\src\test\java\com\dangdang\ddframe\job\exception\JobStatisticExceptionTest.java,25,1,32,2,0.0,0,0,0,0.0,0.0,0,0,1,0,0,1,1,1,0,1,2,0.0,0.0,0,0,0,2,0.0,0,0,0,0,0,0,6,8,0,0,0,0,1,0,1,0,1,1,0,1,0,6,8,0,0,0,0,1,0,1,0,1,1,0,1,0,0,0,5,0,1,1,0,0,0,0,0,0,5,0,0,0,0,0,0,0,0
25,L4570,JobSystemExceptionTest,com.dangdang.ddframe.job.exception.JobSystemExceptionTest,L4507,L103,C:\Users\domco\Desktop\DP\repos\shardingsphere-elasticjob\elastic-job-common\elastic-job-common-core\src\test\java\com\dangdang\ddframe\job\exception\JobSystemExceptionTest.java,26,1,37,2,0.0,0,0,0,0.0,0.0,0,0,2,0,0,2,1,1,0,2,4,0.0,0.0,0,0,0,3,0.0,0,0,0,0,0,0,10,12,0,0,0,0,2,0,2,0,2,2,0,2,0,10,12,0,0,0,0,2,0,2,0,2,2,0,2,0,0,0,8,0,2,2,0,0,1,0,0,0,7,0,0,0,0,0,0,0,0
26,L4614,AbstractElasticJobExecutor,com.dangdang.ddframe.job.executor.AbstractElasticJobExecutor,L4605,L103,C:\Users\domco\Desktop\DP\repos\shardingsphere-elasticjob\elastic-job-common\elastic-job-common-core\src\main\java\com\dangdang\ddframe\job\executor\AbstractElasticJobExecutor.java,46,1,207,2,0.0,0,0,0,0.0,0.0,0,0,1,2,2,23,16,13,30,23,31,1.0,0.104167,15,8,2,0,0.0986842,15,0,0,3,3,0,129,153,6,2,6,2,8,0,1,0,8,75,0,1,0,137,162,6,2,6,2,9,0,2,0,9,78,0,2,0,0,0,26,3,0,0,0,0,0,0,2,0,23,0,3,0,0,0,0,1,1.0
27,L4857,JobExecutorFactory,com.dangdang.ddframe.job.executor.JobExecutorFactory,L4605,L103,C:\Users\domco\Desktop\DP\repos\shardingsphere-elasticjob\elastic-job-common\elastic-job-common-core\src\main\java\com\dangdang\ddframe\job\executor\JobExecutorFactory.java,35,1,58,2,0.0,0,0,0,0.0,0.0,0,0,0,1,1,4,9,4,8,4,5,1.0,0.428571,12,12,2,0,0.428571,12,0,0,0,0,0,16,24,0,1,0,1,1,0,1,0,1,7,0,1,0,16,24,0,1,0,1,1,0,1,0,1,7,0,1,0,0,0,0,0,0,0,0,0,0,0,0,0,0,0,0,0,0,0,0,0,0
28,L187,ShardingContexts,com.dangdang.ddframe.job.executor.ShardingContexts,L4605,L103,C:\Users\domco\Desktop\DP\repos\shardingsphere-elasticjob\elastic-job-common\elastic-job-common-core\src\main\java\com\dangdang\ddframe\job\executor\ShardingContexts.java,32,1,64,2,0.0,0,0,0,0.0,0.0,0,0,0,0,0,0,0,39,0,0,0,1.0,0.65625,21,21,1,0,0.65625,21,0,0,0,0,0,11,33,6,0,6,0,0,0,0,0,0,0,0,0,0,11,33,6,0,6,0,0,0,0,0,0,0,0,0,0,0,0,1,0,0,0,0,0,0,0,0,0,0,0,0,0,0,0,0,1,0
29,L5104,AllExecutorTests,com.dangdang.ddframe.job.executor.AllExecutorTests,L4605,L103,C:\Users\domco\Desktop\DP\repos\shardingsphere-elasticjob\elastic-job-common\elastic-job-common-core\src\test\java\com\dangdang\ddframe\job\executor\AllExecutorTests.java,31,1,43,2,0.0,0,0,0,0.0,0.0,0,0,0,0,0,0,8,1,0,0,0,0.0,0.0,0,0,0,1,0.0,0,0,0,0,0,0,13,13,0,0,0,0,0,0,0,0,0,0,0,0,0,13,13,0,0,0,0,0,0,0,0,0,0,0,0,0,0,0,3,0,0,0,0,0,0,0,0,0,3,0,0,0,0,0,0,0,0
30,L5105,JobExecutorFactoryTest,com.dangdang.ddframe.job.executor.JobExecutorFactoryTest,L4605,L103,C:\Users\domco\Desktop\DP\repos\shardingsphere-elasticjob\elastic-job-common\elastic-job-common-core\src\test\java\com\dangdang\ddframe\job\executor\JobExecutorFactoryTest.java,43,1,85,2,0.0,0,0,0,0.0,0.0,0,0,1,0,0,5,15,1,0,3,8,0.0,0.0,0,0,0,6,0.0,0,0,0,0,0,0,37,43,1,0,1,0,5,0,5,0,5,17,0,5,0,37,43,1,0,1,0,5,0,5,0,5,17,0,5,0,0,0,14,1,5,5,0,0,0,0,1,0,13,0,1,0,0,0,0,0,0
31,L5467,AllRegTests,com.dangdang.ddframe.job.reg.AllRegTests,L5138,L103,C:\Users\domco\Desktop\DP\repos\shardingsphere-elasticjob\elastic-job-common\elastic-job-common-core\src\test\java\com\dangdang\ddframe\job\reg\AllRegTests.java,34,1,47,2,0.0,0,0,0,0.0,0.0,0,0,0,0,0,0,8,1,0,0,0,0.0,0.0,0,0,0,1,0.0,0,0,0,0,0,0,14,14,0,0,0,0,0,0,0,0,0,0,0,0,0,14,14,0,0,0,0,0,0,0,0,0,0,0,0,0,0,0,3,0,0,0,0,0,0,0,0,0,3,0,0,0,0,0,0,0,0
32,L5647,AllStatisticsTests,com.dangdang.ddframe.job.statistics.AllStatisticsTests,L5473,L103,C:\Users\domco\Desktop\DP\repos\shardingsphere-elasticjob\elastic-job-common\elastic-job-common-core\src\test\java\com\dangdang\ddframe\job\statistics\AllStatisticsTests.java,27,1,33,2,0.0,0,0,0,0.0,0.0,0,0,0,0,0,0,1,1,0,0,0,0.0,0.0,0,0,0,1,0.0,0,0,0,0,0,0,7,7,0,0,0,0,0,0,0,0,0,0,0,0,0,7,7,0,0,0,0,0,0,0,0,0,0,0,0,0,0,0,3,0,0,0,0,0,0,0,0,0,3,0,0,0,0,0,0,0,0
33,L6034,AllUtilTests,com.dangdang.ddframe.job.util.AllUtilTests,L5651,L103,C:\Users\domco\Desktop\DP\repos\shardingsphere-elasticjob\elastic-job-common\elastic-job-common-core\src\test\java\com\dangdang\ddframe\job\util\AllUtilTests.java,35,1,49,2,0.0,0,0,0,0.0,0.0,0,0,0,0,0,0,9,1,0,0,0,0.0,0.0,0,0,0,1,0.0,0,0,0,0,0,0,15,15,0,0,0,0,0,0,0,0,0,0,0,0,0,15,15,0,0,0,0,0,0,0,0,0,0,0,0,0,0,0,3,0,0,0,0,0,0,0,0,0,3,0,0,0,0,0,0,0,0
34,L6076,APIJsonConstants,com.dangdang.ddframe.job.fixture.APIJsonConstants,L6072,L103,C:\Users\domco\Desktop\DP\repos\shardingsphere-elasticjob\elastic-job-common\elastic-job-common-core\src\test\java\com\dangdang\ddframe\job\fixture\APIJsonConstants.java,24,1,58,2,0.0,0,0,0,0.0,0.0,0,0,0,0,0,4,0,2,7,0,4,0.0,0.0740741,2,2,0,5,0.0740741,2,0,0,0,0,0,25,35,4,4,4,4,4,0,4,0,4,4,0,4,0,25,35,4,4,4,4,4,0,4,0,4,4,0,4,0,0,0,11,0,0,0,0,0,0,0,0,0,11,0,0,0,0,0,0,0,0
35,L6181,ShardingContextsBuilder,com.dangdang.ddframe.job.fixture.ShardingContextsBuilder,L6072,L103,C:\Users\domco\Desktop\DP\repos\shardingsphere-elasticjob\elastic-job-common\elastic-job-common-core\src\test\java\com\dangdang\ddframe\job\fixture\ShardingContextsBuilder.java,27,1,44,2,0.0,0,0,0,0.0,0.0,0,0,0,0,0,2,1,7,24,0,2,0.0,0.0,0,0,0,3,0.0,0,0,0,0,0,0,15,18,1,2,1,2,2,1,2,0,2,7,1,2,0,15,18,1,2,1,2,2,1,2,0,2,7,1,2,0,0,0,11,0,0,0,0,0,0,0,0,0,7,0,0,0,0,0,0,4,0
36,L6207,GsonJsonProvider,com.dangdang.ddframe.job.restful.GsonJsonProvider,L6183,L103,C:\Users\domco\Desktop\DP\repos\shardingsphere-elasticjob\elastic-job-common\elastic-job-common-restful\src\main\java\com\dangdang\ddframe\job\restful\GsonJsonProvider.java,43,1,84,2,0.0,0,0,0,0.0,0.0,0,0,3,1,1,9,2,0,0,2,7,0.166667,0.121951,5,5,1,5,0.121951,5,0,0,0,0,0,36,42,1,1,1,1,5,0,5,0,5,9,0,5,0,36,42,1,1,1,1,5,0,5,0,5,9,0,5,0,0,0,16,0,0,0,0,0,1,0,0,0,13,0,0,0,0,0,0,2,0
37,L6234,RestfulException,com.dangdang.ddframe.job.restful.RestfulException,L6183,L103,C:\Users\domco\Desktop\DP\repos\shardingsphere-elasticjob\elastic-job-common\elastic-job-common-restful\src\main\java\com\dangdang\ddframe\job\restful\RestfulException.java,25,1,32,2,0.0,0,0,0,0.0,0.0,0,0,0,0,0,1,0,2,3,0,1,0.5,0.454545,5,5,1,1,0.454545,5,0,0,0,0,0,6,8,1,0,1,0,1,0,1,0,1,1,0,1,0,6,8,1,0,1,0,1,0,1,0,1,1,0,1,0,0,0,3,0,0,0,0,0,0,0,0,0,3,0,0,0,0,0,0,0,0
38,L6274,RestfulExceptionMapper,com.dangdang.ddframe.job.restful.RestfulExceptionMapper,L6183,L103,C:\Users\domco\Desktop\DP\repos\shardingsphere-elasticjob\elastic-job-common\elastic-job-common-restful\src\main\java\com\dangdang\ddframe\job\restful\RestfulExceptionMapper.java,32,1,39,2,0.0,0,0,0,0.0,0.0,0,0,1,0,0,1,1,0,0,1,2,0.5,0.416667,5,5,1,1,0.416667,5,0,0,0,0,0,7,8,0,0,0,0,1,0,1,0,1,1,0,1,0,7,8,0,0,0,0,1,0,1,0,1,1,0,1,0,0,0,3,0,0,0,0,0,0,0,0,0,3,0,0,0,0,0,0,0,0
39,L927,RestfulServer,com.dangdang.ddframe.job.restful.RestfulServer,L6183,L103,C:\Users\domco\Desktop\DP\repos\shardingsphere-elasticjob\elastic-job-common\elastic-job-common-restful\src\main\java\com\dangdang\ddframe\job\restful\RestfulServer.java,37,1,93,2,0.0,0,0,0,0.0,0.0,0,0,1,1,1,7,0,3,7,0,6,0.75,0.309091,17,17,3,1,0.309091,17,0,0,0,0,0,38,57,1,1,1,1,6,0,3,0,6,22,0,3,0,38,57,1,1,1,1,6,0,3,0,6,22,0,3,0,0,0,9,3,0,0,0,0,0,0,0,3,9,0,0,0,0,0,0,0,0
40,L6298,AllRestfulTests,com.dangdang.ddframe.job.restful.AllRestfulTests,L6183,L103,C:\Users\domco\Desktop\DP\repos\shardingsphere-elasticjob\elastic-job-common\elastic-job-common-restful\src\test\java\com\dangdang\ddframe\job\restful\AllRestfulTests.java,26,1,33,2,0.0,0,0,0,0.0,0.0,0,0,0,0,0,0,2,0,0,0,0,0.0,0.0,0,0,0,1,0.0,0,0,0,0,0,0,8,8,0,0,0,0,0,0,0,0,0,0,0,0,0,8,8,0,0,0,0,0,0,0,0,0,0,0,0,0,0,0,3,0,0,0,0,0,0,0,0,0,3,0,0,0,0,0,0,0,0
41,L6302,RestfulExceptionTest,com.dangdang.ddframe.job.restful.RestfulExceptionTest,L6183,L103,C:\Users\domco\Desktop\DP\repos\shardingsphere-elasticjob\elastic-job-common\elastic-job-common-restful\src\test\java\com\dangdang\ddframe\job\restful\RestfulExceptionTest.java,25,1,31,2,0.0,0,0,0,0.0,0.0,0,0,1,0,0,1,1,1,0,1,2,0.0,0.0,0,0,0,2,0.0,0,0,0,0,0,0,6,7,0,0,0,0,1,0,1,0,1,1,0,1,0,6,7,0,0,0,0,1,0,1,0,1,1,0,1,0,0,0,5,0,1,1,0,0,0,0,0,0,5,0,0,0,0,0,0,0,0
42,L6299,RestfulServerTest,com.dangdang.ddframe.job.restful.RestfulServerTest,L6183,L103,C:\Users\domco\Desktop\DP\repos\shardingsphere-elasticjob\elastic-job-common\elastic-job-common-restful\src\test\java\com\dangdang\ddframe\job\restful\RestfulServerTest.java,39,1,99,2,0.0,0,0,0,0.0,0.0,0,0,2,1,1,6,3,1,0,3,9,0.0,0.0,0,0,0,6,0.0,0,0,0,0,0,0,52,61,3,0,3,0,6,0,5,2,6,27,0,5,2,52,61,3,0,3,0,6,0,5,2,6,27,0,5,2,0,0,16,4,1,0,0,1,1,0,0,4,15,0,0,0,0,0,0,0,0
43,L6400,CloudJobMain,com.dangdang.ddframe.job.example.CloudJobMain,L6348,L103,C:\Users\domco\Desktop\DP\repos\shardingsphere-elasticjob\elastic-job-example\elastic-job-example-cloud\src\main\java\com\dangdang\ddframe\job\example\CloudJobMain.java,22,1,29,2,0.0,0,0,0,0.0,0.0,0,0,1,0,0,1,1,0,0,1,2,0.5,0.285714,2,1,1,1,0.285714,2,0,0,0,0,0,5,8,0,0,0,0,1,0,1,0,1,1,0,1,0,5,8,0,0,0,0,1,0,1,0,1,1,0,1,0,0,0,1,0,0,0,0,0,0,0,0,0,1,0,0,0,0,0,0,0,0
44,L6406,EmbedZookeeperServer,com.dangdang.ddframe.job.example.EmbedZookeeperServer,L6348,L103,C:\Users\domco\Desktop\DP\repos\shardingsphere-elasticjob\elastic-job-example\elastic-job-example-embed-zk\src\main\java\com\dangdang\ddframe\job\example\EmbedZookeeperServer.java,32,1,63,2,0.0,0,0,0,0.0,0.0,0,0,1,1,1,2,0,4,3,0,1,1.0,0.518519,14,12,2,0,0.388889,14,0,0,0,0,0,13,22,1,0,1,0,1,0,1,0,1,4,0,1,0,22,32,1,0,1,0,2,0,2,0,2,8,0,2,0,0,0,5,3,0,2,0,0,0,0,0,1,5,0,0,0,0,0,0,0,0
45,L6563,JavaMain,com.dangdang.ddframe.job.example.JavaMain,L6348,L103,C:\Users\domco\Desktop\DP\repos\shardingsphere-elasticjob\elastic-job-example\elastic-job-example-lite-java\src\main\java\com\dangdang\ddframe\job\example\JavaMain.java,44,1,117,2,0.0,0,0,0,0.0,0.0,0,0,1,1,1,8,19,0,0,11,18,0.5,0.0847458,5,4,1,1,0.0847458,5,0,0,0,0,0,54,74,7,0,7,0,7,0,1,5,7,30,0,1,5,54,74,7,0,7,0,7,0,1,5,7,30,0,1,5,0,0,19,0,0,0,0,0,0,0,1,0,17,0,0,0,0,0,0,1,0
46,L6701,SpringMain,com.dangdang.ddframe.job.example.SpringMain,L6348,L103,C:\Users\domco\Desktop\DP\repos\shardingsphere-elasticjob\elastic-job-example\elastic-job-example-lite-spring\src\main\java\com\dangdang\ddframe\job\example\SpringMain.java,22,1,32,2,0.0,0,0,0,0.0,0.0,0,0,1,0,0,1,1,0,0,1,2,0.5,0.222222,2,1,1,1,0.222222,2,0,0,0,0,0,7,11,1,0,1,0,1,0,1,0,1,2,0,1,0,7,11,1,0,1,0,1,0,1,0,1,2,0,1,0,0,0,3,0,0,0,0,0,0,0,0,0,3,0,0,0,0,0,0,0,0
47,L6780,SpringBootMain,com.dangdang.ddframe.job.example.SpringBootMain,L6348,L103,C:\Users\domco\Desktop\DP\repos\shardingsphere-elasticjob\elastic-job-example\elastic-job-example-lite-springboot\src\main\java\com\dangdang\ddframe\job\example\SpringBootMain.java,23,1,32,2,0.0,0,0,0,0.0,0.0,0,0,1,0,0,1,1,0,0,1,2,0.5,0.222222,2,1,1,1,0.222222,2,0,0,0,0,0,7,10,0,0,0,0,1,0,1,0,1,2,0,1,0,7,10,0,0,0,0,1,0,1,0,1,2,0,1,0,0,0,3,0,0,0,0,0,0,0,0,0,3,0,0,0,0,0,0,0,0
48,L10175,AllLiteCoreTests,com.dangdang.ddframe.job.lite.AllLiteCoreTests,L6787,L103,C:\Users\domco\Desktop\DP\repos\shardingsphere-elasticjob\elastic-job-lite\elastic-job-lite-core\src\test\java\com\dangdang\ddframe\job\lite\AllLiteCoreTests.java,28,1,36,2,0.0,0,0,0,0.0,0.0,0,0,0,0,0,0,4,0,0,0,0,0.0,0.0,0,0,0,1,0.0,0,0,0,0,0,0,9,9,0,0,0,0,0,0,0,0,0,0,0,0,0,9,9,0,0,0,0,0,0,0,0,0,0,0,0,0,0,0,3,0,0,0,0,0,0,0,0,0,3,0,0,0,0,0,0,0,0
49,L139,JobBootstrap,com.dangdang.ddframe.job.cloud.api.JobBootstrap,L126,L103,C:\Users\domco\Desktop\DP\repos\shardingsphere-elasticjob\elastic-job-cloud\elastic-job-cloud-executor\src\main\java\com\dangdang\ddframe\job\cloud\api\JobBootstrap.java,34,1,44,2,0.0,0,0,0,0.0,0.0,0,0,1,0,0,2,1,1,1,1,2,1.0,0.611111,11,11,2,0,0.611111,11,0,0,0,0,0,7,11,0,0,0,0,1,0,1,0,1,2,0,1,0,7,11,0,0,0,0,1,0,1,0,1,2,0,1,0,0,1,0,0,0,0,0,0,0,0,0,0,0,0,1,0,0,0,0,0,0
50,L180,CloudJobFacade,com.dangdang.ddframe.job.cloud.executor.CloudJobFacade,L162,L103,C:\Users\domco\Desktop\DP\repos\shardingsphere-elasticjob\elastic-job-cloud\elastic-job-cloud-executor\src\main\java\com\dangdang\ddframe\job\cloud\executor\CloudJobFacade.java,40,1,121,2,0.0,0,0,0,0.0,0.0,0,0,13,0,0,17,12,2,0,3,19,0.0588235,0.0735294,5,5,1,16,0.0735294,5,1,1,0,0,1,63,82,3,1,3,1,16,0,16,0,16,9,0,16,0,63,82,3,1,3,1,16,0,16,0,16,9,0,16,0,0,0,38,0,8,0,0,0,1,0,1,0,35,8,0,0,0,0,0,1,0
51,L278,DaemonTaskScheduler,com.dangdang.ddframe.job.cloud.executor.DaemonTaskScheduler,L162,L103,C:\Users\domco\Desktop\DP\repos\shardingsphere-elasticjob\elastic-job-cloud\elastic-job-cloud-executor\src\main\java\com\dangdang\ddframe\job\cloud\executor\DaemonTaskScheduler.java,51,1,167,2,0.0,0,0,0,0.0,0.0,0,0,1,2,2,12,6,2,1,3,9,1.0,0.175,14,14,3,0,0.188119,19,0,0,0,0,0,66,96,10,1,10,1,6,1,2,0,6,32,1,2,0,82,117,14,1,14,1,7,1,3,0,7,35,1,3,0,0,0,23,0,0,0,0,0,0,0,0,0,17,0,0,0,0,0,0,6,0
52,L191,JobConfigurationContext,com.dangdang.ddframe.job.cloud.executor.JobConfigurationContext,L162,L103,C:\Users\domco\Desktop\DP\repos\shardingsphere-elasticjob\elastic-job-cloud\elastic-job-cloud-executor\src\main\java\com\dangdang\ddframe\job\cloud\executor\JobConfigurationContext.java,39,1,87,2,0.0,0,0,0,0.0,0.0,0,0,1,3,1,7,9,4,11,3,6,0.5,0.212766,10,10,2,2,0.212766,10,1,1,0,0,1,37,49,4,1,4,1,3,0,3,0,3,21,0,3,0,37,49,4,1,4,1,3,0,3,0,3,21,0,3,0,0,0,7,0,0,0,0,0,0,0,0,0,7,0,0,0,0,0,0,0,0
53,L154,TaskExecutor,com.dangdang.ddframe.job.cloud.executor.TaskExecutor,L162,L103,C:\Users\domco\Desktop\DP\repos\shardingsphere-elasticjob\elastic-job-cloud\elastic-job-cloud-executor\src\main\java\com\dangdang\ddframe\job\cloud\executor\TaskExecutor.java,48,1,174,2,0.0,0,0,0,0.0,0.0,0,0,8,1,1,10,5,3,13,4,13,0.1,0.0980392,5,5,1,9,0.0619469,7,0,0,0,0,0,46,59,3,0,3,0,9,0,9,0,9,13,0,9,0,106,127,5,3,5,3,13,0,10,0,13,45,0,10,0,0,0,34,2,4,1,0,0,1,0,1,0,32,4,1,0,0,0,0,0,0
54,L554,AllCloudExecutorTests,com.dangdang.ddframe.job.cloud.executor.AllCloudExecutorTests,L162,L103,C:\Users\domco\Desktop\DP\repos\shardingsphere-elasticjob\elastic-job-cloud\elastic-job-cloud-executor\src\test\java\com\dangdang\ddframe\job\cloud\executor\AllCloudExecutorTests.java,26,1,34,2,0.0,0,0,0,0.0,0.0,0,0,0,0,0,0,3,0,0,0,0,0.0,0.0,0,0,0,1,0.0,0,0,0,0,0,0,9,9,0,0,0,0,0,0,0,0,0,0,0,0,0,9,9,0,0,0,0,0,0,0,0,0,0,0,0,0,0,0,3,0,0,0,0,0,0,0,0,0,3,0,0,0,0,0,0,0,0
55,L555,CloudJobFacadeTest,com.dangdang.ddframe.job.cloud.executor.CloudJobFacadeTest,L162,L103,C:\Users\domco\Desktop\DP\repos\shardingsphere-elasticjob\elastic-job-cloud\elastic-job-cloud-executor\src\test\java\com\dangdang\ddframe\job\cloud\executor\CloudJobFacadeTest.java,40,1,158,2,0.0,0,0,0,0.0,0.0,0,0,1,0,0,20,9,1,0,17,37,0.0,0.0,0,0,0,19,0.0,0,0,0,0,0,0,95,119,4,2,4,2,20,0,18,0,20,31,0,18,0,95,119,4,2,4,2,20,0,18,0,20,31,0,18,0,0,0,44,9,7,16,0,0,0,0,0,0,43,0,0,0,0,0,0,1,0
56,L558,JobConfigurationContextTest,com.dangdang.ddframe.job.cloud.executor.JobConfigurationContextTest,L162,L103,C:\Users\domco\Desktop\DP\repos\shardingsphere-elasticjob\elastic-job-cloud\elastic-job-cloud-executor\src\test\java\com\dangdang\ddframe\job\cloud\executor\JobConfigurationContextTest.java,36,1,82,2,0.0,0,0,0,0.0,0.0,0,0,1,2,1,8,7,1,0,3,9,0.0,0.0,0,0,0,6,0.0,0,0,0,0,0,0,41,47,0,0,0,0,6,0,5,0,6,21,0,5,0,41,47,0,0,0,0,6,0,5,0,6,21,0,5,0,0,0,15,0,9,9,0,0,0,0,0,0,15,0,0,0,0,0,0,0,0
57,L561,TaskExecutorTest,com.dangdang.ddframe.job.cloud.executor.TaskExecutorTest,L162,L103,C:\Users\domco\Desktop\DP\repos\shardingsphere-elasticjob\elastic-job-cloud\elastic-job-cloud-executor\src\test\java\com\dangdang\ddframe\job\cloud\executor\TaskExecutorTest.java,46,1,188,2,0.0,0,0,0,0.0,0.0,0,0,1,0,0,21,4,1,0,9,30,0.0,0.0344828,4,0,0,13,0.0344828,4,0,0,0,0,0,112,143,5,0,5,0,21,0,12,1,21,47,0,12,1,112,143,5,0,5,0,21,0,12,1,21,47,0,12,1,0,0,46,10,2,10,0,0,0,0,0,2,45,0,0,0,0,0,0,1,0
58,L1418,MasterMain,com.dangdang.ddframe.job.cloud.scheduler.MasterMain,L745,L103,C:\Users\domco\Desktop\DP\repos\shardingsphere-elasticjob\elastic-job-cloud\elastic-job-cloud-scheduler\src\main\java\com\dangdang\ddframe\job\cloud\scheduler\MasterMain.java,27,1,36,2,0.0,0,0,0,0.0,0.0,0,0,1,0,0,2,1,0,0,3,4,1.0,0.416667,5,4,2,0,0.416667,5,0,0,0,0,0,7,10,0,0,0,0,1,0,1,0,1,3,0,1,0,7,10,0,0,0,0,1,0,1,0,1,3,0,1,0,0,1,0,1,0,0,0,0,0,0,0,1,0,0,1,0,0,0,0,0,0
59,L3448,AllCloudSchedulerTests,com.dangdang.ddframe.job.cloud.scheduler.AllCloudSchedulerTests,L745,L103,C:\Users\domco\Desktop\DP\repos\shardingsphere-elasticjob\elastic-job-cloud\elastic-job-cloud-scheduler\src\test\java\com\dangdang\ddframe\job\cloud\scheduler\AllCloudSchedulerTests.java,33,1,46,2,0.0,0,0,0,0.0,0.0,0,0,0,0,0,0,9,0,0,0,0,0.0,0.0,0,0,0,1,0.0,0,0,0,0,0,0,14,14,0,0,0,0,0,0,0,0,0,0,0,0,0,14,14,0,0,0,0,0,0,0,0,0,0,0,0,0,0,0,3,0,0,0,0,0,0,0,0,0,3,0,0,0,0,0,0,0,0
60,L239,DataflowJobConfiguration,com.dangdang.ddframe.job.config.dataflow.DataflowJobConfiguration,L3617,L103,C:\Users\domco\Desktop\DP\repos\shardingsphere-elasticjob\elastic-job-common\elastic-job-common-core\src\main\java\com\dangdang\ddframe\job\config\dataflow\DataflowJobConfiguration.java,32,1,43,2,0.0,0,0,0,0.0,0.0,0,0,0,0,0,0,3,20,0,0,0,1.0,0.428571,6,6,1,0,0.428571,6,1,1,0,0,1,8,12,4,3,4,0,0,0,0,0,3,0,0,3,0,8,12,4,3,4,0,0,0,0,0,3,0,0,3,0,0,0,0,0,0,0,0,0,0,0,0,0,0,0,0,0,0,0,0,0,0
61,L3641,JobCoreConfiguration$Builder,com.dangdang.ddframe.job.config.JobCoreConfiguration$Builder,L394,L103,C:\Users\domco\Desktop\DP\repos\shardingsphere-elasticjob\elastic-job-common\elastic-job-common-core\src\main\java\com\dangdang\ddframe\job\config\JobCoreConfiguration.java,67,5,193,6,0.0,0,0,0,0.0,0.0,0,0,1,1,1,10,2,24,88,1,8,0.875,0.567568,63,63,7,1,0.567568,63,0,0,0,0,0,48,127,9,0,9,0,7,0,7,0,7,19,0,7,0,48,127,9,0,9,0,7,0,7,0,7,19,0,7,0,0,0,3,0,6,0,0,0,0,0,0,0,1,0,6,0,0,0,0,2,0
62,L421,ScriptJobConfiguration,com.dangdang.ddframe.job.config.script.ScriptJobConfiguration,L3693,L103,C:\Users\domco\Desktop\DP\repos\shardingsphere-elasticjob\elastic-job-common\elastic-job-common-core\src\main\java\com\dangdang\ddframe\job\config\script\ScriptJobConfiguration.java,33,1,44,2,0.0,0,0,0,0.0,0.0,0,0,0,0,0,0,3,13,0,0,0,1.0,0.428571,6,6,1,0,0.428571,6,1,1,0,0,1,8,12,4,3,4,0,0,0,0,0,3,0,0,3,0,8,12,4,3,4,0,0,0,0,0,3,0,0,3,0,0,0,0,0,0,0,0,0,0,0,0,0,0,0,0,0,0,0,0,0,0
63,L416,SimpleJobConfiguration,com.dangdang.ddframe.job.config.simple.SimpleJobConfiguration,L3702,L103,C:\Users\domco\Desktop\DP\repos\shardingsphere-elasticjob\elastic-job-common\elastic-job-common-core\src\main\java\com\dangdang\ddframe\job\config\simple\SimpleJobConfiguration.java,32,1,41,2,0.0,0,0,0,0.0,0.0,0,0,0,0,0,0,3,19,0,0,0,1.0,0.461538,6,6,1,0,0.461538,6,1,1,0,0,1,7,10,3,3,3,0,0,0,0,0,3,0,0,3,0,7,10,3,3,3,0,0,0,0,0,3,0,0,3,0,0,0,0,0,0,0,0,0,0,0,0,0,0,0,0,0,0,0,0,0,0
64,L1505,TaskContext$MetaInfo,com.dangdang.ddframe.job.context.TaskContext$MetaInfo,L266,L103,C:\Users\domco\Desktop\DP\repos\shardingsphere-elasticjob\elastic-job-common\elastic-job-common-core\src\main\java\com\dangdang\ddframe\job\context\TaskContext.java,134,5,166,6,0.0,0,0,0,0.0,0.0,0,0,2,0,0,6,1,14,19,0,2,0.666667,0.333333,9,9,2,1,0.290323,9,0,0,0,0,0,18,28,2,0,2,0,2,0,2,0,2,4,0,2,0,22,33,2,0,2,0,3,0,3,0,3,5,0,3,0,0,0,9,0,0,0,0,0,1,0,0,0,8,0,0,0,0,0,0,0,0
65,L461,JobEventRdbConfiguration,com.dangdang.ddframe.job.event.rdb.JobEventRdbConfiguration,L3902,L103,C:\Users\domco\Desktop\DP\repos\shardingsphere-elasticjob\elastic-job-common\elastic-job-common-core\src\main\java\com\dangdang\ddframe\job\event\rdb\JobEventRdbConfiguration.java,35,1,51,2,0.0,0,0,0,0.0,0.0,0,0,1,1,1,2,5,11,1,2,3,0.5,0.263158,5,5,1,1,0.263158,5,2,3,0,0,2,14,17,2,1,2,0,1,0,1,0,2,3,0,2,0,14,17,2,1,2,0,1,0,1,0,2,3,0,2,0,0,0,4,0,0,0,0,0,0,0,0,0,3,0,0,1,0,0,0,0,0
66,L3952,JobEventRdbIdentity,com.dangdang.ddframe.job.event.rdb.JobEventRdbIdentity,L3902,L103,C:\Users\domco\Desktop\DP\repos\shardingsphere-elasticjob\elastic-job-common\elastic-job-common-core\src\main\java\com\dangdang\ddframe\job\event\rdb\JobEventRdbIdentity.java,27,1,33,2,0.0,0,0,0,0.0,0.0,0,0,0,0,0,1,1,3,1,0,1,0.5,0.454545,5,5,1,1,0.454545,5,1,1,2,2,1,6,7,0,1,0,1,1,0,1,0,1,1,0,1,0,6,7,0,1,0,1,1,0,1,0,1,1,0,1,0,0,0,3,0,0,0,0,0,0,0,0,0,3,0,0,0,0,0,0,0,0
67,L3967,JobEventRdbListener,com.dangdang.ddframe.job.event.rdb.JobEventRdbListener,L3902,L103,C:\Users\domco\Desktop\DP\repos\shardingsphere-elasticjob\elastic-job-common\elastic-job-common-core\src\main\java\com\dangdang\ddframe\job\event\rdb\JobEventRdbListener.java,32,1,49,2,0.0,0,0,0,0.0,0.0,0,0,1,0,0,3,5,3,2,3,6,0.25,0.263158,5,5,1,3,0.263158,5,2,3,0,0,2,14,18,1,1,1,0,3,0,3,0,4,3,0,4,0,14,18,1,1,1,0,3,0,3,0,4,3,0,4,0,0,0,8,0,0,0,0,0,0,0,0,0,7,0,0,1,0,0,0,0,0
68,L2367,JobEventRdbSearch,com.dangdang.ddframe.job.event.rdb.JobEventRdbSearch,L3902,L103,C:\Users\domco\Desktop\DP\repos\shardingsphere-elasticjob\elastic-job-common\elastic-job-common-core\src\main\java\com\dangdang\ddframe\job\event\rdb\JobEventRdbSearch.java,51,1,302,2,0.0,0,0,0,0.0,0.0,0,0,1,3,3,45,5,3,18,0,16,1.0,0.0970874,20,17,3,0,0.0892857,20,0,0,0,0,0,186,224,5,4,5,4,16,0,2,1,16,97,0,2,1,204,252,15,4,15,4,16,0,2,1,16,97,0,2,1,0,2,38,0,0,0,0,0,0,0,0,0,36,0,2,0,0,0,0,2,0
69,L3978,JobEventRdbStorage,com.dangdang.ddframe.job.event.rdb.JobEventRdbStorage,L3902,L103,C:\Users\domco\Desktop\DP\repos\shardingsphere-elasticjob\elastic-job-common\elastic-job-common-core\src\main\java\com\dangdang\ddframe\job\event\rdb\JobEventRdbStorage.java,46,1,369,2,0.0604938,1,2,2,0.111111,0.123288,36,36,1,3,3,55,4,4,16,2,21,1.0,0.0426229,13,5,1,0,0.0426229,13,0,0,0,0,0,292,324,5,2,5,2,19,0,0,0,19,154,0,0,0,292,324,5,2,5,2,19,0,0,0,19,154,0,0,0,0,0,57,1,6,1,16,4,0,1,0,0,40,0,2,0,0,0,0,0,1.0
70,L4259,JobEventRdbConfigurationTest,com.dangdang.ddframe.job.event.rdb.JobEventRdbConfigurationTest,L3902,L103,C:\Users\domco\Desktop\DP\repos\shardingsphere-elasticjob\elastic-job-common\elastic-job-common-core\src\test\java\com\dangdang\ddframe\job\event\rdb\JobEventRdbConfigurationTest.java,28,1,54,2,0.0,0,0,0,0.0,0.0,0,0,3,0,0,3,3,1,0,0,3,0.0,0.0,0,0,0,4,0.0,0,0,0,0,0,0,24,27,0,0,0,0,3,0,3,0,3,13,0,3,0,24,27,0,0,0,0,3,0,3,0,3,13,0,3,0,0,0,10,0,2,2,0,0,1,0,0,0,9,0,0,0,0,0,0,0,0
71,L4264,JobEventRdbIdentityTest,com.dangdang.ddframe.job.event.rdb.JobEventRdbIdentityTest,L3902,L103,C:\Users\domco\Desktop\DP\repos\shardingsphere-elasticjob\elastic-job-common\elastic-job-common-core\src\test\java\com\dangdang\ddframe\job\event\rdb\JobEventRdbIdentityTest.java,25,1,31,2,0.0,0,0,0,0.0,0.0,0,0,1,0,0,1,1,1,0,1,2,0.0,0.0,0,0,0,2,0.0,0,0,0,0,0,0,6,7,0,0,0,0,1,0,1,0,1,1,0,1,0,6,7,0,0,0,0,1,0,1,0,1,1,0,1,0,0,0,5,0,1,1,0,0,0,0,0,0,5,0,0,0,0,0,0,0,0
72,L4268,JobEventRdbListenerTest,com.dangdang.ddframe.job.event.rdb.JobEventRdbListenerTest,L3902,L103,C:\Users\domco\Desktop\DP\repos\shardingsphere-elasticjob\elastic-job-common\elastic-job-common-core\src\test\java\com\dangdang\ddframe\job\event\rdb\JobEventRdbListenerTest.java,41,1,81,2,0.0,0,0,0,0.0,0.0,0,0,1,0,0,3,11,1,0,4,7,0.0,0.0,0,0,0,4,0.0,0,0,0,0,0,0,34,41,4,0,4,0,3,0,3,1,3,15,0,3,1,34,41,4,0,4,0,3,0,3,1,3,15,0,3,1,0,0,10,0,0,0,0,0,0,0,1,0,9,0,0,0,0,0,0,0,0
73,L4282,JobEventRdbSearchTest,com.dangdang.ddframe.job.event.rdb.JobEventRdbSearchTest,L3902,L103,C:\Users\domco\Desktop\DP\repos\shardingsphere-elasticjob\elastic-job-common\elastic-job-common-core\src\test\java\com\dangdang\ddframe\job\event\rdb\JobEventRdbSearchTest.java,40,1,246,2,0.697674,4,8,8,0.541063,0.592593,112,112,1,2,2,18,10,1,0,6,22,0.0,0.0,0,0,0,16,0.0,0,0,0,0,0,0,189,207,2,0,2,0,16,0,15,1,16,136,0,15,1,189,207,2,0,2,0,16,0,15,1,16,136,0,15,1,0,0,91,4,86,86,56,0,0,0,0,0,35,0,4,0,0,0,0,0,0
74,L4309,JobEventRdbStorageTest,com.dangdang.ddframe.job.event.rdb.JobEventRdbStorageTest,L3902,L103,C:\Users\domco\Desktop\DP\repos\shardingsphere-elasticjob\elastic-job-common\elastic-job-common-core\src\test\java\com\dangdang\ddframe\job\event\rdb\JobEventRdbStorageTest.java,39,1,141,2,0.0,0,0,0,0.0,0.0,0,0,1,1,1,13,7,1,0,7,18,0.0,0.0,0,0,0,12,0.0,0,0,0,0,0,0,91,103,1,0,1,0,11,0,11,0,11,51,0,11,0,91,103,1,0,1,0,11,0,11,0,11,51,0,11,0,0,1,25,5,26,27,0,0,0,0,0,0,25,0,5,0,0,0,0,0,1.0
75,L250,JobExecutionEvent,com.dangdang.ddframe.job.event.type.JobExecutionEvent,L4327,L103,C:\Users\domco\Desktop\DP\repos\shardingsphere-elasticjob\elastic-job-common\elastic-job-common-core\src\main\java\com\dangdang\ddframe\job\event\type\JobExecutionEvent.java,36,1,108,2,0.0,0,0,0,0.0,0.0,0,0,1,0,0,4,5,16,12,3,6,1.0,0.375,21,21,4,0,0.387097,24,1,1,0,0,1,35,70,12,2,12,1,3,0,3,0,4,9,0,4,0,38,73,15,2,15,1,3,3,3,0,4,9,3,4,0,0,0,8,0,0,0,0,0,0,0,0,0,0,0,0,0,0,0,0,8,0
76,L4049,JobExecutionEventThrowable,com.dangdang.ddframe.job.event.type.JobExecutionEventThrowable,L4327,L103,C:\Users\domco\Desktop\DP\repos\shardingsphere-elasticjob\elastic-job-common\elastic-job-common-core\src\main\java\com\dangdang\ddframe\job\event\type\JobExecutionEventThrowable.java,30,1,39,2,0.0,0,0,0,0.0,0.0,0,0,0,0,0,0,0,2,0,0,0,1.0,0.384615,5,5,1,0,0.384615,5,0,0,0,0,0,8,10,2,0,2,0,0,0,0,0,0,0,0,0,0,8,10,2,0,2,0,0,0,0,0,0,0,0,0,0,0,0,0,0,0,0,0,0,0,0,0,0,0,0,0,0,0,0,0,0,0
77,L271,JobStatusTraceEvent,com.dangdang.ddframe.job.event.type.JobStatusTraceEvent,L4327,L103,C:\Users\domco\Desktop\DP\repos\shardingsphere-elasticjob\elastic-job-common\elastic-job-common-core\src\main\java\com\dangdang\ddframe\job\event\type\JobStatusTraceEvent.java,19,1,56,2,0.0,0,0,0,0.0,0.0,0,0,0,0,0,0,5,15,0,0,0,1.0,0.217391,5,5,1,0,0.172414,5,1,1,0,0,1,18,32,12,1,12,0,0,0,0,0,1,0,0,1,0,24,38,22,1,22,0,0,10,0,0,1,0,10,1,0,0,0,21,0,0,0,0,0,0,0,0,0,8,0,0,0,0,0,0,13,0
78,L4450,TestJobEventConfiguration,com.dangdang.ddframe.job.event.fixture.TestJobEventConfiguration,L4441,L103,C:\Users\domco\Desktop\DP\repos\shardingsphere-elasticjob\elastic-job-common\elastic-job-common-core\src\test\java\com\dangdang\ddframe\job\event\fixture\TestJobEventConfiguration.java,25,1,34,2,0.0,0,0,0,0.0,0.0,0,0,1,0,0,1,6,1,0,0,1,0.0,0.0,0,0,0,2,0.0,0,2,3,0,0,2,8,10,1,1,1,0,1,0,1,0,2,1,0,2,0,8,10,1,1,1,0,1,0,1,0,2,1,0,2,0,0,0,6,0,0,0,0,0,0,0,0,0,5,0,0,1,0,0,0,0,0
79,L4465,TestJobEventFailureConfiguration,com.dangdang.ddframe.job.event.fixture.TestJobEventFailureConfiguration,L4441,L103,C:\Users\domco\Desktop\DP\repos\shardingsphere-elasticjob\elastic-job-common\elastic-job-common-core\src\test\java\com\dangdang\ddframe\job\event\fixture\TestJobEventFailureConfiguration.java,24,1,30,2,0.0,0,0,0,0.0,0.0,0,0,1,0,0,1,4,1,0,1,2,0.0,0.0,0,0,0,2,0.0,0,2,3,0,0,2,6,7,0,1,0,0,1,0,1,0,2,1,0,2,0,6,7,0,1,0,0,1,0,1,0,2,1,0,2,0,0,0,6,1,0,0,0,0,0,0,0,1,5,0,0,1,0,0,0,0,0
80,L4451,TestJobEventIdentity,com.dangdang.ddframe.job.event.fixture.TestJobEventIdentity,L4441,L103,C:\Users\domco\Desktop\DP\repos\shardingsphere-elasticjob\elastic-job-common\elastic-job-common-core\src\test\java\com\dangdang\ddframe\job\event\fixture\TestJobEventIdentity.java,22,1,28,2,0.0,0,0,0,0.0,0.0,0,0,0,0,0,1,1,3,0,0,1,0.0,0.0,0,0,0,2,0.0,0,1,1,3,3,1,6,7,0,1,0,1,1,0,1,0,1,1,0,1,0,6,7,0,1,0,1,1,0,1,0,1,1,0,1,0,0,0,5,0,0,0,0,0,0,0,0,0,5,0,0,0,0,0,0,0,0
81,L4461,TestJobEventListener,com.dangdang.ddframe.job.event.fixture.TestJobEventListener,L4441,L103,C:\Users\domco\Desktop\DP\repos\shardingsphere-elasticjob\elastic-job-common\elastic-job-common-core\src\test\java\com\dangdang\ddframe\job\event\fixture\TestJobEventListener.java,26,1,48,2,0.0,0,0,0,0.0,0.0,0,0,1,0,0,3,5,1,0,1,4,0.0,0.0,0,0,0,4,0.0,0,2,3,0,0,2,18,23,2,1,2,0,3,0,3,0,4,4,0,4,0,18,23,2,1,2,0,3,0,3,0,4,4,0,4,0,0,0,10,0,0,0,0,0,0,0,0,0,9,0,0,1,0,0,0,0,0
82,L4715,ExecutorServiceHandlerRegistry,com.dangdang.ddframe.job.executor.handler.ExecutorServiceHandlerRegistry,L4702,L103,C:\Users\domco\Desktop\DP\repos\shardingsphere-elasticjob\elastic-job-common\elastic-job-common-core\src\main\java\com\dangdang\ddframe\job\executor\handler\ExecutorServiceHandlerRegistry.java,32,1,59,2,0.0,0,0,0,0.0,0.0,0,0,1,1,1,3,1,3,6,1,3,1.0,0.566667,17,17,3,0,0.566667,17,0,0,0,0,0,13,28,1,1,1,1,2,0,2,0,2,4,0,2,0,13,28,1,1,1,1,2,0,2,0,2,4,0,2,0,0,0,0,0,2,0,0,0,0,0,0,0,0,0,0,0,2,0,0,0,0
83,L3637,JobProperties,com.dangdang.ddframe.job.executor.handler.JobProperties,L4702,L103,C:\Users\domco\Desktop\DP\repos\shardingsphere-elasticjob\elastic-job-common\elastic-job-common-core\src\main\java\com\dangdang\ddframe\job\executor\handler\JobProperties.java,36,1,117,2,0.0,0,0,0,0.0,0.0,0,0,1,1,1,7,2,6,9,2,5,1.0,0.5,22,22,4,0,0.486842,37,0,0,0,0,0,22,47,1,0,1,0,3,0,3,0,3,9,0,3,0,39,82,6,0,6,0,4,2,4,0,4,13,2,4,0,0,0,6,0,0,0,0,0,0,0,0,0,0,0,0,0,0,0,0,6,0
84,L4799,ExecutorServiceHandlerRegistryTest,com.dangdang.ddframe.job.executor.handler.ExecutorServiceHandlerRegistryTest,L4702,L103,C:\Users\domco\Desktop\DP\repos\shardingsphere-elasticjob\elastic-job-common\elastic-job-common-core\src\test\java\com\dangdang\ddframe\job\executor\handler\ExecutorServiceHandlerRegistryTest.java,37,1,92,2,0.0,0,0,0,0.0,0.0,0,0,4,1,1,5,3,1,0,2,6,0.0,0.0,0,0,0,5,0.0,0,0,0,0,0,0,31,36,0,0,0,0,4,0,4,0,4,17,0,4,0,47,56,3,0,3,0,5,0,5,0,5,22,0,5,0,0,0,17,2,5,6,0,0,1,0,0,0,16,0,1,0,0,0,0,0,0
85,L4840,JobPropertiesTest,com.dangdang.ddframe.job.executor.handler.JobPropertiesTest,L4702,L103,C:\Users\domco\Desktop\DP\repos\shardingsphere-elasticjob\elastic-job-common\elastic-job-common-core\src\test\java\com\dangdang\ddframe\job\executor\handler\JobPropertiesTest.java,34,1,89,2,0.0,0,0,0,0.0,0.0,0,0,6,0,0,9,6,1,0,5,14,0.0,0.0,0,0,0,9,0.0,0,0,0,0,0,0,47,56,0,1,0,1,9,0,8,0,9,19,0,8,0,47,56,0,1,0,1,9,0,8,0,9,19,0,8,0,0,0,22,0,10,10,0,0,1,0,0,0,21,0,0,0,0,0,0,0,0
86,L4877,DataflowJobExecutor,com.dangdang.ddframe.job.executor.type.DataflowJobExecutor,L4924,L103,C:\Users\domco\Desktop\DP\repos\shardingsphere-elasticjob\elastic-job-common\elastic-job-common-core\src\main\java\com\dangdang\ddframe\job\executor\type\DataflowJobExecutor.java,33,1,77,2,0.0,0,0,0,0.0,0.0,0,0,1,2,2,12,5,3,2,3,9,0.5,0.116279,5,5,1,1,0.116279,5,1,1,0,0,1,38,45,7,2,1,0,6,0,1,0,13,17,0,2,0,38,45,7,2,1,0,6,0,1,0,13,17,0,2,0,0,0,15,0,0,0,0,0,0,0,0,0,15,0,0,0,0,0,0,0,0
87,L4865,ScriptJobExecutor,com.dangdang.ddframe.job.executor.type.ScriptJobExecutor,L4924,L103,C:\Users\domco\Desktop\DP\repos\shardingsphere-elasticjob\elastic-job-common\elastic-job-common-core\src\main\java\com\dangdang\ddframe\job\executor\type\ScriptJobExecutor.java,38,1,62,2,0.0,0,0,0,0.0,0.0,0,0,1,1,1,5,6,3,4,3,6,0.5,0.214286,6,6,1,1,0.214286,6,1,1,0,0,1,22,25,6,2,0,0,3,0,1,0,10,10,0,2,0,22,25,6,2,0,0,3,0,1,0,10,10,0,2,0,0,0,9,0,0,0,0,0,0,0,0,0,9,0,0,0,0,0,0,0,0
88,L4870,SimpleJobExecutor,com.dangdang.ddframe.job.executor.type.SimpleJobExecutor,L4924,L103,C:\Users\domco\Desktop\DP\repos\shardingsphere-elasticjob\elastic-job-common\elastic-job-common-core\src\main\java\com\dangdang\ddframe\job\executor\type\SimpleJobExecutor.java,30,1,43,2,0.0,0,0,0,0.0,0.0,0,0,1,0,0,2,4,4,4,2,4,0.5,0.3125,5,5,1,1,0.3125,5,1,1,0,0,1,11,14,7,2,1,0,2,0,1,0,9,3,0,2,0,11,14,7,2,1,0,2,0,1,0,9,3,0,2,0,0,0,5,0,0,0,0,0,0,0,0,0,5,0,0,0,0,0,0,0,0
89,L4980,DataflowJobExecutorTest,com.dangdang.ddframe.job.executor.type.DataflowJobExecutorTest,L4924,L103,C:\Users\domco\Desktop\DP\repos\shardingsphere-elasticjob\elastic-job-common\elastic-job-common-core\src\test\java\com\dangdang\ddframe\job\executor\type\DataflowJobExecutorTest.java,41,1,176,2,0.222465,1,2,2,0.147059,0.163934,20,20,1,0,0,10,9,1,0,10,20,0.0,0.0,0,0,0,10,0.0,0,0,0,0,0,0,122,136,4,0,4,0,10,0,9,1,10,80,0,9,1,122,136,4,0,4,0,10,0,9,1,10,80,0,9,1,0,0,39,1,0,0,16,0,0,0,0,0,23,0,1,0,0,0,0,0,0
90,L5022,ElasticJobVerify,com.dangdang.ddframe.job.executor.type.ElasticJobVerify,L4924,L103,C:\Users\domco\Desktop\DP\repos\shardingsphere-elasticjob\elastic-job-common\elastic-job-common-core\src\test\java\com\dangdang\ddframe\job\executor\type\ElasticJobVerify.java,30,1,55,2,0.0,0,0,0,0.0,0.0,0,0,2,1,1,3,4,3,10,3,5,0.0,0.0,0,0,0,3,0.0,0,0,0,0,0,0,24,26,0,0,0,0,2,0,2,0,2,15,0,2,0,24,26,0,0,0,0,2,0,2,0,2,15,0,2,0,0,0,8,1,0,0,0,0,1,0,0,1,7,0,0,0,0,0,0,0,0
91,L5028,ScriptJobExecutorTest,com.dangdang.ddframe.job.executor.type.ScriptJobExecutorTest,L4924,L103,C:\Users\domco\Desktop\DP\repos\shardingsphere-elasticjob\elastic-job-common\elastic-job-common-core\src\test\java\com\dangdang\ddframe\job\executor\type\ScriptJobExecutorTest.java,37,1,88,2,0.0,0,0,0,0.0,0.0,0,0,1,0,0,7,10,1,0,6,13,0.0,0.0,0,0,0,6,0.0,0,0,0,0,0,0,43,52,2,0,2,0,7,0,5,0,7,17,0,5,0,43,52,2,0,2,0,7,0,5,0,7,17,0,5,0,0,0,17,1,0,1,0,0,0,0,0,0,17,0,0,0,0,0,0,0,0
92,L5051,SimpleJobExecutorTest,com.dangdang.ddframe.job.executor.type.SimpleJobExecutorTest,L4924,L103,C:\Users\domco\Desktop\DP\repos\shardingsphere-elasticjob\elastic-job-common\elastic-job-common-core\src\test\java\com\dangdang\ddframe\job\executor\type\SimpleJobExecutorTest.java,49,1,235,2,0.0,0,0,0,0.0,0.0,0,0,1,2,2,17,14,1,0,14,30,0.0,0.0,0,0,0,15,0.0,0,0,0,0,0,0,168,187,3,0,3,0,16,0,14,1,16,101,0,14,1,168,187,3,0,3,0,16,0,14,1,16,101,0,14,1,0,0,36,1,3,3,0,0,0,0,1,0,35,0,1,0,0,0,0,0,0
93,L5090,WrongJobExecutorTest,com.dangdang.ddframe.job.executor.type.WrongJobExecutorTest,L4924,L103,C:\Users\domco\Desktop\DP\repos\shardingsphere-elasticjob\elastic-job-common\elastic-job-common-core\src\test\java\com\dangdang\ddframe\job\executor\type\WrongJobExecutorTest.java,37,1,71,2,0.0,0,0,0,0.0,0.0,0,0,1,0,0,3,7,1,0,4,7,0.0,0.0,0,0,0,4,0.0,0,0,0,0,0,0,30,35,2,0,2,0,3,0,3,1,3,15,0,3,1,30,35,2,0,2,0,3,0,3,1,3,15,0,3,1,0,0,9,0,0,0,0,0,0,0,0,0,9,0,0,0,0,0,0,0,0
94,L5198,RegException,com.dangdang.ddframe.job.reg.exception.RegException,L5192,L103,C:\Users\domco\Desktop\DP\repos\shardingsphere-elasticjob\elastic-job-common\elastic-job-common-core\src\main\java\com\dangdang\ddframe\job\reg\exception\RegException.java,25,1,36,2,0.0,0,0,0,0.0,0.0,0,0,0,0,0,2,0,4,1,0,2,0.333333,0.357143,5,5,1,2,0.357143,5,0,0,0,0,0,9,12,1,0,1,0,2,0,2,0,2,2,0,2,0,9,12,1,0,1,0,2,0,2,0,2,2,0,2,0,0,0,5,0,0,0,0,0,0,0,0,0,5,0,0,0,0,0,0,0,0
95,L5206,RegExceptionHandler,com.dangdang.ddframe.job.reg.exception.RegExceptionHandler,L5192,L103,C:\Users\domco\Desktop\DP\repos\shardingsphere-elasticjob\elastic-job-common\elastic-job-common-core\src\main\java\com\dangdang\ddframe\job\reg\exception\RegExceptionHandler.java,32,1,56,2,0.0,0,0,0,0.0,0.0,0,0,1,2,1,8,1,11,30,1,3,1.0,0.428571,12,12,2,0,0.428571,12,0,0,0,0,0,16,25,0,0,0,0,2,0,1,0,2,6,0,1,0,16,25,0,0,0,0,2,0,1,0,2,6,0,1,0,0,0,2,0,0,0,0,0,0,0,0,0,2,0,0,0,0,0,0,0,0
96,L5218,RegExceptionHandlerTest,com.dangdang.ddframe.job.reg.exception.RegExceptionHandlerTest,L5192,L103,C:\Users\domco\Desktop\DP\repos\shardingsphere-elasticjob\elastic-job-common\elastic-job-common-core\src\test\java\com\dangdang\ddframe\job\reg\exception\RegExceptionHandlerTest.java,26,1,69,2,0.0,0,0,0,0.0,0.0,0,0,8,0,0,8,2,1,0,1,9,0.0,0.0277778,1,0,0,9,0.0277778,1,0,0,0,0,0,35,44,0,0,0,0,8,0,8,0,8,8,0,8,0,35,44,0,0,0,0,8,0,8,0,8,8,0,8,0,0,0,20,7,0,7,0,0,1,0,0,0,19,0,0,0,0,0,0,0,0
97,L817,ZookeeperConfiguration,com.dangdang.ddframe.job.reg.zookeeper.ZookeeperConfiguration,L5231,L103,C:\Users\domco\Desktop\DP\repos\shardingsphere-elasticjob\elastic-job-common\elastic-job-common-core\src\main\java\com\dangdang\ddframe\job\reg\zookeeper\ZookeeperConfiguration.java,30,1,82,2,0.0,0,0,0,0.0,0.0,0,0,0,0,0,0,0,16,0,0,0,1.0,0.745098,38,38,1,0,0.745098,38,0,0,0,0,0,13,53,8,0,8,0,0,0,0,0,0,0,0,0,0,13,53,8,0,8,0,0,0,0,0,0,0,0,0,0,0,0,1,0,0,0,0,0,0,0,0,0,0,0,0,0,0,0,0,1,0
98,L1008,ZookeeperRegistryCenter,com.dangdang.ddframe.job.reg.zookeeper.ZookeeperRegistryCenter,L5231,L103,C:\Users\domco\Desktop\DP\repos\shardingsphere-elasticjob\elastic-job-common\elastic-job-common-core\src\main\java\com\dangdang\ddframe\job\reg\zookeeper\ZookeeperRegistryCenter.java,55,1,330,2,0.0,0,0,0,0.0,0.0,0,0,1,2,2,49,3,15,33,1,22,0.0526316,0.14876,36,10,1,18,0.141732,36,2,2,0,0,1,206,261,3,7,3,7,21,0,18,0,21,93,0,18,0,218,276,3,9,3,9,24,0,21,0,24,96,0,21,0,0,0,59,13,0,0,0,0,0,0,0,13,55,0,0,0,0,0,0,4,1.0
99,L5343,EmbedTestingServer,com.dangdang.ddframe.job.reg.zookeeper.EmbedTestingServer,L5231,L103,C:\Users\domco\Desktop\DP\repos\shardingsphere-elasticjob\elastic-job-common\elastic-job-common-core\src\test\java\com\dangdang\ddframe\job\reg\zookeeper\EmbedTestingServer.java,29,1,64,2,0.732673,1,4,1,0.666667,0.724138,24,21,1,1,1,4,1,6,15,1,3,0.0,0.0869565,2,0,0,3,0.0645161,2,0,0,0,0,0,21,27,2,1,2,1,2,0,2,0,2,7,0,2,0,29,36,2,1,2,1,3,0,3,0,3,10,0,3,0,0,0,34,1,0,0,22,0,0,0,0,1,12,0,0,0,0,0,0,0,0
100,L5370,ZookeeperConfigurationTest,com.dangdang.ddframe.job.reg.zookeeper.ZookeeperConfigurationTest,L5231,L103,C:\Users\domco\Desktop\DP\repos\shardingsphere-elasticjob\elastic-job-common\elastic-job-common-core\src\test\java\com\dangdang\ddframe\job\reg\zookeeper\ZookeeperConfigurationTest.java,25,1,36,2,0.0,0,0,0,0.0,0.0,0,0,1,0,0,1,1,1,0,0,1,0.0,0.0,0,0,0,2,0.0,0,0,0,0,0,0,11,12,0,0,0,0,1,0,1,0,1,6,0,1,0,11,12,0,0,0,0,1,0,1,0,1,6,0,1,0,0,0,5,0,6,6,0,0,0,0,0,0,5,0,0,0,0,0,0,0,0
101,L5373,ZookeeperRegistryCenterForAuthTest,com.dangdang.ddframe.job.reg.zookeeper.ZookeeperRegistryCenterForAuthTest,L5231,L103,C:\Users\domco\Desktop\DP\repos\shardingsphere-elasticjob\elastic-job-common\elastic-job-common-core\src\test\java\com\dangdang\ddframe\job\reg\zookeeper\ZookeeperRegistryCenterForAuthTest.java,32,1,74,2,0.0,0,0,0,0.0,0.0,0,0,3,0,0,4,4,1,0,6,10,0.0,0.0,0,0,0,5,0.0,0,0,0,0,0,0,36,43,3,0,3,0,4,0,4,1,4,16,0,4,1,36,43,3,0,3,0,4,0,4,1,4,16,0,4,1,0,0,12,2,1,1,0,0,1,0,0,2,11,0,0,0,0,0,0,0,0
102,L5392,ZookeeperRegistryCenterInitFailureTest,com.dangdang.ddframe.job.reg.zookeeper.ZookeeperRegistryCenterInitFailureTest,L5231,L103,C:\Users\domco\Desktop\DP\repos\shardingsphere-elasticjob\elastic-job-common\elastic-job-common-core\src\test\java\com\dangdang\ddframe\job\reg\zookeeper\ZookeeperRegistryCenterInitFailureTest.java,23,1,30,2,0.0,0,0,0,0.0,0.0,0,0,1,0,0,1,3,1,0,2,3,0.0,0.0,0,0,0,2,0.0,0,0,0,0,0,0,7,8,0,0,0,0,1,0,1,0,1,2,0,1,0,7,8,0,0,0,0,1,0,1,0,1,2,0,1,0,0,0,5,0,0,0,0,0,0,0,0,0,5,0,0,0,0,0,0,0,0
103,L5397,ZookeeperRegistryCenterMiscellaneousTest,com.dangdang.ddframe.job.reg.zookeeper.ZookeeperRegistryCenterMiscellaneousTest,L5231,L103,C:\Users\domco\Desktop\DP\repos\shardingsphere-elasticjob\elastic-job-common\elastic-job-common-core\src\test\java\com\dangdang\ddframe\job\reg\zookeeper\ZookeeperRegistryCenterMiscellaneousTest.java,30,1,66,2,0.0,0,0,0,0.0,0.0,0,0,1,0,0,5,3,1,0,8,13,0.0,0.0,0,0,0,6,0.0,0,0,0,0,0,0,30,37,2,0,2,0,5,0,5,1,5,11,0,5,1,30,37,2,0,2,0,5,0,5,1,5,11,0,5,1,0,0,13,0,6,5,0,1,0,0,0,0,13,0,0,0,0,0,0,0,0
104,L5413,ZookeeperRegistryCenterModifyTest,com.dangdang.ddframe.job.reg.zookeeper.ZookeeperRegistryCenterModifyTest,L5231,L103,C:\Users\domco\Desktop\DP\repos\shardingsphere-elasticjob\elastic-job-common\elastic-job-common-core\src\test\java\com\dangdang\ddframe\job\reg\zookeeper\ZookeeperRegistryCenterModifyTest.java,37,1,126,2,0.0,0,0,0,0.0,0.0,0,0,1,1,1,10,4,1,0,15,23,0.0,0.0,0,0,0,9,0.0,0,0,0,0,0,0,79,90,2,0,2,0,8,0,8,1,8,49,0,8,1,79,90,2,0,2,0,8,0,8,1,8,49,0,8,1,0,0,19,5,21,20,0,1,0,0,0,3,19,0,2,0,0,0,0,0,0
105,L5434,ZookeeperRegistryCenterQueryWithCacheTest,com.dangdang.ddframe.job.reg.zookeeper.ZookeeperRegistryCenterQueryWithCacheTest,L5231,L103,C:\Users\domco\Desktop\DP\repos\shardingsphere-elasticjob\elastic-job-common\elastic-job-common-core\src\test\java\com\dangdang\ddframe\job\reg\zookeeper\ZookeeperRegistryCenterQueryWithCacheTest.java,29,1,60,2,0.0,0,0,0,0.0,0.0,0,0,1,0,0,4,4,1,0,8,12,0.0,0.0,0,0,0,5,0.0,0,0,0,0,0,0,26,32,2,0,2,0,4,0,4,1,4,10,0,4,1,26,32,2,0,2,0,4,0,4,1,4,10,0,4,1,0,0,11,0,5,4,0,1,0,0,0,0,11,0,0,0,0,0,0,0,0
106,L5446,ZookeeperRegistryCenterQueryWithoutCacheTest,com.dangdang.ddframe.job.reg.zookeeper.ZookeeperRegistryCenterQueryWithoutCacheTest,L5231,L103,C:\Users\domco\Desktop\DP\repos\shardingsphere-elasticjob\elastic-job-common\elastic-job-common-core\src\test\java\com\dangdang\ddframe\job\reg\zookeeper\ZookeeperRegistryCenterQueryWithoutCacheTest.java,34,1,94,2,0.0,0,0,0,0.0,0.0,0,0,1,0,0,8,4,1,0,12,20,0.0,0.0,0,0,0,9,0.0,0,0,0,0,0,0,50,61,2,0,2,0,8,0,8,1,8,22,0,8,1,50,61,2,0,2,0,8,0,8,1,8,22,0,8,1,0,0,19,1,20,19,0,1,0,0,0,0,19,0,1,0,0,0,0,0,1.0
107,L2999,StatisticRdbRepository,com.dangdang.ddframe.job.statistics.rdb.StatisticRdbRepository,L5478,L103,C:\Users\domco\Desktop\DP\repos\shardingsphere-elasticjob\elastic-job-common\elastic-job-common-core\src\main\java\com\dangdang\ddframe\job\statistics\rdb\StatisticRdbRepository.java,45,1,503,2,0.593564,4,27,12,0.444444,0.58209,204,195,1,3,3,50,5,9,51,0,23,1.0,0.231651,101,88,15,0,0.231651,101,0,0,0,0,0,335,459,5,1,5,1,23,0,14,0,23,149,0,14,0,335,459,5,1,5,1,23,0,14,0,23,149,0,14,0,0,0,109,9,5,0,88,0,0,0,0,0,20,0,14,0,0,0,0,1,0
108,L5562,StatisticRdbRepositoryTest,com.dangdang.ddframe.job.statistics.rdb.StatisticRdbRepositoryTest,L5478,L103,C:\Users\domco\Desktop\DP\repos\shardingsphere-elasticjob\elastic-job-common\elastic-job-common-core\src\test\java\com\dangdang\ddframe\job\statistics\rdb\StatisticRdbRepositoryTest.java,39,1,219,2,0.0,0,0,0,0.0,0.0,0,0,1,1,1,30,6,1,0,11,35,0.0,0.0,0,0,0,24,0.0,0,0,0,0,0,0,156,181,1,1,1,1,24,0,23,0,24,76,0,23,0,156,181,1,1,1,1,24,0,23,0,24,76,0,23,0,0,1,53,0,47,47,0,0,0,0,0,0,51,0,1,0,0,0,0,2,0
109,L5661,BlockUtils,com.dangdang.ddframe.job.util.concurrent.BlockUtils,L5654,L103,C:\Users\domco\Desktop\DP\repos\shardingsphere-elasticjob\elastic-job-common\elastic-job-common-core\src\main\java\com\dangdang\ddframe\job\util\concurrent\BlockUtils.java,23,1,41,2,0.0,0,0,0,0.0,0.0,0,0,1,1,1,4,0,9,10,0,3,0.0,0.0,0,0,0,4,0.0,0,0,0,0,0,0,16,19,0,0,0,0,3,0,3,0,3,5,0,3,0,16,19,0,0,0,0,3,0,3,0,3,5,0,3,0,0,0,9,0,1,0,0,1,0,0,0,0,9,0,0,0,0,0,0,0,0
110,L444,ExecutorServiceObject,com.dangdang.ddframe.job.util.concurrent.ExecutorServiceObject,L5654,L103,C:\Users\domco\Desktop\DP\repos\shardingsphere-elasticjob\elastic-job-common\elastic-job-common-core\src\main\java\com\dangdang\ddframe\job\util\concurrent\ExecutorServiceObject.java,35,1,78,2,0.0,0,0,0,0.0,0.0,0,0,1,0,0,5,0,4,5,0,5,0.666667,0.47619,20,20,4,2,0.47619,20,0,0,0,0,0,22,44,2,2,2,2,5,0,5,0,5,7,0,5,0,22,44,2,2,2,2,5,0,5,0,5,7,0,5,0,0,0,5,0,0,0,0,0,0,0,0,0,5,0,0,0,0,0,0,0,0
111,L5698,ExecutorServiceObjectTest,com.dangdang.ddframe.job.util.concurrent.ExecutorServiceObjectTest,L5654,L103,C:\Users\domco\Desktop\DP\repos\shardingsphere-elasticjob\elastic-job-common\elastic-job-common-core\src\test\java\com\dangdang\ddframe\job\util\concurrent\ExecutorServiceObjectTest.java,29,1,62,2,0.0,0,0,0,0.0,0.0,0,0,1,0,0,1,3,1,0,6,7,0.0,0.0,0,0,0,2,0.0,0,0,0,0,0,0,24,27,1,0,1,0,1,0,1,0,1,18,0,1,0,30,34,1,0,1,0,2,0,2,0,2,19,0,2,0,0,0,10,1,12,12,0,0,0,0,0,1,10,0,0,0,0,0,0,0,0
112,L1871,ShardingItemParameters,com.dangdang.ddframe.job.util.config.ShardingItemParameters,L5714,L103,C:\Users\domco\Desktop\DP\repos\shardingsphere-elasticjob\elastic-job-common\elastic-job-common-core\src\main\java\com\dangdang\ddframe\job\util\config\ShardingItemParameters.java,34,1,82,2,0.0,0,0,0,0.0,0.0,0,0,1,1,1,7,2,3,6,1,4,0.5,0.135135,5,5,1,1,0.177778,8,0,0,0,0,0,32,42,3,0,3,0,3,0,1,0,3,15,0,1,0,37,49,5,0,5,0,3,0,1,0,3,15,0,1,0,0,0,9,1,0,1,0,0,0,0,0,0,9,0,0,0,0,0,0,0,0
113,L5750,ShardingItems,com.dangdang.ddframe.job.util.config.ShardingItems,L5714,L103,C:\Users\domco\Desktop\DP\repos\shardingsphere-elasticjob\elastic-job-common\elastic-job-common-core\src\main\java\com\dangdang\ddframe\job\util\config\ShardingItems.java,33,1,68,2,0.0,0,0,0,0.0,0.0,0,0,1,2,2,6,0,3,8,0,2,1.0,0.447368,17,17,3,0,0.447368,17,0,0,0,0,0,21,36,1,0,1,0,2,0,2,0,2,10,0,2,0,21,36,1,0,1,0,2,0,2,0,2,10,0,2,0,0,0,0,0,0,0,0,0,0,0,0,0,0,0,0,0,0,0,0,0,0
114,L5761,ShardingItemParametersTest,com.dangdang.ddframe.job.util.config.ShardingItemParametersTest,L5714,L103,C:\Users\domco\Desktop\DP\repos\shardingsphere-elasticjob\elastic-job-common\elastic-job-common-core\src\test\java\com\dangdang\ddframe\job\util\config\ShardingItemParametersTest.java,30,1,55,2,0.0,0,0,0,0.0,0.0,0,0,4,0,0,4,2,1,0,1,5,0.0,0.0,0,0,0,5,0.0,0,0,0,0,0,0,22,26,0,0,0,0,4,0,4,0,4,8,0,4,0,22,26,0,0,0,0,4,0,4,0,4,8,0,4,0,0,0,12,0,2,2,0,0,1,0,0,0,11,0,0,0,0,0,0,0,0
115,L5769,ShardingItemsTest,com.dangdang.ddframe.job.util.config.ShardingItemsTest,L5714,L103,C:\Users\domco\Desktop\DP\repos\shardingsphere-elasticjob\elastic-job-common\elastic-job-common-core\src\test\java\com\dangdang\ddframe\job\util\config\ShardingItemsTest.java,28,1,59,2,0.0,0,0,0,0.0,0.0,0,0,6,0,0,6,1,1,0,2,8,0.0,0.0,0,0,0,7,0.0,0,0,0,0,0,0,26,32,0,0,0,0,6,0,6,0,6,6,0,6,0,26,32,0,0,0,0,6,0,6,0,6,6,0,6,0,0,0,16,0,6,6,0,0,1,0,0,0,15,0,0,0,0,0,0,0,0
116,L5786,Encryption,com.dangdang.ddframe.job.util.digest.Encryption,L5781,L103,C:\Users\domco\Desktop\DP\repos\shardingsphere-elasticjob\elastic-job-common\elastic-job-common-core\src\main\java\com\dangdang\ddframe\job\util\digest\Encryption.java,33,1,53,2,0.0,0,0,0,0.0,0.0,0,0,1,1,1,2,1,2,2,1,2,1.0,0.458333,11,11,2,0,0.458333,11,0,0,0,0,0,13,21,1,0,1,0,1,0,1,0,1,5,0,1,0,13,21,1,0,1,0,1,0,1,0,1,5,0,1,0,0,0,0,0,1,0,0,0,0,0,0,0,0,0,1,0,0,0,0,0,0
117,L5812,EncryptionTest,com.dangdang.ddframe.job.util.digest.EncryptionTest,L5781,L103,C:\Users\domco\Desktop\DP\repos\shardingsphere-elasticjob\elastic-job-common\elastic-job-common-core\src\test\java\com\dangdang\ddframe\job\util\digest\EncryptionTest.java,25,1,31,2,0.0,0,0,0,0.0,0.0,0,0,1,0,0,1,1,1,0,1,2,0.0,0.0,0,0,0,2,0.0,0,0,0,0,0,0,6,7,0,0,0,0,1,0,1,0,1,1,0,1,0,6,7,0,0,0,0,1,0,1,0,1,1,0,1,0,0,0,5,0,1,1,0,0,0,0,0,0,5,0,0,0,0,0,0,0,0
118,L5824,HostException,com.dangdang.ddframe.job.util.env.HostException,L5815,L103,C:\Users\domco\Desktop\DP\repos\shardingsphere-elasticjob\elastic-job-common\elastic-job-common-core\src\main\java\com\dangdang\ddframe\job\util\env\HostException.java,27,1,34,2,0.0,0,0,0,0.0,0.0,0,0,0,0,0,1,0,2,3,0,1,0.5,0.454545,5,5,1,1,0.454545,5,0,0,0,0,0,6,8,1,0,1,0,1,0,1,0,1,1,0,1,0,6,8,1,0,1,0,1,0,1,0,1,1,0,1,0,0,0,3,0,0,0,0,0,0,0,0,0,3,0,0,0,0,0,0,0,0
119,L4335,LocalHostService,com.dangdang.ddframe.job.util.env.LocalHostService,L5815,L103,C:\Users\domco\Desktop\DP\repos\shardingsphere-elasticjob\elastic-job-common\elastic-job-common-core\src\main\java\com\dangdang\ddframe\job\util\env\LocalHostService.java,31,1,99,2,0.0,0,0,0,0.0,0.0,0,0,1,3,3,16,1,21,37,1,6,1.0,0.294118,20,20,3,0,0.294118,20,0,0,0,0,0,48,69,1,2,1,2,5,0,2,0,5,26,0,2,0,48,69,1,2,1,2,5,0,2,0,5,26,0,2,0,0,0,6,0,0,0,0,0,0,0,0,0,6,0,0,0,0,0,0,0,0
120,L5888,TimeService,com.dangdang.ddframe.job.util.env.TimeService,L5815,L103,C:\Users\domco\Desktop\DP\repos\shardingsphere-elasticjob\elastic-job-common\elastic-job-common-core\src\main\java\com\dangdang\ddframe\job\util\env\TimeService.java,25,1,35,2,0.0,0,0,0,0.0,0.0,0,0,0,0,0,1,0,3,7,0,1,1.0,0.666667,10,10,2,0,0.666667,10,0,0,0,0,0,5,11,0,1,0,1,1,0,1,0,1,1,0,1,0,5,11,0,1,0,1,1,0,1,0,1,1,0,1,0,0,0,0,0,0,0,0,0,0,0,0,0,0,0,0,0,0,0,0,0,0
121,L5893,HostExceptionTest,com.dangdang.ddframe.job.util.env.HostExceptionTest,L5815,L103,C:\Users\domco\Desktop\DP\repos\shardingsphere-elasticjob\elastic-job-common\elastic-job-common-core\src\test\java\com\dangdang\ddframe\job\util\env\HostExceptionTest.java,27,1,34,2,0.0,0,0,0,0.0,0.0,0,0,1,0,0,1,1,1,0,1,2,0.0,0.0,0,0,0,2,0.0,0,0,0,0,0,0,7,8,0,0,0,0,1,0,1,0,1,2,0,1,0,7,8,0,0,0,0,1,0,1,0,1,2,0,1,0,0,0,5,0,1,1,0,0,0,0,0,0,5,0,0,0,0,0,0,0,0
122,L5898,LocalHostServiceTest,com.dangdang.ddframe.job.util.env.LocalHostServiceTest,L5815,L103,C:\Users\domco\Desktop\DP\repos\shardingsphere-elasticjob\elastic-job-common\elastic-job-common-core\src\test\java\com\dangdang\ddframe\job\util\env\LocalHostServiceTest.java,24,1,37,2,0.0,0,0,0,0.0,0.0,0,0,1,0,0,2,1,1,0,2,4,0.0,0.0,0,0,0,3,0.0,0,0,0,0,0,0,11,14,1,0,1,0,2,0,2,0,2,2,0,2,0,11,14,1,0,1,0,2,0,2,0,2,2,0,2,0,0,0,7,0,2,2,0,0,0,0,0,0,7,0,0,0,0,0,0,0,0
123,L5904,TimeServiceTest,com.dangdang.ddframe.job.util.env.TimeServiceTest,L5815,L103,C:\Users\domco\Desktop\DP\repos\shardingsphere-elasticjob\elastic-job-common\elastic-job-common-core\src\test\java\com\dangdang\ddframe\job\util\env\TimeServiceTest.java,25,1,33,2,0.0,0,0,0,0.0,0.0,0,0,1,0,0,1,1,1,0,1,2,0.0,0.0,0,0,0,2,0.0,0,0,0,0,0,0,7,9,1,0,1,0,1,0,1,0,1,1,0,1,0,7,9,1,0,1,0,1,0,1,0,1,1,0,1,0,0,0,5,1,2,1,0,0,0,0,0,2,5,0,0,0,0,0,0,0,0
124,L1118,AbstractJobConfigurationGsonTypeAdapter<T extends JobRootConfiguration>,com.dangdang.ddframe.job.util.json.AbstractJobConfigurationGsonTypeAdapter,L5912,L103,C:\Users\domco\Desktop\DP\repos\shardingsphere-elasticjob\elastic-job-common\elastic-job-common-core\src\main\java\com\dangdang\ddframe\job\util\json\AbstractJobConfigurationGsonTypeAdapter.java,46,1,201,2,0.101138,1,10,2,0.153846,0.162162,24,24,2,2,2,30,10,3,0,13,21,0.333333,0.0512821,8,8,1,2,0.0512821,8,0,0,3,3,0,148,156,0,4,0,4,8,0,2,0,8,95,0,2,0,148,156,0,4,0,4,8,0,2,0,8,95,0,2,0,0,0,34,0,0,0,11,0,1,1,0,0,19,0,0,0,0,0,0,2,0
125,L5969,GsonFactory,com.dangdang.ddframe.job.util.json.GsonFactory,L5912,L103,C:\Users\domco\Desktop\DP\repos\shardingsphere-elasticjob\elastic-job-common\elastic-job-common-core\src\main\java\com\dangdang\ddframe\job\util\json\GsonFactory.java,33,1,59,2,0.0,0,0,0,0.0,0.0,0,0,1,0,0,2,0,10,38,0,2,1.0,0.571429,16,16,3,0,0.571429,16,0,0,0,0,0,12,27,2,1,2,1,2,0,2,0,2,3,0,2,0,12,27,2,1,2,1,2,0,2,0,2,3,0,2,0,0,0,0,0,1,0,0,0,0,0,0,0,0,0,0,0,1,0,0,0,0
126,L5983,GsonFactoryTest,com.dangdang.ddframe.job.util.json.GsonFactoryTest,L5912,L103,C:\Users\domco\Desktop\DP\repos\shardingsphere-elasticjob\elastic-job-common\elastic-job-common-core\src\test\java\com\dangdang\ddframe\job\util\json\GsonFactoryTest.java,31,1,56,2,0.0,0,0,0,0.0,0.0,0,0,2,0,0,2,1,1,0,2,4,0.0,0.0,0,0,0,3,0.0,0,0,0,0,0,0,14,16,0,0,0,0,2,0,2,0,2,5,0,2,0,22,26,0,0,0,0,4,0,4,0,4,7,0,4,0,0,0,16,0,4,4,0,0,2,0,0,0,14,0,0,0,0,0,0,0,0
127,L5996,JobConfigurationGsonTypeAdapterTest,com.dangdang.ddframe.job.util.json.JobConfigurationGsonTypeAdapterTest,L5912,L103,C:\Users\domco\Desktop\DP\repos\shardingsphere-elasticjob\elastic-job-common\elastic-job-common-core\src\test\java\com\dangdang\ddframe\job\util\json\JobConfigurationGsonTypeAdapterTest.java,40,1,106,2,0.0,0,0,0,0.0,0.0,0,0,6,0,0,7,10,1,0,7,14,0.0,0.0,0,0,0,8,0.0,0,0,0,0,0,0,44,52,0,0,0,0,7,0,7,1,7,13,0,7,1,56,67,0,4,0,1,10,0,7,1,15,14,0,9,1,0,0,28,0,8,6,0,0,2,0,0,0,26,2,0,0,0,0,0,0,0
128,L5014,TestDataflowJobConfiguration,com.dangdang.ddframe.job.fixture.config.TestDataflowJobConfiguration,L6092,L103,C:\Users\domco\Desktop\DP\repos\shardingsphere-elasticjob\elastic-job-common\elastic-job-common-core\src\test\java\com\dangdang\ddframe\job\fixture\config\TestDataflowJobConfiguration.java,30,1,41,2,0.0,0,0,0,0.0,0.0,0,0,0,0,0,1,9,3,0,2,3,0.0,0.0,0,0,0,2,0.0,0,1,1,0,0,1,10,12,1,1,1,1,1,0,1,0,1,1,0,1,0,10,12,1,1,1,1,1,0,1,0,1,1,0,1,0,0,0,5,0,0,0,0,0,0,0,0,0,5,0,0,0,0,0,0,0,0
129,L5999,TestJobRootConfiguration,com.dangdang.ddframe.job.fixture.config.TestJobRootConfiguration,L6092,L103,C:\Users\domco\Desktop\DP\repos\shardingsphere-elasticjob\elastic-job-common\elastic-job-common-core\src\test\java\com\dangdang\ddframe\job\fixture\config\TestJobRootConfiguration.java,24,1,33,2,0.0,0,0,0,0.0,0.0,0,0,0,0,0,1,2,2,0,0,1,0.0,0.0,0,0,0,2,0.0,0,1,1,0,0,1,8,10,1,1,1,1,1,0,1,0,1,1,0,1,0,8,10,1,1,1,1,1,0,1,0,1,1,0,1,0,0,0,5,0,0,0,0,0,0,0,0,0,5,0,0,0,0,0,0,0,0
130,L5034,TestScriptJobConfiguration,com.dangdang.ddframe.job.fixture.config.TestScriptJobConfiguration,L6092,L103,C:\Users\domco\Desktop\DP\repos\shardingsphere-elasticjob\elastic-job-common\elastic-job-common-core\src\test\java\com\dangdang\ddframe\job\fixture\config\TestScriptJobConfiguration.java,29,1,41,2,0.0,0,0,0,0.0,0.0,0,0,0,0,0,1,8,3,0,2,3,0.0,0.0,0,0,0,2,0.0,0,1,1,0,0,1,10,13,2,1,2,1,1,0,1,0,1,1,0,1,0,10,13,2,1,2,1,1,0,1,0,1,1,0,1,0,0,0,5,0,0,0,0,0,0,0,0,0,5,0,0,0,0,0,0,0,0
131,L5058,TestSimpleJobConfiguration,com.dangdang.ddframe.job.fixture.config.TestSimpleJobConfiguration,L6092,L103,C:\Users\domco\Desktop\DP\repos\shardingsphere-elasticjob\elastic-job-common\elastic-job-common-core\src\test\java\com\dangdang\ddframe\job\fixture\config\TestSimpleJobConfiguration.java,30,1,56,2,0.0,0,0,0,0.0,0.0,0,0,0,1,1,4,9,4,3,8,10,0.0,0.0,0,0,0,3,0.0,0,1,1,0,0,1,23,27,2,1,2,1,2,0,2,0,2,9,0,2,0,23,27,2,1,2,1,2,0,2,0,2,9,0,2,0,0,0,7,0,0,0,0,0,0,0,0,0,7,0,0,0,0,0,0,0,0
132,L6126,TaskNode,com.dangdang.ddframe.job.fixture.context.TaskNode,L6123,L103,C:\Users\domco\Desktop\DP\repos\shardingsphere-elasticjob\elastic-job-common\elastic-job-common-core\src\test\java\com\dangdang\ddframe\job\fixture\context\TaskNode.java,24,1,44,2,0.0,0,0,0,0.0,0.0,0,0,0,0,0,6,1,0,0,0,2,0.0,0.0,0,0,0,3,0.0,0,0,0,0,0,0,14,21,5,2,5,2,2,0,2,0,2,2,0,2,0,14,21,5,2,5,2,2,0,2,0,2,2,0,2,0,0,0,7,0,0,0,0,0,0,0,0,0,7,0,0,0,0,0,0,0,0
133,L3723,IgnoreJobExceptionHandler,com.dangdang.ddframe.job.fixture.handler.IgnoreJobExceptionHandler,L6141,L103,C:\Users\domco\Desktop\DP\repos\shardingsphere-elasticjob\elastic-job-common\elastic-job-common-core\src\test\java\com\dangdang\ddframe\job\fixture\handler\IgnoreJobExceptionHandler.java,22,1,27,2,0.0,0,0,0,0.0,0.0,0,0,1,0,0,1,1,6,0,0,1,0.0,0.0,0,0,0,2,0.0,0,1,1,0,0,1,5,6,0,0,0,0,1,0,1,0,1,0,0,1,0,5,6,0,0,0,0,1,0,1,0,1,0,0,1,0,0,0,5,0,1,0,0,0,0,0,0,0,5,1,0,0,0,0,0,0,0
134,L5043,ThrowJobExceptionHandler,com.dangdang.ddframe.job.fixture.handler.ThrowJobExceptionHandler,L6141,L103,C:\Users\domco\Desktop\DP\repos\shardingsphere-elasticjob\elastic-job-common\elastic-job-common-core\src\test\java\com\dangdang\ddframe\job\fixture\handler\ThrowJobExceptionHandler.java,23,1,29,2,0.0,0,0,0,0.0,0.0,0,0,1,0,0,1,2,3,0,1,2,0.0,0.0,0,0,0,2,0.0,0,1,1,0,0,1,6,7,0,0,0,0,1,0,1,0,1,1,0,1,0,6,7,0,0,0,0,1,0,1,0,1,1,0,1,0,0,0,5,0,0,0,0,0,0,0,0,0,5,0,0,0,0,0,0,0,0
135,L5130,OtherJob,com.dangdang.ddframe.job.fixture.job.OtherJob,L6153,L103,C:\Users\domco\Desktop\DP\repos\shardingsphere-elasticjob\elastic-job-common\elastic-job-common-core\src\test\java\com\dangdang\ddframe\job\fixture\job\OtherJob.java,22,1,23,2,0.0,0,0,0,0.0,0.0,0,0,0,0,0,0,1,1,0,0,0,0.0,0.0,0,0,0,1,0.0,0,1,1,0,0,1,2,2,0,0,0,0,0,0,0,0,0,0,0,0,0,2,2,0,0,0,0,0,0,0,0,0,0,0,0,0,0,0,3,0,0,0,0,0,0,0,0,0,3,0,0,0,0,0,0,0,0
136,L5017,TestDataflowJob,com.dangdang.ddframe.job.fixture.job.TestDataflowJob,L6153,L103,C:\Users\domco\Desktop\DP\repos\shardingsphere-elasticjob\elastic-job-common\elastic-job-common-core\src\test\java\com\dangdang\ddframe\job\fixture\job\TestDataflowJob.java,26,1,42,2,0.0,0,0,0,0.0,0.0,0,0,1,1,1,3,3,3,0,2,4,0.0,0.0,0,0,0,3,0.0,0,2,2,0,0,1,14,17,1,0,1,0,2,0,2,0,2,3,0,2,0,14,17,1,0,1,0,2,0,2,0,2,3,0,2,0,0,0,7,0,0,0,0,0,0,0,0,0,7,0,0,0,0,0,0,0,0
137,L5062,TestSimpleJob,com.dangdang.ddframe.job.fixture.job.TestSimpleJob,L6153,L103,C:\Users\domco\Desktop\DP\repos\shardingsphere-elasticjob\elastic-job-common\elastic-job-common-core\src\test\java\com\dangdang\ddframe\job\fixture\job\TestSimpleJob.java,24,1,33,2,0.0,0,0,0,0.0,0.0,0,0,1,0,0,1,3,3,0,1,2,0.0,0.0,0,0,0,2,0.0,0,2,2,0,0,1,8,10,1,0,1,0,1,0,1,0,1,1,0,1,0,8,10,1,0,1,0,1,0,1,0,1,1,0,1,0,0,0,5,0,0,0,0,0,0,0,0,0,5,0,0,0,0,0,0,0,0
138,L5097,TestWrongJob,com.dangdang.ddframe.job.fixture.job.TestWrongJob,L6153,L103,C:\Users\domco\Desktop\DP\repos\shardingsphere-elasticjob\elastic-job-common\elastic-job-common-core\src\test\java\com\dangdang\ddframe\job\fixture\job\TestWrongJob.java,24,1,31,2,0.0,0,0,0,0.0,0.0,0,0,1,0,0,1,2,1,0,0,1,0.0,0.0,0,0,0,2,0.0,0,2,2,0,0,1,7,8,0,0,0,0,1,0,1,0,1,1,0,1,0,7,8,0,0,0,0,1,0,1,0,1,1,0,1,0,0,0,5,1,0,0,0,0,0,0,0,1,5,0,0,0,0,0,0,0,0
139,L6315,TestRestfulApi,com.dangdang.ddframe.job.restful.fixture.TestRestfulApi,L6306,L103,C:\Users\domco\Desktop\DP\repos\shardingsphere-elasticjob\elastic-job-common\elastic-job-common-restful\src\test\java\com\dangdang\ddframe\job\restful\fixture\TestRestfulApi.java,29,1,49,2,0.0,0,0,0,0.0,0.0,0,0,1,0,0,1,1,1,0,2,3,0.0,0.0,0,0,0,2,0.0,0,0,0,0,0,0,14,16,1,0,1,0,1,0,1,0,1,3,0,1,0,18,21,1,0,1,0,2,0,2,0,2,4,0,2,0,0,0,10,0,0,0,0,0,0,0,0,0,10,0,0,0,0,0,0,0,0
140,L6616,JavaSimpleDistributeListener,com.dangdang.ddframe.job.example.listener.JavaSimpleDistributeListener,L6652,L103,C:\Users\domco\Desktop\DP\repos\shardingsphere-elasticjob\elastic-job-example\elastic-job-example-lite-java\src\main\java\com\dangdang\ddframe\job\example\listener\JavaSimpleDistributeListener.java,23,1,44,2,0.0,0,0,0,0.0,0.0,0,0,2,0,0,3,2,1,1,1,4,0.0,0.0,0,0,0,4,0.0,0,2,2,0,0,1,17,22,8,0,2,0,3,0,3,0,9,5,0,8,0,17,22,8,0,2,0,3,0,3,0,9,5,0,8,0,0,0,10,2,0,2,0,0,1,0,0,0,9,0,0,0,0,0,0,0,0
141,L6611,JavaSimpleListener,com.dangdang.ddframe.job.example.listener.JavaSimpleListener,L6652,L103,C:\Users\domco\Desktop\DP\repos\shardingsphere-elasticjob\elastic-job-example\elastic-job-example-lite-java\src\main\java\com\dangdang\ddframe\job\example\listener\JavaSimpleListener.java,23,1,34,2,0.0,0,0,0,0.0,0.0,0,0,2,0,0,2,2,1,0,0,2,0.0,0.0,0,0,0,3,0.0,0,1,1,0,0,1,10,12,0,0,0,0,2,0,2,0,2,2,0,2,0,10,12,0,0,0,0,2,0,2,0,2,2,0,2,0,0,0,8,2,0,2,0,0,1,0,0,0,7,0,0,0,0,0,0,0,0
142,L6683,SpringSimpleDistributeListener,com.dangdang.ddframe.job.example.listener.SpringSimpleDistributeListener,L6652,L103,C:\Users\domco\Desktop\DP\repos\shardingsphere-elasticjob\elastic-job-example\elastic-job-example-lite-spring\src\main\java\com\dangdang\ddframe\job\example\listener\SpringSimpleDistributeListener.java,23,1,44,2,0.0,0,0,0,0.0,0.0,0,0,2,0,0,3,2,0,0,1,4,0.0,0.0,0,0,0,4,0.0,0,2,2,0,0,1,17,22,8,0,2,0,3,0,3,0,9,5,0,8,0,17,22,8,0,2,0,3,0,3,0,9,5,0,8,0,0,0,10,2,0,2,0,0,1,0,0,0,9,0,0,0,0,0,0,0,0
143,L6695,SpringSimpleListener,com.dangdang.ddframe.job.example.listener.SpringSimpleListener,L6652,L103,C:\Users\domco\Desktop\DP\repos\shardingsphere-elasticjob\elastic-job-example\elastic-job-example-lite-spring\src\main\java\com\dangdang\ddframe\job\example\listener\SpringSimpleListener.java,23,1,34,2,0.0,0,0,0,0.0,0.0,0,0,2,0,0,2,2,0,0,0,2,0.0,0.0,0,0,0,3,0.0,0,1,1,0,0,1,10,12,0,0,0,0,2,0,2,0,2,2,0,2,0,10,12,0,0,0,0,2,0,2,0,2,2,0,2,0,0,0,8,2,0,2,0,0,1,0,0,0,7,0,0,0,0,0,0,0,0
144,L6714,DataflowJobConfig,com.dangdang.ddframe.job.example.config.DataflowJobConfig,L6708,L103,C:\Users\domco\Desktop\DP\repos\shardingsphere-elasticjob\elastic-job-example\elastic-job-example-lite-springboot\src\main\java\com\dangdang\ddframe\job\example\config\DataflowJobConfig.java,35,1,59,2,0.0,0,0,0,0.0,0.0,0,0,2,0,0,3,10,0,0,5,8,0.0,0.0,0,0,0,3,0.0,0,0,0,0,0,0,20,25,2,1,2,1,3,0,2,0,3,3,0,2,0,20,25,2,1,2,1,3,0,2,0,3,3,0,2,0,0,0,10,0,0,0,0,0,1,0,0,0,9,0,0,0,0,0,0,0,0
145,L6746,JobEventConfig,com.dangdang.ddframe.job.example.config.JobEventConfig,L6708,L103,C:\Users\domco\Desktop\DP\repos\shardingsphere-elasticjob\elastic-job-example\elastic-job-example-lite-springboot\src\main\java\com\dangdang\ddframe\job\example\config\JobEventConfig.java,28,1,38,2,0.0,0,0,0,0.0,0.0,0,0,1,0,0,1,2,0,0,0,1,0.0,0.0,0,0,0,2,0.0,0,0,0,0,0,0,9,11,1,0,1,0,1,0,1,0,1,1,0,1,0,9,11,1,0,1,0,1,0,1,0,1,1,0,1,0,0,0,5,0,0,0,0,0,0,0,0,0,5,0,0,0,0,0,0,0,0
146,L6751,RegistryCenterConfig,com.dangdang.ddframe.job.example.config.RegistryCenterConfig,L6708,L103,C:\Users\domco\Desktop\DP\repos\shardingsphere-elasticjob\elastic-job-example\elastic-job-example-lite-springboot\src\main\java\com\dangdang\ddframe\job\example\config\RegistryCenterConfig.java,27,1,35,2,0.0,0,0,0,0.0,0.0,0,0,1,0,0,1,2,0,0,1,2,0.0,0.0,0,0,0,2,0.0,0,0,0,0,0,0,8,9,0,0,0,0,1,0,1,0,1,1,0,1,0,8,9,0,0,0,0,1,0,1,0,1,1,0,1,0,0,0,5,0,0,0,0,0,0,0,0,0,5,0,0,0,0,0,0,0,0
147,L6756,SimpleJobConfig,com.dangdang.ddframe.job.example.config.SimpleJobConfig,L6708,L103,C:\Users\domco\Desktop\DP\repos\shardingsphere-elasticjob\elastic-job-example\elastic-job-example-lite-springboot\src\main\java\com\dangdang\ddframe\job\example\config\SimpleJobConfig.java,35,1,59,2,0.0,0,0,0,0.0,0.0,0,0,2,0,0,3,10,0,0,5,8,0.0,0.0,0,0,0,3,0.0,0,0,0,0,0,0,20,25,2,1,2,1,3,0,2,0,3,3,0,2,0,20,25,2,1,2,1,3,0,2,0,3,3,0,2,0,0,0,10,0,0,0,0,0,1,0,0,0,9,0,0,0,0,0,0,0,0
148,L7298,AllLiteConsoleTests,com.dangdang.ddframe.job.lite.console.AllLiteConsoleTests,L6799,L103,C:\Users\domco\Desktop\DP\repos\shardingsphere-elasticjob\elastic-job-lite\elastic-job-lite-console\src\test\java\com\dangdang\ddframe\job\lite\console\AllLiteConsoleTests.java,26,1,29,2,0.0,0,0,0,0.0,0.0,0,0,0,0,0,0,1,0,0,0,0,0.0,0.0,0,0,0,1,0.0,0,0,0,0,0,0,4,4,0,0,0,0,0,0,0,0,0,0,0,0,0,4,4,0,0,0,0,0,0,0,0,0,0,0,0,0,0,0,3,0,0,0,0,0,0,0,0,0,3,0,0,0,0,0,0,0,0
149,L6602,JobScheduler,com.dangdang.ddframe.job.lite.api.JobScheduler,L7302,L103,C:\Users\domco\Desktop\DP\repos\shardingsphere-elasticjob\elastic-job-lite\elastic-job-lite-core\src\main\java\com\dangdang\ddframe\job\lite\api\JobScheduler.java,57,1,170,2,0.0,0,0,0,0.0,0.0,0,0,1,3,2,14,16,6,11,15,24,0.6,0.139535,12,12,3,2,0.168317,17,0,0,1,1,0,74,101,6,1,6,1,9,1,4,0,9,40,1,4,0,84,114,8,1,8,1,10,1,5,0,10,41,1,5,0,0,0,26,1,0,1,0,0,0,0,1,0,20,0,0,0,0,0,0,5,1.0
150,L7682,AllApiTests,com.dangdang.ddframe.job.lite.api.AllApiTests,L7302,L103,C:\Users\domco\Desktop\DP\repos\shardingsphere-elasticjob\elastic-job-lite\elastic-job-lite-core\src\test\java\com\dangdang\ddframe\job\lite\api\AllApiTests.java,26,1,33,2,0.0,0,0,0,0.0,0.0,0,0,0,0,0,0,3,1,0,0,0,0.0,0.0,0,0,0,1,0.0,0,0,0,0,0,0,8,8,0,0,0,0,0,0,0,0,0,0,0,0,0,8,8,0,0,0,0,0,0,0,0,0,0,0,0,0,0,0,3,0,0,0,0,0,0,0,0,0,3,0,0,0,0,0,0,0,0
151,L7683,JobSchedulerTest,com.dangdang.ddframe.job.lite.api.JobSchedulerTest,L7302,L103,C:\Users\domco\Desktop\DP\repos\shardingsphere-elasticjob\elastic-job-lite\elastic-job-lite-core\src\test\java\com\dangdang\ddframe\job\lite\api\JobSchedulerTest.java,47,1,107,2,0.0,0,0,0,0.0,0.0,0,0,1,0,0,6,14,1,0,11,17,0.0,0.0,0,0,0,5,0.0,0,0,0,0,0,0,49,61,6,0,6,0,6,0,4,0,6,20,0,4,0,49,61,6,0,6,0,6,0,4,0,6,20,0,4,0,0,0,17,2,4,5,0,0,0,0,1,1,15,0,0,0,0,0,0,1,1.0
152,L6736,LiteJobConfiguration,com.dangdang.ddframe.job.lite.config.LiteJobConfiguration,L7728,L103,C:\Users\domco\Desktop\DP\repos\shardingsphere-elasticjob\elastic-job-lite\elastic-job-lite-core\src\main\java\com\dangdang\ddframe\job\lite\config\LiteJobConfiguration.java,33,1,201,2,0.0,0,0,0,0.0,0.0,0,0,2,0,0,4,3,44,91,1,4,1.0,0.52381,22,22,4,0,0.606667,91,1,1,0,0,1,20,47,7,2,7,1,3,0,3,0,4,3,0,4,0,59,169,14,2,14,1,10,0,10,0,11,17,0,11,0,0,0,5,0,6,0,0,0,1,0,0,0,1,0,6,0,0,0,0,3,1.0
153,L7787,AllConfigTests,com.dangdang.ddframe.job.lite.config.AllConfigTests,L7728,L103,C:\Users\domco\Desktop\DP\repos\shardingsphere-elasticjob\elastic-job-lite\elastic-job-lite-core\src\test\java\com\dangdang\ddframe\job\lite\config\AllConfigTests.java,24,1,27,2,0.0,0,0,0,0.0,0.0,0,0,0,0,0,0,1,1,0,0,0,0.0,0.0,0,0,0,1,0.0,0,0,0,0,0,0,4,4,0,0,0,0,0,0,0,0,0,0,0,0,0,4,4,0,0,0,0,0,0,0,0,0,0,0,0,0,0,0,3,0,0,0,0,0,0,0,0,0,3,0,0,0,0,0,0,0,0
154,L7788,LiteJobConfigurationTest,com.dangdang.ddframe.job.lite.config.LiteJobConfigurationTest,L7728,L103,C:\Users\domco\Desktop\DP\repos\shardingsphere-elasticjob\elastic-job-lite\elastic-job-lite-core\src\test\java\com\dangdang\ddframe\job\lite\config\LiteJobConfigurationTest.java,30,1,80,2,0.0,0,0,0,0.0,0.0,0,0,6,0,0,6,5,1,0,4,10,0.0,0.0,0,0,0,7,0.0,0,0,0,0,0,0,45,51,0,0,0,0,6,0,6,0,6,18,0,6,0,45,51,0,0,0,0,6,0,6,0,6,18,0,6,0,0,0,16,2,18,18,0,0,1,0,0,0,15,0,2,0,0,0,0,0,0
155,L10103,AllInternalTests,com.dangdang.ddframe.job.lite.internal.AllInternalTests,L7799,L103,C:\Users\domco\Desktop\DP\repos\shardingsphere-elasticjob\elastic-job-lite\elastic-job-lite-core\src\test\java\com\dangdang\ddframe\job\lite\internal\AllInternalTests.java,59,1,98,2,0.0,0,0,0,0.0,0.0,0,0,0,0,0,0,35,1,0,0,0,0.0,0.0,0,0,0,1,0.0,0,0,0,0,0,0,40,40,0,0,0,0,0,0,0,0,0,0,0,0,0,40,40,0,0,0,0,0,0,0,0,0,0,0,0,0,0,0,4,0,0,0,0,0,0,0,1,0,3,0,0,0,0,0,0,0,0
156,L10191,LiteJsonConstants,com.dangdang.ddframe.job.lite.fixture.LiteJsonConstants,L10186,L103,C:\Users\domco\Desktop\DP\repos\shardingsphere-elasticjob\elastic-job-lite\elastic-job-lite-core\src\test\java\com\dangdang\ddframe\job\lite\fixture\LiteJsonConstants.java,25,1,57,2,0.0,0,0,0,0.0,0.0,0,0,0,0,0,4,0,5,22,0,4,0.0,0.0,0,0,0,5,0.0,0,0,0,0,0,0,24,33,5,4,5,4,4,0,4,0,4,4,0,4,0,24,33,5,4,5,4,4,0,4,0,4,4,0,4,0,0,0,11,0,0,0,0,0,0,0,0,0,11,0,0,0,0,0,0,0,0
157,L8015,TestDataflowJob,com.dangdang.ddframe.job.lite.fixture.TestDataflowJob,L10186,L103,C:\Users\domco\Desktop\DP\repos\shardingsphere-elasticjob\elastic-job-lite\elastic-job-lite-core\src\test\java\com\dangdang\ddframe\job\lite\fixture\TestDataflowJob.java,25,1,35,2,0.0,0,0,0,0.0,0.0,0,0,2,0,0,2,2,5,0,0,2,0.0,0.0,0,0,0,3,0.0,0,2,2,0,0,1,9,11,0,0,0,0,2,0,2,0,2,1,0,2,0,9,11,0,0,0,0,2,0,2,0,2,1,0,2,0,0,0,8,0,1,0,0,0,1,0,0,0,7,1,0,0,0,0,0,0,0
158,L7723,TestSimpleJob,com.dangdang.ddframe.job.lite.fixture.TestSimpleJob,L10186,L103,C:\Users\domco\Desktop\DP\repos\shardingsphere-elasticjob\elastic-job-lite\elastic-job-lite-core\src\test\java\com\dangdang\ddframe\job\lite\fixture\TestSimpleJob.java,23,1,28,2,0.0,0,0,0,0.0,0.0,0,0,1,0,0,1,2,12,0,0,1,0.0,0.0,0,0,0,2,0.0,0,2,2,0,0,1,5,6,0,0,0,0,1,0,1,0,1,0,0,1,0,5,6,0,0,0,0,1,0,1,0,1,0,0,1,0,0,0,5,0,1,0,0,0,0,0,0,0,5,1,0,0,0,0,0,0,0
159,L10250,AbstractBaseStdJobAutoInitTest,com.dangdang.ddframe.job.lite.integrate.AbstractBaseStdJobAutoInitTest,L10243,L103,C:\Users\domco\Desktop\DP\repos\shardingsphere-elasticjob\elastic-job-lite\elastic-job-lite-core\src\test\java\com\dangdang\ddframe\job\lite\integrate\AbstractBaseStdJobAutoInitTest.java,25,1,45,2,0.0,0,0,0,0.0,0.0,0,0,2,0,0,4,3,9,9,4,8,0.0,0.0,0,0,0,3,0.0,0,1,1,9,9,1,17,21,9,0,0,0,4,0,2,1,15,5,0,5,2,17,21,9,0,0,0,4,0,2,1,15,5,0,5,2,0,0,12,1,1,0,0,1,1,0,0,0,11,1,0,0,0,0,0,0,0
160,L9159,AbstractBaseStdJobTest,com.dangdang.ddframe.job.lite.integrate.AbstractBaseStdJobTest,L10243,L103,C:\Users\domco\Desktop\DP\repos\shardingsphere-elasticjob\elastic-job-lite\elastic-job-lite-core\src\test\java\com\dangdang\ddframe\job\lite\integrate\AbstractBaseStdJobTest.java,59,1,195,2,0.0656716,1,2,2,0.153285,0.150442,21,17,1,2,2,16,27,7,9,25,36,0.0,0.0,0,0,0,4,0.0,0,0,0,4,13,0,99,119,9,0,9,0,11,0,3,1,11,50,0,3,1,113,137,15,0,9,0,15,0,7,1,21,52,0,12,1,0,0,85,2,8,1,41,5,2,0,1,0,39,2,2,0,0,0,0,2,0
161,L10182,AllIntegrateTests,com.dangdang.ddframe.job.lite.integrate.AllIntegrateTests,L10243,L103,C:\Users\domco\Desktop\DP\repos\shardingsphere-elasticjob\elastic-job-lite\elastic-job-lite-core\src\test\java\com\dangdang\ddframe\job\lite\integrate\AllIntegrateTests.java,34,1,48,2,0.0,0,0,0,0.0,0.0,0,0,0,0,0,0,10,1,0,0,0,0.0,0.0,0,0,0,1,0.0,0,0,0,0,0,0,15,15,0,0,0,0,0,0,0,0,0,0,0,0,0,15,15,0,0,0,0,0,0,0,0,0,0,0,0,0,0,0,3,0,0,0,0,0,0,0,0,0,3,0,0,0,0,0,0,0,0
162,L10353,EmbedTestingServer,com.dangdang.ddframe.job.lite.integrate.EmbedTestingServer,L10243,L103,C:\Users\domco\Desktop\DP\repos\shardingsphere-elasticjob\elastic-job-lite\elastic-job-lite-core\src\test\java\com\dangdang\ddframe\job\lite\integrate\EmbedTestingServer.java,29,1,64,2,0.732673,1,4,1,0.666667,0.724138,24,21,1,1,1,4,1,2,2,1,3,0.0,0.0869565,2,0,0,1,0.0645161,2,0,0,0,0,0,21,27,2,1,2,1,2,0,0,0,2,7,0,0,0,29,36,2,1,2,1,3,0,1,0,3,10,0,1,0,0,0,34,1,2,0,22,2,0,0,0,1,12,0,0,0,0,0,0,0,0
163,L10526,WaitingUtils,com.dangdang.ddframe.job.lite.integrate.WaitingUtils,L10243,L103,C:\Users\domco\Desktop\DP\repos\shardingsphere-elasticjob\elastic-job-lite\elastic-job-lite-core\src\test\java\com\dangdang\ddframe\job\lite\integrate\WaitingUtils.java,23,1,37,2,0.0,0,0,0,0.0,0.0,0,0,1,1,1,3,0,9,9,0,2,0.0,0.0,0,0,0,2,0.0,0,0,0,0,0,0,13,15,0,0,0,0,2,0,1,0,2,4,0,1,0,13,15,0,0,0,0,2,0,1,0,2,4,0,1,0,0,0,7,0,0,0,0,0,0,0,0,0,7,0,0,0,0,0,0,0,0
164,L10635,AbstractEmbedZookeeperBaseTest,com.dangdang.ddframe.job.lite.lifecycle.AbstractEmbedZookeeperBaseTest,L10531,L103,C:\Users\domco\Desktop\DP\repos\shardingsphere-elasticjob\elastic-job-lite\elastic-job-lite-lifecycle\src\test\java\com\dangdang\ddframe\job\lite\lifecycle\AbstractEmbedZookeeperBaseTest.java,28,1,67,2,0.72549,1,4,1,0.6,0.65625,24,21,1,1,1,5,1,3,7,1,4,0.0,0.0769231,2,0,0,3,0.0588235,2,0,0,2,2,0,24,31,2,1,2,1,3,0,2,1,3,8,0,2,1,32,40,2,1,2,1,4,0,3,1,4,11,0,3,1,0,0,36,1,1,1,22,0,0,0,0,1,14,0,0,0,0,0,0,0,0
165,L11191,AllLiteLifecycleTests,com.dangdang.ddframe.job.lite.lifecycle.AllLiteLifecycleTests,L10531,L103,C:\Users\domco\Desktop\DP\repos\shardingsphere-elasticjob\elastic-job-lite\elastic-job-lite-lifecycle\src\test\java\com\dangdang\ddframe\job\lite\lifecycle\AllLiteLifecycleTests.java,35,1,49,2,0.0,0,0,0,0.0,0.0,0,0,0,0,0,0,9,0,0,0,0,0.0,0.0,0,0,0,1,0.0,0,0,0,0,0,0,15,15,0,0,0,0,0,0,0,0,0,0,0,0,0,15,15,0,0,0,0,0,0,0,0,0,0,0,0,0,0,0,3,0,0,0,0,0,0,0,0,0,3,0,0,0,0,0,0,0,0
166,L11548,AllLiteSpringTests,com.dangdang.ddframe.job.lite.spring.AllLiteSpringTests,L11239,L103,C:\Users\domco\Desktop\DP\repos\shardingsphere-elasticjob\elastic-job-lite\elastic-job-lite-spring\src\test\java\com\dangdang\ddframe\job\lite\spring\AllLiteSpringTests.java,25,1,28,2,0.0,0,0,0,0.0,0.0,0,0,0,0,0,0,1,0,0,0,0,0.0,0.0,0,0,0,1,0.0,0,0,0,0,0,0,4,4,0,0,0,0,0,0,0,0,0,0,0,0,0,4,4,0,0,0,0,0,0,0,0,0,0,0,0,0,0,0,3,0,0,0,0,0,0,0,0,0,3,0,0,0,0,0,0,0,0
167,L302,DaemonTaskScheduler$DaemonJob,com.dangdang.ddframe.job.cloud.executor.DaemonTaskScheduler$DaemonJob,L278,L103,C:\Users\domco\Desktop\DP\repos\shardingsphere-elasticjob\elastic-job-cloud\elastic-job-cloud-executor\src\main\java\com\dangdang\ddframe\job\cloud\executor\DaemonTaskScheduler.java,146,5,166,6,0.0,0,0,0,0.0,0.0,0,0,1,0,0,1,4,1,0,2,3,0.5,0.238095,5,5,1,1,0.238095,5,0,0,0,0,0,16,21,4,0,4,0,1,0,1,0,1,3,0,1,0,16,21,4,0,4,0,1,0,1,0,1,3,0,1,0,0,0,5,0,0,0,0,0,0,0,0,0,5,0,0,0,0,0,0,0,0
168,L474,TaskExecutor$TaskThread,com.dangdang.ddframe.job.cloud.executor.TaskExecutor$TaskThread,L154,L103,C:\Users\domco\Desktop\DP\repos\shardingsphere-elasticjob\elastic-job-cloud\elastic-job-cloud-executor\src\main\java\com\dangdang\ddframe\job\cloud\executor\TaskExecutor.java,106,5,173,6,0.0,0,0,0,0.0,0.0,0,0,1,2,2,13,11,1,0,7,11,0.0,0.0322581,2,0,0,2,0.0322581,2,0,0,0,0,0,60,68,2,3,2,3,4,0,1,0,4,32,0,1,0,60,68,2,3,2,3,4,0,1,0,4,32,0,1,0,0,0,12,2,0,1,0,0,0,0,1,0,11,0,1,0,0,0,0,0,0
169,L650,TestJob,com.dangdang.ddframe.job.cloud.executor.fixture.TestJob,L647,L103,C:\Users\domco\Desktop\DP\repos\shardingsphere-elasticjob\elastic-job-cloud\elastic-job-cloud-executor\src\test\java\com\dangdang\ddframe\job\cloud\executor\fixture\TestJob.java,23,1,28,2,0.0,0,0,0,0.0,0.0,0,0,1,0,0,1,2,2,0,0,1,0.0,0.0,0,0,0,2,0.0,0,2,2,0,0,1,5,6,0,0,0,0,1,0,1,0,1,0,0,1,0,5,6,0,0,0,0,1,0,1,0,1,0,0,1,0,0,0,5,0,1,0,0,0,0,0,0,0,5,1,0,0,0,0,0,0,0
170,L917,MasterBootstrap,com.dangdang.ddframe.job.cloud.scheduler.boot.MasterBootstrap,L766,L103,C:\Users\domco\Desktop\DP\repos\shardingsphere-elasticjob\elastic-job-cloud\elastic-job-cloud-scheduler\src\main\java\com\dangdang\ddframe\job\cloud\scheduler\boot\MasterBootstrap.java,54,1,158,2,0.0,0,0,0,0.0,0.0,0,0,1,1,1,9,19,2,1,20,28,0.75,0.214286,18,18,3,1,0.189474,18,0,0,0,0,0,66,92,5,4,5,4,8,0,3,0,8,35,0,3,0,77,105,5,4,5,4,10,0,5,0,10,40,0,5,0,0,0,27,2,1,0,0,1,0,0,2,2,25,0,0,0,0,0,0,0,0
171,L1058,AllBootTests,com.dangdang.ddframe.job.cloud.scheduler.boot.AllBootTests,L766,L103,C:\Users\domco\Desktop\DP\repos\shardingsphere-elasticjob\elastic-job-cloud\elastic-job-cloud-scheduler\src\test\java\com\dangdang\ddframe\job\cloud\scheduler\boot\AllBootTests.java,25,1,28,2,0.0,0,0,0,0.0,0.0,0,0,0,0,0,0,1,1,0,0,0,0.0,0.0,0,0,0,1,0.0,0,0,0,0,0,0,4,4,0,0,0,0,0,0,0,0,0,0,0,0,0,4,4,0,0,0,0,0,0,0,0,0,0,0,0,0,0,0,3,0,0,0,0,0,0,0,0,0,3,0,0,0,0,0,0,0,0
172,L1075,CloudJobConfiguration,com.dangdang.ddframe.job.cloud.scheduler.config.CloudJobConfiguration,L1062,L103,C:\Users\domco\Desktop\DP\repos\shardingsphere-elasticjob\elastic-job-cloud\elastic-job-cloud-scheduler\src\main\java\com\dangdang\ddframe\job\cloud\scheduler\config\CloudJobConfiguration.java,31,1,60,2,0.0,0,0,0,0.0,0.0,0,0,0,0,0,1,3,24,12,1,2,1.0,0.384615,10,10,2,0,0.384615,10,1,1,0,0,1,16,30,8,2,8,1,1,0,1,0,2,1,0,2,0,16,30,8,2,8,1,1,0,1,0,2,1,0,2,0,0,0,1,0,0,0,0,0,0,0,0,0,0,0,0,0,0,0,0,1,0
173,L1095,CloudJobConfigurationGsonFactory,com.dangdang.ddframe.job.cloud.scheduler.config.CloudJobConfigurationGsonFactory,L1062,L103,C:\Users\domco\Desktop\DP\repos\shardingsphere-elasticjob\elastic-job-cloud\elastic-job-cloud-scheduler\src\main\java\com\dangdang\ddframe\job\cloud\scheduler\config\CloudJobConfigurationGsonFactory.java,38,1,134,2,0.215054,5,32,5,0.257732,0.342466,25,25,2,0,0,2,2,3,4,1,3,1.0,0.6,18,18,3,0,0.239583,23,0,0,0,0,0,12,33,0,0,0,0,2,0,2,0,2,2,0,2,0,73,97,0,4,0,1,5,0,2,0,10,36,0,4,0,0,0,28,7,0,0,17,0,2,0,0,0,9,0,7,0,0,0,0,0,0
174,L1033,CloudJobConfigurationListener,com.dangdang.ddframe.job.cloud.scheduler.config.CloudJobConfigurationListener,L1062,L103,C:\Users\domco\Desktop\DP\repos\shardingsphere-elasticjob\elastic-job-cloud\elastic-job-cloud-scheduler\src\main\java\com\dangdang\ddframe\job\cloud\scheduler\config\CloudJobConfigurationListener.java,38,1,88,2,0.0,0,0,0,0.0,0.0,0,0,1,3,2,15,8,2,10,9,13,0.333333,0.156863,8,6,1,2,0.156863,8,0,0,0,0,0,43,51,2,1,2,1,4,0,2,0,4,23,0,2,0,43,51,2,1,2,1,4,0,2,0,4,23,0,2,0,0,0,11,1,0,0,0,0,0,0,0,1,11,0,0,0,0,0,0,0,1.0
175,L1188,ConfigurationNode,com.dangdang.ddframe.job.cloud.scheduler.config.ConfigurationNode,L1062,L103,C:\Users\domco\Desktop\DP\repos\shardingsphere-elasticjob\elastic-job-cloud\elastic-job-cloud-scheduler\src\main\java\com\dangdang\ddframe\job\cloud\scheduler\config\ConfigurationNode.java,28,1,38,2,0.0,0,0,0,0.0,0.0,0,0,0,0,0,1,0,5,5,0,1,1.0,0.384615,5,5,1,0,0.384615,5,0,0,0,0,0,8,11,2,1,2,1,1,1,0,0,1,1,1,0,0,8,11,2,1,2,1,1,1,0,0,1,1,1,0,0,0,0,6,0,1,0,0,1,0,0,0,0,2,0,0,0,0,0,0,4,0
176,L1195,ConfigurationService,com.dangdang.ddframe.job.cloud.scheduler.config.ConfigurationService,L1062,L103,C:\Users\domco\Desktop\DP\repos\shardingsphere-elasticjob\elastic-job-cloud\elastic-job-cloud-scheduler\src\main\java\com\dangdang\ddframe\job\cloud\scheduler\config\ConfigurationService.java,34,1,95,2,0.0,0,0,0,0.0,0.0,0,0,1,2,2,8,5,15,64,10,15,1.0,0.508197,31,31,6,0,0.508197,31,0,0,0,0,0,30,62,1,0,1,0,5,0,5,0,5,13,0,5,0,30,62,1,0,1,0,5,0,5,0,5,13,0,5,0,0,0,0,0,0,0,0,0,0,0,0,0,0,0,0,0,0,0,0,0,0
177,L1261,AllConfigTests,com.dangdang.ddframe.job.cloud.scheduler.config.AllConfigTests,L1062,L103,C:\Users\domco\Desktop\DP\repos\shardingsphere-elasticjob\elastic-job-cloud\elastic-job-cloud-scheduler\src\test\java\com\dangdang\ddframe\job\cloud\scheduler\config\AllConfigTests.java,23,1,30,2,0.0,0,0,0,0.0,0.0,0,0,0,0,0,0,3,1,0,0,0,0.0,0.0,0,0,0,1,0.0,0,0,0,0,0,0,8,8,0,0,0,0,0,0,0,0,0,0,0,0,0,8,8,0,0,0,0,0,0,0,0,0,0,0,0,0,0,0,3,0,0,0,0,0,0,0,0,0,3,0,0,0,0,0,0,0,0
178,L1268,CloudJobConfigurationListenerTest,com.dangdang.ddframe.job.cloud.scheduler.config.CloudJobConfigurationListenerTest,L1062,L103,C:\Users\domco\Desktop\DP\repos\shardingsphere-elasticjob\elastic-job-cloud\elastic-job-cloud-scheduler\src\test\java\com\dangdang\ddframe\job\cloud\scheduler\config\CloudJobConfigurationListenerTest.java,39,1,123,2,0.0,0,0,0,0.0,0.0,0,0,1,0,0,10,6,1,0,4,14,0.0,0.0,0,0,0,11,0.0,0,0,0,0,0,0,72,85,3,0,3,0,10,0,10,1,10,31,0,10,1,72,85,3,0,3,0,10,0,10,1,10,31,0,10,1,0,0,23,11,0,0,0,0,0,0,0,9,23,0,2,0,0,0,0,0,1.0
179,L1262,ConfigurationNodeTest,com.dangdang.ddframe.job.cloud.scheduler.config.ConfigurationNodeTest,L1062,L103,C:\Users\domco\Desktop\DP\repos\shardingsphere-elasticjob\elastic-job-cloud\elastic-job-cloud-scheduler\src\test\java\com\dangdang\ddframe\job\cloud\scheduler\config\ConfigurationNodeTest.java,25,1,31,2,0.0,0,0,0,0.0,0.0,0,0,1,0,0,1,1,1,0,1,2,0.0,0.0,0,0,0,2,0.0,0,0,0,0,0,0,6,7,0,0,0,0,1,0,1,0,1,1,0,1,0,6,7,0,0,0,0,1,0,1,0,1,1,0,1,0,0,0,5,0,1,1,0,0,0,0,0,0,5,0,0,0,0,0,0,0,0
180,L1265,ConfigurationServiceTest,com.dangdang.ddframe.job.cloud.scheduler.config.ConfigurationServiceTest,L1062,L103,C:\Users\domco\Desktop\DP\repos\shardingsphere-elasticjob\elastic-job-cloud\elastic-job-cloud-scheduler\src\test\java\com\dangdang\ddframe\job\cloud\scheduler\config\ConfigurationServiceTest.java,40,1,124,2,0.0,0,0,0,0.0,0.0,0,0,1,0,0,9,7,1,0,14,23,0.0,0.0,0,0,0,10,0.0,0,0,0,0,0,0,74,85,2,0,2,0,9,0,9,0,9,40,0,9,0,74,85,2,0,2,0,9,0,9,0,9,40,0,9,0,0,0,21,3,12,12,0,0,0,0,0,0,21,0,3,0,0,0,0,0,0
181,L1344,JobContext,com.dangdang.ddframe.job.cloud.scheduler.context.JobContext,L1338,L103,C:\Users\domco\Desktop\DP\repos\shardingsphere-elasticjob\elastic-job-cloud\elastic-job-cloud-scheduler\src\main\java\com\dangdang\ddframe\job\cloud\scheduler\context\JobContext.java,33,1,58,2,0.0,0,0,0,0.0,0.0,0,0,1,1,1,2,2,11,6,0,1,1.0,0.444444,12,12,2,0,0.444444,12,0,0,0,0,0,15,26,3,0,3,0,1,0,1,0,1,7,0,1,0,15,26,3,0,3,0,1,0,1,0,1,7,0,1,0,0,0,0,0,0,0,0,0,0,0,0,0,0,0,0,0,0,0,0,0,0
182,L1367,AllContextTests,com.dangdang.ddframe.job.cloud.scheduler.context.AllContextTests,L1338,L103,C:\Users\domco\Desktop\DP\repos\shardingsphere-elasticjob\elastic-job-cloud\elastic-job-cloud-scheduler\src\test\java\com\dangdang\ddframe\job\cloud\scheduler\context\AllContextTests.java,23,1,26,2,0.0,0,0,0,0.0,0.0,0,0,0,0,0,0,1,1,0,0,0,0.0,0.0,0,0,0,1,0.0,0,0,0,0,0,0,4,4,0,0,0,0,0,0,0,0,0,0,0,0,0,4,4,0,0,0,0,0,0,0,0,0,0,0,0,0,0,0,3,0,0,0,0,0,0,0,0,0,3,0,0,0,0,0,0,0,0
183,L1368,JobContextTest,com.dangdang.ddframe.job.cloud.scheduler.context.JobContextTest,L1338,L103,C:\Users\domco\Desktop\DP\repos\shardingsphere-elasticjob\elastic-job-cloud\elastic-job-cloud-scheduler\src\test\java\com\dangdang\ddframe\job\cloud\scheduler\context\JobContextTest.java,28,1,39,2,0.0,0,0,0,0.0,0.0,0,0,1,1,1,2,4,1,0,2,3,0.0,0.0,0,0,0,2,0.0,0,0,0,0,0,0,11,12,0,0,0,0,1,0,1,0,1,7,0,1,0,11,12,0,0,0,0,1,0,1,0,1,7,0,1,0,0,0,5,0,3,3,0,0,0,0,0,0,5,0,0,0,0,0,0,0,0
184,L1383,LifecycleService,com.dangdang.ddframe.job.cloud.scheduler.lifecycle.LifecycleService,L1377,L103,C:\Users\domco\Desktop\DP\repos\shardingsphere-elasticjob\elastic-job-cloud\elastic-job-cloud-scheduler\src\main\java\com\dangdang\ddframe\job\cloud\scheduler\lifecycle\LifecycleService.java,30,1,51,2,0.0,0,0,0,0.0,0.0,0,0,1,1,1,3,2,4,5,1,3,0.666667,0.434783,10,10,2,1,0.434783,10,0,0,0,0,0,13,22,2,0,2,0,2,0,2,0,2,4,0,2,0,13,22,2,0,2,0,2,0,2,0,2,4,0,2,0,0,0,3,0,0,0,0,0,0,0,0,0,3,0,0,0,0,0,0,0,0
185,L1401,AllLifecycleTests,com.dangdang.ddframe.job.cloud.scheduler.lifecycle.AllLifecycleTests,L1377,L103,C:\Users\domco\Desktop\DP\repos\shardingsphere-elasticjob\elastic-job-cloud\elastic-job-cloud-scheduler\src\test\java\com\dangdang\ddframe\job\cloud\scheduler\lifecycle\AllLifecycleTests.java,23,1,26,2,0.0,0,0,0,0.0,0.0,0,0,0,0,0,0,1,1,0,0,0,0.0,0.0,0,0,0,1,0.0,0,0,0,0,0,0,4,4,0,0,0,0,0,0,0,0,0,0,0,0,0,4,4,0,0,0,0,0,0,0,0,0,0,0,0,0,0,0,3,0,0,0,0,0,0,0,0,0,3,0,0,0,0,0,0,0,0
186,L1402,LifecycleServiceTest,com.dangdang.ddframe.job.cloud.scheduler.lifecycle.LifecycleServiceTest,L1377,L103,C:\Users\domco\Desktop\DP\repos\shardingsphere-elasticjob\elastic-job-cloud\elastic-job-cloud-scheduler\src\test\java\com\dangdang\ddframe\job\cloud\scheduler\lifecycle\LifecycleServiceTest.java,38,1,62,2,0.0,0,0,0,0.0,0.0,0,0,1,0,0,2,3,1,0,3,5,0.0,0.0,0,0,0,3,0.0,0,0,0,0,0,0,20,25,3,0,3,0,2,0,2,1,2,5,0,2,1,20,25,3,0,3,0,2,0,2,1,2,5,0,2,1,0,0,7,0,0,0,0,0,0,0,0,0,7,0,0,0,0,0,0,0,0
187,L940,FacadeService,com.dangdang.ddframe.job.cloud.scheduler.mesos.FacadeService,L1430,L103,C:\Users\domco\Desktop\DP\repos\shardingsphere-elasticjob\elastic-job-cloud\elastic-job-cloud-scheduler\src\main\java\com\dangdang\ddframe\job\cloud\scheduler\mesos\FacadeService.java,46,1,236,2,0.0,0,0,0,0.0,0.0,0,0,1,2,2,25,13,7,39,20,36,0.941176,0.488372,84,83,16,1,0.477273,84,0,0,0,0,0,88,186,4,2,4,2,16,0,16,0,16,41,0,16,0,92,191,4,2,4,2,17,0,17,0,17,42,0,17,0,0,0,12,0,0,0,0,0,0,0,1,0,10,0,0,0,0,0,0,1,1.0
188,L1571,JobTaskRequest,com.dangdang.ddframe.job.cloud.scheduler.mesos.JobTaskRequest,L1430,L103,C:\Users\domco\Desktop\DP\repos\shardingsphere-elasticjob\elastic-job-cloud\elastic-job-cloud-scheduler\src\main\java\com\dangdang\ddframe\job\cloud\scheduler\mesos\JobTaskRequest.java,36,1,106,2,0.0,0,0,0,0.0,0.0,0,0,1,0,0,13,2,2,13,0,13,0.0714286,0.0819672,5,5,1,13,0.0819672,5,0,0,0,0,0,56,71,2,11,2,11,13,0,13,1,13,12,0,13,1,56,71,2,11,2,11,13,0,13,1,13,12,0,13,1,0,0,31,0,1,0,0,0,0,0,0,0,29,1,0,0,0,0,0,2,1.0
189,L1603,LaunchingTasks,com.dangdang.ddframe.job.cloud.scheduler.mesos.LaunchingTasks,L1430,L103,C:\Users\domco\Desktop\DP\repos\shardingsphere-elasticjob\elastic-job-cloud\elastic-job-cloud-scheduler\src\main\java\com\dangdang\ddframe\job\cloud\scheduler\mesos\LaunchingTasks.java,41,1,96,2,0.0,0,0,0,0.0,0.0,0,0,1,3,3,14,4,2,3,2,7,0.5,0.0909091,5,5,1,1,0.0909091,5,0,0,0,0,0,50,56,1,3,1,3,5,0,1,0,5,27,0,1,0,50,56,1,3,1,3,5,0,1,0,5,27,0,1,0,0,0,13,0,2,0,0,2,0,0,0,0,13,0,0,0,0,0,0,0,0
190,L935,LeasesQueue,com.dangdang.ddframe.job.cloud.scheduler.mesos.LeasesQueue,L1430,L103,C:\Users\domco\Desktop\DP\repos\shardingsphere-elasticjob\elastic-job-cloud\elastic-job-cloud-scheduler\src\main\java\com\dangdang\ddframe\job\cloud\scheduler\mesos\LeasesQueue.java,34,1,57,2,0.0,0,0,0,0.0,0.0,0,0,1,0,0,2,0,5,4,0,2,1.0,0.576923,15,15,3,0,0.576923,15,0,0,0,0,0,11,24,1,0,1,0,2,0,2,0,2,4,0,2,0,11,24,1,0,1,0,2,0,2,0,2,4,0,2,0,0,0,0,0,0,0,0,0,0,0,0,0,0,0,0,0,0,0,0,0,0
191,L1021,SchedulerEngine,com.dangdang.ddframe.job.cloud.scheduler.mesos.SchedulerEngine,L1430,L103,C:\Users\domco\Desktop\DP\repos\shardingsphere-elasticjob\elastic-job-cloud\elastic-job-cloud-scheduler\src\main\java\com\dangdang\ddframe\job\cloud\scheduler\mesos\SchedulerEngine.java,40,1,155,2,0.0,0,0,0,0.0,0.0,0,0,5,3,2,21,7,2,18,13,24,0.0909091,0.047619,5,5,1,10,0.047619,5,0,0,0,0,0,100,116,5,0,5,0,11,0,10,0,11,47,0,10,0,100,116,5,0,5,0,11,0,10,0,11,47,0,10,0,0,0,26,0,0,0,0,0,1,0,0,0,25,0,0,0,0,0,0,0,1.0
192,L989,StatisticsProcessor,com.dangdang.ddframe.job.cloud.scheduler.mesos.StatisticsProcessor,L1430,L103,C:\Users\domco\Desktop\DP\repos\shardingsphere-elasticjob\elastic-job-cloud\elastic-job-cloud-scheduler\src\main\java\com\dangdang\ddframe\job\cloud\scheduler\mesos\StatisticsProcessor.java,30,1,52,2,0.0,0,0,0,0.0,0.0,0,0,1,1,1,3,2,2,1,2,4,0.666667,0.333333,8,8,2,1,0.333333,8,0,0,0,0,0,16,23,2,0,2,0,2,0,2,0,2,4,0,2,0,16,23,2,0,2,0,2,0,2,0,2,4,0,2,0,0,0,3,0,3,1,0,1,0,0,0,0,3,0,1,0,0,0,0,0,0
193,L1760,SupportedExtractionType,com.dangdang.ddframe.job.cloud.scheduler.mesos.SupportedExtractionType,L1430,L103,C:\Users\domco\Desktop\DP\repos\shardingsphere-elasticjob\elastic-job-cloud\elastic-job-cloud-scheduler\src\main\java\com\dangdang\ddframe\job\cloud\scheduler\mesos\SupportedExtractionType.java,30,1,60,2,0.0,0,0,0,0.0,0.0,0,0,1,2,2,3,0,2,2,0,1,1.0,0.30303,10,10,2,0,0.30303,10,0,0,0,0,0,23,31,1,0,1,0,1,0,1,0,1,4,0,1,0,23,31,1,0,1,0,1,0,1,0,1,4,0,1,0,0,0,0,0,0,0,0,0,0,0,0,0,0,0,0,0,0,0,0,0,0
194,L1779,TaskInfoData,com.dangdang.ddframe.job.cloud.scheduler.mesos.TaskInfoData,L1430,L103,C:\Users\domco\Desktop\DP\repos\shardingsphere-elasticjob\elastic-job-cloud\elastic-job-cloud-scheduler\src\main\java\com\dangdang\ddframe\job\cloud\scheduler\mesos\TaskInfoData.java,37,1,73,2,0.0,0,0,0,0.0,0.0,0,0,1,2,1,5,6,2,3,1,3,1.0,0.263158,10,10,2,0,0.263158,10,0,0,0,0,0,28,37,2,0,2,0,2,0,1,0,2,18,0,1,0,28,37,2,0,2,0,2,0,1,0,2,18,0,1,0,0,0,2,0,0,0,0,0,0,0,0,0,2,0,0,0,0,0,0,0,0
195,L980,TaskLaunchProcessor,com.dangdang.ddframe.job.cloud.scheduler.mesos.TaskLaunchProcessor,L1430,L103,C:\Users\domco\Desktop\DP\repos\shardingsphere-elasticjob\elastic-job-cloud\elastic-job-cloud-scheduler\src\main\java\com\dangdang\ddframe\job\cloud\scheduler\mesos\TaskLaunchProcessor.java,63,1,223,2,0.0,0,0,0,0.0,0.0,0,0,1,3,3,31,20,2,1,24,35,0.666667,0.0547945,8,8,2,1,0.0547945,8,0,0,0,0,0,138,161,9,4,9,4,11,0,2,0,11,78,0,2,0,138,161,9,4,9,4,11,0,2,0,11,78,0,2,0,0,0,28,0,1,0,0,0,0,0,2,0,23,0,1,0,0,0,0,3,0
196,L1909,AllMesosTests,com.dangdang.ddframe.job.cloud.scheduler.mesos.AllMesosTests,L1430,L103,C:\Users\domco\Desktop\DP\repos\shardingsphere-elasticjob\elastic-job-cloud\elastic-job-cloud-scheduler\src\test\java\com\dangdang\ddframe\job\cloud\scheduler\mesos\AllMesosTests.java,23,1,34,2,0.0,0,0,0,0.0,0.0,0,0,0,0,0,0,7,1,0,0,0,0.0,0.0,0,0,0,1,0.0,0,0,0,0,0,0,12,12,0,0,0,0,0,0,0,0,0,0,0,0,0,12,12,0,0,0,0,0,0,0,0,0,0,0,0,0,0,0,3,0,0,0,0,0,0,0,0,0,3,0,0,0,0,0,0,0,1.0
197,L1922,FacadeServiceTest,com.dangdang.ddframe.job.cloud.scheduler.mesos.FacadeServiceTest,L1430,L103,C:\Users\domco\Desktop\DP\repos\shardingsphere-elasticjob\elastic-job-cloud\elastic-job-cloud-scheduler\src\test\java\com\dangdang\ddframe\job\cloud\scheduler\mesos\FacadeServiceTest.java,53,1,241,2,0.0,0,0,0,0.0,0.0,0,0,1,2,2,24,14,1,0,28,49,0.0,0.0,0,0,0,22,0.0,0,0,0,0,0,0,162,189,6,0,6,0,21,0,21,1,21,78,0,21,1,162,189,6,0,6,0,21,0,21,1,21,78,0,21,1,0,0,49,2,9,9,0,0,0,0,1,0,45,0,2,0,0,0,0,3,1.0
198,L1916,JobTaskRequestTest,com.dangdang.ddframe.job.cloud.scheduler.mesos.JobTaskRequestTest,L1430,L103,C:\Users\domco\Desktop\DP\repos\shardingsphere-elasticjob\elastic-job-cloud\elastic-job-cloud-scheduler\src\test\java\com\dangdang\ddframe\job\cloud\scheduler\mesos\JobTaskRequestTest.java,34,1,103,2,0.0,0,0,0,0.0,0.0,0,0,1,0,0,13,2,1,0,14,27,0.0,0.0,0,0,0,14,0.0,0,0,0,0,0,0,56,70,1,0,1,0,13,0,13,0,13,13,0,13,0,56,70,1,0,1,0,13,0,13,0,13,13,0,13,0,0,0,29,1,13,13,0,0,0,0,0,1,29,0,0,0,0,0,0,0,1.0
199,L1928,LaunchingTasksTest,com.dangdang.ddframe.job.cloud.scheduler.mesos.LaunchingTasksTest,L1430,L103,C:\Users\domco\Desktop\DP\repos\shardingsphere-elasticjob\elastic-job-cloud\elastic-job-cloud-scheduler\src\test\java\com\dangdang\ddframe\job\cloud\scheduler\mesos\LaunchingTasksTest.java,43,1,83,2,0.0,0,0,0,0.0,0.0,0,0,1,0,0,2,10,1,0,6,8,0.0,0.0,0,0,0,3,0.0,0,0,0,0,0,0,32,41,7,0,7,0,2,0,2,1,2,9,0,2,1,32,41,7,0,7,0,2,0,2,1,2,9,0,2,1,0,0,8,1,1,1,0,0,0,0,0,1,7,0,0,0,0,0,0,1,0
200,L1913,LeasesQueueTest,com.dangdang.ddframe.job.cloud.scheduler.mesos.LeasesQueueTest,L1430,L103,C:\Users\domco\Desktop\DP\repos\shardingsphere-elasticjob\elastic-job-cloud\elastic-job-cloud-scheduler\src\test\java\com\dangdang\ddframe\job\cloud\scheduler\mesos\LeasesQueueTest.java,27,1,38,2,0.0,0,0,0,0.0,0.0,0,0,1,0,0,1,2,1,0,3,4,0.0,0.0,0,0,0,2,0.0,0,0,0,0,0,0,10,12,1,0,1,0,1,0,1,0,1,4,0,1,0,10,12,1,0,1,0,1,0,1,0,1,4,0,1,0,0,0,5,0,4,3,0,0,0,0,0,1,5,0,0,0,0,0,0,0,0
201,L1925,SchedulerEngineTest,com.dangdang.ddframe.job.cloud.scheduler.mesos.SchedulerEngineTest,L1430,L103,C:\Users\domco\Desktop\DP\repos\shardingsphere-elasticjob\elastic-job-cloud\elastic-job-cloud-scheduler\src\test\java\com\dangdang\ddframe\job\cloud\scheduler\mesos\SchedulerEngineTest.java,53,1,238,2,0.324604,1,3,3,0.225806,0.259259,42,42,1,0,0,19,12,1,0,21,40,0.0,0.0,0,0,0,20,0.0,0,0,0,0,0,0,162,186,5,0,5,0,19,0,19,1,19,79,0,19,1,162,186,5,0,5,0,19,0,19,1,19,79,0,19,1,0,0,66,6,2,4,23,0,0,0,1,1,41,0,3,0,0,0,0,1,0
202,L1910,SupportedExtractionTypeTest,com.dangdang.ddframe.job.cloud.scheduler.mesos.SupportedExtractionTypeTest,L1430,L103,C:\Users\domco\Desktop\DP\repos\shardingsphere-elasticjob\elastic-job-cloud\elastic-job-cloud-scheduler\src\test\java\com\dangdang\ddframe\job\cloud\scheduler\mesos\SupportedExtractionTypeTest.java,25,1,41,2,0.0,0,0,0,0.0,0.0,0,0,1,0,0,1,1,1,0,1,2,0.0,0.0,0,0,0,2,0.0,0,0,0,0,0,0,16,17,0,0,0,0,1,0,1,0,1,11,0,1,0,16,17,0,0,0,0,1,0,1,0,1,11,0,1,0,0,0,5,0,12,12,0,0,0,0,0,0,5,0,0,0,0,0,0,0,0
203,L1919,TaskInfoDataTest,com.dangdang.ddframe.job.cloud.scheduler.mesos.TaskInfoDataTest,L1430,L103,C:\Users\domco\Desktop\DP\repos\shardingsphere-elasticjob\elastic-job-cloud\elastic-job-cloud-scheduler\src\test\java\com\dangdang\ddframe\job\cloud\scheduler\mesos\TaskInfoDataTest.java,32,1,59,2,0.0,0,0,0,0.0,0.0,0,0,1,0,0,4,3,1,0,4,8,0.0,0.0,0,0,0,4,0.0,0,0,0,0,0,0,23,28,1,0,1,0,4,0,3,0,4,9,0,3,0,23,28,1,0,1,0,4,0,3,0,4,9,0,3,0,0,0,11,1,3,3,0,0,0,0,0,0,11,0,1,0,0,0,0,0,0
204,L966,ProducerManager,com.dangdang.ddframe.job.cloud.scheduler.producer.ProducerManager,L2096,L103,C:\Users\domco\Desktop\DP\repos\shardingsphere-elasticjob\elastic-job-cloud\elastic-job-cloud-scheduler\src\main\java\com\dangdang\ddframe\job\cloud\scheduler\producer\ProducerManager.java,38,1,149,2,0.0,0,0,0,0.0,0.0,0,0,1,2,1,15,9,7,16,17,26,1.0,0.403846,42,42,9,0,0.403846,42,0,0,0,0,0,62,112,5,0,5,0,9,0,8,0,9,32,0,8,0,62,112,5,0,5,0,9,0,8,0,9,32,0,8,0,0,0,2,0,0,0,0,0,0,0,0,0,2,0,0,0,0,0,0,0,1.0
205,L2159,ProducerManagerFactory,com.dangdang.ddframe.job.cloud.scheduler.producer.ProducerManagerFactory,L2096,L103,C:\Users\domco\Desktop\DP\repos\shardingsphere-elasticjob\elastic-job-cloud\elastic-job-cloud-scheduler\src\main\java\com\dangdang\ddframe\job\cloud\scheduler\producer\ProducerManagerFactory.java,30,1,52,2,0.0,0,0,0,0.0,0.0,0,0,0,2,2,3,2,6,5,1,2,1.0,0.461538,12,12,2,0,0.461538,12,0,0,0,0,0,14,23,1,1,1,1,1,0,1,0,1,5,0,1,0,14,23,1,1,1,1,1,0,1,0,1,5,0,1,0,0,1,0,0,0,0,0,0,0,0,0,0,0,0,0,0,1,0,0,0,0
206,L2168,TransientProducerRepository,com.dangdang.ddframe.job.cloud.scheduler.producer.TransientProducerRepository,L2096,L103,C:\Users\domco\Desktop\DP\repos\shardingsphere-elasticjob\elastic-job-cloud\elastic-job-cloud-scheduler\src\main\java\com\dangdang\ddframe\job\cloud\scheduler\producer\TransientProducerRepository.java,34,1,71,2,0.0,0,0,0,0.0,0.0,0,0,1,2,2,9,0,4,9,0,4,1.0,0.153846,6,6,1,0,0.153846,6,0,0,0,0,0,33,38,1,0,1,0,4,0,0,0,4,18,0,0,0,33,38,1,0,1,0,4,0,0,0,4,18,0,0,0,0,0,10,0,6,0,0,4,0,0,0,0,10,0,0,0,2,0,0,0,0
207,L2114,TransientProducerScheduler,com.dangdang.ddframe.job.cloud.scheduler.producer.TransientProducerScheduler,L2096,L103,C:\Users\domco\Desktop\DP\repos\shardingsphere-elasticjob\elastic-job-cloud\elastic-job-cloud-scheduler\src\main\java\com\dangdang\ddframe\job\cloud\scheduler\producer\TransientProducerScheduler.java,48,1,153,2,0.0,0,0,0,0.0,0.0,0,0,1,2,2,17,5,4,8,5,14,1.0,0.0722892,6,6,1,0,0.0631579,6,0,0,0,0,0,77,91,3,2,3,2,9,0,0,0,9,41,0,0,0,89,106,5,2,5,2,10,0,1,0,10,44,0,1,0,0,0,25,0,4,0,0,3,0,0,0,0,25,0,0,0,1,0,0,0,1.0
208,L2253,AllProducerTests,com.dangdang.ddframe.job.cloud.scheduler.producer.AllProducerTests,L2096,L103,C:\Users\domco\Desktop\DP\repos\shardingsphere-elasticjob\elastic-job-cloud\elastic-job-cloud-scheduler\src\test\java\com\dangdang\ddframe\job\cloud\scheduler\producer\AllProducerTests.java,23,1,32,2,0.0,0,0,0,0.0,0.0,0,0,0,0,0,0,5,1,0,0,0,0.0,0.0,0,0,0,1,0.0,0,0,0,0,0,0,10,10,0,0,0,0,0,0,0,0,0,0,0,0,0,10,10,0,0,0,0,0,0,0,0,0,0,0,0,0,0,0,3,0,0,0,0,0,0,0,0,0,3,0,0,0,0,0,0,0,0
209,L2254,ProducerJobTest,com.dangdang.ddframe.job.cloud.scheduler.producer.ProducerJobTest,L2096,L103,C:\Users\domco\Desktop\DP\repos\shardingsphere-elasticjob\elastic-job-cloud\elastic-job-cloud-scheduler\src\test\java\com\dangdang\ddframe\job\cloud\scheduler\producer\ProducerJobTest.java,34,1,62,2,0.0,0,0,0,0.0,0.0,0,0,1,0,0,2,4,1,0,3,5,0.0,0.0,0,0,0,3,0.0,0,0,0,0,0,0,23,29,4,0,4,0,2,0,2,1,2,8,0,2,1,23,29,4,0,4,0,2,0,2,1,2,8,0,2,1,0,0,7,0,1,0,0,0,0,0,0,1,7,0,0,0,0,0,0,0,0
210,L2266,ProducerManagerFactoryTest,com.dangdang.ddframe.job.cloud.scheduler.producer.ProducerManagerFactoryTest,L2096,L103,C:\Users\domco\Desktop\DP\repos\shardingsphere-elasticjob\elastic-job-cloud\elastic-job-cloud-scheduler\src\test\java\com\dangdang\ddframe\job\cloud\scheduler\producer\ProducerManagerFactoryTest.java,33,1,52,2,0.0,0,0,0,0.0,0.0,0,0,2,0,0,2,2,1,0,1,3,0.0,0.0,0,0,0,3,0.0,0,0,0,0,0,0,16,20,2,0,2,0,2,0,2,0,2,2,0,2,0,16,20,2,0,2,0,2,0,2,0,2,2,0,2,0,0,0,8,0,1,1,0,0,1,0,0,0,7,0,0,0,0,0,0,0,0
211,L2263,ProducerManagerTest,com.dangdang.ddframe.job.cloud.scheduler.producer.ProducerManagerTest,L2096,L103,C:\Users\domco\Desktop\DP\repos\shardingsphere-elasticjob\elastic-job-cloud\elastic-job-cloud-scheduler\src\test\java\com\dangdang\ddframe\job\cloud\scheduler\producer\ProducerManagerTest.java,46,1,159,2,0.0,0,0,0,0.0,0.0,0,0,1,0,0,10,12,1,0,12,22,0.0,0.0,0,0,0,11,0.0,0,0,0,0,0,0,94,114,10,0,10,0,10,0,10,1,10,42,0,10,1,94,114,10,0,10,0,10,0,10,1,10,42,0,10,1,0,0,26,2,0,0,0,0,0,0,1,0,23,0,2,0,0,0,0,2,1.0
212,L2257,TransientProducerRepositoryTest,com.dangdang.ddframe.job.cloud.scheduler.producer.TransientProducerRepositoryTest,L2096,L103,C:\Users\domco\Desktop\DP\repos\shardingsphere-elasticjob\elastic-job-cloud\elastic-job-cloud-scheduler\src\test\java\com\dangdang\ddframe\job\cloud\scheduler\producer\TransientProducerRepositoryTest.java,31,1,84,2,0.0,0,0,0,0.0,0.0,0,0,1,0,0,5,1,1,0,4,9,0.0,0.0,0,0,0,6,0.0,0,0,0,0,0,0,46,54,3,0,3,0,5,0,5,0,5,25,0,5,0,46,54,3,0,3,0,5,0,5,0,5,25,0,5,0,0,0,13,0,13,11,0,0,0,0,0,2,13,0,0,0,0,0,0,0,0
213,L2260,TransientProducerSchedulerTest,com.dangdang.ddframe.job.cloud.scheduler.producer.TransientProducerSchedulerTest,L2096,L103,C:\Users\domco\Desktop\DP\repos\shardingsphere-elasticjob\elastic-job-cloud\elastic-job-cloud-scheduler\src\test\java\com\dangdang\ddframe\job\cloud\scheduler\producer\TransientProducerSchedulerTest.java,41,1,87,2,0.0,0,0,0,0.0,0.0,0,0,1,0,0,4,4,1,0,5,9,0.0,0.0,0,0,0,5,0.0,0,0,0,0,0,0,36,47,6,0,6,0,4,0,4,1,4,11,0,4,1,36,47,6,0,6,0,4,0,4,1,4,11,0,4,1,0,0,12,0,0,0,0,0,0,0,0,0,11,0,0,0,0,0,0,1,0
214,L1049,CloudJobRestfulApi,com.dangdang.ddframe.job.cloud.scheduler.restful.CloudJobRestfulApi,L2357,L103,C:\Users\domco\Desktop\DP\repos\shardingsphere-elasticjob\elastic-job-cloud\elastic-job-cloud-scheduler\src\main\java\com\dangdang\ddframe\job\cloud\scheduler\restful\CloudJobRestfulApi.java,85,1,445,2,0.17521,2,10,5,0.138504,0.218341,50,50,1,4,2,45,31,2,2,29,52,0.952381,0.312312,104,104,20,1,0.312312,104,0,0,0,0,0,229,361,11,4,11,4,23,0,20,0,23,92,0,20,0,229,361,11,4,11,4,23,0,20,0,23,92,0,20,0,0,0,50,1,5,2,34,0,0,0,1,0,11,0,2,0,2,0,0,4,1.0
215,L2571,AllRestfulTests,com.dangdang.ddframe.job.cloud.scheduler.restful.AllRestfulTests,L2357,L103,C:\Users\domco\Desktop\DP\repos\shardingsphere-elasticjob\elastic-job-cloud\elastic-job-cloud-scheduler\src\test\java\com\dangdang\ddframe\job\cloud\scheduler\restful\AllRestfulTests.java,23,1,26,2,0.0,0,0,0,0.0,0.0,0,0,0,0,0,0,1,1,0,0,0,0.0,0.0,0,0,0,1,0.0,0,0,0,0,0,0,4,4,0,0,0,0,0,0,0,0,0,0,0,0,0,4,4,0,0,0,0,0,0,0,0,0,0,0,0,0,0,0,3,0,0,0,0,0,0,0,0,0,3,0,0,0,0,0,0,0,0
216,L2572,CloudJobRestfulApiTest,com.dangdang.ddframe.job.cloud.scheduler.restful.CloudJobRestfulApiTest,L2357,L103,C:\Users\domco\Desktop\DP\repos\shardingsphere-elasticjob\elastic-job-cloud\elastic-job-cloud-scheduler\src\test\java\com\dangdang\ddframe\job\cloud\scheduler\restful\CloudJobRestfulApiTest.java,74,1,361,2,0.0,0,0,0,0.0,0.0,0,0,1,1,1,34,24,1,0,15,48,0.0,0.0,0,0,0,31,0.0,0,0,0,0,0,0,251,288,3,0,3,0,33,0,30,2,33,132,0,30,2,251,288,3,0,3,0,33,0,30,2,33,132,0,30,2,0,0,74,39,37,36,0,1,0,0,1,30,69,0,9,0,0,0,0,4,1.0
217,L2924,StateNode,com.dangdang.ddframe.job.cloud.scheduler.state.StateNode,L2640,L103,C:\Users\domco\Desktop\DP\repos\shardingsphere-elasticjob\elastic-job-cloud\elastic-job-cloud-scheduler\src\main\java\com\dangdang\ddframe\job\cloud\scheduler\state\StateNode.java,28,1,35,2,0.0,0,0,0,0.0,0.0,0,0,0,0,0,0,0,0,0,0,0,1.0,0.666667,8,8,1,0,0.666667,8,0,0,0,0,0,4,8,1,0,1,0,0,1,0,0,0,0,1,0,0,4,8,1,0,1,0,0,1,0,0,0,0,1,0,0,0,0,4,0,0,0,0,0,0,0,0,0,0,0,0,0,0,0,0,4,0
218,L2928,AllStateTests,com.dangdang.ddframe.job.cloud.scheduler.state.AllStateTests,L2640,L103,C:\Users\domco\Desktop\DP\repos\shardingsphere-elasticjob\elastic-job-cloud\elastic-job-cloud-scheduler\src\test\java\com\dangdang\ddframe\job\cloud\scheduler\state\AllStateTests.java,28,1,37,2,0.0,0,0,0,0.0,0.0,0,0,0,0,0,0,5,1,0,0,0,0.0,0.0,0,0,0,1,0.0,0,0,0,0,0,0,10,10,0,0,0,0,0,0,0,0,0,0,0,0,0,10,10,0,0,0,0,0,0,0,0,0,0,0,0,0,0,0,3,0,0,0,0,0,0,0,0,0,3,0,0,0,0,0,0,0,0
219,L949,StatisticManager,com.dangdang.ddframe.job.cloud.scheduler.statistics.StatisticManager,L2940,L103,C:\Users\domco\Desktop\DP\repos\shardingsphere-elasticjob\elastic-job-cloud\elastic-job-cloud-scheduler\src\main\java\com\dangdang\ddframe\job\cloud\scheduler\statistics\StatisticManager.java,58,1,282,2,0.0,0,0,0,0.0,0.0,0,0,1,4,2,38,20,6,31,16,33,1.0,0.323671,67,67,15,0,0.323671,67,0,0,0,0,0,140,225,6,6,6,6,17,0,14,0,17,75,0,14,0,140,225,6,6,6,6,17,0,14,0,17,75,0,14,0,0,2,9,0,1,0,0,0,0,0,1,0,6,0,2,0,1,0,0,2,0
220,L3214,StatisticsScheduler,com.dangdang.ddframe.job.cloud.scheduler.statistics.StatisticsScheduler,L2940,L103,C:\Users\domco\Desktop\DP\repos\shardingsphere-elasticjob\elastic-job-cloud\elastic-job-cloud-scheduler\src\main\java\com\dangdang\ddframe\job\cloud\scheduler\statistics\StatisticsScheduler.java,38,1,104,2,0.0,0,0,0,0.0,0.0,0,0,1,2,2,11,2,3,6,4,9,1.0,0.242424,16,16,1,0,0.242424,16,0,0,0,0,0,50,67,1,2,1,2,5,0,0,0,5,27,0,0,0,50,67,1,2,1,2,5,0,0,0,5,27,0,0,0,0,0,6,0,2,0,0,2,0,0,0,0,6,0,0,0,0,0,0,0,0
221,L3086,TaskResultMetaData,com.dangdang.ddframe.job.cloud.scheduler.statistics.TaskResultMetaData,L2940,L103,C:\Users\domco\Desktop\DP\repos\shardingsphere-elasticjob\elastic-job-cloud\elastic-job-cloud-scheduler\src\main\java\com\dangdang\ddframe\job\cloud\scheduler\statistics\TaskResultMetaData.java,27,1,84,2,0.0,0,0,0,0.0,0.0,0,0,1,0,0,6,0,4,8,0,6,1.0,0.563636,31,31,7,0,0.563636,31,0,0,0,0,0,24,58,2,2,2,2,6,0,6,0,6,8,0,6,0,24,58,2,2,2,2,6,0,6,0,6,8,0,6,0,0,0,0,0,0,0,0,0,0,0,0,0,0,0,0,0,0,0,0,0,0
222,L3379,AllStatisticTests,com.dangdang.ddframe.job.cloud.scheduler.statistics.AllStatisticTests,L2940,L103,C:\Users\domco\Desktop\DP\repos\shardingsphere-elasticjob\elastic-job-cloud\elastic-job-cloud-scheduler\src\test\java\com\dangdang\ddframe\job\cloud\scheduler\statistics\AllStatisticTests.java,29,1,41,2,0.0,0,0,0,0.0,0.0,0,0,0,0,0,0,8,1,0,0,0,0.0,0.0,0,0,0,1,0.0,0,0,0,0,0,0,13,13,0,0,0,0,0,0,0,0,0,0,0,0,0,13,13,0,0,0,0,0,0,0,0,0,0,0,0,0,0,0,3,0,0,0,0,0,0,0,0,0,3,0,0,0,0,0,0,0,0
223,L3380,StatisticManagerTest,com.dangdang.ddframe.job.cloud.scheduler.statistics.StatisticManagerTest,L2940,L103,C:\Users\domco\Desktop\DP\repos\shardingsphere-elasticjob\elastic-job-cloud\elastic-job-cloud-scheduler\src\test\java\com\dangdang\ddframe\job\cloud\scheduler\statistics\StatisticManagerTest.java,53,1,242,2,0.0,0,0,0,0.0,0.0,0,0,1,1,1,23,12,1,0,25,46,0.0,0.0,0,0,0,22,0.0,0,0,0,0,0,0,163,190,6,0,6,0,21,0,21,1,21,73,0,21,1,163,190,6,0,6,0,21,0,21,1,21,73,0,21,1,0,0,49,4,32,35,0,0,0,0,1,0,45,0,1,0,0,0,0,3,0
224,L3383,StatisticsSchedulerTest,com.dangdang.ddframe.job.cloud.scheduler.statistics.StatisticsSchedulerTest,L2940,L103,C:\Users\domco\Desktop\DP\repos\shardingsphere-elasticjob\elastic-job-cloud\elastic-job-cloud-scheduler\src\test\java\com\dangdang\ddframe\job\cloud\scheduler\statistics\StatisticsSchedulerTest.java,35,1,64,2,0.0,0,0,0,0.0,0.0,0,0,1,0,0,3,3,1,0,5,8,0.0,0.0,0,0,0,4,0.0,0,0,0,0,0,0,25,30,2,0,2,0,3,0,3,1,3,10,0,3,1,25,30,2,0,2,0,3,0,3,1,3,10,0,3,1,0,0,9,0,0,0,0,0,0,0,0,0,9,0,0,0,0,0,0,0,0
225,L3388,TaskResultMetaDataTest,com.dangdang.ddframe.job.cloud.scheduler.statistics.TaskResultMetaDataTest,L2940,L103,C:\Users\domco\Desktop\DP\repos\shardingsphere-elasticjob\elastic-job-cloud\elastic-job-cloud-scheduler\src\test\java\com\dangdang\ddframe\job\cloud\scheduler\statistics\TaskResultMetaDataTest.java,26,1,56,2,0.0,0,0,0,0.0,0.0,0,0,1,1,1,5,1,1,0,6,9,0.0,0.0,0,0,0,4,0.0,0,0,0,0,0,0,26,31,1,0,1,0,3,0,3,1,3,16,0,3,1,26,31,1,0,1,0,3,0,3,1,3,16,0,3,1,0,0,9,0,8,8,0,0,0,0,0,0,9,0,0,0,0,0,0,0,0
226,L3474,CloudJobConfigurationBuilder,com.dangdang.ddframe.job.cloud.scheduler.fixture.CloudJobConfigurationBuilder,L3468,L103,C:\Users\domco\Desktop\DP\repos\shardingsphere-elasticjob\elastic-job-cloud\elastic-job-cloud-scheduler\src\test\java\com\dangdang\ddframe\job\cloud\scheduler\fixture\CloudJobConfigurationBuilder.java,30,1,74,2,0.0,0,0,0,0.0,0.0,0,0,7,0,0,7,9,13,38,4,11,0.0,0.0,0,0,0,8,0.0,0,0,0,0,0,0,38,45,0,0,0,0,7,0,7,0,7,7,0,7,0,38,45,0,0,0,0,7,0,7,0,7,7,0,7,0,0,0,18,3,0,0,0,0,1,0,0,0,17,0,3,0,0,0,0,0,1.0
227,L3492,CloudJsonConstants,com.dangdang.ddframe.job.cloud.scheduler.fixture.CloudJsonConstants,L3468,L103,C:\Users\domco\Desktop\DP\repos\shardingsphere-elasticjob\elastic-job-cloud\elastic-job-cloud-scheduler\src\test\java\com\dangdang\ddframe\job\cloud\scheduler\fixture\CloudJsonConstants.java,26,1,62,2,0.0,0,0,0,0.0,0.0,0,0,0,0,0,5,1,3,16,0,5,0.0,0.0,0,0,0,6,0.0,0,0,0,0,0,0,29,37,3,5,3,5,5,0,5,0,5,5,0,5,0,29,37,3,5,3,5,5,0,5,0,5,5,0,5,0,0,0,13,0,0,0,0,0,0,0,0,0,13,0,0,0,0,0,0,0,0
228,L1955,TaskNode,com.dangdang.ddframe.job.cloud.scheduler.fixture.TaskNode,L3468,L103,C:\Users\domco\Desktop\DP\repos\shardingsphere-elasticjob\elastic-job-cloud\elastic-job-cloud-scheduler\src\test\java\com\dangdang\ddframe\job\cloud\scheduler\fixture\TaskNode.java,25,1,49,2,0.0,0,0,0,0.0,0.0,0,0,0,0,0,7,2,4,20,1,4,0.0,0.0,0,0,0,4,0.0,0,0,0,0,0,0,17,25,5,3,5,3,3,0,3,0,3,3,0,3,0,17,25,5,3,5,3,3,0,3,0,3,3,0,3,0,0,0,9,0,0,0,0,0,0,0,0,0,9,0,0,0,0,0,0,0,0
229,L3481,TestSimpleJob,com.dangdang.ddframe.job.cloud.scheduler.fixture.TestSimpleJob,L3468,L103,C:\Users\domco\Desktop\DP\repos\shardingsphere-elasticjob\elastic-job-cloud\elastic-job-cloud-scheduler\src\test\java\com\dangdang\ddframe\job\cloud\scheduler\fixture\TestSimpleJob.java,23,1,28,2,0.0,0,0,0,0.0,0.0,0,0,1,0,0,1,2,1,0,0,1,0.0,0.0,0,0,0,2,0.0,0,2,2,0,0,1,5,6,0,0,0,0,1,0,1,0,1,0,0,1,0,5,6,0,0,0,0,1,0,1,0,1,0,0,1,0,0,0,5,0,1,0,0,0,0,0,0,0,5,1,0,0,0,0,0,0,0
230,L2479,JobEventRdbSearch$Condition,com.dangdang.ddframe.job.event.rdb.JobEventRdbSearch$Condition,L2367,L103,C:\Users\domco\Desktop\DP\repos\shardingsphere-elasticjob\elastic-job-common\elastic-job-common-core\src\main\java\com\dangdang\ddframe\job\event\rdb\JobEventRdbSearch.java,273,5,292,6,0.0,0,0,0,0.0,0.0,0,0,0,0,0,0,0,4,0,0,0,0.0,0.0,0,0,0,1,0.0,0,0,0,0,0,0,12,20,8,0,8,0,0,0,0,0,0,0,0,0,0,12,20,8,0,8,0,0,0,0,0,0,0,0,0,0,0,0,4,0,0,0,0,0,0,0,0,0,3,0,0,0,0,0,0,1,0
231,L2456,JobEventRdbSearch$Result<T extends Object>,com.dangdang.ddframe.job.event.rdb.JobEventRdbSearch$Result,L2367,L103,C:\Users\domco\Desktop\DP\repos\shardingsphere-elasticjob\elastic-job-common\elastic-job-common-core\src\main\java\com\dangdang\ddframe\job\event\rdb\JobEventRdbSearch.java,294,5,301,6,0.0,0,0,0,0.0,0.0,0,0,0,0,0,0,0,4,0,0,0,0.0,0.0,0,0,0,1,0.0,0,0,0,0,0,0,6,8,2,0,2,0,0,0,0,0,0,0,0,0,0,6,8,2,0,2,0,0,0,0,0,0,0,0,0,0,0,0,3,0,0,0,0,0,0,0,0,0,3,0,0,0,0,0,0,0,0
232,L4688,AbstractElasticJobExecutor$1,com.dangdang.ddframe.job.executor.AbstractElasticJobExecutor$1,L4670,L103,C:\Users\domco\Desktop\DP\repos\shardingsphere-elasticjob\elastic-job-common\elastic-job-common-core\src\main\java\com\dangdang\ddframe\job\executor\AbstractElasticJobExecutor.java,168,51,178,14,0.0,0,0,0,0.0,0.0,0,0,1,1,1,1,1,0,0,1,2,0.0,0.0,0,0,0,2,0.0,0,0,0,0,0,0,10,11,0,0,0,0,1,0,1,0,1,3,0,1,0,10,11,0,0,0,0,1,0,1,0,1,3,0,1,0,0,0,5,0,0,0,0,0,0,0,0,0,5,0,0,0,0,0,0,0,0
233,L3498,DefaultExecutorServiceHandler,com.dangdang.ddframe.job.executor.handler.impl.DefaultExecutorServiceHandler,L4735,L103,C:\Users\domco\Desktop\DP\repos\shardingsphere-elasticjob\elastic-job-common\elastic-job-common-core\src\main\java\com\dangdang\ddframe\job\executor\handler\impl\DefaultExecutorServiceHandler.java,30,1,36,2,0.0,0,0,0,0.0,0.0,0,0,1,0,0,1,2,7,1,2,3,0.5,0.454545,5,5,1,1,0.454545,5,1,1,0,0,1,6,7,0,0,0,0,1,0,1,0,1,1,0,1,0,6,7,0,0,0,0,1,0,1,0,1,1,0,1,0,0,0,3,0,0,0,0,0,0,0,0,0,3,0,0,0,0,0,0,0,0
234,L3495,DefaultJobExceptionHandler,com.dangdang.ddframe.job.executor.handler.impl.DefaultJobExceptionHandler,L4735,L103,C:\Users\domco\Desktop\DP\repos\shardingsphere-elasticjob\elastic-job-common\elastic-job-common-core\src\main\java\com\dangdang\ddframe\job\executor\handler\impl\DefaultJobExceptionHandler.java,28,1,35,2,0.0,0,0,0,0.0,0.0,0,0,1,0,0,1,1,6,1,0,1,0.5,0.416667,5,5,1,1,0.416667,5,1,1,0,0,1,7,8,0,0,0,0,1,0,1,0,1,1,0,1,0,7,8,0,0,0,0,1,0,1,0,1,1,0,1,0,0,0,3,0,0,0,0,0,0,0,0,0,3,0,0,0,0,0,0,0,0
235,L4750,DefaultJobExceptionHandlerTest,com.dangdang.ddframe.job.executor.handler.impl.DefaultJobExceptionHandlerTest,L4735,L103,C:\Users\domco\Desktop\DP\repos\shardingsphere-elasticjob\elastic-job-common\elastic-job-common-core\src\test\java\com\dangdang\ddframe\job\executor\handler\impl\DefaultJobExceptionHandlerTest.java,29,1,40,2,0.0,0,0,0,0.0,0.0,0,0,1,0,0,1,2,1,0,1,2,0.0,0.0,0,0,0,2,0.0,0,0,0,0,0,0,10,12,1,0,1,0,1,0,1,0,1,2,0,1,0,10,12,1,0,1,0,1,0,1,0,1,2,0,1,0,0,0,5,0,0,0,0,0,0,0,0,0,5,0,0,0,0,0,0,0,0
236,L4820,ExecutorServiceHandlerRegistryTest$GetExecutorServiceHandlerTask,com.dangdang.ddframe.job.executor.handler.ExecutorServiceHandlerRegistryTest$GetExecutorServiceHandlerTask,L4799,L103,C:\Users\domco\Desktop\DP\repos\shardingsphere-elasticjob\elastic-job-common\elastic-job-common-core\src\test\java\com\dangdang\ddframe\job\executor\handler\ExecutorServiceHandlerRegistryTest.java,72,5,91,6,0.0,0,0,0,0.0,0.0,0,0,1,1,1,2,2,1,0,1,2,0.0,0.0,0,0,0,2,0.0,0,0,0,0,0,0,16,20,3,0,3,0,1,0,1,0,1,5,0,1,0,16,20,3,0,3,0,1,0,1,0,1,5,0,1,0,0,0,5,1,0,1,0,0,0,0,0,0,5,0,0,0,0,0,0,0,0
237,L5365,ZookeeperRegistryCenterTestUtil,com.dangdang.ddframe.job.reg.zookeeper.util.ZookeeperRegistryCenterTestUtil,L5362,L103,C:\Users\domco\Desktop\DP\repos\shardingsphere-elasticjob\elastic-job-common\elastic-job-common-core\src\test\java\com\dangdang\ddframe\job\reg\zookeeper\util\ZookeeperRegistryCenterTestUtil.java,7,1,15,2,0.0,0,0,0,0.0,0.0,0,0,1,0,0,1,1,4,4,1,2,0.0,0.0,0,0,0,2,0.0,0,0,0,0,0,0,8,9,0,0,0,0,1,0,1,0,1,3,0,1,0,8,9,0,0,0,0,1,0,1,0,1,3,0,1,0,0,0,5,0,0,0,0,0,0,0,0,0,5,0,0,0,0,0,0,0,0
238,L2545,JobExecutionTypeStatistics,com.dangdang.ddframe.job.statistics.type.job.JobExecutionTypeStatistics,L5601,L103,C:\Users\domco\Desktop\DP\repos\shardingsphere-elasticjob\elastic-job-common\elastic-job-common-core\src\main\java\com\dangdang\ddframe\job\statistics\type\job\JobExecutionTypeStatistics.java,28,1,35,2,0.0,0,0,0,0.0,0.0,0,0,0,0,0,0,0,3,0,0,0,1.0,0.454545,5,5,1,0,0.454545,5,0,0,0,0,0,6,8,2,0,2,0,0,0,0,0,0,0,0,0,0,6,8,2,0,2,0,0,0,0,0,0,0,0,0,0,0,0,0,0,0,0,0,0,0,0,0,0,0,0,0,0,0,0,0,0,0
239,L2564,JobRegisterStatistics,com.dangdang.ddframe.job.statistics.type.job.JobRegisterStatistics,L5601,L103,C:\Users\domco\Desktop\DP\repos\shardingsphere-elasticjob\elastic-job-common\elastic-job-common-core\src\main\java\com\dangdang\ddframe\job\statistics\type\job\JobRegisterStatistics.java,31,1,43,2,0.0,0,0,0,0.0,0.0,0,0,0,0,0,0,0,7,0,0,0,1.0,0.357143,5,5,1,0,0.357143,5,0,0,0,0,0,9,13,4,0,4,0,0,0,0,0,0,0,0,0,0,9,13,4,0,4,0,0,0,0,0,0,0,0,0,0,0,0,0,0,0,0,0,0,0,0,0,0,0,0,0,0,0,0,0,0,0
240,L2553,JobRunningStatistics,com.dangdang.ddframe.job.statistics.type.job.JobRunningStatistics,L5601,L103,C:\Users\domco\Desktop\DP\repos\shardingsphere-elasticjob\elastic-job-common\elastic-job-common-core\src\main\java\com\dangdang\ddframe\job\statistics\type\job\JobRunningStatistics.java,31,1,43,2,0.0,0,0,0,0.0,0.0,0,0,0,0,0,0,0,7,0,0,0,1.0,0.357143,5,5,1,0,0.357143,5,0,0,0,0,0,9,13,4,0,4,0,0,0,0,0,0,0,0,0,0,9,13,4,0,4,0,0,0,0,0,0,0,0,0,0,0,0,0,0,0,0,0,0,0,0,0,0,0,0,0,0,0,0,0,0,0
241,L2538,JobTypeStatistics,com.dangdang.ddframe.job.statistics.type.job.JobTypeStatistics,L5601,L103,C:\Users\domco\Desktop\DP\repos\shardingsphere-elasticjob\elastic-job-common\elastic-job-common-core\src\main\java\com\dangdang\ddframe\job\statistics\type\job\JobTypeStatistics.java,28,1,37,2,0.0,0,0,0,0.0,0.0,0,0,0,0,0,0,0,3,0,0,0,1.0,0.416667,5,5,1,0,0.416667,5,0,0,0,0,0,7,10,3,0,3,0,0,0,0,0,0,0,0,0,0,7,10,3,0,3,0,0,0,0,0,0,0,0,0,0,0,0,0,0,0,0,0,0,0,0,0,0,0,0,0,0,0,0,0,0,0
242,L2500,TaskResultStatistics,com.dangdang.ddframe.job.statistics.type.task.TaskResultStatistics,L5629,L103,C:\Users\domco\Desktop\DP\repos\shardingsphere-elasticjob\elastic-job-common\elastic-job-common-core\src\main\java\com\dangdang\ddframe\job\statistics\type\task\TaskResultStatistics.java,33,1,49,2,0.0,0,0,0,0.0,0.0,0,0,0,0,0,0,1,8,0,0,0,1.0,0.3125,5,5,1,0,0.3125,5,0,0,0,0,0,11,17,6,0,6,0,0,0,0,0,0,0,0,0,0,11,17,6,0,6,0,0,0,0,0,0,0,0,0,0,0,0,1,0,0,0,0,0,0,0,0,0,0,0,0,0,0,0,0,1,0
243,L2528,TaskRunningStatistics,com.dangdang.ddframe.job.statistics.type.task.TaskRunningStatistics,L5629,L103,C:\Users\domco\Desktop\DP\repos\shardingsphere-elasticjob\elastic-job-common\elastic-job-common-core\src\main\java\com\dangdang\ddframe\job\statistics\type\task\TaskRunningStatistics.java,31,1,43,2,0.0,0,0,0,0.0,0.0,0,0,0,0,0,0,0,7,0,0,0,1.0,0.357143,5,5,1,0,0.357143,5,0,0,0,0,0,9,13,4,0,4,0,0,0,0,0,0,0,0,0,0,9,13,4,0,4,0,0,0,0,0,0,0,0,0,0,0,0,0,0,0,0,0,0,0,0,0,0,0,0,0,0,0,0,0,0,0
244,L5705,ExecutorServiceObjectTest$FooTask,com.dangdang.ddframe.job.util.concurrent.ExecutorServiceObjectTest$FooTask,L5698,L103,C:\Users\domco\Desktop\DP\repos\shardingsphere-elasticjob\elastic-job-common\elastic-job-common-core\src\test\java\com\dangdang\ddframe\job\util\concurrent\ExecutorServiceObjectTest.java,55,5,61,6,0.0,0,0,0,0.0,0.0,0,0,1,0,0,1,1,1,0,1,2,0.0,0.0,0,0,0,2,0.0,0,0,0,0,0,0,6,7,0,0,0,0,1,0,1,0,1,1,0,1,0,6,7,0,0,0,0,1,0,1,0,1,1,0,1,0,0,0,5,0,0,0,0,0,0,0,0,0,5,0,0,0,0,0,0,0,0
245,L5731,ShardingItemParameters$ShardingItem,com.dangdang.ddframe.job.util.config.ShardingItemParameters$ShardingItem,L1871,L103,C:\Users\domco\Desktop\DP\repos\shardingsphere-elasticjob\elastic-job-common\elastic-job-common-core\src\main\java\com\dangdang\ddframe\job\util\config\ShardingItemParameters.java,75,5,81,6,0.0,0,0,0,0.0,0.0,0,0,0,0,0,0,0,1,0,0,0,1.0,0.375,3,3,1,0,0.375,3,0,0,0,0,0,5,7,2,0,2,0,0,0,0,0,0,0,0,0,0,5,7,2,0,2,0,0,0,0,0,0,0,0,0,0,0,0,0,0,0,0,0,0,0,0,0,0,0,0,0,0,0,0,0,0,0
246,L6002,JobConfigurationGsonTypeAdapterTest$JobConfigurationGsonTypeAdapter,com.dangdang.ddframe.job.util.json.JobConfigurationGsonTypeAdapterTest$JobConfigurationGsonTypeAdapter,L5996,L103,C:\Users\domco\Desktop\DP\repos\shardingsphere-elasticjob\elastic-job-common\elastic-job-common-core\src\test\java\com\dangdang\ddframe\job\util\json\JobConfigurationGsonTypeAdapterTest.java,91,5,105,6,0.0,0,0,0,0.0,0.0,0,0,2,0,0,3,4,1,0,0,3,0.0,0.0,0,0,0,1,0.0,0,1,1,0,0,1,12,15,0,4,0,1,3,0,0,0,8,1,0,2,0,12,15,0,4,0,1,3,0,0,0,8,1,0,2,0,0,0,10,0,2,0,0,0,1,0,0,0,9,2,0,0,0,0,0,0,0
247,L6416,EmbedZookeeperServer$1,com.dangdang.ddframe.job.example.EmbedZookeeperServer$1,L6410,L103,C:\Users\domco\Desktop\DP\repos\shardingsphere-elasticjob\elastic-job-example\elastic-job-example-embed-zk\src\main\java\com\dangdang\ddframe\job\example\EmbedZookeeperServer.java,49,63,60,14,0.0,0,0,0,0.0,0.0,0,0,1,1,1,2,1,0,0,0,1,0.0,0.0,0,0,0,2,0.0,0,0,0,0,0,0,11,12,0,0,0,0,1,0,1,0,1,4,0,1,0,11,12,0,0,0,0,1,0,1,0,1,4,0,1,0,0,0,5,1,0,1,0,0,0,0,0,0,5,0,0,0,0,0,0,0,0
248,L6432,Foo,com.dangdang.ddframe.job.example.fixture.entity.Foo,L6419,L103,C:\Users\domco\Desktop\DP\repos\shardingsphere-elasticjob\elastic-job-example\elastic-job-example-jobs\src\main\java\com\dangdang\ddframe\job\example\fixture\entity\Foo.java,22,1,62,2,0.0,0,0,0,0.0,0.0,0,0,1,0,0,6,1,5,7,0,6,0.0,0.0,0,0,0,7,0.0,0,0,0,0,0,0,26,37,4,3,4,3,6,0,6,1,6,8,0,6,1,30,41,6,3,6,3,6,2,6,1,6,8,2,6,1,0,0,24,0,2,0,0,1,0,0,0,1,18,0,0,0,0,0,0,6,0
249,L6467,FooRepository,com.dangdang.ddframe.job.example.fixture.repository.FooRepository,L6463,L103,C:\Users\domco\Desktop\DP\repos\shardingsphere-elasticjob\elastic-job-example\elastic-job-example-jobs\src\main\java\com\dangdang\ddframe\job\example\fixture\repository\FooRepository.java,28,1,68,2,0.0,0,0,0,0.0,0.0,0,0,1,3,3,10,2,5,6,4,9,0.0,0.0,0,0,0,4,0.0,0,0,0,0,0,0,35,41,1,0,1,0,5,0,3,1,5,19,0,3,1,35,41,1,0,1,0,5,0,3,1,5,19,0,3,1,0,0,13,0,1,0,0,0,0,0,0,1,13,0,0,0,0,0,0,0,0
250,L6509,FooRepositoryFactory,com.dangdang.ddframe.job.example.fixture.repository.FooRepositoryFactory,L6463,L103,C:\Users\domco\Desktop\DP\repos\shardingsphere-elasticjob\elastic-job-example\elastic-job-example-jobs\src\main\java\com\dangdang\ddframe\job\example\fixture\repository\FooRepositoryFactory.java,20,1,28,2,0.0,0,0,0,0.0,0.0,0,0,0,0,0,1,1,2,2,0,1,0.0,0.0,0,0,0,2,0.0,0,0,0,0,0,0,6,9,1,1,1,1,1,0,1,0,1,1,0,1,0,6,9,1,1,1,1,1,0,1,0,1,1,0,1,0,0,0,5,0,0,0,0,0,0,0,0,0,5,0,0,0,0,0,0,0,0
251,L6522,JavaDataflowJob,com.dangdang.ddframe.job.example.job.dataflow.JavaDataflowJob,L6517,L103,C:\Users\domco\Desktop\DP\repos\shardingsphere-elasticjob\elastic-job-example\elastic-job-example-jobs\src\main\java\com\dangdang\ddframe\job\example\job\dataflow\JavaDataflowJob.java,29,1,47,2,0.0,0,0,0,0.0,0.0,0,0,1,1,1,3,5,1,0,4,6,0.0,0.0,0,0,0,3,0.0,0,2,2,0,0,1,16,19,1,0,1,0,2,0,2,0,2,5,0,2,0,16,19,1,0,1,0,2,0,2,0,2,5,0,2,0,0,0,7,2,1,2,0,0,0,0,0,1,7,0,0,0,0,0,0,0,0
252,L6538,SpringDataflowJob,com.dangdang.ddframe.job.example.job.dataflow.SpringDataflowJob,L6517,L103,C:\Users\domco\Desktop\DP\repos\shardingsphere-elasticjob\elastic-job-example\elastic-job-example-jobs\src\main\java\com\dangdang\ddframe\job\example\job\dataflow\SpringDataflowJob.java,29,1,48,2,0.0,0,0,0,0.0,0.0,0,0,1,1,1,3,4,1,0,3,5,0.0,0.0,0,0,0,3,0.0,0,2,2,0,0,1,17,20,1,0,1,0,2,0,2,0,2,5,0,2,0,17,20,1,0,1,0,2,0,2,0,2,5,0,2,0,0,0,7,2,0,2,0,0,0,0,0,0,7,0,0,0,0,0,0,0,0
253,L6551,JavaSimpleJob,com.dangdang.ddframe.job.example.job.simple.JavaSimpleJob,L6547,L103,C:\Users\domco\Desktop\DP\repos\shardingsphere-elasticjob\elastic-job-example\elastic-job-example-jobs\src\main\java\com\dangdang\ddframe\job\example\job\simple\JavaSimpleJob.java,29,1,41,2,0.0,0,0,0,0.0,0.0,0,0,1,1,1,2,5,1,0,4,5,0.0,0.0,0,0,0,2,0.0,0,2,2,0,0,1,11,13,1,0,1,0,1,0,1,0,1,4,0,1,0,11,13,1,0,1,0,1,0,1,0,1,4,0,1,0,0,0,5,1,1,1,0,0,0,0,0,1,5,0,0,0,0,0,0,0,0
254,L6557,SpringSimpleJob,com.dangdang.ddframe.job.example.job.simple.SpringSimpleJob,L6547,L103,C:\Users\domco\Desktop\DP\repos\shardingsphere-elasticjob\elastic-job-example\elastic-job-example-jobs\src\main\java\com\dangdang\ddframe\job\example\job\simple\SpringSimpleJob.java,29,1,42,2,0.0,0,0,0,0.0,0.0,0,0,1,1,1,2,4,1,0,3,4,0.0,0.0,0,0,0,2,0.0,0,2,2,0,0,1,12,14,1,0,1,0,1,0,1,0,1,4,0,1,0,12,14,1,0,1,0,1,0,1,0,1,4,0,1,0,0,0,5,1,0,1,0,0,0,0,0,0,5,0,0,0,0,0,0,0,0
255,L6826,DashboardController,com.dangdang.ddframe.job.lite.console.controller.DashboardController,L6811,L103,C:\Users\domco\Desktop\DP\repos\shardingsphere-elasticjob\elastic-job-lite\elastic-job-lite-console\src\main\java\com\dangdang\ddframe\job\lite\console\controller\DashboardController.java,32,1,80,2,0.0,0,0,0,0.0,0.0,0,0,6,1,1,7,3,0,0,1,7,0.0,0.0,0,0,0,7,0.0,0,0,0,0,0,0,42,49,1,0,1,0,6,0,6,0,6,16,0,6,0,42,49,1,0,1,0,6,0,6,0,6,16,0,6,0,0,0,16,0,0,0,0,0,1,0,0,0,15,0,0,0,0,0,0,0,0
256,L6855,JobController,com.dangdang.ddframe.job.lite.console.controller.JobController,L6811,L103,C:\Users\domco\Desktop\DP\repos\shardingsphere-elasticjob\elastic-job-lite\elastic-job-lite-console\src\main\java\com\dangdang\ddframe\job\lite\console\controller\JobController.java,33,1,65,2,0.0,0,0,0,0.0,0.0,0,0,1,0,0,5,7,0,0,7,12,0.0,0.0,0,0,0,6,0.0,0,0,0,0,0,0,27,33,1,4,1,4,5,0,5,0,5,6,0,5,0,27,33,1,4,1,4,5,0,5,0,5,6,0,5,0,0,0,13,0,0,0,0,0,0,0,0,0,13,0,0,0,0,0,0,0,0
257,L6907,JobOperationController,com.dangdang.ddframe.job.lite.console.controller.JobOperationController,L6811,L103,C:\Users\domco\Desktop\DP\repos\shardingsphere-elasticjob\elastic-job-lite\elastic-job-lite-console\src\main\java\com\dangdang\ddframe\job\lite\console\controller\JobOperationController.java,30,1,101,2,0.0,0,0,0,0.0,0.0,0,0,1,0,0,13,3,0,0,8,21,0.0,0.0,0,0,0,14,0.0,0,0,0,0,0,0,58,72,1,0,1,0,13,0,13,0,13,13,0,13,0,58,72,1,0,1,0,13,0,13,0,13,13,0,13,0,0,0,29,0,0,0,0,0,0,0,0,0,29,0,0,0,0,0,0,0,0
258,L6953,RegistryCenterController,com.dangdang.ddframe.job.lite.console.controller.RegistryCenterController,L6811,L103,C:\Users\domco\Desktop\DP\repos\shardingsphere-elasticjob\elastic-job-lite\elastic-job-lite-console\src\main\java\com\dangdang\ddframe\job\lite\console\controller\RegistryCenterController.java,33,1,75,2,0.0,0,0,0,0.0,0.0,0,0,1,1,1,7,4,2,0,6,11,0.0,0.0,0,0,0,5,0.0,0,0,0,0,0,0,36,43,2,0,2,0,5,1,4,1,5,12,1,4,1,36,43,2,0,2,0,5,1,4,1,5,12,1,4,1,0,0,17,0,0,0,0,0,0,0,0,0,13,0,0,0,0,0,0,4,0
259,L6988,ServerController,com.dangdang.ddframe.job.lite.console.controller.ServerController,L6811,L103,C:\Users\domco\Desktop\DP\repos\shardingsphere-elasticjob\elastic-job-lite\elastic-job-lite-console\src\main\java\com\dangdang\ddframe\job\lite\console\controller\ServerController.java,32,1,49,2,0.0,0,0,0,0.0,0.0,0,0,0,0,0,2,4,0,0,3,5,0.0,0.0,0,0,0,3,0.0,0,0,0,0,0,0,15,18,1,2,1,2,2,0,2,0,2,3,0,2,0,15,18,1,2,1,2,2,0,2,0,2,3,0,2,0,0,0,7,0,0,0,0,0,0,0,0,0,7,0,0,0,0,0,0,0,0
260,L6836,RegistryCenterConfiguration,com.dangdang.ddframe.job.lite.console.domain.RegistryCenterConfiguration,L7008,L103,C:\Users\domco\Desktop\DP\repos\shardingsphere-elasticjob\elastic-job-lite\elastic-job-lite-console\src\main\java\com\dangdang\ddframe\job\lite\console\domain\RegistryCenterConfiguration.java,32,1,60,2,0.0,0,0,0,0.0,0.0,0,0,0,0,0,1,0,8,1,0,1,0.0,0.0,0,0,0,2,0.0,0,0,0,0,0,0,22,29,6,0,6,0,1,0,1,0,1,1,0,1,0,22,29,6,0,6,0,1,0,1,0,1,1,0,1,0,0,0,6,0,0,0,0,0,0,0,0,0,5,0,0,0,0,0,0,1,0
261,L7021,RegistryCenterConfigurations,com.dangdang.ddframe.job.lite.console.domain.RegistryCenterConfigurations,L7008,L103,C:\Users\domco\Desktop\DP\repos\shardingsphere-elasticjob\elastic-job-lite\elastic-job-lite-console\src\main\java\com\dangdang\ddframe\job\lite\console\domain\RegistryCenterConfigurations.java,29,1,35,2,0.0,0,0,0,0.0,0.0,0,0,0,0,0,0,1,3,0,0,0,0.0,0.0,0,0,0,1,0.0,0,0,0,0,0,0,6,7,1,0,1,0,0,0,0,0,0,0,0,0,0,6,7,1,0,1,0,0,0,0,0,0,0,0,0,0,0,0,3,0,0,0,0,0,0,0,0,0,3,0,0,0,0,0,0,0,0
262,L7036,JobConsoleException,com.dangdang.ddframe.job.lite.console.exception.JobConsoleException,L7033,L103,C:\Users\domco\Desktop\DP\repos\shardingsphere-elasticjob\elastic-job-lite\elastic-job-lite-console\src\main\java\com\dangdang\ddframe\job\lite\console\exception\JobConsoleException.java,20,1,27,2,0.0,0,0,0,0.0,0.0,0,0,0,0,0,1,0,1,3,0,1,0.0,0.0,0,0,0,2,0.0,0,0,0,0,0,0,6,8,1,0,1,0,1,0,1,0,1,1,0,1,0,6,8,1,0,1,0,1,0,1,0,1,1,0,1,0,0,0,5,0,0,0,0,0,0,0,0,0,5,0,0,0,0,0,0,0,0
263,L7043,SessionRegistryCenterConfigurationInterceptor,com.dangdang.ddframe.job.lite.console.interceptor.SessionRegistryCenterConfigurationInterceptor,L7040,L103,C:\Users\domco\Desktop\DP\repos\shardingsphere-elasticjob\elastic-job-lite\elastic-job-lite-console\src\main\java\com\dangdang\ddframe\job\lite\console\interceptor\SessionRegistryCenterConfigurationInterceptor.java,30,1,42,2,0.0,0,0,0,0.0,0.0,0,0,2,0,0,2,3,0,0,2,4,0.0,0.0,0,0,0,3,0.0,0,0,0,0,0,0,11,13,0,0,0,0,2,0,2,0,2,3,0,2,0,11,13,0,0,0,0,2,0,2,0,2,3,0,2,0,0,0,8,0,0,0,0,0,1,0,0,0,7,0,0,0,0,0,0,0,0
264,L7136,WwwAuthFilter,com.dangdang.ddframe.job.lite.console.security.WwwAuthFilter,L7133,L103,C:\Users\domco\Desktop\DP\repos\shardingsphere-elasticjob\elastic-job-lite\elastic-job-lite-console\src\main\java\com\dangdang\ddframe\job\lite\console\security\WwwAuthFilter.java,37,1,94,2,0.0,0,0,0,0.0,0.0,0,0,2,2,2,9,0,0,0,0,5,0.0,0.0,0,0,0,4,0.0,0,0,0,0,0,0,50,58,3,0,3,0,5,0,3,0,5,25,0,3,0,50,58,3,0,3,0,5,0,3,0,5,25,0,3,0,0,1,14,0,1,0,0,0,1,0,0,0,13,1,0,0,0,1,0,0,0
265,L7263,HomeFolder,com.dangdang.ddframe.job.lite.console.util.HomeFolder,L7257,L103,C:\Users\domco\Desktop\DP\repos\shardingsphere-elasticjob\elastic-job-lite\elastic-job-lite-console\src\main\java\com\dangdang\ddframe\job\lite\console\util\HomeFolder.java,22,1,47,2,0.0,0,0,0,0.0,0.0,0,0,1,1,1,5,0,2,3,0,4,0.0,0.0,0,0,0,3,0.0,0,0,0,0,0,0,19,26,3,2,3,2,4,0,2,0,4,5,0,2,0,19,26,3,2,3,2,4,0,2,0,4,5,0,2,0,0,0,11,0,0,0,0,0,0,0,0,0,11,0,0,0,0,0,0,0,0
266,L7276,SessionRegistryCenterConfiguration,com.dangdang.ddframe.job.lite.console.util.SessionRegistryCenterConfiguration,L7257,L103,C:\Users\domco\Desktop\DP\repos\shardingsphere-elasticjob\elastic-job-lite\elastic-job-lite-console\src\main\java\com\dangdang\ddframe\job\lite\console\util\SessionRegistryCenterConfiguration.java,25,1,41,2,0.0,0,0,0,0.0,0.0,0,0,1,0,0,3,1,2,6,0,3,0.0,0.0,0,0,0,4,0.0,0,0,0,0,0,0,13,17,1,1,1,1,3,0,3,1,3,3,0,3,1,13,17,1,1,1,1,3,0,3,1,3,3,0,3,1,0,0,9,0,0,0,0,0,0,0,0,0,9,0,0,0,0,0,0,0,0
267,L7293,HomeFolderTest,com.dangdang.ddframe.job.lite.console.util.HomeFolderTest,L7257,L103,C:\Users\domco\Desktop\DP\repos\shardingsphere-elasticjob\elastic-job-lite\elastic-job-lite-console\src\test\java\com\dangdang\ddframe\job\lite\console\util\HomeFolderTest.java,25,1,33,2,0.0,0,0,0,0.0,0.0,0,0,1,0,0,1,1,1,0,1,2,0.0,0.0,0,0,0,2,0.0,0,0,0,0,0,0,7,9,1,0,1,0,1,0,1,0,1,1,0,1,0,7,9,1,0,1,0,1,0,1,0,1,1,0,1,0,0,0,5,0,1,1,0,0,0,0,0,0,5,0,0,0,0,0,0,0,0
268,L7373,JobScheduler$LiteJob,com.dangdang.ddframe.job.lite.api.JobScheduler$LiteJob,L6602,L103,C:\Users\domco\Desktop\DP\repos\shardingsphere-elasticjob\elastic-job-lite\elastic-job-lite-core\src\main\java\com\dangdang\ddframe\job\lite\api\JobScheduler.java,157,5,169,6,0.0,0,0,0,0.0,0.0,0,0,1,0,0,1,4,1,0,2,3,0.5,0.333333,5,5,1,1,0.333333,5,0,0,0,0,0,10,13,2,0,2,0,1,0,1,0,1,1,0,1,0,10,13,2,0,2,0,1,0,1,0,1,1,0,1,0,0,0,3,0,0,0,0,0,0,0,0,0,3,0,0,0,0,0,0,0,0
269,L6659,AbstractDistributeOnceElasticJobListener,com.dangdang.ddframe.job.lite.api.listener.AbstractDistributeOnceElasticJobListener,L7398,L103,C:\Users\domco\Desktop\DP\repos\shardingsphere-elasticjob\elastic-job-lite\elastic-job-lite-core\src\main\java\com\dangdang\ddframe\job\lite\api\listener\AbstractDistributeOnceElasticJobListener.java,31,1,138,2,0.613636,1,8,2,0.388889,0.538462,42,42,1,1,1,16,5,12,12,8,16,0.625,0.212121,21,21,5,3,0.212121,21,1,1,5,5,1,78,108,6,0,6,0,8,0,7,0,8,37,0,7,0,78,108,6,0,6,0,8,0,7,0,8,37,0,7,0,0,0,31,0,1,0,19,0,0,0,0,1,11,0,0,0,0,0,0,1,0
270,L7468,DistributeOnceElasticJobListenerTest,com.dangdang.ddframe.job.lite.api.listener.DistributeOnceElasticJobListenerTest,L7398,L103,C:\Users\domco\Desktop\DP\repos\shardingsphere-elasticjob\elastic-job-lite\elastic-job-lite-core\src\test\java\com\dangdang\ddframe\job\lite\api\listener\DistributeOnceElasticJobListenerTest.java,41,1,121,2,0.0,0,0,0,0.0,0.0,0,0,1,0,0,7,7,1,0,6,13,0.0,0.0,0,0,0,8,0.0,0,0,0,0,0,0,69,81,5,0,5,0,7,0,7,1,7,38,0,7,1,69,81,5,0,5,0,7,0,7,1,7,38,0,7,1,0,0,17,0,0,0,0,0,0,0,0,0,17,0,0,0,0,0,0,0,0
271,L7640,JobShardingStrategyFactory,com.dangdang.ddframe.job.lite.api.strategy.JobShardingStrategyFactory,L7521,L103,C:\Users\domco\Desktop\DP\repos\shardingsphere-elasticjob\elastic-job-lite\elastic-job-lite-core\src\main\java\com\dangdang\ddframe\job\lite\api\strategy\JobShardingStrategyFactory.java,31,1,54,2,0.0,0,0,0,0.0,0.0,0,0,0,2,2,4,3,2,6,1,2,1.0,0.392857,11,11,2,0,0.392857,11,0,0,0,0,0,17,24,0,1,0,1,1,0,1,0,1,8,0,1,0,17,24,0,1,0,1,1,0,1,0,1,8,0,1,0,0,0,0,1,0,1,0,0,0,0,0,0,0,0,0,0,0,0,0,0,0
272,L7550,JobShardingStrategyOption,com.dangdang.ddframe.job.lite.api.strategy.JobShardingStrategyOption,L7521,L103,C:\Users\domco\Desktop\DP\repos\shardingsphere-elasticjob\elastic-job-lite\elastic-job-lite-core\src\main\java\com\dangdang\ddframe\job\lite\api\strategy\JobShardingStrategyOption.java,28,1,41,2,0.0,0,0,0,0.0,0.0,0,0,0,0,0,0,0,9,0,0,0,1.0,0.647059,11,11,1,0,0.647059,11,0,0,0,0,0,6,14,2,0,2,0,0,0,0,0,0,0,0,0,0,6,14,2,0,2,0,0,0,0,0,0,0,0,0,0,0,0,0,0,0,0,0,0,0,0,0,0,0,0,0,0,0,0,0,0,0
273,L7653,AllStrategyTests,com.dangdang.ddframe.job.lite.api.strategy.AllStrategyTests,L7521,L103,C:\Users\domco\Desktop\DP\repos\shardingsphere-elasticjob\elastic-job-lite\elastic-job-lite-core\src\test\java\com\dangdang\ddframe\job\lite\api\strategy\AllStrategyTests.java,27,1,35,2,0.0,0,0,0,0.0,0.0,0,0,0,0,0,0,4,1,0,0,0,0.0,0.0,0,0,0,1,0.0,0,0,0,0,0,0,9,9,0,0,0,0,0,0,0,0,0,0,0,0,0,9,9,0,0,0,0,0,0,0,0,0,0,0,0,0,0,0,3,0,0,0,0,0,0,0,0,0,3,0,0,0,0,0,0,0,0
274,L7654,JobShardingStrategyFactoryTest,com.dangdang.ddframe.job.lite.api.strategy.JobShardingStrategyFactoryTest,L7521,L103,C:\Users\domco\Desktop\DP\repos\shardingsphere-elasticjob\elastic-job-lite\elastic-job-lite-core\src\test\java\com\dangdang\ddframe\job\lite\api\strategy\JobShardingStrategyFactoryTest.java,28,1,54,2,0.0,0,0,0,0.0,0.0,0,0,5,0,0,5,4,1,0,1,6,0.0,0.0,0,0,0,6,0.0,0,0,0,0,0,0,22,27,0,0,0,0,5,0,5,0,5,5,0,5,0,22,27,0,0,0,0,5,0,5,0,5,5,0,5,0,0,0,14,0,2,2,0,0,1,0,0,0,13,0,0,0,0,0,0,0,0
275,L7749,LiteJobConfiguration$Builder,com.dangdang.ddframe.job.lite.config.LiteJobConfiguration$Builder,L6736,L103,C:\Users\domco\Desktop\DP\repos\shardingsphere-elasticjob\elastic-job-lite\elastic-job-lite-core\src\main\java\com\dangdang\ddframe\job\lite\config\LiteJobConfiguration.java,79,5,200,6,0.0,0,0,0,0.0,0.0,0,0,1,1,1,8,2,6,7,0,7,0.875,0.638889,69,69,7,1,0.638889,69,0,0,0,0,0,39,122,7,0,7,0,7,0,7,0,7,14,0,7,0,39,122,7,0,7,0,7,0,7,0,7,14,0,7,0,0,0,2,0,6,0,0,0,0,0,0,0,1,0,6,0,0,0,0,1,1.0
276,L7814,ConfigurationListenerManager,com.dangdang.ddframe.job.lite.internal.config.ConfigurationListenerManager,L7802,L103,C:\Users\domco\Desktop\DP\repos\shardingsphere-elasticjob\elastic-job-lite\elastic-job-lite-core\src\main\java\com\dangdang\ddframe\job\lite\internal\config\ConfigurationListenerManager.java,36,1,67,2,0.0,0,0,0,0.0,0.0,0,0,1,0,0,2,4,4,3,3,5,0.333333,0.315789,6,6,1,2,0.1875,6,1,1,0,0,1,13,18,3,0,2,0,2,0,2,0,5,4,0,2,0,26,32,3,0,2,0,3,0,2,0,7,10,0,3,0,0,0,11,0,0,0,0,0,0,0,0,0,11,0,0,0,0,0,0,0,0
277,L7820,ConfigurationNode,com.dangdang.ddframe.job.lite.internal.config.ConfigurationNode,L7802,L103,C:\Users\domco\Desktop\DP\repos\shardingsphere-elasticjob\elastic-job-lite\elastic-job-lite-core\src\main\java\com\dangdang\ddframe\job\lite\internal\config\ConfigurationNode.java,27,1,46,2,0.0,0,0,0,0.0,0.0,0,0,1,0,0,2,1,11,9,1,3,0.666667,0.52381,11,11,2,1,0.52381,11,0,0,0,0,0,10,20,2,0,2,0,2,0,2,0,2,2,0,2,0,10,20,2,0,2,0,2,0,2,0,2,2,0,2,0,0,0,3,0,1,0,0,1,0,0,0,0,3,0,0,0,0,0,0,0,0
278,L7868,ConfigurationService,com.dangdang.ddframe.job.lite.internal.config.ConfigurationService,L7802,L103,C:\Users\domco\Desktop\DP\repos\shardingsphere-elasticjob\elastic-job-lite\elastic-job-lite-core\src\main\java\com\dangdang\ddframe\job\lite\internal\config\ConfigurationService.java,33,1,108,2,0.0,0,0,0,0.0,0.0,0,0,1,2,2,16,7,16,87,12,18,0.8,0.306667,23,22,4,1,0.306667,23,0,0,0,0,0,52,76,1,0,1,0,6,0,4,0,6,26,0,4,0,52,76,1,0,1,0,6,0,4,0,6,26,0,4,0,0,0,7,1,0,0,0,0,0,0,0,0,7,0,0,0,0,1,0,0,0
279,L7915,LiteJobConfigurationGsonFactory,com.dangdang.ddframe.job.lite.internal.config.LiteJobConfigurationGsonFactory,L7802,L103,C:\Users\domco\Desktop\DP\repos\shardingsphere-elasticjob\elastic-job-lite\elastic-job-lite-core\src\main\java\com\dangdang\ddframe\job\lite\internal\config\LiteJobConfigurationGsonFactory.java,37,1,142,2,0.230159,5,32,5,0.207547,0.293333,22,22,3,0,0,3,2,11,20,1,4,1.0,0.605263,23,23,4,0,0.271845,28,0,0,0,0,0,15,43,0,0,0,0,3,0,3,0,3,3,0,3,0,75,106,0,4,0,1,6,0,3,0,11,38,0,5,0,0,0,27,6,0,0,17,0,2,0,0,0,8,0,6,0,0,0,0,0,0
280,L7951,ConfigurationListenerManagerTest,com.dangdang.ddframe.job.lite.internal.config.ConfigurationListenerManagerTest,L7802,L103,C:\Users\domco\Desktop\DP\repos\shardingsphere-elasticjob\elastic-job-lite\elastic-job-lite-core\src\test\java\com\dangdang\ddframe\job\lite\internal\config\ConfigurationListenerManagerTest.java,38,1,91,2,0.0,0,0,0,0.0,0.0,0,0,1,0,0,6,7,1,0,5,11,0.0,0.0,0,0,0,7,0.0,0,0,0,0,0,0,44,54,4,0,4,0,6,0,6,1,6,13,0,6,1,44,54,4,0,4,0,6,0,6,1,6,13,0,6,1,0,0,15,2,0,1,0,0,0,0,0,0,15,0,1,0,0,0,0,0,0
281,L7974,ConfigurationNodeTest,com.dangdang.ddframe.job.lite.internal.config.ConfigurationNodeTest,L7802,L103,C:\Users\domco\Desktop\DP\repos\shardingsphere-elasticjob\elastic-job-lite\elastic-job-lite-core\src\test\java\com\dangdang\ddframe\job\lite\internal\config\ConfigurationNodeTest.java,24,1,32,2,0.0,0,0,0,0.0,0.0,0,0,1,0,0,1,1,1,0,1,2,0.0,0.0,0,0,0,2,0.0,0,0,0,0,0,0,7,9,1,0,1,0,1,0,1,0,1,1,0,1,0,7,9,1,0,1,0,1,0,1,0,1,1,0,1,0,0,0,5,0,2,1,0,0,0,0,0,1,5,0,0,0,0,0,0,0,0
282,L7979,ConfigurationServiceTest,com.dangdang.ddframe.job.lite.internal.config.ConfigurationServiceTest,L7802,L103,C:\Users\domco\Desktop\DP\repos\shardingsphere-elasticjob\elastic-job-lite\elastic-job-lite-core\src\test\java\com\dangdang\ddframe\job\lite\internal\config\ConfigurationServiceTest.java,37,1,130,2,0.0,0,0,0,0.0,0.0,0,0,1,1,1,10,9,1,0,14,24,0.0,0.0,0,0,0,11,0.0,0,0,0,0,0,0,82,94,2,0,2,0,10,0,10,0,10,43,0,10,0,82,94,2,0,2,0,10,0,10,0,10,43,0,10,0,0,0,23,2,12,13,0,0,0,0,0,0,23,0,1,0,0,0,0,0,0
283,L8005,LiteJobConfigurationGsonFactoryTest,com.dangdang.ddframe.job.lite.internal.config.LiteJobConfigurationGsonFactoryTest,L7802,L103,C:\Users\domco\Desktop\DP\repos\shardingsphere-elasticjob\elastic-job-lite\elastic-job-lite-core\src\test\java\com\dangdang\ddframe\job\lite\internal\config\LiteJobConfigurationGsonFactoryTest.java,39,1,155,2,0.751434,1,3,3,0.529915,0.579439,62,62,3,0,0,6,14,1,0,8,14,0.0,0.0,0,0,0,7,0.0,0,0,0,0,0,0,107,117,4,0,4,0,6,0,6,0,6,65,0,6,0,107,117,4,0,4,0,6,0,6,0,6,65,0,6,0,0,0,43,2,65,62,26,0,1,0,1,3,15,0,2,0,0,0,0,0,0
284,L8033,ElectionListenerManager,com.dangdang.ddframe.job.lite.internal.election.ElectionListenerManager,L8024,L103,C:\Users\domco\Desktop\DP\repos\shardingsphere-elasticjob\elastic-job-lite\elastic-job-lite-core\src\main\java\com\dangdang\ddframe\job\lite\internal\election\ElectionListenerManager.java,36,1,117,2,0.0,0,0,0,0.0,0.0,0,0,1,0,0,2,7,5,3,6,8,0.333333,0.217391,5,5,1,2,0.0746269,5,1,1,0,0,1,18,26,5,0,4,0,2,0,2,0,5,6,0,2,0,62,82,7,0,6,0,11,0,2,0,15,22,0,3,0,0,0,31,0,2,0,0,2,0,0,0,0,31,0,0,0,0,0,0,0,0
285,L8044,ElectionNode,com.dangdang.ddframe.job.lite.internal.election.ElectionNode,L8024,L103,C:\Users\domco\Desktop\DP\repos\shardingsphere-elasticjob\elastic-job-lite\elastic-job-lite-core\src\main\java\com\dangdang\ddframe\job\lite\internal\election\ElectionNode.java,27,1,49,2,0.0,0,0,0,0.0,0.0,0,0,1,0,0,2,1,5,4,1,3,1.0,0.380952,8,8,1,0,0.380952,8,0,0,0,0,0,13,23,5,0,5,0,2,1,0,0,2,2,1,0,0,13,23,5,0,5,0,2,1,0,0,2,2,1,0,0,0,0,8,0,4,0,0,4,0,0,0,0,4,0,0,0,0,0,0,4,0
286,L8036,LeaderElectionService,com.dangdang.ddframe.job.lite.internal.election.LeaderElectionService,L8024,L103,C:\Users\domco\Desktop\DP\repos\shardingsphere-elasticjob\elastic-job-lite\elastic-job-lite-core\src\main\java\com\dangdang\ddframe\job\lite\internal\election\LeaderElectionService.java,34,1,114,2,0.0,0,0,0,0.0,0.0,0,0,1,1,1,8,7,12,32,9,15,0.857143,0.515625,33,33,6,1,0.445946,33,0,0,0,0,0,31,69,3,0,3,0,6,0,6,0,6,12,0,6,0,41,81,4,0,4,0,7,0,7,0,7,14,0,7,0,0,0,8,0,0,0,0,0,0,0,0,0,8,0,0,0,0,0,0,0,0
287,L8168,ElectionListenerManagerTest,com.dangdang.ddframe.job.lite.internal.election.ElectionListenerManagerTest,L8024,L103,C:\Users\domco\Desktop\DP\repos\shardingsphere-elasticjob\elastic-job-lite\elastic-job-lite-core\src\test\java\com\dangdang\ddframe\job\lite\internal\election\ElectionListenerManagerTest.java,39,1,132,2,0.0,0,0,0,0.0,0.0,0,0,1,0,0,9,6,1,0,6,15,0.0,0.0,0,0,0,10,0.0,0,0,0,0,0,0,80,94,5,0,5,0,9,0,9,1,9,35,0,9,1,80,94,5,0,5,0,9,0,9,1,9,35,0,9,1,0,0,21,2,0,0,0,0,0,0,0,0,21,0,2,0,0,0,0,0,0
288,L8193,ElectionNodeTest,com.dangdang.ddframe.job.lite.internal.election.ElectionNodeTest,L8024,L103,C:\Users\domco\Desktop\DP\repos\shardingsphere-elasticjob\elastic-job-lite\elastic-job-lite-core\src\test\java\com\dangdang\ddframe\job\lite\internal\election\ElectionNodeTest.java,25,1,38,2,0.0,0,0,0,0.0,0.0,0,0,1,0,0,2,1,1,0,1,3,0.0,0.0,0,0,0,3,0.0,0,0,0,0,0,0,11,14,1,0,1,0,2,0,2,0,2,2,0,2,0,11,14,1,0,1,0,2,0,2,0,2,2,0,2,0,0,0,7,0,3,2,0,0,0,0,0,1,7,0,0,0,0,0,0,0,0
289,L8199,LeaderElectionServiceTest,com.dangdang.ddframe.job.lite.internal.election.LeaderElectionServiceTest,L8024,L103,C:\Users\domco\Desktop\DP\repos\shardingsphere-elasticjob\elastic-job-lite\elastic-job-lite-core\src\test\java\com\dangdang\ddframe\job\lite\internal\election\LeaderElectionServiceTest.java,40,1,136,2,0.0,0,0,0,0.0,0.0,0,0,1,0,0,11,5,1,0,11,22,0.0,0.0,0,0,0,12,0.0,0,0,0,0,0,0,82,97,4,0,4,0,11,0,11,1,11,40,0,11,1,82,97,4,0,4,0,11,0,11,1,11,40,0,11,1,0,0,25,2,3,3,0,0,0,0,0,0,25,0,2,0,0,0,0,0,0
290,L8232,ExecutionContextService,com.dangdang.ddframe.job.lite.internal.execution.ExecutionContextService,L8221,L103,C:\Users\domco\Desktop\DP\repos\shardingsphere-elasticjob\elastic-job-lite\elastic-job-lite-core\src\main\java\com\dangdang\ddframe\job\lite\internal\execution\ExecutionContextService.java,41,1,101,2,0.0,0,0,0,0.0,0.0,0,0,1,2,2,11,8,3,8,8,14,0.666667,0.192982,11,11,2,1,0.192982,11,0,0,0,0,0,46,61,3,2,3,2,6,0,2,0,6,22,0,2,0,46,61,3,2,3,2,6,0,2,0,6,22,0,2,0,0,0,13,0,0,0,0,0,0,0,0,0,13,0,0,0,0,0,0,0,0
291,L8267,ExecutionListenerManager,com.dangdang.ddframe.job.lite.internal.execution.ExecutionListenerManager,L8221,L103,C:\Users\domco\Desktop\DP\repos\shardingsphere-elasticjob\elastic-job-lite\elastic-job-lite-core\src\main\java\com\dangdang\ddframe\job\lite\internal\execution\ExecutionListenerManager.java,34,1,61,2,0.0,0,0,0,0.0,0.0,0,0,1,0,0,2,5,4,3,4,6,0.333333,0.277778,5,5,1,2,0.185185,5,1,1,0,0,1,13,18,3,0,2,0,2,0,2,0,5,4,0,2,0,22,28,3,0,2,0,3,0,2,0,7,6,0,3,0,0,0,11,0,0,0,0,0,0,0,0,0,11,0,0,0,0,0,0,0,0
292,L8293,ExecutionNode,com.dangdang.ddframe.job.lite.internal.execution.ExecutionNode,L8221,L103,C:\Users\domco\Desktop\DP\repos\shardingsphere-elasticjob\elastic-job-lite\elastic-job-lite-core\src\main\java\com\dangdang\ddframe\job\lite\internal\execution\ExecutionNode.java,28,1,107,2,0.0,0,0,0,0.0,0.0,0,0,1,1,1,11,1,7,20,1,10,0.75,0.3125,20,20,3,1,0.3125,20,0,0,0,0,0,44,80,12,7,12,7,9,1,3,0,9,11,1,3,0,44,80,12,7,12,7,9,1,3,0,9,11,1,3,0,0,0,22,0,15,0,0,15,0,0,0,0,15,0,0,0,0,0,0,7,0
293,L8270,ExecutionService,com.dangdang.ddframe.job.lite.internal.execution.ExecutionService,L8221,L103,C:\Users\domco\Desktop\DP\repos\shardingsphere-elasticjob\elastic-job-lite\elastic-job-lite-core\src\main\java\com\dangdang\ddframe\job\lite\internal\execution\ExecutionService.java,44,1,273,2,0.0,0,0,0,0.0,0.0,0,0,1,3,3,42,11,20,59,23,39,0.933333,0.352381,74,74,14,1,0.345794,74,0,0,0,0,0,136,225,5,2,5,2,16,0,14,2,16,76,0,14,2,140,230,5,2,5,2,17,0,15,2,17,77,0,15,2,0,0,17,0,0,0,0,0,0,0,1,0,16,0,0,0,0,0,0,0,1.0
294,L8416,ExecutionContextServiceTest,com.dangdang.ddframe.job.lite.internal.execution.ExecutionContextServiceTest,L8221,L103,C:\Users\domco\Desktop\DP\repos\shardingsphere-elasticjob\elastic-job-lite\elastic-job-lite-core\src\test\java\com\dangdang\ddframe\job\lite\internal\execution\ExecutionContextServiceTest.java,46,1,114,2,0.0,0,0,0,0.0,0.0,0,0,1,1,1,6,10,1,0,9,14,0.0,0.0,0,0,0,5,0.0,0,0,0,0,0,0,60,69,4,0,4,0,5,0,4,1,5,35,0,4,1,60,69,4,0,4,0,5,0,4,1,5,35,0,4,1,0,0,13,1,8,8,0,0,0,0,0,0,13,0,1,0,0,0,0,0,0
295,L8437,ExecutionListenerManagerTest,com.dangdang.ddframe.job.lite.internal.execution.ExecutionListenerManagerTest,L8221,L103,C:\Users\domco\Desktop\DP\repos\shardingsphere-elasticjob\elastic-job-lite\elastic-job-lite-core\src\test\java\com\dangdang\ddframe\job\lite\internal\execution\ExecutionListenerManagerTest.java,35,1,85,2,0.0,0,0,0,0.0,0.0,0,0,1,0,0,6,5,1,0,4,10,0.0,0.0,0,0,0,7,0.0,0,0,0,0,0,0,42,51,3,0,3,0,6,0,6,1,6,13,0,6,1,42,51,3,0,3,0,6,0,6,1,6,13,0,6,1,0,0,15,1,0,0,0,0,0,0,0,0,15,0,1,0,0,0,0,0,0
296,L8457,ExecutionNodeTest,com.dangdang.ddframe.job.lite.internal.execution.ExecutionNodeTest,L8221,L103,C:\Users\domco\Desktop\DP\repos\shardingsphere-elasticjob\elastic-job-lite\elastic-job-lite-core\src\test\java\com\dangdang\ddframe\job\lite\internal\execution\ExecutionNodeTest.java,26,1,69,2,0.0,0,0,0,0.0,0.0,0,0,7,0,0,8,1,1,0,7,15,0.0,0.0,0,0,0,9,0.0,0,0,0,0,0,0,35,44,1,0,1,0,8,0,8,0,8,8,0,8,0,35,44,1,0,1,0,8,0,8,0,8,8,0,8,0,0,0,20,0,9,8,0,0,1,0,0,1,19,0,0,0,0,0,0,0,0
297,L8472,ExecutionServiceTest,com.dangdang.ddframe.job.lite.internal.execution.ExecutionServiceTest,L8221,L103,C:\Users\domco\Desktop\DP\repos\shardingsphere-elasticjob\elastic-job-lite\elastic-job-lite-core\src\test\java\com\dangdang\ddframe\job\lite\internal\execution\ExecutionServiceTest.java,55,1,462,2,0.338867,4,9,9,0.272059,0.3,111,111,1,0,0,31,15,1,0,25,56,0.0,0.0,0,0,0,31,0.0,0,0,0,0,0,0,370,408,7,1,7,1,31,0,30,1,31,244,0,30,1,370,408,7,1,7,1,31,0,30,1,31,244,0,30,1,0,0,121,14,11,11,51,0,0,0,1,0,65,0,14,0,0,0,0,4,0
298,L7320,JobExecutor,com.dangdang.ddframe.job.lite.internal.executor.JobExecutor,L8530,L103,C:\Users\domco\Desktop\DP\repos\shardingsphere-elasticjob\elastic-job-lite\elastic-job-lite-core\src\main\java\com\dangdang\ddframe\job\lite\internal\executor\JobExecutor.java,37,1,73,2,0.0,0,0,0,0.0,0.0,0,0,1,2,2,5,6,3,4,6,9,0.666667,0.222222,8,8,2,1,0.222222,8,0,0,0,0,0,28,37,3,0,3,0,3,0,2,1,3,13,0,2,1,28,37,3,0,3,0,3,0,2,1,3,13,0,2,1,0,0,7,0,0,0,0,0,0,0,0,0,7,0,0,0,0,0,0,0,1.0
299,L8561,JobExecutorTest,com.dangdang.ddframe.job.lite.internal.executor.JobExecutorTest,L8530,L103,C:\Users\domco\Desktop\DP\repos\shardingsphere-elasticjob\elastic-job-lite\elastic-job-lite-core\src\test\java\com\dangdang\ddframe\job\lite\internal\executor\JobExecutorTest.java,39,1,76,2,0.0,0,0,0,0.0,0.0,0,0,1,0,0,3,9,1,0,4,7,0.0,0.0,0,0,0,4,0.0,0,0,0,0,0,0,30,38,5,0,5,0,3,0,3,0,3,11,0,3,0,30,38,5,0,5,0,3,0,3,0,3,11,0,3,0,0,0,9,0,4,3,0,0,0,0,0,1,9,0,0,0,0,0,0,0,1.0
300,L8587,FailoverListenerManager,com.dangdang.ddframe.job.lite.internal.failover.FailoverListenerManager,L8578,L103,C:\Users\domco\Desktop\DP\repos\shardingsphere-elasticjob\elastic-job-lite\elastic-job-lite-core\src\main\java\com\dangdang\ddframe\job\lite\internal\failover\FailoverListenerManager.java,38,1,112,2,0.0,0,0,0,0.0,0.0,0,0,2,1,1,9,13,6,5,16,20,0.333333,0.119048,5,5,1,2,0.0793651,5,1,1,0,0,1,37,51,8,0,7,0,4,0,2,0,7,17,0,2,0,58,75,8,0,7,0,7,0,2,0,13,21,0,5,0,0,0,29,0,0,0,0,0,1,0,1,0,26,0,0,0,0,0,0,1,0
301,L8602,FailoverNode,com.dangdang.ddframe.job.lite.internal.failover.FailoverNode,L8578,L103,C:\Users\domco\Desktop\DP\repos\shardingsphere-elasticjob\elastic-job-lite\elastic-job-lite-core\src\main\java\com\dangdang\ddframe\job\lite\internal\failover\FailoverNode.java,29,1,73,2,0.0,0,0,0,0.0,0.0,0,0,1,1,1,7,2,5,13,1,6,0.666667,0.289474,11,11,2,1,0.289474,11,0,0,0,0,0,27,45,7,3,7,3,5,0,2,0,5,7,0,2,0,27,45,7,3,7,3,5,0,2,0,5,7,0,2,0,0,0,10,0,7,0,0,7,0,0,0,0,9,0,0,0,0,0,0,1,0
302,L8596,FailoverService,com.dangdang.ddframe.job.lite.internal.failover.FailoverService,L8578,L103,C:\Users\domco\Desktop\DP\repos\shardingsphere-elasticjob\elastic-job-lite\elastic-job-lite-core\src\main\java\com\dangdang\ddframe\job\lite\internal\failover\FailoverService.java,40,1,159,2,0.0,0,0,0,0.0,0.0,0,0,1,2,2,20,8,7,20,14,23,0.875,0.326316,31,31,7,1,0.293578,32,0,0,0,0,0,64,105,5,2,5,2,9,0,7,1,9,30,0,7,1,77,120,5,2,5,2,10,0,8,1,10,37,0,8,1,0,0,12,0,0,0,0,0,0,0,0,0,12,0,0,0,0,0,0,0,0
303,L8735,FailoverListenerManagerTest,com.dangdang.ddframe.job.lite.internal.failover.FailoverListenerManagerTest,L8578,L103,C:\Users\domco\Desktop\DP\repos\shardingsphere-elasticjob\elastic-job-lite\elastic-job-lite-core\src\test\java\com\dangdang\ddframe\job\lite\internal\failover\FailoverListenerManagerTest.java,45,1,245,2,0.615597,4,10,10,0.427861,0.485876,86,86,1,0,0,18,16,1,0,14,32,0.0,0.0,0,0,0,19,0.0,0,0,0,0,0,0,177,201,6,0,6,0,18,0,18,1,18,88,0,18,1,177,201,6,0,6,0,18,0,18,1,18,88,0,18,1,0,0,87,6,0,0,45,0,0,0,1,0,39,0,6,0,0,0,0,2,0
304,L8773,FailoverNodeTest,com.dangdang.ddframe.job.lite.internal.failover.FailoverNodeTest,L8578,L103,C:\Users\domco\Desktop\DP\repos\shardingsphere-elasticjob\elastic-job-lite\elastic-job-lite-core\src\test\java\com\dangdang\ddframe\job\lite\internal\failover\FailoverNodeTest.java,26,1,49,2,0.0,0,0,0,0.0,0.0,0,0,3,0,0,4,1,1,0,3,7,0.0,0.0,0,0,0,5,0.0,0,0,0,0,0,0,19,24,1,0,1,0,4,0,4,0,4,4,0,4,0,19,24,1,0,1,0,4,0,4,0,4,4,0,4,0,0,0,12,0,5,4,0,0,1,0,0,1,11,0,0,0,0,0,0,0,0
305,L8781,FailoverServiceTest,com.dangdang.ddframe.job.lite.internal.failover.FailoverServiceTest,L8578,L103,C:\Users\domco\Desktop\DP\repos\shardingsphere-elasticjob\elastic-job-lite\elastic-job-lite-core\src\test\java\com\dangdang\ddframe\job\lite\internal\failover\FailoverServiceTest.java,44,1,202,2,0.0,0,0,0,0.0,0.0,0,0,1,0,0,13,8,1,0,16,29,0.0,0.0,0,0,0,14,0.0,0,0,0,0,0,0,140,159,6,0,6,0,13,0,13,1,13,88,0,13,1,140,159,6,0,6,0,13,0,13,1,13,88,0,13,1,0,0,30,6,2,2,0,0,0,0,0,0,29,0,6,0,0,0,0,1,0
306,L8821,GuaranteeListenerManager,com.dangdang.ddframe.job.lite.internal.guarantee.GuaranteeListenerManager,L8812,L103,C:\Users\domco\Desktop\DP\repos\shardingsphere-elasticjob\elastic-job-lite\elastic-job-lite-core\src\main\java\com\dangdang\ddframe\job\lite\internal\guarantee\GuaranteeListenerManager.java,36,1,81,2,0.630769,1,8,2,0.434783,0.526316,20,20,1,0,0,2,6,5,4,3,5,0.333333,0.263158,5,5,1,2,0.116279,5,1,1,0,0,1,14,20,3,0,2,0,2,0,2,0,5,5,0,2,0,38,46,3,0,2,0,4,0,2,0,9,13,0,4,0,0,0,43,0,0,0,27,0,0,0,0,0,16,0,0,0,0,0,0,0,0
307,L8824,GuaranteeNode,com.dangdang.ddframe.job.lite.internal.guarantee.GuaranteeNode,L8812,L103,C:\Users\domco\Desktop\DP\repos\shardingsphere-elasticjob\elastic-job-lite\elastic-job-lite-core\src\main\java\com\dangdang\ddframe\job\lite\internal\guarantee\GuaranteeNode.java,28,1,57,2,0.0,0,0,0,0.0,0.0,0,0,1,0,0,5,1,5,11,1,6,1.0,0.192308,5,5,1,0,0.192308,5,0,0,0,0,0,21,30,4,2,4,2,5,0,0,0,5,5,0,0,0,21,30,4,2,4,2,5,0,0,0,5,5,0,0,0,0,0,12,0,7,0,0,7,0,0,0,0,12,0,0,0,0,0,0,0,0
308,L7410,GuaranteeService,com.dangdang.ddframe.job.lite.internal.guarantee.GuaranteeService,L8812,L103,C:\Users\domco\Desktop\DP\repos\shardingsphere-elasticjob\elastic-job-lite\elastic-job-lite-core\src\main\java\com\dangdang\ddframe\job\lite\internal\guarantee\GuaranteeService.java,31,1,97,2,0.0,0,0,0,0.0,0.0,0,0,1,1,1,11,4,4,19,9,16,0.875,0.492063,31,31,7,1,0.492063,31,0,0,0,0,0,32,67,2,0,2,0,7,0,7,0,7,10,0,7,0,32,67,2,0,2,0,7,0,7,0,7,10,0,7,0,0,0,3,0,0,0,0,0,0,0,0,0,3,0,0,0,0,0,0,0,0
309,L8894,GuaranteeListenerManagerTest,com.dangdang.ddframe.job.lite.internal.guarantee.GuaranteeListenerManagerTest,L8812,L103,C:\Users\domco\Desktop\DP\repos\shardingsphere-elasticjob\elastic-job-lite\elastic-job-lite-core\src\test\java\com\dangdang\ddframe\job\lite\internal\guarantee\GuaranteeListenerManagerTest.java,38,1,105,2,0.0,0,0,0,0.0,0.0,0,0,1,0,0,8,7,0,0,4,12,0.0,0.0,0,0,0,9,0.0,0,0,0,0,0,0,56,68,4,0,4,0,8,0,8,1,8,17,0,8,1,56,68,4,0,4,0,8,0,8,1,8,17,0,8,1,0,0,19,2,0,0,0,0,0,0,0,0,19,0,2,0,0,0,0,0,0
310,L8918,GuaranteeNodeTest,com.dangdang.ddframe.job.lite.internal.guarantee.GuaranteeNodeTest,L8812,L103,C:\Users\domco\Desktop\DP\repos\shardingsphere-elasticjob\elastic-job-lite\elastic-job-lite-core\src\test\java\com\dangdang\ddframe\job\lite\internal\guarantee\GuaranteeNodeTest.java,27,1,60,2,0.0,0,0,0,0.0,0.0,0,0,3,0,0,6,1,1,0,4,10,0.0,0.0,0,0,0,7,0.0,0,0,0,0,0,0,27,34,1,0,1,0,6,0,6,0,6,6,0,6,0,27,34,1,0,1,0,6,0,6,0,6,6,0,6,0,0,0,16,0,7,6,0,0,1,0,0,1,15,0,0,0,0,0,0,0,0
311,L8928,GuaranteeServiceTest,com.dangdang.ddframe.job.lite.internal.guarantee.GuaranteeServiceTest,L8812,L103,C:\Users\domco\Desktop\DP\repos\shardingsphere-elasticjob\elastic-job-lite\elastic-job-lite-core\src\test\java\com\dangdang\ddframe\job\lite\internal\guarantee\GuaranteeServiceTest.java,41,1,131,2,0.0,0,0,0,0.0,0.0,0,0,1,0,0,11,10,1,0,12,23,0.0,0.0,0,0,0,12,0.0,0,0,0,0,0,0,77,91,3,0,3,0,11,0,11,1,11,33,0,11,1,77,91,3,0,3,0,11,0,11,1,11,33,0,11,1,0,0,25,4,6,6,0,0,0,0,0,0,25,0,4,0,0,0,0,0,0
312,L7841,AbstractJobListener,com.dangdang.ddframe.job.lite.internal.listener.AbstractJobListener,L8947,L103,C:\Users\domco\Desktop\DP\repos\shardingsphere-elasticjob\elastic-job-lite\elastic-job-lite-core\src\main\java\com\dangdang\ddframe\job\lite\internal\listener\AbstractJobListener.java,29,1,41,2,0.0,0,0,0,0.0,0.0,0,0,1,1,1,4,0,18,2,0,2,0.5,0.3125,5,5,1,1,0.3125,5,0,0,14,14,0,11,13,0,0,0,0,2,0,1,0,2,4,0,1,0,11,13,0,0,0,0,2,0,1,0,2,4,0,1,0,0,0,6,0,0,0,0,0,0,0,0,0,5,0,0,1,0,0,0,0,0
313,L7816,AbstractListenerManager,com.dangdang.ddframe.job.lite.internal.listener.AbstractListenerManager,L8947,L103,C:\Users\domco\Desktop\DP\repos\shardingsphere-elasticjob\elastic-job-lite\elastic-job-lite-core\src\main\java\com\dangdang\ddframe\job\lite\internal\listener\AbstractListenerManager.java,30,1,50,2,0.0,0,0,0,0.0,0.0,0,0,1,0,0,4,2,7,14,3,7,1.0,0.380952,8,8,2,0,0.380952,8,0,0,7,7,0,13,21,1,0,1,0,4,0,1,0,4,3,0,1,0,13,21,1,0,1,0,4,0,1,0,4,3,0,1,0,0,0,6,0,0,0,0,0,0,0,0,0,6,0,0,0,0,0,0,0,0
314,L8980,ListenerManager,com.dangdang.ddframe.job.lite.internal.listener.ListenerManager,L8947,L103,C:\Users\domco\Desktop\DP\repos\shardingsphere-elasticjob\elastic-job-lite\elastic-job-lite-core\src\main\java\com\dangdang\ddframe\job\lite\internal\listener\ListenerManager.java,37,1,84,2,0.0,0,0,0,0.0,0.0,0,0,1,0,0,3,9,3,4,14,17,0.75,0.302326,13,13,3,1,0.302326,13,0,0,0,0,0,30,48,7,0,7,0,3,0,3,1,3,15,0,3,1,30,48,7,0,7,0,3,0,3,1,3,15,0,3,1,0,0,4,0,0,0,0,0,0,0,0,0,3,0,0,0,0,0,0,1,0
315,L9032,JobListenerTest,com.dangdang.ddframe.job.lite.internal.listener.JobListenerTest,L8947,L103,C:\Users\domco\Desktop\DP\repos\shardingsphere-elasticjob\elastic-job-lite\elastic-job-lite-core\src\test\java\com\dangdang\ddframe\job\lite\internal\listener\JobListenerTest.java,33,1,57,2,0.0,0,0,0,0.0,0.0,0,0,1,0,0,2,2,1,0,1,3,0.0,0.0,0,0,0,3,0.0,0,0,0,0,0,0,20,25,3,0,3,0,2,0,2,0,2,6,0,2,0,20,25,3,0,3,0,2,0,2,0,2,6,0,2,0,0,0,7,2,1,0,0,0,0,0,0,3,7,0,0,0,0,0,0,0,0
316,L9045,ListenerManagerTest,com.dangdang.ddframe.job.lite.internal.listener.ListenerManagerTest,L8947,L103,C:\Users\domco\Desktop\DP\repos\shardingsphere-elasticjob\elastic-job-lite\elastic-job-lite-core\src\test\java\com\dangdang\ddframe\job\lite\internal\listener\ListenerManagerTest.java,38,1,92,2,0.0,0,0,0,0.0,0.0,0,0,1,0,0,3,8,1,0,2,5,0.0,0.0,0,0,0,4,0.0,0,0,0,0,0,0,44,55,8,0,8,0,3,0,3,1,3,18,0,3,1,44,55,8,0,8,0,3,0,3,1,3,18,0,3,1,0,0,10,0,0,0,0,0,0,0,0,0,9,0,0,0,0,0,0,1,0
317,L9077,MonitorService,com.dangdang.ddframe.job.lite.internal.monitor.MonitorService,L9070,L103,C:\Users\domco\Desktop\DP\repos\shardingsphere-elasticjob\elastic-job-lite\elastic-job-lite-core\src\main\java\com\dangdang\ddframe\job\lite\internal\monitor\MonitorService.java,43,1,149,2,0.0,0,0,0,0.0,0.0,0,0,1,2,2,20,4,5,4,6,13,0.75,0.125,11,11,3,1,0.112245,11,0,0,0,0,0,77,96,6,0,6,0,7,1,3,0,7,38,1,3,0,87,107,6,0,6,0,8,1,4,0,8,42,1,4,0,0,0,27,0,0,0,0,0,0,0,0,0,22,0,0,0,0,0,0,5,0
318,L9158,MonitorServiceDisableTest,com.dangdang.ddframe.job.lite.internal.monitor.MonitorServiceDisableTest,L9070,L103,C:\Users\domco\Desktop\DP\repos\shardingsphere-elasticjob\elastic-job-lite\elastic-job-lite-core\src\test\java\com\dangdang\ddframe\job\lite\internal\monitor\MonitorServiceDisableTest.java,25,1,35,2,0.0,0,0,0,0.0,0.0,0,0,1,0,0,2,4,1,0,2,4,0.0,0.0,0,0,0,3,0.0,0,1,1,0,0,1,9,11,9,0,0,0,2,0,2,0,13,2,0,5,1,9,11,9,0,0,0,2,0,2,0,13,2,0,5,1,0,0,7,0,0,0,0,0,0,0,0,0,7,0,0,0,0,0,0,0,0
319,L9168,MonitorServiceEnableTest,com.dangdang.ddframe.job.lite.internal.monitor.MonitorServiceEnableTest,L9070,L103,C:\Users\domco\Desktop\DP\repos\shardingsphere-elasticjob\elastic-job-lite\elastic-job-lite-core\src\test\java\com\dangdang\ddframe\job\lite\internal\monitor\MonitorServiceEnableTest.java,28,1,42,2,0.0,0,0,0,0.0,0.0,0,0,1,0,0,2,4,1,0,3,5,0.0,0.0,0,0,0,3,0.0,0,1,1,0,0,1,12,15,10,0,1,0,2,0,2,0,13,4,0,5,1,12,15,10,0,1,0,2,0,2,0,13,4,0,5,1,0,0,7,0,3,3,0,0,0,0,0,0,7,0,0,0,0,0,0,0,0
320,L9175,SocketUtils,com.dangdang.ddframe.job.lite.internal.monitor.SocketUtils,L9070,L103,C:\Users\domco\Desktop\DP\repos\shardingsphere-elasticjob\elastic-job-lite\elastic-job-lite-core\src\test\java\com\dangdang\ddframe\job\lite\internal\monitor\SocketUtils.java,30,1,45,2,0.0,0,0,0,0.0,0.0,0,0,1,1,1,1,0,2,2,0,1,0.0,0.0,0,0,0,2,0.0,0,0,0,0,0,0,15,16,0,0,0,0,1,0,1,0,1,5,0,1,0,15,16,0,0,0,0,1,0,1,0,1,5,0,1,0,0,0,5,1,0,1,0,0,0,0,0,0,5,0,0,0,0,0,0,0,0
321,L7325,JobRegistry,com.dangdang.ddframe.job.lite.internal.schedule.JobRegistry,L9185,L103,C:\Users\domco\Desktop\DP\repos\shardingsphere-elasticjob\elastic-job-lite\elastic-job-lite-core\src\main\java\com\dangdang\ddframe\job\lite\internal\schedule\JobRegistry.java,32,1,74,2,0.0,0,0,0,0.0,0.0,0,0,1,2,2,5,1,16,29,0,3,1.0,0.522727,23,23,4,0,0.522727,23,0,0,0,0,0,21,43,2,2,2,2,3,0,3,0,3,7,0,3,0,21,43,2,2,2,2,3,0,3,0,3,7,0,3,0,0,1,0,0,0,0,0,0,0,0,0,0,0,0,0,0,1,0,0,0,1.0
322,L7361,JobScheduleController,com.dangdang.ddframe.job.lite.internal.schedule.JobScheduleController,L9185,L103,C:\Users\domco\Desktop\DP\repos\shardingsphere-elasticjob\elastic-job-lite\elastic-job-lite-core\src\main\java\com\dangdang\ddframe\job\lite\internal\schedule\JobScheduleController.java,39,1,173,2,0.0,0,0,0,0.0,0.0,0,0,1,3,2,28,2,18,25,3,11,1.0,0.25,32,32,8,0,0.25,32,0,0,0,0,0,96,135,4,1,4,1,8,0,7,0,8,46,0,7,0,96,135,4,1,4,1,8,0,7,0,8,46,0,7,0,0,0,6,0,0,0,0,0,0,0,0,0,6,0,0,0,0,0,0,0,1.0
323,L7718,JobTriggerListener,com.dangdang.ddframe.job.lite.internal.schedule.JobTriggerListener,L9185,L103,C:\Users\domco\Desktop\DP\repos\shardingsphere-elasticjob\elastic-job-lite\elastic-job-lite-core\src\main\java\com\dangdang\ddframe\job\lite\internal\schedule\JobTriggerListener.java,33,1,49,2,0.0,0,0,0,0.0,0.0,0,0,1,0,0,2,2,4,2,2,4,0.333333,0.277778,5,5,1,2,0.277778,5,0,0,0,0,0,13,17,2,1,2,1,2,0,2,0,2,2,0,2,0,13,17,2,1,2,1,2,0,2,0,2,2,0,2,0,0,0,5,0,0,0,0,0,0,0,0,0,5,0,0,0,0,0,0,0,0
324,L7350,LiteJobFacade,com.dangdang.ddframe.job.lite.internal.schedule.LiteJobFacade,L9185,L103,C:\Users\domco\Desktop\DP\repos\shardingsphere-elasticjob\elastic-job-lite\elastic-job-lite-core\src\main\java\com\dangdang\ddframe\job\lite\internal\schedule\LiteJobFacade.java,50,1,188,2,0.0,0,0,0,0.0,0.0,0,0,1,2,2,32,19,2,24,28,45,0.0555556,0.0420168,5,5,1,17,0.0420168,5,1,1,0,0,1,114,139,8,1,8,1,17,0,17,0,17,44,0,17,0,114,139,8,1,8,1,17,0,17,0,17,44,0,17,0,0,0,40,0,0,0,0,0,0,0,1,0,37,0,0,0,0,0,0,2,0
325,L7695,SchedulerFacade,com.dangdang.ddframe.job.lite.internal.schedule.SchedulerFacade,L9185,L103,C:\Users\domco\Desktop\DP\repos\shardingsphere-elasticjob\elastic-job-lite\elastic-job-lite-core\src\main\java\com\dangdang\ddframe\job\lite\internal\schedule\SchedulerFacade.java,38,1,112,2,0.0,0,0,0,0.0,0.0,0,0,1,0,0,6,11,6,14,19,25,0.857143,0.38806,26,26,6,1,0.38806,26,0,0,0,0,0,41,75,7,0,7,0,6,0,6,0,6,20,0,6,0,41,75,7,0,7,0,6,0,6,0,6,20,0,6,0,0,0,5,0,0,0,0,0,0,0,1,0,3,0,0,0,0,0,0,1,1.0
326,L9351,JobRegistryTest,com.dangdang.ddframe.job.lite.internal.schedule.JobRegistryTest,L9185,L103,C:\Users\domco\Desktop\DP\repos\shardingsphere-elasticjob\elastic-job-lite\elastic-job-lite-core\src\test\java\com\dangdang\ddframe\job\lite\internal\schedule\JobRegistryTest.java,26,1,34,2,0.0,0,0,0,0.0,0.0,0,0,1,0,0,1,2,1,0,3,4,0.0,0.0,0,0,0,2,0.0,0,0,0,0,0,0,8,9,0,0,0,0,1,0,1,0,1,3,0,1,0,8,9,0,0,0,0,1,0,1,0,1,3,0,1,0,0,0,5,0,1,1,0,0,0,0,0,0,5,0,0,0,0,0,0,0,1.0
327,L9354,JobScheduleControllerTest,com.dangdang.ddframe.job.lite.internal.schedule.JobScheduleControllerTest,L9185,L103,C:\Users\domco\Desktop\DP\repos\shardingsphere-elasticjob\elastic-job-lite\elastic-job-lite-core\src\test\java\com\dangdang\ddframe\job\lite\internal\schedule\JobScheduleControllerTest.java,53,1,214,2,0.0,0,0,0,0.0,0.0,0,0,1,1,1,13,8,1,0,8,21,0.0,0.0,0,0,0,14,0.0,0,0,0,0,0,0,145,162,4,0,4,0,13,0,13,0,13,86,0,13,0,145,162,4,0,4,0,13,0,13,0,13,86,0,13,0,0,0,29,5,2,2,0,0,0,0,0,0,29,0,5,0,0,0,0,0,1.0
328,L9377,JobTriggerListenerTest,com.dangdang.ddframe.job.lite.internal.schedule.JobTriggerListenerTest,L9185,L103,C:\Users\domco\Desktop\DP\repos\shardingsphere-elasticjob\elastic-job-lite\elastic-job-lite-core\src\test\java\com\dangdang\ddframe\job\lite\internal\schedule\JobTriggerListenerTest.java,34,1,62,2,0.0,0,0,0,0.0,0.0,0,0,1,0,0,3,3,1,0,3,6,0.0,0.0,0,0,0,4,0.0,0,0,0,0,0,0,23,29,3,0,3,0,3,0,3,1,3,7,0,3,1,23,29,3,0,3,0,3,0,3,1,3,7,0,3,1,0,0,9,0,1,1,0,0,0,0,0,0,9,0,0,0,0,0,0,0,0
329,L9390,LiteJobFacadeTest,com.dangdang.ddframe.job.lite.internal.schedule.LiteJobFacadeTest,L9185,L103,C:\Users\domco\Desktop\DP\repos\shardingsphere-elasticjob\elastic-job-lite\elastic-job-lite-core\src\test\java\com\dangdang\ddframe\job\lite\internal\schedule\LiteJobFacadeTest.java,54,1,274,2,0.0,0,0,0,0.0,0.0,0,0,1,0,0,23,21,1,0,28,51,0.0,0.0,0,0,0,24,0.0,0,0,0,0,0,0,189,221,9,0,9,0,23,0,23,1,23,89,0,23,1,189,221,9,0,9,0,23,0,23,1,23,89,0,23,1,0,0,54,3,10,10,0,0,0,0,1,0,49,0,3,0,0,0,0,4,0
330,L9446,SchedulerFacadeTest,com.dangdang.ddframe.job.lite.internal.schedule.SchedulerFacadeTest,L9185,L103,C:\Users\domco\Desktop\DP\repos\shardingsphere-elasticjob\elastic-job-lite\elastic-job-lite-core\src\test\java\com\dangdang\ddframe\job\lite\internal\schedule\SchedulerFacadeTest.java,47,1,129,2,0.0,0,0,0,0.0,0.0,0,0,1,0,0,6,17,1,0,12,18,0.0,0.0,0,0,0,7,0.0,0,0,0,0,0,0,68,83,9,0,9,0,6,0,6,1,6,30,0,6,1,68,83,9,0,9,0,6,0,6,1,6,30,0,6,1,0,0,18,0,2,2,0,0,0,0,1,0,15,0,0,0,0,0,0,2,1.0
331,L8990,JobOperationListenerManager,com.dangdang.ddframe.job.lite.internal.server.JobOperationListenerManager,L9474,L103,C:\Users\domco\Desktop\DP\repos\shardingsphere-elasticjob\elastic-job-lite\elastic-job-lite-core\src\main\java\com\dangdang\ddframe\job\lite\internal\server\JobOperationListenerManager.java,38,1,137,2,0.0,0,0,0,0.0,0.0,0,0,1,0,0,2,10,7,3,7,9,0.333333,0.185185,5,5,1,2,0.0555556,5,1,1,0,0,1,22,33,6,0,5,0,2,0,2,0,5,10,0,2,0,85,100,6,0,5,0,6,0,3,0,12,42,0,6,0,0,0,27,0,0,0,0,0,0,0,0,0,27,0,0,0,0,0,0,0,0
332,L8048,ServerNode,com.dangdang.ddframe.job.lite.internal.server.ServerNode,L9474,L103,C:\Users\domco\Desktop\DP\repos\shardingsphere-elasticjob\elastic-job-lite\elastic-job-lite-core\src\main\java\com\dangdang\ddframe\job\lite\internal\server\ServerNode.java,28,1,156,2,0.0,0,0,0,0.0,0.0,0,0,1,0,0,17,2,12,41,2,16,0.888889,0.46729,50,50,8,1,0.46729,50,0,0,0,0,0,57,129,13,6,13,6,14,1,8,0,14,14,1,8,0,57,129,13,6,13,6,14,1,8,0,14,14,1,8,0,0,0,22,1,16,0,0,16,0,0,0,0,15,0,1,0,0,0,0,7,0
333,L8040,ServerService,com.dangdang.ddframe.job.lite.internal.server.ServerService,L9474,L103,C:\Users\domco\Desktop\DP\repos\shardingsphere-elasticjob\elastic-job-lite\elastic-job-lite-core\src\main\java\com\dangdang\ddframe\job\lite\internal\server\ServerService.java,34,1,191,2,0.178649,1,6,2,0.126582,0.253165,20,20,1,2,2,27,5,23,66,16,32,0.9375,0.458904,67,67,15,1,0.458904,67,0,0,0,0,0,79,158,2,3,2,3,16,0,15,0,16,35,0,15,0,79,158,2,3,2,3,16,0,15,0,16,35,0,15,0,0,0,21,0,0,0,16,0,0,0,0,0,5,0,0,0,0,0,0,0,0
334,L9653,JobOperationListenerManagerTest,com.dangdang.ddframe.job.lite.internal.server.JobOperationListenerManagerTest,L9474,L103,C:\Users\domco\Desktop\DP\repos\shardingsphere-elasticjob\elastic-job-lite\elastic-job-lite-core\src\test\java\com\dangdang\ddframe\job\lite\internal\server\JobOperationListenerManagerTest.java,44,1,241,2,0.0,0,0,0,0.0,0.0,0,0,1,0,0,20,12,1,0,12,32,0.0,0.0,0,0,0,21,0.0,0,0,0,0,0,0,171,198,7,0,7,0,20,0,20,1,20,83,0,20,1,171,198,7,0,7,0,20,0,20,1,20,83,0,20,1,0,0,46,6,1,0,0,0,0,0,1,1,43,0,6,0,0,0,0,2,0
335,L9693,ServerNodeTest,com.dangdang.ddframe.job.lite.internal.server.ServerNodeTest,L9474,L103,C:\Users\domco\Desktop\DP\repos\shardingsphere-elasticjob\elastic-job-lite\elastic-job-lite-core\src\test\java\com\dangdang\ddframe\job\lite\internal\server\ServerNodeTest.java,28,1,104,2,0.0,0,0,0,0.0,0.0,0,0,7,0,0,13,2,1,0,14,27,0.0,0.0,0,0,0,14,0.0,0,0,0,0,0,0,62,77,2,0,2,0,13,0,13,0,13,19,0,13,0,62,77,2,0,2,0,13,0,13,0,13,19,0,13,0,0,0,30,2,24,22,0,0,1,0,0,2,29,0,2,0,0,0,0,0,0
336,L9715,ServerServiceTest,com.dangdang.ddframe.job.lite.internal.server.ServerServiceTest,L9474,L103,C:\Users\domco\Desktop\DP\repos\shardingsphere-elasticjob\elastic-job-lite\elastic-job-lite-core\src\test\java\com\dangdang\ddframe\job\lite\internal\server\ServerServiceTest.java,38,1,261,2,0.181947,1,2,2,0.0892857,0.0995025,20,20,1,0,0,20,5,1,0,20,40,0.0,0.0,0,0,0,21,0.0,0,0,0,0,0,0,201,224,3,0,3,0,20,0,20,1,20,134,0,20,1,201,224,3,0,3,0,20,0,20,1,20,134,0,20,1,0,0,59,17,11,11,15,0,0,0,0,0,43,0,17,0,0,0,0,1,0
337,L8984,ShardingListenerManager,com.dangdang.ddframe.job.lite.internal.sharding.ShardingListenerManager,L9744,L103,C:\Users\domco\Desktop\DP\repos\shardingsphere-elasticjob\elastic-job-lite\elastic-job-lite-core\src\main\java\com\dangdang\ddframe\job\lite\internal\sharding\ShardingListenerManager.java,37,1,92,2,0.0,0,0,0,0.0,0.0,0,0,1,0,0,2,8,5,3,6,8,0.333333,0.2,5,5,1,2,0.102041,5,1,1,0,0,1,20,29,6,0,5,0,2,0,2,0,5,7,0,2,0,44,56,6,0,5,0,5,0,2,0,10,16,0,4,0,0,0,19,0,0,0,0,0,0,0,0,0,19,0,0,0,0,0,0,0,0
338,L9788,ShardingNode,com.dangdang.ddframe.job.lite.internal.sharding.ShardingNode,L9744,L103,C:\Users\domco\Desktop\DP\repos\shardingsphere-elasticjob\elastic-job-lite\elastic-job-lite-core\src\main\java\com\dangdang\ddframe\job\lite\internal\sharding\ShardingNode.java,31,1,45,2,0.0,0,0,0,0.0,0.0,0,0,0,0,0,1,0,3,4,0,1,1.0,0.333333,5,5,1,0,0.333333,5,0,0,0,0,0,10,15,4,1,4,1,1,0,0,0,1,1,0,0,0,10,15,4,1,4,1,1,0,0,0,1,1,0,0,0,0,0,2,0,4,0,0,4,0,0,0,0,2,0,0,0,0,0,0,0,0
339,L8592,ShardingService,com.dangdang.ddframe.job.lite.internal.sharding.ShardingService,L9744,L103,C:\Users\domco\Desktop\DP\repos\shardingsphere-elasticjob\elastic-job-lite\elastic-job-lite-core\src\main\java\com\dangdang\ddframe\job\lite\internal\sharding\ShardingService.java,49,1,171,2,0.0,0,0,0,0.0,0.0,0,0,1,1,1,18,16,19,38,22,30,0.833333,0.226804,22,22,5,1,0.201835,22,0,0,0,0,0,75,109,8,1,8,1,8,0,5,1,8,40,0,5,1,87,123,9,1,9,1,9,0,6,1,9,44,0,6,1,0,0,22,0,0,0,0,0,0,0,2,0,18,0,0,0,0,0,0,2,1.0
340,L9844,ShardingListenerManagerTest,com.dangdang.ddframe.job.lite.internal.sharding.ShardingListenerManagerTest,L9744,L103,C:\Users\domco\Desktop\DP\repos\shardingsphere-elasticjob\elastic-job-lite\elastic-job-lite-core\src\test\java\com\dangdang\ddframe\job\lite\internal\sharding\ShardingListenerManagerTest.java,39,1,129,2,0.0,0,0,0,0.0,0.0,0,0,1,0,0,10,9,1,0,5,15,0.0,0.0,0,0,0,11,0.0,0,0,0,0,0,0,76,91,5,0,5,0,10,0,10,1,10,28,0,10,1,76,91,5,0,5,0,10,0,10,1,10,28,0,10,1,0,0,23,3,2,1,0,0,0,0,0,1,23,0,3,0,0,0,0,0,0
341,L9868,ShardingNodeTest,com.dangdang.ddframe.job.lite.internal.sharding.ShardingNodeTest,L9744,L103,C:\Users\domco\Desktop\DP\repos\shardingsphere-elasticjob\elastic-job-lite\elastic-job-lite-core\src\test\java\com\dangdang\ddframe\job\lite\internal\sharding\ShardingNodeTest.java,25,1,31,2,0.0,0,0,0,0.0,0.0,0,0,1,0,0,1,1,1,0,1,2,0.0,0.0,0,0,0,2,0.0,0,0,0,0,0,0,6,7,0,0,0,0,1,0,1,0,1,1,0,1,0,6,7,0,0,0,0,1,0,1,0,1,1,0,1,0,0,0,5,0,1,1,0,0,0,0,0,0,5,0,0,0,0,0,0,0,0
342,L9871,ShardingServiceTest,com.dangdang.ddframe.job.lite.internal.sharding.ShardingServiceTest,L9744,L103,C:\Users\domco\Desktop\DP\repos\shardingsphere-elasticjob\elastic-job-lite\elastic-job-lite-core\src\test\java\com\dangdang\ddframe\job\lite\internal\sharding\ShardingServiceTest.java,57,1,220,2,0.0,0,0,0,0.0,0.0,0,0,1,0,0,11,15,1,0,17,28,0.0,0.0,0,0,0,12,0.0,0,0,0,0,0,0,146,164,7,0,7,0,11,0,11,1,11,96,0,11,1,146,164,7,0,7,0,11,0,11,1,11,96,0,11,1,0,0,27,6,3,3,0,0,0,0,1,2,25,0,4,0,0,0,0,1,0
343,L7859,JobNodePath,com.dangdang.ddframe.job.lite.internal.storage.JobNodePath,L9902,L103,C:\Users\domco\Desktop\DP\repos\shardingsphere-elasticjob\elastic-job-lite\elastic-job-lite-core\src\main\java\com\dangdang\ddframe\job\lite\internal\storage\JobNodePath.java,31,1,146,2,0.0,0,0,0,0.0,0.0,0,0,0,0,0,8,0,21,48,0,8,1.0,0.654206,70,70,9,0,0.654206,70,0,0,0,0,0,37,116,10,8,10,8,8,5,8,0,8,8,5,8,0,37,116,10,8,10,8,8,5,8,0,8,8,5,8,0,0,0,7,1,0,0,0,0,0,0,0,0,0,0,1,0,0,0,0,7,0
344,L7871,JobNodeStorage,com.dangdang.ddframe.job.lite.internal.storage.JobNodeStorage,L9902,L103,C:\Users\domco\Desktop\DP\repos\shardingsphere-elasticjob\elastic-job-lite\elastic-job-lite-core\src\main\java\com\dangdang\ddframe\job\lite\internal\storage\JobNodeStorage.java,41,1,233,2,0.0,0,0,0,0.0,0.0,0,0,1,1,1,25,7,27,153,16,35,0.941176,0.527778,95,91,16,1,0.527778,95,0,0,0,0,0,85,193,3,5,3,5,19,0,16,0,19,34,0,16,0,85,193,3,5,3,5,19,0,16,0,19,34,0,16,0,0,0,10,2,0,0,0,0,0,0,0,2,9,0,0,0,0,0,0,1,0
345,L10018,JobNodePathTest,com.dangdang.ddframe.job.lite.internal.storage.JobNodePathTest,L9902,L103,C:\Users\domco\Desktop\DP\repos\shardingsphere-elasticjob\elastic-job-lite\elastic-job-lite-core\src\test\java\com\dangdang\ddframe\job\lite\internal\storage\JobNodePathTest.java,25,1,63,2,0.0,0,0,0,0.0,0.0,0,0,1,0,0,7,1,1,0,7,14,0.0,0.0,0,0,0,8,0.0,0,0,0,0,0,0,31,39,1,0,1,0,7,0,7,0,7,7,0,7,0,31,39,1,0,1,0,7,0,7,0,7,7,0,7,0,0,0,17,0,8,7,0,0,0,0,0,1,17,0,0,0,0,0,0,0,0
346,L10032,JobNodeStorageTest,com.dangdang.ddframe.job.lite.internal.storage.JobNodeStorageTest,L9902,L103,C:\Users\domco\Desktop\DP\repos\shardingsphere-elasticjob\elastic-job-lite\elastic-job-lite-core\src\test\java\com\dangdang\ddframe\job\lite\internal\storage\JobNodeStorageTest.java,47,1,254,2,0.341463,2,4,4,0.259615,0.281081,54,52,1,0,0,19,4,1,0,21,40,0.0,0.0,0,0,0,20,0.0,0,0,0,0,0,0,177,198,2,0,2,0,19,0,19,0,19,111,0,19,0,185,208,2,0,2,0,21,0,21,0,21,113,0,21,0,0,0,91,9,6,5,39,0,0,0,0,3,51,0,7,0,0,0,0,1,0
347,L10072,SensitiveInfoUtils,com.dangdang.ddframe.job.lite.internal.util.SensitiveInfoUtils,L10067,L103,C:\Users\domco\Desktop\DP\repos\shardingsphere-elasticjob\elastic-job-lite\elastic-job-lite-core\src\main\java\com\dangdang\ddframe\job\lite\internal\util\SensitiveInfoUtils.java,38,1,75,2,0.0,0,0,0,0.0,0.0,0,0,1,0,0,1,0,3,3,0,1,1.0,0.5,11,11,2,0,0.282051,11,0,0,0,0,0,11,20,2,0,2,0,1,0,1,0,1,3,0,1,0,28,38,2,0,2,0,2,0,2,0,2,14,0,2,0,0,0,6,0,0,0,0,0,0,0,0,0,6,0,0,0,0,0,0,0,0
348,L10099,SensitiveInfoUtilsTest,com.dangdang.ddframe.job.lite.internal.util.SensitiveInfoUtilsTest,L10067,L103,C:\Users\domco\Desktop\DP\repos\shardingsphere-elasticjob\elastic-job-lite\elastic-job-lite-core\src\test\java\com\dangdang\ddframe\job\lite\internal\util\SensitiveInfoUtilsTest.java,28,1,42,2,0.0,0,0,0,0.0,0.0,0,0,2,0,0,2,1,1,0,1,3,0.0,0.0,0,0,0,3,0.0,0,0,0,0,0,0,13,15,0,0,0,0,2,0,2,0,2,5,0,2,0,13,15,0,0,0,0,2,0,2,0,2,5,0,2,0,0,0,8,0,2,2,0,0,1,0,0,0,7,0,0,0,0,0,0,0,0
349,L10219,JobConfigurationUtil,com.dangdang.ddframe.job.lite.fixture.util.JobConfigurationUtil,L10215,L103,C:\Users\domco\Desktop\DP\repos\shardingsphere-elasticjob\elastic-job-lite\elastic-job-lite-core\src\test\java\com\dangdang\ddframe\job\lite\fixture\util\JobConfigurationUtil.java,30,1,54,2,0.0,0,0,0,0.0,0.0,0,0,3,1,1,5,7,11,13,3,7,0.0,0.0,0,0,0,5,0.0,0,0,0,0,0,0,21,25,0,0,0,0,4,0,4,1,4,6,0,4,1,21,25,0,0,0,0,4,0,4,1,4,6,0,4,1,0,0,12,1,0,0,0,0,1,0,0,1,11,0,0,0,0,0,0,0,0
350,L10226,ScriptElasticJobUtil,com.dangdang.ddframe.job.lite.fixture.util.ScriptElasticJobUtil,L10215,L103,C:\Users\domco\Desktop\DP\repos\shardingsphere-elasticjob\elastic-job-lite\elastic-job-lite-core\src\test\java\com\dangdang\ddframe\job\lite\fixture\util\ScriptElasticJobUtil.java,30,1,42,2,0.0,0,0,0,0.0,0.0,0,0,1,1,1,2,0,1,1,0,1,0.0,0.0,0,0,0,2,0.0,0,0,0,0,0,0,12,13,0,0,0,0,1,0,1,0,1,5,0,1,0,12,13,0,0,0,0,1,0,1,0,1,5,0,1,0,0,0,5,0,0,0,0,0,0,0,0,0,5,0,0,0,0,0,0,0,0
351,L10310,IgnoreJobExceptionHandler,com.dangdang.ddframe.job.lite.integrate.fixture.IgnoreJobExceptionHandler,L10363,L103,C:\Users\domco\Desktop\DP\repos\shardingsphere-elasticjob\elastic-job-lite\elastic-job-lite-core\src\test\java\com\dangdang\ddframe\job\lite\integrate\fixture\IgnoreJobExceptionHandler.java,22,1,27,2,0.0,0,0,0,0.0,0.0,0,0,1,0,0,1,1,1,0,0,1,0.0,0.0,0,0,0,2,0.0,0,1,1,0,0,1,5,6,0,0,0,0,1,0,1,0,1,0,0,1,0,5,6,0,0,0,0,1,0,1,0,1,0,0,1,0,0,0,5,0,1,0,0,0,0,0,0,0,5,1,0,0,0,0,0,0,0
352,L10561,JobAPIFactory,com.dangdang.ddframe.job.lite.lifecycle.api.JobAPIFactory,L10544,L103,C:\Users\domco\Desktop\DP\repos\shardingsphere-elasticjob\elastic-job-lite\elastic-job-lite-lifecycle\src\main\java\com\dangdang\ddframe\job\lite\lifecycle\api\JobAPIFactory.java,34,1,84,2,0.0,0,0,0,0.0,0.0,0,0,4,0,0,4,9,2,8,2,6,1.0,0.711538,37,37,5,0,0.711538,37,0,0,0,0,0,15,51,0,0,0,0,4,0,4,0,4,4,0,4,0,15,51,0,0,0,0,4,0,4,0,4,4,0,4,0,0,0,1,0,0,0,0,0,1,0,0,0,0,0,0,0,0,0,0,0,0
353,L10634,JobAPIFactoryTest,com.dangdang.ddframe.job.lite.lifecycle.api.JobAPIFactoryTest,L10544,L103,C:\Users\domco\Desktop\DP\repos\shardingsphere-elasticjob\elastic-job-lite\elastic-job-lite-lifecycle\src\test\java\com\dangdang\ddframe\job\lite\lifecycle\api\JobAPIFactoryTest.java,27,1,48,2,0.0,0,0,0,0.0,0.0,0,0,1,0,0,4,6,1,0,5,9,0.0,0.0,0,0,0,5,0.0,0,1,1,0,0,1,18,22,2,1,0,0,4,0,4,0,7,4,0,6,1,18,22,2,1,0,0,4,0,4,0,7,4,0,6,1,0,0,11,1,4,4,0,0,0,0,0,0,11,0,1,0,0,0,0,0,0
354,L6899,ExecutionInfo,com.dangdang.ddframe.job.lite.lifecycle.domain.ExecutionInfo,L10647,L103,C:\Users\domco\Desktop\DP\repos\shardingsphere-elasticjob\elastic-job-lite\elastic-job-lite-lifecycle\src\main\java\com\dangdang\ddframe\job\lite\lifecycle\domain\ExecutionInfo.java,31,1,82,2,0.0,0,0,0,0.0,0.0,0,0,1,0,0,1,1,4,0,0,1,0.5,0.25,5,5,1,1,0.369565,17,0,0,0,0,0,15,29,7,0,7,0,1,0,1,0,1,1,0,1,0,29,52,10,1,10,1,2,3,2,0,2,6,3,2,0,0,0,11,0,0,0,0,0,0,0,0,0,3,0,0,0,0,0,0,8,0
355,L6863,JobBriefInfo,com.dangdang.ddframe.job.lite.lifecycle.domain.JobBriefInfo,L10647,L103,C:\Users\domco\Desktop\DP\repos\shardingsphere-elasticjob\elastic-job-lite\elastic-job-lite-lifecycle\src\main\java\com\dangdang\ddframe\job\lite\lifecycle\domain\JobBriefInfo.java,30,1,88,2,0.0,0,0,0,0.0,0.0,0,0,1,0,0,1,1,4,0,0,1,0.5,0.263158,5,5,1,1,0.351852,19,0,0,0,0,0,14,27,6,0,6,0,1,0,1,0,1,1,0,1,0,35,59,10,1,10,1,2,4,2,0,2,10,4,2,0,0,0,11,0,0,0,0,0,0,0,0,0,3,0,0,0,0,0,0,8,0
356,L6874,JobSettings,com.dangdang.ddframe.job.lite.lifecycle.domain.JobSettings,L10647,L103,C:\Users\domco\Desktop\DP\repos\shardingsphere-elasticjob\elastic-job-lite\elastic-job-lite-lifecycle\src\main\java\com\dangdang\ddframe\job\lite\lifecycle\domain\JobSettings.java,33,1,72,2,0.0,0,0,0,0.0,0.0,0,0,0,0,0,0,0,4,0,0,0,1.0,0.185185,5,5,1,0,0.185185,5,0,0,0,0,0,22,40,18,0,18,0,0,0,0,0,0,0,0,0,0,22,40,18,0,18,0,0,0,0,0,0,0,0,0,0,0,0,5,0,0,0,0,0,0,0,0,0,2,0,0,0,0,0,0,3,0
357,L6993,ServerBriefInfo,com.dangdang.ddframe.job.lite.lifecycle.domain.ServerBriefInfo,L10647,L103,C:\Users\domco\Desktop\DP\repos\shardingsphere-elasticjob\elastic-job-lite\elastic-job-lite-lifecycle\src\main\java\com\dangdang\ddframe\job\lite\lifecycle\domain\ServerBriefInfo.java,31,1,77,2,0.0,0,0,0,0.0,0.0,0,0,1,0,0,1,1,4,0,0,1,0.5,0.294118,5,5,1,1,0.409091,18,0,0,0,0,0,12,23,4,0,4,0,1,0,1,0,1,1,0,1,0,26,47,7,1,7,1,2,3,2,0,2,6,3,2,0,0,0,9,0,0,0,0,0,0,0,0,0,3,0,0,0,0,0,0,6,0
358,L6889,ServerInfo,com.dangdang.ddframe.job.lite.lifecycle.domain.ServerInfo,L10647,L103,C:\Users\domco\Desktop\DP\repos\shardingsphere-elasticjob\elastic-job-lite\elastic-job-lite-lifecycle\src\main\java\com\dangdang\ddframe\job\lite\lifecycle\domain\ServerInfo.java,31,1,86,2,0.0,0,0,0,0.0,0.0,0,0,0,0,0,0,1,9,0,0,0,1.0,0.333333,5,5,1,0,0.365385,19,0,0,0,0,0,10,22,6,0,6,0,0,0,0,0,0,0,0,0,0,33,56,12,1,12,1,1,6,1,0,1,9,6,1,0,0,0,9,0,0,0,0,0,0,0,0,0,0,0,0,0,0,0,0,9,0
359,L10828,ExecutionStatusTest,com.dangdang.ddframe.job.lite.lifecycle.domain.ExecutionStatusTest,L10647,L103,C:\Users\domco\Desktop\DP\repos\shardingsphere-elasticjob\elastic-job-lite\elastic-job-lite-lifecycle\src\test\java\com\dangdang\ddframe\job\lite\lifecycle\domain\ExecutionStatusTest.java,25,1,41,2,0.0,0,0,0,0.0,0.0,0,0,3,0,0,3,1,1,0,1,4,0.0,0.0,0,0,0,4,0.0,0,0,0,0,0,0,14,17,0,0,0,0,3,0,3,0,3,3,0,3,0,14,17,0,0,0,0,3,0,3,0,3,3,0,3,0,0,0,10,0,3,3,0,0,1,0,0,0,9,0,0,0,0,0,0,0,0
360,L10834,JobStatusTest,com.dangdang.ddframe.job.lite.lifecycle.domain.JobStatusTest,L10647,L103,C:\Users\domco\Desktop\DP\repos\shardingsphere-elasticjob\elastic-job-lite\elastic-job-lite-lifecycle\src\test\java\com\dangdang\ddframe\job\lite\lifecycle\domain\JobStatusTest.java,25,1,46,2,0.0,0,0,0,0.0,0.0,0,0,4,0,0,4,1,1,0,1,5,0.0,0.0,0,0,0,5,0.0,0,0,0,0,0,0,18,22,0,0,0,0,4,0,4,0,4,4,0,4,0,18,22,0,0,0,0,4,0,4,0,4,4,0,4,0,0,0,12,0,4,4,0,0,1,0,0,0,11,0,0,0,0,0,0,0,0
361,L10841,ServerBriefStatusTest,com.dangdang.ddframe.job.lite.lifecycle.domain.ServerBriefStatusTest,L10647,L103,C:\Users\domco\Desktop\DP\repos\shardingsphere-elasticjob\elastic-job-lite\elastic-job-lite-lifecycle\src\test\java\com\dangdang\ddframe\job\lite\lifecycle\domain\ServerBriefStatusTest.java,27,1,46,2,0.0,0,0,0,0.0,0.0,0,0,3,0,0,3,1,1,0,1,4,0.0,0.0,0,0,0,4,0.0,0,0,0,0,0,0,17,20,0,0,0,0,3,0,3,0,3,3,0,3,0,17,20,0,0,0,0,3,0,3,0,3,3,0,3,0,0,0,10,1,3,3,0,0,1,0,0,0,9,0,1,0,0,0,0,0,0
362,L10847,ServerStatusTest,com.dangdang.ddframe.job.lite.lifecycle.domain.ServerStatusTest,L10647,L103,C:\Users\domco\Desktop\DP\repos\shardingsphere-elasticjob\elastic-job-lite\elastic-job-lite-lifecycle\src\test\java\com\dangdang\ddframe\job\lite\lifecycle\domain\ServerStatusTest.java,25,1,46,2,0.0,0,0,0,0.0,0.0,0,0,4,0,0,4,1,1,0,1,5,0.0,0.0,0,0,0,5,0.0,0,0,0,0,0,0,18,22,0,0,0,0,4,0,4,0,4,4,0,4,0,18,22,0,0,0,0,4,0,4,0,4,4,0,4,0,0,0,12,0,4,4,0,0,1,0,0,0,11,0,0,0,0,0,0,0,0
363,L11216,LifecycleJsonConstants,com.dangdang.ddframe.job.lite.lifecycle.fixture.LifecycleJsonConstants,L11211,L103,C:\Users\domco\Desktop\DP\repos\shardingsphere-elasticjob\elastic-job-lite\elastic-job-lite-lifecycle\src\test\java\com\dangdang\ddframe\job\lite\lifecycle\fixture\LifecycleJsonConstants.java,25,1,57,2,0.0,0,0,0,0.0,0.0,0,0,0,0,0,3,0,2,5,0,3,0.0,0.0,0,0,0,4,0.0,0,0,0,0,0,0,26,33,4,3,4,3,3,0,3,0,3,3,0,3,0,26,33,4,3,4,3,3,0,3,0,3,3,0,3,0,0,0,9,0,0,0,0,0,0,0,0,0,9,0,0,0,0,0,0,0,0
364,L11228,TestDataflowJob,com.dangdang.ddframe.job.lite.lifecycle.fixture.TestDataflowJob,L11211,L103,C:\Users\domco\Desktop\DP\repos\shardingsphere-elasticjob\elastic-job-lite\elastic-job-lite-lifecycle\src\test\java\com\dangdang\ddframe\job\lite\lifecycle\fixture\TestDataflowJob.java,25,1,35,2,0.0,0,0,0,0.0,0.0,0,0,2,0,0,2,2,0,0,0,2,0.0,0.0,0,0,0,3,0.0,0,2,2,0,0,1,9,11,0,0,0,0,2,0,2,0,2,1,0,2,0,9,11,0,0,0,0,2,0,2,0,2,1,0,2,0,0,0,8,0,1,0,0,0,1,0,0,0,7,1,0,0,0,0,0,0,0
365,L11235,TestSimpleJob,com.dangdang.ddframe.job.lite.lifecycle.fixture.TestSimpleJob,L11211,L103,C:\Users\domco\Desktop\DP\repos\shardingsphere-elasticjob\elastic-job-lite\elastic-job-lite-lifecycle\src\test\java\com\dangdang\ddframe\job\lite\lifecycle\fixture\TestSimpleJob.java,23,1,28,2,0.0,0,0,0,0.0,0.0,0,0,1,0,0,1,2,0,0,0,1,0.0,0.0,0,0,0,2,0.0,0,2,2,0,0,1,5,6,0,0,0,0,1,0,1,0,1,0,0,1,0,5,6,0,0,0,0,1,0,1,0,1,0,0,1,0,0,0,5,0,1,0,0,0,0,0,0,0,5,1,0,0,0,0,0,0,0
366,L6727,SpringJobScheduler,com.dangdang.ddframe.job.lite.spring.api.SpringJobScheduler,L11251,L103,C:\Users\domco\Desktop\DP\repos\shardingsphere-elasticjob\elastic-job-lite\elastic-job-lite-spring\src\main\java\com\dangdang\ddframe\job\lite\spring\api\SpringJobScheduler.java,35,1,62,2,0.0,0,0,0,0.0,0.0,0,0,1,1,1,5,7,3,2,3,7,0.333333,0.206897,6,6,1,2,0.206897,6,1,1,0,0,1,23,28,7,2,1,1,4,0,2,0,13,11,1,6,0,23,28,7,2,1,1,4,0,2,0,13,11,1,6,0,0,0,13,0,1,1,0,0,0,0,0,0,11,0,0,0,0,0,0,2,0
367,L11463,AbstractJobSpringIntegrateTest,com.dangdang.ddframe.job.lite.spring.job.AbstractJobSpringIntegrateTest,L11281,L103,C:\Users\domco\Desktop\DP\repos\shardingsphere-elasticjob\elastic-job-lite\elastic-job-lite-spring\src\test\java\com\dangdang\ddframe\job\lite\spring\job\AbstractJobSpringIntegrateTest.java,34,1,86,2,0.0,0,0,0,0.0,0.0,0,0,2,1,1,9,7,6,0,6,12,0.0,0.0,0,0,0,4,0.0,0,1,1,6,6,1,44,53,3,0,3,0,6,0,3,0,6,17,0,3,0,44,53,3,0,3,0,6,0,3,0,6,17,0,3,0,0,0,16,0,5,5,0,0,1,0,0,0,15,0,0,0,0,0,0,0,0
368,L11490,AllSpringIntegrateTests,com.dangdang.ddframe.job.lite.spring.job.AllSpringIntegrateTests,L11281,L103,C:\Users\domco\Desktop\DP\repos\shardingsphere-elasticjob\elastic-job-lite\elastic-job-lite-spring\src\test\java\com\dangdang\ddframe\job\lite\spring\job\AllSpringIntegrateTests.java,24,1,34,2,0.0,0,0,0,0.0,0.0,0,0,0,0,0,0,6,1,0,0,0,0.0,0.0,0,0,0,1,0.0,0,0,0,0,0,0,11,11,0,0,0,0,0,0,0,0,0,0,0,0,0,11,11,0,0,0,0,0,0,0,0,0,0,0,0,0,0,0,3,0,0,0,0,0,0,0,0,0,3,0,0,0,0,0,0,0,0
369,L11506,JobSpringNamespaceWithEventTraceRdbTest,com.dangdang.ddframe.job.lite.spring.job.JobSpringNamespaceWithEventTraceRdbTest,L11281,L103,C:\Users\domco\Desktop\DP\repos\shardingsphere-elasticjob\elastic-job-lite\elastic-job-lite-spring\src\test\java\com\dangdang\ddframe\job\lite\spring\job\JobSpringNamespaceWithEventTraceRdbTest.java,22,1,28,2,0.0,0,0,0,0.0,0.0,0,0,0,0,0,1,1,1,0,0,1,0.0,0.0,0,0,0,2,0.0,0,2,2,0,0,1,6,7,3,0,0,0,1,0,1,0,7,1,0,4,0,6,7,3,0,0,0,1,0,1,0,7,1,0,4,0,0,0,5,0,1,0,0,0,0,0,0,0,5,0,1,0,0,0,0,0,0
370,L11494,JobSpringNamespaceWithJobPropertiesTest,com.dangdang.ddframe.job.lite.spring.job.JobSpringNamespaceWithJobPropertiesTest,L11281,L103,C:\Users\domco\Desktop\DP\repos\shardingsphere-elasticjob\elastic-job-lite\elastic-job-lite-spring\src\test\java\com\dangdang\ddframe\job\lite\spring\job\JobSpringNamespaceWithJobPropertiesTest.java,22,1,28,2,0.0,0,0,0,0.0,0.0,0,0,0,0,0,1,1,1,0,0,1,0.0,0.0,0,0,0,2,0.0,0,2,2,0,0,1,6,7,3,0,0,0,1,0,1,0,7,1,0,4,0,6,7,3,0,0,0,1,0,1,0,7,1,0,4,0,0,0,5,0,1,0,0,0,0,0,0,0,5,0,1,0,0,0,0,0,0
371,L11503,JobSpringNamespaceWithListenerAndCglibTest,com.dangdang.ddframe.job.lite.spring.job.JobSpringNamespaceWithListenerAndCglibTest,L11281,L103,C:\Users\domco\Desktop\DP\repos\shardingsphere-elasticjob\elastic-job-lite\elastic-job-lite-spring\src\test\java\com\dangdang\ddframe\job\lite\spring\job\JobSpringNamespaceWithListenerAndCglibTest.java,22,1,28,2,0.0,0,0,0,0.0,0.0,0,0,0,0,0,1,1,1,0,0,1,0.0,0.0,0,0,0,2,0.0,0,2,2,0,0,1,6,7,3,0,0,0,1,0,1,0,7,1,0,4,0,6,7,3,0,0,0,1,0,1,0,7,1,0,4,0,0,0,5,0,1,0,0,0,0,0,0,0,5,0,1,0,0,0,0,0,0
372,L11500,JobSpringNamespaceWithListenerAndJdkDynamicProxyTest,com.dangdang.ddframe.job.lite.spring.job.JobSpringNamespaceWithListenerAndJdkDynamicProxyTest,L11281,L103,C:\Users\domco\Desktop\DP\repos\shardingsphere-elasticjob\elastic-job-lite\elastic-job-lite-spring\src\test\java\com\dangdang\ddframe\job\lite\spring\job\JobSpringNamespaceWithListenerAndJdkDynamicProxyTest.java,22,1,28,2,0.0,0,0,0,0.0,0.0,0,0,0,0,0,1,1,1,0,0,1,0.0,0.0,0,0,0,2,0.0,0,2,2,0,0,1,6,7,3,0,0,0,1,0,1,0,7,1,0,4,0,6,7,3,0,0,0,1,0,1,0,7,1,0,4,0,0,0,5,0,1,0,0,0,0,0,0,0,5,0,1,0,0,0,0,0,0
373,L11497,JobSpringNamespaceWithListenerTest,com.dangdang.ddframe.job.lite.spring.job.JobSpringNamespaceWithListenerTest,L11281,L103,C:\Users\domco\Desktop\DP\repos\shardingsphere-elasticjob\elastic-job-lite\elastic-job-lite-spring\src\test\java\com\dangdang\ddframe\job\lite\spring\job\JobSpringNamespaceWithListenerTest.java,22,1,28,2,0.0,0,0,0,0.0,0.0,0,0,0,0,0,1,1,1,0,0,1,0.0,0.0,0,0,0,2,0.0,0,2,2,0,0,1,6,7,3,0,0,0,1,0,1,0,7,1,0,4,0,6,7,3,0,0,0,1,0,1,0,7,1,0,4,0,0,0,5,0,1,0,0,0,0,0,0,0,5,0,1,0,0,0,0,0,0
374,L11491,JobSpringNamespaceWithoutListenerTest,com.dangdang.ddframe.job.lite.spring.job.JobSpringNamespaceWithoutListenerTest,L11281,L103,C:\Users\domco\Desktop\DP\repos\shardingsphere-elasticjob\elastic-job-lite\elastic-job-lite-spring\src\test\java\com\dangdang\ddframe\job\lite\spring\job\JobSpringNamespaceWithoutListenerTest.java,22,1,28,2,0.0,0,0,0,0.0,0.0,0,0,0,0,0,1,1,1,0,0,1,0.0,0.0,0,0,0,2,0.0,0,2,2,0,0,1,6,7,3,0,0,0,1,0,1,0,7,1,0,4,0,6,7,3,0,0,0,1,0,1,0,7,1,0,4,0,0,0,5,0,1,0,0,0,0,0,0,0,5,0,1,0,0,0,0,0,0
375,L11564,DataflowElasticJob,com.dangdang.ddframe.job.lite.spring.fixture.DataflowElasticJob,L11552,L103,C:\Users\domco\Desktop\DP\repos\shardingsphere-elasticjob\elastic-job-lite\elastic-job-lite-spring\src\test\java\com\dangdang\ddframe\job\lite\spring\fixture\DataflowElasticJob.java,27,1,48,2,0.0,0,0,0,0.0,0.0,0,0,1,1,1,4,2,1,1,0,3,0.0,0.0,0,0,0,4,0.0,0,2,2,0,0,1,18,22,1,0,1,0,3,0,3,0,3,5,0,3,0,18,22,1,0,1,0,3,0,3,0,3,5,0,3,0,0,0,9,0,0,0,0,0,0,0,0,0,9,0,0,0,0,0,0,0,0
376,L11573,FooSimpleElasticJob,com.dangdang.ddframe.job.lite.spring.fixture.FooSimpleElasticJob,L11552,L103,C:\Users\domco\Desktop\DP\repos\shardingsphere-elasticjob\elastic-job-lite\elastic-job-lite-spring\src\test\java\com\dangdang\ddframe\job\lite\spring\fixture\FooSimpleElasticJob.java,24,1,37,2,0.0,0,0,0,0.0,0.0,0,0,1,0,0,2,2,1,1,0,2,0.0,0.0,0,0,0,3,0.0,0,2,2,0,0,1,11,14,1,0,1,0,2,0,2,0,2,2,0,2,0,11,14,1,0,1,0,2,0,2,0,2,2,0,2,0,0,0,7,0,0,0,0,0,0,0,0,0,7,0,0,0,0,0,0,0,0
377,L11464,AbstractZookeeperJUnit4SpringContextTests,com.dangdang.ddframe.job.lite.spring.test.AbstractZookeeperJUnit4SpringContextTests,L11642,L103,C:\Users\domco\Desktop\DP\repos\shardingsphere-elasticjob\elastic-job-lite\elastic-job-lite-spring\src\test\java\com\dangdang\ddframe\job\lite\spring\test\AbstractZookeeperJUnit4SpringContextTests.java,23,1,25,2,0.0,0,0,0,0.0,0.0,0,0,0,0,0,0,1,1,0,0,0,0.0,0.0,0,0,0,1,0.0,0,0,0,1,7,0,3,3,0,0,0,0,0,0,0,0,0,0,0,0,0,3,3,0,0,0,0,0,0,0,0,0,0,0,0,0,0,0,3,0,1,0,0,0,0,0,0,1,3,0,0,0,0,0,0,0,0
378,L11646,EmbedZookeeperTestExecutionListener,com.dangdang.ddframe.job.lite.spring.test.EmbedZookeeperTestExecutionListener,L11642,L103,C:\Users\domco\Desktop\DP\repos\shardingsphere-elasticjob\elastic-job-lite\elastic-job-lite-spring\src\test\java\com\dangdang\ddframe\job\lite\spring\test\EmbedZookeeperTestExecutionListener.java,29,1,63,2,0.0,0,0,0,0.0,0.0,0,0,1,1,1,4,1,2,0,1,3,0.0,0.0909091,2,0,0,2,0.0645161,2,0,0,0,0,0,20,25,1,0,1,0,2,0,1,0,2,7,0,1,0,29,35,1,0,1,0,3,0,2,0,3,11,0,2,0,0,0,12,1,0,0,0,0,0,0,0,1,12,0,0,0,0,0,0,0,0
379,L779,BootstrapEnvironment,com.dangdang.ddframe.job.cloud.scheduler.boot.env.BootstrapEnvironment,L771,L103,C:\Users\domco\Desktop\DP\repos\shardingsphere-elasticjob\elastic-job-cloud\elastic-job-cloud-scheduler\src\main\java\com\dangdang\ddframe\job\cloud\scheduler\boot\env\BootstrapEnvironment.java,40,1,192,2,0.0,0,0,0,0.0,0.0,0,0,0,1,1,15,6,5,17,0,9,1.0,0.365385,38,37,7,0,0.333333,43,0,0,0,0,0,66,117,3,8,3,8,9,0,6,0,9,36,0,6,0,86,153,19,8,19,8,9,13,6,0,9,36,13,6,0,0,1,19,1,1,1,0,0,0,0,0,0,8,0,1,0,0,1,0,11,0
380,L837,FrameworkConfiguration,com.dangdang.ddframe.job.cloud.scheduler.boot.env.FrameworkConfiguration,L771,L103,C:\Users\domco\Desktop\DP\repos\shardingsphere-elasticjob\elastic-job-cloud\elastic-job-cloud-scheduler\src\main\java\com\dangdang\ddframe\job\cloud\scheduler\boot\env\FrameworkConfiguration.java,28,1,35,2,0.0,0,0,0,0.0,0.0,0,0,0,0,0,0,0,2,0,0,0,1.0,0.454545,5,5,1,0,0.454545,5,0,0,0,0,0,6,8,2,0,2,0,0,0,0,0,0,0,0,0,0,6,8,2,0,2,0,0,0,0,0,0,0,0,0,0,0,0,0,0,0,0,0,0,0,0,0,0,0,0,0,0,0,0,0,0,0
381,L803,MesosConfiguration,com.dangdang.ddframe.job.cloud.scheduler.boot.env.MesosConfiguration,L771,L103,C:\Users\domco\Desktop\DP\repos\shardingsphere-elasticjob\elastic-job-cloud\elastic-job-cloud-scheduler\src\main\java\com\dangdang\ddframe\job\cloud\scheduler\boot\env\MesosConfiguration.java,28,1,42,2,0.0,0,0,0,0.0,0.0,0,0,0,0,0,0,0,3,0,0,0,1.0,0.5,8,8,1,0,0.5,8,0,0,0,0,0,8,15,4,0,4,0,0,1,0,0,0,0,1,0,0,8,15,4,0,4,0,0,1,0,0,0,0,1,0,0,0,0,4,0,0,0,0,0,0,0,0,0,0,0,0,0,0,0,0,4,0
382,L828,RestfulServerConfiguration,com.dangdang.ddframe.job.cloud.scheduler.boot.env.RestfulServerConfiguration,L771,L103,C:\Users\domco\Desktop\DP\repos\shardingsphere-elasticjob\elastic-job-cloud\elastic-job-cloud-scheduler\src\main\java\com\dangdang\ddframe\job\cloud\scheduler\boot\env\RestfulServerConfiguration.java,28,1,33,2,0.0,0,0,0,0.0,0.0,0,0,0,0,0,0,0,2,0,0,0,1.0,0.5,5,5,1,0,0.5,5,0,0,0,0,0,5,6,1,0,1,0,0,0,0,0,0,0,0,0,0,5,6,1,0,1,0,0,0,0,0,0,0,0,0,0,0,0,0,0,0,0,0,0,0,0,0,0,0,0,0,0,0,0,0,0,0
383,L894,BootstrapEnvironmentTest,com.dangdang.ddframe.job.cloud.scheduler.boot.env.BootstrapEnvironmentTest,L771,L103,C:\Users\domco\Desktop\DP\repos\shardingsphere-elasticjob\elastic-job-cloud\elastic-job-cloud-scheduler\src\test\java\com\dangdang\ddframe\job\cloud\scheduler\boot\env\BootstrapEnvironmentTest.java,36,1,116,2,0.0,0,0,0,0.0,0.0,0,0,1,1,1,9,7,1,0,6,14,0.0,0.0,0,0,0,9,0.0,0,0,0,0,0,0,71,81,1,0,1,0,8,0,8,0,8,43,0,8,0,71,81,1,0,1,0,8,0,8,0,8,43,0,8,0,0,0,19,3,21,21,0,1,0,0,0,1,19,0,1,0,0,0,0,0,0
384,L1103,CloudJobConfigurationGsonFactory$CloudJobConfigurationGsonTypeAdapter,com.dangdang.ddframe.job.cloud.scheduler.config.CloudJobConfigurationGsonFactory$CloudJobConfigurationGsonTypeAdapter,L1095,L103,C:\Users\domco\Desktop\DP\repos\shardingsphere-elasticjob\elastic-job-cloud\elastic-job-cloud-scheduler\src\main\java\com\dangdang\ddframe\job\cloud\scheduler\config\CloudJobConfigurationGsonFactory.java,70,5,133,6,0.238095,5,32,5,0.390625,0.409836,25,25,2,1,1,12,4,1,0,0,3,1.0,0.0757576,5,5,1,0,0.0757576,5,1,1,0,0,1,61,64,0,4,0,1,3,0,0,0,8,34,0,2,0,61,64,0,4,0,1,3,0,0,0,8,34,0,2,0,0,0,21,7,0,0,12,0,1,0,0,0,8,0,7,0,0,0,0,0,0
385,L1983,OfferBuilder,com.dangdang.ddframe.job.cloud.scheduler.mesos.fixture.OfferBuilder,L1980,L103,C:\Users\domco\Desktop\DP\repos\shardingsphere-elasticjob\elastic-job-cloud\elastic-job-cloud-scheduler\src\test\java\com\dangdang\ddframe\job\cloud\scheduler\mesos\fixture\OfferBuilder.java,24,1,37,2,0.0,0,0,0,0.0,0.0,0,0,1,0,0,1,0,2,2,0,1,0.0,0.0,0,0,0,2,0.0,0,0,0,0,0,0,13,14,0,0,0,0,1,0,1,0,1,1,0,1,0,13,14,0,0,0,0,1,0,1,0,1,1,0,1,0,0,0,5,0,1,0,0,1,0,0,0,0,5,0,0,0,0,0,0,0,0
386,L2236,TransientProducerScheduler$ProducerJob,com.dangdang.ddframe.job.cloud.scheduler.producer.TransientProducerScheduler$ProducerJob,L2114,L103,C:\Users\domco\Desktop\DP\repos\shardingsphere-elasticjob\elastic-job-cloud\elastic-job-cloud-scheduler\src\main\java\com\dangdang\ddframe\job\cloud\scheduler\producer\TransientProducerScheduler.java,138,5,152,6,0.0,0,0,0,0.0,0.0,0,0,1,1,1,2,2,2,1,2,3,0.0,0.0,0,0,0,2,0.0,0,0,0,0,0,0,12,15,2,0,2,0,1,0,1,0,1,3,0,1,0,12,15,2,0,2,0,1,0,1,0,1,3,0,1,0,0,0,5,0,0,0,0,0,0,0,0,0,5,0,0,0,0,0,0,0,0
387,L2653,FailoverNode,com.dangdang.ddframe.job.cloud.scheduler.state.failover.FailoverNode,L2645,L103,C:\Users\domco\Desktop\DP\repos\shardingsphere-elasticjob\elastic-job-cloud\elastic-job-cloud-scheduler\src\main\java\com\dangdang\ddframe\job\cloud\scheduler\state\failover\FailoverNode.java,30,1,46,2,0.0,0,0,0,0.0,0.0,0,0,0,0,0,2,1,3,9,1,3,1.0,0.294118,5,5,1,0,0.294118,5,0,0,0,0,0,12,17,3,2,3,2,2,0,0,0,2,2,0,0,0,12,17,3,2,3,2,2,0,0,0,2,2,0,0,0,0,0,4,0,3,0,0,3,0,0,0,0,4,0,0,0,0,0,0,0,0
388,L1455,FailoverService,com.dangdang.ddframe.job.cloud.scheduler.state.failover.FailoverService,L2645,L103,C:\Users\domco\Desktop\DP\repos\shardingsphere-elasticjob\elastic-job-cloud\elastic-job-cloud-scheduler\src\main\java\com\dangdang\ddframe\job\cloud\scheduler\state\failover\FailoverService.java,50,1,191,2,0.0,0,0,0,0.0,0.0,0,0,1,3,3,27,12,5,21,13,21,0.857143,0.281481,38,37,6,1,0.281481,38,0,0,0,0,0,97,142,4,5,4,5,8,0,6,0,8,57,0,6,0,97,142,4,5,4,5,8,0,6,0,8,57,0,6,0,0,0,8,0,1,0,0,0,0,0,1,1,7,0,0,0,0,0,0,0,0
389,L2440,FailoverTaskInfo,com.dangdang.ddframe.job.cloud.scheduler.state.failover.FailoverTaskInfo,L2645,L103,C:\Users\domco\Desktop\DP\repos\shardingsphere-elasticjob\elastic-job-cloud\elastic-job-cloud-scheduler\src\main\java\com\dangdang\ddframe\job\cloud\scheduler\state\failover\FailoverTaskInfo.java,30,1,37,2,0.0,0,0,0,0.0,0.0,0,0,0,0,0,0,1,4,0,0,0,1.0,0.454545,5,5,1,0,0.454545,5,0,0,0,0,0,6,8,2,0,2,0,0,0,0,0,0,0,0,0,0,6,8,2,0,2,0,0,0,0,0,0,0,0,0,0,0,0,0,0,0,0,0,0,0,0,0,0,0,0,0,0,0,0,0,0,0
390,L2720,FailoverNodeTest,com.dangdang.ddframe.job.cloud.scheduler.state.failover.FailoverNodeTest,L2645,L103,C:\Users\domco\Desktop\DP\repos\shardingsphere-elasticjob\elastic-job-cloud\elastic-job-cloud-scheduler\src\test\java\com\dangdang\ddframe\job\cloud\scheduler\state\failover\FailoverNodeTest.java,27,1,39,2,0.0,0,0,0,0.0,0.0,0,0,2,0,0,2,2,1,0,2,4,0.0,0.0,0,0,0,3,0.0,0,0,0,0,0,0,11,13,0,0,0,0,2,0,2,0,2,3,0,2,0,11,13,0,0,0,0,2,0,2,0,2,3,0,2,0,0,0,8,0,2,2,0,0,1,0,0,0,7,0,0,0,0,0,0,0,0
391,L2724,FailoverServiceTest,com.dangdang.ddframe.job.cloud.scheduler.state.failover.FailoverServiceTest,L2645,L103,C:\Users\domco\Desktop\DP\repos\shardingsphere-elasticjob\elastic-job-cloud\elastic-job-cloud-scheduler\src\test\java\com\dangdang\ddframe\job\cloud\scheduler\state\failover\FailoverServiceTest.java,53,1,226,2,0.0,0,0,0,0.0,0.0,0,0,1,0,0,13,14,1,0,20,33,0.0,0.0,0,0,0,14,0.0,0,0,0,0,0,0,156,174,5,0,5,0,13,0,13,1,13,104,0,13,1,156,174,5,0,5,0,13,0,13,1,13,104,0,13,1,0,0,30,11,19,20,0,0,0,0,1,0,29,0,10,0,0,0,0,0,0
392,L2761,ReadyNode,com.dangdang.ddframe.job.cloud.scheduler.state.ready.ReadyNode,L2754,L103,C:\Users\domco\Desktop\DP\repos\shardingsphere-elasticjob\elastic-job-cloud\elastic-job-cloud-scheduler\src\main\java\com\dangdang\ddframe\job\cloud\scheduler\state\ready\ReadyNode.java,29,1,39,2,0.0,0,0,0,0.0,0.0,0,0,0,0,0,1,0,3,9,0,1,1.0,0.384615,5,5,1,0,0.384615,5,0,0,0,0,0,8,11,2,1,2,1,1,0,0,0,1,1,0,0,0,8,11,2,1,2,1,1,0,0,0,1,1,0,0,0,0,0,2,0,2,0,0,2,0,0,0,0,2,0,0,0,0,0,0,0,0
393,L1144,ReadyService,com.dangdang.ddframe.job.cloud.scheduler.state.ready.ReadyService,L2754,L103,C:\Users\domco\Desktop\DP\repos\shardingsphere-elasticjob\elastic-job-cloud\elastic-job-cloud-scheduler\src\main\java\com\dangdang\ddframe\job\cloud\scheduler\state\ready\ReadyService.java,47,1,188,2,0.0,0,0,0,0.0,0.0,0,0,1,2,2,29,10,13,38,12,19,0.875,0.280303,37,37,7,1,0.272059,37,0,0,0,0,0,95,137,4,2,4,2,7,0,7,1,7,55,0,7,1,99,142,4,2,4,2,8,0,8,1,8,56,0,8,1,0,0,12,0,0,0,0,0,0,0,0,0,12,0,0,0,0,0,0,0,0
394,L2802,ReadyNodeTest,com.dangdang.ddframe.job.cloud.scheduler.state.ready.ReadyNodeTest,L2754,L103,C:\Users\domco\Desktop\DP\repos\shardingsphere-elasticjob\elastic-job-cloud\elastic-job-cloud-scheduler\src\test\java\com\dangdang\ddframe\job\cloud\scheduler\state\ready\ReadyNodeTest.java,25,1,31,2,0.0,0,0,0,0.0,0.0,0,0,1,0,0,1,1,1,0,1,2,0.0,0.0,0,0,0,2,0.0,0,0,0,0,0,0,6,7,0,0,0,0,1,0,1,0,1,1,0,1,0,6,7,0,0,0,0,1,0,1,0,1,1,0,1,0,0,0,5,0,1,1,0,0,0,0,0,0,5,0,0,0,0,0,0,0,0
395,L2805,ReadyServiceTest,com.dangdang.ddframe.job.cloud.scheduler.state.ready.ReadyServiceTest,L2754,L103,C:\Users\domco\Desktop\DP\repos\shardingsphere-elasticjob\elastic-job-cloud\elastic-job-cloud-scheduler\src\test\java\com\dangdang\ddframe\job\cloud\scheduler\state\ready\ReadyServiceTest.java,53,1,296,2,0.0,0,0,0,0.0,0.0,0,0,1,0,0,24,11,1,0,19,43,0.0,0.0,0,0,0,25,0.0,0,0,0,0,0,0,215,244,5,0,5,0,24,0,24,1,24,130,0,24,1,215,244,5,0,5,0,24,0,24,1,24,130,0,24,1,0,0,54,9,10,10,0,0,0,0,1,0,51,0,9,0,0,0,0,2,0
396,L1387,RunningService,com.dangdang.ddframe.job.cloud.scheduler.state.running.RunningService,L2843,L103,C:\Users\domco\Desktop\DP\repos\shardingsphere-elasticjob\elastic-job-cloud\elastic-job-cloud-scheduler\src\main\java\com\dangdang\ddframe\job\cloud\scheduler\state\running\RunningService.java,34,1,160,2,0.0,0,0,0,0.0,0.0,0,0,1,2,2,16,2,18,45,0,11,1.0,0.533898,63,63,12,0,0.533898,63,0,0,0,0,0,55,127,3,2,3,2,11,0,11,0,11,23,0,11,0,55,127,3,2,3,2,11,0,11,0,11,23,0,11,0,0,0,0,0,0,0,0,0,0,0,0,0,0,0,0,0,0,0,0,0,0
397,L2906,RunningServiceTest,com.dangdang.ddframe.job.cloud.scheduler.state.running.RunningServiceTest,L2843,L103,C:\Users\domco\Desktop\DP\repos\shardingsphere-elasticjob\elastic-job-cloud\elastic-job-cloud-scheduler\src\test\java\com\dangdang\ddframe\job\cloud\scheduler\state\running\RunningServiceTest.java,34,1,118,2,0.0,0,0,0,0.0,0.0,0,0,1,0,0,12,4,1,0,13,25,0.0,0.0,0,0,0,13,0.0,0,0,0,0,0,0,71,85,2,0,2,0,12,0,12,1,12,30,0,12,1,71,85,2,0,2,0,12,0,12,1,12,30,0,12,1,0,0,27,1,22,22,0,0,0,0,0,0,27,0,1,0,0,0,0,0,0
398,L2963,AbstractStatisticJob,com.dangdang.ddframe.job.cloud.scheduler.statistics.job.AbstractStatisticJob,L2950,L103,C:\Users\domco\Desktop\DP\repos\shardingsphere-elasticjob\elastic-job-cloud\elastic-job-cloud-scheduler\src\main\java\com\dangdang\ddframe\job\cloud\scheduler\statistics\job\AbstractStatisticJob.java,33,1,54,2,0.0,0,0,0,0.0,0.0,0,0,1,1,1,4,3,5,15,1,4,1.0,0.208333,5,5,1,0,0.208333,5,1,1,4,4,1,19,22,0,3,0,2,3,0,0,0,6,10,0,3,0,19,22,0,3,0,2,3,0,0,0,6,10,0,3,0,0,0,8,0,3,0,0,3,0,0,0,0,8,0,0,0,0,0,0,0,0
399,L2993,JobRunningStatisticJob,com.dangdang.ddframe.job.cloud.scheduler.statistics.job.JobRunningStatisticJob,L2950,L103,C:\Users\domco\Desktop\DP\repos\shardingsphere-elasticjob\elastic-job-cloud\elastic-job-cloud-scheduler\src\main\java\com\dangdang\ddframe\job\cloud\scheduler\statistics\job\JobRunningStatisticJob.java,50,1,155,2,0.0,0,0,0,0.0,0.0,0,0,2,2,2,20,8,2,6,9,20,0.333333,0.0927835,9,9,2,4,0.0927835,9,2,2,0,0,1,88,106,3,5,3,3,11,0,5,0,14,42,0,5,0,88,106,3,5,3,3,11,0,5,0,14,42,0,5,0,0,0,24,0,0,0,0,0,1,0,0,0,23,0,0,0,0,0,0,0,0
400,L3053,RegisteredJobStatisticJob,com.dangdang.ddframe.job.cloud.scheduler.statistics.job.RegisteredJobStatisticJob,L2950,L103,C:\Users\domco\Desktop\DP\repos\shardingsphere-elasticjob\elastic-job-cloud\elastic-job-cloud-scheduler\src\main\java\com\dangdang\ddframe\job\cloud\scheduler\statistics\job\RegisteredJobStatisticJob.java,50,1,104,2,0.0,0,0,0,0.0,0.0,0,0,2,1,1,8,6,2,5,8,13,0.2,0.0961538,5,5,1,4,0.0961538,5,2,2,0,0,1,47,55,3,3,3,1,5,0,4,0,8,18,0,4,0,47,55,3,3,3,1,5,0,4,0,8,18,0,4,0,0,0,14,0,0,0,0,0,1,0,0,0,13,0,0,0,0,0,0,0,0
401,L3081,TaskResultStatisticJob,com.dangdang.ddframe.job.cloud.scheduler.statistics.job.TaskResultStatisticJob,L2950,L103,C:\Users\domco\Desktop\DP\repos\shardingsphere-elasticjob\elastic-job-cloud\elastic-job-cloud-scheduler\src\main\java\com\dangdang\ddframe\job\cloud\scheduler\statistics\job\TaskResultStatisticJob.java,50,1,110,2,0.0,0,0,0,0.0,0.0,0,0,1,1,1,8,6,2,5,10,15,0.2,0.0862069,5,5,1,4,0.0862069,5,2,2,0,0,1,53,61,3,3,3,1,5,0,4,0,8,21,0,4,0,53,61,3,3,3,1,5,0,4,0,8,21,0,4,0,0,0,13,0,0,0,0,0,0,0,0,0,13,0,0,0,0,0,0,0,0
402,L3111,BaseStatisticJobTest,com.dangdang.ddframe.job.cloud.scheduler.statistics.job.BaseStatisticJobTest,L2950,L103,C:\Users\domco\Desktop\DP\repos\shardingsphere-elasticjob\elastic-job-cloud\elastic-job-cloud-scheduler\src\test\java\com\dangdang\ddframe\job\cloud\scheduler\statistics\job\BaseStatisticJobTest.java,31,1,60,2,0.0,0,0,0,0.0,0.0,0,0,1,2,2,6,4,1,0,4,8,0.0,0.0,0,0,0,5,0.0,0,0,0,0,0,0,24,30,1,0,1,0,4,0,4,1,4,7,0,4,1,24,30,1,0,1,0,4,0,4,1,4,7,0,4,1,0,0,11,0,3,3,0,0,0,0,0,0,11,0,0,0,0,0,0,0,0
403,L3128,JobRunningStatisticJobTest,com.dangdang.ddframe.job.cloud.scheduler.statistics.job.JobRunningStatisticJobTest,L2950,L103,C:\Users\domco\Desktop\DP\repos\shardingsphere-elasticjob\elastic-job-cloud\elastic-job-cloud-scheduler\src\test\java\com\dangdang\ddframe\job\cloud\scheduler\statistics\job\JobRunningStatisticJobTest.java,52,1,123,2,0.0,0,0,0,0.0,0.0,0,0,1,0,0,6,8,1,0,10,16,0.0,0.0,0,0,0,7,0.0,0,0,0,0,0,0,63,72,3,0,3,0,6,0,6,1,6,37,0,6,1,63,72,3,0,3,0,6,0,6,1,6,37,0,6,1,0,0,15,0,5,5,0,0,0,0,0,0,15,0,0,0,0,0,0,0,0
404,L3153,RegisteredJobStatisticJobTest,com.dangdang.ddframe.job.cloud.scheduler.statistics.job.RegisteredJobStatisticJobTest,L2950,L103,C:\Users\domco\Desktop\DP\repos\shardingsphere-elasticjob\elastic-job-cloud\elastic-job-cloud-scheduler\src\test\java\com\dangdang\ddframe\job\cloud\scheduler\statistics\job\RegisteredJobStatisticJobTest.java,44,1,102,2,0.0,0,0,0,0.0,0.0,0,0,1,0,0,6,7,1,0,9,15,0.0,0.0,0,0,0,7,0.0,0,0,0,0,0,0,50,59,3,0,3,0,6,0,6,1,6,24,0,6,1,50,59,3,0,3,0,6,0,6,1,6,24,0,6,1,0,0,15,0,5,5,0,0,0,0,0,0,15,0,0,0,0,0,0,0,0
405,L3174,TaskResultStatisticJobTest,com.dangdang.ddframe.job.cloud.scheduler.statistics.job.TaskResultStatisticJobTest,L2950,L103,C:\Users\domco\Desktop\DP\repos\shardingsphere-elasticjob\elastic-job-cloud\elastic-job-cloud-scheduler\src\test\java\com\dangdang\ddframe\job\cloud\scheduler\statistics\job\TaskResultStatisticJobTest.java,42,1,109,2,0.0,0,0,0,0.0,0.0,0,0,1,1,1,9,6,1,0,8,14,0.0,0.0,0,0,0,7,0.0,0,0,0,0,0,0,58,68,4,0,4,0,6,0,6,1,6,29,0,6,1,58,68,4,0,4,0,6,0,6,1,6,29,0,6,1,0,0,15,0,7,6,0,0,0,0,0,1,15,0,0,0,0,0,0,0,0
406,L3114,TestStatisticJob,com.dangdang.ddframe.job.cloud.scheduler.statistics.job.TestStatisticJob,L2950,L103,C:\Users\domco\Desktop\DP\repos\shardingsphere-elasticjob\elastic-job-cloud\elastic-job-cloud-scheduler\src\test\java\com\dangdang\ddframe\job\cloud\scheduler\statistics\job\TestStatisticJob.java,33,1,59,2,0.0,0,0,0,0.0,0.0,0,0,3,0,0,4,2,2,0,2,6,0.0,0.0,0,0,0,5,0.0,0,2,2,0,0,1,23,27,0,3,0,1,4,0,4,0,7,6,0,4,0,23,27,0,3,0,1,4,0,4,0,7,6,0,4,0,0,0,12,1,0,1,0,0,1,0,0,0,11,0,0,0,0,0,0,0,0
407,L3330,StatisticTimeUtils,com.dangdang.ddframe.job.cloud.scheduler.statistics.util.StatisticTimeUtils,L3325,L103,C:\Users\domco\Desktop\DP\repos\shardingsphere-elasticjob\elastic-job-cloud\elastic-job-cloud-scheduler\src\main\java\com\dangdang\ddframe\job\cloud\scheduler\statistics\util\StatisticTimeUtils.java,33,1,75,2,0.0,0,0,0,0.0,0.0,0,0,0,1,1,5,1,10,15,0,2,1.0,0.413043,19,19,3,0,0.413043,19,0,0,0,0,0,27,43,0,2,0,2,2,0,2,0,2,15,0,2,0,27,43,0,2,0,2,2,0,2,0,2,15,0,2,0,0,0,0,0,0,0,0,0,0,0,0,0,0,0,0,0,0,0,0,0,0
408,L3359,StatisticTimeUtilsTest,com.dangdang.ddframe.job.cloud.scheduler.statistics.util.StatisticTimeUtilsTest,L3325,L103,C:\Users\domco\Desktop\DP\repos\shardingsphere-elasticjob\elastic-job-cloud\elastic-job-cloud-scheduler\src\test\java\com\dangdang\ddframe\job\cloud\scheduler\statistics\util\StatisticTimeUtilsTest.java,30,1,73,2,0.0,0,0,0,0.0,0.0,0,0,1,1,1,10,2,1,0,2,9,0.0,0.0,0,0,0,3,0.0,0,0,0,0,0,0,37,44,0,5,0,5,7,0,2,0,7,14,0,2,0,37,44,0,5,0,5,7,0,2,0,7,14,0,2,0,0,0,17,1,11,9,0,0,0,0,0,0,17,0,3,0,0,0,0,0,0
409,L998,MasterBootstrap$1,com.dangdang.ddframe.job.cloud.scheduler.boot.MasterBootstrap$1,L930,L103,C:\Users\domco\Desktop\DP\repos\shardingsphere-elasticjob\elastic-job-cloud\elastic-job-cloud-scheduler\src\main\java\com\dangdang\ddframe\job\cloud\scheduler\boot\MasterBootstrap.java,84,59,92,10,0.0,0,0,0,0.0,0.0,0,0,1,0,0,1,3,0,0,3,4,0.0,0.0,0,0,0,2,0.0,0,0,0,0,0,0,8,9,0,0,0,0,1,0,1,0,1,3,0,1,0,8,9,0,0,0,0,1,0,1,0,1,3,0,1,0,0,0,5,0,0,0,0,0,0,0,0,0,5,0,0,0,0,0,0,0,0
410,L1024,MasterBootstrap$2,com.dangdang.ddframe.job.cloud.scheduler.boot.MasterBootstrap$2,L945,L103,C:\Users\domco\Desktop\DP\repos\shardingsphere-elasticjob\elastic-job-cloud\elastic-job-cloud-scheduler\src\main\java\com\dangdang\ddframe\job\cloud\scheduler\boot\MasterBootstrap.java,112,75,119,18,0.0,0,0,0,0.0,0.0,0,0,1,0,0,1,1,0,0,0,1,0.0,0.0,0,0,0,2,0.0,0,0,0,0,0,0,7,8,0,0,0,0,1,0,1,0,1,2,0,1,0,7,8,0,0,0,0,1,0,1,0,1,2,0,1,0,0,0,5,0,0,0,0,0,0,0,0,0,5,0,0,0,0,0,0,0,0
411,L1508,FacadeService$1,com.dangdang.ddframe.job.cloud.scheduler.mesos.FacadeService$1,L1483,L103,C:\Users\domco\Desktop\DP\repos\shardingsphere-elasticjob\elastic-job-cloud\elastic-job-cloud-scheduler\src\main\java\com\dangdang\ddframe\job\cloud\scheduler\mesos\FacadeService.java,104,120,110,10,0.0,0,0,0,0.0,0.0,0,0,1,0,0,1,2,0,0,0,1,0.0,0.0,0,0,0,2,0.0,0,0,0,0,0,0,6,7,0,0,0,0,1,0,1,0,1,1,0,1,0,6,7,0,0,0,0,1,0,1,0,1,1,0,1,0,0,0,5,0,0,0,0,0,0,0,0,0,5,0,0,0,0,0,0,0,0
412,L2791,ReadyService$1,com.dangdang.ddframe.job.cloud.scheduler.state.ready.ReadyService$1,L1476,L103,C:\Users\domco\Desktop\DP\repos\shardingsphere-elasticjob\elastic-job-cloud\elastic-job-cloud-scheduler\src\main\java\com\dangdang\ddframe\job\cloud\scheduler\state\ready\ReadyService.java,126,130,132,10,0.0,0,0,0,0.0,0.0,0,0,1,0,0,1,1,0,0,0,1,0.0,0.0,0,0,0,2,0.0,0,0,0,0,0,0,6,7,0,0,0,0,1,0,1,0,1,1,0,1,0,6,7,0,0,0,0,1,0,1,0,1,1,0,1,0,0,0,5,0,0,0,0,0,0,0,0,0,5,0,0,0,0,0,0,0,0
413,L3809,TaskContext$MetaInfo$1,com.dangdang.ddframe.job.context.TaskContext$MetaInfo$1,L1949,L103,C:\Users\domco\Desktop\DP\repos\shardingsphere-elasticjob\elastic-job-common\elastic-job-common-core\src\main\java\com\dangdang\ddframe\job\context\TaskContext.java,153,53,159,22,0.0,0,0,0,0.0,0.0,0,0,1,0,0,1,0,0,0,0,1,0.0,0.0,0,0,0,2,0.0,0,0,0,0,0,0,6,7,0,0,0,0,1,0,1,0,1,1,0,1,0,6,7,0,0,0,0,1,0,1,0,1,1,0,1,0,0,0,5,0,0,0,0,0,0,0,0,0,5,0,0,0,0,0,0,0,0
414,L3940,DatabaseType$1,com.dangdang.ddframe.job.event.rdb.DatabaseType$1,L3933,L103,C:\Users\domco\Desktop\DP\repos\shardingsphere-elasticjob\elastic-job-common\elastic-job-common-core\src\main\java\com\dangdang\ddframe\job\event\rdb\DatabaseType.java,48,152,53,10,0.0,0,0,0,0.0,0.0,0,0,1,0,0,1,1,0,0,0,1,0.0,0.0,0,0,0,2,0.0,0,0,0,0,0,0,6,6,0,0,0,0,1,0,1,0,1,1,0,1,0,6,6,0,0,0,0,1,0,1,0,1,1,0,1,0,0,0,5,0,0,0,0,0,0,0,0,0,5,0,0,0,0,0,0,0,0
415,L5269,ZookeeperRegistryCenter$1,com.dangdang.ddframe.job.reg.zookeeper.ZookeeperRegistryCenter$1,L5268,L103,C:\Users\domco\Desktop\DP\repos\shardingsphere-elasticjob\elastic-job-common\elastic-job-common-core\src\main\java\com\dangdang\ddframe\job\reg\zookeeper\ZookeeperRegistryCenter.java,84,51,95,21,0.0,0,0,0,0.0,0.0,0,0,0,0,0,2,0,0,0,0,2,0.0,0.0,0,0,0,3,0.0,0,0,0,0,0,0,10,12,0,2,0,2,2,0,2,0,2,2,0,2,0,10,12,0,2,0,2,2,0,2,0,2,2,0,2,0,0,0,7,0,0,0,0,0,0,0,0,0,7,0,0,0,0,0,0,0,0
416,L5306,ZookeeperRegistryCenter$2,com.dangdang.ddframe.job.reg.zookeeper.ZookeeperRegistryCenter$2,L5294,L103,C:\Users\domco\Desktop\DP\repos\shardingsphere-elasticjob\elastic-job-common\elastic-job-common-core\src\main\java\com\dangdang\ddframe\job\reg\zookeeper\ZookeeperRegistryCenter.java,171,63,177,14,0.0,0,0,0,0.0,0.0,0,0,1,0,0,1,0,0,0,0,1,0.0,0.0,0,0,0,2,0.0,0,0,0,0,0,0,6,7,0,0,0,0,1,0,1,0,1,1,0,1,0,6,7,0,0,0,0,1,0,1,0,1,1,0,1,0,0,0,5,0,0,0,0,0,0,0,0,0,5,0,0,0,0,0,0,0,0
417,L5360,EmbedTestingServer$1,com.dangdang.ddframe.job.reg.zookeeper.EmbedTestingServer$1,L5349,L103,C:\Users\domco\Desktop\DP\repos\shardingsphere-elasticjob\elastic-job-common\elastic-job-common-core\src\test\java\com\dangdang\ddframe\job\reg\zookeeper\EmbedTestingServer.java,51,63,61,14,1.0,1,4,1,1.0,1.0,11,10,1,1,1,2,2,0,0,1,2,0.0,0.0,0,0,0,2,0.0,0,0,0,0,0,0,10,11,0,0,0,0,1,0,1,0,1,3,0,1,0,10,11,0,0,0,0,1,0,1,0,1,3,0,1,0,0,0,15,0,0,0,10,0,0,0,0,0,5,0,0,0,0,0,0,0,0
418,L5989,GsonFactoryTest$1,com.dangdang.ddframe.job.util.json.GsonFactoryTest$1,L5986,L103,C:\Users\domco\Desktop\DP\repos\shardingsphere-elasticjob\elastic-job-common\elastic-job-common-core\src\test\java\com\dangdang\ddframe\job\util\json\GsonFactoryTest.java,41,82,52,10,0.0,0,0,0,0.0,0.0,0,0,2,0,0,2,0,0,0,0,2,0.0,0.0,0,0,0,3,0.0,0,0,0,0,0,0,10,12,0,0,0,0,2,0,2,0,2,2,0,2,0,10,12,0,0,0,0,2,0,2,0,2,2,0,2,0,0,0,8,0,0,0,0,0,1,0,0,0,7,0,0,0,0,0,0,0,0
419,L6325,TestRestfulApi$1,com.dangdang.ddframe.job.restful.fixture.TestRestfulApi$1,L6320,L103,C:\Users\domco\Desktop\DP\repos\shardingsphere-elasticjob\elastic-job-common\elastic-job-common-restful\src\test\java\com\dangdang\ddframe\job\restful\fixture\TestRestfulApi.java,41,95,47,10,0.0,0,0,0,0.0,0.0,0,0,1,0,0,1,0,0,0,0,1,0.0,0.0,0,0,0,2,0.0,0,0,0,0,0,0,6,7,0,0,0,0,1,0,1,0,1,1,0,1,0,6,7,0,0,0,0,1,0,1,0,1,1,0,1,0,0,0,5,0,0,0,0,0,0,0,0,0,5,0,0,0,0,0,0,0,0
420,L7076,AbstractXmlRepositoryImpl<E extends Object>,com.dangdang.ddframe.job.lite.console.repository.impl.AbstractXmlRepositoryImpl,L7072,L103,C:\Users\domco\Desktop\DP\repos\shardingsphere-elasticjob\elastic-job-lite\elastic-job-lite-console\src\main\java\com\dangdang\ddframe\job\lite\console\repository\impl\AbstractXmlRepositoryImpl.java,31,1,82,2,0.0,0,0,0,0.0,0.0,0,0,1,2,2,9,3,1,1,3,7,0.0,0.0,0,0,0,3,0.0,0,1,1,1,1,1,45,52,3,0,3,0,4,0,2,0,4,19,0,2,0,45,52,3,0,3,0,4,0,2,0,4,19,0,2,0,0,0,11,1,2,1,0,0,0,0,0,0,11,0,0,0,2,0,0,0,0
421,L7111,RegistryCenterConfigurationsXmlRepositoryImpl,com.dangdang.ddframe.job.lite.console.repository.impl.RegistryCenterConfigurationsXmlRepositoryImpl,L7072,L103,C:\Users\domco\Desktop\DP\repos\shardingsphere-elasticjob\elastic-job-lite\elastic-job-lite-console\src\main\java\com\dangdang\ddframe\job\lite\console\repository\impl\RegistryCenterConfigurationsXmlRepositoryImpl.java,25,1,31,2,0.0,0,0,0,0.0,0.0,0,0,0,0,0,1,3,0,0,1,2,0.0,0.0,0,0,0,2,0.0,0,2,3,0,0,2,6,7,3,0,0,0,1,0,1,0,5,1,0,3,0,6,7,3,0,0,0,1,0,1,0,5,1,0,3,0,0,0,6,0,0,0,0,0,0,0,0,0,5,0,0,1,0,0,0,0,0
422,L7200,JobAPIServiceImpl,com.dangdang.ddframe.job.lite.console.service.impl.JobAPIServiceImpl,L7196,L103,C:\Users\domco\Desktop\DP\repos\shardingsphere-elasticjob\elastic-job-lite\elastic-job-lite-console\src\main\java\com\dangdang\ddframe\job\lite\console\service\impl\JobAPIServiceImpl.java,31,1,57,2,0.0,0,0,0,0.0,0.0,0,0,0,0,0,4,8,0,0,5,9,0.0,0.0,0,0,0,5,0.0,0,1,1,0,0,1,23,27,0,4,0,4,4,0,4,0,4,8,0,4,0,23,27,0,4,0,4,4,0,4,0,4,8,0,4,0,0,0,11,0,0,0,0,0,0,0,0,0,11,0,0,0,0,0,0,0,0
423,L7228,RegistryCenterServiceImpl,com.dangdang.ddframe.job.lite.console.service.impl.RegistryCenterServiceImpl,L7196,L103,C:\Users\domco\Desktop\DP\repos\shardingsphere-elasticjob\elastic-job-lite\elastic-job-lite-console\src\main\java\com\dangdang\ddframe\job\lite\console\service\impl\RegistryCenterServiceImpl.java,30,1,105,2,0.0,0,0,0,0.0,0.0,0,0,1,2,2,17,5,0,0,3,11,0.0,0.0,0,0,0,6,0.0,0,1,1,0,0,1,67,76,1,0,1,0,8,0,5,1,8,32,0,5,1,67,76,1,0,1,0,8,0,5,1,8,32,0,5,1,0,0,19,0,0,0,0,0,0,0,0,0,19,0,0,0,0,0,0,0,0
424,L7478,TestDistributeOnceElasticJobListener,com.dangdang.ddframe.job.lite.api.listener.fixture.TestDistributeOnceElasticJobListener,L7497,L103,C:\Users\domco\Desktop\DP\repos\shardingsphere-elasticjob\elastic-job-lite\elastic-job-lite-core\src\test\java\com\dangdang\ddframe\job\lite\api\listener\fixture\TestDistributeOnceElasticJobListener.java,23,1,41,2,0.0,0,0,0,0.0,0.0,0,0,1,0,0,3,3,2,2,3,6,0.0,0.0,0,0,0,4,0.0,0,2,2,0,0,1,15,19,7,0,1,0,3,0,3,0,9,4,0,8,0,15,19,7,0,1,0,3,0,3,0,9,4,0,8,0,0,0,9,0,0,0,0,0,0,0,0,0,9,0,0,0,0,0,0,0,0
425,L7513,TestElasticJobListener,com.dangdang.ddframe.job.lite.api.listener.fixture.TestElasticJobListener,L7497,L103,C:\Users\domco\Desktop\DP\repos\shardingsphere-elasticjob\elastic-job-lite\elastic-job-lite-core\src\test\java\com\dangdang\ddframe\job\lite\api\listener\fixture\TestElasticJobListener.java,24,1,38,2,0.0,0,0,0,0.0,0.0,0,0,1,0,0,2,3,2,0,2,4,0.0,0.0,0,0,0,3,0.0,0,1,1,0,0,1,12,15,1,0,1,0,2,0,2,0,2,2,0,2,0,12,15,1,0,1,0,2,0,2,0,2,2,0,2,0,0,0,7,0,0,0,0,0,0,0,0,0,7,0,0,0,0,0,0,0,0
426,L7538,AverageAllocationJobShardingStrategy,com.dangdang.ddframe.job.lite.api.strategy.impl.AverageAllocationJobShardingStrategy,L7529,L103,C:\Users\domco\Desktop\DP\repos\shardingsphere-elasticjob\elastic-job-lite\elastic-job-lite-core\src\main\java\com\dangdang\ddframe\job\lite\api\strategy\impl\AverageAllocationJobShardingStrategy.java,43,1,80,2,0.0,0,0,0,0.0,0.0,0,0,1,2,2,8,2,5,2,0,3,0.5,0.270833,13,13,1,1,0.270833,13,1,1,0,0,1,35,38,0,0,0,0,3,0,1,0,3,23,0,1,0,35,38,0,0,0,0,3,0,1,0,3,23,0,1,0,0,0,7,0,0,0,0,0,0,0,0,0,7,0,0,0,0,0,0,0,0
427,L7570,OdevitySortByNameJobShardingStrategy,com.dangdang.ddframe.job.lite.api.strategy.impl.OdevitySortByNameJobShardingStrategy,L7529,L103,C:\Users\domco\Desktop\DP\repos\shardingsphere-elasticjob\elastic-job-lite\elastic-job-lite-core\src\main\java\com\dangdang\ddframe\job\lite\api\strategy\impl\OdevitySortByNameJobShardingStrategy.java,41,1,53,2,0.0,0,0,0,0.0,0.0,0,0,1,1,1,2,3,1,2,1,2,0.5,0.56,14,14,1,1,0.56,14,1,1,0,0,1,11,13,1,0,1,0,1,0,1,0,1,4,0,1,0,11,13,1,0,1,0,1,0,1,0,1,4,0,1,0,0,0,3,0,1,0,0,0,0,0,0,1,3,0,0,0,0,0,0,0,0
428,L7583,RotateServerByNameJobShardingStrategy,com.dangdang.ddframe.job.lite.api.strategy.impl.RotateServerByNameJobShardingStrategy,L7529,L103,C:\Users\domco\Desktop\DP\repos\shardingsphere-elasticjob\elastic-job-lite\elastic-job-lite-core\src\main\java\com\dangdang\ddframe\job\lite\api\strategy\impl\RotateServerByNameJobShardingStrategy.java,32,1,54,2,0.0,0,0,0,0.0,0.0,0,0,1,1,1,4,3,1,3,1,3,0.5,0.2,5,5,1,1,0.2,5,1,1,0,0,1,20,23,1,0,1,0,2,0,1,0,2,12,0,1,0,20,23,1,0,1,0,2,0,1,0,2,12,0,1,0,0,0,7,0,1,0,0,0,0,0,0,1,7,0,0,0,0,0,0,0,0
429,L7602,AverageAllocationJobShardingStrategyTest,com.dangdang.ddframe.job.lite.api.strategy.impl.AverageAllocationJobShardingStrategyTest,L7529,L103,C:\Users\domco\Desktop\DP\repos\shardingsphere-elasticjob\elastic-job-lite\elastic-job-lite-core\src\test\java\com\dangdang\ddframe\job\lite\api\strategy\impl\AverageAllocationJobShardingStrategyTest.java,33,1,88,2,0.0,0,0,0,0.0,0.0,0,0,1,0,0,7,2,1,0,1,8,0.0,0.0,0,0,0,7,0.0,0,0,0,0,0,0,48,56,1,1,1,1,7,0,6,0,7,25,0,6,0,48,56,1,1,1,1,7,0,6,0,7,25,0,6,0,0,0,17,3,6,6,0,0,0,0,0,0,17,0,3,0,0,0,0,0,0
430,L7617,OdevitySortByNameJobShardingStrategyTest,com.dangdang.ddframe.job.lite.api.strategy.impl.OdevitySortByNameJobShardingStrategyTest,L7529,L103,C:\Users\domco\Desktop\DP\repos\shardingsphere-elasticjob\elastic-job-lite\elastic-job-lite-core\src\test\java\com\dangdang\ddframe\job\lite\api\strategy\impl\OdevitySortByNameJobShardingStrategyTest.java,32,1,53,2,0.0,0,0,0,0.0,0.0,0,0,1,0,0,2,2,1,0,1,3,0.0,0.0,0,0,0,3,0.0,0,0,0,0,0,0,19,22,1,0,1,0,2,0,2,0,2,10,0,2,0,19,22,1,0,1,0,2,0,2,0,2,10,0,2,0,0,0,7,3,3,2,0,0,0,0,0,1,7,0,3,0,0,0,0,0,0
431,L7626,RotateServerByNameJobShardingStrategyTest,com.dangdang.ddframe.job.lite.api.strategy.impl.RotateServerByNameJobShardingStrategyTest,L7529,L103,C:\Users\domco\Desktop\DP\repos\shardingsphere-elasticjob\elastic-job-lite\elastic-job-lite-core\src\test\java\com\dangdang\ddframe\job\lite\api\strategy\impl\RotateServerByNameJobShardingStrategyTest.java,32,1,62,2,0.0,0,0,0,0.0,0.0,0,0,1,0,0,3,2,1,0,1,4,0.0,0.0,0,0,0,4,0.0,0,0,0,0,0,0,27,31,1,0,1,0,3,0,3,0,3,15,0,3,0,27,31,1,0,1,0,3,0,3,0,3,15,0,3,0,0,0,9,3,4,3,0,0,0,0,0,1,9,0,3,0,0,0,0,0,0
432,L7667,InvalidJobShardingStrategy,com.dangdang.ddframe.job.lite.api.strategy.fixture.InvalidJobShardingStrategy,L7664,L103,C:\Users\domco\Desktop\DP\repos\shardingsphere-elasticjob\elastic-job-lite\elastic-job-lite-core\src\test\java\com\dangdang\ddframe\job\lite\api\strategy\fixture\InvalidJobShardingStrategy.java,26,1,35,2,0.0,0,0,0,0.0,0.0,0,0,1,0,0,2,2,1,0,0,2,0.0,0.0,0,0,0,3,0.0,0,1,1,0,0,1,8,10,0,0,0,0,2,0,2,0,2,1,0,2,0,8,10,0,0,0,0,2,0,2,0,2,1,0,2,0,0,0,7,0,1,0,0,0,0,0,0,0,7,1,0,0,0,0,0,0,0
433,L7836,ConfigurationListenerManager$CronSettingAndJobEventChangedJobListener,com.dangdang.ddframe.job.lite.internal.config.ConfigurationListenerManager$CronSettingAndJobEventChangedJobListener,L7814,L103,C:\Users\domco\Desktop\DP\repos\shardingsphere-elasticjob\elastic-job-lite\elastic-job-lite-core\src\main\java\com\dangdang\ddframe\job\lite\internal\config\ConfigurationListenerManager.java,53,5,66,6,0.0,0,0,0,0.0,0.0,0,0,1,2,2,4,7,2,4,5,6,0.0,0.0,0,0,0,1,0.0,0,1,1,0,0,1,13,14,0,0,0,0,1,0,0,0,2,6,0,1,0,13,14,0,0,0,0,1,0,0,0,2,6,0,1,0,0,0,5,0,0,0,0,0,0,0,0,0,5,0,0,0,0,0,0,0,0
434,L7919,LiteJobConfigurationGsonFactory$LiteJobConfigurationGsonTypeAdapter,com.dangdang.ddframe.job.lite.internal.config.LiteJobConfigurationGsonFactory$LiteJobConfigurationGsonTypeAdapter,L7915,L103,C:\Users\domco\Desktop\DP\repos\shardingsphere-elasticjob\elastic-job-lite\elastic-job-lite-core\src\main\java\com\dangdang\ddframe\job\lite\internal\config\LiteJobConfigurationGsonFactory.java,79,5,141,6,0.271028,5,32,5,0.349206,0.366667,22,22,2,1,1,15,5,0,0,8,11,1.0,0.0769231,5,5,1,0,0.0769231,5,1,1,0,0,1,60,63,0,4,0,1,3,0,0,0,8,35,0,2,0,60,63,0,4,0,1,3,0,0,0,8,35,0,2,0,0,0,21,6,0,0,12,0,1,0,0,0,8,0,6,0,0,0,0,0,0
435,L8067,ElectionListenerManager$LeaderElectionJobListener,com.dangdang.ddframe.job.lite.internal.election.ElectionListenerManager$LeaderElectionJobListener,L8033,L103,C:\Users\domco\Desktop\DP\repos\shardingsphere-elasticjob\elastic-job-lite\elastic-job-lite-core\src\main\java\com\dangdang\ddframe\job\lite\internal\election\ElectionListenerManager.java,61,5,116,6,0.0,0,0,0,0.0,0.0,0,0,1,1,1,6,5,2,7,7,8,0.0,0.0,0,0,0,1,0.0,0,1,1,0,0,1,15,17,0,0,0,0,1,0,0,0,2,8,0,1,0,44,56,2,0,2,0,9,0,0,0,10,16,0,1,0,0,0,24,0,2,0,0,2,0,0,0,0,24,0,0,0,0,0,0,0,0
436,L8146,LeaderElectionService$LeaderElectionExecutionCallback,com.dangdang.ddframe.job.lite.internal.election.LeaderElectionService$LeaderElectionExecutionCallback,L8036,L103,C:\Users\domco\Desktop\DP\repos\shardingsphere-elasticjob\elastic-job-lite\elastic-job-lite-core\src\main\java\com\dangdang\ddframe\job\lite\internal\election\LeaderElectionService.java,102,5,113,6,0.0,0,0,0,0.0,0.0,0,0,1,1,1,4,6,2,0,4,5,0.0,0.0,0,0,0,2,0.0,0,1,1,0,0,1,10,12,1,0,1,0,1,0,1,0,1,2,0,1,0,10,12,1,0,1,0,1,0,1,0,1,2,0,1,0,0,0,5,0,0,0,0,0,0,0,0,0,5,0,0,0,0,0,0,0,0
437,L8282,ExecutionListenerManager$MonitorExecutionChangedJobListener,com.dangdang.ddframe.job.lite.internal.execution.ExecutionListenerManager$MonitorExecutionChangedJobListener,L8267,L103,C:\Users\domco\Desktop\DP\repos\shardingsphere-elasticjob\elastic-job-lite\elastic-job-lite-core\src\main\java\com\dangdang\ddframe\job\lite\internal\execution\ExecutionListenerManager.java,51,5,60,6,0.0,0,0,0,0.0,0.0,0,0,1,1,1,4,5,2,4,3,4,0.0,0.0,0,0,0,1,0.0,0,1,1,0,0,1,9,10,0,0,0,0,1,0,0,0,2,2,0,1,0,9,10,0,0,0,0,1,0,0,0,2,2,0,1,0,0,0,5,0,0,0,0,0,0,0,0,0,5,0,0,0,0,0,0,0,0
438,L8623,FailoverListenerManager$JobCrashedJobListener,com.dangdang.ddframe.job.lite.internal.failover.FailoverListenerManager$JobCrashedJobListener,L8587,L103,C:\Users\domco\Desktop\DP\repos\shardingsphere-elasticjob\elastic-job-lite\elastic-job-lite-core\src\main\java\com\dangdang\ddframe\job\lite\internal\failover\FailoverListenerManager.java,86,5,92,6,0.0,0,0,0,0.0,0.0,0,0,1,0,0,1,3,2,6,2,3,0.0,0.0,0,0,0,1,0.0,0,1,1,0,0,1,6,7,0,0,0,0,1,0,0,0,2,1,0,1,0,6,7,0,0,0,0,1,0,0,0,2,1,0,1,0,0,0,5,0,0,0,0,0,0,0,0,0,5,0,0,0,0,0,0,0,0
439,L8628,FailoverListenerManager$FailoverJobCrashedJobListener,com.dangdang.ddframe.job.lite.internal.failover.FailoverListenerManager$FailoverJobCrashedJobListener,L8587,L103,C:\Users\domco\Desktop\DP\repos\shardingsphere-elasticjob\elastic-job-lite\elastic-job-lite-core\src\main\java\com\dangdang\ddframe\job\lite\internal\failover\FailoverListenerManager.java,94,5,100,6,0.0,0,0,0,0.0,0.0,0,0,1,0,0,1,3,2,6,2,3,0.0,0.0,0,0,0,1,0.0,0,1,1,0,0,1,6,7,0,0,0,0,1,0,0,0,2,1,0,1,0,6,7,0,0,0,0,1,0,0,0,2,1,0,1,0,0,0,5,0,0,0,0,0,0,0,0,0,5,0,0,0,0,0,0,0,0
440,L8633,FailoverListenerManager$FailoverSettingsChangedJobListener,com.dangdang.ddframe.job.lite.internal.failover.FailoverListenerManager$FailoverSettingsChangedJobListener,L8587,L103,C:\Users\domco\Desktop\DP\repos\shardingsphere-elasticjob\elastic-job-lite\elastic-job-lite-core\src\main\java\com\dangdang\ddframe\job\lite\internal\failover\FailoverListenerManager.java,102,5,111,6,0.0,0,0,0,0.0,0.0,0,0,1,1,1,4,6,2,4,4,5,0.0,0.0,0,0,0,1,0.0,0,1,1,0,0,1,9,10,0,0,0,0,1,0,0,0,2,2,0,1,0,9,10,0,0,0,0,1,0,0,0,2,2,0,1,0,0,0,5,0,0,0,0,0,0,0,0,0,5,0,0,0,0,0,0,0,0
441,L8716,FailoverService$FailoverLeaderExecutionCallback,com.dangdang.ddframe.job.lite.internal.failover.FailoverService$FailoverLeaderExecutionCallback,L8596,L103,C:\Users\domco\Desktop\DP\repos\shardingsphere-elasticjob\elastic-job-lite\elastic-job-lite-core\src\main\java\com\dangdang\ddframe\job\lite\internal\failover\FailoverService.java,144,5,158,6,0.0,0,0,0,0.0,0.0,0,0,1,1,1,2,7,2,2,10,11,0.0,0.0714286,1,0,0,2,0.0714286,1,1,1,0,0,1,13,15,0,0,0,0,1,0,1,0,1,7,0,1,0,13,15,0,0,0,0,1,0,1,0,1,7,0,1,0,0,0,5,0,0,0,0,0,0,0,0,0,5,0,0,0,0,0,0,0,0
442,L8837,GuaranteeListenerManager$StartedNodeRemovedJobListener,com.dangdang.ddframe.job.lite.internal.guarantee.GuaranteeListenerManager$StartedNodeRemovedJobListener,L8821,L103,C:\Users\domco\Desktop\DP\repos\shardingsphere-elasticjob\elastic-job-lite\elastic-job-lite-core\src\main\java\com\dangdang\ddframe\job\lite\internal\guarantee\GuaranteeListenerManager.java,54,5,66,6,0.953488,1,4,1,0.769231,0.833333,10,10,1,3,3,5,5,2,3,2,3,0.0,0.0,0,0,0,1,0.0,0,1,1,0,0,1,12,13,0,0,0,0,1,0,0,0,2,4,0,1,0,12,13,0,0,0,0,1,0,0,0,2,4,0,1,0,0,0,16,0,0,0,11,0,0,0,0,0,5,0,0,0,0,0,0,0,0
443,L8842,GuaranteeListenerManager$CompletedNodeRemovedJobListener,com.dangdang.ddframe.job.lite.internal.guarantee.GuaranteeListenerManager$CompletedNodeRemovedJobListener,L8821,L103,C:\Users\domco\Desktop\DP\repos\shardingsphere-elasticjob\elastic-job-lite\elastic-job-lite-core\src\main\java\com\dangdang\ddframe\job\lite\internal\guarantee\GuaranteeListenerManager.java,68,5,80,6,0.953488,1,4,1,0.769231,0.833333,10,10,1,3,3,5,5,2,3,2,3,0.0,0.0,0,0,0,1,0.0,0,1,1,0,0,1,12,13,0,0,0,0,1,0,0,0,2,4,0,1,0,12,13,0,0,0,0,1,0,0,0,2,4,0,1,0,0,0,16,0,0,0,11,0,0,0,0,0,5,0,0,0,0,0,0,0,0
444,L9026,FooJobListener,com.dangdang.ddframe.job.lite.internal.listener.fixture.FooJobListener,L9023,L103,C:\Users\domco\Desktop\DP\repos\shardingsphere-elasticjob\elastic-job-lite\elastic-job-lite-core\src\test\java\com\dangdang\ddframe\job\lite\internal\listener\fixture\FooJobListener.java,25,1,31,2,0.0,0,0,0,0.0,0.0,0,0,1,0,0,1,1,1,0,0,1,0.0,0.0,0,0,0,1,0.0,0,1,1,0,0,1,6,7,0,0,0,0,1,0,0,0,2,1,0,1,0,6,7,0,0,0,0,1,0,0,0,2,1,0,1,0,0,0,5,0,0,0,0,0,0,0,0,0,5,0,0,0,0,0,0,0,0
445,L9498,JobOperationListenerManager$ConnectionLostListener,com.dangdang.ddframe.job.lite.internal.server.JobOperationListenerManager$ConnectionLostListener,L8990,L103,C:\Users\domco\Desktop\DP\repos\shardingsphere-elasticjob\elastic-job-lite\elastic-job-lite-core\src\main\java\com\dangdang\ddframe\job\lite\internal\server\JobOperationListenerManager.java,67,5,82,6,0.0,0,0,0,0.0,0.0,0,0,1,3,2,4,6,2,4,9,10,0.0,0.0,0,0,0,2,0.0,0,0,0,0,0,0,15,16,0,0,0,0,1,0,1,0,1,8,0,1,0,15,16,0,0,0,0,1,0,1,0,1,8,0,1,0,0,0,5,0,0,0,0,0,0,0,0,0,5,0,0,0,0,0,0,0,0
446,L9503,JobOperationListenerManager$JobTriggerStatusJobListener,com.dangdang.ddframe.job.lite.internal.server.JobOperationListenerManager$JobTriggerStatusJobListener,L8990,L103,C:\Users\domco\Desktop\DP\repos\shardingsphere-elasticjob\elastic-job-lite\elastic-job-lite-core\src\main\java\com\dangdang\ddframe\job\lite\internal\server\JobOperationListenerManager.java,84,5,100,6,0.0,0,0,0,0.0,0.0,0,0,1,1,1,5,6,2,5,6,7,0.0,0.0,0,0,0,1,0.0,0,1,1,0,0,1,16,17,0,0,0,0,1,0,0,0,2,8,0,1,0,16,17,0,0,0,0,1,0,0,0,2,8,0,1,0,0,0,5,0,0,0,0,0,0,0,0,0,5,0,0,0,0,0,0,0,0
447,L9508,JobOperationListenerManager$JobPausedStatusJobListener,com.dangdang.ddframe.job.lite.internal.server.JobOperationListenerManager$JobPausedStatusJobListener,L8990,L103,C:\Users\domco\Desktop\DP\repos\shardingsphere-elasticjob\elastic-job-lite\elastic-job-lite-core\src\main\java\com\dangdang\ddframe\job\lite\internal\server\JobOperationListenerManager.java,102,5,121,6,0.0,0,0,0,0.0,0.0,0,0,1,1,1,5,6,2,5,6,7,0.0,0.0,0,0,0,1,0.0,0,1,1,0,0,1,19,20,0,0,0,0,1,0,0,0,2,10,0,1,0,19,20,0,0,0,0,1,0,0,0,2,10,0,1,0,0,0,5,0,0,0,0,0,0,0,0,0,5,0,0,0,0,0,0,0,0
448,L9513,JobOperationListenerManager$JobShutdownStatusJobListener,com.dangdang.ddframe.job.lite.internal.server.JobOperationListenerManager$JobShutdownStatusJobListener,L8990,L103,C:\Users\domco\Desktop\DP\repos\shardingsphere-elasticjob\elastic-job-lite\elastic-job-lite-core\src\main\java\com\dangdang\ddframe\job\lite\internal\server\JobOperationListenerManager.java,123,5,136,6,0.0,0,0,0,0.0,0.0,0,0,1,1,1,4,6,2,4,5,6,0.0,0.0,0,0,0,1,0.0,0,1,1,0,0,1,13,14,0,0,0,0,1,0,0,0,2,6,0,1,0,13,14,0,0,0,0,1,0,0,0,2,6,0,1,0,0,0,5,0,0,0,0,0,0,0,0,0,5,0,0,0,0,0,0,0,0
449,L9765,ShardingListenerManager$ShardingTotalCountChangedJobListener,com.dangdang.ddframe.job.lite.internal.sharding.ShardingListenerManager$ShardingTotalCountChangedJobListener,L8984,L103,C:\Users\domco\Desktop\DP\repos\shardingsphere-elasticjob\elastic-job-lite\elastic-job-lite-core\src\main\java\com\dangdang\ddframe\job\lite\internal\sharding\ShardingListenerManager.java,64,5,77,6,0.0,0,0,0,0.0,0.0,0,0,1,2,2,4,6,2,4,4,5,0.0,0.0,0,0,0,1,0.0,0,1,1,0,0,1,13,14,0,0,0,0,1,0,0,0,2,6,0,1,0,13,14,0,0,0,0,1,0,0,0,2,6,0,1,0,0,0,5,0,0,0,0,0,0,0,0,0,5,0,0,0,0,0,0,0,0
450,L9770,ShardingListenerManager$ListenServersChangedJobListener,com.dangdang.ddframe.job.lite.internal.sharding.ShardingListenerManager$ListenServersChangedJobListener,L8984,L103,C:\Users\domco\Desktop\DP\repos\shardingsphere-elasticjob\elastic-job-lite\elastic-job-lite-core\src\main\java\com\dangdang\ddframe\job\lite\internal\sharding\ShardingListenerManager.java,79,5,91,6,0.0,0,0,0,0.0,0.0,0,0,1,1,1,6,4,2,4,4,6,0.0,0.0,0,0,0,1,0.0,0,1,1,0,0,1,11,13,0,0,0,0,2,0,0,0,3,3,0,1,0,11,13,0,0,0,0,2,0,0,0,3,3,0,1,0,0,0,7,0,0,0,0,0,0,0,0,0,7,0,0,0,0,0,0,0,0
451,L9830,ShardingService$PersistShardingInfoTransactionExecutionCallback,com.dangdang.ddframe.job.lite.internal.sharding.ShardingService$PersistShardingInfoTransactionExecutionCallback,L8592,L103,C:\Users\domco\Desktop\DP\repos\shardingsphere-elasticjob\elastic-job-lite\elastic-job-lite-core\src\main\java\com\dangdang\ddframe\job\lite\internal\sharding\ShardingService.java,157,5,170,6,0.0,0,0,0,0.0,0.0,0,0,1,1,1,2,5,2,1,3,4,0.0,0.0,0,0,0,2,0.0,0,1,1,0,0,1,12,14,1,0,1,0,1,0,1,0,1,4,0,1,0,12,14,1,0,1,0,1,0,1,0,1,4,0,1,0,0,0,5,0,0,0,0,0,0,0,0,0,5,0,0,0,0,0,0,0,1.0
452,L10290,AbstractBaseStdJobTest$1,com.dangdang.ddframe.job.lite.integrate.AbstractBaseStdJobTest$1,L10256,L103,C:\Users\domco\Desktop\DP\repos\shardingsphere-elasticjob\elastic-job-lite\elastic-job-lite-core\src\test\java\com\dangdang\ddframe\job\lite\integrate\AbstractBaseStdJobTest.java,86,92,96,10,1.0,1,1,1,1.0,1.0,11,9,2,0,0,2,4,0,0,1,3,0.0,0.0,0,0,0,3,0.0,0,1,1,0,0,1,9,11,0,0,0,0,2,0,2,0,2,1,0,2,0,9,11,0,0,0,0,2,0,2,0,2,1,0,2,0,0,0,23,1,1,0,15,0,1,0,0,0,7,1,1,0,0,0,0,0,0
453,L10298,AbstractBaseStdJobTest$2,com.dangdang.ddframe.job.lite.integrate.AbstractBaseStdJobTest$2,L10256,L103,C:\Users\domco\Desktop\DP\repos\shardingsphere-elasticjob\elastic-job-lite\elastic-job-lite-core\src\test\java\com\dangdang\ddframe\job\lite\integrate\AbstractBaseStdJobTest.java,96,67,106,10,1.0,1,1,1,1.0,1.0,11,9,2,0,0,2,4,0,0,1,3,0.0,0.0,0,0,0,3,0.0,0,2,2,0,0,1,9,11,6,0,0,0,2,0,2,0,8,1,0,7,0,9,11,6,0,0,0,2,0,2,0,8,1,0,7,0,0,0,23,0,1,0,15,0,1,0,0,0,7,1,0,0,0,0,0,0,0
454,L10361,EmbedTestingServer$1,com.dangdang.ddframe.job.lite.integrate.EmbedTestingServer$1,L10314,L103,C:\Users\domco\Desktop\DP\repos\shardingsphere-elasticjob\elastic-job-lite\elastic-job-lite-core\src\test\java\com\dangdang\ddframe\job\lite\integrate\EmbedTestingServer.java,51,63,61,14,1.0,1,4,1,1.0,1.0,11,10,1,1,1,2,2,0,0,1,2,0.0,0.0,0,0,0,2,0.0,0,0,0,0,0,0,10,11,0,0,0,0,1,0,1,0,1,3,0,1,0,10,11,0,0,0,0,1,0,1,0,1,3,0,1,0,0,0,15,0,0,0,10,0,0,0,0,0,5,0,0,0,0,0,0,0,0
455,L10372,OneOffDataflowElasticJob,com.dangdang.ddframe.job.lite.integrate.fixture.dataflow.OneOffDataflowElasticJob,L10366,L103,C:\Users\domco\Desktop\DP\repos\shardingsphere-elasticjob\elastic-job-lite\elastic-job-lite-core\src\test\java\com\dangdang\ddframe\job\lite\integrate\fixture\dataflow\OneOffDataflowElasticJob.java,28,1,53,2,0.0,0,0,0,0.0,0.0,0,0,1,1,1,5,2,1,2,0,4,0.0,0.0,0,0,0,5,0.0,0,2,2,0,0,1,20,26,2,0,2,0,4,0,4,0,4,5,0,4,0,20,26,2,0,2,0,4,0,4,0,4,5,0,4,0,0,0,11,0,0,0,0,0,0,0,0,0,11,0,0,0,0,0,0,0,0
456,L10393,StreamingDataflowElasticJob,com.dangdang.ddframe.job.lite.integrate.fixture.dataflow.StreamingDataflowElasticJob,L10366,L103,C:\Users\domco\Desktop\DP\repos\shardingsphere-elasticjob\elastic-job-lite\elastic-job-lite-core\src\test\java\com\dangdang\ddframe\job\lite\integrate\fixture\dataflow\StreamingDataflowElasticJob.java,28,1,53,2,0.0,0,0,0,0.0,0.0,0,0,1,1,1,6,2,4,8,0,4,0.0,0.0,0,0,0,5,0.0,0,2,2,0,0,1,20,26,2,0,2,0,4,0,4,0,4,5,0,4,0,20,26,2,0,2,0,4,0,4,0,4,5,0,4,0,0,0,11,0,0,0,0,0,0,0,0,0,11,0,0,0,0,0,0,0,0
457,L10406,StreamingDataflowElasticJobForExecuteFailure,com.dangdang.ddframe.job.lite.integrate.fixture.dataflow.StreamingDataflowElasticJobForExecuteFailure,L10366,L103,C:\Users\domco\Desktop\DP\repos\shardingsphere-elasticjob\elastic-job-lite\elastic-job-lite-core\src\test\java\com\dangdang\ddframe\job\lite\integrate\fixture\dataflow\StreamingDataflowElasticJobForExecuteFailure.java,27,1,48,2,0.0,0,0,0,0.0,0.0,0,0,1,1,1,4,2,1,1,0,3,0.0,0.0,0,0,0,4,0.0,0,2,2,0,0,1,18,22,1,0,1,0,3,0,3,0,3,5,0,3,0,18,22,1,0,1,0,3,0,3,0,3,5,0,3,0,0,0,9,0,0,0,0,0,0,0,0,0,9,0,0,0,0,0,0,0,0
458,L10416,StreamingDataflowElasticJobForExecuteThrowsException,com.dangdang.ddframe.job.lite.integrate.fixture.dataflow.StreamingDataflowElasticJobForExecuteThrowsException,L10366,L103,C:\Users\domco\Desktop\DP\repos\shardingsphere-elasticjob\elastic-job-lite\elastic-job-lite-core\src\test\java\com\dangdang\ddframe\job\lite\integrate\fixture\dataflow\StreamingDataflowElasticJobForExecuteThrowsException.java,28,1,50,2,0.0,0,0,0,0.0,0.0,0,0,1,1,1,4,3,1,1,1,4,0.0,0.0,0,0,0,4,0.0,0,2,2,0,0,1,19,23,1,0,1,0,3,0,3,0,3,6,0,3,0,19,23,1,0,1,0,3,0,3,0,3,6,0,3,0,0,0,9,0,0,0,0,0,0,0,0,0,9,0,0,0,0,0,0,0,0
459,L10433,FooSimpleElasticJob,com.dangdang.ddframe.job.lite.integrate.fixture.simple.FooSimpleElasticJob,L10430,L103,C:\Users\domco\Desktop\DP\repos\shardingsphere-elasticjob\elastic-job-lite\elastic-job-lite-core\src\test\java\com\dangdang\ddframe\job\lite\integrate\fixture\simple\FooSimpleElasticJob.java,24,1,37,2,0.0,0,0,0,0.0,0.0,0,0,1,0,0,2,2,2,2,0,2,0.0,0.0,0,0,0,3,0.0,0,2,2,0,0,1,11,14,1,0,1,0,2,0,2,0,2,2,0,2,0,11,14,1,0,1,0,2,0,2,0,2,2,0,2,0,0,0,7,0,0,0,0,0,0,0,0,0,7,0,0,0,0,0,0,0,0
460,L10328,OneOffDataflowElasticJobTest,com.dangdang.ddframe.job.lite.integrate.std.dataflow.OneOffDataflowElasticJobTest,L10441,L103,C:\Users\domco\Desktop\DP\repos\shardingsphere-elasticjob\elastic-job-lite\elastic-job-lite-core\src\test\java\com\dangdang\ddframe\job\lite\integrate\std\dataflow\OneOffDataflowElasticJobTest.java,31,1,56,2,0.0,0,0,0,0.0,0.0,0,0,2,1,1,5,5,1,0,5,9,0.0,0.0,0,0,0,4,0.0,0,2,2,0,0,1,22,26,9,0,0,0,4,0,3,1,19,7,0,8,3,22,26,9,0,0,0,4,0,3,1,19,7,0,8,3,0,0,12,0,1,1,0,0,1,0,0,0,11,0,0,0,0,0,0,0,0
461,L10340,StreamingDataflowElasticJobForExecuteFailureTest,com.dangdang.ddframe.job.lite.integrate.std.dataflow.StreamingDataflowElasticJobForExecuteFailureTest,L10441,L103,C:\Users\domco\Desktop\DP\repos\shardingsphere-elasticjob\elastic-job-lite\elastic-job-lite-core\src\test\java\com\dangdang\ddframe\job\lite\integrate\std\dataflow\StreamingDataflowElasticJobForExecuteFailureTest.java,31,1,55,2,0.0,0,0,0,0.0,0.0,0,0,2,1,1,5,5,1,0,4,8,0.0,0.0,0,0,0,4,0.0,0,2,2,0,0,1,21,25,9,0,0,0,4,0,3,1,19,6,0,8,3,21,25,9,0,0,0,4,0,3,1,19,6,0,8,3,0,0,12,0,1,1,0,0,1,0,0,0,11,0,0,0,0,0,0,0,0
462,L10343,StreamingDataflowElasticJobForExecuteThrowsExceptionTest,com.dangdang.ddframe.job.lite.integrate.std.dataflow.StreamingDataflowElasticJobForExecuteThrowsExceptionTest,L10441,L103,C:\Users\domco\Desktop\DP\repos\shardingsphere-elasticjob\elastic-job-lite\elastic-job-lite-core\src\test\java\com\dangdang\ddframe\job\lite\integrate\std\dataflow\StreamingDataflowElasticJobForExecuteThrowsExceptionTest.java,31,1,55,2,0.0,0,0,0,0.0,0.0,0,0,2,1,1,5,5,1,0,4,8,0.0,0.0,0,0,0,4,0.0,0,2,2,0,0,1,21,25,9,0,0,0,4,0,3,1,19,6,0,8,3,21,25,9,0,0,0,4,0,3,1,19,6,0,8,3,0,0,12,0,1,1,0,0,1,0,0,0,11,0,0,0,0,0,0,0,0
463,L10337,StreamingDataflowElasticJobForMultipleThreadsTest,com.dangdang.ddframe.job.lite.integrate.std.dataflow.StreamingDataflowElasticJobForMultipleThreadsTest,L10441,L103,C:\Users\domco\Desktop\DP\repos\shardingsphere-elasticjob\elastic-job-lite\elastic-job-lite-core\src\test\java\com\dangdang\ddframe\job\lite\integrate\std\dataflow\StreamingDataflowElasticJobForMultipleThreadsTest.java,31,1,55,2,0.0,0,0,0,0.0,0.0,0,0,2,1,1,5,5,1,0,5,9,0.0,0.0,0,0,0,4,0.0,0,2,2,0,0,1,21,25,9,0,0,0,4,0,3,1,19,6,0,8,3,21,25,9,0,0,0,4,0,3,1,19,6,0,8,3,0,0,12,0,1,1,0,0,1,0,0,0,11,0,0,0,0,0,0,0,0
464,L10334,StreamingDataflowElasticJobForNotMonitorTest,com.dangdang.ddframe.job.lite.integrate.std.dataflow.StreamingDataflowElasticJobForNotMonitorTest,L10441,L103,C:\Users\domco\Desktop\DP\repos\shardingsphere-elasticjob\elastic-job-lite\elastic-job-lite-core\src\test\java\com\dangdang\ddframe\job\lite\integrate\std\dataflow\StreamingDataflowElasticJobForNotMonitorTest.java,31,1,56,2,0.0,0,0,0,0.0,0.0,0,0,2,1,1,5,5,1,0,5,9,0.0,0.0,0,0,0,4,0.0,0,2,2,0,0,1,22,26,9,0,0,0,4,0,3,1,19,7,0,8,3,22,26,9,0,0,0,4,0,3,1,19,7,0,8,3,0,0,12,0,1,1,0,0,1,0,0,0,11,0,0,0,0,0,0,0,0
465,L10346,StreamingDataflowElasticJobForPausedTest,com.dangdang.ddframe.job.lite.integrate.std.dataflow.StreamingDataflowElasticJobForPausedTest,L10441,L103,C:\Users\domco\Desktop\DP\repos\shardingsphere-elasticjob\elastic-job-lite\elastic-job-lite-core\src\test\java\com\dangdang\ddframe\job\lite\integrate\std\dataflow\StreamingDataflowElasticJobForPausedTest.java,31,1,57,2,0.0,0,0,0,0.0,0.0,0,0,2,1,1,5,6,1,0,6,10,0.0,0.0,0,0,0,4,0.0,0,2,2,0,0,1,23,27,9,0,0,0,4,0,3,1,19,8,0,8,3,23,27,9,0,0,0,4,0,3,1,19,8,0,8,3,0,0,12,0,1,1,0,0,1,0,0,0,11,0,0,0,0,0,0,0,0
466,L10331,StreamingDataflowElasticJobTest,com.dangdang.ddframe.job.lite.integrate.std.dataflow.StreamingDataflowElasticJobTest,L10441,L103,C:\Users\domco\Desktop\DP\repos\shardingsphere-elasticjob\elastic-job-lite\elastic-job-lite-core\src\test\java\com\dangdang\ddframe\job\lite\integrate\std\dataflow\StreamingDataflowElasticJobTest.java,31,1,55,2,0.0,0,0,0,0.0,0.0,0,0,2,1,1,5,5,1,0,5,9,0.0,0.0,0,0,0,4,0.0,0,2,2,0,0,1,21,25,9,0,0,0,4,0,3,1,19,6,0,8,3,21,25,9,0,0,0,4,0,3,1,19,6,0,8,3,0,0,12,0,1,1,0,0,1,0,0,0,11,0,0,0,0,0,0,0,0
467,L10349,ScriptElasticJobTest,com.dangdang.ddframe.job.lite.integrate.std.script.ScriptElasticJobTest,L10506,L103,C:\Users\domco\Desktop\DP\repos\shardingsphere-elasticjob\elastic-job-lite\elastic-job-lite-core\src\test\java\com\dangdang\ddframe\job\lite\integrate\std\script\ScriptElasticJobTest.java,34,1,48,2,0.0,0,0,0,0.0,0.0,0,0,1,0,0,2,7,1,0,4,6,0.0,0.0,0,0,0,3,0.0,0,2,2,0,0,1,13,15,9,0,0,0,2,0,2,0,17,6,0,7,2,13,15,9,0,0,0,2,0,2,0,17,6,0,7,2,0,0,7,0,1,1,0,0,0,0,0,0,7,0,0,0,0,0,0,0,0
468,L10322,DisabledJobTest,com.dangdang.ddframe.job.lite.integrate.std.simple.DisabledJobTest,L10512,L103,C:\Users\domco\Desktop\DP\repos\shardingsphere-elasticjob\elastic-job-lite\elastic-job-lite-core\src\test\java\com\dangdang\ddframe\job\lite\integrate\std\simple\DisabledJobTest.java,26,1,43,2,0.0,0,0,0,0.0,0.0,0,0,2,0,0,3,2,1,0,4,7,0.0,0.0,0,0,0,4,0.0,0,1,1,0,0,1,15,18,9,0,0,0,3,0,3,0,14,4,0,6,1,15,18,9,0,0,0,3,0,3,0,14,4,0,6,1,0,0,10,0,0,0,0,0,1,0,0,0,9,0,0,0,0,0,0,0,0
469,L10325,SimpleElasticJobTest,com.dangdang.ddframe.job.lite.integrate.std.simple.SimpleElasticJobTest,L10512,L103,C:\Users\domco\Desktop\DP\repos\shardingsphere-elasticjob\elastic-job-lite\elastic-job-lite-core\src\test\java\com\dangdang\ddframe\job\lite\integrate\std\simple\SimpleElasticJobTest.java,29,1,48,2,0.0,0,0,0,0.0,0.0,0,0,2,1,1,4,3,1,0,3,6,0.0,0.0,0,0,0,4,0.0,0,2,2,0,0,1,17,20,9,0,0,0,3,0,3,0,18,5,0,8,2,17,20,9,0,0,0,3,0,3,0,18,5,0,8,2,0,0,10,0,1,1,0,0,1,0,0,0,9,0,0,0,0,0,0,0,0
470,L10575,JobOperateAPIImpl,com.dangdang.ddframe.job.lite.lifecycle.internal.operate.JobOperateAPIImpl,L10855,L103,C:\Users\domco\Desktop\DP\repos\shardingsphere-elasticjob\elastic-job-lite\elastic-job-lite-lifecycle\src\main\java\com\dangdang\ddframe\job\lite\lifecycle\internal\operate\JobOperateAPIImpl.java,32,1,134,2,0.684366,2,6,6,0.640777,0.697674,66,60,1,0,0,8,4,9,2,1,9,0.111111,0.104167,5,5,1,8,0.0549451,5,1,1,0,0,1,43,53,2,0,2,0,8,0,8,0,8,9,0,8,0,86,103,2,0,2,0,15,0,15,0,15,28,0,15,0,0,0,155,0,0,0,101,0,0,0,0,0,54,0,0,0,0,0,0,0,1.0
471,L10867,JobOperateTemplate,com.dangdang.ddframe.job.lite.lifecycle.internal.operate.JobOperateTemplate,L10855,L103,C:\Users\domco\Desktop\DP\repos\shardingsphere-elasticjob\elastic-job-lite\elastic-job-lite-lifecycle\src\main\java\com\dangdang\ddframe\job\lite\lifecycle\internal\operate\JobOperateTemplate.java,36,1,81,2,0.0,0,0,0,0.0,0.0,0,0,1,4,3,10,3,1,7,3,4,1.0,0.244898,12,12,2,0,0.244898,12,0,0,0,0,0,37,46,1,0,1,0,1,0,1,0,1,23,0,1,0,37,46,1,0,1,0,1,0,1,0,1,23,0,1,0,0,0,4,0,0,0,0,0,0,0,0,0,4,0,0,0,0,0,0,0,0
472,L10960,JobOperateAPIImplTest,com.dangdang.ddframe.job.lite.lifecycle.internal.operate.JobOperateAPIImplTest,L10855,L103,C:\Users\domco\Desktop\DP\repos\shardingsphere-elasticjob\elastic-job-lite\elastic-job-lite-lifecycle\src\test\java\com\dangdang\ddframe\job\lite\lifecycle\internal\operate\JobOperateAPIImplTest.java,38,1,260,2,0.0,0,0,0,0.0,0.0,0,0,1,0,0,25,4,1,0,11,36,0.0,0.0,0,0,0,26,0.0,0,0,0,0,0,0,196,223,2,0,2,0,25,0,25,1,25,116,0,25,1,196,223,2,0,2,0,25,0,25,1,25,116,0,25,1,0,0,56,8,6,6,0,0,0,0,0,0,53,0,8,0,0,0,0,3,0
473,L10996,RegistryCenterFactory,com.dangdang.ddframe.job.lite.lifecycle.internal.reg.RegistryCenterFactory,L10991,L103,C:\Users\domco\Desktop\DP\repos\shardingsphere-elasticjob\elastic-job-lite\elastic-job-lite-lifecycle\src\main\java\com\dangdang\ddframe\job\lite\lifecycle\internal\reg\RegistryCenterFactory.java,38,1,70,2,0.0,0,0,0,0.0,0.0,0,0,1,1,1,4,4,3,8,2,3,1.0,0.361111,13,13,2,0,0.361111,13,0,0,0,0,0,23,33,1,0,1,0,1,0,1,0,1,14,0,1,0,23,33,1,0,1,0,1,0,1,0,1,14,0,1,0,0,0,0,0,0,0,0,0,0,0,0,0,0,0,0,0,0,0,0,0,0
474,L11008,RegistryCenterFactoryTest,com.dangdang.ddframe.job.lite.lifecycle.internal.reg.RegistryCenterFactoryTest,L10991,L103,C:\Users\domco\Desktop\DP\repos\shardingsphere-elasticjob\elastic-job-lite\elastic-job-lite-lifecycle\src\test\java\com\dangdang\ddframe\job\lite\lifecycle\internal\reg\RegistryCenterFactoryTest.java,33,1,62,2,0.0,0,0,0,0.0,0.0,0,0,1,0,0,4,5,1,0,2,6,0.0,0.0,0,0,0,4,0.0,0,1,1,0,0,1,26,30,2,2,0,1,4,0,3,0,7,13,0,5,1,26,30,2,2,0,1,4,0,3,0,7,13,0,5,1,0,0,11,1,9,9,0,0,0,0,0,0,11,0,1,0,0,0,0,0,0
475,L10568,JobSettingsAPIImpl,com.dangdang.ddframe.job.lite.lifecycle.internal.settings.JobSettingsAPIImpl,L11025,L103,C:\Users\domco\Desktop\DP\repos\shardingsphere-elasticjob\elastic-job-lite\elastic-job-lite-lifecycle\src\main\java\com\dangdang\ddframe\job\lite\lifecycle\internal\settings\JobSettingsAPIImpl.java,38,1,92,2,0.0,0,0,0,0.0,0.0,0,0,1,1,1,7,11,2,0,5,10,0.333333,0.109091,6,6,1,2,0.109091,6,1,1,0,0,1,49,55,1,1,1,1,5,0,2,0,5,30,0,2,0,49,55,1,1,1,1,5,0,2,0,5,30,0,2,0,0,0,14,0,0,0,0,0,0,0,1,0,13,0,0,0,0,0,0,0,1.0
476,L11053,JobSettingsAPIImplTest,com.dangdang.ddframe.job.lite.lifecycle.internal.settings.JobSettingsAPIImplTest,L11025,L103,C:\Users\domco\Desktop\DP\repos\shardingsphere-elasticjob\elastic-job-lite\elastic-job-lite-lifecycle\src\test\java\com\dangdang\ddframe\job\lite\lifecycle\internal\settings\JobSettingsAPIImplTest.java,39,1,115,2,0.0,0,0,0,0.0,0.0,0,0,1,1,1,7,9,0,0,5,10,0.0,0.0,0,0,0,5,0.0,0,0,0,0,0,0,70,77,2,0,2,0,5,0,4,1,5,45,0,4,1,70,77,2,0,2,0,5,0,4,1,5,45,0,4,1,0,0,13,2,16,16,0,0,0,0,0,0,13,0,2,0,0,0,0,0,1.0
477,L10584,JobStatisticsAPIImpl,com.dangdang.ddframe.job.lite.lifecycle.internal.statistics.JobStatisticsAPIImpl,L11072,L103,C:\Users\domco\Desktop\DP\repos\shardingsphere-elasticjob\elastic-job-lite\elastic-job-lite-lifecycle\src\main\java\com\dangdang\ddframe\job\lite\lifecycle\internal\statistics\JobStatisticsAPIImpl.java,37,1,164,2,0.0,0,0,0,0.0,0.0,0,0,0,2,2,25,12,2,0,11,19,0.2,0.0403226,5,5,1,4,0.0403226,5,1,1,0,0,1,119,128,1,8,1,8,8,0,4,0,8,79,0,4,0,119,128,1,8,1,8,8,0,4,0,8,79,0,4,0,0,0,21,0,0,0,0,0,0,0,1,0,19,0,0,0,0,0,0,1,1.0
478,L10591,ServerStatisticsAPIImpl,com.dangdang.ddframe.job.lite.lifecycle.internal.statistics.ServerStatisticsAPIImpl,L11072,L103,C:\Users\domco\Desktop\DP\repos\shardingsphere-elasticjob\elastic-job-lite\elastic-job-lite-lifecycle\src\main\java\com\dangdang\ddframe\job\lite\lifecycle\internal\statistics\ServerStatisticsAPIImpl.java,39,1,105,2,0.0,0,0,0,0.0,0.0,0,0,0,3,3,11,8,2,0,8,12,0.333333,0.0746269,5,5,1,2,0.0746269,5,1,1,0,0,1,62,67,1,4,1,4,4,0,2,0,4,41,0,2,0,62,67,1,4,1,4,4,0,2,0,4,41,0,2,0,0,0,11,0,0,0,0,0,0,0,0,0,11,0,0,0,0,0,0,0,0
479,L11155,JobStatisticsAPIImplTest,com.dangdang.ddframe.job.lite.lifecycle.internal.statistics.JobStatisticsAPIImplTest,L11072,L103,C:\Users\domco\Desktop\DP\repos\shardingsphere-elasticjob\elastic-job-lite\elastic-job-lite-lifecycle\src\test\java\com\dangdang\ddframe\job\lite\lifecycle\internal\statistics\JobStatisticsAPIImplTest.java,39,1,193,2,0.0728889,1,8,2,0.129032,0.136986,20,20,1,2,2,17,11,1,0,8,15,0.0,0.0,0,0,0,8,0.0,0,0,0,0,0,0,146,155,2,0,2,0,7,0,7,1,7,104,0,7,1,146,155,2,0,2,0,7,0,7,1,7,104,0,7,1,0,3,32,1,41,41,14,0,0,0,1,0,17,0,4,0,0,0,0,0,1.0
480,L11171,ServerStatisticsAPIImplTest,com.dangdang.ddframe.job.lite.lifecycle.internal.statistics.ServerStatisticsAPIImplTest,L11072,L103,C:\Users\domco\Desktop\DP\repos\shardingsphere-elasticjob\elastic-job-lite\elastic-job-lite-lifecycle\src\test\java\com\dangdang\ddframe\job\lite\lifecycle\internal\statistics\ServerStatisticsAPIImplTest.java,36,1,126,2,0.385852,1,2,2,0.21978,0.232558,20,20,1,2,2,11,8,1,0,5,8,0.0,0.0,0,0,0,4,0.0,0,0,0,0,0,0,86,91,2,0,2,0,3,0,3,1,3,60,0,3,1,86,91,2,0,2,0,3,0,3,1,3,60,0,3,1,0,2,26,1,16,16,17,0,0,0,0,0,9,0,3,0,0,0,0,0,0
481,L11189,AbstractEmbedZookeeperBaseTest$1,com.dangdang.ddframe.job.lite.lifecycle.AbstractEmbedZookeeperBaseTest$1,L11183,L103,C:\Users\domco\Desktop\DP\repos\shardingsphere-elasticjob\elastic-job-lite\elastic-job-lite-lifecycle\src\test\java\com\dangdang\ddframe\job\lite\lifecycle\AbstractEmbedZookeeperBaseTest.java,50,63,60,14,1.0,1,4,1,1.0,1.0,11,10,1,1,1,2,2,0,0,1,2,0.0,0.0,0,0,0,2,0.0,0,0,0,0,0,0,10,11,0,0,0,0,1,0,1,0,1,3,0,1,0,10,11,0,0,0,0,1,0,1,0,1,3,0,1,0,0,0,15,0,0,0,10,0,0,0,0,0,5,0,0,0,0,0,0,0,0
482,L11295,JobNamespaceHandler,com.dangdang.ddframe.job.lite.spring.job.handler.JobNamespaceHandler,L11291,L103,C:\Users\domco\Desktop\DP\repos\shardingsphere-elasticjob\elastic-job-lite\elastic-job-lite-spring\src\main\java\com\dangdang\ddframe\job\lite\spring\job\handler\JobNamespaceHandler.java,30,1,38,2,0.0,0,0,0,0.0,0.0,0,0,1,0,0,1,3,0,0,0,1,0.5,0.384615,5,5,1,1,0.384615,5,0,0,0,0,0,8,9,0,0,0,0,1,0,1,0,1,3,0,1,0,8,9,0,0,0,0,1,0,1,0,1,3,0,1,0,0,0,3,0,0,0,0,0,0,0,0,0,3,0,0,0,0,0,0,0,0
483,L11441,AopTargetUtils,com.dangdang.ddframe.job.lite.spring.job.util.AopTargetUtils,L11438,L103,C:\Users\domco\Desktop\DP\repos\shardingsphere-elasticjob\elastic-job-lite\elastic-job-lite-spring\src\main\java\com\dangdang\ddframe\job\lite\spring\job\util\AopTargetUtils.java,33,1,95,2,0.0,0,0,0,0.0,0.0,0,0,0,1,1,10,1,1,1,1,5,1.0,0.234375,15,11,2,0,0.234375,15,0,0,0,0,0,49,63,0,4,0,4,4,0,1,0,4,27,0,1,0,49,63,0,4,0,4,4,0,1,0,4,27,0,1,0,0,0,8,2,0,0,0,0,0,0,0,2,8,0,0,0,0,0,0,0,0
484,L11523,RegNamespaceHandler,com.dangdang.ddframe.job.lite.spring.reg.handler.RegNamespaceHandler,L11519,L103,C:\Users\domco\Desktop\DP\repos\shardingsphere-elasticjob\elastic-job-lite\elastic-job-lite-spring\src\main\java\com\dangdang\ddframe\job\lite\spring\reg\handler\RegNamespaceHandler.java,28,1,34,2,0.0,0,0,0,0.0,0.0,0,0,1,0,0,1,1,0,0,0,1,0.5,0.454545,5,5,1,1,0.454545,5,0,0,0,0,0,6,7,0,0,0,0,1,0,1,0,1,1,0,1,0,6,7,0,0,0,0,1,0,1,0,1,1,0,1,0,0,0,3,0,0,0,0,0,0,0,0,0,3,0,0,0,0,0,0,0,0
485,L11527,ZookeeperBeanDefinitionParser,com.dangdang.ddframe.job.lite.spring.reg.parser.ZookeeperBeanDefinitionParser,L11532,L103,C:\Users\domco\Desktop\DP\repos\shardingsphere-elasticjob\elastic-job-lite\elastic-job-lite-spring\src\main\java\com\dangdang\ddframe\job\lite\spring\reg\parser\ZookeeperBeanDefinitionParser.java,34,1,62,2,0.0,0,0,0,0.0,0.0,0,0,1,1,1,4,2,1,0,0,3,1.0,0.16129,5,5,1,0,0.16129,5,0,0,0,0,0,26,29,0,0,0,0,3,0,0,0,3,16,0,0,0,26,29,0,0,0,0,3,0,0,0,3,16,0,0,0,0,0,8,0,0,0,0,0,0,0,0,0,8,0,0,0,0,0,0,0,0
486,L11559,SimpleAspect,com.dangdang.ddframe.job.lite.spring.fixture.aspect.SimpleAspect,L11556,L103,C:\Users\domco\Desktop\DP\repos\shardingsphere-elasticjob\elastic-job-lite\elastic-job-lite-spring\src\test\java\com\dangdang\ddframe\job\lite\spring\fixture\aspect\SimpleAspect.java,26,1,37,2,0.0,0,0,0,0.0,0.0,0,0,2,0,0,2,0,0,0,0,2,0.0,0.0,0,0,0,3,0.0,0,0,0,0,0,0,10,12,0,0,0,0,2,0,2,0,2,0,0,2,0,10,12,0,0,0,0,2,0,2,0,2,0,0,2,0,0,0,8,0,2,0,0,0,1,0,0,0,7,2,0,0,0,0,0,0,0
487,L11583,SimpleExecutorServiceHandler,com.dangdang.ddframe.job.lite.spring.fixture.handler.SimpleExecutorServiceHandler,L11579,L103,C:\Users\domco\Desktop\DP\repos\shardingsphere-elasticjob\elastic-job-lite\elastic-job-lite-spring\src\test\java\com\dangdang\ddframe\job\lite\spring\fixture\handler\SimpleExecutorServiceHandler.java,25,1,31,2,0.0,0,0,0,0.0,0.0,0,0,1,0,0,1,1,0,0,0,1,0.0,0.0,0,0,0,2,0.0,0,1,1,0,0,1,6,7,0,0,0,0,1,0,1,0,1,1,0,1,0,6,7,0,0,0,0,1,0,1,0,1,1,0,1,0,0,0,5,0,0,0,0,0,0,0,0,0,5,0,0,0,0,0,0,0,0
488,L11587,SimpleJobExceptionHandler,com.dangdang.ddframe.job.lite.spring.fixture.handler.SimpleJobExceptionHandler,L11579,L103,C:\Users\domco\Desktop\DP\repos\shardingsphere-elasticjob\elastic-job-lite\elastic-job-lite-spring\src\test\java\com\dangdang\ddframe\job\lite\spring\fixture\handler\SimpleJobExceptionHandler.java,22,1,28,2,0.0,0,0,0,0.0,0.0,0,0,1,0,0,1,1,0,0,0,1,0.0,0.0,0,0,0,2,0.0,0,1,1,0,0,1,6,7,0,0,0,0,1,0,1,0,1,1,0,1,0,6,7,0,0,0,0,1,0,1,0,1,1,0,1,0,0,0,5,1,0,0,0,0,0,0,0,1,5,0,0,0,0,0,0,0,0
489,L11598,SimpleCglibListener,com.dangdang.ddframe.job.lite.spring.fixture.listener.SimpleCglibListener,L11592,L103,C:\Users\domco\Desktop\DP\repos\shardingsphere-elasticjob\elastic-job-lite\elastic-job-lite-spring\src\test\java\com\dangdang\ddframe\job\lite\spring\fixture\listener\SimpleCglibListener.java,26,1,37,2,0.0,0,0,0,0.0,0.0,0,0,2,0,0,2,2,0,0,0,2,0.0,0.0,0,0,0,3,0.0,0,1,1,0,0,1,10,12,0,0,0,0,2,0,2,0,2,2,0,2,0,10,12,0,0,0,0,2,0,2,0,2,2,0,2,0,0,0,8,0,0,0,0,0,1,0,0,0,7,0,0,0,0,0,0,0,0
490,L11604,SimpleJdkDynamicProxyListener,com.dangdang.ddframe.job.lite.spring.fixture.listener.SimpleJdkDynamicProxyListener,L11592,L103,C:\Users\domco\Desktop\DP\repos\shardingsphere-elasticjob\elastic-job-lite\elastic-job-lite-spring\src\test\java\com\dangdang\ddframe\job\lite\spring\fixture\listener\SimpleJdkDynamicProxyListener.java,26,1,37,2,0.0,0,0,0,0.0,0.0,0,0,2,0,0,2,2,0,0,0,2,0.0,0.0,0,0,0,3,0.0,0,1,1,0,0,1,10,12,0,0,0,0,2,0,2,0,2,2,0,2,0,10,12,0,0,0,0,2,0,2,0,2,2,0,2,0,0,0,8,0,0,0,0,0,1,0,0,0,7,0,0,0,0,0,0,0,0
491,L11610,SimpleListener,com.dangdang.ddframe.job.lite.spring.fixture.listener.SimpleListener,L11592,L103,C:\Users\domco\Desktop\DP\repos\shardingsphere-elasticjob\elastic-job-lite\elastic-job-lite-spring\src\test\java\com\dangdang\ddframe\job\lite\spring\fixture\listener\SimpleListener.java,26,1,37,2,0.0,0,0,0,0.0,0.0,0,0,2,0,0,2,2,0,0,0,2,0.0,0.0,0,0,0,3,0.0,0,1,1,0,0,1,10,12,0,0,0,0,2,0,2,0,2,2,0,2,0,10,12,0,0,0,0,2,0,2,0,2,2,0,2,0,0,0,8,0,0,0,0,0,1,0,0,0,7,0,0,0,0,0,0,0,0
492,L11616,SimpleOnceListener,com.dangdang.ddframe.job.lite.spring.fixture.listener.SimpleOnceListener,L11592,L103,C:\Users\domco\Desktop\DP\repos\shardingsphere-elasticjob\elastic-job-lite\elastic-job-lite-spring\src\test\java\com\dangdang\ddframe\job\lite\spring\fixture\listener\SimpleOnceListener.java,29,1,54,2,0.0,0,0,0,0.0,0.0,0,0,1,0,0,3,3,0,0,2,5,0.0,0.0,0,0,0,4,0.0,0,2,2,0,0,1,20,26,9,0,3,0,3,0,3,0,9,6,0,8,0,20,26,9,0,3,0,3,0,3,0,9,6,0,8,0,0,0,9,0,2,0,0,2,0,0,0,0,9,0,0,0,0,0,0,0,0
493,L11639,FooServiceImpl,com.dangdang.ddframe.job.lite.spring.fixture.service.FooServiceImpl,L11635,L103,C:\Users\domco\Desktop\DP\repos\shardingsphere-elasticjob\elastic-job-lite\elastic-job-lite-spring\src\test\java\com\dangdang\ddframe\job\lite\spring\fixture\service\FooServiceImpl.java,20,1,26,2,0.0,0,0,0,0.0,0.0,0,0,1,0,0,1,1,0,0,0,1,0.0,0.0,0,0,0,2,0.0,0,1,1,0,0,1,6,7,0,0,0,0,1,0,1,0,1,1,0,1,0,6,7,0,0,0,0,1,0,1,0,1,1,0,1,0,0,0,5,0,0,0,0,0,0,0,0,0,5,0,0,0,0,0,0,0,0
494,L8076,ElectionListenerManager$LeaderElectionJobListener$EventHelper,com.dangdang.ddframe.job.lite.internal.election.ElectionListenerManager$LeaderElectionJobListener$EventHelper,L8067,L103,C:\Users\domco\Desktop\DP\repos\shardingsphere-elasticjob\elastic-job-lite\elastic-job-lite-core\src\main\java\com\dangdang\ddframe\job\lite\internal\election\ElectionListenerManager.java,77,9,115,10,0.0,0,0,0,0.0,0.0,0,0,1,0,0,18,3,1,1,4,12,0.0,0.0,0,0,0,1,0.0,0,0,0,0,0,0,29,39,2,0,2,0,8,0,0,0,8,8,0,0,0,29,39,2,0,2,0,8,0,0,0,8,8,0,0,0,0,0,19,0,2,0,0,2,0,0,0,0,19,0,0,0,0,0,0,0,0
495,L8413,ExecutionService$1,com.dangdang.ddframe.job.lite.internal.execution.ExecutionService$1,L8367,L103,C:\Users\domco\Desktop\DP\repos\shardingsphere-elasticjob\elastic-job-lite\elastic-job-lite-core\src\main\java\com\dangdang\ddframe\job\lite\internal\execution\ExecutionService.java,265,123,271,10,0.0,0,0,0,0.0,0.0,0,0,1,0,0,1,0,0,0,0,1,0.0,0.0,0,0,0,2,0.0,0,0,0,0,0,0,6,7,0,0,0,0,1,0,1,0,1,1,0,1,0,6,7,0,0,0,0,1,0,1,0,1,1,0,1,0,0,0,5,0,0,0,0,0,0,0,0,0,5,0,0,0,0,0,0,0,0
496,L9104,MonitorService$1,com.dangdang.ddframe.job.lite.internal.monitor.MonitorService$1,L9096,L103,C:\Users\domco\Desktop\DP\repos\shardingsphere-elasticjob\elastic-job-lite\elastic-job-lite-core\src\main\java\com\dangdang\ddframe\job\lite\internal\monitor\MonitorService.java,82,22,94,10,0.0,0,0,0,0.0,0.0,0,0,1,2,2,3,1,0,0,1,2,0.0,0.0,0,0,0,2,0.0,0,0,0,0,0,0,12,13,0,0,0,0,1,0,1,0,1,4,0,1,0,12,13,0,0,0,0,1,0,1,0,1,4,0,1,0,0,0,5,0,0,0,0,0,0,0,0,0,5,0,0,0,0,0,0,0,0
497,L10055,JobNodeStorageTest$1,com.dangdang.ddframe.job.lite.internal.storage.JobNodeStorageTest$1,L10052,L103,C:\Users\domco\Desktop\DP\repos\shardingsphere-elasticjob\elastic-job-lite\elastic-job-lite-core\src\test\java\com\dangdang\ddframe\job\lite\internal\storage\JobNodeStorageTest.java,174,80,180,10,1.0,1,1,1,1.0,1.0,7,6,1,0,0,1,1,0,0,0,1,0.0,0.0,0,0,0,2,0.0,0,1,1,0,0,1,6,7,0,0,0,0,1,0,1,0,1,1,0,1,0,6,7,0,0,0,0,1,0,1,0,1,1,0,1,0,0,0,15,0,0,0,10,0,0,0,0,0,5,0,0,0,0,0,0,0,0
498,L10061,JobNodeStorageTest$2,com.dangdang.ddframe.job.lite.internal.storage.JobNodeStorageTest$2,L10058,L103,C:\Users\domco\Desktop\DP\repos\shardingsphere-elasticjob\elastic-job-lite\elastic-job-lite-core\src\test\java\com\dangdang\ddframe\job\lite\internal\storage\JobNodeStorageTest.java,207,80,213,10,1.0,1,1,1,1.0,1.0,7,6,1,0,0,1,1,0,0,0,1,0.0,0.0,0,0,0,2,0.0,0,1,1,0,0,1,6,7,0,0,0,0,1,0,1,0,1,1,0,1,0,6,7,0,0,0,0,1,0,1,0,1,1,0,1,0,0,0,15,0,0,0,10,0,0,0,0,0,5,0,0,0,0,0,0,0,0
499,L10081,SensitiveInfoUtils$1,com.dangdang.ddframe.job.lite.internal.util.SensitiveInfoUtils$1,L9142,L103,C:\Users\domco\Desktop\DP\repos\shardingsphere-elasticjob\elastic-job-lite\elastic-job-lite-core\src\main\java\com\dangdang\ddframe\job\lite\internal\util\SensitiveInfoUtils.java,54,71,73,10,0.0,0,0,0,0.0,0.0,0,0,1,2,2,3,1,0,0,0,1,0.0,0.0,0,0,0,2,0.0,0,0,0,0,0,0,19,20,0,0,0,0,1,0,1,0,1,11,0,1,0,19,20,0,0,0,0,1,0,1,0,1,11,0,1,0,0,0,5,0,0,0,0,0,0,0,0,0,5,0,0,0,0,0,0,0,0
500,L10883,JobOperateAPIImpl$1,com.dangdang.ddframe.job.lite.lifecycle.internal.operate.JobOperateAPIImpl$1,L10873,L103,C:\Users\domco\Desktop\DP\repos\shardingsphere-elasticjob\elastic-job-lite\elastic-job-lite-lifecycle\src\main\java\com\dangdang\ddframe\job\lite\lifecycle\internal\operate\JobOperateAPIImpl.java,45,81,52,10,1.0,1,1,1,1.0,1.0,8,7,1,0,0,1,4,0,0,1,2,0.0,0.0,0,0,0,2,0.0,0,1,1,0,0,1,7,8,0,0,0,0,1,0,1,0,1,2,0,1,0,7,8,0,0,0,0,1,0,1,0,1,2,0,1,0,0,0,15,0,0,0,10,0,0,0,0,0,5,0,0,0,0,0,0,0,0
501,L10893,JobOperateAPIImpl$2,com.dangdang.ddframe.job.lite.lifecycle.internal.operate.JobOperateAPIImpl$2,L10888,L103,C:\Users\domco\Desktop\DP\repos\shardingsphere-elasticjob\elastic-job-lite\elastic-job-lite-lifecycle\src\main\java\com\dangdang\ddframe\job\lite\lifecycle\internal\operate\JobOperateAPIImpl.java,57,81,64,10,1.0,1,1,1,1.0,1.0,8,7,1,0,0,1,4,0,0,1,2,0.0,0.0,0,0,0,2,0.0,0,1,1,0,0,1,7,8,0,0,0,0,1,0,1,0,1,2,0,1,0,7,8,0,0,0,0,1,0,1,0,1,2,0,1,0,0,0,15,0,0,0,10,0,0,0,0,0,5,0,0,0,0,0,0,0,0
502,L10903,JobOperateAPIImpl$3,com.dangdang.ddframe.job.lite.lifecycle.internal.operate.JobOperateAPIImpl$3,L10898,L103,C:\Users\domco\Desktop\DP\repos\shardingsphere-elasticjob\elastic-job-lite\elastic-job-lite-lifecycle\src\main\java\com\dangdang\ddframe\job\lite\lifecycle\internal\operate\JobOperateAPIImpl.java,69,81,76,10,1.0,1,1,1,1.0,1.0,8,7,1,0,0,1,4,0,0,1,2,0.0,0.0,0,0,0,2,0.0,0,1,1,0,0,1,7,8,0,0,0,0,1,0,1,0,1,2,0,1,0,7,8,0,0,0,0,1,0,1,0,1,2,0,1,0,0,0,15,0,0,0,10,0,0,0,0,0,5,0,0,0,0,0,0,0,0
503,L10912,JobOperateAPIImpl$4,com.dangdang.ddframe.job.lite.lifecycle.internal.operate.JobOperateAPIImpl$4,L10907,L103,C:\Users\domco\Desktop\DP\repos\shardingsphere-elasticjob\elastic-job-lite\elastic-job-lite-lifecycle\src\main\java\com\dangdang\ddframe\job\lite\lifecycle\internal\operate\JobOperateAPIImpl.java,81,81,88,10,1.0,1,1,1,1.0,1.0,8,7,1,0,0,1,4,0,0,1,2,0.0,0.0,0,0,0,2,0.0,0,1,1,0,0,1,7,8,0,0,0,0,1,0,1,0,1,2,0,1,0,7,8,0,0,0,0,1,0,1,0,1,2,0,1,0,0,0,15,0,0,0,10,0,0,0,0,0,5,0,0,0,0,0,0,0,0
504,L10922,JobOperateAPIImpl$5,com.dangdang.ddframe.job.lite.lifecycle.internal.operate.JobOperateAPIImpl$5,L10917,L103,C:\Users\domco\Desktop\DP\repos\shardingsphere-elasticjob\elastic-job-lite\elastic-job-lite-lifecycle\src\main\java\com\dangdang\ddframe\job\lite\lifecycle\internal\operate\JobOperateAPIImpl.java,93,81,100,10,1.0,1,1,1,1.0,1.0,8,7,1,0,0,1,4,0,0,1,2,0.0,0.0,0,0,0,2,0.0,0,1,1,0,0,1,7,8,0,0,0,0,1,0,1,0,1,2,0,1,0,7,8,0,0,0,0,1,0,1,0,1,2,0,1,0,0,0,15,0,0,0,10,0,0,0,0,0,5,0,0,0,0,0,0,0,0
505,L10931,JobOperateAPIImpl$6,com.dangdang.ddframe.job.lite.lifecycle.internal.operate.JobOperateAPIImpl$6,L10926,L103,C:\Users\domco\Desktop\DP\repos\shardingsphere-elasticjob\elastic-job-lite\elastic-job-lite-lifecycle\src\main\java\com\dangdang\ddframe\job\lite\lifecycle\internal\operate\JobOperateAPIImpl.java,105,81,112,10,1.0,1,1,1,1.0,1.0,8,7,1,0,0,1,4,0,0,1,2,0.0,0.0,0,0,0,2,0.0,0,1,1,0,0,1,7,8,0,0,0,0,1,0,1,0,1,2,0,1,0,7,8,0,0,0,0,1,0,1,0,1,2,0,1,0,0,0,15,0,0,0,10,0,0,0,0,0,5,0,0,0,0,0,0,0,0
506,L10941,JobOperateAPIImpl$7,com.dangdang.ddframe.job.lite.lifecycle.internal.operate.JobOperateAPIImpl$7,L10936,L103,C:\Users\domco\Desktop\DP\repos\shardingsphere-elasticjob\elastic-job-lite\elastic-job-lite-lifecycle\src\main\java\com\dangdang\ddframe\job\lite\lifecycle\internal\operate\JobOperateAPIImpl.java,117,88,132,10,0.0,0,0,0,0.0,0.0,0,0,1,1,1,4,5,0,0,7,8,0.0,0.0,0,0,0,2,0.0,0,1,1,0,0,1,15,16,0,0,0,0,1,0,1,0,1,7,0,1,0,15,16,0,0,0,0,1,0,1,0,1,7,0,1,0,0,0,5,0,0,0,0,0,0,0,0,0,5,0,0,0,0,0,0,0,1.0
507,L11320,AbstractJobBeanDefinitionParser,com.dangdang.ddframe.job.lite.spring.job.parser.common.AbstractJobBeanDefinitionParser,L11315,L103,C:\Users\domco\Desktop\DP\repos\shardingsphere-elasticjob\elastic-job-lite\elastic-job-lite-spring\src\main\java\com\dangdang\ddframe\job\lite\spring\job\parser\common\AbstractJobBeanDefinitionParser.java,69,1,165,2,0.0,0,0,0,0.0,0.0,0,0,2,1,1,14,7,3,0,0,9,1.0,0.0638298,6,6,1,0,0.0638298,6,0,0,3,3,0,88,97,0,1,0,1,9,0,0,0,9,61,0,0,0,88,97,0,1,0,1,9,0,0,0,9,61,0,0,0,0,0,21,0,0,0,0,0,1,0,0,0,20,0,0,0,0,0,0,0,0
508,L11399,BaseJobBeanDefinitionParserTag,com.dangdang.ddframe.job.lite.spring.job.parser.common.BaseJobBeanDefinitionParserTag,L11315,L103,C:\Users\domco\Desktop\DP\repos\shardingsphere-elasticjob\elastic-job-lite\elastic-job-lite-spring\src\main\java\com\dangdang\ddframe\job\lite\spring\job\parser\common\BaseJobBeanDefinitionParserTag.java,28,1,74,2,0.0,0,0,0,0.0,0.0,0,0,0,0,0,0,0,3,0,0,0,1.0,0.166667,5,5,1,0,0.166667,5,0,0,0,0,0,25,47,22,0,22,0,0,22,0,0,0,0,22,0,0,25,47,22,0,22,0,0,22,0,0,0,0,22,0,0,0,0,9,0,0,0,0,0,0,0,0,0,2,0,0,0,0,0,0,7,0
509,L11304,DataflowJobBeanDefinitionParser,com.dangdang.ddframe.job.lite.spring.job.parser.dataflow.DataflowJobBeanDefinitionParser,L11402,L103,C:\Users\domco\Desktop\DP\repos\shardingsphere-elasticjob\elastic-job-lite\elastic-job-lite-spring\src\main\java\com\dangdang\ddframe\job\lite\spring\job\parser\dataflow\DataflowJobBeanDefinitionParser.java,32,1,42,2,0.0,0,0,0,0.0,0.0,0,0,0,0,0,1,4,1,0,0,1,1.0,0.333333,5,5,1,0,0.333333,5,1,1,0,0,1,10,11,0,1,0,1,1,0,0,0,9,5,0,0,0,10,11,0,1,0,1,1,0,0,0,9,5,0,0,0,0,0,2,0,0,0,0,0,0,0,0,0,2,0,0,0,0,0,0,0,0
510,L11415,DataflowJobBeanDefinitionParserTag,com.dangdang.ddframe.job.lite.spring.job.parser.dataflow.DataflowJobBeanDefinitionParserTag,L11402,L103,C:\Users\domco\Desktop\DP\repos\shardingsphere-elasticjob\elastic-job-lite\elastic-job-lite-spring\src\main\java\com\dangdang\ddframe\job\lite\spring\job\parser\dataflow\DataflowJobBeanDefinitionParserTag.java,28,1,32,2,0.0,0,0,0,0.0,0.0,0,0,0,0,0,0,0,1,0,0,0,1.0,0.555556,5,5,1,0,0.555556,5,0,0,0,0,0,4,5,1,0,1,0,0,1,0,0,0,0,1,0,0,4,5,1,0,1,0,0,1,0,0,0,0,1,0,0,0,0,4,0,0,0,0,0,0,0,0,0,0,0,0,0,0,0,0,4,0
511,L11309,ScriptJobBeanDefinitionParser,com.dangdang.ddframe.job.lite.spring.job.parser.script.ScriptJobBeanDefinitionParser,L11418,L103,C:\Users\domco\Desktop\DP\repos\shardingsphere-elasticjob\elastic-job-lite\elastic-job-lite-spring\src\main\java\com\dangdang\ddframe\job\lite\spring\job\parser\script\ScriptJobBeanDefinitionParser.java,31,1,40,2,0.0,0,0,0,0.0,0.0,0,0,0,0,0,1,3,1,0,0,1,1.0,0.357143,5,5,1,0,0.357143,5,1,1,0,0,1,9,10,0,1,0,1,1,0,0,0,9,4,0,0,0,9,10,0,1,0,1,1,0,0,0,9,4,0,0,0,0,0,2,0,0,0,0,0,0,0,0,0,2,0,0,0,0,0,0,0,0
512,L11428,ScriptJobBeanDefinitionParserTag,com.dangdang.ddframe.job.lite.spring.job.parser.script.ScriptJobBeanDefinitionParserTag,L11418,L103,C:\Users\domco\Desktop\DP\repos\shardingsphere-elasticjob\elastic-job-lite\elastic-job-lite-spring\src\main\java\com\dangdang\ddframe\job\lite\spring\job\parser\script\ScriptJobBeanDefinitionParserTag.java,28,1,32,2,0.0,0,0,0,0.0,0.0,0,0,0,0,0,0,0,1,0,0,0,1.0,0.555556,5,5,1,0,0.555556,5,0,0,0,0,0,4,5,1,0,1,0,0,1,0,0,0,0,1,0,0,4,5,1,0,1,0,0,1,0,0,0,0,1,0,0,0,0,4,0,0,0,0,0,0,0,0,0,0,0,0,0,0,0,0,4,0
513,L11299,SimpleJobBeanDefinitionParser,com.dangdang.ddframe.job.lite.spring.job.parser.simple.SimpleJobBeanDefinitionParser,L11431,L103,C:\Users\domco\Desktop\DP\repos\shardingsphere-elasticjob\elastic-job-lite\elastic-job-lite-spring\src\main\java\com\dangdang\ddframe\job\lite\spring\job\parser\simple\SimpleJobBeanDefinitionParser.java,33,1,42,2,0.0,0,0,0,0.0,0.0,0,0,0,0,0,1,3,1,0,0,1,1.0,0.357143,5,5,1,0,0.357143,5,1,1,0,0,1,9,10,0,1,0,1,1,0,0,0,9,4,0,0,0,9,10,0,1,0,1,1,0,0,0,9,4,0,0,0,0,0,2,0,0,0,0,0,0,0,0,0,2,0,0,0,0,0,0,0,0
514,L11658,EmbedZookeeperTestExecutionListener$1,com.dangdang.ddframe.job.lite.spring.test.EmbedZookeeperTestExecutionListener$1,L11653,L103,C:\Users\domco\Desktop\DP\repos\shardingsphere-elasticjob\elastic-job-lite\elastic-job-lite-spring\src\test\java\com\dangdang\ddframe\job\lite\spring\test\EmbedZookeeperTestExecutionListener.java,49,63,60,14,0.0,0,0,0,0.0,0.0,0,0,1,1,1,2,3,0,0,2,3,0.0,0.0,0,0,0,2,0.0,0,0,0,0,0,0,11,12,0,0,0,0,1,0,1,0,1,4,0,1,0,11,12,0,0,0,0,1,0,1,0,1,4,0,1,0,0,0,5,0,0,0,0,0,0,0,0,0,5,0,0,0,0,0,0,0,0
