,ID,Name,LongName,Parent,Component,Path,Line,Column,EndLine,EndColumn,CC,CCL,CCO,CI,CLC,CLLC,LDC,LLDC,LCOM5,NL,NLE,WMC,CBO,CBOI,NII,NOI,RFC,AD,CD,CLOC,DLOC,PDA,PUA,TCD,TCLOC,DIT,NOA,NOC,NOD,NOP,LLOC,LOC,NA,NG,NLA,NLG,NLM,NLPA,NLPM,NLS,NM,NOS,NPA,NPM,NS,TLLOC,TLOC,TNA,TNG,TNLA,TNLG,TNLM,TNLPA,TNLPM,TNLS,TNM,TNOS,TNPA,TNPM,TNS,WarningBlocker,WarningCritical,WarningInfo,WarningMajor,WarningMinor,Best Practice Rules,Clone Metric Rules,Code Style Rules,Cohesion Metric Rules,Complexity Metric Rules,Coupling Metric Rules,Design Rules,Documentation Metric Rules,Documentation Rules,Error Prone Rules,Inheritance Metric Rules,Multithreading Rules,Performance Rules,Security Rules,Size Metric Rules,isDefective
0,L243,HugeException,com.baidu.hugegraph.HugeException,L106,L103,C:\Users\domco\Desktop\DP\repos\incubator-hugegraph\hugegraph-core\src\main\java\com\baidu\hugegraph\HugeException.java,26,1,64,2,0.0,0,0,0,0.0,0.0,0,0,1,1,1,10,0,100,156,0,7,0.0,0.0,0,0,0,8,0.0,0,0,0,10,10,0,31,39,1,0,1,0,7,0,7,0,7,11,0,7,0,31,39,1,0,1,0,7,0,7,0,7,11,0,7,0,0,0,17,0,0,0,0,0,0,0,0,0,17,0,0,0,0,0,0,0,0
1,L4536,HugeFactory,com.baidu.hugegraph.HugeFactory,L106,L103,C:\Users\domco\Desktop\DP\repos\incubator-hugegraph\hugegraph-core\src\main\java\com\baidu\hugegraph\HugeFactory.java,42,1,137,2,0.0,0,0,0,0.0,0.0,0,0,3,2,2,17,6,22,24,8,16,0.111111,0.0493827,4,4,1,8,0.0493827,4,0,0,0,0,0,77,96,3,2,3,2,8,0,8,0,8,30,0,8,0,77,96,3,2,3,2,8,0,8,0,8,30,0,8,0,0,1,18,1,2,0,0,0,1,0,0,0,17,0,2,0,2,0,0,0,0
2,L4522,StandardHugeGraph,com.baidu.hugegraph.StandardHugeGraph,L106,L103,C:\Users\domco\Desktop\DP\repos\incubator-hugegraph\hugegraph-core\src\main\java\com\baidu\hugegraph\StandardHugeGraph.java,99,1,1312,2,0.0299448,1,6,3,0.0255354,0.0314136,31,30,7,2,2,130,50,5,20,112,215,0.0116279,0.0511364,36,4,1,85,0.0553907,56,1,1,0,0,1,668,842,21,1,21,1,103,2,85,0,111,283,2,93,0,955,1214,60,2,29,2,159,2,127,2,295,384,3,204,2,0,0,376,7,17,4,20,3,3,1,5,4,319,0,11,0,2,0,0,28,0
3,L155,API,com.baidu.hugegraph.api.API,L126,L103,C:\Users\domco\Desktop\DP\repos\incubator-hugegraph\hugegraph-api\src\main\java\com\baidu\hugegraph\api\API.java,46,1,192,2,0.0,0,0,0,0.0,0.0,0,0,9,2,1,23,6,49,118,7,18,0.0,0.0169492,2,0,0,7,0.0169492,2,0,0,37,45,0,116,147,11,0,11,0,11,6,6,0,11,52,6,6,0,116,147,11,0,11,0,11,6,6,0,11,52,6,6,0,0,0,33,5,1,0,0,1,1,0,0,2,25,0,3,1,0,0,0,6,0
4,L3878,ApiTestSuite,com.baidu.hugegraph.api.ApiTestSuite,L126,L103,C:\Users\domco\Desktop\DP\repos\incubator-hugegraph\hugegraph-test\src\main\java\com\baidu\hugegraph\api\ApiTestSuite.java,28,1,46,2,0.0,0,0,0,0.0,0.0,0,0,1,0,0,1,10,0,0,1,2,0.0,0.0,0,0,0,2,0.0,0,0,0,0,0,0,18,19,0,0,0,0,1,0,1,0,1,1,0,1,0,18,19,0,0,0,0,1,0,1,0,1,1,0,1,0,0,0,5,0,0,0,0,0,0,0,0,0,5,0,0,0,0,0,0,0,0
5,L3910,BaseApiTest,com.baidu.hugegraph.api.BaseApiTest,L126,L103,C:\Users\domco\Desktop\DP\repos\incubator-hugegraph\hugegraph-test\src\main\java\com\baidu\hugegraph\api\BaseApiTest.java,51,1,507,2,0.210284,5,12,12,0.253829,0.31694,116,116,2,2,2,30,3,9,51,10,33,0.0,0.00958466,3,3,0,9,0.00813008,3,0,0,9,9,0,310,388,11,1,11,1,23,0,8,0,23,89,0,8,0,366,457,13,1,13,1,35,0,20,0,35,113,0,20,0,0,0,109,12,4,0,27,0,2,0,0,4,76,0,12,0,0,0,0,4,0
6,L3894,EdgeApiTest,com.baidu.hugegraph.api.EdgeApiTest,L126,L103,C:\Users\domco\Desktop\DP\repos\incubator-hugegraph\hugegraph-test\src\main\java\com\baidu\hugegraph\api\EdgeApiTest.java,32,1,209,2,0.589789,4,12,12,0.511236,0.532051,91,83,2,0,0,6,2,1,0,13,19,0.0,0.037037,6,0,0,7,0.037037,6,1,1,0,0,1,156,178,12,1,1,0,6,0,6,0,29,47,0,14,0,156,178,12,1,1,0,6,0,6,0,29,47,0,14,0,0,0,55,13,4,4,38,0,1,0,0,0,15,0,13,0,0,0,0,1,0
7,L3885,EdgeLabelApiTest,com.baidu.hugegraph.api.EdgeLabelApiTest,L126,L103,C:\Users\domco\Desktop\DP\repos\incubator-hugegraph\hugegraph-test\src\main\java\com\baidu\hugegraph\api\EdgeLabelApiTest.java,31,1,141,2,0.598746,2,7,7,0.54955,0.59,61,59,2,0,0,6,2,1,0,11,17,0.0,0.0,0,0,0,7,0.0,0,1,1,0,0,1,100,111,12,1,1,0,6,0,6,0,29,31,0,14,0,100,111,12,1,1,0,6,0,6,0,29,31,0,14,0,0,0,51,7,4,4,35,0,1,0,0,0,15,0,7,0,0,0,0,0,0
8,L3900,GremlinApiTest,com.baidu.hugegraph.api.GremlinApiTest,L126,L103,C:\Users\domco\Desktop\DP\repos\incubator-hugegraph\hugegraph-test\src\main\java\com\baidu\hugegraph\api\GremlinApiTest.java,32,1,201,2,0.0457875,1,1,1,0.0705882,0.0821918,12,12,1,0,0,7,2,1,0,6,13,0.0,0.0394737,6,0,0,8,0.0394737,6,1,1,0,0,1,146,170,12,1,1,0,7,0,7,0,30,46,0,15,0,146,170,12,1,1,0,7,0,7,0,30,46,0,15,0,0,0,25,3,4,4,8,0,0,0,0,0,17,0,3,0,0,0,0,0,0
9,L3888,IndexLabelApiTest,com.baidu.hugegraph.api.IndexLabelApiTest,L126,L103,C:\Users\domco\Desktop\DP\repos\incubator-hugegraph\hugegraph-test\src\main\java\com\baidu\hugegraph\api\IndexLabelApiTest.java,31,1,158,2,0.716146,6,7,7,0.664063,0.701754,85,80,2,0,0,7,2,1,0,12,19,0.0,0.0,0,0,0,8,0.0,0,1,1,0,0,1,114,128,12,1,1,0,7,0,7,0,30,39,0,15,0,114,128,12,1,1,0,7,0,7,0,30,39,0,15,0,0,0,56,6,5,5,38,0,1,0,0,0,17,0,6,0,0,0,0,0,0
10,L3903,MetricsApiTest,com.baidu.hugegraph.api.MetricsApiTest,L126,L103,C:\Users\domco\Desktop\DP\repos\incubator-hugegraph\hugegraph-test\src\main\java\com\baidu\hugegraph\api\MetricsApiTest.java,30,1,130,2,0.226164,1,2,2,0.207921,0.21875,21,21,1,3,3,14,2,1,0,6,9,0.0,0.0,0,0,0,4,0.0,0,1,1,0,0,1,96,101,12,1,1,0,3,0,3,0,26,64,0,11,0,96,101,12,1,1,0,3,0,3,0,26,64,0,11,0,0,0,23,1,3,3,12,0,0,1,0,0,9,0,1,0,0,0,0,1,0
11,L3879,PropertyKeyApiTest,com.baidu.hugegraph.api.PropertyKeyApiTest,L126,L103,C:\Users\domco\Desktop\DP\repos\incubator-hugegraph\hugegraph-test\src\main\java\com\baidu\hugegraph\api\PropertyKeyApiTest.java,26,1,88,2,0.546448,1,2,2,0.47619,0.509091,30,28,1,0,0,4,2,1,0,6,10,0.0,0.0,0,0,0,5,0.0,0,1,1,0,0,1,55,63,12,1,1,0,4,0,4,0,27,20,0,12,0,55,63,12,1,1,0,4,0,4,0,27,20,0,12,0,0,0,28,4,3,3,17,0,0,0,0,0,11,0,4,0,0,0,0,0,0
12,L3897,TaskApiTest,com.baidu.hugegraph.api.TaskApiTest,L126,L103,C:\Users\domco\Desktop\DP\repos\incubator-hugegraph\hugegraph-test\src\main\java\com\baidu\hugegraph\api\TaskApiTest.java,34,1,132,2,0.0,0,0,0,0.0,0.0,0,0,2,1,1,11,2,1,0,12,20,0.0,0.0119048,1,0,0,6,0.0119048,1,1,1,0,0,1,83,99,12,1,1,0,8,0,5,0,31,49,0,13,0,83,99,12,1,1,0,8,0,5,0,31,49,0,13,0,0,0,20,0,3,3,0,0,1,0,0,0,19,0,0,0,0,0,0,0,0
13,L3891,VertexApiTest,com.baidu.hugegraph.api.VertexApiTest,L126,L103,C:\Users\domco\Desktop\DP\repos\incubator-hugegraph\hugegraph-test\src\main\java\com\baidu\hugegraph\api\VertexApiTest.java,29,1,103,2,0.913793,3,4,4,0.813333,0.878788,61,58,2,0,0,5,2,1,0,9,14,0.0,0.0,0,0,0,6,0.0,0,1,1,0,0,1,66,75,12,1,1,0,5,0,5,0,28,24,0,13,0,66,75,12,1,1,0,5,0,5,0,28,24,0,13,0,0,0,45,5,3,3,31,0,1,0,0,0,13,0,5,0,0,0,0,0,0
14,L3882,VertexLabelApiTest,com.baidu.hugegraph.api.VertexLabelApiTest,L126,L103,C:\Users\domco\Desktop\DP\repos\incubator-hugegraph\hugegraph-test\src\main\java\com\baidu\hugegraph\api\VertexLabelApiTest.java,31,1,128,2,0.948276,6,7,7,0.857143,0.91954,84,80,2,0,0,6,2,1,0,10,16,0.0,0.0,0,0,0,7,0.0,0,1,1,0,0,1,87,98,12,1,1,0,6,0,6,0,29,30,0,14,0,87,98,12,1,1,0,6,0,6,0,29,30,0,14,0,0,0,54,5,4,4,38,0,1,0,0,0,15,0,5,0,0,0,0,0,0
15,L4199,ConfigAuthenticator,com.baidu.hugegraph.auth.ConfigAuthenticator,L4174,L103,C:\Users\domco\Desktop\DP\repos\incubator-hugegraph\hugegraph-api\src\main\java\com\baidu\hugegraph\auth\ConfigAuthenticator.java,33,1,90,2,0.0,0,0,0,0.0,0.0,0,0,3,2,2,7,4,1,0,1,6,0.166667,0.142857,7,6,1,5,0.142857,7,1,1,0,0,1,42,58,17,0,3,0,5,2,5,0,10,14,16,10,0,42,58,17,0,3,0,5,2,5,0,10,14,16,10,0,0,0,17,0,0,0,0,0,1,0,0,0,11,0,0,0,0,0,0,5,0
16,L4233,ContextGremlinServer,com.baidu.hugegraph.auth.ContextGremlinServer,L4174,L103,C:\Users\domco\Desktop\DP\repos\incubator-hugegraph\hugegraph-api\src\main\java\com\baidu\hugegraph\auth\ContextGremlinServer.java,40,1,85,2,0.0,0,0,0,0.0,0.0,0,0,3,2,2,8,5,1,1,5,9,0.25,0.159091,7,3,1,3,0.159091,7,0,0,0,0,0,37,46,0,0,0,0,4,0,3,0,4,19,0,3,0,37,46,0,0,0,0,4,0,3,0,4,19,0,3,0,0,0,10,0,1,0,0,1,1,0,0,0,9,0,0,0,0,0,0,0,0
17,L4477,HugeFactoryAuthProxy,com.baidu.hugegraph.auth.HugeFactoryAuthProxy,L4174,L103,C:\Users\domco\Desktop\DP\repos\incubator-hugegraph\hugegraph-api\src\main\java\com\baidu\hugegraph\auth\HugeFactoryAuthProxy.java,63,1,329,2,0.0,0,0,0,0.0,0.0,0,0,3,3,3,21,53,1,0,3,9,0.0,0.0327869,8,0,0,2,0.0327869,8,0,0,0,0,0,236,267,2,0,2,0,6,1,1,0,6,193,1,1,0,236,267,2,0,2,0,6,1,1,0,6,193,1,1,0,0,0,23,34,78,3,0,77,1,0,1,0,13,0,32,0,0,0,0,8,0
18,L4242,HugeGraphAuthProxy,com.baidu.hugegraph.auth.HugeGraphAuthProxy,L4174,L103,C:\Users\domco\Desktop\DP\repos\incubator-hugegraph\hugegraph-api\src\main\java\com\baidu\hugegraph\auth\HugeGraphAuthProxy.java,93,1,1558,2,0.0238205,2,9,5,0.0429741,0.0387263,63,45,8,3,2,133,37,9,58,94,203,0.0,0.0348485,23,0,0,87,0.0300501,36,1,1,0,0,1,637,826,5,3,5,3,109,0,86,1,117,236,0,94,1,1162,1466,15,9,15,9,194,0,163,1,202,432,0,171,1,0,0,468,4,22,1,29,13,4,2,8,3,407,0,9,0,0,0,0,18,0
19,L4497,StandardAuthenticator,com.baidu.hugegraph.auth.StandardAuthenticator,L4174,L103,C:\Users\domco\Desktop\DP\repos\incubator-hugegraph\hugegraph-api\src\main\java\com\baidu\hugegraph\auth\StandardAuthenticator.java,35,1,126,2,0.0,0,0,0,0.0,0.0,0,0,2,2,1,13,8,2,1,9,17,0.166667,0.0987654,8,6,1,5,0.0987654,8,1,1,0,0,1,73,92,15,0,1,0,8,0,5,0,13,40,14,10,0,73,92,15,0,1,0,8,0,5,0,13,40,14,10,0,0,1,20,3,2,2,0,0,1,0,0,2,17,0,1,0,0,1,0,2,0
20,L5630,WsAndHttpBasicAuthHandler,com.baidu.hugegraph.auth.WsAndHttpBasicAuthHandler,L4174,L103,C:\Users\domco\Desktop\DP\repos\incubator-hugegraph\hugegraph-api\src\main\java\com\baidu\hugegraph\auth\WsAndHttpBasicAuthHandler.java,53,1,162,2,0.0,0,0,0,0.0,0.0,0,0,1,2,2,7,1,0,0,1,4,0.25,0.108108,4,4,1,3,0.0594059,6,0,0,0,0,0,33,38,2,0,2,0,3,0,3,0,3,13,0,3,0,95,110,3,0,3,0,6,0,5,0,6,50,0,5,0,0,0,18,0,1,0,0,1,0,0,0,0,18,0,0,0,0,0,0,0,0
21,L4584,EntityManager<T extends Entity>,com.baidu.hugegraph.auth.EntityManager,L4174,L103,C:\Users\domco\Desktop\DP\repos\incubator-hugegraph\hugegraph-core\src\main\java\com\baidu\hugegraph\auth\EntityManager.java,49,1,194,2,0.275806,3,8,3,0.239726,0.289256,35,35,1,2,2,27,19,2,22,26,44,0.0,0.0241935,3,0,0,9,0.0241935,3,0,0,0,0,0,121,146,4,0,4,0,18,0,8,0,18,63,0,8,0,121,146,4,0,4,0,18,0,8,0,18,63,0,8,0,0,0,64,2,3,1,23,2,0,0,2,0,39,0,1,0,0,1,0,0,0
22,L353,HugeAccess,com.baidu.hugegraph.auth.HugeAccess,L4174,L103,C:\Users\domco\Desktop\DP\repos\incubator-hugegraph\hugegraph-core\src\main\java\com\baidu\hugegraph\auth\HugeAccess.java,38,1,232,2,0.0,0,0,0,0.0,0.0,0,0,6,1,1,23,8,6,12,7,25,0.0,0.0,0,0,0,17,0.00657895,1,2,2,0,0,1,109,140,11,0,4,0,18,0,16,0,34,46,0,29,0,151,195,19,0,10,0,22,6,19,0,49,60,6,33,0,0,0,64,0,5,0,0,1,1,0,1,1,53,0,3,0,0,0,0,9,0
23,L469,HugeBelong,com.baidu.hugegraph.auth.HugeBelong,L4174,L103,C:\Users\domco\Desktop\DP\repos\incubator-hugegraph\hugegraph-core\src\main\java\com\baidu\hugegraph\auth\HugeBelong.java,37,1,200,2,0.0,0,0,0,0.0,0.0,0,0,6,1,1,19,7,6,13,5,20,0.0,0.0,0,0,0,14,0.0078125,1,2,2,0,0,1,88,112,10,0,3,0,15,0,13,0,31,35,0,26,0,127,164,17,0,8,0,19,5,16,0,46,48,5,30,0,0,0,55,0,3,0,0,1,1,0,1,0,47,0,1,0,0,1,0,6,0
24,L542,HugeGroup,com.baidu.hugegraph.auth.HugeGroup,L4174,L103,C:\Users\domco\Desktop\DP\repos\incubator-hugegraph\hugegraph-core\src\main\java\com\baidu\hugegraph\auth\HugeGroup.java,38,1,199,2,0.139265,1,2,1,0.111111,0.12,18,15,4,1,1,19,7,6,10,5,19,0.0,0.0,0,0,0,13,0.00793651,1,2,3,0,0,1,85,110,9,0,2,0,14,0,12,0,30,39,0,25,0,125,162,16,0,7,0,18,5,15,0,45,53,5,29,0,0,0,67,0,3,0,14,1,1,0,1,0,45,0,2,0,0,0,0,6,0
25,L4394,HugeResource,com.baidu.hugegraph.auth.HugeResource,L4174,L103,C:\Users\domco\Desktop\DP\repos\incubator-hugegraph\hugegraph-core\src\main\java\com\baidu\hugegraph\auth\HugeResource.java,52,1,369,2,0.0,0,0,0,0.0,0.0,0,0,5,3,3,61,10,11,11,15,31,0.0,0.0456853,9,0,0,11,0.0333333,9,0,0,0,0,0,188,231,7,0,7,0,16,3,10,0,16,92,3,10,0,261,318,11,0,11,0,24,4,17,0,24,121,4,17,0,0,4,72,1,6,4,0,1,1,0,0,4,61,0,2,0,0,0,0,10,0
26,L607,HugeTarget,com.baidu.hugegraph.auth.HugeTarget,L4174,L103,C:\Users\domco\Desktop\DP\repos\incubator-hugegraph\hugegraph-core\src\main\java\com\baidu\hugegraph\auth\HugeTarget.java,42,1,262,2,0.264706,5,9,5,0.199095,0.206897,44,36,4,1,1,30,10,7,15,8,28,0.0,0.0,0,0,0,18,0.00571429,1,2,3,0,0,1,130,165,12,0,5,0,20,0,17,0,36,62,0,30,0,174,221,21,0,12,0,24,7,20,0,51,78,7,34,0,0,0,98,1,6,0,30,1,1,0,1,2,57,0,4,0,0,0,0,9,0
27,L683,HugeUser,com.baidu.hugegraph.auth.HugeUser,L4174,L103,C:\Users\domco\Desktop\DP\repos\incubator-hugegraph\hugegraph-core\src\main\java\com\baidu\hugegraph\auth\HugeUser.java,38,1,276,2,0.232927,4,10,4,0.158996,0.165775,38,31,4,1,1,34,8,11,22,5,27,0.0,0.00704225,1,1,0,21,0.010582,2,2,3,0,0,1,141,181,13,0,6,0,22,0,20,0,38,68,0,33,0,187,239,23,0,14,0,26,8,23,0,53,85,8,37,0,0,0,92,0,8,0,18,1,1,0,1,1,61,0,6,0,0,0,0,11,0
28,L4587,RelationshipManager<T extends Relationship>,com.baidu.hugegraph.auth.RelationshipManager,L4174,L103,C:\Users\domco\Desktop\DP\repos\incubator-hugegraph\hugegraph-core\src\main\java\com\baidu\hugegraph\auth\RelationshipManager.java,52,1,236,2,0.22179,3,8,3,0.189189,0.22293,35,35,1,2,2,32,22,2,17,32,51,0.0,0.00632911,1,0,0,11,0.00632911,1,0,0,0,0,0,157,185,4,0,4,0,19,0,10,0,19,81,0,10,0,157,185,4,0,4,0,19,0,10,0,19,81,0,10,0,0,0,68,1,5,1,23,2,0,0,3,0,41,0,2,0,0,1,0,1,0
29,L4382,ResourceObject<V extends Object>,com.baidu.hugegraph.auth.ResourceObject,L4174,L103,C:\Users\domco\Desktop\DP\repos\incubator-hugegraph\hugegraph-core\src\main\java\com\baidu\hugegraph\auth\ResourceObject.java,28,1,86,2,0.0,0,0,0,0.0,0.0,0,0,1,1,1,10,6,4,9,5,14,0.0,0.0,0,0,0,10,0.0,0,0,0,0,0,0,49,59,3,0,3,0,9,0,9,0,9,19,0,9,0,49,59,3,0,3,0,9,0,9,0,9,19,0,9,0,0,0,21,0,7,0,0,4,0,0,0,0,21,0,3,0,0,0,0,0,0
30,L835,RolePermission,com.baidu.hugegraph.auth.RolePermission,L4174,L103,C:\Users\domco\Desktop\DP\repos\incubator-hugegraph\hugegraph-core\src\main\java\com\baidu\hugegraph\auth\RolePermission.java,44,1,228,2,0.0,0,0,0,0.0,0.0,0,0,3,5,5,31,3,18,15,3,18,0.0,0.016,2,1,0,11,0.0127389,2,0,0,0,0,0,123,147,3,0,3,0,15,2,10,0,15,55,2,10,0,155,185,5,0,5,0,19,2,14,0,19,65,2,14,0,0,1,57,0,3,0,0,0,1,2,0,0,50,0,4,0,0,0,0,4,0
31,L4581,SchemaDefine,com.baidu.hugegraph.auth.SchemaDefine,L4174,L103,C:\Users\domco\Desktop\DP\repos\incubator-hugegraph\hugegraph-core\src\main\java\com\baidu\hugegraph\auth\SchemaDefine.java,46,1,301,2,0.151899,1,4,2,0.0976563,0.121951,25,25,2,0,0,12,14,7,18,15,27,0.0,0.0,0,0,0,3,0.00485437,1,0,0,5,5,0,59,76,2,0,2,0,12,0,2,0,12,23,0,2,0,205,256,9,0,9,0,38,0,24,0,75,88,0,53,0,0,0,119,1,12,2,25,2,1,0,1,1,88,0,8,1,0,0,0,3,0
32,L4578,StandardUserManager,com.baidu.hugegraph.auth.StandardUserManager,L4174,L103,C:\Users\domco\Desktop\DP\repos\incubator-hugegraph\hugegraph-core\src\main\java\com\baidu\hugegraph\auth\StandardUserManager.java,41,1,423,2,0.0233216,1,1,1,0.0469974,0.0228758,18,7,1,3,1,61,31,2,1,53,101,0.0,0.0223642,7,0,0,41,0.0223642,7,1,1,0,0,1,306,383,9,5,9,5,48,0,40,0,48,136,0,40,0,306,383,9,5,9,5,48,0,40,0,48,136,0,40,0,0,0,117,1,2,1,8,0,0,0,4,0,99,0,2,0,0,0,0,6,0
33,L6899,ServerOptions,com.baidu.hugegraph.config.ServerOptions,L6894,L103,C:\Users\domco\Desktop\DP\repos\incubator-hugegraph\hugegraph-api\src\main\java\com\baidu\hugegraph\config\ServerOptions.java,28,1,242,2,0.0,0,0,0,0.0,0.0,0,0,1,1,1,3,0,12,1,0,2,0.0,0.0,0,0,0,2,0.0,0,0,0,0,0,0,189,215,24,0,24,0,2,23,1,0,2,5,23,1,0,189,215,24,0,24,0,2,23,1,0,2,5,23,1,0,0,0,14,0,27,0,0,24,0,0,0,1,7,0,1,0,1,0,0,7,0
34,L6917,CoreOptions,com.baidu.hugegraph.config.CoreOptions,L6894,L103,C:\Users\domco\Desktop\DP\repos\incubator-hugegraph\hugegraph-core\src\main\java\com\baidu\hugegraph\config\CoreOptions.java,31,1,626,2,0.0,0,0,0,0.0,0.0,0,0,1,1,1,3,0,26,0,0,2,0.0,0.0227704,12,5,0,2,0.0227704,12,0,0,0,0,0,515,596,67,0,67,0,2,65,1,0,2,5,65,1,0,515,596,67,0,67,0,2,65,1,0,2,5,65,1,0,0,0,15,0,82,0,0,79,0,0,0,1,7,0,1,0,1,0,0,8,0
35,L193,GraphManager,com.baidu.hugegraph.core.GraphManager,L7001,L103,C:\Users\domco\Desktop\DP\repos\incubator-hugegraph\hugegraph-api\src\main\java\com\baidu\hugegraph\core\GraphManager.java,62,1,302,2,0.0,0,0,0,0.0,0.0,0,0,4,2,2,37,22,47,85,23,44,0.0,0.0505618,9,0,0,14,0.0505618,9,0,0,0,0,0,169,241,3,0,3,0,21,0,13,0,21,88,0,13,0,169,241,3,0,3,0,21,0,13,0,21,88,0,13,0,0,1,49,2,2,0,0,0,1,0,2,1,45,0,4,0,0,0,0,1,0
36,L7131,BaseCoreTest,com.baidu.hugegraph.core.BaseCoreTest,L7001,L103,C:\Users\domco\Desktop\DP\repos\incubator-hugegraph\hugegraph-test\src\main\java\com\baidu\hugegraph\core\BaseCoreTest.java,35,1,112,2,0.0,0,0,0,0.0,0.0,0,0,2,2,2,11,5,14,693,7,14,0.0,0.0701754,4,0,0,4,0.0701754,4,0,0,8,14,0,53,78,2,0,2,0,7,0,3,0,7,25,0,3,0,53,78,2,0,2,0,7,0,3,0,7,25,0,3,0,0,0,16,1,0,0,0,0,1,0,0,1,15,0,0,0,0,0,0,0,0
37,L7150,CoreTestSuite,com.baidu.hugegraph.core.CoreTestSuite,L7001,L103,C:\Users\domco\Desktop\DP\repos\incubator-hugegraph\hugegraph-test\src\main\java\com\baidu\hugegraph\core\CoreTestSuite.java,38,1,96,2,0.0,0,0,0,0.0,0.0,0,0,2,2,2,6,18,1,1,6,10,0.0,0.0192308,1,0,0,4,0.0192308,1,0,0,0,0,0,51,59,2,0,2,0,4,0,3,0,4,15,0,3,0,51,59,2,0,2,0,4,0,3,0,4,15,0,3,0,0,0,13,1,2,0,0,0,1,0,1,0,11,0,2,0,0,1,0,0,0
38,L7166,EdgeCoreTest,com.baidu.hugegraph.core.EdgeCoreTest,L7001,L103,C:\Users\domco\Desktop\DP\repos\incubator-hugegraph\hugegraph-test\src\main\java\com\baidu\hugegraph\core\EdgeCoreTest.java,84,1,7044,2,0.562861,178,551,452,0.548915,0.548039,3821,2892,1,2,2,224,38,1,0,112,280,0.0,0.0297849,162,0,0,160,0.0297849,162,1,1,0,0,1,5277,6961,2,0,0,0,168,0,159,0,175,3017,0,162,0,5277,6961,2,0,0,0,168,0,159,0,175,3017,0,162,0,0,9,1091,174,11,35,665,2,0,1,27,0,337,0,153,0,4,0,0,61,0
39,L7157,EdgeLabelCoreTest,com.baidu.hugegraph.core.EdgeLabelCoreTest,L7001,L103,C:\Users\domco\Desktop\DP\repos\incubator-hugegraph\hugegraph-test\src\main\java\com\baidu\hugegraph\core\EdgeLabelCoreTest.java,47,1,1388,2,0.50595,27,69,69,0.497765,0.495976,668,493,1,1,1,42,22,1,0,55,96,0.0,0.0197239,20,0,0,42,0.0197239,20,2,2,0,0,1,994,1342,2,0,0,0,41,0,41,0,56,429,0,44,0,994,1342,2,0,0,0,41,0,41,0,56,429,0,44,0,0,0,331,26,14,9,211,7,0,0,28,0,85,0,24,0,0,0,0,7,0
40,L7160,IndexLabelCoreTest,com.baidu.hugegraph.core.IndexLabelCoreTest,L7001,L103,C:\Users\domco\Desktop\DP\repos\incubator-hugegraph\hugegraph-test\src\main\java\com\baidu\hugegraph\core\IndexLabelCoreTest.java,48,1,1777,2,0.598827,42,95,95,0.582659,0.569279,1008,719,1,0,0,43,22,1,0,53,96,0.0,0.0292083,38,0,0,44,0.0292083,38,2,2,0,0,1,1263,1730,2,0,0,0,43,0,43,0,58,663,0,46,0,1263,1730,2,0,0,0,43,0,43,0,58,663,0,46,0,0,0,360,49,5,9,217,0,0,0,37,0,89,0,45,0,0,0,0,17,0
41,L7184,MultiGraphsTest,com.baidu.hugegraph.core.MultiGraphsTest,L7001,L103,C:\Users\domco\Desktop\DP\repos\incubator-hugegraph\hugegraph-test\src\main\java\com\baidu\hugegraph\core\MultiGraphsTest.java,54,1,397,2,0.141662,1,10,2,0.0988372,0.116364,34,32,1,2,2,31,20,1,0,54,66,0.0,0.0107914,3,0,0,9,0.0107914,3,0,0,0,0,0,275,344,1,0,1,0,12,0,8,0,12,182,0,8,0,275,344,1,0,1,0,12,0,8,0,12,182,0,8,0,0,0,44,14,3,5,9,0,0,1,5,1,27,0,11,0,0,0,0,2,0
42,L7805,PropertyCoreTest,com.baidu.hugegraph.core.PropertyCoreTest,L7001,L103,C:\Users\domco\Desktop\DP\repos\incubator-hugegraph\hugegraph-test\src\main\java\com\baidu\hugegraph\core\PropertyCoreTest.java,45,1,764,2,0.276685,11,50,50,0.491667,0.352174,354,162,2,0,0,14,10,2,0,28,42,0.0,0.00529101,2,0,0,12,0.004329,2,1,1,2,2,1,376,624,2,0,0,0,14,0,11,0,21,181,0,14,0,460,720,2,0,0,0,20,0,11,0,63,229,0,42,0,0,0,147,36,6,4,95,2,1,0,1,0,49,0,36,0,0,0,0,1,0
43,L7151,PropertyKeyCoreTest,com.baidu.hugegraph.core.PropertyKeyCoreTest,L7001,L103,C:\Users\domco\Desktop\DP\repos\incubator-hugegraph\hugegraph-test\src\main\java\com\baidu\hugegraph\core\PropertyKeyCoreTest.java,40,1,524,2,0.423554,11,20,20,0.416495,0.374622,202,124,1,0,0,19,18,1,0,33,52,0.0,0.0321637,11,0,0,20,0.0321637,11,2,2,0,0,1,331,485,2,0,0,0,19,0,19,0,34,166,0,22,0,331,485,2,0,0,0,19,0,19,0,34,166,0,22,0,0,0,92,10,0,3,46,0,0,0,3,0,41,0,7,0,0,0,0,2,0
44,L7187,RamTableTest,com.baidu.hugegraph.core.RamTableTest,L7001,L103,C:\Users\domco\Desktop\DP\repos\incubator-hugegraph\hugegraph-test\src\main\java\com\baidu\hugegraph\core\RamTableTest.java,50,1,837,2,0.795167,34,190,166,0.680203,0.704648,536,470,1,1,1,34,18,1,0,31,39,0.0,0.0389049,27,0,0,8,0.0389049,27,1,1,0,0,1,667,788,3,0,1,0,8,0,7,0,15,608,0,10,0,667,788,3,0,1,0,8,0,7,0,15,608,0,10,0,0,2,69,9,2,0,37,2,0,0,3,0,19,0,11,0,0,0,0,10,0
45,L7175,RestoreCoreTest,com.baidu.hugegraph.core.RestoreCoreTest,L7001,L103,C:\Users\domco\Desktop\DP\repos\incubator-hugegraph\hugegraph-test\src\main\java\com\baidu\hugegraph\core\RestoreCoreTest.java,33,1,728,2,0.540759,6,25,25,0.458333,0.475298,319,279,1,0,0,62,10,1,0,20,82,0.0,0.0,0,0,0,63,0.0,0,1,1,0,0,1,587,696,2,0,0,0,62,0,62,0,69,261,0,65,0,587,696,2,0,0,0,62,0,62,0,69,261,0,65,0,0,1,289,20,4,14,151,4,0,0,5,0,127,0,7,0,0,0,0,6,0
46,L7580,SchemaCoreTest,com.baidu.hugegraph.core.SchemaCoreTest,L7001,L103,C:\Users\domco\Desktop\DP\repos\incubator-hugegraph\hugegraph-test\src\main\java\com\baidu\hugegraph\core\SchemaCoreTest.java,38,1,161,2,0.0,0,0,0,0.0,0.0,0,0,1,1,1,15,14,4,129,33,41,0.0,0.0285714,3,3,0,1,0.0285714,3,1,1,4,4,1,102,124,2,0,0,0,8,0,0,0,15,50,0,3,0,102,124,2,0,0,0,8,0,0,0,15,50,0,3,0,0,0,21,4,1,0,0,0,0,0,2,0,19,0,5,0,0,0,0,0,0
47,L7178,TaskCoreTest,com.baidu.hugegraph.core.TaskCoreTest,L7001,L103,C:\Users\domco\Desktop\DP\repos\incubator-hugegraph\hugegraph-test\src\main\java\com\baidu\hugegraph\core\TaskCoreTest.java,49,1,692,2,0.25442,6,14,14,0.236025,0.226,152,113,1,1,1,19,18,3,2,37,51,0.0,0.0105485,5,0,0,12,0.0118577,6,1,1,0,0,1,469,609,2,0,0,0,14,0,11,0,21,297,0,14,0,500,644,10,0,0,0,21,0,17,0,76,306,0,45,3,0,1,102,7,6,0,37,6,3,0,8,0,52,0,8,0,0,0,0,2,0
48,L7181,UsersTest,com.baidu.hugegraph.core.UsersTest,L7001,L103,C:\Users\domco\Desktop\DP\repos\incubator-hugegraph\hugegraph-test\src\main\java\com\baidu\hugegraph\core\UsersTest.java,50,1,1311,2,0.517935,20,46,46,0.431062,0.426486,544,409,1,1,1,44,17,1,0,84,125,0.0,0.00208117,2,0,0,36,0.00208117,2,1,1,0,0,1,959,1262,2,0,0,0,41,0,35,0,48,677,0,38,0,959,1262,2,0,0,0,41,0,35,0,48,677,0,38,0,0,0,284,25,0,0,168,0,0,0,21,0,85,0,25,0,0,0,0,10,0
49,L7163,VertexCoreTest,com.baidu.hugegraph.core.VertexCoreTest,L7001,L103,C:\Users\domco\Desktop\DP\repos\incubator-hugegraph\hugegraph-test\src\main\java\com\baidu\hugegraph\core\VertexCoreTest.java,83,1,7725,2,0.453493,146,409,324,0.415936,0.413349,3179,2409,2,2,2,303,36,1,0,93,346,0.0164609,0.0331785,200,4,4,239,0.0331785,200,1,1,0,0,1,5828,7643,2,0,0,0,253,0,242,0,260,3359,0,245,0,5828,7643,2,0,0,0,253,0,242,0,260,3359,0,245,0,0,3,1351,127,55,29,766,30,1,1,36,0,509,0,125,0,0,1,0,38,0
50,L7154,VertexLabelCoreTest,com.baidu.hugegraph.core.VertexLabelCoreTest,L7001,L103,C:\Users\domco\Desktop\DP\repos\incubator-hugegraph\hugegraph-test\src\main\java\com\baidu\hugegraph\core\VertexLabelCoreTest.java,50,1,1221,2,0.257013,25,46,46,0.34727,0.268507,407,214,1,1,1,52,26,1,0,56,106,0.0,0.0208845,17,0,0,50,0.0208845,17,2,2,0,0,1,797,1172,2,0,0,0,50,0,49,0,65,390,0,52,0,797,1172,2,0,0,0,50,0,49,0,65,390,0,52,0,0,0,247,16,11,8,120,5,0,0,16,0,103,0,14,0,0,0,0,8,0
51,L1067,WorkLoad,com.baidu.hugegraph.define.WorkLoad,L8758,L103,C:\Users\domco\Desktop\DP\repos\incubator-hugegraph\hugegraph-api\src\main\java\com\baidu\hugegraph\define\WorkLoad.java,24,1,51,2,0.0,0,0,0,0.0,0.0,0,0,1,0,0,6,0,3,3,0,6,0.0,0.0,0,0,0,7,0.0,0,0,0,0,0,0,21,28,1,0,1,0,6,0,6,0,6,6,0,6,0,21,28,1,0,1,0,6,0,6,0,6,6,0,6,0,0,0,15,0,0,0,0,0,0,0,0,0,15,0,0,0,0,0,0,0,0
52,L4593,LicenseVerifier,com.baidu.hugegraph.license.LicenseVerifier,L8910,L103,C:\Users\domco\Desktop\DP\repos\incubator-hugegraph\hugegraph-api\src\main\java\com\baidu\hugegraph\license\LicenseVerifier.java,47,1,152,2,0.0723861,1,3,1,0.0943396,0.108696,10,10,1,2,2,16,3,2,1,5,13,0.0,0.0107527,1,0,0,5,0.0107527,1,0,0,0,0,0,92,106,7,0,7,0,8,0,4,0,8,40,0,4,0,92,106,7,0,7,0,8,0,4,0,8,40,0,4,0,0,1,28,3,4,1,8,0,0,0,0,3,19,0,1,0,2,1,0,1,0
53,L8931,LicenseVerifyManager,com.baidu.hugegraph.license.LicenseVerifyManager,L8910,L103,C:\Users\domco\Desktop\DP\repos\incubator-hugegraph\hugegraph-api\src\main\java\com\baidu\hugegraph\license\LicenseVerifyManager.java,48,1,279,2,0.0,0,0,0,0.0,0.0,0,0,1,3,3,44,4,1,2,4,20,0.0,0.0432692,9,0,0,6,0.0432692,9,0,0,0,0,0,199,232,6,1,6,1,16,0,5,0,16,103,0,5,0,199,232,6,1,6,1,16,0,5,0,16,103,0,5,0,0,0,39,2,3,1,0,0,0,1,1,1,36,0,2,0,1,0,0,1,0
54,L1932,MetricsModule,com.baidu.hugegraph.metrics.MetricsModule,L9051,L103,C:\Users\domco\Desktop\DP\repos\incubator-hugegraph\hugegraph-api\src\main\java\com\baidu\hugegraph\metrics\MetricsModule.java,44,1,302,2,0.134745,1,2,2,0.0810811,0.0917431,21,20,3,0,0,6,6,3,2,6,12,0.166667,0.0638298,3,3,1,5,0.0135747,3,0,0,0,0,0,44,58,5,1,5,1,6,0,5,0,6,10,0,5,0,218,259,20,1,20,1,18,0,12,0,18,95,0,12,0,0,0,74,2,5,0,14,4,1,0,0,1,57,0,2,0,0,0,0,2,0
55,L9188,MetricsUtil,com.baidu.hugegraph.metrics.MetricsUtil,L9051,L103,C:\Users\domco\Desktop\DP\repos\incubator-hugegraph\hugegraph-api\src\main\java\com\baidu\hugegraph\metrics\MetricsUtil.java,31,1,56,2,0.0,0,0,0,0.0,0.0,0,0,1,0,0,5,0,4,8,0,5,0.0,0.0,0,0,0,6,0.0,0,0,0,0,0,0,20,26,1,0,1,0,5,0,5,0,5,5,0,5,0,20,26,1,0,1,0,5,0,5,0,5,5,0,5,0,0,0,13,0,0,0,0,0,0,0,0,0,13,0,0,0,0,0,0,0,0
56,L1967,ServerReporter,com.baidu.hugegraph.metrics.ServerReporter,L9051,L103,C:\Users\domco\Desktop\DP\repos\incubator-hugegraph\hugegraph-api\src\main\java\com\baidu\hugegraph\metrics\ServerReporter.java,41,1,115,2,0.0,0,0,0,0.0,0.0,0,0,1,2,2,12,0,3,7,0,10,0.0,0.0,0,0,0,9,0.0,0,0,0,0,0,0,63,75,6,0,6,0,10,0,8,0,10,24,0,8,0,63,75,6,0,6,0,10,0,8,0,10,24,0,8,0,0,0,24,0,10,0,0,0,0,0,0,2,23,0,6,0,1,1,0,1,0
57,L1926,SystemMetrics,com.baidu.hugegraph.metrics.SystemMetrics,L9051,L103,C:\Users\domco\Desktop\DP\repos\incubator-hugegraph\hugegraph-api\src\main\java\com\baidu\hugegraph\metrics\SystemMetrics.java,35,1,140,2,0.254355,1,2,2,0.188679,0.215054,20,20,1,1,1,11,0,1,1,0,9,0.0,0.0210526,2,0,0,2,0.0210526,2,0,0,0,0,0,93,106,1,6,1,6,9,0,1,0,9,61,0,1,0,93,106,1,6,1,6,9,0,1,0,9,61,0,1,0,0,1,39,1,0,0,17,0,0,0,0,0,21,0,2,0,0,0,0,1,0
58,L4596,JsonSerializer,com.baidu.hugegraph.serializer.JsonSerializer,L9332,L103,C:\Users\domco\Desktop\DP\repos\incubator-hugegraph\hugegraph-api\src\main\java\com\baidu\hugegraph\serializer\JsonSerializer.java,56,1,314,2,0.0,0,0,0,0.0,0.0,0,0,16,4,3,47,19,2,1,15,42,0.0,0.0179372,4,0,0,26,0.0179372,4,1,1,0,0,1,219,259,2,0,2,0,27,0,25,0,28,86,0,26,0,219,259,2,0,2,0,27,0,25,0,28,86,0,26,0,0,1,62,5,3,0,0,0,1,0,1,6,57,0,3,0,0,0,0,3,0
59,L9505,ApplicationConfig,com.baidu.hugegraph.server.ApplicationConfig,L9501,L103,C:\Users\domco\Desktop\DP\repos\incubator-hugegraph\hugegraph-api\src\main\java\com\baidu\hugegraph\server\ApplicationConfig.java,44,1,163,2,0.0,0,0,0,0.0,0.0,0,0,0,0,0,1,3,1,1,3,4,0.0,0.315789,6,0,0,2,0.0957447,9,0,0,0,0,0,13,29,0,0,0,0,1,0,1,0,1,8,0,1,0,85,120,4,0,4,0,15,0,12,0,15,24,0,12,0,0,0,40,0,3,0,0,0,4,0,0,1,36,0,0,0,0,2,0,0,0
60,L166,RestServer,com.baidu.hugegraph.server.RestServer,L9501,L103,C:\Users\domco\Desktop\DP\repos\incubator-hugegraph\hugegraph-api\src\main\java\com\baidu\hugegraph\server\RestServer.java,45,1,186,2,0.0,0,0,0,0.0,0.0,0,0,1,1,1,16,4,4,2,3,11,0.0,0.0333333,4,0,0,7,0.0333333,4,0,0,0,0,0,116,142,3,0,3,0,8,0,6,0,8,67,0,6,0,116,142,3,0,3,0,8,0,6,0,8,67,0,6,0,0,0,19,5,1,1,0,0,0,0,0,3,19,0,1,0,0,1,0,0,0
61,L9608,ApiVersion,com.baidu.hugegraph.version.ApiVersion,L9603,L103,C:\Users\domco\Desktop\DP\repos\incubator-hugegraph\hugegraph-api\src\main\java\com\baidu\hugegraph\version\ApiVersion.java,25,1,120,2,0.0,0,0,0,0.0,0.0,0,0,1,0,0,1,1,2,1,0,1,0.0,0.935484,87,86,0,2,0.935484,87,0,0,0,0,0,6,96,1,0,1,0,1,1,1,0,1,1,1,1,0,6,96,1,0,1,0,1,1,1,0,1,1,1,1,0,0,0,5,0,1,0,0,1,0,0,0,0,1,0,0,0,0,0,0,4,0
62,L9616,CoreVersion,com.baidu.hugegraph.version.CoreVersion,L9603,L103,C:\Users\domco\Desktop\DP\repos\incubator-hugegraph\hugegraph-core\src\main\java\com\baidu\hugegraph\version\CoreVersion.java,25,1,45,2,0.0,0,0,0,0.0,0.0,0,0,1,0,0,1,0,6,1,0,1,0.0,0.133333,2,1,0,2,0.133333,2,0,0,0,0,0,13,21,3,0,3,0,1,3,1,0,1,1,3,1,0,13,21,3,0,3,0,1,3,1,0,1,1,3,1,0,0,0,9,0,0,0,0,0,0,0,0,0,5,0,0,0,0,0,0,4,0
63,L7098,BackendException,com.baidu.hugegraph.backend.BackendException,L9624,L103,C:\Users\domco\Desktop\DP\repos\incubator-hugegraph\hugegraph-core\src\main\java\com\baidu\hugegraph\backend\BackendException.java,24,1,55,2,0.0,0,0,0,0.0,0.0,0,0,1,1,1,7,1,81,157,4,10,0.0,0.0,0,0,0,7,0.0,0,1,1,0,0,1,25,32,2,0,1,0,6,0,6,0,13,7,0,13,0,25,32,2,0,1,0,6,0,6,0,13,7,0,13,0,0,0,15,0,0,0,0,0,0,0,0,0,15,0,0,0,0,0,0,0,0
64,L12027,LocalCounter,com.baidu.hugegraph.backend.LocalCounter,L9624,L103,C:\Users\domco\Desktop\DP\repos\incubator-hugegraph\hugegraph-core\src\main\java\com\baidu\hugegraph\backend\LocalCounter.java,30,1,79,2,0.0,0,0,0,0.0,0.0,0,0,1,2,2,11,3,2,9,1,6,0.0,0.0,0,0,0,6,0.0,0,0,0,0,0,0,44,50,1,1,1,1,5,0,5,0,5,25,0,5,0,44,50,1,1,1,1,5,0,5,0,5,25,0,5,0,0,0,13,0,2,0,0,0,0,0,0,0,13,0,0,0,2,0,0,0,0
65,L25957,AnalyzerFactory,com.baidu.hugegraph.analyzer.AnalyzerFactory,L25944,L103,C:\Users\domco\Desktop\DP\repos\incubator-hugegraph\hugegraph-core\src\main\java\com\baidu\hugegraph\analyzer\AnalyzerFactory.java,28,1,102,2,0.382222,1,4,1,0.346667,0.31746,26,20,1,1,1,16,11,3,10,10,13,0.0,0.0454545,3,0,0,3,0.0454545,3,0,0,0,0,0,63,75,1,0,1,0,3,0,2,0,3,28,0,2,0,63,75,1,0,1,0,3,0,2,0,3,28,0,2,0,0,1,22,2,1,1,12,0,0,0,1,2,9,0,1,0,0,0,0,0,0
66,L25979,AnsjAnalyzer,com.baidu.hugegraph.analyzer.AnsjAnalyzer,L25944,L103,C:\Users\domco\Desktop\DP\repos\incubator-hugegraph\hugegraph-core\src\main\java\com\baidu\hugegraph\analyzer\AnsjAnalyzer.java,39,1,87,2,0.428571,3,15,3,0.326531,0.363636,16,16,1,1,1,8,1,1,1,0,2,0.333333,0.0638298,3,3,1,2,0.0638298,3,1,1,0,0,1,44,49,2,0,2,0,2,1,2,0,2,19,1,2,0,44,49,2,0,2,0,2,1,2,0,2,19,1,2,0,0,0,23,0,1,0,12,0,0,0,0,1,7,0,0,0,0,0,0,4,0
67,L25984,HanLPAnalyzer,com.baidu.hugegraph.analyzer.HanLPAnalyzer,L25944,L103,C:\Users\domco\Desktop\DP\repos\incubator-hugegraph\hugegraph-core\src\main\java\com\baidu\hugegraph\analyzer\HanLPAnalyzer.java,40,1,106,2,0.374429,3,15,3,0.328358,0.360656,22,22,1,1,1,10,1,1,1,0,2,0.333333,0.046875,3,3,1,2,0.046875,3,1,1,0,0,1,61,67,4,0,4,0,2,1,2,0,2,23,1,2,0,61,67,4,0,4,0,2,1,2,0,2,23,1,2,0,0,0,23,0,1,0,12,0,0,0,0,1,7,0,0,0,0,0,0,4,0
68,L26009,IKAnalyzer,com.baidu.hugegraph.analyzer.IKAnalyzer,L25944,L103,C:\Users\domco\Desktop\DP\repos\incubator-hugegraph\hugegraph-core\src\main\java\com\baidu\hugegraph\analyzer\IKAnalyzer.java,37,1,71,2,0.572727,1,3,1,0.457143,0.516129,16,16,1,2,2,5,2,1,1,1,3,0.333333,0.0882353,3,3,1,2,0.0882353,3,1,1,0,0,1,31,35,2,0,2,0,2,1,2,0,2,11,1,2,0,31,35,2,0,2,0,2,1,2,0,2,11,1,2,0,0,0,23,1,2,0,12,0,0,0,0,2,7,0,1,0,0,0,0,4,0
69,L25999,JcsegAnalyzer,com.baidu.hugegraph.analyzer.JcsegAnalyzer,L25944,L103,C:\Users\domco\Desktop\DP\repos\incubator-hugegraph\hugegraph-core\src\main\java\com\baidu\hugegraph\analyzer\JcsegAnalyzer.java,41,1,78,2,0.0,0,0,0,0.0,0.0,0,0,1,2,2,5,2,1,1,1,3,0.333333,0.0833333,3,3,1,2,0.0833333,3,1,1,0,0,1,33,38,4,0,4,0,2,1,2,0,2,12,1,2,0,33,38,4,0,4,0,2,1,2,0,2,12,1,2,0,0,0,11,1,2,0,0,0,0,0,0,2,7,0,1,0,0,0,0,4,0
70,L25994,JiebaAnalyzer,com.baidu.hugegraph.analyzer.JiebaAnalyzer,L25944,L103,C:\Users\domco\Desktop\DP\repos\incubator-hugegraph\hugegraph-core\src\main\java\com\baidu\hugegraph\analyzer\JiebaAnalyzer.java,34,1,62,2,0.0,0,0,0,0.0,0.0,0,0,1,1,1,4,1,1,1,0,2,0.333333,0.111111,3,3,1,2,0.111111,3,1,1,0,0,1,24,29,3,0,3,0,2,1,2,0,2,7,1,2,0,24,29,3,0,3,0,2,1,2,0,2,7,1,2,0,0,0,11,0,1,0,0,0,0,0,0,1,7,0,0,0,0,0,0,4,0
71,L26004,MMSeg4JAnalyzer,com.baidu.hugegraph.analyzer.MMSeg4JAnalyzer,L25944,L103,C:\Users\domco\Desktop\DP\repos\incubator-hugegraph\hugegraph-core\src\main\java\com\baidu\hugegraph\analyzer\MMSeg4JAnalyzer.java,41,1,91,2,0.398734,1,3,1,0.294118,0.326087,15,15,1,2,2,8,2,1,1,1,3,0.333333,0.0612245,3,3,1,2,0.0612245,3,1,1,0,0,1,46,51,3,0,3,0,2,1,2,0,2,19,1,2,0,46,51,3,0,3,0,2,1,2,0,2,19,1,2,0,0,0,22,1,2,0,11,0,0,0,0,2,7,0,1,0,0,0,0,4,0
72,L25989,SmartCNAnalyzer,com.baidu.hugegraph.analyzer.SmartCNAnalyzer,L25944,L103,C:\Users\domco\Desktop\DP\repos\incubator-hugegraph\hugegraph-core\src\main\java\com\baidu\hugegraph\analyzer\SmartCNAnalyzer.java,38,1,66,2,0.0,0,0,0,0.0,0.0,0,0,1,2,2,4,2,1,1,1,3,0.333333,0.142857,4,3,1,2,0.142857,4,1,1,0,0,1,24,29,2,0,2,0,2,1,2,0,2,10,1,2,0,24,29,2,0,2,0,2,1,2,0,2,10,1,2,0,0,0,9,1,0,0,0,0,0,0,0,1,5,0,0,0,0,0,0,4,0
73,L25974,WordAnalyzer,com.baidu.hugegraph.analyzer.WordAnalyzer,L25944,L103,C:\Users\domco\Desktop\DP\repos\incubator-hugegraph\hugegraph-core\src\main\java\com\baidu\hugegraph\analyzer\WordAnalyzer.java,36,1,74,2,0.0,0,0,0,0.0,0.0,0,0,1,1,1,4,1,1,1,0,2,0.333333,0.0789474,3,3,1,2,0.0789474,3,1,1,0,0,1,35,39,2,0,2,0,2,1,2,0,2,8,1,2,0,35,39,2,0,2,0,2,1,2,0,2,8,1,2,0,0,0,11,1,0,0,0,0,0,0,0,1,7,0,0,0,0,0,0,4,0
74,L10238,ConnectionException,com.baidu.hugegraph.exception.ConnectionException,L26106,L103,C:\Users\domco\Desktop\DP\repos\incubator-hugegraph\hugegraph-core\src\main\java\com\baidu\hugegraph\exception\ConnectionException.java,24,1,40,2,0.0,0,0,0,0.0,0.0,0,0,0,0,0,3,1,5,5,3,6,0.0,0.0,0,0,0,4,0.0,0,1,1,0,0,1,13,17,2,0,1,0,3,0,3,0,10,3,0,10,0,13,17,2,0,1,0,3,0,3,0,10,3,0,10,0,0,0,9,0,0,0,0,0,0,0,0,0,9,0,0,0,0,0,0,0,0
75,L7667,ExistedException,com.baidu.hugegraph.exception.ExistedException,L26106,L103,C:\Users\domco\Desktop\DP\repos\incubator-hugegraph\hugegraph-core\src\main\java\com\baidu\hugegraph\exception\ExistedException.java,25,1,36,2,0.0,0,0,0,0.0,0.0,0,0,0,0,0,2,2,7,1,2,4,0.0,0.0,0,0,0,3,0.0,0,1,1,0,0,1,9,12,2,0,1,0,2,0,2,0,9,2,0,9,0,9,12,2,0,1,0,2,0,2,0,9,2,0,9,0,0,0,7,0,0,0,0,0,0,0,0,0,7,0,0,0,0,0,0,0,0
76,L1011,HugeGremlinException,com.baidu.hugegraph.exception.HugeGremlinException,L26106,L103,C:\Users\domco\Desktop\DP\repos\incubator-hugegraph\hugegraph-core\src\main\java\com\baidu\hugegraph\exception\HugeGremlinException.java,26,1,46,2,0.0,0,0,0,0.0,0.0,0,0,1,0,0,3,0,4,4,0,3,0.0,0.0,0,0,0,4,0.0,0,0,0,0,0,0,16,21,3,0,3,0,3,0,3,0,3,5,0,3,0,16,21,3,0,3,0,3,0,3,0,3,5,0,3,0,0,0,9,0,2,0,0,0,0,0,0,0,9,0,2,0,0,0,0,0,0
77,L7485,LimitExceedException,com.baidu.hugegraph.exception.LimitExceedException,L26106,L103,C:\Users\domco\Desktop\DP\repos\incubator-hugegraph\hugegraph-core\src\main\java\com\baidu\hugegraph\exception\LimitExceedException.java,24,1,35,2,0.0,0,0,0,0.0,0.0,0,0,0,0,0,2,1,7,6,2,4,0.0,0.0,0,0,0,3,0.0,0,1,1,0,0,1,9,12,2,0,1,0,2,0,2,0,9,2,0,9,0,9,12,2,0,1,0,2,0,2,0,9,2,0,9,0,0,0,7,0,0,0,0,0,0,0,0,0,7,0,0,0,0,0,0,0,0
78,L7516,NoIndexException,com.baidu.hugegraph.exception.NoIndexException,L26106,L103,C:\Users\domco\Desktop\DP\repos\incubator-hugegraph\hugegraph-core\src\main\java\com\baidu\hugegraph\exception\NoIndexException.java,24,1,35,2,0.0,0,0,0,0.0,0.0,0,0,0,0,0,2,1,6,2,2,4,0.0,0.0,0,0,0,3,0.0,0,1,1,0,0,1,9,12,2,0,1,0,2,0,2,0,9,2,0,9,0,9,12,2,0,1,0,2,0,2,0,9,2,0,9,0,0,0,7,0,0,0,0,0,0,0,0,0,7,0,0,0,0,0,0,0,0
79,L8003,NotAllowException,com.baidu.hugegraph.exception.NotAllowException,L26106,L103,C:\Users\domco\Desktop\DP\repos\incubator-hugegraph\hugegraph-core\src\main\java\com\baidu\hugegraph\exception\NotAllowException.java,24,1,35,2,0.0,0,0,0,0.0,0.0,0,0,0,0,0,2,1,8,14,2,4,0.0,0.0,0,0,0,3,0.0,0,1,1,0,0,1,9,12,2,0,1,0,2,0,2,0,9,2,0,9,0,9,12,2,0,1,0,2,0,2,0,9,2,0,9,0,0,0,7,0,0,0,0,0,0,0,0,0,7,0,0,0,0,0,0,0,0
80,L378,NotFoundException,com.baidu.hugegraph.exception.NotFoundException,L26106,L103,C:\Users\domco\Desktop\DP\repos\incubator-hugegraph\hugegraph-core\src\main\java\com\baidu\hugegraph\exception\NotFoundException.java,24,1,39,2,0.0,0,0,0,0.0,0.0,0,0,0,0,0,3,1,27,18,3,6,0.0,0.0,0,0,0,4,0.0,0,1,1,0,0,1,12,16,2,0,1,0,3,0,3,0,10,3,0,10,0,12,16,2,0,1,0,3,0,3,0,10,3,0,10,0,0,0,9,0,0,0,0,0,0,0,0,0,9,0,0,0,0,0,0,0,0
81,L4969,NotSupportException,com.baidu.hugegraph.exception.NotSupportException,L26106,L103,C:\Users\domco\Desktop\DP\repos\incubator-hugegraph\hugegraph-core\src\main\java\com\baidu\hugegraph\exception\NotSupportException.java,24,1,36,2,0.0,0,0,0,0.0,0.0,0,0,0,0,0,2,1,20,36,2,4,0.0,0.0,0,0,0,3,0.0,0,1,1,0,0,1,10,13,3,0,2,0,2,0,2,0,9,2,0,9,0,10,13,3,0,2,0,2,0,2,0,9,2,0,9,0,0,0,7,0,0,0,0,0,0,0,0,0,7,0,0,0,0,0,0,0,0
82,L26352,GraphSONSchemaSerializer,com.baidu.hugegraph.io.GraphSONSchemaSerializer,L26346,L103,C:\Users\domco\Desktop\DP\repos\incubator-hugegraph\hugegraph-core\src\main\java\com\baidu\hugegraph\io\GraphSONSchemaSerializer.java,33,1,130,2,0.650138,2,6,4,0.571429,0.6,56,54,4,1,1,7,10,10,8,30,34,0.0,0.0,0,0,0,5,0.0,0,0,0,0,0,0,90,98,0,0,0,0,4,0,4,0,4,65,0,4,0,90,98,0,0,0,0,4,0,4,0,4,65,0,4,0,0,0,41,0,0,0,25,0,1,0,4,0,11,0,0,0,0,0,0,0,0
83,L26371,HugeGraphIoRegistry,com.baidu.hugegraph.io.HugeGraphIoRegistry,L26346,L103,C:\Users\domco\Desktop\DP\repos\incubator-hugegraph\hugegraph-core\src\main\java\com\baidu\hugegraph\io\HugeGraphIoRegistry.java,25,1,44,2,0.0,0,0,0,0.0,0.0,0,0,2,0,0,3,2,3,4,2,5,0.0,0.0,0,0,0,3,0.0,0,0,0,0,0,0,16,20,1,0,1,0,3,0,2,0,3,4,0,2,0,16,20,1,0,1,0,3,0,2,0,3,4,0,2,0,0,0,10,0,2,0,0,0,1,0,0,1,9,0,1,0,0,0,0,0,0
84,L26386,HugeGraphSONModule,com.baidu.hugegraph.io.HugeGraphSONModule,L26346,L103,C:\Users\domco\Desktop\DP\repos\incubator-hugegraph\hugegraph-core\src\main\java\com\baidu\hugegraph\io\HugeGraphSONModule.java,73,1,599,2,0.0713838,1,3,3,0.0607211,0.0746988,32,31,2,1,1,11,31,6,5,17,26,0.0,0.0727273,8,0,0,8,0.0303738,13,0,0,0,0,0,102,166,7,2,7,2,9,0,7,0,9,40,0,7,0,415,527,7,2,7,2,45,0,43,0,51,152,0,49,0,0,0,178,2,1,1,35,0,2,0,1,0,137,0,2,0,0,0,0,3,0
85,L26662,HugeGryoModule,com.baidu.hugegraph.io.HugeGryoModule,L26346,L103,C:\Users\domco\Desktop\DP\repos\incubator-hugegraph\hugegraph-core\src\main\java\com\baidu\hugegraph\io\HugeGryoModule.java,43,1,201,2,0.0,0,0,0,0.0,0.0,0,0,3,1,1,5,18,5,5,1,4,0.0,0.0697674,3,0,0,2,0.0530303,7,0,0,0,0,0,40,56,1,0,1,0,3,0,1,0,3,21,0,1,0,125,159,1,0,1,0,17,0,15,0,17,48,0,15,0,0,0,67,0,0,0,0,0,8,0,1,0,58,0,0,0,0,0,0,0,0
86,L1667,ComputerJob,com.baidu.hugegraph.job.ComputerJob,L26793,L103,C:\Users\domco\Desktop\DP\repos\incubator-hugegraph\hugegraph-core\src\main\java\com\baidu\hugegraph\job\ComputerJob.java,30,1,76,2,0.469613,1,1,1,0.319149,0.333333,15,13,4,1,1,5,9,3,2,9,13,0.0,0.0,0,0,0,5,0.0,0,3,4,0,0,1,39,47,9,0,1,0,4,1,4,0,24,20,1,13,1,39,47,9,0,1,0,4,1,4,0,24,20,1,13,1,0,0,27,0,0,0,11,0,1,0,0,0,11,0,0,0,0,0,0,4,0
87,L8213,EphemeralJob<V extends Object>,com.baidu.hugegraph.job.EphemeralJob,L26793,L103,C:\Users\domco\Desktop\DP\repos\incubator-hugegraph\hugegraph-core\src\main\java\com\baidu\hugegraph\job\EphemeralJob.java,24,1,34,2,0.0,0,0,0,0.0,0.0,0,0,1,0,0,3,1,7,1,0,3,0.0,0.0,0,0,0,4,0.0,0,2,2,3,5,1,8,11,8,0,0,0,3,0,3,0,20,1,0,11,1,8,11,8,0,0,0,3,0,3,0,20,1,0,11,1,0,0,9,1,0,0,0,0,0,0,0,1,9,0,0,0,0,0,0,0,0
88,L8201,EphemeralJobBuilder<V extends Object>,com.baidu.hugegraph.job.EphemeralJobBuilder,L26793,L103,C:\Users\domco\Desktop\DP\repos\incubator-hugegraph\hugegraph-core\src\main\java\com\baidu\hugegraph\job\EphemeralJobBuilder.java,29,1,86,2,0.0,0,0,0,0.0,0.0,0,0,1,1,1,9,6,3,3,8,15,0.0,0.0222222,1,1,0,7,0.0222222,1,0,0,0,0,0,44,58,5,0,5,0,7,0,6,0,7,21,0,6,0,44,58,5,0,5,0,7,0,6,0,7,21,0,6,0,0,0,17,0,4,0,0,1,0,0,0,0,17,0,3,0,0,0,0,0,0
89,L1706,GremlinJob,com.baidu.hugegraph.job.GremlinJob,L26793,L103,C:\Users\domco\Desktop\DP\repos\incubator-hugegraph\hugegraph-core\src\main\java\com\baidu\hugegraph\job\GremlinJob.java,33,1,133,2,0.236769,1,1,1,0.148515,0.156627,15,13,2,2,2,7,8,3,0,8,11,0.0,0.0,0,0,0,3,0.0348837,3,2,3,0,0,1,71,86,10,0,3,0,3,3,2,0,21,39,3,11,1,83,101,10,0,3,0,6,3,5,1,24,42,3,14,2,0,0,34,0,0,0,10,0,2,0,0,0,18,0,0,0,0,0,0,4,0
90,L1654,JobBuilder<V extends Object>,com.baidu.hugegraph.job.JobBuilder,L26793,L103,C:\Users\domco\Desktop\DP\repos\incubator-hugegraph\hugegraph-core\src\main\java\com\baidu\hugegraph\job\JobBuilder.java,32,1,101,2,0.0,0,0,0,0.0,0.0,0,0,1,2,2,12,7,5,7,10,18,0.0,0.0,0,0,0,8,0.0,0,0,0,0,0,0,55,70,5,0,5,0,8,0,7,0,8,27,0,7,0,55,70,5,0,5,0,8,0,7,0,8,27,0,7,0,0,0,19,0,5,0,0,1,0,0,0,0,19,0,4,0,0,0,0,0,0
91,L27112,SysJob<V extends Object>,com.baidu.hugegraph.job.SysJob,L26793,L103,C:\Users\domco\Desktop\DP\repos\incubator-hugegraph\hugegraph-core\src\main\java\com\baidu\hugegraph\job\SysJob.java,24,1,45,2,0.0,0,0,0,0.0,0.0,0,0,1,1,1,3,3,2,0,3,6,0.0,0.0,0,0,0,2,0.0,0,2,3,2,6,2,19,22,8,0,0,0,3,0,1,0,22,6,0,11,1,19,22,8,0,0,0,3,0,1,0,22,6,0,11,1,0,0,10,0,0,0,0,0,0,0,0,0,9,0,0,1,0,0,0,0,0
92,L27181,UserJob<V extends Object>,com.baidu.hugegraph.job.UserJob,L26793,L103,C:\Users\domco\Desktop\DP\repos\incubator-hugegraph\hugegraph-core\src\main\java\com\baidu\hugegraph\job\UserJob.java,24,1,45,2,0.0,0,0,0,0.0,0.0,0,0,1,1,1,3,2,1,0,3,6,0.0,0.0,0,0,0,2,0.0,0,1,2,1,1,2,19,22,7,0,0,0,3,0,1,0,20,6,0,11,1,19,22,7,0,0,0,3,0,1,0,20,6,0,11,1,0,0,10,0,0,0,0,0,0,0,0,0,9,0,0,1,0,0,0,0,0
93,L27534,HugeGraphGremlinPlugin,com.baidu.hugegraph.plugin.HugeGraphGremlinPlugin,L27530,L103,C:\Users\domco\Desktop\DP\repos\incubator-hugegraph\hugegraph-core\src\main\java\com\baidu\hugegraph\plugin\HugeGraphGremlinPlugin.java,36,1,73,2,0.0,0,0,0,0.0,0.0,0,0,1,0,0,2,1,0,0,0,2,0.0,0.0,0,0,0,3,0.0,0,0,0,0,0,0,29,38,4,0,4,0,2,0,2,0,2,2,0,2,0,29,38,4,0,4,0,2,0,2,0,2,2,0,2,0,0,0,7,0,1,0,0,0,0,0,0,0,7,0,1,0,0,0,0,0,0
94,L1283,EdgeLabel,com.baidu.hugegraph.schema.EdgeLabel,L27577,L103,C:\Users\domco\Desktop\DP\repos\incubator-hugegraph\hugegraph-core\src\main\java\com\baidu\hugegraph\schema\EdgeLabel.java,36,1,169,2,0.0,0,0,0,0.0,0.0,0,0,3,0,0,25,6,46,36,5,24,0.0,0.0125,1,0,0,20,0.0103093,1,3,6,0,0,1,79,102,20,1,5,0,19,1,19,0,64,23,5,64,0,96,134,20,1,5,0,34,1,34,0,87,23,5,87,0,0,0,85,0,5,0,0,0,1,0,0,1,72,0,4,1,0,0,0,11,0
95,L2410,IndexLabel,com.baidu.hugegraph.schema.IndexLabel,L27577,L103,C:\Users\domco\Desktop\DP\repos\incubator-hugegraph\hugegraph-core\src\main\java\com\baidu\hugegraph\schema\IndexLabel.java,37,1,299,2,0.101093,4,43,7,0.125475,0.156398,33,33,3,2,2,47,7,43,47,14,33,0.0,0.0227273,4,3,0,19,0.0186047,4,2,3,0,0,1,172,203,25,1,16,1,19,0,18,0,40,62,4,39,0,211,263,27,1,18,1,39,0,38,0,68,70,4,67,0,0,0,113,1,21,0,16,14,1,0,0,1,87,0,7,0,0,0,0,9,0
96,L1288,PropertyKey,com.baidu.hugegraph.schema.PropertyKey,L27577,L103,C:\Users\domco\Desktop\DP\repos\incubator-hugegraph\hugegraph-core\src\main\java\com\baidu\hugegraph\schema\PropertyKey.java,43,1,383,2,0.0,0,0,0,0.0,0.0,0,0,5,4,3,62,11,58,44,17,41,0.047619,0.109434,29,21,1,20,0.100346,29,2,4,0,0,2,236,295,12,0,3,0,24,0,20,0,45,115,4,41,0,260,341,12,0,3,0,46,0,42,0,75,115,4,71,0,0,0,99,7,4,5,0,0,1,0,1,2,88,0,4,1,0,0,0,8,0
97,L4539,SchemaElement,com.baidu.hugegraph.schema.SchemaElement,L27577,L103,C:\Users\domco\Desktop\DP\repos\incubator-hugegraph\hugegraph-core\src\main\java\com\baidu\hugegraph\schema\SchemaElement.java,37,1,168,2,0.0,0,0,0,0.0,0.0,0,0,3,1,1,28,7,77,267,4,25,0.0,0.00943396,1,0,0,22,0.00943396,1,1,2,3,5,2,105,132,9,0,9,0,21,4,21,0,22,40,4,22,0,105,132,9,0,9,0,21,4,21,0,22,40,4,22,0,0,0,55,0,6,0,0,1,1,0,0,0,45,0,5,1,0,0,0,8,0
98,L4815,SchemaLabel,com.baidu.hugegraph.schema.SchemaLabel,L27577,L103,C:\Users\domco\Desktop\DP\repos\incubator-hugegraph\hugegraph-core\src\main\java\com\baidu\hugegraph\schema\SchemaLabel.java,37,1,181,2,0.0,0,0,0,0.0,0.0,0,0,2,4,2,35,8,38,107,13,37,0.0,0.0,0,0,0,25,0.0,0,2,5,2,2,3,120,145,15,1,6,1,24,0,24,0,46,44,4,46,0,120,145,15,1,6,1,24,0,24,0,46,44,4,46,0,0,0,59,0,6,0,0,0,1,0,0,0,51,0,6,1,0,0,0,6,0
99,L4548,SchemaManager,com.baidu.hugegraph.schema.SchemaManager,L27577,L103,C:\Users\domco\Desktop\DP\repos\incubator-hugegraph\hugegraph-core\src\main\java\com\baidu\hugegraph\schema\SchemaManager.java,37,1,145,2,0.0,0,0,0,0.0,0.0,0,0,1,1,1,21,16,47,364,22,38,0.0,0.0,0,0,0,16,0.0,0,0,0,0,0,0,92,109,2,8,2,8,16,0,15,0,16,42,0,15,0,92,109,2,8,2,8,16,0,15,0,16,42,0,15,0,0,0,38,1,0,0,0,0,0,0,2,0,35,0,1,0,0,0,0,1,0
100,L2348,Userdata,com.baidu.hugegraph.schema.Userdata,L27577,L103,C:\Users\domco\Desktop\DP\repos\incubator-hugegraph\hugegraph-core\src\main\java\com\baidu\hugegraph\schema\Userdata.java,28,1,66,2,0.0,0,0,0,0.0,0.0,0,0,1,3,3,10,2,17,17,1,4,0.0,0.0294118,1,0,0,4,0.0294118,1,0,0,0,0,0,33,39,3,0,3,0,3,2,3,0,3,10,2,3,0,33,39,3,0,3,0,3,2,3,0,3,10,2,3,0,0,0,13,0,1,0,0,0,0,0,0,0,9,1,0,0,0,0,0,4,0
101,L1353,VertexLabel,com.baidu.hugegraph.schema.VertexLabel,L27577,L103,C:\Users\domco\Desktop\DP\repos\incubator-hugegraph\hugegraph-core\src\main\java\com\baidu\hugegraph\schema\VertexLabel.java,35,1,124,2,0.0,0,0,0,0.0,0.0,0,0,3,0,0,13,6,57,43,6,17,0.0,0.0,0,0,0,12,0.0,0,3,6,0,0,1,44,58,18,1,3,0,11,1,11,0,56,13,5,56,0,61,90,18,1,3,0,26,1,26,0,79,13,5,79,0,0,0,68,0,3,0,0,0,1,0,0,1,58,0,2,1,0,0,0,8,0
102,L28476,HugeSecurityManager,com.baidu.hugegraph.security.HugeSecurityManager,L28473,L103,C:\Users\domco\Desktop\DP\repos\incubator-hugegraph\hugegraph-core\src\main\java\com\baidu\hugegraph\security\HugeSecurityManager.java,34,1,483,2,0.0731505,1,4,2,0.0488889,0.0585106,22,22,7,3,3,120,0,1,9,0,45,0.0,0.0481013,19,0,0,32,0.0481013,19,0,0,0,0,0,376,450,14,0,14,0,45,0,31,0,45,117,0,31,0,376,450,14,0,14,0,45,0,31,0,45,117,0,31,0,0,0,103,1,5,1,14,0,1,1,0,4,81,0,1,0,0,0,0,6,0
103,L28690,StandardHugeGraph$StandardHugeGraphParams,com.baidu.hugegraph.StandardHugeGraph$StandardHugeGraphParams,L4522,L103,C:\Users\domco\Desktop\DP\repos\incubator-hugegraph\hugegraph-core\src\main\java\com\baidu\hugegraph\StandardHugeGraph.java,937,5,1071,6,0.0,0,0,0,0.0,0.0,0,0,25,0,0,26,13,1,1,18,44,0.0,0.0185185,2,0,0,26,0.0185185,2,1,1,0,0,1,106,135,1,0,1,0,26,0,25,0,26,26,0,25,0,106,135,1,0,1,0,26,0,25,0,26,26,0,25,0,0,0,60,0,1,0,0,0,1,0,1,0,55,0,1,0,0,0,0,3,0
104,L28693,StandardHugeGraph$TinkerPopTransaction,com.baidu.hugegraph.StandardHugeGraph$TinkerPopTransaction,L4522,L103,C:\Users\domco\Desktop\DP\repos\incubator-hugegraph\hugegraph-core\src\main\java\com\baidu\hugegraph\StandardHugeGraph.java,1073,5,1244,6,0.0,0,0,0,0.0,0.0,0,0,2,1,1,27,7,1,8,11,33,0.1,0.124138,18,7,1,9,0.124138,18,0,0,0,0,0,127,172,3,1,3,1,22,0,9,2,22,54,0,9,2,127,172,3,1,3,1,22,0,9,2,22,54,0,9,2,0,0,45,0,1,0,0,0,1,0,0,1,43,0,0,0,0,0,0,1,0
105,L28696,StandardHugeGraph$Txs,com.baidu.hugegraph.StandardHugeGraph$Txs,L4522,L103,C:\Users\domco\Desktop\DP\repos\incubator-hugegraph\hugegraph-core\src\main\java\com\baidu\hugegraph\StandardHugeGraph.java,1246,5,1303,6,0.0,0,0,0,0.0,0.0,0,0,1,1,1,12,5,1,6,3,10,0.0,0.0,0,0,0,8,0.0,0,0,0,0,0,0,48,58,4,0,4,0,7,0,7,0,7,19,0,7,0,48,58,4,0,4,0,7,0,7,0,7,19,0,7,0,0,0,17,3,2,0,0,1,0,0,0,3,17,0,1,0,0,0,0,0,0
106,L28699,StandardHugeGraph$SysTransaction,com.baidu.hugegraph.StandardHugeGraph$SysTransaction,L4522,L103,C:\Users\domco\Desktop\DP\repos\incubator-hugegraph\hugegraph-core\src\main\java\com\baidu\hugegraph\StandardHugeGraph.java,1305,5,1311,6,0.0,0,0,0,0.0,0.0,0,0,0,0,0,1,4,3,1,2,3,0.0,0.0,0,0,0,2,0.0,0,4,4,0,0,1,6,7,31,0,0,0,1,0,1,0,129,2,1,70,0,6,7,31,0,0,0,1,0,1,0,129,2,1,70,0,0,0,12,0,0,0,0,0,0,0,0,0,5,0,0,0,0,0,0,7,0
107,L1278,HugeEdge,com.baidu.hugegraph.structure.HugeEdge,L29173,L103,C:\Users\domco\Desktop\DP\repos\incubator-hugegraph\hugegraph-core\src\main\java\com\baidu\hugegraph\structure\HugeEdge.java,51,1,529,2,0.137971,3,15,3,0.127349,0.131514,61,53,3,3,3,102,21,43,70,56,102,0.0243902,0.0335731,14,4,1,40,0.0335731,14,3,5,0,0,1,403,479,15,10,6,1,46,0,40,0,88,196,0,75,2,403,479,15,10,6,1,46,0,40,0,88,196,0,75,2,0,1,126,2,8,0,20,2,1,0,4,0,93,0,9,0,0,0,0,8,0
108,L23514,HugeEdgeProperty<V extends Object>,com.baidu.hugegraph.structure.HugeEdgeProperty,L29173,L103,C:\Users\domco\Desktop\DP\repos\incubator-hugegraph\hugegraph-core\src\main\java\com\baidu\hugegraph\structure\HugeEdgeProperty.java,30,1,71,2,0.0,0,0,0,0.0,0.0,0,0,2,1,1,8,10,8,7,10,16,0.0,0.0,0,0,0,7,0.0,0,3,4,0,0,1,36,42,3,0,0,0,6,0,6,0,20,13,0,20,0,36,42,3,0,0,0,6,0,6,0,20,13,0,20,0,0,1,16,0,0,0,0,0,1,0,0,0,15,0,1,0,0,0,0,0,0
109,L1197,HugeElement,com.baidu.hugegraph.structure.HugeElement,L29173,L103,C:\Users\domco\Desktop\DP\repos\incubator-hugegraph\hugegraph-core\src\main\java\com\baidu\hugegraph\structure\HugeElement.java,57,1,526,2,0.0,0,0,0,0.0,0.0,0,0,5,5,3,102,16,47,111,22,71,0.025641,0.0502645,19,5,1,38,0.0473815,19,2,4,2,3,2,359,440,9,9,9,9,49,0,38,2,52,185,0,41,2,382,470,12,9,12,9,55,0,44,2,58,191,0,47,2,0,0,129,1,14,0,0,3,2,0,2,1,116,0,9,1,0,2,0,8,0
110,L4960,HugeFeatures,com.baidu.hugegraph.structure.HugeFeatures,L29173,L103,C:\Users\domco\Desktop\DP\repos\incubator-hugegraph\hugegraph-core\src\main\java\com\baidu\hugegraph\structure\HugeFeatures.java,33,1,416,2,0.0,0,0,0,0.0,0.0,0,0,2,0,0,5,4,7,3,0,5,0.0,0.0,0,0,0,6,0.0387097,12,0,0,0,0,0,30,45,5,0,5,0,5,0,5,0,5,9,0,5,0,298,384,8,1,8,1,59,0,59,0,131,65,0,131,0,0,0,153,0,1,0,0,0,7,0,0,0,141,0,1,0,0,0,0,5,0
111,L18266,HugeIndex,com.baidu.hugegraph.structure.HugeIndex,L29173,L103,C:\Users\domco\Desktop\DP\repos\incubator-hugegraph\hugegraph-core\src\main\java\com\baidu\hugegraph\structure\HugeIndex.java,43,1,299,2,0.0,0,0,0,0.0,0.0,0,0,2,3,2,49,16,14,27,39,68,0.0,0.0247525,5,0,0,30,0.0227273,5,2,3,0,0,1,197,234,4,0,4,0,29,0,29,0,29,99,0,29,0,215,257,6,0,6,0,33,0,33,0,33,104,0,33,0,0,0,80,1,12,1,0,2,1,0,3,3,72,0,7,0,0,0,0,4,0
112,L4542,HugeProperty<V extends Object>,com.baidu.hugegraph.structure.HugeProperty,L29173,L103,C:\Users\domco\Desktop\DP\repos\incubator-hugegraph\hugegraph-core\src\main\java\com\baidu\hugegraph\structure\HugeProperty.java,33,1,115,2,0.0,0,0,0,0.0,0.0,0,0,4,1,1,16,9,19,38,10,24,0.0,0.0,0,0,0,15,0.0,0,2,3,2,2,1,66,83,3,0,3,0,14,0,14,0,14,22,0,14,0,66,83,3,0,3,0,14,0,14,0,14,22,0,14,0,0,0,32,0,2,0,0,1,1,0,0,0,31,0,1,0,0,0,0,0,0
113,L1340,HugeVertex,com.baidu.hugegraph.structure.HugeVertex,L29173,L103,C:\Users\domco\Desktop\DP\repos\incubator-hugegraph\hugegraph-core\src\main\java\com\baidu\hugegraph\structure\HugeVertex.java,63,1,668,2,0.109174,3,15,3,0.105611,0.111579,64,53,5,3,3,93,27,52,78,81,121,0.114286,0.122093,63,18,4,31,0.1171,63,3,5,1,1,1,453,580,13,13,4,4,40,0,34,0,82,215,0,69,2,475,606,14,26,5,4,43,0,36,0,167,224,0,140,4,0,2,122,4,8,0,20,3,1,0,7,0,82,0,11,1,0,0,0,11,0
114,L23347,HugeVertexProperty<V extends Object>,com.baidu.hugegraph.structure.HugeVertexProperty,L29173,L103,C:\Users\domco\Desktop\DP\repos\incubator-hugegraph\hugegraph-core\src\main\java\com\baidu\hugegraph\structure\HugeVertexProperty.java,35,1,88,2,0.0,0,0,0,0.0,0.0,0,0,6,1,1,10,11,9,7,11,19,0.0,0.0,0,0,0,9,0.0,0,3,4,0,0,1,46,54,3,0,0,0,8,0,8,0,22,15,0,22,0,46,54,3,0,0,0,8,0,8,0,22,15,0,22,0,0,0,21,0,0,0,0,0,1,0,1,0,19,0,0,0,0,0,0,0,0
115,L29822,HugeServerInfo,com.baidu.hugegraph.task.HugeServerInfo,L29812,L103,C:\Users\domco\Desktop\DP\repos\incubator-hugegraph\hugegraph-core\src\main\java\com\baidu\hugegraph\task\HugeServerInfo.java,50,1,334,2,0.106884,2,2,2,0.0736842,0.0622222,21,14,2,1,1,32,8,2,6,8,31,0.0,0.00704225,1,1,0,22,0.00881057,2,0,0,0,0,0,141,181,7,0,7,0,23,0,21,0,23,73,0,21,0,225,285,17,0,17,0,33,9,25,0,33,104,9,25,0,0,0,104,0,12,1,9,3,1,0,2,1,75,0,6,0,0,1,0,17,0
116,L1673,HugeTask<V extends Object>,com.baidu.hugegraph.task.HugeTask,L29812,L103,C:\Users\domco\Desktop\DP\repos\incubator-hugegraph\hugegraph-core\src\main\java\com\baidu\hugegraph\task\HugeTask.java,58,1,717,2,0.0907321,5,8,5,0.0636364,0.0578358,42,31,1,4,2,121,20,26,50,27,85,0.0,0.039548,21,0,0,45,0.0411449,23,0,0,0,0,0,510,627,20,0,20,0,58,0,44,1,58,274,0,44,1,536,660,37,0,37,0,59,17,45,1,59,278,17,45,1,0,1,150,5,24,1,9,2,0,2,2,1,120,0,21,0,4,1,0,17,0
117,L26343,ServerInfoManager,com.baidu.hugegraph.task.ServerInfoManager,L29812,L103,C:\Users\domco\Desktop\DP\repos\incubator-hugegraph\hugegraph-core\src\main\java\com\baidu\hugegraph\task\ServerInfoManager.java,60,1,411,2,0.0381503,1,1,1,0.0511364,0.0327103,18,7,1,3,3,55,17,5,11,26,55,0.0,0.0614035,14,0,0,15,0.0614035,14,0,0,0,0,0,214,352,10,0,10,0,29,2,14,0,29,102,2,14,0,214,352,10,0,10,0,29,2,14,0,29,102,2,14,0,0,0,70,3,10,1,8,3,0,0,2,2,53,0,5,0,2,0,0,7,0
118,L4569,StandardTaskScheduler,com.baidu.hugegraph.task.StandardTaskScheduler,L29812,L103,C:\Users\domco\Desktop\DP\repos\incubator-hugegraph\hugegraph-core\src\main\java\com\baidu\hugegraph\task\StandardTaskScheduler.java,74,1,877,2,0.0115425,1,1,1,0.0174129,0.0120482,14,7,1,4,4,108,23,3,4,46,89,0.0,0.135379,75,0,0,23,0.119697,79,1,1,0,0,1,479,680,12,0,12,0,43,0,22,0,43,256,0,22,0,581,804,44,0,13,0,55,1,26,0,183,310,2,95,0,0,0,143,3,9,2,7,2,0,2,7,0,106,0,5,0,2,1,0,21,0
119,L4572,TaskCallable<V extends Object>,com.baidu.hugegraph.task.TaskCallable,L29812,L103,C:\Users\domco\Desktop\DP\repos\incubator-hugegraph\hugegraph-core\src\main\java\com\baidu\hugegraph\task\TaskCallable.java,36,1,191,2,0.0,0,0,0,0.0,0.0,0,0,4,3,3,24,4,18,28,9,24,0.0,0.153846,18,0,0,9,0.136364,18,0,0,6,20,0,99,138,7,0,7,0,15,0,8,1,15,41,0,8,1,114,156,8,0,8,0,18,0,9,1,48,45,0,25,3,0,0,43,3,7,0,0,2,1,0,0,1,41,0,4,0,0,3,0,1,0
120,L4566,TaskManager,com.baidu.hugegraph.task.TaskManager,L29812,L103,C:\Users\domco\Desktop\DP\repos\incubator-hugegraph\hugegraph-core\src\main\java\com\baidu\hugegraph\task\TaskManager.java,42,1,350,2,0.0,0,0,0,0.0,0.0,0,0,3,3,3,46,8,9,11,18,35,0.0,0.195122,48,0,0,10,0.181818,48,0,0,0,0,0,198,288,15,3,15,3,17,5,9,1,17,95,5,9,1,216,309,17,3,17,3,19,5,11,1,19,102,5,11,1,0,0,47,7,8,0,0,8,1,1,1,2,38,0,5,0,0,0,0,6,0
121,L7967,Blob,com.baidu.hugegraph.util.Blob,L33367,L103,C:\Users\domco\Desktop\DP\repos\incubator-hugegraph\hugegraph-core\src\main\java\com\baidu\hugegraph\util\Blob.java,24,1,70,2,0.0,0,0,0,0.0,0.0,0,0,1,1,1,8,0,9,11,0,7,0.0,0.0,0,0,0,7,0.0,0,0,0,0,0,0,38,47,2,0,2,0,7,1,6,0,7,15,1,6,0,38,47,2,0,2,0,7,1,6,0,7,15,1,6,0,0,0,21,2,3,2,0,1,0,0,0,1,17,0,1,0,0,0,0,4,0
122,L33399,CompressUtil,com.baidu.hugegraph.util.CompressUtil,L33367,L103,C:\Users\domco\Desktop\DP\repos\incubator-hugegraph\hugegraph-core\src\main\java\com\baidu\hugegraph\util\CompressUtil.java,57,1,241,2,0.0,0,0,0,0.0,0.0,0,0,5,5,5,17,1,3,6,0,8,0.2,0.112676,16,3,1,4,0.0971429,17,0,0,0,0,0,126,150,0,0,0,0,8,0,4,0,8,57,0,4,0,158,185,0,0,0,0,11,0,7,0,11,72,0,7,0,0,5,30,0,3,0,0,0,2,2,0,1,26,0,2,0,0,5,0,0,0
123,L15300,Consumers<V extends Object>,com.baidu.hugegraph.util.Consumers,L33367,L103,C:\Users\domco\Desktop\DP\repos\incubator-hugegraph\hugegraph-core\src\main\java\com\baidu\hugegraph\util\Consumers.java,42,1,317,2,0.0,0,0,0,0.0,0.0,0,0,4,3,2,38,4,5,6,5,20,0.0,0.0497238,9,0,0,11,0.0401786,9,0,0,0,0,0,172,223,14,0,14,0,15,4,10,0,15,96,4,10,0,215,276,21,1,20,1,21,4,16,0,28,114,4,23,0,0,1,58,3,11,1,0,1,1,0,0,0,51,0,8,0,3,2,0,6,0
124,L33640,CopyUtil,com.baidu.hugegraph.util.CopyUtil,L33367,L103,C:\Users\domco\Desktop\DP\repos\incubator-hugegraph\hugegraph-core\src\main\java\com\baidu\hugegraph\util\CopyUtil.java,28,1,88,2,0.0,0,0,0,0.0,0.0,0,0,2,4,3,17,2,1,1,3,8,0.0,0.0,0,0,0,5,0.0,0,0,0,0,0,0,55,61,0,0,0,0,5,0,4,0,5,29,0,4,0,55,61,0,0,0,0,5,0,4,0,5,29,0,4,0,0,0,15,2,1,1,0,0,1,1,0,2,13,0,0,0,0,0,0,0,0
125,L33685,Events,com.baidu.hugegraph.util.Events,L33367,L103,C:\Users\domco\Desktop\DP\repos\incubator-hugegraph\hugegraph-core\src\main\java\com\baidu\hugegraph\util\Events.java,22,1,32,2,0.0,0,0,0,0.0,0.0,0,0,0,0,0,0,0,14,0,0,0,0.0,0.0,0,0,0,1,0.0,0,0,0,0,0,0,9,11,7,0,7,0,0,7,0,0,0,0,7,0,0,9,11,7,0,7,0,0,7,0,0,0,0,7,0,0,0,0,8,0,0,0,0,0,0,0,0,0,3,0,0,0,0,0,0,5,0
126,L33687,GZipUtil,com.baidu.hugegraph.util.GZipUtil,L33367,L103,C:\Users\domco\Desktop\DP\repos\incubator-hugegraph\hugegraph-core\src\main\java\com\baidu\hugegraph\util\GZipUtil.java,34,1,76,2,0.0,0,0,0,0.0,0.0,0,0,2,2,2,6,2,2,2,4,7,0.25,0.075,3,3,1,3,0.075,3,0,0,0,0,0,37,43,1,0,1,0,3,0,3,0,3,24,0,3,0,37,43,1,0,1,0,3,0,3,0,3,24,0,3,0,0,0,10,0,0,0,0,0,1,0,0,0,9,0,0,0,0,0,0,0,0
127,L33725,JsonUtil,com.baidu.hugegraph.util.JsonUtil,L33367,L103,C:\Users\domco\Desktop\DP\repos\incubator-hugegraph\hugegraph-core\src\main\java\com\baidu\hugegraph\util\JsonUtil.java,38,1,153,2,0.0,0,0,0,0.0,0.0,0,0,3,6,2,16,2,31,106,2,9,0.125,0.0933333,7,7,1,7,0.0729167,7,0,0,0,0,0,68,89,1,0,1,0,7,0,7,0,7,29,0,7,0,89,116,3,0,3,0,11,0,11,0,11,33,0,11,0,0,0,32,0,2,1,0,0,1,2,0,0,29,0,1,0,0,0,0,0,0
128,L33772,KryoUtil,com.baidu.hugegraph.util.KryoUtil,L33367,L103,C:\Users\domco\Desktop\DP\repos\incubator-hugegraph\hugegraph-core\src\main\java\com\baidu\hugegraph\util\KryoUtil.java,33,1,99,2,0.368201,1,4,2,0.298507,0.350877,20,20,1,1,1,9,1,1,2,1,7,0.0,0.0,0,0,0,6,0.0,0,0,0,0,0,0,48,56,1,0,1,0,6,0,5,0,6,22,0,5,0,57,67,1,0,1,0,8,0,7,0,8,25,0,7,0,0,0,40,0,0,0,17,0,1,0,0,0,22,0,0,0,0,0,0,0,0
129,L24980,LockUtil,com.baidu.hugegraph.util.LockUtil,L33367,L103,C:\Users\domco\Desktop\DP\repos\incubator-hugegraph\hugegraph-core\src\main\java\com\baidu\hugegraph\util\LockUtil.java,45,1,346,2,0.350215,3,13,5,0.195364,0.239837,59,59,2,3,3,25,2,14,13,1,15,0.0,0.0,0,0,0,11,0.0646388,17,0,0,0,0,0,154,185,16,0,16,0,14,15,10,0,14,67,15,10,0,246,302,20,0,20,0,30,15,23,0,30,107,15,23,0,0,0,117,0,2,0,40,0,1,0,0,2,69,0,0,0,0,0,0,7,0
130,L33969,LZ4Util,com.baidu.hugegraph.util.LZ4Util,L33367,L103,C:\Users\domco\Desktop\DP\repos\incubator-hugegraph\hugegraph-core\src\main\java\com\baidu\hugegraph\util\LZ4Util.java,34,1,95,2,0.0,0,0,0,0.0,0.0,0,0,1,2,2,9,2,2,3,3,7,0.0,0.140351,8,0,0,5,0.140351,8,0,0,0,0,0,49,62,1,0,1,0,4,0,4,0,4,28,0,4,0,49,62,1,0,1,0,4,0,4,0,4,28,0,4,0,0,0,11,0,1,0,0,0,0,0,0,0,11,0,1,0,0,0,0,0,0
131,L33995,ParameterUtil,com.baidu.hugegraph.util.ParameterUtil,L33367,L103,C:\Users\domco\Desktop\DP\repos\incubator-hugegraph\hugegraph-core\src\main\java\com\baidu\hugegraph\util\ParameterUtil.java,24,1,78,2,0.0,0,0,0,0.0,0.0,0,0,1,0,0,6,0,4,13,0,6,0.0,0.0,0,0,0,7,0.0,0,0,0,0,0,0,49,55,0,0,0,0,6,0,6,0,6,18,0,6,0,49,55,0,0,0,0,6,0,6,0,6,18,0,6,0,0,0,15,0,0,0,0,0,0,0,0,0,15,0,0,0,0,0,0,0,0
132,L34011,StringEncoding,com.baidu.hugegraph.util.StringEncoding,L33367,L103,C:\Users\domco\Desktop\DP\repos\incubator-hugegraph\hugegraph-core\src\main\java\com\baidu\hugegraph\util\StringEncoding.java,51,1,201,2,0.0,0,0,0,0.0,0.0,0,0,8,2,2,30,3,28,64,6,23,0.111111,0.0522388,7,5,2,16,0.0522388,7,0,0,0,0,0,127,151,5,1,5,1,17,0,17,0,17,57,0,17,0,127,151,5,1,5,1,17,0,17,0,17,57,0,17,0,0,0,39,1,3,3,0,0,1,0,0,0,37,0,1,0,0,0,0,1,0
133,L4545,HugeVariables,com.baidu.hugegraph.variables.HugeVariables,L34088,L103,C:\Users\domco\Desktop\DP\repos\incubator-hugegraph\hugegraph-core\src\main\java\com\baidu\hugegraph\variables\HugeVariables.java,58,1,385,2,0.13161,3,6,6,0.0853659,0.0972222,28,28,2,7,3,43,19,2,1,27,42,0.0,0.0204082,6,3,0,9,0.0204082,6,0,0,0,0,0,288,328,16,0,16,0,15,0,8,1,15,146,0,8,1,288,328,16,0,16,0,15,0,8,1,15,146,0,8,1,0,0,50,0,3,1,9,0,1,3,1,0,33,0,1,0,1,0,0,3,0
134,L34177,ConfDumper,com.baidu.hugegraph.cmd.ConfDumper,L34165,L103,C:\Users\domco\Desktop\DP\repos\incubator-hugegraph\hugegraph-dist\src\main\java\com\baidu\hugegraph\cmd\ConfDumper.java,35,1,69,2,0.0,0,0,0,0.0,0.0,0,0,1,1,1,3,1,0,0,2,4,0.0,0.0357143,1,0,0,2,0.0357143,1,0,0,0,0,0,27,35,1,0,1,0,2,1,1,0,2,16,1,1,0,27,35,1,0,1,0,2,1,1,0,2,16,1,1,0,0,0,11,2,2,2,0,0,0,0,0,0,7,0,0,0,0,2,0,4,0
135,L34192,InitStore,com.baidu.hugegraph.cmd.InitStore,L34165,L103,C:\Users\domco\Desktop\DP\repos\incubator-hugegraph\hugegraph-dist\src\main\java\com\baidu\hugegraph\cmd\InitStore.java,43,1,156,2,0.0,0,0,0,0.0,0.0,0,0,1,5,5,11,6,0,0,11,14,0.0,0.03125,3,2,0,2,0.03125,3,0,0,0,0,0,93,114,5,0,5,0,3,0,1,0,3,47,0,1,0,93,114,5,0,5,0,3,0,1,0,3,47,0,1,0,0,0,11,4,2,2,0,0,0,2,0,3,9,0,1,0,0,0,0,0,0
136,L34221,StoreDumper,com.baidu.hugegraph.cmd.StoreDumper,L34165,L103,C:\Users\domco\Desktop\DP\repos\incubator-hugegraph\hugegraph-dist\src\main\java\com\baidu\hugegraph\cmd\StoreDumper.java,36,1,98,2,0.0,0,0,0,0.0,0.0,0,0,1,1,1,12,7,0,0,6,12,0.0,0.02,1,0,0,5,0.02,1,0,0,0,0,0,49,63,1,0,1,0,6,0,4,0,6,33,0,4,0,49,63,1,0,1,0,6,0,4,0,6,33,0,4,0,0,1,15,4,0,2,0,0,0,0,0,2,15,0,1,0,0,0,0,0,0
137,L34255,DistOptions,com.baidu.hugegraph.dist.DistOptions,L34248,L103,C:\Users\domco\Desktop\DP\repos\incubator-hugegraph\hugegraph-dist\src\main\java\com\baidu\hugegraph\dist\DistOptions.java,27,1,50,2,0.0,0,0,0,0.0,0.0,0,0,1,1,1,3,0,1,0,0,2,0.0,0.0,0,0,0,2,0.0,0,0,0,0,0,0,20,24,2,0,2,0,2,1,1,0,2,5,1,1,0,20,24,2,0,2,0,2,1,1,0,2,5,1,1,0,0,0,11,0,5,0,0,2,0,0,0,1,7,0,1,0,1,0,0,4,0
138,L34264,HugeGraphServer,com.baidu.hugegraph.dist.HugeGraphServer,L34248,L103,C:\Users\domco\Desktop\DP\repos\incubator-hugegraph\hugegraph-dist\src\main\java\com\baidu\hugegraph\dist\HugeGraphServer.java,30,1,107,2,0.0,0,0,0,0.0,0.0,0,0,1,2,2,10,5,0,0,6,9,0.0,0.0461538,3,0,0,4,0.0461538,3,0,0,0,0,0,62,78,3,0,3,0,3,0,3,0,3,35,0,3,0,62,78,3,0,3,0,3,0,3,0,3,35,0,3,0,0,0,9,8,0,0,0,0,0,0,0,2,9,0,6,0,0,0,0,0,0
139,L34291,HugeGremlinServer,com.baidu.hugegraph.dist.HugeGremlinServer,L34248,L103,C:\Users\domco\Desktop\DP\repos\incubator-hugegraph\hugegraph-dist\src\main\java\com\baidu\hugegraph\dist\HugeGremlinServer.java,30,1,92,2,0.0,0,0,0,0.0,0.0,0,0,1,1,1,7,3,1,1,5,9,0.0,0.0434783,2,0,0,4,0.0434783,2,0,0,0,0,0,44,63,2,0,2,0,4,0,3,0,4,24,0,3,0,44,63,2,0,2,0,4,0,3,0,4,24,0,3,0,0,0,9,5,2,2,0,0,0,0,0,5,9,0,0,0,0,0,0,0,0
140,L34311,HugeRestServer,com.baidu.hugegraph.dist.HugeRestServer,L34248,L103,C:\Users\domco\Desktop\DP\repos\incubator-hugegraph\hugegraph-dist\src\main\java\com\baidu\hugegraph\dist\HugeRestServer.java,28,1,60,2,0.0,0,0,0,0.0,0.0,0,0,2,1,1,5,3,1,2,5,8,0.0,0.0740741,2,0,0,4,0.0740741,2,0,0,0,0,0,25,33,1,0,1,0,3,0,3,0,3,13,0,3,0,25,33,1,0,1,0,3,0,3,0,3,13,0,3,0,0,0,10,3,0,0,0,0,1,0,0,3,9,0,0,0,0,0,0,0,0
141,L34320,RegisterUtil,com.baidu.hugegraph.dist.RegisterUtil,L34248,L103,C:\Users\domco\Desktop\DP\repos\incubator-hugegraph\hugegraph-dist\src\main\java\com\baidu\hugegraph\dist\RegisterUtil.java,42,1,218,2,0.368421,1,7,7,0.429379,0.405797,76,56,3,2,2,23,6,10,12,8,19,0.0909091,0.142857,23,3,1,10,0.142857,23,0,0,0,0,0,138,177,1,0,1,0,11,0,10,0,11,62,0,10,0,138,177,1,0,1,0,11,0,10,0,11,62,0,10,0,0,0,54,7,1,1,40,0,1,0,0,1,13,0,6,0,0,0,0,0,0
142,L34383,Example1,com.baidu.hugegraph.example.Example1,L34362,L103,C:\Users\domco\Desktop\DP\repos\incubator-hugegraph\hugegraph-example\src\main\java\com\baidu\hugegraph\example\Example1.java,51,1,496,2,0.124569,8,8,8,0.0717489,0.0906344,32,30,1,2,2,16,26,0,0,53,62,0.0,0.0931507,34,0,0,9,0.0931507,34,0,0,0,0,0,331,446,1,0,1,0,9,0,8,0,9,238,0,8,0,331,446,1,0,1,0,9,0,8,0,9,238,0,8,0,0,0,43,43,0,25,15,0,0,0,4,1,19,0,17,0,0,0,0,5,0
143,L34423,Example2,com.baidu.hugegraph.example.Example2,L34362,L103,C:\Users\domco\Desktop\DP\repos\incubator-hugegraph\hugegraph-example\src\main\java\com\baidu\hugegraph\example\Example2.java,39,1,251,2,0.0,0,0,0,0.0,0.0,0,0,1,0,0,7,11,0,0,31,35,0.0,0.0,0,0,0,5,0.0,0,0,0,0,0,0,177,213,1,0,1,0,4,0,4,0,4,81,0,4,0,177,213,1,0,1,0,4,0,4,0,4,81,0,4,0,0,0,15,25,0,10,0,0,0,0,2,1,11,0,14,0,0,0,0,2,0
144,L34443,Example3,com.baidu.hugegraph.example.Example3,L34362,L103,C:\Users\domco\Desktop\DP\repos\incubator-hugegraph\hugegraph-example\src\main\java\com\baidu\hugegraph\example\Example3.java,31,1,174,2,0.90525,4,8,8,0.791667,0.813084,114,87,1,0,0,3,8,0,0,14,17,0.0,0.0,0,0,0,4,0.0,0,0,0,0,0,0,107,144,1,0,1,0,3,0,3,0,3,66,0,3,0,107,144,1,0,1,0,3,0,3,0,3,66,0,3,0,0,0,30,7,0,0,19,0,0,0,2,1,9,0,6,0,0,0,0,0,0
145,L34457,ExampleUtil,com.baidu.hugegraph.example.ExampleUtil,L34362,L103,C:\Users\domco\Desktop\DP\repos\incubator-hugegraph\hugegraph-example\src\main\java\com\baidu\hugegraph\example\ExampleUtil.java,36,1,106,2,0.0,0,0,0,0.0,0.0,0,0,2,2,2,14,8,6,7,16,21,0.0,0.0,0,0,0,6,0.0,0,0,0,0,0,0,59,71,1,0,1,0,5,0,5,0,5,34,0,5,0,59,71,1,0,1,0,5,0,5,0,5,34,0,5,0,0,0,14,3,1,0,0,0,1,0,0,3,13,0,0,0,0,1,0,0,0
146,L34476,GraphOfTheMoviesExample,com.baidu.hugegraph.example.GraphOfTheMoviesExample,L34362,L103,C:\Users\domco\Desktop\DP\repos\incubator-hugegraph\hugegraph-example\src\main\java\com\baidu\hugegraph\example\GraphOfTheMoviesExample.java,35,1,638,2,0.906124,106,426,426,0.854305,0.862288,516,407,1,0,0,3,8,0,0,21,24,0.0,0.00631579,3,0,0,4,0.00631579,3,0,0,0,0,0,472,604,1,0,1,0,3,0,3,0,3,441,0,3,0,472,604,1,0,1,0,3,0,3,0,3,441,0,3,0,0,1,32,18,0,6,16,0,0,0,1,0,9,0,13,0,0,0,0,6,0
147,L34492,PerfExample1,com.baidu.hugegraph.example.PerfExample1,L34362,L103,C:\Users\domco\Desktop\DP\repos\incubator-hugegraph\hugegraph-example\src\main\java\com\baidu\hugegraph\example\PerfExample1.java,37,1,143,2,0.299257,1,4,1,0.280374,0.261364,30,23,3,3,3,9,9,1,0,18,21,0.5,0.0638298,6,3,1,1,0.0638298,6,1,1,0,0,1,88,107,6,0,0,0,3,0,1,0,10,57,3,5,0,88,107,6,0,0,0,3,0,1,0,10,57,3,5,0,0,0,25,4,1,0,12,1,1,0,1,1,9,0,3,0,0,0,0,2,0
148,L34534,PerfExample2,com.baidu.hugegraph.example.PerfExample2,L34362,L103,C:\Users\domco\Desktop\DP\repos\incubator-hugegraph\hugegraph-example\src\main\java\com\baidu\hugegraph\example\PerfExample2.java,37,1,126,2,0.403509,1,4,1,0.333333,0.323944,30,23,3,3,3,9,9,0,0,14,17,0.5,0.0779221,6,3,1,1,0.0779221,6,1,1,0,0,1,71,90,6,0,0,0,3,0,1,0,10,47,3,5,0,71,90,6,0,0,0,3,0,1,0,10,47,3,5,0,0,0,24,2,0,0,12,0,1,0,0,1,9,0,1,0,0,0,0,2,0
149,L34548,PerfExample3,com.baidu.hugegraph.example.PerfExample3,L34362,L103,C:\Users\domco\Desktop\DP\repos\incubator-hugegraph\hugegraph-example\src\main\java\com\baidu\hugegraph\example\PerfExample3.java,33,1,105,2,0.0,0,0,0,0.0,0.0,0,0,4,2,2,6,9,1,0,21,25,0.5,0.0952381,6,3,1,1,0.0952381,6,1,1,1,1,1,57,73,7,0,1,0,4,0,1,0,11,32,3,5,0,57,73,7,0,1,0,4,0,1,0,11,32,3,5,0,0,0,15,5,1,0,0,1,1,0,1,1,11,0,4,0,0,0,0,2,0
150,L34566,PerfExample4,com.baidu.hugegraph.example.PerfExample4,L34362,L103,C:\Users\domco\Desktop\DP\repos\incubator-hugegraph\hugegraph-example\src\main\java\com\baidu\hugegraph\example\PerfExample4.java,33,1,89,2,0.0,0,0,0,0.0,0.0,0,0,2,1,1,4,4,0,0,3,6,1.0,0.188679,10,9,2,0,0.188679,10,2,2,0,0,1,43,57,8,0,1,0,3,0,1,0,14,22,3,6,0,43,57,8,0,1,0,3,0,1,0,14,22,3,6,0,0,0,9,1,0,0,0,0,1,0,0,1,6,0,0,0,0,0,0,2,0
151,L34494,PerfExampleBase,com.baidu.hugegraph.example.PerfExampleBase,L34362,L103,C:\Users\domco\Desktop\DP\repos\incubator-hugegraph\hugegraph-example\src\main\java\com\baidu\hugegraph\example\PerfExampleBase.java,51,1,318,2,0.101604,1,2,2,0.104478,0.129032,28,24,1,2,2,21,5,5,5,6,15,0.2,0.100629,16,13,1,4,0.0837438,17,0,0,3,4,0,143,213,6,0,6,0,9,3,4,0,9,75,3,4,0,186,268,8,1,8,1,19,3,14,0,19,90,3,14,0,0,0,61,6,12,5,14,1,0,0,0,7,42,0,4,0,0,1,0,5,0
152,L34675,TaskExample,com.baidu.hugegraph.example.TaskExample,L34362,L103,C:\Users\domco\Desktop\DP\repos\incubator-hugegraph\hugegraph-example\src\main\java\com\baidu\hugegraph\example\TaskExample.java,38,1,112,2,0.0,0,0,0,0.0,0.0,0,0,1,0,0,2,9,0,0,14,16,0.0,0.0454545,2,0,0,3,0.0491803,3,0,0,0,0,0,42,56,1,0,1,0,2,0,2,0,2,35,0,2,0,58,75,10,0,3,0,3,2,3,0,18,44,2,11,1,0,0,19,6,0,5,0,0,0,0,1,1,12,0,0,0,0,0,0,6,0
153,L34694,ThreadRangePerfTest,com.baidu.hugegraph.example.ThreadRangePerfTest,L34362,L103,C:\Users\domco\Desktop\DP\repos\incubator-hugegraph\hugegraph-example\src\main\java\com\baidu\hugegraph\example\ThreadRangePerfTest.java,27,1,62,2,0.0,0,0,0,0.0,0.0,0,0,1,1,1,3,3,0,0,2,3,0.0,0.0333333,1,0,0,2,0.0333333,1,0,0,0,0,0,29,36,1,0,1,0,1,0,1,0,1,22,0,1,0,29,36,1,0,1,0,1,0,1,0,1,22,0,1,0,0,0,5,2,0,1,0,0,0,0,0,1,5,0,0,0,0,0,0,0,0
154,L34706,FakeObjects,com.baidu.hugegraph.testutil.FakeObjects,L34702,L103,C:\Users\domco\Desktop\DP\repos\incubator-hugegraph\hugegraph-test\src\main\java\com\baidu\hugegraph\testutil\FakeObjects.java,30,1,86,2,0.0,0,0,0,0.0,0.0,0,0,0,0,0,0,0,0,0,0,0,0.0,0.0,0,0,0,1,0.0,0,0,0,0,0,0,2,4,0,0,0,0,0,0,0,0,0,0,0,0,0,48,57,6,0,6,0,4,0,4,0,4,19,0,4,0,0,0,17,0,6,0,0,0,0,0,0,6,17,0,0,0,0,0,0,0,0
155,L34729,Utils,com.baidu.hugegraph.testutil.Utils,L34702,L103,C:\Users\domco\Desktop\DP\repos\incubator-hugegraph\hugegraph-test\src\main\java\com\baidu\hugegraph\testutil\Utils.java,40,1,106,2,0.0,0,0,0,0.0,0.0,0,0,5,2,2,18,6,8,32,4,10,0.0,0.0,0,0,0,7,0.0,0,0,0,0,0,0,59,67,1,1,1,1,6,1,6,0,6,27,1,6,0,59,67,1,1,1,1,6,1,6,0,6,27,1,6,0,0,0,20,1,0,0,0,0,1,0,0,1,15,0,0,0,0,0,0,4,0
156,L34755,ProcessBasicSuite,com.baidu.hugegraph.tinkerpop.ProcessBasicSuite,L34744,L103,C:\Users\domco\Desktop\DP\repos\incubator-hugegraph\hugegraph-test\src\main\java\com\baidu\hugegraph\tinkerpop\ProcessBasicSuite.java,107,1,301,2,0.101449,1,1,1,0.0666667,0.08125,13,13,1,0,0,3,1,1,0,1,4,0.333333,0.145251,26,13,1,2,0.139785,26,0,0,0,0,0,153,188,2,0,2,0,3,0,2,0,3,6,0,2,0,160,195,2,0,2,0,4,0,3,0,4,10,0,3,0,0,0,32,0,1,1,18,0,0,0,0,0,14,0,0,0,0,0,0,0,0
157,L34782,ProcessStandardTest,com.baidu.hugegraph.tinkerpop.ProcessStandardTest,L34744,L103,C:\Users\domco\Desktop\DP\repos\incubator-hugegraph\hugegraph-test\src\main\java\com\baidu\hugegraph\tinkerpop\ProcessStandardTest.java,25,1,29,2,0.0,0,0,0,0.0,0.0,0,0,0,0,0,0,3,0,0,0,0,0.0,0.0,0,0,0,1,0.0,0,0,0,0,0,0,5,5,0,0,0,0,0,0,0,0,0,0,0,0,0,5,5,0,0,0,0,0,0,0,0,0,0,0,0,0,0,0,3,0,0,0,0,0,0,0,0,0,3,0,0,0,0,0,0,0,0
158,L34785,ProcessTestGraphProvider,com.baidu.hugegraph.tinkerpop.ProcessTestGraphProvider,L34744,L103,C:\Users\domco\Desktop\DP\repos\incubator-hugegraph\hugegraph-test\src\main\java\com\baidu\hugegraph\tinkerpop\ProcessTestGraphProvider.java,24,1,31,2,0.0,0,0,0,0.0,0.0,0,0,0,0,0,1,1,1,0,1,2,0.0,0.0,0,0,0,2,0.0,0,1,1,0,0,1,6,8,22,4,1,0,1,1,1,0,18,1,1,11,0,6,8,22,4,1,0,1,1,1,0,18,1,1,11,0,0,0,10,0,0,0,0,0,0,0,0,0,5,0,0,0,0,0,0,5,0
159,L34797,StructureBasicSuite,com.baidu.hugegraph.tinkerpop.StructureBasicSuite,L34744,L103,C:\Users\domco\Desktop\DP\repos\incubator-hugegraph\hugegraph-test\src\main\java\com\baidu\hugegraph\tinkerpop\StructureBasicSuite.java,66,1,126,2,0.355072,1,1,1,0.213115,0.245283,13,13,1,0,0,2,1,1,0,1,3,0.5,0.178571,10,10,1,1,0.15873,10,0,0,0,0,0,46,54,1,0,1,0,2,0,1,0,2,4,0,1,0,53,61,1,0,1,0,3,0,2,0,3,8,0,2,0,0,0,33,0,0,0,21,0,0,0,0,0,12,0,0,0,0,0,0,0,0
160,L34809,StructureStandardTest,com.baidu.hugegraph.tinkerpop.StructureStandardTest,L34744,L103,C:\Users\domco\Desktop\DP\repos\incubator-hugegraph\hugegraph-test\src\main\java\com\baidu\hugegraph\tinkerpop\StructureStandardTest.java,25,1,29,2,0.0,0,0,0,0.0,0.0,0,0,0,0,0,0,3,0,0,0,0,0.0,0.0,0,0,0,1,0.0,0,0,0,0,0,0,5,5,0,0,0,0,0,0,0,0,0,0,0,0,0,5,5,0,0,0,0,0,0,0,0,0,0,0,0,0,0,0,3,0,0,0,0,0,0,0,0,0,3,0,0,0,0,0,0,0,0
161,L34812,StructureTestGraphProvider,com.baidu.hugegraph.tinkerpop.StructureTestGraphProvider,L34744,L103,C:\Users\domco\Desktop\DP\repos\incubator-hugegraph\hugegraph-test\src\main\java\com\baidu\hugegraph\tinkerpop\StructureTestGraphProvider.java,24,1,31,2,0.0,0,0,0,0.0,0.0,0,0,0,0,0,1,1,1,0,1,2,0.0,0.0,0,0,0,2,0.0,0,1,1,0,0,1,6,8,22,4,1,0,1,1,1,0,18,1,1,11,0,6,8,22,4,1,0,1,1,1,0,18,1,1,11,0,0,0,10,0,0,0,0,0,0,0,0,0,5,0,0,0,0,0,0,5,0
162,L34788,TestGraph,com.baidu.hugegraph.tinkerpop.TestGraph,L34744,L103,C:\Users\domco\Desktop\DP\repos\incubator-hugegraph\hugegraph-test\src\main\java\com\baidu\hugegraph\tinkerpop\TestGraph.java,52,1,951,2,0.151534,10,12,12,0.07,0.0790464,63,63,2,2,2,97,15,4,7,47,88,0.0,0.0136139,11,0,0,31,0.0136139,11,0,0,0,0,0,797,900,9,0,9,0,41,2,30,0,41,331,2,30,0,797,900,9,0,9,0,41,2,30,0,41,331,2,30,0,0,1,137,49,12,1,23,2,1,2,8,2,85,0,52,0,0,5,0,18,0
163,L34918,TestGraphFactory,com.baidu.hugegraph.tinkerpop.TestGraphFactory,L34744,L103,C:\Users\domco\Desktop\DP\repos\incubator-hugegraph\hugegraph-test\src\main\java\com\baidu\hugegraph\tinkerpop\TestGraphFactory.java,26,1,31,2,0.0,0,0,0,0.0,0.0,0,0,1,0,0,1,2,0,0,2,3,0.0,0.0,0,0,0,2,0.0,0,0,0,0,0,0,5,6,0,0,0,0,1,0,1,0,1,1,0,1,0,5,6,0,0,0,0,1,0,1,0,1,1,0,1,0,0,0,5,0,0,0,0,0,0,0,0,0,5,0,0,0,0,0,0,0,0
164,L34779,TestGraphProvider,com.baidu.hugegraph.tinkerpop.TestGraphProvider,L34744,L103,C:\Users\domco\Desktop\DP\repos\incubator-hugegraph\hugegraph-test\src\main\java\com\baidu\hugegraph\tinkerpop\TestGraphProvider.java,64,1,448,2,0.0,0,0,0,0.0,0.0,0,0,3,3,3,62,5,4,4,25,42,0.0,0.0538922,18,0,0,11,0.0538922,18,0,0,2,2,0,316,385,21,4,21,4,17,0,10,0,17,150,0,10,0,316,385,21,4,21,4,17,0,10,0,17,150,0,10,0,0,2,41,1,3,1,0,0,1,0,2,3,35,0,1,0,0,1,0,3,0
165,L35069,BaseUnitTest,com.baidu.hugegraph.unit.BaseUnitTest,L35064,L103,C:\Users\domco\Desktop\DP\repos\incubator-hugegraph\hugegraph-test\src\main\java\com\baidu\hugegraph\unit\BaseUnitTest.java,34,1,64,2,0.0,0,0,0,0.0,0.0,0,0,4,2,2,7,0,23,16,0,4,0.0,0.0740741,2,0,0,3,0.0740741,2,0,0,22,28,0,25,31,0,0,0,0,4,0,2,0,4,11,0,2,0,25,31,0,0,0,0,4,0,2,0,4,11,0,2,0,0,0,9,2,0,0,0,0,1,0,0,2,7,0,0,1,0,0,0,0,0
166,L35120,FakeObjects,com.baidu.hugegraph.unit.FakeObjects,L35064,L103,C:\Users\domco\Desktop\DP\repos\incubator-hugegraph\hugegraph-test\src\main\java\com\baidu\hugegraph\unit\FakeObjects.java,48,1,175,2,0.0,0,0,0,0.0,0.0,0,0,1,0,0,11,19,10,24,29,40,0.0,0.0,0,0,0,12,0.0,0,0,0,0,0,0,105,128,1,0,1,0,11,0,11,0,11,61,0,11,0,105,128,1,0,1,0,11,0,11,0,11,61,0,11,0,0,0,29,0,1,0,0,0,0,0,2,0,25,0,1,0,0,0,0,2,0
167,L36025,UnitTestSuite,com.baidu.hugegraph.unit.UnitTestSuite,L35064,L103,C:\Users\domco\Desktop\DP\repos\incubator-hugegraph\hugegraph-test\src\main\java\com\baidu\hugegraph\unit\UnitTestSuite.java,68,1,133,2,0.0,0,0,0,0.0,0.0,0,0,0,0,0,0,45,0,0,0,0,0.0,0.155172,9,0,0,1,0.155172,9,0,0,0,0,0,49,66,0,0,0,0,0,0,0,0,0,0,0,0,0,49,66,0,0,0,0,0,0,0,0,0,0,0,0,0,0,0,4,0,0,0,0,0,0,0,1,0,3,0,0,0,0,0,0,0,0
168,L334,AccessAPI,com.baidu.hugegraph.api.auth.AccessAPI,L327,L103,C:\Users\domco\Desktop\DP\repos\incubator-hugegraph\hugegraph-api\src\main\java\com\baidu\hugegraph\api\auth\AccessAPI.java,55,1,214,2,0.624585,5,9,5,0.59375,0.629371,95,90,1,2,1,10,12,0,0,18,23,0.0,0.0104167,1,0,0,6,0.00694444,1,1,1,0,0,1,95,107,12,0,1,0,5,0,5,0,16,37,6,11,0,143,160,16,0,5,0,9,0,9,0,20,51,6,15,0,0,0,66,3,1,2,39,1,0,0,1,0,24,0,1,0,0,0,0,2,0
169,L458,BelongAPI,com.baidu.hugegraph.api.auth.BelongAPI,L327,L103,C:\Users\domco\Desktop\DP\repos\incubator-hugegraph\hugegraph-api\src\main\java\com\baidu\hugegraph\api\auth\BelongAPI.java,54,1,205,2,0.673835,5,9,5,0.625,0.666667,95,90,1,2,1,10,12,0,0,18,23,0.0,0.0104167,1,0,0,6,0.00735294,1,1,1,0,0,1,95,107,12,0,1,0,5,0,5,0,16,37,6,11,0,135,152,15,0,4,0,9,0,9,0,20,48,6,15,0,0,0,66,3,1,2,39,1,0,0,1,0,24,0,1,0,0,0,0,2,0
170,L531,GroupAPI,com.baidu.hugegraph.api.auth.GroupAPI,L327,L103,C:\Users\domco\Desktop\DP\repos\incubator-hugegraph\hugegraph-api\src\main\java\com\baidu\hugegraph\api\auth\GroupAPI.java,54,1,182,2,0.707373,5,7,5,0.627907,0.678571,81,76,1,1,1,7,12,0,0,17,22,0.0,0.0121951,1,0,0,6,0.00884956,1,1,1,0,0,1,81,93,12,0,1,0,5,0,5,0,16,29,6,11,0,112,129,14,0,3,0,9,0,9,0,20,38,6,15,0,0,0,65,3,1,2,38,1,0,0,1,0,24,0,1,0,0,0,0,2,0
171,L596,TargetAPI,com.baidu.hugegraph.api.auth.TargetAPI,L327,L103,C:\Users\domco\Desktop\DP\repos\incubator-hugegraph\hugegraph-api\src\main\java\com\baidu\hugegraph\api\auth\TargetAPI.java,55,1,202,2,0.573832,5,7,5,0.547297,0.584615,81,76,1,1,1,7,11,0,0,16,21,0.0,0.0121951,1,0,0,6,0.0151515,2,1,1,0,0,1,81,93,12,0,1,0,5,0,5,0,16,29,6,11,0,130,148,16,0,5,0,9,0,9,0,20,44,6,15,0,0,0,65,3,1,2,38,1,0,0,1,0,24,0,1,0,0,0,0,2,0
172,L672,UserAPI,com.baidu.hugegraph.api.auth.UserAPI,L327,L103,C:\Users\domco\Desktop\DP\repos\incubator-hugegraph\hugegraph-api\src\main\java\com\baidu\hugegraph\api\auth\UserAPI.java,56,1,226,2,0.573034,6,11,6,0.532164,0.569536,91,86,1,1,1,9,13,6,16,18,25,0.0,0.020202,2,0,0,7,0.0130719,2,1,1,0,0,1,97,112,12,0,1,0,7,0,6,0,18,34,6,12,0,151,171,17,0,6,0,11,0,10,0,22,53,6,16,0,0,0,80,3,1,2,49,1,0,0,1,0,28,0,1,0,0,0,0,2,0
173,L767,AuthenticationFilter,com.baidu.hugegraph.api.filter.AuthenticationFilter,L758,L103,C:\Users\domco\Desktop\DP\repos\incubator-hugegraph\hugegraph-api\src\main\java\com\baidu\hugegraph\api\filter\AuthenticationFilter.java,56,1,239,2,0.0,0,0,0,0.0,0.0,0,0,1,1,1,9,4,1,0,3,5,0.0,0.0606061,4,0,0,2,0.0522876,8,0,0,0,0,0,62,78,3,0,3,0,2,0,1,0,2,30,0,1,0,145,184,6,4,6,4,15,0,12,0,15,64,0,12,0,0,0,40,1,0,1,0,0,1,0,0,0,39,0,0,0,0,0,0,0,0
174,L890,CompressInterceptor,com.baidu.hugegraph.api.filter.CompressInterceptor,L758,L103,C:\Users\domco\Desktop\DP\repos\incubator-hugegraph\hugegraph-api\src\main\java\com\baidu\hugegraph\api\filter\CompressInterceptor.java,42,1,112,2,0.0,0,0,0,0.0,0.0,0,0,1,2,2,8,1,2,0,2,5,0.0,0.181818,10,1,0,2,0.163934,10,0,0,0,0,0,45,65,3,1,3,1,3,2,1,0,3,21,2,1,0,51,71,3,1,3,1,5,2,1,0,5,21,2,1,0,0,0,18,1,0,0,0,0,0,0,0,0,14,0,1,0,0,0,0,4,0
175,L941,DecompressInterceptor,com.baidu.hugegraph.api.filter.DecompressInterceptor,L758,L103,C:\Users\domco\Desktop\DP\repos\incubator-hugegraph\hugegraph-api\src\main\java\com\baidu\hugegraph\api\filter\DecompressInterceptor.java,33,1,58,2,0.0,0,0,0,0.0,0.0,0,0,1,1,1,2,1,1,0,0,1,0.0,0.0588235,1,0,0,2,0.0454545,1,0,0,0,0,0,16,21,1,0,1,0,1,1,1,0,1,5,1,1,0,21,26,1,0,1,0,2,1,1,0,2,5,1,1,0,0,0,14,0,0,0,0,0,0,0,0,0,10,0,0,0,0,0,0,4,0
176,L958,ExceptionFilter,com.baidu.hugegraph.api.filter.ExceptionFilter,L758,L103,C:\Users\domco\Desktop\DP\repos\incubator-hugegraph\hugegraph-api\src\main\java\com\baidu\hugegraph\api\filter\ExceptionFilter.java,46,1,247,2,0.0,0,0,0,0.0,0.0,0,0,2,2,2,13,1,8,8,1,4,0.0,0.0,0,0,0,4,0.0,0,0,0,0,0,0,54,74,3,0,3,0,3,0,3,0,3,26,0,3,0,171,202,4,0,4,0,13,0,11,0,17,48,0,11,0,0,0,57,0,1,1,0,0,1,0,0,0,56,0,0,0,0,0,0,0,0
177,L1054,LoadDetectFilter,com.baidu.hugegraph.api.filter.LoadDetectFilter,L758,L103,C:\Users\domco\Desktop\DP\repos\incubator-hugegraph\hugegraph-api\src\main\java\com\baidu\hugegraph\api\filter\LoadDetectFilter.java,42,1,110,2,0.0,0,0,0,0.0,0.0,0,0,1,1,1,7,2,1,1,1,4,0.0,0.0333333,2,1,0,3,0.0333333,2,0,0,0,0,0,58,69,4,0,4,0,3,0,2,0,3,19,0,2,0,58,69,4,0,4,0,3,0,2,0,3,19,0,2,0,0,0,9,2,0,1,0,0,0,0,0,0,9,0,1,0,0,0,0,0,0
178,L1102,LoadReleaseFilter,com.baidu.hugegraph.api.filter.LoadReleaseFilter,L758,L103,C:\Users\domco\Desktop\DP\repos\incubator-hugegraph\hugegraph-api\src\main\java\com\baidu\hugegraph\api\filter\LoadReleaseFilter.java,31,1,48,2,0.0,0,0,0,0.0,0.0,0,0,1,1,1,2,2,0,0,2,3,0.0,0.0,0,0,0,2,0.0,0,0,0,0,0,0,15,18,1,0,1,0,1,0,1,0,1,4,0,1,0,15,18,1,0,1,0,1,0,1,0,1,4,0,1,0,0,0,5,0,0,0,0,0,0,0,0,0,5,0,0,0,0,0,0,0,0
179,L1111,StatusFilter,com.baidu.hugegraph.api.filter.StatusFilter,L758,L103,C:\Users\domco\Desktop\DP\repos\incubator-hugegraph\hugegraph-api\src\main\java\com\baidu\hugegraph\api\filter\StatusFilter.java,33,1,59,2,0.0,0,0,0,0.0,0.0,0,0,1,3,3,4,1,0,0,1,2,0.0,0.0,0,0,0,2,0.0,0,0,0,0,0,0,16,18,0,0,0,0,1,0,1,0,1,5,0,1,0,24,27,3,0,3,0,2,0,1,0,2,5,0,1,0,0,0,10,0,0,0,0,0,0,0,0,0,10,0,0,0,0,0,0,0,0
180,L1125,BatchAPI,com.baidu.hugegraph.api.graph.BatchAPI,L1120,L103,C:\Users\domco\Desktop\DP\repos\incubator-hugegraph\hugegraph-api\src\main\java\com\baidu\hugegraph\api\graph\BatchAPI.java,45,1,169,2,0.0,0,0,0,0.0,0.0,0,0,4,3,2,20,10,2,4,6,11,0.0,0.0326087,3,1,0,3,0.0277778,3,1,1,2,2,1,89,105,14,0,3,0,5,0,2,0,16,41,6,8,0,105,125,18,0,7,0,8,4,4,0,19,41,10,10,0,0,0,30,0,2,0,0,1,1,0,0,0,22,0,1,0,0,0,0,7,0
181,L1202,EdgeAPI,com.baidu.hugegraph.api.graph.EdgeAPI,L1120,L103,C:\Users\domco\Desktop\DP\repos\incubator-hugegraph\hugegraph-api\src\main\java\com\baidu\hugegraph\api\graph\EdgeAPI.java,76,1,565,2,0.308008,8,17,8,0.230612,0.290055,113,105,1,2,2,40,26,12,12,32,45,0.111111,0.0673401,20,3,1,8,0.052356,20,2,2,0,0,1,277,396,15,2,1,2,13,0,8,0,29,107,6,16,0,362,490,27,2,9,2,19,8,13,0,35,127,18,20,0,0,0,125,9,5,6,60,0,0,1,2,3,47,0,4,0,0,1,0,15,0
182,L1423,VertexAPI,com.baidu.hugegraph.api.graph.VertexAPI,L1120,L103,C:\Users\domco\Desktop\DP\repos\incubator-hugegraph\hugegraph-api\src\main\java\com\baidu\hugegraph\api\graph\VertexAPI.java,75,1,464,2,0.364964,8,17,8,0.292308,0.359322,114,106,1,2,2,31,25,14,14,31,41,0.111111,0.0607287,15,6,1,8,0.0483871,15,2,2,0,0,1,232,319,15,1,1,1,10,0,8,0,26,94,6,16,0,295,390,22,1,4,1,16,3,13,0,32,115,13,20,0,0,0,112,7,3,5,60,0,0,0,3,2,39,0,3,0,0,0,0,10,0
183,L1560,GremlinAPI,com.baidu.hugegraph.api.gremlin.GremlinAPI,L1556,L103,C:\Users\domco\Desktop\DP\repos\incubator-hugegraph\hugegraph-api\src\main\java\com\baidu\hugegraph\api\gremlin\GremlinAPI.java,49,1,164,2,0.0,0,0,0,0.0,0.0,0,0,1,2,1,14,6,0,0,5,10,0.0,0.0769231,8,0,0,4,0.0769231,8,1,1,0,0,1,96,116,17,0,6,0,5,0,3,0,16,42,6,9,0,96,116,17,0,6,0,5,0,3,0,16,42,6,9,0,0,0,15,0,1,0,0,0,0,0,0,0,11,0,1,0,0,0,0,4,0
184,L1572,GremlinClient,com.baidu.hugegraph.api.gremlin.GremlinClient,L1556,L103,C:\Users\domco\Desktop\DP\repos\incubator-hugegraph\hugegraph-api\src\main\java\com\baidu\hugegraph\api\gremlin\GremlinClient.java,37,1,78,2,0.0,0,0,0,0.0,0.0,0,0,2,1,1,5,1,1,3,0,4,0.0,0.027027,1,0,0,4,0.027027,1,0,0,0,0,0,36,42,1,0,1,0,4,0,3,0,4,10,0,3,0,36,42,1,0,1,0,4,0,3,0,4,10,0,3,0,0,0,10,0,0,0,0,0,1,0,0,0,9,0,0,0,0,0,0,0,0
185,L1639,ComputerAPI,com.baidu.hugegraph.api.job.ComputerAPI,L1633,L103,C:\Users\domco\Desktop\DP\repos\incubator-hugegraph\hugegraph-api\src\main\java\com\baidu\hugegraph\api\job\ComputerAPI.java,50,1,86,2,0.0,0,0,0,0.0,0.0,0,0,1,1,1,4,9,0,0,9,10,0.0,0.0,0,0,0,2,0.0,0,1,1,0,0,1,34,37,12,0,1,0,1,0,1,0,12,12,6,7,0,34,37,12,0,1,0,1,0,1,0,12,12,6,7,0,0,0,7,0,1,1,0,0,0,0,0,0,5,0,0,0,0,0,0,2,0
186,L1682,GremlinAPI,com.baidu.hugegraph.api.job.GremlinAPI,L1633,L103,C:\Users\domco\Desktop\DP\repos\incubator-hugegraph\hugegraph-api\src\main\java\com\baidu\hugegraph\api\job\GremlinAPI.java,60,1,209,2,0.0,0,0,0,0.0,0.0,0,0,1,0,0,1,10,1,0,12,13,0.0,0.0,0,0,0,2,0.0396825,5,1,1,0,0,1,28,34,14,0,3,0,1,0,1,0,12,8,6,7,0,121,150,18,0,7,0,15,0,15,0,27,50,6,22,0,0,0,39,0,4,0,0,0,0,0,1,0,36,0,4,0,0,0,0,2,0
187,L1793,RebuildAPI,com.baidu.hugegraph.api.job.RebuildAPI,L1633,L103,C:\Users\domco\Desktop\DP\repos\incubator-hugegraph\hugegraph-api\src\main\java\com\baidu\hugegraph\api\job\RebuildAPI.java,43,1,96,2,0.919355,1,3,3,0.833333,0.893617,45,42,1,0,0,3,9,0,0,8,11,0.0,0.0,0,0,0,4,0.0,0,1,1,0,0,1,47,54,12,0,1,0,3,0,3,0,14,9,6,9,0,47,54,12,0,1,0,3,0,3,0,14,9,6,9,0,0,0,34,0,0,0,23,0,0,0,0,0,9,0,0,0,0,0,0,2,0
188,L1826,TaskAPI,com.baidu.hugegraph.api.job.TaskAPI,L1633,L103,C:\Users\domco\Desktop\DP\repos\incubator-hugegraph\hugegraph-api\src\main\java\com\baidu\hugegraph\api\job\TaskAPI.java,59,1,186,2,0.0,0,0,0,0.0,0.0,0,0,1,2,2,17,10,0,0,13,18,0.0,0.00900901,1,0,0,5,0.00900901,1,1,1,0,0,1,110,128,14,0,3,0,5,1,4,0,16,41,7,10,0,110,128,14,0,3,0,5,1,4,0,16,41,7,10,0,0,0,18,3,2,3,0,0,0,0,0,1,13,0,1,0,0,0,0,5,0
189,L1921,MetricsAPI,com.baidu.hugegraph.api.metrics.MetricsAPI,L1918,L103,C:\Users\domco\Desktop\DP\repos\incubator-hugegraph\hugegraph-api\src\main\java\com\baidu\hugegraph\api\metrics\MetricsAPI.java,50,1,161,2,0.0,0,0,0,0.0,0.0,0,0,1,2,2,11,7,0,0,12,21,0.0,0.0,0,0,0,10,0.0,0,1,1,0,0,1,100,112,13,0,2,0,9,0,9,0,20,31,6,15,0,100,112,13,0,2,0,9,0,9,0,20,31,6,15,0,0,0,23,2,1,0,0,0,0,0,0,1,21,0,2,0,0,0,0,2,0
190,L2006,GraphsAPI,com.baidu.hugegraph.api.profile.GraphsAPI,L2001,L103,C:\Users\domco\Desktop\DP\repos\incubator-hugegraph\hugegraph-api\src\main\java\com\baidu\hugegraph\api\profile\GraphsAPI.java,57,1,170,2,0.0,0,0,0,0.0,0.0,0,0,1,3,3,11,6,0,0,9,15,0.0,0.020202,2,0,0,7,0.020202,2,1,1,0,0,1,97,114,13,1,2,1,6,0,6,0,17,32,6,12,0,97,114,13,1,2,1,6,0,6,0,17,32,6,12,0,0,0,17,2,0,0,0,0,0,0,0,0,15,0,2,0,0,0,0,2,0
191,L2064,ProfileAPI,com.baidu.hugegraph.api.profile.ProfileAPI,L2001,L103,C:\Users\domco\Desktop\DP\repos\incubator-hugegraph\hugegraph-api\src\main\java\com\baidu\hugegraph\api\profile\ProfileAPI.java,50,1,230,2,0.0,0,0,0,0.0,0.0,0,0,1,3,3,15,5,0,0,5,8,0.0,0.0379747,3,0,0,3,0.0192308,3,0,0,0,0,0,76,91,5,1,5,1,3,0,2,0,3,42,0,2,0,153,181,14,1,14,1,11,0,10,0,11,73,0,10,0,0,0,38,0,2,0,0,0,0,0,0,0,37,0,0,0,0,2,0,1,0
192,L2189,VersionAPI,com.baidu.hugegraph.api.profile.VersionAPI,L2001,L103,C:\Users\domco\Desktop\DP\repos\incubator-hugegraph\hugegraph-api\src\main\java\com\baidu\hugegraph\api\profile\VersionAPI.java,36,1,51,2,0.0,0,0,0,0.0,0.0,0,0,1,0,0,1,3,0,0,0,1,0.0,0.0,0,0,0,2,0.0,0,1,1,0,0,1,15,16,11,0,0,0,1,0,1,0,12,2,6,7,0,15,16,11,0,0,0,1,0,1,0,12,2,6,7,0,0,0,7,0,0,0,0,0,0,0,0,0,5,0,0,0,0,0,0,2,0
193,L2199,RaftAPI,com.baidu.hugegraph.api.raft.RaftAPI,L2196,L103,C:\Users\domco\Desktop\DP\repos\incubator-hugegraph\hugegraph-api\src\main\java\com\baidu\hugegraph\api\raft\RaftAPI.java,49,1,195,2,0.619718,1,4,4,0.598639,0.631579,88,84,1,1,1,8,6,0,0,10,17,0.0,0.0,0,0,0,7,0.0,0,1,1,0,0,1,133,147,12,1,1,1,7,0,6,1,18,34,6,12,1,133,147,12,1,1,1,7,0,6,1,18,34,6,12,1,0,0,52,5,0,0,33,0,0,0,0,0,17,0,5,0,0,0,0,2,0
194,L2269,EdgeLabelAPI,com.baidu.hugegraph.api.schema.EdgeLabelAPI,L2263,L103,C:\Users\domco\Desktop\DP\repos\incubator-hugegraph\hugegraph-api\src\main\java\com\baidu\hugegraph\api\schema\EdgeLabelAPI.java,59,1,272,2,0.805764,17,77,18,0.696262,0.734375,149,141,1,2,2,9,11,0,0,16,21,0.0,0.02,2,0,0,6,0.0253807,5,1,1,0,0,1,98,116,12,0,1,0,5,0,5,0,16,34,6,11,0,192,214,25,0,14,0,8,13,7,0,20,65,19,14,0,0,0,91,3,1,0,55,1,0,1,2,0,22,0,3,0,0,0,0,11,0
195,L2394,IndexLabelAPI,com.baidu.hugegraph.api.schema.IndexLabelAPI,L2263,L103,C:\Users\domco\Desktop\DP\repos\incubator-hugegraph\hugegraph-api\src\main\java\com\baidu\hugegraph\api\schema\IndexLabelAPI.java,60,1,291,2,0.368899,5,13,5,0.293103,0.307317,68,63,1,2,2,13,14,0,0,23,30,0.0,0.042735,5,3,0,6,0.0375587,8,1,1,0,0,1,112,134,12,0,1,0,7,0,5,0,18,43,6,11,0,205,232,21,0,10,0,11,9,8,0,22,72,15,14,0,0,0,74,3,2,1,37,1,0,0,1,0,26,0,3,0,0,0,0,10,0
196,L2520,PropertyKeyAPI,com.baidu.hugegraph.api.schema.PropertyKeyAPI,L2263,L103,C:\Users\domco\Desktop\DP\repos\incubator-hugegraph\hugegraph-api\src\main\java\com\baidu\hugegraph\api\schema\PropertyKeyAPI.java,58,1,243,2,0.708141,12,39,12,0.602151,0.648485,112,107,1,2,2,9,10,0,0,16,21,0.0,0.02,2,0,0,6,0.0294118,5,1,1,0,0,1,98,115,12,0,1,0,5,0,5,0,16,34,6,11,0,165,186,20,0,9,0,8,8,7,0,20,53,14,14,0,0,0,77,3,1,0,45,1,0,0,1,0,22,0,3,0,0,0,0,9,0
197,L2611,VertexLabelAPI,com.baidu.hugegraph.api.schema.VertexLabelAPI,L2263,L103,C:\Users\domco\Desktop\DP\repos\incubator-hugegraph\hugegraph-api\src\main\java\com\baidu\hugegraph\api\schema\VertexLabelAPI.java,59,1,264,2,0.816845,17,72,17,0.708738,0.75,146,138,1,2,2,9,11,0,0,16,21,0.0,0.0194175,2,0,0,6,0.026455,5,1,1,0,0,1,101,119,12,0,1,0,5,0,5,0,16,34,6,11,0,184,206,23,0,12,0,8,11,7,0,20,61,17,14,0,0,0,88,3,1,0,53,1,0,1,2,0,22,0,3,0,0,0,0,10,0
198,L2731,AllShortestPathsAPI,com.baidu.hugegraph.api.traversers.AllShortestPathsAPI,L2705,L103,C:\Users\domco\Desktop\DP\repos\incubator-hugegraph\hugegraph-api\src\main\java\com\baidu\hugegraph\api\traversers\AllShortestPathsAPI.java,52,1,94,2,0.768,4,5,4,0.790698,0.815789,34,31,1,0,0,2,11,0,0,8,9,0.0,0.0,0,0,0,2,0.0,0,1,1,0,0,1,38,43,12,0,1,0,1,0,1,0,12,9,6,7,0,38,43,12,0,1,0,1,0,1,0,12,9,6,7,0,0,0,21,0,1,1,12,0,0,0,1,0,5,0,0,0,0,0,0,3,0
199,L2770,CountAPI,com.baidu.hugegraph.api.traversers.CountAPI,L2705,L103,C:\Users\domco\Desktop\DP\repos\incubator-hugegraph\hugegraph-api\src\main\java\com\baidu\hugegraph\api\traversers\CountAPI.java,55,1,148,2,0.0,0,0,0,0.0,0.0,0,0,1,1,1,5,11,0,0,7,9,0.0,0.0,0,0,0,2,0.0,0,1,1,0,0,1,39,47,12,0,1,0,2,0,1,0,13,15,6,7,0,81,94,21,0,10,0,5,9,3,0,16,18,15,9,0,0,0,32,0,4,0,0,2,0,0,1,0,19,0,1,0,0,1,0,12,0
200,L2844,CrosspointsAPI,com.baidu.hugegraph.api.traversers.CrosspointsAPI,L2705,L103,C:\Users\domco\Desktop\DP\repos\incubator-hugegraph\hugegraph-api\src\main\java\com\baidu\hugegraph\api\traversers\CrosspointsAPI.java,50,1,89,2,0.577982,3,3,3,0.7,0.722222,28,26,1,0,0,1,11,0,0,8,9,0.0,0.0,0,0,0,2,0.0,0,1,1,0,0,1,36,40,12,0,1,0,1,0,1,0,12,8,6,7,0,36,40,12,0,1,0,1,0,1,0,12,8,6,7,0,0,0,21,0,1,1,12,0,0,0,1,0,5,0,0,0,0,0,0,3,0
201,L2868,CustomizedCrosspointsAPI,com.baidu.hugegraph.api.traversers.CustomizedCrosspointsAPI,L2705,L103,C:\Users\domco\Desktop\DP\repos\incubator-hugegraph\hugegraph-api\src\main\java\com\baidu\hugegraph\api\traversers\CustomizedCrosspointsAPI.java,59,1,199,2,0.126214,1,1,1,0.0851064,0.08,12,10,1,2,2,9,15,0,0,14,16,0.0,0.0,0,0,0,2,0.0,0,1,1,0,0,1,68,77,12,0,1,0,2,0,1,0,13,32,6,7,0,125,141,24,0,13,0,6,12,4,0,17,36,18,10,0,0,0,51,0,5,1,8,1,0,0,2,0,24,0,0,0,0,3,0,17,0
202,L2989,CustomizedPathsAPI,com.baidu.hugegraph.api.traversers.CustomizedPathsAPI,L2705,L103,C:\Users\domco\Desktop\DP\repos\incubator-hugegraph\hugegraph-api\src\main\java\com\baidu\hugegraph\api\traversers\CustomizedPathsAPI.java,62,1,200,2,0.154135,1,4,1,0.0935252,0.0983607,13,12,1,1,1,9,14,0,0,12,14,0.0,0.0,0,0,0,2,0.0,0,1,1,0,0,1,60,72,12,0,1,0,2,0,1,0,13,30,6,7,0,122,139,29,0,18,0,5,17,3,0,16,33,23,9,0,0,0,52,0,4,1,9,1,0,0,2,0,22,0,0,0,0,2,0,19,0
203,L3098,EdgesAPI,com.baidu.hugegraph.api.traversers.EdgesAPI,L2705,L103,C:\Users\domco\Desktop\DP\repos\incubator-hugegraph\hugegraph-api\src\main\java\com\baidu\hugegraph\api\traversers\EdgesAPI.java,53,1,125,2,0.556863,2,3,2,0.575342,0.622951,42,38,1,1,1,6,12,0,0,13,16,0.0,0.0,0,0,0,4,0.0,0,1,1,0,0,1,61,73,12,0,1,0,3,0,3,0,14,23,6,9,0,61,73,12,0,1,0,3,0,3,0,14,23,6,9,0,0,0,31,0,1,1,18,0,0,0,1,0,9,0,0,0,0,0,0,3,0
204,L3148,FusiformSimilarityAPI,com.baidu.hugegraph.api.traversers.FusiformSimilarityAPI,L2705,L103,C:\Users\domco\Desktop\DP\repos\incubator-hugegraph\hugegraph-api\src\main\java\com\baidu\hugegraph\api\traversers\FusiformSimilarityAPI.java,55,1,170,2,0.0,0,0,0,0.0,0.0,0,0,1,1,1,7,11,0,0,9,10,0.0,0.0,0,0,0,2,0.0,0,1,1,0,0,1,61,69,12,0,1,0,1,0,1,0,12,20,6,7,0,106,116,26,0,15,0,2,14,2,0,13,21,20,8,0,0,0,22,0,3,1,0,0,0,0,1,0,10,0,0,0,0,2,0,11,0
205,L3205,JaccardSimilarityAPI,com.baidu.hugegraph.api.traversers.JaccardSimilarityAPI,L2705,L103,C:\Users\domco\Desktop\DP\repos\incubator-hugegraph\hugegraph-api\src\main\java\com\baidu\hugegraph\api\traversers\JaccardSimilarityAPI.java,58,1,146,2,0.0271186,1,1,1,0.123596,0.142857,11,11,1,1,1,2,15,0,0,12,14,0.0,0.0,0,0,0,3,0.0,0,2,2,0,0,1,61,71,12,0,1,0,2,0,2,0,14,21,6,8,0,77,89,16,0,5,0,3,4,3,0,15,22,10,9,0,0,0,28,0,2,2,7,0,0,0,1,0,12,0,0,0,0,0,0,8,0
206,L3263,KneighborAPI,com.baidu.hugegraph.api.traversers.KneighborAPI,L2705,L103,C:\Users\domco\Desktop\DP\repos\incubator-hugegraph\hugegraph-api\src\main\java\com\baidu\hugegraph\api\traversers\KneighborAPI.java,62,1,190,2,0.244681,3,6,3,0.271318,0.280702,35,32,1,2,2,11,17,0,0,18,20,0.0,0.0,0,0,0,3,0.0,0,2,2,0,0,1,90,103,12,0,1,0,2,0,2,0,14,37,6,8,0,114,129,19,0,8,0,3,7,3,0,15,38,13,9,0,0,0,41,0,5,2,18,0,0,0,2,0,12,0,0,0,0,3,0,9,0
207,L3327,KoutAPI,com.baidu.hugegraph.api.traversers.KoutAPI,L2705,L103,C:\Users\domco\Desktop\DP\repos\incubator-hugegraph\hugegraph-api\src\main\java\com\baidu\hugegraph\api\traversers\KoutAPI.java,64,1,205,2,0.144814,2,5,2,0.204225,0.220472,29,28,1,2,2,11,17,0,0,18,20,0.0,0.0,0,0,0,3,0.0,0,2,2,0,0,1,98,111,12,0,1,0,2,0,2,0,14,37,6,8,0,127,142,21,0,10,0,3,9,3,0,15,38,15,9,0,0,0,41,0,5,2,16,0,0,0,2,0,12,0,0,0,0,3,0,11,0
208,L3378,MultiNodeShortestPathAPI,com.baidu.hugegraph.api.traversers.MultiNodeShortestPathAPI,L2705,L103,C:\Users\domco\Desktop\DP\repos\incubator-hugegraph\hugegraph-api\src\main\java\com\baidu\hugegraph\api\traversers\MultiNodeShortestPathAPI.java,53,1,127,2,0.297101,1,4,1,0.173333,0.1875,13,12,1,1,1,4,13,0,0,11,12,0.0,0.0,0,0,0,2,0.0,0,2,2,0,0,1,45,54,12,0,1,0,1,0,1,0,13,19,6,7,0,64,75,17,0,6,0,2,5,2,0,14,20,11,8,0,0,0,30,0,2,1,11,0,0,0,2,0,10,0,0,0,0,1,0,7,0
209,L3408,NeighborRankAPI,com.baidu.hugegraph.api.traversers.NeighborRankAPI,L2705,L103,C:\Users\domco\Desktop\DP\repos\incubator-hugegraph\hugegraph-api\src\main\java\com\baidu\hugegraph\api\traversers\NeighborRankAPI.java,54,1,153,2,0.0,0,0,0,0.0,0.0,0,0,1,1,1,5,11,0,0,7,9,0.0,0.0,0,0,0,2,0.0,0,1,1,0,0,1,42,50,12,0,1,0,2,0,1,0,13,17,6,7,0,86,100,22,0,11,0,5,7,3,0,16,20,13,9,0,0,0,33,0,4,1,0,2,0,0,1,0,19,0,0,0,0,1,0,13,0
210,L3479,PathsAPI,com.baidu.hugegraph.api.traversers.PathsAPI,L2705,L103,C:\Users\domco\Desktop\DP\repos\incubator-hugegraph\hugegraph-api\src\main\java\com\baidu\hugegraph\api\traversers\PathsAPI.java,62,1,183,2,0.322222,4,7,4,0.336066,0.348624,41,38,1,1,1,5,18,0,0,17,19,0.0,0.0,0,0,0,3,0.0,0,2,2,0,0,1,82,93,12,0,1,0,2,0,2,0,14,30,6,8,0,109,122,20,0,9,0,3,8,3,0,15,31,14,9,0,0,0,42,0,4,2,18,0,0,0,2,0,12,0,0,0,0,2,0,10,0
211,L3531,PersonalRankAPI,com.baidu.hugegraph.api.traversers.PersonalRankAPI,L2705,L103,C:\Users\domco\Desktop\DP\repos\incubator-hugegraph\hugegraph-api\src\main\java\com\baidu\hugegraph\api\traversers\PersonalRankAPI.java,51,1,131,2,0.0,0,0,0,0.0,0.0,0,0,1,0,0,5,9,0,0,7,8,0.0,0.0,0,0,0,2,0.0,0,1,1,0,0,1,45,51,12,0,1,0,1,0,1,0,12,15,6,7,0,73,81,20,0,9,0,2,0,2,0,13,16,6,8,0,0,0,14,0,5,1,0,0,0,0,0,4,10,0,0,0,0,0,0,4,0
212,L3574,RaysAPI,com.baidu.hugegraph.api.traversers.RaysAPI,L2705,L103,C:\Users\domco\Desktop\DP\repos\incubator-hugegraph\hugegraph-api\src\main\java\com\baidu\hugegraph\api\traversers\RaysAPI.java,50,1,88,2,0.0808081,1,1,1,0.384615,0.441176,15,15,1,0,0,1,11,0,0,8,9,0.0,0.0,0,0,0,2,0.0,0,1,1,0,0,1,34,39,12,0,1,0,1,0,1,0,12,7,6,7,0,34,39,12,0,1,0,1,0,1,0,12,7,6,7,0,0,0,18,0,1,1,9,0,0,0,1,0,5,0,0,0,0,0,0,3,0
213,L3595,RingsAPI,com.baidu.hugegraph.api.traversers.RingsAPI,L2705,L103,C:\Users\domco\Desktop\DP\repos\incubator-hugegraph\hugegraph-api\src\main\java\com\baidu\hugegraph\api\traversers\RingsAPI.java,50,1,91,2,0.0776699,1,1,1,0.404762,0.459459,17,17,1,0,0,1,11,0,0,8,9,0.0,0.0,0,0,0,2,0.0,0,1,1,0,0,1,37,42,12,0,1,0,1,0,1,0,12,7,6,7,0,37,42,12,0,1,0,1,0,1,0,12,7,6,7,0,0,0,19,0,1,1,10,0,0,0,1,0,5,0,0,0,0,0,0,3,0
214,L3612,SameNeighborsAPI,com.baidu.hugegraph.api.traversers.SameNeighborsAPI,L2705,L103,C:\Users\domco\Desktop\DP\repos\incubator-hugegraph\hugegraph-api\src\main\java\com\baidu\hugegraph\api\traversers\SameNeighborsAPI.java,50,1,83,2,0.0792079,1,1,1,0.323529,0.366667,11,11,1,0,0,1,10,0,0,8,9,0.0,0.0,0,0,0,2,0.0,0,1,1,0,0,1,30,34,12,0,1,0,1,0,1,0,12,8,6,7,0,30,34,12,0,1,0,1,0,1,0,12,8,6,7,0,0,0,17,0,1,1,9,0,0,0,0,0,5,0,0,0,0,0,0,3,0
215,L3632,ShortestPathAPI,com.baidu.hugegraph.api.traversers.ShortestPathAPI,L2705,L103,C:\Users\domco\Desktop\DP\repos\incubator-hugegraph\hugegraph-api\src\main\java\com\baidu\hugegraph\api\traversers\ShortestPathAPI.java,52,1,96,2,0.755906,4,5,4,0.8,0.820513,36,32,1,0,0,2,11,0,0,9,10,0.0,0.0,0,0,0,2,0.0,0,1,1,0,0,1,39,45,12,0,1,0,1,0,1,0,12,9,6,7,0,39,45,12,0,1,0,1,0,1,0,12,9,6,7,0,0,0,21,0,1,1,12,0,0,0,1,0,5,0,0,0,0,0,0,3,0
216,L3649,SingleSourceShortestPathAPI,com.baidu.hugegraph.api.traversers.SingleSourceShortestPathAPI,L2705,L103,C:\Users\domco\Desktop\DP\repos\incubator-hugegraph\hugegraph-api\src\main\java\com\baidu\hugegraph\api\traversers\SingleSourceShortestPathAPI.java,54,1,100,2,0.371212,2,2,2,0.531915,0.534884,25,23,1,1,1,3,12,0,0,11,12,0.0,0.0,0,0,0,2,0.0,0,1,1,0,0,1,43,47,12,0,1,0,1,0,1,0,12,11,6,7,0,43,47,12,0,1,0,1,0,1,0,12,11,6,7,0,0,0,22,0,2,1,12,0,0,0,2,0,5,0,1,0,0,0,0,3,0
217,L3679,TemplatePathsAPI,com.baidu.hugegraph.api.traversers.TemplatePathsAPI,L2705,L103,C:\Users\domco\Desktop\DP\repos\incubator-hugegraph\hugegraph-api\src\main\java\com\baidu\hugegraph\api\traversers\TemplatePathsAPI.java,55,1,167,2,0.337931,2,5,2,0.212389,0.214286,24,21,1,1,1,8,15,0,0,11,14,0.0,0.0,0,0,0,2,0.0,0,2,2,0,0,1,60,71,12,0,1,0,3,0,1,0,15,26,6,7,0,98,113,25,0,9,0,5,8,3,0,18,28,19,10,0,0,0,47,0,3,1,12,0,0,0,2,0,19,0,0,0,0,2,0,14,0
218,L3206,TraverserAPI,com.baidu.hugegraph.api.traversers.TraverserAPI,L2705,L103,C:\Users\domco\Desktop\DP\repos\incubator-hugegraph\hugegraph-api\src\main\java\com\baidu\hugegraph\api\traversers\TraverserAPI.java,34,1,63,2,0.0,0,0,0,0.0,0.0,0,0,1,0,0,1,4,6,5,1,2,0.0,0.0,0,0,0,1,0.0,0,1,1,6,6,1,6,8,11,0,0,0,1,0,0,0,12,1,6,6,0,26,30,16,0,5,0,2,5,1,0,13,2,11,7,0,0,0,17,0,2,0,0,1,0,0,0,0,10,0,0,0,0,1,0,7,0
219,L2959,Vertices,com.baidu.hugegraph.api.traversers.Vertices,L2705,L103,C:\Users\domco\Desktop\DP\repos\incubator-hugegraph\hugegraph-api\src\main\java\com\baidu\hugegraph\api\traversers\Vertices.java,40,1,88,2,0.0,0,0,0,0.0,0.0,0,0,1,2,2,12,9,12,6,10,12,0.0,0.0,0,0,0,3,0.0,0,0,0,0,0,0,46,49,3,0,3,0,2,3,2,0,2,21,3,2,0,46,49,3,0,3,0,2,3,2,0,2,21,3,2,0,0,0,12,0,0,0,0,0,0,1,0,0,7,0,0,0,0,0,0,4,0
220,L3794,VerticesAPI,com.baidu.hugegraph.api.traversers.VerticesAPI,L2705,L103,C:\Users\domco\Desktop\DP\repos\incubator-hugegraph\hugegraph-api\src\main\java\com\baidu\hugegraph\api\traversers\VerticesAPI.java,53,1,125,2,0.559055,2,3,2,0.575342,0.622951,42,38,1,1,1,6,12,0,0,13,16,0.0,0.0,0,0,0,4,0.0,0,1,1,0,0,1,61,73,12,0,1,0,3,0,3,0,14,23,6,9,0,61,73,12,0,1,0,3,0,3,0,14,23,6,9,0,0,0,31,0,1,1,18,0,0,0,1,0,9,0,0,0,0,0,0,3,0
221,L3813,WeightedShortestPathAPI,com.baidu.hugegraph.api.traversers.WeightedShortestPathAPI,L2705,L103,C:\Users\domco\Desktop\DP\repos\incubator-hugegraph\hugegraph-api\src\main\java\com\baidu\hugegraph\api\traversers\WeightedShortestPathAPI.java,54,1,103,2,0.0,0,0,0,0.22,0.244444,11,11,1,1,1,3,13,0,0,12,13,0.0,0.0,0,0,0,2,0.0,0,1,1,0,0,1,45,50,12,0,1,0,1,0,1,0,12,13,6,7,0,45,50,12,0,1,0,1,0,1,0,12,13,6,7,0,0,0,15,0,1,1,5,0,0,0,2,0,5,0,0,0,0,0,0,3,0
222,L3841,VariablesAPI,com.baidu.hugegraph.api.variables.VariablesAPI,L3838,L103,C:\Users\domco\Desktop\DP\repos\incubator-hugegraph\hugegraph-api\src\main\java\com\baidu\hugegraph\api\variables\VariablesAPI.java,47,1,122,2,0.0,0,0,0,0.0,0.0,0,0,1,1,1,6,4,0,0,2,6,0.0,0.0,0,0,0,5,0.0,0,1,1,0,0,1,57,67,12,0,1,0,4,0,4,0,15,17,6,10,0,64,76,13,0,2,0,5,1,5,0,16,18,7,11,0,0,0,23,1,0,0,0,0,0,0,0,0,16,0,1,0,0,0,0,7,0
223,L3923,BaseApiTest$RestClient,com.baidu.hugegraph.api.BaseApiTest$RestClient,L3910,L103,C:\Users\domco\Desktop\DP\repos\incubator-hugegraph\hugegraph-test\src\main\java\com\baidu\hugegraph\api\BaseApiTest.java,92,5,160,6,0.0,0,0,0,0.0,0.0,0,0,2,1,1,15,0,10,52,0,12,0.0,0.0,0,0,0,13,0.0,0,0,0,0,0,0,56,69,2,0,2,0,12,0,12,0,12,24,0,12,0,56,69,2,0,2,0,12,0,12,0,12,24,0,12,0,0,0,28,0,3,0,0,0,1,0,0,2,27,0,1,0,0,0,0,0,0
224,L777,HugeAuthenticator$User,com.baidu.hugegraph.auth.HugeAuthenticator$User,L4200,L103,C:\Users\domco\Desktop\DP\repos\incubator-hugegraph\hugegraph-api\src\main\java\com\baidu\hugegraph\auth\HugeAuthenticator.java,147,5,240,6,0.0,0,0,0,0.0,0.0,0,0,2,1,1,17,3,10,12,4,15,0.0,0.0140845,1,0,0,12,0.0126582,1,0,0,0,0,0,70,85,4,0,4,0,11,2,11,0,11,31,2,11,0,78,94,7,0,7,0,11,2,11,0,11,31,2,11,0,0,0,33,0,3,0,0,3,1,0,0,0,28,0,0,0,0,0,0,4,0
225,L4350,HugeAuthenticator$RolePerm,com.baidu.hugegraph.auth.HugeAuthenticator$RolePerm,L4200,L103,C:\Users\domco\Desktop\DP\repos\incubator-hugegraph\hugegraph-api\src\main\java\com\baidu\hugegraph\auth\HugeAuthenticator.java,242,5,418,6,0.0,0,0,0,0.0,0.0,0,0,3,2,2,40,9,3,3,14,26,0.0,0.0993789,16,0,0,8,0.0993789,16,0,0,0,0,0,145,177,1,0,1,0,12,0,7,0,12,78,0,7,0,145,177,1,0,1,0,12,0,7,0,12,78,0,7,0,0,0,28,0,3,0,0,2,1,0,0,1,27,0,0,0,0,0,0,0,0
226,L858,HugeAuthenticator$RoleAction,com.baidu.hugegraph.auth.HugeAuthenticator$RoleAction,L4200,L103,C:\Users\domco\Desktop\DP\repos\incubator-hugegraph\hugegraph-api\src\main\java\com\baidu\hugegraph\auth\HugeAuthenticator.java,420,5,503,6,0.0,0,0,0,0.0,0.0,0,0,4,1,1,15,3,3,3,3,13,0.0,0.0985916,7,0,0,10,0.0985916,7,0,0,0,0,0,64,84,2,0,2,0,10,0,9,0,10,29,0,9,0,64,84,2,0,2,0,10,0,9,0,10,29,0,9,0,0,1,22,1,5,1,0,2,1,0,0,1,21,0,3,0,0,0,0,0,0
227,L4507,HugeGraphAuthProxy$TaskSchedulerProxy,com.baidu.hugegraph.auth.HugeGraphAuthProxy$TaskSchedulerProxy,L4242,L103,C:\Users\domco\Desktop\DP\repos\incubator-hugegraph\hugegraph-api\src\main\java\com\baidu\hugegraph\auth\HugeGraphAuthProxy.java,874,5,1030,6,0.0,0,0,0,0.0,0.0,0,0,2,2,2,27,11,2,1,28,49,0.0,0.0,0,0,0,17,0.0,0,1,1,0,0,1,127,157,1,0,1,0,21,0,16,0,21,46,0,16,0,127,157,1,0,1,0,21,0,16,0,21,46,0,16,0,0,0,49,0,2,0,0,0,1,0,1,2,45,0,0,0,0,0,0,2,0
228,L4504,HugeGraphAuthProxy$UserManagerProxy,com.baidu.hugegraph.auth.HugeGraphAuthProxy$UserManagerProxy,L4242,L103,C:\Users\domco\Desktop\DP\repos\incubator-hugegraph\hugegraph-api\src\main\java\com\baidu\hugegraph\auth\HugeGraphAuthProxy.java,1032,5,1335,6,0.0,0,0,0,0.0,0.0,0,0,1,1,1,51,14,2,1,51,93,0.0,0.00766284,2,0,0,41,0.00766284,2,1,1,0,0,1,259,304,1,5,1,5,42,0,40,0,42,100,0,40,0,259,304,1,5,1,5,42,0,40,0,42,100,0,40,0,0,0,94,1,0,0,0,0,0,0,3,1,87,0,0,0,0,0,0,4,0
229,L4516,HugeGraphAuthProxy$VariablesProxy,com.baidu.hugegraph.auth.HugeGraphAuthProxy$VariablesProxy,L4242,L103,C:\Users\domco\Desktop\DP\repos\incubator-hugegraph\hugegraph-api\src\main\java\com\baidu\hugegraph\auth\HugeGraphAuthProxy.java,1337,5,1368,6,0.0,0,0,0,0.0,0.0,0,0,1,0,0,5,3,2,1,1,6,0.0,0.0,0,0,0,6,0.0,0,0,0,0,0,0,26,32,1,0,1,0,5,0,5,0,5,9,0,5,0,26,32,1,0,1,0,5,0,5,0,5,9,0,5,0,0,0,13,0,0,0,0,0,0,0,0,0,13,0,0,0,0,0,0,0,0
230,L4510,HugeGraphAuthProxy$GraphTraversalSourceProxy,com.baidu.hugegraph.auth.HugeGraphAuthProxy$GraphTraversalSourceProxy,L4242,L103,C:\Users\domco\Desktop\DP\repos\incubator-hugegraph\hugegraph-api\src\main\java\com\baidu\hugegraph\auth\HugeGraphAuthProxy.java,1370,5,1386,6,0.0,0,0,0,0.0,0.0,0,0,0,0,0,3,1,2,1,1,4,0.0,0.0714286,1,0,0,4,0.0714286,1,0,0,0,0,0,13,17,0,1,0,1,3,0,3,0,3,3,0,3,0,13,17,0,1,0,1,3,0,3,0,3,3,0,3,0,0,0,9,0,0,0,0,0,0,0,0,0,9,0,0,0,0,0,0,0,0
231,L4513,HugeGraphAuthProxy$TraversalStrategiesProxy,com.baidu.hugegraph.auth.HugeGraphAuthProxy$TraversalStrategiesProxy,L4242,L103,C:\Users\domco\Desktop\DP\repos\incubator-hugegraph\hugegraph-api\src\main\java\com\baidu\hugegraph\auth\HugeGraphAuthProxy.java,1388,5,1465,6,0.0,0,0,0,0.0,0.0,0,0,2,1,1,11,4,2,1,2,9,0.0,0.147059,10,0,0,7,0.147059,10,0,0,0,0,0,58,78,3,0,3,0,7,0,6,0,7,26,0,6,0,58,78,3,0,3,0,7,0,6,0,7,26,0,6,0,0,0,16,2,1,0,0,0,1,0,0,0,15,0,3,0,0,0,0,0,0
232,L4298,HugeGraphAuthProxy$Context,com.baidu.hugegraph.auth.HugeGraphAuthProxy$Context,L4242,L103,C:\Users\domco\Desktop\DP\repos\incubator-hugegraph\hugegraph-api\src\main\java\com\baidu\hugegraph\auth\HugeGraphAuthProxy.java,1504,5,1522,6,0.0,0,0,0,0.0,0.0,0,0,2,0,0,3,1,7,8,0,3,0.0,0.0,0,0,0,4,0.0,0,0,0,0,0,0,14,19,2,0,2,0,3,0,3,0,3,4,0,3,0,14,19,2,0,2,0,3,0,3,0,3,4,0,3,0,0,0,10,0,2,0,0,0,1,0,0,0,9,0,2,0,0,0,0,0,0
233,L4519,HugeGraphAuthProxy$ContextTask,com.baidu.hugegraph.auth.HugeGraphAuthProxy$ContextTask,L4242,L103,C:\Users\domco\Desktop\DP\repos\incubator-hugegraph\hugegraph-api\src\main\java\com\baidu\hugegraph\auth\HugeGraphAuthProxy.java,1524,5,1543,6,0.0,0,0,0,0.0,0.0,0,0,1,1,1,2,2,2,1,3,5,0.0,0.0,0,0,0,3,0.0,0,0,0,0,0,0,17,20,2,0,2,0,2,0,2,0,2,6,0,2,0,17,20,2,0,2,0,2,0,2,0,2,6,0,2,0,0,0,7,0,0,0,0,0,0,0,0,0,7,0,0,0,0,0,0,0,0
234,L4259,HugeGraphAuthProxy$ContextThreadPoolExecutor,com.baidu.hugegraph.auth.HugeGraphAuthProxy$ContextThreadPoolExecutor,L4242,L103,C:\Users\domco\Desktop\DP\repos\incubator-hugegraph\hugegraph-api\src\main\java\com\baidu\hugegraph\auth\HugeGraphAuthProxy.java,1545,5,1557,6,0.0,0,0,0,0.0,0.0,0,0,1,0,0,2,1,2,1,1,3,0.0,0.0,0,0,0,3,0.0,0,0,0,0,0,0,11,13,0,0,0,0,2,0,2,0,2,2,0,2,0,11,13,0,0,0,0,2,0,2,0,2,2,0,2,0,0,0,7,0,0,0,0,0,0,0,0,0,7,0,0,0,0,0,0,0,0
235,L5643,WsAndHttpBasicAuthHandler$HttpBasicAuthHandler,com.baidu.hugegraph.auth.WsAndHttpBasicAuthHandler$HttpBasicAuthHandler,L5630,L103,C:\Users\domco\Desktop\DP\repos\incubator-hugegraph\hugegraph-api\src\main\java\com\baidu\hugegraph\auth\WsAndHttpBasicAuthHandler.java,90,5,161,6,0.0,0,0,0,0.0,0.0,0,0,1,2,2,12,1,1,1,0,3,0.0,0.03125,2,0,0,3,0.03125,2,0,0,0,0,0,62,72,1,0,1,0,3,0,2,0,3,37,0,2,0,62,72,1,0,1,0,3,0,2,0,3,37,0,2,0,0,0,9,0,1,0,0,1,0,0,0,0,9,0,0,0,0,0,0,0,0
236,L5861,HugeAccess$P,com.baidu.hugegraph.auth.HugeAccess$P,L353,L103,C:\Users\domco\Desktop\DP\repos\incubator-hugegraph\hugegraph-core\src\main\java\com\baidu\hugegraph\auth\HugeAccess.java,176,5,195,6,0.0,0,0,0,0.0,0.0,0,0,1,1,1,2,0,3,0,0,1,0.0,0.0,0,0,0,2,0.0,0,0,0,0,0,0,15,20,6,0,6,0,1,6,1,0,1,4,6,1,0,15,20,6,0,6,0,1,6,1,0,1,4,6,1,0,0,0,10,0,1,0,0,1,0,0,0,0,5,0,0,0,0,0,0,5,0
237,L5855,HugeAccess$Schema,com.baidu.hugegraph.auth.HugeAccess$Schema,L353,L103,C:\Users\domco\Desktop\DP\repos\incubator-hugegraph\hugegraph-core\src\main\java\com\baidu\hugegraph\auth\HugeAccess.java,197,5,231,6,0.0,0,0,0,0.0,0.0,0,0,1,1,1,4,9,2,2,16,19,0.0,0.0357143,1,0,0,3,0.0357143,1,1,1,0,0,1,27,35,2,0,0,0,3,0,2,0,14,10,0,3,0,27,35,2,0,0,0,3,0,2,0,14,10,0,3,0,0,0,10,0,0,0,0,0,0,0,1,0,9,0,0,0,0,0,0,0,0
238,L5937,HugeBelong$P,com.baidu.hugegraph.auth.HugeBelong$P,L469,L103,C:\Users\domco\Desktop\DP\repos\incubator-hugegraph\hugegraph-core\src\main\java\com\baidu\hugegraph\auth\HugeBelong.java,147,5,165,6,0.0,0,0,0,0.0,0.0,0,0,1,1,1,2,0,3,0,0,1,0.0,0.0,0,0,0,2,0.0,0,0,0,0,0,0,14,19,5,0,5,0,1,5,1,0,1,4,5,1,0,14,19,5,0,5,0,1,5,1,0,1,4,5,1,0,0,0,9,0,1,0,0,1,0,0,0,0,5,0,0,0,0,0,0,4,0
239,L5931,HugeBelong$Schema,com.baidu.hugegraph.auth.HugeBelong$Schema,L469,L103,C:\Users\domco\Desktop\DP\repos\incubator-hugegraph\hugegraph-core\src\main\java\com\baidu\hugegraph\auth\HugeBelong.java,167,5,199,6,0.0,0,0,0,0.0,0.0,0,0,1,1,1,4,8,2,2,14,17,0.0,0.0384615,1,0,0,3,0.0384615,1,1,1,0,0,1,25,33,2,0,0,0,3,0,2,0,14,9,0,3,0,25,33,2,0,0,0,3,0,2,0,14,9,0,3,0,0,0,10,0,0,0,0,0,0,0,1,0,9,0,0,0,0,0,0,0,0
240,L5992,HugeGroup$P,com.baidu.hugegraph.auth.HugeGroup$P,L542,L103,C:\Users\domco\Desktop\DP\repos\incubator-hugegraph\hugegraph-core\src\main\java\com\baidu\hugegraph\auth\HugeGroup.java,146,5,163,6,0.0,0,0,0,0.0,0.0,0,0,1,1,1,2,0,3,0,0,1,0.0,0.0,0,0,0,2,0.0,0,0,0,0,0,0,14,18,5,0,5,0,1,5,1,0,1,4,5,1,0,14,18,5,0,5,0,1,5,1,0,1,4,5,1,0,0,0,9,0,1,0,0,1,0,0,0,0,5,0,0,0,0,0,0,4,0
241,L5986,HugeGroup$Schema,com.baidu.hugegraph.auth.HugeGroup$Schema,L542,L103,C:\Users\domco\Desktop\DP\repos\incubator-hugegraph\hugegraph-core\src\main\java\com\baidu\hugegraph\auth\HugeGroup.java,165,5,198,6,0.6,1,2,1,0.529412,0.576923,18,15,1,1,1,4,8,2,2,14,17,0.0,0.037037,1,0,0,3,0.037037,1,1,1,0,0,1,26,34,2,0,0,0,3,0,2,0,14,10,0,3,0,26,34,2,0,0,0,3,0,2,0,14,10,0,3,0,0,0,22,0,0,0,12,0,0,0,1,0,9,0,0,0,0,0,0,0,0
242,L6125,HugeResource$NameObject,com.baidu.hugegraph.auth.HugeResource$NameObject,L4394,L103,C:\Users\domco\Desktop\DP\repos\incubator-hugegraph\hugegraph-core\src\main\java\com\baidu\hugegraph\auth\HugeResource.java,280,5,303,6,0.0,0,0,0,0.0,0.0,0,0,1,0,0,4,1,2,2,0,4,0.0,0.0,0,0,0,4,0.0,0,1,1,0,0,1,18,24,2,0,2,0,4,1,3,0,4,4,1,3,0,18,24,2,0,2,0,4,1,3,0,4,4,1,3,0,0,0,15,0,2,0,0,1,0,0,0,0,11,0,1,0,0,0,0,4,0
243,L6045,HugeResource$HugeResourceSer,com.baidu.hugegraph.auth.HugeResource$HugeResourceSer,L4394,L103,C:\Users\domco\Desktop\DP\repos\incubator-hugegraph\hugegraph-core\src\main\java\com\baidu\hugegraph\auth\HugeResource.java,305,5,325,6,0.0,0,0,0,0.0,0.0,0,0,1,0,0,2,1,0,0,0,2,0.0,0.0,0,0,0,3,0.0,0,0,0,0,0,0,16,21,1,0,1,0,2,0,2,0,2,6,0,2,0,16,21,1,0,1,0,2,0,2,0,2,6,0,2,0,0,0,7,0,0,0,0,0,0,0,0,0,7,0,0,0,0,0,0,0,0
244,L6050,HugeResource$HugeResourceDeser,com.baidu.hugegraph.auth.HugeResource$HugeResourceDeser,L4394,L103,C:\Users\domco\Desktop\DP\repos\incubator-hugegraph\hugegraph-core\src\main\java\com\baidu\hugegraph\auth\HugeResource.java,327,5,368,6,0.0,0,0,0,0.0,0.0,0,0,1,5,3,9,2,0,0,2,4,0.0,0.0,0,0,0,3,0.0,0,0,0,0,0,0,39,42,1,0,1,0,2,0,2,0,2,19,0,2,0,39,42,1,0,1,0,2,0,2,0,2,19,0,2,0,0,3,7,0,0,3,0,0,0,0,0,0,7,0,0,0,0,0,0,0,0
245,L6214,HugeTarget$P,com.baidu.hugegraph.auth.HugeTarget$P,L607,L103,C:\Users\domco\Desktop\DP\repos\incubator-hugegraph\hugegraph-core\src\main\java\com\baidu\hugegraph\auth\HugeTarget.java,205,5,224,6,0.0,0,0,0,0.0,0.0,0,0,1,1,1,2,0,4,0,0,1,0.0,0.0,0,0,0,2,0.0,0,0,0,0,0,0,16,20,7,0,7,0,1,7,1,0,1,4,7,1,0,16,20,7,0,7,0,1,7,1,0,1,4,7,1,0,0,0,10,0,1,0,0,1,0,0,0,0,5,0,0,0,0,0,0,5,0
246,L6208,HugeTarget$Schema,com.baidu.hugegraph.auth.HugeTarget$Schema,L607,L103,C:\Users\domco\Desktop\DP\repos\incubator-hugegraph\hugegraph-core\src\main\java\com\baidu\hugegraph\auth\HugeTarget.java,226,5,261,6,0.514286,1,2,1,0.5,0.535714,18,15,1,1,1,4,8,2,2,14,17,0.0,0.0344828,1,0,0,3,0.0344828,1,1,1,0,0,1,28,36,2,0,0,0,3,0,2,0,14,12,0,3,0,28,36,2,0,0,0,3,0,2,0,14,12,0,3,0,0,0,22,0,0,0,12,0,0,0,1,0,9,0,0,0,0,0,0,0,0
247,L6284,HugeUser$P,com.baidu.hugegraph.auth.HugeUser$P,L683,L103,C:\Users\domco\Desktop\DP\repos\incubator-hugegraph\hugegraph-core\src\main\java\com\baidu\hugegraph\auth\HugeUser.java,217,5,237,6,0.0,0,0,0,0.0,0.0,0,0,1,1,1,2,0,3,0,0,1,0.0,0.0,0,0,0,2,0.0,0,0,0,0,0,0,17,21,8,0,8,0,1,8,1,0,1,4,8,1,0,17,21,8,0,8,0,1,8,1,0,1,4,8,1,0,0,0,10,0,1,0,0,1,0,0,0,0,5,0,0,0,0,0,0,5,0
248,L6278,HugeUser$Schema,com.baidu.hugegraph.auth.HugeUser$Schema,L683,L103,C:\Users\domco\Desktop\DP\repos\incubator-hugegraph\hugegraph-core\src\main\java\com\baidu\hugegraph\auth\HugeUser.java,239,5,275,6,0.0,0,0,0,0.0,0.0,0,0,1,1,1,4,8,2,2,14,17,0.0,0.0333333,1,0,0,3,0.0333333,1,1,1,0,0,1,29,37,2,0,0,0,3,0,2,0,14,13,0,3,0,29,37,2,0,0,0,3,0,2,0,14,13,0,3,0,0,0,10,0,0,0,0,0,0,0,1,0,9,0,0,0,0,0,0,0,0
249,L6472,RolePermission$RolePermissionSer,com.baidu.hugegraph.auth.RolePermission$RolePermissionSer,L835,L103,C:\Users\domco\Desktop\DP\repos\incubator-hugegraph\hugegraph-core\src\main\java\com\baidu\hugegraph\auth\RolePermission.java,189,5,205,6,0.0,0,0,0,0.0,0.0,0,0,1,0,0,2,1,0,0,0,2,0.0,0.0,0,0,0,3,0.0,0,0,0,0,0,0,14,17,1,0,1,0,2,0,2,0,2,4,0,2,0,14,17,1,0,1,0,2,0,2,0,2,4,0,2,0,0,0,7,0,0,0,0,0,0,0,0,0,7,0,0,0,0,0,0,0,0
250,L6477,RolePermission$RolePermissionDeser,com.baidu.hugegraph.auth.RolePermission$RolePermissionDeser,L835,L103,C:\Users\domco\Desktop\DP\repos\incubator-hugegraph\hugegraph-core\src\main\java\com\baidu\hugegraph\auth\RolePermission.java,207,5,227,6,0.0,0,0,0,0.0,0.0,0,0,1,1,1,3,3,0,0,1,3,0.0,0.0,0,0,0,3,0.0,0,0,0,0,0,0,18,21,1,0,1,0,2,0,2,0,2,6,0,2,0,18,21,1,0,1,0,2,0,2,0,2,6,0,2,0,0,0,10,0,0,0,0,0,0,0,0,0,10,0,0,0,0,0,0,0,0
251,L4437,SchemaDefine$UserElement,com.baidu.hugegraph.auth.SchemaDefine$UserElement,L4581,L103,C:\Users\domco\Desktop\DP\repos\incubator-hugegraph\hugegraph-core\src\main\java\com\baidu\hugegraph\auth\SchemaDefine.java,119,5,239,6,0.0,0,0,0,0.0,0.0,0,0,1,1,1,22,4,27,57,2,20,0.0,0.0106383,1,0,0,15,0.0106383,1,0,0,2,7,0,93,121,7,0,7,0,18,0,14,0,18,42,0,14,0,93,121,7,0,7,0,18,0,14,0,18,42,0,14,0,0,0,40,1,10,0,0,2,0,0,0,1,39,0,8,0,0,0,0,1,0
252,L5779,SchemaDefine$Entity,com.baidu.hugegraph.auth.SchemaDefine$Entity,L4581,L103,C:\Users\domco\Desktop\DP\repos\incubator-hugegraph\hugegraph-core\src\main\java\com\baidu\hugegraph\auth\SchemaDefine.java,241,5,266,6,0.527027,1,2,1,0.461538,0.5,12,12,1,1,1,3,3,5,3,4,6,0.0,0.0,0,0,0,3,0.0,0,1,2,3,3,2,24,26,7,0,0,0,2,0,2,0,21,12,0,17,0,24,26,7,0,0,0,2,0,2,0,21,12,0,17,0,0,0,19,0,1,1,11,0,0,0,0,0,7,0,0,1,0,0,0,0,0
253,L5790,SchemaDefine$Relationship,com.baidu.hugegraph.auth.SchemaDefine$Relationship,L4581,L103,C:\Users\domco\Desktop\DP\repos\incubator-hugegraph\hugegraph-core\src\main\java\com\baidu\hugegraph\auth\SchemaDefine.java,268,5,300,6,0.46988,1,2,1,0.393939,0.448276,13,13,1,1,1,7,2,4,3,4,10,0.0,0.0,0,0,0,7,0.0,0,1,1,2,2,1,29,33,7,0,0,0,6,0,6,0,24,11,0,20,0,29,33,7,0,0,0,6,0,6,0,24,11,0,20,0,0,0,26,0,1,1,11,0,0,0,0,0,15,0,0,0,0,0,0,0,0
254,L7169,PropertyCoreTest$VertexPropertyCoreTest,com.baidu.hugegraph.core.PropertyCoreTest$VertexPropertyCoreTest,L7805,L103,C:\Users\domco\Desktop\DP\repos\incubator-hugegraph\hugegraph-test\src\main\java\com\baidu\hugegraph\core\PropertyCoreTest.java,134,5,178,6,0.0,0,0,0,0.0,0.0,0,0,1,0,0,3,4,1,0,4,7,0.0,0.0,0,0,0,1,0.0,0,2,2,0,0,1,39,45,2,0,0,0,3,0,0,0,21,21,0,14,0,39,45,2,0,0,0,3,0,0,0,21,21,0,14,0,0,0,9,0,2,2,0,0,0,0,0,0,9,0,0,0,0,0,0,0,0
255,L7172,PropertyCoreTest$EdgePropertyCoreTest,com.baidu.hugegraph.core.PropertyCoreTest$EdgePropertyCoreTest,L7805,L103,C:\Users\domco\Desktop\DP\repos\incubator-hugegraph\hugegraph-test\src\main\java\com\baidu\hugegraph\core\PropertyCoreTest.java,180,5,230,6,0.58147,1,2,2,0.431373,0.444444,22,20,1,0,0,3,4,1,0,4,7,0.0,0.0,0,0,0,1,0.0,0,2,2,0,0,1,45,51,2,0,0,0,3,0,0,0,21,27,0,14,0,45,51,2,0,0,0,3,0,0,0,21,27,0,14,0,0,0,26,0,2,2,17,0,0,0,0,0,9,0,0,0,0,0,0,0,0
256,L8162,TaskCoreTest$SleepCallable<V extends Object>,com.baidu.hugegraph.core.TaskCoreTest$SleepCallable,L7178,L103,C:\Users\domco\Desktop\DP\repos\incubator-hugegraph\hugegraph-test\src\main\java\com\baidu\hugegraph\core\TaskCoreTest.java,675,5,691,6,0.0,0,0,0,0.0,0.0,0,0,2,0,0,3,3,1,1,5,8,0.0,0.0714286,1,0,0,4,0.0714286,1,1,1,0,0,1,13,17,7,0,0,0,3,0,3,0,18,3,0,11,1,13,17,7,0,0,0,3,0,3,0,18,3,0,11,1,0,0,8,0,1,0,0,1,1,0,0,0,7,0,0,0,0,0,0,0,0
257,L8769,UpdateStrategy$1,com.baidu.hugegraph.define.UpdateStrategy$1,L1173,L103,C:\Users\domco\Desktop\DP\repos\incubator-hugegraph\hugegraph-api\src\main\java\com\baidu\hugegraph\define\UpdateStrategy.java,36,5,52,6,0.0,0,0,0,0.0,0.0,0,0,2,0,0,3,1,0,0,0,2,1.0,0.117647,2,1,1,0,0.117647,2,1,1,0,0,1,15,17,8,0,0,0,2,0,0,0,7,4,8,1,0,15,17,8,0,0,0,2,0,0,0,7,4,8,1,0,0,0,9,0,0,0,0,0,1,0,0,0,6,0,0,0,0,0,0,2,0
258,L8786,UpdateStrategy$2,com.baidu.hugegraph.define.UpdateStrategy$2,L1173,L103,C:\Users\domco\Desktop\DP\repos\incubator-hugegraph\hugegraph-api\src\main\java\com\baidu\hugegraph\define\UpdateStrategy.java,55,5,70,6,0.0,0,0,0,0.0,0.0,0,0,2,0,0,5,1,0,0,0,2,1.0,0.0625,1,1,1,0,0.0625,1,1,1,0,0,1,15,16,8,0,0,0,2,0,0,0,7,2,8,1,0,15,16,8,0,0,0,2,0,0,0,7,2,8,1,0,0,0,9,0,0,0,0,0,1,0,0,0,6,0,0,0,0,0,0,2,0
259,L8799,UpdateStrategy$3,com.baidu.hugegraph.define.UpdateStrategy$3,L1173,L103,C:\Users\domco\Desktop\DP\repos\incubator-hugegraph\hugegraph-api\src\main\java\com\baidu\hugegraph\define\UpdateStrategy.java,72,5,87,6,0.0,0,0,0,0.0,0.0,0,0,2,0,0,5,1,0,0,0,2,0.0,0.0,0,0,0,1,0.0,0,1,1,0,0,1,15,16,8,0,0,0,2,0,0,0,7,2,8,1,0,15,16,8,0,0,0,2,0,0,0,7,2,8,1,0,0,0,10,0,0,0,0,0,1,0,0,0,7,0,0,0,0,0,0,2,0
260,L8809,UpdateStrategy$4,com.baidu.hugegraph.define.UpdateStrategy$4,L1173,L103,C:\Users\domco\Desktop\DP\repos\incubator-hugegraph\hugegraph-api\src\main\java\com\baidu\hugegraph\define\UpdateStrategy.java,90,5,101,6,0.0,0,0,0,0.0,0.0,0,0,2,0,0,2,1,0,0,0,2,1.0,0.166667,2,1,1,0,0.166667,2,1,1,0,0,1,10,12,8,0,0,0,2,0,0,0,7,2,8,1,0,10,12,8,0,0,0,2,0,0,0,7,2,8,1,0,0,0,9,0,0,0,0,0,1,0,0,0,6,0,0,0,0,0,0,2,0
261,L8824,UpdateStrategy$5,com.baidu.hugegraph.define.UpdateStrategy$5,L1173,L103,C:\Users\domco\Desktop\DP\repos\incubator-hugegraph\hugegraph-api\src\main\java\com\baidu\hugegraph\define\UpdateStrategy.java,103,5,113,6,0.0,0,0,0,0.0,0.0,0,0,2,0,0,2,1,0,0,0,2,0.0,0.0,0,0,0,1,0.0,0,1,1,0,0,1,10,11,8,0,0,0,2,0,0,0,7,2,8,1,0,10,11,8,0,0,0,2,0,0,0,7,2,8,1,0,0,0,10,0,0,0,0,0,1,0,0,0,7,0,0,0,0,0,0,2,0
262,L8834,UpdateStrategy$6,com.baidu.hugegraph.define.UpdateStrategy$6,L1173,L103,C:\Users\domco\Desktop\DP\repos\incubator-hugegraph\hugegraph-api\src\main\java\com\baidu\hugegraph\define\UpdateStrategy.java,116,5,128,6,0.0,0,0,0,0.0,0.0,0,0,2,0,0,2,1,0,0,0,2,1.0,0.0769231,1,1,1,0,0.0769231,1,1,1,0,0,1,12,13,8,0,0,0,2,0,0,0,7,3,8,1,0,12,13,8,0,0,0,2,0,0,0,7,3,8,1,0,0,0,9,0,0,0,0,0,1,0,0,0,6,0,0,0,0,0,0,2,0
263,L8846,UpdateStrategy$7,com.baidu.hugegraph.define.UpdateStrategy$7,L1173,L103,C:\Users\domco\Desktop\DP\repos\incubator-hugegraph\hugegraph-api\src\main\java\com\baidu\hugegraph\define\UpdateStrategy.java,130,5,142,6,0.0,0,0,0,0.0,0.0,0,0,2,0,0,2,1,0,0,0,2,0.0,0.0,0,0,0,1,0.0,0,1,1,0,0,1,12,13,8,0,0,0,2,0,0,0,7,3,8,1,0,12,13,8,0,0,0,2,0,0,0,7,3,8,1,0,0,0,10,0,0,0,0,0,1,0,0,0,7,0,0,0,0,0,0,2,0
264,L8857,UpdateStrategy$8,com.baidu.hugegraph.define.UpdateStrategy$8,L1173,L103,C:\Users\domco\Desktop\DP\repos\incubator-hugegraph\hugegraph-api\src\main\java\com\baidu\hugegraph\define\UpdateStrategy.java,144,5,154,6,0.0,0,0,0,0.0,0.0,0,0,2,0,0,2,1,0,0,0,2,0.0,0.1,1,0,0,1,0.1,1,1,1,0,0,1,9,11,8,0,0,0,2,0,0,0,7,1,8,1,0,9,11,8,0,0,0,2,0,0,0,7,1,8,1,0,0,0,8,0,0,0,0,0,1,0,0,0,5,0,0,0,0,0,0,2,0
265,L9062,MetricsModule$GaugeSerializer,com.baidu.hugegraph.metrics.MetricsModule$GaugeSerializer,L1932,L103,C:\Users\domco\Desktop\DP\repos\incubator-hugegraph\hugegraph-api\src\main\java\com\baidu\hugegraph\metrics\MetricsModule.java,50,5,72,6,0.0,0,0,0,0.0,0.0,0,0,1,1,1,3,0,1,1,0,2,0.0,0.0,0,0,0,2,0.0,0,0,0,0,0,0,20,23,1,0,1,0,2,0,1,0,2,8,0,1,0,20,23,1,0,1,0,2,0,1,0,2,8,0,1,0,0,0,7,1,0,0,0,0,0,0,0,1,7,0,0,0,0,0,0,0,0
266,L9069,MetricsModule$CounterSerializer,com.baidu.hugegraph.metrics.MetricsModule$CounterSerializer,L1932,L103,C:\Users\domco\Desktop\DP\repos\incubator-hugegraph\hugegraph-api\src\main\java\com\baidu\hugegraph\metrics\MetricsModule.java,74,5,89,6,0.0,0,0,0,0.0,0.0,0,0,1,0,0,2,0,1,1,0,2,0.0,0.0,0,0,0,2,0.0,0,0,0,0,0,0,13,16,1,0,1,0,2,0,1,0,2,4,0,1,0,13,16,1,0,1,0,2,0,1,0,2,4,0,1,0,0,0,7,1,0,0,0,0,0,0,0,0,7,0,1,0,0,0,0,0,0
267,L9076,MetricsModule$HistogramSerializer,com.baidu.hugegraph.metrics.MetricsModule$HistogramSerializer,L1932,L103,C:\Users\domco\Desktop\DP\repos\incubator-hugegraph\hugegraph-api\src\main\java\com\baidu\hugegraph\metrics\MetricsModule.java,91,5,125,6,0.0,0,0,0,0.0,0.0,0,0,1,1,1,3,0,1,1,0,2,0.0,0.0,0,0,0,2,0.0,0,0,0,0,0,0,29,35,2,0,2,0,2,0,1,0,2,18,0,1,0,29,35,2,0,2,0,2,0,1,0,2,18,0,1,0,0,0,7,0,0,0,0,0,0,0,0,0,7,0,0,0,0,0,0,0,0
268,L9086,MetricsModule$MeterSerializer,com.baidu.hugegraph.metrics.MetricsModule$MeterSerializer,L1932,L103,C:\Users\domco\Desktop\DP\repos\incubator-hugegraph\hugegraph-api\src\main\java\com\baidu\hugegraph\metrics\MetricsModule.java,127,5,156,6,0.0,0,0,0,0.0,0.0,0,0,1,0,0,2,1,1,1,1,3,0.0,0.0,0,0,0,3,0.0,0,0,0,0,0,0,26,30,3,0,3,0,2,0,2,0,2,11,0,2,0,26,30,3,0,3,0,2,0,2,0,2,11,0,2,0,0,0,7,0,0,0,0,0,0,0,0,0,7,0,0,0,0,0,0,0,0
269,L9105,MetricsModule$TimerSerializer,com.baidu.hugegraph.metrics.MetricsModule$TimerSerializer,L1932,L103,C:\Users\domco\Desktop\DP\repos\incubator-hugegraph\hugegraph-api\src\main\java\com\baidu\hugegraph\metrics\MetricsModule.java,158,5,227,6,0.373333,1,2,2,0.3,0.31746,21,20,1,2,2,4,1,1,1,1,3,0.0,0.0,0,0,0,2,0.0,0,0,0,0,0,0,63,70,6,0,6,0,2,0,1,0,2,34,0,1,0,63,70,6,0,6,0,2,0,1,0,2,34,0,1,0,0,0,20,0,0,0,12,0,0,0,0,0,7,0,0,0,0,0,0,1,0
270,L9134,MetricsModule$MetricRegistrySerializer,com.baidu.hugegraph.metrics.MetricsModule$MetricRegistrySerializer,L1932,L103,C:\Users\domco\Desktop\DP\repos\incubator-hugegraph\hugegraph-api\src\main\java\com\baidu\hugegraph\metrics\MetricsModule.java,229,5,255,6,0.0,0,0,0,0.0,0.0,0,0,1,0,0,2,1,1,1,0,2,0.0,0.0,0,0,0,2,0.0,0,0,0,0,0,0,23,27,2,0,2,0,2,0,1,0,2,10,0,1,0,23,27,2,0,2,0,2,0,1,0,2,10,0,1,0,0,0,7,0,0,0,0,0,0,0,0,0,7,0,0,0,0,0,0,0,0
271,L9508,ApplicationConfig$ConfFactory,com.baidu.hugegraph.server.ApplicationConfig$ConfFactory,L9505,L103,C:\Users\domco\Desktop\DP\repos\incubator-hugegraph\hugegraph-api\src\main\java\com\baidu\hugegraph\server\ApplicationConfig.java,70,5,94,6,0.0,0,0,0,0.0,0.0,0,0,3,0,0,4,0,1,1,0,4,0.0,0.05,1,0,0,4,0.05,1,0,0,0,0,0,19,25,1,0,1,0,4,0,3,0,4,4,0,3,0,19,25,1,0,1,0,4,0,3,0,4,4,0,3,0,0,0,10,0,2,0,0,0,1,0,0,1,9,0,0,0,0,1,0,0,0
272,L9513,ApplicationConfig$GraphManagerFactory,com.baidu.hugegraph.server.ApplicationConfig$GraphManagerFactory,L9505,L103,C:\Users\domco\Desktop\DP\repos\incubator-hugegraph\hugegraph-api\src\main\java\com\baidu\hugegraph\server\ApplicationConfig.java,96,5,137,6,0.0,0,0,0,0.0,0.0,0,0,3,1,1,5,2,2,1,1,5,0.0,0.0416667,1,0,0,4,0.0277778,1,0,0,0,0,0,23,29,1,0,1,0,4,0,3,0,4,6,0,3,0,35,42,2,0,2,0,6,0,5,0,6,9,0,5,0,0,0,18,0,1,0,0,0,2,0,0,0,16,0,0,0,0,1,0,0,0
273,L9518,ApplicationConfig$WorkLoadFactory,com.baidu.hugegraph.server.ApplicationConfig$WorkLoadFactory,L9505,L103,C:\Users\domco\Desktop\DP\repos\incubator-hugegraph\hugegraph-api\src\main\java\com\baidu\hugegraph\server\ApplicationConfig.java,139,5,162,6,0.0,0,0,0,0.0,0.0,0,0,3,0,0,4,1,1,1,1,5,0.0,0.0526316,1,0,0,4,0.0526316,1,0,0,0,0,0,18,24,1,0,1,0,4,0,3,0,4,3,0,3,0,18,24,1,0,1,0,4,0,3,0,4,3,0,3,0,0,0,10,0,0,0,0,0,1,0,0,0,9,0,0,0,0,0,0,0,0
274,L10174,AbstractBackendStore<Session extends BackendSession>,com.baidu.hugegraph.backend.store.AbstractBackendStore,L9629,L103,C:\Users\domco\Desktop\DP\repos\incubator-hugegraph\hugegraph-core\src\main\java\com\baidu\hugegraph\backend\store\AbstractBackendStore.java,25,1,73,2,0.0,0,0,0,0.0,0.0,0,0,2,1,1,10,8,10,58,10,18,0.2,0.05,2,2,1,4,0.05,2,1,1,5,25,1,38,49,1,1,1,0,8,0,4,0,32,13,0,28,1,38,49,1,1,1,0,8,0,4,0,32,13,0,28,1,0,0,18,0,1,0,0,1,1,0,0,0,17,0,0,0,0,0,0,0,0
275,L10527,AbstractBackendStoreProvider,com.baidu.hugegraph.backend.store.AbstractBackendStoreProvider,L9629,L103,C:\Users\domco\Desktop\DP\repos\incubator-hugegraph\hugegraph-core\src\main\java\com\baidu\hugegraph\backend\store\AbstractBackendStoreProvider.java,36,1,204,2,0.380952,2,8,4,0.295858,0.338462,50,44,4,1,1,28,6,6,7,6,26,0.0,0.037037,5,0,0,17,0.037037,5,1,1,5,9,1,130,169,4,0,4,0,20,0,16,0,22,58,0,18,0,130,169,4,0,4,0,20,0,16,0,22,58,0,18,0,0,0,66,4,5,0,27,3,1,0,0,1,37,0,3,0,0,2,0,1,0
276,L10258,BackendAction,com.baidu.hugegraph.backend.store.BackendAction,L9629,L103,C:\Users\domco\Desktop\DP\repos\incubator-hugegraph\hugegraph-core\src\main\java\com\baidu\hugegraph\backend\store\BackendAction.java,24,1,50,2,0.0,0,0,0,0.0,0.0,0,0,1,0,0,5,2,11,29,0,5,0.0,0.0,0,0,0,6,0.0,0,0,0,0,0,0,21,27,2,0,2,0,5,0,5,0,5,6,0,5,0,21,27,2,0,2,0,5,0,5,0,5,6,0,5,0,0,0,13,0,3,0,0,1,0,0,0,0,13,0,2,0,0,0,0,0,0
277,L9698,BackendEntryIterator,com.baidu.hugegraph.backend.store.BackendEntryIterator,L9629,L103,C:\Users\domco\Desktop\DP\repos\incubator-hugegraph\hugegraph-core\src\main\java\com\baidu\hugegraph\backend\store\BackendEntryIterator.java,33,1,209,2,0.0,0,0,0,0.0,0.0,0,0,2,2,2,30,7,14,12,9,26,0.0,0.132813,17,0,0,6,0.117241,17,0,0,4,4,0,111,156,4,0,4,0,17,1,5,0,17,57,1,5,0,128,177,4,0,4,0,21,1,7,0,36,61,1,12,0,0,0,50,0,1,0,0,0,2,0,0,0,42,0,1,0,0,0,0,6,1.0
278,L10250,BackendMutation,com.baidu.hugegraph.backend.store.BackendMutation,L9629,L103,C:\Users\domco\Desktop\DP\repos\incubator-hugegraph\hugegraph-core\src\main\java\com\baidu\hugegraph\backend\store\BackendMutation.java,37,1,333,2,0.0,0,0,0,0.0,0.0,0,0,1,4,4,39,7,18,41,18,35,0.625,0.304124,59,58,10,6,0.237736,63,0,0,0,0,0,135,213,1,0,1,0,17,0,15,0,17,67,0,15,0,202,297,2,0,2,0,27,0,25,0,27,102,0,25,0,0,0,39,0,2,2,0,0,0,3,0,0,35,0,0,0,0,0,0,1,0
279,L11534,BackendProviderFactory,com.baidu.hugegraph.backend.store.BackendProviderFactory,L9629,L103,C:\Users\domco\Desktop\DP\repos\incubator-hugegraph\hugegraph-core\src\main\java\com\baidu\hugegraph\backend\store\BackendProviderFactory.java,35,1,111,2,0.0,0,0,0,0.0,0.0,0,0,1,1,1,7,6,3,9,8,11,0.0,0.047619,3,0,0,3,0.047619,3,0,0,0,0,0,60,77,2,0,2,0,3,0,2,0,3,32,0,2,0,60,77,2,0,2,0,3,0,2,0,3,32,0,2,0,0,2,9,2,0,0,0,0,0,0,0,2,9,0,2,0,0,0,0,0,0
280,L9977,BackendSessionPool,com.baidu.hugegraph.backend.store.BackendSessionPool,L9629,L103,C:\Users\domco\Desktop\DP\repos\incubator-hugegraph\hugegraph-core\src\main\java\com\baidu\hugegraph\backend\store\BackendSessionPool.java,34,1,171,2,0.0,0,0,0,0.0,0.0,0,0,1,2,2,24,2,13,33,7,22,0.0,0.017094,2,0,0,11,0.017094,2,0,0,4,8,0,115,138,7,1,7,1,15,0,10,0,15,61,0,10,0,115,138,7,1,7,1,15,0,10,0,15,61,0,10,0,0,0,34,2,2,1,0,0,0,0,0,1,33,0,2,0,0,0,0,1,0
281,L4997,BackendStoreSystemInfo,com.baidu.hugegraph.backend.store.BackendStoreSystemInfo,L9629,L103,C:\Users\domco\Desktop\DP\repos\incubator-hugegraph\hugegraph-core\src\main\java\com\baidu\hugegraph\backend\store\BackendStoreSystemInfo.java,36,1,110,2,0.0,0,0,0,0.0,0.0,0,0,1,2,2,11,10,10,8,14,19,0.0,0.0454545,3,0,0,5,0.0454545,3,0,0,0,0,0,63,75,3,0,3,0,5,0,4,0,5,30,0,4,0,63,75,3,0,3,0,5,0,4,0,5,30,0,4,0,0,0,14,1,2,2,0,0,0,0,1,0,13,0,0,0,1,0,0,0,0
282,L10553,"BackendTable<Session extends BackendSession, Entry extends Object>",com.baidu.hugegraph.backend.store.BackendTable,L9629,L103,C:\Users\domco\Desktop\DP\repos\incubator-hugegraph\hugegraph-core\src\main\java\com\baidu\hugegraph\backend\store\BackendTable.java,40,1,354,2,0.0,0,0,0,0.0,0.0,0,0,3,3,3,21,9,54,127,6,21,0.0666667,0.209677,13,5,1,14,0.0615385,16,0,0,5,122,0,49,87,2,0,2,0,15,0,14,0,15,17,0,14,0,244,315,12,1,12,1,33,4,22,0,33,135,4,22,0,0,3,86,2,10,2,0,3,3,1,0,2,71,0,7,1,0,1,0,10,0
283,L11127,MetaDispatcher<Session extends BackendSession>,com.baidu.hugegraph.backend.store.MetaDispatcher,L9629,L103,C:\Users\domco\Desktop\DP\repos\incubator-hugegraph\hugegraph-core\src\main\java\com\baidu\hugegraph\backend\store\MetaDispatcher.java,27,1,47,2,0.0,0,0,0,0.0,0.0,0,0,1,1,1,4,3,2,5,2,5,0.0,0.0,0,0,0,4,0.0,0,0,0,0,0,0,17,21,1,0,1,0,3,0,3,0,3,5,0,3,0,17,21,1,0,1,0,3,0,3,0,3,5,0,3,0,0,0,9,0,2,1,0,1,0,0,0,0,9,0,0,0,0,0,0,0,0
284,L3115,Shard,com.baidu.hugegraph.backend.store.Shard,L9629,L103,C:\Users\domco\Desktop\DP\repos\incubator-hugegraph\hugegraph-core\src\main\java\com\baidu\hugegraph\backend\store\Shard.java,12,1,56,2,0.0,0,0,0,0.0,0.0,0,0,1,0,0,8,0,20,17,0,8,0.111111,0.195122,8,8,1,8,0.195122,8,0,0,0,0,0,33,45,3,0,3,0,8,0,8,0,8,10,0,8,0,33,45,3,0,3,0,8,0,8,0,8,10,0,8,0,0,0,19,0,3,0,0,0,0,0,0,0,19,0,3,0,0,0,0,0,0
285,L15344,TableDefine,com.baidu.hugegraph.backend.store.TableDefine,L9629,L103,C:\Users\domco\Desktop\DP\repos\incubator-hugegraph\hugegraph-core\src\main\java\com\baidu\hugegraph\backend\store\TableDefine.java,33,1,89,2,0.0,0,0,0,0.0,0.0,0,0,1,2,2,12,1,29,30,0,8,0.0,0.0416667,2,0,0,9,0.0416667,2,0,0,0,0,0,46,57,3,0,3,0,8,0,8,0,8,24,0,8,0,46,57,3,0,3,0,8,0,8,0,8,24,0,8,0,0,0,19,0,2,0,0,0,0,0,0,0,19,0,2,0,0,0,0,0,0
286,L20200,"AbstractCache<K extends Object, V extends Object>",com.baidu.hugegraph.backend.cache.AbstractCache,L20189,L103,C:\Users\domco\Desktop\DP\repos\incubator-hugegraph\hugegraph-core\src\main\java\com\baidu\hugegraph\backend\cache\AbstractCache.java,31,1,289,2,0.0,0,0,0,0.0,0.0,0,0,1,2,2,55,2,7,13,4,26,0.0,0.0388889,7,3,0,17,0.0322581,7,1,1,3,3,1,173,214,12,1,12,1,22,5,16,0,26,71,5,20,0,210,259,15,1,15,1,29,5,23,0,33,84,5,27,0,0,0,72,1,16,2,0,0,0,0,0,2,64,0,10,0,0,3,0,8,0
287,L20373,CachedBackendStore,com.baidu.hugegraph.backend.cache.CachedBackendStore,L20189,L103,C:\Users\domco\Desktop\DP\repos\incubator-hugegraph\hugegraph-core\src\main\java\com\baidu\hugegraph\backend\cache\CachedBackendStore.java,38,1,243,2,0.0,0,0,0,0.0,0.0,0,0,1,2,2,26,11,0,0,29,52,0.0416667,0.0431034,5,3,1,23,0.0526316,9,1,1,0,0,1,111,142,2,1,2,1,23,0,23,0,26,34,0,26,1,162,206,5,1,4,1,34,0,34,0,41,48,1,41,1,0,1,83,0,8,0,0,0,1,0,1,4,74,0,3,0,0,2,0,7,0
288,L20459,CachedGraphTransaction,com.baidu.hugegraph.backend.cache.CachedGraphTransaction,L20189,L103,C:\Users\domco\Desktop\DP\repos\incubator-hugegraph\hugegraph-core\src\main\java\com\baidu\hugegraph\backend\cache\CachedGraphTransaction.java,56,1,328,2,0.0834236,1,2,1,0.18315,0.0756757,50,14,1,3,3,40,23,2,2,45,55,0.0,0.139535,30,0,0,4,0.139535,30,4,4,0,0,1,185,273,40,0,9,0,10,0,3,0,138,106,1,72,0,185,273,40,0,9,0,10,0,3,0,138,106,1,72,0,0,0,42,1,5,1,10,5,0,1,3,0,19,0,0,0,0,0,0,9,0
289,L20574,CachedSchemaTransaction,com.baidu.hugegraph.backend.cache.CachedSchemaTransaction,L20189,L103,C:\Users\domco\Desktop\DP\repos\incubator-hugegraph\hugegraph-core\src\main\java\com\baidu\hugegraph\backend\cache\CachedSchemaTransaction.java,44,1,441,2,0.263827,3,22,5,0.301508,0.267606,120,76,1,3,3,30,17,2,2,40,56,0.0,0.0983607,18,0,0,3,0.0688525,21,4,4,0,0,1,165,262,16,20,5,3,16,0,2,0,105,94,0,61,2,284,398,23,20,12,3,23,0,9,0,112,161,0,68,2,0,0,102,0,5,1,43,3,0,0,3,0,49,0,1,0,0,0,0,7,0
290,L4590,CacheManager,com.baidu.hugegraph.backend.cache.CacheManager,L20189,L103,C:\Users\domco\Desktop\DP\repos\incubator-hugegraph\hugegraph-core\src\main\java\com\baidu\hugegraph\backend\cache\CacheManager.java,36,1,143,2,0.0,0,0,0,0.0,0.0,0,0,2,1,1,11,7,9,13,3,11,0.0,0.0428571,3,2,0,8,0.0326087,3,0,0,0,0,0,67,85,6,0,6,0,8,0,7,0,8,28,0,7,0,89,108,6,0,6,0,10,0,8,0,10,38,0,8,0,0,0,28,2,3,1,0,0,1,0,0,0,26,0,4,0,0,0,0,1,0
291,L20814,LevelCache,com.baidu.hugegraph.backend.cache.LevelCache,L20189,L103,C:\Users\domco\Desktop\DP\repos\incubator-hugegraph\hugegraph-core\src\main\java\com\baidu\hugegraph\backend\cache\LevelCache.java,29,1,122,2,0.0,0,0,0,0.0,0.0,0,0,1,2,2,20,4,2,2,12,23,0.0,0.0243902,2,1,0,7,0.0243902,2,2,2,0,0,1,80,94,13,1,1,0,11,0,6,0,29,33,5,22,0,80,94,13,1,1,0,11,0,6,0,29,33,5,22,0,0,0,27,0,0,0,0,0,0,0,0,0,25,0,0,0,0,0,0,2,0
292,L20801,OffheapCache,com.baidu.hugegraph.backend.cache.OffheapCache,L20189,L103,C:\Users\domco\Desktop\DP\repos\incubator-hugegraph\hugegraph-core\src\main\java\com\baidu\hugegraph\backend\cache\OffheapCache.java,52,1,394,2,0.0,0,0,0,0.0,0.0,0,0,2,1,1,17,9,5,5,7,19,0.0,0.0666667,6,0,0,6,0.0338983,10,2,2,0,0,1,84,108,16,1,4,0,12,0,5,0,30,35,5,21,0,285,343,31,1,19,0,37,11,20,0,55,126,16,36,0,0,0,107,0,10,0,0,3,4,0,1,0,89,0,5,0,0,2,0,13,0
293,L20788,RamCache,com.baidu.hugegraph.backend.cache.RamCache,L20189,L103,C:\Users\domco\Desktop\DP\repos\incubator-hugegraph\hugegraph-core\src\main\java\com\baidu\hugegraph\backend\cache\RamCache.java,35,1,498,2,0.0,0,0,0,0.0,0.0,0,0,1,3,3,27,5,4,6,11,22,0.0,0.192771,32,1,0,8,0.23,92,2,2,0,0,1,134,192,15,1,3,0,11,0,7,0,29,71,5,23,0,308,464,24,1,9,0,26,0,15,0,51,174,5,38,0,0,1,48,4,1,1,0,0,0,0,0,2,45,0,3,0,0,0,0,3,0
294,L1396,EdgeId,com.baidu.hugegraph.backend.id.EdgeId,L21192,L103,C:\Users\domco\Desktop\DP\repos\incubator-hugegraph\hugegraph-core\src\main\java\com\baidu\hugegraph\backend\id\EdgeId.java,37,1,304,2,0.0,0,0,0,0.0,0.0,0,0,6,2,2,53,11,38,75,22,55,0.03125,0.0292887,7,7,1,31,0.0292887,7,1,1,0,0,1,232,268,9,0,8,0,33,1,31,0,37,80,2,35,0,232,268,9,0,8,0,33,1,31,0,37,80,2,35,0,0,0,81,1,6,0,0,0,1,0,1,0,69,0,7,0,0,0,0,10,0
295,L21316,IdGenerator,com.baidu.hugegraph.backend.id.IdGenerator,L21192,L103,C:\Users\domco\Desktop\DP\repos\incubator-hugegraph\hugegraph-core\src\main\java\com\baidu\hugegraph\backend\id\IdGenerator.java,33,1,446,2,0.0,0,0,0,0.0,0.0,0,0,4,4,1,29,9,85,194,14,25,0.0,0.0,0,0,0,11,0.0147493,5,0,0,2,2,0,83,104,1,0,1,0,11,1,10,0,11,38,1,10,0,334,414,7,0,6,0,64,1,62,0,80,119,2,78,0,0,0,164,0,7,0,0,7,5,0,0,0,143,0,0,0,0,0,0,16,0
296,L21474,IdUtil,com.baidu.hugegraph.backend.id.IdUtil,L21192,L103,C:\Users\domco\Desktop\DP\repos\incubator-hugegraph\hugegraph-core\src\main\java\com\baidu\hugegraph\backend\id\IdUtil.java,29,1,151,2,0.0,0,0,0,0.0,0.0,0,0,10,3,3,30,5,10,26,20,30,0.0,0.0900901,10,0,0,11,0.0900901,10,0,0,0,0,0,101,123,0,0,0,0,10,0,10,0,10,58,0,10,0,101,123,0,0,0,0,10,0,10,0,10,58,0,10,0,0,0,22,0,1,1,0,0,1,0,0,0,21,0,0,0,0,0,0,0,0
297,L21502,SnowflakeIdGenerator,com.baidu.hugegraph.backend.id.SnowflakeIdGenerator,L21192,L103,C:\Users\domco\Desktop\DP\repos\incubator-hugegraph\hugegraph-core\src\main\java\com\baidu\hugegraph\backend\id\SnowflakeIdGenerator.java,37,1,179,2,0.0,0,0,0,0.0,0.0,0,0,1,2,2,9,8,4,4,9,14,0.0,0.0,0,0,0,5,0.112,14,1,1,0,0,1,54,75,5,0,4,0,5,0,4,0,15,26,1,13,0,111,143,18,0,17,0,7,0,6,0,17,45,1,15,0,0,0,25,0,7,3,0,0,0,0,0,2,20,0,0,0,1,1,0,5,0
298,L21571,SplicingIdGenerator,com.baidu.hugegraph.backend.id.SplicingIdGenerator,L21192,L103,C:\Users\domco\Desktop\DP\repos\incubator-hugegraph\hugegraph-core\src\main\java\com\baidu\hugegraph\backend\id\SplicingIdGenerator.java,27,1,134,2,0.135,1,3,1,0.0925926,0.208333,10,10,3,2,2,11,5,17,30,7,15,0.777778,0.5,48,39,7,2,0.5,48,1,1,0,0,1,48,108,9,0,8,0,8,3,8,0,18,19,4,17,0,48,108,9,0,8,0,8,3,8,0,18,19,4,17,0,0,1,18,0,8,0,9,7,1,0,0,0,3,0,1,0,1,0,0,5,0
299,L21651,IdHolder,com.baidu.hugegraph.backend.page.IdHolder,L21641,L103,C:\Users\domco\Desktop\DP\repos\incubator-hugegraph\hugegraph-core\src\main\java\com\baidu\hugegraph\backend\page\IdHolder.java,38,1,266,2,0.0,0,0,0,0.0,0.0,0,0,1,0,0,6,3,8,8,1,7,0.0,0.0,0,0,0,7,0.0104712,2,0,0,3,4,0,21,31,2,0,2,0,6,0,6,0,6,6,0,6,0,189,229,8,1,8,1,25,0,23,0,34,83,0,32,0,0,0,65,0,3,1,0,0,3,0,0,0,62,0,2,0,0,0,0,0,0
300,L21744,IdHolderList,com.baidu.hugegraph.backend.page.IdHolderList,L21641,L103,C:\Users\domco\Desktop\DP\repos\incubator-hugegraph\hugegraph-core\src\main\java\com\baidu\hugegraph\backend\page\IdHolderList.java,27,1,65,2,0.0,0,0,0,0.0,0.0,0,0,2,1,1,7,1,5,5,1,6,0.0,0.0,0,0,0,6,0.0,0,0,0,1,1,0,31,39,4,0,4,0,5,0,5,0,5,10,0,5,0,31,39,4,0,4,0,5,0,5,0,5,10,0,5,0,0,0,14,0,1,0,0,0,1,0,0,0,13,0,1,0,0,0,0,0,0
301,L21773,PageEntryIterator<R extends Object>,com.baidu.hugegraph.backend.page.PageEntryIterator,L21641,L103,C:\Users\domco\Desktop\DP\repos\incubator-hugegraph\hugegraph-core\src\main\java\com\baidu\hugegraph\backend\page\PageEntryIterator.java,32,1,131,2,0.0,0,0,0,0.0,0.0,0,0,1,2,2,21,6,1,1,17,26,0.0,0.0114943,1,0,0,7,0.0114943,1,0,0,0,0,0,86,100,6,0,6,0,9,0,6,0,9,42,0,6,0,86,100,6,0,6,0,9,0,6,0,9,42,0,6,0,0,0,23,0,0,0,0,0,0,0,1,0,21,0,0,0,0,0,0,1,0
302,L21663,PageIds,com.baidu.hugegraph.backend.page.PageIds,L21641,L103,C:\Users\domco\Desktop\DP\repos\incubator-hugegraph\hugegraph-core\src\main\java\com\baidu\hugegraph\backend\page\PageIds.java,27,1,58,2,0.0,0,0,0,0.0,0.0,0,0,1,1,1,6,2,6,6,1,6,0.0,0.0,0,0,0,6,0.0,0,0,0,0,0,0,25,32,3,0,3,0,5,1,5,0,5,8,1,5,0,25,32,3,0,3,0,5,1,5,0,5,8,1,5,0,0,0,17,0,3,0,0,0,0,0,0,0,13,0,3,0,0,0,0,4,0
303,L21786,PageInfo,com.baidu.hugegraph.backend.page.PageInfo,L21641,L103,C:\Users\domco\Desktop\DP\repos\incubator-hugegraph\hugegraph-core\src\main\java\com\baidu\hugegraph\backend\page\PageInfo.java,31,1,119,2,0.0,0,0,0,0.0,0.0,0,0,2,1,1,15,4,13,16,12,23,0.0,0.0131579,1,0,0,12,0.0131579,1,0,0,0,0,0,75,89,4,0,4,0,11,2,11,0,11,37,2,11,0,75,89,4,0,4,0,11,2,11,0,11,37,2,11,0,0,0,30,2,3,0,0,0,1,0,0,2,25,0,3,0,0,0,0,4,0
304,L9768,PageState,com.baidu.hugegraph.backend.page.PageState,L21641,L103,C:\Users\domco\Desktop\DP\repos\incubator-hugegraph\hugegraph-core\src\main\java\com\baidu\hugegraph\backend\page\PageState.java,28,1,113,2,0.0,0,0,0,0.0,0.0,0,0,1,1,1,14,3,19,25,10,20,0.0,0.0810811,6,0,0,10,0.0810811,6,0,0,0,0,0,68,86,7,0,7,0,10,4,9,0,10,30,4,9,0,68,86,7,0,7,0,10,4,9,0,10,30,4,9,0,0,0,26,4,4,3,0,0,0,0,0,2,21,0,3,0,0,0,0,5,0
305,L21776,QueryList<R extends Object>,com.baidu.hugegraph.backend.page.QueryList,L21641,L103,C:\Users\domco\Desktop\DP\repos\incubator-hugegraph\hugegraph-core\src\main\java\com\baidu\hugegraph\backend\page\QueryList.java,38,1,354,2,0.0,0,0,0,0.0,0.0,0,0,1,2,2,14,10,4,11,10,20,0.0,0.186667,14,1,0,8,0.213439,54,0,0,0,0,0,61,99,3,0,3,0,10,0,7,0,10,29,0,7,0,199,317,9,0,9,0,34,1,27,0,34,87,1,27,0,0,0,79,0,8,0,0,6,2,0,1,0,67,0,2,0,0,0,0,9,0
306,L22106,SortByCountIdHolderList,com.baidu.hugegraph.backend.page.SortByCountIdHolderList,L21641,L103,C:\Users\domco\Desktop\DP\repos\incubator-hugegraph\hugegraph-core\src\main\java\com\baidu\hugegraph\backend\page\SortByCountIdHolderList.java,34,1,100,2,0.0,0,0,0,0.0,0.0,0,0,1,1,1,4,4,2,1,7,9,0.0,0.0,0,0,0,3,0.0,0,1,1,0,0,1,22,29,6,0,2,0,2,0,2,0,7,11,0,7,0,53,67,29,1,3,0,8,0,8,0,78,20,4,73,0,0,0,33,0,0,0,0,0,1,0,0,0,25,0,0,0,0,0,0,7,0
307,L10567,Aggregate,com.baidu.hugegraph.backend.query.Aggregate,L22149,L103,C:\Users\domco\Desktop\DP\repos\incubator-hugegraph\hugegraph-core\src\main\java\com\baidu\hugegraph\backend\query\Aggregate.java,27,1,109,2,0.0,0,0,0,0.0,0.0,0,0,1,0,0,9,1,7,10,3,10,0.0,0.0,0,0,0,8,0.0,0,0,0,0,0,0,28,37,2,0,2,0,7,0,7,0,7,8,0,7,0,68,83,10,0,10,0,11,5,10,0,11,25,5,10,0,0,0,36,0,4,0,0,2,0,0,0,0,28,0,2,0,0,0,0,8,0
308,L10666,Condition,com.baidu.hugegraph.backend.query.Condition,L22149,L103,C:\Users\domco\Desktop\DP\repos\incubator-hugegraph\hugegraph-core\src\main\java\com\baidu\hugegraph\backend\query\Condition.java,46,1,767,2,0.0539499,1,4,2,0.0277008,0.0374532,20,20,29,0,0,39,11,30,85,5,43,0.0,0.0,0,0,0,39,0.0615114,35,0,0,2,6,0,104,154,0,0,0,0,38,0,38,0,38,32,0,38,0,534,722,37,0,37,0,104,19,97,0,342,180,19,335,0,0,2,287,0,45,1,22,14,7,0,1,7,232,0,16,0,0,9,0,25,0
309,L3133,ConditionQuery,com.baidu.hugegraph.backend.query.ConditionQuery,L22149,L103,C:\Users\domco\Desktop\DP\repos\incubator-hugegraph\hugegraph-core\src\main\java\com\baidu\hugegraph\backend\query\ConditionQuery.java,46,1,523,2,0.0583587,1,6,2,0.0460251,0.0555556,22,22,1,3,3,121,13,44,93,33,84,0.0196078,0.0488998,20,7,1,50,0.0480769,20,2,2,0,0,1,389,471,24,1,3,0,51,0,50,0,123,201,4,117,0,396,478,29,1,8,0,51,5,50,0,123,201,9,117,0,0,0,138,1,6,1,14,3,0,1,2,0,104,0,2,0,0,1,0,17,0
310,L22695,ConditionQueryFlatten,com.baidu.hugegraph.backend.query.ConditionQueryFlatten,L22149,L103,C:\Users\domco\Desktop\DP\repos\incubator-hugegraph\hugegraph-core\src\main\java\com\baidu\hugegraph\backend\query\ConditionQueryFlatten.java,39,1,488,2,0.122935,2,24,4,0.124444,0.148936,56,56,1,4,4,106,11,4,13,23,41,0.0,0.0845771,34,6,0,2,0.0917874,38,0,0,0,0,0,368,440,1,0,1,0,18,0,1,0,18,213,0,1,0,376,450,2,0,2,0,19,0,2,0,19,216,0,2,0,0,0,64,0,6,4,16,2,0,5,1,0,42,0,0,0,0,0,0,0,0
311,L12221,IdPrefixQuery,com.baidu.hugegraph.backend.query.IdPrefixQuery,L22149,L103,C:\Users\domco\Desktop\DP\repos\incubator-hugegraph\hugegraph-core\src\main\java\com\baidu\hugegraph\backend\query\IdPrefixQuery.java,28,1,109,2,0.0,0,0,0,0.0,0.0,0,0,3,1,1,17,5,6,9,7,19,0.0,0.0142857,1,0,0,13,0.0142857,1,1,1,0,0,1,69,82,22,1,3,0,12,0,12,0,70,29,4,65,0,69,82,22,1,3,0,12,0,12,0,70,29,4,65,0,0,0,33,0,3,0,0,0,1,0,0,0,27,0,3,0,0,0,0,5,0
312,L12411,IdQuery,com.baidu.hugegraph.backend.query.IdQuery,L22149,L103,C:\Users\domco\Desktop\DP\repos\incubator-hugegraph\hugegraph-core\src\main\java\com\baidu\hugegraph\backend\query\IdQuery.java,31,1,107,2,0.0,0,0,0,0.0,0.0,0,0,2,1,1,15,5,13,20,6,20,0.0,0.016129,1,1,0,15,0.016129,1,1,1,1,1,1,61,77,21,1,2,0,14,0,14,0,72,25,4,67,0,61,77,21,1,2,0,14,0,14,0,72,25,4,67,0,0,4,37,0,2,0,0,0,1,0,0,0,31,0,6,0,0,0,0,5,0
313,L12232,IdRangeQuery,com.baidu.hugegraph.backend.query.IdRangeQuery,L22149,L103,C:\Users\domco\Desktop\DP\repos\incubator-hugegraph\hugegraph-core\src\main\java\com\baidu\hugegraph\backend\query\IdRangeQuery.java,28,1,113,2,0.0,0,0,0,0.0,0.0,0,0,3,1,1,18,5,6,7,7,19,0.0,0.0135135,1,0,0,13,0.0135135,1,1,1,0,0,1,73,86,23,1,4,0,12,0,12,0,70,25,4,65,0,73,86,23,1,4,0,12,0,12,0,70,25,4,65,0,0,0,34,0,5,0,0,0,1,0,0,1,27,0,4,0,0,0,0,6,0
314,L4911,Query,com.baidu.hugegraph.backend.query.Query,L22149,L103,C:\Users\domco\Desktop\DP\repos\incubator-hugegraph\hugegraph-core\src\main\java\com\baidu\hugegraph\backend\query\Query.java,39,1,538,2,0.0,0,0,0,0.0,0.0,0,0,3,2,2,111,10,88,177,4,62,0.0185185,0.0478469,20,6,1,53,0.0473934,20,0,0,5,6,0,398,496,19,1,19,1,58,4,53,0,58,188,4,53,0,402,500,21,1,21,1,58,6,53,0,58,188,6,53,0,0,0,138,0,16,2,0,2,1,1,0,0,120,0,12,0,0,0,0,16,0
315,L21791,QueryResults<R extends Object>,com.baidu.hugegraph.backend.query.QueryResults,L22149,L103,C:\Users\domco\Desktop\DP\repos\incubator-hugegraph\hugegraph-core\src\main\java\com\baidu\hugegraph\backend\query\QueryResults.java,43,1,272,2,0.0,0,0,0,0.0,0.0,0,0,4,3,3,42,5,38,52,8,29,0.0,0.0643275,11,0,0,15,0.0631579,12,0,0,0,0,0,160,207,4,0,4,0,21,0,14,1,21,76,0,14,1,178,230,4,0,4,0,25,0,18,1,25,79,0,18,1,0,0,56,0,3,0,0,0,2,0,0,0,53,0,3,0,0,0,0,1,1.0
316,L20867,AbstractSerializer,com.baidu.hugegraph.backend.serializer.AbstractSerializer,L23165,L103,C:\Users\domco\Desktop\DP\repos\incubator-hugegraph\hugegraph-core\src\main\java\com\baidu\hugegraph\backend\serializer\AbstractSerializer.java,30,1,79,2,0.0,0,0,0,0.0,0.0,0,0,2,2,2,15,9,11,2,8,14,0.0,0.0769231,3,0,0,2,0.0769231,3,1,2,3,10,2,36,50,0,0,0,0,6,0,1,0,23,17,0,18,0,36,50,0,0,0,0,6,0,1,0,23,17,0,18,0,0,0,18,0,1,1,0,0,1,0,1,0,15,0,0,1,0,0,0,0,0
317,L14841,BinaryBackendEntry,com.baidu.hugegraph.backend.serializer.BinaryBackendEntry,L23165,L103,C:\Users\domco\Desktop\DP\repos\incubator-hugegraph\hugegraph-core\src\main\java\com\baidu\hugegraph\backend\serializer\BinaryBackendEntry.java,36,1,251,2,0.0,0,0,0,0.0,0.0,0,0,1,2,2,31,7,9,34,6,27,0.0,0.0,0,0,0,22,0.0,0,2,2,0,0,1,118,142,6,0,6,0,21,0,21,0,22,45,0,22,0,178,216,9,0,8,0,34,0,34,0,39,62,1,39,0,0,0,83,1,8,2,0,1,1,0,0,1,74,0,5,0,0,0,0,8,0
318,L16221,BinaryEntryIterator<Elem extends Object>,com.baidu.hugegraph.backend.serializer.BinaryEntryIterator,L23165,L103,C:\Users\domco\Desktop\DP\repos\incubator-hugegraph\hugegraph-core\src\main\java\com\baidu\hugegraph\backend\serializer\BinaryEntryIterator.java,31,1,144,2,0.0,0,0,0,0.0,0.0,0,0,2,4,3,19,7,3,4,20,28,0.0,0.112245,11,0,0,4,0.112245,11,1,1,0,0,1,87,114,7,0,3,0,8,0,3,0,23,51,1,8,0,87,114,7,0,3,0,8,0,3,0,23,51,1,8,0,0,0,20,0,1,0,0,1,1,0,0,0,17,0,0,0,0,0,0,2,0
319,L23322,BinaryScatterSerializer,com.baidu.hugegraph.backend.serializer.BinaryScatterSerializer,L23165,L103,C:\Users\domco\Desktop\DP\repos\incubator-hugegraph\hugegraph-core\src\main\java\com\baidu\hugegraph\backend\serializer\BinaryScatterSerializer.java,33,1,93,2,0.0,0,0,0,0.0,0.0,0,0,2,1,1,9,15,3,3,22,26,0.0,0.102041,5,0,0,5,0.102041,5,3,4,0,0,1,44,61,3,0,0,0,4,0,4,0,61,26,1,25,0,44,61,3,0,0,0,4,0,4,0,61,26,1,25,0,0,0,17,0,0,0,0,0,1,0,2,0,11,0,0,0,0,0,0,3,0
320,L15463,BinarySerializer,com.baidu.hugegraph.backend.serializer.BinarySerializer,L23165,L103,C:\Users\domco\Desktop\DP\repos\incubator-hugegraph\hugegraph-core\src\main\java\com\baidu\hugegraph\backend\serializer\BinarySerializer.java,73,1,1192,2,0.162979,6,18,13,0.1125,0.134295,126,121,8,5,3,152,38,12,17,137,192,0.0,0.0916667,66,4,0,21,0.0692149,67,2,3,3,3,1,654,839,3,0,3,0,55,1,20,0,57,395,1,21,0,901,1120,4,0,4,0,83,1,28,0,85,560,1,29,0,0,0,275,4,2,2,73,0,1,1,24,1,166,0,3,0,0,0,0,10,0
321,L9928,BytesBuffer,com.baidu.hugegraph.backend.serializer.BytesBuffer,L23165,L103,C:\Users\domco\Desktop\DP\repos\incubator-hugegraph\hugegraph-core\src\main\java\com\baidu\hugegraph\backend\serializer\BytesBuffer.java,47,1,924,2,0.117956,2,18,4,0.0797267,0.091922,70,66,1,7,2,185,12,27,90,26,103,0.0135135,0.0945776,75,5,1,73,0.0945776,75,0,0,0,0,0,718,878,25,0,25,0,77,23,73,0,77,405,23,73,0,718,878,25,0,25,0,77,23,73,0,77,405,23,73,0,0,0,200,0,2,0,23,2,0,8,2,0,151,0,0,0,0,0,0,16,0
322,L24063,SerializerFactory,com.baidu.hugegraph.backend.serializer.SerializerFactory,L23165,L103,C:\Users\domco\Desktop\DP\repos\incubator-hugegraph\hugegraph-core\src\main\java\com\baidu\hugegraph\backend\serializer\SerializerFactory.java,27,1,83,2,0.447917,1,4,1,0.438596,0.422222,25,19,1,3,1,10,5,5,10,5,7,0.0,0.0625,3,0,0,3,0.0625,3,0,0,0,0,0,45,57,1,0,1,0,2,0,2,0,2,24,0,2,0,45,57,1,0,1,0,2,0,2,0,2,24,0,2,0,0,1,19,2,1,1,12,0,0,0,0,2,7,0,1,0,0,0,0,0,0
323,L9674,TableBackendEntry,com.baidu.hugegraph.backend.serializer.TableBackendEntry,L23165,L103,C:\Users\domco\Desktop\DP\repos\incubator-hugegraph\hugegraph-core\src\main\java\com\baidu\hugegraph\backend\serializer\TableBackendEntry.java,39,1,270,2,0.0,0,0,0,0.0,0.0,0,0,7,0,0,30,7,23,63,9,39,0.0,0.00892857,1,1,0,31,0.0215054,4,2,2,2,2,1,111,145,3,0,3,0,30,0,30,0,31,32,0,31,0,182,232,8,0,8,0,42,0,42,0,43,61,0,43,0,0,0,95,1,15,0,0,7,1,0,0,1,90,0,8,0,0,0,0,4,0
324,L9862,TableSerializer,com.baidu.hugegraph.backend.serializer.TableSerializer,L23165,L103,C:\Users\domco\Desktop\DP\repos\incubator-hugegraph\hugegraph-core\src\main\java\com\baidu\hugegraph\backend\serializer\TableSerializer.java,64,1,674,2,0.460861,10,35,25,0.312602,0.346614,191,174,3,3,3,87,42,3,4,138,185,0.0,0.0510397,27,7,0,19,0.0510397,27,2,3,2,4,1,502,611,0,0,0,0,47,0,18,0,49,316,0,18,0,502,611,0,0,0,0,47,0,18,0,49,316,0,18,0,0,0,189,0,3,3,73,0,1,0,17,0,95,0,0,0,0,0,0,3,0
325,L11986,TextBackendEntry,com.baidu.hugegraph.backend.serializer.TextBackendEntry,L23165,L103,C:\Users\domco\Desktop\DP\repos\incubator-hugegraph\hugegraph-core\src\main\java\com\baidu\hugegraph\backend\serializer\TextBackendEntry.java,40,1,365,2,0.0634921,1,4,2,0.0613497,0.0588235,20,16,2,2,2,67,8,8,40,8,42,0.0,0.035461,10,0,0,34,0.035461,10,2,2,0,0,1,272,326,5,0,5,0,34,1,33,0,35,140,1,34,0,272,326,5,0,5,0,34,1,33,0,35,140,1,34,0,0,2,92,1,5,1,12,1,1,0,0,0,71,0,6,0,0,0,0,8,0
326,L24082,TextSerializer,com.baidu.hugegraph.backend.serializer.TextSerializer,L23165,L103,C:\Users\domco\Desktop\DP\repos\incubator-hugegraph\hugegraph-core\src\main\java\com\baidu\hugegraph\backend\serializer\TextSerializer.java,73,1,897,2,0.172003,5,20,11,0.12,0.134111,99,92,3,4,2,118,46,2,0,145,201,0.0,0.0653951,48,3,0,19,0.0653951,48,2,3,0,0,1,686,825,3,0,3,0,56,0,18,0,58,414,0,18,0,686,825,3,0,3,0,56,0,18,0,58,414,0,18,0,0,0,182,7,9,9,47,0,1,1,20,0,109,0,2,0,0,5,0,4,0
327,L4533,AbstractTransaction,com.baidu.hugegraph.backend.tx.AbstractTransaction,L24675,L103,C:\Users\domco\Desktop\DP\repos\incubator-hugegraph\hugegraph-core\src\main\java\com\baidu\hugegraph\backend\tx\AbstractTransaction.java,49,1,394,2,0.0,0,0,0,0.0,0.0,0,0,2,2,2,63,19,22,118,37,75,0.0,0.0836237,24,0,0,25,0.0836237,24,1,1,3,9,1,263,346,10,0,10,0,38,0,24,0,38,124,0,24,0,263,346,10,0,10,0,38,0,24,0,38,124,0,24,0,0,1,82,4,8,0,0,2,1,0,3,0,73,0,7,0,0,4,0,5,0
328,L24793,GraphIndexTransaction,com.baidu.hugegraph.backend.tx.GraphIndexTransaction,L24675,L103,C:\Users\domco\Desktop\DP\repos\incubator-hugegraph\hugegraph-core\src\main\java\com\baidu\hugegraph\backend\tx\GraphIndexTransaction.java,98,1,1773,2,0.0,0,0,0,0.0,0.0,0,0,3,4,4,220,59,3,13,167,214,0.166667,0.156761,182,35,1,5,0.143434,213,2,2,0,0,1,979,1316,16,0,6,0,47,4,5,0,85,577,4,29,0,1272,1676,52,1,15,0,71,5,20,0,185,729,9,106,1,0,1,201,5,22,16,0,1,3,10,21,4,137,0,7,0,0,0,0,30,0
329,L4527,GraphTransaction,com.baidu.hugegraph.backend.tx.GraphTransaction,L24675,L103,C:\Users\domco\Desktop\DP\repos\incubator-hugegraph\hugegraph-core\src\main\java\com\baidu\hugegraph\backend\tx\GraphTransaction.java,101,1,2033,2,0.281021,12,64,24,0.239524,0.23168,463,313,1,5,5,306,59,31,75,198,281,0.0487805,0.167089,264,12,2,39,0.164502,266,3,3,3,3,1,1316,1892,31,0,21,0,83,1,40,0,128,698,1,69,0,1351,1933,33,0,23,0,87,1,41,0,132,715,1,70,0,0,0,327,14,18,13,131,0,0,10,18,6,148,0,13,0,0,0,0,20,0
330,L4530,IndexableTransaction,com.baidu.hugegraph.backend.tx.IndexableTransaction,L24675,L103,C:\Users\domco\Desktop\DP\repos\incubator-hugegraph\hugegraph-core\src\main\java\com\baidu\hugegraph\backend\tx\IndexableTransaction.java,27,1,88,2,0.0,0,0,0,0.0,0.0,0,0,1,1,1,13,5,10,16,10,18,0.0,0.0377358,2,0,0,6,0.0377358,2,2,2,2,6,1,51,62,10,0,0,0,8,0,5,0,46,21,0,29,0,51,62,10,0,0,0,8,0,5,0,46,21,0,29,0,0,0,19,0,0,0,0,0,0,0,0,0,19,0,0,0,0,0,0,0,0
331,L25764,SchemaIndexTransaction,com.baidu.hugegraph.backend.tx.SchemaIndexTransaction,L24675,L103,C:\Users\domco\Desktop\DP\repos\incubator-hugegraph\hugegraph-core\src\main\java\com\baidu\hugegraph\backend\tx\SchemaIndexTransaction.java,41,1,122,2,0.0,0,0,0,0.0,0.0,0,0,1,2,2,15,16,1,4,31,36,0.0,0.0140845,1,0,0,4,0.0140845,1,2,2,0,0,1,70,82,10,0,0,0,5,0,3,0,43,39,0,27,0,70,82,10,0,0,0,5,0,3,0,43,39,0,27,0,0,0,16,0,0,0,0,0,0,0,3,0,13,0,0,0,0,0,0,0,0
332,L11759,SchemaTransaction,com.baidu.hugegraph.backend.tx.SchemaTransaction,L24675,L103,C:\Users\domco\Desktop\DP\repos\incubator-hugegraph\hugegraph-core\src\main\java\com\baidu\hugegraph\backend\tx\SchemaTransaction.java,66,1,502,2,0.0,0,0,0,0.0,0.0,0,0,2,2,2,70,38,30,81,64,108,0.0,0.0501319,19,7,0,31,0.0501319,19,3,3,1,1,1,360,437,11,17,1,17,44,0,30,2,89,169,0,59,2,360,437,11,17,1,17,44,0,30,2,89,169,0,59,2,0,0,101,2,3,2,0,1,1,0,6,1,85,0,1,0,0,0,0,9,0
333,L26424,HugeGraphSONModule$OptionalSerializer,com.baidu.hugegraph.io.HugeGraphSONModule$OptionalSerializer,L26386,L103,C:\Users\domco\Desktop\DP\repos\incubator-hugegraph\hugegraph-core\src\main\java\com\baidu\hugegraph\io\HugeGraphSONModule.java,211,5,229,6,0.0,0,0,0,0.0,0.0,0,0,1,1,1,3,0,1,1,0,2,0.0,0.0,0,0,0,3,0.0,0,0,0,0,0,0,17,19,0,0,0,0,2,0,2,0,2,4,0,2,0,17,19,0,0,0,0,2,0,2,0,2,4,0,2,0,0,0,7,0,0,0,0,0,0,0,0,0,7,0,0,0,0,0,0,0,0
334,L26452,HugeGraphSONModule$IdSerializer<T extends Id>,com.baidu.hugegraph.io.HugeGraphSONModule$IdSerializer,L26386,L103,C:\Users\domco\Desktop\DP\repos\incubator-hugegraph\hugegraph-core\src\main\java\com\baidu\hugegraph\io\HugeGraphSONModule.java,231,5,261,6,0.475,1,1,1,0.387097,0.407407,12,11,1,1,1,4,1,1,1,3,6,0.0,0.0357143,1,0,0,4,0.0357143,1,0,0,0,0,0,27,31,0,0,0,0,3,0,3,0,3,8,0,3,0,27,31,0,0,0,0,3,0,3,0,3,8,0,3,0,0,0,20,0,0,0,11,0,0,0,0,0,9,0,0,0,0,0,0,0,0
335,L26460,HugeGraphSONModule$IdDeserializer<T extends Id>,com.baidu.hugegraph.io.HugeGraphSONModule$IdDeserializer,L26386,L103,C:\Users\domco\Desktop\DP\repos\incubator-hugegraph\hugegraph-core\src\main\java\com\baidu\hugegraph\io\HugeGraphSONModule.java,263,5,291,6,0.0,0,0,0,0.0,0.0,0,0,1,3,1,5,6,1,1,4,6,0.0,0.0,0,0,0,3,0.0,0,0,0,0,0,0,27,29,0,0,0,0,2,0,2,0,2,14,0,2,0,27,29,0,0,0,0,2,0,2,0,2,14,0,2,0,0,0,7,0,0,0,0,0,0,0,0,0,7,0,0,0,0,0,0,0,0
336,L26486,HugeGraphSONModule$PropertyKeySerializer,com.baidu.hugegraph.io.HugeGraphSONModule$PropertyKeySerializer,L26386,L103,C:\Users\domco\Desktop\DP\repos\incubator-hugegraph\hugegraph-core\src\main\java\com\baidu\hugegraph\io\HugeGraphSONModule.java,293,5,307,6,0.0,0,0,0,0.0,0.0,0,0,1,0,0,2,3,1,1,2,4,0.0,0.0,0,0,0,3,0.0,0,0,0,0,0,0,13,15,0,0,0,0,2,0,2,0,2,2,0,2,0,13,15,0,0,0,0,2,0,2,0,2,2,0,2,0,0,0,7,0,0,0,0,0,0,0,0,0,7,0,0,0,0,0,0,0,0
337,L26491,HugeGraphSONModule$VertexLabelSerializer,com.baidu.hugegraph.io.HugeGraphSONModule$VertexLabelSerializer,L26386,L103,C:\Users\domco\Desktop\DP\repos\incubator-hugegraph\hugegraph-core\src\main\java\com\baidu\hugegraph\io\HugeGraphSONModule.java,309,5,323,6,0.0,0,0,0,0.0,0.0,0,0,1,0,0,2,3,1,1,2,4,0.0,0.0,0,0,0,3,0.0,0,0,0,0,0,0,13,15,0,0,0,0,2,0,2,0,2,2,0,2,0,13,15,0,0,0,0,2,0,2,0,2,2,0,2,0,0,0,7,0,0,0,0,0,0,0,0,0,7,0,0,0,0,0,0,0,0
338,L26496,HugeGraphSONModule$EdgeLabelSerializer,com.baidu.hugegraph.io.HugeGraphSONModule$EdgeLabelSerializer,L26386,L103,C:\Users\domco\Desktop\DP\repos\incubator-hugegraph\hugegraph-core\src\main\java\com\baidu\hugegraph\io\HugeGraphSONModule.java,325,5,338,6,0.0,0,0,0,0.0,0.0,0,0,1,0,0,2,3,1,1,2,4,0.0,0.0,0,0,0,3,0.0,0,0,0,0,0,0,12,14,0,0,0,0,2,0,2,0,2,2,0,2,0,12,14,0,0,0,0,2,0,2,0,2,2,0,2,0,0,0,7,0,0,0,0,0,0,0,0,0,7,0,0,0,0,0,0,0,0
339,L26501,HugeGraphSONModule$IndexLabelSerializer,com.baidu.hugegraph.io.HugeGraphSONModule$IndexLabelSerializer,L26386,L103,C:\Users\domco\Desktop\DP\repos\incubator-hugegraph\hugegraph-core\src\main\java\com\baidu\hugegraph\io\HugeGraphSONModule.java,340,5,354,6,0.0,0,0,0,0.0,0.0,0,0,1,0,0,2,3,1,1,2,4,0.0,0.0,0,0,0,3,0.0,0,0,0,0,0,0,13,15,0,0,0,0,2,0,2,0,2,2,0,2,0,13,15,0,0,0,0,2,0,2,0,2,2,0,2,0,0,0,7,0,0,0,0,0,0,0,0,0,7,0,0,0,0,0,0,0,0
340,L26580,HugeGraphSONModule$HugeElementSerializer<T extends HugeElement>,com.baidu.hugegraph.io.HugeGraphSONModule$HugeElementSerializer,L26386,L103,C:\Users\domco\Desktop\DP\repos\incubator-hugegraph\hugegraph-core\src\main\java\com\baidu\hugegraph\io\HugeGraphSONModule.java,367,5,414,6,0.0,0,0,0,0.0,0.0,0,0,2,3,3,7,4,2,4,7,10,0.0,0.0454545,2,0,0,4,0.0454545,2,0,0,2,2,0,42,48,0,0,0,0,3,0,3,0,3,19,0,3,0,42,48,0,0,0,0,3,0,3,0,3,19,0,3,0,0,0,10,1,1,1,0,0,1,0,0,0,9,0,1,0,0,0,0,0,0
341,L26507,HugeGraphSONModule$HugeVertexSerializer,com.baidu.hugegraph.io.HugeGraphSONModule$HugeVertexSerializer,L26386,L103,C:\Users\domco\Desktop\DP\repos\incubator-hugegraph\hugegraph-core\src\main\java\com\baidu\hugegraph\io\HugeGraphSONModule.java,416,5,450,6,0.348624,1,1,1,0.285714,0.344828,10,10,1,0,0,3,3,1,1,7,10,0.0,0.0,0,0,0,4,0.0,0,1,1,0,0,1,29,35,0,0,0,0,3,0,3,0,6,12,0,6,0,29,35,0,0,0,0,3,0,3,0,6,12,0,6,0,0,0,20,0,0,0,11,0,0,0,0,0,9,0,0,0,0,0,0,0,0
342,L26512,HugeGraphSONModule$HugeEdgeSerializer,com.baidu.hugegraph.io.HugeGraphSONModule$HugeEdgeSerializer,L26386,L103,C:\Users\domco\Desktop\DP\repos\incubator-hugegraph\hugegraph-core\src\main\java\com\baidu\hugegraph\io\HugeGraphSONModule.java,452,5,494,6,0.227545,1,1,1,0.232558,0.285714,10,10,1,0,0,3,4,1,1,11,14,0.0,0.0277778,1,0,0,4,0.0277778,1,1,1,0,0,1,35,43,0,0,0,0,3,0,3,0,6,18,0,6,0,35,43,0,0,0,0,3,0,3,0,6,18,0,6,0,0,0,20,0,0,0,11,0,0,0,0,0,9,0,0,0,0,0,0,0,0
343,L26517,HugeGraphSONModule$PathSerializer,com.baidu.hugegraph.io.HugeGraphSONModule$PathSerializer,L26386,L103,C:\Users\domco\Desktop\DP\repos\incubator-hugegraph\hugegraph-core\src\main\java\com\baidu\hugegraph\io\HugeGraphSONModule.java,496,5,512,6,0.0,0,0,0,0.0,0.0,0,0,1,0,0,2,0,1,1,0,2,0.0,0.0,0,0,0,3,0.0,0,0,0,0,0,0,15,17,0,0,0,0,2,0,2,0,2,5,0,2,0,15,17,0,0,0,0,2,0,2,0,2,5,0,2,0,0,0,7,0,0,0,0,0,0,0,0,0,7,0,0,0,0,0,0,0,0
344,L26522,HugeGraphSONModule$TreeSerializer,com.baidu.hugegraph.io.HugeGraphSONModule$TreeSerializer,L26386,L103,C:\Users\domco\Desktop\DP\repos\incubator-hugegraph\hugegraph-core\src\main\java\com\baidu\hugegraph\io\HugeGraphSONModule.java,514,5,537,6,0.0,0,0,0,0.0,0.0,0,0,1,1,1,3,0,1,1,0,2,0.0,0.0434783,1,0,0,3,0.0434783,1,0,0,0,0,0,22,24,0,0,0,0,2,0,2,0,2,9,0,2,0,22,24,0,0,0,0,2,0,2,0,2,9,0,2,0,0,0,7,0,0,0,0,0,0,0,0,0,7,0,0,0,0,0,0,0,0
345,L26429,HugeGraphSONModule$ShardSerializer,com.baidu.hugegraph.io.HugeGraphSONModule$ShardSerializer,L26386,L103,C:\Users\domco\Desktop\DP\repos\incubator-hugegraph\hugegraph-core\src\main\java\com\baidu\hugegraph\io\HugeGraphSONModule.java,539,5,554,6,0.0,0,0,0,0.0,0.0,0,0,1,0,0,2,1,1,1,3,5,0.0,0.0,0,0,0,3,0.0,0,0,0,0,0,0,14,16,0,0,0,0,2,0,2,0,2,6,0,2,0,14,16,0,0,0,0,2,0,2,0,2,6,0,2,0,0,0,7,0,0,0,0,0,0,0,0,0,7,0,0,0,0,0,0,0,0
346,L26434,HugeGraphSONModule$FileSerializer,com.baidu.hugegraph.io.HugeGraphSONModule$FileSerializer,L26386,L103,C:\Users\domco\Desktop\DP\repos\incubator-hugegraph\hugegraph-core\src\main\java\com\baidu\hugegraph\io\HugeGraphSONModule.java,556,5,569,6,0.0,0,0,0,0.0,0.0,0,0,1,0,0,2,0,1,1,0,2,0.0,0.0,0,0,0,3,0.0,0,0,0,0,0,0,12,14,0,0,0,0,2,0,2,0,2,4,0,2,0,12,14,0,0,0,0,2,0,2,0,2,4,0,2,0,0,0,7,0,0,0,0,0,0,0,0,0,7,0,0,0,0,0,0,0,0
347,L26440,HugeGraphSONModule$BlobSerializer,com.baidu.hugegraph.io.HugeGraphSONModule$BlobSerializer,L26386,L103,C:\Users\domco\Desktop\DP\repos\incubator-hugegraph\hugegraph-core\src\main\java\com\baidu\hugegraph\io\HugeGraphSONModule.java,571,5,582,6,0.0,0,0,0,0.0,0.0,0,0,1,0,0,2,1,1,1,1,3,0.0,0.0,0,0,0,3,0.0,0,0,0,0,0,0,10,12,0,0,0,0,2,0,2,0,2,2,0,2,0,10,12,0,0,0,0,2,0,2,0,2,2,0,2,0,0,0,7,0,0,0,0,0,0,0,0,0,7,0,0,0,0,0,0,0,0
348,L26445,HugeGraphSONModule$BlobDeserializer,com.baidu.hugegraph.io.HugeGraphSONModule$BlobDeserializer,L26386,L103,C:\Users\domco\Desktop\DP\repos\incubator-hugegraph\hugegraph-core\src\main\java\com\baidu\hugegraph\io\HugeGraphSONModule.java,585,5,598,6,0.0,0,0,0,0.0,0.0,0,0,1,0,0,2,1,1,1,1,3,0.0,0.0,0,0,0,3,0.0,0,0,0,0,0,0,12,14,0,0,0,0,2,0,2,0,2,3,0,2,0,12,14,0,0,0,0,2,0,2,0,2,3,0,2,0,0,0,7,0,0,0,0,0,0,0,0,0,7,0,0,0,0,0,0,0,0
349,L26666,HugeGryoModule$OptionalSerializer,com.baidu.hugegraph.io.HugeGryoModule$OptionalSerializer,L26662,L103,C:\Users\domco\Desktop\DP\repos\incubator-hugegraph\hugegraph-core\src\main\java\com\baidu\hugegraph\io\HugeGryoModule.java,69,5,85,6,0.0,0,0,0,0.0,0.0,0,0,2,1,1,4,0,1,0,0,2,0.0,0.0,0,0,0,3,0.0,0,0,0,0,0,0,15,17,0,0,0,0,2,0,2,0,2,5,0,2,0,15,17,0,0,0,0,2,0,2,0,2,5,0,2,0,0,0,8,0,0,0,0,0,1,0,0,0,7,0,0,0,0,0,0,0,0
350,L26671,HugeGryoModule$IdSerializer,com.baidu.hugegraph.io.HugeGryoModule$IdSerializer,L26662,L103,C:\Users\domco\Desktop\DP\repos\incubator-hugegraph\hugegraph-core\src\main\java\com\baidu\hugegraph\io\HugeGryoModule.java,87,5,104,6,0.0,0,0,0,0.0,0.0,0,0,2,0,0,2,2,1,0,3,5,0.0,0.0,0,0,0,3,0.0,0,0,0,0,0,0,16,18,0,0,0,0,2,0,2,0,2,8,0,2,0,16,18,0,0,0,0,2,0,2,0,2,8,0,2,0,0,0,8,0,0,0,0,0,1,0,0,0,7,0,0,0,0,0,0,0,0
351,L26676,HugeGryoModule$EdgeIdSerializer,com.baidu.hugegraph.io.HugeGryoModule$EdgeIdSerializer,L26662,L103,C:\Users\domco\Desktop\DP\repos\incubator-hugegraph\hugegraph-core\src\main\java\com\baidu\hugegraph\io\HugeGryoModule.java,106,5,121,6,0.0,0,0,0,0.0,0.0,0,0,2,0,0,2,2,1,0,3,5,0.0,0.0,0,0,0,3,0.0,0,0,0,0,0,0,14,16,0,0,0,0,2,0,2,0,2,6,0,2,0,14,16,0,0,0,0,2,0,2,0,2,6,0,2,0,0,0,8,0,0,0,0,0,1,0,0,0,7,0,0,0,0,0,0,0,0
352,L26681,HugeGryoModule$PropertyKeyKryoSerializer,com.baidu.hugegraph.io.HugeGryoModule$PropertyKeyKryoSerializer,L26662,L103,C:\Users\domco\Desktop\DP\repos\incubator-hugegraph\hugegraph-core\src\main\java\com\baidu\hugegraph\io\HugeGryoModule.java,146,5,158,6,0.0,0,0,0,0.0,0.0,0,0,2,0,0,2,3,1,0,2,4,0.0,0.0909091,1,0,0,3,0.0909091,1,0,0,0,0,0,10,13,0,0,0,0,2,0,2,0,2,2,0,2,0,10,13,0,0,0,0,2,0,2,0,2,2,0,2,0,0,0,8,0,0,0,0,0,1,0,0,0,7,0,0,0,0,0,0,0,0
353,L26686,HugeGryoModule$VertexLabelKryoSerializer,com.baidu.hugegraph.io.HugeGryoModule$VertexLabelKryoSerializer,L26662,L103,C:\Users\domco\Desktop\DP\repos\incubator-hugegraph\hugegraph-core\src\main\java\com\baidu\hugegraph\io\HugeGryoModule.java,160,5,172,6,0.0,0,0,0,0.0,0.0,0,0,2,0,0,2,3,1,0,2,4,0.0,0.0909091,1,0,0,3,0.0909091,1,0,0,0,0,0,10,13,0,0,0,0,2,0,2,0,2,2,0,2,0,10,13,0,0,0,0,2,0,2,0,2,2,0,2,0,0,0,8,0,0,0,0,0,1,0,0,0,7,0,0,0,0,0,0,0,0
354,L26691,HugeGryoModule$EdgeLabelKryoSerializer,com.baidu.hugegraph.io.HugeGryoModule$EdgeLabelKryoSerializer,L26662,L103,C:\Users\domco\Desktop\DP\repos\incubator-hugegraph\hugegraph-core\src\main\java\com\baidu\hugegraph\io\HugeGryoModule.java,174,5,186,6,0.0,0,0,0,0.0,0.0,0,0,2,0,0,2,3,1,0,2,4,0.0,0.0909091,1,0,0,3,0.0909091,1,0,0,0,0,0,10,13,0,0,0,0,2,0,2,0,2,2,0,2,0,10,13,0,0,0,0,2,0,2,0,2,2,0,2,0,0,0,8,0,0,0,0,0,1,0,0,0,7,0,0,0,0,0,0,0,0
355,L26696,HugeGryoModule$IndexLabelKryoSerializer,com.baidu.hugegraph.io.HugeGryoModule$IndexLabelKryoSerializer,L26662,L103,C:\Users\domco\Desktop\DP\repos\incubator-hugegraph\hugegraph-core\src\main\java\com\baidu\hugegraph\io\HugeGryoModule.java,188,5,200,6,0.0,0,0,0,0.0,0.0,0,0,2,0,0,2,3,1,0,2,4,0.0,0.0909091,1,0,0,3,0.0909091,1,0,0,0,0,0,10,13,0,0,0,0,2,0,2,0,2,2,0,2,0,10,13,0,0,0,0,2,0,2,0,2,2,0,2,0,0,0,8,0,0,0,0,0,1,0,0,0,7,0,0,0,0,0,0,0,0
356,L26813,AbstractComputer,com.baidu.hugegraph.job.computer.AbstractComputer,L26803,L103,C:\Users\domco\Desktop\DP\repos\incubator-hugegraph\hugegraph-core\src\main\java\com\baidu\hugegraph\job\computer\AbstractComputer.java,44,1,259,2,0.0884956,1,4,2,0.0925926,0.112994,20,20,7,3,3,31,7,5,10,9,24,0.0,0.0327869,6,0,0,3,0.0327869,6,1,1,5,5,1,177,216,22,0,22,0,15,9,2,0,17,83,9,4,0,177,216,22,0,22,0,15,9,2,0,17,83,9,4,0,0,0,55,3,6,0,14,0,1,0,0,3,33,0,6,0,0,0,0,7,0
357,L26956,ComputerPool,com.baidu.hugegraph.job.computer.ComputerPool,L26803,L103,C:\Users\domco\Desktop\DP\repos\incubator-hugegraph\hugegraph-core\src\main\java\com\baidu\hugegraph\job\computer\ComputerPool.java,25,1,55,2,0.0,0,0,0,0.0,0.0,0,0,2,0,0,4,1,1,2,1,5,0.0,0.0,0,0,0,5,0.0,0,0,0,0,0,0,24,31,2,0,2,0,4,0,4,0,4,5,0,4,0,24,31,2,0,2,0,4,0,4,0,4,5,0,4,0,0,0,12,0,1,0,0,0,1,0,0,0,11,0,1,0,0,0,0,0,0
358,L26984,LouvainComputer,com.baidu.hugegraph.job.computer.LouvainComputer,L26803,L103,C:\Users\domco\Desktop\DP\repos\incubator-hugegraph\hugegraph-core\src\main\java\com\baidu\hugegraph\job\computer\LouvainComputer.java,29,1,128,2,0.0,0,0,0,0.0,0.0,0,0,3,1,1,16,3,0,0,11,21,0.0,0.0,0,0,0,4,0.0,0,2,2,0,0,1,87,100,32,0,10,0,10,9,3,0,24,39,18,5,0,87,100,32,0,10,0,10,9,3,0,24,39,18,5,0,0,0,32,0,0,0,0,0,1,0,0,0,23,0,0,0,0,0,0,8,0
359,L26974,LpaComputer,com.baidu.hugegraph.job.computer.LpaComputer,L26803,L103,C:\Users\domco\Desktop\DP\repos\incubator-hugegraph\hugegraph-core\src\main\java\com\baidu\hugegraph\job\computer\LpaComputer.java,28,1,73,2,0.0,0,0,0,0.0,0.0,0,0,3,1,1,7,2,0,0,5,10,0.0,0.0,0,0,0,4,0.0,0,2,2,0,0,1,39,46,25,0,3,0,5,3,3,0,19,13,12,5,0,39,46,25,0,3,0,5,3,3,0,19,13,12,5,0,0,0,20,0,1,0,0,0,1,0,0,0,13,0,1,0,0,0,0,6,0
360,L26964,PageRankComputer,com.baidu.hugegraph.job.computer.PageRankComputer,L26803,L103,C:\Users\domco\Desktop\DP\repos\incubator-hugegraph\hugegraph-core\src\main\java\com\baidu\hugegraph\job\computer\PageRankComputer.java,28,1,70,2,0.0,0,0,0,0.0,0.0,0,0,3,1,1,7,2,0,0,3,8,0.0,0.0,0,0,0,4,0.0,0,2,2,0,0,1,36,43,25,0,3,0,5,3,3,0,19,11,12,5,0,36,43,25,0,3,0,5,3,3,0,19,11,12,5,0,0,0,20,0,1,0,0,0,1,0,0,0,13,0,1,0,0,0,0,6,0
361,L26979,TriangleCountComputer,com.baidu.hugegraph.job.computer.TriangleCountComputer,L26803,L103,C:\Users\domco\Desktop\DP\repos\incubator-hugegraph\hugegraph-core\src\main\java\com\baidu\hugegraph\job\computer\TriangleCountComputer.java,26,1,52,2,0.0,0,0,0,0.0,0.0,0,0,3,0,0,4,1,0,0,2,6,0.0,0.0,0,0,0,4,0.0,0,2,2,0,0,1,22,27,23,0,1,0,4,1,3,0,18,5,10,5,0,22,27,23,0,1,0,4,1,3,0,18,5,10,5,0,0,0,17,0,0,0,0,0,1,0,0,0,11,0,0,0,0,0,0,5,0
362,L26969,WeakConnectedComponentComputer,com.baidu.hugegraph.job.computer.WeakConnectedComponentComputer,L26803,L103,C:\Users\domco\Desktop\DP\repos\incubator-hugegraph\hugegraph-core\src\main\java\com\baidu\hugegraph\job\computer\WeakConnectedComponentComputer.java,26,1,52,2,0.0,0,0,0,0.0,0.0,0,0,3,0,0,4,1,0,0,2,6,0.0,0.0,0,0,0,4,0.0,0,2,2,0,0,1,22,27,23,0,1,0,4,1,3,0,18,5,10,5,0,22,27,23,0,1,0,4,1,3,0,18,5,10,5,0,0,0,17,0,0,0,0,0,1,0,0,0,11,0,0,0,0,0,0,5,0
363,L27193,GremlinJob$GremlinJobProxy,com.baidu.hugegraph.job.GremlinJob$GremlinJobProxy,L1706,L103,C:\Users\domco\Desktop\DP\repos\incubator-hugegraph\hugegraph-core\src\main\java\com\baidu\hugegraph\job\GremlinJob.java,118,5,132,6,0.0,0,0,0,0.0,0.0,0,0,2,0,0,3,1,1,0,3,6,0.25,0.2,3,3,1,3,0.2,3,0,0,0,0,0,12,15,0,0,0,0,3,0,3,1,3,3,0,3,1,12,15,0,0,0,0,3,0,3,1,3,3,0,3,1,0,0,10,0,0,0,0,0,1,0,0,0,9,0,0,0,0,0,0,0,0
364,L25821,EdgeLabelRemoveCallable,com.baidu.hugegraph.job.schema.EdgeLabelRemoveCallable,L27262,L103,C:\Users\domco\Desktop\DP\repos\incubator-hugegraph\hugegraph-core\src\main\java\com\baidu\hugegraph\job\schema\EdgeLabelRemoveCallable.java,33,1,81,2,0.63522,1,3,1,0.489796,0.5,24,19,2,3,3,6,12,1,0,15,18,0.0,0.173913,8,0,0,3,0.173913,8,4,5,0,0,1,38,49,12,0,0,0,3,0,2,0,29,22,3,12,1,38,49,12,0,0,0,3,0,2,0,29,22,3,12,1,0,0,26,1,0,0,12,0,1,0,2,0,9,0,1,0,0,0,0,2,0
365,L25837,IndexLabelRemoveCallable,com.baidu.hugegraph.job.schema.IndexLabelRemoveCallable,L27262,L103,C:\Users\domco\Desktop\DP\repos\incubator-hugegraph\hugegraph-core\src\main\java\com\baidu\hugegraph\job\schema\IndexLabelRemoveCallable.java,30,1,77,2,0.0,0,0,0,0.0,0.0,0,0,2,2,2,5,10,3,2,14,17,0.0,0.222222,10,0,0,3,0.222222,10,4,5,0,0,1,35,48,12,0,0,0,3,0,2,0,29,20,3,12,1,35,48,12,0,0,0,3,0,2,0,29,20,3,12,1,0,0,11,1,0,0,0,0,1,0,1,0,7,0,1,0,0,0,0,2,1.0
366,L25848,RebuildIndexCallable,com.baidu.hugegraph.job.schema.RebuildIndexCallable,L27262,L103,C:\Users\domco\Desktop\DP\repos\incubator-hugegraph\hugegraph-core\src\main\java\com\baidu\hugegraph\job\schema\RebuildIndexCallable.java,44,1,193,2,0.0,0,0,0,0.0,0.0,0,0,2,3,3,24,19,1,0,25,31,0.0,0.104478,14,0,0,3,0.104478,14,4,5,0,0,1,120,150,12,0,0,0,6,0,2,0,32,65,3,12,1,120,150,12,0,0,0,6,0,2,0,32,65,3,12,1,0,0,21,2,0,0,0,0,1,0,3,0,15,0,2,0,0,0,0,2,0
367,L25805,SchemaCallable,com.baidu.hugegraph.job.schema.SchemaCallable,L27262,L103,C:\Users\domco\Desktop\DP\repos\incubator-hugegraph\hugegraph-core\src\main\java\com\baidu\hugegraph\job\schema\SchemaCallable.java,16,1,108,2,0.264026,1,4,2,0.311828,0.394366,29,28,3,1,1,11,10,5,8,10,16,0.0,0.144578,12,12,0,2,0.144578,12,3,4,4,4,1,71,93,12,0,4,0,6,3,1,0,28,32,3,12,1,71,93,12,0,4,0,6,3,1,0,28,32,3,12,1,0,0,33,0,0,0,17,0,1,0,0,0,11,0,0,0,0,0,0,4,0
368,L25808,VertexLabelRemoveCallable,com.baidu.hugegraph.job.schema.VertexLabelRemoveCallable,L27262,L103,C:\Users\domco\Desktop\DP\repos\incubator-hugegraph\hugegraph-core\src\main\java\com\baidu\hugegraph\job\schema\VertexLabelRemoveCallable.java,36,1,98,2,0.520619,1,3,1,0.396825,0.404255,25,19,2,3,3,8,15,1,0,19,22,0.0,0.189655,11,0,0,3,0.189655,11,4,5,0,0,1,47,63,12,0,0,0,3,0,2,0,29,26,3,12,1,47,63,12,0,0,0,3,0,2,0,29,26,3,12,1,0,0,26,1,0,0,12,0,1,0,2,0,9,0,1,0,0,0,0,2,0
369,L27389,DeleteExpiredElementJob<V extends Object>,com.baidu.hugegraph.job.system.DeleteExpiredElementJob,L27383,L103,C:\Users\domco\Desktop\DP\repos\incubator-hugegraph\hugegraph-core\src\main\java\com\baidu\hugegraph\job\system\DeleteExpiredElementJob.java,29,1,66,2,0.0,0,0,0,0.0,0.0,0,0,2,2,2,6,7,1,1,7,10,0.0,0.0,0,0,0,4,0.0,0,4,4,0,0,1,32,38,13,0,2,0,3,0,3,0,23,15,0,14,1,32,38,13,0,2,0,3,0,3,0,23,15,0,14,1,0,0,10,1,1,0,0,0,1,0,0,2,9,0,0,0,0,0,0,0,0
370,L27421,DeleteExpiredIndexJob<V extends Object>,com.baidu.hugegraph.job.system.DeleteExpiredIndexJob,L27383,L103,C:\Users\domco\Desktop\DP\repos\incubator-hugegraph\hugegraph-core\src\main\java\com\baidu\hugegraph\job\system\DeleteExpiredIndexJob.java,33,1,96,2,0.0,0,0,0,0.0,0.0,0,0,2,2,2,11,12,1,1,19,23,0.0,0.0701754,4,4,0,4,0.0701754,4,4,4,0,0,1,53,64,13,0,2,0,4,0,3,0,24,27,0,14,1,53,64,13,0,2,0,4,0,3,0,24,27,0,14,1,0,0,14,1,1,0,0,0,1,0,2,1,11,0,1,0,0,0,0,0,0
371,L27391,DeleteExpiredJob<T extends Object>,com.baidu.hugegraph.job.system.DeleteExpiredJob,L27383,L103,C:\Users\domco\Desktop\DP\repos\incubator-hugegraph\hugegraph-core\src\main\java\com\baidu\hugegraph\job\system\DeleteExpiredJob.java,35,1,90,2,0.0,0,0,0,0.0,0.0,0,0,1,2,2,9,11,3,1,16,18,0.0,0.0961538,5,0,0,3,0.0961538,5,3,3,2,2,1,47,56,11,0,3,0,2,0,2,0,22,23,0,13,1,47,56,11,0,3,0,2,0,2,0,22,23,0,13,1,0,0,9,1,1,1,0,0,0,0,2,0,7,0,1,0,0,0,0,0,0
372,L27443,JobCounters,com.baidu.hugegraph.job.system.JobCounters,L27383,L103,C:\Users\domco\Desktop\DP\repos\incubator-hugegraph\hugegraph-core\src\main\java\com\baidu\hugegraph\job\system\JobCounters.java,31,1,120,2,0.0,0,0,0,0.0,0.0,0,0,1,1,1,2,3,3,3,3,4,0.0,0.0,0,0,0,2,0.131579,10,0,0,0,0,0,12,15,1,0,1,0,1,0,1,0,1,5,0,1,0,66,90,5,0,5,0,11,0,11,0,11,27,0,11,0,0,0,24,0,7,0,0,0,0,0,0,3,24,0,4,0,0,0,0,0,0
373,L4554,AbstractBuilder,com.baidu.hugegraph.schema.builder.AbstractBuilder,L27587,L103,C:\Users\domco\Desktop\DP\repos\incubator-hugegraph\hugegraph-core\src\main\java\com\baidu\hugegraph\schema\builder\AbstractBuilder.java,41,1,112,2,0.0,0,0,0,0.0,0.0,0,0,1,2,2,14,16,5,50,18,30,0.0,0.0,0,0,0,2,0.0,0,0,0,4,4,0,59,72,2,0,2,0,12,0,1,0,12,23,0,1,0,59,72,2,0,2,0,12,0,1,0,12,23,0,1,0,0,0,28,0,2,1,0,0,0,0,1,0,27,0,1,0,0,0,0,0,0
374,L4560,EdgeLabelBuilder,com.baidu.hugegraph.schema.builder.EdgeLabelBuilder,L27587,L103,C:\Users\domco\Desktop\DP\repos\incubator-hugegraph\hugegraph-core\src\main\java\com\baidu\hugegraph\schema\builder\EdgeLabelBuilder.java,50,1,627,2,0.421698,14,68,17,0.401384,0.39876,232,193,1,3,3,99,18,2,2,49,84,0.0,0.0358566,18,8,0,26,0.0358566,18,2,3,0,0,2,484,578,15,0,13,0,35,0,25,0,47,234,0,26,0,484,578,15,0,13,0,35,0,25,0,47,234,0,26,0,0,0,162,1,19,0,75,1,0,1,6,6,73,0,13,1,0,0,0,6,0
375,L4563,IndexLabelBuilder,com.baidu.hugegraph.schema.builder.IndexLabelBuilder,L27587,L103,C:\Users\domco\Desktop\DP\repos\incubator-hugegraph\hugegraph-core\src\main\java\com\baidu\hugegraph\schema\builder\IndexLabelBuilder.java,53,1,725,2,0.07022,2,5,3,0.135215,0.0652591,91,34,1,3,3,124,25,2,2,62,107,0.0769231,0.0843585,48,13,2,24,0.0843585,48,2,3,0,0,2,521,673,11,0,9,0,45,0,25,0,57,252,0,26,0,521,673,11,0,9,0,45,0,25,0,57,252,0,26,0,0,0,122,2,12,0,20,3,0,2,6,4,87,0,7,1,0,0,0,6,0
376,L4551,PropertyKeyBuilder,com.baidu.hugegraph.schema.builder.PropertyKeyBuilder,L27587,L103,C:\Users\domco\Desktop\DP\repos\incubator-hugegraph\hugegraph-core\src\main\java\com\baidu\hugegraph\schema\builder\PropertyKeyBuilder.java,40,1,366,2,0.163009,3,6,4,0.159021,0.129412,52,33,1,1,1,48,16,2,2,30,65,0.0,0.0413534,11,7,0,33,0.0413534,11,2,3,0,0,2,255,327,9,0,7,0,35,0,32,0,47,117,0,33,0,255,327,9,0,7,0,35,0,32,0,47,117,0,33,0,0,0,100,0,10,0,22,1,0,0,1,3,71,0,6,1,0,0,0,5,0
377,L4557,VertexLabelBuilder,com.baidu.hugegraph.schema.builder.VertexLabelBuilder,L27587,L103,C:\Users\domco\Desktop\DP\repos\incubator-hugegraph\hugegraph-core\src\main\java\com\baidu\hugegraph\schema\builder\VertexLabelBuilder.java,49,1,610,2,0.44535,14,68,17,0.409253,0.406316,230,193,1,3,3,98,17,2,2,41,76,0.0,0.0325866,16,7,0,26,0.0325866,16,2,3,0,0,2,475,562,13,0,11,0,35,0,25,0,47,222,0,26,0,475,562,13,0,11,0,35,0,25,0,47,222,0,26,0,0,0,161,2,17,0,75,1,0,1,5,6,73,0,12,1,0,0,0,6,0
378,L2415,IndexLabel$CreatedIndexLabel,com.baidu.hugegraph.schema.IndexLabel$CreatedIndexLabel,L2410,L103,C:\Users\domco\Desktop\DP\repos\incubator-hugegraph\hugegraph-core\src\main\java\com\baidu\hugegraph\schema\IndexLabel.java,271,5,298,6,0.0,0,0,0,0.0,0.0,0,0,1,0,0,5,2,5,3,0,5,0.0,0.0,0,0,0,6,0.0,0,0,0,0,0,0,22,28,2,0,2,0,5,0,5,0,5,8,0,5,0,22,28,2,0,2,0,5,0,5,0,5,8,0,5,0,0,0,13,0,3,0,0,0,0,0,0,1,13,0,2,0,0,0,0,0,0
379,L25448,HugeElement$ElementKeys,com.baidu.hugegraph.structure.HugeElement$ElementKeys,L1197,L103,C:\Users\domco\Desktop\DP\repos\incubator-hugegraph\hugegraph-core\src\main\java\com\baidu\hugegraph\structure\HugeElement.java,496,5,525,6,0.0,0,0,0,0.0,0.0,0,0,3,0,0,6,0,3,2,0,6,0.0,0.0,0,0,0,7,0.0,0,0,0,0,0,0,23,30,3,0,3,0,6,0,6,0,6,6,0,6,0,23,30,3,0,3,0,6,0,6,0,6,6,0,6,0,0,0,16,0,8,0,0,2,1,0,0,1,15,0,3,0,0,2,0,0,0
380,L29477,HugeFeatures$HugeGraphFeatures,com.baidu.hugegraph.structure.HugeFeatures$HugeGraphFeatures,L4960,L103,C:\Users\domco\Desktop\DP\repos\incubator-hugegraph\hugegraph-core\src\main\java\com\baidu\hugegraph\structure\HugeFeatures.java,70,5,104,6,0.0,0,0,0,0.0,0.0,0,0,6,0,0,6,1,2,1,0,6,0.0,0.0,0,0,0,7,0.0,0,0,0,0,0,0,28,35,1,0,1,0,6,0,6,0,6,6,0,6,0,28,35,1,0,1,0,6,0,6,0,6,6,0,6,0,0,0,16,0,0,0,0,0,1,0,0,0,15,0,0,0,0,0,0,0,0
381,L29512,HugeFeatures$HugeElementFeatures,com.baidu.hugegraph.structure.HugeFeatures$HugeElementFeatures,L4960,L103,C:\Users\domco\Desktop\DP\repos\incubator-hugegraph\hugegraph-core\src\main\java\com\baidu\hugegraph\structure\HugeFeatures.java,106,5,160,6,0.0,0,0,0,0.0,0.0,0,0,3,1,1,18,1,2,0,0,9,0.0,0.0,0,0,0,10,0.0,0,0,0,2,2,0,46,55,0,0,0,0,9,0,9,0,9,11,0,9,0,46,55,0,0,0,0,9,0,9,0,9,11,0,9,0,0,0,22,0,0,0,0,0,1,0,0,0,21,0,0,0,0,0,0,0,0
382,L29502,HugeFeatures$HugeVariableFeatures,com.baidu.hugegraph.structure.HugeFeatures$HugeVariableFeatures,L4960,L103,C:\Users\domco\Desktop\DP\repos\incubator-hugegraph\hugegraph-core\src\main\java\com\baidu\hugegraph\structure\HugeFeatures.java,162,5,165,6,0.0,0,0,0,0.0,0.0,0,0,0,0,0,0,1,0,0,0,0,0.0,0.0,0,0,0,1,0.0,0,1,1,0,0,1,3,4,0,0,0,0,0,0,0,0,18,0,0,18,0,3,4,0,0,0,0,0,0,0,0,18,0,0,18,0,0,0,3,0,0,0,0,0,0,0,0,0,3,0,0,0,0,0,0,0,0
383,L29536,HugeFeatures$HugeVertexPropertyFeatures,com.baidu.hugegraph.structure.HugeFeatures$HugeVertexPropertyFeatures,L4960,L103,C:\Users\domco\Desktop\DP\repos\incubator-hugegraph\hugegraph-core\src\main\java\com\baidu\hugegraph\structure\HugeFeatures.java,167,5,209,6,0.0,0,0,0,0.0,0.0,0,0,8,0,0,8,1,0,0,0,8,0.0,0.0,0,0,0,9,0.0,0,1,1,0,0,1,35,43,0,0,0,0,8,0,8,0,26,8,0,26,0,35,43,0,0,0,0,8,0,8,0,26,8,0,26,0,0,0,20,0,0,0,0,0,1,0,0,0,19,0,0,0,0,0,0,0,0
384,L29546,HugeFeatures$HugeEdgePropertyFeatures,com.baidu.hugegraph.structure.HugeFeatures$HugeEdgePropertyFeatures,L4960,L103,C:\Users\domco\Desktop\DP\repos\incubator-hugegraph\hugegraph-core\src\main\java\com\baidu\hugegraph\structure\HugeFeatures.java,211,5,234,6,0.0,0,0,0,0.0,0.0,0,0,4,0,0,4,1,0,0,0,4,0.0,0.0,0,0,0,5,0.0,0,1,1,0,0,1,19,24,0,0,0,0,4,0,4,0,22,4,0,22,0,19,24,0,0,0,0,4,0,4,0,22,4,0,22,0,0,0,12,0,0,0,0,0,1,0,0,0,11,0,0,0,0,0,0,0,0
385,L25600,HugeFeatures$HugeVertexFeatures,com.baidu.hugegraph.structure.HugeFeatures$HugeVertexFeatures,L4960,L103,C:\Users\domco\Desktop\DP\repos\incubator-hugegraph\hugegraph-core\src\main\java\com\baidu\hugegraph\structure\HugeFeatures.java,236,5,283,6,0.0,0,0,0,0.0,0.0,0,0,7,0,0,8,4,2,1,1,9,0.0,0.0769231,3,0,0,9,0.0769231,3,1,1,0,0,1,36,48,1,1,1,1,8,0,8,0,17,8,0,17,0,36,48,1,1,1,1,8,0,8,0,17,8,0,17,0,0,0,20,0,0,0,0,0,1,0,0,0,19,0,0,0,0,0,0,0,0
386,L29482,HugeFeatures$HugeEdgeFeatures,com.baidu.hugegraph.structure.HugeFeatures$HugeEdgeFeatures,L4960,L103,C:\Users\domco\Desktop\DP\repos\incubator-hugegraph\hugegraph-core\src\main\java\com\baidu\hugegraph\structure\HugeFeatures.java,285,5,295,6,0.0,0,0,0,0.0,0.0,0,0,1,0,0,1,1,1,0,0,1,0.0,0.0,0,0,0,2,0.0,0,1,1,0,0,1,9,11,1,0,1,0,1,0,1,0,10,1,0,10,0,9,11,1,0,1,0,1,0,1,0,10,1,0,10,0,0,0,5,0,0,0,0,0,0,0,0,0,5,0,0,0,0,0,0,0,0
387,L29530,HugeFeatures$HugeDataTypeFeatures,com.baidu.hugegraph.structure.HugeFeatures$HugeDataTypeFeatures,L4960,L103,C:\Users\domco\Desktop\DP\repos\incubator-hugegraph\hugegraph-core\src\main\java\com\baidu\hugegraph\structure\HugeFeatures.java,297,5,415,6,0.0,0,0,0,0.0,0.0,0,0,18,0,0,18,0,3,0,0,18,0.0526316,0.0891089,9,4,1,18,0.0891089,9,0,0,3,3,0,92,119,0,0,0,0,18,0,18,0,18,18,0,18,0,92,119,0,0,0,0,18,0,18,0,18,18,0,18,0,0,0,37,0,0,0,0,0,1,0,0,0,35,0,0,0,0,0,0,1,0
388,L24588,HugeIndex$IdWithExpiredTime,com.baidu.hugegraph.structure.HugeIndex$IdWithExpiredTime,L18266,L103,C:\Users\domco\Desktop\DP\repos\incubator-hugegraph\hugegraph-core\src\main\java\com\baidu\hugegraph\structure\HugeIndex.java,276,5,298,6,0.0,0,0,0,0.0,0.0,0,0,1,0,0,4,1,3,7,0,4,0.0,0.0,0,0,0,5,0.0,0,0,0,0,0,0,18,23,2,0,2,0,4,0,4,0,4,5,0,4,0,18,23,2,0,2,0,4,0,4,0,4,5,0,4,0,0,0,11,0,5,0,0,1,0,0,0,2,11,0,2,0,0,0,0,0,0
389,L29775,HugeVertex$HugeVertex4Insert,com.baidu.hugegraph.structure.HugeVertex$HugeVertex4Insert,L1340,L103,C:\Users\domco\Desktop\DP\repos\incubator-hugegraph\hugegraph-core\src\main\java\com\baidu\hugegraph\structure\HugeVertex.java,642,5,667,6,0.0,0,0,0,0.0,0.0,0,0,1,1,1,4,6,1,1,5,8,0.0,0.0,0,0,0,3,0.0,0,4,6,0,0,1,22,26,14,13,1,0,3,0,2,0,85,9,0,71,2,22,26,14,13,1,0,3,0,2,0,85,9,0,71,2,0,0,12,0,2,0,0,1,0,0,0,0,9,0,1,1,0,0,0,2,0
390,L29918,HugeServerInfo$P,com.baidu.hugegraph.task.HugeServerInfo$P,L29822,L103,C:\Users\domco\Desktop\DP\repos\incubator-hugegraph\hugegraph-core\src\main\java\com\baidu\hugegraph\task\HugeServerInfo.java,229,5,249,6,0.0,0,0,0,0.0,0.0,0,0,1,1,1,2,0,2,0,0,1,0.0,0.0,0,0,0,2,0.0,0,0,0,0,0,0,17,21,8,0,8,0,1,8,1,0,1,4,8,1,0,17,21,8,0,8,0,1,8,1,0,1,4,8,1,0,0,0,10,0,1,0,0,1,0,0,0,0,5,0,0,0,0,0,0,5,0
391,L29912,HugeServerInfo$Schema,com.baidu.hugegraph.task.HugeServerInfo$Schema,L29822,L103,C:\Users\domco\Desktop\DP\repos\incubator-hugegraph\hugegraph-core\src\main\java\com\baidu\hugegraph\task\HugeServerInfo.java,251,5,333,6,0.0,0,0,0,0.0,0.0,0,0,1,1,1,10,15,2,2,20,29,0.0,0.0147059,1,0,0,4,0.0147059,1,0,0,0,0,0,67,83,2,0,2,0,9,1,3,0,9,27,1,3,0,67,83,2,0,2,0,9,1,3,0,9,27,1,3,0,0,0,27,0,1,0,0,1,0,0,2,0,21,0,0,0,0,0,0,4,0
392,L30168,HugeTask$P,com.baidu.hugegraph.task.HugeTask$P,L1673,L103,C:\Users\domco\Desktop\DP\repos\incubator-hugegraph\hugegraph-core\src\main\java\com\baidu\hugegraph\task\HugeTask.java,684,5,716,6,0.0,0,0,0,0.0,0.0,0,0,1,1,1,2,0,3,1,0,1,0.5,0.0714286,2,2,1,1,0.0714286,2,0,0,0,0,0,26,33,17,0,17,0,1,17,1,0,1,4,17,1,0,26,33,17,0,17,0,1,17,1,0,1,4,17,1,0,0,0,12,0,1,0,0,1,0,0,0,0,5,0,0,0,0,0,0,7,0
393,L30295,StandardTaskScheduler$TaskTransaction,com.baidu.hugegraph.task.StandardTaskScheduler$TaskTransaction,L4569,L103,C:\Users\domco\Desktop\DP\repos\incubator-hugegraph\hugegraph-core\src\main\java\com\baidu\hugegraph\task\StandardTaskScheduler.java,753,5,876,6,0.0,0,0,0,0.0,0.0,0,0,1,1,1,16,23,1,1,34,46,0.0,0.0377358,4,0,0,5,0.0377358,4,4,4,0,0,1,102,124,32,0,1,0,12,1,4,0,140,54,2,73,0,102,124,32,0,1,0,12,1,4,0,140,54,2,73,0,0,0,39,0,0,0,0,0,0,0,2,0,27,0,0,0,0,0,0,10,0
394,L4575,TaskCallable$SysTaskCallable<V extends Object>,com.baidu.hugegraph.task.TaskCallable$SysTaskCallable,L4572,L103,C:\Users\domco\Desktop\DP\repos\incubator-hugegraph\hugegraph-core\src\main\java\com\baidu\hugegraph\task\TaskCallable.java,177,5,190,6,0.0,0,0,0,0.0,0.0,0,0,1,0,0,2,2,12,10,0,2,0.0,0.0,0,0,0,1,0.0,0,1,1,2,13,1,11,14,8,0,1,0,2,0,0,0,17,3,0,8,1,11,14,8,0,1,0,2,0,0,0,17,3,0,8,1,0,0,7,0,2,0,0,0,0,0,0,0,7,0,1,0,0,1,0,0,0
395,L30259,TaskManager$ContextCallable<V extends Object>,com.baidu.hugegraph.task.TaskManager$ContextCallable,L4566,L103,C:\Users\domco\Desktop\DP\repos\incubator-hugegraph\hugegraph-core\src\main\java\com\baidu\hugegraph\task\TaskManager.java,329,5,349,6,0.0,0,0,0,0.0,0.0,0,0,1,1,1,2,1,3,3,3,5,0.0,0.0,0,0,0,3,0.0,0,0,0,0,0,0,18,21,2,0,2,0,2,0,2,0,2,7,0,2,0,18,21,2,0,2,0,2,0,2,0,2,7,0,2,0,0,0,7,0,0,0,0,0,0,0,0,0,7,0,0,0,0,0,0,0,0
396,L3517,CollectionPathsTraverser,com.baidu.hugegraph.traversal.algorithm.CollectionPathsTraverser,L30791,L103,C:\Users\domco\Desktop\DP\repos\incubator-hugegraph\hugegraph-core\src\main\java\com\baidu\hugegraph\traversal\algorithm\CollectionPathsTraverser.java,38,1,280,2,0.462287,5,23,6,0.395062,0.416667,96,80,1,2,2,10,10,1,1,14,16,0.0,0.037037,2,0,0,3,0.102804,22,1,1,0,0,1,52,62,13,2,0,0,2,0,2,0,36,26,11,15,0,192,243,26,2,1,0,14,0,7,0,95,93,11,50,0,0,0,91,0,0,0,47,0,1,3,1,0,33,0,0,0,0,0,0,6,0
397,L2797,CountTraverser,com.baidu.hugegraph.traversal.algorithm.CountTraverser,L30791,L103,C:\Users\domco\Desktop\DP\repos\incubator-hugegraph\hugegraph-core\src\main\java\com\baidu\hugegraph\traversal\algorithm\CountTraverser.java,39,1,140,2,0.0,0,0,0,0.0,0.0,0,0,1,2,2,18,7,1,1,8,15,0.0,0.097561,8,0,0,3,0.097561,8,1,1,0,0,1,74,102,17,2,4,0,7,0,2,0,41,43,11,15,0,74,102,17,2,4,0,7,0,2,0,41,43,11,15,0,0,0,20,0,3,0,0,1,0,0,0,0,17,0,1,0,0,1,0,3,0
398,L2902,CustomizedCrosspointsTraverser,com.baidu.hugegraph.traversal.algorithm.CustomizedCrosspointsTraverser,L30791,L103,C:\Users\domco\Desktop\DP\repos\incubator-hugegraph\hugegraph-core\src\main\java\com\baidu\hugegraph\traversal\algorithm\CustomizedCrosspointsTraverser.java,47,1,224,2,0.0,0,0,0,0.0,0.0,0,0,1,6,6,24,11,2,1,18,21,0.0,0.0714286,8,0,0,3,0.0522876,8,1,1,0,0,1,104,125,13,2,0,0,3,0,2,0,37,69,11,15,0,145,178,18,2,5,0,11,0,10,0,45,78,11,23,0,0,0,45,0,7,0,0,1,0,6,2,3,34,0,3,0,0,0,0,3,0
399,L3022,CustomizePathsTraverser,com.baidu.hugegraph.traversal.algorithm.CustomizePathsTraverser,L30791,L103,C:\Users\domco\Desktop\DP\repos\incubator-hugegraph\hugegraph-core\src\main\java\com\baidu\hugegraph\traversal\algorithm\CustomizePathsTraverser.java,43,1,240,2,0.0,0,0,0,0.0,0.0,0,0,1,5,5,27,12,1,1,22,26,0.0,0.0550459,6,0,0,4,0.0350877,6,1,1,0,0,1,103,125,13,2,0,0,4,0,3,0,38,63,11,16,0,165,198,21,2,3,0,13,0,11,0,66,89,12,43,0,0,2,45,0,6,0,0,0,0,3,2,3,35,0,5,0,0,0,0,5,0
400,L3179,FusiformSimilarityTraverser,com.baidu.hugegraph.traversal.algorithm.FusiformSimilarityTraverser,L30791,L103,C:\Users\domco\Desktop\DP\repos\incubator-hugegraph\hugegraph-core\src\main\java\com\baidu\hugegraph\traversal\algorithm\FusiformSimilarityTraverser.java,50,1,308,2,0.0,0,0,0,0.0,0.0,0,0,1,3,3,33,12,1,1,17,23,0.0,0.0540541,10,0,0,3,0.0421941,10,1,1,0,0,1,175,198,14,2,1,0,6,0,2,0,40,102,11,15,0,227,259,18,2,5,0,13,0,9,0,47,126,11,22,0,0,0,45,0,6,0,0,1,1,1,2,0,35,0,4,0,0,1,0,6,0
401,L2763,HugeTraverser,com.baidu.hugegraph.traversal.algorithm.HugeTraverser,L30791,L103,C:\Users\domco\Desktop\DP\repos\incubator-hugegraph\hugegraph-core\src\main\java\com\baidu\hugegraph\traversal\algorithm\HugeTraverser.java,67,1,636,2,0.0,0,0,0,0.0,0.0,0,0,7,3,3,97,22,58,81,32,66,0.0,0.0143678,5,1,0,14,0.0246914,12,0,0,14,20,0,343,406,13,2,13,2,34,11,13,0,34,161,11,13,0,474,570,19,2,19,2,56,12,35,0,66,215,12,45,0,0,1,143,0,15,2,0,3,2,0,3,3,123,0,8,1,0,0,0,14,0
402,L3222,JaccardSimilarTraverser,com.baidu.hugegraph.traversal.algorithm.JaccardSimilarTraverser,L30791,L103,C:\Users\domco\Desktop\DP\repos\incubator-hugegraph\hugegraph-core\src\main\java\com\baidu\hugegraph\traversal\algorithm\JaccardSimilarTraverser.java,40,1,215,2,0.0296053,1,1,1,0.102273,0.025,18,3,1,2,2,21,7,1,2,12,19,0.0,0.047619,6,0,0,7,0.047619,6,2,2,0,0,1,120,176,15,2,0,0,7,0,6,0,52,82,11,21,0,120,176,15,2,0,0,7,0,6,0,52,82,11,21,0,0,0,25,0,0,0,6,0,0,0,0,0,17,0,0,0,0,0,0,2,0
403,L3278,KneighborTraverser,com.baidu.hugegraph.traversal.algorithm.KneighborTraverser,L30791,L103,C:\Users\domco\Desktop\DP\repos\incubator-hugegraph\hugegraph-core\src\main\java\com\baidu\hugegraph\traversal\algorithm\KneighborTraverser.java,31,1,108,2,0.0,0,0,0,0.0,0.0,0,0,1,3,3,15,8,1,2,13,17,0.0,0.0,0,0,0,5,0.0,0,2,2,0,0,1,64,78,15,2,0,0,4,0,4,0,49,42,11,19,0,64,78,15,2,0,0,4,0,4,0,49,42,11,19,0,0,0,14,0,4,2,0,0,0,0,0,0,11,0,2,0,0,0,0,3,0
404,L3342,KoutTraverser,com.baidu.hugegraph.traversal.algorithm.KoutTraverser,L30791,L103,C:\Users\domco\Desktop\DP\repos\incubator-hugegraph\hugegraph-core\src\main\java\com\baidu\hugegraph\traversal\algorithm\KoutTraverser.java,32,1,158,2,0.0,0,0,0,0.0,0.0,0,0,1,3,3,26,9,1,2,15,20,0.0,0.0366972,4,0,0,5,0.0366972,4,2,2,0,0,1,105,127,15,2,0,0,5,0,4,0,50,57,11,19,0,105,127,15,2,0,0,5,0,4,0,50,57,11,19,0,0,0,19,0,3,1,0,0,0,1,0,0,13,0,2,0,0,0,0,5,0
405,L3399,MultiNodeShortestPathTraverser,com.baidu.hugegraph.traversal.algorithm.MultiNodeShortestPathTraverser,L30791,L103,C:\Users\domco\Desktop\DP\repos\incubator-hugegraph\hugegraph-core\src\main\java\com\baidu\hugegraph\traversal\algorithm\MultiNodeShortestPathTraverser.java,39,1,131,2,0.0,0,0,0,0.0,0.0,0,0,1,2,2,15,8,1,1,8,13,0.0,0.0394737,3,0,0,5,0.0394737,3,2,2,0,0,1,73,93,15,2,0,0,5,0,4,0,50,34,11,19,0,73,93,15,2,0,0,5,0,4,0,50,34,11,19,0,0,0,16,0,2,2,0,0,0,0,0,0,13,0,0,0,0,0,0,3,0
406,L3435,NeighborRankTraverser,com.baidu.hugegraph.traversal.algorithm.NeighborRankTraverser,L30791,L103,C:\Users\domco\Desktop\DP\repos\incubator-hugegraph\hugegraph-core\src\main\java\com\baidu\hugegraph\traversal\algorithm\NeighborRankTraverser.java,42,1,309,2,0.0,0,0,0,0.0,0.0,0,0,1,5,5,29,9,3,1,19,28,0.0,0.0909091,16,0,0,3,0.0686695,16,1,1,0,0,1,160,199,16,2,3,0,9,1,2,0,43,101,12,15,0,217,268,23,2,10,0,18,1,11,0,52,119,12,24,0,0,0,59,1,6,1,0,2,0,2,1,1,48,0,3,0,0,0,0,8,0
407,L31413,OltpTraverser,com.baidu.hugegraph.traversal.algorithm.OltpTraverser,L30791,L103,C:\Users\domco\Desktop\DP\repos\incubator-hugegraph\hugegraph-core\src\main\java\com\baidu\hugegraph\traversal\algorithm\OltpTraverser.java,47,1,209,2,0.0410023,1,1,1,0.0920245,0.023622,15,3,3,2,2,22,9,7,12,15,26,0.0,0.0380952,4,0,0,3,0.0305344,4,1,1,6,6,1,101,132,15,2,2,0,11,0,2,0,45,44,11,15,0,127,163,16,3,3,1,15,0,6,0,49,56,11,19,0,0,3,43,3,1,0,7,2,1,0,0,0,32,0,5,0,0,0,0,3,0
408,L2861,PathsTraverser,com.baidu.hugegraph.traversal.algorithm.PathsTraverser,L30791,L103,C:\Users\domco\Desktop\DP\repos\incubator-hugegraph\hugegraph-core\src\main\java\com\baidu\hugegraph\traversal\algorithm\PathsTraverser.java,37,1,223,2,0.188425,2,12,2,0.181818,0.205479,34,30,1,2,2,9,6,2,2,13,15,0.0,0.0,0,0,0,3,0.109756,18,1,1,0,0,1,42,48,13,2,0,0,2,0,2,0,36,26,11,15,0,146,187,22,2,9,0,8,0,6,0,42,87,11,19,0,0,0,60,0,8,1,24,0,0,6,1,4,22,0,3,0,0,0,0,7,0
409,L30859,PathTraverser,com.baidu.hugegraph.traversal.algorithm.PathTraverser,L30791,L103,C:\Users\domco\Desktop\DP\repos\incubator-hugegraph\hugegraph-core\src\main\java\com\baidu\hugegraph\traversal\algorithm\PathTraverser.java,38,1,226,2,0.0,0,0,0,0.0,0.0,0,0,1,1,1,37,8,5,14,11,36,0.0,0.0205479,3,0,0,16,0.0205479,3,0,0,2,3,0,143,189,12,0,12,0,25,0,15,0,25,65,0,15,0,143,189,12,0,12,0,25,0,15,0,25,65,0,15,0,0,5,57,0,2,0,0,0,0,0,0,1,53,0,6,0,0,0,0,4,0
410,L3556,PersonalRankTraverser,com.baidu.hugegraph.traversal.algorithm.PersonalRankTraverser,L30791,L103,C:\Users\domco\Desktop\DP\repos\incubator-hugegraph\hugegraph-core\src\main\java\com\baidu\hugegraph\traversal\algorithm\PersonalRankTraverser.java,40,1,174,2,0.0,0,0,0,0.0,0.0,0,0,1,2,2,15,9,1,1,10,16,0.0,0.0543478,5,0,0,3,0.0515464,5,1,1,0,0,1,87,130,16,3,3,1,6,0,2,0,40,55,11,15,0,92,135,19,3,6,1,6,3,2,0,40,55,14,15,0,0,0,26,0,0,0,0,0,0,0,0,0,18,0,0,0,0,0,0,8,0
411,L3625,SameNeighborTraverser,com.baidu.hugegraph.traversal.algorithm.SameNeighborTraverser,L30791,L103,C:\Users\domco\Desktop\DP\repos\incubator-hugegraph\hugegraph-core\src\main\java\com\baidu\hugegraph\traversal\algorithm\SameNeighborTraverser.java,32,1,62,2,0.0,0,0,0,0.0,0.0,0,0,1,1,1,3,4,1,1,6,8,0.0,0.0,0,0,0,3,0.0,0,1,1,0,0,1,27,31,13,2,0,0,2,0,2,0,36,16,11,15,0,27,31,13,2,0,0,2,0,2,0,36,16,11,15,0,0,0,10,0,0,0,0,0,0,0,0,0,7,0,0,0,0,0,0,3,0
412,L2755,ShortestPathTraverser,com.baidu.hugegraph.traversal.algorithm.ShortestPathTraverser,L30791,L103,C:\Users\domco\Desktop\DP\repos\incubator-hugegraph\hugegraph-core\src\main\java\com\baidu\hugegraph\traversal\algorithm\ShortestPathTraverser.java,40,1,280,2,0.0,0,0,0,0.0,0.0,0,0,1,3,3,21,8,3,4,17,21,0.0,0.0212766,2,0,0,5,0.125,27,1,1,0,0,1,92,105,13,2,0,0,4,0,4,0,38,56,11,17,0,189,241,21,2,8,0,8,0,7,0,42,109,11,20,0,0,0,31,1,6,2,0,0,0,3,4,0,18,0,5,0,0,0,0,6,0
413,L3665,SingleSourceShortestPathTraverser,com.baidu.hugegraph.traversal.algorithm.SingleSourceShortestPathTraverser,L30791,L103,C:\Users\domco\Desktop\DP\repos\incubator-hugegraph\hugegraph-core\src\main\java\com\baidu\hugegraph\traversal\algorithm\SingleSourceShortestPathTraverser.java,45,1,298,2,0.0,0,0,0,0.0,0.0,0,0,1,2,2,8,7,2,2,12,15,0.0,0.0181818,1,0,0,4,0.0575221,13,1,1,0,0,1,54,63,13,2,0,0,3,0,3,0,37,32,11,16,0,213,254,29,2,16,0,17,0,15,0,51,113,11,28,0,0,0,58,0,8,0,0,0,1,1,1,4,46,0,3,0,0,1,0,9,0
414,L3588,SubGraphTraverser,com.baidu.hugegraph.traversal.algorithm.SubGraphTraverser,L30791,L103,C:\Users\domco\Desktop\DP\repos\incubator-hugegraph\hugegraph-core\src\main\java\com\baidu\hugegraph\traversal\algorithm\SubGraphTraverser.java,39,1,305,2,0.0,0,0,0,0.0,0.0,0,0,2,3,3,14,8,3,3,14,19,0.0,0.0,0,0,0,4,0.0991736,24,1,1,0,0,1,58,66,13,2,0,0,5,0,3,0,39,28,11,16,0,218,267,27,2,11,0,12,0,8,0,55,127,12,30,0,0,0,52,0,6,2,0,0,1,5,1,2,31,0,2,0,0,0,0,14,0
415,L3710,TemplatePathsTraverser,com.baidu.hugegraph.traversal.algorithm.TemplatePathsTraverser,L30791,L103,C:\Users\domco\Desktop\DP\repos\incubator-hugegraph\hugegraph-core\src\main\java\com\baidu\hugegraph\traversal\algorithm\TemplatePathsTraverser.java,39,1,282,2,0.246799,3,11,4,0.209016,0.2,51,39,1,2,2,10,9,1,1,13,15,0.0,0.0392157,2,0,0,3,0.0930233,20,1,1,0,0,1,49,57,13,2,0,0,2,0,2,0,36,25,11,15,0,195,244,31,2,6,0,13,0,9,0,68,104,11,36,0,0,0,62,0,2,0,21,0,0,3,1,0,30,0,0,0,0,2,0,7,0
416,L32518,ConditionP,com.baidu.hugegraph.traversal.optimize.ConditionP,L32505,L103,C:\Users\domco\Desktop\DP\repos\incubator-hugegraph\hugegraph-core\src\main\java\com\baidu\hugegraph\traversal\optimize\ConditionP.java,28,1,57,2,0.0,0,0,0,0.0,0.0,0,0,1,0,0,6,1,2,3,0,6,0.0,0.0434783,1,0,0,6,0.0434783,1,0,0,0,0,0,22,30,1,0,1,0,6,0,5,0,6,6,0,5,0,22,30,1,0,1,0,6,0,5,0,6,6,0,5,0,0,0,13,0,2,0,0,1,0,0,0,1,13,0,0,0,0,0,0,0,0
417,L32536,HugeCountStep<S extends Element>,com.baidu.hugegraph.traversal.optimize.HugeCountStep,L32505,L103,C:\Users\domco\Desktop\DP\repos\incubator-hugegraph\hugegraph-core\src\main\java\com\baidu\hugegraph\traversal\optimize\HugeCountStep.java,34,1,65,2,0.0,0,0,0,0.0,0.0,0,0,1,1,1,4,1,1,1,1,4,0.0,0.0,0,0,0,3,0.0,0,0,0,0,0,0,27,32,3,0,3,0,3,0,2,0,3,9,0,2,0,27,32,3,0,3,0,3,0,2,0,3,9,0,2,0,0,1,9,0,1,0,0,0,0,0,0,0,9,0,1,0,0,1,0,0,0
418,L4605,HugeCountStepStrategy,com.baidu.hugegraph.traversal.optimize.HugeCountStepStrategy,L32505,L103,C:\Users\domco\Desktop\DP\repos\incubator-hugegraph\hugegraph-core\src\main\java\com\baidu\hugegraph\traversal\optimize\HugeCountStepStrategy.java,44,1,124,2,0.0,0,0,0,0.0,0.0,0,0,4,2,2,17,7,3,1,4,9,0.0,0.0597015,4,0,0,5,0.0597015,4,0,0,0,0,0,63,81,2,0,2,0,5,0,4,0,5,26,0,4,0,63,81,2,0,2,0,5,0,4,0,5,26,0,4,0,0,0,13,0,1,0,0,0,1,1,0,0,11,0,1,0,0,0,0,0,0
419,L32540,"HugeGraphStep<S extends Object, E extends Element>",com.baidu.hugegraph.traversal.optimize.HugeGraphStep,L32505,L103,C:\Users\domco\Desktop\DP\repos\incubator-hugegraph\hugegraph-core\src\main\java\com\baidu\hugegraph\traversal\optimize\HugeGraphStep.java,42,1,207,2,0.274707,1,6,2,0.23494,0.232558,39,30,2,1,1,27,7,4,4,14,28,0.0,0.0300752,4,1,0,8,0.0300752,4,1,1,0,0,1,129,166,6,1,5,1,14,0,7,0,21,57,1,14,4,129,166,6,1,5,1,14,0,7,0,21,57,1,14,4,0,1,53,0,2,0,19,0,1,0,0,0,31,0,3,0,0,0,0,2,0
420,L4602,HugeGraphStepStrategy,com.baidu.hugegraph.traversal.optimize.HugeGraphStepStrategy,L32505,L103,C:\Users\domco\Desktop\DP\repos\incubator-hugegraph\hugegraph-core\src\main\java\com\baidu\hugegraph\traversal\optimize\HugeGraphStepStrategy.java,32,1,79,2,0.267857,1,1,1,0.208333,0.125,10,4,3,1,1,5,3,3,1,5,9,0.0,0.111111,4,0,0,4,0.111111,4,0,0,0,0,0,32,48,2,0,2,0,4,0,3,0,4,10,0,3,0,32,48,2,0,2,0,4,0,3,0,4,10,0,3,0,0,0,19,0,1,0,9,0,1,0,0,0,9,0,1,0,0,0,0,0,0
421,L5483,"HugeScriptTraversal<S extends Object, E extends Object>",com.baidu.hugegraph.traversal.optimize.HugeScriptTraversal,L32505,L103,C:\Users\domco\Desktop\DP\repos\incubator-hugegraph\hugegraph-core\src\main\java\com\baidu\hugegraph\traversal\optimize\HugeScriptTraversal.java,43,1,119,2,0.0,0,0,0,0.0,0.0,0,0,1,2,2,9,1,2,2,1,5,0.2,0.084507,6,6,1,4,0.084507,6,0,0,0,0,0,65,77,6,0,6,0,4,0,4,0,4,32,0,4,0,65,77,6,0,6,0,4,0,4,0,4,32,0,4,0,0,0,12,0,2,0,0,0,0,0,0,0,11,0,2,0,0,0,0,1,0
422,L32703,HugeVertexStep<E extends Element>,com.baidu.hugegraph.traversal.optimize.HugeVertexStep,L32505,L103,C:\Users\domco\Desktop\DP\repos\incubator-hugegraph\hugegraph-core\src\main\java\com\baidu\hugegraph\traversal\optimize\HugeVertexStep.java,46,1,217,2,0.0,0,0,0,0.0,0.0,0,0,1,3,2,26,10,2,2,20,30,0.0,0.132867,19,1,0,8,0.132867,19,1,1,0,0,1,124,172,6,1,5,1,10,0,7,0,17,59,1,14,4,124,172,6,1,5,1,10,0,7,0,17,59,1,14,4,0,1,25,0,3,1,0,0,0,1,1,0,21,0,3,0,0,0,0,2,0
423,L4599,HugeVertexStepStrategy,com.baidu.hugegraph.traversal.optimize.HugeVertexStepStrategy,L32505,L103,C:\Users\domco\Desktop\DP\repos\incubator-hugegraph\hugegraph-core\src\main\java\com\baidu\hugegraph\traversal\optimize\HugeVertexStepStrategy.java,30,1,71,2,0.319149,1,1,1,0.238095,0.142857,10,4,2,1,1,4,2,3,1,5,8,0.0,0.0967742,3,0,0,3,0.0967742,3,0,0,0,0,0,28,42,2,0,2,0,3,0,2,0,3,9,0,2,0,28,42,2,0,2,0,3,0,2,0,3,9,0,2,0,0,0,17,0,1,0,9,0,1,0,0,0,7,0,1,0,0,0,0,0,0
424,L32780,Text,com.baidu.hugegraph.traversal.optimize.Text,L32505,L103,C:\Users\domco\Desktop\DP\repos\incubator-hugegraph\hugegraph-core\src\main\java\com\baidu\hugegraph\traversal\optimize\Text.java,25,1,34,2,0.0,0,0,0,0.0,0.0,0,0,2,0,0,2,3,4,24,2,4,0.0,0.0,0,0,0,3,0.0,0,0,0,0,0,0,8,10,0,0,0,0,2,0,2,0,2,2,0,2,0,8,10,0,0,0,0,2,0,2,0,2,2,0,2,0,0,0,8,0,1,0,0,1,1,0,0,0,7,0,0,0,0,0,0,0,0
425,L32785,TraversalUtil,com.baidu.hugegraph.traversal.optimize.TraversalUtil,L32505,L103,C:\Users\domco\Desktop\DP\repos\incubator-hugegraph\hugegraph-core\src\main\java\com\baidu\hugegraph\traversal\optimize\TraversalUtil.java,95,1,949,2,0.0909866,4,50,8,0.0912281,0.0995962,78,74,14,8,4,209,30,18,47,55,103,0.0,0.0363165,28,0,0,34,0.0363165,28,0,0,0,0,0,743,855,1,1,1,1,48,1,33,0,48,401,1,33,0,743,855,1,1,1,1,48,1,33,0,48,401,1,33,0,0,0,150,11,4,6,30,0,1,11,4,5,95,0,1,0,0,3,0,9,0
426,L31672,Consumers$ExecutorPool,com.baidu.hugegraph.util.Consumers$ExecutorPool,L15300,L103,C:\Users\domco\Desktop\DP\repos\incubator-hugegraph\hugegraph-core\src\main\java\com\baidu\hugegraph\util\Consumers.java,263,5,303,6,0.0,0,0,0,0.0,0.0,0,0,1,1,1,7,1,2,4,1,5,0.0,0.0,0,0,0,5,0.0,0,0,0,0,0,0,34,41,5,1,5,1,4,0,4,0,4,16,0,4,0,34,41,5,1,5,1,4,0,4,0,4,16,0,4,0,0,0,11,0,3,0,0,0,0,0,0,0,11,0,0,0,3,0,0,0,0
427,L15313,Consumers$StopExecution,com.baidu.hugegraph.util.Consumers$StopExecution,L15300,L103,C:\Users\domco\Desktop\DP\repos\incubator-hugegraph\hugegraph-core\src\main\java\com\baidu\hugegraph\util\Consumers.java,305,5,316,6,0.0,0,0,0,0.0,0.0,0,0,0,0,0,2,1,3,0,2,4,0.0,0.0,0,0,0,3,0.0,0,1,1,0,0,1,9,12,2,0,1,0,2,0,2,0,9,2,0,9,0,9,12,2,0,1,0,2,0,2,0,9,2,0,9,0,0,0,7,0,0,0,0,0,0,0,0,0,7,0,0,0,0,0,0,0,0
428,L33729,JsonUtil$RawJson,com.baidu.hugegraph.util.JsonUtil$RawJson,L33725,L103,C:\Users\domco\Desktop\DP\repos\incubator-hugegraph\hugegraph-core\src\main\java\com\baidu\hugegraph\util\JsonUtil.java,125,5,136,6,0.0,0,0,0,0.0,0.0,0,0,1,0,0,2,0,2,3,0,2,0.0,0.0,0,0,0,3,0.0,0,0,0,0,0,0,9,12,1,0,1,0,2,0,2,0,2,2,0,2,0,9,12,1,0,1,0,2,0,2,0,2,2,0,2,0,0,0,7,0,1,0,0,0,0,0,0,0,7,0,1,0,0,0,0,0,0
429,L33732,JsonUtil$RawJsonSerializer,com.baidu.hugegraph.util.JsonUtil$RawJsonSerializer,L33725,L103,C:\Users\domco\Desktop\DP\repos\incubator-hugegraph\hugegraph-core\src\main\java\com\baidu\hugegraph\util\JsonUtil.java,138,5,152,6,0.0,0,0,0,0.0,0.0,0,0,1,0,0,2,1,0,0,1,3,0.0,0.0,0,0,0,3,0.0,0,0,0,0,0,0,12,15,1,0,1,0,2,0,2,0,2,2,0,2,0,12,15,1,0,1,0,2,0,2,0,2,2,0,2,0,0,0,7,0,0,0,0,0,0,0,0,0,7,0,0,0,0,0,0,0,0
430,L24977,LockUtil$Locks,com.baidu.hugegraph.util.LockUtil$Locks,L24980,L103,C:\Users\domco\Desktop\DP\repos\incubator-hugegraph\hugegraph-core\src\main\java\com\baidu\hugegraph\util\LockUtil.java,223,5,283,6,0.0,0,0,0,0.0,0.0,0,0,1,1,1,14,2,9,13,5,14,0.75,0.178571,10,10,6,2,0.178571,10,0,0,0,0,0,46,61,2,0,2,0,9,0,7,0,9,17,0,7,0,46,61,2,0,2,0,9,0,7,0,9,17,0,7,0,0,0,21,0,0,0,0,0,0,0,0,0,21,0,0,0,0,0,0,0,0
431,L25286,LockUtil$LocksTable,com.baidu.hugegraph.util.LockUtil$LocksTable,L24980,L103,C:\Users\domco\Desktop\DP\repos\incubator-hugegraph\hugegraph-core\src\main\java\com\baidu\hugegraph\util\LockUtil.java,290,5,345,6,0.504505,1,6,2,0.392857,0.478261,22,22,1,2,2,12,3,2,12,4,11,0.428571,0.132075,7,7,3,4,0.132075,7,0,0,0,0,0,46,56,2,0,2,0,7,0,6,0,7,23,0,6,0,46,56,2,0,2,0,7,0,6,0,7,23,0,6,0,0,0,34,0,2,0,17,0,0,0,0,2,17,0,0,0,0,0,0,0,0
432,L34511,PerfExampleBase$GraphManager,com.baidu.hugegraph.example.PerfExampleBase$GraphManager,L34494,L103,C:\Users\domco\Desktop\DP\repos\incubator-hugegraph\hugegraph-example\src\main\java\com\baidu\hugegraph\example\PerfExampleBase.java,263,5,317,6,0.0,0,0,0,0.0,0.0,0,0,1,0,0,10,9,5,9,11,21,0.0,0.0227273,1,0,0,11,0.0227273,1,0,0,0,0,0,43,55,2,1,2,1,10,0,10,0,10,15,0,10,0,43,55,2,1,2,1,10,0,10,0,10,15,0,10,0,0,0,23,0,3,0,0,1,0,0,0,2,23,0,0,0,0,0,0,0,0
433,L34689,TaskExample$TestTask,com.baidu.hugegraph.example.TaskExample$TestTask,L34675,L103,C:\Users\domco\Desktop\DP\repos\incubator-hugegraph\hugegraph-example\src\main\java\com\baidu\hugegraph\example\TaskExample.java,93,5,111,6,0.0,0,0,0,0.0,0.0,0,0,1,1,1,3,4,1,0,7,8,0.0,0.0588235,1,0,0,2,0.0588235,1,1,1,0,0,1,16,19,9,0,2,0,1,2,1,0,16,9,2,9,1,16,19,9,0,2,0,1,2,1,0,16,9,2,9,1,0,0,9,2,0,2,0,0,0,0,0,0,5,0,0,0,0,0,0,4,0
434,L8696,FakeObjects$FakeVertex,com.baidu.hugegraph.testutil.FakeObjects$FakeVertex,L34706,L103,C:\Users\domco\Desktop\DP\repos\incubator-hugegraph\hugegraph-test\src\main\java\com\baidu\hugegraph\testutil\FakeObjects.java,32,5,55,6,0.0,0,0,0,0.0,0.0,0,0,1,2,2,5,0,2,3,0,2,0.0,0.0,0,0,0,3,0.0,0,0,0,0,0,0,20,24,2,0,2,0,2,0,2,0,2,9,0,2,0,20,24,2,0,2,0,2,0,2,0,2,9,0,2,0,0,0,7,0,2,0,0,0,0,0,0,2,7,0,0,0,0,0,0,0,0
435,L7473,FakeObjects$FakeEdge,com.baidu.hugegraph.testutil.FakeObjects$FakeEdge,L34706,L103,C:\Users\domco\Desktop\DP\repos\incubator-hugegraph\hugegraph-test\src\main\java\com\baidu\hugegraph\testutil\FakeObjects.java,57,5,85,6,0.0,0,0,0,0.0,0.0,0,0,1,2,2,7,2,2,3,3,5,0.0,0.0,0,0,0,3,0.0,0,0,0,0,0,0,26,29,4,0,4,0,2,0,2,0,2,10,0,2,0,26,29,4,0,4,0,2,0,2,0,2,10,0,2,0,0,0,7,0,4,0,0,0,0,0,0,4,7,0,0,0,0,0,0,0,0
436,L34759,HugeGraphWriteTest,com.baidu.hugegraph.tinkerpop.tests.HugeGraphWriteTest,L35055,L103,C:\Users\domco\Desktop\DP\repos\incubator-hugegraph\hugegraph-test\src\main\java\com\baidu\hugegraph\tinkerpop\tests\HugeGraphWriteTest.java,30,1,49,2,0.0,0,0,0,0.0,0.0,0,0,0,0,0,2,1,0,0,1,3,0.0,0.0,0,0,0,3,0.0,0,0,0,0,0,0,18,20,0,2,0,2,2,0,2,0,2,2,0,2,0,18,20,0,2,0,2,2,0,2,0,2,2,0,2,0,0,0,7,0,1,0,0,0,0,0,0,0,7,0,1,0,0,0,0,0,0
437,L35087,CachedGraphTransactionTest,com.baidu.hugegraph.unit.cache.CachedGraphTransactionTest,L35080,L103,C:\Users\domco\Desktop\DP\repos\incubator-hugegraph\hugegraph-test\src\main\java\com\baidu\hugegraph\unit\cache\CachedGraphTransactionTest.java,42,1,129,2,0.335938,1,2,2,0.227273,0.222222,20,16,1,0,0,6,18,1,0,18,24,0.0,0.0,0,0,0,5,0.0,0,1,1,0,0,1,72,88,2,0,2,0,6,0,4,0,10,37,0,6,0,72,88,2,0,2,0,6,0,4,0,10,37,0,6,0,0,4,31,3,1,0,15,0,0,0,1,1,15,0,5,0,2,0,0,0,0
438,L35108,CachedSchemaTransactionTest,com.baidu.hugegraph.unit.cache.CachedSchemaTransactionTest,L35080,L103,C:\Users\domco\Desktop\DP\repos\incubator-hugegraph\hugegraph-test\src\main\java\com\baidu\hugegraph\unit\cache\CachedSchemaTransactionTest.java,39,1,206,2,0.517717,3,8,8,0.416667,0.414815,70,56,1,1,1,7,12,1,0,16,23,0.0,0.0,0,0,0,7,0.0,0,1,1,0,0,1,135,168,2,0,2,0,7,0,6,0,11,71,0,8,0,135,168,2,0,2,0,7,0,6,0,11,71,0,8,0,0,6,37,7,1,0,19,0,0,0,1,1,17,0,9,0,4,0,0,0,0
439,L35130,CacheManagerTest,com.baidu.hugegraph.unit.cache.CacheManagerTest,L35080,L103,C:\Users\domco\Desktop\DP\repos\incubator-hugegraph\hugegraph-test\src\main\java\com\baidu\hugegraph\unit\cache\CacheManagerTest.java,42,1,272,2,0.045724,5,8,8,0.164502,0.111801,38,18,3,0,0,9,7,1,0,13,22,0.0,0.0182927,3,0,0,9,0.0182927,3,1,1,0,0,1,161,231,2,0,2,0,9,0,8,0,13,101,0,10,0,161,231,2,0,2,0,9,0,8,0,13,101,0,10,0,0,2,32,1,2,0,10,2,1,0,0,0,21,0,3,0,0,0,0,0,0
440,L35156,CacheTest,com.baidu.hugegraph.unit.cache.CacheTest,L35080,L103,C:\Users\domco\Desktop\DP\repos\incubator-hugegraph\hugegraph-test\src\main\java\com\baidu\hugegraph\unit\cache\CacheTest.java,48,1,676,2,0.094132,3,6,6,0.117647,0.0979021,74,42,3,1,1,32,5,3,0,18,48,0.0,0.0516717,17,0,0,26,0.0402685,18,1,1,2,3,1,312,479,1,0,1,0,30,0,25,0,34,221,0,27,0,429,629,5,0,5,0,46,0,27,0,144,260,0,111,0,0,2,141,10,16,3,29,17,3,0,0,1,103,0,7,0,0,0,0,6,0
441,L35277,RamTableTest,com.baidu.hugegraph.unit.cache.RamTableTest,L35080,L103,C:\Users\domco\Desktop\DP\repos\incubator-hugegraph\hugegraph-test\src\main\java\com\baidu\hugegraph\unit\cache\RamTableTest.java,42,1,284,2,0.532832,3,10,6,0.358025,0.4,87,72,1,2,2,16,19,1,0,32,38,0.0,0.0575916,11,1,0,6,0.0575916,11,0,0,0,0,0,180,243,3,0,3,0,6,0,5,0,6,143,0,5,0,180,243,3,0,3,0,6,0,5,0,6,143,0,5,0,0,2,39,5,3,0,19,2,0,0,4,1,15,0,7,0,0,0,0,1,0
442,L35296,CassandraTest,com.baidu.hugegraph.unit.cassandra.CassandraTest,L35293,L103,C:\Users\domco\Desktop\DP\repos\incubator-hugegraph\hugegraph-test\src\main\java\com\baidu\hugegraph\unit\cassandra\CassandraTest.java,39,1,232,2,0.903575,4,16,16,0.762887,0.811688,148,125,11,0,0,11,2,1,0,0,11,0.0,0.0128205,2,0,0,12,0.0128205,2,0,0,0,0,0,154,194,0,0,0,0,11,0,11,0,11,76,0,11,0,154,194,0,0,0,0,11,0,11,0,11,76,0,11,0,0,2,89,4,0,0,67,0,1,0,0,0,21,0,6,0,0,0,0,0,0
443,L35328,AnalyzerTest,com.baidu.hugegraph.unit.core.AnalyzerTest,L35309,L103,C:\Users\domco\Desktop\DP\repos\incubator-hugegraph\hugegraph-test\src\main\java\com\baidu\hugegraph\unit\core\AnalyzerTest.java,33,1,226,2,0.173626,1,2,2,0.123711,0.126582,24,20,3,1,1,12,2,1,0,2,13,0.0,0.091954,16,0,0,11,0.091954,16,0,0,0,0,0,158,194,2,0,2,0,11,0,10,1,11,49,0,10,1,158,194,2,0,2,0,11,0,10,1,11,49,0,10,1,0,2,37,12,0,0,15,0,1,0,0,0,21,0,14,0,0,0,0,0,0
444,L35347,BackendMutationTest,com.baidu.hugegraph.unit.core.BackendMutationTest,L35309,L103,C:\Users\domco\Desktop\DP\repos\incubator-hugegraph\hugegraph-test\src\main\java\com\baidu\hugegraph\unit\core\BackendMutationTest.java,40,1,358,2,0.830432,7,25,25,0.730408,0.786561,233,199,3,1,1,27,10,1,0,9,33,0.0,0.00784314,2,0,0,23,0.00784314,2,1,1,0,0,1,253,319,0,0,0,0,24,0,22,0,28,153,0,24,0,253,319,0,0,0,0,24,0,22,0,28,153,0,24,0,0,2,158,5,0,0,108,0,1,0,0,1,47,0,6,0,0,0,0,2,0
445,L35380,BackendStoreSystemInfoTest,com.baidu.hugegraph.unit.core.BackendStoreSystemInfoTest,L35309,L103,C:\Users\domco\Desktop\DP\repos\incubator-hugegraph\hugegraph-test\src\main\java\com\baidu\hugegraph\unit\core\BackendStoreSystemInfoTest.java,32,1,55,2,0.0,0,0,0,0.0,0.0,0,0,1,0,0,1,5,1,0,4,5,0.0,0.0,0,0,0,2,0.0,0,0,0,0,0,0,17,24,1,0,1,0,1,0,1,0,1,7,0,1,0,17,24,1,0,1,0,1,0,1,0,1,7,0,1,0,0,0,5,0,0,0,0,0,0,0,0,0,5,0,0,0,0,0,0,0,0
446,L35385,ConditionQueryFlattenTest,com.baidu.hugegraph.unit.core.ConditionQueryFlattenTest,L35309,L103,C:\Users\domco\Desktop\DP\repos\incubator-hugegraph\hugegraph-test\src\main\java\com\baidu\hugegraph\unit\core\ConditionQueryFlattenTest.java,40,1,263,2,0.58976,4,14,10,0.46875,0.489899,105,97,11,1,1,20,7,1,0,11,22,0.0,0.00502513,1,0,0,12,0.00502513,1,1,1,0,0,1,198,224,0,0,0,0,11,0,11,0,15,141,0,13,0,198,224,0,0,0,0,11,0,11,0,15,141,0,13,0,0,1,78,0,0,0,54,0,1,0,0,0,23,0,1,0,0,0,0,0,0
447,L35409,ConditionTest,com.baidu.hugegraph.unit.core.ConditionTest,L35309,L103,C:\Users\domco\Desktop\DP\repos\incubator-hugegraph\hugegraph-test\src\main\java\com\baidu\hugegraph\unit\core\ConditionTest.java,38,1,647,2,0.683991,13,46,46,0.734426,0.687351,448,288,19,0,0,19,6,1,0,34,53,0.0,0.021028,9,0,0,20,0.021028,9,1,1,0,0,1,419,610,0,0,0,0,19,0,19,0,23,289,0,21,0,419,610,0,0,0,0,19,0,19,0,23,289,0,21,0,0,0,171,12,0,0,126,0,1,0,2,0,41,0,12,0,0,0,0,1,0
448,L35432,DataTypeTest,com.baidu.hugegraph.unit.core.DataTypeTest,L35309,L103,C:\Users\domco\Desktop\DP\repos\incubator-hugegraph\hugegraph-test\src\main\java\com\baidu\hugegraph\unit\core\DataTypeTest.java,31,1,88,2,0.0,0,0,0,0.0,0.0,0,0,4,0,0,4,2,1,0,5,9,0.0,0.0,0,0,0,5,0.0,0,0,0,0,0,0,48,58,0,0,0,0,4,0,4,0,4,31,0,4,0,48,58,0,0,0,0,4,0,4,0,4,31,0,4,0,0,0,12,1,0,0,0,0,1,0,0,0,11,0,1,0,0,0,0,0,0
449,L35440,DirectionsTest,com.baidu.hugegraph.unit.core.DirectionsTest,L35309,L103,C:\Users\domco\Desktop\DP\repos\incubator-hugegraph\hugegraph-test\src\main\java\com\baidu\hugegraph\unit\core\DirectionsTest.java,29,1,79,2,0.0,0,0,0,0.0,0.0,0,0,6,0,0,6,2,1,0,5,11,0.0,0.0,0,0,0,7,0.0,0,0,0,0,0,0,43,51,0,0,0,0,6,0,6,0,6,18,0,6,0,43,51,0,0,0,0,6,0,6,0,6,18,0,6,0,0,0,16,0,0,0,0,0,1,0,0,0,15,0,0,0,0,0,0,0,0
450,L35450,ExceptionTest,com.baidu.hugegraph.unit.core.ExceptionTest,L35309,L103,C:\Users\domco\Desktop\DP\repos\incubator-hugegraph\hugegraph-test\src\main\java\com\baidu\hugegraph\unit\core\ExceptionTest.java,31,1,45,2,0.0,0,0,0,0.0,0.0,0,0,1,0,0,1,1,1,0,3,4,0.0,0.0,0,0,0,2,0.0,0,0,0,0,0,0,14,15,0,0,0,0,1,0,1,0,1,4,0,1,0,14,15,0,0,0,0,1,0,1,0,1,4,0,1,0,0,0,5,0,0,0,0,0,0,0,0,0,5,0,0,0,0,0,0,0,0
451,L35453,LocksTableTest,com.baidu.hugegraph.unit.core.LocksTableTest,L35309,L103,C:\Users\domco\Desktop\DP\repos\incubator-hugegraph\hugegraph-test\src\main\java\com\baidu\hugegraph\unit\core\LocksTableTest.java,41,1,309,2,0.423135,2,4,4,0.275093,0.342246,74,64,2,1,1,14,6,2,2,7,20,0.0,0.010582,2,0,0,11,0.010582,2,1,1,0,0,1,187,269,2,0,2,0,13,0,10,0,17,134,0,12,0,187,269,2,0,2,0,13,0,10,0,17,134,0,12,0,0,2,63,7,5,2,33,5,1,0,0,0,29,0,7,0,0,0,0,0,0
452,L35482,PageStateTest,com.baidu.hugegraph.unit.core.PageStateTest,L35309,L103,C:\Users\domco\Desktop\DP\repos\incubator-hugegraph\hugegraph-test\src\main\java\com\baidu\hugegraph\unit\core\PageStateTest.java,30,1,90,2,0.0,0,0,0,0.0,0.0,0,0,3,0,0,4,2,1,0,6,10,0.0,0.0232558,1,0,0,5,0.0232558,1,0,0,0,0,0,42,61,2,0,2,0,4,0,4,0,4,14,0,4,0,42,61,2,0,2,0,4,0,4,0,4,14,0,4,0,0,0,12,0,2,0,0,0,1,0,0,2,11,0,0,0,0,0,0,0,0
453,L35492,QueryTest,com.baidu.hugegraph.unit.core.QueryTest,L35309,L103,C:\Users\domco\Desktop\DP\repos\incubator-hugegraph\hugegraph-test\src\main\java\com\baidu\hugegraph\unit\core\QueryTest.java,38,1,167,2,0.0,0,0,0,0.0,0.0,0,0,4,0,0,4,10,1,0,23,27,0.0,0.0,0,0,0,5,0.0,0,0,0,0,0,0,111,130,0,0,0,0,4,0,4,0,4,65,0,4,0,111,130,0,0,0,0,4,0,4,0,4,65,0,4,0,0,0,13,0,0,0,0,0,1,0,1,0,11,0,0,0,0,0,0,0,0
454,L35504,RangeTest,com.baidu.hugegraph.unit.core.RangeTest,L35309,L103,C:\Users\domco\Desktop\DP\repos\incubator-hugegraph\hugegraph-test\src\main\java\com\baidu\hugegraph\unit\core\RangeTest.java,33,1,172,2,0.0,0,0,0,0.0,0.0,0,0,4,1,1,10,2,1,0,4,10,0.0,0.0258621,3,0,0,7,0.0258621,3,0,0,0,0,0,113,140,2,0,2,0,6,0,6,0,6,86,0,6,0,113,140,2,0,2,0,6,0,6,0,6,86,0,6,0,0,2,12,1,0,0,0,0,1,0,0,0,11,0,3,0,0,0,0,0,0
455,L35516,RolePermissionTest,com.baidu.hugegraph.unit.core.RolePermissionTest,L35309,L103,C:\Users\domco\Desktop\DP\repos\incubator-hugegraph\hugegraph-test\src\main\java\com\baidu\hugegraph\unit\core\RolePermissionTest.java,42,1,365,2,0.382488,10,20,20,0.358025,0.343096,116,82,6,0,0,9,14,1,0,24,33,0.0,0.0323887,8,0,0,9,0.0323887,8,0,0,0,0,0,239,324,0,0,0,0,9,0,8,0,9,174,0,8,0,239,324,0,0,0,0,9,0,8,0,9,174,0,8,0,0,0,49,3,0,0,25,0,1,0,1,0,21,0,3,0,0,0,0,1,0
456,L35544,RowLockTest,com.baidu.hugegraph.unit.core.RowLockTest,L35309,L103,C:\Users\domco\Desktop\DP\repos\incubator-hugegraph\hugegraph-test\src\main\java\com\baidu\hugegraph\unit\core\RowLockTest.java,39,1,101,2,0.0,0,0,0,0.0,0.0,0,0,2,1,1,6,3,1,0,5,10,0.0,0.0,0,0,0,6,0.0,0,1,1,0,0,1,39,63,3,0,3,0,5,0,5,0,9,18,0,7,0,39,63,3,0,3,0,5,0,5,0,9,18,0,7,0,0,2,14,1,0,1,0,0,1,0,0,0,13,0,2,0,0,0,0,0,0
457,L35564,SecurityManagerTest,com.baidu.hugegraph.unit.core.SecurityManagerTest,L35309,L103,C:\Users\domco\Desktop\DP\repos\incubator-hugegraph\hugegraph-test\src\main\java\com\baidu\hugegraph\unit\core\SecurityManagerTest.java,56,1,335,2,0.0,0,0,0,0.0,0.0,0,0,1,1,1,30,12,1,0,31,53,0.0,0.0759494,18,0,0,20,0.0759494,18,0,0,0,0,0,219,280,2,0,2,0,22,0,19,0,22,116,0,19,0,219,280,2,0,2,0,22,0,19,0,22,116,0,19,0,0,5,51,8,4,9,0,1,0,0,2,1,47,0,1,0,0,5,0,2,0
458,L35663,SerialEnumTest,com.baidu.hugegraph.unit.core.SerialEnumTest,L35309,L103,C:\Users\domco\Desktop\DP\repos\incubator-hugegraph\hugegraph-test\src\main\java\com\baidu\hugegraph\unit\core\SerialEnumTest.java,28,1,45,2,0.0,0,0,0,0.0,0.0,0,0,2,0,0,2,2,1,0,2,4,0.0,0.0,0,0,0,3,0.0,0,0,0,0,0,0,16,18,0,0,0,0,2,0,2,0,2,5,0,2,0,16,18,0,0,0,0,2,0,2,0,2,5,0,2,0,0,0,8,0,0,0,0,0,1,0,0,0,7,0,0,0,0,0,0,0,0
459,L35667,TraversalUtilTest,com.baidu.hugegraph.unit.core.TraversalUtilTest,L35309,L103,C:\Users\domco\Desktop\DP\repos\incubator-hugegraph\hugegraph-test\src\main\java\com\baidu\hugegraph\unit\core\TraversalUtilTest.java,30,1,341,2,0.487757,12,49,49,0.673077,0.562842,210,103,3,0,0,3,2,1,0,1,4,0.0,0.0108108,2,0,0,4,0.0108108,2,0,0,0,0,0,183,312,0,0,0,0,3,0,3,0,3,68,0,3,0,183,312,0,0,0,0,3,0,3,0,3,68,0,3,0,0,0,34,6,0,0,21,0,1,0,0,0,9,0,6,0,0,0,0,3,0
460,L35716,EdgeIdTest,com.baidu.hugegraph.unit.id.EdgeIdTest,L35711,L103,C:\Users\domco\Desktop\DP\repos\incubator-hugegraph\hugegraph-test\src\main\java\com\baidu\hugegraph\unit\id\EdgeIdTest.java,36,1,119,2,0.0,0,0,0,0.0,0.0,0,0,6,0,0,6,5,1,0,5,11,0.0,0.027027,2,0,0,7,0.027027,2,1,1,0,0,1,72,84,0,0,0,0,6,0,6,0,10,28,0,8,0,72,84,0,0,0,0,6,0,6,0,10,28,0,8,0,0,2,12,2,0,0,0,0,1,0,0,0,11,0,4,0,0,0,0,0,0
461,L35724,IdTest,com.baidu.hugegraph.unit.id.IdTest,L35711,L103,C:\Users\domco\Desktop\DP\repos\incubator-hugegraph\hugegraph-test\src\main\java\com\baidu\hugegraph\unit\id\IdTest.java,36,1,225,2,0.0,0,0,0,0.0,0.0,0,0,6,0,0,6,5,1,0,18,24,0.0,0.0,0,0,0,7,0.0,0,1,1,0,0,1,149,190,0,0,0,0,6,0,6,0,10,112,0,8,0,149,190,0,0,0,0,6,0,6,0,10,112,0,8,0,0,0,19,3,0,0,0,0,1,0,3,0,15,0,3,0,0,0,0,0,0
462,L35733,IdUtilTest,com.baidu.hugegraph.unit.id.IdUtilTest,L35711,L103,C:\Users\domco\Desktop\DP\repos\incubator-hugegraph\hugegraph-test\src\main\java\com\baidu\hugegraph\unit\id\IdUtilTest.java,32,1,160,2,0.0,0,0,0,0.0,0.0,0,0,5,1,1,7,4,1,0,12,18,0.0,0.0,0,0,0,6,0.0,0,0,0,0,0,0,106,129,0,0,0,0,6,0,5,0,6,85,0,5,0,106,129,0,0,0,0,6,0,5,0,6,85,0,5,0,0,0,16,3,0,0,0,0,1,0,0,0,15,0,2,0,0,1,0,0,0
463,L35751,MysqlUtilTest,com.baidu.hugegraph.unit.mysql.MysqlUtilTest,L35747,L103,C:\Users\domco\Desktop\DP\repos\incubator-hugegraph\hugegraph-test\src\main\java\com\baidu\hugegraph\unit\mysql\MysqlUtilTest.java,28,1,62,2,0.0,0,0,0,0.0,0.0,0,0,2,0,0,2,2,1,0,2,4,0.0,0.0,0,0,0,3,0.0,0,1,1,0,0,1,31,35,0,0,0,0,2,0,2,0,6,17,0,4,0,31,35,0,0,0,0,2,0,2,0,6,17,0,4,0,0,0,8,0,0,0,0,0,1,0,0,0,7,0,0,0,0,0,0,0,0
464,L35755,WhereBuilderTest,com.baidu.hugegraph.unit.mysql.WhereBuilderTest,L35747,L103,C:\Users\domco\Desktop\DP\repos\incubator-hugegraph\hugegraph-test\src\main\java\com\baidu\hugegraph\unit\mysql\WhereBuilderTest.java,31,1,125,2,0.328185,2,3,3,0.357895,0.324324,34,24,4,0,0,4,4,1,0,10,14,0.0,0.0,0,0,0,5,0.0,0,1,1,0,0,1,74,95,0,0,0,0,4,0,4,0,8,51,0,6,0,74,95,0,0,0,0,4,0,4,0,8,51,0,6,0,0,0,24,2,0,0,12,0,1,0,0,0,11,0,2,0,0,0,0,0,0
465,L35769,BaseRocksDBUnitTest,com.baidu.hugegraph.unit.rocksdb.BaseRocksDBUnitTest,L35763,L103,C:\Users\domco\Desktop\DP\repos\incubator-hugegraph\hugegraph-test\src\main\java\com\baidu\hugegraph\unit\rocksdb\BaseRocksDBUnitTest.java,39,1,127,2,0.0,0,0,0,0.0,0.0,0,0,3,1,1,16,7,3,23,12,25,0.0,0.0547945,4,0,0,4,0.0547945,4,1,1,3,3,1,69,89,4,0,4,0,13,0,3,0,17,28,0,5,0,69,89,4,0,4,0,13,0,3,0,17,28,0,5,0,0,0,28,0,5,0,0,4,1,0,0,0,27,0,1,0,0,0,0,0,0
466,L35810,RocksDBCountersTest,com.baidu.hugegraph.unit.rocksdb.RocksDBCountersTest,L35763,L103,C:\Users\domco\Desktop\DP\repos\incubator-hugegraph\hugegraph-test\src\main\java\com\baidu\hugegraph\unit\rocksdb\RocksDBCountersTest.java,37,1,126,2,0.0,0,0,0,0.0,0.0,0,0,2,2,2,9,10,1,0,9,14,0.0,0.0447761,3,0,0,5,0.0447761,3,2,2,0,0,1,64,90,7,0,3,0,5,0,4,0,22,44,0,9,0,64,90,7,0,3,0,5,0,4,0,22,44,0,9,0,0,1,14,0,1,0,0,1,1,0,0,0,13,0,1,0,0,0,0,0,0
467,L35835,RocksDBPerfTest,com.baidu.hugegraph.unit.rocksdb.RocksDBPerfTest,L35763,L103,C:\Users\domco\Desktop\DP\repos\incubator-hugegraph\hugegraph-test\src\main\java\com\baidu\hugegraph\unit\rocksdb\RocksDBPerfTest.java,33,1,174,2,0.0,0,0,0,0.0,0.0,0,0,1,3,3,20,5,0,0,9,18,0.0,0.0252101,3,0,0,10,0.0252101,3,2,2,0,0,1,116,142,5,0,1,0,9,0,9,0,26,93,0,14,0,116,142,5,0,1,0,9,0,9,0,26,93,0,14,0,0,0,21,13,1,9,0,1,0,0,0,0,21,0,4,0,0,0,0,0,0
468,L35860,RocksDBSessionsTest,com.baidu.hugegraph.unit.rocksdb.RocksDBSessionsTest,L35763,L103,C:\Users\domco\Desktop\DP\repos\incubator-hugegraph\hugegraph-test\src\main\java\com\baidu\hugegraph\unit\rocksdb\RocksDBSessionsTest.java,35,1,471,2,0.283917,9,23,23,0.313501,0.315315,137,105,2,1,1,20,4,1,0,17,33,0.0,0.00597015,2,0,0,17,0.00597015,2,2,2,0,0,1,333,437,4,0,0,0,16,0,16,0,33,273,0,21,0,333,437,4,0,0,0,16,0,16,0,33,273,0,21,0,0,0,100,15,2,0,63,2,1,0,0,0,35,0,15,0,0,0,0,1,0
469,L35899,BinaryBackendEntryTest,com.baidu.hugegraph.unit.serializer.BinaryBackendEntryTest,L35889,L103,C:\Users\domco\Desktop\DP\repos\incubator-hugegraph\hugegraph-test\src\main\java\com\baidu\hugegraph\unit\serializer\BinaryBackendEntryTest.java,31,1,115,2,0.266667,1,2,2,0.258824,0.273973,22,20,4,0,0,4,4,1,0,8,12,0.0,0.0,0,0,0,5,0.0,0,1,1,0,0,1,73,85,0,0,0,0,4,0,4,0,8,44,0,6,0,73,85,0,0,0,0,4,0,4,0,8,44,0,6,0,0,0,29,0,0,0,17,0,1,0,0,0,11,0,0,0,0,0,0,0,0
470,L35908,BinaryScatterSerializerTest,com.baidu.hugegraph.unit.serializer.BinaryScatterSerializerTest,L35889,L103,C:\Users\domco\Desktop\DP\repos\incubator-hugegraph\hugegraph-test\src\main\java\com\baidu\hugegraph\unit\serializer\BinaryScatterSerializerTest.java,34,1,93,2,0.441989,1,1,1,0.4,0.4,24,20,2,1,1,4,11,1,0,19,22,0.0,0.0,0,0,0,3,0.0,0,1,1,0,0,1,50,60,0,0,0,0,3,0,2,0,7,36,0,4,0,50,60,0,0,0,0,3,0,2,0,7,36,0,4,0,0,0,24,0,0,0,12,0,1,0,2,0,9,0,0,0,0,0,0,0,0
471,L35918,BinarySerializerTest,com.baidu.hugegraph.unit.serializer.BinarySerializerTest,L35889,L103,C:\Users\domco\Desktop\DP\repos\incubator-hugegraph\hugegraph-test\src\main\java\com\baidu\hugegraph\unit\serializer\BinarySerializerTest.java,33,1,82,2,0.503145,1,1,1,0.48,0.487805,24,20,2,0,0,2,7,1,0,13,15,0.0,0.0,0,0,0,3,0.0,0,1,1,0,0,1,41,50,0,0,0,0,2,0,2,0,6,31,0,4,0,41,50,0,0,0,0,2,0,2,0,6,31,0,4,0,0,0,21,0,0,0,12,0,1,0,1,0,7,0,0,0,0,0,0,0,0
472,L35923,BytesBufferTest,com.baidu.hugegraph.unit.serializer.BytesBufferTest,L35889,L103,C:\Users\domco\Desktop\DP\repos\incubator-hugegraph\hugegraph-test\src\main\java\com\baidu\hugegraph\unit\serializer\BytesBufferTest.java,48,1,1078,2,0.588381,18,49,49,0.529583,0.544393,546,466,7,2,2,29,10,1,0,32,52,0.0,0.0228311,20,0,0,15,0.0228311,20,1,1,0,0,1,856,1031,0,0,0,0,20,0,14,0,24,654,0,16,0,856,1031,0,0,0,0,20,0,14,0,24,654,0,16,0,0,0,125,7,16,2,60,14,1,0,1,0,43,0,6,0,0,1,0,20,0
473,L35985,SerializerFactoryTest,com.baidu.hugegraph.unit.serializer.SerializerFactoryTest,L35889,L103,C:\Users\domco\Desktop\DP\repos\incubator-hugegraph\hugegraph-test\src\main\java\com\baidu\hugegraph\unit\serializer\SerializerFactoryTest.java,33,1,89,2,0.194245,2,2,2,0.368421,0.257143,21,9,2,0,0,2,8,1,0,2,4,0.0,0.0909091,3,0,0,3,0.0789474,3,1,1,0,0,1,30,51,0,0,0,0,2,0,2,0,6,12,0,4,0,35,57,3,0,0,0,3,0,3,0,64,13,1,26,0,0,0,27,1,0,0,11,0,1,0,0,0,12,0,1,0,0,0,0,3,0
474,L35993,StoreSerializerTest,com.baidu.hugegraph.unit.serializer.StoreSerializerTest,L35889,L103,C:\Users\domco\Desktop\DP\repos\incubator-hugegraph\hugegraph-test\src\main\java\com\baidu\hugegraph\unit\serializer\StoreSerializerTest.java,39,1,92,2,0.0,0,0,0,0.0,0.0,0,0,2,1,1,3,11,1,0,28,30,0.0,0.0,0,0,0,3,0.0,0,0,0,0,0,0,49,54,0,0,0,0,2,0,2,0,2,36,0,2,0,49,54,0,0,0,0,2,0,2,0,2,36,0,2,0,0,0,10,0,0,0,0,0,1,0,2,0,7,0,0,0,0,0,0,0,0
475,L36000,TableBackendEntryTest,com.baidu.hugegraph.unit.serializer.TableBackendEntryTest,L35889,L103,C:\Users\domco\Desktop\DP\repos\incubator-hugegraph\hugegraph-test\src\main\java\com\baidu\hugegraph\unit\serializer\TableBackendEntryTest.java,38,1,194,2,0.260143,1,2,2,0.178344,0.178862,28,22,9,0,0,9,8,1,0,18,27,0.0,0.0,0,0,0,10,0.0,0,1,1,0,0,1,123,157,0,0,0,0,9,0,9,0,13,70,0,11,0,123,157,0,0,0,0,9,0,9,0,13,70,0,11,0,0,0,39,0,0,0,17,0,1,0,0,0,21,0,0,0,0,0,0,0,0
476,L36018,TextBackendEntryTest,com.baidu.hugegraph.unit.serializer.TextBackendEntryTest,L35889,L103,C:\Users\domco\Desktop\DP\repos\incubator-hugegraph\hugegraph-test\src\main\java\com\baidu\hugegraph\unit\serializer\TextBackendEntryTest.java,33,1,96,2,0.0,0,0,0,0.0,0.0,0,0,3,0,0,3,6,1,0,9,12,0.0,0.0,0,0,0,4,0.0,0,1,1,0,0,1,55,64,0,0,0,0,3,0,3,0,7,34,0,5,0,55,64,0,0,0,0,3,0,3,0,7,34,0,5,0,0,0,10,1,0,0,0,0,1,0,0,0,9,0,1,0,0,0,0,0,0
477,L36113,CompressUtilTest,com.baidu.hugegraph.unit.util.CompressUtilTest,L36117,L103,C:\Users\domco\Desktop\DP\repos\incubator-hugegraph\hugegraph-test\src\main\java\com\baidu\hugegraph\unit\util\CompressUtilTest.java,40,1,134,2,0.379052,1,2,2,0.442105,0.461538,42,36,1,1,1,4,1,1,0,4,8,0.0,0.0735294,5,0,0,3,0.0823529,7,0,0,0,0,0,63,76,0,0,0,0,4,0,2,0,4,44,0,2,0,78,95,0,0,0,0,5,0,3,0,5,52,0,3,0,0,0,35,0,0,0,19,0,0,0,0,0,16,0,0,0,0,0,0,0,0
478,L36107,JsonUtilTest,com.baidu.hugegraph.unit.util.JsonUtilTest,L36117,L103,C:\Users\domco\Desktop\DP\repos\incubator-hugegraph\hugegraph-test\src\main\java\com\baidu\hugegraph\unit\util\JsonUtilTest.java,59,1,306,2,0.393059,2,5,5,0.302419,0.314815,75,68,11,0,0,11,26,1,0,26,37,0.0,0.0,0,0,0,12,0.0,0,1,1,0,0,1,216,248,0,0,0,0,11,0,11,0,15,82,0,13,0,216,248,0,0,0,0,11,0,11,0,15,82,0,13,0,0,0,71,5,4,0,37,4,1,0,5,0,28,0,5,0,0,0,0,0,0
479,L36110,StringEncodingTest,com.baidu.hugegraph.unit.util.StringEncodingTest,L36117,L103,C:\Users\domco\Desktop\DP\repos\incubator-hugegraph\hugegraph-test\src\main\java\com\baidu\hugegraph\unit\util\StringEncodingTest.java,30,1,186,2,0.0,0,0,0,0.0,0.0,0,0,12,0,0,12,1,1,0,14,26,0.0,0.0,0,0,0,13,0.0,0,0,0,0,0,0,132,157,0,0,0,0,12,0,12,0,12,62,0,12,0,132,157,0,0,0,0,12,0,12,0,12,62,0,12,0,0,0,28,3,0,0,0,0,1,0,0,0,27,0,3,0,0,0,0,0,0
480,L36104,VersionTest,com.baidu.hugegraph.unit.util.VersionTest,L36117,L103,C:\Users\domco\Desktop\DP\repos\incubator-hugegraph\hugegraph-test\src\main\java\com\baidu\hugegraph\unit\util\VersionTest.java,28,1,44,2,0.0,0,0,0,0.0,0.0,0,0,2,0,0,2,1,1,0,1,3,0.0,0.0666667,1,0,0,3,0.0666667,1,0,0,0,0,0,14,17,0,0,0,0,2,0,2,0,2,6,0,2,0,14,17,0,0,0,0,2,0,2,0,2,6,0,2,0,0,0,8,1,0,1,0,0,1,0,0,0,7,0,0,0,0,0,0,0,0
481,L348,AccessAPI$JsonAccess,com.baidu.hugegraph.api.auth.AccessAPI$JsonAccess,L334,L103,C:\Users\domco\Desktop\DP\repos\incubator-hugegraph\hugegraph-api\src\main\java\com\baidu\hugegraph\api\auth\AccessAPI.java,161,5,213,6,0.0,0,0,0,0.0,0.0,0,0,1,1,1,8,4,1,2,7,11,0.0,0.0,0,0,0,5,0.0,0,1,1,0,0,1,48,53,4,0,4,0,4,0,4,0,4,14,0,4,0,48,53,4,0,4,0,4,0,4,0,4,14,0,4,0,0,0,11,0,1,0,0,1,0,0,0,0,11,0,0,0,0,0,0,0,0
482,L465,BelongAPI$JsonBelong,com.baidu.hugegraph.api.auth.BelongAPI$JsonBelong,L458,L103,C:\Users\domco\Desktop\DP\repos\incubator-hugegraph\hugegraph-api\src\main\java\com\baidu\hugegraph\api\auth\BelongAPI.java,160,5,204,6,0.0,0,0,0,0.0,0.0,0,0,1,1,1,7,3,1,2,5,9,0.0,0.0,0,0,0,5,0.0,0,1,1,0,0,1,40,45,3,0,3,0,4,0,4,0,4,11,0,4,0,40,45,3,0,3,0,4,0,4,0,4,11,0,4,0,0,0,11,0,1,0,0,1,0,0,0,0,11,0,0,0,0,0,0,0,0
483,L538,GroupAPI$JsonGroup,com.baidu.hugegraph.api.auth.GroupAPI$JsonGroup,L531,L103,C:\Users\domco\Desktop\DP\repos\incubator-hugegraph\hugegraph-api\src\main\java\com\baidu\hugegraph\api\auth\GroupAPI.java,146,5,181,6,0.0,0,0,0,0.0,0.0,0,0,1,1,1,6,2,1,2,3,7,0.0,0.0,0,0,0,5,0.0,0,1,1,0,0,1,31,36,2,0,2,0,4,0,4,0,4,9,0,4,0,31,36,2,0,2,0,4,0,4,0,4,9,0,4,0,0,0,11,0,1,0,0,1,0,0,0,0,11,0,0,0,0,0,0,0,0
484,L603,TargetAPI$JsonTarget,com.baidu.hugegraph.api.auth.TargetAPI$JsonTarget,L596,L103,C:\Users\domco\Desktop\DP\repos\incubator-hugegraph\hugegraph-api\src\main\java\com\baidu\hugegraph\api\auth\TargetAPI.java,147,5,201,6,0.0,0,0,0,0.0,0.0,0,0,1,1,1,10,3,1,2,6,10,0.0,0.02,1,0,0,5,0.02,1,1,1,0,0,1,49,55,4,0,4,0,4,0,4,0,4,15,0,4,0,49,55,4,0,4,0,4,0,4,0,4,15,0,4,0,0,0,11,0,1,0,0,1,0,0,0,0,11,0,0,0,0,0,0,0,0
485,L679,UserAPI$JsonUser,com.baidu.hugegraph.api.auth.UserAPI$JsonUser,L672,L103,C:\Users\domco\Desktop\DP\repos\incubator-hugegraph\hugegraph-api\src\main\java\com\baidu\hugegraph\api\auth\UserAPI.java,167,5,225,6,0.211864,1,4,1,0.169492,0.185185,10,10,1,1,1,12,3,1,2,7,11,0.0,0.0,0,0,0,5,0.0,0,1,1,0,0,1,54,59,5,0,5,0,4,0,4,0,4,19,0,4,0,54,59,5,0,5,0,4,0,4,0,4,19,0,4,0,0,0,22,0,1,0,11,1,0,0,0,0,11,0,0,0,0,0,0,0,0
486,L782,AuthenticationFilter$Authorizer,com.baidu.hugegraph.api.filter.AuthenticationFilter$Authorizer,L767,L103,C:\Users\domco\Desktop\DP\repos\incubator-hugegraph\hugegraph-api\src\main\java\com\baidu\hugegraph\api\filter\AuthenticationFilter.java,133,5,238,6,0.0,0,0,0,0.0,0.0,0,0,1,1,1,16,7,2,1,6,15,0.0,0.057971,4,0,0,8,0.045977,4,0,0,0,0,0,65,84,3,3,3,3,9,0,7,0,9,30,0,7,0,83,106,3,4,3,4,13,0,11,0,13,34,0,11,0,0,0,33,0,0,0,0,0,1,0,0,0,32,0,0,0,0,0,0,0,0
487,L963,ExceptionFilter$TracedExceptionMapper,com.baidu.hugegraph.api.filter.ExceptionFilter$TracedExceptionMapper,L958,L103,C:\Users\domco\Desktop\DP\repos\incubator-hugegraph\hugegraph-api\src\main\java\com\baidu\hugegraph\api\filter\ExceptionFilter.java,55,5,67,6,0.0,0,0,0,0.0,0.0,0,0,1,1,1,2,1,4,3,0,1,0.0,0.0,0,0,0,1,0.0,0,0,0,4,4,0,11,13,1,0,1,0,1,0,0,0,1,4,0,0,0,11,13,1,0,1,0,1,0,0,0,1,4,0,0,0,0,0,5,0,0,0,0,0,0,0,0,0,5,0,0,0,0,0,0,0,0
488,L970,ExceptionFilter$HugeExceptionMapper,com.baidu.hugegraph.api.filter.ExceptionFilter$HugeExceptionMapper,L958,L103,C:\Users\domco\Desktop\DP\repos\incubator-hugegraph\hugegraph-api\src\main\java\com\baidu\hugegraph\api\filter\ExceptionFilter.java,69,5,80,6,0.0,0,0,0,0.0,0.0,0,0,1,0,0,1,2,0,0,1,2,0.0,0.0,0,0,0,2,0.0,0,0,0,0,0,0,11,12,0,0,0,0,1,0,1,0,1,1,0,1,0,11,12,0,0,0,0,1,0,1,0,1,1,0,1,0,0,0,5,0,0,0,0,0,0,0,0,0,5,0,0,0,0,0,0,0,0
489,L977,ExceptionFilter$IllegalArgumentExceptionMapper,com.baidu.hugegraph.api.filter.ExceptionFilter$IllegalArgumentExceptionMapper,L958,L103,C:\Users\domco\Desktop\DP\repos\incubator-hugegraph\hugegraph-api\src\main\java\com\baidu\hugegraph\api\filter\ExceptionFilter.java,82,5,93,6,0.0,0,0,0,0.0,0.0,0,0,1,0,0,1,1,0,0,1,2,0.0,0.0,0,0,0,2,0.0,0,0,0,0,0,0,11,12,0,0,0,0,1,0,1,0,1,1,0,1,0,11,12,0,0,0,0,1,0,1,0,1,1,0,1,0,0,0,5,0,0,0,0,0,0,0,0,0,5,0,0,0,0,0,0,0,0
490,L981,ExceptionFilter$NotFoundExceptionMapper,com.baidu.hugegraph.api.filter.ExceptionFilter$NotFoundExceptionMapper,L958,L103,C:\Users\domco\Desktop\DP\repos\incubator-hugegraph\hugegraph-api\src\main\java\com\baidu\hugegraph\api\filter\ExceptionFilter.java,95,5,106,6,0.0,0,0,0,0.0,0.0,0,0,1,0,0,1,2,0,0,1,2,0.0,0.0,0,0,0,2,0.0,0,0,0,0,0,0,11,12,0,0,0,0,1,0,1,0,1,1,0,1,0,11,12,0,0,0,0,1,0,1,0,1,1,0,1,0,0,0,5,0,0,0,0,0,0,0,0,0,5,0,0,0,0,0,0,0,0
491,L986,ExceptionFilter$NoSuchElementExceptionMapper,com.baidu.hugegraph.api.filter.ExceptionFilter$NoSuchElementExceptionMapper,L958,L103,C:\Users\domco\Desktop\DP\repos\incubator-hugegraph\hugegraph-api\src\main\java\com\baidu\hugegraph\api\filter\ExceptionFilter.java,108,5,119,6,0.0,0,0,0,0.0,0.0,0,0,1,0,0,1,1,0,0,1,2,0.0,0.0,0,0,0,2,0.0,0,0,0,0,0,0,11,12,0,0,0,0,1,0,1,0,1,1,0,1,0,11,12,0,0,0,0,1,0,1,0,1,1,0,1,0,0,0,5,0,0,0,0,0,0,0,0,0,5,0,0,0,0,0,0,0,0
492,L993,ExceptionFilter$WebApplicationExceptionMapper,com.baidu.hugegraph.api.filter.ExceptionFilter$WebApplicationExceptionMapper,L958,L103,C:\Users\domco\Desktop\DP\repos\incubator-hugegraph\hugegraph-api\src\main\java\com\baidu\hugegraph\api\filter\ExceptionFilter.java,121,5,145,6,0.0,0,0,0,0.0,0.0,0,0,1,1,1,4,2,0,0,2,4,0.0,0.0,0,0,0,2,0.0,0,1,1,0,0,1,23,25,1,0,0,0,2,0,1,0,3,9,0,1,0,23,25,1,0,0,0,2,0,1,0,3,9,0,1,0,0,0,7,0,0,0,0,0,0,0,0,0,7,0,0,0,0,0,0,0,0
493,L1007,ExceptionFilter$HugeGremlinExceptionMapper,com.baidu.hugegraph.api.filter.ExceptionFilter$HugeGremlinExceptionMapper,L958,L103,C:\Users\domco\Desktop\DP\repos\incubator-hugegraph\hugegraph-api\src\main\java\com\baidu\hugegraph\api\filter\ExceptionFilter.java,147,5,160,6,0.0,0,0,0,0.0,0.0,0,0,1,0,0,1,3,0,0,3,4,0.0,0.0,0,0,0,2,0.0,0,1,1,0,0,1,13,14,1,0,0,0,1,0,1,0,2,1,0,1,0,13,14,1,0,0,0,1,0,1,0,2,1,0,1,0,0,0,5,0,0,0,0,0,0,0,0,0,5,0,0,0,0,0,0,0,0
494,L1018,ExceptionFilter$AssertionErrorMapper,com.baidu.hugegraph.api.filter.ExceptionFilter$AssertionErrorMapper,L958,L103,C:\Users\domco\Desktop\DP\repos\incubator-hugegraph\hugegraph-api\src\main\java\com\baidu\hugegraph\api\filter\ExceptionFilter.java,162,5,173,6,0.0,0,0,0,0.0,0.0,0,0,1,0,0,1,2,0,0,1,2,0.0,0.0,0,0,0,2,0.0,0,1,1,0,0,1,11,12,1,0,0,0,1,0,1,0,2,1,0,1,0,11,12,1,0,0,0,1,0,1,0,2,1,0,1,0,0,0,5,0,0,0,0,0,0,0,0,0,5,0,0,0,0,0,0,0,0
495,L1022,ExceptionFilter$UnknownExceptionMapper,com.baidu.hugegraph.api.filter.ExceptionFilter$UnknownExceptionMapper,L958,L103,C:\Users\domco\Desktop\DP\repos\incubator-hugegraph\hugegraph-api\src\main\java\com\baidu\hugegraph\api\filter\ExceptionFilter.java,175,5,190,6,0.0,0,0,0,0.0,0.0,0,0,1,1,1,3,2,0,0,2,3,0.0,0.0,0,0,0,2,0.0,0,1,1,0,0,1,15,16,1,0,0,0,1,0,1,0,2,3,0,1,0,15,16,1,0,0,0,1,0,1,0,2,3,0,1,0,0,0,5,0,1,1,0,0,0,0,0,0,5,0,0,0,0,0,0,0,0
496,L1156,BatchAPI$JsonElement,com.baidu.hugegraph.api.graph.BatchAPI$JsonElement,L1125,L103,C:\Users\domco\Desktop\DP\repos\incubator-hugegraph\hugegraph-api\src\main\java\com\baidu\hugegraph\api\graph\BatchAPI.java,83,5,102,6,0.0,0,0,0,0.0,0.0,0,0,0,0,0,3,1,5,0,0,3,0.0,0.0,0,0,0,3,0.0,0,1,1,2,2,1,16,20,4,0,4,0,3,4,2,0,3,0,4,2,0,16,20,4,0,4,0,3,4,2,0,3,0,4,2,0,0,0,13,0,2,0,0,1,0,0,0,0,9,0,1,0,0,0,0,4,0
497,L1249,EdgeAPI$BatchEdgeRequest,com.baidu.hugegraph.api.graph.EdgeAPI$BatchEdgeRequest,L1202,L103,C:\Users\domco\Desktop\DP\repos\incubator-hugegraph\hugegraph-api\src\main\java\com\baidu\hugegraph\api\graph\EdgeAPI.java,470,5,501,6,0.481132,1,1,1,0.34375,0.37931,11,11,1,0,0,3,2,1,1,0,2,0.0,0.0,0,0,0,2,0.0,0,0,0,0,0,0,29,32,4,0,4,0,2,4,1,0,2,5,4,1,0,29,32,4,0,4,0,2,4,1,0,2,5,4,1,0,0,0,22,0,2,0,11,0,0,0,0,1,7,0,0,0,0,1,0,4,0
498,L1212,EdgeAPI$JsonEdge,com.baidu.hugegraph.api.graph.EdgeAPI$JsonEdge,L1202,L103,C:\Users\domco\Desktop\DP\repos\incubator-hugegraph\hugegraph-api\src\main\java\com\baidu\hugegraph\api\graph\EdgeAPI.java,503,5,564,6,0.25,1,2,1,0.209677,0.214286,13,12,1,1,1,9,2,2,0,1,5,0.0,0.0,0,0,0,5,0.0,0,2,2,0,0,1,56,62,8,0,4,0,4,4,4,0,4,15,8,3,0,56,62,8,0,4,0,4,4,4,0,4,15,8,3,0,0,0,26,0,0,0,11,0,0,0,0,0,11,0,0,0,0,0,0,4,0
499,L1454,VertexAPI$BatchVertexRequest,com.baidu.hugegraph.api.graph.VertexAPI$BatchVertexRequest,L1423,L103,C:\Users\domco\Desktop\DP\repos\incubator-hugegraph\hugegraph-api\src\main\java\com\baidu\hugegraph\api\graph\VertexAPI.java,392,5,420,6,0.536842,1,1,1,0.37931,0.423077,11,11,1,0,0,3,2,1,1,0,2,0.0,0.0,0,0,0,2,0.0,0,0,0,0,0,0,26,29,3,0,3,0,2,3,1,0,2,5,3,1,0,26,29,3,0,3,0,2,3,1,0,2,5,3,1,0,0,0,22,0,1,0,11,0,0,0,0,1,7,0,0,0,0,0,0,4,0
500,L1432,VertexAPI$JsonVertex,com.baidu.hugegraph.api.graph.VertexAPI$JsonVertex,L1423,L103,C:\Users\domco\Desktop\DP\repos\incubator-hugegraph\hugegraph-api\src\main\java\com\baidu\hugegraph\api\graph\VertexAPI.java,422,5,463,6,0.327273,1,2,1,0.309524,0.324324,13,12,1,1,1,6,2,2,0,1,5,0.0,0.0,0,0,0,5,0.0,0,2,2,0,0,1,37,42,4,0,0,0,4,0,4,0,4,16,4,3,0,37,42,4,0,0,0,4,0,4,0,4,16,4,3,0,0,0,24,0,0,0,11,0,0,0,0,0,11,0,0,0,0,0,0,2,0
501,L1693,GremlinAPI$GremlinRequest,com.baidu.hugegraph.api.job.GremlinAPI$GremlinRequest,L1682,L103,C:\Users\domco\Desktop\DP\repos\incubator-hugegraph\hugegraph-api\src\main\java\com\baidu\hugegraph\api\job\GremlinAPI.java,93,5,208,6,0.0,0,0,0,0.0,0.0,0,0,1,1,1,17,5,2,3,3,17,0.0,0.0510204,5,1,0,15,0.0510204,5,1,1,0,0,1,93,116,4,0,4,0,14,0,14,0,15,42,0,15,0,93,116,4,0,4,0,14,0,14,0,15,42,0,15,0,0,0,31,0,4,0,0,0,0,0,0,0,31,0,4,0,0,0,0,0,0
502,L2105,ProfileAPI$APIProfiles,com.baidu.hugegraph.api.profile.ProfileAPI$APIProfiles,L2064,L103,C:\Users\domco\Desktop\DP\repos\incubator-hugegraph\hugegraph-api\src\main\java\com\baidu\hugegraph\api\profile\ProfileAPI.java,138,5,156,6,0.0,0,0,0,0.0,0.0,0,0,1,0,0,2,2,1,1,0,2,0.0,0.0,0,0,0,3,0.0,0,0,0,0,0,0,16,19,1,0,1,0,2,0,2,0,2,5,0,2,0,16,19,1,0,1,0,2,0,2,0,2,5,0,2,0,0,0,7,0,0,0,0,0,0,0,0,0,7,0,0,0,0,0,0,0,0
503,L2110,ProfileAPI$APIProfile,com.baidu.hugegraph.api.profile.ProfileAPI$APIProfile,L2064,L103,C:\Users\domco\Desktop\DP\repos\incubator-hugegraph\hugegraph-api\src\main\java\com\baidu\hugegraph\api\profile\ProfileAPI.java,158,5,210,6,0.0,0,0,0,0.0,0.0,0,0,1,3,2,5,1,2,1,2,4,0.0,0.0,0,0,0,3,0.0,0,0,0,0,0,0,30,34,3,0,3,0,2,0,2,0,2,15,0,2,0,46,53,6,0,6,0,4,0,4,0,4,19,0,4,0,0,0,14,0,0,0,0,0,0,0,0,0,14,0,0,0,0,0,0,0,0
504,L2089,ProfileAPI$APICategory,com.baidu.hugegraph.api.profile.ProfileAPI$APICategory,L2064,L103,C:\Users\domco\Desktop\DP\repos\incubator-hugegraph\hugegraph-api\src\main\java\com\baidu\hugegraph\api\profile\ProfileAPI.java,212,5,229,6,0.0,0,0,0,0.0,0.0,0,0,1,0,0,2,0,2,2,0,2,0.0,0.0,0,0,0,3,0.0,0,0,0,0,0,0,15,18,2,0,2,0,2,0,2,0,2,7,0,2,0,15,18,2,0,2,0,2,0,2,0,2,7,0,2,0,0,0,7,0,0,0,0,0,0,0,0,0,7,0,0,0,0,0,0,0,0
505,L2278,EdgeLabelAPI$JsonEdgeLabel,com.baidu.hugegraph.api.schema.EdgeLabelAPI$JsonEdgeLabel,L2269,L103,C:\Users\domco\Desktop\DP\repos\incubator-hugegraph\hugegraph-api\src\main\java\com\baidu\hugegraph\api\schema\EdgeLabelAPI.java,174,5,271,6,0.648241,8,59,9,0.489796,0.510638,48,48,1,1,1,15,9,1,2,15,18,0.333333,0.0309278,3,3,1,2,0.0309278,3,1,1,0,0,1,94,98,13,0,13,0,3,13,2,0,4,31,13,3,0,94,98,13,0,13,0,3,13,2,0,4,31,13,3,0,0,0,31,0,1,0,14,1,0,1,1,0,9,0,0,0,0,0,0,6,0
506,L2403,IndexLabelAPI$JsonIndexLabel,com.baidu.hugegraph.api.schema.IndexLabelAPI$JsonIndexLabel,L2394,L103,C:\Users\domco\Desktop\DP\repos\incubator-hugegraph\hugegraph-api\src\main\java\com\baidu\hugegraph\api\schema\IndexLabelAPI.java,193,5,290,6,0.282178,2,6,2,0.214286,0.225806,21,21,1,1,1,13,10,1,2,10,14,0.25,0.03125,3,3,1,3,0.03125,3,1,1,0,0,1,93,98,9,0,9,0,4,9,3,0,4,29,9,3,0,93,98,9,0,9,0,4,9,3,0,4,29,9,3,0,0,0,29,0,1,0,12,1,0,0,0,0,11,0,0,0,0,0,0,6,0
507,L2529,PropertyKeyAPI$JsonPropertyKey,com.baidu.hugegraph.api.schema.PropertyKeyAPI$JsonPropertyKey,L2520,L103,C:\Users\domco\Desktop\DP\repos\incubator-hugegraph\hugegraph-api\src\main\java\com\baidu\hugegraph\api\schema\PropertyKeyAPI.java,172,5,242,6,0.546816,5,24,5,0.380282,0.402985,27,27,1,1,1,10,11,1,2,9,12,0.333333,0.0428571,3,3,1,2,0.0428571,3,1,1,0,0,1,67,71,8,0,8,0,3,8,2,0,4,19,8,3,0,67,71,8,0,8,0,3,8,2,0,4,19,8,3,0,0,0,27,0,1,0,12,1,0,0,1,0,9,0,0,0,0,0,0,5,0
508,L2620,VertexLabelAPI$JsonVertexLabel,com.baidu.hugegraph.api.schema.VertexLabelAPI$JsonVertexLabel,L2611,L103,C:\Users\domco\Desktop\DP\repos\incubator-hugegraph\hugegraph-api\src\main\java\com\baidu\hugegraph\api\schema\VertexLabelAPI.java,177,5,263,6,0.649425,8,54,8,0.482759,0.506024,42,42,1,1,1,13,9,1,2,13,16,0.333333,0.0348837,3,3,1,2,0.0348837,3,1,1,0,0,1,83,87,11,0,11,0,3,11,2,0,4,27,11,3,0,83,87,11,0,11,0,3,11,2,0,4,27,11,3,0,0,0,29,0,1,0,12,1,0,1,1,0,9,0,0,0,0,0,0,6,0
509,L2777,CountAPI$CountRequest,com.baidu.hugegraph.api.traversers.CountAPI$CountRequest,L2770,L103,C:\Users\domco\Desktop\DP\repos\incubator-hugegraph\hugegraph-api\src\main\java\com\baidu\hugegraph\api\traversers\CountAPI.java,100,5,118,6,0.0,0,0,0,0.0,0.0,0,0,1,0,0,1,1,1,0,0,1,0.0,0.0,0,0,0,2,0.0,0,0,0,0,0,0,17,19,4,0,4,0,1,4,1,0,1,1,4,1,0,17,19,4,0,4,0,1,4,1,0,1,1,4,1,0,0,0,9,0,2,0,0,1,0,0,0,0,5,0,0,0,0,1,0,4,0
510,L2815,CountAPI$Step,com.baidu.hugegraph.api.traversers.CountAPI$Step,L2770,L103,C:\Users\domco\Desktop\DP\repos\incubator-hugegraph\hugegraph-api\src\main\java\com\baidu\hugegraph\api\traversers\CountAPI.java,120,5,147,6,0.0,0,0,0,0.0,0.0,0,0,1,0,0,2,3,2,1,1,3,0.0,0.0,0,0,0,2,0.0,0,0,0,0,0,0,25,28,5,0,5,0,2,5,1,0,2,2,5,1,0,25,28,5,0,5,0,2,5,1,0,2,2,5,1,0,0,0,11,0,1,0,0,1,0,0,0,0,7,0,0,0,0,0,0,4,0
511,L2875,CustomizedCrosspointsAPI$CrosspointsRequest,com.baidu.hugegraph.api.traversers.CustomizedCrosspointsAPI$CrosspointsRequest,L2868,L103,C:\Users\domco\Desktop\DP\repos\incubator-hugegraph\hugegraph-api\src\main\java\com\baidu\hugegraph\api\traversers\CustomizedCrosspointsAPI.java,133,5,156,6,0.0,0,0,0,0.0,0.0,0,0,1,0,0,1,2,1,0,0,1,0.0,0.0,0,0,0,2,0.0,0,0,0,0,0,0,22,24,6,0,6,0,1,6,1,0,1,1,6,1,0,22,24,6,0,6,0,1,6,1,0,1,1,6,1,0,0,0,10,0,2,0,0,0,0,0,0,0,5,0,0,0,0,2,0,5,0
512,L2955,CustomizedCrosspointsAPI$PathPattern,com.baidu.hugegraph.api.traversers.CustomizedCrosspointsAPI$PathPattern,L2868,L103,C:\Users\domco\Desktop\DP\repos\incubator-hugegraph\hugegraph-api\src\main\java\com\baidu\hugegraph\api\traversers\CustomizedCrosspointsAPI.java,158,5,167,6,0.0,0,0,0,0.0,0.0,0,0,1,0,0,1,1,2,0,0,1,0.0,0.0,0,0,0,2,0.0,0,0,0,0,0,0,8,10,1,0,1,0,1,1,1,0,1,1,1,1,0,8,10,1,0,1,0,1,1,1,0,1,1,1,1,0,0,0,9,0,0,0,0,0,0,0,0,0,5,0,0,0,0,0,0,4,0
513,L2950,CustomizedCrosspointsAPI$Step,com.baidu.hugegraph.api.traversers.CustomizedCrosspointsAPI$Step,L2868,L103,C:\Users\domco\Desktop\DP\repos\incubator-hugegraph\hugegraph-api\src\main\java\com\baidu\hugegraph\api\traversers\CustomizedCrosspointsAPI.java,169,5,198,6,0.0,0,0,0,0.0,0.0,0,0,1,0,0,2,4,2,1,1,3,0.0,0.0,0,0,0,2,0.0,0,0,0,0,0,0,27,30,5,0,5,0,2,5,1,0,2,2,5,1,0,27,30,5,0,5,0,2,5,1,0,2,2,5,1,0,0,0,11,0,2,0,0,1,0,0,0,0,7,0,0,0,0,1,0,4,0
514,L2996,CustomizedPathsAPI$PathRequest,com.baidu.hugegraph.api.traversers.CustomizedPathsAPI$PathRequest,L2989,L103,C:\Users\domco\Desktop\DP\repos\incubator-hugegraph\hugegraph-api\src\main\java\com\baidu\hugegraph\api\traversers\CustomizedPathsAPI.java,131,5,154,6,0.0,0,0,0,0.0,0.0,0,0,1,0,0,1,3,1,0,0,1,0.0,0.0,0,0,0,2,0.0,0,0,0,0,0,0,22,24,6,0,6,0,1,6,1,0,1,1,6,1,0,22,24,6,0,6,0,1,6,1,0,1,1,6,1,0,0,0,10,0,1,0,0,0,0,0,0,0,5,0,0,0,0,1,0,5,0
515,L3045,CustomizedPathsAPI$Step,com.baidu.hugegraph.api.traversers.CustomizedPathsAPI$Step,L2989,L103,C:\Users\domco\Desktop\DP\repos\incubator-hugegraph\hugegraph-api\src\main\java\com\baidu\hugegraph\api\traversers\CustomizedPathsAPI.java,156,5,193,6,0.0,0,0,0,0.0,0.0,0,0,1,0,0,2,3,2,1,1,3,0.0,0.0,0,0,0,2,0.0,0,0,0,0,0,0,35,38,8,0,8,0,2,8,1,0,2,2,8,1,0,35,38,8,0,8,0,2,8,1,0,2,2,8,1,0,0,0,12,0,2,0,0,1,0,0,0,0,7,0,0,0,0,1,0,5,0
516,L3155,FusiformSimilarityAPI$FusiformSimilarityRequest,com.baidu.hugegraph.api.traversers.FusiformSimilarityAPI$FusiformSimilarityRequest,L3148,L103,C:\Users\domco\Desktop\DP\repos\incubator-hugegraph\hugegraph-api\src\main\java\com\baidu\hugegraph\api\traversers\FusiformSimilarityAPI.java,123,5,169,6,0.0,0,0,0,0.0,0.0,0,0,1,0,0,1,2,1,0,0,1,0.0,0.0,0,0,0,2,0.0,0,0,0,0,0,0,45,47,14,0,14,0,1,14,1,0,1,1,14,1,0,45,47,14,0,14,0,1,14,1,0,1,1,14,1,0,0,0,11,0,2,0,0,0,0,0,0,0,5,0,0,0,0,2,0,6,0
517,L3233,JaccardSimilarityAPI$Request,com.baidu.hugegraph.api.traversers.JaccardSimilarityAPI$Request,L3205,L103,C:\Users\domco\Desktop\DP\repos\incubator-hugegraph\hugegraph-api\src\main\java\com\baidu\hugegraph\api\traversers\JaccardSimilarityAPI.java,128,5,145,6,0.0,0,0,0,0.0,0.0,0,0,1,0,0,1,1,1,0,0,1,0.0,0.0,0,0,0,2,0.0,0,0,0,0,0,0,16,18,4,0,4,0,1,4,1,0,1,1,4,1,0,16,18,4,0,4,0,1,4,1,0,1,1,4,1,0,0,0,9,0,0,0,0,0,0,0,0,0,5,0,0,0,0,0,0,4,0
518,L3289,KneighborAPI$Request,com.baidu.hugegraph.api.traversers.KneighborAPI$Request,L3263,L103,C:\Users\domco\Desktop\DP\repos\incubator-hugegraph\hugegraph-api\src\main\java\com\baidu\hugegraph\api\traversers\KneighborAPI.java,164,5,189,6,0.0,0,0,0,0.0,0.0,0,0,1,0,0,1,1,1,0,0,1,0.0,0.0,0,0,0,2,0.0,0,0,0,0,0,0,24,26,7,0,7,0,1,7,1,0,1,1,7,1,0,24,26,7,0,7,0,1,7,1,0,1,1,7,1,0,0,0,10,0,3,0,0,0,0,0,0,0,5,0,0,0,0,3,0,5,0
519,L3353,KoutAPI$Request,com.baidu.hugegraph.api.traversers.KoutAPI$Request,L3327,L103,C:\Users\domco\Desktop\DP\repos\incubator-hugegraph\hugegraph-api\src\main\java\com\baidu\hugegraph\api\traversers\KoutAPI.java,174,5,204,6,0.0,0,0,0,0.0,0.0,0,0,1,0,0,1,1,1,0,0,1,0.0,0.0,0,0,0,2,0.0,0,0,0,0,0,0,29,31,9,0,9,0,1,9,1,0,1,1,9,1,0,29,31,9,0,9,0,1,9,1,0,1,1,9,1,0,0,0,11,0,3,0,0,0,0,0,0,0,5,0,0,0,0,3,0,6,0
520,L3385,MultiNodeShortestPathAPI$Request,com.baidu.hugegraph.api.traversers.MultiNodeShortestPathAPI$Request,L3378,L103,C:\Users\domco\Desktop\DP\repos\incubator-hugegraph\hugegraph-api\src\main\java\com\baidu\hugegraph\api\traversers\MultiNodeShortestPathAPI.java,106,5,126,6,0.0,0,0,0,0.0,0.0,0,0,1,0,0,1,2,1,0,0,1,0.0,0.0,0,0,0,2,0.0,0,0,0,0,0,0,19,21,5,0,5,0,1,5,1,0,1,1,5,1,0,19,21,5,0,5,0,1,5,1,0,1,1,5,1,0,0,0,9,0,1,0,0,0,0,0,0,0,5,0,0,0,0,1,0,4,0
521,L3415,NeighborRankAPI$RankRequest,com.baidu.hugegraph.api.traversers.NeighborRankAPI$RankRequest,L3408,L103,C:\Users\domco\Desktop\DP\repos\incubator-hugegraph\hugegraph-api\src\main\java\com\baidu\hugegraph\api\traversers\NeighborRankAPI.java,102,5,119,6,0.0,0,0,0,0.0,0.0,0,0,1,0,0,1,1,1,0,0,1,0.0,0.0,0,0,0,2,0.0,0,0,0,0,0,0,16,18,4,0,4,0,1,1,1,0,1,1,1,1,0,16,18,4,0,4,0,1,1,1,0,1,1,1,1,0,0,0,9,0,0,0,0,0,0,0,0,0,5,0,0,0,0,0,0,4,0
522,L3454,NeighborRankAPI$Step,com.baidu.hugegraph.api.traversers.NeighborRankAPI$Step,L3408,L103,C:\Users\domco\Desktop\DP\repos\incubator-hugegraph\hugegraph-api\src\main\java\com\baidu\hugegraph\api\traversers\NeighborRankAPI.java,121,5,152,6,0.0,0,0,0,0.0,0.0,0,0,1,0,0,2,4,2,1,1,3,0.0,0.0,0,0,0,2,0.0,0,0,0,0,0,0,28,32,6,0,6,0,2,6,1,0,2,2,6,1,0,28,32,6,0,6,0,2,6,1,0,2,2,6,1,0,0,0,12,0,3,0,0,2,0,0,0,0,7,0,0,0,0,1,0,5,0
523,L3500,PathsAPI$Request,com.baidu.hugegraph.api.traversers.PathsAPI$Request,L3479,L103,C:\Users\domco\Desktop\DP\repos\incubator-hugegraph\hugegraph-api\src\main\java\com\baidu\hugegraph\api\traversers\PathsAPI.java,154,5,182,6,0.0,0,0,0,0.0,0.0,0,0,1,0,0,1,2,1,0,0,1,0.0,0.0,0,0,0,2,0.0,0,0,0,0,0,0,27,29,8,0,8,0,1,8,1,0,1,1,8,1,0,27,29,8,0,8,0,1,8,1,0,1,1,8,1,0,0,0,10,0,2,0,0,0,0,0,0,0,5,0,0,0,0,2,0,5,0
524,L3538,PersonalRankAPI$RankRequest,com.baidu.hugegraph.api.traversers.PersonalRankAPI$RankRequest,L3531,L103,C:\Users\domco\Desktop\DP\repos\incubator-hugegraph\hugegraph-api\src\main\java\com\baidu\hugegraph\api\traversers\PersonalRankAPI.java,101,5,130,6,0.0,0,0,0,0.0,0.0,0,0,1,0,0,1,1,1,0,0,1,0.0,0.0,0,0,0,2,0.0,0,0,0,0,0,0,28,30,8,0,8,0,1,0,1,0,1,1,0,1,0,28,30,8,0,8,0,1,0,1,0,1,1,0,1,0,0,0,6,0,4,0,0,0,0,0,0,4,5,0,0,0,0,0,0,1,0
525,L3686,TemplatePathsAPI$Request,com.baidu.hugegraph.api.traversers.TemplatePathsAPI$Request,L3679,L103,C:\Users\domco\Desktop\DP\repos\incubator-hugegraph\hugegraph-api\src\main\java\com\baidu\hugegraph\api\traversers\TemplatePathsAPI.java,124,5,150,6,0.0,0,0,0,0.0,0.0,0,0,1,0,0,1,2,1,0,0,1,0.0,0.0,0,0,0,2,0.0,0,0,0,0,0,0,25,27,7,0,7,0,1,7,1,0,1,1,7,1,0,25,27,7,0,7,0,1,7,1,0,1,1,7,1,0,0,0,10,0,2,0,0,0,0,0,0,0,5,0,0,0,0,2,0,5,0
526,L3725,TemplatePathsAPI$TemplatePathStep,com.baidu.hugegraph.api.traversers.TemplatePathsAPI$TemplatePathStep,L3679,L103,C:\Users\domco\Desktop\DP\repos\incubator-hugegraph\hugegraph-api\src\main\java\com\baidu\hugegraph\api\traversers\TemplatePathsAPI.java,152,5,166,6,0.0,0,0,0,0.0,0.0,0,0,1,0,0,1,1,2,0,0,1,0.0,0.0,0,0,0,2,0.0,0,1,1,0,0,1,13,15,6,0,1,0,1,1,1,0,2,1,6,2,0,13,15,6,0,1,0,1,1,1,0,2,1,6,2,0,0,0,9,0,0,0,0,0,0,0,0,0,5,0,0,0,0,0,0,4,0
527,L3255,TraverserAPI$Step,com.baidu.hugegraph.api.traversers.TraverserAPI$Step,L3206,L103,C:\Users\domco\Desktop\DP\repos\incubator-hugegraph\hugegraph-api\src\main\java\com\baidu\hugegraph\api\traversers\TraverserAPI.java,41,5,62,6,0.0,0,0,0,0.0,0.0,0,0,1,0,0,1,1,8,0,0,1,0.0,0.0,0,0,0,2,0.0,0,0,0,1,1,0,20,22,5,0,5,0,1,5,1,0,1,1,5,1,0,20,22,5,0,5,0,1,5,1,0,1,1,5,1,0,0,0,9,0,2,0,0,1,0,0,0,0,5,0,0,0,0,1,0,4,0
528,L3849,VariablesAPI$JsonVariableValue,com.baidu.hugegraph.api.variables.VariablesAPI$JsonVariableValue,L3841,L103,C:\Users\domco\Desktop\DP\repos\incubator-hugegraph\hugegraph-api\src\main\java\com\baidu\hugegraph\api\variables\VariablesAPI.java,113,5,121,6,0.0,0,0,0,0.0,0.0,0,0,1,0,0,1,0,1,0,0,1,0.0,0.0,0,0,0,2,0.0,0,0,0,0,0,0,7,9,1,0,1,0,1,1,1,0,1,1,1,1,0,7,9,1,0,1,0,1,1,1,0,1,1,1,1,0,0,0,9,0,0,0,0,0,0,0,0,0,5,0,0,0,0,0,0,4,0
529,L4334,HugeAuthenticator$User$UserJson,com.baidu.hugegraph.auth.HugeAuthenticator$User$UserJson,L777,L103,C:\Users\domco\Desktop\DP\repos\incubator-hugegraph\hugegraph-api\src\main\java\com\baidu\hugegraph\auth\HugeAuthenticator.java,231,9,239,10,0.0,0,0,0,0.0,0.0,0,0,0,0,0,0,1,1,0,0,0,0.0,0.0,0,0,0,1,0.0,0,0,0,0,0,0,8,9,3,0,3,0,0,0,0,0,0,0,0,0,0,8,9,3,0,3,0,0,0,0,0,0,0,0,0,0,0,0,3,0,0,0,0,0,0,0,0,0,3,0,0,0,0,0,0,0,0
530,L6124,HugeResource$1,com.baidu.hugegraph.auth.HugeResource$1,L4399,L103,C:\Users\domco\Desktop\DP\repos\incubator-hugegraph\hugegraph-core\src\main\java\com\baidu\hugegraph\auth\HugeResource.java,276,73,276,75,0.0,0,0,0,0.0,0.0,0,0,0,0,0,0,1,0,0,0,0,0.0,0.0,0,0,0,1,0.0,0,0,0,0,0,0,1,1,0,0,0,0,0,0,0,0,0,0,0,0,0,1,1,0,0,0,0,0,0,0,0,0,0,0,0,0,0,0,3,0,0,0,0,0,0,0,0,0,3,0,0,0,0,0,0,0,0
531,L8187,TaskCoreTest$1,com.baidu.hugegraph.core.TaskCoreTest$1,L8181,L103,C:\Users\domco\Desktop\DP\repos\incubator-hugegraph\hugegraph-test\src\main\java\com\baidu\hugegraph\core\TaskCoreTest.java,126,70,136,10,0.0,0,0,0,0.0,0.0,0,0,2,0,0,2,3,0,0,3,5,0.0,0.0,0,0,0,2,0.0,0,1,1,0,0,1,11,11,7,0,0,0,2,0,1,0,17,3,0,9,1,11,11,7,0,0,0,2,0,1,0,17,3,0,9,1,0,0,8,0,0,0,0,0,1,0,0,0,7,0,0,0,0,0,0,0,0
532,L8220,TaskCoreTest$2,com.baidu.hugegraph.core.TaskCoreTest$2,L8199,L103,C:\Users\domco\Desktop\DP\repos\incubator-hugegraph\hugegraph-test\src\main\java\com\baidu\hugegraph\core\TaskCoreTest.java,183,48,193,17,0.0,0,0,0,0.0,0.0,0,0,2,0,0,2,2,0,0,1,3,0.0,0.0,0,0,0,3,0.0,0,3,3,0,0,1,11,11,8,0,0,0,2,0,2,0,20,3,0,11,1,11,11,8,0,0,0,2,0,2,0,20,3,0,11,1,0,0,8,0,1,0,0,1,1,0,0,0,7,0,0,0,0,0,0,0,0
533,L8998,LicenseVerifyManager$1,com.baidu.hugegraph.license.LicenseVerifyManager$1,L8996,L103,C:\Users\domco\Desktop\DP\repos\incubator-hugegraph\hugegraph-api\src\main\java\com\baidu\hugegraph\license\LicenseVerifyManager.java,97,58,97,60,0.0,0,0,0,0.0,0.0,0,0,0,0,0,0,0,0,0,0,0,0.0,0.0,0,0,0,1,0.0,0,0,0,0,0,0,1,1,0,0,0,0,0,0,0,0,0,0,0,0,0,1,1,0,0,0,0,0,0,0,0,0,0,0,0,0,0,0,3,0,0,0,0,0,0,0,0,0,3,0,0,0,0,0,0,0,0
534,L9673,CassandraBackendEntry,com.baidu.hugegraph.backend.store.cassandra.CassandraBackendEntry,L9650,L103,C:\Users\domco\Desktop\DP\repos\incubator-hugegraph\hugegraph-cassandra\src\main\java\com\baidu\hugegraph\backend\store\cassandra\CassandraBackendEntry.java,26,1,43,2,0.0,0,0,0,0.0,0.0,0,0,0,0,0,4,4,12,4,3,7,0.0,0.0,0,0,0,5,0.0,0,3,3,0,0,1,14,18,3,0,0,0,4,0,4,0,35,4,0,35,0,14,18,3,0,0,0,4,0,4,0,35,4,0,35,0,0,0,11,0,0,0,0,0,0,0,0,0,11,0,0,0,0,0,0,0,0
535,L9697,CassandraEntryIterator,com.baidu.hugegraph.backend.store.cassandra.CassandraEntryIterator,L9650,L103,C:\Users\domco\Desktop\DP\repos\incubator-hugegraph\hugegraph-cassandra\src\main\java\com\baidu\hugegraph\backend\store\cassandra\CassandraEntryIterator.java,36,1,196,2,0.0895009,1,3,1,0.0807453,0.0892857,13,10,4,4,4,25,6,1,1,15,22,0.0,0.243243,36,0,0,3,0.243243,36,1,1,0,0,1,112,161,10,0,6,0,7,0,2,0,22,65,1,7,0,112,161,10,0,6,0,7,0,2,0,22,65,1,7,0,0,0,26,0,2,0,8,0,1,2,1,2,11,0,0,0,0,0,0,3,0
536,L9779,CassandraFeatures,com.baidu.hugegraph.backend.store.cassandra.CassandraFeatures,L9650,L103,C:\Users\domco\Desktop\DP\repos\incubator-hugegraph\hugegraph-cassandra\src\main\java\com\baidu\hugegraph\backend\store\cassandra\CassandraFeatures.java,24,1,124,2,0.0,0,0,0,0.0,0.0,0,0,19,0,0,19,1,1,0,0,19,0.0,0.0487805,4,0,0,20,0.0487805,4,1,1,1,1,1,78,101,0,0,0,0,19,0,19,0,20,19,0,20,0,78,101,0,0,0,0,19,0,19,0,20,19,0,20,0,0,0,41,0,0,0,0,0,1,0,0,0,39,0,0,0,0,0,0,1,0
537,L9800,CassandraMetrics,com.baidu.hugegraph.backend.store.cassandra.CassandraMetrics,L9650,L103,C:\Users\domco\Desktop\DP\repos\incubator-hugegraph\hugegraph-cassandra\src\main\java\com\baidu\hugegraph\backend\store\cassandra\CassandraMetrics.java,37,1,88,2,0.0,0,0,0,0.0,0.0,0,0,1,1,1,8,3,0,0,1,5,0.0,0.0212766,1,0,0,3,0.0212766,1,1,1,0,0,1,46,52,12,2,4,2,4,0,2,0,4,25,8,2,0,46,52,12,2,4,2,4,0,2,0,4,25,8,2,0,0,0,13,1,0,0,0,0,0,0,0,0,11,0,1,0,0,0,0,2,0
538,L9845,CassandraOptions,com.baidu.hugegraph.backend.store.cassandra.CassandraOptions,L9650,L103,C:\Users\domco\Desktop\DP\repos\incubator-hugegraph\hugegraph-cassandra\src\main\java\com\baidu\hugegraph\backend\store\cassandra\CassandraOptions.java,31,1,135,2,0.0,0,0,0,0.0,0.0,0,0,1,1,1,3,0,5,0,0,2,0.0,0.0,0,0,0,2,0.0,0,0,0,0,0,0,91,105,12,0,12,0,2,11,1,0,2,5,11,1,0,91,105,12,0,12,0,2,11,1,0,2,5,11,1,0,0,0,13,0,17,0,0,14,0,0,0,1,7,0,1,0,1,0,0,6,0
539,L9861,CassandraSerializer,com.baidu.hugegraph.backend.store.cassandra.CassandraSerializer,L9650,L103,C:\Users\domco\Desktop\DP\repos\incubator-hugegraph\hugegraph-cassandra\src\main\java\com\baidu\hugegraph\backend\store\cassandra\CassandraSerializer.java,49,1,189,2,0.0,0,0,0,0.0,0.0,0,0,14,2,2,27,18,0,0,29,45,0.0,0.056,7,0,0,2,0.056,7,3,4,0,0,1,118,141,0,0,0,0,16,0,1,0,54,50,0,19,0,118,141,0,0,0,0,16,0,1,0,54,50,0,19,0,0,0,35,0,1,1,0,0,1,0,1,0,33,0,0,0,0,0,0,0,0
540,L9810,CassandraSessionPool,com.baidu.hugegraph.backend.store.cassandra.CassandraSessionPool,L9650,L103,C:\Users\domco\Desktop\DP\repos\incubator-hugegraph\hugegraph-cassandra\src\main\java\com\baidu\hugegraph\backend\store\cassandra\CassandraSessionPool.java,42,1,267,2,0.0,0,0,0,0.0,0.0,0,0,2,1,1,14,4,25,19,5,13,0.0,0.0547945,4,0,0,6,0.0594595,11,1,1,0,0,1,69,96,10,1,3,0,8,0,5,0,18,33,0,12,0,174,226,17,1,5,0,27,0,23,0,50,82,0,43,0,0,2,63,0,9,0,0,0,2,0,0,2,60,0,5,0,4,0,0,1,0
541,L10059,CassandraShard,com.baidu.hugegraph.backend.store.cassandra.CassandraShard,L9650,L103,C:\Users\domco\Desktop\DP\repos\incubator-hugegraph\hugegraph-cassandra\src\main\java\com\baidu\hugegraph\backend\store\cassandra\CassandraShard.java,62,1,321,2,0.0,0,0,0,0.0,0.0,0,0,1,3,3,22,5,1,1,4,12,0.75,0.230769,42,24,3,1,0.204348,47,0,0,0,0,0,140,210,5,4,5,4,8,0,3,0,8,64,0,3,0,183,260,8,4,8,4,10,0,5,0,10,81,0,5,0,0,1,23,4,4,0,0,0,0,0,0,8,22,0,1,0,0,0,0,1,0
542,L10172,CassandraStore,com.baidu.hugegraph.backend.store.cassandra.CassandraStore,L9650,L103,C:\Users\domco\Desktop\DP\repos\incubator-hugegraph\hugegraph-cassandra\src\main\java\com\baidu\hugegraph\backend\store\cassandra\CassandraStore.java,54,1,660,2,0.213583,13,43,17,0.16145,0.170124,98,82,2,3,3,87,23,5,5,43,79,0.0,0.0614657,26,1,0,19,0.0530452,27,2,2,2,4,1,397,506,9,1,8,0,36,0,18,0,49,197,0,29,1,482,607,10,3,9,2,46,0,27,0,150,229,0,89,3,0,2,160,3,9,4,41,0,3,1,6,1,101,0,8,0,1,0,0,8,0
543,L10526,CassandraStoreProvider,com.baidu.hugegraph.backend.store.cassandra.CassandraStoreProvider,L9650,L103,C:\Users\domco\Desktop\DP\repos\incubator-hugegraph\hugegraph-cassandra\src\main\java\com\baidu\hugegraph\backend\store\cassandra\CassandraStoreProvider.java,27,1,67,2,0.0,0,0,0,0.0,0.0,0,0,3,0,0,5,4,1,2,3,8,0.0,0.416667,15,0,0,3,0.416667,15,2,2,1,1,1,21,41,4,0,0,0,5,0,2,0,23,5,0,18,0,21,41,4,0,0,0,5,0,2,0,23,5,0,18,0,0,1,10,0,0,0,0,0,1,0,0,0,9,0,1,0,0,0,0,0,0
544,L10192,CassandraTable,com.baidu.hugegraph.backend.store.cassandra.CassandraTable,L9650,L103,C:\Users\domco\Desktop\DP\repos\incubator-hugegraph\hugegraph-cassandra\src\main\java\com\baidu\hugegraph\backend\store\cassandra\CassandraTable.java,76,1,659,2,0.0637394,3,17,3,0.0479452,0.0617577,28,26,5,4,4,100,28,18,51,47,85,0.307692,0.144309,71,12,4,9,0.144309,71,1,1,9,22,1,421,584,4,0,2,0,38,0,12,1,46,228,0,19,1,421,584,4,0,2,0,38,0,12,1,46,228,0,19,1,0,2,85,0,6,5,15,1,1,3,3,0,61,0,2,0,0,0,0,2,0
545,L10395,CassandraTables,com.baidu.hugegraph.backend.store.cassandra.CassandraTables,L9650,L103,C:\Users\domco\Desktop\DP\repos\incubator-hugegraph\hugegraph-cassandra\src\main\java\com\baidu\hugegraph\backend\store\cassandra\CassandraTables.java,55,1,849,2,0.0932059,4,13,5,0.0792453,0.0760697,63,48,0,2,2,3,2,16,6,1,2,0.0,0.0333333,1,0,0,1,0.0381098,25,0,0,0,0,0,29,55,11,0,11,0,1,2,0,1,1,9,2,0,1,631,795,32,1,28,1,69,17,43,1,852,235,17,368,17,0,2,304,1,7,4,38,2,6,0,1,0,187,0,4,0,0,0,0,72,0
546,L11272,BackendEntry$BackendColumn,com.baidu.hugegraph.backend.store.BackendEntry$BackendColumn,L9706,L103,C:\Users\domco\Desktop\DP\repos\incubator-hugegraph\hugegraph-core\src\main\java\com\baidu\hugegraph\backend\store\BackendEntry.java,37,5,73,6,0.0,0,0,0,0.0,0.0,0,0,1,1,1,7,1,28,16,1,5,0.0,0.0,0,0,0,5,0.0,0,0,0,0,0,0,32,37,2,0,2,0,4,2,4,0,4,12,2,4,0,32,37,2,0,2,0,4,2,4,0,4,12,2,4,0,0,0,15,0,3,0,0,3,0,0,0,0,11,0,0,0,0,0,0,4,0
547,L11345,BackendEntry$BackendColumnIteratorWrapper,com.baidu.hugegraph.backend.store.BackendEntry$BackendColumnIteratorWrapper,L9706,L103,C:\Users\domco\Desktop\DP\repos\incubator-hugegraph\hugegraph-core\src\main\java\com\baidu\hugegraph\backend\store\BackendEntry.java,138,5,171,6,0.0,0,0,0,0.0,0.0,0,0,2,0,0,6,2,1,2,0,6,0.0,0.0,0,0,0,7,0.0,0,2,2,0,0,1,27,34,2,0,1,0,6,0,6,0,7,7,1,7,0,27,34,2,0,1,0,6,0,6,0,7,7,1,7,0,0,0,18,1,2,0,0,2,1,0,0,0,15,0,1,0,0,0,0,2,0
548,L11407,BackendEntryIterator$EmptyIterator,com.baidu.hugegraph.backend.store.BackendEntryIterator$EmptyIterator,L9698,L103,C:\Users\domco\Desktop\DP\repos\incubator-hugegraph\hugegraph-core\src\main\java\com\baidu\hugegraph\backend\store\BackendEntryIterator.java,188,5,208,6,0.0,0,0,0,0.0,0.0,0,0,3,0,0,4,3,0,0,1,5,0.0,0.0,0,0,0,3,0.0,0,1,1,0,0,1,17,21,4,0,0,0,4,0,2,0,19,4,1,7,0,17,21,4,0,0,0,4,0,2,0,19,4,1,7,0,0,0,14,0,0,0,0,0,1,0,0,0,11,0,0,0,0,0,0,2,0
549,L11427,BackendMutation$MutationTable,com.baidu.hugegraph.backend.store.BackendMutation$MutationTable,L10250,L103,C:\Users\domco\Desktop\DP\repos\incubator-hugegraph\hugegraph-core\src\main\java\com\baidu\hugegraph\backend\store\BackendMutation.java,249,5,332,6,0.0,0,0,0,0.0,0.0,0,0,1,2,2,20,3,1,14,0,10,0.0,0.056338,4,1,0,11,0.056338,4,0,0,0,0,0,67,84,1,0,1,0,10,0,10,0,10,35,0,10,0,67,84,1,0,1,0,10,0,10,0,10,35,0,10,0,0,0,19,0,0,0,0,0,0,0,0,0,19,0,0,0,0,0,0,0,0
550,L10014,BackendSession$AbstractBackendSession,com.baidu.hugegraph.backend.store.BackendSession$AbstractBackendSession,L11183,L103,C:\Users\domco\Desktop\DP\repos\incubator-hugegraph\hugegraph-core\src\main\java\com\baidu\hugegraph\backend\store\BackendSession.java,56,5,118,6,0.0,0,0,0,0.0,0.0,0,0,1,0,0,11,2,9,13,0,11,0.0,0.0,0,0,0,12,0.0,0,1,1,4,7,1,51,63,5,0,5,0,11,0,11,0,18,15,0,18,0,51,63,5,0,5,0,11,0,11,0,18,15,0,18,0,0,0,25,0,1,0,0,1,0,0,0,0,25,0,0,0,0,0,0,0,0
551,L11825,BackendTable$ShardSpliter<Session extends BackendSession>,com.baidu.hugegraph.backend.store.BackendTable$ShardSpliter,L10553,L103,C:\Users\domco\Desktop\DP\repos\incubator-hugegraph\hugegraph-core\src\main\java\com\baidu\hugegraph\backend\store\BackendTable.java,126,5,353,6,0.0,0,0,0,0.0,0.0,0,0,2,2,2,13,3,9,9,1,9,0.166667,0.0454545,3,3,1,5,0.0151515,3,0,0,4,4,0,63,82,8,1,8,1,8,4,5,0,8,29,4,5,0,195,228,10,1,10,1,18,4,8,0,18,118,4,8,0,0,0,51,1,6,1,0,0,2,1,0,2,42,0,3,0,0,1,0,6,0
552,L11929,InMemoryDBStore,com.baidu.hugegraph.backend.store.memory.InMemoryDBStore,L11922,L103,C:\Users\domco\Desktop\DP\repos\incubator-hugegraph\hugegraph-core\src\main\java\com\baidu\hugegraph\backend\store\memory\InMemoryDBStore.java,58,1,465,2,0.0,0,0,0,0.0,0.0,0,0,8,1,1,33,14,2,4,17,41,0.0526316,0.104046,18,16,1,18,0.066092,23,2,2,2,2,1,155,199,7,1,6,0,24,0,18,0,37,62,0,29,1,325,408,8,3,7,2,56,0,50,0,135,112,0,111,3,0,0,135,3,6,1,0,3,4,0,3,0,120,0,5,0,0,0,0,8,0
553,L12137,InMemoryDBStoreProvider,com.baidu.hugegraph.backend.store.memory.InMemoryDBStoreProvider,L11922,L103,C:\Users\domco\Desktop\DP\repos\incubator-hugegraph\hugegraph-core\src\main\java\com\baidu\hugegraph\backend\store\memory\InMemoryDBStoreProvider.java,31,1,99,2,0.0,0,0,0,0.0,0.0,0,0,4,1,1,10,5,1,1,5,13,0.0,0.305085,18,0,0,6,0.305085,18,2,2,0,0,1,41,69,6,0,2,0,8,1,5,0,26,14,1,21,0,41,69,6,0,2,0,8,1,5,0,26,14,1,21,0,0,0,18,0,4,0,0,0,1,0,0,1,13,0,1,0,1,1,0,4,0
554,L11942,InMemoryDBTable,com.baidu.hugegraph.backend.store.memory.InMemoryDBTable,L11922,L103,C:\Users\domco\Desktop\DP\repos\incubator-hugegraph\hugegraph-core\src\main\java\com\baidu\hugegraph\backend\store\memory\InMemoryDBTable.java,53,1,350,2,0.0,0,0,0,0.0,0.0,0,0,3,4,3,55,20,7,18,45,66,0.0,0.0606061,14,0,0,11,0.0564516,14,1,1,4,7,1,217,277,5,0,3,0,21,0,10,0,28,119,0,16,0,234,298,13,1,3,0,25,0,11,0,38,123,4,22,0,0,0,63,4,2,2,0,0,2,1,2,0,54,0,2,0,0,2,0,4,0
555,L12043,InMemoryDBTables,com.baidu.hugegraph.backend.store.memory.InMemoryDBTables,L11922,L103,C:\Users\domco\Desktop\DP\repos\incubator-hugegraph\hugegraph-core\src\main\java\com\baidu\hugegraph\backend\store\memory\InMemoryDBTables.java,56,1,570,2,0.0541082,1,4,2,0.0543689,0.047619,28,20,0,0,0,0,0,2,0,0,0,0.0,0.0,0,0,0,1,0.058296,26,0,0,0,0,0,2,9,0,0,0,0,0,0,0,0,0,0,0,0,0,420,515,5,1,0,1,33,0,18,0,246,228,0,142,0,0,0,125,1,5,5,16,1,3,5,7,0,90,0,0,0,0,0,0,4,0
556,L12507,InMemoryMetrics,com.baidu.hugegraph.backend.store.memory.InMemoryMetrics,L11922,L103,C:\Users\domco\Desktop\DP\repos\incubator-hugegraph\hugegraph-core\src\main\java\com\baidu\hugegraph\backend\store\memory\InMemoryMetrics.java,27,1,33,2,0.0,0,0,0,0.0,0.0,0,0,0,0,0,1,1,0,0,0,1,0.0,0.0,0,0,0,2,0.0,0,1,1,0,0,1,6,7,8,1,0,1,1,0,1,0,1,1,8,1,0,6,7,8,1,0,1,1,0,1,0,1,1,8,1,0,0,0,7,0,0,0,0,0,0,0,0,0,5,0,0,0,0,0,0,2,0
557,L12553,RaftBackendStore,com.baidu.hugegraph.backend.store.raft.RaftBackendStore,L12537,L103,C:\Users\domco\Desktop\DP\repos\incubator-hugegraph\hugegraph-core\src\main\java\com\baidu\hugegraph\backend\store\raft\RaftBackendStore.java,45,1,271,2,0.0,0,0,0,0.0,0.0,0,0,2,1,1,34,18,3,9,31,59,0.0,0.02,3,0,0,24,0.016129,3,1,1,0,0,1,147,183,4,2,4,2,28,0,23,0,32,53,0,27,1,183,227,7,2,7,2,35,0,30,0,39,63,0,34,1,0,0,86,1,6,0,0,0,1,0,1,2,80,0,4,0,1,0,0,4,0
558,L11557,RaftBackendStoreProvider,com.baidu.hugegraph.backend.store.raft.RaftBackendStoreProvider,L12537,L103,C:\Users\domco\Desktop\DP\repos\incubator-hugegraph\hugegraph-core\src\main\java\com\baidu\hugegraph\backend\store\raft\RaftBackendStoreProvider.java,41,1,229,2,0.366569,2,10,5,0.26455,0.305732,50,48,2,1,1,34,14,2,2,27,50,0.0,0.01875,3,0,0,21,0.01875,3,1,1,0,0,1,157,189,6,0,6,0,23,0,20,0,23,69,0,20,0,157,189,6,0,6,0,23,0,20,0,23,69,0,20,0,0,0,85,1,3,0,33,0,1,0,1,0,47,0,1,0,3,0,0,3,0
559,L12693,RaftClosure<T extends Object>,com.baidu.hugegraph.backend.store.raft.RaftClosure,L12537,L103,C:\Users\domco\Desktop\DP\repos\incubator-hugegraph\hugegraph-core\src\main\java\com\baidu\hugegraph\backend\store\raft\RaftClosure.java,37,1,91,2,0.0,0,0,0,0.0,0.0,0,0,1,1,1,12,3,9,15,7,14,0.0,0.0,0,0,0,7,0.0,0,0,0,1,1,0,46,55,2,0,2,0,7,0,6,0,7,18,0,6,0,46,55,2,0,2,0,7,0,6,0,7,18,0,6,0,0,0,17,1,0,1,0,0,0,0,0,0,17,0,0,0,0,0,0,0,0
560,L12867,RaftException,com.baidu.hugegraph.backend.store.raft.RaftException,L12537,L103,C:\Users\domco\Desktop\DP\repos\incubator-hugegraph\hugegraph-core\src\main\java\com\baidu\hugegraph\backend\store\raft\RaftException.java,24,1,55,2,0.0,0,0,0,0.0,0.0,0,0,1,1,1,7,1,1,0,4,10,0.0,0.0,0,0,0,7,0.0,0,1,1,0,0,1,25,32,2,0,1,0,6,0,6,0,13,7,0,13,0,25,32,2,0,1,0,6,0,6,0,13,7,0,13,0,0,0,15,0,0,0,0,0,0,0,0,0,15,0,0,0,0,0,0,0,0
561,L12895,RaftGroupManagerImpl,com.baidu.hugegraph.backend.store.raft.RaftGroupManagerImpl,L12537,L103,C:\Users\domco\Desktop\DP\repos\incubator-hugegraph\hugegraph-core\src\main\java\com\baidu\hugegraph\backend\store\raft\RaftGroupManagerImpl.java,37,1,156,2,0.283843,1,4,2,0.241667,0.273585,29,29,1,2,2,17,11,1,1,17,26,0.0,0.0363636,4,0,0,9,0.0363636,4,1,1,0,0,1,106,120,3,1,3,1,9,0,8,1,9,53,0,8,1,106,120,3,1,3,1,9,0,8,1,9,53,0,8,1,0,0,39,5,1,1,17,0,0,0,1,0,21,0,5,0,0,0,0,0,0
562,L12577,RaftNode,com.baidu.hugegraph.backend.store.raft.RaftNode,L12537,L103,C:\Users\domco\Desktop\DP\repos\incubator-hugegraph\hugegraph-core\src\main\java\com\baidu\hugegraph\backend\store\raft\RaftNode.java,47,1,328,2,0.0,0,0,0,0.0,0.0,0,0,1,3,3,36,11,9,23,21,37,0.0,0.0634921,12,0,0,12,0.0836653,21,0,0,0,0,0,177,214,7,0,7,0,16,0,11,0,16,92,0,11,0,230,282,12,0,12,0,24,0,17,0,24,109,0,17,0,0,0,58,3,3,2,0,0,1,0,1,0,54,0,4,0,0,0,0,2,0
563,L12824,RaftResult<T extends Object>,com.baidu.hugegraph.backend.store.raft.RaftResult,L12537,L103,C:\Users\domco\Desktop\DP\repos\incubator-hugegraph\hugegraph-core\src\main\java\com\baidu\hugegraph\backend\store\raft\RaftResult.java,27,1,61,2,0.0,0,0,0,0.0,0.0,0,0,1,0,0,6,0,1,4,0,6,0.0,0.0,0,0,0,7,0.0,0,0,0,0,0,0,28,35,3,0,3,0,6,0,6,0,6,10,0,6,0,28,35,3,0,3,0,6,0,6,0,6,10,0,6,0,0,0,15,0,3,0,0,0,0,0,0,0,15,0,3,0,0,0,0,0,0
564,L12559,RaftSharedContext,com.baidu.hugegraph.backend.store.raft.RaftSharedContext,L12537,L103,C:\Users\domco\Desktop\DP\repos\incubator-hugegraph\hugegraph-core\src\main\java\com\baidu\hugegraph\backend\store\raft\RaftSharedContext.java,63,1,369,2,0.0,0,0,0,0.0,0.0,0,0,1,2,1,40,18,11,29,18,47,0.0,0.0306513,8,2,0,22,0.0306513,8,0,0,0,0,0,253,307,21,0,21,0,29,8,21,0,29,131,8,21,0,253,307,21,0,21,0,29,8,21,0,29,131,8,21,0,0,0,71,1,6,1,0,1,0,0,1,0,61,0,5,0,0,0,0,9,0
565,L12675,StoreClosure,com.baidu.hugegraph.backend.store.raft.StoreClosure,L12537,L103,C:\Users\domco\Desktop\DP\repos\incubator-hugegraph\hugegraph-core\src\main\java\com\baidu\hugegraph\backend\store\raft\StoreClosure.java,24,1,36,2,0.0,0,0,0,0.0,0.0,0,0,1,0,0,2,2,6,4,1,3,0.0,0.0,0,0,0,3,0.0,0,1,1,0,0,1,10,13,3,0,1,0,2,0,2,0,9,3,0,8,0,10,13,3,0,1,0,2,0,2,0,9,3,0,8,0,0,0,7,0,1,0,0,0,0,0,0,0,7,0,1,0,0,0,0,0,0
566,L12669,StoreCommand,com.baidu.hugegraph.backend.store.raft.StoreCommand,L12537,L103,C:\Users\domco\Desktop\DP\repos\incubator-hugegraph\hugegraph-core\src\main\java\com\baidu\hugegraph\backend\store\raft\StoreCommand.java,26,1,92,2,0.0,0,0,0,0.0,0.0,0,0,2,1,1,11,3,9,10,5,15,0.0,0.0,0,0,0,11,0.0,0,0,0,0,0,0,55,67,5,0,5,0,10,1,10,0,10,23,1,10,0,55,67,5,0,5,0,10,1,10,0,10,23,1,10,0,0,0,28,2,4,2,0,0,1,0,0,0,23,0,4,0,0,0,0,4,0
567,L14793,StoreSerializer,com.baidu.hugegraph.backend.store.raft.StoreSerializer,L12537,L103,C:\Users\domco\Desktop\DP\repos\incubator-hugegraph\hugegraph-core\src\main\java\com\baidu\hugegraph\backend\store\raft\StoreSerializer.java,40,1,150,2,0.0,0,0,0,0.0,0.0,0,0,4,2,2,14,13,3,5,40,46,0.0,0.15,15,0,0,7,0.15,15,0,0,0,0,0,85,111,1,0,1,0,6,0,6,0,6,65,0,6,0,85,111,1,0,1,0,6,0,6,0,6,65,0,6,0,0,0,19,0,1,1,0,0,1,0,3,0,15,0,0,0,0,0,0,0,0
568,L14861,StoreSnapshotFile,com.baidu.hugegraph.backend.store.raft.StoreSnapshotFile,L12537,L103,C:\Users\domco\Desktop\DP\repos\incubator-hugegraph\hugegraph-core\src\main\java\com\baidu\hugegraph\backend\store\raft\StoreSnapshotFile.java,44,1,166,2,0.0,0,0,0,0.0,0.0,0,0,1,2,2,16,3,1,3,6,13,0.0,0.0485437,5,0,0,4,0.0485437,5,0,0,0,0,0,98,123,4,0,4,0,7,0,3,0,7,45,0,3,0,98,123,4,0,4,0,7,0,3,0,7,45,0,3,0,0,0,17,4,2,2,0,0,0,0,0,0,17,0,4,0,0,0,0,0,0
569,L12971,StoreStateMachine,com.baidu.hugegraph.backend.store.raft.StoreStateMachine,L12537,L103,C:\Users\domco\Desktop\DP\repos\incubator-hugegraph\hugegraph-core\src\main\java\com\baidu\hugegraph\backend\store\raft\StoreStateMachine.java,52,1,255,2,0.0,0,0,0,0.0,0.0,0,0,2,3,3,37,19,1,1,42,56,0.0,0.114943,20,0,0,11,0.114943,20,0,0,0,0,0,154,204,3,0,3,0,14,0,10,0,14,80,0,10,0,154,204,3,0,3,0,14,0,10,0,14,80,0,10,0,0,0,33,2,2,1,0,0,1,0,3,1,29,0,2,0,0,0,0,0,0
570,L14987,IntIntMap,com.baidu.hugegraph.backend.store.ram.IntIntMap,L14980,L103,C:\Users\domco\Desktop\DP\repos\incubator-hugegraph\hugegraph-core\src\main\java\com\baidu\hugegraph\backend\store\ram\IntIntMap.java,29,1,78,2,0.335294,1,3,1,0.24,0.292683,12,12,1,1,1,12,2,1,5,1,8,0.0,0.0238095,1,1,0,8,0.0238095,1,1,1,0,0,1,41,50,1,0,1,0,7,0,7,0,7,18,0,7,0,41,50,1,0,1,0,7,0,7,0,7,18,0,7,0,0,0,28,0,0,0,11,0,0,0,0,0,17,0,0,0,0,0,0,0,0
571,L15020,IntLongMap,com.baidu.hugegraph.backend.store.ram.IntLongMap,L14980,L103,C:\Users\domco\Desktop\DP\repos\incubator-hugegraph\hugegraph-core\src\main\java\com\baidu\hugegraph\backend\store\ram\IntLongMap.java,29,1,94,2,0.252212,1,3,1,0.181818,0.214286,12,12,1,1,1,16,2,2,6,1,9,0.0,0.0175439,1,1,0,9,0.0175439,1,1,1,0,0,1,56,66,2,0,2,0,8,0,8,0,8,27,0,8,0,56,66,2,0,2,0,8,0,8,0,8,27,0,8,0,0,0,30,0,1,0,11,0,0,0,0,0,19,0,1,0,0,0,0,0,0
572,L15047,IntObjectMap<V extends Object>,com.baidu.hugegraph.backend.store.ram.IntObjectMap,L14980,L103,C:\Users\domco\Desktop\DP\repos\incubator-hugegraph\hugegraph-core\src\main\java\com\baidu\hugegraph\backend\store\ram\IntObjectMap.java,29,1,65,2,0.0,0,0,0,0.0,0.0,0,0,3,0,0,7,2,1,5,1,8,0.0,0.0,0,0,0,8,0.0,0,1,1,0,0,1,29,37,1,0,1,0,7,0,7,0,7,7,0,7,0,29,37,1,0,1,0,7,0,7,0,7,7,0,7,0,0,0,18,0,0,0,0,0,1,0,0,0,17,0,0,0,0,0,0,0,0
573,L8024,RamTable,com.baidu.hugegraph.backend.store.ram.RamTable,L14980,L103,C:\Users\domco\Desktop\DP\repos\incubator-hugegraph\hugegraph-core\src\main\java\com\baidu\hugegraph\backend\store\ram\RamTable.java,63,1,571,2,0.0,0,0,0,0.0,0.0,0,0,1,4,4,57,18,8,8,38,56,0.0,0.0467626,13,2,0,11,0.0336323,15,0,0,0,0,0,265,317,15,0,15,0,18,2,10,0,18,149,2,10,0,431,509,26,0,26,0,27,2,15,0,27,241,2,15,0,0,6,76,6,7,2,0,3,0,3,4,3,61,0,8,0,0,3,0,8,0
574,L15395,HbaseFeatures,com.baidu.hugegraph.backend.store.hbase.HbaseFeatures,L15375,L103,C:\Users\domco\Desktop\DP\repos\incubator-hugegraph\hugegraph-hbase\src\main\java\com\baidu\hugegraph\backend\store\hbase\HbaseFeatures.java,24,1,128,2,0.0,0,0,0,0.0,0.0,0,0,19,0,0,19,1,0,0,0,19,0.0,0.0930233,8,0,0,20,0.0930233,8,1,1,0,0,1,78,105,0,0,0,0,19,0,19,0,20,19,0,20,0,78,105,0,0,0,0,19,0,19,0,20,19,0,20,0,0,0,43,0,0,0,0,0,1,0,0,0,41,0,0,0,0,0,0,1,0
575,L15416,HbaseMetrics,com.baidu.hugegraph.backend.store.hbase.HbaseMetrics,L15375,L103,C:\Users\domco\Desktop\DP\repos\incubator-hugegraph\hugegraph-hbase\src\main\java\com\baidu\hugegraph\backend\store\hbase\HbaseMetrics.java,38,1,111,2,0.0,0,0,0,0.0,0.0,0,0,2,2,2,8,2,0,0,1,6,0.0,0.0294118,2,0,0,3,0.0294118,2,1,1,0,0,1,66,74,9,1,1,1,5,0,2,0,5,38,8,2,0,66,74,9,1,1,1,5,0,2,0,5,38,8,2,0,0,0,16,1,0,0,0,0,1,0,0,0,13,0,1,0,0,0,0,2,0
576,L15442,HbaseOptions,com.baidu.hugegraph.backend.store.hbase.HbaseOptions,L15375,L103,C:\Users\domco\Desktop\DP\repos\incubator-hugegraph\hugegraph-hbase\src\main\java\com\baidu\hugegraph\backend\store\hbase\HbaseOptions.java,29,1,140,2,0.0,0,0,0,0.0,0.0,0,0,1,1,1,3,0,2,0,0,2,0.0,0.0,0,0,0,2,0.0,0,0,0,0,0,0,97,112,13,0,13,0,2,12,1,0,2,5,12,1,0,97,112,13,0,13,0,2,12,1,0,2,5,12,1,0,0,0,13,0,17,0,0,14,0,0,0,1,7,0,1,0,1,0,0,6,0
577,L15462,HbaseSerializer,com.baidu.hugegraph.backend.store.hbase.HbaseSerializer,L15375,L103,C:\Users\domco\Desktop\DP\repos\incubator-hugegraph\hugegraph-hbase\src\main\java\com\baidu\hugegraph\backend\store\hbase\HbaseSerializer.java,24,1,29,2,0.0,0,0,0,0.0,0.0,0,0,0,0,0,1,1,0,0,1,2,0.0,0.0,0,0,0,2,0.0,0,3,4,0,0,1,5,6,3,0,0,0,1,0,1,0,58,1,1,22,0,5,6,3,0,0,0,1,0,1,0,58,1,1,22,0,0,0,7,0,0,0,0,0,0,0,0,0,5,0,0,0,0,0,0,2,0
578,L15420,HbaseSessions,com.baidu.hugegraph.backend.store.hbase.HbaseSessions,L15375,L103,C:\Users\domco\Desktop\DP\repos\incubator-hugegraph\hugegraph-hbase\src\main\java\com\baidu\hugegraph\backend\store\hbase\HbaseSessions.java,86,1,930,2,0.0,0,0,0,0.0,0.0,0,0,3,3,3,33,4,5,28,5,24,0.0,0.0543478,10,0,0,14,0.180082,132,1,1,0,0,1,174,220,11,1,4,0,19,0,13,0,29,93,0,21,0,601,845,22,1,10,0,81,0,70,0,116,280,0,103,0,0,0,133,5,25,5,0,16,3,0,0,0,120,0,5,1,3,1,0,9,0
579,L15861,HbaseStore,com.baidu.hugegraph.backend.store.hbase.HbaseStore,L15375,L103,C:\Users\domco\Desktop\DP\repos\incubator-hugegraph\hugegraph-hbase\src\main\java\com\baidu\hugegraph\backend\store\hbase\HbaseStore.java,53,1,539,2,0.330573,7,24,9,0.227926,0.257813,111,99,3,3,3,65,19,2,3,40,67,0.0,0.0392157,12,0,0,20,0.0327456,13,2,2,2,2,1,294,380,8,1,7,0,27,0,19,0,40,140,0,30,1,384,487,9,3,8,2,37,0,28,0,123,173,0,92,3,0,0,150,7,9,4,55,2,3,0,4,5,81,0,4,0,1,0,0,7,0
580,L16093,HbaseStoreProvider,com.baidu.hugegraph.backend.store.hbase.HbaseStoreProvider,L15375,L103,C:\Users\domco\Desktop\DP\repos\incubator-hugegraph\hugegraph-hbase\src\main\java\com\baidu\hugegraph\backend\store\hbase\HbaseStoreProvider.java,27,1,68,2,0.0,0,0,0,0.0,0.0,0,0,3,0,0,5,4,0,0,3,8,0.0,0.432432,16,0,0,3,0.432432,16,2,2,0,0,1,21,42,4,0,0,0,5,0,2,0,23,5,0,18,0,21,42,4,0,0,0,5,0,2,0,23,5,0,18,0,0,1,10,0,0,0,0,0,1,0,0,0,9,0,1,0,0,0,0,0,0
581,L15876,HbaseTable,com.baidu.hugegraph.backend.store.hbase.HbaseTable,L15375,L103,C:\Users\domco\Desktop\DP\repos\incubator-hugegraph\hugegraph-hbase\src\main\java\com\baidu\hugegraph\backend\store\hbase\HbaseTable.java,73,1,391,2,0.090834,2,6,2,0.0783699,0.0836653,25,21,6,2,2,40,22,9,12,48,69,0.0,0.0473373,8,0,0,11,0.0456274,12,1,1,8,15,1,161,216,5,0,3,0,21,0,10,0,28,74,0,16,0,251,319,13,2,3,1,29,0,15,0,42,116,4,24,0,0,0,81,2,1,0,14,1,2,0,1,0,60,0,2,0,0,0,0,4,0
582,L15986,HbaseTables,com.baidu.hugegraph.backend.store.hbase.HbaseTables,L15375,L103,C:\Users\domco\Desktop\DP\repos\incubator-hugegraph\hugegraph-hbase\src\main\java\com\baidu\hugegraph\backend\store\hbase\HbaseTables.java,43,1,331,2,0.140069,1,4,2,0.0761246,0.104265,22,22,0,0,0,0,0,2,0,0,0,0.0,0.0,0,0,0,1,0.0495495,11,0,0,0,0,0,2,17,0,0,0,0,0,0,0,0,0,0,0,0,0,211,289,21,1,16,1,32,12,29,0,494,69,12,304,0,0,0,189,0,5,0,24,2,2,0,1,0,108,0,3,0,0,0,0,54,0
583,L16411,MysqlBackendEntry,com.baidu.hugegraph.backend.store.mysql.MysqlBackendEntry,L16387,L103,C:\Users\domco\Desktop\DP\repos\incubator-hugegraph\hugegraph-mysql\src\main\java\com\baidu\hugegraph\backend\store\mysql\MysqlBackendEntry.java,26,1,43,2,0.0,0,0,0,0.0,0.0,0,0,0,0,0,4,4,23,5,3,7,0.0,0.0,0,0,0,5,0.0,0,3,3,0,0,1,14,18,3,0,0,0,4,0,4,0,35,4,0,35,0,14,18,3,0,0,0,4,0,4,0,35,4,0,35,0,0,0,11,0,0,0,0,0,0,0,0,0,11,0,0,0,0,0,0,0,0
584,L16423,MysqlEntryIterator,com.baidu.hugegraph.backend.store.mysql.MysqlEntryIterator,L16387,L103,C:\Users\domco\Desktop\DP\repos\incubator-hugegraph\hugegraph-mysql\src\main\java\com\baidu\hugegraph\backend\store\mysql\MysqlEntryIterator.java,40,1,199,2,0.0824089,1,3,1,0.08125,0.075188,13,10,4,4,3,24,11,1,1,15,24,0.0,0.0625,7,0,0,3,0.05,7,1,1,0,0,1,105,126,9,0,5,0,9,0,2,0,24,64,1,7,0,133,160,10,0,6,0,14,0,7,0,29,76,1,12,0,0,0,44,0,1,0,8,0,1,0,1,0,32,0,1,0,0,0,0,2,1.0
585,L16504,MysqlFeatures,com.baidu.hugegraph.backend.store.mysql.MysqlFeatures,L16387,L103,C:\Users\domco\Desktop\DP\repos\incubator-hugegraph\hugegraph-mysql\src\main\java\com\baidu\hugegraph\backend\store\mysql\MysqlFeatures.java,24,1,123,2,0.0,0,0,0,0.0,0.0,0,0,19,0,0,19,1,0,0,0,19,0.0,0.037037,3,0,0,20,0.037037,3,1,1,0,0,1,78,100,0,0,0,0,19,0,19,0,20,19,0,20,0,78,100,0,0,0,0,19,0,19,0,20,19,0,20,0,0,0,43,0,0,0,0,0,1,0,0,0,41,0,0,0,0,0,0,1,0
586,L16525,MysqlMetrics,com.baidu.hugegraph.backend.store.mysql.MysqlMetrics,L16387,L103,C:\Users\domco\Desktop\DP\repos\incubator-hugegraph\hugegraph-mysql\src\main\java\com\baidu\hugegraph\backend\store\mysql\MysqlMetrics.java,27,1,33,2,0.0,0,0,0,0.0,0.0,0,0,0,0,0,1,1,0,0,0,1,0.0,0.0,0,0,0,2,0.0,0,1,1,0,0,1,6,7,8,1,0,1,1,0,1,0,1,1,8,1,0,6,7,8,1,0,1,1,0,1,0,1,1,8,1,0,0,0,7,0,0,0,0,0,0,0,0,0,5,0,0,0,0,0,0,2,0
587,L16528,MysqlOptions,com.baidu.hugegraph.backend.store.mysql.MysqlOptions,L16387,L103,C:\Users\domco\Desktop\DP\repos\incubator-hugegraph\hugegraph-mysql\src\main\java\com\baidu\hugegraph\backend\store\mysql\MysqlOptions.java,28,1,108,2,0.0,0,0,0,0.0,0.0,0,0,1,1,1,3,0,3,1,0,2,0.0,0.0,0,0,0,2,0.0,0,0,0,1,1,0,70,81,9,0,9,0,2,8,1,0,2,5,8,1,0,70,81,9,0,9,0,2,8,1,0,2,5,8,1,0,0,0,13,0,11,0,0,9,0,0,0,0,7,0,1,0,1,0,0,6,0
588,L16544,MysqlSerializer,com.baidu.hugegraph.backend.store.mysql.MysqlSerializer,L16387,L103,C:\Users\domco\Desktop\DP\repos\incubator-hugegraph\hugegraph-mysql\src\main\java\com\baidu\hugegraph\backend\store\mysql\MysqlSerializer.java,41,1,165,2,0.0,0,0,0,0.0,0.0,0,0,11,1,1,21,14,2,0,19,32,0.0,0.0630631,7,0,0,2,0.0630631,7,3,4,2,2,1,104,125,0,0,0,0,13,0,1,0,51,47,0,19,0,104,125,0,0,0,0,13,0,1,0,51,47,0,19,0,0,0,29,0,0,0,0,0,1,0,1,0,27,0,0,0,0,0,0,0,0
589,L16588,MysqlSessions,com.baidu.hugegraph.backend.store.mysql.MysqlSessions,L16387,L103,C:\Users\domco\Desktop\DP\repos\incubator-hugegraph\hugegraph-mysql\src\main\java\com\baidu\hugegraph\backend\store\mysql\MysqlSessions.java,42,1,512,2,0.0,0,0,0,0.0,0.0,0,0,5,3,3,40,5,10,29,8,33,0.0833333,0.0918367,18,13,1,11,0.097561,40,1,1,2,2,1,178,229,12,1,5,0,25,0,11,0,35,75,0,19,0,370,471,20,1,8,0,47,0,30,0,68,166,0,49,0,0,0,91,4,7,1,0,1,2,0,0,5,84,0,3,0,1,0,0,5,1.0
590,L16590,MysqlStore,com.baidu.hugegraph.backend.store.mysql.MysqlStore,L16387,L103,C:\Users\domco\Desktop\DP\repos\incubator-hugegraph\hugegraph-mysql\src\main\java\com\baidu\hugegraph\backend\store\mysql\MysqlStore.java,48,1,474,2,0.180697,11,13,11,0.133489,0.147493,57,50,2,2,2,57,19,8,15,40,70,0.0,0.0449438,12,0,0,19,0.034188,12,2,2,4,8,1,255,327,8,1,7,0,30,0,18,0,43,127,0,29,1,339,427,9,3,8,2,40,0,27,0,132,159,0,89,3,0,0,133,5,8,3,32,0,3,0,4,2,87,0,7,0,1,0,0,7,0
591,L17007,MysqlStoreProvider,com.baidu.hugegraph.backend.store.mysql.MysqlStoreProvider,L16387,L103,C:\Users\domco\Desktop\DP\repos\incubator-hugegraph\hugegraph-mysql\src\main\java\com\baidu\hugegraph\backend\store\mysql\MysqlStoreProvider.java,27,1,68,2,0.0,0,0,0,0.0,0.0,0,0,3,0,0,5,4,2,4,3,8,0.0,0.432432,16,0,0,3,0.432432,16,2,2,2,2,1,21,42,4,0,0,0,5,0,2,0,23,5,0,18,0,21,42,4,0,0,0,5,0,2,0,23,5,0,18,0,0,1,10,0,0,0,0,0,1,0,0,0,9,0,1,0,0,0,0,0,0
592,L16783,MysqlTable,com.baidu.hugegraph.backend.store.mysql.MysqlTable,L16387,L103,C:\Users\domco\Desktop\DP\repos\incubator-hugegraph\hugegraph-mysql\src\main\java\com\baidu\hugegraph\backend\store\mysql\MysqlTable.java,57,1,736,2,0.0982874,3,13,4,0.0823529,0.097561,56,52,5,3,3,112,27,12,22,61,107,0.0666667,0.0772059,42,4,1,14,0.0730435,42,1,1,3,53,1,502,644,8,0,6,0,46,0,14,0,53,300,0,20,0,533,680,18,2,8,1,50,0,16,0,63,312,4,27,0,0,2,145,3,12,4,28,1,2,2,6,0,100,0,5,1,0,7,0,6,1.0
593,L16896,MysqlTables,com.baidu.hugegraph.backend.store.mysql.MysqlTables,L16387,L103,C:\Users\domco\Desktop\DP\repos\incubator-hugegraph\hugegraph-mysql\src\main\java\com\baidu\hugegraph\backend\store\mysql\MysqlTables.java,47,1,619,2,0.581501,11,28,22,0.396161,0.445676,227,201,0,0,0,0,0,31,0,0,0,0.0,0.0833333,2,1,0,1,0.0259179,12,0,0,0,0,0,22,48,15,0,15,0,0,9,0,0,0,0,9,0,0,451,573,41,1,33,1,47,24,44,0,1044,219,24,438,0,0,1,388,1,3,2,164,2,1,0,2,0,149,0,1,0,0,0,0,72,1.0
594,L17458,MysqlUtil,com.baidu.hugegraph.backend.store.mysql.MysqlUtil,L16387,L103,C:\Users\domco\Desktop\DP\repos\incubator-hugegraph\hugegraph-mysql\src\main\java\com\baidu\hugegraph\backend\store\mysql\MysqlUtil.java,22,1,131,2,0.0,0,0,0,0.0,0.0,0,0,1,2,2,24,0,4,6,0,4,0.0,0.0408163,4,0,0,4,0.0408163,4,0,0,0,0,0,94,110,0,0,0,0,4,0,3,0,4,64,0,3,0,94,110,0,0,0,0,4,0,3,0,4,64,0,3,0,0,0,12,0,6,0,0,0,0,1,0,0,11,0,0,0,0,6,0,0,0
595,L17094,WhereBuilder,com.baidu.hugegraph.backend.store.mysql.WhereBuilder,L16387,L103,C:\Users\domco\Desktop\DP\repos\incubator-hugegraph\hugegraph-mysql\src\main\java\com\baidu\hugegraph\backend\store\mysql\WhereBuilder.java,28,1,289,2,0.0,0,0,0,0.0,0.0,0,0,1,2,2,45,3,4,12,2,19,0.5,0.224066,54,54,8,8,0.224066,54,0,0,1,1,0,187,262,1,0,1,0,17,0,15,0,17,109,0,15,0,187,262,1,0,1,0,17,0,15,0,17,109,0,15,0,0,0,24,2,10,7,0,2,0,1,0,0,23,0,3,0,0,0,0,0,0
596,L17545,PaloFeatures,com.baidu.hugegraph.backend.store.palo.PaloFeatures,L17523,L103,C:\Users\domco\Desktop\DP\repos\incubator-hugegraph\hugegraph-palo\src\main\java\com\baidu\hugegraph\backend\store\palo\PaloFeatures.java,24,1,126,2,0.0,0,0,0,0.0,0.0,0,0,19,0,0,19,1,0,0,0,19,0.0,0.0714286,6,0,0,20,0.0714286,6,1,1,0,0,1,78,103,0,0,0,0,19,0,19,0,20,19,0,20,0,78,103,0,0,0,0,19,0,19,0,20,19,0,20,0,0,0,41,0,0,0,0,0,1,0,0,0,39,0,0,0,0,0,0,1,0
597,L17566,PaloFile,com.baidu.hugegraph.backend.store.palo.PaloFile,L17523,L103,C:\Users\domco\Desktop\DP\repos\incubator-hugegraph\hugegraph-palo\src\main\java\com\baidu\hugegraph\backend\store\palo\PaloFile.java,39,1,194,2,0.0,0,0,0,0.0,0.0,0,0,10,2,2,33,2,3,6,1,16,0.0,0.0298507,4,0,0,14,0.0298507,4,0,0,0,0,0,130,156,1,0,1,0,15,0,13,0,15,68,0,13,0,130,156,1,0,1,0,15,0,13,0,15,68,0,13,0,0,0,34,0,0,0,0,0,1,0,0,0,33,0,0,0,0,0,0,0,0
598,L17628,PaloHttpClient,com.baidu.hugegraph.backend.store.palo.PaloHttpClient,L17523,L103,C:\Users\domco\Desktop\DP\repos\incubator-hugegraph\hugegraph-palo\src\main\java\com\baidu\hugegraph\backend\store\palo\PaloHttpClient.java,33,1,78,2,0.0,0,0,0,0.0,0.0,0,0,1,0,0,3,2,1,2,1,4,0.0,0.153846,4,0,0,3,0.135135,5,0,0,0,0,0,22,32,1,0,1,0,3,0,2,0,3,13,0,2,0,32,46,2,0,2,0,5,0,3,0,5,14,0,3,0,0,0,14,0,0,0,0,0,0,0,0,0,14,0,0,0,0,0,0,0,0
599,L17666,PaloLoadInfo,com.baidu.hugegraph.backend.store.palo.PaloLoadInfo,L17523,L103,C:\Users\domco\Desktop\DP\repos\incubator-hugegraph\hugegraph-palo\src\main\java\com\baidu\hugegraph\backend\store\palo\PaloLoadInfo.java,26,1,192,2,0.0,0,0,0,0.0,0.0,0,0,0,0,0,28,1,1,1,0,28,0.0,0.0,0,0,0,29,0.0,0,0,0,0,0,0,111,141,13,13,13,13,28,0,28,14,28,40,0,28,14,132,167,21,13,21,13,31,6,30,14,31,45,6,30,14,0,0,84,0,2,0,0,1,0,0,0,1,68,0,0,0,0,0,0,16,0
600,L17766,PaloOptions,com.baidu.hugegraph.backend.store.palo.PaloOptions,L17523,L103,C:\Users\domco\Desktop\DP\repos\incubator-hugegraph\hugegraph-palo\src\main\java\com\baidu\hugegraph\backend\store\palo\PaloOptions.java,30,1,110,2,0.0,0,0,0,0.0,0.0,0,0,1,1,1,3,0,5,0,0,2,0.0,0.0,0,0,0,2,0.0,0,0,0,0,0,0,70,81,9,0,9,0,2,8,1,0,2,5,8,1,0,70,81,9,0,9,0,2,8,1,0,2,5,8,1,0,0,0,13,1,12,1,0,9,0,0,0,1,7,0,1,0,1,0,0,6,0
601,L17775,PaloSerializer,com.baidu.hugegraph.backend.store.palo.PaloSerializer,L17523,L103,C:\Users\domco\Desktop\DP\repos\incubator-hugegraph\hugegraph-palo\src\main\java\com\baidu\hugegraph\backend\store\palo\PaloSerializer.java,27,1,42,2,0.0,0,0,0,0.0,0.0,0,0,2,0,0,3,4,0,0,4,6,0.0,0.0,0,0,0,1,0.0,0,4,5,0,0,1,14,16,0,0,0,0,2,0,0,0,53,4,0,19,0,14,16,0,0,0,0,2,0,0,0,53,4,0,19,0,0,0,8,0,0,0,0,0,1,0,0,0,7,0,0,0,0,0,0,0,0
602,L17790,PaloSessions,com.baidu.hugegraph.backend.store.palo.PaloSessions,L17523,L103,C:\Users\domco\Desktop\DP\repos\incubator-hugegraph\hugegraph-palo\src\main\java\com\baidu\hugegraph\backend\store\palo\PaloSessions.java,50,1,325,2,0.0,0,0,0,0.0,0.0,0,0,3,2,2,10,6,4,1,7,13,0.0,0.0526316,3,0,0,4,0.167347,41,2,2,0,0,1,54,69,17,1,5,0,6,0,3,0,41,26,0,22,0,204,276,33,3,13,2,21,0,11,0,89,107,0,60,0,0,0,53,0,0,0,0,0,1,0,0,0,49,0,0,0,0,0,0,3,1.0
603,L17792,PaloStore,com.baidu.hugegraph.backend.store.palo.PaloStore,L17523,L103,C:\Users\domco\Desktop\DP\repos\incubator-hugegraph\hugegraph-palo\src\main\java\com\baidu\hugegraph\backend\store\palo\PaloStore.java,33,1,53,2,0.0,0,0,0,0.0,0.0,0,0,1,0,0,3,3,2,2,5,8,0.0,0.0,0,0,0,2,0.0,0,3,3,2,2,1,17,21,9,1,1,0,3,0,1,0,46,4,0,30,1,17,21,9,1,1,0,3,0,1,0,46,4,0,30,1,0,0,9,0,0,0,0,0,0,0,0,0,9,0,0,0,0,0,0,0,0
604,L17968,PaloStoreProvider,com.baidu.hugegraph.backend.store.palo.PaloStoreProvider,L17523,L103,C:\Users\domco\Desktop\DP\repos\incubator-hugegraph\hugegraph-palo\src\main\java\com\baidu\hugegraph\backend\store\palo\PaloStoreProvider.java,31,1,173,2,0.39823,5,5,5,0.188811,0.247619,27,26,3,0,0,4,5,2,0,3,7,0.0,0.441176,15,0,0,3,0.125,15,3,3,0,0,1,19,41,5,0,1,0,4,0,2,0,27,4,0,20,0,105,143,15,2,2,2,16,0,14,0,123,32,0,84,2,0,0,63,0,0,0,17,0,3,0,3,0,38,0,0,0,0,0,0,2,0
605,L18095,PaloTable,com.baidu.hugegraph.backend.store.palo.PaloTable,L17523,L103,C:\Users\domco\Desktop\DP\repos\incubator-hugegraph\hugegraph-palo\src\main\java\com\baidu\hugegraph\backend\store\palo\PaloTable.java,40,1,117,2,0.0,0,0,0,0.0,0.0,0,0,1,2,2,12,11,1,1,11,15,0.0,0.0704225,5,0,0,4,0.0704225,5,2,2,1,17,1,66,78,9,0,1,0,4,0,3,0,57,39,0,23,0,66,78,9,0,1,0,4,0,3,0,57,39,0,23,0,0,0,12,0,8,0,0,0,0,0,1,0,11,0,3,0,0,5,0,0,0
606,L18005,PaloTables,com.baidu.hugegraph.backend.store.palo.PaloTables,L17523,L103,C:\Users\domco\Desktop\DP\repos\incubator-hugegraph\hugegraph-palo\src\main\java\com\baidu\hugegraph\backend\store\palo\PaloTables.java,45,1,474,2,0.456533,9,20,15,0.318605,0.357576,137,118,0,0,0,0,0,11,0,0,0,0.0,0.0769231,1,0,0,1,0.0571429,20,0,0,0,0,0,12,35,10,0,10,0,0,0,0,0,0,0,0,0,0,330,430,35,0,26,0,29,13,19,0,1045,168,13,440,0,0,0,299,2,2,2,102,1,1,0,2,0,112,0,1,12,0,0,0,70,0
607,L18253,PostgresqlOptions,com.baidu.hugegraph.backend.store.postgresql.PostgresqlOptions,L18235,L103,C:\Users\domco\Desktop\DP\repos\incubator-hugegraph\hugegraph-postgresql\src\main\java\com\baidu\hugegraph\backend\store\postgresql\PostgresqlOptions.java,27,1,51,2,0.0,0,0,0,0.0,0.0,0,0,1,1,1,3,1,1,0,1,3,0.0,0.0,0,0,0,2,0.0,0,1,1,0,0,1,21,25,11,0,2,0,2,1,1,0,4,5,9,2,0,21,25,11,0,2,0,2,1,1,0,4,5,9,2,0,0,0,11,0,5,0,0,2,0,0,0,1,7,0,1,0,1,0,0,4,0
608,L18262,PostgresqlSerializer,com.baidu.hugegraph.backend.store.postgresql.PostgresqlSerializer,L18235,L103,C:\Users\domco\Desktop\DP\repos\incubator-hugegraph\hugegraph-postgresql\src\main\java\com\baidu\hugegraph\backend\store\postgresql\PostgresqlSerializer.java,31,1,56,2,0.0,0,0,0,0.0,0.0,0,0,1,2,2,5,8,0,0,10,11,0.0,0.16,4,0,0,2,0.16,4,4,5,0,0,1,21,26,0,0,0,0,1,0,1,0,52,12,0,20,0,21,26,0,0,0,0,1,0,1,0,52,12,0,20,0,0,0,5,0,0,0,0,0,0,0,0,0,5,0,0,0,0,0,0,0,0
609,L18285,PostgresqlSessions,com.baidu.hugegraph.backend.store.postgresql.PostgresqlSessions,L18235,L103,C:\Users\domco\Desktop\DP\repos\incubator-hugegraph\hugegraph-postgresql\src\main\java\com\baidu\hugegraph\backend\store\postgresql\PostgresqlSessions.java,38,1,136,2,0.0,0,0,0,0.0,0.0,0,0,5,3,3,15,4,2,2,8,17,0.0,0.045977,4,0,0,5,0.045977,4,2,2,0,0,1,83,99,15,1,3,0,9,0,4,0,44,28,0,23,0,83,99,15,1,3,0,9,0,4,0,44,28,0,23,0,0,1,22,1,0,0,0,0,1,0,0,1,21,0,1,0,0,0,0,0,0
610,L18311,PostgresqlStore,com.baidu.hugegraph.backend.store.postgresql.PostgresqlStore,L18235,L103,C:\Users\domco\Desktop\DP\repos\incubator-hugegraph\hugegraph-postgresql\src\main\java\com\baidu\hugegraph\backend\store\postgresql\PostgresqlStore.java,26,1,37,2,0.0,0,0,0,0.0,0.0,0,0,1,0,0,2,3,2,2,4,6,0.0,0.0,0,0,0,2,0.0,0,3,3,2,2,1,10,12,8,1,0,0,2,0,1,0,45,2,0,30,1,10,12,8,1,0,0,2,0,1,0,45,2,0,30,1,0,0,7,0,0,0,0,0,0,0,0,0,7,0,0,0,0,0,0,0,0
611,L18321,PostgresqlStoreProvider,com.baidu.hugegraph.backend.store.postgresql.PostgresqlStoreProvider,L18235,L103,C:\Users\domco\Desktop\DP\repos\incubator-hugegraph\hugegraph-postgresql\src\main\java\com\baidu\hugegraph\backend\store\postgresql\PostgresqlStoreProvider.java,35,1,173,2,0.518919,7,7,7,0.316547,0.390476,44,41,3,0,0,4,4,0,0,3,7,0.0,0.4375,14,0,0,3,0.117647,14,3,3,0,0,1,18,38,4,0,0,0,4,0,2,0,27,4,0,20,0,105,139,13,2,1,2,14,0,11,0,120,36,0,82,2,0,0,70,0,0,0,28,0,3,0,3,0,34,0,0,0,0,0,0,2,0
612,L18448,PostgresqlTable,com.baidu.hugegraph.backend.store.postgresql.PostgresqlTable,L18235,L103,C:\Users\domco\Desktop\DP\repos\incubator-hugegraph\hugegraph-postgresql\src\main\java\com\baidu\hugegraph\backend\store\postgresql\PostgresqlTable.java,33,1,151,2,0.237991,1,5,1,0.168067,0.178218,20,18,4,2,2,19,9,1,1,8,16,0.0,0.0111111,1,0,0,2,0.00980392,1,2,2,1,16,1,89,105,9,0,1,0,8,0,1,0,61,54,0,21,0,101,119,10,0,1,0,10,0,2,0,80,58,0,37,0,0,1,40,0,8,1,12,0,1,0,0,0,26,0,4,0,0,4,0,1,0
613,L18345,PostgresqlTables,com.baidu.hugegraph.backend.store.postgresql.PostgresqlTables,L18235,L103,C:\Users\domco\Desktop\DP\repos\incubator-hugegraph\hugegraph-postgresql\src\main\java\com\baidu\hugegraph\backend\store\postgresql\PostgresqlTables.java,49,1,268,2,0.0,0,0,0,0.0,0.0,0,0,0,0,0,0,0,15,0,0,0,0.0,0.0,0,0,0,1,0.0,0,0,0,0,0,0,13,30,1,0,1,0,0,0,0,0,0,0,0,0,0,165,220,19,1,10,1,29,8,21,0,1025,37,8,375,0,0,0,163,0,1,0,0,1,0,0,0,0,109,0,0,1,0,0,0,53,0
614,L18569,RocksDBFeatures,com.baidu.hugegraph.backend.store.rocksdb.RocksDBFeatures,L18548,L103,C:\Users\domco\Desktop\DP\repos\incubator-hugegraph\hugegraph-rocksdb\src\main\java\com\baidu\hugegraph\backend\store\rocksdb\RocksDBFeatures.java,24,1,128,2,0.0,0,0,0,0.0,0.0,0,0,19,0,0,19,1,0,0,0,19,0.0,0.0930233,8,0,0,20,0.0930233,8,1,1,0,0,1,78,105,0,0,0,0,19,0,19,0,20,19,0,20,0,78,105,0,0,0,0,19,0,19,0,20,19,0,20,0,0,0,43,0,0,0,0,0,1,0,0,0,41,0,0,0,0,0,0,1,0
615,L18590,RocksDBIngester,com.baidu.hugegraph.backend.store.rocksdb.RocksDBIngester,L18548,L103,C:\Users\domco\Desktop\DP\repos\incubator-hugegraph\hugegraph-rocksdb\src\main\java\com\baidu\hugegraph\backend\store\rocksdb\RocksDBIngester.java,39,1,101,2,0.0,0,0,0,0.0,0.0,0,0,2,2,2,8,2,1,1,3,6,0.0,0.0,0,0,0,4,0.0,0,0,0,0,0,0,34,42,2,0,2,0,3,0,3,0,3,17,0,3,0,51,63,4,0,4,0,6,0,6,0,6,22,0,6,0,0,0,19,0,1,0,0,0,1,0,0,0,18,0,1,0,0,0,0,0,0
616,L18648,RocksDBMetrics,com.baidu.hugegraph.backend.store.rocksdb.RocksDBMetrics,L18548,L103,C:\Users\domco\Desktop\DP\repos\incubator-hugegraph\hugegraph-rocksdb\src\main\java\com\baidu\hugegraph\backend\store\rocksdb\RocksDBMetrics.java,31,1,113,2,0.0,0,0,0,0.0,0.0,0,0,1,2,2,12,3,1,0,3,10,0.0,0.0140845,1,0,0,3,0.0140845,1,1,1,0,0,1,70,83,18,3,10,3,7,8,2,0,7,37,16,2,0,70,83,18,3,10,3,7,8,2,0,7,37,16,2,0,0,0,24,0,1,0,0,0,0,0,0,1,17,0,0,0,0,0,0,7,0
617,L18703,RocksDBOptions,com.baidu.hugegraph.backend.store.rocksdb.RocksDBOptions,L18548,L103,C:\Users\domco\Desktop\DP\repos\incubator-hugegraph\hugegraph-rocksdb\src\main\java\com\baidu\hugegraph\backend\store\rocksdb\RocksDBOptions.java,39,1,461,2,0.0,0,0,0,0.0,0.0,0,0,1,1,1,3,0,3,0,0,2,0.0,0.00268097,1,1,0,2,0.00268097,1,0,0,0,0,0,372,423,48,0,48,0,2,47,1,0,2,5,47,1,0,372,423,48,0,48,0,2,47,1,0,2,5,47,1,0,0,0,15,2,51,0,0,48,0,0,0,1,7,0,3,0,1,0,0,8,0
618,L18659,RocksDBSessions,com.baidu.hugegraph.backend.store.rocksdb.RocksDBSessions,L18548,L103,C:\Users\domco\Desktop\DP\repos\incubator-hugegraph\hugegraph-rocksdb\src\main\java\com\baidu\hugegraph\backend\store\rocksdb\RocksDBSessions.java,33,1,113,2,0.0,0,0,0,0.0,0.0,0,0,0,0,0,11,2,11,48,1,12,0.0,0.0,0,0,0,12,0.05,3,1,1,2,2,1,17,31,7,1,0,0,11,0,11,0,25,1,0,20,0,57,81,19,1,7,0,29,7,29,0,61,3,7,56,0,0,0,77,0,1,0,0,1,1,0,0,0,67,0,0,0,0,0,0,9,0
619,L18841,RocksDBStdSessions,com.baidu.hugegraph.backend.store.rocksdb.RocksDBStdSessions,L18548,L103,C:\Users\domco\Desktop\DP\repos\incubator-hugegraph\hugegraph-rocksdb\src\main\java\com\baidu\hugegraph\backend\store\rocksdb\RocksDBStdSessions.java,76,1,1183,2,0.0652512,4,9,9,0.0442238,0.0472637,49,38,3,3,3,64,11,4,19,18,44,0.0,0.1,46,0,0,18,0.157233,150,2,2,0,0,1,414,557,14,1,7,0,26,0,17,0,37,242,0,26,0,804,1108,38,1,18,0,66,0,52,0,92,418,8,76,0,0,0,139,5,15,6,9,2,2,1,1,3,104,0,2,1,7,0,0,21,0
620,L19152,RocksDBStore,com.baidu.hugegraph.backend.store.rocksdb.RocksDBStore,L18548,L103,C:\Users\domco\Desktop\DP\repos\incubator-hugegraph\hugegraph-rocksdb\src\main\java\com\baidu\hugegraph\backend\store\rocksdb\RocksDBStore.java,73,1,914,2,0.192503,12,23,16,0.157957,0.171053,133,117,2,4,4,124,33,4,6,43,86,0.0,0.0733652,46,6,0,21,0.0642955,47,2,2,3,4,1,581,723,14,1,13,0,43,0,20,0,54,309,0,29,1,684,842,15,3,14,2,53,0,29,0,165,352,0,89,3,0,1,198,3,22,4,62,7,3,5,5,2,115,0,9,0,4,0,0,8,0
621,L19528,RocksDBStoreProvider,com.baidu.hugegraph.backend.store.rocksdb.RocksDBStoreProvider,L18548,L103,C:\Users\domco\Desktop\DP\repos\incubator-hugegraph\hugegraph-rocksdb\src\main\java\com\baidu\hugegraph\backend\store\rocksdb\RocksDBStoreProvider.java,27,1,67,2,0.0,0,0,0,0.0,0.0,0,0,3,0,0,5,4,1,1,3,8,0.0,0.416667,15,0,0,3,0.416667,15,2,2,1,1,1,21,41,4,0,0,0,5,0,2,0,23,5,0,18,0,21,41,4,0,0,0,5,0,2,0,23,5,0,18,0,0,1,10,0,0,0,0,0,1,0,0,0,9,0,1,0,0,0,0,0,0
622,L19167,RocksDBTable,com.baidu.hugegraph.backend.store.rocksdb.RocksDBTable,L18548,L103,C:\Users\domco\Desktop\DP\repos\incubator-hugegraph\hugegraph-rocksdb\src\main\java\com\baidu\hugegraph\backend\store\rocksdb\RocksDBTable.java,59,1,336,2,0.100457,2,6,2,0.0899281,0.0958904,25,21,5,2,2,44,22,6,11,47,67,0.0,0.0552486,10,0,0,10,0.0436681,10,1,1,5,20,1,171,219,4,1,2,1,20,0,9,0,27,82,0,15,0,219,278,15,3,5,2,25,0,14,0,38,104,4,23,0,0,0,70,0,0,0,14,0,2,0,1,0,50,0,0,0,0,0,0,3,1.0
623,L19413,RocksDBTables,com.baidu.hugegraph.backend.store.rocksdb.RocksDBTables,L18548,L103,C:\Users\domco\Desktop\DP\repos\incubator-hugegraph\hugegraph-rocksdb\src\main\java\com\baidu\hugegraph\backend\store\rocksdb\RocksDBTables.java,38,1,339,2,0.0,0,0,0,0.0,0.0,0,0,0,0,0,0,0,4,0,0,0,0.0,0.0,0,0,0,1,0.0263158,6,0,0,0,0,0,2,22,0,0,0,0,0,0,0,0,0,0,0,0,0,222,302,21,21,17,1,32,16,27,0,623,70,16,373,0,0,1,196,0,4,0,0,4,2,0,1,0,123,0,1,0,0,0,0,70,0
624,L19776,RocksDBSstSessions,com.baidu.hugegraph.backend.store.rocksdbsst.RocksDBSstSessions,L19771,L103,C:\Users\domco\Desktop\DP\repos\incubator-hugegraph\hugegraph-rocksdb\src\main\java\com\baidu\hugegraph\backend\store\rocksdbsst\RocksDBSstSessions.java,47,1,400,2,0.0,0,0,0,0.0,0.0,0,0,9,3,3,28,7,2,2,8,28,0.0,0.015873,2,0,0,15,0.186667,56,2,2,0,0,1,124,156,9,1,2,0,20,0,14,0,31,49,0,23,0,244,354,23,1,4,0,41,0,35,0,67,90,7,59,0,0,1,68,1,4,0,0,0,2,0,0,1,59,0,2,0,3,0,0,7,0
625,L19928,RocksDBSstStore,com.baidu.hugegraph.backend.store.rocksdbsst.RocksDBSstStore,L19771,L103,C:\Users\domco\Desktop\DP\repos\incubator-hugegraph\hugegraph-rocksdb\src\main\java\com\baidu\hugegraph\backend\store\rocksdbsst\RocksDBSstStore.java,34,1,116,2,0.643154,9,10,10,0.39759,0.428571,33,30,1,1,1,3,4,1,1,5,7,0.0,0.0,0,0,0,2,0.0140845,1,3,3,1,1,1,19,24,14,1,0,0,2,0,1,0,56,4,0,30,1,70,83,14,2,0,1,7,0,6,0,113,22,0,61,2,0,0,41,0,0,0,17,0,1,0,2,0,20,0,0,0,0,0,0,1,0
626,L19958,RocksDBSstStoreProvider,com.baidu.hugegraph.backend.store.rocksdbsst.RocksDBSstStoreProvider,L19771,L103,C:\Users\domco\Desktop\DP\repos\incubator-hugegraph\hugegraph-rocksdb\src\main\java\com\baidu\hugegraph\backend\store\rocksdbsst\RocksDBSstStoreProvider.java,26,1,37,2,0.0,0,0,0,0.0,0.0,0,0,2,0,0,2,3,0,0,2,4,0.0,0.0,0,0,0,2,0.0,0,3,3,0,0,1,10,12,4,0,0,0,2,0,1,0,25,2,0,19,0,10,12,4,0,0,0,2,0,1,0,25,2,0,19,0,0,0,8,0,0,0,0,0,1,0,0,0,7,0,0,0,0,0,0,0,0
627,L19983,ScyllaDBFeatures,com.baidu.hugegraph.backend.store.scylladb.ScyllaDBFeatures,L19969,L103,C:\Users\domco\Desktop\DP\repos\incubator-hugegraph\hugegraph-scylladb\src\main\java\com\baidu\hugegraph\backend\store\scylladb\ScyllaDBFeatures.java,24,1,35,2,0.0,0,0,0,0.0,0.0,0,0,2,0,0,2,1,0,0,0,2,0.0,0.0,0,0,0,3,0.0,0,2,2,0,0,1,10,12,0,0,0,0,2,0,2,0,22,2,0,22,0,10,12,0,0,0,0,2,0,2,0,22,2,0,22,0,0,0,8,0,0,0,0,0,1,0,0,0,7,0,0,0,0,0,0,0,0
628,L19988,ScyllaDBStoreProvider,com.baidu.hugegraph.backend.store.scylladb.ScyllaDBStoreProvider,L19969,L103,C:\Users\domco\Desktop\DP\repos\incubator-hugegraph\hugegraph-scylladb\src\main\java\com\baidu\hugegraph\backend\store\scylladb\ScyllaDBStoreProvider.java,33,1,119,2,0.496296,1,4,2,0.344828,0.371429,30,26,2,1,1,5,6,2,0,3,6,0.0,0.0,0,0,0,4,0.0,0,3,3,0,0,1,34,45,6,0,2,0,3,0,3,0,26,17,0,21,0,70,87,16,2,2,0,7,0,7,0,131,28,0,85,2,0,0,44,0,0,0,17,0,1,0,1,0,23,0,0,0,0,0,0,2,0
629,L20021,ScyllaDBTablesWithMV,com.baidu.hugegraph.backend.store.scylladb.ScyllaDBTablesWithMV,L19969,L103,C:\Users\domco\Desktop\DP\repos\incubator-hugegraph\hugegraph-scylladb\src\main\java\com\baidu\hugegraph\backend\store\scylladb\ScyllaDBTablesWithMV.java,36,1,303,2,0.0,0,0,0,0.0,0.0,0,0,5,1,1,12,8,8,22,6,13,0.0,0.0,0,0,0,1,0.0535714,12,0,0,0,0,0,45,58,0,0,0,0,7,0,0,0,7,16,0,0,0,212,268,22,0,10,0,30,0,4,0,331,61,6,130,6,0,0,96,0,2,0,0,2,2,0,0,0,77,0,0,0,0,0,0,17,0
630,L20278,"AbstractCache$CacheNode<K extends Object, V extends Object>",com.baidu.hugegraph.backend.cache.AbstractCache$CacheNode,L20200,L103,C:\Users\domco\Desktop\DP\repos\incubator-hugegraph\hugegraph-core\src\main\java\com\baidu\hugegraph\backend\cache\AbstractCache.java,244,5,288,6,0.0,0,0,0,0.0,0.0,0,0,1,1,1,8,1,6,8,1,8,0.0,0.0,0,0,0,8,0.0,0,0,0,1,1,0,37,45,3,0,3,0,7,0,7,0,7,13,0,7,0,37,45,3,0,3,0,7,0,7,0,7,13,0,7,0,0,0,17,0,4,0,0,0,0,0,0,1,17,0,3,0,0,0,0,0,0
631,L20422,CachedBackendStore$QueryId,com.baidu.hugegraph.backend.cache.CachedBackendStore$QueryId,L20373,L103,C:\Users\domco\Desktop\DP\repos\incubator-hugegraph\hugegraph-core\src\main\java\com\baidu\hugegraph\backend\cache\CachedBackendStore.java,179,5,242,6,0.0,0,0,0,0.0,0.0,0,0,3,1,1,12,4,2,2,4,15,0.0833333,0.0727273,4,3,1,11,0.0727273,4,1,1,0,0,1,51,64,3,0,2,0,11,0,11,0,15,14,1,15,0,51,64,3,0,2,0,11,0,11,0,15,14,1,15,0,0,0,28,0,3,0,0,0,1,0,0,2,25,0,1,0,0,0,0,2,0
632,L20579,CachedSchemaTransaction$SchemaCaches<V extends SchemaElement>,com.baidu.hugegraph.backend.cache.CachedSchemaTransaction$SchemaCaches,L20574,L103,C:\Users\domco\Desktop\DP\repos\incubator-hugegraph\hugegraph-core\src\main\java\com\baidu\hugegraph\backend\cache\CachedSchemaTransaction.java,304,5,434,6,0.29108,1,14,2,0.305344,0.330435,40,38,1,1,1,28,6,1,6,8,15,0.0,0.0254237,3,0,0,8,0.0254237,3,0,0,0,0,0,115,131,6,0,6,0,7,0,7,0,7,67,0,7,0,115,131,6,0,6,0,7,0,7,0,7,67,0,7,0,0,0,37,0,1,0,19,0,0,0,0,0,17,0,1,0,0,0,0,1,0
633,L20634,CachedSchemaTransaction$CachedTypes,com.baidu.hugegraph.backend.cache.CachedSchemaTransaction$CachedTypes,L20574,L103,C:\Users\domco\Desktop\DP\repos\incubator-hugegraph\hugegraph-core\src\main\java\com\baidu\hugegraph\backend\cache\CachedSchemaTransaction.java,436,5,440,6,0.0,0,0,0,0.0,0.0,0,0,0,0,0,0,1,2,0,0,0,0.0,0.0,0,0,0,1,0.0,0,0,0,0,0,0,4,5,1,0,1,0,0,0,0,0,0,0,0,0,0,4,5,1,0,1,0,0,0,0,0,0,0,0,0,0,0,0,3,0,0,0,0,0,0,0,0,0,3,0,0,0,0,0,0,0,0
634,L20903,OffheapCache$IdSerializer,com.baidu.hugegraph.backend.cache.OffheapCache$IdSerializer,L20801,L103,C:\Users\domco\Desktop\DP\repos\incubator-hugegraph\hugegraph-core\src\main\java\com\baidu\hugegraph\backend\cache\OffheapCache.java,156,5,174,6,0.0,0,0,0,0.0,0.0,0,0,3,0,0,3,2,1,0,6,9,0.0,0.0625,1,0,0,4,0.0625,1,0,0,0,0,0,15,19,0,0,0,0,3,0,3,0,3,3,0,3,0,15,19,0,0,0,0,3,0,3,0,3,3,0,3,0,0,0,10,0,0,0,0,0,1,0,0,0,9,0,0,0,0,0,0,0,0
635,L20908,OffheapCache$ValueSerializer,com.baidu.hugegraph.backend.cache.OffheapCache$ValueSerializer,L20801,L103,C:\Users\domco\Desktop\DP\repos\incubator-hugegraph\hugegraph-core\src\main\java\com\baidu\hugegraph\backend\cache\OffheapCache.java,176,5,193,6,0.0,0,0,0,0.0,0.0,0,0,3,0,0,3,1,1,0,3,6,0.0,0.0666667,1,0,0,4,0.0666667,1,0,0,0,0,0,14,18,0,0,0,0,3,0,3,0,3,3,0,3,0,14,18,0,0,0,0,3,0,3,0,3,3,0,3,0,0,0,10,0,0,0,0,0,1,0,0,0,9,0,0,0,0,0,0,0,0
636,L20862,OffheapCache$Value,com.baidu.hugegraph.backend.cache.OffheapCache$Value,L20801,L103,C:\Users\domco\Desktop\DP\repos\incubator-hugegraph\hugegraph-core\src\main\java\com\baidu\hugegraph\backend\cache\OffheapCache.java,195,5,334,6,0.0,0,0,0,0.0,0.0,0,0,1,2,2,29,11,2,6,30,43,0.0,0.016129,2,0,0,6,0.016129,2,0,0,0,0,0,122,140,3,0,3,0,13,0,5,0,13,66,0,5,0,122,140,3,0,3,0,13,0,5,0,13,66,0,5,0,0,0,30,0,5,0,0,0,0,0,1,0,29,0,3,0,0,2,0,0,0
637,L21058,"RamCache$LinkNode<K extends Object, V extends Object>",com.baidu.hugegraph.backend.cache.RamCache$LinkNode,L20788,L103,C:\Users\domco\Desktop\DP\repos\incubator-hugegraph\hugegraph-core\src\main\java\com\baidu\hugegraph\backend\cache\RamCache.java,225,5,244,6,0.0,0,0,0,0.0,0.0,0,0,1,1,1,3,1,2,2,2,4,0.0,0.0,0,0,0,3,0.0,0,1,1,0,0,1,17,20,5,0,2,0,2,0,2,0,9,6,0,9,0,17,20,5,0,2,0,2,0,2,0,9,6,0,9,0,0,1,7,0,0,0,0,0,0,0,0,0,7,0,1,0,0,0,0,0,0
638,L21067,"RamCache$LinkedQueueNonBigLock<K extends Object, V extends Object>",com.baidu.hugegraph.backend.cache.RamCache$LinkedQueueNonBigLock,L20788,L103,C:\Users\domco\Desktop\DP\repos\incubator-hugegraph\hugegraph-core\src\main\java\com\baidu\hugegraph\backend\cache\RamCache.java,246,5,497,6,0.0,0,0,0,0.0,0.0,0,0,1,3,3,33,2,1,5,2,15,0.857143,0.276498,60,33,6,1,0.276498,60,0,0,0,0,0,157,252,4,0,4,0,13,0,6,0,13,97,0,6,0,157,252,4,0,4,0,13,0,6,0,13,97,0,6,0,0,0,15,3,0,0,0,0,0,0,0,2,15,0,1,0,0,0,0,0,0
639,L21321,IdGenerator$StringId,com.baidu.hugegraph.backend.id.IdGenerator$StringId,L21316,L103,C:\Users\domco\Desktop\DP\repos\incubator-hugegraph\hugegraph-core\src\main\java\com\baidu\hugegraph\backend\id\IdGenerator.java,130,5,199,6,0.0,0,0,0,0.0,0.0,0,0,2,1,1,14,4,4,3,4,16,0.0769231,0.0172414,1,1,1,12,0.0172414,1,1,1,0,0,1,57,70,2,0,1,0,12,0,12,0,16,18,1,16,0,57,70,2,0,1,0,12,0,12,0,16,18,1,16,0,0,0,30,0,0,0,0,0,1,0,0,0,27,0,0,0,0,0,0,2,0
640,L21339,IdGenerator$LongId,com.baidu.hugegraph.backend.id.IdGenerator$LongId,L21316,L103,C:\Users\domco\Desktop\DP\repos\incubator-hugegraph\hugegraph-core\src\main\java\com\baidu\hugegraph\backend\id\IdGenerator.java,201,5,292,6,0.0,0,0,0,0.0,0.0,0,0,3,1,1,18,3,4,2,2,18,0.0,0.0135135,1,0,0,17,0.0135135,1,1,1,0,0,1,73,92,3,0,2,0,16,0,16,0,20,21,1,20,0,73,92,3,0,2,0,16,0,16,0,20,21,1,20,0,0,0,39,0,0,0,0,0,1,0,0,0,35,0,0,0,0,0,0,3,0
641,L21328,IdGenerator$UuidId,com.baidu.hugegraph.backend.id.IdGenerator$UuidId,L21316,L103,C:\Users\domco\Desktop\DP\repos\incubator-hugegraph\hugegraph-core\src\main\java\com\baidu\hugegraph\backend\id\IdGenerator.java,294,5,379,6,0.0,0,0,0,0.0,0.0,0,0,4,1,1,16,5,4,4,7,21,0.0,0.0,0,0,0,14,0.0,0,1,1,0,0,1,71,86,2,0,1,0,14,0,13,0,18,28,1,17,0,71,86,2,0,1,0,14,0,13,0,18,28,1,17,0,0,0,34,0,0,0,0,0,1,0,0,0,31,0,0,0,0,0,0,2,0
642,L21346,IdGenerator$ObjectId,com.baidu.hugegraph.backend.id.IdGenerator$ObjectId,L21316,L103,C:\Users\domco\Desktop\DP\repos\incubator-hugegraph\hugegraph-core\src\main\java\com\baidu\hugegraph\backend\id\IdGenerator.java,384,5,445,6,0.0,0,0,0,0.0,0.0,0,0,7,1,1,12,2,1,1,0,11,0.0833333,0.0566038,3,3,1,11,0.0566038,3,1,1,0,0,1,50,62,2,0,1,0,11,0,11,0,15,14,1,15,0,50,62,2,0,1,0,11,0,11,0,15,14,1,15,0,0,0,28,0,0,0,0,0,1,0,0,0,25,0,0,0,0,0,0,2,0
643,L21517,SnowflakeIdGenerator$IdWorker,com.baidu.hugegraph.backend.id.SnowflakeIdGenerator$IdWorker,L21502,L103,C:\Users\domco\Desktop\DP\repos\incubator-hugegraph\hugegraph-core\src\main\java\com\baidu\hugegraph\backend\id\SnowflakeIdGenerator.java,111,5,178,6,0.0,0,0,0,0.0,0.0,0,0,1,3,2,9,2,1,2,1,3,0.333333,0.197183,14,12,1,2,0.197183,14,0,0,0,0,0,57,68,13,0,13,0,2,0,2,0,2,19,0,2,0,57,68,13,0,13,0,2,0,2,0,2,19,0,2,0,0,0,9,0,6,2,0,0,0,0,0,2,7,0,0,0,1,1,0,2,0
644,L21668,IdHolder$FixedIdHolder,com.baidu.hugegraph.backend.page.IdHolder$FixedIdHolder,L21651,L103,C:\Users\domco\Desktop\DP\repos\incubator-hugegraph\hugegraph-core\src\main\java\com\baidu\hugegraph\backend\page\IdHolder.java,66,5,91,6,0.0,0,0,0,0.0,0.0,0,0,3,0,0,4,4,3,2,1,5,0.0,0.047619,1,1,0,5,0.047619,1,1,1,1,1,1,20,26,3,0,1,0,4,0,4,0,7,6,0,7,0,20,26,3,0,1,0,4,0,4,0,7,6,0,7,0,0,0,12,0,0,0,0,0,1,0,0,0,11,0,0,0,0,0,0,0,0
645,L21683,IdHolder$PagingIdHolder,com.baidu.hugegraph.backend.page.IdHolder$PagingIdHolder,L21651,L103,C:\Users\domco\Desktop\DP\repos\incubator-hugegraph\hugegraph-core\src\main\java\com\baidu\hugegraph\backend\page\IdHolder.java,93,5,131,6,0.0,0,0,0,0.0,0.0,0,0,3,1,1,7,5,1,1,7,11,0.0,0.0,0,0,0,5,0.0,0,1,1,0,0,1,32,39,3,0,1,0,4,0,4,0,7,14,0,7,0,32,39,3,0,1,0,4,0,4,0,7,14,0,7,0,0,0,12,0,0,0,0,0,1,0,0,0,11,0,0,0,0,0,0,0,0
646,L21705,IdHolder$BatchIdHolder,com.baidu.hugegraph.backend.page.IdHolder$BatchIdHolder,L21651,L103,C:\Users\domco\Desktop\DP\repos\incubator-hugegraph\hugegraph-core\src\main\java\com\baidu\hugegraph\backend\page\IdHolder.java,133,5,265,6,0.0,0,0,0,0.0,0.0,0,0,2,2,2,24,7,2,2,5,16,0.0,0.00854701,1,0,0,10,0.00854701,1,1,1,0,0,1,116,133,6,1,4,1,11,0,9,0,14,57,0,12,0,116,133,6,1,4,1,11,0,9,0,14,57,0,12,0,0,0,26,0,1,1,0,0,1,0,0,0,25,0,0,0,0,0,0,0,0
647,L21965,QueryList$OptimizedQuery,com.baidu.hugegraph.backend.page.QueryList$OptimizedQuery,L21776,L103,C:\Users\domco\Desktop\DP\repos\incubator-hugegraph\hugegraph-core\src\main\java\com\baidu\hugegraph\backend\page\QueryList.java,150,5,193,6,0.0,0,0,0,0.0,0.0,0,0,2,1,1,6,7,1,1,9,14,0.166667,0.184211,7,3,1,5,0.184211,7,1,1,0,0,1,31,44,1,0,1,0,5,0,5,0,5,13,0,5,0,31,44,1,0,1,0,5,0,5,0,5,13,0,5,0,0,0,14,0,0,0,0,0,1,0,0,0,13,0,0,0,0,0,0,0,0
648,L21958,QueryList$IndexQuery,com.baidu.hugegraph.backend.page.QueryList$IndexQuery,L21776,L103,C:\Users\domco\Desktop\DP\repos\incubator-hugegraph\hugegraph-core\src\main\java\com\baidu\hugegraph\backend\page\QueryList.java,198,5,309,6,0.0,0,0,0,0.0,0.0,0,0,1,2,2,15,14,1,1,17,26,0.166667,0.218391,19,5,1,5,0.218391,19,1,1,0,0,1,68,112,2,0,2,0,9,0,5,0,9,35,0,5,0,68,112,2,0,2,0,9,0,5,0,9,35,0,5,0,0,0,20,0,0,0,0,0,0,0,1,0,19,0,0,0,0,0,0,0,0
649,L21798,QueryList$PageResults<R extends Object>,com.baidu.hugegraph.backend.page.QueryList$PageResults,L21776,L103,C:\Users\domco\Desktop\DP\repos\incubator-hugegraph\hugegraph-core\src\main\java\com\baidu\hugegraph\backend\page\QueryList.java,311,5,353,6,0.0,0,0,0,0.0,0.0,0,0,2,0,0,7,3,5,7,6,13,0.0,0.0,0,0,0,8,0.0,0,0,0,0,0,0,34,43,3,0,3,0,7,1,7,0,7,10,1,7,0,34,43,3,0,3,0,7,1,7,0,7,10,1,7,0,0,0,22,0,0,0,0,0,1,0,0,0,17,0,0,0,0,0,0,4,0
650,L22119,SortByCountIdHolderList$SortByCountIdHolder,com.baidu.hugegraph.backend.page.SortByCountIdHolderList$SortByCountIdHolder,L22106,L103,C:\Users\domco\Desktop\DP\repos\incubator-hugegraph\hugegraph-core\src\main\java\com\baidu\hugegraph\backend\page\SortByCountIdHolderList.java,61,5,87,6,0.0,0,0,0,0.0,0.0,0,0,2,1,1,5,5,1,1,4,8,0.0,0.0,0,0,0,5,0.0,0,2,2,0,0,1,22,27,4,0,1,0,4,0,4,0,11,7,0,11,0,22,27,4,0,1,0,4,0,4,0,11,7,0,11,0,0,0,12,0,0,0,0,0,1,0,0,0,11,0,0,0,0,0,0,0,0
651,L22132,SortByCountIdHolderList$MergedQuery,com.baidu.hugegraph.backend.page.SortByCountIdHolderList$MergedQuery,L22106,L103,C:\Users\domco\Desktop\DP\repos\incubator-hugegraph\hugegraph-core\src\main\java\com\baidu\hugegraph\backend\page\SortByCountIdHolderList.java,89,5,99,6,0.0,0,0,0,0.0,0.0,0,0,1,0,0,2,2,1,1,2,4,0.0,0.0,0,0,0,3,0.0,0,1,1,0,0,1,9,11,19,1,0,0,2,0,2,0,60,2,4,55,0,9,11,19,1,0,0,2,0,2,0,60,2,4,55,0,0,0,11,0,0,0,0,0,0,0,0,0,7,0,0,0,0,0,0,4,0
652,L22401,Condition$BinCondition,com.baidu.hugegraph.backend.query.Condition$BinCondition,L10666,L103,C:\Users\domco\Desktop\DP\repos\incubator-hugegraph\hugegraph-core\src\main\java\com\baidu\hugegraph\backend\query\Condition.java,392,5,457,6,0.207407,1,2,1,0.151515,0.178571,10,10,1,1,1,13,2,5,12,4,13,0.1,0.0508475,3,3,1,9,0.0508475,3,1,1,2,2,1,56,66,2,0,2,0,9,0,9,0,44,23,0,44,0,56,66,2,0,2,0,9,0,9,0,44,23,0,44,0,0,0,32,0,4,0,11,0,0,0,0,0,21,0,2,0,0,2,0,0,0
653,L10678,Condition$And,com.baidu.hugegraph.backend.query.Condition$And,L10666,L103,C:\Users\domco\Desktop\DP\repos\incubator-hugegraph\hugegraph-core\src\main\java\com\baidu\hugegraph\backend\query\Condition.java,459,5,484,6,0.0,0,0,0,0.0,0.0,0,0,2,0,0,7,4,4,3,6,11,0.0,0.0,0,0,0,6,0.0,0,2,2,0,0,1,21,26,2,0,0,0,5,0,5,0,45,5,0,45,0,21,26,2,0,0,0,5,0,5,0,45,5,0,45,0,0,0,14,0,1,0,0,1,1,0,0,0,13,0,0,0,0,0,0,0,0
654,L22307,Condition$Or,com.baidu.hugegraph.backend.query.Condition$Or,L10666,L103,C:\Users\domco\Desktop\DP\repos\incubator-hugegraph\hugegraph-core\src\main\java\com\baidu\hugegraph\backend\query\Condition.java,486,5,511,6,0.0,0,0,0,0.0,0.0,0,0,2,0,0,7,4,2,3,6,11,0.0,0.0,0,0,0,6,0.0,0,2,2,0,0,1,21,26,2,0,0,0,5,0,5,0,45,5,0,45,0,21,26,2,0,0,0,5,0,5,0,45,5,0,45,0,0,0,14,0,1,0,0,1,1,0,0,0,13,0,0,0,0,0,0,0,0
655,L10691,Condition$Relation,com.baidu.hugegraph.backend.query.Condition$Relation,L10666,L103,C:\Users\domco\Desktop\DP\repos\incubator-hugegraph\hugegraph-core\src\main\java\com\baidu\hugegraph\backend\query\Condition.java,513,5,614,6,0.178914,1,2,1,0.0980392,0.126582,10,10,4,1,1,22,3,22,49,2,18,0.0,0.0481928,4,4,0,17,0.0481928,4,1,1,2,2,1,79,102,5,0,5,0,16,0,16,0,49,23,0,49,0,79,102,5,0,5,0,16,0,16,0,49,23,0,49,0,0,0,47,0,8,0,9,0,1,0,0,1,35,0,5,0,0,2,0,2,0
656,L22321,Condition$SyspropRelation,com.baidu.hugegraph.backend.query.Condition$SyspropRelation,L10666,L103,C:\Users\domco\Desktop\DP\repos\incubator-hugegraph\hugegraph-core\src\main\java\com\baidu\hugegraph\backend\query\Condition.java,616,5,656,6,0.0,0,0,0,0.0,0.0,0,0,2,0,0,6,5,2,15,6,12,0.0,0.0,0,0,0,7,0.0,0,2,2,0,0,1,34,41,6,0,1,0,6,0,6,0,51,14,0,51,0,34,41,6,0,1,0,6,0,6,0,51,14,0,51,0,0,0,17,0,1,0,0,0,1,0,0,0,15,0,1,0,0,0,0,1,0
657,L22366,Condition$UserpropRelation,com.baidu.hugegraph.backend.query.Condition$UserpropRelation,L10666,L103,C:\Users\domco\Desktop\DP\repos\incubator-hugegraph\hugegraph-core\src\main\java\com\baidu\hugegraph\backend\query\Condition.java,658,5,709,6,0.0,0,0,0,0.0,0.0,0,0,2,1,1,8,6,3,13,7,13,0.0,0.177778,8,1,0,7,0.177778,8,2,2,0,0,1,37,52,6,0,1,0,6,0,6,0,51,16,0,51,0,37,52,6,0,1,0,6,0,6,0,51,16,0,51,0,0,0,15,0,1,0,0,0,1,0,0,0,13,0,1,0,0,0,0,1,0
658,L12460,Condition$RangeConditions,com.baidu.hugegraph.backend.query.Condition$RangeConditions,L10666,L103,C:\Users\domco\Desktop\DP\repos\incubator-hugegraph\hugegraph-core\src\main\java\com\baidu\hugegraph\backend\query\Condition.java,711,5,766,6,0.0,0,0,0,0.0,0.0,0,0,1,2,2,14,3,4,5,2,9,0.0,0.0,0,0,0,8,0.0,0,0,0,0,0,0,48,56,5,0,5,0,7,0,7,0,7,18,0,7,0,48,56,5,0,5,0,7,0,7,0,7,18,0,7,0,0,1,17,0,16,0,0,0,0,0,0,6,17,0,6,0,0,5,0,0,0
659,L22713,ConditionQueryFlatten$Relations,com.baidu.hugegraph.backend.query.ConditionQueryFlatten$Relations,L22695,L103,C:\Users\domco\Desktop\DP\repos\incubator-hugegraph\hugegraph-core\src\main\java\com\baidu\hugegraph\backend\query\ConditionQueryFlatten.java,478,5,487,6,0.0,0,0,0,0.0,0.0,0,0,1,0,0,1,1,1,3,0,1,0.5,0.333333,4,4,1,1,0.333333,4,0,0,0,0,0,8,10,1,0,1,0,1,0,1,0,1,3,0,1,0,8,10,1,0,1,0,1,0,1,0,1,3,0,1,0,0,0,3,0,1,0,0,1,0,0,0,0,3,0,0,0,0,0,0,0,0
660,L23052,QueryResults$EmptyIterator<T extends Object>,com.baidu.hugegraph.backend.query.QueryResults$EmptyIterator,L21791,L103,C:\Users\domco\Desktop\DP\repos\incubator-hugegraph\hugegraph-core\src\main\java\com\baidu\hugegraph\backend\query\QueryResults.java,250,5,271,6,0.0,0,0,0,0.0,0.0,0,0,4,0,0,4,0,0,0,0,4,0.0,0.0555556,1,0,0,5,0.0555556,1,0,0,0,0,0,17,22,0,0,0,0,4,0,4,0,4,3,0,4,0,17,22,0,0,0,0,4,0,4,0,4,3,0,4,0,0,0,10,0,0,0,0,0,1,0,0,0,9,0,0,0,0,0,0,0,0
661,L23208,BinaryBackendEntry$BinaryId,com.baidu.hugegraph.backend.serializer.BinaryBackendEntry$BinaryId,L14841,L103,C:\Users\domco\Desktop\DP\repos\incubator-hugegraph\hugegraph-core\src\main\java\com\baidu\hugegraph\backend\serializer\BinaryBackendEntry.java,177,5,250,6,0.0,0,0,0,0.0,0.0,0,0,4,1,1,14,2,5,25,1,14,0.0,0.0,0,0,0,14,0.0,0,1,1,0,0,1,60,74,3,0,2,0,13,0,13,0,17,17,1,17,0,60,74,3,0,2,0,13,0,13,0,17,17,1,17,0,0,0,32,1,0,1,0,0,1,0,0,0,29,0,0,0,0,0,0,2,0
662,L23613,BinarySerializer$SchemaSerializer,com.baidu.hugegraph.backend.serializer.BinarySerializer$SchemaSerializer,L15463,L103,C:\Users\domco\Desktop\DP\repos\incubator-hugegraph\hugegraph-core\src\main\java\com\baidu\hugegraph\backend\serializer\BinarySerializer.java,911,5,1191,6,0.407482,4,8,8,0.259786,0.295547,73,73,1,1,1,33,25,1,8,73,101,0.0,0.00403226,1,0,0,9,0.00403226,1,0,0,0,0,0,247,281,1,0,1,0,28,0,8,0,28,165,0,8,0,247,281,1,0,1,0,28,0,8,0,28,165,0,8,0,0,0,112,1,0,0,41,0,0,0,11,0,59,0,1,0,0,0,0,1,0
663,L9689,TableBackendEntry$Row,com.baidu.hugegraph.backend.serializer.TableBackendEntry$Row,L9674,L103,C:\Users\domco\Desktop\DP\repos\incubator-hugegraph\hugegraph-core\src\main\java\com\baidu\hugegraph\backend\serializer\TableBackendEntry.java,41,5,127,6,0.0,0,0,0,0.0,0.0,0,0,1,2,2,18,4,22,44,0,12,0.0,0.0405405,3,0,0,13,0.0405405,3,0,0,0,0,0,71,87,5,0,5,0,12,0,12,0,12,29,0,12,0,71,87,5,0,5,0,12,0,12,0,12,29,0,12,0,0,0,27,0,7,0,0,2,0,0,0,1,27,0,4,0,0,0,0,0,0
664,L24905,GraphIndexTransaction$MatchedIndex,com.baidu.hugegraph.backend.tx.GraphIndexTransaction$MatchedIndex,L24793,L103,C:\Users\domco\Desktop\DP\repos\incubator-hugegraph\hugegraph-core\src\main\java\com\baidu\hugegraph\backend\tx\GraphIndexTransaction.java,1411,5,1458,6,0.0,0,0,0,0.0,0.0,0,0,1,2,2,8,6,2,6,5,10,0.0,0.166667,7,0,0,6,0.166667,7,0,0,0,0,0,35,48,2,0,2,0,5,0,5,0,5,16,0,5,0,35,48,2,0,2,0,5,0,5,0,5,16,0,5,0,0,0,11,0,4,0,0,0,0,0,0,2,11,0,2,0,0,0,0,0,0
665,L24924,GraphIndexTransaction$IndexQueries,com.baidu.hugegraph.backend.tx.GraphIndexTransaction$IndexQueries,L24793,L103,C:\Users\domco\Desktop\DP\repos\incubator-hugegraph\hugegraph-core\src\main\java\com\baidu\hugegraph\backend\tx\GraphIndexTransaction.java,1460,5,1532,6,0.0,0,0,0,0.0,0.0,0,0,4,2,2,9,4,3,3,5,10,0.0,0.0,0,0,0,6,0.0166667,1,0,0,0,0,0,34,42,2,0,2,0,5,1,5,0,5,15,1,5,0,59,73,22,1,3,0,9,1,8,0,67,25,5,61,0,0,0,34,1,2,1,0,1,1,0,0,0,24,0,1,0,0,0,0,9,0
666,L24814,GraphIndexTransaction$RemoveLeftIndexJob,com.baidu.hugegraph.backend.tx.GraphIndexTransaction$RemoveLeftIndexJob,L24793,L103,C:\Users\domco\Desktop\DP\repos\incubator-hugegraph\hugegraph-core\src\main\java\com\baidu\hugegraph\backend\tx\GraphIndexTransaction.java,1534,5,1772,6,0.0,0,0,0,0.0,0.0,0,0,2,5,5,42,32,1,1,54,64,0.0,0.103604,23,0,0,3,0.103604,23,3,3,0,0,1,199,239,12,0,4,0,10,0,2,0,28,111,0,11,1,199,239,12,0,4,0,10,0,2,0,28,111,0,11,1,0,0,31,0,0,0,0,0,1,2,5,0,23,0,0,0,0,0,0,0,0
667,L25653,GraphTransaction$LimitIterator<T extends Object>,com.baidu.hugegraph.backend.tx.GraphTransaction$LimitIterator,L4527,L103,C:\Users\domco\Desktop\DP\repos\incubator-hugegraph\hugegraph-core\src\main\java\com\baidu\hugegraph\backend\tx\GraphTransaction.java,1992,5,2032,6,0.0,0,0,0,0.0,0.0,0,0,1,2,2,8,0,2,2,0,4,0.5,0.0540541,2,1,1,1,0.0540541,2,0,0,0,0,0,35,41,2,0,2,0,4,0,1,0,4,17,0,1,0,35,41,2,0,2,0,4,0,1,0,4,17,0,1,0,0,0,11,0,1,0,0,0,0,0,0,0,11,0,1,0,0,0,0,0,0
668,L27451,JobCounters$JobCounter,com.baidu.hugegraph.job.system.JobCounters$JobCounter,L27443,L103,C:\Users\domco\Desktop\DP\repos\incubator-hugegraph\hugegraph-core\src\main\java\com\baidu\hugegraph\job\system\JobCounters.java,45,5,119,6,0.0,0,0,0,0.0,0.0,0,0,1,1,1,14,2,4,5,0,10,0.181818,0.15625,10,10,2,9,0.15625,10,0,0,0,0,0,54,75,4,0,4,0,10,0,10,0,10,22,0,10,0,54,75,4,0,4,0,10,0,10,0,10,22,0,10,0,0,0,19,0,5,0,0,0,0,0,0,2,19,0,3,0,0,0,0,0,0
669,L30624,TaskCallable$1,com.baidu.hugegraph.task.TaskCallable$1,L30147,L103,C:\Users\domco\Desktop\DP\repos\incubator-hugegraph\hugegraph-core\src\main\java\com\baidu\hugegraph\task\TaskCallable.java,169,38,174,10,0.0,0,0,0,0.0,0.0,0,0,1,0,0,1,1,0,0,0,1,0.0,0.0,0,0,0,2,0.0,0,1,1,0,0,1,6,6,7,0,0,0,1,0,1,0,16,1,0,9,1,6,6,7,0,0,0,1,0,1,0,16,1,0,9,1,0,0,5,0,0,0,0,0,0,0,0,0,5,0,0,0,0,0,0,0,0
670,L30841,CollectionPathsTraverser$Traverser,com.baidu.hugegraph.traversal.algorithm.CollectionPathsTraverser$Traverser,L3517,L103,C:\Users\domco\Desktop\DP\repos\incubator-hugegraph\hugegraph-core\src\main\java\com\baidu\hugegraph\traversal\algorithm\CollectionPathsTraverser.java,98,5,184,6,0.674074,3,14,3,0.563218,0.61194,49,41,2,5,5,18,7,2,2,9,14,0.0,0.12987,10,0,0,3,0.12987,10,1,1,1,1,1,67,87,13,0,1,0,5,0,2,0,26,33,0,16,0,67,87,13,0,1,0,5,0,2,0,26,33,0,16,0,0,0,41,0,0,0,25,0,1,3,0,0,11,0,0,0,0,0,0,1,0
671,L30844,CollectionPathsTraverser$NearestTraverser,com.baidu.hugegraph.traversal.algorithm.CollectionPathsTraverser$NearestTraverser,L3517,L103,C:\Users\domco\Desktop\DP\repos\incubator-hugegraph\hugegraph-core\src\main\java\com\baidu\hugegraph\traversal\algorithm\CollectionPathsTraverser.java,186,5,279,6,0.12766,1,2,1,0.159574,0.150685,15,11,1,3,3,17,8,1,1,7,14,0.0,0.120482,10,0,0,4,0.120482,10,2,2,0,0,1,73,94,13,0,0,0,7,0,3,0,33,34,0,19,0,73,94,13,0,0,0,7,0,3,0,33,34,0,19,0,0,0,26,0,0,0,10,0,0,0,0,0,15,0,0,0,0,0,0,1,0
672,L2897,CustomizedCrosspointsTraverser$PathPattern,com.baidu.hugegraph.traversal.algorithm.CustomizedCrosspointsTraverser$PathPattern,L2902,L103,C:\Users\domco\Desktop\DP\repos\incubator-hugegraph\hugegraph-core\src\main\java\com\baidu\hugegraph\traversal\algorithm\CustomizedCrosspointsTraverser.java,169,5,188,6,0.0,0,0,0,0.0,0.0,0,0,1,0,0,4,1,2,2,0,4,0.0,0.0,0,0,0,5,0.0,0,0,0,0,0,0,15,20,1,0,1,0,4,0,4,0,4,4,0,4,0,15,20,1,0,1,0,4,0,4,0,4,4,0,4,0,0,0,11,0,2,0,0,0,0,0,0,1,11,0,1,0,0,0,0,0,0
673,L2983,CustomizedCrosspointsTraverser$Step,com.baidu.hugegraph.traversal.algorithm.CustomizedCrosspointsTraverser$Step,L2902,L103,C:\Users\domco\Desktop\DP\repos\incubator-hugegraph\hugegraph-core\src\main\java\com\baidu\hugegraph\traversal\algorithm\CustomizedCrosspointsTraverser.java,190,5,200,6,0.0,0,0,0,0.0,0.0,0,0,0,0,0,1,3,3,1,1,2,0.0,0.0,0,0,0,2,0.0,0,0,0,0,0,0,9,11,1,0,1,0,1,0,1,0,1,1,0,1,0,9,11,1,0,1,0,1,0,1,0,1,1,0,1,0,0,0,6,0,1,0,0,1,0,0,0,0,5,0,0,0,0,0,0,1,0
674,L2909,CustomizedCrosspointsTraverser$CrosspointsPaths,com.baidu.hugegraph.traversal.algorithm.CustomizedCrosspointsTraverser$CrosspointsPaths,L2902,L103,C:\Users\domco\Desktop\DP\repos\incubator-hugegraph\hugegraph-core\src\main\java\com\baidu\hugegraph\traversal\algorithm\CustomizedCrosspointsTraverser.java,202,5,223,6,0.0,0,0,0,0.0,0.0,0,0,1,0,0,3,2,4,3,0,3,0.0,0.0,0,0,0,4,0.0,0,0,0,0,0,0,17,22,3,0,3,0,3,0,3,0,3,4,0,3,0,17,22,3,0,3,0,3,0,3,0,3,4,0,3,0,0,0,9,0,4,0,0,0,0,0,0,2,9,0,2,0,0,0,0,0,0
675,L31038,CustomizePathsTraverser$WeightNode,com.baidu.hugegraph.traversal.algorithm.CustomizePathsTraverser$WeightNode,L3022,L103,C:\Users\domco\Desktop\DP\repos\incubator-hugegraph\hugegraph-core\src\main\java\com\baidu\hugegraph\traversal\algorithm\CustomizePathsTraverser.java,166,5,185,6,0.0,0,0,0,0.0,0.0,0,0,1,1,1,3,2,1,1,2,4,0.0,0.0,0,0,0,3,0.0,0,1,1,0,0,1,17,20,3,0,1,0,2,0,2,0,12,9,0,12,0,17,20,3,0,1,0,2,0,2,0,12,9,0,12,0,0,0,7,0,1,0,0,0,0,0,0,1,7,0,0,0,0,0,0,0,0
676,L31053,CustomizePathsTraverser$WeightPath,com.baidu.hugegraph.traversal.algorithm.CustomizePathsTraverser$WeightPath,L3022,L103,C:\Users\domco\Desktop\DP\repos\incubator-hugegraph\hugegraph-core\src\main\java\com\baidu\hugegraph\traversal\algorithm\CustomizePathsTraverser.java,187,5,239,6,0.0,0,0,0,0.0,0.0,0,0,1,1,1,9,2,1,1,5,12,0.0,0.0,0,0,0,7,0.0,0,1,1,0,0,1,45,53,5,0,2,0,7,0,6,0,16,17,1,15,0,45,53,5,0,2,0,7,0,6,0,16,17,1,15,0,0,2,19,0,3,0,0,0,0,0,0,1,17,0,4,0,0,0,0,2,0
677,L31118,FusiformSimilarityTraverser$Similar,com.baidu.hugegraph.traversal.algorithm.FusiformSimilarityTraverser$Similar,L3179,L103,C:\Users\domco\Desktop\DP\repos\incubator-hugegraph\hugegraph-core\src\main\java\com\baidu\hugegraph\traversal\algorithm\FusiformSimilarityTraverser.java,246,5,276,6,0.0,0,0,0,0.0,0.0,0,0,1,0,0,5,1,2,3,0,5,0.0,0.0,0,0,0,6,0.0,0,0,0,0,0,0,25,31,3,0,3,0,5,0,5,0,5,8,0,5,0,25,31,3,0,3,0,5,0,5,0,5,8,0,5,0,0,0,13,0,4,0,0,1,0,0,0,0,13,0,3,0,0,0,0,0,0
678,L3184,FusiformSimilarityTraverser$SimilarsMap,com.baidu.hugegraph.traversal.algorithm.FusiformSimilarityTraverser$SimilarsMap,L3179,L103,C:\Users\domco\Desktop\DP\repos\incubator-hugegraph\hugegraph-core\src\main\java\com\baidu\hugegraph\traversal\algorithm\FusiformSimilarityTraverser.java,278,5,307,6,0.0,0,0,0,0.0,0.0,0,0,2,2,2,6,2,4,2,3,5,0.0,0.0,0,0,0,3,0.0,0,0,0,0,0,0,27,30,1,0,1,0,2,0,2,0,2,16,0,2,0,27,30,1,0,1,0,2,0,2,0,2,16,0,2,0,0,0,8,0,0,0,0,0,1,0,0,0,7,0,0,0,0,0,0,0,0
679,L3305,HugeTraverser$Node,com.baidu.hugegraph.traversal.algorithm.HugeTraverser$Node,L2763,L103,C:\Users\domco\Desktop\DP\repos\incubator-hugegraph\hugegraph-core\src\main\java\com\baidu\hugegraph\traversal\algorithm\HugeTraverser.java,469,5,537,6,0.0,0,0,0,0.0,0.0,0,0,2,2,2,15,2,26,33,1,11,0.0,0.0,0,0,0,11,0.0,0,0,0,2,2,0,58,69,2,0,2,0,10,0,10,0,10,26,0,10,0,58,69,2,0,2,0,10,0,10,0,10,26,0,10,0,0,0,24,0,4,0,0,2,1,0,0,0,23,0,2,0,0,0,0,0,0
680,L31229,HugeTraverser$KNode,com.baidu.hugegraph.traversal.algorithm.HugeTraverser$KNode,L2763,L103,C:\Users\domco\Desktop\DP\repos\incubator-hugegraph\hugegraph-core\src\main\java\com\baidu\hugegraph\traversal\algorithm\HugeTraverser.java,539,5,553,6,0.0,0,0,0,0.0,0.0,0,0,1,1,1,3,2,3,3,2,4,0.0,0.0,0,0,0,3,0.0,0,1,1,0,0,1,13,15,2,0,0,0,2,0,2,0,12,5,0,12,0,13,15,2,0,0,0,2,0,2,0,12,5,0,12,0,0,1,7,0,0,0,0,0,0,0,0,0,7,0,1,0,0,0,0,0,0
681,L2928,HugeTraverser$Path,com.baidu.hugegraph.traversal.algorithm.HugeTraverser$Path,L2763,L103,C:\Users\domco\Desktop\DP\repos\incubator-hugegraph\hugegraph-core\src\main\java\com\baidu\hugegraph\traversal\algorithm\HugeTraverser.java,555,5,622,6,0.0,0,0,0,0.0,0.0,0,0,1,2,2,15,1,30,36,0,9,0.1,0.122807,7,7,1,9,0.122807,7,0,0,2,2,0,50,68,3,0,3,0,9,1,9,0,9,19,1,9,0,50,68,3,0,3,0,9,1,9,0,9,19,1,9,0,0,0,23,0,4,0,0,1,0,0,0,1,19,0,2,0,0,0,0,4,0
682,L2760,HugeTraverser$PathSet,com.baidu.hugegraph.traversal.algorithm.HugeTraverser$PathSet,L2763,L103,C:\Users\domco\Desktop\DP\repos\incubator-hugegraph\hugegraph-core\src\main\java\com\baidu\hugegraph\traversal\algorithm\HugeTraverser.java,624,5,635,6,0.0,0,0,0,0.0,0.0,0,0,1,1,1,2,2,12,0,1,2,0.0,0.0,0,0,0,2,0.0,0,0,0,0,0,0,10,12,1,0,1,0,1,0,1,0,1,4,0,1,0,10,12,1,0,1,0,1,0,1,0,1,4,0,1,0,0,0,5,0,0,0,0,0,0,0,0,0,5,0,0,0,0,0,0,0,0
683,L3430,NeighborRankTraverser$Step,com.baidu.hugegraph.traversal.algorithm.NeighborRankTraverser$Step,L3435,L103,C:\Users\domco\Desktop\DP\repos\incubator-hugegraph\hugegraph-core\src\main\java\com\baidu\hugegraph\traversal\algorithm\NeighborRankTraverser.java,238,5,257,6,0.0,0,0,0,0.0,0.0,0,0,0,0,0,2,4,3,1,1,2,0.0,0.0,0,0,0,2,0.0,0,0,0,0,0,0,18,20,3,0,3,0,1,0,1,0,1,5,0,1,0,18,20,3,0,3,0,1,0,1,0,1,5,0,1,0,0,0,6,0,1,0,0,1,0,0,0,0,5,0,0,0,0,0,0,1,0
684,L31576,NeighborRankTraverser$Adjacencies,com.baidu.hugegraph.traversal.algorithm.NeighborRankTraverser$Adjacencies,L3435,L103,C:\Users\domco\Desktop\DP\repos\incubator-hugegraph\hugegraph-core\src\main\java\com\baidu\hugegraph\traversal\algorithm\NeighborRankTraverser.java,259,5,293,6,0.0,0,0,0,0.0,0.0,0,0,1,0,0,6,2,1,2,0,6,0.0,0.0,0,0,0,7,0.0,0,0,0,0,0,0,28,35,3,0,3,0,6,0,6,0,6,9,0,6,0,28,35,3,0,3,0,6,0,6,0,6,9,0,6,0,0,0,15,0,4,0,0,0,0,0,0,1,15,0,3,0,0,0,0,0,0
685,L31565,NeighborRankTraverser$Ranks,com.baidu.hugegraph.traversal.algorithm.NeighborRankTraverser$Ranks,L3435,L103,C:\Users\domco\Desktop\DP\repos\incubator-hugegraph\hugegraph-core\src\main\java\com\baidu\hugegraph\traversal\algorithm\NeighborRankTraverser.java,295,5,308,6,0.0,0,0,0,0.0,0.0,0,0,1,0,0,2,1,1,2,0,2,0.0,0.0,0,0,0,3,0.0,0,0,0,0,0,0,11,14,1,0,1,0,2,0,2,0,2,4,0,2,0,11,14,1,0,1,0,2,0,2,0,2,4,0,2,0,0,0,7,0,1,0,0,1,0,0,0,0,7,0,0,0,0,0,0,0,0
686,L31735,"OltpTraverser$ConcurrentMultiValuedMap<K extends Object, V extends Object>",com.baidu.hugegraph.traversal.algorithm.OltpTraverser$ConcurrentMultiValuedMap,L31413,L103,C:\Users\domco\Desktop\DP\repos\incubator-hugegraph\hugegraph-core\src\main\java\com\baidu\hugegraph\traversal\algorithm\OltpTraverser.java,178,5,208,6,0.0,0,0,0,0.0,0.0,0,0,1,2,2,6,0,1,3,0,4,0.0,0.0,0,0,0,5,0.0,0,0,0,0,0,0,26,31,1,1,1,1,4,0,4,0,4,12,0,4,0,26,31,1,1,1,1,4,0,4,0,4,12,0,4,0,0,0,11,0,1,0,0,1,0,0,0,0,11,0,0,0,0,0,0,0,0
687,L31770,PathsTraverser$Traverser,com.baidu.hugegraph.traversal.algorithm.PathsTraverser$Traverser,L2861,L103,C:\Users\domco\Desktop\DP\repos\incubator-hugegraph\hugegraph-core\src\main\java\com\baidu\hugegraph\traversal\algorithm\PathsTraverser.java,84,5,222,6,0.245184,2,12,2,0.244604,0.288462,34,30,1,7,7,26,8,1,1,11,17,0.4,0.147541,18,6,2,3,0.147541,18,0,0,0,0,0,104,139,9,0,9,0,6,0,4,0,6,61,0,4,0,104,139,9,0,9,0,6,0,4,0,6,61,0,4,0,0,0,43,0,5,0,19,0,0,6,0,4,15,0,1,0,0,0,0,3,0
688,L31975,ShortestPathTraverser$Traverser,com.baidu.hugegraph.traversal.algorithm.ShortestPathTraverser$Traverser,L2755,L103,C:\Users\domco\Desktop\DP\repos\incubator-hugegraph\hugegraph-core\src\main\java\com\baidu\hugegraph\traversal\algorithm\ShortestPathTraverser.java,144,5,279,6,0.0,0,0,0,0.0,0.0,0,0,1,4,4,23,8,1,2,12,16,0.5,0.204918,25,7,2,2,0.204918,25,0,0,0,0,0,97,136,8,0,8,0,4,0,3,0,4,53,0,3,0,97,136,8,0,8,0,4,0,3,0,4,53,0,3,0,0,0,14,0,0,0,0,0,0,3,2,0,7,0,0,0,0,0,0,2,0
689,L32045,SingleSourceShortestPathTraverser$Traverser,com.baidu.hugegraph.traversal.algorithm.SingleSourceShortestPathTraverser$Traverser,L3665,L103,C:\Users\domco\Desktop\DP\repos\incubator-hugegraph\hugegraph-core\src\main\java\com\baidu\hugegraph\traversal\algorithm\SingleSourceShortestPathTraverser.java,105,5,239,6,0.0,0,0,0,0.0,0.0,0,0,1,3,3,25,9,1,2,10,16,0.2,0.096,12,3,1,4,0.096,12,0,0,0,0,0,113,135,13,0,13,0,6,0,4,0,6,62,0,4,0,113,135,13,0,13,0,6,0,4,0,6,62,0,4,0,0,0,19,0,6,0,0,0,0,1,0,4,15,0,1,0,0,1,0,3,0
690,L3829,SingleSourceShortestPathTraverser$NodeWithWeight,com.baidu.hugegraph.traversal.algorithm.SingleSourceShortestPathTraverser$NodeWithWeight,L3665,L103,C:\Users\domco\Desktop\DP\repos\incubator-hugegraph\hugegraph-core\src\main\java\com\baidu\hugegraph\traversal\algorithm\SingleSourceShortestPathTraverser.java,241,5,272,6,0.0,0,0,0,0.0,0.0,0,0,1,0,0,6,2,6,6,2,8,0.0,0.0,0,0,0,7,0.0,0,0,0,0,0,0,25,32,2,0,2,0,6,0,6,0,6,7,0,6,0,25,32,2,0,2,0,6,0,6,0,6,7,0,6,0,0,0,15,0,2,0,0,0,0,0,0,0,15,0,2,0,0,0,0,0,0
691,L3670,SingleSourceShortestPathTraverser$WeightedPaths,com.baidu.hugegraph.traversal.algorithm.SingleSourceShortestPathTraverser$WeightedPaths,L3665,L103,C:\Users\domco\Desktop\DP\repos\incubator-hugegraph\hugegraph-core\src\main\java\com\baidu\hugegraph\traversal\algorithm\SingleSourceShortestPathTraverser.java,274,5,297,6,0.0,0,0,0,0.0,0.0,0,0,2,1,1,4,3,5,2,3,5,0.0,0.0,0,0,0,3,0.0,0,0,0,0,0,0,21,24,1,0,1,0,2,0,2,0,2,12,0,2,0,21,24,1,0,1,0,2,0,2,0,2,12,0,2,0,0,0,8,0,0,0,0,0,1,0,0,0,7,0,0,0,0,0,0,0,0
692,L2790,EdgeStep,com.baidu.hugegraph.traversal.algorithm.steps.EdgeStep,L32154,L103,C:\Users\domco\Desktop\DP\repos\incubator-hugegraph\hugegraph-core\src\main\java\com\baidu\hugegraph\traversal\algorithm\steps\EdgeStep.java,42,1,148,2,0.0,0,0,0,0.0,0.0,0,0,1,2,2,22,7,28,16,6,22,0.0,0.0229885,2,0,0,17,0.0229885,2,0,0,1,1,0,85,107,5,0,5,0,16,0,16,0,16,32,0,16,0,85,107,5,0,5,0,16,0,16,0,16,32,0,16,0,0,0,37,0,9,0,0,3,0,0,0,1,35,0,5,0,0,0,0,2,0
693,L3703,RepeatEdgeStep,com.baidu.hugegraph.traversal.algorithm.steps.RepeatEdgeStep,L32154,L103,C:\Users\domco\Desktop\DP\repos\incubator-hugegraph\hugegraph-core\src\main\java\com\baidu\hugegraph\traversal\algorithm\steps\RepeatEdgeStep.java,32,1,108,2,0.0,0,0,0,0.0,0.0,0,0,1,0,0,14,4,3,6,1,15,0.0,0.0,0,0,0,15,0.0,0,1,1,0,0,1,62,77,6,0,1,0,14,0,14,0,30,20,0,30,0,62,77,6,0,1,0,14,0,14,0,30,20,0,30,0,0,0,32,0,1,0,0,0,0,0,0,0,31,0,1,0,0,0,0,1,0
694,L3015,WeightedEdgeStep,com.baidu.hugegraph.traversal.algorithm.steps.WeightedEdgeStep,L32154,L103,C:\Users\domco\Desktop\DP\repos\incubator-hugegraph\hugegraph-core\src\main\java\com\baidu\hugegraph\traversal\algorithm\steps\WeightedEdgeStep.java,36,1,104,2,0.0,0,0,0,0.0,0.0,0,0,1,1,1,13,5,3,2,2,12,0.0,0.0,0,0,0,11,0.0,0,0,0,0,0,0,57,69,4,0,4,0,10,0,10,0,10,17,0,10,0,57,69,4,0,4,0,10,0,10,0,10,17,0,10,0,0,0,24,0,3,0,0,0,0,0,0,0,23,0,3,0,0,0,0,1,0
695,L32301,ConcurrentTraverseStrategy,com.baidu.hugegraph.traversal.algorithm.strategy.ConcurrentTraverseStrategy,L32296,L103,C:\Users\domco\Desktop\DP\repos\incubator-hugegraph\hugegraph-core\src\main\java\com\baidu\hugegraph\traversal\algorithm\strategy\ConcurrentTraverseStrategy.java,33,1,74,2,0.0,0,0,0,0.0,0.0,0,0,5,1,1,7,8,1,1,5,11,0.0,0.0,0,0,0,7,0.0,0,2,3,0,0,2,35,42,15,2,0,0,6,0,6,0,52,8,11,22,0,35,42,15,2,0,0,6,0,6,0,52,8,11,22,0,0,0,19,0,0,0,0,0,1,0,0,0,15,0,0,1,0,0,0,2,0
696,L32325,SingleTraverseStrategy,com.baidu.hugegraph.traversal.algorithm.strategy.SingleTraverseStrategy,L32296,L103,C:\Users\domco\Desktop\DP\repos\incubator-hugegraph\hugegraph-core\src\main\java\com\baidu\hugegraph\traversal\algorithm\strategy\SingleTraverseStrategy.java,35,1,75,2,0.0,0,0,0,0.0,0.0,0,0,5,1,1,8,9,1,1,2,8,0.0,0.0,0,0,0,7,0.0,0,2,3,0,0,2,35,41,15,2,0,0,6,0,6,0,52,9,11,22,0,35,41,15,2,0,0,6,0,6,0,52,9,11,22,0,0,0,19,0,0,0,0,0,1,0,0,0,15,0,0,1,0,0,0,2,0
697,L32386,SubGraphTraverser$Traverser,com.baidu.hugegraph.traversal.algorithm.SubGraphTraverser$Traverser,L3588,L103,C:\Users\domco\Desktop\DP\repos\incubator-hugegraph\hugegraph-core\src\main\java\com\baidu\hugegraph\traversal\algorithm\SubGraphTraverser.java,103,5,256,6,0.0,0,0,0,0.0,0.0,0,0,1,8,6,35,10,1,1,15,19,0.333333,0.113475,16,3,1,2,0.113475,16,0,0,0,0,0,125,154,11,0,11,0,4,0,2,0,4,77,0,2,0,125,154,11,0,11,0,4,0,2,0,4,77,0,2,0,0,0,22,0,3,0,0,0,0,5,1,2,11,0,1,0,0,0,0,5,0
698,L32433,SubGraphTraverser$RingPath,com.baidu.hugegraph.traversal.algorithm.SubGraphTraverser$RingPath,L3588,L103,C:\Users\domco\Desktop\DP\repos\incubator-hugegraph\hugegraph-core\src\main\java\com\baidu\hugegraph\traversal\algorithm\SubGraphTraverser.java,258,5,304,6,0.0,0,0,0,0.0,0.0,0,0,1,2,2,9,2,1,1,2,5,0.25,0.186047,8,8,1,3,0.186047,8,1,1,0,0,1,35,47,3,0,0,0,3,0,3,0,12,22,1,12,0,35,47,3,0,0,0,3,0,3,0,12,22,1,12,0,0,0,9,0,1,1,0,0,0,0,0,0,7,0,0,0,0,0,0,2,0
699,L32452,TemplatePathsTraverser$Traverser,com.baidu.hugegraph.traversal.algorithm.TemplatePathsTraverser$Traverser,L3710,L103,C:\Users\domco\Desktop\DP\repos\incubator-hugegraph\hugegraph-core\src\main\java\com\baidu\hugegraph\traversal\algorithm\TemplatePathsTraverser.java,95,5,281,6,0.0865533,1,4,2,0.101604,0.0753425,19,11,1,5,5,43,8,1,1,14,25,0.0,0.109756,18,0,0,8,0.109756,18,1,1,0,0,1,146,187,18,0,6,0,11,0,7,0,32,79,0,21,0,146,187,18,0,6,0,11,0,7,0,32,79,0,21,0,0,0,38,0,2,0,9,0,0,3,0,0,23,0,0,0,0,2,0,3,0
700,L33423,CompressUtil$1,com.baidu.hugegraph.util.CompressUtil$1,L33413,L103,C:\Users\domco\Desktop\DP\repos\incubator-hugegraph\hugegraph-core\src\main\java\com\baidu\hugegraph\util\CompressUtil.java,84,66,120,10,0.0,0,0,0,0.0,0.0,0,0,3,1,1,5,1,0,0,1,4,0.0,0.0285714,1,0,0,4,0.0285714,1,0,0,0,0,0,34,37,0,0,0,0,3,0,3,0,3,15,0,3,0,34,37,0,0,0,0,3,0,3,0,3,15,0,3,0,0,0,10,0,0,0,0,0,1,0,0,0,9,0,0,0,0,0,0,0,0
701,L33801,KryoUtil$1,com.baidu.hugegraph.util.KryoUtil$1,L33780,L103,C:\Users\domco\Desktop\DP\repos\incubator-hugegraph\hugegraph-core\src\main\java\com\baidu\hugegraph\util\KryoUtil.java,85,70,97,10,0.0,0,0,0,0.0,0.0,0,0,2,0,0,2,0,0,0,0,2,0.0,0.0,0,0,0,3,0.0,0,0,0,0,0,0,11,13,0,0,0,0,2,0,2,0,2,3,0,2,0,11,13,0,0,0,0,2,0,2,0,2,3,0,2,0,0,0,8,0,0,0,0,0,1,0,0,0,7,0,0,0,0,0,0,0,0
702,L34775,ProcessBasicSuite$1,com.baidu.hugegraph.tinkerpop.ProcessBasicSuite$1,L34773,L103,C:\Users\domco\Desktop\DP\repos\incubator-hugegraph\hugegraph-test\src\main\java\com\baidu\hugegraph\tinkerpop\ProcessBasicSuite.java,290,54,298,10,1.0,1,1,1,1.0,1.0,9,9,1,0,0,1,1,0,0,1,2,0.0,0.0,0,0,0,2,0.0,0,0,0,0,0,0,9,9,0,0,0,0,1,0,1,0,1,4,0,1,0,9,9,0,0,0,0,1,0,1,0,1,4,0,1,0,0,0,15,0,0,0,10,0,0,0,0,0,5,0,0,0,0,0,0,0,0
703,L34807,StructureBasicSuite$1,com.baidu.hugegraph.tinkerpop.StructureBasicSuite$1,L34805,L103,C:\Users\domco\Desktop\DP\repos\incubator-hugegraph\hugegraph-test\src\main\java\com\baidu\hugegraph\tinkerpop\StructureBasicSuite.java,115,54,123,10,1.0,1,1,1,1.0,1.0,9,9,1,0,0,1,1,0,0,1,2,0.0,0.0,0,0,0,2,0.0,0,0,0,0,0,0,9,9,0,0,0,0,1,0,1,0,1,4,0,1,0,9,9,0,0,0,0,1,0,1,0,1,4,0,1,0,0,0,15,0,0,0,10,0,0,0,0,0,5,0,0,0,0,0,0,0,0
704,L35173,CacheTest$LimitMap,com.baidu.hugegraph.unit.cache.CacheTest$LimitMap,L35156,L103,C:\Users\domco\Desktop\DP\repos\incubator-hugegraph\hugegraph-test\src\main\java\com\baidu\hugegraph\unit\cache\CacheTest.java,69,5,83,6,0.0,0,0,0,0.0,0.0,0,0,1,0,0,2,1,1,2,0,2,0.0,0.0,0,0,0,2,0.0,0,0,0,0,0,0,12,15,2,0,2,0,2,0,1,0,2,3,0,1,0,12,15,2,0,2,0,2,0,1,0,2,3,0,1,0,0,0,7,0,0,0,0,0,0,0,0,0,7,0,0,0,0,0,0,0,0
705,L35186,CacheTest$RamCacheTest,com.baidu.hugegraph.unit.cache.CacheTest$RamCacheTest,L35156,L103,C:\Users\domco\Desktop\DP\repos\incubator-hugegraph\hugegraph-test\src\main\java\com\baidu\hugegraph\unit\cache\CacheTest.java,85,5,137,6,0.0,0,0,0,0.0,0.0,0,0,5,2,2,7,4,1,0,5,10,0.0,0.0,0,0,0,1,0.0,0,2,2,0,0,1,42,53,1,0,0,0,5,0,0,0,34,14,0,27,0,42,53,1,0,0,0,5,0,0,0,34,14,0,27,0,0,0,14,0,0,0,0,0,1,0,0,0,13,0,0,0,0,0,0,0,0
706,L35207,CacheTest$OffheapCacheTest,com.baidu.hugegraph.unit.cache.CacheTest$OffheapCacheTest,L35156,L103,C:\Users\domco\Desktop\DP\repos\incubator-hugegraph\hugegraph-test\src\main\java\com\baidu\hugegraph\unit\cache\CacheTest.java,139,5,206,6,0.0909091,1,1,1,0.191176,0.117647,13,6,4,3,3,10,7,2,1,5,12,0.0,0.0192308,1,0,0,2,0.0192308,1,2,2,1,1,1,51,68,3,0,2,0,7,0,1,0,36,18,0,28,0,51,68,3,0,2,0,7,0,1,0,36,18,0,28,0,0,0,26,0,2,0,8,1,1,0,0,0,17,0,1,0,0,0,0,0,0
707,L35231,CacheTest$LevelCacheTest,com.baidu.hugegraph.unit.cache.CacheTest$LevelCacheTest,L35156,L103,C:\Users\domco\Desktop\DP\repos\incubator-hugegraph\hugegraph-test\src\main\java\com\baidu\hugegraph\unit\cache\CacheTest.java,208,5,221,6,0.0,0,0,0,0.0,0.0,0,0,1,0,0,2,6,1,0,3,5,0.0,0.0,0,0,0,1,0.0,0,3,3,0,0,1,12,14,3,0,0,0,2,0,0,0,38,4,0,28,0,12,14,3,0,0,0,2,0,0,0,38,4,0,28,0,0,0,7,0,1,0,0,1,0,0,0,0,7,0,0,0,0,0,0,0,0
708,L35989,SerializerFactoryTest$FakeSerializer,com.baidu.hugegraph.unit.serializer.SerializerFactoryTest$FakeSerializer,L35985,L103,C:\Users\domco\Desktop\DP\repos\incubator-hugegraph\hugegraph-test\src\main\java\com\baidu\hugegraph\unit\serializer\SerializerFactoryTest.java,83,5,88,6,0.0,0,0,0,0.0,0.0,0,0,0,0,0,1,1,1,0,1,2,0.0,0.0,0,0,0,2,0.0,0,3,4,0,0,1,5,6,3,0,0,0,1,0,1,0,58,1,1,22,0,5,6,3,0,0,0,1,0,1,0,58,1,1,22,0,0,0,7,0,0,0,0,0,0,0,0,0,5,0,0,0,0,0,0,2,0
709,L826,AuthenticationFilter$Authorizer$UserPrincipal,com.baidu.hugegraph.api.filter.AuthenticationFilter$Authorizer$UserPrincipal,L782,L103,C:\Users\domco\Desktop\DP\repos\incubator-hugegraph\hugegraph-api\src\main\java\com\baidu\hugegraph\api\filter\AuthenticationFilter.java,216,9,237,10,0.0,0,0,0,0.0,0.0,0,0,3,0,0,4,2,1,0,3,7,0.0,0.0,0,0,0,5,0.0,0,0,0,0,0,0,18,22,0,1,0,1,4,0,4,0,4,4,0,4,0,18,22,0,1,0,1,4,0,4,0,4,4,0,4,0,0,0,12,0,0,0,0,0,1,0,0,0,11,0,0,0,0,0,0,0,0
710,L2151,ProfileAPI$APIProfile$ParamInfo,com.baidu.hugegraph.api.profile.ProfileAPI$APIProfile$ParamInfo,L2110,L103,C:\Users\domco\Desktop\DP\repos\incubator-hugegraph\hugegraph-api\src\main\java\com\baidu\hugegraph\api\profile\ProfileAPI.java,191,9,209,10,0.0,0,0,0,0.0,0.0,0,0,0,0,0,2,0,1,1,0,2,0.0,0.0,0,0,0,3,0.0,0,0,0,0,0,0,16,19,3,0,3,0,2,0,2,0,2,4,0,2,0,16,19,3,0,3,0,2,0,2,0,2,4,0,2,0,0,0,7,0,0,0,0,0,0,0,0,0,7,0,0,0,0,0,0,0,0
711,L6548,RolePermission$RolePermissionDeser$1,com.baidu.hugegraph.auth.RolePermission$RolePermissionDeser$1,L6542,L103,C:\Users\domco\Desktop\DP\repos\incubator-hugegraph\hugegraph-core\src\main\java\com\baidu\hugegraph\auth\RolePermission.java,220,78,220,80,0.0,0,0,0,0.0,0.0,0,0,0,0,0,0,2,0,0,0,0,0.0,0.0,0,0,0,1,0.0,0,0,0,0,0,0,2,1,0,0,0,0,0,0,0,0,0,0,0,0,0,2,1,0,0,0,0,0,0,0,0,0,0,0,0,0,0,0,3,0,0,0,0,0,0,0,0,0,3,0,0,0,0,0,0,0,0
712,L9532,ApplicationConfig$GraphManagerFactory$1,com.baidu.hugegraph.server.ApplicationConfig$GraphManagerFactory$1,L9516,L103,C:\Users\domco\Desktop\DP\repos\incubator-hugegraph\hugegraph-api\src\main\java\com\baidu\hugegraph\server\ApplicationConfig.java,102,53,116,14,0.0,0,0,0,0.0,0.0,0,0,2,1,1,3,2,0,0,1,3,0.0,0.0,0,0,0,3,0.0,0,0,0,0,0,0,14,15,1,0,1,0,2,0,2,0,2,3,0,2,0,14,15,1,0,1,0,2,0,2,0,2,3,0,2,0,0,0,8,0,0,0,0,0,1,0,0,0,7,0,0,0,0,0,0,0,0
713,L10003,CassandraSessionPool$Session,com.baidu.hugegraph.backend.store.cassandra.CassandraSessionPool$Session,L9810,L103,C:\Users\domco\Desktop\DP\repos\incubator-hugegraph\hugegraph-cassandra\src\main\java\com\baidu\hugegraph\backend\store\cassandra\CassandraSessionPool.java,137,5,266,6,0.0,0,0,0,0.0,0.0,0,0,3,2,2,29,4,24,32,4,23,0.0526316,0.0625,7,4,1,18,0.0625,7,2,2,0,0,1,105,130,7,0,2,0,19,0,18,0,32,49,0,31,0,105,130,7,0,2,0,19,0,18,0,32,49,0,31,0,0,1,43,0,3,0,0,0,1,0,0,1,41,0,3,0,0,0,0,1,0
714,L10100,CassandraShard$SplitCallable,com.baidu.hugegraph.backend.store.cassandra.CassandraShard$SplitCallable,L10059,L103,C:\Users\domco\Desktop\DP\repos\incubator-hugegraph\hugegraph-cassandra\src\main\java\com\baidu\hugegraph\backend\store\cassandra\CassandraShard.java,271,5,320,6,0.0,0,0,0,0.0,0.0,0,0,1,2,2,10,2,1,2,3,5,0.333333,0.104167,5,4,1,2,0.104167,5,0,0,0,0,0,43,50,3,0,3,0,2,0,2,0,2,17,0,2,0,43,50,3,0,3,0,2,0,2,0,2,17,0,2,0,0,0,7,0,0,0,0,0,0,0,0,0,7,0,0,0,0,0,0,0,0
715,L10389,CassandraStore$CassandraSchemaStore,com.baidu.hugegraph.backend.store.cassandra.CassandraStore$CassandraSchemaStore,L10172,L103,C:\Users\domco\Desktop\DP\repos\incubator-hugegraph\hugegraph-cassandra\src\main\java\com\baidu\hugegraph\backend\store\cassandra\CassandraStore.java,558,5,603,6,0.363057,2,2,2,0.326087,0.342105,15,13,2,0,0,5,13,2,2,12,17,0.2,0.025641,1,1,1,4,0.025641,1,3,3,1,1,1,38,46,10,1,1,1,5,0,4,0,51,16,0,30,1,38,46,10,1,1,1,5,0,4,0,51,16,0,30,1,0,0,26,0,0,0,11,0,1,0,1,0,13,0,0,0,0,0,0,0,0
716,L10444,CassandraStore$CassandraGraphStore,com.baidu.hugegraph.backend.store.cassandra.CassandraStore$CassandraGraphStore,L10172,L103,C:\Users\domco\Desktop\DP\repos\incubator-hugegraph\hugegraph-cassandra\src\main\java\com\baidu\hugegraph\backend\store\cassandra\CassandraStore.java,605,5,659,6,0.786982,8,8,8,0.527273,0.553191,29,26,3,0,0,5,15,2,2,13,18,0.0,0.0,0,0,0,6,0.0,0,3,3,1,1,1,47,55,9,1,0,1,5,0,5,0,50,16,0,30,1,47,55,9,1,0,1,5,0,5,0,50,16,0,30,1,0,0,28,0,0,0,12,0,1,0,2,0,13,0,0,0,0,0,0,0,0
717,L10392,CassandraTables$Counters,com.baidu.hugegraph.backend.store.cassandra.CassandraTables$Counters,L10395,L103,C:\Users\domco\Desktop\DP\repos\incubator-hugegraph\hugegraph-cassandra\src\main\java\com\baidu\hugegraph\backend\store\cassandra\CassandraTables.java,75,5,117,6,0.0,0,0,0,0.0,0.0,0,0,2,1,1,5,5,1,3,6,10,0.0,0.0,0,0,0,5,0.0,0,2,2,0,0,1,37,43,5,1,1,1,4,1,4,0,49,16,1,22,1,37,43,5,1,1,1,4,1,4,0,49,16,1,22,1,0,0,16,0,0,0,0,0,1,0,0,0,11,0,0,0,0,0,0,4,0
718,L10407,CassandraTables$VertexLabel,com.baidu.hugegraph.backend.store.cassandra.CassandraTables$VertexLabel,L10395,L103,C:\Users\domco\Desktop\DP\repos\incubator-hugegraph\hugegraph-cassandra\src\main\java\com\baidu\hugegraph\backend\store\cassandra\CassandraTables.java,119,5,151,6,0.0,0,0,0,0.0,0.0,0,0,1,0,0,2,6,2,1,4,6,0.0,0.0,0,0,0,3,0.0,0,2,2,1,1,1,29,33,5,0,1,0,2,1,2,0,47,6,1,20,1,29,33,5,0,1,0,2,1,2,0,47,6,1,20,1,0,0,11,0,0,0,0,0,0,0,0,0,7,0,0,0,0,0,0,4,0
719,L10412,CassandraTables$EdgeLabel,com.baidu.hugegraph.backend.store.cassandra.CassandraTables$EdgeLabel,L10395,L103,C:\Users\domco\Desktop\DP\repos\incubator-hugegraph\hugegraph-cassandra\src\main\java\com\baidu\hugegraph\backend\store\cassandra\CassandraTables.java,153,5,187,6,0.0,0,0,0,0.0,0.0,0,0,1,0,0,2,6,2,1,4,6,0.0,0.0,0,0,0,3,0.0,0,2,2,1,1,1,31,35,5,0,1,0,2,1,2,0,47,6,1,20,1,31,35,5,0,1,0,2,1,2,0,47,6,1,20,1,0,0,11,0,0,0,0,0,0,0,0,0,7,0,0,0,0,0,0,4,0
720,L10417,CassandraTables$PropertyKey,com.baidu.hugegraph.backend.store.cassandra.CassandraTables$PropertyKey,L10395,L103,C:\Users\domco\Desktop\DP\repos\incubator-hugegraph\hugegraph-cassandra\src\main\java\com\baidu\hugegraph\backend\store\cassandra\CassandraTables.java,189,5,217,6,0.0,0,0,0,0.0,0.0,0,0,1,0,0,2,6,2,1,4,6,0.0,0.0,0,0,0,3,0.0,0,2,2,1,1,1,25,29,5,0,1,0,2,1,2,0,47,6,1,20,1,25,29,5,0,1,0,2,1,2,0,47,6,1,20,1,0,0,11,0,0,0,0,0,0,0,0,0,7,0,0,0,0,0,0,4,0
721,L10422,CassandraTables$IndexLabel,com.baidu.hugegraph.backend.store.cassandra.CassandraTables$IndexLabel,L10395,L103,C:\Users\domco\Desktop\DP\repos\incubator-hugegraph\hugegraph-cassandra\src\main\java\com\baidu\hugegraph\backend\store\cassandra\CassandraTables.java,219,5,247,6,0.0,0,0,0,0.0,0.0,0,0,1,0,0,2,6,2,1,4,6,0.0,0.0,0,0,0,3,0.0,0,2,2,1,1,1,25,29,5,0,1,0,2,1,2,0,47,6,1,20,1,25,29,5,0,1,0,2,1,2,0,47,6,1,20,1,0,0,11,0,0,0,0,0,0,0,0,0,7,0,0,0,0,0,0,4,0
722,L10449,CassandraTables$Vertex,com.baidu.hugegraph.backend.store.cassandra.CassandraTables$Vertex,L10395,L103,C:\Users\domco\Desktop\DP\repos\incubator-hugegraph\hugegraph-cassandra\src\main\java\com\baidu\hugegraph\backend\store\cassandra\CassandraTables.java,249,5,286,6,0.0,0,0,0,0.0,0.0,0,0,3,0,0,4,9,2,2,9,13,0.0,0.0,0,0,0,5,0.0,0,2,2,1,1,1,32,38,5,0,1,0,4,1,4,0,49,10,1,22,1,32,38,5,0,1,0,4,1,4,0,49,10,1,22,1,0,0,16,0,0,0,0,0,1,0,0,0,11,0,0,0,0,0,0,4,0
723,L10940,CassandraTables$Edge,com.baidu.hugegraph.backend.store.cassandra.CassandraTables$Edge,L10395,L103,C:\Users\domco\Desktop\DP\repos\incubator-hugegraph\hugegraph-cassandra\src\main\java\com\baidu\hugegraph\backend\store\cassandra\CassandraTables.java,288,5,531,6,0.143606,3,7,3,0.143443,0.12973,35,24,6,2,2,35,18,2,3,43,62,0.0,0.097561,20,0,0,7,0.097561,20,2,2,1,1,1,185,244,7,0,3,0,19,1,6,0,64,97,1,24,1,185,244,7,0,3,0,19,1,6,0,64,97,1,24,1,0,1,62,0,5,2,16,2,1,0,1,0,39,0,2,0,0,0,0,5,0
724,L10460,CassandraTables$SecondaryIndex,com.baidu.hugegraph.backend.store.cassandra.CassandraTables$SecondaryIndex,L10395,L103,C:\Users\domco\Desktop\DP\repos\incubator-hugegraph\hugegraph-cassandra\src\main\java\com\baidu\hugegraph\backend\store\cassandra\CassandraTables.java,533,5,638,6,0.171285,1,3,1,0.132075,0.133333,14,12,6,2,2,16,10,3,3,17,26,0.0,0.0,0,0,0,7,0.0,0,2,2,2,2,1,90,106,5,0,1,0,9,1,6,0,54,40,1,24,1,90,106,5,0,1,0,9,1,6,0,54,40,1,24,1,0,1,35,0,2,1,9,0,1,0,0,0,21,0,2,0,0,0,0,4,0
725,L10495,CassandraTables$SearchIndex,com.baidu.hugegraph.backend.store.cassandra.CassandraTables$SearchIndex,L10395,L103,C:\Users\domco\Desktop\DP\repos\incubator-hugegraph\hugegraph-cassandra\src\main\java\com\baidu\hugegraph\backend\store\cassandra\CassandraTables.java,640,5,654,6,0.0,0,0,0,0.0,0.0,0,0,1,0,0,2,7,1,1,3,5,0.0,0.0,0,0,0,3,0.0,0,3,3,0,0,1,12,15,6,0,1,0,2,1,2,0,56,2,2,26,1,12,15,6,0,1,0,2,1,2,0,56,2,2,26,1,0,0,11,0,0,0,0,0,0,0,0,0,7,0,0,0,0,0,0,4,0
726,L10509,CassandraTables$UniqueIndex,com.baidu.hugegraph.backend.store.cassandra.CassandraTables$UniqueIndex,L10395,L103,C:\Users\domco\Desktop\DP\repos\incubator-hugegraph\hugegraph-cassandra\src\main\java\com\baidu\hugegraph\backend\store\cassandra\CassandraTables.java,659,5,673,6,0.0,0,0,0,0.0,0.0,0,0,1,0,0,2,7,1,1,3,5,0.333333,0.2,3,3,1,2,0.2,3,3,3,0,0,1,12,15,6,0,1,0,2,1,2,0,56,2,2,26,1,12,15,6,0,1,0,2,1,2,0,56,2,2,26,1,0,0,11,0,0,0,0,0,0,0,0,0,7,0,0,0,0,0,0,4,0
727,L11072,CassandraTables$RangeIndex,com.baidu.hugegraph.backend.store.cassandra.CassandraTables$RangeIndex,L10395,L103,C:\Users\domco\Desktop\DP\repos\incubator-hugegraph\hugegraph-cassandra\src\main\java\com\baidu\hugegraph\backend\store\cassandra\CassandraTables.java,675,5,754,6,0.249084,1,3,1,0.175,0.176471,14,12,6,1,1,13,9,5,5,12,21,0.0,0.0,0,0,0,6,0.0,0,2,2,5,5,1,68,80,4,0,0,0,9,0,5,0,54,24,0,23,1,68,80,4,0,0,0,9,0,5,0,54,24,0,23,1,0,0,33,0,0,0,11,0,1,0,0,0,21,0,0,0,0,0,0,0,0
728,L10467,CassandraTables$RangeIntIndex,com.baidu.hugegraph.backend.store.cassandra.CassandraTables$RangeIntIndex,L10395,L103,C:\Users\domco\Desktop\DP\repos\incubator-hugegraph\hugegraph-cassandra\src\main\java\com\baidu\hugegraph\backend\store\cassandra\CassandraTables.java,756,5,768,6,0.0,0,0,0,0.0,0.0,0,0,1,0,0,2,2,1,1,2,4,0.0,0.0,0,0,0,2,0.0,0,3,3,0,0,1,10,13,5,0,1,0,2,1,1,0,56,2,1,24,1,10,13,5,0,1,0,2,1,1,0,56,2,1,24,1,0,0,11,0,0,0,0,0,0,0,0,0,7,0,0,0,0,0,0,4,0
729,L10474,CassandraTables$RangeFloatIndex,com.baidu.hugegraph.backend.store.cassandra.CassandraTables$RangeFloatIndex,L10395,L103,C:\Users\domco\Desktop\DP\repos\incubator-hugegraph\hugegraph-cassandra\src\main\java\com\baidu\hugegraph\backend\store\cassandra\CassandraTables.java,770,5,782,6,0.0,0,0,0,0.0,0.0,0,0,1,0,0,2,2,1,1,2,4,0.0,0.0,0,0,0,2,0.0,0,3,3,0,0,1,10,13,5,0,1,0,2,1,1,0,56,2,1,24,1,10,13,5,0,1,0,2,1,1,0,56,2,1,24,1,0,0,11,0,0,0,0,0,0,0,0,0,7,0,0,0,0,0,0,4,0
730,L10481,CassandraTables$RangeLongIndex,com.baidu.hugegraph.backend.store.cassandra.CassandraTables$RangeLongIndex,L10395,L103,C:\Users\domco\Desktop\DP\repos\incubator-hugegraph\hugegraph-cassandra\src\main\java\com\baidu\hugegraph\backend\store\cassandra\CassandraTables.java,784,5,797,6,0.0,0,0,0,0.0,0.0,0,0,1,0,0,2,2,1,1,2,4,0.0,0.0909091,1,0,0,2,0.0909091,1,3,3,0,0,1,10,14,5,0,1,0,2,1,1,0,56,2,1,24,1,10,14,5,0,1,0,2,1,1,0,56,2,1,24,1,0,0,11,0,0,0,0,0,0,0,0,0,7,0,0,0,0,0,0,4,0
731,L10488,CassandraTables$RangeDoubleIndex,com.baidu.hugegraph.backend.store.cassandra.CassandraTables$RangeDoubleIndex,L10395,L103,C:\Users\domco\Desktop\DP\repos\incubator-hugegraph\hugegraph-cassandra\src\main\java\com\baidu\hugegraph\backend\store\cassandra\CassandraTables.java,799,5,811,6,0.0,0,0,0,0.0,0.0,0,0,1,0,0,2,2,1,1,2,4,0.0,0.0,0,0,0,2,0.0,0,3,3,0,0,1,10,13,5,0,1,0,2,1,1,0,56,2,1,24,1,10,13,5,0,1,0,2,1,1,0,56,2,1,24,1,0,0,11,0,0,0,0,0,0,0,0,0,7,0,0,0,0,0,0,4,0
732,L10502,CassandraTables$ShardIndex,com.baidu.hugegraph.backend.store.cassandra.CassandraTables$ShardIndex,L10395,L103,C:\Users\domco\Desktop\DP\repos\incubator-hugegraph\hugegraph-cassandra\src\main\java\com\baidu\hugegraph\backend\store\cassandra\CassandraTables.java,813,5,832,6,0.0,0,0,0,0.0,0.0,0,0,2,0,0,3,7,1,1,3,6,0.0,0.0,0,0,0,3,0.0,0,3,3,0,0,1,16,20,5,0,1,0,3,1,2,0,57,3,1,25,1,16,20,5,0,1,0,3,1,2,0,57,3,1,25,1,0,0,14,0,0,0,0,0,1,0,0,0,9,0,0,0,0,0,0,4,0
733,L11335,BackendEntry$BackendColumnIterator$1,com.baidu.hugegraph.backend.store.BackendEntry$BackendColumnIterator$1,L11326,L103,C:\Users\domco\Desktop\DP\repos\incubator-hugegraph\hugegraph-core\src\main\java\com\baidu\hugegraph\backend\store\BackendEntry.java,114,80,135,10,0.0,0,0,0,0.0,0.0,0,0,4,0,0,4,2,0,0,0,4,0.0,0.0555556,1,0,0,5,0.0555556,1,2,2,0,0,1,17,22,1,0,0,0,4,0,4,0,5,3,1,5,0,17,22,1,0,0,0,4,0,4,0,5,3,1,5,0,0,0,12,1,0,0,0,0,1,0,0,0,9,0,1,0,0,0,0,2,0
734,L11866,BackendTable$ShardSpliter$Range,com.baidu.hugegraph.backend.store.BackendTable$ShardSpliter$Range,L11825,L103,C:\Users\domco\Desktop\DP\repos\incubator-hugegraph\hugegraph-core\src\main\java\com\baidu\hugegraph\backend\store\BackendTable.java,207,9,352,10,0.0,0,0,0,0.0,0.0,0,0,2,2,2,27,3,3,7,2,12,0.0,0.0,0,0,0,4,0.0,0,0,0,0,0,0,132,146,2,0,2,0,10,0,3,0,10,89,0,3,0,132,146,2,0,2,0,10,0,3,0,10,89,0,3,0,0,0,25,0,5,1,0,0,1,1,0,2,23,0,2,0,0,0,0,0,0
735,L12024,InMemoryDBStore$InMemorySchemaStore,com.baidu.hugegraph.backend.store.memory.InMemoryDBStore$InMemorySchemaStore,L11929,L103,C:\Users\domco\Desktop\DP\repos\incubator-hugegraph\hugegraph-core\src\main\java\com\baidu\hugegraph\backend\store\memory\InMemoryDBStore.java,249,5,300,6,0.0,0,0,0,0.0,0.0,0,0,2,0,0,7,8,1,1,10,17,0.125,0.0227273,1,1,1,7,0.0227273,1,3,3,0,0,1,43,52,8,1,1,1,7,0,7,0,40,14,0,32,1,43,52,8,1,1,1,7,0,7,0,40,14,0,32,1,0,0,18,0,0,0,0,0,1,0,0,0,17,0,0,0,0,0,0,0,0
736,L12068,InMemoryDBStore$InMemoryGraphStore,com.baidu.hugegraph.backend.store.memory.InMemoryDBStore$InMemoryGraphStore,L11929,L103,C:\Users\domco\Desktop\DP\repos\incubator-hugegraph\hugegraph-core\src\main\java\com\baidu\hugegraph\backend\store\memory\InMemoryDBStore.java,302,5,354,6,0.0,0,0,0,0.0,0.0,0,0,3,0,0,5,12,1,1,12,17,0.0,0.0,0,0,0,6,0.0,0,3,3,0,0,1,47,53,7,1,0,1,5,0,5,0,38,16,0,30,1,47,53,7,1,0,1,5,0,5,0,38,16,0,30,1,0,0,16,0,0,0,0,0,1,0,2,0,13,0,0,0,0,0,0,0,0
737,L12115,InMemoryDBStore$1,com.baidu.hugegraph.backend.store.memory.InMemoryDBStore$1,L11929,L103,C:\Users\domco\Desktop\DP\repos\incubator-hugegraph\hugegraph-core\src\main\java\com\baidu\hugegraph\backend\store\memory\InMemoryDBStore.java,359,75,464,6,0.0,0,0,0,0.0,0.0,0,0,20,0,0,20,1,0,0,0,20,0.0,0.0465116,4,0,0,21,0.0465116,4,1,1,0,0,1,82,106,0,0,0,0,20,0,20,0,20,20,0,20,0,82,106,0,0,0,0,20,0,20,0,20,20,0,20,0,0,0,45,0,0,0,0,0,1,0,0,0,43,0,0,0,0,0,0,1,0
738,L12180,InMemoryDBTable$InMemoryShardSpliter,com.baidu.hugegraph.backend.store.memory.InMemoryDBTable$InMemoryShardSpliter,L11942,L103,C:\Users\domco\Desktop\DP\repos\incubator-hugegraph\hugegraph-core\src\main\java\com\baidu\hugegraph\backend\store\memory\InMemoryDBTable.java,329,5,349,6,0.0,0,0,0,0.0,0.0,0,0,3,0,0,4,3,1,2,1,5,0.0,0.0,0,0,0,2,0.0,0,1,1,0,0,1,17,21,8,1,0,0,4,0,1,0,10,4,4,6,0,17,21,8,1,0,0,4,0,1,0,10,4,4,6,0,0,0,14,0,0,0,0,0,1,0,0,0,11,0,0,0,0,0,0,2,0
739,L12073,InMemoryDBTables$Vertex,com.baidu.hugegraph.backend.store.memory.InMemoryDBTables$Vertex,L12043,L103,C:\Users\domco\Desktop\DP\repos\incubator-hugegraph\hugegraph-core\src\main\java\com\baidu\hugegraph\backend\store\memory\InMemoryDBTables.java,58,5,63,6,0.0,0,0,0,0.0,0.0,0,0,0,0,0,1,2,1,1,1,2,0.0,0.0,0,0,0,2,0.0,0,2,2,0,0,1,5,6,5,0,0,0,1,0,1,0,29,1,0,17,0,5,6,5,0,0,0,1,0,1,0,29,1,0,17,0,0,0,5,0,0,0,0,0,0,0,0,0,5,0,0,0,0,0,0,0,0
740,L12078,InMemoryDBTables$Edge,com.baidu.hugegraph.backend.store.memory.InMemoryDBTables$Edge,L12043,L103,C:\Users\domco\Desktop\DP\repos\incubator-hugegraph\hugegraph-core\src\main\java\com\baidu\hugegraph\backend\store\memory\InMemoryDBTables.java,65,5,356,6,0.0984503,1,4,2,0.0958904,0.0843882,28,20,8,6,5,45,13,1,1,28,44,0.0,0.0742188,19,0,0,6,0.0742188,19,2,2,0,0,1,237,292,5,1,0,1,16,0,5,0,44,134,0,21,0,237,292,5,1,0,1,16,0,5,0,44,134,0,21,0,0,0,58,1,1,1,14,1,1,5,3,0,35,0,0,0,0,0,0,0,0
741,L12038,InMemoryDBTables$SecondaryIndex,com.baidu.hugegraph.backend.store.memory.InMemoryDBTables$SecondaryIndex,L12043,L103,C:\Users\domco\Desktop\DP\repos\incubator-hugegraph\hugegraph-core\src\main\java\com\baidu\hugegraph\backend\store\memory\InMemoryDBTables.java,358,5,418,6,0.0,0,0,0,0.0,0.0,0,0,2,3,2,11,13,4,4,16,20,0.0,0.0363636,2,0,0,4,0.0363636,2,2,2,2,2,1,53,61,5,0,0,0,4,0,3,0,32,29,0,19,0,53,61,5,0,0,0,4,0,3,0,32,29,0,19,0,0,0,14,0,0,0,0,0,1,0,2,0,11,0,0,0,0,0,0,0,0
742,L12091,InMemoryDBTables$SearchIndex,com.baidu.hugegraph.backend.store.memory.InMemoryDBTables$SearchIndex,L12043,L103,C:\Users\domco\Desktop\DP\repos\incubator-hugegraph\hugegraph-core\src\main\java\com\baidu\hugegraph\backend\store\memory\InMemoryDBTables.java,420,5,425,6,0.0,0,0,0,0.0,0.0,0,0,0,0,0,1,2,1,1,1,2,0.0,0.0,0,0,0,2,0.0,0,3,3,0,0,1,5,6,5,0,0,0,1,0,1,0,33,1,0,20,0,5,6,5,0,0,0,1,0,1,0,33,1,0,20,0,0,0,5,0,0,0,0,0,0,0,0,0,5,0,0,0,0,0,0,0,0
743,L12101,InMemoryDBTables$UniqueIndex,com.baidu.hugegraph.backend.store.memory.InMemoryDBTables$UniqueIndex,L12043,L103,C:\Users\domco\Desktop\DP\repos\incubator-hugegraph\hugegraph-core\src\main\java\com\baidu\hugegraph\backend\store\memory\InMemoryDBTables.java,427,5,432,6,0.0,0,0,0,0.0,0.0,0,0,0,0,0,1,2,1,1,1,2,0.0,0.0,0,0,0,2,0.0,0,3,3,0,0,1,5,6,5,0,0,0,1,0,1,0,33,1,0,20,0,5,6,5,0,0,0,1,0,1,0,33,1,0,20,0,0,0,5,0,0,0,0,0,0,0,0,0,5,0,0,0,0,0,0,0,0
744,L12432,InMemoryDBTables$RangeIndex,com.baidu.hugegraph.backend.store.memory.InMemoryDBTables$RangeIndex,L12043,L103,C:\Users\domco\Desktop\DP\repos\incubator-hugegraph\hugegraph-core\src\main\java\com\baidu\hugegraph\backend\store\memory\InMemoryDBTables.java,434,5,562,6,0.0,0,0,0,0.0,0.0,0,0,2,2,2,24,16,2,2,26,35,0.0,0.0442478,5,0,0,7,0.0442478,5,2,2,1,1,1,108,129,5,0,0,0,9,0,6,0,37,61,0,22,0,108,129,5,0,0,0,9,0,6,0,37,61,0,22,0,0,0,25,0,4,4,0,0,1,0,2,0,21,0,0,0,0,0,0,1,0
745,L12096,InMemoryDBTables$ShardIndex,com.baidu.hugegraph.backend.store.memory.InMemoryDBTables$ShardIndex,L12043,L103,C:\Users\domco\Desktop\DP\repos\incubator-hugegraph\hugegraph-core\src\main\java\com\baidu\hugegraph\backend\store\memory\InMemoryDBTables.java,564,5,569,6,0.0,0,0,0,0.0,0.0,0,0,0,0,0,1,2,1,1,1,2,0.0,0.0,0,0,0,2,0.0,0,3,3,0,0,1,5,6,5,0,0,0,1,0,1,0,38,1,0,23,0,5,6,5,0,0,0,1,0,1,0,38,1,0,23,0,0,0,5,0,0,0,0,0,0,0,0,0,5,0,0,0,0,0,0,0,0
746,L12564,RaftBackendStore$MutationBatch,com.baidu.hugegraph.backend.store.raft.RaftBackendStore$MutationBatch,L12553,L103,C:\Users\domco\Desktop\DP\repos\incubator-hugegraph\hugegraph-core\src\main\java\com\baidu\hugegraph\backend\store\raft\RaftBackendStore.java,227,5,242,6,0.0,0,0,0,0.0,0.0,0,0,1,0,0,3,1,1,3,0,3,0.0,0.0,0,0,0,4,0.0,0,0,0,0,0,0,12,16,1,0,1,0,3,0,3,0,3,3,0,3,0,12,16,1,0,1,0,3,0,3,0,3,3,0,3,0,0,0,9,0,0,0,0,0,0,0,0,0,9,0,0,0,0,0,0,0,0
747,L12645,RaftBackendStore$IncrCounter,com.baidu.hugegraph.backend.store.raft.RaftBackendStore$IncrCounter,L12553,L103,C:\Users\domco\Desktop\DP\repos\incubator-hugegraph\hugegraph-core\src\main\java\com\baidu\hugegraph\backend\store\raft\RaftBackendStore.java,253,5,270,6,0.0,0,0,0,0.0,0.0,0,0,1,0,0,3,1,3,4,0,3,0.0,0.0,0,0,0,4,0.0,0,0,0,0,0,0,14,18,2,0,2,0,3,0,3,0,3,4,0,3,0,14,18,2,0,2,0,3,0,3,0,3,4,0,3,0,0,0,9,0,4,0,0,0,0,0,0,2,9,0,2,0,0,0,0,0,0
748,L12998,RaftNode$RaftNodeStateListener,com.baidu.hugegraph.backend.store.raft.RaftNode$RaftNodeStateListener,L12577,L103,C:\Users\domco\Desktop\DP\repos\incubator-hugegraph\hugegraph-core\src\main\java\com\baidu\hugegraph\backend\store\raft\RaftNode.java,259,5,310,6,0.0,0,0,0,0.0,0.0,0,0,4,1,1,12,1,1,1,0,6,0.0,0.111111,5,4,0,5,0.111111,5,0,0,0,0,0,40,52,2,0,2,0,6,0,4,0,6,14,0,4,0,40,52,2,0,2,0,6,0,4,0,6,14,0,4,0,0,0,14,0,0,0,0,0,1,0,0,0,13,0,0,0,0,0,0,0,0
749,L12977,RaftNode$LeaderInfo,com.baidu.hugegraph.backend.store.raft.RaftNode$LeaderInfo,L12577,L103,C:\Users\domco\Desktop\DP\repos\incubator-hugegraph\hugegraph-core\src\main\java\com\baidu\hugegraph\backend\store\raft\RaftNode.java,316,5,327,6,0.0,0,0,0,0.0,0.0,0,0,0,0,0,1,0,1,1,0,1,0.5,0.307692,4,4,1,1,0.307692,4,0,0,0,0,0,9,12,3,0,3,0,1,0,1,0,1,2,0,1,0,9,12,3,0,3,0,1,0,1,0,1,2,0,1,0,0,0,3,0,0,0,0,0,0,0,0,0,3,0,0,0,0,0,0,0,0
750,L13182,ListPeersProcessor,com.baidu.hugegraph.backend.store.raft.rpc.ListPeersProcessor,L13271,L103,C:\Users\domco\Desktop\DP\repos\incubator-hugegraph\hugegraph-core\src\main\java\com\baidu\hugegraph\backend\store\raft\rpc\ListPeersProcessor.java,35,1,77,2,0.0,0,0,0,0.0,0.0,0,0,2,1,1,4,7,1,1,10,13,0.0,0.0,0,0,0,4,0.0,0,0,0,0,0,0,38,43,2,0,2,0,3,0,3,0,3,10,0,3,0,38,43,2,0,2,0,3,0,3,0,3,10,0,3,0,0,0,10,1,0,0,0,0,1,0,0,0,9,0,1,0,0,0,0,0,0
751,L13306,RaftRequests,com.baidu.hugegraph.backend.store.raft.rpc.RaftRequests,L13271,L103,C:\Users\domco\Desktop\DP\repos\incubator-hugegraph\hugegraph-core\src\main\java\com\baidu\hugegraph\backend\store\raft\rpc\RaftRequests.java,6,1,4143,2,0.252638,26,222,71,0.209038,0.261002,865,854,1,0,0,3,0,19,3,0,3,0.0,0.0,0,0,0,3,0.146729,563,0,0,0,0,0,83,122,15,1,15,1,3,0,2,0,3,1,0,2,0,3274,4138,142,133,142,133,467,48,377,22,467,1311,48,377,22,0,14,1417,30,305,20,440,288,16,17,1,22,811,2,16,0,0,1,0,132,0
752,L12899,RpcForwarder,com.baidu.hugegraph.backend.store.raft.rpc.RpcForwarder,L13271,L103,C:\Users\domco\Desktop\DP\repos\incubator-hugegraph\hugegraph-core\src\main\java\com\baidu\hugegraph\backend\store\raft\rpc\RpcForwarder.java,49,1,162,2,0.0,0,0,0,0.0,0.0,0,0,1,1,1,6,9,4,3,11,15,0.0,0.0,0,0,0,4,0.0,0,0,0,0,0,0,55,64,3,0,3,0,4,0,3,0,4,26,0,3,0,103,114,3,0,3,0,8,0,7,2,8,44,0,7,2,0,0,25,0,0,0,0,0,0,0,0,0,25,0,0,0,0,0,0,0,0
753,L13177,SetLeaderProcessor,com.baidu.hugegraph.backend.store.raft.rpc.SetLeaderProcessor,L13271,L103,C:\Users\domco\Desktop\DP\repos\incubator-hugegraph\hugegraph-core\src\main\java\com\baidu\hugegraph\backend\store\raft\rpc\SetLeaderProcessor.java,34,1,71,2,0.0,0,0,0,0.0,0.0,0,0,2,1,1,4,7,1,1,10,13,0.0,0.0,0,0,0,4,0.0,0,0,0,0,0,0,33,38,2,0,2,0,3,0,3,1,3,11,0,3,1,33,38,2,0,2,0,3,0,3,1,3,11,0,3,1,0,0,10,1,0,0,0,0,1,0,0,0,9,0,1,0,0,0,0,0,0
754,L13172,StoreCommandProcessor,com.baidu.hugegraph.backend.store.raft.rpc.StoreCommandProcessor,L13271,L103,C:\Users\domco\Desktop\DP\repos\incubator-hugegraph\hugegraph-core\src\main\java\com\baidu\hugegraph\backend\store\raft\rpc\StoreCommandProcessor.java,37,1,81,2,0.0,0,0,0,0.0,0.0,0,0,2,2,2,6,9,1,1,11,15,0.0,0.0,0,0,0,4,0.0,0,0,0,0,0,0,39,45,2,0,2,0,4,0,3,0,4,19,0,3,0,39,45,2,0,2,0,4,0,3,0,4,19,0,3,0,0,0,12,1,0,0,0,0,1,0,0,0,11,0,1,0,0,0,0,0,0
755,L15228,RamTable$EdgeRangeIterator,com.baidu.hugegraph.backend.store.ram.RamTable$EdgeRangeIterator,L8024,L103,C:\Users\domco\Desktop\DP\repos\incubator-hugegraph\hugegraph-core\src\main\java\com\baidu\hugegraph\backend\store\ram\RamTable.java,378,5,458,6,0.0,0,0,0,0.0,0.0,0,0,1,2,2,15,11,1,1,7,11,0.0,0.0,0,0,0,4,0.0,0,0,0,0,0,0,73,81,6,0,6,0,4,0,3,0,4,42,0,3,0,73,81,6,0,6,0,4,0,3,0,4,42,0,3,0,0,0,13,0,0,0,0,0,0,0,1,0,11,0,0,0,0,0,0,1,0
756,L15175,RamTable$LoadTraverser,com.baidu.hugegraph.backend.store.ram.RamTable$LoadTraverser,L8024,L103,C:\Users\domco\Desktop\DP\repos\incubator-hugegraph\hugegraph-core\src\main\java\com\baidu\hugegraph\backend\store\ram\RamTable.java,460,5,570,6,0.0,0,0,0,0.0,0.0,0,0,1,3,3,20,9,1,1,13,18,0.0,0.0210526,2,0,0,3,0.0210526,2,0,0,0,0,0,93,111,5,0,5,0,5,0,2,0,5,50,0,2,0,93,111,5,0,5,0,5,0,2,0,5,50,0,2,0,0,3,13,2,2,0,0,1,0,0,0,0,13,0,6,0,0,0,0,0,0
757,L15497,HbaseSessions$Session,com.baidu.hugegraph.backend.store.hbase.HbaseSessions$Session,L15420,L103,C:\Users\domco\Desktop\DP\repos\incubator-hugegraph\hugegraph-hbase\src\main\java\com\baidu\hugegraph\backend\store\hbase\HbaseSessions.java,431,5,788,6,0.0,0,0,0,0.0,0.0,0,0,7,2,2,59,8,9,20,14,42,0.72,0.208723,67,58,18,7,0.208723,67,2,3,0,0,2,254,358,6,0,1,0,28,0,24,0,46,124,0,42,0,254,358,6,0,1,0,28,0,24,0,46,124,0,42,0,0,0,40,4,3,5,0,0,1,0,0,0,35,0,2,1,0,0,0,3,0
758,L15781,HbaseSessions$CountSession,com.baidu.hugegraph.backend.store.hbase.HbaseSessions$CountSession,L15420,L103,C:\Users\domco\Desktop\DP\repos\incubator-hugegraph\hugegraph-hbase\src\main\java\com\baidu\hugegraph\backend\store\hbase\HbaseSessions.java,790,5,869,6,0.0,0,0,0,0.0,0.0,0,0,6,2,2,15,7,2,1,9,21,0.0,0.0,0,0,0,12,0.0,0,1,1,0,0,1,67,80,2,0,2,0,12,0,11,0,19,20,0,18,0,67,80,2,0,2,0,12,0,11,0,19,20,0,18,0,0,0,28,1,0,0,0,0,1,0,0,0,27,0,1,0,0,0,0,0,0
759,L15636,HbaseSessions$RowIterator,com.baidu.hugegraph.backend.store.hbase.HbaseSessions$RowIterator,L15420,L103,C:\Users\domco\Desktop\DP\repos\incubator-hugegraph\hugegraph-hbase\src\main\java\com\baidu\hugegraph\backend\store\hbase\HbaseSessions.java,871,5,929,6,0.0,0,0,0,0.0,0.0,0,0,1,2,2,10,1,5,9,0,6,0.0,0.0625,3,0,0,7,0.0625,3,1,1,0,0,1,45,59,3,0,3,0,6,0,6,0,6,20,0,6,0,45,59,3,0,3,0,6,0,6,0,6,20,0,6,0,0,0,15,0,2,0,0,0,0,0,0,0,15,0,1,0,0,1,0,0,0
760,L15980,HbaseStore$HbaseSchemaStore,com.baidu.hugegraph.backend.store.hbase.HbaseStore$HbaseSchemaStore,L15861,L103,C:\Users\domco\Desktop\DP\repos\incubator-hugegraph\hugegraph-hbase\src\main\java\com\baidu\hugegraph\backend\store\hbase\HbaseStore.java,431,5,478,6,0.348101,1,1,1,0.25,0.25641,12,10,2,0,0,5,13,1,1,14,19,0.2,0.025,1,1,1,4,0.025,1,3,3,0,0,1,39,48,9,1,1,1,5,0,4,0,42,15,0,31,1,39,48,9,1,1,1,5,0,4,0,42,15,0,31,1,0,0,26,0,0,0,11,0,1,0,1,0,13,0,0,0,0,0,0,0,0
761,L16034,HbaseStore$HbaseGraphStore,com.baidu.hugegraph.backend.store.hbase.HbaseStore$HbaseGraphStore,L15861,L103,C:\Users\domco\Desktop\DP\repos\incubator-hugegraph\hugegraph-hbase\src\main\java\com\baidu\hugegraph\backend\store\hbase\HbaseStore.java,480,5,538,6,0.678392,2,3,3,0.440678,0.45098,26,23,3,0,0,5,14,1,1,15,20,0.0,0.0,0,0,0,6,0.0,0,3,3,0,0,1,51,59,8,1,0,1,5,0,5,0,41,18,0,31,1,51,59,8,1,0,1,5,0,5,0,41,18,0,31,1,0,0,28,0,0,0,12,0,1,0,2,0,13,0,0,0,0,0,0,0,0
762,L16117,HbaseTable$HbaseShardSpliter,com.baidu.hugegraph.backend.store.hbase.HbaseTable$HbaseShardSpliter,L15876,L103,C:\Users\domco\Desktop\DP\repos\incubator-hugegraph\hugegraph-hbase\src\main\java\com\baidu\hugegraph\backend\store\hbase\HbaseTable.java,288,5,390,6,0.0,0,0,0,0.0,0.0,0,0,3,3,3,16,6,1,2,9,17,0.0,0.0425532,4,0,0,6,0.0425532,4,1,1,0,0,1,90,103,8,2,0,1,8,0,5,0,14,42,4,8,0,90,103,8,2,0,1,8,0,5,0,14,42,4,8,0,0,0,22,2,1,0,0,1,1,0,0,0,19,0,2,0,0,0,0,2,0
763,L15983,HbaseTables$Counters,com.baidu.hugegraph.backend.store.hbase.HbaseTables$Counters,L15986,L103,C:\Users\domco\Desktop\DP\repos\incubator-hugegraph\hugegraph-hbase\src\main\java\com\baidu\hugegraph\backend\store\hbase\HbaseTables.java,45,5,70,6,0.0,0,0,0,0.0,0.0,0,0,1,1,1,4,5,1,3,8,11,0.0,0.0,0,0,0,4,0.0,0,2,2,0,0,1,22,26,7,1,2,1,3,0,3,0,31,9,0,19,0,22,26,7,1,2,1,3,0,3,0,31,9,0,19,0,0,0,9,0,0,0,0,0,0,0,0,0,9,0,0,0,0,0,0,0,0
764,L15998,HbaseTables$VertexLabel,com.baidu.hugegraph.backend.store.hbase.HbaseTables$VertexLabel,L15986,L103,C:\Users\domco\Desktop\DP\repos\incubator-hugegraph\hugegraph-hbase\src\main\java\com\baidu\hugegraph\backend\store\hbase\HbaseTables.java,72,5,79,6,0.0,0,0,0,0.0,0.0,0,0,0,0,0,1,2,1,1,2,3,0.0,0.0,0,0,0,2,0.0,0,2,2,0,0,1,6,8,6,0,1,0,1,1,1,0,29,1,1,17,0,6,8,6,0,1,0,1,1,1,0,29,1,1,17,0,0,0,9,0,0,0,0,0,0,0,0,0,5,0,0,0,0,0,0,4,0
765,L16003,HbaseTables$EdgeLabel,com.baidu.hugegraph.backend.store.hbase.HbaseTables$EdgeLabel,L15986,L103,C:\Users\domco\Desktop\DP\repos\incubator-hugegraph\hugegraph-hbase\src\main\java\com\baidu\hugegraph\backend\store\hbase\HbaseTables.java,81,5,88,6,0.0,0,0,0,0.0,0.0,0,0,0,0,0,1,2,1,1,2,3,0.0,0.0,0,0,0,2,0.0,0,2,2,0,0,1,6,8,6,0,1,0,1,1,1,0,29,1,1,17,0,6,8,6,0,1,0,1,1,1,0,29,1,1,17,0,0,0,9,0,0,0,0,0,0,0,0,0,5,0,0,0,0,0,0,4,0
766,L16008,HbaseTables$PropertyKey,com.baidu.hugegraph.backend.store.hbase.HbaseTables$PropertyKey,L15986,L103,C:\Users\domco\Desktop\DP\repos\incubator-hugegraph\hugegraph-hbase\src\main\java\com\baidu\hugegraph\backend\store\hbase\HbaseTables.java,90,5,97,6,0.0,0,0,0,0.0,0.0,0,0,0,0,0,1,2,1,1,2,3,0.0,0.0,0,0,0,2,0.0,0,2,2,0,0,1,6,8,6,0,1,0,1,1,1,0,29,1,1,17,0,6,8,6,0,1,0,1,1,1,0,29,1,1,17,0,0,0,9,0,0,0,0,0,0,0,0,0,5,0,0,0,0,0,0,4,0
767,L16013,HbaseTables$IndexLabel,com.baidu.hugegraph.backend.store.hbase.HbaseTables$IndexLabel,L15986,L103,C:\Users\domco\Desktop\DP\repos\incubator-hugegraph\hugegraph-hbase\src\main\java\com\baidu\hugegraph\backend\store\hbase\HbaseTables.java,99,5,106,6,0.0,0,0,0,0.0,0.0,0,0,0,0,0,1,2,1,1,2,3,0.0,0.0,0,0,0,2,0.0,0,2,2,0,0,1,6,8,6,0,1,0,1,1,1,0,29,1,1,17,0,6,8,6,0,1,0,1,1,1,0,29,1,1,17,0,0,0,9,0,0,0,0,0,0,0,0,0,5,0,0,0,0,0,0,4,0
768,L16039,HbaseTables$Vertex,com.baidu.hugegraph.backend.store.hbase.HbaseTables$Vertex,L15986,L103,C:\Users\domco\Desktop\DP\repos\incubator-hugegraph\hugegraph-hbase\src\main\java\com\baidu\hugegraph\backend\store\hbase\HbaseTables.java,108,5,127,6,0.7625,1,2,1,0.55,0.647059,11,11,1,1,1,3,6,1,1,10,12,0.0,0.0,0,0,0,3,0.0,0,2,2,0,0,1,17,20,6,0,1,0,2,1,2,0,30,5,1,18,0,17,20,6,0,1,0,2,1,2,0,30,5,1,18,0,0,0,22,0,0,0,11,0,0,0,0,0,7,0,0,0,0,0,0,4,0
769,L16307,HbaseTables$Edge,com.baidu.hugegraph.backend.store.hbase.HbaseTables$Edge,L15986,L103,C:\Users\domco\Desktop\DP\repos\incubator-hugegraph\hugegraph-hbase\src\main\java\com\baidu\hugegraph\backend\store\hbase\HbaseTables.java,129,5,180,6,0.312821,1,2,1,0.211538,0.282051,11,11,3,1,1,10,8,1,1,14,20,0.0,0.113636,5,0,0,5,0.113636,5,2,2,0,0,1,39,52,6,0,1,0,6,1,4,0,34,16,1,20,0,39,52,6,0,1,0,6,1,4,0,34,16,1,20,0,0,0,29,0,3,0,11,2,1,0,0,0,13,0,1,0,0,0,0,4,0
770,L16330,HbaseTables$IndexTable,com.baidu.hugegraph.backend.store.hbase.HbaseTables$IndexTable,L15986,L103,C:\Users\domco\Desktop\DP\repos\incubator-hugegraph\hugegraph-hbase\src\main\java\com\baidu\hugegraph\backend\store\hbase\HbaseTables.java,182,5,253,6,0.0,0,0,0,0.0,0.0,0,0,3,3,3,11,11,7,7,12,18,0.0,0.1,6,0,0,6,0.1,6,2,2,7,7,1,54,72,7,0,2,0,6,0,5,0,34,24,0,21,0,54,72,7,0,2,0,6,0,5,0,34,24,0,21,0,0,0,15,0,2,0,0,0,1,0,1,0,13,0,2,0,0,0,0,0,0
771,L16050,HbaseTables$VertexLabelIndex,com.baidu.hugegraph.backend.store.hbase.HbaseTables$VertexLabelIndex,L15986,L103,C:\Users\domco\Desktop\DP\repos\incubator-hugegraph\hugegraph-hbase\src\main\java\com\baidu\hugegraph\backend\store\hbase\HbaseTables.java,255,5,262,6,0.0,0,0,0,0.0,0.0,0,0,0,0,0,1,3,1,1,3,4,0.0,0.0,0,0,0,2,0.0,0,3,3,0,0,1,6,8,8,0,1,0,1,1,1,0,35,1,1,22,0,6,8,8,0,1,0,1,1,1,0,35,1,1,22,0,0,0,9,0,0,0,0,0,0,0,0,0,5,0,0,0,0,0,0,4,0
772,L16057,HbaseTables$EdgeLabelIndex,com.baidu.hugegraph.backend.store.hbase.HbaseTables$EdgeLabelIndex,L15986,L103,C:\Users\domco\Desktop\DP\repos\incubator-hugegraph\hugegraph-hbase\src\main\java\com\baidu\hugegraph\backend\store\hbase\HbaseTables.java,264,5,271,6,0.0,0,0,0,0.0,0.0,0,0,0,0,0,1,3,1,1,3,4,0.0,0.0,0,0,0,2,0.0,0,3,3,0,0,1,6,8,8,0,1,0,1,1,1,0,35,1,1,22,0,6,8,8,0,1,0,1,1,1,0,35,1,1,22,0,0,0,9,0,0,0,0,0,0,0,0,0,5,0,0,0,0,0,0,4,0
773,L16018,HbaseTables$SecondaryIndex,com.baidu.hugegraph.backend.store.hbase.HbaseTables$SecondaryIndex,L15986,L103,C:\Users\domco\Desktop\DP\repos\incubator-hugegraph\hugegraph-hbase\src\main\java\com\baidu\hugegraph\backend\store\hbase\HbaseTables.java,273,5,280,6,0.0,0,0,0,0.0,0.0,0,0,0,0,0,1,3,2,2,3,4,0.0,0.0,0,0,0,2,0.0,0,3,3,0,0,1,6,8,8,0,1,0,1,1,1,0,35,1,1,22,0,6,8,8,0,1,0,1,1,1,0,35,1,1,22,0,0,0,9,0,0,0,0,0,0,0,0,0,5,0,0,0,0,0,0,4,0
774,L16070,HbaseTables$SearchIndex,com.baidu.hugegraph.backend.store.hbase.HbaseTables$SearchIndex,L15986,L103,C:\Users\domco\Desktop\DP\repos\incubator-hugegraph\hugegraph-hbase\src\main\java\com\baidu\hugegraph\backend\store\hbase\HbaseTables.java,282,5,289,6,0.0,0,0,0,0.0,0.0,0,0,0,0,0,1,3,1,1,3,4,0.0,0.0,0,0,0,2,0.0,0,3,3,0,0,1,6,8,8,0,1,0,1,1,1,0,35,1,1,22,0,6,8,8,0,1,0,1,1,1,0,35,1,1,22,0,0,0,9,0,0,0,0,0,0,0,0,0,5,0,0,0,0,0,0,4,0
775,L16080,HbaseTables$UniqueIndex,com.baidu.hugegraph.backend.store.hbase.HbaseTables$UniqueIndex,L15986,L103,C:\Users\domco\Desktop\DP\repos\incubator-hugegraph\hugegraph-hbase\src\main\java\com\baidu\hugegraph\backend\store\hbase\HbaseTables.java,291,5,298,6,0.0,0,0,0,0.0,0.0,0,0,0,0,0,1,3,1,1,3,4,0.0,0.0,0,0,0,2,0.0,0,3,3,0,0,1,6,8,8,0,1,0,1,1,1,0,35,1,1,22,0,6,8,8,0,1,0,1,1,1,0,35,1,1,22,0,0,0,9,0,0,0,0,0,0,0,0,0,5,0,0,0,0,0,0,4,0
776,L16373,HbaseTables$RangeIndex,com.baidu.hugegraph.backend.store.hbase.HbaseTables$RangeIndex,L15986,L103,C:\Users\domco\Desktop\DP\repos\incubator-hugegraph\hugegraph-hbase\src\main\java\com\baidu\hugegraph\backend\store\hbase\HbaseTables.java,300,5,321,6,0.0,0,0,0,0.0,0.0,0,0,1,0,0,5,3,1,1,3,8,0.0,0.0,0,0,0,6,0.0,0,3,3,0,0,1,17,22,7,0,0,0,5,0,5,0,39,5,0,26,0,17,22,7,0,0,0,5,0,5,0,39,5,0,26,0,0,0,13,0,0,0,0,0,0,0,0,0,13,0,0,0,0,0,0,0,0
777,L16075,HbaseTables$ShardIndex,com.baidu.hugegraph.backend.store.hbase.HbaseTables$ShardIndex,L15986,L103,C:\Users\domco\Desktop\DP\repos\incubator-hugegraph\hugegraph-hbase\src\main\java\com\baidu\hugegraph\backend\store\hbase\HbaseTables.java,323,5,330,6,0.0,0,0,0,0.0,0.0,0,0,0,0,0,1,3,1,1,3,4,0.0,0.0,0,0,0,2,0.0,0,3,3,0,0,1,6,8,8,0,1,0,1,1,1,0,35,1,1,22,0,6,8,8,0,1,0,1,1,1,0,35,1,1,22,0,0,0,9,0,0,0,0,0,0,0,0,0,5,0,0,0,0,0,0,4,0
778,L16463,MysqlEntryIterator$PagePosition,com.baidu.hugegraph.backend.store.mysql.MysqlEntryIterator$PagePosition,L16423,L103,C:\Users\domco\Desktop\DP\repos\incubator-hugegraph\hugegraph-mysql\src\main\java\com\baidu\hugegraph\backend\store\mysql\MysqlEntryIterator.java,165,5,198,6,0.0,0,0,0,0.0,0.0,0,0,1,1,1,6,4,2,2,5,10,0.0,0.0,0,0,0,6,0.0,0,0,0,0,0,0,28,34,1,0,1,0,5,0,5,0,5,12,0,5,0,28,34,1,0,1,0,5,0,5,0,5,12,0,5,0,0,0,13,0,1,0,0,0,0,0,0,0,13,0,1,0,0,0,0,0,0
779,L16620,MysqlSessions$Session,com.baidu.hugegraph.backend.store.mysql.MysqlSessions$Session,L16588,L103,C:\Users\domco\Desktop\DP\repos\incubator-hugegraph\hugegraph-mysql\src\main\java\com\baidu\hugegraph\backend\store\mysql\MysqlSessions.java,270,5,511,6,0.0,0,0,0,0.0,0.0,0,0,2,2,2,52,3,14,25,6,28,0.0,0.102804,22,0,0,20,0.102804,22,2,2,1,1,1,192,242,8,0,3,0,22,0,19,0,33,91,0,30,0,192,242,8,0,3,0,22,0,19,0,33,91,0,30,0,0,0,46,1,0,0,0,0,1,0,0,1,43,0,0,0,0,0,0,2,1.0
780,L16891,MysqlStore$MysqlSchemaStore,com.baidu.hugegraph.backend.store.mysql.MysqlStore$MysqlSchemaStore,L16590,L103,C:\Users\domco\Desktop\DP\repos\incubator-hugegraph\hugegraph-mysql\src\main\java\com\baidu\hugegraph\backend\store\mysql\MysqlStore.java,373,5,418,6,0.372549,2,2,2,0.326087,0.342105,15,13,2,0,0,5,13,1,1,12,17,0.0,0.0,0,0,0,5,0.0,0,3,3,0,0,1,38,46,9,1,1,1,5,0,4,0,45,16,0,30,1,38,46,9,1,1,1,5,0,4,0,45,16,0,30,1,0,0,26,0,0,0,11,0,1,0,1,0,13,0,0,0,0,0,0,0,0
781,L16945,MysqlStore$MysqlGraphStore,com.baidu.hugegraph.backend.store.mysql.MysqlStore$MysqlGraphStore,L16590,L103,C:\Users\domco\Desktop\DP\repos\incubator-hugegraph\hugegraph-mysql\src\main\java\com\baidu\hugegraph\backend\store\mysql\MysqlStore.java,420,5,473,6,0.786982,8,8,8,0.537037,0.565217,29,26,3,0,0,5,15,1,1,13,18,0.0,0.0,0,0,0,6,0.0,0,3,3,0,0,1,46,54,8,1,0,1,5,0,5,0,44,16,0,30,1,46,54,8,1,0,1,5,0,5,0,44,16,0,30,1,0,0,28,0,0,0,12,0,1,0,2,0,13,0,0,0,0,0,0,0,0
782,L17033,MysqlTable$MysqlShardSpliter,com.baidu.hugegraph.backend.store.mysql.MysqlTable$MysqlShardSpliter,L16783,L103,C:\Users\domco\Desktop\DP\repos\incubator-hugegraph\hugegraph-mysql\src\main\java\com\baidu\hugegraph\backend\store\mysql\MysqlTable.java,700,5,735,6,0.0,0,0,0,0.0,0.0,0,0,2,1,1,5,3,1,1,2,6,0.0,0.0,0,0,0,3,0.0,0,1,1,0,0,1,31,36,10,2,2,1,4,0,2,0,10,12,4,7,0,31,36,10,2,2,1,4,0,2,0,10,12,4,7,0,0,0,14,0,0,0,0,0,1,0,0,0,11,0,0,0,0,0,0,2,0
783,L17269,MysqlTables$MysqlTableTemplate,com.baidu.hugegraph.backend.store.mysql.MysqlTables$MysqlTableTemplate,L16896,L103,C:\Users\domco\Desktop\DP\repos\incubator-hugegraph\hugegraph-mysql\src\main\java\com\baidu\hugegraph\backend\store\mysql\MysqlTables.java,74,5,86,6,0.0,0,0,0,0.0,0.0,0,0,1,0,0,2,2,16,9,1,3,0.0,0.0,0,0,0,3,0.0,0,2,2,8,17,1,10,13,9,0,1,0,2,0,2,0,54,2,0,21,0,10,13,9,0,1,0,2,0,2,0,54,2,0,21,0,0,0,7,0,0,0,0,0,0,0,0,0,7,0,0,0,0,0,0,0,0
784,L16893,MysqlTables$Counters,com.baidu.hugegraph.backend.store.mysql.MysqlTables$Counters,L16896,L103,C:\Users\domco\Desktop\DP\repos\incubator-hugegraph\hugegraph-mysql\src\main\java\com\baidu\hugegraph\backend\store\mysql\MysqlTables.java,88,5,138,6,0.0,0,0,0,0.0,0.0,0,0,1,2,2,7,9,2,5,10,14,0.0,0.0,0,0,0,5,0.0,0,3,3,0,0,1,44,51,10,1,1,1,4,1,4,0,58,19,1,25,0,44,51,10,1,1,1,4,1,4,0,58,19,1,25,0,0,1,15,0,0,0,0,0,0,0,0,0,11,0,1,0,0,0,0,4,1.0
785,L16908,MysqlTables$VertexLabel,com.baidu.hugegraph.backend.store.mysql.MysqlTables$VertexLabel,L16896,L103,C:\Users\domco\Desktop\DP\repos\incubator-hugegraph\hugegraph-mysql\src\main\java\com\baidu\hugegraph\backend\store\mysql\MysqlTables.java,140,5,166,6,0.837209,2,2,2,0.555556,0.608696,15,14,0,0,0,2,5,2,2,5,7,0.0,0.0,0,0,0,3,0.0,0,3,3,0,0,1,23,27,10,0,1,0,2,1,2,0,56,16,1,23,0,23,27,10,0,1,0,2,1,2,0,56,16,1,23,0,0,0,22,0,0,0,11,0,0,0,0,0,7,0,0,0,0,0,0,4,0
786,L16913,MysqlTables$EdgeLabel,com.baidu.hugegraph.backend.store.mysql.MysqlTables$EdgeLabel,L16896,L103,C:\Users\domco\Desktop\DP\repos\incubator-hugegraph\hugegraph-mysql\src\main\java\com\baidu\hugegraph\backend\store\mysql\MysqlTables.java,168,5,196,6,0.742268,2,2,2,0.517241,0.56,15,14,0,0,0,2,5,2,2,5,7,0.0,0.0,0,0,0,3,0.0,0,3,3,0,0,1,25,29,10,0,1,0,2,1,2,0,56,18,1,23,0,25,29,10,0,1,0,2,1,2,0,56,18,1,23,0,0,0,22,0,0,0,11,0,0,0,0,0,7,0,0,0,0,0,0,4,0
787,L16918,MysqlTables$PropertyKey,com.baidu.hugegraph.backend.store.mysql.MysqlTables$PropertyKey,L16896,L103,C:\Users\domco\Desktop\DP\repos\incubator-hugegraph\hugegraph-mysql\src\main\java\com\baidu\hugegraph\backend\store\mysql\MysqlTables.java,198,5,220,6,0.875,2,2,2,0.608696,0.684211,14,13,0,0,0,2,5,2,2,5,7,0.0,0.0,0,0,0,3,0.0,0,3,3,0,0,1,19,23,10,0,1,0,2,1,2,0,56,12,1,23,0,19,23,10,0,1,0,2,1,2,0,56,12,1,23,0,0,0,22,0,0,0,11,0,0,0,0,0,7,0,0,0,0,0,0,4,0
788,L16923,MysqlTables$IndexLabel,com.baidu.hugegraph.backend.store.mysql.MysqlTables$IndexLabel,L16896,L103,C:\Users\domco\Desktop\DP\repos\incubator-hugegraph\hugegraph-mysql\src\main\java\com\baidu\hugegraph\backend\store\mysql\MysqlTables.java,222,5,244,6,0.875,2,2,2,0.608696,0.684211,14,13,0,0,0,2,5,2,2,5,7,0.0,0.0,0,0,0,3,0.0,0,3,3,0,0,1,19,23,10,0,1,0,2,1,2,0,56,12,1,23,0,19,23,10,0,1,0,2,1,2,0,56,12,1,23,0,0,0,22,0,0,0,11,0,0,0,0,0,7,0,0,0,0,0,0,4,0
789,L16950,MysqlTables$Vertex,com.baidu.hugegraph.backend.store.mysql.MysqlTables$Vertex,L16896,L103,C:\Users\domco\Desktop\DP\repos\incubator-hugegraph\hugegraph-mysql\src\main\java\com\baidu\hugegraph\backend\store\mysql\MysqlTables.java,246,5,264,6,0.0,0,0,0,0.0,0.0,0,0,0,0,0,2,6,2,2,6,8,0.0,0.0,0,0,0,3,0.0,0,3,3,0,0,1,15,19,10,0,1,0,2,1,2,0,56,8,1,23,0,15,19,10,0,1,0,2,1,2,0,56,8,1,23,0,0,0,11,0,0,0,0,0,0,0,0,0,7,0,0,0,0,0,0,4,0
790,L17330,MysqlTables$Edge,com.baidu.hugegraph.backend.store.mysql.MysqlTables$Edge,L16896,L103,C:\Users\domco\Desktop\DP\repos\incubator-hugegraph\hugegraph-mysql\src\main\java\com\baidu\hugegraph\backend\store\mysql\MysqlTables.java,266,5,407,6,0.5547,5,11,5,0.556338,0.571429,79,64,2,2,2,21,19,3,6,38,48,0.0,0.0588235,7,0,0,9,0.0588235,7,3,3,0,0,1,112,142,12,0,3,0,10,1,8,0,64,64,1,29,0,112,142,12,0,3,0,10,1,8,0,64,64,1,29,0,0,0,67,1,3,2,36,2,1,0,2,0,23,0,0,0,0,0,0,5,0
791,L17371,MysqlTables$Index,com.baidu.hugegraph.backend.store.mysql.MysqlTables$Index,L16896,L103,C:\Users\domco\Desktop\DP\repos\incubator-hugegraph\hugegraph-mysql\src\main\java\com\baidu\hugegraph\backend\store\mysql\MysqlTables.java,409,5,416,6,0.0,0,0,0,0.0,0.0,0,0,0,0,0,2,2,3,3,1,3,0.0,0.0,0,0,0,2,0.0,0,3,3,3,9,1,6,8,9,0,0,0,2,0,1,0,56,1,0,22,0,6,8,9,0,0,0,2,0,1,0,56,1,0,22,0,0,0,7,0,0,0,0,0,0,0,0,0,7,0,0,0,0,0,0,0,0
792,L16959,MysqlTables$SecondaryIndex,com.baidu.hugegraph.backend.store.mysql.MysqlTables$SecondaryIndex,L16896,L103,C:\Users\domco\Desktop\DP\repos\incubator-hugegraph\hugegraph-mysql\src\main\java\com\baidu\hugegraph\backend\store\mysql\MysqlTables.java,418,5,446,6,0.601563,2,2,2,0.448276,0.5,13,12,1,0,0,3,10,4,6,8,11,0.0,0.0,0,0,0,4,0.0,0,4,4,2,2,1,24,29,10,0,1,0,3,1,3,0,58,11,1,24,0,24,29,10,0,1,0,3,1,3,0,58,11,1,24,0,0,0,24,0,0,0,11,0,0,0,0,0,9,0,0,0,0,0,0,4,0
793,L16984,MysqlTables$SearchIndex,com.baidu.hugegraph.backend.store.mysql.MysqlTables$SearchIndex,L16896,L103,C:\Users\domco\Desktop\DP\repos\incubator-hugegraph\hugegraph-mysql\src\main\java\com\baidu\hugegraph\backend\store\mysql\MysqlTables.java,448,5,455,6,0.0,0,0,0,0.0,0.0,0,0,0,0,0,1,3,1,1,2,3,0.0,0.0,0,0,0,2,0.0,0,5,5,0,0,1,6,8,11,0,1,0,1,1,1,0,59,1,2,25,0,6,8,11,0,1,0,1,1,1,0,59,1,2,25,0,0,0,9,0,0,0,0,0,0,0,0,0,5,0,0,0,0,0,0,4,0
794,L16994,MysqlTables$UniqueIndex,com.baidu.hugegraph.backend.store.mysql.MysqlTables$UniqueIndex,L16896,L103,C:\Users\domco\Desktop\DP\repos\incubator-hugegraph\hugegraph-mysql\src\main\java\com\baidu\hugegraph\backend\store\mysql\MysqlTables.java,460,5,467,6,0.0,0,0,0,0.0,0.0,0,0,0,0,0,1,3,1,1,2,3,0.5,0.333333,3,3,1,1,0.333333,3,5,5,0,0,1,6,8,11,0,1,0,1,1,1,0,59,1,2,25,0,6,8,11,0,1,0,1,1,1,0,59,1,2,25,0,0,0,7,0,0,0,0,0,0,0,0,0,3,0,0,0,0,0,0,4,0
795,L17400,MysqlTables$RangeIndex,com.baidu.hugegraph.backend.store.mysql.MysqlTables$RangeIndex,L16896,L103,C:\Users\domco\Desktop\DP\repos\incubator-hugegraph\hugegraph-mysql\src\main\java\com\baidu\hugegraph\backend\store\mysql\MysqlTables.java,469,5,496,6,0.620968,2,2,2,0.464286,0.5,13,12,1,0,0,3,9,8,8,7,10,0.0,0.0,0,0,0,4,0.0,0,4,4,4,4,1,24,28,9,0,0,0,3,0,3,0,58,11,0,24,0,24,28,9,0,0,0,3,0,3,0,58,11,0,24,0,0,0,20,0,0,0,11,0,0,0,0,0,9,0,0,0,0,0,0,0,0
796,L16964,MysqlTables$RangeIntIndex,com.baidu.hugegraph.backend.store.mysql.MysqlTables$RangeIntIndex,L16896,L103,C:\Users\domco\Desktop\DP\repos\incubator-hugegraph\hugegraph-mysql\src\main\java\com\baidu\hugegraph\backend\store\mysql\MysqlTables.java,498,5,519,6,0.806452,1,1,1,0.590909,0.666667,13,12,0,0,0,2,6,2,2,5,7,0.0,0.0,0,0,0,3,0.0,0,5,5,0,0,1,18,22,10,0,1,0,2,1,2,0,60,8,1,26,0,18,22,10,0,1,0,2,1,2,0,60,8,1,26,0,0,0,22,0,0,0,11,0,0,0,0,0,7,0,0,0,0,0,0,4,0
797,L16969,MysqlTables$RangeFloatIndex,com.baidu.hugegraph.backend.store.mysql.MysqlTables$RangeFloatIndex,L16896,L103,C:\Users\domco\Desktop\DP\repos\incubator-hugegraph\hugegraph-mysql\src\main\java\com\baidu\hugegraph\backend\store\mysql\MysqlTables.java,521,5,542,6,0.806452,1,1,1,0.590909,0.666667,13,12,0,0,0,2,6,2,2,5,7,0.0,0.0,0,0,0,3,0.0,0,5,5,0,0,1,18,22,10,0,1,0,2,1,2,0,60,8,1,26,0,18,22,10,0,1,0,2,1,2,0,60,8,1,26,0,0,0,22,0,0,0,11,0,0,0,0,0,7,0,0,0,0,0,0,4,0
798,L16974,MysqlTables$RangeLongIndex,com.baidu.hugegraph.backend.store.mysql.MysqlTables$RangeLongIndex,L16896,L103,C:\Users\domco\Desktop\DP\repos\incubator-hugegraph\hugegraph-mysql\src\main\java\com\baidu\hugegraph\backend\store\mysql\MysqlTables.java,544,5,565,6,0.806452,1,1,1,0.590909,0.666667,13,12,0,0,0,2,6,2,2,5,7,0.0,0.0,0,0,0,3,0.0,0,5,5,0,0,1,18,22,10,0,1,0,2,1,2,0,60,8,1,26,0,18,22,10,0,1,0,2,1,2,0,60,8,1,26,0,0,0,22,0,0,0,11,0,0,0,0,0,7,0,0,0,0,0,0,4,0
799,L16979,MysqlTables$RangeDoubleIndex,com.baidu.hugegraph.backend.store.mysql.MysqlTables$RangeDoubleIndex,L16896,L103,C:\Users\domco\Desktop\DP\repos\incubator-hugegraph\hugegraph-mysql\src\main\java\com\baidu\hugegraph\backend\store\mysql\MysqlTables.java,567,5,588,6,0.806452,1,1,1,0.590909,0.666667,13,12,0,0,0,2,6,2,2,5,7,0.0,0.0,0,0,0,3,0.0,0,5,5,0,0,1,18,22,10,0,1,0,2,1,2,0,60,8,1,26,0,18,22,10,0,1,0,2,1,2,0,60,8,1,26,0,0,0,22,0,0,0,11,0,0,0,0,0,7,0,0,0,0,0,0,4,0
800,L16989,MysqlTables$ShardIndex,com.baidu.hugegraph.backend.store.mysql.MysqlTables$ShardIndex,L16896,L103,C:\Users\domco\Desktop\DP\repos\incubator-hugegraph\hugegraph-mysql\src\main\java\com\baidu\hugegraph\backend\store\mysql\MysqlTables.java,590,5,618,6,0.580153,1,1,1,0.413793,0.458333,12,11,1,0,0,3,10,2,3,8,11,0.0,0.0,0,0,0,4,0.0,0,4,4,0,0,1,24,29,10,0,1,0,3,1,3,0,58,11,1,24,0,24,29,10,0,1,0,3,1,3,0,58,11,1,24,0,0,0,24,0,0,0,11,0,0,0,0,0,9,0,0,0,0,0,0,4,0
801,L17642,PaloHttpClient$Client,com.baidu.hugegraph.backend.store.palo.PaloHttpClient$Client,L17628,L103,C:\Users\domco\Desktop\DP\repos\incubator-hugegraph\hugegraph-palo\src\main\java\com\baidu\hugegraph\backend\store\palo\PaloHttpClient.java,64,5,77,6,0.0,0,0,0,0.0,0.0,0,0,1,0,0,2,0,1,1,0,2,0.0,0.0909091,1,0,0,2,0.0909091,1,0,0,0,0,0,10,14,1,0,1,0,2,0,1,0,2,1,0,1,0,10,14,1,0,1,0,2,0,1,0,2,1,0,1,0,0,0,7,0,0,0,0,0,0,0,0,0,7,0,0,0,0,0,0,0,0
802,L17845,PaloSessions$Session,com.baidu.hugegraph.backend.store.palo.PaloSessions$Session,L17790,L103,C:\Users\domco\Desktop\DP\repos\incubator-hugegraph\hugegraph-palo\src\main\java\com\baidu\hugegraph\backend\store\palo\PaloSessions.java,117,5,217,6,0.0,0,0,0,0.0,0.0,0,0,1,2,2,14,7,2,2,12,20,0.0,0.120879,11,8,0,6,0.120879,11,3,3,0,0,1,80,101,11,2,3,2,8,0,5,0,41,43,0,35,0,80,101,11,2,3,2,8,0,5,0,41,43,0,35,0,0,0,19,0,0,0,0,0,0,0,0,0,19,0,0,0,0,0,0,0,1.0
803,L17808,PaloSessions$PaloLoadTask,com.baidu.hugegraph.backend.store.palo.PaloSessions$PaloLoadTask,L17790,L103,C:\Users\domco\Desktop\DP\repos\incubator-hugegraph\hugegraph-palo\src\main\java\com\baidu\hugegraph\backend\store\palo\PaloSessions.java,219,5,324,6,0.0,0,0,0,0.0,0.0,0,0,1,2,2,14,6,1,2,11,18,0.25,0.278351,27,17,1,3,0.278351,27,0,0,0,0,0,70,106,5,0,5,0,7,0,3,0,7,38,0,3,0,70,106,5,0,5,0,7,0,3,0,7,38,0,3,0,0,0,15,0,0,0,0,0,0,0,0,0,15,0,0,0,0,0,0,0,0
804,L17978,PaloStoreProvider$PaloSchemaStore,com.baidu.hugegraph.backend.store.palo.PaloStoreProvider$PaloSchemaStore,L17968,L103,C:\Users\domco\Desktop\DP\repos\incubator-hugegraph\hugegraph-palo\src\main\java\com\baidu\hugegraph\backend\store\palo\PaloStoreProvider.java,70,5,114,6,0.0,0,0,0,0.0,0.0,0,0,3,0,0,6,13,1,1,10,16,0.0,0.0,0,0,0,7,0.0,0,4,4,0,0,1,36,45,10,1,1,1,6,0,6,0,48,11,0,32,1,36,45,10,1,1,1,6,0,6,0,48,11,0,32,1,0,0,17,0,0,0,0,0,1,0,1,0,15,0,0,0,0,0,0,0,0
805,L17985,PaloStoreProvider$PaloGraphStore,com.baidu.hugegraph.backend.store.palo.PaloStoreProvider$PaloGraphStore,L17968,L103,C:\Users\domco\Desktop\DP\repos\incubator-hugegraph\hugegraph-palo\src\main\java\com\baidu\hugegraph\backend\store\palo\PaloStoreProvider.java,116,5,172,6,0.758427,5,5,5,0.473684,0.52,27,26,4,0,0,6,19,1,1,12,18,0.0,0.0,0,0,0,7,0.0,0,4,4,0,0,1,50,57,9,1,0,1,6,0,6,0,48,17,0,32,1,50,57,9,1,0,1,6,0,6,0,48,17,0,32,1,0,0,30,0,0,0,12,0,1,0,2,0,15,0,0,0,0,0,0,0,0
806,L18121,PaloTables$PaloTableTemplate,com.baidu.hugegraph.backend.store.palo.PaloTables$PaloTableTemplate,L18005,L103,C:\Users\domco\Desktop\DP\repos\incubator-hugegraph\hugegraph-palo\src\main\java\com\baidu\hugegraph\backend\store\palo\PaloTables.java,60,5,72,6,0.0,0,0,0,0.0,0.0,0,0,1,0,0,2,2,10,7,1,3,0.0,0.0,0,0,0,3,0.0,0,3,3,7,16,1,10,13,10,0,1,0,2,0,2,0,58,2,0,24,0,10,13,10,0,1,0,2,0,2,0,58,2,0,24,0,0,0,7,0,0,0,0,0,0,0,0,0,7,0,0,0,0,0,0,0,0
807,L18000,PaloTables$VertexLabel,com.baidu.hugegraph.backend.store.palo.PaloTables$VertexLabel,L18005,L103,C:\Users\domco\Desktop\DP\repos\incubator-hugegraph\hugegraph-palo\src\main\java\com\baidu\hugegraph\backend\store\palo\PaloTables.java,74,5,96,6,0.8125,2,2,2,0.565217,0.65,13,13,0,0,0,1,5,1,1,5,6,0.0,0.047619,1,0,0,2,0.047619,1,4,4,0,0,1,20,23,11,0,1,0,1,1,1,0,59,15,1,25,0,20,23,11,0,1,0,1,1,1,0,59,15,1,25,0,0,0,20,0,0,0,11,0,0,0,0,0,5,0,0,0,0,0,0,4,0
808,L18008,PaloTables$EdgeLabel,com.baidu.hugegraph.backend.store.palo.PaloTables$EdgeLabel,L18005,L103,C:\Users\domco\Desktop\DP\repos\incubator-hugegraph\hugegraph-palo\src\main\java\com\baidu\hugegraph\backend\store\palo\PaloTables.java,98,5,122,6,0.715,2,2,2,0.52,0.590909,13,13,0,0,0,1,5,1,1,5,6,0.0,0.0434783,1,0,0,2,0.0434783,1,4,4,0,0,1,22,25,11,0,1,0,1,1,1,0,59,17,1,25,0,22,25,11,0,1,0,1,1,1,0,59,17,1,25,0,0,0,20,0,0,0,11,0,0,0,0,0,5,0,0,0,0,0,0,4,0
809,L18013,PaloTables$PropertyKey,com.baidu.hugegraph.backend.store.palo.PaloTables$PropertyKey,L18005,L103,C:\Users\domco\Desktop\DP\repos\incubator-hugegraph\hugegraph-palo\src\main\java\com\baidu\hugegraph\backend\store\palo\PaloTables.java,124,5,141,6,0.0,0,0,0,0.0,0.0,0,0,0,0,0,1,5,1,1,5,6,0.0,0.0625,1,0,0,2,0.0625,1,4,4,0,0,1,15,18,11,0,1,0,1,1,1,0,59,10,1,25,0,15,18,11,0,1,0,1,1,1,0,59,10,1,25,0,0,0,9,0,0,0,0,0,0,0,0,0,5,0,0,0,0,0,0,4,0
810,L18018,PaloTables$IndexLabel,com.baidu.hugegraph.backend.store.palo.PaloTables$IndexLabel,L18005,L103,C:\Users\domco\Desktop\DP\repos\incubator-hugegraph\hugegraph-palo\src\main\java\com\baidu\hugegraph\backend\store\palo\PaloTables.java,143,5,161,6,0.829457,1,1,1,0.526316,0.625,10,10,0,0,0,1,5,1,1,5,6,0.0,0.0588235,1,0,0,2,0.0588235,1,4,4,0,0,1,16,19,11,0,1,0,1,1,1,0,59,11,1,25,0,16,19,11,0,1,0,1,1,1,0,59,11,1,25,0,0,0,20,0,0,0,11,0,0,0,0,0,5,0,0,0,0,0,0,4,0
811,L18036,PaloTables$Vertex,com.baidu.hugegraph.backend.store.palo.PaloTables$Vertex,L18005,L103,C:\Users\domco\Desktop\DP\repos\incubator-hugegraph\hugegraph-palo\src\main\java\com\baidu\hugegraph\backend\store\palo\PaloTables.java,163,5,178,6,0.0,0,0,0,0.0,0.0,0,0,0,0,0,1,6,1,1,6,7,0.0,0.0769231,1,0,0,2,0.0769231,1,4,4,0,0,1,12,16,11,0,1,0,1,1,1,0,59,7,1,25,0,12,16,11,0,1,0,1,1,1,0,59,7,1,25,0,0,0,9,0,0,0,0,0,0,0,0,0,5,0,0,0,0,0,0,4,0
812,L18041,PaloTables$Edge,com.baidu.hugegraph.backend.store.palo.PaloTables$Edge,L18005,L103,C:\Users\domco\Desktop\DP\repos\incubator-hugegraph\hugegraph-palo\src\main\java\com\baidu\hugegraph\backend\store\palo\PaloTables.java,183,5,309,6,0.462171,5,10,5,0.511811,0.514852,65,52,2,2,2,16,21,1,1,37,43,0.333333,0.0982143,11,3,1,2,0.0982143,11,4,4,0,0,1,101,127,12,0,2,0,6,0,2,0,64,59,0,26,0,101,127,12,0,2,0,6,0,2,0,64,59,0,26,0,0,0,49,1,2,2,30,1,1,0,2,0,15,0,0,0,0,0,0,1,0
813,L18180,PaloTables$Index,com.baidu.hugegraph.backend.store.palo.PaloTables$Index,L18005,L103,C:\Users\domco\Desktop\DP\repos\incubator-hugegraph\hugegraph-palo\src\main\java\com\baidu\hugegraph\backend\store\palo\PaloTables.java,311,5,340,6,0.0,0,0,0,0.0,0.0,0,0,1,2,2,8,6,3,3,6,9,0.0,0.0,0,0,0,2,0.0,0,4,4,3,9,1,25,30,10,0,0,0,3,0,1,0,61,13,0,25,0,25,30,10,0,0,0,3,0,1,0,61,13,0,25,0,0,0,10,0,0,0,0,0,0,0,0,0,9,0,0,0,0,0,0,1,0
814,L18046,PaloTables$SecondaryIndex,com.baidu.hugegraph.backend.store.palo.PaloTables$SecondaryIndex,L18005,L103,C:\Users\domco\Desktop\DP\repos\incubator-hugegraph\hugegraph-palo\src\main\java\com\baidu\hugegraph\backend\store\palo\PaloTables.java,342,5,369,6,0.576271,2,2,2,0.428571,0.454545,12,10,1,0,0,3,10,3,3,8,11,0.0,0.0434783,1,0,0,2,0.0434783,1,5,5,2,2,1,22,28,11,0,1,0,3,1,1,0,63,10,1,26,0,22,28,11,0,1,0,3,1,1,0,63,10,1,26,0,0,0,25,0,0,0,11,0,0,0,0,0,9,0,0,0,0,0,0,5,0
815,L18071,PaloTables$SearchIndex,com.baidu.hugegraph.backend.store.palo.PaloTables$SearchIndex,L18005,L103,C:\Users\domco\Desktop\DP\repos\incubator-hugegraph\hugegraph-palo\src\main\java\com\baidu\hugegraph\backend\store\palo\PaloTables.java,371,5,378,6,0.0,0,0,0,0.0,0.0,0,0,0,0,0,1,2,1,1,2,3,0.0,0.0,0,0,0,2,0.0,0,6,6,0,0,1,6,8,12,0,1,0,1,1,1,0,64,1,2,27,0,6,8,12,0,1,0,1,1,1,0,64,1,2,27,0,0,0,12,0,0,0,0,0,0,0,0,0,5,0,0,2,0,0,0,5,0
816,L18081,PaloTables$UniqueIndex,com.baidu.hugegraph.backend.store.palo.PaloTables$UniqueIndex,L18005,L103,C:\Users\domco\Desktop\DP\repos\incubator-hugegraph\hugegraph-palo\src\main\java\com\baidu\hugegraph\backend\store\palo\PaloTables.java,380,5,387,6,0.0,0,0,0,0.0,0.0,0,0,0,0,0,1,2,1,1,2,3,0.0,0.0,0,0,0,2,0.0,0,6,6,0,0,1,6,8,12,0,1,0,1,1,1,0,64,1,2,27,0,6,8,12,0,1,0,1,1,1,0,64,1,2,27,0,0,0,12,0,0,0,0,0,0,0,0,0,5,0,0,2,0,0,0,5,0
817,L18209,PaloTables$RangeIndex,com.baidu.hugegraph.backend.store.palo.PaloTables$RangeIndex,L18005,L103,C:\Users\domco\Desktop\DP\repos\incubator-hugegraph\hugegraph-palo\src\main\java\com\baidu\hugegraph\backend\store\palo\PaloTables.java,389,5,411,6,0.635514,2,2,2,0.521739,0.526316,12,10,1,0,0,2,9,4,4,7,9,0.0,0.05,1,0,0,2,0.05,1,5,5,4,4,1,19,23,10,0,0,0,2,0,1,0,62,9,0,26,0,19,23,10,0,0,0,2,0,1,0,62,9,0,26,0,0,0,19,0,0,0,11,0,0,0,0,0,7,0,0,0,0,0,0,1,0
818,L18051,PaloTables$RangeIntIndex,com.baidu.hugegraph.backend.store.palo.PaloTables$RangeIntIndex,L18005,L103,C:\Users\domco\Desktop\DP\repos\incubator-hugegraph\hugegraph-palo\src\main\java\com\baidu\hugegraph\backend\store\palo\PaloTables.java,413,5,420,6,0.0,0,0,0,0.0,0.0,0,0,0,0,0,1,2,1,1,2,3,0.0,0.0,0,0,0,2,0.0,0,6,6,0,0,1,6,8,11,0,1,0,1,1,1,0,63,1,1,27,0,6,8,11,0,1,0,1,1,1,0,63,1,1,27,0,0,0,12,0,0,0,0,0,0,0,0,0,5,0,0,2,0,0,0,5,0
819,L18056,PaloTables$RangeFloatIndex,com.baidu.hugegraph.backend.store.palo.PaloTables$RangeFloatIndex,L18005,L103,C:\Users\domco\Desktop\DP\repos\incubator-hugegraph\hugegraph-palo\src\main\java\com\baidu\hugegraph\backend\store\palo\PaloTables.java,422,5,429,6,0.0,0,0,0,0.0,0.0,0,0,0,0,0,1,2,1,1,2,3,0.0,0.0,0,0,0,2,0.0,0,6,6,0,0,1,6,8,11,0,1,0,1,1,1,0,63,1,1,27,0,6,8,11,0,1,0,1,1,1,0,63,1,1,27,0,0,0,12,0,0,0,0,0,0,0,0,0,5,0,0,2,0,0,0,5,0
820,L18061,PaloTables$RangeLongIndex,com.baidu.hugegraph.backend.store.palo.PaloTables$RangeLongIndex,L18005,L103,C:\Users\domco\Desktop\DP\repos\incubator-hugegraph\hugegraph-palo\src\main\java\com\baidu\hugegraph\backend\store\palo\PaloTables.java,431,5,438,6,0.0,0,0,0,0.0,0.0,0,0,0,0,0,1,2,1,1,2,3,0.0,0.0,0,0,0,2,0.0,0,6,6,0,0,1,6,8,11,0,1,0,1,1,1,0,63,1,1,27,0,6,8,11,0,1,0,1,1,1,0,63,1,1,27,0,0,0,12,0,0,0,0,0,0,0,0,0,5,0,0,2,0,0,0,5,0
821,L18066,PaloTables$RangeDoubleIndex,com.baidu.hugegraph.backend.store.palo.PaloTables$RangeDoubleIndex,L18005,L103,C:\Users\domco\Desktop\DP\repos\incubator-hugegraph\hugegraph-palo\src\main\java\com\baidu\hugegraph\backend\store\palo\PaloTables.java,440,5,447,6,0.0,0,0,0,0.0,0.0,0,0,0,0,0,1,2,1,1,2,3,0.0,0.0,0,0,0,2,0.0,0,6,6,0,0,1,6,8,11,0,1,0,1,1,1,0,63,1,1,27,0,6,8,11,0,1,0,1,1,1,0,63,1,1,27,0,0,0,12,0,0,0,0,0,0,0,0,0,5,0,0,2,0,0,0,5,0
822,L18076,PaloTables$ShardIndex,com.baidu.hugegraph.backend.store.palo.PaloTables$ShardIndex,L18005,L103,C:\Users\domco\Desktop\DP\repos\incubator-hugegraph\hugegraph-palo\src\main\java\com\baidu\hugegraph\backend\store\palo\PaloTables.java,449,5,473,6,0.582609,1,1,1,0.48,0.5,12,10,1,0,0,2,10,1,1,8,10,0.0,0.047619,1,0,0,2,0.047619,1,5,5,0,0,1,20,25,11,0,1,0,2,1,1,0,62,9,1,26,0,20,25,11,0,1,0,2,1,1,0,62,9,1,26,0,0,0,23,0,0,0,11,0,0,0,0,0,7,0,0,0,0,0,0,5,0
823,L18325,PostgresqlStoreProvider$PostgresqlSchemaStore,com.baidu.hugegraph.backend.store.postgresql.PostgresqlStoreProvider$PostgresqlSchemaStore,L18321,L103,C:\Users\domco\Desktop\DP\repos\incubator-hugegraph\hugegraph-postgresql\src\main\java\com\baidu\hugegraph\backend\store\postgresql\PostgresqlStoreProvider.java,71,5,116,6,0.367742,2,2,2,0.326087,0.342105,15,13,2,0,0,5,14,1,1,12,17,0.0,0.0,0,0,0,5,0.0,0,4,4,0,0,1,38,46,9,1,1,1,5,0,4,0,47,16,0,31,1,38,46,9,1,1,1,5,0,4,0,47,16,0,31,1,0,0,26,0,0,0,11,0,1,0,1,0,13,0,0,0,0,0,0,0,0
824,L18332,PostgresqlStoreProvider$PostgresqlGraphStore,com.baidu.hugegraph.backend.store.postgresql.PostgresqlStoreProvider$PostgresqlGraphStore,L18321,L103,C:\Users\domco\Desktop\DP\repos\incubator-hugegraph\hugegraph-postgresql\src\main\java\com\baidu\hugegraph\backend\store\postgresql\PostgresqlStoreProvider.java,118,5,172,6,0.789474,5,5,5,0.527273,0.571429,29,28,3,0,0,5,17,1,1,12,17,0.0,0.0,0,0,0,6,0.0,0,4,4,0,0,1,49,55,8,1,0,1,5,0,5,0,46,16,0,31,1,49,55,8,1,0,1,5,0,5,0,46,16,0,31,1,0,0,28,0,0,0,12,0,1,0,2,0,13,0,0,0,0,0,0,0,0
825,L18464,PostgresqlTable$PgWhereBuilder,com.baidu.hugegraph.backend.store.postgresql.PostgresqlTable$PgWhereBuilder,L18448,L103,C:\Users\domco\Desktop\DP\repos\incubator-hugegraph\hugegraph-postgresql\src\main\java\com\baidu\hugegraph\backend\store\postgresql\PostgresqlTable.java,137,5,150,6,0.0,0,0,0,0.0,0.0,0,0,1,1,1,3,2,1,1,2,4,0.0,0.0,0,0,0,2,0.0,0,1,1,0,0,1,12,14,1,0,0,0,2,0,1,0,19,4,0,16,0,12,14,1,0,0,0,2,0,1,0,19,4,0,16,0,0,1,7,0,0,1,0,0,0,0,0,0,7,0,0,0,0,0,0,0,0
826,L18474,PostgresqlTables$PostgresqlTableTemplate,com.baidu.hugegraph.backend.store.postgresql.PostgresqlTables$PostgresqlTableTemplate,L18345,L103,C:\Users\domco\Desktop\DP\repos\incubator-hugegraph\hugegraph-postgresql\src\main\java\com\baidu\hugegraph\backend\store\postgresql\PostgresqlTables.java,63,5,76,6,0.0,0,0,0,0.0,0.0,0,0,1,0,0,2,4,13,14,3,5,0.0,0.0,0,0,0,3,0.0,0,3,3,13,15,1,11,14,10,0,1,0,2,0,2,0,62,3,0,22,0,11,14,10,0,1,0,2,0,2,0,62,3,0,22,0,0,0,9,0,0,0,0,0,0,0,0,0,7,0,0,1,0,0,0,1,0
827,L18342,PostgresqlTables$Counters,com.baidu.hugegraph.backend.store.postgresql.PostgresqlTables$Counters,L18345,L103,C:\Users\domco\Desktop\DP\repos\incubator-hugegraph\hugegraph-postgresql\src\main\java\com\baidu\hugegraph\backend\store\postgresql\PostgresqlTables.java,78,5,105,6,0.0,0,0,0,0.0,0.0,0,0,1,1,1,4,10,1,3,7,10,0.0,0.0,0,0,0,4,0.0,0,4,4,0,0,1,25,28,10,1,0,1,3,0,3,0,65,7,0,25,0,25,28,10,1,0,1,3,0,3,0,65,7,0,25,0,0,0,10,0,0,0,0,0,0,0,0,0,9,0,0,0,0,0,0,1,0
828,L18355,PostgresqlTables$VertexLabel,com.baidu.hugegraph.backend.store.postgresql.PostgresqlTables$VertexLabel,L18345,L103,C:\Users\domco\Desktop\DP\repos\incubator-hugegraph\hugegraph-postgresql\src\main\java\com\baidu\hugegraph\backend\store\postgresql\PostgresqlTables.java,107,5,112,6,0.0,0,0,0,0.0,0.0,0,0,0,0,0,1,4,1,1,2,3,0.0,0.0,0,0,0,2,0.0,0,4,4,0,0,1,5,6,10,0,0,0,1,0,1,0,63,1,0,23,0,5,6,10,0,0,0,1,0,1,0,63,1,0,23,0,0,0,6,0,0,0,0,0,0,0,0,0,5,0,0,0,0,0,0,1,0
829,L18360,PostgresqlTables$EdgeLabel,com.baidu.hugegraph.backend.store.postgresql.PostgresqlTables$EdgeLabel,L18345,L103,C:\Users\domco\Desktop\DP\repos\incubator-hugegraph\hugegraph-postgresql\src\main\java\com\baidu\hugegraph\backend\store\postgresql\PostgresqlTables.java,114,5,119,6,0.0,0,0,0,0.0,0.0,0,0,0,0,0,1,4,1,1,2,3,0.0,0.0,0,0,0,2,0.0,0,4,4,0,0,1,5,6,10,0,0,0,1,0,1,0,63,1,0,23,0,5,6,10,0,0,0,1,0,1,0,63,1,0,23,0,0,0,6,0,0,0,0,0,0,0,0,0,5,0,0,0,0,0,0,1,0
830,L18365,PostgresqlTables$PropertyKey,com.baidu.hugegraph.backend.store.postgresql.PostgresqlTables$PropertyKey,L18345,L103,C:\Users\domco\Desktop\DP\repos\incubator-hugegraph\hugegraph-postgresql\src\main\java\com\baidu\hugegraph\backend\store\postgresql\PostgresqlTables.java,121,5,126,6,0.0,0,0,0,0.0,0.0,0,0,0,0,0,1,4,1,1,2,3,0.0,0.0,0,0,0,2,0.0,0,4,4,0,0,1,5,6,10,0,0,0,1,0,1,0,63,1,0,23,0,5,6,10,0,0,0,1,0,1,0,63,1,0,23,0,0,0,6,0,0,0,0,0,0,0,0,0,5,0,0,0,0,0,0,1,0
831,L18370,PostgresqlTables$IndexLabel,com.baidu.hugegraph.backend.store.postgresql.PostgresqlTables$IndexLabel,L18345,L103,C:\Users\domco\Desktop\DP\repos\incubator-hugegraph\hugegraph-postgresql\src\main\java\com\baidu\hugegraph\backend\store\postgresql\PostgresqlTables.java,128,5,133,6,0.0,0,0,0,0.0,0.0,0,0,0,0,0,1,4,1,1,2,3,0.0,0.0,0,0,0,2,0.0,0,4,4,0,0,1,5,6,10,0,0,0,1,0,1,0,63,1,0,23,0,5,6,10,0,0,0,1,0,1,0,63,1,0,23,0,0,0,6,0,0,0,0,0,0,0,0,0,5,0,0,0,0,0,0,1,0
832,L18390,PostgresqlTables$Vertex,com.baidu.hugegraph.backend.store.postgresql.PostgresqlTables$Vertex,L18345,L103,C:\Users\domco\Desktop\DP\repos\incubator-hugegraph\hugegraph-postgresql\src\main\java\com\baidu\hugegraph\backend\store\postgresql\PostgresqlTables.java,135,5,142,6,0.0,0,0,0,0.0,0.0,0,0,0,0,0,1,5,1,1,3,4,0.0,0.0,0,0,0,2,0.0,0,4,4,0,0,1,6,8,11,0,1,0,1,1,1,0,63,1,1,23,0,6,8,11,0,1,0,1,1,1,0,63,1,1,23,0,0,0,10,0,0,0,0,0,0,0,0,0,5,0,0,0,0,0,0,5,0
833,L18395,PostgresqlTables$Edge,com.baidu.hugegraph.backend.store.postgresql.PostgresqlTables$Edge,L18345,L103,C:\Users\domco\Desktop\DP\repos\incubator-hugegraph\hugegraph-postgresql\src\main\java\com\baidu\hugegraph\backend\store\postgresql\PostgresqlTables.java,144,5,167,6,0.0,0,0,0,0.0,0.0,0,0,1,0,0,4,10,1,1,5,9,0.0,0.0,0,0,0,3,0.0,0,4,4,0,0,1,20,24,10,0,0,0,4,0,2,0,66,7,0,24,0,20,24,10,0,0,0,4,0,2,0,66,7,0,24,0,0,0,12,0,1,0,0,1,0,0,0,0,11,0,0,0,0,0,0,1,0
834,L18400,PostgresqlTables$SecondaryIndex,com.baidu.hugegraph.backend.store.postgresql.PostgresqlTables$SecondaryIndex,L18345,L103,C:\Users\domco\Desktop\DP\repos\incubator-hugegraph\hugegraph-postgresql\src\main\java\com\baidu\hugegraph\backend\store\postgresql\PostgresqlTables.java,169,5,184,6,0.0,0,0,0,0.0,0.0,0,0,1,0,0,3,5,3,3,3,6,0.0,0.0,0,0,0,3,0.0,0,4,4,2,2,1,12,16,11,0,1,0,3,1,2,0,65,3,1,24,0,12,16,11,0,1,0,3,1,2,0,65,3,1,24,0,0,0,14,0,0,0,0,0,0,0,0,0,9,0,0,0,0,0,0,5,0
835,L18425,PostgresqlTables$SearchIndex,com.baidu.hugegraph.backend.store.postgresql.PostgresqlTables$SearchIndex,L18345,L103,C:\Users\domco\Desktop\DP\repos\incubator-hugegraph\hugegraph-postgresql\src\main\java\com\baidu\hugegraph\backend\store\postgresql\PostgresqlTables.java,186,5,193,6,0.0,0,0,0,0.0,0.0,0,0,0,0,0,1,1,1,1,1,2,0.0,0.0,0,0,0,2,0.0,0,5,5,0,0,1,6,8,12,0,1,0,1,1,1,0,66,1,2,25,0,6,8,12,0,1,0,1,1,1,0,66,1,2,25,0,0,0,10,0,0,0,0,0,0,0,0,0,5,0,0,0,0,0,0,5,0
836,L18435,PostgresqlTables$UniqueIndex,com.baidu.hugegraph.backend.store.postgresql.PostgresqlTables$UniqueIndex,L18345,L103,C:\Users\domco\Desktop\DP\repos\incubator-hugegraph\hugegraph-postgresql\src\main\java\com\baidu\hugegraph\backend\store\postgresql\PostgresqlTables.java,195,5,202,6,0.0,0,0,0,0.0,0.0,0,0,0,0,0,1,1,1,1,1,2,0.0,0.0,0,0,0,2,0.0,0,5,5,0,0,1,6,8,12,0,1,0,1,1,1,0,66,1,2,25,0,6,8,12,0,1,0,1,1,1,0,66,1,2,25,0,0,0,10,0,0,0,0,0,0,0,0,0,5,0,0,0,0,0,0,5,0
837,L18405,PostgresqlTables$RangeIntIndex,com.baidu.hugegraph.backend.store.postgresql.PostgresqlTables$RangeIntIndex,L18345,L103,C:\Users\domco\Desktop\DP\repos\incubator-hugegraph\hugegraph-postgresql\src\main\java\com\baidu\hugegraph\backend\store\postgresql\PostgresqlTables.java,204,5,215,6,0.0,0,0,0,0.0,0.0,0,0,1,0,0,2,7,1,1,4,6,0.0,0.0,0,0,0,2,0.0,0,4,4,0,0,1,9,12,11,0,1,0,2,1,1,0,64,2,1,23,0,9,12,11,0,1,0,2,1,1,0,64,2,1,23,0,0,0,12,0,0,0,0,0,0,0,0,0,7,0,0,0,0,0,0,5,0
838,L18410,PostgresqlTables$RangeFloatIndex,com.baidu.hugegraph.backend.store.postgresql.PostgresqlTables$RangeFloatIndex,L18345,L103,C:\Users\domco\Desktop\DP\repos\incubator-hugegraph\hugegraph-postgresql\src\main\java\com\baidu\hugegraph\backend\store\postgresql\PostgresqlTables.java,217,5,228,6,0.0,0,0,0,0.0,0.0,0,0,1,0,0,2,7,1,1,4,6,0.0,0.0,0,0,0,2,0.0,0,4,4,0,0,1,9,12,11,0,1,0,2,1,1,0,64,2,1,23,0,9,12,11,0,1,0,2,1,1,0,64,2,1,23,0,0,0,12,0,0,0,0,0,0,0,0,0,7,0,0,0,0,0,0,5,0
839,L18415,PostgresqlTables$RangeLongIndex,com.baidu.hugegraph.backend.store.postgresql.PostgresqlTables$RangeLongIndex,L18345,L103,C:\Users\domco\Desktop\DP\repos\incubator-hugegraph\hugegraph-postgresql\src\main\java\com\baidu\hugegraph\backend\store\postgresql\PostgresqlTables.java,230,5,241,6,0.0,0,0,0,0.0,0.0,0,0,1,0,0,2,7,1,1,4,6,0.0,0.0,0,0,0,2,0.0,0,4,4,0,0,1,9,12,11,0,1,0,2,1,1,0,64,2,1,23,0,9,12,11,0,1,0,2,1,1,0,64,2,1,23,0,0,0,12,0,0,0,0,0,0,0,0,0,7,0,0,0,0,0,0,5,0
840,L18420,PostgresqlTables$RangeDoubleIndex,com.baidu.hugegraph.backend.store.postgresql.PostgresqlTables$RangeDoubleIndex,L18345,L103,C:\Users\domco\Desktop\DP\repos\incubator-hugegraph\hugegraph-postgresql\src\main\java\com\baidu\hugegraph\backend\store\postgresql\PostgresqlTables.java,243,5,256,6,0.0,0,0,0,0.0,0.0,0,0,1,0,0,2,7,1,1,4,6,0.0,0.0,0,0,0,2,0.0,0,4,4,0,0,1,11,14,11,0,1,0,2,1,1,0,64,2,1,23,0,11,14,11,0,1,0,2,1,1,0,64,2,1,23,0,0,0,12,0,0,0,0,0,0,0,0,0,7,0,0,0,0,0,0,5,0
841,L18430,PostgresqlTables$ShardIndex,com.baidu.hugegraph.backend.store.postgresql.PostgresqlTables$ShardIndex,L18345,L103,C:\Users\domco\Desktop\DP\repos\incubator-hugegraph\hugegraph-postgresql\src\main\java\com\baidu\hugegraph\backend\store\postgresql\PostgresqlTables.java,258,5,267,6,0.0,0,0,0,0.0,0.0,0,0,1,0,0,2,5,1,1,3,5,0.0,0.0,0,0,0,2,0.0,0,4,4,0,0,1,8,10,10,0,0,0,2,0,1,0,64,2,0,23,0,8,10,10,0,0,0,2,0,1,0,64,2,0,23,0,0,0,8,0,0,0,0,0,0,0,0,0,7,0,0,0,0,0,0,1,0
842,L18603,RocksDBIngester$SuffixFileVisitor,com.baidu.hugegraph.backend.store.rocksdb.RocksDBIngester$SuffixFileVisitor,L18590,L103,C:\Users\domco\Desktop\DP\repos\incubator-hugegraph\hugegraph-rocksdb\src\main\java\com\baidu\hugegraph\backend\store\rocksdb\RocksDBIngester.java,80,5,100,6,0.0,0,0,0,0.0,0.0,0,0,1,1,1,4,0,1,1,0,3,0.0,0.0,0,0,0,4,0.0,0,0,0,0,0,0,17,21,2,0,2,0,3,0,3,0,3,5,0,3,0,17,21,2,0,2,0,3,0,3,0,3,5,0,3,0,0,0,9,0,1,0,0,0,0,0,0,0,9,0,1,0,0,0,0,0,0
843,L18665,RocksDBSessions$Session,com.baidu.hugegraph.backend.store.rocksdb.RocksDBSessions$Session,L18659,L103,C:\Users\domco\Desktop\DP\repos\incubator-hugegraph\hugegraph-rocksdb\src\main\java\com\baidu\hugegraph\backend\store\rocksdb\RocksDBSessions.java,62,5,107,6,0.0,0,0,0,0.0,0.0,0,0,2,0,0,17,2,21,43,0,17,0.0555556,0.075,3,3,1,17,0.075,3,2,2,2,2,1,37,46,12,0,7,0,17,7,17,0,35,2,7,35,0,37,46,12,0,7,0,17,7,17,0,35,2,7,35,0,0,0,44,0,0,0,0,0,1,0,0,0,37,0,0,0,0,0,0,6,0
844,L18849,RocksDBStdSessions$CFHandle,com.baidu.hugegraph.backend.store.rocksdb.RocksDBStdSessions$CFHandle,L18841,L103,C:\Users\domco\Desktop\DP\repos\incubator-hugegraph\hugegraph-rocksdb\src\main\java\com\baidu\hugegraph\backend\store\rocksdb\RocksDBStdSessions.java,624,5,676,6,0.0,0,0,0,0.0,0.0,0,0,1,2,2,11,1,2,21,1,7,0.0,0.0434783,2,0,0,7,0.0434783,2,0,0,0,0,0,44,53,2,0,2,0,6,0,6,0,6,22,0,6,0,44,53,2,0,2,0,6,0,6,0,6,22,0,6,0,0,0,15,0,4,0,0,0,0,0,0,0,15,0,0,0,4,0,0,0,0
845,L18939,RocksDBStdSessions$StdSession,com.baidu.hugegraph.backend.store.rocksdb.RocksDBStdSessions$StdSession,L18841,L103,C:\Users\domco\Desktop\DP\repos\incubator-hugegraph\hugegraph-rocksdb\src\main\java\com\baidu\hugegraph\backend\store\rocksdb\RocksDBStdSessions.java,681,5,954,6,0.0,0,0,0,0.0,0.0,0,0,7,2,2,38,10,1,1,8,31,0.666667,0.273092,68,51,16,8,0.273092,68,3,3,0,0,1,181,274,14,0,2,0,23,0,23,0,37,78,7,37,0,181,274,14,0,2,0,23,0,23,0,37,78,7,37,0,0,0,22,0,2,1,0,0,1,0,0,1,17,0,0,0,0,0,0,4,0
846,L19089,RocksDBStdSessions$ColumnIterator,com.baidu.hugegraph.backend.store.rocksdb.RocksDBStdSessions$ColumnIterator,L18841,L103,C:\Users\domco\Desktop\DP\repos\incubator-hugegraph\hugegraph-rocksdb\src\main\java\com\baidu\hugegraph\backend\store\rocksdb\RocksDBStdSessions.java,959,5,1182,6,0.0,0,0,0,0.0,0.0,0,0,1,4,3,40,6,1,3,4,15,0.142857,0.170854,34,6,1,6,0.170854,34,2,3,0,0,2,165,224,8,0,7,0,11,0,6,0,12,76,1,7,0,165,224,8,0,7,0,11,0,6,0,12,76,1,7,0,0,0,25,4,3,5,0,0,0,0,0,1,21,0,1,1,0,0,0,3,0
847,L19407,RocksDBStore$RocksDBSchemaStore,com.baidu.hugegraph.backend.store.rocksdb.RocksDBStore$RocksDBSchemaStore,L19152,L103,C:\Users\domco\Desktop\DP\repos\incubator-hugegraph\hugegraph-rocksdb\src\main\java\com\baidu\hugegraph\backend\store\rocksdb\RocksDBStore.java,794,5,853,6,0.260664,1,1,1,0.166667,0.192308,10,10,2,1,1,5,14,1,1,14,19,0.2,0.0188679,1,1,1,4,0.0188679,1,3,3,0,0,1,52,60,15,1,1,1,5,0,4,0,56,25,0,30,1,52,60,15,1,1,1,5,0,4,0,56,25,0,30,1,0,0,26,0,0,0,11,0,1,0,1,0,13,0,0,0,0,0,0,0,0
848,L19461,RocksDBStore$RocksDBGraphStore,com.baidu.hugegraph.backend.store.rocksdb.RocksDBStore$RocksDBGraphStore,L19152,L103,C:\Users\domco\Desktop\DP\repos\incubator-hugegraph\hugegraph-rocksdb\src\main\java\com\baidu\hugegraph\backend\store\rocksdb\RocksDBStore.java,855,5,913,6,0.811518,9,10,10,0.559322,0.588235,33,30,3,0,0,5,17,1,1,15,20,0.0,0.0,0,0,0,6,0.0,0,3,3,0,0,1,51,59,14,1,0,1,5,0,5,0,55,18,0,30,1,51,59,14,1,0,1,5,0,5,0,55,18,0,30,1,0,0,28,0,0,0,12,0,1,0,2,0,13,0,0,0,0,0,0,0,0
849,L19549,RocksDBTable$RocksDBShardSpliter,com.baidu.hugegraph.backend.store.rocksdb.RocksDBTable$RocksDBShardSpliter,L19167,L103,C:\Users\domco\Desktop\DP\repos\incubator-hugegraph\hugegraph-rocksdb\src\main\java\com\baidu\hugegraph\backend\store\rocksdb\RocksDBTable.java,277,5,335,6,0.0,0,0,0,0.0,0.0,0,0,2,1,1,11,5,1,2,9,14,0.0,0.0,0,0,0,6,0.0,0,1,1,0,0,1,48,59,11,2,3,1,5,0,5,0,11,22,4,8,0,48,59,11,2,3,1,5,0,5,0,11,22,4,8,0,0,0,16,0,0,0,0,0,1,0,0,0,13,0,0,0,0,0,0,2,0
850,L19410,RocksDBTables$Counters,com.baidu.hugegraph.backend.store.rocksdb.RocksDBTables$Counters,L19413,L103,C:\Users\domco\Desktop\DP\repos\incubator-hugegraph\hugegraph-rocksdb\src\main\java\com\baidu\hugegraph\backend\store\rocksdb\RocksDBTables.java,40,5,76,6,0.0,0,0,0,0.0,0.0,0,0,1,1,1,6,4,2,7,6,11,0.0,0.0,0,0,0,4,0.0,0,2,2,0,0,1,31,37,5,2,1,1,5,0,3,0,32,11,0,18,0,31,37,5,2,1,1,5,0,3,0,32,11,0,18,0,0,0,13,0,2,0,0,2,0,0,0,0,13,0,0,0,0,0,0,0,0
851,L19687,RocksDBTables$SchemaTable,com.baidu.hugegraph.backend.store.rocksdb.RocksDBTables$SchemaTable,L19413,L103,C:\Users\domco\Desktop\DP\repos\incubator-hugegraph\hugegraph-rocksdb\src\main\java\com\baidu\hugegraph\backend\store\rocksdb\RocksDBTables.java,78,5,89,6,0.0,0,0,0,0.0,0.0,0,0,1,0,0,2,5,4,4,6,8,0.0,0.0,0,0,0,3,0.0,0,2,2,4,4,1,10,12,4,1,0,0,2,0,2,0,29,3,0,17,0,10,12,4,1,0,0,2,0,2,0,29,3,0,17,0,0,0,7,0,0,0,0,0,0,0,0,0,7,0,0,0,0,0,0,0,0
852,L19425,RocksDBTables$VertexLabel,com.baidu.hugegraph.backend.store.rocksdb.RocksDBTables$VertexLabel,L19413,L103,C:\Users\domco\Desktop\DP\repos\incubator-hugegraph\hugegraph-rocksdb\src\main\java\com\baidu\hugegraph\backend\store\rocksdb\RocksDBTables.java,91,5,98,6,0.0,0,0,0,0.0,0.0,0,0,0,0,0,1,2,2,1,2,3,0.0,0.0,0,0,0,2,0.0,0,3,3,0,0,1,6,8,5,1,1,0,1,1,1,0,30,1,1,18,0,6,8,5,1,1,0,1,1,1,0,30,1,1,18,0,0,0,9,0,0,0,0,0,0,0,0,0,5,0,0,0,0,0,0,4,0
853,L19430,RocksDBTables$EdgeLabel,com.baidu.hugegraph.backend.store.rocksdb.RocksDBTables$EdgeLabel,L19413,L103,C:\Users\domco\Desktop\DP\repos\incubator-hugegraph\hugegraph-rocksdb\src\main\java\com\baidu\hugegraph\backend\store\rocksdb\RocksDBTables.java,100,5,107,6,0.0,0,0,0,0.0,0.0,0,0,0,0,0,1,2,2,1,2,3,0.0,0.0,0,0,0,2,0.0,0,3,3,0,0,1,6,8,5,1,1,0,1,1,1,0,30,1,1,18,0,6,8,5,1,1,0,1,1,1,0,30,1,1,18,0,0,0,9,0,0,0,0,0,0,0,0,0,5,0,0,0,0,0,0,4,0
854,L19435,RocksDBTables$PropertyKey,com.baidu.hugegraph.backend.store.rocksdb.RocksDBTables$PropertyKey,L19413,L103,C:\Users\domco\Desktop\DP\repos\incubator-hugegraph\hugegraph-rocksdb\src\main\java\com\baidu\hugegraph\backend\store\rocksdb\RocksDBTables.java,109,5,116,6,0.0,0,0,0,0.0,0.0,0,0,0,0,0,1,2,2,1,2,3,0.0,0.0,0,0,0,2,0.0,0,3,3,0,0,1,6,8,5,1,1,0,1,1,1,0,30,1,1,18,0,6,8,5,1,1,0,1,1,1,0,30,1,1,18,0,0,0,9,0,0,0,0,0,0,0,0,0,5,0,0,0,0,0,0,4,0
855,L19440,RocksDBTables$IndexLabel,com.baidu.hugegraph.backend.store.rocksdb.RocksDBTables$IndexLabel,L19413,L103,C:\Users\domco\Desktop\DP\repos\incubator-hugegraph\hugegraph-rocksdb\src\main\java\com\baidu\hugegraph\backend\store\rocksdb\RocksDBTables.java,118,5,125,6,0.0,0,0,0,0.0,0.0,0,0,0,0,0,1,2,2,1,2,3,0.0,0.0,0,0,0,2,0.0,0,3,3,0,0,1,6,8,5,1,1,0,1,1,1,0,30,1,1,18,0,6,8,5,1,1,0,1,1,1,0,30,1,1,18,0,0,0,9,0,0,0,0,0,0,0,0,0,5,0,0,0,0,0,0,4,0
856,L19466,RocksDBTables$Vertex,com.baidu.hugegraph.backend.store.rocksdb.RocksDBTables$Vertex,L19413,L103,C:\Users\domco\Desktop\DP\repos\incubator-hugegraph\hugegraph-rocksdb\src\main\java\com\baidu\hugegraph\backend\store\rocksdb\RocksDBTables.java,127,5,139,6,0.0,0,0,0,0.0,0.0,0,0,1,0,0,2,5,2,2,3,5,0.0,0.0,0,0,0,2,0.0,0,2,2,0,0,1,10,13,5,1,1,0,2,1,1,0,29,2,1,16,0,10,13,5,1,1,0,2,1,1,0,29,2,1,16,0,0,0,11,0,0,0,0,0,0,0,0,0,7,0,0,0,0,0,0,4,0
857,L19709,RocksDBTables$Edge,com.baidu.hugegraph.backend.store.rocksdb.RocksDBTables$Edge,L19413,L103,C:\Users\domco\Desktop\DP\repos\incubator-hugegraph\hugegraph-rocksdb\src\main\java\com\baidu\hugegraph\backend\store\rocksdb\RocksDBTables.java,141,5,162,6,0.0,0,0,0,0.0,0.0,0,0,2,0,0,5,5,2,2,3,7,0.0,0.0588235,1,0,0,4,0.0588235,1,2,2,0,0,1,16,22,5,1,1,0,4,1,3,0,31,4,1,18,0,16,22,5,1,1,0,4,1,3,0,31,4,1,18,0,0,0,14,0,2,0,0,2,1,0,0,0,9,0,0,0,0,0,0,4,0
858,L19723,RocksDBTables$IndexTable,com.baidu.hugegraph.backend.store.rocksdb.RocksDBTables$IndexTable,L19413,L103,C:\Users\domco\Desktop\DP\repos\incubator-hugegraph\hugegraph-rocksdb\src\main\java\com\baidu\hugegraph\backend\store\rocksdb\RocksDBTables.java,164,5,187,6,0.0,0,0,0,0.0,0.0,0,0,2,1,1,4,5,6,6,5,8,0.0,0.238095,5,0,0,4,0.238095,5,2,2,6,11,1,16,24,4,1,0,0,3,0,3,0,30,5,0,18,0,16,24,4,1,0,0,3,0,3,0,30,5,0,18,0,0,0,8,0,0,0,0,0,1,0,0,0,7,0,0,0,0,0,0,0,0
859,L19445,RocksDBTables$SecondaryIndex,com.baidu.hugegraph.backend.store.rocksdb.RocksDBTables$SecondaryIndex,L19413,L103,C:\Users\domco\Desktop\DP\repos\incubator-hugegraph\hugegraph-rocksdb\src\main\java\com\baidu\hugegraph\backend\store\rocksdb\RocksDBTables.java,189,5,196,6,0.0,0,0,0,0.0,0.0,0,0,0,0,0,1,2,4,3,2,3,0.0,0.0,0,0,0,2,0.0,0,3,3,0,0,1,6,8,5,1,1,0,1,1,1,0,31,1,1,19,0,6,8,5,1,1,0,1,1,1,0,31,1,1,19,0,0,0,9,0,0,0,0,0,0,0,0,0,5,0,0,0,0,0,0,4,0
860,L19475,RocksDBTables$VertexLabelIndex,com.baidu.hugegraph.backend.store.rocksdb.RocksDBTables$VertexLabelIndex,L19413,L103,C:\Users\domco\Desktop\DP\repos\incubator-hugegraph\hugegraph-rocksdb\src\main\java\com\baidu\hugegraph\backend\store\rocksdb\RocksDBTables.java,198,5,205,6,0.0,0,0,0,0.0,0.0,0,0,0,0,0,1,2,2,2,2,3,0.0,0.0,0,0,0,2,0.0,0,3,3,0,0,1,6,8,5,1,1,0,1,1,1,0,31,1,1,19,0,6,8,5,1,1,0,1,1,1,0,31,1,1,19,0,0,0,9,0,0,0,0,0,0,0,0,0,5,0,0,0,0,0,0,4,0
861,L19480,RocksDBTables$EdgeLabelIndex,com.baidu.hugegraph.backend.store.rocksdb.RocksDBTables$EdgeLabelIndex,L19413,L103,C:\Users\domco\Desktop\DP\repos\incubator-hugegraph\hugegraph-rocksdb\src\main\java\com\baidu\hugegraph\backend\store\rocksdb\RocksDBTables.java,207,5,214,6,0.0,0,0,0,0.0,0.0,0,0,0,0,0,1,2,2,2,2,3,0.0,0.0,0,0,0,2,0.0,0,3,3,0,0,1,6,8,5,1,1,0,1,1,1,0,31,1,1,19,0,6,8,5,1,1,0,1,1,1,0,31,1,1,19,0,0,0,9,0,0,0,0,0,0,0,0,0,5,0,0,0,0,0,0,4,0
862,L19505,RocksDBTables$SearchIndex,com.baidu.hugegraph.backend.store.rocksdb.RocksDBTables$SearchIndex,L19413,L103,C:\Users\domco\Desktop\DP\repos\incubator-hugegraph\hugegraph-rocksdb\src\main\java\com\baidu\hugegraph\backend\store\rocksdb\RocksDBTables.java,216,5,223,6,0.0,0,0,0,0.0,0.0,0,0,0,0,0,1,2,3,2,2,3,0.0,0.0,0,0,0,2,0.0,0,3,3,0,0,1,6,8,5,1,1,0,1,1,1,0,31,1,1,19,0,6,8,5,1,1,0,1,1,1,0,31,1,1,19,0,0,0,9,0,0,0,0,0,0,0,0,0,5,0,0,0,0,0,0,4,0
863,L19515,RocksDBTables$UniqueIndex,com.baidu.hugegraph.backend.store.rocksdb.RocksDBTables$UniqueIndex,L19413,L103,C:\Users\domco\Desktop\DP\repos\incubator-hugegraph\hugegraph-rocksdb\src\main\java\com\baidu\hugegraph\backend\store\rocksdb\RocksDBTables.java,225,5,232,6,0.0,0,0,0,0.0,0.0,0,0,0,0,0,1,2,2,2,2,3,0.0,0.0,0,0,0,2,0.0,0,3,3,0,0,1,6,8,5,1,1,0,1,1,1,0,31,1,1,19,0,6,8,5,1,1,0,1,1,1,0,31,1,1,19,0,0,0,9,0,0,0,0,0,0,0,0,0,5,0,0,0,0,0,0,4,0
864,L19747,RocksDBTables$RangeIndex,com.baidu.hugegraph.backend.store.rocksdb.RocksDBTables$RangeIndex,L19413,L103,C:\Users\domco\Desktop\DP\repos\incubator-hugegraph\hugegraph-rocksdb\src\main\java\com\baidu\hugegraph\backend\store\rocksdb\RocksDBTables.java,234,5,293,6,0.0,0,0,0,0.0,0.0,0,0,1,2,2,11,11,5,5,9,11,0.0,0.0,0,0,0,2,0.0,0,3,3,5,5,1,53,60,4,1,0,0,2,0,1,0,32,31,0,19,0,53,60,4,1,0,0,2,0,1,0,32,31,0,19,0,0,1,8,0,0,0,0,0,0,0,1,0,7,0,1,0,0,0,0,0,0
865,L19485,RocksDBTables$RangeIntIndex,com.baidu.hugegraph.backend.store.rocksdb.RocksDBTables$RangeIntIndex,L19413,L103,C:\Users\domco\Desktop\DP\repos\incubator-hugegraph\hugegraph-rocksdb\src\main\java\com\baidu\hugegraph\backend\store\rocksdb\RocksDBTables.java,295,5,302,6,0.0,0,0,0,0.0,0.0,0,0,0,0,0,1,2,3,2,2,3,0.0,0.0,0,0,0,2,0.0,0,4,4,0,0,1,6,8,5,1,1,0,1,1,1,0,33,1,1,20,0,6,8,5,1,1,0,1,1,1,0,33,1,1,20,0,0,0,9,0,0,0,0,0,0,0,0,0,5,0,0,0,0,0,0,4,0
866,L19490,RocksDBTables$RangeFloatIndex,com.baidu.hugegraph.backend.store.rocksdb.RocksDBTables$RangeFloatIndex,L19413,L103,C:\Users\domco\Desktop\DP\repos\incubator-hugegraph\hugegraph-rocksdb\src\main\java\com\baidu\hugegraph\backend\store\rocksdb\RocksDBTables.java,304,5,311,6,0.0,0,0,0,0.0,0.0,0,0,0,0,0,1,2,3,2,2,3,0.0,0.0,0,0,0,2,0.0,0,4,4,0,0,1,6,8,5,1,1,0,1,1,1,0,33,1,1,20,0,6,8,5,1,1,0,1,1,1,0,33,1,1,20,0,0,0,9,0,0,0,0,0,0,0,0,0,5,0,0,0,0,0,0,4,0
867,L19495,RocksDBTables$RangeLongIndex,com.baidu.hugegraph.backend.store.rocksdb.RocksDBTables$RangeLongIndex,L19413,L103,C:\Users\domco\Desktop\DP\repos\incubator-hugegraph\hugegraph-rocksdb\src\main\java\com\baidu\hugegraph\backend\store\rocksdb\RocksDBTables.java,313,5,320,6,0.0,0,0,0,0.0,0.0,0,0,0,0,0,1,2,3,2,2,3,0.0,0.0,0,0,0,2,0.0,0,4,4,0,0,1,6,8,5,1,1,0,1,1,1,0,33,1,1,20,0,6,8,5,1,1,0,1,1,1,0,33,1,1,20,0,0,0,9,0,0,0,0,0,0,0,0,0,5,0,0,0,0,0,0,4,0
868,L19500,RocksDBTables$RangeDoubleIndex,com.baidu.hugegraph.backend.store.rocksdb.RocksDBTables$RangeDoubleIndex,L19413,L103,C:\Users\domco\Desktop\DP\repos\incubator-hugegraph\hugegraph-rocksdb\src\main\java\com\baidu\hugegraph\backend\store\rocksdb\RocksDBTables.java,322,5,329,6,0.0,0,0,0,0.0,0.0,0,0,0,0,0,1,2,3,2,2,3,0.0,0.0,0,0,0,2,0.0,0,4,4,0,0,1,6,8,5,1,1,0,1,1,1,0,33,1,1,20,0,6,8,5,1,1,0,1,1,1,0,33,1,1,20,0,0,0,9,0,0,0,0,0,0,0,0,0,5,0,0,0,0,0,0,4,0
869,L19510,RocksDBTables$ShardIndex,com.baidu.hugegraph.backend.store.rocksdb.RocksDBTables$ShardIndex,L19413,L103,C:\Users\domco\Desktop\DP\repos\incubator-hugegraph\hugegraph-rocksdb\src\main\java\com\baidu\hugegraph\backend\store\rocksdb\RocksDBTables.java,331,5,338,6,0.0,0,0,0,0.0,0.0,0,0,0,0,0,1,2,2,2,2,3,0.0,0.0,0,0,0,2,0.0,0,4,4,0,0,1,6,8,5,1,1,0,1,1,1,0,33,1,1,20,0,6,8,5,1,1,0,1,1,1,0,33,1,1,20,0,0,0,9,0,0,0,0,0,0,0,0,0,5,0,0,0,0,0,0,4,0
870,L19832,RocksDBSstSessions$SstSession,com.baidu.hugegraph.backend.store.rocksdbsst.RocksDBSstSessions$SstSession,L19776,L103,C:\Users\domco\Desktop\DP\repos\incubator-hugegraph\hugegraph-rocksdb\src\main\java\com\baidu\hugegraph\backend\store\rocksdbsst\RocksDBSstSessions.java,201,5,394,6,0.0,0,0,0,0.0,0.0,0,0,13,3,3,28,7,1,1,5,26,0.727273,0.315789,54,51,16,6,0.315789,54,3,3,0,0,1,117,194,13,0,1,0,21,0,21,0,36,41,7,36,0,117,194,13,0,1,0,21,0,21,0,36,41,7,36,0,0,0,20,1,1,0,0,0,1,0,0,1,15,0,1,0,0,0,0,4,0
871,L19841,RocksDBSstSessions$Changes,com.baidu.hugegraph.backend.store.rocksdbsst.RocksDBSstSessions$Changes,L19776,L103,C:\Users\domco\Desktop\DP\repos\incubator-hugegraph\hugegraph-rocksdb\src\main\java\com\baidu\hugegraph\backend\store\rocksdbsst\RocksDBSstSessions.java,396,5,399,6,0.0,0,0,0,0.0,0.0,0,0,0,0,0,0,0,1,0,0,0,0.0,0.0,0,0,0,1,0.0,0,0,0,0,0,0,3,4,1,0,1,0,0,0,0,0,0,0,0,0,0,3,4,1,0,1,0,0,0,0,0,0,0,0,0,0,0,0,3,0,0,0,0,0,0,0,0,0,3,0,0,0,0,0,0,0,0
872,L19941,RocksDBSstStore$RocksDBSstGraphStore,com.baidu.hugegraph.backend.store.rocksdbsst.RocksDBSstStore$RocksDBSstGraphStore,L19928,L103,C:\Users\domco\Desktop\DP\repos\incubator-hugegraph\hugegraph-rocksdb\src\main\java\com\baidu\hugegraph\backend\store\rocksdbsst\RocksDBSstStore.java,57,5,115,6,0.811518,9,10,10,0.559322,0.588235,33,30,3,0,0,5,18,1,1,15,20,0.166667,0.0192308,1,1,1,5,0.0192308,1,4,4,0,0,1,51,59,14,1,0,1,5,0,5,0,57,18,0,31,1,51,59,14,1,0,1,5,0,5,0,57,18,0,31,1,0,0,28,0,0,0,12,0,1,0,2,0,13,0,0,0,0,0,0,0,0
873,L20001,ScyllaDBStoreProvider$ScyllaDBSchemaStore,com.baidu.hugegraph.backend.store.scylladb.ScyllaDBStoreProvider$ScyllaDBSchemaStore,L19988,L103,C:\Users\domco\Desktop\DP\repos\incubator-hugegraph\hugegraph-scylladb\src\main\java\com\baidu\hugegraph\backend\store\scylladb\ScyllaDBStoreProvider.java,76,5,97,6,0.0,0,0,0,0.0,0.0,0,0,1,0,0,2,11,1,1,2,4,0.0,0.0,0,0,0,3,0.0,0,4,4,0,0,1,19,22,10,1,0,0,2,0,2,0,53,6,0,32,1,19,22,10,1,0,0,2,0,2,0,53,6,0,32,1,0,0,8,0,0,0,0,0,0,0,1,0,7,0,0,0,0,0,0,0,0
874,L20008,ScyllaDBStoreProvider$ScyllaDBGraphStore,com.baidu.hugegraph.backend.store.scylladb.ScyllaDBStoreProvider$ScyllaDBGraphStore,L19988,L103,C:\Users\domco\Desktop\DP\repos\incubator-hugegraph\hugegraph-scylladb\src\main\java\com\baidu\hugegraph\backend\store\scylladb\ScyllaDBStoreProvider.java,99,5,118,6,0.0,0,0,0,0.0,0.0,0,0,1,0,0,2,9,1,1,5,7,0.0,0.0,0,0,0,3,0.0,0,4,4,0,0,1,17,20,9,1,0,0,2,0,2,0,52,5,0,32,1,17,20,9,1,0,0,2,0,2,0,52,5,0,32,1,0,0,7,0,0,0,0,0,0,0,0,0,7,0,0,0,0,0,0,0,0
875,L20029,ScyllaDBTablesWithMV$PropertyKey,com.baidu.hugegraph.backend.store.scylladb.ScyllaDBTablesWithMV$PropertyKey,L20021,L103,C:\Users\domco\Desktop\DP\repos\incubator-hugegraph\hugegraph-scylladb\src\main\java\com\baidu\hugegraph\backend\store\scylladb\ScyllaDBTablesWithMV.java,88,5,113,6,0.0,0,0,0,0.0,0.0,0,0,1,1,1,4,9,1,0,7,10,0.0,0.0454545,1,0,0,1,0.0454545,1,3,3,0,0,1,21,26,6,0,1,0,3,0,0,0,50,6,1,20,1,21,26,6,0,1,0,3,0,0,0,50,6,1,20,1,0,0,11,0,0,0,0,0,0,0,0,0,9,0,0,0,0,0,0,2,0
876,L20016,ScyllaDBTablesWithMV$VertexLabel,com.baidu.hugegraph.backend.store.scylladb.ScyllaDBTablesWithMV$VertexLabel,L20021,L103,C:\Users\domco\Desktop\DP\repos\incubator-hugegraph\hugegraph-scylladb\src\main\java\com\baidu\hugegraph\backend\store\scylladb\ScyllaDBTablesWithMV.java,115,5,140,6,0.0,0,0,0,0.0,0.0,0,0,1,1,1,4,9,1,0,7,10,0.0,0.0454545,1,0,0,1,0.0454545,1,3,3,0,0,1,21,26,6,0,1,0,3,0,0,0,50,6,1,20,1,21,26,6,0,1,0,3,0,0,0,50,6,1,20,1,0,0,11,0,0,0,0,0,0,0,0,0,9,0,0,0,0,0,0,2,0
877,L20024,ScyllaDBTablesWithMV$EdgeLabel,com.baidu.hugegraph.backend.store.scylladb.ScyllaDBTablesWithMV$EdgeLabel,L20021,L103,C:\Users\domco\Desktop\DP\repos\incubator-hugegraph\hugegraph-scylladb\src\main\java\com\baidu\hugegraph\backend\store\scylladb\ScyllaDBTablesWithMV.java,142,5,167,6,0.0,0,0,0,0.0,0.0,0,0,1,1,1,4,9,1,0,7,10,0.0,0.0454545,1,0,0,1,0.0454545,1,3,3,0,0,1,21,26,6,0,1,0,3,0,0,0,50,6,1,20,1,21,26,6,0,1,0,3,0,0,0,50,6,1,20,1,0,0,11,0,0,0,0,0,0,0,0,0,9,0,0,0,0,0,0,2,0
878,L20034,ScyllaDBTablesWithMV$IndexLabel,com.baidu.hugegraph.backend.store.scylladb.ScyllaDBTablesWithMV$IndexLabel,L20021,L103,C:\Users\domco\Desktop\DP\repos\incubator-hugegraph\hugegraph-scylladb\src\main\java\com\baidu\hugegraph\backend\store\scylladb\ScyllaDBTablesWithMV.java,169,5,194,6,0.0,0,0,0,0.0,0.0,0,0,1,1,1,4,9,1,0,7,10,0.0,0.0454545,1,0,0,1,0.0454545,1,3,3,0,0,1,21,26,6,0,1,0,3,0,0,0,50,6,1,20,1,21,26,6,0,1,0,3,0,0,0,50,6,1,20,1,0,0,11,0,0,0,0,0,0,0,0,0,9,0,0,0,0,0,0,2,0
879,L20044,ScyllaDBTablesWithMV$Vertex,com.baidu.hugegraph.backend.store.scylladb.ScyllaDBTablesWithMV$Vertex,L20021,L103,C:\Users\domco\Desktop\DP\repos\incubator-hugegraph\hugegraph-scylladb\src\main\java\com\baidu\hugegraph\backend\store\scylladb\ScyllaDBTablesWithMV.java,196,5,237,6,0.0,0,0,0,0.0,0.0,0,0,1,1,1,5,9,1,1,9,13,0.0,0.111111,4,3,0,2,0.111111,4,3,3,0,0,1,32,42,6,0,1,0,4,0,1,0,53,10,1,23,1,32,42,6,0,1,0,4,0,1,0,53,10,1,23,1,0,0,11,0,0,0,0,0,0,0,0,0,9,0,0,0,0,0,0,2,0
880,L20141,ScyllaDBTablesWithMV$Edge,com.baidu.hugegraph.backend.store.scylladb.ScyllaDBTablesWithMV$Edge,L20021,L103,C:\Users\domco\Desktop\DP\repos\incubator-hugegraph\hugegraph-scylladb\src\main\java\com\baidu\hugegraph\backend\store\scylladb\ScyllaDBTablesWithMV.java,239,5,302,6,0.0,0,0,0,0.0,0.0,0,0,2,1,1,8,10,1,1,10,17,0.0,0.0727273,4,3,0,4,0.0727273,4,3,3,0,0,1,51,64,12,0,5,0,7,0,3,0,71,11,1,27,1,51,64,12,0,5,0,7,0,3,0,71,11,1,27,1,0,0,19,0,2,0,0,2,1,0,0,0,15,0,0,0,0,0,0,3,0
881,L20757,CacheManager$1,com.baidu.hugegraph.backend.cache.CacheManager$1,L20751,L103,C:\Users\domco\Desktop\DP\repos\incubator-hugegraph\hugegraph-core\src\main\java\com\baidu\hugegraph\backend\cache\CacheManager.java,62,42,86,10,0.0,0,0,0,0.0,0.0,0,0,1,2,2,5,3,0,0,4,6,0.0,0.0,0,0,0,2,0.0,0,0,0,0,0,0,24,25,0,0,0,0,2,0,1,0,2,10,0,1,0,24,25,0,0,0,0,2,0,1,0,2,10,0,1,0,0,0,7,1,1,1,0,0,0,0,0,0,7,0,1,0,0,0,0,0,0
882,L25184,GraphIndexTransaction$IndexQueries$JointQuery,com.baidu.hugegraph.backend.tx.GraphIndexTransaction$IndexQueries$JointQuery,L24924,L103,C:\Users\domco\Desktop\DP\repos\incubator-hugegraph\hugegraph-core\src\main\java\com\baidu\hugegraph\backend\tx\GraphIndexTransaction.java,1501,9,1531,10,0.0,0,0,0,0.0,0.0,0,0,1,1,1,6,2,1,1,3,7,0.0,0.0384615,1,0,0,4,0.0384615,1,1,1,0,0,1,25,31,20,1,1,0,4,0,3,0,62,10,4,56,0,25,31,20,1,1,0,4,0,3,0,62,10,4,56,0,0,0,16,1,0,1,0,0,0,0,0,0,11,0,0,0,0,0,0,5,0
883,L12700,RaftBackendStore$1,com.baidu.hugegraph.backend.store.raft.RaftBackendStore$1,L12615,L103,C:\Users\domco\Desktop\DP\repos\incubator-hugegraph\hugegraph-core\src\main\java\com\baidu\hugegraph\backend\store\raft\RaftBackendStore.java,205,68,216,10,0.0,0,0,0,0.0,0.0,0,0,1,1,1,2,2,0,0,3,4,0.0,0.0,0,0,0,2,0.0,0,0,0,0,0,0,12,12,0,0,0,0,1,0,1,0,1,3,0,1,0,12,12,0,0,0,0,1,0,1,0,1,3,0,1,0,0,0,5,0,0,0,0,0,0,0,0,0,5,0,0,0,0,0,0,0,0
884,L13069,RaftNode$1,com.baidu.hugegraph.backend.store.raft.RaftNode$1,L13067,L103,C:\Users\domco\Desktop\DP\repos\incubator-hugegraph\hugegraph-core\src\main\java\com\baidu\hugegraph\backend\store\raft\RaftNode.java,200,68,205,10,0.0,0,0,0,0.0,0.0,0,0,1,0,0,1,1,0,0,0,1,0.0,0.0,0,0,0,2,0.0,0,0,0,0,0,0,6,6,0,0,0,0,1,0,1,0,1,1,0,1,0,6,6,0,0,0,0,1,0,1,0,1,1,0,1,0,0,0,5,0,0,0,0,0,0,0,0,0,5,0,0,0,0,0,0,0,0
885,L13452,RaftRequests$StoreCommandRequest,com.baidu.hugegraph.backend.store.raft.rpc.RaftRequests$StoreCommandRequest,L13306,L103,C:\Users\domco\Desktop\DP\repos\incubator-hugegraph\hugegraph-core\src\main\java\com\baidu\hugegraph\backend\store\raft\rpc\RaftRequests.java,311,3,876,4,0.147469,5,18,6,0.120141,0.148148,68,68,6,4,4,56,5,4,8,7,42,0.241379,0.0880282,25,25,7,22,0.130682,69,1,1,0,0,1,259,305,13,9,13,9,35,4,28,0,35,104,4,28,0,459,566,17,15,17,15,64,4,52,3,64,207,4,52,3,0,3,147,4,32,3,27,30,2,3,1,4,99,0,2,0,0,0,0,15,0
886,L13666,RaftRequests$StoreCommandResponse,com.baidu.hugegraph.backend.store.raft.rpc.RaftRequests$StoreCommandResponse,L13306,L103,C:\Users\domco\Desktop\DP\repos\incubator-hugegraph\hugegraph-core\src\main\java\com\baidu\hugegraph\backend\store\raft\rpc\RaftRequests.java,909,3,1436,4,0.422369,16,53,16,0.361742,0.433486,191,189,6,4,4,51,3,5,8,3,37,0.214286,0.0798479,21,21,6,22,0.117409,58,1,1,0,0,1,242,283,11,9,11,9,34,3,27,0,34,93,3,27,0,436,528,14,15,14,15,61,3,49,3,61,190,3,49,3,0,2,216,4,49,3,88,47,2,2,0,3,109,0,2,0,0,0,0,15,0
887,L13286,RaftRequests$CommonResponse,com.baidu.hugegraph.backend.store.raft.rpc.RaftRequests$CommonResponse,L13306,L103,C:\Users\domco\Desktop\DP\repos\incubator-hugegraph\hugegraph-core\src\main\java\com\baidu\hugegraph\backend\store\raft\rpc\RaftRequests.java,1469,3,1996,4,0.422369,16,53,16,0.361742,0.433486,191,189,6,4,4,51,3,11,25,3,37,0.214286,0.0798479,21,21,6,22,0.117409,58,1,1,0,0,1,242,283,11,9,11,9,34,3,27,0,34,93,3,27,0,436,528,14,15,14,15,61,3,49,3,61,190,3,49,3,0,2,216,4,49,3,88,47,2,2,0,3,109,0,2,0,0,0,0,15,0
888,L12913,RaftRequests$ListPeersRequest,com.baidu.hugegraph.backend.store.raft.rpc.RaftRequests$ListPeersRequest,L13306,L103,C:\Users\domco\Desktop\DP\repos\incubator-hugegraph\hugegraph-core\src\main\java\com\baidu\hugegraph\backend\store\raft\rpc\RaftRequests.java,2004,3,2305,4,0.0810811,2,6,2,0.0927152,0.106061,28,28,7,4,4,36,3,4,6,3,32,0.0434783,0.0229885,4,4,1,22,0.032967,9,1,1,0,0,1,170,192,6,6,6,6,29,1,22,0,29,56,1,22,0,264,302,6,9,6,9,46,1,34,0,46,93,1,34,0,0,0,134,4,21,2,20,19,2,2,0,0,99,1,2,0,0,1,0,11,0
889,L12919,RaftRequests$ListPeersResponse,com.baidu.hugegraph.backend.store.raft.rpc.RaftRequests$ListPeersResponse,L13306,L103,C:\Users\domco\Desktop\DP\repos\incubator-hugegraph\hugegraph-core\src\main\java\com\baidu\hugegraph\backend\store\raft\rpc\RaftRequests.java,2347,3,3013,4,0.246998,11,34,11,0.211394,0.253676,141,138,6,4,4,55,6,4,7,8,44,0.266667,0.0967742,27,27,8,22,0.139241,88,1,1,0,0,1,252,299,11,12,11,12,36,3,29,0,36,104,3,29,0,544,667,15,23,15,23,72,3,58,3,72,248,3,58,3,0,4,212,3,41,3,74,37,2,3,0,7,115,0,1,0,0,0,0,18,0
890,L12936,RaftRequests$SetLeaderRequest,com.baidu.hugegraph.backend.store.raft.rpc.RaftRequests$SetLeaderRequest,L13306,L103,C:\Users\domco\Desktop\DP\repos\incubator-hugegraph\hugegraph-core\src\main\java\com\baidu\hugegraph\backend\store\raft\rpc\RaftRequests.java,3036,3,3492,4,0.233351,9,24,9,0.229759,0.268734,105,104,6,4,4,46,3,4,8,3,35,0.153846,0.0595745,14,14,4,22,0.0894118,38,1,1,0,0,1,221,254,9,8,9,8,32,2,25,3,32,83,2,25,3,387,457,11,13,11,13,55,2,43,5,55,163,2,43,5,0,2,188,4,44,3,61,42,2,2,0,3,109,0,2,0,0,0,0,14,0
891,L12946,RaftRequests$SetLeaderResponse,com.baidu.hugegraph.backend.store.raft.rpc.RaftRequests$SetLeaderResponse,L13306,L103,C:\Users\domco\Desktop\DP\repos\incubator-hugegraph\hugegraph-core\src\main\java\com\baidu\hugegraph\backend\store\raft\rpc\RaftRequests.java,3514,3,4015,4,0.303541,11,34,11,0.280876,0.327014,141,138,6,4,4,46,6,4,6,8,40,0.153846,0.0619469,14,14,4,22,0.100213,47,1,1,0,0,1,212,245,9,8,9,8,32,2,25,3,32,80,2,25,3,422,502,12,15,12,15,58,2,45,5,58,178,2,45,5,0,1,202,3,28,3,74,26,2,2,0,2,109,0,1,0,0,0,0,15,0
892,L13333,RaftRequests$StoreType$1,com.baidu.hugegraph.backend.store.raft.rpc.RaftRequests$StoreType$1,L12661,L103,C:\Users\domco\Desktop\DP\repos\incubator-hugegraph\hugegraph-core\src\main\java\com\baidu\hugegraph\backend\store\raft\rpc\RaftRequests.java,71,69,75,12,0.0,0,0,0,0.0,0.0,0,0,1,0,0,1,1,0,0,0,1,0.0,0.0,0,0,0,2,0.0,0,0,0,0,0,0,5,5,0,0,0,0,1,0,1,0,1,1,0,1,0,5,5,0,0,0,0,1,0,1,0,1,1,0,1,0,0,0,5,0,0,0,0,0,0,0,0,0,5,0,0,0,0,0,0,0,0
893,L13412,RaftRequests$StoreAction$1,com.baidu.hugegraph.backend.store.raft.rpc.RaftRequests$StoreAction$1,L12657,L103,C:\Users\domco\Desktop\DP\repos\incubator-hugegraph\hugegraph-core\src\main\java\com\baidu\hugegraph\backend\store\raft\rpc\RaftRequests.java,234,71,238,12,0.0,0,0,0,0.0,0.0,0,0,1,0,0,1,1,0,0,0,1,0.0,0.0,0,0,0,2,0.0,0,0,0,0,0,0,5,5,0,0,0,0,1,0,1,0,1,1,0,1,0,5,5,0,0,0,0,1,0,1,0,1,1,0,1,0,0,0,5,0,0,0,0,0,0,0,0,0,5,0,0,0,0,0,0,0,0
894,L13493,RaftRequests$StoreCommandRequest$1,com.baidu.hugegraph.backend.store.raft.rpc.RaftRequests$StoreCommandRequest$1,L13452,L103,C:\Users\domco\Desktop\DP\repos\incubator-hugegraph\hugegraph-core\src\main\java\com\baidu\hugegraph\backend\store\raft\rpc\RaftRequests.java,411,71,418,6,0.0,0,0,0,0.0,0.0,0,0,1,0,0,1,1,0,0,1,2,0.0,0.0,0,0,0,2,0.0,0,0,0,0,0,0,8,8,0,0,0,0,1,0,1,0,1,1,0,1,0,8,8,0,0,0,0,1,0,1,0,1,1,0,1,0,0,0,5,0,0,0,0,0,0,0,0,0,5,0,0,0,0,0,0,0,0
895,L13489,RaftRequests$StoreCommandRequest$Builder,com.baidu.hugegraph.backend.store.raft.rpc.RaftRequests$StoreCommandRequest$Builder,L13452,L103,C:\Users\domco\Desktop\DP\repos\incubator-hugegraph\hugegraph-core\src\main\java\com\baidu\hugegraph\backend\store\raft\rpc\RaftRequests.java,614,5,868,6,0.179078,3,9,3,0.137255,0.180412,35,35,2,2,2,46,5,2,4,10,38,0.541667,0.184874,44,43,13,11,0.184874,44,1,1,0,0,1,194,255,4,6,4,6,28,0,23,3,28,102,0,23,3,194,255,4,6,4,6,28,0,23,3,28,102,0,23,3,0,3,56,2,8,0,18,7,1,0,1,4,33,0,2,0,0,0,0,3,0
896,L13705,RaftRequests$StoreCommandResponse$1,com.baidu.hugegraph.backend.store.raft.rpc.RaftRequests$StoreCommandResponse$1,L13666,L103,C:\Users\domco\Desktop\DP\repos\incubator-hugegraph\hugegraph-core\src\main\java\com\baidu\hugegraph\backend\store\raft\rpc\RaftRequests.java,992,72,999,6,0.0,0,0,0,0.0,0.0,0,0,1,0,0,1,1,0,0,1,2,0.0,0.0,0,0,0,2,0.0,0,0,0,0,0,0,8,8,0,0,0,0,1,0,1,0,1,1,0,1,0,8,8,0,0,0,0,1,0,1,0,1,1,0,1,0,0,0,5,0,0,0,0,0,0,0,0,0,5,0,0,0,0,0,0,0,0
897,L13701,RaftRequests$StoreCommandResponse$Builder,com.baidu.hugegraph.backend.store.raft.rpc.RaftRequests$StoreCommandResponse$Builder,L13666,L103,C:\Users\domco\Desktop\DP\repos\incubator-hugegraph\hugegraph-core\src\main\java\com\baidu\hugegraph\backend\store\raft\rpc\RaftRequests.java,1190,5,1428,6,0.448203,8,22,8,0.334728,0.425532,80,80,2,2,2,41,3,2,4,8,34,0.5,0.164444,37,36,11,11,0.164444,37,1,1,0,0,1,188,239,3,6,3,6,26,0,21,3,26,96,0,21,3,188,239,3,6,3,6,26,0,21,3,26,96,0,21,3,0,2,86,2,17,0,43,16,1,0,0,3,39,0,2,0,0,0,0,3,0
898,L13892,RaftRequests$CommonResponse$1,com.baidu.hugegraph.backend.store.raft.rpc.RaftRequests$CommonResponse$1,L13286,L103,C:\Users\domco\Desktop\DP\repos\incubator-hugegraph\hugegraph-core\src\main\java\com\baidu\hugegraph\backend\store\raft\rpc\RaftRequests.java,1552,66,1559,6,0.0,0,0,0,0.0,0.0,0,0,1,0,0,1,1,0,0,1,2,0.0,0.0,0,0,0,2,0.0,0,0,0,0,0,0,8,8,0,0,0,0,1,0,1,0,1,1,0,1,0,8,8,0,0,0,0,1,0,1,0,1,1,0,1,0,0,0,5,0,0,0,0,0,0,0,0,0,5,0,0,0,0,0,0,0,0
899,L13888,RaftRequests$CommonResponse$Builder,com.baidu.hugegraph.backend.store.raft.rpc.RaftRequests$CommonResponse$Builder,L13286,L103,C:\Users\domco\Desktop\DP\repos\incubator-hugegraph\hugegraph-core\src\main\java\com\baidu\hugegraph\backend\store\raft\rpc\RaftRequests.java,1750,5,1988,6,0.448203,8,22,8,0.334728,0.425532,80,80,2,2,2,41,3,7,11,8,34,0.5,0.164444,37,36,11,11,0.164444,37,1,1,0,0,1,188,239,3,6,3,6,26,0,21,3,26,96,0,21,3,188,239,3,6,3,6,26,0,21,3,26,96,0,21,3,0,2,86,2,17,0,43,16,1,0,0,3,39,0,2,0,0,0,0,3,0
900,L14054,RaftRequests$ListPeersRequest$1,com.baidu.hugegraph.backend.store.raft.rpc.RaftRequests$ListPeersRequest$1,L12913,L103,C:\Users\domco\Desktop\DP\repos\incubator-hugegraph\hugegraph-core\src\main\java\com\baidu\hugegraph\backend\store\raft\rpc\RaftRequests.java,2076,68,2083,6,0.0,0,0,0,0.0,0.0,0,0,1,0,0,1,1,0,0,1,2,0.0,0.0,0,0,0,2,0.0,0,0,0,0,0,0,8,8,0,0,0,0,1,0,1,0,1,1,0,1,0,8,8,0,0,0,0,1,0,1,0,1,1,0,1,0,0,0,5,0,0,0,0,0,0,0,0,0,5,0,0,0,0,0,0,0,0
901,L14050,RaftRequests$ListPeersRequest$Builder,com.baidu.hugegraph.backend.store.raft.rpc.RaftRequests$ListPeersRequest$Builder,L12913,L103,C:\Users\domco\Desktop\DP\repos\incubator-hugegraph\hugegraph-core\src\main\java\com\baidu\hugegraph\backend\store\raft\rpc\RaftRequests.java,2194,5,2297,6,0.158273,1,3,1,0.163462,0.193182,17,17,5,2,2,22,3,1,3,4,20,0.0833333,0.0537634,5,4,1,11,0.0537634,5,1,1,0,0,1,88,104,0,3,0,3,16,0,11,0,16,36,0,11,0,88,104,0,3,0,3,16,0,11,0,16,36,0,11,0,0,0,46,2,3,0,12,3,1,0,0,0,33,0,2,0,0,0,0,0,0
902,L14195,RaftRequests$ListPeersResponse$1,com.baidu.hugegraph.backend.store.raft.rpc.RaftRequests$ListPeersResponse$1,L12919,L103,C:\Users\domco\Desktop\DP\repos\incubator-hugegraph\hugegraph-core\src\main\java\com\baidu\hugegraph\backend\store\raft\rpc\RaftRequests.java,2444,69,2451,6,0.0,0,0,0,0.0,0.0,0,0,1,0,0,1,1,0,0,1,2,0.0,0.0,0,0,0,2,0.0,0,0,0,0,0,0,8,8,0,0,0,0,1,0,1,0,1,1,0,1,0,8,8,0,0,0,0,1,0,1,0,1,1,0,1,0,0,0,5,0,0,0,0,0,0,0,0,0,5,0,0,0,0,0,0,0,0
903,L14191,RaftRequests$ListPeersResponse$Builder,com.baidu.hugegraph.backend.store.raft.rpc.RaftRequests$ListPeersResponse$Builder,L12919,L103,C:\Users\domco\Desktop\DP\repos\incubator-hugegraph\hugegraph-core\src\main\java\com\baidu\hugegraph\backend\store\raft\rpc\RaftRequests.java,2644,5,3005,6,0.34799,8,21,8,0.281768,0.34965,102,100,2,2,2,64,6,2,4,12,47,0.62069,0.175793,61,60,18,11,0.175793,61,1,1,0,0,1,286,362,4,11,4,11,35,0,28,3,35,143,0,28,3,286,362,4,11,4,11,35,0,28,3,35,143,0,28,3,0,4,111,1,16,0,55,14,1,0,0,6,49,0,1,0,0,0,0,6,0
904,L14409,RaftRequests$SetLeaderRequest$1,com.baidu.hugegraph.backend.store.raft.rpc.RaftRequests$SetLeaderRequest$1,L12936,L103,C:\Users\domco\Desktop\DP\repos\incubator-hugegraph\hugegraph-core\src\main\java\com\baidu\hugegraph\backend\store\raft\rpc\RaftRequests.java,3114,68,3121,6,0.0,0,0,0,0.0,0.0,0,0,1,0,0,1,1,0,0,1,2,0.0,0.0,0,0,0,2,0.0,0,0,0,0,0,0,8,8,0,0,0,0,1,0,1,0,1,1,0,1,0,8,8,0,0,0,0,1,0,1,0,1,1,0,1,0,0,0,5,0,0,0,0,0,0,0,0,0,5,0,0,0,0,0,0,0,0
905,L14405,RaftRequests$SetLeaderRequest$Builder,com.baidu.hugegraph.backend.store.raft.rpc.RaftRequests$SetLeaderRequest$Builder,L12936,L103,C:\Users\domco\Desktop\DP\repos\incubator-hugegraph\hugegraph-core\src\main\java\com\baidu\hugegraph\backend\store\raft\rpc\RaftRequests.java,3288,5,3484,6,0.280142,4,9,4,0.258883,0.31875,51,51,2,2,2,35,3,2,4,6,28,0.388889,0.130435,24,23,7,11,0.130435,24,1,1,0,0,1,160,197,2,5,2,5,22,0,17,2,22,79,0,17,2,160,197,2,5,2,5,22,0,17,2,22,79,0,17,2,0,2,72,2,15,0,30,14,1,0,0,3,39,0,2,0,0,0,0,2,0
906,L14564,RaftRequests$SetLeaderResponse$1,com.baidu.hugegraph.backend.store.raft.rpc.RaftRequests$SetLeaderResponse$1,L12946,L103,C:\Users\domco\Desktop\DP\repos\incubator-hugegraph\hugegraph-core\src\main\java\com\baidu\hugegraph\backend\store\raft\rpc\RaftRequests.java,3600,69,3607,6,0.0,0,0,0,0.0,0.0,0,0,1,0,0,1,1,0,0,1,2,0.0,0.0,0,0,0,2,0.0,0,0,0,0,0,0,8,8,0,0,0,0,1,0,1,0,1,1,0,1,0,8,8,0,0,0,0,1,0,1,0,1,1,0,1,0,0,0,5,0,0,0,0,0,0,0,0,0,5,0,0,0,0,0,0,0,0
907,L14560,RaftRequests$SetLeaderResponse$Builder,com.baidu.hugegraph.backend.store.raft.rpc.RaftRequests$SetLeaderResponse$Builder,L12946,L103,C:\Users\domco\Desktop\DP\repos\incubator-hugegraph\hugegraph-core\src\main\java\com\baidu\hugegraph\backend\store\raft\rpc\RaftRequests.java,3757,5,4007,6,0.440032,8,21,8,0.406375,0.490196,102,100,2,2,2,47,6,2,4,12,37,0.45,0.139241,33,32,9,11,0.139241,33,1,1,0,0,1,204,251,3,7,3,7,25,0,19,2,25,97,0,19,2,204,251,3,7,3,7,25,0,19,2,25,97,0,19,2,0,1,102,1,8,0,55,7,1,0,0,2,43,0,1,0,0,0,0,3,0
908,L14711,RpcForwarder$1,com.baidu.hugegraph.backend.store.raft.rpc.RpcForwarder$1,L13046,L103,C:\Users\domco\Desktop\DP\repos\incubator-hugegraph\hugegraph-core\src\main\java\com\baidu\hugegraph\backend\store\raft\rpc\RpcForwarder.java,78,74,101,10,0.0,0,0,0,0.0,0.0,0,0,1,1,1,3,4,0,0,6,8,0.0,0.0,0,0,0,3,0.0,0,0,0,0,0,0,23,24,0,0,0,0,2,0,2,1,2,8,0,2,1,23,24,0,0,0,0,2,0,2,1,2,8,0,2,1,0,0,7,0,0,0,0,0,0,0,0,0,7,0,0,0,0,0,0,0,0
909,L14724,RpcForwarder$2,com.baidu.hugegraph.backend.store.raft.rpc.RpcForwarder$2,L12965,L103,C:\Users\domco\Desktop\DP\repos\incubator-hugegraph\hugegraph-core\src\main\java\com\baidu\hugegraph\backend\store\raft\rpc\RpcForwarder.java,115,77,144,10,0.0,0,0,0,0.0,0.0,0,0,1,1,1,4,3,0,0,6,8,0.0,0.0,0,0,0,3,0.0,0,0,0,0,0,0,29,30,0,0,0,0,2,0,2,1,2,10,0,2,1,29,30,0,0,0,0,2,0,2,1,2,10,0,2,1,0,0,7,0,0,0,0,0,0,0,0,0,7,0,0,0,0,0,0,0,0
910,L36140,CompressUtilTest$1,com.baidu.hugegraph.unit.util.CompressUtilTest$1,L36129,L103,C:\Users\domco\Desktop\DP\repos\incubator-hugegraph\hugegraph-test\src\main\java\com\baidu\hugegraph\unit\util\CompressUtilTest.java,112,69,132,10,0.0,0,0,0,0.0,0.0,0,0,1,1,1,2,0,0,0,0,1,0.0,0.105263,2,0,0,2,0.105263,2,0,0,0,0,0,17,21,0,0,0,0,1,0,1,0,1,8,0,1,0,17,21,0,0,0,0,1,0,1,0,1,8,0,1,0,0,0,5,0,0,0,0,0,0,0,0,0,5,0,0,0,0,0,0,0,0
911,L36173,JsonUtilTest$1,com.baidu.hugegraph.unit.util.JsonUtilTest$1,L36172,L103,C:\Users\domco\Desktop\DP\repos\incubator-hugegraph\hugegraph-test\src\main\java\com\baidu\hugegraph\unit\util\JsonUtilTest.java,302,71,302,73,0.0,0,0,0,0.0,0.0,0,0,0,0,0,0,0,0,0,0,0,0.0,0.0,0,0,0,1,0.0,0,0,0,0,0,0,1,1,0,0,0,0,0,0,0,0,0,0,0,0,0,1,1,0,0,0,0,0,0,0,0,0,0,0,0,0,0,0,3,0,0,0,0,0,0,0,0,0,3,0,0,0,0,0,0,0,0
912,L36204,Clauses,com.datastax.driver.core.querybuilder.Clauses,L36198,L103,C:\Users\domco\Desktop\DP\repos\incubator-hugegraph\hugegraph-cassandra\src\main\java\com\datastax\driver\core\querybuilder\Clauses.java,28,1,90,2,0.0,0,0,0,0.0,0.0,0,0,2,0,0,3,1,1,3,1,3,0.0,0.0,0,0,0,3,0.0754717,4,0,0,0,0,0,9,13,0,0,0,0,2,0,2,0,2,2,0,2,0,49,63,3,0,3,0,8,0,4,0,13,16,0,5,0,0,0,25,0,10,0,0,4,2,0,0,4,23,0,0,0,0,2,0,0,0
913,L36214,Clauses$BinClause,com.datastax.driver.core.querybuilder.Clauses$BinClause,L36204,L103,C:\Users\domco\Desktop\DP\repos\incubator-hugegraph\hugegraph-cassandra\src\main\java\com\datastax\driver\core\querybuilder\Clauses.java,39,5,83,6,0.0,0,0,0,0.0,0.0,0,0,3,1,1,7,0,1,1,0,5,0.0,0.102564,4,0,0,2,0.102564,4,0,0,1,1,0,35,45,3,0,3,0,5,0,1,0,5,13,0,1,0,35,45,3,0,3,0,5,0,1,0,5,13,0,1,0,0,0,12,0,10,0,0,4,1,0,0,4,11,0,0,0,0,2,0,0,0
914,L36207,Clauses$AndClause,com.datastax.driver.core.querybuilder.Clauses$AndClause,L36204,L103,C:\Users\domco\Desktop\DP\repos\incubator-hugegraph\hugegraph-cassandra\src\main\java\com\datastax\driver\core\querybuilder\Clauses.java,85,5,89,6,0.0,0,0,0,0.0,0.0,0,0,0,0,0,1,1,1,1,1,2,0.0,0.0,0,0,0,2,0.0,0,1,1,0,0,1,5,5,3,0,0,0,1,0,1,0,6,1,0,2,0,5,5,3,0,0,0,1,0,1,0,6,1,0,2,0,0,0,5,0,0,0,0,0,0,0,0,0,5,0,0,0,0,0,0,0,0
