,ID,Name,LongName,Parent,Component,Path,Line,Column,EndLine,EndColumn,CC,CCL,CCO,CI,CLC,CLLC,LDC,LLDC,LCOM5,NL,NLE,WMC,CBO,CBOI,NII,NOI,RFC,AD,CD,CLOC,DLOC,PDA,PUA,TCD,TCLOC,DIT,NOA,NOC,NOD,NOP,LLOC,LOC,NA,NG,NLA,NLG,NLM,NLPA,NLPM,NLS,NM,NOS,NPA,NPM,NS,TLLOC,TLOC,TNA,TNG,TNLA,TNLG,TNLM,TNLPA,TNLPM,TNLS,TNM,TNOS,TNPA,TNPM,TNS,WarningBlocker,WarningCritical,WarningInfo,WarningMajor,WarningMinor,Best Practice Rules,Clone Metric Rules,Code Style Rules,Cohesion Metric Rules,Complexity Metric Rules,Coupling Metric Rules,Design Rules,Documentation Metric Rules,Documentation Rules,Error Prone Rules,Inheritance Metric Rules,Multithreading Rules,Performance Rules,Security Rules,Size Metric Rules,isDefective
0,L179,ClientLauncher,mindustry.ClientLauncher,L104,L103,C:\Users\domco\Desktop\DP\repos\Mindustry\core\src\mindustry\ClientLauncher.java,27,1,224,2,0.0,0,0,0,0.0,0.0,0,0,2,3,3,27,23,5,0,22,30,0.0,0.06,9,0,0,9,0.06,9,1,1,3,3,1,141,198,5,4,5,0,8,0,8,0,29,95,0,29,0,141,198,5,4,5,0,8,0,8,0,29,95,0,29,0,0,0,22,0,0,0,0,0,1,0,2,0,19,0,0,0,0,0,0,0,0
1,L3849,Vars,mindustry.Vars,L104,L103,C:\Users\domco\Desktop\DP\repos\Mindustry\core\src\mindustry\Vars.java,37,1,463,2,0.0,0,0,0,0.0,0.0,0,0,2,3,3,30,35,358,6,15,22,0.25,0.2493,89,82,2,6,0.2493,89,0,0,0,0,0,268,427,109,0,109,0,7,109,7,0,7,113,109,7,0,268,427,109,4,109,0,7,109,7,0,28,113,109,28,0,0,3,31,6,20,6,0,10,1,0,2,1,20,0,1,0,2,9,0,8,0
2,L40964,ApplicationTests,ApplicationTests,L40954,L103,C:\Users\domco\Desktop\DP\repos\Mindustry\tests\src\test\java\ApplicationTests.java,40,1,955,2,0.133193,3,7,7,0.0633188,0.0771513,58,52,17,4,4,93,32,2,1,52,95,0.0,0.0232919,15,1,0,3,0.024602,17,0,0,0,0,0,629,853,3,0,3,0,43,0,2,0,43,520,0,2,0,674,916,209,12,3,1,46,0,5,0,205,545,196,160,5,0,3,166,8,95,42,25,56,2,5,7,2,105,0,6,0,0,0,0,22,0
3,L41056,GenericModTest,GenericModTest,L40954,L103,C:\Users\domco\Desktop\DP\repos\Mindustry\tests\src\test\java\GenericModTest.java,10,1,32,2,0.0,0,0,0,0.0,0.0,0,0,2,0,0,2,3,3,3,2,4,0.0,0.133333,2,1,0,1,0.133333,2,0,0,3,3,0,13,23,0,0,0,0,2,0,0,0,2,6,0,0,0,13,23,0,0,0,0,2,0,0,0,2,6,0,0,0,0,0,6,0,5,0,0,5,1,0,0,0,5,0,0,0,0,0,0,0,0
4,L41063,ModTestBM,ModTestBM,L40954,L103,C:\Users\domco\Desktop\DP\repos\Mindustry\tests\src\test\java\ModTestBM.java,15,1,39,2,0.0,0,0,0,0.0,0.0,0,0,1,0,0,1,8,0,0,7,8,0.5,0.304348,7,6,1,1,0.304348,7,1,1,0,0,1,16,25,0,0,0,0,1,0,1,0,3,11,0,1,0,16,25,0,0,0,0,1,0,1,0,3,11,0,1,0,0,1,3,0,2,2,0,1,0,0,0,0,3,0,0,0,0,0,0,0,0
5,L41077,ModTestExotic,ModTestExotic,L40954,L103,C:\Users\domco\Desktop\DP\repos\Mindustry\tests\src\test\java\ModTestExotic.java,16,1,41,2,0.980952,1,1,1,0.846154,0.875,22,14,1,0,0,1,6,0,0,6,7,0.5,0.333333,8,6,1,1,0.333333,8,1,1,0,0,1,16,26,0,0,0,0,1,0,1,0,3,11,0,1,0,16,26,0,0,0,0,1,0,1,0,3,11,0,1,0,0,1,15,0,2,2,12,1,0,0,0,0,3,0,0,0,0,0,0,0,0
6,L41087,ModTestHAI,ModTestHAI,L40954,L103,C:\Users\domco\Desktop\DP\repos\Mindustry\tests\src\test\java\ModTestHAI.java,15,1,40,2,0.980952,1,1,1,0.846154,0.875,22,14,1,0,0,1,6,0,0,6,7,0.5,0.304348,7,5,1,1,0.304348,7,1,1,0,0,1,16,26,0,0,0,0,1,0,1,0,3,11,0,1,0,16,26,0,0,0,0,1,0,1,0,3,11,0,1,0,0,1,15,0,2,2,12,1,0,0,0,0,3,0,0,0,0,0,0,0,0
7,L41102,DirectConsumerTests,power.DirectConsumerTests,L41095,L103,C:\Users\domco\Desktop\DP\repos\Mindustry\tests\src\test\java\power\DirectConsumerTests.java,14,1,55,2,0.0,0,0,0,0.0,0.0,0,0,1,0,0,4,7,0,0,6,10,1.0,0.0322581,1,1,1,0,0.0285714,1,1,1,0,0,1,30,38,0,0,0,0,4,0,0,0,9,16,0,0,0,34,42,152,8,0,0,4,0,0,0,122,16,145,111,4,0,1,25,0,4,0,0,4,0,0,0,0,13,0,1,0,0,0,0,12,0
8,L41129,FakeGraphics,power.FakeGraphics,L41095,L103,C:\Users\domco\Desktop\DP\repos\Mindustry\tests\src\test\java\power\FakeGraphics.java,8,1,215,2,0.0,0,0,0,0.0,0.0,0,0,7,0,0,41,0,2,0,0,41,0.0,0.0,0,0,0,40,0.0,0,0,0,0,0,0,157,208,1,23,1,23,41,0,39,11,41,31,0,39,11,157,208,1,23,1,23,41,0,39,11,41,31,0,39,11,0,0,95,0,11,0,0,1,1,0,0,0,85,10,0,0,0,0,0,9,0
9,L41192,ItemLiquidGeneratorTests,power.ItemLiquidGeneratorTests,L41095,L103,C:\Users\domco\Desktop\DP\repos\Mindustry\tests\src\test\java\power\ItemLiquidGeneratorTests.java,26,1,186,2,0.0,0,0,0,0.0,0.0,0,0,3,1,1,14,12,0,0,2,10,0.5,0.162602,20,11,1,1,0.140845,20,1,1,0,0,1,103,140,5,0,5,0,8,0,1,0,13,63,0,1,0,122,161,164,12,8,2,10,3,3,0,135,65,152,118,7,0,2,50,5,11,2,0,7,1,0,1,5,29,0,4,2,0,0,0,17,0
10,L41104,PowerTestFixture,power.PowerTestFixture,L41095,L103,C:\Users\domco\Desktop\DP\repos\Mindustry\tests\src\test\java\power\PowerTestFixture.java,24,1,116,2,0.0,0,0,0,0.0,0.0,0,0,5,2,2,10,14,4,5,6,11,1.0,0.267606,19,13,1,0,0.235294,20,0,0,3,3,0,52,78,0,0,0,0,5,0,0,0,5,28,0,0,0,65,93,173,45,0,1,7,0,2,0,407,29,144,394,13,0,3,67,2,7,0,0,6,1,0,1,2,28,1,3,4,0,0,0,33,0
11,L41302,PowerTests,power.PowerTests,L41095,L103,C:\Users\domco\Desktop\DP\repos\Mindustry\tests\src\test\java\power\PowerTests.java,24,1,144,2,0.0,0,0,0,0.0,0.0,0,0,1,0,0,1,4,0,0,0,1,1.0,0.5,7,7,1,0,0.198198,22,1,1,0,0,1,7,9,0,0,0,0,1,0,0,0,6,2,0,0,0,89,121,0,0,0,0,6,0,0,0,11,46,0,0,0,0,0,14,0,7,1,0,6,1,0,0,0,12,0,0,0,0,0,0,1,0
12,L128,AndroidLauncher,mindustry.android.AndroidLauncher,L117,L103,C:\Users\domco\Desktop\DP\repos\Mindustry\android\src\mindustry\android\AndroidLauncher.java,30,1,319,2,0.0,0,0,0,0.0,0.0,0,0,4,4,4,28,3,1,0,0,5,0.0,0.0916667,11,0,0,3,0.07,14,0,0,0,0,0,109,166,6,0,6,0,5,1,2,0,5,64,1,2,0,186,290,11,4,6,1,15,1,10,0,35,96,1,31,0,0,8,54,8,10,7,0,9,2,3,0,2,42,1,6,0,0,1,0,7,0
13,L356,AndroidRhinoContext,mindustry.android.AndroidRhinoContext,L117,L103,C:\Users\domco\Desktop\DP\repos\Mindustry\android\src\mindustry\android\AndroidRhinoContext.java,27,1,208,2,0.0,0,0,0,0.0,0.0,0,0,1,2,1,3,1,1,1,1,2,1.0,0.391304,9,9,2,0,0.17284,28,0,0,0,0,0,14,35,0,0,0,0,1,0,1,0,1,8,0,1,0,134,182,4,3,4,3,19,0,9,0,27,59,0,17,0,0,1,44,4,2,2,0,1,2,0,0,1,42,1,1,0,0,1,0,0,0
14,L475,GPGameService,mindustry.android.GPGameService,L117,L103,C:\Users\domco\Desktop\DP\repos\Mindustry\android\srcgp\mindustry\android\GPGameService.java,9,1,40,2,0.0,0,0,0,0.0,0.0,0,0,1,1,1,2,1,0,0,0,1,0.0,0.0,0,0,0,2,0.0,0,1,1,0,0,1,18,32,5,1,1,0,1,0,1,0,13,7,0,8,1,18,32,5,1,1,0,1,0,1,0,13,7,0,8,1,0,0,5,1,0,1,0,0,0,0,0,0,5,0,0,0,0,0,0,0,0
15,L495,Annotations,mindustry.annotations.Annotations,L486,L103,C:\Users\domco\Desktop\DP\repos\Mindustry\annotations\src\main\java\mindustry\annotations\Annotations.java,5,1,258,2,0.0,0,0,0,0.0,0.0,0,0,0,0,0,0,0,0,0,0,0,0.0,0.0,0,0,0,1,0.338028,72,0,0,0,0,0,2,60,0,0,0,0,0,0,0,0,0,0,0,0,0,141,254,14,0,14,0,28,14,0,0,28,4,14,0,0,0,0,67,0,1,1,0,0,0,0,0,0,51,0,0,0,0,0,0,16,0
16,L688,BaseProcessor,mindustry.annotations.BaseProcessor,L486,L103,C:\Users\domco\Desktop\DP\repos\Mindustry\annotations\src\main\java\mindustry\annotations\BaseProcessor.java,22,1,233,2,0.0,0,0,0,0.0,0.0,0,0,6,4,4,60,4,13,14,0,23,0.0416667,0.0168539,3,2,1,23,0.0168539,3,0,0,6,6,0,175,212,10,4,10,4,23,6,23,0,23,78,6,23,0,175,212,10,4,10,4,23,6,23,0,23,78,6,23,0,0,8,60,7,6,8,0,3,1,2,0,5,49,1,2,0,1,1,0,8,0
17,L1931,Astar,mindustry.ai.Astar,L1923,L103,C:\Users\domco\Desktop\DP\repos\Mindustry\core\src\mindustry\ai\Astar.java,13,1,104,2,0.0,0,0,0,0.0,0.0,0,0,1,5,5,16,6,5,5,6,9,0.0,0.0,0,0,0,4,0.0,0,0,0,0,0,0,64,82,5,0,5,0,3,1,3,0,3,44,1,3,0,73,92,5,0,5,0,6,1,6,0,6,45,1,6,0,0,2,30,0,2,1,0,1,0,3,0,0,21,0,0,0,2,0,0,6,0
18,L2014,BaseAI,mindustry.ai.BaseAI,L1923,L103,C:\Users\domco\Desktop\DP\repos\Mindustry\core\src\mindustry\ai\BaseAI.java,27,1,316,2,0.0,0,0,0,0.0,0.0,0,0,1,6,6,79,34,2,2,28,33,0.0,0.0854701,20,1,0,3,0.0854701,20,0,0,0,0,0,214,290,27,0,27,0,5,0,2,0,5,157,0,2,0,214,290,27,0,27,0,5,0,2,0,5,157,0,2,0,0,0,30,0,0,0,0,0,0,9,2,0,13,0,0,0,0,0,0,6,0
19,L2259,BaseRegistry,mindustry.ai.BaseRegistry,L1923,L103,C:\Users\domco\Desktop\DP\repos\Mindustry\core\src\mindustry\ai\BaseRegistry.java,22,1,137,2,0.0,0,0,0,0.0,0.0,0,0,1,5,5,23,16,6,3,5,7,0.0,0.0897436,7,2,0,3,0.0957447,9,0,0,0,0,0,71,95,5,0,5,0,2,5,2,0,2,48,5,2,0,85,116,11,0,11,0,4,11,4,0,4,50,11,4,0,0,0,28,1,3,1,0,2,0,3,1,1,14,0,0,0,0,0,0,10,0
20,L2329,BlockIndexer,mindustry.ai.BlockIndexer,L1923,L103,C:\Users\domco\Desktop\DP\repos\Mindustry\core\src\mindustry\ai\BlockIndexer.java,23,1,470,2,0.0169988,2,2,2,0.111607,0.0302013,50,9,1,5,5,96,17,18,25,17,39,0.4,0.11039,34,17,8,12,0.10241,34,0,0,0,0,0,274,419,13,4,13,4,22,0,19,0,22,192,0,19,0,298,448,15,4,15,4,27,0,24,0,27,199,0,24,0,0,0,72,0,19,1,8,14,0,4,2,3,52,0,0,0,0,1,0,6,0
21,L2100,Pathfinder,mindustry.ai.Pathfinder,L1923,L103,C:\Users\domco\Desktop\DP\repos\Mindustry\core\src\mindustry\ai\Pathfinder.java,22,1,505,2,0.0168213,2,2,2,0.0619835,0.0231788,30,7,2,4,4,83,16,11,4,19,33,0.5,0.175,49,23,3,3,0.203166,77,0,0,0,0,0,231,383,18,2,18,2,14,7,5,0,14,154,7,5,0,302,484,40,7,40,7,22,10,8,0,28,169,10,7,0,0,0,94,2,42,7,8,36,2,6,1,0,53,0,1,0,0,0,0,24,0
22,L3379,WaveSpawner,mindustry.ai.WaveSpawner,L1923,L103,C:\Users\domco\Desktop\DP\repos\Mindustry\core\src\mindustry\ai\WaveSpawner.java,21,1,222,2,0.0,0,0,0,0.0,0.0,0,0,4,4,4,45,21,13,16,19,35,0.0769231,0.0283688,4,1,1,12,0.0277778,4,0,0,0,0,0,137,199,8,2,8,2,16,0,12,0,16,80,0,12,0,140,202,8,2,8,2,17,0,13,0,17,80,0,13,0,0,0,45,0,13,2,0,6,1,3,2,1,38,0,1,0,0,3,0,1,0
23,L3493,AsyncCore,mindustry.async.AsyncCore,L3488,L103,C:\Users\domco\Desktop\DP\repos\Mindustry\core\src\mindustry\async\AsyncCore.java,12,1,91,2,0.0,0,0,0,0.0,0.0,0,0,1,3,3,13,5,4,4,4,8,0.0,0.142857,8,2,0,4,0.142857,8,0,0,0,0,0,48,80,3,0,3,0,4,1,3,0,4,20,1,3,0,48,80,3,0,3,0,4,1,3,0,4,20,1,3,0,0,0,15,2,0,0,0,0,0,0,0,1,11,0,1,0,0,0,0,4,0
24,L3499,PhysicsProcess,mindustry.async.PhysicsProcess,L3488,L103,C:\Users\domco\Desktop\DP\repos\Mindustry\core\src\mindustry\async\PhysicsProcess.java,12,1,208,2,0.0,0,0,0,0.0,0.0,0,0,1,2,2,18,8,1,0,6,11,0.0,0.106667,8,1,0,6,0.0794702,12,1,1,0,0,1,67,103,7,0,7,0,5,0,5,0,6,38,0,6,0,139,197,24,0,24,0,11,11,11,0,12,85,11,12,0,0,0,53,0,14,4,0,6,0,2,0,2,34,0,0,0,0,2,0,17,0
25,L3640,SoundControl,mindustry.audio.SoundControl,L3636,L103,C:\Users\domco\Desktop\DP\repos\Mindustry\core\src\mindustry\audio\SoundControl.java,19,1,318,2,0.018664,1,1,1,0.0466667,0.0208333,14,4,1,5,3,51,8,7,8,3,17,0.428571,0.159817,35,11,3,4,0.154185,35,0,0,0,0,0,184,291,17,0,17,0,14,3,6,0,14,115,3,6,0,192,300,22,0,22,0,14,3,6,0,14,115,3,6,0,0,2,47,0,12,1,7,10,0,2,0,1,31,0,2,0,0,0,0,7,0
26,L3759,SoundLoop,mindustry.audio.SoundLoop,L3636,L103,C:\Users\domco\Desktop\DP\repos\Mindustry\core\src\mindustry\audio\SoundLoop.java,9,1,52,2,0.0,0,0,0,0.0,0.0,0,0,1,3,3,9,0,4,5,0,3,0.25,0.0512821,2,1,1,3,0.0512821,2,0,0,0,0,0,37,44,5,0,5,0,3,0,3,0,3,19,0,3,0,37,44,5,0,5,0,3,0,3,0,3,19,0,3,0,0,0,9,0,2,1,0,1,0,0,0,0,9,0,0,0,0,0,0,0,0
27,L3954,Blocks,mindustry.content.Blocks,L3940,L103,C:\Users\domco\Desktop\DP\repos\Mindustry\core\src\mindustry\content\Blocks.java,35,1,2291,2,0.0519437,3,6,6,0.046965,0.0523446,106,96,1,1,1,2,99,68,0,14,15,0.0,0.102004,56,1,0,2,0.0296296,56,1,1,0,0,1,493,813,237,0,237,0,1,237,1,0,1,250,237,1,0,1834,2257,892,1683,237,0,1,237,1,0,23823,250,853,23159,848,0,211,2536,0,25,2,79,23,0,0,2,0,617,0,211,186,0,0,0,1652,0
28,L6874,Bullets,mindustry.content.Bullets,L3940,L103,C:\Users\domco\Desktop\DP\repos\Mindustry\core\src\mindustry\content\Bullets.java,9,1,480,2,0.223425,2,5,5,0.20339,0.234719,96,96,1,0,0,1,9,4,0,2,3,0.0,0.0882353,9,0,0,2,0.0215311,9,1,1,0,0,1,93,150,40,0,40,0,1,40,1,0,1,41,40,1,0,409,472,155,38,40,0,1,40,1,0,1683,41,155,1683,0,0,38,351,2,1,1,50,0,0,0,0,0,119,0,40,0,0,0,0,182,0
29,L7276,Fx,mindustry.content.Fx,L3940,L103,C:\Users\domco\Desktop\DP\repos\Mindustry\core\src\mindustry\content\Fx.java,23,1,1987,2,0.0,0,0,0,0.0,0.0,0,0,0,0,0,0,1,54,0,3,3,0.0,0.00771208,3,0,0,1,0.00771208,3,0,0,0,0,0,386,1965,193,0,193,0,0,191,0,0,0,0,191,0,0,386,1965,193,0,193,0,0,191,0,0,0,0,191,0,0,0,0,13,0,0,0,0,0,0,0,0,0,3,0,0,0,0,0,0,10,0
30,L7441,Items,mindustry.content.Items,L3940,L103,C:\Users\domco\Desktop\DP\repos\Mindustry\core\src\mindustry\content\Items.java,7,1,95,2,0.0,0,0,0,0.0,0.0,0,0,1,0,0,1,2,9,0,0,1,0.0,0.0,0,0,0,2,0.0,0,1,1,0,0,1,40,56,16,0,16,0,1,16,1,0,1,16,16,1,0,72,89,38,48,16,0,1,16,1,0,609,16,37,609,32,0,16,113,0,1,1,0,0,0,0,0,0,53,0,16,0,0,0,0,60,0
31,L7556,Liquids,mindustry.content.Liquids,L3940,L103,C:\Users\domco\Desktop\DP\repos\Mindustry\core\src\mindustry\content\Liquids.java,7,1,42,2,0.0,0,0,0,0.0,0.0,0,0,1,0,0,1,2,8,0,0,1,0.0,0.0,0,0,0,2,0.0,0,1,1,0,0,1,14,19,4,0,4,0,1,4,1,0,1,4,4,1,0,31,36,27,8,4,0,1,4,1,0,157,4,26,157,8,0,4,36,0,1,1,0,0,0,0,0,0,17,0,4,0,0,0,0,19,0
32,L7601,Loadouts,mindustry.content.Loadouts,L3940,L103,C:\Users\domco\Desktop\DP\repos\Mindustry\core\src\mindustry\content\Loadouts.java,6,1,18,2,0.0,0,0,0,0.0,0.0,0,0,1,0,0,1,3,2,0,1,2,0.0,0.0,0,0,0,2,0.0,0,1,1,0,0,1,12,13,3,0,3,0,1,3,1,0,1,3,3,1,0,12,13,3,0,3,0,1,3,1,0,1,3,3,1,0,0,0,9,0,0,0,0,0,0,0,0,0,5,0,0,0,0,0,0,4,0
33,L7612,Planets,mindustry.content.Planets,L3940,L103,C:\Users\domco\Desktop\DP\repos\Mindustry\core\src\mindustry\content\Planets.java,10,1,49,2,0.0,0,0,0,0.0,0.0,0,0,1,0,0,1,2,4,0,0,1,0.0,0.0,0,0,0,2,0.0,0,1,1,0,0,1,12,14,2,0,2,0,1,2,1,0,1,2,2,1,0,26,40,57,22,2,0,1,2,1,0,123,2,53,123,4,0,2,30,0,0,0,0,0,0,0,0,0,11,0,2,0,0,0,0,19,0
34,L7668,SectorPresets,mindustry.content.SectorPresets,L3940,L103,C:\Users\domco\Desktop\DP\repos\Mindustry\core\src\mindustry\content\SectorPresets.java,8,1,113,2,0.589681,3,7,7,0.54717,0.571429,58,48,1,0,0,1,3,0,0,0,1,0.0,0.0408163,2,0,0,2,0.0232558,2,1,1,0,0,1,47,69,18,0,18,0,1,18,1,0,1,18,18,1,0,84,106,42,36,18,0,1,18,1,0,649,18,41,649,18,0,18,196,0,1,1,72,0,0,0,0,0,59,0,18,0,0,0,0,65,0
35,L7848,StatusEffects,mindustry.content.StatusEffects,L3940,L103,C:\Users\domco\Desktop\DP\repos\Mindustry\core\src\mindustry\content\StatusEffects.java,15,1,197,2,0.0557276,0,0,0,0.125683,0.0769231,23,10,1,0,0,1,2,10,0,1,2,0.0,0.0,0,0,0,2,0.0,0,1,1,0,0,1,47,69,21,0,21,0,1,21,1,0,1,21,21,1,0,130,183,55,40,21,0,1,21,1,0,981,21,52,901,40,0,20,167,0,1,1,8,0,0,0,0,0,65,0,20,0,0,0,0,94,0
36,L8030,TechTree,mindustry.content.TechTree,L3940,L103,C:\Users\domco\Desktop\DP\repos\Mindustry\core\src\mindustry\content\TechTree.java,15,1,791,2,0.0,0,0,0,0.0,0.0,0,0,1,1,1,12,7,7,3,3,14,0.0,0.0363636,2,2,0,5,0.132743,15,1,1,0,0,1,53,705,4,1,4,1,11,2,4,0,11,21,2,4,0,98,777,11,1,11,1,16,9,9,0,16,45,9,9,0,0,1,46,1,15,3,0,12,0,0,0,0,34,0,1,0,0,1,0,12,0
37,L8141,UnitTypes,mindustry.content.UnitTypes,L3940,L103,C:\Users\domco\Desktop\DP\repos\Mindustry\core\src\mindustry\content\UnitTypes.java,26,1,2429,2,0.218319,0,0,0,0.200499,0.219368,482,444,1,0,0,1,2,7,0,0,1,0.5,0.255814,33,15,1,1,0.0160428,33,1,1,0,0,1,96,191,39,0,39,0,1,39,1,0,1,39,39,1,0,2024,2404,185,273,39,0,2,39,2,0,3005,40,179,2966,78,0,151,482,3,19,7,68,12,0,0,0,0,123,0,154,0,0,0,0,291,0
38,L9468,Weathers,mindustry.content.Weathers,L3940,L103,C:\Users\domco\Desktop\DP\repos\Mindustry\core\src\mindustry\content\Weathers.java,11,1,121,2,0.200803,0,0,0,0.198198,0.211538,22,22,1,0,0,1,4,1,0,0,1,0.0,0.0,0,0,0,2,0.0,0,1,1,0,0,1,24,30,6,0,6,0,1,6,1,0,1,6,6,1,0,104,111,76,12,6,0,1,6,1,0,337,6,75,337,6,0,6,75,0,1,0,14,1,0,0,0,0,23,0,6,0,0,0,0,38,0
39,L3901,ContentLoader,mindustry.core.ContentLoader,L9592,L103,C:\Users\domco\Desktop\DP\repos\Mindustry\core\src\mindustry\core\ContentLoader.java,25,1,326,2,0.0,0,0,0,0.0,0.0,0,0,3,4,4,76,20,105,178,6,47,0.268293,0.0790514,20,15,11,30,0.0790514,20,0,0,1,1,0,233,302,7,5,7,5,41,0,40,2,41,115,0,40,2,233,302,7,5,7,5,41,0,40,2,41,115,0,40,2,0,0,90,0,0,0,0,0,1,2,1,0,81,0,0,0,0,0,0,5,0
40,L3870,Control,mindustry.core.Control,L9592,L103,C:\Users\domco\Desktop\DP\repos\Mindustry\core\src\mindustry\core\Control.java,47,1,588,2,0.0691716,2,2,2,0.210332,0.0970874,114,20,7,4,3,77,44,27,4,33,48,0.0769231,0.165992,41,7,1,12,0.165992,41,0,0,0,0,0,206,542,6,0,6,0,15,3,12,1,15,112,3,12,1,206,542,6,0,6,0,15,3,12,1,15,112,3,12,1,0,0,53,0,0,0,10,0,1,1,2,0,31,0,0,0,0,0,0,8,0
41,L3821,FileTree,mindustry.core.FileTree,L9592,L103,C:\Users\domco\Desktop\DP\repos\Mindustry\core\src\mindustry\core\FileTree.java,14,1,74,2,0.547009,1,6,2,0.393443,0.4,24,18,1,3,1,15,1,6,5,0,7,0.5,0.1,5,4,4,4,0.1,5,0,0,0,0,0,45,61,1,0,1,0,7,0,7,0,7,27,0,7,0,45,61,1,0,1,0,7,0,7,0,7,27,0,7,0,0,0,28,1,3,0,15,2,0,0,0,1,13,0,1,0,0,0,0,0,0
42,L10000,GameState,mindustry.core.GameState,L9592,L103,C:\Users\domco\Desktop\DP\repos\Mindustry\core\src\mindustry\core\GameState.java,14,1,103,2,0.0,0,0,0,0.0,0.0,0,0,2,1,1,25,10,102,99,2,15,0.142857,0.208333,15,14,2,12,0.2,15,0,0,0,0,0,57,87,13,2,13,2,13,12,13,0,13,16,12,13,0,60,90,16,2,16,2,13,15,13,0,13,16,15,13,0,0,0,39,0,5,1,0,2,1,0,0,0,28,0,0,0,0,2,0,10,0
43,L3863,Logic,mindustry.core.Logic,L9592,L103,C:\Users\domco\Desktop\DP\repos\Mindustry\core\src\mindustry\core\Logic.java,31,1,426,2,0.0,0,0,0,0.0,0.0,0,0,9,5,5,87,47,11,15,39,54,0.357143,0.199248,53,12,5,9,0.199248,53,0,0,0,0,0,213,396,0,0,0,0,15,0,13,0,15,132,0,13,0,213,396,0,0,0,0,15,0,13,0,15,132,0,13,0,0,0,35,0,0,0,0,0,1,6,2,0,25,0,0,0,0,0,0,1,0
44,L3896,NetClient,mindustry.core.NetClient,L9592,L103,C:\Users\domco\Desktop\DP\repos\Mindustry\core\src\mindustry\core\NetClient.java,35,1,639,2,0.0116906,1,1,1,0.132231,0.0196078,80,8,11,4,4,108,39,9,12,33,74,0.157895,0.0810811,36,14,6,32,0.0810811,36,0,0,0,0,0,408,605,14,3,14,3,41,0,37,3,41,252,0,37,3,408,605,14,3,14,3,41,0,37,3,41,252,0,37,3,0,0,103,0,0,0,8,0,1,5,2,0,79,0,0,0,0,0,0,8,0
45,L3889,NetServer,mindustry.core.NetServer,L9592,L103,C:\Users\domco\Desktop\DP\repos\Mindustry\core\src\mindustry\core\NetServer.java,36,1,1060,2,0.00634603,1,1,1,0.163902,0.0101833,168,5,15,7,5,148,47,13,6,31,60,0.125,0.0905433,45,10,3,21,0.0856611,46,0,0,0,0,0,452,975,20,1,20,1,29,5,23,0,29,294,5,23,0,491,1025,25,1,25,1,35,5,27,0,35,308,5,27,0,0,0,121,0,0,0,10,0,1,9,1,0,79,0,0,0,0,0,0,21,0
46,L3877,Renderer,mindustry.core.Renderer,L9592,L103,C:\Users\domco\Desktop\DP\repos\Mindustry\core\src\mindustry\core\Renderer.java,28,1,663,2,0.0,0,0,0,0.0,0.0,0,0,2,3,3,95,34,35,12,23,50,0.0434783,0.0572034,27,4,1,22,0.0599174,29,0,0,0,0,0,445,623,42,2,42,2,27,21,22,1,27,309,21,22,1,455,636,44,2,44,2,28,23,23,1,28,311,23,23,1,0,1,84,1,24,10,0,10,1,3,1,3,63,0,2,0,0,1,0,16,0
47,L3882,UI,mindustry.core.UI,L9592,L103,C:\Users\domco\Desktop\DP\repos\Mindustry\core\src\mindustry\core\UI.java,35,1,620,2,0.0,0,0,0,0.0,0.0,0,0,24,6,2,66,42,51,55,42,81,0.15,0.0208333,8,6,6,34,0.0166667,8,0,0,0,0,0,376,475,40,3,40,3,39,40,39,0,39,229,40,39,0,472,586,40,3,40,3,39,40,39,0,39,229,40,39,0,0,11,133,2,28,4,0,22,1,2,3,0,112,1,13,0,0,1,0,15,0
48,L11676,Version,mindustry.core.Version,L9592,L103,C:\Users\domco\Desktop\DP\repos\Mindustry\core\src\mindustry\core\Version.java,10,1,73,2,0.0,0,0,0,0.0,0.0,0,0,1,2,2,21,0,17,8,0,4,0.4,0.142857,8,8,2,3,0.142857,8,0,0,0,0,0,48,64,6,0,6,0,4,6,4,0,4,28,6,4,0,48,64,6,0,6,0,4,6,4,0,4,28,6,4,0,0,1,16,3,5,3,0,2,0,0,0,0,11,0,2,0,0,2,0,5,0
49,L11707,World,mindustry.core.World,L9592,L103,C:\Users\domco\Desktop\DP\repos\Mindustry\core\src\mindustry\core\World.java,30,1,588,2,0.0193882,1,4,1,0.0214669,0.0242718,12,10,6,5,4,132,28,102,250,30,74,0.162791,0.0761421,30,16,7,36,0.0720721,32,0,0,1,1,0,364,498,5,3,5,3,44,2,42,2,44,244,2,42,2,412,559,6,3,6,3,53,2,49,2,62,261,2,57,2,0,0,129,0,0,0,8,0,2,6,2,0,103,0,0,0,0,0,0,8,0
50,L2265,Content,mindustry.ctype.Content,L11966,L103,C:\Users\domco\Desktop\DP\repos\Mindustry\core\src\mindustry\ctype\Content.java,9,1,62,2,0.0,0,0,0,0.0,0.0,0,0,5,0,0,8,4,85,20,2,10,0.666667,0.361111,13,13,6,3,0.369565,17,0,0,3,570,0,23,44,2,1,2,1,8,2,8,0,8,5,2,8,0,29,54,6,1,6,1,8,6,8,0,8,5,6,8,0,0,0,18,3,3,0,0,3,1,0,0,0,8,3,0,1,0,0,0,8,0
51,L9608,MappableContent,mindustry.ctype.MappableContent,L11966,L103,C:\Users\domco\Desktop\DP\repos\Mindustry\core\src\mindustry\ctype\MappableContent.java,5,1,17,2,0.0,0,0,0,0.0,0.0,0,0,1,0,0,2,3,49,1,3,5,0.0,0.0,0,0,0,3,0.0,0,1,1,1,454,1,11,13,3,1,1,0,2,1,2,0,10,3,3,10,0,11,13,3,1,1,0,2,1,2,0,10,3,3,10,0,0,0,12,0,0,0,0,0,0,0,0,0,7,0,0,1,0,0,0,4,0
52,L8033,UnlockableContent,mindustry.ctype.UnlockableContent,L11966,L103,C:\Users\domco\Desktop\DP\repos\Mindustry\core\src\mindustry\ctype\UnlockableContent.java,19,1,183,2,0.0,0,0,0,0.0,0.0,0,0,7,1,1,42,18,124,52,9,32,0.625,0.210145,29,29,15,9,0.210145,29,2,2,8,453,1,109,165,14,2,11,1,23,10,23,1,33,36,13,33,1,109,165,14,2,11,1,23,10,23,1,33,36,13,33,1,0,0,42,5,9,1,0,5,1,0,1,0,31,4,2,1,0,2,0,8,0
53,L12137,DrawOperation,mindustry.editor.DrawOperation,L12121,L103,C:\Users\domco\Desktop\DP\repos\Mindustry\core\src\mindustry\editor\DrawOperation.java,12,1,93,2,0.0,0,0,0,0.0,0.0,0,0,1,5,1,15,5,2,2,7,14,0.0,0.0,0,0,0,5,0.0,0,0,0,0,0,0,43,68,1,1,1,1,7,0,4,1,7,26,0,4,1,57,82,10,1,10,1,7,5,4,1,7,26,5,4,1,0,0,30,0,8,0,0,7,0,0,0,1,23,0,0,0,0,0,0,7,0
54,L12195,EditorTile,mindustry.editor.EditorTile,L12121,L103,C:\Users\domco\Desktop\DP\repos\Mindustry\core\src\mindustry\editor\EditorTile.java,14,1,153,2,0.0,0,0,0,0.0,0.0,0,0,2,2,2,44,16,2,3,24,36,0.0,0.00869565,1,0,0,7,0.00869565,1,2,2,0,0,1,114,140,11,10,0,0,12,0,6,4,96,78,4,86,22,114,140,11,10,0,0,12,0,6,4,96,78,4,86,22,0,0,35,0,14,0,0,14,1,0,1,0,27,0,0,0,0,0,0,6,0
55,L12412,MapEditor,mindustry.editor.MapEditor,L12121,L103,C:\Users\domco\Desktop\DP\repos\Mindustry\core\src\mindustry\editor\MapEditor.java,20,1,374,2,0.15625,1,12,2,0.0957747,0.10219,34,28,4,6,6,90,16,15,19,31,60,0.0,0.016,4,1,0,27,0.0143885,4,0,0,0,0,0,246,322,11,0,11,0,29,7,26,0,29,169,7,26,0,274,355,11,0,11,0,35,7,32,0,36,177,7,33,0,0,0,114,0,14,6,17,7,2,7,2,1,76,0,0,0,0,0,0,10,0
56,L11322,MapEditorDialog,mindustry.editor.MapEditorDialog,L12121,L103,C:\Users\domco\Desktop\DP\repos\Mindustry\core\src\mindustry\editor\MapEditorDialog.java,35,1,739,2,0.0,0,0,0,0.0,0.0,0,0,8,5,5,58,25,4,8,33,52,0.0,0.063197,17,8,0,13,0.063197,17,0,0,0,0,0,252,705,12,2,12,2,19,0,12,0,19,158,0,12,0,252,705,12,2,12,2,19,0,12,0,19,158,0,12,0,0,2,47,6,21,1,0,9,1,3,2,11,35,0,6,0,0,2,0,6,0
57,L12556,MapGenerateDialog,mindustry.editor.MapGenerateDialog,L12121,L103,C:\Users\domco\Desktop\DP\repos\Mindustry\core\src\mindustry\editor\MapGenerateDialog.java,28,1,455,2,0.0,0,0,0,0.0,0.0,0,0,5,3,3,24,13,2,2,25,37,0.4,0.0849673,13,2,2,3,0.0869565,14,1,1,0,0,1,140,418,16,0,14,0,12,0,4,0,17,83,0,8,0,147,428,27,10,14,0,14,0,5,1,106,84,4,90,19,0,2,44,2,29,3,0,23,1,0,2,1,28,1,5,0,0,0,0,13,0
58,L12544,MapInfoDialog,mindustry.editor.MapInfoDialog,L12121,L103,C:\Users\domco\Desktop\DP\repos\Mindustry\core\src\mindustry\editor\MapInfoDialog.java,15,1,97,2,0.0,0,0,0,0.0,0.0,0,0,1,0,0,2,6,1,1,4,6,0.0,0.1,2,0,0,2,0.1,2,1,1,0,0,1,18,83,5,0,3,0,2,0,1,0,7,8,0,5,0,18,83,5,0,3,0,2,0,1,0,7,8,0,5,0,0,0,5,0,0,0,0,0,0,0,0,0,5,0,0,0,0,0,0,0,0
59,L12548,MapLoadDialog,mindustry.editor.MapLoadDialog,L12121,L103,C:\Users\domco\Desktop\DP\repos\Mindustry\core\src\mindustry\editor\MapLoadDialog.java,13,1,76,2,0.0,0,0,0,0.0,0.0,0,0,1,2,2,6,6,1,1,5,7,0.0,0.0,0,0,0,3,0.0,0,1,1,0,0,1,45,64,3,0,1,0,2,0,2,0,7,34,0,6,0,45,64,3,0,1,0,2,0,2,0,7,34,0,6,0,0,0,7,0,3,0,0,1,0,0,0,0,7,0,1,0,0,1,0,0,0
60,L12416,MapRenderer,mindustry.editor.MapRenderer,L12121,L103,C:\Users\domco\Desktop\DP\repos\Mindustry\core\src\mindustry\editor\MapRenderer.java,17,1,174,2,0.0,0,0,0,0.0,0.0,0,0,1,3,3,41,9,6,12,20,26,0.0,0.00775194,1,0,0,6,0.00775194,1,0,0,0,0,0,128,158,7,0,7,0,6,0,5,0,6,103,0,5,0,128,158,7,0,7,0,6,0,5,0,6,103,0,5,0,0,0,18,0,10,8,0,0,0,1,1,2,15,0,0,0,0,0,0,1,0
61,L12552,MapResizeDialog,mindustry.editor.MapResizeDialog,L12121,L103,C:\Users\domco\Desktop\DP\repos\Mindustry\core\src\mindustry\editor\MapResizeDialog.java,11,1,50,2,0.0,0,0,0,0.0,0.0,0,0,0,0,0,1,1,1,1,1,2,0.0,0.0,0,0,0,2,0.0,0,1,1,0,0,1,14,40,7,0,5,0,1,3,1,0,6,6,3,5,0,14,40,7,0,5,0,1,3,1,0,6,6,3,5,0,0,0,9,0,6,2,0,3,0,0,0,0,5,0,0,0,0,1,0,4,0
62,L12540,MapView,mindustry.editor.MapView,L12121,L103,C:\Users\domco\Desktop\DP\repos\Mindustry\core\src\mindustry\editor\MapView.java,21,1,355,2,0.0,0,0,0,0.0,0.0,0,0,3,3,3,54,9,2,5,6,22,0.0,0.00529101,1,0,0,13,0.0037037,1,0,0,0,0,0,188,232,17,1,17,1,16,0,12,2,16,118,0,12,2,269,335,17,1,17,1,21,0,17,2,21,171,0,17,2,0,0,55,0,26,7,0,11,2,1,0,5,48,1,1,0,0,1,0,4,0
63,L12424,OperationStack,mindustry.editor.OperationStack,L12121,L103,C:\Users\domco\Desktop\DP\repos\Mindustry\core\src\mindustry\editor\OperationStack.java,5,1,51,2,0.0,0,0,0,0.0,0.0,0,0,1,1,1,11,1,1,6,0,7,0.0,0.0,0,0,0,8,0.0,0,0,0,0,0,0,35,47,3,0,3,0,7,0,7,0,7,17,0,7,0,35,47,3,0,3,0,7,0,7,0,7,17,0,7,0,0,0,17,0,7,0,0,3,0,0,0,2,17,1,0,0,0,1,0,0,0
64,L12967,WaveGraph,mindustry.editor.WaveGraph,L12121,L103,C:\Users\domco\Desktop\DP\repos\Mindustry\core\src\mindustry\editor\WaveGraph.java,18,1,246,2,0.0,0,0,0,0.0,0.0,0,0,3,3,3,12,7,1,2,2,6,0.0,0.0135135,1,0,0,3,0.0128205,1,0,0,0,0,0,73,224,11,0,11,0,4,3,2,0,4,44,3,2,0,77,229,15,0,15,0,4,6,2,0,4,44,6,2,0,0,0,26,0,0,0,0,0,1,0,0,0,14,0,0,0,0,0,0,11,0
65,L12746,WaveInfoDialog,mindustry.editor.WaveInfoDialog,L12121,L103,C:\Users\domco\Desktop\DP\repos\Mindustry\core\src\mindustry\editor\WaveInfoDialog.java,28,1,433,2,0.113074,1,2,2,0.135468,0.136752,55,16,2,2,2,17,10,1,1,8,16,0.0,0.00961538,1,0,0,2,0.00847458,1,1,1,0,0,1,103,389,13,0,11,0,8,0,1,0,13,60,0,5,0,117,406,18,0,16,0,9,3,1,0,14,61,3,5,0,0,1,53,2,33,2,14,16,1,0,0,3,27,0,3,0,0,12,0,11,0
66,L16487,Damage,mindustry.entities.Damage,L13086,L103,C:\Users\domco\Desktop\DP\repos\Mindustry\core\src\mindustry\entities\Damage.java,21,1,482,2,0.251325,3,16,7,0.203463,0.261261,94,58,4,3,3,58,9,15,16,15,37,0.761905,0.146154,38,25,16,5,0.146154,38,0,0,0,0,0,222,462,11,0,11,0,22,0,20,0,22,140,0,20,0,222,462,11,0,11,0,22,0,20,0,22,140,0,20,0,0,0,86,0,11,7,39,4,1,0,0,0,29,0,0,0,0,0,0,17,0
67,L7280,Effect,mindustry.entities.Effect,L13086,L103,C:\Users\domco\Desktop\DP\repos\Mindustry\core\src\mindustry\entities\Effect.java,19,1,272,2,0.0501022,2,2,2,0.0393701,0.0510204,10,10,3,2,2,53,8,107,140,5,36,0.0333333,0.0350877,6,6,1,29,0.029703,6,0,0,4,6,0,165,219,14,0,14,0,31,11,29,0,31,91,11,29,0,196,254,23,0,23,0,35,19,33,0,35,106,19,33,0,0,0,111,0,0,0,13,0,1,0,0,0,76,0,0,0,0,0,0,21,0
68,L16984,EntityCollisions,mindustry.entities.EntityCollisions,L13086,L103,C:\Users\domco\Desktop\DP\repos\Mindustry\core\src\mindustry\entities\EntityCollisions.java,13,1,252,2,0.0,0,0,0,0.0,0.0,0,0,5,5,5,51,8,5,5,8,21,0.0,0.037234,7,4,0,11,0.0366492,7,0,0,0,0,0,181,237,10,0,10,0,13,0,10,0,13,133,0,10,0,184,240,10,0,10,0,14,0,11,0,14,133,0,11,0,0,0,41,0,20,10,0,4,1,3,0,6,34,0,0,0,0,0,0,3,0
69,L3558,EntityGroup<T extends Entityc>,mindustry.entities.EntityGroup,L13086,L103,C:\Users\domco\Desktop\DP\repos\Mindustry\core\src\mindustry\entities\EntityGroup.java,15,1,209,2,0.0,0,0,0,0.0,0.0,0,0,4,2,2,50,2,5,5,2,31,0.0666667,0.0387097,6,2,2,28,0.0387097,6,0,0,0,0,0,149,195,9,1,9,1,29,0,29,0,29,79,0,29,0,149,195,9,1,9,1,29,0,29,0,29,79,0,29,0,0,0,67,5,13,0,0,10,1,0,0,5,61,0,2,0,0,1,0,5,0
70,L17181,Fires,mindustry.entities.Fires,L13086,L103,C:\Users\domco\Desktop\DP\repos\Mindustry\core\src\mindustry\entities\Fires.java,14,1,70,2,0.0,0,0,0,0.0,0.0,0,0,1,2,2,19,9,8,12,7,13,0.285714,0.1,5,4,2,5,0.1,5,0,0,0,0,0,45,57,2,0,2,0,6,0,6,0,6,25,0,6,0,45,57,2,0,2,0,6,0,6,0,6,25,0,6,0,0,0,15,0,1,0,0,1,0,0,0,0,15,0,0,0,0,0,0,0,0
71,L17203,GroupDefs<G extends Object>,mindustry.entities.GroupDefs,L13086,L103,C:\Users\domco\Desktop\DP\repos\Mindustry\core\src\mindustry\entities\GroupDefs.java,6,1,18,2,0.0,0,0,0,0.0,0.0,0,0,0,0,0,0,0,0,0,0,0,0.0,0.0,0,0,0,1,0.0,0,0,0,0,0,0,13,13,11,0,11,0,0,0,0,0,0,0,0,0,0,13,13,11,0,11,0,0,0,0,0,0,0,0,0,0,0,0,5,0,17,0,0,17,0,0,0,0,3,0,0,0,0,0,0,2,0
72,L15448,Leg,mindustry.entities.Leg,L13086,L103,C:\Users\domco\Desktop\DP\repos\Mindustry\core\src\mindustry\entities\Leg.java,5,1,10,2,0.0,0,0,0,0.0,0.0,0,0,0,0,0,0,0,2,0,0,0,0.0,0.0,0,0,0,1,0.0,0,0,0,0,0,0,6,6,5,0,5,0,0,5,0,0,0,0,5,0,0,6,6,5,0,5,0,0,5,0,0,0,0,5,0,0,0,0,7,0,2,1,0,1,0,0,0,0,3,0,0,0,0,0,0,4,0
73,L17219,Lightning,mindustry.entities.Lightning,L13086,L103,C:\Users\domco\Desktop\DP\repos\Mindustry\core\src\mindustry\entities\Lightning.java,17,1,92,2,0.0,0,0,0,0.0,0.0,0,0,1,3,3,10,8,5,5,5,8,0.666667,0.0545455,3,2,2,1,0.0545455,3,0,0,0,0,0,52,76,8,0,8,0,3,0,2,0,3,32,0,2,0,52,76,8,0,8,0,3,0,2,0,3,32,0,2,0,0,0,9,0,6,3,0,1,0,0,0,0,5,0,0,0,0,2,0,4,0
74,L17265,Predict,mindustry.entities.Predict,L13086,L103,C:\Users\domco\Desktop\DP\repos\Mindustry\core\src\mindustry\entities\Predict.java,11,1,96,2,0.0,0,0,0,0.0,0.0,0,0,1,2,2,14,0,4,5,0,5,0.6,0.25,20,17,3,2,0.25,20,0,0,0,0,0,60,86,2,0,2,0,5,0,4,0,5,44,0,4,0,60,86,2,0,2,0,5,0,4,0,5,44,0,4,0,0,0,8,0,0,0,0,0,0,0,0,0,7,0,0,0,0,0,0,1,0
75,L17303,Puddles,mindustry.entities.Puddles,L13086,L103,C:\Users\domco\Desktop\DP\repos\Mindustry\core\src\mindustry\entities\Puddles.java,12,1,110,2,0.0,0,0,0,0.0,0.0,0,0,1,4,2,33,11,5,7,8,16,0.428571,0.127907,11,8,3,4,0.127907,11,0,0,0,0,0,75,99,2,0,2,0,8,1,6,0,8,47,1,6,0,75,99,2,0,2,0,8,1,6,0,8,47,1,6,0,0,0,19,0,3,0,0,3,0,2,1,0,11,0,0,0,0,0,0,5,0
76,L17356,Units,mindustry.entities.Units,L13086,L103,C:\Users\domco\Desktop\DP\repos\Mindustry\core\src\mindustry\entities\Units.java,19,1,417,2,0.196823,4,15,9,0.270677,0.242291,108,55,13,2,2,75,17,35,57,15,55,0.853659,0.173432,47,44,35,6,0.171533,47,0,0,0,0,0,224,396,6,2,6,2,40,0,40,0,40,119,0,40,0,227,399,6,2,6,2,41,0,41,0,41,119,0,41,0,0,0,115,0,0,0,46,0,1,0,1,0,56,0,0,0,0,0,0,11,0
77,L17837,UnitSorts,mindustry.entities.UnitSorts,L13086,L103,C:\Users\domco\Desktop\DP\repos\Mindustry\core\src\mindustry\entities\UnitSorts.java,7,1,14,2,0.0,0,0,0,0.0,0.0,0,0,0,0,0,0,1,0,0,0,0,0.0,0.0,0,0,0,1,0.0,0,0,0,0,0,0,7,8,4,0,4,0,0,4,0,0,0,0,4,0,0,7,8,4,0,4,0,0,4,0,0,0,0,4,0,0,0,0,7,0,0,0,0,0,0,0,0,0,3,0,0,0,0,0,0,4,0
78,L3919,EventType,mindustry.game.EventType,L17842,L103,C:\Users\domco\Desktop\DP\repos\Mindustry\core\src\mindustry\game\EventType.java,14,1,588,2,0.0,0,0,0,0.0,0.0,0,0,0,0,0,0,0,3,0,0,0,0.0,0.0,0,0,0,1,0.119247,57,0,0,0,0,0,2,104,0,0,0,0,0,0,0,0,0,0,0,0,0,421,575,110,0,110,0,49,110,49,0,49,94,110,49,0,0,0,467,0,5,2,0,0,0,0,0,3,269,0,0,0,0,0,0,198,0
79,L10022,GameStats,mindustry.game.GameStats,L17842,L103,C:\Users\domco\Desktop\DP\repos\Mindustry\core\src\mindustry\game\GameStats.java,3,1,16,2,0.0,0,0,0,0.0,0.0,0,0,0,0,0,0,0,3,0,0,0,0.0,0.428571,6,6,0,1,0.428571,6,0,0,0,0,0,8,14,6,0,6,0,0,6,0,0,0,0,6,0,0,8,14,6,0,6,0,0,6,0,0,0,0,6,0,0,0,0,6,0,0,0,0,0,0,0,0,0,1,0,0,0,0,0,0,5,0
80,L18320,Objectives,mindustry.game.Objectives,L17842,L103,C:\Users\domco\Desktop\DP\repos\Mindustry\core\src\mindustry\game\Objectives.java,9,1,86,2,0.0,0,0,0,0.0,0.0,0,0,0,0,0,0,0,2,0,0,0,1.0,0.333333,1,1,1,0,0.101695,6,0,0,0,0,0,2,7,0,0,0,0,0,0,0,0,0,0,0,0,0,53,78,3,0,3,0,15,3,12,0,18,9,3,15,0,0,0,48,0,4,0,0,0,0,0,0,0,34,4,0,0,0,0,0,14,0
81,L9885,Rules,mindustry.game.Rules,L17842,L103,C:\Users\domco\Desktop\DP\repos\Mindustry\core\src\mindustry\game\Rules.java,21,1,239,2,0.0,0,0,0,0.0,0.0,0,0,4,4,1,12,9,89,10,3,11,0.333333,0.408805,65,65,3,6,0.379808,79,0,0,1,1,0,94,167,59,0,59,0,8,59,8,0,8,16,59,8,0,129,219,71,0,71,0,11,70,11,0,11,25,70,11,0,0,0,39,0,15,1,0,3,1,0,0,0,24,0,0,0,0,11,0,14,0
82,L9800,Saves,mindustry.game.Saves,L17842,L103,C:\Users\domco\Desktop\DP\repos\Mindustry\core\src\mindustry\game\Saves.java,24,1,366,2,0.0,0,0,0,0.0,0.0,0,0,1,3,3,36,8,7,9,15,30,0.0,0.016,2,0,0,16,0.00746269,2,0,0,0,0,0,123,163,8,6,8,6,15,0,15,0,15,64,0,15,0,266,343,11,15,11,15,42,2,38,2,42,132,2,38,2,0,0,108,6,7,0,0,5,0,1,1,2,90,0,6,0,0,0,0,16,0
83,L2174,Schematic,mindustry.game.Schematic,L17842,L103,C:\Users\domco\Desktop\DP\repos\Mindustry\core\src\mindustry\game\Schematic.java,16,1,159,2,0.0,0,0,0,0.0,0.0,0,0,4,1,1,20,7,18,7,3,21,0.0,0.0340909,3,3,0,19,0.0344828,4,1,1,0,0,1,85,112,7,1,7,1,18,7,18,0,21,33,7,21,0,112,144,12,1,12,1,22,12,22,0,25,46,12,25,0,0,0,60,0,0,0,0,0,1,0,0,0,48,0,0,0,0,0,0,11,0
84,L3842,Schematics,mindustry.game.Schematics,L17842,L103,C:\Users\domco\Desktop\DP\repos\Mindustry\core\src\mindustry\game\Schematics.java,45,1,670,2,0.0,0,0,0,0.0,0.0,0,0,7,3,3,109,34,16,20,19,53,0.333333,0.0728929,32,15,10,20,0.0728929,32,0,0,0,0,0,407,626,15,5,15,5,34,0,29,0,34,310,0,29,0,407,626,15,5,15,5,34,0,29,0,34,310,0,29,0,0,0,76,0,0,0,0,0,1,2,1,0,65,0,0,0,0,0,0,7,0
85,L18921,SectorInfo,mindustry.game.SectorInfo,L17842,L103,C:\Users\domco\Desktop\DP\repos\Mindustry\core\src\mindustry\game\SectorInfo.java,20,1,310,2,0.0,0,0,0,0.0,0.0,0,0,1,3,3,45,24,14,11,16,30,0.714286,0.277056,64,47,10,4,0.26971,65,0,0,0,0,0,167,279,47,2,47,2,14,41,13,0,14,93,41,13,0,176,291,51,2,51,2,15,45,14,0,15,94,45,14,0,0,0,38,0,16,3,0,7,0,0,2,1,24,0,0,0,0,5,0,12,0
86,L3416,SpawnGroup,mindustry.game.SpawnGroup,L17842,L103,C:\Users\domco\Desktop\DP\repos\Mindustry\core\src\mindustry\game\SpawnGroup.java,22,1,191,2,0.0,0,0,0,0.0,0.0,0,0,2,3,3,57,11,41,3,2,14,0.307692,0.174194,27,24,4,9,0.174194,27,0,0,33,33,0,128,170,14,2,14,2,12,14,12,0,12,77,14,12,0,128,170,14,2,14,2,12,14,12,0,12,77,14,12,0,0,0,34,0,0,0,0,0,1,2,1,0,23,0,0,1,0,0,0,6,0
87,L2349,Team,mindustry.game.Team,L17842,L103,C:\Users\domco\Desktop\DP\repos\Mindustry\core\src\mindustry\game\Team.java,16,1,134,2,0.0,0,0,0,0.0,0.0,0,0,7,1,1,19,9,92,53,5,19,0.230769,0.0721649,7,7,3,10,0.0721649,7,0,0,0,0,0,90,119,15,0,15,0,14,15,12,0,14,35,15,12,0,90,119,15,0,15,0,14,15,12,0,14,35,15,12,0,0,0,33,0,2,0,0,2,1,0,0,0,25,0,0,0,0,0,0,7,0
88,L2399,Teams,mindustry.game.Teams,L17842,L103,C:\Users\domco\Desktop\DP\repos\Mindustry\core\src\mindustry\game\Teams.java,23,1,379,2,0.0,0,0,0,0.0,0.0,0,0,4,4,4,54,7,20,26,6,22,0.333333,0.0930233,16,9,5,10,0.119048,35,0,0,0,0,0,156,213,4,1,4,1,16,3,14,0,16,91,3,14,0,259,357,24,1,24,1,30,22,28,0,30,126,22,28,0,0,0,85,0,0,0,0,0,2,4,1,0,61,0,0,0,0,0,0,17,0
89,L19307,Universe,mindustry.game.Universe,L17842,L103,C:\Users\domco\Desktop\DP\repos\Mindustry\core\src\mindustry\game\Universe.java,18,1,323,2,0.0,0,0,0,0.0,0.0,0,0,3,7,7,67,20,8,9,26,45,0.411765,0.165975,40,7,7,10,0.165975,40,0,0,0,0,0,201,306,7,4,7,4,19,0,16,0,19,123,0,16,0,201,306,7,4,7,4,19,0,16,0,19,123,0,16,0,0,0,47,0,5,0,0,2,1,5,2,1,35,0,2,0,0,0,0,4,0
90,L19412,Waves,mindustry.game.Waves,L17842,L103,C:\Users\domco\Desktop\DP\repos\Mindustry\core\src\mindustry\game\Waves.java,12,1,445,2,0.0734694,1,2,2,0.0691244,0.0880503,30,28,2,2,2,18,3,6,5,0,5,0.0,0.107383,16,0,0,6,0.0479042,16,0,0,0,0,0,133,248,2,0,2,0,5,1,5,0,5,44,1,5,0,318,434,16,66,2,0,5,1,5,0,401,44,15,401,0,0,35,215,0,2,2,26,0,1,1,0,0,110,0,35,0,0,0,0,77,0
91,L10962,BlockRenderer,mindustry.graphics.BlockRenderer,L19603,L103,C:\Users\domco\Desktop\DP\repos\Mindustry\core\src\mindustry\graphics\BlockRenderer.java,22,1,423,2,0.0,0,0,0,0.0,0.0,0,0,4,5,4,59,23,4,4,16,31,0.0833333,0.0580357,13,2,1,11,0.0515873,13,0,0,0,0,0,211,368,23,0,23,0,15,4,11,0,15,148,4,11,0,239,402,23,0,23,0,21,4,15,0,21,156,4,15,0,0,0,65,0,29,6,0,13,3,3,1,9,51,0,0,0,0,1,0,7,0
92,L19730,CacheLayer,mindustry.graphics.CacheLayer,L19603,L103,C:\Users\domco\Desktop\DP\repos\Mindustry\core\src\mindustry\graphics\CacheLayer.java,10,1,87,2,0.0,0,0,0,0.0,0.0,0,0,3,1,1,5,2,9,2,1,5,0.8,0.135135,5,4,4,1,0.1,6,0,0,1,1,0,32,48,10,0,10,0,4,10,4,0,4,10,10,4,0,54,78,11,0,11,0,7,11,7,0,11,23,11,11,0,0,0,26,0,5,1,0,2,2,0,0,0,14,2,0,0,0,0,0,10,0
93,L19778,CubemapMesh,mindustry.graphics.CubemapMesh,L19603,L103,C:\Users\domco\Desktop\DP\repos\Mindustry\core\src\mindustry\graphics\CubemapMesh.java,10,1,86,2,0.0,0,0,0,0.0,0.0,0,0,1,0,0,4,0,1,2,0,4,0.0,0.0,0,0,0,5,0.0,0,0,0,0,0,0,66,77,4,0,4,0,4,0,4,1,4,14,0,4,1,66,77,4,0,4,0,4,0,4,1,4,14,0,4,1,0,0,11,0,0,0,0,0,0,0,0,0,11,0,0,0,0,0,0,0,0
94,L19794,Drawf,mindustry.graphics.Drawf,L19603,L103,C:\Users\domco\Desktop\DP\repos\Mindustry\core\src\mindustry\graphics\Drawf.java,17,1,291,2,0.0,0,0,0,0.0,0.0,0,0,23,1,1,51,14,75,85,4,46,0.047619,0.00900901,2,2,2,40,0.00900901,2,0,0,0,0,0,220,275,0,0,0,0,42,0,41,0,42,139,0,41,0,220,275,0,0,0,0,42,0,41,0,42,139,0,41,0,0,0,109,0,10,4,0,6,1,0,1,0,87,0,0,0,0,0,0,20,0
95,L20074,EnvRenderers,mindustry.graphics.EnvRenderers,L19603,L103,C:\Users\domco\Desktop\DP\repos\Mindustry\core\src\mindustry\graphics\EnvRenderers.java,3,1,8,2,0.0,0,0,0,0.0,0.0,0,0,1,0,0,1,0,1,1,0,1,0.0,0.0,0,0,0,2,0.0,0,0,0,0,0,0,4,6,0,0,0,0,1,0,1,0,1,0,0,1,0,4,6,0,0,0,0,1,0,1,0,1,0,0,1,0,0,0,5,0,1,0,0,0,0,0,0,0,5,1,0,0,0,0,0,0,0
96,L19629,FloorRenderer,mindustry.graphics.FloorRenderer,L19603,L103,C:\Users\domco\Desktop\DP\repos\Mindustry\core\src\mindustry\graphics\FloorRenderer.java,32,1,511,2,0.165611,1,2,2,0.125,0.138889,60,50,1,6,6,72,8,5,5,13,25,0.181818,0.107383,32,16,2,9,0.0886076,35,0,0,0,0,0,266,361,20,0,20,0,12,0,10,0,12,216,0,10,0,360,480,20,0,20,0,16,0,12,1,16,293,0,12,1,0,0,68,0,0,0,15,0,1,10,0,0,36,0,0,0,0,0,0,6,0
97,L12777,IndexedRenderer,mindustry.graphics.IndexedRenderer,L19603,L103,C:\Users\domco\Desktop\DP\repos\Mindustry\core\src\mindustry\graphics\IndexedRenderer.java,9,1,220,2,0.495745,1,2,2,0.396226,0.402367,84,68,2,1,1,13,0,1,4,0,12,0.0,0.0116959,2,0,0,10,0.0116959,2,0,0,0,0,0,169,212,29,1,29,1,12,0,9,2,12,120,0,9,2,169,212,29,1,29,1,12,0,9,2,12,120,0,9,2,0,0,53,0,0,0,19,0,1,0,0,0,27,0,0,0,0,0,0,6,0
98,L20832,InverseKinematics,mindustry.graphics.InverseKinematics,L19603,L103,C:\Users\domco\Desktop\DP\repos\Mindustry\core\src\mindustry\graphics\InverseKinematics.java,6,1,29,2,0.0,0,0,0,0.0,0.0,0,0,2,0,0,4,0,1,1,0,2,0.0,0.0,0,0,0,3,0.0,0,0,0,0,0,0,20,24,5,0,5,0,2,0,2,0,2,12,0,2,0,20,24,5,0,5,0,2,0,2,0,2,12,0,2,0,0,0,8,0,2,2,0,0,1,0,0,0,7,0,0,0,0,0,0,0,0
99,L20855,Layer,mindustry.graphics.Layer,L19603,L103,C:\Users\domco\Desktop\DP\repos\Mindustry\core\src\mindustry\graphics\Layer.java,4,1,96,2,0.0,0,0,0,0.0,0.0,0,0,0,0,0,0,0,46,0,0,0,1.0,0.47619,30,1,1,0,0.47619,30,0,0,0,0,0,33,93,29,0,29,0,0,29,0,0,0,0,29,0,0,33,93,29,0,29,0,0,29,0,0,0,0,29,0,0,0,0,8,0,0,0,0,0,0,0,0,0,0,0,0,0,0,0,0,8,0
100,L10974,LightRenderer,mindustry.graphics.LightRenderer,L19603,L103,C:\Users\domco\Desktop\DP\repos\Mindustry\core\src\mindustry\graphics\LightRenderer.java,16,1,231,2,0.0,0,0,0,0.0,0.0,0,0,1,1,1,17,6,3,6,0,6,0.142857,0.0434783,3,1,1,6,0.0384615,3,0,0,0,0,0,66,206,7,0,7,0,6,0,6,0,6,48,0,6,0,75,216,11,0,11,0,7,0,7,0,7,52,0,7,0,0,0,24,0,15,3,0,8,0,0,0,3,20,0,0,0,0,1,0,4,0
101,L3787,LoadRenderer,mindustry.graphics.LoadRenderer,L19603,L103,C:\Users\domco\Desktop\DP\repos\Mindustry\core\src\mindustry\graphics\LoadRenderer.java,24,1,524,2,0.0,0,0,0,0.0,0.0,0,0,1,11,8,63,5,1,1,5,7,0.0,0.0519126,19,0,0,3,0.0484694,19,0,0,0,0,0,347,470,17,0,17,0,2,0,2,0,2,293,0,2,0,373,501,21,0,21,0,7,0,4,0,7,304,0,4,0,0,5,34,3,30,16,0,7,0,5,0,7,20,0,7,0,0,1,0,9,0
102,L20997,MenuRenderer,mindustry.graphics.MenuRenderer,L19603,L103,C:\Users\domco\Desktop\DP\repos\Mindustry\core\src\mindustry\graphics\MenuRenderer.java,20,1,288,2,0.0,0,0,0,0.0,0.0,0,0,1,6,6,37,11,1,1,16,23,0.0,0.00483092,1,0,0,4,0.00483092,1,0,0,0,0,0,206,269,13,0,13,0,7,0,3,0,7,142,0,3,0,206,269,13,0,13,0,7,0,3,0,7,142,0,3,0,0,0,27,0,18,8,0,2,0,5,1,6,17,0,1,0,0,1,0,4,0
103,L10966,MinimapRenderer,mindustry.graphics.MinimapRenderer,L19603,L103,C:\Users\domco\Desktop\DP\repos\Mindustry\core\src\mindustry\graphics\MinimapRenderer.java,21,1,204,2,0.0240518,1,1,1,0.0815217,0.0496454,15,7,1,3,3,32,12,9,9,15,30,0.0,0.00704225,1,0,0,15,0.00704225,1,0,0,0,0,0,141,184,7,4,7,4,15,0,14,1,15,96,0,14,1,141,184,7,4,7,4,15,0,14,1,15,96,0,14,1,0,0,43,0,5,1,7,3,0,0,1,1,33,0,0,0,0,0,0,2,0
104,L12087,MultiPacker,mindustry.graphics.MultiPacker,L19603,L103,C:\Users\domco\Desktop\DP\repos\Mindustry\core\src\mindustry\graphics\MultiPacker.java,9,1,104,2,0.0,0,0,0,0.0,0.0,0,0,1,2,2,17,2,7,9,0,10,0.0,0.0,0,0,0,11,0.0897436,7,0,0,0,0,0,53,72,1,1,1,1,10,0,10,0,10,23,0,10,0,71,96,9,1,9,1,13,8,10,0,13,26,8,10,0,0,0,37,0,4,2,0,0,0,0,0,1,29,1,0,0,0,0,0,8,0
105,L10970,OverlayRenderer,mindustry.graphics.OverlayRenderer,L19603,L103,C:\Users\domco\Desktop\DP\repos\Mindustry\core\src\mindustry\graphics\OverlayRenderer.java,23,1,276,2,0.0,0,0,0,0.0,0.0,0,0,2,5,5,64,26,1,0,29,33,0.0,0.0348837,6,0,0,4,0.0310881,6,0,0,0,0,0,166,231,8,0,8,0,4,0,3,0,4,132,0,3,0,187,254,14,0,14,0,6,0,4,0,6,139,0,4,0,0,0,33,0,0,0,0,0,1,3,2,0,18,0,0,0,0,0,0,9,0
106,L21249,Pal,mindustry.graphics.Pal,L19603,L103,C:\Users\domco\Desktop\DP\repos\Mindustry\core\src\mindustry\graphics\Pal.java,5,1,111,2,0.0,0,0,0,0.0,0.0,0,0,0,0,0,0,0,93,0,0,0,0.0,0.0,0,0,0,1,0.0,0,0,0,0,0,0,78,107,75,0,75,0,0,75,0,0,0,0,75,0,0,78,107,75,0,75,0,0,75,0,0,0,0,75,0,0,0,0,11,0,1,0,0,1,0,0,0,0,3,0,0,0,0,0,0,8,0
107,L10978,Pixelator,mindustry.graphics.Pixelator,L19603,L103,C:\Users\domco\Desktop\DP\repos\Mindustry\core\src\mindustry\graphics\Pixelator.java,14,1,68,2,0.0,0,0,0,0.0,0.0,0,0,3,1,1,7,3,5,6,5,9,0.0,0.0,0,0,0,5,0.0,0,0,0,0,0,0,39,55,4,0,4,0,4,0,4,0,4,22,0,4,0,39,55,4,0,4,0,4,0,4,0,4,22,0,4,0,0,1,12,0,3,2,0,0,1,0,0,1,11,0,1,0,0,0,0,0,0
108,L21307,Shaders,mindustry.graphics.Shaders,L19603,L103,C:\Users\domco\Desktop\DP\repos\Mindustry\core\src\mindustry\graphics\Shaders.java,17,1,335,2,0.155,1,2,2,0.0626959,0.08,20,20,1,1,1,3,14,13,1,14,16,0.0,0.134615,7,0,0,3,0.034749,9,0,0,0,0,0,45,71,20,1,20,1,2,20,2,0,2,23,20,2,0,250,319,43,1,43,1,30,40,30,0,49,101,40,49,0,0,2,172,6,7,3,25,3,0,0,2,2,105,0,7,1,0,0,0,39,0
109,L13664,Trail,mindustry.graphics.Trail,L19603,L103,C:\Users\domco\Desktop\DP\repos\Mindustry\core\src\mindustry\graphics\Trail.java,9,1,107,2,0.0,0,0,0,0.0,0.0,0,0,1,2,2,18,0,5,6,0,9,0.3,0.0375,3,3,3,7,0.0375,3,0,0,0,0,0,77,99,6,0,6,0,9,1,9,0,9,63,1,9,0,77,99,6,0,6,0,9,1,9,0,9,63,1,9,0,0,0,24,0,10,5,0,2,0,0,0,0,19,0,2,0,0,1,0,5,0
110,L21465,Voronoi,mindustry.graphics.Voronoi,L19603,L103,C:\Users\domco\Desktop\DP\repos\Mindustry\core\src\mindustry\graphics\Voronoi.java,9,1,643,2,0.132063,3,30,6,0.108661,0.128544,69,68,1,5,5,126,4,1,1,0,17,0.5,0.0398482,21,9,1,1,0.0381818,21,0,0,0,0,0,506,611,22,1,22,1,17,0,1,0,17,389,0,1,0,529,635,44,1,44,1,17,6,1,0,17,389,6,1,0,0,0,83,0,62,16,9,34,0,7,1,1,45,0,7,0,0,4,0,21,0
111,L9869,DesktopInput,mindustry.input.DesktopInput,L21653,L103,C:\Users\domco\Desktop\DP\repos\Mindustry\core\src\mindustry\input\DesktopInput.java,29,1,675,2,0.0,0,0,0,0.0,0.0,0,0,3,8,4,249,22,2,0,57,71,0.0,0.0538922,27,10,0,12,0.0538922,27,1,1,0,0,1,474,647,46,6,21,2,14,21,11,0,116,329,41,81,1,474,647,46,6,21,2,14,21,11,0,116,329,41,81,1,0,0,69,1,22,6,0,11,1,9,6,1,31,0,1,0,0,4,0,22,0
112,L9807,InputHandler,mindustry.input.InputHandler,L21653,L103,C:\Users\domco\Desktop\DP\repos\Mindustry\core\src\mindustry\input\InputHandler.java,43,1,1347,2,0.0,0,0,0,0.0,0.0,0,0,41,5,4,412,51,18,28,61,163,0.056338,0.0576132,56,20,4,67,0.057377,56,0,0,2,2,0,916,1301,25,4,25,4,102,20,70,1,102,565,20,70,1,920,1305,29,4,29,4,102,24,70,1,102,565,24,70,1,0,0,235,0,0,0,0,0,1,12,3,0,194,0,0,0,0,0,0,25,0
113,L9864,MobileInput,mindustry.input.MobileInput,L21653,L103,C:\Users\domco\Desktop\DP\repos\Mindustry\core\src\mindustry\input\MobileInput.java,32,1,964,2,0.0,0,0,0,0.0,0.0,0,0,3,8,5,262,26,1,0,63,92,0.0555556,0.131503,91,30,1,17,0.131503,91,1,1,0,0,1,601,933,53,5,28,1,29,27,17,0,131,440,47,87,1,601,933,53,5,28,1,29,27,17,0,131,440,47,87,1,0,0,100,0,0,0,0,0,1,18,7,0,55,0,0,0,0,0,0,19,0
114,L22542,Placement,mindustry.input.Placement,L21653,L103,C:\Users\domco\Desktop\DP\repos\Mindustry\core\src\mindustry\input\Placement.java,15,1,428,2,0.0604534,1,6,2,0.057971,0.0531561,24,16,5,6,5,92,14,9,12,13,26,0.5,0.137427,47,26,5,5,0.135057,47,0,0,0,0,0,295,408,10,0,10,0,13,0,9,0,13,233,0,9,0,301,414,19,0,19,0,13,9,9,0,13,233,9,9,0,0,0,71,0,0,0,12,0,1,10,1,0,33,0,0,0,0,0,0,14,0
115,L22660,JsonIO,mindustry.io.JsonIO,L22650,L103,C:\Users\domco\Desktop\DP\repos\Mindustry\core\src\mindustry\io\JsonIO.java,17,1,270,2,0.446064,3,13,7,0.42126,0.450704,107,96,3,1,1,8,16,13,17,1,8,0.0,0.0172414,1,0,0,7,0.0046729,1,0,0,0,0,0,57,80,2,0,2,0,7,1,6,0,7,24,1,6,0,213,254,3,0,3,0,36,1,33,0,36,82,1,33,0,0,2,288,1,4,0,148,4,14,0,1,1,117,0,2,0,0,0,0,8,0
116,L22929,MapIO,mindustry.io.MapIO,L22650,L103,C:\Users\domco\Desktop\DP\repos\Mindustry\core\src\mindustry\io\MapIO.java,22,1,214,2,0.0,0,0,0,0.0,0.0,0,0,9,4,4,32,16,3,6,23,33,0.0909091,0.0504202,6,1,1,10,0.046875,6,0,0,0,0,0,113,183,1,0,1,0,10,0,10,0,10,71,0,10,0,122,193,12,10,1,0,11,0,11,1,98,76,4,92,19,0,0,43,1,2,1,0,0,1,3,2,1,28,1,0,0,0,0,0,9,0
117,L22992,SaveFileReader,mindustry.io.SaveFileReader,L22650,L103,C:\Users\domco\Desktop\DP\repos\Mindustry\core\src\mindustry\io\SaveFileReader.java,11,1,176,2,0.0,0,0,0,0.0,0.0,0,0,4,2,2,23,2,6,15,1,13,0.230769,0.0425532,6,3,3,10,0.0416667,6,0,0,1,7,0,135,163,8,0,8,0,12,2,12,0,12,43,2,12,0,138,166,8,0,8,0,13,2,13,0,13,43,2,13,0,0,0,38,4,1,0,0,1,1,0,0,0,32,0,4,0,0,0,0,5,0
118,L23078,SaveIO,mindustry.io.SaveIO,L22650,L103,C:\Users\domco\Desktop\DP\repos\Mindustry\core\src\mindustry\io\SaveIO.java,20,1,189,2,0.0,0,0,0,0.0,0.0,0,0,6,2,2,33,10,9,22,7,27,0.047619,0.0214286,3,2,1,20,0.0206897,3,0,0,0,0,0,137,165,3,7,3,7,20,3,20,0,20,67,3,20,0,142,170,3,7,3,7,21,3,21,0,21,68,3,21,0,0,0,55,11,3,1,0,3,1,0,0,3,48,0,7,0,0,0,0,6,0
119,L18580,SaveMeta,mindustry.io.SaveMeta,L22650,L103,C:\Users\domco\Desktop\DP\repos\Mindustry\core\src\mindustry\io\SaveMeta.java,9,1,31,2,0.0,0,0,0,0.0,0.0,0,0,0,0,0,1,5,3,1,2,3,0.0,0.0,0,0,0,2,0.0,0,0,0,0,0,0,22,23,9,0,9,0,1,9,1,0,1,9,9,1,0,22,23,9,0,9,0,1,9,1,0,1,9,9,1,0,0,0,12,0,1,0,0,0,0,0,0,1,5,0,0,0,0,0,0,7,0
120,L18525,SavePreviewLoader,mindustry.io.SavePreviewLoader,L22650,L103,C:\Users\domco\Desktop\DP\repos\Mindustry\core\src\mindustry\io\SavePreviewLoader.java,8,1,23,2,0.0,0,0,0,0.0,0.0,0,0,1,1,1,3,0,1,1,0,2,0.0,0.0,0,0,0,3,0.0,0,0,0,0,0,0,14,16,0,0,0,0,2,0,2,0,2,5,0,2,0,14,16,0,0,0,0,2,0,2,0,2,5,0,2,0,0,0,7,2,0,1,0,0,0,0,0,1,7,0,0,0,0,0,0,0,0
121,L22868,SaveVersion,mindustry.io.SaveVersion,L22650,L103,C:\Users\domco\Desktop\DP\repos\Mindustry\core\src\mindustry\io\SaveVersion.java,24,1,442,2,0.0605459,1,4,1,0.0453461,0.044164,19,14,8,6,6,82,34,6,9,49,68,0.0,0.0703812,24,3,0,20,0.0703812,24,1,1,3,6,1,317,419,11,1,3,1,19,1,19,0,29,231,3,29,0,317,419,11,1,3,1,19,1,19,0,29,231,3,29,0,0,0,64,2,14,7,9,7,1,7,3,0,39,0,2,0,0,0,0,5,0
122,L23255,TypeIO,mindustry.io.TypeIO,L22650,L103,C:\Users\domco\Desktop\DP\repos\Mindustry\core\src\mindustry\io\TypeIO.java,33,1,661,2,0.0220736,1,4,2,0.0317965,0.0380952,20,20,61,4,2,180,36,5,10,23,98,0.0394737,0.0406654,22,4,3,73,0.0419708,23,0,0,0,0,0,519,622,1,0,1,0,75,0,75,0,75,407,0,75,0,525,629,2,0,2,0,76,1,76,0,76,408,1,76,0,0,0,191,0,0,0,14,0,1,3,2,0,156,0,0,0,0,0,0,15,0
123,L23624,GlobalConstants,mindustry.logic.GlobalConstants,L23544,L103,C:\Users\domco\Desktop\DP\repos\Mindustry\core\src\mindustry\logic\GlobalConstants.java,19,1,146,2,0.0,0,0,0,0.0,0.0,0,0,1,5,5,25,14,10,4,9,15,0.857143,0.141509,15,7,6,1,0.141509,15,0,0,0,0,0,91,128,9,0,9,0,6,5,6,0,6,60,5,6,0,91,128,9,0,9,0,6,5,6,0,6,60,5,6,0,0,0,21,0,0,0,0,0,0,3,1,0,11,0,0,0,0,0,0,6,0
124,L23744,LAssembler,mindustry.logic.LAssembler,L23544,L103,C:\Users\domco\Desktop\DP\repos\Mindustry\core\src\mindustry\logic\LAssembler.java,10,1,140,2,0.0,0,0,0,0.0,0.0,0,0,2,1,1,18,6,27,24,4,13,0.444444,0.188889,17,7,4,5,0.166667,18,0,0,0,0,0,73,111,6,1,6,1,9,4,8,0,9,41,4,8,0,90,131,9,1,9,1,12,7,10,0,12,43,7,10,0,0,0,37,0,6,1,0,4,1,0,0,0,26,1,0,0,0,0,0,10,0
125,L23815,LCanvas,mindustry.logic.LCanvas,L23544,L103,C:\Users\domco\Desktop\DP\repos\Mindustry\core\src\mindustry\logic\LCanvas.java,22,1,597,2,0.0,0,0,0,0.0,0.0,0,0,3,2,2,28,6,10,5,5,16,0.0909091,0.045045,5,2,1,10,0.0428212,17,0,0,0,0,0,106,148,10,0,10,0,11,4,10,0,11,55,4,10,0,380,576,28,2,28,2,31,8,28,1,31,228,8,28,1,0,0,110,0,0,0,0,0,3,1,0,0,84,0,0,0,0,0,0,22,0
126,L23996,LExecutor,mindustry.logic.LExecutor,L23544,L103,C:\Users\domco\Desktop\DP\repos\Mindustry\core\src\mindustry\logic\LExecutor.java,28,1,1077,2,0.0284305,3,6,6,0.0190476,0.0294118,20,20,1,1,1,37,7,26,22,3,19,0.125,0.0754717,8,4,2,14,0.0710383,52,0,0,0,0,0,98,176,17,0,17,0,16,17,15,0,16,43,17,15,0,680,1050,97,2,97,2,78,91,71,2,78,338,91,71,2,0,0,351,0,0,0,22,0,0,7,1,0,220,0,0,1,0,0,0,100,0
127,L11368,LogicDialog,mindustry.logic.LogicDialog,L23544,L103,C:\Users\domco\Desktop\DP\repos\Mindustry\core\src\mindustry\logic\LogicDialog.java,22,1,205,2,0.0,0,0,0,0.0,0.0,0,0,1,1,1,3,3,1,1,6,8,0.0,0.025,1,0,0,3,0.025,1,1,1,0,0,1,39,184,5,0,3,0,2,1,2,0,7,24,1,6,0,39,184,5,0,3,0,2,1,2,0,7,24,1,6,0,0,1,12,2,11,1,0,6,0,0,0,0,7,0,5,0,0,2,0,5,0
128,L24614,LParser,mindustry.logic.LParser,L23544,L103,C:\Users\domco\Desktop\DP\repos\Mindustry\core\src\mindustry\logic\LParser.java,8,1,200,2,0.0,0,0,0,0.0,0.0,0,0,1,4,4,58,6,1,1,1,10,0.5,0.111111,17,3,1,1,0.10559,17,0,0,0,0,0,136,184,10,0,10,0,9,0,1,0,9,95,0,1,0,144,193,12,0,12,0,10,0,2,0,10,97,0,2,0,0,0,25,0,0,0,0,0,0,3,0,0,20,0,0,0,0,0,0,2,0
129,L23747,LStatement,mindustry.logic.LStatement,L23544,L103,C:\Users\domco\Desktop\DP\repos\Mindustry\core\src\mindustry\logic\LStatement.java,23,1,201,2,0.0,0,0,0,0.0,0.0,0,0,10,5,4,34,5,25,24,3,22,0.0909091,0.0625,7,4,1,10,0.0583333,7,0,0,21,22,0,105,170,1,0,1,0,19,1,10,0,19,58,1,10,0,113,179,1,2,1,2,21,1,12,0,21,60,1,12,0,0,0,58,0,0,0,0,0,1,3,0,0,48,0,0,1,0,0,0,5,0
130,L24747,LStatements,mindustry.logic.LStatements,L23544,L103,C:\Users\domco\Desktop\DP\repos\Mindustry\core\src\mindustry\logic\LStatements.java,24,1,1053,2,0.111154,4,8,8,0.156311,0.0704225,161,40,0,0,0,0,0,0,0,0,0,0.0,0.0,0,0,0,1,0.0273973,16,0,0,0,0,0,2,26,0,0,0,0,0,0,0,0,0,0,0,0,0,568,1030,69,0,68,0,80,65,71,0,458,209,66,251,0,0,0,423,0,0,0,77,0,22,1,0,0,227,0,0,0,0,0,0,96,0
131,L3856,Map,mindustry.maps.Map,L25240,L103,C:\Users\domco\Desktop\DP\repos\Mindustry\core\src\mindustry\maps\Map.java,18,1,233,2,0.0,0,0,0,0.0,0.0,0,0,4,2,2,46,13,30,23,6,36,0.0967742,0.104972,19,14,3,28,0.104972,19,1,1,0,0,1,162,216,12,2,12,2,30,12,30,1,31,70,12,31,1,162,216,12,2,12,2,30,12,30,1,31,70,12,31,1,0,0,72,6,7,2,0,5,1,0,1,3,59,0,2,0,0,1,0,11,0
132,L11862,MapException,mindustry.maps.MapException,L25240,L103,C:\Users\domco\Desktop\DP\repos\Mindustry\core\src\mindustry\maps\MapException.java,3,1,10,2,0.0,0,0,0,0.0,0.0,0,0,0,0,0,1,1,2,1,0,1,0.0,0.0,0,0,0,2,0.0,0,0,0,0,0,0,7,8,1,0,1,0,1,1,1,0,1,2,1,1,0,7,8,1,0,1,0,1,1,1,0,1,2,1,1,0,0,0,9,1,0,0,0,0,0,0,0,0,5,0,1,0,0,0,0,4,0
133,L3814,MapPreviewLoader,mindustry.maps.MapPreviewLoader,L25240,L103,C:\Users\domco\Desktop\DP\repos\Mindustry\core\src\mindustry\maps\MapPreviewLoader.java,13,1,57,2,0.0,0,0,0,0.0,0.0,0,0,2,2,2,7,4,1,1,1,5,0.0,0.0,0,0,0,5,0.0,0,0,0,0,0,0,33,38,0,1,0,1,4,0,4,0,4,14,0,4,0,39,45,1,1,1,1,5,1,5,0,5,15,1,5,0,0,0,23,3,0,0,0,0,1,0,0,1,16,0,2,0,0,0,0,6,0
134,L26076,Maps,mindustry.maps.Maps,L25240,L103,C:\Users\domco\Desktop\DP\repos\Mindustry\core\src\mindustry\maps\Maps.java,31,1,514,2,0.0853081,2,4,4,0.0661157,0.0914286,32,32,7,5,5,72,24,17,15,25,53,0.521739,0.113372,39,24,12,11,0.100257,39,0,0,0,0,0,305,433,8,2,8,2,28,1,22,2,28,172,1,22,2,350,484,18,2,13,2,33,5,24,2,177,183,6,120,2,0,9,176,15,10,4,49,6,2,3,2,12,89,0,12,0,0,0,0,31,0
135,L26361,SectorDamage,mindustry.maps.SectorDamage,L25240,L103,C:\Users\domco\Desktop\DP\repos\Mindustry\core\src\mindustry\maps\SectorDamage.java,22,1,535,2,0.0,0,0,0,0.0,0.0,0,0,2,8,8,135,30,3,2,29,37,0.75,0.156716,63,8,6,2,0.156716,63,0,0,0,0,0,339,514,3,4,3,4,8,2,7,0,8,292,2,7,0,339,514,3,4,3,4,8,2,7,0,8,292,2,7,0,0,0,37,0,0,0,0,0,1,10,3,0,11,0,0,0,0,0,0,12,0
136,L26432,ClassMap,mindustry.mod.ClassMap,L26422,L103,C:\Users\domco\Desktop\DP\repos\Mindustry\core\src\mindustry\mod\ClassMap.java,5,1,347,2,0.0,0,0,0,0.0,0.0,0,0,0,0,0,0,336,1,0,0,0,1.0,0.00291545,1,1,1,0,0.00291545,1,0,0,0,0,0,342,343,1,0,1,0,0,1,0,0,0,0,1,0,0,342,343,1,0,1,0,0,1,0,0,0,0,1,0,0,0,0,7,0,0,0,0,0,0,0,1,0,2,0,0,0,0,0,0,4,0
137,L26902,ContentParser,mindustry.mod.ContentParser,L26422,L103,C:\Users\domco\Desktop\DP\repos\Mindustry\core\src\mindustry\mod\ContentParser.java,46,1,835,2,0.0,0,0,0,0.0,0.0,0,0,9,3,3,101,15,2,2,7,34,0.2,0.104046,36,14,1,4,0.0904977,40,0,0,0,0,0,310,596,13,2,13,2,27,0,4,0,27,191,0,4,0,402,790,17,2,17,2,32,4,8,0,32,229,4,8,0,0,0,96,0,0,0,0,0,2,5,2,0,78,0,0,0,0,0,0,9,0
138,L27171,Mod,mindustry.mod.Mod,L26422,L103,C:\Users\domco\Desktop\DP\repos\Mindustry\core\src\mindustry\mod\Mod.java,7,1,32,2,0.0,0,0,0,0.0,0.0,0,0,4,0,0,5,2,3,1,1,6,0.833333,0.277778,5,5,5,1,0.277778,5,0,0,1,1,0,13,26,0,1,0,1,5,0,5,0,5,1,0,5,0,13,26,0,1,0,1,5,0,5,0,5,1,0,5,0,0,0,2,4,6,1,0,5,1,0,0,0,1,4,0,0,0,0,0,0,0
139,L27187,ModClassLoader,mindustry.mod.ModClassLoader,L26422,L103,C:\Users\domco\Desktop\DP\repos\Mindustry\core\src\mindustry\mod\ModClassLoader.java,5,1,49,2,0.0,0,0,0,0.0,0.0,0,0,1,3,3,7,0,1,1,0,3,0.0,0.0571429,2,0,0,3,0.0512821,2,0,0,0,0,0,33,41,2,0,2,0,3,0,2,0,3,17,0,2,0,37,45,2,0,2,0,4,0,2,0,4,18,0,2,0,0,0,14,0,2,0,0,0,0,0,0,2,14,0,0,0,0,0,0,0,0
140,L27217,ModListing,mindustry.mod.ModListing,L26422,L103,C:\Users\domco\Desktop\DP\repos\Mindustry\core\src\mindustry\mod\ModListing.java,4,1,24,2,0.0,0,0,0,0.0,0.0,0,0,1,0,0,1,0,1,0,0,1,0.5,0.047619,1,1,1,1,0.047619,1,0,0,0,0,0,20,21,10,0,10,0,1,10,1,0,1,1,10,1,0,20,21,10,0,10,0,1,10,1,0,1,1,10,1,0,0,0,11,0,2,2,0,0,0,0,0,0,5,0,0,0,0,0,0,6,0
141,L3835,Mods,mindustry.mod.Mods,L26422,L103,C:\Users\domco\Desktop\DP\repos\Mindustry\core\src\mindustry\mod\Mods.java,33,1,1133,2,0.0,0,0,0,0.0,0.0,0,0,5,5,5,179,25,21,26,32,77,0.6875,0.127186,80,31,22,10,0.118664,103,0,0,0,0,0,549,801,12,8,12,8,45,0,31,1,45,315,0,31,1,765,1101,43,13,43,13,79,28,65,2,81,385,28,67,2,0,0,196,0,0,0,0,0,3,10,2,0,150,0,0,0,0,0,0,31,0
142,L27522,Plugin,mindustry.mod.Plugin,L26422,L103,C:\Users\domco\Desktop\DP\repos\Mindustry\core\src\mindustry\mod\Plugin.java,4,1,6,2,0.0,0,0,0,0.0,0.0,0,0,0,0,0,0,1,1,0,0,0,1.0,0.333333,1,1,1,0,0.333333,1,1,1,0,0,1,2,3,0,1,0,0,0,0,0,0,5,0,0,5,0,2,3,0,1,0,0,0,0,0,0,5,0,0,5,0,0,0,0,0,1,0,0,0,0,0,0,1,0,0,0,0,0,0,0,0,0
143,L10908,Scripts,mindustry.mod.Scripts,L26422,L103,C:\Users\domco\Desktop\DP\repos\Mindustry\core\src\mindustry\mod\Scripts.java,20,1,200,2,0.0,0,0,0,0.0,0.0,0,0,8,2,2,33,5,4,4,6,25,0.470588,0.0877193,10,8,8,9,0.0821918,12,0,0,0,0,0,104,146,4,1,4,1,19,2,16,0,19,53,2,16,0,134,181,5,1,5,1,22,2,18,0,22,72,2,18,0,0,0,46,0,0,0,0,0,1,0,0,0,40,0,0,0,0,0,0,5,0
144,L10521,Administration,mindustry.net.Administration,L27725,L103,C:\Users\domco\Desktop\DP\repos\Mindustry\core\src\mindustry\net\Administration.java,18,1,660,2,0.0,0,0,0,0.0,0.0,0,0,3,2,2,85,11,9,17,8,52,0.44186,0.155963,51,43,19,24,0.128773,64,0,0,0,0,0,276,451,7,10,7,10,44,6,42,1,44,158,6,42,1,433,643,81,10,81,10,66,79,58,1,66,200,79,58,1,0,3,172,0,19,7,0,10,1,0,1,0,124,1,4,0,0,0,0,46,0
145,L10901,ArcNetProvider,mindustry.net.ArcNetProvider,L27725,L103,C:\Users\domco\Desktop\DP\repos\Mindustry\core\src\mindustry\net\ArcNetProvider.java,25,1,497,2,0.0,0,0,0,0.0,0.0,0,0,3,2,2,22,7,5,6,2,14,0.0,0.026087,3,0,0,11,0.0589888,21,1,1,0,0,1,112,183,8,2,8,2,12,0,10,0,12,53,0,10,0,335,473,41,2,21,2,29,1,25,0,37,215,21,32,0,0,0,92,0,0,0,0,0,3,0,0,0,76,0,0,0,0,0,0,13,0
146,L28327,BeControl,mindustry.net.BeControl,L27725,L103,C:\Users\domco\Desktop\DP\repos\Mindustry\core\src\mindustry\net\BeControl.java,25,1,195,2,0.0,0,0,0,0.0,0.0,0,0,4,3,3,14,4,3,3,2,8,0.833333,0.118421,9,5,5,1,0.118421,9,0,0,0,0,0,67,171,6,0,6,0,6,0,5,0,6,28,0,5,0,67,171,6,0,6,0,6,0,5,0,6,28,0,5,0,0,4,12,7,6,3,0,4,1,0,0,3,9,0,7,0,0,0,0,2,0
147,L28374,CrashSender,mindustry.net.CrashSender,L27725,L103,C:\Users\domco\Desktop\DP\repos\Mindustry\core\src\mindustry\net\CrashSender.java,20,1,183,2,0.0,0,0,0,0.0,0.0,0,0,2,4,4,32,4,3,3,5,11,0.0,0.282759,41,0,0,4,0.282759,41,0,0,0,0,0,104,164,0,0,0,0,6,0,3,0,6,58,0,3,0,104,164,0,0,0,0,6,0,3,0,6,58,0,3,0,0,2,17,18,8,8,0,6,1,3,0,0,11,0,13,0,0,1,0,2,0
148,L17959,Host,mindustry.net.Host,L27725,L103,C:\Users\domco\Desktop\DP\repos\Mindustry\core\src\mindustry\net\Host.java,7,1,33,2,0.0,0,0,0,0.0,0.0,0,0,0,0,0,1,1,8,2,0,1,0.0,0.0,0,0,0,2,0.0,0,0,0,0,0,0,26,27,13,0,13,0,1,13,1,0,1,12,13,1,0,26,27,13,0,13,0,1,13,1,0,1,12,13,1,0,0,0,12,0,5,3,0,1,0,0,0,1,5,0,0,0,0,0,0,7,0
149,L3826,Net,mindustry.net.Net,L27725,L103,C:\Users\domco\Desktop\DP\repos\Mindustry\core\src\mindustry\net\Net.java,22,1,398,2,0.0,0,0,0,0.0,0.0,0,0,6,8,2,79,13,57,112,26,53,0.642857,0.183391,53,47,18,10,0.211356,67,0,0,0,0,0,236,342,13,3,13,3,27,0,27,2,27,136,0,27,2,250,377,13,4,13,4,36,0,36,2,36,138,0,36,2,0,0,47,0,0,0,0,0,1,3,2,0,35,0,0,0,0,0,0,6,0
150,L10690,NetConnection,mindustry.net.NetConnection,L27725,L103,C:\Users\domco\Desktop\DP\repos\Mindustry\core\src\mindustry\net\NetConnection.java,13,1,111,2,0.0,0,0,0,0.0,0.0,0,0,3,2,2,19,8,12,9,3,13,0.4,0.125,10,10,4,6,0.125,10,0,0,2,2,0,70,99,20,0,20,0,10,20,9,0,10,32,20,9,0,70,99,20,0,20,0,10,20,9,0,10,32,20,9,0,0,0,23,1,6,4,0,1,1,0,0,1,15,0,0,0,0,1,0,7,0
151,L28710,NetworkIO,mindustry.net.NetworkIO,L27725,L103,C:\Users\domco\Desktop\DP\repos\Mindustry\core\src\mindustry\net\NetworkIO.java,22,1,150,2,0.0,0,0,0,0.0,0.0,0,0,4,5,5,21,21,2,2,21,28,0.0,0.0188679,2,0,0,5,0.0188679,2,0,0,0,0,0,104,129,0,0,0,0,7,0,4,0,7,79,0,4,0,104,129,0,0,0,0,7,0,4,0,7,79,0,4,0,0,0,21,0,0,0,0,0,1,2,1,0,17,0,0,0,0,0,0,0,0
152,L28100,Packet,mindustry.net.Packet,L27725,L103,C:\Users\domco\Desktop\DP\repos\Mindustry\core\src\mindustry\net\Packet.java,7,1,37,2,0.0,0,0,0,0.0,0.0,0,0,5,0,0,7,1,10,3,0,7,0.0,0.208333,5,5,0,8,0.208333,5,0,0,6,7,0,19,31,6,1,6,1,7,3,7,0,7,2,3,7,0,19,31,6,1,6,1,7,3,7,0,7,2,3,7,0,0,0,23,5,7,1,0,5,1,0,0,0,17,5,1,0,0,0,0,5,0
153,L28779,Packets,mindustry.net.Packets,L27725,L103,C:\Users\domco\Desktop\DP\repos\Mindustry\core\src\mindustry\net\Packets.java,15,1,159,2,0.0,0,0,0,0.0,0.0,0,0,0,0,0,0,0,0,0,0,0,1.0,0.6,3,3,1,0,0.0487805,6,0,0,0,0,0,2,13,0,0,0,0,0,0,0,0,0,0,0,0,0,117,145,45,9,38,2,12,37,10,0,55,49,41,53,0,0,0,89,0,1,1,0,0,1,0,0,0,49,0,0,0,0,0,0,39,0
154,L28860,ServerGroup,mindustry.net.ServerGroup,L27725,L103,C:\Users\domco\Desktop\DP\repos\Mindustry\core\src\mindustry\net\ServerGroup.java,5,1,28,2,0.0,0,0,0,0.0,0.0,0,0,1,0,0,7,0,1,1,0,5,0.0,0.0,0,0,0,5,0.0,0,0,0,0,0,0,19,24,2,0,2,0,5,2,4,1,5,5,2,4,1,19,24,2,0,2,0,5,2,4,1,5,5,2,4,1,0,0,17,1,3,2,0,1,0,0,0,0,13,1,0,0,0,0,0,4,0
155,L28216,Streamable,mindustry.net.Streamable,L27725,L103,C:\Users\domco\Desktop\DP\repos\Mindustry\core\src\mindustry\net\Streamable.java,7,1,49,2,0.0,0,0,0,0.0,0.0,0,0,0,0,0,1,1,6,0,0,1,0.0,0.0,0,0,0,2,0.0,0,1,1,1,1,1,7,9,7,2,1,1,1,1,1,0,8,1,4,8,0,36,43,11,2,5,1,6,5,6,0,13,12,8,13,0,0,0,26,1,0,0,0,0,0,0,0,1,18,0,0,0,0,0,0,8,0
156,L10326,ValidateException,mindustry.net.ValidateException,L27725,L103,C:\Users\domco\Desktop\DP\repos\Mindustry\core\src\mindustry\net\ValidateException.java,8,1,15,2,0.0,0,0,0,0.0,0.0,0,0,0,0,0,1,0,3,10,0,1,0.5,0.3,3,3,1,1,0.3,3,0,0,0,0,0,7,8,1,0,1,0,1,1,1,0,1,2,1,1,0,7,8,1,0,1,0,1,1,1,0,1,2,1,1,0,0,0,7,1,0,0,0,0,0,0,0,0,3,0,1,0,0,0,0,4,0
157,L9901,WorldReloader,mindustry.net.WorldReloader,L27725,L103,C:\Users\domco\Desktop\DP\repos\Mindustry\core\src\mindustry\net\WorldReloader.java,10,1,59,2,0.0,0,0,0,0.0,0.0,0,0,1,3,3,10,6,1,0,5,7,1.0,0.142857,6,5,3,0,0.142857,6,0,0,0,0,0,36,50,3,0,3,0,2,0,2,0,2,24,0,2,0,36,50,3,0,3,0,2,0,2,0,2,24,0,2,0,0,0,6,0,9,0,0,6,0,0,0,0,6,0,1,0,0,2,0,0,0
158,L476,GameService,mindustry.service.GameService,L28900,L103,C:\Users\domco\Desktop\DP\repos\Mindustry\core\src\mindustry\service\GameService.java,30,1,359,2,0.210978,3,4,4,0.39697,0.211382,131,26,6,3,3,20,30,7,5,6,18,0.25,0.0955882,13,11,2,6,0.0955882,13,0,0,2,2,0,123,330,4,1,4,1,12,0,7,1,12,66,0,7,1,123,330,4,1,4,1,12,0,7,1,12,66,0,7,1,0,0,44,0,0,0,12,0,1,0,1,0,27,0,0,0,0,0,0,3,0
159,L26470,ErrorContent,mindustry.type.ErrorContent,L29127,L103,C:\Users\domco\Desktop\DP\repos\Mindustry\core\src\mindustry\type\ErrorContent.java,6,1,11,2,0.0,0,0,0,0.0,0.0,0,0,0,0,0,1,2,2,0,0,1,0.5,0.142857,1,1,1,1,0.142857,1,1,1,0,0,1,6,6,2,1,0,1,1,0,1,0,8,1,2,8,0,6,6,2,1,0,1,1,0,1,0,8,1,2,8,0,0,0,7,0,0,0,0,0,0,0,0,0,5,0,0,0,0,0,0,2,0
160,L2220,Item,mindustry.type.Item,L29127,L103,C:\Users\domco\Desktop\DP\repos\Mindustry\core\src\mindustry\type\Item.java,11,1,63,2,0.0,0,0,0,0.0,0.0,0,0,1,0,0,6,6,110,0,3,9,0.142857,0.23913,11,11,1,6,0.23913,11,3,3,16,16,1,35,53,22,3,8,2,6,8,6,1,38,10,21,38,2,35,53,22,3,8,2,6,8,6,1,38,10,21,38,2,0,0,20,0,5,0,0,1,0,0,0,0,13,0,0,1,0,4,0,6,0
161,L18671,ItemSeq,mindustry.type.ItemSeq,L29127,L103,C:\Users\domco\Desktop\DP\repos\Mindustry\core\src\mindustry\type\ItemSeq.java,13,1,170,2,0.0,0,0,0,0.0,0.0,0,0,3,2,2,44,9,15,19,7,34,0.0,0.0,0,0,0,28,0.0,0,0,0,0,0,0,131,158,2,0,2,0,27,1,27,0,27,68,1,27,0,131,158,2,0,2,0,27,1,27,0,27,68,1,27,0,0,0,65,1,5,1,0,3,1,0,0,0,57,1,0,0,0,1,0,7,0
162,L4707,ItemStack,mindustry.type.ItemStack,L29127,L103,C:\Users\domco\Desktop\DP\repos\Mindustry\core\src\mindustry\type\ItemStack.java,7,1,82,2,0.0,0,0,0,0.0,0.0,0,0,1,1,1,20,3,48,13,1,12,0.0833333,0.03125,2,1,1,11,0.03125,2,0,0,0,0,0,62,76,3,0,3,0,11,3,11,0,11,36,3,11,0,62,76,3,0,3,0,11,3,11,0,11,36,3,11,0,0,0,27,0,0,0,0,0,0,0,0,0,23,0,0,0,0,0,0,4,0
163,L2304,Liquid,mindustry.type.Liquid,L29127,L103,C:\Users\domco\Desktop\DP\repos\Mindustry\core\src\mindustry\type\Liquid.java,9,1,65,2,0.0,0,0,0,0.0,0.0,0,0,3,0,0,9,5,65,1,2,9,0.125,0.2,10,10,1,7,0.2,10,3,3,4,4,1,40,57,23,2,9,1,7,9,7,1,39,12,22,39,2,40,57,23,2,9,1,7,9,7,1,39,12,22,39,2,0,0,23,0,2,0,0,0,1,0,0,1,15,0,1,0,0,0,0,7,0
164,L4843,LiquidStack,mindustry.type.LiquidStack,L29127,L103,C:\Users\domco\Desktop\DP\repos\Mindustry\core\src\mindustry\type\LiquidStack.java,7,1,79,2,0.0,0,0,0,0.0,0.0,0,0,1,1,1,19,3,8,0,1,12,0.0,0.0322581,2,1,0,11,0.0322581,2,0,0,0,0,0,60,73,2,0,2,0,11,2,10,0,11,34,2,10,0,60,73,2,0,2,0,11,2,10,0,11,34,2,10,0,0,0,27,0,0,0,0,0,0,0,0,0,23,0,0,0,0,0,0,4,0
165,L7615,Planet,mindustry.type.Planet,L29127,L103,C:\Users\domco\Desktop\DP\repos\Mindustry\core\src\mindustry\type\Planet.java,20,1,337,2,0.0,0,0,0,0.0,0.0,0,0,5,3,3,53,15,32,23,11,40,0.5,0.229323,61,51,15,15,0.229323,61,3,3,2,2,1,205,318,55,11,41,10,29,38,29,1,61,97,51,61,2,205,318,55,11,41,10,29,38,29,1,61,97,51,61,2,0,0,60,0,12,3,0,3,1,0,1,0,43,0,1,0,0,5,0,15,0
166,L26473,Satellite,mindustry.type.Satellite,L29127,L103,C:\Users\domco\Desktop\DP\repos\Mindustry\core\src\mindustry\type\Satellite.java,5,1,11,2,0.0,0,0,0,0.0,0.0,0,0,0,0,0,1,1,1,0,0,1,0.5,0.25,2,2,1,1,0.25,2,0,0,0,0,0,6,7,1,0,1,0,1,1,1,0,1,1,1,1,0,6,7,1,0,1,0,1,1,1,0,1,1,1,1,0,0,0,7,0,0,0,0,0,0,0,0,0,3,0,0,0,0,0,0,4,0
167,L9892,Sector,mindustry.type.Sector,L29127,L103,C:\Users\domco\Desktop\DP\repos\Mindustry\core\src\mindustry\type\Sector.java,22,1,264,2,0.0,0,0,0,0.0,0.0,0,0,2,2,2,64,20,33,29,17,45,0.321429,0.130435,24,13,9,19,0.128713,26,0,0,0,0,0,160,223,11,3,11,3,28,10,27,1,28,86,10,27,1,176,243,17,3,17,3,30,16,29,1,30,94,16,29,1,0,0,64,0,10,3,0,5,1,0,1,0,48,0,0,0,0,2,0,14,0
168,L7671,SectorPreset,mindustry.type.SectorPreset,L29127,L103,C:\Users\domco\Desktop\DP\repos\Mindustry\core\src\mindustry\type\SectorPreset.java,9,1,51,2,0.0,0,0,0,0.0,0.0,0,0,2,1,1,5,5,29,0,3,7,0.0,0.0277778,1,1,0,5,0.0277778,1,3,3,18,18,1,35,43,24,2,10,1,4,10,4,0,36,11,23,36,1,35,43,24,2,10,1,4,10,4,0,36,11,23,36,1,0,0,20,0,4,1,0,0,1,0,0,1,11,0,0,1,0,2,0,7,0
169,L7851,StatusEffect,mindustry.type.StatusEffect,L29127,L103,C:\Users\domco\Desktop\DP\repos\Mindustry\core\src\mindustry\type\StatusEffect.java,15,1,197,2,0.0,0,0,0,0.0,0.0,0,0,5,2,2,40,12,38,4,8,25,0.142857,0.192053,29,26,2,12,0.188312,29,3,3,20,20,1,122,180,34,2,20,1,17,18,13,1,49,57,31,45,2,125,183,34,2,20,1,18,18,14,1,50,57,31,46,2,0,0,50,0,13,1,0,7,1,1,1,0,38,1,0,1,0,4,0,8,0
170,L3481,UnitType,mindustry.type.UnitType,L29127,L103,C:\Users\domco\Desktop\DP\repos\Mindustry\core\src\mindustry\type\UnitType.java,39,1,972,2,0.0,0,0,0,0.0,0.0,0,0,6,4,4,170,49,95,25,39,84,0.133333,0.0605227,44,22,6,39,0.0605227,44,3,3,39,39,1,683,934,146,7,132,6,45,127,44,1,77,410,140,76,2,683,934,146,7,132,6,45,127,44,1,77,410,140,76,2,0,0,122,0,0,0,0,0,1,6,4,0,91,0,0,1,0,0,0,19,0
171,L8175,Weapon,mindustry.type.Weapon,L29127,L103,C:\Users\domco\Desktop\DP\repos\Mindustry\core\src\mindustry\type\Weapon.java,24,1,398,2,0.0,0,0,0,0.0,0.0,0,0,2,4,4,75,16,11,12,15,28,0.1,0.205047,65,50,1,9,0.205047,65,0,0,54,59,0,252,375,53,0,53,0,13,52,9,0,13,126,52,9,0,252,375,53,0,53,0,13,52,9,0,13,126,52,9,0,0,0,48,0,0,0,0,0,1,3,1,0,29,0,0,2,0,0,0,12,0
172,L9471,Weather,mindustry.type.Weather,L29127,L103,C:\Users\domco\Desktop\DP\repos\Mindustry\core\src\mindustry\type\Weather.java,22,1,362,2,0.0,0,0,0,0.0,0.0,0,0,9,5,4,40,16,12,9,7,27,0.0,0.0189573,4,3,0,21,0.043956,12,3,3,4,10,1,207,261,29,2,15,1,20,15,20,0,52,141,28,52,1,261,341,44,2,30,1,26,23,25,0,58,160,36,57,1,0,0,82,0,22,7,0,5,2,2,1,1,55,4,0,0,0,5,0,22,0
173,L13255,Bar,mindustry.ui.Bar,L30479,L103,C:\Users\domco\Desktop\DP\repos\Mindustry\core\src\mindustry\ui\Bar.java,15,1,148,2,0.0,0,0,0,0.0,0.0,0,0,1,2,2,23,1,5,2,0,10,0.0,0.0285714,3,0,0,11,0.0285714,3,0,0,0,0,0,102,134,9,0,9,0,10,0,10,0,10,71,0,10,0,102,134,9,0,9,0,10,0,10,0,10,71,0,10,0,0,0,26,3,13,2,0,8,0,1,0,5,23,1,0,0,0,0,0,2,0
174,L12767,BorderImage,mindustry.ui.BorderImage,L30479,L103,C:\Users\domco\Desktop\DP\repos\Mindustry\core\src\mindustry\ui\BorderImage.java,9,1,46,2,0.0,0,0,0,0.0,0.0,0,0,1,0,0,6,0,5,6,0,6,0.0,0.0,0,0,0,7,0.0,0,0,0,0,0,0,30,38,3,0,3,0,6,3,6,0,6,13,3,6,0,30,38,3,0,3,0,6,3,6,0,6,13,3,6,0,0,0,19,0,3,1,0,0,0,0,0,0,15,1,0,0,0,1,0,4,0
175,L30582,CoreItemsDisplay,mindustry.ui.CoreItemsDisplay,L30479,L103,C:\Users\domco\Desktop\DP\repos\Mindustry\core\src\mindustry\ui\CoreItemsDisplay.java,12,1,55,2,0.0,0,0,0,0.0,0.0,0,0,1,3,3,7,6,1,0,1,4,0.0,0.0322581,1,0,0,3,0.0322581,1,0,0,0,0,0,30,44,2,0,2,0,3,0,2,0,3,15,0,2,0,30,44,2,0,2,0,3,0,2,0,3,15,0,2,0,0,1,9,0,2,0,0,1,0,0,0,0,9,0,2,0,0,0,0,0,0
176,L31947,Fonts,mindustry.ui.Fonts,L30479,L103,C:\Users\domco\Desktop\DP\repos\Mindustry\core\src\mindustry\ui\Fonts.java,29,1,294,2,0.0,0,0,0,0.0,0.0,0,0,4,3,3,20,4,18,8,1,14,0.230769,0.0709677,11,3,3,10,0.0521327,11,0,0,0,0,0,144,205,12,4,12,4,13,5,12,0,13,88,5,12,0,200,266,13,4,13,4,17,5,16,0,17,115,5,16,0,0,0,65,0,0,0,0,0,2,0,0,0,56,0,0,0,0,0,0,7,0
177,L12847,GridImage,mindustry.ui.GridImage,L30479,L103,C:\Users\domco\Desktop\DP\repos\Mindustry\core\src\mindustry\ui\GridImage.java,6,1,38,2,0.0,0,0,0,0.0,0.0,0,0,1,1,1,6,0,1,1,0,3,0.0,0.0,0,0,0,4,0.0,0,0,0,0,0,0,26,33,2,0,2,0,3,0,3,1,3,18,0,3,1,26,33,2,0,2,0,3,0,3,1,3,18,0,3,1,0,0,9,0,1,1,0,0,0,0,0,0,9,0,0,0,0,0,0,0,0
178,L32394,IntFormat,mindustry.ui.IntFormat,L30479,L103,C:\Users\domco\Desktop\DP\repos\Mindustry\core\src\mindustry\ui\IntFormat.java,10,1,43,2,0.0,0,0,0,0.0,0.0,0,0,1,1,1,7,0,1,1,0,4,0.2,0.0909091,3,3,1,4,0.0909091,3,0,0,0,0,0,30,34,5,0,5,0,4,0,4,0,4,14,0,4,0,30,34,5,0,5,0,4,0,4,0,4,14,0,4,0,0,0,11,0,2,2,0,0,0,0,0,0,11,0,0,0,0,0,0,0,0
179,L32779,ItemDisplay,mindustry.ui.ItemDisplay,L30479,L103,C:\Users\domco\Desktop\DP\repos\Mindustry\core\src\mindustry\ui\ItemDisplay.java,11,1,40,2,0.0,0,0,0,0.0,0.0,0,0,0,1,1,8,6,0,0,4,8,0.4,0.115385,3,3,2,3,0.115385,3,0,0,0,0,0,23,30,2,0,2,0,4,2,4,0,4,13,2,4,0,23,30,2,0,2,0,4,2,4,0,4,13,2,4,0,0,0,15,0,2,0,0,2,0,0,0,0,11,0,0,0,0,0,0,4,0
180,L32792,ItemImage,mindustry.ui.ItemImage,L30479,L103,C:\Users\domco\Desktop\DP\repos\Mindustry\core\src\mindustry\ui\ItemImage.java,9,1,47,2,0.0,0,0,0,0.0,0.0,0,0,0,1,1,4,1,2,3,0,3,0.0,0.0,0,0,0,4,0.0,0,0,0,0,0,0,21,39,0,0,0,0,3,0,3,0,3,8,0,3,0,21,39,0,0,0,0,3,0,3,0,3,8,0,3,0,0,0,9,0,2,0,0,0,0,0,0,0,9,0,0,0,0,2,0,0,0
181,L31483,ItemsDisplay,mindustry.ui.ItemsDisplay,L30479,L103,C:\Users\domco\Desktop\DP\repos\Mindustry\core\src\mindustry\ui\ItemsDisplay.java,17,1,63,2,0.0,0,0,0,0.0,0.0,0,0,1,0,0,3,1,2,3,1,4,0.25,0.0625,1,1,1,3,0.0625,1,0,0,0,0,0,15,47,0,0,0,0,3,0,3,0,3,6,0,3,0,15,47,0,0,0,0,3,0,3,0,3,6,0,3,0,0,0,9,0,2,1,0,1,0,0,0,0,9,0,0,0,0,0,0,0,0
182,L33012,Links,mindustry.ui.Links,L30479,L103,C:\Users\domco\Desktop\DP\repos\Mindustry\core\src\mindustry\ui\Links.java,13,1,84,2,0.0,0,0,0,0.0,0.0,0,0,1,1,1,7,5,1,1,3,6,0.0,0.0227273,1,0,0,2,0.0175439,1,0,0,0,0,0,43,58,1,1,1,1,3,0,1,0,3,87,0,1,0,56,72,7,1,7,1,4,6,2,0,4,93,6,2,0,0,0,21,0,0,0,0,0,0,0,0,0,14,0,0,0,0,0,0,7,0
183,L33037,LiquidDisplay,mindustry.ui.LiquidDisplay,L30479,L103,C:\Users\domco\Desktop\DP\repos\Mindustry\core\src\mindustry\ui\LiquidDisplay.java,13,1,39,2,0.0,0,0,0,0.0,0.0,0,0,0,1,1,4,5,0,0,1,2,0.5,0.0588235,1,1,1,1,0.0434783,1,0,0,0,0,0,16,20,3,0,3,0,1,3,1,0,1,7,3,1,0,22,27,3,0,3,0,1,3,1,0,1,7,3,1,0,0,1,12,0,0,0,0,0,0,0,0,0,8,0,1,0,0,0,0,4,0
184,L33053,Menus,mindustry.ui.Menus,L30479,L103,C:\Users\domco\Desktop\DP\repos\Mindustry\core\src\mindustry\ui\Menus.java,13,1,126,2,0.0,0,0,0,0.0,0.0,0,0,11,2,2,30,9,0,0,11,26,0.3125,0.0581395,5,5,5,11,0.0561798,5,0,0,0,0,0,81,111,1,0,1,0,15,0,15,2,15,41,0,15,2,84,114,1,0,1,0,16,0,16,2,16,41,0,16,2,0,0,41,0,13,3,0,10,1,0,0,0,38,0,0,0,0,0,0,2,0
185,L33136,Minimap,mindustry.ui.Minimap,L30479,L103,C:\Users\domco\Desktop\DP\repos\Mindustry\core\src\mindustry\ui\Minimap.java,13,1,104,2,0.0,0,0,0,0.0,0.0,0,0,0,0,0,1,0,0,0,0,1,0.0,0.0,0,0,0,2,0.0,0,0,0,0,0,0,16,29,0,0,0,0,1,0,1,0,1,8,0,1,0,69,92,0,0,0,0,7,0,7,0,7,34,0,7,0,0,2,28,0,2,0,0,2,2,0,0,0,26,0,2,0,0,0,0,0,0
186,L32476,MobileButton,mindustry.ui.MobileButton,L30479,L103,C:\Users\domco\Desktop\DP\repos\Mindustry\core\src\mindustry\ui\MobileButton.java,7,1,15,2,0.0,0,0,0,0.0,0.0,0,0,0,0,0,1,0,1,1,0,1,0.0,0.0,0,0,0,2,0.0,0,0,0,0,0,0,8,9,0,0,0,0,1,0,1,0,1,4,0,1,0,8,9,0,0,0,0,1,0,1,0,1,4,0,1,0,0,0,5,0,0,0,0,0,0,0,0,0,5,0,0,0,0,0,0,0,0
187,L33171,MultiReqImage,mindustry.ui.MultiReqImage,L30479,L103,C:\Users\domco\Desktop\DP\repos\Mindustry\core\src\mindustry\ui\MultiReqImage.java,7,1,33,2,0.0,0,0,0,0.0,0.0,0,0,1,2,2,4,1,3,0,0,2,0.0,0.0,0,0,0,3,0.0,0,0,0,0,0,0,22,27,2,0,2,0,2,0,2,0,2,10,0,2,0,22,27,2,0,2,0,2,0,2,0,2,10,0,2,0,0,0,7,0,1,0,0,0,0,0,0,1,7,0,0,0,0,0,0,0,0
188,L33174,ReqImage,mindustry.ui.ReqImage,L30479,L103,C:\Users\domco\Desktop\DP\repos\Mindustry\core\src\mindustry\ui\ReqImage.java,10,1,39,2,0.0,0,0,0,0.0,0.0,0,0,1,0,0,3,0,3,0,0,3,0.0,0.0,0,0,0,4,0.0,0,0,0,0,0,0,15,18,1,0,1,0,3,0,3,0,3,5,0,3,0,26,30,1,0,1,0,4,0,4,0,4,10,0,4,0,0,1,14,0,1,0,0,0,0,0,0,0,14,0,2,0,0,0,0,0,0
189,L33197,SearchBar,mindustry.ui.SearchBar,L30479,L103,C:\Users\domco\Desktop\DP\repos\Mindustry\core\src\mindustry\ui\SearchBar.java,4,1,6,2,0.0,0,0,0,0.0,0.0,0,0,0,0,0,0,0,0,0,0,0,1.0,0.333333,1,1,1,0,0.333333,1,0,0,0,0,0,2,3,0,0,0,0,0,0,0,0,0,0,0,0,0,2,3,0,0,0,0,0,0,0,0,0,0,0,0,0,0,0,0,0,0,0,0,0,0,0,0,0,0,0,0,0,0,0,0,0,0
190,L33200,Styles,mindustry.ui.Styles,L30479,L103,C:\Users\domco\Desktop\DP\repos\Mindustry\core\src\mindustry\ui\Styles.java,25,1,458,2,0.354067,8,21,21,0.370968,0.382927,161,157,1,0,0,2,4,43,1,0,2,0.0,0.00662252,1,1,0,2,0.00243309,1,0,0,0,0,0,150,171,65,0,65,0,2,65,1,0,2,76,65,1,0,410,434,68,4,65,4,6,65,5,0,6,80,68,5,0,0,54,308,0,17,8,114,9,0,0,0,0,180,0,54,0,0,0,0,14,0
191,L33398,WarningBar,mindustry.ui.WarningBar,L30479,L103,C:\Users\domco\Desktop\DP\repos\Mindustry\core\src\mindustry\ui\WarningBar.java,8,1,37,2,0.0,0,0,0,0.0,0.0,0,0,1,1,1,2,0,0,0,0,1,0.0,0.0,0,0,0,2,0.0,0,0,0,0,0,0,25,30,3,0,3,0,1,3,1,0,1,12,3,1,0,25,30,3,0,3,0,1,3,1,0,1,12,3,1,0,0,1,9,0,1,1,0,0,0,0,0,0,5,0,1,0,0,0,0,4,0
192,L33516,Vars$1,mindustry.Vars$1,L3849,L103,C:\Users\domco\Desktop\DP\repos\Mindustry\core\src\mindustry\Vars.java,219,53,219,55,0.0,0,0,0,0.0,0.0,0,0,0,0,0,0,1,0,0,0,0,0.0,0.0,0,0,0,1,0.0,0,1,1,0,0,1,1,1,0,4,0,0,0,0,0,0,21,0,0,21,0,1,1,0,4,0,0,0,0,0,0,21,0,0,21,0,0,0,3,0,0,0,0,0,0,0,0,0,3,0,0,0,0,0,0,0,0
193,L2045,Block,mindustry.world.Block,L33576,L103,C:\Users\domco\Desktop\DP\repos\Mindustry\core\src\mindustry\world\Block.java,40,1,1000,2,0.0,0,0,0,0.0,0.0,0,0,20,6,6,207,46,289,262,32,107,0.27027,0.190537,149,132,20,54,0.190537,149,3,3,51,336,1,633,961,142,8,128,7,75,122,73,2,107,307,135,105,3,633,961,142,8,128,7,75,122,73,2,107,307,135,105,3,0,0,153,0,0,0,0,0,1,8,2,0,121,0,0,2,0,0,0,19,0
194,L38861,Build,mindustry.world.Build,L33576,L103,C:\Users\domco\Desktop\DP\repos\Mindustry\core\src\mindustry\world\Build.java,21,1,249,2,0.0,0,0,0,0.0,0.0,0,0,3,5,5,90,21,6,9,31,38,0.5,0.136126,26,4,4,4,0.136126,26,0,0,0,0,0,165,229,1,0,1,0,7,0,7,0,7,124,0,7,0,165,229,1,0,1,0,7,0,7,0,7,124,0,7,0,0,0,26,0,0,0,0,0,1,5,3,0,15,0,0,0,0,0,0,2,0
195,L12674,CachedTile,mindustry.world.CachedTile,L33576,L103,C:\Users\domco\Desktop\DP\repos\Mindustry\core\src\mindustry\world\CachedTile.java,12,1,40,2,0.0,0,0,0,0.0,0.0,0,0,2,2,2,7,7,5,2,4,7,0.5,0.178571,5,4,1,1,0.178571,5,2,2,2,2,1,23,29,11,10,0,0,3,0,1,0,87,15,4,81,18,23,29,11,10,0,0,3,0,1,0,87,15,4,81,18,0,0,14,0,3,0,0,3,1,0,0,0,7,0,0,0,0,0,0,6,0
196,L38931,ColorMapper,mindustry.world.ColorMapper,L33576,L103,C:\Users\domco\Desktop\DP\repos\Mindustry\core\src\mindustry\world\ColorMapper.java,8,1,24,2,0.0,0,0,0,0.0,0.0,0,0,1,1,1,3,4,2,2,1,3,0.0,0.0,0,0,0,3,0.0,0,0,0,0,0,0,13,17,1,0,1,0,2,0,2,0,2,5,0,2,0,13,17,1,0,1,0,2,0,2,0,2,5,0,2,0,0,0,7,0,0,0,0,0,0,0,0,0,7,0,0,0,0,0,0,0,0
197,L35624,DirectionalItemBuffer,mindustry.world.DirectionalItemBuffer,L33576,L103,C:\Users\domco\Desktop\DP\repos\Mindustry\core\src\mindustry\world\DirectionalItemBuffer.java,11,1,74,2,0.0,0,0,0,0.0,0.0,0,0,1,3,3,16,4,3,6,1,8,0.0,0.0,0,0,0,8,0.0,0,0,0,0,0,0,50,59,2,0,2,0,7,2,7,0,7,32,2,7,0,55,64,4,0,4,0,7,2,7,0,7,32,2,7,0,0,0,24,0,3,0,0,3,0,0,0,0,20,0,0,0,0,0,0,4,0
198,L39432,Edges,mindustry.world.Edges,L33576,L103,C:\Users\domco\Desktop\DP\repos\Mindustry\core\src\mindustry\world\Edges.java,11,1,84,2,0.0,0,0,0,0.0,0.0,0,0,0,1,1,13,4,13,20,2,8,0.0,0.0,0,0,0,7,0.0,0,0,0,0,0,0,55,74,4,6,4,6,6,0,6,0,6,15,0,6,0,55,74,4,6,4,6,6,0,6,0,6,15,0,6,0,0,0,16,3,5,0,0,4,0,0,0,3,15,0,1,0,0,0,0,1,0
199,L35174,ItemBuffer,mindustry.world.ItemBuffer,L33576,L103,C:\Users\domco\Desktop\DP\repos\Mindustry\core\src\mindustry\world\ItemBuffer.java,11,1,75,2,0.0,0,0,0,0.0,0.0,0,0,1,2,2,14,4,1,3,1,9,0.0,0.0204082,1,0,0,9,0.0181818,1,0,0,0,0,0,48,59,2,0,2,0,8,0,8,0,8,25,0,8,0,54,65,5,0,5,0,8,0,8,0,8,25,0,8,0,0,0,20,0,3,0,0,3,0,0,0,0,20,0,0,0,0,0,0,0,0
200,L1938,Tile,mindustry.world.Tile,L33576,L103,C:\Users\domco\Desktop\DP\repos\Mindustry\core\src\mindustry\world\Tile.java,23,1,698,2,0.0,0,0,0,0.0,0.0,0,0,5,7,7,209,26,162,264,24,108,0.271605,0.105925,59,39,22,59,0.105925,59,1,1,2,4,1,498,676,11,10,11,10,84,4,80,18,84,295,4,80,18,498,676,11,10,11,10,84,4,80,18,84,295,4,80,18,0,2,174,0,38,2,0,31,1,12,2,1,141,0,5,0,0,1,0,18,0
201,L25923,TileGen,mindustry.world.TileGen,L33576,L103,C:\Users\domco\Desktop\DP\repos\Mindustry\core\src\mindustry\world\TileGen.java,5,1,19,2,0.0,0,0,0,0.0,0.0,0,0,1,0,0,1,2,2,0,0,1,0.0,0.0,0,0,0,2,0.0,0,0,0,0,0,0,13,15,3,0,3,0,1,3,1,0,1,3,3,1,0,13,15,3,0,3,0,1,3,1,0,1,3,3,1,0,0,1,9,0,0,0,0,0,0,0,0,0,5,0,1,0,0,0,0,4,0
202,L1975,Tiles,mindustry.world.Tiles,L33576,L103,C:\Users\domco\Desktop\DP\repos\Mindustry\core\src\mindustry\world\Tiles.java,11,1,104,2,0.0,0,0,0,0.0,0.0,0,0,2,2,2,27,2,24,36,2,14,0.692308,0.153846,10,9,9,4,0.128205,10,0,0,0,0,0,55,78,3,0,3,0,12,2,12,0,12,28,2,12,0,68,94,4,0,4,0,15,2,14,0,15,30,2,14,0,0,0,33,0,9,3,0,4,1,0,0,0,28,1,0,0,0,1,0,4,0
203,L40197,DesktopLauncher,mindustry.desktop.DesktopLauncher,L40191,L103,C:\Users\domco\Desktop\DP\repos\Mindustry\desktop\src\mindustry\desktop\DesktopLauncher.java,31,1,368,2,0.0,0,0,0,0.0,0.0,0,0,9,3,3,61,21,0,0,17,34,0.0,0.0331754,7,0,0,13,0.0283401,7,2,2,0,0,1,204,295,9,4,4,3,17,1,12,0,36,114,1,31,0,240,338,13,6,4,4,23,1,18,1,54,121,1,44,2,0,6,64,11,14,6,0,10,2,2,1,4,55,0,8,0,0,3,0,4,0
204,L40525,IOSLauncher,mindustry.ios.IOSLauncher,L40519,L103,C:\Users\domco\Desktop\DP\repos\Mindustry\ios\src\mindustry\ios\IOSLauncher.java,30,1,258,2,0.0,0,0,0,0.0,0.0,0,0,3,1,1,11,3,1,0,1,7,0.2,0.0943396,5,1,1,4,0.056338,8,0,0,0,0,0,48,97,1,1,1,1,6,0,4,0,6,20,0,4,0,134,229,6,5,1,1,17,0,15,0,42,60,0,40,0,0,1,47,5,9,1,0,3,3,0,0,0,44,5,6,0,0,0,0,0,0
205,L40600,ServerControl,mindustry.server.ServerControl,L40593,L103,C:\Users\domco\Desktop\DP\repos\Mindustry\server\src\mindustry\server\ServerControl.java,37,1,1103,2,0.280603,13,37,37,0.521087,0.299145,556,70,3,4,3,31,13,1,1,5,12,0.0,0.0506329,12,0,0,3,0.0487805,12,0,0,0,0,0,225,1058,18,0,18,0,7,3,2,0,7,115,3,2,0,234,1067,18,0,18,0,8,3,3,0,8,119,3,3,0,0,1,58,14,25,16,20,7,1,1,1,5,22,0,12,0,0,0,0,13,0
206,L40674,ServerLauncher,mindustry.server.ServerLauncher,L40593,L103,C:\Users\domco\Desktop\DP\repos\Mindustry\server\src\mindustry\server\ServerLauncher.java,21,1,78,2,0.0,0,0,0,0.0,0.0,0,0,1,4,4,7,14,0,0,17,19,0.0,0.0,0,0,0,3,0.0,0,0,0,0,0,0,48,58,1,0,1,0,2,0,2,0,2,33,0,2,0,48,58,1,4,1,0,4,0,4,0,25,35,0,25,0,0,1,24,3,5,2,0,5,0,2,2,0,20,0,2,0,0,0,0,0,0
207,L40710,Generators,mindustry.tools.Generators,L40701,L103,C:\Users\domco\Desktop\DP\repos\Mindustry\tools\src\mindustry\tools\Generators.java,30,1,640,2,0.0,0,0,0,0.0,0.0,0,0,1,0,0,1,2,1,1,1,2,0.0,0.454545,25,0,0,2,0.376812,26,0,0,0,0,0,30,590,2,0,2,0,1,0,1,0,1,13,0,1,0,43,611,11,0,11,0,3,9,2,0,3,17,9,2,0,0,1,19,4,18,8,0,8,0,0,0,2,8,0,3,0,0,2,0,11,0
208,L40738,IconConverter,mindustry.tools.IconConverter,L40701,L103,C:\Users\domco\Desktop\DP\repos\Mindustry\tools\src\mindustry\tools\IconConverter.java,8,1,253,2,0.21859,2,12,6,0.394309,0.338624,97,64,1,3,3,35,0,0,0,0,8,0.0,0.0735294,15,0,0,2,0.0735294,15,0,0,0,0,0,189,246,3,0,3,0,8,0,1,0,8,108,0,1,0,189,246,3,0,3,0,8,0,1,0,8,108,0,1,0,0,1,37,1,16,6,12,9,0,1,0,0,19,0,1,0,0,2,0,5,0
209,L40792,ImagePacker,mindustry.tools.ImagePacker,L40701,L103,C:\Users\domco\Desktop\DP\repos\Mindustry\tools\src\mindustry\tools\ImagePacker.java,22,1,287,2,0.0,0,0,0,0.0,0.0,0,0,10,5,5,33,9,2,1,11,26,0.0,0.0833333,13,0,0,2,0.0607477,13,0,0,0,0,0,143,201,1,0,1,0,15,0,1,0,15,95,0,1,0,201,266,6,0,6,0,22,0,7,0,24,117,0,8,0,0,2,69,1,25,2,0,23,2,3,1,1,59,0,1,0,0,1,0,4,0
210,L40886,ScriptMainGenerator,mindustry.tools.ScriptMainGenerator,L40701,L103,C:\Users\domco\Desktop\DP\repos\Mindustry\tools\src\mindustry\tools\ScriptMainGenerator.java,25,1,165,2,0.0,0,0,0,0.0,0.0,0,0,1,4,4,20,4,0,0,0,3,0.0,0.0247934,3,0,0,4,0.0247934,3,0,0,0,0,0,118,141,0,1,0,1,3,0,3,0,3,64,0,3,0,118,141,0,1,0,1,3,0,3,0,3,64,0,3,0,0,1,13,3,5,1,0,2,0,3,0,3,9,0,0,0,0,3,0,1,0
211,L41306,PowerTests$PowerGraphTests,power.PowerTests$PowerGraphTests,L41302,L103,C:\Users\domco\Desktop\DP\repos\Mindustry\tests\src\test\java\power\PowerTests.java,32,5,143,6,0.0,0,0,0,0.0,0.0,0,0,5,1,1,9,7,0,0,13,18,0.0,0.154639,15,10,0,1,0.154639,15,0,0,0,0,0,82,112,0,0,0,0,5,0,0,0,5,44,0,0,0,82,112,0,0,0,0,5,0,0,0,5,44,0,0,0,0,0,11,0,6,1,0,5,1,0,0,0,9,0,0,0,0,0,0,1,0
212,L363,AndroidRhinoContext$AndroidContextFactory,mindustry.android.AndroidRhinoContext$AndroidContextFactory,L356,L103,C:\Users\domco\Desktop\DP\repos\Mindustry\android\src\mindustry\android\AndroidRhinoContext.java,53,5,83,6,0.0,0,0,0,0.0,0.0,0,0,2,1,1,4,3,1,1,3,6,1.0,0.424242,14,14,3,0,0.424242,14,0,0,0,0,0,19,31,1,0,1,0,3,0,2,0,3,7,0,2,0,19,31,1,0,1,0,3,0,2,0,3,7,0,2,0,0,0,3,0,0,0,0,0,1,0,0,0,2,0,0,0,0,0,0,0,0
213,L383,AndroidRhinoContext$BaseAndroidClassLoader,mindustry.android.AndroidRhinoContext$BaseAndroidClassLoader,L356,L103,C:\Users\domco\Desktop\DP\repos\Mindustry\android\src\mindustry\android\AndroidRhinoContext.java,90,5,141,6,0.0,0,0,0,0.0,0.0,0,0,2,2,2,12,0,3,3,0,7,0.2,0.1,5,5,1,4,0.1,5,0,0,2,2,0,45,52,0,1,0,1,7,0,4,0,7,23,0,4,0,45,52,0,1,0,1,7,0,4,0,7,23,0,4,0,0,0,18,2,1,0,0,1,1,0,0,1,17,1,0,0,0,0,0,0,0
214,L392,AndroidRhinoContext$FileAndroidClassLoader,mindustry.android.AndroidRhinoContext$FileAndroidClassLoader,L356,L103,C:\Users\domco\Desktop\DP\repos\Mindustry\android\src\mindustry\android\AndroidRhinoContext.java,143,5,182,6,0.0,0,0,0,0.0,0.0,0,0,1,2,2,8,1,1,1,1,5,0.0,0.0,0,0,0,2,0.0,0,1,1,0,0,1,36,40,2,1,2,1,4,0,1,0,8,16,0,5,0,36,40,2,1,2,1,4,0,1,0,8,16,0,5,0,0,1,11,2,1,2,0,0,0,0,0,0,11,0,1,0,0,1,0,0,0
215,L387,AndroidRhinoContext$InMemoryAndroidClassLoader,mindustry.android.AndroidRhinoContext$InMemoryAndroidClassLoader,L356,L103,C:\Users\domco\Desktop\DP\repos\Mindustry\android\src\mindustry\android\AndroidRhinoContext.java,184,5,207,6,0.0,0,0,0,0.0,0.0,0,0,1,0,0,4,1,1,1,1,5,0.0,0.0,0,0,0,2,0.0,0,1,1,0,0,1,20,24,1,1,1,1,4,0,1,0,8,5,0,5,0,20,24,1,1,1,1,4,0,1,0,8,5,0,5,0,0,0,11,0,0,0,0,0,0,0,0,0,11,0,0,0,0,0,0,0,0
216,L939,EntityIO,mindustry.annotations.entity.EntityIO,L935,L103,C:\Users\domco\Desktop\DP\repos\Mindustry\annotations\src\main\java\mindustry\annotations\entity\EntityIO.java,18,1,350,2,0.0,0,0,0,0.0,0.0,0,0,1,10,4,61,9,1,1,9,20,0.0,0.137652,34,2,0,1,0.126812,35,0,0,0,0,0,213,298,12,0,12,0,11,0,0,0,11,145,0,0,0,241,333,16,0,16,0,16,0,0,0,16,159,0,0,0,0,4,47,7,34,9,0,24,0,6,0,5,39,2,4,0,0,1,0,2,0
217,L1072,EntityProcess,mindustry.annotations.entity.EntityProcess,L935,L103,C:\Users\domco\Desktop\DP\repos\Mindustry\annotations\src\main\java\mindustry\annotations\entity\EntityProcess.java,23,1,1047,2,0.00911798,2,2,2,0.0097561,0.0149254,10,10,1,8,7,190,20,0,0,60,71,0.0,0.199485,155,3,0,2,0.187879,155,1,1,0,0,1,622,973,25,6,15,2,11,0,1,0,34,418,6,24,0,670,1025,41,6,31,2,15,0,5,0,38,434,6,28,0,0,3,76,5,60,3,13,57,0,6,4,0,35,0,5,0,0,3,0,18,0
218,L1358,AssetsProcess,mindustry.annotations.impl.AssetsProcess,L1354,L103,C:\Users\domco\Desktop\DP\repos\Mindustry\annotations\src\main\java\mindustry\annotations\impl\AssetsProcess.java,20,1,204,2,0.0,0,0,0,0.0,0.0,0,0,1,3,3,21,2,0,0,1,5,0.0,0.0,0,0,0,2,0.0,0,1,1,0,0,1,123,185,10,4,0,0,4,0,1,0,27,87,6,24,0,123,185,10,4,0,0,4,0,1,0,27,87,6,24,0,0,2,13,5,8,2,0,8,0,0,0,2,11,0,0,0,0,3,0,2,0
219,L1413,StructProcess,mindustry.annotations.impl.StructProcess,L1354,L103,C:\Users\domco\Desktop\DP\repos\Mindustry\annotations\src\main\java\mindustry\annotations\impl\StructProcess.java,17,1,201,2,0.0,0,0,0,0.0,0.0,0,0,1,5,4,41,6,0,0,8,14,0.5,0.128205,20,5,1,1,0.128205,20,1,1,0,0,1,136,185,10,4,0,0,6,0,1,0,29,102,6,24,0,136,185,10,4,0,0,6,0,1,0,29,102,6,24,0,0,1,22,1,14,1,0,10,0,3,0,0,15,0,1,0,0,4,0,4,0
220,L1483,LoadRegionProcessor,mindustry.annotations.misc.LoadRegionProcessor,L1479,L103,C:\Users\domco\Desktop\DP\repos\Mindustry\annotations\src\main\java\mindustry\annotations\misc\LoadRegionProcessor.java,15,1,115,2,0.0,0,0,0,0.0,0.0,0,0,1,4,4,17,5,0,0,13,16,0.0,0.0384615,3,0,0,2,0.0384615,3,1,1,0,0,1,75,101,10,4,0,0,3,0,1,0,26,57,6,24,0,75,101,10,4,0,0,3,0,1,0,26,57,6,24,0,0,0,15,0,3,1,0,2,0,3,1,0,9,0,0,0,0,0,0,2,0
221,L1505,LogicStatementProcessor,mindustry.annotations.misc.LogicStatementProcessor,L1479,L103,C:\Users\domco\Desktop\DP\repos\Mindustry\annotations\src\main\java\mindustry\annotations\misc\LogicStatementProcessor.java,13,1,106,2,0.0,0,0,0,0.0,0.0,0,0,1,3,3,9,5,0,0,12,13,0.0,0.0410959,3,0,0,2,0.0410959,3,1,1,0,0,1,70,94,10,4,0,0,1,0,1,0,24,38,6,24,0,70,94,10,4,0,0,1,0,1,0,24,38,6,24,0,0,0,9,0,3,1,0,1,0,0,1,0,5,0,0,0,0,1,0,3,0
222,L1524,CallGenerator,mindustry.annotations.remote.CallGenerator,L1518,L103,C:\Users\domco\Desktop\DP\repos\Mindustry\annotations\src\main\java\mindustry\annotations\remote\CallGenerator.java,17,1,380,2,0.0,0,0,0,0.0,0.0,0,0,1,3,3,68,11,1,1,9,15,1.0,0.26087,78,4,3,0,0.26087,78,0,0,0,0,0,221,364,0,1,0,1,6,0,2,0,6,149,0,2,0,221,364,0,1,0,1,6,0,2,0,6,149,0,2,0,0,2,7,0,11,2,0,9,0,2,1,0,2,0,0,0,0,2,0,2,0
223,L1531,MethodEntry,mindustry.annotations.remote.MethodEntry,L1518,L103,C:\Users\domco\Desktop\DP\repos\Mindustry\annotations\src\main\java\mindustry\annotations\remote\MethodEntry.java,7,1,53,2,0.0,0,0,0,0.0,0.0,0,0,1,0,0,2,4,2,1,0,2,0.333333,0.326087,15,15,1,2,0.326087,15,0,0,0,0,0,31,47,11,0,11,0,2,11,2,0,2,12,11,2,0,31,47,11,0,11,0,2,11,2,0,2,12,11,2,0,0,1,12,0,1,0,0,0,0,0,0,1,5,0,1,0,0,0,0,7,0
224,L1618,RemoteProcess,mindustry.annotations.remote.RemoteProcess,L1518,L103,C:\Users\domco\Desktop\DP\repos\Mindustry\annotations\src\main\java\mindustry\annotations\remote\RemoteProcess.java,15,1,74,2,0.0,0,0,0,0.0,0.0,0,0,1,2,2,7,9,1,0,15,16,0.5,0.254902,13,2,1,1,0.254902,13,1,1,0,0,1,38,60,11,4,1,0,1,1,1,0,24,19,7,24,0,38,60,11,4,1,0,1,1,1,0,24,19,7,24,0,0,0,6,0,0,0,0,0,0,0,1,0,1,0,0,0,0,0,0,4,0
225,L1636,SerializerResolver,mindustry.annotations.remote.SerializerResolver,L1518,L103,C:\Users\domco\Desktop\DP\repos\Mindustry\annotations\src\main\java\mindustry\annotations\remote\SerializerResolver.java,8,1,22,2,0.0,0,0,0,0.0,0.0,0,0,1,1,1,8,0,1,2,0,2,0.0,0.0769231,1,0,0,2,0.0769231,1,0,0,0,0,0,12,15,0,0,0,0,2,0,1,0,2,4,0,1,0,12,15,0,0,0,0,2,0,1,0,2,4,0,1,0,0,0,7,0,0,0,0,0,0,0,0,0,7,0,0,0,0,0,0,0,0
226,L1657,AnnotationProxyMaker,mindustry.annotations.util.AnnotationProxyMaker,L1649,L103,C:\Users\domco\Desktop\DP\repos\Mindustry\annotations\src\main\java\mindustry\annotations\util\AnnotationProxyMaker.java,29,1,229,2,0.0,0,0,0,0.0,0.0,0,0,4,3,3,16,1,2,5,2,11,0.5,0.030303,2,2,1,1,0.0121212,2,0,0,0,0,0,64,81,2,2,2,2,9,0,1,0,9,32,0,1,0,163,201,5,3,5,3,19,0,7,0,19,89,0,7,0,0,0,50,2,2,0,0,1,1,2,0,2,47,0,1,0,0,0,0,0,0
227,L839,Selement<T extends Element>,mindustry.annotations.util.Selement,L1649,L103,C:\Users\domco\Desktop\DP\repos\Mindustry\annotations\src\main\java\mindustry\annotations\util\Selement.java,19,1,116,2,0.0,0,0,0,0.0,0.0,0,0,1,1,1,25,5,13,29,4,25,0.0454545,0.0493827,4,4,1,21,0.0493827,4,0,0,3,3,0,77,98,1,0,1,0,21,1,21,0,21,26,1,21,0,77,98,1,0,1,0,21,1,21,0,21,26,1,21,0,0,0,51,2,1,0,0,1,0,0,0,2,45,0,0,0,0,0,0,6,0
228,L860,Smethod,mindustry.annotations.util.Smethod,L1649,L103,C:\Users\domco\Desktop\DP\repos\Mindustry\annotations\src\main\java\mindustry\annotations\util\Smethod.java,11,1,71,2,0.0,0,0,0,0.0,0.0,0,0,2,2,2,16,4,8,9,5,19,0.0,0.0,0,0,0,15,0.0,0,1,1,0,0,1,47,61,1,0,0,0,14,0,14,0,35,17,1,35,0,47,61,1,0,0,0,14,0,14,0,35,17,1,35,0,0,0,34,0,2,0,0,2,1,0,0,0,31,0,0,0,0,0,0,2,0
229,L850,Stype,mindustry.annotations.util.Stype,L1649,L103,C:\Users\domco\Desktop\DP\repos\Mindustry\annotations\src\main\java\mindustry\annotations\util\Stype.java,9,1,61,2,0.0,0,0,0,0.0,0.0,0,0,1,0,0,12,4,11,8,1,13,0.0,0.0,0,0,0,13,0.0,0,1,1,0,0,1,41,53,1,0,0,0,12,0,12,0,33,12,1,33,0,41,53,1,0,0,0,12,0,12,0,33,12,1,33,0,0,0,29,0,1,0,0,1,0,0,0,0,27,0,0,0,0,0,0,2,0
230,L855,Svar,mindustry.annotations.util.Svar,L1649,L103,C:\Users\domco\Desktop\DP\repos\Mindustry\annotations\src\main\java\mindustry\annotations\util\Svar.java,8,1,36,2,0.0,0,0,0,0.0,0.0,0,0,2,2,2,8,3,11,4,4,10,0.0,0.0,0,0,0,7,0.0,0,1,1,0,0,1,23,29,1,0,0,0,6,0,6,0,27,9,1,27,0,23,29,1,0,0,0,6,0,6,0,27,9,1,27,0,0,0,18,0,3,0,0,3,1,0,0,0,15,0,0,0,0,0,0,2,0
231,L1904,TypeIOResolver,mindustry.annotations.util.TypeIOResolver,L1649,L103,C:\Users\domco\Desktop\DP\repos\Mindustry\annotations\src\main\java\mindustry\annotations\util\TypeIOResolver.java,12,1,58,2,0.0,0,0,0,0.0,0.0,0,0,1,6,4,15,7,2,2,10,12,1.0,0.333333,12,8,2,0,0.288889,13,0,0,0,0,0,24,38,0,0,0,0,2,0,1,0,2,14,0,1,0,32,47,3,0,3,0,3,3,2,0,3,17,3,2,0,0,0,17,0,1,1,0,0,0,5,1,0,5,0,0,0,0,0,0,6,0
232,L2144,BaseRegistry$BasePart,mindustry.ai.BaseRegistry$BasePart,L2259,L103,C:\Users\domco\Desktop\DP\repos\Mindustry\core\src\mindustry\ai\BaseRegistry.java,116,5,136,6,0.0,0,0,0,0.0,0.0,0,0,1,0,0,2,3,4,1,0,2,0.0,0.125,2,2,0,3,0.125,2,0,0,0,0,0,14,21,6,0,6,0,2,6,2,0,2,2,6,2,0,14,21,6,0,6,0,2,6,2,0,2,2,6,2,0,0,0,12,0,1,1,0,0,0,0,0,0,7,0,0,0,0,0,0,5,0
233,L2354,BlockIndexer$TileArray,mindustry.ai.BlockIndexer$TileArray,L2329,L103,C:\Users\domco\Desktop\DP\repos\Mindustry\core\src\mindustry\ai\BlockIndexer.java,441,5,469,6,0.0,0,0,0,0.0,0.0,0,0,1,1,1,7,1,2,3,1,6,0.0,0.0,0,0,0,6,0.0,0,0,0,0,0,0,24,29,2,0,2,0,5,0,5,0,5,7,0,5,0,24,29,2,0,2,0,5,0,5,0,5,7,0,5,0,0,0,13,0,2,0,0,2,0,0,0,0,13,0,0,0,0,0,0,0,0
234,L2576,BoundedSlotAssignmentStrategy,mindustry.ai.formations.BoundedSlotAssignmentStrategy,L2564,L103,C:\Users\domco\Desktop\DP\repos\Mindustry\core\src\mindustry\ai\formations\BoundedSlotAssignmentStrategy.java,15,1,44,2,0.0,0,0,0,0.0,0.0,0,0,2,2,2,7,2,1,0,0,3,0.25,0.352941,12,9,1,3,0.352941,12,1,1,1,1,1,22,30,0,0,0,0,3,0,3,0,3,16,0,3,0,22,30,0,0,0,0,3,0,3,0,3,16,0,3,0,0,0,6,0,2,0,0,2,1,0,0,0,5,0,0,0,0,0,0,0,0
235,L2594,DistanceAssignmentStrategy,mindustry.ai.formations.DistanceAssignmentStrategy,L2564,L103,C:\Users\domco\Desktop\DP\repos\Mindustry\core\src\mindustry\ai\formations\DistanceAssignmentStrategy.java,7,1,51,2,0.0,0,0,0,0.0,0.0,0,0,3,3,3,8,4,1,1,2,7,0.0,0.0,0,0,0,5,0.0,0,1,1,0,0,1,36,45,2,0,2,0,5,0,4,0,5,18,0,4,0,36,45,2,0,2,0,5,0,4,0,5,18,0,4,0,0,0,14,0,1,0,0,1,1,0,0,0,13,0,0,0,0,0,0,0,0
236,L2626,Formation,mindustry.ai.formations.Formation,L2564,L103,C:\Users\domco\Desktop\DP\repos\Mindustry\core\src\mindustry\ai\formations\Formation.java,19,1,214,2,0.0,0,0,0,0.0,0.0,0,0,1,2,2,22,6,2,4,9,19,1.0,0.460227,81,60,10,0,0.460227,81,0,0,0,0,0,95,196,8,0,8,0,10,5,9,0,10,62,5,9,0,95,196,8,0,8,0,10,5,9,0,10,62,5,9,0,0,0,9,0,3,0,0,3,0,0,0,0,4,0,0,0,0,0,0,5,0
237,L2638,FormationMotionModerator,mindustry.ai.formations.FormationMotionModerator,L2564,L103,C:\Users\domco\Desktop\DP\repos\Mindustry\core\src\mindustry\ai\formations\FormationMotionModerator.java,12,1,52,2,0.0,0,0,0,0.0,0.0,0,0,1,1,1,4,2,1,2,1,3,1.0,0.525,21,17,3,0,0.525,21,0,0,0,0,0,19,41,1,0,1,0,2,0,2,0,2,15,0,2,0,19,41,1,0,1,0,2,0,2,0,2,15,0,2,0,0,0,0,0,1,0,0,1,0,0,0,0,0,0,0,0,0,0,0,0,0
238,L2597,FormationPattern,mindustry.ai.formations.FormationPattern,L2564,L103,C:\Users\domco\Desktop\DP\repos\Mindustry\core\src\mindustry\ai\formations\FormationPattern.java,13,1,29,2,0.0,0,0,0,0.0,0.0,0,0,1,0,0,2,0,6,6,0,2,1.0,0.652174,15,15,3,0,0.652174,15,0,0,2,2,0,8,17,2,0,2,0,2,2,2,0,2,1,2,2,0,8,17,2,0,2,0,2,2,2,0,2,1,2,2,0,0,0,4,0,0,0,0,0,0,0,0,0,0,0,0,0,0,0,0,4,0
239,L2651,FreeSlotAssignmentStrategy,mindustry.ai.formations.FreeSlotAssignmentStrategy,L2564,L103,C:\Users\domco\Desktop\DP\repos\Mindustry\core\src\mindustry\ai\formations\FreeSlotAssignmentStrategy.java,13,1,34,2,0.0,0,0,0,0.0,0.0,0,0,3,1,1,4,2,1,0,0,3,0.25,0.36,9,7,1,3,0.36,9,1,1,0,0,1,16,22,0,0,0,0,3,0,3,0,3,6,0,3,0,16,22,0,0,0,0,3,0,3,0,3,6,0,3,0,0,0,6,0,0,0,0,0,1,0,0,0,5,0,0,0,0,0,0,0,0
240,L2584,SlotAssignment,mindustry.ai.formations.SlotAssignment,L2564,L103,C:\Users\domco\Desktop\DP\repos\Mindustry\core\src\mindustry\ai\formations\SlotAssignment.java,9,1,29,2,0.0,0,0,0,0.0,0.0,0,0,0,0,0,2,1,7,2,0,2,1.0,0.541667,13,13,3,0,0.541667,13,0,0,0,0,0,11,21,2,0,2,0,2,2,2,0,2,3,2,2,0,11,21,2,0,2,0,2,2,2,0,2,3,2,2,0,0,0,4,0,0,0,0,0,0,0,0,0,0,0,0,0,0,0,0,4,0
241,L2776,SoftRoleSlotAssignmentStrategy,mindustry.ai.formations.SoftRoleSlotAssignmentStrategy,L2564,L103,C:\Users\domco\Desktop\DP\repos\Mindustry\core\src\mindustry\ai\formations\SoftRoleSlotAssignmentStrategy.java,27,1,164,2,0.0,0,0,0,0.0,0.0,0,0,1,3,3,11,5,0,0,3,6,0.75,0.480392,49,29,3,1,0.374046,49,2,2,0,0,1,53,105,3,0,3,0,3,0,3,0,5,47,0,5,0,82,138,8,1,8,1,8,0,8,0,10,54,0,10,0,0,0,20,0,8,0,0,8,0,0,0,0,20,0,0,0,0,0,0,0,0
242,L2989,Pathfinder$EnemyCoreField,mindustry.ai.Pathfinder$EnemyCoreField,L2100,L103,C:\Users\domco\Desktop\DP\repos\Mindustry\core\src\mindustry\ai\Pathfinder.java,394,5,408,6,0.0,0,0,0,0.0,0.0,0,0,0,2,2,5,8,0,0,3,4,0.0,0.0714286,1,0,0,1,0.0714286,1,1,1,0,0,1,13,15,10,1,0,1,1,0,0,0,3,5,2,0,0,13,15,10,1,0,1,1,0,0,0,3,5,2,0,0,0,0,7,0,0,0,0,0,0,0,0,0,5,0,0,0,0,0,0,2,0
243,L3000,Pathfinder$RallyField,mindustry.ai.Pathfinder$RallyField,L2100,L103,C:\Users\domco\Desktop\DP\repos\Mindustry\core\src\mindustry\ai\Pathfinder.java,410,5,417,6,0.0,0,0,0,0.0,0.0,0,0,0,1,1,2,5,0,0,2,3,0.0,0.0,0,0,0,1,0.0,0,1,1,0,0,1,8,8,10,1,0,1,1,0,0,0,3,2,2,0,0,8,8,10,1,0,1,1,0,0,0,3,2,2,0,0,0,0,7,0,0,0,0,0,0,0,0,0,5,0,0,0,0,0,0,2,0
244,L3006,Pathfinder$PositionTarget,mindustry.ai.Pathfinder$PositionTarget,L2100,L103,C:\Users\domco\Desktop\DP\repos\Mindustry\core\src\mindustry\ai\Pathfinder.java,419,5,431,6,0.0,0,0,0,0.0,0.0,0,0,0,0,0,2,2,0,0,1,3,0.0,0.0,0,0,0,3,0.0,0,1,1,0,0,1,11,13,11,1,1,1,2,1,2,0,4,3,3,1,0,11,13,11,1,1,1,2,1,2,0,4,3,3,1,0,0,0,11,0,0,0,0,0,0,0,0,0,7,0,0,0,0,0,0,4,0
245,L2097,Pathfinder$Flowfield,mindustry.ai.Pathfinder$Flowfield,L2100,L103,C:\Users\domco\Desktop\DP\repos\Mindustry\core\src\mindustry\ai\Pathfinder.java,437,5,473,6,0.0,0,0,0,0.0,0.0,0,0,2,0,0,3,4,6,5,1,4,1.0,0.405405,15,15,1,0,0.405405,15,0,0,3,3,0,22,37,10,1,10,1,3,2,0,0,3,5,2,0,0,22,37,10,1,10,1,3,2,0,0,3,5,2,0,0,0,0,11,0,6,0,0,6,1,0,0,0,4,0,0,0,0,0,0,6,0
246,L3032,Pathfinder$PathTileStruct,mindustry.ai.Pathfinder$PathTileStruct,L2100,L103,C:\Users\domco\Desktop\DP\repos\Mindustry\core\src\mindustry\ai\Pathfinder.java,480,5,504,6,0.0,0,0,0,0.0,0.0,0,0,0,0,0,0,1,0,0,0,0,1.0,0.461538,12,12,1,0,0.461538,12,0,0,0,0,0,14,25,11,0,11,0,0,0,0,0,0,0,0,0,0,14,25,11,0,11,0,0,0,0,0,0,0,0,0,0,0,0,2,0,11,0,0,11,0,0,0,0,0,0,0,0,0,0,0,2,0
247,L3069,BuilderAI,mindustry.ai.types.BuilderAI,L3057,L103,C:\Users\domco\Desktop\DP\repos\Mindustry\core\src\mindustry\ai\types\BuilderAI.java,15,1,162,2,0.0965825,1,5,1,0.108108,0.136842,16,13,1,5,4,40,15,1,0,10,14,0.0,0.159292,18,0,0,5,0.159292,18,2,2,0,0,1,95,148,18,1,9,0,4,7,4,0,36,53,7,36,0,95,148,18,1,9,0,4,7,4,0,36,53,7,36,0,0,0,32,0,0,0,7,0,0,3,2,0,11,0,0,0,0,0,0,9,0
248,L3165,DefenderAI,mindustry.ai.types.DefenderAI,L3057,L103,C:\Users\domco\Desktop\DP\repos\Mindustry\core\src\mindustry\ai\types\DefenderAI.java,11,1,52,2,0.0,0,0,0,0.0,0.0,0,0,1,2,2,12,8,1,0,5,8,0.0,0.147059,5,0,0,4,0.147059,5,2,2,0,0,1,29,42,9,1,0,0,3,0,3,0,35,21,0,35,0,29,42,9,1,0,0,3,0,3,0,35,21,0,35,0,0,0,7,0,0,0,0,0,0,0,0,0,7,0,0,0,0,0,0,0,0
249,L3154,FlyingAI,mindustry.ai.types.FlyingAI,L3057,L103,C:\Users\domco\Desktop\DP\repos\Mindustry\core\src\mindustry\ai\types\FlyingAI.java,10,1,79,2,0.0,0,0,0,0.0,0.0,0,0,1,4,3,24,6,2,0,7,11,0.0,0.0181818,1,0,0,4,0.0181818,1,2,2,0,0,1,54,70,9,1,0,0,4,0,3,0,36,33,0,35,0,54,70,9,1,0,0,4,0,3,0,36,33,0,35,0,0,0,11,0,2,0,0,2,0,0,0,0,11,0,0,0,0,0,0,0,0
250,L3220,FormationAI,mindustry.ai.types.FormationAI,L3057,L103,C:\Users\domco\Desktop\DP\repos\Mindustry\core\src\mindustry\ai\types\FormationAI.java,11,1,105,2,0.0,0,0,0,0.0,0.0,0,0,1,4,4,29,4,5,2,1,8,0.0,0.0384615,3,0,0,8,0.0384615,3,2,3,0,0,2,75,95,12,1,3,0,7,1,7,0,37,35,1,37,0,75,95,12,1,3,0,7,1,7,0,37,35,1,37,0,0,0,25,0,3,0,0,0,0,3,0,3,17,0,0,1,0,0,0,4,0
251,L3159,GroundAI,mindustry.ai.types.GroundAI,L3057,L103,C:\Users\domco\Desktop\DP\repos\Mindustry\core\src\mindustry\ai\types\GroundAI.java,12,1,53,2,0.622407,2,8,2,0.547619,0.59375,23,19,1,3,3,20,8,4,0,5,6,0.0,0.0,0,0,0,2,0.0,0,2,2,1,1,1,32,42,9,1,0,0,1,0,1,0,33,21,0,33,0,32,42,9,1,0,0,1,0,1,0,33,21,0,33,0,0,0,18,0,2,0,12,2,0,1,0,0,5,0,0,0,0,0,0,0,0
252,L3247,HugAI,mindustry.ai.types.HugAI,L3057,L103,C:\Users\domco\Desktop\DP\repos\Mindustry\core\src\mindustry\ai\types\HugAI.java,15,1,74,2,0.441176,2,8,2,0.383333,0.463415,23,19,1,3,3,23,10,1,0,6,7,0.0,0.0681818,3,0,0,2,0.0681818,3,2,2,0,0,1,41,60,9,1,0,0,1,0,1,0,33,28,0,33,0,41,60,9,1,0,0,1,0,1,0,33,28,0,33,0,0,0,18,0,0,0,12,0,0,1,0,0,5,0,0,0,0,0,0,0,0
253,L3252,LogicAI,mindustry.ai.types.LogicAI,L3057,L103,C:\Users\domco\Desktop\DP\repos\Mindustry\core\src\mindustry\ai\types\LogicAI.java,16,1,173,2,0.163043,1,5,1,0.0759494,0.0927835,12,9,5,2,1,39,3,8,2,0,8,0.222222,0.126126,14,10,2,7,0.126126,14,2,2,0,0,1,97,158,28,1,19,0,8,18,8,0,40,44,18,40,0,97,158,28,1,19,0,8,18,8,0,40,44,18,40,0,0,0,37,0,0,0,8,0,1,1,0,0,19,0,0,0,0,0,0,8,0
254,L3323,MinerAI,mindustry.ai.types.MinerAI,L3057,L103,C:\Users\domco\Desktop\DP\repos\Mindustry\core\src\mindustry\ai\types\MinerAI.java,11,1,78,2,0.0,0,0,0,0.0,0.0,0,0,1,4,4,22,6,1,0,4,5,0.0,0.0363636,2,0,0,2,0.0363636,2,2,2,0,0,1,53,68,12,1,3,0,1,3,1,0,33,32,3,33,0,53,68,12,1,3,0,1,3,1,0,33,32,3,33,0,0,0,12,0,1,0,0,1,0,3,0,0,5,0,0,0,0,0,0,4,0
255,L3337,RepairAI,mindustry.ai.types.RepairAI,L3057,L103,C:\Users\domco\Desktop\DP\repos\Mindustry\core\src\mindustry\ai\types\RepairAI.java,9,1,70,2,0.255906,1,5,1,0.241935,0.265306,15,13,1,4,4,17,3,1,0,4,6,0.0,0.0392157,2,0,0,3,0.0392157,2,2,2,0,0,1,49,62,14,1,5,0,2,3,2,0,34,29,3,34,0,49,62,14,1,5,0,2,3,2,0,34,29,3,34,0,0,0,25,0,0,0,11,0,0,3,0,0,7,0,0,0,0,0,0,4,0
256,L3355,SuicideAI,mindustry.ai.types.SuicideAI,L3057,L103,C:\Users\domco\Desktop\DP\repos\Mindustry\core\src\mindustry\ai\types\SuicideAI.java,17,1,114,2,0.0,0,0,0,0.0,0.0,0,0,1,5,4,26,13,1,0,10,12,0.0,0.0857143,6,0,0,3,0.0857143,6,3,3,0,0,1,64,98,10,1,1,0,2,0,2,0,35,40,0,35,0,64,98,10,1,1,0,2,0,2,0,35,40,0,35,0,0,0,11,0,0,0,0,0,0,3,1,0,7,0,0,0,0,0,0,0,0
257,L3552,PhysicsProcess$PhysicRef,mindustry.async.PhysicsProcess$PhysicRef,L3499,L103,C:\Users\domco\Desktop\DP\repos\Mindustry\core\src\mindustry\async\PhysicsProcess.java,112,5,121,6,0.0,0,0,0,0.0,0.0,0,0,0,0,0,1,1,2,1,0,1,0.0,0.0,0,0,0,2,0.0,0,0,0,0,0,0,9,10,4,0,4,0,1,4,1,0,1,2,4,1,0,9,10,4,0,4,0,1,4,1,0,1,2,4,1,0,0,0,9,0,1,1,0,0,0,0,0,0,5,0,0,0,0,0,0,4,0
258,L3548,PhysicsProcess$PhysicsWorld,mindustry.async.PhysicsProcess$PhysicsWorld,L3499,L103,C:\Users\domco\Desktop\DP\repos\Mindustry\core\src\mindustry\async\PhysicsProcess.java,124,5,207,6,0.0,0,0,0,0.0,0.0,0,0,1,4,4,14,2,1,3,1,5,0.2,0.0689655,4,2,1,4,0.0597015,4,0,0,0,0,0,54,74,6,0,6,0,4,0,4,0,4,44,0,4,0,63,84,13,0,13,0,5,7,5,0,5,45,7,5,0,0,0,27,0,7,3,0,2,0,2,0,0,16,0,0,0,0,2,0,9,0
259,L3661,SoundControl$1,mindustry.audio.SoundControl$1,L3640,L103,C:\Users\domco\Desktop\DP\repos\Mindustry\core\src\mindustry\audio\SoundControl.java,37,54,39,7,0.0,0,0,0,0.0,0.0,0,0,0,0,0,0,0,0,0,0,0,0.0,0.0,0,0,0,1,0.0,0,0,0,0,0,0,3,3,0,0,0,0,0,0,0,0,0,0,0,0,0,3,3,0,0,0,0,0,0,0,0,0,0,0,0,0,0,0,3,0,0,0,0,0,0,0,0,0,3,0,0,0,0,0,0,0,0
260,L3664,SoundControl$SoundData,mindustry.audio.SoundControl$SoundData,L3640,L103,C:\Users\domco\Desktop\DP\repos\Mindustry\core\src\mindustry\audio\SoundControl.java,310,5,317,6,0.0,0,0,0,0.0,0.0,0,0,0,0,0,0,0,1,0,0,0,0.0,0.0,0,0,0,1,0.0,0,0,0,0,0,0,7,8,5,0,5,0,0,0,0,0,0,0,0,0,0,7,8,5,0,5,0,0,0,0,0,0,0,0,0,0,0,0,3,0,5,0,0,5,0,0,0,0,3,0,0,0,0,0,0,0,0
261,L8036,TechTree$TechNode,mindustry.content.TechTree$TechNode,L8030,L103,C:\Users\domco\Desktop\DP\repos\Mindustry\core\src\mindustry\content\TechTree.java,719,5,790,6,0.0,0,0,0,0.0,0.0,0,0,1,1,1,12,5,10,4,2,7,0.5,0.224138,13,10,3,3,0.224138,13,0,0,0,0,0,45,72,7,0,7,0,5,7,5,0,5,24,7,5,0,45,72,7,0,7,0,5,7,5,0,5,24,7,5,0,0,1,16,1,3,3,0,1,0,0,0,0,11,0,1,0,0,0,0,5,0
262,L10996,Renderer$EnvRenderer,mindustry.core.Renderer$EnvRenderer,L3877,L103,C:\Users\domco\Desktop\DP\repos\Mindustry\core\src\mindustry\core\Renderer.java,651,5,661,6,0.0,0,0,0,0.0,0.0,0,0,0,0,0,1,0,1,1,0,1,0.0,0.2,2,2,0,2,0.2,2,0,0,0,0,0,8,11,2,0,2,0,1,2,1,0,1,2,2,1,0,8,11,2,0,2,0,1,2,1,0,1,2,2,1,0,0,0,9,0,0,0,0,0,0,0,0,0,5,0,0,0,0,0,0,4,0
263,L11709,World$Context,mindustry.core.World$Context,L11707,L103,C:\Users\domco\Desktop\DP\repos\Mindustry\core\src\mindustry\core\World.java,525,5,560,6,0.0,0,0,0,0.0,0.0,0,0,6,0,0,7,4,2,2,7,14,0.0,0.0,0,0,0,7,0.0,0,1,1,1,1,1,29,36,0,0,0,0,7,0,6,0,8,8,0,7,0,29,36,0,0,0,0,7,0,6,0,8,8,0,7,0,0,0,18,0,0,0,0,0,1,0,0,0,17,0,0,0,0,0,0,0,0
264,L11841,World$FilterContext,mindustry.core.World$FilterContext,L11707,L103,C:\Users\domco\Desktop\DP\repos\Mindustry\core\src\mindustry\core\World.java,563,5,587,6,0.0,0,0,0,0.0,0.0,0,0,1,2,2,4,5,1,2,8,10,0.5,0.0952381,2,1,1,1,0.0952381,2,2,2,0,0,1,19,25,1,0,1,0,2,0,1,0,10,9,0,8,0,19,25,1,0,1,0,2,0,1,0,10,9,0,8,0,0,0,7,0,0,0,0,0,0,0,0,0,7,0,0,0,0,0,0,0,0
265,L11978,Content$ModContentInfo,mindustry.ctype.Content$ModContentInfo,L2265,L103,C:\Users\domco\Desktop\DP\repos\Mindustry\core\src\mindustry\ctype\Content.java,52,5,61,6,0.0,0,0,0,0.0,0.0,0,0,0,0,0,0,1,7,0,0,0,0.0,0.4,4,4,0,1,0.4,4,0,0,0,0,0,6,10,4,0,4,0,0,4,0,0,0,0,4,0,0,6,10,4,0,4,0,0,4,0,0,0,0,4,0,0,0,0,5,0,0,0,0,0,0,0,0,0,1,0,0,0,0,0,0,4,0
266,L12178,DrawOperation$TileOpStruct,mindustry.editor.DrawOperation$TileOpStruct,L12137,L103,C:\Users\domco\Desktop\DP\repos\Mindustry\core\src\mindustry\editor\DrawOperation.java,78,5,84,6,0.0,0,0,0,0.0,0.0,0,0,0,0,0,0,1,0,0,0,0,0.0,0.0,0,0,0,1,0.0,0,0,0,0,0,0,7,7,4,0,4,0,0,0,0,0,0,0,0,0,0,7,7,4,0,4,0,0,0,0,0,0,0,0,0,0,0,0,3,0,4,0,0,4,0,0,0,0,3,0,0,0,0,0,0,0,0
267,L12286,EditorTool$1,mindustry.editor.EditorTool$1,L12278,L103,C:\Users\domco\Desktop\DP\repos\Mindustry\core\src\mindustry\editor\EditorTool.java,16,5,23,6,0.0,0,0,0,0.0,0.0,0,0,1,1,1,5,6,0,0,0,1,0.0,0.0,0,0,0,2,0.0,0,1,1,0,0,1,7,8,13,0,0,0,1,0,1,0,7,4,13,3,0,7,8,13,0,0,0,1,0,1,0,7,4,13,3,0,0,0,7,0,1,0,0,1,0,0,0,0,5,0,0,0,0,0,0,2,0
268,L12301,EditorTool$2,mindustry.editor.EditorTool$2,L12278,L103,C:\Users\domco\Desktop\DP\repos\Mindustry\core\src\mindustry\editor\EditorTool.java,24,5,47,6,0.0,0,0,0,0.0,0.0,0,0,1,2,2,3,1,0,0,0,1,0.0,0.176471,3,0,0,2,0.176471,3,1,1,0,0,1,14,24,13,0,0,0,1,0,1,0,7,5,13,3,0,14,24,13,0,0,0,1,0,1,0,7,5,13,3,0,0,0,7,0,2,2,0,0,0,0,0,0,5,0,0,0,0,0,0,2,0
269,L12312,EditorTool$3,mindustry.editor.EditorTool$3,L12278,L103,C:\Users\domco\Desktop\DP\repos\Mindustry\core\src\mindustry\editor\EditorTool.java,48,5,71,6,0.0,0,0,0,0.0,0.0,0,0,1,4,1,5,2,0,0,0,1,0.0,0.181818,4,0,0,2,0.181818,4,1,1,0,0,1,18,24,13,0,0,0,1,0,1,0,7,8,13,3,0,18,24,13,0,0,0,1,0,1,0,7,8,13,3,0,0,0,5,0,0,0,0,0,0,0,0,0,3,0,0,0,0,0,0,2,0
270,L12332,EditorTool$4,mindustry.editor.EditorTool$4,L12278,L103,C:\Users\domco\Desktop\DP\repos\Mindustry\core\src\mindustry\editor\EditorTool.java,72,5,90,6,0.0,0,0,0,0.0,0.0,0,0,1,0,0,1,2,0,0,0,1,0.0,0.153846,2,0,0,2,0.153846,2,1,1,0,0,1,11,19,13,0,0,0,1,0,1,0,7,1,13,3,0,11,19,13,0,0,0,1,0,1,0,7,1,13,3,0,0,0,5,0,0,0,0,0,0,0,0,0,3,0,0,0,0,0,0,2,0
271,L12340,EditorTool$5,mindustry.editor.EditorTool$5,L12278,L103,C:\Users\domco\Desktop\DP\repos\Mindustry\core\src\mindustry\editor\EditorTool.java,91,5,209,6,0.0,0,0,0,0.0,0.0,0,0,2,6,5,37,6,1,1,0,2,0.0,0.0865385,9,0,0,2,0.0865385,9,1,1,0,0,1,95,119,14,0,1,0,2,0,1,0,8,79,13,3,0,95,119,14,0,1,0,2,0,1,0,8,79,13,3,0,0,0,16,2,11,5,0,6,1,6,0,1,7,0,1,0,0,0,0,2,0
272,L12373,EditorTool$6,mindustry.editor.EditorTool$6,L12278,L103,C:\Users\domco\Desktop\DP\repos\Mindustry\core\src\mindustry\editor\EditorTool.java,210,5,234,6,0.0,0,0,0,0.0,0.0,0,0,1,2,1,3,3,0,0,0,1,0.0,0.1,2,0,0,2,0.1,2,1,1,0,0,1,18,25,14,0,1,0,1,0,1,0,7,5,13,3,0,18,25,14,0,1,0,1,0,1,0,7,5,13,3,0,0,0,7,0,1,0,0,0,0,0,0,1,5,0,0,0,0,0,0,2,0
273,L12420,MapEditor$Context,mindustry.editor.MapEditor$Context,L12412,L103,C:\Users\domco\Desktop\DP\repos\Mindustry\core\src\mindustry\editor\MapEditor.java,341,5,373,6,0.0,0,0,0,0.0,0.0,0,0,6,0,0,6,7,1,0,8,14,0.0,0.0,0,0,0,7,0.0,0,1,1,0,0,1,28,33,0,0,0,0,6,0,6,0,7,8,0,7,0,28,33,0,0,0,0,6,0,6,0,7,8,0,7,0,0,0,16,0,0,0,0,0,1,0,0,0,15,0,0,0,0,0,0,0,0
274,L12677,MapGenerateDialog$1,mindustry.editor.MapGenerateDialog$1,L12556,L103,C:\Users\domco\Desktop\DP\repos\Mindustry\core\src\mindustry\editor\MapGenerateDialog.java,45,40,56,6,0.0,0,0,0,0.0,0.0,0,0,1,0,0,2,4,0,0,0,2,0.0,0.1,1,1,0,2,0.1,1,3,3,0,0,1,9,12,11,10,0,0,2,0,1,1,89,1,4,82,19,9,12,11,10,0,0,2,0,1,1,89,1,4,82,19,0,0,11,0,1,0,0,0,0,0,0,0,5,1,0,0,0,0,0,6,0
275,L13112,Ability,mindustry.entities.abilities.Ability,L13102,L103,C:\Users\domco\Desktop\DP\repos\Mindustry\core\src\mindustry\entities\abilities\Ability.java,7,1,29,2,0.0,0,0,0,0.0,0.0,0,0,6,1,1,7,0,11,5,0,6,0.142857,0.105263,2,1,1,6,0.105263,2,0,0,7,8,0,17,23,0,0,0,0,6,0,6,0,6,4,0,6,0,17,23,0,0,0,0,6,0,6,0,6,4,0,6,0,0,1,14,5,4,0,0,4,1,0,0,1,13,4,1,0,0,0,0,0,0
276,L9333,EnergyFieldAbility,mindustry.entities.abilities.EnergyFieldAbility,L13102,L103,C:\Users\domco\Desktop\DP\repos\Mindustry\core\src\mindustry\entities\abilities\EnergyFieldAbility.java,20,1,168,2,0.0,0,0,0,0.0,0.0,0,0,1,5,5,26,10,1,0,8,13,0.0,0.00869565,1,0,0,5,0.00869565,1,1,1,1,1,1,114,149,30,0,30,0,5,26,4,0,11,79,26,10,0,114,149,30,0,30,0,5,26,4,0,11,79,26,10,0,0,0,24,0,0,0,0,0,0,3,0,0,13,0,0,0,0,0,0,8,0
277,L8434,ForceFieldAbility,mindustry.entities.abilities.ForceFieldAbility,L13102,L103,C:\Users\domco\Desktop\DP\repos\Mindustry\core\src\mindustry\entities\abilities\ForceFieldAbility.java,16,1,108,2,0.0,0,0,0,0.0,0.0,0,0,2,2,2,10,4,1,0,0,6,0.0,0.106061,7,5,0,6,0.106061,7,1,1,0,0,1,59,93,10,0,10,0,6,4,5,0,12,27,4,11,0,59,93,10,0,10,0,6,4,5,0,12,27,4,11,0,0,0,20,0,2,1,0,0,1,0,0,0,13,1,0,0,0,0,0,6,0
278,L13259,MoveLightningAbility,mindustry.entities.abilities.MoveLightningAbility,L13102,L103,C:\Users\domco\Desktop\DP\repos\Mindustry\core\src\mindustry\entities\abilities\MoveLightningAbility.java,14,1,100,2,0.113426,2,2,2,0.114943,0.153846,10,10,1,2,2,12,4,1,0,3,8,0.0,0.144737,11,11,0,5,0.144737,11,1,1,0,0,1,65,87,17,0,17,0,5,16,4,0,11,35,16,10,0,65,87,17,0,17,0,5,16,4,0,11,35,16,10,0,0,0,31,0,11,3,9,2,0,0,0,1,13,1,0,0,0,4,0,9,0
279,L8353,RepairFieldAbility,mindustry.entities.abilities.RepairFieldAbility,L13102,L103,C:\Users\domco\Desktop\DP\repos\Mindustry\core\src\mindustry\entities\abilities\RepairFieldAbility.java,8,1,47,2,0.0,0,0,0,0.0,0.0,0,0,1,2,2,5,3,2,0,2,5,0.0,0.0,0,0,0,3,0.0,0,1,1,0,0,1,27,40,8,0,8,0,3,6,2,0,9,10,6,8,0,27,40,8,0,8,0,3,6,2,0,9,10,6,8,0,0,0,14,0,5,1,0,0,0,0,0,1,9,1,0,0,0,2,0,5,0
280,L8396,ShieldRegenFieldAbility,mindustry.entities.abilities.ShieldRegenFieldAbility,L13102,L103,C:\Users\domco\Desktop\DP\repos\Mindustry\core\src\mindustry\entities\abilities\ShieldRegenFieldAbility.java,8,1,49,2,0.0,0,0,0,0.0,0.0,0,0,1,2,2,5,3,1,0,2,5,0.0,0.0344828,1,0,0,3,0.0344828,1,1,1,0,0,1,28,42,9,0,9,0,3,7,2,0,9,11,7,8,0,28,42,9,0,9,0,3,7,2,0,9,11,7,8,0,0,0,15,0,4,1,0,0,0,0,0,1,9,1,0,0,0,1,0,6,0
281,L9214,StatusFieldAbility,mindustry.entities.abilities.StatusFieldAbility,L13102,L103,C:\Users\domco\Desktop\DP\repos\Mindustry\core\src\mindustry\entities\abilities\StatusFieldAbility.java,11,1,51,2,0.0,0,0,0,0.0,0.0,0,0,1,1,1,6,5,1,0,3,7,0.0,0.0,0,0,0,4,0.0,0,1,1,0,0,1,31,41,10,0,10,0,4,9,3,0,10,12,9,9,0,31,41,10,0,10,0,4,9,3,0,10,12,9,9,0,0,0,17,0,5,3,0,0,0,0,0,1,11,1,0,0,0,0,0,6,0
282,L9140,UnitSpawnAbility,mindustry.entities.abilities.UnitSpawnAbility,L13102,L103,C:\Users\domco\Desktop\DP\repos\Mindustry\core\src\mindustry\entities\abilities\UnitSpawnAbility.java,17,1,68,2,0.0,0,0,0,0.0,0.0,0,0,1,2,2,10,10,1,0,6,11,0.0,0.0,0,0,0,6,0.0,0,1,1,0,0,1,42,52,7,0,7,0,5,6,5,0,11,19,6,11,0,42,52,7,0,7,0,5,6,5,0,11,19,6,11,0,0,0,18,0,5,3,0,0,0,0,0,1,13,1,0,0,0,0,0,5,0
283,L6909,ArtilleryBulletType,mindustry.entities.bullet.ArtilleryBulletType,L13438,L103,C:\Users\domco\Desktop\DP\repos\Mindustry\core\src\mindustry\entities\bullet\ArtilleryBulletType.java,8,1,69,2,0.0,0,0,0,0.0,0.0,0,0,1,1,1,6,4,7,0,4,9,0.166667,0.264151,14,1,1,5,0.264151,14,3,3,11,11,1,39,62,110,1,2,0,5,2,5,0,48,25,110,48,0,39,62,110,1,2,0,5,2,5,0,48,25,110,48,0,0,0,17,0,2,2,0,0,0,0,0,0,9,0,0,1,0,0,0,7,0
284,L6936,BasicBulletType,mindustry.entities.bullet.BasicBulletType,L13438,L103,C:\Users\domco\Desktop\DP\repos\Mindustry\core\src\mindustry\entities\bullet\BasicBulletType.java,12,1,61,2,0.0,0,0,0,0.0,0.0,0,0,1,0,0,6,1,20,6,2,7,0.333333,0.0487805,2,2,2,4,0.0487805,2,2,2,29,65,1,39,50,108,1,12,0,5,12,5,0,43,17,108,43,0,39,50,108,1,12,0,5,12,5,0,43,17,108,43,0,0,0,21,0,7,4,0,0,0,0,0,1,11,0,0,2,0,2,0,8,0
285,L8592,BombBulletType,mindustry.entities.bullet.BombBulletType,L13438,L103,C:\Users\domco\Desktop\DP\repos\Mindustry\core\src\mindustry\entities\bullet\BombBulletType.java,5,1,28,2,0.0,0,0,0,0.0,0.0,0,0,0,0,0,3,2,1,0,1,4,0.0,0.0,0,0,0,4,0.0,0,3,3,2,2,1,21,24,108,1,0,0,3,0,3,0,46,13,108,46,0,21,24,108,1,0,0,3,0,3,0,46,13,108,46,0,0,0,14,0,0,0,0,0,0,0,0,0,9,0,0,0,0,0,0,5,0
286,L6876,BulletType,mindustry.entities.bullet.BulletType,L13438,L103,C:\Users\domco\Desktop\DP\repos\Mindustry\core\src\mindustry\entities\bullet\BulletType.java,25,1,503,2,0.0,0,0,0,0.0,0.0,0,0,4,3,3,109,27,52,57,17,48,0.1875,0.163814,67,62,6,26,0.163814,67,1,1,22,113,1,342,479,96,1,94,1,31,94,31,0,38,158,96,38,0,342,479,96,1,94,1,31,94,31,0,38,158,96,38,0,0,0,85,0,0,0,0,0,1,3,1,0,61,0,0,2,0,0,0,17,0
287,L6323,ContinuousLaserBulletType,mindustry.entities.bullet.ContinuousLaserBulletType,L13438,L103,C:\Users\domco\Desktop\DP\repos\Mindustry\core\src\mindustry\entities\bullet\ContinuousLaserBulletType.java,12,1,115,2,0.0,0,0,0,0.0,0.0,0,0,2,2,2,14,5,1,0,6,15,0.0,0.045977,4,0,0,9,0.045977,4,2,2,3,3,1,83,104,109,1,13,0,9,13,8,0,47,45,109,46,0,83,104,109,1,13,0,9,13,8,0,47,45,109,46,0,0,0,27,0,2,1,0,0,1,0,0,1,17,0,0,0,0,0,0,9,0
288,L9385,EmpBulletType,mindustry.entities.bullet.EmpBulletType,L13438,L103,C:\Users\domco\Desktop\DP\repos\Mindustry\core\src\mindustry\entities\bullet\EmpBulletType.java,8,1,68,2,0.0,0,0,0,0.0,0.0,0,0,1,2,2,3,6,1,0,3,4,0.0,0.0,0,0,0,2,0.0,0,3,3,1,1,1,20,61,118,1,10,0,1,10,1,0,44,5,118,44,0,20,61,118,1,10,0,1,10,1,0,44,5,118,44,0,0,0,13,0,3,3,0,0,0,0,0,0,5,0,0,0,0,0,0,8,0
289,L7198,FireBulletType,mindustry.entities.bullet.FireBulletType,L13438,L103,C:\Users\domco\Desktop\DP\repos\Mindustry\core\src\mindustry\entities\bullet\FireBulletType.java,11,1,64,2,0.0,0,0,0,0.0,0.0,0,0,3,1,1,8,3,2,1,6,11,0.0,0.0,0,0,0,6,0.0,0,2,2,0,0,1,44,54,106,1,10,0,5,10,5,0,43,13,106,43,0,44,54,106,1,10,0,5,10,5,0,43,13,106,43,0,0,1,22,0,5,3,0,0,1,0,0,1,13,1,1,0,0,0,0,8,0
290,L7026,FlakBulletType,mindustry.entities.bullet.FlakBulletType,L13438,L103,C:\Users\domco\Desktop\DP\repos\Mindustry\core\src\mindustry\entities\bullet\FlakBulletType.java,8,1,49,2,0.0,0,0,0,0.0,0.0,0,0,1,1,1,5,4,9,0,3,6,0.0,0.142857,4,0,0,4,0.142857,4,3,3,9,9,1,24,42,110,1,2,0,3,2,3,0,46,13,110,46,0,24,42,110,1,2,0,3,2,3,0,46,13,110,46,0,0,0,14,0,3,1,0,2,0,0,0,0,7,0,0,0,0,0,0,7,0
291,L8370,LaserBoltBulletType,mindustry.entities.bullet.LaserBoltBulletType,L13438,L103,C:\Users\domco\Desktop\DP\repos\Mindustry\core\src\mindustry\entities\bullet\LaserBoltBulletType.java,8,1,37,2,0.0,0,0,0,0.0,0.0,0,0,1,0,0,3,4,1,0,2,5,0.0,0.0,0,0,0,4,0.0,0,3,3,3,3,1,26,30,110,1,2,0,3,2,3,0,46,16,110,46,0,26,30,110,1,2,0,3,2,3,0,46,16,110,46,0,0,0,16,0,1,1,0,0,0,0,0,0,9,0,0,0,0,0,0,7,0
292,L6051,LaserBulletType,mindustry.entities.bullet.LaserBulletType,L13438,L103,C:\Users\domco\Desktop\DP\repos\Mindustry\core\src\mindustry\entities\bullet\LaserBulletType.java,12,1,126,2,0.0,0,0,0,0.0,0.0,0,0,4,3,3,13,5,1,0,7,15,0.111111,0.0222222,2,1,1,8,0.0222222,2,2,2,4,4,1,88,115,108,1,12,0,8,12,8,0,46,52,108,46,0,88,115,108,1,12,0,8,12,8,0,46,52,108,46,0,0,1,27,0,5,3,0,0,1,0,0,1,17,0,1,0,0,1,0,9,0
293,L6087,LightningBulletType,mindustry.entities.bullet.LightningBulletType,L13438,L103,C:\Users\domco\Desktop\DP\repos\Mindustry\core\src\mindustry\entities\bullet\LightningBulletType.java,10,1,44,2,0.0,0,0,0,0.0,0.0,0,0,2,0,0,5,4,1,0,3,8,0.0,0.0333333,1,0,0,6,0.0333333,1,2,2,2,2,1,29,35,99,1,3,0,5,3,5,0,43,11,99,43,0,29,35,99,1,3,0,5,3,5,0,43,11,99,43,0,0,0,20,0,3,1,0,0,1,0,0,0,13,1,0,0,0,1,0,6,0
294,L7225,LiquidBulletType,mindustry.entities.bullet.LiquidBulletType,L13438,L103,C:\Users\domco\Desktop\DP\repos\Mindustry\core\src\mindustry\entities\bullet\LiquidBulletType.java,15,1,89,2,0.0,0,0,0,0.0,0.0,0,0,1,2,2,13,9,10,0,12,18,0.0,0.015625,1,0,0,7,0.015625,1,2,2,9,9,1,63,75,99,1,3,0,6,3,6,0,44,37,99,44,0,63,75,99,1,3,0,6,3,6,0,44,37,99,44,0,0,0,21,0,0,0,0,0,0,0,0,0,15,0,0,0,0,0,0,6,0
295,L13905,MassDriverBolt,mindustry.entities.bullet.MassDriverBolt,L13438,L103,C:\Users\domco\Desktop\DP\repos\Mindustry\core\src\mindustry\entities\bullet\MassDriverBolt.java,13,1,100,2,0.0,0,0,0,0.0,0.0,0,0,3,2,2,15,7,2,0,6,11,0.0,0.0985916,7,0,0,6,0.0985916,7,2,2,0,0,1,64,88,96,1,0,0,5,0,5,0,43,47,96,43,0,64,88,96,1,0,0,5,0,5,0,43,47,96,43,0,0,0,18,0,0,0,0,0,1,0,0,0,13,0,0,0,0,0,0,4,0
296,L7099,MissileBulletType,mindustry.entities.bullet.MissileBulletType,L13438,L103,C:\Users\domco\Desktop\DP\repos\Mindustry\core\src\mindustry\entities\bullet\MissileBulletType.java,6,1,28,2,0.0,0,0,0,0.0,0.0,0,0,0,0,0,3,3,5,0,1,4,0.0,0.0,0,0,0,4,0.0,0,3,3,10,10,1,20,23,108,1,0,0,3,0,3,0,46,12,108,46,0,20,23,108,1,0,0,3,0,3,0,46,12,108,46,0,0,0,14,0,0,0,0,0,0,0,0,0,9,0,0,0,0,0,0,5,0
297,L6247,PointBulletType,mindustry.entities.bullet.PointBulletType,L13438,L103,C:\Users\domco\Desktop\DP\repos\Mindustry\core\src\mindustry\entities\bullet\PointBulletType.java,9,1,70,2,0.0,0,0,0,0.0,0.0,0,0,1,2,2,5,4,1,0,4,6,0.0,0.025641,1,0,0,3,0.025641,1,2,2,1,1,1,38,62,99,1,3,0,2,1,2,0,40,23,97,40,0,38,62,99,1,3,0,2,1,2,0,40,23,97,40,0,0,0,13,0,3,0,0,2,0,0,0,0,7,0,0,0,0,1,0,6,0
298,L9150,RailBulletType,mindustry.entities.bullet.RailBulletType,L13438,L103,C:\Users\domco\Desktop\DP\repos\Mindustry\core\src\mindustry\entities\bullet\RailBulletType.java,9,1,90,2,0.0,0,0,0,0.0,0.0,0,0,3,1,1,11,4,1,0,6,13,0.0,0.0615385,4,2,0,7,0.0615385,4,2,2,1,1,1,61,82,102,1,6,0,7,5,6,0,45,33,101,44,0,61,82,102,1,6,0,7,5,6,0,45,33,101,44,0,0,1,25,0,5,1,0,2,1,0,0,1,17,0,1,0,0,1,0,7,0
299,L8635,SapBulletType,mindustry.entities.bullet.SapBulletType,L13438,L103,C:\Users\domco\Desktop\DP\repos\Mindustry\core\src\mindustry\entities\bullet\SapBulletType.java,13,1,86,2,0.0,0,0,0,0.0,0.0,0,0,3,2,2,11,6,1,0,6,11,0.0,0.0,0,0,0,6,0.0,0,2,2,3,3,1,61,74,100,1,4,0,5,4,5,0,43,44,100,43,0,61,74,100,1,4,0,5,4,5,0,43,44,100,43,0,0,0,20,0,0,0,0,0,1,0,0,0,13,0,0,0,0,0,0,6,0
300,L6182,ShrapnelBulletType,mindustry.entities.bullet.ShrapnelBulletType,L13438,L103,C:\Users\domco\Desktop\DP\repos\Mindustry\core\src\mindustry\entities\bullet\ShrapnelBulletType.java,12,1,71,2,0.0,0,0,0,0.0,0.0,0,0,1,1,1,6,4,1,0,6,11,0.0,0.0,0,0,0,6,0.0,0,2,2,3,3,1,50,60,107,1,11,0,5,11,5,0,43,30,107,43,0,50,60,107,1,11,0,5,11,5,0,43,30,107,43,0,0,0,21,0,5,3,0,0,0,0,0,1,13,0,0,0,0,1,0,8,0
301,L14036,BlockUnitComp,mindustry.entities.comp.BlockUnitComp,L13991,L103,C:\Users\domco\Desktop\DP\repos\Mindustry\core\src\mindustry\entities\comp\BlockUnitComp.java,10,1,68,2,0.0,0,0,0,0.0,0.0,0,0,1,2,2,14,4,0,0,0,8,0.0,0.0204082,1,0,0,9,0.0204082,1,0,0,0,0,0,48,59,2,0,2,0,8,0,8,0,8,16,0,8,0,48,59,2,0,2,0,8,0,8,0,8,16,0,8,0,0,0,19,0,4,0,0,2,0,0,0,0,19,0,2,0,0,0,0,0,0
302,L14058,BoundedComp,mindustry.entities.comp.BoundedComp,L13991,L103,C:\Users\domco\Desktop\DP\repos\Mindustry\core\src\mindustry\entities\comp\BoundedComp.java,10,1,42,2,0.0,0,0,0,0.0,0.0,0,0,1,2,2,12,4,0,0,5,6,0.0,0.115385,3,0,0,2,0.115385,3,0,0,0,0,0,23,33,3,0,3,0,1,0,1,0,1,17,0,1,0,23,33,3,0,3,0,1,0,1,0,1,17,0,1,0,0,0,6,0,8,2,0,6,0,1,0,0,5,0,0,0,0,0,0,0,0
303,L14067,BuilderComp,mindustry.entities.comp.BuilderComp,L13991,L103,C:\Users\domco\Desktop\DP\repos\Mindustry\core\src\mindustry\entities\comp\BuilderComp.java,28,1,325,2,0.0,0,0,0,0.0,0.0,0,0,1,3,3,111,23,0,0,19,33,0.0,0.0661157,16,7,0,4,0.0661157,16,0,0,0,0,0,226,298,12,0,12,0,14,0,3,0,14,164,0,3,0,226,298,12,0,12,0,14,0,3,0,14,164,0,3,0,0,0,31,0,0,0,0,0,0,3,2,0,23,0,0,0,0,0,0,3,0
304,L14185,BuildingComp,mindustry.entities.comp.BuildingComp,L13991,L103,C:\Users\domco\Desktop\DP\repos\Mindustry\core\src\mindustry\entities\comp\BuildingComp.java,45,1,1597,2,0.0090545,2,13,2,0.0244688,0.0139535,38,15,36,6,4,453,73,0,0,90,253,0.420732,0.113036,137,102,69,95,0.113036,137,1,4,0,0,4,1075,1553,34,11,33,11,163,0,163,0,164,640,1,164,0,1075,1553,34,11,33,11,163,0,163,0,164,640,1,164,0,0,0,290,0,0,0,12,0,1,14,4,0,239,0,0,1,0,0,0,19,0
305,L14944,BulletComp,mindustry.entities.comp.BulletComp,L13991,L103,C:\Users\domco\Desktop\DP\repos\Mindustry\core\src\mindustry\entities\comp\BulletComp.java,21,1,223,2,0.0526316,1,4,1,0.0591133,0.0628931,12,10,3,4,4,67,17,0,0,19,35,0.235294,0.0479042,8,4,4,13,0.0479042,8,0,0,0,0,0,159,203,14,1,14,1,16,0,16,0,16,89,0,16,0,159,203,14,1,14,1,16,0,16,0,16,89,0,16,0,0,0,51,0,0,0,7,0,1,3,2,0,35,0,0,0,0,0,0,3,0
306,L15013,ChildComp,mindustry.entities.comp.ChildComp,L13991,L103,C:\Users\domco\Desktop\DP\repos\Mindustry\core\src\mindustry\entities\comp\ChildComp.java,8,1,41,2,0.0,0,0,0,0.0,0.0,0,0,1,2,2,8,1,0,0,0,2,0.0,0.0,0,0,0,3,0.0,0,0,0,0,0,0,31,34,9,0,9,0,2,0,2,0,2,18,0,2,0,31,34,9,0,9,0,2,0,2,0,2,18,0,2,0,0,0,9,0,0,0,0,0,0,0,0,0,7,0,0,0,0,0,0,2,0
307,L15035,CommanderComp,mindustry.entities.comp.CommanderComp,L13991,L103,C:\Users\domco\Desktop\DP\repos\Mindustry\core\src\mindustry\entities\comp\CommanderComp.java,18,1,125,2,0.0,0,0,0,0.0,0.0,0,0,1,2,2,18,11,0,0,8,17,0.4,0.0843373,7,3,2,3,0.0843373,7,0,0,0,0,0,76,108,11,0,11,0,9,0,4,0,9,42,0,4,0,76,108,11,0,11,0,9,0,4,0,9,42,0,4,0,0,0,22,0,0,0,0,0,0,0,1,0,19,0,0,0,0,0,0,2,0
308,L15095,DamageComp,mindustry.entities.comp.DamageComp,L13991,L103,C:\Users\domco\Desktop\DP\repos\Mindustry\core\src\mindustry\entities\comp\DamageComp.java,5,1,8,2,0.0,0,0,0,0.0,0.0,0,0,0,0,0,0,1,0,0,0,0,0.0,0.0,0,0,0,1,0.0,0,0,0,0,0,0,4,4,1,0,1,0,0,0,0,0,0,0,0,0,0,4,4,1,0,1,0,0,0,0,0,0,0,0,0,0,0,0,3,0,3,1,0,1,0,0,0,1,3,0,0,0,0,0,0,0,0
309,L15098,DecalComp,mindustry.entities.comp.DecalComp,L13991,L103,C:\Users\domco\Desktop\DP\repos\Mindustry\core\src\mindustry\entities\comp\DecalComp.java,10,1,33,2,0.0,0,0,0,0.0,0.0,0,0,1,0,0,2,4,0,0,0,2,0.0,0.0,0,0,0,3,0.0,0,0,0,0,0,0,19,24,5,0,5,0,2,0,2,0,2,6,0,2,0,19,24,5,0,5,0,2,0,2,0,2,6,0,2,0,0,0,7,0,4,1,0,3,0,0,0,0,7,0,0,0,0,0,0,0,0
310,L15112,DrawComp,mindustry.entities.comp.DrawComp,L13991,L103,C:\Users\domco\Desktop\DP\repos\Mindustry\core\src\mindustry\entities\comp\DrawComp.java,6,1,16,2,0.0,0,0,0,0.0,0.0,0,0,2,0,0,2,1,0,0,0,2,0.0,0.0,0,0,0,1,0.0,0,0,0,0,0,0,8,11,0,0,0,0,2,0,0,0,2,1,0,0,0,8,11,0,0,0,0,2,0,0,0,2,1,0,0,0,0,0,8,1,3,0,0,3,1,0,0,0,7,1,0,0,0,0,0,0,0
311,L15116,EffectStateComp,mindustry.entities.comp.EffectStateComp,L13991,L103,C:\Users\domco\Desktop\DP\repos\Mindustry\core\src\mindustry\entities\comp\EffectStateComp.java,8,1,27,2,0.0,0,0,0,0.0,0.0,0,0,1,0,0,2,4,0,0,1,3,0.0,0.0,0,0,0,3,0.0,0,0,0,0,0,0,17,20,9,0,9,0,2,0,2,0,2,2,0,2,0,17,20,9,0,9,0,2,0,2,0,2,2,0,2,0,0,0,9,0,6,1,0,5,0,0,0,0,7,0,0,0,0,0,0,2,0
312,L15142,ElevationMoveComp,mindustry.entities.comp.ElevationMoveComp,L13991,L103,C:\Users\domco\Desktop\DP\repos\Mindustry\core\src\mindustry\entities\comp\ElevationMoveComp.java,8,1,18,2,0.0,0,0,0,0.0,0.0,0,0,1,0,0,2,3,0,0,0,1,0.0,0.0,0,0,0,2,0.0,0,0,0,0,0,0,9,11,2,0,2,0,1,0,1,0,1,1,0,1,0,9,11,2,0,2,0,1,0,1,0,1,1,0,1,0,0,0,5,0,2,1,0,1,0,0,0,0,5,0,0,0,0,0,0,0,0
313,L15150,EntityComp,mindustry.entities.comp.EntityComp,L13991,L103,C:\Users\domco\Desktop\DP\repos\Mindustry\core\src\mindustry\entities\comp\EntityComp.java,10,1,69,2,0.0,0,0,0,0.0,0.0,0,0,8,0,0,18,6,0,0,1,15,0.0,0.0227273,1,1,0,1,0.0227273,1,0,0,0,0,0,43,60,2,0,2,0,14,0,0,0,14,11,0,0,0,43,60,2,0,2,0,14,0,0,0,14,11,0,0,0,0,0,30,0,0,0,0,0,1,0,0,0,29,0,0,0,0,0,0,0,0
314,L15180,FireComp,mindustry.entities.comp.FireComp,L13991,L103,C:\Users\domco\Desktop\DP\repos\Mindustry\core\src\mindustry\entities\comp\FireComp.java,21,1,148,2,0.0,0,0,0,0.0,0.0,0,0,4,2,2,25,24,0,0,16,22,0.0,0.0196078,2,0,0,7,0.0196078,2,0,0,0,0,0,100,128,24,0,24,0,6,3,6,0,6,52,3,6,0,100,128,24,0,24,0,6,3,6,0,6,52,3,6,0,0,0,26,1,11,4,0,4,1,1,2,0,15,0,3,0,0,1,0,7,0
315,L15250,FlyingComp,mindustry.entities.comp.FlyingComp,L13991,L103,C:\Users\domco\Desktop\DP\repos\Mindustry\core\src\mindustry\entities\comp\FlyingComp.java,16,1,123,2,0.0,0,0,0,0.0,0.0,0,0,3,3,3,33,10,0,0,4,16,0.0,0.0229885,2,0,0,3,0.0229885,2,0,0,0,0,0,85,108,14,0,14,0,12,0,2,0,12,37,0,2,0,85,108,14,0,14,0,12,0,2,0,12,37,0,2,0,0,0,28,1,24,2,0,19,1,0,0,2,25,1,1,0,0,0,0,2,0
316,L15312,HealthComp,mindustry.entities.comp.HealthComp,L13991,L103,C:\Users\domco\Desktop\DP\repos\Mindustry\core\src\mindustry\entities\comp\HealthComp.java,7,1,101,2,0.0,0,0,0,0.0,0.0,0,0,1,1,1,21,1,0,0,0,16,0.0,0.0666667,5,4,0,2,0.0666667,5,0,0,0,0,0,70,95,5,0,5,0,16,0,1,0,16,28,0,1,0,70,95,5,0,5,0,16,0,1,0,16,28,0,1,0,0,0,27,1,21,0,0,22,0,0,0,0,27,0,0,0,0,0,0,0,0
317,L15361,HitboxComp,mindustry.entities.comp.HitboxComp,L13991,L103,C:\Users\domco\Desktop\DP\repos\Mindustry\core\src\mindustry\entities\comp\HitboxComp.java,11,1,74,2,0.0,0,0,0,0.0,0.0,0,0,4,0,0,12,2,0,0,0,12,0.0,0.0208333,1,0,0,7,0.0208333,1,1,1,0,0,1,47,64,7,1,7,1,12,0,6,0,12,13,0,6,0,47,64,7,1,7,1,12,0,6,0,12,13,0,6,0,0,0,29,3,13,2,0,11,1,0,0,0,27,3,0,0,0,0,0,1,0
318,L15397,ItemsComp,mindustry.entities.comp.ItemsComp,L13991,L103,C:\Users\domco\Desktop\DP\repos\Mindustry\core\src\mindustry\entities\comp\ItemsComp.java,8,1,50,2,0.0,0,0,0,0.0,0.0,0,0,1,0,0,14,3,0,0,0,9,0.0,0.0,0,0,0,2,0.0,0,0,0,0,0,0,34,43,2,0,2,0,9,0,1,0,9,11,0,1,0,34,43,2,0,2,0,9,0,1,0,9,11,0,1,0,0,0,21,0,10,0,0,10,0,0,0,0,21,0,0,0,0,0,0,0,0
319,L15420,LaunchCoreComp,mindustry.entities.comp.LaunchCoreComp,L13991,L103,C:\Users\domco\Desktop\DP\repos\Mindustry\core\src\mindustry\entities\comp\LaunchCoreComp.java,12,1,75,2,0.154589,1,1,1,0.15625,0.148936,10,7,1,1,1,6,9,0,0,2,6,0.0,0.0,0,0,0,3,0.0,0,0,0,0,0,0,47,64,4,0,4,0,4,0,2,0,4,32,0,2,0,47,64,4,0,4,0,4,0,2,0,4,32,0,2,0,0,0,20,0,10,3,9,7,0,0,0,0,11,0,0,0,0,0,0,0,0
320,L15441,LegsComp,mindustry.entities.comp.LegsComp,L13991,L103,C:\Users\domco\Desktop\DP\repos\Mindustry\core\src\mindustry\entities\comp\LegsComp.java,18,1,188,2,0.0,0,0,0,0.0,0.0,0,0,1,4,4,27,15,0,0,6,15,0.0,0.0814815,11,1,0,9,0.0814815,11,0,0,0,0,0,124,171,9,0,9,0,9,0,8,0,9,78,0,8,0,124,171,9,0,9,0,9,0,8,0,9,78,0,8,0,0,0,27,0,11,1,0,10,0,3,1,0,19,0,0,0,0,0,0,4,0
321,L15508,MechComp,mindustry.entities.comp.MechComp,L13991,L103,C:\Users\domco\Desktop\DP\repos\Mindustry\core\src\mindustry\entities\comp\MechComp.java,17,1,121,2,0.0,0,0,0,0.0,0.0,0,0,1,3,3,26,11,0,0,7,13,0.0,0.0813954,7,0,0,7,0.0813954,7,0,0,0,0,0,79,105,8,0,8,0,6,0,6,0,6,46,0,6,0,79,105,8,0,8,0,6,0,6,0,6,46,0,6,0,0,0,17,0,11,3,0,8,0,0,1,0,15,0,0,0,0,0,0,1,0
322,L15542,MinerComp,mindustry.entities.comp.MinerComp,L13991,L103,C:\Users\domco\Desktop\DP\repos\Mindustry\core\src\mindustry\entities\comp\MinerComp.java,18,1,131,2,0.0,0,0,0,0.0,0.0,0,0,1,5,4,40,19,0,0,10,18,0.0,0.021978,2,0,0,8,0.021978,2,0,0,0,0,0,89,114,7,0,7,0,8,0,7,0,8,51,0,7,0,89,114,7,0,7,0,8,0,7,0,8,51,0,7,0,0,0,25,0,10,2,0,8,0,3,2,0,19,0,0,0,0,0,0,1,0
323,L15587,OwnerComp,mindustry.entities.comp.OwnerComp,L13991,L103,C:\Users\domco\Desktop\DP\repos\Mindustry\core\src\mindustry\entities\comp\OwnerComp.java,6,1,9,2,0.0,0,0,0,0.0,0.0,0,0,0,0,0,0,1,0,0,0,0,0.0,0.0,0,0,0,1,0.0,0,0,0,0,0,0,4,4,1,0,1,0,0,0,0,0,0,0,0,0,0,4,4,1,0,1,0,0,0,0,0,0,0,0,0,0,0,0,3,0,1,0,0,1,0,0,0,0,3,0,0,0,0,0,0,0,0
324,L15590,PayloadComp,mindustry.entities.comp.PayloadComp,L13991,L103,C:\Users\domco\Desktop\DP\repos\Mindustry\core\src\mindustry\entities\comp\PayloadComp.java,20,1,200,2,0.0,0,0,0,0.0,0.0,0,0,1,2,2,35,18,0,0,19,32,1.0,0.251656,38,32,1,0,0.251656,38,0,0,0,0,0,113,181,5,0,5,0,13,0,0,0,13,82,0,0,0,113,181,5,0,5,0,13,0,0,0,13,82,0,0,0,0,0,25,0,0,0,0,0,0,0,1,0,24,0,0,0,0,0,0,0,0
325,L15665,PhysicsComp,mindustry.entities.comp.PhysicsComp,L13991,L103,C:\Users\domco\Desktop\DP\repos\Mindustry\core\src\mindustry\entities\comp\PhysicsComp.java,13,1,44,2,0.0,0,0,0,0.0,0.0,0,0,1,1,1,5,2,0,0,0,4,1.0,0.178571,5,4,1,0,0.178571,5,0,0,0,0,0,23,32,5,0,5,0,4,0,0,0,4,8,0,0,0,23,32,5,0,5,0,4,0,0,0,4,8,0,0,0,0,0,8,0,8,1,0,7,0,0,0,0,8,0,0,0,0,0,0,0,0
326,L15686,PlayerComp,mindustry.entities.comp.PlayerComp,L13991,L103,C:\Users\domco\Desktop\DP\repos\Mindustry\core\src\mindustry\entities\comp\PlayerComp.java,26,1,352,2,0.0,0,0,0,0.0,0.0,0,0,3,3,2,85,26,0,0,12,44,0.0526316,0.0777778,21,2,1,18,0.0777778,21,1,1,0,0,1,249,327,22,1,22,1,32,0,18,0,36,134,0,22,0,249,327,22,1,22,1,32,0,18,0,36,134,0,22,0,0,1,72,0,41,4,0,33,1,2,1,0,63,0,5,0,0,0,0,5,0
327,L15811,PosComp,mindustry.entities.comp.PosComp,L13991,L103,C:\Users\domco\Desktop\DP\repos\Mindustry\core\src\mindustry\entities\comp\PosComp.java,13,1,72,2,0.0,0,0,0,0.0,0.0,0,0,1,0,0,16,7,0,0,5,17,0.0,0.0208333,1,1,0,3,0.0208333,1,0,0,0,0,0,47,60,2,2,2,2,12,0,2,0,12,16,0,2,0,47,60,2,2,2,2,12,0,2,0,12,16,0,2,0,0,0,27,0,12,1,0,11,0,0,0,0,27,0,0,0,0,0,0,0,0
328,L15839,PosTeamDef,mindustry.entities.comp.PosTeamDef,L13991,L103,C:\Users\domco\Desktop\DP\repos\Mindustry\core\src\mindustry\entities\comp\PosTeamDef.java,7,1,9,2,0.0,0,0,0,0.0,0.0,0,0,0,0,0,0,1,0,0,0,0,1.0,0.25,1,1,1,0,0.25,1,0,0,0,0,0,3,3,0,0,0,0,0,0,0,0,0,0,0,0,0,3,3,0,0,0,0,0,0,0,0,0,0,0,0,0,0,0,0,0,0,0,0,0,0,0,0,0,0,0,0,0,0,0,0,0,0
329,L15842,PuddleComp,mindustry.entities.comp.PuddleComp,L13991,L103,C:\Users\domco\Desktop\DP\repos\Mindustry\core\src\mindustry\entities\comp\PuddleComp.java,21,1,147,2,0.0,0,0,0,0.0,0.0,0,0,3,3,3,22,15,0,0,12,18,0.0,0.0217391,2,0,0,7,0.0217391,2,0,0,0,0,0,90,127,15,1,15,1,6,0,6,0,6,48,0,6,0,90,127,15,1,15,1,6,0,6,0,6,48,0,6,0,0,0,20,1,14,3,0,12,1,1,1,0,15,0,0,0,0,0,0,2,0
330,L15889,RotComp,mindustry.entities.comp.RotComp,L13991,L103,C:\Users\domco\Desktop\DP\repos\Mindustry\core\src\mindustry\entities\comp\RotComp.java,6,1,9,2,0.0,0,0,0,0.0,0.0,0,0,0,0,0,0,1,0,0,0,0,0.0,0.0,0,0,0,1,0.0,0,0,0,0,0,0,4,4,1,0,1,0,0,0,0,0,0,0,0,0,0,4,4,1,0,1,0,0,0,0,0,0,0,0,0,0,0,0,3,0,2,0,0,1,0,0,0,1,3,0,0,0,0,0,0,0,0
331,L15892,ShieldComp,mindustry.entities.comp.ShieldComp,L13991,L103,C:\Users\domco\Desktop\DP\repos\Mindustry\core\src\mindustry\entities\comp\ShieldComp.java,11,1,75,2,0.0,0,0,0,0.0,0.0,0,0,1,2,2,12,6,0,0,1,5,0.0,0.0754717,4,3,0,4,0.0754717,4,0,0,0,0,0,49,65,10,0,10,0,4,0,3,0,4,23,0,3,0,49,65,10,0,10,0,4,0,3,0,4,23,0,3,0,0,0,13,0,11,3,0,7,0,0,0,0,11,0,0,0,0,1,0,2,0
332,L15929,ShielderComp,mindustry.entities.comp.ShielderComp,L13991,L103,C:\Users\domco\Desktop\DP\repos\Mindustry\core\src\mindustry\entities\comp\ShielderComp.java,6,1,12,2,0.0,0,0,0,0.0,0.0,0,0,1,0,0,1,1,0,0,0,1,0.0,0.0,0,0,0,1,0.0,0,0,0,0,0,0,5,7,0,0,0,0,1,0,0,0,1,0,0,0,0,5,7,0,0,0,0,1,0,0,0,1,0,0,0,0,0,0,5,1,2,0,0,2,0,0,0,0,5,1,0,0,0,0,0,0,0
333,L15932,StatusComp,mindustry.entities.comp.StatusComp,L13991,L103,C:\Users\domco\Desktop\DP\repos\Mindustry\core\src\mindustry\entities\comp\StatusComp.java,17,1,164,2,0.0,0,0,0,0.0,0.0,0,0,1,4,3,33,11,0,0,7,19,0.0,0.110169,13,4,0,4,0.110169,13,0,0,0,0,0,105,148,10,1,10,1,12,0,3,0,12,67,0,3,0,105,148,10,1,10,1,12,0,3,0,12,67,0,3,0,0,0,26,0,19,2,0,14,0,0,1,2,23,0,0,0,0,1,0,2,0
334,L15999,SyncComp,mindustry.entities.comp.SyncComp,L13991,L103,C:\Users\domco\Desktop\DP\repos\Mindustry\core\src\mindustry\entities\comp\SyncComp.java,10,1,41,2,0.0,0,0,0,0.0,0.0,0,0,9,1,1,14,4,0,0,2,12,0.0,0.172414,5,1,0,3,0.172414,5,0,0,0,0,0,24,32,2,0,2,0,10,0,2,0,10,4,0,2,0,24,32,2,0,2,0,10,0,2,0,10,4,0,2,0,0,0,20,8,18,1,0,17,1,0,0,0,19,8,0,0,0,0,0,0,0
335,L16019,TeamComp,mindustry.entities.comp.TeamComp,L13991,L103,C:\Users\domco\Desktop\DP\repos\Mindustry\core\src\mindustry\entities\comp\TeamComp.java,11,1,35,2,0.0,0,0,0,0.0,0.0,0,0,1,0,0,4,7,0,0,4,8,0.0,0.0,0,0,0,5,0.0,0,0,0,0,0,0,20,25,3,0,3,0,4,0,4,0,4,4,0,4,0,20,25,3,0,3,0,4,0,4,0,4,4,0,4,0,0,0,11,0,3,1,0,2,0,0,0,0,11,0,0,0,0,0,0,0,0
336,L16035,TimedComp,mindustry.entities.comp.TimedComp,L13991,L103,C:\Users\domco\Desktop\DP\repos\Mindustry\core\src\mindustry\entities\comp\TimedComp.java,8,1,27,2,0.0,0,0,0,0.0,0.0,0,0,1,1,1,3,2,0,0,0,2,0.333333,0.0588235,1,1,1,2,0.0588235,1,0,0,0,0,0,16,20,2,0,2,0,2,0,2,0,2,4,0,2,0,16,20,2,0,2,0,2,0,2,0,2,4,0,2,0,0,0,7,0,2,1,0,1,0,0,0,0,7,0,0,0,0,0,0,0,0
337,L16044,TimerComp,mindustry.entities.comp.TimerComp,L13991,L103,C:\Users\domco\Desktop\DP\repos\Mindustry\core\src\mindustry\entities\comp\TimerComp.java,6,1,14,2,0.0,0,0,0,0.0,0.0,0,0,1,1,1,2,1,0,0,0,1,0.0,0.0,0,0,0,2,0.0,0,0,0,0,0,0,8,9,1,0,1,0,1,0,1,0,1,3,0,1,0,8,9,1,0,1,0,1,0,1,0,1,3,0,1,0,0,0,5,0,4,1,0,2,0,0,0,0,5,0,1,0,0,0,0,0,0
338,L16051,TrailComp,mindustry.entities.comp.TrailComp,L13991,L103,C:\Users\domco\Desktop\DP\repos\Mindustry\core\src\mindustry\entities\comp\TrailComp.java,9,1,26,2,0.0,0,0,0,0.0,0.0,0,0,1,0,0,1,3,0,0,1,2,0.0,0.0,0,0,0,2,0.0,0,0,0,0,0,0,14,18,5,0,5,0,1,0,1,0,1,6,0,1,0,14,18,5,0,5,0,1,0,1,0,1,6,0,1,0,0,0,5,0,5,2,0,3,0,0,0,0,5,0,0,0,0,0,0,0,0
339,L16068,UnitComp,mindustry.entities.comp.UnitComp,L13991,L103,C:\Users\domco\Desktop\DP\repos\Mindustry\core\src\mindustry\entities\comp\UnitComp.java,33,1,593,2,0.0291262,1,24,2,0.0463458,0.0538642,26,23,6,3,3,185,36,0,0,34,88,0.218182,0.0757576,35,12,12,43,0.0757576,35,1,3,0,0,3,427,561,31,2,30,2,54,0,54,1,54,235,1,54,1,427,561,31,2,30,2,54,0,54,1,54,235,1,54,1,0,0,132,0,0,0,9,0,1,5,4,0,99,0,0,1,0,0,0,13,0
340,L16323,VelComp,mindustry.entities.comp.VelComp,L13991,L103,C:\Users\domco\Desktop\DP\repos\Mindustry\core\src\mindustry\entities\comp\VelComp.java,12,1,87,2,0.0,0,0,0,0.0,0.0,0,0,1,2,2,17,6,0,0,3,12,0.5,0.0952381,6,4,1,1,0.0952381,6,0,0,0,0,0,57,76,4,0,4,0,9,0,1,0,9,28,0,1,0,57,76,4,0,4,0,9,0,1,0,9,28,0,1,0,0,0,19,1,16,2,0,14,0,0,0,0,19,0,0,0,0,1,0,0,0
341,L16363,WaterMoveComp,mindustry.entities.comp.WaterMoveComp,L13991,L103,C:\Users\domco\Desktop\DP\repos\Mindustry\core\src\mindustry\entities\comp\WaterMoveComp.java,20,1,98,2,0.0,0,0,0,0.0,0.0,0,0,7,1,1,20,14,0,0,7,16,0.1,0.015625,1,1,1,9,0.015625,1,0,0,0,0,0,63,79,8,0,8,0,9,0,9,0,9,28,0,9,0,63,79,8,0,8,0,9,0,9,0,9,28,0,9,0,0,0,24,0,8,3,0,2,1,0,1,3,21,0,0,0,0,0,0,1,0
342,L16402,WeaponsComp,mindustry.entities.comp.WeaponsComp,L13991,L103,C:\Users\domco\Desktop\DP\repos\Mindustry\core\src\mindustry\entities\comp\WeaponsComp.java,10,1,103,2,0.0,0,0,0,0.0,0.0,0,0,2,2,2,22,5,0,0,2,12,0.333333,0.0379747,3,3,1,2,0.0379747,3,0,0,0,0,0,76,94,10,0,10,0,10,0,2,1,10,36,0,2,1,76,94,10,0,10,0,10,0,2,1,10,36,0,2,1,0,0,26,0,21,4,0,17,1,0,0,0,23,0,0,0,0,0,0,2,0
343,L16461,WorldLabelComp,mindustry.entities.comp.WorldLabelComp,L13991,L103,C:\Users\domco\Desktop\DP\repos\Mindustry\core\src\mindustry\entities\comp\WorldLabelComp.java,14,1,68,2,0.0,0,0,0,0.0,0.0,0,0,2,1,1,5,5,0,0,1,4,0.5,0.0666667,3,3,2,2,0.0666667,3,0,0,0,0,0,42,55,9,0,9,0,3,6,3,0,3,23,6,3,0,42,55,9,0,9,0,3,6,3,0,3,23,6,3,0,0,0,16,0,5,3,0,2,1,0,0,0,9,0,0,0,0,0,0,6,0
344,L16680,Effect$EffectContainer,mindustry.entities.Effect$EffectContainer,L7280,L103,C:\Users\domco\Desktop\DP\repos\Mindustry\core\src\mindustry\entities\Effect.java,236,5,270,6,0.392,2,2,2,0.285714,0.322581,10,10,1,1,1,6,0,4,4,0,4,0.0,0.0,0,0,0,5,0.0,0,0,0,0,0,0,31,35,9,0,9,0,4,8,4,0,4,15,8,4,0,31,35,9,0,9,0,4,8,4,0,4,15,8,4,0,0,0,29,0,0,0,11,0,0,0,0,0,11,0,0,0,0,0,0,7,0
345,L9277,ExplosionEffect,mindustry.entities.effect.ExplosionEffect,L16857,L103,C:\Users\domco\Desktop\DP\repos\Mindustry\core\src\mindustry\entities\effect\ExplosionEffect.java,13,1,47,2,0.0,0,0,0,0.0,0.0,0,0,0,0,0,1,1,1,0,1,2,0.0,0.0,0,0,0,2,0.0,0,1,1,2,2,1,11,35,29,0,15,0,1,15,1,0,32,3,26,30,0,11,35,29,0,15,0,1,15,1,0,32,3,26,30,0,0,0,13,0,4,3,0,1,0,0,0,0,5,0,0,0,0,0,0,8,0
346,L7163,MultiEffect,mindustry.entities.effect.MultiEffect,L16857,L103,C:\Users\domco\Desktop\DP\repos\Mindustry\core\src\mindustry\entities\effect\MultiEffect.java,6,1,39,2,0.0,0,0,0,0.0,0.0,0,0,1,1,1,6,2,1,0,3,7,0.2,0.0344828,1,1,1,4,0.0344828,1,1,1,0,0,1,28,34,15,0,1,0,4,1,4,0,35,12,12,33,0,28,34,15,0,1,0,4,1,4,0,35,12,12,33,0,0,0,15,1,0,1,0,0,0,0,0,0,11,0,0,0,0,0,0,4,0
347,L16876,ParticleEffect,mindustry.entities.effect.ParticleEffect,L16857,L103,C:\Users\domco\Desktop\DP\repos\Mindustry\core\src\mindustry\entities\effect\ParticleEffect.java,13,1,92,2,0.0,0,0,0,0.0,0.0,0,0,1,2,2,11,3,1,0,2,4,0.333333,0.147059,10,10,1,2,0.147059,10,1,1,0,0,1,58,80,42,0,28,0,2,25,2,0,33,36,36,31,0,58,80,42,0,28,0,2,25,2,0,33,36,36,31,0,0,0,15,0,17,9,0,2,0,0,0,0,7,0,0,0,0,6,0,8,0
348,L16948,WaveEffect,mindustry.entities.effect.WaveEffect,L16857,L103,C:\Users\domco\Desktop\DP\repos\Mindustry\core\src\mindustry\entities\effect\WaveEffect.java,11,1,41,2,0.0,0,0,0,0.0,0.0,0,0,1,0,0,4,3,1,0,2,4,0.333333,0.037037,1,1,1,2,0.037037,1,1,1,0,0,1,26,31,29,0,15,0,2,15,2,0,33,10,26,31,0,26,31,29,0,15,0,2,15,2,0,33,10,26,31,0,0,0,15,0,8,5,0,0,0,0,0,0,7,0,0,0,0,3,0,8,0
349,L3070,AIController,mindustry.entities.units.AIController,L17612,L103,C:\Users\domco\Desktop\DP\repos\Mindustry\core\src\mindustry\entities\units\AIController.java,18,1,263,2,0.0699627,1,5,1,0.0487805,0.0494506,12,9,1,3,3,73,16,12,13,14,42,0.0344828,0.0215054,4,2,1,28,0.0215054,4,1,1,9,10,1,182,246,9,1,9,1,28,0,28,0,32,103,0,32,0,182,246,9,1,9,1,28,0,28,0,32,103,0,32,0,0,0,73,0,0,0,7,0,0,1,1,0,59,0,0,0,0,0,0,5,0
350,L3107,BuildPlan,mindustry.entities.units.BuildPlan,L17612,L103,C:\Users\domco\Desktop\DP\repos\Mindustry\core\src\mindustry\entities\units\BuildPlan.java,13,1,183,2,0.0,0,0,0,0.0,0.0,0,0,1,3,2,33,6,42,48,7,27,0.285714,0.0939597,14,14,6,15,0.0939597,14,0,0,0,0,0,135,171,15,2,15,2,20,15,20,0,20,70,15,20,0,135,171,15,2,15,2,20,15,20,0,20,70,15,20,0,0,0,48,0,7,4,0,1,0,0,0,0,41,1,0,0,0,1,0,7,0
351,L15935,StatusEntry,mindustry.entities.units.StatusEntry,L17612,L103,C:\Users\domco\Desktop\DP\repos\Mindustry\core\src\mindustry\entities\units\StatusEntry.java,5,1,14,2,0.0,0,0,0,0.0,0.0,0,0,1,0,0,1,1,4,2,0,1,0.0,0.0,0,0,0,2,0.0,0,0,0,0,0,0,9,10,2,0,2,0,1,2,1,0,1,3,2,1,0,9,10,2,0,2,0,1,2,1,0,1,3,2,1,0,0,0,9,0,0,0,0,0,0,0,0,0,5,0,0,0,0,0,0,4,0
352,L17791,UnitDecal,mindustry.entities.units.UnitDecal,L17612,L103,C:\Users\domco\Desktop\DP\repos\Mindustry\core\src\mindustry\entities\units\UnitDecal.java,7,1,25,2,0.0,0,0,0,0.0,0.0,0,0,0,0,0,2,0,0,0,0,2,0.333333,0.0555556,1,1,1,2,0.0555556,1,0,0,0,0,0,17,19,8,0,8,0,2,8,2,0,2,6,8,2,0,17,19,8,0,8,0,2,8,2,0,2,6,8,2,0,0,0,13,0,4,2,0,0,0,0,0,1,7,1,0,0,0,0,0,6,0
353,L16093,WeaponMount,mindustry.entities.units.WeaponMount,L17612,L103,C:\Users\domco\Desktop\DP\repos\Mindustry\core\src\mindustry\entities\units\WeaponMount.java,8,1,41,2,0.0,0,0,0,0.0,0.0,0,0,0,0,0,1,2,8,1,0,1,0.0,0.424242,14,14,0,2,0.424242,14,0,0,1,1,0,19,34,15,0,15,0,1,15,1,0,1,1,15,1,0,19,34,15,0,15,0,1,15,1,0,1,1,15,1,0,0,0,9,0,5,1,0,0,0,0,0,1,3,0,0,0,0,3,0,6,0
354,L17889,EventType$WinEvent,mindustry.game.EventType$WinEvent,L3919,L103,C:\Users\domco\Desktop\DP\repos\Mindustry\core\src\mindustry\game\EventType.java,49,5,49,35,0.0,0,0,0,0.0,0.0,0,0,0,0,0,0,0,2,0,0,0,0.0,0.0,0,0,0,1,0.0,0,0,0,0,0,0,1,1,0,0,0,0,0,0,0,0,0,0,0,0,0,1,1,0,0,0,0,0,0,0,0,0,0,0,0,0,0,0,3,0,0,0,0,0,0,0,0,0,3,0,0,0,0,0,0,0,0
355,L17891,EventType$LoseEvent,mindustry.game.EventType$LoseEvent,L3919,L103,C:\Users\domco\Desktop\DP\repos\Mindustry\core\src\mindustry\game\EventType.java,50,5,50,36,0.0,0,0,0,0.0,0.0,0,0,0,0,0,0,0,1,0,0,0,0.0,0.0,0,0,0,1,0.0,0,0,0,0,0,0,1,1,0,0,0,0,0,0,0,0,0,0,0,0,0,1,1,0,0,0,0,0,0,0,0,0,0,0,0,0,0,0,3,0,0,0,0,0,0,0,0,0,3,0,0,0,0,0,0,0,0
356,L11513,EventType$ResizeEvent,mindustry.game.EventType$ResizeEvent,L3919,L103,C:\Users\domco\Desktop\DP\repos\Mindustry\core\src\mindustry\game\EventType.java,51,5,51,38,0.0,0,0,0,0.0,0.0,0,0,0,0,0,0,0,3,0,0,0,0.0,0.0,0,0,0,1,0.0,0,0,0,0,0,0,1,1,0,0,0,0,0,0,0,0,0,0,0,0,0,1,1,0,0,0,0,0,0,0,0,0,0,0,0,0,0,0,3,0,0,0,0,0,0,0,0,0,3,0,0,0,0,0,0,0,0
357,L17893,EventType$MapMakeEvent,mindustry.game.EventType$MapMakeEvent,L3919,L103,C:\Users\domco\Desktop\DP\repos\Mindustry\core\src\mindustry\game\EventType.java,52,5,52,39,0.0,0,0,0,0.0,0.0,0,0,0,0,0,0,0,1,0,0,0,0.0,0.0,0,0,0,1,0.0,0,0,0,0,0,0,1,1,0,0,0,0,0,0,0,0,0,0,0,0,0,1,1,0,0,0,0,0,0,0,0,0,0,0,0,0,0,0,3,0,0,0,0,0,0,0,0,0,3,0,0,0,0,0,0,0,0
358,L17895,EventType$MapPublishEvent,mindustry.game.EventType$MapPublishEvent,L3919,L103,C:\Users\domco\Desktop\DP\repos\Mindustry\core\src\mindustry\game\EventType.java,53,5,53,42,0.0,0,0,0,0.0,0.0,0,0,0,0,0,0,0,2,0,0,0,0.0,0.0,0,0,0,1,0.0,0,0,0,0,0,0,1,1,0,0,0,0,0,0,0,0,0,0,0,0,0,1,1,0,0,0,0,0,0,0,0,0,0,0,0,0,0,0,3,0,0,0,0,0,0,0,0,0,3,0,0,0,0,0,0,0,0
359,L17897,EventType$SaveWriteEvent,mindustry.game.EventType$SaveWriteEvent,L3919,L103,C:\Users\domco\Desktop\DP\repos\Mindustry\core\src\mindustry\game\EventType.java,54,5,54,41,0.0,0,0,0,0.0,0.0,0,0,0,0,0,0,0,1,0,0,0,0.0,0.0,0,0,0,1,0.0,0,0,0,0,0,0,1,1,0,0,0,0,0,0,0,0,0,0,0,0,0,1,1,0,0,0,0,0,0,0,0,0,0,0,0,0,0,0,3,0,0,0,0,0,0,0,0,0,3,0,0,0,0,0,0,0,0
360,L9824,EventType$SaveLoadEvent,mindustry.game.EventType$SaveLoadEvent,L3919,L103,C:\Users\domco\Desktop\DP\repos\Mindustry\core\src\mindustry\game\EventType.java,55,5,55,40,0.0,0,0,0,0.0,0.0,0,0,0,0,0,0,0,3,0,0,0,0.0,0.0,0,0,0,1,0.0,0,0,0,0,0,0,1,1,0,0,0,0,0,0,0,0,0,0,0,0,0,1,1,0,0,0,0,0,0,0,0,0,0,0,0,0,0,0,3,0,0,0,0,0,0,0,0,0,3,0,0,0,0,0,0,0,0
361,L3798,EventType$ClientCreateEvent,mindustry.game.EventType$ClientCreateEvent,L3919,L103,C:\Users\domco\Desktop\DP\repos\Mindustry\core\src\mindustry\game\EventType.java,56,5,56,44,0.0,0,0,0,0.0,0.0,0,0,0,0,0,0,0,1,0,0,0,0.0,0.0,0,0,0,1,0.0,0,0,0,0,0,0,1,1,0,0,0,0,0,0,0,0,0,0,0,0,0,1,1,0,0,0,0,0,0,0,0,0,0,0,0,0,0,0,3,0,0,0,0,0,0,0,0,0,3,0,0,0,0,0,0,0,0
362,L17900,EventType$ServerLoadEvent,mindustry.game.EventType$ServerLoadEvent,L3919,L103,C:\Users\domco\Desktop\DP\repos\Mindustry\core\src\mindustry\game\EventType.java,57,5,57,42,0.0,0,0,0,0.0,0.0,0,0,0,0,0,0,0,2,0,0,0,0.0,0.0,0,0,0,1,0.0,0,0,0,0,0,0,1,1,0,0,0,0,0,0,0,0,0,0,0,0,0,1,1,0,0,0,0,0,0,0,0,0,0,0,0,0,0,0,3,0,0,0,0,0,0,0,0,0,3,0,0,0,0,0,0,0,0
363,L11075,EventType$DisposeEvent,mindustry.game.EventType$DisposeEvent,L3919,L103,C:\Users\domco\Desktop\DP\repos\Mindustry\core\src\mindustry\game\EventType.java,58,5,58,39,0.0,0,0,0,0.0,0.0,0,0,0,0,0,0,0,2,0,0,0,0.0,0.0,0,0,0,1,0.0,0,0,0,0,0,0,1,1,0,0,0,0,0,0,0,0,0,0,0,0,0,1,1,0,0,0,0,0,0,0,0,0,0,0,0,0,0,0,3,0,0,0,0,0,0,0,0,0,3,0,0,0,0,0,0,0,0
364,L9821,EventType$PlayEvent,mindustry.game.EventType$PlayEvent,L3919,L103,C:\Users\domco\Desktop\DP\repos\Mindustry\core\src\mindustry\game\EventType.java,59,5,59,36,0.0,0,0,0,0.0,0.0,0,0,0,0,0,0,0,3,0,0,0,0.0,0.0,0,0,0,1,0.0,0,0,0,0,0,0,1,1,0,0,0,0,0,0,0,0,0,0,0,0,0,1,1,0,0,0,0,0,0,0,0,0,0,0,0,0,0,0,3,0,0,0,0,0,0,0,0,0,3,0,0,0,0,0,0,0,0
365,L2873,EventType$ResetEvent,mindustry.game.EventType$ResetEvent,L3919,L103,C:\Users\domco\Desktop\DP\repos\Mindustry\core\src\mindustry\game\EventType.java,60,5,60,37,0.0,0,0,0,0.0,0.0,0,0,0,0,0,0,0,9,0,0,0,0.0,0.0,0,0,0,1,0.0,0,0,0,0,0,0,1,1,0,0,0,0,0,0,0,0,0,0,0,0,0,1,1,0,0,0,0,0,0,0,0,0,0,0,0,0,0,0,3,0,0,0,0,0,0,0,0,0,3,0,0,0,0,0,0,0,0
366,L3671,EventType$WaveEvent,mindustry.game.EventType$WaveEvent,L3919,L103,C:\Users\domco\Desktop\DP\repos\Mindustry\core\src\mindustry\game\EventType.java,61,5,61,36,0.0,0,0,0,0.0,0.0,0,0,0,0,0,0,0,7,0,0,0,0.0,0.0,0,0,0,1,0.0,0,0,0,0,0,0,1,1,0,0,0,0,0,0,0,0,0,0,0,0,0,1,1,0,0,0,0,0,0,0,0,0,0,0,0,0,0,0,3,0,0,0,0,0,0,0,0,0,3,0,0,0,0,0,0,0,0
367,L10067,EventType$TurnEvent,mindustry.game.EventType$TurnEvent,L3919,L103,C:\Users\domco\Desktop\DP\repos\Mindustry\core\src\mindustry\game\EventType.java,62,5,62,36,0.0,0,0,0,0.0,0.0,0,0,0,0,0,0,0,3,0,0,0,0.0,0.0,0,0,0,1,0.0,0,0,0,0,0,0,1,1,0,0,0,0,0,0,0,0,0,0,0,0,0,1,1,0,0,0,0,0,0,0,0,0,0,0,0,0,0,0,3,0,0,0,0,0,0,0,0,0,3,0,0,0,0,0,0,0,0
368,L17903,EventType$LineConfirmEvent,mindustry.game.EventType$LineConfirmEvent,L3919,L103,C:\Users\domco\Desktop\DP\repos\Mindustry\core\src\mindustry\game\EventType.java,64,5,64,43,0.0,0,0,0,0.0,0.0,0,0,0,0,0,0,0,2,0,0,0,1.0,0.5,1,1,1,0,0.5,1,0,0,0,0,0,1,1,0,0,0,0,0,0,0,0,0,0,0,0,0,1,1,0,0,0,0,0,0,0,0,0,0,0,0,0,0,0,0,0,0,0,0,0,0,0,0,0,0,0,0,0,0,0,0,0,0
369,L17906,EventType$TurretAmmoDeliverEvent,mindustry.game.EventType$TurretAmmoDeliverEvent,L3919,L103,C:\Users\domco\Desktop\DP\repos\Mindustry\core\src\mindustry\game\EventType.java,66,5,66,49,0.0,0,0,0,0.0,0.0,0,0,0,0,0,0,0,0,0,0,0,1.0,0.5,1,1,1,0,0.5,1,0,0,0,0,0,1,1,0,0,0,0,0,0,0,0,0,0,0,0,0,1,1,0,0,0,0,0,0,0,0,0,0,0,0,0,0,0,0,0,0,0,0,0,0,0,0,0,0,0,0,0,0,0,0,0,0
370,L17909,EventType$CoreItemDeliverEvent,mindustry.game.EventType$CoreItemDeliverEvent,L3919,L103,C:\Users\domco\Desktop\DP\repos\Mindustry\core\src\mindustry\game\EventType.java,68,5,68,47,0.0,0,0,0,0.0,0.0,0,0,0,0,0,0,0,0,0,0,0,1.0,0.5,1,1,1,0,0.5,1,0,0,0,0,0,1,1,0,0,0,0,0,0,0,0,0,0,0,0,0,1,1,0,0,0,0,0,0,0,0,0,0,0,0,0,0,0,0,0,0,0,0,0,0,0,0,0,0,0,0,0,0,0,0,0,0
371,L17912,EventType$BlockInfoEvent,mindustry.game.EventType$BlockInfoEvent,L3919,L103,C:\Users\domco\Desktop\DP\repos\Mindustry\core\src\mindustry\game\EventType.java,70,5,70,41,0.0,0,0,0,0.0,0.0,0,0,0,0,0,0,0,1,0,0,0,1.0,0.5,1,1,1,0,0.5,1,0,0,0,0,0,1,1,0,0,0,0,0,0,0,0,0,0,0,0,0,1,1,0,0,0,0,0,0,0,0,0,0,0,0,0,0,0,0,0,0,0,0,0,0,0,0,0,0,0,0,0,0,0,0,0,0
372,L9678,EventType$ContentInitEvent,mindustry.game.EventType$ContentInitEvent,L3919,L103,C:\Users\domco\Desktop\DP\repos\Mindustry\core\src\mindustry\game\EventType.java,72,5,72,43,0.0,0,0,0,0.0,0.0,0,0,0,0,0,0,0,2,0,0,0,1.0,0.5,1,1,1,0,0.5,1,0,0,0,0,0,1,1,0,0,0,0,0,0,0,0,0,0,0,0,0,1,1,0,0,0,0,0,0,0,0,0,0,0,0,0,0,0,0,0,0,0,0,0,0,0,0,0,0,0,0,0,0,0,0,0,0
373,L3668,EventType$ClientLoadEvent,mindustry.game.EventType$ClientLoadEvent,L3919,L103,C:\Users\domco\Desktop\DP\repos\Mindustry\core\src\mindustry\game\EventType.java,74,5,74,42,0.0,0,0,0,0.0,0.0,0,0,0,0,0,0,0,13,0,0,0,1.0,0.5,1,1,1,0,0.5,1,0,0,0,0,0,1,1,0,0,0,0,0,0,0,0,0,0,0,0,0,1,1,0,0,0,0,0,0,0,0,0,0,0,0,0,0,0,0,0,0,0,0,0,0,0,0,0,0,0,0,0,0,0,0,0,0
374,L3684,EventType$MusicRegisterEvent,mindustry.game.EventType$MusicRegisterEvent,L3919,L103,C:\Users\domco\Desktop\DP\repos\Mindustry\core\src\mindustry\game\EventType.java,76,5,76,45,0.0,0,0,0,0.0,0.0,0,0,0,0,0,0,0,1,0,0,0,1.0,0.5,1,1,1,0,0.5,1,0,0,0,0,0,1,1,0,0,0,0,0,0,0,0,0,0,0,0,0,1,1,0,0,0,0,0,0,0,0,0,0,0,0,0,0,0,0,0,0,0,0,0,0,0,0,0,0,0,0,0,0,0,0,0,0
375,L17918,EventType$FileTreeInitEvent,mindustry.game.EventType$FileTreeInitEvent,L3919,L103,C:\Users\domco\Desktop\DP\repos\Mindustry\core\src\mindustry\game\EventType.java,78,5,78,44,0.0,0,0,0,0.0,0.0,0,0,0,0,0,0,0,1,0,0,0,1.0,0.5,1,1,1,0,0.5,1,0,0,0,0,0,1,1,0,0,0,0,0,0,0,0,0,0,0,0,0,1,1,0,0,0,0,0,0,0,0,0,0,0,0,0,0,0,0,0,0,0,0,0,0,0,0,0,0,0,0,0,0,0,0,0,0
376,L2377,EventType$WorldLoadEvent,mindustry.game.EventType$WorldLoadEvent,L3919,L103,C:\Users\domco\Desktop\DP\repos\Mindustry\core\src\mindustry\game\EventType.java,80,5,80,41,0.0,0,0,0,0.0,0.0,0,0,0,0,0,0,0,15,0,0,0,1.0,0.5,1,1,1,0,0.5,1,0,0,0,0,0,1,1,0,0,0,0,0,0,0,0,0,0,0,0,0,1,1,0,0,0,0,0,0,0,0,0,0,0,0,0,0,0,0,0,0,0,0,0,0,0,0,0,0,0,0,0,0,0,0,0,0
377,L17922,EventType$SectorLoseEvent,mindustry.game.EventType$SectorLoseEvent,L3919,L103,C:\Users\domco\Desktop\DP\repos\Mindustry\core\src\mindustry\game\EventType.java,83,5,89,6,0.0,0,0,0,0.0,0.0,0,0,0,0,0,1,1,2,1,0,1,0.5,0.142857,1,1,1,1,0.142857,1,0,0,0,0,0,6,7,1,0,1,0,1,1,1,0,1,1,1,1,0,6,7,1,0,1,0,1,1,1,0,1,1,1,1,0,0,0,9,0,0,0,0,0,0,0,0,0,5,0,0,0,0,0,0,4,0
378,L17928,EventType$SectorInvasionEvent,mindustry.game.EventType$SectorInvasionEvent,L3919,L103,C:\Users\domco\Desktop\DP\repos\Mindustry\core\src\mindustry\game\EventType.java,92,5,98,6,0.0,0,0,0,0.0,0.0,0,0,0,0,0,1,1,2,1,0,1,0.5,0.142857,1,1,1,1,0.142857,1,0,0,0,0,0,6,7,1,0,1,0,1,1,1,0,1,1,1,1,0,6,7,1,0,1,0,1,1,1,0,1,1,1,1,0,0,0,9,0,0,0,0,0,0,0,0,0,5,0,0,0,0,0,0,4,0
379,L17934,EventType$LaunchItemEvent,mindustry.game.EventType$LaunchItemEvent,L3919,L103,C:\Users\domco\Desktop\DP\repos\Mindustry\core\src\mindustry\game\EventType.java,100,5,106,6,0.0,0,0,0,0.0,0.0,0,0,0,0,0,1,1,2,1,0,1,0.0,0.0,0,0,0,2,0.0,0,0,0,0,0,0,6,7,1,0,1,0,1,1,1,0,1,1,1,1,0,6,7,1,0,1,0,1,1,1,0,1,1,1,1,0,0,0,9,0,0,0,0,0,0,0,0,0,5,0,0,0,0,0,0,4,0
380,L17939,EventType$SectorLaunchEvent,mindustry.game.EventType$SectorLaunchEvent,L3919,L103,C:\Users\domco\Desktop\DP\repos\Mindustry\core\src\mindustry\game\EventType.java,108,5,114,6,0.0,0,0,0,0.0,0.0,0,0,0,0,0,1,1,1,0,0,1,0.0,0.0,0,0,0,2,0.0,0,0,0,0,0,0,6,7,1,0,1,0,1,1,1,0,1,1,1,1,0,6,7,1,0,1,0,1,1,1,0,1,1,1,1,0,0,0,9,0,0,0,0,0,0,0,0,0,5,0,0,0,0,0,0,4,0
381,L17944,EventType$SchematicCreateEvent,mindustry.game.EventType$SchematicCreateEvent,L3919,L103,C:\Users\domco\Desktop\DP\repos\Mindustry\core\src\mindustry\game\EventType.java,116,5,122,6,0.0,0,0,0,0.0,0.0,0,0,0,0,0,1,1,1,0,0,1,0.0,0.0,0,0,0,2,0.0,0,0,0,0,0,0,6,7,1,0,1,0,1,1,1,0,1,1,1,1,0,6,7,1,0,1,0,1,1,1,0,1,1,1,1,0,0,0,9,0,0,0,0,0,0,0,0,0,5,0,0,0,0,0,0,4,0
382,L17949,EventType$CommandIssueEvent,mindustry.game.EventType$CommandIssueEvent,L3919,L103,C:\Users\domco\Desktop\DP\repos\Mindustry\core\src\mindustry\game\EventType.java,124,5,132,6,0.0,0,0,0,0.0,0.0,0,0,0,0,0,1,1,1,0,0,1,0.0,0.0,0,0,0,2,0.0,0,0,0,0,0,0,8,9,2,0,2,0,1,2,1,0,1,2,2,1,0,8,9,2,0,2,0,1,2,1,0,1,2,2,1,0,0,0,9,0,0,0,0,0,0,0,0,0,5,0,0,0,0,0,0,4,0
383,L17957,EventType$ClientPreConnectEvent,mindustry.game.EventType$ClientPreConnectEvent,L3919,L103,C:\Users\domco\Desktop\DP\repos\Mindustry\core\src\mindustry\game\EventType.java,134,5,140,6,0.0,0,0,0,0.0,0.0,0,0,0,0,0,1,1,0,0,0,1,0.0,0.0,0,0,0,2,0.0,0,0,0,0,0,0,6,7,1,0,1,0,1,1,1,0,1,1,1,1,0,6,7,1,0,1,0,1,1,1,0,1,1,1,1,0,0,0,9,0,0,0,0,0,0,0,0,0,5,0,0,0,0,0,0,4,0
384,L17965,EventType$MenuOptionChooseEvent,mindustry.game.EventType$MenuOptionChooseEvent,L3919,L103,C:\Users\domco\Desktop\DP\repos\Mindustry\core\src\mindustry\game\EventType.java,143,5,152,6,0.0,0,0,0,0.0,0.0,0,0,0,0,0,1,0,1,1,0,1,0.5,0.1,1,1,1,1,0.1,1,0,0,0,0,0,9,10,3,0,3,0,1,3,1,0,1,3,3,1,0,9,10,3,0,3,0,1,3,1,0,1,3,3,1,0,0,0,9,0,1,1,0,0,0,0,0,0,5,0,0,0,0,0,0,4,0
385,L10331,EventType$PlayerChatEvent,mindustry.game.EventType$PlayerChatEvent,L3919,L103,C:\Users\domco\Desktop\DP\repos\Mindustry\core\src\mindustry\game\EventType.java,154,5,162,6,0.0,0,0,0,0.0,0.0,0,0,0,0,0,1,0,1,1,0,1,0.0,0.0,0,0,0,2,0.0,0,0,0,0,0,0,8,9,2,0,2,0,1,2,1,0,1,2,2,1,0,8,9,2,0,2,0,1,2,1,0,1,2,2,1,0,0,0,9,0,0,0,0,0,0,0,0,0,5,0,0,0,0,0,0,4,0
386,L9833,EventType$SectorCaptureEvent,mindustry.game.EventType$SectorCaptureEvent,L3919,L103,C:\Users\domco\Desktop\DP\repos\Mindustry\core\src\mindustry\game\EventType.java,165,5,171,6,0.0,0,0,0,0.0,0.0,0,0,0,0,0,1,1,5,2,0,1,0.5,0.142857,1,1,1,1,0.142857,1,0,0,0,0,0,6,7,1,0,1,0,1,1,1,0,1,1,1,1,0,6,7,1,0,1,0,1,1,1,0,1,1,1,1,0,0,0,9,0,0,0,0,0,0,0,0,0,5,0,0,0,0,0,0,4,0
387,L17987,EventType$WithdrawEvent,mindustry.game.EventType$WithdrawEvent,L3919,L103,C:\Users\domco\Desktop\DP\repos\Mindustry\core\src\mindustry\game\EventType.java,174,5,186,6,0.0,0,0,0,0.0,0.0,0,0,0,0,0,1,1,1,1,0,1,0.5,0.0769231,1,1,1,1,0.0769231,1,0,0,0,0,0,12,13,4,0,4,0,1,4,1,0,1,4,4,1,0,12,13,4,0,4,0,1,4,1,0,1,4,4,1,0,0,0,9,0,1,0,0,0,0,0,0,1,5,0,0,0,0,0,0,4,0
388,L18002,EventType$DepositEvent,mindustry.game.EventType$DepositEvent,L3919,L103,C:\Users\domco\Desktop\DP\repos\Mindustry\core\src\mindustry\game\EventType.java,189,5,201,6,0.0,0,0,0,0.0,0.0,0,0,0,0,0,1,1,0,0,0,1,0.5,0.0769231,1,1,1,1,0.0769231,1,0,0,0,0,0,12,13,4,0,4,0,1,4,1,0,1,4,4,1,0,12,13,4,0,4,0,1,4,1,0,1,4,4,1,0,0,0,9,0,1,0,0,0,0,0,0,1,5,0,0,0,0,0,0,4,0
389,L18017,EventType$ConfigEvent,mindustry.game.EventType$ConfigEvent,L3919,L103,C:\Users\domco\Desktop\DP\repos\Mindustry\core\src\mindustry\game\EventType.java,204,5,214,6,0.0,0,0,0,0.0,0.0,0,0,0,0,0,1,0,0,0,0,1,0.5,0.0909091,1,1,1,1,0.0909091,1,0,0,0,0,0,10,11,3,0,3,0,1,3,1,0,1,3,3,1,0,10,11,3,0,3,0,1,3,1,0,1,3,3,1,0,0,0,9,0,0,0,0,0,0,0,0,0,5,0,0,0,0,0,0,4,0
390,L18029,EventType$TapEvent,mindustry.game.EventType$TapEvent,L3919,L103,C:\Users\domco\Desktop\DP\repos\Mindustry\core\src\mindustry\game\EventType.java,217,5,225,6,0.0,0,0,0,0.0,0.0,0,0,0,0,0,1,1,1,1,0,1,0.5,0.111111,1,1,1,1,0.111111,1,0,0,0,0,0,8,9,2,0,2,0,1,2,1,0,1,2,2,1,0,8,9,2,0,2,0,1,2,1,0,1,2,2,1,0,0,0,9,0,0,0,0,0,0,0,0,0,5,0,0,0,0,0,0,4,0
391,L15620,EventType$PickupEvent,mindustry.game.EventType$PickupEvent,L3919,L103,C:\Users\domco\Desktop\DP\repos\Mindustry\core\src\mindustry\game\EventType.java,227,5,243,6,0.0,0,0,0,0.0,0.0,0,0,0,0,0,2,0,2,2,0,2,0.0,0.0,0,0,0,3,0.0,0,0,0,0,0,0,15,17,3,0,3,0,2,3,2,0,2,6,3,2,0,15,17,3,0,3,0,2,3,2,0,2,6,3,2,0,0,0,11,0,0,0,0,0,0,0,0,0,7,0,0,0,0,0,0,4,0
392,L15645,EventType$PayloadDropEvent,mindustry.game.EventType$PayloadDropEvent,L3919,L103,C:\Users\domco\Desktop\DP\repos\Mindustry\core\src\mindustry\game\EventType.java,245,5,261,6,0.0,0,0,0,0.0,0.0,0,0,0,0,0,2,0,1,2,0,2,0.0,0.0,0,0,0,3,0.0,0,0,0,0,0,0,15,17,3,0,3,0,2,3,2,0,2,6,3,2,0,15,17,3,0,3,0,2,3,2,0,2,6,3,2,0,0,0,11,0,0,0,0,0,0,0,0,0,7,0,0,0,0,0,0,4,0
393,L18060,EventType$UnitControlEvent,mindustry.game.EventType$UnitControlEvent,L3919,L103,C:\Users\domco\Desktop\DP\repos\Mindustry\core\src\mindustry\game\EventType.java,263,5,271,6,0.0,0,0,0,0.0,0.0,0,0,0,0,0,1,0,2,1,0,1,0.0,0.0,0,0,0,2,0.0,0,0,0,0,0,0,8,9,2,0,2,0,1,2,1,0,1,2,2,1,0,8,9,2,0,2,0,1,2,1,0,1,2,2,1,0,0,0,9,0,0,0,0,0,0,0,0,0,5,0,0,0,0,0,0,4,0
394,L9827,EventType$GameOverEvent,mindustry.game.EventType$GameOverEvent,L3919,L103,C:\Users\domco\Desktop\DP\repos\Mindustry\core\src\mindustry\game\EventType.java,273,5,279,6,0.0,0,0,0,0.0,0.0,0,0,0,0,0,1,1,3,1,0,1,0.0,0.0,0,0,0,2,0.0,0,0,0,0,0,0,6,7,1,0,1,0,1,1,1,0,1,1,1,1,0,6,7,1,0,1,0,1,1,1,0,1,1,1,1,0,0,0,9,0,0,0,0,0,0,0,0,0,5,0,0,0,0,0,0,4,0
395,L2371,EventType$TilePreChangeEvent,mindustry.game.EventType$TilePreChangeEvent,L3919,L103,C:\Users\domco\Desktop\DP\repos\Mindustry\core\src\mindustry\game\EventType.java,286,5,293,6,0.0,0,0,0,0.0,0.0,0,0,1,0,0,1,1,3,1,0,1,0.5,0.416667,5,5,1,1,0.416667,5,0,0,0,0,0,7,8,1,0,1,0,1,1,1,0,1,2,1,1,0,7,8,1,0,1,0,1,1,1,0,1,2,1,1,0,0,0,7,0,0,0,0,0,0,0,0,0,3,0,0,0,0,0,0,4,0
396,L2374,EventType$TileChangeEvent,mindustry.game.EventType$TileChangeEvent,L3919,L103,C:\Users\domco\Desktop\DP\repos\Mindustry\core\src\mindustry\game\EventType.java,300,5,307,6,0.0,0,0,0,0.0,0.0,0,0,1,0,0,1,1,5,1,0,1,0.5,0.416667,5,5,1,1,0.416667,5,0,0,0,0,0,7,8,1,0,1,0,1,1,1,0,1,2,1,1,0,7,8,1,0,1,0,1,1,1,0,1,2,1,1,0,0,0,7,0,0,0,0,0,0,0,0,0,3,0,0,0,0,0,0,4,0
397,L14202,EventType$BuildTeamChangeEvent,mindustry.game.EventType$BuildTeamChangeEvent,L3919,L103,C:\Users\domco\Desktop\DP\repos\Mindustry\core\src\mindustry\game\EventType.java,313,5,322,6,0.0,0,0,0,0.0,0.0,0,0,1,0,0,1,1,2,1,0,1,0.5,0.307692,4,4,1,1,0.307692,4,0,0,0,0,0,9,10,2,0,2,0,1,2,1,0,1,3,2,1,0,9,10,2,0,2,0,1,2,1,0,1,3,2,1,0,0,0,7,0,0,0,0,0,0,0,0,0,3,0,0,0,0,0,0,4,0
398,L10070,EventType$CoreChangeEvent,mindustry.game.EventType$CoreChangeEvent,L3919,L103,C:\Users\domco\Desktop\DP\repos\Mindustry\core\src\mindustry\game\EventType.java,325,5,331,6,0.0,0,0,0,0.0,0.0,0,0,0,0,0,1,1,3,3,0,1,0.5,0.142857,1,1,1,1,0.142857,1,0,0,0,0,0,6,7,1,0,1,0,1,1,1,0,1,1,1,1,0,6,7,1,0,1,0,1,1,1,0,1,1,1,1,0,0,0,9,0,0,0,0,0,0,0,0,0,5,0,0,0,0,0,0,4,0
399,L9818,EventType$StateChangeEvent,mindustry.game.EventType$StateChangeEvent,L3919,L103,C:\Users\domco\Desktop\DP\repos\Mindustry\core\src\mindustry\game\EventType.java,333,5,340,6,0.0,0,0,0,0.0,0.0,0,0,0,0,0,1,1,4,2,0,1,0.0,0.0,0,0,0,2,0.0,0,0,0,0,0,0,7,8,2,0,2,0,1,2,1,0,1,2,2,1,0,7,8,2,0,2,0,1,2,1,0,1,2,2,1,0,0,0,9,0,1,1,0,0,0,0,0,0,5,0,0,0,0,0,0,4,0
400,L9830,EventType$UnlockEvent,mindustry.game.EventType$UnlockEvent,L3919,L103,C:\Users\domco\Desktop\DP\repos\Mindustry\core\src\mindustry\game\EventType.java,342,5,348,6,0.0,0,0,0,0.0,0.0,0,0,0,0,0,1,1,5,1,0,1,0.0,0.0,0,0,0,2,0.0,0,0,0,0,0,0,6,7,1,0,1,0,1,1,1,0,1,1,1,1,0,6,7,1,0,1,0,1,1,1,0,1,1,1,1,0,0,0,9,0,0,0,0,0,0,0,0,0,5,0,0,0,0,0,0,4,0
401,L18105,EventType$ResearchEvent,mindustry.game.EventType$ResearchEvent,L3919,L103,C:\Users\domco\Desktop\DP\repos\Mindustry\core\src\mindustry\game\EventType.java,350,5,356,6,0.0,0,0,0,0.0,0.0,0,0,0,0,0,1,1,2,1,0,1,0.0,0.0,0,0,0,2,0.0,0,0,0,0,0,0,6,7,1,0,1,0,1,1,1,0,1,1,1,1,0,6,7,1,0,1,0,1,1,1,0,1,1,1,1,0,0,0,9,0,0,0,0,0,0,0,0,0,5,0,0,0,0,0,0,4,0
402,L18110,EventType$BlockBuildBeginEvent,mindustry.game.EventType$BlockBuildBeginEvent,L3919,L103,C:\Users\domco\Desktop\DP\repos\Mindustry\core\src\mindustry\game\EventType.java,362,5,374,6,0.0,0,0,0,0.0,0.0,0,0,0,0,0,1,2,0,0,0,1,0.5,0.25,4,4,1,1,0.25,4,0,0,0,0,0,12,13,4,0,4,0,1,4,1,0,1,4,4,1,0,12,13,4,0,4,0,1,4,1,0,1,4,4,1,0,0,0,7,0,0,0,0,0,0,0,0,0,3,0,0,0,0,0,0,4,0
403,L9836,EventType$BlockBuildEndEvent,mindustry.game.EventType$BlockBuildEndEvent,L3919,L103,C:\Users\domco\Desktop\DP\repos\Mindustry\core\src\mindustry\game\EventType.java,376,5,390,6,0.0,0,0,0,0.0,0.0,0,0,0,0,0,1,2,5,2,0,1,0.0,0.0,0,0,0,2,0.0,0,0,0,0,0,0,14,15,5,0,5,0,1,5,1,0,1,5,5,1,0,14,15,5,0,5,0,1,5,1,0,1,5,5,1,0,0,0,9,0,0,0,0,0,0,0,0,0,5,0,0,0,0,0,0,4,0
404,L18141,EventType$BuildSelectEvent,mindustry.game.EventType$BuildSelectEvent,L3919,L103,C:\Users\domco\Desktop\DP\repos\Mindustry\core\src\mindustry\game\EventType.java,396,5,408,6,0.0,0,0,0,0.0,0.0,0,0,0,0,0,1,2,0,0,0,1,0.5,0.25,4,4,1,1,0.25,4,0,0,0,0,0,12,13,4,0,4,0,1,4,1,0,1,4,4,1,0,12,13,4,0,4,0,1,4,1,0,1,4,4,1,0,0,0,7,0,1,0,0,0,0,0,0,1,3,0,0,0,0,0,0,4,0
405,L9839,EventType$BlockDestroyEvent,mindustry.game.EventType$BlockDestroyEvent,L3919,L103,C:\Users\domco\Desktop\DP\repos\Mindustry\core\src\mindustry\game\EventType.java,412,5,418,6,0.0,0,0,0,0.0,0.0,0,0,0,0,0,1,1,4,1,0,1,0.5,0.25,2,2,1,1,0.25,2,0,0,0,0,0,6,7,1,0,1,0,1,1,1,0,1,1,1,1,0,6,7,1,0,1,0,1,1,1,0,1,1,1,1,0,0,0,7,0,0,0,0,0,0,0,0,0,3,0,0,0,0,0,0,4,0
406,L9842,EventType$UnitDestroyEvent,mindustry.game.EventType$UnitDestroyEvent,L3919,L103,C:\Users\domco\Desktop\DP\repos\Mindustry\core\src\mindustry\game\EventType.java,420,5,426,6,0.0,0,0,0,0.0,0.0,0,0,0,0,0,1,0,4,1,0,1,0.0,0.0,0,0,0,2,0.0,0,0,0,0,0,0,6,7,1,0,1,0,1,1,1,0,1,1,1,1,0,6,7,1,0,1,0,1,1,1,0,1,1,1,1,0,0,0,9,0,0,0,0,0,0,0,0,0,5,0,0,0,0,0,0,4,0
407,L15307,EventType$UnitDrownEvent,mindustry.game.EventType$UnitDrownEvent,L3919,L103,C:\Users\domco\Desktop\DP\repos\Mindustry\core\src\mindustry\game\EventType.java,428,5,434,6,0.0,0,0,0,0.0,0.0,0,0,0,0,0,1,0,2,1,0,1,0.0,0.0,0,0,0,2,0.0,0,0,0,0,0,0,6,7,1,0,1,0,1,1,1,0,1,1,1,1,0,6,7,1,0,1,0,1,1,1,0,1,1,1,1,0,0,0,9,0,0,0,0,0,0,0,0,0,5,0,0,0,0,0,0,4,0
408,L9845,EventType$UnitCreateEvent,mindustry.game.EventType$UnitCreateEvent,L3919,L103,C:\Users\domco\Desktop\DP\repos\Mindustry\core\src\mindustry\game\EventType.java,437,5,451,6,0.0,0,0,0,0.0,0.0,0,0,0,0,0,2,0,5,3,0,2,0.333333,0.0714286,1,1,1,2,0.0714286,1,0,0,0,0,0,13,15,3,0,3,0,2,3,2,0,2,4,3,2,0,13,15,3,0,3,0,2,3,2,0,2,4,3,2,0,0,0,11,0,0,0,0,0,0,0,0,0,7,0,0,0,0,0,0,4,0
409,L3468,EventType$UnitSpawnEvent,mindustry.game.EventType$UnitSpawnEvent,L3919,L103,C:\Users\domco\Desktop\DP\repos\Mindustry\core\src\mindustry\game\EventType.java,454,5,460,6,0.0,0,0,0,0.0,0.0,0,0,0,0,0,1,0,1,1,0,1,0.5,0.142857,1,1,1,1,0.142857,1,0,0,0,0,0,6,7,1,0,1,0,1,1,1,0,1,1,1,1,0,6,7,1,0,1,0,1,1,1,0,1,1,1,1,0,0,0,9,0,0,0,0,0,0,0,0,0,5,0,0,0,0,0,0,4,0
410,L18183,EventType$UnitUnloadEvent,mindustry.game.EventType$UnitUnloadEvent,L3919,L103,C:\Users\domco\Desktop\DP\repos\Mindustry\core\src\mindustry\game\EventType.java,463,5,469,6,0.0,0,0,0,0.0,0.0,0,0,0,0,0,1,0,1,1,0,1,0.5,0.142857,1,1,1,1,0.142857,1,0,0,0,0,0,6,7,1,0,1,0,1,1,1,0,1,1,1,1,0,6,7,1,0,1,0,1,1,1,0,1,1,1,1,0,0,0,9,0,0,0,0,0,0,0,0,0,5,0,0,0,0,0,0,4,0
411,L15757,EventType$UnitChangeEvent,mindustry.game.EventType$UnitChangeEvent,L3919,L103,C:\Users\domco\Desktop\DP\repos\Mindustry\core\src\mindustry\game\EventType.java,471,5,479,6,0.0,0,0,0,0.0,0.0,0,0,0,0,0,1,0,1,1,0,1,0.0,0.0,0,0,0,2,0.0,0,0,0,0,0,0,8,9,2,0,2,0,1,2,1,0,1,2,2,1,0,8,9,2,0,2,0,1,2,1,0,1,2,2,1,0,0,0,9,0,0,0,0,0,0,0,0,0,5,0,0,0,0,0,0,4,0
412,L18195,EventType$ConnectionEvent,mindustry.game.EventType$ConnectionEvent,L3919,L103,C:\Users\domco\Desktop\DP\repos\Mindustry\core\src\mindustry\game\EventType.java,482,5,488,6,0.0,0,0,0,0.0,0.0,0,0,0,0,0,1,1,0,0,0,1,0.5,0.142857,1,1,1,1,0.142857,1,0,0,0,0,0,6,7,1,0,1,0,1,1,1,0,1,1,1,1,0,6,7,1,0,1,0,1,1,1,0,1,1,1,1,0,0,0,9,0,0,0,0,0,0,0,0,0,5,0,0,0,0,0,0,4,0
413,L18201,EventType$ConnectPacketEvent,mindustry.game.EventType$ConnectPacketEvent,L3919,L103,C:\Users\domco\Desktop\DP\repos\Mindustry\core\src\mindustry\game\EventType.java,491,5,499,6,0.0,0,0,0,0.0,0.0,0,0,0,0,0,1,2,0,0,0,1,0.5,0.111111,1,1,1,1,0.111111,1,0,0,0,0,0,8,9,2,0,2,0,1,2,1,0,1,2,2,1,0,8,9,2,0,2,0,1,2,1,0,1,2,2,1,0,0,0,9,0,0,0,0,0,0,0,0,0,5,0,0,0,0,0,0,4,0
414,L10768,EventType$PlayerConnectionConfirmed,mindustry.game.EventType$PlayerConnectionConfirmed,L3919,L103,C:\Users\domco\Desktop\DP\repos\Mindustry\core\src\mindustry\game\EventType.java,505,5,511,6,0.0,0,0,0,0.0,0.0,0,0,0,0,0,1,0,1,1,0,1,0.5,0.4,4,4,1,1,0.4,4,0,0,0,0,0,6,7,1,0,1,0,1,1,1,0,1,1,1,1,0,6,7,1,0,1,0,1,1,1,0,1,1,1,1,0,0,0,7,0,0,0,0,0,0,0,0,0,3,0,0,0,0,0,0,4,0
415,L10779,EventType$PlayerJoin,mindustry.game.EventType$PlayerJoin,L3919,L103,C:\Users\domco\Desktop\DP\repos\Mindustry\core\src\mindustry\game\EventType.java,514,5,520,6,0.0,0,0,0,0.0,0.0,0,0,0,0,0,1,0,2,1,0,1,0.5,0.142857,1,1,1,1,0.142857,1,0,0,0,0,0,6,7,1,0,1,0,1,1,1,0,1,1,1,1,0,6,7,1,0,1,0,1,1,1,0,1,1,1,1,0,0,0,9,0,0,0,0,0,0,0,0,0,5,0,0,0,0,0,0,4,0
416,L18218,EventType$PlayerConnect,mindustry.game.EventType$PlayerConnect,L3919,L103,C:\Users\domco\Desktop\DP\repos\Mindustry\core\src\mindustry\game\EventType.java,523,5,529,6,0.0,0,0,0,0.0,0.0,0,0,0,0,0,1,0,0,0,0,1,0.5,0.142857,1,1,1,1,0.142857,1,0,0,0,0,0,6,7,1,0,1,0,1,1,1,0,1,1,1,1,0,6,7,1,0,1,0,1,1,1,0,1,1,1,1,0,0,0,9,0,0,0,0,0,0,0,0,0,5,0,0,0,0,0,0,4,0
417,L10630,EventType$PlayerLeave,mindustry.game.EventType$PlayerLeave,L3919,L103,C:\Users\domco\Desktop\DP\repos\Mindustry\core\src\mindustry\game\EventType.java,531,5,537,6,0.0,0,0,0,0.0,0.0,0,0,0,0,0,1,0,1,1,0,1,0.0,0.0,0,0,0,2,0.0,0,0,0,0,0,0,6,7,1,0,1,0,1,1,1,0,1,1,1,1,0,6,7,1,0,1,0,1,1,1,0,1,1,1,1,0,0,0,9,0,0,0,0,0,0,0,0,0,5,0,0,0,0,0,0,4,0
418,L18227,EventType$PlayerBanEvent,mindustry.game.EventType$PlayerBanEvent,L3919,L103,C:\Users\domco\Desktop\DP\repos\Mindustry\core\src\mindustry\game\EventType.java,539,5,548,6,0.0,0,0,0,0.0,0.0,0,0,0,0,0,1,0,1,1,0,1,0.0,0.0,0,0,0,2,0.0,0,0,0,0,0,0,9,10,2,0,2,0,1,2,1,0,1,2,2,1,0,9,10,2,0,2,0,1,2,1,0,1,2,2,1,0,0,0,9,0,0,0,0,0,0,0,0,0,5,0,0,0,0,0,0,4,0
419,L18235,EventType$PlayerUnbanEvent,mindustry.game.EventType$PlayerUnbanEvent,L3919,L103,C:\Users\domco\Desktop\DP\repos\Mindustry\core\src\mindustry\game\EventType.java,550,5,559,6,0.0,0,0,0,0.0,0.0,0,0,0,0,0,1,0,1,1,0,1,0.0,0.0,0,0,0,2,0.0,0,0,0,0,0,0,9,10,2,0,2,0,1,2,1,0,1,2,2,1,0,9,10,2,0,2,0,1,2,1,0,1,2,2,1,0,0,0,9,0,0,0,0,0,0,0,0,0,5,0,0,0,0,0,0,4,0
420,L18243,EventType$PlayerIpBanEvent,mindustry.game.EventType$PlayerIpBanEvent,L3919,L103,C:\Users\domco\Desktop\DP\repos\Mindustry\core\src\mindustry\game\EventType.java,561,5,567,6,0.0,0,0,0,0.0,0.0,0,0,0,0,0,1,0,1,1,0,1,0.0,0.0,0,0,0,2,0.0,0,0,0,0,0,0,6,7,1,0,1,0,1,1,1,0,1,1,1,1,0,6,7,1,0,1,0,1,1,1,0,1,1,1,1,0,0,0,9,0,0,0,0,0,0,0,0,0,5,0,0,0,0,0,0,4,0
421,L18248,EventType$PlayerIpUnbanEvent,mindustry.game.EventType$PlayerIpUnbanEvent,L3919,L103,C:\Users\domco\Desktop\DP\repos\Mindustry\core\src\mindustry\game\EventType.java,569,5,575,6,0.0,0,0,0,0.0,0.0,0,0,0,0,0,1,0,1,1,0,1,0.0,0.0,0,0,0,2,0.0,0,0,0,0,0,0,6,7,1,0,1,0,1,1,1,0,1,1,1,1,0,6,7,1,0,1,0,1,1,1,0,1,1,1,1,0,0,0,9,0,0,0,0,0,0,0,0,0,5,0,0,0,0,0,0,4,0
422,L10734,EventType$AdminRequestEvent,mindustry.game.EventType$AdminRequestEvent,L3919,L103,C:\Users\domco\Desktop\DP\repos\Mindustry\core\src\mindustry\game\EventType.java,577,5,587,6,0.0,0,0,0,0.0,0.0,0,0,0,0,0,1,1,1,1,0,1,0.0,0.0,0,0,0,2,0.0,0,0,0,0,0,0,10,11,3,0,3,0,1,3,1,0,1,3,3,1,0,10,11,3,0,3,0,1,3,1,0,1,3,3,1,0,0,0,9,0,0,0,0,0,0,0,0,0,5,0,0,0,0,0,0,4,0
423,L18323,Objectives$Research,mindustry.game.Objectives$Research,L18320,L103,C:\Users\domco\Desktop\DP\repos\Mindustry\core\src\mindustry\game\Objectives.java,11,5,29,6,0.0,0,0,0,0.0,0.0,0,0,1,0,0,4,2,1,0,2,6,0.0,0.0,0,0,0,4,0.0,0,1,1,0,0,1,15,19,1,0,1,0,4,1,3,0,5,3,1,4,0,15,19,1,0,1,0,4,1,3,0,5,3,1,4,0,0,0,15,0,1,0,0,0,0,0,0,0,11,1,0,0,0,0,0,4,0
424,L8088,Objectives$Produce,mindustry.game.Objectives$Produce,L18320,L103,C:\Users\domco\Desktop\DP\repos\Mindustry\core\src\mindustry\game\Objectives.java,31,5,49,6,0.0,0,0,0,0.0,0.0,0,0,1,0,0,4,2,2,1,2,6,0.0,0.0,0,0,0,4,0.0,0,1,1,0,0,1,15,19,1,0,1,0,4,1,3,0,5,3,1,4,0,15,19,1,0,1,0,4,1,3,0,5,3,1,4,0,0,0,15,0,1,0,0,0,0,0,0,0,11,1,0,0,0,0,0,4,0
425,L18337,Objectives$SectorComplete,mindustry.game.Objectives$SectorComplete,L18320,L103,C:\Users\domco\Desktop\DP\repos\Mindustry\core\src\mindustry\game\Objectives.java,51,5,69,6,0.0,0,0,0,0.0,0.0,0,0,1,0,0,7,5,1,0,2,6,0.0,0.0,0,0,0,4,0.0,0,1,1,0,0,1,15,19,1,0,1,0,4,1,3,0,5,3,1,4,0,15,19,1,0,1,0,4,1,3,0,5,3,1,4,0,0,0,15,0,1,0,0,0,0,0,0,0,11,1,0,0,0,0,0,4,0
426,L18484,Rules$TeamRule,mindustry.game.Rules$TeamRule,L9885,L103,C:\Users\domco\Desktop\DP\repos\Mindustry\core\src\mindustry\game\Rules.java,185,5,211,6,0.0,0,0,0,0.0,0.0,0,0,0,0,0,0,0,7,0,0,0,1.0,0.5,13,12,1,0,0.5,13,0,0,0,0,0,13,27,11,0,11,0,0,11,0,0,0,0,11,0,0,13,27,11,0,11,0,0,11,0,0,0,0,11,0,0,0,0,6,0,0,0,0,0,0,0,0,0,0,0,0,0,0,0,0,6,0
427,L18363,Rules$TeamRules,mindustry.game.Rules$TeamRules,L9885,L103,C:\Users\domco\Desktop\DP\repos\Mindustry\core\src\mindustry\game\Rules.java,214,5,238,6,0.0,0,0,0,0.0,0.0,0,0,1,2,2,7,2,2,6,0,3,0.25,0.0434783,1,1,1,3,0.0434783,1,0,0,0,0,0,22,25,1,0,1,0,3,0,3,0,3,9,0,3,0,22,25,1,0,1,0,3,0,3,0,3,9,0,3,0,0,0,9,0,3,0,0,2,0,0,0,0,9,0,0,0,0,1,0,0,0
428,L18515,Saves$SaveSlot,mindustry.game.Saves$SaveSlot,L9800,L103,C:\Users\domco\Desktop\DP\repos\Mindustry\core\src\mindustry\game\Saves.java,186,5,365,6,0.0,0,0,0,0.0,0.0,0,0,1,3,2,43,12,7,11,9,36,0.0,0.0,0,0,0,24,0.0,0,0,0,0,0,0,143,180,3,9,3,9,27,2,23,2,27,68,2,23,2,143,180,3,9,3,9,27,2,23,2,27,68,2,23,2,0,0,66,5,1,0,0,1,0,0,1,2,57,0,3,0,0,0,0,8,0
429,L2211,Schematic$Stile,mindustry.game.Schematic$Stile,L2174,L103,C:\Users\domco\Desktop\DP\repos\Mindustry\core\src\mindustry\game\Schematic.java,127,5,158,6,0.0,0,0,0,0.0,0.0,0,0,1,0,0,4,2,5,2,0,4,0.2,0.0357143,1,1,1,4,0.0357143,1,0,0,0,0,0,27,32,5,0,5,0,4,5,4,0,4,13,5,4,0,27,32,5,0,5,0,4,5,4,0,4,13,5,4,0,0,0,13,0,0,0,0,0,0,0,0,0,9,0,0,0,0,0,0,4,0
430,L18930,SectorInfo$ExportStat,mindustry.game.SectorInfo$ExportStat,L18921,L103,C:\Users\domco\Desktop\DP\repos\Mindustry\core\src\mindustry\game\SectorInfo.java,298,5,309,6,0.0,0,0,0,0.0,0.0,0,0,1,0,0,1,0,2,0,0,1,0.0,0.1,1,1,0,2,0.1,1,0,0,0,0,0,9,12,4,0,4,0,1,4,1,0,1,1,4,1,0,9,12,4,0,4,0,1,4,1,0,1,1,4,1,0,0,0,9,0,1,0,0,0,0,0,0,0,5,0,0,0,0,1,0,4,0
431,L2033,Teams$TeamData,mindustry.game.Teams$TeamData,L2399,L103,C:\Users\domco\Desktop\DP\repos\Mindustry\core\src\mindustry\game\Teams.java,232,5,351,6,0.0,0,0,0,0.0,0.0,0,0,5,2,2,27,13,19,18,4,16,0.153846,0.173469,17,12,2,11,0.173469,17,0,0,0,0,0,81,120,14,0,14,0,12,13,12,0,12,29,13,12,0,81,120,14,0,14,0,12,13,12,0,12,29,13,12,0,0,0,31,0,0,0,0,0,1,0,1,0,23,0,0,0,0,0,0,6,0
432,L2230,Teams$BlockPlan,mindustry.game.Teams$BlockPlan,L2399,L103,C:\Users\domco\Desktop\DP\repos\Mindustry\core\src\mindustry\game\Teams.java,355,5,378,6,0.0,0,0,0,0.0,0.0,0,0,1,0,0,2,0,8,5,0,2,0.333333,0.0833333,2,2,1,2,0.0833333,2,0,0,0,0,0,22,24,6,0,6,0,2,6,2,0,2,6,6,2,0,22,24,6,0,6,0,2,6,2,0,2,6,6,2,0,0,0,12,0,0,0,0,0,0,0,0,0,7,0,0,0,0,0,0,5,0
433,L19648,BlockRenderer$BlockQuadtree,mindustry.graphics.BlockRenderer$BlockQuadtree,L10962,L103,C:\Users\domco\Desktop\DP\repos\Mindustry\core\src\mindustry\graphics\BlockRenderer.java,387,5,403,6,0.0,0,0,0,0.0,0.0,0,0,2,0,0,3,2,1,0,3,6,0.0,0.0,0,0,0,3,0.0,0,0,0,0,0,0,14,17,0,0,0,0,3,0,2,0,3,4,0,2,0,14,17,0,0,0,0,3,0,2,0,3,4,0,2,0,0,0,10,0,0,0,0,0,1,0,0,0,9,0,0,0,0,0,0,0,0
434,L19652,BlockRenderer$FloorQuadtree,mindustry.graphics.BlockRenderer$FloorQuadtree,L10962,L103,C:\Users\domco\Desktop\DP\repos\Mindustry\core\src\mindustry\graphics\BlockRenderer.java,405,5,421,6,0.0,0,0,0,0.0,0.0,0,0,2,0,0,3,3,1,0,3,6,0.0,0.0,0,0,0,3,0.0,0,0,0,0,0,0,14,17,0,0,0,0,3,0,2,0,3,4,0,2,0,14,17,0,0,0,0,3,0,2,0,3,4,0,2,0,0,0,10,0,0,0,0,0,1,0,0,0,9,0,0,0,0,0,0,0,0
435,L19746,CacheLayer$ShaderLayer,mindustry.graphics.CacheLayer$ShaderLayer,L19730,L103,C:\Users\domco\Desktop\DP\repos\Mindustry\core\src\mindustry\graphics\CacheLayer.java,57,5,86,6,0.0,0,0,0,0.0,0.0,0,0,2,1,1,5,5,1,1,2,5,0.0,0.0434783,1,0,0,4,0.0434783,1,1,1,0,0,1,22,30,11,0,1,0,3,1,3,0,7,13,11,7,0,22,30,11,0,1,0,3,1,3,0,7,13,11,7,0,0,0,12,0,2,0,0,2,1,0,0,0,7,0,0,0,0,0,0,4,0
436,L20094,FloorRenderer$FloorRenderBatch,mindustry.graphics.FloorRenderer$FloorRenderBatch,L19629,L103,C:\Users\domco\Desktop\DP\repos\Mindustry\core\src\mindustry\graphics\FloorRenderer.java,392,5,510,6,0.636522,1,2,2,0.504202,0.531915,60,50,3,1,1,7,1,1,0,0,4,0.0,0.0309278,3,0,0,3,0.0309278,3,0,0,0,0,0,94,119,0,0,0,0,4,0,2,1,4,77,0,2,1,94,119,0,0,0,0,4,0,2,1,4,77,0,2,1,0,0,27,0,0,0,12,0,1,0,0,0,11,0,0,0,0,0,0,3,0
437,L20191,HexMesh,mindustry.graphics.g3d.HexMesh,L20170,L103,C:\Users\domco\Desktop\DP\repos\Mindustry\core\src\mindustry\graphics\g3d\HexMesh.java,8,1,27,2,0.0,0,0,0,0.0,0.0,0,0,1,0,0,4,7,2,3,4,8,0.0,0.0,0,0,0,5,0.0,0,2,2,2,2,1,16,20,3,0,0,0,4,0,4,0,8,5,0,8,0,16,20,3,0,0,0,4,0,4,0,8,5,0,8,0,0,0,11,0,1,0,0,0,0,0,0,0,11,1,0,0,0,0,0,0,0
438,L20240,HexSkyMesh,mindustry.graphics.g3d.HexSkyMesh,L20170,L103,C:\Users\domco\Desktop\DP\repos\Mindustry\core\src\mindustry\graphics\g3d\HexSkyMesh.java,11,1,64,2,0.0,0,0,0,0.0,0.0,0,0,1,1,1,6,7,0,0,4,9,0.0,0.03125,1,0,0,6,0.0227273,1,2,2,0,0,1,31,40,5,0,2,0,5,1,5,0,9,15,1,9,0,43,54,5,2,2,2,8,1,8,0,12,18,1,12,0,0,0,27,0,4,0,0,2,0,0,0,0,22,1,0,0,0,1,0,5,0
439,L20291,MatMesh,mindustry.graphics.g3d.MatMesh,L20170,L103,C:\Users\domco\Desktop\DP\repos\Mindustry\core\src\mindustry\graphics\g3d\MatMesh.java,7,1,22,2,0.0,0,0,0,0.0,0.0,0,0,1,0,0,2,2,0,0,1,3,0.333333,0.133333,2,2,1,2,0.133333,2,1,1,0,0,1,13,16,3,0,3,0,2,0,2,0,2,3,0,2,0,13,16,3,0,3,0,2,0,2,0,2,3,0,2,0,0,0,7,0,2,0,0,2,0,0,0,0,7,0,0,0,0,0,0,0,0
440,L20310,MeshBuilder,mindustry.graphics.g3d.MeshBuilder,L20170,L103,C:\Users\domco\Desktop\DP\repos\Mindustry\core\src\mindustry\graphics\g3d\MeshBuilder.java,7,1,134,2,0.0280236,1,1,1,0.0859375,0.10101,11,10,1,3,3,17,4,6,9,4,13,0.0,0.0108696,1,0,0,5,0.01,1,0,0,0,0,0,91,119,6,0,6,0,9,0,4,0,9,58,0,4,0,99,128,6,2,6,2,11,0,6,0,12,60,0,7,0,0,0,52,0,1,1,23,0,0,0,0,0,28,0,0,0,0,0,0,1,0
441,L20392,MultiMesh,mindustry.graphics.g3d.MultiMesh,L20170,L103,C:\Users\domco\Desktop\DP\repos\Mindustry\core\src\mindustry\graphics\g3d\MultiMesh.java,5,1,18,2,0.0,0,0,0,0.0,0.0,0,0,1,1,1,3,2,0,0,1,3,0.0,0.0,0,0,0,3,0.0,0,1,1,0,0,1,12,14,1,0,1,0,2,0,2,0,2,3,0,2,0,12,14,1,0,1,0,2,0,2,0,2,3,0,2,0,0,0,7,1,1,1,0,1,0,0,0,0,7,0,0,0,0,0,0,0,0
442,L20402,NoiseMesh,mindustry.graphics.g3d.NoiseMesh,L20170,L103,C:\Users\domco\Desktop\DP\repos\Mindustry\core\src\mindustry\graphics\g3d\NoiseMesh.java,9,1,43,2,0.0,0,0,0,0.0,0.0,0,0,0,0,0,2,6,0,0,2,4,0.333333,0.0666667,1,1,1,2,0.0322581,1,3,3,0,0,1,14,17,3,0,0,0,2,0,2,0,10,6,0,10,0,30,35,3,4,0,4,6,0,6,0,16,10,0,16,0,0,0,23,0,0,0,0,0,0,0,0,0,21,0,0,0,0,0,0,2,0
443,L20354,PlanetGrid,mindustry.graphics.g3d.PlanetGrid,L20170,L103,C:\Users\domco\Desktop\DP\repos\Mindustry\core\src\mindustry\graphics\g3d\PlanetGrid.java,7,1,266,2,0.0,0,0,0,0.0,0.0,0,0,1,3,3,48,3,3,2,3,15,0.25,0.0582011,11,2,1,3,0.0493274,11,0,0,0,0,0,178,219,9,0,9,0,12,4,3,0,12,144,4,3,0,212,260,24,0,24,0,15,19,6,0,15,151,19,6,0,0,0,62,0,16,0,0,14,0,1,0,2,42,0,0,0,0,0,0,19,0
444,L20192,PlanetMesh,mindustry.graphics.g3d.PlanetMesh,L20170,L103,C:\Users\domco\Desktop\DP\repos\Mindustry\core\src\mindustry\graphics\g3d\PlanetMesh.java,9,1,36,2,0.0,0,0,0,0.0,0.0,0,0,1,0,0,4,3,4,6,0,4,0.4,0.0833333,2,2,2,3,0.0833333,2,1,1,3,5,1,22,28,3,0,3,0,4,0,4,0,4,9,0,4,0,22,28,3,0,3,0,4,0,4,0,4,9,0,4,0,0,0,9,1,2,0,0,1,0,0,0,0,9,2,0,0,0,0,0,0,0
445,L11155,PlanetParams,mindustry.graphics.g3d.PlanetParams,L20170,L103,C:\Users\domco\Desktop\DP\repos\Mindustry\core\src\mindustry\graphics\g3d\PlanetParams.java,10,1,40,2,0.0,0,0,0,0.0,0.0,0,0,0,0,0,0,2,13,0,0,0,1.0,0.533333,16,13,1,0,0.533333,16,0,0,0,0,0,14,31,13,0,13,0,0,13,0,0,0,0,13,0,0,14,31,13,0,13,0,0,13,0,0,0,0,13,0,0,0,0,6,0,3,1,0,0,0,0,0,0,0,0,0,0,0,2,0,6,0
446,L10982,PlanetRenderer,mindustry.graphics.g3d.PlanetRenderer,L20170,L103,C:\Users\domco\Desktop\DP\repos\Mindustry\core\src\mindustry\graphics\g3d\PlanetRenderer.java,17,1,345,2,0.00965447,1,1,1,0.0334347,0.0423729,11,10,1,2,2,50,14,6,5,14,31,0.0555556,0.0672269,16,4,1,17,0.0634921,16,0,0,0,0,0,222,314,16,0,16,0,17,14,17,1,17,159,14,17,1,236,329,16,2,16,2,21,14,21,1,22,161,14,22,1,0,1,87,0,8,3,23,5,0,1,1,0,52,0,1,0,0,0,0,10,0
447,L20740,ShaderSphereMesh,mindustry.graphics.g3d.ShaderSphereMesh,L20170,L103,C:\Users\domco\Desktop\DP\repos\Mindustry\core\src\mindustry\graphics\g3d\ShaderSphereMesh.java,6,1,11,2,0.0,0,0,0,0.0,0.0,0,0,0,0,0,1,3,0,0,2,3,0.0,0.0,0,0,0,2,0.0,0,2,2,0,0,1,5,6,3,0,0,0,1,0,1,0,5,1,0,5,0,5,6,3,0,0,0,1,0,1,0,5,1,0,5,0,0,0,5,0,0,0,0,0,0,0,0,0,5,0,0,0,0,0,0,0,0
448,L20746,SunMesh,mindustry.graphics.g3d.SunMesh,L20170,L103,C:\Users\domco\Desktop\DP\repos\Mindustry\core\src\mindustry\graphics\g3d\SunMesh.java,11,1,28,2,0.0,0,0,0,0.0,0.0,0,0,0,0,0,1,4,0,0,1,2,0.0,0.0,0,0,0,2,0.0,0,3,3,0,0,1,6,7,3,0,0,0,1,0,1,0,9,1,0,9,0,15,18,3,2,0,2,3,0,3,0,12,4,0,12,0,0,0,13,0,0,0,0,0,0,0,0,0,12,0,0,0,0,0,0,1,0
449,L20871,LightRenderer$CircleLight,mindustry.graphics.LightRenderer$CircleLight,L10974,L103,C:\Users\domco\Desktop\DP\repos\Mindustry\core\src\mindustry\graphics\LightRenderer.java,221,5,230,6,0.0,0,0,0,0.0,0.0,0,0,1,0,0,1,0,1,0,0,1,0.0,0.0,0,0,0,2,0.0,0,0,0,0,0,0,9,10,4,0,4,0,1,0,1,0,1,4,0,1,0,9,10,4,0,4,0,1,0,1,0,1,4,0,1,0,0,0,5,0,2,1,0,1,0,0,0,0,5,0,0,0,0,0,0,0,0
450,L20938,LoadRenderer$Bar,mindustry.graphics.LoadRenderer$Bar,L3787,L103,C:\Users\domco\Desktop\DP\repos\Mindustry\core\src\mindustry\graphics\LoadRenderer.java,493,5,523,6,0.0,0,0,0,0.0,0.0,0,0,1,0,0,5,0,1,1,0,5,0.0,0.0,0,0,0,3,0.0,0,0,0,0,0,0,26,31,4,0,4,0,5,0,2,0,5,11,0,2,0,26,31,4,0,4,0,5,0,2,0,5,11,0,2,0,0,0,13,0,10,1,0,7,0,0,0,0,13,0,2,0,0,0,0,0,0
451,L21165,OverlayRenderer$CoreEdge,mindustry.graphics.OverlayRenderer$CoreEdge,L10970,L103,C:\Users\domco\Desktop\DP\repos\Mindustry\core\src\mindustry\graphics\OverlayRenderer.java,253,5,275,6,0.0,0,0,0,0.0,0.0,0,0,1,0,0,8,2,1,2,0,2,0.0,0.0,0,0,0,2,0.0,0,0,0,0,0,0,21,23,6,0,6,0,2,0,1,0,2,7,0,1,0,21,23,6,0,6,0,2,0,1,0,2,7,0,1,0,0,0,9,0,0,0,0,0,0,0,0,0,7,0,0,0,0,0,0,2,0
452,L21343,Shaders$AtmosphereShader,mindustry.graphics.Shaders$AtmosphereShader,L21307,L103,C:\Users\domco\Desktop\DP\repos\Mindustry\core\src\mindustry\graphics\Shaders.java,67,5,93,6,0.0,0,0,0,0.0,0.0,0,0,1,0,0,2,2,2,2,3,5,0.0,0.0,0,0,0,3,0.0,0,1,1,0,0,1,22,27,3,0,3,0,2,2,2,0,3,12,2,3,0,22,27,3,0,3,0,2,2,2,0,3,12,2,3,0,0,0,11,1,1,0,0,1,0,0,0,0,7,0,1,0,0,0,0,4,0
453,L21333,Shaders$PlanetShader,mindustry.graphics.Shaders$PlanetShader,L21307,L103,C:\Users\domco\Desktop\DP\repos\Mindustry\core\src\mindustry\graphics\Shaders.java,95,5,113,6,0.0,0,0,0,0.0,0.0,0,0,1,0,0,2,5,2,1,2,4,0.0,0.0,0,0,0,3,0.0,0,1,1,0,0,1,16,19,4,0,4,0,2,4,2,0,3,5,4,3,0,16,19,4,0,4,0,2,4,2,0,3,5,4,3,0,0,0,11,0,1,0,0,0,0,0,0,1,7,0,0,0,0,0,0,4,0
454,L21336,Shaders$CloudShader,mindustry.graphics.Shaders$CloudShader,L21307,L103,C:\Users\domco\Desktop\DP\repos\Mindustry\core\src\mindustry\graphics\Shaders.java,115,5,134,6,0.0,0,0,0,0.0,0.0,0,0,1,0,0,2,5,2,1,2,4,0.0,0.0,0,0,0,3,0.0,0,1,1,0,0,1,17,20,5,0,5,0,2,5,2,0,3,5,5,3,0,17,20,5,0,5,0,2,5,2,0,3,5,5,3,0,0,0,11,0,1,0,0,0,0,0,0,1,7,0,0,0,0,0,0,4,0
455,L21346,Shaders$MeshShader,mindustry.graphics.Shaders$MeshShader,L21307,L103,C:\Users\domco\Desktop\DP\repos\Mindustry\core\src\mindustry\graphics\Shaders.java,136,5,141,6,0.0,0,0,0,0.0,0.0,0,0,0,0,0,1,1,1,1,1,2,0.0,0.0,0,0,0,2,0.0,0,1,1,0,0,1,5,6,0,0,0,0,1,0,1,0,2,1,0,2,0,5,6,0,0,0,0,1,0,1,0,2,1,0,2,0,0,0,5,0,0,0,0,0,0,0,0,0,5,0,0,0,0,0,0,0,0
456,L21339,Shaders$PlanetGridShader,mindustry.graphics.Shaders$PlanetGridShader,L21307,L103,C:\Users\domco\Desktop\DP\repos\Mindustry\core\src\mindustry\graphics\Shaders.java,143,5,154,6,0.0,0,0,0,0.0,0.0,0,0,1,0,0,2,1,2,1,1,3,0.0,0.0,0,0,0,3,0.0,0,1,1,0,0,1,10,12,1,0,1,0,2,1,2,0,3,2,1,3,0,10,12,1,0,1,0,2,1,2,0,3,2,1,3,0,0,0,11,0,0,0,0,0,0,0,0,0,7,0,0,0,0,0,0,4,0
457,L21326,Shaders$LightShader,mindustry.graphics.Shaders$LightShader,L21307,L103,C:\Users\domco\Desktop\DP\repos\Mindustry\core\src\mindustry\graphics\Shaders.java,156,5,168,6,0.0,0,0,0,0.0,0.0,0,0,1,0,0,2,1,2,1,1,3,0.0,0.0,0,0,0,3,0.0,0,1,1,0,0,1,10,13,1,0,1,0,2,1,2,0,3,2,1,3,0,10,13,1,0,1,0,2,1,2,0,3,2,1,3,0,0,0,11,0,0,0,0,0,0,0,0,0,7,0,0,0,0,0,0,4,0
458,L21323,Shaders$DarknessShader,mindustry.graphics.Shaders$DarknessShader,L21307,L103,C:\Users\domco\Desktop\DP\repos\Mindustry\core\src\mindustry\graphics\Shaders.java,170,5,174,6,0.0,0,0,0,0.0,0.0,0,0,0,0,0,1,1,1,1,1,2,0.0,0.0,0,0,0,2,0.0,0,1,1,0,0,1,5,5,0,0,0,0,1,0,1,0,2,1,0,2,0,5,5,0,0,0,0,1,0,1,0,2,1,0,2,0,0,0,5,0,0,0,0,0,0,0,0,0,5,0,0,0,0,0,0,0,0
459,L21405,Shaders$UnitBuild,mindustry.graphics.Shaders$UnitBuild,L21307,L103,C:\Users\domco\Desktop\DP\repos\Mindustry\core\src\mindustry\graphics\Shaders.java,177,5,178,60,0.0,0,0,0,0.0,0.0,0,0,0,0,0,0,1,0,0,0,0,1.0,0.333333,1,1,1,0,0.333333,1,2,2,0,0,1,2,2,4,0,0,0,0,0,0,0,3,0,4,3,0,2,2,4,0,0,0,0,0,0,0,3,0,4,3,0,0,0,2,0,0,0,0,0,0,0,0,0,0,0,0,0,0,0,0,2,0
460,L21320,Shaders$UnitBuildShader,mindustry.graphics.Shaders$UnitBuildShader,L21307,L103,C:\Users\domco\Desktop\DP\repos\Mindustry\core\src\mindustry\graphics\Shaders.java,180,5,198,6,0.0,0,0,0,0.0,0.0,0,0,1,0,0,2,1,3,1,1,3,0.0,0.0,0,0,0,3,0.0,0,1,1,1,1,1,17,19,4,0,4,0,2,4,2,0,3,7,4,3,0,17,19,4,0,4,0,2,4,2,0,3,7,4,3,0,0,0,11,1,1,1,0,0,0,0,0,0,7,0,1,0,0,0,0,4,0
461,L21310,Shaders$BlockBuildShader,mindustry.graphics.Shaders$BlockBuildShader,L21307,L103,C:\Users\domco\Desktop\DP\repos\Mindustry\core\src\mindustry\graphics\Shaders.java,200,5,217,6,0.0,0,0,0,0.0,0.0,0,0,1,0,0,2,1,1,1,1,3,0.0,0.0,0,0,0,3,0.0,0,1,1,0,0,1,16,18,3,0,3,0,2,3,2,0,3,6,3,3,0,16,18,3,0,3,0,2,3,2,0,3,6,3,3,0,0,0,11,0,0,0,0,0,0,0,0,0,7,0,0,0,0,0,0,4,0
462,L21313,Shaders$ShieldShader,mindustry.graphics.Shaders$ShieldShader,L21307,L103,C:\Users\domco\Desktop\DP\repos\Mindustry\core\src\mindustry\graphics\Shaders.java,219,5,235,6,0.911765,1,1,1,0.588235,0.666667,10,10,1,0,0,2,1,1,1,1,3,0.0,0.0,0,0,0,3,0.0,0,1,1,0,0,1,15,17,0,0,0,0,2,0,2,0,3,6,0,3,0,15,17,0,0,0,0,2,0,2,0,3,6,0,3,0,0,0,18,0,0,0,11,0,0,0,0,0,7,0,0,0,0,0,0,0,0
463,L21317,Shaders$BuildBeamShader,mindustry.graphics.Shaders$BuildBeamShader,L21307,L103,C:\Users\domco\Desktop\DP\repos\Mindustry\core\src\mindustry\graphics\Shaders.java,237,5,253,6,0.911765,1,1,1,0.588235,0.666667,10,10,1,0,0,2,1,1,1,1,3,0.0,0.0,0,0,0,3,0.0,0,1,1,0,0,1,15,17,0,0,0,0,2,0,2,0,3,6,0,3,0,15,17,0,0,0,0,2,0,2,0,3,6,0,3,0,0,0,18,0,0,0,11,0,0,0,0,0,7,0,0,0,0,0,0,0,0
464,L21368,Shaders$SpaceShader,mindustry.graphics.Shaders$SpaceShader,L21307,L103,C:\Users\domco\Desktop\DP\repos\Mindustry\core\src\mindustry\graphics\Shaders.java,256,5,281,6,0.0,0,0,0,0.0,0.0,0,0,1,0,0,2,3,1,1,1,3,0.333333,0.0526316,1,1,1,2,0.0526316,1,1,1,0,0,1,18,26,2,0,1,0,2,0,2,0,7,9,0,7,0,18,26,2,0,1,0,2,0,2,0,7,9,0,7,0,0,0,7,0,1,0,0,1,0,0,0,0,7,0,0,0,0,0,0,0,0
465,L21329,Shaders$SurfaceShader,mindustry.graphics.Shaders$SurfaceShader,L21307,L103,C:\Users\domco\Desktop\DP\repos\Mindustry\core\src\mindustry\graphics\Shaders.java,283,5,324,6,0.0,0,0,0,0.0,0.0,0,0,1,2,2,7,2,2,2,0,5,0.0,0.0,0,0,0,6,0.0,0,0,0,1,1,0,32,42,1,0,1,0,5,0,5,0,5,15,0,5,0,32,42,1,0,1,0,5,0,5,0,5,15,0,5,0,0,2,13,0,1,0,0,1,0,0,0,0,13,0,2,0,0,0,0,0,0
466,L21382,Shaders$LoadShader,mindustry.graphics.Shaders$LoadShader,L21307,L103,C:\Users\domco\Desktop\DP\repos\Mindustry\core\src\mindustry\graphics\Shaders.java,326,5,330,6,0.0,0,0,0,0.0,0.0,0,0,0,0,0,1,0,12,12,0,1,0.0,0.0,0,0,0,2,0.0,0,0,0,11,12,0,5,5,0,0,0,0,1,0,1,0,1,1,0,1,0,5,5,0,0,0,0,1,0,1,0,1,1,0,1,0,0,0,6,0,0,0,0,0,0,0,0,0,5,0,0,1,0,0,0,0,0
467,L21473,Voronoi$Site,mindustry.graphics.Voronoi$Site,L21465,L103,C:\Users\domco\Desktop\DP\repos\Mindustry\core\src\mindustry\graphics\Voronoi.java,616,5,619,6,0.0,0,0,0,0.0,0.0,0,0,0,0,0,0,0,3,0,0,0,0.0,0.0,0,0,0,1,0.0,0,0,0,0,0,0,4,4,2,0,2,0,0,0,0,0,0,0,0,0,0,4,4,2,0,2,0,0,0,0,0,0,0,0,0,0,0,0,3,0,3,0,0,3,0,0,0,0,3,0,0,0,0,0,0,0,0
468,L21491,Voronoi$Halfedge,mindustry.graphics.Voronoi$Halfedge,L21465,L103,C:\Users\domco\Desktop\DP\repos\Mindustry\core\src\mindustry\graphics\Voronoi.java,621,5,629,6,0.0,0,0,0,0.0,0.0,0,0,0,0,0,0,2,1,0,0,0,0.0,0.0,0,0,0,1,0.0,0,0,0,0,0,0,9,9,8,0,8,0,0,0,0,0,0,0,0,0,0,9,9,8,0,8,0,0,0,0,0,0,0,0,0,0,0,0,4,0,8,1,0,7,0,0,0,0,3,0,0,0,0,0,0,1,0
469,L21498,Voronoi$GraphEdge,mindustry.graphics.Voronoi$GraphEdge,L21465,L103,C:\Users\domco\Desktop\DP\repos\Mindustry\core\src\mindustry\graphics\Voronoi.java,631,5,635,6,0.0,0,0,0,0.0,0.0,0,0,0,0,0,0,0,1,0,0,0,0.0,0.0,0,0,0,1,0.0,0,0,0,0,0,0,4,5,6,0,6,0,0,6,0,0,0,0,6,0,0,4,5,6,0,6,0,0,6,0,0,0,0,6,0,0,0,0,8,0,2,2,0,0,0,0,0,0,3,0,0,0,0,0,0,5,0
470,L21552,Voronoi$Edge,mindustry.graphics.Voronoi$Edge,L21465,L103,C:\Users\domco\Desktop\DP\repos\Mindustry\core\src\mindustry\graphics\Voronoi.java,637,5,642,6,0.0,0,0,0,0.0,0.0,0,0,0,0,0,0,1,2,0,0,0,0.0,0.0,0,0,0,1,0.0,0,0,0,0,0,0,6,6,6,0,6,0,0,0,0,0,0,0,0,0,0,6,6,6,0,6,0,0,0,0,0,0,0,0,0,0,0,0,4,0,9,1,0,5,0,0,0,0,3,0,0,0,0,3,0,1,0
471,L21972,InputHandler$PlaceLine,mindustry.input.InputHandler$PlaceLine,L9807,L103,C:\Users\domco\Desktop\DP\repos\Mindustry\core\src\mindustry\input\InputHandler.java,1343,5,1346,6,0.0,0,0,0,0.0,0.0,0,0,0,0,0,0,0,1,0,0,0,0.0,0.0,0,0,0,1,0.0,0,0,0,0,0,0,4,4,4,0,4,0,0,4,0,0,0,0,4,0,0,4,4,4,0,4,0,0,4,0,0,0,0,4,0,0,0,0,7,0,0,0,0,0,0,0,0,0,3,0,0,0,0,0,0,4,0
472,L22169,Placement$NormalizeDrawResult,mindustry.input.Placement$NormalizeDrawResult,L22542,L103,C:\Users\domco\Desktop\DP\repos\Mindustry\core\src\mindustry\input\Placement.java,421,5,423,6,0.0,0,0,0,0.0,0.0,0,0,0,0,0,0,0,2,0,0,0,0.0,0.0,0,0,0,1,0.0,0,0,0,0,0,0,3,3,4,0,4,0,0,4,0,0,0,0,4,0,0,3,3,4,0,4,0,0,4,0,0,0,0,4,0,0,0,0,7,0,0,0,0,0,0,0,0,0,3,0,0,0,0,0,0,4,0
473,L18808,Placement$NormalizeResult,mindustry.input.Placement$NormalizeResult,L22542,L103,C:\Users\domco\Desktop\DP\repos\Mindustry\core\src\mindustry\input\Placement.java,425,5,427,6,0.0,0,0,0,0.0,0.0,0,0,0,0,0,0,0,3,0,0,0,0.0,0.0,0,0,0,1,0.0,0,0,0,0,0,0,3,3,5,0,5,0,0,5,0,0,0,0,5,0,0,3,3,5,0,5,0,0,5,0,0,0,0,5,0,0,0,0,7,0,0,0,0,0,0,0,0,0,3,0,0,0,0,0,0,4,0
474,L22667,JsonIO$1,mindustry.io.JsonIO$1,L22660,L103,C:\Users\domco\Desktop\DP\repos\Mindustry\core\src\mindustry\io\JsonIO.java,21,47,44,6,0.0,0,0,0,0.0,0.0,0,0,2,2,2,5,1,0,0,0,2,0.0,0.0,0,0,0,2,0.0,0,0,0,0,0,0,22,24,0,0,0,0,2,0,1,0,2,8,0,1,0,22,24,0,0,0,0,2,0,1,0,2,8,0,1,0,0,0,8,1,0,0,0,0,1,0,0,1,7,0,0,0,0,0,0,0,0
475,L22663,JsonIO$CustomJson,mindustry.io.JsonIO$CustomJson,L22660,L103,C:\Users\domco\Desktop\DP\repos\Mindustry\core\src\mindustry\io\JsonIO.java,247,5,269,6,0.0,0,0,0,0.0,0.0,0,0,1,1,1,5,0,1,1,0,3,0.0,0.0,0,0,0,3,0.0,0,0,0,0,0,0,19,23,1,0,1,0,3,0,2,0,3,6,0,2,0,19,23,1,0,1,0,3,0,2,0,3,6,0,2,0,0,1,9,0,0,0,0,0,0,0,0,0,9,0,1,0,0,0,0,0,0
476,L22853,LegacyIO,mindustry.io.legacy.LegacyIO,L22846,L103,C:\Users\domco\Desktop\DP\repos\Mindustry\core\src\mindustry\io\legacy\LegacyIO.java,12,1,84,2,0.0,0,0,0,0.0,0.0,0,0,2,6,6,11,6,2,1,2,4,0.0,0.0869565,6,1,0,3,0.0869565,6,0,0,0,0,0,63,73,1,0,1,0,2,1,2,0,2,40,1,2,0,63,73,1,0,1,0,2,1,2,0,2,40,1,2,0,0,0,16,0,0,0,0,0,1,4,0,0,7,0,0,0,0,0,0,4,0
477,L22867,LegacySaveVersion,mindustry.io.legacy.LegacySaveVersion,L22846,L103,C:\Users\domco\Desktop\DP\repos\Mindustry\core\src\mindustry\io\legacy\LegacySaveVersion.java,14,1,118,2,0.325333,1,4,1,0.180952,0.215385,19,14,2,5,5,20,9,3,6,14,17,0.0,0.109589,8,0,0,4,0.109589,8,2,2,3,3,1,65,105,11,1,0,0,3,0,3,0,32,59,3,32,0,65,105,11,1,0,0,3,0,3,0,32,59,3,32,0,0,0,28,1,12,4,12,8,1,3,1,0,9,0,1,0,0,0,0,2,0
478,L22913,Save1,mindustry.io.legacy.Save1,L22846,L103,C:\Users\domco\Desktop\DP\repos\Mindustry\core\src\mindustry\io\legacy\Save1.java,5,1,15,2,0.0,0,0,0,0.0,0.0,0,0,1,0,0,2,1,0,0,2,4,0.0,0.0,0,0,0,3,0.0,0,3,3,0,0,1,9,11,11,1,0,0,2,0,2,0,34,2,3,34,0,9,11,11,1,0,0,2,0,2,0,34,2,3,34,0,0,0,9,0,0,0,0,0,0,0,0,0,7,0,0,0,0,0,0,2,0
479,L22921,Save2,mindustry.io.legacy.Save2,L22846,L103,C:\Users\domco\Desktop\DP\repos\Mindustry\core\src\mindustry\io\legacy\Save2.java,5,1,15,2,0.0,0,0,0,0.0,0.0,0,0,1,0,0,2,1,0,0,2,4,0.0,0.0,0,0,0,3,0.0,0,3,3,0,0,1,9,11,11,1,0,0,2,0,2,0,34,2,3,34,0,9,11,11,1,0,0,2,0,2,0,34,2,3,34,0,0,0,9,0,0,0,0,0,0,0,0,0,7,0,0,0,0,0,0,2,0
480,L22925,Save3,mindustry.io.legacy.Save3,L22846,L103,C:\Users\domco\Desktop\DP\repos\Mindustry\core\src\mindustry\io\legacy\Save3.java,10,1,30,2,0.0,0,0,0,0.0,0.0,0,0,1,2,2,4,7,0,0,6,8,0.0,0.0,0,0,0,3,0.0,0,3,3,0,0,1,18,21,11,1,0,0,2,0,2,0,34,13,3,34,0,18,21,11,1,0,0,2,0,2,0,34,13,3,34,0,0,0,9,0,0,0,0,0,0,0,0,0,7,0,0,0,0,0,0,2,0
481,L18585,SaveIO$SaveException,mindustry.io.SaveIO$SaveException,L23078,L103,C:\Users\domco\Desktop\DP\repos\Mindustry\core\src\mindustry\io\SaveIO.java,184,5,188,6,0.0,0,0,0,0.0,0.0,0,0,0,0,0,1,0,2,3,0,1,0.0,0.0,0,0,0,2,0.0,0,0,0,0,0,0,5,5,0,0,0,0,1,0,1,0,1,1,0,1,0,5,5,0,0,0,0,1,0,1,0,1,1,0,1,0,0,0,5,1,0,0,0,0,0,0,0,0,5,0,1,0,0,0,0,0,0
482,L23274,TypeIO$BuildingBox,mindustry.io.TypeIO$BuildingBox,L23255,L103,C:\Users\domco\Desktop\DP\repos\Mindustry\core\src\mindustry\io\TypeIO.java,654,5,660,6,0.0,0,0,0,0.0,0.0,0,0,0,0,0,1,0,1,1,0,1,0.5,0.142857,1,1,1,1,0.142857,1,0,0,0,0,0,6,7,1,0,1,0,1,1,1,0,1,1,1,1,0,6,7,1,0,1,0,1,1,1,0,1,1,1,1,0,0,0,9,0,0,0,0,0,0,0,0,0,5,0,0,0,0,0,0,4,0
483,L23090,Save4,mindustry.io.versions.Save4,L23533,L103,C:\Users\domco\Desktop\DP\repos\Mindustry\core\src\mindustry\io\versions\Save4.java,8,1,26,2,0.0,0,0,0,0.0,0.0,0,0,2,0,0,3,1,0,0,5,8,0.25,0.0625,1,1,1,3,0.0625,1,2,2,0,0,1,15,19,11,1,0,0,3,0,3,0,32,5,3,32,0,15,19,11,1,0,0,3,0,3,0,32,5,3,32,0,0,0,12,0,0,0,0,0,1,0,0,0,9,0,0,0,0,0,0,2,0
484,L23093,Save5,mindustry.io.versions.Save5,L23533,L103,C:\Users\domco\Desktop\DP\repos\Mindustry\core\src\mindustry\io\versions\Save5.java,5,1,10,2,0.0,0,0,0,0.0,0.0,0,0,0,0,0,1,1,0,0,1,2,0.0,0.0,0,0,0,2,0.0,0,2,2,0,0,1,5,6,11,1,0,0,1,0,1,0,30,1,3,30,0,5,6,11,1,0,0,1,0,1,0,30,1,3,30,0,0,0,7,0,0,0,0,0,0,0,0,0,5,0,0,0,0,0,0,2,0
485,L23757,LAssembler$BVar,mindustry.logic.LAssembler$BVar,L23744,L103,C:\Users\domco\Desktop\DP\repos\Mindustry\core\src\mindustry\logic\LAssembler.java,120,5,139,6,0.0,0,0,0,0.0,0.0,0,0,1,0,0,3,0,2,1,0,3,0.333333,0.0555556,1,1,1,2,0.0555556,1,0,0,0,0,0,17,20,3,0,3,0,3,3,2,0,3,2,3,2,0,17,20,3,0,3,0,3,3,2,0,3,2,3,2,0,0,0,13,0,2,0,0,1,0,0,0,0,9,1,0,0,0,0,0,4,0
486,L23822,LCanvas$DragLayout,mindustry.logic.LCanvas$DragLayout,L23815,L103,C:\Users\domco\Desktop\DP\repos\Mindustry\core\src\mindustry\logic\LCanvas.java,190,5,316,6,0.0,0,0,0,0.0,0.0,0,0,1,3,3,25,2,2,2,1,6,0.0,0.0918367,9,0,0,5,0.0918367,9,0,0,0,0,0,89,127,6,2,6,2,5,0,4,0,5,64,0,4,0,89,127,6,2,6,2,5,0,4,0,5,64,0,4,0,0,0,15,0,0,0,0,0,0,1,0,0,13,0,0,0,0,0,0,1,0
487,L23828,LCanvas$StatementElem,mindustry.logic.LCanvas$StatementElem,L23815,L103,C:\Users\domco\Desktop\DP\repos\Mindustry\core\src\mindustry\logic\LCanvas.java,318,5,440,6,0.0,0,0,0,0.0,0.0,0,0,3,2,2,9,4,6,2,5,9,0.0,0.0,0,0,0,5,0.0,0,0,0,0,0,0,49,123,3,0,3,0,4,2,4,0,4,32,2,4,0,49,123,3,0,3,0,4,2,4,0,4,32,2,4,0,0,0,16,0,0,0,0,0,1,0,0,0,11,0,0,0,0,0,0,4,0
488,L23936,LCanvas$JumpButton,mindustry.logic.LCanvas$JumpButton,L23815,L103,C:\Users\domco\Desktop\DP\repos\Mindustry\core\src\mindustry\logic\LCanvas.java,442,5,510,6,0.0,0,0,0,0.0,0.0,0,0,0,1,1,3,4,3,0,1,3,0.0,0.0,0,0,0,2,0.0,0,0,0,0,0,0,28,42,8,0,8,0,2,1,1,1,2,10,1,1,1,52,69,8,0,8,0,5,1,4,1,5,23,1,4,1,0,0,22,0,0,0,0,0,1,0,0,0,16,0,0,0,0,0,0,5,0
489,L23945,LCanvas$JumpCurve,mindustry.logic.LCanvas$JumpCurve,L23815,L103,C:\Users\domco\Desktop\DP\repos\Mindustry\core\src\mindustry\logic\LCanvas.java,512,5,596,6,0.0,0,0,0,0.0,0.0,0,0,1,2,1,14,2,1,1,0,4,0.0,0.0153846,1,0,0,5,0.0153846,1,0,0,0,0,0,64,85,1,0,1,0,4,1,4,0,4,42,1,4,0,64,85,1,0,1,0,4,1,4,0,4,42,1,4,0,0,0,15,0,0,0,0,0,0,0,0,0,11,0,0,0,0,0,0,4,0
490,L23633,LExecutor$Var,mindustry.logic.LExecutor$Var,L23996,L103,C:\Users\domco\Desktop\DP\repos\Mindustry\core\src\mindustry\logic\LExecutor.java,173,5,184,6,0.0,0,0,0,0.0,0.0,0,0,0,0,0,1,0,10,1,0,1,0.5,0.181818,2,2,1,1,0.181818,2,0,0,0,0,0,9,12,5,0,5,0,1,5,1,0,1,1,5,1,0,9,12,5,0,5,0,1,5,1,0,1,1,5,1,0,0,0,9,0,0,0,0,0,0,0,0,0,5,0,0,0,0,0,0,4,0
491,L24082,LExecutor$UnitBindI,mindustry.logic.LExecutor$UnitBindI,L23996,L103,C:\Users\domco\Desktop\DP\repos\Mindustry\core\src\mindustry\logic\LExecutor.java,193,5,232,6,0.0,0,0,0,0.0,0.0,0,0,1,3,3,11,6,1,1,4,7,0.25,0.142857,5,1,1,3,0.142857,5,1,1,0,0,1,30,40,1,0,1,0,3,1,3,0,3,20,1,3,0,30,40,1,0,1,0,3,1,3,0,3,20,1,3,0,0,0,13,0,0,0,0,0,0,0,0,0,9,0,0,0,0,0,0,4,0
492,L24096,LExecutor$UnitLocateI,mindustry.logic.LExecutor$UnitLocateI,L23996,L103,C:\Users\domco\Desktop\DP\repos\Mindustry\core\src\mindustry\logic\LExecutor.java,235,5,316,6,0.145401,3,3,3,0.121951,0.15873,10,10,1,3,3,18,9,1,1,9,12,0.25,0.0333333,2,1,1,3,0.0307692,2,1,1,0,0,1,58,77,8,0,8,0,3,8,3,0,3,33,8,3,0,63,82,12,0,12,0,3,8,3,0,3,33,8,3,0,0,0,29,0,0,0,9,0,0,1,0,0,12,0,0,0,0,0,0,7,0
493,L24150,LExecutor$UnitControlI,mindustry.logic.LExecutor$UnitControlI,L23996,L103,C:\Users\domco\Desktop\DP\repos\Mindustry\core\src\mindustry\logic\LExecutor.java,319,5,536,6,0.0,0,0,0,0.0,0.0,0,0,1,2,2,29,6,3,3,4,8,0.4,0.147727,13,2,2,3,0.147727,13,1,1,0,0,1,75,218,6,0,6,0,4,6,4,0,4,36,6,4,0,75,218,6,0,6,0,4,6,4,0,4,36,6,4,0,0,0,20,0,0,0,0,0,0,1,0,0,11,0,0,0,0,0,0,8,0
494,L24183,LExecutor$ControlI,mindustry.logic.LExecutor$ControlI,L23996,L103,C:\Users\domco\Desktop\DP\repos\Mindustry\core\src\mindustry\logic\LExecutor.java,539,5,566,6,0.0,0,0,0,0.0,0.0,0,0,1,2,2,8,4,1,1,3,6,0.333333,0.0384615,1,1,1,2,0.0384615,1,1,1,0,0,1,25,28,6,0,6,0,3,6,2,0,3,13,6,2,0,25,28,6,0,6,0,3,6,2,0,3,13,6,2,0,0,0,15,0,0,0,0,0,0,0,0,0,9,0,0,0,0,0,0,6,0
495,L24208,LExecutor$GetLinkI,mindustry.logic.LExecutor$GetLinkI,L23996,L103,C:\Users\domco\Desktop\DP\repos\Mindustry\core\src\mindustry\logic\LExecutor.java,568,5,585,6,0.0,0,0,0,0.0,0.0,0,0,1,0,0,5,2,1,1,2,5,0.0,0.0,0,0,0,4,0.0,0,1,1,0,0,1,14,18,2,2,2,2,3,2,3,0,3,4,2,3,0,14,18,2,2,2,2,3,2,3,0,3,4,2,3,0,0,0,13,0,0,0,0,0,0,0,0,0,9,0,0,0,0,0,0,4,0
496,L24221,LExecutor$ReadI,mindustry.logic.LExecutor$ReadI,L23996,L103,C:\Users\domco\Desktop\DP\repos\Mindustry\core\src\mindustry\logic\LExecutor.java,587,5,609,6,0.0,0,0,0,0.0,0.0,0,0,1,1,1,7,3,1,1,3,6,0.0,0.0,0,0,0,4,0.0,0,1,1,0,0,1,18,23,3,0,3,0,3,3,3,0,3,9,3,3,0,18,23,3,0,3,0,3,3,3,0,3,9,3,3,0,0,0,13,0,0,0,0,0,0,0,0,0,9,0,0,0,0,0,0,4,0
497,L24238,LExecutor$WriteI,mindustry.logic.LExecutor$WriteI,L23996,L103,C:\Users\domco\Desktop\DP\repos\Mindustry\core\src\mindustry\logic\LExecutor.java,611,5,636,6,0.0,0,0,0,0.0,0.0,0,0,1,2,2,7,3,1,1,3,6,0.0,0.0,0,0,0,4,0.0,0,1,1,0,0,1,20,26,3,0,3,0,3,3,3,0,3,10,3,3,0,20,26,3,0,3,0,3,3,3,0,3,10,3,3,0,0,0,13,0,0,0,0,0,0,0,0,0,9,0,0,0,0,0,0,4,0
498,L24252,LExecutor$SenseI,mindustry.logic.LExecutor$SenseI,L23996,L103,C:\Users\domco\Desktop\DP\repos\Mindustry\core\src\mindustry\logic\LExecutor.java,638,5,679,6,0.0,0,0,0,0.0,0.0,0,0,1,3,3,9,5,1,1,3,6,0.0,0.0833333,3,0,0,4,0.0833333,3,1,1,0,0,1,33,42,3,0,3,0,3,3,3,0,3,25,3,3,0,33,42,3,0,3,0,3,3,3,0,3,25,3,3,0,0,0,13,0,0,0,0,0,0,0,0,0,9,0,0,0,0,0,0,4,0
499,L24267,LExecutor$RadarI,mindustry.logic.LExecutor$RadarI,L23996,L103,C:\Users\domco\Desktop\DP\repos\Mindustry\core\src\mindustry\logic\LExecutor.java,681,5,775,6,0.0,0,0,0,0.0,0.0,0,0,1,5,5,22,13,2,2,6,10,0.0,0.0882353,6,2,0,4,0.0882353,6,1,1,0,0,1,62,95,11,0,11,0,4,9,3,0,4,40,9,3,0,62,95,11,0,11,0,4,9,3,0,4,40,9,3,0,0,0,22,0,0,0,0,0,0,3,1,0,11,0,0,0,0,0,0,7,0
500,L24324,LExecutor$SetI,mindustry.logic.LExecutor$SetI,L23996,L103,C:\Users\domco\Desktop\DP\repos\Mindustry\core\src\mindustry\logic\LExecutor.java,777,5,802,6,0.0,0,0,0,0.0,0.0,0,0,1,2,2,6,3,1,1,2,5,0.0,0.0,0,0,0,3,0.0,0,1,1,0,0,1,22,26,2,0,2,0,3,2,2,2,3,10,2,2,2,22,26,2,0,2,0,3,2,2,2,3,10,2,2,2,0,0,13,0,0,0,0,0,0,0,0,0,9,0,0,0,0,0,0,4,0
501,L24335,LExecutor$OpI,mindustry.logic.LExecutor$OpI,L23996,L103,C:\Users\domco\Desktop\DP\repos\Mindustry\core\src\mindustry\logic\LExecutor.java,804,5,838,6,0.0,0,0,0,0.0,0.0,0,0,1,3,2,13,7,1,1,7,10,0.0,0.0666667,2,0,0,3,0.0666667,2,1,1,0,0,1,28,35,4,0,4,0,3,4,2,0,3,15,4,2,0,28,35,4,0,4,0,3,4,2,0,3,15,4,2,0,0,0,14,0,0,0,0,0,0,1,0,0,9,0,0,0,0,0,0,4,0
502,L24373,LExecutor$EndI,mindustry.logic.LExecutor$EndI,L23996,L103,C:\Users\domco\Desktop\DP\repos\Mindustry\core\src\mindustry\logic\LExecutor.java,840,5,846,6,0.0,0,0,0,0.0,0.0,0,0,1,0,0,1,3,1,0,1,2,0.0,0.0,0,0,0,2,0.0,0,1,1,0,0,1,6,7,0,0,0,0,1,0,1,0,1,1,0,1,0,6,7,0,0,0,0,1,0,1,0,1,1,0,1,0,0,0,5,0,0,0,0,0,0,0,0,0,5,0,0,0,0,0,0,0,0
503,L24377,LExecutor$NoopI,mindustry.logic.LExecutor$NoopI,L23996,L103,C:\Users\domco\Desktop\DP\repos\Mindustry\core\src\mindustry\logic\LExecutor.java,848,5,851,6,0.0,0,0,0,0.0,0.0,0,0,1,0,0,1,2,1,0,0,1,0.0,0.0,0,0,0,2,0.0,0,1,1,0,0,1,4,4,0,0,0,0,1,0,1,0,1,0,0,1,0,4,4,0,0,0,0,1,0,1,0,1,0,0,1,0,0,0,5,0,0,0,0,0,0,0,0,0,5,0,0,0,0,0,0,0,0
504,L24381,LExecutor$DrawI,mindustry.logic.LExecutor$DrawI,L23996,L103,C:\Users\domco\Desktop\DP\repos\Mindustry\core\src\mindustry\logic\LExecutor.java,853,5,892,6,0.252577,3,3,3,0.25,0.322581,10,10,1,1,1,9,5,1,1,2,6,0.0,0.0606061,2,0,0,4,0.0606061,2,1,1,0,0,1,31,40,8,0,8,0,4,8,3,0,4,17,8,3,0,31,40,8,0,8,0,4,8,3,0,4,17,8,3,0,0,0,28,0,0,0,11,0,0,0,0,0,11,0,0,0,0,0,0,6,0
505,L24417,LExecutor$DrawFlushI,mindustry.logic.LExecutor$DrawFlushI,L23996,L103,C:\Users\domco\Desktop\DP\repos\Mindustry\core\src\mindustry\logic\LExecutor.java,894,5,918,6,0.0,0,0,0,0.0,0.0,0,0,1,3,3,8,4,1,1,1,4,0.0,0.047619,1,0,0,4,0.047619,1,1,1,0,0,1,20,25,1,0,1,0,3,1,3,0,3,12,1,3,0,20,25,1,0,1,0,3,1,3,0,3,12,1,3,0,0,0,13,0,0,0,0,0,0,0,0,0,9,0,0,0,0,0,0,4,0
506,L24429,LExecutor$PrintI,mindustry.logic.LExecutor$PrintI,L23996,L103,C:\Users\domco\Desktop\DP\repos\Mindustry\core\src\mindustry\logic\LExecutor.java,920,5,962,6,0.0,0,0,0,0.0,0.0,0,0,1,2,2,16,7,1,1,1,5,0.0,0.0810811,3,0,0,4,0.0810811,3,1,1,0,0,1,34,43,1,0,1,0,4,1,3,0,4,16,1,3,0,34,43,1,0,1,0,4,1,3,0,4,16,1,3,0,0,0,15,0,0,0,0,0,0,0,0,0,11,0,0,0,0,0,0,4,0
507,L24448,LExecutor$PrintFlushI,mindustry.logic.LExecutor$PrintFlushI,L23996,L103,C:\Users\domco\Desktop\DP\repos\Mindustry\core\src\mindustry\logic\LExecutor.java,964,5,985,6,0.0,0,0,0,0.0,0.0,0,0,1,1,1,5,3,1,1,1,4,0.0,0.0,0,0,0,4,0.0,0,1,1,0,0,1,16,22,1,0,1,0,3,1,3,0,3,7,1,3,0,16,22,1,0,1,0,3,1,3,0,3,7,1,3,0,0,0,13,0,0,0,0,0,0,0,0,0,9,0,0,0,0,0,0,4,0
508,L24459,LExecutor$JumpI,mindustry.logic.LExecutor$JumpI,L23996,L103,C:\Users\domco\Desktop\DP\repos\Mindustry\core\src\mindustry\logic\LExecutor.java,987,5,1022,6,0.0,0,0,0,0.0,0.0,0,0,1,3,2,13,6,1,1,5,8,0.0,0.0322581,1,0,0,4,0.0322581,1,1,1,0,0,1,30,36,4,0,4,0,3,4,3,0,3,15,4,3,0,30,36,4,0,4,0,3,4,3,0,3,15,4,3,0,0,0,14,0,0,0,0,0,0,1,0,0,9,0,0,0,0,0,0,4,0
509,L24480,LExecutor$WaitI,mindustry.logic.LExecutor$WaitI,L23996,L103,C:\Users\domco\Desktop\DP\repos\Mindustry\core\src\mindustry\logic\LExecutor.java,1024,5,1053,6,0.0,0,0,0,0.0,0.0,0,0,1,1,1,5,3,1,1,2,5,0.0,0.0416667,1,0,0,4,0.0416667,1,1,1,0,0,1,23,30,4,0,4,0,3,4,3,0,3,7,4,3,0,23,30,4,0,4,0,3,4,3,0,3,7,4,3,0,0,0,13,0,0,0,0,0,0,0,0,0,9,0,0,0,0,0,0,4,0
510,L24493,LExecutor$LookupI,mindustry.logic.LExecutor$LookupI,L23996,L103,C:\Users\domco\Desktop\DP\repos\Mindustry\core\src\mindustry\logic\LExecutor.java,1055,5,1073,6,0.0,0,0,0,0.0,0.0,0,0,1,0,0,3,5,1,1,3,6,0.0,0.0588235,1,0,0,4,0.0588235,1,1,1,0,0,1,16,19,3,0,3,0,3,3,3,0,3,4,3,3,0,16,19,3,0,3,0,3,3,3,0,3,4,3,3,0,0,0,13,0,0,0,0,0,0,0,0,0,9,0,0,0,0,0,0,4,0
511,L24619,LParser$JumpIndex,mindustry.logic.LParser$JumpIndex,L24614,L103,C:\Users\domco\Desktop\DP\repos\Mindustry\core\src\mindustry\logic\LParser.java,190,5,198,6,0.0,0,0,0,0.0,0.0,0,0,0,0,0,1,1,1,1,0,1,0.0,0.0,0,0,0,2,0.0,0,0,0,0,0,0,8,9,2,0,2,0,1,0,1,0,1,2,0,1,0,8,9,2,0,2,0,1,0,1,0,1,2,0,1,0,0,0,5,0,0,0,0,0,0,0,0,0,5,0,0,0,0,0,0,0,0
512,L24749,LStatements$CommentStatement,mindustry.logic.LStatements$CommentStatement,L24747,L103,C:\Users\domco\Desktop\DP\repos\Mindustry\core\src\mindustry\logic\LStatements.java,28,5,45,6,0.0,0,0,0,0.0,0.0,0,0,3,0,0,3,5,0,0,0,3,0.25,0.117647,2,2,1,3,0.117647,2,1,1,0,0,1,15,18,2,0,1,0,3,1,3,0,20,3,2,11,0,15,18,2,0,1,0,3,1,3,0,20,3,2,11,0,0,0,14,0,0,0,0,0,1,0,0,0,9,0,0,0,0,0,0,4,0
513,L24664,LStatements$InvalidStatement,mindustry.logic.LStatements$InvalidStatement,L24747,L103,C:\Users\domco\Desktop\DP\repos\Mindustry\core\src\mindustry\logic\LStatements.java,47,5,63,6,0.0,0,0,0,0.0,0.0,0,0,3,0,0,3,6,1,0,0,3,0.0,0.0,0,0,0,4,0.0,0,1,1,0,0,1,14,17,1,0,0,0,3,0,3,0,20,2,1,11,0,14,17,1,0,0,0,3,0,3,0,20,2,1,11,0,0,0,12,0,0,0,0,0,1,0,0,0,9,0,0,0,0,0,0,2,0
514,L24773,LStatements$ReadStatement,mindustry.logic.LStatements$ReadStatement,L24747,L103,C:\Users\domco\Desktop\DP\repos\Mindustry\core\src\mindustry\logic\LStatements.java,65,5,95,6,0.494505,1,1,1,0.516129,0.454545,16,10,2,0,0,3,6,0,0,5,8,0.0,0.0,0,0,0,4,0.0,0,1,1,0,0,1,22,31,4,0,3,0,3,3,3,0,20,9,4,11,0,22,31,4,0,3,0,3,3,3,0,20,9,4,11,0,0,0,26,0,0,0,12,0,1,0,0,0,9,0,0,0,0,0,0,4,0
515,L24793,LStatements$WriteStatement,mindustry.logic.LStatements$WriteStatement,L24747,L103,C:\Users\domco\Desktop\DP\repos\Mindustry\core\src\mindustry\logic\LStatements.java,97,5,127,6,0.494505,1,1,1,0.516129,0.454545,16,10,2,0,0,3,6,0,0,5,8,0.0,0.0,0,0,0,4,0.0,0,1,1,0,0,1,22,31,4,0,3,0,3,3,3,0,20,9,4,11,0,22,31,4,0,3,0,3,3,3,0,20,9,4,11,0,0,0,26,0,0,0,12,0,1,0,0,0,9,0,0,0,0,0,0,4,0
516,L24809,LStatements$DrawStatement,mindustry.logic.LStatements$DrawStatement,L24747,L103,C:\Users\domco\Desktop\DP\repos\Mindustry\core\src\mindustry\logic\LStatements.java,129,5,249,6,0.0,0,0,0,0.0,0.0,0,0,2,1,1,8,8,0,0,3,8,0.0,0.0285714,1,0,0,5,0.0285714,1,1,1,0,0,1,34,121,8,0,7,0,5,7,4,0,22,11,8,12,0,34,121,8,0,7,0,5,7,4,0,22,11,8,12,0,0,0,19,0,0,0,0,0,1,0,0,0,13,0,0,0,0,0,0,5,0
517,L24848,LStatements$PrintStatement,mindustry.logic.LStatements$PrintStatement,L24747,L103,C:\Users\domco\Desktop\DP\repos\Mindustry\core\src\mindustry\logic\LStatements.java,251,5,269,6,0.0,0,0,0,0.0,0.0,0,0,2,0,0,3,6,0,0,3,6,0.0,0.0,0,0,0,4,0.0,0,1,1,0,0,1,16,19,2,0,1,0,3,1,3,0,20,3,2,11,0,16,19,2,0,1,0,3,1,3,0,20,3,2,11,0,0,0,14,0,0,0,0,0,1,0,0,0,9,0,0,0,0,0,0,4,0
518,L24860,LStatements$DrawFlushStatement,mindustry.logic.LStatements$DrawFlushStatement,L24747,L103,C:\Users\domco\Desktop\DP\repos\Mindustry\core\src\mindustry\logic\LStatements.java,271,5,290,6,0.0,0,0,0,0.0,0.0,0,0,2,0,0,3,6,0,0,3,6,0.0,0.0,0,0,0,4,0.0,0,1,1,0,0,1,17,20,2,0,1,0,3,1,3,0,20,4,2,11,0,17,20,2,0,1,0,3,1,3,0,20,4,2,11,0,0,0,14,0,0,0,0,0,1,0,0,0,9,0,0,0,0,0,0,4,0
519,L24873,LStatements$PrintFlushStatement,mindustry.logic.LStatements$PrintFlushStatement,L24747,L103,C:\Users\domco\Desktop\DP\repos\Mindustry\core\src\mindustry\logic\LStatements.java,292,5,311,6,0.0,0,0,0,0.0,0.0,0,0,2,0,0,3,6,0,0,3,6,0.0,0.0,0,0,0,4,0.0,0,1,1,0,0,1,17,20,2,0,1,0,3,1,3,0,20,4,2,11,0,17,20,2,0,1,0,3,1,3,0,20,4,2,11,0,0,0,14,0,0,0,0,0,1,0,0,0,9,0,0,0,0,0,0,4,0
520,L24885,LStatements$GetLinkStatement,mindustry.logic.LStatements$GetLinkStatement,L24747,L103,C:\Users\domco\Desktop\DP\repos\Mindustry\core\src\mindustry\logic\LStatements.java,313,5,335,6,0.0,0,0,0,0.0,0.0,0,0,2,0,0,3,6,0,0,3,6,0.0,0.0,0,0,0,4,0.0,0,1,1,0,0,1,18,23,3,0,2,0,3,2,3,0,20,5,3,11,0,18,23,3,0,2,0,3,2,3,0,20,5,3,11,0,0,0,14,0,0,0,0,0,1,0,0,0,9,0,0,0,0,0,0,4,0
521,L24899,LStatements$ControlStatement,mindustry.logic.LStatements$ControlStatement,L24747,L103,C:\Users\domco\Desktop\DP\repos\Mindustry\core\src\mindustry\logic\LStatements.java,337,5,388,6,0.27907,2,2,2,0.326923,0.21875,17,7,2,2,2,12,8,0,0,5,9,0.0,0.0588235,2,0,0,4,0.0588235,2,1,1,0,0,1,32,52,7,0,6,0,4,6,3,0,21,17,7,11,0,32,52,7,0,6,0,4,6,3,0,21,17,7,11,0,0,0,28,0,0,0,11,0,1,0,0,0,11,0,0,0,0,0,0,5,0
522,L24925,LStatements$RadarStatement,mindustry.logic.LStatements$RadarStatement,L24747,L103,C:\Users\domco\Desktop\DP\repos\Mindustry\core\src\mindustry\logic\LStatements.java,390,5,459,6,0.169231,1,1,1,0.142857,0.0909091,10,4,2,2,2,8,9,1,0,4,8,0.0,0.0,0,0,0,5,0.0,0,1,1,1,1,1,44,70,8,0,7,0,4,7,4,0,21,24,8,12,0,44,70,8,0,7,0,4,7,4,0,21,24,8,12,0,0,0,24,0,0,0,7,0,1,0,0,0,11,0,0,0,0,0,0,5,0
523,L24951,LStatements$SensorStatement,mindustry.logic.LStatements$SensorStatement,L24747,L103,C:\Users\domco\Desktop\DP\repos\Mindustry\core\src\mindustry\logic\LStatements.java,461,5,564,6,0.169014,1,1,1,0.625,0.0666667,65,2,2,0,0,4,7,0,0,4,8,0.0,0.117647,4,0,0,4,0.117647,4,1,1,0,0,1,30,104,6,0,5,0,4,3,3,0,21,11,4,11,0,30,104,6,0,5,0,4,3,3,0,21,11,4,11,0,0,0,24,0,0,0,10,0,1,0,0,0,9,0,0,0,0,0,0,4,0
524,L24972,LStatements$SetStatement,mindustry.logic.LStatements$SetStatement,L24747,L103,C:\Users\domco\Desktop\DP\repos\Mindustry\core\src\mindustry\logic\LStatements.java,566,5,589,6,0.0,0,0,0,0.0,0.0,0,0,2,0,0,3,6,0,0,3,6,0.0,0.0,0,0,0,4,0.0,0,1,1,0,0,1,19,24,3,0,2,0,3,2,3,0,20,5,3,11,0,19,24,3,0,2,0,3,2,3,0,20,5,3,11,0,0,0,14,0,0,0,0,0,1,0,0,0,9,0,0,0,0,0,0,4,0
525,L24986,LStatements$OperationStatement,mindustry.logic.LStatements$OperationStatement,L24747,L103,C:\Users\domco\Desktop\DP\repos\Mindustry\core\src\mindustry\logic\LStatements.java,591,5,665,6,0.0,0,0,0,0.0,0.0,0,0,2,3,3,9,9,0,0,5,11,0.0,0.0192308,1,0,0,4,0.0192308,1,1,1,0,0,1,51,75,5,0,4,0,6,4,3,0,23,23,5,11,0,51,75,5,0,4,0,6,4,3,0,23,23,5,11,0,0,0,20,0,0,0,0,0,1,0,0,0,15,0,0,0,0,0,0,4,0
526,L25015,LStatements$WaitStatement,mindustry.logic.LStatements$WaitStatement,L24747,L103,C:\Users\domco\Desktop\DP\repos\Mindustry\core\src\mindustry\logic\LStatements.java,667,5,686,6,0.0,0,0,0,0.0,0.0,0,0,2,0,0,3,6,0,0,3,6,0.0,0.0,0,0,0,4,0.0,0,1,1,0,0,1,17,20,2,0,1,0,3,1,3,0,20,4,2,11,0,17,20,2,0,1,0,3,1,3,0,20,4,2,11,0,0,0,14,0,0,0,0,0,1,0,0,0,9,0,0,0,0,0,0,4,0
527,L25027,LStatements$LookupStatement,mindustry.logic.LStatements$LookupStatement,L24747,L103,C:\Users\domco\Desktop\DP\repos\Mindustry\core\src\mindustry\logic\LStatements.java,688,5,722,6,0.0,0,0,0,0.0,0.0,0,0,2,0,0,3,8,0,0,4,7,0.0,0.0,0,0,0,4,0.0,0,1,1,0,0,1,23,35,4,0,3,0,3,3,3,0,20,8,4,11,0,23,35,4,0,3,0,3,3,3,0,20,8,4,11,0,0,0,14,0,0,0,0,0,1,0,0,0,9,0,0,0,0,0,0,4,0
528,L25043,LStatements$EndStatement,mindustry.logic.LStatements$EndStatement,L24747,L103,C:\Users\domco\Desktop\DP\repos\Mindustry\core\src\mindustry\logic\LStatements.java,724,5,740,6,0.0,0,0,0,0.0,0.0,0,0,3,0,0,3,6,0,0,0,3,0.0,0.0,0,0,0,4,0.0,0,1,1,0,0,1,14,17,1,0,0,0,3,0,3,0,20,2,1,11,0,14,17,1,0,0,0,3,0,3,0,20,2,1,11,0,0,0,12,0,0,0,0,0,1,0,0,0,9,0,0,0,0,0,0,2,0
529,L23932,LStatements$JumpStatement,mindustry.logic.LStatements$JumpStatement,L24747,L103,C:\Users\domco\Desktop\DP\repos\Mindustry\core\src\mindustry\logic\LStatements.java,742,5,819,6,0.0,0,0,0,0.0,0.0,0,0,2,1,1,14,10,3,0,4,10,0.166667,0.06,3,1,1,5,0.06,3,1,1,0,0,1,47,78,7,0,6,0,6,5,5,0,23,20,6,13,0,47,78,7,0,6,0,6,5,5,0,23,20,6,13,0,0,0,21,0,0,0,0,0,1,0,0,0,15,0,0,0,0,0,0,5,0
530,L25080,LStatements$UnitBindStatement,mindustry.logic.LStatements$UnitBindStatement,L24747,L103,C:\Users\domco\Desktop\DP\repos\Mindustry\core\src\mindustry\logic\LStatements.java,821,5,862,6,0.32,1,1,1,0.47619,0.105263,20,2,2,0,0,3,7,0,0,3,6,0.0,0.0,0,0,0,4,0.0,0,1,1,0,0,1,19,42,2,0,1,0,3,1,3,0,20,5,2,11,0,19,42,2,0,1,0,3,1,3,0,20,5,2,11,0,0,0,24,0,0,0,10,0,1,0,0,0,9,0,0,0,0,0,0,4,0
531,L25093,LStatements$UnitControlStatement,mindustry.logic.LStatements$UnitControlStatement,L24747,L103,C:\Users\domco\Desktop\DP\repos\Mindustry\core\src\mindustry\logic\LStatements.java,864,5,919,6,0.196429,1,1,1,0.303571,0.151515,17,5,2,2,2,15,8,0,0,4,8,0.0,0.0571429,2,0,0,4,0.0571429,2,1,1,0,0,1,33,56,7,0,6,0,4,6,3,0,21,17,7,11,0,33,56,7,0,6,0,4,6,3,0,21,17,7,11,0,0,0,29,0,0,0,11,0,1,1,0,0,11,0,0,0,0,0,0,5,0
532,L25120,LStatements$UnitRadarStatement,mindustry.logic.LStatements$UnitRadarStatement,L24747,L103,C:\Users\domco\Desktop\DP\repos\Mindustry\core\src\mindustry\logic\LStatements.java,921,5,943,6,0.0,0,0,0,0.0,0.0,0,0,3,0,0,4,7,0,0,2,6,0.0,0.0526316,1,0,0,5,0.0526316,1,2,2,0,0,1,18,23,8,0,0,0,4,0,4,0,25,4,8,16,0,18,23,8,0,0,0,4,0,4,0,25,4,8,16,0,0,0,14,0,0,0,0,0,1,0,0,0,11,0,0,0,0,0,0,2,0
533,L25129,LStatements$UnitLocateStatement,mindustry.logic.LStatements$UnitLocateStatement,L24747,L103,C:\Users\domco\Desktop\DP\repos\Mindustry\core\src\mindustry\logic\LStatements.java,945,5,1052,6,0.0,0,0,0,0.0,0.0,0,0,2,1,1,8,9,0,0,4,8,0.0,0.0,0,0,0,4,0.0,0,1,1,0,0,1,44,108,9,0,8,0,4,8,3,0,21,19,9,11,0,44,108,9,0,8,0,4,8,3,0,21,19,9,11,0,0,0,17,0,0,0,0,0,1,0,0,0,11,0,0,0,0,0,0,5,0
534,L25266,BlendFilter,mindustry.maps.filters.BlendFilter,L25247,L103,C:\Users\domco\Desktop\DP\repos\Mindustry\core\src\mindustry\maps\filters\BlendFilter.java,9,1,61,2,0.0,0,0,0,0.0,0.0,0,0,4,3,3,18,8,0,0,5,9,0.0,0.0,0,0,0,5,0.0,0,1,1,0,0,1,45,53,5,0,4,0,4,0,4,0,19,23,1,13,0,45,53,5,0,4,0,4,0,4,0,19,23,1,13,0,0,0,15,0,5,1,0,4,1,1,0,0,11,0,0,0,0,0,0,2,0
535,L25301,ClearFilter,mindustry.maps.filters.ClearFilter,L25247,L103,C:\Users\domco\Desktop\DP\repos\Mindustry\core\src\mindustry\maps\filters\ClearFilter.java,9,1,46,2,0.0,0,0,0,0.0,0.0,0,0,3,4,3,11,6,0,0,2,5,0.0,0.0571429,2,0,0,4,0.0571429,2,1,1,0,0,1,33,38,3,0,2,0,3,0,3,0,18,12,1,12,0,33,38,3,0,2,0,3,0,3,0,18,12,1,12,0,0,0,12,0,0,0,0,0,1,0,0,0,9,0,0,0,0,0,0,2,0
536,L25311,CoreSpawnFilter,mindustry.maps.filters.CoreSpawnFilter,L25247,L103,C:\Users\domco\Desktop\DP\repos\Mindustry\core\src\mindustry\maps\filters\CoreSpawnFilter.java,11,1,47,2,0.0,0,0,0,0.0,0.0,0,0,4,2,2,9,9,0,0,5,9,0.2,0.09375,3,1,1,4,0.09375,3,1,1,0,0,1,29,37,2,0,1,0,4,0,4,0,19,13,1,13,0,29,37,2,0,1,0,4,0,4,0,19,13,1,13,0,0,0,12,0,1,0,0,1,1,0,0,0,9,0,0,0,0,0,0,2,0
537,L25324,DistortFilter,mindustry.maps.filters.DistortFilter,L25247,L103,C:\Users\domco\Desktop\DP\repos\Mindustry\core\src\mindustry\maps\filters\DistortFilter.java,7,1,36,2,0.0,0,0,0,0.0,0.0,0,0,4,1,1,6,6,0,0,7,11,0.0,0.0,0,0,0,5,0.0,0,1,1,0,0,1,25,30,3,0,2,0,4,0,4,0,19,8,1,13,0,25,30,3,0,2,0,4,0,4,0,19,8,1,13,0,0,0,14,0,3,1,0,2,1,0,0,0,11,0,0,0,0,0,0,2,0
538,L25339,EnemySpawnFilter,mindustry.maps.filters.EnemySpawnFilter,L25247,L103,C:\Users\domco\Desktop\DP\repos\Mindustry\core\src\mindustry\maps\filters\EnemySpawnFilter.java,10,1,47,2,0.0,0,0,0,0.0,0.0,0,0,4,2,2,7,7,0,0,4,8,0.2,0.030303,1,1,1,4,0.030303,1,1,1,0,0,1,32,38,2,0,1,0,4,0,4,0,19,14,1,13,0,32,38,2,0,1,0,4,0,4,0,19,14,1,13,0,0,0,14,0,1,0,0,1,1,0,0,0,11,0,0,0,0,0,0,2,0
539,L25275,FilterOption,mindustry.maps.filters.FilterOption,L25247,L103,C:\Users\domco\Desktop\DP\repos\Mindustry\core\src\mindustry\maps\filters\FilterOption.java,22,1,148,2,0.0,0,0,0,0.0,0.0,0,0,0,0,0,1,0,19,0,0,1,0.0,0.0,0,0,0,2,0.0,0,0,0,3,3,0,12,17,9,0,9,0,1,9,1,0,1,0,9,1,0,94,127,23,0,23,0,9,9,5,0,9,39,9,5,0,0,0,45,1,18,1,0,15,0,0,0,0,30,0,3,0,0,0,0,15,0
540,L11949,GenerateFilter,mindustry.maps.filters.GenerateFilter,L25247,L103,C:\Users\domco\Desktop\DP\repos\Mindustry\core\src\mindustry\maps\filters\GenerateFilter.java,14,1,164,2,0.0,0,0,0,0.0,0.0,0,0,6,3,3,29,10,19,9,12,28,0.636364,0.117647,10,8,7,4,0.113043,13,0,0,15,23,0,75,115,1,0,1,0,16,1,10,0,16,43,1,10,0,102,151,12,0,12,0,20,8,13,0,20,52,8,13,0,0,1,52,2,12,4,0,7,2,1,1,0,36,2,1,1,0,1,0,11,0
541,L25508,MedianFilter,mindustry.maps.filters.MedianFilter,L25247,L103,C:\Users\domco\Desktop\DP\repos\Mindustry\core\src\mindustry\maps\filters\MedianFilter.java,11,1,59,2,0.0,0,0,0,0.0,0.0,0,0,4,3,3,9,9,0,0,5,9,0.0,0.0,0,0,0,5,0.0,0,1,1,0,0,1,40,49,5,0,4,0,4,0,4,0,19,25,1,13,0,40,49,5,0,4,0,4,0,4,0,19,25,1,13,0,0,0,14,0,6,2,0,4,1,0,0,0,11,0,0,0,0,0,0,2,0
542,L25523,MirrorFilter,mindustry.maps.filters.MirrorFilter,L25247,L103,C:\Users\domco\Desktop\DP\repos\Mindustry\core\src\mindustry\maps\filters\MirrorFilter.java,14,1,95,2,0.0,0,0,0,0.0,0.0,0,0,3,2,2,11,8,0,0,6,12,0.0,0.015625,1,0,0,5,0.015625,1,1,1,0,0,1,63,82,6,0,5,0,6,0,4,0,21,34,1,13,0,63,82,6,0,5,0,6,0,4,0,21,34,1,13,0,0,0,19,0,6,1,0,4,1,0,0,0,15,0,0,0,0,1,0,3,0
543,L25558,NoiseFilter,mindustry.maps.filters.NoiseFilter,L25247,L103,C:\Users\domco\Desktop\DP\repos\Mindustry\core\src\mindustry\maps\filters\NoiseFilter.java,9,1,40,2,0.0,0,0,0,0.0,0.0,0,0,3,2,2,10,7,0,0,1,4,0.0,0.0,0,0,0,4,0.0,0,1,1,0,0,1,28,32,8,0,7,0,3,0,3,0,18,8,1,12,0,28,32,8,0,7,0,3,0,3,0,18,8,1,12,0,0,0,13,0,6,2,0,4,1,0,0,0,9,0,0,0,0,0,0,3,0
544,L25581,OreFilter,mindustry.maps.filters.OreFilter,L25247,L103,C:\Users\domco\Desktop\DP\repos\Mindustry\core\src\mindustry\maps\filters\OreFilter.java,9,1,38,2,0.0,0,0,0,0.0,0.0,0,0,3,1,1,9,8,1,0,3,6,0.0,0.0,0,0,0,4,0.0,0,1,1,0,0,1,26,30,7,0,6,0,3,6,3,0,18,5,7,12,0,26,30,7,0,6,0,3,6,3,0,18,5,7,12,0,0,0,15,0,2,2,0,0,1,0,0,0,9,0,0,0,0,0,0,5,0
545,L25601,OreMedianFilter,mindustry.maps.filters.OreMedianFilter,L25247,L103,C:\Users\domco\Desktop\DP\repos\Mindustry\core\src\mindustry\maps\filters\OreMedianFilter.java,11,1,68,2,0.0,0,0,0,0.0,0.0,0,0,4,3,3,18,10,0,0,5,9,0.0,0.0,0,0,0,5,0.0,0,1,1,0,0,1,46,58,4,0,3,0,4,2,4,0,19,27,3,13,0,46,58,4,0,3,0,4,2,4,0,19,27,3,13,0,0,0,17,0,5,0,0,3,1,1,0,2,11,0,0,0,0,0,0,4,0
546,L25614,RandomItemFilter,mindustry.maps.filters.RandomItemFilter,L25247,L103,C:\Users\domco\Desktop\DP\repos\Mindustry\core\src\mindustry\maps\filters\RandomItemFilter.java,9,1,35,2,0.0,0,0,0,0.0,0.0,0,0,3,4,4,8,9,0,0,1,4,0.0,0.0,0,0,0,4,0.0,0,1,1,0,0,1,24,27,3,0,2,0,3,2,3,0,18,7,3,12,0,24,27,3,0,2,0,3,2,3,0,18,7,3,12,0,0,0,16,0,0,0,0,0,1,2,0,0,9,0,0,0,0,0,0,4,0
547,L25625,RiverNoiseFilter,mindustry.maps.filters.RiverNoiseFilter,L25247,L103,C:\Users\domco\Desktop\DP\repos\Mindustry\core\src\mindustry\maps\filters\RiverNoiseFilter.java,9,1,49,2,0.0,0,0,0,0.0,0.0,0,0,3,2,2,9,7,0,0,1,4,0.0,0.0,0,0,0,4,0.0,0,1,1,0,0,1,35,41,10,0,9,0,3,0,3,0,18,9,1,12,0,35,41,10,0,9,0,3,0,3,0,18,9,1,12,0,0,0,14,0,5,2,0,2,1,0,0,0,9,0,0,0,0,1,0,4,0
548,L25652,ScatterFilter,mindustry.maps.filters.ScatterFilter,L25247,L103,C:\Users\domco\Desktop\DP\repos\Mindustry\core\src\mindustry\maps\filters\ScatterFilter.java,9,1,43,2,0.0,0,0,0,0.0,0.0,0,0,3,2,2,13,7,9,0,2,5,0.0,0.0,0,0,0,4,0.0,0,1,1,8,8,1,30,35,5,0,4,0,3,0,3,0,18,8,1,12,0,30,35,5,0,4,0,3,0,3,0,18,8,1,12,0,0,0,13,0,1,1,0,0,1,1,0,0,9,0,0,0,0,0,0,2,0
549,L25668,SpawnPathFilter,mindustry.maps.filters.SpawnPathFilter,L25247,L103,C:\Users\domco\Desktop\DP\repos\Mindustry\core\src\mindustry\maps\filters\SpawnPathFilter.java,17,1,70,2,0.0,0,0,0,0.0,0.0,0,0,4,7,7,16,13,0,0,9,13,0.2,0.0204082,1,1,1,4,0.0204082,1,1,1,0,0,1,48,54,2,0,1,0,4,0,4,0,19,26,1,13,0,48,54,2,0,1,0,4,0,4,0,19,26,1,13,0,0,0,20,0,2,1,0,1,1,5,1,0,11,0,0,0,0,0,0,2,0
550,L25679,TerrainFilter,mindustry.maps.filters.TerrainFilter,L25247,L103,C:\Users\domco\Desktop\DP\repos\Mindustry\core\src\mindustry\maps\filters\TerrainFilter.java,10,1,45,2,0.0,0,0,0,0.0,0.0,0,0,3,1,1,5,7,0,0,1,4,0.0,0.0,0,0,0,4,0.0,0,1,1,0,0,1,31,36,9,0,8,0,3,0,3,0,18,7,1,12,0,31,36,9,0,8,0,3,0,3,0,18,7,1,12,0,0,0,13,0,4,2,0,2,1,0,0,0,9,0,0,0,0,0,0,3,0
551,L25708,BaseGenerator,mindustry.maps.generators.BaseGenerator,L25701,L103,C:\Users\domco\Desktop\DP\repos\Mindustry\core\src\mindustry\maps\generators\BaseGenerator.java,25,1,285,2,0.0,0,0,0,0.0,0.0,0,0,3,4,4,41,20,2,3,17,26,0.333333,0.136054,20,8,2,4,0.136054,20,0,0,0,0,0,127,261,5,1,5,1,9,0,5,0,9,90,0,5,0,127,261,5,1,5,1,9,0,5,0,9,90,0,5,0,0,0,27,0,0,0,0,0,1,4,1,0,19,0,0,0,0,0,0,2,0
552,L25763,BasicGenerator,mindustry.maps.generators.BasicGenerator,L25701,L103,C:\Users\domco\Desktop\DP\repos\Mindustry\core\src\mindustry\maps\generators\BasicGenerator.java,16,1,308,2,0.0640394,1,2,2,0.0887372,0.0493827,26,8,4,4,4,47,12,3,4,15,39,0.0,0.0121951,2,1,0,21,0.0121951,2,1,1,1,2,1,162,293,9,0,9,0,24,0,20,0,25,94,0,21,0,162,293,9,0,9,0,24,0,20,0,25,94,0,21,0,0,0,76,1,14,9,13,5,1,2,1,0,51,1,0,0,0,0,0,8,0
553,L25880,FileMapGenerator,mindustry.maps.generators.FileMapGenerator,L25701,L103,C:\Users\domco\Desktop\DP\repos\Mindustry\core\src\mindustry\maps\generators\FileMapGenerator.java,15,1,84,2,0.0,0,0,0,0.0,0.0,0,0,1,4,4,20,18,1,1,10,14,0.2,0.0188679,1,1,1,4,0.0188679,1,1,1,0,0,1,52,70,2,0,2,0,4,2,4,0,5,30,2,5,0,52,70,2,0,2,0,4,2,4,0,5,30,2,5,0,0,0,17,1,2,1,0,1,0,3,1,1,9,0,0,0,0,0,0,4,0
554,L25902,PlanetGenerator,mindustry.maps.generators.PlanetGenerator,L25701,L103,C:\Users\domco\Desktop\DP\repos\Mindustry\core\src\mindustry\maps\generators\PlanetGenerator.java,18,1,147,2,0.0,0,0,0,0.0,0.0,0,0,4,3,3,37,21,4,3,10,17,0.333333,0.0707071,7,2,2,4,0.0707071,7,2,3,1,1,2,92,130,11,4,2,2,7,0,5,0,34,62,0,29,0,92,130,11,4,2,2,7,0,5,0,34,62,0,29,0,0,0,20,1,4,0,0,4,1,1,1,0,15,1,0,1,0,0,0,1,0
555,L26058,MapPreviewLoader$MapPreviewParameter,mindustry.maps.MapPreviewLoader$MapPreviewParameter,L3814,L103,C:\Users\domco\Desktop\DP\repos\Mindustry\core\src\mindustry\maps\MapPreviewLoader.java,50,5,56,6,0.0,0,0,0,0.0,0.0,0,0,0,0,0,1,1,2,1,0,1,0.0,0.0,0,0,0,2,0.0,0,0,0,0,0,0,6,7,1,0,1,0,1,1,1,0,1,1,1,1,0,6,7,1,0,1,0,1,1,1,0,1,1,1,1,0,0,0,9,0,0,0,0,0,0,0,0,0,5,0,0,0,0,0,0,4,0
556,L7649,SerpuloPlanetGenerator,mindustry.maps.planet.SerpuloPlanetGenerator,L26256,L103,C:\Users\domco\Desktop\DP\repos\Mindustry\core\src\mindustry\maps\planet\SerpuloPlanetGenerator.java,21,1,661,2,0.0,0,0,0,0.0,0.0,0,0,2,5,4,68,26,1,0,33,42,0.0,0.095679,31,1,0,6,0.0933333,35,3,4,0,0,1,293,559,21,5,10,3,9,1,5,0,40,204,1,31,0,340,641,25,5,14,3,14,1,5,0,45,238,1,31,0,0,0,56,0,38,11,0,23,1,4,2,2,34,0,0,0,0,2,0,15,0
557,L26916,ContentParser$1,mindustry.mod.ContentParser$1,L26902,L103,C:\Users\domco\Desktop\DP\repos\Mindustry\core\src\mindustry\mod\ContentParser.java,54,70,170,7,0.0,0,0,0,0.0,0.0,0,0,0,0,0,0,13,0,0,0,0,0.0,0.0,0,0,0,1,0.0,0,0,0,0,0,0,27,117,0,0,0,0,0,0,0,0,0,0,0,0,0,27,117,0,0,0,0,0,0,0,0,0,0,0,0,0,0,0,4,0,0,0,0,0,0,0,1,0,3,0,0,0,0,0,0,0,0
558,L26925,ContentParser$2,mindustry.mod.ContentParser$2,L26902,L103,C:\Users\domco\Desktop\DP\repos\Mindustry\core\src\mindustry\mod\ContentParser.java,180,37,244,6,0.0,0,0,0,0.0,0.0,0,0,2,4,4,25,9,1,1,0,2,0.0,0.0535714,3,0,0,2,0.0535714,3,0,0,0,0,0,53,65,0,0,0,0,2,0,1,0,2,38,0,1,0,53,65,0,0,0,0,2,0,1,0,2,38,0,1,0,0,0,11,0,0,0,0,0,1,3,0,0,7,0,0,0,0,0,0,0,0
559,L27160,ContentParser$UnitReq,mindustry.mod.ContentParser$UnitReq,L26902,L103,C:\Users\domco\Desktop\DP\repos\Mindustry\core\src\mindustry\mod\ContentParser.java,823,5,829,6,0.0,0,0,0,0.0,0.0,0,0,0,0,0,0,3,0,0,0,0,1.0,0.125,1,1,1,0,0.125,1,0,0,0,0,0,7,7,4,0,4,0,0,4,0,0,0,0,4,0,0,7,7,4,0,4,0,0,4,0,0,0,0,4,0,0,0,0,6,0,0,0,0,0,0,0,0,0,2,0,0,0,0,0,0,4,0
560,L27196,ModClassLoader$1,mindustry.mod.ModClassLoader$1,L27187,L103,C:\Users\domco\Desktop\DP\repos\Mindustry\core\src\mindustry\mod\ModClassLoader.java,7,63,12,6,0.0,0,0,0,0.0,0.0,0,0,1,0,0,1,0,0,0,0,1,0.0,0.0,0,0,0,1,0.0,0,0,0,0,0,0,6,6,0,0,0,0,1,0,0,0,1,1,0,0,0,6,6,0,0,0,0,1,0,0,0,1,1,0,0,0,0,0,5,0,0,0,0,0,0,0,0,0,5,0,0,0,0,0,0,0,0
561,L9618,Mods$LoadedMod,mindustry.mod.Mods$LoadedMod,L3835,L103,C:\Users\domco\Desktop\DP\repos\Mindustry\core\src\mindustry\mod\Mods.java,925,5,1078,6,0.0,0,0,0,0.0,0.0,0,0,6,1,1,28,7,16,8,3,25,0.173913,0.130769,17,16,4,19,0.130769,17,1,1,0,0,1,113,154,12,3,12,3,22,12,22,1,24,37,12,24,1,113,154,12,3,12,3,22,12,22,1,24,37,12,24,1,0,0,52,0,0,0,0,0,1,0,0,0,43,0,0,0,0,0,0,8,0
562,L27255,Mods$ModMeta,mindustry.mod.Mods$ModMeta,L3835,L103,C:\Users\domco\Desktop\DP\repos\Mindustry\core\src\mindustry\mod\Mods.java,1081,5,1118,6,0.0,0,0,0,0.0,0.0,0,0,1,1,1,10,0,5,6,0,4,0.4,0.114286,4,4,2,3,0.114286,4,0,0,0,0,0,31,38,11,1,11,1,4,11,4,0,4,11,11,4,0,31,38,11,1,11,1,4,11,4,0,4,11,11,4,0,0,0,17,0,0,0,0,0,0,0,0,0,11,0,0,0,0,0,0,6,0
563,L27501,Mods$ModLoadException,mindustry.mod.Mods$ModLoadException,L3835,L103,C:\Users\domco\Desktop\DP\repos\Mindustry\core\src\mindustry\mod\Mods.java,1120,5,1124,6,0.0,0,0,0,0.0,0.0,0,0,0,0,0,1,0,1,1,0,1,0.0,0.0,0,0,0,2,0.0,0,0,0,0,0,0,5,5,0,0,0,0,1,0,1,0,1,1,0,1,0,5,5,0,0,0,0,1,0,1,0,1,1,0,1,0,0,0,5,0,0,0,0,0,0,0,0,0,5,0,0,0,0,0,0,0,0
564,L27612,Scripts$ScriptModuleProvider,mindustry.mod.Scripts$ScriptModuleProvider,L10908,L103,C:\Users\domco\Desktop\DP\repos\Mindustry\core\src\mindustry\mod\Scripts.java,165,5,199,6,0.0,0,0,0,0.0,0.0,0,0,1,3,3,9,4,1,1,1,4,0.0,0.0625,2,0,0,3,0.0625,2,0,0,0,0,0,30,35,1,0,1,0,3,0,2,0,3,19,0,2,0,30,35,1,0,1,0,3,0,2,0,3,19,0,2,0,0,0,9,0,0,0,0,0,0,0,0,0,9,0,0,0,0,0,0,0,0
565,L10756,Administration$PlayerInfo,mindustry.net.Administration$PlayerInfo,L10521,L103,C:\Users\domco\Desktop\DP\repos\Mindustry\core\src\mindustry\net\Administration.java,548,5,575,6,0.0,0,0,0,0.0,0.0,0,0,1,0,0,3,0,5,1,0,3,0.0,0.04,1,0,0,3,0.04,1,0,0,0,0,0,24,28,17,0,17,0,3,17,2,0,3,2,17,2,0,24,28,17,0,17,0,3,17,2,0,3,2,17,2,0,0,0,16,0,4,3,0,0,0,0,0,0,9,1,0,0,0,0,0,7,0
566,L10373,Administration$TraceInfo,mindustry.net.Administration$TraceInfo,L10521,L103,C:\Users\domco\Desktop\DP\repos\Mindustry\core\src\mindustry\net\Administration.java,589,5,602,6,0.0,0,0,0,0.0,0.0,0,0,0,0,0,1,0,4,2,0,1,0.0,0.0,0,0,0,2,0.0,0,0,0,0,0,0,13,14,6,0,6,0,1,6,1,0,1,6,6,1,0,13,14,6,0,6,0,1,6,1,0,1,6,6,1,0,0,0,11,0,3,3,0,0,0,0,0,0,5,0,0,0,0,0,0,6,0
567,L27805,Administration$PlayerAction,mindustry.net.Administration$PlayerAction,L10521,L103,C:\Users\domco\Desktop\DP\repos\Mindustry\core\src\mindustry\net\Administration.java,606,5,654,6,0.0,0,0,0,0.0,0.0,0,0,1,0,0,3,4,2,0,0,3,0.25,0.162791,7,7,1,3,0.162791,7,0,0,0,0,0,36,49,10,0,10,0,3,10,3,0,3,17,10,3,0,36,49,10,0,10,0,3,10,3,0,3,17,10,3,0,0,0,15,0,0,0,0,0,0,0,0,0,9,0,0,0,0,0,0,6,0
568,L28066,ArcNetProvider$ArcConnection,mindustry.net.ArcNetProvider$ArcConnection,L10901,L103,C:\Users\domco\Desktop\DP\repos\Mindustry\core\src\mindustry\net\ArcNetProvider.java,281,5,341,6,0.0,0,0,0,0.0,0.0,0,0,1,2,2,9,3,3,1,2,7,0.0,0.0,0,0,0,6,0.037037,2,1,1,0,0,1,36,42,21,0,1,0,5,1,5,0,13,16,21,12,0,52,61,22,0,2,0,7,1,5,0,15,25,21,12,0,0,0,25,0,0,0,0,0,0,0,0,0,20,0,0,0,0,0,0,5,0
569,L28077,ArcNetProvider$PacketSerializer,mindustry.net.ArcNetProvider$PacketSerializer,L10901,L103,C:\Users\domco\Desktop\DP\repos\Mindustry\core\src\mindustry\net\ArcNetProvider.java,343,5,495,6,0.0,0,0,0,0.0,0.0,0,0,1,5,2,27,4,3,2,3,7,0.0,0.115108,16,2,0,5,0.115108,16,0,0,0,0,0,123,153,11,0,11,0,4,0,4,0,4,104,0,4,0,123,153,11,0,11,0,4,0,4,0,4,104,0,4,0,0,0,13,0,0,0,0,0,0,0,0,0,11,0,0,0,0,0,0,2,0
570,L10253,Packets$Connect,mindustry.net.Packets$Connect,L28779,L103,C:\Users\domco\Desktop\DP\repos\Mindustry\core\src\mindustry\net\Packets.java,47,5,54,6,0.0,0,0,0,0.0,0.0,0,0,0,0,0,1,1,5,0,0,1,0.5,0.125,1,1,1,1,0.125,1,1,1,0,0,1,7,8,7,2,1,1,1,1,1,0,8,1,4,8,0,7,8,7,2,1,1,1,1,1,0,8,1,4,8,0,0,0,9,0,0,0,0,0,0,0,0,0,5,0,0,0,0,0,0,4,0
571,L10256,Packets$Disconnect,mindustry.net.Packets$Disconnect,L28779,L103,C:\Users\domco\Desktop\DP\repos\Mindustry\core\src\mindustry\net\Packets.java,57,5,64,6,0.0,0,0,0,0.0,0.0,0,0,0,0,0,1,1,5,0,0,1,0.5,0.125,1,1,1,1,0.125,1,1,1,0,0,1,7,8,7,2,1,1,1,1,1,0,8,1,4,8,0,7,8,7,2,1,1,1,1,1,0,8,1,4,8,0,0,0,9,0,0,0,0,0,0,0,0,0,5,0,0,0,0,0,0,4,0
572,L10259,Packets$WorldStream,mindustry.net.Packets$WorldStream,L28779,L103,C:\Users\domco\Desktop\DP\repos\Mindustry\core\src\mindustry\net\Packets.java,66,5,68,6,0.0,0,0,0,0.0,0.0,0,0,0,0,0,0,1,2,0,0,0,0.0,0.0,0,0,0,1,0.0,0,2,2,0,0,1,2,3,7,2,0,0,0,0,0,0,8,0,4,8,0,2,3,7,2,0,0,0,0,0,0,8,0,4,8,0,0,0,5,0,0,0,0,0,0,0,0,0,3,0,0,0,0,0,0,2,0
573,L28222,Packets$StreamBegin,mindustry.net.Packets$StreamBegin,L28779,L103,C:\Users\domco\Desktop\DP\repos\Mindustry\core\src\mindustry\net\Packets.java,71,5,91,6,0.0,0,0,0,0.0,0.0,0,0,1,0,0,2,1,4,0,0,2,0.333333,0.0526316,1,1,1,2,0.0526316,1,1,1,0,0,1,18,21,10,1,4,0,2,3,2,0,9,6,6,9,0,18,21,10,1,4,0,2,3,2,0,9,6,6,9,0,0,0,11,0,0,0,0,0,0,0,0,0,7,0,0,0,0,0,0,4,0
574,L28240,Packets$StreamChunk,mindustry.net.Packets$StreamChunk,L28779,L103,C:\Users\domco\Desktop\DP\repos\Mindustry\core\src\mindustry\net\Packets.java,93,5,109,6,0.0,0,0,0,0.0,0.0,0,0,1,0,0,2,1,5,0,0,2,0.0,0.0,0,0,0,3,0.0,0,1,1,0,0,1,15,17,8,1,2,0,2,2,2,0,9,5,5,9,0,15,17,8,1,2,0,2,2,2,0,9,5,5,9,0,0,0,11,0,0,0,0,0,0,0,0,0,7,0,0,0,0,0,0,4,0
575,L10553,Packets$ConnectPacket,mindustry.net.Packets$ConnectPacket,L28779,L103,C:\Users\domco\Desktop\DP\repos\Mindustry\core\src\mindustry\net\Packets.java,111,5,158,6,0.0,0,0,0,0.0,0.0,0,0,1,1,1,5,3,3,1,2,4,0.0,0.0,0,0,0,3,0.0,0,1,1,0,0,1,44,48,15,1,9,0,2,9,2,0,9,32,12,9,0,44,48,15,1,9,0,2,9,2,0,9,32,12,9,0,0,0,13,0,1,1,0,0,0,0,0,0,7,0,0,0,0,0,0,6,0
576,L28469,Streamable$StreamBuilder,mindustry.net.Streamable$StreamBuilder,L28216,L103,C:\Users\domco\Desktop\DP\repos\Mindustry\core\src\mindustry\net\Streamable.java,15,5,48,6,0.0,0,0,0,0.0,0.0,0,0,1,1,1,6,3,1,1,1,6,0.0,0.0,0,0,0,6,0.0,0,0,0,0,0,0,29,34,4,0,4,0,5,4,5,0,5,11,4,5,0,29,34,4,0,4,0,5,4,5,0,5,11,4,5,0,0,0,17,1,0,0,0,0,0,0,0,1,13,0,0,0,0,0,0,4,0
577,L8206,ItemAmmoType,mindustry.type.ammo.ItemAmmoType,L29146,L103,C:\Users\domco\Desktop\DP\repos\Mindustry\core\src\mindustry\type\ammo\ItemAmmoType.java,10,1,57,2,0.0,0,0,0,0.0,0.0,0,0,2,1,1,9,7,1,0,3,10,0.0,0.0263158,1,0,0,8,0.0263158,1,1,1,0,0,1,37,48,3,0,3,0,7,3,7,0,7,14,3,7,0,37,48,3,0,3,0,7,3,7,0,7,14,3,7,0,0,0,22,0,2,0,0,1,1,0,0,0,17,1,0,0,0,0,0,4,0
578,L8358,PowerAmmoType,mindustry.type.ammo.PowerAmmoType,L29146,L103,C:\Users\domco\Desktop\DP\repos\Mindustry\core\src\mindustry\type\ammo\PowerAmmoType.java,10,1,58,2,0.0,0,0,0,0.0,0.0,0,0,4,2,2,8,5,1,0,2,8,0.0,0.0,0,0,0,7,0.0,0,1,1,0,0,1,38,49,2,0,2,0,6,2,6,0,6,16,2,6,0,38,49,2,0,2,0,6,2,6,0,6,16,2,6,0,0,0,20,0,2,0,0,0,1,0,0,0,15,1,0,0,0,1,0,4,0
579,L26476,Sector$SectorRect,mindustry.type.Sector$SectorRect,L9892,L103,C:\Users\domco\Desktop\DP\repos\Mindustry\core\src\mindustry\type\Sector.java,244,5,263,6,0.0,0,0,0,0.0,0.0,0,0,1,0,0,2,0,5,4,0,2,0.333333,0.111111,2,2,1,2,0.111111,2,0,0,0,0,0,16,20,6,0,6,0,2,6,2,0,2,8,6,2,0,16,20,6,0,6,0,2,6,2,0,2,8,6,2,0,0,0,10,0,3,3,0,0,0,0,0,0,5,0,0,0,0,0,0,5,0
580,L9233,PointDefenseWeapon,mindustry.type.weapons.PointDefenseWeapon,L30163,L103,C:\Users\domco\Desktop\DP\repos\Mindustry\core\src\mindustry\type\weapons\PointDefenseWeapon.java,18,1,62,2,0.0,0,0,0,0.0,0.0,0,0,2,1,1,11,4,1,0,5,10,0.333333,0.139535,6,6,1,2,0.139535,6,1,1,2,2,1,37,45,55,0,2,0,5,2,2,0,18,14,54,11,0,37,45,55,0,2,0,5,2,2,0,18,14,54,11,0,0,0,22,0,0,0,0,0,1,0,0,0,13,0,0,0,0,0,0,8,0
581,L8502,RepairBeamWeapon,mindustry.type.weapons.RepairBeamWeapon,L30163,L103,C:\Users\domco\Desktop\DP\repos\Mindustry\core\src\mindustry\type\weapons\RepairBeamWeapon.java,21,1,129,2,0.0,0,0,0,0.0,0.0,0,0,6,1,1,19,9,1,0,10,20,0.125,0.0722892,6,4,1,7,0.0666667,6,1,1,3,3,1,77,101,64,0,11,0,10,11,7,0,23,30,63,16,0,84,109,82,0,14,0,11,14,8,0,25,31,81,18,0,0,0,42,0,0,0,0,0,1,0,0,0,26,0,0,0,0,0,0,15,0
582,L10131,Weather$WeatherEntry,mindustry.type.Weather$WeatherEntry,L9471,L103,C:\Users\domco\Desktop\DP\repos\Mindustry\core\src\mindustry\type\Weather.java,281,5,312,6,0.0,0,0,0,0.0,0.0,0,0,0,0,0,3,1,3,1,0,3,0.5,0.285714,8,7,2,2,0.285714,8,0,0,0,0,0,20,32,8,0,8,0,3,8,3,0,3,7,8,3,0,20,32,8,0,8,0,3,8,3,0,3,7,8,3,0,0,0,8,0,4,1,0,0,0,0,0,1,3,1,0,0,0,1,0,5,0
583,L30393,Weather$WeatherStateComp,mindustry.type.Weather$WeatherStateComp,L9471,L103,C:\Users\domco\Desktop\DP\repos\Mindustry\core\src\mindustry\type\Weather.java,314,5,361,6,0.0,0,0,0,0.0,0.0,0,0,2,1,1,8,6,0,0,3,6,0.0,0.0,0,0,0,3,0.0,0,0,0,0,0,0,34,48,7,0,7,0,3,0,2,0,3,12,0,2,0,34,48,7,0,7,0,3,0,2,0,3,12,0,2,0,0,0,11,0,6,1,0,4,1,0,0,0,9,0,0,0,0,1,0,1,0
584,L26485,MagneticStorm,mindustry.type.weather.MagneticStorm,L30413,L103,C:\Users\domco\Desktop\DP\repos\Mindustry\core\src\mindustry\type\weather\MagneticStorm.java,6,1,11,2,0.0,0,0,0,0.0,0.0,0,0,0,0,0,1,1,1,0,1,2,0.5,0.166667,1,1,1,1,0.166667,1,4,4,0,0,1,5,6,29,2,0,0,1,0,1,0,53,1,28,53,1,5,6,29,2,0,0,1,0,1,0,53,1,28,53,1,0,0,10,0,0,0,0,0,0,0,0,0,5,0,0,0,0,0,0,5,0
585,L9481,ParticleWeather,mindustry.type.weather.ParticleWeather,L30413,L103,C:\Users\domco\Desktop\DP\repos\Mindustry\core\src\mindustry\type\weather\ParticleWeather.java,11,1,89,2,0.0,0,0,0,0.0,0.0,0,0,2,2,2,14,2,7,0,4,8,0.0,0.0149254,1,0,0,5,0.0149254,1,4,4,5,5,1,66,79,59,2,30,0,4,30,4,0,56,40,58,56,1,66,79,59,2,30,0,4,30,4,0,56,40,58,56,1,0,0,21,0,12,7,0,0,1,0,0,1,11,0,0,0,0,4,0,9,0
586,L9514,RainWeather,mindustry.type.weather.RainWeather,L30413,L103,C:\Users\domco\Desktop\DP\repos\Mindustry\core\src\mindustry\type\weather\RainWeather.java,10,1,38,2,0.0,0,0,0,0.0,0.0,0,0,1,1,1,5,3,3,0,4,8,0.0,0.0,0,0,0,5,0.0,0,4,4,1,1,1,24,29,40,2,11,0,4,11,4,0,56,8,39,56,1,24,29,40,2,11,0,4,11,4,0,56,8,39,56,1,0,0,20,0,2,1,0,0,0,0,0,1,11,0,0,0,0,0,0,9,0
587,L26488,SolarFlare,mindustry.type.weather.SolarFlare,L30413,L103,C:\Users\domco\Desktop\DP\repos\Mindustry\core\src\mindustry\type\weather\SolarFlare.java,6,1,11,2,0.0,0,0,0,0.0,0.0,0,0,0,0,0,1,1,1,0,1,2,0.5,0.166667,1,1,1,1,0.166667,1,4,4,0,0,1,5,6,29,2,0,0,1,0,1,0,53,1,28,53,1,5,6,29,2,0,0,1,0,1,0,53,1,28,53,1,0,0,10,0,0,0,0,0,0,0,0,0,5,0,0,0,0,0,0,5,0
588,L11282,AboutDialog,mindustry.ui.dialogs.AboutDialog,L30594,L103,C:\Users\domco\Desktop\DP\repos\Mindustry\core\src\mindustry\ui\dialogs\AboutDialog.java,17,1,118,2,0.0,0,0,0,0.0,0.0,0,0,1,2,2,13,5,1,1,4,7,0.0,0.0,0,0,0,3,0.0,0,1,1,0,0,1,59,94,4,0,2,0,3,0,2,0,8,38,0,6,0,67,102,4,0,2,0,3,0,2,0,8,38,0,6,0,0,2,12,0,5,1,0,4,0,0,0,0,12,0,2,0,0,0,0,0,0
589,L11334,AdminsDialog,mindustry.ui.dialogs.AdminsDialog,L30594,L103,C:\Users\domco\Desktop\DP\repos\Mindustry\core\src\mindustry\ui\dialogs\AdminsDialog.java,10,1,59,2,0.56962,2,3,2,0.54,0.448276,27,13,1,1,1,4,5,1,1,3,5,0.0,0.0,0,0,0,2,0.0,0,1,1,0,0,1,29,50,2,0,0,0,2,0,1,0,7,21,0,5,0,29,50,2,0,0,0,2,0,1,0,7,21,0,5,0,0,0,19,0,1,1,12,0,0,0,0,0,7,0,0,0,0,0,0,0,0
590,L11330,BansDialog,mindustry.ui.dialogs.BansDialog,L30594,L103,C:\Users\domco\Desktop\DP\repos\Mindustry\core\src\mindustry\ui\dialogs\BansDialog.java,10,1,55,2,0.548781,2,3,2,0.478261,0.448276,22,13,1,1,1,4,5,1,1,3,5,0.0,0.0,0,0,0,2,0.0,0,1,1,0,0,1,29,46,2,0,0,0,2,0,1,0,7,21,0,5,0,29,46,2,0,0,0,2,0,1,0,7,21,0,5,0,0,0,19,0,1,1,12,0,0,0,0,0,7,0,0,0,0,0,0,0,0
591,L11633,BaseDialog,mindustry.ui.dialogs.BaseDialog,L30594,L103,C:\Users\domco\Desktop\DP\repos\Mindustry\core\src\mindustry\ui\dialogs\BaseDialog.java,13,1,66,2,0.0,0,0,0,0.0,0.0,0,0,2,0,0,5,2,36,58,0,5,0.0,0.0,0,0,0,5,0.0,0,0,0,33,34,0,32,54,2,0,2,0,5,0,4,0,5,13,0,4,0,32,54,2,0,2,0,5,0,4,0,5,13,0,4,0,0,0,15,0,1,0,0,0,1,0,0,1,13,0,0,1,0,0,0,0,0
592,L11364,ColorPicker,mindustry.ui.dialogs.ColorPicker,L30594,L103,C:\Users\domco\Desktop\DP\repos\Mindustry\core\src\mindustry\ui\dialogs\ColorPicker.java,9,1,63,2,0.0,0,0,0,0.0,0.0,0,0,1,0,0,3,1,1,1,2,5,0.0,0.0,0,0,0,4,0.0,0,1,1,0,0,1,22,55,4,0,2,0,3,0,3,0,8,10,0,7,0,22,55,4,0,2,0,3,0,3,0,8,10,0,7,0,0,1,9,0,1,0,0,1,0,0,0,0,9,0,1,0,0,0,0,0,0
593,L11345,ContentInfoDialog,mindustry.ui.dialogs.ContentInfoDialog,L30594,L103,C:\Users\domco\Desktop\DP\repos\Mindustry\core\src\mindustry\ui\dialogs\ContentInfoDialog.java,15,1,94,2,0.0527859,1,1,1,0.1375,0.0612245,11,3,1,2,2,15,7,2,2,6,8,0.0,0.02,1,0,0,3,0.02,1,1,1,0,0,1,49,80,2,0,0,0,2,0,2,0,7,35,0,6,0,49,80,2,0,0,0,2,0,2,0,7,35,0,6,0,0,0,13,0,1,0,5,1,0,1,0,0,7,0,0,0,0,0,0,0,0
594,L11289,CustomGameDialog,mindustry.ui.dialogs.CustomGameDialog,L30594,L103,C:\Users\domco\Desktop\DP\repos\Mindustry\core\src\mindustry\ui\dialogs\CustomGameDialog.java,17,1,98,2,0.0502645,1,1,1,0.146341,0.0677966,12,4,1,2,2,5,7,1,1,7,9,0.0,0.0,0,0,0,2,0.0,0,1,1,0,0,1,55,78,3,0,1,0,2,0,1,0,7,43,0,5,0,59,82,3,0,1,0,2,0,1,0,7,43,0,5,0,0,1,15,0,2,0,5,1,0,0,0,1,10,0,1,0,0,0,0,0,0
595,L12751,CustomRulesDialog,mindustry.ui.dialogs.CustomRulesDialog,L30594,L103,C:\Users\domco\Desktop\DP\repos\Mindustry\core\src\mindustry\ui\dialogs\CustomRulesDialog.java,27,1,429,2,0.0,0,0,0,0.0,0.0,0,0,7,1,1,18,8,2,0,4,20,0.0,0.0443038,7,1,0,3,0.0443038,7,1,1,0,0,1,151,403,6,0,4,0,16,0,2,0,21,95,0,6,0,151,403,6,0,4,0,16,0,2,0,21,95,0,6,0,0,1,38,1,24,0,0,17,1,0,0,1,33,0,6,0,0,2,0,4,0
596,L11341,DatabaseDialog,mindustry.ui.dialogs.DatabaseDialog,L30594,L103,C:\Users\domco\Desktop\DP\repos\Mindustry\core\src\mindustry\ui\dialogs\DatabaseDialog.java,22,1,120,2,0.0,0,0,0,0.0,0.0,0,0,2,2,2,12,8,1,1,7,10,0.0,0.0238095,1,0,0,2,0.0238095,1,1,1,0,0,1,41,99,4,0,2,0,3,0,1,0,8,28,0,5,0,41,99,4,0,2,0,3,0,1,0,8,28,0,5,0,0,0,10,0,0,0,0,0,1,0,0,0,9,0,0,0,0,0,0,0,0
597,L11301,DiscordDialog,mindustry.ui.dialogs.DiscordDialog,L30594,L103,C:\Users\domco\Desktop\DP\repos\Mindustry\core\src\mindustry\ui\dialogs\DiscordDialog.java,11,1,52,2,0.0,0,0,0,0.0,0.0,0,0,0,0,0,1,0,1,1,0,1,0.0,0.0,0,0,0,2,0.0,0,0,0,0,0,0,16,42,0,0,0,0,1,0,1,0,1,9,0,1,0,16,42,0,0,0,0,1,0,1,0,1,9,0,1,0,0,0,5,0,0,0,0,0,0,0,0,0,5,0,0,0,0,0,0,0,0
598,L142,FileChooser,mindustry.ui.dialogs.FileChooser,L30594,L103,C:\Users\domco\Desktop\DP\repos\Mindustry\core\src\mindustry\ui\dialogs\FileChooser.java,19,1,300,2,0.0,0,0,0,0.0,0.0,0,0,1,2,2,19,4,4,5,4,10,0.0,0.00632911,1,0,0,3,0.00529101,1,1,1,0,0,1,157,244,14,1,12,1,6,0,2,1,11,117,0,6,1,188,282,16,1,14,1,12,0,8,1,17,135,0,12,1,0,1,32,0,24,1,0,15,0,0,0,7,30,1,1,0,0,0,0,2,0
599,L11285,GameOverDialog,mindustry.ui.dialogs.GameOverDialog,L30594,L103,C:\Users\domco\Desktop\DP\repos\Mindustry\core\src\mindustry\ui\dialogs\GameOverDialog.java,10,1,91,2,0.0,0,0,0,0.0,0.0,0,0,1,3,3,10,11,2,2,7,10,0.0,0.0,0,0,0,3,0.0,0,1,1,0,0,1,48,82,3,0,1,0,3,0,2,0,8,25,0,6,0,48,82,3,0,1,0,3,0,2,0,8,25,0,6,0,0,0,10,0,1,0,0,1,0,0,1,0,9,0,0,0,0,0,0,0,0
600,L11308,HostDialog,mindustry.ui.dialogs.HostDialog,L30594,L103,C:\Users\domco\Desktop\DP\repos\Mindustry\core\src\mindustry\ui\dialogs\HostDialog.java,15,1,100,2,0.0,0,0,0,0.0,0.0,0,0,1,0,0,2,4,1,1,3,5,0.0,0.0,0,0,0,3,0.0,0,1,1,0,0,1,21,86,3,0,1,0,2,0,2,0,7,10,0,6,0,21,86,3,0,1,0,2,0,2,0,7,10,0,6,0,0,0,7,1,2,0,0,2,0,0,0,0,7,0,1,0,0,0,0,0,0
601,L11304,JoinDialog,mindustry.ui.dialogs.JoinDialog,L30594,L103,C:\Users\domco\Desktop\DP\repos\Mindustry\core\src\mindustry\ui\dialogs\JoinDialog.java,26,1,607,2,0.0,0,0,0,0.0,0.0,0,0,3,5,2,55,14,2,3,12,33,0.0,0.0434783,12,1,0,4,0.0378549,12,1,1,0,0,1,264,537,17,0,15,0,21,0,3,0,26,163,0,7,0,305,582,21,0,19,0,24,2,4,1,29,180,2,8,1,0,1,69,4,49,0,0,48,1,0,1,1,57,1,4,0,0,0,0,10,0
602,L11319,KeybindDialog,mindustry.ui.dialogs.KeybindDialog,L30594,L103,C:\Users\domco\Desktop\DP\repos\Mindustry\core\src\mindustry\ui\dialogs\KeybindDialog.java,20,1,263,2,0.0,0,0,0,0.0,0.0,0,0,1,4,4,28,3,4,4,0,6,0.0,0.0202703,3,0,0,4,0.017341,3,0,0,0,0,0,145,217,8,0,8,0,6,0,3,1,6,96,0,3,1,170,244,11,0,11,0,9,3,6,1,9,110,3,6,1,0,2,41,1,13,0,0,10,1,3,0,0,27,0,3,0,0,3,0,10,0
603,L11326,LanguageDialog,mindustry.ui.dialogs.LanguageDialog,L30594,L103,C:\Users\domco\Desktop\DP\repos\Mindustry\core\src\mindustry\ui\dialogs\LanguageDialog.java,14,1,120,2,0.0,0,0,0,0.0,0.0,0,0,2,2,2,13,3,1,1,2,6,0.0,0.021978,2,0,0,3,0.021978,2,1,1,0,0,1,89,107,4,1,2,1,4,0,2,0,9,31,0,6,0,89,107,4,1,2,1,4,0,2,0,9,31,0,6,0,0,1,12,1,3,1,0,2,1,0,0,1,11,0,1,0,0,0,0,0,0
604,L31051,LaunchLoadoutDialog,mindustry.ui.dialogs.LaunchLoadoutDialog,L30594,L103,C:\Users\domco\Desktop\DP\repos\Mindustry\core\src\mindustry\ui\dialogs\LaunchLoadoutDialog.java,20,1,146,2,0.0,0,0,0,0.0,0.0,0,0,1,1,1,3,10,1,1,6,8,0.333333,0.12766,6,4,1,2,0.12766,6,1,1,0,0,1,41,127,6,0,4,0,2,0,2,0,7,27,0,6,0,41,127,6,0,4,0,2,0,2,0,7,27,0,6,0,0,0,8,0,8,1,0,5,0,0,0,0,7,0,2,0,0,0,0,1,0
605,L11297,LoadDialog,mindustry.ui.dialogs.LoadDialog,L30594,L103,C:\Users\domco\Desktop\DP\repos\Mindustry\core\src\mindustry\ui\dialogs\LoadDialog.java,24,1,244,2,0.090106,2,3,2,0.180995,0.107843,40,11,2,2,2,22,9,3,2,10,18,0.0,0.0,0,0,0,8,0.0,0,1,1,1,1,1,102,221,8,0,6,0,8,0,7,0,13,60,0,11,0,102,221,8,0,6,0,8,0,7,0,13,60,0,11,0,0,4,34,1,7,1,12,6,1,0,0,0,19,0,5,0,0,0,0,2,0
606,L30700,LoadoutDialog,mindustry.ui.dialogs.LoadoutDialog,L30594,L103,C:\Users\domco\Desktop\DP\repos\Mindustry\core\src\mindustry\ui\dialogs\LoadoutDialog.java,15,1,142,2,0.0,0,0,0,0.0,0.0,0,0,2,3,2,16,6,2,1,3,10,0.0,0.0135135,1,1,0,5,0.0135135,1,1,1,0,0,1,73,128,11,0,9,0,7,0,4,0,12,39,0,8,0,73,128,11,0,9,0,7,0,4,0,12,39,0,8,0,0,0,22,0,4,0,0,1,1,0,0,0,17,0,1,0,0,2,0,4,0
607,L30686,MapPlayDialog,mindustry.ui.dialogs.MapPlayDialog,L30594,L103,C:\Users\domco\Desktop\DP\repos\Mindustry\core\src\mindustry\ui\dialogs\MapPlayDialog.java,14,1,108,2,0.0,0,0,0,0.0,0.0,0,0,2,2,2,13,8,1,0,10,13,0.0,0.0285714,2,0,0,3,0.0285714,2,1,1,0,0,1,68,95,6,0,4,0,3,0,2,0,8,51,0,6,0,68,95,6,0,4,0,3,0,2,0,8,51,0,6,0,0,0,10,0,8,0,0,7,1,0,0,0,9,0,1,0,0,0,0,0,0
608,L11293,MapsDialog,mindustry.ui.dialogs.MapsDialog,L30594,L103,C:\Users\domco\Desktop\DP\repos\Mindustry\core\src\mindustry\ui\dialogs\MapsDialog.java,21,1,336,2,0.0381503,1,2,1,0.0316456,0.0661157,10,8,2,3,3,33,10,1,1,14,20,0.0,0.0162602,2,0,0,3,0.0162602,2,1,1,0,0,1,121,316,11,0,9,0,6,0,2,0,11,75,0,6,0,121,316,11,0,9,0,6,0,2,0,11,75,0,6,0,0,5,26,2,8,1,7,5,1,1,0,3,15,0,6,0,0,0,0,2,0
609,L31186,MinimapDialog,mindustry.ui.dialogs.MinimapDialog,L30594,L103,C:\Users\domco\Desktop\DP\repos\Mindustry\core\src\mindustry\ui\dialogs\MinimapDialog.java,13,1,70,2,0.0,0,0,0,0.0,0.0,0,0,1,0,0,2,1,0,0,3,5,0.0,0.0,0,0,0,2,0.0,0,1,1,0,0,1,21,39,2,0,0,0,2,0,1,0,7,12,0,5,0,38,58,3,0,1,0,5,0,4,0,10,18,0,8,0,0,0,19,0,2,0,0,2,0,0,0,0,19,0,0,0,0,0,0,0,0
610,L11360,ModsDialog,mindustry.ui.dialogs.ModsDialog,L30594,L103,C:\Users\domco\Desktop\DP\repos\Mindustry\core\src\mindustry\ui\dialogs\ModsDialog.java,36,1,600,2,0.0,0,0,0,0.0,0.0,0,0,8,2,2,32,14,1,1,14,28,0.0,0.0535714,9,0,0,2,0.0535714,9,1,1,0,0,1,159,565,10,1,8,1,14,0,1,0,19,94,0,5,0,159,565,10,1,8,1,14,0,1,0,19,94,0,5,0,0,0,35,0,0,0,0,0,1,0,1,0,29,0,0,0,0,0,0,4,0
611,L31261,PaletteDialog,mindustry.ui.dialogs.PaletteDialog,L30594,L103,C:\Users\domco\Desktop\DP\repos\Mindustry\core\src\mindustry\ui\dialogs\PaletteDialog.java,11,1,44,2,0.0,0,0,0,0.0,0.0,0,0,2,0,0,3,0,0,0,0,3,0.0,0.0,0,0,0,3,0.0,0,0,0,0,0,0,16,34,1,0,1,0,3,0,2,0,3,6,0,2,0,16,34,1,0,1,0,3,0,2,0,3,6,0,2,0,0,0,10,0,0,0,0,0,1,0,0,0,9,0,0,0,0,0,0,0,0
612,L11311,PausedDialog,mindustry.ui.dialogs.PausedDialog,L30594,L103,C:\Users\domco\Desktop\DP\repos\Mindustry\core\src\mindustry\ui\dialogs\PausedDialog.java,8,1,132,2,0.0,0,0,0,0.0,0.0,0,0,3,3,2,16,11,1,1,10,14,0.0,0.0,0,0,0,3,0.0,0,1,1,0,0,1,72,125,5,0,3,0,4,0,2,0,9,44,0,6,0,72,125,5,0,3,0,4,0,2,0,9,44,0,6,0,0,0,13,3,6,1,0,3,1,0,1,2,11,0,2,0,0,1,0,0,0
613,L11348,PlanetDialog,mindustry.ui.dialogs.PlanetDialog,L30594,L103,C:\Users\domco\Desktop\DP\repos\Mindustry\core\src\mindustry\ui\dialogs\PlanetDialog.java,41,1,1129,2,0.0,0,0,0,0.0,0.0,0,0,4,5,5,185,34,6,4,48,74,0.181818,0.131439,74,3,2,9,0.123028,78,1,2,0,0,2,489,1008,24,0,22,0,26,21,10,0,31,314,21,14,0,556,1089,28,0,26,0,32,24,16,0,37,334,24,20,0,0,0,108,0,0,0,0,0,2,10,5,0,74,0,0,1,0,0,0,16,0
614,L11352,ResearchDialog,mindustry.ui.dialogs.ResearchDialog,L30594,L103,C:\Users\domco\Desktop\DP\repos\Mindustry\core\src\mindustry\ui\dialogs\ResearchDialog.java,34,1,618,2,0.0,0,0,0,0.0,0.0,0,0,2,2,2,18,10,6,5,8,15,0.0,0.11,11,0,0,2,0.0632911,20,1,1,0,0,1,89,186,9,0,7,0,7,7,1,0,12,59,7,5,0,296,585,42,22,17,0,21,16,8,0,74,186,34,24,0,0,5,94,0,40,10,0,27,4,0,1,1,65,0,5,0,0,2,0,24,0
615,L31270,SaveDialog,mindustry.ui.dialogs.SaveDialog,L30594,L103,C:\Users\domco\Desktop\DP\repos\Mindustry\core\src\mindustry\ui\dialogs\SaveDialog.java,11,1,60,2,0.0,0,0,0,0.0,0.0,0,0,3,0,0,4,5,1,0,2,6,0.0,0.0,0,0,0,4,0.0,0,2,2,0,0,1,22,50,8,0,0,0,4,0,3,0,17,6,0,14,0,22,50,8,0,0,0,4,0,3,0,17,6,0,14,0,0,0,12,2,2,1,0,2,1,0,0,0,11,0,1,0,0,0,0,0,0
616,L11356,SchematicsDialog,mindustry.ui.dialogs.SchematicsDialog,L30594,L103,C:\Users\domco\Desktop\DP\repos\Mindustry\core\src\mindustry\ui\dialogs\SchematicsDialog.java,31,1,761,2,0.0945559,3,5,4,0.135431,0.115207,99,25,5,3,3,27,6,2,2,7,23,0.0,0.0896552,13,5,0,6,0.0565217,13,1,1,0,0,1,132,574,13,0,11,0,16,0,5,0,21,70,0,9,0,217,731,19,0,17,0,21,3,8,1,31,122,3,16,1,0,4,88,2,34,3,23,21,1,0,0,6,52,0,8,0,0,2,0,12,0
617,L11315,SettingsMenuDialog,mindustry.ui.dialogs.SettingsMenuDialog,L30594,L103,C:\Users\domco\Desktop\DP\repos\Mindustry\core\src\mindustry\ui\dialogs\SettingsMenuDialog.java,34,1,791,2,0.0,0,0,0,0.0,0.0,0,0,3,3,3,40,9,1,1,10,19,0.0,0.0661479,17,0,0,5,0.0391705,17,1,1,0,0,1,240,516,10,1,8,1,9,4,4,0,14,168,4,8,0,417,758,23,2,21,2,34,7,28,1,49,258,7,42,1,0,0,128,0,0,0,0,0,1,1,0,0,95,0,0,0,0,0,0,31,0
618,L11337,TraceDialog,mindustry.ui.dialogs.TraceDialog,L30594,L103,C:\Users\domco\Desktop\DP\repos\Mindustry\core\src\mindustry\ui\dialogs\TraceDialog.java,8,1,47,2,0.0,0,0,0,0.0,0.0,0,0,1,0,0,2,2,2,2,2,4,0.0,0.0,0,0,0,3,0.0,0,1,1,0,0,1,32,40,2,0,0,0,2,0,2,0,7,26,0,6,0,32,40,2,0,0,0,2,0,2,0,7,26,0,6,0,0,0,7,0,0,0,0,0,0,0,0,0,7,0,0,0,0,0,0,0,0
619,L32045,BlockConfigFragment,mindustry.ui.fragments.BlockConfigFragment,L32029,L103,C:\Users\domco\Desktop\DP\repos\Mindustry\core\src\mindustry\ui\fragments\BlockConfigFragment.java,15,1,90,2,0.0,0,0,0,0.0,0.0,0,0,1,1,1,12,2,8,7,0,6,0.0,0.0444444,2,0,0,7,0.0377358,2,1,1,0,0,1,43,68,2,1,2,1,6,0,6,0,6,23,0,6,0,51,76,2,1,2,1,7,0,7,0,7,27,0,7,0,0,0,20,0,4,0,0,4,0,0,0,0,20,0,0,0,0,0,0,0,0
620,L32062,BlockInventoryFragment,mindustry.ui.fragments.BlockInventoryFragment,L32029,L103,C:\Users\domco\Desktop\DP\repos\Mindustry\core\src\mindustry\ui\fragments\BlockInventoryFragment.java,26,1,228,2,0.0,0,0,0,0.0,0.0,0,0,3,3,3,20,7,4,3,2,9,0.0,0.0,0,0,0,4,0.0,0,1,1,0,0,1,103,184,9,0,9,0,7,0,3,0,7,68,0,3,0,121,203,9,0,9,0,9,0,5,0,9,81,0,5,0,0,1,29,0,22,2,0,17,2,0,0,0,24,0,2,0,0,2,0,3,0
621,L11258,ChatFragment,mindustry.ui.fragments.ChatFragment,L32029,L103,C:\Users\domco\Desktop\DP\repos\Mindustry\core\src\mindustry\ui\fragments\ChatFragment.java,24,1,308,2,0.103064,2,3,2,0.2,0.0994764,57,19,2,2,2,36,4,7,11,3,18,0.0714286,0.0181818,3,1,1,13,0.0153846,3,0,0,0,0,0,162,249,19,0,19,0,15,0,13,0,15,100,0,13,0,192,285,25,0,25,0,21,6,17,0,21,108,6,17,0,0,0,81,0,24,1,16,7,2,1,0,11,51,0,2,0,0,3,0,11,0
622,L11505,FadeInFragment,mindustry.ui.fragments.FadeInFragment,L32029,L103,C:\Users\domco\Desktop\DP\repos\Mindustry\core\src\mindustry\ui\fragments\FadeInFragment.java,10,1,39,2,0.0,0,0,0,0.0,0.0,0,0,1,0,0,1,1,2,1,0,1,0.5,0.1,1,1,1,1,0.0357143,1,1,1,0,0,1,9,10,2,0,2,0,1,0,1,0,1,1,0,1,0,27,30,2,0,2,0,3,0,3,0,3,8,0,3,0,0,1,13,0,2,0,0,1,1,0,0,0,12,0,1,0,0,1,0,0,0
623,L32046,Fragment,mindustry.ui.fragments.Fragment,L32029,L103,C:\Users\domco\Desktop\DP\repos\Mindustry\core\src\mindustry\ui\fragments\Fragment.java,5,1,7,2,0.0,0,0,0,0.0,0.0,0,0,0,0,0,1,0,15,1,0,1,0.0,0.0,0,0,0,2,0.0,0,0,0,12,12,0,3,3,0,0,0,0,1,0,1,0,1,0,0,1,0,3,3,0,0,0,0,1,0,1,0,1,0,0,1,0,0,0,6,0,0,0,0,0,0,0,0,0,5,0,0,1,0,0,0,0,0
624,L11276,HintsFragment,mindustry.ui.fragments.HintsFragment,L32029,L103,C:\Users\domco\Desktop\DP\repos\Mindustry\core\src\mindustry\ui\fragments\HintsFragment.java,25,1,260,6,0.03125,1,1,1,0.0677966,0.0362319,16,5,6,2,2,35,7,2,1,3,21,0.0,0.0787402,10,3,0,10,0.0675676,10,1,1,0,0,1,117,215,15,0,15,0,18,1,9,0,18,53,1,9,0,138,236,39,0,36,0,18,22,9,0,26,53,25,17,0,0,0,61,0,0,0,8,0,1,0,0,0,38,0,0,0,0,0,0,14,0
625,L11255,HudFragment,mindustry.ui.fragments.HudFragment,L32029,L103,C:\Users\domco\Desktop\DP\repos\Mindustry\core\src\mindustry\ui\fragments\HudFragment.java,33,1,825,2,0.0,0,0,0,0.0,0.0,0,0,9,3,3,34,20,5,5,9,24,0.0909091,0.167464,35,1,1,10,0.127273,35,1,1,0,0,1,174,709,11,0,11,0,15,2,10,2,15,103,2,10,2,240,793,17,0,17,0,19,5,13,2,19,143,5,13,2,0,0,58,0,0,0,0,0,1,0,1,0,41,0,0,0,0,0,0,15,0
626,L11272,LoadingFragment,mindustry.ui.fragments.LoadingFragment,L32029,L103,C:\Users\domco\Desktop\DP\repos\Mindustry\core\src\mindustry\ui\fragments\LoadingFragment.java,15,1,119,2,0.0,0,0,0,0.0,0.0,0,0,2,2,2,14,5,11,21,2,13,0.0,0.0416667,3,0,0,11,0.0416667,3,1,1,0,0,1,69,105,5,0,5,0,11,0,10,4,11,37,0,10,4,69,105,5,0,5,0,11,0,10,4,11,37,0,10,4,0,0,26,0,0,0,0,0,1,0,0,0,25,0,0,0,0,0,0,0,0
627,L11252,MenuFragment,mindustry.ui.fragments.MenuFragment,L32029,L103,C:\Users\domco\Desktop\DP\repos\Mindustry\core\src\mindustry\ui\fragments\MenuFragment.java,22,1,263,2,0.0828221,1,2,2,0.0950413,0.0806452,23,10,5,2,2,15,10,1,1,6,13,0.0,0.0275229,3,0,0,2,0.023622,3,1,1,0,0,1,106,222,4,0,4,0,7,0,1,0,7,71,0,1,0,124,242,8,0,8,0,9,0,3,0,9,79,0,3,0,0,0,34,1,10,4,9,7,1,0,0,0,24,0,0,0,0,0,0,0,0
628,L11265,MinimapFragment,mindustry.ui.fragments.MinimapFragment,L32029,L103,C:\Users\domco\Desktop\DP\repos\Mindustry\core\src\mindustry\ui\fragments\MinimapFragment.java,17,1,125,2,0.0,0,0,0,0.0,0.0,0,0,2,0,0,6,5,7,5,3,7,0.0,0.0,0,0,0,5,0.0,0,1,1,0,0,1,35,78,7,0,7,0,4,1,4,0,4,16,1,4,0,60,109,7,0,7,0,9,1,9,0,9,25,1,9,0,0,0,34,0,5,2,0,1,2,0,0,1,27,0,1,0,0,0,0,5,0
629,L21962,OverlayFragment,mindustry.ui.fragments.OverlayFragment,L32029,L103,C:\Users\domco\Desktop\DP\repos\Mindustry\core\src\mindustry\ui\fragments\OverlayFragment.java,9,1,32,2,0.0,0,0,0,0.0,0.0,0,0,1,0,0,3,4,6,2,2,5,0.25,0.05,1,1,1,3,0.05,1,0,0,0,0,0,19,24,3,0,3,0,3,2,3,0,3,8,2,3,0,19,24,3,0,3,0,3,2,3,0,3,8,2,3,0,0,0,13,0,1,0,0,0,0,0,0,1,9,0,0,0,0,0,0,4,0
630,L32345,PlacementFragment,mindustry.ui.fragments.PlacementFragment,L32029,L103,C:\Users\domco\Desktop\DP\repos\Mindustry\core\src\mindustry\ui\fragments\PlacementFragment.java,29,1,486,2,0.021904,1,1,1,0.0393013,0.042328,18,8,2,6,6,71,25,2,2,13,25,0.0,0.140909,31,1,0,4,0.140909,31,1,1,0,0,1,189,458,21,4,21,4,12,1,3,0,12,112,1,3,0,189,458,21,4,21,4,12,1,3,0,12,112,1,3,0,0,0,50,0,0,0,8,0,1,5,2,0,23,0,0,0,0,0,0,11,0
631,L11269,PlayerListFragment,mindustry.ui.fragments.PlayerListFragment,L32029,L103,C:\Users\domco\Desktop\DP\repos\Mindustry\core\src\mindustry\ui\fragments\PlayerListFragment.java,21,1,210,2,0.0,0,0,0,0.0,0.0,0,0,1,3,2,21,7,2,2,2,5,0.0,0.0263158,2,0,0,4,0.0208333,2,1,1,0,0,1,74,170,5,0,5,0,3,1,3,0,3,48,1,3,0,94,190,5,0,5,0,4,1,4,0,4,54,1,4,0,0,5,26,1,5,0,0,2,0,1,0,2,20,0,6,0,0,1,0,5,0
632,L11262,ScriptConsoleFragment,mindustry.ui.fragments.ScriptConsoleFragment,L32029,L103,C:\Users\domco\Desktop\DP\repos\Mindustry\core\src\mindustry\ui\fragments\ScriptConsoleFragment.java,21,1,228,2,0.138924,2,3,2,0.259615,0.135714,54,19,3,2,2,22,5,1,1,2,15,0.0,0.00729927,1,0,0,12,0.0070922,1,0,0,0,0,0,136,204,18,0,18,0,13,0,11,0,13,84,0,11,0,140,208,18,0,18,0,14,0,12,0,14,85,0,12,0,0,1,54,0,21,3,16,3,1,0,0,11,34,0,2,0,0,3,0,3,0
633,L31549,BranchTreeLayout,mindustry.ui.layout.BranchTreeLayout,L32819,L103,C:\Users\domco\Desktop\DP\repos\Mindustry\core\src\mindustry\ui\layout\BranchTreeLayout.java,9,1,289,2,0.0,0,0,0,0.0,0.0,0,0,1,2,2,61,4,3,1,1,24,0.166667,0.012931,3,3,1,5,0.012605,3,1,1,2,2,1,229,275,9,11,9,11,23,4,5,0,23,142,4,5,0,235,281,16,11,16,11,23,11,5,0,23,142,11,5,0,0,0,72,0,5,1,0,2,0,0,0,2,55,0,0,0,0,0,0,17,0
634,L32971,RadialTreeLayout,mindustry.ui.layout.RadialTreeLayout,L32819,L103,C:\Users\domco\Desktop\DP\repos\Mindustry\core\src\mindustry\ui\layout\RadialTreeLayout.java,6,1,67,2,0.0,0,0,0,0.0,0.0,0,0,1,3,3,12,2,0,0,0,3,0.0,0.0,0,0,0,2,0.0,0,1,1,0,0,1,47,62,4,0,4,0,3,2,1,0,3,34,2,1,0,47,62,4,0,4,0,3,2,1,0,3,34,2,1,0,0,0,13,0,7,1,0,6,0,0,0,0,9,0,0,0,0,0,0,4,0
635,L32995,RowTreeLayout,mindustry.ui.layout.RowTreeLayout,L32819,L103,C:\Users\domco\Desktop\DP\repos\Mindustry\core\src\mindustry\ui\layout\RowTreeLayout.java,5,1,36,2,0.0,0,0,0,0.0,0.0,0,0,1,1,1,4,2,0,0,0,2,0.0,0.296296,8,0,0,2,0.296296,8,1,1,0,0,1,19,32,0,0,0,0,2,0,1,0,2,10,0,1,0,19,32,0,0,0,0,2,0,1,0,2,10,0,1,0,0,0,3,0,1,0,0,1,0,0,0,0,3,0,0,0,0,0,0,0,0
636,L30633,Links$LinkEntry,mindustry.ui.Links$LinkEntry,L33012,L103,C:\Users\domco\Desktop\DP\repos\Mindustry\core\src\mindustry\ui\Links.java,41,5,54,6,0.0,0,0,0,0.0,0.0,0,0,0,0,0,1,0,2,1,0,1,0.0,0.0,0,0,0,2,0.0,0,0,0,0,0,0,13,14,6,0,6,0,1,6,1,0,1,6,6,1,0,13,14,6,0,6,0,1,6,1,0,1,6,6,1,0,0,0,10,0,0,0,0,0,0,0,0,0,5,0,0,0,0,0,0,5,0
637,L10027,Attributes,mindustry.world.blocks.Attributes,L33996,L103,C:\Users\domco\Desktop\DP\repos\Mindustry\core\src\mindustry\world\blocks\Attributes.java,9,1,67,2,0.0,0,0,0,0.0,0.0,0,0,1,2,2,14,1,8,3,0,8,0.0,0.0,0,0,0,8,0.0,0,0,0,0,0,0,51,59,1,0,1,0,8,0,7,0,8,28,0,7,0,51,59,1,0,1,0,8,0,7,0,8,28,0,7,0,0,0,19,0,0,0,0,0,0,0,0,0,19,0,0,0,0,0,0,0,0
638,L4224,ConstructBlock,mindustry.world.blocks.ConstructBlock,L33996,L103,C:\Users\domco\Desktop\DP\repos\Mindustry\core\src\mindustry\world\blocks\ConstructBlock.java,30,1,429,2,0.0,0,0,0,0.0,0.0,0,0,3,2,2,31,11,6,4,10,18,0.285714,0.0430108,4,2,2,5,0.0773994,25,4,4,0,0,1,89,112,146,8,4,0,8,0,6,0,115,57,135,111,3,298,400,158,11,16,3,25,10,22,2,132,201,145,127,5,0,0,80,0,0,0,0,0,2,3,2,0,54,0,0,0,0,0,0,19,0
639,L26500,ItemSelection,mindustry.world.blocks.ItemSelection,L33996,L103,C:\Users\domco\Desktop\DP\repos\Mindustry\core\src\mindustry\world\blocks\ItemSelection.java,16,1,75,2,0.0,0,0,0,0.0,0.0,0,0,1,2,2,10,3,1,0,1,5,0.0,0.0222222,1,0,0,5,0.0222222,1,0,0,0,0,0,44,60,0,0,0,0,4,0,4,0,4,30,0,4,0,44,60,0,0,0,0,4,0,4,0,4,30,0,4,0,0,0,12,0,3,0,0,2,0,0,0,0,11,0,1,0,0,0,0,1,0
640,L14780,Consume,mindustry.world.consumers.Consume,L38936,L103,C:\Users\domco\Desktop\DP\repos\Mindustry\core\src\mindustry\world\consumers\Consume.java,9,1,73,2,0.0,0,0,0,0.0,0.0,0,0,5,0,0,15,2,15,11,0,15,0.25,0.244898,12,12,4,12,0.244898,12,0,0,5,12,0,37,65,3,1,3,1,15,3,15,0,15,9,3,15,0,37,65,3,1,3,1,15,3,15,0,15,9,3,15,0,0,0,32,3,5,0,0,3,1,0,0,0,27,3,2,0,0,0,0,4,0
641,L6353,ConsumeCoolant,mindustry.world.consumers.ConsumeCoolant,L38936,L103,C:\Users\domco\Desktop\DP\repos\Mindustry\core\src\mindustry\world\consumers\ConsumeCoolant.java,4,1,16,2,0.0,0,0,0,0.0,0.0,0,0,0,0,0,2,2,5,5,1,3,0.666667,0.166667,2,2,2,1,0.166667,2,3,3,0,0,1,10,13,7,1,2,0,2,2,2,0,23,3,7,22,0,10,13,7,1,2,0,2,2,2,0,23,3,7,22,0,0,0,9,0,1,1,0,0,0,0,0,0,5,0,0,0,0,0,0,4,0
642,L36774,ConsumeItemDynamic,mindustry.world.consumers.ConsumeItemDynamic,L38936,L103,C:\Users\domco\Desktop\DP\repos\Mindustry\core\src\mindustry\world\consumers\ConsumeItemDynamic.java,11,1,81,2,0.0,0,0,0,0.0,0.0,0,0,5,2,2,14,7,2,0,1,11,0.0,0.04,2,0,0,10,0.04,2,1,1,0,0,1,48,71,4,1,1,1,10,1,9,0,19,14,4,18,0,48,71,4,1,1,1,10,1,9,0,19,14,4,18,0,0,0,24,0,3,0,0,1,1,0,0,0,19,1,1,0,0,0,0,4,0
643,L34681,ConsumeItemFilter,mindustry.world.consumers.ConsumeItemFilter,L38936,L103,C:\Users\domco\Desktop\DP\repos\Mindustry\core\src\mindustry\world\consumers\ConsumeItemFilter.java,13,1,74,2,0.0,0,0,0,0.0,0.0,0,0,4,2,2,19,9,3,1,5,14,0.0,0.0,0,0,0,10,0.0,0,1,1,1,1,1,52,62,4,1,1,1,9,1,9,0,18,22,4,18,0,52,62,4,1,1,1,9,1,9,0,18,22,4,18,0,0,0,26,0,1,0,0,0,1,0,0,0,21,1,0,0,0,0,0,4,0
644,L29936,ConsumeItems,mindustry.world.consumers.ConsumeItems,L38936,L103,C:\Users\domco\Desktop\DP\repos\Mindustry\core\src\mindustry\world\consumers\ConsumeItems.java,10,1,72,2,0.0,0,0,0,0.0,0.0,0,0,4,1,1,15,7,5,2,3,13,0.0,0.0217391,1,1,0,10,0.0217391,1,1,1,0,0,1,45,63,4,1,1,1,10,1,9,0,19,11,4,18,0,45,63,4,1,1,1,10,1,9,0,19,11,4,18,0,0,0,26,1,4,2,0,1,1,0,0,0,21,1,1,0,0,0,0,4,0
645,L26952,ConsumeLiquid,mindustry.world.consumers.ConsumeLiquid,L38936,L103,C:\Users\domco\Desktop\DP\repos\Mindustry\core\src\mindustry\world\consumers\ConsumeLiquid.java,12,1,53,2,0.0,0,0,0,0.0,0.0,0,0,1,0,0,11,9,8,2,3,11,0.0,0.0,0,0,0,8,0.0,0,2,2,0,0,1,34,42,5,1,1,1,8,1,7,0,21,9,5,19,0,34,42,5,1,1,1,8,1,7,0,21,9,5,19,0,0,0,23,0,0,0,0,0,0,0,0,0,19,0,0,0,0,0,0,4,0
646,L34770,ConsumeLiquidBase,mindustry.world.consumers.ConsumeLiquidBase,L38936,L103,C:\Users\domco\Desktop\DP\repos\Mindustry\core\src\mindustry\world\consumers\ConsumeLiquidBase.java,5,1,23,2,0.0,0,0,0,0.0,0.0,0,0,2,0,0,4,2,10,6,0,4,0.0,0.0666667,1,1,0,4,0.0666667,1,1,1,2,4,1,14,19,4,1,1,0,4,1,3,0,18,3,4,17,0,14,19,4,1,1,0,4,1,3,0,18,3,4,17,0,0,0,16,0,1,0,0,0,1,0,0,0,11,1,0,0,0,0,0,4,0
647,L34472,ConsumeLiquidFilter,mindustry.world.consumers.ConsumeLiquidFilter,L38936,L103,C:\Users\domco\Desktop\DP\repos\Mindustry\core\src\mindustry\world\consumers\ConsumeLiquidFilter.java,13,1,59,2,0.0,0,0,0,0.0,0.0,0,0,3,0,0,12,9,8,6,6,14,0.0,0.0,0,0,0,9,0.0,0,2,2,2,2,1,38,47,5,1,1,1,8,1,8,0,21,12,5,20,0,38,47,5,1,1,1,8,1,8,0,21,12,5,20,0,0,0,24,0,0,0,0,0,1,0,0,0,19,0,0,0,0,0,0,4,0
648,L33835,ConsumePower,mindustry.world.consumers.ConsumePower,L38936,L103,C:\Users\domco\Desktop\DP\repos\Mindustry\core\src\mindustry\world\consumers\ConsumePower.java,9,1,86,2,0.0,0,0,0,0.0,0.0,0,0,4,2,2,14,5,8,8,1,10,0.222222,0.179104,12,9,2,7,0.179104,12,1,1,2,2,1,55,78,6,1,3,1,9,3,8,0,18,19,6,17,0,55,78,6,1,3,1,9,3,8,0,18,19,6,17,0,0,0,20,1,1,0,0,1,1,0,0,1,15,0,0,0,0,0,0,4,0
649,L33599,Consumers,mindustry.world.consumers.Consumers,L38936,L103,C:\Users\domco\Desktop\DP\repos\Mindustry\core\src\mindustry\world\consumers\Consumers.java,12,1,141,2,0.0,0,0,0,0.0,0.0,0,0,1,2,2,30,13,35,48,12,35,0.166667,0.104762,11,11,4,20,0.104762,11,0,0,0,0,0,94,130,5,2,5,2,23,2,23,0,23,34,2,23,0,94,130,5,2,5,2,23,2,23,0,23,34,2,23,0,0,0,48,1,1,2,0,0,0,0,1,0,41,0,0,0,0,0,0,6,0
650,L39195,DirectionalItemBuffer$BufferItemStruct,mindustry.world.DirectionalItemBuffer$BufferItemStruct,L35624,L103,C:\Users\domco\Desktop\DP\repos\Mindustry\core\src\mindustry\world\DirectionalItemBuffer.java,69,5,73,6,0.0,0,0,0,0.0,0.0,0,0,0,0,0,0,1,0,0,0,0,0.0,0.0,0,0,0,1,0.0,0,0,0,0,0,0,5,5,2,0,2,0,0,0,0,0,0,0,0,0,0,5,5,2,0,2,0,0,0,0,0,0,0,0,0,0,0,0,3,0,2,0,0,2,0,0,0,0,3,0,0,0,0,0,0,0,0
651,L4915,DrawAnimation,mindustry.world.draw.DrawAnimation,L39199,L103,C:\Users\domco\Desktop\DP\repos\Mindustry\core\src\mindustry\world\draw\DrawAnimation.java,10,1,50,2,0.0,0,0,0,0.0,0.0,0,0,1,1,1,8,4,1,0,0,3,0.0,0.0,0,0,0,4,0.0,0,1,1,0,0,1,37,41,7,0,6,0,3,6,3,0,7,16,6,7,0,37,41,7,0,6,0,3,6,3,0,7,16,6,7,0,0,0,14,0,1,1,0,0,0,0,0,0,9,0,0,0,0,0,0,5,0
652,L26893,DrawArcSmelter,mindustry.world.draw.DrawArcSmelter,L39199,L103,C:\Users\domco\Desktop\DP\repos\Mindustry\core\src\mindustry\world\draw\DrawArcSmelter.java,11,1,66,2,0.0,0,0,0,0.0,0.0,0,0,1,2,2,6,4,1,0,0,3,0.0,0.0,0,0,0,4,0.0,0,1,1,0,0,1,44,56,16,0,15,0,3,15,3,0,7,28,15,7,0,44,56,16,0,15,0,3,15,3,0,7,28,15,7,0,0,0,16,0,5,5,0,0,0,0,0,0,9,0,0,0,0,0,0,7,0
653,L26896,DrawBlock,mindustry.world.draw.DrawBlock,L39199,L103,C:\Users\domco\Desktop\DP\repos\Mindustry\core\src\mindustry\world\draw\DrawBlock.java,10,1,32,2,0.0,0,0,0,0.0,0.0,0,0,4,0,0,5,2,14,4,0,4,1.0,0.315789,6,6,5,0,0.315789,6,0,0,10,11,0,13,23,1,0,1,0,4,0,4,0,4,2,0,4,0,13,23,1,0,1,0,4,0,4,0,4,2,0,4,0,0,0,1,0,2,0,0,0,1,0,0,0,0,2,0,0,0,0,0,0,0
654,L26899,DrawCells,mindustry.world.draw.DrawCells,L39199,L103,C:\Users\domco\Desktop\DP\repos\Mindustry\core\src\mindustry\world\draw\DrawCells.java,12,1,57,2,0.0,0,0,0,0.0,0.0,0,0,1,3,3,6,5,1,0,1,4,0.0,0.0,0,0,0,4,0.0,0,1,1,0,0,1,37,46,11,0,10,0,3,10,3,0,7,22,10,7,0,37,46,11,0,10,0,3,10,3,0,7,22,10,7,0,0,0,15,0,5,4,0,1,0,0,0,0,9,0,0,0,0,0,0,6,0
655,L5796,DrawCultivator,mindustry.world.draw.DrawCultivator,L39199,L103,C:\Users\domco\Desktop\DP\repos\Mindustry\core\src\mindustry\world\draw\DrawCultivator.java,11,1,56,2,0.0,0,0,0,0.0,0.0,0,0,1,2,2,5,5,1,0,1,4,0.0,0.0,0,0,0,4,0.0,0,1,1,0,0,1,36,46,13,0,12,0,3,12,3,0,7,18,12,7,0,36,46,13,0,12,0,3,12,3,0,7,18,12,7,0,0,0,15,0,4,4,0,0,0,0,0,0,9,0,0,0,0,0,0,6,0
656,L4802,DrawGlow,mindustry.world.draw.DrawGlow,L39199,L103,C:\Users\domco\Desktop\DP\repos\Mindustry\core\src\mindustry\world\draw\DrawGlow.java,9,1,25,2,0.0,0,0,0,0.0,0.0,0,0,1,0,0,2,4,1,0,0,2,0.0,0.0,0,0,0,3,0.0,0,1,1,0,0,1,15,17,4,0,3,0,2,3,2,0,6,5,3,6,0,15,17,4,0,3,0,2,3,2,0,6,5,3,6,0,0,0,11,0,1,1,0,0,0,0,0,0,7,0,0,0,0,0,0,4,0
657,L4881,DrawLiquid,mindustry.world.draw.DrawLiquid,L39199,L103,C:\Users\domco\Desktop\DP\repos\Mindustry\core\src\mindustry\world\draw\DrawLiquid.java,12,1,57,2,0.0,0,0,0,0.0,0.0,0,0,1,1,1,13,11,1,0,3,8,0.0,0.0,0,0,0,6,0.0,0,1,1,0,0,1,38,46,5,0,4,0,5,4,5,0,9,14,4,9,0,38,46,5,0,4,0,5,4,5,0,9,14,4,9,0,0,0,18,0,4,1,0,1,0,0,1,0,13,1,0,0,0,1,0,4,0
658,L4852,DrawMixer,mindustry.world.draw.DrawMixer,L39199,L103,C:\Users\domco\Desktop\DP\repos\Mindustry\core\src\mindustry\world\draw\DrawMixer.java,12,1,58,2,0.0,0,0,0,0.0,0.0,0,0,1,1,1,11,10,1,0,1,6,0.0,0.0,0,0,0,6,0.0,0,1,1,0,0,1,39,47,6,0,5,0,5,5,5,0,9,17,5,9,0,39,47,6,0,5,0,5,5,5,0,9,17,5,9,0,0,0,17,0,2,1,0,0,0,0,0,0,13,1,0,0,0,0,0,4,0
659,L4930,DrawRotator,mindustry.world.draw.DrawRotator,L39199,L103,C:\Users\domco\Desktop\DP\repos\Mindustry\core\src\mindustry\world\draw\DrawRotator.java,9,1,35,2,0.0,0,0,0,0.0,0.0,0,0,1,1,1,6,5,1,0,1,4,0.0,0.0,0,0,0,4,0.0,0,1,1,1,1,1,24,27,5,0,4,0,3,4,3,0,7,9,4,7,0,24,27,5,0,4,0,3,4,3,0,7,9,4,7,0,0,0,13,0,3,1,0,1,0,0,0,0,9,0,0,0,0,1,0,4,0
660,L4750,DrawSmelter,mindustry.world.draw.DrawSmelter,L39199,L103,C:\Users\domco\Desktop\DP\repos\Mindustry\core\src\mindustry\world\draw\DrawSmelter.java,12,1,60,2,0.0,0,0,0,0.0,0.0,0,0,1,1,1,8,6,1,0,1,6,0.0,0.0,0,0,0,6,0.0,0,1,1,0,0,1,38,49,12,0,11,0,5,11,5,0,9,18,11,9,0,38,49,12,0,11,0,5,11,5,0,9,18,11,9,0,0,0,19,0,4,2,0,0,0,0,0,1,13,1,0,0,0,0,0,6,0
661,L4815,DrawWeave,mindustry.world.draw.DrawWeave,L39199,L103,C:\Users\domco\Desktop\DP\repos\Mindustry\core\src\mindustry\world\draw\DrawWeave.java,11,1,43,2,0.0,0,0,0,0.0,0.0,0,0,1,0,0,3,6,1,0,0,3,0.0,0.0,0,0,0,4,0.0,0,1,1,0,0,1,26,33,3,0,2,0,3,2,3,0,7,10,2,7,0,26,33,3,0,2,0,3,2,3,0,7,10,2,7,0,0,0,13,0,1,1,0,0,0,0,0,0,9,0,0,0,0,0,0,4,0
662,L39470,ItemBuffer$TimeItemStruct,mindustry.world.ItemBuffer$TimeItemStruct,L35174,L103,C:\Users\domco\Desktop\DP\repos\Mindustry\core\src\mindustry\world\ItemBuffer.java,69,5,74,6,0.0,0,0,0,0.0,0.0,0,0,0,0,0,0,1,0,0,0,0,0.0,0.0,0,0,0,1,0.0,0,0,0,0,0,0,6,6,3,0,3,0,0,0,0,0,0,0,0,0,0,6,6,3,0,3,0,0,0,0,0,0,0,0,0,0,0,0,3,0,3,0,0,3,0,0,0,0,3,0,0,0,0,0,0,0,0
663,L22737,Attribute,mindustry.world.meta.Attribute,L39475,L103,C:\Users\domco\Desktop\DP\repos\Mindustry\core\src\mindustry\world\meta\Attribute.java,6,1,56,2,0.0,0,0,0,0.0,0.0,0,0,2,1,1,6,3,16,5,1,6,0.6,0.181818,8,3,3,2,0.181818,8,0,0,0,0,0,36,51,9,0,9,0,5,9,4,0,5,14,9,4,0,36,51,9,0,9,0,5,9,4,0,5,14,9,4,0,0,0,18,0,1,0,0,1,1,0,0,0,11,0,0,0,0,0,0,6,0
664,L33596,BlockBars,mindustry.world.meta.BlockBars,L39475,L103,C:\Users\domco\Desktop\DP\repos\Mindustry\core\src\mindustry\world\meta\BlockBars.java,8,1,24,2,0.0,0,0,0,0.0,0.0,0,0,1,1,1,4,1,10,10,0,3,0.0,0.0,0,0,0,4,0.0,0,0,0,0,0,0,14,17,1,0,1,0,3,0,3,0,3,5,0,3,0,14,17,1,0,1,0,3,0,3,0,3,5,0,3,0,0,0,9,1,2,0,0,1,0,0,0,2,9,0,0,0,0,0,0,0,0
665,L26949,Env,mindustry.world.meta.Env,L39475,L103,C:\Users\domco\Desktop\DP\repos\Mindustry\core\src\mindustry\world\meta\Env.java,4,1,14,2,0.0,0,0,0,0.0,0.0,0,0,0,0,0,0,0,42,0,0,0,1.0,0.0833333,1,1,1,0,0.0833333,1,0,0,0,0,0,11,11,8,0,8,0,0,8,0,0,0,0,8,0,0,11,11,8,0,8,0,0,8,0,0,0,0,8,0,0,0,0,7,0,1,0,0,1,0,0,0,0,2,0,0,0,0,0,0,5,0
666,L12033,Stats,mindustry.world.meta.Stats,L39475,L103,C:\Users\domco\Desktop\DP\repos\Mindustry\core\src\mindustry\world\meta\Stats.java,9,1,117,2,0.0,0,0,0,0.0,0.0,0,0,1,2,2,23,9,64,59,7,22,0.6875,0.174419,15,14,11,5,0.174419,15,0,0,0,0,0,71,109,5,0,5,0,15,3,15,0,15,32,3,15,0,71,109,5,0,5,0,15,3,15,0,15,32,3,15,0,0,0,21,1,5,0,0,3,0,0,0,1,17,0,0,0,0,2,0,4,0
667,L39706,StatValues,mindustry.world.meta.StatValues,L39475,L103,C:\Users\domco\Desktop\DP\repos\Mindustry\core\src\mindustry\world\meta\StatValues.java,26,1,358,2,0.0,0,0,0,0.0,0.0,0,0,19,0,0,23,13,16,23,1,24,0.0454545,0.0549451,5,2,1,21,0.0549451,5,0,0,0,0,0,86,333,0,0,0,0,23,0,21,0,23,25,0,21,0,86,333,0,0,0,0,23,0,21,0,23,25,0,21,0,0,0,53,0,0,0,0,0,1,0,1,0,49,0,0,0,0,0,0,2,0
668,L39782,BlockModule,mindustry.world.modules.BlockModule,L39775,L103,C:\Users\domco\Desktop\DP\repos\Mindustry\core\src\mindustry\world\modules\BlockModule.java,6,1,16,2,0.0,0,0,0,0.0,0.0,0,0,1,0,0,3,0,6,2,0,3,0.25,0.1,1,1,1,3,0.1,1,0,0,4,4,0,9,11,0,0,0,0,3,0,3,0,3,2,0,3,0,9,11,0,0,0,0,3,0,3,0,3,2,0,3,0,0,0,9,0,0,0,0,0,0,0,0,0,9,0,0,0,0,0,0,0,0
669,L12257,ConsumeModule,mindustry.world.modules.ConsumeModule,L39775,L103,C:\Users\domco\Desktop\DP\repos\Mindustry\core\src\mindustry\world\modules\ConsumeModule.java,8,1,90,2,0.0,0,0,0,0.0,0.0,0,0,1,2,2,33,3,3,8,5,14,0.0,0.0153846,1,0,0,10,0.0153846,1,1,1,0,0,1,64,83,3,0,3,0,9,0,9,0,11,32,0,11,0,64,83,3,0,3,0,9,0,9,0,11,32,0,11,0,0,0,22,0,3,1,0,1,0,1,0,0,21,0,1,0,0,0,0,0,0
670,L10461,ItemModule,mindustry.world.modules.ItemModule,L39775,L103,C:\Users\domco\Desktop\DP\repos\Mindustry\core\src\mindustry\world\modules\ItemModule.java,13,1,345,2,0.0529462,1,5,1,0.048048,0.0518519,16,14,3,5,5,90,9,10,15,6,45,0.0769231,0.0364963,10,5,3,36,0.0357143,10,1,1,0,0,1,264,327,12,1,12,1,39,1,38,0,41,166,1,40,0,270,333,12,1,12,1,41,1,40,0,43,166,1,42,0,0,0,112,0,18,4,9,12,1,3,0,0,89,0,2,0,0,0,0,10,0
671,L12262,LiquidModule,mindustry.world.modules.LiquidModule,L39775,L103,C:\Users\domco\Desktop\DP\repos\Mindustry\core\src\mindustry\world\modules\LiquidModule.java,12,1,164,2,0.121094,1,5,1,0.104575,0.112903,16,14,1,3,3,36,7,3,11,4,20,0.176471,0.0483871,6,3,3,14,0.0461538,6,1,1,0,0,1,118,147,12,1,12,1,16,0,16,0,18,69,0,18,0,124,153,12,1,12,1,18,0,18,0,20,69,0,20,0,0,0,51,0,8,2,9,3,0,0,0,0,39,0,3,0,0,0,0,3,0
672,L12267,PowerModule,mindustry.world.modules.PowerModule,L39775,L103,C:\Users\domco\Desktop\DP\repos\Mindustry\core\src\mindustry\world\modules\PowerModule.java,7,1,37,2,0.0,0,0,0,0.0,0.0,0,0,1,1,1,6,2,3,1,0,2,0.0,0.172414,5,5,0,3,0.172414,5,1,1,0,0,1,24,31,4,0,4,0,2,4,2,0,4,15,4,4,0,24,31,4,0,4,0,2,4,2,0,4,15,4,4,0,0,0,11,0,2,0,0,1,0,0,0,0,7,0,0,0,0,1,0,4,0
673,L40167,Tiles$TileIterator,mindustry.world.Tiles$TileIterator,L1975,L103,C:\Users\domco\Desktop\DP\repos\Mindustry\core\src\mindustry\world\Tiles.java,88,5,103,6,0.0,0,0,0,0.0,0.0,0,0,1,0,0,3,2,1,1,0,3,0.0,0.0,0,0,0,3,0.0,0,0,0,0,0,0,13,16,1,0,1,0,3,0,2,0,3,2,0,2,0,13,16,1,0,1,0,3,0,2,0,3,2,0,2,0,0,0,9,0,3,0,0,1,0,0,0,0,9,1,0,0,0,1,0,0,0
674,L40236,SNet,mindustry.desktop.steam.SNet,L40318,L103,C:\Users\domco\Desktop\DP\repos\Mindustry\desktop\src\mindustry\desktop\steam\SNet.java,24,1,445,2,0.0160051,1,1,1,0.151659,0.013468,64,4,2,4,4,64,20,4,4,25,47,0.0,0.0469314,13,0,0,21,0.0511182,16,1,1,0,0,1,264,381,15,1,15,1,22,3,20,0,23,146,3,21,0,297,422,36,1,16,1,26,3,24,0,35,164,23,32,0,0,0,80,9,32,4,9,21,2,2,1,4,54,0,6,0,0,6,0,12,0
675,L40243,SStats,mindustry.desktop.steam.SStats,L40318,L103,C:\Users\domco\Desktop\DP\repos\Mindustry\desktop\src\mindustry\desktop\steam\SStats.java,10,1,51,2,0.0,0,0,0,0.0,0.0,0,0,2,1,1,6,3,3,2,1,5,0.0,0.0333333,1,0,0,5,0.0333333,1,0,0,0,0,0,29,42,3,0,3,0,4,1,4,0,4,10,1,4,0,29,42,3,0,3,0,4,1,4,0,4,10,1,4,0,0,0,16,0,2,0,0,0,1,0,0,1,11,0,0,0,0,1,0,4,0
676,L40257,SUser,mindustry.desktop.steam.SUser,L40318,L103,C:\Users\domco\Desktop\DP\repos\Mindustry\desktop\src\mindustry\desktop\steam\SUser.java,5,1,7,2,0.0,0,0,0,0.0,0.0,0,0,0,0,0,0,0,2,0,0,0,0.0,0.0,0,0,0,1,0.0,0,0,0,0,0,0,3,3,1,0,1,0,0,1,0,0,0,0,1,0,0,3,3,1,0,1,0,0,1,0,0,0,0,1,0,0,0,0,7,0,0,0,0,0,0,0,0,0,3,0,0,0,0,0,0,4,0
677,L40448,SVars,mindustry.desktop.steam.SVars,L40318,L103,C:\Users\domco\Desktop\DP\repos\Mindustry\desktop\src\mindustry\desktop\steam\SVars.java,3,1,10,2,0.0,0,0,0,0.0,0.0,0,0,0,0,0,0,4,3,0,0,0,0.0,0.0,0,0,0,1,0.0,0,0,0,0,0,0,7,8,5,0,5,0,0,5,0,0,0,0,5,0,0,7,8,5,0,5,0,0,5,0,0,0,0,5,0,0,0,0,7,0,1,0,0,1,0,0,0,0,3,0,0,0,0,0,0,4,0
678,L40250,SWorkshop,mindustry.desktop.steam.SWorkshop,L40318,L103,C:\Users\domco\Desktop\DP\repos\Mindustry\desktop\src\mindustry\desktop\steam\SWorkshop.java,22,1,321,2,0.0,0,0,0,0.0,0.0,0,0,3,3,3,29,11,2,4,10,27,0.230769,0.0280899,5,4,3,10,0.0280899,5,0,0,0,0,0,173,300,5,1,5,1,17,1,12,0,17,100,1,12,0,173,300,5,1,5,1,17,1,12,0,17,100,1,12,0,0,2,43,1,17,7,0,5,1,0,1,4,37,0,3,0,0,1,0,4,0
679,L40717,Generators$ScorchGenerator,mindustry.tools.Generators$ScorchGenerator,L40710,L103,C:\Users\domco\Desktop\DP\repos\Mindustry\tools\src\mindustry\tools\Generators.java,618,5,638,6,0.0,0,0,0,0.0,0.0,0,0,1,0,0,2,0,0,0,0,2,0.5,0.0714286,1,1,1,1,0.0714286,1,0,0,0,0,0,13,21,9,0,9,0,2,9,1,0,2,4,9,1,0,13,21,9,0,9,0,2,9,1,0,2,4,9,1,0,0,0,13,0,4,2,0,1,0,0,0,0,7,0,0,0,0,1,0,6,0
680,L40804,ImagePacker$GenRegion,mindustry.tools.ImagePacker$GenRegion,L40792,L103,C:\Users\domco\Desktop\DP\repos\Mindustry\tools\src\mindustry\tools\ImagePacker.java,262,5,276,6,0.0,0,0,0,0.0,0.0,0,0,1,1,1,3,0,3,1,0,2,0.0,0.0,0,0,0,2,0.0,0,0,0,1,1,0,13,15,2,0,2,0,2,0,1,0,2,5,0,1,0,13,15,2,0,2,0,2,0,1,0,2,5,0,1,0,0,0,7,0,3,0,0,3,0,0,0,0,7,0,0,0,0,0,0,0,0
681,L40795,ImagePacker$PackIndex,mindustry.tools.ImagePacker$PackIndex,L40792,L103,C:\Users\domco\Desktop\DP\repos\Mindustry\tools\src\mindustry\tools\ImagePacker.java,278,5,286,6,0.0,0,0,0,0.0,0.0,0,0,0,0,0,1,0,1,0,0,1,0.0,0.0,0,0,0,2,0.0,0,0,0,0,0,0,8,9,3,0,3,0,1,0,1,0,1,1,0,1,0,8,9,3,0,3,0,1,0,1,0,1,1,0,1,0,0,0,5,0,3,0,0,3,0,0,0,0,5,0,0,0,0,0,0,0,0
682,L40976,ApplicationTests$1,ApplicationTests$1,L40971,L103,C:\Users\domco\Desktop\DP\repos\Mindustry\tests\src\test\java\ApplicationTests.java,61,57,111,14,0.0,0,0,0,0.0,0.0,0,0,2,4,4,7,13,0,0,13,15,0.0,0.025641,1,0,0,3,0.0454545,2,0,0,0,0,0,38,46,0,0,0,0,2,0,2,0,2,24,0,2,0,42,51,5,4,0,1,3,0,3,0,47,25,2,45,2,0,1,20,1,1,0,0,1,1,2,2,1,12,0,1,0,0,0,0,3,0
683,L41000,ApplicationTests$2,ApplicationTests$2,L40996,L103,C:\Users\domco\Desktop\DP\repos\Mindustry\tests\src\test\java\ApplicationTests.java,221,47,223,11,0.0,0,0,0,0.0,0.0,0,0,0,0,0,0,1,0,0,0,0,0.0,0.0,0,0,0,1,0.0,0,1,1,0,0,1,3,3,59,0,0,0,0,0,0,0,8,0,59,8,0,3,3,59,0,0,0,0,0,0,0,8,0,59,8,0,0,1,7,0,0,0,0,0,0,0,0,0,3,0,1,0,0,0,0,4,0
684,L41033,ApplicationTests$3,ApplicationTests$3,L41030,L103,C:\Users\domco\Desktop\DP\repos\Mindustry\tests\src\test\java\ApplicationTests.java,570,60,584,11,0.0,0,0,0,0.0,0.0,0,0,0,0,0,0,1,0,0,0,0,0.0,0.0,0,0,0,1,0.0,0,4,4,0,0,1,6,15,142,8,0,0,0,0,0,0,107,0,135,105,3,6,15,142,8,0,0,0,0,0,0,107,0,135,105,3,0,1,11,0,0,0,0,0,0,0,0,0,3,0,1,0,0,0,0,8,0
685,L41124,DirectConsumerTests$1,power.DirectConsumerTests$1,L41111,L103,C:\Users\domco\Desktop\DP\repos\Mindustry\tests\src\test\java\power\DirectConsumerTests.java,33,73,38,11,0.0,0,0,0,0.0,0.0,0,0,0,0,0,0,1,0,0,0,0,0.0,0.0,0,0,0,1,0.0,0,5,5,0,0,1,6,6,152,8,0,0,0,0,0,0,113,0,145,111,4,6,6,152,8,0,0,0,0,0,0,113,0,145,111,4,0,1,11,0,0,0,0,0,0,0,0,0,3,0,1,0,0,0,0,8,0
686,L41212,ItemLiquidGeneratorTests$1,power.ItemLiquidGeneratorTests$1,L41200,L103,C:\Users\domco\Desktop\DP\repos\Mindustry\tests\src\test\java\power\ItemLiquidGeneratorTests.java,36,137,53,10,0.0,0,0,0,0.0,0.0,0,0,0,0,0,2,3,0,0,0,2,0.0,0.0,0,0,0,3,0.0,0,8,8,0,0,1,16,18,156,12,0,2,2,0,2,0,122,2,149,117,7,16,18,156,12,0,2,2,0,2,0,122,2,149,117,7,0,1,17,0,0,0,0,0,0,0,0,0,7,0,1,2,0,0,0,8,0
687,L41270,PowerTestFixture$1,power.PowerTestFixture$1,L41264,L103,C:\Users\domco\Desktop\DP\repos\Mindustry\tests\src\test\java\power\PowerTestFixture.java,35,47,40,14,0.0,0,0,0,0.0,0.0,0,0,1,0,0,1,2,0,0,0,1,0.0,0.0,0,0,0,2,0.0,0,1,1,0,0,1,5,6,7,5,0,0,1,0,1,0,42,0,0,41,2,5,6,7,5,0,0,1,0,1,0,42,0,0,41,2,0,0,5,0,1,0,0,0,0,0,0,0,5,1,0,0,0,0,0,0,0
688,L41276,PowerTestFixture$2,power.PowerTestFixture$2,L41127,L103,C:\Users\domco\Desktop\DP\repos\Mindustry\tests\src\test\java\power\PowerTestFixture.java,52,65,55,11,0.0,0,0,0,0.0,0.0,0,0,0,0,0,0,1,0,0,0,0,0.0,0.0,0,0,0,1,0.0,0,7,7,0,0,1,4,4,144,8,0,0,0,0,0,0,113,0,137,111,5,4,4,144,8,0,0,0,0,0,0,113,0,137,111,5,0,1,13,0,0,0,0,0,0,0,0,0,3,0,1,2,0,0,0,8,0
689,L41283,PowerTestFixture$3,power.PowerTestFixture$3,L41279,L103,C:\Users\domco\Desktop\DP\repos\Mindustry\tests\src\test\java\power\PowerTestFixture.java,59,62,62,11,0.0,0,0,0,0.0,0.0,0,0,0,0,0,0,1,0,0,0,0,0.0,0.0,0,0,0,1,0.0,0,7,7,0,0,1,4,4,145,8,0,0,0,0,0,0,110,0,138,108,3,4,4,145,8,0,0,0,0,0,0,110,0,138,108,3,0,1,13,0,0,0,0,0,0,0,0,0,3,0,1,2,0,0,0,8,0
690,L41290,PowerTestFixture$4,power.PowerTestFixture$4,L41286,L103,C:\Users\domco\Desktop\DP\repos\Mindustry\tests\src\test\java\power\PowerTestFixture.java,66,72,69,11,0.0,0,0,0,0.0,0.0,0,0,0,0,0,0,1,0,0,0,0,0.0,0.0,0,0,0,1,0.0,0,5,5,0,0,1,4,4,142,8,0,0,0,0,0,0,108,0,135,106,3,4,4,142,8,0,0,0,0,0,0,108,0,135,106,3,0,1,11,0,0,0,0,0,0,0,0,0,3,0,1,0,0,0,0,8,0
691,L41299,PowerTestFixture$5,power.PowerTestFixture$5,L41120,L103,C:\Users\domco\Desktop\DP\repos\Mindustry\tests\src\test\java\power\PowerTestFixture.java,98,33,104,18,0.0,0,0,0,0.0,0.0,0,0,0,0,0,1,1,0,0,0,1,0.5,0.142857,1,1,1,1,0.142857,1,1,1,0,0,1,6,7,19,16,0,1,1,0,1,0,29,1,4,28,0,6,7,19,16,0,1,1,0,1,0,29,1,4,28,0,0,0,9,0,0,0,0,0,0,0,0,0,5,0,0,0,0,0,0,4,0
692,L184,AndroidLauncher$1,mindustry.android.AndroidLauncher$1,L160,L103,C:\Users\domco\Desktop\DP\repos\Mindustry\android\src\mindustry\android\AndroidLauncher.java,60,40,183,10,0.0,0,0,0,0.0,0.0,0,0,7,3,2,20,5,0,0,3,12,0.0,0.0,0,0,0,9,0.0375,3,2,2,0,0,1,62,105,5,4,0,1,9,0,8,0,29,24,0,29,0,77,124,5,4,0,1,10,0,8,0,30,32,0,29,0,0,3,28,0,2,1,0,1,1,1,0,0,26,1,2,0,0,0,0,0,0
693,L278,AndroidLauncher$2,mindustry.android.AndroidLauncher$2,L160,L103,C:\Users\domco\Desktop\DP\repos\Mindustry\android\src\mindustry\android\AndroidLauncher.java,183,49,186,11,0.0,0,0,0,0.0,0.0,0,0,0,0,0,0,0,0,0,0,0,0.0,0.0,0,0,0,1,0.0,0,0,0,0,0,0,4,4,0,0,0,0,0,0,0,0,0,0,0,0,0,4,4,0,0,0,0,0,0,0,0,0,0,0,0,0,0,1,3,0,0,0,0,0,0,0,0,0,3,0,1,0,0,0,0,0,0
694,L954,EntityIO$Revision,mindustry.annotations.entity.EntityIO$Revision,L939,L103,C:\Users\domco\Desktop\DP\repos\Mindustry\annotations\src\main\java\mindustry\annotations\entity\EntityIO.java,314,5,338,6,0.0,0,0,0,0.0,0.0,0,0,1,2,2,6,1,1,1,0,3,0.0,0.047619,1,1,0,1,0.047619,1,0,0,0,0,0,20,25,2,0,2,0,3,0,0,0,3,12,0,0,0,20,25,2,0,2,0,3,0,0,0,3,12,0,0,0,0,0,9,0,5,0,0,4,0,0,0,0,9,1,0,0,0,0,0,0,0
695,L992,EntityIO$RevisionField,mindustry.annotations.entity.EntityIO$RevisionField,L939,L103,C:\Users\domco\Desktop\DP\repos\Mindustry\annotations\src\main\java\mindustry\annotations\entity\EntityIO.java,340,5,349,6,0.0,0,0,0,0.0,0.0,0,0,0,0,0,2,0,2,0,0,2,0.0,0.0,0,0,0,1,0.0,0,0,0,0,0,0,8,10,2,0,2,0,2,0,0,0,2,2,0,0,0,8,10,2,0,2,0,2,0,0,0,2,2,0,0,0,0,0,7,0,3,1,0,1,0,0,0,0,7,1,0,0,0,0,0,0,0
696,L1085,EntityProcess$GroupDefinition,mindustry.annotations.entity.EntityProcess$GroupDefinition,L1072,L103,C:\Users\domco\Desktop\DP\repos\Mindustry\annotations\src\main\java\mindustry\annotations\entity\EntityProcess.java,994,5,1014,6,0.0,0,0,0,0.0,0.0,0,0,1,0,0,2,1,2,1,0,2,0.0,0.0,0,0,0,3,0.0,0,0,0,0,0,0,19,21,7,0,7,0,2,0,2,0,2,7,0,2,0,19,21,7,0,7,0,2,0,2,0,2,7,0,2,0,0,0,9,0,6,1,0,5,0,0,0,0,7,0,0,0,0,0,0,2,0
697,L1081,EntityProcess$EntityDefinition,mindustry.annotations.entity.EntityProcess$EntityDefinition,L1072,L103,C:\Users\domco\Desktop\DP\repos\Mindustry\annotations\src\main\java\mindustry\annotations\entity\EntityProcess.java,1016,5,1046,6,0.49,2,2,2,0.322581,0.344828,10,10,1,0,0,2,3,1,1,0,2,0.0,0.0,0,0,0,3,0.0,0,0,0,0,0,0,29,31,9,0,9,0,2,0,2,0,2,9,0,2,0,29,31,9,0,9,0,2,0,2,0,2,9,0,2,0,0,0,21,0,9,0,11,9,0,0,0,0,7,0,0,0,0,0,0,3,0
698,L1727,AnnotationProxyMaker$ValueVisitor,mindustry.annotations.util.AnnotationProxyMaker$ValueVisitor,L1657,L103,C:\Users\domco\Desktop\DP\repos\Mindustry\annotations\src\main\java\mindustry\annotations\util\AnnotationProxyMaker.java,90,5,205,6,0.0,0,0,0,0.0,0.0,0,0,1,4,4,23,1,1,1,2,11,0.0,0.0,0,0,0,7,0.0,0,0,0,0,0,0,95,116,3,1,3,1,9,0,6,0,9,56,0,6,0,95,116,3,1,3,1,9,0,6,0,9,56,0,6,0,0,0,23,0,2,0,0,1,0,2,0,1,21,0,0,0,0,0,0,0,0
699,L947,TypeIOResolver$ClassSerializer,mindustry.annotations.util.TypeIOResolver$ClassSerializer,L1904,L103,C:\Users\domco\Desktop\DP\repos\Mindustry\annotations\src\main\java\mindustry\annotations\util\TypeIOResolver.java,49,5,57,6,0.0,0,0,0,0.0,0.0,0,0,0,0,0,1,0,5,1,0,1,0.5,0.111111,1,1,1,1,0.111111,1,0,0,0,0,0,8,9,3,0,3,0,1,3,1,0,1,3,3,1,0,8,9,3,0,3,0,1,3,1,0,1,3,3,1,0,0,0,9,0,1,1,0,0,0,0,0,0,5,0,0,0,0,0,0,4,0
700,L2747,CircleFormation,mindustry.ai.formations.patterns.CircleFormation,L2743,L103,C:\Users\domco\Desktop\DP\repos\Mindustry\core\src\mindustry\ai\formations\patterns\CircleFormation.java,7,1,22,2,0.0,0,0,0,0.0,0.0,0,0,1,1,1,3,1,1,0,0,1,0.0,0.0,0,0,0,2,0.0,0,1,1,0,0,1,13,16,2,0,0,0,1,0,1,0,2,6,2,2,0,13,16,2,0,0,0,1,0,1,0,2,6,2,2,0,0,0,7,0,0,0,0,0,0,0,0,0,5,0,0,0,0,0,0,2,0
701,L2756,SquareFormation,mindustry.ai.formations.patterns.SquareFormation,L2743,L103,C:\Users\domco\Desktop\DP\repos\Mindustry\core\src\mindustry\ai\formations\patterns\SquareFormation.java,7,1,25,2,0.0,0,0,0,0.0,0.0,0,0,1,1,1,4,1,0,0,0,1,0.0,0.133333,2,0,0,2,0.133333,2,1,1,0,0,1,13,19,2,0,0,0,1,0,1,0,2,8,2,2,0,13,19,2,0,0,0,1,0,1,0,2,8,2,2,0,0,0,7,0,2,2,0,0,0,0,0,0,5,0,0,0,0,0,0,2,0
702,L2809,SoftRoleSlotAssignmentStrategy$CostAndSlot,mindustry.ai.formations.SoftRoleSlotAssignmentStrategy$CostAndSlot,L2776,L103,C:\Users\domco\Desktop\DP\repos\Mindustry\core\src\mindustry\ai\formations\SoftRoleSlotAssignmentStrategy.java,129,5,142,6,0.0,0,0,0,0.0,0.0,0,0,1,0,0,2,0,1,1,0,2,0.0,0.0,0,0,0,3,0.0,0,0,0,0,0,0,12,14,2,0,2,0,2,0,2,0,2,3,0,2,0,12,14,2,0,2,0,2,0,2,0,2,3,0,2,0,0,0,7,0,2,0,0,2,0,0,0,0,7,0,0,0,0,0,0,0,0
703,L2802,SoftRoleSlotAssignmentStrategy$MemberAndSlots,mindustry.ai.formations.SoftRoleSlotAssignmentStrategy$MemberAndSlots,L2776,L103,C:\Users\domco\Desktop\DP\repos\Mindustry\core\src\mindustry\ai\formations\SoftRoleSlotAssignmentStrategy.java,144,5,159,6,0.0,0,0,0,0.0,0.0,0,0,1,0,0,2,1,1,1,0,2,0.0,0.0,0,0,0,3,0.0,0,0,0,0,0,0,14,16,3,0,3,0,2,0,2,0,2,4,0,2,0,14,16,3,0,3,0,2,0,2,0,2,4,0,2,0,0,0,7,0,3,0,0,3,0,0,0,0,7,0,0,0,0,0,0,0,0
704,L3566,PhysicsProcess$PhysicsWorld$PhysicsBody,mindustry.async.PhysicsProcess$PhysicsWorld$PhysicsBody,L3548,L103,C:\Users\domco\Desktop\DP\repos\Mindustry\core\src\mindustry\async\PhysicsProcess.java,197,9,206,10,0.0,0,0,0,0.0,0.0,0,0,1,0,0,1,0,3,1,0,1,0.0,0.0,0,0,0,2,0.0,0,0,0,0,0,0,9,10,7,0,7,0,1,7,1,0,1,1,7,1,0,9,10,7,0,7,0,1,7,1,0,1,1,7,1,0,0,0,10,0,4,2,0,0,0,0,0,0,5,0,0,0,0,2,0,5,0
705,L4215,Blocks$1,mindustry.content.Blocks$1,L4198,L103,C:\Users\domco\Desktop\DP\repos\Mindustry\core\src\mindustry\content\Blocks.java,111,35,114,11,0.0,0,0,0,0.0,0.0,0,0,0,0,0,0,1,0,0,0,0,0.0,0.0,0,0,0,1,0.0,0,5,5,0,0,1,4,4,145,8,0,0,0,0,0,0,110,0,138,108,3,4,4,145,8,0,0,0,0,0,0,110,0,138,108,3,0,1,11,0,0,0,0,0,0,0,0,0,3,0,1,0,0,0,0,8,0
706,L4234,Blocks$2,mindustry.content.Blocks$2,L4198,L103,C:\Users\domco\Desktop\DP\repos\Mindustry\core\src\mindustry\content\Blocks.java,122,44,133,11,0.0,0,0,0,0.0,0.0,0,0,0,0,0,0,1,0,0,0,0,0.0,0.0,0,0,0,1,0.0,0,5,5,0,0,1,12,12,172,8,0,0,0,0,0,0,123,0,161,115,3,12,12,172,8,0,0,0,0,0,0,123,0,161,115,3,0,1,11,0,0,0,0,0,0,0,0,0,3,0,1,0,0,0,0,8,0
707,L4266,Blocks$3,mindustry.content.Blocks$3,L4198,L103,C:\Users\domco\Desktop\DP\repos\Mindustry\core\src\mindustry\content\Blocks.java,135,43,144,11,0.0,0,0,0,0.0,0.0,0,0,0,0,0,0,1,0,0,0,0,0.0,0.0,0,0,0,1,0.0,0,5,5,0,0,1,10,10,172,8,0,0,0,0,0,0,123,0,161,115,3,10,10,172,8,0,0,0,0,0,0,123,0,161,115,3,0,1,11,0,0,0,0,0,0,0,0,0,3,0,1,0,0,0,0,8,0
708,L4272,Blocks$4,mindustry.content.Blocks$4,L4198,L103,C:\Users\domco\Desktop\DP\repos\Mindustry\core\src\mindustry\content\Blocks.java,146,50,156,11,0.0,0,0,0,0.0,0.0,0,0,0,0,0,0,1,0,0,0,0,0.0,0.0,0,0,0,1,0.0,0,5,5,0,0,1,11,11,172,8,0,0,0,0,0,0,123,0,161,115,3,11,11,172,8,0,0,0,0,0,0,123,0,161,115,3,0,1,11,0,0,0,0,0,0,0,0,0,3,0,1,0,0,0,0,8,0
709,L4284,Blocks$5,mindustry.content.Blocks$5,L4198,L103,C:\Users\domco\Desktop\DP\repos\Mindustry\core\src\mindustry\content\Blocks.java,158,59,169,11,0.0,0,0,0,0.0,0.0,0,0,0,0,0,0,1,0,0,0,0,0.0,0.0,0,0,0,1,0.0,0,5,5,0,0,1,12,12,172,8,0,0,0,0,0,0,123,0,161,115,3,12,12,172,8,0,0,0,0,0,0,123,0,161,115,3,0,1,11,0,0,0,0,0,0,0,0,0,3,0,1,0,0,0,0,8,0
710,L4293,Blocks$6,mindustry.content.Blocks$6,L4198,L103,C:\Users\domco\Desktop\DP\repos\Mindustry\core\src\mindustry\content\Blocks.java,171,75,176,11,0.0,0,0,0,0.0,0.0,0,0,0,0,0,0,1,0,0,0,0,0.0,0.0,0,0,0,1,0.0,0,6,6,0,0,1,6,6,175,8,0,0,0,0,0,0,125,0,164,117,3,6,6,175,8,0,0,0,0,0,0,125,0,164,117,3,0,1,13,0,0,0,0,0,0,0,0,0,3,0,1,2,0,0,0,8,0
711,L4301,Blocks$7,mindustry.content.Blocks$7,L4198,L103,C:\Users\domco\Desktop\DP\repos\Mindustry\core\src\mindustry\content\Blocks.java,178,52,182,11,0.0,0,0,0,0.0,0.0,0,0,0,0,0,0,1,0,0,0,0,0.0,0.0,0,0,0,1,0.0,0,6,6,0,0,1,5,5,175,8,0,0,0,0,0,0,125,0,164,117,3,5,5,175,8,0,0,0,0,0,0,125,0,164,117,3,0,1,13,0,0,0,0,0,0,0,0,0,3,0,1,2,0,0,0,8,0
712,L4307,Blocks$8,mindustry.content.Blocks$8,L4198,L103,C:\Users\domco\Desktop\DP\repos\Mindustry\core\src\mindustry\content\Blocks.java,184,60,188,11,0.0,0,0,0,0.0,0.0,0,0,0,0,0,0,1,0,0,0,0,0.0,0.0,0,0,0,1,0.0,0,6,6,0,0,1,5,5,175,8,0,0,0,0,0,0,125,0,164,117,3,5,5,175,8,0,0,0,0,0,0,125,0,164,117,3,0,1,13,0,0,0,0,0,0,0,0,0,3,0,1,2,0,0,0,8,0
713,L4313,Blocks$9,mindustry.content.Blocks$9,L4198,L103,C:\Users\domco\Desktop\DP\repos\Mindustry\core\src\mindustry\content\Blocks.java,190,31,199,11,0.0,0,0,0,0.0,0.0,0,0,0,0,0,0,1,0,0,0,0,0.0,0.0,0,0,0,1,0.0,0,5,5,0,0,1,10,10,172,8,0,0,0,0,0,0,123,0,161,115,3,10,10,172,8,0,0,0,0,0,0,123,0,161,115,3,0,1,11,0,0,0,0,0,0,0,0,0,3,0,1,0,0,0,0,8,0
714,L4325,Blocks$10,mindustry.content.Blocks$10,L4198,L103,C:\Users\domco\Desktop\DP\repos\Mindustry\core\src\mindustry\content\Blocks.java,201,50,215,11,0.0,0,0,0,0.0,0.0,0,0,0,0,0,0,1,0,0,0,0,0.0,0.0,0,0,0,1,0.0,0,5,5,0,0,1,14,15,172,8,0,0,0,0,0,0,123,0,161,115,3,14,15,172,8,0,0,0,0,0,0,123,0,161,115,3,0,1,11,0,0,0,0,0,0,0,0,0,3,0,1,0,0,0,0,8,0
715,L4343,Blocks$11,mindustry.content.Blocks$11,L4198,L103,C:\Users\domco\Desktop\DP\repos\Mindustry\core\src\mindustry\content\Blocks.java,217,40,231,11,0.0,0,0,0,0.0,0.0,0,0,0,0,0,0,1,0,0,0,0,0.0,0.0,0,0,0,1,0.0,0,5,5,0,0,1,14,15,172,8,0,0,0,0,0,0,123,0,161,115,3,14,15,172,8,0,0,0,0,0,0,123,0,161,115,3,0,1,11,0,0,0,0,0,0,0,0,0,3,0,1,0,0,0,0,8,0
716,L4357,Blocks$12,mindustry.content.Blocks$12,L4198,L103,C:\Users\domco\Desktop\DP\repos\Mindustry\core\src\mindustry\content\Blocks.java,233,35,239,11,0.0,0,0,0,0.0,0.0,0,0,0,0,0,0,1,0,0,0,0,0.0,0.0,0,0,0,1,0.0,0,5,5,0,0,1,7,7,172,8,0,0,0,0,0,0,123,0,161,115,3,7,7,172,8,0,0,0,0,0,0,123,0,161,115,3,0,1,11,0,0,0,0,0,0,0,0,0,3,0,1,0,0,0,0,8,0
717,L4376,Blocks$13,mindustry.content.Blocks$13,L4198,L103,C:\Users\domco\Desktop\DP\repos\Mindustry\core\src\mindustry\content\Blocks.java,245,44,248,11,0.0,0,0,0,0.0,0.0,0,0,0,0,0,0,1,0,0,0,0,0.0,0.0,0,0,0,1,0.0,0,5,5,0,0,1,4,4,172,8,0,0,0,0,0,0,123,0,161,115,3,4,4,172,8,0,0,0,0,0,0,123,0,161,115,3,0,1,11,0,0,0,0,0,0,0,0,0,3,0,1,0,0,0,0,8,0
718,L4384,Blocks$14,mindustry.content.Blocks$14,L4198,L103,C:\Users\domco\Desktop\DP\repos\Mindustry\core\src\mindustry\content\Blocks.java,250,34,252,11,0.0,0,0,0,0.0,0.0,0,0,0,0,0,0,1,0,0,0,0,0.0,0.0,0,0,0,1,0.0,0,5,5,0,0,1,3,3,172,8,0,0,0,0,0,0,123,0,161,115,3,3,3,172,8,0,0,0,0,0,0,123,0,161,115,3,0,1,11,0,0,0,0,0,0,0,0,0,3,0,1,0,0,0,0,8,0
719,L4390,Blocks$15,mindustry.content.Blocks$15,L4198,L103,C:\Users\domco\Desktop\DP\repos\Mindustry\core\src\mindustry\content\Blocks.java,254,37,256,11,0.0,0,0,0,0.0,0.0,0,0,0,0,0,0,1,0,0,0,0,0.0,0.0,0,0,0,1,0.0,0,5,5,0,0,1,3,3,172,8,0,0,0,0,0,0,123,0,161,115,3,3,3,172,8,0,0,0,0,0,0,123,0,161,115,3,0,1,11,0,0,0,0,0,0,0,0,0,3,0,1,0,0,0,0,8,0
720,L4398,Blocks$16,mindustry.content.Blocks$16,L4198,L103,C:\Users\domco\Desktop\DP\repos\Mindustry\core\src\mindustry\content\Blocks.java,258,39,266,11,0.0,0,0,0,0.0,0.0,0,0,0,0,0,0,1,0,0,0,0,0.0,0.0,0,0,0,1,0.0,0,5,5,0,0,1,8,9,172,8,0,0,0,0,0,0,123,0,161,115,3,8,9,172,8,0,0,0,0,0,0,123,0,161,115,3,0,1,11,0,0,0,0,0,0,0,0,0,3,0,1,0,0,0,0,8,0
721,L4404,Blocks$17,mindustry.content.Blocks$17,L4198,L103,C:\Users\domco\Desktop\DP\repos\Mindustry\core\src\mindustry\content\Blocks.java,268,43,276,11,0.0,0,0,0,0.0,0.0,0,0,0,0,0,0,1,0,0,0,0,0.0,0.0,0,0,0,1,0.0,0,5,5,0,0,1,8,9,172,8,0,0,0,0,0,0,123,0,161,115,3,8,9,172,8,0,0,0,0,0,0,123,0,161,115,3,0,1,11,0,0,0,0,0,0,0,0,0,3,0,1,0,0,0,0,8,0
722,L4410,Blocks$18,mindustry.content.Blocks$18,L4198,L103,C:\Users\domco\Desktop\DP\repos\Mindustry\core\src\mindustry\content\Blocks.java,278,33,282,11,0.0,0,0,0,0.0,0.0,0,0,0,0,0,0,1,0,0,0,0,0.0,0.0,0,0,0,1,0.0,0,5,5,0,0,1,5,5,172,8,0,0,0,0,0,0,123,0,161,115,3,5,5,172,8,0,0,0,0,0,0,123,0,161,115,3,0,1,11,0,0,0,0,0,0,0,0,0,3,0,1,0,0,0,0,8,0
723,L4422,Blocks$19,mindustry.content.Blocks$19,L4198,L103,C:\Users\domco\Desktop\DP\repos\Mindustry\core\src\mindustry\content\Blocks.java,284,41,288,11,0.0,0,0,0,0.0,0.0,0,0,0,0,0,0,1,0,0,0,0,0.0,0.0,0,0,0,1,0.0,0,5,5,0,0,1,5,5,172,8,0,0,0,0,0,0,123,0,161,115,3,5,5,172,8,0,0,0,0,0,0,123,0,161,115,3,0,1,11,0,0,0,0,0,0,0,0,0,3,0,1,0,0,0,0,8,0
724,L4429,Blocks$20,mindustry.content.Blocks$20,L4198,L103,C:\Users\domco\Desktop\DP\repos\Mindustry\core\src\mindustry\content\Blocks.java,292,31,303,11,0.0,0,0,0,0.0,0.0,0,0,0,0,0,0,1,0,0,0,0,0.0,0.0,0,0,0,1,0.0,0,5,5,0,0,1,12,12,172,8,0,0,0,0,0,0,123,0,161,115,3,12,12,172,8,0,0,0,0,0,0,123,0,161,115,3,0,1,11,0,0,0,0,0,0,0,0,0,3,0,1,0,0,0,0,8,0
725,L4450,Blocks$21,mindustry.content.Blocks$21,L4198,L103,C:\Users\domco\Desktop\DP\repos\Mindustry\core\src\mindustry\content\Blocks.java,311,35,313,11,0.0,0,0,0,0.0,0.0,0,0,0,0,0,0,1,0,0,0,0,0.0,0.0,0,0,0,1,0.0,0,5,5,0,0,1,3,3,172,8,0,0,0,0,0,0,123,0,161,115,3,3,3,172,8,0,0,0,0,0,0,123,0,161,115,3,0,1,11,0,0,0,0,0,0,0,0,0,3,0,1,0,0,0,0,8,0
726,L4456,Blocks$22,mindustry.content.Blocks$22,L4198,L103,C:\Users\domco\Desktop\DP\repos\Mindustry\core\src\mindustry\content\Blocks.java,315,33,319,11,0.0,0,0,0,0.0,0.0,0,0,0,0,0,0,1,0,0,0,0,0.0,0.0,0,0,0,1,0.0,0,5,5,0,0,1,5,5,172,8,0,0,0,0,0,0,123,0,161,115,3,5,5,172,8,0,0,0,0,0,0,123,0,161,115,3,0,1,11,0,0,0,0,0,0,0,0,0,3,0,1,0,0,0,0,8,0
727,L4462,Blocks$23,mindustry.content.Blocks$23,L4198,L103,C:\Users\domco\Desktop\DP\repos\Mindustry\core\src\mindustry\content\Blocks.java,321,33,324,11,0.0,0,0,0,0.0,0.0,0,0,0,0,0,0,1,0,0,0,0,0.0,0.0,0,0,0,1,0.0,0,5,5,0,0,1,4,4,172,8,0,0,0,0,0,0,123,0,161,115,3,4,4,172,8,0,0,0,0,0,0,123,0,161,115,3,0,1,11,0,0,0,0,0,0,0,0,0,3,0,1,0,0,0,0,8,0
728,L4468,Blocks$24,mindustry.content.Blocks$24,L4198,L103,C:\Users\domco\Desktop\DP\repos\Mindustry\core\src\mindustry\content\Blocks.java,326,31,331,11,0.0,0,0,0,0.0,0.0,0,0,0,0,0,0,1,0,0,0,0,0.0,0.0,0,0,0,1,0.0,0,5,5,0,0,1,6,6,172,8,0,0,0,0,0,0,123,0,161,115,3,6,6,172,8,0,0,0,0,0,0,123,0,161,115,3,0,1,11,0,0,0,0,0,0,0,0,0,3,0,1,0,0,0,0,8,0
729,L4476,Blocks$25,mindustry.content.Blocks$25,L4198,L103,C:\Users\domco\Desktop\DP\repos\Mindustry\core\src\mindustry\content\Blocks.java,333,40,338,11,0.0,0,0,0,0.0,0.0,0,0,0,0,0,0,1,0,0,0,0,0.0,0.0,0,0,0,1,0.0,0,5,5,0,0,1,6,6,172,8,0,0,0,0,0,0,123,0,161,115,3,6,6,172,8,0,0,0,0,0,0,123,0,161,115,3,0,1,11,0,0,0,0,0,0,0,0,0,3,0,1,0,0,0,0,8,0
730,L4482,Blocks$26,mindustry.content.Blocks$26,L4198,L103,C:\Users\domco\Desktop\DP\repos\Mindustry\core\src\mindustry\content\Blocks.java,340,35,343,11,0.0,0,0,0,0.0,0.0,0,0,0,0,0,0,1,0,0,0,0,0.0,0.0,0,0,0,1,0.0,0,5,5,0,0,1,4,4,172,8,0,0,0,0,0,0,123,0,161,115,3,4,4,172,8,0,0,0,0,0,0,123,0,161,115,3,0,1,11,0,0,0,0,0,0,0,0,0,3,0,1,0,0,0,0,8,0
731,L4488,Blocks$27,mindustry.content.Blocks$27,L4198,L103,C:\Users\domco\Desktop\DP\repos\Mindustry\core\src\mindustry\content\Blocks.java,345,33,348,11,0.0,0,0,0,0.0,0.0,0,0,0,0,0,0,1,0,0,0,0,0.0,0.0,0,0,0,1,0.0,0,5,5,0,0,1,4,4,172,8,0,0,0,0,0,0,123,0,161,115,3,4,4,172,8,0,0,0,0,0,0,123,0,161,115,3,0,1,11,0,0,0,0,0,0,0,0,0,3,0,1,0,0,0,0,8,0
732,L4494,Blocks$28,mindustry.content.Blocks$28,L4198,L103,C:\Users\domco\Desktop\DP\repos\Mindustry\core\src\mindustry\content\Blocks.java,350,44,353,11,0.0,0,0,0,0.0,0.0,0,0,0,0,0,0,1,0,0,0,0,0.0,0.0,0,0,0,1,0.0,0,5,5,0,0,1,4,4,172,8,0,0,0,0,0,0,123,0,161,115,3,4,4,172,8,0,0,0,0,0,0,123,0,161,115,3,0,1,11,0,0,0,0,0,0,0,0,0,3,0,1,0,0,0,0,8,0
733,L4503,Blocks$29,mindustry.content.Blocks$29,L4198,L103,C:\Users\domco\Desktop\DP\repos\Mindustry\core\src\mindustry\content\Blocks.java,355,49,357,11,0.0,0,0,0,0.0,0.0,0,0,0,0,0,0,1,0,0,0,0,0.0,0.0,0,0,0,1,0.0,0,6,6,0,0,1,3,3,144,8,0,0,0,0,0,0,114,0,137,111,3,3,3,144,8,0,0,0,0,0,0,114,0,137,111,3,0,1,13,0,0,0,0,0,0,0,0,0,3,0,1,2,0,0,0,8,0
734,L4511,Blocks$30,mindustry.content.Blocks$30,L4198,L103,C:\Users\domco\Desktop\DP\repos\Mindustry\core\src\mindustry\content\Blocks.java,359,49,361,11,0.0,0,0,0,0.0,0.0,0,0,0,0,0,0,1,0,0,0,0,0.0,0.0,0,0,0,1,0.0,0,6,6,0,0,1,3,3,144,8,0,0,0,0,0,0,114,0,137,111,3,3,3,144,8,0,0,0,0,0,0,114,0,137,111,3,0,1,13,0,0,0,0,0,0,0,0,0,3,0,1,2,0,0,0,8,0
735,L4521,Blocks$31,mindustry.content.Blocks$31,L4198,L103,C:\Users\domco\Desktop\DP\repos\Mindustry\core\src\mindustry\content\Blocks.java,367,45,370,11,0.0,0,0,0,0.0,0.0,0,0,0,0,0,0,1,0,0,0,0,0.0,0.0,0,0,0,1,0.0,0,6,6,0,0,1,4,4,144,8,0,0,0,0,0,0,114,0,137,111,3,4,4,144,8,0,0,0,0,0,0,114,0,137,111,3,0,1,13,0,0,0,0,0,0,0,0,0,3,0,1,2,0,0,0,8,0
736,L4528,Blocks$32,mindustry.content.Blocks$32,L4198,L103,C:\Users\domco\Desktop\DP\repos\Mindustry\core\src\mindustry\content\Blocks.java,374,47,376,11,0.0,0,0,0,0.0,0.0,0,0,0,0,0,0,1,0,0,0,0,0.0,0.0,0,0,0,1,0.0,0,6,6,0,0,1,3,3,144,8,0,0,0,0,0,0,114,0,137,111,3,3,3,144,8,0,0,0,0,0,0,114,0,137,111,3,0,1,13,0,0,0,0,0,0,0,0,0,3,0,1,2,0,0,0,8,0
737,L4534,Blocks$33,mindustry.content.Blocks$33,L4198,L103,C:\Users\domco\Desktop\DP\repos\Mindustry\core\src\mindustry\content\Blocks.java,378,47,381,11,0.0,0,0,0,0.0,0.0,0,0,0,0,0,0,1,0,0,0,0,0.0,0.0,0,0,0,1,0.0,0,6,6,0,0,1,4,4,144,8,0,0,0,0,0,0,114,0,137,111,3,4,4,144,8,0,0,0,0,0,0,114,0,137,111,3,0,1,13,0,0,0,0,0,0,0,0,0,3,0,1,2,0,0,0,8,0
738,L4546,Blocks$34,mindustry.content.Blocks$34,L4198,L103,C:\Users\domco\Desktop\DP\repos\Mindustry\core\src\mindustry\content\Blocks.java,389,49,391,11,0.0,0,0,0,0.0,0.0,0,0,0,0,0,0,1,0,0,0,0,0.0,0.0,0,0,0,1,0.0,0,7,7,0,0,1,3,3,144,8,0,0,0,0,0,0,116,0,137,113,3,3,3,144,8,0,0,0,0,0,0,116,0,137,113,3,0,1,13,0,0,0,0,0,0,0,0,0,3,0,1,2,0,0,0,8,0
739,L4566,Blocks$35,mindustry.content.Blocks$35,L4198,L103,C:\Users\domco\Desktop\DP\repos\Mindustry\core\src\mindustry\content\Blocks.java,401,49,404,11,0.0,0,0,0,0.0,0.0,0,0,0,0,0,0,1,0,0,0,0,0.0,0.0,0,0,0,1,0.0,0,5,5,0,0,1,4,4,142,8,0,0,0,0,0,0,110,0,135,108,3,4,4,142,8,0,0,0,0,0,0,110,0,135,108,3,0,1,11,0,0,0,0,0,0,0,0,0,3,0,1,0,0,0,0,8,0
740,L4576,Blocks$36,mindustry.content.Blocks$36,L4198,L103,C:\Users\domco\Desktop\DP\repos\Mindustry\core\src\mindustry\content\Blocks.java,406,38,409,11,0.0,0,0,0,0.0,0.0,0,0,0,0,0,0,1,0,0,0,0,0.0,0.0,0,0,0,1,0.0,0,5,5,0,0,1,4,4,142,8,0,0,0,0,0,0,110,0,135,108,3,4,4,142,8,0,0,0,0,0,0,110,0,135,108,3,0,1,11,0,0,0,0,0,0,0,0,0,3,0,1,0,0,0,0,8,0
741,L4584,Blocks$37,mindustry.content.Blocks$37,L4198,L103,C:\Users\domco\Desktop\DP\repos\Mindustry\core\src\mindustry\content\Blocks.java,411,47,414,11,0.0,0,0,0,0.0,0.0,0,0,0,0,0,0,1,0,0,0,0,0.0,0.0,0,0,0,1,0.0,0,5,5,0,0,1,4,4,142,8,0,0,0,0,0,0,110,0,135,108,3,4,4,142,8,0,0,0,0,0,0,110,0,135,108,3,0,1,11,0,0,0,0,0,0,0,0,0,3,0,1,0,0,0,0,8,0
742,L4590,Blocks$38,mindustry.content.Blocks$38,L4198,L103,C:\Users\domco\Desktop\DP\repos\Mindustry\core\src\mindustry\content\Blocks.java,416,49,419,11,0.0,0,0,0,0.0,0.0,0,0,0,0,0,0,1,0,0,0,0,0.0,0.0,0,0,0,1,0.0,0,5,5,0,0,1,4,4,142,8,0,0,0,0,0,0,110,0,135,108,3,4,4,142,8,0,0,0,0,0,0,110,0,135,108,3,0,1,11,0,0,0,0,0,0,0,0,0,3,0,1,0,0,0,0,8,0
743,L4596,Blocks$39,mindustry.content.Blocks$39,L4198,L103,C:\Users\domco\Desktop\DP\repos\Mindustry\core\src\mindustry\content\Blocks.java,421,47,424,11,0.0,0,0,0,0.0,0.0,0,0,0,0,0,0,1,0,0,0,0,0.0,0.0,0,0,0,1,0.0,0,5,5,0,0,1,4,4,142,8,0,0,0,0,0,0,110,0,135,108,3,4,4,142,8,0,0,0,0,0,0,110,0,135,108,3,0,1,11,0,0,0,0,0,0,0,0,0,3,0,1,0,0,0,0,8,0
744,L4602,Blocks$40,mindustry.content.Blocks$40,L4198,L103,C:\Users\domco\Desktop\DP\repos\Mindustry\core\src\mindustry\content\Blocks.java,426,51,429,11,0.0,0,0,0,0.0,0.0,0,0,0,0,0,0,1,0,0,0,0,0.0,0.0,0,0,0,1,0.0,0,5,5,0,0,1,4,4,142,8,0,0,0,0,0,0,110,0,135,108,3,4,4,142,8,0,0,0,0,0,0,110,0,135,108,3,0,1,11,0,0,0,0,0,0,0,0,0,3,0,1,0,0,0,0,8,0
745,L4608,Blocks$41,mindustry.content.Blocks$41,L4198,L103,C:\Users\domco\Desktop\DP\repos\Mindustry\core\src\mindustry\content\Blocks.java,431,51,434,11,0.0,0,0,0,0.0,0.0,0,0,0,0,0,0,1,0,0,0,0,0.0,0.0,0,0,0,1,0.0,0,5,5,0,0,1,4,4,142,8,0,0,0,0,0,0,110,0,135,108,3,4,4,142,8,0,0,0,0,0,0,110,0,135,108,3,0,1,11,0,0,0,0,0,0,0,0,0,3,0,1,0,0,0,0,8,0
746,L4638,Blocks$42,mindustry.content.Blocks$42,L4198,L103,C:\Users\domco\Desktop\DP\repos\Mindustry\core\src\mindustry\content\Blocks.java,463,47,467,11,1.0,1,1,1,1.0,1.0,5,5,0,0,0,0,1,0,0,0,0,0.0,0.0,0,0,0,1,0.0,0,7,7,0,0,1,5,5,172,9,0,0,0,0,0,0,132,0,161,124,3,5,5,172,9,0,0,0,0,0,0,132,0,161,124,3,0,1,18,0,1,0,5,1,0,0,0,0,3,0,1,2,0,0,0,8,0
747,L4654,Blocks$43,mindustry.content.Blocks$43,L4198,L103,C:\Users\domco\Desktop\DP\repos\Mindustry\core\src\mindustry\content\Blocks.java,469,43,473,11,1.0,1,1,1,1.0,1.0,5,5,0,0,0,0,1,0,0,0,0,0.0,0.0,0,0,0,1,0.0,0,7,7,0,0,1,5,5,172,9,0,0,0,0,0,0,132,0,161,124,3,5,5,172,9,0,0,0,0,0,0,132,0,161,124,3,0,1,18,0,1,0,5,1,0,0,0,0,3,0,1,2,0,0,0,8,0
748,L4665,Blocks$44,mindustry.content.Blocks$44,L4198,L103,C:\Users\domco\Desktop\DP\repos\Mindustry\core\src\mindustry\content\Blocks.java,477,43,481,11,1.0,1,1,1,1.0,1.0,5,5,0,0,0,0,1,0,0,0,0,0.0,0.0,0,0,0,1,0.0,0,7,7,0,0,1,5,5,172,9,0,0,0,0,0,0,132,0,161,124,3,5,5,172,9,0,0,0,0,0,0,132,0,161,124,3,0,1,18,0,1,0,5,1,0,0,0,0,3,0,1,2,0,0,0,8,0
749,L4673,Blocks$45,mindustry.content.Blocks$45,L4198,L103,C:\Users\domco\Desktop\DP\repos\Mindustry\core\src\mindustry\content\Blocks.java,483,51,487,11,1.0,1,1,1,1.0,1.0,5,5,0,0,0,0,1,0,0,0,0,0.0,0.0,0,0,0,1,0.0,0,7,7,0,0,1,5,5,172,9,0,0,0,0,0,0,132,0,161,124,3,5,5,172,9,0,0,0,0,0,0,132,0,161,124,3,0,1,18,0,1,0,5,1,0,0,0,0,3,0,1,2,0,0,0,8,0
750,L4681,Blocks$46,mindustry.content.Blocks$46,L4198,L103,C:\Users\domco\Desktop\DP\repos\Mindustry\core\src\mindustry\content\Blocks.java,489,49,493,11,0.0,0,0,0,0.0,0.0,0,0,0,0,0,0,1,0,0,0,0,0.0,0.0,0,0,0,1,0.0,0,7,7,0,0,1,5,5,172,9,0,0,0,0,0,0,132,0,161,124,3,5,5,172,9,0,0,0,0,0,0,132,0,161,124,3,0,1,13,0,1,0,0,1,0,0,0,0,3,0,1,2,0,0,0,8,0
751,L4690,Blocks$47,mindustry.content.Blocks$47,L4198,L103,C:\Users\domco\Desktop\DP\repos\Mindustry\core\src\mindustry\content\Blocks.java,498,61,508,11,0.0,0,0,0,0.0,0.0,0,0,0,0,0,0,1,0,0,0,0,0.0,0.0,0,0,0,1,0.0,0,5,5,0,0,1,9,11,152,8,0,0,0,0,0,0,113,0,145,111,4,9,11,152,8,0,0,0,0,0,0,113,0,145,111,4,0,1,11,0,0,0,0,0,0,0,0,0,3,0,1,0,0,0,0,8,0
752,L4725,Blocks$48,mindustry.content.Blocks$48,L4198,L103,C:\Users\domco\Desktop\DP\repos\Mindustry\core\src\mindustry\content\Blocks.java,510,55,525,11,0.0,0,0,0,0.0,0.0,0,0,0,0,0,0,1,0,0,0,0,0.0,0.0,0,0,0,1,0.0,0,5,5,0,0,1,14,16,152,8,0,0,0,0,0,0,113,0,145,111,4,14,16,152,8,0,0,0,0,0,0,113,0,145,111,4,0,1,11,0,0,0,0,0,0,0,0,0,3,0,1,0,0,0,0,8,0
753,L4743,Blocks$49,mindustry.content.Blocks$49,L4198,L103,C:\Users\domco\Desktop\DP\repos\Mindustry\core\src\mindustry\content\Blocks.java,527,63,541,11,0.0,0,0,0,0.0,0.0,0,0,0,0,0,0,1,0,0,0,0,0.0,0.0,0,0,0,1,0.0,0,5,5,0,0,1,14,15,152,8,0,0,0,0,0,0,113,0,145,111,4,14,15,152,8,0,0,0,0,0,0,113,0,145,111,4,0,1,11,0,0,0,0,0,0,0,0,0,3,0,1,0,0,0,0,8,0
754,L4767,Blocks$50,mindustry.content.Blocks$50,L4198,L103,C:\Users\domco\Desktop\DP\repos\Mindustry\core\src\mindustry\content\Blocks.java,543,67,559,11,0.0,0,0,0,0.0,0.0,0,0,0,0,0,0,1,0,0,0,0,0.0,0.0,0,0,0,1,0.0,0,6,6,0,0,1,16,17,156,8,0,0,0,0,0,0,117,0,149,115,6,16,17,156,8,0,0,0,0,0,0,117,0,149,115,6,0,1,13,0,0,0,0,0,0,0,0,0,3,0,1,2,0,0,0,8,0
755,L4783,Blocks$51,mindustry.content.Blocks$51,L4198,L103,C:\Users\domco\Desktop\DP\repos\Mindustry\core\src\mindustry\content\Blocks.java,561,42,574,11,0.0,0,0,0,0.0,0.0,0,0,0,0,0,0,1,0,0,0,0,0.0,0.0,0,0,0,1,0.0,0,5,5,0,0,1,13,14,152,8,0,0,0,0,0,0,113,0,145,111,4,13,14,152,8,0,0,0,0,0,0,113,0,145,111,4,0,1,11,0,0,0,0,0,0,0,0,0,3,0,1,0,0,0,0,8,0
756,L4789,Blocks$52,mindustry.content.Blocks$52,L4198,L103,C:\Users\domco\Desktop\DP\repos\Mindustry\core\src\mindustry\content\Blocks.java,576,75,592,11,0.0,0,0,0,0.0,0.0,0,0,0,0,0,0,1,0,0,0,0,0.0,0.0,0,0,0,1,0.0,0,5,5,0,0,1,16,17,152,8,0,0,0,0,0,0,113,0,145,111,4,16,17,152,8,0,0,0,0,0,0,113,0,145,111,4,0,1,11,0,0,0,0,0,0,0,0,0,3,0,1,0,0,0,0,8,0
757,L4810,Blocks$53,mindustry.content.Blocks$53,L4198,L103,C:\Users\domco\Desktop\DP\repos\Mindustry\core\src\mindustry\content\Blocks.java,594,57,609,11,0.0,0,0,0,0.0,0.0,0,0,0,0,0,0,1,0,0,0,0,0.0,0.0,0,0,0,1,0.0,0,5,5,0,0,1,14,16,152,8,0,0,0,0,0,0,113,0,145,111,4,14,16,152,8,0,0,0,0,0,0,113,0,145,111,4,0,1,11,0,0,0,0,0,0,0,0,0,3,0,1,0,0,0,0,8,0
758,L4823,Blocks$54,mindustry.content.Blocks$54,L4198,L103,C:\Users\domco\Desktop\DP\repos\Mindustry\core\src\mindustry\content\Blocks.java,611,59,623,11,0.0,0,0,0,0.0,0.0,0,0,0,0,0,0,1,0,0,0,0,0.0,0.0,0,0,0,1,0.0,0,5,5,0,0,1,12,13,152,8,0,0,0,0,0,0,113,0,145,111,4,12,13,152,8,0,0,0,0,0,0,113,0,145,111,4,0,1,11,0,0,0,0,0,0,0,0,0,3,0,1,0,0,0,0,8,0
759,L4836,Blocks$55,mindustry.content.Blocks$55,L4198,L103,C:\Users\domco\Desktop\DP\repos\Mindustry\core\src\mindustry\content\Blocks.java,625,64,641,11,0.0,0,0,0,0.0,0.0,0,0,0,0,0,0,1,0,0,0,0,0.0,0.0,0,0,0,1,0.0,0,6,6,0,0,1,16,17,152,8,0,0,0,0,0,0,117,0,145,115,5,16,17,152,8,0,0,0,0,0,0,117,0,145,115,5,0,1,13,0,0,0,0,0,0,0,0,0,3,0,1,2,0,0,0,8,0
760,L4862,Blocks$56,mindustry.content.Blocks$56,L4198,L103,C:\Users\domco\Desktop\DP\repos\Mindustry\core\src\mindustry\content\Blocks.java,643,61,653,11,0.0,0,0,0,0.0,0.0,0,0,0,0,0,0,1,0,0,0,0,0.0,0.0,0,0,0,1,0.0,0,5,5,0,0,1,9,11,152,8,0,0,0,0,0,0,113,0,145,111,4,9,11,152,8,0,0,0,0,0,0,113,0,145,111,4,0,1,11,0,0,0,0,0,0,0,0,0,3,0,1,0,0,0,0,8,0
761,L4868,Blocks$57,mindustry.content.Blocks$57,L4198,L103,C:\Users\domco\Desktop\DP\repos\Mindustry\core\src\mindustry\content\Blocks.java,655,55,664,11,0.0,0,0,0,0.0,0.0,0,0,0,0,0,0,1,0,0,0,0,0.0,0.0,0,0,0,1,0.0,0,5,5,0,0,1,9,10,152,8,0,0,0,0,0,0,113,0,145,111,4,9,10,152,8,0,0,0,0,0,0,113,0,145,111,4,0,1,11,0,0,0,0,0,0,0,0,0,3,0,1,0,0,0,0,8,0
762,L4878,Blocks$58,mindustry.content.Blocks$58,L4198,L103,C:\Users\domco\Desktop\DP\repos\Mindustry\core\src\mindustry\content\Blocks.java,666,46,676,11,0.0,0,0,0,0.0,0.0,0,0,0,0,0,0,1,0,0,0,0,0.0,0.0,0,0,0,1,0.0,0,5,5,0,0,1,10,11,152,8,0,0,0,0,0,0,113,0,145,111,4,10,11,152,8,0,0,0,0,0,0,113,0,145,111,4,0,1,11,0,0,0,0,0,0,0,0,0,3,0,1,0,0,0,0,8,0
763,L4892,Blocks$59,mindustry.content.Blocks$59,L4198,L103,C:\Users\domco\Desktop\DP\repos\Mindustry\core\src\mindustry\content\Blocks.java,678,47,692,11,0.0,0,0,0,0.0,0.0,0,0,0,0,0,0,1,0,0,0,0,0.0,0.0,0,0,0,1,0.0,0,5,5,0,0,1,14,15,147,8,0,0,0,0,0,0,109,0,140,107,4,14,15,147,8,0,0,0,0,0,0,109,0,140,107,4,0,1,11,0,0,0,0,0,0,0,0,0,3,0,1,0,0,0,0,8,0
764,L4904,Blocks$60,mindustry.content.Blocks$60,L4198,L103,C:\Users\domco\Desktop\DP\repos\Mindustry\core\src\mindustry\content\Blocks.java,694,53,710,11,0.0,0,0,0,0.0,0.0,0,0,0,0,0,0,1,0,0,0,0,0.0,0.0,0,0,0,1,0.0,0,5,5,0,0,1,16,17,147,8,0,0,0,0,0,0,109,0,140,107,4,16,17,147,8,0,0,0,0,0,0,109,0,140,107,4,0,1,11,0,0,0,0,0,0,0,0,0,3,0,1,0,0,0,0,8,0
765,L4910,Blocks$61,mindustry.content.Blocks$61,L4198,L103,C:\Users\domco\Desktop\DP\repos\Mindustry\core\src\mindustry\content\Blocks.java,712,55,726,11,0.0,0,0,0,0.0,0.0,0,0,0,0,0,0,1,0,0,0,0,0.0,0.0,0,0,0,1,0.0,0,5,5,0,0,1,14,15,152,8,0,0,0,0,0,0,113,0,145,111,4,14,15,152,8,0,0,0,0,0,0,113,0,145,111,4,0,1,11,0,0,0,0,0,0,0,0,0,3,0,1,0,0,0,0,8,0
766,L4923,Blocks$62,mindustry.content.Blocks$62,L4198,L103,C:\Users\domco\Desktop\DP\repos\Mindustry\core\src\mindustry\content\Blocks.java,728,54,743,11,0.0,0,0,0,0.0,0.0,0,0,0,0,0,0,1,0,0,0,0,0.0,0.0,0,0,0,1,0.0,0,5,5,0,0,1,14,15,152,8,0,0,0,0,0,0,113,0,145,111,4,15,16,152,8,0,0,0,0,0,0,113,0,145,111,4,0,2,11,0,0,0,0,0,0,0,0,0,3,0,2,0,0,0,0,8,0
767,L4944,Blocks$63,mindustry.content.Blocks$63,L4198,L103,C:\Users\domco\Desktop\DP\repos\Mindustry\core\src\mindustry\content\Blocks.java,745,63,755,11,0.0,0,0,0,0.0,0.0,0,0,0,0,0,0,1,0,0,0,0,0.0,0.0,0,0,0,1,0.0,0,5,5,0,0,1,10,11,152,8,0,0,0,0,0,0,113,0,145,111,4,10,11,152,8,0,0,0,0,0,0,113,0,145,111,4,0,1,11,0,0,0,0,0,0,0,0,0,3,0,1,0,0,0,0,8,0
768,L4955,Blocks$64,mindustry.content.Blocks$64,L4198,L103,C:\Users\domco\Desktop\DP\repos\Mindustry\core\src\mindustry\content\Blocks.java,757,53,761,11,0.0,0,0,0,0.0,0.0,0,0,0,0,0,0,1,0,0,0,0,0.0,0.0,0,0,0,1,0.0,0,5,5,0,0,1,5,5,144,8,0,0,0,0,0,0,108,0,137,106,3,5,5,144,8,0,0,0,0,0,0,108,0,137,106,3,0,1,11,0,0,0,0,0,0,0,0,0,3,0,1,0,0,0,0,8,0
769,L4963,Blocks$65,mindustry.content.Blocks$65,L4198,L103,C:\Users\domco\Desktop\DP\repos\Mindustry\core\src\mindustry\content\Blocks.java,768,45,771,11,0.0,0,0,0,0.0,0.0,0,0,0,0,0,0,1,0,0,0,0,0.0,0.0,0,0,0,1,0.0,0,5,5,0,0,1,4,4,151,8,0,0,0,0,0,0,110,0,144,108,4,4,4,151,8,0,0,0,0,0,0,110,0,144,108,4,0,1,11,0,0,0,0,0,0,0,0,0,3,0,1,0,0,0,0,8,0
770,L4973,Blocks$66,mindustry.content.Blocks$66,L4198,L103,C:\Users\domco\Desktop\DP\repos\Mindustry\core\src\mindustry\content\Blocks.java,773,56,777,11,0.0,0,0,0,0.0,0.0,0,0,0,0,0,0,1,0,0,0,0,0.0,0.0,0,0,0,1,0.0,0,5,5,0,0,1,5,5,151,8,0,0,0,0,0,0,110,0,144,108,4,5,5,151,8,0,0,0,0,0,0,110,0,144,108,4,0,1,11,0,1,0,0,1,0,0,0,0,3,0,1,0,0,0,0,8,0
771,L4983,Blocks$67,mindustry.content.Blocks$67,L4198,L103,C:\Users\domco\Desktop\DP\repos\Mindustry\core\src\mindustry\content\Blocks.java,779,49,782,11,1.0,1,1,1,1.0,1.0,4,4,0,0,0,0,1,0,0,0,0,0.0,0.0,0,0,0,1,0.0,0,5,5,0,0,1,4,4,151,8,0,0,0,0,0,0,110,0,144,108,4,4,4,151,8,0,0,0,0,0,0,110,0,144,108,4,0,1,16,0,0,0,5,0,0,0,0,0,3,0,1,0,0,0,0,8,0
772,L4989,Blocks$68,mindustry.content.Blocks$68,L4198,L103,C:\Users\domco\Desktop\DP\repos\Mindustry\core\src\mindustry\content\Blocks.java,784,60,788,11,1.0,1,1,1,1.0,1.0,5,5,0,0,0,0,1,0,0,0,0,0.0,0.0,0,0,0,1,0.0,0,5,5,0,0,1,5,5,151,8,0,0,0,0,0,0,110,0,144,108,4,5,5,151,8,0,0,0,0,0,0,110,0,144,108,4,0,1,16,0,1,0,5,1,0,0,0,0,3,0,1,0,0,0,0,8,0
773,L4995,Blocks$69,mindustry.content.Blocks$69,L4198,L103,C:\Users\domco\Desktop\DP\repos\Mindustry\core\src\mindustry\content\Blocks.java,790,53,796,11,0.0,0,0,0,0.0,0.0,0,0,0,0,0,0,1,0,0,0,0,0.0,0.0,0,0,0,1,0.0,0,5,5,0,0,1,7,7,151,8,0,0,0,0,0,0,110,0,144,108,4,7,7,151,8,0,0,0,0,0,0,110,0,144,108,4,0,1,11,0,0,0,0,0,0,0,0,0,3,0,1,0,0,0,0,8,0
774,L5007,Blocks$70,mindustry.content.Blocks$70,L4198,L103,C:\Users\domco\Desktop\DP\repos\Mindustry\core\src\mindustry\content\Blocks.java,798,64,805,11,0.0,0,0,0,0.0,0.0,0,0,0,0,0,0,1,0,0,0,0,0.0,0.0,0,0,0,1,0.0,0,5,5,0,0,1,8,8,151,8,0,0,0,0,0,0,110,0,144,108,4,8,8,151,8,0,0,0,0,0,0,110,0,144,108,4,0,1,11,0,1,0,0,1,0,0,0,0,3,0,1,0,0,0,0,8,0
775,L5013,Blocks$71,mindustry.content.Blocks$71,L4198,L103,C:\Users\domco\Desktop\DP\repos\Mindustry\core\src\mindustry\content\Blocks.java,807,47,810,11,1.0,1,1,1,1.0,1.0,4,4,0,0,0,0,1,0,0,0,0,0.0,0.0,0,0,0,1,0.0,0,5,5,0,0,1,4,4,151,8,0,0,0,0,0,0,110,0,144,108,4,4,4,151,8,0,0,0,0,0,0,110,0,144,108,4,0,1,16,0,0,0,5,0,0,0,0,0,3,0,1,0,0,0,0,8,0
776,L5019,Blocks$72,mindustry.content.Blocks$72,L4198,L103,C:\Users\domco\Desktop\DP\repos\Mindustry\core\src\mindustry\content\Blocks.java,812,58,816,11,1.0,1,1,1,1.0,1.0,5,5,0,0,0,0,1,0,0,0,0,0.0,0.0,0,0,0,1,0.0,0,5,5,0,0,1,5,5,151,8,0,0,0,0,0,0,110,0,144,108,4,5,5,151,8,0,0,0,0,0,0,110,0,144,108,4,0,1,16,0,1,0,5,1,0,0,0,0,3,0,1,0,0,0,0,8,0
777,L5025,Blocks$73,mindustry.content.Blocks$73,L4198,L103,C:\Users\domco\Desktop\DP\repos\Mindustry\core\src\mindustry\content\Blocks.java,818,43,823,11,0.0,0,0,0,0.0,0.0,0,0,0,0,0,0,1,0,0,0,0,0.0,0.0,0,0,0,1,0.0,0,5,5,0,0,1,6,6,151,8,0,0,0,0,0,0,110,0,144,108,4,6,6,151,8,0,0,0,0,0,0,110,0,144,108,4,0,1,11,0,0,0,0,0,0,0,0,0,3,0,1,0,0,0,0,8,0
778,L5035,Blocks$74,mindustry.content.Blocks$74,L4198,L103,C:\Users\domco\Desktop\DP\repos\Mindustry\core\src\mindustry\content\Blocks.java,825,54,831,11,0.0,0,0,0,0.0,0.0,0,0,0,0,0,0,1,0,0,0,0,0.0,0.0,0,0,0,1,0.0,0,5,5,0,0,1,7,7,151,8,0,0,0,0,0,0,110,0,144,108,4,7,7,151,8,0,0,0,0,0,0,110,0,144,108,4,0,1,11,0,1,0,0,1,0,0,0,0,3,0,1,0,0,0,0,8,0
779,L5041,Blocks$75,mindustry.content.Blocks$75,L4198,L103,C:\Users\domco\Desktop\DP\repos\Mindustry\core\src\mindustry\content\Blocks.java,833,43,837,11,0.0,0,0,0,0.0,0.0,0,0,0,0,0,0,1,0,0,0,0,0.0,0.0,0,0,0,1,0.0,0,5,5,0,0,1,5,5,151,8,0,0,0,0,0,0,110,0,144,108,4,5,5,151,8,0,0,0,0,0,0,110,0,144,108,4,0,1,11,0,0,0,0,0,0,0,0,0,3,0,1,0,0,0,0,8,0
780,L5049,Blocks$76,mindustry.content.Blocks$76,L4198,L103,C:\Users\domco\Desktop\DP\repos\Mindustry\core\src\mindustry\content\Blocks.java,839,54,844,11,0.0,0,0,0,0.0,0.0,0,0,0,0,0,0,1,0,0,0,0,0.0,0.0,0,0,0,1,0.0,0,5,5,0,0,1,6,6,151,8,0,0,0,0,0,0,110,0,144,108,4,6,6,151,8,0,0,0,0,0,0,110,0,144,108,4,0,1,11,0,1,0,0,1,0,0,0,0,3,0,1,0,0,0,0,8,0
781,L5058,Blocks$77,mindustry.content.Blocks$77,L4198,L103,C:\Users\domco\Desktop\DP\repos\Mindustry\core\src\mindustry\content\Blocks.java,846,32,849,11,0.0,0,0,0,0.0,0.0,0,0,0,0,0,0,1,0,0,0,0,0.0,0.0,0,0,0,1,0.0,0,6,6,0,0,1,4,4,158,9,0,0,0,0,0,0,112,0,149,110,4,4,4,158,9,0,0,0,0,0,0,112,0,149,110,4,0,1,13,0,0,0,0,0,0,0,0,0,3,0,1,2,0,0,0,8,0
782,L5066,Blocks$78,mindustry.content.Blocks$78,L4198,L103,C:\Users\domco\Desktop\DP\repos\Mindustry\core\src\mindustry\content\Blocks.java,851,43,857,11,0.0,0,0,0,0.0,0.0,0,0,0,0,0,0,1,0,0,0,0,0.0,0.0,0,0,0,1,0.0,0,6,6,0,0,1,7,7,158,9,0,0,0,0,0,0,112,0,149,110,4,7,7,158,9,0,0,0,0,0,0,112,0,149,110,4,0,1,13,0,1,0,0,1,0,0,0,0,3,0,1,2,0,0,0,8,0
783,L5080,Blocks$79,mindustry.content.Blocks$79,L4198,L103,C:\Users\domco\Desktop\DP\repos\Mindustry\core\src\mindustry\content\Blocks.java,859,43,863,11,0.0,0,0,0,0.0,0.0,0,0,0,0,0,0,1,0,0,0,0,0.0,0.0,0,0,0,1,0.0,0,5,5,0,0,1,5,5,151,8,0,0,0,0,0,0,110,0,144,108,4,5,5,151,8,0,0,0,0,0,0,110,0,144,108,4,0,1,11,0,0,0,0,0,0,0,0,0,3,0,1,0,0,0,0,8,0
784,L5090,Blocks$80,mindustry.content.Blocks$80,L4198,L103,C:\Users\domco\Desktop\DP\repos\Mindustry\core\src\mindustry\content\Blocks.java,865,54,870,11,0.0,0,0,0,0.0,0.0,0,0,0,0,0,0,1,0,0,0,0,0.0,0.0,0,0,0,1,0.0,0,5,5,0,0,1,6,6,151,8,0,0,0,0,0,0,110,0,144,108,4,6,6,151,8,0,0,0,0,0,0,110,0,144,108,4,0,1,11,0,1,0,0,1,0,0,0,0,3,0,1,0,0,0,0,8,0
785,L5096,Blocks$81,mindustry.content.Blocks$81,L4198,L103,C:\Users\domco\Desktop\DP\repos\Mindustry\core\src\mindustry\content\Blocks.java,872,52,877,11,0.0,0,0,0,0.0,0.0,0,0,0,0,0,0,1,0,0,0,0,0.0,0.0,0,0,0,1,0.0,0,5,5,0,0,1,6,6,151,8,0,0,0,0,0,0,110,0,144,108,4,6,6,151,8,0,0,0,0,0,0,110,0,144,108,4,0,1,11,0,1,0,0,1,0,0,0,0,3,0,1,0,0,0,0,8,0
786,L5102,Blocks$82,mindustry.content.Blocks$82,L4198,L103,C:\Users\domco\Desktop\DP\repos\Mindustry\core\src\mindustry\content\Blocks.java,879,60,883,11,0.0,0,0,0,0.0,0.0,0,0,0,0,0,0,1,0,0,0,0,0.0,0.0,0,0,0,1,0.0,0,5,5,0,0,1,5,5,151,8,0,0,0,0,0,0,110,0,144,108,4,5,5,151,8,0,0,0,0,0,0,110,0,144,108,4,0,1,11,0,1,0,0,1,0,0,0,0,3,0,1,0,0,0,0,8,0
787,L5111,Blocks$83,mindustry.content.Blocks$83,L4198,L103,C:\Users\domco\Desktop\DP\repos\Mindustry\core\src\mindustry\content\Blocks.java,885,44,889,11,0.0,0,0,0,0.0,0.0,0,0,0,0,0,0,1,0,0,0,0,0.0,0.0,0,0,0,1,0.0,0,6,6,0,0,1,5,5,152,8,0,0,0,0,0,0,113,0,145,111,4,5,5,152,8,0,0,0,0,0,0,113,0,145,111,4,0,1,13,0,0,0,0,0,0,0,0,0,3,0,1,2,0,0,0,8,0
788,L5122,Blocks$84,mindustry.content.Blocks$84,L4198,L103,C:\Users\domco\Desktop\DP\repos\Mindustry\core\src\mindustry\content\Blocks.java,891,45,902,11,0.0,0,0,0,0.0,0.0,0,0,0,0,0,0,1,0,0,0,0,0.0,0.0,0,0,0,1,0.0,0,5,5,0,0,1,12,12,152,8,0,0,0,0,0,0,111,0,145,109,4,12,12,152,8,0,0,0,0,0,0,111,0,145,109,4,0,1,11,0,0,0,0,0,0,0,0,0,3,0,1,0,0,0,0,8,0
789,L5144,Blocks$85,mindustry.content.Blocks$85,L4198,L103,C:\Users\domco\Desktop\DP\repos\Mindustry\core\src\mindustry\content\Blocks.java,904,60,914,11,0.0,0,0,0,0.0,0.0,0,0,0,0,0,0,1,0,0,0,0,0.0,0.0,0,0,0,1,0.0,0,5,5,0,0,1,11,11,152,8,0,0,0,0,0,0,111,0,145,109,4,11,11,152,8,0,0,0,0,0,0,111,0,145,109,4,0,1,11,0,0,0,0,0,0,0,0,0,3,0,1,0,0,0,0,8,0
790,L5153,Blocks$86,mindustry.content.Blocks$86,L4198,L103,C:\Users\domco\Desktop\DP\repos\Mindustry\core\src\mindustry\content\Blocks.java,916,75,921,11,0.0,0,0,0,0.0,0.0,0,0,0,0,0,0,1,0,0,0,0,0.0,0.0,0,0,0,1,0.0,0,5,5,0,0,1,6,6,153,8,0,0,0,0,0,0,112,0,146,110,5,6,6,153,8,0,0,0,0,0,0,112,0,146,110,5,0,1,11,0,0,0,0,0,0,0,0,0,3,0,1,0,0,0,0,8,0
791,L5161,Blocks$87,mindustry.content.Blocks$87,L4198,L103,C:\Users\domco\Desktop\DP\repos\Mindustry\core\src\mindustry\content\Blocks.java,923,65,932,11,0.0,0,0,0,0.0,0.0,0,0,0,0,0,0,1,0,0,0,0,0.0,0.0,0,0,0,1,0.0,0,5,5,0,0,1,10,10,153,8,0,0,0,0,0,0,112,0,146,110,5,10,10,153,8,0,0,0,0,0,0,112,0,146,110,5,0,1,11,0,0,0,0,0,0,0,0,0,3,0,1,0,0,0,0,8,0
792,L5178,Blocks$88,mindustry.content.Blocks$88,L4198,L103,C:\Users\domco\Desktop\DP\repos\Mindustry\core\src\mindustry\content\Blocks.java,934,63,946,11,0.0,0,0,0,0.0,0.0,0,0,0,0,0,0,1,0,0,0,0,0.0,0.0,0,0,0,1,0.0,0,5,5,0,0,1,12,13,157,8,0,0,0,0,0,0,113,0,147,111,5,12,13,157,8,0,0,0,0,0,0,113,0,147,111,5,0,1,11,0,0,0,0,0,0,0,0,0,3,0,1,0,0,0,0,8,0
793,L5198,Blocks$89,mindustry.content.Blocks$89,L4198,L103,C:\Users\domco\Desktop\DP\repos\Mindustry\core\src\mindustry\content\Blocks.java,948,48,956,11,0.0,0,0,0,0.0,0.0,0,0,0,0,0,0,1,0,0,0,0,0.0,0.0,0,0,0,1,0.0,0,5,5,0,0,1,9,9,154,8,0,0,0,0,0,0,108,0,147,106,3,9,9,154,8,0,0,0,0,0,0,108,0,147,106,3,0,1,11,0,0,0,0,0,0,0,0,0,3,0,1,0,0,0,0,8,0
794,L5219,Blocks$90,mindustry.content.Blocks$90,L4198,L103,C:\Users\domco\Desktop\DP\repos\Mindustry\core\src\mindustry\content\Blocks.java,961,44,967,11,0.0,0,0,0,0.0,0.0,0,0,0,0,0,0,1,0,0,0,0,0.0,0.0,0,0,0,1,0.0,0,5,6,0,0,1,7,7,151,10,0,0,0,0,0,0,130,0,140,128,4,7,7,151,10,0,0,0,0,0,0,130,0,140,128,4,0,1,12,0,0,0,0,0,0,0,0,0,3,0,1,1,0,0,0,8,0
795,L5237,Blocks$91,mindustry.content.Blocks$91,L4198,L103,C:\Users\domco\Desktop\DP\repos\Mindustry\core\src\mindustry\content\Blocks.java,969,61,974,11,0.0,0,0,0,0.0,0.0,0,0,0,0,0,0,1,0,0,0,0,0.0,0.0,0,0,0,1,0.0,0,5,6,0,0,1,6,6,151,10,0,0,0,0,0,0,130,0,140,128,4,6,6,151,10,0,0,0,0,0,0,130,0,140,128,4,0,1,12,0,0,0,0,0,0,0,0,0,3,0,1,1,0,0,0,8,0
796,L5246,Blocks$92,mindustry.content.Blocks$92,L4198,L103,C:\Users\domco\Desktop\DP\repos\Mindustry\core\src\mindustry\content\Blocks.java,976,70,981,11,0.0,0,0,0,0.0,0.0,0,0,0,0,0,0,1,0,0,0,0,0.0,0.0,0,0,0,1,0.0,0,5,6,0,0,1,6,6,153,9,0,0,0,0,0,0,125,0,143,123,4,6,6,153,9,0,0,0,0,0,0,125,0,143,123,4,0,1,12,0,0,0,0,0,0,0,0,0,3,0,1,1,0,0,0,8,0
797,L5259,Blocks$93,mindustry.content.Blocks$93,L4198,L103,C:\Users\domco\Desktop\DP\repos\Mindustry\core\src\mindustry\content\Blocks.java,983,66,988,11,0.0,0,0,0,0.0,0.0,0,0,0,0,0,0,1,0,0,0,0,0.0,0.0,0,0,0,1,0.0,0,6,7,0,0,1,6,6,151,10,0,0,0,0,0,0,132,0,140,130,4,6,6,151,10,0,0,0,0,0,0,132,0,140,130,4,0,1,13,0,0,0,0,0,0,0,0,0,3,0,1,2,0,0,0,8,0
798,L5270,Blocks$94,mindustry.content.Blocks$94,L4198,L103,C:\Users\domco\Desktop\DP\repos\Mindustry\core\src\mindustry\content\Blocks.java,990,44,996,11,0.0,0,0,0,0.0,0.0,0,0,0,0,0,0,1,0,0,0,0,0.0,0.0,0,0,0,1,0.0,0,5,5,0,0,1,7,7,144,8,0,0,0,0,0,0,109,0,137,107,3,7,7,144,8,0,0,0,0,0,0,109,0,137,107,3,0,1,11,0,0,0,0,0,0,0,0,0,3,0,1,0,0,0,0,8,0
799,L5285,Blocks$95,mindustry.content.Blocks$95,L4198,L103,C:\Users\domco\Desktop\DP\repos\Mindustry\core\src\mindustry\content\Blocks.java,998,63,1005,11,0.0,0,0,0,0.0,0.0,0,0,0,0,0,0,1,0,0,0,0,0.0,0.0,0,0,0,1,0.0,0,6,6,0,0,1,8,8,160,8,0,0,0,0,0,0,119,0,152,117,3,8,8,160,8,0,0,0,0,0,0,119,0,152,117,3,0,1,13,0,0,0,0,0,0,0,0,0,3,0,1,2,0,0,0,8,0
800,L5308,Blocks$96,mindustry.content.Blocks$96,L4198,L103,C:\Users\domco\Desktop\DP\repos\Mindustry\core\src\mindustry\content\Blocks.java,1007,57,1015,11,0.0,0,0,0,0.0,0.0,0,0,0,0,0,0,1,0,0,0,0,0.0,0.0,0,0,0,1,0.0,0,5,5,0,0,1,9,9,157,8,0,0,0,0,0,0,118,0,149,116,3,9,9,157,8,0,0,0,0,0,0,118,0,149,116,3,0,1,11,0,0,0,0,0,0,0,0,0,3,0,1,0,0,0,0,8,0
801,L5325,Blocks$97,mindustry.content.Blocks$97,L4198,L103,C:\Users\domco\Desktop\DP\repos\Mindustry\core\src\mindustry\content\Blocks.java,1017,38,1020,11,1.0,1,1,1,1.0,1.0,4,4,0,0,0,0,1,0,0,0,0,0.0,0.0,0,0,0,1,0.0,0,5,5,0,0,1,4,4,143,8,0,0,0,0,0,0,111,0,136,109,3,4,4,143,8,0,0,0,0,0,0,111,0,136,109,3,0,1,16,0,0,0,5,0,0,0,0,0,3,0,1,0,0,0,0,8,0
802,L5333,Blocks$98,mindustry.content.Blocks$98,L4198,L103,C:\Users\domco\Desktop\DP\repos\Mindustry\core\src\mindustry\content\Blocks.java,1022,55,1026,11,1.0,1,1,1,1.0,1.0,5,5,0,0,0,0,1,0,0,0,0,0.0,0.0,0,0,0,1,0.0,0,5,5,0,0,1,5,5,143,8,0,0,0,0,0,0,111,0,136,109,3,5,5,143,8,0,0,0,0,0,0,111,0,136,109,3,0,1,16,0,0,0,5,0,0,0,0,0,3,0,1,0,0,0,0,8,0
803,L5344,Blocks$99,mindustry.content.Blocks$99,L4198,L103,C:\Users\domco\Desktop\DP\repos\Mindustry\core\src\mindustry\content\Blocks.java,1028,38,1031,11,0.0,0,0,0,0.0,0.0,0,0,0,0,0,0,1,0,0,0,0,0.0,0.0,0,0,0,1,0.0,0,5,5,0,0,1,4,4,143,8,0,0,0,0,0,0,108,0,136,106,3,4,4,143,8,0,0,0,0,0,0,108,0,136,106,3,0,1,11,0,0,0,0,0,0,0,0,0,3,0,1,0,0,0,0,8,0
804,L5352,Blocks$100,mindustry.content.Blocks$100,L4198,L103,C:\Users\domco\Desktop\DP\repos\Mindustry\core\src\mindustry\content\Blocks.java,1033,48,1037,11,0.0,0,0,0,0.0,0.0,0,0,0,0,0,0,1,0,0,0,0,0.0,0.0,0,0,0,1,0.0,0,5,5,0,0,1,5,5,143,8,0,0,0,0,0,0,108,0,136,106,3,5,5,143,8,0,0,0,0,0,0,108,0,136,106,3,0,1,11,0,0,0,0,0,0,0,0,0,3,0,1,0,0,0,0,8,0
805,L5361,Blocks$101,mindustry.content.Blocks$101,L4198,L103,C:\Users\domco\Desktop\DP\repos\Mindustry\core\src\mindustry\content\Blocks.java,1039,57,1042,11,1.0,1,1,1,1.0,1.0,4,4,0,0,0,0,1,0,0,0,0,0.0,0.0,0,0,0,1,0.0,0,5,5,0,0,1,4,4,144,8,0,0,0,0,0,0,109,0,137,107,3,4,4,144,8,0,0,0,0,0,0,109,0,137,107,3,0,1,16,0,0,0,5,0,0,0,0,0,3,0,1,0,0,0,0,8,0
806,L5369,Blocks$102,mindustry.content.Blocks$102,L4198,L103,C:\Users\domco\Desktop\DP\repos\Mindustry\core\src\mindustry\content\Blocks.java,1044,59,1048,11,1.0,1,1,1,1.0,1.0,5,5,0,0,0,0,1,0,0,0,0,0.0,0.0,0,0,0,1,0.0,0,5,5,0,0,1,5,5,144,8,0,0,0,0,0,0,109,0,137,107,3,5,5,144,8,0,0,0,0,0,0,109,0,137,107,3,0,1,16,0,0,0,5,0,0,0,0,0,3,0,1,0,0,0,0,8,0
807,L5380,Blocks$103,mindustry.content.Blocks$103,L4198,L103,C:\Users\domco\Desktop\DP\repos\Mindustry\core\src\mindustry\content\Blocks.java,1050,51,1057,11,0.0,0,0,0,0.0,0.0,0,0,0,0,0,0,1,0,0,0,0,0.0,0.0,0,0,0,1,0.0,0,5,5,0,0,1,8,8,157,8,0,0,0,0,0,0,111,0,150,109,4,8,8,157,8,0,0,0,0,0,0,111,0,150,109,4,0,1,11,0,0,0,0,0,0,0,0,0,3,0,1,0,0,0,0,8,0
808,L5395,Blocks$104,mindustry.content.Blocks$104,L4198,L103,C:\Users\domco\Desktop\DP\repos\Mindustry\core\src\mindustry\content\Blocks.java,1061,32,1064,11,0.0,0,0,0,0.0,0.0,0,0,0,0,0,0,1,0,0,0,0,0.0,0.0,0,0,0,1,0.0,0,5,6,0,0,1,4,4,145,9,0,0,0,0,0,0,126,0,138,124,4,4,4,145,9,0,0,0,0,0,0,126,0,138,124,4,0,1,12,0,0,0,0,0,0,0,0,0,3,0,1,1,0,0,0,8,0
809,L5410,Blocks$105,mindustry.content.Blocks$105,L4198,L103,C:\Users\domco\Desktop\DP\repos\Mindustry\core\src\mindustry\content\Blocks.java,1066,51,1069,11,0.0,0,0,0,0.0,0.0,0,0,0,0,0,0,1,0,0,0,0,0.0,0.0,0,0,0,1,0.0,0,5,5,0,0,1,4,4,144,8,0,0,0,0,0,0,111,0,137,109,4,4,4,144,8,0,0,0,0,0,0,111,0,137,109,4,0,1,11,0,0,0,0,0,0,0,0,0,3,0,1,0,0,0,0,8,0
810,L5423,Blocks$106,mindustry.content.Blocks$106,L4198,L103,C:\Users\domco\Desktop\DP\repos\Mindustry\core\src\mindustry\content\Blocks.java,1071,51,1074,11,0.0,0,0,0,0.0,0.0,0,0,0,0,0,0,1,0,0,0,0,0.0,0.0,0,0,0,1,0.0,0,5,5,0,0,1,4,4,150,8,0,0,0,0,0,0,117,0,141,115,3,4,4,150,8,0,0,0,0,0,0,117,0,141,115,3,0,1,11,0,0,0,0,0,0,0,0,0,3,0,1,0,0,0,0,8,0
811,L5433,Blocks$107,mindustry.content.Blocks$107,L4198,L103,C:\Users\domco\Desktop\DP\repos\Mindustry\core\src\mindustry\content\Blocks.java,1079,53,1082,11,0.0,0,0,0,0.0,0.0,0,0,0,0,0,0,1,0,0,0,0,0.0,0.0,0,0,0,1,0.0,0,6,6,0,0,1,4,4,146,8,0,0,0,0,0,0,115,0,139,112,4,4,4,146,8,0,0,0,0,0,0,115,0,139,112,4,0,1,13,0,0,0,0,0,0,0,0,0,3,0,1,2,0,0,0,8,0
812,L5445,Blocks$108,mindustry.content.Blocks$108,L4198,L103,C:\Users\domco\Desktop\DP\repos\Mindustry\core\src\mindustry\content\Blocks.java,1084,45,1091,11,0.0,0,0,0,0.0,0.0,0,0,0,0,0,0,1,0,0,0,0,0.0,0.0,0,0,0,1,0.0,0,6,6,0,0,1,8,8,146,8,0,0,0,0,0,0,115,0,139,112,4,8,8,146,8,0,0,0,0,0,0,115,0,139,112,4,0,1,13,0,0,0,0,0,0,0,0,0,3,0,1,2,0,0,0,8,0
813,L5451,Blocks$109,mindustry.content.Blocks$109,L4198,L103,C:\Users\domco\Desktop\DP\repos\Mindustry\core\src\mindustry\content\Blocks.java,1093,47,1100,11,0.0,0,0,0,0.0,0.0,0,0,0,0,0,0,1,0,0,0,0,0.0,0.0,0,0,0,1,0.0,0,6,6,0,0,1,8,8,146,8,0,0,0,0,0,0,115,0,139,112,4,8,8,146,8,0,0,0,0,0,0,115,0,139,112,4,0,1,13,0,0,0,0,0,0,0,0,0,3,0,1,2,0,0,0,8,0
814,L5460,Blocks$110,mindustry.content.Blocks$110,L4198,L103,C:\Users\domco\Desktop\DP\repos\Mindustry\core\src\mindustry\content\Blocks.java,1102,41,1105,11,0.0,0,0,0,0.0,0.0,0,0,0,0,0,0,1,0,0,0,0,0.0,0.0,0,0,0,1,0.0,0,6,7,0,0,1,4,4,153,10,0,0,0,0,0,0,129,0,146,127,3,4,4,153,10,0,0,0,0,0,0,129,0,146,127,3,0,1,13,0,0,0,0,0,0,0,0,0,3,0,1,2,0,0,0,8,0
815,L5468,Blocks$111,mindustry.content.Blocks$111,L4198,L103,C:\Users\domco\Desktop\DP\repos\Mindustry\core\src\mindustry\content\Blocks.java,1107,52,1112,11,0.0,0,0,0,0.0,0.0,0,0,0,0,0,0,1,0,0,0,0,0.0,0.0,0,0,0,1,0.0,0,6,7,0,0,1,6,6,153,10,0,0,0,0,0,0,129,0,146,127,3,6,6,153,10,0,0,0,0,0,0,129,0,146,127,3,0,1,13,0,0,0,0,0,0,0,0,0,3,0,1,2,0,0,0,8,0
816,L5479,Blocks$112,mindustry.content.Blocks$112,L4198,L103,C:\Users\domco\Desktop\DP\repos\Mindustry\core\src\mindustry\content\Blocks.java,1114,61,1119,11,0.0,0,0,0,0.0,0.0,0,0,0,0,0,0,1,0,0,0,0,0.0,0.0,0,0,0,1,0.0,0,7,8,0,0,1,6,6,153,10,0,0,0,0,0,0,131,0,146,129,3,6,6,153,10,0,0,0,0,0,0,131,0,146,129,3,0,1,13,0,0,0,0,0,0,0,0,0,3,0,1,2,0,0,0,8,0
817,L5490,Blocks$113,mindustry.content.Blocks$113,L4198,L103,C:\Users\domco\Desktop\DP\repos\Mindustry\core\src\mindustry\content\Blocks.java,1121,57,1124,11,0.0,0,0,0,0.0,0.0,0,0,0,0,0,0,1,0,0,0,0,0.0,0.0,0,0,0,1,0.0,0,6,6,0,0,1,4,4,145,8,0,0,0,0,0,0,110,0,138,108,3,4,4,145,8,0,0,0,0,0,0,110,0,138,108,3,0,1,13,0,0,0,0,0,0,0,0,0,3,0,1,2,0,0,0,8,0
818,L5498,Blocks$114,mindustry.content.Blocks$114,L4198,L103,C:\Users\domco\Desktop\DP\repos\Mindustry\core\src\mindustry\content\Blocks.java,1126,63,1130,11,0.0,0,0,0,0.0,0.0,0,0,0,0,0,0,1,0,0,0,0,0.0,0.0,0,0,0,1,0.0,0,6,6,0,0,1,5,5,145,8,0,0,0,0,0,0,110,0,138,108,3,5,5,145,8,0,0,0,0,0,0,110,0,138,108,3,0,1,13,0,0,0,0,0,0,0,0,0,3,0,1,2,0,0,0,8,0
819,L5504,Blocks$115,mindustry.content.Blocks$115,L4198,L103,C:\Users\domco\Desktop\DP\repos\Mindustry\core\src\mindustry\content\Blocks.java,1132,53,1137,11,0.0,0,0,0,0.0,0.0,0,0,0,0,0,0,1,0,0,0,0,0.0,0.0,0,0,0,1,0.0,0,6,6,0,0,1,6,6,145,8,0,0,0,0,0,0,110,0,138,108,3,6,6,145,8,0,0,0,0,0,0,110,0,138,108,3,0,1,13,0,0,0,0,0,0,0,0,0,3,0,1,2,0,0,0,8,0
820,L5513,Blocks$116,mindustry.content.Blocks$116,L4198,L103,C:\Users\domco\Desktop\DP\repos\Mindustry\core\src\mindustry\content\Blocks.java,1139,63,1141,11,0.0,0,0,0,0.0,0.0,0,0,0,0,0,0,1,0,0,0,0,0.0,0.0,0,0,0,1,0.0,0,6,6,0,0,1,3,3,145,8,0,0,0,0,0,0,113,0,138,111,5,3,3,145,8,0,0,0,0,0,0,113,0,138,111,5,0,1,13,0,0,0,0,0,0,0,0,0,3,0,1,2,0,0,0,8,0
821,L5524,Blocks$117,mindustry.content.Blocks$117,L4198,L103,C:\Users\domco\Desktop\DP\repos\Mindustry\core\src\mindustry\content\Blocks.java,1143,59,1149,11,0.0,0,0,0,0.0,0.0,0,0,0,0,0,0,1,0,0,0,0,0.0,0.0,0,0,0,1,0.0,0,6,6,0,0,1,7,7,157,8,0,0,0,0,0,0,119,0,149,117,3,7,7,157,8,0,0,0,0,0,0,119,0,149,117,3,0,1,13,0,0,0,0,0,0,0,0,0,3,0,1,2,0,0,0,8,0
822,L5532,Blocks$118,mindustry.content.Blocks$118,L4198,L103,C:\Users\domco\Desktop\DP\repos\Mindustry\core\src\mindustry\content\Blocks.java,1151,57,1160,11,0.0,0,0,0,0.0,0.0,0,0,0,0,0,0,1,0,0,0,0,0.0,0.0,0,0,0,1,0.0,0,6,6,0,0,1,10,10,157,8,0,0,0,0,0,0,119,0,149,117,3,10,10,157,8,0,0,0,0,0,0,119,0,149,117,3,0,1,13,0,0,0,0,0,0,0,0,0,3,0,1,2,0,0,0,8,0
823,L5543,Blocks$119,mindustry.content.Blocks$119,L4198,L103,C:\Users\domco\Desktop\DP\repos\Mindustry\core\src\mindustry\content\Blocks.java,1165,48,1169,11,0.0,0,0,0,0.0,0.0,0,0,0,0,0,0,1,0,0,0,0,0.0,0.0,0,0,0,1,0.0,0,6,6,0,0,1,5,5,151,10,0,0,0,0,0,0,129,0,141,121,5,5,5,151,10,0,0,0,0,0,0,129,0,141,121,5,0,1,13,0,0,0,0,0,0,0,0,0,3,0,1,2,0,0,0,8,0
824,L5557,Blocks$120,mindustry.content.Blocks$120,L4198,L103,C:\Users\domco\Desktop\DP\repos\Mindustry\core\src\mindustry\content\Blocks.java,1171,59,1176,11,0.0,0,0,0,0.0,0.0,0,0,0,0,0,0,1,0,0,0,0,0.0,0.0,0,0,0,1,0.0,0,6,6,0,0,1,6,6,151,10,0,0,0,0,0,0,129,0,141,121,5,6,6,151,10,0,0,0,0,0,0,129,0,141,121,5,0,1,13,0,0,0,0,0,0,0,0,0,3,0,1,2,0,0,0,8,0
825,L5563,Blocks$121,mindustry.content.Blocks$121,L4198,L103,C:\Users\domco\Desktop\DP\repos\Mindustry\core\src\mindustry\content\Blocks.java,1178,50,1184,11,0.0,0,0,0,0.0,0.0,0,0,0,0,0,0,1,0,0,0,0,0.0,0.0,0,0,0,1,0.0,0,6,6,0,0,1,7,7,151,10,0,0,0,0,0,0,129,0,141,121,5,7,7,151,10,0,0,0,0,0,0,129,0,141,121,5,0,1,13,0,0,0,0,0,0,0,0,0,3,0,1,2,0,0,0,8,0
826,L5572,Blocks$122,mindustry.content.Blocks$122,L4198,L103,C:\Users\domco\Desktop\DP\repos\Mindustry\core\src\mindustry\content\Blocks.java,1186,40,1188,11,0.0,0,0,0,0.0,0.0,0,0,0,0,0,0,1,0,0,0,0,0.0,0.0,0,0,0,1,0.0,0,5,5,0,0,1,3,3,143,8,0,0,0,0,0,0,111,0,136,109,4,3,3,143,8,0,0,0,0,0,0,111,0,136,109,4,0,1,11,0,0,0,0,0,0,0,0,0,3,0,1,0,0,0,0,8,0
827,L5583,Blocks$123,mindustry.content.Blocks$123,L4198,L103,C:\Users\domco\Desktop\DP\repos\Mindustry\core\src\mindustry\content\Blocks.java,1190,41,1194,11,0.0,0,0,0,0.0,0.0,0,0,0,0,0,0,1,0,0,0,0,0.0,0.0,0,0,0,1,0.0,0,7,7,0,0,1,5,5,145,8,0,0,0,0,0,0,110,0,138,108,3,5,5,145,8,0,0,0,0,0,0,110,0,138,108,3,0,1,13,0,0,0,0,0,0,0,0,0,3,0,1,2,0,0,0,8,0
828,L5595,Blocks$124,mindustry.content.Blocks$124,L4198,L103,C:\Users\domco\Desktop\DP\repos\Mindustry\core\src\mindustry\content\Blocks.java,1196,52,1201,11,0.0,0,0,0,0.0,0.0,0,0,0,0,0,0,1,0,0,0,0,0.0,0.0,0,0,0,1,0.0,0,7,7,0,0,1,6,6,145,8,0,0,0,0,0,0,110,0,138,108,3,6,6,145,8,0,0,0,0,0,0,110,0,138,108,3,0,1,13,0,1,0,0,1,0,0,0,0,3,0,1,2,0,0,0,8,0
829,L5604,Blocks$125,mindustry.content.Blocks$125,L4198,L103,C:\Users\domco\Desktop\DP\repos\Mindustry\core\src\mindustry\content\Blocks.java,1203,74,1210,11,0.0,0,0,0,0.0,0.0,0,0,0,0,0,0,1,0,0,0,0,0.0,0.0,0,0,0,1,0.0,0,9,9,0,0,1,7,8,159,12,0,0,0,0,0,0,124,0,152,117,7,7,8,159,12,0,0,0,0,0,0,124,0,152,117,7,0,1,13,0,0,0,0,0,0,0,0,0,3,0,1,2,0,0,0,8,0
830,L5619,Blocks$126,mindustry.content.Blocks$126,L4198,L103,C:\Users\domco\Desktop\DP\repos\Mindustry\core\src\mindustry\content\Blocks.java,1212,69,1221,11,0.0,0,0,0,0.0,0.0,0,0,0,0,0,0,1,0,0,0,0,0.0,0.0,0,0,0,1,0.0,0,8,8,0,0,1,10,10,147,8,0,0,0,0,0,0,118,0,140,116,6,10,10,147,8,0,0,0,0,0,0,118,0,140,116,6,0,1,13,0,0,0,0,0,0,0,0,0,3,0,1,2,0,0,0,8,0
831,L5635,Blocks$127,mindustry.content.Blocks$127,L4198,L103,C:\Users\domco\Desktop\DP\repos\Mindustry\core\src\mindustry\content\Blocks.java,1223,64,1233,11,0.0,0,0,0,0.0,0.0,0,0,0,0,0,0,1,0,0,0,0,0.0,0.0,0,0,0,1,0.0,0,9,9,0,0,1,10,11,159,12,0,0,0,0,0,0,124,0,152,117,7,10,11,159,12,0,0,0,0,0,0,124,0,152,117,7,0,1,13,0,0,0,0,0,0,0,0,0,3,0,1,2,0,0,0,8,0
832,L5644,Blocks$128,mindustry.content.Blocks$128,L4198,L103,C:\Users\domco\Desktop\DP\repos\Mindustry\core\src\mindustry\content\Blocks.java,1235,82,1247,11,0.0,0,0,0,0.0,0.0,0,0,0,0,0,0,1,0,0,0,0,0.0,0.0,0,0,0,1,0.0,0,9,9,0,0,1,12,13,157,12,0,0,0,0,0,0,123,0,150,116,7,12,13,157,12,0,0,0,0,0,0,123,0,150,116,7,0,1,13,0,0,0,0,0,0,0,0,0,3,0,1,2,0,0,0,8,0
833,L5657,Blocks$129,mindustry.content.Blocks$129,L4198,L103,C:\Users\domco\Desktop\DP\repos\Mindustry\core\src\mindustry\content\Blocks.java,1249,59,1254,11,0.0,0,0,0,0.0,0.0,0,0,0,0,0,0,1,0,0,0,0,0.0,0.0,0,0,0,1,0.0,0,9,9,0,0,1,6,6,156,11,0,0,0,0,0,0,122,0,149,116,7,6,6,156,11,0,0,0,0,0,0,122,0,149,116,7,0,1,13,0,0,0,0,0,0,0,0,0,3,0,1,2,0,0,0,8,0
834,L5668,Blocks$130,mindustry.content.Blocks$130,L4198,L103,C:\Users\domco\Desktop\DP\repos\Mindustry\core\src\mindustry\content\Blocks.java,1256,55,1259,11,0.0,0,0,0,0.0,0.0,0,0,0,0,0,0,1,0,0,0,0,0.0,0.0,0,0,0,1,0.0,0,8,8,0,0,1,4,4,144,8,0,0,0,0,0,0,115,0,137,113,6,4,4,144,8,0,0,0,0,0,0,115,0,137,113,6,0,1,13,0,0,0,0,0,0,0,0,0,3,0,1,2,0,0,0,8,0
835,L5676,Blocks$131,mindustry.content.Blocks$131,L4198,L103,C:\Users\domco\Desktop\DP\repos\Mindustry\core\src\mindustry\content\Blocks.java,1261,66,1265,11,0.0,0,0,0,0.0,0.0,0,0,0,0,0,0,1,0,0,0,0,0.0,0.0,0,0,0,1,0.0,0,8,8,0,0,1,5,5,144,8,0,0,0,0,0,0,115,0,137,113,6,5,5,144,8,0,0,0,0,0,0,115,0,137,113,6,0,1,13,0,0,0,0,0,0,0,0,0,3,0,1,2,0,0,0,8,0
836,L5685,Blocks$132,mindustry.content.Blocks$132,L4198,L103,C:\Users\domco\Desktop\DP\repos\Mindustry\core\src\mindustry\content\Blocks.java,1267,63,1278,11,0.0,0,0,0,0.0,0.0,0,0,0,0,0,0,1,0,0,0,0,0.0,0.0,0,0,0,1,0.0,0,8,8,0,0,1,12,12,159,8,0,0,0,0,0,0,116,0,152,114,7,12,12,159,8,0,0,0,0,0,0,116,0,152,114,7,0,1,13,0,0,0,0,0,0,0,0,0,3,0,1,2,0,0,0,8,0
837,L5704,Blocks$133,mindustry.content.Blocks$133,L4198,L103,C:\Users\domco\Desktop\DP\repos\Mindustry\core\src\mindustry\content\Blocks.java,1280,60,1292,11,0.0,0,0,0,0.0,0.0,0,0,0,0,0,0,1,0,0,0,0,0.0,0.0,0,0,0,1,0.0,0,8,8,0,0,1,12,13,154,8,0,0,0,0,0,0,117,0,147,115,7,12,13,154,8,0,0,0,0,0,0,117,0,147,115,7,0,1,13,0,0,0,0,0,0,0,0,0,3,0,1,2,0,0,0,8,0
838,L5714,Blocks$134,mindustry.content.Blocks$134,L4198,L103,C:\Users\domco\Desktop\DP\repos\Mindustry\core\src\mindustry\content\Blocks.java,1297,56,1304,11,0.0,0,0,0,0.0,0.0,0,0,0,0,0,0,1,0,0,0,0,0.0,0.0,0,0,0,1,0.0,0,5,5,0,0,1,7,8,164,9,0,0,0,0,0,0,118,0,153,115,5,7,8,164,9,0,0,0,0,0,0,118,0,153,115,5,0,1,11,0,0,0,0,0,0,0,0,0,3,0,1,0,0,0,0,8,0
839,L5728,Blocks$135,mindustry.content.Blocks$135,L4198,L103,C:\Users\domco\Desktop\DP\repos\Mindustry\core\src\mindustry\content\Blocks.java,1306,54,1313,11,0.0,0,0,0,0.0,0.0,0,0,0,0,0,0,1,0,0,0,0,0.0,0.0,0,0,0,1,0.0,0,5,5,0,0,1,7,8,164,9,0,0,0,0,0,0,118,0,153,115,5,7,8,164,9,0,0,0,0,0,0,118,0,153,115,5,0,1,11,0,0,0,0,0,0,0,0,0,3,0,1,0,0,0,0,8,0
840,L5734,Blocks$136,mindustry.content.Blocks$136,L4198,L103,C:\Users\domco\Desktop\DP\repos\Mindustry\core\src\mindustry\content\Blocks.java,1315,46,1326,11,0.0,0,0,0,0.0,0.0,0,0,0,0,0,0,1,0,0,0,0,0.0,0.0,0,0,0,1,0.0,0,5,5,0,0,1,11,12,164,9,0,0,0,0,0,0,118,0,153,115,5,11,12,164,9,0,0,0,0,0,0,118,0,153,115,5,0,1,11,0,0,0,0,0,0,0,0,0,3,0,1,0,0,0,0,8,0
841,L5746,Blocks$137,mindustry.content.Blocks$137,L4198,L103,C:\Users\domco\Desktop\DP\repos\Mindustry\core\src\mindustry\content\Blocks.java,1328,46,1347,11,0.0,0,0,0,0.0,0.0,0,0,0,0,0,0,1,0,0,0,0,0.0,0.0,0,0,0,1,0.0,0,5,5,0,0,1,17,20,164,9,0,0,0,0,0,0,118,0,153,115,5,17,20,164,9,0,0,0,0,0,0,118,0,153,115,5,0,1,11,0,0,0,0,0,0,0,0,0,3,0,1,0,0,0,0,8,0
842,L5769,Blocks$138,mindustry.content.Blocks$138,L4198,L103,C:\Users\domco\Desktop\DP\repos\Mindustry\core\src\mindustry\content\Blocks.java,1349,58,1360,11,0.0,0,0,0,0.0,0.0,0,0,0,0,0,0,1,0,0,0,0,0.0,0.0,0,0,0,1,0.0,0,7,7,0,0,1,11,12,153,8,0,0,0,0,0,0,123,0,146,119,6,11,12,153,8,0,0,0,0,0,0,123,0,146,119,6,0,1,13,0,0,0,0,0,0,0,0,0,3,0,1,2,0,0,0,8,0
843,L5787,Blocks$139,mindustry.content.Blocks$139,L4198,L103,C:\Users\domco\Desktop\DP\repos\Mindustry\core\src\mindustry\content\Blocks.java,1362,56,1381,11,0.0,0,0,0,0.0,0.0,0,0,0,0,0,0,1,0,0,0,0,0.0,0.0,0,0,0,1,0.0,0,6,6,0,0,1,17,20,156,8,0,0,0,0,0,0,117,0,149,115,6,17,20,156,8,0,0,0,0,0,0,117,0,149,115,6,0,1,13,0,0,0,0,0,0,0,0,0,3,0,1,2,0,0,0,8,0
844,L5809,Blocks$140,mindustry.content.Blocks$140,L4198,L103,C:\Users\domco\Desktop\DP\repos\Mindustry\core\src\mindustry\content\Blocks.java,1383,52,1398,11,0.0,0,0,0,0.0,0.0,0,0,0,0,0,0,1,0,0,0,0,0.0,0.0,0,0,0,1,0.0,0,8,8,0,0,1,15,16,154,8,0,0,0,0,0,0,125,0,147,121,7,15,16,154,8,0,0,0,0,0,0,125,0,147,121,7,0,1,13,0,0,0,0,0,0,0,0,0,3,0,1,2,0,0,0,8,0
845,L5825,Blocks$141,mindustry.content.Blocks$141,L4198,L103,C:\Users\domco\Desktop\DP\repos\Mindustry\core\src\mindustry\content\Blocks.java,1403,48,1413,11,0.0,0,0,0,0.0,0.0,0,0,0,0,0,0,1,0,0,0,0,0.0,0.0,0,0,0,1,0.0,0,6,6,0,0,1,9,11,148,8,0,0,0,0,0,0,121,0,140,119,5,9,11,148,8,0,0,0,0,0,0,121,0,140,119,5,0,1,13,0,0,0,0,0,0,0,0,0,3,0,1,2,0,0,0,8,0
846,L5839,Blocks$142,mindustry.content.Blocks$142,L4198,L103,C:\Users\domco\Desktop\DP\repos\Mindustry\core\src\mindustry\content\Blocks.java,1415,58,1426,11,0.0,0,0,0,0.0,0.0,0,0,0,0,0,0,1,0,0,0,0,0.0,0.0,0,0,0,1,0.0,0,6,6,0,0,1,10,12,148,8,0,0,0,0,0,0,121,0,140,119,5,10,12,148,8,0,0,0,0,0,0,121,0,140,119,5,0,1,13,0,0,0,0,0,0,0,0,0,3,0,1,2,0,0,0,8,0
847,L5851,Blocks$143,mindustry.content.Blocks$143,L4198,L103,C:\Users\domco\Desktop\DP\repos\Mindustry\core\src\mindustry\content\Blocks.java,1428,52,1439,11,0.0,0,0,0,0.0,0.0,0,0,0,0,0,0,1,0,0,0,0,0.0,0.0,0,0,0,1,0.0,0,6,6,0,0,1,10,12,148,8,0,0,0,0,0,0,121,0,140,119,5,10,12,148,8,0,0,0,0,0,0,121,0,140,119,5,0,1,13,0,1,0,0,1,0,0,0,0,3,0,1,2,0,0,0,8,0
848,L5862,Blocks$144,mindustry.content.Blocks$144,L4198,L103,C:\Users\domco\Desktop\DP\repos\Mindustry\core\src\mindustry\content\Blocks.java,1441,42,1446,11,0.0,0,0,0,0.0,0.0,0,0,0,0,0,0,1,0,0,0,0,0.0,0.0,0,0,0,1,0.0,0,5,5,0,0,1,6,6,142,8,0,0,0,0,0,0,110,0,135,108,3,6,6,142,8,0,0,0,0,0,0,110,0,135,108,3,0,1,11,0,0,0,0,0,0,0,0,0,3,0,1,0,0,0,0,8,0
849,L5870,Blocks$145,mindustry.content.Blocks$145,L4198,L103,C:\Users\domco\Desktop\DP\repos\Mindustry\core\src\mindustry\content\Blocks.java,1448,50,1453,11,0.0,0,0,0,0.0,0.0,0,0,0,0,0,0,1,0,0,0,0,0.0,0.0,0,0,0,1,0.0,0,5,5,0,0,1,6,6,142,8,0,0,0,0,0,0,110,0,135,108,3,6,6,142,8,0,0,0,0,0,0,110,0,135,108,3,0,1,11,0,0,0,0,0,0,0,0,0,3,0,1,0,0,0,0,8,0
850,L5879,Blocks$146,mindustry.content.Blocks$146,L4198,L103,C:\Users\domco\Desktop\DP\repos\Mindustry\core\src\mindustry\content\Blocks.java,1455,44,1459,11,0.0,0,0,0,0.0,0.0,0,0,0,0,0,0,1,0,0,0,0,0.0,0.0,0,0,0,1,0.0,0,5,5,0,0,1,5,5,143,8,0,0,0,0,0,0,111,0,136,109,5,5,5,143,8,0,0,0,0,0,0,111,0,136,109,5,0,1,11,0,0,0,0,0,0,0,0,0,3,0,1,0,0,0,0,8,0
851,L5894,Blocks$147,mindustry.content.Blocks$147,L4198,L103,C:\Users\domco\Desktop\DP\repos\Mindustry\core\src\mindustry\content\Blocks.java,1464,36,1486,11,0.0,0,0,0,0.0,0.0,0,0,0,0,0,0,1,0,0,0,0,0.0,0.0,0,0,0,1,0.0,0,8,8,0,0,1,21,23,194,8,0,0,0,0,0,0,124,0,185,122,7,21,23,194,8,0,0,0,0,0,0,124,0,185,122,7,0,1,13,0,0,0,0,0,0,0,0,0,3,0,1,2,0,0,0,8,0
852,L5938,Blocks$148,mindustry.content.Blocks$148,L4198,L103,C:\Users\domco\Desktop\DP\repos\Mindustry\core\src\mindustry\content\Blocks.java,1488,44,1511,11,0.0,0,0,0,0.0,0.0,0,0,0,0,0,0,1,0,0,0,0,0.0,0.0,0,0,0,1,0.0,0,8,8,0,0,1,21,24,194,8,0,0,0,0,0,0,124,0,185,122,7,21,24,194,8,0,0,0,0,0,0,124,0,185,122,7,0,1,13,0,0,0,0,0,0,0,0,0,3,0,1,2,0,0,0,8,0
853,L5960,Blocks$149,mindustry.content.Blocks$149,L4198,L103,C:\Users\domco\Desktop\DP\repos\Mindustry\core\src\mindustry\content\Blocks.java,1513,42,1528,11,0.0,0,0,0,0.0,0.0,0,0,0,0,0,0,1,0,0,0,0,0.0,0.0,0,0,0,1,0.0,0,8,8,0,0,1,16,16,194,8,0,0,0,0,0,0,124,0,185,122,7,16,16,194,8,0,0,0,0,0,0,124,0,185,122,7,0,1,13,0,0,0,0,0,0,0,0,0,3,0,1,2,0,0,0,8,0
854,L5974,Blocks$150,mindustry.content.Blocks$150,L4198,L103,C:\Users\domco\Desktop\DP\repos\Mindustry\core\src\mindustry\content\Blocks.java,1530,38,1546,11,0.0,0,0,0,0.0,0.0,0,0,0,0,0,0,1,0,0,0,0,0.0,0.0,0,0,0,1,0.0,0,8,8,0,0,1,17,17,194,8,0,0,0,0,0,0,124,0,185,122,7,17,17,194,8,0,0,0,0,0,0,124,0,185,122,7,0,1,13,0,0,0,0,0,0,0,0,0,3,0,1,2,0,0,0,8,0
855,L5989,Blocks$151,mindustry.content.Blocks$151,L4198,L103,C:\Users\domco\Desktop\DP\repos\Mindustry\core\src\mindustry\content\Blocks.java,1548,40,1566,11,0.0,0,0,0,0.0,0.0,0,0,0,0,0,0,1,0,0,0,0,0.0,0.0,0,0,0,1,0.0,0,8,8,0,0,1,19,19,197,8,0,0,0,0,0,0,123,0,188,121,7,19,19,197,8,0,0,0,0,0,0,123,0,188,121,7,0,1,13,0,0,0,0,0,0,0,0,0,3,0,1,2,0,0,0,8,0
856,L6018,Blocks$152,mindustry.content.Blocks$152,L4198,L103,C:\Users\domco\Desktop\DP\repos\Mindustry\core\src\mindustry\content\Blocks.java,1568,43,1599,11,0.0,0,0,0,0.0,0.0,0,0,0,0,0,0,1,0,0,0,0,0.0,0.0,0,0,0,1,0.0,0,8,8,0,0,1,23,24,195,8,0,0,0,0,0,0,121,0,186,119,7,31,32,195,8,0,0,0,0,0,0,121,0,186,119,7,0,2,13,0,0,0,0,0,0,0,0,0,3,0,2,2,0,0,0,8,0
857,L6084,Blocks$153,mindustry.content.Blocks$153,L4198,L103,C:\Users\domco\Desktop\DP\repos\Mindustry\core\src\mindustry\content\Blocks.java,1601,37,1621,11,0.0,0,0,0,0.0,0.0,0,0,0,0,0,0,1,0,0,0,0,0.0,0.0,0,0,0,1,0.0,0,8,8,0,0,1,17,17,195,8,0,0,0,0,0,0,121,0,186,119,7,21,21,195,8,0,0,0,0,0,0,121,0,186,119,7,0,2,13,0,0,0,0,0,0,0,0,0,3,0,2,2,0,0,0,8,0
858,L6108,Blocks$154,mindustry.content.Blocks$154,L4198,L103,C:\Users\domco\Desktop\DP\repos\Mindustry\core\src\mindustry\content\Blocks.java,1623,53,1636,11,0.0,0,0,0,0.0,0.0,0,0,0,0,0,0,1,0,0,0,0,0.0,0.0,0,0,0,1,0.0,0,6,6,0,0,1,12,14,166,8,0,0,0,0,0,0,115,0,159,113,5,12,14,166,8,0,0,0,0,0,0,115,0,159,113,5,0,1,13,0,0,0,0,0,0,0,0,0,3,0,1,2,0,0,0,8,0
859,L6122,Blocks$155,mindustry.content.Blocks$155,L4198,L103,C:\Users\domco\Desktop\DP\repos\Mindustry\core\src\mindustry\content\Blocks.java,1638,44,1656,11,0.0,0,0,0,0.0,0.0,0,0,0,0,0,0,1,0,0,0,0,0.0,0.0,0,0,0,1,0.0,0,8,8,0,0,1,18,19,194,8,0,0,0,0,0,0,124,0,185,122,7,18,19,194,8,0,0,0,0,0,0,124,0,185,122,7,0,1,13,0,0,0,0,0,0,0,0,0,3,0,1,2,0,0,0,8,0
860,L6136,Blocks$156,mindustry.content.Blocks$156,L4198,L103,C:\Users\domco\Desktop\DP\repos\Mindustry\core\src\mindustry\content\Blocks.java,1658,40,1684,11,0.0,0,0,0,0.0,0.0,0,0,0,0,0,0,1,0,0,0,0,0.0,0.0,0,0,0,1,0.0,0,8,8,0,0,1,25,27,194,8,0,0,0,0,0,0,124,0,185,122,7,25,27,194,8,0,0,0,0,0,0,124,0,185,122,7,0,1,13,0,0,0,0,0,0,0,0,0,3,0,1,2,0,0,0,8,0
861,L6151,Blocks$157,mindustry.content.Blocks$157,L4198,L103,C:\Users\domco\Desktop\DP\repos\Mindustry\core\src\mindustry\content\Blocks.java,1686,52,1697,11,0.0,0,0,0,0.0,0.0,0,0,0,0,0,0,1,0,0,0,0,0.0,0.0,0,0,0,1,0.0,0,7,7,0,0,1,11,12,159,8,0,0,0,0,0,0,116,0,152,114,6,11,12,159,8,0,0,0,0,0,0,116,0,152,114,6,0,1,13,0,0,0,0,0,0,0,0,0,3,0,1,2,0,0,0,8,0
862,L6163,Blocks$158,mindustry.content.Blocks$158,L4198,L103,C:\Users\domco\Desktop\DP\repos\Mindustry\core\src\mindustry\content\Blocks.java,1699,46,1720,11,0.0,0,0,0,0.0,0.0,0,0,0,0,0,0,1,0,0,0,0,0.0,0.0,0,0,0,1,0.0,0,8,8,0,0,1,22,22,197,8,0,0,0,0,0,0,123,0,188,121,7,22,22,197,8,0,0,0,0,0,0,123,0,188,121,7,0,1,13,0,0,0,0,0,0,0,0,0,3,0,1,2,0,0,0,8,0
863,L6179,Blocks$159,mindustry.content.Blocks$159,L4198,L103,C:\Users\domco\Desktop\DP\repos\Mindustry\core\src\mindustry\content\Blocks.java,1722,38,1756,11,0.0,0,0,0,0.0,0.0,0,0,0,0,0,0,1,0,0,0,0,0.0,0.0,0,0,0,1,0.0,0,8,8,0,0,1,21,25,194,8,0,0,0,0,0,0,124,0,185,122,7,31,35,194,8,0,0,0,0,0,0,124,0,185,122,7,0,3,13,0,0,0,0,0,0,0,0,0,3,0,3,2,0,0,0,8,0
864,L6214,Blocks$160,mindustry.content.Blocks$160,L4198,L103,C:\Users\domco\Desktop\DP\repos\Mindustry\core\src\mindustry\content\Blocks.java,1758,42,1786,11,0.0,0,0,0,0.0,0.0,0,0,0,0,0,0,1,0,0,0,0,0.0,0.0,0,0,0,1,0.0,0,8,8,0,0,1,27,29,194,8,0,0,0,0,0,0,124,0,185,122,7,27,29,194,8,0,0,0,0,0,0,124,0,185,122,7,0,1,13,0,0,0,0,0,0,0,0,0,3,0,1,2,0,0,0,8,0
865,L6230,Blocks$161,mindustry.content.Blocks$161,L4198,L103,C:\Users\domco\Desktop\DP\repos\Mindustry\core\src\mindustry\content\Blocks.java,1788,44,1808,11,0.0,0,0,0,0.0,0.0,0,0,0,0,0,0,1,0,0,0,0,0.0,0.0,0,0,0,1,0.0,0,8,8,0,0,1,20,21,194,8,0,0,0,0,0,0,124,0,185,122,7,20,21,194,8,0,0,0,0,0,0,124,0,185,122,7,0,1,13,0,0,0,0,0,0,0,0,0,3,0,1,2,0,0,0,8,0
866,L6244,Blocks$162,mindustry.content.Blocks$162,L4198,L103,C:\Users\domco\Desktop\DP\repos\Mindustry\core\src\mindustry\content\Blocks.java,1810,50,1851,11,0.0,0,0,0,0.0,0.0,0,0,0,0,0,0,1,0,0,0,0,0.0,0.0,0,0,0,1,0.0,0,8,8,0,0,1,26,31,194,8,0,0,0,0,0,0,124,0,185,122,7,37,42,194,8,0,0,0,0,0,0,124,0,185,122,7,0,2,13,0,0,0,0,0,0,0,0,0,3,0,2,2,0,0,0,8,0
867,L6291,Blocks$163,mindustry.content.Blocks$163,L4198,L103,C:\Users\domco\Desktop\DP\repos\Mindustry\core\src\mindustry\content\Blocks.java,1853,44,1879,11,0.0,0,0,0,0.0,0.0,0,0,0,0,0,0,1,0,0,0,0,0.0,0.0,0,0,0,1,0.0,0,8,8,0,0,1,25,27,194,8,0,0,0,0,0,0,124,0,185,122,7,25,27,194,8,0,0,0,0,0,0,124,0,185,122,7,0,1,13,0,0,0,0,0,0,0,0,0,3,0,1,2,0,0,0,8,0
868,L6308,Blocks$164,mindustry.content.Blocks$164,L4198,L103,C:\Users\domco\Desktop\DP\repos\Mindustry\core\src\mindustry\content\Blocks.java,1881,47,1912,11,0.0,0,0,0,0.0,0.0,0,0,0,0,0,0,1,0,0,0,0,0.0,0.0,0,0,0,1,0.0,0,9,9,0,0,1,20,22,197,8,0,0,0,0,0,0,124,0,188,122,8,29,32,197,8,0,0,0,0,0,0,124,0,188,122,8,0,2,13,0,0,0,0,0,0,0,0,0,3,0,2,2,0,0,0,8,0
869,L6364,Blocks$165,mindustry.content.Blocks$165,L4198,L103,C:\Users\domco\Desktop\DP\repos\Mindustry\core\src\mindustry\content\Blocks.java,1917,60,1921,11,0.0,0,0,0,0.0,0.0,0,0,0,0,0,0,1,0,0,0,0,0.0,0.0,0,0,0,1,0.0,0,5,5,0,0,1,5,5,150,8,0,0,0,0,0,0,110,0,143,108,3,5,5,150,8,0,0,0,0,0,0,110,0,143,108,3,0,1,11,0,1,0,0,1,0,0,0,0,3,0,1,0,0,0,0,8,0
870,L6377,Blocks$166,mindustry.content.Blocks$166,L4198,L103,C:\Users\domco\Desktop\DP\repos\Mindustry\core\src\mindustry\content\Blocks.java,1923,58,1932,11,0.0,0,0,0,0.0,0.0,0,0,0,0,0,0,1,0,0,0,0,0.0,0.0,0,0,0,1,0.0,0,7,7,0,0,1,10,10,149,8,0,0,0,0,0,0,119,0,142,117,5,10,10,149,8,0,0,0,0,0,0,119,0,142,117,5,0,1,13,0,0,0,0,0,0,0,0,0,3,0,1,2,0,0,0,8,0
871,L6398,Blocks$167,mindustry.content.Blocks$167,L4198,L103,C:\Users\domco\Desktop\DP\repos\Mindustry\core\src\mindustry\content\Blocks.java,1934,52,1942,11,0.0,0,0,0,0.0,0.0,0,0,0,0,0,0,1,0,0,0,0,0.0,0.0,0,0,0,1,0.0,0,7,7,0,0,1,9,9,149,8,0,0,0,0,0,0,119,0,142,117,5,9,9,149,8,0,0,0,0,0,0,119,0,142,117,5,0,1,13,0,0,0,0,0,0,0,0,0,3,0,1,2,0,0,0,8,0
872,L6408,Blocks$168,mindustry.content.Blocks$168,L4198,L103,C:\Users\domco\Desktop\DP\repos\Mindustry\core\src\mindustry\content\Blocks.java,1944,56,1953,11,0.0,0,0,0,0.0,0.0,0,0,0,0,0,0,1,0,0,0,0,0.0,0.0,0,0,0,1,0.0,0,7,7,0,0,1,10,10,149,8,0,0,0,0,0,0,119,0,142,117,5,10,10,149,8,0,0,0,0,0,0,119,0,142,117,5,0,1,13,0,0,0,0,0,0,0,0,0,3,0,1,2,0,0,0,8,0
873,L6421,Blocks$169,mindustry.content.Blocks$169,L4198,L103,C:\Users\domco\Desktop\DP\repos\Mindustry\core\src\mindustry\content\Blocks.java,1955,76,1973,11,0.582609,0,0,0,0.578947,0.625,11,10,0,0,0,0,2,0,0,0,0,0.0,0.0,0,0,0,1,0.0,0,7,7,0,0,1,16,19,150,8,0,0,0,0,0,0,119,0,143,117,5,16,19,150,8,0,0,0,0,0,0,119,0,143,117,5,0,1,16,0,0,0,3,0,0,0,0,0,3,0,1,2,0,0,0,8,0
874,L6447,Blocks$170,mindustry.content.Blocks$170,L4198,L103,C:\Users\domco\Desktop\DP\repos\Mindustry\core\src\mindustry\content\Blocks.java,1975,88,1993,11,0.544715,0,0,0,0.578947,0.625,11,10,0,0,0,0,2,0,0,0,0,0.0,0.0,0,0,0,1,0.0,0,7,7,0,0,1,16,19,150,8,0,0,0,0,0,0,119,0,143,117,5,16,19,150,8,0,0,0,0,0,0,119,0,143,117,5,0,1,16,0,0,0,3,0,0,0,0,0,3,0,1,2,0,0,0,8,0
875,L6467,Blocks$171,mindustry.content.Blocks$171,L4198,L103,C:\Users\domco\Desktop\DP\repos\Mindustry\core\src\mindustry\content\Blocks.java,1995,82,2015,11,0.445205,0,0,0,0.52381,0.555556,11,10,0,0,0,0,2,0,0,0,0,0.0,0.0,0,0,0,1,0.0,0,7,7,0,0,1,18,21,150,8,0,0,0,0,0,0,119,0,143,117,5,18,21,150,8,0,0,0,0,0,0,119,0,143,117,5,0,1,16,0,0,0,3,0,0,0,0,0,3,0,1,2,0,0,0,8,0
876,L6487,Blocks$172,mindustry.content.Blocks$172,L4198,L103,C:\Users\domco\Desktop\DP\repos\Mindustry\core\src\mindustry\content\Blocks.java,2017,78,2037,11,0.433333,0,0,0,0.52381,0.555556,11,10,0,0,0,0,2,0,0,0,0,0.0,0.0,0,0,0,1,0.0,0,7,7,0,0,1,18,21,150,8,0,0,0,0,0,0,119,0,143,117,5,18,21,150,8,0,0,0,0,0,0,119,0,143,117,5,0,1,16,0,0,0,3,0,0,0,0,0,3,0,1,2,0,0,0,8,0
877,L6510,Blocks$173,mindustry.content.Blocks$173,L4198,L103,C:\Users\domco\Desktop\DP\repos\Mindustry\core\src\mindustry\content\Blocks.java,2039,54,2046,11,0.0,0,0,0,0.0,0.0,0,0,0,0,0,0,1,0,0,0,0,0.0,0.0,0,0,0,1,0.0,0,5,5,0,0,1,8,8,164,8,0,0,0,0,0,0,113,0,155,111,4,8,8,164,8,0,0,0,0,0,0,113,0,155,111,4,0,1,11,0,0,0,0,0,0,0,0,0,3,0,1,0,0,0,0,8,0
878,L6528,Blocks$174,mindustry.content.Blocks$174,L4198,L103,C:\Users\domco\Desktop\DP\repos\Mindustry\core\src\mindustry\content\Blocks.java,2048,56,2060,11,0.0,0,0,0,0.0,0.0,0,0,0,0,0,0,1,0,0,0,0,0.0,0.0,0,0,0,1,0.0,0,5,5,0,0,1,13,13,164,8,0,0,0,0,0,0,113,0,155,111,4,13,13,164,8,0,0,0,0,0,0,113,0,155,111,4,0,1,11,0,0,0,0,0,0,0,0,0,3,0,1,0,0,0,0,8,0
879,L6542,Blocks$175,mindustry.content.Blocks$175,L4198,L103,C:\Users\domco\Desktop\DP\repos\Mindustry\core\src\mindustry\content\Blocks.java,2065,66,2068,11,0.0,0,0,0,0.0,0.0,0,0,0,0,0,0,1,0,0,0,0,0.0,0.0,0,0,0,1,0.0,0,5,5,0,0,1,4,4,148,8,0,0,0,0,0,0,112,0,141,109,4,4,4,148,8,0,0,0,0,0,0,112,0,141,109,4,0,1,11,0,0,0,0,0,0,0,0,0,3,0,1,0,0,0,0,8,0
880,L6553,Blocks$176,mindustry.content.Blocks$176,L4198,L103,C:\Users\domco\Desktop\DP\repos\Mindustry\core\src\mindustry\content\Blocks.java,2070,60,2073,11,0.0,0,0,0,0.0,0.0,0,0,0,0,0,0,1,0,0,0,0,0.0,0.0,0,0,0,1,0.0,0,6,6,0,0,1,4,4,149,8,0,0,0,0,0,0,114,0,142,111,4,4,4,149,8,0,0,0,0,0,0,114,0,142,111,4,0,1,13,0,0,0,0,0,0,0,0,0,3,0,1,2,0,0,0,8,0
881,L6564,Blocks$177,mindustry.content.Blocks$177,L4198,L103,C:\Users\domco\Desktop\DP\repos\Mindustry\core\src\mindustry\content\Blocks.java,2075,83,2083,11,0.0,0,0,0,0.0,0.0,0,0,0,0,0,0,1,0,0,0,0,0.0,0.0,0,0,0,1,0.0,0,6,6,0,0,1,9,9,170,8,0,0,0,0,0,0,117,0,163,115,4,9,9,170,8,0,0,0,0,0,0,117,0,163,115,4,0,1,13,0,0,0,0,0,0,0,0,0,3,0,1,2,0,0,0,8,0
882,L6583,Blocks$178,mindustry.content.Blocks$178,L4198,L103,C:\Users\domco\Desktop\DP\repos\Mindustry\core\src\mindustry\content\Blocks.java,2085,66,2091,11,0.0,0,0,0,0.0,0.0,0,0,0,0,0,0,1,0,0,0,0,0.0,0.0,0,0,0,1,0.0,0,6,6,0,0,1,7,7,150,8,0,0,0,0,0,0,113,0,143,111,4,7,7,150,8,0,0,0,0,0,0,113,0,143,111,4,0,1,13,0,0,0,0,0,0,0,0,0,3,0,1,2,0,0,0,8,0
883,L6596,Blocks$179,mindustry.content.Blocks$179,L4198,L103,C:\Users\domco\Desktop\DP\repos\Mindustry\core\src\mindustry\content\Blocks.java,2093,53,2098,11,0.0,0,0,0,0.0,0.0,0,0,0,0,0,0,1,0,0,0,0,0.0,0.0,0,0,0,1,0.0,0,7,7,0,0,1,6,6,151,8,0,0,0,0,0,0,117,0,144,115,5,6,6,151,8,0,0,0,0,0,0,117,0,144,115,5,0,1,13,0,0,0,0,0,0,0,0,0,3,0,1,2,0,0,0,8,0
884,L6604,Blocks$180,mindustry.content.Blocks$180,L4198,L103,C:\Users\domco\Desktop\DP\repos\Mindustry\core\src\mindustry\content\Blocks.java,2101,64,2108,11,0.0,0,0,0,0.0,0.0,0,0,0,0,0,0,1,0,0,0,0,0.0,0.0,0,0,0,1,0.0,0,7,7,0,0,1,8,8,151,8,0,0,0,0,0,0,117,0,144,115,5,8,8,151,8,0,0,0,0,0,0,117,0,144,115,5,0,1,13,0,0,0,0,0,0,0,0,0,3,0,1,2,0,0,0,8,0
885,L6617,Blocks$181,mindustry.content.Blocks$181,L4198,L103,C:\Users\domco\Desktop\DP\repos\Mindustry\core\src\mindustry\content\Blocks.java,2110,60,2115,11,0.0,0,0,0,0.0,0.0,0,0,0,0,0,0,1,0,0,0,0,0.0,0.0,0,0,0,1,0.0,0,6,6,0,0,1,6,6,152,8,0,0,0,0,0,0,115,0,145,113,4,6,6,152,8,0,0,0,0,0,0,115,0,145,113,4,0,1,13,0,0,0,0,0,0,0,0,0,3,0,1,2,0,0,0,8,0
886,L6628,Blocks$182,mindustry.content.Blocks$182,L4198,L103,C:\Users\domco\Desktop\DP\repos\Mindustry\core\src\mindustry\content\Blocks.java,2117,66,2122,11,0.0,0,0,0,0.0,0.0,0,0,0,0,0,0,1,0,0,0,0,0.0,0.0,0,0,0,1,0.0,0,7,7,0,0,1,6,6,153,8,0,0,0,0,0,0,118,0,146,116,4,6,6,153,8,0,0,0,0,0,0,118,0,146,116,4,0,1,13,0,0,0,0,0,0,0,0,0,3,0,1,2,0,0,0,8,0
887,L6642,Blocks$183,mindustry.content.Blocks$183,L4198,L103,C:\Users\domco\Desktop\DP\repos\Mindustry\core\src\mindustry\content\Blocks.java,2132,54,2136,11,0.0,0,0,0,0.0,0.0,0,0,0,0,0,0,1,0,0,0,0,0.0,0.0,0,0,0,1,0.0,0,7,7,0,0,1,5,5,152,10,0,0,0,0,0,0,130,0,142,122,5,5,5,152,10,0,0,0,0,0,0,130,0,142,122,5,0,1,13,0,1,0,0,1,0,0,0,0,3,0,1,2,0,0,0,8,0
888,L6655,Blocks$184,mindustry.content.Blocks$184,L4198,L103,C:\Users\domco\Desktop\DP\repos\Mindustry\core\src\mindustry\content\Blocks.java,2138,48,2141,11,0.0,0,0,0,0.0,0.0,0,0,0,0,0,0,1,0,0,0,0,0.0,0.0,0,0,0,1,0.0,0,6,6,0,0,1,4,4,142,8,0,0,0,0,0,0,110,0,135,108,4,4,4,142,8,0,0,0,0,0,0,110,0,135,108,4,0,1,13,0,0,0,0,0,0,0,0,0,3,0,1,2,0,0,0,8,0
889,L6663,Blocks$185,mindustry.content.Blocks$185,L4198,L103,C:\Users\domco\Desktop\DP\repos\Mindustry\core\src\mindustry\content\Blocks.java,2143,51,2146,11,0.0,0,0,0,0.0,0.0,0,0,0,0,0,0,1,0,0,0,0,0.0,0.0,0,0,0,1,0.0,0,5,5,0,0,1,4,4,142,8,0,0,0,0,0,0,111,0,135,109,4,4,4,142,8,0,0,0,0,0,0,111,0,135,109,4,0,1,11,0,0,0,0,0,0,0,0,0,3,0,1,0,0,0,0,8,0
890,L6674,Blocks$186,mindustry.content.Blocks$186,L4198,L103,C:\Users\domco\Desktop\DP\repos\Mindustry\core\src\mindustry\content\Blocks.java,2148,45,2151,11,0.0,0,0,0,0.0,0.0,0,0,0,0,0,0,1,0,0,0,0,0.0,0.0,0,0,0,1,0.0,0,5,5,0,0,1,4,4,142,8,0,0,0,0,0,0,108,0,135,106,3,4,4,142,8,0,0,0,0,0,0,108,0,135,106,3,0,1,11,0,0,0,0,0,0,0,0,0,3,0,1,0,0,0,0,8,0
891,L6682,Blocks$187,mindustry.content.Blocks$187,L4198,L103,C:\Users\domco\Desktop\DP\repos\Mindustry\core\src\mindustry\content\Blocks.java,2153,57,2156,11,0.0,0,0,0,0.0,0.0,0,0,0,0,0,0,1,0,0,0,0,0.0,0.0,0,0,0,1,0.0,0,5,5,0,0,1,4,4,142,8,0,0,0,0,0,0,110,0,135,108,4,4,4,142,8,0,0,0,0,0,0,110,0,135,108,4,0,1,11,0,0,0,0,0,0,0,0,0,3,0,1,0,0,0,0,8,0
892,L6693,Blocks$188,mindustry.content.Blocks$188,L4198,L103,C:\Users\domco\Desktop\DP\repos\Mindustry\core\src\mindustry\content\Blocks.java,2158,51,2161,11,0.0,0,0,0,0.0,0.0,0,0,0,0,0,0,1,0,0,0,0,0.0,0.0,0,0,0,1,0.0,0,5,5,0,0,1,4,4,142,8,0,0,0,0,0,0,109,0,135,107,4,4,4,142,8,0,0,0,0,0,0,109,0,135,107,4,0,1,11,0,0,0,0,0,0,0,0,0,3,0,1,0,0,0,0,8,0
893,L6704,Blocks$189,mindustry.content.Blocks$189,L4198,L103,C:\Users\domco\Desktop\DP\repos\Mindustry\core\src\mindustry\content\Blocks.java,2163,60,2167,11,0.0,0,0,0,0.0,0.0,0,0,0,0,0,0,1,0,0,0,0,0.0,0.0,0,0,0,1,0.0,0,6,6,0,0,1,5,5,147,8,0,0,0,0,0,0,115,0,140,113,3,5,5,147,8,0,0,0,0,0,0,115,0,140,113,3,0,1,13,0,0,0,0,0,0,0,0,0,3,0,1,2,0,0,0,8,0
894,L6715,Blocks$190,mindustry.content.Blocks$190,L4198,L103,C:\Users\domco\Desktop\DP\repos\Mindustry\core\src\mindustry\content\Blocks.java,2169,54,2173,11,0.0,0,0,0,0.0,0.0,0,0,0,0,0,0,1,0,0,0,0,0.0,0.0,0,0,0,1,0.0,0,6,6,0,0,1,5,5,149,8,0,0,0,0,0,0,112,0,142,110,3,5,5,149,8,0,0,0,0,0,0,112,0,142,110,3,0,1,13,0,0,0,0,0,0,0,0,0,3,0,1,2,0,0,0,8,0
895,L6726,Blocks$191,mindustry.content.Blocks$191,L4198,L103,C:\Users\domco\Desktop\DP\repos\Mindustry\core\src\mindustry\content\Blocks.java,2176,52,2181,11,0.0,0,0,0,0.0,0.0,0,0,0,0,0,0,1,0,0,0,0,0.0,0.0,0,0,0,1,0.0,0,5,5,0,0,1,6,6,145,8,0,0,0,0,0,0,111,0,138,109,3,6,6,145,8,0,0,0,0,0,0,111,0,138,109,3,0,1,11,0,0,0,0,0,0,0,0,0,3,0,1,0,0,0,0,8,0
896,L6749,Blocks$192,mindustry.content.Blocks$192,L4198,L103,C:\Users\domco\Desktop\DP\repos\Mindustry\core\src\mindustry\content\Blocks.java,2189,57,2191,11,0.0,0,0,0,0.0,0.0,0,0,0,0,0,0,1,0,0,0,0,0.0,0.0,0,0,0,1,0.0,0,6,6,0,0,1,3,3,143,8,0,0,0,0,0,0,111,0,136,109,3,3,3,143,8,0,0,0,0,0,0,111,0,136,109,3,0,1,13,0,0,0,0,0,0,0,0,0,3,0,1,2,0,0,0,8,0
897,L6756,Blocks$193,mindustry.content.Blocks$193,L4198,L103,C:\Users\domco\Desktop\DP\repos\Mindustry\core\src\mindustry\content\Blocks.java,2192,60,2194,11,0.0,0,0,0,0.0,0.0,0,0,0,0,0,0,1,0,0,0,0,0.0,0.0,0,0,0,1,0.0,0,6,6,0,0,1,3,3,143,8,0,0,0,0,0,0,111,0,136,109,3,3,3,143,8,0,0,0,0,0,0,111,0,136,109,3,0,1,13,0,0,0,0,0,0,0,0,0,3,0,1,2,0,0,0,8,0
898,L6765,Blocks$194,mindustry.content.Blocks$194,L4198,L103,C:\Users\domco\Desktop\DP\repos\Mindustry\core\src\mindustry\content\Blocks.java,2199,48,2206,11,0.0,0,0,0,0.0,0.0,0,0,0,0,0,0,1,0,0,0,0,0.0,0.0,0,0,0,1,0.0,0,5,5,0,0,1,8,8,147,8,0,0,0,0,0,0,111,0,140,109,5,8,8,147,8,0,0,0,0,0,0,111,0,140,109,5,0,1,11,0,0,0,0,0,0,0,0,0,3,0,1,0,0,0,0,8,0
899,L6780,Blocks$195,mindustry.content.Blocks$195,L4198,L103,C:\Users\domco\Desktop\DP\repos\Mindustry\core\src\mindustry\content\Blocks.java,2208,82,2216,11,0.0,0,0,0,0.0,0.0,0,0,0,0,0,0,1,0,0,0,0,0.0,0.0,0,0,0,1,0.0,0,5,5,0,0,1,9,9,145,8,0,0,0,0,0,0,110,0,138,108,3,9,9,145,8,0,0,0,0,0,0,110,0,138,108,3,0,1,11,0,4,0,0,4,0,0,0,0,3,0,1,0,0,0,0,8,0
900,L6791,Blocks$196,mindustry.content.Blocks$196,L4198,L103,C:\Users\domco\Desktop\DP\repos\Mindustry\core\src\mindustry\content\Blocks.java,2221,46,2223,11,0.0,0,0,0,0.0,0.0,0,0,0,0,0,0,1,0,0,0,0,0.0,0.0,0,0,0,1,0.0,0,5,5,0,0,1,3,3,144,8,0,0,0,0,0,0,108,0,137,106,3,3,3,144,8,0,0,0,0,0,0,108,0,137,106,3,0,1,11,0,0,0,0,0,0,0,0,0,3,0,1,0,0,0,0,8,0
901,L6804,Blocks$197,mindustry.content.Blocks$197,L4198,L103,C:\Users\domco\Desktop\DP\repos\Mindustry\core\src\mindustry\content\Blocks.java,2225,48,2227,11,0.0,0,0,0,0.0,0.0,0,0,0,0,0,0,1,0,0,0,0,0.0,0.0,0,0,0,1,0.0,0,5,5,0,0,1,3,3,143,8,0,0,0,0,0,0,108,0,136,106,3,3,3,143,8,0,0,0,0,0,0,108,0,136,106,3,0,1,11,0,0,0,0,0,0,0,0,0,3,0,1,0,0,0,0,8,0
902,L6815,Blocks$198,mindustry.content.Blocks$198,L4198,L103,C:\Users\domco\Desktop\DP\repos\Mindustry\core\src\mindustry\content\Blocks.java,2229,59,2235,11,0.0,0,0,0,0.0,0.0,0,0,0,0,0,0,1,0,0,0,0,0.0,0.0,0,0,0,1,0.0,0,5,5,0,0,1,5,7,146,9,0,0,0,0,0,0,114,0,138,112,4,5,7,146,9,0,0,0,0,0,0,114,0,138,112,4,0,1,11,0,0,0,0,0,0,0,0,0,3,0,1,0,0,0,0,8,0
903,L6825,Blocks$199,mindustry.content.Blocks$199,L4198,L103,C:\Users\domco\Desktop\DP\repos\Mindustry\core\src\mindustry\content\Blocks.java,2237,59,2245,11,0.0,0,0,0,0.0,0.0,0,0,0,0,0,0,1,0,0,0,0,0.0,0.0,0,0,0,1,0.0,0,5,5,0,0,1,6,9,146,9,0,0,0,0,0,0,114,0,138,112,4,6,9,146,9,0,0,0,0,0,0,114,0,138,112,4,0,1,11,0,0,0,0,0,0,0,0,0,3,0,1,0,0,0,0,8,0
904,L6833,Blocks$200,mindustry.content.Blocks$200,L4198,L103,C:\Users\domco\Desktop\DP\repos\Mindustry\core\src\mindustry\content\Blocks.java,2247,59,2258,11,0.0,0,0,0,0.0,0.0,0,0,0,0,0,0,1,0,0,0,0,0.0,0.0,0,0,0,1,0.0,0,5,5,0,0,1,8,12,146,9,0,0,0,0,0,0,114,0,138,112,4,8,12,146,9,0,0,0,0,0,0,114,0,138,112,4,0,1,11,0,0,0,0,0,0,0,0,0,3,0,1,0,0,0,0,8,0
905,L6842,Blocks$201,mindustry.content.Blocks$201,L4198,L103,C:\Users\domco\Desktop\DP\repos\Mindustry\core\src\mindustry\content\Blocks.java,2260,52,2264,11,0.0,0,0,0,0.0,0.0,0,0,0,0,0,0,1,0,0,0,0,0.0,0.0,0,0,0,1,0.0,0,5,5,0,0,1,4,5,143,8,0,0,0,0,0,0,109,0,136,107,4,4,5,143,8,0,0,0,0,0,0,109,0,136,107,4,0,1,11,0,0,0,0,0,0,0,0,0,3,0,1,0,0,0,0,8,0
906,L6852,Blocks$202,mindustry.content.Blocks$202,L4198,L103,C:\Users\domco\Desktop\DP\repos\Mindustry\core\src\mindustry\content\Blocks.java,2266,52,2271,11,0.0,0,0,0,0.0,0.0,0,0,0,0,0,0,1,0,0,0,0,0.0,0.0,0,0,0,1,0.0,0,5,5,0,0,1,5,6,143,8,0,0,0,0,0,0,109,0,136,107,4,5,6,143,8,0,0,0,0,0,0,109,0,136,107,4,0,1,11,0,0,0,0,0,0,0,0,0,3,0,1,0,0,0,0,8,0
907,L6861,Blocks$203,mindustry.content.Blocks$203,L4198,L103,C:\Users\domco\Desktop\DP\repos\Mindustry\core\src\mindustry\content\Blocks.java,2273,57,2279,11,0.0,0,0,0,0.0,0.0,0,0,0,0,0,0,1,0,0,0,0,0.0,0.0,0,0,0,1,0.0,0,5,5,0,0,1,5,7,155,8,0,0,0,0,0,0,110,0,148,107,4,5,7,155,8,0,0,0,0,0,0,110,0,148,107,4,0,1,11,0,0,0,0,0,0,0,0,0,3,0,1,0,0,0,0,8,0
908,L6871,Blocks$204,mindustry.content.Blocks$204,L4198,L103,C:\Users\domco\Desktop\DP\repos\Mindustry\core\src\mindustry\content\Blocks.java,2281,68,2287,11,0.0,0,0,0,0.0,0.0,0,0,0,0,0,0,1,0,0,0,0,0.0,0.0,0,0,0,1,0.0,0,5,5,0,0,1,5,7,155,8,0,0,0,0,0,0,110,0,148,107,4,5,7,155,8,0,0,0,0,0,0,110,0,148,107,4,0,1,11,0,0,0,0,0,0,0,0,0,3,0,1,0,0,0,0,8,0
909,L6890,Bullets$1,mindustry.content.Bullets$1,L6886,L103,C:\Users\domco\Desktop\DP\repos\Mindustry\core\src\mindustry\content\Bullets.java,38,54,45,11,0.0,0,0,0,0.0,0.0,0,0,0,0,0,0,1,0,0,0,0,0.0,0.0,0,0,0,1,0.0,0,2,2,0,0,1,8,8,96,1,0,0,0,0,0,0,38,0,96,38,0,8,8,96,1,0,0,0,0,0,0,38,0,96,38,0,0,1,7,0,0,0,0,0,0,0,0,0,3,0,1,0,0,0,0,4,0
910,L6914,Bullets$2,mindustry.content.Bullets$2,L6886,L103,C:\Users\domco\Desktop\DP\repos\Mindustry\core\src\mindustry\content\Bullets.java,51,66,59,11,0.0,0,0,0,0.0,0.0,0,0,0,0,0,0,1,0,0,0,0,0.0,0.0,0,0,0,1,0.0,0,4,4,0,0,1,9,9,110,1,0,0,0,0,0,0,48,0,110,48,0,9,9,110,1,0,0,0,0,0,0,48,0,110,48,0,0,1,8,0,0,0,0,0,0,0,0,0,3,0,1,0,0,0,0,5,0
911,L6941,Bullets$3,mindustry.content.Bullets$3,L6886,L103,C:\Users\domco\Desktop\DP\repos\Mindustry\core\src\mindustry\content\Bullets.java,61,71,70,11,1.0,1,1,1,1.0,1.0,10,10,0,0,0,0,1,0,0,0,0,0.0,0.0,0,0,0,1,0.0,0,3,3,0,0,1,10,10,108,1,0,0,0,0,0,0,43,0,108,43,0,10,10,108,1,0,0,0,0,0,0,43,0,108,43,0,0,1,12,0,0,0,5,0,0,0,0,0,3,0,1,0,0,0,0,4,0
912,L6960,Bullets$4,mindustry.content.Bullets$4,L6886,L103,C:\Users\domco\Desktop\DP\repos\Mindustry\core\src\mindustry\content\Bullets.java,72,70,84,11,0.0,0,0,0,0.0,0.0,0,0,0,0,0,0,1,0,0,0,0,0.0,0.0,0,0,0,1,0.0,0,4,4,0,0,1,13,13,110,1,0,0,0,0,0,0,48,0,110,48,0,13,13,110,1,0,0,0,0,0,0,48,0,110,48,0,0,1,8,0,0,0,0,0,0,0,0,0,3,0,1,0,0,0,0,5,0
913,L6973,Bullets$5,mindustry.content.Bullets$5,L6886,L103,C:\Users\domco\Desktop\DP\repos\Mindustry\core\src\mindustry\content\Bullets.java,86,67,98,11,0.0,0,0,0,0.0,0.0,0,0,0,0,0,0,1,0,0,0,0,0.0,0.0,0,0,0,1,0.0,0,4,4,0,0,1,13,13,110,1,0,0,0,0,0,0,48,0,110,48,0,13,13,110,1,0,0,0,0,0,0,48,0,110,48,0,0,1,8,0,0,0,0,0,0,0,0,0,3,0,1,0,0,0,0,5,0
914,L6984,Bullets$6,mindustry.content.Bullets$6,L6886,L103,C:\Users\domco\Desktop\DP\repos\Mindustry\core\src\mindustry\content\Bullets.java,100,71,115,11,0.0,0,0,0,0.0,0.0,0,0,0,0,0,0,1,0,0,0,0,0.0,0.0,0,0,0,1,0.0,0,4,4,0,0,1,16,16,110,1,0,0,0,0,0,0,48,0,110,48,0,16,16,110,1,0,0,0,0,0,0,48,0,110,48,0,0,1,8,0,0,0,0,0,0,0,0,0,3,0,1,0,0,0,0,5,0
915,L7003,Bullets$7,mindustry.content.Bullets$7,L6886,L103,C:\Users\domco\Desktop\DP\repos\Mindustry\core\src\mindustry\content\Bullets.java,117,70,130,11,0.0,0,0,0,0.0,0.0,0,0,0,0,0,0,1,0,0,0,0,0.0,0.0,0,0,0,1,0.0,0,4,4,0,0,1,13,14,110,1,0,0,0,0,0,0,48,0,110,48,0,13,14,110,1,0,0,0,0,0,0,48,0,110,48,0,0,1,8,0,0,0,0,0,0,0,0,0,3,0,1,0,0,0,0,5,0
916,L7017,Bullets$8,mindustry.content.Bullets$8,L6886,L103,C:\Users\domco\Desktop\DP\repos\Mindustry\core\src\mindustry\content\Bullets.java,132,61,141,11,1.0,1,1,1,1.0,1.0,10,10,0,0,0,0,1,0,0,0,0,0.0,0.0,0,0,0,1,0.0,0,3,3,0,0,1,10,10,108,1,0,0,0,0,0,0,43,0,108,43,0,10,10,108,1,0,0,0,0,0,0,43,0,108,43,0,0,1,12,0,0,0,5,0,0,0,0,0,3,0,1,0,0,0,0,4,0
917,L7031,Bullets$9,mindustry.content.Bullets$9,L6886,L103,C:\Users\domco\Desktop\DP\repos\Mindustry\core\src\mindustry\content\Bullets.java,143,47,152,11,0.0,0,0,0,0.0,0.0,0,0,0,0,0,0,1,0,0,0,0,0.0,0.0,0,0,0,1,0.0,0,4,4,0,0,1,10,10,110,1,0,0,0,0,0,0,46,0,110,46,0,10,10,110,1,0,0,0,0,0,0,46,0,110,46,0,0,1,8,0,0,0,0,0,0,0,0,0,3,0,1,0,0,0,0,5,0
918,L7041,Bullets$10,mindustry.content.Bullets$10,L6886,L103,C:\Users\domco\Desktop\DP\repos\Mindustry\core\src\mindustry\content\Bullets.java,154,46,164,11,0.0,0,0,0,0.0,0.0,0,0,0,0,0,0,1,0,0,0,0,0.0,0.0,0,0,0,1,0.0,0,4,4,0,0,1,11,11,110,1,0,0,0,0,0,0,46,0,110,46,0,11,11,110,1,0,0,0,0,0,0,46,0,110,46,0,0,1,8,0,0,0,0,0,0,0,0,0,3,0,1,0,0,0,0,5,0
919,L7047,Bullets$11,mindustry.content.Bullets$11,L6886,L103,C:\Users\domco\Desktop\DP\repos\Mindustry\core\src\mindustry\content\Bullets.java,166,46,178,11,0.867925,0,0,0,0.769231,0.769231,10,10,0,0,0,0,1,0,0,0,0,0.0,0.0,0,0,0,1,0.0,0,4,4,0,0,1,13,13,110,1,0,0,0,0,0,0,46,0,110,46,0,13,13,110,1,0,0,0,0,0,0,46,0,110,46,0,0,1,11,0,0,0,3,0,0,0,0,0,3,0,1,0,0,0,0,5,0
920,L7054,Bullets$12,mindustry.content.Bullets$12,L6886,L103,C:\Users\domco\Desktop\DP\repos\Mindustry\core\src\mindustry\content\Bullets.java,180,61,188,11,0.0,0,0,0,0.0,0.0,0,0,0,0,0,0,1,0,0,0,0,0.0,0.0,0,0,0,1,0.0,0,3,3,0,0,1,9,9,108,1,0,0,0,0,0,0,43,0,108,43,0,9,9,108,1,0,0,0,0,0,0,43,0,108,43,0,0,1,7,0,0,0,0,0,0,0,0,0,3,0,1,0,0,0,0,4,0
921,L7062,Bullets$13,mindustry.content.Bullets$13,L6886,L103,C:\Users\domco\Desktop\DP\repos\Mindustry\core\src\mindustry\content\Bullets.java,190,66,198,11,0.0,0,0,0,0.0,0.0,0,0,0,0,0,0,1,0,0,0,0,0.0,0.0,0,0,0,1,0.0,0,3,3,0,0,1,9,9,108,1,0,0,0,0,0,0,43,0,108,43,0,9,9,108,1,0,0,0,0,0,0,43,0,108,43,0,0,1,7,0,0,0,0,0,0,0,0,0,3,0,1,0,0,0,0,4,0
922,L7069,Bullets$14,mindustry.content.Bullets$14,L6886,L103,C:\Users\domco\Desktop\DP\repos\Mindustry\core\src\mindustry\content\Bullets.java,200,46,213,11,0.807018,0,0,0,0.714286,0.714286,10,10,0,0,0,0,1,0,0,0,0,0.0,0.0,0,0,0,1,0.0,0,4,4,0,0,1,14,14,110,1,0,0,0,0,0,0,46,0,110,46,0,14,14,110,1,0,0,0,0,0,0,46,0,110,46,0,0,1,11,0,0,0,3,0,0,0,0,0,3,0,1,0,0,0,0,5,0
923,L7077,Bullets$15,mindustry.content.Bullets$15,L6886,L103,C:\Users\domco\Desktop\DP\repos\Mindustry\core\src\mindustry\content\Bullets.java,215,48,226,11,0.0,0,0,0,0.0,0.0,0,0,0,0,0,0,1,0,0,0,0,0.0,0.0,0,0,0,1,0.0,0,4,4,0,0,1,12,12,110,1,0,0,0,0,0,0,46,0,110,46,0,12,12,110,1,0,0,0,0,0,0,46,0,110,46,0,0,1,8,0,0,0,0,0,0,0,0,0,3,0,1,0,0,0,0,5,0
924,L7085,Bullets$16,mindustry.content.Bullets$16,L6886,L103,C:\Users\domco\Desktop\DP\repos\Mindustry\core\src\mindustry\content\Bullets.java,228,50,237,11,0.0,0,0,0,0.0,0.0,0,0,0,0,0,0,1,0,0,0,0,0.0,0.0,0,0,0,1,0.0,0,4,4,0,0,1,9,10,110,1,0,0,0,0,0,0,46,0,110,46,0,9,10,110,1,0,0,0,0,0,0,46,0,110,46,0,0,1,8,0,0,0,0,0,0,0,0,0,3,0,1,0,0,0,0,5,0
925,L7091,Bullets$17,mindustry.content.Bullets$17,L6886,L103,C:\Users\domco\Desktop\DP\repos\Mindustry\core\src\mindustry\content\Bullets.java,239,49,248,11,0.0,0,0,0,0.0,0.0,0,0,0,0,0,0,1,0,0,0,0,0.0,0.0,0,0,0,1,0.0,0,4,4,0,0,1,10,10,110,1,0,0,0,0,0,0,46,0,110,46,0,10,10,110,1,0,0,0,0,0,0,46,0,110,46,0,0,1,8,0,0,0,0,0,0,0,0,0,3,0,1,0,0,0,0,5,0
926,L7104,Bullets$18,mindustry.content.Bullets$18,L6886,L103,C:\Users\domco\Desktop\DP\repos\Mindustry\core\src\mindustry\content\Bullets.java,250,59,262,11,0.0,0,0,0,0.0,0.0,0,0,0,0,0,0,1,0,0,0,0,0.0,0.0,0,0,0,1,0.0,0,4,4,0,0,1,12,13,108,1,0,0,0,0,0,0,46,0,108,46,0,12,13,108,1,0,0,0,0,0,0,46,0,108,46,0,0,1,8,0,0,0,0,0,0,0,0,0,3,0,1,0,0,0,0,5,0
927,L7112,Bullets$19,mindustry.content.Bullets$19,L6886,L103,C:\Users\domco\Desktop\DP\repos\Mindustry\core\src\mindustry\content\Bullets.java,264,60,277,11,0.0,0,0,0,0.0,0.0,0,0,0,0,0,0,1,0,0,0,0,0.0,0.0,0,0,0,1,0.0,0,4,4,0,0,1,14,14,108,1,0,0,0,0,0,0,46,0,108,46,0,14,14,108,1,0,0,0,0,0,0,46,0,108,46,0,0,1,8,0,0,0,0,0,0,0,0,0,3,0,1,0,0,0,0,5,0
928,L7118,Bullets$20,mindustry.content.Bullets$20,L6886,L103,C:\Users\domco\Desktop\DP\repos\Mindustry\core\src\mindustry\content\Bullets.java,279,55,291,11,0.0,0,0,0,0.0,0.0,0,0,0,0,0,0,1,0,0,0,0,0.0,0.0,0,0,0,1,0.0,0,4,4,0,0,1,13,13,108,1,0,0,0,0,0,0,46,0,108,46,0,13,13,108,1,0,0,0,0,0,0,46,0,108,46,0,0,1,8,0,0,0,0,0,0,0,0,0,3,0,1,0,0,0,0,5,0
929,L7126,Bullets$21,mindustry.content.Bullets$21,L6886,L103,C:\Users\domco\Desktop\DP\repos\Mindustry\core\src\mindustry\content\Bullets.java,293,54,300,11,0.0,0,0,0,0.0,0.0,0,0,0,0,0,0,1,0,0,0,0,0.0,0.0,0,0,0,1,0.0,0,3,3,0,0,1,8,8,108,1,0,0,0,0,0,0,43,0,108,43,0,8,8,108,1,0,0,0,0,0,0,43,0,108,43,0,0,1,7,0,0,0,0,0,0,0,0,0,3,0,1,0,0,0,0,4,0
930,L7136,Bullets$22,mindustry.content.Bullets$22,L6886,L103,C:\Users\domco\Desktop\DP\repos\Mindustry\core\src\mindustry\content\Bullets.java,302,54,308,11,0.0,0,0,0,0.0,0.0,0,0,0,0,0,0,1,0,0,0,0,0.0,0.0,0,0,0,1,0.0,0,3,3,0,0,1,7,7,108,1,0,0,0,0,0,0,43,0,108,43,0,7,7,108,1,0,0,0,0,0,0,43,0,108,43,0,0,1,7,0,0,0,0,0,0,0,0,0,3,0,1,0,0,0,0,4,0
931,L7142,Bullets$23,mindustry.content.Bullets$23,L6886,L103,C:\Users\domco\Desktop\DP\repos\Mindustry\core\src\mindustry\content\Bullets.java,310,64,317,11,0.0,0,0,0,0.0,0.0,0,0,0,0,0,0,1,0,0,0,0,0.0,0.0,0,0,0,1,0.0,0,3,3,0,0,1,8,8,108,1,0,0,0,0,0,0,43,0,108,43,0,8,8,108,1,0,0,0,0,0,0,43,0,108,43,0,0,1,7,0,0,0,0,0,0,0,0,0,3,0,1,0,0,0,0,4,0
932,L7151,Bullets$24,mindustry.content.Bullets$24,L6886,L103,C:\Users\domco\Desktop\DP\repos\Mindustry\core\src\mindustry\content\Bullets.java,319,63,326,11,0.0,0,0,0,0.0,0.0,0,0,0,0,0,0,1,0,0,0,0,0.0,0.0,0,0,0,1,0.0,0,3,3,0,0,1,8,8,108,1,0,0,0,0,0,0,43,0,108,43,0,8,8,108,1,0,0,0,0,0,0,43,0,108,43,0,0,1,7,0,0,0,0,0,0,0,0,0,3,0,1,0,0,0,0,4,0
933,L7158,Bullets$25,mindustry.content.Bullets$25,L6886,L103,C:\Users\domco\Desktop\DP\repos\Mindustry\core\src\mindustry\content\Bullets.java,328,69,343,11,0.0,0,0,0,0.0,0.0,0,0,0,0,0,0,1,0,0,0,0,0.0,0.0,0,0,0,1,0.0,0,3,3,0,0,1,13,16,108,1,0,0,0,0,0,0,43,0,108,43,0,13,16,108,1,0,0,0,0,0,0,43,0,108,43,0,0,1,7,0,0,0,0,0,0,0,0,0,3,0,1,0,0,0,0,4,0
934,L7174,Bullets$26,mindustry.content.Bullets$26,L6886,L103,C:\Users\domco\Desktop\DP\repos\Mindustry\core\src\mindustry\content\Bullets.java,345,67,353,11,0.0,0,0,0,0.0,0.0,0,0,0,0,0,0,1,0,0,0,0,0.0,0.0,0,0,0,1,0.0,0,3,3,0,0,1,9,9,108,1,0,0,0,0,0,0,43,0,108,43,0,9,9,108,1,0,0,0,0,0,0,43,0,108,43,0,0,1,7,0,0,0,0,0,0,0,0,0,3,0,1,0,0,0,0,4,0
935,L7181,Bullets$27,mindustry.content.Bullets$27,L6886,L103,C:\Users\domco\Desktop\DP\repos\Mindustry\core\src\mindustry\content\Bullets.java,355,67,363,11,0.0,0,0,0,0.0,0.0,0,0,0,0,0,0,1,0,0,0,0,0.0,0.0,0,0,0,1,0.0,0,3,3,0,0,1,9,9,108,1,0,0,0,0,0,0,43,0,108,43,0,9,9,108,1,0,0,0,0,0,0,43,0,108,43,0,0,1,7,0,0,0,0,0,0,0,0,0,3,0,1,0,0,0,0,4,0
936,L7192,Bullets$28,mindustry.content.Bullets$28,L6886,L103,C:\Users\domco\Desktop\DP\repos\Mindustry\core\src\mindustry\content\Bullets.java,365,70,381,11,0.0,0,0,0,0.0,0.0,0,0,0,0,0,0,1,0,0,0,0,0.0,0.0,0,0,0,1,0.0,0,3,3,0,0,1,17,17,108,1,0,0,0,0,0,0,43,0,108,43,0,17,17,108,1,0,0,0,0,0,0,43,0,108,43,0,0,1,7,0,0,0,0,0,0,0,0,0,3,0,1,0,0,0,0,4,0
937,L7205,Bullets$29,mindustry.content.Bullets$29,L6886,L103,C:\Users\domco\Desktop\DP\repos\Mindustry\core\src\mindustry\content\Bullets.java,385,48,398,11,0.95082,0,0,0,0.857143,0.857143,12,12,0,0,0,0,1,0,0,0,0,0.0,0.0,0,0,0,1,0.0,0,2,2,0,0,1,14,14,96,1,0,0,0,0,0,0,38,0,96,38,0,14,14,96,1,0,0,0,0,0,0,38,0,96,38,0,0,1,10,0,0,0,3,0,0,0,0,0,3,0,1,0,0,0,0,4,0
938,L7219,Bullets$30,mindustry.content.Bullets$30,L6886,L103,C:\Users\domco\Desktop\DP\repos\Mindustry\core\src\mindustry\content\Bullets.java,400,44,412,11,0.947368,0,0,0,0.846154,0.846154,11,11,0,0,0,0,1,0,0,0,0,0.0,0.0,0,0,0,1,0.0,0,2,2,0,0,1,13,13,96,1,0,0,0,0,0,0,38,0,96,38,0,13,13,96,1,0,0,0,0,0,0,38,0,96,38,0,0,1,10,0,0,0,3,0,0,0,0,0,3,0,1,0,0,0,0,4,0
939,L7230,Bullets$31,mindustry.content.Bullets$31,L6886,L103,C:\Users\domco\Desktop\DP\repos\Mindustry\core\src\mindustry\content\Bullets.java,414,56,417,11,0.0,0,0,0,0.0,0.0,0,0,0,0,0,0,1,0,0,0,0,0.0,0.0,0,0,0,1,0.0,0,3,3,0,0,1,4,4,99,1,0,0,0,0,0,0,44,0,99,44,0,4,4,99,1,0,0,0,0,0,0,44,0,99,44,0,0,1,7,0,0,0,0,0,0,0,0,0,3,0,1,0,0,0,0,4,0
940,L7239,Bullets$32,mindustry.content.Bullets$32,L6886,L103,C:\Users\domco\Desktop\DP\repos\Mindustry\core\src\mindustry\content\Bullets.java,419,59,421,11,0.0,0,0,0,0.0,0.0,0,0,0,0,0,0,1,0,0,0,0,0.0,0.0,0,0,0,1,0.0,0,3,3,0,0,1,3,3,99,1,0,0,0,0,0,0,44,0,99,44,0,3,3,99,1,0,0,0,0,0,0,44,0,99,44,0,0,1,7,0,0,0,0,0,0,0,0,0,3,0,1,0,0,0,0,4,0
941,L7244,Bullets$33,mindustry.content.Bullets$33,L6886,L103,C:\Users\domco\Desktop\DP\repos\Mindustry\core\src\mindustry\content\Bullets.java,423,54,426,11,0.0,0,0,0,0.0,0.0,0,0,0,0,0,0,1,0,0,0,0,0.0,0.0,0,0,0,1,0.0,0,3,3,0,0,1,4,4,99,1,0,0,0,0,0,0,44,0,99,44,0,4,4,99,1,0,0,0,0,0,0,44,0,99,44,0,0,1,7,0,0,0,0,0,0,0,0,0,3,0,1,0,0,0,0,4,0
942,L7249,Bullets$34,mindustry.content.Bullets$34,L6886,L103,C:\Users\domco\Desktop\DP\repos\Mindustry\core\src\mindustry\content\Bullets.java,428,52,430,11,0.0,0,0,0,0.0,0.0,0,0,0,0,0,0,1,0,0,0,0,0.0,0.0,0,0,0,1,0.0,0,3,3,0,0,1,3,3,99,1,0,0,0,0,0,0,44,0,99,44,0,3,3,99,1,0,0,0,0,0,0,44,0,99,44,0,0,1,7,0,0,0,0,0,0,0,0,0,3,0,1,0,0,0,0,4,0
943,L7254,Bullets$35,mindustry.content.Bullets$35,L6886,L103,C:\Users\domco\Desktop\DP\repos\Mindustry\core\src\mindustry\content\Bullets.java,432,61,442,11,1.0,1,1,1,1.0,1.0,11,11,0,0,0,0,1,0,0,0,0,0.0,0.0,0,0,0,1,0.0,0,3,3,0,0,1,11,11,99,1,0,0,0,0,0,0,44,0,99,44,0,11,11,99,1,0,0,0,0,0,0,44,0,99,44,0,0,1,12,0,0,0,5,0,0,0,0,0,3,0,1,0,0,0,0,4,0
944,L7263,Bullets$36,mindustry.content.Bullets$36,L6886,L103,C:\Users\domco\Desktop\DP\repos\Mindustry\core\src\mindustry\content\Bullets.java,444,64,454,11,1.0,1,1,1,1.0,1.0,11,11,0,0,0,0,1,0,0,0,0,0.0,0.0,0,0,0,1,0.0,0,3,3,0,0,1,11,11,99,1,0,0,0,0,0,0,44,0,99,44,0,11,11,99,1,0,0,0,0,0,0,44,0,99,44,0,0,1,12,0,0,0,5,0,0,0,0,0,3,0,1,0,0,0,0,4,0
945,L7268,Bullets$37,mindustry.content.Bullets$37,L6886,L103,C:\Users\domco\Desktop\DP\repos\Mindustry\core\src\mindustry\content\Bullets.java,456,59,466,11,0.0,0,0,0,0.0,0.0,0,0,0,0,0,0,1,0,0,0,0,0.0,0.0,0,0,0,1,0.0,0,3,3,0,0,1,11,11,99,1,0,0,0,0,0,0,44,0,99,44,0,11,11,99,1,0,0,0,0,0,0,44,0,99,44,0,0,1,7,0,0,0,0,0,0,0,0,0,3,0,1,0,0,0,0,4,0
946,L7273,Bullets$38,mindustry.content.Bullets$38,L6886,L103,C:\Users\domco\Desktop\DP\repos\Mindustry\core\src\mindustry\content\Bullets.java,468,57,478,11,1.0,1,1,1,1.0,1.0,11,11,0,0,0,0,1,0,0,0,0,0.0,0.0,0,0,0,1,0.0,0,3,3,0,0,1,11,11,99,1,0,0,0,0,0,0,44,0,99,44,0,11,11,99,1,0,0,0,0,0,0,44,0,99,44,0,0,1,12,0,0,0,5,0,0,0,0,0,3,0,1,0,0,0,0,4,0
947,L7446,Items$1,mindustry.content.Items$1,L7443,L103,C:\Users\domco\Desktop\DP\repos\Mindustry\core\src\mindustry\content\Items.java,14,61,18,11,0.0,0,0,0,0.0,0.0,0,0,0,0,0,0,1,0,0,0,0,0.0,0.0,0,0,0,1,0.0,0,4,4,0,0,1,5,5,22,3,0,0,0,0,0,0,38,0,21,38,2,5,5,22,3,0,0,0,0,0,0,38,0,21,38,2,0,1,6,0,0,0,0,0,0,0,0,0,3,0,1,0,0,0,0,3,0
948,L7458,Items$2,mindustry.content.Items$2,L7443,L103,C:\Users\domco\Desktop\DP\repos\Mindustry\core\src\mindustry\content\Items.java,20,57,24,11,0.0,0,0,0,0.0,0.0,0,0,0,0,0,0,1,0,0,0,0,0.0,0.0,0,0,0,1,0.0,0,4,4,0,0,1,5,5,22,3,0,0,0,0,0,0,38,0,21,38,2,5,5,22,3,0,0,0,0,0,0,38,0,21,38,2,0,1,6,0,0,0,0,0,0,0,0,0,3,0,1,0,0,0,0,3,0
949,L7464,Items$3,mindustry.content.Items$3,L7443,L103,C:\Users\domco\Desktop\DP\repos\Mindustry\core\src\mindustry\content\Items.java,26,67,28,11,0.0,0,0,0,0.0,0.0,0,0,0,0,0,0,1,0,0,0,0,0.0,0.0,0,0,0,1,0.0,0,4,4,0,0,1,3,3,22,3,0,0,0,0,0,0,38,0,21,38,2,3,3,22,3,0,0,0,0,0,0,38,0,21,38,2,0,1,6,0,0,0,0,0,0,0,0,0,3,0,1,0,0,0,0,3,0
950,L7470,Items$4,mindustry.content.Items$4,L7443,L103,C:\Users\domco\Desktop\DP\repos\Mindustry\core\src\mindustry\content\Items.java,30,65,32,11,0.0,0,0,0,0.0,0.0,0,0,0,0,0,0,1,0,0,0,0,0.0,0.0,0,0,0,1,0.0,0,4,4,0,0,1,3,3,22,3,0,0,0,0,0,0,38,0,21,38,2,3,3,22,3,0,0,0,0,0,0,38,0,21,38,2,0,1,6,0,0,0,0,0,0,0,0,0,3,0,1,0,0,0,0,3,0
951,L7476,Items$5,mindustry.content.Items$5,L7443,L103,C:\Users\domco\Desktop\DP\repos\Mindustry\core\src\mindustry\content\Items.java,34,57,37,11,0.0,0,0,0,0.0,0.0,0,0,0,0,0,0,1,0,0,0,0,0.0,0.0,0,0,0,1,0.0,0,4,4,0,0,1,4,4,22,3,0,0,0,0,0,0,38,0,21,38,2,4,4,22,3,0,0,0,0,0,0,38,0,21,38,2,0,1,6,0,0,0,0,0,0,0,0,0,3,0,1,0,0,0,0,3,0
952,L7484,Items$6,mindustry.content.Items$6,L7443,L103,C:\Users\domco\Desktop\DP\repos\Mindustry\core\src\mindustry\content\Items.java,39,57,43,11,0.0,0,0,0,0.0,0.0,0,0,0,0,0,0,1,0,0,0,0,0.0,0.0,0,0,0,1,0.0,0,4,4,0,0,1,5,5,22,3,0,0,0,0,0,0,38,0,21,38,2,5,5,22,3,0,0,0,0,0,0,38,0,21,38,2,0,1,6,0,0,0,0,0,0,0,0,0,3,0,1,0,0,0,0,3,0
953,L7494,Items$7,mindustry.content.Items$7,L7443,L103,C:\Users\domco\Desktop\DP\repos\Mindustry\core\src\mindustry\content\Items.java,45,65,48,11,0.0,0,0,0,0.0,0.0,0,0,0,0,0,0,1,0,0,0,0,0.0,0.0,0,0,0,1,0.0,0,4,4,0,0,1,4,4,22,3,0,0,0,0,0,0,38,0,21,38,2,4,4,22,3,0,0,0,0,0,0,38,0,21,38,2,0,1,6,0,0,0,0,0,0,0,0,0,3,0,1,0,0,0,0,3,0
954,L7500,Items$8,mindustry.content.Items$8,L7443,L103,C:\Users\domco\Desktop\DP\repos\Mindustry\core\src\mindustry\content\Items.java,50,63,55,11,0.0,0,0,0,0.0,0.0,0,0,0,0,0,0,1,0,0,0,0,0.0,0.0,0,0,0,1,0.0,0,4,4,0,0,1,6,6,22,3,0,0,0,0,0,0,38,0,21,38,2,6,6,22,3,0,0,0,0,0,0,38,0,21,38,2,0,1,6,0,0,0,0,0,0,0,0,0,3,0,1,0,0,0,0,3,0
955,L7508,Items$9,mindustry.content.Items$9,L7443,L103,C:\Users\domco\Desktop\DP\repos\Mindustry\core\src\mindustry\content\Items.java,57,59,59,11,0.0,0,0,0,0.0,0.0,0,0,0,0,0,0,1,0,0,0,0,0.0,0.0,0,0,0,1,0.0,0,4,4,0,0,1,2,3,22,3,0,0,0,0,0,0,38,0,21,38,2,2,3,22,3,0,0,0,0,0,0,38,0,21,38,2,0,1,6,0,0,0,0,0,0,0,0,0,3,0,1,0,0,0,0,3,0
956,L7514,Items$10,mindustry.content.Items$10,L7443,L103,C:\Users\domco\Desktop\DP\repos\Mindustry\core\src\mindustry\content\Items.java,61,63,63,11,0.0,0,0,0,0.0,0.0,0,0,0,0,0,0,1,0,0,0,0,0.0,0.0,0,0,0,1,0.0,0,4,4,0,0,1,3,3,22,3,0,0,0,0,0,0,38,0,21,38,2,3,3,22,3,0,0,0,0,0,0,38,0,21,38,2,0,1,6,0,0,0,0,0,0,0,0,0,3,0,1,0,0,0,0,3,0
957,L7520,Items$11,mindustry.content.Items$11,L7443,L103,C:\Users\domco\Desktop\DP\repos\Mindustry\core\src\mindustry\content\Items.java,65,69,69,11,0.0,0,0,0,0.0,0.0,0,0,0,0,0,0,1,0,0,0,0,0.0,0.0,0,0,0,1,0.0,0,4,4,0,0,1,5,5,22,3,0,0,0,0,0,0,38,0,21,38,2,5,5,22,3,0,0,0,0,0,0,38,0,21,38,2,0,1,6,0,0,0,0,0,0,0,0,0,3,0,1,0,0,0,0,3,0
958,L7526,Items$12,mindustry.content.Items$12,L7443,L103,C:\Users\domco\Desktop\DP\repos\Mindustry\core\src\mindustry\content\Items.java,71,72,74,11,0.0,0,0,0,0.0,0.0,0,0,0,0,0,0,1,0,0,0,0,0.0,0.0,0,0,0,1,0.0,0,4,4,0,0,1,4,4,22,3,0,0,0,0,0,0,38,0,21,38,2,4,4,22,3,0,0,0,0,0,0,38,0,21,38,2,0,1,6,0,0,0,0,0,0,0,0,0,3,0,1,0,0,0,0,3,0
959,L7532,Items$13,mindustry.content.Items$13,L7443,L103,C:\Users\domco\Desktop\DP\repos\Mindustry\core\src\mindustry\content\Items.java,76,70,79,11,0.0,0,0,0,0.0,0.0,0,0,0,0,0,0,1,0,0,0,0,0.0,0.0,0,0,0,1,0.0,0,4,4,0,0,1,4,4,22,3,0,0,0,0,0,0,38,0,21,38,2,4,4,22,3,0,0,0,0,0,0,38,0,21,38,2,0,1,6,0,0,0,0,0,0,0,0,0,3,0,1,0,0,0,0,3,0
960,L7540,Items$14,mindustry.content.Items$14,L7443,L103,C:\Users\domco\Desktop\DP\repos\Mindustry\core\src\mindustry\content\Items.java,81,66,83,11,0.0,0,0,0,0.0,0.0,0,0,0,0,0,0,1,0,0,0,0,0.0,0.0,0,0,0,1,0.0,0,4,4,0,0,1,3,3,22,3,0,0,0,0,0,0,38,0,21,38,2,3,3,22,3,0,0,0,0,0,0,38,0,21,38,2,0,1,6,0,0,0,0,0,0,0,0,0,3,0,1,0,0,0,0,3,0
961,L7546,Items$15,mindustry.content.Items$15,L7443,L103,C:\Users\domco\Desktop\DP\repos\Mindustry\core\src\mindustry\content\Items.java,85,76,88,11,0.0,0,0,0,0.0,0.0,0,0,0,0,0,0,1,0,0,0,0,0.0,0.0,0,0,0,1,0.0,0,4,4,0,0,1,4,4,22,3,0,0,0,0,0,0,38,0,21,38,2,4,4,22,3,0,0,0,0,0,0,38,0,21,38,2,0,1,6,0,0,0,0,0,0,0,0,0,3,0,1,0,0,0,0,3,0
962,L7552,Items$16,mindustry.content.Items$16,L7443,L103,C:\Users\domco\Desktop\DP\repos\Mindustry\core\src\mindustry\content\Items.java,90,65,93,11,0.0,0,0,0,0.0,0.0,0,0,0,0,0,0,1,0,0,0,0,0.0,0.0,0,0,0,1,0.0,0,4,4,0,0,1,4,4,22,3,0,0,0,0,0,0,38,0,21,38,2,4,4,22,3,0,0,0,0,0,0,38,0,21,38,2,0,1,6,0,0,0,0,0,0,0,0,0,3,0,1,0,0,0,0,3,0
963,L7561,Liquids$1,mindustry.content.Liquids$1,L7558,L103,C:\Users\domco\Desktop\DP\repos\Mindustry\core\src\mindustry\content\Liquids.java,13,61,17,11,0.0,0,0,0,0.0,0.0,0,0,0,0,0,0,1,0,0,0,0,0.0,0.0,0,0,0,1,0.0,0,4,4,0,0,1,5,5,23,2,0,0,0,0,0,0,39,0,22,39,2,5,5,23,2,0,0,0,0,0,0,39,0,22,39,2,0,1,6,0,0,0,0,0,0,0,0,0,3,0,1,0,0,0,0,3,0
964,L7573,Liquids$2,mindustry.content.Liquids$2,L7558,L103,C:\Users\domco\Desktop\DP\repos\Mindustry\core\src\mindustry\content\Liquids.java,19,59,24,11,0.0,0,0,0,0.0,0.0,0,0,0,0,0,0,1,0,0,0,0,0.0,0.0,0,0,0,1,0.0,0,4,4,0,0,1,6,6,23,2,0,0,0,0,0,0,39,0,22,39,2,6,6,23,2,0,0,0,0,0,0,39,0,22,39,2,0,1,6,0,0,0,0,0,0,0,0,0,3,0,1,0,0,0,0,3,0
965,L7585,Liquids$3,mindustry.content.Liquids$3,L7558,L103,C:\Users\domco\Desktop\DP\repos\Mindustry\core\src\mindustry\content\Liquids.java,26,57,33,11,0.0,0,0,0,0.0,0.0,0,0,0,0,0,0,1,0,0,0,0,0.0,0.0,0,0,0,1,0.0,0,4,4,0,0,1,8,8,23,2,0,0,0,0,0,0,39,0,22,39,2,8,8,23,2,0,0,0,0,0,0,39,0,22,39,2,0,1,6,0,0,0,0,0,0,0,0,0,3,0,1,0,0,0,0,3,0
966,L7597,Liquids$4,mindustry.content.Liquids$4,L7558,L103,C:\Users\domco\Desktop\DP\repos\Mindustry\core\src\mindustry\content\Liquids.java,35,69,40,11,0.0,0,0,0,0.0,0.0,0,0,0,0,0,0,1,0,0,0,0,0.0,0.0,0,0,0,1,0.0,0,4,4,0,0,1,6,6,23,2,0,0,0,0,0,0,39,0,22,39,2,6,6,23,2,0,0,0,0,0,0,39,0,22,39,2,0,1,6,0,0,0,0,0,0,0,0,0,3,0,1,0,0,0,0,3,0
967,L7623,Planets$1,mindustry.content.Planets$1,L7619,L103,C:\Users\domco\Desktop\DP\repos\Mindustry\core\src\mindustry\content\Planets.java,17,42,32,11,0.0,0,0,0,0.0,0.0,0,0,0,0,0,0,1,0,0,0,0,0.0,0.0,0,0,0,1,0.0,0,4,4,0,0,1,6,16,55,11,0,0,0,0,0,0,61,0,51,61,2,6,16,55,11,0,0,0,0,0,0,61,0,51,61,2,0,1,9,0,0,0,0,0,0,0,0,0,3,0,1,0,0,0,0,6,0
968,L7639,Planets$2,mindustry.content.Planets$2,L7619,L103,C:\Users\domco\Desktop\DP\repos\Mindustry\core\src\mindustry\content\Planets.java,34,52,47,11,0.0,0,0,0,0.0,0.0,0,0,0,0,0,0,1,0,0,0,0,0.0,0.0,0,0,0,1,0.0,0,4,4,0,0,1,12,14,55,11,0,0,0,0,0,0,61,0,51,61,2,12,14,55,11,0,0,0,0,0,0,61,0,51,61,2,0,1,9,0,0,0,0,0,0,0,0,0,3,0,1,0,0,0,0,6,0
969,L7695,SectorPresets$1,mindustry.content.SectorPresets$1,L7691,L103,C:\Users\domco\Desktop\DP\repos\Mindustry\core\src\mindustry\content\SectorPresets.java,20,65,26,11,0.0,0,0,0,0.0,0.0,0,0,0,0,0,0,1,0,0,0,0,0.0,0.0,0,0,0,1,0.0,0,4,4,0,0,1,7,7,24,2,0,0,0,0,0,0,36,0,23,36,1,7,7,24,2,0,0,0,0,0,0,36,0,23,36,1,0,1,6,0,0,0,0,0,0,0,0,0,3,0,1,0,0,0,0,3,0
970,L7713,SectorPresets$2,mindustry.content.SectorPresets$2,L7691,L103,C:\Users\domco\Desktop\DP\repos\Mindustry\core\src\mindustry\content\SectorPresets.java,28,64,31,11,1.0,1,1,1,1.0,1.0,4,4,0,0,0,0,1,0,0,0,0,0.0,0.0,0,0,0,1,0.0,0,4,4,0,0,1,4,4,24,2,0,0,0,0,0,0,36,0,23,36,1,4,4,24,2,0,0,0,0,0,0,36,0,23,36,1,0,1,11,0,0,0,5,0,0,0,0,0,3,0,1,0,0,0,0,3,0
971,L7723,SectorPresets$3,mindustry.content.SectorPresets$3,L7691,L103,C:\Users\domco\Desktop\DP\repos\Mindustry\core\src\mindustry\content\SectorPresets.java,33,69,36,11,1.0,3,3,3,1.0,1.0,4,4,0,0,0,0,1,0,0,0,0,0.0,0.0,0,0,0,1,0.0,0,4,4,0,0,1,4,4,24,2,0,0,0,0,0,0,36,0,23,36,1,4,4,24,2,0,0,0,0,0,0,36,0,23,36,1,0,1,11,0,0,0,5,0,0,0,0,0,3,0,1,0,0,0,0,3,0
972,L7731,SectorPresets$4,mindustry.content.SectorPresets$4,L7691,L103,C:\Users\domco\Desktop\DP\repos\Mindustry\core\src\mindustry\content\SectorPresets.java,38,75,41,11,1.0,3,3,3,1.0,1.0,4,4,0,0,0,0,1,0,0,0,0,0.0,0.0,0,0,0,1,0.0,0,4,4,0,0,1,4,4,24,2,0,0,0,0,0,0,36,0,23,36,1,4,4,24,2,0,0,0,0,0,0,36,0,23,36,1,0,1,11,0,0,0,5,0,0,0,0,0,3,0,1,0,0,0,0,3,0
973,L7739,SectorPresets$5,mindustry.content.SectorPresets$5,L7691,L103,C:\Users\domco\Desktop\DP\repos\Mindustry\core\src\mindustry\content\SectorPresets.java,43,59,46,11,1.0,3,3,3,1.0,1.0,4,4,0,0,0,0,1,0,0,0,0,0.0,0.0,0,0,0,1,0.0,0,4,4,0,0,1,4,4,24,2,0,0,0,0,0,0,36,0,23,36,1,4,4,24,2,0,0,0,0,0,0,36,0,23,36,1,0,1,11,0,0,0,5,0,0,0,0,0,3,0,1,0,0,0,0,3,0
974,L7747,SectorPresets$6,mindustry.content.SectorPresets$6,L7691,L103,C:\Users\domco\Desktop\DP\repos\Mindustry\core\src\mindustry\content\SectorPresets.java,48,72,51,11,1.0,3,3,3,1.0,1.0,4,4,0,0,0,0,1,0,0,0,0,0.0,0.0,0,0,0,1,0.0,0,4,4,0,0,1,4,4,24,2,0,0,0,0,0,0,36,0,23,36,1,4,4,24,2,0,0,0,0,0,0,36,0,23,36,1,0,1,11,0,0,0,5,0,0,0,0,0,3,0,1,0,0,0,0,3,0
975,L7755,SectorPresets$7,mindustry.content.SectorPresets$7,L7691,L103,C:\Users\domco\Desktop\DP\repos\Mindustry\core\src\mindustry\content\SectorPresets.java,53,78,56,11,1.0,1,1,1,1.0,1.0,4,4,0,0,0,0,1,0,0,0,0,0.0,0.0,0,0,0,1,0.0,0,4,4,0,0,1,4,4,24,2,0,0,0,0,0,0,36,0,23,36,1,4,4,24,2,0,0,0,0,0,0,36,0,23,36,1,0,1,11,0,0,0,5,0,0,0,0,0,3,0,1,0,0,0,0,3,0
976,L7763,SectorPresets$8,mindustry.content.SectorPresets$8,L7691,L103,C:\Users\domco\Desktop\DP\repos\Mindustry\core\src\mindustry\content\SectorPresets.java,58,77,61,11,1.0,1,1,1,1.0,1.0,4,4,0,0,0,0,1,0,0,0,0,0.0,0.0,0,0,0,1,0.0,0,4,4,0,0,1,4,4,24,2,0,0,0,0,0,0,36,0,23,36,1,4,4,24,2,0,0,0,0,0,0,36,0,23,36,1,0,1,11,0,0,0,5,0,0,0,0,0,3,0,1,0,0,0,0,3,0
977,L7771,SectorPresets$9,mindustry.content.SectorPresets$9,L7691,L103,C:\Users\domco\Desktop\DP\repos\Mindustry\core\src\mindustry\content\SectorPresets.java,63,80,66,11,0.0,0,0,0,0.0,0.0,0,0,0,0,0,0,1,0,0,0,0,0.0,0.0,0,0,0,1,0.0,0,4,4,0,0,1,4,4,24,2,0,0,0,0,0,0,36,0,23,36,1,4,4,24,2,0,0,0,0,0,0,36,0,23,36,1,0,1,6,0,0,0,0,0,0,0,0,0,3,0,1,0,0,0,0,3,0
978,L7779,SectorPresets$10,mindustry.content.SectorPresets$10,L7691,L103,C:\Users\domco\Desktop\DP\repos\Mindustry\core\src\mindustry\content\SectorPresets.java,68,64,71,11,0.0,0,0,0,0.0,0.0,0,0,0,0,0,0,1,0,0,0,0,0.0,0.0,0,0,0,1,0.0,0,4,4,0,0,1,4,4,24,2,0,0,0,0,0,0,36,0,23,36,1,4,4,24,2,0,0,0,0,0,0,36,0,23,36,1,0,1,6,0,0,0,0,0,0,0,0,0,3,0,1,0,0,0,0,3,0
979,L7787,SectorPresets$11,mindustry.content.SectorPresets$11,L7691,L103,C:\Users\domco\Desktop\DP\repos\Mindustry\core\src\mindustry\content\SectorPresets.java,73,72,75,11,0.0,0,0,0,0.0,0.0,0,0,0,0,0,0,1,0,0,0,0,0.0,0.0,0,0,0,1,0.0,0,4,4,0,0,1,3,3,24,2,0,0,0,0,0,0,36,0,23,36,1,3,3,24,2,0,0,0,0,0,0,36,0,23,36,1,0,1,6,0,0,0,0,0,0,0,0,0,3,0,1,0,0,0,0,3,0
980,L7795,SectorPresets$12,mindustry.content.SectorPresets$12,L7691,L103,C:\Users\domco\Desktop\DP\repos\Mindustry\core\src\mindustry\content\SectorPresets.java,77,65,80,11,0.0,0,0,0,0.0,0.0,0,0,0,0,0,0,1,0,0,0,0,0.0,0.0,0,0,0,1,0.0,0,4,4,0,0,1,4,4,24,2,0,0,0,0,0,0,36,0,23,36,1,4,4,24,2,0,0,0,0,0,0,36,0,23,36,1,0,1,6,0,0,0,0,0,0,0,0,0,3,0,1,0,0,0,0,3,0
981,L7803,SectorPresets$13,mindustry.content.SectorPresets$13,L7691,L103,C:\Users\domco\Desktop\DP\repos\Mindustry\core\src\mindustry\content\SectorPresets.java,82,66,85,11,1.0,1,1,1,1.0,1.0,4,4,0,0,0,0,1,0,0,0,0,0.0,0.0,0,0,0,1,0.0,0,4,4,0,0,1,4,4,24,2,0,0,0,0,0,0,36,0,23,36,1,4,4,24,2,0,0,0,0,0,0,36,0,23,36,1,0,1,11,0,0,0,5,0,0,0,0,0,3,0,1,0,0,0,0,3,0
982,L7811,SectorPresets$14,mindustry.content.SectorPresets$14,L7691,L103,C:\Users\domco\Desktop\DP\repos\Mindustry\core\src\mindustry\content\SectorPresets.java,87,63,90,11,1.0,3,3,3,1.0,1.0,4,4,0,0,0,0,1,0,0,0,0,0.0,0.0,0,0,0,1,0.0,0,4,4,0,0,1,4,4,24,2,0,0,0,0,0,0,36,0,23,36,1,4,4,24,2,0,0,0,0,0,0,36,0,23,36,1,0,1,11,0,0,0,5,0,0,0,0,0,3,0,1,0,0,0,0,3,0
983,L7819,SectorPresets$15,mindustry.content.SectorPresets$15,L7691,L103,C:\Users\domco\Desktop\DP\repos\Mindustry\core\src\mindustry\content\SectorPresets.java,92,66,95,11,1.0,3,3,3,1.0,1.0,4,4,0,0,0,0,1,0,0,0,0,0.0,0.0,0,0,0,1,0.0,0,4,4,0,0,1,4,4,24,2,0,0,0,0,0,0,36,0,23,36,1,4,4,24,2,0,0,0,0,0,0,36,0,23,36,1,0,1,11,0,0,0,5,0,0,0,0,0,3,0,1,0,0,0,0,3,0
984,L7827,SectorPresets$16,mindustry.content.SectorPresets$16,L7691,L103,C:\Users\domco\Desktop\DP\repos\Mindustry\core\src\mindustry\content\SectorPresets.java,97,70,100,11,1.0,3,3,3,1.0,1.0,4,4,0,0,0,0,1,0,0,0,0,0.0,0.0,0,0,0,1,0.0,0,4,4,0,0,1,4,4,24,2,0,0,0,0,0,0,36,0,23,36,1,4,4,24,2,0,0,0,0,0,0,36,0,23,36,1,0,1,11,0,0,0,5,0,0,0,0,0,3,0,1,0,0,0,0,3,0
985,L7835,SectorPresets$17,mindustry.content.SectorPresets$17,L7691,L103,C:\Users\domco\Desktop\DP\repos\Mindustry\core\src\mindustry\content\SectorPresets.java,102,74,105,11,1.0,2,2,2,1.0,1.0,4,4,0,0,0,0,1,0,0,0,0,0.0,0.0,0,0,0,1,0.0,0,4,4,0,0,1,4,4,24,2,0,0,0,0,0,0,36,0,23,36,1,4,4,24,2,0,0,0,0,0,0,36,0,23,36,1,0,1,11,0,0,0,5,0,0,0,0,0,3,0,1,0,0,0,0,3,0
986,L7843,SectorPresets$18,mindustry.content.SectorPresets$18,L7691,L103,C:\Users\domco\Desktop\DP\repos\Mindustry\core\src\mindustry\content\SectorPresets.java,107,79,109,11,0.0,0,0,0,0.0,0.0,0,0,0,0,0,0,1,0,0,0,0,0.0,0.0,0,0,0,1,0.0,0,4,4,0,0,1,3,3,24,2,0,0,0,0,0,0,36,0,23,36,1,3,3,24,2,0,0,0,0,0,0,36,0,23,36,1,0,1,6,0,0,0,0,0,0,0,0,0,3,0,1,0,0,0,0,3,0
987,L7870,StatusEffects$1,mindustry.content.StatusEffects$1,L7864,L103,C:\Users\domco\Desktop\DP\repos\Mindustry\core\src\mindustry\content\StatusEffects.java,23,46,37,11,0.62069,0,0,0,0.8,0.625,12,5,0,0,0,0,1,0,0,0,0,0.0,0.0,0,0,0,1,0.0,0,4,4,0,0,1,8,15,34,2,0,0,0,0,0,0,49,0,31,45,2,8,15,34,2,0,0,0,0,0,0,49,0,31,45,2,0,1,10,0,0,0,3,0,0,0,0,0,3,0,1,0,0,0,0,4,0
988,L7886,StatusEffects$2,mindustry.content.StatusEffects$2,L7864,L103,C:\Users\domco\Desktop\DP\repos\Mindustry\core\src\mindustry\content\StatusEffects.java,39,48,53,11,0.545455,0,0,0,0.733333,0.555556,11,5,0,0,0,0,1,0,0,0,0,0.0,0.0,0,0,0,1,0.0,0,4,4,0,0,1,9,15,34,2,0,0,0,0,0,0,49,0,31,45,2,9,15,34,2,0,0,0,0,0,0,49,0,31,45,2,0,1,10,0,0,0,3,0,0,0,0,0,3,0,1,0,0,0,0,4,0
989,L7896,StatusEffects$3,mindustry.content.StatusEffects$3,L7864,L103,C:\Users\domco\Desktop\DP\repos\Mindustry\core\src\mindustry\content\StatusEffects.java,55,48,58,11,0.0,0,0,0,0.0,0.0,0,0,0,0,0,0,1,0,0,0,0,0.0,0.0,0,0,0,1,0.0,0,4,4,0,0,1,4,4,34,2,0,0,0,0,0,0,49,0,31,45,2,4,4,34,2,0,0,0,0,0,0,49,0,31,45,2,0,1,7,0,0,0,0,0,0,0,0,0,3,0,1,0,0,0,0,4,0
990,L7902,StatusEffects$4,mindustry.content.StatusEffects$4,L7864,L103,C:\Users\domco\Desktop\DP\repos\Mindustry\core\src\mindustry\content\StatusEffects.java,60,40,63,11,0.0,0,0,0,0.0,0.0,0,0,0,0,0,0,1,0,0,0,0,0.0,0.0,0,0,0,1,0.0,0,4,4,0,0,1,4,4,34,2,0,0,0,0,0,0,49,0,31,45,2,4,4,34,2,0,0,0,0,0,0,49,0,31,45,2,0,1,7,0,0,0,0,0,0,0,0,0,3,0,1,0,0,0,0,4,0
991,L7909,StatusEffects$5,mindustry.content.StatusEffects$5,L7864,L103,C:\Users\domco\Desktop\DP\repos\Mindustry\core\src\mindustry\content\StatusEffects.java,65,38,81,11,0.0,0,0,0,0.0,0.0,0,0,0,0,0,0,1,0,0,0,0,0.0,0.0,0,0,0,1,0.0,0,4,4,0,0,1,9,17,34,2,0,0,0,0,0,0,49,0,31,45,2,9,17,34,2,0,0,0,0,0,0,49,0,31,45,2,0,1,7,0,0,0,0,0,0,0,0,0,3,0,1,0,0,0,0,4,0
992,L7917,StatusEffects$6,mindustry.content.StatusEffects$6,L7864,L103,C:\Users\domco\Desktop\DP\repos\Mindustry\core\src\mindustry\content\StatusEffects.java,83,42,89,11,0.0,0,0,0,0.0,0.0,0,0,0,0,0,0,1,0,0,0,0,0.0,0.0,0,0,0,1,0.0,0,4,4,0,0,1,7,7,34,2,0,0,0,0,0,0,49,0,31,45,2,7,7,34,2,0,0,0,0,0,0,49,0,31,45,2,0,1,7,0,0,0,0,0,0,0,0,0,3,0,1,0,0,0,0,4,0
993,L7925,StatusEffects$7,mindustry.content.StatusEffects$7,L7864,L103,C:\Users\domco\Desktop\DP\repos\Mindustry\core\src\mindustry\content\StatusEffects.java,91,46,106,11,0.0,0,0,0,0.0,0.0,0,0,0,0,0,0,1,0,0,0,0,0.0,0.0,0,0,0,1,0.0,0,4,4,0,0,1,9,16,34,2,0,0,0,0,0,0,49,0,31,45,2,9,16,34,2,0,0,0,0,0,0,49,0,31,45,2,0,1,7,0,0,0,0,0,0,0,0,0,3,0,1,0,0,0,0,4,0
994,L7932,StatusEffects$8,mindustry.content.StatusEffects$8,L7864,L103,C:\Users\domco\Desktop\DP\repos\Mindustry\core\src\mindustry\content\StatusEffects.java,108,44,114,11,0.0,0,0,0,0.0,0.0,0,0,0,0,0,0,1,0,0,0,0,0.0,0.0,0,0,0,1,0.0,0,4,4,0,0,1,7,7,34,2,0,0,0,0,0,0,49,0,31,45,2,7,7,34,2,0,0,0,0,0,0,49,0,31,45,2,0,1,7,0,0,0,0,0,0,0,0,0,3,0,1,0,0,0,0,4,0
995,L7941,StatusEffects$9,mindustry.content.StatusEffects$9,L7864,L103,C:\Users\domco\Desktop\DP\repos\Mindustry\core\src\mindustry\content\StatusEffects.java,116,54,122,11,0.0,0,0,0,0.0,0.0,0,0,0,0,0,0,1,0,0,0,0,0.0,0.0,0,0,0,1,0.0,0,4,4,0,0,1,7,7,34,2,0,0,0,0,0,0,49,0,31,45,2,7,7,34,2,0,0,0,0,0,0,49,0,31,45,2,0,1,7,0,0,0,0,0,0,0,0,0,3,0,1,0,0,0,0,4,0
996,L7952,StatusEffects$10,mindustry.content.StatusEffects$10,L7864,L103,C:\Users\domco\Desktop\DP\repos\Mindustry\core\src\mindustry\content\StatusEffects.java,124,55,129,11,0.0,0,0,0,0.0,0.0,0,0,0,0,0,0,1,0,0,0,0,0.0,0.0,0,0,0,1,0.0,0,4,4,0,0,1,6,6,34,2,0,0,0,0,0,0,49,0,31,45,2,6,6,34,2,0,0,0,0,0,0,49,0,31,45,2,0,1,7,0,0,0,0,0,0,0,0,0,3,0,1,0,0,0,0,4,0
997,L7957,StatusEffects$11,mindustry.content.StatusEffects$11,L7864,L103,C:\Users\domco\Desktop\DP\repos\Mindustry\core\src\mindustry\content\StatusEffects.java,131,44,140,11,0.0,0,0,0,0.0,0.0,0,0,0,0,0,0,1,0,0,0,0,0.0,0.0,0,0,0,1,0.0,0,4,4,0,0,1,7,10,34,2,0,0,0,0,0,0,49,0,31,45,2,7,10,34,2,0,0,0,0,0,0,49,0,31,45,2,0,1,7,0,0,0,0,0,0,0,0,0,3,0,1,0,0,0,0,4,0
998,L7964,StatusEffects$12,mindustry.content.StatusEffects$12,L7864,L103,C:\Users\domco\Desktop\DP\repos\Mindustry\core\src\mindustry\content\StatusEffects.java,142,50,150,11,0.0,0,0,0,0.0,0.0,0,0,0,0,0,0,1,0,0,0,0,0.0,0.0,0,0,0,1,0.0,0,4,4,0,0,1,9,9,34,2,0,0,0,0,0,0,49,0,31,45,2,9,9,34,2,0,0,0,0,0,0,49,0,31,45,2,0,1,7,0,0,0,0,0,0,0,0,0,3,0,1,0,0,0,0,4,0
999,L7977,StatusEffects$13,mindustry.content.StatusEffects$13,L7864,L103,C:\Users\domco\Desktop\DP\repos\Mindustry\core\src\mindustry\content\StatusEffects.java,152,50,159,11,0.0,0,0,0,0.0,0.0,0,0,0,0,0,0,1,0,0,0,0,0.0,0.0,0,0,0,1,0.0,0,4,4,0,0,1,8,8,34,2,0,0,0,0,0,0,49,0,31,45,2,8,8,34,2,0,0,0,0,0,0,49,0,31,45,2,0,1,7,0,0,0,0,0,0,0,0,0,3,0,1,0,0,0,0,4,0
1000,L7984,StatusEffects$14,mindustry.content.StatusEffects$14,L7864,L103,C:\Users\domco\Desktop\DP\repos\Mindustry\core\src\mindustry\content\StatusEffects.java,161,48,164,11,0.0,0,0,0,0.0,0.0,0,0,0,0,0,0,1,0,0,0,0,0.0,0.0,0,0,0,1,0.0,0,4,4,0,0,1,4,4,34,2,0,0,0,0,0,0,49,0,31,45,2,4,4,34,2,0,0,0,0,0,0,49,0,31,45,2,0,1,7,0,0,0,0,0,0,0,0,0,3,0,1,0,0,0,0,4,0
1001,L7990,StatusEffects$15,mindustry.content.StatusEffects$15,L7864,L103,C:\Users\domco\Desktop\DP\repos\Mindustry\core\src\mindustry\content\StatusEffects.java,166,40,171,11,0.0,0,0,0,0.0,0.0,0,0,0,0,0,0,1,0,0,0,0,0.0,0.0,0,0,0,1,0.0,0,4,4,0,0,1,6,6,34,2,0,0,0,0,0,0,49,0,31,45,2,6,6,34,2,0,0,0,0,0,0,49,0,31,45,2,0,1,7,0,0,0,0,0,0,0,0,0,3,0,1,0,0,0,0,4,0
1002,L7999,StatusEffects$16,mindustry.content.StatusEffects$16,L7864,L103,C:\Users\domco\Desktop\DP\repos\Mindustry\core\src\mindustry\content\StatusEffects.java,173,46,176,11,0.0,0,0,0,0.0,0.0,0,0,0,0,0,0,1,0,0,0,0,0.0,0.0,0,0,0,1,0.0,0,4,4,0,0,1,4,4,34,2,0,0,0,0,0,0,49,0,31,45,2,4,4,34,2,0,0,0,0,0,0,49,0,31,45,2,0,1,7,0,0,0,0,0,0,0,0,0,3,0,1,0,0,0,0,4,0
1003,L8006,StatusEffects$17,mindustry.content.StatusEffects$17,L7864,L103,C:\Users\domco\Desktop\DP\repos\Mindustry\core\src\mindustry\content\StatusEffects.java,178,46,181,11,0.0,0,0,0,0.0,0.0,0,0,0,0,0,0,1,0,0,0,0,0.0,0.0,0,0,0,1,0.0,0,4,4,0,0,1,4,4,34,2,0,0,0,0,0,0,49,0,31,45,2,4,4,34,2,0,0,0,0,0,0,49,0,31,45,2,0,1,7,0,0,0,0,0,0,0,0,0,3,0,1,0,0,0,0,4,0
1004,L8012,StatusEffects$18,mindustry.content.StatusEffects$18,L7864,L103,C:\Users\domco\Desktop\DP\repos\Mindustry\core\src\mindustry\content\StatusEffects.java,183,48,186,11,0.0,0,0,0,0.0,0.0,0,0,0,0,0,0,1,0,0,0,0,0.0,0.0,0,0,0,1,0.0,0,4,4,0,0,1,4,4,34,2,0,0,0,0,0,0,49,0,31,45,2,4,4,34,2,0,0,0,0,0,0,49,0,31,45,2,0,1,7,0,0,0,0,0,0,0,0,0,3,0,1,0,0,0,0,4,0
1005,L8020,StatusEffects$19,mindustry.content.StatusEffects$19,L7864,L103,C:\Users\domco\Desktop\DP\repos\Mindustry\core\src\mindustry\content\StatusEffects.java,188,48,191,11,0.0,0,0,0,0.0,0.0,0,0,0,0,0,0,1,0,0,0,0,0.0,0.0,0,0,0,1,0.0,0,4,4,0,0,1,4,4,34,2,0,0,0,0,0,0,49,0,31,45,2,4,4,34,2,0,0,0,0,0,0,49,0,31,45,2,0,1,7,0,0,0,0,0,0,0,0,0,3,0,1,0,0,0,0,4,0
1006,L8027,StatusEffects$20,mindustry.content.StatusEffects$20,L7864,L103,C:\Users\domco\Desktop\DP\repos\Mindustry\core\src\mindustry\content\StatusEffects.java,193,52,195,11,0.0,0,0,0,0.0,0.0,0,0,0,0,0,0,1,0,0,0,0,0.0,0.0,0,0,0,1,0.0,0,4,4,0,0,1,3,3,34,2,0,0,0,0,0,0,49,0,31,45,2,3,3,34,2,0,0,0,0,0,0,49,0,31,45,2,0,1,7,0,0,0,0,0,0,0,0,0,3,0,1,0,0,0,0,4,0
1007,L8162,UnitTypes$1,mindustry.content.UnitTypes$1,L8158,L103,C:\Users\domco\Desktop\DP\repos\Mindustry\core\src\mindustry\content\UnitTypes.java,74,40,86,11,0.0,0,0,0,0.0,0.0,0,0,0,0,0,0,1,0,0,0,0,0.0,0.0,0,0,0,1,0.0,0,4,4,0,0,1,7,7,146,7,0,0,0,0,0,0,77,0,140,76,2,13,13,146,7,0,0,0,0,0,0,77,0,140,76,2,0,2,10,0,0,0,0,0,0,0,0,0,3,0,2,0,0,0,0,7,0
1008,L8199,UnitTypes$2,mindustry.content.UnitTypes$2,L8158,L103,C:\Users\domco\Desktop\DP\repos\Mindustry\core\src\mindustry\content\UnitTypes.java,88,36,118,11,0.0,0,0,0,0.0,0.0,0,0,0,0,0,0,1,0,0,0,0,0.0,0.0,0,0,0,1,0.0,0,4,4,0,0,1,10,12,146,7,0,0,0,0,0,0,77,0,140,76,2,29,31,146,7,0,0,0,0,0,0,77,0,140,76,2,0,3,10,0,0,0,0,0,0,0,0,0,3,0,3,0,0,0,0,7,0
1009,L8232,UnitTypes$3,mindustry.content.UnitTypes$3,L8158,L103,C:\Users\domco\Desktop\DP\repos\Mindustry\core\src\mindustry\content\UnitTypes.java,120,44,152,11,0.0,0,0,0,0.0,0.0,0,0,0,0,0,0,1,0,0,0,0,0.0,0.0,0,0,0,1,0.0,0,4,4,0,0,1,12,13,146,7,0,0,0,0,0,0,77,0,140,76,2,32,33,146,7,0,0,0,0,0,0,77,0,140,76,2,0,3,10,0,0,0,0,0,0,0,0,0,3,0,3,0,0,0,0,7,0
1010,L8263,UnitTypes$4,mindustry.content.UnitTypes$4,L8158,L103,C:\Users\domco\Desktop\DP\repos\Mindustry\core\src\mindustry\content\UnitTypes.java,154,42,214,11,0.0,0,0,0,0.0,0.0,0,0,0,0,0,0,1,0,0,0,0,0.0,0.0,0,0,0,1,0.0,0,4,4,0,0,1,21,25,146,7,0,0,0,0,0,0,77,0,140,76,2,55,61,146,7,0,0,0,0,0,0,77,0,140,76,2,0,5,10,1,0,0,0,0,0,0,0,0,3,0,6,0,0,0,0,7,0
1011,L8309,UnitTypes$5,mindustry.content.UnitTypes$5,L8158,L103,C:\Users\domco\Desktop\DP\repos\Mindustry\core\src\mindustry\content\UnitTypes.java,216,38,274,11,0.0,0,0,0,0.0,0.0,0,0,0,0,0,0,1,0,0,0,0,0.0,0.0,0,0,0,1,0.0,0,4,4,0,0,1,17,19,146,7,0,0,0,0,0,0,77,0,140,76,2,52,59,146,7,0,0,0,0,0,0,77,0,140,76,2,0,4,10,0,1,0,0,1,0,0,0,0,3,0,4,0,0,0,0,7,0
1012,L8340,UnitTypes$6,mindustry.content.UnitTypes$6,L8158,L103,C:\Users\domco\Desktop\DP\repos\Mindustry\core\src\mindustry\content\UnitTypes.java,279,36,310,11,0.0,0,0,0,0.0,0.0,0,0,0,0,0,0,1,0,0,0,0,0.0,0.0,0,0,0,1,0.0,0,4,4,0,0,1,14,16,146,7,0,0,0,0,0,0,77,0,140,76,2,29,32,146,7,0,0,0,0,0,0,77,0,140,76,2,0,3,10,0,0,0,0,0,0,0,0,0,3,0,3,0,0,0,0,7,0
1013,L8387,UnitTypes$7,mindustry.content.UnitTypes$7,L8158,L103,C:\Users\domco\Desktop\DP\repos\Mindustry\core\src\mindustry\content\UnitTypes.java,312,40,366,11,0.0,0,0,0,0.181818,0.1875,10,9,0,0,0,0,1,0,0,0,0,0.0,0.0,0,0,0,1,0.0,0,4,4,0,0,1,17,20,146,7,0,0,0,0,0,0,77,0,140,76,2,48,55,146,7,0,0,0,0,0,0,77,0,140,76,2,0,4,12,0,0,0,2,0,0,0,0,0,3,0,4,0,0,0,0,7,0
1014,L8427,UnitTypes$8,mindustry.content.UnitTypes$8,L8158,L103,C:\Users\domco\Desktop\DP\repos\Mindustry\core\src\mindustry\content\UnitTypes.java,368,40,411,11,0.0,0,0,0,0.0,0.0,0,0,0,0,0,0,1,0,0,0,0,0.0,0.0,0,0,0,1,0.0,0,4,4,0,0,1,20,25,146,7,0,0,0,0,0,0,77,0,140,76,2,38,44,146,7,0,0,0,0,0,0,77,0,140,76,2,0,3,10,0,0,0,0,0,0,0,0,0,3,0,3,0,0,0,0,7,0
1015,L8460,UnitTypes$9,mindustry.content.UnitTypes$9,L8158,L103,C:\Users\domco\Desktop\DP\repos\Mindustry\core\src\mindustry\content\UnitTypes.java,413,36,496,11,0.548673,0,0,0,0.22619,0.223881,19,15,0,0,0,0,1,0,0,0,0,0.0,0.0,0,0,0,1,0.0,0,4,4,0,0,1,27,34,146,7,0,0,0,0,0,0,77,0,140,76,2,67,84,146,7,0,0,0,0,0,0,77,0,140,76,2,0,5,13,0,0,0,3,0,0,0,0,0,3,0,5,0,0,0,0,7,0
1016,L8526,UnitTypes$10,mindustry.content.UnitTypes$10,L8158,L103,C:\Users\domco\Desktop\DP\repos\Mindustry\core\src\mindustry\content\UnitTypes.java,498,40,568,11,0.409091,0,0,0,0.15493,0.155172,11,9,0,0,0,0,1,0,0,0,0,0.0,0.0,0,0,0,1,0.0,0,4,4,0,0,1,22,27,146,7,0,0,0,0,0,0,77,0,140,76,2,58,71,146,7,0,0,0,0,0,0,77,0,140,76,2,0,3,13,0,1,0,3,1,0,0,0,0,3,0,3,0,0,0,0,7,0
1017,L8575,UnitTypes$11,mindustry.content.UnitTypes$11,L8158,L103,C:\Users\domco\Desktop\DP\repos\Mindustry\core\src\mindustry\content\UnitTypes.java,573,42,603,11,0.0,0,0,0,0.0,0.0,0,0,0,0,0,0,1,0,0,0,0,0.0,0.0,0,0,0,1,0.0,0,4,4,0,0,1,11,13,146,7,0,0,0,0,0,0,77,0,140,76,2,29,31,146,7,0,0,0,0,0,0,77,0,140,76,2,0,3,10,0,0,0,0,0,0,0,0,0,3,0,3,0,0,0,0,7,0
1018,L8610,UnitTypes$12,mindustry.content.UnitTypes$12,L8158,L103,C:\Users\domco\Desktop\DP\repos\Mindustry\core\src\mindustry\content\UnitTypes.java,605,38,643,11,0.0,0,0,0,0.0,0.0,0,0,0,0,0,0,1,0,0,0,0,0.0,0.0,0,0,0,1,0.0,0,4,4,0,0,1,20,23,146,7,0,0,0,0,0,0,77,0,140,76,2,35,39,146,7,0,0,0,0,0,0,77,0,140,76,2,0,3,10,0,0,0,0,0,0,0,0,0,3,0,3,0,0,0,0,7,0
1019,L8627,UnitTypes$13,mindustry.content.UnitTypes$13,L8158,L103,C:\Users\domco\Desktop\DP\repos\Mindustry\core\src\mindustry\content\UnitTypes.java,645,42,709,11,0.372549,0,0,0,0.507692,0.534483,33,31,0,0,0,0,1,0,0,0,0,0.0,0.0,0,0,0,1,0.0,0,4,4,0,0,1,23,27,146,7,0,0,0,0,0,0,77,0,140,76,2,58,65,146,7,0,0,0,0,0,0,77,0,140,76,2,0,5,13,1,0,0,3,0,0,0,0,0,3,0,6,0,0,0,0,7,0
1020,L8663,UnitTypes$14,mindustry.content.UnitTypes$14,L8158,L103,C:\Users\domco\Desktop\DP\repos\Mindustry\core\src\mindustry\content\UnitTypes.java,711,40,811,11,0.395349,0,0,0,0.356436,0.365591,36,34,0,0,0,0,2,0,0,0,0,0.0,0.0,0,0,0,1,0.0,0,4,4,0,0,1,37,43,146,7,0,0,0,0,0,0,77,0,140,76,2,93,101,146,7,0,0,0,0,0,0,77,0,140,76,2,0,7,13,0,0,0,3,0,0,0,0,0,3,0,7,0,0,0,0,7,0
1021,L8723,UnitTypes$15,mindustry.content.UnitTypes$15,L8158,L103,C:\Users\domco\Desktop\DP\repos\Mindustry\core\src\mindustry\content\UnitTypes.java,813,42,937,11,0.375,0,0,0,0.416,0.433628,52,49,0,0,0,0,1,0,0,0,0,0.0,0.0,0,0,0,1,0.0,0,4,4,0,0,1,32,38,146,7,0,0,0,0,0,0,77,0,140,76,2,113,125,146,7,0,0,0,0,0,0,77,0,140,76,2,0,6,13,0,1,0,3,1,0,0,0,0,3,0,6,0,0,0,0,7,0
1022,L8775,UnitTypes$16,mindustry.content.UnitTypes$16,L8158,L103,C:\Users\domco\Desktop\DP\repos\Mindustry\core\src\mindustry\content\UnitTypes.java,942,38,973,11,0.0,0,0,0,0.0,0.0,0,0,0,0,0,0,2,0,0,0,0,0.0,0.0,0,0,0,1,0.0,0,4,4,0,0,1,17,19,146,7,0,0,0,0,0,0,77,0,140,76,2,30,32,146,7,0,0,0,0,0,0,77,0,140,76,2,0,3,10,0,0,0,0,0,0,0,0,0,3,0,3,0,0,0,0,7,0
1023,L8800,UnitTypes$17,mindustry.content.UnitTypes$17,L8158,L103,C:\Users\domco\Desktop\DP\repos\Mindustry\core\src\mindustry\content\UnitTypes.java,975,42,1015,11,0.0,0,0,0,0.0,0.0,0,0,0,0,0,0,2,0,0,0,0,0.0,0.0,0,0,0,1,0.0,0,4,4,0,0,1,20,22,146,7,0,0,0,0,0,0,77,0,140,76,2,38,41,146,7,0,0,0,0,0,0,77,0,140,76,2,0,3,10,0,0,0,0,0,0,0,0,0,3,0,3,0,0,0,0,7,0
1024,L8825,UnitTypes$18,mindustry.content.UnitTypes$18,L8158,L103,C:\Users\domco\Desktop\DP\repos\Mindustry\core\src\mindustry\content\UnitTypes.java,1017,40,1063,11,0.0,0,0,0,0.425532,0.431818,20,19,0,0,0,0,2,0,0,0,0,0.0,0.0,0,0,0,1,0.0,0,4,4,0,0,1,18,20,146,7,0,0,0,0,0,0,77,0,140,76,2,44,47,146,7,0,0,0,0,0,0,77,0,140,76,2,0,3,12,0,0,0,2,0,0,0,0,0,3,0,3,0,0,0,0,7,0
1025,L8861,UnitTypes$19,mindustry.content.UnitTypes$19,L8158,L103,C:\Users\domco\Desktop\DP\repos\Mindustry\core\src\mindustry\content\UnitTypes.java,1065,44,1138,11,0.0,0,0,0,0.162162,0.15493,12,11,0,0,0,0,3,0,0,0,0,0.0,0.0,0,0,0,1,0.0,0,4,4,0,0,1,25,27,146,7,0,0,0,0,0,0,77,0,140,76,2,71,74,146,7,0,0,0,0,0,0,77,0,140,76,2,0,6,12,1,0,0,2,0,0,0,0,0,3,0,7,0,0,0,0,7,0
1026,L8893,UnitTypes$20,mindustry.content.UnitTypes$20,L8158,L103,C:\Users\domco\Desktop\DP\repos\Mindustry\core\src\mindustry\content\UnitTypes.java,1140,42,1216,11,0.0,0,0,0,0.0,0.0,0,0,0,0,0,0,3,0,0,0,0,0.0,0.0,0,0,0,1,0.0,0,4,4,0,0,1,25,27,146,7,0,0,0,0,0,0,77,0,140,76,2,72,77,146,7,0,0,0,0,0,0,77,0,140,76,2,0,6,10,0,1,0,0,1,0,0,0,0,3,0,6,0,0,0,0,7,0
1027,L8928,UnitTypes$21,mindustry.content.UnitTypes$21,L8158,L103,C:\Users\domco\Desktop\DP\repos\Mindustry\core\src\mindustry\content\UnitTypes.java,1221,36,1238,11,0.807018,0,0,0,0.722222,0.733333,13,11,0,0,0,0,1,0,0,0,0,0.0,0.0,0,0,0,1,0.0,0,4,4,0,0,1,15,18,146,7,0,0,0,0,0,0,77,0,140,76,2,15,18,146,7,0,0,0,0,0,0,77,0,140,76,2,0,1,13,0,0,0,3,0,0,0,0,0,3,0,1,0,0,0,0,7,0
1028,L8935,UnitTypes$22,mindustry.content.UnitTypes$22,L8158,L103,C:\Users\domco\Desktop\DP\repos\Mindustry\core\src\mindustry\content\UnitTypes.java,1240,36,1293,11,0.627907,0,0,0,0.277778,0.276596,15,13,0,0,0,0,1,0,0,0,0,0.0,0.0,0,0,0,1,0.0,0,4,4,0,0,1,20,25,146,7,0,0,0,0,0,0,77,0,140,76,2,47,54,146,7,0,0,0,0,0,0,77,0,140,76,2,0,3,13,0,0,0,3,0,0,0,0,0,3,0,3,0,0,0,0,7,0
1029,L8954,UnitTypes$23,mindustry.content.UnitTypes$23,L8158,L103,C:\Users\domco\Desktop\DP\repos\Mindustry\core\src\mindustry\content\UnitTypes.java,1295,36,1346,11,0.0,0,0,0,0.0,0.0,0,0,0,0,0,0,1,0,0,0,0,0.0,0.0,0,0,0,1,0.0,0,4,4,0,0,1,25,28,146,7,0,0,0,0,0,0,77,0,140,76,2,49,52,146,7,0,0,0,0,0,0,77,0,140,76,2,0,5,10,0,0,0,0,0,0,0,0,0,3,0,5,0,0,0,0,7,0
1030,L8987,UnitTypes$24,mindustry.content.UnitTypes$24,L8158,L103,C:\Users\domco\Desktop\DP\repos\Mindustry\core\src\mindustry\content\UnitTypes.java,1348,36,1417,11,0.0,0,0,0,0.0,0.0,0,0,0,0,0,0,2,0,0,0,0,0.0,0.0,0,0,0,1,0.0,0,4,4,0,0,1,25,27,146,7,0,0,0,0,0,0,77,0,140,76,2,56,70,146,7,0,0,0,0,0,0,77,0,140,76,2,0,3,10,0,0,0,0,0,0,0,0,0,3,0,3,0,0,0,0,7,0
1031,L9014,UnitTypes$25,mindustry.content.UnitTypes$25,L8158,L103,C:\Users\domco\Desktop\DP\repos\Mindustry\core\src\mindustry\content\UnitTypes.java,1419,34,1442,11,0.0,0,0,0,0.0,0.0,0,0,0,0,0,0,1,0,0,0,0,0.0,0.0,0,0,0,1,0.0,0,4,4,0,0,1,22,24,146,7,0,0,0,0,0,0,77,0,140,76,2,22,24,146,7,0,0,0,0,0,0,77,0,140,76,2,0,1,10,0,1,0,0,1,0,0,0,0,3,0,1,0,0,0,0,7,0
1032,L9021,UnitTypes$26,mindustry.content.UnitTypes$26,L8158,L103,C:\Users\domco\Desktop\DP\repos\Mindustry\core\src\mindustry\content\UnitTypes.java,1447,38,1496,11,0.0,0,0,0,0.3,0.319149,15,15,0,0,0,0,1,0,0,0,0,0.0,0.0,0,0,0,1,0.0,0,4,4,0,0,1,15,18,146,7,0,0,0,0,0,0,77,0,140,76,2,47,50,146,7,0,0,0,0,0,0,77,0,140,76,2,0,4,12,0,0,0,2,0,0,0,0,0,3,0,4,0,0,0,0,7,0
1033,L9047,UnitTypes$27,mindustry.content.UnitTypes$27,L8158,L103,C:\Users\domco\Desktop\DP\repos\Mindustry\core\src\mindustry\content\UnitTypes.java,1498,38,1546,11,0.730769,0,0,0,0.285714,0.282609,14,13,0,0,0,0,1,0,0,0,0,0.0,0.0,0,0,0,1,0.0,0,4,4,0,0,1,19,22,146,7,0,0,0,0,0,0,77,0,140,76,2,46,49,146,7,0,0,0,0,0,0,77,0,140,76,2,0,4,13,0,0,0,3,0,0,0,0,0,3,0,4,0,0,0,0,7,0
1034,L9075,UnitTypes$28,mindustry.content.UnitTypes$28,L8158,L103,C:\Users\domco\Desktop\DP\repos\Mindustry\core\src\mindustry\content\UnitTypes.java,1548,38,1642,11,0.626374,0,0,0,0.452632,0.5,43,42,0,0,0,0,1,0,0,0,0,0.0,0.0,0,0,0,1,0.0,0,4,4,0,0,1,20,24,146,7,0,0,0,0,0,0,77,0,140,76,2,84,95,146,7,0,0,0,0,0,0,77,0,140,76,2,0,5,13,0,0,0,3,0,0,0,0,0,3,0,5,0,0,0,0,7,0
1035,L9108,UnitTypes$29,mindustry.content.UnitTypes$29,L8158,L103,C:\Users\domco\Desktop\DP\repos\Mindustry\core\src\mindustry\content\UnitTypes.java,1644,34,1729,11,0.730769,0,0,0,0.325581,0.337662,28,26,0,0,0,0,1,0,0,0,0,0.0,0.0,0,0,0,1,0.0,0,4,4,0,0,1,19,23,146,7,0,0,0,0,0,0,77,0,140,76,2,77,86,146,7,0,0,0,0,0,0,77,0,140,76,2,0,5,13,0,1,0,3,1,0,0,0,0,3,0,5,0,0,0,0,7,0
1036,L9137,UnitTypes$30,mindustry.content.UnitTypes$30,L8158,L103,C:\Users\domco\Desktop\DP\repos\Mindustry\core\src\mindustry\content\UnitTypes.java,1731,38,1780,11,0.0,0,0,0,0.2,0.227273,10,10,0,0,0,0,1,0,0,0,0,0.0,0.0,0,0,0,1,0.0,0,4,4,0,0,1,19,23,146,7,0,0,0,0,0,0,77,0,140,76,2,44,50,146,7,0,0,0,0,0,0,77,0,140,76,2,0,3,12,0,1,0,2,1,0,0,0,0,3,0,3,0,0,0,0,7,0
1037,L9174,UnitTypes$31,mindustry.content.UnitTypes$31,L8158,L103,C:\Users\domco\Desktop\DP\repos\Mindustry\core\src\mindustry\content\UnitTypes.java,1784,40,1869,11,0.0,0,0,0,0.0,0.0,0,0,0,0,0,0,1,0,0,0,0,0.0,0.0,0,0,0,1,0.0,0,4,4,0,0,1,21,25,146,7,0,0,0,0,0,0,77,0,140,76,2,70,86,146,7,0,0,0,0,0,0,77,0,140,76,2,0,5,10,0,0,0,0,0,0,0,0,0,3,0,5,0,0,0,0,7,0
1038,L9211,UnitTypes$32,mindustry.content.UnitTypes$32,L8158,L103,C:\Users\domco\Desktop\DP\repos\Mindustry\core\src\mindustry\content\UnitTypes.java,1871,40,1945,11,0.0,0,0,0,0.293333,0.35,22,21,0,0,0,0,1,0,0,0,0,0.0,0.0,0,0,0,1,0.0,0,4,4,0,0,1,21,27,146,7,0,0,0,0,0,0,77,0,140,76,2,60,75,146,7,0,0,0,0,0,0,77,0,140,76,2,0,5,12,0,0,0,2,0,0,0,0,0,3,0,5,0,0,0,0,7,0
1039,L9254,UnitTypes$33,mindustry.content.UnitTypes$33,L8158,L103,C:\Users\domco\Desktop\DP\repos\Mindustry\core\src\mindustry\content\UnitTypes.java,1947,40,2081,11,0.695122,0,0,0,0.177778,0.182609,24,21,0,0,0,0,1,0,0,0,0,0.0,0.0,0,0,0,1,0.0,0,4,4,0,0,1,20,24,146,7,0,0,0,0,0,0,77,0,140,76,2,115,135,146,7,0,0,0,0,0,0,77,0,140,76,2,0,8,13,0,0,0,3,0,0,0,0,0,3,0,8,0,0,0,0,7,0
1040,L9328,UnitTypes$34,mindustry.content.UnitTypes$34,L8158,L103,C:\Users\domco\Desktop\DP\repos\Mindustry\core\src\mindustry\content\UnitTypes.java,2083,42,2127,11,0.464646,0,0,0,0.533333,0.540541,24,20,0,0,0,0,1,0,0,0,0,0.0,0.0,0,0,0,1,0.0,0,4,4,0,0,1,24,31,146,7,0,0,0,0,0,0,77,0,140,76,2,37,45,146,7,0,0,0,0,0,0,77,0,140,76,2,0,4,13,0,1,0,3,1,0,0,0,0,3,0,4,0,0,0,0,7,0
1041,L9360,UnitTypes$35,mindustry.content.UnitTypes$35,L8158,L103,C:\Users\domco\Desktop\DP\repos\Mindustry\core\src\mindustry\content\UnitTypes.java,2129,42,2281,11,0.464646,0,0,0,0.0784314,0.100917,12,11,0,0,0,0,1,0,0,0,0,0.0,0.0,0,0,0,1,0.0,0,4,4,0,0,1,24,28,146,7,0,0,0,0,0,0,77,0,140,76,2,109,153,146,7,0,0,0,0,0,0,77,0,140,76,2,0,5,11,0,4,0,1,4,0,0,0,0,3,0,5,0,0,0,0,7,0
1042,L9413,UnitTypes$36,mindustry.content.UnitTypes$36,L8158,L103,C:\Users\domco\Desktop\DP\repos\Mindustry\core\src\mindustry\content\UnitTypes.java,2286,38,2322,11,0.8,0,0,0,0.72973,0.735294,27,25,0,0,0,0,1,0,0,0,0,0.0,0.0,0,0,0,1,0.0,0,4,4,0,0,1,21,23,146,7,0,0,0,0,0,0,77,0,140,76,2,34,37,146,7,0,0,0,0,0,0,77,0,140,76,2,0,3,13,0,0,0,3,0,0,0,0,0,3,0,3,0,0,0,0,7,0
1043,L9431,UnitTypes$37,mindustry.content.UnitTypes$37,L8158,L103,C:\Users\domco\Desktop\DP\repos\Mindustry\core\src\mindustry\content\UnitTypes.java,2324,36,2364,11,0.7,0,0,0,0.609756,0.605263,25,23,0,0,0,0,1,0,0,0,0,0.0,0.0,0,0,0,1,0.0,0,4,4,0,0,1,21,23,146,7,0,0,0,0,0,0,77,0,140,76,2,38,41,146,7,0,0,0,0,0,0,77,0,140,76,2,0,3,13,0,0,0,3,0,0,0,0,0,3,0,3,0,0,0,0,7,0
1044,L9447,UnitTypes$38,mindustry.content.UnitTypes$38,L8158,L103,C:\Users\domco\Desktop\DP\repos\Mindustry\core\src\mindustry\content\UnitTypes.java,2366,38,2406,11,0.842105,0,0,0,0.414634,0.421053,17,16,0,0,0,0,1,0,0,0,0,0.0,0.0,0,0,0,1,0.0,0,4,4,0,0,1,20,22,146,7,0,0,0,0,0,0,77,0,140,76,2,38,41,146,7,0,0,0,0,0,0,77,0,140,76,2,0,3,13,0,0,0,3,0,0,0,0,0,3,0,3,0,0,0,0,7,0
1045,L9464,UnitTypes$39,mindustry.content.UnitTypes$39,L8158,L103,C:\Users\domco\Desktop\DP\repos\Mindustry\core\src\mindustry\content\UnitTypes.java,2411,38,2425,10,0.0,0,0,0,0.0,0.0,0,0,1,0,0,1,1,0,0,0,1,0.0,0.0,0,0,0,2,0.0,0,4,4,0,0,1,14,15,146,7,0,0,1,0,1,0,78,1,140,77,2,14,15,146,7,0,0,1,0,1,0,78,1,140,77,2,0,1,12,0,0,0,0,0,0,0,0,0,5,0,1,0,0,0,0,7,0
1046,L9486,Weathers$1,mindustry.content.Weathers$1,L9479,L103,C:\Users\domco\Desktop\DP\repos\Mindustry\core\src\mindustry\content\Weathers.java,22,43,34,11,0.0,0,0,0,0.0,0.0,0,0,0,0,0,0,1,0,0,0,0,0.0,0.0,0,0,0,1,0.0,0,5,5,0,0,1,12,13,59,2,0,0,0,0,0,0,56,0,58,56,1,12,13,59,2,0,0,0,0,0,0,56,0,58,56,1,0,1,8,0,0,0,0,0,0,0,0,0,3,0,1,0,0,0,0,5,0
1047,L9519,Weathers$2,mindustry.content.Weathers$2,L9479,L103,C:\Users\domco\Desktop\DP\repos\Mindustry\core\src\mindustry\content\Weathers.java,36,39,42,11,0.0,0,0,0,0.0,0.0,0,0,0,0,0,0,1,0,0,0,0,0.0,0.0,0,0,0,1,0.0,0,5,5,0,0,1,7,7,40,2,0,0,0,0,0,0,56,0,39,56,1,7,7,40,2,0,0,0,0,0,0,56,0,39,56,1,0,1,8,0,0,0,0,0,0,0,0,0,3,0,1,0,0,0,0,5,0
1048,L9529,Weathers$3,mindustry.content.Weathers$3,L9479,L103,C:\Users\domco\Desktop\DP\repos\Mindustry\core\src\mindustry\content\Weathers.java,44,53,62,11,0.0,0,0,0,0.0,0.0,0,0,0,0,0,0,1,0,0,0,0,0.0,0.0,0,0,0,1,0.0,0,5,5,0,0,1,19,19,59,2,0,0,0,0,0,0,56,0,58,56,1,19,19,59,2,0,0,0,0,0,0,56,0,58,56,1,0,1,8,0,0,0,0,0,0,0,0,0,3,0,1,0,0,0,0,5,0
1049,L9555,Weathers$4,mindustry.content.Weathers$4,L9479,L103,C:\Users\domco\Desktop\DP\repos\Mindustry\core\src\mindustry\content\Weathers.java,64,55,84,11,0.480769,0,0,0,0.52381,0.52381,11,11,0,0,0,0,1,0,0,0,0,0.0,0.0,0,0,0,1,0.0,0,5,5,0,0,1,21,21,59,2,0,0,0,0,0,0,56,0,58,56,1,21,21,59,2,0,0,0,0,0,0,56,0,58,56,1,0,1,11,0,0,0,3,0,0,0,0,0,3,0,1,0,0,0,0,5,0
1050,L9563,Weathers$5,mindustry.content.Weathers$5,L9479,L103,C:\Users\domco\Desktop\DP\repos\Mindustry\core\src\mindustry\content\Weathers.java,86,41,105,11,0.0,0,0,0,0.0,0.0,0,0,0,0,0,0,1,0,0,0,0,0.0,0.0,0,0,0,1,0.0,0,5,5,0,0,1,20,20,59,2,0,0,0,0,0,0,56,0,58,56,1,20,20,59,2,0,0,0,0,0,0,56,0,58,56,1,0,1,8,0,0,0,0,0,0,0,0,0,3,0,1,0,0,0,0,5,0
1051,L9587,Weathers$6,mindustry.content.Weathers$6,L9479,L103,C:\Users\domco\Desktop\DP\repos\Mindustry\core\src\mindustry\content\Weathers.java,107,68,119,11,0.943396,0,0,0,0.846154,0.846154,11,11,0,0,0,0,1,0,0,0,0,0.0,0.0,0,0,0,1,0.0,0,5,5,0,0,1,13,13,59,2,0,0,0,0,0,0,56,0,58,56,1,13,13,59,2,0,0,0,0,0,0,56,0,58,56,1,0,1,11,0,1,0,3,1,0,0,0,0,3,0,1,0,0,0,0,5,0
1052,L10559,NetServer$1VoteSession,mindustry.core.NetServer$1VoteSession,L10556,L103,C:\Users\domco\Desktop\DP\repos\Mindustry\core\src\mindustry\core\NetServer.java,346,9,385,10,0.0,0,0,0,0.0,0.0,0,0,1,1,1,4,2,1,0,2,5,0.0,0.0,0,0,0,2,0.0,0,0,0,0,0,0,30,40,5,0,5,0,3,0,1,0,3,14,0,1,0,30,40,5,0,5,0,3,0,1,0,3,14,0,1,0,0,0,9,0,0,0,0,0,0,0,0,0,9,0,0,0,0,0,0,0,0
1053,L10860,Platform$1,mindustry.core.Platform$1,L10848,L103,C:\Users\domco\Desktop\DP\repos\Mindustry\core\src\mindustry\core\Platform.java,25,81,45,10,0.0,0,0,0,0.0,0.0,0,0,1,2,2,4,0,0,0,0,1,0.0,0.15,3,0,0,1,0.15,3,0,0,0,0,0,17,21,0,0,0,0,1,0,0,0,1,8,0,0,0,17,21,0,0,0,0,1,0,0,0,1,8,0,0,0,0,0,5,0,0,0,0,0,0,0,0,0,5,0,0,0,0,0,0,0,0
1054,L11144,Renderer$1,mindustry.core.Renderer$1,L11137,L103,C:\Users\domco\Desktop\DP\repos\Mindustry\core\src\mindustry\core\Renderer.java,340,108,343,19,0.0,0,0,0,0.0,0.0,0,0,0,0,0,0,0,0,0,0,0,0.0,0.0,0,0,0,1,0.0,0,0,0,0,0,0,4,4,0,0,0,0,0,0,0,0,0,0,0,0,0,4,4,0,0,0,0,0,0,0,0,0,0,0,0,0,0,1,3,0,0,0,0,0,0,0,0,0,3,0,1,0,0,0,0,0,0
1055,L11536,UI$1,mindustry.core.UI$1,L11529,L103,C:\Users\domco\Desktop\DP\repos\Mindustry\core\src\mindustry\core\UI.java,258,52,265,15,0.0,0,0,0,0.0,0.0,0,0,0,0,0,0,0,0,0,0,0,0.0,0.0,0,0,0,1,0.0,0,0,0,0,0,0,8,8,0,0,0,0,0,0,0,0,0,0,0,0,0,8,8,0,0,0,0,0,0,0,0,0,0,0,0,0,0,1,3,0,0,0,0,0,0,0,0,0,3,0,1,0,0,0,0,0,0
1056,L11538,UI$2,mindustry.core.UI$2,L11529,L103,C:\Users\domco\Desktop\DP\repos\Mindustry\core\src\mindustry\core\UI.java,267,34,290,15,0.0,0,0,0,0.0,0.0,0,0,0,0,0,0,0,0,0,0,0,0.0,0.0,0,0,0,1,0.0,0,0,0,0,0,0,17,24,0,0,0,0,0,0,0,0,0,0,0,0,0,17,24,0,0,0,0,0,0,0,0,0,0,0,0,0,0,1,3,1,0,0,0,0,0,0,0,0,3,0,2,0,0,0,0,0,0
1057,L11579,UI$3,mindustry.core.UI$3,L11234,L103,C:\Users\domco\Desktop\DP\repos\Mindustry\core\src\mindustry\core\UI.java,359,23,365,11,0.0,0,0,0,0.0,0.0,0,0,0,0,0,0,0,0,0,0,0,0.0,0.0,0,0,0,1,0.0,0,0,0,0,0,0,7,7,0,0,0,0,0,0,0,0,0,0,0,0,0,7,7,0,0,0,0,0,0,0,0,0,0,0,0,0,0,1,3,0,0,0,0,0,0,0,0,0,3,0,1,0,0,0,0,0,0
1058,L11584,UI$4,mindustry.core.UI$4,L11581,L103,C:\Users\domco\Desktop\DP\repos\Mindustry\core\src\mindustry\core\UI.java,369,23,375,11,0.0,0,0,0,0.0,0.0,0,0,0,0,0,0,0,0,0,0,0,0.0,0.0,0,0,0,1,0.0,0,0,0,0,0,0,7,7,0,0,0,0,0,0,0,0,0,0,0,0,0,7,7,0,0,0,0,0,0,0,0,0,0,0,0,0,0,1,3,0,0,0,0,0,0,0,0,0,3,0,1,0,0,0,0,0,0
1059,L11588,UI$5,mindustry.core.UI$5,L11586,L103,C:\Users\domco\Desktop\DP\repos\Mindustry\core\src\mindustry\core\UI.java,379,23,384,11,0.0,0,0,0,0.0,0.0,0,0,0,0,0,0,0,0,0,0,0,0.0,0.0,0,0,0,1,0.0,0,0,0,0,0,0,6,6,0,0,0,0,0,0,0,0,0,0,0,0,0,6,6,0,0,0,0,0,0,0,0,0,0,0,0,0,0,1,3,0,0,0,0,0,0,0,0,0,3,0,1,0,0,0,0,0,0
1060,L11591,UI$6,mindustry.core.UI$6,L10474,L103,C:\Users\domco\Desktop\DP\repos\Mindustry\core\src\mindustry\core\UI.java,388,23,399,11,0.0,0,0,0,0.0,0.0,0,0,0,0,0,0,0,0,0,0,0,0.0,0.0,0,0,0,1,0.0,0,0,0,0,0,0,12,12,0,0,0,0,0,0,0,0,0,0,0,0,0,12,12,0,0,0,0,0,0,0,0,0,0,0,0,0,0,1,3,0,0,0,0,0,0,0,0,0,3,0,1,0,0,0,0,0,0
1061,L11599,UI$7,mindustry.core.UI$7,L11595,L103,C:\Users\domco\Desktop\DP\repos\Mindustry\core\src\mindustry\core\UI.java,408,23,427,11,0.0,0,0,0,0.0,0.0,0,0,0,0,0,0,0,0,0,0,0,0.0,0.0,0,0,0,1,0.0,0,0,0,0,0,0,17,20,0,0,0,0,0,0,0,0,0,0,0,0,0,17,20,0,0,0,0,0,0,0,0,0,0,0,0,0,0,1,3,0,0,0,0,0,0,0,0,0,3,0,1,0,0,0,0,0,0
1062,L11608,UI$8,mindustry.core.UI$8,L10404,L103,C:\Users\domco\Desktop\DP\repos\Mindustry\core\src\mindustry\core\UI.java,435,30,443,11,0.0,0,0,0,0.0,0.0,0,0,0,0,0,0,0,0,0,0,0,0.0,0.0,0,0,0,1,0.0,0,0,0,0,0,0,9,9,0,0,0,0,0,0,0,0,0,0,0,0,0,9,9,0,0,0,0,0,0,0,0,0,0,0,0,0,0,1,3,0,0,0,0,0,0,0,0,0,3,0,1,0,0,0,0,0,0
1063,L11613,UI$9,mindustry.core.UI$9,L11610,L103,C:\Users\domco\Desktop\DP\repos\Mindustry\core\src\mindustry\core\UI.java,447,30,451,11,0.0,0,0,0,0.0,0.0,0,0,0,0,0,0,0,0,0,0,0,0.0,0.0,0,0,0,1,0.0,0,0,0,0,0,0,5,5,0,0,0,0,0,0,0,0,0,0,0,0,0,5,5,0,0,0,0,0,0,0,0,0,0,0,0,0,0,1,3,0,0,0,0,0,0,0,0,0,3,0,1,0,0,0,0,0,0
1064,L11618,UI$10,mindustry.core.UI$10,L11615,L103,C:\Users\domco\Desktop\DP\repos\Mindustry\core\src\mindustry\core\UI.java,455,30,461,11,0.0,0,0,0,0.0,0.0,0,0,0,0,0,0,0,0,0,0,0,0.0,0.0,0,0,0,1,0.0,0,0,0,0,0,0,7,7,0,0,0,0,0,0,0,0,0,0,0,0,0,7,7,0,0,0,0,0,0,0,0,0,0,0,0,0,0,1,3,0,0,0,0,0,0,0,0,0,3,0,1,0,0,0,0,0,0
1065,L11664,UI$11,mindustry.core.UI$11,L11657,L103,C:\Users\domco\Desktop\DP\repos\Mindustry\core\src\mindustry\core\UI.java,547,26,574,11,0.0,0,0,0,0.0,0.0,0,0,0,0,0,0,0,0,0,0,0,0.0,0.0,0,0,0,1,0.0,0,0,0,0,0,0,23,28,0,0,0,0,0,0,0,0,0,0,0,0,0,23,28,0,0,0,0,0,0,0,0,0,0,0,0,0,0,1,3,0,1,0,0,1,0,0,0,0,3,0,1,0,0,0,0,0,0
1066,L12863,MapView$1,mindustry.editor.MapView$1,L12569,L103,C:\Users\domco\Desktop\DP\repos\Mindustry\core\src\mindustry\editor\MapView.java,50,40,154,10,0.0,0,0,0,0.0,0.0,0,0,5,2,2,28,6,0,0,5,10,0.0,0.0,0,0,0,6,0.0,0,0,0,0,0,0,83,105,0,0,0,0,5,0,5,0,5,53,0,5,0,83,105,0,0,0,0,5,0,5,0,5,53,0,5,0,0,0,14,0,0,0,0,0,1,0,0,0,13,0,0,0,0,0,0,0,0
1067,L13051,WaveInfoDialog$1,mindustry.editor.WaveInfoDialog$1,L13043,L103,C:\Users\domco\Desktop\DP\repos\Mindustry\core\src\mindustry\editor\WaveInfoDialog.java,182,37,187,11,0.0,0,0,0,0.0,0.0,0,0,0,0,0,0,0,0,0,0,0,0.0,0.0,0,0,0,1,0.0,0,0,0,0,0,0,6,6,0,0,0,0,0,0,0,0,0,0,0,0,0,6,6,0,0,0,0,0,0,0,0,0,0,0,0,0,0,1,3,0,0,0,0,0,0,0,0,0,3,0,1,0,0,0,0,0,0
1068,L19418,Waves$1,mindustry.game.Waves$1,L13047,L103,C:\Users\domco\Desktop\DP\repos\Mindustry\core\src\mindustry\game\Waves.java,20,35,24,15,0.0,0,0,0,0.0,0.0,0,0,0,0,0,0,1,0,0,0,0,0.0,0.0,0,0,0,1,0.0,0,1,1,0,0,1,5,5,14,2,0,0,0,0,0,0,12,0,14,12,0,5,5,14,2,0,0,0,0,0,0,12,0,14,12,0,0,1,5,0,0,0,0,0,0,0,0,0,3,0,1,0,0,0,0,2,0
1069,L19424,Waves$2,mindustry.game.Waves$2,L13047,L103,C:\Users\domco\Desktop\DP\repos\Mindustry\core\src\mindustry\game\Waves.java,26,36,31,15,0.0,0,0,0,0.0,0.0,0,0,0,0,0,0,1,0,0,0,0,0.0,0.0,0,0,0,1,0.0,0,1,1,0,0,1,6,6,14,2,0,0,0,0,0,0,12,0,14,12,0,6,6,14,2,0,0,0,0,0,0,12,0,14,12,0,0,1,5,0,0,0,0,0,0,0,0,0,3,0,1,0,0,0,0,2,0
1070,L19429,Waves$3,mindustry.game.Waves$3,L13047,L103,C:\Users\domco\Desktop\DP\repos\Mindustry\core\src\mindustry\game\Waves.java,33,34,37,15,0.0,0,0,0,0.0,0.0,0,0,0,0,0,0,1,0,0,0,0,0.0,0.0,0,0,0,1,0.0,0,1,1,0,0,1,5,5,14,2,0,0,0,0,0,0,12,0,14,12,0,5,5,14,2,0,0,0,0,0,0,12,0,14,12,0,0,1,5,0,0,0,0,0,0,0,0,0,3,0,1,0,0,0,0,2,0
1071,L19434,Waves$4,mindustry.game.Waves$4,L13047,L103,C:\Users\domco\Desktop\DP\repos\Mindustry\core\src\mindustry\game\Waves.java,39,35,45,15,0.0,0,0,0,0.0,0.0,0,0,0,0,0,0,1,0,0,0,0,0.0,0.0,0,0,0,1,0.0,0,1,1,0,0,1,7,7,14,2,0,0,0,0,0,0,12,0,14,12,0,7,7,14,2,0,0,0,0,0,0,12,0,14,12,0,0,1,5,0,0,0,0,0,0,0,0,0,3,0,1,0,0,0,0,2,0
1072,L19439,Waves$5,mindustry.game.Waves$5,L13047,L103,C:\Users\domco\Desktop\DP\repos\Mindustry\core\src\mindustry\game\Waves.java,47,35,52,15,0.0,0,0,0,0.0,0.0,0,0,0,0,0,0,1,0,0,0,0,0.0,0.0,0,0,0,1,0.0,0,1,1,0,0,1,6,6,14,2,0,0,0,0,0,0,12,0,14,12,0,6,6,14,2,0,0,0,0,0,0,12,0,14,12,0,0,1,5,0,0,0,0,0,0,0,0,0,3,0,1,0,0,0,0,2,0
1073,L19444,Waves$6,mindustry.game.Waves$6,L13047,L103,C:\Users\domco\Desktop\DP\repos\Mindustry\core\src\mindustry\game\Waves.java,54,33,60,15,0.0,0,0,0,0.0,0.0,0,0,0,0,0,0,1,0,0,0,0,0.0,0.0,0,0,0,1,0.0,0,1,1,0,0,1,6,7,14,2,0,0,0,0,0,0,12,0,14,12,0,6,7,14,2,0,0,0,0,0,0,12,0,14,12,0,0,1,5,0,0,0,0,0,0,0,0,0,3,0,1,0,0,0,0,2,0
1074,L19449,Waves$7,mindustry.game.Waves$7,L13047,L103,C:\Users\domco\Desktop\DP\repos\Mindustry\core\src\mindustry\game\Waves.java,62,35,69,15,0.0,0,0,0,0.0,0.0,0,0,0,0,0,0,1,0,0,0,0,0.0,0.0,0,0,0,1,0.0,0,1,1,0,0,1,8,8,14,2,0,0,0,0,0,0,12,0,14,12,0,8,8,14,2,0,0,0,0,0,0,12,0,14,12,0,0,1,5,0,0,0,0,0,0,0,0,0,3,0,1,0,0,0,0,2,0
1075,L19454,Waves$8,mindustry.game.Waves$8,L13047,L103,C:\Users\domco\Desktop\DP\repos\Mindustry\core\src\mindustry\game\Waves.java,71,33,77,15,0.0,0,0,0,0.0,0.0,0,0,0,0,0,0,1,0,0,0,0,0.0,0.0,0,0,0,1,0.0,0,1,1,0,0,1,7,7,14,2,0,0,0,0,0,0,12,0,14,12,0,7,7,14,2,0,0,0,0,0,0,12,0,14,12,0,0,1,5,0,0,0,0,0,0,0,0,0,3,0,1,0,0,0,0,2,0
1076,L19459,Waves$9,mindustry.game.Waves$9,L13047,L103,C:\Users\domco\Desktop\DP\repos\Mindustry\core\src\mindustry\game\Waves.java,79,36,87,15,0.0,0,0,0,0.0,0.0,0,0,0,0,0,0,1,0,0,0,0,0.0,0.0,0,0,0,1,0.0,0,1,1,0,0,1,9,9,14,2,0,0,0,0,0,0,12,0,14,12,0,9,9,14,2,0,0,0,0,0,0,12,0,14,12,0,0,1,5,0,0,0,0,0,0,0,0,0,3,0,1,0,0,0,0,2,0
1077,L19464,Waves$10,mindustry.game.Waves$10,L13047,L103,C:\Users\domco\Desktop\DP\repos\Mindustry\core\src\mindustry\game\Waves.java,89,35,95,15,0.0,0,0,0,0.0,0.0,0,0,0,0,0,0,1,0,0,0,0,0.0,0.0,0,0,0,1,0.0,0,1,1,0,0,1,7,7,14,2,0,0,0,0,0,0,12,0,14,12,0,7,7,14,2,0,0,0,0,0,0,12,0,14,12,0,0,1,5,0,0,0,0,0,0,0,0,0,3,0,1,0,0,0,0,2,0
1078,L19469,Waves$11,mindustry.game.Waves$11,L13047,L103,C:\Users\domco\Desktop\DP\repos\Mindustry\core\src\mindustry\game\Waves.java,97,34,103,15,0.0,0,0,0,0.0,0.0,0,0,0,0,0,0,1,0,0,0,0,0.0,0.0,0,0,0,1,0.0,0,1,1,0,0,1,7,7,14,2,0,0,0,0,0,0,12,0,14,12,0,7,7,14,2,0,0,0,0,0,0,12,0,14,12,0,0,1,5,0,0,0,0,0,0,0,0,0,3,0,1,0,0,0,0,2,0
1079,L19474,Waves$12,mindustry.game.Waves$12,L13047,L103,C:\Users\domco\Desktop\DP\repos\Mindustry\core\src\mindustry\game\Waves.java,105,35,112,15,0.0,0,0,0,0.0,0.0,0,0,0,0,0,0,1,0,0,0,0,0.0,0.0,0,0,0,1,0.0,0,1,1,0,0,1,8,8,14,2,0,0,0,0,0,0,12,0,14,12,0,8,8,14,2,0,0,0,0,0,0,12,0,14,12,0,0,1,5,0,0,0,0,0,0,0,0,0,3,0,1,0,0,0,0,2,0
1080,L19479,Waves$13,mindustry.game.Waves$13,L13047,L103,C:\Users\domco\Desktop\DP\repos\Mindustry\core\src\mindustry\game\Waves.java,114,35,121,15,0.0,0,0,0,0.0,0.0,0,0,0,0,0,0,1,0,0,0,0,0.0,0.0,0,0,0,1,0.0,0,1,1,0,0,1,8,8,14,2,0,0,0,0,0,0,12,0,14,12,0,8,8,14,2,0,0,0,0,0,0,12,0,14,12,0,0,1,5,0,0,0,0,0,0,0,0,0,3,0,1,0,0,0,0,2,0
1081,L19484,Waves$14,mindustry.game.Waves$14,L13047,L103,C:\Users\domco\Desktop\DP\repos\Mindustry\core\src\mindustry\game\Waves.java,123,37,130,15,0.0,0,0,0,0.0,0.0,0,0,0,0,0,0,1,0,0,0,0,0.0,0.0,0,0,0,1,0.0,0,1,1,0,0,1,8,8,14,2,0,0,0,0,0,0,12,0,14,12,0,8,8,14,2,0,0,0,0,0,0,12,0,14,12,0,0,1,5,0,0,0,0,0,0,0,0,0,3,0,1,0,0,0,0,2,0
1082,L19489,Waves$15,mindustry.game.Waves$15,L13047,L103,C:\Users\domco\Desktop\DP\repos\Mindustry\core\src\mindustry\game\Waves.java,132,33,139,15,0.0,0,0,0,0.0,0.0,0,0,0,0,0,0,1,0,0,0,0,0.0,0.0,0,0,0,1,0.0,0,1,1,0,0,1,8,8,14,2,0,0,0,0,0,0,12,0,14,12,0,8,8,14,2,0,0,0,0,0,0,12,0,14,12,0,0,1,5,0,0,0,0,0,0,0,0,0,3,0,1,0,0,0,0,2,0
1083,L19494,Waves$16,mindustry.game.Waves$16,L13047,L103,C:\Users\domco\Desktop\DP\repos\Mindustry\core\src\mindustry\game\Waves.java,141,35,149,15,0.0,0,0,0,0.0,0.0,0,0,0,0,0,0,1,0,0,0,0,0.0,0.0,0,0,0,1,0.0,0,1,1,0,0,1,9,9,14,2,0,0,0,0,0,0,12,0,14,12,0,9,9,14,2,0,0,0,0,0,0,12,0,14,12,0,0,1,5,0,0,0,0,0,0,0,0,0,3,0,1,0,0,0,0,2,0
1084,L19499,Waves$17,mindustry.game.Waves$17,L13047,L103,C:\Users\domco\Desktop\DP\repos\Mindustry\core\src\mindustry\game\Waves.java,151,36,157,15,0.0,0,0,0,0.0,0.0,0,0,0,0,0,0,1,0,0,0,0,0.0,0.0,0,0,0,1,0.0,0,1,1,0,0,1,7,7,14,2,0,0,0,0,0,0,12,0,14,12,0,7,7,14,2,0,0,0,0,0,0,12,0,14,12,0,0,1,5,0,0,0,0,0,0,0,0,0,3,0,1,0,0,0,0,2,0
1085,L19504,Waves$18,mindustry.game.Waves$18,L13047,L103,C:\Users\domco\Desktop\DP\repos\Mindustry\core\src\mindustry\game\Waves.java,159,34,168,15,0.0,0,0,0,0.0,0.0,0,0,0,0,0,0,1,0,0,0,0,0.0,0.0,0,0,0,1,0.0,0,1,1,0,0,1,10,10,14,2,0,0,0,0,0,0,12,0,14,12,0,10,10,14,2,0,0,0,0,0,0,12,0,14,12,0,0,1,5,0,0,0,0,0,0,0,0,0,3,0,1,0,0,0,0,2,0
1086,L19509,Waves$19,mindustry.game.Waves$19,L13047,L103,C:\Users\domco\Desktop\DP\repos\Mindustry\core\src\mindustry\game\Waves.java,170,35,177,15,0.0,0,0,0,0.0,0.0,0,0,0,0,0,0,1,0,0,0,0,0.0,0.0,0,0,0,1,0.0,0,1,1,0,0,1,8,8,14,2,0,0,0,0,0,0,12,0,14,12,0,8,8,14,2,0,0,0,0,0,0,12,0,14,12,0,0,1,5,0,0,0,0,0,0,0,0,0,3,0,1,0,0,0,0,2,0
1087,L19514,Waves$20,mindustry.game.Waves$20,L13047,L103,C:\Users\domco\Desktop\DP\repos\Mindustry\core\src\mindustry\game\Waves.java,179,33,185,15,0.0,0,0,0,0.0,0.0,0,0,0,0,0,0,1,0,0,0,0,0.0,0.0,0,0,0,1,0.0,0,1,1,0,0,1,7,7,14,2,0,0,0,0,0,0,12,0,14,12,0,7,7,14,2,0,0,0,0,0,0,12,0,14,12,0,0,1,5,0,0,0,0,0,0,0,0,0,3,0,1,0,0,0,0,2,0
1088,L19519,Waves$21,mindustry.game.Waves$21,L13047,L103,C:\Users\domco\Desktop\DP\repos\Mindustry\core\src\mindustry\game\Waves.java,187,34,193,15,1.0,1,1,1,1.0,1.0,7,7,0,0,0,0,1,0,0,0,0,0.0,0.0,0,0,0,1,0.0,0,1,1,0,0,1,7,7,14,2,0,0,0,0,0,0,12,0,14,12,0,7,7,14,2,0,0,0,0,0,0,12,0,14,12,0,0,1,10,0,0,0,5,0,0,0,0,0,3,0,1,0,0,0,0,2,0
1089,L19524,Waves$22,mindustry.game.Waves$22,L13047,L103,C:\Users\domco\Desktop\DP\repos\Mindustry\core\src\mindustry\game\Waves.java,195,36,201,15,1.0,1,1,1,1.0,1.0,7,7,0,0,0,0,1,0,0,0,0,0.0,0.0,0,0,0,1,0.0,0,1,1,0,0,1,7,7,14,2,0,0,0,0,0,0,12,0,14,12,0,7,7,14,2,0,0,0,0,0,0,12,0,14,12,0,0,1,10,0,0,0,5,0,0,0,0,0,3,0,1,0,0,0,0,2,0
1090,L19529,Waves$23,mindustry.game.Waves$23,L13047,L103,C:\Users\domco\Desktop\DP\repos\Mindustry\core\src\mindustry\game\Waves.java,203,34,209,15,1.0,1,1,1,1.0,1.0,7,7,0,0,0,0,1,0,0,0,0,0.0,0.0,0,0,0,1,0.0,0,1,1,0,0,1,7,7,14,2,0,0,0,0,0,0,12,0,14,12,0,7,7,14,2,0,0,0,0,0,0,12,0,14,12,0,0,1,10,0,0,0,5,0,0,0,0,0,3,0,1,0,0,0,0,2,0
1091,L19534,Waves$24,mindustry.game.Waves$24,L13047,L103,C:\Users\domco\Desktop\DP\repos\Mindustry\core\src\mindustry\game\Waves.java,211,37,217,15,1.0,1,1,1,1.0,1.0,7,7,0,0,0,0,1,0,0,0,0,0.0,0.0,0,0,0,1,0.0,0,1,1,0,0,1,7,7,14,2,0,0,0,0,0,0,12,0,14,12,0,7,7,14,2,0,0,0,0,0,0,12,0,14,12,0,0,1,10,0,0,0,5,0,0,0,0,0,3,0,1,0,0,0,0,2,0
1092,L19539,Waves$25,mindustry.game.Waves$25,L13047,L103,C:\Users\domco\Desktop\DP\repos\Mindustry\core\src\mindustry\game\Waves.java,219,33,225,15,0.0,0,0,0,0.0,0.0,0,0,0,0,0,0,1,0,0,0,0,0.0,0.0,0,0,0,1,0.0,0,1,1,0,0,1,7,7,14,2,0,0,0,0,0,0,12,0,14,12,0,7,7,14,2,0,0,0,0,0,0,12,0,14,12,0,0,1,5,0,0,0,0,0,0,0,0,0,3,0,1,0,0,0,0,2,0
1093,L19544,Waves$26,mindustry.game.Waves$26,L13047,L103,C:\Users\domco\Desktop\DP\repos\Mindustry\core\src\mindustry\game\Waves.java,227,35,234,15,0.0,0,0,0,0.0,0.0,0,0,0,0,0,0,1,0,0,0,0,0.0,0.0,0,0,0,1,0.0,0,1,1,0,0,1,8,8,14,2,0,0,0,0,0,0,12,0,14,12,0,8,8,14,2,0,0,0,0,0,0,12,0,14,12,0,0,1,5,0,0,0,0,0,0,0,0,0,3,0,1,0,0,0,0,2,0
1094,L19549,Waves$27,mindustry.game.Waves$27,L13047,L103,C:\Users\domco\Desktop\DP\repos\Mindustry\core\src\mindustry\game\Waves.java,236,36,243,15,0.0,0,0,0,0.0,0.0,0,0,0,0,0,0,1,0,0,0,0,0.0,0.0,0,0,0,1,0.0,0,1,1,0,0,1,8,8,14,2,0,0,0,0,0,0,12,0,14,12,0,8,8,14,2,0,0,0,0,0,0,12,0,14,12,0,0,1,5,0,0,0,0,0,0,0,0,0,3,0,1,0,0,0,0,2,0
1095,L19554,Waves$28,mindustry.game.Waves$28,L13047,L103,C:\Users\domco\Desktop\DP\repos\Mindustry\core\src\mindustry\game\Waves.java,245,36,252,15,0.0,0,0,0,0.0,0.0,0,0,0,0,0,0,1,0,0,0,0,0.0,0.0,0,0,0,1,0.0,0,1,1,0,0,1,8,8,14,2,0,0,0,0,0,0,12,0,14,12,0,8,8,14,2,0,0,0,0,0,0,12,0,14,12,0,0,1,5,0,0,0,0,0,0,0,0,0,3,0,1,0,0,0,0,2,0
1096,L19580,Waves$29,mindustry.game.Waves$29,L19569,L103,C:\Users\domco\Desktop\DP\repos\Mindustry\core\src\mindustry\game\Waves.java,371,66,380,11,0.0,0,0,0,0.0,0.0,0,0,0,0,0,0,1,0,0,0,0,0.0,0.0,0,0,0,1,0.0,0,1,1,0,0,1,10,10,14,2,0,0,0,0,0,0,12,0,14,12,0,10,10,14,2,0,0,0,0,0,0,12,0,14,12,0,0,1,5,0,0,0,0,0,0,0,0,0,3,0,1,0,0,0,0,2,0
1097,L19585,Waves$30,mindustry.game.Waves$30,L19569,L103,C:\Users\domco\Desktop\DP\repos\Mindustry\core\src\mindustry\game\Waves.java,383,66,392,11,0.0,0,0,0,0.0,0.0,0,0,0,0,0,0,1,0,0,0,0,0.0,0.0,0,0,0,1,0.0,0,1,1,0,0,1,10,10,14,2,0,0,0,0,0,0,12,0,14,12,0,10,10,14,2,0,0,0,0,0,0,12,0,14,12,0,0,1,5,0,0,0,0,0,0,0,0,0,3,0,1,0,0,0,0,2,0
1098,L19590,Waves$31,mindustry.game.Waves$31,L19569,L103,C:\Users\domco\Desktop\DP\repos\Mindustry\core\src\mindustry\game\Waves.java,397,66,406,11,0.0,0,0,0,0.0,0.0,0,0,0,0,0,0,1,0,0,0,0,0.0,0.0,0,0,0,1,0.0,0,1,1,0,0,1,10,10,14,2,0,0,0,0,0,0,12,0,14,12,0,10,10,14,2,0,0,0,0,0,0,12,0,14,12,0,0,1,5,0,0,0,0,0,0,0,0,0,3,0,1,0,0,0,0,2,0
1099,L19595,Waves$32,mindustry.game.Waves$32,L19569,L103,C:\Users\domco\Desktop\DP\repos\Mindustry\core\src\mindustry\game\Waves.java,409,66,418,11,0.0,0,0,0,0.0,0.0,0,0,0,0,0,0,1,0,0,0,0,0.0,0.0,0,0,0,1,0.0,0,1,1,0,0,1,10,10,14,2,0,0,0,0,0,0,12,0,14,12,0,10,10,14,2,0,0,0,0,0,0,12,0,14,12,0,0,1,5,0,0,0,0,0,0,0,0,0,3,0,1,0,0,0,0,2,0
1100,L19600,Waves$33,mindustry.game.Waves$33,L19569,L103,C:\Users\domco\Desktop\DP\repos\Mindustry\core\src\mindustry\game\Waves.java,426,45,431,19,0.0,0,0,0,0.0,0.0,0,0,0,0,0,0,1,0,0,0,0,0.0,0.0,0,0,0,1,0.0,0,1,1,0,0,1,6,6,14,2,0,0,0,0,0,0,12,0,14,12,0,6,6,14,2,0,0,0,0,0,0,12,0,14,12,0,0,1,5,0,0,0,0,0,0,0,0,0,3,0,1,0,0,0,0,2,0
1101,L20374,PlanetGrid$Ptile,mindustry.graphics.g3d.PlanetGrid$Ptile,L20354,L103,C:\Users\domco\Desktop\DP\repos\Mindustry\core\src\mindustry\graphics\g3d\PlanetGrid.java,223,5,243,6,0.0,0,0,0,0.0,0.0,0,0,0,0,0,1,2,11,1,0,1,0.0,0.0,0,0,0,2,0.0,0,0,0,0,0,0,16,21,7,0,7,0,1,7,1,0,1,5,7,1,0,16,21,7,0,7,0,1,7,1,0,1,5,7,1,0,0,0,10,0,1,0,0,0,0,0,0,1,5,0,0,0,0,0,0,5,0
1102,L20364,PlanetGrid$Corner,mindustry.graphics.g3d.PlanetGrid$Corner,L20354,L103,C:\Users\domco\Desktop\DP\repos\Mindustry\core\src\mindustry\graphics\g3d\PlanetGrid.java,245,5,255,6,0.0,0,0,0,0.0,0.0,0,0,0,0,0,1,2,6,1,0,1,0.0,0.0,0,0,0,2,0.0,0,0,0,0,0,0,10,11,5,0,5,0,1,5,1,0,1,1,5,1,0,10,11,5,0,5,0,1,5,1,0,1,1,5,1,0,0,0,9,0,1,0,0,0,0,0,0,1,5,0,0,0,0,0,0,4,0
1103,L20459,PlanetGrid$Edge,mindustry.graphics.g3d.PlanetGrid$Edge,L20354,L103,C:\Users\domco\Desktop\DP\repos\Mindustry\core\src\mindustry\graphics\g3d\PlanetGrid.java,257,5,265,6,0.0,0,0,0,0.0,0.0,0,0,0,0,0,1,2,3,1,0,1,0.0,0.0,0,0,0,2,0.0,0,0,0,0,0,0,8,9,3,0,3,0,1,3,1,0,1,1,3,1,0,8,9,3,0,3,0,1,3,1,0,1,1,3,1,0,0,0,9,0,1,0,0,1,0,0,0,0,5,0,0,0,0,0,0,4,0
1104,L20598,PlanetRenderer$1,mindustry.graphics.g3d.PlanetRenderer$1,L10982,L103,C:\Users\domco\Desktop\DP\repos\Mindustry\core\src\mindustry\graphics\g3d\PlanetRenderer.java,37,111,40,7,0.0,0,0,0,0.0,0.0,0,0,0,0,0,0,0,0,0,0,0,0.0,0.0,0,0,0,1,0.0,0,0,0,0,0,0,4,4,0,0,0,0,0,0,0,0,0,0,0,0,0,4,4,0,0,0,0,0,0,0,0,0,0,0,0,0,0,0,3,0,0,0,0,0,0,0,0,0,3,0,0,0,0,0,0,0,0
1105,L22710,JsonIO$2,mindustry.io.JsonIO$2,L22669,L103,C:\Users\domco\Desktop\DP\repos\Mindustry\core\src\mindustry\io\JsonIO.java,75,60,87,10,0.0,0,0,0,0.0,0.0,0,0,2,0,0,2,6,0,0,1,3,0.0,0.0,0,0,0,3,0.0,0,0,0,0,0,0,12,13,0,0,0,0,2,0,2,0,2,4,0,2,0,12,13,0,0,0,0,2,0,2,0,2,4,0,2,0,0,0,8,0,0,0,0,0,1,0,0,0,7,0,0,0,0,0,0,0,0
1106,L22719,JsonIO$3,mindustry.io.JsonIO$3,L22669,L103,C:\Users\domco\Desktop\DP\repos\Mindustry\core\src\mindustry\io\JsonIO.java,89,66,99,10,1.0,1,1,1,1.0,1.0,11,10,2,0,0,2,5,0,0,1,3,0.0,0.0,0,0,0,3,0.0,0,0,0,0,0,0,10,11,0,0,0,0,2,0,2,0,2,2,0,2,0,10,11,0,0,0,0,2,0,2,0,2,2,0,2,0,0,0,23,0,0,0,15,0,1,0,0,0,7,0,0,0,0,0,0,0,0
1107,L22728,JsonIO$4,mindustry.io.JsonIO$4,L22669,L103,C:\Users\domco\Desktop\DP\repos\Mindustry\core\src\mindustry\io\JsonIO.java,101,60,113,10,1.0,1,3,1,1.0,1.0,13,12,2,1,1,4,6,0,0,1,3,0.0,0.0,0,0,0,3,0.0,0,0,0,0,0,0,12,13,0,0,0,0,2,0,2,0,2,5,0,2,0,12,13,0,0,0,0,2,0,2,0,2,5,0,2,0,0,0,23,0,1,0,15,1,1,0,0,0,7,0,0,0,0,0,0,0,0
1108,L22740,JsonIO$5,mindustry.io.JsonIO$5,L22669,L103,C:\Users\domco\Desktop\DP\repos\Mindustry\core\src\mindustry\io\JsonIO.java,115,63,125,10,1.0,1,3,1,1.0,1.0,11,10,2,0,0,2,1,0,0,1,3,0.0,0.0,0,0,0,3,0.0,0,0,0,0,0,0,10,11,0,0,0,0,2,0,2,0,2,2,0,2,0,10,11,0,0,0,0,2,0,2,0,2,2,0,2,0,0,0,23,0,0,0,15,0,1,0,0,0,7,0,0,0,0,0,0,0,0
1109,L22753,JsonIO$6,mindustry.io.JsonIO$6,L22669,L103,C:\Users\domco\Desktop\DP\repos\Mindustry\core\src\mindustry\io\JsonIO.java,127,58,139,10,1.0,1,3,1,1.0,1.0,13,12,2,1,1,4,6,0,0,1,3,0.0,0.0,0,0,0,3,0.0,0,0,0,0,0,0,12,13,0,0,0,0,2,0,2,0,2,5,0,2,0,12,13,0,0,0,0,2,0,2,0,2,5,0,2,0,0,0,23,0,1,0,15,1,1,0,0,0,7,0,0,0,0,0,0,0,0
1110,L22762,JsonIO$7,mindustry.io.JsonIO$7,L22669,L103,C:\Users\domco\Desktop\DP\repos\Mindustry\core\src\mindustry\io\JsonIO.java,141,58,151,10,1.0,1,3,1,1.0,1.0,11,10,2,0,0,2,1,0,0,1,3,0.0,0.0,0,0,0,3,0.0,0,0,0,0,0,0,10,11,0,0,0,0,2,0,2,0,2,2,0,2,0,10,11,0,0,0,0,2,0,2,0,2,2,0,2,0,0,0,23,0,0,0,15,0,1,0,0,0,7,0,0,0,0,0,0,0,0
1111,L22771,JsonIO$8,mindustry.io.JsonIO$8,L22669,L103,C:\Users\domco\Desktop\DP\repos\Mindustry\core\src\mindustry\io\JsonIO.java,153,59,164,10,1.0,1,2,1,1.0,1.0,12,11,2,0,0,3,6,0,0,1,3,0.0,0.0,0,0,0,3,0.0,0,0,0,0,0,0,11,12,0,0,0,0,2,0,2,0,2,3,0,2,0,11,12,0,0,0,0,2,0,2,0,2,3,0,2,0,0,0,23,0,0,0,15,0,1,0,0,0,7,0,0,0,0,0,0,0,0
1112,L22780,JsonIO$9,mindustry.io.JsonIO$9,L22669,L103,C:\Users\domco\Desktop\DP\repos\Mindustry\core\src\mindustry\io\JsonIO.java,166,60,177,10,1.0,1,2,1,1.0,1.0,12,11,2,0,0,3,6,0,0,1,3,0.0,0.0,0,0,0,3,0.0,0,0,0,0,0,0,11,12,0,0,0,0,2,0,2,0,2,3,0,2,0,11,12,0,0,0,0,2,0,2,0,2,3,0,2,0,0,0,23,0,0,0,15,0,1,0,0,0,7,0,0,0,0,0,0,0,0
1113,L22789,JsonIO$10,mindustry.io.JsonIO$10,L22669,L103,C:\Users\domco\Desktop\DP\repos\Mindustry\core\src\mindustry\io\JsonIO.java,179,61,189,10,1.0,1,1,1,1.0,1.0,11,10,2,0,0,2,5,0,0,1,3,0.0,0.0,0,0,0,3,0.0,0,0,0,0,0,0,10,11,0,0,0,0,2,0,2,0,2,2,0,2,0,10,11,0,0,0,0,2,0,2,0,2,2,0,2,0,0,0,23,0,0,0,15,0,1,0,0,0,7,0,0,0,0,0,0,0,0
1114,L22799,JsonIO$11,mindustry.io.JsonIO$11,L22669,L103,C:\Users\domco\Desktop\DP\repos\Mindustry\core\src\mindustry\io\JsonIO.java,191,62,201,10,1.0,1,1,1,1.0,1.0,11,10,2,0,0,2,5,0,0,1,3,0.0,0.0,0,0,0,3,0.0,0,0,0,0,0,0,10,11,0,0,0,0,2,0,2,0,2,2,0,2,0,10,11,0,0,0,0,2,0,2,0,2,2,0,2,0,0,0,23,0,0,0,15,0,1,0,0,0,7,0,0,0,0,0,0,0,0
1115,L22808,JsonIO$12,mindustry.io.JsonIO$12,L22669,L103,C:\Users\domco\Desktop\DP\repos\Mindustry\core\src\mindustry\io\JsonIO.java,203,63,216,10,0.0,0,0,0,0.0,0.0,0,0,2,0,0,2,2,0,0,1,3,0.0,0.0,0,0,0,3,0.0,0,0,0,0,0,0,13,14,0,0,0,0,2,0,2,0,2,5,0,2,0,13,14,0,0,0,0,2,0,2,0,2,5,0,2,0,0,0,8,0,0,0,0,0,1,0,0,0,7,0,0,0,0,0,0,0,0
1116,L22817,JsonIO$13,mindustry.io.JsonIO$13,L22669,L103,C:\Users\domco\Desktop\DP\repos\Mindustry\core\src\mindustry\io\JsonIO.java,218,71,238,10,0.0,0,0,0,0.0,0.0,0,0,2,1,1,7,9,0,0,1,3,0.0,0.0,0,0,0,3,0.0,0,0,0,0,0,0,20,21,0,0,0,0,2,0,2,0,2,9,0,2,0,20,21,0,0,0,0,2,0,2,0,2,9,0,2,0,0,0,8,0,1,0,0,1,1,0,0,0,7,0,0,0,0,0,0,0,0
1117,L22971,MapIO$1,mindustry.io.MapIO$1,L22959,L103,C:\Users\domco\Desktop\DP\repos\Mindustry\core\src\mindustry\io\MapIO.java,79,47,90,14,0.0,0,0,0,0.0,0.0,0,0,0,1,1,2,5,0,0,4,5,0.0,0.0,0,0,0,2,0.0,0,3,3,0,0,1,11,12,11,10,0,0,1,0,1,1,88,5,4,82,19,11,12,11,10,0,0,1,0,1,1,88,5,4,82,19,0,0,11,0,0,0,0,0,0,0,0,0,5,0,0,0,0,0,0,6,0
1118,L23837,LCanvas$1,mindustry.logic.LCanvas$1,L23835,L103,C:\Users\domco\Desktop\DP\repos\Mindustry\core\src\mindustry\logic\LCanvas.java,39,51,52,10,0.0,0,0,0,0.0,0.0,0,0,1,1,1,2,1,0,0,0,1,0.0,0.0833333,1,0,0,2,0.0833333,1,0,0,0,0,0,11,14,0,0,0,0,1,0,1,0,1,4,0,1,0,11,14,0,0,0,0,1,0,1,0,1,4,0,1,0,0,0,5,0,0,0,0,0,0,0,0,0,5,0,0,0,0,0,0,0,0
1119,L23852,LCanvas$2,mindustry.logic.LCanvas$2,L23849,L103,C:\Users\domco\Desktop\DP\repos\Mindustry\core\src\mindustry\logic\LCanvas.java,69,90,82,18,0.0,0,0,0,0.0,0.0,0,0,1,2,2,3,1,0,0,0,1,0.0,0.0714286,1,0,0,2,0.0714286,1,0,0,0,0,0,13,14,0,0,0,0,1,0,1,0,1,8,0,1,0,13,14,0,0,0,0,1,0,1,0,1,8,0,1,0,0,0,5,0,0,0,0,0,0,0,0,0,5,0,0,0,0,0,0,0,0
1120,L24133,LExecutor$UnitLocateI$Cache,mindustry.logic.LExecutor$UnitLocateI$Cache,L24096,L103,C:\Users\domco\Desktop\DP\repos\Mindustry\core\src\mindustry\logic\LExecutor.java,311,9,315,10,0.0,0,0,0,0.0,0.0,0,0,0,0,0,0,0,1,0,0,0,0.0,0.0,0,0,0,1,0.0,0,0,0,0,0,0,5,5,4,0,4,0,0,0,0,0,0,0,0,0,0,5,5,4,0,4,0,0,0,0,0,0,0,0,0,0,0,0,3,0,0,0,0,0,0,0,0,0,3,0,0,0,0,0,0,0,0
1121,L24742,LStatement$1,mindustry.logic.LStatement$1,L24725,L103,C:\Users\domco\Desktop\DP\repos\Mindustry\core\src\mindustry\logic\LStatement.java,129,43,139,10,0.0,0,0,0,0.0,0.0,0,0,0,0,0,2,0,0,0,0,2,0.0,0.0,0,0,0,3,0.0,0,0,0,0,0,0,10,11,0,2,0,2,2,0,2,0,2,2,0,2,0,10,11,0,2,0,2,2,0,2,0,2,2,0,2,0,0,0,7,0,0,0,0,0,0,0,0,0,7,0,0,0,0,0,0,0,0
1122,L25279,FilterOption$SliderOption,mindustry.maps.filters.FilterOption$SliderOption,L25275,L103,C:\Users\domco\Desktop\DP\repos\Mindustry\core\src\mindustry\maps\filters\FilterOption.java,36,5,89,6,0.0,0,0,0,0.0,0.0,0,0,1,1,1,6,3,12,0,0,4,0.0,0.0,0,0,0,3,0.0,0,1,1,0,0,1,47,54,16,0,7,0,4,0,2,0,4,27,9,2,0,47,54,16,0,7,0,4,0,2,0,4,27,9,2,0,0,0,16,1,7,1,0,5,0,0,0,0,11,0,2,0,0,0,0,5,0
1123,L25282,FilterOption$BlockOption,mindustry.maps.filters.FilterOption$BlockOption,L25275,L103,C:\Users\domco\Desktop\DP\repos\Mindustry\core\src\mindustry\maps\filters\FilterOption.java,91,5,128,6,0.0,0,0,0,0.0,0.0,0,0,1,0,0,2,2,7,0,0,2,0.0,0.0,0,0,0,2,0.0,0,1,1,0,0,1,19,38,13,0,4,0,2,0,1,0,2,6,9,1,0,19,38,13,0,4,0,2,0,1,0,2,6,9,1,0,0,0,9,0,7,0,0,6,0,0,0,0,7,0,1,0,0,0,0,2,0
1124,L25413,FilterOption$ToggleOption,mindustry.maps.filters.FilterOption$ToggleOption,L25275,L103,C:\Users\domco\Desktop\DP\repos\Mindustry\core\src\mindustry\maps\filters\FilterOption.java,130,5,147,6,0.0,0,0,0,0.0,0.0,0,0,1,0,0,2,1,1,0,0,2,0.0,0.0,0,0,0,2,0.0,0,1,1,0,0,1,16,18,12,0,3,0,2,0,1,0,2,6,9,1,0,16,18,12,0,3,0,2,0,1,0,2,6,9,1,0,0,0,9,0,3,0,0,3,0,0,0,0,7,0,0,0,0,0,0,2,0
1125,L11954,GenerateFilter$GenerateInput,mindustry.maps.filters.GenerateFilter$GenerateInput,L11949,L103,C:\Users\domco\Desktop\DP\repos\Mindustry\core\src\mindustry\maps\filters\GenerateFilter.java,127,5,158,6,0.0,0,0,0,0.0,0.0,0,0,2,0,0,3,3,18,8,1,4,0.333333,0.130435,3,3,1,2,0.115385,3,0,0,0,0,0,20,29,8,0,8,0,3,7,2,0,3,9,7,2,0,23,32,8,0,8,0,4,7,3,0,4,9,7,3,0,0,0,20,0,4,2,0,2,1,0,0,0,14,0,0,0,0,0,0,5,0
1126,L25503,GenerateFilter$PackTileStruct,mindustry.maps.filters.GenerateFilter$PackTileStruct,L11949,L103,C:\Users\domco\Desktop\DP\repos\Mindustry\core\src\mindustry\maps\filters\GenerateFilter.java,160,5,163,6,0.0,0,0,0,0.0,0.0,0,0,0,0,0,0,1,0,0,0,0,0.0,0.0,0,0,0,1,0.0,0,0,0,0,0,0,4,4,3,0,3,0,0,0,0,0,0,0,0,0,0,4,4,3,0,3,0,0,0,0,0,0,0,0,0,0,0,0,3,0,2,1,0,1,0,0,0,0,3,0,0,0,0,0,0,0,0
1127,L26159,Maps$1,mindustry.maps.Maps$1,L26016,L103,C:\Users\domco\Desktop\DP\repos\Mindustry\core\src\mindustry\maps\Maps.java,300,36,303,19,1.0,2,2,2,1.0,1.0,4,4,0,0,0,0,1,0,0,0,0,0.0,0.0,0,0,0,1,0.0,0,2,2,0,0,1,4,4,5,0,0,0,0,0,0,0,18,0,1,12,0,4,4,5,0,0,0,0,0,0,0,18,0,1,12,0,0,1,10,0,0,0,5,0,0,0,0,0,3,0,1,0,0,0,0,2,0
1128,L26164,Maps$2,mindustry.maps.Maps$2,L26016,L103,C:\Users\domco\Desktop\DP\repos\Mindustry\core\src\mindustry\maps\Maps.java,304,36,307,19,1.0,2,2,2,1.0,1.0,4,4,0,0,0,0,1,0,0,0,0,0.0,0.0,0,0,0,1,0.0,0,2,2,0,0,1,4,4,5,0,0,0,0,0,0,0,18,0,1,12,0,4,4,5,0,0,0,0,0,0,0,18,0,1,12,0,0,1,10,0,0,0,5,0,0,0,0,0,3,0,1,0,0,0,0,2,0
1129,L26168,Maps$3,mindustry.maps.Maps$3,L26016,L103,C:\Users\domco\Desktop\DP\repos\Mindustry\core\src\mindustry\maps\Maps.java,308,36,311,19,1.0,2,2,2,1.0,1.0,4,4,0,0,0,0,1,0,0,0,0,0.0,0.0,0,0,0,1,0.0,0,2,2,0,0,1,4,4,5,0,0,0,0,0,0,0,18,0,1,12,0,4,4,5,0,0,0,0,0,0,0,18,0,1,12,0,0,1,10,0,0,0,5,0,0,0,0,0,3,0,1,0,0,0,0,2,0
1130,L26172,Maps$4,mindustry.maps.Maps$4,L26016,L103,C:\Users\domco\Desktop\DP\repos\Mindustry\core\src\mindustry\maps\Maps.java,312,36,315,19,1.0,2,2,2,1.0,1.0,4,4,0,0,0,0,1,0,0,0,0,0.0,0.0,0,0,0,1,0.0,0,2,2,0,0,1,4,4,5,0,0,0,0,0,0,0,18,0,1,12,0,4,4,5,0,0,0,0,0,0,0,18,0,1,12,0,0,1,10,0,0,0,5,0,0,0,0,0,3,0,1,0,0,0,0,2,0
1131,L26176,Maps$5,mindustry.maps.Maps$5,L26016,L103,C:\Users\domco\Desktop\DP\repos\Mindustry\core\src\mindustry\maps\Maps.java,316,36,319,19,1.0,2,2,2,1.0,1.0,4,4,0,0,0,0,1,0,0,0,0,0.0,0.0,0,0,0,1,0.0,0,2,2,0,0,1,4,4,5,0,0,0,0,0,0,0,18,0,1,12,0,4,4,5,0,0,0,0,0,0,0,18,0,1,12,0,0,1,10,0,0,0,5,0,0,0,0,0,3,0,1,0,0,0,0,2,0
1132,L26180,Maps$6,mindustry.maps.Maps$6,L26016,L103,C:\Users\domco\Desktop\DP\repos\Mindustry\core\src\mindustry\maps\Maps.java,320,36,323,19,1.0,2,2,2,1.0,1.0,4,4,0,0,0,0,1,0,0,0,0,0.0,0.0,0,0,0,1,0.0,0,2,2,0,0,1,4,4,5,0,0,0,0,0,0,0,18,0,1,12,0,4,4,5,0,0,0,0,0,0,0,18,0,1,12,0,0,1,10,0,0,0,5,0,0,0,0,0,3,0,1,0,0,0,0,2,0
1133,L26184,Maps$7,mindustry.maps.Maps$7,L26016,L103,C:\Users\domco\Desktop\DP\repos\Mindustry\core\src\mindustry\maps\Maps.java,324,36,327,19,1.0,1,1,1,1.0,1.0,4,4,0,0,0,0,1,0,0,0,0,0.0,0.0,0,0,0,1,0.0,0,2,2,0,0,1,4,4,5,0,0,0,0,0,0,0,18,0,1,12,0,4,4,5,0,0,0,0,0,0,0,18,0,1,12,0,0,1,10,0,0,0,5,0,0,0,0,0,3,0,1,0,0,0,0,2,0
1134,L26188,Maps$8,mindustry.maps.Maps$8,L26016,L103,C:\Users\domco\Desktop\DP\repos\Mindustry\core\src\mindustry\maps\Maps.java,328,36,331,19,1.0,1,1,1,1.0,1.0,4,4,0,0,0,0,1,0,0,0,0,0.0,0.0,0,0,0,1,0.0,0,2,2,0,0,1,4,4,5,0,0,0,0,0,0,0,18,0,1,12,0,4,4,5,0,0,0,0,0,0,0,18,0,1,12,0,0,1,10,0,0,0,5,0,0,0,0,0,3,0,1,0,0,0,0,2,0
1135,L27318,Mods$1,mindustry.mod.Mods$1,L27311,L103,C:\Users\domco\Desktop\DP\repos\Mindustry\core\src\mindustry\mod\Mods.java,228,44,271,14,0.0,0,0,0,0.0,0.0,0,0,2,1,1,9,2,0,0,1,6,0.166667,0.0555556,2,1,1,5,0.0555556,2,0,0,0,0,0,34,44,0,1,0,1,5,0,5,0,5,14,0,5,0,34,44,0,1,0,1,5,0,5,0,5,14,0,5,0,0,0,12,0,0,0,0,0,1,0,0,0,11,0,0,0,0,0,0,0,0
1136,L27416,Mods$2,mindustry.mod.Mods$2,L27412,L103,C:\Users\domco\Desktop\DP\repos\Mindustry\core\src\mindustry\mod\Mods.java,498,27,535,15,0.0,0,0,0,0.0,0.0,0,0,0,0,0,0,0,0,0,0,0,0.0,0.0,0,0,0,1,0.0,0,0,0,0,0,0,14,38,0,0,0,0,0,0,0,0,0,0,0,0,0,14,38,0,0,0,0,0,0,0,0,0,0,0,0,0,0,0,3,0,0,0,0,0,0,0,0,0,3,0,0,0,0,0,0,0,0
1137,L27428,Mods$1LoadRun,mindustry.mod.Mods$1LoadRun,L9664,L103,C:\Users\domco\Desktop\DP\repos\Mindustry\core\src\mindustry\mod\Mods.java,596,9,613,10,0.0,0,0,0,0.0,0.0,0,0,1,1,1,3,2,1,1,0,2,0.0,0.0,0,0,0,3,0.0,0,0,0,0,0,0,16,18,3,0,3,0,2,0,2,0,2,7,0,2,0,16,18,3,0,3,0,2,0,2,0,2,7,0,2,0,0,0,7,0,0,0,0,0,0,0,0,0,7,0,0,0,0,0,0,0,0
1138,L28083,ArcNetProvider$1,mindustry.net.ArcNetProvider$1,L10904,L103,C:\Users\domco\Desktop\DP\repos\Mindustry\core\src\mindustry\net\ArcNetProvider.java,46,45,80,10,0.0,0,0,0,0.0,0.0,0,0,3,1,1,6,5,0,0,1,4,0.0,0.0,0,0,0,4,0.0,0,0,0,0,0,0,24,35,0,0,0,0,3,0,3,0,3,14,0,3,0,24,35,0,0,0,0,3,0,3,0,3,14,0,3,0,0,0,10,0,0,0,0,0,1,0,0,0,9,0,0,0,0,0,0,0,0
1139,L28108,ArcNetProvider$2,mindustry.net.ArcNetProvider$2,L10904,L103,C:\Users\domco\Desktop\DP\repos\Mindustry\core\src\mindustry\net\ArcNetProvider.java,90,45,134,10,0.0,0,0,0,0.0,0.0,0,0,3,1,1,5,5,0,0,2,5,0.0,0.0,0,0,0,4,0.0,0,0,0,0,0,0,28,45,0,0,0,0,3,0,3,0,3,19,0,3,0,28,45,0,0,0,0,3,0,3,0,3,19,0,3,0,0,0,10,0,0,0,0,0,1,0,0,0,9,0,0,0,0,0,0,0,0
1140,L26482,RepairBeamWeapon$HealBeamMount,mindustry.type.weapons.RepairBeamWeapon$HealBeamMount,L8502,L103,C:\Users\domco\Desktop\DP\repos\Mindustry\core\src\mindustry\type\weapons\RepairBeamWeapon.java,121,5,128,6,0.0,0,0,0,0.0,0.0,0,0,0,0,0,1,2,2,0,1,2,0.0,0.0,0,0,0,2,0.0,0,1,1,0,0,1,7,8,18,0,3,0,1,3,1,0,2,1,18,2,0,7,8,18,0,3,0,1,3,1,0,2,1,18,2,0,0,0,10,0,0,0,0,0,0,0,0,0,5,0,0,0,0,0,0,5,0
1141,L30800,FileChooser$FileHistory,mindustry.ui.dialogs.FileChooser$FileHistory,L142,L103,C:\Users\domco\Desktop\DP\repos\Mindustry\core\src\mindustry\ui\dialogs\FileChooser.java,262,5,299,6,0.0,0,0,0,0.0,0.0,0,0,1,1,1,10,1,1,1,2,8,0.0,0.0,0,0,0,7,0.0,0,0,0,0,0,0,31,38,2,0,2,0,6,0,6,0,6,18,0,6,0,31,38,2,0,2,0,6,0,6,0,6,18,0,6,0,0,0,15,0,8,0,0,4,0,0,0,3,15,1,0,0,0,0,0,0,0
1142,L22857,JoinDialog$Server,mindustry.ui.dialogs.JoinDialog$Server,L11304,L103,C:\Users\domco\Desktop\DP\repos\Mindustry\core\src\mindustry\ui\dialogs\JoinDialog.java,568,5,606,6,0.0,0,0,0,0.0,0.0,0,0,1,3,2,13,2,2,2,0,3,0.0,0.0,0,0,0,2,0.0,0,0,0,0,0,0,35,39,4,0,4,0,3,2,1,1,3,17,2,1,1,35,39,4,0,4,0,3,2,1,1,3,17,2,1,1,0,0,13,1,10,0,0,9,0,0,0,1,9,1,0,0,0,0,0,4,0
1143,L30966,KeybindDialog$KeybindDialogStyle,mindustry.ui.dialogs.KeybindDialog$KeybindDialogStyle,L11319,L103,C:\Users\domco\Desktop\DP\repos\Mindustry\core\src\mindustry\ui\dialogs\KeybindDialog.java,258,5,262,6,0.0,0,0,0,0.0,0.0,0,0,0,0,0,0,0,3,0,0,0,0.0,0.0,0,0,0,1,0.0,0,0,0,1,1,0,5,5,3,0,3,0,0,3,0,0,0,0,3,0,0,5,5,3,0,3,0,0,3,0,0,0,0,3,0,0,0,0,7,0,0,0,0,0,0,0,0,0,3,0,0,0,0,0,0,4,0
1144,L31536,ResearchDialog$LayoutNode,mindustry.ui.dialogs.ResearchDialog$LayoutNode,L11352,L103,C:\Users\domco\Desktop\DP\repos\Mindustry\core\src\mindustry\ui\dialogs\ResearchDialog.java,257,5,268,6,0.0,0,0,0,0.0,0.0,0,0,0,1,1,2,3,1,1,0,1,0.0,0.0,0,0,0,1,0.0,0,1,1,0,0,1,11,12,15,0,1,0,1,0,0,0,2,5,14,1,0,11,12,15,0,1,0,1,0,0,0,2,5,14,1,0,0,0,7,0,1,0,0,1,0,0,0,0,5,0,0,0,0,0,0,2,0
1145,L31477,ResearchDialog$TechTreeNode,mindustry.ui.dialogs.ResearchDialog$TechTreeNode,L11352,L103,C:\Users\domco\Desktop\DP\repos\Mindustry\core\src\mindustry\ui\dialogs\ResearchDialog.java,270,5,286,6,0.0,0,0,0,0.0,0.0,0,0,0,2,2,3,3,3,0,0,1,0.0,0.0,0,0,0,2,0.0,0,1,1,0,0,1,16,17,17,0,3,0,1,3,1,0,2,10,17,2,0,16,17,17,0,3,0,1,3,1,0,2,10,17,2,0,0,0,10,0,1,1,0,0,0,0,0,0,5,0,0,0,0,0,0,5,0
1146,L31487,ResearchDialog$View,mindustry.ui.dialogs.ResearchDialog$View,L11352,L103,C:\Users\domco\Desktop\DP\repos\Mindustry\core\src\mindustry\ui\dialogs\ResearchDialog.java,288,5,617,6,0.0,0,0,0,0.0,0.0,0,0,3,3,3,30,13,2,1,13,20,0.0,0.0588235,9,1,0,2,0.0588235,9,0,0,0,0,0,144,330,6,0,6,0,7,6,1,0,7,96,6,1,0,144,330,6,0,6,0,7,6,1,0,7,96,6,1,0,0,2,25,0,25,7,0,16,1,0,1,0,17,0,2,0,0,2,0,6,0
1147,L31727,SchematicsDialog$SchematicImage,mindustry.ui.dialogs.SchematicsDialog$SchematicImage,L11356,L103,C:\Users\domco\Desktop\DP\repos\Mindustry\core\src\mindustry\ui\dialogs\SchematicsDialog.java,639,5,700,6,0.0,0,0,0,0.0,0.0,0,0,1,2,1,10,4,1,1,2,5,0.0,0.0,0,0,0,3,0.0,0,0,0,0,0,0,53,62,6,0,6,0,3,3,2,1,3,33,3,2,1,53,62,6,0,6,0,3,3,2,1,3,33,3,2,1,0,0,14,0,2,0,0,1,0,0,0,1,9,0,0,0,0,0,0,5,0
1148,L31665,SchematicsDialog$SchematicInfoDialog,mindustry.ui.dialogs.SchematicsDialog$SchematicInfoDialog,L11356,L103,C:\Users\domco\Desktop\DP\repos\Mindustry\core\src\mindustry\ui\dialogs\SchematicsDialog.java,702,5,760,6,0.0,0,0,0,0.0,0.0,0,0,1,1,1,4,4,1,1,7,9,0.0,0.0,0,0,0,2,0.0,0,1,1,0,0,1,27,59,2,0,0,0,2,0,1,0,7,19,0,5,0,27,59,2,0,0,0,2,0,1,0,7,19,0,5,0,0,0,7,0,4,1,0,1,0,0,0,0,7,0,1,0,0,1,0,0,0
1149,L31756,SettingsMenuDialog$SettingsTable,mindustry.ui.dialogs.SettingsMenuDialog$SettingsTable,L11315,L103,C:\Users\domco\Desktop\DP\repos\Mindustry\core\src\mindustry\ui\dialogs\SettingsMenuDialog.java,552,5,790,6,0.0,0,0,0,0.0,0.0,0,0,1,1,1,13,6,6,2,5,17,0.0,0.0,0,0,0,13,0.0,0,0,0,0,0,0,61,85,1,1,1,1,12,0,12,0,12,32,0,12,0,174,239,13,1,13,1,24,3,23,1,34,90,3,33,1,0,0,86,0,0,0,0,0,0,0,0,0,69,0,0,0,0,0,0,17,0
1150,L31973,Fonts$1,mindustry.ui.Fonts$1,L11373,L103,C:\Users\domco\Desktop\DP\repos\Mindustry\core\src\mindustry\ui\Fonts.java,78,123,82,11,0.0,0,0,0,0.0,0.0,0,0,0,0,0,0,0,0,0,0,0,0.0,0.0,0,0,0,1,0.0,0,0,0,0,0,0,5,5,0,0,0,0,0,0,0,0,0,0,0,0,0,5,5,0,0,0,0,0,0,0,0,0,0,0,0,0,0,0,3,0,0,0,0,0,0,0,0,0,3,0,0,0,0,0,0,0,0
1151,L31975,Fonts$2,mindustry.ui.Fonts$2,L11373,L103,C:\Users\domco\Desktop\DP\repos\Mindustry\core\src\mindustry\ui\Fonts.java,83,128,89,11,0.0,0,0,0,0.0,0.0,0,0,0,0,0,0,0,0,0,0,0,0.0,0.0,0,0,0,1,0.0,0,0,0,0,0,0,7,7,0,0,0,0,0,0,0,0,0,0,0,0,0,7,7,0,0,0,0,0,0,0,0,0,0,0,0,0,0,0,3,0,0,0,0,0,0,0,0,0,3,0,0,0,0,0,0,0,0
1152,L31991,Fonts$3,mindustry.ui.Fonts$3,L3854,L103,C:\Users\domco\Desktop\DP\repos\Mindustry\core\src\mindustry\ui\Fonts.java,171,93,191,10,0.0,0,0,0,0.0,0.0,0,0,1,1,1,4,2,0,0,0,1,0.0,0.0,0,0,0,2,0.0,0,0,0,0,0,0,18,21,1,0,1,0,1,0,1,0,1,10,0,1,0,18,21,1,0,1,0,1,0,1,0,1,10,0,1,0,0,0,5,0,0,0,0,0,0,0,0,0,5,0,0,0,0,0,0,0,0
1153,L32000,Fonts$4,mindustry.ui.Fonts$4,L3854,L103,C:\Users\domco\Desktop\DP\repos\Mindustry\core\src\mindustry\ui\Fonts.java,193,66,197,11,0.0,0,0,0,0.0,0.0,0,0,0,0,0,0,0,0,0,0,0,0.0,0.0,0,0,0,1,0.0,0,0,0,0,0,0,5,5,0,0,0,0,0,0,0,0,0,0,0,0,0,5,5,0,0,0,0,0,0,0,0,0,0,0,0,0,0,0,3,0,0,0,0,0,0,0,0,0,3,0,0,0,0,0,0,0,0
1154,L32002,Fonts$5,mindustry.ui.Fonts$5,L3854,L103,C:\Users\domco\Desktop\DP\repos\Mindustry\core\src\mindustry\ui\Fonts.java,201,123,203,11,0.0,0,0,0,0.0,0.0,0,0,0,0,0,0,0,0,0,0,0,0.0,0.0,0,0,0,1,0.0,0,0,0,0,0,0,3,3,0,0,0,0,0,0,0,0,0,0,0,0,0,3,3,0,0,0,0,0,0,0,0,0,0,0,0,0,0,0,3,0,0,0,0,0,0,0,0,0,3,0,0,0,0,0,0,0,0
1155,L32010,Fonts$6,mindustry.ui.Fonts$6,L32007,L103,C:\Users\domco\Desktop\DP\repos\Mindustry\core\src\mindustry\ui\Fonts.java,252,130,279,10,0.0,0,0,0,0.0,0.0,0,0,3,0,0,3,0,0,0,0,3,0.0,0.0,0,0,0,4,0.0,0,0,0,0,0,0,26,28,0,0,0,0,3,0,3,0,3,17,0,3,0,26,28,0,0,0,0,3,0,3,0,3,17,0,3,0,0,0,11,0,0,0,0,0,1,0,0,0,9,0,0,0,0,0,0,1,0
1156,L32027,Fonts$7,mindustry.ui.Fonts$7,L31970,L103,C:\Users\domco\Desktop\DP\repos\Mindustry\core\src\mindustry\ui\Fonts.java,287,43,292,11,0.0,0,0,0,0.0,0.0,0,0,0,0,0,0,0,0,0,0,0,0.0,0.0,0,0,0,1,0.0,0,0,0,0,0,0,6,6,0,0,0,0,0,0,0,0,0,0,0,0,0,6,6,0,0,0,0,0,0,0,0,0,0,0,0,0,0,0,3,0,0,0,0,0,0,0,0,0,3,0,0,0,0,0,0,0,0
1157,L32141,ChatFragment$1,mindustry.ui.fragments.ChatFragment$1,L11258,L103,C:\Users\domco\Desktop\DP\repos\Mindustry\core\src\mindustry\ui\fragments\ChatFragment.java,40,48,45,6,0.0,0,0,0,0.0,0.0,0,0,1,0,0,1,1,0,0,0,1,0.0,0.0,0,0,0,2,0.0,0,1,1,0,0,1,6,6,0,0,0,0,1,0,1,0,1,1,0,1,0,6,6,0,0,0,0,1,0,1,0,1,1,0,1,0,0,0,5,0,0,0,0,0,0,0,0,0,5,0,0,0,0,0,0,0,0
1158,L32491,MenuFragment$Buttoni,mindustry.ui.fragments.MenuFragment$Buttoni,L11252,L103,C:\Users\domco\Desktop\DP\repos\Mindustry\core\src\mindustry\ui\fragments\MenuFragment.java,243,5,262,6,0.0,0,0,0,0.0,0.0,0,0,0,0,0,2,0,1,0,0,2,0.0,0.0,0,0,0,3,0.0,0,0,0,0,0,0,18,20,4,0,4,0,2,0,2,0,2,8,0,2,0,18,20,4,0,4,0,2,0,2,0,2,8,0,2,0,0,0,7,1,4,1,0,4,0,0,0,0,7,0,0,0,0,0,0,0,0
1159,L32692,ScriptConsoleFragment$1,mindustry.ui.fragments.ScriptConsoleFragment$1,L11262,L103,C:\Users\domco\Desktop\DP\repos\Mindustry\core\src\mindustry\ui\fragments\ScriptConsoleFragment.java,35,48,40,6,0.0,0,0,0,0.0,0.0,0,0,1,0,0,1,1,0,0,0,1,0.0,0.0,0,0,0,2,0.0,0,1,1,0,0,1,6,6,0,0,0,0,1,0,1,0,1,1,0,1,0,6,6,0,0,0,0,1,0,1,0,1,1,0,1,0,0,0,5,0,0,0,0,0,0,0,0,0,5,0,0,0,0,0,0,0,0
1160,L31611,TreeLayout$TreeNode<T extends TreeNode>,mindustry.ui.layout.TreeLayout$TreeNode,L32826,L103,C:\Users\domco\Desktop\DP\repos\Mindustry\core\src\mindustry\ui\layout\TreeLayout.java,6,5,21,6,0.0,0,0,0,0.0,0.0,0,0,1,0,0,2,0,8,5,0,1,0.0,0.153846,2,2,0,2,0.153846,2,0,0,2,2,0,11,16,14,0,14,0,1,14,1,0,1,1,14,1,0,11,16,14,0,14,0,1,14,1,0,1,1,14,1,0,0,0,11,0,4,4,0,0,0,0,0,0,5,0,0,0,0,0,0,6,0
1161,L33049,LiquidDisplay$1,mindustry.ui.LiquidDisplay$1,L33042,L103,C:\Users\domco\Desktop\DP\repos\Mindustry\core\src\mindustry\ui\LiquidDisplay.java,23,24,31,11,0.0,0,0,0,0.0,0.0,0,0,0,0,0,0,0,0,0,0,0,0.0,0.0,0,0,0,1,0.0,0,0,0,0,0,0,8,9,0,0,0,0,0,0,0,0,0,0,0,0,0,8,9,0,0,0,0,0,0,0,0,0,0,0,0,0,0,1,3,0,0,0,0,0,0,0,0,0,3,0,1,0,0,0,0,0,0
1162,L33138,Minimap$1,mindustry.ui.Minimap$1,L33137,L103,C:\Users\domco\Desktop\DP\repos\Mindustry\core\src\mindustry\ui\Minimap.java,20,26,46,10,0.0,0,0,0,0.0,0.0,0,0,2,1,1,5,3,0,0,3,5,0.0,0.0,0,0,0,3,0.0,0,0,0,0,0,0,21,27,0,0,0,0,2,0,2,0,2,11,0,2,0,21,27,0,0,0,0,2,0,2,0,2,11,0,2,0,0,1,8,0,2,0,0,2,1,0,0,0,7,0,1,0,0,0,0,0,0
1163,L33144,Minimap$2,mindustry.ui.Minimap$2,L33137,L103,C:\Users\domco\Desktop\DP\repos\Mindustry\core\src\mindustry\ui\Minimap.java,50,40,56,10,0.0,0,0,0,0.0,0.0,0,0,1,0,0,1,3,0,0,1,2,0.0,0.0,0,0,0,2,0.0,0,0,0,0,0,0,7,7,0,0,0,0,1,0,1,0,1,2,0,1,0,7,7,0,0,0,0,1,0,1,0,1,2,0,1,0,0,0,5,0,0,0,0,0,0,0,0,0,5,0,0,0,0,0,0,0,0
1164,L33151,Minimap$3,mindustry.ui.Minimap$3,L33137,L103,C:\Users\domco\Desktop\DP\repos\Mindustry\core\src\mindustry\ui\Minimap.java,58,40,92,10,0.0,0,0,0,0.0,0.0,0,0,3,1,1,6,6,0,0,4,7,0.0,0.0,0,0,0,4,0.0,0,0,0,0,0,0,31,35,0,0,0,0,3,0,3,0,3,13,0,3,0,31,35,0,0,0,0,3,0,3,0,3,13,0,3,0,0,1,10,0,0,0,0,0,1,0,0,0,9,0,1,0,0,0,0,0,0
1165,L33189,ReqImage$1,mindustry.ui.ReqImage$1,L33185,L103,C:\Users\domco\Desktop\DP\repos\Mindustry\core\src\mindustry\ui\ReqImage.java,16,26,29,10,0.0,0,0,0,0.0,0.0,0,0,1,0,0,1,1,0,0,0,1,0.0,0.0,0,0,0,2,0.0,0,0,0,0,0,0,13,14,0,0,0,0,1,0,1,0,1,5,0,1,0,13,14,0,0,0,0,1,0,1,0,1,5,0,1,0,0,1,5,0,0,0,0,0,0,0,0,0,5,0,1,0,0,0,0,0,0
1166,L33248,Styles$1,mindustry.ui.Styles$1,L11381,L103,C:\Users\domco\Desktop\DP\repos\Mindustry\core\src\mindustry\ui\Styles.java,55,37,60,11,1.0,1,1,1,1.0,1.0,6,6,0,0,0,0,0,0,0,0,0,0.0,0.0,0,0,0,1,0.0,0,0,0,0,0,0,6,6,0,0,0,0,0,0,0,0,0,0,0,0,0,6,6,0,0,0,0,0,0,0,0,0,0,0,0,0,0,1,8,0,0,0,5,0,0,0,0,0,3,0,1,0,0,0,0,0,0
1167,L33251,Styles$2,mindustry.ui.Styles$2,L11381,L103,C:\Users\domco\Desktop\DP\repos\Mindustry\core\src\mindustry\ui\Styles.java,62,34,66,11,1.0,2,2,2,1.0,1.0,5,5,0,0,0,0,0,0,0,0,0,0.0,0.0,0,0,0,1,0.0,0,0,0,0,0,0,5,5,0,0,0,0,0,0,0,0,0,0,0,0,0,5,5,0,0,0,0,0,0,0,0,0,0,0,0,0,0,1,8,0,0,0,5,0,0,0,0,0,3,0,1,0,0,0,0,0,0
1168,L33254,Styles$3,mindustry.ui.Styles$3,L11381,L103,C:\Users\domco\Desktop\DP\repos\Mindustry\core\src\mindustry\ui\Styles.java,68,39,73,11,1.0,2,2,2,1.0,1.0,6,6,0,0,0,0,0,0,0,0,0,0.0,0.0,0,0,0,1,0.0,0,0,0,0,0,0,6,6,0,0,0,0,0,0,0,0,0,0,0,0,0,6,6,0,0,0,0,0,0,0,0,0,0,0,0,0,0,1,8,0,0,0,5,0,0,0,0,0,3,0,1,0,0,0,0,0,0
1169,L33257,Styles$4,mindustry.ui.Styles$4,L11381,L103,C:\Users\domco\Desktop\DP\repos\Mindustry\core\src\mindustry\ui\Styles.java,75,34,79,11,1.0,1,1,1,1.0,1.0,5,5,0,0,0,0,0,0,0,0,0,0.0,0.0,0,0,0,1,0.0,0,0,0,0,0,0,5,5,0,0,0,0,0,0,0,0,0,0,0,0,0,5,5,0,0,0,0,0,0,0,0,0,0,0,0,0,0,1,8,0,0,0,5,0,0,0,0,0,3,0,1,0,0,0,0,0,0
1170,L33259,Styles$5,mindustry.ui.Styles$5,L11381,L103,C:\Users\domco\Desktop\DP\repos\Mindustry\core\src\mindustry\ui\Styles.java,81,41,89,11,0.0,0,0,0,0.0,0.0,0,0,0,0,0,0,0,0,0,0,0,0.0,0.0,0,0,0,1,0.0,0,0,0,0,0,0,9,9,0,0,0,0,0,0,0,0,0,0,0,0,0,9,9,0,0,0,0,0,0,0,0,0,0,0,0,0,0,1,3,0,0,0,0,0,0,0,0,0,3,0,1,0,0,0,0,0,0
1171,L33262,Styles$6,mindustry.ui.Styles$6,L11381,L103,C:\Users\domco\Desktop\DP\repos\Mindustry\core\src\mindustry\ui\Styles.java,90,40,98,11,0.0,0,0,0,0.0,0.0,0,0,0,0,0,0,0,0,0,0,0,0.0,0.0,0,0,0,1,0.0,0,0,0,0,0,0,9,9,0,0,0,0,0,0,0,0,0,0,0,0,0,9,9,0,0,0,0,0,0,0,0,0,0,0,0,0,0,1,3,0,0,0,0,0,0,0,0,0,3,0,1,0,0,0,0,0,0
1172,L33265,Styles$7,mindustry.ui.Styles$7,L11381,L103,C:\Users\domco\Desktop\DP\repos\Mindustry\core\src\mindustry\ui\Styles.java,99,38,106,11,0.0,0,0,0,0.0,0.0,0,0,0,0,0,0,0,0,0,0,0,0.0,0.0,0,0,0,1,0.0,0,0,0,0,0,0,8,8,0,0,0,0,0,0,0,0,0,0,0,0,0,8,8,0,0,0,0,0,0,0,0,0,0,0,0,0,0,1,3,0,0,0,0,0,0,0,0,0,3,0,1,0,0,0,0,0,0
1173,L33268,Styles$8,mindustry.ui.Styles$8,L11381,L103,C:\Users\domco\Desktop\DP\repos\Mindustry\core\src\mindustry\ui\Styles.java,107,38,113,11,0.0,0,0,0,0.0,0.0,0,0,0,0,0,0,0,0,0,0,0,0.0,0.0,0,0,0,1,0.0,0,0,0,0,0,0,7,7,0,0,0,0,0,0,0,0,0,0,0,0,0,7,7,0,0,0,0,0,0,0,0,0,0,0,0,0,0,1,3,0,0,0,0,0,0,0,0,0,3,0,1,0,0,0,0,0,0
1174,L33270,Styles$9,mindustry.ui.Styles$9,L11381,L103,C:\Users\domco\Desktop\DP\repos\Mindustry\core\src\mindustry\ui\Styles.java,114,39,121,11,0.0,0,0,0,0.0,0.0,0,0,0,0,0,0,0,0,0,0,0,0.0,0.0,0,0,0,1,0.0,0,0,0,0,0,0,8,8,0,0,0,0,0,0,0,0,0,0,0,0,0,8,8,0,0,0,0,0,0,0,0,0,0,0,0,0,0,1,3,0,0,0,0,0,0,0,0,0,3,0,1,0,0,0,0,0,0
1175,L33272,Styles$10,mindustry.ui.Styles$10,L11381,L103,C:\Users\domco\Desktop\DP\repos\Mindustry\core\src\mindustry\ui\Styles.java,122,39,129,11,0.0,0,0,0,0.0,0.0,0,0,0,0,0,0,0,0,0,0,0,0.0,0.0,0,0,0,1,0.0,0,0,0,0,0,0,8,8,0,0,0,0,0,0,0,0,0,0,0,0,0,8,8,0,0,0,0,0,0,0,0,0,0,0,0,0,0,1,3,0,0,0,0,0,0,0,0,0,3,0,1,0,0,0,0,0,0
1176,L33275,Styles$11,mindustry.ui.Styles$11,L11381,L103,C:\Users\domco\Desktop\DP\repos\Mindustry\core\src\mindustry\ui\Styles.java,130,41,134,11,0.0,0,0,0,0.0,0.0,0,0,0,0,0,0,0,0,0,0,0,0.0,0.0,0,0,0,1,0.0,0,0,0,0,0,0,5,5,0,0,0,0,0,0,0,0,0,0,0,0,0,5,5,0,0,0,0,0,0,0,0,0,0,0,0,0,0,1,3,0,0,0,0,0,0,0,0,0,3,0,1,0,0,0,0,0,0
1177,L33278,Styles$12,mindustry.ui.Styles$12,L11381,L103,C:\Users\domco\Desktop\DP\repos\Mindustry\core\src\mindustry\ui\Styles.java,135,38,139,11,0.0,0,0,0,0.0,0.0,0,0,0,0,0,0,0,0,0,0,0,0.0,0.0,0,0,0,1,0.0,0,0,0,0,0,0,5,5,0,0,0,0,0,0,0,0,0,0,0,0,0,5,5,0,0,0,0,0,0,0,0,0,0,0,0,0,0,1,3,0,0,0,0,0,0,0,0,0,3,0,1,0,0,0,0,0,0
1178,L33281,Styles$13,mindustry.ui.Styles$13,L11381,L103,C:\Users\domco\Desktop\DP\repos\Mindustry\core\src\mindustry\ui\Styles.java,140,46,147,11,0.0,0,0,0,0.0,0.0,0,0,0,0,0,0,0,0,0,0,0,0.0,0.0,0,0,0,1,0.0,0,0,0,0,0,0,8,8,0,0,0,0,0,0,0,0,0,0,0,0,0,8,8,0,0,0,0,0,0,0,0,0,0,0,0,0,0,1,3,0,0,0,0,0,0,0,0,0,3,0,1,0,0,0,0,0,0
1179,L33283,Styles$14,mindustry.ui.Styles$14,L11381,L103,C:\Users\domco\Desktop\DP\repos\Mindustry\core\src\mindustry\ui\Styles.java,148,39,155,11,0.0,0,0,0,0.0,0.0,0,0,0,0,0,0,0,0,0,0,0,0.0,0.0,0,0,0,1,0.0,0,0,0,0,0,0,8,8,0,0,0,0,0,0,0,0,0,0,0,0,0,8,8,0,0,0,0,0,0,0,0,0,0,0,0,0,0,1,3,0,0,0,0,0,0,0,0,0,3,0,1,0,0,0,0,0,0
1180,L33285,Styles$15,mindustry.ui.Styles$15,L11381,L103,C:\Users\domco\Desktop\DP\repos\Mindustry\core\src\mindustry\ui\Styles.java,156,45,165,11,1.0,3,3,3,1.0,1.0,10,10,0,0,0,0,0,0,0,0,0,0.0,0.0,0,0,0,1,0.0,0,0,0,0,0,0,10,10,0,0,0,0,0,0,0,0,0,0,0,0,0,10,10,0,0,0,0,0,0,0,0,0,0,0,0,0,0,1,8,0,0,0,5,0,0,0,0,0,3,0,1,0,0,0,0,0,0
1181,L33288,Styles$16,mindustry.ui.Styles$16,L11381,L103,C:\Users\domco\Desktop\DP\repos\Mindustry\core\src\mindustry\ui\Styles.java,166,45,175,11,1.0,3,3,3,1.0,1.0,10,10,0,0,0,0,0,0,0,0,0,0.0,0.0,0,0,0,1,0.0,0,0,0,0,0,0,10,10,0,0,0,0,0,0,0,0,0,0,0,0,0,10,10,0,0,0,0,0,0,0,0,0,0,0,0,0,0,1,8,0,0,0,5,0,0,0,0,0,3,0,1,0,0,0,0,0,0
1182,L33290,Styles$17,mindustry.ui.Styles$17,L11381,L103,C:\Users\domco\Desktop\DP\repos\Mindustry\core\src\mindustry\ui\Styles.java,176,49,185,11,1.0,3,3,3,1.0,1.0,10,10,0,0,0,0,0,0,0,0,0,0.0,0.0,0,0,0,1,0.0,0,0,0,0,0,0,10,10,0,0,0,0,0,0,0,0,0,0,0,0,0,10,10,0,0,0,0,0,0,0,0,0,0,0,0,0,0,1,8,0,0,0,5,0,0,0,0,0,3,0,1,0,0,0,0,0,0
1183,L33292,Styles$18,mindustry.ui.Styles$18,L11381,L103,C:\Users\domco\Desktop\DP\repos\Mindustry\core\src\mindustry\ui\Styles.java,186,40,195,11,1.0,3,3,3,1.0,1.0,10,10,0,0,0,0,0,0,0,0,0,0.0,0.0,0,0,0,1,0.0,0,0,0,0,0,0,10,10,0,0,0,0,0,0,0,0,0,0,0,0,0,10,10,0,0,0,0,0,0,0,0,0,0,0,0,0,0,1,8,0,0,0,5,0,0,0,0,0,3,0,1,0,0,0,0,0,0
1184,L33295,Styles$19,mindustry.ui.Styles$19,L11381,L103,C:\Users\domco\Desktop\DP\repos\Mindustry\core\src\mindustry\ui\Styles.java,196,44,205,11,1.0,3,3,3,1.0,1.0,10,10,0,0,0,0,0,0,0,0,0,0.0,0.0,0,0,0,1,0.0,0,0,0,0,0,0,10,10,0,0,0,0,0,0,0,0,0,0,0,0,0,10,10,0,0,0,0,0,0,0,0,0,0,0,0,0,0,1,8,0,0,0,5,0,0,0,0,0,3,0,1,0,0,0,0,0,0
1185,L33298,Styles$20,mindustry.ui.Styles$20,L11381,L103,C:\Users\domco\Desktop\DP\repos\Mindustry\core\src\mindustry\ui\Styles.java,206,46,215,11,1.0,3,3,3,1.0,1.0,10,10,0,0,0,0,0,0,0,0,0,0.0,0.0,0,0,0,1,0.0,0,0,0,0,0,0,10,10,0,0,0,0,0,0,0,0,0,0,0,0,0,10,10,0,0,0,0,0,0,0,0,0,0,0,0,0,0,1,8,0,0,0,5,0,0,0,0,0,3,0,1,0,0,0,0,0,0
1186,L33301,Styles$21,mindustry.ui.Styles$21,L11381,L103,C:\Users\domco\Desktop\DP\repos\Mindustry\core\src\mindustry\ui\Styles.java,216,42,223,11,0.0,0,0,0,0.0,0.0,0,0,0,0,0,0,0,0,0,0,0,0.0,0.0,0,0,0,1,0.0,0,0,0,0,0,0,8,8,0,0,0,0,0,0,0,0,0,0,0,0,0,8,8,0,0,0,0,0,0,0,0,0,0,0,0,0,0,1,3,0,0,0,0,0,0,0,0,0,3,0,1,0,0,0,0,0,0
1187,L33303,Styles$22,mindustry.ui.Styles$22,L11381,L103,C:\Users\domco\Desktop\DP\repos\Mindustry\core\src\mindustry\ui\Styles.java,224,39,227,11,0.0,0,0,0,0.0,0.0,0,0,0,0,0,0,0,0,0,0,0,0.0,0.0,0,0,0,1,0.0,0,0,0,0,0,0,4,4,0,0,0,0,0,0,0,0,0,0,0,0,0,4,4,0,0,0,0,0,0,0,0,0,0,0,0,0,0,1,3,0,0,0,0,0,0,0,0,0,3,0,1,0,0,0,0,0,0
1188,L33306,Styles$23,mindustry.ui.Styles$23,L11381,L103,C:\Users\domco\Desktop\DP\repos\Mindustry\core\src\mindustry\ui\Styles.java,228,40,235,11,0.0,0,0,0,0.0,0.0,0,0,0,0,0,0,0,0,0,0,0,0.0,0.0,0,0,0,1,0.0,0,0,0,0,0,0,8,8,0,0,0,0,0,0,0,0,0,0,0,0,0,8,8,0,0,0,0,0,0,0,0,0,0,0,0,0,0,1,3,0,0,0,0,0,0,0,0,0,3,0,1,0,0,0,0,0,0
1189,L33308,Styles$24,mindustry.ui.Styles$24,L11381,L103,C:\Users\domco\Desktop\DP\repos\Mindustry\core\src\mindustry\ui\Styles.java,236,40,240,11,0.0,0,0,0,0.0,0.0,0,0,0,0,0,0,0,0,0,0,0,0.0,0.0,0,0,0,1,0.0,0,0,0,0,0,0,5,5,0,0,0,0,0,0,0,0,0,0,0,0,0,5,5,0,0,0,0,0,0,0,0,0,0,0,0,0,0,1,3,0,0,0,0,0,0,0,0,0,3,0,1,0,0,0,0,0,0
1190,L33310,Styles$25,mindustry.ui.Styles$25,L11381,L103,C:\Users\domco\Desktop\DP\repos\Mindustry\core\src\mindustry\ui\Styles.java,241,46,245,11,0.0,0,0,0,0.0,0.0,0,0,0,0,0,0,0,0,0,0,0,0.0,0.0,0,0,0,1,0.0,0,0,0,0,0,0,5,5,0,0,0,0,0,0,0,0,0,0,0,0,0,5,5,0,0,0,0,0,0,0,0,0,0,0,0,0,0,1,3,0,0,0,0,0,0,0,0,0,3,0,1,0,0,0,0,0,0
1191,L33313,Styles$26,mindustry.ui.Styles$26,L11381,L103,C:\Users\domco\Desktop\DP\repos\Mindustry\core\src\mindustry\ui\Styles.java,246,41,249,11,0.0,0,0,0,0.0,0.0,0,0,0,0,0,0,0,0,0,0,0,0.0,0.0,0,0,0,1,0.0,0,0,0,0,0,0,4,4,0,0,0,0,0,0,0,0,0,0,0,0,0,4,4,0,0,0,0,0,0,0,0,0,0,0,0,0,0,1,3,0,0,0,0,0,0,0,0,0,3,0,1,0,0,0,0,0,0
1192,L33316,Styles$27,mindustry.ui.Styles$27,L11381,L103,C:\Users\domco\Desktop\DP\repos\Mindustry\core\src\mindustry\ui\Styles.java,250,40,253,11,0.0,0,0,0,0.0,0.0,0,0,0,0,0,0,0,0,0,0,0,0.0,0.0,0,0,0,1,0.0,0,0,0,0,0,0,3,4,0,0,0,0,0,0,0,0,0,0,0,0,0,3,4,0,0,0,0,0,0,0,0,0,0,0,0,0,0,1,3,0,0,0,0,0,0,0,0,0,3,0,1,0,0,0,0,0,0
1193,L33319,Styles$28,mindustry.ui.Styles$28,L11381,L103,C:\Users\domco\Desktop\DP\repos\Mindustry\core\src\mindustry\ui\Styles.java,254,38,257,11,0.0,0,0,0,0.0,0.0,0,0,0,0,0,0,0,0,0,0,0,0.0,0.0,0,0,0,1,0.0,0,0,0,0,0,0,4,4,0,0,0,0,0,0,0,0,0,0,0,0,0,4,4,0,0,0,0,0,0,0,0,0,0,0,0,0,0,1,3,0,0,0,0,0,0,0,0,0,3,0,1,0,0,0,0,0,0
1194,L33321,Styles$29,mindustry.ui.Styles$29,L11381,L103,C:\Users\domco\Desktop\DP\repos\Mindustry\core\src\mindustry\ui\Styles.java,258,40,261,11,0.0,0,0,0,0.0,0.0,0,0,0,0,0,0,0,0,0,0,0,0.0,0.0,0,0,0,1,0.0,0,0,0,0,0,0,3,4,0,0,0,0,0,0,0,0,0,0,0,0,0,3,4,0,0,0,0,0,0,0,0,0,0,0,0,0,0,1,3,0,0,0,0,0,0,0,0,0,3,0,1,0,0,0,0,0,0
1195,L33324,Styles$30,mindustry.ui.Styles$30,L11381,L103,C:\Users\domco\Desktop\DP\repos\Mindustry\core\src\mindustry\ui\Styles.java,262,41,266,11,0.0,0,0,0,0.0,0.0,0,0,0,0,0,0,0,0,0,0,0,0.0,0.0,0,0,0,1,0.0,0,0,0,0,0,0,4,5,0,0,0,0,0,0,0,0,0,0,0,0,0,4,5,0,0,0,0,0,0,0,0,0,0,0,0,0,0,1,3,0,0,0,0,0,0,0,0,0,3,0,1,0,0,0,0,0,0
1196,L33327,Styles$31,mindustry.ui.Styles$31,L11381,L103,C:\Users\domco\Desktop\DP\repos\Mindustry\core\src\mindustry\ui\Styles.java,267,40,271,11,0.0,0,0,0,0.0,0.0,0,0,0,0,0,0,0,0,0,0,0,0.0,0.0,0,0,0,1,0.0,0,0,0,0,0,0,5,5,0,0,0,0,0,0,0,0,0,0,0,0,0,5,5,0,0,0,0,0,0,0,0,0,0,0,0,0,0,1,3,0,0,0,0,0,0,0,0,0,3,0,1,0,0,0,0,0,0
1197,L33330,Styles$32,mindustry.ui.Styles$32,L11381,L103,C:\Users\domco\Desktop\DP\repos\Mindustry\core\src\mindustry\ui\Styles.java,272,44,276,11,0.0,0,0,0,0.0,0.0,0,0,0,0,0,0,0,0,0,0,0,0.0,0.0,0,0,0,1,0.0,0,0,0,0,0,0,5,5,0,0,0,0,0,0,0,0,0,0,0,0,0,5,5,0,0,0,0,0,0,0,0,0,0,0,0,0,0,1,3,0,0,0,0,0,0,0,0,0,3,0,1,0,0,0,0,0,0
1198,L33332,Styles$33,mindustry.ui.Styles$33,L11381,L103,C:\Users\domco\Desktop\DP\repos\Mindustry\core\src\mindustry\ui\Styles.java,277,47,284,11,0.0,0,0,0,0.0,0.0,0,0,0,0,0,0,0,0,0,0,0,0.0,0.0,0,0,0,1,0.0,0,0,0,0,0,0,8,8,0,0,0,0,0,0,0,0,0,0,0,0,0,8,8,0,0,0,0,0,0,0,0,0,0,0,0,0,0,1,3,0,0,0,0,0,0,0,0,0,3,0,1,0,0,0,0,0,0
1199,L33335,Styles$34,mindustry.ui.Styles$34,L11381,L103,C:\Users\domco\Desktop\DP\repos\Mindustry\core\src\mindustry\ui\Styles.java,285,48,289,11,1.0,1,1,1,1.0,1.0,5,5,0,0,0,0,0,0,0,0,0,0.0,0.0,0,0,0,1,0.0,0,0,0,0,0,0,5,5,0,0,0,0,0,0,0,0,0,0,0,0,0,5,5,0,0,0,0,0,0,0,0,0,0,0,0,0,0,1,8,0,0,0,5,0,0,0,0,0,3,0,1,0,0,0,0,0,0
1200,L33337,Styles$35,mindustry.ui.Styles$35,L11381,L103,C:\Users\domco\Desktop\DP\repos\Mindustry\core\src\mindustry\ui\Styles.java,290,46,295,11,1.0,1,1,1,1.0,1.0,6,6,0,0,0,0,0,0,0,0,0,0.0,0.0,0,0,0,1,0.0,0,0,0,0,0,0,6,6,0,0,0,0,0,0,0,0,0,0,0,0,0,6,6,0,0,0,0,0,0,0,0,0,0,0,0,0,0,1,8,0,0,0,5,0,0,0,0,0,3,0,1,0,0,0,0,0,0
1201,L33340,Styles$36,mindustry.ui.Styles$36,L11381,L103,C:\Users\domco\Desktop\DP\repos\Mindustry\core\src\mindustry\ui\Styles.java,296,45,303,11,0.0,0,0,0,0.0,0.0,0,0,0,0,0,0,0,0,0,0,0,0.0,0.0,0,0,0,1,0.0,0,0,0,0,0,0,8,8,0,0,0,0,0,0,0,0,0,0,0,0,0,8,8,0,0,0,0,0,0,0,0,0,0,0,0,0,0,1,3,0,0,0,0,0,0,0,0,0,3,0,1,0,0,0,0,0,0
1202,L33343,Styles$37,mindustry.ui.Styles$37,L11381,L103,C:\Users\domco\Desktop\DP\repos\Mindustry\core\src\mindustry\ui\Styles.java,304,51,309,11,0.0,0,0,0,0.0,0.0,0,0,0,0,0,0,0,0,0,0,0,0.0,0.0,0,0,0,1,0.0,0,0,0,0,0,0,6,6,0,0,0,0,0,0,0,0,0,0,0,0,0,6,6,0,0,0,0,0,0,0,0,0,0,0,0,0,0,1,3,0,0,0,0,0,0,0,0,0,3,0,1,0,0,0,0,0,0
1203,L33345,Styles$38,mindustry.ui.Styles$38,L11381,L103,C:\Users\domco\Desktop\DP\repos\Mindustry\core\src\mindustry\ui\Styles.java,310,53,315,11,1.0,1,1,1,1.0,1.0,6,6,0,0,0,0,0,0,0,0,0,0.0,0.0,0,0,0,1,0.0,0,0,0,0,0,0,6,6,0,0,0,0,0,0,0,0,0,0,0,0,0,6,6,0,0,0,0,0,0,0,0,0,0,0,0,0,0,1,8,0,0,0,5,0,0,0,0,0,3,0,1,0,0,0,0,0,0
1204,L33348,Styles$39,mindustry.ui.Styles$39,L11381,L103,C:\Users\domco\Desktop\DP\repos\Mindustry\core\src\mindustry\ui\Styles.java,317,44,320,11,1.0,1,1,1,1.0,1.0,4,4,0,0,0,0,0,0,0,0,0,0.0,0.0,0,0,0,1,0.0,0,0,0,0,0,0,4,4,0,0,0,0,0,0,0,0,0,0,0,0,0,4,4,0,0,0,0,0,0,0,0,0,0,0,0,0,0,1,8,0,0,0,5,0,0,0,0,0,3,0,1,0,0,0,0,0,0
1205,L33350,Styles$40,mindustry.ui.Styles$40,L11381,L103,C:\Users\domco\Desktop\DP\repos\Mindustry\core\src\mindustry\ui\Styles.java,321,47,326,11,1.0,1,1,1,1.0,1.0,6,6,0,0,0,0,0,0,0,0,0,0.0,0.0,0,0,0,1,0.0,0,0,0,0,0,0,6,6,0,0,0,0,0,0,0,0,0,0,0,0,0,6,6,0,0,0,0,0,0,0,0,0,0,0,0,0,0,1,8,0,0,0,5,0,0,0,0,0,3,0,1,0,0,0,0,0,0
1206,L33353,Styles$41,mindustry.ui.Styles$41,L11381,L103,C:\Users\domco\Desktop\DP\repos\Mindustry\core\src\mindustry\ui\Styles.java,327,42,330,11,1.0,1,1,1,1.0,1.0,4,4,0,0,0,0,0,0,0,0,0,0.0,0.0,0,0,0,1,0.0,0,0,0,0,0,0,4,4,0,0,0,0,0,0,0,0,0,0,0,0,0,4,4,0,0,0,0,0,0,0,0,0,0,0,0,0,0,1,8,0,0,0,5,0,0,0,0,0,3,0,1,0,0,0,0,0,0
1207,L33359,Styles$42,mindustry.ui.Styles$42,L11381,L103,C:\Users\domco\Desktop\DP\repos\Mindustry\core\src\mindustry\ui\Styles.java,333,70,337,11,0.0,0,0,0,0.0,0.0,0,0,0,0,0,0,2,0,0,0,0,0.0,0.0,0,0,0,1,0.0,0,1,1,0,0,1,5,5,3,0,0,0,0,0,0,0,0,0,3,0,0,5,5,3,0,0,0,0,0,0,0,0,0,3,0,0,0,1,5,0,0,0,0,0,0,0,0,0,3,0,1,0,0,0,0,2,0
1208,L33364,Styles$43,mindustry.ui.Styles$43,L11381,L103,C:\Users\domco\Desktop\DP\repos\Mindustry\core\src\mindustry\ui\Styles.java,339,42,344,11,0.0,0,0,0,0.0,0.0,0,0,0,0,0,0,0,0,0,0,0,0.0,0.0,0,0,0,1,0.0,0,0,0,0,0,0,6,6,0,0,0,0,0,0,0,0,0,0,0,0,0,6,6,0,0,0,0,0,0,0,0,0,0,0,0,0,0,1,3,0,0,0,0,0,0,0,0,0,3,0,1,0,0,0,0,0,0
1209,L33366,Styles$44,mindustry.ui.Styles$44,L11381,L103,C:\Users\domco\Desktop\DP\repos\Mindustry\core\src\mindustry\ui\Styles.java,346,40,349,11,0.0,0,0,0,0.0,0.0,0,0,0,0,0,0,0,0,0,0,0,0.0,0.0,0,0,0,1,0.0,0,0,0,0,0,0,4,4,0,0,0,0,0,0,0,0,0,0,0,0,0,4,4,0,0,0,0,0,0,0,0,0,0,0,0,0,0,1,3,0,0,0,0,0,0,0,0,0,3,0,1,0,0,0,0,0,0
1210,L33368,Styles$45,mindustry.ui.Styles$45,L11381,L103,C:\Users\domco\Desktop\DP\repos\Mindustry\core\src\mindustry\ui\Styles.java,350,40,353,11,0.0,0,0,0,0.0,0.0,0,0,0,0,0,0,0,0,0,0,0,0.0,0.0,0,0,0,1,0.0,0,0,0,0,0,0,4,4,0,0,0,0,0,0,0,0,0,0,0,0,0,4,4,0,0,0,0,0,0,0,0,0,0,0,0,0,0,1,3,0,0,0,0,0,0,0,0,0,3,0,1,0,0,0,0,0,0
1211,L33370,Styles$46,mindustry.ui.Styles$46,L11381,L103,C:\Users\domco\Desktop\DP\repos\Mindustry\core\src\mindustry\ui\Styles.java,354,37,357,11,0.0,0,0,0,0.0,0.0,0,0,0,0,0,0,0,0,0,0,0,0.0,0.0,0,0,0,1,0.0,0,0,0,0,0,0,4,4,0,0,0,0,0,0,0,0,0,0,0,0,0,4,4,0,0,0,0,0,0,0,0,0,0,0,0,0,0,1,3,0,0,0,0,0,0,0,0,0,3,0,1,0,0,0,0,0,0
1212,L33373,Styles$47,mindustry.ui.Styles$47,L11381,L103,C:\Users\domco\Desktop\DP\repos\Mindustry\core\src\mindustry\ui\Styles.java,359,44,370,11,1.0,1,1,1,1.0,1.0,12,12,0,0,0,0,0,0,0,0,0,0.0,0.0,0,0,0,1,0.0,0,0,0,0,0,0,12,12,0,0,0,0,0,0,0,0,0,0,0,0,0,12,12,0,0,0,0,0,0,0,0,0,0,0,0,0,0,1,8,0,2,0,5,2,0,0,0,0,3,0,1,0,0,0,0,0,0
1213,L33375,Styles$48,mindustry.ui.Styles$48,L11381,L103,C:\Users\domco\Desktop\DP\repos\Mindustry\core\src\mindustry\ui\Styles.java,372,41,383,11,1.0,1,1,1,1.0,1.0,12,12,0,0,0,0,0,0,0,0,0,0.0,0.0,0,0,0,1,0.0,0,0,0,0,0,0,12,12,0,0,0,0,0,0,0,0,0,0,0,0,0,12,12,0,0,0,0,0,0,0,0,0,0,0,0,0,0,1,8,0,2,0,5,2,0,0,0,0,3,0,1,0,0,0,0,0,0
1214,L33378,Styles$49,mindustry.ui.Styles$49,L11381,L103,C:\Users\domco\Desktop\DP\repos\Mindustry\core\src\mindustry\ui\Styles.java,385,41,394,11,1.0,1,1,1,1.0,1.0,10,10,0,0,0,0,0,0,0,0,0,0.0,0.0,0,0,0,1,0.0,0,0,0,0,0,0,10,10,0,0,0,0,0,0,0,0,0,0,0,0,0,10,10,0,0,0,0,0,0,0,0,0,0,0,0,0,0,1,8,0,2,0,5,2,0,0,0,0,3,0,1,0,0,0,0,0,0
1215,L33380,Styles$50,mindustry.ui.Styles$50,L11381,L103,C:\Users\domco\Desktop\DP\repos\Mindustry\core\src\mindustry\ui\Styles.java,396,40,405,11,1.0,1,1,1,1.0,1.0,10,10,0,0,0,0,0,0,0,0,0,0.0,0.0,0,0,0,1,0.0,0,0,0,0,0,0,10,10,0,0,0,0,0,0,0,0,0,0,0,0,0,10,10,0,0,0,0,0,0,0,0,0,0,0,0,0,0,1,8,0,2,0,5,2,0,0,0,0,3,0,1,0,0,0,0,0,0
1216,L33383,Styles$51,mindustry.ui.Styles$51,L11381,L103,C:\Users\domco\Desktop\DP\repos\Mindustry\core\src\mindustry\ui\Styles.java,407,43,417,11,0.0,0,0,0,0.0,0.0,0,0,0,0,0,0,0,0,0,0,0,0.0,0.0,0,0,0,1,0.0,0,0,0,0,0,0,11,11,0,0,0,0,0,0,0,0,0,0,0,0,0,11,11,0,0,0,0,0,0,0,0,0,0,0,0,0,0,1,3,0,0,0,0,0,0,0,0,0,3,0,1,0,0,0,0,0,0
1217,L33386,Styles$52,mindustry.ui.Styles$52,L11381,L103,C:\Users\domco\Desktop\DP\repos\Mindustry\core\src\mindustry\ui\Styles.java,419,42,424,11,0.0,0,0,0,0.0,0.0,0,0,0,0,0,0,0,0,0,0,0,0.0,0.0,0,0,0,1,0.0,0,0,0,0,0,0,6,6,0,0,0,0,0,0,0,0,0,0,0,0,0,6,6,0,0,0,0,0,0,0,0,0,0,0,0,0,0,1,3,0,0,0,0,0,0,0,0,0,3,0,1,0,0,0,0,0,0
1218,L33388,Styles$53,mindustry.ui.Styles$53,L11381,L103,C:\Users\domco\Desktop\DP\repos\Mindustry\core\src\mindustry\ui\Styles.java,425,39,430,11,0.0,0,0,0,0.0,0.0,0,0,0,0,0,0,0,0,0,0,0,0.0,0.0,0,0,0,1,0.0,0,0,0,0,0,0,6,6,0,0,0,0,0,0,0,0,0,0,0,0,0,6,6,0,0,0,0,0,0,0,0,0,0,0,0,0,0,1,3,0,0,0,0,0,0,0,0,0,3,0,1,0,0,0,0,0,0
1219,L33391,Styles$54,mindustry.ui.Styles$54,L11381,L103,C:\Users\domco\Desktop\DP\repos\Mindustry\core\src\mindustry\ui\Styles.java,432,38,437,11,0.0,0,0,0,0.0,0.0,0,0,0,0,0,0,0,0,0,0,0,0.0,0.0,0,0,0,1,0.0,0,0,0,0,0,0,6,6,0,0,0,0,0,0,0,0,0,0,0,0,0,6,6,0,0,0,0,0,0,0,0,0,0,0,0,0,0,1,3,0,0,0,0,0,0,0,0,0,3,0,1,0,0,0,0,0,0
1220,L33393,Styles$55,mindustry.ui.Styles$55,L33244,L103,C:\Users\domco\Desktop\DP\repos\Mindustry\core\src\mindustry\ui\Styles.java,444,134,449,10,0.0,0,0,0,0.0,0.0,0,0,0,0,0,4,0,0,0,0,4,0.0,0.0,0,0,0,5,0.0,0,0,0,0,0,0,6,6,0,4,0,4,4,0,4,0,4,4,0,4,0,6,6,0,4,0,4,4,0,4,0,4,4,0,4,0,0,0,11,0,0,0,0,0,0,0,0,0,11,0,0,0,0,0,0,0,0
1221,L26494,Autotiler$AutotilerHolder,mindustry.world.blocks.Autotiler$AutotilerHolder,L26491,L103,C:\Users\domco\Desktop\DP\repos\Mindustry\core\src\mindustry\world\blocks\Autotiler.java,18,5,21,6,0.0,0,0,0,0.0,0.0,0,0,0,0,0,0,1,2,0,0,0,1.0,0.428571,3,3,1,0,0.428571,3,0,0,0,0,0,4,4,2,0,2,0,0,0,0,0,0,0,0,0,0,4,4,2,0,2,0,0,0,0,0,0,0,0,0,0,0,0,0,0,0,0,0,0,0,0,0,0,0,0,0,0,0,0,0,0,0
1222,L6775,Accelerator,mindustry.world.blocks.campaign.Accelerator,L34136,L103,C:\Users\domco\Desktop\DP\repos\Mindustry\core\src\mindustry\world\blocks\campaign\Accelerator.java,20,1,134,2,0.0,0,0,0,0.0,0.0,0,0,2,1,1,4,6,4,0,4,7,0.0,0.0,0,0,0,4,0.0217391,2,4,4,1,1,1,28,33,145,8,3,0,3,3,3,0,110,14,138,108,3,90,115,147,10,5,2,9,5,9,0,116,57,140,114,3,0,0,41,1,3,1,0,2,2,0,1,0,24,0,1,0,0,0,0,14,0
1223,L6760,LaunchPad,mindustry.world.blocks.campaign.LaunchPad,L34136,L103,C:\Users\domco\Desktop\DP\repos\Mindustry\core\src\mindustry\world\blocks\campaign\LaunchPad.java,29,1,282,2,0.0572451,1,1,1,0.0393701,0.0378378,10,7,1,0,0,4,7,5,0,5,9,0.0,0.0333333,1,1,0,5,0.021164,4,4,4,1,1,1,29,39,147,8,5,0,4,5,4,2,111,11,140,109,5,185,254,152,9,10,1,20,6,18,2,127,111,141,123,5,0,0,77,0,0,0,9,0,2,0,2,0,49,0,0,0,0,0,0,15,0
1224,L3118,ConstructBlock$ConstructBuild,mindustry.world.blocks.ConstructBlock$ConstructBuild,L4224,L103,C:\Users\domco\Desktop\DP\repos\Mindustry\core\src\mindustry\world\blocks\ConstructBlock.java,141,5,428,6,0.0,0,0,0,0.0,0.0,0,0,2,4,3,72,20,11,2,10,27,0.0,0.0913043,21,3,0,17,0.0913043,21,0,0,0,0,0,209,288,12,3,12,3,17,10,16,2,17,144,10,16,2,209,288,12,3,12,3,17,10,16,2,17,144,10,16,2,0,0,46,0,0,0,0,0,1,2,1,0,35,0,0,0,0,0,0,7,0
1225,L5053,Door,mindustry.world.blocks.defense.Door,L34355,L103,C:\Users\domco\Desktop\DP\repos\Mindustry\core\src\mindustry\world\blocks\defense\Door.java,21,1,166,2,0.0,0,0,0,0.0,0.0,0,0,0,0,0,3,4,5,0,1,3,0.0,0.0454545,1,0,0,3,0.00917431,1,5,5,2,2,1,21,39,158,9,7,1,2,5,2,0,112,6,149,110,4,108,146,160,10,9,2,16,7,16,0,126,47,151,124,4,0,0,55,0,0,0,0,0,1,0,0,0,38,0,0,0,0,0,0,16,0
1226,L5173,ForceProjector,mindustry.world.blocks.defense.ForceProjector,L34355,L103,C:\Users\domco\Desktop\DP\repos\Mindustry\core\src\mindustry\world\blocks\defense\ForceProjector.java,24,1,251,2,0.0,0,0,0,0.0,0.0,0,0,2,0,0,6,14,5,0,10,16,0.0,0.0,0,0,0,7,0.0,0,4,4,1,1,1,65,81,157,8,15,0,6,12,6,2,113,30,147,111,5,183,228,163,8,21,0,17,18,17,2,124,103,153,122,5,0,0,61,0,7,1,0,5,1,1,2,1,40,0,0,0,0,0,0,17,0
1227,L5117,MendProjector,mindustry.world.blocks.defense.MendProjector,L34355,L103,C:\Users\domco\Desktop\DP\repos\Mindustry\core\src\mindustry\world\blocks\defense\MendProjector.java,18,1,152,2,0.0,0,0,0,0.0,0.0,0,0,2,0,0,4,10,6,0,6,10,0.0,0.0,0,0,0,5,0.0,0,4,4,2,2,1,42,51,152,8,10,0,4,10,4,1,111,19,145,109,4,107,135,156,8,14,0,12,10,12,1,119,52,145,117,4,0,0,44,0,6,0,0,5,2,0,0,1,30,0,0,0,0,0,0,12,0
1228,L5148,OverdriveProjector,mindustry.world.blocks.defense.OverdriveProjector,L34355,L103,C:\Users\domco\Desktop\DP\repos\Mindustry\core\src\mindustry\world\blocks\defense\OverdriveProjector.java,20,1,170,2,0.0,0,0,0,0.0,0.0,0,0,2,1,1,6,10,5,0,8,13,0.0,0.0,0,0,0,6,0.0,0,4,4,2,2,1,52,63,153,8,11,0,5,11,5,2,112,24,146,110,5,122,151,157,8,15,0,13,11,13,2,120,65,146,118,5,0,0,46,0,7,1,0,5,2,0,0,1,32,0,0,0,0,0,0,12,0
1229,L2251,ShockMine,mindustry.world.blocks.defense.ShockMine,L34355,L103,C:\Users\domco\Desktop\DP\repos\Mindustry\core\src\mindustry\world\blocks\defense\ShockMine.java,14,1,76,2,0.0,0,0,0,0.0,0.0,0,0,0,0,0,1,2,5,0,1,2,0.0,0.0,0,0,0,2,0.0363636,2,4,4,1,1,1,21,24,154,8,12,0,1,12,1,0,108,5,147,106,3,53,63,154,8,12,0,6,12,6,0,113,21,147,111,3,0,0,27,0,2,0,0,0,1,0,0,1,14,0,0,0,0,1,0,12,0
1230,L5106,Thruster,mindustry.world.blocks.defense.Thruster,L34355,L103,C:\Users\domco\Desktop\DP\repos\Mindustry\core\src\mindustry\world\blocks\defense\Thruster.java,8,1,36,2,0.0,0,0,0,0.0,0.0,0,0,1,0,0,3,3,4,0,3,6,0.0,0.0,0,0,0,4,0.0,0,5,5,1,1,1,17,21,152,8,1,0,3,1,3,0,113,6,145,111,4,24,29,153,8,1,0,4,1,4,0,116,8,146,114,4,0,0,26,0,0,0,0,0,0,0,0,0,14,0,0,0,0,0,0,12,0
1231,L2256,Wall,mindustry.world.blocks.defense.Wall,L34355,L103,C:\Users\domco\Desktop\DP\repos\Mindustry\core\src\mindustry\world\blocks\defense\Wall.java,17,1,131,2,0.0,0,0,0,0.0,0.0,0,0,1,1,1,6,8,22,2,3,6,0.0,0.0810811,3,2,0,4,0.119565,11,4,4,18,21,1,34,44,151,8,9,0,3,9,3,1,110,15,144,108,4,81,115,152,8,10,0,5,10,5,1,112,50,145,110,4,0,0,33,0,8,1,0,5,0,0,0,2,16,0,0,1,0,0,0,16,0
1232,L5254,ArmoredConveyor,mindustry.world.blocks.distribution.ArmoredConveyor,L35129,L103,C:\Users\domco\Desktop\DP\repos\Mindustry\core\src\mindustry\world\blocks\distribution\ArmoredConveyor.java,7,1,26,2,0.0,0,0,0,0.0,0.0,0,0,1,0,0,5,4,3,0,4,6,0.0,0.0,0,0,0,3,0.0,0,5,6,1,1,1,11,14,151,10,0,0,2,0,2,0,132,3,140,130,4,17,20,166,11,0,0,3,0,3,0,153,4,155,151,4,0,0,24,0,0,0,0,0,0,0,0,0,12,0,0,1,0,0,0,11,0
1233,L5280,BufferedItemBridge,mindustry.world.blocks.distribution.BufferedItemBridge,L35129,L103,C:\Users\domco\Desktop\DP\repos\Mindustry\core\src\mindustry\world\blocks\distribution\BufferedItemBridge.java,8,1,55,2,0.0,0,0,0,0.0,0.0,0,0,0,0,0,1,2,4,0,1,2,0.0,0.0,0,0,0,2,0.0,0,5,5,1,1,1,11,14,160,8,3,0,1,3,1,0,119,4,152,117,3,40,48,169,8,4,0,5,3,5,0,146,16,160,140,3,0,0,29,0,1,0,0,1,1,0,0,0,16,0,0,0,0,0,0,12,0
1234,L5214,Conveyor,mindustry.world.blocks.distribution.Conveyor,L35129,L103,C:\Users\domco\Desktop\DP\repos\Mindustry\core\src\mindustry\world\blocks\distribution\Conveyor.java,23,1,436,2,0.0,0,0,0,0.0,0.0,0,0,5,1,1,25,13,7,1,14,24,0.0909091,0.0266667,2,1,1,10,0.038806,13,4,5,3,4,2,73,97,151,10,9,1,10,5,10,1,130,34,140,128,4,322,414,166,11,24,2,30,20,30,1,150,215,155,148,4,0,0,93,0,0,0,0,0,2,1,2,0,66,0,0,1,0,0,0,21,0
1235,L5390,Duct,mindustry.world.blocks.distribution.Duct,L35129,L103,C:\Users\domco\Desktop\DP\repos\Mindustry\core\src\mindustry\world\blocks\distribution\Duct.java,23,1,209,2,0.0461538,1,1,1,0.0588235,0.0649351,11,10,3,1,1,8,13,4,0,9,15,0.0,0.0,0,0,0,7,0.0128205,2,4,5,1,1,2,47,59,145,9,3,0,6,3,6,1,126,26,138,124,4,154,187,154,9,12,0,17,12,16,1,137,86,147,134,4,0,0,70,0,0,0,8,0,2,0,1,0,40,0,0,1,0,0,0,18,0
1236,L5418,DuctBridge,mindustry.world.blocks.distribution.DuctBridge,L35129,L103,C:\Users\domco\Desktop\DP\repos\Mindustry\core\src\mindustry\world\blocks\distribution\DuctBridge.java,20,1,258,2,0.0,0,0,0,0.0,0.0,0,0,3,2,2,22,12,6,3,10,20,0.0,0.0178571,2,1,0,11,0.0201005,4,4,4,1,1,1,110,141,150,8,8,0,10,6,10,0,117,64,141,115,3,195,239,152,8,10,0,15,8,15,0,122,122,143,120,3,0,0,59,0,0,0,0,0,2,4,1,0,36,0,0,0,0,0,0,16,0
1237,L5405,DuctRouter,mindustry.world.blocks.distribution.DuctRouter,L35129,L103,C:\Users\domco\Desktop\DP\repos\Mindustry\core\src\mindustry\world\blocks\distribution\DuctRouter.java,13,1,125,2,0.094382,1,1,1,0.0973451,0.105263,11,10,1,0,0,4,8,4,0,5,9,0.0,0.0,0,0,0,5,0.0,0,4,4,1,1,1,31,39,144,8,2,0,4,2,4,1,111,16,137,109,4,95,113,146,8,4,0,11,4,11,1,118,51,139,116,4,0,0,51,0,3,0,8,3,1,0,0,0,28,0,0,0,0,0,0,14,0
1238,L26581,ExtendingItemBridge,mindustry.world.blocks.distribution.ExtendingItemBridge,L35129,L103,C:\Users\domco\Desktop\DP\repos\Mindustry\core\src\mindustry\world\blocks\distribution\ExtendingItemBridge.java,4,1,15,2,0.0,0,0,0,0.0,0.0,0,0,0,0,0,1,1,1,0,1,2,0.5,0.142857,1,1,1,1,0.1,1,5,5,0,0,1,6,8,157,8,0,0,1,0,1,0,119,1,149,117,3,9,12,165,8,0,0,1,0,1,0,142,1,157,136,3,0,0,18,0,0,0,0,0,0,0,0,0,8,0,0,0,0,0,0,10,0
1239,L5303,ItemBridge,mindustry.world.blocks.distribution.ItemBridge,L35129,L103,C:\Users\domco\Desktop\DP\repos\Mindustry\core\src\mindustry\world\blocks\distribution\ItemBridge.java,22,1,504,2,0.0,0,0,0,0.0,0.0,0,0,3,2,2,37,11,11,16,12,23,0.0,0.0314961,4,1,0,12,0.0232558,9,4,4,4,8,1,123,158,157,8,15,0,11,14,11,0,118,65,149,116,3,378,483,165,8,23,0,34,22,30,0,141,235,157,135,3,0,0,98,0,0,0,0,0,2,1,2,0,72,0,0,0,0,0,0,21,0
1240,L5265,Junction,mindustry.world.blocks.distribution.Junction,L35129,L103,C:\Users\domco\Desktop\DP\repos\Mindustry\core\src\mindustry\world\blocks\distribution\Junction.java,12,1,92,2,0.0,0,0,0,0.0,0.0,0,0,1,0,0,2,2,4,0,1,3,0.0,0.0588235,1,0,0,3,0.0298507,2,4,4,1,1,1,16,19,144,8,2,0,2,2,2,0,109,7,137,107,3,65,81,145,8,3,0,8,3,8,0,115,35,138,113,3,0,0,39,0,2,0,0,2,1,2,0,0,22,0,0,0,0,0,0,14,0
1241,L5375,MassDriver,mindustry.world.blocks.distribution.MassDriver,L35129,L103,C:\Users\domco\Desktop\DP\repos\Mindustry\core\src\mindustry\world\blocks\distribution\MassDriver.java,25,1,367,2,0.280546,3,7,3,0.166181,0.173745,57,45,2,1,1,8,15,5,0,7,11,0.0,0.0491803,3,0,0,5,0.0912281,26,4,4,1,1,1,58,74,157,8,15,0,4,15,4,1,111,34,150,109,4,259,343,169,8,27,0,19,27,16,1,126,156,162,121,4,0,0,106,0,0,0,28,0,1,3,2,0,48,0,0,0,0,0,0,24,0
1242,L5356,OverflowGate,mindustry.world.blocks.distribution.OverflowGate,L35129,L103,C:\Users\domco\Desktop\DP\repos\Mindustry\core\src\mindustry\world\blocks\distribution\OverflowGate.java,11,1,98,2,0.0,0,0,0,0.0,0.0,0,0,1,0,0,2,2,5,0,1,3,0.0,0.0,0,0,0,3,0.0,0,4,4,2,2,1,19,22,144,8,2,0,2,2,2,0,109,10,137,107,3,72,88,144,9,2,1,7,2,7,0,114,44,137,112,3,0,0,32,0,4,0,0,3,1,1,0,0,20,0,0,0,0,1,0,10,0
1243,L2194,PayloadConveyor,mindustry.world.blocks.distribution.PayloadConveyor,L35129,L103,C:\Users\domco\Desktop\DP\repos\Mindustry\core\src\mindustry\world\blocks\distribution\PayloadConveyor.java,18,1,359,2,0.0,0,0,0,0.0,0.0,0,0,2,2,2,9,11,7,1,7,12,0.0,0.0232558,1,0,0,5,0.0652174,18,4,4,2,3,1,42,53,148,8,6,0,5,6,4,1,112,21,141,109,4,258,342,158,9,16,1,28,16,25,1,135,151,151,130,4,0,0,90,0,14,8,0,3,2,4,1,1,62,2,0,0,0,0,0,21,0
1244,L6548,PayloadRouter,mindustry.world.blocks.distribution.PayloadRouter,L35129,L103,C:\Users\domco\Desktop\DP\repos\Mindustry\core\src\mindustry\world\blocks\distribution\PayloadRouter.java,13,1,104,2,0.0,0,0,0,0.0,0.0,0,0,1,0,0,2,3,4,0,4,6,0.0,0.0,0,0,0,3,0.0540541,4,5,5,1,1,1,13,18,149,8,1,0,2,1,2,0,114,5,142,111,4,70,92,161,9,3,0,9,3,9,0,144,33,154,139,4,0,0,38,0,0,0,0,0,0,0,0,0,24,0,0,0,0,0,0,14,0
1245,L5339,Router,mindustry.world.blocks.distribution.Router,L35129,L103,C:\Users\domco\Desktop\DP\repos\Mindustry\core\src\mindustry\world\blocks\distribution\Router.java,12,1,128,2,0.0,0,0,0,0.0,0.0,0,0,0,0,0,1,2,5,0,1,2,0.0,0.0,0,0,0,2,0.0,0,4,4,2,2,1,13,15,143,8,1,0,1,1,1,0,108,8,136,106,3,100,117,147,9,5,1,10,5,10,0,118,57,140,116,3,0,0,42,0,3,0,0,2,1,1,0,0,26,0,1,0,0,0,0,14,0
1246,L5320,Sorter,mindustry.world.blocks.distribution.Sorter,L35129,L103,C:\Users\domco\Desktop\DP\repos\Mindustry\core\src\mindustry\world\blocks\distribution\Sorter.java,17,1,167,2,0.125,2,4,2,0.145695,0.16129,22,20,3,0,0,6,6,6,0,2,6,0.0,0.0,0,0,0,5,0.008,1,4,4,2,2,1,28,34,143,8,1,0,4,1,4,0,111,14,136,109,3,124,151,144,9,2,1,16,2,16,0,123,63,137,121,3,0,0,74,0,2,0,19,2,2,1,0,0,38,0,0,0,0,0,0,14,0
1247,L5241,StackConveyor,mindustry.world.blocks.distribution.StackConveyor,L35129,L103,C:\Users\domco\Desktop\DP\repos\Mindustry\core\src\mindustry\world\blocks\distribution\StackConveyor.java,22,1,345,2,0.0,0,0,0,0.0,0.0,0,0,2,3,2,24,13,5,0,13,18,0.0,0.0434783,3,1,0,6,0.0942029,26,4,5,1,1,2,66,81,153,9,11,0,5,8,5,1,125,40,143,123,4,250,324,159,9,17,0,24,13,22,1,144,165,148,140,4,0,0,82,0,0,0,0,0,2,6,2,0,52,0,0,1,0,0,0,19,0
1248,L4199,AirBlock,mindustry.world.blocks.environment.AirBlock,L36073,L103,C:\Users\domco\Desktop\DP\repos\Mindustry\core\src\mindustry\world\blocks\environment\AirBlock.java,8,1,45,2,0.0,0,0,0,0.0,0.0,0,0,5,1,1,7,4,2,1,1,7,0.0,0.0,0,0,0,7,0.0,0,5,5,0,0,1,32,38,172,8,0,0,6,0,6,0,129,12,161,121,3,32,38,172,8,0,0,6,0,6,0,129,12,161,121,3,0,0,24,0,2,0,0,0,1,0,0,0,15,2,0,0,0,0,0,8,0
1249,L26617,Bush,mindustry.world.blocks.environment.Bush,L36073,L103,C:\Users\domco\Desktop\DP\repos\Mindustry\core\src\mindustry\world\blocks\environment\Bush.java,9,1,46,2,0.0,0,0,0,0.0,0.0,0,0,1,1,1,5,3,1,0,4,6,0.0,0.0,0,0,0,3,0.0,0,5,5,0,0,1,32,38,155,8,13,0,2,12,2,0,112,16,147,110,3,32,38,155,8,13,0,2,12,2,0,112,16,147,110,3,0,0,19,0,9,5,0,3,0,0,0,0,7,0,0,0,0,1,0,12,0
1250,L4210,Cliff,mindustry.world.blocks.environment.Cliff,L36073,L103,C:\Users\domco\Desktop\DP\repos\Mindustry\core\src\mindustry\world\blocks\environment\Cliff.java,9,1,34,2,0.0,0,0,0,0.0,0.0,0,0,1,0,0,3,3,4,0,4,7,0.0,0.0,0,0,0,4,0.0,0,4,4,1,1,1,23,26,145,8,3,0,3,3,3,0,110,10,138,108,3,23,26,145,8,3,0,3,3,3,0,110,10,138,108,3,0,0,19,0,0,0,0,0,0,0,0,0,9,0,0,0,0,0,0,10,0
1251,L26620,DoubleOverlayFloor,mindustry.world.blocks.environment.DoubleOverlayFloor,L36073,L103,C:\Users\domco\Desktop\DP\repos\Mindustry\core\src\mindustry\world\blocks\environment\DoubleOverlayFloor.java,4,1,10,2,0.0,0,0,0,0.0,0.0,0,0,0,0,0,1,1,1,0,1,2,0.5,0.142857,1,1,1,1,0.142857,1,6,6,0,0,1,6,7,172,8,0,0,1,0,1,0,126,1,161,118,3,6,7,172,8,0,0,1,0,1,0,126,1,161,118,3,0,0,15,0,0,0,0,0,0,0,0,0,5,0,0,2,0,0,0,8,0
1252,L4367,EmptyFloor,mindustry.world.blocks.environment.EmptyFloor,L36073,L103,C:\Users\domco\Desktop\DP\repos\Mindustry\core\src\mindustry\world\blocks\environment\EmptyFloor.java,7,1,27,2,0.0,0,0,0,0.0,0.0,0,0,1,1,1,4,4,2,1,4,6,0.333333,0.105263,2,1,1,2,0.105263,2,5,5,0,0,1,17,21,172,8,0,0,2,0,2,0,125,9,161,117,3,17,21,172,8,0,0,2,0,2,0,125,9,161,117,3,0,0,15,0,0,0,0,0,0,0,0,0,7,0,0,0,0,0,0,8,0
1253,L2273,Floor,mindustry.world.blocks.environment.Floor,L36073,L103,C:\Users\domco\Desktop\DP\repos\Mindustry\core\src\mindustry\world\blocks\environment\Floor.java,21,1,254,2,0.0,0,0,0,0.0,0.0,0,0,2,3,3,52,15,72,24,12,28,0.0909091,0.141414,28,25,1,10,0.141414,28,4,4,28,40,1,170,234,172,8,30,0,16,26,10,0,123,98,161,115,3,170,234,172,8,30,0,16,26,10,0,123,98,161,115,3,0,0,48,1,15,3,0,3,1,0,1,2,33,0,2,1,0,6,0,12,0
1254,L2269,OreBlock,mindustry.world.blocks.environment.OreBlock,L36073,L103,C:\Users\domco\Desktop\DP\repos\Mindustry\core\src\mindustry\world\blocks\environment\OreBlock.java,15,1,86,2,0.0,0,0,0,0.0,0.0,0,0,1,4,4,14,11,9,3,3,10,0.25,0.0327869,2,2,2,6,0.0327869,2,6,6,6,6,1,59,72,172,9,0,1,7,0,7,0,132,38,161,124,3,59,72,172,9,0,1,7,0,7,0,132,38,161,124,3,0,0,30,0,0,0,0,0,0,2,1,0,17,0,0,2,0,0,0,8,0
1255,L4627,OverlayFloor,mindustry.world.blocks.environment.OverlayFloor,L36073,L103,C:\Users\domco\Desktop\DP\repos\Mindustry\core\src\mindustry\world\blocks\environment\OverlayFloor.java,8,1,19,2,0.0,0,0,0,0.0,0.0,0,0,1,0,0,2,3,7,5,4,6,0.333333,0.0909091,1,1,1,2,0.0909091,1,5,5,3,9,1,10,12,172,8,0,0,2,0,2,0,125,3,161,117,3,10,12,172,8,0,0,2,0,2,0,125,3,161,117,3,0,0,15,0,0,0,0,0,0,0,0,0,7,0,0,0,0,0,0,8,0
1256,L4561,Prop,mindustry.world.blocks.environment.Prop,L36073,L103,C:\Users\domco\Desktop\DP\repos\Mindustry\core\src\mindustry\world\blocks\environment\Prop.java,10,1,30,2,0.0,0,0,0,0.0,0.0,0,0,1,0,0,5,4,14,4,5,8,0.0,0.0,0,0,0,4,0.0,0,4,4,11,19,1,18,21,142,8,0,0,3,0,3,0,110,8,135,108,3,18,21,142,8,0,0,3,0,3,0,110,8,135,108,3,0,0,18,0,1,0,0,1,0,0,0,0,9,0,0,1,0,0,0,8,0
1257,L4288,ShallowLiquid,mindustry.world.blocks.environment.ShallowLiquid,L36073,L103,C:\Users\domco\Desktop\DP\repos\Mindustry\core\src\mindustry\world\blocks\environment\ShallowLiquid.java,10,1,29,2,0.0,0,0,0,0.0,0.0,0,0,1,0,0,2,2,5,1,2,4,0.333333,0.190476,4,4,1,2,0.190476,4,5,5,3,3,1,17,20,175,8,3,0,2,3,2,0,125,9,164,117,3,17,20,175,8,3,0,2,3,2,0,125,9,164,117,3,0,0,17,0,1,1,0,0,0,0,0,0,7,0,0,0,0,0,0,10,0
1258,L4204,SpawnBlock,mindustry.world.blocks.environment.SpawnBlock,L36073,L103,C:\Users\domco\Desktop\DP\repos\Mindustry\core\src\mindustry\world\blocks\environment\SpawnBlock.java,5,1,15,2,0.0,0,0,0,0.0,0.0,0,0,1,0,0,2,4,2,1,1,3,0.0,0.0,0,0,0,3,0.0,0,6,6,0,0,1,9,11,172,8,0,0,2,0,2,0,127,3,161,119,3,9,11,172,8,0,0,2,0,2,0,127,3,161,119,3,0,0,17,0,1,0,0,0,0,0,0,0,7,1,0,2,0,0,0,8,0
1259,L26623,StaticClusterWall,mindustry.world.blocks.environment.StaticClusterWall,L36073,L103,C:\Users\domco\Desktop\DP\repos\Mindustry\core\src\mindustry\world\blocks\environment\StaticClusterWall.java,8,1,25,2,0.0,0,0,0,0.0,0.0,0,0,1,1,1,3,3,1,0,5,7,0.0,0.0,0,0,0,3,0.0,0,6,6,0,0,1,14,18,145,8,1,0,2,1,2,0,116,5,138,113,3,14,18,145,8,1,0,2,1,2,0,116,5,138,113,3,0,0,19,0,0,0,0,0,0,0,0,0,7,0,0,2,0,0,0,10,0
1260,L4541,StaticTree,mindustry.world.blocks.environment.StaticTree,L36073,L103,C:\Users\domco\Desktop\DP\repos\Mindustry\core\src\mindustry\world\blocks\environment\StaticTree.java,9,1,44,2,0.0,0,0,0,0.0,0.0,0,0,1,5,3,8,4,3,1,5,7,0.0,0.0,0,0,0,3,0.0,0,6,6,1,1,1,32,36,144,8,0,0,2,0,2,0,116,23,137,113,3,32,36,144,8,0,0,2,0,2,0,116,23,137,113,3,0,0,17,0,0,0,0,0,0,0,0,0,7,0,0,2,0,0,0,8,0
1261,L4498,StaticWall,mindustry.world.blocks.environment.StaticWall,L36073,L103,C:\Users\domco\Desktop\DP\repos\Mindustry\core\src\mindustry\world\blocks\environment\StaticWall.java,13,1,57,2,0.0,0,0,0,0.0,0.0,0,0,1,2,1,14,7,10,4,10,14,0.0,0.025641,1,0,0,4,0.025641,1,5,5,7,8,1,38,45,144,8,2,0,4,2,3,0,114,19,137,111,3,38,45,144,8,2,0,4,2,3,0,114,19,137,111,3,0,0,21,0,0,0,0,0,0,0,0,0,11,0,0,0,0,0,0,10,0
1262,L4554,TreeBlock,mindustry.world.blocks.environment.TreeBlock,L36073,L103,C:\Users\domco\Desktop\DP\repos\Mindustry\core\src\mindustry\world\blocks\environment\TreeBlock.java,10,1,40,2,0.0,0,0,0,0.0,0.0,0,0,1,1,1,3,3,2,1,4,6,0.0,0.0,0,0,0,3,0.0,0,4,4,0,0,1,24,31,144,8,2,0,2,2,2,0,109,15,137,107,3,24,31,144,8,2,0,2,2,2,0,109,15,137,107,3,0,0,17,0,1,1,0,0,0,0,0,0,7,0,0,0,0,0,0,10,0
1263,L26626,WallOreBlock,mindustry.world.blocks.environment.WallOreBlock,L36073,L103,C:\Users\domco\Desktop\DP\repos\Mindustry\core\src\mindustry\world\blocks\environment\WallOreBlock.java,6,1,16,2,0.0,0,0,0,0.0,0.0,0,0,0,0,0,2,3,3,0,2,4,0.666667,0.2,2,2,2,1,0.2,2,7,7,0,0,1,8,11,172,9,0,0,2,0,2,0,134,2,161,126,3,8,11,172,9,0,0,2,0,2,0,134,2,161,126,3,0,0,15,0,0,0,0,0,0,0,0,0,5,0,0,2,0,0,0,8,0
1264,L26629,WavingProp,mindustry.world.blocks.environment.WavingProp,L36073,L103,C:\Users\domco\Desktop\DP\repos\Mindustry\core\src\mindustry\world\blocks\environment\WavingProp.java,8,1,30,2,0.0,0,0,0,0.0,0.0,0,0,1,0,0,3,3,1,0,4,6,0.0,0.0,0,0,0,3,0.0,0,5,5,0,0,1,17,23,142,8,0,0,2,0,2,0,112,12,135,110,3,17,23,142,8,0,0,2,0,2,0,112,12,135,110,3,0,0,15,0,1,1,0,0,0,0,0,0,7,0,0,0,0,0,0,8,0
1265,L26632,WobbleProp,mindustry.world.blocks.environment.WobbleProp,L36073,L103,C:\Users\domco\Desktop\DP\repos\Mindustry\core\src\mindustry\world\blocks\environment\WobbleProp.java,8,1,24,2,0.0,0,0,0,0.0,0.0,0,0,1,0,0,3,3,1,0,4,6,0.0,0.0,0,0,0,3,0.0,0,5,5,0,0,1,12,17,146,8,4,0,2,4,2,0,112,3,139,110,3,12,17,146,8,4,0,2,4,2,0,112,3,139,110,3,0,0,17,0,1,1,0,0,0,0,0,0,7,0,0,0,0,0,0,10,0
1266,L26635,BlockForge,mindustry.world.blocks.experimental.BlockForge,L36302,L103,C:\Users\domco\Desktop\DP\repos\Mindustry\core\src\mindustry\world\blocks\experimental\BlockForge.java,6,1,17,2,0.0,0,0,0,0.0,0.0,0,0,0,0,0,1,1,1,0,1,2,0.5,0.142857,1,1,1,1,0.1,1,7,7,0,0,1,6,8,151,8,0,0,1,0,1,0,118,1,144,116,5,9,12,159,10,0,0,1,0,1,0,153,1,152,151,5,0,0,20,0,0,0,0,0,0,0,0,0,8,0,0,2,0,0,0,10,0
1267,L26641,BlockLoader,mindustry.world.blocks.experimental.BlockLoader,L36302,L103,C:\Users\domco\Desktop\DP\repos\Mindustry\core\src\mindustry\world\blocks\experimental\BlockLoader.java,5,1,16,2,0.0,0,0,0,0.0,0.0,0,0,0,0,0,1,1,1,0,1,2,0.0,0.0,0,0,0,2,0.0,0,6,6,0,0,1,6,8,152,8,0,0,1,0,1,0,116,1,145,114,4,9,12,157,9,0,0,1,0,1,0,148,1,150,146,4,0,0,20,0,0,0,0,0,0,0,0,0,8,0,0,2,0,0,0,10,0
1268,L26647,BlockUnloader,mindustry.world.blocks.experimental.BlockUnloader,L36302,L103,C:\Users\domco\Desktop\DP\repos\Mindustry\core\src\mindustry\world\blocks\experimental\BlockUnloader.java,5,1,16,2,0.0,0,0,0,0.0,0.0,0,0,0,0,0,1,1,1,0,1,2,0.0,0.0,0,0,0,2,0.0,0,7,7,0,0,1,6,8,153,8,0,0,1,0,1,0,119,1,146,117,4,9,12,158,9,0,0,1,0,1,0,156,1,151,154,4,0,0,20,0,0,0,0,0,0,0,0,0,8,0,0,2,0,0,0,10,0
1269,L11792,LegacyBlock,mindustry.world.blocks.legacy.LegacyBlock,L36363,L103,C:\Users\domco\Desktop\DP\repos\Mindustry\core\src\mindustry\world\blocks\legacy\LegacyBlock.java,6,1,17,2,0.0,0,0,0,0.0,0.0,0,0,1,0,0,2,2,5,2,2,4,0.666667,0.181818,2,2,2,1,0.181818,2,4,4,2,4,1,9,12,142,8,0,0,2,0,2,0,109,3,135,107,3,9,12,142,8,0,0,2,0,2,0,109,3,135,107,3,0,0,13,0,0,0,0,0,0,0,0,0,5,0,0,0,0,0,0,8,0
1270,L6737,LegacyMechPad,mindustry.world.blocks.legacy.LegacyMechPad,L36363,L103,C:\Users\domco\Desktop\DP\repos\Mindustry\core\src\mindustry\world\blocks\legacy\LegacyMechPad.java,6,1,25,2,0.0,0,0,0,0.0,0.0,0,0,0,0,0,1,2,2,1,1,2,0.0,0.0,0,0,0,2,0.0588235,1,5,5,0,0,1,7,9,142,8,0,0,1,0,1,0,110,3,135,108,3,16,20,142,8,0,0,2,0,2,0,111,7,135,109,3,0,0,18,0,0,0,0,0,0,0,0,0,10,0,0,0,0,0,0,8,0
1271,L6742,LegacyUnitFactory,mindustry.world.blocks.legacy.LegacyUnitFactory,L36363,L103,C:\Users\domco\Desktop\DP\repos\Mindustry\core\src\mindustry\world\blocks\legacy\LegacyUnitFactory.java,8,1,39,2,0.0,0,0,0,0.0,0.0,0,0,1,0,0,3,3,4,1,3,5,0.0,0.0,0,0,0,3,0.0740741,2,5,5,2,2,1,15,18,143,8,1,0,2,1,2,0,111,7,136,109,3,25,32,143,8,1,0,3,1,3,0,112,11,136,110,3,0,0,22,0,0,0,0,0,0,0,0,0,12,0,0,0,0,0,0,10,0
1272,L5474,ArmoredConduit,mindustry.world.blocks.liquid.ArmoredConduit,L36387,L103,C:\Users\domco\Desktop\DP\repos\Mindustry\core\src\mindustry\world\blocks\liquid\ArmoredConduit.java,7,1,27,2,0.0,0,0,0,0.0,0.0,0,0,1,0,0,5,4,3,0,3,5,0.0,0.0,0,0,0,3,0.0,0,6,7,1,1,1,11,14,153,10,0,0,2,0,2,0,131,3,146,129,3,18,21,159,10,0,0,3,0,3,0,139,4,152,136,3,0,0,25,0,0,0,0,0,0,0,0,0,12,0,0,2,0,0,0,11,0
1273,L5455,Conduit,mindustry.world.blocks.liquid.Conduit,L36387,L103,C:\Users\domco\Desktop\DP\repos\Mindustry\core\src\mindustry\world\blocks\liquid\Conduit.java,24,1,179,2,0.0,0,0,0,0.0,0.0,0,0,3,1,1,21,8,7,1,11,18,0.0,0.0,0,0,0,8,0.008,1,5,6,3,4,2,59,75,153,10,8,1,7,8,7,0,129,31,146,127,3,124,156,159,10,14,1,13,14,12,0,136,70,152,133,3,0,0,56,0,9,2,0,6,2,0,1,1,32,0,0,3,0,0,0,18,0
1274,L26665,LiquidBlock,mindustry.world.blocks.liquid.LiquidBlock,L36387,L103,C:\Users\domco\Desktop\DP\repos\Mindustry\core\src\mindustry\world\blocks\liquid\LiquidBlock.java,10,1,43,2,0.0,0,0,0,0.0,0.0,0,0,1,0,0,2,3,9,4,1,3,0.0,0.0,0,0,0,3,0.0,0,4,4,4,19,1,18,21,145,8,3,0,2,3,2,0,109,8,138,107,3,29,34,145,8,3,0,3,3,3,0,110,13,138,108,3,0,0,22,0,0,0,0,0,0,0,0,0,12,0,0,0,0,0,0,10,0
1275,L5519,LiquidBridge,mindustry.world.blocks.liquid.LiquidBridge,L36387,L103,C:\Users\domco\Desktop\DP\repos\Mindustry\core\src\mindustry\world\blocks\liquid\LiquidBridge.java,7,1,33,2,0.0,0,0,0,0.0,0.0,0,0,0,0,0,1,4,5,1,1,2,0.0,0.0,0,0,0,2,0.0,0,5,5,3,3,1,11,13,157,8,0,0,1,0,1,0,119,7,149,117,3,23,27,165,8,0,0,3,0,3,0,144,10,157,138,3,0,0,23,0,0,0,0,0,1,0,0,0,12,0,0,0,0,0,0,10,0
1276,L26674,LiquidExtendingBridge,mindustry.world.blocks.liquid.LiquidExtendingBridge,L36387,L103,C:\Users\domco\Desktop\DP\repos\Mindustry\core\src\mindustry\world\blocks\liquid\LiquidExtendingBridge.java,4,1,14,2,0.0,0,0,0,0.0,0.0,0,0,0,0,0,1,1,1,0,1,2,0.5,0.142857,1,1,1,1,0.1,1,6,6,0,0,1,6,8,157,8,0,0,1,0,1,0,120,1,149,118,3,9,11,165,8,0,0,1,0,1,0,145,1,157,139,3,0,0,20,0,0,0,0,0,0,0,0,0,8,0,0,2,0,0,0,10,0
1277,L5508,LiquidJunction,mindustry.world.blocks.liquid.LiquidJunction,L36387,L103,C:\Users\domco\Desktop\DP\repos\Mindustry\core\src\mindustry\world\blocks\liquid\LiquidJunction.java,8,1,52,2,0.0,0,0,0,0.0,0.0,0,0,1,0,0,4,6,4,0,5,9,0.0,0.0,0,0,0,5,0.0,0,5,5,1,1,1,19,26,145,8,0,0,4,0,4,2,113,6,138,111,5,36,45,145,9,0,1,6,0,6,2,115,15,138,113,5,0,0,26,0,1,0,0,1,0,0,0,0,18,0,0,0,0,0,0,8,0
1278,L5485,LiquidRouter,mindustry.world.blocks.liquid.LiquidRouter,L36387,L103,C:\Users\domco\Desktop\DP\repos\Mindustry\core\src\mindustry\world\blocks\liquid\LiquidRouter.java,6,1,28,2,0.0,0,0,0,0.0,0.0,0,0,0,0,0,1,2,5,0,1,2,0.0,0.0,0,0,0,2,0.0,0,5,5,3,3,1,7,10,145,8,0,0,1,0,1,0,110,3,138,108,3,19,23,145,8,0,0,3,0,3,0,113,6,138,111,3,0,0,21,0,0,0,0,0,1,0,0,0,12,0,0,0,0,0,0,8,0
1279,L6810,LogicBlock,mindustry.world.blocks.logic.LogicBlock,L36513,L103,C:\Users\domco\Desktop\DP\repos\Mindustry\core\src\mindustry\world\blocks\logic\LogicBlock.java,29,1,596,2,0.0,0,0,0,0.0,0.0,0,0,1,3,3,18,11,6,4,5,12,0.0,0.0707071,7,0,0,8,0.0762125,33,4,4,3,3,1,92,148,146,9,4,1,7,3,7,1,114,65,138,112,4,400,568,158,9,16,1,26,15,26,1,133,282,150,131,4,0,0,95,0,0,0,0,0,1,8,2,0,61,0,0,0,0,0,0,23,0
1280,L6856,LogicDisplay,mindustry.world.blocks.logic.LogicDisplay,L36513,L103,C:\Users\domco\Desktop\DP\repos\Mindustry\core\src\mindustry\world\blocks\logic\LogicDisplay.java,16,1,150,2,0.0,0,0,0,0.0,0.0,0,0,1,0,0,4,6,5,0,3,6,0.0,0.0,0,0,0,3,0.0243902,2,4,4,2,2,1,32,41,155,8,13,0,3,13,2,1,110,9,148,107,4,80,135,177,8,35,0,5,35,4,1,112,20,170,109,4,0,0,50,0,0,0,0,0,1,0,0,0,22,0,0,0,0,0,0,27,0
1281,L6837,MemoryBlock,mindustry.world.blocks.logic.MemoryBlock,L36513,L103,C:\Users\domco\Desktop\DP\repos\Mindustry\core\src\mindustry\world\blocks\logic\MemoryBlock.java,8,1,57,2,0.0,0,0,0,0.0,0.0,0,0,0,0,0,2,7,4,0,3,5,0.0,0.0,0,0,0,3,0.0243902,1,4,4,2,2,1,16,20,143,8,1,0,2,1,2,1,109,8,136,107,4,40,50,144,8,2,0,5,2,5,1,112,21,137,110,4,0,0,31,0,1,0,0,1,1,0,0,0,16,0,0,0,0,0,0,14,0
1282,L6786,MessageBlock,mindustry.world.blocks.logic.MessageBlock,L36513,L103,C:\Users\domco\Desktop\DP\repos\Mindustry\core\src\mindustry\world\blocks\logic\MessageBlock.java,21,1,161,2,0.0,0,0,0,0.0,0.0,0,0,0,0,0,1,3,3,0,1,2,0.0,0.117647,2,1,0,2,0.0289855,2,4,4,1,1,1,15,38,144,8,2,0,1,2,1,0,108,8,137,106,3,67,141,145,8,3,0,8,3,8,0,115,36,138,113,3,0,1,37,0,5,1,0,3,1,0,0,0,22,0,2,0,0,0,0,14,0
1283,L6799,SwitchBlock,mindustry.world.blocks.logic.SwitchBlock,L36513,L103,C:\Users\domco\Desktop\DP\repos\Mindustry\core\src\mindustry\world\blocks\logic\SwitchBlock.java,10,1,69,2,0.0,0,0,0,0.0,0.0,0,0,0,0,0,1,3,4,0,1,2,0.0,0.0,0,0,0,2,0.0,0,4,4,1,1,1,13,16,143,8,1,0,1,1,1,0,108,8,136,106,3,48,60,143,8,1,0,7,1,7,0,114,21,136,112,3,0,0,31,0,0,0,0,0,1,0,0,0,20,0,0,0,0,0,0,10,0
1284,L26692,BallisticSilo,mindustry.world.blocks.payloads.BallisticSilo,L36733,L103,C:\Users\domco\Desktop\DP\repos\Mindustry\core\src\mindustry\world\blocks\payloads\BallisticSilo.java,6,1,29,2,0.0,0,0,0,0.0,0.0,0,0,0,0,0,1,1,1,0,1,2,0.0,0.0,0,0,0,2,0.0,0,5,5,0,0,1,5,7,147,8,0,0,1,0,1,0,111,1,140,109,3,20,24,151,9,0,0,4,0,4,0,135,6,144,133,3,0,0,25,0,0,0,0,0,1,0,0,0,14,0,0,0,0,0,0,10,0
1285,L26698,BlockProducer,mindustry.world.blocks.payloads.BlockProducer,L36733,L103,C:\Users\domco\Desktop\DP\repos\Mindustry\core\src\mindustry\world\blocks\payloads\BlockProducer.java,20,1,151,2,0.0,0,0,0,0.0,0.0,0,0,1,0,0,4,5,4,2,5,9,0.2,0.0344828,1,1,1,4,0.0104167,1,5,5,2,5,1,28,36,148,8,1,0,4,1,4,1,114,14,141,112,4,95,132,155,10,4,1,12,4,12,1,143,53,148,141,4,0,0,46,0,5,1,0,4,1,0,1,0,30,0,0,0,0,0,0,14,0
1286,L14879,BuildPayload,mindustry.world.blocks.payloads.BuildPayload,L36733,L103,C:\Users\domco\Desktop\DP\repos\Mindustry\core\src\mindustry\world\blocks\payloads\BuildPayload.java,14,1,106,2,0.0,0,0,0,0.0,0.0,0,0,1,1,1,18,8,11,11,2,18,0.0,0.0,0,0,0,17,0.0,0,1,1,0,0,1,76,93,3,2,1,0,16,1,16,0,24,31,3,24,0,76,93,3,2,1,0,16,1,16,0,24,31,3,24,0,0,0,40,0,3,0,0,3,0,0,0,0,35,0,0,0,0,0,0,5,0
1287,L6591,Constructor,mindustry.world.blocks.payloads.Constructor,L36733,L103,C:\Users\domco\Desktop\DP\repos\Mindustry\core\src\mindustry\world\blocks\payloads\Constructor.java,18,1,102,2,0.0696203,1,2,1,0.117647,0.138462,10,9,1,0,0,7,9,6,1,4,7,0.25,0.047619,1,1,1,3,0.0298507,2,6,6,3,3,1,20,31,151,8,3,0,3,3,3,1,117,8,144,115,5,65,85,159,10,4,0,10,4,10,1,152,28,152,150,5,0,0,54,0,4,2,11,1,1,0,0,0,26,0,1,2,0,0,0,14,0
1288,L26707,NuclearWarhead,mindustry.world.blocks.payloads.NuclearWarhead,L36733,L103,C:\Users\domco\Desktop\DP\repos\Mindustry\core\src\mindustry\world\blocks\payloads\NuclearWarhead.java,6,1,18,2,0.0,0,0,0,0.0,0.0,0,0,0,0,0,1,1,1,0,1,2,0.0,0.0,0,0,0,2,0.0,0,4,4,0,0,1,8,10,143,8,1,0,1,1,1,0,108,3,136,106,3,10,13,143,8,1,0,1,1,1,0,108,3,136,106,3,0,0,18,0,0,0,0,0,0,0,0,0,8,0,0,0,0,0,0,10,0
1289,L2197,PayloadBlock,mindustry.world.blocks.payloads.PayloadBlock,L36733,L103,C:\Users\domco\Desktop\DP\repos\Mindustry\core\src\mindustry\world\blocks\payloads\PayloadBlock.java,16,1,249,2,0.0,0,0,0,0.0,0.0,0,0,2,1,1,20,6,23,13,4,7,0.0,0.145833,7,0,0,4,0.0582011,11,4,4,9,32,1,41,57,147,8,5,0,3,5,3,0,110,19,140,108,3,178,234,151,9,9,1,24,9,24,0,131,91,144,129,3,0,0,71,0,0,0,0,0,2,2,0,0,50,0,0,0,0,0,0,17,0
1290,L6578,PayloadDeconstructor,mindustry.world.blocks.payloads.PayloadDeconstructor,L36733,L103,C:\Users\domco\Desktop\DP\repos\Mindustry\core\src\mindustry\world\blocks\payloads\PayloadDeconstructor.java,14,1,227,2,0.0,0,0,0,0.0,0.0,0,0,1,0,0,3,2,4,0,2,5,0.0,0.0344828,1,0,0,4,0.045977,8,5,5,1,1,1,28,35,150,8,3,0,3,3,3,1,113,15,143,111,4,166,214,159,9,8,0,11,8,11,1,142,108,152,140,4,0,0,46,0,1,1,0,0,0,3,0,0,28,0,0,0,0,0,0,15,0
1291,L6612,PayloadLoader,mindustry.world.blocks.payloads.PayloadLoader,L36733,L103,C:\Users\domco\Desktop\DP\repos\Mindustry\core\src\mindustry\world\blocks\payloads\PayloadLoader.java,15,1,186,2,0.0927318,1,4,1,0.0755814,0.0714286,13,10,2,0,0,5,3,7,2,4,9,0.0,0.0,0,0,0,6,0.0344828,5,5,5,3,5,1,38,47,152,8,5,0,5,5,5,1,115,17,145,113,4,140,172,157,9,6,0,16,6,16,1,147,74,150,145,4,0,0,70,0,0,0,10,0,2,5,1,0,38,0,0,0,0,0,0,14,0
1292,L6559,PayloadMassDriver,mindustry.world.blocks.payloads.PayloadMassDriver,L36733,L103,C:\Users\domco\Desktop\DP\repos\Mindustry\core\src\mindustry\world\blocks\payloads\PayloadMassDriver.java,22,1,518,2,0.182133,3,7,3,0.114688,0.115979,57,45,3,1,1,11,16,4,0,11,18,0.0,0.0348837,3,0,0,8,0.0536585,22,5,5,1,1,1,83,108,170,8,23,0,7,23,7,1,117,42,163,115,4,388,497,197,9,46,0,21,46,20,1,152,260,190,149,4,0,0,121,0,0,0,25,0,2,5,3,0,54,0,0,0,0,0,0,32,0
1293,L6699,PayloadSource,mindustry.world.blocks.payloads.PayloadSource,L36733,L103,C:\Users\domco\Desktop\DP\repos\Mindustry\core\src\mindustry\world\blocks\payloads\PayloadSource.java,20,1,158,2,0.0487805,1,2,1,0.0719424,0.0891089,10,9,3,0,0,9,9,3,0,6,11,0.166667,0.0540541,2,1,1,5,0.0194175,2,5,5,1,1,1,35,62,147,8,0,0,5,0,5,0,115,18,140,113,3,101,139,154,9,3,0,13,3,13,0,144,49,147,142,3,0,0,57,0,0,0,9,0,2,0,1,0,32,0,0,0,0,0,0,13,0
1294,L6623,PayloadUnloader,mindustry.world.blocks.payloads.PayloadUnloader,L36733,L103,C:\Users\domco\Desktop\DP\repos\Mindustry\core\src\mindustry\world\blocks\payloads\PayloadUnloader.java,8,1,98,2,0.0,0,0,0,0.0,0.0,0,0,2,0,0,3,1,5,1,1,4,0.0,0.0,0,0,0,4,0.0641026,5,6,6,2,2,1,14,18,153,8,1,0,3,1,3,0,118,3,146,116,4,73,91,158,9,1,0,8,1,8,0,155,38,151,153,4,0,0,44,0,1,0,0,0,2,5,1,1,22,0,0,2,0,0,0,12,0
1295,L6710,PayloadVoid,mindustry.world.blocks.payloads.PayloadVoid,L36733,L103,C:\Users\domco\Desktop\DP\repos\Mindustry\core\src\mindustry\world\blocks\payloads\PayloadVoid.java,10,1,66,2,0.0,0,0,0,0.0,0.0,0,0,1,0,0,2,3,4,0,1,3,0.0,0.0526316,1,0,0,3,0.0425532,2,5,5,1,1,1,18,23,149,8,2,0,2,2,2,0,112,9,142,110,3,45,57,153,9,2,0,5,2,5,0,136,24,146,134,3,0,0,29,0,0,0,0,0,1,0,0,0,16,0,0,0,0,0,0,12,0
1296,L14445,UnitPayload,mindustry.world.blocks.payloads.UnitPayload,L36733,L103,C:\Users\domco\Desktop\DP\repos\Mindustry\core\src\mindustry\world\blocks\payloads\UnitPayload.java,20,1,161,2,0.0,0,0,0,0.0,0.0,0,0,1,2,2,28,8,11,6,6,21,0.125,0.0982143,11,2,2,14,0.0982143,11,1,1,0,0,1,101,142,6,2,4,0,15,4,15,0,22,56,6,22,0,101,142,6,2,4,0,15,4,15,0,22,56,6,22,0,0,0,37,0,10,1,0,8,0,0,0,0,33,0,0,0,0,1,0,4,0
1297,L5578,Battery,mindustry.world.blocks.power.Battery,L37309,L103,C:\Users\domco\Desktop\DP\repos\Mindustry\core\src\mindustry\world\blocks\power\Battery.java,13,1,56,2,0.0,0,0,0,0.0,0.0,0,0,0,0,0,1,4,7,0,1,2,0.0,0.0714286,1,0,0,2,0.0263158,1,6,6,3,3,1,13,17,145,8,3,0,1,3,1,0,110,6,138,108,3,37,44,145,8,3,0,4,3,4,0,113,19,138,111,3,0,0,27,0,2,0,0,2,1,0,0,0,14,0,0,2,0,0,0,10,0
1298,L5599,BurnerGenerator,mindustry.world.blocks.power.BurnerGenerator,L37309,L103,C:\Users\domco\Desktop\DP\repos\Mindustry\core\src\mindustry\world\blocks\power\BurnerGenerator.java,8,1,50,2,0.0,0,0,0,0.0,0.0,0,0,1,0,0,5,4,5,0,2,6,0.0,0.0,0,0,0,3,0.0,0,8,8,2,2,1,20,25,159,12,3,2,4,3,2,0,124,4,152,117,7,34,43,164,13,3,2,5,3,3,0,134,11,157,127,7,0,0,30,0,0,0,0,0,0,0,0,0,16,0,0,2,0,0,0,12,0
1299,L26746,ConditionalConsumePower,mindustry.world.blocks.power.ConditionalConsumePower,L37309,L103,C:\Users\domco\Desktop\DP\repos\Mindustry\core\src\mindustry\world\blocks\power\ConditionalConsumePower.java,8,1,20,2,0.0,0,0,0,0.0,0.0,0,0,1,0,0,3,1,2,1,1,3,0.333333,0.0833333,1,1,1,2,0.0833333,1,2,2,0,0,1,11,13,7,1,1,0,2,0,2,0,20,3,6,19,0,11,13,7,1,1,0,2,0,2,0,20,3,6,19,0,0,0,9,0,0,0,0,0,0,0,0,0,7,0,0,0,0,0,0,2,0
1300,L5652,DecayGenerator,mindustry.world.blocks.power.DecayGenerator,L37309,L103,C:\Users\domco\Desktop\DP\repos\Mindustry\core\src\mindustry\world\blocks\power\DecayGenerator.java,6,1,19,2,0.0,0,0,0,0.0,0.0,0,0,0,0,0,2,4,3,0,1,3,0.0,0.0,0,0,0,2,0.0,0,8,8,1,1,1,12,14,156,11,0,1,2,0,1,0,122,5,149,116,7,12,14,156,11,0,1,2,0,1,0,122,5,149,116,7,0,0,17,0,0,0,0,0,0,0,0,0,7,0,0,2,0,0,0,8,0
1301,L26749,DynamicConsumePower,mindustry.world.blocks.power.DynamicConsumePower,L37309,L103,C:\Users\domco\Desktop\DP\repos\Mindustry\core\src\mindustry\world\blocks\power\DynamicConsumePower.java,8,1,20,2,0.0,0,0,0,0.0,0.0,0,0,1,0,0,2,1,2,1,1,3,0.333333,0.0833333,1,1,1,2,0.0833333,1,2,2,0,0,1,11,13,7,1,1,0,2,0,2,0,20,3,6,19,0,11,13,7,1,1,0,2,0,2,0,20,3,6,19,0,0,0,9,0,0,0,0,0,0,0,0,0,7,0,0,0,0,0,0,2,0
1302,L5699,ImpactReactor,mindustry.world.blocks.power.ImpactReactor,L37309,L103,C:\Users\domco\Desktop\DP\repos\Mindustry\core\src\mindustry\world\blocks\power\ImpactReactor.java,22,1,164,2,0.0,0,0,0,0.0,0.0,0,0,1,1,1,5,9,4,0,4,8,0.0,0.0,0,0,0,5,0.0,0,7,7,1,1,1,40,53,154,8,10,0,4,10,4,2,117,16,147,115,7,109,143,157,9,11,0,12,11,12,2,130,56,150,128,7,0,0,49,0,4,1,0,2,0,0,1,1,30,0,0,2,0,0,0,16,0
1303,L26755,ItemLiquidGenerator,mindustry.world.blocks.power.ItemLiquidGenerator,L37309,L103,C:\Users\domco\Desktop\DP\repos\Mindustry\core\src\mindustry\world\blocks\power\ItemLiquidGenerator.java,22,1,182,2,0.0,0,0,0,0.0,0.0,0,0,1,1,1,11,12,8,4,9,16,0.2,0.1,6,6,1,4,0.0814815,11,7,7,4,8,1,54,69,156,10,12,2,7,12,4,2,120,20,149,115,7,124,161,161,11,15,2,11,15,8,2,129,63,154,124,7,0,1,49,0,4,1,0,0,0,1,2,1,28,0,2,2,0,1,0,16,0
1304,L6721,LightBlock,mindustry.world.blocks.power.LightBlock,L37309,L103,C:\Users\domco\Desktop\DP\repos\Mindustry\core\src\mindustry\world\blocks\power\LightBlock.java,21,1,117,2,0.0,0,0,0,0.0,0.0,0,0,1,0,0,4,6,5,0,5,9,0.0,0.03125,1,0,0,5,0.0126582,1,4,4,1,1,1,31,39,145,8,3,0,4,3,4,0,111,15,138,109,3,78,97,147,8,5,0,12,5,12,0,119,32,140,117,3,0,0,45,0,0,0,0,0,1,0,0,0,30,0,0,0,0,0,0,14,0
1305,L5680,NuclearReactor,mindustry.world.blocks.power.NuclearReactor,L37309,L103,C:\Users\domco\Desktop\DP\repos\Mindustry\core\src\mindustry\world\blocks\power\NuclearReactor.java,25,1,187,2,0.0,0,0,0,0.0,0.0,0,0,0,1,1,4,9,4,0,4,7,0.0,0.108696,5,5,0,4,0.0530303,7,7,7,1,1,1,41,54,159,8,15,0,3,15,3,2,116,15,152,114,7,125,163,163,9,17,0,10,17,10,2,128,67,156,126,7,0,0,45,0,3,0,0,2,0,0,1,1,26,0,0,2,0,0,0,16,0
1306,L26767,PowerBlock,mindustry.world.blocks.power.PowerBlock,L37309,L103,C:\Users\domco\Desktop\DP\repos\Mindustry\core\src\mindustry\world\blocks\power\PowerBlock.java,6,1,15,2,0.0,0,0,0,0.0,0.0,0,0,0,0,0,1,2,6,3,1,2,0.0,0.0,0,0,0,2,0.0,0,4,4,4,34,1,9,10,142,8,0,0,1,0,1,0,108,5,135,106,3,9,10,142,8,0,0,1,0,1,0,108,5,135,106,3,0,0,13,0,0,0,0,0,0,0,0,0,5,0,0,0,0,0,0,8,0
1307,L5567,PowerDiode,mindustry.world.blocks.power.PowerDiode,L37309,L103,C:\Users\domco\Desktop\DP\repos\Mindustry\core\src\mindustry\world\blocks\power\PowerDiode.java,14,1,81,2,0.0,0,0,0,0.0,0.0,0,0,2,0,0,7,6,4,0,5,9,0.2,0.0344828,1,1,1,4,0.0892857,5,4,4,1,1,1,28,35,143,8,1,0,4,1,4,1,111,15,136,109,4,51,68,143,8,1,0,6,1,6,1,113,31,136,111,4,0,0,28,0,2,0,0,2,2,0,0,0,16,0,0,0,0,0,0,10,0
1308,L26773,PowerDistributor,mindustry.world.blocks.power.PowerDistributor,L37309,L103,C:\Users\domco\Desktop\DP\repos\Mindustry\core\src\mindustry\world\blocks\power\PowerDistributor.java,3,1,10,2,0.0,0,0,0,0.0,0.0,0,0,0,0,0,1,2,3,2,1,2,0.0,0.0,0,0,0,2,0.0,0,5,5,2,24,1,7,8,142,8,0,0,1,0,1,0,109,3,135,107,3,7,8,142,8,0,0,1,0,1,0,109,3,135,107,3,0,0,13,0,0,0,0,0,0,0,0,0,5,0,0,0,0,0,0,8,0
1309,L26776,PowerGenerator,mindustry.world.blocks.power.PowerGenerator,L37309,L103,C:\Users\domco\Desktop\DP\repos\Mindustry\core\src\mindustry\world\blocks\power\PowerGenerator.java,13,1,85,2,0.0,0,0,0,0.0,0.0,0,0,1,1,1,7,8,9,12,5,9,0.0,0.0357143,1,1,0,5,0.0338983,2,6,6,6,19,1,27,37,144,8,2,0,4,2,4,2,113,10,137,111,5,57,73,146,9,4,1,9,4,9,2,118,20,139,116,5,0,0,41,0,1,0,0,0,1,0,0,0,24,0,0,2,0,1,0,14,0
1310,L14250,PowerGraph,mindustry.world.blocks.power.PowerGraph,L37309,L103,C:\Users\domco\Desktop\DP\repos\Mindustry\core\src\mindustry\world\blocks\power\PowerGraph.java,10,1,368,2,0.0,0,0,0,0.0,0.0,0,0,2,5,5,100,3,8,10,5,33,0.107143,0.073718,23,6,3,25,0.073718,23,0,0,1,1,0,289,359,19,15,19,15,28,4,27,0,28,167,4,27,0,289,359,19,15,19,15,28,4,27,0,28,167,4,27,0,0,1,74,1,8,3,0,5,1,6,0,0,55,0,1,0,0,1,0,12,0
1311,L5538,PowerNode,mindustry.world.blocks.power.PowerNode,L37309,L103,C:\Users\domco\Desktop\DP\repos\Mindustry\core\src\mindustry\world\blocks\power\PowerNode.java,25,1,476,2,0.0,0,0,0,0.0,0.0,0,0,3,3,3,64,18,10,7,23,44,0.0625,0.0631579,12,2,1,15,0.0531915,15,5,5,4,5,1,178,330,151,10,9,2,21,6,15,2,129,100,141,121,5,267,452,151,10,9,2,30,6,23,2,138,160,141,129,5,0,0,85,0,0,0,0,0,2,4,1,0,64,0,0,0,0,0,0,14,0
1312,L5639,SingleTypeGenerator,mindustry.world.blocks.power.SingleTypeGenerator,L37309,L103,C:\Users\domco\Desktop\DP\repos\Mindustry\core\src\mindustry\world\blocks\power\SingleTypeGenerator.java,5,1,22,2,0.0,0,0,0,0.0,0.0,0,0,0,0,0,5,3,3,0,1,4,0.0,0.0,0,0,0,2,0.0,0,8,8,1,1,1,15,18,157,12,1,2,3,1,1,0,123,4,150,116,7,15,18,157,12,1,2,3,1,1,0,123,4,150,116,7,0,0,21,0,0,0,0,0,0,0,0,0,9,0,0,2,0,0,0,10,0
1313,L5663,SolarGenerator,mindustry.world.blocks.power.SolarGenerator,L37309,L103,C:\Users\domco\Desktop\DP\repos\Mindustry\core\src\mindustry\world\blocks\power\SolarGenerator.java,9,1,36,2,0.0,0,0,0,0.0,0.0,0,0,0,0,0,2,6,4,0,4,6,0.0,0.0714286,1,0,0,3,0.04,1,7,7,2,2,1,13,17,144,8,0,0,2,0,2,1,115,6,137,113,6,24,28,146,9,0,0,3,0,3,1,121,7,139,119,6,0,0,24,0,0,0,0,0,0,0,0,0,12,0,0,2,0,0,0,10,0
1314,L5614,ThermalGenerator,mindustry.world.blocks.power.ThermalGenerator,L37309,L103,C:\Users\domco\Desktop\DP\repos\Mindustry\core\src\mindustry\world\blocks\power\ThermalGenerator.java,13,1,73,2,0.0,0,0,0,0.0,0.0,0,0,2,0,0,5,9,4,0,8,13,0.0,0.0689655,2,0,0,6,0.0416667,2,7,7,1,1,1,27,37,147,8,3,0,5,3,5,1,118,8,140,116,6,46,61,150,9,4,0,8,4,8,1,126,14,143,124,6,0,0,39,0,0,0,0,0,1,0,0,0,22,0,0,2,0,0,0,14,0
1315,L4762,AttributeCrafter,mindustry.world.blocks.production.AttributeCrafter,L37873,L103,C:\Users\domco\Desktop\DP\repos\Mindustry\core\src\mindustry\world\blocks\production\AttributeCrafter.java,9,1,67,2,0.0,0,0,0,0.0,0.0,0,0,1,0,0,4,6,6,1,6,10,0.2,0.0384615,1,1,1,4,0.0222222,1,5,5,3,3,1,25,35,156,8,4,0,4,4,4,2,117,6,149,115,6,44,59,160,10,5,1,8,5,8,2,132,11,153,130,6,0,0,36,0,1,0,0,0,0,0,0,1,22,0,0,0,0,0,0,14,0
1316,L26794,AttributeSmelter,mindustry.world.blocks.production.AttributeSmelter,L37873,L103,C:\Users\domco\Desktop\DP\repos\Mindustry\core\src\mindustry\world\blocks\production\AttributeSmelter.java,8,1,25,2,0.0,0,0,0,0.0,0.0,0,0,0,0,0,1,1,1,0,1,2,0.5,0.25,3,3,1,1,0.25,4,6,6,0,0,1,9,14,159,8,3,0,1,3,1,0,118,1,152,116,6,12,18,163,10,3,0,1,3,1,0,133,1,156,131,6,0,0,17,0,0,0,0,0,0,0,0,0,3,0,0,2,0,0,0,12,0
1317,L26800,BeamDrill,mindustry.world.blocks.production.BeamDrill,L37873,L103,C:\Users\domco\Desktop\DP\repos\Mindustry\core\src\mindustry\world\blocks\production\BeamDrill.java,20,1,254,2,0.0635193,1,2,1,0.0468085,0.0512821,11,10,4,5,5,24,10,2,1,9,17,0.0,0.020202,2,1,0,8,0.025,5,4,4,0,0,1,97,116,150,9,8,1,8,8,7,0,115,62,143,112,3,195,235,155,9,13,1,14,13,12,0,121,131,148,117,3,0,0,70,0,0,0,10,0,1,8,1,0,34,0,0,0,0,0,0,16,0
1318,L26806,Cultivator,mindustry.world.blocks.production.Cultivator,L37873,L103,C:\Users\domco\Desktop\DP\repos\Mindustry\core\src\mindustry\world\blocks\production\Cultivator.java,15,1,48,2,0.0,0,0,0,0.0,0.0,0,0,0,0,0,1,2,1,0,1,2,0.5,0.3,6,6,1,1,0.205882,7,5,5,0,0,1,14,18,160,8,8,0,1,8,1,0,114,1,153,112,4,27,34,165,9,10,0,3,10,3,0,127,5,158,125,4,0,0,27,0,2,1,0,0,0,0,0,1,11,0,0,0,0,0,0,16,0
1319,L2223,Drill,mindustry.world.blocks.production.Drill,L37873,L103,C:\Users\domco\Desktop\DP\repos\Mindustry\core\src\mindustry\world\blocks\production\Drill.java,26,1,368,2,0.0548961,1,2,1,0.0291545,0.0381679,10,10,2,3,3,34,14,10,1,20,31,0.0,0.0738255,11,11,0,11,0.0437956,12,4,4,4,4,1,138,187,164,9,22,1,11,18,10,2,118,79,153,115,5,262,343,170,9,28,1,24,24,23,2,131,148,159,128,5,0,0,85,0,0,0,10,0,2,1,1,0,54,0,0,0,0,0,0,17,0
1320,L5804,Fracker,mindustry.world.blocks.production.Fracker,L37873,L103,C:\Users\domco\Desktop\DP\repos\Mindustry\core\src\mindustry\world\blocks\production\Fracker.java,7,1,46,2,0.0,0,0,0,0.0,0.0,0,0,0,0,0,2,7,4,0,3,5,0.0,0.0,0,0,0,3,0.0,0,7,7,1,1,1,16,20,154,8,1,0,2,1,2,1,125,8,147,121,7,34,40,162,8,2,0,3,2,3,1,139,17,155,135,7,0,0,28,0,0,0,0,0,0,0,0,0,12,0,0,2,0,0,0,14,0
1321,L4685,GenericCrafter,mindustry.world.blocks.production.GenericCrafter,L37873,L103,C:\Users\domco\Desktop\DP\repos\Mindustry\core\src\mindustry\world\blocks\production\GenericCrafter.java,17,1,199,2,0.0,0,0,0,0.0,0.0,0,0,2,1,1,10,11,25,7,10,16,0.0,0.0517241,3,3,0,7,0.0197368,3,4,4,18,22,1,55,70,152,8,10,0,6,10,6,1,113,23,145,111,4,149,183,155,9,13,1,17,13,17,1,124,72,148,122,4,0,0,60,0,5,0,0,3,2,0,1,1,40,0,0,1,0,1,0,16,0
1322,L26821,GenericSmelter,mindustry.world.blocks.production.GenericSmelter,L37873,L103,C:\Users\domco\Desktop\DP\repos\Mindustry\core\src\mindustry\world\blocks\production\GenericSmelter.java,12,1,54,2,0.0,0,0,0,0.0,0.0,0,0,0,0,0,1,2,2,0,1,2,0.5,0.0833333,1,1,1,1,0.0555556,2,5,5,0,0,1,11,13,159,8,7,0,1,7,1,0,114,3,152,112,4,34,43,162,9,7,0,3,7,3,0,127,17,155,125,4,0,0,25,0,1,1,0,0,0,0,0,0,12,0,0,0,0,0,0,13,0
1323,L4950,Incinerator,mindustry.world.blocks.production.Incinerator,L37873,L103,C:\Users\domco\Desktop\DP\repos\Mindustry\core\src\mindustry\world\blocks\production\Incinerator.java,14,1,82,2,0.0,0,0,0,0.0,0.0,0,0,0,0,0,1,2,4,0,1,2,0.0,0.0,0,0,0,2,0.0,0,4,4,1,1,1,11,13,144,8,2,0,1,2,1,0,108,5,137,106,3,56,69,145,8,3,0,8,3,8,0,115,23,138,113,3,0,0,37,0,0,0,0,0,1,0,0,0,22,0,0,0,0,0,0,14,0
1324,L4831,LiquidConverter,mindustry.world.blocks.production.LiquidConverter,L37873,L103,C:\Users\domco\Desktop\DP\repos\Mindustry\core\src\mindustry\world\blocks\production\LiquidConverter.java,7,1,74,2,0.0,0,0,0,0.0,0.0,0,0,2,1,1,6,9,3,0,8,12,0.0,0.0,0,0,0,5,0.0178571,1,5,5,1,1,1,25,31,152,8,0,0,4,0,4,1,117,11,145,115,5,55,68,155,9,0,0,6,0,6,1,130,28,148,128,5,0,0,30,1,0,0,0,0,2,0,0,1,18,0,0,0,0,0,0,10,0
1325,L26833,PayloadAcceptor,mindustry.world.blocks.production.PayloadAcceptor,L37873,L103,C:\Users\domco\Desktop\DP\repos\Mindustry\core\src\mindustry\world\blocks\production\PayloadAcceptor.java,6,1,18,2,0.0,0,0,0,0.0,0.0,0,0,0,0,0,1,1,1,0,1,2,0.5,0.142857,1,1,1,1,0.181818,2,5,5,0,0,1,6,9,147,8,0,0,1,0,1,0,111,1,140,109,3,9,13,151,9,0,0,1,0,1,0,132,1,144,130,3,0,0,15,0,0,0,0,0,0,0,0,0,5,0,0,0,0,0,0,10,0
1326,L2307,Pump,mindustry.world.blocks.production.Pump,L37873,L103,C:\Users\domco\Desktop\DP\repos\Mindustry\core\src\mindustry\world\blocks\production\Pump.java,15,1,130,2,0.0,0,0,0,0.0,0.0,0,0,2,3,3,16,14,9,3,9,15,0.0,0.0172414,1,1,0,6,0.0105263,1,5,5,4,7,1,57,70,146,8,1,0,6,1,5,1,115,37,139,112,4,94,116,148,8,3,0,11,3,10,1,121,52,141,118,4,0,0,45,0,7,1,0,4,2,0,1,0,28,0,0,0,0,2,0,14,0
1327,L4887,Separator,mindustry.world.blocks.production.Separator,L37873,L103,C:\Users\domco\Desktop\DP\repos\Mindustry\core\src\mindustry\world\blocks\production\Separator.java,20,1,159,2,0.0,0,0,0,0.0,0.0,0,0,0,0,0,2,7,5,0,5,7,0.333333,0.12,3,3,1,2,0.0420168,5,4,4,2,2,1,22,27,147,8,5,0,2,5,2,1,109,10,140,107,4,114,140,151,8,9,0,12,9,12,1,119,59,144,117,4,0,0,46,0,3,0,0,3,1,0,0,0,30,0,0,0,0,0,0,15,0
1328,L26845,SingleBlockProducer,mindustry.world.blocks.production.SingleBlockProducer,L37873,L103,C:\Users\domco\Desktop\DP\repos\Mindustry\core\src\mindustry\world\blocks\production\SingleBlockProducer.java,8,1,23,2,0.0,0,0,0,0.0,0.0,0,0,0,0,0,1,2,2,0,1,2,0.0,0.0,0,0,0,2,0.0,0,6,6,0,0,1,6,8,149,8,1,0,1,1,1,0,115,1,142,113,4,13,16,156,10,1,0,2,1,2,0,144,2,149,142,4,0,0,24,0,0,0,0,0,0,0,0,0,10,0,0,2,0,0,0,12,0
1329,L5764,SolidPump,mindustry.world.blocks.production.SolidPump,L37873,L103,C:\Users\domco\Desktop\DP\repos\Mindustry\core\src\mindustry\world\blocks\production\SolidPump.java,20,1,156,2,0.0,0,0,0,0.0,0.0,0,0,5,1,1,12,13,6,3,12,20,0.125,0.0862069,5,4,1,7,0.0438596,5,6,6,2,3,1,53,69,153,8,7,0,8,7,7,2,123,18,146,119,6,109,137,160,8,12,0,15,12,14,2,136,44,153,132,6,0,0,57,0,4,0,0,2,2,0,1,1,36,1,0,2,0,0,0,16,0
1330,L2298,ItemSource,mindustry.world.blocks.sandbox.ItemSource,L38350,L103,C:\Users\domco\Desktop\DP\repos\Mindustry\core\src\mindustry\world\blocks\sandbox\ItemSource.java,16,1,112,2,0.249084,2,4,2,0.226804,0.25,22,20,2,0,0,4,6,5,0,4,8,0.0,0.0,0,0,0,5,0.0,0,4,4,1,1,1,28,34,142,8,0,0,4,0,4,1,111,15,135,109,4,80,97,143,8,1,0,12,0,12,1,119,38,135,117,4,0,0,61,0,2,0,21,2,2,0,0,0,30,0,0,0,0,0,0,8,0
1331,L6669,ItemVoid,mindustry.world.blocks.sandbox.ItemVoid,L38350,L103,C:\Users\domco\Desktop\DP\repos\Mindustry\core\src\mindustry\world\blocks\sandbox\ItemVoid.java,8,1,26,2,0.0,0,0,0,0.0,0.0,0,0,0,0,0,1,3,3,0,1,2,0.0,0.0,0,0,0,2,0.0,0,4,4,1,1,1,8,10,142,8,0,0,1,0,1,0,108,4,135,106,3,16,19,142,8,0,0,3,0,3,0,110,5,135,108,3,0,0,21,0,1,0,0,0,1,0,0,0,12,1,0,0,0,0,0,8,0
1332,L2301,LiquidSource,mindustry.world.blocks.sandbox.LiquidSource,L38350,L103,C:\Users\domco\Desktop\DP\repos\Mindustry\core\src\mindustry\world\blocks\sandbox\LiquidSource.java,16,1,113,2,0.22973,2,4,2,0.22449,0.243902,22,20,1,0,0,3,6,5,0,4,7,0.0,0.0,0,0,0,4,0.0,0,4,4,1,1,1,27,33,142,8,0,0,3,0,3,1,110,17,135,108,4,82,98,143,8,1,0,11,1,11,1,118,40,136,116,4,0,0,63,0,1,0,21,0,1,0,0,0,28,0,0,0,0,1,0,13,0
1333,L6688,LiquidVoid,mindustry.world.blocks.sandbox.LiquidVoid,L38350,L103,C:\Users\domco\Desktop\DP\repos\Mindustry\core\src\mindustry\world\blocks\sandbox\LiquidVoid.java,8,1,36,2,0.0,0,0,0,0.0,0.0,0,0,0,0,0,2,4,3,0,3,5,0.0,0.0,0,0,0,3,0.0,0,4,4,1,1,1,15,19,142,8,0,0,2,0,2,1,109,8,135,107,4,24,29,142,8,0,0,4,0,4,1,111,9,135,109,4,0,0,23,0,1,0,0,0,1,0,0,0,14,1,0,0,0,0,0,8,0
1334,L6637,PowerSource,mindustry.world.blocks.sandbox.PowerSource,L38350,L103,C:\Users\domco\Desktop\DP\repos\Mindustry\core\src\mindustry\world\blocks\sandbox\PowerSource.java,6,1,25,2,0.0,0,0,0,0.0,0.0,0,0,0,0,0,1,3,4,0,1,2,0.0,0.0909091,1,0,0,2,0.0588235,1,6,6,1,1,1,10,14,152,10,1,0,1,1,1,0,130,5,142,122,5,16,20,152,11,1,1,2,1,2,0,140,6,142,131,5,0,0,22,0,1,0,0,1,0,0,0,0,10,0,0,2,0,0,0,10,0
1335,L6650,PowerVoid,mindustry.world.blocks.sandbox.PowerVoid,L38350,L103,C:\Users\domco\Desktop\DP\repos\Mindustry\core\src\mindustry\world\blocks\sandbox\PowerVoid.java,6,1,20,2,0.0,0,0,0,0.0,0.0,0,0,0,0,0,2,7,3,0,4,6,0.0,0.0,0,0,0,3,0.0,0,5,5,1,1,1,13,15,142,8,0,0,2,0,2,1,110,6,135,108,4,13,15,142,8,0,0,2,0,2,1,110,6,135,108,4,0,0,15,0,0,0,0,0,0,0,0,0,7,0,0,0,0,0,0,8,0
1336,L2067,CoreBlock,mindustry.world.blocks.storage.CoreBlock,L38429,L103,C:\Users\domco\Desktop\DP\repos\Mindustry\core\src\mindustry\world\blocks\storage\CoreBlock.java,28,1,493,2,0.0,0,0,0,0.0,0.0,0,0,3,3,3,35,23,28,0,20,31,0.0,0.0909091,11,1,0,12,0.0653951,24,5,5,3,3,1,110,151,148,8,6,0,11,5,11,2,121,62,140,119,5,343,466,153,9,11,1,38,10,38,2,148,186,145,146,5,0,0,107,0,0,0,0,0,2,0,2,0,82,0,0,0,0,0,0,21,0
1337,L5857,StorageBlock,mindustry.world.blocks.storage.StorageBlock,L38429,L103,C:\Users\domco\Desktop\DP\repos\Mindustry\core\src\mindustry\world\blocks\storage\StorageBlock.java,15,1,122,2,0.0,0,0,0,0.0,0.0,0,0,2,2,2,6,8,10,3,5,8,0.0,0.0,0,0,0,4,0.0217391,2,4,4,3,6,1,28,32,142,8,0,0,3,0,3,0,110,17,135,108,3,90,108,143,9,1,1,12,1,12,0,119,40,136,117,3,0,0,44,0,0,0,0,0,1,0,0,0,30,0,0,0,0,0,0,13,0
1338,L5874,Unloader,mindustry.world.blocks.storage.Unloader,L38429,L103,C:\Users\domco\Desktop\DP\repos\Mindustry\core\src\mindustry\world\blocks\storage\Unloader.java,18,1,255,2,0.0222898,1,2,1,0.0420168,0.0471204,10,9,1,0,0,4,9,5,0,6,10,0.0,0.0,0,0,0,5,0.0591133,12,4,4,1,1,1,32,38,143,8,1,0,4,1,4,2,111,18,136,109,5,191,238,154,8,12,0,12,7,12,2,119,127,142,117,5,0,0,67,0,16,0,9,11,1,3,0,0,33,0,1,0,0,4,0,21,0
1339,L6359,CommandCenter,mindustry.world.blocks.units.CommandCenter,L38619,L103,C:\Users\domco\Desktop\DP\repos\Mindustry\core\src\mindustry\world\blocks\units\CommandCenter.java,22,1,143,2,0.0,0,0,0,0.0,0.0,0,0,2,2,2,5,7,4,0,3,6,0.0,0.0294118,1,0,0,4,0.0229885,2,4,4,1,1,1,33,49,150,8,8,0,3,8,3,0,110,14,143,108,3,85,122,150,8,8,0,10,8,10,0,117,39,143,115,3,0,0,39,0,5,2,0,1,2,0,0,1,26,0,0,0,0,1,0,11,0
1340,L6416,Reconstructor,mindustry.world.blocks.units.Reconstructor,L38619,L103,C:\Users\domco\Desktop\DP\repos\Mindustry\core\src\mindustry\world\blocks\units\Reconstructor.java,25,1,281,2,0.0820399,1,4,1,0.0505837,0.0555556,13,10,3,2,2,10,16,8,0,11,18,0.0,0.0,0,0,0,8,0.0322581,6,6,6,4,4,1,48,82,150,8,3,0,7,3,7,2,119,20,143,117,5,180,257,157,10,3,1,24,3,24,2,159,92,150,157,5,0,0,86,0,0,0,10,0,2,3,2,0,54,0,0,2,0,0,0,13,0
1341,L6505,RepairPoint,mindustry.world.blocks.units.RepairPoint,L38619,L103,C:\Users\domco\Desktop\DP\repos\Mindustry\core\src\mindustry\world\blocks\units\RepairPoint.java,23,1,242,2,0.0,0,0,0,0.0,0.0,0,0,3,1,1,12,19,6,2,13,19,0.0,0.039604,4,2,0,7,0.0227273,4,4,4,2,2,1,97,126,164,8,22,0,6,20,6,1,113,47,155,111,4,172,220,169,8,27,0,15,25,15,1,122,81,160,120,4,0,0,58,0,0,0,0,0,2,1,2,0,36,0,0,0,0,0,0,17,0
1342,L26884,UnitBlock,mindustry.world.blocks.units.UnitBlock,L38619,L103,C:\Users\domco\Desktop\DP\repos\Mindustry\core\src\mindustry\world\blocks\units\UnitBlock.java,9,1,41,2,0.0,0,0,0,0.0,0.0,0,0,1,1,1,4,7,3,2,1,3,0.0,0.0,0,0,0,3,0.0,0,5,5,2,9,1,15,18,147,8,0,0,2,0,2,0,112,10,140,110,3,28,33,154,9,3,0,4,3,4,0,135,14,147,133,3,0,0,27,0,0,0,0,0,0,0,0,0,14,0,0,0,0,0,0,13,0
1343,L6372,UnitFactory,mindustry.world.blocks.units.UnitFactory,L38619,L103,C:\Users\domco\Desktop\DP\repos\Mindustry\core\src\mindustry\world\blocks\units\UnitFactory.java,26,1,308,2,0.0249433,1,2,1,0.0353357,0.0456853,10,9,3,2,2,9,15,7,0,10,17,0.0,0.0,0,0,0,8,0.00505051,1,6,6,3,3,1,58,101,149,8,2,0,7,2,7,2,119,28,142,117,5,197,283,160,10,6,1,26,6,25,2,161,97,153,158,5,0,0,96,1,7,2,9,5,2,0,2,0,61,1,0,2,0,0,0,20,0
1344,L40208,DesktopLauncher$1,mindustry.desktop.DesktopLauncher$1,L40202,L103,C:\Users\domco\Desktop\DP\repos\Mindustry\desktop\src\mindustry\desktop\DesktopLauncher.java,39,73,52,15,0.0,0,0,0,0.0,0.0,0,0,0,0,0,0,0,0,0,0,0,0.0,0.0,0,0,0,1,0.0,0,0,0,0,0,0,13,14,0,0,0,0,0,0,0,0,0,0,0,0,0,13,14,0,0,0,0,0,0,0,0,0,0,0,0,0,0,1,3,0,0,0,0,0,0,0,0,0,3,0,1,0,0,0,0,0,0
1345,L40264,DesktopLauncher$2,mindustry.desktop.DesktopLauncher$2,L40218,L103,C:\Users\domco\Desktop\DP\repos\Mindustry\desktop\src\mindustry\desktop\DesktopLauncher.java,134,36,166,10,0.0,0,0,0,0.0,0.0,0,0,4,0,0,6,3,0,0,1,7,0.0,0.0,0,0,0,7,0.0,0,1,1,0,0,1,27,33,4,2,0,1,6,0,6,1,18,7,0,13,2,27,33,4,2,0,1,6,0,6,1,18,7,0,13,2,0,0,16,0,0,0,0,0,1,0,0,0,15,0,0,0,0,0,0,0,0
1346,L40337,SNet$SteamConnection,mindustry.desktop.steam.SNet$SteamConnection,L40236,L103,C:\Users\domco\Desktop\DP\repos\Mindustry\desktop\src\mindustry\desktop\steam\SNet.java,404,5,444,6,0.0,0,0,0,0.0,0.0,0,0,2,2,2,9,4,1,1,3,7,0.0,0.0833333,3,0,0,5,0.0833333,3,1,1,0,0,1,33,41,21,0,1,0,4,0,4,0,12,18,20,11,0,33,41,21,0,1,0,4,0,4,0,12,18,20,11,0,0,0,13,1,3,0,0,2,1,0,0,1,9,0,0,0,0,1,0,3,0
1347,L40532,IOSLauncher$1,mindustry.ios.IOSLauncher$1,L40529,L103,C:\Users\domco\Desktop\DP\repos\Mindustry\ios\src\mindustry\ios\IOSLauncher.java,43,55,176,10,0.0,0,0,0,0.0,0.0,0,0,4,2,2,7,5,0,0,1,5,0.0,0.0576923,3,0,0,5,0.032967,3,2,2,0,0,1,49,62,5,4,0,0,4,0,4,0,29,29,0,29,0,88,134,5,4,0,0,11,0,11,0,36,40,0,36,0,0,1,33,4,7,1,0,1,2,0,0,0,31,5,5,0,0,0,0,0,0
1348,L40653,ServerControl$1,mindustry.server.ServerControl$1,L40648,L103,C:\Users\domco\Desktop\DP\repos\Mindustry\server\src\mindustry\server\ServerControl.java,1022,34,1032,14,0.0,0,0,0,0.0,0.0,0,0,1,1,1,2,4,0,0,2,3,0.0,0.0,0,0,0,2,0.0,0,0,0,0,0,0,11,11,0,0,0,0,1,0,1,0,1,4,0,1,0,11,11,0,0,0,0,1,0,1,0,1,4,0,1,0,0,0,5,0,0,0,0,0,0,0,0,0,5,0,0,0,0,0,0,0,0
1349,L40682,ServerLauncher$1,mindustry.server.ServerLauncher$1,L40677,L103,C:\Users\domco\Desktop\DP\repos\Mindustry\server\src\mindustry\server\ServerLauncher.java,27,43,27,45,0.0,0,0,0,0.0,0.0,0,0,0,0,0,0,1,0,0,0,0,0.0,0.0,0,0,0,1,0.0,0,1,1,0,0,1,1,1,0,4,0,0,0,0,0,0,21,0,0,21,0,1,1,0,4,0,0,0,0,0,0,21,0,0,21,0,0,0,3,0,0,0,0,0,0,0,0,0,3,0,0,0,0,0,0,0,0
1350,L40693,ServerLauncher$2,mindustry.server.ServerLauncher$2,L40686,L103,C:\Users\domco\Desktop\DP\repos\Mindustry\server\src\mindustry\server\ServerLauncher.java,68,55,68,99,0.0,0,0,0,0.0,0.0,0,0,1,0,0,1,2,0,0,1,2,0.0,0.0,0,0,0,2,0.0,0,0,0,0,0,0,1,1,0,0,0,0,1,0,1,0,1,1,0,1,0,1,1,0,0,0,0,1,0,1,0,1,1,0,1,0,0,0,5,0,0,0,0,0,0,0,0,0,5,0,0,0,0,0,0,0,0
1351,L40698,ServerLauncher$3,mindustry.server.ServerLauncher$3,L40686,L103,C:\Users\domco\Desktop\DP\repos\Mindustry\server\src\mindustry\server\ServerLauncher.java,72,55,72,97,0.0,0,0,0,0.0,0.0,0,0,1,0,0,1,2,0,0,1,2,0.0,0.0,0,0,0,2,0.0,0,0,0,0,0,0,1,1,0,0,0,0,1,0,1,0,1,1,0,1,0,1,1,0,0,0,0,1,0,1,0,1,1,0,1,0,0,0,5,0,0,0,0,0,0,0,0,0,5,0,0,0,0,0,0,0,0
1352,L40800,ImagePacker$1,mindustry.tools.ImagePacker$1,L40798,L103,C:\Users\domco\Desktop\DP\repos\Mindustry\tools\src\mindustry\tools\ImagePacker.java,41,40,83,10,0.0,0,0,0,0.0,0.0,0,0,2,1,1,8,3,0,0,1,5,0.0,0.0,0,0,0,5,0.0,0,0,0,0,0,0,35,39,0,0,0,0,4,0,4,0,4,16,0,4,0,39,43,2,0,0,0,4,0,4,0,6,16,0,5,0,0,1,15,0,0,0,0,0,1,0,0,0,14,0,1,0,0,0,0,0,0
1353,L202,AndroidLauncher$1$1,mindustry.android.AndroidLauncher$1$1,L193,L103,C:\Users\domco\Desktop\DP\repos\Mindustry\android\src\mindustry\android\AndroidLauncher.java,78,103,98,18,0.0,0,0,0,0.0,0.0,0,0,1,2,2,4,0,0,0,0,1,0.0,0.15,3,0,0,1,0.15,3,0,0,0,0,0,17,21,0,0,0,0,1,0,0,0,1,8,0,0,0,17,21,0,0,0,0,1,0,0,0,1,8,0,0,0,0,0,5,0,0,0,0,0,0,0,0,0,5,0,0,0,0,0,0,0,0
1354,L1803,AnnotationProxyMaker$1,mindustry.annotations.util.AnnotationProxyMaker$1,L1798,L103,C:\Users\domco\Desktop\DP\repos\Mindustry\annotations\src\main\java\mindustry\annotations\util\AnnotationProxyMaker.java,218,40,223,14,0.0,0,0,0,0.0,0.0,0,0,1,0,0,1,0,0,0,0,1,0.0,0.0,0,0,0,1,0.0,0,0,0,0,0,0,6,6,0,0,0,0,1,0,0,0,1,1,0,0,0,6,6,0,0,0,0,1,0,0,0,1,1,0,0,0,0,0,5,0,0,0,0,0,0,0,0,0,5,0,0,0,0,0,0,0,0
1355,L20256,HexSkyMesh$1,mindustry.graphics.g3d.HexSkyMesh$1,L20243,L103,C:\Users\domco\Desktop\DP\repos\Mindustry\core\src\mindustry\graphics\g3d\HexSkyMesh.java,17,59,32,10,0.0,0,0,0,0.0,0.0,0,0,1,0,0,3,2,0,0,0,3,0.0,0.0,0,0,0,4,0.0,0,1,1,0,0,1,14,16,0,2,0,2,3,0,3,0,3,3,0,3,0,14,16,0,2,0,2,3,0,3,0,3,3,0,3,0,0,0,9,0,0,0,0,0,0,0,0,0,9,0,0,0,0,0,0,0,0
1356,L20344,MeshBuilder$1,mindustry.graphics.g3d.MeshBuilder$1,L20337,L103,C:\Users\domco\Desktop\DP\repos\Mindustry\core\src\mindustry\graphics\g3d\MeshBuilder.java,32,40,42,10,1.0,1,1,1,1.0,1.0,11,10,0,0,0,2,1,0,0,0,2,0.0,0.0,0,0,0,3,0.0,0,1,1,0,0,1,10,11,0,2,0,2,2,0,2,0,3,2,0,3,0,10,11,0,2,0,2,2,0,2,0,3,2,0,3,0,0,0,22,0,0,0,15,0,0,0,0,0,7,0,0,0,0,0,0,0,0
1357,L20418,NoiseMesh$1,mindustry.graphics.g3d.NoiseMesh$1,L20405,L103,C:\Users\domco\Desktop\DP\repos\Mindustry\core\src\mindustry\graphics\g3d\NoiseMesh.java,14,57,24,10,0.0,0,0,0,0.0,0.0,0,0,0,0,0,2,2,0,0,0,2,0.0,0.0,0,0,0,3,0.0,0,1,1,0,0,1,10,11,0,2,0,2,2,0,2,0,3,2,0,3,0,10,11,0,2,0,2,2,0,2,0,3,2,0,3,0,0,0,7,0,0,0,0,0,0,0,0,0,7,0,0,0,0,0,0,0,0
1358,L20441,NoiseMesh$2,mindustry.graphics.g3d.NoiseMesh$2,L20423,L103,C:\Users\domco\Desktop\DP\repos\Mindustry\core\src\mindustry\graphics\g3d\NoiseMesh.java,31,57,41,10,0.0,0,0,0,0.0,0.0,0,0,0,0,0,3,2,0,0,0,2,0.0,0.0,0,0,0,3,0.0,0,1,1,0,0,1,10,11,0,2,0,2,2,0,2,0,3,2,0,3,0,10,11,0,2,0,2,2,0,2,0,3,2,0,3,0,0,0,7,0,0,0,0,0,0,0,0,0,7,0,0,0,0,0,0,0,0
1359,L20729,PlanetRenderer$2,mindustry.graphics.g3d.PlanetRenderer$2,L20669,L103,C:\Users\domco\Desktop\DP\repos\Mindustry\core\src\mindustry\graphics\g3d\PlanetRenderer.java,311,66,321,14,1.0,1,1,1,1.0,1.0,11,10,0,0,0,2,2,0,0,0,2,0.0,0.0,0,0,0,3,0.0,0,1,1,0,0,1,10,11,0,2,0,2,2,0,2,0,3,2,0,3,0,10,11,0,2,0,2,2,0,2,0,3,2,0,3,0,0,0,22,0,0,0,15,0,0,0,0,0,7,0,0,0,0,0,0,0,0
1360,L20760,SunMesh$1,mindustry.graphics.g3d.SunMesh$1,L20747,L103,C:\Users\domco\Desktop\DP\repos\Mindustry\core\src\mindustry\graphics\g3d\SunMesh.java,14,38,26,10,0.0,0,0,0,0.0,0.0,0,0,0,0,0,2,1,0,0,0,2,0.0,0.0,0,0,0,3,0.0,0,1,1,0,0,1,11,13,0,2,0,2,2,0,2,0,3,3,0,3,0,11,13,0,2,0,2,2,0,2,0,3,3,0,3,0,0,0,7,0,0,0,0,0,0,0,0,0,7,0,0,0,0,0,0,0,0
1361,L23955,LCanvas$JumpButton$1,mindustry.logic.LCanvas$JumpButton$1,L23948,L103,C:\Users\domco\Desktop\DP\repos\Mindustry\core\src\mindustry\logic\LCanvas.java,458,44,486,14,0.0,0,0,0,0.0,0.0,0,0,3,1,1,5,3,0,0,0,3,0.0,0.0,0,0,0,4,0.0,0,0,0,0,0,0,26,29,0,0,0,0,3,0,3,0,3,13,0,3,0,26,29,0,0,0,0,3,0,3,0,3,13,0,3,0,0,0,10,0,0,0,0,0,1,0,0,0,9,0,0,0,0,0,0,0,0
1362,L26309,SerpuloPlanetGenerator$1Room,mindustry.maps.planet.SerpuloPlanetGenerator$1Room,L26308,L103,C:\Users\domco\Desktop\DP\repos\Mindustry\core\src\mindustry\maps\planet\SerpuloPlanetGenerator.java,158,9,239,10,0.0,0,0,0,0.0,0.0,0,0,1,1,1,10,3,1,1,2,7,0.0,0.0784314,4,0,0,1,0.0784314,4,0,0,0,0,0,47,82,4,0,4,0,5,0,0,0,5,34,0,0,0,47,82,4,0,4,0,5,0,0,0,5,34,0,0,0,0,0,13,0,13,4,0,9,0,0,0,0,13,0,0,0,0,0,0,0,0
1363,L28219,ArcNetProvider$ArcConnection$1,mindustry.net.ArcNetProvider$ArcConnection$1,L28214,L103,C:\Users\domco\Desktop\DP\repos\Mindustry\core\src\mindustry\net\ArcNetProvider.java,296,77,316,14,0.0,0,0,0,0.0,0.0,0,0,1,0,0,2,5,0,0,1,3,0.0,0.1,2,0,0,1,0.1,2,0,0,0,0,0,18,21,1,0,1,0,2,0,0,0,2,9,0,0,0,18,21,1,0,1,0,2,0,0,0,2,9,0,0,0,0,0,7,0,0,0,0,0,0,0,0,0,7,0,0,0,0,0,0,0,0
1364,L30640,AboutDialog$1,mindustry.ui.dialogs.AboutDialog$1,L30638,L103,C:\Users\domco\Desktop\DP\repos\Mindustry\core\src\mindustry\ui\dialogs\AboutDialog.java,105,41,114,15,0.0,0,0,0,0.0,0.0,0,0,0,0,0,0,0,0,0,0,0,0.0,0.0,0,0,0,1,0.0,0,0,0,0,0,0,10,10,0,0,0,0,0,0,0,0,0,0,0,0,0,10,10,0,0,0,0,0,0,0,0,0,0,0,0,0,0,1,3,0,1,0,0,0,0,0,0,0,3,0,2,0,0,0,0,0,0
1365,L30690,CustomGameDialog$1,mindustry.ui.dialogs.CustomGameDialog$1,L30689,L103,C:\Users\domco\Desktop\DP\repos\Mindustry\core\src\mindustry\ui\dialogs\CustomGameDialog.java,42,56,47,11,0.0,0,0,0,0.0,0.0,0,0,0,0,0,0,0,0,0,0,0,0.0,0.0,0,0,0,1,0.0,0,0,0,0,0,0,6,6,0,0,0,0,0,0,0,0,0,0,0,0,0,6,6,0,0,0,0,0,0,0,0,0,0,0,0,0,0,1,3,0,0,0,0,0,0,0,0,0,3,0,1,0,0,0,0,0,0
1366,L30876,JoinDialog$1,mindustry.ui.dialogs.JoinDialog$1,L11431,L103,C:\Users\domco\Desktop\DP\repos\Mindustry\core\src\mindustry\ui\dialogs\JoinDialog.java,48,38,55,11,0.0,0,0,0,0.0,0.0,0,0,0,0,0,0,0,0,0,0,0,0.0,0.0,0,0,0,1,0.0,0,0,0,0,0,0,8,8,0,0,0,0,0,0,0,0,0,0,0,0,0,8,8,0,0,0,0,0,0,0,0,0,0,0,0,0,0,1,3,0,0,0,0,0,0,0,0,0,3,0,1,0,0,0,0,0,0
1367,L31004,KeybindDialog$1,mindustry.ui.dialogs.KeybindDialog$1,L31000,L103,C:\Users\domco\Desktop\DP\repos\Mindustry\core\src\mindustry\ui\dialogs\KeybindDialog.java,228,57,251,14,0.0,0,0,0,0.0,0.0,0,0,3,1,1,6,1,0,0,1,4,0.0,0.0,0,0,0,4,0.0,0,0,0,0,0,0,22,24,0,0,0,0,3,0,3,0,3,14,0,3,0,22,24,0,0,0,0,3,0,3,0,3,14,0,3,0,0,0,10,0,3,0,0,3,1,0,0,0,9,0,0,0,0,0,0,0,0
1368,L31189,MinimapDialog$1,mindustry.ui.dialogs.MinimapDialog$1,L31188,L103,C:\Users\domco\Desktop\DP\repos\Mindustry\core\src\mindustry\ui\dialogs\MinimapDialog.java,43,45,49,10,0.0,0,0,0,0.0,0.0,0,0,1,0,0,1,3,0,0,1,2,0.0,0.0,0,0,0,2,0.0,0,0,0,0,0,0,7,7,0,0,0,0,1,0,1,0,1,2,0,1,0,7,7,0,0,0,0,1,0,1,0,1,2,0,1,0,0,0,5,0,0,0,0,0,0,0,0,0,5,0,0,0,0,0,0,0,0
1369,L31198,MinimapDialog$2,mindustry.ui.dialogs.MinimapDialog$2,L31188,L103,C:\Users\domco\Desktop\DP\repos\Mindustry\core\src\mindustry\ui\dialogs\MinimapDialog.java,51,54,66,10,0.0,0,0,0,0.0,0.0,0,0,1,1,1,3,3,0,0,2,4,0.0,0.0,0,0,0,3,0.0,0,0,0,0,0,0,14,16,1,0,1,0,2,0,2,0,2,4,0,2,0,14,16,1,0,1,0,2,0,2,0,2,4,0,2,0,0,0,7,0,0,0,0,0,0,0,0,0,7,0,0,0,0,0,0,0,0
1370,L31315,PlanetDialog$1,mindustry.ui.dialogs.PlanetDialog$1,L11473,L103,C:\Users\domco\Desktop\DP\repos\Mindustry\core\src\mindustry\ui\dialogs\PlanetDialog.java,82,40,99,10,0.0,0,0,0,0.0,0.0,0,0,1,3,2,8,2,0,0,2,3,0.0,0.0555556,1,0,0,2,0.0555556,1,0,0,0,0,0,17,18,0,0,0,0,1,0,1,0,1,9,0,1,0,17,18,0,0,0,0,1,0,1,0,1,9,0,1,0,0,0,5,0,0,0,0,0,0,0,0,0,5,0,0,0,0,0,0,0,0
1371,L31328,PlanetDialog$2,mindustry.ui.dialogs.PlanetDialog$2,L11473,L103,C:\Users\domco\Desktop\DP\repos\Mindustry\core\src\mindustry\ui\dialogs\PlanetDialog.java,134,40,142,10,0.0,0,0,0,0.0,0.0,0,0,1,1,1,2,3,0,0,0,1,0.0,0.0,0,0,0,2,0.0,0,0,0,0,0,0,9,9,0,0,0,0,1,0,1,0,1,3,0,1,0,9,9,0,0,0,0,1,0,1,0,1,3,0,1,0,0,0,5,0,0,0,0,0,0,0,0,0,5,0,0,0,0,0,0,0,0
1372,L31337,PlanetDialog$3,mindustry.ui.dialogs.PlanetDialog$3,L11473,L103,C:\Users\domco\Desktop\DP\repos\Mindustry\core\src\mindustry\ui\dialogs\PlanetDialog.java,144,56,160,10,0.0,0,0,0,0.0,0.0,0,0,1,1,1,3,3,0,0,0,2,0.0,0.0,0,0,0,3,0.0,0,0,0,0,0,0,14,17,1,0,1,0,2,0,2,0,2,4,0,2,0,14,17,1,0,1,0,2,0,2,0,2,4,0,2,0,0,0,7,0,0,0,0,0,0,0,0,0,7,0,0,0,0,0,0,0,0
1373,L31412,PlanetDialog$4,mindustry.ui.dialogs.PlanetDialog$4,L31408,L103,C:\Users\domco\Desktop\DP\repos\Mindustry\core\src\mindustry\ui\dialogs\PlanetDialog.java,469,22,505,10,0.0,0,0,0,0.0,0.0,0,0,2,1,1,4,2,0,0,1,3,0.0,0.0,0,0,0,3,0.0,0,0,0,0,0,0,17,21,0,0,0,0,2,0,2,0,2,4,0,2,0,30,37,0,0,0,0,2,0,2,0,2,4,0,2,0,0,0,8,0,0,0,0,0,1,0,0,0,7,0,0,0,0,0,0,0,0
1374,L31497,ResearchDialog$2,mindustry.ui.dialogs.ResearchDialog$2,L11476,L103,C:\Users\domco\Desktop\DP\repos\Mindustry\core\src\mindustry\ui\dialogs\ResearchDialog.java,133,40,147,10,0.0,0,0,0,0.0,0.0,0,0,2,0,0,2,1,0,0,0,2,0.0,0.0,0,0,0,3,0.0,0,0,0,0,0,0,14,15,0,0,0,0,2,0,2,0,2,6,0,2,0,14,15,0,0,0,0,2,0,2,0,2,6,0,2,0,0,0,8,0,0,0,0,0,1,0,0,0,7,0,0,0,0,0,0,0,0
1375,L31508,ResearchDialog$3,mindustry.ui.dialogs.ResearchDialog$3,L11476,L103,C:\Users\domco\Desktop\DP\repos\Mindustry\core\src\mindustry\ui\dialogs\ResearchDialog.java,151,56,175,10,0.0,0,0,0,0.0,0.0,0,0,3,1,1,4,2,0,0,1,4,0.0,0.0,0,0,0,4,0.0,0,0,0,0,0,0,22,25,0,0,0,0,3,0,3,0,3,10,0,3,0,22,25,0,0,0,0,3,0,3,0,3,10,0,3,0,0,0,10,0,0,0,0,0,1,0,0,0,9,0,0,0,0,0,0,0,0
1376,L31554,ResearchDialog$4,mindustry.ui.dialogs.ResearchDialog$4,L31535,L103,C:\Users\domco\Desktop\DP\repos\Mindustry\core\src\mindustry\ui\dialogs\ResearchDialog.java,186,31,189,11,0.0,0,0,0,0.0,0.0,0,0,0,0,0,0,1,0,0,0,0,0.0,0.0,0,0,0,1,0.0,0,2,2,0,0,1,4,4,9,11,0,0,0,0,0,0,23,0,4,5,0,4,4,9,11,0,0,0,0,0,0,23,0,4,5,0,0,1,5,0,0,0,0,0,0,0,0,0,3,0,1,0,0,0,0,2,0
1377,L31570,ResearchDialog$5,mindustry.ui.dialogs.ResearchDialog$5,L31535,L103,C:\Users\domco\Desktop\DP\repos\Mindustry\core\src\mindustry\ui\dialogs\ResearchDialog.java,196,35,199,15,0.0,0,0,0,0.0,0.0,0,0,0,0,0,0,1,0,0,0,0,0.0,0.0,0,0,0,1,0.0,0,2,2,0,0,1,4,4,9,11,0,0,0,0,0,0,23,0,4,5,0,4,4,9,11,0,0,0,0,0,0,23,0,4,5,0,0,1,5,0,0,0,0,0,0,0,0,0,3,0,1,0,0,0,0,2,0
1378,L31715,SchematicsDialog$2,mindustry.ui.dialogs.SchematicsDialog$2,L31713,L103,C:\Users\domco\Desktop\DP\repos\Mindustry\core\src\mindustry\ui\dialogs\SchematicsDialog.java,402,21,439,11,0.0,0,0,0,0.0,0.0,0,0,0,0,0,0,0,0,0,0,0,0.0,0.0,0,0,0,1,0.0,0,0,0,0,0,0,7,38,0,0,0,0,0,0,0,0,0,0,0,0,0,7,38,0,0,0,0,0,0,0,0,0,0,0,0,0,0,1,3,0,3,0,0,1,0,0,0,0,3,0,2,0,0,1,0,0,0
1379,L31819,SettingsMenuDialog$SettingsTable$Setting,mindustry.ui.dialogs.SettingsMenuDialog$SettingsTable$Setting,L31756,L103,C:\Users\domco\Desktop\DP\repos\Mindustry\core\src\mindustry\ui\dialogs\SettingsMenuDialog.java,632,9,663,10,0.0,0,0,0,0.0,0.0,0,0,1,1,1,6,1,5,8,0,3,0.0,0.0,0,0,0,4,0.0,0,0,0,3,4,0,17,21,3,0,3,0,3,3,3,0,3,7,3,3,0,28,32,3,0,3,0,4,3,3,1,4,12,3,3,1,0,0,18,0,0,0,0,0,0,0,0,0,14,0,0,0,0,0,0,4,0
1380,L31848,SettingsMenuDialog$SettingsTable$CheckSetting,mindustry.ui.dialogs.SettingsMenuDialog$SettingsTable$CheckSetting,L31756,L103,C:\Users\domco\Desktop\DP\repos\Mindustry\core\src\mindustry\ui\dialogs\SettingsMenuDialog.java,665,9,692,10,0.0,0,0,0,0.0,0.0,0,0,1,0,0,2,2,1,2,2,4,0.0,0.0,0,0,0,3,0.0,0,1,1,0,0,1,19,28,5,0,2,0,2,0,2,0,4,9,3,4,0,19,28,5,0,2,0,2,0,2,0,4,9,3,4,0,0,0,9,0,0,0,0,0,0,0,0,0,7,0,0,0,0,0,0,2,0
1381,L31828,SettingsMenuDialog$SettingsTable$SliderSetting,mindustry.ui.dialogs.SettingsMenuDialog$SettingsTable$SliderSetting,L31756,L103,C:\Users\domco\Desktop\DP\repos\Mindustry\core\src\mindustry\ui\dialogs\SettingsMenuDialog.java,694,9,730,10,0.0,0,0,0,0.0,0.0,0,0,1,0,0,2,4,1,1,2,4,0.0,0.0,0,0,0,3,0.0,0,1,1,0,0,1,28,37,8,0,5,0,2,0,2,0,4,18,3,4,0,28,37,8,0,5,0,2,0,2,0,4,18,3,4,0,0,0,10,0,0,0,0,0,0,0,0,0,7,0,0,0,0,0,0,3,0
1382,L31859,SettingsMenuDialog$SettingsTable$TextSetting,mindustry.ui.dialogs.SettingsMenuDialog$SettingsTable$TextSetting,L31756,L103,C:\Users\domco\Desktop\DP\repos\Mindustry\core\src\mindustry\ui\dialogs\SettingsMenuDialog.java,732,9,761,10,0.0,0,0,0,0.0,0.0,0,0,1,0,0,2,2,2,3,2,4,0.0,0.0,0,0,0,3,0.0,0,1,1,1,1,1,21,30,5,0,2,0,2,0,2,0,4,11,3,4,0,21,30,5,0,2,0,2,0,2,0,4,11,3,4,0,0,0,9,0,0,0,0,0,0,0,0,0,7,0,0,0,0,0,0,2,0
1383,L31871,SettingsMenuDialog$SettingsTable$AreaTextSetting,mindustry.ui.dialogs.SettingsMenuDialog$SettingsTable$AreaTextSetting,L31756,L103,C:\Users\domco\Desktop\DP\repos\Mindustry\core\src\mindustry\ui\dialogs\SettingsMenuDialog.java,763,9,789,10,0.0,0,0,0,0.0,0.0,0,0,1,0,0,2,3,1,2,2,4,0.0,0.0,0,0,0,3,0.0,0,2,2,0,0,1,17,27,5,0,0,0,2,0,2,0,6,8,3,6,0,17,27,5,0,0,0,2,0,2,0,6,8,3,6,0,0,0,9,0,0,0,0,0,0,0,0,0,7,0,0,0,0,0,0,2,0
1384,L32057,BlockConfigFragment$1,mindustry.ui.fragments.BlockConfigFragment$1,L32054,L103,C:\Users\domco\Desktop\DP\repos\Mindustry\core\src\mindustry\ui\fragments\BlockConfigFragment.java,26,37,35,10,0.0,0,0,0,0.0,0.0,0,0,1,1,1,2,3,0,0,1,2,0.0,0.0,0,0,0,2,0.0,0,0,0,0,0,0,10,10,0,0,0,0,1,0,1,0,1,4,0,1,0,10,10,0,0,0,0,1,0,1,0,1,4,0,1,0,0,0,5,0,0,0,0,0,0,0,0,0,5,0,0,0,0,0,0,0,0
1385,L32085,BlockInventoryFragment$1,mindustry.ui.fragments.BlockInventoryFragment$1,L32079,L103,C:\Users\domco\Desktop\DP\repos\Mindustry\core\src\mindustry\ui\fragments\BlockInventoryFragment.java,158,54,178,18,0.0,0,0,0,0.0,0.0,0,0,2,2,2,9,4,0,0,2,4,0.0,0.0,0,0,0,3,0.0,0,0,0,0,0,0,20,21,0,0,0,0,2,0,2,0,2,13,0,2,0,20,21,0,0,0,0,2,0,2,0,2,13,0,2,0,0,0,8,0,2,0,0,2,1,0,0,0,7,0,0,0,0,0,0,0,0
1386,L32211,FadeInFragment$1,mindustry.ui.fragments.FadeInFragment$1,L11503,L103,C:\Users\domco\Desktop\DP\repos\Mindustry\core\src\mindustry\ui\fragments\FadeInFragment.java,16,38,37,10,0.0,0,0,0,0.0,0.0,0,0,2,1,1,3,1,0,0,0,2,0.0,0.0,0,0,0,3,0.0,0,0,0,0,0,0,20,22,0,0,0,0,2,0,2,0,2,7,0,2,0,20,22,0,0,0,0,2,0,2,0,2,7,0,2,0,0,1,8,0,0,0,0,0,1,0,0,0,7,0,1,0,0,0,0,0,0
1387,L32401,HudFragment$1SideBar,mindustry.ui.fragments.HudFragment$1SideBar,L32393,L103,C:\Users\domco\Desktop\DP\repos\Mindustry\core\src\mindustry\ui\fragments\HudFragment.java,624,9,700,10,0.0,0,0,0,0.0,0.0,0,0,1,1,1,13,1,0,0,0,3,0.0,0.0,0,0,0,3,0.0,0,0,0,0,0,0,59,77,6,0,6,0,3,3,2,0,3,36,3,2,0,59,77,6,0,6,0,3,3,2,0,3,36,3,2,0,0,0,14,0,0,0,0,0,0,0,0,0,9,0,0,0,0,0,0,5,0
1388,L32425,HudFragment$1,mindustry.ui.fragments.HudFragment$1,L32393,L103,C:\Users\domco\Desktop\DP\repos\Mindustry\core\src\mindustry\ui\fragments\HudFragment.java,703,22,711,10,0.0,0,0,0,0.0,0.0,0,0,1,0,0,1,2,0,0,1,2,0.0,0.0,0,0,0,2,0.0,0,0,0,0,0,0,9,9,0,0,0,0,1,0,1,0,1,4,0,1,0,9,9,0,0,0,0,1,0,1,0,1,4,0,1,0,0,0,5,0,0,0,0,0,0,0,0,0,5,0,0,0,0,0,0,0,0
1389,L32520,MinimapFragment$1,mindustry.ui.fragments.MinimapFragment$1,L11495,L103,C:\Users\domco\Desktop\DP\repos\Mindustry\core\src\mindustry\ui\fragments\MinimapFragment.java,59,54,85,10,0.0,0,0,0,0.0,0.0,0,0,4,1,1,5,1,0,0,0,4,0.0,0.0,0,0,0,5,0.0,0,0,0,0,0,0,22,27,0,0,0,0,4,0,4,0,4,7,0,4,0,22,27,0,0,0,0,4,0,4,0,4,7,0,4,0,0,0,12,0,0,0,0,0,1,0,0,0,11,0,0,0,0,0,0,0,0
1390,L32547,MinimapFragment$2,mindustry.ui.fragments.MinimapFragment$2,L11495,L103,C:\Users\domco\Desktop\DP\repos\Mindustry\core\src\mindustry\ui\fragments\MinimapFragment.java,87,45,94,10,0.0,0,0,0,0.0,0.0,0,0,1,0,0,1,1,0,0,0,1,0.0,0.0,0,0,0,2,0.0,0,0,0,0,0,0,7,8,0,0,0,0,1,0,1,0,1,2,0,1,0,7,8,0,0,0,0,1,0,1,0,1,2,0,1,0,0,0,5,0,0,0,0,0,0,0,0,0,5,0,0,0,0,0,0,0,0
1391,L32667,PlayerListFragment$1,mindustry.ui.fragments.PlayerListFragment$1,L32663,L103,C:\Users\domco\Desktop\DP\repos\Mindustry\core\src\mindustry\ui\fragments\PlayerListFragment.java,99,38,109,14,0.0,0,0,0,0.0,0.0,0,0,1,0,0,1,1,0,0,0,1,0.0,0.0,0,0,0,2,0.0,0,0,0,0,0,0,11,11,0,0,0,0,1,0,1,0,1,6,0,1,0,11,11,0,0,0,0,1,0,1,0,1,6,0,1,0,0,0,5,0,0,0,0,0,0,0,0,0,5,0,0,0,0,0,0,0,0
1392,L32669,PlayerListFragment$2,mindustry.ui.fragments.PlayerListFragment$2,L32663,L103,C:\Users\domco\Desktop\DP\repos\Mindustry\core\src\mindustry\ui\fragments\PlayerListFragment.java,120,47,127,15,0.0,0,0,0,0.0,0.0,0,0,0,0,0,0,0,0,0,0,0,0.0,0.0,0,0,0,1,0.0,0,0,0,0,0,0,8,8,0,0,0,0,0,0,0,0,0,0,0,0,0,8,8,0,0,0,0,0,0,0,0,0,0,0,0,0,0,1,3,0,0,0,0,0,0,0,0,0,3,0,1,0,0,0,0,0,0
1393,L32671,PlayerListFragment$3,mindustry.ui.fragments.PlayerListFragment$3,L32663,L103,C:\Users\domco\Desktop\DP\repos\Mindustry\core\src\mindustry\ui\fragments\PlayerListFragment.java,129,48,135,15,0.0,0,0,0,0.0,0.0,0,0,0,0,0,0,0,0,0,0,0,0.0,0.0,0,0,0,1,0.0,0,0,0,0,0,0,7,7,0,0,0,0,0,0,0,0,0,0,0,0,0,7,7,0,0,0,0,0,0,0,0,0,0,0,0,0,0,1,3,0,0,0,0,0,0,0,0,0,3,0,1,0,0,0,0,0,0
1394,L31893,SettingsMenuDialog$SettingsTable$Setting$1,mindustry.ui.dialogs.SettingsMenuDialog$SettingsTable$Setting$1,L31891,L103,C:\Users\domco\Desktop\DP\repos\Mindustry\core\src\mindustry\ui\dialogs\SettingsMenuDialog.java,649,130,661,18,0.0,0,0,0,0.0,0.0,0,0,0,0,0,1,0,0,0,0,1,0.0,0.0,0,0,0,1,0.0,0,0,0,0,0,0,13,13,0,0,0,0,1,0,0,1,1,5,0,0,1,13,13,0,0,0,0,1,0,0,1,1,5,0,0,1,0,0,5,0,0,0,0,0,0,0,0,0,5,0,0,0,0,0,0,0,0
1395,L26503,Accelerator$AcceleratorBuild,mindustry.world.blocks.campaign.Accelerator$AcceleratorBuild,L6775,L103,C:\Users\domco\Desktop\DP\repos\Mindustry\core\src\mindustry\world\blocks\campaign\Accelerator.java,52,5,133,6,0.0,0,0,0,0.0,0.0,0,0,3,2,2,16,12,1,0,3,9,0.0,0.03125,2,0,0,7,0.03125,2,0,0,0,0,0,62,82,2,2,2,2,6,2,6,0,6,43,2,6,0,62,82,2,2,2,2,6,2,6,0,6,43,2,6,0,0,0,21,1,3,1,0,2,1,0,1,0,15,0,1,0,0,0,0,4,0
1396,L26506,LaunchPad$LaunchPadBuild,mindustry.world.blocks.campaign.LaunchPad$LaunchPadBuild,L6760,L103,C:\Users\domco\Desktop\DP\repos\Mindustry\core\src\mindustry\world\blocks\campaign\LaunchPad.java,66,5,191,6,0.0,0,0,0,0.0,0.0,0,0,6,3,3,28,11,1,0,4,15,0.0,0.0107527,1,0,0,12,0.0107527,1,0,0,0,0,0,92,126,1,1,1,1,11,1,11,0,11,56,1,11,0,92,126,1,1,1,1,11,1,11,0,11,56,1,11,0,0,0,31,0,0,0,0,0,1,0,1,0,25,0,0,0,0,0,0,4,0
1397,L34209,LaunchPad$LaunchPayloadComp,mindustry.world.blocks.campaign.LaunchPad$LaunchPayloadComp,L6760,L103,C:\Users\domco\Desktop\DP\repos\Mindustry\core\src\mindustry\world\blocks\campaign\LaunchPad.java,193,5,281,6,0.121673,1,1,1,0.11236,0.109375,10,7,2,3,3,15,17,0,0,10,15,0.0,0.030303,2,0,0,4,0.030303,2,0,0,0,0,0,64,89,4,0,4,0,5,0,3,0,5,44,0,3,0,64,89,4,0,4,0,5,0,3,0,5,44,0,3,0,0,0,22,0,0,0,7,0,1,0,1,0,13,0,0,0,0,0,0,0,0
1398,L26509,Door$DoorBuild,mindustry.world.blocks.defense.Door$DoorBuild,L5053,L103,C:\Users\domco\Desktop\DP\repos\Mindustry\core\src\mindustry\world\blocks\defense\Door.java,58,5,164,6,0.0,0,0,0,0.0,0.0,0,0,2,3,3,35,7,1,0,3,17,0.0,0.0,0,0,0,15,0.0,0,0,0,0,0,0,87,107,2,1,2,1,14,2,14,0,14,41,2,14,0,87,107,2,1,2,1,14,2,14,0,14,41,2,14,0,0,0,36,0,0,0,0,0,1,0,0,0,31,0,0,0,0,0,0,4,0
1399,L26512,ForceProjector$ForceBuild,mindustry.world.blocks.defense.ForceProjector$ForceBuild,L5173,L103,C:\Users\domco\Desktop\DP\repos\Mindustry\core\src\mindustry\world\blocks\defense\ForceProjector.java,104,5,250,6,0.0,0,0,0,0.0,0.0,0,0,1,2,2,34,12,2,0,6,17,0.0,0.0,0,0,0,12,0.0,0,1,1,0,0,1,118,147,6,0,6,0,11,6,11,0,11,73,6,11,0,118,147,6,0,6,0,11,6,11,0,11,73,6,11,0,0,0,32,0,3,1,0,2,0,1,1,0,25,0,0,0,0,0,0,5,0
1400,L26515,MendProjector$MendBuild,mindustry.world.blocks.defense.MendProjector$MendBuild,L5117,L103,C:\Users\domco\Desktop\DP\repos\Mindustry\core\src\mindustry\world\blocks\defense\MendProjector.java,68,5,151,6,0.0,0,0,0,0.0,0.0,0,0,2,1,1,15,7,1,0,3,11,0.0,0.0,0,0,0,9,0.0,0,1,1,0,0,1,65,84,4,0,4,0,8,0,8,0,8,33,0,8,0,65,84,4,0,4,0,8,0,8,0,8,33,0,8,0,0,0,20,0,5,0,0,5,1,0,0,0,19,0,0,0,0,0,0,0,0
1401,L26518,OverdriveProjector$OverdriveBuild,mindustry.world.blocks.defense.OverdriveProjector$OverdriveBuild,L5148,L103,C:\Users\domco\Desktop\DP\repos\Mindustry\core\src\mindustry\world\blocks\defense\OverdriveProjector.java,82,5,169,6,0.0,0,0,0,0.0,0.0,0,0,2,2,2,17,6,1,0,3,11,0.0,0.0,0,0,0,9,0.0,0,1,1,0,0,1,70,88,4,0,4,0,8,0,8,0,8,41,0,8,0,70,88,4,0,4,0,8,0,8,0,8,41,0,8,0,0,0,20,0,6,1,0,5,1,0,0,0,19,0,0,0,0,0,0,0,0
1402,L26521,ShockMine$ShockMineBuild,mindustry.world.blocks.defense.ShockMine$ShockMineBuild,L2251,L103,C:\Users\domco\Desktop\DP\repos\Mindustry\core\src\mindustry\world\blocks\defense\ShockMine.java,37,5,75,6,0.0,0,0,0,0.0,0.0,0,0,4,2,2,11,3,1,0,2,7,0.0,0.0588235,2,0,0,6,0.0588235,2,0,0,0,0,0,32,39,0,0,0,0,5,0,5,0,5,16,0,5,0,32,39,0,0,0,0,5,0,5,0,5,16,0,5,0,0,0,10,0,0,0,0,0,1,0,0,0,9,0,0,0,0,0,0,0,0
1403,L26524,Thruster$ThrusterBuild,mindustry.world.blocks.defense.Thruster$ThrusterBuild,L5106,L103,C:\Users\domco\Desktop\DP\repos\Mindustry\core\src\mindustry\world\blocks\defense\Thruster.java,28,5,35,6,0.0,0,0,0,0.0,0.0,0,0,1,0,0,1,2,1,0,0,1,0.0,0.0,0,0,0,2,0.0,0,1,1,0,0,1,7,8,1,0,0,0,1,0,1,0,3,2,1,3,0,7,8,1,0,0,0,1,0,1,0,3,2,1,3,0,0,0,7,0,0,0,0,0,0,0,0,0,5,0,0,0,0,0,0,2,0
1404,L26527,BaseTurret,mindustry.world.blocks.defense.turrets.BaseTurret,L34625,L103,C:\Users\domco\Desktop\DP\repos\Mindustry\core\src\mindustry\world\blocks\defense\turrets\BaseTurret.java,15,1,74,2,0.0,0,0,0,0.0,0.0,0,0,2,1,1,6,16,15,6,10,14,0.0,0.0540541,2,2,0,5,0.0416667,2,4,4,2,26,1,35,47,147,8,5,0,4,5,4,1,111,16,140,109,4,46,60,148,8,6,0,6,6,6,1,113,18,141,111,4,0,0,35,0,1,0,0,0,2,0,1,1,18,0,0,0,0,0,0,14,0
1405,L5889,ItemTurret,mindustry.world.blocks.defense.turrets.ItemTurret,L34625,L103,C:\Users\domco\Desktop\DP\repos\Mindustry\core\src\mindustry\world\blocks\defense\turrets\ItemTurret.java,20,1,211,2,0.0,0,0,0,0.0,0.0,0,0,2,1,1,7,9,15,0,7,13,0.428571,0.0857143,3,3,3,4,0.0709677,11,7,7,11,11,1,32,45,194,8,1,0,6,1,6,1,124,13,185,122,7,144,192,214,9,2,0,22,2,21,1,192,74,205,178,7,0,0,75,0,0,0,0,0,3,0,1,0,50,0,0,3,0,0,0,18,0
1406,L6303,LaserTurret,mindustry.world.blocks.defense.turrets.LaserTurret,L34625,L103,C:\Users\domco\Desktop\DP\repos\Mindustry\core\src\mindustry\world\blocks\defense\turrets\LaserTurret.java,14,1,118,2,0.0,0,0,0,0.0,0.0,0,0,1,0,0,3,13,4,0,11,14,0.0,0.0,0,0,0,4,0.0232558,2,8,8,1,1,1,21,27,197,8,2,0,3,2,3,1,124,9,188,122,8,84,105,213,8,4,0,10,4,6,1,170,43,204,153,8,0,0,45,0,3,0,0,2,1,0,2,0,24,0,1,3,0,0,0,15,0
1407,L5984,LiquidTurret,mindustry.world.blocks.defense.turrets.LiquidTurret,L34625,L103,C:\Users\domco\Desktop\DP\repos\Mindustry\core\src\mindustry\world\blocks\defense\turrets\LiquidTurret.java,19,1,177,2,0.0,0,0,0,0.0,0.0,0,0,3,1,1,6,10,5,0,7,12,0.166667,0.0277778,1,1,1,5,0.0230769,3,7,7,2,2,1,35,44,197,8,4,0,5,4,5,1,123,16,188,121,7,127,159,216,9,4,0,18,4,16,1,191,65,207,175,7,0,0,66,0,6,1,0,3,3,3,1,0,43,2,0,2,0,0,0,14,0
1408,L6146,PointDefenseTurret,mindustry.world.blocks.defense.turrets.PointDefenseTurret,L34625,L103,C:\Users\domco\Desktop\DP\repos\Mindustry\core\src\mindustry\world\blocks\defense\turrets\PointDefenseTurret.java,17,1,123,2,0.0,0,0,0,0.0,0.0,0,0,1,0,0,3,8,5,0,3,6,0.0,0.0333333,1,0,0,4,0.060241,5,6,6,1,1,1,29,41,159,8,11,0,3,11,3,1,116,8,152,114,6,78,107,162,8,12,0,7,12,7,1,124,35,155,120,6,0,0,39,0,1,0,0,0,0,1,0,1,20,0,0,2,0,0,0,16,0
1409,L6013,PowerTurret,mindustry.world.blocks.defense.turrets.PowerTurret,L34625,L103,C:\Users\domco\Desktop\DP\repos\Mindustry\core\src\mindustry\world\blocks\defense\turrets\PowerTurret.java,8,1,65,2,0.0,0,0,0,0.0,0.0,0,0,1,0,0,3,9,6,3,6,9,0.0,0.0,0,0,0,4,0.0416667,2,7,7,3,4,1,19,23,195,8,2,0,3,2,3,1,121,7,186,119,7,46,58,209,8,2,0,8,2,8,1,160,19,200,147,7,0,0,37,0,0,0,0,0,1,0,0,0,22,0,0,2,0,0,0,12,0
1410,L26551,ReloadTurret,mindustry.world.blocks.defense.turrets.ReloadTurret,L34625,L103,C:\Users\domco\Desktop\DP\repos\Mindustry\core\src\mindustry\world\blocks\defense\turrets\ReloadTurret.java,11,1,49,2,0.0,0,0,0,0.0,0.0,0,0,0,1,1,3,9,8,4,5,7,0.0,0.0,0,0,0,3,0.0,0,5,5,2,23,1,13,17,148,8,1,0,2,1,2,1,113,4,141,111,5,31,39,150,8,2,0,4,2,2,1,117,13,143,113,5,0,0,28,0,0,0,0,0,0,0,0,0,14,0,0,0,0,0,0,14,0
1411,L6103,TractorBeamTurret,mindustry.world.blocks.defense.turrets.TractorBeamTurret,L34625,L103,C:\Users\domco\Desktop\DP\repos\Mindustry\core\src\mindustry\world\blocks\defense\turrets\TractorBeamTurret.java,20,1,177,2,0.0,0,0,0,0.0,0.0,0,0,2,0,0,4,8,4,0,5,9,0.0,0.0232558,1,0,0,5,0.0491803,6,5,5,1,1,1,42,55,166,8,19,0,4,19,4,1,115,11,159,113,5,116,158,173,8,25,0,9,25,9,1,122,52,166,120,5,0,0,44,0,6,2,0,0,1,1,1,1,24,0,0,0,0,3,0,17,0
1412,L26406,Turret,mindustry.world.blocks.defense.turrets.Turret,L34625,L103,C:\Users\domco\Desktop\DP\repos\Mindustry\core\src\mindustry\world\blocks\defense\turrets\Turret.java,31,1,508,2,0.0,0,0,0,0.0,0.0,0,0,3,1,1,11,14,9,10,9,14,0.0,0.0595238,5,5,0,6,0.0498615,18,6,6,3,20,1,79,109,193,8,45,0,5,43,5,1,118,19,184,116,6,343,478,208,8,58,0,34,56,25,1,153,185,199,140,6,0,0,109,0,0,0,0,0,2,3,2,0,73,0,0,3,0,0,0,26,0
1413,L13608,Wall$WallBuild,mindustry.world.blocks.defense.Wall$WallBuild,L2256,L103,C:\Users\domco\Desktop\DP\repos\Mindustry\core\src\mindustry\world\blocks\defense\Wall.java,60,5,130,6,0.0,0,0,0,0.0,0.0,0,0,1,2,2,12,5,3,0,2,4,0.0,0.145455,8,0,0,3,0.145455,8,0,0,1,1,0,47,71,1,0,1,0,2,1,2,0,2,35,1,2,0,47,71,1,0,1,0,2,1,2,0,2,35,1,2,0,0,0,11,0,5,1,0,3,0,0,0,1,7,0,0,0,0,0,0,4,0
1414,L26563,ArmoredConveyor$ArmoredConveyorBuild,mindustry.world.blocks.distribution.ArmoredConveyor$ArmoredConveyorBuild,L5254,L103,C:\Users\domco\Desktop\DP\repos\Mindustry\core\src\mindustry\world\blocks\distribution\ArmoredConveyor.java,20,5,25,6,0.0,0,0,0,0.0,0.0,0,0,1,0,0,3,4,1,0,2,3,0.0,0.0,0,0,0,2,0.0,0,2,2,0,0,1,6,6,15,1,0,0,1,0,1,0,21,1,15,21,0,6,6,15,1,0,0,1,0,1,0,21,1,15,21,0,0,0,7,0,0,0,0,0,0,0,0,0,5,0,0,0,0,0,0,2,0
1415,L26566,BufferedItemBridge$BufferedItemBridgeBuild,mindustry.world.blocks.distribution.BufferedItemBridge$BufferedItemBridgeBuild,L5280,L103,C:\Users\domco\Desktop\DP\repos\Mindustry\core\src\mindustry\world\blocks\distribution\BufferedItemBridge.java,21,5,54,6,0.0,0,0,0,0.0,0.0,0,0,2,1,1,9,4,1,0,8,12,0.0,0.0,0,0,0,5,0.0,0,1,1,0,0,1,29,34,9,0,1,0,4,0,4,0,27,12,8,23,0,29,34,9,0,1,0,4,0,4,0,27,12,8,23,0,0,0,14,0,1,0,0,1,1,0,0,0,11,0,0,0,0,0,0,2,0
1416,L26569,Conveyor$ConveyorBuild,mindustry.world.blocks.distribution.Conveyor$ConveyorBuild,L5214,L103,C:\Users\domco\Desktop\DP\repos\Mindustry\core\src\mindustry\world\blocks\distribution\Conveyor.java,119,5,435,6,0.0,0,0,0,0.0,0.0,0,0,3,3,3,75,12,3,1,5,25,0.0,0.0423077,11,4,0,21,0.0423077,11,1,1,1,1,1,249,317,15,1,15,1,20,15,20,0,20,181,15,20,0,249,317,15,1,15,1,20,15,20,0,20,181,15,20,0,0,0,53,0,0,0,0,0,1,1,1,0,43,0,0,0,0,0,0,7,0
1417,L26572,Duct$DuctBuild,mindustry.world.blocks.distribution.Duct$DuctBuild,L5390,L103,C:\Users\domco\Desktop\DP\repos\Mindustry\core\src\mindustry\world\blocks\distribution\Duct.java,81,5,208,6,0.0,0,0,0,0.0,0.0,0,0,2,2,2,32,8,1,0,3,14,0.0,0.0183486,2,0,0,11,0.0183486,2,0,0,0,0,0,107,128,9,0,9,0,11,9,10,0,11,60,9,10,0,107,128,9,0,9,0,11,9,10,0,11,60,9,10,0,0,0,32,0,0,0,0,0,1,0,0,0,25,0,0,0,0,0,0,6,0
1418,L26575,DuctBridge$DuctBridgeBuild,mindustry.world.blocks.distribution.DuctBridge$DuctBridgeBuild,L5418,L103,C:\Users\domco\Desktop\DP\repos\Mindustry\core\src\mindustry\world\blocks\distribution\DuctBridge.java,160,5,257,6,0.0,0,0,0,0.0,0.0,0,0,2,4,4,33,9,2,0,5,10,0.0,0.0229885,2,0,0,6,0.0229885,2,0,0,0,0,0,85,98,2,0,2,0,5,2,5,0,5,58,2,5,0,85,98,2,0,2,0,5,2,5,0,5,58,2,5,0,0,0,22,0,0,0,0,0,1,4,0,0,13,0,0,0,0,0,0,4,0
1419,L26578,DuctRouter$DuctRouterBuild,mindustry.world.blocks.distribution.DuctRouter$DuctRouterBuild,L5405,L103,C:\Users\domco\Desktop\DP\repos\Mindustry\core\src\mindustry\world\blocks\distribution\DuctRouter.java,51,5,124,6,0.0,0,0,0,0.0,0.0,0,0,2,3,3,20,4,1,0,1,8,0.0,0.0,0,0,0,8,0.0,0,0,0,0,0,0,64,74,2,0,2,0,7,2,7,0,7,35,2,7,0,64,74,2,0,2,0,7,2,7,0,7,35,2,7,0,0,0,22,0,2,0,0,2,1,0,0,0,17,0,0,0,0,0,0,4,0
1420,L26584,ExtendingItemBridge$ExtendingItemBridgeBuild,mindustry.world.blocks.distribution.ExtendingItemBridge$ExtendingItemBridgeBuild,L26581,L103,C:\Users\domco\Desktop\DP\repos\Mindustry\core\src\mindustry\world\blocks\distribution\ExtendingItemBridge.java,11,5,14,6,0.0,0,0,0,0.0,0.0,0,0,0,0,0,0,1,1,0,0,0,0.0,0.0,0,0,0,1,0.0,0,1,1,0,0,1,3,4,8,0,0,0,0,0,0,0,23,0,8,19,0,3,4,8,0,0,0,0,0,0,0,23,0,8,19,0,0,0,5,0,0,0,0,0,0,0,0,0,3,0,0,0,0,0,0,2,0
1421,L26587,ItemBridge$ItemBridgeBuild,mindustry.world.blocks.distribution.ItemBridge$ItemBridgeBuild,L5303,L103,C:\Users\domco\Desktop\DP\repos\Mindustry\core\src\mindustry\world\blocks\distribution\ItemBridge.java,179,5,503,6,0.0,0,0,0,0.0,0.0,0,0,2,3,3,78,12,5,2,12,35,0.0,0.0192308,5,0,0,20,0.0192308,5,0,0,3,4,0,255,325,8,0,8,0,23,8,19,0,23,170,8,19,0,255,325,8,0,8,0,23,8,19,0,23,170,8,19,0,0,0,56,0,0,0,0,0,1,0,1,0,47,0,0,0,0,0,0,7,0
1422,L26590,Junction$JunctionBuild,mindustry.world.blocks.distribution.Junction$JunctionBuild,L5265,L103,C:\Users\domco\Desktop\DP\repos\Mindustry\core\src\mindustry\world\blocks\distribution\Junction.java,30,5,91,6,0.0,0,0,0,0.0,0.0,0,0,2,4,4,18,5,1,0,5,11,0.0,0.02,1,0,0,7,0.02,1,0,0,0,0,0,49,62,1,0,1,0,6,1,6,0,6,28,1,6,0,49,62,1,0,1,0,6,1,6,0,6,28,1,6,0,0,0,22,0,2,0,0,2,1,2,0,0,15,0,0,0,0,0,0,4,0
1423,L13912,MassDriver$DriverBulletData,mindustry.world.blocks.distribution.MassDriver$DriverBulletData,L5375,L103,C:\Users\domco\Desktop\DP\repos\Mindustry\core\src\mindustry\world\blocks\distribution\MassDriver.java,96,5,105,6,0.0,0,0,0,0.0,0.0,0,0,1,0,0,1,2,3,0,1,2,0.0,0.0,0,0,0,2,0.0,0,0,0,0,0,0,9,10,3,0,3,0,1,3,1,0,1,2,3,1,0,9,10,3,0,3,0,1,3,1,0,1,2,3,1,0,0,0,9,0,0,0,0,0,0,0,0,0,5,0,0,0,0,0,0,4,0
1424,L26596,MassDriver$MassDriverBuild,mindustry.world.blocks.distribution.MassDriver$MassDriverBuild,L5375,L103,C:\Users\domco\Desktop\DP\repos\Mindustry\core\src\mindustry\world\blocks\distribution\MassDriver.java,107,5,358,6,0.152434,1,3,1,0.0833333,0.0913979,21,17,1,5,4,63,14,2,0,12,26,0.0,0.101449,21,1,0,12,0.101449,21,0,0,0,0,0,186,252,5,0,5,0,14,5,11,0,14,120,5,11,0,186,252,5,0,5,0,14,5,11,0,14,120,5,11,0,0,0,49,0,0,0,10,0,0,3,1,0,31,0,0,0,0,0,0,4,0
1425,L26599,OverflowGate$OverflowGateBuild,mindustry.world.blocks.distribution.OverflowGate$OverflowGateBuild,L5356,L103,C:\Users\domco\Desktop\DP\repos\Mindustry\core\src\mindustry\world\blocks\distribution\OverflowGate.java,32,5,97,6,0.0,0,0,0,0.0,0.0,0,0,3,4,3,35,3,1,0,2,7,0.0,0.0,0,0,0,6,0.0,0,0,0,0,0,0,53,66,0,1,0,1,5,0,5,0,5,34,0,5,0,53,66,0,1,0,1,5,0,5,0,5,34,0,5,0,0,0,15,0,3,0,0,3,1,1,0,0,13,0,0,0,0,0,0,0,0
1426,L26602,PayloadConveyor$PayloadConveyorBuild,mindustry.world.blocks.distribution.PayloadConveyor$PayloadConveyorBuild,L2194,L103,C:\Users\domco\Desktop\DP\repos\Mindustry\core\src\mindustry\world\blocks\distribution\PayloadConveyor.java,69,5,357,6,0.0,0,0,0,0.0,0.0,0,0,4,5,4,72,7,2,4,11,34,0.0,0.0729614,17,0,0,22,0.0729614,17,0,0,1,1,0,216,289,10,1,10,1,23,10,21,0,23,130,10,21,0,216,289,10,1,10,1,23,10,21,0,23,130,10,21,0,0,0,62,0,13,7,0,3,1,4,0,1,49,2,0,0,0,0,0,8,0
1427,L26605,PayloadRouter$PayloadRouterBuild,mindustry.world.blocks.distribution.PayloadRouter$PayloadRouterBuild,L6548,L103,C:\Users\domco\Desktop\DP\repos\Mindustry\core\src\mindustry\world\blocks\distribution\PayloadRouter.java,30,5,103,6,0.0,0,0,0,0.0,0.0,0,0,1,3,3,17,7,1,0,5,12,0.0,0.0655738,4,0,0,8,0.0655738,4,1,1,0,0,1,57,74,12,1,2,0,7,2,7,0,30,28,12,28,0,57,74,12,1,2,0,7,2,7,0,30,28,12,28,0,0,0,21,0,0,0,0,0,0,0,0,0,17,0,0,0,0,0,0,4,0
1428,L26608,Router$RouterBuild,mindustry.world.blocks.distribution.Router$RouterBuild,L5339,L103,C:\Users\domco\Desktop\DP\repos\Mindustry\core\src\mindustry\world\blocks\distribution\Router.java,26,5,127,6,0.0,0,0,0,0.0,0.0,0,0,4,3,3,32,8,1,0,3,12,0.0,0.0,0,0,0,10,0.0,0,1,1,0,0,1,87,102,4,1,4,1,9,4,9,0,10,49,4,10,0,87,102,4,1,4,1,9,4,9,0,10,49,4,10,0,0,0,27,0,3,0,0,2,1,1,0,0,21,0,1,0,0,0,0,4,0
1429,L26611,Sorter$SorterBuild,mindustry.world.blocks.distribution.Sorter$SorterBuild,L5320,L103,C:\Users\domco\Desktop\DP\repos\Mindustry\core\src\mindustry\world\blocks\distribution\Sorter.java,50,5,166,6,0.153846,2,4,2,0.188034,0.208333,22,20,5,5,3,37,8,2,0,5,17,0.0,0.0103093,1,0,0,13,0.0103093,1,0,0,0,0,0,96,117,1,1,1,1,12,1,12,0,12,49,1,12,0,96,117,1,1,1,1,12,1,12,0,12,49,1,12,0,0,0,49,0,2,0,16,2,1,1,0,0,27,0,0,0,0,0,0,4,0
1430,L26614,StackConveyor$StackConveyorBuild,mindustry.world.blocks.distribution.StackConveyor$StackConveyorBuild,L5241,L103,C:\Users\domco\Desktop\DP\repos\Mindustry\core\src\mindustry\world\blocks\distribution\StackConveyor.java,102,5,344,6,0.0,0,0,0,0.0,0.0,0,0,6,4,4,82,12,2,0,7,26,0.0,0.111111,23,0,0,18,0.111111,23,0,0,0,0,0,184,243,6,0,6,0,19,5,17,0,19,125,5,17,0,184,243,6,0,6,0,19,5,17,0,19,125,5,17,0,0,0,52,0,0,0,0,0,1,5,1,0,39,0,0,0,0,0,0,6,0
1431,L26638,BlockForge$BlockForgeBuild,mindustry.world.blocks.experimental.BlockForge$BlockForgeBuild,L26635,L103,C:\Users\domco\Desktop\DP\repos\Mindustry\core\src\mindustry\world\blocks\experimental\BlockForge.java,13,5,16,6,0.0,0,0,0,0.0,0.0,0,0,0,0,0,0,2,1,0,0,0,0.0,0.0,0,0,0,1,0.0,0,3,3,0,0,1,3,4,8,2,0,0,0,0,0,0,35,0,8,35,0,3,4,8,2,0,0,0,0,0,0,35,0,8,35,0,0,0,5,0,0,0,0,0,0,0,0,0,3,0,0,0,0,0,0,2,0
1432,L26644,BlockLoader$BlockLoaderBuild,mindustry.world.blocks.experimental.BlockLoader$BlockLoaderBuild,L26641,L103,C:\Users\domco\Desktop\DP\repos\Mindustry\core\src\mindustry\world\blocks\experimental\BlockLoader.java,12,5,15,6,0.0,0,0,0,0.0,0.0,0,0,0,0,0,0,1,1,0,0,0,0.0,0.0,0,0,0,1,0.0,0,2,2,0,0,1,3,4,5,1,0,0,0,0,0,0,32,0,5,32,0,3,4,5,1,0,0,0,0,0,0,32,0,5,32,0,0,0,5,0,0,0,0,0,0,0,0,0,3,0,0,0,0,0,0,2,0
1433,L26650,BlockUnloader$BlockUnloaderBuild,mindustry.world.blocks.experimental.BlockUnloader$BlockUnloaderBuild,L26647,L103,C:\Users\domco\Desktop\DP\repos\Mindustry\core\src\mindustry\world\blocks\experimental\BlockUnloader.java,12,5,15,6,0.0,0,0,0,0.0,0.0,0,0,0,0,0,0,1,1,0,0,0,0.0,0.0,0,0,0,1,0.0,0,3,3,0,0,1,3,4,5,1,0,0,0,0,0,0,37,0,5,37,0,3,4,5,1,0,0,0,0,0,0,37,0,5,37,0,0,0,5,0,0,0,0,0,0,0,0,0,3,0,0,0,0,0,0,2,0
1434,L26653,LegacyMechPad$LegacyMechPadBuild,mindustry.world.blocks.legacy.LegacyMechPad$LegacyMechPadBuild,L6737,L103,C:\Users\domco\Desktop\DP\repos\Mindustry\core\src\mindustry\world\blocks\legacy\LegacyMechPad.java,14,5,24,6,0.0,0,0,0,0.0,0.0,0,0,1,0,0,1,0,1,0,0,1,0.0,0.1,1,0,0,2,0.1,1,0,0,0,0,0,9,11,0,0,0,0,1,0,1,0,1,4,0,1,0,9,11,0,0,0,0,1,0,1,0,1,4,0,1,0,0,0,5,0,0,0,0,0,0,0,0,0,5,0,0,0,0,0,0,0,0
1435,L26656,LegacyUnitFactory$LegacyUnitFactoryBuild,mindustry.world.blocks.legacy.LegacyUnitFactory$LegacyUnitFactoryBuild,L6742,L103,C:\Users\domco\Desktop\DP\repos\Mindustry\core\src\mindustry\world\blocks\legacy\LegacyUnitFactory.java,25,5,38,6,0.0,0,0,0,0.0,0.0,0,0,1,1,1,2,0,1,0,0,1,0.0,0.166667,2,0,0,2,0.166667,2,0,0,0,0,0,10,14,0,0,0,0,1,0,1,0,1,4,0,1,0,10,14,0,0,0,0,1,0,1,0,1,4,0,1,0,0,0,5,0,0,0,0,0,0,0,0,0,5,0,0,0,0,0,0,0,0
1436,L26659,ArmoredConduit$ArmoredConduitBuild,mindustry.world.blocks.liquid.ArmoredConduit$ArmoredConduitBuild,L5474,L103,C:\Users\domco\Desktop\DP\repos\Mindustry\core\src\mindustry\world\blocks\liquid\ArmoredConduit.java,20,5,26,6,0.0,0,0,0,0.0,0.0,0,0,1,0,0,4,3,1,0,1,2,0.0,0.0,0,0,0,2,0.0,0,2,3,0,0,1,7,7,6,0,0,0,1,0,1,0,8,1,6,7,0,7,7,6,0,0,0,1,0,1,0,8,1,6,7,0,0,0,7,0,0,0,0,0,0,0,0,0,5,0,0,0,0,0,0,2,0
1437,L26662,Conduit$ConduitBuild,mindustry.world.blocks.liquid.Conduit$ConduitBuild,L5455,L103,C:\Users\domco\Desktop\DP\repos\Mindustry\core\src\mindustry\world\blocks\liquid\Conduit.java,98,5,178,6,0.0,0,0,0,0.0,0.0,0,0,3,2,2,21,11,2,1,3,9,0.0,0.0151515,1,0,0,6,0.0151515,1,1,2,1,1,2,65,81,6,0,6,0,6,6,5,0,7,39,6,6,0,65,81,6,0,6,0,6,6,5,0,7,39,6,6,0,0,0,23,0,2,1,0,1,1,0,1,0,15,0,0,1,0,0,0,5,0
1438,L26668,LiquidBlock$LiquidBuild,mindustry.world.blocks.liquid.LiquidBlock$LiquidBuild,L26665,L103,C:\Users\domco\Desktop\DP\repos\Mindustry\core\src\mindustry\world\blocks\liquid\LiquidBlock.java,30,5,42,6,0.0,0,0,0,0.0,0.0,0,0,1,1,1,3,3,4,0,1,2,0.0,0.0,0,0,0,2,0.0,0,0,0,3,6,0,11,13,0,0,0,0,1,0,1,0,1,5,0,1,0,11,13,0,0,0,0,1,0,1,0,1,5,0,1,0,0,0,5,0,0,0,0,0,0,0,0,0,5,0,0,0,0,0,0,0,0
1439,L26671,LiquidBridge$LiquidBridgeBuild,mindustry.world.blocks.liquid.LiquidBridge$LiquidBridgeBuild,L5519,L103,C:\Users\domco\Desktop\DP\repos\Mindustry\core\src\mindustry\world\blocks\liquid\LiquidBridge.java,19,5,32,6,0.0,0,0,0,0.0,0.0,0,0,2,1,1,3,1,2,0,0,2,0.0,0.0,0,0,0,3,0.0,0,1,1,1,1,1,12,14,8,0,0,0,2,0,2,0,25,3,8,21,0,12,14,8,0,0,0,2,0,2,0,25,3,8,21,0,0,0,10,0,0,0,0,0,1,0,0,0,7,0,0,0,0,0,0,2,0
1440,L26677,LiquidExtendingBridge$LiquidExtendingBridgeBuild,mindustry.world.blocks.liquid.LiquidExtendingBridge$LiquidExtendingBridgeBuild,L26674,L103,C:\Users\domco\Desktop\DP\repos\Mindustry\core\src\mindustry\world\blocks\liquid\LiquidExtendingBridge.java,11,5,13,6,0.0,0,0,0,0.0,0.0,0,0,0,0,0,0,1,1,0,0,0,0.0,0.0,0,0,0,1,0.0,0,2,2,0,0,1,3,3,8,0,0,0,0,0,0,0,25,0,8,21,0,3,3,8,0,0,0,0,0,0,0,25,0,8,21,0,0,0,5,0,0,0,0,0,0,0,0,0,3,0,0,0,0,0,0,2,0
1441,L26680,LiquidJunction$LiquidJunctionBuild,mindustry.world.blocks.liquid.LiquidJunction$LiquidJunctionBuild,L5508,L103,C:\Users\domco\Desktop\DP\repos\Mindustry\core\src\mindustry\world\blocks\liquid\LiquidJunction.java,31,5,49,6,0.0,0,0,0,0.0,0.0,0,0,1,1,1,6,3,1,0,0,2,0.0,0.0,0,0,0,3,0.0,0,0,0,0,0,0,17,19,0,1,0,1,2,0,2,0,2,9,0,2,0,17,19,0,1,0,1,2,0,2,0,2,9,0,2,0,0,0,7,0,1,0,0,1,0,0,0,0,7,0,0,0,0,0,0,0,0
1442,L26683,LiquidRouter$LiquidRouterBuild,mindustry.world.blocks.liquid.LiquidRouter$LiquidRouterBuild,L5485,L103,C:\Users\domco\Desktop\DP\repos\Mindustry\core\src\mindustry\world\blocks\liquid\LiquidRouter.java,15,5,27,6,0.0,0,0,0,0.0,0.0,0,0,2,1,1,4,2,1,0,0,2,0.0,0.0,0,0,0,3,0.0,0,1,1,0,0,1,12,13,0,0,0,0,2,0,2,0,3,3,0,3,0,12,13,0,0,0,0,2,0,2,0,3,3,0,3,0,0,0,8,0,0,0,0,0,1,0,0,0,7,0,0,0,0,0,0,0,0
1443,L26686,LogicBlock$LogicLink,mindustry.world.blocks.logic.LogicBlock$LogicLink,L6810,L103,C:\Users\domco\Desktop\DP\repos\Mindustry\core\src\mindustry\world\blocks\logic\LogicBlock.java,175,5,193,6,0.0,0,0,0,0.0,0.0,0,0,1,0,0,2,0,3,2,0,2,0.0,0.0,0,0,0,3,0.0,0,0,0,0,0,0,17,19,6,0,6,0,2,6,2,0,2,7,6,2,0,17,19,6,0,6,0,2,6,2,0,2,7,6,2,0,0,0,12,0,0,0,0,0,0,0,0,0,7,0,0,0,0,0,0,5,0
1444,L14906,LogicBlock$LogicBuild,mindustry.world.blocks.logic.LogicBlock$LogicBuild,L6810,L103,C:\Users\domco\Desktop\DP\repos\Mindustry\core\src\mindustry\world\blocks\logic\LogicBlock.java,195,5,595,6,0.0,0,0,0,0.0,0.0,0,0,6,6,6,87,15,2,0,18,35,0.0555556,0.0820189,26,3,1,17,0.0820189,26,1,1,0,0,1,291,401,6,0,6,0,17,6,17,0,17,210,6,17,0,291,401,6,0,6,0,17,6,17,0,17,210,6,17,0,0,0,53,0,0,0,0,0,1,8,1,0,37,0,0,0,0,0,0,6,0
1445,L24425,LogicDisplay$LogicDisplayBuild,mindustry.world.blocks.logic.LogicDisplay$LogicDisplayBuild,L6856,L103,C:\Users\domco\Desktop\DP\repos\Mindustry\core\src\mindustry\world\blocks\logic\LogicDisplay.java,50,5,120,6,0.0,0,0,0,0.0,0.0,0,0,2,1,1,4,0,2,0,0,2,0.0,0.0344828,1,0,0,3,0.0344828,1,0,0,0,0,0,28,71,4,0,4,0,2,4,2,0,2,11,4,2,0,28,71,4,0,4,0,2,4,2,0,2,11,4,2,0,0,0,12,0,0,0,0,0,1,0,0,0,7,0,0,0,0,0,0,4,0
1446,L36675,LogicDisplay$DisplayCmdStruct,mindustry.world.blocks.logic.LogicDisplay$DisplayCmdStruct,L6856,L103,C:\Users\domco\Desktop\DP\repos\Mindustry\core\src\mindustry\world\blocks\logic\LogicDisplay.java,141,5,149,6,0.0,0,0,0,0.0,0.0,0,0,0,0,0,0,1,0,0,0,0,0.0,0.125,1,1,0,1,0.125,1,0,0,0,0,0,7,9,7,0,7,0,0,7,0,0,0,0,7,0,0,7,9,7,0,7,0,0,7,0,0,0,0,7,0,0,0,0,8,0,0,0,0,0,0,0,0,0,3,0,0,0,0,0,0,5,0
1447,L24235,MemoryBlock$MemoryBuild,mindustry.world.blocks.logic.MemoryBlock$MemoryBuild,L6837,L103,C:\Users\domco\Desktop\DP\repos\Mindustry\core\src\mindustry\world\blocks\logic\MemoryBlock.java,27,5,56,6,0.0,0,0,0,0.0,0.0,0,0,2,2,2,6,0,3,0,0,3,0.25,0.04,1,1,1,3,0.04,1,0,0,0,0,0,24,30,1,0,1,0,3,1,3,0,3,13,1,3,0,24,30,1,0,1,0,3,1,3,0,3,13,1,3,0,0,0,14,0,1,0,0,1,1,0,0,0,9,0,0,0,0,0,0,4,0
1448,L24456,MessageBlock$MessageBuild,mindustry.world.blocks.logic.MessageBlock$MessageBuild,L6786,L103,C:\Users\domco\Desktop\DP\repos\Mindustry\core\src\mindustry\world\blocks\logic\MessageBlock.java,58,5,160,6,0.0,0,0,0,0.0,0.0,0,0,3,1,1,10,5,2,0,1,8,0.0,0.0,0,0,0,8,0.0,0,0,0,0,0,0,52,103,1,0,1,0,7,1,7,0,7,28,1,7,0,52,103,1,0,1,0,7,1,7,0,7,28,1,7,0,0,1,22,0,4,1,0,3,1,0,0,0,17,0,1,0,0,0,0,4,0
1449,L26689,SwitchBlock$SwitchBuild,mindustry.world.blocks.logic.SwitchBlock$SwitchBuild,L6799,L103,C:\Users\domco\Desktop\DP\repos\Mindustry\core\src\mindustry\world\blocks\logic\SwitchBlock.java,25,5,68,6,0.0,0,0,0,0.0,0.0,0,0,6,1,1,8,1,1,0,0,6,0.0,0.0,0,0,0,7,0.0,0,0,0,0,0,0,35,44,0,0,0,0,6,0,6,0,6,13,0,6,0,35,44,0,0,0,0,6,0,6,0,6,13,0,6,0,0,0,16,0,0,0,0,0,1,0,0,0,15,0,0,0,0,0,0,0,0
1450,L26695,BallisticSilo$BallisticSiloBuild,mindustry.world.blocks.payloads.BallisticSilo$BallisticSiloBuild,L26692,L103,C:\Users\domco\Desktop\DP\repos\Mindustry\core\src\mindustry\world\blocks\payloads\BallisticSilo.java,12,5,28,6,0.0,0,0,0,0.0,0.0,0,0,3,0,0,5,4,1,0,2,5,0.0,0.0,0,0,0,4,0.0,0,1,1,0,0,1,15,17,4,1,0,0,3,0,3,0,24,5,4,24,0,15,17,4,1,0,0,3,0,3,0,24,5,4,24,0,0,0,12,0,0,0,0,0,1,0,0,0,9,0,0,0,0,0,0,2,0
1451,L26701,BlockProducer$BlockProducerBuild,mindustry.world.blocks.payloads.BlockProducer$BlockProducerBuild,L26698,L103,C:\Users\domco\Desktop\DP\repos\Mindustry\core\src\mindustry\world\blocks\payloads\BlockProducer.java,55,5,150,6,0.0,0,0,0,0.0,0.0,0,0,3,2,2,16,14,3,2,9,17,0.0,0.0,0,0,0,9,0.0,0,1,1,2,3,1,67,96,7,2,3,1,8,3,8,0,29,39,7,29,0,67,96,7,2,3,1,8,3,8,0,29,39,7,29,0,0,0,25,0,5,1,0,4,1,0,1,0,19,0,0,0,0,0,0,4,0
1452,L26704,Constructor$ConstructorBuild,mindustry.world.blocks.payloads.Constructor$ConstructorBuild,L6591,L103,C:\Users\domco\Desktop\DP\repos\Mindustry\core\src\mindustry\world\blocks\payloads\Constructor.java,48,5,101,6,0.0995475,1,2,1,0.185185,0.2,10,9,3,1,1,10,6,2,0,4,11,0.0,0.0217391,1,0,0,8,0.0217391,1,2,2,1,1,1,45,54,8,2,1,0,7,1,7,0,35,20,8,35,0,45,54,8,2,1,0,7,1,7,0,35,20,8,35,0,0,0,31,0,2,1,9,0,1,0,0,0,17,0,1,0,0,0,0,4,0
1453,L26710,NuclearWarhead$NuclearWarheadBuild,mindustry.world.blocks.payloads.NuclearWarhead$NuclearWarheadBuild,L26707,L103,C:\Users\domco\Desktop\DP\repos\Mindustry\core\src\mindustry\world\blocks\payloads\NuclearWarhead.java,15,5,17,6,0.0,0,0,0,0.0,0.0,0,0,0,0,0,0,0,2,0,0,0,0.0,0.0,0,0,0,1,0.0,0,0,0,0,0,0,2,3,0,0,0,0,0,0,0,0,0,0,0,0,0,2,3,0,0,0,0,0,0,0,0,0,0,0,0,0,0,0,3,0,0,0,0,0,0,0,0,0,3,0,0,0,0,0,0,0,0
1454,L26713,PayloadBlock$PayloadBlockBuild<T extends Payload>,mindustry.world.blocks.payloads.PayloadBlock$PayloadBlockBuild,L2197,L103,C:\Users\domco\Desktop\DP\repos\Mindustry\core\src\mindustry\world\blocks\payloads\PayloadBlock.java,72,5,248,6,0.0,0,0,0,0.0,0.0,0,0,2,3,3,44,5,13,38,11,32,0.0909091,0.0283688,4,3,2,20,0.0283688,4,0,0,9,17,0,137,177,4,1,4,1,21,4,21,0,21,72,4,21,0,137,177,4,1,4,1,21,4,21,0,21,72,4,21,0,0,0,51,0,0,0,0,0,1,1,0,0,43,0,0,0,0,0,0,6,0
1455,L26716,PayloadDeconstructor$PayloadDeconstructorBuild,mindustry.world.blocks.payloads.PayloadDeconstructor$PayloadDeconstructorBuild,L6578,L103,C:\Users\domco\Desktop\DP\repos\Mindustry\core\src\mindustry\world\blocks\payloads\PayloadDeconstructor.java,48,5,226,6,0.0,0,0,0,0.0,0.0,0,0,1,5,5,45,10,1,0,17,25,0.0,0.0482759,7,0,0,9,0.0482759,7,1,1,0,0,1,138,179,9,1,5,0,8,5,8,0,29,93,9,29,0,138,179,9,1,5,0,8,5,8,0,29,93,9,29,0,0,0,27,0,1,1,0,0,0,3,0,0,19,0,0,0,0,0,0,5,0
1456,L26719,PayloadLoader$PayloadLoaderBuild,mindustry.world.blocks.payloads.PayloadLoader$PayloadLoaderBuild,L6612,L103,C:\Users\domco\Desktop\DP\repos\Mindustry\core\src\mindustry\world\blocks\payloads\PayloadLoader.java,61,5,185,6,0.116719,1,4,1,0.104,0.0980392,13,10,6,9,7,50,12,3,1,14,25,0.0,0.046729,5,0,0,12,0.046729,5,1,1,2,3,1,102,125,5,1,1,0,11,1,11,0,32,57,5,32,0,102,125,5,1,1,0,11,1,11,0,32,57,5,32,0,0,0,44,0,0,0,8,0,1,5,1,0,25,0,0,0,0,0,0,4,0
1457,L26722,PayloadMassDriver$PayloadDriverBuild,mindustry.world.blocks.payloads.PayloadMassDriver$PayloadDriverBuild,L6559,L103,C:\Users\domco\Desktop\DP\repos\Mindustry\core\src\mindustry\world\blocks\payloads\PayloadMassDriver.java,127,5,498,6,0.0960765,1,3,1,0.0564516,0.0586207,21,17,3,7,6,92,14,1,0,21,34,0.0,0.0614887,19,0,0,13,0.0614887,19,1,1,0,0,1,290,372,18,1,14,0,13,14,12,0,34,213,18,33,0,290,372,18,1,14,0,13,14,12,0,34,213,18,33,0,0,0,58,0,0,0,9,0,1,5,2,0,29,0,0,0,0,0,0,12,0
1458,L26728,PayloadMassDriver$PayloadMassDriverData,mindustry.world.blocks.payloads.PayloadMassDriver$PayloadMassDriverData,L6559,L103,C:\Users\domco\Desktop\DP\repos\Mindustry\core\src\mindustry\world\blocks\payloads\PayloadMassDriver.java,500,5,511,6,0.0,0,0,0,0.0,0.0,0,0,0,0,0,1,1,2,1,0,1,0.0,0.0,0,0,0,2,0.0,0,0,0,0,0,0,11,12,5,0,5,0,1,5,1,0,1,5,5,1,0,11,12,5,0,5,0,1,5,1,0,1,5,5,1,0,0,0,9,0,0,0,0,0,0,0,0,0,5,0,0,0,0,0,0,4,0
1459,L26731,PayloadSource$PayloadSourceBuild,mindustry.world.blocks.payloads.PayloadSource$PayloadSourceBuild,L6699,L103,C:\Users\domco\Desktop\DP\repos\Mindustry\core\src\mindustry\world\blocks\payloads\PayloadSource.java,81,5,157,6,0.077193,1,2,1,0.12987,0.136364,10,9,4,3,2,15,11,1,0,12,20,0.0,0.0,0,0,0,9,0.0,0,1,1,0,0,1,66,77,7,1,3,0,8,3,8,0,29,31,7,29,0,66,77,7,1,3,0,8,3,8,0,29,31,7,29,0,0,0,32,0,0,0,7,0,1,0,1,0,19,0,0,0,0,0,0,4,0
1460,L26734,PayloadUnloader$PayloadUnloaderBuild,mindustry.world.blocks.payloads.PayloadUnloader$PayloadUnloaderBuild,L6623,L103,C:\Users\domco\Desktop\DP\repos\Mindustry\core\src\mindustry\world\blocks\payloads\PayloadUnloader.java,25,5,97,6,0.0,0,0,0,0.0,0.0,0,0,3,7,6,25,11,2,0,6,11,0.0,0.078125,5,0,0,6,0.078125,5,2,2,1,1,1,59,73,5,1,0,0,5,0,5,0,37,35,5,37,0,59,73,5,1,0,0,5,0,5,0,37,35,5,37,0,0,0,22,0,1,0,0,0,1,5,1,1,13,0,0,0,0,0,0,2,0
1461,L26737,PayloadVoid$PayloadVoidBuild,mindustry.world.blocks.payloads.PayloadVoid$PayloadVoidBuild,L6710,L103,C:\Users\domco\Desktop\DP\repos\Mindustry\core\src\mindustry\world\blocks\payloads\PayloadVoid.java,32,5,65,6,0.0,0,0,0,0.0,0.0,0,0,3,2,2,7,7,1,0,5,8,0.0,0.0357143,1,0,0,4,0.0357143,1,1,1,0,0,1,27,34,4,1,0,0,3,0,3,0,24,15,4,24,0,27,34,4,1,0,0,3,0,3,0,24,15,4,24,0,0,0,12,0,0,0,0,0,1,0,0,0,9,0,0,0,0,0,0,2,0
1462,L26740,Battery$BatteryBuild,mindustry.world.blocks.power.Battery$BatteryBuild,L5578,L103,C:\Users\domco\Desktop\DP\repos\Mindustry\core\src\mindustry\world\blocks\power\Battery.java,29,5,55,6,0.0,0,0,0,0.0,0.0,0,0,3,2,2,9,4,1,0,0,3,0.0,0.0,0,0,0,4,0.0,0,0,0,0,0,0,24,27,0,0,0,0,3,0,3,0,3,13,0,3,0,24,27,0,0,0,0,3,0,3,0,3,13,0,3,0,0,0,10,0,2,0,0,2,1,0,0,0,9,0,0,0,0,0,0,0,0
1463,L26743,BurnerGenerator$BurnerGeneratorBuild,mindustry.world.blocks.power.BurnerGenerator$BurnerGeneratorBuild,L5599,L103,C:\Users\domco\Desktop\DP\repos\Mindustry\core\src\mindustry\world\blocks\power\BurnerGenerator.java,32,5,49,6,0.0,0,0,0,0.0,0.0,0,0,1,1,1,4,5,1,0,2,3,0.0,0.0,0,0,0,2,0.0,0,2,2,0,0,1,14,18,5,1,0,0,1,0,1,0,10,7,5,10,0,14,18,5,1,0,0,1,0,1,0,10,7,5,10,0,0,0,7,0,0,0,0,0,0,0,0,0,5,0,0,0,0,0,0,2,0
1464,L26752,ImpactReactor$ImpactReactorBuild,mindustry.world.blocks.power.ImpactReactor$ImpactReactorBuild,L5699,L103,C:\Users\domco\Desktop\DP\repos\Mindustry\core\src\mindustry\world\blocks\power\ImpactReactor.java,74,5,163,6,0.0,0,0,0,0.0,0.0,0,0,1,2,2,18,13,1,0,9,17,0.0,0.0,0,0,0,9,0.0,0,1,1,0,0,1,69,90,3,1,1,0,8,1,8,0,13,40,3,13,0,69,90,3,1,1,0,8,1,8,0,13,40,3,13,0,0,0,24,0,2,0,0,2,0,0,1,0,19,0,0,0,0,0,0,4,0
1465,L26758,ItemLiquidGenerator$ItemLiquidGeneratorBuild,mindustry.world.blocks.power.ItemLiquidGenerator$ItemLiquidGeneratorBuild,L26755,L103,C:\Users\domco\Desktop\DP\repos\Mindustry\core\src\mindustry\world\blocks\power\ItemLiquidGenerator.java,90,5,181,6,0.0,0,0,0,0.0,0.0,0,0,1,4,3,26,11,3,4,6,10,0.0,0.0666667,5,0,0,5,0.0666667,5,1,1,1,1,1,70,92,5,1,3,0,4,3,4,0,9,43,5,9,0,70,92,5,1,3,0,4,3,4,0,9,43,5,9,0,0,0,17,0,2,1,0,0,0,1,1,0,11,0,1,0,0,0,0,4,0
1466,L26761,LightBlock$LightBuild,mindustry.world.blocks.power.LightBlock$LightBuild,L6721,L103,C:\Users\domco\Desktop\DP\repos\Mindustry\core\src\mindustry\world\blocks\power\LightBlock.java,59,5,116,6,0.0,0,0,0,0.0,0.0,0,0,2,1,1,9,4,1,0,1,9,0.0,0.0,0,0,0,9,0.0,0,0,0,0,0,0,47,58,2,0,2,0,8,2,8,0,8,17,2,8,0,47,58,2,0,2,0,8,2,8,0,8,17,2,8,0,0,0,24,0,0,0,0,0,1,0,0,0,19,0,0,0,0,0,0,4,0
1467,L26764,NuclearReactor$NuclearReactorBuild,mindustry.world.blocks.power.NuclearReactor$NuclearReactorBuild,L5680,L103,C:\Users\domco\Desktop\DP\repos\Mindustry\core\src\mindustry\world\blocks\power\NuclearReactor.java,78,5,186,6,0.0,0,0,0,0.0,0.0,0,0,1,2,2,19,19,1,0,8,15,0.0,0.0232558,2,0,0,8,0.0232558,2,1,1,0,0,1,84,109,4,1,2,0,7,2,7,0,12,52,4,12,0,84,109,4,1,2,0,7,2,7,0,12,52,4,12,0,0,0,22,0,2,0,0,2,0,0,1,0,17,0,0,0,0,0,0,4,0
1468,L26770,PowerDiode$PowerDiodeBuild,mindustry.world.blocks.power.PowerDiode$PowerDiodeBuild,L5567,L103,C:\Users\domco\Desktop\DP\repos\Mindustry\core\src\mindustry\world\blocks\power\PowerDiode.java,48,5,80,6,0.0,0,0,0,0.0,0.0,0,0,2,1,1,11,3,1,0,3,5,0.0,0.148148,4,0,0,3,0.148148,4,0,0,0,0,0,23,33,0,0,0,0,2,0,2,0,2,16,0,2,0,23,33,0,0,0,0,2,0,2,0,2,16,0,2,0,0,0,8,0,2,0,0,2,1,0,0,0,7,0,0,0,0,0,0,0,0
1469,L26779,PowerGenerator$GeneratorBuild,mindustry.world.blocks.power.PowerGenerator$GeneratorBuild,L26776,L103,C:\Users\domco\Desktop\DP\repos\Mindustry\core\src\mindustry\world\blocks\power\PowerGenerator.java,49,5,84,6,0.0,0,0,0,0.0,0.0,0,0,2,1,1,6,1,9,5,0,5,0.0,0.0322581,1,1,0,6,0.0322581,1,0,0,5,6,0,30,36,2,1,2,1,5,2,5,0,5,10,2,5,0,30,36,2,1,2,1,5,2,5,0,5,10,2,5,0,0,0,18,0,1,0,0,0,1,0,0,0,13,0,0,0,0,1,0,4,0
1470,L26782,PowerNode$PowerNodeBuild,mindustry.world.blocks.power.PowerNode$PowerNodeBuild,L5538,L103,C:\Users\domco\Desktop\DP\repos\Mindustry\core\src\mindustry\world\blocks\power\PowerNode.java,354,5,475,6,0.0,0,0,0,0.0,0.0,0,0,8,4,4,28,10,2,0,10,19,0.0,0.0326087,3,0,0,9,0.0326087,3,0,0,1,1,0,89,122,0,0,0,0,9,0,8,0,9,60,0,8,0,89,122,0,0,0,0,9,0,8,0,9,60,0,8,0,0,0,24,0,0,0,0,0,1,2,0,0,21,0,0,0,0,0,0,0,0
1471,L26785,SolarGenerator$SolarGeneratorBuild,mindustry.world.blocks.power.SolarGenerator$SolarGeneratorBuild,L5663,L103,C:\Users\domco\Desktop\DP\repos\Mindustry\core\src\mindustry\world\blocks\power\SolarGenerator.java,25,5,35,6,0.0,0,0,0,0.0,0.0,0,0,1,0,0,3,5,1,0,1,2,0.0,0.0,0,0,0,2,0.0,0,1,1,0,0,1,11,11,2,1,0,0,1,0,1,0,6,1,2,6,0,11,11,2,1,0,0,1,0,1,0,6,1,2,6,0,0,0,7,0,0,0,0,0,0,0,0,0,5,0,0,0,0,0,0,2,0
1472,L26788,ThermalGenerator$ThermalGeneratorBuild,mindustry.world.blocks.power.ThermalGenerator$ThermalGeneratorBuild,L5614,L103,C:\Users\domco\Desktop\DP\repos\Mindustry\core\src\mindustry\world\blocks\power\ThermalGenerator.java,49,5,72,6,0.0,0,0,0,0.0,0.0,0,0,1,1,1,5,6,1,0,4,7,0.0,0.0,0,0,0,4,0.0,0,1,1,0,0,1,19,24,3,1,1,0,3,1,3,0,8,6,3,8,0,19,24,3,1,1,0,3,1,3,0,8,6,3,8,0,0,0,13,0,0,0,0,0,0,0,0,0,9,0,0,0,0,0,0,4,0
1473,L26791,AttributeCrafter$AttributeCrafterBuild,mindustry.world.blocks.production.AttributeCrafter$AttributeCrafterBuild,L4762,L103,C:\Users\domco\Desktop\DP\repos\Mindustry\core\src\mindustry\world\blocks\production\AttributeCrafter.java,43,5,66,6,0.0,0,0,0,0.0,0.0,0,0,1,0,0,4,4,2,0,2,6,0.0,0.0,0,0,0,5,0.0,0,1,1,1,1,1,19,24,4,2,1,1,4,1,4,0,15,5,4,15,0,19,24,4,2,1,1,4,1,4,0,15,5,4,15,0,0,0,15,0,0,0,0,0,0,0,0,0,11,0,0,0,0,0,0,4,0
1474,L26797,AttributeSmelter$AttributeSmelterBuild,mindustry.world.blocks.production.AttributeSmelter$AttributeSmelterBuild,L26794,L103,C:\Users\domco\Desktop\DP\repos\Mindustry\core\src\mindustry\world\blocks\production\AttributeSmelter.java,21,5,24,6,0.0,0,0,0,0.0,0.0,0,0,0,0,0,0,1,1,0,0,0,1.0,0.25,1,1,1,0,0.25,1,2,2,0,0,1,3,4,4,2,0,0,0,0,0,0,15,0,4,15,0,3,4,4,2,0,0,0,0,0,0,15,0,4,15,0,0,0,2,0,0,0,0,0,0,0,0,0,0,0,0,0,0,0,0,2,0
1475,L26803,BeamDrill$BeamDrillBuild,mindustry.world.blocks.production.BeamDrill$BeamDrillBuild,L26800,L103,C:\Users\domco\Desktop\DP\repos\Mindustry\core\src\mindustry\world\blocks\production\BeamDrill.java,135,5,253,6,0.123333,1,2,1,0.092437,0.102041,11,10,1,6,6,30,11,1,0,8,14,0.0,0.029703,3,0,0,6,0.029703,3,0,0,0,0,0,98,119,5,0,5,0,6,5,5,0,6,69,5,5,0,98,119,5,0,5,0,6,5,5,0,6,69,5,5,0,0,0,33,0,0,0,8,0,0,5,1,0,15,0,0,0,0,0,0,4,0
1476,L26809,Cultivator$CultivatorBuild,mindustry.world.blocks.production.Cultivator$CultivatorBuild,L26806,L103,C:\Users\domco\Desktop\DP\repos\Mindustry\core\src\mindustry\world\blocks\production\Cultivator.java,32,5,47,6,0.0,0,0,0,0.0,0.0,0,0,1,0,0,2,1,1,0,2,4,0.0,0.0714286,1,1,0,3,0.0714286,1,1,1,0,0,1,13,16,5,1,2,0,2,2,2,0,13,4,5,13,0,13,16,5,1,2,0,2,2,2,0,13,4,5,13,0,0,0,11,0,1,1,0,0,0,0,0,0,7,0,0,0,0,0,0,4,0
1477,L26812,Drill$DrillBuild,mindustry.world.blocks.production.Drill$DrillBuild,L2223,L103,C:\Users\domco\Desktop\DP\repos\Mindustry\core\src\mindustry\world\blocks\production\Drill.java,211,5,366,6,0.117274,1,2,1,0.0641026,0.0806452,10,10,6,2,2,34,8,1,0,4,17,0.0,0.008,1,0,0,14,0.008,1,0,0,0,0,0,124,156,6,0,6,0,13,6,13,0,13,69,6,13,0,124,156,6,0,6,0,13,6,13,0,13,69,6,13,0,0,0,44,0,0,0,8,0,1,1,0,0,29,0,0,0,0,0,0,5,0
1478,L26815,Fracker$FrackerBuild,mindustry.world.blocks.production.Fracker$FrackerBuild,L5804,L103,C:\Users\domco\Desktop\DP\repos\Mindustry\core\src\mindustry\world\blocks\production\Fracker.java,26,5,45,6,0.0,0,0,0,0.0,0.0,0,0,1,2,2,3,3,1,0,1,2,0.0,0.0,0,0,0,2,0.0,0,3,3,0,0,1,18,20,8,0,1,0,1,1,1,0,14,9,8,14,0,18,20,8,0,1,0,1,1,1,0,14,9,8,14,0,0,0,9,0,0,0,0,0,0,0,0,0,5,0,0,0,0,0,0,4,0
1479,L26818,GenericCrafter$GenericCrafterBuild,mindustry.world.blocks.production.GenericCrafter$GenericCrafterBuild,L4685,L103,C:\Users\domco\Desktop\DP\repos\Mindustry\core\src\mindustry\world\blocks\production\GenericCrafter.java,86,5,198,6,0.0,0,0,0,0.0,0.0,0,0,5,3,3,30,8,16,3,3,14,0.0,0.0,0,0,0,12,0.0,0,0,0,4,5,0,94,113,3,1,3,1,11,3,11,0,11,49,3,11,0,94,113,3,1,3,1,11,3,11,0,11,49,3,11,0,0,0,30,0,4,0,0,3,1,0,0,1,25,0,0,0,0,0,0,4,0
1480,L26824,GenericSmelter$SmelterBuild,mindustry.world.blocks.production.GenericSmelter$SmelterBuild,L26821,L103,C:\Users\domco\Desktop\DP\repos\Mindustry\core\src\mindustry\world\blocks\production\GenericSmelter.java,24,5,53,6,0.0,0,0,0,0.0,0.0,0,0,1,1,1,4,5,1,0,2,4,0.0,0.0416667,1,0,0,3,0.0416667,1,1,1,0,0,1,23,30,3,1,0,0,2,0,2,0,13,14,3,13,0,23,30,3,1,0,0,2,0,2,0,13,14,3,13,0,0,0,9,0,0,0,0,0,0,0,0,0,7,0,0,0,0,0,0,2,0
1481,L26827,Incinerator$IncineratorBuild,mindustry.world.blocks.production.Incinerator$IncineratorBuild,L4950,L103,C:\Users\domco\Desktop\DP\repos\Mindustry\core\src\mindustry\world\blocks\production\Incinerator.java,26,5,81,6,0.0,0,0,0,0.0,0.0,0,0,3,1,1,13,5,1,0,1,8,0.0,0.0,0,0,0,8,0.0,0,0,0,0,0,0,45,56,1,0,1,0,7,1,7,0,7,18,1,7,0,45,56,1,0,1,0,7,1,7,0,7,18,1,7,0,0,0,22,0,0,0,0,0,1,0,0,0,17,0,0,0,0,0,0,4,0
1482,L26830,LiquidConverter$LiquidConverterBuild,mindustry.world.blocks.production.LiquidConverter$LiquidConverterBuild,L4831,L103,C:\Users\domco\Desktop\DP\repos\Mindustry\core\src\mindustry\world\blocks\production\LiquidConverter.java,37,5,73,6,0.0,0,0,0,0.0,0.0,0,0,2,2,2,9,10,1,0,2,4,0.0,0.0322581,1,0,0,3,0.0322581,1,1,1,0,0,1,30,37,3,1,0,0,2,0,2,0,13,17,3,13,0,30,37,3,1,0,0,2,0,2,0,13,17,3,13,0,0,0,10,0,0,0,0,0,1,0,0,0,7,0,0,0,0,0,0,2,0
1483,L26836,PayloadAcceptor$PayloadAcceptorBuild<T extends Payload>,mindustry.world.blocks.production.PayloadAcceptor$PayloadAcceptorBuild,L26833,L103,C:\Users\domco\Desktop\DP\repos\Mindustry\core\src\mindustry\world\blocks\production\PayloadAcceptor.java,14,5,17,6,0.0,0,0,0,0.0,0.0,0,0,0,0,0,0,2,1,0,0,0,1.0,0.25,1,1,1,0,0.25,1,1,1,0,0,1,3,4,4,1,0,0,0,0,0,0,21,0,4,21,0,3,4,4,1,0,0,0,0,0,0,21,0,4,21,0,0,0,2,0,0,0,0,0,0,0,0,0,0,0,0,0,0,0,0,2,0
1484,L26839,Pump$PumpBuild,mindustry.world.blocks.production.Pump$PumpBuild,L2307,L103,C:\Users\domco\Desktop\DP\repos\Mindustry\core\src\mindustry\world\blocks\production\Pump.java,83,5,128,6,0.0,0,0,0,0.0,0.0,0,0,2,2,2,11,9,2,0,3,8,0.0,0.0,0,0,0,6,0.0,0,1,1,1,2,1,37,46,2,0,2,0,5,2,5,0,6,15,2,6,0,37,46,2,0,2,0,5,2,5,0,6,15,2,6,0,0,0,18,0,2,0,0,0,1,0,0,0,13,0,0,0,0,2,0,4,0
1485,L26842,Separator$SeparatorBuild,mindustry.world.blocks.production.Separator$SeparatorBuild,L4887,L103,C:\Users\domco\Desktop\DP\repos\Mindustry\core\src\mindustry\world\blocks\production\Separator.java,46,5,158,6,0.0,0,0,0,0.0,0.0,0,0,5,3,3,26,10,1,0,3,13,0.0,0.0212766,2,0,0,11,0.0212766,2,0,0,0,0,0,92,113,4,0,4,0,10,4,10,0,10,49,4,10,0,92,113,4,0,4,0,10,4,10,0,10,49,4,10,0,0,0,28,0,3,0,0,3,1,0,0,0,23,0,0,0,0,0,0,4,0
1486,L26848,SingleBlockProducer$SingleBlockProducerBuild,mindustry.world.blocks.production.SingleBlockProducer$SingleBlockProducerBuild,L26845,L103,C:\Users\domco\Desktop\DP\repos\Mindustry\core\src\mindustry\world\blocks\production\SingleBlockProducer.java,15,5,22,6,0.0,0,0,0,0.0,0.0,0,0,1,0,0,1,3,1,0,0,1,0.0,0.0,0,0,0,2,0.0,0,2,2,0,0,1,7,8,7,2,0,0,1,0,1,0,29,1,7,29,0,7,8,7,2,0,0,1,0,1,0,29,1,7,29,0,0,0,7,0,0,0,0,0,0,0,0,0,5,0,0,0,0,0,0,2,0
1487,L26851,SolidPump$SolidPumpBuild,mindustry.world.blocks.production.SolidPump$SolidPumpBuild,L5764,L103,C:\Users\domco\Desktop\DP\repos\Mindustry\core\src\mindustry\world\blocks\production\SolidPump.java,88,5,155,6,0.0,0,0,0,0.0,0.0,0,0,3,2,2,14,10,2,1,6,13,0.0,0.0,0,0,0,8,0.0,0,2,2,1,1,1,56,68,7,0,5,0,7,5,7,0,13,26,7,13,0,56,68,7,0,5,0,7,5,7,0,13,26,7,13,0,0,0,22,0,2,0,0,1,1,0,0,0,17,1,0,0,0,0,0,4,0
1488,L26854,ItemSource$ItemSourceBuild,mindustry.world.blocks.sandbox.ItemSource$ItemSourceBuild,L2298,L103,C:\Users\domco\Desktop\DP\repos\Mindustry\core\src\mindustry\world\blocks\sandbox\ItemSource.java,49,5,111,6,0.373626,2,4,2,0.349206,0.384615,22,20,4,1,1,12,4,1,0,2,10,0.0,0.0,0,0,0,9,0.0,0,0,0,0,0,0,52,63,1,0,1,0,8,0,8,0,8,23,0,8,0,52,63,1,0,1,0,8,0,8,0,8,23,0,8,0,0,0,36,0,2,0,16,2,1,0,0,0,19,0,0,0,0,0,0,0,0
1489,L26857,ItemVoid$ItemVoidBuild,mindustry.world.blocks.sandbox.ItemVoid$ItemVoidBuild,L6669,L103,C:\Users\domco\Desktop\DP\repos\Mindustry\core\src\mindustry\world\blocks\sandbox\ItemVoid.java,17,5,25,6,0.0,0,0,0,0.0,0.0,0,0,2,0,0,2,1,1,0,0,2,0.0,0.0,0,0,0,3,0.0,0,0,0,0,0,0,8,9,0,0,0,0,2,0,2,0,2,1,0,2,0,8,9,0,0,0,0,2,0,2,0,2,1,0,2,0,0,0,8,0,1,0,0,0,1,0,0,0,7,1,0,0,0,0,0,0,0
1490,L26860,LiquidSource$LiquidSourceBuild,mindustry.world.blocks.sandbox.LiquidSource$LiquidSourceBuild,L2301,L103,C:\Users\domco\Desktop\DP\repos\Mindustry\core\src\mindustry\world\blocks\sandbox\LiquidSource.java,48,5,112,6,0.34,2,4,2,0.338462,0.363636,22,20,4,1,1,14,5,1,0,2,10,0.0,0.0,0,0,0,9,0.0,0,0,0,0,0,0,55,65,1,0,1,0,8,1,8,0,8,23,1,8,0,55,65,1,0,1,0,8,1,8,0,8,23,1,8,0,0,0,40,0,1,0,16,0,1,0,0,0,19,0,0,0,0,1,0,4,0
1491,L26863,LiquidVoid$LiquidVoidBuild,mindustry.world.blocks.sandbox.LiquidVoid$LiquidVoidBuild,L6688,L103,C:\Users\domco\Desktop\DP\repos\Mindustry\core\src\mindustry\world\blocks\sandbox\LiquidVoid.java,25,5,34,6,0.0,0,0,0,0.0,0.0,0,0,2,0,0,2,1,1,0,0,2,0.0,0.0,0,0,0,3,0.0,0,0,0,0,0,0,9,10,0,0,0,0,2,0,2,0,2,1,0,2,0,9,10,0,0,0,0,2,0,2,0,2,1,0,2,0,0,0,8,0,1,0,0,0,1,0,0,0,7,1,0,0,0,0,0,0,0
1492,L26866,PowerSource$PowerSourceBuild,mindustry.world.blocks.sandbox.PowerSource$PowerSourceBuild,L6637,L103,C:\Users\domco\Desktop\DP\repos\Mindustry\core\src\mindustry\world\blocks\sandbox\PowerSource.java,18,5,23,6,0.0,0,0,0,0.0,0.0,0,0,0,0,0,2,2,1,0,0,1,0.0,0.0,0,0,0,2,0.0,0,1,1,0,0,1,6,6,0,1,0,1,1,0,1,0,10,1,0,9,0,6,6,0,1,0,1,1,0,1,0,10,1,0,9,0,0,0,5,0,0,0,0,0,0,0,0,0,5,0,0,0,0,0,0,0,0
1493,L2122,CoreBlock$CoreBuild,mindustry.world.blocks.storage.CoreBlock$CoreBuild,L2067,L103,C:\Users\domco\Desktop\DP\repos\Mindustry\core\src\mindustry\world\blocks\storage\CoreBlock.java,178,5,492,6,0.0,0,0,0,0.0,0.0,0,0,15,3,3,76,28,21,2,19,46,0.0,0.0528455,13,0,0,28,0.0528455,13,0,0,0,0,0,233,315,5,1,5,1,27,5,27,0,27,124,5,27,0,233,315,5,1,5,1,27,5,27,0,27,124,5,27,0,0,0,66,0,0,0,0,0,1,0,1,0,57,0,0,0,0,0,0,7,0
1494,L26869,StorageBlock$StorageBuild,mindustry.world.blocks.storage.StorageBlock$StorageBuild,L5857,L103,C:\Users\domco\Desktop\DP\repos\Mindustry\core\src\mindustry\world\blocks\storage\StorageBlock.java,46,5,121,6,0.0,0,0,0,0.0,0.0,0,0,1,3,3,23,9,2,0,3,12,0.0,0.03125,2,0,0,10,0.03125,2,0,0,0,0,0,62,76,1,1,1,1,9,1,9,0,9,23,1,9,0,62,76,1,1,1,1,9,1,9,0,9,23,1,9,0,0,0,25,0,0,0,0,0,0,0,0,0,21,0,0,0,0,0,0,4,0
1495,L26872,Unloader$UnloaderBuild,mindustry.world.blocks.storage.Unloader$UnloaderBuild,L5874,L103,C:\Users\domco\Desktop\DP\repos\Mindustry\core\src\mindustry\world\blocks\storage\Unloader.java,55,5,254,6,0.0252583,1,2,1,0.05,0.0566038,10,9,4,4,4,54,7,1,0,2,10,0.0,0.0731707,12,0,0,9,0.0701754,12,0,0,0,0,0,152,193,6,0,6,0,8,6,8,0,8,109,6,8,0,159,200,11,0,11,0,8,6,8,0,8,109,6,8,0,0,0,43,0,16,0,7,11,1,3,0,0,22,0,1,0,0,4,0,10,0
1496,L26875,CommandCenter$CommandBuild,mindustry.world.blocks.units.CommandCenter$CommandBuild,L6359,L103,C:\Users\domco\Desktop\DP\repos\Mindustry\core\src\mindustry\world\blocks\units\CommandCenter.java,70,5,142,6,0.0,0,0,0,0.0,0.0,0,0,7,1,1,10,3,1,0,0,7,0.0,0.0188679,1,0,0,8,0.0188679,1,0,0,0,0,0,52,73,0,0,0,0,7,0,7,0,7,25,0,7,0,52,73,0,0,0,0,7,0,7,0,7,25,0,7,0,0,0,18,0,1,0,0,1,1,0,0,0,17,0,0,0,0,0,0,0,0
1497,L26878,Reconstructor$ReconstructorBuild,mindustry.world.blocks.units.Reconstructor$ReconstructorBuild,L6416,L103,C:\Users\domco\Desktop\DP\repos\Mindustry\core\src\mindustry\world\blocks\units\Reconstructor.java,106,5,280,6,0.11878,1,4,1,0.0742857,0.0757576,13,10,3,4,4,50,19,1,0,13,30,0.0,0.0434783,6,0,0,18,0.0434783,6,2,2,0,0,1,132,175,7,2,0,1,17,0,17,0,40,72,7,40,0,132,175,7,2,0,1,17,0,17,0,40,72,7,40,0,0,0,53,0,0,0,8,0,1,3,1,0,37,0,0,0,0,0,0,3,0
1498,L26881,RepairPoint$RepairPointBuild,mindustry.world.blocks.units.RepairPoint$RepairPointBuild,L6505,L103,C:\Users\domco\Desktop\DP\repos\Mindustry\core\src\mindustry\world\blocks\units\RepairPoint.java,148,5,241,6,0.0,0,0,0,0.0,0.0,0,0,5,2,2,24,13,1,0,6,15,0.0,0.0,0,0,0,10,0.0,0,1,1,0,0,1,75,94,5,0,5,0,9,5,9,0,9,34,5,9,0,75,94,5,0,5,0,9,5,9,0,9,34,5,9,0,0,0,28,0,0,0,0,0,1,1,1,0,21,0,0,0,0,0,0,4,0
1499,L26887,UnitBlock$UnitBuild,mindustry.world.blocks.units.UnitBlock$UnitBuild,L26884,L103,C:\Users\domco\Desktop\DP\repos\Mindustry\core\src\mindustry\world\blocks\units\UnitBlock.java,26,5,40,6,0.0,0,0,0,0.0,0.0,0,0,1,1,1,3,2,4,0,1,3,0.0,0.0,0,0,0,3,0.0,0,1,1,2,2,1,13,15,7,1,3,0,2,3,2,0,23,4,7,23,0,13,15,7,1,3,0,2,3,2,0,23,4,7,23,0,0,0,11,0,0,0,0,0,0,0,0,0,7,0,0,0,0,0,0,4,0
1500,L6384,UnitFactory$UnitPlan,mindustry.world.blocks.units.UnitFactory$UnitPlan,L6372,L103,C:\Users\domco\Desktop\DP\repos\Mindustry\core\src\mindustry\world\blocks\units\UnitFactory.java,125,5,137,6,0.0,0,0,0,0.0,0.0,0,0,0,0,0,2,2,3,0,0,2,0.0,0.0,0,0,0,2,0.0,0,0,0,0,0,0,11,13,3,0,3,0,2,3,1,0,2,3,3,1,0,11,13,3,0,3,0,2,3,1,0,2,3,3,1,0,0,0,11,1,2,2,0,0,0,0,0,0,7,1,0,0,0,0,0,4,0
1501,L26890,UnitFactory$UnitFactoryBuild,mindustry.world.blocks.units.UnitFactory$UnitFactoryBuild,L6372,L103,C:\Users\domco\Desktop\DP\repos\Mindustry\core\src\mindustry\world\blocks\units\UnitFactory.java,139,5,307,6,0.0373514,1,2,1,0.0591716,0.0703125,10,9,6,2,2,38,18,1,0,9,26,0.0,0.00775194,1,0,0,18,0.00775194,1,2,2,0,0,1,128,169,8,2,1,1,17,1,17,0,40,66,8,40,0,128,169,8,2,1,1,17,1,17,0,40,66,8,40,0,0,0,51,0,3,0,7,3,1,0,1,0,37,0,0,0,0,0,0,5,0
1502,L26530,BaseTurret$BaseTurretBuild,mindustry.world.blocks.defense.turrets.BaseTurret$BaseTurretBuild,L26527,L103,C:\Users\domco\Desktop\DP\repos\Mindustry\core\src\mindustry\world\blocks\defense\turrets\BaseTurret.java,61,5,73,6,0.0,0,0,0,0.0,0.0,0,0,2,0,0,2,3,7,0,1,3,0.0,0.0,0,0,0,3,0.0,0,1,1,2,8,1,11,13,1,0,1,0,2,1,2,0,2,2,1,2,0,11,13,1,0,1,0,2,1,2,0,2,2,1,2,0,0,0,12,0,0,0,0,0,1,0,0,0,7,0,0,0,0,0,0,4,0
1503,L26536,ItemTurret$ItemTurretBuild,mindustry.world.blocks.defense.turrets.ItemTurret$ItemTurretBuild,L5889,L103,C:\Users\domco\Desktop\DP\repos\Mindustry\core\src\mindustry\world\blocks\defense\turrets\ItemTurret.java,82,5,196,6,0.0,0,0,0,0.0,0.0,0,0,4,2,2,25,14,2,0,5,16,0.0833333,0.0645161,6,1,1,11,0.0645161,6,4,5,0,0,1,87,115,14,0,0,0,11,0,11,0,45,52,14,34,0,87,115,14,0,0,0,11,0,11,0,45,52,14,34,0,0,0,29,0,0,0,0,0,1,0,1,0,25,0,0,0,0,0,0,2,0
1504,L26533,ItemTurret$ItemEntry,mindustry.world.blocks.defense.turrets.ItemTurret$ItemEntry,L5889,L103,C:\Users\domco\Desktop\DP\repos\Mindustry\core\src\mindustry\world\blocks\defense\turrets\ItemTurret.java,198,5,210,6,0.0,0,0,0,0.0,0.0,0,0,1,0,0,2,4,3,2,0,2,0.0,0.0,0,0,0,2,0.0,0,1,1,0,0,1,11,13,2,0,1,0,2,1,1,0,2,3,2,1,0,11,13,2,0,1,0,2,1,1,0,2,3,2,1,0,0,0,11,0,0,0,0,0,0,0,0,0,7,0,0,0,0,0,0,4,0
1505,L26539,LaserTurret$LaserTurretBuild,mindustry.world.blocks.defense.turrets.LaserTurret$LaserTurretBuild,L6303,L103,C:\Users\domco\Desktop\DP\repos\Mindustry\core\src\mindustry\world\blocks\defense\turrets\LaserTurret.java,40,5,117,6,0.0,0,0,0,0.0,0.0,0,0,2,3,2,22,17,1,0,7,14,0.0,0.0307692,2,0,0,4,0.0307692,2,5,6,0,0,1,63,78,16,0,2,0,7,2,3,0,46,34,16,31,0,63,78,16,0,2,0,7,2,3,0,46,34,16,31,0,0,0,23,0,3,0,0,2,1,0,1,0,15,0,1,1,0,0,0,5,0
1506,L26542,LiquidTurret$LiquidTurretBuild,mindustry.world.blocks.defense.turrets.LiquidTurret$LiquidTurretBuild,L5984,L103,C:\Users\domco\Desktop\DP\repos\Mindustry\core\src\mindustry\world\blocks\defense\turrets\LiquidTurret.java,76,5,176,6,0.0,0,0,0,0.0,0.0,0,0,8,4,4,36,16,1,0,11,21,0.0,0.0238095,2,0,0,9,0.0238095,2,4,5,0,0,1,82,101,14,0,0,0,10,0,8,0,44,48,14,31,0,82,101,14,0,0,0,10,0,8,0,44,48,14,31,0,0,0,30,0,3,1,0,2,1,3,1,0,23,0,0,0,0,0,0,2,0
1507,L26545,PointDefenseTurret$PointDefenseBuild,mindustry.world.blocks.defense.turrets.PointDefenseTurret$PointDefenseBuild,L6146,L103,C:\Users\domco\Desktop\DP\repos\Mindustry\core\src\mindustry\world\blocks\defense\turrets\PointDefenseTurret.java,57,5,122,6,0.0,0,0,0,0.0,0.0,0,0,1,3,3,16,8,1,0,5,9,0.0,0.0754717,4,0,0,5,0.0754717,4,3,3,0,0,1,49,66,3,0,1,0,4,1,4,0,8,27,3,6,0,49,66,3,0,1,0,4,1,4,0,8,27,3,6,0,0,0,16,0,0,0,0,0,0,1,0,0,11,0,0,0,0,0,0,4,0
1508,L26548,PowerTurret$PowerTurretBuild,mindustry.world.blocks.defense.turrets.PowerTurret$PowerTurretBuild,L6013,L103,C:\Users\domco\Desktop\DP\repos\Mindustry\core\src\mindustry\world\blocks\defense\turrets\PowerTurret.java,30,5,64,6,0.0,0,0,0,0.0,0.0,0,0,5,1,1,7,4,2,3,2,7,0.0,0.0689655,2,0,0,6,0.0689655,2,4,5,1,1,1,27,35,14,0,0,0,5,0,5,0,39,12,14,28,0,27,35,14,0,0,0,5,0,5,0,39,12,14,28,0,0,0,16,0,0,0,0,0,1,0,0,0,13,0,0,0,0,0,0,2,0
1509,L26554,ReloadTurret$ReloadTurretBuild,mindustry.world.blocks.defense.turrets.ReloadTurret$ReloadTurretBuild,L26551,L103,C:\Users\domco\Desktop\DP\repos\Mindustry\core\src\mindustry\world\blocks\defense\turrets\ReloadTurret.java,27,5,48,6,0.0,0,0,0,0.0,0.0,0,0,1,2,2,4,10,4,4,2,4,0.0,0.0,0,0,0,1,0.0,0,2,2,2,6,1,18,22,2,0,1,0,2,1,0,0,4,9,2,2,0,18,22,2,0,1,0,2,1,0,0,4,9,2,2,0,0,0,11,0,0,0,0,0,0,0,0,0,7,0,0,0,0,0,0,4,0
1510,L26557,TractorBeamTurret$TractorBeamBuild,mindustry.world.blocks.defense.turrets.TractorBeamTurret$TractorBeamBuild,L6103,L103,C:\Users\domco\Desktop\DP\repos\Mindustry\core\src\mindustry\world\blocks\defense\turrets\TractorBeamTurret.java,74,5,176,6,0.0,0,0,0,0.0,0.0,0,0,1,3,3,19,16,1,0,6,11,0.0,0.0632911,5,0,0,6,0.0632911,5,2,2,0,0,1,74,103,7,0,6,0,5,6,5,0,7,41,7,7,0,74,103,7,0,6,0,5,6,5,0,7,41,7,7,0,0,0,20,0,1,1,0,0,0,1,1,0,13,0,0,0,0,0,0,5,0
1511,L26560,Turret$AmmoEntry,mindustry.world.blocks.defense.turrets.Turret$AmmoEntry,L26406,L103,C:\Users\domco\Desktop\DP\repos\Mindustry\core\src\mindustry\world\blocks\defense\turrets\Turret.java,138,5,142,6,0.0,0,0,0,0.0,0.0,0,0,0,0,0,1,1,4,1,0,1,0.0,0.0,0,0,0,2,0.0,0,0,0,1,1,0,4,5,1,0,1,0,1,1,1,0,1,0,1,1,0,4,5,1,0,1,0,1,1,1,0,1,0,1,1,0,0,0,9,0,0,0,0,0,0,0,0,0,5,0,0,0,0,0,0,4,0
1512,L26409,Turret$TurretBuild,mindustry.world.blocks.defense.turrets.Turret$TurretBuild,L26406,L103,C:\Users\domco\Desktop\DP\repos\Mindustry\core\src\mindustry\world\blocks\defense\turrets\Turret.java,144,5,507,6,0.0,0,0,0,0.0,0.0,0,0,5,5,4,99,21,6,9,16,44,0.15,0.047619,13,3,3,17,0.047619,13,3,4,3,4,2,260,364,14,0,12,0,28,12,19,0,34,166,14,23,0,260,364,14,0,12,0,28,12,19,0,34,166,14,23,0,0,0,69,0,0,0,0,0,1,3,1,0,55,0,0,1,0,0,0,8,0
1513,L38584,Unloader$UnloaderBuild$ContainerStat,mindustry.world.blocks.storage.Unloader$UnloaderBuild$ContainerStat,L26872,L103,C:\Users\domco\Desktop\DP\repos\Mindustry\core\src\mindustry\world\blocks\storage\Unloader.java,62,9,68,10,0.0,0,0,0,0.0,0.0,0,0,0,0,0,0,0,1,0,0,0,0.0,0.0,0,0,0,1,0.0,0,0,0,0,0,0,7,7,5,0,5,0,0,0,0,0,0,0,0,0,0,7,7,5,0,5,0,0,0,0,0,0,0,0,0,0,0,0,3,0,5,0,0,5,0,0,0,0,3,0,0,0,0,0,0,0,0
1514,L34686,ItemTurret$1,mindustry.world.blocks.defense.turrets.ItemTurret$1,L34680,L103,C:\Users\domco\Desktop\DP\repos\Mindustry\core\src\mindustry\world\blocks\defense\turrets\ItemTurret.java,57,74,77,10,0.0,0,0,0,0.0,0.0,0,0,3,0,0,6,7,0,0,1,4,0.0,0.111111,2,0,0,4,0.111111,2,2,2,0,0,1,16,21,4,1,0,0,3,0,3,0,21,6,4,21,0,16,21,4,1,0,0,3,0,3,0,21,6,4,21,0,0,0,10,0,0,0,0,0,1,0,0,0,7,0,0,0,0,0,0,2,0
1515,L34829,LiquidTurret$1,mindustry.world.blocks.defense.turrets.LiquidTurret$1,L34826,L103,C:\Users\domco\Desktop\DP\repos\Mindustry\core\src\mindustry\world\blocks\defense\turrets\LiquidTurret.java,50,80,65,10,0.0,0,0,0,0.0,0.0,0,0,3,0,0,3,2,0,0,0,3,0.0,0.0,0,0,0,4,0.0,0,3,3,0,0,1,12,16,5,1,0,0,3,0,3,0,24,1,5,23,0,12,16,5,1,0,0,3,0,3,0,24,1,5,23,0,0,0,12,0,2,0,0,0,1,0,0,0,9,2,0,0,0,0,0,2,0
1516,L40538,IOSLauncher$1$1,mindustry.ios.IOSLauncher$1$1,L40533,L103,C:\Users\domco\Desktop\DP\repos\Mindustry\ios\src\mindustry\ios\IOSLauncher.java,49,60,63,23,0.0,0,0,0,0.0,0.0,0,0,0,0,0,0,0,0,0,0,0,0.0,0.0,0,0,0,1,0.0,0,0,0,0,0,0,5,15,0,0,0,0,0,0,0,0,0,0,0,0,0,5,15,0,0,0,0,0,0,0,0,0,0,0,0,0,0,1,3,1,0,0,0,0,0,0,0,0,3,0,2,0,0,0,0,0,0
1517,L40540,IOSLauncher$1$1ChooserDelegate,mindustry.ios.IOSLauncher$1$1ChooserDelegate,L40533,L103,C:\Users\domco\Desktop\DP\repos\Mindustry\ios\src\mindustry\ios\IOSLauncher.java,75,17,133,18,0.0,0,0,0,0.0,0.0,0,0,7,1,1,9,2,1,0,1,8,0.0,0.0,0,0,0,8,0.0,0,0,0,0,0,0,36,59,0,0,0,0,7,0,7,0,7,11,0,7,0,36,59,0,0,0,0,7,0,7,0,7,11,0,7,0,0,0,18,2,6,0,0,1,1,0,0,0,17,5,2,0,0,0,0,0,0
1518,L40819,ImagePacker$1$1,mindustry.tools.ImagePacker$1$1,L40801,L103,C:\Users\domco\Desktop\DP\repos\Mindustry\tools\src\mindustry\tools\ImagePacker.java,53,67,58,23,0.0,0,0,0,0.0,0.0,0,0,0,0,0,0,1,0,0,0,0,0.0,0.0,0,0,0,1,0.0,0,1,1,0,0,1,6,6,2,0,0,0,0,0,0,0,2,0,0,1,0,6,6,2,0,0,0,0,0,0,0,2,0,0,1,0,0,1,3,0,0,0,0,0,0,0,0,0,3,0,1,0,0,0,0,0,0
1519,L40981,ApplicationTests$1$1,ApplicationTests$1$1,L40977,L103,C:\Users\domco\Desktop\DP\repos\Mindustry\tests\src\test\java\ApplicationTests.java,74,40,80,22,0.0,0,0,0,0.0,0.0,0,0,0,0,0,1,1,0,0,0,1,0.0,0.142857,1,0,0,2,0.142857,1,1,1,0,0,1,6,7,5,4,0,1,1,0,1,0,45,1,2,43,2,6,7,5,4,0,1,1,0,1,0,45,1,2,43,2,0,0,7,0,0,0,0,0,0,0,0,0,5,0,0,0,0,0,0,2,0
