,ID,Name,LongName,Parent,Component,Path,Line,Column,EndLine,EndColumn,CC,CCL,CCO,CI,CLC,CLLC,LDC,LLDC,LCOM5,NL,NLE,WMC,CBO,CBOI,NII,NOI,RFC,AD,CD,CLOC,DLOC,PDA,PUA,TCD,TCLOC,DIT,NOA,NOC,NOD,NOP,LLOC,LOC,NA,NG,NLA,NLG,NLM,NLPA,NLPM,NLS,NM,NOS,NPA,NPM,NS,TLLOC,TLOC,TNA,TNG,TNLA,TNLG,TNLM,TNLPA,TNLPM,TNLS,TNM,TNOS,TNPA,TNPM,TNS,WarningBlocker,WarningCritical,WarningInfo,WarningMajor,WarningMinor,Best Practice Rules,Clone Metric Rules,Code Style Rules,Cohesion Metric Rules,Complexity Metric Rules,Coupling Metric Rules,Design Rules,Documentation Metric Rules,Documentation Rules,Error Prone Rules,Inheritance Metric Rules,Multithreading Rules,Performance Rules,Security Rules,Size Metric Rules,isDefective
0,L55556,FileWith_ISO8859,FileWith_ISO8859,L55470,L103,C:\Users\domco\Desktop\DP\repos\pmd\pmd-core\src\test\resources\net\sourceforge\pmd\cpd\files\file_with_ISO-8859-1_encoding.java,6,1,8,2,0.0,0,0,0,0.0,0.0,0,0,0,0,0,0,0,0,0,0,0,1.0,0.714286,5,5,1,0,0.714286,5,0,0,0,0,0,2,3,0,0,0,0,0,0,0,0,0,0,0,0,0,2,3,0,0,0,0,0,0,0,0,0,0,0,0,0,0,0,0,0,0,0,0,0,0,0,0,0,0,0,0,0,0,0,0,0,0
1,L55559,FileWith_UTF,FileWith_UTF,L55470,L103,C:\Users\domco\Desktop\DP\repos\pmd\pmd-core\src\test\resources\net\sourceforge\pmd\cpd\files\file_with_utf8_bom.java,6,1,8,2,0.0,0,0,0,0.0,0.0,0,0,0,0,0,0,0,0,0,0,0,1.0,0.714286,5,5,1,0,0.714286,5,0,0,0,0,0,2,3,0,0,0,0,0,0,0,0,0,0,0,0,0,2,3,0,0,0,0,0,0,0,0,0,0,0,0,0,0,0,0,0,0,0,0,0,0,0,0,0,0,0,0,0,0,0,0,0,0
2,L55562,Class1,Class1,L55470,L103,C:\Users\domco\Desktop\DP\repos\pmd\pmd-dist\src\test\resources\sample-source-cpd\Class1.java,4,1,13,2,0.0,0,0,0,0.0,0.0,0,0,1,0,0,1,0,0,0,0,1,0.5,0.25,3,3,1,1,0.25,3,0,0,0,0,0,9,10,0,0,0,0,1,0,1,0,1,5,0,1,0,9,10,0,0,0,0,1,0,1,0,1,5,0,1,0,0,0,3,1,1,1,0,1,0,0,0,0,3,0,0,0,0,0,0,0,0
3,L55566,Class2,Class2,L55470,L103,C:\Users\domco\Desktop\DP\repos\pmd\pmd-dist\src\test\resources\sample-source-cpd\Class2.java,4,1,13,2,0.0,0,0,0,0.0,0.0,0,0,1,0,0,1,0,0,0,0,1,0.5,0.25,3,3,1,1,0.25,3,0,0,0,0,0,9,10,0,0,0,0,1,0,1,0,1,5,0,1,0,9,10,0,0,0,0,1,0,1,0,1,5,0,1,0,0,0,3,1,1,1,0,1,0,0,0,0,3,0,0,0,0,0,0,0,0
4,L55570,JumbledIncrementer,JumbledIncrementer,L55470,L103,C:\Users\domco\Desktop\DP\repos\pmd\pmd-dist\src\test\resources\sample-source\JumbledIncrementer.java,5,1,13,2,0.0,0,0,0,0.0,0.0,0,0,1,2,2,3,0,0,0,0,1,0.5,0.4,6,4,1,1,0.4,6,0,0,0,0,0,9,9,0,0,0,0,1,0,1,0,1,7,0,1,0,9,9,0,0,0,0,1,0,1,0,1,7,0,1,0,0,1,3,1,2,2,0,1,0,0,0,0,3,0,1,0,0,0,0,0,0
5,L55574,EncodingTestClass,EncodingTestClass,L55470,L103,C:\Users\domco\Desktop\DP\repos\pmd\pmd-java\src\test\resources\ant\java\EncodingTestClass.java,1,1,9,2,0.0,0,0,0,0.0,0.0,0,0,1,0,0,1,0,0,0,0,1,0.0,0.444444,4,0,0,2,0.444444,4,0,0,0,0,0,5,9,0,0,0,0,1,0,1,0,1,1,0,1,0,5,9,0,0,0,0,1,0,1,0,1,1,0,1,0,0,0,1,0,0,0,0,0,0,0,0,0,1,0,0,0,0,0,0,0,0
6,L55578,Superclass,Superclass,L55470,L103,C:\Users\domco\Desktop\DP\repos\pmd\pmd-java\src\test\resources\net\sourceforge\pmd\ast\ParserCornerCases.java,10,1,21,2,0.0,0,0,0,0.0,0.0,0,0,1,0,0,3,0,1,3,0,3,0.333333,0.4375,7,7,1,2,0.4375,7,0,0,1,1,0,9,12,0,0,0,0,3,0,2,0,3,1,0,2,0,9,12,0,0,0,0,3,0,2,0,3,1,0,2,0,0,0,7,0,4,0,0,2,0,0,0,0,7,2,0,0,0,0,0,0,0
7,L55592,Outer,Outer,L55470,L103,C:\Users\domco\Desktop\DP\repos\pmd\pmd-java\src\test\resources\net\sourceforge\pmd\ast\ParserCornerCases.java,23,1,33,2,0.0,0,0,0,0.0,0.0,0,0,0,0,0,1,0,1,0,0,1,0.0,0.0,0,0,0,1,0.0,0,0,0,0,0,0,5,6,0,0,0,0,1,0,0,0,1,1,0,0,0,10,11,0,0,0,0,2,0,0,0,2,2,0,0,0,0,0,10,2,2,2,0,2,0,0,0,0,10,0,0,0,0,0,0,0,0
8,L55596,Child,Child,L55470,L103,C:\Users\domco\Desktop\DP\repos\pmd\pmd-java\src\test\resources\net\sourceforge\pmd\ast\ParserCornerCases.java,34,1,39,2,0.0,0,0,0,0.0,0.0,0,0,0,0,0,1,2,0,0,1,2,0.0,0.0,0,0,0,1,0.0,0,1,1,0,0,1,6,6,0,0,0,0,1,0,0,0,2,2,0,0,0,6,6,0,0,0,0,1,0,0,0,2,2,0,0,0,0,0,5,1,1,1,0,1,0,0,0,0,5,0,0,0,0,0,0,0,0
9,L55604,ParserCornerCases,ParserCornerCases,L55470,L103,C:\Users\domco\Desktop\DP\repos\pmd\pmd-java\src\test\resources\net\sourceforge\pmd\ast\ParserCornerCases.java,41,1,77,2,0.0,0,0,0,0.0,0.0,0,0,2,1,1,9,1,0,0,3,11,0.0,0.0,0,0,0,7,0.0,0,1,1,0,0,1,29,37,0,1,0,1,8,0,6,0,11,10,0,8,0,29,37,0,1,0,1,8,0,6,0,11,10,0,8,0,0,0,20,2,3,2,0,3,1,0,0,0,19,0,0,0,0,0,0,0,0
10,L55630,PmdTestParent,PmdTestParent,L55470,L103,C:\Users\domco\Desktop\DP\repos\pmd\pmd-java\src\test\resources\net\sourceforge\pmd\ast\ParserCornerCases.java,82,1,84,2,0.0,0,0,0,0.0,0.0,0,0,0,0,0,1,0,1,1,0,1,0.5,0.5,3,3,1,1,0.5,3,0,0,1,1,0,3,3,0,0,0,0,1,0,1,0,1,0,0,1,0,3,3,0,0,0,0,1,0,1,0,1,0,0,1,0,0,0,3,0,2,0,0,1,0,0,0,0,3,1,0,0,0,0,0,0,0
11,L55634,PmdTestChild,PmdTestChild,L55470,L103,C:\Users\domco\Desktop\DP\repos\pmd\pmd-java\src\test\resources\net\sourceforge\pmd\ast\ParserCornerCases.java,86,1,104,2,0.0,0,0,0,0.0,0.0,0,0,0,0,0,1,1,0,0,1,2,0.0,0.142857,1,0,0,2,0.0714286,1,1,1,0,0,1,6,8,0,0,0,0,1,0,1,0,2,1,0,2,0,13,19,0,0,0,0,2,0,2,0,3,5,0,3,0,0,0,10,0,1,0,0,1,0,0,0,0,10,0,0,0,0,0,0,0,0
12,L55643,SimpleBean,SimpleBean,L55470,L103,C:\Users\domco\Desktop\DP\repos\pmd\pmd-java\src\test\resources\net\sourceforge\pmd\ast\ParserCornerCases.java,109,1,111,2,0.0,0,0,0,0.0,0.0,0,0,0,0,0,0,0,4,0,0,0,1.0,0.5,3,3,1,0,0.5,3,0,0,2,2,0,3,3,1,0,1,0,0,0,0,0,0,0,0,0,0,3,3,1,0,1,0,0,0,0,0,0,0,0,0,0,0,0,0,0,2,0,0,2,0,0,0,0,0,0,0,0,0,0,0,0,0
13,L55647,SimpleBeanUser,SimpleBeanUser,L55470,L103,C:\Users\domco\Desktop\DP\repos\pmd\pmd-java\src\test\resources\net\sourceforge\pmd\ast\ParserCornerCases.java,113,1,123,2,0.0,0,0,0,0.0,0.0,0,0,0,0,0,2,1,1,1,0,2,0.0,0.0,0,0,0,1,0.0,0,0,0,1,1,0,8,10,0,0,0,0,2,0,0,0,2,1,0,0,0,9,11,1,0,0,0,2,0,0,0,2,1,0,0,0,0,1,10,0,2,0,0,1,0,0,0,0,10,1,1,0,0,0,0,0,0
14,L55660,SimpleBeanUser2,SimpleBeanUser2,L55470,L103,C:\Users\domco\Desktop\DP\repos\pmd\pmd-java\src\test\resources\net\sourceforge\pmd\ast\ParserCornerCases.java,125,1,131,2,0.0,0,0,0,0.0,0.0,0,0,0,0,0,1,2,0,0,1,2,0.0,0.0,0,0,0,1,0.0,0,1,1,0,0,1,6,6,0,0,0,0,1,0,0,0,3,1,0,0,0,7,7,1,0,0,0,1,0,0,0,3,1,0,0,0,0,1,8,0,1,0,0,1,0,0,0,0,8,0,1,0,0,0,0,0,0
15,L55668,TestParseAnnototation,TestParseAnnototation,L55470,L103,C:\Users\domco\Desktop\DP\repos\pmd\pmd-java\src\test\resources\net\sourceforge\pmd\ast\ParserCornerCases.java,136,1,146,2,0.0,0,0,0,0.0,0.0,0,0,1,1,1,4,0,0,0,0,1,1.0,0.214286,3,3,1,0,0.214286,3,0,0,0,0,0,11,11,0,0,0,0,1,0,0,0,1,7,0,0,0,11,11,0,0,0,0,1,0,0,0,1,7,0,0,0,0,0,4,1,3,1,0,3,0,0,0,0,4,0,0,0,0,0,0,0,0
16,L55672,FooBlock,FooBlock,L55470,L103,C:\Users\domco\Desktop\DP\repos\pmd\pmd-java\src\test\resources\net\sourceforge\pmd\ast\ParserCornerCases.java,151,1,151,18,0.0,0,0,0,0.0,0.0,0,0,0,0,0,0,0,3,0,0,0,1.0,0.75,3,3,1,0,0.75,3,0,0,1,1,0,1,1,0,0,0,0,0,0,0,0,0,0,0,0,0,1,1,0,0,0,0,0,0,0,0,0,0,0,0,0,0,0,0,0,1,0,0,1,0,0,0,0,0,0,0,0,0,0,0,0,0
17,L55675,MyFoo,MyFoo,L55470,L103,C:\Users\domco\Desktop\DP\repos\pmd\pmd-java\src\test\resources\net\sourceforge\pmd\ast\ParserCornerCases.java,152,1,155,2,0.0,0,0,0,0.0,0.0,0,0,0,0,0,1,1,1,1,0,1,0.0,0.0,0,0,0,1,0.0,0,0,0,1,1,0,4,4,0,0,0,0,1,0,0,0,1,0,0,0,0,4,4,0,0,0,0,1,0,0,0,1,0,0,0,0,0,0,5,0,2,0,0,1,0,0,0,0,5,1,0,0,0,0,0,0,0
18,L55680,Foo,Foo,L55470,L103,C:\Users\domco\Desktop\DP\repos\pmd\pmd-java\src\test\resources\net\sourceforge\pmd\ast\ParserCornerCases.java,156,1,165,2,0.0,0,0,0,0.0,0.0,0,0,0,0,0,1,2,1,0,1,2,0.0,0.0,0,0,0,2,0.0,0,1,1,0,0,1,6,6,0,0,0,0,1,0,1,0,2,1,0,1,0,10,10,0,0,0,0,2,0,2,0,3,3,0,2,0,0,0,10,0,3,0,0,3,0,0,0,0,10,0,0,0,0,0,0,0,0
19,L55691,SuperTest,SuperTest,L55470,L103,C:\Users\domco\Desktop\DP\repos\pmd\pmd-java\src\test\resources\net\sourceforge\pmd\ast\ParserCornerCases.java,170,1,197,2,0.0,0,0,0,0.0,0.0,0,0,1,1,1,2,0,0,0,0,1,1.0,0.4,6,6,2,0,0.214286,6,0,0,0,0,0,9,12,0,0,0,0,1,0,1,0,1,3,0,1,0,22,28,1,0,1,0,4,0,4,0,4,8,0,4,0,0,0,11,0,1,0,0,1,0,0,0,0,11,0,0,0,0,0,0,0,0
20,L55702,ClazzPropertyOfPrimitiveTypes,ClazzPropertyOfPrimitiveTypes,L55470,L103,C:\Users\domco\Desktop\DP\repos\pmd\pmd-java\src\test\resources\net\sourceforge\pmd\ast\ParserCornerCases.java,202,1,224,2,0.0,0,0,0,0.0,0.0,0,0,1,1,1,11,0,0,0,0,1,0.5,0.142857,3,3,1,1,0.142857,3,0,0,0,0,0,18,23,0,0,0,0,1,0,1,0,1,11,0,1,0,18,23,0,0,0,0,1,0,1,0,1,11,0,1,0,0,0,6,3,1,0,0,1,0,1,0,0,5,0,3,0,0,0,0,0,0
21,L55706,ParserCornerCases17,ParserCornerCases17,L55470,L103,C:\Users\domco\Desktop\DP\repos\pmd\pmd-java\src\test\resources\net\sourceforge\pmd\ast\ParserCornerCases17.java,23,1,180,2,0.0,0,0,0,0.0,0.0,0,0,7,2,2,27,1,0,0,1,9,0.222222,0.160839,23,7,2,7,0.156463,23,0,0,0,0,0,120,154,0,0,0,0,8,0,8,0,8,74,0,8,0,124,158,0,0,0,0,9,0,8,0,9,74,0,8,0,0,1,21,26,10,26,0,9,1,0,0,0,20,1,0,0,0,1,0,0,0
22,L55738,ParserCornerCases18,ParserCornerCases18,L55470,L103,C:\Users\domco\Desktop\DP\repos\pmd\pmd-java\src\test\resources\net\sourceforge\pmd\ast\ParserCornerCases18.java,22,1,213,2,0.0935065,1,2,2,0.104167,0.096,20,12,14,0,0,20,1,0,0,0,19,0.266667,0.22807,26,22,4,11,0.193548,30,0,0,0,0,0,88,143,1,3,1,3,19,0,14,0,19,45,0,14,0,125,192,2,3,2,3,26,0,19,0,26,50,0,19,0,0,0,82,36,21,34,17,14,2,0,0,0,63,6,3,0,0,0,0,0,0
23,L55905,EmptyIfStatement,EmptyIfStatement,L55470,L103,C:\Users\domco\Desktop\DP\repos\pmd\pmd-java\src\test\resources\net\sourceforge\pmd\cli\EmptyIfStatement.java,9,1,13,2,0.0,0,0,0,0.0,0.0,0,0,1,1,1,2,0,0,0,0,1,0.5,0.583333,7,7,1,1,0.583333,7,0,0,0,0,0,5,5,0,0,0,0,1,0,1,0,1,1,0,1,0,5,5,0,0,0,0,1,0,1,0,1,1,0,1,0,0,0,3,1,0,0,0,0,0,0,0,0,3,0,1,0,0,0,0,0,0
24,L55910,BadFile,BadFile,L55470,L103,C:\Users\domco\Desktop\DP\repos\pmd\pmd-java\src\test\resources\net\sourceforge\pmd\cpd\badandgood\BadFile.java,1,1,6,2,0.0,0,0,0,0.0,0.0,0,0,1,0,0,1,0,0,0,0,1,0.0,0.166667,1,0,0,2,0.166667,1,0,0,0,0,0,5,6,0,0,0,0,1,0,1,0,1,2,0,1,0,5,6,0,0,0,0,1,0,1,0,1,2,0,1,0,0,0,3,0,0,0,0,0,0,0,0,0,3,0,0,0,0,0,0,0,0
25,L55913,GoodFile,GoodFile,L55470,L103,C:\Users\domco\Desktop\DP\repos\pmd\pmd-java\src\test\resources\net\sourceforge\pmd\cpd\badandgood\GoodFile.java,1,1,5,2,0.0,0,0,0,0.0,0.0,0,0,1,0,0,1,0,0,0,0,1,0.0,0.0,0,0,0,2,0.0,0,0,0,0,0,0,5,5,0,0,0,0,1,0,1,0,1,1,0,1,0,5,5,0,0,0,0,1,0,1,0,1,1,0,1,0,0,0,5,1,0,1,0,0,0,0,0,0,5,0,0,0,0,0,0,0,0
26,L55916,GoodFile2,GoodFile2,L55470,L103,C:\Users\domco\Desktop\DP\repos\pmd\pmd-java\src\test\resources\net\sourceforge\pmd\cpd\badandgood\GoodFile2.java,1,1,5,2,0.0,0,0,0,0.0,0.0,0,0,1,0,0,1,0,0,0,0,1,0.0,0.0,0,0,0,2,0.0,0,0,0,0,0,0,5,5,0,0,0,0,1,0,1,0,1,1,0,1,0,5,5,0,0,0,0,1,0,1,0,1,1,0,1,0,0,0,5,1,0,1,0,0,0,0,0,0,5,0,0,0,0,0,0,0,0
27,L55919,File1,File1,L55470,L103,C:\Users\domco\Desktop\DP\repos\pmd\pmd-java\src\test\resources\net\sourceforge\pmd\cpd\clitest\File1.java,1,1,7,2,0.0,0,0,0,0.0,0.0,0,0,1,1,1,2,0,0,0,0,1,0.0,0.0,0,0,0,2,0.0,0,0,0,0,0,0,7,7,0,0,0,0,1,0,1,0,1,4,0,1,0,7,7,0,0,0,0,1,0,1,0,1,4,0,1,0,0,0,5,1,0,1,0,0,0,0,0,0,5,0,0,0,0,0,0,0,0
28,L55922,File2,File2,L55470,L103,C:\Users\domco\Desktop\DP\repos\pmd\pmd-java\src\test\resources\net\sourceforge\pmd\cpd\clitest\File2.java,1,1,7,2,0.0,0,0,0,0.0,0.0,0,0,1,1,1,2,0,0,0,0,1,0.0,0.0,0,0,0,2,0.0,0,0,0,0,0,0,7,7,0,0,0,0,1,0,1,0,1,4,0,1,0,7,7,0,0,0,0,1,0,1,0,1,4,0,1,0,0,0,5,1,0,1,0,0,0,0,0,0,5,0,0,0,0,0,0,0,0
29,L55925,Bug1429,Bug1429,L55470,L103,C:\Users\domco\Desktop\DP\repos\pmd\pmd-java\src\test\resources\net\sourceforge\pmd\lang\java\ast\Bug1429.java,1,1,18,2,0.0,0,0,0,0.0,0.0,0,0,0,0,0,2,0,0,0,0,1,0.0,0.0,0,0,0,2,0.0,0,0,0,0,0,0,7,7,0,1,0,1,1,0,1,0,1,1,0,1,0,17,18,0,1,0,1,2,0,2,0,2,7,0,2,0,0,0,10,0,0,0,0,0,0,0,0,0,10,0,0,0,0,0,0,0,0
30,L55931,Bug1530,Bug1530,L55470,L103,C:\Users\domco\Desktop\DP\repos\pmd\pmd-java\src\test\resources\net\sourceforge\pmd\lang\java\ast\Bug1530.java,1,1,5,2,0.0,0,0,0,0.0,0.0,0,0,1,0,0,1,0,0,0,0,1,0.0,0.0,0,0,0,2,0.0,0,0,0,0,0,0,5,5,0,0,0,0,1,0,1,0,1,1,0,1,0,5,5,0,0,0,0,1,0,1,0,1,1,0,1,0,0,0,5,0,0,0,0,0,0,0,0,0,5,0,0,0,0,0,0,0,0
31,L55934,GitHubBug207,GitHubBug207,L55470,L103,C:\Users\domco\Desktop\DP\repos\pmd\pmd-java\src\test\resources\net\sourceforge\pmd\lang\java\ast\GitHubBug207.java,1,1,5,2,0.0,0,0,0,0.0,0.0,0,0,1,0,0,1,0,0,0,0,1,0.0,0.0,0,0,0,1,0.0,0,0,0,0,0,0,5,5,0,0,0,0,1,0,0,0,1,1,0,0,0,5,5,0,0,0,0,1,0,0,0,1,1,0,0,0,0,0,5,1,0,1,0,0,0,0,0,0,5,0,0,0,0,0,0,0,0
32,L55938,GitHubBug208,GitHubBug208,L55470,L103,C:\Users\domco\Desktop\DP\repos\pmd\pmd-java\src\test\resources\net\sourceforge\pmd\lang\java\ast\GitHubBug208.java,1,1,11,2,0.0,0,0,0,0.0,0.0,0,0,1,0,0,1,0,0,0,0,1,0.0,0.0,0,0,0,2,0.0,0,0,0,0,0,0,4,4,0,0,0,0,1,0,1,0,1,0,0,1,0,11,11,0,0,0,0,2,0,1,0,2,1,0,1,0,0,0,10,0,2,0,0,2,0,0,0,0,10,0,0,0,0,0,0,0,0
33,L55944,GitHubBug309,GitHubBug309,L55470,L103,C:\Users\domco\Desktop\DP\repos\pmd\pmd-java\src\test\resources\net\sourceforge\pmd\lang\java\ast\GitHubBug309.java,3,1,8,2,0.0,0,0,0,0.0,0.0,0,0,1,0,0,1,0,0,0,0,1,0.0,0.142857,1,0,0,2,0.142857,1,0,0,0,0,0,6,6,0,0,0,0,1,0,1,0,1,2,0,1,0,6,6,0,0,0,0,1,0,1,0,1,2,0,1,0,0,0,5,2,1,2,0,1,0,0,0,0,5,0,0,0,0,0,0,0,0
34,L55948,Foo,Foo,L55470,L103,C:\Users\domco\Desktop\DP\repos\pmd\pmd-java\src\test\resources\net\sourceforge\pmd\lang\java\ast\jdkversiontests\annotated_locals.java,1,1,5,2,0.0,0,0,0,0.0,0.0,0,0,1,0,0,1,0,0,0,0,1,0.0,0.0,0,0,0,1,0.0,0,0,0,0,0,0,5,5,0,0,0,0,1,0,0,0,1,1,0,0,0,5,5,0,0,0,0,1,0,0,0,1,1,0,0,0,0,0,5,1,1,1,0,1,0,0,0,0,5,0,0,0,0,0,0,0,0
35,L55951,Foo,Foo,L55470,L103,C:\Users\domco\Desktop\DP\repos\pmd\pmd-java\src\test\resources\net\sourceforge\pmd\lang\java\ast\jdkversiontests\annotated_params.java,1,1,3,2,0.0,0,0,0,0.0,0.0,0,0,1,0,0,1,0,0,0,0,1,0.0,0.0,0,0,0,1,0.0,0,0,0,0,0,0,3,3,0,0,0,0,1,0,0,0,1,0,0,0,0,3,3,0,0,0,0,1,0,0,0,1,0,0,0,0,0,0,5,0,2,0,0,1,0,0,0,0,5,1,0,0,0,0,0,0,0
36,L55956,Foo,Foo,L55470,L103,C:\Users\domco\Desktop\DP\repos\pmd\pmd-java\src\test\resources\net\sourceforge\pmd\lang\java\ast\jdkversiontests\assert_test1.java,1,1,5,2,0.0,0,0,0,0.0,0.0,0,0,1,0,0,1,0,0,0,0,1,0.0,0.0,0,0,0,1,0.0,0,0,0,0,0,0,5,5,0,0,0,0,1,0,0,0,1,1,0,0,0,5,5,0,0,0,0,1,0,0,0,1,1,0,0,0,0,0,5,0,1,0,0,1,0,0,0,0,5,0,0,0,0,0,0,0,0
37,L55959,Foo,Foo,L55470,L103,C:\Users\domco\Desktop\DP\repos\pmd\pmd-java\src\test\resources\net\sourceforge\pmd\lang\java\ast\jdkversiontests\assert_test2.java,1,1,5,2,0.0,0,0,0,0.0,0.0,0,0,1,0,0,1,0,0,0,0,1,0.0,0.0,0,0,0,1,0.0,0,0,0,0,0,0,5,5,0,0,0,0,1,0,0,0,1,1,0,0,0,5,5,0,0,0,0,1,0,0,0,1,1,0,0,0,0,0,5,0,1,0,0,1,0,0,0,0,5,0,0,0,0,0,0,0,0
38,L55962,Foo,Foo,L55470,L103,C:\Users\domco\Desktop\DP\repos\pmd\pmd-java\src\test\resources\net\sourceforge\pmd\lang\java\ast\jdkversiontests\assert_test3.java,1,1,5,2,0.0,0,0,0,0.0,0.0,0,0,1,0,0,1,0,0,0,0,1,0.0,0.0,0,0,0,1,0.0,0,0,0,0,0,0,5,5,0,0,0,0,1,0,0,0,1,1,0,0,0,5,5,0,0,0,0,1,0,0,0,1,1,0,0,0,0,0,5,0,1,0,0,1,0,0,0,0,5,0,0,0,0,0,0,0,0
39,L55965,Foo,Foo,L55470,L103,C:\Users\domco\Desktop\DP\repos\pmd\pmd-java\src\test\resources\net\sourceforge\pmd\lang\java\ast\jdkversiontests\assert_test4.java,1,1,5,2,0.0,0,0,0,0.0,0.0,0,0,1,0,0,1,0,0,0,0,1,0.0,0.0,0,0,0,1,0.0,0,0,0,0,0,0,5,5,0,0,0,0,1,0,0,0,1,1,0,0,0,5,5,0,0,0,0,1,0,0,0,1,1,0,0,0,0,0,5,0,1,0,0,1,0,0,0,0,5,0,0,0,0,0,0,0,0
40,L55968,Foo,Foo,L55470,L103,C:\Users\domco\Desktop\DP\repos\pmd\pmd-java\src\test\resources\net\sourceforge\pmd\lang\java\ast\jdkversiontests\assert_test5.java,1,1,3,2,0.0,0,0,0,0.0,0.0,0,0,0,0,0,0,0,0,0,0,0,0.0,0.0,0,0,0,1,0.0,0,0,0,0,0,0,3,3,1,0,1,0,0,0,0,0,0,0,0,0,0,3,3,1,0,1,0,0,0,0,0,0,0,0,0,0,0,0,3,0,0,0,0,0,0,0,0,0,3,0,0,0,0,0,0,0,0
41,L55971,Foo,Foo,L55470,L103,C:\Users\domco\Desktop\DP\repos\pmd\pmd-java\src\test\resources\net\sourceforge\pmd\lang\java\ast\jdkversiontests\assert_test5_a.java,1,1,3,2,0.0,0,0,0,0.0,0.0,0,0,1,0,0,1,0,0,0,0,1,0.0,0.0,0,0,0,1,0.0,0,0,0,0,0,0,3,3,0,0,0,0,1,0,0,0,1,1,0,0,0,3,3,0,0,0,0,1,0,0,0,1,1,0,0,0,0,0,5,0,0,0,0,0,0,0,0,0,5,0,0,0,0,0,0,0,0
42,L55974,Foo,Foo,L55470,L103,C:\Users\domco\Desktop\DP\repos\pmd\pmd-java\src\test\resources\net\sourceforge\pmd\lang\java\ast\jdkversiontests\assert_test6.java,1,1,5,2,0.0,0,0,0,0.0,0.0,0,0,1,0,0,1,0,0,0,0,1,0.0,0.0,0,0,0,1,0.0,0,0,0,0,0,0,5,5,0,0,0,0,1,0,0,0,1,1,0,0,0,5,5,0,0,0,0,1,0,0,0,1,1,0,0,0,0,0,5,0,1,0,0,1,0,0,0,0,5,0,0,0,0,0,0,0,0
43,L55977,Foo,Foo,L55470,L103,C:\Users\domco\Desktop\DP\repos\pmd\pmd-java\src\test\resources\net\sourceforge\pmd\lang\java\ast\jdkversiontests\assert_test7.java,1,1,3,2,0.0,0,0,0,0.0,0.0,0,0,1,0,0,1,0,0,0,0,1,0.0,0.0,0,0,0,1,0.0,0,0,0,0,0,0,3,3,0,0,0,0,1,0,0,0,1,0,0,0,0,3,3,0,0,0,0,1,0,0,0,1,0,0,0,0,0,0,5,0,0,0,0,0,0,0,0,0,5,0,0,0,0,0,0,0,0
44,L55982,Test,Test,L55470,L103,C:\Users\domco\Desktop\DP\repos\pmd\pmd-java\src\test\resources\net\sourceforge\pmd\lang\java\ast\jdkversiontests\fields_bug.java,1,1,3,2,0.0,0,0,0,0.0,0.0,0,0,0,0,0,0,1,0,0,0,0,0.0,0.0,0,0,0,1,0.0,0,0,0,0,0,0,3,3,1,0,1,0,0,0,0,0,0,0,0,0,0,3,3,1,0,1,0,0,0,0,0,0,0,0,0,0,0,0,3,1,0,1,0,0,0,0,0,0,3,0,0,0,0,0,0,0,0
45,L55987,Foo,Foo,L55470,L103,C:\Users\domco\Desktop\DP\repos\pmd\pmd-java\src\test\resources\net\sourceforge\pmd\lang\java\ast\jdkversiontests\funky_generics.java,1,1,3,2,0.0,0,0,0,0.0,0.0,0,0,0,0,0,1,0,0,0,0,1,0.0,0.0,0,0,0,2,0.0,0,0,0,0,0,0,3,3,0,0,0,0,1,0,1,0,1,0,0,1,0,3,3,0,0,0,0,1,0,1,0,1,0,0,1,0,0,0,5,0,2,0,0,1,0,0,0,0,5,1,0,0,0,0,0,0,0
46,L55990,Foo,Foo,L55470,L103,C:\Users\domco\Desktop\DP\repos\pmd\pmd-java\src\test\resources\net\sourceforge\pmd\lang\java\ast\jdkversiontests\generic_in_annotation.java,1,1,5,2,0.0,0,0,0,0.0,0.0,0,0,1,0,0,1,0,0,0,0,1,0.0,0.0,0,0,0,2,0.0,0,0,0,0,0,0,5,5,0,0,0,0,1,0,1,0,1,1,0,1,0,5,5,0,0,0,0,1,0,1,0,1,1,0,1,0,0,0,5,0,0,0,0,0,0,0,0,0,5,0,0,0,0,0,0,0,0
47,L55997,Foo,Foo,L55470,L103,C:\Users\domco\Desktop\DP\repos\pmd\pmd-java\src\test\resources\net\sourceforge\pmd\lang\java\ast\jdkversiontests\generic_in_field.java,1,1,3,2,0.0,0,0,0,0.0,0.0,0,0,0,0,0,0,0,0,0,0,0,0.0,0.0,0,0,0,1,0.0,0,0,0,0,0,0,3,3,1,0,1,0,0,0,0,0,0,0,0,0,0,3,3,1,0,1,0,0,0,0,0,0,0,0,0,0,0,0,3,0,2,0,0,1,0,0,0,0,3,0,1,0,0,0,0,0,0
48,L56000,Test,Test,L55470,L103,C:\Users\domco\Desktop\DP\repos\pmd\pmd-java\src\test\resources\net\sourceforge\pmd\lang\java\ast\jdkversiontests\generic_in_method_call.java,1,1,5,2,0.0,0,0,0,0.0,0.0,0,0,1,0,0,1,0,0,0,0,1,0.0,0.0,0,0,0,2,0.0,0,0,0,0,0,0,5,5,0,0,0,0,1,0,0,0,1,1,0,0,0,5,5,0,0,0,0,1,0,0,0,1,1,0,0,0,0,0,5,0,1,0,0,1,0,0,0,0,5,0,0,0,0,0,0,0,0
49,L56003,Test,Test,L55470,L103,C:\Users\domco\Desktop\DP\repos\pmd\pmd-java\src\test\resources\net\sourceforge\pmd\lang\java\ast\jdkversiontests\generic_return_type.java,1,1,5,2,0.0,0,0,0,0.0,0.0,0,0,1,0,0,1,0,0,0,0,1,0.0,0.0,0,0,0,3,0.0,0,0,0,0,0,0,5,5,0,0,0,0,1,0,1,0,1,1,0,1,0,5,5,0,0,0,0,1,0,1,0,1,1,0,1,0,0,0,5,0,0,0,0,0,0,0,0,0,5,0,0,0,0,0,0,0,0
50,L56010,Test,Test,L55470,L103,C:\Users\domco\Desktop\DP\repos\pmd\pmd-java\src\test\resources\net\sourceforge\pmd\lang\java\ast\jdkversiontests\gt_bug.java,1,1,3,2,0.0,0,0,0,0.0,0.0,0,0,0,0,0,0,0,0,0,0,0,0.0,0.0,0,0,0,2,0.0,0,0,0,0,0,0,3,3,1,0,1,0,0,0,0,0,0,0,0,0,0,3,3,1,0,1,0,0,0,0,0,0,0,0,0,0,0,0,3,0,1,0,0,1,0,0,0,0,3,0,0,0,0,0,0,0,0
51,L56013,Test,Test,L55470,L103,C:\Users\domco\Desktop\DP\repos\pmd\pmd-java\src\test\resources\net\sourceforge\pmd\lang\java\ast\jdkversiontests\inner_bug.java,1,1,6,2,0.0,0,0,0,0.0,0.0,0,0,1,0,0,1,1,0,0,0,1,0.0,0.0,0,0,0,2,0.0,0,0,0,0,0,0,6,6,0,0,0,0,1,0,0,0,1,2,0,0,0,6,6,0,0,0,0,1,0,0,0,1,2,0,0,0,0,0,8,1,2,1,0,2,0,0,0,0,8,0,0,0,0,0,0,0,0
52,L56021,Test,Test,L55470,L103,C:\Users\domco\Desktop\DP\repos\pmd\pmd-java\src\test\resources\net\sourceforge\pmd\lang\java\ast\jdkversiontests\inner_bug2.java,1,1,6,2,0.0,0,0,0,0.0,0.0,0,0,1,0,0,1,1,0,0,0,1,0.0,0.0,0,0,0,2,0.0,0,0,0,0,0,0,6,6,0,0,0,0,1,0,0,0,1,2,0,0,0,6,6,0,0,0,0,1,0,0,0,1,2,0,0,0,0,0,8,1,2,1,0,2,0,0,0,0,8,0,0,0,0,0,0,0,0
53,L56029,Test,Test,L55470,L103,C:\Users\domco\Desktop\DP\repos\pmd\pmd-java\src\test\resources\net\sourceforge\pmd\lang\java\ast\jdkversiontests\jdk14_enum.java,1,1,3,2,0.0,0,0,0,0.0,0.0,0,0,0,0,0,0,0,0,0,0,0,0.0,0.0,0,0,0,2,0.0,0,0,0,0,0,0,3,3,1,0,1,0,0,0,0,0,0,0,0,0,0,3,3,1,0,1,0,0,0,0,0,0,0,0,0,0,0,0,3,0,0,0,0,0,0,0,0,0,3,0,0,0,0,0,0,0,0
54,L56032,Test,Test,L55470,L103,C:\Users\domco\Desktop\DP\repos\pmd\pmd-java\src\test\resources\net\sourceforge\pmd\lang\java\ast\jdkversiontests\jdk15_enum.java,1,1,3,2,0.0,0,0,0,0.0,0.0,0,0,0,0,0,0,0,0,0,0,0,0.0,0.0,0,0,0,2,0.0,0,0,0,0,0,0,3,3,0,0,0,0,0,0,0,0,0,0,0,0,0,3,3,4,0,4,0,0,4,0,0,0,0,4,0,0,0,0,12,0,0,0,0,0,0,0,0,0,6,0,0,0,0,0,0,6,0
55,L56048,Test,Test,L55470,L103,C:\Users\domco\Desktop\DP\repos\pmd\pmd-java\src\test\resources\net\sourceforge\pmd\lang\java\ast\jdkversiontests\jdk15_forloop.java,1,1,5,2,0.0,0,0,0,0.0,0.0,0,0,1,1,1,2,0,0,0,0,1,0.0,0.0,0,0,0,2,0.0,0,0,0,0,0,0,5,5,0,0,0,0,1,0,0,0,1,1,0,0,0,5,5,0,0,0,0,1,0,0,0,1,1,0,0,0,0,0,5,1,1,1,0,1,0,0,0,0,5,0,0,0,0,0,0,0,0
56,L56052,Test,Test,L55470,L103,C:\Users\domco\Desktop\DP\repos\pmd\pmd-java\src\test\resources\net\sourceforge\pmd\lang\java\ast\jdkversiontests\jdk15_forloop_with_modifier.java,1,1,5,2,0.0,0,0,0,0.0,0.0,0,0,1,1,1,2,0,0,0,0,1,0.0,0.0,0,0,0,2,0.0,0,0,0,0,0,0,5,5,0,0,0,0,1,0,0,0,1,1,0,0,0,5,5,0,0,0,0,1,0,0,0,1,1,0,0,0,0,0,5,1,1,1,0,1,0,0,0,0,5,0,0,0,0,0,0,0,0
57,L56056,Test,Test,L55470,L103,C:\Users\domco\Desktop\DP\repos\pmd\pmd-java\src\test\resources\net\sourceforge\pmd\lang\java\ast\jdkversiontests\jdk15_generics.java,1,1,3,2,0.0,0,0,0,0.0,0.0,0,0,0,0,0,0,0,0,0,0,0,0.0,0.0,0,0,0,2,0.0,0,0,0,0,0,0,3,3,1,0,1,0,0,0,0,0,0,0,0,0,0,3,3,1,0,1,0,0,0,0,0,0,0,0,0,0,0,0,3,0,2,0,0,2,0,0,0,0,3,0,0,0,0,0,0,0,0
58,L56059,Test,Test,L55470,L103,C:\Users\domco\Desktop\DP\repos\pmd\pmd-java\src\test\resources\net\sourceforge\pmd\lang\java\ast\jdkversiontests\jdk15_varargs.java,1,1,3,2,0.0,0,0,0,0.0,0.0,0,0,1,0,0,1,0,0,0,0,1,0.0,0.0,0,0,0,2,0.0,0,0,0,0,0,0,3,3,0,0,0,0,1,0,0,0,1,0,0,0,0,3,3,0,0,0,0,1,0,0,0,1,0,0,0,0,0,0,5,0,2,0,0,1,0,0,0,0,5,1,0,0,0,0,0,0,0
59,L56063,InputJava7Diamond,InputJava7Diamond,L55470,L103,C:\Users\domco\Desktop\DP\repos\pmd\pmd-java\src\test\resources\net\sourceforge\pmd\lang\java\ast\jdkversiontests\jdk17_generic_diamond.java,1,1,3,2,0.0,0,0,0,0.0,0.0,0,0,0,0,0,0,0,0,0,0,0,0.0,0.0,0,0,0,1,0.0,0,0,0,0,0,0,3,3,1,0,1,0,0,0,0,0,0,0,0,0,0,3,3,1,0,1,0,0,0,0,0,0,0,0,0,0,0,0,3,0,1,0,0,1,0,0,0,0,3,0,0,0,0,0,0,0,0
60,L56066,InputJava7Multicatch,InputJava7Multicatch,L55470,L103,C:\Users\domco\Desktop\DP\repos\pmd\pmd-java\src\test\resources\net\sourceforge\pmd\lang\java\ast\jdkversiontests\jdk17_multicatch.java,1,1,6,2,0.0,0,0,0,0.0,0.0,0,0,1,1,1,2,0,0,0,0,1,0.0,0.0,0,0,0,2,0.0,0,0,0,0,0,0,6,6,0,0,0,0,1,0,1,0,1,1,0,1,0,6,6,0,0,0,0,1,0,1,0,1,1,0,1,0,0,1,5,1,0,0,0,0,0,0,0,0,5,0,2,0,0,0,0,0,0
61,L56069,InputJava7Multicatch,InputJava7Multicatch,L55470,L103,C:\Users\domco\Desktop\DP\repos\pmd\pmd-java\src\test\resources\net\sourceforge\pmd\lang\java\ast\jdkversiontests\jdk17_multicatch_with_annotations.java,1,1,6,2,0.0,0,0,0,0.0,0.0,0,0,1,1,1,2,0,0,0,0,1,0.0,0.0,0,0,0,3,0.0,0,0,0,0,0,0,6,6,0,0,0,0,1,0,1,0,1,1,0,1,0,6,6,0,0,0,0,1,0,1,0,1,1,0,1,0,0,1,5,1,0,0,0,0,0,0,0,0,5,0,2,0,0,0,0,0,0
62,L56072,Test,Test,L55470,L103,C:\Users\domco\Desktop\DP\repos\pmd\pmd-java\src\test\resources\net\sourceforge\pmd\lang\java\ast\jdkversiontests\jdk17_numerical_literals.java,1,1,75,2,0.0,0,0,0,0.0,0.0,0,0,0,0,0,0,0,0,0,0,0,0.0,0.0,0,0,0,2,0.0,0,0,0,0,0,0,69,75,67,0,67,0,0,0,0,0,0,0,0,0,0,69,75,67,0,67,0,0,0,0,0,0,0,0,0,0,0,0,7,0,95,0,0,91,0,0,0,0,3,0,0,0,0,4,0,4,0
63,L56141,Test,Test,L55470,L103,C:\Users\domco\Desktop\DP\repos\pmd\pmd-java\src\test\resources\net\sourceforge\pmd\lang\java\ast\jdkversiontests\jdk17_string_in_switch.java,1,1,13,2,0.0,0,0,0,0.0,0.0,0,0,1,1,1,3,0,0,0,0,1,0.0,0.0,0,0,0,3,0.0,0,0,0,0,0,0,13,13,0,0,0,0,1,0,1,0,1,5,0,1,0,13,13,0,0,0,0,1,0,1,0,1,5,0,1,0,0,0,5,0,0,0,0,0,0,0,0,0,5,0,0,0,0,0,0,0,0
64,L56145,InputJava7TryWithResources,InputJava7TryWithResources,L55470,L103,C:\Users\domco\Desktop\DP\repos\pmd\pmd-java\src\test\resources\net\sourceforge\pmd\lang\java\ast\jdkversiontests\jdk17_try_with_resources.java,1,1,5,2,0.0,0,0,0,0.0,0.0,0,0,1,1,1,1,0,0,0,0,1,0.0,0.0,0,0,0,2,0.0,0,0,0,0,0,0,5,5,0,0,0,0,1,0,1,0,1,1,0,1,0,5,5,0,0,0,0,1,0,1,0,1,1,0,1,0,0,0,5,0,0,0,0,0,0,0,0,0,5,0,0,0,0,0,0,0,0
65,L56148,InputJava7TryWithResources,InputJava7TryWithResources,L55470,L103,C:\Users\domco\Desktop\DP\repos\pmd\pmd-java\src\test\resources\net\sourceforge\pmd\lang\java\ast\jdkversiontests\jdk17_try_with_resources_multi.java,1,1,5,2,0.0,0,0,0,0.0,0.0,0,0,1,1,1,1,0,0,0,0,1,0.0,0.0,0,0,0,3,0.0,0,0,0,0,0,0,5,5,0,0,0,0,1,0,1,0,1,1,0,1,0,5,5,0,0,0,0,1,0,1,0,1,1,0,1,0,0,0,5,0,0,0,0,0,0,0,0,0,5,0,0,0,0,0,0,0,0
66,L56151,InputJava7TryWithResources,InputJava7TryWithResources,L55470,L103,C:\Users\domco\Desktop\DP\repos\pmd\pmd-java\src\test\resources\net\sourceforge\pmd\lang\java\ast\jdkversiontests\jdk17_try_with_resources_semi.java,1,1,5,2,0.0,0,0,0,0.0,0.0,0,0,1,1,1,1,0,0,0,0,1,0.0,0.0,0,0,0,3,0.0,0,0,0,0,0,0,5,5,0,0,0,0,1,0,1,0,1,1,0,1,0,5,5,0,0,0,0,1,0,1,0,1,1,0,1,0,0,0,5,0,0,0,0,0,0,0,0,0,5,0,0,0,0,0,0,0,0
67,L56154,InputJava7TryWithResources,InputJava7TryWithResources,L55470,L103,C:\Users\domco\Desktop\DP\repos\pmd\pmd-java\src\test\resources\net\sourceforge\pmd\lang\java\ast\jdkversiontests\jdk17_try_with_resources_with_annotations.java,1,1,5,2,0.0,0,0,0,0.0,0.0,0,0,1,1,1,1,0,0,0,0,1,0.0,0.0,0,0,0,3,0.0,0,0,0,0,0,0,5,5,0,0,0,0,1,0,1,0,1,1,0,1,0,5,5,0,0,0,0,1,0,1,0,1,1,0,1,0,0,0,5,0,0,0,0,0,0,0,0,0,5,0,0,0,0,0,0,0,0
68,L56157,Java9AnonymousDiamond,Java9AnonymousDiamond,L55470,L103,C:\Users\domco\Desktop\DP\repos\pmd\pmd-java\src\test\resources\net\sourceforge\pmd\lang\java\ast\jdkversiontests\jdk9_anonymous_diamond.java,4,1,8,2,0.0,0,0,0,0.0,0.0,0,0,1,0,0,1,0,0,0,0,1,0.0,0.0,0,0,0,2,0.0,0,0,0,0,0,0,5,5,0,0,0,0,1,0,1,0,1,1,0,1,0,5,5,0,0,0,0,1,0,1,0,1,1,0,1,0,0,0,8,1,0,1,0,0,0,0,0,0,8,0,0,0,0,0,0,0,0
69,L56164,Java9Identifier,Java9Identifier,L55470,L103,C:\Users\domco\Desktop\DP\repos\pmd\pmd-java\src\test\resources\net\sourceforge\pmd\lang\java\ast\jdkversiontests\jdk9_invalid_identifier.java,4,1,15,2,0.0,0,0,0,0.0,0.0,0,0,0,0,0,0,0,0,0,0,0,1.0,0.6,3,3,1,0,0.428571,6,0,0,0,0,0,2,6,0,0,0,0,0,0,0,0,0,0,0,0,0,8,12,0,0,0,0,2,0,2,0,2,1,0,2,0,0,0,5,0,0,0,0,0,0,0,0,0,5,0,0,0,0,0,0,0,0
70,L56176,Java9Interface,Java9Interface,L55470,L103,C:\Users\domco\Desktop\DP\repos\pmd\pmd-java\src\test\resources\net\sourceforge\pmd\lang\java\ast\jdkversiontests\jdk9_private_interface_methods.java,4,1,40,2,0.0,0,0,0,0.0,0.0,0,0,1,0,0,1,2,0,0,1,2,0.5,0.333333,3,3,1,1,0.121212,4,0,0,0,0,0,6,9,0,0,0,0,1,0,1,0,1,2,0,1,0,29,37,0,4,0,2,7,0,7,0,11,9,0,11,0,0,0,22,3,4,2,0,4,0,0,0,0,22,0,1,0,0,0,0,0,0
71,L56200,InputJava9TryWithResources,InputJava9TryWithResources,L55470,L103,C:\Users\domco\Desktop\DP\repos\pmd\pmd-java\src\test\resources\net\sourceforge\pmd\lang\java\ast\jdkversiontests\jdk9_try_with_resources.java,1,1,7,2,0.0,0,0,0,0.0,0.0,0,0,1,1,1,1,0,0,0,0,1,0.0,0.0,0,0,0,2,0.0,0,0,0,0,0,0,7,7,0,0,0,0,1,0,1,0,1,3,0,1,0,7,7,0,0,0,0,1,0,1,0,1,3,0,1,0,0,0,5,2,0,2,0,0,0,0,0,0,5,0,0,0,0,0,0,0,0
72,L56203,"Foo<K extends Object, V extends Object>",Foo,L55470,L103,C:\Users\domco\Desktop\DP\repos\pmd\pmd-java\src\test\resources\net\sourceforge\pmd\lang\java\ast\jdkversiontests\multiple_generics.java,1,1,3,2,0.0,0,0,0,0.0,0.0,0,0,0,0,0,1,0,0,0,0,1,0.0,0.0,0,0,0,2,0.0,0,0,0,0,0,0,3,3,0,0,0,0,1,0,1,0,1,0,0,1,0,3,3,0,0,0,0,1,0,1,0,1,0,0,1,0,0,0,5,0,1,0,0,0,0,0,0,0,5,1,0,0,0,0,0,0,0
73,L55594,Outer$Inner,Outer$Inner,L55592,L103,C:\Users\domco\Desktop\DP\repos\pmd\pmd-java\src\test\resources\net\sourceforge\pmd\ast\ParserCornerCases.java,28,2,32,3,0.0,0,0,0,0.0,0.0,0,0,0,0,0,1,0,1,1,0,1,0.0,0.0,0,0,0,1,0.0,0,0,0,1,1,0,5,5,0,0,0,0,1,0,0,0,1,1,0,0,0,5,5,0,0,0,0,1,0,0,0,1,1,0,0,0,0,0,5,1,1,1,0,1,0,0,0,0,5,0,0,0,0,0,0,0,0
74,L55712,ParserCornerCases17$MyClass<X extends Object>,ParserCornerCases17$MyClass,L55706,L103,C:\Users\domco\Desktop\DP\repos\pmd\pmd-java\src\test\resources\net\sourceforge\pmd\ast\ParserCornerCases17.java,116,2,119,3,0.0,0,0,0,0.0,0.0,0,0,0,0,0,1,0,1,1,0,1,0.0,0.0,0,0,0,1,0.0,0,0,0,0,0,0,4,4,0,0,0,0,1,0,0,0,1,0,0,0,0,4,4,0,0,0,0,1,0,0,0,1,0,0,0,0,0,0,5,0,2,0,0,1,0,0,0,0,5,1,0,0,0,0,0,0,0
75,L55832,ParserCornerCases18$PmdMethodReferenceTest,ParserCornerCases18$PmdMethodReferenceTest,L55738,L103,C:\Users\domco\Desktop\DP\repos\pmd\pmd-java\src\test\resources\net\sourceforge\pmd\ast\ParserCornerCases18.java,115,5,123,6,0.0,0,0,0,0.0,0.0,0,0,1,0,0,2,0,0,0,0,2,0.5,0.1,1,1,1,1,0.1,1,0,0,0,0,0,9,9,1,0,1,0,2,0,1,0,2,2,0,1,0,9,9,1,0,1,0,2,0,1,0,2,2,0,1,0,0,0,7,0,2,0,0,2,0,0,0,0,7,0,0,0,0,0,0,0,0
76,L55847,ParserCornerCases18$UnmodifiableList<T extends Object>,ParserCornerCases18$UnmodifiableList,L55738,L103,C:\Users\domco\Desktop\DP\repos\pmd\pmd-java\src\test\resources\net\sourceforge\pmd\ast\ParserCornerCases18.java,133,5,133,72,0.0,0,0,0,0.0,0.0,0,0,0,0,0,0,0,0,0,0,0,0.0,0.0,0,0,0,1,0.0,0,0,0,0,0,0,1,1,0,0,0,0,0,0,0,0,0,0,0,0,0,1,1,0,0,0,0,0,0,0,0,0,0,0,0,0,0,0,3,0,1,0,0,1,0,0,0,0,3,0,0,0,0,0,0,0,0
77,L55853,ParserCornerCases18$X,ParserCornerCases18$X,L55738,L103,C:\Users\domco\Desktop\DP\repos\pmd\pmd-java\src\test\resources\net\sourceforge\pmd\ast\ParserCornerCases18.java,137,5,166,6,0.782609,1,2,2,0.666667,0.666667,20,12,3,0,0,3,0,0,0,0,3,0.5,0.142857,3,2,2,2,0.142857,3,0,0,0,0,0,18,30,0,0,0,0,3,0,3,0,3,3,0,3,0,18,30,0,0,0,0,3,0,3,0,3,3,0,3,0,0,0,23,0,4,0,15,4,1,0,0,0,7,0,0,0,0,0,0,0,0
78,L55891,ParserCornerCases18$Inner,ParserCornerCases18$Inner,L55738,L103,C:\Users\domco\Desktop\DP\repos\pmd\pmd-java\src\test\resources\net\sourceforge\pmd\ast\ParserCornerCases18.java,210,5,212,6,0.0,0,0,0,0.0,0.0,0,0,0,0,0,1,0,0,0,0,1,0.0,0.0,0,0,0,1,0.0,0,0,0,0,0,0,3,3,0,0,0,0,1,0,0,0,1,0,0,0,0,3,3,0,0,0,0,1,0,0,0,1,0,0,0,0,0,0,5,0,3,0,0,2,0,0,0,0,5,1,0,0,0,0,0,0,0
79,L56189,Java9Interface$SampleTool,Java9Interface$SampleTool,L56176,L103,C:\Users\domco\Desktop\DP\repos\pmd\pmd-java\src\test\resources\net\sourceforge\pmd\lang\java\ast\jdkversiontests\jdk9_private_interface_methods.java,26,5,34,6,0.0,0,0,0,0.0,0.0,0,0,1,1,1,2,1,1,0,2,3,0.0,0.111111,1,0,0,2,0.111111,1,1,1,0,0,1,8,9,0,2,0,0,1,0,1,0,5,3,0,5,0,8,9,0,2,0,0,1,0,1,0,5,3,0,5,0,0,0,5,3,1,2,0,1,0,0,0,0,5,0,1,0,0,0,0,0,0
80,L56300,PMDTaskTestExample,ant.java.PMDTaskTestExample,L56298,L103,C:\Users\domco\Desktop\DP\repos\pmd\pmd-java\src\test\resources\ant\java\PMDTaskTestExample.java,3,1,110,2,0.0,0,0,0,0.0,0.0,0,0,1,0,0,1,0,0,0,0,1,0.5,0.0186916,2,1,1,1,0.0186916,2,0,0,0,0,0,105,108,1,0,1,0,1,0,1,0,1,100,0,1,0,105,108,1,0,1,0,1,0,1,0,1,100,0,1,0,0,0,8,1,1,1,0,1,0,0,0,0,5,0,0,0,0,0,0,3,0
81,L1321,AbstractConfiguration,net.sourceforge.pmd.AbstractConfiguration,L106,L103,C:\Users\domco\Desktop\DP\repos\pmd\pmd-core\src\main\java\net\sourceforge\pmd\AbstractConfiguration.java,14,1,66,2,0.0,0,0,0,0.0,0.0,0,0,1,0,0,5,0,6,8,0,5,1.0,0.634615,33,33,5,0,0.634615,33,0,0,2,2,0,19,53,2,1,2,1,5,0,4,2,5,5,0,4,2,19,53,2,1,2,1,5,0,4,2,5,5,0,4,2,0,0,0,0,2,1,0,0,0,0,0,1,0,0,0,0,0,0,0,0,0
82,L20163,PMD,net.sourceforge.pmd.PMD,L106,L103,C:\Users\domco\Desktop\DP\repos\pmd\pmd-core\src\main\java\net\sourceforge\pmd\PMD.java,60,1,503,2,0.0,0,0,0,0.0,0.0,0,0,4,4,4,44,39,76,14,66,81,1.0,0.349869,134,116,13,0,0.338384,134,0,0,0,0,0,249,430,6,5,6,5,15,3,12,0,15,144,3,12,0,262,444,6,5,6,5,18,3,15,0,18,148,3,15,0,0,0,34,9,4,5,0,1,2,2,5,6,20,1,0,0,0,0,0,5,0
83,L38892,PMDConfiguration,net.sourceforge.pmd.PMDConfiguration,L106,L103,C:\Users\domco\Desktop\DP\repos\pmd\pmd-core\src\main\java\net\sourceforge\pmd\PMDConfiguration.java,82,1,605,2,0.0,0,0,0,0.0,0.0,0,0,7,1,1,53,12,16,46,11,55,0.977778,0.654784,349,346,44,1,0.654784,349,1,1,0,0,1,184,524,21,15,19,14,44,0,44,21,49,63,0,48,23,184,524,21,15,19,14,44,0,44,21,49,63,0,48,23,0,0,18,0,3,0,0,0,1,0,1,1,3,0,0,0,0,2,0,13,0
84,L20158,PMDException,net.sourceforge.pmd.PMDException,L106,L103,C:\Users\domco\Desktop\DP\repos\pmd\pmd-core\src\main\java\net\sourceforge\pmd\PMDException.java,16,1,51,2,0.0,0,0,0,0.0,0.0,0,0,0,0,0,4,0,9,3,0,4,0.6,0.6,24,24,3,2,0.6,24,0,0,0,0,0,16,36,2,1,2,1,4,0,4,1,4,4,0,4,1,16,36,2,1,2,1,4,0,4,1,4,4,0,4,1,0,0,5,0,0,0,0,0,0,0,0,0,5,0,0,0,0,0,0,0,0
85,L9495,Report,net.sourceforge.pmd.Report,L106,L103,C:\Users\domco\Desktop\DP\repos\pmd\pmd-core\src\main\java\net\sourceforge\pmd\Report.java,34,1,552,2,0.0,0,0,0,0.0,0.0,0,0,2,2,2,53,12,49,95,17,47,0.8,0.471698,150,148,24,6,0.487124,227,0,0,0,0,0,168,367,10,6,10,6,30,0,29,0,30,81,0,29,0,239,519,18,13,18,13,45,0,44,0,45,103,0,44,0,0,1,39,0,8,0,0,0,1,0,1,1,29,0,8,0,0,0,0,8,0
86,L46702,RuleChain,net.sourceforge.pmd.RuleChain,L106,L103,C:\Users\domco\Desktop\DP\repos\pmd\pmd-core\src\main\java\net\sourceforge\pmd\RuleChain.java,21,1,92,2,0.0,0,0,0,0.0,0.0,0,0,1,3,3,11,6,1,2,5,9,1.0,0.459459,34,34,3,0,0.459459,34,0,0,0,0,0,40,72,1,1,1,1,4,0,2,0,4,18,0,2,0,40,72,1,1,1,1,4,0,2,0,4,18,0,2,0,0,0,2,0,1,0,0,1,0,0,0,0,2,0,0,0,0,0,0,0,0
87,L7561,RuleContext,net.sourceforge.pmd.RuleContext,L106,L103,C:\Users\domco\Desktop\DP\repos\pmd\pmd-core\src\main\java\net\sourceforge\pmd\RuleContext.java,30,1,239,2,0.0,0,0,0,0.0,0.0,0,0,2,1,1,17,2,110,87,2,17,1.0,0.71564,151,151,16,0,0.71564,151,0,0,0,0,0,60,210,6,5,6,5,15,0,15,6,15,20,0,15,6,60,210,6,5,6,5,15,0,15,6,15,20,0,15,6,0,0,3,0,1,0,0,0,1,0,0,1,0,0,0,0,0,0,0,2,0
88,L9423,RuleSet,net.sourceforge.pmd.RuleSet,L106,L103,C:\Users\domco\Desktop\DP\repos\pmd\pmd-core\src\main\java\net\sourceforge\pmd\RuleSet.java,38,1,677,2,0.0,0,0,0,0.0,0.0,0,0,1,4,4,52,12,33,93,22,44,0.636364,0.441379,128,123,14,8,0.420784,247,1,1,0,0,1,162,317,12,8,12,8,22,0,21,0,22,76,0,21,0,340,640,19,9,19,9,44,3,41,2,44,169,3,41,2,0,1,56,3,3,2,0,0,1,2,2,4,34,0,1,0,0,0,0,17,0
89,L9418,RuleSetFactory,net.sourceforge.pmd.RuleSetFactory,L106,L103,C:\Users\domco\Desktop\DP\repos\pmd\pmd-core\src\main\java\net\sourceforge\pmd\RuleSetFactory.java,48,1,734,2,0.0442329,1,4,1,0.0247453,0.0377358,17,14,4,7,4,94,18,27,55,56,82,0.846154,0.411111,259,226,11,2,0.411111,259,0,0,0,0,0,371,687,8,2,8,2,26,0,12,0,26,216,0,12,0,371,687,8,2,8,2,26,0,12,0,26,216,0,12,0,0,1,39,7,7,3,9,6,1,7,6,4,13,0,2,0,0,0,0,3,1.0
90,L47236,RuleSetFactoryCompatibility,net.sourceforge.pmd.RuleSetFactoryCompatibility,L106,L103,C:\Users\domco\Desktop\DP\repos\pmd\pmd-core\src\main\java\net\sourceforge\pmd\RuleSetFactoryCompatibility.java,28,1,225,2,0.0,0,0,0,0.0,0.0,0,0,1,1,1,10,1,3,8,4,11,1.0,0.315315,35,28,3,0,0.19774,35,0,0,0,0,0,76,120,3,0,3,0,7,0,2,0,7,54,0,2,0,142,198,8,0,8,0,13,0,5,1,13,87,0,5,1,0,0,26,6,7,0,0,6,0,0,0,1,26,0,6,0,0,0,0,0,0
91,L38990,RuleSetNotFoundException,net.sourceforge.pmd.RuleSetNotFoundException,L106,L103,C:\Users\domco\Desktop\DP\repos\pmd\pmd-core\src\main\java\net\sourceforge\pmd\RuleSetNotFoundException.java,7,1,13,2,0.0,0,0,0,0.0,0.0,0,0,0,0,0,1,0,19,4,0,1,0.0,0.0,0,0,0,2,0.0,0,0,0,0,0,0,6,7,1,0,1,0,1,0,1,0,1,1,0,1,0,6,7,1,0,1,0,1,0,1,0,1,1,0,1,0,0,0,5,0,0,0,0,0,0,0,0,0,5,0,0,0,0,0,0,0,0
92,L12949,RuleSetReference,net.sourceforge.pmd.RuleSetReference,L106,L103,C:\Users\domco\Desktop\DP\repos\pmd\pmd-core\src\main\java\net\sourceforge\pmd\RuleSetReference.java,14,1,46,2,0.0,0,0,0,0.0,0.0,0,0,1,0,0,6,0,8,12,0,6,0.142857,0.1,3,3,1,6,0.1,3,0,0,0,0,0,27,33,3,2,3,2,6,0,6,0,6,10,0,6,0,27,33,3,2,3,2,6,0,6,0,6,10,0,6,0,0,0,15,0,0,0,0,0,0,0,0,0,15,0,0,0,0,0,0,0,0
93,L47265,RuleSetReferenceId,net.sourceforge.pmd.RuleSetReferenceId,L106,L103,C:\Users\domco\Desktop\DP\repos\pmd\pmd-core\src\main\java\net\sourceforge\pmd\RuleSetReferenceId.java,82,1,442,2,0.0,0,0,0,0.0,0.0,0,0,1,7,4,60,2,9,40,4,19,1.0,0.501259,199,166,10,0,0.501259,199,0,0,3,3,0,198,361,5,4,5,4,15,0,9,0,15,113,0,9,0,198,361,5,4,5,4,15,0,9,0,15,113,0,9,0,0,1,12,1,2,0,0,0,0,5,0,3,6,0,1,0,0,0,0,1,0
94,L20178,RuleSets,net.sourceforge.pmd.RuleSets,L106,L103,C:\Users\domco\Desktop\DP\repos\pmd\pmd-core\src\main\java\net\sourceforge\pmd\RuleSets.java,23,1,265,2,0.0,0,0,0,0.0,0.0,0,0,1,2,2,37,6,24,31,15,33,0.947368,0.52193,119,119,18,1,0.52193,119,0,0,0,0,0,109,243,2,5,2,5,18,0,18,0,18,52,0,18,0,109,243,2,5,2,5,18,0,18,0,18,52,0,18,0,0,1,4,1,4,0,0,0,0,0,0,2,3,1,2,0,0,1,0,1,0
95,L47664,RulesetsFactoryUtils,net.sourceforge.pmd.RulesetsFactoryUtils,L106,L103,C:\Users\domco\Desktop\DP\repos\pmd\pmd-core\src\main\java\net\sourceforge\pmd\RulesetsFactoryUtils.java,14,1,95,2,0.0,0,0,0,0.0,0.0,0,0,1,2,2,9,8,3,3,8,13,0.5,0.421053,32,32,2,2,0.421053,32,0,0,0,0,0,44,82,1,3,1,3,5,0,3,0,5,22,0,3,0,44,82,1,3,1,3,5,0,3,0,5,22,0,3,0,0,0,5,0,0,0,0,0,0,0,0,0,5,0,0,0,0,0,0,0,0
96,L47688,RuleSetWriter,net.sourceforge.pmd.RuleSetWriter,L106,L103,C:\Users\domco\Desktop\DP\repos\pmd\pmd-core\src\main\java\net\sourceforge\pmd\RuleSetWriter.java,43,1,375,2,0.0,0,0,0,0.0,0.0,0,0,1,6,6,62,15,2,5,52,73,0.25,0.0677966,20,7,1,3,0.0677966,20,0,0,0,0,0,275,333,5,0,5,0,21,2,3,1,21,161,2,3,1,275,333,5,0,5,0,21,2,3,1,21,161,2,3,1,0,1,60,5,4,0,0,4,0,5,4,4,45,0,2,0,0,0,0,6,0
97,L47814,RuleViolationComparator,net.sourceforge.pmd.RuleViolationComparator,L106,L103,C:\Users\domco\Desktop\DP\repos\pmd\pmd-core\src\main\java\net\sourceforge\pmd\RuleViolationComparator.java,21,1,62,2,0.0,0,0,0,0.0,0.0,0,0,1,6,6,11,2,3,3,8,11,0.5,0.26,13,12,1,1,0.26,13,0,0,0,0,0,37,42,1,0,1,0,3,1,1,0,3,19,1,1,0,37,42,1,0,1,0,3,1,1,0,3,19,1,1,0,0,0,15,0,0,0,0,0,0,4,0,0,7,0,0,0,0,0,0,4,0
98,L39440,SourceCodeProcessor,net.sourceforge.pmd.SourceCodeProcessor,L106,L103,C:\Users\domco\Desktop\DP\repos\pmd\pmd-core\src\main\java\net\sourceforge\pmd\SourceCodeProcessor.java,25,1,192,2,0.0,0,0,0,0.0,0.0,0,0,1,3,3,20,19,10,10,34,44,0.5,0.333333,49,44,2,2,0.333333,49,0,0,0,0,0,98,168,1,0,1,0,10,0,3,0,10,59,0,3,0,98,168,1,0,1,0,10,0,3,0,10,59,0,3,0,0,0,15,1,0,0,0,0,0,0,2,1,13,0,0,0,0,0,0,0,0
99,L52160,AbstractRuleTest,net.sourceforge.pmd.AbstractRuleTest,L106,L103,C:\Users\domco\Desktop\DP\repos\pmd\pmd-core\src\test\java\net\sourceforge\pmd\AbstractRuleTest.java,27,1,229,2,0.0,0,0,0,0.0,0.0,0,0,16,0,0,16,21,0,0,54,70,0.0,0.0,0,0,0,17,0.0,0,0,0,0,0,0,152,170,0,0,0,0,16,0,16,0,16,103,0,16,0,180,203,24,38,3,0,20,0,19,0,170,114,2,159,40,0,2,77,2,23,22,0,0,1,0,7,0,49,2,3,0,0,0,0,20,0
100,L52207,ConfigurationTest,net.sourceforge.pmd.ConfigurationTest,L106,L103,C:\Users\domco\Desktop\DP\repos\pmd\pmd-core\src\test\java\net\sourceforge\pmd\ConfigurationTest.java,26,1,202,2,0.0,0,0,0,0.0,0.0,0,0,18,0,0,18,9,0,0,37,55,0.0,0.0,0,0,0,19,0.0,0,0,0,0,0,0,155,177,0,0,0,0,18,0,18,0,18,95,0,18,0,155,177,0,0,0,0,18,0,18,0,18,95,0,18,0,0,0,41,0,30,30,0,0,1,0,0,0,39,0,0,0,0,0,0,1,0
101,L52240,FileSelectorTest,net.sourceforge.pmd.FileSelectorTest,L106,L103,C:\Users\domco\Desktop\DP\repos\pmd\pmd-core\src\test\java\net\sourceforge\pmd\FileSelectorTest.java,22,1,65,2,0.991935,1,3,3,0.681818,0.923077,30,24,3,0,0,3,3,0,0,3,6,1.0,0.35,14,14,4,0,0.35,14,0,0,0,0,0,26,44,0,0,0,0,3,0,3,0,3,12,0,3,0,26,44,0,0,0,0,3,0,3,0,3,12,0,3,0,0,0,21,0,3,3,20,0,1,0,0,0,0,0,0,0,0,0,0,0,0
102,L29169,FooRule,net.sourceforge.pmd.FooRule,L106,L103,C:\Users\domco\Desktop\DP\repos\pmd\pmd-core\src\test\java\net\sourceforge\pmd\FooRule.java,17,1,53,2,0.0,0,0,0,0.0,0.0,0,0,1,1,1,9,5,9,32,8,14,0.166667,0.0857143,3,3,1,5,0.0857143,3,3,4,2,2,1,32,37,21,22,0,3,6,0,5,0,81,13,2,75,20,32,37,21,22,0,3,6,0,5,0,81,13,2,75,20,0,0,23,0,0,0,0,0,0,0,0,0,15,0,0,0,0,0,0,8,0
103,L52407,ReadableDurationTest,net.sourceforge.pmd.ReadableDurationTest,L106,L103,C:\Users\domco\Desktop\DP\repos\pmd\pmd-core\src\test\java\net\sourceforge\pmd\ReadableDurationTest.java,19,1,44,2,0.0,0,0,0,0.0,0.0,0,0,3,0,0,4,2,1,1,2,6,0.0,0.0,0,0,0,5,0.0,0,0,0,0,0,0,21,26,2,0,2,0,4,0,4,0,4,5,0,4,0,21,26,2,0,2,0,4,0,4,0,4,5,0,4,0,0,0,12,0,3,1,0,0,1,0,0,2,11,0,0,0,0,0,0,0,0
104,L52423,ReportTest,net.sourceforge.pmd.ReportTest,L106,L103,C:\Users\domco\Desktop\DP\repos\pmd\pmd-core\src\test\java\net\sourceforge\pmd\ReportTest.java,26,1,197,2,0.252023,1,2,2,0.186047,0.213333,32,32,3,1,1,15,13,5,11,28,40,0.0909091,0.00662252,1,1,1,10,0.00662252,1,1,1,0,0,1,150,172,2,2,2,2,12,0,10,0,12,110,0,10,0,150,172,2,2,2,2,12,0,10,0,12,110,0,10,0,0,0,48,5,10,10,19,0,1,0,1,0,27,0,5,0,0,0,0,0,0
105,L52454,RuleContextTest,net.sourceforge.pmd.RuleContextTest,L106,L103,C:\Users\domco\Desktop\DP\repos\pmd\pmd-core\src\test\java\net\sourceforge\pmd\RuleContextTest.java,20,1,102,2,0.0,0,0,0,0.0,0.0,0,0,6,0,0,6,2,0,0,12,18,0.0,0.0,0,0,0,7,0.0,0,0,0,0,0,0,74,83,0,0,0,0,6,0,6,0,6,55,0,6,0,74,83,0,0,0,0,6,0,6,0,6,55,0,6,0,0,0,16,6,6,6,0,0,1,0,0,0,15,0,6,0,0,0,0,0,0
106,L52464,RuleReferenceTest,net.sourceforge.pmd.RuleReferenceTest,L106,L103,C:\Users\domco\Desktop\DP\repos\pmd\pmd-core\src\test\java\net\sourceforge\pmd\RuleReferenceTest.java,21,1,228,2,0.309231,1,2,2,0.288462,0.327684,60,58,3,0,0,5,13,0,0,60,65,0.0,0.0,0,0,0,5,0.0,0,0,0,0,0,0,177,208,0,0,0,0,5,0,4,0,5,141,0,4,0,177,208,0,0,0,0,5,0,4,0,5,141,0,4,0,0,0,39,17,5,7,19,0,1,0,6,0,13,0,15,0,0,0,0,0,0
107,L52487,RuleSetFactoryCompatibilityTest,net.sourceforge.pmd.RuleSetFactoryCompatibilityTest,L106,L103,C:\Users\domco\Desktop\DP\repos\pmd\pmd-core\src\test\java\net\sourceforge\pmd\RuleSetFactoryCompatibilityTest.java,18,1,146,2,0.281536,1,2,2,0.232558,0.242991,30,26,2,0,0,7,5,1,0,10,17,0.0,0.0,0,0,0,7,0.0,0,0,0,0,0,0,103,125,2,0,2,0,7,0,6,0,7,49,0,6,0,107,129,7,5,2,1,8,0,7,0,23,50,0,16,0,0,0,41,10,0,0,18,0,1,0,0,0,22,0,10,0,0,0,0,0,0
108,L52512,RuleSetFactoryTest,net.sourceforge.pmd.RuleSetFactoryTest,L106,L103,C:\Users\domco\Desktop\DP\repos\pmd\pmd-core\src\test\java\net\sourceforge\pmd\RuleSetFactoryTest.java,33,1,940,2,0.121219,5,10,9,0.122247,0.135854,111,97,7,2,2,60,17,0,0,34,90,0.113208,0.0937099,73,50,6,47,0.0927573,73,0,0,0,0,0,706,900,32,0,32,0,56,2,52,0,56,286,2,52,0,714,908,37,5,32,1,57,2,53,0,72,289,2,62,0,0,0,184,33,146,115,60,31,1,0,3,0,106,0,33,0,0,0,0,14,1.0
109,L52668,RuleSetReferenceIdTest,net.sourceforge.pmd.RuleSetReferenceIdTest,L106,L103,C:\Users\domco\Desktop\DP\repos\pmd\pmd-core\src\test\java\net\sourceforge\pmd\RuleSetReferenceIdTest.java,31,1,326,2,0.0,0,0,0,0.0,0.0,0,0,8,1,1,30,2,0,0,10,40,0.0333333,0.0365854,9,3,1,29,0.0365854,9,0,0,0,0,0,237,296,1,0,1,0,30,1,29,0,30,114,1,29,0,237,296,1,0,1,0,30,1,29,0,30,114,1,29,0,0,0,70,10,45,45,0,1,1,0,0,0,61,0,9,0,0,0,0,8,0
110,L52713,RuleSetSchemaTest,net.sourceforge.pmd.RuleSetSchemaTest,L106,L103,C:\Users\domco\Desktop\DP\repos\pmd\pmd-core\src\test\java\net\sourceforge\pmd\RuleSetSchemaTest.java,38,1,173,2,0.0,0,0,0,0.0,0.0,0,0,1,0,0,5,3,0,0,3,8,0.0,0.0,0,0,0,4,0.0,0,0,0,0,0,0,62,73,1,0,1,0,5,0,3,1,5,23,0,3,1,114,136,6,4,6,4,16,0,14,1,16,38,0,14,1,0,0,41,2,9,5,0,1,0,0,0,5,41,0,0,0,0,0,0,0,0
111,L52767,RuleSetTest,net.sourceforge.pmd.RuleSetTest,L106,L103,C:\Users\domco\Desktop\DP\repos\pmd\pmd-core\src\test\java\net\sourceforge\pmd\RuleSetTest.java,34,1,510,2,0.216888,3,8,6,0.188679,0.211823,90,86,12,1,1,37,22,0,0,64,97,0.0,0.0097561,4,0,0,31,0.0097561,4,0,0,0,0,0,406,477,0,0,0,0,33,0,30,0,33,203,0,30,0,406,477,0,0,0,0,33,0,30,0,33,203,0,30,0,0,2,121,22,21,23,43,0,1,0,4,0,69,0,22,0,0,0,0,4,0
112,L52822,RuleSetWriterTest,net.sourceforge.pmd.RuleSetWriterTest,L106,L103,C:\Users\domco\Desktop\DP\repos\pmd\pmd-core\src\test\java\net\sourceforge\pmd\RuleSetWriterTest.java,22,1,91,2,0.0,0,0,0,0.0,0.0,0,0,1,1,1,5,7,0,0,17,21,1.0,0.359375,23,22,5,0,0.359375,23,0,0,0,0,0,41,70,2,0,2,0,4,0,4,0,4,20,0,4,0,41,70,2,0,2,0,4,0,4,0,4,20,0,4,0,0,0,0,0,0,0,0,0,0,0,0,0,0,0,0,0,0,0,0,0,0
113,L52842,RuleViolationComparatorTest,net.sourceforge.pmd.RuleViolationComparatorTest,L106,L103,C:\Users\domco\Desktop\DP\repos\pmd\pmd-core\src\test\java\net\sourceforge\pmd\RuleViolationComparatorTest.java,25,1,89,2,0.0,0,0,0,0.0,0.0,0,0,2,1,1,4,9,0,0,9,12,0.0,0.175439,10,0,0,3,0.175439,10,0,0,0,0,0,47,65,0,0,0,0,3,0,2,0,3,38,0,2,0,47,65,0,0,0,0,3,0,2,0,3,38,0,2,0,0,0,9,1,3,1,0,2,1,0,0,0,7,0,1,0,0,0,0,1,0
114,L52862,RuleViolationTest,net.sourceforge.pmd.RuleViolationTest,L106,L103,C:\Users\domco\Desktop\DP\repos\pmd\pmd-core\src\test\java\net\sourceforge\pmd\RuleViolationTest.java,20,1,110,2,0.311111,1,2,2,0.263736,0.282353,24,24,6,0,0,6,9,0,0,13,19,0.0,0.0,0,0,0,7,0.0,0,0,0,0,0,0,85,91,0,0,0,0,6,0,6,0,6,65,0,6,0,85,91,0,0,0,0,6,0,6,0,6,65,0,6,0,0,0,35,6,19,11,17,8,1,0,2,0,15,0,6,0,0,0,0,0,0
115,L46237,RuleWithProperties,net.sourceforge.pmd.RuleWithProperties,L106,L103,C:\Users\domco\Desktop\DP\repos\pmd\pmd-core\src\test\java\net\sourceforge\pmd\RuleWithProperties.java,15,1,25,2,0.0,0,0,0,0.0,0.0,0,0,0,0,0,1,4,1,1,2,3,0.5,0.333333,5,5,1,1,0.333333,5,4,5,0,0,1,10,11,23,22,2,0,1,2,1,0,82,2,4,76,20,10,11,23,22,2,0,1,2,1,0,82,2,4,76,20,0,0,13,0,0,0,0,0,0,0,0,0,3,0,0,0,0,0,0,10,0
116,L52876,LanguageVersionTest,net.sourceforge.pmd.LanguageVersionTest,L106,L103,C:\Users\domco\Desktop\DP\repos\pmd\pmd-cpp\src\test\java\net\sourceforge\pmd\LanguageVersionTest.java,16,1,33,2,0.0,0,0,0,0.0,0.0,0,0,1,0,0,2,5,0,0,3,5,0.0,0.0,0,0,0,3,0.0,0,1,1,0,0,1,16,18,5,0,0,0,2,0,2,0,6,2,0,6,0,16,18,5,0,0,0,2,0,2,0,6,2,0,6,0,0,0,7,0,1,0,0,0,0,0,0,0,7,0,1,0,0,0,0,0,0
117,L53383,LanguageVersionTest,net.sourceforge.pmd.LanguageVersionTest,L106,L103,C:\Users\domco\Desktop\DP\repos\pmd\pmd-fortran\src\test\java\net\sourceforge\pmd\LanguageVersionTest.java,16,1,33,2,0.0,0,0,0,0.0,0.0,0,0,1,0,0,2,5,0,0,3,5,0.0,0.0,0,0,0,4,0.0,0,1,1,0,0,1,16,18,5,0,0,0,2,0,2,0,6,2,0,6,0,16,18,5,0,0,0,2,0,2,0,6,2,0,6,0,0,0,7,0,1,0,0,0,0,0,0,0,7,0,1,0,0,0,0,0,0
118,L53390,LanguageVersionTest,net.sourceforge.pmd.LanguageVersionTest,L106,L103,C:\Users\domco\Desktop\DP\repos\pmd\pmd-groovy\src\test\java\net\sourceforge\pmd\LanguageVersionTest.java,16,1,33,2,0.0,0,0,0,0.0,0.0,0,0,1,0,0,2,5,0,0,3,5,0.0,0.0,0,0,0,4,0.0,0,1,1,0,0,1,16,18,5,0,0,0,2,0,2,0,6,2,0,6,0,16,18,5,0,0,0,2,0,2,0,6,2,0,6,0,0,0,7,0,1,0,0,0,0,0,0,0,7,0,1,0,0,0,0,0,0
119,L54757,ExcludeLinesTest,net.sourceforge.pmd.ExcludeLinesTest,L106,L103,C:\Users\domco\Desktop\DP\repos\pmd\pmd-java\src\test\java\net\sourceforge\pmd\ExcludeLinesTest.java,20,1,57,2,0.0,0,0,0,0.0,0.0,0,0,1,0,0,3,14,0,0,19,22,0.0,0.0,0,0,0,4,0.0,0,1,1,0,0,1,32,38,5,2,4,0,3,0,3,1,21,14,0,12,1,32,38,5,2,4,0,3,0,3,1,21,14,0,12,1,0,0,11,1,6,4,0,3,0,0,2,0,9,0,0,0,0,0,0,0,0
120,L54777,FooRule,net.sourceforge.pmd.FooRule,L106,L103,C:\Users\domco\Desktop\DP\repos\pmd\pmd-java\src\test\java\net\sourceforge\pmd\FooRule.java,11,1,37,2,0.0,0,0,0,0.0,0.0,0,0,1,1,1,6,5,0,0,6,10,0.166667,0.0,0,0,1,5,0.0,0,4,6,0,0,1,23,27,21,21,0,1,4,0,4,0,203,8,2,195,20,23,27,21,21,0,1,4,0,4,0,203,8,2,195,20,0,0,21,0,0,0,0,0,0,0,0,0,11,0,0,1,0,0,0,9,0
121,L54786,LanguageVersionDiscovererTest,net.sourceforge.pmd.LanguageVersionDiscovererTest,L106,L103,C:\Users\domco\Desktop\DP\repos\pmd\pmd-java\src\test\java\net\sourceforge\pmd\LanguageVersionDiscovererTest.java,18,1,60,2,0.0,0,0,0,0.0,0.0,0,0,3,0,0,3,6,0,0,7,10,0.5,0.157895,6,6,2,2,0.157895,6,0,0,0,0,0,32,43,0,0,0,0,3,0,3,0,3,14,0,3,0,32,43,0,0,0,0,3,0,3,0,3,14,0,3,0,0,0,6,0,1,1,0,0,1,0,0,0,5,0,0,0,0,0,0,0,0
122,L54795,LanguageVersionTest,net.sourceforge.pmd.LanguageVersionTest,L106,L103,C:\Users\domco\Desktop\DP\repos\pmd\pmd-java\src\test\java\net\sourceforge\pmd\LanguageVersionTest.java,16,1,41,2,0.0,0,0,0,0.0,0.0,0,0,1,0,0,2,5,0,0,3,5,0.0,0.0434783,1,0,0,4,0.0434783,1,1,1,0,0,1,22,26,5,0,0,0,2,0,2,0,6,2,0,6,0,22,26,5,0,0,0,2,0,2,0,6,2,0,6,0,0,0,7,0,1,0,0,0,0,0,0,0,7,0,1,0,0,0,0,0,0
123,L54802,ReportTest,net.sourceforge.pmd.ReportTest,L106,L103,C:\Users\domco\Desktop\DP\repos\pmd\pmd-java\src\test\java\net\sourceforge\pmd\ReportTest.java,18,1,81,2,0.0,0,0,0,0.0,0.0,0,0,1,0,0,6,9,0,0,8,14,0.0,0.0,0,0,0,8,0.0,0,1,1,0,0,1,54,64,6,2,5,0,6,0,6,0,24,27,0,15,0,54,64,6,2,5,0,6,0,6,0,24,27,0,15,0,0,0,15,0,21,16,0,4,0,0,0,1,15,0,0,0,0,0,0,0,0
124,L54820,RuleSetFactoryTest,net.sourceforge.pmd.RuleSetFactoryTest,L106,L103,C:\Users\domco\Desktop\DP\repos\pmd\pmd-java\src\test\java\net\sourceforge\pmd\RuleSetFactoryTest.java,15,1,47,2,0.0,0,0,0,0.0,0.0,0,0,2,0,0,2,6,0,0,5,7,0.75,0.294118,10,10,3,1,0.294118,10,1,1,0,0,1,24,33,4,2,0,0,2,0,2,0,20,9,0,8,0,24,33,4,2,0,0,2,0,2,0,20,9,0,8,0,0,0,4,0,2,2,0,0,1,0,0,0,3,0,0,0,0,0,0,0,1.0
125,L54828,LanguageVersionTest,net.sourceforge.pmd.LanguageVersionTest,L106,L103,C:\Users\domco\Desktop\DP\repos\pmd\pmd-javascript\src\test\java\net\sourceforge\pmd\LanguageVersionTest.java,16,1,27,2,0.0,0,0,0,0.0,0.0,0,0,1,0,0,2,5,0,0,3,5,0.0,0.0,0,0,0,4,0.0,0,1,1,0,0,1,10,12,5,0,0,0,2,0,2,0,6,2,0,6,0,10,12,5,0,0,0,2,0,2,0,6,2,0,6,0,0,0,7,0,1,0,0,0,0,0,0,0,7,0,1,0,0,0,0,0,0
126,L54835,ReportTest,net.sourceforge.pmd.ReportTest,L106,L103,C:\Users\domco\Desktop\DP\repos\pmd\pmd-javascript\src\test\java\net\sourceforge\pmd\ReportTest.java,19,1,37,2,0.0,0,0,0,0.0,0.0,0,0,1,0,0,1,7,0,0,5,6,0.0,0.0,0,0,0,3,0.0,0,1,1,0,0,1,13,14,1,2,0,0,1,0,1,0,19,6,0,10,0,18,19,25,22,0,0,2,0,2,0,149,8,2,134,20,0,0,24,0,3,3,0,0,0,0,0,0,10,0,0,1,0,0,0,13,0
127,L54846,RuleSetFactoryTest,net.sourceforge.pmd.RuleSetFactoryTest,L106,L103,C:\Users\domco\Desktop\DP\repos\pmd\pmd-javascript\src\test\java\net\sourceforge\pmd\RuleSetFactoryTest.java,10,1,12,2,0.0,0,0,0,0.0,0.0,0,0,0,0,0,0,1,0,0,0,0,1.0,0.666667,4,3,2,0,0.666667,4,1,1,0,0,1,2,3,4,2,0,0,0,0,0,0,18,0,0,6,0,2,3,4,2,0,0,0,0,0,0,18,0,0,6,0,0,0,0,0,1,0,0,0,0,0,0,0,0,0,1,0,0,0,0,0,1.0
128,L54849,LanguageVersionDiscovererTest,net.sourceforge.pmd.LanguageVersionDiscovererTest,L106,L103,C:\Users\domco\Desktop\DP\repos\pmd\pmd-jsp\src\test\java\net\sourceforge\pmd\LanguageVersionDiscovererTest.java,18,1,31,2,0.0,0,0,0,0.0,0.0,0,0,1,0,0,1,5,0,0,3,4,0.333333,0.230769,3,3,1,2,0.230769,3,0,0,0,0,0,10,14,0,0,0,0,1,0,1,0,1,4,0,1,0,10,14,0,0,0,0,1,0,1,0,1,4,0,1,0,0,0,3,0,0,0,0,0,0,0,0,0,3,0,0,0,0,0,0,0,0
129,L54853,LanguageVersionTest,net.sourceforge.pmd.LanguageVersionTest,L106,L103,C:\Users\domco\Desktop\DP\repos\pmd\pmd-jsp\src\test\java\net\sourceforge\pmd\LanguageVersionTest.java,16,1,27,2,0.0,0,0,0,0.0,0.0,0,0,1,0,0,2,5,0,0,3,5,0.0,0.0,0,0,0,4,0.0,0,1,1,0,0,1,10,12,5,0,0,0,2,0,2,0,6,2,0,6,0,10,12,5,0,0,0,2,0,2,0,6,2,0,6,0,0,0,7,0,1,0,0,0,0,0,0,0,7,0,1,0,0,0,0,0,0
130,L54860,RuleSetFactoryTest,net.sourceforge.pmd.RuleSetFactoryTest,L106,L103,C:\Users\domco\Desktop\DP\repos\pmd\pmd-jsp\src\test\java\net\sourceforge\pmd\RuleSetFactoryTest.java,10,1,12,2,0.0,0,0,0,0.0,0.0,0,0,0,0,0,0,1,0,0,0,0,1.0,0.666667,4,3,2,0,0.666667,4,1,1,0,0,1,2,3,4,2,0,0,0,0,0,0,18,0,0,6,0,2,3,4,2,0,0,0,0,0,0,18,0,0,6,0,0,0,0,0,1,0,0,0,0,0,0,0,0,0,1,0,0,0,0,0,1.0
131,L54863,LanguageVersionTest,net.sourceforge.pmd.LanguageVersionTest,L106,L103,C:\Users\domco\Desktop\DP\repos\pmd\pmd-matlab\src\test\java\net\sourceforge\pmd\LanguageVersionTest.java,16,1,27,2,0.0,0,0,0,0.0,0.0,0,0,1,0,0,2,5,0,0,3,5,0.0,0.0,0,0,0,4,0.0,0,1,1,0,0,1,10,12,5,0,0,0,2,0,2,0,6,2,0,6,0,10,12,5,0,0,0,2,0,2,0,6,2,0,6,0,0,0,7,0,1,0,0,0,0,0,0,0,7,0,1,0,0,0,0,0,0
132,L54870,LanguageVersionTest,net.sourceforge.pmd.LanguageVersionTest,L106,L103,C:\Users\domco\Desktop\DP\repos\pmd\pmd-objectivec\src\test\java\net\sourceforge\pmd\LanguageVersionTest.java,16,1,27,2,0.0,0,0,0,0.0,0.0,0,0,1,0,0,2,5,0,0,3,5,0.0,0.0,0,0,0,4,0.0,0,1,1,0,0,1,10,12,5,0,0,0,2,0,2,0,6,2,0,6,0,10,12,5,0,0,0,2,0,2,0,6,2,0,6,0,0,0,7,0,1,0,0,0,0,0,0,0,7,0,1,0,0,0,0,0,0
133,L54877,LanguageVersionTest,net.sourceforge.pmd.LanguageVersionTest,L106,L103,C:\Users\domco\Desktop\DP\repos\pmd\pmd-php\src\test\java\net\sourceforge\pmd\LanguageVersionTest.java,16,1,27,2,0.0,0,0,0,0.0,0.0,0,0,1,0,0,2,5,0,0,3,5,0.0,0.0,0,0,0,4,0.0,0,1,1,0,0,1,10,12,5,0,0,0,2,0,2,0,6,2,0,6,0,10,12,5,0,0,0,2,0,2,0,6,2,0,6,0,0,0,7,0,1,0,0,0,0,0,0,0,7,0,1,0,0,0,0,0,0
134,L54884,LanguageVersionDiscovererTest,net.sourceforge.pmd.LanguageVersionDiscovererTest,L106,L103,C:\Users\domco\Desktop\DP\repos\pmd\pmd-plsql\src\test\java\net\sourceforge\pmd\LanguageVersionDiscovererTest.java,18,1,32,2,0.0,0,0,0,0.0,0.0,0,0,1,0,0,1,5,0,0,3,4,0.333333,0.230769,3,3,1,2,0.230769,3,0,0,0,0,0,10,15,0,0,0,0,1,0,1,0,1,4,0,1,0,10,15,0,0,0,0,1,0,1,0,1,4,0,1,0,0,0,3,0,0,0,0,0,0,0,0,0,3,0,0,0,0,0,0,0,0
135,L54888,LanguageVersionTest,net.sourceforge.pmd.LanguageVersionTest,L106,L103,C:\Users\domco\Desktop\DP\repos\pmd\pmd-plsql\src\test\java\net\sourceforge\pmd\LanguageVersionTest.java,16,1,27,2,0.0,0,0,0,0.0,0.0,0,0,1,0,0,2,5,0,0,3,5,0.0,0.0,0,0,0,4,0.0,0,1,1,0,0,1,10,12,5,0,0,0,2,0,2,0,6,2,0,6,0,10,12,5,0,0,0,2,0,2,0,6,2,0,6,0,0,0,7,0,1,0,0,0,0,0,0,0,7,0,1,0,0,0,0,0,0
136,L54895,RuleSetFactoryTest,net.sourceforge.pmd.RuleSetFactoryTest,L106,L103,C:\Users\domco\Desktop\DP\repos\pmd\pmd-plsql\src\test\java\net\sourceforge\pmd\RuleSetFactoryTest.java,10,1,12,2,0.0,0,0,0,0.0,0.0,0,0,0,0,0,0,1,0,0,0,0,1.0,0.666667,4,3,2,0,0.666667,4,1,1,0,0,1,2,3,4,2,0,0,0,0,0,0,18,0,0,6,0,2,3,4,2,0,0,0,0,0,0,18,0,0,6,0,0,0,0,0,1,0,0,0,0,0,0,0,0,0,1,0,0,0,0,0,1.0
137,L54898,LanguageVersionDiscovererTest,net.sourceforge.pmd.LanguageVersionDiscovererTest,L106,L103,C:\Users\domco\Desktop\DP\repos\pmd\pmd-python\src\test\java\net\sourceforge\pmd\LanguageVersionDiscovererTest.java,18,1,32,2,0.0,0,0,0,0.0,0.0,0,0,1,0,0,1,5,0,0,3,4,0.333333,0.230769,3,3,1,2,0.230769,3,0,0,0,0,0,10,15,0,0,0,0,1,0,1,0,1,4,0,1,0,10,15,0,0,0,0,1,0,1,0,1,4,0,1,0,0,0,3,0,0,0,0,0,0,0,0,0,3,0,0,0,0,0,0,0,0
138,L54902,LanguageVersionTest,net.sourceforge.pmd.LanguageVersionTest,L106,L103,C:\Users\domco\Desktop\DP\repos\pmd\pmd-python\src\test\java\net\sourceforge\pmd\LanguageVersionTest.java,16,1,27,2,0.0,0,0,0,0.0,0.0,0,0,1,0,0,2,5,0,0,3,5,0.0,0.0,0,0,0,4,0.0,0,1,1,0,0,1,10,12,5,0,0,0,2,0,2,0,6,2,0,6,0,10,12,5,0,0,0,2,0,2,0,6,2,0,6,0,0,0,7,0,1,0,0,0,0,0,0,0,7,0,1,0,0,0,0,0,0
139,L54909,LanguageVersionTest,net.sourceforge.pmd.LanguageVersionTest,L106,L103,C:\Users\domco\Desktop\DP\repos\pmd\pmd-ruby\src\test\java\net\sourceforge\pmd\LanguageVersionTest.java,16,1,27,2,0.0,0,0,0,0.0,0.0,0,0,1,0,0,2,5,0,0,3,5,0.0,0.0,0,0,0,4,0.0,0,1,1,0,0,1,10,12,5,0,0,0,2,0,2,0,6,2,0,6,0,10,12,5,0,0,0,2,0,2,0,6,2,0,6,0,0,0,7,0,1,0,0,0,0,0,0,0,7,0,1,0,0,0,0,0,0
140,L54916,LanguageVersionTest,net.sourceforge.pmd.LanguageVersionTest,L106,L103,C:\Users\domco\Desktop\DP\repos\pmd\pmd-scala\src\test\java\net\sourceforge\pmd\LanguageVersionTest.java,16,1,27,2,0.0,0,0,0,0.0,0.0,0,0,1,0,0,2,5,0,0,3,5,0.0,0.0,0,0,0,4,0.0,0,1,1,0,0,1,10,12,5,0,0,0,2,0,2,0,6,2,0,6,0,10,12,5,0,0,0,2,0,2,0,6,2,0,6,0,0,0,7,0,1,0,0,0,0,0,0,0,7,0,1,0,0,0,0,0,0
141,L54923,LanguageVersionTest,net.sourceforge.pmd.LanguageVersionTest,L106,L103,C:\Users\domco\Desktop\DP\repos\pmd\pmd-swift\src\test\java\net\sourceforge\pmd\LanguageVersionTest.java,16,1,27,2,0.0,0,0,0,0.0,0.0,0,0,1,0,0,2,5,0,0,3,5,0.0,0.0,0,0,0,4,0.0,0,1,1,0,0,1,10,12,5,0,0,0,2,0,2,0,6,2,0,6,0,10,12,5,0,0,0,2,0,2,0,6,2,0,6,0,0,0,7,0,1,0,0,0,0,0,0,0,7,0,1,0,0,0,0,0,0
142,L9453,AbstractLanguageVersionTest,net.sourceforge.pmd.AbstractLanguageVersionTest,L106,L103,C:\Users\domco\Desktop\DP\repos\pmd\pmd-test\src\main\java\net\sourceforge\pmd\AbstractLanguageVersionTest.java,45,1,142,2,0.0,0,0,0,0.0,0.0,0,0,1,1,1,11,7,18,18,14,18,1.0,0.449541,49,48,5,0,0.449541,49,0,0,18,18,0,60,98,5,0,5,0,4,0,4,0,4,35,0,4,0,60,98,5,0,5,0,4,0,4,0,4,35,0,4,0,0,0,3,0,10,6,0,0,0,0,0,4,2,0,0,1,0,0,0,0,0
143,L9471,AbstractRuleSetFactoryTest,net.sourceforge.pmd.AbstractRuleSetFactoryTest,L106,L103,C:\Users\domco\Desktop\DP\repos\pmd\pmd-test\src\main\java\net\sourceforge\pmd\AbstractRuleSetFactoryTest.java,51,1,544,2,0.122789,3,8,5,0.109312,0.150838,54,54,1,4,4,51,16,9,3,40,58,0.857143,0.198939,75,44,6,1,0.178899,78,0,0,8,8,0,302,429,4,2,4,2,18,0,6,0,18,177,0,6,0,358,494,11,7,6,3,27,0,13,0,42,200,0,22,0,0,0,97,17,3,9,38,0,1,3,3,1,51,0,2,0,0,8,0,1,0
144,L55437,LanguageVersionDiscovererTest,net.sourceforge.pmd.LanguageVersionDiscovererTest,L106,L103,C:\Users\domco\Desktop\DP\repos\pmd\pmd-visualforce\src\test\java\net\sourceforge\pmd\LanguageVersionDiscovererTest.java,22,1,44,2,0.0,0,0,0,0.0,0.0,0,0,2,0,0,2,5,0,0,3,5,0.75,0.28,7,7,3,1,0.28,7,0,0,0,0,0,18,23,0,0,0,0,2,0,2,0,2,8,0,2,0,18,23,0,0,0,0,2,0,2,0,2,8,0,2,0,0,0,4,0,0,0,0,0,1,0,0,0,3,0,0,0,0,0,0,0,0
145,L55443,LanguageVersionTest,net.sourceforge.pmd.LanguageVersionTest,L106,L103,C:\Users\domco\Desktop\DP\repos\pmd\pmd-visualforce\src\test\java\net\sourceforge\pmd\LanguageVersionTest.java,16,1,27,2,0.0,0,0,0,0.0,0.0,0,0,1,0,0,2,5,0,0,3,5,0.0,0.0,0,0,0,4,0.0,0,1,1,0,0,1,10,12,5,0,0,0,2,0,2,0,6,2,0,6,0,10,12,5,0,0,0,2,0,2,0,6,2,0,6,0,0,0,7,0,1,0,0,0,0,0,0,0,7,0,1,0,0,0,0,0,0
146,L55450,LanguageVersionTest,net.sourceforge.pmd.LanguageVersionTest,L106,L103,C:\Users\domco\Desktop\DP\repos\pmd\pmd-vm\src\test\java\net\sourceforge\pmd\LanguageVersionTest.java,16,1,27,2,0.0,0,0,0,0.0,0.0,0,0,1,0,0,2,5,0,0,3,5,0.0,0.0,0,0,0,4,0.0,0,1,1,0,0,1,10,12,5,0,0,0,2,0,2,0,6,2,0,6,0,10,12,5,0,0,0,2,0,2,0,6,2,0,6,0,0,0,7,0,1,0,0,0,0,0,0,0,7,0,1,0,0,0,0,0,0
147,L55457,RuleSetFactoryTest,net.sourceforge.pmd.RuleSetFactoryTest,L106,L103,C:\Users\domco\Desktop\DP\repos\pmd\pmd-vm\src\test\java\net\sourceforge\pmd\RuleSetFactoryTest.java,10,1,12,2,0.0,0,0,0,0.0,0.0,0,0,0,0,0,0,1,0,0,0,0,1.0,0.666667,4,3,2,0,0.666667,4,1,1,0,0,1,2,3,4,2,0,0,0,0,0,0,18,0,0,6,0,2,3,4,2,0,0,0,0,0,0,18,0,0,6,0,0,0,0,0,1,0,0,0,0,0,0,0,0,0,1,0,0,0,0,0,1.0
148,L55460,LanguageVersionTest,net.sourceforge.pmd.LanguageVersionTest,L106,L103,C:\Users\domco\Desktop\DP\repos\pmd\pmd-xml\src\test\java\net\sourceforge\pmd\LanguageVersionTest.java,19,1,37,2,0.0,0,0,0,0.0,0.0,0,0,1,0,0,2,8,0,0,3,5,0.0,0.0,0,0,0,4,0.0,0,1,1,0,0,1,17,19,5,0,0,0,2,0,2,0,6,2,0,6,0,17,19,5,0,0,0,2,0,2,0,6,2,0,6,0,0,0,7,0,1,0,0,0,0,0,0,0,7,0,1,0,0,0,0,0,0
149,L55467,RuleSetFactoryTest,net.sourceforge.pmd.RuleSetFactoryTest,L106,L103,C:\Users\domco\Desktop\DP\repos\pmd\pmd-xml\src\test\java\net\sourceforge\pmd\RuleSetFactoryTest.java,10,1,12,2,0.0,0,0,0,0.0,0.0,0,0,0,0,0,0,1,0,0,0,0,1.0,0.666667,4,3,2,0,0.666667,4,1,1,0,0,1,2,3,4,2,0,0,0,0,0,0,18,0,0,6,0,2,3,4,2,0,0,0,0,0,0,18,0,0,6,0,0,0,0,0,1,0,0,0,0,0,0,0,0,0,1,0,0,0,0,0,1.0
150,L55641,PmdTestChild$1,PmdTestChild$1,L55637,L103,C:\Users\domco\Desktop\DP\repos\pmd\pmd-java\src\test\resources\net\sourceforge\pmd\ast\ParserCornerCases.java,90,22,102,4,0.0,0,0,0,0.0,0.0,0,0,1,1,1,2,0,0,0,0,1,0.0,0.0,0,0,0,2,0.0,0,0,0,0,0,0,9,13,0,0,0,0,1,0,1,0,1,4,0,1,0,9,13,0,0,0,0,1,0,1,0,1,4,0,1,0,0,0,5,0,0,0,0,0,0,0,0,0,5,0,0,0,0,0,0,0,0
151,L55656,SimpleBeanUser$1,SimpleBeanUser$1,L55652,L103,C:\Users\domco\Desktop\DP\repos\pmd\pmd-java\src\test\resources\net\sourceforge\pmd\ast\ParserCornerCases.java,119,31,121,11,0.0,0,0,0,0.0,0.0,0,0,0,0,0,0,1,0,0,0,0,0.0,0.0,0,0,0,1,0.0,0,1,1,0,0,1,3,3,1,0,0,0,0,0,0,0,0,0,0,0,0,3,3,1,0,0,0,0,0,0,0,0,0,0,0,0,0,1,3,0,0,0,0,0,0,0,0,0,3,0,1,0,0,0,0,0,0
152,L55666,SimpleBeanUser2$1,SimpleBeanUser2$1,L55663,L103,C:\Users\domco\Desktop\DP\repos\pmd\pmd-java\src\test\resources\net\sourceforge\pmd\ast\ParserCornerCases.java,127,31,129,11,0.0,0,0,0,0.0,0.0,0,0,0,0,0,0,1,0,0,0,0,0.0,0.0,0,0,0,1,0.0,0,1,1,0,0,1,3,3,1,0,0,0,0,0,0,0,0,0,0,0,0,3,3,1,0,0,0,0,0,0,0,0,0,0,0,0,0,1,3,0,0,0,0,0,0,0,0,0,3,0,1,0,0,0,0,0,0
153,L55687,Foo$1,Foo$1,L55683,L103,C:\Users\domco\Desktop\DP\repos\pmd\pmd-java\src\test\resources\net\sourceforge\pmd\ast\ParserCornerCases.java,158,30,163,10,0.0,0,0,0,0.0,0.0,0,0,1,0,0,1,1,0,0,0,1,0.0,0.0,0,0,0,2,0.0,0,1,1,0,0,1,6,6,0,0,0,0,1,0,1,0,1,2,0,1,0,6,6,0,0,0,0,1,0,1,0,1,2,0,1,0,0,0,5,0,1,0,0,1,0,0,0,0,5,0,0,0,0,0,0,0,0
154,L55696,SuperTest$1,SuperTest$1,L55694,L103,C:\Users\domco\Desktop\DP\repos\pmd\pmd-java\src\test\resources\net\sourceforge\pmd\ast\ParserCornerCases.java,176,38,193,14,0.0,0,0,0,0.0,0.0,0,0,1,1,1,4,0,0,0,0,3,0.0,0.0,0,0,0,4,0.0,0,0,0,0,0,0,15,18,1,0,1,0,3,0,3,0,3,5,0,3,0,15,18,1,0,1,0,3,0,3,0,3,5,0,3,0,0,0,9,0,0,0,0,0,0,0,0,0,9,0,0,0,0,0,0,0,0
155,L55928,Bug1429$1,Bug1429$1,L55927,L103,C:\Users\domco\Desktop\DP\repos\pmd\pmd-java\src\test\resources\net\sourceforge\pmd\lang\java\ast\Bug1429.java,4,85,16,18,0.0,0,0,0,0.0,0.0,0,0,1,1,1,2,0,0,0,0,1,0.0,0.0,0,0,0,2,0.0,0,0,0,0,0,0,12,13,0,0,0,0,1,0,1,0,1,6,0,1,0,12,13,0,0,0,0,1,0,1,0,1,6,0,1,0,0,0,5,0,0,0,0,0,0,0,0,0,5,0,0,0,0,0,0,0,0
156,L55941,GitHubBug208$1LocalClass,GitHubBug208$1LocalClass,L55940,L103,C:\Users\domco\Desktop\DP\repos\pmd\pmd-java\src\test\resources\net\sourceforge\pmd\lang\java\ast\GitHubBug208.java,3,6,9,10,0.0,0,0,0,0.0,0.0,0,0,1,0,0,1,0,0,0,0,1,0.0,0.0,0,0,0,1,0.0,0,0,0,0,0,0,7,7,0,0,0,0,1,0,0,0,1,1,0,0,0,7,7,0,0,0,0,1,0,0,0,1,1,0,0,0,0,0,5,0,2,0,0,2,0,0,0,0,5,0,0,0,0,0,0,0,0
157,L56016,Test$1Inner,Test$1Inner,L56015,L103,C:\Users\domco\Desktop\DP\repos\pmd\pmd-java\src\test\resources\net\sourceforge\pmd\lang\java\ast\jdkversiontests\inner_bug.java,3,4,3,24,0.0,0,0,0,0.0,0.0,0,0,0,0,0,0,0,1,0,0,0,0.0,0.0,0,0,0,1,0.0,0,0,0,0,0,0,1,1,0,0,0,0,0,0,0,0,0,0,0,0,0,1,1,0,0,0,0,0,0,0,0,0,0,0,0,0,0,0,3,0,1,0,0,1,0,0,0,0,3,0,0,0,0,0,0,0,0
158,L56024,Test$1Inner,Test$1Inner,L56023,L103,C:\Users\domco\Desktop\DP\repos\pmd\pmd-java\src\test\resources\net\sourceforge\pmd\lang\java\ast\jdkversiontests\inner_bug2.java,3,4,3,18,0.0,0,0,0,0.0,0.0,0,0,0,0,0,0,0,1,0,0,0,0.0,0.0,0,0,0,1,0.0,0,0,0,0,0,0,1,1,0,0,0,0,0,0,0,0,0,0,0,0,0,1,1,0,0,0,0,0,0,0,0,0,0,0,0,0,0,0,3,0,1,0,0,1,0,0,0,0,3,0,0,0,0,0,0,0,0
159,L56163,Java9AnonymousDiamond$1,Java9AnonymousDiamond$1,L56159,L103,C:\Users\domco\Desktop\DP\repos\pmd\pmd-java\src\test\resources\net\sourceforge\pmd\lang\java\ast\jdkversiontests\jdk9_anonymous_diamond.java,6,43,6,46,0.0,0,0,0,0.0,0.0,0,0,0,0,0,0,0,0,0,0,0,0.0,0.0,0,0,0,1,0.0,0,0,0,0,0,0,1,1,0,0,0,0,0,0,0,0,0,0,0,0,0,1,1,0,0,0,0,0,0,0,0,0,0,0,0,0,0,0,3,0,0,0,0,0,0,0,0,0,3,0,0,0,0,0,0,0,0
160,L56222,MoreThanThousandLinesOfCodeWithDuplicateLiterals,org.example.pmd.MoreThanThousandLinesOfCodeWithDuplicateLiterals,L56220,L103,C:\Users\domco\Desktop\DP\repos\pmd\pmd-java\src\test\resources\ant\java\MoreThanThousandLinesOfCodeWithDuplicateLiterals.java,20,1,1027,2,0.0,0,0,0,0.0,0.0,0,0,0,0,0,0,0,0,0,0,0,1.0,0.994152,1020,1020,1,0,0.994152,1020,0,0,0,0,0,6,1008,4,0,4,0,0,0,0,0,0,0,0,0,0,6,1008,4,0,4,0,0,0,0,0,0,0,0,0,0,0,0,1,1,0,0,0,0,0,0,0,0,0,0,1,0,0,0,0,1,0
161,L56309,pmdTest,com.sample.test.pmdTest,L56307,L103,C:\Users\domco\Desktop\DP\repos\pmd\pmd-java\src\test\resources\net\sourceforge\pmd\lang\java\ast\LambdaBug1470.java,6,1,27,2,0.0,0,0,0,0.0,0.0,0,0,2,0,0,2,0,0,0,0,2,0.0,0.0,0,0,0,3,0.0,0,0,0,0,0,0,15,22,1,0,1,0,2,0,2,0,2,2,0,2,0,15,22,1,0,1,0,2,0,2,0,2,2,0,2,0,0,0,8,1,0,1,0,0,1,0,0,0,7,0,0,0,0,0,0,0,0
162,L576,ApexLanguage,net.sourceforge.pmd.cpd.ApexLanguage,L325,L103,C:\Users\domco\Desktop\DP\repos\pmd\pmd-apex\src\main\java\net\sourceforge\pmd\cpd\ApexLanguage.java,9,1,24,2,0.0,0,0,0,0.0,0.0,0,0,0,0,0,3,2,0,0,4,7,0.0,0.0,0,0,0,4,0.0,0,2,2,0,0,1,13,16,5,5,0,0,3,0,3,1,10,5,0,10,2,13,16,5,5,0,0,3,0,3,1,10,5,0,10,2,0,0,9,0,1,1,0,0,0,0,0,0,9,0,0,0,0,0,0,0,1.0
163,L591,ApexTokenizer,net.sourceforge.pmd.cpd.ApexTokenizer,L325,L103,C:\Users\domco\Desktop\DP\repos\pmd\pmd-apex\src\main\java\net\sourceforge\pmd\cpd\ApexTokenizer.java,19,1,66,2,0.0,0,0,0,0.0,0.0,0,0,1,4,4,6,5,2,3,6,9,0.0,0.108108,4,4,0,4,0.1,4,1,1,0,0,1,33,45,9,0,2,0,3,1,3,1,3,16,8,3,1,36,48,9,0,2,0,4,1,4,1,4,17,8,4,1,0,0,20,0,3,1,0,2,0,2,0,0,14,0,0,0,0,0,0,4,1.0
164,L672,ApexCpdTest,net.sourceforge.pmd.cpd.ApexCpdTest,L325,L103,C:\Users\domco\Desktop\DP\repos\pmd\pmd-apex\src\test\java\net\sourceforge\pmd\cpd\ApexCpdTest.java,20,1,50,2,0.0,0,0,0,0.0,0.0,0,0,1,1,1,3,5,0,0,9,11,0.0,0.0,0,0,0,3,0.0,0,0,0,0,0,0,27,31,1,0,1,0,2,0,2,1,2,17,0,2,1,27,31,1,0,1,0,2,0,2,1,2,17,0,2,1,0,0,7,0,3,3,0,0,0,0,0,0,7,0,0,0,0,0,0,0,0
165,L732,ApexTokenizerTest,net.sourceforge.pmd.cpd.ApexTokenizerTest,L325,L103,C:\Users\domco\Desktop\DP\repos\pmd\pmd-apex\src\test\java\net\sourceforge\pmd\cpd\ApexTokenizerTest.java,22,1,92,2,0.0,0,0,0,0.0,0.0,0,0,1,2,2,14,6,0,0,9,17,0.25,0.0483871,3,3,1,3,0.0483871,3,0,0,0,0,0,59,71,0,0,0,0,8,0,3,0,8,32,0,3,0,59,71,0,0,0,0,8,0,3,0,8,32,0,3,0,0,0,17,1,9,10,0,0,0,0,0,0,17,0,0,0,0,0,0,0,0
166,L577,AbstractLanguage,net.sourceforge.pmd.cpd.AbstractLanguage,L325,L103,C:\Users\domco\Desktop\DP\repos\pmd\pmd-core\src\main\java\net\sourceforge\pmd\cpd\AbstractLanguage.java,14,1,58,2,0.0,0,0,0,0.0,0.0,0,0,0,0,0,7,3,21,26,2,9,0.0,0.0263158,1,0,0,8,0.0263158,1,1,1,21,21,1,37,45,5,5,5,5,7,0,7,1,7,10,0,7,1,37,45,5,5,5,5,7,0,7,1,7,10,0,7,1,0,0,16,1,0,0,0,1,0,0,0,0,15,0,0,1,0,0,0,0,0
167,L846,AbstractTokenizer,net.sourceforge.pmd.cpd.AbstractTokenizer,L325,L103,C:\Users\domco\Desktop\DP\repos\pmd\pmd-core\src\main\java\net\sourceforge\pmd\cpd\AbstractTokenizer.java,14,1,166,2,0.0,0,0,0,0.0,0.0,0,0,1,5,4,36,4,6,0,5,13,0.5,0.305732,48,16,1,1,0.305732,48,1,1,5,5,1,109,153,17,2,10,2,8,0,1,0,8,59,7,1,0,109,153,17,2,10,2,8,0,1,0,8,59,7,1,0,0,1,24,0,6,3,0,0,0,4,0,1,15,0,1,0,0,2,0,5,0
168,L944,AnyLanguage,net.sourceforge.pmd.cpd.AnyLanguage,L325,L103,C:\Users\domco\Desktop\DP\repos\pmd\pmd-core\src\main\java\net\sourceforge\pmd\cpd\AnyLanguage.java,7,1,11,2,0.0,0,0,0,0.0,0.0,0,0,0,0,0,1,2,2,1,1,2,0.0,0.0,0,0,0,2,0.0,0,2,2,0,0,1,5,5,5,5,0,0,1,0,1,0,8,1,0,8,1,5,5,5,5,0,0,1,0,1,0,8,1,0,8,1,0,0,5,0,0,0,0,0,0,0,0,0,5,0,0,0,0,0,0,0,0
169,L947,AnyTokenizer,net.sourceforge.pmd.cpd.AnyTokenizer,L325,L103,C:\Users\domco\Desktop\DP\repos\pmd\pmd-core\src\main\java\net\sourceforge\pmd\cpd\AnyTokenizer.java,19,1,53,2,0.0,0,0,0,0.0,0.0,0,0,1,5,5,7,4,3,1,5,6,0.5,0.179487,7,5,1,1,0.179487,7,1,1,0,0,1,32,35,8,0,1,0,1,1,1,0,1,18,8,1,0,32,35,8,0,1,0,1,1,1,0,1,18,8,1,0,0,1,11,2,1,2,0,0,0,2,0,1,5,0,1,0,0,0,0,4,0
170,L699,CPD,net.sourceforge.pmd.cpd.CPD,L325,L103,C:\Users\domco\Desktop\DP\repos\pmd\pmd-core\src\main\java\net\sourceforge\pmd\cpd\CPD.java,28,1,179,2,0.0,0,0,0,0.0,0.0,0,0,2,2,2,26,14,7,16,23,39,0.153846,0.119048,15,10,2,11,0.119048,15,0,0,0,0,0,111,152,7,3,7,3,16,0,12,1,16,54,0,12,1,111,152,7,3,7,3,16,0,12,1,16,54,0,12,1,0,0,32,7,6,4,0,2,1,0,1,6,29,0,1,0,0,0,0,1,0
171,L1203,CPDCommandLineInterface,net.sourceforge.pmd.cpd.CPDCommandLineInterface,L325,L103,C:\Users\domco\Desktop\DP\repos\pmd\pmd-core\src\main\java\net\sourceforge\pmd\cpd\CPDCommandLineInterface.java,23,1,194,2,0.0,0,0,0,0.0,0.0,0,0,1,5,4,36,8,5,4,24,34,0.0,0.0266667,4,0,0,5,0.0266667,4,0,0,0,0,0,146,172,6,0,6,0,10,2,4,2,10,84,2,4,2,146,172,6,0,6,0,10,2,4,2,10,84,2,4,2,0,1,32,14,3,5,0,2,0,3,1,3,23,0,1,0,0,7,0,5,0
172,L686,CPDConfiguration,net.sourceforge.pmd.cpd.CPDConfiguration,L325,L103,C:\Users\domco\Desktop\DP\repos\pmd\pmd-core\src\main\java\net\sourceforge\pmd\cpd\CPDConfiguration.java,36,1,445,2,0.0789889,1,6,2,0.0487805,0.0617284,20,20,8,4,4,71,15,9,16,13,64,0.0196078,0.0316456,10,9,1,50,0.0328358,11,1,1,0,0,1,306,391,25,14,23,13,51,2,50,22,56,106,2,54,24,324,410,25,14,23,13,53,2,52,22,58,114,2,56,24,0,1,146,5,6,4,9,2,1,2,1,1,115,1,2,0,0,2,0,18,0
173,L1015,CPDNullListener,net.sourceforge.pmd.cpd.CPDNullListener,L325,L103,C:\Users\domco\Desktop\DP\repos\pmd\pmd-core\src\main\java\net\sourceforge\pmd\cpd\CPDNullListener.java,9,1,17,2,0.0,0,0,0,0.0,0.0,0,0,2,0,0,2,1,1,0,0,2,0.0,0.0,0,0,0,3,0.0,0,1,1,0,0,1,8,9,5,0,0,0,2,0,2,0,2,0,5,2,0,8,9,5,0,0,0,2,0,2,0,2,0,5,2,0,0,0,10,0,2,0,0,0,1,0,0,0,7,2,0,0,0,0,0,2,0
174,L1592,CPDTask,net.sourceforge.pmd.cpd.CPDTask,L325,L103,C:\Users\domco\Desktop\DP\repos\pmd\pmd-core\src\main\java\net\sourceforge\pmd\cpd\CPDTask.java,43,1,246,2,0.0,0,0,0,0.0,0.0,0,0,1,2,2,37,12,0,0,18,39,0.0625,0.11828,22,22,1,15,0.11399,22,0,0,0,0,0,164,196,17,0,17,0,21,0,15,13,21,85,0,15,13,171,204,18,1,18,1,22,0,16,13,22,86,0,16,13,0,0,58,2,3,2,0,0,0,0,2,2,50,0,1,0,0,0,0,6,0
175,L1426,CSVRenderer,net.sourceforge.pmd.cpd.CSVRenderer,L325,L103,C:\Users\domco\Desktop\DP\repos\pmd\pmd-core\src\main\java\net\sourceforge\pmd\cpd\CSVRenderer.java,13,1,70,2,0.0,0,0,0,0.0,0.0,0,0,1,3,3,11,4,8,7,7,12,0.0,0.0,0,0,0,6,0.0,0,1,1,1,1,1,47,58,4,0,4,0,5,2,5,0,5,25,2,5,0,47,58,4,0,4,0,5,2,5,0,5,25,2,5,0,0,0,17,0,0,0,0,0,0,0,0,0,13,0,0,0,0,0,0,4,0
176,L1429,CSVWithLinecountPerFileRenderer,net.sourceforge.pmd.cpd.CSVWithLinecountPerFileRenderer,L325,L103,C:\Users\domco\Desktop\DP\repos\pmd\pmd-core\src\main\java\net\sourceforge\pmd\cpd\CSVWithLinecountPerFileRenderer.java,7,1,12,2,0.0,0,0,0,0.0,0.0,0,0,0,0,0,1,1,2,0,1,2,0.0,0.0,0,0,0,2,0.0,0,2,2,0,0,1,5,6,4,0,0,0,1,0,1,0,6,1,2,6,0,5,6,4,0,0,0,1,0,1,0,6,1,2,6,0,0,0,7,0,0,0,0,0,0,0,0,0,5,0,0,0,0,0,0,2,0
177,L1667,FileReporter,net.sourceforge.pmd.cpd.FileReporter,L325,L103,C:\Users\domco\Desktop\DP\repos\pmd\pmd-core\src\main\java\net\sourceforge\pmd\cpd\FileReporter.java,20,1,56,2,0.0,0,0,0,0.0,0.0,0,0,1,3,3,6,1,2,5,1,5,0.2,0.0833333,3,3,1,4,0.0833333,3,0,0,0,0,0,33,37,2,0,2,0,4,0,4,0,4,15,0,4,0,33,37,2,0,2,0,4,0,4,0,4,15,0,4,0,0,1,11,0,1,1,0,0,0,0,0,0,11,0,0,0,0,1,0,0,0
178,L1814,GridBagHelper,net.sourceforge.pmd.cpd.GridBagHelper,L325,L103,C:\Users\domco\Desktop\DP\repos\pmd\pmd-core\src\main\java\net\sourceforge\pmd\cpd\GridBagHelper.java,17,1,63,2,0.0,0,0,0,0.0,0.0,0,0,1,0,0,5,0,1,2,0,5,0.0,0.0,0,0,0,6,0.0,0,0,0,0,0,0,38,47,7,0,7,0,5,0,5,0,5,19,0,5,0,38,47,7,0,7,0,5,0,5,0,5,19,0,5,0,0,0,14,1,10,2,0,7,0,0,0,0,13,0,0,0,0,2,0,1,0
179,L1846,GUI,net.sourceforge.pmd.cpd.GUI,L325,L103,C:\Users\domco\Desktop\DP\repos\pmd\pmd-core\src\main\java\net\sourceforge\pmd\cpd\GUI.java,72,1,929,2,0.0325671,1,2,2,0.02331,0.0254958,20,18,2,3,3,54,21,11,7,46,70,0.333333,0.0318907,14,5,2,4,0.0193638,14,1,1,0,0,1,425,529,34,1,29,1,24,0,5,3,24,291,5,5,3,709,858,43,7,38,7,74,0,51,4,74,375,5,51,4,0,2,236,6,80,15,9,34,3,0,2,27,212,3,7,0,0,2,0,10,1.0
180,L2315,LanguageFactory,net.sourceforge.pmd.cpd.LanguageFactory,L325,L103,C:\Users\domco\Desktop\DP\repos\pmd\pmd-core\src\main\java\net\sourceforge\pmd\cpd\LanguageFactory.java,19,1,105,2,0.34965,1,3,1,0.287356,0.276923,25,18,1,2,2,13,2,7,6,4,9,0.0,0.115942,8,0,0,3,0.109589,8,0,0,0,0,0,61,83,5,1,5,1,5,3,2,0,5,30,3,2,0,65,87,5,1,5,1,6,3,3,0,6,31,3,3,0,0,1,44,1,1,1,22,0,0,0,0,1,18,0,1,0,0,0,0,4,0
181,L1760,Mark,net.sourceforge.pmd.cpd.Mark,L325,L103,C:\Users\domco\Desktop\DP\repos\pmd\pmd-core\src\main\java\net\sourceforge\pmd\cpd\Mark.java,7,1,82,2,0.295238,2,11,2,0.223684,0.265625,17,17,1,2,2,19,2,12,18,6,18,0.0,0.0,0,0,0,13,0.0,0,0,0,0,0,0,64,76,3,6,3,6,12,0,12,2,12,27,0,12,2,64,76,3,6,3,6,12,0,12,2,12,27,0,12,2,0,0,40,0,2,0,12,1,0,0,0,1,27,0,0,0,0,0,0,1,0
182,L712,Match,net.sourceforge.pmd.cpd.Match,L325,L103,C:\Users\domco\Desktop\DP\repos\pmd\pmd-core\src\main\java\net\sourceforge\pmd\cpd\Match.java,14,1,140,2,0.0,0,0,0,0.0,0.0,0,0,1,1,1,21,3,25,21,6,24,0.0,0.0,0,0,0,18,0.0,0,0,0,0,0,0,82,105,7,10,7,10,18,4,17,2,18,29,4,17,2,104,127,7,10,7,10,22,4,21,2,22,37,4,21,2,0,0,67,0,0,0,0,0,0,0,0,0,59,0,0,0,0,0,0,8,0
183,L1020,MatchAlgorithm,net.sourceforge.pmd.cpd.MatchAlgorithm,L325,L103,C:\Users\domco\Desktop\DP\repos\pmd\pmd-core\src\main\java\net\sourceforge\pmd\cpd\MatchAlgorithm.java,14,1,129,2,0.0,0,0,0,0.0,0.0,0,0,1,4,4,19,8,3,7,14,22,0.0,0.0294118,3,0,0,8,0.0294118,3,0,0,0,0,0,99,116,9,1,9,1,8,0,7,1,8,64,0,7,1,99,116,9,1,9,1,8,0,7,1,8,64,0,7,1,0,0,23,0,3,1,0,0,0,2,0,1,19,0,1,0,0,0,0,2,0
184,L2539,MatchCollector,net.sourceforge.pmd.cpd.MatchCollector,L325,L103,C:\Users\domco\Desktop\DP\repos\pmd\pmd-core\src\main\java\net\sourceforge\pmd\cpd\MatchCollector.java,13,1,103,2,0.0,0,0,0,0.0,0.0,0,0,1,4,3,23,3,1,1,6,14,0.0,0.037037,3,0,0,4,0.037037,3,0,0,0,0,0,78,91,3,1,3,1,8,0,3,0,8,49,0,3,0,78,91,3,1,3,1,8,0,3,0,8,49,0,3,0,0,0,19,0,3,0,0,0,0,0,0,3,19,0,0,0,0,0,0,0,0
185,L1652,ReportException,net.sourceforge.pmd.cpd.ReportException,L325,L103,C:\Users\domco\Desktop\DP\repos\pmd\pmd-core\src\main\java\net\sourceforge\pmd\cpd\ReportException.java,10,1,16,2,0.0,0,0,0,0.0,0.0,0,0,0,0,0,1,0,4,1,0,1,0.5,0.333333,3,3,1,1,0.333333,3,0,0,0,0,0,6,7,1,0,1,0,1,0,1,0,1,1,0,1,0,6,7,1,0,1,0,1,0,1,0,1,1,0,1,0,0,0,3,0,0,0,0,0,0,0,0,0,3,0,0,0,0,0,0,0,0
186,L1420,SimpleRenderer,net.sourceforge.pmd.cpd.SimpleRenderer,L325,L103,C:\Users\domco\Desktop\DP\repos\pmd\pmd-core\src\main\java\net\sourceforge\pmd\cpd\SimpleRenderer.java,12,1,81,2,0.0,0,0,0,0.0,0.0,0,0,1,2,2,11,5,5,6,8,13,0.0,0.037037,2,0,0,5,0.037037,2,1,1,0,0,1,52,70,3,0,3,0,5,1,4,0,5,31,1,4,0,52,70,3,0,3,0,5,1,4,0,5,31,1,4,0,0,0,17,0,2,2,0,0,0,0,0,0,13,0,0,0,0,0,0,4,0
187,L637,SourceCode,net.sourceforge.pmd.cpd.SourceCode,L325,L103,C:\Users\domco\Desktop\DP\repos\pmd\pmd-core\src\main\java\net\sourceforge\pmd\cpd\SourceCode.java,22,1,213,2,0.0,0,0,0,0.0,0.0,0,0,0,2,2,8,2,47,68,3,8,0.0,0.0,0,0,0,6,0.00645161,1,0,0,0,0,0,31,42,1,4,1,4,5,0,5,0,5,15,0,5,0,154,192,10,21,10,15,23,2,20,0,35,69,2,23,0,0,1,73,9,5,4,0,1,0,0,0,7,61,0,2,0,0,1,0,12,0
188,L661,TokenEntry,net.sourceforge.pmd.cpd.TokenEntry,L325,L103,C:\Users\domco\Desktop\DP\repos\pmd\pmd-core\src\main\java\net\sourceforge\pmd\cpd\TokenEntry.java,13,1,148,2,0.0,0,0,0,0.0,0.0,0,0,2,2,2,19,0,38,73,0,14,0.0769231,0.0681818,6,6,1,12,0.0862069,10,0,0,0,0,0,82,110,8,5,8,5,14,1,12,2,14,33,1,12,2,106,136,11,5,11,5,18,1,14,2,18,42,1,14,2,0,0,53,0,7,0,0,1,1,0,0,5,46,0,1,0,0,0,0,6,0
189,L641,Tokens,net.sourceforge.pmd.cpd.Tokens,L325,L103,C:\Users\domco\Desktop\DP\repos\pmd\pmd-core\src\main\java\net\sourceforge\pmd\cpd\Tokens.java,11,1,43,2,0.0,0,0,0,0.0,0.0,0,0,1,1,1,7,2,31,82,3,9,0.0,0.0,0,0,0,6,0.0,0,0,0,0,0,0,25,33,1,2,1,2,6,0,5,0,6,9,0,5,0,25,33,1,2,1,2,6,0,5,0,6,9,0,5,0,0,0,15,0,2,0,0,0,0,0,0,1,15,0,1,0,0,0,0,0,0
190,L1432,VSRenderer,net.sourceforge.pmd.cpd.VSRenderer,L325,L103,C:\Users\domco\Desktop\DP\repos\pmd\pmd-core\src\main\java\net\sourceforge\pmd\cpd\VSRenderer.java,11,1,31,2,0.0,0,0,0,0.0,0.0,0,0,1,2,2,3,4,2,0,4,5,0.0,0.0,0,0,0,2,0.0,0,1,1,0,0,1,18,21,0,0,0,0,1,0,1,0,1,12,0,1,0,18,21,0,0,0,0,1,0,1,0,1,12,0,1,0,0,0,5,0,3,2,0,0,0,0,0,0,5,0,0,0,0,1,0,0,0
191,L1423,XMLRenderer,net.sourceforge.pmd.cpd.XMLRenderer,L325,L103,C:\Users\domco\Desktop\DP\repos\pmd\pmd-core\src\main\java\net\sourceforge\pmd\cpd\XMLRenderer.java,28,1,131,2,0.0,0,0,0,0.0,0.0,0,0,1,1,1,16,3,6,7,6,16,0.5,0.154639,15,15,3,3,0.154639,15,1,1,0,0,1,82,104,1,1,1,1,10,0,5,1,10,49,0,5,1,82,104,1,1,1,1,10,0,5,1,10,49,0,5,1,0,0,19,0,1,1,0,0,0,0,0,0,19,0,0,0,0,0,0,0,0
192,L2907,AnyTokenizerTest,net.sourceforge.pmd.cpd.AnyTokenizerTest,L325,L103,C:\Users\domco\Desktop\DP\repos\pmd\pmd-core\src\test\java\net\sourceforge\pmd\cpd\AnyTokenizerTest.java,13,1,32,2,0.0,0,0,0,0.0,0.0,0,0,2,0,0,2,4,0,0,4,6,0.0,0.0,0,0,0,3,0.0,0,0,0,0,0,0,17,20,1,0,1,0,2,0,2,0,2,6,0,2,0,17,20,1,0,1,0,2,0,2,0,2,6,0,2,0,0,0,8,0,3,1,0,1,1,0,0,0,7,0,0,0,0,1,0,0,0
193,L2916,CPDCommandLineInterfaceTest,net.sourceforge.pmd.cpd.CPDCommandLineInterfaceTest,L325,L103,C:\Users\domco\Desktop\DP\repos\pmd\pmd-core\src\test\java\net\sourceforge\pmd\cpd\CPDCommandLineInterfaceTest.java,17,1,30,2,0.0,0,0,0,0.0,0.0,0,0,1,0,0,1,2,0,0,1,2,0.0,0.0,0,0,0,2,0.0,0,0,0,0,0,0,13,14,2,0,2,0,1,2,1,0,1,3,2,1,0,13,14,2,0,2,0,1,2,1,0,1,3,2,1,0,0,0,9,0,0,0,0,0,0,0,0,0,5,0,0,0,0,0,0,4,0
194,L2922,CPDConfigurationTest,net.sourceforge.pmd.cpd.CPDConfigurationTest,L325,L103,C:\Users\domco\Desktop\DP\repos\pmd\pmd-core\src\test\java\net\sourceforge\pmd\cpd\CPDConfigurationTest.java,13,1,30,2,0.0,0,0,0,0.0,0.0,0,0,1,1,1,2,7,0,0,1,2,0.0,0.0,0,0,0,2,0.0,0,0,0,0,0,0,16,18,0,0,0,0,1,0,1,0,1,10,0,1,0,16,18,0,0,0,0,1,0,1,0,1,10,0,1,0,0,0,5,0,0,0,0,0,0,0,0,0,5,0,0,0,0,0,0,0,0
195,L2928,CpddummyLanguage,net.sourceforge.pmd.cpd.CpddummyLanguage,L325,L103,C:\Users\domco\Desktop\DP\repos\pmd\pmd-core\src\test\java\net\sourceforge\pmd\cpd\CpddummyLanguage.java,11,1,16,2,0.0,0,0,0,0.0,0.0,0,0,0,0,0,1,2,2,2,1,2,0.5,0.444444,4,4,1,1,0.444444,4,2,2,0,0,1,5,6,5,5,0,0,1,0,1,0,8,1,0,8,1,5,6,5,5,0,0,1,0,1,0,8,1,0,8,1,0,0,3,0,0,0,0,0,0,0,0,0,3,0,0,0,0,0,0,0,0
196,L2931,CPDFilelistTest,net.sourceforge.pmd.cpd.CPDFilelistTest,L325,L103,C:\Users\domco\Desktop\DP\repos\pmd\pmd-core\src\test\java\net\sourceforge\pmd\cpd\CPDFilelistTest.java,17,1,54,2,0.99435,1,4,2,0.894737,0.941176,34,32,2,1,1,4,4,0,0,7,9,0.0,0.0,0,0,0,3,0.0,0,0,0,0,0,0,34,38,0,0,0,0,2,0,2,0,2,24,0,2,0,34,38,0,0,0,0,2,0,2,0,2,24,0,2,0,0,0,27,0,8,8,19,0,1,0,0,0,7,0,0,0,0,0,0,0,0
197,L2940,CPDTest,net.sourceforge.pmd.cpd.CPDTest,L325,L103,C:\Users\domco\Desktop\DP\repos\pmd\pmd-core\src\test\java\net\sourceforge\pmd\cpd\CPDTest.java,17,1,153,2,0.0,0,0,0,0.0,0.0,0,0,1,2,2,11,3,0,0,7,12,0.8,0.347368,33,31,4,1,0.305785,37,0,0,0,0,0,62,110,3,0,3,0,5,0,4,0,5,28,0,4,0,84,137,10,0,5,0,9,0,7,0,9,34,5,7,0,0,1,16,6,2,4,0,0,1,0,0,3,12,0,1,0,0,1,0,3,0
198,L2987,CSVRendererTest,net.sourceforge.pmd.cpd.CSVRendererTest,L325,L103,C:\Users\domco\Desktop\DP\repos\pmd\pmd-core\src\test\java\net\sourceforge\pmd\cpd\CSVRendererTest.java,16,1,57,2,0.726316,1,2,2,0.547619,0.555556,23,20,1,0,0,3,8,0,0,10,13,0.0,0.0,0,0,0,3,0.0,0,0,0,0,0,0,36,42,0,0,0,0,3,0,2,0,3,24,0,2,0,36,42,0,0,0,0,3,0,2,0,3,24,0,2,0,0,0,26,0,2,2,17,0,0,0,0,0,9,0,0,0,0,0,0,0,0
199,L2998,FileReporterTest,net.sourceforge.pmd.cpd.FileReporterTest,L325,L103,C:\Users\domco\Desktop\DP\repos\pmd\pmd-core\src\test\java\net\sourceforge\pmd\cpd\FileReporterTest.java,20,1,80,2,0.0,0,0,0,0.0,0.0,0,0,5,3,3,9,2,0,0,3,9,0.166667,0.0526316,3,3,1,5,0.0526316,3,0,0,0,0,0,54,61,0,0,0,0,6,0,5,0,6,31,0,5,0,54,61,0,0,0,0,6,0,5,0,6,31,0,5,0,0,1,16,1,8,9,0,0,1,0,0,0,15,0,0,0,0,1,0,0,0
200,L3032,LanguageFactoryTest,net.sourceforge.pmd.cpd.LanguageFactoryTest,L325,L103,C:\Users\domco\Desktop\DP\repos\pmd\pmd-core\src\test\java\net\sourceforge\pmd\cpd\LanguageFactoryTest.java,11,1,18,2,0.0,0,0,0,0.0,0.0,0,0,1,0,0,1,3,0,0,1,2,0.0,0.0,0,0,0,2,0.0,0,0,0,0,0,0,7,8,0,0,0,0,1,0,1,0,1,2,0,1,0,7,8,0,0,0,0,1,0,1,0,1,2,0,1,0,0,0,5,0,3,3,0,0,0,0,0,0,5,0,0,0,0,0,0,0,0
201,L3035,MarkTest,net.sourceforge.pmd.cpd.MarkTest,L325,L103,C:\Users\domco\Desktop\DP\repos\pmd\pmd-core\src\test\java\net\sourceforge\pmd\cpd\MarkTest.java,13,1,38,2,0.0,0,0,0,0.0,0.0,0,0,2,0,0,2,4,0,0,12,14,0.0,0.0,0,0,0,3,0.0,0,0,0,0,0,0,22,26,0,0,0,0,2,0,2,0,2,15,0,2,0,22,26,0,0,0,0,2,0,2,0,2,15,0,2,0,0,0,9,0,7,7,0,0,1,0,1,0,7,0,0,0,0,0,0,0,0
202,L3041,MatchTest,net.sourceforge.pmd.cpd.MatchTest,L325,L103,C:\Users\domco\Desktop\DP\repos\pmd\pmd-core\src\test\java\net\sourceforge\pmd\cpd\MatchTest.java,15,1,67,2,0.0,0,0,0,0.0,0.0,0,0,3,0,0,4,5,0,0,15,19,0.0,0.0465116,2,0,0,4,0.0465116,2,0,0,0,0,0,41,53,0,0,0,0,4,0,3,0,4,28,0,3,0,41,53,0,0,0,0,4,0,3,0,4,28,0,3,0,0,0,12,1,12,12,0,0,1,0,0,0,11,0,1,0,0,0,0,0,0
203,L3056,SourceCodeTest,net.sourceforge.pmd.cpd.SourceCodeTest,L325,L103,C:\Users\domco\Desktop\DP\repos\pmd\pmd-core\src\test\java\net\sourceforge\pmd\cpd\SourceCodeTest.java,17,1,59,2,0.0,0,0,0,0.0,0.0,0,0,2,0,0,3,7,0,0,8,11,0.0,0.0645161,2,0,0,4,0.0555556,2,0,0,0,0,0,29,38,2,0,2,0,3,0,3,0,3,13,0,3,0,34,43,19,2,2,0,3,0,3,0,11,13,7,4,0,0,1,17,0,7,7,0,0,1,0,0,0,12,0,1,0,0,0,0,4,0
204,L3074,TokenEntryTest,net.sourceforge.pmd.cpd.TokenEntryTest,L325,L103,C:\Users\domco\Desktop\DP\repos\pmd\pmd-core\src\test\java\net\sourceforge\pmd\cpd\TokenEntryTest.java,11,1,25,2,0.0,0,0,0,0.0,0.0,0,0,2,0,0,2,1,0,0,5,7,0.0,0.0,0,0,0,3,0.0,0,0,0,0,0,0,13,15,0,0,0,0,2,0,2,0,2,6,0,2,0,13,15,0,0,0,0,2,0,2,0,2,6,0,2,0,0,0,8,0,4,4,0,0,1,0,0,0,7,0,0,0,0,0,0,0,0
205,L3080,XMLRendererTest,net.sourceforge.pmd.cpd.XMLRendererTest,L325,L103,C:\Users\domco\Desktop\DP\repos\pmd\pmd-core\src\test\java\net\sourceforge\pmd\cpd\XMLRendererTest.java,27,1,144,2,0.0,0,0,0,0.0,0.0,0,0,2,3,3,15,7,0,0,9,15,0.166667,0.045045,5,5,1,5,0.045045,5,0,0,0,0,0,106,118,1,0,1,0,6,0,5,0,6,74,0,5,0,106,118,1,0,1,0,6,0,5,0,6,74,0,5,0,0,0,16,7,14,17,0,0,1,0,0,3,15,0,1,0,0,0,0,0,0
206,L3112,CPPLanguage,net.sourceforge.pmd.cpd.CPPLanguage,L325,L103,C:\Users\domco\Desktop\DP\repos\pmd\pmd-cpp\src\main\java\net\sourceforge\pmd\cpd\CPPLanguage.java,12,1,33,2,0.0,0,0,0,0.0,0.0,0,0,0,0,0,2,2,0,0,4,6,1.0,0.565217,13,13,3,0,0.565217,13,2,2,0,0,1,10,22,5,5,0,0,2,0,2,1,9,3,0,9,2,10,22,5,5,0,0,2,0,2,1,9,3,0,9,2,0,0,0,0,0,0,0,0,0,0,0,0,0,0,0,0,0,0,0,0,0
207,L3116,CPPTokenizer,net.sourceforge.pmd.cpd.CPPTokenizer,L325,L103,C:\Users\domco\Desktop\DP\repos\pmd\pmd-cpp\src\main\java\net\sourceforge\pmd\cpd\CPPTokenizer.java,27,1,110,2,0.241558,3,6,3,0.130952,0.157143,11,11,1,3,2,14,13,3,3,13,16,0.666667,0.146341,12,11,2,1,0.146341,12,1,1,0,0,1,70,84,10,0,3,0,3,0,2,1,3,43,7,2,1,70,84,10,0,3,0,3,0,2,1,3,43,7,2,1,0,0,21,5,2,6,10,0,0,0,2,0,7,0,1,0,0,0,0,2,0
208,L3176,CPPTokenizerContinuationTest,net.sourceforge.pmd.cpd.CPPTokenizerContinuationTest,L325,L103,C:\Users\domco\Desktop\DP\repos\pmd\pmd-cpp\src\test\java\net\sourceforge\pmd\cpd\CPPTokenizerContinuationTest.java,24,1,127,2,0.0,0,0,0,0.0,0.0,0,0,1,2,2,15,7,0,0,10,19,0.2,0.0681818,6,4,1,4,0.0681818,6,0,0,0,0,0,82,104,0,0,0,0,9,0,4,0,9,51,0,4,0,82,104,0,0,0,0,9,0,4,0,9,51,0,4,0,0,0,22,4,21,22,0,0,0,0,0,3,21,0,0,0,0,0,0,1,0
209,L3214,CPPTokenizerTest,net.sourceforge.pmd.cpd.CPPTokenizerTest,L325,L103,C:\Users\domco\Desktop\DP\repos\pmd\pmd-cpp\src\test\java\net\sourceforge\pmd\cpd\CPPTokenizerTest.java,17,1,155,2,0.0,0,0,0,0.0,0.0,0,0,1,1,1,19,7,0,0,7,25,0.0,0.00877193,1,0,0,16,0.00877193,1,0,0,0,0,0,113,139,5,0,5,0,18,0,15,0,18,46,0,15,0,113,139,5,0,5,0,18,0,15,0,18,46,0,15,0,0,0,39,4,25,24,0,5,0,0,0,0,39,0,0,0,0,0,0,0,0
210,L3255,CsLanguage,net.sourceforge.pmd.cpd.CsLanguage,L325,L103,C:\Users\domco\Desktop\DP\repos\pmd\pmd-cs\src\main\java\net\sourceforge\pmd\cpd\CsLanguage.java,12,1,27,2,0.0,0,0,0,0.0,0.0,0,0,0,0,0,3,2,0,0,3,6,0.25,0.1875,3,3,1,3,0.1875,3,2,2,0,0,1,13,16,5,5,0,0,3,0,3,1,10,5,0,10,2,13,16,5,5,0,0,3,0,3,1,10,5,0,10,2,0,0,9,0,1,1,0,0,0,0,0,0,9,0,0,0,0,0,0,0,1.0
211,L3261,CsTokenizer,net.sourceforge.pmd.cpd.CsTokenizer,L325,L103,C:\Users\domco\Desktop\DP\repos\pmd\pmd-cs\src\main\java\net\sourceforge\pmd\cpd\CsTokenizer.java,22,1,309,2,0.0,0,0,0,0.0,0.0,0,0,1,3,3,11,6,2,14,8,11,0.25,0.372549,19,5,1,3,0.136882,36,1,1,0,0,1,32,55,8,0,1,0,3,0,3,2,3,17,7,3,2,227,288,14,1,7,1,7,3,5,2,7,132,10,5,2,0,0,37,1,4,1,0,0,0,5,0,0,20,0,3,0,0,1,0,12,0
212,L3334,CsTokenizerTest,net.sourceforge.pmd.cpd.CsTokenizerTest,L325,L103,C:\Users\domco\Desktop\DP\repos\pmd\pmd-cs\src\test\java\net\sourceforge\pmd\cpd\CsTokenizerTest.java,15,1,138,2,0.0,0,0,0,0.0,0.0,0,0,1,0,0,15,5,0,0,10,25,0.0,0.0,0,0,0,15,0.0,0,0,0,0,0,0,107,124,2,0,2,0,15,0,14,0,15,44,0,14,0,107,124,2,0,2,0,15,0,14,0,15,44,0,14,0,0,0,33,1,27,27,0,0,0,0,0,0,33,0,1,0,0,0,0,0,0
213,L3359,FortranLanguage,net.sourceforge.pmd.cpd.FortranLanguage,L325,L103,C:\Users\domco\Desktop\DP\repos\pmd\pmd-fortran\src\main\java\net\sourceforge\pmd\cpd\FortranLanguage.java,12,1,19,2,0.0,0,0,0,0.0,0.0,0,0,0,0,0,1,2,0,0,2,3,1.0,0.615385,8,8,2,0,0.615385,8,2,2,0,0,1,5,8,5,5,0,0,1,0,1,0,8,1,0,8,1,5,8,5,5,0,0,1,0,1,0,8,1,0,8,1,0,0,0,0,0,0,0,0,0,0,0,0,0,0,0,0,0,0,0,0,0
214,L3363,FortranTokenizer,net.sourceforge.pmd.cpd.FortranTokenizer,L325,L103,C:\Users\domco\Desktop\DP\repos\pmd\pmd-fortran\src\main\java\net\sourceforge\pmd\cpd\FortranTokenizer.java,14,1,39,2,0.0,0,0,0,0.0,0.0,0,0,0,0,0,1,2,2,2,0,1,1.0,0.433333,13,8,2,0,0.433333,13,2,2,0,0,2,17,26,17,2,0,0,1,0,1,0,9,13,7,2,0,17,26,17,2,0,0,1,0,1,0,9,13,7,2,0,0,0,4,0,3,0,0,3,0,0,0,0,0,0,0,1,0,0,0,3,0
215,L3370,FortranTokenizerTest,net.sourceforge.pmd.cpd.FortranTokenizerTest,L325,L103,C:\Users\domco\Desktop\DP\repos\pmd\pmd-fortran\src\test\java\net\sourceforge\pmd\cpd\FortranTokenizerTest.java,20,1,39,2,0.0,0,0,0,0.0,0.0,0,0,2,0,0,3,4,0,0,4,7,0.25,0.190476,4,4,1,3,0.190476,4,1,1,0,0,1,17,20,3,1,0,1,3,0,3,0,4,5,0,3,0,17,20,3,1,0,1,3,0,3,0,4,5,0,3,0,0,0,10,1,0,1,0,0,1,0,0,0,9,0,0,0,0,0,0,0,0
216,L3392,GoLanguage,net.sourceforge.pmd.cpd.GoLanguage,L325,L103,C:\Users\domco\Desktop\DP\repos\pmd\pmd-go\src\main\java\net\sourceforge\pmd\cpd\GoLanguage.java,12,1,20,2,0.0,0,0,0,0.0,0.0,0,0,0,0,0,1,2,0,0,2,3,1.0,0.615385,8,8,2,0,0.615385,8,2,2,0,0,1,5,9,5,5,0,0,1,0,1,0,8,1,0,8,1,5,9,5,5,0,0,1,0,1,0,8,1,0,8,1,0,0,0,0,0,0,0,0,0,0,0,0,0,0,0,0,0,0,0,0,0
217,L3396,GoTokenizer,net.sourceforge.pmd.cpd.GoTokenizer,L325,L103,C:\Users\domco\Desktop\DP\repos\pmd\pmd-go\src\main\java\net\sourceforge\pmd\cpd\GoTokenizer.java,14,1,32,2,0.0,0,0,0,0.0,0.0,0,0,0,0,0,1,1,1,1,0,1,1.0,0.52381,11,8,2,0,0.52381,11,2,2,0,0,1,10,19,17,2,0,0,1,0,1,0,9,6,7,2,0,10,19,17,2,0,0,1,0,1,0,9,6,7,2,0,0,0,3,0,3,0,0,3,0,0,0,0,0,0,0,0,0,0,0,3,0
218,L3403,GroovyLanguage,net.sourceforge.pmd.cpd.GroovyLanguage,L325,L103,C:\Users\domco\Desktop\DP\repos\pmd\pmd-groovy\src\main\java\net\sourceforge\pmd\cpd\GroovyLanguage.java,10,1,18,2,0.0,0,0,0,0.0,0.0,0,0,0,0,0,1,2,0,0,1,2,1.0,0.545455,6,6,2,0,0.545455,6,2,2,0,0,1,5,9,5,5,0,0,1,0,1,0,8,1,0,8,1,5,9,5,5,0,0,1,0,1,0,8,1,0,8,1,0,0,0,0,0,0,0,0,0,0,0,0,0,0,0,0,0,0,0,0,0
219,L3407,GroovyTokenizer,net.sourceforge.pmd.cpd.GroovyTokenizer,L325,L103,C:\Users\domco\Desktop\DP\repos\pmd\pmd-groovy\src\main\java\net\sourceforge\pmd\cpd\GroovyTokenizer.java,19,1,49,2,0.373016,1,2,1,0.354839,0.318182,11,7,1,2,2,3,4,2,0,5,6,0.5,0.241379,7,3,1,1,0.241379,7,1,1,0,0,1,22,31,7,0,0,0,1,0,1,0,1,11,7,1,0,22,31,7,0,0,0,1,0,1,0,1,11,7,1,0,0,0,17,1,0,1,10,0,0,0,0,0,5,0,0,0,0,0,0,2,0
220,L3416,GroovyTokenizerTest,net.sourceforge.pmd.cpd.GroovyTokenizerTest,L325,L103,C:\Users\domco\Desktop\DP\repos\pmd\pmd-groovy\src\test\java\net\sourceforge\pmd\cpd\GroovyTokenizerTest.java,15,1,36,2,0.0,0,0,0,0.0,0.0,0,0,2,0,0,3,4,0,0,3,6,0.0,0.0,0,0,0,4,0.0,0,1,1,0,0,1,18,22,4,1,1,1,3,0,3,0,4,5,0,3,0,18,22,4,1,1,1,3,0,3,0,4,5,0,3,0,0,0,10,1,0,1,0,0,1,0,0,0,9,0,0,0,0,0,0,0,0
221,L3424,JavaLanguage,net.sourceforge.pmd.cpd.JavaLanguage,L325,L103,C:\Users\domco\Desktop\DP\repos\pmd\pmd-java\src\main\java\net\sourceforge\pmd\cpd\JavaLanguage.java,9,1,23,2,0.0,0,0,0,0.0,0.0,0,0,0,0,0,3,2,0,0,3,6,0.0,0.0,0,0,0,4,0.0,0,2,2,0,0,1,13,15,5,5,0,0,3,0,3,1,10,5,0,10,2,13,15,5,5,0,0,3,0,3,1,10,5,0,10,2,0,0,9,0,1,1,0,0,0,0,0,0,9,0,0,0,0,0,0,0,1.0
222,L3429,JavaTokenizer,net.sourceforge.pmd.cpd.JavaTokenizer,L325,L103,C:\Users\domco\Desktop\DP\repos\pmd\pmd-java\src\main\java\net\sourceforge\pmd\cpd\JavaTokenizer.java,19,1,318,2,0.0,0,0,0,0.0,0.0,0,0,1,2,2,15,13,4,14,18,24,0.0,0.0169492,1,0,0,6,0.12549,32,1,1,0,0,1,58,94,12,0,5,0,6,2,5,4,6,29,9,5,4,223,300,27,0,20,0,19,2,9,4,19,114,9,9,4,0,0,60,0,17,1,0,4,0,3,2,4,48,0,0,0,0,8,0,7,0
223,L3571,CPDCommandLineInterfaceTest,net.sourceforge.pmd.cpd.CPDCommandLineInterfaceTest,L325,L103,C:\Users\domco\Desktop\DP\repos\pmd\pmd-java\src\test\java\net\sourceforge\pmd\cpd\CPDCommandLineInterfaceTest.java,19,1,118,2,0.246231,1,2,2,0.2,0.268657,20,18,1,0,0,7,2,0,0,2,9,0.777778,0.271739,25,22,7,2,0.271739,25,1,1,0,0,1,67,100,3,1,0,0,7,0,7,0,11,33,0,10,0,67,100,3,1,0,0,7,0,7,0,11,33,0,10,0,0,0,20,7,0,0,15,0,0,0,0,0,5,0,7,0,0,0,0,0,0
224,L3601,JavaTokensTokenizerTest,net.sourceforge.pmd.cpd.JavaTokensTokenizerTest,L325,L103,C:\Users\domco\Desktop\DP\repos\pmd\pmd-java\src\test\java\net\sourceforge\pmd\cpd\JavaTokensTokenizerTest.java,17,1,270,2,0.140426,1,2,2,0.11811,0.137615,30,30,17,0,0,17,7,0,0,11,28,0.0,0.0480349,11,0,0,18,0.0480349,11,0,0,0,0,0,218,254,0,0,0,0,17,0,17,0,17,120,0,17,0,218,254,0,0,0,0,17,0,17,0,17,120,0,17,0,0,0,53,8,29,29,14,0,1,0,0,0,37,0,8,0,0,0,0,1,0
225,L3623,MatchAlgorithmTest,net.sourceforge.pmd.cpd.MatchAlgorithmTest,L325,L103,C:\Users\domco\Desktop\DP\repos\pmd\pmd-java\src\test\java\net\sourceforge\pmd\cpd\MatchAlgorithmTest.java,18,1,89,2,0.306849,1,2,2,0.277778,0.258065,20,16,1,0,0,3,9,0,0,14,17,0.0,0.0,0,0,0,3,0.0,0,0,0,0,0,0,62,72,8,1,8,1,3,0,2,0,3,43,0,2,0,62,72,8,1,8,1,3,0,2,0,3,43,0,2,0,0,0,27,1,13,13,15,0,0,0,2,0,9,0,1,0,0,0,0,1,0
226,L3650,EcmascriptLanguage,net.sourceforge.pmd.cpd.EcmascriptLanguage,L325,L103,C:\Users\domco\Desktop\DP\repos\pmd\pmd-javascript\src\main\java\net\sourceforge\pmd\cpd\EcmascriptLanguage.java,11,1,15,2,0.0,0,0,0,0.0,0.0,0,0,0,0,0,1,2,0,0,1,2,0.5,0.444444,4,4,1,1,0.444444,4,2,2,0,0,1,5,5,5,5,0,0,1,0,1,0,8,1,0,8,1,5,5,5,5,0,0,1,0,1,0,8,1,0,8,1,0,0,3,0,0,0,0,0,0,0,0,0,3,0,0,0,0,0,0,0,0
227,L3653,EcmascriptTokenizer,net.sourceforge.pmd.cpd.EcmascriptTokenizer,L325,L103,C:\Users\domco\Desktop\DP\repos\pmd\pmd-javascript\src\main\java\net\sourceforge\pmd\cpd\EcmascriptTokenizer.java,23,1,61,2,0.0,0,0,0,0.0,0.0,0,0,1,2,2,6,11,2,0,12,14,0.5,0.1,4,3,1,1,0.1,4,1,1,0,0,1,36,39,7,1,0,1,2,0,1,0,2,19,7,1,0,36,39,7,1,0,1,2,0,1,0,2,19,7,1,0,0,0,11,3,1,4,0,0,0,0,2,0,7,0,0,0,0,0,0,2,0
228,L3667,CPDCommandLineInterfaceTest,net.sourceforge.pmd.cpd.CPDCommandLineInterfaceTest,L325,L103,C:\Users\domco\Desktop\DP\repos\pmd\pmd-javascript\src\test\java\net\sourceforge\pmd\cpd\CPDCommandLineInterfaceTest.java,12,1,31,2,0.0,0,0,0,0.0,0.0,0,0,1,0,0,2,1,0,0,2,4,0.0,0.0,0,0,0,4,0.0,0,1,1,0,0,1,17,20,3,1,0,0,2,0,2,0,6,6,0,5,0,17,20,3,1,0,0,2,0,2,0,6,6,0,5,0,0,0,7,0,0,0,0,0,0,0,0,0,7,0,0,0,0,0,0,0,0
229,L3673,EcmascriptTokenizerTest,net.sourceforge.pmd.cpd.EcmascriptTokenizerTest,L325,L103,C:\Users\domco\Desktop\DP\repos\pmd\pmd-javascript\src\test\java\net\sourceforge\pmd\cpd\EcmascriptTokenizerTest.java,17,1,145,2,0.25498,1,2,2,0.170543,0.19469,22,22,6,0,0,8,7,0,0,7,15,0.142857,0.0661157,8,8,1,6,0.0661157,8,0,0,0,0,0,113,129,0,2,0,2,8,0,6,0,8,62,0,6,0,113,129,0,2,0,2,8,0,6,0,8,62,0,6,0,0,0,35,1,30,17,17,0,1,0,0,0,17,0,1,0,0,13,0,0,0
230,L3688,JSPLanguage,net.sourceforge.pmd.cpd.JSPLanguage,L325,L103,C:\Users\domco\Desktop\DP\repos\pmd\pmd-jsp\src\main\java\net\sourceforge\pmd\cpd\JSPLanguage.java,7,1,11,2,0.0,0,0,0,0.0,0.0,0,0,0,0,0,1,2,0,0,1,2,0.0,0.0,0,0,0,2,0.0,0,2,2,0,0,1,5,5,5,5,0,0,1,0,1,0,8,1,0,8,1,5,5,5,5,0,0,1,0,1,0,8,1,0,8,1,0,0,5,0,0,0,0,0,0,0,0,0,5,0,0,0,0,0,0,0,0
231,L3690,JSPTokenizer,net.sourceforge.pmd.cpd.JSPTokenizer,L325,L103,C:\Users\domco\Desktop\DP\repos\pmd\pmd-jsp\src\main\java\net\sourceforge\pmd\cpd\JSPTokenizer.java,19,1,44,2,0.984733,1,2,1,0.884615,0.913043,23,21,1,2,2,2,12,1,0,13,14,0.0,0.0,0,0,0,2,0.0,0,1,1,0,0,1,23,26,7,0,0,0,1,0,1,0,1,13,7,1,0,23,26,7,0,0,0,1,0,1,0,1,13,7,1,0,0,0,21,0,2,2,12,0,0,0,2,0,5,0,0,0,0,0,0,2,1.0
232,L3700,MatlabLanguage,net.sourceforge.pmd.cpd.MatlabLanguage,L325,L103,C:\Users\domco\Desktop\DP\repos\pmd\pmd-matlab\src\main\java\net\sourceforge\pmd\cpd\MatlabLanguage.java,10,1,19,2,0.0,0,0,0,0.0,0.0,0,0,0,0,0,1,2,0,0,1,2,1.0,0.583333,7,7,2,0,0.583333,7,2,2,0,0,1,5,10,5,5,0,0,1,0,1,0,8,1,0,8,1,5,10,5,5,0,0,1,0,1,0,8,1,0,8,1,0,0,0,0,0,0,0,0,0,0,0,0,0,0,0,0,0,0,0,0,0
233,L3704,MatlabTokenizer,net.sourceforge.pmd.cpd.MatlabTokenizer,L325,L103,C:\Users\domco\Desktop\DP\repos\pmd\pmd-matlab\src\main\java\net\sourceforge\pmd\cpd\MatlabTokenizer.java,23,1,52,2,0.668571,4,8,4,0.466667,0.482759,14,14,1,2,2,3,12,2,0,13,14,0.5,0.09375,3,3,1,1,0.09375,3,1,1,0,0,1,29,30,7,0,0,0,1,0,1,0,1,17,7,1,0,29,30,7,0,0,0,1,0,1,0,1,17,7,1,0,0,0,20,3,1,4,11,0,0,0,2,0,5,0,0,0,0,0,0,2,0
234,L3715,MatlabTokenizerTest,net.sourceforge.pmd.cpd.MatlabTokenizerTest,L325,L103,C:\Users\domco\Desktop\DP\repos\pmd\pmd-matlab\src\test\java\net\sourceforge\pmd\cpd\MatlabTokenizerTest.java,15,1,36,2,0.0,0,0,0,0.0,0.0,0,0,2,0,0,3,4,0,0,3,6,0.0,0.0,0,0,0,4,0.0,0,1,1,0,0,1,18,22,4,1,1,1,3,0,3,0,4,5,0,3,0,18,22,4,1,1,1,3,0,3,0,4,5,0,3,0,0,0,10,1,0,1,0,0,1,0,0,0,9,0,0,0,0,0,0,0,0
235,L3723,ObjectiveCLanguage,net.sourceforge.pmd.cpd.ObjectiveCLanguage,L325,L103,C:\Users\domco\Desktop\DP\repos\pmd\pmd-objectivec\src\main\java\net\sourceforge\pmd\cpd\ObjectiveCLanguage.java,10,1,19,2,0.0,0,0,0,0.0,0.0,0,0,0,0,0,1,2,0,0,1,2,1.0,0.583333,7,7,2,0,0.583333,7,2,2,0,0,1,5,10,5,5,0,0,1,0,1,0,8,1,0,8,1,5,10,5,5,0,0,1,0,1,0,8,1,0,8,1,0,0,0,0,0,0,0,0,0,0,0,0,0,0,0,0,0,0,0,0,0
236,L3727,ObjectiveCTokenizer,net.sourceforge.pmd.cpd.ObjectiveCTokenizer,L325,L103,C:\Users\domco\Desktop\DP\repos\pmd\pmd-objectivec\src\main\java\net\sourceforge\pmd\cpd\ObjectiveCTokenizer.java,22,1,50,2,0.508982,1,2,1,0.344828,0.357143,10,10,1,2,2,3,11,4,0,12,13,0.5,0.0967742,3,3,1,1,0.0967742,3,1,1,0,0,1,28,29,7,0,0,0,1,0,1,0,1,16,7,1,0,28,29,7,0,0,0,1,0,1,0,1,16,7,1,0,0,0,20,3,1,4,11,0,0,0,2,0,5,0,0,0,0,0,0,2,0
237,L3738,ObjectiveCTokenizerTest,net.sourceforge.pmd.cpd.ObjectiveCTokenizerTest,L325,L103,C:\Users\domco\Desktop\DP\repos\pmd\pmd-objectivec\src\test\java\net\sourceforge\pmd\cpd\ObjectiveCTokenizerTest.java,15,1,36,2,0.0,0,0,0,0.0,0.0,0,0,2,0,0,3,4,0,0,3,6,0.0,0.0,0,0,0,4,0.0,0,1,1,0,0,1,18,22,4,1,1,1,3,0,3,0,4,5,0,3,0,18,22,4,1,1,1,3,0,3,0,4,5,0,3,0,0,0,10,1,0,1,0,0,1,0,0,0,9,0,0,0,0,0,0,0,0
238,L3746,UnicodeObjectiveCTokenizerTest,net.sourceforge.pmd.cpd.UnicodeObjectiveCTokenizerTest,L325,L103,C:\Users\domco\Desktop\DP\repos\pmd\pmd-objectivec\src\test\java\net\sourceforge\pmd\cpd\UnicodeObjectiveCTokenizerTest.java,16,1,37,2,0.0,0,0,0,0.0,0.0,0,0,2,0,0,3,4,0,0,3,6,0.25,0.0526316,1,1,1,3,0.0526316,1,1,1,0,0,1,18,22,4,1,1,1,3,0,3,0,4,5,0,3,0,18,22,4,1,1,1,3,0,3,0,4,5,0,3,0,0,0,10,1,0,1,0,0,1,0,0,0,9,0,0,0,0,0,0,0,0
239,L3755,UTF8EscapesInStringLiteralObjCTokenizerTest,net.sourceforge.pmd.cpd.UTF8EscapesInStringLiteralObjCTokenizerTest,L325,L103,C:\Users\domco\Desktop\DP\repos\pmd\pmd-objectivec\src\test\java\net\sourceforge\pmd\cpd\UTF8EscapesInStringLiteralObjCTokenizerTest.java,16,1,37,2,0.0,0,0,0,0.0,0.0,0,0,2,0,0,3,4,0,0,3,6,0.25,0.0526316,1,1,1,3,0.0526316,1,1,1,0,0,1,18,22,4,1,1,1,3,0,3,0,4,5,0,3,0,18,22,4,1,1,1,3,0,3,0,4,5,0,3,0,0,0,10,1,0,1,0,0,1,0,0,0,9,0,0,0,0,0,0,0,0
240,L3764,PerlLanguage,net.sourceforge.pmd.cpd.PerlLanguage,L325,L103,C:\Users\domco\Desktop\DP\repos\pmd\pmd-perl\src\main\java\net\sourceforge\pmd\cpd\PerlLanguage.java,7,1,11,2,0.0,0,0,0,0.0,0.0,0,0,0,0,0,1,2,0,0,2,3,0.0,0.0,0,0,0,2,0.0,0,2,2,0,0,1,5,5,5,5,0,0,1,0,1,0,8,1,0,8,1,5,5,5,5,0,0,1,0,1,0,8,1,0,8,1,0,0,5,0,0,0,0,0,0,0,0,0,5,0,0,0,0,0,0,0,0
241,L3766,PerlTokenizer,net.sourceforge.pmd.cpd.PerlTokenizer,L325,L103,C:\Users\domco\Desktop\DP\repos\pmd\pmd-perl\src\main\java\net\sourceforge\pmd\cpd\PerlTokenizer.java,9,1,21,2,0.0,0,0,0,0.0,0.0,0,0,0,0,0,1,1,1,1,0,1,0.0,0.0,0,0,0,2,0.0,0,2,2,0,0,1,10,13,17,2,0,0,1,0,1,0,9,6,7,2,0,10,13,17,2,0,0,1,0,1,0,9,6,7,2,0,0,0,8,0,0,0,0,0,0,0,0,0,5,0,0,0,0,0,0,3,0
242,L3771,PHPLanguage,net.sourceforge.pmd.cpd.PHPLanguage,L325,L103,C:\Users\domco\Desktop\DP\repos\pmd\pmd-php\src\main\java\net\sourceforge\pmd\cpd\PHPLanguage.java,10,1,18,2,0.0,0,0,0,0.0,0.0,0,0,0,0,0,1,2,0,0,1,2,1.0,0.545455,6,6,2,0,0.545455,6,2,2,0,0,1,5,9,5,5,0,0,1,0,1,0,8,1,0,8,1,5,9,5,5,0,0,1,0,1,0,8,1,0,8,1,0,0,0,0,0,0,0,0,0,0,0,0,0,0,0,0,0,0,0,0,0
243,L3775,PHPTokenizer,net.sourceforge.pmd.cpd.PHPTokenizer,L325,L103,C:\Users\domco\Desktop\DP\repos\pmd\pmd-php\src\main\java\net\sourceforge\pmd\cpd\PHPTokenizer.java,12,1,28,2,0.0,0,0,0,0.0,0.0,0,0,1,3,3,7,4,1,0,5,6,0.5,0.157895,3,3,1,1,0.157895,3,1,1,0,0,1,16,17,7,0,0,0,1,0,1,0,1,12,7,1,0,16,17,7,0,0,0,1,0,1,0,1,12,7,1,0,0,0,7,0,0,0,0,0,0,0,0,0,5,0,0,0,0,0,0,2,0
244,L3784,PLSQLLanguage,net.sourceforge.pmd.cpd.PLSQLLanguage,L325,L103,C:\Users\domco\Desktop\DP\repos\pmd\pmd-plsql\src\main\java\net\sourceforge\pmd\cpd\PLSQLLanguage.java,13,1,31,2,0.0,0,0,0,0.0,0.0,0,0,0,0,0,2,2,0,0,3,5,0.333333,0.37931,11,4,1,2,0.37931,11,2,2,0,0,1,18,19,5,5,0,0,2,0,2,1,9,2,0,9,2,18,19,5,5,0,0,2,0,2,1,9,2,0,9,2,0,0,3,0,0,0,0,0,0,0,0,0,3,0,0,0,0,0,0,0,0
245,L3787,PLSQLTokenizer,net.sourceforge.pmd.cpd.PLSQLTokenizer,L325,L103,C:\Users\domco\Desktop\DP\repos\pmd\pmd-plsql\src\main\java\net\sourceforge\pmd\cpd\PLSQLTokenizer.java,17,1,116,2,0.0,0,0,0,0.0,0.0,0,0,1,2,2,24,4,2,1,5,10,0.166667,0.188235,16,10,1,5,0.188235,16,1,1,0,0,1,69,100,14,0,7,0,5,3,5,4,5,31,10,5,4,69,100,14,0,7,0,5,3,5,4,5,31,10,5,4,0,0,17,0,1,0,0,0,0,1,0,1,11,0,0,0,0,0,0,5,0
246,L3825,PLSQLTokenizerTest,net.sourceforge.pmd.cpd.PLSQLTokenizerTest,L325,L103,C:\Users\domco\Desktop\DP\repos\pmd\pmd-plsql\src\test\java\net\sourceforge\pmd\cpd\PLSQLTokenizerTest.java,15,1,40,2,0.0,0,0,0,0.0,0.0,0,0,3,0,0,4,4,0,0,3,7,0.0,0.0,0,0,0,5,0.0,0,1,1,0,0,1,21,26,4,1,1,1,4,0,4,0,5,6,0,4,0,21,26,4,1,1,1,4,0,4,0,5,6,0,4,0,0,0,12,1,0,1,0,0,1,0,0,0,11,0,0,0,0,0,0,0,0
247,L3836,PythonLanguage,net.sourceforge.pmd.cpd.PythonLanguage,L325,L103,C:\Users\domco\Desktop\DP\repos\pmd\pmd-python\src\main\java\net\sourceforge\pmd\cpd\PythonLanguage.java,10,1,19,2,0.0,0,0,0,0.0,0.0,0,0,0,0,0,1,2,0,0,1,2,1.0,0.583333,7,7,2,0,0.583333,7,2,2,0,0,1,5,10,5,5,0,0,1,0,1,0,8,1,0,8,1,5,10,5,5,0,0,1,0,1,0,8,1,0,8,1,0,0,0,0,0,0,0,0,0,0,0,0,0,0,0,0,0,0,0,0,0
248,L3840,PythonTokenizer,net.sourceforge.pmd.cpd.PythonTokenizer,L325,L103,C:\Users\domco\Desktop\DP\repos\pmd\pmd-python\src\main\java\net\sourceforge\pmd\cpd\PythonTokenizer.java,23,1,52,2,0.615385,2,4,2,0.433333,0.448276,13,13,1,2,2,3,12,2,0,13,14,0.5,0.09375,3,3,1,1,0.09375,3,1,1,0,0,1,29,30,7,0,0,0,1,0,1,0,1,17,7,1,0,29,30,7,0,0,0,1,0,1,0,1,17,7,1,0,0,0,20,3,1,4,11,0,0,0,2,0,5,0,0,0,0,0,0,2,0
249,L3851,PythonTokenizerTest,net.sourceforge.pmd.cpd.PythonTokenizerTest,L325,L103,C:\Users\domco\Desktop\DP\repos\pmd\pmd-python\src\test\java\net\sourceforge\pmd\cpd\PythonTokenizerTest.java,15,1,36,2,0.0,0,0,0,0.0,0.0,0,0,2,0,0,3,4,0,0,3,6,0.0,0.0,0,0,0,4,0.0,0,1,1,0,0,1,18,22,4,1,1,1,3,0,3,0,4,5,0,3,0,18,22,4,1,1,1,3,0,3,0,4,5,0,3,0,0,0,10,1,0,1,0,0,1,0,0,0,9,0,0,0,0,0,0,0,0
250,L3859,RubyLanguage,net.sourceforge.pmd.cpd.RubyLanguage,L325,L103,C:\Users\domco\Desktop\DP\repos\pmd\pmd-ruby\src\main\java\net\sourceforge\pmd\cpd\RubyLanguage.java,12,1,20,2,0.0,0,0,0,0.0,0.0,0,0,0,0,0,1,2,0,0,2,3,1.0,0.615385,8,8,2,0,0.615385,8,2,2,0,0,1,5,9,5,5,0,0,1,0,1,0,8,1,0,8,1,5,9,5,5,0,0,1,0,1,0,8,1,0,8,1,0,0,0,0,0,0,0,0,0,0,0,0,0,0,0,0,0,0,0,0,0
251,L3863,RubyTokenizer,net.sourceforge.pmd.cpd.RubyTokenizer,L325,L103,C:\Users\domco\Desktop\DP\repos\pmd\pmd-ruby\src\main\java\net\sourceforge\pmd\cpd\RubyTokenizer.java,14,1,39,2,0.0,0,0,0,0.0,0.0,0,0,0,0,0,1,1,2,2,0,1,1.0,0.37931,11,8,2,0,0.37931,11,2,2,0,0,1,18,26,17,2,0,0,1,0,1,0,9,14,7,2,0,18,26,17,2,0,0,1,0,1,0,9,14,7,2,0,0,0,3,0,0,0,0,0,0,0,0,0,0,0,0,0,0,0,0,3,0
252,L3870,RubyTokenizerTest,net.sourceforge.pmd.cpd.RubyTokenizerTest,L325,L103,C:\Users\domco\Desktop\DP\repos\pmd\pmd-ruby\src\test\java\net\sourceforge\pmd\cpd\RubyTokenizerTest.java,16,1,39,2,0.0,0,0,0,0.0,0.0,0,0,2,1,1,4,4,0,0,4,7,0.0,0.0,0,0,0,4,0.0,0,1,1,0,0,1,21,24,3,1,0,1,3,0,3,0,4,7,0,3,0,21,24,3,1,0,1,3,0,3,0,4,7,0,3,0,0,0,10,2,0,1,0,0,1,0,0,1,9,0,0,0,0,0,0,0,0
253,L3880,ScalaLanguage,net.sourceforge.pmd.cpd.ScalaLanguage,L325,L103,C:\Users\domco\Desktop\DP\repos\pmd\pmd-scala\src\main\java\net\sourceforge\pmd\cpd\ScalaLanguage.java,12,1,20,2,0.0,0,0,0,0.0,0.0,0,0,0,0,0,1,2,0,0,1,2,1.0,0.545455,6,6,2,0,0.545455,6,2,2,0,0,1,5,9,5,5,0,0,1,0,1,0,8,1,0,8,1,5,9,5,5,0,0,1,0,1,0,8,1,0,8,1,0,0,0,0,0,0,0,0,0,0,0,0,0,0,0,0,0,0,0,0,0
254,L3889,ScalaTokenizerTest,net.sourceforge.pmd.cpd.ScalaTokenizerTest,L325,L103,C:\Users\domco\Desktop\DP\repos\pmd\pmd-scala\src\test\java\net\sourceforge\pmd\cpd\ScalaTokenizerTest.java,19,1,57,2,0.0,0,0,0,0.0,0.0,0,0,2,0,0,5,4,0,0,3,8,0.0,0.0,0,0,0,5,0.0,0,1,1,0,0,1,30,39,6,1,3,1,5,0,4,0,6,10,0,4,0,30,39,6,1,3,1,5,0,4,0,6,10,0,4,0,0,0,14,1,0,1,0,0,1,0,0,0,13,0,0,0,0,0,0,0,0
255,L3906,SwiftLanguage,net.sourceforge.pmd.cpd.SwiftLanguage,L325,L103,C:\Users\domco\Desktop\DP\repos\pmd\pmd-swift\src\main\java\net\sourceforge\pmd\cpd\SwiftLanguage.java,10,1,18,2,0.0,0,0,0,0.0,0.0,0,0,0,0,0,1,2,0,0,1,2,1.0,0.545455,6,6,2,0,0.545455,6,2,2,0,0,1,5,9,5,5,0,0,1,0,1,0,8,1,0,8,1,5,9,5,5,0,0,1,0,1,0,8,1,0,8,1,0,0,0,0,0,0,0,0,0,0,0,0,0,0,0,0,0,0,0,0,0
256,L3910,SwiftTokenizer,net.sourceforge.pmd.cpd.SwiftTokenizer,L325,L103,C:\Users\domco\Desktop\DP\repos\pmd\pmd-swift\src\main\java\net\sourceforge\pmd\cpd\SwiftTokenizer.java,20,1,82,2,0.239796,1,2,1,0.174603,0.142857,11,7,1,3,3,4,6,2,0,7,8,0.5,0.212121,7,3,1,1,0.125,7,1,1,0,0,1,26,37,7,0,0,0,1,0,1,0,1,14,7,1,0,49,63,10,2,3,2,5,0,4,0,5,20,7,4,0,0,0,31,1,0,1,9,0,0,0,0,0,19,0,0,0,0,0,0,3,0
257,L3949,SwiftTokenizerTest,net.sourceforge.pmd.cpd.SwiftTokenizerTest,L325,L103,C:\Users\domco\Desktop\DP\repos\pmd\pmd-swift\src\test\java\net\sourceforge\pmd\cpd\SwiftTokenizerTest.java,15,1,36,2,0.0,0,0,0,0.0,0.0,0,0,2,0,0,3,4,0,0,3,6,0.0,0.0,0,0,0,4,0.0,0,1,1,0,0,1,18,22,4,1,1,1,3,0,3,0,4,5,0,3,0,18,22,4,1,1,1,3,0,3,0,4,5,0,3,0,0,0,10,1,0,1,0,0,1,0,0,0,9,0,0,0,0,0,0,0,0
258,L3957,VfLanguage,net.sourceforge.pmd.cpd.VfLanguage,L325,L103,C:\Users\domco\Desktop\DP\repos\pmd\pmd-visualforce\src\main\java\net\sourceforge\pmd\cpd\VfLanguage.java,11,1,15,2,0.0,0,0,0,0.0,0.0,0,0,0,0,0,1,2,0,0,1,2,0.5,0.444444,4,4,1,1,0.444444,4,2,2,0,0,1,5,5,5,5,0,0,1,0,1,0,8,1,0,8,1,5,5,5,5,0,0,1,0,1,0,8,1,0,8,1,0,0,3,0,0,0,0,0,0,0,0,0,3,0,0,0,0,0,0,0,0
259,L3960,VfTokenizer,net.sourceforge.pmd.cpd.VfTokenizer,L325,L103,C:\Users\domco\Desktop\DP\repos\pmd\pmd-visualforce\src\main\java\net\sourceforge\pmd\cpd\VfTokenizer.java,23,1,48,2,0.984733,1,2,1,0.884615,0.913043,23,21,1,2,2,2,12,1,0,13,14,0.5,0.148148,4,4,1,1,0.148148,4,1,1,0,0,1,23,26,7,0,0,0,1,0,1,0,1,13,7,1,0,23,26,7,0,0,0,1,0,1,0,1,13,7,1,0,0,0,21,0,2,2,12,0,0,0,2,0,5,0,0,0,0,0,0,2,1.0
260,L4011,AbstractLanguageVersionHandler,net.sourceforge.pmd.lang.AbstractLanguageVersionHandler,L3971,L103,C:\Users\domco\Desktop\DP\repos\pmd\pmd-core\src\main\java\net\sourceforge\pmd\lang\AbstractLanguageVersionHandler.java,16,1,67,2,0.0,0,0,0,0.0,0.0,0,0,0,0,0,10,6,14,0,0,10,0.0909091,0.106383,5,5,1,10,0.106383,5,1,1,14,15,1,42,52,0,12,0,10,10,0,10,0,12,10,0,12,0,42,52,0,12,0,10,10,0,10,0,12,10,0,12,0,0,0,26,1,0,0,0,1,0,0,0,0,23,0,0,1,0,0,0,2,0
261,L4091,AbstractParser,net.sourceforge.pmd.lang.AbstractParser,L3971,L103,C:\Users\domco\Desktop\DP\repos\pmd\pmd-core\src\main\java\net\sourceforge\pmd\lang\AbstractParser.java,14,1,34,2,0.0,0,0,0,0.0,0.0,0,0,0,0,0,4,3,16,13,1,5,0.25,0.227273,5,5,1,3,0.227273,5,1,1,14,15,1,17,21,1,3,1,2,4,0,3,0,7,5,0,6,0,17,21,1,3,1,2,4,0,3,0,7,5,0,6,0,0,0,12,0,0,0,0,0,0,0,0,0,11,0,0,1,0,0,0,0,0
262,L4072,BaseLanguageModule,net.sourceforge.pmd.lang.BaseLanguageModule,L3971,L103,C:\Users\domco\Desktop\DP\repos\pmd\pmd-core\src\main\java\net\sourceforge\pmd\lang\BaseLanguageModule.java,17,1,126,2,0.0,0,0,0,0.0,0.0,0,0,2,1,1,24,3,25,25,2,18,0.0625,0.03125,3,3,1,15,0.03125,3,1,1,25,25,1,93,110,8,8,7,8,16,0,15,0,16,32,1,15,0,93,110,8,8,7,8,16,0,15,0,16,32,1,15,0,0,0,41,0,0,0,0,0,1,0,0,0,35,0,0,1,0,0,0,4,0
263,L11573,LanguageFilenameFilter,net.sourceforge.pmd.lang.LanguageFilenameFilter,L3971,L103,C:\Users\domco\Desktop\DP\repos\pmd\pmd-core\src\main\java\net\sourceforge\pmd\lang\LanguageFilenameFilter.java,20,1,81,2,0.0,0,0,0,0.0,0.0,0,0,1,3,3,11,1,3,5,1,5,0.8,0.365079,23,22,4,1,0.365079,23,0,0,0,0,0,40,62,1,0,1,0,4,0,4,0,4,22,0,4,0,40,62,1,0,1,0,4,0,4,0,4,22,0,4,0,0,1,5,0,0,0,0,0,0,0,0,0,5,0,1,0,0,0,0,0,0
264,L11595,LanguageRegistry,net.sourceforge.pmd.lang.LanguageRegistry,L3971,L103,C:\Users\domco\Desktop\DP\repos\pmd\pmd-core\src\main\java\net\sourceforge\pmd\lang\LanguageRegistry.java,22,1,169,2,0.186916,1,3,1,0.168919,0.15,25,18,3,2,2,32,2,115,193,8,20,0.166667,0.100775,13,8,2,10,0.0977444,13,0,0,0,0,0,116,144,2,4,2,4,12,0,11,0,12,67,0,11,0,120,148,2,4,2,4,13,0,12,0,13,68,0,12,0,0,0,53,1,1,1,22,0,1,0,0,1,30,0,0,0,0,0,0,0,0
265,L8589,LanguageVersion,net.sourceforge.pmd.lang.LanguageVersion,L3971,L103,C:\Users\domco\Desktop\DP\repos\pmd\pmd-core\src\main\java\net\sourceforge\pmd\lang\LanguageVersion.java,10,1,93,2,0.0,0,0,0,0.0,0.0,0,0,1,1,1,19,2,96,91,3,12,0.4,0.28,21,21,4,6,0.28,21,0,0,0,0,0,54,84,3,6,3,6,9,0,9,0,9,24,0,9,0,54,84,3,6,3,6,9,0,9,0,9,24,0,9,0,0,0,14,0,0,0,0,0,0,0,0,0,13,0,0,0,0,0,0,1,0
266,L11688,LanguageVersionDiscoverer,net.sourceforge.pmd.lang.LanguageVersionDiscoverer,L3971,L103,C:\Users\domco\Desktop\DP\repos\pmd\pmd-core\src\main\java\net\sourceforge\pmd\lang\LanguageVersionDiscoverer.java,17,1,116,2,0.0,0,0,0,0.0,0.0,0,0,0,1,1,11,3,8,12,3,10,1.0,0.55102,54,54,7,0,0.55102,54,0,0,0,0,0,44,100,1,6,1,6,7,0,6,1,7,22,0,6,1,44,100,1,6,1,6,7,0,6,1,7,22,0,6,1,0,0,3,0,1,0,0,0,0,0,0,1,2,0,0,0,0,0,0,1,0
267,L4043,ParserOptions,net.sourceforge.pmd.lang.ParserOptions,L3971,L103,C:\Users\domco\Desktop\DP\repos\pmd\pmd-core\src\main\java\net\sourceforge\pmd\lang\ParserOptions.java,13,1,40,2,0.0,0,0,0,0.0,0.0,0,0,1,1,1,8,0,54,15,0,4,0.2,0.2,6,6,1,4,0.2,6,0,0,3,3,0,24,28,1,1,1,1,4,0,4,1,4,9,0,4,1,24,28,1,1,1,1,4,0,4,1,4,9,0,4,1,0,0,11,0,0,0,0,0,0,0,0,0,11,0,0,0,0,0,0,0,0
268,L13757,BaseLanguageModuleTest,net.sourceforge.pmd.lang.BaseLanguageModuleTest,L3971,L103,C:\Users\domco\Desktop\DP\repos\pmd\pmd-core\src\test\java\net\sourceforge\pmd\lang\BaseLanguageModuleTest.java,10,1,32,2,0.0,0,0,0,0.0,0.0,0,0,2,0,0,2,3,0,0,2,4,0.0,0.0,0,0,0,3,0.0,0,0,0,0,0,0,18,23,0,0,0,0,2,0,2,0,2,10,0,2,0,18,23,0,0,0,0,2,0,2,0,2,10,0,2,0,0,0,8,0,0,0,0,0,1,0,0,0,7,0,0,0,0,0,0,0,0
269,L13765,Dummy2LanguageModule,net.sourceforge.pmd.lang.Dummy2LanguageModule,L3971,L103,C:\Users\domco\Desktop\DP\repos\pmd\pmd-core\src\test\java\net\sourceforge\pmd\lang\Dummy2LanguageModule.java,10,1,19,2,0.0,0,0,0,0.0,0.0,0,0,0,0,0,1,3,3,2,2,3,0.5,0.272727,3,3,1,1,0.272727,3,2,2,0,0,1,8,10,10,8,2,0,1,2,1,0,17,2,3,16,0,8,10,10,8,2,0,1,2,1,0,17,2,3,16,0,0,0,7,0,0,0,0,0,0,0,0,0,3,0,0,0,0,0,0,4,0
270,L13760,DummyLanguageModule,net.sourceforge.pmd.lang.DummyLanguageModule,L3971,L103,C:\Users\domco\Desktop\DP\repos\pmd\pmd-core\src\test\java\net\sourceforge\pmd\lang\DummyLanguageModule.java,27,1,119,2,0.816254,4,6,4,0.677419,0.728395,63,59,0,0,0,1,3,12,4,2,3,0.5,0.157895,3,3,1,1,0.0357143,3,2,2,0,0,1,16,21,10,8,2,0,1,2,1,0,17,10,3,16,0,81,93,26,35,2,3,11,2,6,0,67,33,3,53,2,0,1,124,0,0,0,75,0,2,0,0,0,40,0,1,0,0,0,0,7,1.0
271,L13841,LanguageRegistryTest,net.sourceforge.pmd.lang.LanguageRegistryTest,L3971,L103,C:\Users\domco\Desktop\DP\repos\pmd\pmd-core\src\test\java\net\sourceforge\pmd\lang\LanguageRegistryTest.java,10,1,33,2,0.0,0,0,0,0.0,0.0,0,0,0,0,0,2,4,0,0,4,6,0.0,0.1,2,0,0,3,0.1,2,0,0,0,0,0,18,24,0,2,0,2,2,0,2,0,2,10,0,2,0,18,24,0,2,0,2,2,0,2,0,2,10,0,2,0,0,0,5,0,0,0,0,0,0,0,0,0,5,0,0,0,0,0,0,0,0
272,L35337,ParserOptionsTest,net.sourceforge.pmd.lang.ParserOptionsTest,L3971,L103,C:\Users\domco\Desktop\DP\repos\pmd\pmd-test\src\main\java\net\sourceforge\pmd\lang\ParserOptionsTest.java,13,1,94,2,0.0,0,0,0,0.0,0.0,0,0,2,0,0,3,1,2,2,4,7,1.0,0.324675,25,22,4,0,0.324675,25,0,0,0,0,0,52,82,0,0,0,0,3,0,3,0,3,41,0,3,0,52,82,0,0,0,0,3,0,3,0,3,41,0,3,0,0,0,3,1,0,0,0,0,1,0,0,0,2,0,1,0,0,0,0,0,0
273,L38793,Formatter,net.sourceforge.pmd.ant.Formatter,L38775,L103,C:\Users\domco\Desktop\DP\repos\pmd\pmd-core\src\main\java\net\sourceforge\pmd\ant\Formatter.java,33,1,236,2,0.0,0,0,0,0.0,0.0,0,0,1,4,4,40,3,3,4,6,23,0.0,0.0449438,8,1,0,11,0.0449438,8,0,0,0,0,0,170,204,7,4,7,4,17,0,10,4,17,94,0,10,4,170,204,7,4,7,4,17,0,10,4,17,94,0,10,4,0,6,40,0,5,1,0,4,0,2,0,0,37,0,5,0,0,1,0,1,0
274,L38902,PMDTask,net.sourceforge.pmd.ant.PMDTask,L38775,L103,C:\Users\domco\Desktop\DP\repos\pmd\pmd-core\src\main\java\net\sourceforge\pmd\ant\PMDTask.java,20,1,257,2,0.0,0,0,0,0.0,0.0,0,0,9,3,3,53,4,1,1,6,49,0.0,0.0,0,0,0,42,0.0,0,0,0,0,0,0,192,238,18,15,18,15,43,0,41,16,43,73,0,41,16,192,238,18,15,18,15,43,0,41,16,43,73,0,41,16,0,0,102,0,1,0,0,0,1,0,0,0,89,0,0,0,0,1,0,12,0
275,L39112,RuleSetWrapper,net.sourceforge.pmd.ant.RuleSetWrapper,L38775,L103,C:\Users\domco\Desktop\DP\repos\pmd\pmd-core\src\main\java\net\sourceforge\pmd\ant\RuleSetWrapper.java,7,1,17,2,0.0,0,0,0,0.0,0.0,0,0,1,0,0,2,0,1,1,0,2,0.0,0.0,0,0,0,3,0.0,0,0,0,0,0,0,9,11,1,1,1,1,2,0,2,0,2,2,0,2,0,9,11,1,1,1,1,2,0,2,0,2,2,0,2,0,0,0,7,0,0,0,0,0,0,0,0,0,7,0,0,0,0,0,0,0,0
276,L38950,SourceLanguage,net.sourceforge.pmd.ant.SourceLanguage,L38775,L103,C:\Users\domco\Desktop\DP\repos\pmd\pmd-core\src\main\java\net\sourceforge\pmd\ant\SourceLanguage.java,10,1,35,2,0.0,0,0,0,0.0,0.0,0,0,1,0,0,5,0,3,2,0,5,0.166667,0.130435,3,3,1,5,0.130435,3,0,0,0,0,0,20,26,2,2,2,2,5,0,5,2,5,5,0,5,2,20,26,2,2,2,2,5,0,5,2,5,5,0,5,2,0,0,13,0,1,0,0,0,0,0,0,1,13,0,0,0,0,0,0,0,0
277,L39217,CPDTaskTest,net.sourceforge.pmd.ant.CPDTaskTest,L38775,L103,C:\Users\domco\Desktop\DP\repos\pmd\pmd-core\src\test\java\net\sourceforge\pmd\ant\CPDTaskTest.java,21,1,38,2,0.0,0,0,0,0.0,0.0,0,0,1,0,0,2,0,0,0,0,2,0.333333,0.35,7,5,1,2,0.35,7,0,0,0,0,0,13,18,1,0,1,0,2,1,2,1,2,3,1,2,1,13,18,1,0,1,0,2,1,2,1,2,3,1,2,1,0,0,7,0,1,1,0,0,0,0,0,0,3,0,0,0,0,0,0,4,0
278,L39224,FormatterTest,net.sourceforge.pmd.ant.FormatterTest,L38775,L103,C:\Users\domco\Desktop\DP\repos\pmd\pmd-core\src\test\java\net\sourceforge\pmd\ant\FormatterTest.java,20,1,49,2,0.0,0,0,0,0.0,0.0,0,0,2,1,1,3,5,0,0,4,6,0.0,0.0,0,0,0,3,0.0,0,0,0,0,0,0,28,30,0,0,0,0,2,0,2,0,2,18,0,2,0,28,30,0,0,0,0,2,0,2,0,2,18,0,2,0,0,0,8,0,7,7,0,0,1,0,0,0,7,0,0,0,0,0,0,0,0
279,L39241,PMDTaskTest,net.sourceforge.pmd.ant.PMDTaskTest,L38775,L103,C:\Users\domco\Desktop\DP\repos\pmd\pmd-core\src\test\java\net\sourceforge\pmd\ant\PMDTaskTest.java,16,1,65,2,0.0,0,0,0,0.0,0.0,0,0,1,1,1,8,0,0,0,0,5,0.0,0.0,0,0,0,6,0.0,0,0,0,0,0,0,44,50,1,0,1,0,5,1,5,1,5,15,1,5,1,44,50,1,0,1,0,5,1,5,1,5,15,1,5,1,0,0,17,1,0,1,0,0,0,0,0,0,13,0,0,0,0,0,0,4,0
280,L39250,PMDTaskTest,net.sourceforge.pmd.ant.PMDTaskTest,L38775,L103,C:\Users\domco\Desktop\DP\repos\pmd\pmd-java\src\test\java\net\sourceforge\pmd\ant\PMDTaskTest.java,21,1,160,2,0.0,0,0,0,0.0,0.0,0,0,1,1,1,15,1,0,0,3,17,0.0,0.010101,1,1,0,15,0.00854701,1,1,1,0,0,1,98,118,7,0,3,0,14,3,13,1,19,46,5,17,2,116,140,9,0,5,0,18,3,13,1,23,50,5,17,2,0,0,49,5,8,8,0,1,0,0,0,2,45,0,2,0,0,0,0,4,0
281,L39300,PMDTaskTest,net.sourceforge.pmd.ant.PMDTaskTest,L38775,L103,C:\Users\domco\Desktop\DP\repos\pmd\pmd-javascript\src\test\java\net\sourceforge\pmd\ant\PMDTaskTest.java,9,1,22,2,0.0,0,0,0,0.0,0.0,0,0,1,0,0,2,1,0,0,3,5,0.0,0.0,0,0,0,4,0.0,0,1,1,0,0,1,12,14,4,0,0,0,2,0,2,0,7,5,2,6,1,12,14,4,0,0,0,2,0,2,0,7,5,2,6,1,0,0,9,0,1,1,0,0,0,0,0,0,7,0,0,0,0,0,0,2,0
282,L39251,AbstractAntTestHelper,net.sourceforge.pmd.ant.AbstractAntTestHelper,L38775,L103,C:\Users\domco\Desktop\DP\repos\pmd\pmd-test\src\main\java\net\sourceforge\pmd\ant\AbstractAntTestHelper.java,25,1,72,2,0.0,0,0,0,0.0,0.0,0,0,1,1,1,13,0,3,17,0,5,0.2,0.229167,11,8,1,4,0.229167,11,0,0,3,3,0,37,48,4,0,4,0,5,2,4,1,5,13,2,4,1,37,48,4,0,4,0,5,2,4,1,5,13,2,4,1,0,0,15,0,1,1,0,0,0,0,0,0,11,0,0,0,0,0,0,4,0
283,L39315,PMDTaskTest,net.sourceforge.pmd.ant.PMDTaskTest,L38775,L103,C:\Users\domco\Desktop\DP\repos\pmd\pmd-xml\src\test\java\net\sourceforge\pmd\ant\PMDTaskTest.java,9,1,20,2,0.0,0,0,0,0.0,0.0,0,0,1,0,0,2,1,0,0,3,5,0.0,0.0,0,0,0,4,0.0,0,1,1,0,0,1,10,12,4,0,0,0,2,0,2,0,7,3,2,6,1,10,12,4,0,0,0,2,0,2,0,7,3,2,6,1,0,0,9,0,0,0,0,0,0,0,0,0,7,0,0,0,0,0,0,2,0
284,L39359,Benchmarker,net.sourceforge.pmd.benchmark.Benchmarker,L39318,L103,C:\Users\domco\Desktop\DP\repos\pmd\pmd-core\src\main\java\net\sourceforge\pmd\benchmark\Benchmarker.java,43,1,256,2,0.0,0,0,0,0.0,0.0,0,0,2,3,3,32,21,6,12,27,37,0.666667,0.364103,71,71,4,2,0.364103,71,0,0,0,0,0,124,214,1,0,1,0,10,0,5,0,10,82,0,5,0,124,214,1,0,1,0,10,0,5,0,10,82,0,5,0,0,0,13,5,4,7,0,0,1,0,3,1,9,0,0,0,1,0,0,0,0
285,L39363,BenchmarkResult,net.sourceforge.pmd.benchmark.BenchmarkResult,L39318,L103,C:\Users\domco\Desktop\DP\repos\pmd\pmd-core\src\main\java\net\sourceforge\pmd\benchmark\BenchmarkResult.java,7,1,47,2,0.0,0,0,0,0.0,0.0,0,0,1,1,1,9,1,3,2,0,6,0.0,0.0,0,0,0,5,0.0,0,0,0,0,0,0,34,41,4,2,4,2,6,2,4,0,6,14,2,4,0,34,41,4,2,4,2,6,2,4,0,6,14,2,4,0,0,0,19,0,0,0,0,0,0,0,0,0,15,0,0,0,0,0,0,4,0
286,L39397,RuleDuration,net.sourceforge.pmd.benchmark.RuleDuration,L39318,L103,C:\Users\domco\Desktop\DP\repos\pmd\pmd-core\src\main\java\net\sourceforge\pmd\benchmark\RuleDuration.java,9,1,30,2,0.0,0,0,0,0.0,0.0,0,0,1,2,1,4,1,3,1,1,3,0.0,0.0,0,0,0,3,0.0,0,0,0,0,0,0,17,22,2,0,2,0,2,2,2,0,2,7,2,2,0,17,22,2,0,2,0,2,2,2,0,2,7,2,2,0,0,0,11,0,0,0,0,0,0,0,0,0,7,0,0,0,0,0,0,4,0
287,L39507,StringBuilderCR,net.sourceforge.pmd.benchmark.StringBuilderCR,L39318,L103,C:\Users\domco\Desktop\DP\repos\pmd\pmd-core\src\main\java\net\sourceforge\pmd\benchmark\StringBuilderCR.java,13,1,39,2,0.0,0,0,0,0.0,0.0,0,0,1,1,1,5,0,1,1,0,4,0.2,0.222222,6,6,1,4,0.222222,6,0,0,0,0,0,21,27,2,0,2,0,4,0,4,0,4,7,0,4,0,21,27,2,0,2,0,4,0,4,0,4,7,0,4,0,0,1,11,0,1,1,0,0,0,0,0,0,11,0,1,0,0,0,0,0,0
288,L39412,TextReport,net.sourceforge.pmd.benchmark.TextReport,L39318,L103,C:\Users\domco\Desktop\DP\repos\pmd\pmd-core\src\main\java\net\sourceforge\pmd\benchmark\TextReport.java,23,1,172,2,0.111111,1,6,2,0.133333,0.181818,20,20,2,3,3,19,7,2,2,7,11,0.75,0.208633,29,28,3,1,0.208633,29,1,1,0,0,1,110,150,3,0,3,0,4,0,3,0,4,73,0,3,0,110,150,3,0,3,0,4,0,3,0,4,73,0,3,0,0,0,19,0,2,0,9,2,1,1,0,0,7,0,0,0,0,0,0,1,0
289,L39584,AbstractAnalysisCache,net.sourceforge.pmd.cache.AbstractAnalysisCache,L39572,L103,C:\Users\domco\Desktop\DP\repos\pmd\pmd-core\src\main\java\net\sourceforge\pmd\cache\AbstractAnalysisCache.java,39,1,208,2,0.0,0,0,0,0.0,0.0,0,0,2,4,4,29,8,2,13,10,19,0.25,0.122302,17,6,2,6,0.121622,18,2,2,1,1,1,122,162,8,2,8,2,9,0,7,0,10,63,0,8,0,130,170,8,2,8,2,10,0,8,0,11,66,0,9,0,0,1,26,3,1,1,0,1,1,2,0,2,22,0,1,0,0,0,0,1,1.0
290,L39595,AnalysisResult,net.sourceforge.pmd.cache.AnalysisResult,L39572,L103,C:\Users\domco\Desktop\DP\repos\pmd\pmd-core\src\main\java\net\sourceforge\pmd\cache\AnalysisResult.java,24,1,70,2,0.0,0,0,0,0.0,0.0,0,0,1,1,1,8,1,2,5,0,7,0.142857,0.170732,7,4,1,6,0.170732,7,0,0,0,0,0,34,47,2,2,2,2,7,0,6,0,7,11,0,6,0,34,47,2,2,2,2,7,0,6,0,7,11,0,6,0,0,2,17,0,0,0,0,0,0,0,0,0,17,0,1,0,0,1,0,0,0
291,L39605,CachedRuleMapper,net.sourceforge.pmd.cache.CachedRuleMapper,L39572,L103,C:\Users\domco\Desktop\DP\repos\pmd\pmd-core\src\main\java\net\sourceforge\pmd\cache\CachedRuleMapper.java,16,1,38,2,0.0,0,0,0,0.0,0.0,0,0,1,1,1,3,2,2,2,2,4,1.0,0.521739,12,12,3,0,0.521739,12,0,0,0,0,0,11,23,1,1,1,1,2,0,2,0,2,3,0,2,0,11,23,1,1,1,1,2,0,2,0,2,3,0,2,0,0,0,0,0,0,0,0,0,0,0,0,0,0,0,0,0,0,0,0,0,0
292,L39789,CachedRuleViolation,net.sourceforge.pmd.cache.CachedRuleViolation,L39572,L103,C:\Users\domco\Desktop\DP\repos\pmd\pmd-core\src\main\java\net\sourceforge\pmd\cache\CachedRuleViolation.java,17,1,163,2,0.0,0,0,0,0.0,0.0,0,0,3,0,0,17,3,1,2,12,28,0.0769231,0.179104,24,22,1,12,0.179104,24,1,1,0,0,1,110,147,12,12,12,12,16,0,12,0,16,46,0,12,0,110,147,12,12,12,12,16,0,12,0,16,46,0,12,0,0,0,38,0,2,0,0,2,1,0,1,0,31,0,0,0,0,0,0,5,0
293,L39876,FileAnalysisCache,net.sourceforge.pmd.cache.FileAnalysisCache,L39572,L103,C:\Users\domco\Desktop\DP\repos\pmd\pmd-core\src\main\java\net\sourceforge\pmd\cache\FileAnalysisCache.java,26,1,124,2,0.0,0,0,0,0.0,0.0,0,0,1,5,5,15,5,3,20,6,9,0.666667,0.176471,15,11,2,1,0.176471,15,3,3,0,0,1,70,99,9,2,1,0,3,0,2,0,12,42,0,9,0,70,99,9,2,1,0,3,0,2,0,12,42,0,9,0,0,2,9,0,3,3,0,0,0,2,0,0,7,0,0,0,0,2,0,0,0
294,L39916,NoopAnalysisCache,net.sourceforge.pmd.cache.NoopAnalysisCache,L39572,L103,C:\Users\domco\Desktop\DP\repos\pmd\pmd-core\src\main\java\net\sourceforge\pmd\cache\NoopAnalysisCache.java,19,1,62,2,0.0,0,0,0,0.0,0.0,0,0,6,0,0,8,4,2,1,0,8,0.111111,0.210526,8,3,1,8,0.210526,8,2,2,0,0,1,30,44,1,1,1,1,8,0,8,0,8,3,0,8,0,30,44,1,1,1,1,8,0,8,0,8,3,0,8,0,0,0,10,0,1,1,0,0,1,0,0,0,9,0,0,0,0,0,0,0,0
295,L39937,FileAnalysisCacheTest,net.sourceforge.pmd.cache.FileAnalysisCacheTest,L39572,L103,C:\Users\domco\Desktop\DP\repos\pmd\pmd-core\src\test\java\net\sourceforge\pmd\cache\FileAnalysisCacheTest.java,34,1,282,2,0.0,0,0,0,0.0,0.0,0,0,1,1,1,20,5,0,0,11,30,0.0,0.0360825,7,0,0,19,0.0360825,7,0,0,0,0,0,187,249,6,0,6,0,19,2,18,1,19,108,2,18,1,187,249,6,0,6,0,19,2,18,1,19,108,2,18,1,0,0,47,5,1,4,0,0,0,0,0,0,41,0,2,0,0,0,0,6,1.0
296,L40008,PMDCommandLineInterface,net.sourceforge.pmd.cli.PMDCommandLineInterface,L39993,L103,C:\Users\domco\Desktop\DP\repos\pmd\pmd-core\src\main\java\net\sourceforge\pmd\cli\PMDCommandLineInterface.java,22,1,193,2,0.0,0,0,0,0.0,0.0,0,0,2,3,3,29,7,3,7,11,27,0.25,0.0753425,11,9,2,6,0.0753425,11,0,0,0,0,0,135,172,5,5,5,5,16,5,7,2,16,64,5,7,2,135,172,5,5,5,5,16,5,7,2,16,64,5,7,2,0,1,38,9,3,5,0,0,1,0,0,1,33,0,1,0,0,6,0,4,0
297,L40017,PMDParameters,net.sourceforge.pmd.cli.PMDParameters,L39993,L103,C:\Users\domco\Desktop\DP\repos\pmd\pmd-core\src\main\java\net\sourceforge\pmd\cli\PMDParameters.java,22,1,284,2,0.0,0,0,0,0.0,0.0,0,0,2,1,1,31,7,4,5,28,51,0.0833333,0.0449438,8,7,2,22,0.047619,10,0,0,0,0,0,170,229,23,14,23,14,23,0,23,1,23,56,0,23,1,200,263,24,14,24,14,26,0,26,1,26,69,0,26,1,0,0,67,0,30,0,0,0,1,0,1,19,57,0,0,0,0,11,0,8,0
298,L40213,PMDCommandLineInterfaceTest,net.sourceforge.pmd.cli.PMDCommandLineInterfaceTest,L39993,L103,C:\Users\domco\Desktop\DP\repos\pmd\pmd-core\src\test\java\net\sourceforge\pmd\cli\PMDCommandLineInterfaceTest.java,17,1,65,2,0.0,0,0,0,0.0,0.0,0,0,5,0,0,5,2,0,0,3,8,0.166667,0.0930233,4,3,1,5,0.0930233,4,0,0,0,0,0,39,49,2,0,2,0,5,2,5,0,5,17,2,5,0,39,49,2,0,2,0,5,2,5,0,5,17,2,5,0,0,0,18,1,0,1,0,0,1,0,0,0,13,0,0,0,0,0,0,4,0
299,L40228,PMDFilelistTest,net.sourceforge.pmd.cli.PMDFilelistTest,L39993,L103,C:\Users\domco\Desktop\DP\repos\pmd\pmd-core\src\test\java\net\sourceforge\pmd\cli\PMDFilelistTest.java,20,1,50,2,0.845361,1,2,2,0.645161,0.64,20,16,2,0,0,2,5,0,0,4,6,0.0,0.0,0,0,0,3,0.0,0,0,0,0,0,0,25,31,0,0,0,0,2,0,2,0,2,17,0,2,0,25,31,0,0,0,0,2,0,2,0,2,17,0,2,0,0,0,23,0,0,0,15,0,1,0,0,0,7,0,0,0,0,0,0,0,0
300,L40237,PMDParametersTest,net.sourceforge.pmd.cli.PMDParametersTest,L39993,L103,C:\Users\domco\Desktop\DP\repos\pmd\pmd-core\src\test\java\net\sourceforge\pmd\cli\PMDParametersTest.java,11,1,23,2,0.0,0,0,0,0.0,0.0,0,0,1,0,0,1,1,0,0,1,2,0.0,0.181818,2,0,0,2,0.181818,2,0,0,0,0,0,9,13,0,0,0,0,1,0,1,0,1,4,0,1,0,9,13,0,0,0,0,1,0,1,0,1,4,0,1,0,0,0,5,0,0,0,0,0,0,0,0,0,5,0,0,0,0,0,0,0,0
301,L40240,CLITest,net.sourceforge.pmd.cli.CLITest,L39993,L103,C:\Users\domco\Desktop\DP\repos\pmd\pmd-java\src\test\java\net\sourceforge\pmd\cli\CLITest.java,21,1,110,2,0.289855,1,2,2,0.222222,0.277778,20,20,1,0,0,10,2,0,0,6,16,0.363636,0.152941,13,13,4,7,0.152941,13,1,1,0,0,1,72,90,4,1,0,0,10,0,10,0,19,35,0,13,1,72,90,4,1,0,0,10,0,10,0,19,35,0,13,1,0,0,40,6,5,9,17,0,0,0,0,0,23,0,2,0,0,0,0,0,0
302,L40279,CLITest,net.sourceforge.pmd.cli.CLITest,L39993,L103,C:\Users\domco\Desktop\DP\repos\pmd\pmd-javascript\src\test\java\net\sourceforge\pmd\cli\CLITest.java,19,1,28,2,0.0,0,0,0,0.0,0.0,0,0,1,0,0,1,2,0,0,2,3,0.666667,0.285714,4,4,2,1,0.285714,4,1,1,0,0,1,10,10,4,1,0,0,1,0,1,0,10,3,0,4,1,10,10,4,1,0,0,1,0,1,0,10,3,0,4,1,0,0,3,0,0,0,0,0,0,0,0,0,3,0,0,0,0,0,0,0,0
303,L40242,BaseCLITest,net.sourceforge.pmd.cli.BaseCLITest,L39993,L103,C:\Users\domco\Desktop\DP\repos\pmd\pmd-test\src\main\java\net\sourceforge\pmd\cli\BaseCLITest.java,25,1,100,2,0.0,0,0,0,0.0,0.0,0,0,2,1,1,12,2,2,11,1,10,0.5,0.132353,9,9,2,2,0.132353,9,0,0,2,2,0,59,76,4,1,4,1,9,0,3,1,9,27,0,3,1,59,76,4,1,4,1,9,0,3,1,9,27,0,3,1,0,1,20,2,2,4,0,0,1,0,0,0,19,0,0,0,0,1,0,0,0
304,L3573,BaseCPDCLITest,net.sourceforge.pmd.cli.BaseCPDCLITest,L39993,L103,C:\Users\domco\Desktop\DP\repos\pmd\pmd-test\src\main\java\net\sourceforge\pmd\cli\BaseCPDCLITest.java,17,1,49,2,0.0,0,0,0,0.0,0.0,0,0,2,1,1,5,2,2,9,1,5,0.0,0.0,0,0,0,4,0.0,0,0,0,2,2,0,29,33,3,1,3,1,4,0,3,0,4,12,0,3,0,29,33,3,1,3,1,4,0,3,0,4,12,0,3,0,0,0,12,1,1,1,0,0,1,0,0,1,11,0,0,0,0,0,0,0,0
305,L40435,ClassLoaderUtil,net.sourceforge.pmd.dcd.ClassLoaderUtil,L40322,L103,C:\Users\domco\Desktop\DP\repos\pmd\pmd-core\src\main\java\net\sourceforge\pmd\dcd\ClassLoaderUtil.java,15,1,172,2,0.0,0,0,0,0.0,0.0,0,0,5,3,3,38,0,8,7,0,12,0.1,0.195946,29,4,1,9,0.195946,29,0,0,0,0,0,119,158,2,6,2,6,12,2,9,0,12,60,2,9,0,119,158,2,6,2,6,12,2,9,0,12,60,2,9,0,0,4,31,7,3,2,0,1,1,0,0,7,25,0,4,0,0,0,0,5,0
306,L40486,DCD,net.sourceforge.pmd.dcd.DCD,L40322,L103,C:\Users\domco\Desktop\DP\repos\pmd\pmd-core\src\main\java\net\sourceforge\pmd\dcd\DCD.java,49,1,177,2,0.0,0,0,0,0.0,0.0,0,0,1,2,2,10,7,0,0,6,10,0.25,0.552239,74,63,1,3,0.524476,75,0,0,0,0,0,60,120,0,0,0,0,4,0,3,0,4,46,0,3,0,68,129,0,0,0,0,5,0,4,0,5,49,0,4,0,0,0,12,7,2,6,0,1,0,0,0,2,12,0,0,0,0,0,0,0,0
307,L40530,DumpNodeVisitor,net.sourceforge.pmd.dcd.DumpNodeVisitor,L40322,L103,C:\Users\domco\Desktop\DP\repos\pmd\pmd-core\src\main\java\net\sourceforge\pmd\dcd\DumpNodeVisitor.java,18,1,106,2,0.0,0,0,0,0.0,0.0,0,0,10,1,1,19,8,1,0,20,33,0.0769231,0.0379747,3,3,1,12,0.0379747,3,2,2,0,0,1,76,89,0,0,0,0,13,0,12,0,25,31,0,24,0,76,89,0,0,0,0,13,0,12,0,25,31,0,24,0,0,0,30,11,0,11,0,0,1,0,0,0,29,0,0,0,0,0,0,0,0
308,L40538,UsageNodeVisitor,net.sourceforge.pmd.dcd.UsageNodeVisitor,L40322,L103,C:\Users\domco\Desktop\DP\repos\pmd\pmd-core\src\main\java\net\sourceforge\pmd\dcd\UsageNodeVisitor.java,23,1,233,2,0.0,0,0,0,0.0,0.0,0,0,2,6,4,41,9,1,0,26,34,0.166667,0.0672269,8,5,1,5,0.0611111,11,2,2,0,0,1,111,129,1,0,1,0,8,0,5,0,20,59,0,17,0,169,211,9,0,9,0,24,0,21,8,36,75,0,33,8,0,0,67,8,10,8,0,3,2,5,2,5,54,0,0,0,0,2,0,4,0
309,L41656,AbstractPMDProcessor,net.sourceforge.pmd.processor.AbstractPMDProcessor,L41647,L103,C:\Users\domco\Desktop\DP\repos\pmd\pmd-core\src\main\java\net\sourceforge\pmd\processor\AbstractPMDProcessor.java,31,1,124,2,0.0,0,0,0,0.0,0.0,0,0,1,2,2,14,16,4,7,18,26,0.25,0.298701,23,21,1,3,0.298701,23,0,0,2,2,0,54,94,2,0,2,0,8,0,3,0,8,27,0,3,0,54,94,2,0,2,0,8,0,3,0,8,27,0,3,0,0,1,15,0,0,0,0,0,0,0,2,0,13,0,1,0,0,0,0,0,0
310,L41430,MonoThreadProcessor,net.sourceforge.pmd.processor.MonoThreadProcessor,L41647,L103,C:\Users\domco\Desktop\DP\repos\pmd\pmd-core\src\main\java\net\sourceforge\pmd\processor\MonoThreadProcessor.java,18,1,41,2,0.0,0,0,0,0.0,0.0,0,0,1,1,1,4,5,1,1,4,7,0.5,0.26087,6,4,1,1,0.26087,6,1,1,0,0,1,17,24,3,0,1,0,3,0,1,0,9,5,0,4,0,17,24,3,0,1,0,3,0,1,0,9,5,0,4,0,0,0,7,0,0,0,0,0,0,0,0,0,7,0,0,0,0,0,0,0,0
311,L41425,MultiThreadProcessor,net.sourceforge.pmd.processor.MultiThreadProcessor,L41647,L103,C:\Users\domco\Desktop\DP\repos\pmd\pmd-core\src\main\java\net\sourceforge\pmd\processor\MultiThreadProcessor.java,25,1,69,2,0.0,0,0,0,0.0,0.0,0,0,1,3,2,8,6,2,2,3,6,0.5,0.136364,6,4,1,1,0.136364,6,1,1,0,0,1,38,45,6,0,4,0,3,0,1,0,9,19,0,4,0,38,45,6,0,4,0,3,0,1,0,9,19,0,4,0,0,0,9,2,5,2,0,0,0,0,0,5,9,0,0,0,0,0,0,0,0
312,L41705,PmdRunnable,net.sourceforge.pmd.processor.PmdRunnable,L41647,L103,C:\Users\domco\Desktop\DP\repos\pmd\pmd-core\src\main\java\net\sourceforge\pmd\processor\PmdRunnable.java,23,1,96,2,0.0,0,0,0,0.0,0.0,0,0,1,1,1,10,9,3,3,11,15,0.0,0.0188679,1,0,0,4,0.047619,3,0,0,0,0,0,52,65,8,0,8,0,4,0,3,0,4,25,0,3,0,60,74,10,0,10,0,5,0,3,0,5,27,0,3,0,0,0,19,1,2,0,0,2,0,0,0,1,16,0,0,0,0,0,0,3,0
313,L41765,PmdThreadFactory,net.sourceforge.pmd.processor.PmdThreadFactory,L41647,L103,C:\Users\domco\Desktop\DP\repos\pmd\pmd-core\src\main\java\net\sourceforge\pmd\processor\PmdThreadFactory.java,10,1,19,2,0.0,0,0,0,0.0,0.0,0,0,1,0,0,1,0,1,0,0,1,0.0,0.0,0,0,0,2,0.0,0,0,0,0,0,0,7,10,1,0,1,0,1,0,1,0,1,1,0,1,0,7,10,1,0,1,0,1,0,1,0,1,1,0,1,0,0,0,5,0,0,0,0,0,0,0,0,0,5,0,0,0,0,0,0,0,0
314,L41866,MultiThreadProcessorTest,net.sourceforge.pmd.processor.MultiThreadProcessorTest,L41647,L103,C:\Users\domco\Desktop\DP\repos\pmd\pmd-core\src\test\java\net\sourceforge\pmd\processor\MultiThreadProcessorTest.java,33,1,187,2,0.0,0,0,0,0.0,0.0,0,0,1,0,0,3,15,0,0,16,19,0.0,0.0869565,4,0,0,4,0.0708661,9,0,0,0,0,0,42,60,5,0,5,0,3,0,3,1,3,25,0,3,1,118,155,37,49,11,3,16,3,13,1,195,45,5,179,47,0,0,78,0,2,0,0,0,3,0,1,0,44,2,0,0,0,0,0,30,0
315,L42025,AbstractMultiNumericProperty<T extends Number>,net.sourceforge.pmd.properties.AbstractMultiNumericProperty,L41967,L103,C:\Users\domco\Desktop\DP\repos\pmd\pmd-core\src\main\java\net\sourceforge\pmd\properties\AbstractMultiNumericProperty.java,22,15,76,2,0.0,0,0,0,0.0,0.0,0,0,1,1,1,6,4,4,4,8,13,0.333333,0.442308,23,23,1,2,0.442308,23,3,5,4,4,2,29,55,9,0,1,0,5,0,2,0,35,9,2,20,0,29,55,9,0,1,0,5,0,2,0,35,9,2,20,0,0,0,13,0,0,0,0,0,0,0,0,0,9,0,0,1,0,0,0,3,0
316,L42091,AbstractMultiPackagedProperty<T extends Object>,net.sourceforge.pmd.properties.AbstractMultiPackagedProperty,L41967,L103,C:\Users\domco\Desktop\DP\repos\pmd\pmd-core\src\main\java\net\sourceforge\pmd\properties\AbstractMultiPackagedProperty.java,22,15,77,2,0.0,0,0,0,0.0,0.0,0,0,1,2,2,7,4,2,2,7,12,0.5,0.396226,21,21,1,1,0.396226,21,3,5,2,2,2,32,56,11,0,1,0,5,0,1,0,35,11,4,19,0,32,56,11,0,1,0,5,0,1,0,35,11,4,19,0,0,0,13,0,0,0,0,0,0,0,0,0,9,0,0,1,0,0,0,3,0
317,L42029,AbstractMultiValueProperty<V extends Object>,net.sourceforge.pmd.properties.AbstractMultiValueProperty,L41967,L103,C:\Users\domco\Desktop\DP\repos\pmd\pmd-core\src\main\java\net\sourceforge\pmd\properties\AbstractMultiValueProperty.java,26,15,208,2,0.0,0,0,0,0.0,0.0,0,0,2,2,2,28,5,6,13,3,19,0.25,0.391892,58,58,2,6,0.391892,58,2,3,6,12,2,90,183,8,0,2,0,16,0,7,0,30,37,2,18,0,90,183,8,0,2,0,16,0,7,0,30,37,2,18,0,0,0,26,0,4,1,0,0,1,0,0,0,21,0,2,1,0,1,0,3,1.0
318,L42216,AbstractNumericProperty<T extends Number>,net.sourceforge.pmd.properties.AbstractNumericProperty,L41967,L103,C:\Users\domco\Desktop\DP\repos\pmd\pmd-core\src\main\java\net\sourceforge\pmd\properties\AbstractNumericProperty.java,21,15,78,2,0.0,0,0,0,0.0,0.0,0,0,1,1,1,6,5,4,4,8,13,0.333333,0.444444,24,23,1,2,0.444444,24,3,5,4,4,2,30,58,6,0,1,0,5,0,2,0,32,10,0,19,0,30,58,6,0,1,0,5,0,2,0,32,10,0,19,0,0,0,11,0,0,0,0,0,0,0,0,0,9,0,0,1,0,0,0,1,0
319,L42250,AbstractPackagedProperty<T extends Object>,net.sourceforge.pmd.properties.AbstractPackagedProperty,L41967,L103,C:\Users\domco\Desktop\DP\repos\pmd\pmd-core\src\main\java\net\sourceforge\pmd\properties\AbstractPackagedProperty.java,22,15,70,2,0.0,0,0,0,0.0,0.0,0,0,1,0,0,5,5,2,2,6,11,0.5,0.458333,22,22,1,1,0.458333,22,3,5,2,2,2,26,49,8,0,1,0,5,0,1,0,32,7,2,18,0,26,49,8,0,1,0,5,0,1,0,32,7,2,18,0,0,0,13,0,0,0,0,0,0,0,0,0,9,0,0,1,0,0,0,3,0
320,L42146,AbstractProperty<T extends Object>,net.sourceforge.pmd.properties.AbstractProperty,L41967,L103,C:\Users\domco\Desktop\DP\repos\pmd\pmd-core\src\main\java\net\sourceforge\pmd\properties\AbstractProperty.java,26,15,158,2,0.0,0,0,0,0.0,0.0,0,0,2,1,1,20,2,7,8,5,19,0.0909091,0.27027,30,30,1,10,0.27027,30,1,1,2,27,1,81,133,4,0,4,0,14,0,10,0,21,31,0,17,0,81,133,4,0,4,0,14,0,10,0,21,31,0,17,0,0,0,24,0,4,0,0,0,1,0,0,0,23,0,4,0,0,0,0,0,0
321,L12455,AbstractPropertySource,net.sourceforge.pmd.properties.AbstractPropertySource,L41967,L103,C:\Users\domco\Desktop\DP\repos\pmd\pmd-core\src\main\java\net\sourceforge\pmd\properties\AbstractPropertySource.java,24,1,203,2,0.0,0,0,0,0.0,0.0,0,0,3,2,2,30,4,125,217,3,19,0.142857,0.216783,31,27,2,12,0.216783,31,1,1,2,287,1,112,180,2,5,2,5,16,0,13,2,16,47,0,13,2,112,180,2,5,2,5,16,0,13,2,16,47,0,13,2,0,0,29,1,0,0,0,1,1,0,0,0,27,0,0,1,0,0,0,0,0
322,L42220,AbstractSingleValueProperty<T extends Object>,net.sourceforge.pmd.properties.AbstractSingleValueProperty,L41967,L103,C:\Users\domco\Desktop\DP\repos\pmd\pmd-core\src\main\java\net\sourceforge\pmd\properties\AbstractSingleValueProperty.java,17,15,141,2,0.0,0,0,0,0.0,0.0,0,0,3,1,1,20,4,12,13,3,16,0.142857,0.442308,46,45,1,6,0.442308,46,2,3,7,13,2,58,125,5,0,1,0,13,0,6,0,27,19,0,17,0,58,125,5,0,1,0,13,0,6,0,27,19,0,17,0,0,0,19,0,2,0,0,0,1,0,0,1,17,0,1,1,0,0,0,0,0
323,L42426,BooleanMultiProperty,net.sourceforge.pmd.properties.BooleanMultiProperty,L41967,L103,C:\Users\domco\Desktop\DP\repos\pmd\pmd-core\src\main\java\net\sourceforge\pmd\properties\BooleanMultiProperty.java,21,1,96,2,0.0,0,0,0,0.0,0.0,0,0,4,0,0,7,8,4,4,3,10,0.6,0.44898,22,22,3,2,0.354839,22,3,4,0,0,1,27,61,8,0,0,0,7,0,4,0,35,7,2,21,0,40,76,16,0,0,0,10,0,5,0,54,10,2,30,0,0,0,26,0,2,0,0,2,1,0,0,0,23,0,0,0,0,0,0,2,0
324,L7124,BooleanProperty,net.sourceforge.pmd.properties.BooleanProperty,L41967,L103,C:\Users\domco\Desktop\DP\repos\pmd\pmd-core\src\main\java\net\sourceforge\pmd\properties\BooleanProperty.java,19,1,94,2,0.0,0,0,0,0.0,0.0,0,0,4,0,0,7,8,35,6,3,10,0.5,0.490196,25,25,3,3,0.390625,25,3,4,0,0,1,26,61,5,0,0,0,7,0,5,0,32,7,0,20,0,39,76,12,0,0,0,10,0,6,0,49,10,0,27,0,0,0,22,0,2,0,0,2,1,0,0,0,21,0,0,0,0,0,0,0,0
325,L42931,CharacterMultiProperty,net.sourceforge.pmd.properties.CharacterMultiProperty,L41967,L103,C:\Users\domco\Desktop\DP\repos\pmd\pmd-core\src\main\java\net\sourceforge\pmd\properties\CharacterMultiProperty.java,23,1,125,2,0.0,0,0,0,0.0,0.0,0,0,5,3,3,12,8,4,4,4,12,0.5,0.402778,29,29,3,3,0.341176,29,3,4,0,0,1,43,88,8,0,0,0,8,0,5,0,36,18,2,22,0,56,103,16,0,0,0,11,0,6,0,55,21,2,31,0,0,0,29,0,2,1,0,1,1,0,0,0,25,0,0,0,0,0,0,3,0
326,L24429,CharacterProperty,net.sourceforge.pmd.properties.CharacterProperty,L41967,L103,C:\Users\domco\Desktop\DP\repos\pmd\pmd-core\src\main\java\net\sourceforge\pmd\properties\CharacterProperty.java,19,1,108,2,0.0,0,0,0,0.0,0.0,0,0,4,0,0,8,8,6,5,3,11,0.571429,0.539683,34,34,4,3,0.447368,34,3,4,0,0,1,29,75,5,0,0,0,8,0,6,0,33,8,0,21,0,42,90,12,0,0,0,11,0,7,0,50,11,0,28,0,0,0,22,0,2,0,0,2,1,0,0,0,21,0,0,0,0,0,0,0,0
327,L43058,DoubleMultiProperty,net.sourceforge.pmd.properties.DoubleMultiProperty,L41967,L103,C:\Users\domco\Desktop\DP\repos\pmd\pmd-core\src\main\java\net\sourceforge\pmd\properties\DoubleMultiProperty.java,20,1,104,2,0.0,0,0,0,0.0,0.0,0,0,4,0,0,7,9,3,5,2,9,0.6,0.516667,31,31,3,2,0.424658,31,4,6,0,0,1,29,70,9,0,0,0,7,0,4,0,40,7,2,23,0,42,85,19,0,0,0,10,0,5,0,63,10,2,33,0,0,0,30,0,1,0,0,1,1,0,0,0,23,0,0,1,0,0,0,5,0
328,L7133,DoubleProperty,net.sourceforge.pmd.properties.DoubleProperty,L41967,L103,C:\Users\domco\Desktop\DP\repos\pmd\pmd-core\src\main\java\net\sourceforge\pmd\properties\DoubleProperty.java,19,1,118,2,0.0,0,0,0,0.0,0.0,0,0,4,0,0,8,10,7,6,3,11,0.6,0.555556,40,40,3,2,0.470588,40,4,6,0,0,1,32,85,6,0,0,0,8,0,4,0,38,8,0,22,0,45,100,15,0,0,0,11,0,5,0,59,11,0,31,0,0,0,28,0,2,0,0,2,1,0,0,0,23,0,0,1,0,0,0,3,0
329,L7111,EnumeratedMultiProperty<E extends Object>,net.sourceforge.pmd.properties.EnumeratedMultiProperty,L41967,L103,C:\Users\domco\Desktop\DP\repos\pmd\pmd-core\src\main\java\net\sourceforge\pmd\properties\EnumeratedMultiProperty.java,26,1,198,2,0.0,0,0,0,0.0,0.0,0,0,2,2,2,18,5,10,6,10,22,0.444444,0.413223,50,49,4,5,0.387755,57,3,5,0,0,2,71,140,9,0,1,0,12,0,8,0,39,24,2,24,0,90,173,17,0,3,0,16,0,11,0,50,30,2,32,0,0,0,34,0,2,1,0,0,1,0,0,0,26,0,1,1,0,0,0,6,0
330,L13400,EnumeratedProperty<E extends Object>,net.sourceforge.pmd.properties.EnumeratedProperty,L41967,L103,C:\Users\domco\Desktop\DP\repos\pmd\pmd-core\src\main\java\net\sourceforge\pmd\properties\EnumeratedProperty.java,26,1,162,2,0.0,0,0,0,0.0,0.0,0,0,2,0,0,10,5,10,5,10,20,0.4,0.51,51,50,4,6,0.428571,51,3,5,0,0,2,49,111,6,0,1,0,10,0,9,0,34,12,0,23,0,68,137,13,0,3,0,14,0,12,0,43,18,0,29,0,0,0,32,0,1,0,0,0,1,0,0,0,26,0,1,1,0,0,0,4,0
331,L24433,FileProperty,net.sourceforge.pmd.properties.FileProperty,L41967,L103,C:\Users\domco\Desktop\DP\repos\pmd\pmd-core\src\main\java\net\sourceforge\pmd\properties\FileProperty.java,21,1,83,2,0.0,0,0,0,0.0,0.0,0,0,4,0,0,7,7,2,1,2,8,0.4,0.394737,15,15,2,3,0.294118,15,3,4,0,0,1,23,48,5,0,0,0,6,0,4,0,31,6,0,19,0,36,63,13,0,0,0,9,0,5,0,51,9,0,29,0,0,0,22,0,1,0,0,1,1,0,0,0,21,0,0,0,0,0,0,0,0
332,L43458,FloatMultiProperty,net.sourceforge.pmd.properties.FloatMultiProperty,L41967,L103,C:\Users\domco\Desktop\DP\repos\pmd\pmd-core\src\main\java\net\sourceforge\pmd\properties\FloatMultiProperty.java,20,1,106,2,0.0,0,0,0,0.0,0.0,0,0,4,0,0,7,9,4,5,2,9,0.6,0.516667,31,31,3,2,0.424658,31,4,6,0,0,1,29,72,9,0,0,0,7,0,4,0,40,7,2,23,0,42,87,19,0,0,0,10,0,5,0,63,10,2,33,0,0,0,30,0,1,0,0,1,1,0,0,0,23,0,0,1,0,0,0,5,0
333,L43529,FloatProperty,net.sourceforge.pmd.properties.FloatProperty,L41967,L103,C:\Users\domco\Desktop\DP\repos\pmd\pmd-core\src\main\java\net\sourceforge\pmd\properties\FloatProperty.java,18,1,107,2,0.0,0,0,0,0.0,0.0,0,0,4,0,0,7,10,4,6,3,10,0.6,0.516129,32,32,3,2,0.426667,32,4,6,0,0,1,30,75,6,0,0,0,7,0,4,0,37,7,0,22,0,43,90,15,0,0,0,10,0,5,0,58,10,0,31,0,0,0,28,0,2,0,0,2,1,0,0,0,23,0,0,1,0,0,0,3,0
334,L43588,IntegerMultiProperty,net.sourceforge.pmd.properties.IntegerMultiProperty,L41967,L103,C:\Users\domco\Desktop\DP\repos\pmd\pmd-core\src\main\java\net\sourceforge\pmd\properties\IntegerMultiProperty.java,20,1,106,2,0.0,0,0,0,0.0,0.0,0,0,4,0,0,7,9,4,5,2,9,0.6,0.516667,31,31,3,2,0.424658,31,4,6,0,0,1,29,72,9,0,0,0,7,0,4,0,40,7,2,23,0,42,87,19,0,0,0,10,0,5,0,63,10,2,33,0,0,0,30,0,1,0,0,1,1,0,0,0,23,0,0,1,0,0,0,5,0
335,L8310,IntegerProperty,net.sourceforge.pmd.properties.IntegerProperty,L41967,L103,C:\Users\domco\Desktop\DP\repos\pmd\pmd-core\src\main\java\net\sourceforge\pmd\properties\IntegerProperty.java,18,1,85,2,0.0,0,0,0,0.0,0.0,0,0,4,0,0,6,10,26,27,3,9,0.5,0.418605,18,18,2,2,0.321429,18,4,6,0,0,1,25,53,6,0,0,0,6,0,3,0,36,6,0,21,0,38,68,15,0,0,0,9,0,4,0,57,9,0,30,0,0,0,27,0,2,0,0,2,1,0,0,0,23,0,0,1,0,0,0,2,0
336,L43701,LongMultiProperty,net.sourceforge.pmd.properties.LongMultiProperty,L41967,L103,C:\Users\domco\Desktop\DP\repos\pmd\pmd-core\src\main\java\net\sourceforge\pmd\properties\LongMultiProperty.java,20,1,109,2,0.0,0,0,0,0.0,0.0,0,0,4,0,0,7,9,4,5,2,9,0.6,0.516667,31,31,3,2,0.413333,31,4,6,0,0,1,29,72,9,0,0,0,7,0,4,0,40,7,2,23,0,44,90,19,0,0,0,10,0,5,0,63,10,2,33,0,0,0,30,0,1,0,0,1,1,0,0,0,23,0,0,1,0,0,0,5,0
337,L43774,LongProperty,net.sourceforge.pmd.properties.LongProperty,L41967,L103,C:\Users\domco\Desktop\DP\repos\pmd\pmd-core\src\main\java\net\sourceforge\pmd\properties\LongProperty.java,18,1,105,2,0.0,0,0,0,0.0,0.0,0,0,4,0,0,7,9,4,5,2,9,0.6,0.539683,34,34,3,2,0.447368,34,4,6,0,0,1,29,73,6,0,0,0,7,0,4,0,37,7,0,22,0,42,88,15,0,0,0,10,0,5,0,58,10,0,31,0,0,0,28,0,1,0,0,1,1,0,0,0,23,0,0,1,0,0,0,3,0
338,L43833,MethodMultiProperty,net.sourceforge.pmd.properties.MethodMultiProperty,L41967,L103,C:\Users\domco\Desktop\DP\repos\pmd\pmd-core\src\main\java\net\sourceforge\pmd\properties\MethodMultiProperty.java,27,1,147,2,0.0,0,0,0,0.0,0.0,0,0,6,0,0,11,12,3,4,6,17,0.5,0.466667,42,42,4,4,0.407767,42,4,6,0,0,1,48,106,11,0,0,0,11,0,7,0,43,11,4,24,0,61,121,20,0,0,0,14,0,8,0,66,14,4,34,0,0,0,35,0,2,0,0,2,1,0,1,0,29,0,0,1,0,0,0,3,0
339,L43931,MethodProperty,net.sourceforge.pmd.properties.MethodProperty,L41967,L103,C:\Users\domco\Desktop\DP\repos\pmd\pmd-core\src\main\java\net\sourceforge\pmd\properties\MethodProperty.java,27,1,117,2,0.0,0,0,0,0.0,0.0,0,0,5,0,0,8,11,3,4,5,13,0.5,0.461538,30,30,3,3,0.384615,30,4,6,0,0,1,35,76,8,0,0,0,8,0,5,0,38,8,2,21,0,48,91,16,0,0,0,11,0,6,0,60,11,2,31,0,0,0,31,0,2,0,0,2,1,0,1,0,25,0,0,1,0,0,0,3,0
340,L8119,StringMultiProperty,net.sourceforge.pmd.properties.StringMultiProperty,L41967,L103,C:\Users\domco\Desktop\DP\repos\pmd\pmd-core\src\main\java\net\sourceforge\pmd\properties\StringMultiProperty.java,23,1,166,2,0.0,0,0,0,0.0,0.0,0,0,6,2,2,16,7,14,5,3,14,0.5,0.457143,48,47,3,3,0.40678,48,3,4,0,0,1,57,129,8,0,0,0,11,0,5,0,39,20,2,22,0,70,144,16,0,0,0,14,0,6,0,58,23,2,31,0,0,0,31,0,1,0,0,1,1,0,0,0,27,0,0,0,0,0,0,3,0
341,L13387,StringProperty,net.sourceforge.pmd.properties.StringProperty,L41967,L103,C:\Users\domco\Desktop\DP\repos\pmd\pmd-core\src\main\java\net\sourceforge\pmd\properties\StringProperty.java,17,1,77,2,0.0,0,0,0,0.0,0.0,0,0,4,0,0,6,7,21,8,2,8,0.4,0.384615,15,15,2,3,0.288462,15,3,4,0,0,1,24,46,5,0,0,0,6,0,4,0,31,6,0,19,0,37,61,12,0,0,0,9,0,5,0,48,9,0,26,0,0,0,24,0,1,0,0,1,1,0,0,0,23,0,0,0,0,0,0,0,0
342,L44487,TypeMultiProperty,net.sourceforge.pmd.properties.TypeMultiProperty,L41967,L103,C:\Users\domco\Desktop\DP\repos\pmd\pmd-core\src\main\java\net\sourceforge\pmd\properties\TypeMultiProperty.java,21,1,126,2,0.0,0,0,0,0.0,0.0,0,0,6,0,0,11,12,4,4,5,15,0.375,0.410959,30,30,3,5,0.348837,30,4,6,0,0,1,43,90,11,0,0,0,10,0,7,0,42,10,4,24,0,56,106,20,0,0,0,13,0,8,0,65,13,4,34,0,0,0,35,0,0,0,0,0,1,0,1,0,29,0,0,1,0,0,0,3,0
343,L44558,TypeProperty,net.sourceforge.pmd.properties.TypeProperty,L41967,L103,C:\Users\domco\Desktop\DP\repos\pmd\pmd-core\src\main\java\net\sourceforge\pmd\properties\TypeProperty.java,21,1,109,2,0.0,0,0,0,0.0,0.0,0,0,5,0,0,9,11,4,4,4,12,0.5,0.460317,29,29,3,3,0.381579,29,4,6,0,0,1,34,74,8,0,0,0,8,0,5,0,38,8,2,21,0,47,89,16,0,0,0,11,0,6,0,60,11,2,31,0,0,0,31,0,1,0,0,1,1,0,1,0,25,0,0,1,0,0,0,3,0
344,L44622,ValueParserConstants,net.sourceforge.pmd.properties.ValueParserConstants,L41967,L103,C:\Users\domco\Desktop\DP\repos\pmd\pmd-core\src\main\java\net\sourceforge\pmd\properties\ValueParserConstants.java,27,1,265,2,0.0,0,0,0,0.0,0.0,0,0,2,1,1,4,3,22,4,5,8,1.0,0.492958,35,35,2,0,0.308756,67,0,0,0,0,0,36,78,10,0,10,0,3,0,1,0,3,6,0,1,0,150,239,10,0,10,0,16,0,12,0,16,67,0,12,0,0,0,61,1,11,1,0,11,2,0,0,0,57,0,0,0,0,0,0,2,0
345,L44713,AbstractNumericPropertyDescriptorTester<T extends Object>,net.sourceforge.pmd.properties.AbstractNumericPropertyDescriptorTester,L41967,L103,C:\Users\domco\Desktop\DP\repos\pmd\pmd-core\src\test\java\net\sourceforge\pmd\properties\AbstractNumericPropertyDescriptorTester.java,20,1,83,2,0.0,0,0,0,0.0,0.0,0,0,3,0,0,11,9,4,4,13,24,0.142857,0.0638298,3,3,1,6,0.0638298,3,1,1,4,4,1,44,64,8,4,0,1,11,0,6,0,46,17,6,29,0,44,64,8,4,0,1,11,0,6,0,46,17,6,29,0,0,0,28,0,5,5,0,0,1,0,0,0,25,0,0,0,0,0,0,2,0
346,L44767,AbstractPackagedPropertyDescriptorTester<T extends Object>,net.sourceforge.pmd.properties.AbstractPackagedPropertyDescriptorTester,L41967,L103,C:\Users\domco\Desktop\DP\repos\pmd\pmd-core\src\test\java\net\sourceforge\pmd\properties\AbstractPackagedPropertyDescriptorTester.java,14,1,36,2,0.0,0,0,0,0.0,0.0,0,0,1,0,0,3,3,2,3,5,8,0.5,0.217391,5,4,1,1,0.217391,5,1,1,2,2,1,18,23,8,4,0,1,3,0,1,0,38,8,6,24,0,18,23,8,4,0,1,3,0,1,0,38,8,6,24,0,0,0,9,1,0,1,0,0,0,0,0,0,7,0,0,0,0,0,0,2,0
347,L44716,AbstractPropertyDescriptorTester<T extends Object>,net.sourceforge.pmd.properties.AbstractPropertyDescriptorTester,L41967,L103,C:\Users\domco\Desktop\DP\repos\pmd\pmd-core\src\test\java\net\sourceforge\pmd\properties\AbstractPropertyDescriptorTester.java,30,1,380,2,0.0,0,0,0,0.0,0.0,0,0,8,2,2,47,4,12,33,8,43,0.0833333,0.179487,49,40,2,22,0.179487,49,0,0,6,12,0,224,351,8,3,8,3,35,6,23,0,35,128,6,23,0,224,351,8,3,8,3,35,6,23,0,35,128,6,23,0,0,0,70,1,33,32,0,1,1,0,0,1,61,0,0,0,0,0,0,8,1.0
348,L44875,BooleanPropertyTest,net.sourceforge.pmd.properties.BooleanPropertyTest,L41967,L103,C:\Users\domco\Desktop\DP\repos\pmd\pmd-core\src\test\java\net\sourceforge\pmd\properties\BooleanPropertyTest.java,14,1,71,2,0.0,0,0,0,0.0,0.0,0,0,8,0,0,10,4,0,0,3,12,0.25,0.116279,5,3,1,3,0.116279,5,1,1,0,0,1,38,58,8,3,0,0,9,0,3,0,38,7,6,26,0,38,58,8,3,0,0,9,0,3,0,38,7,6,26,0,0,0,24,2,0,2,0,0,1,0,0,0,21,0,0,0,0,0,0,2,1.0
349,L44897,CharacterPropertyTest,net.sourceforge.pmd.properties.CharacterPropertyTest,L41967,L103,C:\Users\domco\Desktop\DP\repos\pmd\pmd-core\src\test\java\net\sourceforge\pmd\properties\CharacterPropertyTest.java,18,1,77,2,0.0,0,0,0,0.0,0.0,0,0,7,0,0,9,4,0,0,5,14,0.5,0.18,9,9,2,2,0.18,9,1,1,0,0,1,41,60,10,3,2,0,9,0,3,0,38,7,6,26,0,41,60,10,3,2,0,9,0,3,0,38,7,6,26,0,0,0,24,3,2,2,0,0,1,0,0,0,21,2,1,0,0,0,0,2,0
350,L44926,DoublePropertyTest,net.sourceforge.pmd.properties.DoublePropertyTest,L41967,L103,C:\Users\domco\Desktop\DP\repos\pmd\pmd-core\src\test\java\net\sourceforge\pmd\properties\DoublePropertyTest.java,17,1,90,2,0.0,0,0,0,0.0,0.0,0,0,1,0,0,12,12,0,0,13,24,0.5,0.137931,8,8,1,1,0.137931,8,2,2,0,0,1,50,74,11,4,3,0,11,0,1,0,47,11,6,30,0,50,74,11,4,3,0,11,0,1,0,47,11,6,30,0,0,0,28,2,3,0,0,0,0,0,1,0,25,0,5,0,0,0,0,2,0
351,L44962,FloatPropertyTest,net.sourceforge.pmd.properties.FloatPropertyTest,L41967,L103,C:\Users\domco\Desktop\DP\repos\pmd\pmd-core\src\test\java\net\sourceforge\pmd\properties\FloatPropertyTest.java,18,1,99,2,0.0,0,0,0,0.0,0.0,0,0,3,0,0,13,12,0,0,14,26,0.333333,0.126984,8,8,1,2,0.126984,8,2,2,0,0,1,55,82,11,4,3,0,12,0,2,0,48,13,6,31,0,55,82,11,4,3,0,12,0,2,0,48,13,6,31,0,0,0,31,2,3,0,0,0,1,0,1,0,27,0,5,0,0,0,0,2,1.0
352,L45001,IntegerPropertyTest,net.sourceforge.pmd.properties.IntegerPropertyTest,L41967,L103,C:\Users\domco\Desktop\DP\repos\pmd\pmd-core\src\test\java\net\sourceforge\pmd\properties\IntegerPropertyTest.java,18,1,101,2,0.0,0,0,0,0.0,0.0,0,0,1,0,0,12,12,0,0,13,24,0.5,0.279412,19,19,1,1,0.279412,19,2,2,0,0,1,49,84,11,4,3,0,11,0,1,0,47,11,6,30,0,49,84,11,4,3,0,11,0,1,0,47,11,6,30,0,0,0,24,0,3,0,0,0,0,0,1,0,21,0,3,0,0,0,0,2,0
353,L45034,LongPropertyTest,net.sourceforge.pmd.properties.LongPropertyTest,L41967,L103,C:\Users\domco\Desktop\DP\repos\pmd\pmd-core\src\test\java\net\sourceforge\pmd\properties\LongPropertyTest.java,13,1,85,2,0.0,0,0,0,0.0,0.0,0,0,3,0,0,12,12,0,0,13,24,0.5,0.0566038,3,3,1,1,0.0566038,3,2,2,0,0,1,50,73,11,4,3,0,11,0,1,0,47,11,6,30,0,50,73,11,4,3,0,11,0,1,0,47,11,6,30,0,0,0,29,2,4,0,0,1,1,0,1,0,25,0,5,0,0,0,0,2,0
354,L45068,MethodPropertyTest,net.sourceforge.pmd.properties.MethodPropertyTest,L41967,L103,C:\Users\domco\Desktop\DP\repos\pmd\pmd-core\src\test\java\net\sourceforge\pmd\properties\MethodPropertyTest.java,33,1,148,2,0.0,0,0,0,0.0,0.0,0,0,6,1,1,16,10,0,0,8,21,0.125,0.138298,13,11,1,7,0.138298,13,2,2,0,0,1,81,116,10,4,2,0,13,0,7,0,45,30,6,31,0,81,116,10,4,2,0,13,0,7,0,45,30,6,31,0,0,0,32,6,1,5,0,0,1,0,0,0,29,0,2,0,0,0,0,2,0
355,L45104,NonRuleWithAllPropertyTypes,net.sourceforge.pmd.properties.NonRuleWithAllPropertyTypes,L41967,L103,C:\Users\domco\Desktop\DP\repos\pmd\pmd-core\src\test\java\net\sourceforge\pmd\properties\NonRuleWithAllPropertyTypes.java,31,1,115,2,0.0,0,0,0,0.0,0.0,0,0,1,0,0,2,27,1,1,9,11,0.333333,0.158537,13,13,1,2,0.158537,13,3,4,0,0,1,69,85,42,19,21,0,2,18,2,0,77,19,20,72,20,69,85,42,19,21,0,2,18,2,0,77,19,20,72,20,0,0,20,1,2,0,0,0,0,0,1,1,7,1,1,0,0,0,0,12,0
356,L45166,PropertyAccessorTest,net.sourceforge.pmd.properties.PropertyAccessorTest,L41967,L103,C:\Users\domco\Desktop\DP\repos\pmd\pmd-core\src\test\java\net\sourceforge\pmd\properties\PropertyAccessorTest.java,24,1,90,2,0.0,0,0,0,0.0,0.0,0,0,2,0,0,5,5,0,0,4,9,0.166667,0.381818,21,3,1,5,0.381818,21,0,0,0,0,0,34,67,1,0,1,0,5,0,5,1,5,13,0,5,1,34,67,1,0,1,0,5,0,5,1,5,13,0,5,1,0,0,10,1,9,10,0,0,1,0,0,0,9,0,0,0,0,0,0,0,0
357,L45179,SimpleEnumeratedPropertyTest,net.sourceforge.pmd.properties.SimpleEnumeratedPropertyTest,L41967,L103,C:\Users\domco\Desktop\DP\repos\pmd\pmd-core\src\test\java\net\sourceforge\pmd\properties\SimpleEnumeratedPropertyTest.java,29,1,171,2,0.0,0,0,0,0.0,0.0,0,0,6,1,1,17,6,0,0,7,21,0.111111,0.0707965,8,7,1,8,0.0689655,8,1,1,0,0,1,105,140,11,3,3,0,14,0,8,0,43,27,6,31,0,108,143,16,3,8,0,14,5,8,0,43,27,11,31,0,0,0,42,7,8,13,0,0,1,0,0,0,34,0,2,0,0,0,0,7,1.0
358,L45263,StringPropertyTest,net.sourceforge.pmd.properties.StringPropertyTest,L41967,L103,C:\Users\domco\Desktop\DP\repos\pmd\pmd-core\src\test\java\net\sourceforge\pmd\properties\StringPropertyTest.java,17,1,94,2,0.0,0,0,0,0.0,0.0,0,0,5,1,1,10,4,0,0,6,15,0.5,0.307692,20,20,1,1,0.307692,20,1,1,0,0,1,45,78,11,3,3,0,9,0,1,0,38,15,6,24,0,45,78,11,3,3,0,9,0,1,0,38,15,6,24,0,0,0,18,1,2,1,0,0,1,0,0,0,15,0,2,0,0,0,0,2,0
359,L45295,TypePropertyTest,net.sourceforge.pmd.properties.TypePropertyTest,L41967,L103,C:\Users\domco\Desktop\DP\repos\pmd\pmd-core\src\test\java\net\sourceforge\pmd\properties\TypePropertyTest.java,27,1,79,2,0.0,0,0,0,0.0,0.0,0,0,3,0,0,7,5,0,0,4,11,0.5,0.22449,11,11,1,1,0.22449,11,2,2,0,0,1,38,53,10,4,2,0,7,0,1,0,39,7,6,25,0,38,53,10,4,2,0,7,0,1,0,39,7,6,25,0,0,0,20,3,1,1,0,0,1,0,0,0,17,0,3,0,0,0,0,2,0
360,L41956,AbstractAccumulatingRenderer,net.sourceforge.pmd.renderers.AbstractAccumulatingRenderer,L45323,L103,C:\Users\domco\Desktop\DP\repos\pmd\pmd-core\src\main\java\net\sourceforge\pmd\renderers\AbstractAccumulatingRenderer.java,24,1,65,2,0.0,0,0,0,0.0,0.0,0,0,2,0,0,5,3,5,5,2,7,0.833333,0.604167,29,29,5,1,0.604167,29,3,4,4,5,1,19,42,7,8,1,0,5,0,5,0,32,3,0,29,6,19,42,7,8,1,0,5,0,5,0,32,3,0,29,6,0,0,4,1,1,0,0,1,1,0,0,0,3,1,0,0,0,0,0,0,0
361,L45380,AbstractIncrementingRenderer,net.sourceforge.pmd.renderers.AbstractIncrementingRenderer,L45323,L103,C:\Users\domco\Desktop\DP\repos\pmd\pmd-core\src\main\java\net\sourceforge\pmd\renderers\AbstractIncrementingRenderer.java,27,1,101,2,0.0,0,0,0,0.0,0.0,0,0,4,1,1,10,7,10,11,6,12,0.857143,0.527027,39,39,6,1,0.527027,39,3,4,9,10,1,35,75,9,8,3,0,6,0,6,0,33,13,0,30,6,35,75,9,8,3,0,6,0,6,0,33,13,0,30,6,0,0,6,3,5,2,0,3,1,0,0,0,5,3,0,0,0,0,0,0,0
362,L39014,AbstractRenderer,net.sourceforge.pmd.renderers.AbstractRenderer,L45323,L103,C:\Users\domco\Desktop\DP\repos\pmd\pmd-core\src\main\java\net\sourceforge\pmd\renderers\AbstractRenderer.java,17,1,104,2,0.0,0,0,0,0.0,0.0,0,0,2,1,1,11,2,19,28,0,10,0.818182,0.341772,27,27,9,2,0.341772,27,2,3,4,19,2,52,88,6,8,4,3,10,0,10,4,31,14,0,28,6,52,88,6,8,4,3,10,0,10,4,31,14,0,28,6,0,0,7,0,1,1,0,0,1,0,0,0,5,0,0,1,0,0,0,0,0
363,L45469,CodeClimateIssue,net.sourceforge.pmd.renderers.CodeClimateIssue,L45323,L103,C:\Users\domco\Desktop\DP\repos\pmd\pmd-core\src\main\java\net\sourceforge\pmd\renderers\CodeClimateIssue.java,13,1,58,2,0.0,0,0,0,0.0,0.0,0,0,0,0,0,0,2,1,0,0,0,1.0,0.375,6,4,1,0,0.361702,17,0,0,0,0,0,10,18,8,0,8,0,0,8,0,0,0,0,8,0,0,30,46,13,0,13,0,2,13,2,0,2,5,13,2,0,0,0,26,0,1,0,0,0,0,0,0,1,8,0,0,0,0,0,0,18,0
364,L45510,CodeClimateRenderer,net.sourceforge.pmd.renderers.CodeClimateRenderer,L45323,L103,C:\Users\domco\Desktop\DP\repos\pmd\pmd-core\src\main\java\net\sourceforge\pmd\renderers\CodeClimateRenderer.java,30,1,201,2,0.0,0,0,0,0.0,0.0,0,0,2,3,3,28,12,2,1,20,30,0.5,0.101351,15,15,2,2,0.101351,15,4,5,0,0,1,133,172,17,13,8,5,10,4,3,0,41,74,4,31,6,133,172,17,13,8,5,10,4,3,0,41,74,4,31,6,0,0,30,7,2,0,0,1,1,0,2,1,21,0,1,0,0,6,0,6,0
365,L45613,ColumnDescriptor<T extends Object>,net.sourceforge.pmd.renderers.ColumnDescriptor,L45323,L103,C:\Users\domco\Desktop\DP\repos\pmd\pmd-core\src\main\java\net\sourceforge\pmd\renderers\ColumnDescriptor.java,13,1,28,2,0.0,0,0,0,0.0,0.0,0,0,0,0,0,1,1,2,0,0,1,0.5,0.375,6,6,1,1,0.315789,6,0,0,0,0,0,10,13,3,0,3,0,1,3,1,0,1,3,3,1,0,13,16,3,0,3,0,2,3,2,0,2,3,3,2,0,0,0,12,0,0,0,0,0,0,0,0,0,8,0,0,0,0,0,0,4,0
366,L39233,CSVRenderer,net.sourceforge.pmd.renderers.CSVRenderer,L45323,L103,C:\Users\domco\Desktop\DP\repos\pmd\pmd-core\src\main\java\net\sourceforge\pmd\renderers\CSVRenderer.java,27,1,165,2,0.0,0,0,0,0.0,0.0,0,0,2,2,2,15,10,4,1,17,26,0.571429,0.188889,17,16,4,3,0.139344,17,4,5,0,0,1,73,107,16,8,7,0,9,1,6,0,39,26,1,33,6,105,139,16,8,7,0,17,1,14,0,47,34,1,41,6,0,0,62,1,1,0,0,0,1,0,0,0,55,0,2,0,0,0,0,6,0
367,L45646,CSVWriter<T extends Object>,net.sourceforge.pmd.renderers.CSVWriter,L45323,L103,C:\Users\domco\Desktop\DP\repos\pmd\pmd-core\src\main\java\net\sourceforge\pmd\renderers\CSVWriter.java,19,1,79,2,0.0,0,0,0,0.0,0.0,0,0,1,2,2,9,2,1,3,1,6,0.25,0.163636,9,7,1,3,0.163636,9,0,0,0,0,0,46,61,3,0,3,0,5,0,3,0,5,31,0,3,0,46,61,3,0,3,0,5,0,3,0,5,31,0,3,0,0,0,13,0,0,0,0,0,0,0,0,0,13,0,0,0,0,0,0,0,0
368,L45797,EmacsRenderer,net.sourceforge.pmd.renderers.EmacsRenderer,L45323,L103,C:\Users\domco\Desktop\DP\repos\pmd\pmd-core\src\main\java\net\sourceforge\pmd\renderers\EmacsRenderer.java,16,1,47,2,0.0,0,0,0,0.0,0.0,0,0,2,1,1,4,3,2,1,5,8,0.5,0.2,6,6,2,2,0.2,6,4,5,0,0,1,24,32,11,8,2,0,3,1,3,0,34,11,1,31,6,24,32,11,8,2,0,3,1,3,0,34,11,1,31,6,0,0,14,0,0,0,0,0,1,0,0,0,9,0,0,0,0,0,0,4,0
369,L45808,EmptyRenderer,net.sourceforge.pmd.renderers.EmptyRenderer,L45323,L103,C:\Users\domco\Desktop\DP\repos\pmd\pmd-core\src\main\java\net\sourceforge\pmd\renderers\EmptyRenderer.java,15,1,42,2,0.0,0,0,0,0.0,0.0,0,0,5,0,0,6,3,2,1,1,7,0.142857,0.12,3,3,1,6,0.12,3,3,4,0,0,1,22,28,7,8,1,0,6,1,6,0,32,2,1,29,6,22,28,7,8,1,0,6,1,6,0,32,2,1,29,6,0,0,20,0,4,0,0,0,1,0,0,0,15,4,0,0,0,0,0,4,0
370,L39236,HTMLRenderer,net.sourceforge.pmd.renderers.HTMLRenderer,L45323,L103,C:\Users\domco\Desktop\DP\repos\pmd\pmd-core\src\main\java\net\sourceforge\pmd\renderers\HTMLRenderer.java,27,1,248,2,0.127413,1,6,3,0.148649,0.151685,33,27,3,2,2,30,11,5,2,19,30,0.714286,0.11,22,22,5,2,0.11,22,4,5,0,0,1,178,222,16,8,7,0,11,3,6,0,42,117,3,34,6,178,222,16,8,7,0,11,3,6,0,42,117,3,34,6,0,0,45,8,10,0,18,1,1,0,1,0,19,0,7,0,0,10,0,6,0
371,L45882,IDEAJRenderer,net.sourceforge.pmd.renderers.IDEAJRenderer,L45323,L103,C:\Users\domco\Desktop\DP\repos\pmd\pmd-core\src\main\java\net\sourceforge\pmd\renderers\IDEAJRenderer.java,21,1,121,2,0.0,0,0,0,0.0,0.0,0,0,2,1,1,10,7,3,1,9,16,0.5,0.111111,8,6,2,2,0.0909091,8,4,5,0,0,1,64,82,17,10,8,2,7,4,3,0,38,31,4,31,6,80,101,18,10,9,2,9,4,4,0,40,38,4,32,6,0,0,30,1,2,0,0,0,1,0,0,3,22,0,0,0,0,0,0,7,0
372,L45957,RendererFactory,net.sourceforge.pmd.renderers.RendererFactory,L45323,L103,C:\Users\domco\Desktop\DP\repos\pmd\pmd-core\src\main\java\net\sourceforge\pmd\renderers\RendererFactory.java,24,1,153,2,0.0,0,0,0,0.0,0.0,0,0,1,4,4,22,17,3,3,5,9,1.0,0.163934,20,14,2,0,0.163934,20,0,0,0,0,0,102,130,2,2,2,2,4,1,1,0,4,42,1,1,0,102,130,2,2,2,2,4,1,1,0,4,42,1,1,0,0,2,17,4,3,4,0,1,0,2,1,2,10,0,2,0,0,0,0,4,0
373,L46004,SummaryHTMLRenderer,net.sourceforge.pmd.renderers.SummaryHTMLRenderer,L45323,L103,C:\Users\domco\Desktop\DP\repos\pmd\pmd-core\src\main\java\net\sourceforge\pmd\renderers\SummaryHTMLRenderer.java,15,1,73,2,0.0,0,0,0,0.0,0.0,0,0,2,1,1,5,6,2,1,8,12,0.6,0.259259,14,11,3,2,0.259259,14,4,5,0,0,1,40,59,8,8,1,0,4,1,4,0,34,26,1,31,6,40,59,8,8,1,0,4,1,4,0,34,26,1,31,6,0,0,10,0,0,0,0,0,1,0,0,0,5,0,0,0,0,0,0,4,0
374,L45980,TextColorRenderer,net.sourceforge.pmd.renderers.TextColorRenderer,L45323,L103,C:\Users\domco\Desktop\DP\repos\pmd\pmd-core\src\main\java\net\sourceforge\pmd\renderers\TextColorRenderer.java,54,1,258,2,0.0,0,0,0,0.0,0.0,0,0,2,2,2,27,10,3,0,18,26,0.5,0.350467,75,62,2,2,0.350467,75,4,5,1,1,1,139,205,18,11,11,3,8,2,3,0,38,84,2,30,6,139,205,18,11,11,3,8,2,3,0,38,84,2,30,6,0,1,18,1,6,2,0,0,1,0,1,0,9,0,0,0,0,6,0,7,0
375,L45987,TextPadRenderer,net.sourceforge.pmd.renderers.TextPadRenderer,L45323,L103,C:\Users\domco\Desktop\DP\repos\pmd\pmd-core\src\main\java\net\sourceforge\pmd\renderers\TextPadRenderer.java,39,1,73,2,0.0,0,0,0,0.0,0.0,0,0,2,1,1,4,5,2,1,7,10,0.5,0.571429,32,28,2,2,0.571429,32,4,5,0,0,1,24,35,10,8,1,0,3,1,3,0,34,12,1,31,6,24,35,10,8,1,0,3,1,3,0,34,12,1,31,6,0,0,10,0,1,0,0,0,1,0,0,0,5,0,0,0,0,1,0,4,0
376,L39230,TextRenderer,net.sourceforge.pmd.renderers.TextRenderer,L45323,L103,C:\Users\domco\Desktop\DP\repos\pmd\pmd-core\src\main\java\net\sourceforge\pmd\renderers\TextRenderer.java,18,1,88,2,0.0,0,0,0,0.0,0.0,0,0,3,1,1,10,9,4,2,13,18,0.666667,0.190476,12,12,4,2,0.190476,12,4,5,0,0,1,51,71,10,8,1,0,5,1,5,0,36,30,1,33,6,51,71,10,8,1,0,5,1,5,0,36,30,1,33,6,0,0,16,0,1,0,0,0,1,0,0,0,11,1,0,0,0,0,0,4,0
377,L46009,VBHTMLRenderer,net.sourceforge.pmd.renderers.VBHTMLRenderer,L45323,L103,C:\Users\domco\Desktop\DP\repos\pmd\pmd-core\src\main\java\net\sourceforge\pmd\renderers\VBHTMLRenderer.java,20,1,161,2,0.0,0,0,0,0.0,0.0,0,0,2,3,3,19,8,2,1,10,17,0.666667,0.122137,16,14,4,2,0.122137,16,4,5,0,0,1,115,142,10,8,1,0,7,1,5,0,38,67,1,33,6,115,142,10,8,1,0,7,1,5,0,38,67,1,33,6,0,0,20,1,8,0,0,0,1,0,0,0,15,0,1,0,0,8,0,4,0
378,L39227,XMLRenderer,net.sourceforge.pmd.renderers.XMLRenderer,L45323,L103,C:\Users\domco\Desktop\DP\repos\pmd\pmd-core\src\main\java\net\sourceforge\pmd\renderers\XMLRenderer.java,22,1,199,2,0.0,0,0,0,0.0,0.0,0,0,2,3,3,22,13,5,6,30,39,0.571429,0.171779,28,12,4,3,0.171779,28,4,5,1,1,1,135,178,12,8,3,0,9,2,6,0,40,93,2,34,6,135,178,12,8,3,0,9,2,6,0,40,93,2,34,6,0,0,25,0,5,0,0,0,1,0,3,0,17,0,1,0,0,4,0,4,0
379,L45994,XSLTRenderer,net.sourceforge.pmd.renderers.XSLTRenderer,L45323,L103,C:\Users\domco\Desktop\DP\repos\pmd\pmd-core\src\main\java\net\sourceforge\pmd\renderers\XSLTRenderer.java,38,1,161,2,0.0,0,0,0,0.0,0.0,0,0,2,2,2,20,4,2,1,9,16,0.6,0.230769,27,17,3,2,0.230769,27,5,6,0,0,1,90,124,17,9,5,1,7,2,4,0,47,49,4,38,6,90,124,17,9,5,1,7,2,4,0,47,49,4,38,6,0,1,20,6,2,5,0,2,1,0,0,1,13,0,0,1,0,1,0,5,0
380,L45999,YAHTMLRenderer,net.sourceforge.pmd.renderers.YAHTMLRenderer,L45323,L103,C:\Users\domco\Desktop\DP\repos\pmd\pmd-core\src\main\java\net\sourceforge\pmd\renderers\YAHTMLRenderer.java,17,1,45,2,0.0,0,0,0,0.0,0.0,0,0,2,0,0,5,9,2,1,7,10,0.5,0.259259,7,6,2,2,0.259259,7,4,5,0,0,1,20,29,9,8,2,0,3,2,3,0,33,7,2,30,6,20,29,9,8,2,0,3,2,3,0,33,7,2,30,6,0,0,10,0,0,0,0,0,1,0,0,0,5,0,0,0,0,0,0,4,0
381,L46209,AbstractRendererTst,net.sourceforge.pmd.renderers.AbstractRendererTst,L45323,L103,C:\Users\domco\Desktop\DP\repos\pmd\pmd-core\src\test\java\net\sourceforge\pmd\renderers\AbstractRendererTst.java,23,1,139,2,0.0,0,0,0,0.0,0.0,0,0,1,0,0,20,14,13,2,18,38,0.0,0.0,0,0,0,16,0.0,0,0,0,13,13,0,97,117,0,8,0,8,20,0,15,0,20,51,0,15,0,97,117,0,8,0,8,20,0,15,0,20,51,0,15,0,0,0,47,2,6,6,0,2,0,0,2,0,43,0,0,1,0,0,0,1,0
382,L46259,CodeClimateRendererTest,net.sourceforge.pmd.renderers.CodeClimateRendererTest,L45323,L103,C:\Users\domco\Desktop\DP\repos\pmd\pmd-core\src\test\java\net\sourceforge\pmd\renderers\CodeClimateRendererTest.java,20,1,108,2,0.0,0,0,0,0.0,0.0,0,0,1,0,0,6,13,0,0,13,19,0.0,0.025,2,0,0,7,0.025,2,1,1,0,0,1,78,89,0,9,0,5,6,0,6,0,22,16,0,17,0,78,89,0,9,0,5,6,0,6,0,22,16,0,17,0,0,0,17,11,1,1,0,0,0,0,2,0,15,0,11,0,0,0,0,0,0
383,L46273,CSVRendererTest,net.sourceforge.pmd.renderers.CSVRendererTest,L45323,L103,C:\Users\domco\Desktop\DP\repos\pmd\pmd-core\src\test\java\net\sourceforge\pmd\renderers\CSVRendererTest.java,11,1,53,2,0.0,0,0,0,0.0,0.0,0,0,1,0,0,8,6,1,0,1,9,0.0,0.0,0,0,0,8,0.0,0,1,1,0,0,1,35,43,0,11,0,7,8,0,7,0,24,8,0,18,0,35,43,0,11,0,7,8,0,7,0,24,8,0,18,0,0,0,20,0,1,0,0,0,0,0,0,0,19,0,1,0,0,0,0,1,0
384,L46289,EmacsRendererTest,net.sourceforge.pmd.renderers.EmacsRendererTest,L45323,L103,C:\Users\domco\Desktop\DP\repos\pmd\pmd-core\src\test\java\net\sourceforge\pmd\renderers\EmacsRendererTest.java,9,1,30,2,0.0,0,0,0,0.0,0.0,0,0,0,0,0,4,4,1,0,1,5,0.0,0.0,0,0,0,5,0.0,0,1,1,0,0,1,18,22,0,8,0,4,4,0,4,0,20,4,0,15,0,18,22,0,8,0,4,4,0,4,0,20,4,0,15,0,0,0,11,0,1,0,0,0,0,0,0,0,11,0,1,0,0,0,0,0,0
385,L46296,EmptyRendererTest,net.sourceforge.pmd.renderers.EmptyRendererTest,L45323,L103,C:\Users\domco\Desktop\DP\repos\pmd\pmd-core\src\test\java\net\sourceforge\pmd\renderers\EmptyRendererTest.java,9,1,37,2,0.0,0,0,0,0.0,0.0,0,0,1,0,0,5,3,0,0,2,7,0.166667,0.0416667,1,1,1,5,0.0416667,1,1,1,0,0,1,23,29,0,8,0,4,5,0,5,0,21,5,0,16,0,23,29,0,8,0,4,5,0,5,0,21,5,0,16,0,0,0,13,1,0,1,0,0,0,0,0,0,13,0,0,0,0,0,0,0,0
386,L46306,HTMLRendererTest,net.sourceforge.pmd.renderers.HTMLRendererTest,L45323,L103,C:\Users\domco\Desktop\DP\repos\pmd\pmd-core\src\test\java\net\sourceforge\pmd\renderers\HTMLRendererTest.java,11,1,71,2,0.0,0,0,0,0.0,0.0,0,0,0,0,0,8,6,0,0,2,10,0.0,0.0,0,0,0,7,0.0,0,1,1,0,0,1,53,61,0,12,0,8,8,0,6,0,24,8,0,17,0,53,61,0,12,0,8,8,0,6,0,24,8,0,17,0,0,0,20,3,1,0,0,0,0,0,0,0,19,0,4,0,0,0,0,1,0
387,L46319,IDEAJRendererTest,net.sourceforge.pmd.renderers.IDEAJRendererTest,L45323,L103,C:\Users\domco\Desktop\DP\repos\pmd\pmd-core\src\test\java\net\sourceforge\pmd\renderers\IDEAJRendererTest.java,9,1,35,2,0.0,0,0,0,0.0,0.0,0,0,0,0,0,4,5,0,0,2,6,0.0,0.0,0,0,0,5,0.0,0,1,1,0,0,1,23,27,0,8,0,4,4,0,4,0,20,8,0,15,0,23,27,0,8,0,4,4,0,4,0,20,8,0,15,0,0,0,11,0,1,0,0,0,0,0,0,0,11,0,1,0,0,0,0,0,0
388,L46326,PapariTextRendererTest,net.sourceforge.pmd.renderers.PapariTextRendererTest,L45323,L103,C:\Users\domco\Desktop\DP\repos\pmd\pmd-core\src\test\java\net\sourceforge\pmd\renderers\PapariTextRendererTest.java,16,1,74,2,0.0,0,0,0,0.0,0.0,0,0,1,0,0,7,7,0,0,2,9,0.0,0.0,0,0,0,8,0.0,0,1,1,0,0,1,46,55,1,10,1,6,7,0,7,0,23,9,0,18,0,50,59,19,22,1,7,8,0,7,0,62,10,2,48,6,0,0,28,4,1,3,0,0,0,0,0,0,22,0,2,1,0,0,0,5,0
389,L46348,RenderersTests,net.sourceforge.pmd.renderers.RenderersTests,L45323,L103,C:\Users\domco\Desktop\DP\repos\pmd\pmd-core\src\test\java\net\sourceforge\pmd\renderers\RenderersTests.java,16,1,19,2,0.0,0,0,0,0.0,0.0,0,0,0,0,0,0,4,0,0,0,0,1.0,0.555556,5,5,1,0,0.555556,5,0,0,0,0,0,4,4,0,0,0,0,0,0,0,0,0,0,0,0,0,4,4,0,0,0,0,0,0,0,0,0,0,0,0,0,0,0,0,0,0,0,0,0,0,0,0,0,0,0,0,0,0,0,0,0,0
390,L46359,SummaryHTMLRendererTest,net.sourceforge.pmd.renderers.SummaryHTMLRendererTest,L45323,L103,C:\Users\domco\Desktop\DP\repos\pmd\pmd-core\src\test\java\net\sourceforge\pmd\renderers\SummaryHTMLRendererTest.java,24,1,154,2,0.0,0,0,0,0.0,0.0,0,0,1,0,0,9,14,0,0,11,20,0.0,0.0,0,0,0,9,0.0,0,1,1,0,0,1,121,131,0,10,0,6,9,0,8,0,25,28,0,19,0,121,131,0,10,0,6,9,0,8,0,25,28,0,19,0,0,0,23,11,2,2,0,0,0,0,1,0,21,0,11,0,0,0,0,1,0
391,L46355,TextPadRendererTest,net.sourceforge.pmd.renderers.TextPadRendererTest,L45323,L103,C:\Users\domco\Desktop\DP\repos\pmd\pmd-core\src\test\java\net\sourceforge\pmd\renderers\TextPadRendererTest.java,9,1,34,2,0.0,0,0,0,0.0,0.0,0,0,1,0,0,5,4,1,0,1,6,0.0,0.0,0,0,0,6,0.0,0,1,1,0,0,1,21,26,0,8,0,4,5,0,5,0,21,5,0,16,0,21,26,0,8,0,4,5,0,5,0,21,5,0,16,0,0,0,13,0,1,0,0,0,0,0,0,0,13,0,1,0,0,0,0,0,0
392,L46385,TextRendererTest,net.sourceforge.pmd.renderers.TextRendererTest,L45323,L103,C:\Users\domco\Desktop\DP\repos\pmd\pmd-core\src\test\java\net\sourceforge\pmd\renderers\TextRendererTest.java,11,1,42,2,0.0,0,0,0,0.0,0.0,0,0,0,0,0,6,6,0,0,1,7,0.0,0.0,0,0,0,7,0.0,0,1,1,0,0,1,26,32,0,10,0,6,6,0,6,0,22,6,0,17,0,26,32,0,10,0,6,6,0,6,0,22,6,0,17,0,0,0,16,0,1,0,0,0,0,0,0,0,15,0,1,0,0,0,0,1,0
393,L46396,VBHTMLRendererTest,net.sourceforge.pmd.renderers.VBHTMLRendererTest,L45323,L103,C:\Users\domco\Desktop\DP\repos\pmd\pmd-core\src\test\java\net\sourceforge\pmd\renderers\VBHTMLRendererTest.java,11,1,100,2,0.0,0,0,0,0.0,0.0,0,0,1,0,0,7,7,0,0,6,13,0.0,0.0,0,0,0,8,0.0,0,1,1,0,0,1,83,90,0,10,0,6,7,0,7,0,23,7,0,18,0,83,90,0,10,0,6,7,0,7,0,23,7,0,18,0,0,0,18,7,1,0,0,0,0,0,0,0,17,0,8,0,0,0,0,1,0
394,L46352,XMLRendererTest,net.sourceforge.pmd.renderers.XMLRendererTest,L45323,L103,C:\Users\domco\Desktop\DP\repos\pmd\pmd-core\src\test\java\net\sourceforge\pmd\renderers\XMLRendererTest.java,29,1,121,2,0.0,0,0,0,0.0,0.0,0,0,2,0,0,12,16,1,0,14,26,0.0,0.0,0,0,0,11,0.0,0,1,1,0,0,1,81,93,0,11,0,7,12,0,10,0,28,33,0,21,0,81,93,0,11,0,7,12,0,10,0,28,33,0,21,0,0,0,30,2,1,0,0,1,1,0,1,1,27,0,1,0,0,0,0,1,0
395,L46433,XSLTRendererTest,net.sourceforge.pmd.renderers.XSLTRendererTest,L45323,L103,C:\Users\domco\Desktop\DP\repos\pmd\pmd-core\src\test\java\net\sourceforge\pmd\renderers\XSLTRendererTest.java,19,1,34,2,0.0,0,0,0,0.0,0.0,0,0,1,0,0,1,10,0,0,9,10,0.0,0.0,0,0,0,2,0.0,0,0,0,0,0,0,15,16,0,0,0,0,1,0,1,0,1,9,0,1,0,15,16,0,0,0,0,1,0,1,0,1,9,0,1,0,0,0,5,0,1,0,0,1,0,0,0,0,5,0,0,0,0,0,0,0,0
396,L46437,YAHTMLRendererTest,net.sourceforge.pmd.renderers.YAHTMLRendererTest,L45323,L103,C:\Users\domco\Desktop\DP\repos\pmd\pmd-core\src\test\java\net\sourceforge\pmd\renderers\YAHTMLRendererTest.java,17,1,85,2,0.0,0,0,0,0.0,0.0,0,0,1,3,3,13,7,0,0,2,12,0.0,0.0344828,2,0,0,9,0.0344828,2,1,1,0,0,1,56,69,1,11,1,7,10,0,8,1,26,21,0,19,1,56,69,1,11,1,7,10,0,8,1,26,21,0,19,1,0,0,24,0,1,0,0,0,0,0,0,0,23,0,1,0,0,0,0,1,0
397,L46497,Report$ReadableDuration,net.sourceforge.pmd.Report$ReadableDuration,L9495,L103,C:\Users\domco\Desktop\DP\repos\pmd\pmd-core\src\main\java\net\sourceforge\pmd\Report.java,79,5,101,6,0.0,0,0,0,0.0,0.0,0,0,0,0,0,2,1,1,1,1,3,1.0,0.625,15,15,3,0,0.625,15,0,0,0,0,0,9,23,1,1,1,1,2,0,2,0,2,2,0,2,0,9,23,1,1,1,1,2,0,2,0,2,2,0,2,0,0,0,0,0,0,0,0,0,0,0,0,0,0,0,0,0,0,0,0,0,0
398,L41683,Report$ConfigurationError,net.sourceforge.pmd.Report$ConfigurationError,L9495,L103,C:\Users\domco\Desktop\DP\repos\pmd\pmd-core\src\main\java\net\sourceforge\pmd\Report.java,106,5,140,6,0.0,0,0,0,0.0,0.0,0,0,1,0,0,3,1,18,9,0,3,1.0,0.6,21,21,4,0,0.6,21,0,0,0,0,0,14,35,2,0,2,0,3,0,3,0,3,4,0,3,0,14,35,2,0,2,0,3,0,3,0,3,4,0,3,0,0,0,0,0,2,0,0,0,0,0,0,0,0,0,2,0,0,0,0,0,0
399,L39058,Report$ProcessingError,net.sourceforge.pmd.Report$ProcessingError,L9495,L103,C:\Users\domco\Desktop\DP\repos\pmd\pmd-core\src\main\java\net\sourceforge\pmd\Report.java,145,5,185,6,0.0,0,0,0,0.0,0.0,0,0,0,1,1,6,0,18,13,0,5,0.333333,0.315789,12,11,2,4,0.315789,12,0,0,0,0,0,26,41,2,4,2,4,5,0,5,0,5,9,0,5,0,26,41,2,4,2,4,5,0,5,0,5,9,0,5,0,0,1,9,0,0,0,0,0,0,0,0,0,9,0,1,0,0,0,0,0,0
400,L45401,Report$SuppressedViolation,net.sourceforge.pmd.Report$SuppressedViolation,L9495,L103,C:\Users\domco\Desktop\DP\repos\pmd\pmd-core\src\main\java\net\sourceforge\pmd\Report.java,190,5,242,6,0.0,0,0,0,0.0,0.0,0,0,1,0,0,5,1,5,4,0,5,0.666667,0.568627,29,29,4,2,0.568627,29,0,0,0,0,0,22,53,3,2,3,2,5,0,5,0,5,7,0,5,0,22,53,3,2,3,2,5,0,5,0,5,7,0,5,0,0,0,5,0,0,0,0,0,0,0,0,0,5,0,0,0,0,0,0,0,0
401,L46814,RuleBuilder,net.sourceforge.pmd.rules.RuleBuilder,L46810,L103,C:\Users\domco\Desktop\DP\repos\pmd\pmd-core\src\main\java\net\sourceforge\pmd\rules\RuleBuilder.java,28,15,218,2,0.0,0,0,0,0.0,0.0,0,0,1,2,2,39,7,1,2,30,50,0.0666667,0.0736196,12,10,1,14,0.0736196,12,0,0,0,0,0,151,191,16,0,16,0,20,0,14,1,20,64,0,14,1,151,191,16,0,16,0,20,0,14,1,20,64,0,14,1,0,0,47,0,9,0,0,0,0,0,1,3,43,0,6,0,0,0,0,3,0
402,L46901,RuleFactory,net.sourceforge.pmd.rules.RuleFactory,L46810,L103,C:\Users\domco\Desktop\DP\repos\pmd\pmd-core\src\main\java\net\sourceforge\pmd\rules\RuleFactory.java,41,1,380,2,0.0668359,1,4,1,0.0470588,0.0642202,16,14,1,3,3,58,9,1,2,32,45,1.0,0.273333,82,77,3,0,0.273333,82,0,0,0,0,0,218,340,15,2,15,2,13,0,2,2,13,136,0,2,2,218,340,15,2,15,2,13,0,2,2,13,136,0,2,2,0,0,27,1,0,0,9,0,0,2,2,1,12,0,0,0,0,0,0,2,0
403,L47045,RuleSet$RuleSetBuilder,net.sourceforge.pmd.RuleSet$RuleSetBuilder,L9423,L103,C:\Users\domco\Desktop\DP\repos\pmd\pmd-core\src\main\java\net\sourceforge\pmd\RuleSet.java,97,19,419,6,0.0,0,0,0,0.0,0.0,0,0,2,2,2,48,7,4,33,20,42,0.666667,0.400673,119,115,14,7,0.400673,119,0,0,0,0,0,178,323,7,1,7,1,22,3,20,2,22,93,3,20,2,178,323,7,1,7,1,22,3,20,2,22,93,3,20,2,0,1,26,2,2,2,0,0,1,0,1,2,17,0,1,0,0,0,0,7,0
404,L47426,RuleSetFactoryCompatibility$RuleSetFilter,net.sourceforge.pmd.RuleSetFactoryCompatibility$RuleSetFilter,L47236,L103,C:\Users\domco\Desktop\DP\repos\pmd\pmd-core\src\main\java\net\sourceforge\pmd\RuleSetFactoryCompatibility.java,147,5,224,6,0.0,0,0,0,0.0,0.0,0,0,1,2,2,13,1,1,4,0,6,0.0,0.0,0,0,0,4,0.0,0,0,0,0,0,0,66,78,5,0,5,0,6,0,3,1,6,33,0,3,1,66,78,5,0,5,0,6,0,3,1,6,33,0,3,1,0,0,15,1,1,0,0,1,0,0,0,0,15,0,1,0,0,0,0,0,0
405,L7864,DataPoint,net.sourceforge.pmd.stat.DataPoint,L47905,L103,C:\Users\domco\Desktop\DP\repos\pmd\pmd-core\src\main\java\net\sourceforge\pmd\stat\DataPoint.java,17,1,75,2,0.0,0,0,0,0.0,0.0,0,0,1,1,1,9,1,28,35,0,8,0.333333,0.357143,20,18,3,6,0.357143,20,0,0,0,0,0,36,59,4,3,4,3,8,0,8,3,8,12,0,8,3,36,59,4,3,4,3,8,0,8,3,8,12,0,8,3,0,0,13,0,3,0,0,1,0,0,0,2,13,0,0,0,0,0,0,0,0
406,L13154,Metric,net.sourceforge.pmd.stat.Metric,L47905,L103,C:\Users\domco\Desktop\DP\repos\pmd\pmd-core\src\main\java\net\sourceforge\pmd\stat\Metric.java,12,1,76,2,0.0,0,0,0,0.0,0.0,0,0,0,0,0,8,0,10,11,0,8,0.222222,0.370968,23,23,2,7,0.370968,23,0,0,0,0,0,39,65,7,7,7,7,8,0,8,0,8,14,0,8,0,39,65,7,7,7,7,8,0,8,0,8,14,0,8,0,0,0,18,0,10,0,0,0,0,0,0,7,15,0,0,0,0,3,0,3,0
407,L47969,MetricTest,net.sourceforge.pmd.stat.MetricTest,L47905,L103,C:\Users\domco\Desktop\DP\repos\pmd\pmd-core\src\test\java\net\sourceforge\pmd\stat\MetricTest.java,38,1,89,2,0.0,0,0,0,0.0,0.0,0,0,1,0,0,7,1,1,0,8,15,0.125,0.0625,3,3,1,7,0.0625,3,0,0,0,0,0,45,52,2,0,2,0,7,0,7,0,7,20,0,7,0,45,52,2,0,2,0,7,0,7,0,7,20,0,7,0,0,0,17,0,9,7,0,0,0,0,0,2,17,0,0,0,0,0,0,0,0
408,L47992,MockStatisticalRule,net.sourceforge.pmd.stat.MockStatisticalRule,L47905,L103,C:\Users\domco\Desktop\DP\repos\pmd\pmd-core\src\test\java\net\sourceforge\pmd\stat\MockStatisticalRule.java,37,1,65,2,0.0,0,0,0,0.0,0.0,0,0,1,0,0,5,6,1,2,5,10,0.0,0.0,0,0,0,6,0.0,0,4,6,0,0,2,23,29,25,23,1,2,5,0,5,0,84,6,5,78,20,23,29,25,23,1,2,5,0,5,0,84,6,5,78,20,0,0,24,1,1,0,0,0,0,0,0,1,13,0,1,2,0,0,0,9,0
409,L48007,StatisticalRuleTest,net.sourceforge.pmd.stat.StatisticalRuleTest,L47905,L103,C:\Users\domco\Desktop\DP\repos\pmd\pmd-core\src\test\java\net\sourceforge\pmd\stat\StatisticalRuleTest.java,84,1,867,2,0.116496,2,6,4,0.0612245,0.0729167,48,42,1,3,2,125,15,1,0,26,119,0.148936,0.13253,88,85,14,80,0.13253,88,0,0,0,0,0,576,784,15,0,15,0,93,10,93,1,93,279,10,93,1,576,784,15,0,15,0,93,10,93,1,93,279,10,93,1,0,0,205,71,11,77,21,0,0,1,3,2,167,0,1,0,0,2,0,13,0
410,L48211,StatTests,net.sourceforge.pmd.stat.StatTests,L47905,L103,C:\Users\domco\Desktop\DP\repos\pmd\pmd-core\src\test\java\net\sourceforge\pmd\stat\StatTests.java,16,1,19,2,0.0,0,0,0,0.0,0.0,0,0,0,0,0,0,2,0,0,0,0,1.0,0.555556,5,5,1,0,0.555556,5,0,0,0,0,0,4,4,0,0,0,0,0,0,0,0,0,0,0,0,0,4,4,0,0,0,0,0,0,0,0,0,0,0,0,0,0,0,0,0,0,0,0,0,0,0,0,0,0,0,0,0,0,0,0,0,0
411,L26720,ClasspathClassLoader,net.sourceforge.pmd.util.ClasspathClassLoader,L48223,L103,C:\Users\domco\Desktop\DP\repos\pmd\pmd-core\src\main\java\net\sourceforge\pmd\util\ClasspathClassLoader.java,29,1,117,2,0.0,0,0,0,0.0,0.0,0,0,3,3,3,15,0,5,1,0,7,0.666667,0.186047,16,10,2,1,0.186047,16,0,0,0,0,0,70,89,1,0,1,0,7,0,2,0,7,33,0,2,0,70,89,1,0,1,0,7,0,2,0,7,33,0,2,0,0,0,16,1,1,0,0,0,1,0,0,0,15,0,1,0,0,1,0,0,0
412,L48284,ClassUtil,net.sourceforge.pmd.util.ClassUtil,L48223,L103,C:\Users\domco\Desktop\DP\repos\pmd\pmd-core\src\main\java\net\sourceforge\pmd\util\ClassUtil.java,21,1,183,2,0.0,0,0,0,0.0,0.0,0,0,4,2,2,21,2,6,7,3,13,0.888889,0.452055,66,66,8,1,0.452055,66,0,0,0,0,0,80,163,4,3,4,3,10,1,8,0,10,42,1,8,0,80,163,4,3,4,3,10,1,8,0,10,42,1,8,0,0,0,10,0,3,3,0,0,1,0,0,0,5,0,0,0,0,0,0,4,0
413,L48338,CollectionUtil,net.sourceforge.pmd.util.CollectionUtil,L48223,L103,C:\Users\domco\Desktop\DP\repos\pmd\pmd-core\src\main\java\net\sourceforge\pmd\util\CollectionUtil.java,25,1,355,2,0.0,0,0,0,0.0,0.0,0,0,9,2,2,51,1,14,25,3,19,1.0,0.463576,140,139,16,0,0.463576,140,0,0,0,0,0,162,331,2,1,2,1,16,2,15,0,16,92,2,15,0,162,331,2,1,2,1,16,2,15,0,16,92,2,15,0,0,0,7,1,7,7,0,0,1,0,0,1,2,0,0,0,0,0,0,4,0
414,L38199,CompoundIterator<T extends Object>,net.sourceforge.pmd.util.CompoundIterator,L48223,L103,C:\Users\domco\Desktop\DP\repos\pmd\pmd-core\src\main\java\net\sourceforge\pmd\util\CompoundIterator.java,18,1,78,2,0.0,0,0,0,0.0,0.0,0,0,1,2,2,9,0,2,5,0,5,1.0,0.375,24,24,5,0,0.375,24,0,0,0,0,0,40,61,2,1,2,1,5,0,4,0,5,16,0,4,0,40,61,2,1,2,1,5,0,4,0,5,16,0,4,0,0,0,2,1,0,1,0,0,0,0,0,0,2,0,0,0,0,0,0,0,0
415,L49218,DateTimeUtil,net.sourceforge.pmd.util.DateTimeUtil,L48223,L103,C:\Users\domco\Desktop\DP\repos\pmd\pmd-core\src\main\java\net\sourceforge\pmd\util\DateTimeUtil.java,11,1,55,2,0.0,0,0,0,0.0,0.0,0,0,1,1,1,9,0,2,2,0,2,1.0,0.219512,9,9,2,0,0.219512,9,0,0,0,0,0,32,45,0,0,0,0,2,0,1,0,2,20,0,1,0,32,45,0,0,0,0,2,0,1,0,2,20,0,1,0,0,0,6,0,0,0,0,0,0,0,0,0,6,0,0,0,0,0,0,0,0
416,L49695,EmptyIterator<T extends Object>,net.sourceforge.pmd.util.EmptyIterator,L48223,L103,C:\Users\domco\Desktop\DP\repos\pmd\pmd-core\src\main\java\net\sourceforge\pmd\util\EmptyIterator.java,16,1,43,2,0.0,0,0,0,0.0,0.0,0,0,4,0,0,5,0,1,2,0,5,0.2,0.241379,7,7,1,4,0.241379,7,0,0,0,0,0,22,28,1,0,1,0,5,1,4,0,5,4,1,4,0,22,28,1,0,1,0,5,1,4,0,5,4,1,4,0,0,0,18,0,1,0,0,0,1,0,0,0,13,0,1,0,0,0,0,4,0
417,L1074,FileFinder,net.sourceforge.pmd.util.FileFinder,L48223,L103,C:\Users\domco\Desktop\DP\repos\pmd\pmd-core\src\main\java\net\sourceforge\pmd\util\FileFinder.java,15,1,46,2,0.0,0,0,0,0.0,0.0,0,0,1,3,3,6,0,4,4,0,2,0.5,0.1875,6,6,1,1,0.1875,6,0,0,0,0,0,26,32,2,0,2,0,2,0,1,0,2,15,0,1,0,26,32,2,0,2,0,2,0,1,0,2,15,0,1,0,0,0,7,0,1,1,0,0,0,0,0,0,7,0,0,0,0,0,0,0,0
418,L49727,FileIterable,net.sourceforge.pmd.util.FileIterable,L48223,L103,C:\Users\domco\Desktop\DP\repos\pmd\pmd-core\src\main\java\net\sourceforge\pmd\util\FileIterable.java,24,1,87,2,0.0,0,0,0,0.0,0.0,0,0,2,2,2,6,1,2,1,0,3,0.333333,0.285714,10,10,1,2,0.16129,10,0,0,0,0,0,25,32,1,0,1,0,3,0,2,0,3,9,0,2,0,52,64,2,0,2,0,6,0,5,0,6,20,0,5,0,0,1,19,0,3,0,0,0,2,0,0,1,17,0,1,0,0,2,0,0,0
419,L49753,FileUtil,net.sourceforge.pmd.util.FileUtil,L48223,L103,C:\Users\domco\Desktop\DP\repos\pmd\pmd-core\src\main\java\net\sourceforge\pmd\util\FileUtil.java,34,1,174,2,0.0,0,0,0,0.0,0.0,0,0,4,5,5,21,9,7,12,11,18,1.0,0.402985,54,50,6,0,0.402985,54,0,0,0,0,0,80,141,0,1,0,1,7,0,5,0,7,46,0,5,0,80,141,0,1,0,1,7,0,5,0,7,46,0,5,0,0,0,7,3,0,1,0,0,1,2,0,2,4,0,0,0,0,0,0,0,0
420,L50072,IOUtil,net.sourceforge.pmd.util.IOUtil,L48223,L103,C:\Users\domco\Desktop\DP\repos\pmd\pmd-core\src\main\java\net\sourceforge\pmd\util\IOUtil.java,23,1,60,2,0.0,0,0,0,0.0,0.0,0,0,3,2,2,10,0,9,10,0,5,0.2,0.111111,4,4,1,4,0.111111,4,0,0,0,0,0,32,38,0,0,0,0,5,0,4,0,5,14,0,4,0,32,38,0,0,0,0,5,0,4,0,5,14,0,4,0,0,1,14,1,0,0,0,0,1,0,0,1,13,0,0,0,0,1,0,0,0
421,L50161,NumericConstants,net.sourceforge.pmd.util.NumericConstants,L48223,L103,C:\Users\domco\Desktop\DP\repos\pmd\pmd-core\src\main\java\net\sourceforge\pmd\util\NumericConstants.java,7,1,16,2,0.0,0,0,0,0.0,0.0,0,0,0,0,0,1,0,22,0,0,1,0.0,0.0,0,0,0,1,0.0,0,0,0,0,0,0,6,10,3,0,3,0,1,3,0,0,1,0,3,0,0,6,10,3,0,3,0,1,3,0,0,1,0,3,0,0,0,0,9,0,1,0,0,0,0,0,0,1,5,0,0,0,0,0,0,4,0
422,L38977,ResourceLoader,net.sourceforge.pmd.util.ResourceLoader,L48223,L103,C:\Users\domco\Desktop\DP\repos\pmd\pmd-core\src\main\java\net\sourceforge\pmd\util\ResourceLoader.java,19,1,121,2,0.0,0,0,0,0.0,0.0,0,0,1,2,2,12,1,12,17,1,6,0.5,0.307692,28,15,3,3,0.307692,28,0,0,0,0,0,63,103,2,0,2,0,5,1,5,0,5,26,1,5,0,63,103,2,0,2,0,5,1,5,0,5,26,1,5,0,0,2,7,2,0,1,0,0,0,0,0,1,3,0,1,0,0,1,0,4,0
423,L50190,StringUtil,net.sourceforge.pmd.util.StringUtil,L48223,L103,C:\Users\domco\Desktop\DP\repos\pmd\pmd-core\src\main\java\net\sourceforge\pmd\util\StringUtil.java,21,1,606,2,0.0,0,0,0,0.0,0.0,0,0,18,6,4,88,1,19,31,1,25,1.0,0.420118,213,209,24,0,0.420118,213,0,0,0,0,0,294,586,1,1,1,1,24,0,23,0,24,191,0,23,0,294,586,1,1,1,1,24,0,23,0,24,191,0,23,0,0,0,11,1,6,6,0,0,1,4,0,0,4,0,0,0,0,1,0,2,0
424,L48287,TypeMap,net.sourceforge.pmd.util.TypeMap,L48223,L103,C:\Users\domco\Desktop\DP\repos\pmd\pmd-core\src\main\java\net\sourceforge\pmd\util\TypeMap.java,20,1,165,2,0.0,0,0,0,0.0,0.0,0,0,1,1,1,16,1,3,11,1,11,1.0,0.557971,77,77,10,0,0.557971,77,0,0,0,0,0,61,146,1,0,1,0,10,0,9,0,10,30,0,9,0,61,146,1,0,1,0,10,0,9,0,10,30,0,9,0,0,1,0,0,0,0,0,0,0,0,0,0,0,0,1,0,0,0,0,0,0
425,L50792,CompoundListTest,net.sourceforge.pmd.util.CompoundListTest,L48223,L103,C:\Users\domco\Desktop\DP\repos\pmd\pmd-core\src\test\java\net\sourceforge\pmd\util\CompoundListTest.java,19,1,92,2,0.0,0,0,0,0.0,0.0,0,0,5,0,0,7,1,0,0,1,8,0.0,0.0,0,0,0,8,0.0,0,0,0,0,0,0,65,74,3,0,3,0,7,0,7,1,7,40,0,7,1,65,74,3,0,3,0,7,0,7,1,7,40,0,7,1,0,0,18,0,27,27,0,0,1,0,0,0,17,0,0,0,0,0,0,0,0
426,L50812,DateTimeUtilTest,net.sourceforge.pmd.util.DateTimeUtilTest,L48223,L103,C:\Users\domco\Desktop\DP\repos\pmd\pmd-core\src\test\java\net\sourceforge\pmd\util\DateTimeUtilTest.java,19,1,38,2,0.0,0,0,0,0.0,0.0,0,0,2,1,1,3,2,0,0,2,4,0.333333,0.222222,4,4,1,2,0.222222,4,0,0,0,0,0,14,20,0,0,0,0,2,0,2,0,2,6,0,2,0,14,20,0,0,0,0,2,0,2,0,2,6,0,2,0,0,0,8,0,1,1,0,0,1,0,0,0,7,0,0,0,0,0,0,0,0
427,L50824,StringUtilTest,net.sourceforge.pmd.util.StringUtilTest,L48223,L103,C:\Users\domco\Desktop\DP\repos\pmd\pmd-core\src\test\java\net\sourceforge\pmd\util\StringUtilTest.java,11,1,75,2,0.0,0,0,0,0.0,0.0,0,0,9,0,0,9,1,0,0,3,12,0.1,0.160714,9,8,1,9,0.160714,9,0,0,0,0,0,47,65,0,0,0,0,9,0,9,0,9,18,0,9,0,47,65,0,0,0,0,9,0,9,0,9,18,0,9,0,0,0,20,0,6,6,0,0,1,0,0,0,19,0,0,0,0,0,0,0,0
428,L50840,TypeMapTest,net.sourceforge.pmd.util.TypeMapTest,L48223,L103,C:\Users\domco\Desktop\DP\repos\pmd\pmd-core\src\test\java\net\sourceforge\pmd\util\TypeMapTest.java,21,1,84,2,0.0,0,0,0,0.0,0.0,0,0,5,1,1,6,1,0,0,6,11,0.166667,0.111111,6,5,1,5,0.111111,6,0,0,0,0,0,48,64,0,0,0,0,5,0,5,0,5,29,0,5,0,48,64,0,0,0,0,5,0,5,0,5,29,0,5,0,0,0,14,1,0,1,0,0,1,0,0,0,13,0,0,0,0,0,0,0,0
429,L52162,AbstractRuleTest$MyRule,net.sourceforge.pmd.AbstractRuleTest$MyRule,L52160,L103,C:\Users\domco\Desktop\DP\repos\pmd\pmd-core\src\test\java\net\sourceforge\pmd\AbstractRuleTest.java,29,5,46,6,0.0,0,0,0,0.0,0.0,0,0,1,0,0,2,6,1,15,6,8,0.0,0.0,0,0,0,3,0.0,0,3,4,0,0,1,15,18,23,19,2,0,2,0,2,0,77,6,2,72,20,15,18,23,19,2,0,2,0,2,0,77,6,2,72,20,0,0,14,1,1,0,0,0,0,0,0,0,7,1,1,0,0,0,0,7,0
430,L52171,AbstractRuleTest$MyOtherRule,net.sourceforge.pmd.AbstractRuleTest$MyOtherRule,L52160,L103,C:\Users\domco\Desktop\DP\repos\pmd\pmd-core\src\test\java\net\sourceforge\pmd\AbstractRuleTest.java,48,5,62,6,0.0,0,0,0,0.0,0.0,0,0,1,0,0,2,6,1,1,6,8,0.0,0.0,0,0,0,2,0.0,0,3,4,0,0,1,13,15,22,19,1,0,2,0,1,0,77,5,2,71,20,13,15,22,19,1,0,2,0,1,0,77,5,2,71,20,0,0,14,0,1,0,0,0,0,0,0,0,7,1,0,0,0,0,0,7,0
431,L52268,AttributeAxisIteratorTest,net.sourceforge.pmd.jaxen.AttributeAxisIteratorTest,L52260,L103,C:\Users\domco\Desktop\DP\repos\pmd\pmd-core\src\test\java\net\sourceforge\pmd\jaxen\AttributeAxisIteratorTest.java,12,1,26,2,0.0,0,0,0,0.0,0.0,0,0,2,0,0,2,3,0,0,5,7,0.0,0.0,0,0,0,3,0.0,0,0,0,0,0,0,13,15,0,0,0,0,2,0,2,0,2,6,0,2,0,13,15,0,0,0,0,2,0,2,0,2,6,0,2,0,0,0,8,0,0,0,0,0,1,0,0,0,7,0,0,0,0,0,0,0,0
432,L52275,AttributeTest,net.sourceforge.pmd.jaxen.AttributeTest,L52260,L103,C:\Users\domco\Desktop\DP\repos\pmd\pmd-core\src\test\java\net\sourceforge\pmd\jaxen\AttributeTest.java,16,1,40,2,0.0,0,0,0,0.0,0.0,0,0,2,2,2,4,3,0,0,7,9,0.0,0.0,0,0,0,3,0.0,0,0,0,0,0,0,23,25,0,0,0,0,2,0,2,0,2,16,0,2,0,23,25,0,0,0,0,2,0,2,0,2,16,0,2,0,0,0,8,0,6,6,0,0,1,0,0,0,7,0,0,0,0,0,0,0,0
433,L52281,MatchesFunctionTest,net.sourceforge.pmd.jaxen.MatchesFunctionTest,L52260,L103,C:\Users\domco\Desktop\DP\repos\pmd\pmd-core\src\test\java\net\sourceforge\pmd\jaxen\MatchesFunctionTest.java,20,1,74,2,0.0,0,0,0,0.0,0.0,0,0,2,0,0,4,3,0,0,4,8,0.0,0.0,0,0,0,4,0.0,0,0,0,0,0,0,30,35,0,0,0,0,4,0,3,0,4,18,0,3,0,46,55,14,15,1,1,8,0,7,1,59,22,0,55,4,0,0,24,1,4,4,0,0,1,0,0,0,22,0,1,0,0,0,0,1,0
434,L52308,DocumentNavigatorTest,net.sourceforge.pmd.jaxen.DocumentNavigatorTest,L52260,L103,C:\Users\domco\Desktop\DP\repos\pmd\pmd-java\src\test\java\net\sourceforge\pmd\jaxen\DocumentNavigatorTest.java,35,1,191,2,0.0,0,0,0,0.0,0.0,0,0,1,1,1,13,8,0,0,9,21,0.0,0.0380952,4,0,0,13,0.0588235,8,1,1,0,0,1,101,120,3,2,2,0,12,1,12,1,30,53,1,21,1,128,157,29,22,7,0,17,1,17,1,234,63,3,217,21,0,0,57,4,27,29,0,1,1,0,0,0,38,0,1,1,0,0,0,17,0
435,L52361,RegexpAcceptanceTest,net.sourceforge.pmd.jaxen.RegexpAcceptanceTest,L52260,L103,C:\Users\domco\Desktop\DP\repos\pmd\pmd-java\src\test\java\net\sourceforge\pmd\jaxen\RegexpAcceptanceTest.java,16,1,31,2,0.0,0,0,0,0.0,0.0,0,0,1,1,1,2,7,0,0,7,8,0.0,0.0,0,0,0,2,0.0,0,2,2,0,0,1,14,16,3,3,1,0,1,0,1,0,25,7,0,13,1,14,16,3,3,1,0,1,0,1,0,25,7,0,13,1,0,0,5,1,0,1,0,0,0,0,0,0,5,0,0,0,0,0,0,0,0
436,L52379,JavaUtilLoggingRule,net.sourceforge.pmd.junit.JavaUtilLoggingRule,L52376,L103,C:\Users\domco\Desktop\DP\repos\pmd\pmd-core\src\test\java\net\sourceforge\pmd\junit\JavaUtilLoggingRule.java,19,1,62,2,0.0,0,0,0,0.0,0.0,0,0,1,0,0,5,0,1,2,0,5,1.0,0.409091,18,18,4,0,0.409091,18,0,0,0,0,0,26,44,3,1,3,1,5,0,3,0,5,9,0,3,0,26,44,3,1,3,1,5,0,3,0,5,9,0,3,0,0,0,4,0,1,0,0,0,0,0,0,0,4,0,1,0,0,0,0,0,0
437,L52736,RuleSetSchemaTest$PMDRuleSetEntityResolver,net.sourceforge.pmd.RuleSetSchemaTest$PMDRuleSetEntityResolver,L52713,L103,C:\Users\domco\Desktop\DP\repos\pmd\pmd-core\src\test\java\net\sourceforge\pmd\RuleSetSchemaTest.java,109,5,124,6,0.0,0,0,0,0.0,0.0,0,0,1,1,1,3,0,1,1,0,2,0.0,0.0,0,0,0,3,0.0,0,0,0,0,0,0,14,16,2,1,2,1,2,0,2,0,2,4,0,2,0,14,16,2,1,2,1,2,0,2,0,2,4,0,2,0,0,0,7,0,0,0,0,0,0,0,0,0,7,0,0,0,0,0,0,0,0
438,L52716,RuleSetSchemaTest$CollectingErrorHandler,net.sourceforge.pmd.RuleSetSchemaTest$CollectingErrorHandler,L52713,L103,C:\Users\domco\Desktop\DP\repos\pmd\pmd-core\src\test\java\net\sourceforge\pmd\RuleSetSchemaTest.java,126,5,172,6,0.0,0,0,0,0.0,0.0,0,0,1,0,0,11,0,1,2,0,9,0.0,0.0,0,0,0,10,0.0,0,0,0,0,0,0,38,47,3,3,3,3,9,0,9,0,9,11,0,9,0,38,47,3,3,3,3,9,0,9,0,9,11,0,9,0,0,0,21,0,3,0,0,0,0,0,0,3,21,0,0,0,0,0,0,0,0
439,L52898,BinaryDistributionIT,net.sourceforge.pmd.it.BinaryDistributionIT,L52883,L103,C:\Users\domco\Desktop\DP\repos\pmd\pmd-dist\src\test\java\net\sourceforge\pmd\it\BinaryDistributionIT.java,28,1,128,2,0.0,0,0,0,0.0,0.0,0,0,1,1,1,13,5,0,0,5,13,0.0,0.0632911,5,4,0,7,0.0632911,5,0,0,0,0,0,74,101,1,2,1,2,8,0,6,0,8,44,0,6,0,74,101,1,2,1,2,8,0,6,0,8,44,0,6,0,0,0,19,5,3,4,0,1,0,0,0,3,19,0,0,0,0,0,0,0,0
440,L52932,CpdExecutor,net.sourceforge.pmd.it.CpdExecutor,L52883,L103,C:\Users\domco\Desktop\DP\repos\pmd\pmd-dist\src\test\java\net\sourceforge\pmd\it\CpdExecutor.java,20,1,65,2,0.846591,2,2,2,0.478261,0.625,22,20,1,1,1,5,2,1,1,1,5,1.0,0.288889,13,12,2,0,0.288889,13,0,0,0,0,0,32,46,1,0,1,0,4,0,1,0,4,19,0,1,0,32,46,1,0,1,0,4,0,1,0,4,19,0,1,0,0,0,21,3,1,0,17,0,0,0,0,4,4,0,0,0,0,0,0,0,0
441,L52920,ExecutionResult,net.sourceforge.pmd.it.ExecutionResult,L52883,L103,C:\Users\domco\Desktop\DP\repos\pmd\pmd-dist\src\test\java\net\sourceforge\pmd\it\ExecutionResult.java,18,1,51,2,0.0,0,0,0,0.0,0.0,0,0,1,1,1,4,1,3,6,0,3,0.666667,0.333333,12,12,2,1,0.333333,12,0,0,0,0,0,24,34,2,0,2,0,3,0,2,0,3,9,0,2,0,24,34,2,0,2,0,3,0,2,0,3,9,0,2,0,0,0,5,0,0,0,0,0,0,0,0,0,5,0,0,0,0,0,0,0,0
442,L52981,PMDExecutor,net.sourceforge.pmd.it.PMDExecutor,L52883,L103,C:\Users\domco\Desktop\DP\repos\pmd\pmd-dist\src\test\java\net\sourceforge\pmd\it\PMDExecutor.java,20,1,86,2,0.680365,2,2,2,0.328358,0.465116,22,20,1,1,1,7,2,1,1,1,6,1.0,0.338462,22,21,3,0,0.338462,22,0,0,0,0,0,43,67,5,0,5,0,5,0,2,0,5,22,0,2,0,43,67,5,0,5,0,5,0,2,0,5,22,0,2,0,0,0,21,4,1,0,17,0,0,0,0,5,4,0,0,0,0,0,0,0,0
443,L53009,SourceDistributionIT,net.sourceforge.pmd.it.SourceDistributionIT,L52883,L103,C:\Users\domco\Desktop\DP\repos\pmd\pmd-dist\src\test\java\net\sourceforge\pmd\it\SourceDistributionIT.java,15,1,24,2,0.0,0,0,0,0.0,0.0,0,0,1,0,0,2,1,0,0,0,2,0.0,0.0,0,0,0,2,0.0,0,0,0,0,0,0,9,10,0,1,0,1,2,0,1,0,2,2,0,1,0,9,10,0,1,0,1,2,0,1,0,2,2,0,1,0,0,0,7,0,1,1,0,0,0,0,0,0,7,0,0,0,0,0,0,0,0
444,L53014,ZipFileExtractor,net.sourceforge.pmd.it.ZipFileExtractor,L52883,L103,C:\Users\domco\Desktop\DP\repos\pmd\pmd-dist\src\test\java\net\sourceforge\pmd\it\ZipFileExtractor.java,25,1,62,2,0.0,0,0,0,0.0,0.0,0,0,1,4,4,5,0,1,1,0,2,1.0,0.317073,13,12,2,0,0.317073,13,0,0,0,0,0,28,38,1,0,1,0,2,0,1,0,2,13,0,1,0,28,38,1,0,1,0,2,0,1,0,2,13,0,1,0,0,1,4,1,1,0,0,0,0,2,0,2,2,0,0,0,0,1,0,0,0
445,L53052,DefaultFileWriter,net.sourceforge.pmd.docs.DefaultFileWriter,L53027,L103,C:\Users\domco\Desktop\DP\repos\pmd\pmd-doc\src\main\java\net\sourceforge\pmd\docs\DefaultFileWriter.java,13,1,19,2,0.0,0,0,0,0.0,0.0,0,0,1,0,0,1,1,1,0,0,1,0.0,0.0,0,0,0,2,0.0,0,1,1,0,0,1,7,7,0,0,0,0,1,0,1,0,1,2,0,1,0,7,7,0,0,0,0,1,0,1,0,1,2,0,1,0,0,0,5,0,0,0,0,0,0,0,0,0,5,0,0,0,0,0,0,0,0
446,L53069,GenerateRuleDocsCmd,net.sourceforge.pmd.docs.GenerateRuleDocsCmd,L53027,L103,C:\Users\domco\Desktop\DP\repos\pmd\pmd-doc\src\main\java\net\sourceforge\pmd\docs\GenerateRuleDocsCmd.java,23,1,62,2,0.0,0,0,0,0.0,0.0,0,0,1,1,1,4,5,1,1,4,7,0.0,0.037037,1,0,0,3,0.0294118,1,0,0,0,0,0,26,32,0,0,0,0,3,0,2,0,3,15,0,2,0,33,40,0,0,0,0,4,0,3,0,4,18,0,3,0,0,0,12,3,1,2,0,0,0,0,0,2,12,0,0,0,0,0,0,0,0
447,L53081,RuleDocGenerator,net.sourceforge.pmd.docs.RuleDocGenerator,L53027,L103,C:\Users\domco\Desktop\DP\repos\pmd\pmd-doc\src\main\java\net\sourceforge\pmd\docs\RuleDocGenerator.java,42,1,566,2,0.0494782,1,4,2,0.0495238,0.0585366,26,24,1,6,6,70,16,2,2,36,53,0.0,0.115207,50,42,0,3,0.108696,50,0,0,0,0,0,384,499,12,8,12,8,17,0,2,0,17,238,0,2,0,410,525,12,8,12,8,21,0,6,0,21,250,0,6,0,0,0,101,9,2,4,34,0,0,7,3,2,49,0,4,0,0,1,0,8,0
448,L53262,RuleSetUtils,net.sourceforge.pmd.docs.RuleSetUtils,L53027,L103,C:\Users\domco\Desktop\DP\repos\pmd\pmd-doc\src\main\java\net\sourceforge\pmd\docs\RuleSetUtils.java,14,1,81,2,0.0,0,0,0,0.0,0.0,0,0,2,2,2,11,4,2,3,4,10,0.5,0.370968,23,21,3,3,0.370968,23,0,0,0,0,0,39,68,0,3,0,3,6,0,5,0,6,20,0,5,0,39,68,0,3,0,3,6,0,5,0,6,20,0,5,0,0,0,6,0,0,0,0,0,1,0,0,0,5,0,0,0,0,0,0,0,0
449,L53139,SidebarGenerator,net.sourceforge.pmd.docs.SidebarGenerator,L53027,L103,C:\Users\domco\Desktop\DP\repos\pmd\pmd-doc\src\main\java\net\sourceforge\pmd\docs\SidebarGenerator.java,25,1,99,2,0.0,0,0,0,0.0,0.0,0,0,1,2,2,8,4,2,2,5,11,0.0,0.0,0,0,0,5,0.0,0,0,0,0,0,0,63,75,3,0,3,0,6,0,4,0,6,42,0,4,0,63,75,3,0,3,0,6,0,4,0,6,42,0,4,0,0,0,15,4,1,1,0,1,0,0,0,0,15,0,3,0,0,0,0,0,0
450,L53306,MockedFileWriter,net.sourceforge.pmd.docs.MockedFileWriter,L53027,L103,C:\Users\domco\Desktop\DP\repos\pmd\pmd-doc\src\test\java\net\sourceforge\pmd\docs\MockedFileWriter.java,14,1,46,2,0.0,0,0,0,0.0,0.0,0,0,1,0,0,3,2,2,3,0,3,0.0,0.0,0,0,0,4,0.0,0,1,1,0,0,1,16,21,1,1,1,1,3,0,3,0,3,6,0,3,0,26,33,3,3,3,3,5,0,5,0,5,8,0,5,0,0,0,16,0,2,0,0,1,0,0,0,1,16,0,0,0,0,0,0,0,0
451,L53332,RuleDocGeneratorTest,net.sourceforge.pmd.docs.RuleDocGeneratorTest,L53027,L103,C:\Users\domco\Desktop\DP\repos\pmd\pmd-doc\src\test\java\net\sourceforge\pmd\docs\RuleDocGeneratorTest.java,30,1,91,2,0.0,0,0,0,0.0,0.0,0,0,1,1,1,3,6,0,0,8,11,0.0,0.0,0,0,0,4,0.0,0,0,0,0,0,0,41,51,2,0,2,0,3,0,3,0,3,20,0,3,0,51,62,2,0,2,0,5,0,5,0,5,24,0,5,0,0,1,17,0,9,8,0,0,1,0,0,1,16,0,1,0,0,0,0,0,0
452,L53362,RuleSetResolverTest,net.sourceforge.pmd.docs.RuleSetResolverTest,L53027,L103,C:\Users\domco\Desktop\DP\repos\pmd\pmd-doc\src\test\java\net\sourceforge\pmd\docs\RuleSetResolverTest.java,20,1,57,2,0.0,0,0,0,0.0,0.0,0,0,1,3,3,7,3,0,0,3,5,0.0,0.0,0,0,0,2,0.0,0,0,0,0,0,0,32,38,1,0,1,0,2,0,1,0,2,15,0,1,0,32,38,1,0,1,0,2,0,1,0,2,15,0,1,0,0,0,7,1,0,0,0,0,0,0,0,1,7,0,0,0,0,0,0,0,0
453,L53371,SidebarGeneratorTest,net.sourceforge.pmd.docs.SidebarGeneratorTest,L53027,L103,C:\Users\domco\Desktop\DP\repos\pmd\pmd-doc\src\test\java\net\sourceforge\pmd\docs\SidebarGeneratorTest.java,29,1,54,2,0.0,0,0,0,0.0,0.0,0,0,1,0,0,2,6,0,0,6,8,0.0,0.0,0,0,0,3,0.0,0,0,0,0,0,0,21,26,1,0,1,0,2,0,2,0,2,12,0,2,0,21,26,1,0,1,0,2,0,2,0,2,12,0,2,0,0,1,7,0,2,1,0,0,0,0,0,1,7,0,1,0,0,0,0,0,0
454,L53407,ClassTypeResolverJava8Test,net.sourceforge.pmd.typeresolution.ClassTypeResolverJava8Test,L53397,L103,C:\Users\domco\Desktop\DP\repos\pmd\pmd-java8\src\test\java\net\sourceforge\pmd\typeresolution\ClassTypeResolverJava8Test.java,33,1,115,2,0.187311,1,1,1,0.156627,0.163934,13,10,1,1,1,9,19,0,0,11,18,0.0,0.102941,7,5,0,5,0.102941,7,0,0,0,0,0,61,83,0,0,0,0,7,0,4,0,7,31,0,4,0,61,83,0,0,0,0,7,0,4,0,7,31,0,4,0,0,0,27,4,7,11,11,0,0,0,1,0,15,0,0,0,0,0,0,0,0
455,L54437,ClassTypeResolverTest,net.sourceforge.pmd.typeresolution.ClassTypeResolverTest,L53397,L103,C:\Users\domco\Desktop\DP\repos\pmd\pmd-java\src\test\java\net\sourceforge\pmd\typeresolution\ClassTypeResolverTest.java,124,1,1844,2,0.599561,70,245,245,0.519465,0.494737,894,564,6,2,2,72,102,0,0,46,112,0.0508475,0.176301,244,18,3,56,0.176301,244,0,0,0,0,0,1140,1721,0,2,0,2,66,0,58,0,66,805,0,58,0,1140,1721,0,2,0,2,66,0,58,0,66,805,0,58,0,0,0,347,21,590,601,219,5,1,0,2,0,113,0,5,0,0,0,0,12,1.0
456,L54620,ClassWithImportInnerOnDemand,net.sourceforge.pmd.typeresolution.ClassWithImportInnerOnDemand,L53397,L103,C:\Users\domco\Desktop\DP\repos\pmd\pmd-java\src\test\java\net\sourceforge\pmd\typeresolution\ClassWithImportInnerOnDemand.java,13,1,24,2,0.0,0,0,0,0.0,0.0,0,0,1,0,0,1,0,0,0,0,1,0.5,0.4,4,4,1,1,0.357143,5,0,0,0,0,0,6,9,0,0,0,0,1,0,1,0,1,2,0,1,0,9,12,0,0,0,0,2,0,2,0,2,2,0,2,0,0,0,6,0,0,0,0,0,0,0,0,0,6,0,0,0,0,0,0,0,0
457,L54628,ClassWithImportOnDemand,net.sourceforge.pmd.typeresolution.ClassWithImportOnDemand,L53397,L103,C:\Users\domco\Desktop\DP\repos\pmd\pmd-java\src\test\java\net\sourceforge\pmd\typeresolution\ClassWithImportOnDemand.java,10,1,15,2,0.0,0,0,0,0.0,0.0,0,0,1,0,0,1,0,0,0,0,1,0.0,0.0,0,0,0,2,0.0,0,0,0,0,0,0,5,6,0,0,0,0,1,0,1,0,1,1,0,1,0,5,6,0,0,0,0,1,0,1,0,1,1,0,1,0,0,0,5,0,0,0,0,0,0,0,0,0,5,0,0,0,0,0,0,0,0
458,L54631,MethodTypeResolutionTest,net.sourceforge.pmd.typeresolution.MethodTypeResolutionTest,L53397,L103,C:\Users\domco\Desktop\DP\repos\pmd\pmd-java\src\test\java\net\sourceforge\pmd\typeresolution\MethodTypeResolutionTest.java,14,1,28,2,0.0,0,0,0,0.0,0.0,0,0,1,0,0,1,2,0,0,3,4,0.0,0.0,0,0,0,2,0.0,0,0,0,0,0,0,14,15,0,0,0,0,1,0,1,0,1,9,0,1,0,14,15,0,0,0,0,1,0,1,0,1,9,0,1,0,0,0,5,0,10,10,0,0,0,0,0,0,5,0,0,0,0,0,0,0,0
459,L54634,PMDASMClassLoaderTest,net.sourceforge.pmd.typeresolution.PMDASMClassLoaderTest,L53397,L103,C:\Users\domco\Desktop\DP\repos\pmd\pmd-java\src\test\java\net\sourceforge\pmd\typeresolution\PMDASMClassLoaderTest.java,19,1,128,2,0.0,0,0,0,0.0,0.0,0,0,3,2,2,9,2,0,0,3,8,0.333333,0.183908,16,13,2,4,0.168421,16,0,0,0,0,0,71,101,1,0,1,0,5,0,5,1,5,45,0,5,1,79,110,2,0,2,0,6,0,5,1,6,47,0,5,1,0,3,15,3,23,23,0,1,1,0,0,0,14,0,4,0,0,1,0,0,0
460,L54664,TypeInferenceTest,net.sourceforge.pmd.typeresolution.TypeInferenceTest,L53397,L103,C:\Users\domco\Desktop\DP\repos\pmd\pmd-java\src\test\java\net\sourceforge\pmd\typeresolution\TypeInferenceTest.java,39,1,393,2,0.446375,4,13,13,0.329577,0.353448,117,82,4,0,0,26,11,0,0,19,45,0.0,0.185965,53,0,0,22,0.185965,53,0,0,0,0,0,232,355,8,0,8,0,26,0,21,0,26,142,0,21,0,232,355,8,0,8,0,26,0,21,0,26,142,0,21,0,0,0,90,0,85,77,46,0,1,0,1,8,39,0,0,0,0,0,0,3,0
461,L54742,PMDCoverageTest,net.sourceforge.pmd.coverage.PMDCoverageTest,L54739,L103,C:\Users\domco\Desktop\DP\repos\pmd\pmd-java\src\test\java\net\sourceforge\pmd\coverage\PMDCoverageTest.java,25,1,109,2,0.0,0,0,0,0.0,0.0,0,0,1,4,4,10,1,0,0,1,4,0.666667,0.208333,15,14,2,1,0.208333,15,0,0,0,0,0,57,85,2,0,2,0,3,1,2,0,3,34,1,2,0,57,85,2,0,2,0,3,1,2,0,3,34,1,2,0,0,0,13,1,2,1,0,1,0,2,0,0,7,0,1,0,0,0,0,4,0
462,L54958,AbstractRuleSetFactoryTest$ValidateDefaultHandler,net.sourceforge.pmd.AbstractRuleSetFactoryTest$ValidateDefaultHandler,L9471,L103,C:\Users\domco\Desktop\DP\repos\pmd\pmd-test\src\main\java\net\sourceforge\pmd\AbstractRuleSetFactoryTest.java,486,5,542,6,0.0,0,0,0,0.0,0.0,0,0,2,2,2,10,2,1,3,1,9,0.142857,0.0588235,3,3,1,6,0.0588235,3,0,0,0,0,0,48,57,2,0,2,0,8,0,6,0,8,20,0,6,0,48,57,2,0,2,0,8,0,6,0,8,20,0,6,0,0,0,20,3,0,3,0,0,1,0,0,0,19,0,0,0,0,0,0,0,0
463,L3372,AbstractTokenizerTest,net.sourceforge.pmd.testframework.AbstractTokenizerTest,L55125,L103,C:\Users\domco\Desktop\DP\repos\pmd\pmd-test\src\main\java\net\sourceforge\pmd\testframework\AbstractTokenizerTest.java,21,1,38,2,0.0,0,0,0,0.0,0.0,0,0,1,0,0,3,4,11,11,2,5,0.333333,0.235294,4,4,1,2,0.235294,4,0,0,11,11,0,13,18,3,1,3,1,3,0,2,0,3,4,0,2,0,13,18,3,1,3,1,3,0,2,0,3,4,0,2,0,0,0,10,0,0,0,0,0,0,0,0,0,9,0,0,1,0,0,0,0,0
464,L55143,PMDTestRunner,net.sourceforge.pmd.testframework.PMDTestRunner,L55125,L103,C:\Users\domco\Desktop\DP\repos\pmd\pmd-test\src\main\java\net\sourceforge\pmd\testframework\PMDTestRunner.java,40,1,130,2,0.0,0,0,0,0.0,0.0,0,0,1,1,1,12,3,1,0,3,9,0.166667,0.243243,18,18,1,5,0.2,19,0,0,0,0,0,56,66,3,1,3,1,6,0,5,0,6,27,0,5,0,76,91,3,3,3,3,11,0,6,0,11,31,0,6,0,0,0,27,1,0,1,0,0,1,0,0,0,26,0,0,0,0,0,0,0,0
465,L55150,RuleTestRunner,net.sourceforge.pmd.testframework.RuleTestRunner,L55125,L103,C:\Users\domco\Desktop\DP\repos\pmd\pmd-test\src\main\java\net\sourceforge\pmd\testframework\RuleTestRunner.java,36,1,144,2,0.0,0,0,0,0.0,0.0,0,0,2,2,2,20,4,2,1,9,20,0.666667,0.180851,17,17,2,1,0.166667,17,0,0,0,0,0,77,101,2,1,2,1,11,0,2,0,11,36,0,2,0,85,109,2,1,2,1,13,0,4,0,13,38,0,4,0,0,0,32,1,1,0,0,0,1,0,0,2,31,0,0,0,0,0,0,0,1.0
466,L9482,RuleTst,net.sourceforge.pmd.testframework.RuleTst,L55125,L103,C:\Users\domco\Desktop\DP\repos\pmd\pmd-test\src\main\java\net\sourceforge\pmd\testframework\RuleTst.java,54,1,477,2,0.0,0,0,0,0.0,0.0,0,0,2,5,5,74,21,15,49,56,74,0.6,0.110215,41,34,6,4,0.106771,41,0,0,10,45,0,331,410,1,2,1,2,18,0,9,0,18,226,0,9,0,343,424,1,2,1,2,21,0,12,0,21,229,0,12,0,0,0,55,26,4,12,0,2,2,4,7,15,40,0,1,0,0,0,0,2,0
467,L7200,SimpleAggregatorTst,net.sourceforge.pmd.testframework.SimpleAggregatorTst,L55125,L103,C:\Users\domco\Desktop\DP\repos\pmd\pmd-test\src\main\java\net\sourceforge\pmd\testframework\SimpleAggregatorTst.java,17,1,75,2,0.0,0,0,0,0.0,0.0,0,0,2,1,1,7,4,37,36,4,10,1.0,0.581818,32,31,4,0,0.581818,32,1,1,35,35,1,23,59,2,3,1,1,6,0,3,1,24,8,0,12,1,23,59,2,3,1,1,6,0,3,1,24,8,0,12,1,0,0,2,1,3,2,0,1,1,0,0,1,0,0,0,1,0,0,0,0,0
468,L52366,TestDescriptor,net.sourceforge.pmd.testframework.TestDescriptor,L55125,L103,C:\Users\domco\Desktop\DP\repos\pmd\pmd-test\src\main\java\net\sourceforge\pmd\testframework\TestDescriptor.java,19,1,151,2,0.0,0,0,0,0.0,0.0,0,0,3,2,2,25,3,5,10,2,25,0.125,0.125,14,12,3,21,0.125,14,0,0,0,0,0,98,133,12,10,12,10,23,0,23,7,23,33,0,23,7,98,133,12,10,12,10,23,0,23,7,23,33,0,23,7,0,1,53,0,6,0,0,1,1,0,0,3,45,1,2,0,0,0,0,7,0
469,L55431,RuleTstTest,net.sourceforge.pmd.testframework.RuleTstTest,L55125,L103,C:\Users\domco\Desktop\DP\repos\pmd\pmd-test\src\test\java\net\sourceforge\pmd\testframework\RuleTstTest.java,23,1,51,2,0.0,0,0,0,0.0,0.0,0,0,1,0,0,1,7,0,0,6,7,0.0,0.0,0,0,0,2,0.0,0,0,0,0,0,0,26,29,0,0,0,0,1,0,1,0,1,20,0,1,0,26,29,1,2,0,0,1,0,1,0,19,20,0,10,0,0,0,8,0,0,0,0,0,0,0,0,0,8,0,0,0,0,0,0,0,0
470,L1347,CPDConfiguration$LanguageConverter,net.sourceforge.pmd.cpd.CPDConfiguration$LanguageConverter,L686,L103,C:\Users\domco\Desktop\DP\repos\pmd\pmd-core\src\main\java\net\sourceforge\pmd\cpd\CPDConfiguration.java,125,5,134,6,0.0,0,0,0,0.0,0.0,0,0,1,1,1,3,3,0,0,1,2,0.5,0.1,1,1,1,1,0.1,1,0,0,0,0,0,9,10,0,0,0,0,1,0,1,0,1,3,0,1,0,9,10,0,0,0,0,1,0,1,0,1,3,0,1,0,0,0,5,0,1,1,0,0,0,0,0,0,5,0,0,0,0,0,0,0,0
471,L1714,CPDTask$FormatAttribute,net.sourceforge.pmd.cpd.CPDTask$FormatAttribute,L1592,L103,C:\Users\domco\Desktop\DP\repos\pmd\pmd-core\src\main\java\net\sourceforge\pmd\cpd\CPDTask.java,238,5,245,6,0.0,0,0,0,0.0,0.0,0,0,0,0,0,1,0,1,0,0,1,0.0,0.0,0,0,0,2,0.0,0,0,0,0,0,0,7,8,1,1,1,1,1,0,1,0,1,1,0,1,0,7,8,1,1,1,1,1,0,1,0,1,1,0,1,0,0,0,5,0,0,0,0,0,0,0,0,0,5,0,0,0,0,0,0,0,0
472,L1853,GUI$1,net.sourceforge.pmd.cpd.GUI$1,L1846,L103,C:\Users\domco\Desktop\DP\repos\pmd\pmd-core\src\main\java\net\sourceforge\pmd\cpd\GUI.java,78,95,83,6,0.0,0,0,0,0.0,0.0,0,0,1,0,0,1,3,0,0,1,2,0.0,0.0,0,0,0,2,0.0,0,1,1,0,0,1,6,6,0,0,0,0,1,0,1,0,1,1,0,1,0,6,6,0,0,0,0,1,0,1,0,1,1,0,1,0,0,0,5,0,0,0,0,0,0,0,0,0,5,0,0,0,0,0,0,0,0
473,L1859,GUI$2,net.sourceforge.pmd.cpd.GUI$2,L1846,L103,C:\Users\domco\Desktop\DP\repos\pmd\pmd-core\src\main\java\net\sourceforge\pmd\cpd\GUI.java,83,35,88,6,0.0,0,0,0,0.0,0.0,0,0,1,0,0,1,3,0,0,1,2,0.0,0.0,0,0,0,2,0.0,0,1,1,0,0,1,6,6,0,0,0,0,1,0,1,0,1,1,0,1,0,6,6,0,0,0,0,1,0,1,0,1,1,0,1,0,0,0,5,0,0,0,0,0,0,0,0,0,5,0,0,0,0,0,0,0,0
474,L1865,GUI$3,net.sourceforge.pmd.cpd.GUI$3,L1846,L103,C:\Users\domco\Desktop\DP\repos\pmd\pmd-core\src\main\java\net\sourceforge\pmd\cpd\GUI.java,88,43,93,6,0.0,0,0,0,0.0,0.0,0,0,1,0,0,1,3,0,0,1,2,0.0,0.0,0,0,0,2,0.0,0,1,1,0,0,1,6,6,0,0,0,0,1,0,1,0,1,1,0,1,0,6,6,0,0,0,0,1,0,1,0,1,1,0,1,0,0,0,5,0,0,0,0,0,0,0,0,0,5,0,0,0,0,0,0,0,0
475,L1871,GUI$4,net.sourceforge.pmd.cpd.GUI$4,L1846,L103,C:\Users\domco\Desktop\DP\repos\pmd\pmd-core\src\main\java\net\sourceforge\pmd\cpd\GUI.java,93,41,98,6,0.0,0,0,0,0.0,0.0,0,0,1,0,0,1,3,0,0,1,2,0.0,0.0,0,0,0,2,0.0,0,1,1,0,0,1,6,6,0,0,0,0,1,0,1,0,1,1,0,1,0,6,6,0,0,0,0,1,0,1,0,1,1,0,1,0,0,0,5,0,0,0,0,0,0,0,0,0,5,0,0,0,0,0,0,0,0
476,L1875,GUI$LanguageConfig,net.sourceforge.pmd.cpd.GUI$LanguageConfig,L1846,L103,C:\Users\domco\Desktop\DP\repos\pmd\pmd-core\src\main\java\net\sourceforge\pmd\cpd\GUI.java,100,5,120,6,0.0,0,0,0,0.0,0.0,0,0,4,0,0,6,1,1,3,0,6,0.0,0.0,0,0,0,7,0.0,0,0,0,2,2,0,16,21,0,0,0,0,6,0,6,0,6,4,0,6,0,16,21,0,0,0,0,6,0,6,0,6,4,0,6,0,0,0,16,0,0,0,0,0,1,0,0,0,15,0,0,0,0,0,0,0,0
477,L1924,GUI$ColumnSpec,net.sourceforge.pmd.cpd.GUI$ColumnSpec,L1846,L103,C:\Users\domco\Desktop\DP\repos\pmd\pmd-core\src\main\java\net\sourceforge\pmd\cpd\GUI.java,186,5,214,6,0.0,0,0,0,0.0,0.0,0,0,1,0,0,5,1,2,4,0,5,0.0,0.0,0,0,0,5,0.0,0,0,0,0,0,0,24,29,4,0,4,0,5,0,4,0,5,8,0,4,0,24,29,4,0,4,0,5,0,4,0,5,8,0,4,0,0,0,13,0,9,0,0,0,0,0,0,5,13,0,4,0,0,0,0,0,0
478,L1961,GUI$CancelListener,net.sourceforge.pmd.cpd.GUI$CancelListener,L1846,L103,C:\Users\domco\Desktop\DP\repos\pmd\pmd-core\src\main\java\net\sourceforge\pmd\cpd\GUI.java,231,5,236,6,0.0,0,0,0,0.0,0.0,0,0,1,0,0,1,0,1,0,0,1,0.0,0.0,0,0,0,2,0.0,0,0,0,0,0,0,6,6,0,0,0,0,1,0,1,0,1,1,0,1,0,6,6,0,0,0,0,1,0,1,0,1,1,0,1,0,0,1,5,0,0,0,0,0,0,0,0,0,5,0,1,0,0,0,0,0,0
479,L1965,GUI$GoListener,net.sourceforge.pmd.cpd.GUI$GoListener,L1846,L103,C:\Users\domco\Desktop\DP\repos\pmd\pmd-core\src\main\java\net\sourceforge\pmd\cpd\GUI.java,238,5,253,6,0.0,0,0,0,0.0,0.0,0,0,1,0,0,1,0,1,0,0,1,0.0,0.0,0,0,0,2,0.0,0,0,0,0,0,0,7,7,0,0,0,0,1,0,1,0,1,1,0,1,0,16,16,0,0,0,0,2,0,2,0,2,7,0,2,0,0,0,10,0,0,0,0,0,0,0,0,0,10,0,0,0,0,0,0,0,0
480,L1993,GUI$SaveListener,net.sourceforge.pmd.cpd.GUI$SaveListener,L1846,L103,C:\Users\domco\Desktop\DP\repos\pmd\pmd-core\src\main\java\net\sourceforge\pmd\cpd\GUI.java,255,5,296,6,0.0,0,0,0,0.0,0.0,0,0,1,2,2,8,2,1,1,1,4,0.0,0.0,0,0,0,2,0.0,0,0,0,0,0,0,36,42,1,0,1,0,3,0,1,0,3,19,0,1,0,36,42,1,0,1,0,3,0,1,0,3,19,0,1,0,0,1,9,1,4,4,0,1,0,0,0,0,9,0,0,0,0,1,0,0,0
481,L2021,GUI$BrowseListener,net.sourceforge.pmd.cpd.GUI$BrowseListener,L1846,L103,C:\Users\domco\Desktop\DP\repos\pmd\pmd-core\src\main\java\net\sourceforge\pmd\cpd\GUI.java,298,5,308,6,0.0,0,0,0,0.0,0.0,0,0,1,1,1,2,1,1,0,0,1,0.0,0.0,0,0,0,2,0.0,0,0,0,0,0,0,11,11,0,0,0,0,1,0,1,0,1,5,0,1,0,11,11,0,0,0,0,1,0,1,0,1,5,0,1,0,0,0,5,0,0,0,0,0,0,0,0,0,5,0,0,0,0,0,0,0,0
482,L2027,GUI$AlignmentRenderer,net.sourceforge.pmd.cpd.GUI$AlignmentRenderer,L1846,L103,C:\Users\domco\Desktop\DP\repos\pmd\pmd-core\src\main\java\net\sourceforge\pmd\cpd\GUI.java,310,5,327,6,0.0,0,0,0,0.0,0.0,0,0,0,0,0,2,0,1,1,0,2,0.0,0.0,0,0,0,2,0.0,0,0,0,0,0,0,14,18,2,1,2,1,2,0,1,0,2,4,0,1,0,14,18,2,1,2,1,2,0,1,0,2,4,0,1,0,0,0,8,1,2,2,0,0,0,0,0,1,7,0,0,0,0,0,0,1,0
483,L2443,Match$1,net.sourceforge.pmd.cpd.Match$1,L712,L103,C:\Users\domco\Desktop\DP\repos\pmd\pmd-core\src\main\java\net\sourceforge\pmd\cpd\Match.java,20,88,25,6,0.0,0,0,0,0.0,0.0,0,0,1,0,0,1,1,0,0,0,1,0.0,0.0,0,0,0,2,0.0,0,0,0,0,0,0,6,6,0,0,0,0,1,0,1,0,1,1,0,1,0,6,6,0,0,0,0,1,0,1,0,1,1,0,1,0,0,0,5,0,0,0,0,0,0,0,0,0,5,0,0,0,0,0,0,0,0
484,L2448,Match$2,net.sourceforge.pmd.cpd.Match$2,L712,L103,C:\Users\domco\Desktop\DP\repos\pmd\pmd-core\src\main\java\net\sourceforge\pmd\cpd\Match.java,27,86,32,6,0.0,0,0,0,0.0,0.0,0,0,1,0,0,1,1,0,0,0,1,0.0,0.0,0,0,0,2,0.0,0,0,0,0,0,0,6,6,0,0,0,0,1,0,1,0,1,1,0,1,0,6,6,0,0,0,0,1,0,1,0,1,1,0,1,0,0,0,5,0,0,0,0,0,0,0,0,0,5,0,0,0,0,0,0,0,0
485,L2453,Match$3,net.sourceforge.pmd.cpd.Match$3,L712,L103,C:\Users\domco\Desktop\DP\repos\pmd\pmd-core\src\main\java\net\sourceforge\pmd\cpd\Match.java,34,86,45,6,0.0,0,0,0,0.0,0.0,0,0,1,1,1,3,1,0,0,0,1,0.0,0.0,0,0,0,2,0.0,0,0,0,0,0,0,12,12,0,0,0,0,1,0,1,0,1,5,0,1,0,12,12,0,0,0,0,1,0,1,0,1,5,0,1,0,0,0,5,0,0,0,0,0,0,0,0,0,5,0,0,0,0,0,0,0,0
486,L2461,Match$4,net.sourceforge.pmd.cpd.Match$4,L712,L103,C:\Users\domco\Desktop\DP\repos\pmd\pmd-core\src\main\java\net\sourceforge\pmd\cpd\Match.java,47,87,52,6,0.0,0,0,0,0.0,0.0,0,0,1,0,0,1,1,0,0,0,1,0.0,0.0,0,0,0,2,0.0,0,0,0,0,0,0,6,6,0,0,0,0,1,0,1,0,1,1,0,1,0,6,6,0,0,0,0,1,0,1,0,1,1,0,1,0,0,0,5,0,0,0,0,0,0,0,0,0,5,0,0,0,0,0,0,0,0
487,L2659,SourceCode$CodeLoader,net.sourceforge.pmd.cpd.SourceCode$CodeLoader,L637,L103,C:\Users\domco\Desktop\DP\repos\pmd\pmd-core\src\main\java\net\sourceforge\pmd\cpd\SourceCode.java,24,5,92,6,0.0,0,0,0,0.0,0.0,0,0,1,3,3,16,0,4,4,0,6,0.0,0.0166667,1,0,0,4,0.0166667,1,0,0,3,3,0,59,69,1,4,1,4,6,0,3,0,6,36,0,3,0,59,69,1,4,1,4,6,0,3,0,6,36,0,3,0,0,0,15,9,2,4,0,0,0,0,0,5,15,0,2,0,0,0,0,0,0
488,L1385,SourceCode$FileCodeLoader,net.sourceforge.pmd.cpd.SourceCode$FileCodeLoader,L637,L103,C:\Users\domco\Desktop\DP\repos\pmd\pmd-core\src\main\java\net\sourceforge\pmd\cpd\SourceCode.java,94,5,122,6,0.0,0,0,0,0.0,0.0,0,0,0,1,1,5,1,3,4,0,4,0.0,0.0,0,0,0,5,0.0,0,1,1,0,0,1,24,29,3,5,2,3,4,0,4,0,8,8,0,5,0,24,29,3,5,2,3,4,0,4,0,8,8,0,5,0,0,1,11,0,1,0,0,0,0,0,0,1,11,0,0,0,0,1,0,0,0
489,L790,SourceCode$StringCodeLoader,net.sourceforge.pmd.cpd.SourceCode$StringCodeLoader,L637,L103,C:\Users\domco\Desktop\DP\repos\pmd\pmd-core\src\main\java\net\sourceforge\pmd\cpd\SourceCode.java,124,5,149,6,0.0,0,0,0,0.0,0.0,0,0,0,0,0,4,1,23,45,0,4,0.0,0.0,0,0,0,5,0.0,0,1,1,0,0,1,20,26,4,4,3,2,4,1,4,0,8,5,1,5,0,20,26,4,4,3,2,4,1,4,0,8,5,1,5,0,0,0,15,0,0,0,0,0,0,0,0,0,11,0,0,0,0,0,0,4,0
490,L1399,SourceCode$ReaderCodeLoader,net.sourceforge.pmd.cpd.SourceCode$ReaderCodeLoader,L637,L103,C:\Users\domco\Desktop\DP\repos\pmd\pmd-core\src\main\java\net\sourceforge\pmd\cpd\SourceCode.java,151,5,176,6,0.0,0,0,0,0.0,0.0,0,0,0,0,0,4,1,1,1,0,4,0.0,0.0,0,0,0,5,0.0,0,1,1,0,0,1,20,26,4,4,3,2,4,1,4,0,8,5,1,5,0,20,26,4,4,3,2,4,1,4,0,8,5,1,5,0,0,0,15,0,0,0,0,0,0,0,0,0,11,0,0,0,0,0,0,4,0
491,L2768,TokenEntry$1,net.sourceforge.pmd.cpd.TokenEntry$1,L661,L103,C:\Users\domco\Desktop\DP\repos\pmd\pmd-core\src\main\java\net\sourceforge\pmd\cpd\TokenEntry.java,23,109,28,6,0.0,0,0,0,0.0,0.0,0,0,1,0,0,1,0,0,0,0,1,0.0,0.0,0,0,0,1,0.0,0,0,0,0,0,0,6,6,0,0,0,0,1,0,0,0,1,1,0,0,0,6,6,0,0,0,0,1,0,0,0,1,1,0,0,0,0,0,5,0,0,0,0,0,0,0,0,0,5,0,0,0,0,0,0,0,0
492,L2785,TokenEntry$2,net.sourceforge.pmd.cpd.TokenEntry$2,L661,L103,C:\Users\domco\Desktop\DP\repos\pmd\pmd-core\src\main\java\net\sourceforge\pmd\cpd\TokenEntry.java,29,100,34,6,0.0,0,0,0,0.0,0.0,0,0,1,0,0,1,0,0,0,0,1,0.0,0.0,0,0,0,1,0.0,0,0,0,0,0,0,6,6,0,0,0,0,1,0,0,0,1,1,0,0,0,6,6,0,0,0,0,1,0,0,0,1,1,0,0,0,0,0,5,0,0,0,0,0,0,0,0,0,5,0,0,0,0,0,0,0,0
493,L1167,TokenEntry$State,net.sourceforge.pmd.cpd.TokenEntry$State,L661,L103,C:\Users\domco\Desktop\DP\repos\pmd\pmd-core\src\main\java\net\sourceforge\pmd\cpd\TokenEntry.java,69,5,86,6,0.0,0,0,0,0.0,0.0,0,0,1,0,0,2,1,1,1,0,2,0.333333,0.2,4,4,1,2,0.2,4,0,0,0,0,0,16,18,3,0,3,0,2,0,2,0,2,7,0,2,0,16,18,3,0,3,0,2,0,2,0,2,7,0,2,0,0,0,7,0,3,0,0,0,0,0,0,3,7,0,0,0,0,0,0,0,0
494,L2965,CPDTest$NoFileAssertListener,net.sourceforge.pmd.cpd.CPDTest$NoFileAssertListener,L2940,L103,C:\Users\domco\Desktop\DP\repos\pmd\pmd-core\src\test\java\net\sourceforge\pmd\cpd\CPDTest.java,126,5,152,6,0.0,0,0,0,0.0,0.0,0,0,2,1,1,5,1,1,3,0,4,0.25,0.153846,4,3,1,3,0.153846,4,1,1,0,0,1,22,27,7,0,2,0,4,0,3,0,4,6,5,3,0,22,27,7,0,2,0,4,0,3,0,4,6,5,3,0,0,0,12,0,1,0,0,0,1,0,0,1,9,0,0,0,0,0,0,2,0
495,L3280,CsTokenizer$Tokenizer,net.sourceforge.pmd.cpd.CsTokenizer$Tokenizer,L3261,L103,C:\Users\domco\Desktop\DP\repos\pmd\pmd-cs\src\main\java\net\sourceforge\pmd\cpd\CsTokenizer.java,75,5,296,6,0.0,0,0,0,0.0,0.0,0,0,1,8,7,58,1,1,1,1,4,0.0,0.0837438,17,0,0,3,0.0837438,17,0,0,0,0,0,186,222,3,1,3,1,3,0,2,0,3,113,0,2,0,186,222,3,1,3,1,3,0,2,0,3,113,0,2,0,0,0,19,1,3,1,0,0,0,5,0,0,9,0,3,0,0,0,0,5,0
496,L3285,CsTokenizer$Token,net.sourceforge.pmd.cpd.CsTokenizer$Token,L3261,L103,C:\Users\domco\Desktop\DP\repos\pmd\pmd-cs\src\main\java\net\sourceforge\pmd\cpd\CsTokenizer.java,298,5,308,6,0.0,0,0,0,0.0,0.0,0,0,0,0,0,1,0,2,2,0,1,0.0,0.0,0,0,0,1,0.0,0,0,0,0,0,0,9,11,3,0,3,0,1,3,0,0,1,2,3,0,0,9,11,3,0,3,0,1,3,0,0,1,2,3,0,0,0,0,9,0,0,0,0,0,0,0,0,0,5,0,0,0,0,0,0,4,0
497,L3455,JavaTokenizer$TokenDiscarder,net.sourceforge.pmd.cpd.JavaTokenizer$TokenDiscarder,L3429,L103,C:\Users\domco\Desktop\DP\repos\pmd\pmd-java\src\main\java\net\sourceforge\pmd\cpd\JavaTokenizer.java,104,5,209,6,0.0,0,0,0,0.0,0.0,0,0,1,4,3,43,1,1,1,0,8,0.333333,0.105769,11,9,1,2,0.105769,11,0,0,0,0,0,93,106,8,0,8,0,8,0,2,0,8,49,0,2,0,93,106,8,0,8,0,8,0,2,0,8,49,0,2,0,0,0,22,0,10,0,0,1,0,2,0,1,19,0,0,0,0,8,0,1,0
498,L3460,JavaTokenizer$ConstructorDetector,net.sourceforge.pmd.cpd.JavaTokenizer$ConstructorDetector,L3429,L103,C:\Users\domco\Desktop\DP\repos\pmd\pmd-java\src\main\java\net\sourceforge\pmd\cpd\JavaTokenizer.java,217,5,308,6,0.0,0,0,0,0.0,0.0,0,0,1,3,2,18,3,1,2,4,8,0.333333,0.235294,20,6,1,2,0.235294,20,0,0,0,0,0,65,92,5,0,5,0,4,0,2,0,4,35,0,2,0,65,92,5,0,5,0,4,0,2,0,4,35,0,2,0,0,0,10,0,4,0,0,1,0,1,0,3,9,0,0,0,0,0,0,0,0
499,L3527,JavaTokenizer$TypeDeclaration,net.sourceforge.pmd.cpd.JavaTokenizer$TypeDeclaration,L3429,L103,C:\Users\domco\Desktop\DP\repos\pmd\pmd-java\src\main\java\net\sourceforge\pmd\cpd\JavaTokenizer.java,310,5,317,6,0.0,0,0,0,0.0,0.0,0,0,0,0,0,1,0,1,1,0,1,0.0,0.0,0,0,0,1,0.0,0,0,0,0,0,0,7,8,2,0,2,0,1,0,0,0,1,1,0,0,0,7,8,2,0,2,0,1,0,0,0,1,1,0,0,0,0,0,5,0,2,0,0,2,0,0,0,0,5,0,0,0,0,0,0,0,0
500,L3919,SwiftTokenizer$ErrorHandler,net.sourceforge.pmd.cpd.SwiftTokenizer$ErrorHandler,L3910,L103,C:\Users\domco\Desktop\DP\repos\pmd\pmd-swift\src\main\java\net\sourceforge\pmd\cpd\SwiftTokenizer.java,55,5,61,6,0.0,0,0,0,0.0,0.0,0,0,1,0,0,1,1,1,0,1,2,0.0,0.0,0,0,0,2,0.0,0,0,0,0,0,0,7,7,0,0,0,0,1,0,1,0,1,1,0,1,0,7,7,0,0,0,0,1,0,1,0,1,1,0,1,0,0,0,6,0,0,0,0,0,0,0,0,0,5,0,0,0,0,0,0,1,0
501,L3924,SwiftTokenizer$ANTLRSyntaxError,net.sourceforge.pmd.cpd.SwiftTokenizer$ANTLRSyntaxError,L3910,L103,C:\Users\domco\Desktop\DP\repos\pmd\pmd-swift\src\main\java\net\sourceforge\pmd\cpd\SwiftTokenizer.java,63,5,81,6,0.0,0,0,0,0.0,0.0,0,0,0,0,0,3,0,2,2,0,3,0.0,0.0,0,0,0,3,0.0,0,0,0,0,0,0,16,19,3,2,3,2,3,0,2,0,3,5,0,2,0,16,19,3,2,3,2,3,0,2,0,3,5,0,2,0,0,0,9,0,0,0,0,0,0,0,0,0,9,0,0,0,0,0,0,0,0
502,L4010,ApexHandler,net.sourceforge.pmd.lang.apex.ApexHandler,L3995,L103,C:\Users\domco\Desktop\DP\repos\pmd\pmd-apex\src\main\java\net\sourceforge\pmd\lang\apex\ApexHandler.java,23,1,60,2,0.296296,1,1,1,0.263158,0.310345,10,9,0,0,0,6,10,1,0,1,7,0.0,0.0,0,0,0,7,0.0,0,2,2,0,0,1,25,33,0,16,0,6,6,0,6,0,16,6,0,16,0,29,38,1,17,0,6,8,0,8,0,20,6,1,20,0,0,0,53,0,4,2,25,0,1,0,0,0,22,2,0,0,0,0,0,5,1.0
503,L4065,ApexJorjeLogging,net.sourceforge.pmd.lang.apex.ApexJorjeLogging,L3995,L103,C:\Users\domco\Desktop\DP\repos\pmd\pmd-apex\src\main\java\net\sourceforge\pmd\lang\apex\ApexJorjeLogging.java,12,1,25,2,0.0,0,0,0,0.0,0.0,0,0,1,0,0,2,0,2,2,0,2,0.0,0.384615,5,0,0,2,0.384615,5,0,0,0,0,0,8,14,0,0,0,0,2,0,1,0,2,2,0,1,0,8,14,0,0,0,0,2,0,1,0,2,2,0,1,0,0,0,1,0,0,0,0,0,0,0,0,0,1,0,0,0,0,0,0,0,0
504,L4071,ApexLanguageModule,net.sourceforge.pmd.lang.apex.ApexLanguageModule,L3995,L103,C:\Users\domco\Desktop\DP\repos\pmd\pmd-apex\src\main\java\net\sourceforge\pmd\lang\apex\ApexLanguageModule.java,10,1,20,2,0.0,0,0,0,0.0,0.0,0,0,0,0,0,1,3,8,0,2,3,0.0,0.0,0,0,0,2,0.0,0,2,2,0,0,1,9,11,11,8,3,0,1,3,1,0,17,2,4,16,0,9,11,11,8,3,0,1,3,1,0,17,2,4,16,0,0,0,9,0,0,0,0,0,0,0,0,0,5,0,0,0,0,0,0,4,0
505,L4056,ApexParser,net.sourceforge.pmd.lang.apex.ApexParser,L3995,L103,C:\Users\domco\Desktop\DP\repos\pmd\pmd-apex\src\main\java\net\sourceforge\pmd\lang\apex\ApexParser.java,19,1,43,2,0.0,0,0,0,0.0,0.0,0,0,3,0,0,5,7,1,1,4,9,0.166667,0.130435,3,3,1,5,0.130435,3,2,2,0,0,1,20,25,2,3,1,1,5,0,5,0,8,6,0,7,0,20,25,2,3,1,1,5,0,5,0,8,6,0,7,0,0,0,14,0,5,3,0,0,1,0,0,1,13,0,1,0,0,0,0,0,1.0
506,L4046,ApexParserOptions,net.sourceforge.pmd.lang.apex.ApexParserOptions,L3995,L103,C:\Users\domco\Desktop\DP\repos\pmd\pmd-apex\src\main\java\net\sourceforge\pmd\lang\apex\ApexParserOptions.java,10,1,33,2,0.0,0,0,0,0.0,0.0,0,0,2,1,1,5,2,7,0,2,4,0.0,0.0,0,0,0,3,0.0,0,1,1,0,0,1,22,24,1,1,0,0,2,0,2,0,6,12,0,6,1,22,24,1,1,0,0,2,0,2,0,6,12,0,6,1,0,0,8,0,0,0,0,0,1,0,0,0,7,0,0,0,0,0,0,0,0
507,L9415,DefaultRulesetTest,net.sourceforge.pmd.lang.apex.DefaultRulesetTest,L3995,L103,C:\Users\domco\Desktop\DP\repos\pmd\pmd-apex\src\test\java\net\sourceforge\pmd\lang\apex\DefaultRulesetTest.java,14,1,22,2,0.0,0,0,0,0.0,0.0,0,0,1,0,0,1,2,0,0,2,3,0.0,0.0,0,0,0,2,0.0,0,0,0,0,0,0,8,9,0,0,0,0,1,0,1,0,1,3,0,1,0,8,9,0,0,0,0,1,0,1,0,1,3,0,1,0,0,0,5,1,1,1,0,0,0,0,0,1,5,0,0,0,0,0,0,0,0
508,L9428,FooRule,net.sourceforge.pmd.lang.apex.FooRule,L3995,L103,C:\Users\domco\Desktop\DP\repos\pmd\pmd-apex\src\test\java\net\sourceforge\pmd\lang\apex\FooRule.java,16,1,58,2,0.0,0,0,0,0.0,0.0,0,0,1,1,1,10,6,1,12,11,17,0.142857,0.075,3,3,1,6,0.075,3,4,8,0,0,1,37,43,24,19,0,1,6,0,6,0,172,14,5,166,20,37,43,24,19,0,1,6,0,6,0,172,14,5,166,20,0,0,25,1,0,0,0,0,0,0,0,0,15,0,1,1,0,0,0,9,0
509,L9452,LanguageVersionTest,net.sourceforge.pmd.lang.apex.LanguageVersionTest,L3995,L103,C:\Users\domco\Desktop\DP\repos\pmd\pmd-apex\src\test\java\net\sourceforge\pmd\lang\apex\LanguageVersionTest.java,16,1,27,2,0.0,0,0,0,0.0,0.0,0,0,1,0,0,2,5,0,0,3,5,0.0,0.0,0,0,0,3,0.0,0,1,1,0,0,1,10,12,5,0,0,0,2,0,2,0,6,2,0,6,0,10,12,5,0,0,0,2,0,2,0,6,2,0,6,0,0,0,7,0,1,0,0,0,0,0,0,0,7,0,1,0,0,0,0,0,0
510,L9470,RuleSetFactoryTest,net.sourceforge.pmd.lang.apex.RuleSetFactoryTest,L3995,L103,C:\Users\domco\Desktop\DP\repos\pmd\pmd-apex\src\test\java\net\sourceforge\pmd\lang\apex\RuleSetFactoryTest.java,10,1,15,2,0.0,0,0,0,0.0,0.0,0,0,0,0,0,1,2,0,0,1,2,0.0,0.0,0,0,0,2,0.0,0,1,1,0,0,1,6,6,4,2,0,0,1,0,1,0,19,2,0,7,0,6,6,4,2,0,0,1,0,1,0,19,2,0,7,0,0,0,5,0,1,0,0,0,0,0,0,0,5,0,1,0,0,0,0,0,1.0
511,L9481,SuppressWarningsTest,net.sourceforge.pmd.lang.apex.SuppressWarningsTest,L3995,L103,C:\Users\domco\Desktop\DP\repos\pmd\pmd-apex\src\test\java\net\sourceforge\pmd\lang\apex\SuppressWarningsTest.java,18,1,184,2,0.0653105,1,1,1,0.0598802,0.0724638,10,10,1,0,0,13,7,0,0,5,18,0.0,0.0,0,0,0,14,0.0,0,1,1,0,0,1,125,153,15,2,14,0,13,0,13,0,31,41,0,22,0,138,167,39,21,14,1,15,0,15,0,199,45,5,184,20,0,0,60,5,29,15,8,14,0,0,0,0,36,0,5,1,0,0,0,15,0
512,L4251,AbstractNode,net.sourceforge.pmd.lang.ast.AbstractNode,L9591,L103,C:\Users\domco\Desktop\DP\repos\pmd\pmd-core\src\main\java\net\sourceforge\pmd\lang\ast\AbstractNode.java,25,1,446,2,0.0,0,0,0,0.0,0.0,0,0,11,2,2,90,5,344,985,13,65,0.04,0.0512821,18,9,2,48,0.0512821,18,1,1,12,348,1,333,422,13,14,13,14,52,0,49,3,52,155,0,49,3,333,422,13,14,13,14,52,0,49,3,52,155,0,49,3,0,0,111,5,2,2,0,2,1,0,0,3,99,0,0,2,0,0,0,9,1.0
513,L9795,AbstractTokenManager,net.sourceforge.pmd.lang.ast.AbstractTokenManager,L9591,L103,C:\Users\domco\Desktop\DP\repos\pmd\pmd-core\src\main\java\net\sourceforge\pmd\lang\ast\AbstractTokenManager.java,12,1,38,2,0.0,0,0,0,0.0,0.0,0,0,0,0,0,5,0,10,10,0,4,0.0,0.142857,3,3,0,5,0.142857,3,0,0,0,0,0,18,27,3,2,3,2,4,0,4,2,4,5,0,4,2,18,27,3,2,3,2,4,0,4,2,4,5,0,4,2,0,0,11,0,1,1,0,0,0,0,0,0,11,0,0,0,0,0,0,0,0
514,L4111,ParseException,net.sourceforge.pmd.lang.ast.ParseException,L9591,L103,C:\Users\domco\Desktop\DP\repos\pmd\pmd-core\src\main\java\net\sourceforge\pmd\lang\ast\ParseException.java,7,1,24,2,0.0,0,0,0,0.0,0.0,0,0,0,0,0,4,0,23,3,0,4,0.0,0.0,0,0,0,5,0.0,0,0,0,0,0,0,14,18,0,0,0,0,4,0,4,0,4,4,0,4,0,14,18,0,0,0,0,4,0,4,0,4,4,0,4,0,0,0,11,1,0,0,0,0,0,0,0,0,11,0,1,0,0,0,0,0,0
515,L4269,SourceCodePositioner,net.sourceforge.pmd.lang.ast.SourceCodePositioner,L9591,L103,C:\Users\domco\Desktop\DP\repos\pmd\pmd-core\src\main\java\net\sourceforge\pmd\lang\ast\SourceCodePositioner.java,17,1,74,2,0.0,0,0,0,0.0,0.0,0,0,1,1,1,10,0,7,9,0,6,0.166667,0.233333,14,8,1,5,0.233333,14,0,0,0,0,0,46,58,2,2,2,2,6,0,5,0,6,26,0,5,0,46,58,2,2,2,2,6,0,5,0,6,26,0,5,0,0,0,15,0,0,0,0,0,0,0,0,0,15,0,0,0,0,0,0,0,0
516,L10547,AbstractNodeTest,net.sourceforge.pmd.lang.ast.AbstractNodeTest,L9591,L103,C:\Users\domco\Desktop\DP\repos\pmd\pmd-core\src\test\java\net\sourceforge\pmd\lang\ast\AbstractNodeTest.java,21,1,219,2,0.0,0,0,0,0.0,0.0,0,0,1,2,2,27,2,0,0,9,23,0.777778,0.255682,45,26,7,2,0.255682,45,0,0,0,0,0,131,199,4,1,4,1,14,0,8,1,14,85,0,8,1,131,199,4,1,4,1,14,0,8,1,14,85,0,8,1,0,0,15,1,20,18,0,2,0,0,0,1,15,0,0,0,0,0,0,0,0
517,L10523,DummyNode,net.sourceforge.pmd.lang.ast.DummyNode,L9591,L103,C:\Users\domco\Desktop\DP\repos\pmd\pmd-core\src\test\java\net\sourceforge\pmd\lang\ast\DummyNode.java,7,1,16,2,0.0,0,0,0,0.0,0.0,0,0,1,0,0,2,1,17,24,1,3,0.0,0.0,0,0,0,3,0.0,0,2,2,1,1,1,9,10,13,14,0,0,2,0,2,0,53,2,0,50,3,9,10,13,14,0,0,2,0,2,0,53,2,0,50,3,0,0,8,0,0,0,0,0,0,0,0,0,7,0,0,0,0,0,0,1,0
518,L10597,SourceCodePositionerTest,net.sourceforge.pmd.lang.ast.SourceCodePositionerTest,L9591,L103,C:\Users\domco\Desktop\DP\repos\pmd\pmd-core\src\test\java\net\sourceforge\pmd\lang\ast\SourceCodePositionerTest.java,14,1,43,2,0.0,0,0,0,0.0,0.0,0,0,1,0,0,1,1,0,0,3,4,1.0,0.230769,6,6,2,0,0.230769,6,0,0,0,0,0,20,30,1,0,1,0,1,0,1,0,1,14,0,1,0,20,30,1,0,1,0,1,0,1,0,1,14,0,1,0,0,0,4,0,9,9,0,0,0,0,0,0,4,0,0,0,0,0,0,0,0
519,L10665,DataFlowHandler$1,net.sourceforge.pmd.lang.DataFlowHandler$1,L9552,L103,C:\Users\domco\Desktop\DP\repos\pmd\pmd-core\src\main\java\net\sourceforge\pmd\lang\DataFlowHandler.java,14,51,24,6,0.0,0,0,0,0.0,0.0,0,0,1,0,0,2,3,0,0,0,2,0.0,0.0,0,0,0,3,0.0,0,1,1,0,0,1,10,11,1,1,0,1,2,0,2,0,2,2,1,2,0,10,11,1,1,0,1,2,0,2,0,2,2,1,2,0,0,0,9,0,0,0,0,0,0,0,0,0,7,0,0,0,0,0,0,2,0
520,L10697,AbstractDataFlowNode,net.sourceforge.pmd.lang.dfa.AbstractDataFlowNode,L10681,L103,C:\Users\domco\Desktop\DP\repos\pmd\pmd-core\src\main\java\net\sourceforge\pmd\lang\dfa\AbstractDataFlowNode.java,19,1,146,2,0.0,0,0,0,0.0,0.0,0,0,2,1,1,23,4,3,5,7,23,0.0588235,0.0540541,6,5,1,16,0.0540541,6,1,1,3,3,1,105,128,7,7,7,7,16,0,16,2,16,44,0,16,2,105,128,7,7,7,7,16,0,16,2,16,44,0,16,2,0,0,39,0,4,0,0,0,1,0,0,0,35,0,0,0,0,4,0,3,0
521,L10795,Linker,net.sourceforge.pmd.lang.dfa.Linker,L10681,L103,C:\Users\domco\Desktop\DP\repos\pmd\pmd-core\src\main\java\net\sourceforge\pmd\lang\dfa\Linker.java,17,1,425,2,0.0,0,0,0,0.0,0.0,0,0,1,5,4,75,8,2,2,19,29,0.666667,0.213514,79,14,2,1,0.213514,79,0,0,0,0,0,291,409,6,1,6,1,10,0,2,0,10,201,0,2,0,291,409,6,1,6,1,10,0,2,0,10,201,0,2,0,0,0,29,0,2,0,0,0,0,4,1,2,19,0,0,0,0,0,0,5,0
522,L10823,LinkerException,net.sourceforge.pmd.lang.dfa.LinkerException,L10681,L103,C:\Users\domco\Desktop\DP\repos\pmd\pmd-core\src\main\java\net\sourceforge\pmd\lang\dfa\LinkerException.java,10,1,22,2,0.0,0,0,0,0.0,0.0,0,0,0,0,0,2,0,3,0,0,2,0.333333,0.307692,4,3,1,2,0.307692,4,0,0,0,0,0,9,13,1,0,1,0,2,0,2,0,2,2,0,2,0,9,13,1,0,1,0,2,0,2,0,2,2,0,2,0,0,0,3,0,0,0,0,0,0,0,0,0,3,0,0,0,0,0,0,0,0
523,L10833,SequenceChecker,net.sourceforge.pmd.lang.dfa.SequenceChecker,L10681,L103,C:\Users\domco\Desktop\DP\repos\pmd\pmd-core\src\main\java\net\sourceforge\pmd\lang\dfa\SequenceChecker.java,23,1,270,2,0.0,0,0,0,0.0,0.0,0,0,1,5,4,18,3,1,1,7,11,0.6,0.193182,34,18,3,2,0.200913,44,0,0,0,0,0,142,197,6,2,6,2,4,0,4,0,4,51,0,4,0,175,248,9,2,9,2,11,0,9,0,11,62,0,9,0,0,0,29,1,3,1,0,0,0,3,0,2,24,0,1,0,0,0,0,2,0
524,L10826,SequenceException,net.sourceforge.pmd.lang.dfa.SequenceException,L10681,L103,C:\Users\domco\Desktop\DP\repos\pmd\pmd-core\src\main\java\net\sourceforge\pmd\lang\dfa\SequenceException.java,10,1,20,2,0.0,0,0,0,0.0,0.0,0,0,0,0,0,2,0,3,1,0,2,0.333333,0.307692,4,3,1,2,0.307692,4,0,0,0,0,0,9,11,1,0,1,0,2,0,2,0,2,2,0,2,0,9,11,1,0,1,0,2,0,2,0,2,2,0,2,0,0,0,3,0,0,0,0,0,0,0,0,0,3,0,0,0,0,0,0,0,0
525,L10808,StackObject,net.sourceforge.pmd.lang.dfa.StackObject,L10681,L103,C:\Users\domco\Desktop\DP\repos\pmd\pmd-core\src\main\java\net\sourceforge\pmd\lang\dfa\StackObject.java,7,1,30,2,0.0,0,0,0,0.0,0.0,0,0,1,0,0,4,2,3,11,0,4,0.0,0.0,0,0,0,5,0.0,0,0,0,0,0,0,18,24,2,2,2,2,4,0,4,0,4,5,0,4,0,18,24,2,2,2,2,4,0,4,0,4,5,0,4,0,0,0,11,0,2,0,0,0,0,0,0,2,11,0,0,0,0,0,0,0,0
526,L11460,StartOrEndDataFlowNode,net.sourceforge.pmd.lang.dfa.StartOrEndDataFlowNode,L10681,L103,C:\Users\domco\Desktop\DP\repos\pmd\pmd-core\src\main\java\net\sourceforge\pmd\lang\dfa\StartOrEndDataFlowNode.java,9,1,23,2,0.0,0,0,0,0.0,0.0,0,0,1,0,0,3,2,5,7,1,3,0.0,0.0,0,0,0,3,0.0,0,2,2,0,0,1,12,15,8,7,1,0,2,0,2,0,18,4,0,18,2,12,15,8,7,1,0,2,0,2,0,18,4,0,18,2,0,0,7,0,1,0,0,0,0,0,0,1,7,0,0,0,0,0,0,0,0
527,L11470,Structure,net.sourceforge.pmd.lang.dfa.Structure,L10681,L103,C:\Users\domco\Desktop\DP\repos\pmd\pmd-core\src\main\java\net\sourceforge\pmd\lang\dfa\Structure.java,22,1,114,2,0.0,0,0,0,0.0,0.0,0,0,2,1,1,18,6,3,39,8,19,0.363636,0.282353,24,23,4,7,0.282353,24,0,0,0,0,0,61,93,5,4,5,4,11,0,10,0,11,24,0,10,0,61,93,5,4,5,4,11,0,10,0,11,24,0,10,0,0,0,20,0,4,0,0,0,1,0,0,3,19,0,0,0,0,1,0,0,0
528,L10716,VariableAccess,net.sourceforge.pmd.lang.dfa.VariableAccess,L10681,L103,C:\Users\domco\Desktop\DP\repos\pmd\pmd-core\src\main\java\net\sourceforge\pmd\lang\dfa\VariableAccess.java,11,1,64,2,0.0,0,0,0,0.0,0.0,0,0,1,1,1,12,0,8,9,0,8,0.222222,0.104167,5,5,2,7,0.104167,5,0,0,0,0,0,43,54,5,2,5,2,8,3,8,0,8,16,3,8,0,43,54,5,2,5,2,8,3,8,0,8,16,3,8,0,0,0,21,1,3,0,0,0,0,0,0,4,17,0,0,0,0,0,0,4,0
529,L11544,VariableAccessException,net.sourceforge.pmd.lang.dfa.VariableAccessException,L10681,L103,C:\Users\domco\Desktop\DP\repos\pmd\pmd-core\src\main\java\net\sourceforge\pmd\lang\dfa\VariableAccessException.java,11,1,21,2,0.0,0,0,0,0.0,0.0,0,0,0,0,0,2,0,0,0,0,2,0.333333,0.357143,5,4,1,2,0.357143,5,0,0,0,0,0,9,11,1,0,1,0,2,0,2,0,2,2,0,2,0,9,11,1,0,1,0,2,0,2,0,2,2,0,2,0,0,0,3,0,0,0,0,0,0,0,0,0,3,0,0,0,0,0,0,0,0
530,L6772,AbstractMetric<N extends Node>,net.sourceforge.pmd.lang.metrics.AbstractMetric,L11752,L103,C:\Users\domco\Desktop\DP\repos\pmd\pmd-core\src\main\java\net\sourceforge\pmd\lang\metrics\AbstractMetric.java,17,1,35,2,0.0,0,0,0,0.0,0.0,0,0,2,0,0,3,2,2,0,0,2,0.666667,0.565217,13,13,2,1,0.565217,13,1,1,2,25,1,10,19,0,0,0,0,2,0,2,0,4,2,0,4,0,10,19,0,0,0,0,2,0,2,0,4,2,0,4,0,0,0,4,0,0,0,0,0,1,0,0,0,3,0,0,0,0,0,0,0,0
531,L6852,"AbstractMetricsComputer<T extends QualifiableNode, O extends QualifiableNode>",net.sourceforge.pmd.lang.metrics.AbstractMetricsComputer,L11752,L103,C:\Users\domco\Desktop\DP\repos\pmd\pmd-core\src\main\java\net\sourceforge\pmd\lang\metrics\AbstractMetricsComputer.java,21,1,125,2,0.391144,1,4,2,0.285714,0.333333,30,24,2,3,3,21,9,4,4,8,15,0.25,0.217391,20,17,1,3,0.217391,20,1,1,2,2,1,72,105,0,0,0,0,7,0,3,0,7,37,0,3,0,72,105,0,0,0,0,7,0,3,0,7,37,0,3,0,0,0,35,0,0,0,18,0,1,0,0,0,15,0,0,0,0,0,0,1,0
532,L6876,"AbstractMetricsFacade<T extends QualifiableNode, O extends QualifiableNode>",net.sourceforge.pmd.lang.metrics.AbstractMetricsFacade,L11752,L103,C:\Users\domco\Desktop\DP\repos\pmd\pmd-core\src\main\java\net\sourceforge\pmd\lang\metrics\AbstractMetricsFacade.java,21,1,124,2,0.68,1,6,2,0.326923,0.6,34,24,1,1,1,9,8,4,12,7,12,1.0,0.56044,51,51,4,0,0.56044,51,0,0,2,2,0,40,104,3,2,3,2,5,0,3,0,5,19,0,3,0,40,104,3,2,3,2,5,0,3,0,5,19,0,3,0,0,0,19,0,0,0,19,0,0,0,0,0,0,0,0,0,0,0,0,0,0
533,L11912,BasicMetricMemoizer<N extends Node>,net.sourceforge.pmd.lang.metrics.BasicMetricMemoizer,L11752,L103,C:\Users\domco\Desktop\DP\repos\pmd\pmd-core\src\main\java\net\sourceforge\pmd\lang\metrics\BasicMetricMemoizer.java,20,1,36,2,0.0,0,0,0,0.0,0.0,0,0,1,0,0,2,3,1,0,0,2,0.333333,0.421053,8,8,1,2,0.421053,8,1,1,0,0,1,11,17,1,1,1,1,2,0,2,0,2,2,0,2,0,11,17,1,1,1,1,2,0,2,0,2,2,0,2,0,0,0,5,0,0,0,0,0,0,0,0,0,5,0,0,0,0,0,0,0,0
534,L6903,"BasicProjectMemoizer<T extends QualifiableNode, O extends QualifiableNode>",net.sourceforge.pmd.lang.metrics.BasicProjectMemoizer,L11752,L103,C:\Users\domco\Desktop\DP\repos\pmd\pmd-core\src\main\java\net\sourceforge\pmd\lang\metrics\BasicProjectMemoizer.java,25,1,57,2,0.0,0,0,0,0.0,0.0,0,0,1,1,1,5,6,6,6,0,3,0.5,0.361111,13,13,2,2,0.361111,13,1,1,2,2,1,23,33,2,2,2,2,3,0,3,0,3,8,0,3,0,23,33,2,2,2,2,3,0,3,0,3,8,0,3,0,0,0,7,0,2,0,0,0,0,0,0,2,7,0,0,0,0,0,0,0,1.0
535,L11981,MetricKeyUtil,net.sourceforge.pmd.lang.metrics.MetricKeyUtil,L11752,L103,C:\Users\domco\Desktop\DP\repos\pmd\pmd-core\src\main\java\net\sourceforge\pmd\lang\metrics\MetricKeyUtil.java,17,1,68,2,0.0,0,0,0,0.0,0.0,0,0,1,0,0,2,3,3,5,0,2,1.0,0.666667,16,16,2,0,0.347826,16,0,0,0,0,0,8,22,0,0,0,0,2,0,1,0,2,1,0,1,0,30,52,0,1,0,1,7,0,6,0,7,6,0,6,0,0,0,16,0,2,0,0,1,1,0,0,1,15,0,0,0,0,0,0,0,0
536,L6816,MetricOptions,net.sourceforge.pmd.lang.metrics.MetricOptions,L11752,L103,C:\Users\domco\Desktop\DP\repos\pmd\pmd-core\src\main\java\net\sourceforge\pmd\lang\metrics\MetricOptions.java,20,1,175,2,0.141892,1,3,1,0.0833333,0.123596,13,11,4,1,1,15,2,34,24,3,12,0.625,0.322917,31,31,5,3,0.258333,31,0,0,0,0,0,65,120,3,1,3,1,9,0,7,0,9,26,0,7,0,89,156,4,1,4,1,12,0,7,0,12,37,0,7,0,0,0,29,1,5,1,8,3,1,0,0,2,20,0,0,0,0,0,0,0,0
537,L11804,ParameterizedMetricKey<N extends Node>,net.sourceforge.pmd.lang.metrics.ParameterizedMetricKey,L11752,L103,C:\Users\domco\Desktop\DP\repos\pmd\pmd-core\src\main\java\net\sourceforge\pmd\lang\metrics\ParameterizedMetricKey.java,20,1,76,2,0.0,0,0,0,0.0,0.0,0,0,1,1,1,8,3,4,6,3,8,0.4,0.384615,20,20,2,3,0.384615,20,0,0,0,0,0,32,57,3,1,3,1,5,2,4,0,5,10,2,4,0,32,57,3,1,3,1,5,2,4,0,5,10,2,4,0,0,0,13,1,0,0,0,0,0,0,0,0,9,0,1,0,0,0,0,4,0
538,L12228,AbstractDelegateRule,net.sourceforge.pmd.lang.rule.AbstractDelegateRule,L12214,L103,C:\Users\domco\Desktop\DP\repos\pmd\pmd-core\src\main\java\net\sourceforge\pmd\lang\rule\AbstractDelegateRule.java,25,1,336,2,0.0,0,0,0,0.0,0.0,0,0,1,0,0,59,10,11,34,50,109,0.05,0.0615385,16,9,3,57,0.0615385,16,2,2,1,1,1,244,312,3,19,1,19,59,0,59,21,62,59,2,62,21,244,312,3,19,1,19,59,0,59,21,62,59,2,62,21,0,0,132,0,0,0,0,0,0,0,1,0,117,0,0,0,0,0,0,14,0
539,L7535,AbstractRule,net.sourceforge.pmd.lang.rule.AbstractRule,L12214,L103,C:\Users\domco\Desktop\DP\repos\pmd\pmd-core\src\main\java\net\sourceforge\pmd\lang\rule\AbstractRule.java,26,1,470,2,0.0,0,0,0,0.0,0.0,0,0,6,2,2,75,13,209,305,32,91,0.172414,0.156962,62,48,10,48,0.156962,62,2,3,16,266,2,333,445,21,19,17,14,59,0,57,18,76,118,2,71,20,333,445,21,19,17,14,59,0,57,18,76,118,2,71,20,0,1,125,2,5,2,0,2,1,0,3,0,101,0,4,3,0,0,0,17,0
540,L7878,AbstractRuleChainVisitor,net.sourceforge.pmd.lang.rule.AbstractRuleChainVisitor,L12214,L103,C:\Users\domco\Desktop\DP\repos\pmd\pmd-core\src\main\java\net\sourceforge\pmd\lang\rule\AbstractRuleChainVisitor.java,28,1,173,2,0.0,0,0,0,0.0,0.0,0,0,1,5,5,23,9,14,9,10,17,1.0,0.364964,50,39,3,0,0.364964,50,1,1,10,10,1,87,146,2,0,2,0,7,0,2,0,7,55,0,2,0,87,146,2,0,2,0,7,0,2,0,7,55,0,2,0,0,0,5,0,1,1,0,0,0,2,1,0,2,0,0,0,0,0,0,0,0
541,L7948,AbstractRuleViolationFactory,net.sourceforge.pmd.lang.rule.AbstractRuleViolationFactory,L12214,L103,C:\Users\domco\Desktop\DP\repos\pmd\pmd-core\src\main\java\net\sourceforge\pmd\lang\rule\AbstractRuleViolationFactory.java,16,1,54,2,0.0,0,0,0,0.0,0.0,0,0,1,1,1,7,6,11,1,2,7,0.0,0.0714286,2,0,0,3,0.0714286,2,1,1,10,10,1,26,39,1,0,1,0,5,0,2,0,5,8,0,2,0,26,39,1,0,1,0,5,0,2,0,5,8,0,2,0,0,0,15,0,1,1,0,0,0,0,0,0,13,0,0,0,0,0,0,2,0
542,L12775,ImportWrapper,net.sourceforge.pmd.lang.rule.ImportWrapper,L12214,L103,C:\Users\domco\Desktop\DP\repos\pmd\pmd-core\src\main\java\net\sourceforge\pmd\lang\rule\ImportWrapper.java,14,1,106,2,0.0,0,0,0,0.0,0.0,0,0,1,2,2,25,1,3,9,0,12,0.0,0.0,0,0,0,13,0.0,0,0,0,0,0,0,81,93,5,3,5,3,12,0,12,0,12,36,0,12,0,81,93,5,3,5,3,12,0,12,0,12,36,0,12,0,0,0,27,0,2,0,0,0,0,0,0,2,27,0,0,0,0,0,0,0,1.0
543,L12824,MockRule,net.sourceforge.pmd.lang.rule.MockRule,L12214,L103,C:\Users\domco\Desktop\DP\repos\pmd\pmd-core\src\main\java\net\sourceforge\pmd\lang\rule\MockRule.java,21,1,45,2,0.0,0,0,0,0.0,0.0,0,0,1,0,0,4,11,7,27,15,19,0.2,0.222222,6,6,1,4,0.222222,6,3,4,0,0,1,21,25,21,19,0,0,4,0,4,0,79,10,2,74,20,21,25,21,19,0,0,4,0,4,0,79,10,2,74,20,0,0,20,0,1,0,0,0,0,0,1,0,11,1,0,0,0,0,0,8,0
544,L7908,ParametricRuleViolation<T extends Node>,net.sourceforge.pmd.lang.rule.ParametricRuleViolation,L12214,L103,C:\Users\domco\Desktop\DP\repos\pmd\pmd-core\src\main\java\net\sourceforge\pmd\lang\rule\ParametricRuleViolation.java,16,1,185,2,0.0,0,0,0,0.0,0.0,0,0,1,4,3,37,7,24,43,9,28,0.0625,0.048951,7,4,1,15,0.048951,7,1,1,4,5,1,136,170,12,12,12,12,19,0,15,2,19,57,0,15,2,136,170,12,12,12,12,19,0,15,2,19,57,0,15,2,0,0,45,0,2,0,0,0,0,0,0,1,41,0,1,0,0,0,0,4,0
545,L12702,RuleReference,net.sourceforge.pmd.lang.rule.RuleReference,L12214,L103,C:\Users\domco\Desktop\DP\repos\pmd\pmd-core\src\main\java\net\sourceforge\pmd\lang\rule\RuleReference.java,30,1,370,2,0.0,0,0,0,0.0,0.0,0,0,1,2,2,87,9,12,17,28,68,0.027027,0.148789,43,7,1,36,0.148789,43,3,3,0,0,1,246,341,17,33,14,14,40,0,36,11,99,104,2,95,32,246,341,17,33,14,14,40,0,36,11,99,104,2,95,32,0,1,96,0,5,3,0,0,0,0,0,1,75,1,1,0,0,0,0,21,0
546,L7900,XPathRule,net.sourceforge.pmd.lang.rule.XPathRule,L12214,L103,C:\Users\domco\Desktop\DP\repos\pmd\pmd-core\src\main\java\net\sourceforge\pmd\lang\rule\XPathRule.java,32,1,140,2,0.0,0,0,0,0.0,0.0,0,0,1,2,2,18,9,26,25,14,24,0.4,0.208333,20,20,4,6,0.208333,20,3,4,5,5,1,76,109,25,20,4,1,10,2,9,2,84,30,4,78,22,76,109,25,20,4,1,10,2,9,2,84,30,4,78,22,0,1,28,0,0,0,0,0,0,0,0,0,17,0,1,0,0,0,0,11,0
547,L13452,AbstractNameDeclaration,net.sourceforge.pmd.lang.symboltable.AbstractNameDeclaration,L13440,L103,C:\Users\domco\Desktop\DP\repos\pmd\pmd-core\src\main\java\net\sourceforge\pmd\lang\symboltable\AbstractNameDeclaration.java,10,1,37,2,0.0,0,0,0,0.0,0.0,0,0,0,0,0,5,4,36,63,2,7,0.166667,0.12,3,3,1,5,0.12,3,1,1,6,6,1,22,28,1,4,1,4,5,0,5,0,5,5,0,5,0,22,28,1,4,1,4,5,0,5,0,5,5,0,5,0,0,0,13,0,0,0,0,0,0,0,0,0,13,0,0,0,0,0,0,0,0
548,L13474,AbstractScope,net.sourceforge.pmd.lang.symboltable.AbstractScope,L13440,L103,C:\Users\domco\Desktop\DP\repos\pmd\pmd-core\src\main\java\net\sourceforge\pmd\lang\symboltable\AbstractScope.java,18,1,97,2,0.0,0,0,0,0.0,0.0,0,0,1,2,2,17,3,13,45,3,11,0.111111,0.0540541,4,4,1,8,0.0540541,4,1,1,5,9,1,70,80,2,4,2,4,8,0,8,1,8,31,0,8,1,70,80,2,4,2,4,8,0,8,1,8,31,0,8,1,0,0,19,0,1,0,0,0,0,0,0,1,19,0,0,0,0,0,0,0,0
549,L13555,Applier,net.sourceforge.pmd.lang.symboltable.Applier,L13440,L103,C:\Users\domco\Desktop\DP\repos\pmd\pmd-core\src\main\java\net\sourceforge\pmd\lang\symboltable\Applier.java,11,1,22,2,0.0,0,0,0,0.0,0.0,0,0,1,1,1,4,1,9,11,1,3,0.0,0.2,2,0,0,2,0.2,2,0,0,0,0,0,8,12,0,0,0,0,2,0,1,0,2,1,0,1,0,8,12,0,0,0,0,2,0,1,0,2,1,0,1,0,0,1,5,0,0,0,0,0,0,0,0,0,5,0,1,0,0,0,0,0,0
550,L13574,ImageFinderFunction,net.sourceforge.pmd.lang.symboltable.ImageFinderFunction,L13440,L103,C:\Users\domco\Desktop\DP\repos\pmd\pmd-core\src\main\java\net\sourceforge\pmd\lang\symboltable\ImageFinderFunction.java,14,1,39,2,0.0,0,0,0,0.0,0.0,0,0,1,1,1,5,2,8,10,1,5,0.0,0.0,0,0,0,5,0.0,0,1,1,0,0,1,21,26,2,1,2,1,4,0,4,0,4,7,0,4,0,21,26,2,1,2,1,4,0,4,0,4,7,0,4,0,0,0,11,0,0,0,0,0,0,0,0,0,11,0,0,0,0,0,0,0,0
551,L13630,ApplierTest,net.sourceforge.pmd.lang.symboltable.ApplierTest,L13440,L103,C:\Users\domco\Desktop\DP\repos\pmd\pmd-core\src\test\java\net\sourceforge\pmd\lang\symboltable\ApplierTest.java,16,1,62,2,0.0,0,0,0,0.0,0.0,0,0,3,0,0,3,2,0,0,3,6,0.0,0.0,0,0,0,4,0.0,0,0,0,0,0,0,25,29,0,0,0,0,3,0,3,0,3,15,0,3,0,40,47,2,1,2,1,6,0,5,0,6,19,0,5,0,0,0,19,0,3,2,0,0,1,0,0,0,18,0,0,0,0,1,0,0,0
552,L13667,VisitorStarter$1,net.sourceforge.pmd.lang.VisitorStarter$1,L4018,L103,C:\Users\domco\Desktop\DP\repos\pmd\pmd-core\src\main\java\net\sourceforge\pmd\lang\VisitorStarter.java,21,49,26,6,0.0,0,0,0,0.0,0.0,0,0,1,0,0,1,2,0,0,0,1,0.0,0.166667,1,0,0,2,0.166667,1,1,1,0,0,1,5,6,1,0,0,0,1,0,1,0,1,0,1,1,0,5,6,1,0,0,0,1,0,1,0,1,0,1,1,0,0,0,5,0,0,0,0,0,0,0,0,0,3,0,0,0,0,0,0,2,0
553,L13678,Initializer,net.sourceforge.pmd.lang.xpath.Initializer,L13673,L103,C:\Users\domco\Desktop\DP\repos\pmd\pmd-core\src\main\java\net\sourceforge\pmd\lang\xpath\Initializer.java,20,1,65,2,0.0,0,0,0,0.0,0.0,0,0,4,3,3,11,7,4,4,7,12,1.0,0.282609,13,12,3,0,0.282609,13,0,0,0,0,0,33,46,0,0,0,0,5,0,2,0,5,12,0,2,0,33,46,0,0,0,0,5,0,2,0,5,12,0,2,0,0,0,9,0,1,0,0,0,1,0,0,1,8,0,0,0,0,0,0,0,0
554,L13699,MatchesFunction,net.sourceforge.pmd.lang.xpath.MatchesFunction,L13673,L103,C:\Users\domco\Desktop\DP\repos\pmd\pmd-core\src\main\java\net\sourceforge\pmd\lang\xpath\MatchesFunction.java,20,1,56,2,0.0,0,0,0,0.0,0.0,0,0,3,2,2,8,1,3,8,1,4,0.25,0.0588235,2,1,1,3,0.0588235,2,0,0,0,0,0,32,37,0,0,0,0,3,0,3,0,3,19,0,3,0,32,37,0,0,0,0,3,0,3,0,3,19,0,3,0,0,0,10,0,0,0,0,0,1,0,0,0,9,0,0,0,0,0,0,0,0
555,L13685,PMDFunctions,net.sourceforge.pmd.lang.xpath.PMDFunctions,L13673,L103,C:\Users\domco\Desktop\DP\repos\pmd\pmd-core\src\main\java\net\sourceforge\pmd\lang\xpath\PMDFunctions.java,7,1,35,2,0.0,0,0,0,0.0,0.0,0,0,6,0,0,7,1,1,0,1,8,0.0,0.0,0,0,0,7,0.0,0,0,0,0,0,0,23,29,0,0,0,0,7,0,6,0,7,6,0,6,0,23,29,0,0,0,0,7,0,6,0,7,6,0,6,0,0,0,20,0,1,0,0,0,1,0,0,1,17,0,0,0,0,0,0,2,0
556,L13747,XPathHandler$1,net.sourceforge.pmd.lang.XPathHandler$1,L4022,L103,C:\Users\domco\Desktop\DP\repos\pmd\pmd-core\src\main\java\net\sourceforge\pmd\lang\XPathHandler.java,19,45,32,6,0.0,0,0,0,0.0,0.0,0,0,2,0,0,3,1,0,0,0,3,0.0,0.0,0,0,0,4,0.0,0,1,1,0,0,1,12,14,1,1,0,1,3,0,3,0,3,1,1,3,0,12,14,1,1,0,1,3,0,3,0,3,1,1,3,0,0,0,12,0,2,0,0,0,1,0,0,0,9,2,0,0,0,0,0,2,0
557,L13788,DummyLanguageModule$DummyRuleChainVisitor,net.sourceforge.pmd.lang.DummyLanguageModule$DummyRuleChainVisitor,L13760,L103,C:\Users\domco\Desktop\DP\repos\pmd\pmd-core\src\test\java\net\sourceforge\pmd\lang\DummyLanguageModule.java,45,5,62,6,0.735294,1,3,1,0.611111,0.647059,11,11,2,2,2,4,4,1,0,4,6,0.0,0.0,0,0,0,1,0.0,0,2,2,0,0,1,17,18,2,0,0,0,2,0,0,0,7,9,0,2,0,17,18,2,0,0,0,2,0,0,0,7,9,0,2,0,0,0,19,0,0,0,11,0,1,0,0,0,7,0,0,0,0,0,0,0,0
558,L13778,DummyLanguageModule$Handler,net.sourceforge.pmd.lang.DummyLanguageModule$Handler,L13760,L103,C:\Users\domco\Desktop\DP\repos\pmd\pmd-core\src\test\java\net\sourceforge\pmd\lang\DummyLanguageModule.java,64,5,98,6,0.873418,1,1,1,0.8,0.806452,28,25,0,0,0,2,5,2,0,0,2,0.0,0.0,0,0,0,3,0.0,0,2,2,0,0,1,11,12,0,12,0,2,2,0,2,0,12,2,0,12,0,31,35,1,15,0,3,6,0,5,0,19,10,0,18,0,0,0,56,0,0,0,37,0,1,0,0,0,18,0,0,0,0,0,0,0,0
559,L13801,DummyLanguageModule$RuleViolationFactory,net.sourceforge.pmd.lang.DummyLanguageModule$RuleViolationFactory,L13760,L103,C:\Users\domco\Desktop\DP\repos\pmd\pmd-core\src\test\java\net\sourceforge\pmd\lang\DummyLanguageModule.java,100,5,118,6,0.703704,1,1,1,0.631579,0.647059,12,11,1,0,0,2,6,1,0,1,3,0.0,0.0,0,0,0,1,0.0,0,2,2,0,0,1,14,15,1,0,0,0,2,0,0,0,5,4,0,2,0,17,19,13,12,0,0,2,0,0,0,24,4,0,17,2,0,1,27,0,0,0,16,0,0,0,0,0,10,0,1,0,0,0,0,1,1.0
560,L13858,CppCharStream,net.sourceforge.pmd.lang.cpp.CppCharStream,L13847,L103,C:\Users\domco\Desktop\DP\repos\pmd\pmd-cpp\src\main\java\net\sourceforge\pmd\lang\cpp\CppCharStream.java,19,1,62,2,0.0,0,0,0,0.0,0.0,0,0,1,4,3,8,0,2,5,0,4,0.2,0.133333,6,6,1,4,0.133333,6,0,0,0,0,0,39,44,4,2,4,2,4,0,4,0,4,17,0,4,0,39,44,4,2,4,2,4,0,4,0,4,17,0,4,0,0,0,11,0,0,0,0,0,0,0,0,0,11,0,0,0,0,0,0,0,0
561,L13878,CppHandler,net.sourceforge.pmd.lang.cpp.CppHandler,L13847,L103,C:\Users\domco\Desktop\DP\repos\pmd\pmd-cpp\src\main\java\net\sourceforge\pmd\lang\cpp\CppHandler.java,15,1,26,2,0.0,0,0,0,0.0,0.0,0,0,0,0,0,2,5,1,0,1,3,0.333333,0.230769,3,3,1,2,0.230769,3,2,2,0,0,1,10,12,0,12,0,2,2,0,2,0,12,2,0,12,0,10,12,0,12,0,2,2,0,2,0,12,2,0,12,0,0,0,7,0,0,0,0,0,0,0,0,0,7,0,0,0,0,0,0,0,0
562,L13889,CppLanguageModule,net.sourceforge.pmd.lang.cpp.CppLanguageModule,L13847,L103,C:\Users\domco\Desktop\DP\repos\pmd\pmd-cpp\src\main\java\net\sourceforge\pmd\lang\cpp\CppLanguageModule.java,12,1,27,2,0.0,0,0,0,0.0,0.0,0,0,0,0,0,1,2,2,0,2,3,1.0,0.529412,9,9,2,0,0.529412,9,2,2,0,0,1,8,16,10,8,2,0,1,2,1,0,17,2,3,16,0,8,16,10,8,2,0,1,2,1,0,17,2,3,16,0,0,0,4,0,0,0,0,0,0,0,0,0,0,0,0,0,0,0,0,4,0
563,L13884,CppParser,net.sourceforge.pmd.lang.cpp.CppParser,L13847,L103,C:\Users\domco\Desktop\DP\repos\pmd\pmd-cpp\src\main\java\net\sourceforge\pmd\lang\cpp\CppParser.java,20,1,52,2,0.0,0,0,0,0.0,0.0,0,0,3,0,0,5,7,1,1,3,8,0.333333,0.290323,9,9,2,4,0.290323,9,2,2,0,0,1,22,33,1,3,0,1,5,0,5,0,8,6,0,7,0,22,33,1,3,0,1,5,0,5,0,8,6,0,7,0,0,0,10,0,0,0,0,0,1,0,0,0,9,0,0,0,0,0,0,0,0
564,L3189,CppTokenManager,net.sourceforge.pmd.lang.cpp.CppTokenManager,L13847,L103,C:\Users\domco\Desktop\DP\repos\pmd\pmd-cpp\src\main\java\net\sourceforge\pmd\lang\cpp\CppTokenManager.java,15,1,36,2,0.0,0,0,0,0.0,0.0,0,0,0,0,0,3,2,2,2,1,4,0.5,0.409091,9,9,2,2,0.409091,9,1,1,0,0,1,13,22,1,1,1,1,3,0,3,1,3,3,0,3,1,13,22,1,1,1,1,3,0,3,1,3,3,0,3,1,0,0,5,0,1,1,0,0,0,0,0,0,5,0,0,0,0,0,0,0,1.0
565,L13921,CppCharStreamTest,net.sourceforge.pmd.lang.cpp.CppCharStreamTest,L13847,L103,C:\Users\domco\Desktop\DP\repos\pmd\pmd-cpp\src\test\java\net\sourceforge\pmd\lang\cpp\CppCharStreamTest.java,14,1,44,2,0.0,0,0,0,0.0,0.0,0,0,1,1,1,5,1,0,0,4,8,0.0,0.0,0,0,0,4,0.0,0,0,0,0,0,0,27,31,0,0,0,0,4,0,3,0,4,15,0,3,0,27,31,0,0,0,0,4,0,3,0,4,15,0,3,0,0,0,11,0,4,4,0,0,0,0,0,0,11,0,0,0,0,0,0,0,0
566,L13938,CsLanguageModule,net.sourceforge.pmd.lang.cs.CsLanguageModule,L13934,L103,C:\Users\domco\Desktop\DP\repos\pmd\pmd-cs\src\main\java\net\sourceforge\pmd\lang\cs\CsLanguageModule.java,12,1,26,2,0.0,0,0,0,0.0,0.0,0,0,0,0,0,1,1,0,0,2,3,1.0,0.5,8,8,2,0,0.5,8,2,2,0,0,1,8,15,10,8,2,0,1,2,1,0,17,2,3,16,0,8,15,10,8,2,0,1,2,1,0,17,2,3,16,0,0,0,4,0,0,0,0,0,0,0,0,0,0,0,0,0,0,0,0,4,0
567,L13952,FortranLanguageModule,net.sourceforge.pmd.lang.fortran.FortranLanguageModule,L13948,L103,C:\Users\domco\Desktop\DP\repos\pmd\pmd-fortran\src\main\java\net\sourceforge\pmd\lang\fortran\FortranLanguageModule.java,12,1,27,2,0.0,0,0,0,0.0,0.0,0,0,0,0,0,1,1,1,0,2,3,1.0,0.5,8,8,2,0,0.5,8,2,2,0,0,1,8,16,10,8,2,0,1,2,1,0,17,2,3,16,0,8,16,10,8,2,0,1,2,1,0,17,2,3,16,0,0,0,4,0,0,0,0,0,0,0,0,0,0,0,0,0,0,0,0,4,0
568,L13966,GroovyLanguageModule,net.sourceforge.pmd.lang.groovy.GroovyLanguageModule,L13962,L103,C:\Users\domco\Desktop\DP\repos\pmd\pmd-groovy\src\main\java\net\sourceforge\pmd\lang\groovy\GroovyLanguageModule.java,12,1,26,2,0.0,0,0,0,0.0,0.0,0,0,0,0,0,1,1,1,0,2,3,1.0,0.5,8,8,2,0,0.5,8,2,2,0,0,1,8,15,10,8,2,0,1,2,1,0,17,2,3,16,0,8,15,10,8,2,0,1,2,1,0,17,2,3,16,0,0,0,4,0,0,0,0,0,0,0,0,0,0,0,0,0,0,0,0,4,0
569,L14031,AbstractJavaHandler,net.sourceforge.pmd.lang.java.AbstractJavaHandler,L13976,L103,C:\Users\domco\Desktop\DP\repos\pmd\pmd-java\src\main\java\net\sourceforge\pmd\lang\java\AbstractJavaHandler.java,40,1,125,2,0.0,0,0,0,0.0,0.0,0,0,0,0,0,10,10,2,1,1,11,0.0909091,0.111111,6,6,1,10,0.0740741,6,2,2,1,1,1,48,58,0,21,0,10,10,0,10,0,21,10,0,21,0,75,86,2,22,0,10,18,0,18,0,31,20,2,31,0,0,0,79,0,8,8,0,0,1,0,0,0,60,0,0,0,0,0,0,18,1.0
570,L14146,AbstractJavaParser,net.sourceforge.pmd.lang.java.AbstractJavaParser,L13976,L103,C:\Users\domco\Desktop\DP\repos\pmd\pmd-java\src\main\java\net\sourceforge\pmd\lang\java\AbstractJavaParser.java,27,1,63,2,0.0,0,0,0,0.0,0.0,0,0,3,1,1,7,6,1,2,5,11,0.166667,0.282051,11,11,1,5,0.282051,11,2,2,1,1,1,28,37,2,3,1,1,6,0,5,0,9,11,0,7,0,28,37,2,3,1,1,6,0,5,0,9,11,0,7,0,0,0,12,0,3,3,0,0,1,0,0,0,11,0,0,0,0,0,0,0,1.0
571,L14035,JavaDataFlowHandler,net.sourceforge.pmd.lang.java.JavaDataFlowHandler,L13976,L103,C:\Users\domco\Desktop\DP\repos\pmd\pmd-java\src\main\java\net\sourceforge\pmd\lang\java\JavaDataFlowHandler.java,15,1,23,2,0.0,0,0,0,0.0,0.0,0,0,1,0,0,2,5,1,0,1,3,0.0,0.0,0,0,0,3,0.0,0,1,1,0,0,1,8,9,1,1,0,1,2,0,2,0,2,2,1,2,0,8,9,1,1,0,1,2,0,2,0,2,2,1,2,0,0,0,9,0,2,2,0,0,0,0,0,0,7,0,0,0,0,0,0,2,1.0
572,L18858,JavaLanguageHandler,net.sourceforge.pmd.lang.java.JavaLanguageHandler,L13976,L103,C:\Users\domco\Desktop\DP\repos\pmd\pmd-java\src\main\java\net\sourceforge\pmd\lang\java\JavaLanguageHandler.java,10,1,21,2,0.0,0,0,0,0.0,0.0,0,0,0,0,0,2,4,1,1,1,3,0.0,0.0,0,0,0,3,0.0,0,3,3,0,0,1,10,12,1,21,1,1,2,0,2,0,22,2,0,22,0,10,12,1,21,1,1,2,0,2,0,22,2,0,22,0,0,0,8,0,0,0,0,0,0,0,0,0,7,0,0,0,0,0,0,1,0
573,L18873,JavaLanguageModule,net.sourceforge.pmd.lang.java.JavaLanguageModule,L13976,L103,C:\Users\domco\Desktop\DP\repos\pmd\pmd-java\src\main\java\net\sourceforge\pmd\lang\java\JavaLanguageModule.java,13,1,29,2,0.0,0,0,0,0.0,0.0,0,0,0,0,0,1,3,28,0,3,4,0.5,0.176471,3,3,1,1,0.176471,3,2,2,0,0,1,14,17,10,8,2,0,1,2,1,0,17,8,3,16,0,14,17,10,8,2,0,1,2,1,0,17,8,3,16,0,0,0,9,0,0,0,0,0,0,0,0,0,5,0,0,0,0,0,0,4,0
574,L18868,JavaLanguageParser,net.sourceforge.pmd.lang.java.JavaLanguageParser,L13976,L103,C:\Users\domco\Desktop\DP\repos\pmd\pmd-java\src\main\java\net\sourceforge\pmd\lang\java\JavaLanguageParser.java,19,1,33,2,0.0,0,0,0,0.0,0.0,0,0,1,0,0,2,2,1,1,2,4,0.5,0.315789,6,6,1,1,0.315789,6,3,3,0,0,1,13,15,3,3,1,0,2,0,1,0,11,5,0,8,0,13,15,3,3,1,0,2,0,1,0,11,5,0,8,0,0,0,5,0,0,0,0,0,0,0,0,0,5,0,0,0,0,0,0,0,0
575,L14153,JavaTokenManager,net.sourceforge.pmd.lang.java.JavaTokenManager,L13976,L103,C:\Users\domco\Desktop\DP\repos\pmd\pmd-java\src\main\java\net\sourceforge\pmd\lang\java\JavaTokenManager.java,16,1,30,2,0.0,0,0,0,0.0,0.0,0,0,0,0,0,3,1,1,1,0,3,0.25,0.2,3,3,1,3,0.2,3,1,1,0,0,1,12,15,1,1,1,1,3,0,3,1,3,3,0,3,1,12,15,1,1,1,1,3,0,3,1,3,3,0,3,1,0,0,9,0,2,2,0,0,0,0,0,0,9,0,0,0,0,0,0,0,1.0
576,L29044,ParserTstUtil,net.sourceforge.pmd.lang.java.ParserTstUtil,L13976,L103,C:\Users\domco\Desktop\DP\repos\pmd\pmd-java\src\test\java\net\sourceforge\pmd\lang\java\ParserTstUtil.java,30,1,233,2,0.461864,4,6,4,0.245098,0.331081,50,49,3,1,1,27,11,35,202,15,39,0.625,0.152778,22,22,15,9,0.129412,22,0,0,0,0,0,122,173,0,6,0,6,24,0,23,0,24,58,0,23,0,148,204,2,7,2,7,28,0,25,0,28,68,0,25,0,0,0,69,1,3,1,30,0,1,0,2,2,32,0,0,0,0,1,0,4,0
577,L29158,SuppressWarningsTest,net.sourceforge.pmd.lang.java.SuppressWarningsTest,L13976,L103,C:\Users\domco\Desktop\DP\repos\pmd\pmd-java\src\test\java\net\sourceforge\pmd\lang\java\SuppressWarningsTest.java,20,1,235,2,0.0499182,1,1,1,0.0462963,0.0564972,10,10,1,0,0,17,7,0,0,5,22,0.0,0.0,0,0,0,18,0.0111732,2,1,1,0,0,1,162,198,19,2,18,0,17,0,17,0,35,53,0,26,0,177,216,40,23,18,1,19,0,19,0,236,58,2,219,20,0,0,70,6,37,19,8,18,0,0,0,0,44,0,6,1,0,0,0,17,0
578,L29231,Ecmascript5TokenManager,net.sourceforge.pmd.lang.ecmascript5.Ecmascript5TokenManager,L29227,L103,C:\Users\domco\Desktop\DP\repos\pmd\pmd-javascript\src\main\java\net\sourceforge\pmd\lang\ecmascript5\Ecmascript5TokenManager.java,16,1,37,2,0.0,0,0,0,0.0,0.0,0,0,0,0,0,3,1,1,1,0,3,0.5,0.409091,9,9,2,2,0.409091,9,1,1,0,0,1,13,22,1,1,1,1,3,0,3,1,3,3,0,3,1,13,22,1,1,1,1,3,0,3,1,3,3,0,3,1,0,0,5,0,1,1,0,0,0,0,0,0,5,0,0,0,0,0,0,0,1.0
579,L30641,Ecmascript3Handler,net.sourceforge.pmd.lang.ecmascript.Ecmascript3Handler,L29241,L103,C:\Users\domco\Desktop\DP\repos\pmd\pmd-javascript\src\main\java\net\sourceforge\pmd\lang\ecmascript\Ecmascript3Handler.java,26,1,60,2,0.238806,1,1,1,0.285714,0.310345,10,9,0,0,0,5,10,1,0,2,7,0.166667,0.12,3,3,1,5,0.09375,3,2,2,0,0,1,22,27,0,15,0,5,5,0,5,0,15,5,0,15,0,29,35,2,16,0,5,8,0,8,0,20,6,2,20,0,0,0,56,0,4,2,25,0,1,0,0,0,25,2,0,0,0,0,0,5,1.0
580,L30609,Ecmascript3Parser,net.sourceforge.pmd.lang.ecmascript.Ecmascript3Parser,L29241,L103,C:\Users\domco\Desktop\DP\repos\pmd\pmd-javascript\src\main\java\net\sourceforge\pmd\lang\ecmascript\Ecmascript3Parser.java,20,1,45,2,0.0,0,0,0,0.0,0.0,0,0,3,0,0,5,8,2,2,5,10,0.166667,0.125,3,3,1,5,0.125,3,2,2,0,0,1,21,26,2,3,1,1,5,0,5,0,8,6,0,7,0,21,26,2,3,1,1,5,0,5,0,8,6,0,7,0,0,0,14,0,4,3,0,0,1,0,0,1,13,0,0,0,0,0,0,0,1.0
581,L30679,EcmascriptLanguageModule,net.sourceforge.pmd.lang.ecmascript.EcmascriptLanguageModule,L29241,L103,C:\Users\domco\Desktop\DP\repos\pmd\pmd-javascript\src\main\java\net\sourceforge\pmd\lang\ecmascript\EcmascriptLanguageModule.java,13,1,23,2,0.0,0,0,0,0.0,0.0,0,0,0,0,0,1,3,5,0,2,3,0.5,0.272727,3,3,1,1,0.272727,3,2,2,0,0,1,8,11,10,8,2,0,1,2,1,0,17,2,3,16,0,8,11,10,8,2,0,1,2,1,0,17,2,3,16,0,0,0,7,0,0,0,0,0,0,0,0,0,3,0,0,0,0,0,0,4,0
582,L30116,EcmascriptParserOptions,net.sourceforge.pmd.lang.ecmascript.EcmascriptParserOptions,L29241,L103,C:\Users\domco\Desktop\DP\repos\pmd\pmd-javascript\src\main\java\net\sourceforge\pmd\lang\ecmascript\EcmascriptParserOptions.java,15,1,128,2,0.0,0,0,0,0.0,0.0,0,0,1,1,1,19,8,8,11,5,15,0.0,0.0277778,2,2,0,11,0.0208333,2,1,1,0,0,1,70,86,8,2,7,1,10,3,10,3,14,24,3,14,4,94,114,20,4,19,3,13,13,12,3,17,28,13,16,4,0,0,44,0,1,0,0,0,0,0,0,1,32,0,0,0,0,0,0,12,0
583,L31007,EcmascriptParserOptionsTest,net.sourceforge.pmd.lang.ecmascript.EcmascriptParserOptionsTest,L29241,L103,C:\Users\domco\Desktop\DP\repos\pmd\pmd-javascript\src\test\java\net\sourceforge\pmd\lang\ecmascript\EcmascriptParserOptionsTest.java,20,1,115,2,0.442656,2,3,2,0.364583,0.382716,35,31,5,1,1,6,8,0,0,10,15,0.0,0.0,0,0,0,6,0.0,0,0,0,0,0,0,79,94,0,0,0,0,5,0,5,0,5,61,0,5,0,81,96,24,20,0,0,5,0,5,0,134,61,2,128,20,0,0,47,1,18,18,17,0,1,0,0,0,16,0,1,1,0,0,0,12,0
584,L32131,JspHandler,net.sourceforge.pmd.lang.jsp.JspHandler,L31025,L103,C:\Users\domco\Desktop\DP\repos\pmd\pmd-jsp\src\main\java\net\sourceforge\pmd\lang\jsp\JspHandler.java,28,1,57,2,0.280702,1,1,1,0.333333,0.36,10,9,0,0,0,4,9,1,0,1,5,0.2,0.217391,5,5,1,4,0.166667,5,2,2,0,0,1,18,22,0,14,0,4,4,0,4,0,14,4,0,14,0,25,30,2,15,0,4,7,0,7,0,19,5,2,19,0,0,0,54,0,4,2,25,0,1,0,0,0,23,2,0,0,0,0,0,5,1.0
585,L32164,JspLanguageModule,net.sourceforge.pmd.lang.jsp.JspLanguageModule,L31025,L103,C:\Users\domco\Desktop\DP\repos\pmd\pmd-jsp\src\main\java\net\sourceforge\pmd\lang\jsp\JspLanguageModule.java,13,1,22,2,0.0,0,0,0,0.0,0.0,0,0,0,0,0,1,3,6,0,2,3,0.5,0.272727,3,3,1,1,0.272727,3,2,2,0,0,1,8,10,10,8,2,0,1,2,1,0,17,2,3,16,0,8,10,10,8,2,0,1,2,1,0,17,2,3,16,0,0,0,7,0,0,0,0,0,0,0,0,0,3,0,0,0,0,0,0,4,0
586,L32146,JspParser,net.sourceforge.pmd.lang.jsp.JspParser,L31025,L103,C:\Users\domco\Desktop\DP\repos\pmd\pmd-jsp\src\main\java\net\sourceforge\pmd\lang\jsp\JspParser.java,22,1,45,2,0.0,0,0,0,0.0,0.0,0,0,3,0,0,5,7,1,1,3,8,0.166667,0.173913,4,3,1,5,0.173913,4,2,2,0,0,1,19,24,1,3,0,1,5,0,5,0,8,6,0,7,0,19,24,1,3,0,1,5,0,5,0,8,6,0,7,0,0,0,12,0,3,3,0,0,1,0,0,0,11,0,0,0,0,0,0,0,1.0
587,L32179,JspTokenManager,net.sourceforge.pmd.lang.jsp.JspTokenManager,L31025,L103,C:\Users\domco\Desktop\DP\repos\pmd\pmd-jsp\src\main\java\net\sourceforge\pmd\lang\jsp\JspTokenManager.java,16,1,30,2,0.0,0,0,0,0.0,0.0,0,0,0,0,0,3,1,1,1,0,3,0.25,0.2,3,3,1,3,0.2,3,1,1,0,0,1,12,15,1,1,1,1,3,0,3,1,3,3,0,3,1,12,15,1,1,1,1,3,0,3,1,3,3,0,3,1,0,0,9,0,2,2,0,0,0,0,0,0,9,0,0,0,0,0,0,0,1.0
588,L32424,JspParserTest,net.sourceforge.pmd.lang.jsp.JspParserTest,L31025,L103,C:\Users\domco\Desktop\DP\repos\pmd\pmd-jsp\src\test\java\net\sourceforge\pmd\lang\jsp\JspParserTest.java,21,1,50,2,0.0,0,0,0,0.0,0.0,0,0,1,0,0,3,7,0,0,6,9,1.0,0.322581,10,10,3,0,0.322581,10,0,0,0,0,0,21,30,0,0,0,0,3,0,2,0,3,8,0,2,0,21,30,0,0,0,0,3,0,2,0,3,8,0,2,0,0,0,2,0,1,0,0,1,0,0,0,0,2,0,0,0,0,0,0,0,0
589,L32441,MatlabHandler,net.sourceforge.pmd.lang.matlab.MatlabHandler,L32434,L103,C:\Users\domco\Desktop\DP\repos\pmd\pmd-matlab\src\main\java\net\sourceforge\pmd\lang\matlab\MatlabHandler.java,15,1,26,2,0.0,0,0,0,0.0,0.0,0,0,0,0,0,2,5,1,0,1,3,0.333333,0.230769,3,3,1,2,0.230769,3,2,2,0,0,1,10,12,0,12,0,2,2,0,2,0,12,2,0,12,0,10,12,0,12,0,2,2,0,2,0,12,2,0,12,0,0,0,7,0,0,0,0,0,0,0,0,0,7,0,0,0,0,0,0,0,0
590,L32452,MatlabLanguageModule,net.sourceforge.pmd.lang.matlab.MatlabLanguageModule,L32434,L103,C:\Users\domco\Desktop\DP\repos\pmd\pmd-matlab\src\main\java\net\sourceforge\pmd\lang\matlab\MatlabLanguageModule.java,12,1,27,2,0.0,0,0,0,0.0,0.0,0,0,0,0,0,1,2,2,0,2,3,1.0,0.529412,9,9,2,0,0.529412,9,2,2,0,0,1,8,16,10,8,2,0,1,2,1,0,17,2,3,16,0,8,16,10,8,2,0,1,2,1,0,17,2,3,16,0,0,0,4,0,0,0,0,0,0,0,0,0,0,0,0,0,0,0,0,4,0
591,L32447,MatlabParser,net.sourceforge.pmd.lang.matlab.MatlabParser,L32434,L103,C:\Users\domco\Desktop\DP\repos\pmd\pmd-matlab\src\main\java\net\sourceforge\pmd\lang\matlab\MatlabParser.java,20,1,52,2,0.0,0,0,0,0.0,0.0,0,0,3,0,0,5,7,1,1,3,8,0.333333,0.290323,9,9,2,4,0.290323,9,2,2,0,0,1,22,33,1,3,0,1,5,0,5,0,8,6,0,7,0,22,33,1,3,0,1,5,0,5,0,8,6,0,7,0,0,0,10,0,0,0,0,0,1,0,0,0,9,0,0,0,0,0,0,0,0
592,L32468,MatlabTokenManager,net.sourceforge.pmd.lang.matlab.MatlabTokenManager,L32434,L103,C:\Users\domco\Desktop\DP\repos\pmd\pmd-matlab\src\main\java\net\sourceforge\pmd\lang\matlab\MatlabTokenManager.java,16,1,37,2,0.0,0,0,0,0.0,0.0,0,0,0,0,0,3,1,1,1,0,3,0.5,0.409091,9,9,2,2,0.409091,9,1,1,0,0,1,13,22,1,1,1,1,3,0,3,1,3,3,0,3,1,13,22,1,1,1,1,3,0,3,1,3,3,0,3,1,0,0,5,0,1,1,0,0,0,0,0,0,5,0,0,0,0,0,0,0,1.0
593,L32493,ObjectiveCHandler,net.sourceforge.pmd.lang.objectivec.ObjectiveCHandler,L32486,L103,C:\Users\domco\Desktop\DP\repos\pmd\pmd-objectivec\src\main\java\net\sourceforge\pmd\lang\objectivec\ObjectiveCHandler.java,15,1,26,2,0.0,0,0,0,0.0,0.0,0,0,0,0,0,2,5,1,0,1,3,0.333333,0.230769,3,3,1,2,0.230769,3,2,2,0,0,1,10,12,0,12,0,2,2,0,2,0,12,2,0,12,0,10,12,0,12,0,2,2,0,2,0,12,2,0,12,0,0,0,7,0,0,0,0,0,0,0,0,0,7,0,0,0,0,0,0,0,0
594,L32504,ObjectiveCLanguageModule,net.sourceforge.pmd.lang.objectivec.ObjectiveCLanguageModule,L32486,L103,C:\Users\domco\Desktop\DP\repos\pmd\pmd-objectivec\src\main\java\net\sourceforge\pmd\lang\objectivec\ObjectiveCLanguageModule.java,12,1,27,2,0.0,0,0,0,0.0,0.0,0,0,0,0,0,1,2,2,0,2,3,1.0,0.529412,9,9,2,0,0.529412,9,2,2,0,0,1,8,16,10,8,2,0,1,2,1,0,17,2,3,16,0,8,16,10,8,2,0,1,2,1,0,17,2,3,16,0,0,0,4,0,0,0,0,0,0,0,0,0,0,0,0,0,0,0,0,4,0
595,L32499,ObjectiveCParser,net.sourceforge.pmd.lang.objectivec.ObjectiveCParser,L32486,L103,C:\Users\domco\Desktop\DP\repos\pmd\pmd-objectivec\src\main\java\net\sourceforge\pmd\lang\objectivec\ObjectiveCParser.java,20,1,52,2,0.0,0,0,0,0.0,0.0,0,0,3,0,0,5,7,1,1,3,8,0.333333,0.290323,9,9,2,4,0.290323,9,2,2,0,0,1,22,33,1,3,0,1,5,0,5,0,8,6,0,7,0,22,33,1,3,0,1,5,0,5,0,8,6,0,7,0,0,0,10,0,0,0,0,0,1,0,0,0,9,0,0,0,0,0,0,0,0
596,L32520,ObjectiveCTokenManager,net.sourceforge.pmd.lang.objectivec.ObjectiveCTokenManager,L32486,L103,C:\Users\domco\Desktop\DP\repos\pmd\pmd-objectivec\src\main\java\net\sourceforge\pmd\lang\objectivec\ObjectiveCTokenManager.java,16,1,37,2,0.0,0,0,0,0.0,0.0,0,0,0,0,0,3,1,1,1,0,3,0.5,0.409091,9,9,2,2,0.409091,9,1,1,0,0,1,13,22,1,1,1,1,3,0,3,1,3,3,0,3,1,13,22,1,1,1,1,3,0,3,1,3,3,0,3,1,0,0,5,0,1,1,0,0,0,0,0,0,5,0,0,0,0,0,0,0,1.0
597,L32542,PhpLanguageModule,net.sourceforge.pmd.lang.php.PhpLanguageModule,L32538,L103,C:\Users\domco\Desktop\DP\repos\pmd\pmd-php\src\main\java\net\sourceforge\pmd\lang\php\PhpLanguageModule.java,12,1,27,2,0.0,0,0,0,0.0,0.0,0,0,0,0,0,1,1,1,0,2,3,1.0,0.5,8,8,2,0,0.5,8,2,2,0,0,1,8,16,10,8,2,0,1,2,1,0,17,2,3,16,0,8,16,10,8,2,0,1,2,1,0,17,2,3,16,0,0,0,4,0,0,0,0,0,0,0,0,0,0,0,0,0,0,0,0,4,0
598,L33673,PLSQLDataFlowHandler,net.sourceforge.pmd.lang.plsql.PLSQLDataFlowHandler,L32552,L103,C:\Users\domco\Desktop\DP\repos\pmd\pmd-plsql\src\main\java\net\sourceforge\pmd\lang\plsql\PLSQLDataFlowHandler.java,15,1,23,2,0.0,0,0,0,0.0,0.0,0,0,1,0,0,2,4,1,0,1,3,0.0,0.0,0,0,0,3,0.0,0,1,1,0,0,1,8,9,1,1,0,1,2,0,2,0,2,2,1,2,0,8,9,1,1,0,1,2,0,2,0,2,2,1,2,0,0,0,9,0,2,2,0,0,0,0,0,0,7,0,0,0,0,0,0,2,1.0
599,L33685,PLSQLHandler,net.sourceforge.pmd.lang.plsql.PLSQLHandler,L32552,L103,C:\Users\domco\Desktop\DP\repos\pmd\pmd-plsql\src\main\java\net\sourceforge\pmd\lang\plsql\PLSQLHandler.java,37,1,101,2,0.176,1,1,1,0.261538,0.230769,17,12,0,0,0,8,12,2,1,2,10,0.111111,0.2,9,6,1,8,0.147541,9,2,2,0,0,1,36,47,0,18,0,8,8,0,8,0,18,8,0,18,0,52,65,2,19,0,9,14,0,14,0,24,12,2,24,0,0,0,88,0,7,5,32,0,1,0,1,0,42,2,0,0,0,0,0,12,1.0
600,L33749,PLSQLLanguageModule,net.sourceforge.pmd.lang.plsql.PLSQLLanguageModule,L32552,L103,C:\Users\domco\Desktop\DP\repos\pmd\pmd-plsql\src\main\java\net\sourceforge\pmd\lang\plsql\PLSQLLanguageModule.java,13,1,31,2,0.0,0,0,0,0.0,0.0,0,0,0,0,0,1,3,6,0,2,3,0.5,0.37037,10,3,1,1,0.37037,10,2,2,0,0,1,17,19,10,8,2,0,1,2,1,0,17,2,3,16,0,17,19,10,8,2,0,1,2,1,0,17,2,3,16,0,0,0,5,0,0,0,0,0,0,0,0,0,1,0,0,0,0,0,0,4,0
601,L33690,PLSQLParser,net.sourceforge.pmd.lang.plsql.PLSQLParser,L32552,L103,C:\Users\domco\Desktop\DP\repos\pmd\pmd-plsql\src\main\java\net\sourceforge\pmd\lang\plsql\PLSQLParser.java,22,1,54,2,0.0,0,0,0,0.0,0.0,0,0,3,0,0,6,8,1,1,4,10,0.166667,0.25,8,6,1,5,0.25,8,2,2,0,0,1,24,33,1,3,0,1,6,0,5,0,9,9,0,7,0,24,33,1,3,0,1,6,0,5,0,9,9,0,7,0,0,0,10,0,4,3,0,1,1,0,0,0,9,0,0,0,0,0,0,0,1.0
602,L33764,PLSQLTokenManager,net.sourceforge.pmd.lang.plsql.PLSQLTokenManager,L32552,L103,C:\Users\domco\Desktop\DP\repos\pmd\pmd-plsql\src\main\java\net\sourceforge\pmd\lang\plsql\PLSQLTokenManager.java,16,1,30,2,0.0,0,0,0,0.0,0.0,0,0,0,0,0,3,1,1,1,0,3,0.25,0.2,3,3,1,3,0.2,3,1,1,0,0,1,12,15,1,1,1,1,3,0,3,1,3,3,0,3,1,12,15,1,1,1,1,3,0,3,1,3,3,0,3,1,0,0,9,0,2,2,0,0,0,0,0,0,9,0,0,0,0,0,0,0,1.0
603,L33636,AbstractPLSQLParserTst,net.sourceforge.pmd.lang.plsql.AbstractPLSQLParserTst,L32552,L103,C:\Users\domco\Desktop\DP\repos\pmd\pmd-plsql\src\test\java\net\sourceforge\pmd\lang\plsql\AbstractPLSQLParserTst.java,29,1,132,2,0.523529,3,3,3,0.355769,0.411111,37,37,4,1,1,9,11,3,17,12,20,0.0,0.0,0,0,0,9,0.0,0,0,0,3,3,0,64,73,0,3,0,3,8,0,8,0,8,35,0,8,0,90,104,2,4,2,4,12,0,10,0,12,45,0,10,0,0,0,56,0,4,2,23,0,1,0,2,1,30,0,0,0,0,1,0,0,0
604,L35208,PLSQLParserTest,net.sourceforge.pmd.lang.plsql.PLSQLParserTest,L32552,L103,C:\Users\domco\Desktop\DP\repos\pmd\pmd-plsql\src\test\java\net\sourceforge\pmd\lang\plsql\PLSQLParserTest.java,10,1,65,2,0.0,0,0,0,0.0,0.0,0,0,1,0,0,9,1,0,0,1,10,0.1,0.0638298,3,3,1,9,0.0638298,3,1,1,0,0,1,44,56,0,3,0,0,9,0,9,0,17,9,0,17,0,44,56,0,3,0,0,9,0,9,0,17,9,0,17,0,0,0,19,10,0,9,0,0,0,0,0,0,19,0,1,0,0,0,0,0,0
605,L35223,PLSQLXPathRuleTest,net.sourceforge.pmd.lang.plsql.PLSQLXPathRuleTest,L32552,L103,C:\Users\domco\Desktop\DP\repos\pmd\pmd-plsql\src\test\java\net\sourceforge\pmd\lang\plsql\PLSQLXPathRuleTest.java,21,1,76,2,0.0,0,0,0,0.0,0.0,0,0,1,0,0,5,9,0,0,11,16,0.8,0.25,12,12,4,1,0.25,12,1,1,0,0,1,36,56,2,3,2,0,5,0,4,0,13,15,0,12,0,36,56,2,3,2,0,5,0,4,0,13,15,0,12,0,0,1,5,0,3,0,0,0,0,0,0,2,5,0,1,0,0,1,0,0,0
606,L35250,PythonHandler,net.sourceforge.pmd.lang.python.PythonHandler,L35243,L103,C:\Users\domco\Desktop\DP\repos\pmd\pmd-python\src\main\java\net\sourceforge\pmd\lang\python\PythonHandler.java,15,1,26,2,0.0,0,0,0,0.0,0.0,0,0,0,0,0,2,5,1,0,1,3,0.333333,0.230769,3,3,1,2,0.230769,3,2,2,0,0,1,10,12,0,12,0,2,2,0,2,0,12,2,0,12,0,10,12,0,12,0,2,2,0,2,0,12,2,0,12,0,0,0,7,0,0,0,0,0,0,0,0,0,7,0,0,0,0,0,0,0,0
607,L35261,PythonLanguageModule,net.sourceforge.pmd.lang.python.PythonLanguageModule,L35243,L103,C:\Users\domco\Desktop\DP\repos\pmd\pmd-python\src\main\java\net\sourceforge\pmd\lang\python\PythonLanguageModule.java,12,1,27,2,0.0,0,0,0,0.0,0.0,0,0,0,0,0,1,2,3,0,2,3,1.0,0.529412,9,9,2,0,0.529412,9,2,2,0,0,1,8,16,10,8,2,0,1,2,1,0,17,2,3,16,0,8,16,10,8,2,0,1,2,1,0,17,2,3,16,0,0,0,4,0,0,0,0,0,0,0,0,0,0,0,0,0,0,0,0,4,0
608,L35256,PythonParser,net.sourceforge.pmd.lang.python.PythonParser,L35243,L103,C:\Users\domco\Desktop\DP\repos\pmd\pmd-python\src\main\java\net\sourceforge\pmd\lang\python\PythonParser.java,20,1,52,2,0.0,0,0,0,0.0,0.0,0,0,3,0,0,5,7,1,1,3,8,0.333333,0.290323,9,9,2,4,0.290323,9,2,2,0,0,1,22,33,1,3,0,1,5,0,5,0,8,6,0,7,0,22,33,1,3,0,1,5,0,5,0,8,6,0,7,0,0,0,10,0,0,0,0,0,1,0,0,0,9,0,0,0,0,0,0,0,0
609,L35277,PythonTokenManager,net.sourceforge.pmd.lang.python.PythonTokenManager,L35243,L103,C:\Users\domco\Desktop\DP\repos\pmd\pmd-python\src\main\java\net\sourceforge\pmd\lang\python\PythonTokenManager.java,16,1,37,2,0.0,0,0,0,0.0,0.0,0,0,0,0,0,3,1,1,1,0,3,0.5,0.409091,9,9,2,2,0.409091,9,1,1,0,0,1,13,22,1,1,1,1,3,0,3,1,3,3,0,3,1,13,22,1,1,1,1,3,0,3,1,3,3,0,3,1,0,0,5,0,1,1,0,0,0,0,0,0,5,0,0,0,0,0,0,0,1.0
610,L35299,RubyLanguageModule,net.sourceforge.pmd.lang.ruby.RubyLanguageModule,L35295,L103,C:\Users\domco\Desktop\DP\repos\pmd\pmd-ruby\src\main\java\net\sourceforge\pmd\lang\ruby\RubyLanguageModule.java,12,1,26,2,0.0,0,0,0,0.0,0.0,0,0,0,0,0,1,1,1,0,2,3,1.0,0.5,8,8,2,0,0.5,8,2,2,0,0,1,8,15,10,8,2,0,1,2,1,0,17,2,3,16,0,8,15,10,8,2,0,1,2,1,0,17,2,3,16,0,0,0,4,0,0,0,0,0,0,0,0,0,0,0,0,0,0,0,0,4,0
611,L35313,ScalaLanguageModule,net.sourceforge.pmd.lang.scala.ScalaLanguageModule,L35309,L103,C:\Users\domco\Desktop\DP\repos\pmd\pmd-scala\src\main\java\net\sourceforge\pmd\lang\scala\ScalaLanguageModule.java,12,1,26,2,0.0,0,0,0,0.0,0.0,0,0,0,0,0,1,1,1,0,2,3,1.0,0.5,8,8,2,0,0.5,8,2,2,0,0,1,8,15,10,8,2,0,1,2,1,0,17,2,3,16,0,8,15,10,8,2,0,1,2,1,0,17,2,3,16,0,0,0,4,0,0,0,0,0,0,0,0,0,0,0,0,0,0,0,0,4,0
612,L35327,SwiftLanguageModule,net.sourceforge.pmd.lang.swift.SwiftLanguageModule,L35323,L103,C:\Users\domco\Desktop\DP\repos\pmd\pmd-swift\src\main\java\net\sourceforge\pmd\lang\swift\SwiftLanguageModule.java,12,1,26,2,0.0,0,0,0,0.0,0.0,0,0,0,0,0,1,1,1,0,2,3,1.0,0.5,8,8,2,0,0.5,8,2,2,0,0,1,8,15,10,8,2,0,1,2,1,0,17,2,3,16,0,8,15,10,8,2,0,1,2,1,0,17,2,3,16,0,0,0,4,0,0,0,0,0,0,0,0,0,0,0,0,0,0,0,0,4,0
613,L36468,VfHandler,net.sourceforge.pmd.lang.vf.VfHandler,L35350,L103,C:\Users\domco\Desktop\DP\repos\pmd\pmd-visualforce\src\main\java\net\sourceforge\pmd\lang\vf\VfHandler.java,23,1,52,2,0.280702,1,1,1,0.333333,0.36,10,9,0,0,0,4,9,1,0,1,5,0.0,0.0,0,0,0,5,0.0,0,2,2,0,0,1,18,22,0,14,0,4,4,0,4,0,14,4,0,14,0,25,30,2,15,0,4,7,0,7,0,19,5,2,19,0,0,0,54,0,4,2,25,0,1,0,0,0,23,2,0,0,0,0,0,5,1.0
614,L36499,VfLanguageModule,net.sourceforge.pmd.lang.vf.VfLanguageModule,L35350,L103,C:\Users\domco\Desktop\DP\repos\pmd\pmd-visualforce\src\main\java\net\sourceforge\pmd\lang\vf\VfLanguageModule.java,15,1,24,2,0.0,0,0,0,0.0,0.0,0,0,0,0,0,1,3,5,0,2,3,0.5,0.333333,4,4,1,1,0.333333,4,2,2,0,0,1,8,10,10,8,2,0,1,2,1,0,17,2,3,16,0,8,10,10,8,2,0,1,2,1,0,17,2,3,16,0,0,0,7,0,0,0,0,0,0,0,0,0,3,0,0,0,0,0,0,4,0
615,L36481,VfParser,net.sourceforge.pmd.lang.vf.VfParser,L35350,L103,C:\Users\domco\Desktop\DP\repos\pmd\pmd-visualforce\src\main\java\net\sourceforge\pmd\lang\vf\VfParser.java,21,1,44,2,0.0,0,0,0,0.0,0.0,0,0,3,0,0,5,8,1,1,4,9,0.166667,0.173913,4,3,1,5,0.173913,4,2,2,0,0,1,19,24,1,3,0,1,5,0,5,0,8,6,0,7,0,19,24,1,3,0,1,5,0,5,0,8,6,0,7,0,0,0,12,0,3,3,0,0,1,0,0,0,11,0,0,0,0,0,0,0,1.0
616,L36522,VfSimpleCharStream,net.sourceforge.pmd.lang.vf.VfSimpleCharStream,L35350,L103,C:\Users\domco\Desktop\DP\repos\pmd\pmd-visualforce\src\main\java\net\sourceforge\pmd\lang\vf\VfSimpleCharStream.java,15,1,22,2,0.0,0,0,0,0.0,0.0,0,0,0,0,0,1,0,1,1,0,1,0.5,0.4,4,4,1,1,0.4,4,0,0,0,0,0,6,8,0,0,0,0,1,0,1,0,1,2,0,1,0,6,8,0,0,0,0,1,0,1,0,1,2,0,1,0,0,0,3,0,0,0,0,0,0,0,0,0,3,0,0,0,0,0,0,0,0
617,L36513,VfTokenManager,net.sourceforge.pmd.lang.vf.VfTokenManager,L35350,L103,C:\Users\domco\Desktop\DP\repos\pmd\pmd-visualforce\src\main\java\net\sourceforge\pmd\lang\vf\VfTokenManager.java,16,1,30,2,0.0,0,0,0,0.0,0.0,0,0,0,0,0,3,1,1,1,0,3,0.25,0.2,3,3,1,3,0.2,3,1,1,0,0,1,12,15,1,1,1,1,3,0,3,1,3,3,0,3,1,12,15,1,1,1,1,3,0,3,1,3,3,0,3,1,0,0,9,0,2,2,0,0,0,0,0,0,9,0,0,0,0,0,0,0,1.0
618,L36537,RuleSetFactoryTest,net.sourceforge.pmd.lang.vf.RuleSetFactoryTest,L35350,L103,C:\Users\domco\Desktop\DP\repos\pmd\pmd-visualforce\src\test\java\net\sourceforge\pmd\lang\vf\RuleSetFactoryTest.java,9,1,11,2,0.0,0,0,0,0.0,0.0,0,0,0,0,0,0,1,0,0,0,0,0.0,0.333333,1,0,0,1,0.333333,1,1,1,0,0,1,2,3,4,2,0,0,0,0,0,0,18,0,0,6,0,2,3,4,2,0,0,0,0,0,0,18,0,0,6,0,0,0,1,0,1,0,0,0,0,0,0,0,1,0,1,0,0,0,0,0,1.0
619,L36539,VfParserTest,net.sourceforge.pmd.lang.vf.VfParserTest,L35350,L103,C:\Users\domco\Desktop\DP\repos\pmd\pmd-visualforce\src\test\java\net\sourceforge\pmd\lang\vf\VfParserTest.java,21,1,48,2,0.0,0,0,0,0.0,0.0,0,0,1,0,0,4,7,0,0,6,10,0.25,0.142857,4,4,1,3,0.142857,4,0,0,0,0,0,24,28,0,0,0,0,4,0,3,0,4,10,0,3,0,24,28,0,0,0,0,4,0,3,0,4,10,0,3,0,0,0,11,0,1,0,0,1,0,0,0,0,11,0,0,0,0,0,0,0,0
620,L37912,VmHandler,net.sourceforge.pmd.lang.vm.VmHandler,L36548,L103,C:\Users\domco\Desktop\DP\repos\pmd\pmd-vm\src\main\java\net\sourceforge\pmd\lang\vm\VmHandler.java,26,1,55,2,0.285714,1,1,1,0.333333,0.36,10,9,0,0,0,4,9,1,0,1,5,0.2,0.181818,4,4,1,4,0.137931,4,2,2,0,0,1,18,22,0,14,0,4,4,0,4,0,14,4,0,14,0,25,30,2,15,0,4,7,0,7,0,19,5,2,19,0,0,0,54,0,4,2,25,0,1,0,0,0,23,2,0,0,0,0,0,5,1.0
621,L37940,VmLanguageModule,net.sourceforge.pmd.lang.vm.VmLanguageModule,L36548,L103,C:\Users\domco\Desktop\DP\repos\pmd\pmd-vm\src\main\java\net\sourceforge\pmd\lang\vm\VmLanguageModule.java,10,1,20,2,0.0,0,0,0,0.0,0.0,0,0,0,0,0,1,3,3,0,2,3,0.5,0.272727,3,3,1,1,0.272727,3,2,2,0,0,1,8,11,10,8,2,0,1,2,1,0,17,2,3,16,0,8,11,10,8,2,0,1,2,1,0,17,2,3,16,0,0,0,7,0,0,0,0,0,0,0,0,0,3,0,0,0,0,0,0,4,0
622,L37926,VmParser,net.sourceforge.pmd.lang.vm.VmParser,L36548,L103,C:\Users\domco\Desktop\DP\repos\pmd\pmd-vm\src\main\java\net\sourceforge\pmd\lang\vm\VmParser.java,22,1,45,2,0.0,0,0,0,0.0,0.0,0,0,3,0,0,5,8,1,1,4,9,0.166667,0.173913,4,3,1,5,0.173913,4,2,2,0,0,1,19,24,1,3,0,1,5,0,5,0,8,6,0,7,0,19,24,1,3,0,1,5,0,5,0,8,6,0,7,0,0,0,12,0,3,3,0,0,1,0,0,0,11,0,0,0,0,0,0,0,1.0
623,L37954,VmTokenManager,net.sourceforge.pmd.lang.vm.VmTokenManager,L36548,L103,C:\Users\domco\Desktop\DP\repos\pmd\pmd-vm\src\main\java\net\sourceforge\pmd\lang\vm\VmTokenManager.java,14,1,30,2,0.0,0,0,0,0.0,0.0,0,0,0,0,0,3,3,1,1,2,5,0.0,0.0,0,0,0,4,0.0,0,1,1,0,0,1,12,17,1,1,1,1,3,0,3,1,3,3,0,3,1,12,17,1,1,1,1,3,0,3,1,3,3,0,3,1,0,0,9,0,2,2,0,0,0,0,0,0,9,0,0,0,0,0,0,0,1.0
624,L37973,VmParserTest,net.sourceforge.pmd.lang.vm.VmParserTest,L36548,L103,C:\Users\domco\Desktop\DP\repos\pmd\pmd-vm\src\test\java\net\sourceforge\pmd\lang\vm\VmParserTest.java,21,1,63,2,0.0,0,0,0,0.0,0.0,0,0,1,0,0,4,7,0,0,6,10,0.5,0.153846,6,6,2,2,0.153846,6,0,0,0,0,0,33,43,3,0,3,0,4,0,3,0,4,10,0,3,0,33,43,3,0,3,0,4,0,3,0,4,10,0,3,0,0,0,9,0,1,0,0,1,0,0,0,0,9,0,0,0,0,0,0,0,0
625,L37999,PomLanguageModule,net.sourceforge.pmd.lang.pom.PomLanguageModule,L37990,L103,C:\Users\domco\Desktop\DP\repos\pmd\pmd-xml\src\main\java\net\sourceforge\pmd\lang\pom\PomLanguageModule.java,11,1,19,2,0.0,0,0,0,0.0,0.0,0,0,0,0,0,1,3,1,0,2,3,0.0,0.0,0,0,0,2,0.0,0,2,2,0,0,1,8,9,10,8,2,0,1,2,1,0,17,2,3,16,0,8,9,10,8,2,0,1,2,1,0,17,2,3,16,0,0,0,9,0,0,0,0,0,0,0,0,0,5,0,0,0,0,0,0,4,0
626,L38082,WsdlLanguageModule,net.sourceforge.pmd.lang.wsdl.WsdlLanguageModule,L38025,L103,C:\Users\domco\Desktop\DP\repos\pmd\pmd-xml\src\main\java\net\sourceforge\pmd\lang\wsdl\WsdlLanguageModule.java,14,1,23,2,0.0,0,0,0,0.0,0.0,0,0,0,0,0,1,3,3,0,2,3,0.5,0.272727,3,3,1,1,0.272727,3,2,2,0,0,1,8,10,10,8,2,0,1,2,1,0,17,2,3,16,0,8,10,10,8,2,0,1,2,1,0,17,2,3,16,0,0,0,7,0,0,0,0,0,0,0,0,0,3,0,0,0,0,0,0,4,0
627,L38008,XmlHandler,net.sourceforge.pmd.lang.xml.XmlHandler,L38087,L103,C:\Users\domco\Desktop\DP\repos\pmd\pmd-xml\src\main\java\net\sourceforge\pmd\lang\xml\XmlHandler.java,28,1,66,2,0.309859,1,1,1,0.358974,0.375,14,12,0,0,0,5,9,4,0,2,7,0.166667,0.12,3,3,1,5,0.0857143,3,2,2,0,0,1,22,27,0,15,0,5,5,0,5,0,15,5,0,15,0,32,39,2,16,0,6,9,0,9,0,19,7,2,19,0,0,0,64,0,4,2,31,0,1,0,0,0,27,2,0,0,0,0,0,5,1.0
628,L38556,XmlLanguageModule,net.sourceforge.pmd.lang.xml.XmlLanguageModule,L38087,L103,C:\Users\domco\Desktop\DP\repos\pmd\pmd-xml\src\main\java\net\sourceforge\pmd\lang\xml\XmlLanguageModule.java,13,1,22,2,0.0,0,0,0,0.0,0.0,0,0,0,0,0,1,3,6,0,2,3,0.5,0.272727,3,3,1,1,0.272727,3,2,2,0,0,1,8,10,10,8,2,0,1,2,1,0,17,2,3,16,0,8,10,10,8,2,0,1,2,1,0,17,2,3,16,0,0,0,7,0,0,0,0,0,0,0,0,0,3,0,0,0,0,0,0,4,0
629,L38538,XmlParser,net.sourceforge.pmd.lang.xml.XmlParser,L38087,L103,C:\Users\domco\Desktop\DP\repos\pmd\pmd-xml\src\main\java\net\sourceforge\pmd\lang\xml\XmlParser.java,20,1,42,2,0.0,0,0,0,0.0,0.0,0,0,3,0,0,5,7,1,1,3,8,0.166667,0.181818,4,3,1,5,0.181818,4,2,2,0,0,1,18,23,1,3,0,1,5,0,5,0,8,5,0,7,0,18,23,1,3,0,1,5,0,5,0,8,5,0,7,0,0,0,12,0,3,3,0,0,1,0,0,0,11,0,0,0,0,0,0,0,1.0
630,L38047,XmlParserOptions,net.sourceforge.pmd.lang.xml.XmlParserOptions,L38087,L103,C:\Users\domco\Desktop\DP\repos\pmd\pmd-xml\src\main\java\net\sourceforge\pmd\lang\xml\XmlParserOptions.java,19,1,191,2,0.0,0,0,0,0.0,0.0,0,0,1,1,1,39,6,10,20,4,25,0.0454545,0.0547945,8,8,1,21,0.0536913,8,1,1,0,0,1,138,170,18,2,17,1,21,9,21,8,25,51,9,25,9,141,173,18,2,17,1,22,9,22,8,26,52,9,26,9,0,0,59,0,2,1,0,0,0,1,0,1,48,0,0,0,0,0,0,10,1.0
631,L38620,XmlParserOptionsTest,net.sourceforge.pmd.lang.xml.XmlParserOptionsTest,L38087,L103,C:\Users\domco\Desktop\DP\repos\pmd\pmd-xml\src\test\java\net\sourceforge\pmd\lang\xml\XmlParserOptionsTest.java,19,1,168,2,0.752392,8,16,15,0.64,0.64,96,80,5,1,1,6,7,0,0,20,25,0.0,0.0,0,0,0,6,0.0,0,0,0,0,0,0,123,148,0,0,0,0,5,0,5,0,5,104,0,5,0,125,150,28,20,0,0,5,0,5,0,87,104,9,78,20,0,0,57,1,48,48,26,0,1,0,1,0,16,0,1,1,0,0,0,12,0
632,L38641,XmlParserTest,net.sourceforge.pmd.lang.xml.XmlParserTest,L38087,L103,C:\Users\domco\Desktop\DP\repos\pmd\pmd-xml\src\test\java\net\sourceforge\pmd\lang\xml\XmlParserTest.java,32,1,464,2,0.395072,9,27,27,0.284065,0.364198,123,118,3,2,2,18,12,0,0,25,41,0.833333,0.207824,85,85,10,2,0.207824,85,0,0,0,0,0,324,433,3,0,3,0,16,0,11,0,16,254,0,11,0,324,433,3,0,3,0,16,0,11,0,16,254,0,11,0,0,0,87,13,13,10,52,3,1,0,7,0,27,0,13,0,0,0,0,0,0
633,L38730,XslLanguageModule,net.sourceforge.pmd.lang.xsl.XslLanguageModule,L38727,L103,C:\Users\domco\Desktop\DP\repos\pmd\pmd-xml\src\main\java\net\sourceforge\pmd\lang\xsl\XslLanguageModule.java,14,1,23,2,0.0,0,0,0,0.0,0.0,0,0,0,0,0,1,3,1,0,2,3,0.5,0.272727,3,3,1,1,0.272727,3,2,2,0,0,1,8,10,10,8,2,0,1,2,1,0,17,2,3,16,0,8,10,10,8,2,0,1,2,1,0,17,2,3,16,0,0,0,7,0,0,0,0,0,0,0,0,0,3,0,0,0,0,0,0,4,0
634,L38878,PMDTaskImpl,net.sourceforge.pmd.ant.internal.PMDTaskImpl,L38875,L103,C:\Users\domco\Desktop\DP\repos\pmd\pmd-core\src\main\java\net\sourceforge\pmd\ant\internal\PMDTaskImpl.java,53,1,297,2,0.0,0,0,0,0.0,0.0,0,0,1,2,2,33,27,2,1,54,61,0.0,0.0978261,18,0,0,3,0.100478,21,0,0,0,0,0,166,217,10,0,10,0,7,0,2,0,7,108,0,2,0,188,245,16,8,10,0,12,0,7,0,38,113,0,30,6,0,0,32,2,6,1,0,0,1,1,4,6,24,0,0,0,0,1,0,2,0
635,L39275,PMDTaskTest$1,net.sourceforge.pmd.ant.PMDTaskTest$1,L39250,L103,C:\Users\domco\Desktop\DP\repos\pmd\pmd-java\src\test\java\net\sourceforge\pmd\ant\PMDTaskTest.java,99,66,111,6,0.0,0,0,0,0.0,0.0,0,0,1,0,0,2,0,0,0,0,2,0.0,0.0,0,0,0,1,0.0,0,0,0,0,0,0,11,13,1,0,1,0,2,0,0,0,2,2,0,0,0,11,13,1,0,1,0,2,0,0,0,2,2,0,0,0,0,0,7,0,0,0,0,0,0,0,0,0,7,0,0,0,0,0,0,0,0
636,L39288,PMDTaskTest$2,net.sourceforge.pmd.ant.PMDTaskTest$2,L39250,L103,C:\Users\domco\Desktop\DP\repos\pmd\pmd-java\src\test\java\net\sourceforge\pmd\ant\PMDTaskTest.java,127,74,139,6,0.0,0,0,0,0.0,0.0,0,0,1,0,0,2,0,0,0,0,2,0.0,0.0,0,0,0,1,0.0,0,0,0,0,0,0,11,13,1,0,1,0,2,0,0,0,2,2,0,0,0,11,13,1,0,1,0,2,0,0,0,2,2,0,0,0,0,0,7,0,0,0,0,0,0,0,0,0,7,0,0,0,0,0,0,0,0
637,L40092,PMDParameters$PropertyConverter,net.sourceforge.pmd.cli.PMDParameters$PropertyConverter,L40017,L103,C:\Users\domco\Desktop\DP\repos\pmd\pmd-core\src\main\java\net\sourceforge\pmd\cli\PMDParameters.java,106,5,123,6,0.0,0,0,0,0.0,0.0,0,0,1,1,1,2,0,0,0,0,1,0.5,0.0588235,1,1,1,1,0.0588235,1,0,0,0,0,0,16,18,1,0,1,0,1,0,1,0,1,8,0,1,0,16,18,1,0,1,0,1,0,1,0,1,8,0,1,0,0,0,5,0,0,0,0,0,0,0,0,0,5,0,0,0,0,0,0,0,0
638,L40085,PMDParameters$RulePriorityConverter,net.sourceforge.pmd.cli.PMDParameters$RulePriorityConverter,L40017,L103,C:\Users\domco\Desktop\DP\repos\pmd\pmd-core\src\main\java\net\sourceforge\pmd\cli\PMDParameters.java,126,5,141,6,0.0,0,0,0,0.0,0.0,0,0,1,1,1,4,1,0,0,1,3,0.333333,0.0666667,1,1,1,2,0.0666667,1,0,0,0,0,0,14,16,0,0,0,0,2,0,2,0,2,5,0,2,0,14,16,0,0,0,0,2,0,2,0,2,5,0,2,0,0,0,7,0,0,0,0,0,0,0,0,0,7,0,0,0,0,0,0,0,0
639,L40332,PrintVisitor,net.sourceforge.pmd.dcd.asm.PrintVisitor,L40328,L103,C:\Users\domco\Desktop\DP\repos\pmd\pmd-core\src\main\java\net\sourceforge\pmd\dcd\asm\PrintVisitor.java,7,1,39,2,0.0,0,0,0,0.0,0.0,0,0,1,1,1,7,0,4,9,0,6,0.0,0.0,0,0,0,6,0.0,0,0,0,0,0,0,25,33,2,0,2,0,6,0,5,0,6,10,0,5,0,25,33,2,0,2,0,6,0,5,0,6,10,0,5,0,0,0,15,2,0,2,0,0,0,0,0,0,15,0,0,0,0,0,0,0,0
640,L40353,TypeSignatureVisitor,net.sourceforge.pmd.dcd.asm.TypeSignatureVisitor,L40328,L103,C:\Users\domco\Desktop\DP\repos\pmd\pmd-core\src\main\java\net\sourceforge\pmd\dcd\asm\TypeSignatureVisitor.java,16,1,307,2,0.10271,1,10,2,0.0821918,0.0979592,24,24,1,2,2,62,2,3,3,6,33,0.0,0.0277778,7,6,0,23,0.0277778,7,0,0,0,0,0,245,292,12,4,12,4,27,0,22,0,27,123,0,22,0,245,292,12,4,12,4,27,0,22,0,27,123,0,22,0,0,2,71,7,3,1,9,0,0,1,0,6,57,0,3,0,0,2,0,4,0
641,L40589,ClassNode,net.sourceforge.pmd.dcd.graph.ClassNode,L40674,L103,C:\Users\domco\Desktop\DP\repos\pmd\pmd-core\src\main\java\net\sourceforge\pmd\dcd\graph\ClassNode.java,18,1,128,2,0.398305,1,12,3,0.369369,0.428571,41,39,5,2,2,28,7,10,19,9,22,0.0714286,0.0421053,4,4,1,13,0.0421053,4,1,1,0,0,1,91,111,5,5,5,5,13,0,13,0,13,43,0,13,0,91,111,5,5,5,5,13,0,13,0,13,43,0,13,0,0,0,53,0,0,0,23,0,1,0,0,0,29,0,0,0,0,0,0,0,0
642,L40770,ClassNodeComparator,net.sourceforge.pmd.dcd.graph.ClassNodeComparator,L40674,L103,C:\Users\domco\Desktop\DP\repos\pmd\pmd-core\src\main\java\net\sourceforge\pmd\dcd\graph\ClassNodeComparator.java,13,1,32,2,0.0,0,0,0,0.0,0.0,0,0,1,3,1,6,1,1,0,2,4,0.5,0.190476,4,4,1,1,0.190476,4,0,0,0,0,0,17,20,1,0,1,0,2,1,1,0,2,7,1,1,0,17,20,1,0,1,0,2,1,1,0,2,7,1,1,0,0,0,11,0,0,0,0,0,0,0,0,0,7,0,0,0,0,0,0,4,0
643,L40623,ConstructorNode,net.sourceforge.pmd.dcd.graph.ConstructorNode,L40674,L103,C:\Users\domco\Desktop\DP\repos\pmd\pmd-core\src\main\java\net\sourceforge\pmd\dcd\graph\ConstructorNode.java,18,1,100,2,0.369128,1,5,1,0.240964,0.253731,20,17,3,4,4,17,4,6,2,10,18,0.222222,0.12987,10,6,2,7,0.12987,10,2,2,0,0,1,67,83,7,6,1,1,8,0,8,0,23,32,0,23,0,67,83,7,6,1,1,8,0,8,0,23,32,0,23,0,0,0,30,0,1,0,12,0,1,2,0,1,15,0,0,0,0,0,0,0,0
644,L40606,FieldNode,net.sourceforge.pmd.dcd.graph.FieldNode,L40674,L103,C:\Users\domco\Desktop\DP\repos\pmd\pmd-core\src\main\java\net\sourceforge\pmd\dcd\graph\FieldNode.java,15,1,56,2,0.0,0,0,0,0.0,0.0,0,0,3,1,1,8,3,7,2,6,11,0.333333,0.153846,6,6,2,4,0.153846,6,2,2,0,0,1,33,42,7,6,1,1,5,0,5,0,20,13,0,20,0,33,42,7,6,1,1,5,0,5,0,20,13,0,20,0,0,1,12,0,1,0,0,0,1,0,0,1,11,0,1,0,0,0,0,0,0
645,L40646,"MemberNode<S extends MemberNode<S, T>, T extends Member>",net.sourceforge.pmd.dcd.graph.MemberNode,L40674,L103,C:\Users\domco\Desktop\DP\repos\pmd\pmd-core\src\main\java\net\sourceforge\pmd\dcd\graph\MemberNode.java,15,1,143,2,0.243316,4,28,4,0.186047,0.235294,24,24,5,2,2,34,3,13,33,2,18,0.176471,0.0810811,9,9,3,14,0.0810811,9,1,1,3,3,1,102,129,6,6,6,6,16,0,16,0,16,46,0,16,0,102,129,6,6,6,6,16,0,16,0,16,46,0,16,0,0,0,49,1,0,1,12,0,1,0,0,0,33,0,0,0,0,0,0,3,0
646,L40900,MemberNodeComparator,net.sourceforge.pmd.dcd.graph.MemberNodeComparator,L40674,L103,C:\Users\domco\Desktop\DP\repos\pmd\pmd-core\src\main\java\net\sourceforge\pmd\dcd\graph\MemberNodeComparator.java,13,1,44,2,0.0,0,0,0,0.0,0.0,0,0,1,4,2,8,4,0,0,0,2,0.5,0.121212,4,4,1,1,0.121212,4,0,0,0,0,0,29,32,1,0,1,0,2,1,1,0,2,13,1,1,0,29,32,1,0,1,0,2,1,1,0,2,13,1,1,0,0,0,11,0,0,0,0,0,0,0,0,0,7,0,0,0,0,0,0,4,0
647,L40638,MethodNode,net.sourceforge.pmd.dcd.graph.MethodNode,L40674,L103,C:\Users\domco\Desktop\DP\repos\pmd\pmd-core\src\main\java\net\sourceforge\pmd\dcd\graph\MethodNode.java,18,1,78,2,0.480349,1,5,1,0.327869,0.354167,20,17,3,4,4,12,4,6,3,9,14,0.333333,0.172414,10,6,2,4,0.172414,10,2,2,0,0,1,48,61,7,6,1,1,5,0,5,0,20,25,0,20,0,48,61,7,6,1,1,5,0,5,0,20,25,0,20,0,0,0,24,0,1,0,12,0,1,2,0,1,9,0,0,0,0,0,0,0,0
648,L40577,NodeVisitorAdapter,net.sourceforge.pmd.dcd.graph.NodeVisitorAdapter,L40674,L103,C:\Users\domco\Desktop\DP\repos\pmd\pmd-core\src\main\java\net\sourceforge\pmd\dcd\graph\NodeVisitorAdapter.java,14,1,90,2,0.0,0,0,0,0.0,0.0,0,0,7,1,1,17,7,2,17,8,20,0.0769231,0.0714286,5,5,1,12,0.0714286,5,1,1,2,2,1,65,77,0,0,0,0,12,0,12,0,12,22,0,12,0,65,77,0,0,0,0,12,0,12,0,12,22,0,12,0,0,0,28,0,0,0,0,0,1,0,0,0,27,0,0,0,0,0,0,0,0
649,L40524,UsageGraph,net.sourceforge.pmd.dcd.graph.UsageGraph,L40674,L103,C:\Users\domco\Desktop\DP\repos\pmd\pmd-core\src\main\java\net\sourceforge\pmd\dcd\graph\UsageGraph.java,47,1,134,2,0.0,0,0,0,0.0,0.0,0,0,1,2,2,21,8,8,9,8,19,0.1,0.314815,34,33,1,9,0.314815,34,1,1,0,0,1,74,88,2,0,2,0,11,0,9,0,11,37,0,9,0,74,88,2,0,2,0,11,0,9,0,11,37,0,9,0,0,0,23,0,0,0,0,0,0,0,0,0,23,0,0,0,0,0,0,0,0
650,L40565,UsageGraphBuilder,net.sourceforge.pmd.dcd.graph.UsageGraphBuilder,L40674,L103,C:\Users\domco\Desktop\DP\repos\pmd\pmd-core\src\main\java\net\sourceforge\pmd\dcd\graph\UsageGraphBuilder.java,31,1,489,2,0.0,0,0,0,0.0,0.0,0,0,3,4,4,15,6,3,9,6,15,0.25,0.106061,7,7,1,3,0.0196078,8,0,0,0,0,0,59,77,4,5,4,5,9,0,3,0,9,26,0,3,0,400,459,8,5,8,5,48,0,37,0,48,209,0,37,0,0,0,115,6,7,3,0,2,1,2,0,2,105,0,6,0,0,0,0,7,0
651,L41247,UsageNodeVisitor$Options,net.sourceforge.pmd.dcd.UsageNodeVisitor$Options,L40538,L103,C:\Users\domco\Desktop\DP\repos\pmd\pmd-core\src\main\java\net\sourceforge\pmd\dcd\UsageNodeVisitor.java,28,5,109,6,0.0,0,0,0,0.0,0.0,0,0,8,0,0,16,0,1,4,0,16,0.0588235,0.0491803,3,3,1,16,0.0491803,3,0,0,0,0,0,58,82,8,0,8,0,16,0,16,8,16,16,0,16,8,58,82,8,0,8,0,16,0,16,8,16,16,0,16,8,0,0,39,0,3,0,0,0,1,0,0,1,35,0,0,0,0,2,0,3,0
652,L41394,PMD$1,net.sourceforge.pmd.PMD$1,L41374,L103,C:\Users\domco\Desktop\DP\repos\pmd\pmd-core\src\main\java\net\sourceforge\pmd\PMD.java,223,72,232,14,0.0,0,0,0,0.0,0.0,0,0,2,0,0,2,3,0,0,0,2,0.0,0.0,0,0,0,3,0.0,0,1,1,0,0,1,9,10,0,0,0,0,2,0,2,0,2,1,0,2,0,9,10,0,0,0,0,2,0,2,0,2,1,0,2,0,0,0,8,0,1,0,0,0,1,0,0,0,7,1,0,0,0,0,0,0,0
653,L41451,PMD$2,net.sourceforge.pmd.PMD$2,L41415,L103,C:\Users\domco\Desktop\DP\repos\pmd\pmd-core\src\main\java\net\sourceforge\pmd\PMD.java,329,66,336,14,0.0,0,0,0,0.0,0.0,0,0,1,0,0,1,1,0,0,1,2,0.0,0.0,0,0,0,2,0.0,0,0,0,0,0,0,8,8,0,0,0,0,1,0,1,0,1,3,0,1,0,8,8,0,0,0,0,1,0,1,0,1,3,0,1,0,0,0,5,0,0,0,0,0,0,0,0,0,5,0,0,0,0,0,0,0,0
654,L41810,PmdRunnable$ThreadContext,net.sourceforge.pmd.processor.PmdRunnable$ThreadContext,L41705,L103,C:\Users\domco\Desktop\DP\repos\pmd\pmd-core\src\main\java\net\sourceforge\pmd\processor\PmdRunnable.java,87,5,95,6,0.0,0,0,0,0.0,0.0,0,0,0,0,0,1,2,1,1,0,1,0.0,0.2,2,2,0,1,0.2,2,0,0,0,0,0,8,9,2,0,2,0,1,0,0,0,1,2,0,0,0,8,9,2,0,2,0,1,0,0,0,1,2,0,0,0,0,0,5,0,2,0,0,2,0,0,0,0,5,0,0,0,0,0,0,0,0
655,L41879,MultiThreadProcessorTest$StringDataSource,net.sourceforge.pmd.processor.MultiThreadProcessorTest$StringDataSource,L41866,L103,C:\Users\domco\Desktop\DP\repos\pmd\pmd-core\src\test\java\net\sourceforge\pmd\processor\MultiThreadProcessorTest.java,88,5,106,6,0.0,0,0,0,0.0,0.0,0,0,0,0,0,3,1,1,1,0,3,0.0,0.0,0,0,0,3,0.0,0,1,1,0,0,1,16,19,2,2,2,2,3,0,2,0,3,4,0,2,0,16,19,2,2,2,2,3,0,2,0,3,4,0,2,0,0,0,9,0,0,0,0,0,0,0,0,0,9,0,0,0,0,0,0,0,0
656,L41932,MultiThreadProcessorTest$NotThreadSafeRule,net.sourceforge.pmd.processor.MultiThreadProcessorTest$NotThreadSafeRule,L41866,L103,C:\Users\domco\Desktop\DP\repos\pmd\pmd-core\src\test\java\net\sourceforge\pmd\processor\MultiThreadProcessorTest.java,108,5,138,6,0.0,0,0,0,0.0,0.0,0,0,1,1,1,5,3,1,0,2,4,0.5,0.107143,3,1,1,1,0.107143,3,3,4,0,0,1,25,31,23,19,2,0,2,1,1,0,77,11,3,71,20,25,31,23,19,2,0,2,1,1,0,77,11,3,71,20,0,0,16,0,0,0,0,0,0,0,0,0,7,0,0,0,0,0,0,9,0
657,L41912,MultiThreadProcessorTest$DysfunctionalRule,net.sourceforge.pmd.processor.MultiThreadProcessorTest$DysfunctionalRule,L41866,L103,C:\Users\domco\Desktop\DP\repos\pmd\pmd-core\src\test\java\net\sourceforge\pmd\processor\MultiThreadProcessorTest.java,140,5,153,6,0.0,0,0,0,0.0,0.0,0,0,2,0,0,2,3,1,0,0,2,0.0,0.0909091,1,0,0,3,0.0909091,1,3,4,0,0,1,10,14,22,19,1,0,2,1,2,0,76,1,3,71,20,10,14,22,19,1,0,2,1,2,0,76,1,3,71,20,0,0,15,0,0,0,0,0,1,0,0,0,5,0,0,0,0,0,0,9,0
658,L41873,MultiThreadProcessorTest$SimpleReportListener,net.sourceforge.pmd.processor.MultiThreadProcessorTest$SimpleReportListener,L41866,L103,C:\Users\domco\Desktop\DP\repos\pmd\pmd-core\src\test\java\net\sourceforge\pmd\processor\MultiThreadProcessorTest.java,155,5,166,6,0.0,0,0,0,0.0,0.0,0,0,2,0,0,2,3,1,0,0,2,0.0,0.0,0,0,0,3,0.0,0,1,1,0,0,1,10,12,1,0,1,0,2,1,2,0,2,1,1,2,0,10,12,1,0,1,0,2,1,2,0,2,1,1,2,0,0,0,12,0,1,0,0,0,1,0,0,0,7,1,0,0,0,0,0,4,0
659,L41892,MultiThreadProcessorTest$SimpleRenderer,net.sourceforge.pmd.processor.MultiThreadProcessorTest$SimpleRenderer,L41866,L103,C:\Users\domco\Desktop\DP\repos\pmd\pmd-core\src\test\java\net\sourceforge\pmd\processor\MultiThreadProcessorTest.java,168,5,186,6,0.0,0,0,0,0.0,0.0,0,0,2,0,0,4,2,1,1,1,5,0.0,0.0625,1,1,0,4,0.0625,1,4,5,0,0,1,15,19,7,9,0,1,4,0,3,0,34,3,0,30,6,15,19,7,9,0,1,4,0,3,0,34,3,0,30,6,0,0,10,0,1,0,0,0,1,0,0,0,9,1,0,0,0,0,0,0,0
660,L42468,BooleanMultiProperty$BooleanMultiPBuilder,net.sourceforge.pmd.properties.BooleanMultiProperty$BooleanMultiPBuilder,L42426,L103,C:\Users\domco\Desktop\DP\repos\pmd\pmd-core\src\main\java\net\sourceforge\pmd\properties\BooleanMultiProperty.java,84,5,94,6,0.0,0,0,0,0.0,0.0,0,0,1,0,0,2,3,2,2,2,4,0.0,0.0,0,0,0,2,0.0,0,2,2,0,0,1,9,11,6,0,0,0,2,0,1,0,9,2,0,6,0,9,11,6,0,0,0,2,0,1,0,9,2,0,6,0,0,0,7,0,0,0,0,0,0,0,0,0,7,0,0,0,0,0,0,0,0
661,L42551,BooleanProperty$BooleanPBuilder,net.sourceforge.pmd.properties.BooleanProperty$BooleanPBuilder,L7124,L103,C:\Users\domco\Desktop\DP\repos\pmd\pmd-core\src\main\java\net\sourceforge\pmd\properties\BooleanProperty.java,82,5,92,6,0.0,0,0,0,0.0,0.0,0,0,1,0,0,2,3,3,3,2,4,0.0,0.0,0,0,0,2,0.0,0,2,2,0,0,1,9,11,5,0,0,0,2,0,1,0,7,2,0,4,0,9,11,5,0,0,0,2,0,1,0,7,2,0,4,0,0,0,7,0,0,0,0,0,0,0,0,0,7,0,0,0,0,0,0,0,0
662,L42592,"MultiNumericPropertyBuilder<V extends Object, T extends MultiNumericPropertyBuilder<V, T>>",net.sourceforge.pmd.properties.builders.MultiNumericPropertyBuilder,L42581,L103,C:\Users\domco\Desktop\DP\repos\pmd\pmd-core\src\main\java\net\sourceforge\pmd\properties\builders\MultiNumericPropertyBuilder.java,16,1,45,2,0.0,0,0,0,0.0,0.0,0,0,1,0,0,2,2,19,9,1,3,1.0,0.482759,14,14,2,0,0.482759,14,2,2,4,4,1,15,30,8,0,2,0,2,0,1,0,10,5,0,7,0,15,30,8,0,2,0,2,0,1,0,10,5,0,7,0,0,0,2,0,0,0,0,0,0,0,0,0,2,0,0,0,0,0,0,0,1.0
663,L42622,"MultiPackagedPropertyBuilder<V extends Object, T extends MultiPackagedPropertyBuilder<V, T>>",net.sourceforge.pmd.properties.builders.MultiPackagedPropertyBuilder,L42581,L103,C:\Users\domco\Desktop\DP\repos\pmd\pmd-core\src\main\java\net\sourceforge\pmd\properties\builders\MultiPackagedPropertyBuilder.java,14,1,33,2,0.0,0,0,0,0.0,0.0,0,0,1,1,1,3,1,8,3,1,3,0.5,0.222222,4,4,1,1,0.222222,4,2,2,2,2,1,14,20,7,0,1,0,2,0,1,0,10,4,0,7,0,14,20,7,0,1,0,2,0,1,0,10,4,0,7,0,0,0,7,0,1,1,0,0,0,0,0,0,7,0,0,0,0,0,0,0,0
664,L42498,"MultiValuePropertyBuilder<V extends Object, T extends MultiValuePropertyBuilder<V, T>>",net.sourceforge.pmd.properties.builders.MultiValuePropertyBuilder,L42581,L103,C:\Users\domco\Desktop\DP\repos\pmd\pmd-core\src\main\java\net\sourceforge\pmd\properties\builders\MultiValuePropertyBuilder.java,21,1,74,2,0.0,0,0,0,0.0,0.0,0,0,2,0,0,4,1,39,14,1,5,1.0,0.54902,28,28,4,0,0.54902,28,1,1,6,12,1,23,54,6,0,2,0,4,0,3,0,8,7,0,6,0,23,54,6,0,2,0,4,0,3,0,8,7,0,6,0,0,0,3,0,1,0,0,0,1,0,0,0,2,0,1,0,0,0,0,0,0
665,L42646,"PropertyDescriptorBuilder<E extends Object, T extends PropertyDescriptorBuilder<E, T>>",net.sourceforge.pmd.properties.builders.PropertyDescriptorBuilder,L42581,L103,C:\Users\domco\Desktop\DP\repos\pmd\pmd-core\src\main\java\net\sourceforge\pmd\properties\builders\PropertyDescriptorBuilder.java,22,1,78,2,0.0,0,0,0,0.0,0.0,0,0,2,1,1,6,1,88,47,0,4,1.0,0.535714,30,30,4,0,0.535714,30,0,0,2,27,0,26,57,4,0,4,0,4,0,3,0,4,9,0,3,0,26,57,4,0,4,0,4,0,3,0,4,9,0,3,0,0,0,3,0,3,0,0,0,1,0,0,0,2,0,1,0,0,2,0,0,0
666,L42475,"PropertyDescriptorBuilderConversionWrapper<E extends Object, T extends PropertyDescriptorBuilder<E, T>>",net.sourceforge.pmd.properties.builders.PropertyDescriptorBuilderConversionWrapper,L42581,L103,C:\Users\domco\Desktop\DP\repos\pmd\pmd-core\src\main\java\net\sourceforge\pmd\properties\builders\PropertyDescriptorBuilderConversionWrapper.java,32,1,257,2,0.0,0,0,0,0.0,0.0,0,0,4,1,1,13,4,43,6,3,11,0.25,0.207547,11,10,1,3,0.268571,47,1,1,2,25,1,42,79,1,0,1,0,8,0,3,0,8,19,0,3,0,128,226,3,0,3,0,22,0,5,0,76,46,0,21,0,0,0,50,1,3,2,0,0,3,0,0,1,47,0,1,0,0,0,0,0,1.0
667,L42834,"SingleNumericPropertyBuilder<V extends Object, T extends SingleNumericPropertyBuilder<V, T>>",net.sourceforge.pmd.properties.builders.SingleNumericPropertyBuilder,L42581,L103,C:\Users\domco\Desktop\DP\repos\pmd\pmd-core\src\main\java\net\sourceforge\pmd\properties\builders\SingleNumericPropertyBuilder.java,11,1,39,2,0.0,0,0,0,0.0,0.0,0,0,1,0,0,2,1,36,32,1,3,0.666667,0.461538,12,12,2,1,0.461538,12,2,2,4,4,1,14,29,7,0,2,0,2,0,2,0,8,4,0,6,0,14,29,7,0,2,0,2,0,2,0,8,4,0,6,0,0,0,3,0,0,0,0,0,0,0,0,0,3,0,0,0,0,0,0,0,0
668,L42859,"SinglePackagedPropertyBuilder<V extends Object, T extends SinglePackagedPropertyBuilder<V, T>>",net.sourceforge.pmd.properties.builders.SinglePackagedPropertyBuilder,L42581,L103,C:\Users\domco\Desktop\DP\repos\pmd\pmd-core\src\main\java\net\sourceforge\pmd\properties\builders\SinglePackagedPropertyBuilder.java,15,1,57,2,0.0,0,0,0,0.0,0.0,0,0,1,1,1,5,1,9,4,1,4,0.75,0.461538,18,18,3,1,0.461538,18,2,2,3,3,1,21,43,6,0,1,0,3,0,3,0,9,7,0,7,0,21,43,6,0,1,0,3,0,3,0,9,7,0,7,0,0,0,3,0,1,0,0,0,0,0,0,0,3,0,1,0,0,0,0,0,0
669,L42571,"SingleValuePropertyBuilder<E extends Object, T extends SingleValuePropertyBuilder<E, T>>",net.sourceforge.pmd.properties.builders.SingleValuePropertyBuilder,L42581,L103,C:\Users\domco\Desktop\DP\repos\pmd\pmd-core\src\main\java\net\sourceforge\pmd\properties\builders\SingleValuePropertyBuilder.java,13,1,38,2,0.0,0,0,0,0.0,0.0,0,0,1,0,0,2,1,59,40,1,3,1.0,0.52,13,13,2,0,0.52,13,1,1,6,13,1,12,26,5,0,1,0,2,0,1,0,6,3,0,4,0,12,26,5,0,1,0,2,0,1,0,6,3,0,4,0,0,0,2,0,1,0,0,0,0,0,0,0,2,0,1,0,0,0,0,0,0
670,L42978,CharacterMultiProperty$CharacterMultiPBuilder,net.sourceforge.pmd.properties.CharacterMultiProperty$CharacterMultiPBuilder,L42931,L103,C:\Users\domco\Desktop\DP\repos\pmd\pmd-core\src\main\java\net\sourceforge\pmd\properties\CharacterMultiProperty.java,112,5,122,6,0.0,0,0,0,0.0,0.0,0,0,1,0,0,2,3,2,2,2,4,0.0,0.0,0,0,0,2,0.0,0,2,2,0,0,1,9,11,6,0,0,0,2,0,1,0,9,2,0,6,0,9,11,6,0,0,0,2,0,1,0,9,2,0,6,0,0,0,7,0,0,0,0,0,0,0,0,0,7,0,0,0,0,0,0,0,0
671,L43037,CharacterProperty$CharacterPBuilder,net.sourceforge.pmd.properties.CharacterProperty$CharacterPBuilder,L24429,L103,C:\Users\domco\Desktop\DP\repos\pmd\pmd-core\src\main\java\net\sourceforge\pmd\properties\CharacterProperty.java,96,5,106,6,0.0,0,0,0,0.0,0.0,0,0,1,0,0,2,3,2,2,2,4,0.0,0.0,0,0,0,2,0.0,0,2,2,0,0,1,9,11,5,0,0,0,2,0,1,0,7,2,0,4,0,9,11,5,0,0,0,2,0,1,0,7,2,0,4,0,0,0,7,0,0,0,0,0,0,0,0,0,7,0,0,0,0,0,0,0,0
672,L43099,DoubleMultiProperty$DoubleMultiPBuilder,net.sourceforge.pmd.properties.DoubleMultiProperty$DoubleMultiPBuilder,L43058,L103,C:\Users\domco\Desktop\DP\repos\pmd\pmd-core\src\main\java\net\sourceforge\pmd\properties\DoubleMultiProperty.java,92,5,102,6,0.0,0,0,0,0.0,0.0,0,0,1,0,0,2,4,3,2,2,4,0.0,0.0,0,0,0,2,0.0,0,3,3,0,0,1,9,11,8,0,0,0,2,0,1,0,11,2,0,7,0,9,11,8,0,0,0,2,0,1,0,11,2,0,7,0,0,0,7,0,0,0,0,0,0,0,0,0,7,0,0,0,0,0,0,0,0
673,L43173,DoubleProperty$DoublePBuilder,net.sourceforge.pmd.properties.DoubleProperty$DoublePBuilder,L7133,L103,C:\Users\domco\Desktop\DP\repos\pmd\pmd-core\src\main\java\net\sourceforge\pmd\properties\DoubleProperty.java,106,5,116,6,0.0,0,0,0,0.0,0.0,0,0,1,0,0,2,4,4,3,2,4,0.0,0.0,0,0,0,2,0.0,0,3,3,0,0,1,9,11,7,0,0,0,2,0,1,0,9,2,0,6,0,9,11,7,0,0,0,2,0,1,0,9,2,0,6,0,0,0,7,0,0,0,0,0,0,0,0,0,7,0,0,0,0,0,0,0,0
674,L43288,EnumeratedMultiProperty$EnumMultiPBuilder<E extends Object>,net.sourceforge.pmd.properties.EnumeratedMultiProperty$EnumMultiPBuilder,L7111,L103,C:\Users\domco\Desktop\DP\repos\pmd\pmd-core\src\main\java\net\sourceforge\pmd\properties\EnumeratedMultiProperty.java,164,5,196,6,0.0,0,0,0,0.0,0.0,0,0,1,0,0,4,3,2,2,2,6,0.25,0.269231,7,7,1,3,0.269231,7,2,2,0,0,1,19,33,8,0,2,0,4,0,3,0,11,6,0,8,0,19,33,8,0,2,0,4,0,3,0,11,6,0,8,0,0,0,7,0,1,0,0,0,0,0,0,0,7,0,1,0,0,0,0,0,0
675,L24181,EnumeratedProperty$EnumPBuilder<E extends Object>,net.sourceforge.pmd.properties.EnumeratedProperty$EnumPBuilder,L13400,L103,C:\Users\domco\Desktop\DP\repos\pmd\pmd-core\src\main\java\net\sourceforge\pmd\properties\EnumeratedProperty.java,135,5,160,6,0.0,0,0,0,0.0,0.0,0,0,1,0,0,4,3,2,10,2,6,0.0,0.0,0,0,0,4,0.0,0,2,2,0,0,1,19,26,7,0,2,0,4,0,3,0,9,6,0,6,0,19,26,7,0,2,0,4,0,3,0,9,6,0,6,0,0,0,11,0,1,0,0,0,0,0,0,0,11,0,1,0,0,0,0,0,0
676,L43430,FileProperty$FilePBuilder,net.sourceforge.pmd.properties.FileProperty$FilePBuilder,L24433,L103,C:\Users\domco\Desktop\DP\repos\pmd\pmd-core\src\main\java\net\sourceforge\pmd\properties\FileProperty.java,70,5,80,6,0.0,0,0,0,0.0,0.0,0,0,1,0,0,2,4,2,2,2,4,0.0,0.0,0,0,0,2,0.0,0,3,3,0,0,1,9,11,6,0,0,0,2,0,1,0,10,2,0,7,0,9,11,6,0,0,0,2,0,1,0,10,2,0,7,0,0,0,7,0,0,0,0,0,0,0,0,0,7,0,0,0,0,0,0,0,0
677,L43501,FloatMultiProperty$FloatMultiPBuilder,net.sourceforge.pmd.properties.FloatMultiProperty$FloatMultiPBuilder,L43458,L103,C:\Users\domco\Desktop\DP\repos\pmd\pmd-core\src\main\java\net\sourceforge\pmd\properties\FloatMultiProperty.java,93,5,103,6,0.0,0,0,0,0.0,0.0,0,0,1,0,0,2,4,3,2,2,4,0.0,0.0,0,0,0,2,0.0,0,3,3,0,0,1,9,11,8,0,0,0,2,0,1,0,11,2,0,7,0,9,11,8,0,0,0,2,0,1,0,11,2,0,7,0,0,0,7,0,0,0,0,0,0,0,0,0,7,0,0,0,0,0,0,0,0
678,L43565,FloatProperty$FloatPBuilder,net.sourceforge.pmd.properties.FloatProperty$FloatPBuilder,L43529,L103,C:\Users\domco\Desktop\DP\repos\pmd\pmd-core\src\main\java\net\sourceforge\pmd\properties\FloatProperty.java,94,5,104,6,0.0,0,0,0,0.0,0.0,0,0,1,0,0,2,4,3,2,2,4,0.0,0.0,0,0,0,2,0.0,0,3,3,0,0,1,9,11,7,0,0,0,2,0,1,0,9,2,0,6,0,9,11,7,0,0,0,2,0,1,0,9,2,0,6,0,0,0,7,0,0,0,0,0,0,0,0,0,7,0,0,0,0,0,0,0,0
679,L43627,IntegerMultiProperty$IntegerMultiPBuilder,net.sourceforge.pmd.properties.IntegerMultiProperty$IntegerMultiPBuilder,L43588,L103,C:\Users\domco\Desktop\DP\repos\pmd\pmd-core\src\main\java\net\sourceforge\pmd\properties\IntegerMultiProperty.java,95,5,105,6,0.0,0,0,0,0.0,0.0,0,0,1,0,0,2,4,3,2,2,4,0.0,0.0,0,0,0,2,0.0,0,3,3,0,0,1,9,11,8,0,0,0,2,0,1,0,11,2,0,7,0,9,11,8,0,0,0,2,0,1,0,11,2,0,7,0,0,0,7,0,0,0,0,0,0,0,0,0,7,0,0,0,0,0,0,0,0
680,L43682,IntegerProperty$IntegerPBuilder,net.sourceforge.pmd.properties.IntegerProperty$IntegerPBuilder,L8310,L103,C:\Users\domco\Desktop\DP\repos\pmd\pmd-core\src\main\java\net\sourceforge\pmd\properties\IntegerProperty.java,73,5,83,6,0.0,0,0,0,0.0,0.0,0,0,1,0,0,2,4,20,24,2,4,0.0,0.0,0,0,0,2,0.0,0,3,3,0,0,1,9,11,7,0,0,0,2,0,1,0,9,2,0,6,0,9,11,7,0,0,0,2,0,1,0,9,2,0,6,0,0,0,7,0,0,0,0,0,0,0,0,0,7,0,0,0,0,0,0,0,0
681,L43746,LongMultiProperty$LongMultiPBuilder,net.sourceforge.pmd.properties.LongMultiProperty$LongMultiPBuilder,L43701,L103,C:\Users\domco\Desktop\DP\repos\pmd\pmd-core\src\main\java\net\sourceforge\pmd\properties\LongMultiProperty.java,93,5,106,6,0.0,0,0,0,0.0,0.0,0,0,1,0,0,2,4,3,2,2,4,0.0,0.0,0,0,0,2,0.0,0,3,3,0,0,1,11,14,8,0,0,0,2,0,1,0,11,2,0,7,0,11,14,8,0,0,0,2,0,1,0,11,2,0,7,0,0,0,7,0,0,0,0,0,0,0,0,0,7,0,0,0,0,0,0,0,0
682,L43810,LongProperty$LongPBuilder,net.sourceforge.pmd.properties.LongProperty$LongPBuilder,L43774,L103,C:\Users\domco\Desktop\DP\repos\pmd\pmd-core\src\main\java\net\sourceforge\pmd\properties\LongProperty.java,93,5,103,6,0.0,0,0,0,0.0,0.0,0,0,1,0,0,2,4,3,2,2,4,0.0,0.0,0,0,0,2,0.0,0,3,3,0,0,1,9,11,7,0,0,0,2,0,1,0,9,2,0,6,0,9,11,7,0,0,0,2,0,1,0,9,2,0,6,0,0,0,7,0,0,0,0,0,0,0,0,0,7,0,0,0,0,0,0,0,0
683,L43899,MethodMultiProperty$MethodMultiPBuilder,net.sourceforge.pmd.properties.MethodMultiProperty$MethodMultiPBuilder,L43833,L103,C:\Users\domco\Desktop\DP\repos\pmd\pmd-core\src\main\java\net\sourceforge\pmd\properties\MethodMultiProperty.java,135,5,145,6,0.0,0,0,0,0.0,0.0,0,0,1,0,0,2,4,2,2,2,4,0.0,0.0,0,0,0,2,0.0,0,3,3,0,0,1,9,11,7,0,0,0,2,0,1,0,11,2,0,7,0,9,11,7,0,0,0,2,0,1,0,11,2,0,7,0,0,0,7,0,0,0,0,0,0,0,0,0,7,0,0,0,0,0,0,0,0
684,L43967,MethodProperty$MethodPBuilder,net.sourceforge.pmd.properties.MethodProperty$MethodPBuilder,L43931,L103,C:\Users\domco\Desktop\DP\repos\pmd\pmd-core\src\main\java\net\sourceforge\pmd\properties\MethodProperty.java,104,5,114,6,0.0,0,0,0,0.0,0.0,0,0,1,0,0,2,4,2,2,2,4,0.0,0.0,0,0,0,2,0.0,0,3,3,0,0,1,9,11,6,0,0,0,2,0,1,0,10,2,0,7,0,9,11,6,0,0,0,2,0,1,0,10,2,0,7,0,0,0,7,0,0,0,0,0,0,0,0,0,7,0,0,0,0,0,0,0,0
685,L43208,EnumeratedPropertyModule<E extends Object>,net.sourceforge.pmd.properties.modules.EnumeratedPropertyModule,L43995,L103,C:\Users\domco\Desktop\DP\repos\pmd\pmd-core\src\main\java\net\sourceforge\pmd\properties\modules\EnumeratedPropertyModule.java,18,1,72,2,0.0,0,0,0,0.0,0.0,0,0,1,1,1,11,1,2,13,1,9,0.125,0.119048,5,5,1,7,0.119048,5,0,0,0,0,0,37,55,3,3,3,3,8,0,7,0,8,14,0,7,0,37,55,3,3,3,3,8,0,7,0,8,14,0,7,0,0,0,19,0,0,0,0,0,0,0,0,0,19,0,0,0,0,0,0,0,0
686,L43866,MethodPropertyModule,net.sourceforge.pmd.properties.modules.MethodPropertyModule,L43995,L103,C:\Users\domco\Desktop\DP\repos\pmd\pmd-core\src\main\java\net\sourceforge\pmd\properties\modules\MethodPropertyModule.java,19,1,112,2,0.0,0,0,0,0.0,0.0,0,0,3,1,1,13,2,4,5,2,10,0.333333,0.243243,18,18,1,2,0.243243,18,1,1,0,0,1,56,94,7,0,5,0,8,4,2,0,16,30,4,7,0,56,94,7,0,5,0,8,4,2,0,16,30,4,7,0,0,0,20,0,3,0,0,0,1,0,0,0,15,0,0,0,0,3,0,4,0
687,L42044,NumericPropertyModule<T extends Number>,net.sourceforge.pmd.properties.modules.NumericPropertyModule,L43995,L103,C:\Users\domco\Desktop\DP\repos\pmd\pmd-core\src\main\java\net\sourceforge\pmd\properties\modules\NumericPropertyModule.java,20,1,92,2,0.0,0,0,0,0.0,0.0,0,0,1,1,1,12,1,2,10,0,7,0.142857,0.236364,13,13,1,6,0.236364,13,0,0,0,0,0,42,73,2,2,2,2,7,0,6,0,7,20,0,6,0,42,73,2,2,2,2,7,0,6,0,7,20,0,6,0,0,2,15,0,0,0,0,0,0,0,0,0,15,0,2,0,0,0,0,0,0
688,L42106,PackagedPropertyModule<T extends Object>,net.sourceforge.pmd.properties.modules.PackagedPropertyModule,L43995,L103,C:\Users\domco\Desktop\DP\repos\pmd\pmd-core\src\main\java\net\sourceforge\pmd\properties\modules\PackagedPropertyModule.java,27,1,180,2,0.0,0,0,0,0.0,0.0,0,0,2,3,3,28,2,4,10,0,10,0.166667,0.3,36,34,1,5,0.3,36,0,0,2,2,0,84,154,2,0,2,0,10,0,5,0,10,49,0,5,0,84,154,2,0,2,0,10,0,5,0,10,49,0,5,0,0,0,14,1,4,4,0,0,1,0,0,0,13,0,1,0,0,0,0,0,0
689,L44119,TypePropertyModule,net.sourceforge.pmd.properties.modules.TypePropertyModule,L43995,L103,C:\Users\domco\Desktop\DP\repos\pmd\pmd-core\src\main\java\net\sourceforge\pmd\properties\modules\TypePropertyModule.java,15,1,33,2,0.0,0,0,0,0.0,0.0,0,0,2,0,0,3,1,2,2,1,4,0.5,0.277778,5,5,1,1,0.277778,5,1,1,0,0,1,13,19,2,0,0,0,3,0,1,0,11,3,0,6,0,13,19,2,0,0,0,3,0,1,0,11,3,0,6,0,0,0,8,0,0,0,0,0,1,0,0,0,7,0,0,0,0,0,0,0,0
690,L44423,StringMultiProperty$StringMultiPBuilder,net.sourceforge.pmd.properties.StringMultiProperty$StringMultiPBuilder,L8119,L103,C:\Users\domco\Desktop\DP\repos\pmd\pmd-core\src\main\java\net\sourceforge\pmd\properties\StringMultiProperty.java,155,5,165,6,0.0,0,0,0,0.0,0.0,0,0,1,0,0,2,3,3,3,2,4,0.0,0.0,0,0,0,2,0.0,0,2,2,0,0,1,9,11,6,0,0,0,2,0,1,0,9,2,0,6,0,9,11,6,0,0,0,2,0,1,0,9,2,0,6,0,0,0,7,0,0,0,0,0,0,0,0,0,7,0,0,0,0,0,0,0,0
691,L44466,StringProperty$StringPBuilder,net.sourceforge.pmd.properties.StringProperty$StringPBuilder,L13387,L103,C:\Users\domco\Desktop\DP\repos\pmd\pmd-core\src\main\java\net\sourceforge\pmd\properties\StringProperty.java,66,5,76,6,0.0,0,0,0,0.0,0.0,0,0,1,0,0,2,3,2,2,2,4,0.0,0.0,0,0,0,2,0.0,0,2,2,0,0,1,9,11,5,0,0,0,2,0,1,0,7,2,0,4,0,9,11,5,0,0,0,2,0,1,0,7,2,0,4,0,0,0,7,0,0,0,0,0,0,0,0,0,7,0,0,0,0,0,0,0,0
692,L44532,TypeMultiProperty$TypeMultiPBuilder,net.sourceforge.pmd.properties.TypeMultiProperty$TypeMultiPBuilder,L44487,L103,C:\Users\domco\Desktop\DP\repos\pmd\pmd-core\src\main\java\net\sourceforge\pmd\properties\TypeMultiProperty.java,114,5,125,6,0.0,0,0,0,0.0,0.0,0,0,1,0,0,2,4,2,2,2,4,0.0,0.0,0,0,0,2,0.0,0,3,3,0,0,1,9,12,7,0,0,0,2,0,1,0,11,2,0,7,0,9,12,7,0,0,0,2,0,1,0,11,2,0,7,0,0,0,7,0,0,0,0,0,0,0,0,0,7,0,0,0,0,0,0,0,0
693,L44592,TypeProperty$TypePBuilder,net.sourceforge.pmd.properties.TypeProperty$TypePBuilder,L44558,L103,C:\Users\domco\Desktop\DP\repos\pmd\pmd-core\src\main\java\net\sourceforge\pmd\properties\TypeProperty.java,97,5,107,6,0.0,0,0,0,0.0,0.0,0,0,1,0,0,2,4,2,2,2,4,0.0,0.0,0,0,0,2,0.0,0,3,3,0,0,1,9,11,6,0,0,0,2,0,1,0,10,2,0,7,0,9,11,6,0,0,0,2,0,1,0,10,2,0,7,0,0,0,7,0,0,0,0,0,0,0,0,0,7,0,0,0,0,0,0,0,0
694,L44625,ValueParserConstants$1,net.sourceforge.pmd.properties.ValueParserConstants$1,L44622,L103,C:\Users\domco\Desktop\DP\repos\pmd\pmd-core\src\main\java\net\sourceforge\pmd\properties\ValueParserConstants.java,31,80,137,6,0.0,0,0,0,0.0,0.0,0,0,3,1,1,14,3,1,1,0,3,0.0,0.340426,32,22,0,2,0.340426,32,1,1,0,0,1,62,107,0,0,0,0,3,0,1,0,3,42,0,1,0,62,107,0,0,0,0,3,0,1,0,3,42,0,1,0,0,0,6,0,0,0,0,0,1,0,0,0,5,0,0,0,0,0,0,0,0
695,L44645,ValueParserConstants$2,net.sourceforge.pmd.properties.ValueParserConstants$2,L44622,L103,C:\Users\domco\Desktop\DP\repos\pmd\pmd-core\src\main\java\net\sourceforge\pmd\properties\ValueParserConstants.java,139,89,147,6,0.0,0,0,0,0.0,0.0,0,0,1,1,1,3,1,0,0,0,1,0.0,0.0,0,0,0,2,0.0,0,1,1,0,0,1,9,9,0,0,0,0,1,0,1,0,1,3,0,1,0,9,9,0,0,0,0,1,0,1,0,1,3,0,1,0,0,0,5,0,0,0,0,0,0,0,0,0,5,0,0,0,0,0,0,0,0
696,L44650,ValueParserConstants$3,net.sourceforge.pmd.properties.ValueParserConstants$3,L44622,L103,C:\Users\domco\Desktop\DP\repos\pmd\pmd-core\src\main\java\net\sourceforge\pmd\properties\ValueParserConstants.java,149,80,154,6,0.0,0,0,0,0.0,0.0,0,0,1,0,0,1,1,0,0,0,1,0.0,0.0,0,0,0,2,0.0,0,1,1,0,0,1,6,6,0,0,0,0,1,0,1,0,1,1,0,1,0,6,6,0,0,0,0,1,0,1,0,1,1,0,1,0,0,0,5,0,0,0,0,0,0,0,0,0,5,0,0,0,0,0,0,0,0
697,L44655,ValueParserConstants$4,net.sourceforge.pmd.properties.ValueParserConstants$4,L44622,L103,C:\Users\domco\Desktop\DP\repos\pmd\pmd-core\src\main\java\net\sourceforge\pmd\properties\ValueParserConstants.java,156,83,161,6,0.0,0,0,0,0.0,0.0,0,0,1,0,0,1,1,0,0,0,1,0.0,0.0,0,0,0,2,0.0,0,1,1,0,0,1,6,6,0,0,0,0,1,0,1,0,1,1,0,1,0,6,6,0,0,0,0,1,0,1,0,1,1,0,1,0,0,0,5,0,0,0,0,0,0,0,0,0,5,0,0,0,0,0,0,0,0
698,L44660,ValueParserConstants$5,net.sourceforge.pmd.properties.ValueParserConstants$5,L44622,L103,C:\Users\domco\Desktop\DP\repos\pmd\pmd-core\src\main\java\net\sourceforge\pmd\properties\ValueParserConstants.java,163,83,168,6,0.0,0,0,0,0.0,0.0,0,0,1,0,0,1,1,0,0,0,1,0.0,0.0,0,0,0,2,0.0,0,1,1,0,0,1,6,6,0,0,0,0,1,0,1,0,1,1,0,1,0,6,6,0,0,0,0,1,0,1,0,1,1,0,1,0,0,0,5,0,0,0,0,0,0,0,0,0,5,0,0,0,0,0,0,0,0
699,L44665,ValueParserConstants$6,net.sourceforge.pmd.properties.ValueParserConstants$6,L44622,L103,C:\Users\domco\Desktop\DP\repos\pmd\pmd-core\src\main\java\net\sourceforge\pmd\properties\ValueParserConstants.java,170,77,175,6,0.0,0,0,0,0.0,0.0,0,0,1,0,0,1,1,0,0,0,1,0.0,0.0,0,0,0,2,0.0,0,1,1,0,0,1,6,6,0,0,0,0,1,0,1,0,1,1,0,1,0,6,6,0,0,0,0,1,0,1,0,1,1,0,1,0,0,0,5,0,0,0,0,0,0,0,0,0,5,0,0,0,0,0,0,0,0
700,L44670,ValueParserConstants$7,net.sourceforge.pmd.properties.ValueParserConstants$7,L44622,L103,C:\Users\domco\Desktop\DP\repos\pmd\pmd-core\src\main\java\net\sourceforge\pmd\properties\ValueParserConstants.java,177,74,182,6,0.0,0,0,0,0.0,0.0,0,0,1,0,0,1,1,0,0,0,1,0.0,0.0,0,0,0,2,0.0,0,1,1,0,0,1,6,6,0,0,0,0,1,0,1,0,1,1,0,1,0,6,6,0,0,0,0,1,0,1,0,1,1,0,1,0,0,0,5,0,0,0,0,0,0,0,0,0,5,0,0,0,0,0,0,0,0
701,L44675,ValueParserConstants$8,net.sourceforge.pmd.properties.ValueParserConstants$8,L44622,L103,C:\Users\domco\Desktop\DP\repos\pmd\pmd-core\src\main\java\net\sourceforge\pmd\properties\ValueParserConstants.java,184,80,189,6,0.0,0,0,0,0.0,0.0,0,0,1,0,0,1,1,0,0,0,1,0.0,0.0,0,0,0,2,0.0,0,1,1,0,0,1,6,6,0,0,0,0,1,0,1,0,1,1,0,1,0,6,6,0,0,0,0,1,0,1,0,1,1,0,1,0,0,0,5,0,0,0,0,0,0,0,0,0,5,0,0,0,0,0,0,0,0
702,L44680,ValueParserConstants$9,net.sourceforge.pmd.properties.ValueParserConstants$9,L44622,L103,C:\Users\domco\Desktop\DP\repos\pmd\pmd-core\src\main\java\net\sourceforge\pmd\properties\ValueParserConstants.java,191,74,196,6,0.0,0,0,0,0.0,0.0,0,0,1,0,0,1,1,0,0,0,1,0.0,0.0,0,0,0,2,0.0,0,1,1,0,0,1,6,6,0,0,0,0,1,0,1,0,1,1,0,1,0,6,6,0,0,0,0,1,0,1,0,1,1,0,1,0,0,0,5,0,0,0,0,0,0,0,0,0,5,0,0,0,0,0,0,0,0
703,L44685,ValueParserConstants$10,net.sourceforge.pmd.properties.ValueParserConstants$10,L44622,L103,C:\Users\domco\Desktop\DP\repos\pmd\pmd-core\src\main\java\net\sourceforge\pmd\properties\ValueParserConstants.java,199,77,217,6,0.0,0,0,0,0.0,0.0,0,0,1,1,1,4,1,0,0,0,1,0.0,0.0,0,0,0,2,0.0,0,1,1,0,0,1,17,19,0,0,0,0,1,0,1,0,1,8,0,1,0,17,19,0,0,0,0,1,0,1,0,1,8,0,1,0,0,0,5,1,0,1,0,0,0,0,0,0,5,0,0,0,0,0,0,0,0
704,L45481,CodeClimateIssue$Location,net.sourceforge.pmd.renderers.CodeClimateIssue$Location,L45469,L103,C:\Users\domco\Desktop\DP\repos\pmd\pmd-core\src\main\java\net\sourceforge\pmd\renderers\CodeClimateIssue.java,26,5,41,6,0.0,0,0,0,0.0,0.0,0,0,0,0,0,1,1,2,1,0,1,0.5,0.230769,3,3,1,1,0.176471,3,0,0,0,0,0,10,12,2,0,2,0,1,2,1,0,1,4,2,1,0,14,16,4,0,4,0,1,4,1,0,1,4,4,1,0,0,0,16,0,0,0,0,0,0,0,0,0,8,0,0,0,0,0,0,8,0
705,L45476,CodeClimateIssue$Content,net.sourceforge.pmd.renderers.CodeClimateIssue$Content,L45469,L103,C:\Users\domco\Desktop\DP\repos\pmd\pmd-core\src\main\java\net\sourceforge\pmd\renderers\CodeClimateIssue.java,46,5,57,6,0.0,0,0,0,0.0,0.0,0,0,0,0,0,1,1,2,1,0,1,1.0,0.571429,8,8,2,0,0.571429,8,0,0,0,0,0,6,12,1,0,1,0,1,1,1,0,1,1,1,1,0,6,12,1,0,1,0,1,1,1,0,1,1,1,1,0,0,0,4,0,0,0,0,0,0,0,0,0,0,0,0,0,0,0,0,4,0
706,L45670,CSVRenderer$1,net.sourceforge.pmd.renderers.CSVRenderer$1,L39233,L103,C:\Users\domco\Desktop\DP\repos\pmd\pmd-core\src\main\java\net\sourceforge\pmd\renderers\CSVRenderer.java,42,84,47,10,0.0,0,0,0,0.0,0.0,0,0,1,0,0,1,2,0,0,0,1,0.0,0.0,0,0,0,2,0.0,0,1,1,0,0,1,6,6,0,0,0,0,1,0,1,0,1,1,0,1,0,6,6,0,0,0,0,1,0,1,0,1,1,0,1,0,0,0,5,0,0,0,0,0,0,0,0,0,5,0,0,0,0,0,0,0,0
707,L45676,CSVRenderer$2,net.sourceforge.pmd.renderers.CSVRenderer$2,L39233,L103,C:\Users\domco\Desktop\DP\repos\pmd\pmd-core\src\main\java\net\sourceforge\pmd\renderers\CSVRenderer.java,47,88,52,10,0.0,0,0,0,0.0,0.0,0,0,1,0,0,1,2,0,0,0,1,0.0,0.0,0,0,0,2,0.0,0,1,1,0,0,1,6,6,0,0,0,0,1,0,1,0,1,1,0,1,0,6,6,0,0,0,0,1,0,1,0,1,1,0,1,0,0,0,5,0,0,0,0,0,0,0,0,0,5,0,0,0,0,0,0,0,0
708,L45682,CSVRenderer$3,net.sourceforge.pmd.renderers.CSVRenderer$3,L39233,L103,C:\Users\domco\Desktop\DP\repos\pmd\pmd-core\src\main\java\net\sourceforge\pmd\renderers\CSVRenderer.java,52,82,57,10,0.0,0,0,0,0.0,0.0,0,0,1,0,0,1,2,0,0,0,1,0.0,0.0,0,0,0,2,0.0,0,1,1,0,0,1,6,6,0,0,0,0,1,0,1,0,1,1,0,1,0,6,6,0,0,0,0,1,0,1,0,1,1,0,1,0,0,0,5,0,0,0,0,0,0,0,0,0,5,0,0,0,0,0,0,0,0
709,L45688,CSVRenderer$4,net.sourceforge.pmd.renderers.CSVRenderer$4,L39233,L103,C:\Users\domco\Desktop\DP\repos\pmd\pmd-core\src\main\java\net\sourceforge\pmd\renderers\CSVRenderer.java,57,90,62,10,0.0,0,0,0,0.0,0.0,0,0,1,0,0,1,2,0,0,0,1,0.0,0.0,0,0,0,2,0.0,0,1,1,0,0,1,6,6,0,0,0,0,1,0,1,0,1,1,0,1,0,6,6,0,0,0,0,1,0,1,0,1,1,0,1,0,0,0,5,0,0,0,0,0,0,0,0,0,5,0,0,0,0,0,0,0,0
710,L45696,CSVRenderer$5,net.sourceforge.pmd.renderers.CSVRenderer$5,L39233,L103,C:\Users\domco\Desktop\DP\repos\pmd\pmd-core\src\main\java\net\sourceforge\pmd\renderers\CSVRenderer.java,62,82,67,10,0.0,0,0,0,0.0,0.0,0,0,1,0,0,1,2,0,0,0,1,0.0,0.0,0,0,0,2,0.0,0,1,1,0,0,1,6,6,0,0,0,0,1,0,1,0,1,1,0,1,0,6,6,0,0,0,0,1,0,1,0,1,1,0,1,0,0,0,5,0,0,0,0,0,0,0,0,0,5,0,0,0,0,0,0,0,0
711,L45702,CSVRenderer$6,net.sourceforge.pmd.renderers.CSVRenderer$6,L39233,L103,C:\Users\domco\Desktop\DP\repos\pmd\pmd-core\src\main\java\net\sourceforge\pmd\renderers\CSVRenderer.java,67,89,72,10,0.0,0,0,0,0.0,0.0,0,0,1,0,0,1,2,0,0,0,1,0.0,0.0,0,0,0,2,0.0,0,1,1,0,0,1,6,6,0,0,0,0,1,0,1,0,1,1,0,1,0,6,6,0,0,0,0,1,0,1,0,1,1,0,1,0,0,0,5,0,0,0,0,0,0,0,0,0,5,0,0,0,0,0,0,0,0
712,L45708,CSVRenderer$7,net.sourceforge.pmd.renderers.CSVRenderer$7,L39233,L103,C:\Users\domco\Desktop\DP\repos\pmd\pmd-core\src\main\java\net\sourceforge\pmd\renderers\CSVRenderer.java,72,89,77,10,0.0,0,0,0,0.0,0.0,0,0,1,0,0,1,2,0,0,0,1,0.0,0.0,0,0,0,2,0.0,0,1,1,0,0,1,6,6,0,0,0,0,1,0,1,0,1,1,0,1,0,6,6,0,0,0,0,1,0,1,0,1,1,0,1,0,0,0,5,0,0,0,0,0,0,0,0,0,5,0,0,0,0,0,0,0,0
713,L45714,CSVRenderer$8,net.sourceforge.pmd.renderers.CSVRenderer$8,L39233,L103,C:\Users\domco\Desktop\DP\repos\pmd\pmd-core\src\main\java\net\sourceforge\pmd\renderers\CSVRenderer.java,77,82,82,10,0.0,0,0,0,0.0,0.0,0,0,1,0,0,1,2,0,0,0,1,0.0,0.0,0,0,0,2,0.0,0,1,1,0,0,1,6,6,0,0,0,0,1,0,1,0,1,1,0,1,0,6,6,0,0,0,0,1,0,1,0,1,1,0,1,0,0,0,5,0,0,0,0,0,0,0,0,0,5,0,0,0,0,0,0,0,0
714,L45909,IDEAJRenderer$SourcePath,net.sourceforge.pmd.renderers.IDEAJRenderer$SourcePath,L45882,L103,C:\Users\domco\Desktop\DP\repos\pmd\pmd-core\src\main\java\net\sourceforge\pmd\renderers\IDEAJRenderer.java,102,5,120,6,0.0,0,0,0,0.0,0.0,0,0,1,2,2,5,1,1,2,0,2,0.0,0.0,0,0,0,2,0.0,0,0,0,0,0,0,16,19,1,0,1,0,2,0,1,0,2,7,0,1,0,16,19,1,0,1,0,2,0,1,0,2,7,0,1,0,0,0,7,1,1,0,0,0,0,0,0,2,7,0,0,0,0,0,0,0,0
715,L1115,DBMSMetadata,net.sourceforge.pmd.util.database.DBMSMetadata,L48472,L103,C:\Users\domco\Desktop\DP\repos\pmd\pmd-core\src\main\java\net\sourceforge\pmd\util\database\DBMSMetadata.java,30,1,535,2,0.254477,2,18,4,0.108696,0.252475,55,51,1,7,7,46,3,3,7,14,24,1.0,0.561822,259,159,10,0,0.561822,259,0,0,0,0,0,202,506,10,5,10,5,10,0,9,0,10,114,0,9,0,202,506,10,5,10,5,10,0,9,0,10,114,0,9,0,0,1,23,4,5,0,11,0,0,5,0,1,2,0,4,0,0,5,0,5,0
716,L48583,DBType,net.sourceforge.pmd.util.database.DBType,L48472,L103,C:\Users\domco\Desktop\DP\repos\pmd\pmd-core\src\main\java\net\sourceforge\pmd\util\database\DBType.java,26,1,432,2,0.125315,4,35,5,0.0933661,0.14786,38,38,1,4,4,71,0,6,15,0,15,0.733333,0.308383,103,79,11,4,0.292011,106,0,0,0,0,0,231,377,9,8,9,8,15,0,14,1,15,139,0,14,1,257,407,21,10,21,10,18,10,16,1,18,143,10,16,1,0,5,47,11,2,4,9,0,0,5,0,7,20,0,5,0,0,2,0,13,0
717,L1112,DBURI,net.sourceforge.pmd.util.database.DBURI,L48472,L103,C:\Users\domco\Desktop\DP\repos\pmd\pmd-core\src\main\java\net\sourceforge\pmd\util\database\DBURI.java,59,1,534,2,0.0,0,0,0,0.0,0.0,0,0,1,3,3,62,1,6,51,7,39,0.166667,0.423529,180,153,5,25,0.423529,180,0,0,0,0,0,245,476,18,14,18,14,32,0,29,14,32,126,0,29,14,245,476,18,14,18,14,32,0,29,14,32,126,0,29,14,0,1,67,2,1,0,0,1,0,1,0,1,55,0,2,0,0,0,0,11,0
718,L48846,ResourceLoader,net.sourceforge.pmd.util.database.ResourceLoader,L48472,L103,C:\Users\domco\Desktop\DP\repos\pmd\pmd-core\src\main\java\net\sourceforge\pmd\util\database\ResourceLoader.java,14,1,28,2,0.0,0,0,0,0.0,0.0,0,0,0,1,1,3,0,2,2,0,1,0.5,0.277778,5,5,1,1,0.277778,5,0,0,0,0,0,13,15,0,1,0,1,1,0,1,0,1,7,0,1,0,13,15,0,1,0,1,1,0,1,0,1,7,0,1,0,0,0,3,0,0,0,0,0,0,0,0,0,3,0,0,0,0,0,0,0,0
719,L48853,ResourceResolver,net.sourceforge.pmd.util.database.ResourceResolver,L48472,L103,C:\Users\domco\Desktop\DP\repos\pmd\pmd-core\src\main\java\net\sourceforge\pmd\util\database\ResourceResolver.java,12,1,27,2,0.0,0,0,0,0.0,0.0,0,0,1,1,1,4,1,1,1,1,2,0.0,0.117647,2,0,0,2,0.117647,2,0,0,0,0,0,15,16,0,0,0,0,1,0,1,0,1,7,0,1,0,15,16,0,0,0,0,1,0,1,0,1,7,0,1,0,0,0,5,1,0,0,0,0,0,0,0,1,5,0,0,0,0,0,0,0,0
720,L1121,SourceObject,net.sourceforge.pmd.util.database.SourceObject,L48472,L103,C:\Users\domco\Desktop\DP\repos\pmd\pmd-core\src\main\java\net\sourceforge\pmd\util\database\SourceObject.java,17,1,164,2,0.0,0,0,0,0.0,0.0,0,0,1,9,1,22,0,4,4,0,12,0.916667,0.454545,60,60,11,1,0.454545,60,0,0,0,0,0,72,148,6,6,6,6,12,0,11,4,12,35,0,11,4,72,148,6,6,6,6,12,0,11,4,12,35,0,11,4,0,8,12,0,6,0,0,5,0,3,0,1,7,0,8,0,0,0,0,2,0
721,L48906,DBMSMetadataTest,net.sourceforge.pmd.util.database.DBMSMetadataTest,L48472,L103,C:\Users\domco\Desktop\DP\repos\pmd\pmd-core\src\test\java\net\sourceforge\pmd\util\database\DBMSMetadataTest.java,28,1,289,2,0.305019,2,5,5,0.164122,0.251572,43,40,1,3,3,16,4,0,0,15,23,0.857143,0.29646,67,29,6,1,0.29646,67,0,0,0,0,0,159,262,9,1,9,1,8,0,6,0,8,118,0,6,0,159,262,9,1,9,1,8,0,6,0,8,118,0,6,0,0,12,35,38,11,34,23,6,0,0,1,6,9,0,15,0,0,0,0,2,0
722,L48955,DBTypeTest,net.sourceforge.pmd.util.database.DBTypeTest,L48472,L103,C:\Users\domco\Desktop\DP\repos\pmd\pmd-core\src\test\java\net\sourceforge\pmd\util\database\DBTypeTest.java,24,1,125,2,0.340557,1,2,2,0.254902,0.298507,26,20,1,2,2,7,1,0,0,3,9,0.714286,0.294737,28,16,5,2,0.294737,28,0,0,0,0,0,67,102,3,0,3,0,6,0,6,1,6,41,0,6,1,67,102,3,0,3,0,6,0,6,1,6,41,0,6,1,0,1,22,8,1,9,17,0,0,0,0,0,5,0,0,0,0,1,0,0,0
723,L48980,DBURITest,net.sourceforge.pmd.util.database.DBURITest,L48472,L103,C:\Users\domco\Desktop\DP\repos\pmd\pmd-core\src\test\java\net\sourceforge\pmd\util\database\DBURITest.java,22,1,668,2,0.546189,7,24,24,0.415765,0.527536,269,182,8,3,3,42,2,0,0,28,66,1.0,0.413265,243,134,38,0,0.413265,243,0,0,0,0,0,345,647,25,0,25,0,38,0,37,0,38,199,0,37,0,345,647,25,0,25,0,38,0,37,0,38,199,0,37,0,0,0,138,57,53,84,127,26,1,0,0,0,2,0,0,0,0,0,0,8,0
724,L49123,ResourceLoaderTest,net.sourceforge.pmd.util.database.ResourceLoaderTest,L48472,L103,C:\Users\domco\Desktop\DP\repos\pmd\pmd-core\src\test\java\net\sourceforge\pmd\util\database\ResourceLoaderTest.java,16,1,34,2,0.0,0,0,0,0.0,0.0,0,0,1,0,0,1,1,0,0,1,2,1.0,0.5,11,7,2,0,0.5,11,0,0,0,0,0,11,19,0,0,0,0,1,0,1,0,1,6,0,1,0,11,19,0,0,0,0,1,0,1,0,1,6,0,1,0,0,0,0,2,0,2,0,0,0,0,0,0,0,0,0,0,0,0,0,0,0
725,L49128,ResourceResolverTest,net.sourceforge.pmd.util.database.ResourceResolverTest,L48472,L103,C:\Users\domco\Desktop\DP\repos\pmd\pmd-core\src\test\java\net\sourceforge\pmd\util\database\ResourceResolverTest.java,16,1,34,2,0.0,0,0,0,0.0,0.0,0,0,1,0,0,1,1,0,0,1,2,1.0,0.454545,10,7,2,0,0.454545,10,0,0,0,0,0,12,19,0,0,0,0,1,0,1,0,1,7,0,1,0,12,19,0,0,0,0,1,0,1,0,1,7,0,1,0,0,0,0,1,0,1,0,0,0,0,0,0,0,0,0,0,0,0,0,0,0
726,L39007,FileDataSource,net.sourceforge.pmd.util.datasource.FileDataSource,L49137,L103,C:\Users\domco\Desktop\DP\repos\pmd\pmd-core\src\main\java\net\sourceforge\pmd\util\datasource\FileDataSource.java,15,1,62,2,0.0,0,0,0,0.0,0.0,0,0,1,3,3,11,1,2,2,0,5,0.5,0.166667,7,7,2,2,0.166667,7,1,1,0,0,1,35,48,2,2,2,2,5,0,3,0,5,13,0,3,0,35,48,2,2,2,2,5,0,3,0,5,13,0,3,0,0,1,11,1,1,0,0,0,0,0,0,2,11,0,0,0,0,1,0,0,0
727,L41361,ReaderDataSource,net.sourceforge.pmd.util.datasource.ReaderDataSource,L49137,L103,C:\Users\domco\Desktop\DP\repos\pmd\pmd-core\src\main\java\net\sourceforge\pmd\util\datasource\ReaderDataSource.java,16,1,91,2,0.0,0,0,0,0.0,0.0,0,0,1,0,0,6,1,1,1,0,6,0.857143,0.638889,46,46,6,1,0.638889,46,1,1,0,0,1,26,76,2,3,2,3,6,0,6,1,6,7,0,6,1,26,76,2,3,2,3,6,0,6,1,6,7,0,6,1,0,0,3,0,1,0,0,0,0,0,0,1,3,0,0,0,0,0,0,0,0
728,L49192,ZipDataSource,net.sourceforge.pmd.util.datasource.ZipDataSource,L49137,L103,C:\Users\domco\Desktop\DP\repos\pmd\pmd-core\src\main\java\net\sourceforge\pmd\util\datasource\ZipDataSource.java,15,1,40,2,0.0,0,0,0,0.0,0.0,0,0,0,0,0,3,1,1,1,0,3,0.5,0.384615,10,9,2,2,0.384615,10,1,1,0,0,1,16,26,2,2,2,2,3,0,3,0,3,4,0,3,0,16,26,2,2,2,2,3,0,3,0,3,4,0,3,0,0,0,5,0,2,0,0,0,0,0,0,2,5,0,0,0,0,0,0,0,0
729,L49232,CodeEditorTextPane,net.sourceforge.pmd.util.designer.CodeEditorTextPane,L49223,L103,C:\Users\domco\Desktop\DP\repos\pmd\pmd-core\src\main\java\net\sourceforge\pmd\util\designer\CodeEditorTextPane.java,11,1,58,2,0.0,0,0,0,0.0,0.0,0,0,1,4,4,11,2,4,2,4,8,0.0,0.0454545,2,0,0,3,0.0454545,2,1,1,0,0,1,42,48,0,3,0,3,4,0,2,0,4,27,0,2,0,42,48,0,3,0,3,4,0,2,0,4,27,0,2,0,0,0,11,3,1,1,0,0,0,2,0,2,9,0,1,0,0,0,0,0,0
730,L49248,CreateXMLRulePanel,net.sourceforge.pmd.util.designer.CreateXMLRulePanel,L49223,L103,C:\Users\domco\Desktop\DP\repos\pmd\pmd-core\src\main\java\net\sourceforge\pmd\util\designer\CreateXMLRulePanel.java,27,1,153,2,0.244147,1,2,2,0.204724,0.224299,26,24,1,1,1,5,2,1,1,0,3,0.666667,0.0932203,11,9,2,1,0.0932203,11,0,0,0,0,0,107,127,6,0,6,0,3,0,2,0,3,90,0,2,0,107,127,6,0,6,0,3,0,2,0,3,90,0,2,0,0,0,22,1,6,0,12,0,0,0,0,6,9,0,1,0,0,0,0,1,0
731,L49274,Designer,net.sourceforge.pmd.util.designer.Designer,L49223,L103,C:\Users\domco\Desktop\DP\repos\pmd\pmd-core\src\main\java\net\sourceforge\pmd\util\designer\Designer.java,127,1,1082,2,0.0601266,3,12,5,0.0648536,0.0717822,62,58,2,4,4,64,22,12,9,20,53,0.0,0.0230769,9,6,0,4,0.0217918,18,0,0,0,0,0,381,465,12,11,12,11,33,0,3,2,33,263,0,3,2,808,956,46,46,21,26,80,0,44,2,164,478,4,122,24,0,4,342,12,19,12,84,9,3,4,4,5,221,1,2,0,0,6,0,26,0
732,L49289,DFAPanel,net.sourceforge.pmd.util.designer.DFAPanel,L49223,L103,C:\Users\domco\Desktop\DP\repos\pmd\pmd-core\src\main\java\net\sourceforge\pmd\util\designer\DFAPanel.java,32,1,317,2,0.0,0,0,0,0.0,0.0,0,0,1,3,1,7,4,2,1,4,7,0.0,0.0204082,1,0,0,4,0.0257511,6,0,0,0,0,0,48,60,3,0,3,0,3,0,3,0,3,32,0,3,0,227,286,10,1,10,1,16,0,8,2,16,158,0,8,2,0,0,44,2,7,0,0,3,0,0,1,4,41,0,2,0,0,0,0,2,0
733,L49690,DesignerTest,net.sourceforge.pmd.util.designer.DesignerTest,L49223,L103,C:\Users\domco\Desktop\DP\repos\pmd\pmd-core\src\test\java\net\sourceforge\pmd\util\designer\DesignerTest.java,18,1,33,2,0.0,0,0,0,0.0,0.0,0,0,1,0,0,1,6,0,0,5,6,1.0,0.333333,6,6,2,0,0.333333,6,0,0,0,0,0,12,16,0,0,0,0,1,0,1,0,1,3,0,1,0,12,16,0,0,0,0,1,0,1,0,1,3,0,1,0,0,0,2,0,1,1,0,0,0,0,0,0,2,0,0,0,0,0,0,0,0
734,L49743,FileIterable$FileIterator,net.sourceforge.pmd.util.FileIterable$FileIterator,L49727,L103,C:\Users\domco\Desktop\DP\repos\pmd\pmd-core\src\main\java\net\sourceforge\pmd\util\FileIterable.java,54,5,85,6,0.0,0,0,0,0.0,0.0,0,0,2,3,3,6,1,1,0,0,3,0.0,0.0,0,0,0,4,0.0,0,0,0,0,0,0,27,32,1,0,1,0,3,0,3,0,3,11,0,3,0,27,32,1,0,1,0,3,0,3,0,3,11,0,3,0,0,0,10,0,1,0,0,0,1,0,0,0,9,0,1,0,0,0,0,0,0
735,L49826,AbstractCompoundFilter<T extends Object>,net.sourceforge.pmd.util.filter.AbstractCompoundFilter,L49812,L103,C:\Users\domco\Desktop\DP\repos\pmd\pmd-core\src\main\java\net\sourceforge\pmd\util\filter\AbstractCompoundFilter.java,18,1,61,2,0.0,0,0,0,0.0,0.0,0,0,1,1,1,9,1,3,6,0,7,0.142857,0.175,7,7,1,6,0.175,7,1,1,2,2,1,33,44,1,2,1,2,7,0,6,1,8,16,0,7,1,33,44,1,2,1,2,7,0,6,1,8,16,0,7,1,0,0,17,0,0,0,0,0,0,0,0,0,17,0,0,0,0,0,0,0,0
736,L49854,AbstractDelegateFilter<T extends Object>,net.sourceforge.pmd.util.filter.AbstractDelegateFilter,L49812,L103,C:\Users\domco\Desktop\DP\repos\pmd\pmd-core\src\main\java\net\sourceforge\pmd\util\filter\AbstractDelegateFilter.java,14,1,43,2,0.0,0,0,0,0.0,0.0,0,0,1,0,0,6,1,1,2,1,7,0.428571,0.290323,9,9,3,4,0.290323,9,1,1,1,1,1,22,30,1,1,1,1,6,0,6,1,6,5,0,6,1,22,30,1,1,1,1,6,0,6,1,6,5,0,6,1,0,0,13,0,2,0,0,0,0,0,0,0,13,1,1,0,0,0,0,0,0
737,L49790,AndFilter<T extends Object>,net.sourceforge.pmd.util.filter.AndFilter,L49812,L103,C:\Users\domco\Desktop\DP\repos\pmd\pmd-core\src\main\java\net\sourceforge\pmd\util\filter\AndFilter.java,13,1,39,2,0.0,0,0,0,0.0,0.0,0,0,1,2,2,6,2,2,2,3,7,0.25,0.206897,6,6,1,3,0.206897,6,2,2,0,0,1,23,27,1,2,0,1,4,0,3,0,10,9,0,9,1,23,27,1,2,0,1,4,0,3,0,10,9,0,9,1,0,0,11,0,0,0,0,0,0,0,0,0,11,0,0,0,0,0,0,0,0
738,L49885,DirectoryFilter,net.sourceforge.pmd.util.filter.DirectoryFilter,L49812,L103,C:\Users\domco\Desktop\DP\repos\pmd\pmd-core\src\main\java\net\sourceforge\pmd\util\filter\DirectoryFilter.java,12,1,27,2,0.0,0,0,0,0.0,0.0,0,0,2,0,0,3,1,1,0,0,3,0.333333,0.1875,3,3,1,2,0.1875,3,1,1,0,0,1,13,16,1,0,1,0,3,1,2,0,3,2,1,2,0,13,16,1,0,1,0,3,1,2,0,3,2,1,2,0,0,0,14,0,0,0,0,0,1,0,0,0,9,0,0,0,0,0,0,4,0
739,L49894,FileExtensionFilter,net.sourceforge.pmd.util.filter.FileExtensionFilter,L49812,L103,C:\Users\domco\Desktop\DP\repos\pmd\pmd-core\src\main\java\net\sourceforge\pmd\util\filter\FileExtensionFilter.java,9,1,47,2,0.0,0,0,0,0.0,0.0,0,0,1,3,3,9,1,1,1,0,3,0.5,0.166667,6,6,2,2,0.166667,6,1,1,0,0,1,30,39,2,0,2,0,3,0,3,0,3,16,0,3,0,30,39,2,0,2,0,3,0,3,0,3,16,0,3,0,0,2,5,1,0,1,0,0,0,0,0,0,5,0,2,0,0,0,0,0,0
740,L49914,Filters,net.sourceforge.pmd.util.filter.Filters,L49812,L103,C:\Users\domco\Desktop\DP\repos\pmd\pmd-core\src\main\java\net\sourceforge\pmd\util\filter\Filters.java,17,1,237,2,0.0,0,0,0,0.0,0.0,0,0,7,2,2,22,8,4,4,8,19,1.0,0.587209,101,101,11,0,0.490291,101,0,0,0,0,0,71,183,0,3,0,3,11,0,10,0,11,31,0,10,0,105,221,0,3,0,3,19,0,18,0,19,41,0,18,0,0,0,35,0,1,0,0,0,5,0,0,1,30,0,0,0,0,0,0,0,0
741,L49990,NotFilter<T extends Object>,net.sourceforge.pmd.util.filter.NotFilter,L49812,L103,C:\Users\domco\Desktop\DP\repos\pmd\pmd-core\src\main\java\net\sourceforge\pmd\util\filter\NotFilter.java,13,1,31,2,0.0,0,0,0,0.0,0.0,0,0,1,0,0,4,2,1,2,3,7,0.2,0.272727,6,6,1,4,0.272727,6,2,2,0,0,1,16,19,1,1,0,0,4,0,4,0,10,4,0,10,1,16,19,1,1,0,0,4,0,4,0,10,4,0,10,1,0,0,9,0,0,0,0,0,0,0,0,0,9,0,0,0,0,0,0,0,0
742,L49780,OrFilter<T extends Object>,net.sourceforge.pmd.util.filter.OrFilter,L49812,L103,C:\Users\domco\Desktop\DP\repos\pmd\pmd-core\src\main\java\net\sourceforge\pmd\util\filter\OrFilter.java,13,1,39,2,0.0,0,0,0,0.0,0.0,0,0,1,2,2,6,2,2,4,3,7,0.25,0.206897,6,6,1,3,0.206897,6,2,2,0,0,1,23,27,1,2,0,1,4,0,3,0,10,9,0,9,1,23,27,1,2,0,1,4,0,3,0,10,9,0,9,1,0,0,11,0,0,0,0,0,0,0,0,0,11,0,0,0,0,0,0,0,0
743,L49981,RegexStringFilter,net.sourceforge.pmd.util.filter.RegexStringFilter,L49812,L103,C:\Users\domco\Desktop\DP\repos\pmd\pmd-core\src\main\java\net\sourceforge\pmd\util\filter\RegexStringFilter.java,20,1,94,2,0.0,0,0,0,0.0,0.0,0,0,1,2,2,11,1,2,5,0,6,0.166667,0.376623,29,25,1,5,0.376623,29,1,1,0,0,1,48,75,4,2,4,2,6,0,5,0,6,19,0,5,0,48,75,4,2,4,2,6,0,5,0,6,19,0,5,0,0,2,13,0,0,0,0,0,0,0,0,0,13,0,2,0,0,0,0,0,0
744,L50045,RegexStringFilterTest,net.sourceforge.pmd.util.filter.RegexStringFilterTest,L49812,L103,C:\Users\domco\Desktop\DP\repos\pmd\pmd-core\src\test\java\net\sourceforge\pmd\util\filter\RegexStringFilterTest.java,13,1,114,2,0.504505,1,4,4,0.470588,0.533333,48,48,3,0,0,9,1,0,0,3,12,0.0,0.0217391,2,0,0,7,0.0217391,2,0,0,0,0,0,90,102,0,0,0,0,9,0,6,0,9,65,0,6,0,90,102,0,0,0,0,9,0,6,0,9,65,0,6,0,0,0,51,14,0,0,29,0,1,0,0,0,21,0,14,0,0,0,0,0,0
745,L39069,AntLogHandler,net.sourceforge.pmd.util.log.AntLogHandler,L50090,L103,C:\Users\domco\Desktop\DP\repos\pmd\pmd-core\src\main\java\net\sourceforge\pmd\util\log\AntLogHandler.java,22,1,70,2,0.0,0,0,0,0.0,0.0,0,0,3,5,1,12,0,1,1,0,4,0.2,0.309091,17,6,1,4,0.309091,17,0,0,0,0,0,38,49,2,0,2,0,4,0,4,0,4,20,0,4,0,38,49,2,0,2,0,4,0,4,0,4,20,0,4,0,0,0,8,0,3,0,0,0,1,0,0,1,7,2,0,0,0,0,0,0,0
746,L41483,ConsoleLogHandler,net.sourceforge.pmd.util.log.ConsoleLogHandler,L50090,L103,C:\Users\domco\Desktop\DP\repos\pmd\pmd-core\src\main\java\net\sourceforge\pmd\util\log\ConsoleLogHandler.java,18,1,43,2,0.0,0,0,0,0.0,0.0,0,0,3,1,1,4,0,1,0,0,3,0.25,0.296296,8,5,1,3,0.296296,8,0,0,0,0,0,19,26,1,0,1,0,3,0,3,0,3,6,0,3,0,19,26,1,0,1,0,3,0,3,0,3,6,0,3,0,0,0,8,2,2,2,0,0,1,0,0,0,7,2,0,0,0,0,0,0,0
747,L50102,PmdLogFormatter,net.sourceforge.pmd.util.log.PmdLogFormatter,L50090,L103,C:\Users\domco\Desktop\DP\repos\pmd\pmd-core\src\main\java\net\sourceforge\pmd\util\log\PmdLogFormatter.java,10,1,17,2,0.0,0,0,0,0.0,0.0,0,0,1,0,0,1,0,0,0,0,1,0.0,0.0,0,0,0,2,0.0,0,0,0,0,0,0,6,8,0,0,0,0,1,0,1,0,1,1,0,1,0,6,8,0,0,0,0,1,0,1,0,1,1,0,1,0,0,0,5,0,0,0,0,0,0,0,0,0,5,0,0,0,0,0,0,0,0
748,L39074,ScopedLogHandlersManager,net.sourceforge.pmd.util.log.ScopedLogHandlersManager,L50090,L103,C:\Users\domco\Desktop\DP\repos\pmd\pmd-core\src\main\java\net\sourceforge\pmd\util\log\ScopedLogHandlersManager.java,17,1,51,2,0.0,0,0,0,0.0,0.0,0,0,1,1,1,6,0,2,2,0,2,0.333333,0.189189,7,6,1,2,0.189189,7,0,0,0,0,0,30,35,5,0,5,0,2,0,2,0,2,14,0,2,0,30,35,5,0,5,0,2,0,2,0,2,14,0,2,0,0,0,7,1,4,1,0,0,0,0,0,4,7,0,0,0,0,0,0,0,0
749,L50784,Viewer,net.sourceforge.pmd.util.viewer.Viewer,L50331,L103,C:\Users\domco\Desktop\DP\repos\pmd\pmd-core\src\main\java\net\sourceforge\pmd\util\viewer\Viewer.java,16,1,25,2,0.0,0,0,0,0.0,0.0,0,0,1,0,0,2,2,0,0,2,4,0.5,0.466667,7,6,1,1,0.466667,7,0,0,0,0,0,8,10,0,0,0,0,2,0,1,0,2,2,0,1,0,8,10,0,0,0,0,2,0,1,0,2,2,0,1,0,0,0,5,0,1,0,0,0,0,0,0,1,5,0,0,0,0,0,0,0,0
750,L50867,Designer,net.sourceforge.pmd.util.fxdesigner.Designer,L50849,L103,C:\Users\domco\Desktop\DP\repos\pmd\pmd-ui\src\main\java\net\sourceforge\pmd\util\fxdesigner\Designer.java,30,1,116,2,0.0,0,0,0,0.0,0.0,0,0,2,1,1,6,7,0,0,6,10,0.333333,0.181818,10,6,1,2,0.181818,10,0,0,0,0,0,45,87,0,0,0,0,4,0,2,1,4,25,0,2,1,45,87,0,0,0,0,4,0,2,1,4,25,0,2,1,0,0,12,3,0,1,0,0,1,0,0,2,11,0,0,0,0,0,0,0,0
751,L50877,DesignerRoot,net.sourceforge.pmd.util.fxdesigner.DesignerRoot,L50849,L103,C:\Users\domco\Desktop\DP\repos\pmd\pmd-ui\src\main\java\net\sourceforge\pmd\util\fxdesigner\DesignerRoot.java,18,1,49,2,0.0,0,0,0,0.0,0.0,0,0,0,0,0,3,1,7,8,0,3,0.75,0.551724,16,16,3,1,0.551724,16,0,0,0,0,0,13,32,2,2,2,2,3,0,3,0,3,3,0,3,0,13,32,2,2,2,2,3,0,3,0,3,3,0,3,0,0,0,3,0,0,0,0,0,0,0,0,0,3,0,0,0,0,0,0,0,0
752,L50902,EventLogController,net.sourceforge.pmd.util.fxdesigner.EventLogController,L50849,L103,C:\Users\domco\Desktop\DP\repos\pmd\pmd-ui\src\main\java\net\sourceforge\pmd\util\fxdesigner\EventLogController.java,30,1,92,2,0.0,0,0,0,0.0,0.0,0,0,1,0,0,2,3,2,1,2,4,0.333333,0.108696,5,4,1,2,0.108696,5,0,0,0,0,0,41,63,7,0,7,0,2,0,2,0,2,12,0,2,0,41,63,7,0,7,0,2,0,2,0,2,12,0,2,0,0,0,8,2,1,1,0,0,0,0,0,1,7,0,1,0,0,0,0,1,0
753,L50956,ExportXPathWizardController,net.sourceforge.pmd.util.fxdesigner.ExportXPathWizardController,L50849,L103,C:\Users\domco\Desktop\DP\repos\pmd\pmd-ui\src\main\java\net\sourceforge\pmd\util\fxdesigner\ExportXPathWizardController.java,35,1,151,2,0.0,0,0,0,0.0,0.0,0,0,1,1,1,7,5,1,1,5,11,0.25,0.0666667,6,4,1,3,0.0612245,6,0,0,0,0,0,84,107,8,1,8,1,6,0,3,0,6,21,0,3,0,92,117,8,1,8,1,8,0,5,0,8,23,0,5,0,0,0,24,0,1,0,0,1,1,0,0,0,22,0,0,0,0,0,0,1,0
754,L50882,MainDesignerController,net.sourceforge.pmd.util.fxdesigner.MainDesignerController,L50849,L103,C:\Users\domco\Desktop\DP\repos\pmd\pmd-ui\src\main\java\net\sourceforge\pmd\util\fxdesigner\MainDesignerController.java,77,1,462,2,0.0,0,0,0,0.0,0.0,0,0,2,3,3,43,18,5,2,39,65,0.25,0.103093,30,20,2,6,0.100334,30,1,1,0,0,1,261,376,21,3,21,3,26,0,7,3,26,133,0,7,3,269,386,21,3,21,3,28,0,9,3,28,135,0,9,3,0,4,65,3,1,3,0,0,2,0,1,1,58,0,3,0,0,1,0,4,0
755,L50887,NodeInfoPanelController,net.sourceforge.pmd.util.fxdesigner.NodeInfoPanelController,L50849,L103,C:\Users\domco\Desktop\DP\repos\pmd\pmd-ui\src\main\java\net\sourceforge\pmd\util\fxdesigner\NodeInfoPanelController.java,39,1,146,2,0.0,0,0,0,0.0,0.0,0,0,1,1,1,13,9,2,3,9,16,0.75,0.191011,17,17,3,1,0.191011,17,0,0,0,0,0,72,108,10,1,10,1,7,0,3,0,7,29,0,3,0,72,108,10,1,10,1,7,0,3,0,7,29,0,3,0,0,0,15,2,1,1,0,0,0,0,0,2,13,0,0,0,0,0,0,2,0
756,L50897,SourceEditorController,net.sourceforge.pmd.util.fxdesigner.SourceEditorController,L50849,L103,C:\Users\domco\Desktop\DP\repos\pmd\pmd-ui\src\main\java\net\sourceforge\pmd\util\fxdesigner\SourceEditorController.java,48,1,272,2,0.0667903,1,1,1,0.0488889,0.0625,11,9,1,2,2,34,13,2,9,22,48,0.1,0.0649351,10,9,2,18,0.0649351,10,1,1,0,0,1,144,225,7,3,7,3,26,0,19,1,26,63,0,19,1,144,225,7,3,7,3,26,0,19,1,26,63,0,19,1,0,0,66,0,0,0,7,0,0,0,1,0,55,0,0,0,0,0,0,3,0
757,L50892,XPathPanelController,net.sourceforge.pmd.util.fxdesigner.XPathPanelController,L50849,L103,C:\Users\domco\Desktop\DP\repos\pmd\pmd-ui\src\main\java\net\sourceforge\pmd\util\fxdesigner\XPathPanelController.java,44,1,169,2,0.108108,1,1,1,0.103175,0.1125,13,9,1,2,2,12,14,2,6,9,18,0.222222,0.142857,12,12,2,7,0.130435,12,1,1,0,0,1,72,116,7,1,7,1,9,0,8,0,9,32,0,8,0,80,126,7,1,7,1,11,0,10,0,11,34,0,10,0,0,0,36,1,0,0,7,0,1,0,1,1,26,0,0,0,0,0,0,1,0
758,L52283,MatchesFunctionTest$MyNode,net.sourceforge.pmd.jaxen.MatchesFunctionTest$MyNode,L52281,L103,C:\Users\domco\Desktop\DP\repos\pmd\pmd-core\src\test\java\net\sourceforge\pmd\jaxen\MatchesFunctionTest.java,22,5,41,6,0.0,0,0,0,0.0,0.0,0,0,1,0,0,4,1,1,2,1,5,0.0,0.0,0,0,0,5,0.0,0,2,2,0,0,1,16,20,14,15,1,1,4,0,4,1,55,4,0,52,4,16,20,14,15,1,1,4,0,4,1,55,4,0,52,4,0,0,12,0,0,0,0,0,0,0,0,0,11,0,0,0,0,0,0,1,0
759,L52311,DocumentNavigatorTest$TestRule,net.sourceforge.pmd.jaxen.DocumentNavigatorTest$TestRule,L52308,L103,C:\Users\domco\Desktop\DP\repos\pmd\pmd-java\src\test\java\net\sourceforge\pmd\jaxen\DocumentNavigatorTest.java,39,5,75,6,0.0,0,0,0,0.0,0.0,0,0,5,0,0,5,7,1,0,5,10,0.166667,0.129032,4,4,1,5,0.129032,4,4,6,0,0,1,27,37,26,20,5,0,5,0,5,0,204,10,2,196,20,27,37,26,20,5,0,5,0,5,0,204,10,2,196,20,0,0,23,0,0,0,0,0,1,0,0,0,11,0,0,1,0,0,0,10,0
760,L52507,RuleSetFactoryCompatibilityTest$1,net.sourceforge.pmd.RuleSetFactoryCompatibilityTest$1,L52493,L103,C:\Users\domco\Desktop\DP\repos\pmd\pmd-core\src\test\java\net\sourceforge\pmd\RuleSetFactoryCompatibilityTest.java,139,67,144,10,0.0,0,0,0,0.0,0.0,0,0,0,0,0,1,4,0,0,0,1,0.0,0.0,0,0,0,2,0.0,0,1,1,0,0,1,6,6,5,5,0,1,1,0,1,0,16,1,0,10,0,6,6,5,5,0,1,1,0,1,0,16,1,0,10,0,0,0,5,0,0,0,0,0,0,0,0,0,5,0,0,0,0,0,0,0,0
761,L52664,RuleSetFactoryTest$1,net.sourceforge.pmd.RuleSetFactoryTest$1,L52581,L103,C:\Users\domco\Desktop\DP\repos\pmd\pmd-core\src\test\java\net\sourceforge\pmd\RuleSetFactoryTest.java,929,45,938,10,1.0,1,2,1,1.0,1.0,10,10,0,1,1,2,3,0,0,0,1,0.0,0.0,0,0,0,2,0.0,0,1,1,0,0,1,10,10,5,5,0,1,1,0,1,0,16,3,0,10,0,10,10,5,5,0,1,1,0,1,0,16,3,0,10,0,0,0,15,0,0,0,10,0,0,0,0,0,5,0,0,0,0,0,0,0,0
762,L53308,MockedFileWriter$FileEntry,net.sourceforge.pmd.docs.MockedFileWriter$FileEntry,L53306,L103,C:\Users\domco\Desktop\DP\repos\pmd\pmd-doc\src\test\java\net\sourceforge\pmd\docs\MockedFileWriter.java,16,5,27,6,0.0,0,0,0,0.0,0.0,0,0,0,0,0,2,0,2,1,0,2,0.0,0.0,0,0,0,3,0.0,0,0,0,0,0,0,10,12,2,2,2,2,2,0,2,0,2,2,0,2,0,10,12,2,2,2,2,2,0,2,0,2,2,0,2,0,0,0,7,0,0,0,0,0,0,0,0,0,7,0,0,0,0,0,0,0,0
763,L53432,SuperClass,net.sourceforge.pmd.typeresolution.testdata.SuperClass,L53452,L103,C:\Users\domco\Desktop\DP\repos\pmd\pmd-java8\src\test\java\net\sourceforge\pmd\typeresolution\testdata\SuperClass.java,8,1,10,2,0.0,0,0,0,0.0,0.0,0,0,0,0,0,0,0,2,0,0,0,0.0,0.0,0,0,0,1,0.0,0,0,0,1,1,0,3,3,1,0,1,0,0,0,0,0,0,0,0,0,0,3,3,1,0,1,0,0,0,0,0,0,0,0,0,0,0,0,3,0,0,0,0,0,0,0,0,0,3,0,0,0,0,0,0,0,0
764,L53426,SuperExpression,net.sourceforge.pmd.typeresolution.testdata.SuperExpression,L53452,L103,C:\Users\domco\Desktop\DP\repos\pmd\pmd-java8\src\test\java\net\sourceforge\pmd\typeresolution\testdata\SuperExpression.java,8,1,14,2,0.0,0,0,0,0.0,0.0,0,0,1,0,0,1,1,2,0,0,1,0.0,0.0,0,0,0,2,0.0,0,1,1,0,0,1,7,7,1,0,0,0,1,0,1,0,1,1,0,1,0,7,7,1,0,0,0,1,0,1,0,1,1,0,1,0,0,0,5,1,0,1,0,0,0,0,0,0,5,0,0,0,0,0,0,0,0
765,L53417,ThisExpression,net.sourceforge.pmd.typeresolution.testdata.ThisExpression,L53452,L103,C:\Users\domco\Desktop\DP\repos\pmd\pmd-java8\src\test\java\net\sourceforge\pmd\typeresolution\testdata\ThisExpression.java,8,1,21,2,0.0,0,0,0,0.0,0.0,0,0,1,0,0,1,0,2,0,0,1,0.0,0.0,0,0,0,2,0.0,0,0,0,0,0,0,7,9,0,0,0,0,1,0,1,0,1,1,0,1,0,12,14,0,0,0,0,2,0,2,0,2,2,0,2,0,0,0,10,2,0,2,0,0,0,0,0,0,10,0,0,0,0,0,0,0,0
766,L14010,UsesJavaStreams,net.sourceforge.pmd.typeresolution.testdata.UsesJavaStreams,L53452,L103,C:\Users\domco\Desktop\DP\repos\pmd\pmd-java8\src\test\java\net\sourceforge\pmd\typeresolution\testdata\UsesJavaStreams.java,7,1,23,2,0.0,0,0,0,0.0,0.0,0,0,1,0,0,1,2,2,0,2,3,0.0,0.0,0,0,0,2,0.0,0,0,0,0,0,0,6,8,0,0,0,0,1,0,1,0,1,2,0,1,0,14,17,0,0,0,0,3,0,3,0,5,2,0,5,0,0,0,15,0,2,0,0,0,0,0,0,0,15,2,0,0,0,0,0,0,0
767,L53413,UsesRepeatableAnnotations,net.sourceforge.pmd.typeresolution.testdata.UsesRepeatableAnnotations,L53452,L103,C:\Users\domco\Desktop\DP\repos\pmd\pmd-java8\src\test\java\net\sourceforge\pmd\typeresolution\testdata\UsesRepeatableAnnotations.java,13,1,30,2,0.0,0,0,0,0.0,0.0,0,0,0,0,0,0,1,1,0,0,0,0.0,0.0,0,0,0,1,0.0,0,0,0,0,0,0,6,9,0,0,0,0,0,0,0,0,0,0,0,0,0,15,18,0,0,0,0,2,0,0,0,2,0,0,0,0,0,0,13,0,0,0,0,0,0,0,0,0,13,0,0,0,0,0,0,0,0
768,L53548,AbstractReturnTypeUseCase,net.sourceforge.pmd.typeresolution.testdata.AbstractReturnTypeUseCase,L53452,L103,C:\Users\domco\Desktop\DP\repos\pmd\pmd-java\src\test\java\net\sourceforge\pmd\typeresolution\testdata\AbstractReturnTypeUseCase.java,11,1,18,2,0.0,0,0,0,0.0,0.0,0,0,1,0,0,1,1,1,0,1,2,0.0,0.0,0,0,0,2,0.0,0,0,0,0,0,0,7,8,0,0,0,0,1,0,1,0,1,3,0,1,0,7,8,0,0,0,0,1,0,1,0,1,3,0,1,0,0,0,5,1,0,1,0,0,0,0,0,0,5,0,0,0,0,0,0,0,0
769,L53560,AnonymousClassFromInterface,net.sourceforge.pmd.typeresolution.testdata.AnonymousClassFromInterface,L53452,L103,C:\Users\domco\Desktop\DP\repos\pmd\pmd-java\src\test\java\net\sourceforge\pmd\typeresolution\testdata\AnonymousClassFromInterface.java,9,1,17,2,0.0,0,0,0,0.0,0.0,0,0,0,0,0,0,0,1,0,0,0,0.0,0.0,0,0,0,1,0.0,0,0,0,0,0,0,4,5,1,0,1,0,0,1,0,0,0,0,1,0,0,8,9,1,0,1,0,1,1,1,0,1,1,1,1,0,0,0,12,0,0,0,0,0,0,0,0,0,8,0,0,0,0,0,0,4,0
770,L53571,AnonymousInnerClass,net.sourceforge.pmd.typeresolution.testdata.AnonymousInnerClass,L53452,L103,C:\Users\domco\Desktop\DP\repos\pmd\pmd-java\src\test\java\net\sourceforge\pmd\typeresolution\testdata\AnonymousInnerClass.java,10,1,22,2,0.0,0,0,0,0.0,0.0,0,0,0,0,0,0,0,1,0,0,0,0.0,0.0,0,0,0,1,0.0,0,0,0,0,0,0,4,4,1,0,1,0,0,0,0,0,0,0,0,0,0,12,13,1,0,1,0,2,0,2,0,2,2,0,2,0,0,0,11,0,1,0,0,1,1,0,0,0,10,0,0,0,0,0,0,0,0
771,L53587,AnoymousExtendingObject,net.sourceforge.pmd.typeresolution.testdata.AnoymousExtendingObject,L53452,L103,C:\Users\domco\Desktop\DP\repos\pmd\pmd-java\src\test\java\net\sourceforge\pmd\typeresolution\testdata\AnoymousExtendingObject.java,7,1,17,2,0.0,0,0,0,0.0,0.0,0,0,1,0,0,1,0,1,0,0,1,0.0,0.0,0,0,0,2,0.0,0,0,0,0,0,0,6,7,0,0,0,0,1,0,1,0,1,1,0,1,0,10,11,0,0,0,0,2,0,2,0,2,2,0,2,0,0,0,10,1,0,1,0,0,0,0,0,0,10,0,0,0,0,0,0,0,0
772,L53596,ArrayListFound,net.sourceforge.pmd.typeresolution.testdata.ArrayListFound,L53452,L103,C:\Users\domco\Desktop\DP\repos\pmd\pmd-java\src\test\java\net\sourceforge\pmd\typeresolution\testdata\ArrayListFound.java,9,1,11,2,0.0,0,0,0,0.0,0.0,0,0,0,0,0,0,0,1,0,0,0,0.0,0.0,0,0,0,1,0.0,0,0,0,0,0,0,3,3,1,0,1,0,0,0,0,0,0,0,0,0,0,3,3,1,0,1,0,0,0,0,0,0,0,0,0,0,0,0,3,1,1,1,0,1,0,0,0,0,3,0,0,0,0,0,0,0,0
773,L53602,ArrayTypes,net.sourceforge.pmd.typeresolution.testdata.ArrayTypes,L53452,L103,C:\Users\domco\Desktop\DP\repos\pmd\pmd-java\src\test\java\net\sourceforge\pmd\typeresolution\testdata\ArrayTypes.java,7,1,15,2,0.0,0,0,0,0.0,0.0,0,0,1,0,0,1,0,1,0,0,1,0.0,0.0,0,0,0,2,0.0,0,0,0,0,0,0,8,9,0,0,0,0,1,0,1,0,1,3,0,1,0,8,9,0,0,0,0,1,0,1,0,1,3,0,1,0,0,0,5,0,0,0,0,0,0,0,0,0,5,0,0,0,0,0,0,0,0
774,L53610,DefaultJavaLangImport,net.sourceforge.pmd.typeresolution.testdata.DefaultJavaLangImport,L53452,L103,C:\Users\domco\Desktop\DP\repos\pmd\pmd-java\src\test\java\net\sourceforge\pmd\typeresolution\testdata\DefaultJavaLangImport.java,7,1,12,2,0.0,0,0,0,0.0,0.0,0,0,1,0,0,1,0,1,0,0,1,0.0,0.0,0,0,0,2,0.0,0,0,0,0,0,0,6,6,0,0,0,0,1,0,1,0,1,1,0,1,0,6,6,0,0,0,0,1,0,1,0,1,1,0,1,0,0,0,5,0,0,0,0,0,0,0,0,0,5,0,0,0,0,0,0,0,0
775,L53871,ExtraTopLevelClass,net.sourceforge.pmd.typeresolution.testdata.ExtraTopLevelClass,L53452,L103,C:\Users\domco\Desktop\DP\repos\pmd\pmd-java\src\test\java\net\sourceforge\pmd\typeresolution\testdata\ExtraTopLevelClass.java,7,1,8,2,0.0,0,0,0,0.0,0.0,0,0,0,0,0,0,0,1,0,0,0,0.0,0.0,0,0,0,1,0.0,0,0,0,0,0,0,2,2,0,0,0,0,0,0,0,0,0,0,0,0,0,2,2,0,0,0,0,0,0,0,0,0,0,0,0,0,0,0,3,0,0,0,0,0,0,0,0,0,3,0,0,0,0,0,0,0,0
776,L53873,TheExtraTopLevelClass,net.sourceforge.pmd.typeresolution.testdata.TheExtraTopLevelClass,L53452,L103,C:\Users\domco\Desktop\DP\repos\pmd\pmd-java\src\test\java\net\sourceforge\pmd\typeresolution\testdata\ExtraTopLevelClass.java,10,1,11,2,0.0,0,0,0,0.0,0.0,0,0,0,0,0,0,0,0,0,0,0,0.0,0.0,0,0,0,1,0.0,0,0,0,0,0,0,2,2,0,0,0,0,0,0,0,0,0,0,0,0,0,2,2,0,0,0,0,0,0,0,0,0,0,0,0,0,0,0,3,0,0,0,0,0,0,0,0,0,3,0,0,0,0,0,0,0,0
777,L53875,FieldAccess,net.sourceforge.pmd.typeresolution.testdata.FieldAccess,L53452,L103,C:\Users\domco\Desktop\DP\repos\pmd\pmd-java\src\test\java\net\sourceforge\pmd\typeresolution\testdata\FieldAccess.java,18,1,46,2,0.0,0,0,0,0.0,0.0,0,0,1,0,0,1,1,1,0,0,1,0.5,0.551724,16,6,1,1,0.551724,16,2,2,0,0,1,13,29,5,0,3,0,1,3,1,0,2,6,5,2,0,13,29,5,0,3,0,1,3,1,0,2,6,5,2,0,0,0,5,0,0,0,0,0,0,0,0,0,1,0,0,0,0,0,0,4,0
778,L53888,FieldAccessGenericBounds,net.sourceforge.pmd.typeresolution.testdata.FieldAccessGenericBounds,L53452,L103,C:\Users\domco\Desktop\DP\repos\pmd\pmd-java\src\test\java\net\sourceforge\pmd\typeresolution\testdata\FieldAccessGenericBounds.java,11,1,25,2,0.0,0,0,0,0.0,0.0,0,0,1,0,0,1,2,1,0,0,1,0.0,0.368421,7,0,0,2,0.368421,7,2,2,0,0,1,12,15,7,0,2,0,1,0,1,0,1,6,5,1,0,12,15,7,0,2,0,1,0,1,0,1,6,5,1,0,0,0,3,0,2,0,0,2,0,0,0,0,1,0,0,0,0,0,0,2,0
779,L53908,FieldAccessGenericNested<T extends String>,net.sourceforge.pmd.typeresolution.testdata.FieldAccessGenericNested,L53452,L103,C:\Users\domco\Desktop\DP\repos\pmd\pmd-java\src\test\java\net\sourceforge\pmd\typeresolution\testdata\FieldAccessGenericNested.java,9,1,21,2,0.0,0,0,0,0.0,0.0,0,0,0,0,0,0,0,1,0,0,0,0.0,0.0,0,0,0,1,0.0,0,0,0,0,0,0,2,3,0,0,0,0,0,0,0,0,0,0,0,0,0,11,13,3,0,3,0,1,0,0,0,1,2,0,0,0,0,0,8,0,4,0,0,4,0,0,0,0,8,0,0,0,0,0,0,0,0
780,L53927,"FieldAccessGenericParameter<T extends GenericClass<String, GenericClass<String, Integer>>, S extends Double>",net.sourceforge.pmd.typeresolution.testdata.FieldAccessGenericParameter,L53452,L103,C:\Users\domco\Desktop\DP\repos\pmd\pmd-java\src\test\java\net\sourceforge\pmd\typeresolution\testdata\FieldAccessGenericParameter.java,9,1,35,2,0.0,0,0,0,0.0,0.0,0,0,1,0,0,2,1,1,0,0,2,0.0,0.375,9,0,0,1,0.375,9,0,0,0,0,0,15,27,2,0,2,0,2,0,0,0,2,6,0,0,0,15,27,2,0,2,0,2,0,0,0,2,6,0,0,0,0,0,1,2,3,2,0,3,0,0,0,0,1,0,0,0,0,0,0,0,0
781,L53952,FieldAccessGenericRaw<T extends GenericClass2>,net.sourceforge.pmd.typeresolution.testdata.FieldAccessGenericRaw,L53452,L103,C:\Users\domco\Desktop\DP\repos\pmd\pmd-java\src\test\java\net\sourceforge\pmd\typeresolution\testdata\FieldAccessGenericRaw.java,11,1,43,2,0.0,0,0,0,0.0,0.0,0,0,1,0,0,1,3,1,0,0,1,0.0,0.172414,5,0,0,1,0.172414,5,2,2,0,0,1,24,33,7,0,2,0,1,0,0,0,1,18,5,0,0,24,33,7,0,2,0,1,0,0,0,1,18,5,0,0,0,0,7,0,3,0,0,3,0,0,0,0,5,0,0,0,0,0,0,2,0
782,L53970,FieldAccessGenericSimple,net.sourceforge.pmd.typeresolution.testdata.FieldAccessGenericSimple,L53452,L103,C:\Users\domco\Desktop\DP\repos\pmd\pmd-java\src\test\java\net\sourceforge\pmd\typeresolution\testdata\FieldAccessGenericSimple.java,17,1,60,2,0.0,0,0,0,0.0,0.0,0,0,1,0,0,1,3,1,0,0,1,1.0,0.472222,17,5,1,0,0.414634,17,2,2,0,0,1,19,39,8,0,3,0,1,0,0,0,1,12,5,0,0,24,44,8,0,3,0,2,0,0,0,2,13,5,0,0,0,0,9,0,5,0,0,5,0,0,0,0,5,0,0,0,0,0,0,4,0
783,L54012,FieldAccessNested,net.sourceforge.pmd.typeresolution.testdata.FieldAccessNested,L53452,L103,C:\Users\domco\Desktop\DP\repos\pmd\pmd-java\src\test\java\net\sourceforge\pmd\typeresolution\testdata\FieldAccessNested.java,16,1,35,2,0.0,0,0,0,0.0,0.0,0,0,0,0,0,0,0,2,0,0,0,1.0,0.571429,4,4,1,0,0.4,8,0,0,0,0,0,3,4,1,0,1,0,0,1,0,0,0,0,1,0,0,12,20,2,0,2,0,1,1,1,0,1,4,1,1,0,0,0,5,0,1,0,0,1,0,0,0,0,1,0,0,0,0,0,0,4,0
784,L54022,FieldAccessPrimaryGenericSimple,net.sourceforge.pmd.typeresolution.testdata.FieldAccessPrimaryGenericSimple,L53452,L103,C:\Users\domco\Desktop\DP\repos\pmd\pmd-java\src\test\java\net\sourceforge\pmd\typeresolution\testdata\FieldAccessPrimaryGenericSimple.java,10,1,49,2,0.0,0,0,0,0.0,0.0,0,0,1,0,0,1,3,1,0,0,1,0.0,0.4,10,0,0,1,0.34375,11,2,2,0,0,1,15,32,7,0,2,0,1,0,0,0,1,9,5,0,0,21,40,8,0,3,0,2,0,0,0,2,10,5,0,0,0,0,6,1,5,1,0,5,0,0,0,0,4,0,0,0,0,0,0,2,0
785,L54038,FieldAccessShadow,net.sourceforge.pmd.typeresolution.testdata.FieldAccessShadow,L53452,L103,C:\Users\domco\Desktop\DP\repos\pmd\pmd-java\src\test\java\net\sourceforge\pmd\typeresolution\testdata\FieldAccessShadow.java,17,1,51,2,0.0,0,0,0,0.0,0.0,0,0,1,0,0,1,0,2,0,0,1,0.5,0.47619,10,4,1,1,0.46875,15,0,0,0,0,0,11,23,3,0,3,0,1,0,1,0,1,4,0,1,0,17,35,6,0,3,0,2,0,2,0,3,6,1,3,0,0,0,5,1,4,1,0,4,0,0,0,0,2,0,0,0,0,0,0,3,0
786,L54052,FieldAccessStatic,net.sourceforge.pmd.typeresolution.testdata.FieldAccessStatic,L53452,L103,C:\Users\domco\Desktop\DP\repos\pmd\pmd-java\src\test\java\net\sourceforge\pmd\typeresolution\testdata\FieldAccessStatic.java,14,1,53,2,0.0,0,0,0,0.0,0.0,0,0,1,0,0,1,2,2,0,0,1,0.0,0.421053,8,0,0,1,0.4375,14,0,0,0,0,0,11,25,1,0,1,0,1,1,0,0,1,5,1,0,0,18,40,2,0,1,0,2,1,0,0,3,8,2,1,0,0,0,8,0,4,0,0,4,0,0,0,0,2,0,0,0,0,0,0,6,0
787,L54066,FieldAccessSuper,net.sourceforge.pmd.typeresolution.testdata.FieldAccessSuper,L53452,L103,C:\Users\domco\Desktop\DP\repos\pmd\pmd-java\src\test\java\net\sourceforge\pmd\typeresolution\testdata\FieldAccessSuper.java,18,1,64,2,0.0,0,0,0,0.0,0.0,0,0,1,0,0,1,2,1,0,0,1,0.5,0.583333,14,4,1,1,0.547619,23,2,2,0,0,1,10,25,2,0,0,0,1,0,1,0,2,5,2,2,0,19,47,6,0,1,0,2,0,2,0,4,9,3,4,0,0,0,6,0,2,0,0,2,0,0,0,0,2,0,0,0,0,0,0,4,0
788,L54077,GenericMethodsImplicit<T extends Object>,net.sourceforge.pmd.typeresolution.testdata.GenericMethodsImplicit,L53452,L103,C:\Users\domco\Desktop\DP\repos\pmd\pmd-java\src\test\java\net\sourceforge\pmd\typeresolution\testdata\GenericMethodsImplicit.java,12,1,23,2,0.0,0,0,0,0.0,0.0,0,0,2,0,0,3,4,1,0,0,3,0.0,0.0,0,0,0,3,0.0,0,0,0,0,0,0,10,12,0,0,0,0,3,0,2,0,3,2,0,2,0,10,12,0,0,0,0,3,0,2,0,3,2,0,2,0,0,0,10,1,2,1,0,1,1,0,0,0,9,1,0,0,0,0,0,0,0
789,L54106,GenericsArrays,net.sourceforge.pmd.typeresolution.testdata.GenericsArrays,L53452,L103,C:\Users\domco\Desktop\DP\repos\pmd\pmd-java\src\test\java\net\sourceforge\pmd\typeresolution\testdata\GenericsArrays.java,10,1,18,2,0.0,0,0,0,0.0,0.0,0,0,1,0,0,1,0,1,0,0,1,0.0,0.0,0,0,0,2,0.0,0,0,0,0,0,0,8,9,0,0,0,0,1,0,1,0,1,3,0,1,0,8,9,0,0,0,0,1,0,1,0,1,3,0,1,0,0,0,5,0,1,1,0,0,0,0,0,0,5,0,0,0,0,0,0,0,0
790,L54113,InnerClass,net.sourceforge.pmd.typeresolution.testdata.InnerClass,L53452,L103,C:\Users\domco\Desktop\DP\repos\pmd\pmd-java\src\test\java\net\sourceforge\pmd\typeresolution\testdata\InnerClass.java,7,1,13,2,0.0,0,0,0,0.0,0.0,0,0,1,0,0,1,1,1,0,0,1,0.0,0.0,0,0,0,2,0.0,0,0,0,0,0,0,4,5,0,0,0,0,1,0,1,0,1,0,0,1,0,6,7,0,0,0,0,1,0,1,0,1,0,0,1,0,0,0,8,0,1,0,0,0,0,0,0,0,8,1,0,0,0,0,0,0,0
791,L54121,Literals,net.sourceforge.pmd.typeresolution.testdata.Literals,L53452,L103,C:\Users\domco\Desktop\DP\repos\pmd\pmd-java\src\test\java\net\sourceforge\pmd\typeresolution\testdata\Literals.java,7,1,43,2,0.0,0,0,0,0.0,0.0,0,0,0,0,0,0,0,1,0,0,0,0.0,0.0263158,1,0,0,1,0.0263158,1,0,0,0,0,0,37,37,35,0,35,0,0,0,0,0,0,0,0,0,0,37,37,35,0,35,0,0,0,0,0,0,0,0,0,0,0,6,7,0,45,0,0,35,0,0,0,0,3,0,6,0,0,10,0,4,0
792,L54158,MethodAccessibility,net.sourceforge.pmd.typeresolution.testdata.MethodAccessibility,L53452,L103,C:\Users\domco\Desktop\DP\repos\pmd\pmd-java\src\test\java\net\sourceforge\pmd\typeresolution\testdata\MethodAccessibility.java,10,1,17,2,0.0,0,0,0,0.0,0.0,0,0,0,0,0,0,1,1,0,0,0,0.0,0.0,0,0,0,1,0.0,0,2,2,0,0,1,2,2,2,0,0,0,0,0,0,0,1,0,2,1,0,8,8,5,0,0,0,1,0,0,0,3,2,3,2,0,0,0,12,2,1,2,0,1,0,0,0,0,8,0,0,0,0,0,0,4,0
793,L54165,MethodFirstPhase,net.sourceforge.pmd.typeresolution.testdata.MethodFirstPhase,L53452,L103,C:\Users\domco\Desktop\DP\repos\pmd\pmd-java\src\test\java\net\sourceforge\pmd\typeresolution\testdata\MethodFirstPhase.java,14,1,60,2,0.0,0,0,0,0.0,0.0,0,0,7,0,0,9,0,2,1,0,9,0.0,0.111111,4,0,0,1,0.111111,4,0,0,0,0,0,32,47,0,0,0,0,9,0,0,0,9,12,0,0,0,32,47,0,0,0,0,9,0,0,0,9,12,0,0,0,0,0,20,2,11,2,0,9,1,0,0,0,19,2,0,0,0,0,0,0,0
794,L54200,MethodGenericExplicit,net.sourceforge.pmd.typeresolution.testdata.MethodGenericExplicit,L53452,L103,C:\Users\domco\Desktop\DP\repos\pmd\pmd-java\src\test\java\net\sourceforge\pmd\typeresolution\testdata\MethodGenericExplicit.java,7,1,15,2,0.0,0,0,0,0.0,0.0,0,0,1,0,0,2,0,1,0,0,2,0.0,0.0,0,0,0,3,0.0,0,0,0,0,0,0,8,9,0,0,0,0,2,0,2,0,2,2,0,2,0,8,9,0,0,0,0,2,0,2,0,2,2,0,2,0,0,0,7,1,0,1,0,0,0,0,0,0,7,0,0,0,0,0,0,0,0
795,L54208,MethodGenericParam,net.sourceforge.pmd.typeresolution.testdata.MethodGenericParam,L53452,L103,C:\Users\domco\Desktop\DP\repos\pmd\pmd-java\src\test\java\net\sourceforge\pmd\typeresolution\testdata\MethodGenericParam.java,10,1,18,2,0.0,0,0,0,0.0,0.0,0,0,1,0,0,1,2,1,0,1,2,0.0,0.0,0,0,0,2,0.0,0,0,0,0,0,0,7,9,0,0,0,0,1,0,1,0,1,3,0,1,0,7,9,0,0,0,0,1,0,1,0,1,3,0,1,0,0,0,5,0,0,0,0,0,0,0,0,0,5,0,0,0,0,0,0,0,0
796,L54218,MethodMostSpecific,net.sourceforge.pmd.typeresolution.testdata.MethodMostSpecific,L53452,L103,C:\Users\domco\Desktop\DP\repos\pmd\pmd-java\src\test\java\net\sourceforge\pmd\typeresolution\testdata\MethodMostSpecific.java,13,1,33,2,0.0,0,0,0,0.0,0.0,0,0,1,0,0,4,0,1,0,0,4,0.0,0.0588235,1,0,0,1,0.0588235,1,0,0,0,0,0,16,21,0,0,0,0,4,0,0,0,4,6,0,0,0,16,21,0,0,0,0,4,0,0,0,4,6,0,0,0,0,0,11,7,5,5,0,7,0,0,0,0,11,0,0,0,0,0,0,0,0
797,L54236,MethodPotentialApplicability,net.sourceforge.pmd.typeresolution.testdata.MethodPotentialApplicability,L53452,L103,C:\Users\domco\Desktop\DP\repos\pmd\pmd-java\src\test\java\net\sourceforge\pmd\typeresolution\testdata\MethodPotentialApplicability.java,7,1,52,2,0.0,0,0,0,0.0,0.0,0,0,3,0,0,6,0,1,0,0,6,0.0,0.205882,7,3,0,1,0.205882,7,0,0,0,0,0,27,46,0,0,0,0,6,0,0,0,6,13,0,0,0,27,46,0,0,0,0,6,0,0,0,6,13,0,0,0,0,0,8,6,6,6,0,6,1,0,0,0,7,0,0,0,0,0,0,0,0
798,L54261,MethodSecondPhase,net.sourceforge.pmd.typeresolution.testdata.MethodSecondPhase,L53452,L103,C:\Users\domco\Desktop\DP\repos\pmd\pmd-java\src\test\java\net\sourceforge\pmd\typeresolution\testdata\MethodSecondPhase.java,7,1,46,2,0.0,0,0,0,0.0,0.0,0,0,1,0,0,7,0,1,0,0,7,0.0,0.125,4,0,0,1,0.125,4,0,0,0,0,0,28,40,0,0,0,0,7,0,0,0,7,12,0,0,0,28,40,0,0,0,0,7,0,0,0,7,12,0,0,0,0,0,15,6,7,6,0,7,0,0,0,0,15,0,0,0,0,0,0,0,0
799,L54288,MethodStaticAccess,net.sourceforge.pmd.typeresolution.testdata.MethodStaticAccess,L53452,L103,C:\Users\domco\Desktop\DP\repos\pmd\pmd-java\src\test\java\net\sourceforge\pmd\typeresolution\testdata\MethodStaticAccess.java,14,1,34,2,0.0,0,0,0,0.0,0.0,0,0,1,0,0,1,1,1,0,2,3,0.0,0.272727,3,0,0,1,0.235294,4,0,0,0,0,0,8,15,1,0,1,0,1,1,0,0,1,3,1,0,0,13,21,2,0,1,0,2,1,0,0,3,4,2,1,0,0,0,11,4,3,4,0,3,0,0,0,0,5,0,0,0,0,0,0,6,0
800,L54298,MethodThirdPhase,net.sourceforge.pmd.typeresolution.testdata.MethodThirdPhase,L53452,L103,C:\Users\domco\Desktop\DP\repos\pmd\pmd-java\src\test\java\net\sourceforge\pmd\typeresolution\testdata\MethodThirdPhase.java,7,1,37,2,0.0,0,0,0,0.0,0.0,0,0,2,0,0,5,0,1,0,0,5,0.0,0.166667,4,0,0,1,0.166667,4,0,0,0,0,0,20,31,0,0,0,0,5,0,0,0,5,8,0,0,0,20,31,0,0,0,0,5,0,0,0,5,8,0,0,0,0,0,12,4,5,4,0,5,1,0,0,0,11,0,0,0,0,0,0,0,0
801,L54315,NestedAnonymousClass,net.sourceforge.pmd.typeresolution.testdata.NestedAnonymousClass,L53452,L103,C:\Users\domco\Desktop\DP\repos\pmd\pmd-java\src\test\java\net\sourceforge\pmd\typeresolution\testdata\NestedAnonymousClass.java,10,1,28,2,0.0,0,0,0,0.0,0.0,0,0,0,0,0,0,2,1,0,0,0,0.0,0.0,0,0,0,1,0.0,0,0,0,0,0,0,4,6,1,0,1,0,0,1,0,0,0,0,1,0,0,16,19,1,1,1,1,2,1,2,0,2,2,1,2,0,0,0,20,0,1,0,0,1,0,0,0,0,16,0,0,0,0,0,0,4,0
802,L54346,Operators,net.sourceforge.pmd.typeresolution.testdata.Operators,L53452,L103,C:\Users\domco\Desktop\DP\repos\pmd\pmd-java\src\test\java\net\sourceforge\pmd\typeresolution\testdata\Operators.java,9,1,70,2,0.0,0,0,0,0.0,0.0,0,0,5,0,0,7,0,1,0,0,5,0.0,0.0,0,0,0,6,0.0,0,0,0,0,0,0,58,62,0,0,0,0,5,0,5,0,5,46,0,5,0,58,62,0,0,0,0,5,0,5,0,5,46,0,5,0,0,0,14,3,0,3,0,0,1,0,0,0,13,0,0,0,0,0,0,0,0
803,L54355,OverloadedMethodsUsage,net.sourceforge.pmd.typeresolution.testdata.OverloadedMethodsUsage,L53452,L103,C:\Users\domco\Desktop\DP\repos\pmd\pmd-java\src\test\java\net\sourceforge\pmd\typeresolution\testdata\OverloadedMethodsUsage.java,9,1,17,2,0.0,0,0,0,0.0,0.0,0,0,1,0,0,1,1,1,0,1,2,0.0,0.0,0,0,0,2,0.0,0,0,0,0,0,0,7,9,2,0,2,0,1,0,1,0,1,1,0,1,0,7,9,2,0,2,0,1,0,1,0,1,1,0,1,0,0,0,5,0,3,0,0,0,0,0,0,2,5,0,0,0,0,1,0,0,0
804,L54363,Promotion,net.sourceforge.pmd.typeresolution.testdata.Promotion,L53452,L103,C:\Users\domco\Desktop\DP\repos\pmd\pmd-java\src\test\java\net\sourceforge\pmd\typeresolution\testdata\Promotion.java,7,1,81,2,0.0,0,0,0,0.0,0.0,0,0,3,0,0,3,0,1,0,0,3,0.0,0.0,0,0,0,4,0.0,0,0,0,0,0,0,72,75,0,0,0,0,3,0,3,0,3,64,0,3,0,72,75,0,0,0,0,3,0,3,0,3,64,0,3,0,0,0,10,3,6,3,0,0,1,0,0,0,9,0,0,0,0,6,0,0,0
805,L54368,SubTypeUsage,net.sourceforge.pmd.typeresolution.testdata.SubTypeUsage,L53452,L103,C:\Users\domco\Desktop\DP\repos\pmd\pmd-java\src\test\java\net\sourceforge\pmd\typeresolution\testdata\SubTypeUsage.java,9,1,15,2,0.0,0,0,0,0.0,0.0,0,0,1,0,0,1,1,1,0,1,2,0.0,0.0,0,0,0,2,0.0,0,0,0,0,0,0,6,7,0,0,0,0,1,0,1,0,1,2,0,1,0,6,7,0,0,0,0,1,0,1,0,1,2,0,1,0,0,0,5,0,0,0,0,0,0,0,0,0,5,0,0,0,0,0,0,0,0
806,L54375,SuperExpression,net.sourceforge.pmd.typeresolution.testdata.SuperExpression,L53452,L103,C:\Users\domco\Desktop\DP\repos\pmd\pmd-java\src\test\java\net\sourceforge\pmd\typeresolution\testdata\SuperExpression.java,10,1,33,2,0.0,0,0,0,0.0,0.0,0,0,1,0,0,2,1,2,0,0,2,0.0,0.0,0,0,0,4,0.0,0,2,2,2,2,1,11,17,4,0,2,0,2,0,2,0,3,2,2,3,0,18,24,7,0,5,0,2,0,2,0,9,2,2,9,0,0,1,19,3,6,3,0,6,0,0,0,0,13,0,1,0,0,0,0,6,0
807,L54392,ThisExpression,net.sourceforge.pmd.typeresolution.testdata.ThisExpression,L53452,L103,C:\Users\domco\Desktop\DP\repos\pmd\pmd-java\src\test\java\net\sourceforge\pmd\typeresolution\testdata\ThisExpression.java,8,1,31,2,0.0,0,0,0,0.0,0.0,0,0,1,0,0,2,0,1,0,0,2,0.0,0.0,0,0,0,4,0.0,0,0,0,0,0,0,12,17,1,0,1,0,2,0,2,0,2,2,0,2,0,19,24,4,0,4,0,2,0,2,0,2,2,0,2,0,0,1,13,3,5,3,0,5,0,0,0,0,13,0,1,0,0,0,0,0,0
808,L54410,VarargsAsFixedArity,net.sourceforge.pmd.typeresolution.testdata.VarargsAsFixedArity,L53452,L103,C:\Users\domco\Desktop\DP\repos\pmd\pmd-java\src\test\java\net\sourceforge\pmd\typeresolution\testdata\VarargsAsFixedArity.java,7,1,23,2,0.0,0,0,0,0.0,0.0,0,0,1,0,0,3,0,1,0,0,3,0.0,0.0,0,0,0,4,0.0,0,0,0,0,0,0,14,17,0,0,0,0,3,0,3,0,3,6,0,3,0,14,17,0,0,0,0,3,0,3,0,3,6,0,3,0,0,0,9,4,0,4,0,0,0,0,0,0,9,0,0,0,0,0,0,0,0
809,L54419,VarArgsMethodUseCase,net.sourceforge.pmd.typeresolution.testdata.VarArgsMethodUseCase,L53452,L103,C:\Users\domco\Desktop\DP\repos\pmd\pmd-java\src\test\java\net\sourceforge\pmd\typeresolution\testdata\VarArgsMethodUseCase.java,7,1,14,2,0.0,0,0,0,0.0,0.0,0,0,1,0,0,1,1,1,0,2,3,0.0,0.0,0,0,0,2,0.0,0,0,0,0,0,0,7,8,0,0,0,0,1,0,1,0,1,3,0,1,0,7,8,0,0,0,0,1,0,1,0,1,3,0,1,0,0,0,5,0,0,0,0,0,0,0,0,0,5,0,0,0,0,0,0,0,0
810,L54429,VarargsZeroArity,net.sourceforge.pmd.typeresolution.testdata.VarargsZeroArity,L53452,L103,C:\Users\domco\Desktop\DP\repos\pmd\pmd-java\src\test\java\net\sourceforge\pmd\typeresolution\testdata\VarargsZeroArity.java,7,1,21,2,0.0,0,0,0,0.0,0.0,0,0,1,0,0,3,0,1,0,0,3,0.0,0.0,0,0,0,4,0.0,0,0,0,0,0,0,12,15,0,0,0,0,3,0,3,0,3,4,0,3,0,12,15,0,0,0,0,3,0,3,0,3,4,0,3,0,0,0,9,2,0,2,0,0,0,0,0,0,9,0,0,0,0,0,0,0,0
811,L54643,PMDASMClassLoaderTest$MockedClassLoader,net.sourceforge.pmd.typeresolution.PMDASMClassLoaderTest$MockedClassLoader,L54634,L103,C:\Users\domco\Desktop\DP\repos\pmd\pmd-java\src\test\java\net\sourceforge\pmd\typeresolution\PMDASMClassLoaderTest.java,88,5,96,6,0.0,0,0,0,0.0,0.0,0,0,1,0,0,1,0,1,0,0,1,0.0,0.0,0,0,0,1,0.0,0,0,0,0,0,0,8,9,1,0,1,0,1,0,0,0,1,2,0,0,0,8,9,1,0,1,0,1,0,0,0,1,2,0,0,0,0,0,5,0,2,0,0,1,0,0,0,0,5,0,0,0,0,1,0,0,0
812,L54840,ReportTest$1,net.sourceforge.pmd.ReportTest$1,L54837,L103,C:\Users\domco\Desktop\DP\repos\pmd\pmd-javascript\src\test\java\net\sourceforge\pmd\ReportTest.java,24,50,30,10,0.0,0,0,0,0.0,0.0,0,0,1,0,0,1,5,0,0,2,3,0.0,0.0,0,0,0,2,0.0,0,4,7,0,0,1,7,7,24,20,0,0,1,0,1,0,130,2,2,124,20,7,7,24,20,0,0,1,0,1,0,130,2,2,124,20,0,0,15,0,0,0,0,0,0,0,0,0,5,0,0,1,0,0,0,9,0
813,L55024,AbstractRuleSetFactoryTest$1,net.sourceforge.pmd.AbstractRuleSetFactoryTest$1,L54824,L103,C:\Users\domco\Desktop\DP\repos\pmd\pmd-test\src\main\java\net\sourceforge\pmd\AbstractRuleSetFactoryTest.java,471,45,480,10,1.0,1,2,1,1.0,1.0,10,10,0,1,1,2,3,0,0,0,1,0.0,0.0,0,0,0,2,0.0,0,1,1,0,0,1,10,10,5,5,0,1,1,0,1,0,16,3,0,10,0,10,10,5,5,0,1,1,0,1,0,16,3,0,10,0,0,0,15,0,0,0,10,0,0,0,0,0,5,0,0,0,0,0,0,0,0
814,L55058,DummyLanguageModule,net.sourceforge.pmd.test.lang.DummyLanguageModule,L55047,L103,C:\Users\domco\Desktop\DP\repos\pmd\pmd-test\src\main\java\net\sourceforge\pmd\test\lang\DummyLanguageModule.java,33,1,125,2,0.816254,4,6,4,0.677419,0.728395,63,59,0,0,0,1,3,0,0,2,3,0.5,0.157895,3,3,1,1,0.0357143,3,2,2,0,0,1,16,21,10,8,2,0,1,2,1,0,17,10,3,16,0,81,93,26,35,2,3,11,2,6,0,67,33,3,53,2,0,1,124,0,0,0,75,0,2,0,0,0,40,0,1,0,0,0,0,7,1.0
815,L55163,PMDTestRunner$EmptyRunner,net.sourceforge.pmd.testframework.PMDTestRunner$EmptyRunner,L55143,L103,C:\Users\domco\Desktop\DP\repos\pmd\pmd-test\src\main\java\net\sourceforge\pmd\testframework\PMDTestRunner.java,105,5,129,6,0.0,0,0,0,0.0,0.0,0,0,2,0,0,5,0,1,1,0,5,0.0,0.047619,1,0,0,2,0.047619,1,0,0,0,0,0,20,25,0,2,0,2,5,0,1,0,5,4,0,1,0,20,25,0,2,0,2,5,0,1,0,5,4,0,1,0,0,0,12,0,0,0,0,0,1,0,0,0,11,0,0,0,0,0,0,0,0
816,L653,ApexTokenizer$1,net.sourceforge.pmd.cpd.ApexTokenizer$1,L632,L103,C:\Users\domco\Desktop\DP\repos\pmd\pmd-apex\src\main\java\net\sourceforge\pmd\cpd\ApexTokenizer.java,42,46,46,10,0.0,0,0,0,0.0,0.0,0,0,1,0,0,1,0,0,0,0,1,0.0,0.0,0,0,0,2,0.0,0,0,0,0,0,0,5,5,0,0,0,0,1,0,1,0,1,1,0,1,0,5,5,0,0,0,0,1,0,1,0,1,1,0,1,0,0,0,5,0,1,1,0,0,0,0,0,0,5,0,0,0,0,0,0,0,1.0
817,L1528,CPDConfiguration$1,net.sourceforge.pmd.cpd.CPDConfiguration$1,L1082,L103,C:\Users\domco\Desktop\DP\repos\pmd\pmd-core\src\main\java\net\sourceforge\pmd\cpd\CPDConfiguration.java,312,54,322,10,0.0,0,0,0,0.0,0.0,0,0,1,1,1,2,1,0,0,1,2,0.0,0.0,0,0,0,2,0.0,0,0,0,0,0,0,11,11,0,0,0,0,1,0,1,0,1,5,0,1,0,11,11,0,0,0,0,1,0,1,0,1,5,0,1,0,0,0,5,1,0,1,0,0,0,0,0,0,5,0,0,0,0,0,0,0,0
818,L2074,GUI$7,net.sourceforge.pmd.cpd.GUI$7,L2069,L103,C:\Users\domco\Desktop\DP\repos\pmd\pmd-core\src\main\java\net\sourceforge\pmd\cpd\GUI.java,381,53,387,10,0.0,0,0,0,0.0,0.0,0,0,1,0,0,1,1,0,0,0,1,0.0,0.0,0,0,0,2,0.0,0,0,0,0,0,0,7,7,0,0,0,0,1,0,1,0,1,2,0,1,0,7,7,0,0,0,0,1,0,1,0,1,2,0,1,0,0,0,5,0,0,0,0,0,0,0,0,0,5,0,0,0,0,0,0,0,0
819,L2121,GUI$8,net.sourceforge.pmd.cpd.GUI$8,L2086,L103,C:\Users\domco\Desktop\DP\repos\pmd\pmd-core\src\main\java\net\sourceforge\pmd\cpd\GUI.java,448,60,453,10,0.0,0,0,0,0.0,0.0,0,0,1,0,0,1,1,0,0,2,3,0.0,0.0,0,0,0,2,0.0,0,0,0,0,0,0,6,6,0,0,0,0,1,0,1,0,1,1,0,1,0,6,6,0,0,0,0,1,0,1,0,1,1,0,1,0,0,0,5,0,0,0,0,0,0,0,0,0,5,0,0,0,0,0,0,0,0
820,L2139,GUI$9,net.sourceforge.pmd.cpd.GUI$9,L2127,L103,C:\Users\domco\Desktop\DP\repos\pmd\pmd-core\src\main\java\net\sourceforge\pmd\cpd\GUI.java,577,95,582,10,0.0,0,0,0,0.0,0.0,0,0,1,0,0,1,1,0,0,1,2,0.0,0.0,0,0,0,2,0.0,0,0,0,0,0,0,6,6,0,0,0,0,1,0,1,0,1,1,0,1,0,6,6,0,0,0,0,1,0,1,0,1,1,0,1,0,0,0,5,0,0,0,0,0,0,0,0,0,5,0,0,0,0,0,0,0,0
821,L2143,GUI$10,net.sourceforge.pmd.cpd.GUI$10,L2127,L103,C:\Users\domco\Desktop\DP\repos\pmd\pmd-core\src\main\java\net\sourceforge\pmd\cpd\GUI.java,584,66,589,10,0.0,0,0,0,0.0,0.0,0,0,1,0,0,1,1,0,0,1,2,0.0,0.0,0,0,0,2,0.0,0,0,0,0,0,0,6,6,0,0,0,0,1,0,1,0,1,1,0,1,0,6,6,0,0,0,0,1,0,1,0,1,1,0,1,0,0,0,5,0,0,0,0,0,0,0,0,0,5,0,0,0,0,0,0,0,0
822,L2148,GUI$11,net.sourceforge.pmd.cpd.GUI$11,L2127,L103,C:\Users\domco\Desktop\DP\repos\pmd\pmd-core\src\main\java\net\sourceforge\pmd\cpd\GUI.java,591,66,596,10,0.0,0,0,0,0.0,0.0,0,0,1,0,0,1,1,0,0,1,2,0.0,0.0,0,0,0,2,0.0,0,0,0,0,0,0,6,6,0,0,0,0,1,0,1,0,1,1,0,1,0,6,6,0,0,0,0,1,0,1,0,1,1,0,1,0,0,0,5,0,0,0,0,0,0,0,0,0,5,0,0,0,0,0,0,0,0
823,L2158,GUI$12,net.sourceforge.pmd.cpd.GUI$12,L2127,L103,C:\Users\domco\Desktop\DP\repos\pmd\pmd-core\src\main\java\net\sourceforge\pmd\cpd\GUI.java,606,52,611,10,0.0,0,0,0,0.0,0.0,0,0,1,0,0,1,1,0,0,1,2,0.0,0.0,0,0,0,2,0.0,0,0,0,0,0,0,6,6,0,0,0,0,1,0,1,0,1,1,0,1,0,6,6,0,0,0,0,1,0,1,0,1,1,0,1,0,0,0,5,0,0,0,0,0,0,0,0,0,5,0,0,0,0,0,0,0,0
824,L2205,GUI$13,net.sourceforge.pmd.cpd.GUI$13,L2198,L103,C:\Users\domco\Desktop\DP\repos\pmd\pmd-core\src\main\java\net\sourceforge\pmd\cpd\GUI.java,728,56,738,10,0.0,0,0,0,0.0,0.0,0,0,1,0,0,1,1,0,0,1,2,0.0,0.0,0,0,0,2,0.0,0,0,0,0,0,0,11,11,0,0,0,0,1,0,1,0,1,6,0,1,0,11,11,0,0,0,0,1,0,1,0,1,6,0,1,0,0,0,5,0,0,0,0,0,0,0,0,0,5,0,0,0,0,0,0,0,0
825,L2240,GUI$14,net.sourceforge.pmd.cpd.GUI$14,L2231,L103,C:\Users\domco\Desktop\DP\repos\pmd\pmd-core\src\main\java\net\sourceforge\pmd\cpd\GUI.java,770,59,856,10,0.0,0,0,0,0.0,0.0,0,0,5,1,1,20,4,0,0,4,18,0.0,0.0,0,0,0,15,0.0,0,1,1,0,0,1,72,87,2,5,2,5,14,0,14,1,14,19,0,14,1,72,87,2,5,2,5,14,0,14,1,14,19,0,14,1,0,0,32,0,5,0,0,0,1,0,0,0,31,3,2,0,0,0,0,0,0
826,L2357,LanguageFactory$1,net.sourceforge.pmd.cpd.LanguageFactory$1,L2329,L103,C:\Users\domco\Desktop\DP\repos\pmd\pmd-core\src\main\java\net\sourceforge\pmd\cpd\LanguageFactory.java,51,68,56,10,1.0,1,3,1,1.0,1.0,6,6,1,0,0,1,1,0,0,1,2,0.0,0.0,0,0,0,2,0.0,0,0,0,0,0,0,6,6,0,0,0,0,1,0,1,0,1,1,0,1,0,6,6,0,0,0,0,1,0,1,0,1,1,0,1,0,0,0,15,0,0,0,10,0,0,0,0,0,5,0,0,0,0,0,0,0,0
827,L3065,SourceCodeTest$1,net.sourceforge.pmd.cpd.SourceCodeTest$1,L3060,L103,C:\Users\domco\Desktop\DP\repos\pmd\pmd-core\src\test\java\net\sourceforge\pmd\cpd\SourceCodeTest.java,24,55,30,10,0.0,0,0,0,0.0,0.0,0,0,0,0,0,0,1,0,0,0,0,0.0,0.0,0,0,0,1,0.0,0,2,2,0,0,1,7,7,17,2,0,0,0,0,0,0,8,0,7,1,0,7,7,17,2,0,0,0,0,0,0,8,0,7,1,0,0,1,6,0,0,0,0,0,0,0,0,0,3,0,1,0,0,0,0,3,0
828,L4250,AbstractApexNode<T extends AstNode>,net.sourceforge.pmd.lang.apex.ast.AbstractApexNode,L4135,L103,C:\Users\domco\Desktop\DP\repos\pmd\pmd-apex\src\main\java\net\sourceforge\pmd\lang\apex\ast\AbstractApexNode.java,16,1,145,2,0.483376,2,15,5,0.423077,0.514286,55,54,4,2,2,29,5,116,155,9,21,0.1,0.0789474,9,3,1,9,0.0789474,9,2,3,84,89,2,105,130,14,16,1,6,12,0,9,0,60,56,0,54,3,105,130,14,16,1,6,12,0,9,0,60,56,0,54,3,0,1,65,6,4,1,35,4,1,0,0,5,23,0,1,3,0,0,0,3,1.0
829,L4095,ApexParser,net.sourceforge.pmd.lang.apex.ast.ApexParser,L4135,L103,C:\Users\domco\Desktop\DP\repos\pmd\pmd-apex\src\main\java\net\sourceforge\pmd\lang\apex\ast\ApexParser.java,27,1,101,2,0.0,0,0,0,0.0,0.0,0,0,1,2,2,7,8,4,6,8,12,0.0,0.0,0,0,0,5,0.0,0,0,0,0,0,0,37,48,3,1,3,1,4,0,4,0,4,20,0,4,0,59,75,4,2,4,2,9,0,9,0,9,25,0,9,0,0,0,24,1,3,1,0,3,0,0,0,0,24,0,0,0,0,0,0,0,1.0
830,L4946,ApexParserVisitorAdapter,net.sourceforge.pmd.lang.apex.ast.ApexParserVisitorAdapter,L4135,L103,C:\Users\domco\Desktop\DP\repos\pmd\pmd-apex\src\main\java\net\sourceforge\pmd\lang\apex\ast\ApexParserVisitorAdapter.java,7,1,452,2,0.0,0,0,0,0.0,0.0,0,0,1,0,0,89,90,7,12,1,90,0.0,0.0,0,0,0,90,0.0,0,1,1,5,6,1,358,446,0,0,0,0,89,0,89,0,89,89,0,89,0,358,446,0,0,0,0,89,0,89,0,89,89,0,89,0,0,0,190,0,0,0,0,0,0,0,2,0,181,0,0,0,0,0,0,7,0
831,L5217,ApexParserVisitorReducedAdapter,net.sourceforge.pmd.lang.apex.ast.ApexParserVisitorReducedAdapter,L4135,L103,C:\Users\domco\Desktop\DP\repos\pmd\pmd-apex\src\main\java\net\sourceforge\pmd\lang\apex\ast\ApexParserVisitorReducedAdapter.java,10,1,29,2,0.0,0,0,0,0.0,0.0,0,0,1,0,0,3,5,1,1,1,4,0.25,0.1875,3,3,1,3,0.1875,3,2,2,1,1,1,13,20,0,0,0,0,3,0,3,0,92,3,0,92,0,13,20,0,0,0,0,3,0,3,0,92,3,0,92,0,0,0,12,0,0,0,0,0,0,0,0,0,9,0,0,0,0,0,0,3,0
832,L5245,ApexQualifiedName,net.sourceforge.pmd.lang.apex.ast.ApexQualifiedName,L4135,L103,C:\Users\domco\Desktop\DP\repos\pmd\pmd-apex\src\main\java\net\sourceforge\pmd\lang\apex\ast\ApexQualifiedName.java,23,1,188,2,0.0,0,0,0,0.0,0.0,0,0,2,2,2,27,9,10,14,7,22,0.272727,0.201613,25,24,3,8,0.201613,25,1,1,0,0,1,99,166,3,5,3,5,15,0,10,0,15,50,0,10,0,99,166,3,5,3,5,15,0,10,0,15,50,0,10,0,0,0,30,2,5,2,0,3,1,0,0,1,29,0,0,0,0,1,0,0,0
833,L5316,ApexRootNode<T extends AstNode>,net.sourceforge.pmd.lang.apex.ast.ApexRootNode,L4135,L103,C:\Users\domco\Desktop\DP\repos\pmd\pmd-apex\src\main\java\net\sourceforge\pmd\lang\apex\ast\ApexRootNode.java,12,1,24,2,0.0,0,0,0,0.0,0.0,0,0,1,0,0,2,4,5,5,4,6,0.0,0.0833333,1,1,0,2,0.0833333,1,3,5,5,5,2,11,13,14,16,0,0,2,0,1,0,62,4,0,55,3,11,13,14,16,0,0,2,0,1,0,62,4,0,55,3,0,0,11,0,1,0,0,1,0,0,0,0,7,0,0,1,0,0,0,3,0
834,L4383,ApexTreeBuilder,net.sourceforge.pmd.lang.apex.ast.ApexTreeBuilder,L4135,L103,C:\Users\domco\Desktop\DP\repos\pmd\pmd-apex\src\main\java\net\sourceforge\pmd\lang\apex\ast\ApexTreeBuilder.java,109,1,662,2,0.050505,1,5,1,0.0361011,0.0393873,20,18,1,2,2,90,93,1,1,6,87,0.0,0.0150862,7,2,0,79,0.0150862,7,0,0,0,0,0,457,554,6,0,6,0,81,0,78,0,81,107,0,78,0,457,554,6,0,6,0,81,0,78,0,81,107,0,78,0,0,0,184,6,11,1,9,9,0,0,2,7,165,0,0,0,0,0,0,8,0
835,L4420,ASTAnnotation,net.sourceforge.pmd.lang.apex.ast.ASTAnnotation,L4135,L103,C:\Users\domco\Desktop\DP\repos\pmd\pmd-apex\src\main\java\net\sourceforge\pmd\lang\apex\ast\ASTAnnotation.java,15,1,49,2,0.0,0,0,0,0.0,0.0,0,0,2,4,4,10,5,11,7,6,10,0.0,0.0,0,0,0,5,0.0,0,3,4,0,0,1,28,35,14,16,0,1,4,0,4,0,62,13,0,56,3,28,35,14,16,0,1,4,0,4,0,62,13,0,56,3,0,0,17,0,2,1,0,1,1,2,0,0,11,0,0,0,0,0,0,3,1.0
836,L4426,ASTAnnotationParameter,net.sourceforge.pmd.lang.apex.ast.ASTAnnotationParameter,L4135,L103,C:\Users\domco\Desktop\DP\repos\pmd\pmd-apex\src\main\java\net\sourceforge\pmd\lang\apex\ast\ASTAnnotationParameter.java,9,1,26,2,0.0,0,0,0,0.0,0.0,0,0,1,1,1,4,2,5,1,2,5,0.0,0.0,0,0,0,4,0.0,0,3,4,0,0,1,15,18,14,16,0,1,3,0,3,0,61,5,0,55,3,15,18,14,16,0,1,3,0,3,0,61,5,0,55,3,0,0,12,0,1,1,0,0,0,0,0,0,9,0,0,0,0,0,0,3,1.0
837,L4432,ASTAnonymousClass,net.sourceforge.pmd.lang.apex.ast.ASTAnonymousClass,L4135,L103,C:\Users\domco\Desktop\DP\repos\pmd\pmd-apex\src\main\java\net\sourceforge\pmd\lang\apex\ast\ASTAnonymousClass.java,9,1,23,2,0.0,0,0,0,0.0,0.0,0,0,1,0,0,3,3,4,0,2,5,0.0,0.0,0,0,0,4,0.0,0,4,6,0,0,1,12,15,14,16,0,1,3,0,3,0,63,3,0,56,3,12,15,14,16,0,1,3,0,3,0,63,3,0,56,3,0,0,13,0,1,1,0,0,0,0,0,0,9,0,0,1,0,0,0,3,1.0
838,L4438,ASTArrayLoadExpression,net.sourceforge.pmd.lang.apex.ast.ASTArrayLoadExpression,L4135,L103,C:\Users\domco\Desktop\DP\repos\pmd\pmd-apex\src\main\java\net\sourceforge\pmd\lang\apex\ast\ASTArrayLoadExpression.java,9,1,18,2,0.0,0,0,0,0.0,0.0,0,0,1,0,0,2,2,4,0,2,4,0.0,0.0,0,0,0,3,0.0,0,3,4,0,0,1,8,10,14,16,0,0,2,0,2,0,61,2,0,55,3,8,10,14,16,0,0,2,0,2,0,61,2,0,55,3,0,0,10,0,1,1,0,0,0,0,0,0,7,0,0,0,0,0,0,3,1.0
839,L4444,ASTArrayStoreExpression,net.sourceforge.pmd.lang.apex.ast.ASTArrayStoreExpression,L4135,L103,C:\Users\domco\Desktop\DP\repos\pmd\pmd-apex\src\main\java\net\sourceforge\pmd\lang\apex\ast\ASTArrayStoreExpression.java,9,1,18,2,0.0,0,0,0,0.0,0.0,0,0,1,0,0,2,2,4,0,2,4,0.0,0.0,0,0,0,3,0.0,0,3,4,0,0,1,8,10,14,16,0,0,2,0,2,0,61,2,0,55,3,8,10,14,16,0,0,2,0,2,0,61,2,0,55,3,0,0,10,0,1,1,0,0,0,0,0,0,7,0,0,0,0,0,0,3,1.0
840,L4450,ASTAssignmentExpression,net.sourceforge.pmd.lang.apex.ast.ASTAssignmentExpression,L4135,L103,C:\Users\domco\Desktop\DP\repos\pmd\pmd-apex\src\main\java\net\sourceforge\pmd\lang\apex\ast\ASTAssignmentExpression.java,9,1,18,2,0.0,0,0,0,0.0,0.0,0,0,1,0,0,2,2,9,0,2,4,0.0,0.0,0,0,0,3,0.0,0,3,4,0,0,1,8,10,14,16,0,0,2,0,2,0,61,2,0,55,3,8,10,14,16,0,0,2,0,2,0,61,2,0,55,3,0,0,10,0,1,1,0,0,0,0,0,0,7,0,0,0,0,0,0,3,1.0
841,L4456,ASTBinaryExpression,net.sourceforge.pmd.lang.apex.ast.ASTBinaryExpression,L4135,L103,C:\Users\domco\Desktop\DP\repos\pmd\pmd-apex\src\main\java\net\sourceforge\pmd\lang\apex\ast\ASTBinaryExpression.java,9,1,18,2,0.0,0,0,0,0.0,0.0,0,0,1,0,0,2,2,9,0,2,4,0.0,0.0,0,0,0,3,0.0,0,3,4,0,0,1,8,10,14,16,0,0,2,0,2,0,61,2,0,55,3,8,10,14,16,0,0,2,0,2,0,61,2,0,55,3,0,0,10,0,1,1,0,0,0,0,0,0,7,0,0,0,0,0,0,3,1.0
842,L4462,ASTBindExpressions,net.sourceforge.pmd.lang.apex.ast.ASTBindExpressions,L4135,L103,C:\Users\domco\Desktop\DP\repos\pmd\pmd-apex\src\main\java\net\sourceforge\pmd\lang\apex\ast\ASTBindExpressions.java,9,1,18,2,0.0,0,0,0,0.0,0.0,0,0,1,0,0,2,2,4,0,2,4,0.0,0.0,0,0,0,3,0.0,0,3,4,0,0,1,8,10,14,16,0,0,2,0,2,0,61,2,0,55,3,8,10,14,16,0,0,2,0,2,0,61,2,0,55,3,0,0,10,0,1,1,0,0,0,0,0,0,7,0,0,0,0,0,0,3,1.0
843,L4468,ASTBlockStatement,net.sourceforge.pmd.lang.apex.ast.ASTBlockStatement,L4135,L103,C:\Users\domco\Desktop\DP\repos\pmd\pmd-apex\src\main\java\net\sourceforge\pmd\lang\apex\ast\ASTBlockStatement.java,9,1,36,2,0.0,0,0,0,0.0,0.0,0,0,2,1,1,5,2,9,1,3,7,0.0,0.130435,3,0,0,4,0.130435,3,3,4,0,0,1,20,28,15,16,1,0,4,0,3,0,63,7,0,56,3,20,28,15,16,1,0,4,0,3,0,63,7,0,56,3,0,0,13,0,1,1,0,0,1,0,0,0,9,0,0,0,0,0,0,3,1.0
844,L4474,ASTBooleanExpression,net.sourceforge.pmd.lang.apex.ast.ASTBooleanExpression,L4135,L103,C:\Users\domco\Desktop\DP\repos\pmd\pmd-apex\src\main\java\net\sourceforge\pmd\lang\apex\ast\ASTBooleanExpression.java,9,1,18,2,0.0,0,0,0,0.0,0.0,0,0,1,0,0,2,2,6,0,2,4,0.0,0.0,0,0,0,3,0.0,0,3,4,0,0,1,8,10,14,16,0,0,2,0,2,0,61,2,0,55,3,8,10,14,16,0,0,2,0,2,0,61,2,0,55,3,0,0,10,0,1,1,0,0,0,0,0,0,7,0,0,0,0,0,0,3,1.0
845,L4480,ASTBreakStatement,net.sourceforge.pmd.lang.apex.ast.ASTBreakStatement,L4135,L103,C:\Users\domco\Desktop\DP\repos\pmd\pmd-apex\src\main\java\net\sourceforge\pmd\lang\apex\ast\ASTBreakStatement.java,9,1,18,2,0.0,0,0,0,0.0,0.0,0,0,1,0,0,2,2,5,0,2,4,0.0,0.0,0,0,0,3,0.0,0,3,4,0,0,1,8,10,14,16,0,0,2,0,2,0,61,2,0,55,3,8,10,14,16,0,0,2,0,2,0,61,2,0,55,3,0,0,10,0,1,1,0,0,0,0,0,0,7,0,0,0,0,0,0,3,1.0
846,L4486,ASTBridgeMethodCreator,net.sourceforge.pmd.lang.apex.ast.ASTBridgeMethodCreator,L4135,L103,C:\Users\domco\Desktop\DP\repos\pmd\pmd-apex\src\main\java\net\sourceforge\pmd\lang\apex\ast\ASTBridgeMethodCreator.java,9,1,18,2,0.0,0,0,0,0.0,0.0,0,0,1,0,0,2,2,4,0,2,4,0.0,0.0,0,0,0,3,0.0,0,3,4,0,0,1,8,10,14,16,0,0,2,0,2,0,61,2,0,55,3,8,10,14,16,0,0,2,0,2,0,61,2,0,55,3,0,0,10,0,1,1,0,0,0,0,0,0,7,0,0,0,0,0,0,3,1.0
847,L4492,ASTCastExpression,net.sourceforge.pmd.lang.apex.ast.ASTCastExpression,L4135,L103,C:\Users\domco\Desktop\DP\repos\pmd\pmd-apex\src\main\java\net\sourceforge\pmd\lang\apex\ast\ASTCastExpression.java,9,1,18,2,0.0,0,0,0,0.0,0.0,0,0,1,0,0,2,2,4,0,2,4,0.0,0.0,0,0,0,3,0.0,0,3,4,0,0,1,8,10,14,16,0,0,2,0,2,0,61,2,0,55,3,8,10,14,16,0,0,2,0,2,0,61,2,0,55,3,0,0,10,0,1,1,0,0,0,0,0,0,7,0,0,0,0,0,0,3,1.0
848,L4498,ASTCatchBlockStatement,net.sourceforge.pmd.lang.apex.ast.ASTCatchBlockStatement,L4135,L103,C:\Users\domco\Desktop\DP\repos\pmd\pmd-apex\src\main\java\net\sourceforge\pmd\lang\apex\ast\ASTCatchBlockStatement.java,9,1,18,2,0.0,0,0,0,0.0,0.0,0,0,1,0,0,2,2,5,0,2,4,0.0,0.0,0,0,0,3,0.0,0,3,4,0,0,1,8,10,14,16,0,0,2,0,2,0,61,2,0,55,3,8,10,14,16,0,0,2,0,2,0,61,2,0,55,3,0,0,10,0,1,1,0,0,0,0,0,0,7,0,0,0,0,0,0,3,1.0
849,L4504,ASTClassRefExpression,net.sourceforge.pmd.lang.apex.ast.ASTClassRefExpression,L4135,L103,C:\Users\domco\Desktop\DP\repos\pmd\pmd-apex\src\main\java\net\sourceforge\pmd\lang\apex\ast\ASTClassRefExpression.java,9,1,18,2,0.0,0,0,0,0.0,0.0,0,0,1,0,0,2,2,4,0,2,4,0.0,0.0,0,0,0,3,0.0,0,3,4,0,0,1,8,10,14,16,0,0,2,0,2,0,61,2,0,55,3,8,10,14,16,0,0,2,0,2,0,61,2,0,55,3,0,0,10,0,1,1,0,0,0,0,0,0,7,0,0,0,0,0,0,3,1.0
850,L4510,ASTConstructorPreamble,net.sourceforge.pmd.lang.apex.ast.ASTConstructorPreamble,L4135,L103,C:\Users\domco\Desktop\DP\repos\pmd\pmd-apex\src\main\java\net\sourceforge\pmd\lang\apex\ast\ASTConstructorPreamble.java,9,1,18,2,0.0,0,0,0,0.0,0.0,0,0,1,0,0,2,2,4,0,2,4,0.0,0.0,0,0,0,3,0.0,0,3,4,0,0,1,8,10,14,16,0,0,2,0,2,0,61,2,0,55,3,8,10,14,16,0,0,2,0,2,0,61,2,0,55,3,0,0,10,0,1,1,0,0,0,0,0,0,7,0,0,0,0,0,0,3,1.0
851,L4516,ASTConstructorPreambleStatement,net.sourceforge.pmd.lang.apex.ast.ASTConstructorPreambleStatement,L4135,L103,C:\Users\domco\Desktop\DP\repos\pmd\pmd-apex\src\main\java\net\sourceforge\pmd\lang\apex\ast\ASTConstructorPreambleStatement.java,9,1,18,2,0.0,0,0,0,0.0,0.0,0,0,1,0,0,2,2,4,0,2,4,0.0,0.0,0,0,0,3,0.0,0,3,4,0,0,1,8,10,14,16,0,0,2,0,2,0,61,2,0,55,3,8,10,14,16,0,0,2,0,2,0,61,2,0,55,3,0,0,10,0,1,1,0,0,0,0,0,0,7,0,0,0,0,0,0,3,1.0
852,L4522,ASTContinueStatement,net.sourceforge.pmd.lang.apex.ast.ASTContinueStatement,L4135,L103,C:\Users\domco\Desktop\DP\repos\pmd\pmd-apex\src\main\java\net\sourceforge\pmd\lang\apex\ast\ASTContinueStatement.java,9,1,18,2,0.0,0,0,0,0.0,0.0,0,0,1,0,0,2,2,5,0,2,4,0.0,0.0,0,0,0,3,0.0,0,3,4,0,0,1,8,10,14,16,0,0,2,0,2,0,61,2,0,55,3,8,10,14,16,0,0,2,0,2,0,61,2,0,55,3,0,0,10,0,1,1,0,0,0,0,0,0,7,0,0,0,0,0,0,3,1.0
853,L4528,ASTDmlDeleteStatement,net.sourceforge.pmd.lang.apex.ast.ASTDmlDeleteStatement,L4135,L103,C:\Users\domco\Desktop\DP\repos\pmd\pmd-apex\src\main\java\net\sourceforge\pmd\lang\apex\ast\ASTDmlDeleteStatement.java,9,1,18,2,0.0,0,0,0,0.0,0.0,0,0,1,0,0,2,2,7,0,2,4,0.0,0.0,0,0,0,3,0.0,0,3,4,0,0,1,8,10,14,16,0,0,2,0,2,0,61,2,0,55,3,8,10,14,16,0,0,2,0,2,0,61,2,0,55,3,0,0,10,0,1,1,0,0,0,0,0,0,7,0,0,0,0,0,0,3,1.0
854,L4534,ASTDmlInsertStatement,net.sourceforge.pmd.lang.apex.ast.ASTDmlInsertStatement,L4135,L103,C:\Users\domco\Desktop\DP\repos\pmd\pmd-apex\src\main\java\net\sourceforge\pmd\lang\apex\ast\ASTDmlInsertStatement.java,9,1,18,2,0.0,0,0,0,0.0,0.0,0,0,1,0,0,2,2,7,0,2,4,0.0,0.0,0,0,0,3,0.0,0,3,4,0,0,1,8,10,14,16,0,0,2,0,2,0,61,2,0,55,3,8,10,14,16,0,0,2,0,2,0,61,2,0,55,3,0,0,10,0,1,1,0,0,0,0,0,0,7,0,0,0,0,0,0,3,1.0
855,L4540,ASTDmlMergeStatement,net.sourceforge.pmd.lang.apex.ast.ASTDmlMergeStatement,L4135,L103,C:\Users\domco\Desktop\DP\repos\pmd\pmd-apex\src\main\java\net\sourceforge\pmd\lang\apex\ast\ASTDmlMergeStatement.java,9,1,18,2,0.0,0,0,0,0.0,0.0,0,0,1,0,0,2,2,7,0,2,4,0.0,0.0,0,0,0,3,0.0,0,3,4,0,0,1,8,10,14,16,0,0,2,0,2,0,61,2,0,55,3,8,10,14,16,0,0,2,0,2,0,61,2,0,55,3,0,0,10,0,1,1,0,0,0,0,0,0,7,0,0,0,0,0,0,3,1.0
856,L4546,ASTDmlUndeleteStatement,net.sourceforge.pmd.lang.apex.ast.ASTDmlUndeleteStatement,L4135,L103,C:\Users\domco\Desktop\DP\repos\pmd\pmd-apex\src\main\java\net\sourceforge\pmd\lang\apex\ast\ASTDmlUndeleteStatement.java,9,1,18,2,0.0,0,0,0,0.0,0.0,0,0,1,0,0,2,2,6,0,2,4,0.0,0.0,0,0,0,3,0.0,0,3,4,0,0,1,8,10,14,16,0,0,2,0,2,0,61,2,0,55,3,8,10,14,16,0,0,2,0,2,0,61,2,0,55,3,0,0,10,0,1,1,0,0,0,0,0,0,7,0,0,0,0,0,0,3,1.0
857,L4552,ASTDmlUpdateStatement,net.sourceforge.pmd.lang.apex.ast.ASTDmlUpdateStatement,L4135,L103,C:\Users\domco\Desktop\DP\repos\pmd\pmd-apex\src\main\java\net\sourceforge\pmd\lang\apex\ast\ASTDmlUpdateStatement.java,9,1,18,2,0.0,0,0,0,0.0,0.0,0,0,1,0,0,2,2,7,0,2,4,0.0,0.0,0,0,0,3,0.0,0,3,4,0,0,1,8,10,14,16,0,0,2,0,2,0,61,2,0,55,3,8,10,14,16,0,0,2,0,2,0,61,2,0,55,3,0,0,10,0,1,1,0,0,0,0,0,0,7,0,0,0,0,0,0,3,1.0
858,L4558,ASTDmlUpsertStatement,net.sourceforge.pmd.lang.apex.ast.ASTDmlUpsertStatement,L4135,L103,C:\Users\domco\Desktop\DP\repos\pmd\pmd-apex\src\main\java\net\sourceforge\pmd\lang\apex\ast\ASTDmlUpsertStatement.java,9,1,18,2,0.0,0,0,0,0.0,0.0,0,0,1,0,0,2,2,7,0,2,4,0.0,0.0,0,0,0,3,0.0,0,3,4,0,0,1,8,10,14,16,0,0,2,0,2,0,61,2,0,55,3,8,10,14,16,0,0,2,0,2,0,61,2,0,55,3,0,0,10,0,1,1,0,0,0,0,0,0,7,0,0,0,0,0,0,3,1.0
859,L4564,ASTDoLoopStatement,net.sourceforge.pmd.lang.apex.ast.ASTDoLoopStatement,L4135,L103,C:\Users\domco\Desktop\DP\repos\pmd\pmd-apex\src\main\java\net\sourceforge\pmd\lang\apex\ast\ASTDoLoopStatement.java,9,1,18,2,0.0,0,0,0,0.0,0.0,0,0,1,0,0,2,2,10,0,2,4,0.0,0.0,0,0,0,3,0.0,0,3,4,0,0,1,8,10,14,16,0,0,2,0,2,0,61,2,0,55,3,8,10,14,16,0,0,2,0,2,0,61,2,0,55,3,0,0,10,0,1,1,0,0,0,0,0,0,7,0,0,0,0,0,0,3,1.0
860,L4570,ASTExpression,net.sourceforge.pmd.lang.apex.ast.ASTExpression,L4135,L103,C:\Users\domco\Desktop\DP\repos\pmd\pmd-apex\src\main\java\net\sourceforge\pmd\lang\apex\ast\ASTExpression.java,9,1,18,2,0.0,0,0,0,0.0,0.0,0,0,1,0,0,2,2,4,0,2,4,0.0,0.0,0,0,0,3,0.0,0,3,4,0,0,1,8,10,14,16,0,0,2,0,2,0,61,2,0,55,3,8,10,14,16,0,0,2,0,2,0,61,2,0,55,3,0,0,10,0,1,1,0,0,0,0,0,0,7,0,0,0,0,0,0,3,1.0
861,L4576,ASTExpressionStatement,net.sourceforge.pmd.lang.apex.ast.ASTExpressionStatement,L4135,L103,C:\Users\domco\Desktop\DP\repos\pmd\pmd-apex\src\main\java\net\sourceforge\pmd\lang\apex\ast\ASTExpressionStatement.java,9,1,41,2,0.0,0,0,0,0.0,0.0,0,0,1,2,2,7,4,4,0,7,10,0.0,0.0,0,0,0,4,0.0,0,3,4,0,0,1,26,33,15,17,1,1,3,0,3,0,62,12,0,56,3,26,33,15,17,1,1,3,0,3,0,62,12,0,56,3,0,0,12,0,2,1,0,1,0,0,0,0,9,0,0,0,0,0,0,3,1.0
862,L4582,ASTField,net.sourceforge.pmd.lang.apex.ast.ASTField,L4135,L103,C:\Users\domco\Desktop\DP\repos\pmd\pmd-apex\src\main\java\net\sourceforge\pmd\lang\apex\ast\ASTField.java,11,1,36,2,0.492537,2,8,2,0.384615,0.454545,10,10,2,3,3,7,7,12,1,4,8,0.0,0.0,0,0,0,5,0.0,0,3,5,0,0,2,22,26,14,16,0,1,4,0,4,0,62,8,0,56,3,22,26,14,16,0,1,4,0,4,0,62,8,0,56,3,0,0,27,0,2,2,11,0,1,0,0,0,11,0,0,1,0,0,0,3,1.0
863,L4588,ASTFieldDeclaration,net.sourceforge.pmd.lang.apex.ast.ASTFieldDeclaration,L4135,L103,C:\Users\domco\Desktop\DP\repos\pmd\pmd-apex\src\main\java\net\sourceforge\pmd\lang\apex\ast\ASTFieldDeclaration.java,9,1,18,2,0.0,0,0,0,0.0,0.0,0,0,1,0,0,2,2,11,0,2,4,0.0,0.0,0,0,0,3,0.0,0,3,4,0,0,1,8,10,14,16,0,0,2,0,2,0,61,2,0,55,3,8,10,14,16,0,0,2,0,2,0,61,2,0,55,3,0,0,10,0,1,1,0,0,0,0,0,0,7,0,0,0,0,0,0,3,1.0
864,L4594,ASTFieldDeclarationStatements,net.sourceforge.pmd.lang.apex.ast.ASTFieldDeclarationStatements,L4135,L103,C:\Users\domco\Desktop\DP\repos\pmd\pmd-apex\src\main\java\net\sourceforge\pmd\lang\apex\ast\ASTFieldDeclarationStatements.java,11,1,32,2,0.611111,2,8,2,0.454545,0.526316,10,10,2,3,3,6,7,6,0,4,7,0.0,0.0,0,0,0,4,0.0,0,3,5,0,0,2,19,22,14,16,0,0,3,0,3,0,62,7,0,56,3,19,22,14,16,0,0,3,0,3,0,62,7,0,56,3,0,0,25,0,2,2,11,0,1,0,0,0,9,0,0,1,0,0,0,3,1.0
865,L4600,ASTForEachStatement,net.sourceforge.pmd.lang.apex.ast.ASTForEachStatement,L4135,L103,C:\Users\domco\Desktop\DP\repos\pmd\pmd-apex\src\main\java\net\sourceforge\pmd\lang\apex\ast\ASTForEachStatement.java,9,1,18,2,0.0,0,0,0,0.0,0.0,0,0,1,0,0,2,2,10,0,2,4,0.0,0.0,0,0,0,3,0.0,0,3,4,0,0,1,8,10,14,16,0,0,2,0,2,0,61,2,0,55,3,8,10,14,16,0,0,2,0,2,0,61,2,0,55,3,0,0,10,0,1,1,0,0,0,0,0,0,7,0,0,0,0,0,0,3,1.0
866,L4606,ASTForLoopStatement,net.sourceforge.pmd.lang.apex.ast.ASTForLoopStatement,L4135,L103,C:\Users\domco\Desktop\DP\repos\pmd\pmd-apex\src\main\java\net\sourceforge\pmd\lang\apex\ast\ASTForLoopStatement.java,9,1,18,2,0.0,0,0,0,0.0,0.0,0,0,1,0,0,2,2,10,0,2,4,0.0,0.0,0,0,0,3,0.0,0,3,4,0,0,1,8,10,14,16,0,0,2,0,2,0,61,2,0,55,3,8,10,14,16,0,0,2,0,2,0,61,2,0,55,3,0,0,10,0,1,1,0,0,0,0,0,0,7,0,0,0,0,0,0,3,1.0
867,L4612,ASTIfBlockStatement,net.sourceforge.pmd.lang.apex.ast.ASTIfBlockStatement,L4135,L103,C:\Users\domco\Desktop\DP\repos\pmd\pmd-apex\src\main\java\net\sourceforge\pmd\lang\apex\ast\ASTIfBlockStatement.java,9,1,18,2,0.0,0,0,0,0.0,0.0,0,0,1,0,0,2,2,8,0,2,4,0.0,0.0,0,0,0,3,0.0,0,3,4,0,0,1,8,10,14,16,0,0,2,0,2,0,61,2,0,55,3,8,10,14,16,0,0,2,0,2,0,61,2,0,55,3,0,0,10,0,1,1,0,0,0,0,0,0,7,0,0,0,0,0,0,3,1.0
868,L4618,ASTIfElseBlockStatement,net.sourceforge.pmd.lang.apex.ast.ASTIfElseBlockStatement,L4135,L103,C:\Users\domco\Desktop\DP\repos\pmd\pmd-apex\src\main\java\net\sourceforge\pmd\lang\apex\ast\ASTIfElseBlockStatement.java,9,1,18,2,0.0,0,0,0,0.0,0.0,0,0,1,0,0,2,2,6,0,2,4,0.0,0.0,0,0,0,3,0.0,0,3,4,0,0,1,8,10,14,16,0,0,2,0,2,0,61,2,0,55,3,8,10,14,16,0,0,2,0,2,0,61,2,0,55,3,0,0,10,0,1,1,0,0,0,0,0,0,7,0,0,0,0,0,0,3,1.0
869,L4624,ASTIllegalStoreExpression,net.sourceforge.pmd.lang.apex.ast.ASTIllegalStoreExpression,L4135,L103,C:\Users\domco\Desktop\DP\repos\pmd\pmd-apex\src\main\java\net\sourceforge\pmd\lang\apex\ast\ASTIllegalStoreExpression.java,9,1,18,2,0.0,0,0,0,0.0,0.0,0,0,1,0,0,2,2,4,0,2,4,0.0,0.0,0,0,0,3,0.0,0,3,4,0,0,1,8,10,14,16,0,0,2,0,2,0,61,2,0,55,3,8,10,14,16,0,0,2,0,2,0,61,2,0,55,3,0,0,10,0,1,1,0,0,0,0,0,0,7,0,0,0,0,0,0,3,1.0
870,L4630,ASTInstanceOfExpression,net.sourceforge.pmd.lang.apex.ast.ASTInstanceOfExpression,L4135,L103,C:\Users\domco\Desktop\DP\repos\pmd\pmd-apex\src\main\java\net\sourceforge\pmd\lang\apex\ast\ASTInstanceOfExpression.java,9,1,18,2,0.0,0,0,0,0.0,0.0,0,0,1,0,0,2,2,4,0,2,4,0.0,0.0,0,0,0,3,0.0,0,3,4,0,0,1,8,10,14,16,0,0,2,0,2,0,61,2,0,55,3,8,10,14,16,0,0,2,0,2,0,61,2,0,55,3,0,0,10,0,1,1,0,0,0,0,0,0,7,0,0,0,0,0,0,3,1.0
871,L4636,ASTJavaMethodCallExpression,net.sourceforge.pmd.lang.apex.ast.ASTJavaMethodCallExpression,L4135,L103,C:\Users\domco\Desktop\DP\repos\pmd\pmd-apex\src\main\java\net\sourceforge\pmd\lang\apex\ast\ASTJavaMethodCallExpression.java,9,1,18,2,0.0,0,0,0,0.0,0.0,0,0,1,0,0,2,2,4,0,2,4,0.0,0.0,0,0,0,3,0.0,0,3,4,0,0,1,8,10,14,16,0,0,2,0,2,0,61,2,0,55,3,8,10,14,16,0,0,2,0,2,0,61,2,0,55,3,0,0,10,0,1,1,0,0,0,0,0,0,7,0,0,0,0,0,0,3,1.0
872,L4642,ASTJavaVariableExpression,net.sourceforge.pmd.lang.apex.ast.ASTJavaVariableExpression,L4135,L103,C:\Users\domco\Desktop\DP\repos\pmd\pmd-apex\src\main\java\net\sourceforge\pmd\lang\apex\ast\ASTJavaVariableExpression.java,9,1,18,2,0.0,0,0,0,0.0,0.0,0,0,1,0,0,2,2,4,0,2,4,0.0,0.0,0,0,0,3,0.0,0,3,4,0,0,1,8,10,14,16,0,0,2,0,2,0,61,2,0,55,3,8,10,14,16,0,0,2,0,2,0,61,2,0,55,3,0,0,10,0,1,1,0,0,0,0,0,0,7,0,0,0,0,0,0,3,1.0
873,L4648,ASTLiteralExpression,net.sourceforge.pmd.lang.apex.ast.ASTLiteralExpression,L4135,L103,C:\Users\domco\Desktop\DP\repos\pmd\pmd-apex\src\main\java\net\sourceforge\pmd\lang\apex\ast\ASTLiteralExpression.java,9,1,18,2,0.0,0,0,0,0.0,0.0,0,0,1,0,0,2,2,10,0,2,4,0.0,0.0,0,0,0,3,0.0,0,3,4,0,0,1,8,10,14,16,0,0,2,0,2,0,61,2,0,55,3,8,10,14,16,0,0,2,0,2,0,61,2,0,55,3,0,0,10,0,1,1,0,0,0,0,0,0,7,0,0,0,0,0,0,3,1.0
874,L4654,ASTMapEntryNode,net.sourceforge.pmd.lang.apex.ast.ASTMapEntryNode,L4135,L103,C:\Users\domco\Desktop\DP\repos\pmd\pmd-apex\src\main\java\net\sourceforge\pmd\lang\apex\ast\ASTMapEntryNode.java,9,1,18,2,0.0,0,0,0,0.0,0.0,0,0,1,0,0,2,2,4,0,2,4,0.0,0.0,0,0,0,3,0.0,0,3,4,0,0,1,8,10,14,16,0,0,2,0,2,0,61,2,0,55,3,8,10,14,16,0,0,2,0,2,0,61,2,0,55,3,0,0,10,0,1,1,0,0,0,0,0,0,7,0,0,0,0,0,0,3,1.0
875,L4660,ASTMethod,net.sourceforge.pmd.lang.apex.ast.ASTMethod,L4135,L103,C:\Users\domco\Desktop\DP\repos\pmd\pmd-apex\src\main\java\net\sourceforge\pmd\lang\apex\ast\ASTMethod.java,13,1,71,2,0.234899,2,8,2,0.186441,0.229167,11,11,2,3,3,13,12,41,18,9,17,0.0,0.0,0,0,0,9,0.0,0,3,8,0,0,4,48,59,14,18,0,5,8,0,8,0,64,18,0,58,3,48,59,14,18,0,5,8,0,8,0,64,18,0,58,3,0,0,37,0,1,1,11,0,1,0,1,0,19,0,0,2,0,0,0,3,1.0
876,L4666,ASTMethodBlockStatement,net.sourceforge.pmd.lang.apex.ast.ASTMethodBlockStatement,L4135,L103,C:\Users\domco\Desktop\DP\repos\pmd\pmd-apex\src\main\java\net\sourceforge\pmd\lang\apex\ast\ASTMethodBlockStatement.java,9,1,18,2,0.0,0,0,0,0.0,0.0,0,0,1,0,0,2,2,4,0,2,4,0.0,0.0,0,0,0,3,0.0,0,3,4,0,0,1,8,10,14,16,0,0,2,0,2,0,61,2,0,55,3,8,10,14,16,0,0,2,0,2,0,61,2,0,55,3,0,0,10,0,1,1,0,0,0,0,0,0,7,0,0,0,0,0,0,3,1.0
877,L4672,ASTMethodCallExpression,net.sourceforge.pmd.lang.apex.ast.ASTMethodCallExpression,L4135,L103,C:\Users\domco\Desktop\DP\repos\pmd\pmd-apex\src\main\java\net\sourceforge\pmd\lang\apex\ast\ASTMethodCallExpression.java,12,1,34,2,0.0,0,0,0,0.0,0.0,0,0,1,1,1,5,2,17,2,3,7,0.0,0.0,0,0,0,5,0.0,0,3,4,0,0,1,19,23,14,18,0,2,4,0,4,0,63,9,0,57,3,19,23,14,18,0,2,4,0,4,0,63,9,0,57,3,0,0,14,0,1,1,0,0,0,0,0,0,11,0,0,0,0,0,0,3,1.0
878,L4678,ASTModifier,net.sourceforge.pmd.lang.apex.ast.ASTModifier,L4135,L103,C:\Users\domco\Desktop\DP\repos\pmd\pmd-apex\src\main\java\net\sourceforge\pmd\lang\apex\ast\ASTModifier.java,9,1,18,2,0.0,0,0,0,0.0,0.0,0,0,1,0,0,2,2,4,0,2,4,0.0,0.0,0,0,0,3,0.0,0,3,4,0,0,1,8,10,14,16,0,0,2,0,2,0,61,2,0,55,3,8,10,14,16,0,0,2,0,2,0,61,2,0,55,3,0,0,10,0,1,1,0,0,0,0,0,0,7,0,0,0,0,0,0,3,1.0
879,L4684,ASTModifierNode,net.sourceforge.pmd.lang.apex.ast.ASTModifierNode,L4135,L103,C:\Users\domco\Desktop\DP\repos\pmd\pmd-apex\src\main\java\net\sourceforge\pmd\lang\apex\ast\ASTModifierNode.java,9,1,58,2,0.0,0,0,0,0.0,0.0,0,0,2,0,0,10,3,18,2,2,12,0.0,0.0,0,0,0,11,0.0,0,3,5,0,0,2,40,50,21,17,0,1,10,0,10,0,69,10,7,63,3,40,50,21,17,0,1,10,0,10,0,69,10,7,63,3,0,0,31,0,1,1,0,0,1,0,0,0,23,0,0,1,0,0,0,6,1.0
880,L4690,ASTModifierOrAnnotation,net.sourceforge.pmd.lang.apex.ast.ASTModifierOrAnnotation,L4135,L103,C:\Users\domco\Desktop\DP\repos\pmd\pmd-apex\src\main\java\net\sourceforge\pmd\lang\apex\ast\ASTModifierOrAnnotation.java,9,1,18,2,0.0,0,0,0,0.0,0.0,0,0,1,0,0,2,2,4,0,2,4,0.0,0.0,0,0,0,3,0.0,0,3,4,0,0,1,8,10,14,16,0,0,2,0,2,0,61,2,0,55,3,8,10,14,16,0,0,2,0,2,0,61,2,0,55,3,0,0,10,0,1,1,0,0,0,0,0,0,7,0,0,0,0,0,0,3,1.0
881,L4696,ASTMultiStatement,net.sourceforge.pmd.lang.apex.ast.ASTMultiStatement,L4135,L103,C:\Users\domco\Desktop\DP\repos\pmd\pmd-apex\src\main\java\net\sourceforge\pmd\lang\apex\ast\ASTMultiStatement.java,9,1,18,2,0.0,0,0,0,0.0,0.0,0,0,1,0,0,2,2,4,0,2,4,0.0,0.0,0,0,0,3,0.0,0,3,4,0,0,1,8,10,14,16,0,0,2,0,2,0,61,2,0,55,3,8,10,14,16,0,0,2,0,2,0,61,2,0,55,3,0,0,10,0,1,1,0,0,0,0,0,0,7,0,0,0,0,0,0,3,1.0
882,L4702,ASTNestedExpression,net.sourceforge.pmd.lang.apex.ast.ASTNestedExpression,L4135,L103,C:\Users\domco\Desktop\DP\repos\pmd\pmd-apex\src\main\java\net\sourceforge\pmd\lang\apex\ast\ASTNestedExpression.java,9,1,18,2,0.0,0,0,0,0.0,0.0,0,0,1,0,0,2,2,4,0,2,4,0.0,0.0,0,0,0,3,0.0,0,3,4,0,0,1,8,10,14,16,0,0,2,0,2,0,61,2,0,55,3,8,10,14,16,0,0,2,0,2,0,61,2,0,55,3,0,0,10,0,1,1,0,0,0,0,0,0,7,0,0,0,0,0,0,3,1.0
883,L4708,ASTNestedStoreExpression,net.sourceforge.pmd.lang.apex.ast.ASTNestedStoreExpression,L4135,L103,C:\Users\domco\Desktop\DP\repos\pmd\pmd-apex\src\main\java\net\sourceforge\pmd\lang\apex\ast\ASTNestedStoreExpression.java,9,1,18,2,0.0,0,0,0,0.0,0.0,0,0,1,0,0,2,2,4,0,2,4,0.0,0.0,0,0,0,3,0.0,0,3,4,0,0,1,8,10,14,16,0,0,2,0,2,0,61,2,0,55,3,8,10,14,16,0,0,2,0,2,0,61,2,0,55,3,0,0,10,0,1,1,0,0,0,0,0,0,7,0,0,0,0,0,0,3,1.0
884,L4714,ASTNewKeyValueObjectExpression,net.sourceforge.pmd.lang.apex.ast.ASTNewKeyValueObjectExpression,L4135,L103,C:\Users\domco\Desktop\DP\repos\pmd\pmd-apex\src\main\java\net\sourceforge\pmd\lang\apex\ast\ASTNewKeyValueObjectExpression.java,9,1,18,2,0.0,0,0,0,0.0,0.0,0,0,1,0,0,2,2,6,0,2,4,0.0,0.0,0,0,0,3,0.0,0,3,4,0,0,1,8,10,14,16,0,0,2,0,2,0,61,2,0,55,3,8,10,14,16,0,0,2,0,2,0,61,2,0,55,3,0,0,10,0,1,1,0,0,0,0,0,0,7,0,0,0,0,0,0,3,1.0
885,L4720,ASTNewListInitExpression,net.sourceforge.pmd.lang.apex.ast.ASTNewListInitExpression,L4135,L103,C:\Users\domco\Desktop\DP\repos\pmd\pmd-apex\src\main\java\net\sourceforge\pmd\lang\apex\ast\ASTNewListInitExpression.java,9,1,18,2,0.0,0,0,0,0.0,0.0,0,0,1,0,0,2,2,4,0,2,4,0.0,0.0,0,0,0,3,0.0,0,3,4,0,0,1,8,10,14,16,0,0,2,0,2,0,61,2,0,55,3,8,10,14,16,0,0,2,0,2,0,61,2,0,55,3,0,0,10,0,1,1,0,0,0,0,0,0,7,0,0,0,0,0,0,3,1.0
886,L4726,ASTNewListLiteralExpression,net.sourceforge.pmd.lang.apex.ast.ASTNewListLiteralExpression,L4135,L103,C:\Users\domco\Desktop\DP\repos\pmd\pmd-apex\src\main\java\net\sourceforge\pmd\lang\apex\ast\ASTNewListLiteralExpression.java,9,1,18,2,0.0,0,0,0,0.0,0.0,0,0,1,0,0,2,2,4,0,2,4,0.0,0.0,0,0,0,3,0.0,0,3,4,0,0,1,8,10,14,16,0,0,2,0,2,0,61,2,0,55,3,8,10,14,16,0,0,2,0,2,0,61,2,0,55,3,0,0,10,0,1,1,0,0,0,0,0,0,7,0,0,0,0,0,0,3,1.0
887,L4732,ASTNewMapInitExpression,net.sourceforge.pmd.lang.apex.ast.ASTNewMapInitExpression,L4135,L103,C:\Users\domco\Desktop\DP\repos\pmd\pmd-apex\src\main\java\net\sourceforge\pmd\lang\apex\ast\ASTNewMapInitExpression.java,9,1,18,2,0.0,0,0,0,0.0,0.0,0,0,1,0,0,2,2,4,0,2,4,0.0,0.0,0,0,0,3,0.0,0,3,4,0,0,1,8,10,14,16,0,0,2,0,2,0,61,2,0,55,3,8,10,14,16,0,0,2,0,2,0,61,2,0,55,3,0,0,10,0,1,1,0,0,0,0,0,0,7,0,0,0,0,0,0,3,1.0
888,L4738,ASTNewMapLiteralExpression,net.sourceforge.pmd.lang.apex.ast.ASTNewMapLiteralExpression,L4135,L103,C:\Users\domco\Desktop\DP\repos\pmd\pmd-apex\src\main\java\net\sourceforge\pmd\lang\apex\ast\ASTNewMapLiteralExpression.java,9,1,18,2,0.0,0,0,0,0.0,0.0,0,0,1,0,0,2,2,4,0,2,4,0.0,0.0,0,0,0,3,0.0,0,3,4,0,0,1,8,10,14,16,0,0,2,0,2,0,61,2,0,55,3,8,10,14,16,0,0,2,0,2,0,61,2,0,55,3,0,0,10,0,1,1,0,0,0,0,0,0,7,0,0,0,0,0,0,3,1.0
889,L4744,ASTNewObjectExpression,net.sourceforge.pmd.lang.apex.ast.ASTNewObjectExpression,L4135,L103,C:\Users\domco\Desktop\DP\repos\pmd\pmd-apex\src\main\java\net\sourceforge\pmd\lang\apex\ast\ASTNewObjectExpression.java,9,1,18,2,0.0,0,0,0,0.0,0.0,0,0,1,0,0,2,2,5,0,2,4,0.0,0.0,0,0,0,3,0.0,0,3,4,0,0,1,8,10,14,16,0,0,2,0,2,0,61,2,0,55,3,8,10,14,16,0,0,2,0,2,0,61,2,0,55,3,0,0,10,0,1,1,0,0,0,0,0,0,7,0,0,0,0,0,0,3,1.0
890,L4750,ASTNewSetInitExpression,net.sourceforge.pmd.lang.apex.ast.ASTNewSetInitExpression,L4135,L103,C:\Users\domco\Desktop\DP\repos\pmd\pmd-apex\src\main\java\net\sourceforge\pmd\lang\apex\ast\ASTNewSetInitExpression.java,9,1,18,2,0.0,0,0,0,0.0,0.0,0,0,1,0,0,2,2,4,0,2,4,0.0,0.0,0,0,0,3,0.0,0,3,4,0,0,1,8,10,14,16,0,0,2,0,2,0,61,2,0,55,3,8,10,14,16,0,0,2,0,2,0,61,2,0,55,3,0,0,10,0,1,1,0,0,0,0,0,0,7,0,0,0,0,0,0,3,1.0
891,L4756,ASTNewSetLiteralExpression,net.sourceforge.pmd.lang.apex.ast.ASTNewSetLiteralExpression,L4135,L103,C:\Users\domco\Desktop\DP\repos\pmd\pmd-apex\src\main\java\net\sourceforge\pmd\lang\apex\ast\ASTNewSetLiteralExpression.java,9,1,18,2,0.0,0,0,0,0.0,0.0,0,0,1,0,0,2,2,4,0,2,4,0.0,0.0,0,0,0,3,0.0,0,3,4,0,0,1,8,10,14,16,0,0,2,0,2,0,61,2,0,55,3,8,10,14,16,0,0,2,0,2,0,61,2,0,55,3,0,0,10,0,1,1,0,0,0,0,0,0,7,0,0,0,0,0,0,3,1.0
892,L4762,ASTPackageVersionExpression,net.sourceforge.pmd.lang.apex.ast.ASTPackageVersionExpression,L4135,L103,C:\Users\domco\Desktop\DP\repos\pmd\pmd-apex\src\main\java\net\sourceforge\pmd\lang\apex\ast\ASTPackageVersionExpression.java,9,1,18,2,0.0,0,0,0,0.0,0.0,0,0,1,0,0,2,2,4,0,2,4,0.0,0.0,0,0,0,3,0.0,0,3,4,0,0,1,8,10,14,16,0,0,2,0,2,0,61,2,0,55,3,8,10,14,16,0,0,2,0,2,0,61,2,0,55,3,0,0,10,0,1,1,0,0,0,0,0,0,7,0,0,0,0,0,0,3,1.0
893,L4768,ASTParameter,net.sourceforge.pmd.lang.apex.ast.ASTParameter,L4135,L103,C:\Users\domco\Desktop\DP\repos\pmd\pmd-apex\src\main\java\net\sourceforge\pmd\lang\apex\ast\ASTParameter.java,11,1,36,2,0.492537,2,8,2,0.384615,0.454545,10,10,2,3,3,7,7,8,1,4,8,0.0,0.0,0,0,0,5,0.0,0,3,5,0,0,2,22,26,14,16,0,1,4,0,4,0,62,8,0,56,3,22,26,14,16,0,1,4,0,4,0,62,8,0,56,3,0,0,27,0,2,2,11,0,1,0,0,0,11,0,0,1,0,0,0,3,1.0
894,L4774,ASTPostfixExpression,net.sourceforge.pmd.lang.apex.ast.ASTPostfixExpression,L4135,L103,C:\Users\domco\Desktop\DP\repos\pmd\pmd-apex\src\main\java\net\sourceforge\pmd\lang\apex\ast\ASTPostfixExpression.java,9,1,18,2,0.0,0,0,0,0.0,0.0,0,0,1,0,0,2,2,4,0,2,4,0.0,0.0,0,0,0,3,0.0,0,3,4,0,0,1,8,10,14,16,0,0,2,0,2,0,61,2,0,55,3,8,10,14,16,0,0,2,0,2,0,61,2,0,55,3,0,0,10,0,1,1,0,0,0,0,0,0,7,0,0,0,0,0,0,3,1.0
895,L4780,ASTPrefixExpression,net.sourceforge.pmd.lang.apex.ast.ASTPrefixExpression,L4135,L103,C:\Users\domco\Desktop\DP\repos\pmd\pmd-apex\src\main\java\net\sourceforge\pmd\lang\apex\ast\ASTPrefixExpression.java,9,1,18,2,0.0,0,0,0,0.0,0.0,0,0,1,0,0,2,2,4,0,2,4,0.0,0.0,0,0,0,3,0.0,0,3,4,0,0,1,8,10,14,16,0,0,2,0,2,0,61,2,0,55,3,8,10,14,16,0,0,2,0,2,0,61,2,0,55,3,0,0,10,0,1,1,0,0,0,0,0,0,7,0,0,0,0,0,0,3,1.0
896,L4786,ASTProperty,net.sourceforge.pmd.lang.apex.ast.ASTProperty,L4135,L103,C:\Users\domco\Desktop\DP\repos\pmd\pmd-apex\src\main\java\net\sourceforge\pmd\lang\apex\ast\ASTProperty.java,9,1,18,2,0.0,0,0,0,0.0,0.0,0,0,1,0,0,2,2,6,0,2,4,0.0,0.0,0,0,0,3,0.0,0,3,4,0,0,1,8,10,14,16,0,0,2,0,2,0,61,2,0,55,3,8,10,14,16,0,0,2,0,2,0,61,2,0,55,3,0,0,10,0,1,1,0,0,0,0,0,0,7,0,0,0,0,0,0,3,1.0
897,L4792,ASTReferenceExpression,net.sourceforge.pmd.lang.apex.ast.ASTReferenceExpression,L4135,L103,C:\Users\domco\Desktop\DP\repos\pmd\pmd-apex\src\main\java\net\sourceforge\pmd\lang\apex\ast\ASTReferenceExpression.java,9,1,18,2,0.0,0,0,0,0.0,0.0,0,0,1,0,0,2,2,6,0,2,4,0.0,0.0,0,0,0,3,0.0,0,3,4,0,0,1,8,10,14,16,0,0,2,0,2,0,61,2,0,55,3,8,10,14,16,0,0,2,0,2,0,61,2,0,55,3,0,0,10,0,1,1,0,0,0,0,0,0,7,0,0,0,0,0,0,3,1.0
898,L4798,ASTReturnStatement,net.sourceforge.pmd.lang.apex.ast.ASTReturnStatement,L4135,L103,C:\Users\domco\Desktop\DP\repos\pmd\pmd-apex\src\main\java\net\sourceforge\pmd\lang\apex\ast\ASTReturnStatement.java,9,1,18,2,0.0,0,0,0,0.0,0.0,0,0,1,0,0,2,2,9,0,2,4,0.0,0.0,0,0,0,3,0.0,0,3,4,0,0,1,8,10,14,16,0,0,2,0,2,0,61,2,0,55,3,8,10,14,16,0,0,2,0,2,0,61,2,0,55,3,0,0,10,0,1,1,0,0,0,0,0,0,7,0,0,0,0,0,0,3,1.0
899,L4804,ASTRunAsBlockStatement,net.sourceforge.pmd.lang.apex.ast.ASTRunAsBlockStatement,L4135,L103,C:\Users\domco\Desktop\DP\repos\pmd\pmd-apex\src\main\java\net\sourceforge\pmd\lang\apex\ast\ASTRunAsBlockStatement.java,9,1,18,2,0.0,0,0,0,0.0,0.0,0,0,1,0,0,2,2,4,0,2,4,0.0,0.0,0,0,0,3,0.0,0,3,4,0,0,1,8,10,14,16,0,0,2,0,2,0,61,2,0,55,3,8,10,14,16,0,0,2,0,2,0,61,2,0,55,3,0,0,10,0,1,1,0,0,0,0,0,0,7,0,0,0,0,0,0,3,1.0
900,L4810,ASTSoqlExpression,net.sourceforge.pmd.lang.apex.ast.ASTSoqlExpression,L4135,L103,C:\Users\domco\Desktop\DP\repos\pmd\pmd-apex\src\main\java\net\sourceforge\pmd\lang\apex\ast\ASTSoqlExpression.java,9,1,18,2,0.0,0,0,0,0.0,0.0,0,0,1,0,0,2,2,7,0,2,4,0.0,0.0,0,0,0,3,0.0,0,3,4,0,0,1,8,10,14,16,0,0,2,0,2,0,61,2,0,55,3,8,10,14,16,0,0,2,0,2,0,61,2,0,55,3,0,0,10,0,1,1,0,0,0,0,0,0,7,0,0,0,0,0,0,3,1.0
901,L4816,ASTSoslExpression,net.sourceforge.pmd.lang.apex.ast.ASTSoslExpression,L4135,L103,C:\Users\domco\Desktop\DP\repos\pmd\pmd-apex\src\main\java\net\sourceforge\pmd\lang\apex\ast\ASTSoslExpression.java,9,1,18,2,0.0,0,0,0,0.0,0.0,0,0,1,0,0,2,2,6,0,2,4,0.0,0.0,0,0,0,3,0.0,0,3,4,0,0,1,8,10,14,16,0,0,2,0,2,0,61,2,0,55,3,8,10,14,16,0,0,2,0,2,0,61,2,0,55,3,0,0,10,0,1,1,0,0,0,0,0,0,7,0,0,0,0,0,0,3,1.0
902,L4822,ASTStandardCondition,net.sourceforge.pmd.lang.apex.ast.ASTStandardCondition,L4135,L103,C:\Users\domco\Desktop\DP\repos\pmd\pmd-apex\src\main\java\net\sourceforge\pmd\lang\apex\ast\ASTStandardCondition.java,9,1,18,2,0.0,0,0,0,0.0,0.0,0,0,1,0,0,2,2,7,0,2,4,0.0,0.0,0,0,0,3,0.0,0,3,4,0,0,1,8,10,14,16,0,0,2,0,2,0,61,2,0,55,3,8,10,14,16,0,0,2,0,2,0,61,2,0,55,3,0,0,10,0,1,1,0,0,0,0,0,0,7,0,0,0,0,0,0,3,1.0
903,L4828,ASTStatement,net.sourceforge.pmd.lang.apex.ast.ASTStatement,L4135,L103,C:\Users\domco\Desktop\DP\repos\pmd\pmd-apex\src\main\java\net\sourceforge\pmd\lang\apex\ast\ASTStatement.java,9,1,18,2,0.0,0,0,0,0.0,0.0,0,0,1,0,0,2,2,6,0,2,4,0.0,0.0,0,0,0,3,0.0,0,3,4,0,0,1,8,10,14,16,0,0,2,0,2,0,61,2,0,55,3,8,10,14,16,0,0,2,0,2,0,61,2,0,55,3,0,0,10,0,1,1,0,0,0,0,0,0,7,0,0,0,0,0,0,3,1.0
904,L4834,ASTStatementExecuted,net.sourceforge.pmd.lang.apex.ast.ASTStatementExecuted,L4135,L103,C:\Users\domco\Desktop\DP\repos\pmd\pmd-apex\src\main\java\net\sourceforge\pmd\lang\apex\ast\ASTStatementExecuted.java,9,1,18,2,0.0,0,0,0,0.0,0.0,0,0,1,0,0,2,2,4,0,2,4,0.0,0.0,0,0,0,3,0.0,0,3,4,0,0,1,8,10,14,16,0,0,2,0,2,0,61,2,0,55,3,8,10,14,16,0,0,2,0,2,0,61,2,0,55,3,0,0,10,0,1,1,0,0,0,0,0,0,7,0,0,0,0,0,0,3,1.0
905,L4840,ASTSuperMethodCallExpression,net.sourceforge.pmd.lang.apex.ast.ASTSuperMethodCallExpression,L4135,L103,C:\Users\domco\Desktop\DP\repos\pmd\pmd-apex\src\main\java\net\sourceforge\pmd\lang\apex\ast\ASTSuperMethodCallExpression.java,9,1,18,2,0.0,0,0,0,0.0,0.0,0,0,1,0,0,2,2,4,0,2,4,0.0,0.0,0,0,0,3,0.0,0,3,4,0,0,1,8,10,14,16,0,0,2,0,2,0,61,2,0,55,3,8,10,14,16,0,0,2,0,2,0,61,2,0,55,3,0,0,10,0,1,1,0,0,0,0,0,0,7,0,0,0,0,0,0,3,1.0
906,L4846,ASTSuperVariableExpression,net.sourceforge.pmd.lang.apex.ast.ASTSuperVariableExpression,L4135,L103,C:\Users\domco\Desktop\DP\repos\pmd\pmd-apex\src\main\java\net\sourceforge\pmd\lang\apex\ast\ASTSuperVariableExpression.java,9,1,18,2,0.0,0,0,0,0.0,0.0,0,0,1,0,0,2,2,4,0,2,4,0.0,0.0,0,0,0,3,0.0,0,3,4,0,0,1,8,10,14,16,0,0,2,0,2,0,61,2,0,55,3,8,10,14,16,0,0,2,0,2,0,61,2,0,55,3,0,0,10,0,1,1,0,0,0,0,0,0,7,0,0,0,0,0,0,3,1.0
907,L4852,ASTTernaryExpression,net.sourceforge.pmd.lang.apex.ast.ASTTernaryExpression,L4135,L103,C:\Users\domco\Desktop\DP\repos\pmd\pmd-apex\src\main\java\net\sourceforge\pmd\lang\apex\ast\ASTTernaryExpression.java,9,1,18,2,0.0,0,0,0,0.0,0.0,0,0,1,0,0,2,2,6,0,2,4,0.0,0.0,0,0,0,3,0.0,0,3,4,0,0,1,8,10,14,16,0,0,2,0,2,0,61,2,0,55,3,8,10,14,16,0,0,2,0,2,0,61,2,0,55,3,0,0,10,0,1,1,0,0,0,0,0,0,7,0,0,0,0,0,0,3,1.0
908,L4858,ASTThisMethodCallExpression,net.sourceforge.pmd.lang.apex.ast.ASTThisMethodCallExpression,L4135,L103,C:\Users\domco\Desktop\DP\repos\pmd\pmd-apex\src\main\java\net\sourceforge\pmd\lang\apex\ast\ASTThisMethodCallExpression.java,9,1,18,2,0.0,0,0,0,0.0,0.0,0,0,1,0,0,2,2,4,0,2,4,0.0,0.0,0,0,0,3,0.0,0,3,4,0,0,1,8,10,14,16,0,0,2,0,2,0,61,2,0,55,3,8,10,14,16,0,0,2,0,2,0,61,2,0,55,3,0,0,10,0,1,1,0,0,0,0,0,0,7,0,0,0,0,0,0,3,1.0
909,L4864,ASTThisVariableExpression,net.sourceforge.pmd.lang.apex.ast.ASTThisVariableExpression,L4135,L103,C:\Users\domco\Desktop\DP\repos\pmd\pmd-apex\src\main\java\net\sourceforge\pmd\lang\apex\ast\ASTThisVariableExpression.java,9,1,18,2,0.0,0,0,0,0.0,0.0,0,0,1,0,0,2,2,4,0,2,4,0.0,0.0,0,0,0,3,0.0,0,3,4,0,0,1,8,10,14,16,0,0,2,0,2,0,61,2,0,55,3,8,10,14,16,0,0,2,0,2,0,61,2,0,55,3,0,0,10,0,1,1,0,0,0,0,0,0,7,0,0,0,0,0,0,3,1.0
910,L4870,ASTThrowStatement,net.sourceforge.pmd.lang.apex.ast.ASTThrowStatement,L4135,L103,C:\Users\domco\Desktop\DP\repos\pmd\pmd-apex\src\main\java\net\sourceforge\pmd\lang\apex\ast\ASTThrowStatement.java,9,1,18,2,0.0,0,0,0,0.0,0.0,0,0,1,0,0,2,2,6,0,2,4,0.0,0.0,0,0,0,3,0.0,0,3,4,0,0,1,8,10,14,16,0,0,2,0,2,0,61,2,0,55,3,8,10,14,16,0,0,2,0,2,0,61,2,0,55,3,0,0,10,0,1,1,0,0,0,0,0,0,7,0,0,0,0,0,0,3,1.0
911,L4876,ASTTriggerVariableExpression,net.sourceforge.pmd.lang.apex.ast.ASTTriggerVariableExpression,L4135,L103,C:\Users\domco\Desktop\DP\repos\pmd\pmd-apex\src\main\java\net\sourceforge\pmd\lang\apex\ast\ASTTriggerVariableExpression.java,9,1,18,2,0.0,0,0,0,0.0,0.0,0,0,1,0,0,2,2,4,0,2,4,0.0,0.0,0,0,0,3,0.0,0,3,4,0,0,1,8,10,14,16,0,0,2,0,2,0,61,2,0,55,3,8,10,14,16,0,0,2,0,2,0,61,2,0,55,3,0,0,10,0,1,1,0,0,0,0,0,0,7,0,0,0,0,0,0,3,1.0
912,L4882,ASTTryCatchFinallyBlockStatement,net.sourceforge.pmd.lang.apex.ast.ASTTryCatchFinallyBlockStatement,L4135,L103,C:\Users\domco\Desktop\DP\repos\pmd\pmd-apex\src\main\java\net\sourceforge\pmd\lang\apex\ast\ASTTryCatchFinallyBlockStatement.java,9,1,18,2,0.0,0,0,0,0.0,0.0,0,0,1,0,0,2,2,6,0,2,4,0.0,0.0,0,0,0,3,0.0,0,3,4,0,0,1,8,10,14,16,0,0,2,0,2,0,61,2,0,55,3,8,10,14,16,0,0,2,0,2,0,61,2,0,55,3,0,0,10,0,1,1,0,0,0,0,0,0,7,0,0,0,0,0,0,3,1.0
913,L4888,ASTUserClass,net.sourceforge.pmd.lang.apex.ast.ASTUserClass,L4135,L103,C:\Users\domco\Desktop\DP\repos\pmd\pmd-apex\src\main\java\net\sourceforge\pmd\lang\apex\ast\ASTUserClass.java,14,1,74,2,0.789157,4,13,4,0.606557,0.708333,37,34,2,3,3,12,11,38,12,7,13,0.0,0.0,0,0,0,7,0.0,0,4,10,0,0,3,48,61,15,18,1,3,6,0,6,0,66,20,0,59,3,48,61,15,18,1,3,6,0,6,0,66,20,0,59,3,0,0,45,1,1,1,23,0,1,0,1,1,15,0,0,2,0,0,0,3,1.0
914,L4894,ASTUserClassMethods,net.sourceforge.pmd.lang.apex.ast.ASTUserClassMethods,L4135,L103,C:\Users\domco\Desktop\DP\repos\pmd\pmd-apex\src\main\java\net\sourceforge\pmd\lang\apex\ast\ASTUserClassMethods.java,9,1,18,2,0.0,0,0,0,0.0,0.0,0,0,1,0,0,2,2,4,0,2,4,0.0,0.0,0,0,0,3,0.0,0,3,4,0,0,1,8,10,14,16,0,0,2,0,2,0,61,2,0,55,3,8,10,14,16,0,0,2,0,2,0,61,2,0,55,3,0,0,10,0,1,1,0,0,0,0,0,0,7,0,0,0,0,0,0,3,1.0
915,L4900,ASTUserEnum,net.sourceforge.pmd.lang.apex.ast.ASTUserEnum,L4135,L103,C:\Users\domco\Desktop\DP\repos\pmd\pmd-apex\src\main\java\net\sourceforge\pmd\lang\apex\ast\ASTUserEnum.java,9,1,23,2,0.0,0,0,0,0.0,0.0,0,0,1,0,0,3,3,6,1,2,5,0.0,0.0,0,0,0,4,0.0,0,4,6,0,0,1,12,15,14,16,0,1,3,0,3,0,63,3,0,56,3,12,15,14,16,0,1,3,0,3,0,63,3,0,56,3,0,0,13,0,1,1,0,0,0,0,0,0,9,0,0,1,0,0,0,3,1.0
916,L4906,ASTUserExceptionMethods,net.sourceforge.pmd.lang.apex.ast.ASTUserExceptionMethods,L4135,L103,C:\Users\domco\Desktop\DP\repos\pmd\pmd-apex\src\main\java\net\sourceforge\pmd\lang\apex\ast\ASTUserExceptionMethods.java,9,1,18,2,0.0,0,0,0,0.0,0.0,0,0,1,0,0,2,2,4,0,2,4,0.0,0.0,0,0,0,3,0.0,0,3,4,0,0,1,8,10,14,16,0,0,2,0,2,0,61,2,0,55,3,8,10,14,16,0,0,2,0,2,0,61,2,0,55,3,0,0,10,0,1,1,0,0,0,0,0,0,7,0,0,0,0,0,0,3,1.0
917,L4912,ASTUserInterface,net.sourceforge.pmd.lang.apex.ast.ASTUserInterface,L4135,L103,C:\Users\domco\Desktop\DP\repos\pmd\pmd-apex\src\main\java\net\sourceforge\pmd\lang\apex\ast\ASTUserInterface.java,14,1,71,2,0.789157,4,13,4,0.637931,0.708333,37,34,2,3,3,12,12,10,1,8,14,0.0,0.0,0,0,0,7,0.0,0,4,10,0,0,3,48,58,15,18,1,3,6,0,6,0,66,20,0,59,3,48,58,15,18,1,3,6,0,6,0,66,20,0,59,3,0,0,45,1,1,1,23,0,1,0,1,1,15,0,0,2,0,0,0,3,1.0
918,L4918,ASTUserTrigger,net.sourceforge.pmd.lang.apex.ast.ASTUserTrigger,L4135,L103,C:\Users\domco\Desktop\DP\repos\pmd\pmd-apex\src\main\java\net\sourceforge\pmd\lang\apex\ast\ASTUserTrigger.java,12,1,33,2,0.705882,1,2,1,0.5,0.578947,11,11,1,1,1,4,3,9,2,2,5,0.0,0.0,0,0,0,4,0.0,0,4,6,0,0,1,19,22,14,16,0,1,3,0,3,0,63,8,0,56,3,19,22,14,16,0,1,3,0,3,0,63,8,0,56,3,0,0,24,1,1,1,11,0,0,0,0,1,9,0,0,1,0,0,0,3,1.0
919,L4924,ASTVariableDeclaration,net.sourceforge.pmd.lang.apex.ast.ASTVariableDeclaration,L4135,L103,C:\Users\domco\Desktop\DP\repos\pmd\pmd-apex\src\main\java\net\sourceforge\pmd\lang\apex\ast\ASTVariableDeclaration.java,11,1,38,2,0.0,0,0,0,0.0,0.0,0,0,2,3,3,7,8,15,1,5,9,0.0,0.0,0,0,0,5,0.0,0,3,5,0,0,2,23,28,14,16,0,1,4,0,4,0,62,9,0,56,3,23,28,14,16,0,1,4,0,4,0,62,9,0,56,3,0,0,16,0,2,2,0,0,1,0,0,0,11,0,0,1,0,0,0,3,1.0
920,L4930,ASTVariableDeclarationStatements,net.sourceforge.pmd.lang.apex.ast.ASTVariableDeclarationStatements,L4135,L103,C:\Users\domco\Desktop\DP\repos\pmd\pmd-apex\src\main\java\net\sourceforge\pmd\lang\apex\ast\ASTVariableDeclarationStatements.java,9,1,18,2,0.0,0,0,0,0.0,0.0,0,0,1,0,0,2,2,5,0,2,4,0.0,0.0,0,0,0,3,0.0,0,3,4,0,0,1,8,10,14,16,0,0,2,0,2,0,61,2,0,55,3,8,10,14,16,0,0,2,0,2,0,61,2,0,55,3,0,0,10,0,1,1,0,0,0,0,0,0,7,0,0,0,0,0,0,3,1.0
921,L4936,ASTVariableExpression,net.sourceforge.pmd.lang.apex.ast.ASTVariableExpression,L4135,L103,C:\Users\domco\Desktop\DP\repos\pmd\pmd-apex\src\main\java\net\sourceforge\pmd\lang\apex\ast\ASTVariableExpression.java,9,1,18,2,0.0,0,0,0,0.0,0.0,0,0,1,0,0,2,2,14,0,2,4,0.0,0.0,0,0,0,3,0.0,0,3,4,0,0,1,8,10,14,16,0,0,2,0,2,0,61,2,0,55,3,8,10,14,16,0,0,2,0,2,0,61,2,0,55,3,0,0,10,0,1,1,0,0,0,0,0,0,7,0,0,0,0,0,0,3,1.0
922,L4942,ASTWhileLoopStatement,net.sourceforge.pmd.lang.apex.ast.ASTWhileLoopStatement,L4135,L103,C:\Users\domco\Desktop\DP\repos\pmd\pmd-apex\src\main\java\net\sourceforge\pmd\lang\apex\ast\ASTWhileLoopStatement.java,9,1,18,2,0.0,0,0,0,0.0,0.0,0,0,1,0,0,2,2,10,0,2,4,0.0,0.0,0,0,0,3,0.0,0,3,4,0,0,1,8,10,14,16,0,0,2,0,2,0,61,2,0,55,3,8,10,14,16,0,0,2,0,2,0,61,2,0,55,3,0,0,10,0,1,1,0,0,0,0,0,0,7,0,0,0,0,0,0,3,1.0
923,L6371,CompilerService,net.sourceforge.pmd.lang.apex.ast.CompilerService,L4135,L103,C:\Users\domco\Desktop\DP\repos\pmd\pmd-apex\src\main\java\net\sourceforge\pmd\lang\apex\ast\CompilerService.java,36,1,131,2,0.0,0,0,0,0.0,0.0,0,0,1,2,2,10,4,1,1,2,10,0.4,0.4,38,38,2,3,0.4,38,0,0,0,0,0,57,96,4,0,4,0,8,1,4,0,8,23,1,4,0,57,96,4,0,4,0,8,1,4,0,8,23,1,4,0,0,0,15,1,0,0,0,0,0,0,0,1,11,0,0,0,0,0,0,4,1.0
924,L6437,DumpFacade,net.sourceforge.pmd.lang.apex.ast.DumpFacade,L4135,L103,C:\Users\domco\Desktop\DP\repos\pmd\pmd-apex\src\main\java\net\sourceforge\pmd\lang\apex\ast\DumpFacade.java,15,1,85,2,0.959391,7,19,7,0.788732,0.863636,56,38,1,2,2,11,3,1,1,4,7,0.0,0.254237,15,0,0,3,0.254237,15,0,0,0,0,0,44,71,2,0,2,0,3,0,2,0,3,28,0,2,0,44,71,2,0,2,0,3,0,2,0,3,28,0,2,0,0,0,29,1,0,0,24,0,0,0,0,1,5,0,0,0,0,0,0,0,0
925,L6472,EmptySymbolProvider,net.sourceforge.pmd.lang.apex.ast.EmptySymbolProvider,L4135,L103,C:\Users\domco\Desktop\DP\repos\pmd\pmd-apex\src\main\java\net\sourceforge\pmd\lang\apex\ast\EmptySymbolProvider.java,32,1,84,2,0.0,0,0,0,0.0,0.0,0,0,3,0,0,10,0,1,1,0,10,0.1,0.0666667,3,3,1,9,0.0666667,3,0,0,0,0,0,42,53,1,6,1,6,10,0,9,0,10,9,0,9,0,42,53,1,6,1,6,10,0,9,0,10,9,0,9,0,0,0,25,0,1,0,0,0,1,0,0,0,23,1,0,0,0,0,0,1,0
926,L6384,TestAccessEvaluator,net.sourceforge.pmd.lang.apex.ast.TestAccessEvaluator,L4135,L103,C:\Users\domco\Desktop\DP\repos\pmd\pmd-apex\src\main\java\net\sourceforge\pmd\lang\apex\ast\TestAccessEvaluator.java,48,1,341,2,0.0,0,0,0,0.0,0.0,0,0,11,0,0,42,1,1,1,1,42,0.142857,0.121739,28,28,6,36,0.110236,28,0,0,0,0,0,202,266,19,0,19,0,41,0,41,12,41,70,0,41,12,226,294,21,0,21,0,44,0,43,12,44,79,0,43,12,0,0,94,0,10,0,0,0,1,0,0,1,84,0,9,0,0,0,0,9,0
927,L6394,TestQueryValidators,net.sourceforge.pmd.lang.apex.ast.TestQueryValidators,L4135,L103,C:\Users\domco\Desktop\DP\repos\pmd\pmd-apex\src\main\java\net\sourceforge\pmd\lang\apex\ast\TestQueryValidators.java,37,1,83,2,0.0,0,0,0,0.0,0.0,0,0,0,0,0,1,0,1,0,0,1,1.0,0.6,6,6,1,0,0.125,6,0,0,0,0,0,4,7,0,0,0,0,1,0,0,0,1,0,0,0,0,42,47,0,0,0,0,5,0,4,0,5,6,0,4,0,0,0,19,0,2,0,0,1,2,0,0,0,17,0,1,0,0,0,0,0,0
928,L6676,ApexCompilerSoqlTest,net.sourceforge.pmd.lang.apex.ast.ApexCompilerSoqlTest,L4135,L103,C:\Users\domco\Desktop\DP\repos\pmd\pmd-apex\src\test\java\net\sourceforge\pmd\lang\apex\ast\ApexCompilerSoqlTest.java,16,1,30,2,0.0,0,0,0,0.0,0.0,0,0,1,0,0,1,3,0,0,2,3,0.0,0.0,0,0,0,2,0.0,0,0,0,0,0,0,13,15,1,0,1,0,1,0,1,0,1,3,0,1,0,13,15,1,0,1,0,1,0,1,0,1,3,0,1,0,0,0,5,0,0,0,0,0,0,0,0,0,5,0,0,0,0,0,0,0,0
929,L6681,ApexLexerTest,net.sourceforge.pmd.lang.apex.ast.ApexLexerTest,L4135,L103,C:\Users\domco\Desktop\DP\repos\pmd\pmd-apex\src\test\java\net\sourceforge\pmd\lang\apex\ast\ApexLexerTest.java,18,1,48,2,0.0,0,0,0,0.0,0.0,0,0,1,1,1,3,1,0,0,1,3,0.0,0.0,0,0,0,3,0.0,0,0,0,0,0,0,27,31,1,0,1,0,2,0,2,0,2,13,0,2,0,27,31,1,0,1,0,2,0,2,0,2,13,0,2,0,0,0,7,0,0,0,0,0,0,0,0,0,7,0,0,0,0,0,0,0,0
930,L6687,ApexParserTest,net.sourceforge.pmd.lang.apex.ast.ApexParserTest,L4135,L103,C:\Users\domco\Desktop\DP\repos\pmd\pmd-apex\src\test\java\net\sourceforge\pmd\lang\apex\ast\ApexParserTest.java,23,1,158,2,0.0,0,0,0,0.0,0.0,0,0,5,2,2,13,5,1,0,9,18,0.142857,0.266129,33,6,1,6,0.266129,33,0,0,1,1,0,91,136,1,0,1,0,9,0,6,0,9,51,0,6,0,91,136,1,0,1,0,9,0,6,0,9,51,0,6,0,0,0,12,3,10,3,0,6,1,0,0,3,11,0,1,0,0,0,0,0,0
931,L6728,ApexParserTestHelpers,net.sourceforge.pmd.lang.apex.ast.ApexParserTestHelpers,L4135,L103,C:\Users\domco\Desktop\DP\repos\pmd\pmd-apex\src\test\java\net\sourceforge\pmd\lang\apex\ast\ApexParserTestHelpers.java,16,1,32,2,0.0,0,0,0,0.0,0.0,0,0,2,0,0,3,5,5,15,4,7,0.0,0.0,0,0,0,3,0.0,0,0,0,0,0,0,15,17,0,0,0,0,3,0,2,0,3,8,0,2,0,15,17,0,0,0,0,3,0,2,0,3,8,0,2,0,0,0,10,1,1,1,0,0,1,0,0,1,9,0,0,0,0,0,0,0,0
932,L6737,ApexQualifiedNameTest,net.sourceforge.pmd.lang.apex.ast.ApexQualifiedNameTest,L4135,L103,C:\Users\domco\Desktop\DP\repos\pmd\pmd-apex\src\test\java\net\sourceforge\pmd\lang\apex\ast\ApexQualifiedNameTest.java,22,1,100,2,0.0,0,0,0,0.0,0.0,0,0,6,3,3,10,6,0,0,9,15,0.142857,0.046875,3,3,1,6,0.046875,3,0,0,0,0,0,61,79,0,0,0,0,6,0,6,0,6,34,0,6,0,61,79,0,0,0,0,6,0,6,0,6,34,0,6,0,0,0,16,0,21,21,0,0,1,0,0,0,15,0,0,0,0,0,0,0,0
933,L6755,ASTUserTriggerTest,net.sourceforge.pmd.lang.apex.ast.ASTUserTriggerTest,L4135,L103,C:\Users\domco\Desktop\DP\repos\pmd\pmd-apex\src\test\java\net\sourceforge\pmd\lang\apex\ast\ASTUserTriggerTest.java,14,1,23,2,0.0,0,0,0,0.0,0.0,0,0,1,0,0,1,4,0,0,2,3,0.0,0.0,0,0,0,2,0.0,0,0,0,0,0,0,9,10,0,0,0,0,1,0,1,0,1,3,0,1,0,9,10,0,0,0,0,1,0,1,0,1,3,0,1,0,0,0,5,0,0,0,0,0,0,0,0,0,5,0,0,0,0,0,0,0,0
934,L6769,AbstractApexMetric<N extends Node>,net.sourceforge.pmd.lang.apex.metrics.AbstractApexMetric,L6758,L103,C:\Users\domco\Desktop\DP\repos\pmd\pmd-apex\src\main\java\net\sourceforge\pmd\lang\apex\metrics\AbstractApexMetric.java,15,1,18,2,0.0,0,0,0,0.0,0.0,0,0,0,0,0,0,2,2,0,0,0,1.0,0.714286,5,5,1,0,0.714286,5,2,2,2,6,1,2,4,0,0,0,0,0,0,0,0,4,0,0,4,0,2,4,0,0,0,0,0,0,0,0,4,0,0,4,0,0,0,0,0,1,0,0,0,0,0,0,1,0,0,0,0,0,0,0,0,0
935,L6783,ApexMetrics,net.sourceforge.pmd.lang.apex.metrics.ApexMetrics,L6758,L103,C:\Users\domco\Desktop\DP\repos\pmd\pmd-apex\src\main\java\net\sourceforge\pmd\lang\apex\metrics\ApexMetrics.java,20,1,136,2,0.0,0,0,0,0.0,0.0,0,0,1,0,0,9,8,6,9,5,14,1.0,0.705882,72,71,8,0,0.705882,72,0,0,0,0,0,30,117,1,1,1,1,9,0,7,0,9,8,0,7,0,30,117,1,1,1,1,9,0,7,0,9,8,0,7,0,0,0,0,0,1,0,0,1,0,0,0,0,0,0,0,0,0,0,0,0,0
936,L6849,ApexMetricsComputer,net.sourceforge.pmd.lang.apex.metrics.ApexMetricsComputer,L6758,L103,C:\Users\domco\Desktop\DP\repos\pmd\pmd-apex\src\main\java\net\sourceforge\pmd\lang\apex\metrics\ApexMetricsComputer.java,19,1,35,2,0.0,0,0,0,0.0,0.0,0,0,1,2,2,3,5,2,0,2,3,1.0,0.263158,5,5,1,0,0.263158,5,2,2,0,0,1,14,17,1,0,1,0,1,0,0,0,7,6,0,3,0,14,17,1,0,1,0,1,0,0,0,7,6,0,3,0,0,0,2,0,1,0,0,1,0,0,0,0,2,0,0,0,0,0,0,0,0
937,L6786,ApexMetricsFacade,net.sourceforge.pmd.lang.apex.metrics.ApexMetricsFacade,L6758,L103,C:\Users\domco\Desktop\DP\repos\pmd\pmd-apex\src\main\java\net\sourceforge\pmd\lang\apex\metrics\ApexMetricsFacade.java,17,1,38,2,0.0,0,0,0,0.0,0.0,0,0,1,0,0,3,8,2,2,1,4,1.0,0.3,6,6,1,0,0.3,6,1,1,0,0,1,14,22,4,2,1,2,3,0,0,0,6,3,0,3,0,14,22,4,2,1,2,3,0,0,0,6,3,0,3,0,0,0,4,0,1,0,0,1,0,0,0,0,4,0,0,0,0,0,0,0,0
938,L6883,ApexProjectMemoizer,net.sourceforge.pmd.lang.apex.metrics.ApexProjectMemoizer,L6758,L103,C:\Users\domco\Desktop\DP\repos\pmd\pmd-apex\src\main\java\net\sourceforge\pmd\lang\apex\metrics\ApexProjectMemoizer.java,16,1,17,2,0.0,0,0,0,0.0,0.0,0,0,0,0,0,0,4,2,0,0,0,1.0,0.714286,5,5,1,0,0.714286,5,2,2,0,0,1,2,2,2,2,0,0,0,0,0,0,3,0,0,3,0,2,2,2,2,0,0,0,0,0,0,3,0,0,3,0,0,0,0,0,0,0,0,0,0,0,0,0,0,0,0,0,0,0,0,0,0
939,L7329,ApexMetricsHook,net.sourceforge.pmd.lang.apex.metrics.ApexMetricsHook,L6758,L103,C:\Users\domco\Desktop\DP\repos\pmd\pmd-apex\src\test\java\net\sourceforge\pmd\lang\apex\metrics\ApexMetricsHook.java,13,1,25,2,0.0,0,0,0,0.0,0.0,0,0,1,0,0,2,1,2,2,1,3,0.5,0.416667,5,5,1,1,0.416667,5,0,0,0,0,0,7,13,0,0,0,0,2,0,1,0,2,1,0,1,0,7,13,0,0,0,0,2,0,1,0,2,1,0,1,0,0,0,5,0,1,0,0,0,0,0,0,1,5,0,0,0,0,0,0,0,0
940,L7333,ApexProjectMirrorTest,net.sourceforge.pmd.lang.apex.metrics.ApexProjectMirrorTest,L6758,L103,C:\Users\domco\Desktop\DP\repos\pmd\pmd-apex\src\test\java\net\sourceforge\pmd\lang\apex\metrics\ApexProjectMirrorTest.java,40,1,142,2,0.0,0,0,0,0.0,0.0,0,0,2,1,1,5,17,1,0,10,14,0.333333,0.0888889,4,3,1,2,0.0547945,4,0,0,0,0,0,41,67,3,0,3,0,4,0,2,0,4,18,0,2,0,69,103,5,0,5,0,8,0,6,0,103,26,0,101,0,0,1,36,0,8,3,0,1,2,0,1,4,28,0,1,0,0,0,0,5,0
941,L7427,ApexClassStats,net.sourceforge.pmd.lang.apex.multifile.ApexClassStats,L7419,L103,C:\Users\domco\Desktop\DP\repos\pmd\pmd-apex\src\main\java\net\sourceforge\pmd\lang\apex\multifile\ApexClassStats.java,21,1,44,2,0.0,0,0,0,0.0,0.0,0,0,1,3,3,6,2,2,2,1,3,0.5,0.208333,5,5,1,1,0.208333,5,0,0,0,0,0,19,24,1,0,1,0,2,0,1,0,2,8,0,1,0,19,24,1,0,1,0,2,0,1,0,2,8,0,1,0,0,0,7,0,3,0,0,1,0,0,0,2,7,0,0,0,0,0,0,0,0
942,L7448,ApexMultifileVisitor,net.sourceforge.pmd.lang.apex.multifile.ApexMultifileVisitor,L7419,L103,C:\Users\domco\Desktop\DP\repos\pmd\pmd-apex\src\main\java\net\sourceforge\pmd\lang\apex\multifile\ApexMultifileVisitor.java,16,1,44,2,0.0,0,0,0,0.0,0.0,0,0,1,0,0,3,7,1,1,7,10,0.25,0.136364,3,3,1,3,0.136364,3,3,3,0,0,1,19,29,2,0,2,0,3,0,3,0,95,7,0,95,0,19,29,2,0,2,0,3,0,3,0,95,7,0,95,0,0,0,12,0,0,0,0,0,0,0,0,0,9,0,0,0,0,0,0,3,0
943,L7477,ApexMultifileVisitorFacade,net.sourceforge.pmd.lang.apex.multifile.ApexMultifileVisitorFacade,L7419,L103,C:\Users\domco\Desktop\DP\repos\pmd\pmd-apex\src\main\java\net\sourceforge\pmd\lang\apex\multifile\ApexMultifileVisitorFacade.java,13,1,20,2,0.0,0,0,0,0.0,0.0,0,0,1,0,0,1,4,0,0,2,3,0.5,0.333333,3,3,1,1,0.333333,3,2,2,0,0,1,6,8,0,0,0,0,1,0,1,0,90,2,0,90,0,6,8,0,0,0,0,1,0,1,0,90,2,0,90,0,0,0,6,0,0,0,0,0,0,0,0,0,3,0,0,0,0,0,0,3,0
944,L7453,ApexProjectMirror,net.sourceforge.pmd.lang.apex.multifile.ApexProjectMirror,L7419,L103,C:\Users\domco\Desktop\DP\repos\pmd\pmd-apex\src\main\java\net\sourceforge\pmd\lang\apex\multifile\ApexProjectMirror.java,19,1,53,2,0.0,0,0,0,0.0,0.0,0,0,1,1,1,7,4,3,1,3,7,0.5,0.192308,5,5,1,1,0.192308,5,1,1,0,0,1,21,35,2,1,2,1,4,0,1,0,4,7,0,1,0,21,35,2,1,2,1,4,0,1,0,4,7,0,1,0,0,0,11,0,5,0,0,4,0,0,0,0,11,1,0,0,0,0,0,0,0
945,L7351,ApexMultifileVisitorTest,net.sourceforge.pmd.lang.apex.multifile.ApexMultifileVisitorTest,L7419,L103,C:\Users\domco\Desktop\DP\repos\pmd\pmd-apex\src\test\java\net\sourceforge\pmd\lang\apex\multifile\ApexMultifileVisitorTest.java,31,1,70,2,0.0,0,0,0,0.0,0.0,0,0,2,0,0,3,13,1,0,9,12,0.333333,0.148148,4,3,1,2,0.117647,4,1,1,0,0,1,23,32,1,0,0,0,3,0,2,0,12,10,0,8,0,30,40,1,0,0,0,4,0,3,0,102,13,0,98,0,0,0,21,1,3,3,0,1,1,0,1,0,14,0,0,0,0,0,0,5,0
946,L7106,AbstractApexRule,net.sourceforge.pmd.lang.apex.rule.AbstractApexRule,L7526,L103,C:\Users\domco\Desktop\DP\repos\pmd\pmd-apex\src\main\java\net\sourceforge\pmd\lang\apex\rule\AbstractApexRule.java,109,1,585,2,0.0,0,0,0,0.0,0.0,0,0,1,4,2,97,100,35,64,5,98,0.0,0.0,0,0,0,93,0.0,0,3,7,30,43,4,384,477,24,19,0,1,93,0,92,0,167,103,5,161,20,384,477,24,19,0,1,93,0,92,0,167,103,5,161,20,0,0,207,0,1,1,0,0,0,0,2,0,189,0,0,3,0,0,0,13,1.0
947,L7837,AbstractApexUnitTestRule,net.sourceforge.pmd.lang.apex.rule.AbstractApexUnitTestRule,L7526,L103,C:\Users\domco\Desktop\DP\repos\pmd\pmd-apex\src\main\java\net\sourceforge\pmd\lang\apex\rule\AbstractApexUnitTestRule.java,18,1,43,2,0.0,0,0,0,0.0,0.0,0,0,1,1,1,6,8,2,3,6,9,0.666667,0.321429,9,9,2,1,0.321429,9,4,8,2,2,1,19,26,24,19,0,0,3,0,2,0,170,9,5,163,20,19,26,24,19,0,0,3,0,2,0,170,9,5,163,20,0,0,15,0,0,0,0,0,0,0,0,0,5,0,0,1,0,0,0,9,0
948,L7853,AbstractStatisticalApexRule,net.sourceforge.pmd.lang.apex.rule.AbstractStatisticalApexRule,L7526,L103,C:\Users\domco\Desktop\DP\repos\pmd\pmd-apex\src\main\java\net\sourceforge\pmd\lang\apex\rule\AbstractStatisticalApexRule.java,15,1,32,2,0.0,0,0,0,0.0,0.0,0,0,1,0,0,3,6,3,3,3,6,0.0,0.0,0,0,0,4,0.0,0,4,9,3,9,2,14,18,28,20,1,1,3,0,3,0,169,4,8,163,20,14,18,28,20,1,1,3,0,3,0,169,4,8,163,20,0,0,21,2,2,2,0,1,0,0,0,0,9,0,1,2,0,0,0,10,1.0
949,L4081,ApexRuleChainVisitor,net.sourceforge.pmd.lang.apex.rule.ApexRuleChainVisitor,L7526,L103,C:\Users\domco\Desktop\DP\repos\pmd\pmd-apex\src\main\java\net\sourceforge\pmd\lang\apex\rule\ApexRuleChainVisitor.java,19,1,43,2,0.675676,1,4,1,0.56,0.608696,14,14,2,3,3,6,7,1,0,5,7,0.0,0.0,0,0,0,1,0.0,0,2,2,0,0,1,23,25,2,0,0,0,2,0,0,0,7,14,0,2,0,23,25,2,0,0,0,2,0,0,0,7,14,0,2,0,0,0,19,0,2,2,11,0,1,0,0,0,7,0,0,0,0,0,0,0,1.0
950,L7905,ApexRuleViolation<T extends Object>,net.sourceforge.pmd.lang.apex.rule.ApexRuleViolation,L7526,L103,C:\Users\domco\Desktop\DP\repos\pmd\pmd-apex\src\main\java\net\sourceforge\pmd\lang\apex\rule\ApexRuleViolation.java,25,1,67,2,0.0,0,0,0,0.0,0.0,0,0,1,2,2,10,5,1,2,5,9,0.5,0.382979,18,18,2,2,0.382979,18,2,2,0,0,1,29,43,12,12,0,0,4,0,3,0,23,14,0,18,2,29,43,12,12,0,0,4,0,3,0,23,14,0,18,2,0,0,8,0,1,0,0,0,0,0,0,1,7,0,0,0,0,0,0,1,0
951,L7947,ApexRuleViolationFactory,net.sourceforge.pmd.lang.apex.rule.ApexRuleViolationFactory,L7526,L103,C:\Users\domco\Desktop\DP\repos\pmd\pmd-apex\src\main\java\net\sourceforge\pmd\lang\apex\rule\ApexRuleViolationFactory.java,14,1,32,2,0.0,0,0,0,0.0,0.0,0,0,2,0,0,3,7,1,0,2,5,0.0,0.0,0,0,0,1,0.0,0,2,2,0,0,1,15,19,2,0,1,0,3,1,0,0,6,2,1,2,0,15,19,2,0,1,0,3,1,0,0,6,2,1,2,0,0,0,15,0,1,1,0,0,1,0,0,0,9,0,0,0,0,0,0,5,1.0
952,L7977,ApexXPathRule,net.sourceforge.pmd.lang.apex.rule.ApexXPathRule,L7526,L103,C:\Users\domco\Desktop\DP\repos\pmd\pmd-apex\src\main\java\net\sourceforge\pmd\lang\apex\rule\ApexXPathRule.java,14,1,27,2,0.0,0,0,0,0.0,0.0,0,0,0,0,0,2,8,1,0,4,6,0.0,0.0,0,0,0,3,0.0,0,4,6,0,0,2,12,14,28,20,0,1,2,0,2,0,85,5,7,79,22,12,14,28,20,0,1,2,0,2,0,85,5,7,79,22,0,0,18,0,0,0,0,0,0,0,0,0,7,0,0,2,0,0,0,9,0
953,L9488,SuppressWarningsTest$BarRule,net.sourceforge.pmd.lang.apex.SuppressWarningsTest$BarRule,L9481,L103,C:\Users\domco\Desktop\DP\repos\pmd\pmd-apex\src\test\java\net\sourceforge\pmd\lang\apex\SuppressWarningsTest.java,20,5,33,6,0.0,0,0,0,0.0,0.0,0,0,1,1,1,3,3,1,0,3,5,0.0,0.0,0,0,0,3,0.0,0,4,8,0,0,1,13,14,24,19,0,1,2,0,2,0,168,4,5,162,20,13,14,24,19,0,1,2,0,2,0,168,4,5,162,20,0,0,17,0,0,0,0,0,0,0,0,0,7,0,0,1,0,0,0,9,0
954,L4025,AbstractASTXPathHandler,net.sourceforge.pmd.lang.ast.xpath.AbstractASTXPathHandler,L9969,L103,C:\Users\domco\Desktop\DP\repos\pmd\pmd-core\src\main\java\net\sourceforge\pmd\lang\ast\xpath\AbstractASTXPathHandler.java,14,1,24,2,0.0,0,0,0,0.0,0.0,0,0,1,0,0,2,3,12,1,1,3,0.0,0.0,0,0,0,3,0.0,0,1,1,6,6,1,9,11,1,1,0,1,2,0,2,0,4,2,1,4,0,9,11,1,1,0,1,2,0,2,0,4,2,1,4,0,0,0,9,0,0,0,0,0,0,0,0,0,7,0,0,0,0,0,0,2,0
955,L9732,Attribute,net.sourceforge.pmd.lang.ast.xpath.Attribute,L9969,L103,C:\Users\domco\Desktop\DP\repos\pmd\pmd-core\src\main\java\net\sourceforge\pmd\lang\ast\xpath\Attribute.java,15,1,80,2,0.0,0,0,0,0.0,0.0,0,0,1,1,1,13,1,19,25,0,7,0.125,0.0655738,4,3,1,7,0.0655738,4,0,0,0,0,0,57,66,6,4,6,4,7,0,7,0,7,26,0,7,0,57,66,6,4,6,4,7,0,7,0,7,26,0,7,0,0,0,18,2,3,2,0,0,0,0,0,3,17,0,0,0,0,0,0,1,0
956,L10015,AttributeAxisIterator,net.sourceforge.pmd.lang.ast.xpath.AttributeAxisIterator,L9969,L103,C:\Users\domco\Desktop\DP\repos\pmd\pmd-core\src\main\java\net\sourceforge\pmd\lang\ast\xpath\AttributeAxisIterator.java,19,1,120,2,0.0,0,0,0,0.0,0.0,0,0,2,3,3,16,3,7,8,2,8,0.0,0.0,0,0,0,5,0.0232558,2,0,0,0,0,0,61,74,7,1,7,1,6,0,4,0,6,25,0,4,0,84,102,9,1,9,1,8,2,4,0,8,36,2,4,0,0,1,31,1,10,0,0,8,1,0,0,2,22,0,1,0,0,1,0,8,0
957,L9725,DocumentNavigator,net.sourceforge.pmd.lang.ast.xpath.DocumentNavigator,L9969,L103,C:\Users\domco\Desktop\DP\repos\pmd\pmd-core\src\main\java\net\sourceforge\pmd\lang\ast\xpath\DocumentNavigator.java,20,1,327,2,0.478758,2,15,5,0.363636,0.465217,112,107,8,1,1,36,6,7,9,6,35,0.233333,0.237113,46,45,7,23,0.166667,46,0,0,0,0,0,148,221,1,21,1,21,29,0,29,0,29,44,0,29,0,230,308,2,51,1,31,39,0,29,0,79,78,0,49,0,0,0,214,2,0,0,119,0,1,0,0,1,86,0,1,0,0,0,0,8,0
958,L10170,NodeIterator,net.sourceforge.pmd.lang.ast.xpath.NodeIterator,L9969,L103,C:\Users\domco\Desktop\DP\repos\pmd\pmd-core\src\main\java\net\sourceforge\pmd\lang\ast\xpath\NodeIterator.java,15,1,84,2,0.0,0,0,0,0.0,0.0,0,0,2,2,2,17,1,6,8,4,14,0.2,0.0483871,3,3,1,4,0.0483871,3,0,0,5,5,0,59,70,1,6,1,6,10,0,4,0,10,26,0,4,0,59,70,1,6,1,6,10,0,4,0,10,26,0,4,0,0,0,25,0,0,0,0,0,1,0,0,0,23,0,0,0,0,0,0,1,0
959,L10518,AttributeAxisIteratorTest,net.sourceforge.pmd.lang.ast.xpath.AttributeAxisIteratorTest,L9969,L103,C:\Users\domco\Desktop\DP\repos\pmd\pmd-core\src\test\java\net\sourceforge\pmd\lang\ast\xpath\AttributeAxisIteratorTest.java,18,1,44,2,0.0,0,0,0,0.0,0.0,0,0,1,1,1,2,4,0,0,7,8,1.0,0.214286,6,6,2,0,0.214286,6,0,0,0,0,0,22,27,0,0,0,0,1,0,1,0,1,16,0,1,0,22,27,0,0,0,0,1,0,1,0,1,16,0,1,0,0,0,4,0,0,0,0,0,0,0,0,0,4,0,0,0,0,0,0,0,0
960,L10536,DocumentNavigatorTest,net.sourceforge.pmd.lang.ast.xpath.DocumentNavigatorTest,L9969,L103,C:\Users\domco\Desktop\DP\repos\pmd\pmd-core\src\test\java\net\sourceforge\pmd\lang\ast\xpath\DocumentNavigatorTest.java,20,1,45,2,0.0,0,0,0,0.0,0.0,0,0,0,1,1,2,4,0,0,5,6,0.5,0.15,3,3,1,1,0.12,3,0,0,0,0,0,17,21,0,1,0,1,1,0,1,0,1,10,0,1,0,22,26,13,15,0,1,2,0,1,0,55,11,0,51,3,0,0,12,1,4,4,0,0,0,0,0,1,10,0,0,1,0,0,0,1,0
961,L10977,CurrentPath,net.sourceforge.pmd.lang.dfa.pathfinder.CurrentPath,L10971,L103,C:\Users\domco\Desktop\DP\repos\pmd\pmd-core\src\main\java\net\sourceforge\pmd\lang\dfa\pathfinder\CurrentPath.java,14,1,86,2,0.0,0,0,0,0.0,0.0,0,0,1,2,2,17,2,5,12,5,18,0.0,0.0344828,2,0,0,13,0.0344828,2,0,0,0,0,0,56,73,1,3,1,3,13,0,12,0,13,22,0,12,0,56,73,1,3,1,3,13,0,12,0,13,22,0,12,0,0,0,25,0,0,0,0,0,0,0,0,0,25,0,0,0,0,0,0,0,0
962,L11004,DAAPathFinder,net.sourceforge.pmd.lang.dfa.pathfinder.DAAPathFinder,L10971,L103,C:\Users\domco\Desktop\DP\repos\pmd\pmd-core\src\main\java\net\sourceforge\pmd\lang\dfa\pathfinder\DAAPathFinder.java,19,1,347,2,0.0,0,0,0,0.0,0.0,0,0,1,5,5,70,5,3,3,15,36,0.25,0.149502,45,33,1,3,0.149502,45,0,0,0,0,0,256,329,7,2,7,2,21,0,3,0,21,160,0,3,0,256,329,7,2,7,2,21,0,3,0,21,160,0,3,0,0,0,44,1,6,2,0,0,0,4,1,5,37,0,0,0,0,0,0,2,0
963,L11064,PathElement,net.sourceforge.pmd.lang.dfa.pathfinder.PathElement,L10971,L103,C:\Users\domco\Desktop\DP\repos\pmd\pmd-core\src\main\java\net\sourceforge\pmd\lang\dfa\pathfinder\PathElement.java,9,1,27,2,0.0,0,0,0,0.0,0.0,0,0,1,0,0,3,1,1,5,0,3,0.0,0.0,0,0,0,2,0.0,0,0,0,0,0,0,15,19,3,0,3,0,3,3,1,0,3,4,3,1,0,15,19,3,0,3,0,3,3,1,0,3,4,3,1,0,0,0,13,0,0,0,0,0,0,0,0,0,9,0,0,0,0,0,0,4,0
964,L11131,AbstractReportNode,net.sourceforge.pmd.lang.dfa.report.AbstractReportNode,L11119,L103,C:\Users\domco\Desktop\DP\repos\pmd\pmd-core\src\main\java\net\sourceforge\pmd\lang\dfa\report\AbstractReportNode.java,10,1,123,2,0.0,0,0,0,0.0,0.0,0,0,2,2,2,23,1,8,10,1,15,0.5,0.27551,27,27,7,7,0.27551,27,0,0,3,3,0,71,114,3,7,3,7,14,0,13,0,14,35,0,13,0,71,114,3,7,3,7,14,0,13,0,14,35,0,13,0,0,0,17,0,3,1,0,0,1,0,0,1,15,0,0,0,0,1,0,1,0
965,L11189,ClassNode,net.sourceforge.pmd.lang.dfa.report.ClassNode,L11119,L103,C:\Users\domco\Desktop\DP\repos\pmd\pmd-core\src\main\java\net\sourceforge\pmd\lang\dfa\report\ClassNode.java,7,1,27,2,0.0,0,0,0,0.0,0.0,0,0,1,1,1,4,1,2,3,0,3,0.0,0.0,0,0,0,4,0.0,0,1,1,0,0,1,16,21,4,8,1,1,3,0,3,0,16,5,0,15,0,16,21,4,8,1,1,3,0,3,0,16,5,0,15,0,0,0,9,0,1,0,0,0,0,0,0,1,9,0,0,0,0,0,0,0,0
966,L11201,PackageNode,net.sourceforge.pmd.lang.dfa.report.PackageNode,L11119,L103,C:\Users\domco\Desktop\DP\repos\pmd\pmd-core\src\main\java\net\sourceforge\pmd\lang\dfa\report\PackageNode.java,7,1,28,2,0.0,0,0,0,0.0,0.0,0,0,1,1,1,4,1,2,3,0,3,0.0,0.0,0,0,0,4,0.0,0,1,1,0,0,1,16,22,4,8,1,1,3,0,3,0,16,5,0,15,0,16,22,4,8,1,1,3,0,3,0,16,5,0,15,0,0,0,9,0,1,0,0,0,0,0,0,1,9,0,0,0,0,0,0,0,0
967,L11212,ReportHTMLPrintVisitor,net.sourceforge.pmd.lang.dfa.report.ReportHTMLPrintVisitor,L11119,L103,C:\Users\domco\Desktop\DP\repos\pmd\pmd-core\src\main\java\net\sourceforge\pmd\lang\dfa\report\ReportHTMLPrintVisitor.java,28,1,173,2,0.0,0,0,0,0.0,0.0,0,0,1,2,2,18,8,1,1,14,22,0.666667,0.224806,29,23,2,1,0.224806,29,1,1,0,0,1,100,146,5,0,5,0,8,0,2,0,9,49,0,3,0,100,146,5,0,5,0,8,0,2,0,9,49,0,3,0,0,1,13,8,3,2,0,0,0,0,0,6,13,0,2,0,0,2,0,0,0
968,L11284,ReportTree,net.sourceforge.pmd.lang.dfa.report.ReportTree,L11119,L103,C:\Users\domco\Desktop\DP\repos\pmd\pmd-core\src\main\java\net\sourceforge\pmd\lang\dfa\report\ReportTree.java,11,1,201,2,0.0,0,0,0,0.0,0.0,0,0,2,3,2,21,6,4,8,12,18,0.2,0.191919,19,12,1,4,0.179012,29,0,0,0,0,0,80,117,2,1,2,1,6,0,4,0,6,53,0,4,0,133,191,4,2,4,2,10,0,7,0,10,78,0,7,0,0,0,24,0,2,0,0,0,2,2,0,1,20,0,1,0,0,0,0,0,0
969,L11177,ReportVisitor,net.sourceforge.pmd.lang.dfa.report.ReportVisitor,L11119,L103,C:\Users\domco\Desktop\DP\repos\pmd\pmd-core\src\main\java\net\sourceforge\pmd\lang\dfa\report\ReportVisitor.java,7,1,13,2,0.0,0,0,0,0.0,0.0,0,0,1,0,0,1,1,2,2,1,2,0.0,0.0,0,0,0,2,0.0,0,0,0,1,1,0,5,7,0,0,0,0,1,0,1,0,1,1,0,1,0,5,7,0,0,0,0,1,0,1,0,1,1,0,1,0,0,0,5,0,1,1,0,0,0,0,0,0,5,0,0,0,0,0,0,0,0
970,L11263,ViolationNode,net.sourceforge.pmd.lang.dfa.report.ViolationNode,L11119,L103,C:\Users\domco\Desktop\DP\repos\pmd\pmd-core\src\main\java\net\sourceforge\pmd\lang\dfa\report\ViolationNode.java,9,1,37,2,0.0,0,0,0,0.0,0.0,0,0,1,1,1,9,2,4,11,6,9,0.0,0.0,0,0,0,4,0.0,0,1,1,0,0,1,22,29,4,8,1,1,3,0,3,0,16,6,0,15,0,22,29,4,8,1,1,3,0,3,0,16,6,0,15,0,0,0,9,0,1,0,0,0,0,0,0,1,9,0,0,0,0,0,0,0,0
971,L11357,ViolationNodeTest,net.sourceforge.pmd.lang.dfa.report.ViolationNodeTest,L11119,L103,C:\Users\domco\Desktop\DP\repos\pmd\pmd-core\src\test\java\net\sourceforge\pmd\lang\dfa\report\ViolationNodeTest.java,19,1,115,2,0.0,0,0,0,0.0,0.0,0,0,1,0,0,8,2,0,0,8,16,1.0,0.351648,32,32,8,0,0.351648,32,0,0,0,0,0,59,97,0,0,0,0,8,0,7,0,8,29,0,7,0,59,97,0,0,0,0,8,0,7,0,8,29,0,7,0,0,0,3,1,0,0,0,0,0,0,0,0,2,0,1,0,0,0,0,1,0
972,L11386,SequenceChecker$Status,net.sourceforge.pmd.lang.dfa.SequenceChecker$Status,L10833,L103,C:\Users\domco\Desktop\DP\repos\pmd\pmd-core\src\main\java\net\sourceforge\pmd\lang\dfa\SequenceChecker.java,218,5,268,6,0.0,0,0,0,0.0,0.0,0,0,1,2,2,9,1,1,1,0,7,0.333333,0.232558,10,10,2,4,0.232558,10,0,0,0,0,0,33,51,3,0,3,0,7,0,5,0,7,11,0,5,0,33,51,3,0,3,0,7,0,5,0,7,11,0,5,0,0,0,15,0,1,0,0,0,0,0,0,1,15,0,0,0,0,0,0,0,0
973,L11622,LanguageRegistry$1,net.sourceforge.pmd.lang.LanguageRegistry$1,L11604,L103,C:\Users\domco\Desktop\DP\repos\pmd\pmd-core\src\main\java\net\sourceforge\pmd\lang\LanguageRegistry.java,45,68,50,10,1.0,1,3,1,1.0,1.0,6,6,1,0,0,1,1,0,0,1,2,0.0,0.0,0,0,0,2,0.0,0,0,0,0,0,0,6,6,0,0,0,0,1,0,1,0,1,1,0,1,0,6,6,0,0,0,0,1,0,1,0,1,1,0,1,0,0,0,15,0,0,0,10,0,0,0,0,0,5,0,0,0,0,0,0,0,0
974,L12065,MetricOptions$MetricOptionsBuilder,net.sourceforge.pmd.lang.metrics.MetricOptions$MetricOptionsBuilder,L6816,L103,C:\Users\domco\Desktop\DP\repos\pmd\pmd-core\src\main\java\net\sourceforge\pmd\lang\metrics\MetricOptions.java,139,5,174,6,0.0,0,0,0,0.0,0.0,0,0,1,1,1,7,2,1,2,2,5,0.0,0.0,0,0,0,1,0.0,0,0,0,0,0,0,24,36,1,0,1,0,3,0,0,0,3,11,0,0,0,24,36,1,0,1,0,3,0,0,0,3,11,0,0,0,0,0,9,1,4,1,0,3,0,0,0,1,9,0,0,0,0,0,0,0,0
975,L7859,StatisticalRuleHelper,net.sourceforge.pmd.lang.rule.stat.StatisticalRuleHelper,L13102,L103,C:\Users\domco\Desktop\DP\repos\pmd\pmd-core\src\main\java\net\sourceforge\pmd\lang\rule\stat\StatisticalRuleHelper.java,26,1,147,2,0.0,0,0,0,0.0,0.0,0,0,1,2,2,20,7,5,11,11,19,0.25,0.168224,18,6,1,3,0.168224,18,0,0,0,0,0,89,122,5,2,5,2,8,1,3,0,8,55,1,3,0,89,122,5,2,5,2,8,1,3,0,8,55,1,3,0,0,0,22,0,5,0,0,1,0,0,1,2,17,0,0,0,0,2,0,4,0
976,L13183,AbstractXPathRuleQuery,net.sourceforge.pmd.lang.rule.xpath.AbstractXPathRuleQuery,L13177,L103,C:\Users\domco\Desktop\DP\repos\pmd\pmd-core\src\main\java\net\sourceforge\pmd\lang\rule\xpath\AbstractXPathRuleQuery.java,18,1,92,2,0.0,0,0,0,0.0,0.0,0,0,0,1,1,7,4,2,1,0,6,1.0,0.573529,39,39,6,0,0.573529,39,1,1,2,2,1,29,75,7,1,4,1,6,0,5,3,6,6,3,5,3,29,75,7,1,4,1,6,0,5,3,6,6,3,5,3,0,0,2,0,0,0,0,0,0,0,0,0,0,0,0,0,0,0,0,2,0
977,L13220,JaxenXPathRuleQuery,net.sourceforge.pmd.lang.rule.xpath.JaxenXPathRuleQuery,L13177,L103,C:\Users\domco\Desktop\DP\repos\pmd\pmd-core\src\main\java\net\sourceforge\pmd\lang\rule\xpath\JaxenXPathRuleQuery.java,41,1,244,2,0.0,0,0,0,0.0,0.0,0,0,2,7,7,34,9,2,0,6,12,1.0,0.251366,46,13,4,0,0.247312,46,2,2,0,0,1,137,201,11,2,4,1,6,0,3,0,10,87,3,6,3,140,204,14,2,7,1,6,3,3,0,10,87,6,6,3,0,0,25,2,2,1,0,0,1,5,0,3,10,0,0,0,0,0,0,9,0
978,L13296,SaxonXPathRuleQuery,net.sourceforge.pmd.lang.rule.xpath.SaxonXPathRuleQuery,L13177,L103,C:\Users\domco\Desktop\DP\repos\pmd\pmd-core\src\main\java\net\sourceforge\pmd\lang\rule\xpath\SaxonXPathRuleQuery.java,44,1,215,2,0.0,0,0,0,0.0,0.0,0,0,1,8,4,30,8,4,1,6,12,1.0,0.226027,33,18,4,0,0.22,33,2,2,0,0,1,113,166,11,4,4,3,6,0,3,0,10,72,3,6,3,117,172,12,4,5,3,7,0,3,0,11,73,3,6,3,0,0,19,3,1,1,0,0,0,4,0,3,13,0,0,0,0,0,0,2,1.0
979,L13632,ApplierTest$MyFunction,net.sourceforge.pmd.lang.symboltable.ApplierTest$MyFunction,L13630,L103,C:\Users\domco\Desktop\DP\repos\pmd\pmd-core\src\test\java\net\sourceforge\pmd\lang\symboltable\ApplierTest.java,18,5,35,6,0.0,0,0,0,0.0,0.0,0,0,1,0,0,3,1,1,2,0,3,0.0,0.0,0,0,0,3,0.0,0,1,1,0,0,1,15,18,2,1,2,1,3,0,2,0,3,4,0,2,0,15,18,2,1,2,1,3,0,2,0,3,4,0,2,0,0,0,9,0,1,0,0,0,0,0,0,0,9,0,0,0,0,1,0,0,0
980,L14002,InterfaceMethodTest,net.sourceforge.pmd.lang.java.bugs.InterfaceMethodTest,L13990,L103,C:\Users\domco\Desktop\DP\repos\pmd\pmd-java8\src\test\java\net\sourceforge\pmd\lang\java\bugs\InterfaceMethodTest.java,19,1,46,2,0.0,0,0,0,0.0,0.0,0,0,1,1,1,3,9,0,0,9,11,0.0,0.192308,5,5,0,2,0.192308,5,0,0,0,0,0,21,28,0,0,0,0,2,0,1,0,2,10,0,1,0,21,28,0,0,0,0,2,0,1,0,2,10,0,1,0,0,0,5,2,0,2,0,0,0,0,0,0,5,0,0,0,0,0,0,0,0
981,L14343,AbstractJavaAccessNode,net.sourceforge.pmd.lang.java.ast.AbstractJavaAccessNode,L14169,L103,C:\Users\domco\Desktop\DP\repos\pmd\pmd-java\src\main\java\net\sourceforge\pmd\lang\java\ast\AbstractJavaAccessNode.java,7,1,138,2,0.0,0,0,0,0.0,0.0,0,0,1,1,1,34,2,39,73,2,33,0.0,0.0,0,0,0,30,0.0,0,4,6,8,13,2,100,132,29,16,1,1,31,0,29,14,91,33,12,86,18,100,132,29,16,1,1,31,0,29,14,91,33,12,86,18,0,0,81,0,27,27,0,0,0,0,0,0,65,0,0,2,0,0,0,14,1.0
982,L14435,AbstractJavaAccessTypeNode,net.sourceforge.pmd.lang.java.ast.AbstractJavaAccessTypeNode,L14169,L103,C:\Users\domco\Desktop\DP\repos\pmd\pmd-java\src\main\java\net\sourceforge\pmd\lang\java\ast\AbstractJavaAccessTypeNode.java,9,1,43,2,0.0,0,0,0,0.0,0.0,0,0,0,1,1,7,3,10,17,4,10,0.0,0.0,0,0,0,7,0.0,0,5,8,4,4,2,28,35,30,18,1,2,6,0,6,2,97,8,12,92,20,28,35,30,18,1,2,6,0,6,2,97,8,12,92,20,0,0,27,0,0,0,0,0,0,0,0,0,15,0,0,2,0,0,0,10,0
983,L14344,AbstractJavaNode,net.sourceforge.pmd.lang.java.ast.AbstractJavaNode,L14169,L103,C:\Users\domco\Desktop\DP\repos\pmd\pmd-java\src\main\java\net\sourceforge\pmd\lang\java\ast\AbstractJavaNode.java,10,1,84,2,0.267281,1,3,1,0.133333,0.175439,10,10,4,2,2,20,4,110,217,3,14,0.166667,0.0952381,6,6,2,10,0.0952381,6,3,4,64,121,2,57,75,16,15,3,1,11,0,11,1,60,26,0,57,4,57,75,16,15,3,1,11,0,11,1,60,26,0,57,4,0,0,37,0,7,6,10,0,1,0,0,0,21,0,1,3,0,0,0,2,1.0
984,L14496,AbstractJavaTypeNode,net.sourceforge.pmd.lang.java.ast.AbstractJavaTypeNode,L14169,L103,C:\Users\domco\Desktop\DP\repos\pmd\pmd-java\src\main\java\net\sourceforge\pmd\lang\java\ast\AbstractJavaTypeNode.java,15,1,49,2,0.0,0,0,0,0.0,0.0,0,0,0,1,1,7,3,70,175,4,10,0.142857,0.176471,6,6,1,6,0.176471,6,4,6,44,44,2,28,35,17,17,1,2,6,0,6,2,66,8,0,63,6,28,35,17,17,1,2,6,0,6,2,66,8,0,63,6,0,0,22,0,0,0,0,0,0,0,0,0,15,0,0,3,0,0,0,4,0
985,L14552,ASTAdditiveExpression,net.sourceforge.pmd.lang.java.ast.ASTAdditiveExpression,L14169,L103,C:\Users\domco\Desktop\DP\repos\pmd\pmd-java\src\main\java\net\sourceforge\pmd\lang\java\ast\ASTAdditiveExpression.java,8,1,24,2,0.0,0,0,0,0.0,0.0,0,0,1,0,0,3,1,11,0,2,5,0.25,0.214286,3,3,1,3,0.214286,3,5,7,0,0,1,11,17,17,17,0,0,3,0,3,0,69,3,0,66,6,11,17,17,17,0,0,3,0,3,0,69,3,0,66,6,0,0,12,0,1,1,0,0,0,0,0,0,7,0,0,1,0,0,0,4,1.0
986,L14566,ASTAllocationExpression,net.sourceforge.pmd.lang.java.ast.ASTAllocationExpression,L14169,L103,C:\Users\domco\Desktop\DP\repos\pmd\pmd-java\src\main\java\net\sourceforge\pmd\lang\java\ast\ASTAllocationExpression.java,10,1,33,2,0.0,0,0,0,0.0,0.0,0,0,2,1,1,5,4,27,1,4,8,0.2,0.142857,3,3,1,4,0.142857,3,5,7,0,0,1,18,24,17,17,0,0,4,0,4,0,70,7,0,67,6,18,24,17,17,0,0,4,0,4,0,70,7,0,67,6,0,0,15,0,2,1,0,1,1,0,0,0,9,0,0,1,0,0,0,4,1.0
987,L14580,ASTAndExpression,net.sourceforge.pmd.lang.java.ast.ASTAndExpression,L14169,L103,C:\Users\domco\Desktop\DP\repos\pmd\pmd-java\src\main\java\net\sourceforge\pmd\lang\java\ast\ASTAndExpression.java,8,1,23,2,0.0,0,0,0,0.0,0.0,0,0,1,0,0,3,1,5,0,2,5,0.25,0.214286,3,3,1,3,0.214286,3,5,7,0,0,1,11,16,17,17,0,0,3,0,3,0,69,3,0,66,6,11,16,17,17,0,0,3,0,3,0,69,3,0,66,6,0,0,12,0,1,1,0,0,0,0,0,0,7,0,0,1,0,0,0,4,1.0
988,L14590,ASTAnnotation,net.sourceforge.pmd.lang.java.ast.ASTAnnotation,L14169,L103,C:\Users\domco\Desktop\DP\repos\pmd\pmd-java\src\main\java\net\sourceforge\pmd\lang\java\ast\ASTAnnotation.java,14,1,71,2,0.0,0,0,0,0.0,0.0,0,0,2,4,4,18,8,22,4,8,13,0.2,0.0816327,4,3,1,4,0.0816327,4,4,5,0,0,1,45,58,18,15,2,0,5,0,4,0,65,19,0,61,4,45,58,18,15,2,0,5,0,4,0,65,19,0,61,4,0,0,18,0,0,0,0,0,1,3,0,0,11,0,0,0,0,0,0,3,1.0
989,L14626,ASTAnnotationMethodDeclaration,net.sourceforge.pmd.lang.java.ast.ASTAnnotationMethodDeclaration,L14169,L103,C:\Users\domco\Desktop\DP\repos\pmd\pmd-java\src\main\java\net\sourceforge\pmd\lang\java\ast\ASTAnnotationMethodDeclaration.java,9,1,22,2,0.0,0,0,0,0.0,0.0,0,0,1,0,0,3,1,5,0,2,5,0.25,0.3125,5,1,1,3,0.3125,5,5,7,0,0,1,11,14,29,16,0,0,3,0,3,0,94,3,12,89,18,11,14,29,16,0,0,3,0,3,0,94,3,12,89,18,0,0,15,0,1,1,0,0,0,0,0,0,5,0,0,1,0,0,0,9,1.0
990,L14636,ASTAnnotationTypeBody,net.sourceforge.pmd.lang.java.ast.ASTAnnotationTypeBody,L14169,L103,C:\Users\domco\Desktop\DP\repos\pmd\pmd-java\src\main\java\net\sourceforge\pmd\lang\java\ast\ASTAnnotationTypeBody.java,8,1,23,2,0.0,0,0,0,0.0,0.0,0,0,1,0,0,3,1,6,0,2,5,0.25,0.214286,3,3,1,3,0.214286,3,4,5,0,0,1,11,16,16,15,0,0,3,0,3,0,63,3,0,60,4,11,16,16,15,0,0,3,0,3,0,63,3,0,60,4,0,0,10,0,1,1,0,0,0,0,0,0,7,0,0,0,0,0,0,3,1.0
991,L14646,ASTAnnotationTypeDeclaration,net.sourceforge.pmd.lang.java.ast.ASTAnnotationTypeDeclaration,L14169,L103,C:\Users\domco\Desktop\DP\repos\pmd\pmd-java\src\main\java\net\sourceforge\pmd\lang\java\ast\ASTAnnotationTypeDeclaration.java,10,1,62,2,0.439024,1,3,1,0.283019,0.333333,15,13,2,2,2,10,10,13,1,10,17,0.125,0.0714286,3,3,1,7,0.0714286,3,6,12,0,0,2,39,53,31,21,1,3,7,0,7,0,103,14,12,98,20,39,53,31,21,1,3,7,0,7,0,103,14,12,98,20,0,0,40,0,0,0,11,0,1,0,0,0,15,0,0,3,0,0,0,10,0
992,L14671,ASTAnnotationTypeMemberDeclaration,net.sourceforge.pmd.lang.java.ast.ASTAnnotationTypeMemberDeclaration,L14169,L103,C:\Users\domco\Desktop\DP\repos\pmd\pmd-java\src\main\java\net\sourceforge\pmd\lang\java\ast\ASTAnnotationTypeMemberDeclaration.java,8,1,23,2,0.0,0,0,0,0.0,0.0,0,0,1,0,0,3,2,7,0,2,5,0.25,0.214286,3,3,1,3,0.214286,3,4,6,0,0,2,11,16,16,15,0,0,3,0,3,0,62,3,0,59,4,11,16,16,15,0,0,3,0,3,0,62,3,0,59,4,0,0,12,0,1,1,0,0,0,0,0,0,7,0,0,2,0,0,0,3,1.0
993,L14728,ASTArgumentList,net.sourceforge.pmd.lang.java.ast.ASTArgumentList,L14169,L103,C:\Users\domco\Desktop\DP\repos\pmd\pmd-java\src\main\java\net\sourceforge\pmd\lang\java\ast\ASTArgumentList.java,8,1,23,2,0.0,0,0,0,0.0,0.0,0,0,1,0,0,3,1,18,0,2,5,0.25,0.214286,3,3,1,3,0.214286,3,4,5,0,0,1,11,16,16,15,0,0,3,0,3,0,63,3,0,60,4,11,16,16,15,0,0,3,0,3,0,63,3,0,60,4,0,0,10,0,1,1,0,0,0,0,0,0,7,0,0,0,0,0,0,3,1.0
994,L14738,ASTArguments,net.sourceforge.pmd.lang.java.ast.ASTArguments,L14169,L103,C:\Users\domco\Desktop\DP\repos\pmd\pmd-java\src\main\java\net\sourceforge\pmd\lang\java\ast\ASTArguments.java,8,1,30,2,0.0,0,0,0,0.0,0.0,0,0,1,1,1,5,3,18,9,5,9,0.2,0.15,3,3,1,4,0.15,3,4,5,0,0,1,17,23,16,16,0,1,4,0,4,0,64,6,0,61,4,17,23,16,16,0,1,4,0,4,0,64,6,0,61,4,0,0,13,0,1,1,0,0,0,0,0,0,9,0,0,0,0,0,0,4,1.0
995,L14749,ASTArrayDimsAndInits,net.sourceforge.pmd.lang.java.ast.ASTArrayDimsAndInits,L14169,L103,C:\Users\domco\Desktop\DP\repos\pmd\pmd-java\src\main\java\net\sourceforge\pmd\lang\java\ast\ASTArrayDimsAndInits.java,8,1,39,2,0.0,0,0,0,0.0,0.0,0,0,2,0,0,6,2,8,1,2,8,0.142857,0.148148,4,3,1,6,0.148148,4,4,6,0,0,2,23,32,17,16,1,1,6,0,6,0,66,6,0,63,4,23,32,17,16,1,1,6,0,6,0,66,6,0,63,4,0,0,20,0,1,1,0,0,1,0,0,0,13,0,0,2,0,0,0,4,1.0
996,L14767,ASTArrayInitializer,net.sourceforge.pmd.lang.java.ast.ASTArrayInitializer,L14169,L103,C:\Users\domco\Desktop\DP\repos\pmd\pmd-java\src\main\java\net\sourceforge\pmd\lang\java\ast\ASTArrayInitializer.java,8,1,23,2,0.0,0,0,0,0.0,0.0,0,0,1,0,0,3,1,5,0,2,5,0.25,0.214286,3,3,1,3,0.214286,3,4,5,0,0,1,11,16,16,15,0,0,3,0,3,0,63,3,0,60,4,11,16,16,15,0,0,3,0,3,0,63,3,0,60,4,0,0,10,0,1,1,0,0,0,0,0,0,7,0,0,0,0,0,0,3,1.0
997,L14777,ASTAssertStatement,net.sourceforge.pmd.lang.java.ast.ASTAssertStatement,L14169,L103,C:\Users\domco\Desktop\DP\repos\pmd\pmd-java\src\main\java\net\sourceforge\pmd\lang\java\ast\ASTAssertStatement.java,8,1,23,2,0.0,0,0,0,0.0,0.0,0,0,1,0,0,3,1,9,1,2,5,0.25,0.214286,3,3,1,3,0.214286,3,4,5,0,0,1,11,16,16,15,0,0,3,0,3,0,63,3,0,60,4,11,16,16,15,0,0,3,0,3,0,63,3,0,60,4,0,0,10,0,1,1,0,0,0,0,0,0,7,0,0,0,0,0,0,3,1.0
998,L14787,ASTAssignmentOperator,net.sourceforge.pmd.lang.java.ast.ASTAssignmentOperator,L14169,L103,C:\Users\domco\Desktop\DP\repos\pmd\pmd-java\src\main\java\net\sourceforge\pmd\lang\java\ast\ASTAssignmentOperator.java,8,1,34,2,0.0,0,0,0,0.0,0.0,0,0,2,0,0,5,1,18,9,2,7,0.166667,0.136364,3,3,1,5,0.136364,3,4,5,0,0,1,19,27,17,15,1,0,5,0,5,1,65,5,0,62,5,19,27,17,15,1,0,5,0,5,1,65,5,0,62,5,0,0,15,0,1,0,0,0,1,0,0,0,11,0,1,0,0,0,0,3,0
999,L14801,ASTBlock,net.sourceforge.pmd.lang.java.ast.ASTBlock,L14169,L103,C:\Users\domco\Desktop\DP\repos\pmd\pmd-java\src\main\java\net\sourceforge\pmd\lang\java\ast\ASTBlock.java,8,1,36,2,0.0,0,0,0,0.0,0.0,0,0,2,0,0,5,1,17,8,2,7,0.166667,0.136364,3,3,1,5,0.136364,3,4,5,0,0,1,19,29,17,15,1,0,5,0,5,1,65,5,0,62,5,19,29,17,15,1,0,5,0,5,1,65,5,0,62,5,0,0,15,0,1,0,0,0,1,0,0,0,11,0,1,0,0,0,0,3,0
1000,L14815,ASTBlockStatement,net.sourceforge.pmd.lang.java.ast.ASTBlockStatement,L14169,L103,C:\Users\domco\Desktop\DP\repos\pmd\pmd-java\src\main\java\net\sourceforge\pmd\lang\java\ast\ASTBlockStatement.java,8,1,33,2,0.0,0,0,0,0.0,0.0,0,0,2,0,0,4,3,22,4,3,7,0.4,0.391304,9,9,2,3,0.391304,9,4,5,0,0,1,14,26,16,15,0,0,4,0,4,0,64,4,0,61,4,14,26,16,15,0,0,4,0,4,0,64,4,0,61,4,0,0,9,0,1,1,0,0,1,0,0,0,5,0,0,0,0,0,0,3,1.0
1001,L14829,ASTBooleanLiteral,net.sourceforge.pmd.lang.java.ast.ASTBooleanLiteral,L14169,L103,C:\Users\domco\Desktop\DP\repos\pmd\pmd-java\src\main\java\net\sourceforge\pmd\lang\java\ast\ASTBooleanLiteral.java,8,1,35,2,0.0,0,0,0,0.0,0.0,0,0,2,0,0,5,1,13,4,2,7,0.166667,0.136364,3,3,1,5,0.136364,3,5,7,0,0,1,19,28,18,17,1,0,5,0,5,1,71,5,0,68,7,19,28,18,17,1,0,5,0,5,1,71,5,0,68,7,0,0,17,0,1,0,0,0,1,0,0,0,11,0,1,1,0,0,0,4,0
1002,L14843,ASTBreakStatement,net.sourceforge.pmd.lang.java.ast.ASTBreakStatement,L14169,L103,C:\Users\domco\Desktop\DP\repos\pmd\pmd-java\src\main\java\net\sourceforge\pmd\lang\java\ast\ASTBreakStatement.java,8,1,23,2,0.0,0,0,0,0.0,0.0,0,0,1,0,0,3,1,8,0,2,5,0.25,0.214286,3,3,1,3,0.214286,3,4,5,0,0,1,11,16,16,15,0,0,3,0,3,0,63,3,0,60,4,11,16,16,15,0,0,3,0,3,0,63,3,0,60,4,0,0,10,0,1,1,0,0,0,0,0,0,7,0,0,0,0,0,0,3,1.0
1003,L14853,ASTCastExpression,net.sourceforge.pmd.lang.java.ast.ASTCastExpression,L14169,L103,C:\Users\domco\Desktop\DP\repos\pmd\pmd-java\src\main\java\net\sourceforge\pmd\lang\java\ast\ASTCastExpression.java,8,1,33,2,0.0,0,0,0,0.0,0.0,0,0,2,0,0,5,1,10,0,2,7,0.166667,0.142857,3,3,1,5,0.142857,3,5,7,0,0,1,18,26,18,17,1,0,5,0,5,1,71,5,0,68,7,18,26,18,17,1,0,5,0,5,1,71,5,0,68,7,0,0,17,0,2,1,0,0,1,0,0,0,11,0,0,1,0,1,0,4,1.0
1004,L14868,ASTCatchStatement,net.sourceforge.pmd.lang.java.ast.ASTCatchStatement,L14169,L103,C:\Users\domco\Desktop\DP\repos\pmd\pmd-java\src\main\java\net\sourceforge\pmd\lang\java\ast\ASTCatchStatement.java,8,1,23,2,0.0,0,0,0,0.0,0.0,0,0,1,0,0,3,1,14,0,2,5,0.25,0.214286,3,3,1,3,0.214286,3,4,5,0,0,1,11,16,16,15,0,0,3,0,3,0,63,3,0,60,4,11,16,16,15,0,0,3,0,3,0,63,3,0,60,4,0,0,10,0,1,1,0,0,0,0,0,0,7,0,0,0,0,0,0,3,0
1005,L14577,ASTClassOrInterfaceBody,net.sourceforge.pmd.lang.java.ast.ASTClassOrInterfaceBody,L14169,L103,C:\Users\domco\Desktop\DP\repos\pmd\pmd-java\src\main\java\net\sourceforge\pmd\lang\java\ast\ASTClassOrInterfaceBody.java,8,1,31,2,0.0,0,0,0,0.0,0.0,0,0,2,0,0,5,4,15,1,3,8,0.166667,0.15,3,3,1,5,0.15,3,4,5,0,0,1,17,24,16,15,0,0,5,0,5,0,65,5,0,62,4,17,24,16,15,0,0,5,0,5,0,65,5,0,62,4,0,0,15,0,1,1,0,0,1,0,0,0,11,0,0,0,0,0,0,3,1.0
1006,L14668,ASTClassOrInterfaceBodyDeclaration,net.sourceforge.pmd.lang.java.ast.ASTClassOrInterfaceBodyDeclaration,L14169,L103,C:\Users\domco\Desktop\DP\repos\pmd\pmd-java\src\main\java\net\sourceforge\pmd\lang\java\ast\ASTClassOrInterfaceBodyDeclaration.java,10,1,51,2,0.424242,2,8,2,0.261905,0.34375,11,11,3,3,3,10,9,18,3,7,14,0.125,0.0857143,3,3,1,7,0.0857143,3,4,7,0,0,3,32,42,16,15,0,0,7,0,7,0,65,14,0,62,4,32,42,16,15,0,0,7,0,7,0,65,14,0,62,4,0,0,32,0,2,2,11,0,1,0,0,0,15,0,0,2,0,0,0,3,1.0
1007,L14913,ASTClassOrInterfaceDeclaration,net.sourceforge.pmd.lang.java.ast.ASTClassOrInterfaceDeclaration,L14169,L103,C:\Users\domco\Desktop\DP\repos\pmd\pmd-java\src\main\java\net\sourceforge\pmd\lang\java\ast\ASTClassOrInterfaceDeclaration.java,10,1,76,2,0.348387,1,3,1,0.223881,0.26,15,13,3,2,2,14,10,69,38,10,20,0.0909091,0.0566038,3,3,1,10,0.0566038,3,6,12,0,0,2,50,67,32,21,2,3,10,0,10,1,105,17,12,100,21,50,67,32,21,2,3,10,0,10,1,105,17,12,100,21,0,0,46,0,1,0,11,0,1,0,0,0,21,0,1,3,0,0,0,10,0
1008,L14938,ASTClassOrInterfaceType,net.sourceforge.pmd.lang.java.ast.ASTClassOrInterfaceType,L14169,L103,C:\Users\domco\Desktop\DP\repos\pmd\pmd-java\src\main\java\net\sourceforge\pmd\lang\java\ast\ASTClassOrInterfaceType.java,12,1,72,2,0.0,0,0,0,0.0,0.0,0,0,3,2,2,13,8,37,5,10,17,0.25,0.2,11,11,2,6,0.2,11,5,7,0,0,1,44,61,17,18,0,1,7,0,7,0,73,22,0,70,6,44,61,17,18,0,1,7,0,7,0,73,22,0,70,6,0,0,19,0,1,1,0,0,1,0,0,0,13,0,0,1,0,0,0,4,1.0
1009,L14005,ASTCompilationUnit,net.sourceforge.pmd.lang.java.ast.ASTCompilationUnit,L14169,L103,C:\Users\domco\Desktop\DP\repos\pmd\pmd-java\src\main\java\net\sourceforge\pmd\lang\java\ast\ASTCompilationUnit.java,15,1,63,2,0.0,0,0,0,0.0,0.0,0,0,2,1,1,11,7,87,19,4,13,0.2,0.1,4,4,2,8,0.1,4,5,8,0,0,2,36,49,19,20,2,3,9,0,9,2,75,12,0,72,8,36,49,19,20,2,3,9,0,9,2,75,12,0,72,8,0,0,26,0,1,0,0,0,1,0,0,1,19,0,0,2,0,0,0,4,1.0
1010,L15004,ASTConditionalAndExpression,net.sourceforge.pmd.lang.java.ast.ASTConditionalAndExpression,L14169,L103,C:\Users\domco\Desktop\DP\repos\pmd\pmd-java\src\main\java\net\sourceforge\pmd\lang\java\ast\ASTConditionalAndExpression.java,8,1,23,2,0.0,0,0,0,0.0,0.0,0,0,1,0,0,3,1,8,0,2,5,0.25,0.214286,3,3,1,3,0.214286,3,5,7,0,0,1,11,16,17,17,0,0,3,0,3,0,69,3,0,66,6,11,16,17,17,0,0,3,0,3,0,69,3,0,66,6,0,0,12,0,1,1,0,0,0,0,0,0,7,0,0,1,0,0,0,4,1.0
1011,L15014,ASTConditionalExpression,net.sourceforge.pmd.lang.java.ast.ASTConditionalExpression,L14169,L103,C:\Users\domco\Desktop\DP\repos\pmd\pmd-java\src\main\java\net\sourceforge\pmd\lang\java\ast\ASTConditionalExpression.java,8,1,35,2,0.0,0,0,0,0.0,0.0,0,0,2,0,0,5,1,14,8,2,7,0.166667,0.136364,3,3,1,5,0.136364,3,5,7,0,0,1,19,28,18,17,1,0,5,0,5,1,71,5,0,68,7,19,28,18,17,1,0,5,0,5,1,71,5,0,68,7,0,0,17,0,1,0,0,0,1,0,0,0,11,0,1,1,0,0,0,4,0
1012,L15028,ASTConditionalOrExpression,net.sourceforge.pmd.lang.java.ast.ASTConditionalOrExpression,L14169,L103,C:\Users\domco\Desktop\DP\repos\pmd\pmd-java\src\main\java\net\sourceforge\pmd\lang\java\ast\ASTConditionalOrExpression.java,8,1,23,2,0.0,0,0,0,0.0,0.0,0,0,1,0,0,3,1,8,0,2,5,0.25,0.214286,3,3,1,3,0.214286,3,5,7,0,0,1,11,16,17,17,0,0,3,0,3,0,69,3,0,66,6,11,16,17,17,0,0,3,0,3,0,69,3,0,66,6,0,0,12,0,1,1,0,0,0,0,0,0,7,0,0,1,0,0,0,4,1.0
1013,L15038,ASTConstructorDeclaration,net.sourceforge.pmd.lang.java.ast.ASTConstructorDeclaration,L14169,L103,C:\Users\domco\Desktop\DP\repos\pmd\pmd-java\src\main\java\net\sourceforge\pmd\lang\java\ast\ASTConstructorDeclaration.java,10,1,64,2,0.0,0,0,0,0.0,0.0,0,0,2,1,1,12,6,41,10,6,15,0.1,0.0681818,3,3,1,9,0.0681818,3,5,11,0,0,2,41,55,32,20,3,4,9,0,9,1,99,13,12,94,19,41,55,32,20,3,4,9,0,9,1,99,13,12,94,19,0,0,32,0,1,0,0,0,1,0,0,0,19,0,1,2,0,0,0,10,0
1014,L15076,ASTContinueStatement,net.sourceforge.pmd.lang.java.ast.ASTContinueStatement,L14169,L103,C:\Users\domco\Desktop\DP\repos\pmd\pmd-java\src\main\java\net\sourceforge\pmd\lang\java\ast\ASTContinueStatement.java,8,1,23,2,0.0,0,0,0,0.0,0.0,0,0,1,0,0,3,1,8,0,2,5,0.25,0.214286,3,3,1,3,0.214286,3,4,5,0,0,1,11,16,16,15,0,0,3,0,3,0,63,3,0,60,4,11,16,16,15,0,0,3,0,3,0,63,3,0,60,4,0,0,10,0,1,1,0,0,0,0,0,0,7,0,0,0,0,0,0,3,1.0
1015,L15086,ASTDefaultValue,net.sourceforge.pmd.lang.java.ast.ASTDefaultValue,L14169,L103,C:\Users\domco\Desktop\DP\repos\pmd\pmd-java\src\main\java\net\sourceforge\pmd\lang\java\ast\ASTDefaultValue.java,8,1,23,2,0.0,0,0,0,0.0,0.0,0,0,1,0,0,3,1,4,0,2,5,0.25,0.214286,3,3,1,3,0.214286,3,4,5,0,0,1,11,16,16,15,0,0,3,0,3,0,63,3,0,60,4,11,16,16,15,0,0,3,0,3,0,63,3,0,60,4,0,0,10,0,1,1,0,0,0,0,0,0,7,0,0,0,0,0,0,3,1.0
1016,L15096,ASTDoStatement,net.sourceforge.pmd.lang.java.ast.ASTDoStatement,L14169,L103,C:\Users\domco\Desktop\DP\repos\pmd\pmd-java\src\main\java\net\sourceforge\pmd\lang\java\ast\ASTDoStatement.java,8,1,23,2,0.0,0,0,0,0.0,0.0,0,0,1,0,0,3,1,15,0,2,5,0.25,0.214286,3,3,1,3,0.214286,3,4,5,0,0,1,11,16,16,15,0,0,3,0,3,0,63,3,0,60,4,11,16,16,15,0,0,3,0,3,0,63,3,0,60,4,0,0,10,0,1,1,0,0,0,0,0,0,7,0,0,0,0,0,0,3,1.0
1017,L15106,ASTEmptyStatement,net.sourceforge.pmd.lang.java.ast.ASTEmptyStatement,L14169,L103,C:\Users\domco\Desktop\DP\repos\pmd\pmd-java\src\main\java\net\sourceforge\pmd\lang\java\ast\ASTEmptyStatement.java,8,1,23,2,0.0,0,0,0,0.0,0.0,0,0,1,0,0,3,1,5,0,2,5,0.25,0.214286,3,3,1,3,0.214286,3,4,5,0,0,1,11,16,16,15,0,0,3,0,3,0,63,3,0,60,4,11,16,16,15,0,0,3,0,3,0,63,3,0,60,4,0,0,10,0,1,1,0,0,0,0,0,0,7,0,0,0,0,0,0,3,1.0
1018,L15116,ASTEnumBody,net.sourceforge.pmd.lang.java.ast.ASTEnumBody,L14169,L103,C:\Users\domco\Desktop\DP\repos\pmd\pmd-java\src\main\java\net\sourceforge\pmd\lang\java\ast\ASTEnumBody.java,8,1,23,2,0.0,0,0,0,0.0,0.0,0,0,1,0,0,3,1,8,0,2,5,0.25,0.214286,3,3,1,3,0.214286,3,4,5,0,0,1,11,16,16,15,0,0,3,0,3,0,63,3,0,60,4,11,16,16,15,0,0,3,0,3,0,63,3,0,60,4,0,0,10,0,1,1,0,0,0,0,0,0,7,0,0,0,0,0,0,3,1.0
1019,L14889,ASTEnumConstant,net.sourceforge.pmd.lang.java.ast.ASTEnumConstant,L14169,L103,C:\Users\domco\Desktop\DP\repos\pmd\pmd-java\src\main\java\net\sourceforge\pmd\lang\java\ast\ASTEnumConstant.java,8,1,23,2,0.0,0,0,0,0.0,0.0,0,0,1,0,0,3,1,8,0,2,5,0.25,0.214286,3,3,1,3,0.214286,3,4,5,0,0,1,11,16,16,15,0,0,3,0,3,0,63,3,0,60,4,11,16,16,15,0,0,3,0,3,0,63,3,0,60,4,0,0,10,0,1,1,0,0,0,0,0,0,7,0,0,0,0,0,0,3,1.0
1020,L14956,ASTEnumDeclaration,net.sourceforge.pmd.lang.java.ast.ASTEnumDeclaration,L14169,L103,C:\Users\domco\Desktop\DP\repos\pmd\pmd-java\src\main\java\net\sourceforge\pmd\lang\java\ast\ASTEnumDeclaration.java,10,1,58,2,0.446281,1,3,1,0.306122,0.342105,15,13,2,2,2,10,10,21,2,10,17,0.0,0.0,0,0,0,8,0.0,0,6,12,0,0,2,38,49,31,21,1,3,7,0,7,0,103,14,12,98,20,38,49,31,21,1,3,7,0,7,0,103,14,12,98,20,0,0,42,0,1,1,11,0,1,0,0,0,17,0,0,3,0,0,0,10,1.0
1021,L15153,ASTEqualityExpression,net.sourceforge.pmd.lang.java.ast.ASTEqualityExpression,L14169,L103,C:\Users\domco\Desktop\DP\repos\pmd\pmd-java\src\main\java\net\sourceforge\pmd\lang\java\ast\ASTEqualityExpression.java,8,1,24,2,0.0,0,0,0,0.0,0.0,0,0,1,0,0,3,1,15,0,2,5,0.25,0.214286,3,3,1,3,0.214286,3,5,7,0,0,1,11,17,17,17,0,0,3,0,3,0,69,3,0,66,6,11,17,17,17,0,0,3,0,3,0,69,3,0,66,6,0,0,12,0,1,1,0,0,0,0,0,0,7,0,0,1,0,0,0,4,1.0
1022,L15163,ASTExclusiveOrExpression,net.sourceforge.pmd.lang.java.ast.ASTExclusiveOrExpression,L14169,L103,C:\Users\domco\Desktop\DP\repos\pmd\pmd-java\src\main\java\net\sourceforge\pmd\lang\java\ast\ASTExclusiveOrExpression.java,8,1,23,2,0.0,0,0,0,0.0,0.0,0,0,1,0,0,3,1,5,0,2,5,0.25,0.214286,3,3,1,3,0.214286,3,5,7,0,0,1,11,16,17,17,0,0,3,0,3,0,69,3,0,66,6,11,16,17,17,0,0,3,0,3,0,69,3,0,66,6,0,0,12,0,1,1,0,0,0,0,0,0,7,0,0,1,0,0,0,4,1.0
1023,L15173,ASTExplicitConstructorInvocation,net.sourceforge.pmd.lang.java.ast.ASTExplicitConstructorInvocation,L14169,L103,C:\Users\domco\Desktop\DP\repos\pmd\pmd-java\src\main\java\net\sourceforge\pmd\lang\java\ast\ASTExplicitConstructorInvocation.java,8,1,51,2,0.0,0,0,0,0.0,0.0,0,0,2,1,1,11,3,11,2,5,13,0.111111,0.0857143,3,3,1,8,0.0857143,3,4,5,0,0,1,32,44,17,16,1,1,8,0,8,2,68,10,0,65,6,32,44,17,16,1,1,8,0,8,2,68,10,0,65,6,0,0,22,0,0,0,0,0,1,0,0,0,17,0,0,0,0,0,0,4,0
1024,L15193,ASTExpression,net.sourceforge.pmd.lang.java.ast.ASTExpression,L14169,L103,C:\Users\domco\Desktop\DP\repos\pmd\pmd-java\src\main\java\net\sourceforge\pmd\lang\java\ast\ASTExpression.java,8,1,51,2,0.0,0,0,0,0.0,0.0,0,0,2,1,1,13,6,31,2,6,10,0.2,0.117647,4,3,1,4,0.117647,4,5,7,0,0,1,30,44,17,17,0,0,4,0,4,0,70,15,0,67,6,30,44,17,17,0,0,4,0,4,0,70,15,0,67,6,0,0,15,0,2,1,0,0,1,0,0,1,9,0,0,1,0,0,0,4,1.0
1025,L15215,ASTExtendsList,net.sourceforge.pmd.lang.java.ast.ASTExtendsList,L14169,L103,C:\Users\domco\Desktop\DP\repos\pmd\pmd-java\src\main\java\net\sourceforge\pmd\lang\java\ast\ASTExtendsList.java,8,1,23,2,0.0,0,0,0,0.0,0.0,0,0,1,0,0,3,1,11,0,2,5,0.25,0.214286,3,3,1,3,0.214286,3,4,5,0,0,1,11,16,16,15,0,0,3,0,3,0,63,3,0,60,4,11,16,16,15,0,0,3,0,3,0,63,3,0,60,4,0,0,10,0,1,1,0,0,0,0,0,0,7,0,0,0,0,0,0,3,0
1026,L15225,ASTFieldDeclaration,net.sourceforge.pmd.lang.java.ast.ASTFieldDeclaration,L14169,L103,C:\Users\domco\Desktop\DP\repos\pmd\pmd-java\src\main\java\net\sourceforge\pmd\lang\java\ast\ASTFieldDeclaration.java,11,1,156,2,0.0,0,0,0,0.0,0.0,0,0,3,1,1,42,13,46,31,20,40,0.105263,0.0819672,10,10,2,17,0.0819672,10,6,11,0,0,3,112,146,31,21,1,3,20,0,18,0,117,48,12,110,20,112,146,31,21,1,3,20,0,18,0,117,48,12,110,20,0,0,55,0,3,2,0,0,1,0,1,1,39,0,0,3,0,0,0,11,1.0
1027,L15286,ASTFinallyStatement,net.sourceforge.pmd.lang.java.ast.ASTFinallyStatement,L14169,L103,C:\Users\domco\Desktop\DP\repos\pmd\pmd-java\src\main\java\net\sourceforge\pmd\lang\java\ast\ASTFinallyStatement.java,8,1,23,2,0.0,0,0,0,0.0,0.0,0,0,1,0,0,3,1,8,0,2,5,0.25,0.214286,3,3,1,3,0.214286,3,4,5,0,0,1,11,16,16,15,0,0,3,0,3,0,63,3,0,60,4,11,16,16,15,0,0,3,0,3,0,63,3,0,60,4,0,0,10,0,1,1,0,0,0,0,0,0,7,0,0,0,0,0,0,3,1.0
1028,L15296,ASTForInit,net.sourceforge.pmd.lang.java.ast.ASTForInit,L14169,L103,C:\Users\domco\Desktop\DP\repos\pmd\pmd-java\src\main\java\net\sourceforge\pmd\lang\java\ast\ASTForInit.java,8,1,23,2,0.0,0,0,0,0.0,0.0,0,0,1,0,0,3,1,10,0,2,5,0.25,0.214286,3,3,1,3,0.214286,3,4,5,0,0,1,11,16,16,15,0,0,3,0,3,0,63,3,0,60,4,11,16,16,15,0,0,3,0,3,0,63,3,0,60,4,0,0,10,0,1,1,0,0,0,0,0,0,7,0,0,0,0,0,0,3,1.0
1029,L15306,ASTFormalParameter,net.sourceforge.pmd.lang.java.ast.ASTFormalParameter,L14169,L103,C:\Users\domco\Desktop\DP\repos\pmd\pmd-java\src\main\java\net\sourceforge\pmd\lang\java\ast\ASTFormalParameter.java,10,1,92,2,0.181416,1,4,1,0.13253,0.161765,11,11,3,3,3,20,9,30,17,11,24,0.0,0.0,0,0,0,11,0.0,0,5,9,1,1,3,68,83,30,19,1,3,13,0,10,1,104,30,12,96,19,68,83,30,19,1,3,13,0,10,1,104,30,12,96,19,0,0,52,1,1,1,10,0,1,0,0,0,29,0,1,2,0,0,0,10,1.0
1030,L15054,ASTFormalParameters,net.sourceforge.pmd.lang.java.ast.ASTFormalParameters,L14169,L103,C:\Users\domco\Desktop\DP\repos\pmd\pmd-java\src\main\java\net\sourceforge\pmd\lang\java\ast\ASTFormalParameters.java,8,1,27,2,0.0,0,0,0,0.0,0.0,0,0,1,0,0,4,2,17,7,3,7,0.2,0.176471,3,3,1,4,0.176471,3,4,5,0,0,1,14,20,16,16,0,1,4,0,4,0,64,4,0,61,4,14,20,16,16,0,1,4,0,4,0,64,4,0,61,4,0,0,13,0,1,1,0,0,0,0,0,0,9,0,0,0,0,0,0,4,1.0
1031,L15350,ASTForStatement,net.sourceforge.pmd.lang.java.ast.ASTForStatement,L14169,L103,C:\Users\domco\Desktop\DP\repos\pmd\pmd-java\src\main\java\net\sourceforge\pmd\lang\java\ast\ASTForStatement.java,8,1,23,2,0.0,0,0,0,0.0,0.0,0,0,1,0,0,3,1,20,0,2,5,0.25,0.214286,3,3,1,3,0.214286,3,4,5,0,0,1,11,16,16,15,0,0,3,0,3,0,63,3,0,60,4,11,16,16,15,0,0,3,0,3,0,63,3,0,60,4,0,0,10,0,1,1,0,0,0,0,0,0,7,0,0,0,0,0,0,3,1.0
1032,L15360,ASTForUpdate,net.sourceforge.pmd.lang.java.ast.ASTForUpdate,L14169,L103,C:\Users\domco\Desktop\DP\repos\pmd\pmd-java\src\main\java\net\sourceforge\pmd\lang\java\ast\ASTForUpdate.java,8,1,23,2,0.0,0,0,0,0.0,0.0,0,0,1,0,0,3,1,7,0,2,5,0.25,0.214286,3,3,1,3,0.214286,3,4,5,0,0,1,11,16,16,15,0,0,3,0,3,0,63,3,0,60,4,11,16,16,15,0,0,3,0,3,0,63,3,0,60,4,0,0,10,0,1,1,0,0,0,0,0,0,7,0,0,0,0,0,0,3,1.0
1033,L15370,ASTIfStatement,net.sourceforge.pmd.lang.java.ast.ASTIfStatement,L14169,L103,C:\Users\domco\Desktop\DP\repos\pmd\pmd-java\src\main\java\net\sourceforge\pmd\lang\java\ast\ASTIfStatement.java,8,1,35,2,0.0,0,0,0,0.0,0.0,0,0,2,0,0,5,1,27,7,2,7,0.166667,0.136364,3,3,1,5,0.136364,3,4,5,0,0,1,19,28,17,15,1,0,5,0,5,1,65,5,0,62,5,19,28,17,15,1,0,5,0,5,1,65,5,0,62,5,0,0,15,0,1,0,0,0,1,0,0,0,11,0,1,0,0,0,0,3,1.0
1034,L15384,ASTImplementsList,net.sourceforge.pmd.lang.java.ast.ASTImplementsList,L14169,L103,C:\Users\domco\Desktop\DP\repos\pmd\pmd-java\src\main\java\net\sourceforge\pmd\lang\java\ast\ASTImplementsList.java,8,1,23,2,0.0,0,0,0,0.0,0.0,0,0,1,0,0,3,1,9,0,2,5,0.25,0.214286,3,3,1,3,0.214286,3,4,5,0,0,1,11,16,16,15,0,0,3,0,3,0,63,3,0,60,4,11,16,16,15,0,0,3,0,3,0,63,3,0,60,4,0,0,10,0,1,1,0,0,0,0,0,0,7,0,0,0,0,0,0,3,1.0
1035,L15394,ASTImportDeclaration,net.sourceforge.pmd.lang.java.ast.ASTImportDeclaration,L14169,L103,C:\Users\domco\Desktop\DP\repos\pmd\pmd-java\src\main\java\net\sourceforge\pmd\lang\java\ast\ASTImportDeclaration.java,8,1,75,2,0.0,0,0,0,0.0,0.0,0,0,3,1,1,14,3,26,21,4,16,0.153846,0.0909091,5,5,2,11,0.0909091,5,5,7,0,0,1,50,68,20,21,3,4,12,0,12,3,78,18,0,75,9,50,68,20,21,3,4,12,0,12,3,78,18,0,75,9,0,0,30,0,2,0,0,0,1,0,0,0,23,0,2,1,0,0,0,5,0
1036,L15426,ASTInclusiveOrExpression,net.sourceforge.pmd.lang.java.ast.ASTInclusiveOrExpression,L14169,L103,C:\Users\domco\Desktop\DP\repos\pmd\pmd-java\src\main\java\net\sourceforge\pmd\lang\java\ast\ASTInclusiveOrExpression.java,8,1,23,2,0.0,0,0,0,0.0,0.0,0,0,1,0,0,3,1,5,0,2,5,0.25,0.214286,3,3,1,3,0.214286,3,5,7,0,0,1,11,16,17,17,0,0,3,0,3,0,69,3,0,66,6,11,16,17,17,0,0,3,0,3,0,69,3,0,66,6,0,0,12,0,1,1,0,0,0,0,0,0,7,0,0,1,0,0,0,4,1.0
1037,L15436,ASTInitializer,net.sourceforge.pmd.lang.java.ast.ASTInitializer,L14169,L103,C:\Users\domco\Desktop\DP\repos\pmd\pmd-java\src\main\java\net\sourceforge\pmd\lang\java\ast\ASTInitializer.java,8,1,35,2,0.0,0,0,0,0.0,0.0,0,0,2,0,0,5,1,12,2,2,7,0.166667,0.136364,3,3,1,5,0.136364,3,4,5,0,0,1,19,28,17,15,1,0,5,0,5,1,65,5,0,62,5,19,28,17,15,1,0,5,0,5,1,65,5,0,62,5,0,0,15,0,1,0,0,0,1,0,0,0,11,0,1,0,0,0,0,3,0
1038,L15450,ASTInstanceOfExpression,net.sourceforge.pmd.lang.java.ast.ASTInstanceOfExpression,L14169,L103,C:\Users\domco\Desktop\DP\repos\pmd\pmd-java\src\main\java\net\sourceforge\pmd\lang\java\ast\ASTInstanceOfExpression.java,8,1,23,2,0.0,0,0,0,0.0,0.0,0,0,1,0,0,3,1,5,0,2,5,0.25,0.214286,3,3,1,3,0.214286,3,5,7,0,0,1,11,16,17,17,0,0,3,0,3,0,69,3,0,66,6,11,16,17,17,0,0,3,0,3,0,69,3,0,66,6,0,0,12,0,1,1,0,0,0,0,0,0,7,0,0,1,0,0,0,4,1.0
1039,L15460,ASTLabeledStatement,net.sourceforge.pmd.lang.java.ast.ASTLabeledStatement,L14169,L103,C:\Users\domco\Desktop\DP\repos\pmd\pmd-java\src\main\java\net\sourceforge\pmd\lang\java\ast\ASTLabeledStatement.java,8,1,21,2,0.0,0,0,0,0.0,0.0,0,0,1,0,0,3,1,8,0,2,5,0.0,0.0,0,0,0,4,0.0,0,4,5,0,0,1,11,14,16,15,0,0,3,0,3,0,63,3,0,60,4,11,14,16,15,0,0,3,0,3,0,63,3,0,60,4,0,0,12,0,1,1,0,0,0,0,0,0,9,0,0,0,0,0,0,3,1.0
1040,L15469,ASTLambdaExpression,net.sourceforge.pmd.lang.java.ast.ASTLambdaExpression,L14169,L103,C:\Users\domco\Desktop\DP\repos\pmd\pmd-java\src\main\java\net\sourceforge\pmd\lang\java\ast\ASTLambdaExpression.java,9,1,27,2,0.0,0,0,0,0.0,0.0,0,0,2,0,0,4,1,12,0,2,6,0.2,0.25,5,1,1,4,0.25,5,5,7,0,0,1,15,19,29,16,0,0,4,0,4,0,94,4,12,89,18,15,19,29,16,0,0,4,0,4,0,94,4,12,89,18,0,0,18,0,1,1,0,0,1,0,0,0,7,0,0,1,0,0,0,9,1.0
1041,L14615,ASTLiteral,net.sourceforge.pmd.lang.java.ast.ASTLiteral,L14169,L103,C:\Users\domco\Desktop\DP\repos\pmd\pmd-java\src\main\java\net\sourceforge\pmd\lang\java\ast\ASTLiteral.java,10,1,164,2,0.0,0,0,0,0.0,0.0,0,0,4,3,3,47,2,34,32,5,20,0.3125,0.218978,30,30,5,11,0.218978,30,5,7,0,0,1,107,155,22,18,5,1,15,0,15,4,81,55,0,78,10,107,155,22,18,5,1,15,0,15,4,81,55,0,78,10,0,0,30,0,2,0,0,0,1,0,0,2,23,0,0,1,0,0,0,5,1.0
1042,L15519,ASTLocalVariableDeclaration,net.sourceforge.pmd.lang.java.ast.ASTLocalVariableDeclaration,L14169,L103,C:\Users\domco\Desktop\DP\repos\pmd\pmd-java\src\main\java\net\sourceforge\pmd\lang\java\ast\ASTLocalVariableDeclaration.java,10,1,83,2,0.233333,2,8,2,0.148649,0.207547,11,11,2,3,3,17,9,25,9,10,21,0.222222,0.15873,10,10,2,7,0.15873,10,5,9,0,0,3,53,74,29,20,0,4,11,0,8,0,102,26,12,94,18,53,74,29,20,0,4,11,0,8,0,102,26,12,94,18,0,0,44,0,3,3,10,0,1,0,0,0,21,0,0,2,0,0,0,10,1.0
1043,L15543,ASTMarkerAnnotation,net.sourceforge.pmd.lang.java.ast.ASTMarkerAnnotation,L14169,L103,C:\Users\domco\Desktop\DP\repos\pmd\pmd-java\src\main\java\net\sourceforge\pmd\lang\java\ast\ASTMarkerAnnotation.java,8,1,23,2,0.0,0,0,0,0.0,0.0,0,0,1,0,0,3,1,12,0,2,5,0.25,0.214286,3,3,1,3,0.214286,3,5,7,0,0,1,11,16,17,17,0,0,3,0,3,0,69,3,0,66,6,11,16,17,17,0,0,3,0,3,0,69,3,0,66,6,0,0,12,0,1,1,0,0,0,0,0,0,7,0,0,1,0,0,0,4,1.0
1044,L15553,ASTMemberSelector,net.sourceforge.pmd.lang.java.ast.ASTMemberSelector,L14169,L103,C:\Users\domco\Desktop\DP\repos\pmd\pmd-java\src\main\java\net\sourceforge\pmd\lang\java\ast\ASTMemberSelector.java,8,1,23,2,0.0,0,0,0,0.0,0.0,0,0,1,0,0,3,1,6,0,2,5,0.25,0.214286,3,3,1,3,0.214286,3,4,5,0,0,1,11,16,16,15,0,0,3,0,3,0,63,3,0,60,4,11,16,16,15,0,0,3,0,3,0,63,3,0,60,4,0,0,10,0,1,1,0,0,0,0,0,0,7,0,0,0,0,0,0,3,1.0
1045,L15563,ASTMemberValue,net.sourceforge.pmd.lang.java.ast.ASTMemberValue,L14169,L103,C:\Users\domco\Desktop\DP\repos\pmd\pmd-java\src\main\java\net\sourceforge\pmd\lang\java\ast\ASTMemberValue.java,8,1,23,2,0.0,0,0,0,0.0,0.0,0,0,1,0,0,3,1,4,0,2,5,0.25,0.214286,3,3,1,3,0.214286,3,4,5,0,0,1,11,16,16,15,0,0,3,0,3,0,63,3,0,60,4,11,16,16,15,0,0,3,0,3,0,63,3,0,60,4,0,0,10,0,1,1,0,0,0,0,0,0,7,0,0,0,0,0,0,3,1.0
1046,L15573,ASTMemberValueArrayInitializer,net.sourceforge.pmd.lang.java.ast.ASTMemberValueArrayInitializer,L14169,L103,C:\Users\domco\Desktop\DP\repos\pmd\pmd-java\src\main\java\net\sourceforge\pmd\lang\java\ast\ASTMemberValueArrayInitializer.java,8,1,23,2,0.0,0,0,0,0.0,0.0,0,0,1,0,0,3,1,4,0,2,5,0.25,0.214286,3,3,1,3,0.214286,3,4,5,0,0,1,11,16,16,15,0,0,3,0,3,0,63,3,0,60,4,11,16,16,15,0,0,3,0,3,0,63,3,0,60,4,0,0,10,0,1,1,0,0,0,0,0,0,7,0,0,0,0,0,0,3,1.0
1047,L15583,ASTMemberValuePair,net.sourceforge.pmd.lang.java.ast.ASTMemberValuePair,L14169,L103,C:\Users\domco\Desktop\DP\repos\pmd\pmd-java\src\main\java\net\sourceforge\pmd\lang\java\ast\ASTMemberValuePair.java,8,1,23,2,0.0,0,0,0,0.0,0.0,0,0,1,0,0,3,1,5,0,2,5,0.25,0.214286,3,3,1,3,0.214286,3,4,5,0,0,1,11,16,16,15,0,0,3,0,3,0,63,3,0,60,4,11,16,16,15,0,0,3,0,3,0,63,3,0,60,4,0,0,10,0,1,1,0,0,0,0,0,0,7,0,0,0,0,0,0,3,1.0
1048,L15593,ASTMemberValuePairs,net.sourceforge.pmd.lang.java.ast.ASTMemberValuePairs,L14169,L103,C:\Users\domco\Desktop\DP\repos\pmd\pmd-java\src\main\java\net\sourceforge\pmd\lang\java\ast\ASTMemberValuePairs.java,8,1,23,2,0.0,0,0,0,0.0,0.0,0,0,1,0,0,3,1,4,0,2,5,0.25,0.214286,3,3,1,3,0.214286,3,4,5,0,0,1,11,16,16,15,0,0,3,0,3,0,63,3,0,60,4,11,16,16,15,0,0,3,0,3,0,63,3,0,60,4,0,0,10,0,1,1,0,0,0,0,0,0,7,0,0,0,0,0,0,3,1.0
1049,L15603,ASTMethodDeclaration,net.sourceforge.pmd.lang.java.ast.ASTMethodDeclaration,L14169,L103,C:\Users\domco\Desktop\DP\repos\pmd\pmd-java\src\main\java\net\sourceforge\pmd\lang\java\ast\ASTMethodDeclaration.java,12,1,138,2,0.0,0,0,0,0.0,0.0,0,0,3,2,2,29,12,88,48,14,30,0.117647,0.104762,11,8,2,15,0.104762,11,5,12,0,0,3,94,127,31,23,2,7,16,0,16,0,104,46,12,99,18,94,127,31,23,2,7,16,0,16,0,104,46,12,99,18,0,0,47,0,1,1,0,0,1,0,1,0,31,0,0,2,0,0,0,12,1.0
1050,L15617,ASTMethodDeclarator,net.sourceforge.pmd.lang.java.ast.ASTMethodDeclarator,L14169,L103,C:\Users\domco\Desktop\DP\repos\pmd\pmd-java\src\main\java\net\sourceforge\pmd\lang\java\ast\ASTMethodDeclarator.java,8,1,27,2,0.0,0,0,0,0.0,0.0,0,0,1,0,0,4,3,31,10,4,8,0.2,0.176471,3,3,1,4,0.176471,3,4,5,0,0,1,14,20,16,16,0,1,4,0,4,0,64,4,0,61,4,14,20,16,16,0,1,4,0,4,0,64,4,0,61,4,0,0,13,0,1,1,0,0,0,0,0,0,9,0,0,0,0,0,0,4,1.0
1051,L15665,ASTMethodReference,net.sourceforge.pmd.lang.java.ast.ASTMethodReference,L14169,L103,C:\Users\domco\Desktop\DP\repos\pmd\pmd-java\src\main\java\net\sourceforge\pmd\lang\java\ast\ASTMethodReference.java,9,1,22,2,0.0,0,0,0,0.0,0.0,0,0,1,0,0,3,1,7,0,2,5,0.25,0.3125,5,1,1,3,0.3125,5,4,5,0,0,1,11,14,16,15,0,0,3,0,3,0,63,3,0,60,4,11,14,16,15,0,0,3,0,3,0,63,3,0,60,4,0,0,8,0,1,1,0,0,0,0,0,0,5,0,0,0,0,0,0,3,1.0
1052,L15675,ASTModuleDeclaration,net.sourceforge.pmd.lang.java.ast.ASTModuleDeclaration,L14169,L103,C:\Users\domco\Desktop\DP\repos\pmd\pmd-java\src\main\java\net\sourceforge\pmd\lang\java\ast\ASTModuleDeclaration.java,9,1,32,2,0.0,0,0,0,0.0,0.0,0,0,2,0,0,5,1,5,1,2,7,0.166667,0.1,2,1,1,5,0.1,2,4,5,0,0,1,18,24,17,15,1,0,5,0,5,1,65,5,0,62,5,18,24,17,15,1,0,5,0,5,1,65,5,0,62,5,0,0,15,0,1,1,0,0,1,0,0,0,11,0,0,0,0,0,0,3,1.0
1053,L15690,ASTModuleDirective,net.sourceforge.pmd.lang.java.ast.ASTModuleDirective,L14169,L103,C:\Users\domco\Desktop\DP\repos\pmd\pmd-java\src\main\java\net\sourceforge\pmd\lang\java\ast\ASTModuleDirective.java,9,1,50,2,0.0,0,0,0,0.0,0.0,0,0,1,0,0,8,3,6,2,2,9,0.125,0.166667,5,1,1,7,0.138889,5,4,5,0,0,1,25,36,18,17,2,2,7,0,7,2,67,7,0,64,6,31,42,25,17,9,2,7,7,7,2,67,7,7,64,6,0,0,37,0,2,1,0,0,0,0,0,1,21,0,0,0,0,0,0,16,1.0
1054,L15739,ASTModuleName,net.sourceforge.pmd.lang.java.ast.ASTModuleName,L14169,L103,C:\Users\domco\Desktop\DP\repos\pmd\pmd-java\src\main\java\net\sourceforge\pmd\lang\java\ast\ASTModuleName.java,10,1,23,2,0.0,0,0,0,0.0,0.0,0,0,1,0,0,3,1,5,0,2,5,0.25,0.3125,5,1,1,3,0.3125,5,4,5,0,0,1,11,14,16,15,0,0,3,0,3,0,63,3,0,60,4,11,14,16,15,0,0,3,0,3,0,63,3,0,60,4,0,0,8,0,1,1,0,0,0,0,0,0,5,0,0,0,0,0,0,3,1.0
1055,L15749,ASTMultiplicativeExpression,net.sourceforge.pmd.lang.java.ast.ASTMultiplicativeExpression,L14169,L103,C:\Users\domco\Desktop\DP\repos\pmd\pmd-java\src\main\java\net\sourceforge\pmd\lang\java\ast\ASTMultiplicativeExpression.java,8,1,23,2,0.0,0,0,0,0.0,0.0,0,0,1,0,0,3,1,6,0,2,5,0.25,0.214286,3,3,1,3,0.214286,3,5,7,0,0,1,11,16,17,17,0,0,3,0,3,0,69,3,0,66,6,11,16,17,17,0,0,3,0,3,0,69,3,0,66,6,0,0,12,0,1,1,0,0,0,0,0,0,7,0,0,1,0,0,0,4,1.0
1056,L14611,ASTName,net.sourceforge.pmd.lang.java.ast.ASTName,L14169,L103,C:\Users\domco\Desktop\DP\repos\pmd\pmd-java\src\main\java\net\sourceforge\pmd\lang\java\ast\ASTName.java,10,1,37,2,0.0,0,0,0,0.0,0.0,0,0,1,0,0,5,2,68,19,2,7,0.166667,0.136364,3,3,1,5,0.136364,3,5,7,0,0,1,19,28,18,18,1,1,5,0,5,1,71,5,0,68,7,19,28,18,18,1,1,5,0,5,1,71,5,0,68,7,0,0,16,0,0,0,0,0,0,0,0,0,11,0,0,1,0,0,0,4,1.0
1057,L15641,ASTNameList,net.sourceforge.pmd.lang.java.ast.ASTNameList,L14169,L103,C:\Users\domco\Desktop\DP\repos\pmd\pmd-java\src\main\java\net\sourceforge\pmd\lang\java\ast\ASTNameList.java,8,1,23,2,0.0,0,0,0,0.0,0.0,0,0,1,0,0,3,1,8,0,2,5,0.25,0.214286,3,3,1,3,0.214286,3,4,5,0,0,1,11,16,16,15,0,0,3,0,3,0,63,3,0,60,4,11,16,16,15,0,0,3,0,3,0,63,3,0,60,4,0,0,10,0,1,1,0,0,0,0,0,0,7,0,0,0,0,0,0,3,1.0
1058,L14605,ASTNormalAnnotation,net.sourceforge.pmd.lang.java.ast.ASTNormalAnnotation,L14169,L103,C:\Users\domco\Desktop\DP\repos\pmd\pmd-java\src\main\java\net\sourceforge\pmd\lang\java\ast\ASTNormalAnnotation.java,8,1,23,2,0.0,0,0,0,0.0,0.0,0,0,1,0,0,3,1,7,0,2,5,0.25,0.214286,3,3,1,3,0.214286,3,5,7,0,0,1,11,16,17,17,0,0,3,0,3,0,69,3,0,66,6,11,16,17,17,0,0,3,0,3,0,69,3,0,66,6,0,0,12,0,1,1,0,0,0,0,0,0,7,0,0,1,0,0,0,4,1.0
1059,L15212,ASTNullLiteral,net.sourceforge.pmd.lang.java.ast.ASTNullLiteral,L14169,L103,C:\Users\domco\Desktop\DP\repos\pmd\pmd-java\src\main\java\net\sourceforge\pmd\lang\java\ast\ASTNullLiteral.java,8,1,23,2,0.0,0,0,0,0.0,0.0,0,0,1,0,0,3,1,13,0,2,5,0.25,0.214286,3,3,1,3,0.214286,3,5,7,0,0,1,11,16,17,17,0,0,3,0,3,0,69,3,0,66,6,11,16,17,17,0,0,3,0,3,0,69,3,0,66,6,0,0,12,0,1,1,0,0,0,0,0,0,7,0,0,1,0,0,0,4,1.0
1060,L14997,ASTPackageDeclaration,net.sourceforge.pmd.lang.java.ast.ASTPackageDeclaration,L14169,L103,C:\Users\domco\Desktop\DP\repos\pmd\pmd-java\src\main\java\net\sourceforge\pmd\lang\java\ast\ASTPackageDeclaration.java,8,1,28,2,0.0,0,0,0,0.0,0.0,0,0,1,0,0,4,3,13,4,5,9,0.2,0.166667,3,3,1,4,0.166667,3,4,5,0,0,1,15,21,16,16,0,1,4,0,4,0,64,4,0,61,4,15,21,16,16,0,1,4,0,4,0,64,4,0,61,4,0,0,13,0,0,0,0,0,0,0,0,0,9,0,0,0,0,0,0,4,0
1061,L15810,ASTPostfixExpression,net.sourceforge.pmd.lang.java.ast.ASTPostfixExpression,L14169,L103,C:\Users\domco\Desktop\DP\repos\pmd\pmd-java\src\main\java\net\sourceforge\pmd\lang\java\ast\ASTPostfixExpression.java,8,1,25,2,0.0,0,0,0,0.0,0.0,0,0,1,0,0,3,1,7,0,2,5,0.25,0.214286,3,3,1,3,0.214286,3,5,7,0,0,1,11,18,17,17,0,0,3,0,3,0,69,3,0,66,6,11,18,17,17,0,0,3,0,3,0,69,3,0,66,6,0,0,12,0,1,1,0,0,0,0,0,0,7,0,0,1,0,0,0,4,1.0
1062,L15820,ASTPreDecrementExpression,net.sourceforge.pmd.lang.java.ast.ASTPreDecrementExpression,L14169,L103,C:\Users\domco\Desktop\DP\repos\pmd\pmd-java\src\main\java\net\sourceforge\pmd\lang\java\ast\ASTPreDecrementExpression.java,8,1,23,2,0.0,0,0,0,0.0,0.0,0,0,1,0,0,3,1,7,0,2,5,0.25,0.214286,3,3,1,3,0.214286,3,5,7,0,0,1,11,16,17,17,0,0,3,0,3,0,69,3,0,66,6,11,16,17,17,0,0,3,0,3,0,69,3,0,66,6,0,0,12,0,1,1,0,0,0,0,0,0,7,0,0,1,0,0,0,4,1.0
1063,L15830,ASTPreIncrementExpression,net.sourceforge.pmd.lang.java.ast.ASTPreIncrementExpression,L14169,L103,C:\Users\domco\Desktop\DP\repos\pmd\pmd-java\src\main\java\net\sourceforge\pmd\lang\java\ast\ASTPreIncrementExpression.java,8,1,24,2,0.0,0,0,0,0.0,0.0,0,0,1,0,0,3,1,7,0,2,5,0.25,0.214286,3,3,1,3,0.214286,3,5,7,0,0,1,11,17,17,17,0,0,3,0,3,0,69,3,0,66,6,11,17,17,17,0,0,3,0,3,0,69,3,0,66,6,0,0,12,0,1,1,0,0,0,0,0,0,7,0,0,1,0,0,0,4,1.0
1064,L15204,ASTPrimaryExpression,net.sourceforge.pmd.lang.java.ast.ASTPrimaryExpression,L14169,L103,C:\Users\domco\Desktop\DP\repos\pmd\pmd-java\src\main\java\net\sourceforge\pmd\lang\java\ast\ASTPrimaryExpression.java,8,1,24,2,0.0,0,0,0,0.0,0.0,0,0,1,0,0,3,1,49,0,2,5,0.25,0.214286,3,3,1,3,0.214286,3,5,7,0,0,1,11,17,17,17,0,0,3,0,3,0,69,3,0,66,6,11,17,17,17,0,0,3,0,3,0,69,3,0,66,6,0,0,12,0,1,1,0,0,0,0,0,0,7,0,0,1,0,0,0,4,1.0
1065,L15207,ASTPrimaryPrefix,net.sourceforge.pmd.lang.java.ast.ASTPrimaryPrefix,L14169,L103,C:\Users\domco\Desktop\DP\repos\pmd\pmd-java\src\main\java\net\sourceforge\pmd\lang\java\ast\ASTPrimaryPrefix.java,8,1,44,2,0.0,0,0,0,0.0,0.0,0,0,3,0,0,7,1,43,13,2,9,0.125,0.103448,3,3,1,7,0.103448,3,5,7,0,0,1,26,37,19,17,2,0,7,0,7,2,73,7,0,70,8,26,37,19,17,2,0,7,0,7,2,73,7,0,70,8,0,0,21,0,2,0,0,0,1,0,0,0,15,0,2,1,0,0,0,4,1.0
1066,L15866,ASTPrimarySuffix,net.sourceforge.pmd.lang.java.ast.ASTPrimarySuffix,L14169,L103,C:\Users\domco\Desktop\DP\repos\pmd\pmd-java\src\main\java\net\sourceforge\pmd\lang\java\ast\ASTPrimarySuffix.java,8,1,59,2,0.0,0,0,0,0.0,0.0,0,0,3,1,1,9,3,33,14,5,13,0.222222,0.255814,11,11,2,7,0.255814,11,5,7,0,0,1,32,52,19,18,2,1,8,0,8,2,74,10,0,71,8,32,52,19,18,2,1,8,0,8,2,74,10,0,71,8,0,0,19,0,2,0,0,0,1,0,0,0,13,0,2,1,0,0,0,4,1.0
1067,L15887,ASTPrimitiveType,net.sourceforge.pmd.lang.java.ast.ASTPrimitiveType,L14169,L103,C:\Users\domco\Desktop\DP\repos\pmd\pmd-java\src\main\java\net\sourceforge\pmd\lang\java\ast\ASTPrimitiveType.java,8,1,46,2,0.0,0,0,0,0.0,0.0,0,0,3,0,0,7,3,15,3,3,10,0.125,0.1,3,3,1,7,0.1,3,5,8,0,0,2,27,39,18,18,1,1,7,0,7,0,73,7,0,70,6,27,39,18,18,1,1,7,0,7,0,73,7,0,70,6,0,0,22,0,0,0,0,0,1,0,0,0,15,0,0,2,0,0,0,4,0
1068,L14964,ASTReferenceType,net.sourceforge.pmd.lang.java.ast.ASTReferenceType,L14169,L103,C:\Users\domco\Desktop\DP\repos\pmd\pmd-java\src\main\java\net\sourceforge\pmd\lang\java\ast\ASTReferenceType.java,8,1,42,2,0.0,0,0,0,0.0,0.0,0,0,2,0,0,6,2,19,4,2,8,0.142857,0.111111,3,3,1,6,0.111111,3,5,8,0,0,2,24,35,18,18,1,1,6,0,6,0,72,6,0,69,6,24,35,18,18,1,1,6,0,6,0,72,6,0,69,6,0,0,20,0,0,0,0,0,1,0,0,0,13,0,0,2,0,0,0,4,0
1069,L15915,ASTRelationalExpression,net.sourceforge.pmd.lang.java.ast.ASTRelationalExpression,L14169,L103,C:\Users\domco\Desktop\DP\repos\pmd\pmd-java\src\main\java\net\sourceforge\pmd\lang\java\ast\ASTRelationalExpression.java,8,1,23,2,0.0,0,0,0,0.0,0.0,0,0,1,0,0,3,1,7,0,2,5,0.25,0.214286,3,3,1,3,0.214286,3,5,7,0,0,1,11,16,17,17,0,0,3,0,3,0,69,3,0,66,6,11,16,17,17,0,0,3,0,3,0,69,3,0,66,6,0,0,12,0,1,1,0,0,0,0,0,0,7,0,0,1,0,0,0,4,1.0
1070,L15925,ASTResource,net.sourceforge.pmd.lang.java.ast.ASTResource,L14169,L103,C:\Users\domco\Desktop\DP\repos\pmd\pmd-java\src\main\java\net\sourceforge\pmd\lang\java\ast\ASTResource.java,11,1,35,2,0.0,0,0,0,0.0,0.0,0,0,1,2,2,6,4,5,0,4,8,0.25,0.192308,5,1,1,3,0.192308,5,6,10,0,0,1,21,25,30,20,0,1,4,0,3,0,108,10,12,99,19,21,25,30,20,0,1,4,0,3,0,108,10,12,99,19,0,0,21,0,1,1,0,0,0,0,0,0,9,0,0,2,0,0,0,10,1.0
1071,L15940,ASTResources,net.sourceforge.pmd.lang.java.ast.ASTResources,L14169,L103,C:\Users\domco\Desktop\DP\repos\pmd\pmd-java\src\main\java\net\sourceforge\pmd\lang\java\ast\ASTResources.java,9,1,22,2,0.0,0,0,0,0.0,0.0,0,0,1,0,0,3,1,4,0,2,5,0.25,0.3125,5,1,1,3,0.3125,5,4,5,0,0,1,11,14,16,15,0,0,3,0,3,0,63,3,0,60,4,11,14,16,15,0,0,3,0,3,0,63,3,0,60,4,0,0,8,0,1,1,0,0,0,0,0,0,5,0,0,0,0,0,0,3,1.0
1072,L15950,ASTResourceSpecification,net.sourceforge.pmd.lang.java.ast.ASTResourceSpecification,L14169,L103,C:\Users\domco\Desktop\DP\repos\pmd\pmd-java\src\main\java\net\sourceforge\pmd\lang\java\ast\ASTResourceSpecification.java,9,1,22,2,0.0,0,0,0,0.0,0.0,0,0,1,0,0,3,1,4,0,2,5,0.25,0.3125,5,1,1,3,0.3125,5,4,5,0,0,1,11,14,16,15,0,0,3,0,3,0,63,3,0,60,4,11,14,16,15,0,0,3,0,3,0,63,3,0,60,4,0,0,8,0,1,1,0,0,0,0,0,0,5,0,0,0,0,0,0,3,1.0
1073,L15634,ASTResultType,net.sourceforge.pmd.lang.java.ast.ASTResultType,L14169,L103,C:\Users\domco\Desktop\DP\repos\pmd\pmd-java\src\main\java\net\sourceforge\pmd\lang\java\ast\ASTResultType.java,8,1,31,2,0.0,0,0,0,0.0,0.0,0,0,2,0,0,6,3,21,11,5,10,0.166667,0.15,3,3,1,5,0.15,3,4,5,0,0,1,17,24,16,15,0,0,5,0,5,0,65,5,0,62,4,17,24,16,15,0,0,5,0,5,0,65,5,0,62,4,0,0,15,0,1,1,0,0,1,0,0,0,11,0,0,0,0,0,0,3,1.0
1074,L15972,ASTReturnStatement,net.sourceforge.pmd.lang.java.ast.ASTReturnStatement,L14169,L103,C:\Users\domco\Desktop\DP\repos\pmd\pmd-java\src\main\java\net\sourceforge\pmd\lang\java\ast\ASTReturnStatement.java,8,1,23,2,0.0,0,0,0,0.0,0.0,0,0,1,0,0,3,1,22,1,2,5,0.25,0.214286,3,3,1,3,0.214286,3,4,5,0,0,1,11,16,16,15,0,0,3,0,3,0,63,3,0,60,4,11,16,16,15,0,0,3,0,3,0,63,3,0,60,4,0,0,10,0,1,1,0,0,0,0,0,0,7,0,0,0,0,0,0,3,1.0
1075,L15982,ASTRSIGNEDSHIFT,net.sourceforge.pmd.lang.java.ast.ASTRSIGNEDSHIFT,L14169,L103,C:\Users\domco\Desktop\DP\repos\pmd\pmd-java\src\main\java\net\sourceforge\pmd\lang\java\ast\ASTRSIGNEDSHIFT.java,8,1,23,2,0.0,0,0,0,0.0,0.0,0,0,1,0,0,3,1,4,0,2,5,0.25,0.214286,3,3,1,3,0.214286,3,4,5,0,0,1,11,16,16,15,0,0,3,0,3,0,63,3,0,60,4,11,16,16,15,0,0,3,0,3,0,63,3,0,60,4,0,0,10,0,1,1,0,0,0,0,0,0,7,0,0,0,0,0,0,3,1.0
1076,L15992,ASTRUNSIGNEDSHIFT,net.sourceforge.pmd.lang.java.ast.ASTRUNSIGNEDSHIFT,L14169,L103,C:\Users\domco\Desktop\DP\repos\pmd\pmd-java\src\main\java\net\sourceforge\pmd\lang\java\ast\ASTRUNSIGNEDSHIFT.java,8,1,23,2,0.0,0,0,0,0.0,0.0,0,0,1,0,0,3,1,4,0,2,5,0.25,0.214286,3,3,1,3,0.214286,3,4,5,0,0,1,11,16,16,15,0,0,3,0,3,0,63,3,0,60,4,11,16,16,15,0,0,3,0,3,0,63,3,0,60,4,0,0,10,0,1,1,0,0,0,0,0,0,7,0,0,0,0,0,0,3,1.0
1077,L16002,ASTShiftExpression,net.sourceforge.pmd.lang.java.ast.ASTShiftExpression,L14169,L103,C:\Users\domco\Desktop\DP\repos\pmd\pmd-java\src\main\java\net\sourceforge\pmd\lang\java\ast\ASTShiftExpression.java,8,1,23,2,0.0,0,0,0,0.0,0.0,0,0,1,0,0,3,1,5,0,2,5,0.25,0.214286,3,3,1,3,0.214286,3,5,7,0,0,1,11,16,17,17,0,0,3,0,3,0,69,3,0,66,6,11,16,17,17,0,0,3,0,3,0,69,3,0,66,6,0,0,12,0,1,1,0,0,0,0,0,0,7,0,0,1,0,0,0,4,1.0
1078,L14600,ASTSingleMemberAnnotation,net.sourceforge.pmd.lang.java.ast.ASTSingleMemberAnnotation,L14169,L103,C:\Users\domco\Desktop\DP\repos\pmd\pmd-java\src\main\java\net\sourceforge\pmd\lang\java\ast\ASTSingleMemberAnnotation.java,8,1,23,2,0.0,0,0,0,0.0,0.0,0,0,1,0,0,3,1,6,0,2,5,0.25,0.214286,3,3,1,3,0.214286,3,5,7,0,0,1,11,16,17,17,0,0,3,0,3,0,69,3,0,66,6,11,16,17,17,0,0,3,0,3,0,69,3,0,66,6,0,0,12,0,1,1,0,0,0,0,0,0,7,0,0,1,0,0,0,4,1.0
1079,L16021,ASTStatement,net.sourceforge.pmd.lang.java.ast.ASTStatement,L14169,L103,C:\Users\domco\Desktop\DP\repos\pmd\pmd-java\src\main\java\net\sourceforge\pmd\lang\java\ast\ASTStatement.java,8,1,23,2,0.0,0,0,0,0.0,0.0,0,0,1,0,0,3,1,12,7,2,5,0.25,0.214286,3,3,1,3,0.214286,3,4,5,0,0,1,11,16,16,15,0,0,3,0,3,0,63,3,0,60,4,11,16,16,15,0,0,3,0,3,0,63,3,0,60,4,0,0,10,0,1,1,0,0,0,0,0,0,7,0,0,0,0,0,0,3,1.0
1080,L16031,ASTStatementExpression,net.sourceforge.pmd.lang.java.ast.ASTStatementExpression,L14169,L103,C:\Users\domco\Desktop\DP\repos\pmd\pmd-java\src\main\java\net\sourceforge\pmd\lang\java\ast\ASTStatementExpression.java,8,1,23,2,0.0,0,0,0,0.0,0.0,0,0,1,0,0,3,1,24,0,2,5,0.25,0.214286,3,3,1,3,0.214286,3,5,7,0,0,1,11,16,17,17,0,0,3,0,3,0,69,3,0,66,6,11,16,17,17,0,0,3,0,3,0,69,3,0,66,6,0,0,12,0,1,1,0,0,0,0,0,0,7,0,0,1,0,0,0,4,1.0
1081,L16041,ASTStatementExpressionList,net.sourceforge.pmd.lang.java.ast.ASTStatementExpressionList,L14169,L103,C:\Users\domco\Desktop\DP\repos\pmd\pmd-java\src\main\java\net\sourceforge\pmd\lang\java\ast\ASTStatementExpressionList.java,8,1,23,2,0.0,0,0,0,0.0,0.0,0,0,1,0,0,3,1,5,0,2,5,0.25,0.214286,3,3,1,3,0.214286,3,4,5,0,0,1,11,16,16,15,0,0,3,0,3,0,63,3,0,60,4,11,16,16,15,0,0,3,0,3,0,63,3,0,60,4,0,0,10,0,1,1,0,0,0,0,0,0,7,0,0,0,0,0,0,3,1.0
1082,L16051,ASTSwitchLabel,net.sourceforge.pmd.lang.java.ast.ASTSwitchLabel,L14169,L103,C:\Users\domco\Desktop\DP\repos\pmd\pmd-java\src\main\java\net\sourceforge\pmd\lang\java\ast\ASTSwitchLabel.java,8,1,35,2,0.0,0,0,0,0.0,0.0,0,0,2,0,0,5,1,16,6,2,7,0.166667,0.136364,3,3,1,5,0.136364,3,4,5,0,0,1,19,28,17,15,1,0,5,0,5,1,65,5,0,62,5,19,28,17,15,1,0,5,0,5,1,65,5,0,62,5,0,0,15,0,1,0,0,0,1,0,0,0,11,0,1,0,0,0,0,3,0
1083,L16065,ASTSwitchStatement,net.sourceforge.pmd.lang.java.ast.ASTSwitchStatement,L14169,L103,C:\Users\domco\Desktop\DP\repos\pmd\pmd-java\src\main\java\net\sourceforge\pmd\lang\java\ast\ASTSwitchStatement.java,8,1,23,2,0.0,0,0,0,0.0,0.0,0,0,1,0,0,3,1,17,0,2,5,0.25,0.214286,3,3,1,3,0.214286,3,4,5,0,0,1,11,16,16,15,0,0,3,0,3,0,63,3,0,60,4,11,16,16,15,0,0,3,0,3,0,63,3,0,60,4,0,0,10,0,1,1,0,0,0,0,0,0,7,0,0,0,0,0,0,3,1.0
1084,L16075,ASTSynchronizedStatement,net.sourceforge.pmd.lang.java.ast.ASTSynchronizedStatement,L14169,L103,C:\Users\domco\Desktop\DP\repos\pmd\pmd-java\src\main\java\net\sourceforge\pmd\lang\java\ast\ASTSynchronizedStatement.java,8,1,23,2,0.0,0,0,0,0.0,0.0,0,0,1,0,0,3,1,10,0,2,5,0.25,0.214286,3,3,1,3,0.214286,3,4,5,0,0,1,11,16,16,15,0,0,3,0,3,0,63,3,0,60,4,11,16,16,15,0,0,3,0,3,0,63,3,0,60,4,0,0,10,0,1,1,0,0,0,0,0,0,7,0,0,0,0,0,0,3,1.0
1085,L16085,ASTThrowStatement,net.sourceforge.pmd.lang.java.ast.ASTThrowStatement,L14169,L103,C:\Users\domco\Desktop\DP\repos\pmd\pmd-java\src\main\java\net\sourceforge\pmd\lang\java\ast\ASTThrowStatement.java,8,1,42,2,0.0,0,0,0,0.0,0.0,0,0,1,0,0,5,3,14,3,4,8,0.4,0.5,16,16,2,3,0.5,16,4,5,0,0,1,16,35,16,16,0,1,4,0,4,0,64,5,0,61,4,16,35,16,16,0,1,4,0,4,0,64,5,0,61,4,0,0,9,0,0,0,0,0,0,0,0,0,5,0,0,0,0,0,0,4,1.0
1086,L16099,ASTTryStatement,net.sourceforge.pmd.lang.java.ast.ASTTryStatement,L14169,L103,C:\Users\domco\Desktop\DP\repos\pmd\pmd-java\src\main\java\net\sourceforge\pmd\lang\java\ast\ASTTryStatement.java,8,1,44,2,0.0,0,0,0,0.0,0.0,0,0,2,2,2,9,3,14,4,4,9,0.166667,0.0967742,3,3,1,5,0.0967742,3,4,5,0,0,1,28,37,16,16,0,1,5,0,5,0,65,15,0,62,4,28,37,16,16,0,1,5,0,5,0,65,15,0,62,4,0,0,16,1,1,1,0,0,1,0,0,1,11,0,0,0,0,0,0,4,1.0
1087,L15267,ASTType,net.sourceforge.pmd.lang.java.ast.ASTType,L14169,L103,C:\Users\domco\Desktop\DP\repos\pmd\pmd-java\src\main\java\net\sourceforge\pmd\lang\java\ast\ASTType.java,8,1,46,2,0.0,0,0,0,0.0,0.0,0,0,2,1,1,10,6,31,14,7,13,0.142857,0.0909091,3,3,1,6,0.0909091,3,5,7,0,0,1,30,39,17,19,0,2,6,0,6,0,72,11,0,69,6,30,39,17,19,0,2,6,0,6,0,72,11,0,69,6,0,0,19,1,0,0,0,0,1,0,0,1,13,0,0,1,0,0,0,4,0
1088,L16127,ASTTypeArgument,net.sourceforge.pmd.lang.java.ast.ASTTypeArgument,L14169,L103,C:\Users\domco\Desktop\DP\repos\pmd\pmd-java\src\main\java\net\sourceforge\pmd\lang\java\ast\ASTTypeArgument.java,8,1,23,2,0.0,0,0,0,0.0,0.0,0,0,1,0,0,3,1,5,0,2,5,0.25,0.214286,3,3,1,3,0.214286,3,5,7,0,0,1,11,16,17,17,0,0,3,0,3,0,69,3,0,66,6,11,16,17,17,0,0,3,0,3,0,69,3,0,66,6,0,0,12,0,1,1,0,0,0,0,0,0,7,0,0,1,0,0,0,4,1.0
1089,L16137,ASTTypeArguments,net.sourceforge.pmd.lang.java.ast.ASTTypeArguments,L14169,L103,C:\Users\domco\Desktop\DP\repos\pmd\pmd-java\src\main\java\net\sourceforge\pmd\lang\java\ast\ASTTypeArguments.java,8,1,27,2,0.0,0,0,0,0.0,0.0,0,0,2,0,0,4,2,6,0,3,7,0.2,0.176471,3,3,1,4,0.176471,3,4,5,0,0,1,14,20,16,15,0,0,4,0,4,0,64,4,0,61,4,14,20,16,15,0,0,4,0,4,0,64,4,0,61,4,0,0,13,0,1,1,0,0,1,0,0,0,9,0,0,0,0,0,0,3,1.0
1090,L16148,ASTTypeBound,net.sourceforge.pmd.lang.java.ast.ASTTypeBound,L14169,L103,C:\Users\domco\Desktop\DP\repos\pmd\pmd-java\src\main\java\net\sourceforge\pmd\lang\java\ast\ASTTypeBound.java,8,1,23,2,0.0,0,0,0,0.0,0.0,0,0,1,0,0,3,1,5,0,2,5,0.25,0.214286,3,3,1,3,0.214286,3,5,7,0,0,1,11,16,17,17,0,0,3,0,3,0,69,3,0,66,6,11,16,17,17,0,0,3,0,3,0,69,3,0,66,6,0,0,12,0,1,1,0,0,0,0,0,0,7,0,0,1,0,0,0,4,1.0
1091,L16158,ASTTypeDeclaration,net.sourceforge.pmd.lang.java.ast.ASTTypeDeclaration,L14169,L103,C:\Users\domco\Desktop\DP\repos\pmd\pmd-java\src\main\java\net\sourceforge\pmd\lang\java\ast\ASTTypeDeclaration.java,10,1,37,2,0.617647,2,8,2,0.392857,0.5,11,11,2,3,3,7,5,9,0,5,9,0.2,0.12,3,3,1,4,0.12,3,5,8,0,0,2,22,28,17,17,0,0,4,0,4,0,70,11,0,67,6,22,28,17,17,0,0,4,0,4,0,70,11,0,67,6,0,0,27,0,2,2,11,0,1,0,0,0,9,0,0,2,0,0,0,4,1.0
1092,L16170,ASTTypeParameter,net.sourceforge.pmd.lang.java.ast.ASTTypeParameter,L14169,L103,C:\Users\domco\Desktop\DP\repos\pmd\pmd-java\src\main\java\net\sourceforge\pmd\lang\java\ast\ASTTypeParameter.java,8,1,23,2,0.0,0,0,0,0.0,0.0,0,0,1,0,0,3,1,6,0,2,5,0.25,0.214286,3,3,1,3,0.214286,3,5,7,0,0,1,11,16,17,17,0,0,3,0,3,0,69,3,0,66,6,11,16,17,17,0,0,3,0,3,0,69,3,0,66,6,0,0,12,0,1,1,0,0,0,0,0,0,7,0,0,1,0,0,0,4,1.0
1093,L16180,ASTTypeParameters,net.sourceforge.pmd.lang.java.ast.ASTTypeParameters,L14169,L103,C:\Users\domco\Desktop\DP\repos\pmd\pmd-java\src\main\java\net\sourceforge\pmd\lang\java\ast\ASTTypeParameters.java,8,1,23,2,0.0,0,0,0,0.0,0.0,0,0,1,0,0,3,1,8,0,2,5,0.25,0.214286,3,3,1,3,0.214286,3,4,5,0,0,1,11,16,16,15,0,0,3,0,3,0,63,3,0,60,4,11,16,16,15,0,0,3,0,3,0,63,3,0,60,4,0,0,10,0,1,1,0,0,0,0,0,0,7,0,0,0,0,0,0,3,1.0
1094,L16190,ASTUnaryExpression,net.sourceforge.pmd.lang.java.ast.ASTUnaryExpression,L14169,L103,C:\Users\domco\Desktop\DP\repos\pmd\pmd-java\src\main\java\net\sourceforge\pmd\lang\java\ast\ASTUnaryExpression.java,8,1,24,2,0.0,0,0,0,0.0,0.0,0,0,1,0,0,3,1,6,0,2,5,0.25,0.214286,3,3,1,3,0.214286,3,5,7,0,0,1,11,17,17,17,0,0,3,0,3,0,69,3,0,66,6,11,17,17,17,0,0,3,0,3,0,69,3,0,66,6,0,0,12,0,1,1,0,0,0,0,0,0,7,0,0,1,0,0,0,4,1.0
1095,L16200,ASTUnaryExpressionNotPlusMinus,net.sourceforge.pmd.lang.java.ast.ASTUnaryExpressionNotPlusMinus,L14169,L103,C:\Users\domco\Desktop\DP\repos\pmd\pmd-java\src\main\java\net\sourceforge\pmd\lang\java\ast\ASTUnaryExpressionNotPlusMinus.java,8,1,24,2,0.0,0,0,0,0.0,0.0,0,0,1,0,0,3,1,8,0,2,5,0.25,0.214286,3,3,1,3,0.214286,3,5,7,0,0,1,11,17,17,17,0,0,3,0,3,0,69,3,0,66,6,11,17,17,17,0,0,3,0,3,0,69,3,0,66,6,0,0,12,0,1,1,0,0,0,0,0,0,7,0,0,1,0,0,0,4,1.0
1096,L15272,ASTVariableDeclarator,net.sourceforge.pmd.lang.java.ast.ASTVariableDeclarator,L14169,L103,C:\Users\domco\Desktop\DP\repos\pmd\pmd-java\src\main\java\net\sourceforge\pmd\lang\java\ast\ASTVariableDeclarator.java,8,1,23,2,0.0,0,0,0,0.0,0.0,0,0,1,0,0,3,1,22,1,2,5,0.25,0.214286,3,3,1,3,0.214286,3,5,7,0,0,1,11,16,17,17,0,0,3,0,3,0,69,3,0,66,6,11,16,17,17,0,0,3,0,3,0,69,3,0,66,6,0,0,12,0,1,1,0,0,0,0,0,0,7,0,0,1,0,0,0,4,1.0
1097,L15277,ASTVariableDeclaratorId,net.sourceforge.pmd.lang.java.ast.ASTVariableDeclaratorId,L14169,L103,C:\Users\domco\Desktop\DP\repos\pmd\pmd-java\src\main\java\net\sourceforge\pmd\lang\java\ast\ASTVariableDeclaratorId.java,14,1,116,2,0.0,0,0,0,0.0,0.0,0,0,4,3,2,24,15,53,39,10,25,0.133333,0.126437,11,8,2,13,0.126437,11,5,8,0,0,2,76,103,20,22,3,5,15,0,14,2,81,32,0,77,8,76,103,20,22,3,5,15,0,14,2,81,32,0,77,8,0,0,38,0,1,0,0,0,1,0,1,0,29,0,0,2,0,1,0,5,0
1098,L16259,ASTVariableInitializer,net.sourceforge.pmd.lang.java.ast.ASTVariableInitializer,L14169,L103,C:\Users\domco\Desktop\DP\repos\pmd\pmd-java\src\main\java\net\sourceforge\pmd\lang\java\ast\ASTVariableInitializer.java,8,1,23,2,0.0,0,0,0,0.0,0.0,0,0,1,0,0,3,1,15,0,2,5,0.25,0.214286,3,3,1,3,0.214286,3,4,5,0,0,1,11,16,16,15,0,0,3,0,3,0,63,3,0,60,4,11,16,16,15,0,0,3,0,3,0,63,3,0,60,4,0,0,10,0,1,1,0,0,0,0,0,0,7,0,0,0,0,0,0,3,1.0
1099,L16269,ASTWhileStatement,net.sourceforge.pmd.lang.java.ast.ASTWhileStatement,L14169,L103,C:\Users\domco\Desktop\DP\repos\pmd\pmd-java\src\main\java\net\sourceforge\pmd\lang\java\ast\ASTWhileStatement.java,8,1,23,2,0.0,0,0,0,0.0,0.0,0,0,1,0,0,3,1,18,0,2,5,0.25,0.214286,3,3,1,3,0.214286,3,4,5,0,0,1,11,16,16,15,0,0,3,0,3,0,63,3,0,60,4,11,16,16,15,0,0,3,0,3,0,63,3,0,60,4,0,0,10,0,1,1,0,0,0,0,0,0,7,0,0,0,0,0,0,3,1.0
1100,L16279,ASTWildcardBounds,net.sourceforge.pmd.lang.java.ast.ASTWildcardBounds,L14169,L103,C:\Users\domco\Desktop\DP\repos\pmd\pmd-java\src\main\java\net\sourceforge\pmd\lang\java\ast\ASTWildcardBounds.java,8,1,23,2,0.0,0,0,0,0.0,0.0,0,0,1,0,0,3,1,5,0,2,5,0.25,0.214286,3,3,1,3,0.214286,3,5,7,0,0,1,11,16,17,17,0,0,3,0,3,0,69,3,0,66,6,11,16,17,17,0,0,3,0,3,0,69,3,0,66,6,0,0,12,0,1,1,0,0,0,0,0,0,7,0,0,1,0,0,0,4,1.0
1101,L14466,Comment,net.sourceforge.pmd.lang.java.ast.Comment,L14169,L103,C:\Users\domco\Desktop\DP\repos\pmd\pmd-java\src\main\java\net\sourceforge\pmd\lang\java\ast\Comment.java,15,1,48,2,0.0,0,0,0,0.0,0.0,0,0,2,2,2,6,5,11,3,7,10,0.0,0.0384615,1,0,0,2,0.0384615,1,2,2,3,3,1,25,34,13,14,0,0,3,0,1,0,54,13,0,49,3,25,34,13,14,0,0,3,0,1,0,54,13,0,49,3,0,0,11,1,1,1,0,0,1,0,0,0,9,0,0,0,0,1,0,1,1.0
1102,L16324,CommentUtil,net.sourceforge.pmd.lang.java.ast.CommentUtil,L14169,L103,C:\Users\domco\Desktop\DP\repos\pmd\pmd-java\src\main\java\net\sourceforge\pmd\lang\java\ast\CommentUtil.java,18,1,172,2,0.0,0,0,0,0.0,0.0,0,0,5,2,2,33,0,1,1,0,7,0.142857,0.0731707,9,6,1,6,0.0731707,9,0,0,0,0,0,114,155,3,0,3,0,7,0,6,0,7,76,0,6,0,114,155,3,0,3,0,7,0,6,0,7,76,0,6,0,0,0,18,1,0,1,0,0,1,0,0,0,17,0,0,0,0,0,0,0,1.0
1103,L16353,DummyJavaNode,net.sourceforge.pmd.lang.java.ast.DummyJavaNode,L14169,L103,C:\Users\domco\Desktop\DP\repos\pmd\pmd-java\src\main\java\net\sourceforge\pmd\lang\java\ast\DummyJavaNode.java,11,1,20,2,0.0,0,0,0,0.0,0.0,0,0,0,0,0,2,1,2,3,2,4,0.333333,0.333333,4,4,1,2,0.333333,4,4,5,0,0,1,8,10,16,15,0,0,2,0,2,0,62,2,0,59,4,8,10,16,15,0,0,2,0,2,0,62,2,0,59,4,0,0,8,0,0,0,0,0,0,0,0,0,5,0,0,0,0,0,0,3,0
1104,L14119,DumpFacade,net.sourceforge.pmd.lang.java.ast.DumpFacade,L14169,L103,C:\Users\domco\Desktop\DP\repos\pmd\pmd-java\src\main\java\net\sourceforge\pmd\lang\java\ast\DumpFacade.java,13,1,261,2,0.370879,9,88,17,0.413655,0.423256,103,91,1,19,3,79,26,1,1,51,55,0.0,0.0772532,18,0,0,3,0.0772532,18,1,1,0,0,1,215,249,2,0,2,0,4,0,2,0,121,151,0,119,0,215,249,2,0,2,0,4,0,2,0,121,151,0,119,0,0,0,55,3,0,0,27,0,0,4,4,1,11,0,0,0,0,2,0,9,0
1105,L16449,FormalComment,net.sourceforge.pmd.lang.java.ast.FormalComment,L14169,L103,C:\Users\domco\Desktop\DP\repos\pmd\pmd-java\src\main\java\net\sourceforge\pmd\lang\java\ast\FormalComment.java,7,1,13,2,0.0,0,0,0,0.0,0.0,0,0,0,0,0,1,1,3,1,1,2,0.0,0.0,0,0,0,2,0.0,0,3,3,0,0,1,5,7,13,14,0,0,1,0,1,0,55,1,0,50,3,5,7,13,14,0,0,1,0,1,0,55,1,0,50,3,0,0,6,0,0,0,0,0,0,0,0,0,5,0,0,0,0,0,0,1,1.0
1106,L16299,JavadocElement,net.sourceforge.pmd.lang.java.ast.JavadocElement,L14169,L103,C:\Users\domco\Desktop\DP\repos\pmd\pmd-java\src\main\java\net\sourceforge\pmd\lang\java\ast\JavadocElement.java,10,1,28,2,0.0,0,0,0,0.0,0.0,0,0,1,0,0,3,2,1,1,1,4,0.0,0.0,0,0,0,4,0.0,0,2,2,0,0,1,14,19,14,14,1,0,3,0,3,0,54,4,0,51,3,14,19,14,14,1,0,3,0,3,0,54,4,0,51,3,0,0,10,0,1,0,0,0,0,0,0,0,9,0,1,0,0,0,0,1,0
1107,L16475,JavaParserControllessVisitorAdapter,net.sourceforge.pmd.lang.java.ast.JavaParserControllessVisitorAdapter,L14169,L103,C:\Users\domco\Desktop\DP\repos\pmd\pmd-java\src\main\java\net\sourceforge\pmd\lang\java\ast\JavaParserControllessVisitorAdapter.java,14,1,21,2,0.0,0,0,0,0.0,0.0,0,0,1,0,0,1,3,2,0,0,1,0.5,0.538462,7,7,1,1,0.538462,7,1,2,2,2,2,6,8,0,0,0,0,1,0,1,0,118,1,0,118,0,6,8,0,0,0,0,1,0,1,0,118,1,0,118,0,0,0,8,0,0,0,0,0,0,0,0,0,3,0,0,1,0,0,0,4,1.0
1108,L16483,JavaParserDecoratedVisitor,net.sourceforge.pmd.lang.java.ast.JavaParserDecoratedVisitor,L14169,L103,C:\Users\domco\Desktop\DP\repos\pmd\pmd-java\src\main\java\net\sourceforge\pmd\lang\java\ast\JavaParserDecoratedVisitor.java,18,1,860,2,0.0,0,0,0,0.0,0.0,0,0,1,0,0,119,119,3,3,2,121,0.025,0.0357143,22,22,3,117,0.0357143,22,0,0,0,0,0,594,843,1,0,1,0,119,0,119,0,119,236,0,119,0,594,843,1,0,1,0,119,0,119,0,119,236,0,119,0,0,0,248,0,0,0,0,0,0,1,2,0,237,0,0,0,0,0,0,8,0
1109,L16360,JavaParserVisitorAdapter,net.sourceforge.pmd.lang.java.ast.JavaParserVisitorAdapter,L14169,L103,C:\Users\domco\Desktop\DP\repos\pmd\pmd-java\src\main\java\net\sourceforge\pmd\lang\java\ast\JavaParserVisitorAdapter.java,7,1,476,2,0.0,0,0,0,0.0,0.0,0,0,1,0,0,117,117,22,95,1,118,0.0,0.0,0,0,0,118,0.0,0,0,0,16,22,0,353,470,0,0,0,0,117,0,117,0,117,117,0,117,0,353,470,0,0,0,0,117,0,117,0,117,117,0,117,0,0,0,249,0,117,117,0,0,0,1,2,0,237,0,0,1,0,0,0,8,1.0
1110,L16493,JavaParserVisitorDecorator,net.sourceforge.pmd.lang.java.ast.JavaParserVisitorDecorator,L14169,L103,C:\Users\domco\Desktop\DP\repos\pmd\pmd-java\src\main\java\net\sourceforge\pmd\lang\java\ast\JavaParserVisitorDecorator.java,13,1,727,2,0.0,0,0,0,0.0,0.0,0,0,1,0,0,119,118,4,10,0,119,0.00833333,0.0124481,6,6,1,119,0.0124481,6,1,1,3,3,1,476,715,1,0,1,0,119,0,119,1,119,118,0,119,1,476,715,1,0,1,0,119,0,119,1,119,118,0,119,1,0,0,252,0,2,0,0,1,0,1,2,0,241,1,0,0,0,0,0,8,0
1111,L17693,JavaParserVisitorReducedAdapter,net.sourceforge.pmd.lang.java.ast.JavaParserVisitorReducedAdapter,L14169,L103,C:\Users\domco\Desktop\DP\repos\pmd\pmd-java\src\main\java\net\sourceforge\pmd\lang\java\ast\JavaParserVisitorReducedAdapter.java,12,1,54,2,0.0,0,0,0,0.0,0.0,0,0,1,0,0,7,9,5,6,1,8,0.125,0.151515,5,5,1,7,0.151515,5,1,1,4,4,1,28,43,0,0,0,0,7,0,7,0,124,7,0,124,0,28,43,0,0,0,0,7,0,7,0,124,7,0,124,0,0,0,21,0,0,0,0,0,0,0,0,0,17,0,0,0,0,0,0,4,0
1112,L14653,JavaQualifiedName,net.sourceforge.pmd.lang.java.ast.JavaQualifiedName,L14169,L103,C:\Users\domco\Desktop\DP\repos\pmd\pmd-java\src\main\java\net\sourceforge\pmd\lang\java\ast\JavaQualifiedName.java,16,1,315,2,0.0,0,0,0,0.0,0.0,0,0,1,2,2,40,11,18,35,12,30,0.5,0.370518,93,87,6,6,0.370518,93,1,1,0,0,1,158,300,4,5,4,5,18,1,11,0,18,94,1,11,0,158,300,4,5,4,5,18,1,11,0,18,94,1,11,0,0,0,24,3,7,2,0,4,0,0,1,0,19,0,0,0,0,4,0,4,1.0
1113,L17780,MultiLineComment,net.sourceforge.pmd.lang.java.ast.MultiLineComment,L14169,L103,C:\Users\domco\Desktop\DP\repos\pmd\pmd-java\src\main\java\net\sourceforge\pmd\lang\java\ast\MultiLineComment.java,7,1,13,2,0.0,0,0,0,0.0,0.0,0,0,0,0,0,1,1,2,1,1,2,0.0,0.0,0,0,0,2,0.0,0,3,3,0,0,1,5,7,13,14,0,0,1,0,1,0,55,1,0,50,3,5,7,13,14,0,0,1,0,1,0,55,1,0,50,3,0,0,6,0,0,0,0,0,0,0,0,0,5,0,0,0,0,0,0,1,0
1114,L17783,SingleLineComment,net.sourceforge.pmd.lang.java.ast.SingleLineComment,L14169,L103,C:\Users\domco\Desktop\DP\repos\pmd\pmd-java\src\main\java\net\sourceforge\pmd\lang\java\ast\SingleLineComment.java,7,1,13,2,0.0,0,0,0,0.0,0.0,0,0,0,0,0,1,1,1,0,1,2,0.0,0.0,0,0,0,2,0.0,0,3,3,0,0,1,5,7,13,14,0,0,1,0,1,0,55,1,0,50,3,5,7,13,14,0,0,1,0,1,0,55,1,0,50,3,0,0,6,0,0,0,0,0,0,0,0,0,5,0,0,0,0,0,0,1,0
1115,L17797,AccessNodeTest,net.sourceforge.pmd.lang.java.ast.AccessNodeTest,L14169,L103,C:\Users\domco\Desktop\DP\repos\pmd\pmd-java\src\test\java\net\sourceforge\pmd\lang\java\ast\AccessNodeTest.java,15,1,136,2,0.0,0,0,0,0.0,0.0,0,0,13,0,0,13,5,1,0,26,39,0.0,0.0,0,0,0,14,0.0,0,0,0,0,0,0,98,113,1,0,1,0,13,0,13,0,13,56,0,13,0,106,122,30,16,1,0,15,0,15,0,106,58,12,101,18,0,0,51,0,14,13,0,1,1,0,0,0,36,0,0,1,0,0,0,13,0
1116,L17840,ASTAnnotationTest,net.sourceforge.pmd.lang.java.ast.ASTAnnotationTest,L14169,L103,C:\Users\domco\Desktop\DP\repos\pmd\pmd-java\src\test\java\net\sourceforge\pmd\lang\java\ast\ASTAnnotationTest.java,15,1,34,2,0.0,0,0,0,0.0,0.0,0,0,1,0,0,3,5,0,0,4,7,0.0,0.0,0,0,0,4,0.0,0,0,0,0,0,0,16,20,1,0,1,0,3,0,3,0,3,3,0,3,0,16,20,1,0,1,0,3,0,3,0,3,3,0,3,0,0,0,9,2,1,2,0,1,0,0,0,0,9,0,0,0,0,0,0,0,0
1117,L17849,ASTAssignmentOperatorTest,net.sourceforge.pmd.lang.java.ast.ASTAssignmentOperatorTest,L14169,L103,C:\Users\domco\Desktop\DP\repos\pmd\pmd-java\src\test\java\net\sourceforge\pmd\lang\java\ast\ASTAssignmentOperatorTest.java,17,1,45,2,0.0,0,0,0,0.0,0.0,0,0,3,0,0,3,2,0,0,2,5,0.0,0.0,0,0,0,4,0.0,0,0,0,0,0,0,23,29,3,0,3,0,3,0,3,0,3,6,0,3,0,23,29,3,0,3,0,3,0,3,0,3,6,0,3,0,0,0,10,0,6,3,0,3,1,0,0,0,9,0,0,0,0,0,0,0,0
1118,L17863,ASTBlockStatementTest,net.sourceforge.pmd.lang.java.ast.ASTBlockStatementTest,L14169,L103,C:\Users\domco\Desktop\DP\repos\pmd\pmd-java\src\test\java\net\sourceforge\pmd\lang\java\ast\ASTBlockStatementTest.java,12,1,27,2,0.0,0,0,0,0.0,0.0,0,0,2,0,0,2,4,0,0,5,7,0.0,0.0,0,0,0,3,0.0,0,0,0,0,0,0,14,16,0,0,0,0,2,0,2,0,2,6,0,2,0,14,16,0,0,0,0,2,0,2,0,2,6,0,2,0,0,0,8,0,2,2,0,0,1,0,0,0,7,0,0,0,0,0,0,0,0
1119,L17872,ASTBooleanLiteralTest,net.sourceforge.pmd.lang.java.ast.ASTBooleanLiteralTest,L14169,L103,C:\Users\domco\Desktop\DP\repos\pmd\pmd-java\src\test\java\net\sourceforge\pmd\lang\java\ast\ASTBooleanLiteralTest.java,17,1,36,2,0.0,0,0,0,0.0,0.0,0,0,2,0,0,2,2,0,0,2,4,0.0,0.0,0,0,0,3,0.0,0,0,0,0,0,0,16,20,2,0,2,0,2,0,2,0,2,6,0,2,0,16,20,2,0,2,0,2,0,2,0,2,6,0,2,0,0,0,8,0,4,2,0,2,1,0,0,0,7,0,0,0,0,0,0,0,0
1120,L17883,ASTFieldDeclarationTest,net.sourceforge.pmd.lang.java.ast.ASTFieldDeclarationTest,L14169,L103,C:\Users\domco\Desktop\DP\repos\pmd\pmd-java\src\test\java\net\sourceforge\pmd\lang\java\ast\ASTFieldDeclarationTest.java,17,1,88,2,0.0,0,0,0,0.0,0.0,0,0,6,0,0,6,8,0,0,21,27,0.0,0.0,0,0,0,7,0.0,0,0,0,0,0,0,59,72,5,0,5,0,6,0,6,0,6,33,0,6,0,59,72,5,0,5,0,6,0,6,0,6,33,0,6,0,0,0,16,0,22,17,0,5,1,0,0,0,15,0,0,0,0,0,0,0,0
1121,L17917,ASTFormalParameterTest,net.sourceforge.pmd.lang.java.ast.ASTFormalParameterTest,L14169,L103,C:\Users\domco\Desktop\DP\repos\pmd\pmd-java\src\test\java\net\sourceforge\pmd\lang\java\ast\ASTFormalParameterTest.java,21,1,48,2,0.0,0,0,0,0.0,0.0,0,0,1,2,2,3,7,0,0,6,7,0.0,0.0416667,1,0,0,2,0.0416667,1,0,0,0,0,0,23,28,1,0,1,0,1,0,1,0,1,14,0,1,0,23,28,1,0,1,0,1,0,1,0,1,14,0,1,0,0,0,5,0,7,6,0,1,0,0,0,0,5,0,0,0,0,0,0,0,0
1122,L17928,ASTImportDeclarationTest,net.sourceforge.pmd.lang.java.ast.ASTImportDeclarationTest,L14169,L103,C:\Users\domco\Desktop\DP\repos\pmd\pmd-java\src\test\java\net\sourceforge\pmd\lang\java\ast\ASTImportDeclarationTest.java,19,1,51,2,0.0,0,0,0,0.0,0.0,0,0,3,0,0,4,5,1,0,7,11,0.0,0.0,0,0,0,5,0.0,0,0,0,0,0,0,26,33,3,0,3,0,4,0,4,0,4,8,0,4,0,26,33,3,0,3,0,4,0,4,0,4,8,0,4,0,0,0,12,0,6,3,0,3,1,0,0,0,11,0,0,0,0,0,0,0,0
1123,L17943,ASTInitializerTest,net.sourceforge.pmd.lang.java.ast.ASTInitializerTest,L14169,L103,C:\Users\domco\Desktop\DP\repos\pmd\pmd-java\src\test\java\net\sourceforge\pmd\lang\java\ast\ASTInitializerTest.java,13,1,22,2,0.0,0,0,0,0.0,0.0,0,0,1,0,0,1,2,0,0,1,2,0.0,0.0,0,0,0,2,0.0,0,0,0,0,0,0,8,10,1,0,1,0,1,0,1,0,1,1,0,1,0,8,10,1,0,1,0,1,0,1,0,1,1,0,1,0,0,0,5,1,1,1,0,1,0,0,0,0,5,0,0,0,0,0,0,0,0
1124,L17948,ASTLiteralTest,net.sourceforge.pmd.lang.java.ast.ASTLiteralTest,L14169,L103,C:\Users\domco\Desktop\DP\repos\pmd\pmd-java\src\test\java\net\sourceforge\pmd\lang\java\ast\ASTLiteralTest.java,18,1,119,2,0.393574,1,4,4,0.392157,0.47619,40,40,11,0,0,11,3,0,0,15,26,0.0,0.0,0,0,0,12,0.0,0,0,0,0,0,0,84,102,7,0,7,0,11,0,11,0,11,42,0,11,0,84,102,7,0,7,0,11,0,11,0,11,42,0,11,0,0,0,56,1,26,19,29,7,1,0,0,0,25,0,1,0,0,0,0,1,0
1125,L17983,ASTLocalVariableDeclarationTest,net.sourceforge.pmd.lang.java.ast.ASTLocalVariableDeclarationTest,L14169,L103,C:\Users\domco\Desktop\DP\repos\pmd\pmd-java\src\test\java\net\sourceforge\pmd\lang\java\ast\ASTLocalVariableDeclarationTest.java,14,1,42,2,0.0,0,0,0,0.0,0.0,0,0,3,0,0,3,4,0,0,3,6,0.0,0.0,0,0,0,4,0.0,0,0,0,0,0,0,23,29,3,0,3,0,3,0,3,0,3,9,0,3,0,23,29,3,0,3,0,3,0,3,0,3,9,0,3,0,0,0,10,0,6,3,0,3,1,0,0,0,9,0,0,0,0,0,0,0,0
1126,L17995,ASTMethodDeclarationTest,net.sourceforge.pmd.lang.java.ast.ASTMethodDeclarationTest,L14169,L103,C:\Users\domco\Desktop\DP\repos\pmd\pmd-java\src\test\java\net\sourceforge\pmd\lang\java\ast\ASTMethodDeclarationTest.java,15,1,44,2,0.0,0,0,0,0.0,0.0,0,0,3,0,0,3,6,0,0,9,12,0.0,0.0,0,0,0,4,0.0,0,0,0,0,0,0,25,30,0,0,0,0,3,0,3,0,3,14,0,3,0,25,30,0,0,0,0,3,0,3,0,3,14,0,3,0,0,0,10,0,7,7,0,0,1,0,0,0,9,0,0,0,0,0,0,0,0
1127,L18005,ASTModuleDeclarationTest,net.sourceforge.pmd.lang.java.ast.ASTModuleDeclarationTest,L14169,L103,C:\Users\domco\Desktop\DP\repos\pmd\pmd-java\src\test\java\net\sourceforge\pmd\lang\java\ast\ASTModuleDeclarationTest.java,19,1,79,2,0.459627,1,2,2,0.360656,0.311111,22,14,1,1,1,3,9,0,0,9,11,0.0,0.134615,7,0,0,2,0.134615,7,0,0,0,0,0,45,61,0,0,0,0,2,0,1,0,2,35,0,1,0,45,61,0,0,0,0,2,0,1,0,2,35,0,1,0,0,0,19,1,29,29,12,0,0,0,0,1,7,0,0,0,0,0,0,0,0
1128,L18025,ASTPackageDeclarationTest,net.sourceforge.pmd.lang.java.ast.ASTPackageDeclarationTest,L14169,L103,C:\Users\domco\Desktop\DP\repos\pmd\pmd-java\src\test\java\net\sourceforge\pmd\lang\java\ast\ASTPackageDeclarationTest.java,16,1,32,2,0.0,0,0,0,0.0,0.0,0,0,1,0,0,1,2,0,0,2,3,0.5,0.214286,3,3,1,1,0.214286,3,0,0,0,0,0,11,17,1,0,1,0,1,0,1,0,1,4,0,1,0,11,17,1,0,1,0,1,0,1,0,1,4,0,1,0,0,0,3,0,3,3,0,0,0,0,0,0,3,0,0,0,0,0,0,0,0
1129,L18034,ASTPrimarySuffixTest,net.sourceforge.pmd.lang.java.ast.ASTPrimarySuffixTest,L14169,L103,C:\Users\domco\Desktop\DP\repos\pmd\pmd-java\src\test\java\net\sourceforge\pmd\lang\java\ast\ASTPrimarySuffixTest.java,16,1,33,2,0.0,0,0,0,0.0,0.0,0,0,2,0,0,2,2,0,0,3,5,0.0,0.0,0,0,0,3,0.0,0,0,0,0,0,0,14,18,2,0,2,0,2,0,2,0,2,4,0,2,0,14,18,2,0,2,0,2,0,2,0,2,4,0,2,0,0,0,8,0,4,2,0,2,1,0,0,0,7,0,0,0,0,0,0,0,0
1130,L18045,ASTSwitchLabelTest,net.sourceforge.pmd.lang.java.ast.ASTSwitchLabelTest,L14169,L103,C:\Users\domco\Desktop\DP\repos\pmd\pmd-java\src\test\java\net\sourceforge\pmd\lang\java\ast\ASTSwitchLabelTest.java,17,1,36,2,0.0,0,0,0,0.0,0.0,0,0,2,0,0,2,2,0,0,2,4,0.0,0.0,0,0,0,3,0.0,0,0,0,0,0,0,16,20,2,0,2,0,2,0,2,0,2,4,0,2,0,16,20,2,0,2,0,2,0,2,0,2,4,0,2,0,0,0,8,0,4,2,0,2,1,0,0,0,7,0,0,0,0,0,0,0,0
1131,L18056,ASTTests,net.sourceforge.pmd.lang.java.ast.ASTTests,L14169,L103,C:\Users\domco\Desktop\DP\repos\pmd\pmd-java\src\test\java\net\sourceforge\pmd\lang\java\ast\ASTTests.java,11,1,16,2,0.0,0,0,0,0.0,0.0,0,0,0,0,0,0,7,0,0,0,0,0.0,0.0,0,0,0,1,0.0,0,0,0,0,0,0,5,6,0,0,0,0,0,0,0,0,0,0,0,0,0,5,6,0,0,0,0,0,0,0,0,0,0,0,0,0,0,0,3,0,0,0,0,0,0,0,0,0,3,0,0,0,0,0,0,0,0
1132,L18077,ASTThrowStatementTest,net.sourceforge.pmd.lang.java.ast.ASTThrowStatementTest,L14169,L103,C:\Users\domco\Desktop\DP\repos\pmd\pmd-java\src\test\java\net\sourceforge\pmd\lang\java\ast\ASTThrowStatementTest.java,19,1,38,2,0.0,0,0,0,0.0,0.0,0,0,2,0,0,2,2,0,0,2,4,0.333333,0.2,4,4,1,2,0.2,4,0,0,0,0,0,16,20,2,0,2,0,2,0,2,0,2,4,0,2,0,16,20,2,0,2,0,2,0,2,0,2,4,0,2,0,0,0,8,0,4,2,0,2,1,0,0,0,7,0,0,0,0,0,0,0,0
1133,L18059,ASTVariableDeclaratorIdTest,net.sourceforge.pmd.lang.java.ast.ASTVariableDeclaratorIdTest,L14169,L103,C:\Users\domco\Desktop\DP\repos\pmd\pmd-java\src\test\java\net\sourceforge\pmd\lang\java\ast\ASTVariableDeclaratorIdTest.java,17,1,75,2,0.0,0,0,0,0.0,0.0,0,0,6,0,0,6,9,1,0,14,20,0.0,0.0,0,0,0,7,0.0,0,0,0,0,0,0,50,59,4,0,4,0,6,0,6,0,6,23,0,6,0,50,59,4,0,4,0,6,0,6,0,6,23,0,6,0,0,0,16,0,13,9,0,4,1,0,0,0,15,0,0,0,0,0,0,0,0
1134,L18064,ClassDeclTest,net.sourceforge.pmd.lang.java.ast.ClassDeclTest,L14169,L103,C:\Users\domco\Desktop\DP\repos\pmd\pmd-java\src\test\java\net\sourceforge\pmd\lang\java\ast\ClassDeclTest.java,14,1,73,2,0.267606,1,2,1,0.233333,0.204082,14,10,1,1,1,8,3,1,0,5,12,0.0,0.0,0,0,0,8,0.0,0,0,0,0,0,0,49,60,0,1,0,1,7,0,7,0,7,28,0,7,0,49,60,0,1,0,1,7,0,7,0,7,28,0,7,0,0,0,28,2,2,2,11,0,0,0,0,0,17,0,0,0,0,2,0,0,0
1135,L18126,EncodingTest,net.sourceforge.pmd.lang.java.ast.EncodingTest,L14169,L103,C:\Users\domco\Desktop\DP\repos\pmd\pmd-java\src\test\java\net\sourceforge\pmd\lang\java\ast\EncodingTest.java,14,1,25,2,0.0,0,0,0,0.0,0.0,0,0,1,0,0,1,4,0,0,3,4,0.0,0.0,0,0,0,2,0.0,0,0,0,0,0,0,10,12,1,0,1,0,1,0,1,0,1,3,0,1,0,10,12,1,0,1,0,1,0,1,0,1,3,0,1,0,0,0,5,0,2,1,0,1,0,0,0,0,5,0,0,0,0,0,0,0,0
1136,L18067,FieldDeclTest,net.sourceforge.pmd.lang.java.ast.FieldDeclTest,L14169,L103,C:\Users\domco\Desktop\DP\repos\pmd\pmd-java\src\test\java\net\sourceforge\pmd\lang\java\ast\FieldDeclTest.java,15,1,84,2,0.0,0,0,0,0.0,0.0,0,0,1,1,1,10,3,1,0,8,17,0.0,0.0,0,0,0,10,0.0,0,0,0,0,0,0,60,70,0,1,0,1,9,0,9,0,9,34,0,9,0,60,70,0,1,0,1,9,0,9,0,9,34,0,9,0,0,0,21,3,7,7,0,0,0,0,0,0,21,0,2,0,0,1,0,0,0
1137,L18150,JDKVersionTest,net.sourceforge.pmd.lang.java.ast.JDKVersionTest,L14169,L103,C:\Users\domco\Desktop\DP\repos\pmd\pmd-java\src\test\java\net\sourceforge\pmd\lang\java\ast\JDKVersionTest.java,20,1,270,2,0.0,0,0,0,0.0,0.0,0,0,3,1,1,47,1,0,0,6,52,0.0652174,0.0292683,6,4,3,43,0.0292683,6,0,0,0,0,0,199,251,0,0,0,0,46,0,45,0,46,57,0,45,0,199,251,0,0,0,0,46,0,45,0,46,57,0,45,0,0,0,98,34,0,33,0,0,1,0,0,1,93,0,0,0,0,0,0,4,1.0
1138,L18070,MethodDeclTest,net.sourceforge.pmd.lang.java.ast.MethodDeclTest,L14169,L103,C:\Users\domco\Desktop\DP\repos\pmd\pmd-java\src\test\java\net\sourceforge\pmd\lang\java\ast\MethodDeclTest.java,15,1,92,2,0.198606,1,2,1,0.179487,0.153846,14,10,1,1,1,10,3,1,0,9,18,0.0,0.0,0,0,0,10,0.0,0,0,0,0,0,0,65,78,0,1,0,1,9,0,9,0,9,38,0,9,0,65,78,0,1,0,1,9,0,9,0,9,38,0,9,0,0,0,32,4,7,7,11,0,0,0,0,0,21,0,2,0,0,2,0,0,0
1139,L18228,ParserCornersTest,net.sourceforge.pmd.lang.java.ast.ParserCornersTest,L14169,L103,C:\Users\domco\Desktop\DP\repos\pmd\pmd-java\src\test\java\net\sourceforge\pmd\lang\java\ast\ParserCornersTest.java,24,1,244,2,0.0,0,0,0,0.0,0.0,0,0,17,1,1,24,6,0,0,7,28,0.285714,0.134715,26,25,6,15,0.134715,26,0,0,0,0,0,167,221,3,0,3,0,21,0,20,0,21,62,0,20,0,167,221,3,0,3,0,21,0,20,0,21,62,0,20,0,0,0,38,17,18,22,0,10,1,0,0,2,35,0,1,0,0,0,0,2,1.0
1140,L18267,QualifiedNameTest,net.sourceforge.pmd.lang.java.ast.QualifiedNameTest,L14169,L103,C:\Users\domco\Desktop\DP\repos\pmd\pmd-java\src\test\java\net\sourceforge\pmd\lang\java\ast\QualifiedNameTest.java,20,1,264,2,0.380423,2,12,6,0.371429,0.389474,91,74,16,2,2,28,7,0,0,11,27,0.0588235,0.015544,3,3,1,16,0.015544,3,0,0,0,0,0,190,245,0,0,0,0,16,0,16,0,16,112,0,16,0,190,245,0,0,0,0,16,0,16,0,16,112,0,16,0,0,0,81,2,68,66,44,0,1,0,0,0,35,0,0,0,0,4,0,1,0
1141,L18073,SimpleNodeTest,net.sourceforge.pmd.lang.java.ast.SimpleNodeTest,L14169,L103,C:\Users\domco\Desktop\DP\repos\pmd\pmd-java\src\test\java\net\sourceforge\pmd\lang\java\ast\SimpleNodeTest.java,28,1,334,2,0.0,0,0,0,0.0,0.0,0,0,17,2,2,31,18,1,0,29,52,0.0,0.147727,39,0,0,23,0.147727,39,0,0,0,0,0,225,307,15,0,15,0,23,0,22,0,23,118,0,22,0,225,307,15,0,15,0,23,0,22,0,23,118,0,22,0,0,0,53,2,51,36,0,15,1,0,1,0,47,0,2,0,0,0,0,4,0
1142,L14068,DataFlowFacade,net.sourceforge.pmd.lang.java.dfa.DataFlowFacade,L18389,L103,C:\Users\domco\Desktop\DP\repos\pmd\pmd-java\src\main\java\net\sourceforge\pmd\lang\java\dfa\DataFlowFacade.java,19,1,41,2,0.0,0,0,0,0.0,0.0,0,0,1,0,0,3,7,2,3,5,8,0.25,0.24,6,6,1,3,0.24,6,1,1,0,0,1,19,23,2,0,2,0,3,0,3,0,120,9,0,120,0,19,23,2,0,2,0,3,0,3,0,120,9,0,120,0,0,0,13,0,2,2,0,0,0,0,0,0,9,0,0,0,0,0,0,4,1.0
1143,L18434,JavaDataFlowNode,net.sourceforge.pmd.lang.java.dfa.JavaDataFlowNode,L18389,L103,C:\Users\domco\Desktop\DP\repos\pmd\pmd-java\src\main\java\net\sourceforge\pmd\lang\java\dfa\JavaDataFlowNode.java,15,1,30,2,0.0,0,0,0,0.0,0.0,0,0,1,1,1,5,5,1,1,3,5,0.0,0.0,0,0,0,3,0.0,0,2,2,0,0,1,14,16,7,7,0,0,2,0,2,0,18,6,0,18,2,14,16,7,7,0,0,2,0,2,0,18,6,0,18,2,0,0,7,1,1,1,0,0,0,0,0,0,7,0,0,0,0,1,0,0,1.0
1144,L14141,JavaDFAGraphRule,net.sourceforge.pmd.lang.java.dfa.JavaDFAGraphRule,L18389,L103,C:\Users\domco\Desktop\DP\repos\pmd\pmd-java\src\main\java\net\sourceforge\pmd\lang\java\dfa\JavaDFAGraphRule.java,16,1,39,2,0.0,0,0,0,0.0,0.0,0,0,1,0,0,4,6,1,1,4,8,0.0,0.0,0,0,0,5,0.0,0,4,7,0,0,2,19,24,22,21,1,1,4,0,4,0,203,6,2,195,20,19,24,22,21,1,1,4,0,4,0,203,6,2,195,20,0,0,22,0,1,1,0,0,0,0,0,0,11,0,0,2,0,0,0,9,1.0
1145,L18406,StatementAndBraceFinder,net.sourceforge.pmd.lang.java.dfa.StatementAndBraceFinder,L18389,L103,C:\Users\domco\Desktop\DP\repos\pmd\pmd-java\src\main\java\net\sourceforge\pmd\lang\java\dfa\StatementAndBraceFinder.java,47,1,365,2,0.276024,3,16,7,0.257053,0.290441,82,79,1,6,3,64,30,2,4,34,52,0.125,0.0716724,21,13,2,14,0.0716724,21,1,1,0,0,1,272,319,3,0,3,0,18,0,15,0,135,185,0,132,0,272,319,3,0,3,0,18,0,15,0,135,185,0,132,0,0,0,95,2,1,1,46,0,0,4,2,2,39,0,0,0,0,0,0,4,0
1146,L18410,VariableAccessVisitor,net.sourceforge.pmd.lang.java.dfa.VariableAccessVisitor,L18389,L103,C:\Users\domco\Desktop\DP\repos\pmd\pmd-java\src\main\java\net\sourceforge\pmd\lang\java\dfa\VariableAccessVisitor.java,35,1,144,2,0.299363,2,6,2,0.290909,0.3125,32,25,1,4,3,24,17,1,2,17,24,0.333333,0.223301,23,17,1,2,0.223301,23,1,1,0,0,1,80,110,0,0,0,0,7,0,2,0,124,51,0,119,0,80,110,0,0,0,0,7,0,2,0,124,51,0,119,0,0,0,37,0,0,0,17,0,0,0,1,0,15,0,0,0,0,0,0,4,0
1147,L18600,AcceptanceTest,net.sourceforge.pmd.lang.java.dfa.AcceptanceTest,L18389,L103,C:\Users\domco\Desktop\DP\repos\pmd\pmd-java\src\test\java\net\sourceforge\pmd\lang\java\dfa\AcceptanceTest.java,21,1,360,2,0.0,0,0,0,0.0,0.0,0,0,3,3,3,35,4,0,0,4,36,0.03125,0.0182482,5,5,1,31,0.0182482,5,0,0,0,0,0,269,340,56,0,56,0,32,23,31,0,32,43,23,31,0,269,340,56,0,56,0,32,23,31,0,32,43,23,31,0,0,0,79,13,114,31,0,56,1,0,0,0,67,0,40,0,0,0,0,11,0
1148,L18759,DAAPathFinderTest,net.sourceforge.pmd.lang.java.dfa.DAAPathFinderTest,L18389,L103,C:\Users\domco\Desktop\DP\repos\pmd\pmd-java\src\test\java\net\sourceforge\pmd\lang\java\dfa\DAAPathFinderTest.java,17,1,31,2,0.0,0,0,0,0.0,0.0,0,0,2,0,0,2,7,0,0,4,6,0.0,0.0833333,1,0,0,3,0.0833333,1,1,1,0,0,1,11,15,1,0,1,0,2,0,2,0,2,2,0,2,0,11,15,1,0,1,0,2,0,2,0,2,2,0,2,0,0,0,8,2,2,2,0,1,1,0,0,0,7,1,0,0,0,0,0,0,0
1149,L18769,DataFlowNodeTest,net.sourceforge.pmd.lang.java.dfa.DataFlowNodeTest,L18389,L103,C:\Users\domco\Desktop\DP\repos\pmd\pmd-java\src\test\java\net\sourceforge\pmd\lang\java\dfa\DataFlowNodeTest.java,19,1,80,2,0.0,0,0,0,0.0,0.0,0,0,6,0,0,6,3,0,0,8,14,0.0,0.0,0,0,0,7,0.0,0,0,0,0,0,0,53,62,0,0,0,0,6,0,6,0,6,34,0,6,0,53,62,0,0,0,0,6,0,6,0,6,34,0,6,0,0,0,16,0,20,20,0,0,1,0,0,0,15,0,0,0,0,0,0,0,0
1150,L18782,GeneralFiddlingTest,net.sourceforge.pmd.lang.java.dfa.GeneralFiddlingTest,L18389,L103,C:\Users\domco\Desktop\DP\repos\pmd\pmd-java\src\test\java\net\sourceforge\pmd\lang\java\dfa\GeneralFiddlingTest.java,20,1,58,2,0.0,0,0,0,0.0,0.0,0,0,2,0,0,2,5,0,0,5,7,0.333333,0.294118,10,3,1,2,0.294118,10,0,0,0,0,0,24,39,1,0,1,0,2,0,2,0,2,13,0,2,0,24,39,1,0,1,0,2,0,2,0,2,13,0,2,0,0,0,2,0,11,9,0,1,1,0,0,0,1,0,1,0,0,0,0,0,0
1151,L18792,StatementAndBraceFinderTest,net.sourceforge.pmd.lang.java.dfa.StatementAndBraceFinderTest,L18389,L103,C:\Users\domco\Desktop\DP\repos\pmd\pmd-java\src\test\java\net\sourceforge\pmd\lang\java\dfa\StatementAndBraceFinderTest.java,25,1,95,2,0.0,0,0,0,0.0,0.0,0,0,6,0,0,6,16,0,0,16,22,0.0,0.0,0,0,0,7,0.0,0,0,0,0,0,0,60,71,5,0,5,0,6,0,6,0,6,29,0,6,0,60,71,5,0,5,0,6,0,6,0,6,29,0,6,0,0,0,17,2,23,18,0,5,1,0,1,0,15,0,2,0,0,0,0,0,0
1152,L18813,StructureTest,net.sourceforge.pmd.lang.java.dfa.StructureTest,L18389,L103,C:\Users\domco\Desktop\DP\repos\pmd\pmd-java\src\test\java\net\sourceforge\pmd\lang\java\dfa\StructureTest.java,17,1,30,2,0.0,0,0,0,0.0,0.0,0,0,2,0,0,2,9,0,0,8,10,0.0,0.0,0,0,0,3,0.0,0,0,0,0,0,0,12,14,0,0,0,0,2,0,2,0,2,4,0,2,0,12,14,0,0,0,0,2,0,2,0,2,4,0,2,0,0,0,8,0,1,1,0,0,1,0,0,0,7,0,0,0,0,0,0,0,0
1153,L18819,VariableAccessTest,net.sourceforge.pmd.lang.java.dfa.VariableAccessTest,L18389,L103,C:\Users\domco\Desktop\DP\repos\pmd\pmd-java\src\test\java\net\sourceforge\pmd\lang\java\dfa\VariableAccessTest.java,13,1,26,2,0.0,0,0,0,0.0,0.0,0,0,1,0,0,1,1,0,0,2,3,0.0,0.0,0,0,0,2,0.0,0,0,0,0,0,0,13,14,0,0,0,0,1,0,1,0,1,8,0,1,0,13,14,0,0,0,0,1,0,1,0,1,8,0,1,0,0,0,5,0,5,5,0,0,0,0,0,0,5,0,0,0,0,0,0,0,0
1154,L16309,JavadocTag,net.sourceforge.pmd.lang.java.javadoc.JavadocTag,L18833,L103,C:\Users\domco\Desktop\DP\repos\pmd\pmd-java\src\main\java\net\sourceforge\pmd\lang\java\javadoc\JavadocTag.java,11,1,60,2,0.0,0,0,0,0.0,0.0,0,0,1,1,1,4,0,2,1,0,3,0.0,0.268293,11,11,0,3,0.268293,11,0,0,0,0,0,30,50,11,0,11,0,3,10,2,0,3,7,10,2,0,30,50,11,0,11,0,3,10,2,0,3,7,10,2,0,0,0,11,0,0,0,0,0,0,0,0,0,5,0,0,0,0,0,0,6,0
1155,L18914,AbstractJavaMetric<N extends Node>,net.sourceforge.pmd.lang.java.metrics.AbstractJavaMetric,L18901,L103,C:\Users\domco\Desktop\DP\repos\pmd\pmd-java\src\main\java\net\sourceforge\pmd\lang\java\metrics\AbstractJavaMetric.java,18,1,20,2,0.0,0,0,0,0.0,0.0,0,0,0,0,0,0,2,2,0,0,0,1.0,0.777778,7,7,1,0,0.777778,7,2,2,2,17,1,2,3,0,0,0,0,0,0,0,0,4,0,0,4,0,2,3,0,0,0,0,0,0,0,0,4,0,0,4,0,0,0,0,0,1,0,0,0,0,0,0,1,0,0,0,0,0,0,0,0,0
1156,L19811,JavaMetrics,net.sourceforge.pmd.lang.java.metrics.JavaMetrics,L18901,L103,C:\Users\domco\Desktop\DP\repos\pmd\pmd-java\src\main\java\net\sourceforge\pmd\lang\java\metrics\JavaMetrics.java,20,1,135,2,0.0,0,0,0,0.0,0.0,0,0,1,0,0,9,8,12,19,5,14,1.0,0.693069,70,69,7,0,0.693069,70,0,0,0,0,0,31,116,1,1,1,1,9,0,6,0,9,8,0,6,0,31,116,1,1,1,1,9,0,6,0,9,8,0,6,0,0,0,0,0,2,0,0,2,0,0,0,0,0,0,0,0,0,0,0,0,0
1157,L19851,JavaMetricsComputer,net.sourceforge.pmd.lang.java.metrics.JavaMetricsComputer,L18901,L103,C:\Users\domco\Desktop\DP\repos\pmd\pmd-java\src\main\java\net\sourceforge\pmd\lang\java\metrics\JavaMetricsComputer.java,20,1,43,2,0.0,0,0,0,0.0,0.0,0,0,1,2,2,5,6,2,0,3,5,1.0,0.25,5,5,1,0,0.25,5,2,2,0,0,1,15,24,1,0,1,0,2,0,0,0,8,5,0,3,0,15,24,1,0,1,0,2,0,0,0,8,5,0,3,0,0,0,4,0,2,0,0,1,0,0,0,1,4,0,0,0,0,0,0,0,0
1158,L19814,JavaMetricsFacade,net.sourceforge.pmd.lang.java.metrics.JavaMetricsFacade,L18901,L103,C:\Users\domco\Desktop\DP\repos\pmd\pmd-java\src\main\java\net\sourceforge\pmd\lang\java\metrics\JavaMetricsFacade.java,17,1,39,2,0.0,0,0,0,0.0,0.0,0,0,1,0,0,3,8,2,2,1,4,0.5,0.3,6,6,1,1,0.3,6,1,1,0,0,1,14,23,4,2,1,2,3,0,1,0,6,3,0,3,0,14,23,4,2,1,2,3,0,1,0,6,3,0,3,0,0,0,5,0,1,0,0,1,0,0,0,0,5,0,0,0,0,0,0,0,0
1159,L19871,JavaProjectMemoizer,net.sourceforge.pmd.lang.java.metrics.JavaProjectMemoizer,L18901,L103,C:\Users\domco\Desktop\DP\repos\pmd\pmd-java\src\main\java\net\sourceforge\pmd\lang\java\metrics\JavaProjectMemoizer.java,16,1,18,2,0.0,0,0,0,0.0,0.0,0,0,0,0,0,0,4,2,0,0,0,1.0,0.714286,5,5,1,0,0.714286,5,2,2,0,0,1,2,3,2,2,0,0,0,0,0,0,3,0,0,3,0,2,3,2,2,0,0,0,0,0,0,3,0,0,3,0,0,0,0,0,0,0,0,0,0,0,0,0,0,0,0,0,0,0,0,0,0
1160,L19887,MetricsHook,net.sourceforge.pmd.lang.java.metrics.MetricsHook,L18901,L103,C:\Users\domco\Desktop\DP\repos\pmd\pmd-java\src\test\java\net\sourceforge\pmd\lang\java\metrics\MetricsHook.java,12,1,23,2,0.0,0,0,0,0.0,0.0,0,0,1,0,0,2,1,2,2,1,3,0.5,0.416667,5,5,1,1,0.416667,5,0,0,0,0,0,7,12,0,0,0,0,2,0,1,0,2,1,0,1,0,7,12,0,0,0,0,2,0,1,0,2,1,0,1,0,0,0,5,0,1,0,0,0,0,0,0,1,5,0,0,0,0,0,0,0,0
1161,L19891,ParameterizedMetricKeyTest,net.sourceforge.pmd.lang.java.metrics.ParameterizedMetricKeyTest,L18901,L103,C:\Users\domco\Desktop\DP\repos\pmd\pmd-java\src\test\java\net\sourceforge\pmd\lang\java\metrics\ParameterizedMetricKeyTest.java,27,1,109,2,0.471698,1,6,2,0.385542,0.483871,32,30,1,1,1,9,7,0,0,6,10,0.2,0.0526316,3,3,1,4,0.0461538,3,0,0,0,0,0,54,73,2,0,2,0,4,0,4,0,4,33,0,4,0,62,83,4,0,4,0,5,2,5,0,6,34,2,6,0,0,0,41,0,23,23,19,0,0,0,0,0,16,0,0,0,0,0,0,6,0
1162,L19923,ProjectMemoizerTest,net.sourceforge.pmd.lang.java.metrics.ProjectMemoizerTest,L18901,L103,C:\Users\domco\Desktop\DP\repos\pmd\pmd-java\src\test\java\net\sourceforge\pmd\lang\java\metrics\ProjectMemoizerTest.java,33,1,117,2,0.0,0,0,0,0.0,0.0,0,0,1,1,1,4,11,1,0,5,8,0.333333,0.125,4,3,1,2,0.0666667,4,0,0,0,0,0,28,49,2,0,2,0,3,0,2,0,3,16,0,2,0,56,85,4,3,4,0,7,0,6,0,142,24,0,136,0,0,0,35,0,7,3,0,0,1,0,2,4,26,0,0,0,0,0,0,6,0
1163,L19976,SigMaskTest,net.sourceforge.pmd.lang.java.metrics.SigMaskTest,L18901,L103,C:\Users\domco\Desktop\DP\repos\pmd\pmd-java\src\test\java\net\sourceforge\pmd\lang\java\metrics\SigMaskTest.java,30,1,284,2,0.518919,4,58,10,0.415686,0.441176,106,90,2,2,2,41,14,0,0,25,32,0.375,0.0642202,14,9,3,5,0.0642202,14,0,0,0,0,0,204,255,2,0,2,0,7,0,7,0,7,92,0,7,0,204,255,2,0,2,0,7,0,7,0,7,92,0,7,0,0,0,50,0,37,37,32,0,1,1,1,0,15,0,0,0,0,0,0,0,0
1164,L20017,SignatureTest,net.sourceforge.pmd.lang.java.metrics.SignatureTest,L18901,L103,C:\Users\domco\Desktop\DP\repos\pmd\pmd-java\src\test\java\net\sourceforge\pmd\lang\java\metrics\SignatureTest.java,36,1,270,2,0.813265,6,26,13,0.655319,0.692308,154,126,9,1,1,19,13,0,0,5,14,0.4,0.0549451,10,8,4,6,0.0520833,10,0,0,0,0,0,172,225,0,0,0,0,9,0,9,0,9,93,0,9,0,182,235,0,0,0,0,11,0,11,0,245,97,0,245,0,0,0,128,2,45,47,85,0,1,0,1,0,31,0,0,0,0,0,0,10,0
1165,L20240,ClassStats,net.sourceforge.pmd.lang.java.multifile.ClassStats,L20212,L103,C:\Users\domco\Desktop\DP\repos\pmd\pmd-java\src\main\java\net\sourceforge\pmd\lang\java\multifile\ClassStats.java,31,1,152,2,0.570423,2,14,4,0.385246,0.646154,47,42,2,3,3,21,5,3,7,2,9,0.2,0.424779,48,47,1,4,0.424779,48,1,1,0,0,1,65,122,3,1,3,1,7,0,4,0,7,29,0,4,0,65,122,3,1,3,1,7,0,4,0,7,29,0,4,0,0,0,39,0,8,0,29,3,1,0,0,5,9,0,0,0,0,0,0,0,0
1166,L20304,MultifileVisitor,net.sourceforge.pmd.lang.java.multifile.MultifileVisitor,L20212,L103,C:\Users\domco\Desktop\DP\repos\pmd\pmd-java\src\main\java\net\sourceforge\pmd\lang\java\multifile\MultifileVisitor.java,20,1,55,2,0.0,0,0,0,0.0,0.0,0,0,1,0,0,4,8,1,1,10,14,0.25,0.225806,7,6,1,3,0.225806,7,2,2,0,0,1,24,36,2,0,2,0,4,0,3,0,128,9,0,127,0,24,36,2,0,2,0,4,0,3,0,128,9,0,127,0,0,0,15,0,0,0,0,0,0,0,0,0,11,0,0,0,0,0,0,4,0
1167,L14135,MultifileVisitorFacade,net.sourceforge.pmd.lang.java.multifile.MultifileVisitorFacade,L20212,L103,C:\Users\domco\Desktop\DP\repos\pmd\pmd-java\src\main\java\net\sourceforge\pmd\lang\java\multifile\MultifileVisitorFacade.java,14,1,23,2,0.0,0,0,0,0.0,0.0,0,0,1,0,0,1,4,1,1,2,3,0.5,0.363636,4,4,1,1,0.363636,4,1,1,0,0,1,7,10,0,0,0,0,1,0,1,0,118,3,0,118,0,7,10,0,0,0,0,1,0,1,0,118,3,0,118,0,0,0,7,0,0,0,0,0,0,0,0,0,3,0,0,0,0,0,0,4,0
1168,L20311,PackageStats,net.sourceforge.pmd.lang.java.multifile.PackageStats,L20212,L103,C:\Users\domco\Desktop\DP\repos\pmd\pmd-java\src\main\java\net\sourceforge\pmd\lang\java\multifile\PackageStats.java,24,1,137,2,0.0,0,0,0,0.0,0.0,0,0,1,2,2,20,6,5,7,6,13,0.25,0.395833,38,36,1,3,0.395833,38,1,1,0,0,1,58,114,3,3,3,3,7,0,3,0,7,33,0,3,0,58,114,3,3,3,3,7,0,3,0,7,33,0,3,0,0,0,7,0,5,0,0,4,0,0,0,0,7,1,0,0,0,0,0,0,0
1169,L20597,ClassStatsTest,net.sourceforge.pmd.lang.java.multifile.ClassStatsTest,L20212,L103,C:\Users\domco\Desktop\DP\repos\pmd\pmd-java\src\test\java\net\sourceforge\pmd\lang\java\multifile\ClassStatsTest.java,24,1,121,2,0.0,0,0,0,0.0,0.0,0,0,2,0,0,2,13,0,0,13,15,0.333333,0.0714286,3,3,1,2,0.0615385,4,0,0,0,0,0,39,66,0,0,0,0,2,0,2,0,2,30,0,2,0,61,98,2,0,2,0,6,0,2,0,6,38,0,2,0,0,0,23,0,25,19,0,6,1,0,2,0,20,0,0,0,0,0,0,0,0
1170,L20640,JavaMultifileVisitorTest,net.sourceforge.pmd.lang.java.multifile.JavaMultifileVisitorTest,L20212,L103,C:\Users\domco\Desktop\DP\repos\pmd\pmd-java\src\test\java\net\sourceforge\pmd\lang\java\multifile\JavaMultifileVisitorTest.java,30,1,145,2,0.0,0,0,0,0.0,0.0,0,0,3,1,1,10,14,1,1,15,22,0.142857,0.0740741,6,5,1,6,0.0697674,6,0,0,0,0,0,75,111,0,0,0,0,7,0,6,0,7,52,0,6,0,80,116,0,0,0,0,8,0,7,0,125,54,0,124,0,0,0,30,1,10,10,0,1,1,0,1,0,22,0,0,0,0,0,0,6,0
1171,L20665,PackageStatsTest,net.sourceforge.pmd.lang.java.multifile.PackageStatsTest,L20212,L103,C:\Users\domco\Desktop\DP\repos\pmd\pmd-java\src\test\java\net\sourceforge\pmd\lang\java\multifile\PackageStatsTest.java,30,1,90,2,0.0,0,0,0,0.0,0.0,0,0,1,0,0,4,12,0,0,12,16,0.2,0.133333,6,5,1,4,0.133333,6,0,0,0,0,0,39,61,1,0,1,0,4,0,4,1,4,22,0,4,1,39,61,1,0,1,0,4,0,4,1,4,22,0,4,1,0,0,12,0,10,10,0,0,0,0,1,0,11,0,0,0,0,0,0,0,0
1172,L20836,AbstractInefficientZeroCheck,net.sourceforge.pmd.lang.java.rule.AbstractInefficientZeroCheck,L20817,L103,C:\Users\domco\Desktop\DP\repos\pmd\pmd-java\src\main\java\net\sourceforge\pmd\lang\java\rule\AbstractInefficientZeroCheck.java,28,1,154,2,0.0,0,0,0,0.0,0.0,0,0,1,2,2,24,11,2,1,10,21,0.4,0.361345,43,43,2,3,0.361345,43,4,6,2,2,1,76,127,22,22,1,2,11,0,4,0,210,35,2,195,20,76,127,22,22,1,2,11,0,4,0,210,35,2,195,20,0,0,26,0,0,0,0,0,0,0,1,0,15,0,0,1,0,0,0,9,0
1173,L19664,AbstractJavaMetricsRule,net.sourceforge.pmd.lang.java.rule.AbstractJavaMetricsRule,L20817,L103,C:\Users\domco\Desktop\DP\repos\pmd\pmd-java\src\main\java\net\sourceforge\pmd\lang\java\rule\AbstractJavaMetricsRule.java,21,1,63,2,0.0,0,0,0,0.0,0.0,0,0,1,0,0,7,9,5,4,1,8,0.125,0.151515,5,5,1,7,0.151515,5,4,6,5,15,1,28,43,21,20,0,0,7,0,7,0,206,7,2,198,20,28,43,21,20,0,0,7,0,7,0,206,7,2,198,20,0,0,27,0,0,0,0,0,0,0,0,0,17,0,0,1,0,0,0,9,0
1174,L18441,AbstractJavaRule,net.sourceforge.pmd.lang.java.rule.AbstractJavaRule,L20817,L103,C:\Users\domco\Desktop\DP\repos\pmd\pmd-java\src\main\java\net\sourceforge\pmd\lang\java\rule\AbstractJavaRule.java,17,1,550,2,0.0,0,0,0,0.0,0.0,0,0,4,2,2,129,125,128,197,11,135,0.00819672,0.0439024,18,12,1,121,0.0439024,18,3,5,109,160,2,392,534,21,20,0,1,124,0,121,0,199,136,2,191,20,392,534,21,20,0,1,124,0,121,0,199,136,2,191,20,0,0,265,0,117,117,0,0,1,1,2,0,245,0,0,3,0,0,0,13,1.0
1175,L21290,AbstractJUnitRule,net.sourceforge.pmd.lang.java.rule.AbstractJUnitRule,L20817,L103,C:\Users\domco\Desktop\DP\repos\pmd\pmd-java\src\main\java\net\sourceforge\pmd\lang\java\rule\AbstractJUnitRule.java,23,1,161,2,0.0,0,0,0,0.0,0.0,0,0,1,3,3,45,17,4,3,20,31,0.0,0.0166667,2,0,0,3,0.0166667,2,4,6,4,4,1,118,139,27,20,6,0,11,0,2,0,210,69,2,193,20,118,139,27,20,6,0,11,0,2,0,210,69,2,193,20,0,0,38,1,3,0,0,0,0,0,1,1,25,0,3,1,0,0,0,11,0
1176,L21346,AbstractLombokAwareRule,net.sourceforge.pmd.lang.java.rule.AbstractLombokAwareRule,L20817,L103,C:\Users\domco\Desktop\DP\repos\pmd\pmd-java\src\main\java\net\sourceforge\pmd\lang\java\rule\AbstractLombokAwareRule.java,25,1,113,2,0.0,0,0,0,0.0,0.0,0,0,1,5,5,15,9,3,3,9,15,0.2,0.252874,22,22,1,4,0.252874,22,4,6,3,3,1,65,89,25,20,4,0,6,0,4,0,205,26,2,195,20,65,89,25,20,4,0,6,0,4,0,205,26,2,195,20,0,0,22,0,2,0,0,0,0,2,0,0,9,0,0,1,0,2,0,10,0
1177,L21379,AbstractPoorMethodCall,net.sourceforge.pmd.lang.java.rule.AbstractPoorMethodCall,L20817,L103,C:\Users\domco\Desktop\DP\repos\pmd\pmd-java\src\main\java\net\sourceforge\pmd\lang\java\rule\AbstractPoorMethodCall.java,29,1,120,2,0.0,0,0,0,0.0,0.0,0,0,1,5,5,15,10,1,0,10,15,1.0,0.547368,52,51,2,0,0.547368,52,4,6,1,1,1,43,92,21,20,0,0,5,0,1,0,204,25,2,192,20,43,92,21,20,0,0,5,0,1,0,204,25,2,192,20,0,0,13,0,1,1,0,0,0,2,1,0,0,0,0,1,0,0,0,9,0
1178,L21403,AbstractStatisticalJavaRule,net.sourceforge.pmd.lang.java.rule.AbstractStatisticalJavaRule,L20817,L103,C:\Users\domco\Desktop\DP\repos\pmd\pmd-java\src\main\java\net\sourceforge\pmd\lang\java\rule\AbstractStatisticalJavaRule.java,15,1,32,2,0.0,0,0,0,0.0,0.0,0,0,1,0,0,3,6,4,4,3,6,0.0,0.0,0,0,0,4,0.0,0,4,7,4,12,2,14,18,25,21,1,1,3,0,3,0,201,4,5,193,20,14,18,25,21,1,1,3,0,3,0,201,4,5,193,20,0,0,21,2,2,2,0,1,0,0,0,0,9,0,1,2,0,0,0,10,1.0
1179,L25391,GenericLiteralCheckerRule,net.sourceforge.pmd.lang.java.rule.GenericLiteralCheckerRule,L20817,L103,C:\Users\domco\Desktop\DP\repos\pmd\pmd-java\src\main\java\net\sourceforge\pmd\lang\java\rule\GenericLiteralCheckerRule.java,21,1,60,2,0.0,0,0,0,0.0,0.0,0,0,1,2,2,9,7,0,0,6,9,0.666667,0.333333,14,12,2,1,0.333333,14,4,6,0,0,1,28,40,24,20,3,0,3,0,2,0,202,11,2,193,20,28,40,24,20,3,0,3,0,2,0,202,11,2,193,20,0,0,15,0,0,0,0,0,0,0,0,0,5,0,0,1,0,0,0,9,0
1180,L18878,JavaRuleChainVisitor,net.sourceforge.pmd.lang.java.rule.JavaRuleChainVisitor,L20817,L103,C:\Users\domco\Desktop\DP\repos\pmd\pmd-java\src\main\java\net\sourceforge\pmd\lang\java\rule\JavaRuleChainVisitor.java,19,1,44,2,0.0,0,0,0,0.0,0.0,0,0,2,1,1,4,8,1,0,2,4,0.0,0.0588235,1,0,0,1,0.130435,3,2,2,0,0,1,16,20,2,0,0,0,2,0,0,0,7,6,0,2,0,20,26,2,0,0,0,3,0,1,0,125,8,0,120,0,0,0,15,0,3,3,0,0,1,0,0,0,8,0,0,0,0,0,0,6,1.0
1181,L25033,JavaRuleViolation,net.sourceforge.pmd.lang.java.rule.JavaRuleViolation,L20817,L103,C:\Users\domco\Desktop\DP\repos\pmd\pmd-java\src\main\java\net\sourceforge\pmd\lang\java\rule\JavaRuleViolation.java,40,1,148,2,0.0,0,0,0,0.0,0.0,0,0,1,5,4,30,21,4,10,22,28,0.5,0.209524,22,17,2,2,0.209524,22,2,2,1,1,1,83,109,12,12,0,0,6,0,3,2,25,52,0,18,4,83,109,12,12,0,0,6,0,3,2,25,52,0,18,4,0,0,17,1,1,0,0,0,0,2,1,1,13,0,0,0,0,1,0,1,0
1182,L25459,JavaRuleViolationFactory,net.sourceforge.pmd.lang.java.rule.JavaRuleViolationFactory,L20817,L103,C:\Users\domco\Desktop\DP\repos\pmd\pmd-java\src\main\java\net\sourceforge\pmd\lang\java\rule\JavaRuleViolationFactory.java,15,1,33,2,0.0,0,0,0,0.0,0.0,0,0,2,0,0,3,8,1,0,2,5,0.0,0.0,0,0,0,1,0.0,0,2,2,0,0,1,14,19,2,0,1,0,3,1,0,0,6,2,1,2,0,14,19,2,0,1,0,3,1,0,0,6,2,1,2,0,0,0,15,0,0,0,0,0,1,0,0,0,9,0,0,0,0,0,0,5,0
1183,L26019,StringConcatenationRule,net.sourceforge.pmd.lang.java.rule.StringConcatenationRule,L20817,L103,C:\Users\domco\Desktop\DP\repos\pmd\pmd-java\src\main\java\net\sourceforge\pmd\lang\java\rule\StringConcatenationRule.java,12,1,28,2,0.0,0,0,0,0.0,0.0,0,0,1,2,2,4,5,0,0,1,2,0.5,0.0625,1,1,1,1,0.0625,1,4,6,0,0,1,15,17,21,20,0,0,1,0,1,0,200,10,2,192,20,15,17,21,20,0,0,1,0,1,0,200,10,2,192,20,0,0,15,0,1,1,0,0,0,0,0,0,5,0,0,1,0,0,0,9,1.0
1184,L26025,SymbolTableTestRule,net.sourceforge.pmd.lang.java.rule.SymbolTableTestRule,L20817,L103,C:\Users\domco\Desktop\DP\repos\pmd\pmd-java\src\main\java\net\sourceforge\pmd\lang\java\rule\SymbolTableTestRule.java,13,1,25,2,0.0,0,0,0,0.0,0.0,0,0,1,2,2,3,6,0,0,5,6,0.5,0.0769231,1,1,1,1,0.0769231,1,4,6,0,0,1,12,13,21,20,0,0,1,0,1,0,200,5,2,192,20,12,13,21,20,0,0,1,0,1,0,200,5,2,192,20,0,0,15,1,0,1,0,0,0,0,0,0,5,0,0,1,0,0,0,9,0
1185,L26031,UselessAssignment,net.sourceforge.pmd.lang.java.rule.UselessAssignment,L20817,L103,C:\Users\domco\Desktop\DP\repos\pmd\pmd-java\src\main\java\net\sourceforge\pmd\lang\java\rule\UselessAssignment.java,20,1,98,2,0.0,0,0,0,0.0,0.0,0,0,1,4,4,8,11,0,0,13,15,0.333333,0.508475,30,1,1,2,0.428571,30,4,7,0,0,2,29,66,22,20,1,0,2,0,2,0,201,20,2,193,20,40,79,24,20,3,0,4,2,3,0,203,23,4,194,20,0,0,27,0,5,4,0,0,0,2,1,1,8,0,0,2,0,0,0,14,1.0
1186,L26060,JavaRuleViolationTest,net.sourceforge.pmd.lang.java.rule.JavaRuleViolationTest,L20817,L103,C:\Users\domco\Desktop\DP\repos\pmd\pmd-java\src\test\java\net\sourceforge\pmd\lang\java\rule\JavaRuleViolationTest.java,27,1,111,2,0.0,0,0,0,0.0,0.0,0,0,1,0,0,7,16,0,0,15,22,0.571429,0.24359,19,18,4,3,0.24359,19,0,0,0,0,0,59,85,0,0,0,0,7,0,6,0,7,35,0,6,0,59,85,0,0,0,0,7,0,6,0,7,35,0,6,0,0,0,12,0,14,14,0,0,0,0,1,0,11,0,0,0,0,0,0,0,0
1187,L26084,XPathRuleTest,net.sourceforge.pmd.lang.java.rule.XPathRuleTest,L20817,L103,C:\Users\domco\Desktop\DP\repos\pmd\pmd-java\src\test\java\net\sourceforge\pmd\lang\java\rule\XPathRuleTest.java,45,1,209,2,0.30829,1,2,2,0.224242,0.256198,37,31,3,1,1,8,32,0,0,37,44,0.428571,0.147887,21,16,3,4,0.147887,21,1,1,0,0,1,121,165,5,3,4,1,7,0,6,1,25,86,0,15,1,121,165,5,3,4,1,7,0,6,1,25,86,0,15,1,0,0,41,0,18,14,19,4,1,0,4,0,17,0,0,0,0,0,0,0,0
1188,L21504,AbstractJavaScope,net.sourceforge.pmd.lang.java.symboltable.AbstractJavaScope,L26120,L103,C:\Users\domco\Desktop\DP\repos\pmd\pmd-java\src\main\java\net\sourceforge\pmd\lang\java\symboltable\AbstractJavaScope.java,18,1,47,2,0.0,0,0,0,0.0,0.0,0,0,3,1,1,9,5,8,12,2,7,0.333333,0.166667,5,5,1,2,0.166667,5,2,2,4,4,1,25,30,2,4,0,0,5,0,2,0,13,10,0,10,1,25,30,2,4,0,0,5,0,2,0,13,10,0,10,1,0,0,14,1,0,0,0,0,1,0,0,1,13,0,0,0,0,0,0,0,0
1189,L21519,ClassNameDeclaration,net.sourceforge.pmd.lang.java.symboltable.ClassNameDeclaration,L26120,L103,C:\Users\domco\Desktop\DP\repos\pmd\pmd-java\src\main\java\net\sourceforge\pmd\lang\java\symboltable\ClassNameDeclaration.java,12,1,41,2,0.0,0,0,0,0.0,0.0,0,0,1,2,2,7,7,12,6,5,10,0.0,0.0,0,0,0,6,0.0,0,2,3,0,0,2,25,30,1,7,0,3,5,0,5,0,10,9,0,10,0,25,30,1,7,0,3,5,0,5,0,10,9,0,10,0,0,0,14,0,3,3,0,0,0,0,0,0,13,0,0,1,0,0,0,0,1.0
1190,L19640,ClassScope,net.sourceforge.pmd.lang.java.symboltable.ClassScope,L26120,L103,C:\Users\domco\Desktop\DP\repos\pmd\pmd-java\src\main\java\net\sourceforge\pmd\lang\java\symboltable\ClassScope.java,48,1,688,2,0.060816,1,12,2,0.0670827,0.0770833,43,37,1,10,6,136,41,17,21,75,100,0.166667,0.17474,101,60,2,10,0.173838,101,3,3,0,0,1,477,638,7,10,5,6,25,0,11,1,37,304,0,21,2,480,641,7,10,5,6,26,0,11,1,38,305,0,21,2,0,0,85,0,5,4,9,0,0,14,8,0,50,0,0,0,0,1,0,4,1.0
1191,L26342,DeclarationFinderFunction,net.sourceforge.pmd.lang.java.symboltable.DeclarationFinderFunction,L26120,L103,C:\Users\domco\Desktop\DP\repos\pmd\pmd-java\src\main\java\net\sourceforge\pmd\lang\java\symboltable\DeclarationFinderFunction.java,11,1,44,2,0.0,0,0,0,0.0,0.0,0,0,1,1,1,9,4,1,1,5,10,0.0,0.0,0,0,0,4,0.0,0,1,1,0,0,1,27,34,2,1,2,1,5,0,3,0,5,10,0,3,0,27,34,2,1,2,1,5,0,3,0,5,10,0,3,0,0,0,13,0,1,0,0,0,0,0,0,1,13,0,0,0,0,0,0,0,0
1192,L18576,JavaNameOccurrence,net.sourceforge.pmd.lang.java.symboltable.JavaNameOccurrence,L26120,L103,C:\Users\domco\Desktop\DP\repos\pmd\pmd-java\src\main\java\net\sourceforge\pmd\lang\java\symboltable\JavaNameOccurrence.java,21,1,243,2,0.0,0,0,0,0.0,0.0,0,0,1,2,2,62,14,28,45,9,32,0.15,0.108108,20,16,3,17,0.108108,20,1,1,0,0,1,165,223,9,4,9,4,23,0,19,3,23,73,0,19,3,165,223,9,4,9,4,23,0,19,3,23,73,0,19,3,0,0,51,1,5,0,0,0,0,1,1,5,45,0,1,0,0,0,0,4,0
1193,L23390,LocalScope,net.sourceforge.pmd.lang.java.symboltable.LocalScope,L26120,L103,C:\Users\domco\Desktop\DP\repos\pmd\pmd-java\src\main\java\net\sourceforge\pmd\lang\java\symboltable\LocalScope.java,21,1,67,2,0.360976,1,4,1,0.319149,0.357143,15,15,2,3,3,14,11,5,3,10,15,0.166667,0.0869565,4,3,1,5,0.0869565,4,3,3,0,0,1,42,47,2,5,0,1,5,0,5,0,17,22,0,14,1,42,47,2,5,0,1,5,0,5,0,17,22,0,14,1,0,0,26,0,4,4,11,0,1,0,1,0,13,0,0,0,0,0,0,0,1.0
1194,L21512,MethodNameDeclaration,net.sourceforge.pmd.lang.java.symboltable.MethodNameDeclaration,L26120,L103,C:\Users\domco\Desktop\DP\repos\pmd\pmd-java\src\main\java\net\sourceforge\pmd\lang\java\symboltable\MethodNameDeclaration.java,14,1,150,2,0.173752,2,6,2,0.226277,0.181818,31,18,1,2,2,22,8,8,13,10,18,0.0,0.131579,15,0,0,9,0.131579,15,2,2,0,0,1,99,137,1,7,0,3,8,0,8,0,13,66,0,13,0,99,137,1,7,0,3,8,0,8,0,13,66,0,13,0,0,0,31,0,0,0,12,0,0,0,0,0,19,0,0,0,0,0,0,0,0
1195,L23377,MethodScope,net.sourceforge.pmd.lang.java.symboltable.MethodScope,L26120,L103,C:\Users\domco\Desktop\DP\repos\pmd\pmd-java\src\main\java\net\sourceforge\pmd\lang\java\symboltable\MethodScope.java,24,1,81,2,0.302632,1,4,1,0.241379,0.28,14,14,2,3,3,17,13,6,5,15,22,0.125,0.0909091,5,4,1,7,0.0909091,5,3,3,0,0,1,50,58,3,6,1,2,7,0,7,0,19,25,0,16,1,50,58,3,6,1,2,7,0,7,0,19,25,0,16,1,0,0,30,0,5,4,11,0,1,0,1,1,17,0,0,0,0,0,0,0,1.0
1196,L26437,NameFinder,net.sourceforge.pmd.lang.java.symboltable.NameFinder,L26120,L103,C:\Users\domco\Desktop\DP\repos\pmd\pmd-java\src\main\java\net\sourceforge\pmd\lang\java\symboltable\NameFinder.java,22,1,92,2,0.0,0,0,0,0.0,0.0,0,0,1,4,3,22,13,2,8,14,19,0.0,0.0,0,0,0,4,0.0,0,0,0,0,0,0,65,71,1,1,1,1,5,0,3,0,5,42,0,3,0,65,71,1,1,1,1,5,0,3,0,5,42,0,3,0,0,0,16,0,1,0,0,0,0,1,2,1,13,0,0,0,0,0,0,0,0
1197,L26461,OccurrenceFinder,net.sourceforge.pmd.lang.java.symboltable.OccurrenceFinder,L26120,L103,C:\Users\domco\Desktop\DP\repos\pmd\pmd-java\src\main\java\net\sourceforge\pmd\lang\java\symboltable\OccurrenceFinder.java,16,1,92,2,0.321839,2,4,2,0.441558,0.325,34,13,1,5,5,8,11,1,0,12,13,0.0,0.428571,30,2,0,2,0.428571,30,1,1,0,0,1,40,77,2,0,2,0,1,0,1,0,118,25,0,118,0,40,77,2,0,2,0,1,0,1,0,118,25,0,118,0,0,0,21,0,1,1,12,0,0,2,2,0,1,0,0,0,0,0,0,4,1.0
1198,L26069,ScopeAndDeclarationFinder,net.sourceforge.pmd.lang.java.symboltable.ScopeAndDeclarationFinder,L26120,L103,C:\Users\domco\Desktop\DP\repos\pmd\pmd-java\src\main\java\net\sourceforge\pmd\lang\java\symboltable\ScopeAndDeclarationFinder.java,48,1,333,2,0.0,0,0,0,0.0,0.0,0,0,2,3,3,33,36,2,2,33,57,0.210526,0.319392,84,75,4,15,0.319392,84,1,1,0,0,1,179,286,2,0,2,0,24,0,18,0,141,100,0,135,0,179,286,2,0,2,0,24,0,18,0,141,100,0,135,0,0,0,43,0,1,0,0,0,1,0,1,1,35,0,0,0,0,0,0,6,0
1199,L26476,Search,net.sourceforge.pmd.lang.java.symboltable.Search,L26120,L103,C:\Users\domco\Desktop\DP\repos\pmd\pmd-java\src\main\java\net\sourceforge\pmd\lang\java\symboltable\Search.java,15,1,68,2,0.0,0,0,0,0.0,0.0,0,0,1,2,2,15,5,1,1,6,11,0.0,0.0,0,0,0,5,0.0,0,0,0,0,0,0,48,54,3,1,3,1,5,0,4,0,5,24,0,4,0,48,54,3,1,3,1,5,0,4,0,5,24,0,4,0,0,0,13,6,2,6,0,0,0,0,0,2,13,0,0,0,0,0,0,0,0
1200,L26287,SimpleTypedNameDeclaration,net.sourceforge.pmd.lang.java.symboltable.SimpleTypedNameDeclaration,L26120,L103,C:\Users\domco\Desktop\DP\repos\pmd\pmd-java\src\main\java\net\sourceforge\pmd\lang\java\symboltable\SimpleTypedNameDeclaration.java,14,1,182,2,0.0492537,1,4,1,0.0591716,0.0740741,10,10,1,10,4,65,1,2,10,0,10,0.333333,0.140127,22,19,3,6,0.140127,22,1,1,0,0,1,135,169,4,2,4,2,10,0,8,0,10,65,0,8,0,135,169,4,2,4,2,10,0,8,0,10,65,0,8,0,0,2,31,5,0,0,7,0,0,5,0,0,19,0,7,0,0,0,0,0,0
1201,L21498,SourceFileScope,net.sourceforge.pmd.lang.java.symboltable.SourceFileScope,L26120,L103,C:\Users\domco\Desktop\DP\repos\pmd\pmd-java\src\main\java\net\sourceforge\pmd\lang\java\symboltable\SourceFileScope.java,25,1,165,2,0.0,0,0,0,0.0,0.0,0,0,4,2,2,22,13,8,15,20,34,0.538462,0.351563,45,45,7,6,0.351563,45,3,3,0,0,1,83,141,5,9,3,5,14,0,12,0,26,40,0,22,1,83,141,5,9,3,5,14,0,12,0,26,40,0,22,1,0,0,19,1,2,2,0,0,1,0,1,0,17,0,0,0,0,1,0,0,1.0
1202,L14082,SymbolFacade,net.sourceforge.pmd.lang.java.symboltable.SymbolFacade,L26120,L103,C:\Users\domco\Desktop\DP\repos\pmd\pmd-java\src\main\java\net\sourceforge\pmd\lang\java\symboltable\SymbolFacade.java,9,1,20,2,0.0,0,0,0,0.0,0.0,0,0,1,0,0,2,3,4,5,2,4,0.0,0.0,0,0,0,3,0.0,0,0,0,0,0,0,11,12,0,0,0,0,2,0,2,0,2,5,0,2,0,11,12,0,0,0,0,2,0,2,0,2,5,0,2,0,0,0,7,0,0,0,0,0,0,0,0,0,7,0,0,0,0,0,0,0,0
1203,L26650,TypeSet,net.sourceforge.pmd.lang.java.symboltable.TypeSet,L26120,L103,C:\Users\domco\Desktop\DP\repos\pmd\pmd-java\src\main\java\net\sourceforge\pmd\lang\java\symboltable\TypeSet.java,22,1,554,2,0.0,0,0,0,0.0,0.0,0,0,1,3,3,16,10,2,14,8,18,0.6,0.377551,37,33,6,4,0.38983,184,0,0,0,0,0,61,153,5,3,5,3,10,0,9,1,10,27,0,9,1,288,533,12,3,12,3,35,0,32,1,51,121,0,43,1,0,4,56,0,8,3,0,0,2,2,0,4,49,0,5,0,0,0,0,3,1.0
1204,L16221,VariableNameDeclaration,net.sourceforge.pmd.lang.java.symboltable.VariableNameDeclaration,L26120,L103,C:\Users\domco\Desktop\DP\repos\pmd\pmd-java\src\main\java\net\sourceforge\pmd\lang\java\symboltable\VariableNameDeclaration.java,19,1,132,2,0.0,0,0,0,0.0,0.0,0,0,1,1,1,29,16,40,40,17,34,0.0588235,0.0309278,3,3,1,16,0.0309278,3,2,3,0,0,2,94,114,1,11,0,7,17,0,16,0,22,42,0,21,0,94,114,1,11,0,7,17,0,16,0,22,42,0,21,0,0,0,39,0,2,2,0,0,0,0,1,0,35,0,0,1,0,0,0,2,1.0
1205,L26916,AcceptanceTest,net.sourceforge.pmd.lang.java.symboltable.AcceptanceTest,L26120,L103,C:\Users\domco\Desktop\DP\repos\pmd\pmd-java\src\test\java\net\sourceforge\pmd\lang\java\symboltable\AcceptanceTest.java,30,1,187,2,0.0,0,0,0,0.0,0.0,0,0,2,2,2,14,15,0,0,14,24,0.0909091,0.109489,15,6,1,10,0.109489,15,1,1,0,0,1,122,158,9,0,7,0,10,1,10,0,14,64,1,10,0,122,158,9,0,7,0,10,1,10,0,14,64,1,10,0,0,0,28,3,37,32,0,7,1,0,1,0,21,0,1,0,0,0,0,5,0
1206,L26959,ClassScopeTest,net.sourceforge.pmd.lang.java.symboltable.ClassScopeTest,L26120,L103,C:\Users\domco\Desktop\DP\repos\pmd\pmd-java\src\test\java\net\sourceforge\pmd\lang\java\symboltable\ClassScopeTest.java,30,1,371,2,0.126506,1,4,2,0.105263,0.115942,36,32,6,3,2,31,24,0,0,33,58,0.0769231,0.0416667,12,4,2,24,0.0416667,12,1,1,0,0,1,276,342,21,0,19,0,25,1,25,0,29,143,1,25,0,276,342,21,0,19,0,25,1,25,0,29,143,1,25,0,0,0,80,11,64,50,16,19,1,0,2,0,51,0,6,0,0,0,0,10,0
1207,L27045,GlobalScopeTest,net.sourceforge.pmd.lang.java.symboltable.GlobalScopeTest,L26120,L103,C:\Users\domco\Desktop\DP\repos\pmd\pmd-java\src\test\java\net\sourceforge\pmd\lang\java\symboltable\GlobalScopeTest.java,20,1,43,2,0.0,0,0,0,0.0,0.0,0,0,2,0,0,2,8,0,0,5,7,0.0,0.0,0,0,0,3,0.0,0,1,1,0,0,1,20,24,4,0,2,0,2,0,2,0,6,7,0,2,0,20,24,4,0,2,0,2,0,2,0,6,7,0,2,0,0,0,8,1,3,2,0,2,1,0,0,0,7,0,0,0,0,0,0,0,0
1208,L27053,ImageFinderFunctionTest,net.sourceforge.pmd.lang.java.symboltable.ImageFinderFunctionTest,L26120,L103,C:\Users\domco\Desktop\DP\repos\pmd\pmd-java\src\test\java\net\sourceforge\pmd\lang\java\symboltable\ImageFinderFunctionTest.java,18,1,46,2,0.0,0,0,0,0.0,0.0,0,0,3,0,0,3,5,0,0,7,10,0.0,0.0,0,0,0,4,0.0,0,0,0,0,0,0,26,29,0,0,0,0,3,0,3,0,3,16,0,3,0,26,29,0,0,0,0,3,0,3,0,3,16,0,3,0,0,0,10,1,2,2,0,0,1,0,0,0,9,0,1,0,0,0,0,0,0
1209,L27061,LocalScopeTest,net.sourceforge.pmd.lang.java.symboltable.LocalScopeTest,L26120,L103,C:\Users\domco\Desktop\DP\repos\pmd\pmd-java\src\test\java\net\sourceforge\pmd\lang\java\symboltable\LocalScopeTest.java,24,1,130,2,0.197269,1,2,2,0.224299,0.258065,24,24,4,0,0,9,17,0,0,19,28,0.0,0.0,0,0,0,10,0.0,0,1,1,0,0,1,93,107,7,0,5,0,9,5,9,0,13,56,5,9,0,93,107,7,0,5,0,9,5,9,0,13,56,5,9,0,0,0,44,2,15,10,17,5,1,0,1,0,21,0,2,0,0,0,0,4,0
1210,L27088,MethodNameDeclarationTest,net.sourceforge.pmd.lang.java.symboltable.MethodNameDeclarationTest,L26120,L103,C:\Users\domco\Desktop\DP\repos\pmd\pmd-java\src\test\java\net\sourceforge\pmd\lang\java\symboltable\MethodNameDeclarationTest.java,20,1,35,2,0.0,0,0,0,0.0,0.0,0,0,1,0,0,1,8,0,0,4,5,0.0,0.0714286,1,0,0,2,0.0714286,1,1,1,0,0,1,13,16,3,0,1,0,1,0,1,0,5,5,0,1,0,13,16,3,0,1,0,1,0,1,0,5,5,0,1,0,0,0,5,0,1,0,0,1,0,0,0,0,5,0,0,0,0,0,0,0,0
1211,L27093,MethodScopeTest,net.sourceforge.pmd.lang.java.symboltable.MethodScopeTest,L26120,L103,C:\Users\domco\Desktop\DP\repos\pmd\pmd-java\src\test\java\net\sourceforge\pmd\lang\java\symboltable\MethodScopeTest.java,19,1,52,2,0.0,0,0,0,0.0,0.0,0,0,1,0,0,3,9,0,0,8,11,0.0,0.0,0,0,0,4,0.0,0,1,1,0,0,1,29,34,4,0,2,0,3,1,3,0,7,12,1,3,0,29,34,4,0,2,0,3,1,3,0,7,12,1,3,0,0,0,13,1,6,5,0,2,0,0,0,0,9,0,0,0,0,0,0,4,0
1212,L27102,NameOccurrencesTest,net.sourceforge.pmd.lang.java.symboltable.NameOccurrencesTest,L26120,L103,C:\Users\domco\Desktop\DP\repos\pmd\pmd-java\src\test\java\net\sourceforge\pmd\lang\java\symboltable\NameOccurrencesTest.java,18,1,128,2,0.0,0,0,0,0.0,0.0,0,0,2,0,0,8,5,1,0,10,18,0.0,0.0,0,0,0,9,0.0,0,1,1,0,0,1,94,111,9,0,7,0,8,7,8,0,12,46,7,8,0,94,111,9,0,7,0,8,7,8,0,12,46,7,8,0,0,0,25,3,31,24,0,7,1,0,0,0,19,0,3,0,0,0,0,5,0
1213,L27126,ScopeAndDeclarationFinderTest,net.sourceforge.pmd.lang.java.symboltable.ScopeAndDeclarationFinderTest,L26120,L103,C:\Users\domco\Desktop\DP\repos\pmd\pmd-java\src\test\java\net\sourceforge\pmd\lang\java\symboltable\ScopeAndDeclarationFinderTest.java,21,1,74,2,0.0,0,0,0,0.0,0.0,0,0,1,1,1,3,16,0,0,12,14,0.333333,0.0816327,4,3,1,2,0.0816327,4,1,1,0,0,1,45,54,2,0,0,0,2,0,2,0,6,25,0,2,0,45,54,2,0,0,0,2,0,2,0,6,25,0,2,0,0,0,8,0,0,0,0,0,0,0,1,0,7,0,0,0,0,0,0,0,0
1214,L27136,ScopeCreationVisitorTest,net.sourceforge.pmd.lang.java.symboltable.ScopeCreationVisitorTest,L26120,L103,C:\Users\domco\Desktop\DP\repos\pmd\pmd-java\src\test\java\net\sourceforge\pmd\lang\java\symboltable\ScopeCreationVisitorTest.java,14,1,29,2,0.0,0,0,0,0.0,0.0,0,0,2,0,0,2,5,0,0,3,5,0.0,0.0,0,0,0,3,0.0,0,1,1,0,0,1,13,16,3,0,1,0,2,0,2,0,6,4,0,2,0,13,16,3,0,1,0,2,0,2,0,6,4,0,2,0,0,0,8,0,2,1,0,1,1,0,0,0,7,0,0,0,0,0,0,0,0
1215,L27144,SimpleTypedNameDeclarationTest,net.sourceforge.pmd.lang.java.symboltable.SimpleTypedNameDeclarationTest,L26120,L103,C:\Users\domco\Desktop\DP\repos\pmd\pmd-java\src\test\java\net\sourceforge\pmd\lang\java\symboltable\SimpleTypedNameDeclarationTest.java,20,1,87,2,0.0,0,0,0,0.0,0.0,0,0,1,0,0,5,1,0,0,3,8,1.0,0.112903,7,6,2,0,0.112903,7,0,0,0,0,0,55,68,0,0,0,0,5,0,1,0,5,42,0,1,0,55,68,0,0,0,0,5,0,1,0,5,42,0,1,0,0,0,12,8,1,2,0,1,0,0,0,0,12,0,6,0,0,0,0,0,0
1216,L27163,SourceFileScopeTest,net.sourceforge.pmd.lang.java.symboltable.SourceFileScopeTest,L26120,L103,C:\Users\domco\Desktop\DP\repos\pmd\pmd-java\src\test\java\net\sourceforge\pmd\lang\java\symboltable\SourceFileScopeTest.java,21,1,61,2,0.0,0,0,0,0.0,0.0,0,0,1,0,0,4,9,0,0,6,10,0.0,0.0,0,0,0,5,0.0,0,1,1,0,0,1,34,41,5,0,3,0,4,0,4,0,8,16,0,4,0,34,41,5,0,3,0,4,0,4,0,8,16,0,4,0,0,0,11,0,9,6,0,3,0,0,0,0,11,0,0,0,0,0,0,0,0
1217,L26917,STBBaseTst,net.sourceforge.pmd.lang.java.symboltable.STBBaseTst,L26120,L103,C:\Users\domco\Desktop\DP\repos\pmd\pmd-java\src\test\java\net\sourceforge\pmd\lang\java\symboltable\STBBaseTst.java,19,1,58,2,0.382166,1,3,1,0.275,0.354839,11,11,1,1,1,6,8,11,63,8,12,0.0,0.114286,4,4,0,1,0.114286,4,0,0,11,11,0,31,40,2,0,2,0,4,0,0,0,4,15,0,0,0,31,40,2,0,2,0,4,0,0,0,4,15,0,0,0,0,0,23,1,1,1,11,0,0,0,0,1,11,0,0,1,0,0,0,0,0
1218,L27221,TypeSetTest,net.sourceforge.pmd.lang.java.symboltable.TypeSetTest,L26120,L103,C:\Users\domco\Desktop\DP\repos\pmd\pmd-java\src\test\java\net\sourceforge\pmd\lang\java\symboltable\TypeSetTest.java,18,1,202,2,0.0,0,0,0,0.0,0.0,0,0,14,0,0,27,11,0,0,13,40,0.037037,0.00632911,1,1,1,26,0.00632911,1,0,0,0,0,0,157,185,1,1,1,1,27,0,26,0,27,74,0,26,0,157,185,1,1,1,1,27,0,26,0,27,74,0,26,0,0,0,62,2,24,22,0,1,1,0,1,1,57,0,2,0,0,0,0,3,0
1219,L27259,VariableNameDeclarationTest,net.sourceforge.pmd.lang.java.symboltable.VariableNameDeclarationTest,L26120,L103,C:\Users\domco\Desktop\DP\repos\pmd\pmd-java\src\test\java\net\sourceforge\pmd\lang\java\symboltable\VariableNameDeclarationTest.java,21,1,109,2,0.0,0,0,0,0.0,0.0,0,0,3,0,0,9,11,0,0,20,29,0.0,0.0,0,0,0,10,0.0,0,1,1,0,0,1,76,89,7,0,5,0,9,5,9,0,13,33,5,9,0,76,89,7,0,5,0,9,5,9,0,13,33,5,9,0,0,0,27,2,15,10,0,5,1,0,1,0,21,0,2,0,0,0,0,4,0
1220,L14974,ClassTypeResolver,net.sourceforge.pmd.lang.java.typeresolution.ClassTypeResolver,L27282,L103,C:\Users\domco\Desktop\DP\repos\pmd\pmd-java\src\main\java\net\sourceforge\pmd\lang\java\typeresolution\ClassTypeResolver.java,101,1,1437,2,0.0171123,1,4,2,0.0164547,0.0200602,22,20,6,8,5,262,78,4,3,116,192,0.0555556,0.153122,179,70,3,51,0.152211,179,1,1,0,0,1,990,1329,11,12,11,12,76,0,53,0,193,537,0,170,0,997,1337,13,12,13,12,77,2,53,0,194,538,2,170,0,0,4,205,10,11,6,14,3,1,17,7,4,144,0,12,0,0,0,0,22,1.0
1221,L27435,MethodType,net.sourceforge.pmd.lang.java.typeresolution.MethodType,L27282,L103,C:\Users\domco\Desktop\DP\repos\pmd\pmd-java\src\main\java\net\sourceforge\pmd\lang\java\typeresolution\MethodType.java,17,1,141,2,0.156566,2,11,2,0.136,0.171717,17,17,1,2,2,32,1,3,8,3,17,0.285714,0.123894,14,12,4,10,0.123894,14,0,0,0,0,0,99,125,3,5,3,5,14,0,13,0,14,47,0,13,0,99,125,3,5,3,5,14,0,13,0,14,47,0,13,0,0,0,39,0,1,0,11,0,0,1,0,1,27,0,0,0,0,0,0,0,0
1222,L27769,MethodTypeResolution,net.sourceforge.pmd.lang.java.typeresolution.MethodTypeResolution,L27282,L103,C:\Users\domco\Desktop\DP\repos\pmd\pmd-java\src\main\java\net\sourceforge\pmd\lang\java\typeresolution\MethodTypeResolution.java,36,1,726,2,0.0462963,1,8,2,0.0434153,0.0510441,30,22,3,6,6,127,17,5,14,30,55,0.44,0.245184,140,48,11,14,0.245184,140,0,0,0,0,0,431,691,4,5,4,5,25,0,24,0,25,249,0,24,0,431,691,4,5,4,5,25,0,24,0,25,249,0,24,0,0,0,60,0,10,4,14,4,1,9,1,2,33,0,0,0,0,0,0,2,0
1223,L26699,PMDASMClassLoader,net.sourceforge.pmd.lang.java.typeresolution.PMDASMClassLoader,L27282,L103,C:\Users\domco\Desktop\DP\repos\pmd\pmd-java\src\main\java\net\sourceforge\pmd\lang\java\typeresolution\PMDASMClassLoader.java,36,1,130,2,0.0,0,0,0,0.0,0.0,0,0,1,5,5,15,1,10,21,3,8,0.6,0.382353,39,35,3,2,0.382353,39,0,0,0,0,0,63,95,3,2,3,2,5,0,4,0,5,32,0,4,0,63,95,3,2,3,2,5,0,4,0,5,32,0,4,0,0,0,9,0,2,0,0,0,0,2,0,0,7,0,0,0,2,0,0,0,0
1224,L28329,TypeHelper,net.sourceforge.pmd.lang.java.typeresolution.TypeHelper,L27282,L103,C:\Users\domco\Desktop\DP\repos\pmd\pmd-java\src\main\java\net\sourceforge\pmd\lang\java\typeresolution\TypeHelper.java,11,1,70,2,0.0,0,0,0,0.0,0.0,0,0,2,3,3,22,3,15,18,4,12,0.0,0.0833333,4,0,0,8,0.0833333,4,0,0,0,0,0,44,60,0,0,0,0,8,0,7,0,8,19,0,7,0,44,60,0,0,0,0,8,0,7,0,8,19,0,7,0,0,1,18,0,0,0,0,0,1,0,0,0,17,0,1,0,0,0,0,0,0
1225,L14103,TypeResolutionFacade,net.sourceforge.pmd.lang.java.typeresolution.TypeResolutionFacade,L27282,L103,C:\Users\domco\Desktop\DP\repos\pmd\pmd-java\src\main\java\net\sourceforge\pmd\lang\java\typeresolution\TypeResolutionFacade.java,13,1,21,2,0.0,0,0,0,0.0,0.0,0,0,1,0,0,1,3,1,1,3,4,0.5,0.3,3,3,1,1,0.3,3,1,1,0,0,1,7,9,0,0,0,0,1,0,1,0,118,3,0,118,0,7,9,0,0,0,0,1,0,1,0,118,3,0,118,0,0,0,7,0,0,0,0,0,0,0,0,0,3,0,0,0,0,0,0,4,0
1226,L28963,GetCommentOnFunction,net.sourceforge.pmd.lang.java.xpath.GetCommentOnFunction,L28957,L103,C:\Users\domco\Desktop\DP\repos\pmd\pmd-java\src\main\java\net\sourceforge\pmd\lang\java\xpath\GetCommentOnFunction.java,27,1,53,2,0.0,0,0,0,0.0,0.0,0,0,2,3,3,7,4,1,1,5,7,0.333333,0.258065,8,7,1,2,0.258065,8,0,0,0,0,0,23,27,0,0,0,0,2,0,2,0,2,12,0,2,0,23,27,0,0,0,0,2,0,2,0,2,12,0,2,0,0,0,6,0,1,1,0,0,1,0,0,0,5,0,0,0,0,0,0,0,1.0
1227,L14054,JavaFunctions,net.sourceforge.pmd.lang.java.xpath.JavaFunctions,L28957,L103,C:\Users\domco\Desktop\DP\repos\pmd\pmd-java\src\main\java\net\sourceforge\pmd\lang\java\xpath\JavaFunctions.java,15,1,33,2,0.0,0,0,0,0.0,0.0,0,0,2,0,0,4,4,1,0,3,7,0.25,0.222222,4,3,1,3,0.222222,4,0,0,0,0,0,14,19,0,0,0,0,4,0,3,0,4,3,0,3,0,14,19,0,0,0,0,4,0,3,0,4,3,0,3,0,0,0,10,0,0,0,0,0,1,0,0,0,9,0,0,0,0,0,0,0,0
1228,L28991,MetricFunction,net.sourceforge.pmd.lang.java.xpath.MetricFunction,L28957,L103,C:\Users\domco\Desktop\DP\repos\pmd\pmd-java\src\main\java\net\sourceforge\pmd\lang\java\xpath\MetricFunction.java,28,1,119,2,0.0,0,0,0,0.0,0.0,0,0,2,2,1,17,6,3,6,2,13,0.125,0.0597015,4,4,1,7,0.0597015,4,0,0,0,0,0,63,92,2,5,2,5,11,0,7,0,11,28,0,7,0,63,92,2,5,2,5,11,0,7,0,11,28,0,7,0,0,2,26,1,0,1,0,0,1,0,0,0,25,0,2,0,0,0,0,0,0
1229,L29028,TypeOfFunction,net.sourceforge.pmd.lang.java.xpath.TypeOfFunction,L28957,L103,C:\Users\domco\Desktop\DP\repos\pmd\pmd-java\src\main\java\net\sourceforge\pmd\lang\java\xpath\TypeOfFunction.java,20,1,87,2,0.0,0,0,0,0.0,0.0,0,0,2,4,3,18,3,2,2,2,5,0.25,0.015625,1,1,1,3,0.015625,1,0,0,0,0,0,63,68,0,0,0,0,3,0,3,0,3,38,0,3,0,63,68,0,0,0,0,3,0,3,0,3,38,0,3,0,0,0,10,0,2,2,0,0,1,0,0,0,9,0,0,0,0,0,0,0,1.0
1230,L29046,ParserTstUtil$Collector<E extends Object>,net.sourceforge.pmd.lang.java.ParserTstUtil$Collector,L29044,L103,C:\Users\domco\Desktop\DP\repos\pmd\pmd-java\src\test\java\net\sourceforge\pmd\lang\java\ParserTstUtil.java,36,5,66,6,0.0,0,0,0,0.0,0.0,0,0,1,2,2,6,0,1,3,0,4,0.0,0.0,0,0,0,3,0.0,0,0,0,0,0,0,26,31,2,1,2,1,4,0,2,0,4,10,0,2,0,26,31,2,1,2,1,4,0,2,0,4,10,0,2,0,0,0,11,0,3,1,0,0,0,0,0,1,11,0,0,0,0,1,0,0,0
1231,L29160,SuppressWarningsTest$BarRule,net.sourceforge.pmd.lang.java.SuppressWarningsTest$BarRule,L29158,L103,C:\Users\domco\Desktop\DP\repos\pmd\pmd-java\src\test\java\net\sourceforge\pmd\lang\java\SuppressWarningsTest.java,22,5,39,6,0.0,0,0,0,0.0,0.0,0,0,1,2,2,4,5,1,0,4,6,0.0,0.117647,2,0,0,3,0.117647,2,4,6,0,0,1,15,18,21,21,0,1,2,0,2,0,201,5,2,193,20,15,18,21,21,0,1,2,0,2,0,201,5,2,193,20,0,0,17,0,0,0,0,0,0,0,0,0,7,0,0,1,0,0,0,9,0
1232,L29317,AbstractEcmascriptNode<T extends AstNode>,net.sourceforge.pmd.lang.ecmascript.ast.AbstractEcmascriptNode,L29250,L103,C:\Users\domco\Desktop\DP\repos\pmd\pmd-javascript\src\main\java\net\sourceforge\pmd\lang\ecmascript\ast\AbstractEcmascriptNode.java,12,1,75,2,0.240642,1,3,1,0.1875,0.227273,12,10,3,2,2,11,4,47,46,5,13,0.25,0.185185,10,7,2,6,0.185185,10,2,3,45,51,2,44,64,14,16,1,2,8,0,7,0,59,22,0,55,3,44,64,14,16,1,2,8,0,7,0,59,22,0,55,3,0,0,32,0,6,5,11,1,1,0,0,0,15,0,0,3,0,0,0,2,1.0
1233,L29353,AbstractInfixEcmascriptNode<T extends InfixExpression>,net.sourceforge.pmd.lang.ecmascript.ast.AbstractInfixEcmascriptNode,L29250,L103,C:\Users\domco\Desktop\DP\repos\pmd\pmd-javascript\src\main\java\net\sourceforge\pmd\lang\ecmascript\ast\AbstractInfixEcmascriptNode.java,11,1,35,2,0.0,0,0,0,0.0,0.0,0,0,0,2,2,6,3,7,7,3,7,0.0,0.0,0,0,0,5,0.0,0,3,4,6,6,1,21,25,14,18,0,2,4,0,4,0,63,8,0,59,3,21,25,14,18,0,2,4,0,4,0,63,8,0,59,3,0,0,14,0,0,0,0,0,0,0,0,0,11,0,0,0,0,0,0,3,0
1234,L29374,ASTArrayComprehension,net.sourceforge.pmd.lang.ecmascript.ast.ASTArrayComprehension,L29250,L103,C:\Users\domco\Desktop\DP\repos\pmd\pmd-javascript\src\main\java\net\sourceforge\pmd\lang\ecmascript\ast\ASTArrayComprehension.java,9,1,40,2,0.0,0,0,0,0.0,0.0,0,0,2,0,0,7,5,5,1,4,11,0.125,0.115385,3,3,1,7,0.115385,3,3,4,0,0,1,23,32,14,20,0,4,7,0,7,0,66,7,0,62,3,23,32,14,20,0,4,7,0,7,0,66,7,0,62,3,0,0,19,0,1,1,0,0,1,0,0,0,15,0,0,0,0,0,0,3,1.0
1235,L29389,ASTArrayComprehensionLoop,net.sourceforge.pmd.lang.ecmascript.ast.ASTArrayComprehensionLoop,L29250,L103,C:\Users\domco\Desktop\DP\repos\pmd\pmd-javascript\src\main\java\net\sourceforge\pmd\lang\ecmascript\ast\ASTArrayComprehensionLoop.java,9,1,29,2,0.0,0,0,0,0.0,0.0,0,0,1,0,0,4,4,5,0,3,7,0.2,0.176471,3,3,1,4,0.176471,3,3,4,0,0,1,14,21,14,18,0,2,4,0,4,0,63,4,0,59,3,14,21,14,18,0,2,4,0,4,0,63,4,0,59,3,0,0,12,0,1,1,0,0,0,0,0,0,9,0,0,0,0,0,0,3,1.0
1236,L29405,ASTArrayLiteral,net.sourceforge.pmd.lang.ecmascript.ast.ASTArrayLiteral,L29250,L103,C:\Users\domco\Desktop\DP\repos\pmd\pmd-javascript\src\main\java\net\sourceforge\pmd\lang\ecmascript\ast\ASTArrayLiteral.java,9,1,35,2,0.0,0,0,0,0.0,0.0,0,0,3,0,0,5,4,4,0,2,7,0.166667,0.136364,3,3,1,5,0.136364,3,3,6,0,0,3,19,27,15,16,1,0,5,0,5,1,64,5,0,60,4,19,27,15,16,1,0,5,0,5,1,64,5,0,60,4,0,0,17,0,4,4,0,0,1,0,0,0,11,0,0,2,0,0,0,3,1.0
1237,L29426,ASTAssignment,net.sourceforge.pmd.lang.ecmascript.ast.ASTAssignment,L29250,L103,C:\Users\domco\Desktop\DP\repos\pmd\pmd-javascript\src\main\java\net\sourceforge\pmd\lang\ecmascript\ast\ASTAssignment.java,9,1,21,2,0.0,0,0,0,0.0,0.0,0,0,1,0,0,2,2,5,0,2,4,0.333333,0.25,3,3,1,2,0.25,3,4,5,0,0,1,9,13,14,18,0,0,2,0,2,0,65,2,0,61,3,9,13,14,18,0,0,2,0,2,0,65,2,0,61,3,0,0,6,0,0,0,0,0,0,0,0,0,3,0,0,0,0,0,0,3,0
1238,L29441,ASTAstRoot,net.sourceforge.pmd.lang.ecmascript.ast.ASTAstRoot,L29250,L103,C:\Users\domco\Desktop\DP\repos\pmd\pmd-javascript\src\main\java\net\sourceforge\pmd\lang\ecmascript\ast\ASTAstRoot.java,9,1,29,2,0.0,0,0,0,0.0,0.0,0,0,1,0,0,5,4,7,0,4,8,0.2,0.166667,3,3,1,4,0.166667,3,3,4,0,0,1,15,21,14,18,0,2,4,0,4,0,63,4,0,59,3,15,21,14,18,0,2,4,0,4,0,63,4,0,59,3,0,0,12,0,0,0,0,0,0,0,0,0,9,0,0,0,0,0,0,3,0
1239,L29457,ASTBlock,net.sourceforge.pmd.lang.ecmascript.ast.ASTBlock,L29250,L103,C:\Users\domco\Desktop\DP\repos\pmd\pmd-javascript\src\main\java\net\sourceforge\pmd\lang\ecmascript\ast\ASTBlock.java,9,1,21,2,0.0,0,0,0,0.0,0.0,0,0,1,0,0,2,2,7,0,2,4,0.333333,0.25,3,3,1,2,0.25,3,3,4,0,0,1,9,13,14,16,0,0,2,0,2,0,61,2,0,57,3,9,13,14,16,0,0,2,0,2,0,61,2,0,57,3,0,0,6,0,0,0,0,0,0,0,0,0,3,0,0,0,0,0,0,3,0
1240,L29466,ASTBreakStatement,net.sourceforge.pmd.lang.ecmascript.ast.ASTBreakStatement,L29250,L103,C:\Users\domco\Desktop\DP\repos\pmd\pmd-javascript\src\main\java\net\sourceforge\pmd\lang\ecmascript\ast\ASTBreakStatement.java,9,1,30,2,0.0,0,0,0,0.0,0.0,0,0,2,0,0,5,4,5,1,4,8,0.2,0.157895,3,3,1,4,0.157895,3,3,4,0,0,1,16,22,14,17,0,1,4,0,4,0,63,5,0,59,3,16,22,14,17,0,1,4,0,4,0,63,5,0,59,3,0,0,13,0,0,0,0,0,1,0,0,0,9,0,0,0,0,0,0,3,1.0
1241,L29480,ASTCatchClause,net.sourceforge.pmd.lang.ecmascript.ast.ASTCatchClause,L29250,L103,C:\Users\domco\Desktop\DP\repos\pmd\pmd-javascript\src\main\java\net\sourceforge\pmd\lang\ecmascript\ast\ASTCatchClause.java,9,1,37,2,0.0,0,0,0,0.0,0.0,0,0,2,0,0,6,6,6,1,4,10,0.142857,0.125,3,3,1,6,0.125,3,3,4,0,0,1,21,29,14,19,0,3,6,0,6,0,65,6,0,61,3,21,29,14,19,0,3,6,0,6,0,65,6,0,61,3,0,0,17,0,0,0,0,0,1,0,0,0,13,0,0,0,0,0,0,3,0
1242,L29452,ASTComment,net.sourceforge.pmd.lang.ecmascript.ast.ASTComment,L29250,L103,C:\Users\domco\Desktop\DP\repos\pmd\pmd-javascript\src\main\java\net\sourceforge\pmd\lang\ecmascript\ast\ASTComment.java,9,1,25,2,0.0,0,0,0,0.0,0.0,0,0,1,0,0,3,2,5,0,2,5,0.25,0.2,3,3,1,3,0.2,3,3,4,0,0,1,12,17,14,17,0,1,3,0,3,0,62,3,0,58,3,12,17,14,17,0,1,3,0,3,0,62,3,0,58,3,0,0,10,0,0,0,0,0,0,0,0,0,7,0,0,0,0,0,0,3,0
1243,L29504,ASTConditionalExpression,net.sourceforge.pmd.lang.ecmascript.ast.ASTConditionalExpression,L29250,L103,C:\Users\domco\Desktop\DP\repos\pmd\pmd-javascript\src\main\java\net\sourceforge\pmd\lang\ecmascript\ast\ASTConditionalExpression.java,9,1,33,2,0.0,0,0,0,0.0,0.0,0,0,1,0,0,5,4,4,0,3,8,0.166667,0.142857,3,3,1,5,0.142857,3,3,4,0,0,1,18,25,14,19,0,3,5,0,5,0,64,5,0,60,3,18,25,14,19,0,3,5,0,5,0,64,5,0,60,3,0,0,14,0,0,0,0,0,0,0,0,0,11,0,0,0,0,0,0,3,0
1244,L29516,ASTContinueStatement,net.sourceforge.pmd.lang.ecmascript.ast.ASTContinueStatement,L29250,L103,C:\Users\domco\Desktop\DP\repos\pmd\pmd-javascript\src\main\java\net\sourceforge\pmd\lang\ecmascript\ast\ASTContinueStatement.java,9,1,30,2,0.0,0,0,0,0.0,0.0,0,0,2,0,0,5,4,5,1,4,8,0.2,0.157895,3,3,1,4,0.157895,3,3,4,0,0,1,16,22,14,17,0,1,4,0,4,0,63,5,0,59,3,16,22,14,17,0,1,4,0,4,0,63,5,0,59,3,0,0,13,0,0,0,0,0,1,0,0,0,9,0,0,0,0,0,0,3,1.0
1245,L29527,ASTDoLoop,net.sourceforge.pmd.lang.ecmascript.ast.ASTDoLoop,L29250,L103,C:\Users\domco\Desktop\DP\repos\pmd\pmd-javascript\src\main\java\net\sourceforge\pmd\lang\ecmascript\ast\ASTDoLoop.java,9,1,29,2,0.0,0,0,0,0.0,0.0,0,0,1,0,0,4,4,4,0,3,7,0.2,0.166667,3,3,1,4,0.166667,3,3,4,0,0,1,15,21,14,18,0,2,4,0,4,0,63,4,0,59,3,15,21,14,18,0,2,4,0,4,0,63,4,0,59,3,0,0,12,0,0,0,0,0,0,0,0,0,9,0,0,0,0,0,0,3,0
1246,L29538,ASTElementGet,net.sourceforge.pmd.lang.ecmascript.ast.ASTElementGet,L29250,L103,C:\Users\domco\Desktop\DP\repos\pmd\pmd-javascript\src\main\java\net\sourceforge\pmd\lang\ecmascript\ast\ASTElementGet.java,9,1,35,2,0.0,0,0,0,0.0,0.0,0,0,1,1,1,6,4,5,2,4,8,0.2,0.125,3,3,1,4,0.125,3,3,4,0,0,1,21,27,14,18,0,2,4,0,4,0,63,8,0,59,3,21,27,14,18,0,2,4,0,4,0,63,8,0,59,3,0,0,12,0,0,0,0,0,0,0,0,0,9,0,0,0,0,0,0,3,0
1247,L29549,ASTEmptyExpression,net.sourceforge.pmd.lang.ecmascript.ast.ASTEmptyExpression,L29250,L103,C:\Users\domco\Desktop\DP\repos\pmd\pmd-javascript\src\main\java\net\sourceforge\pmd\lang\ecmascript\ast\ASTEmptyExpression.java,9,1,21,2,0.0,0,0,0,0.0,0.0,0,0,1,0,0,2,2,5,0,2,4,0.333333,0.25,3,3,1,2,0.25,3,3,4,0,0,1,9,13,14,16,0,0,2,0,2,0,61,2,0,57,3,9,13,14,16,0,0,2,0,2,0,61,2,0,57,3,0,0,6,0,0,0,0,0,0,0,0,0,3,0,0,0,0,0,0,3,0
1248,L29558,ASTEmptyStatement,net.sourceforge.pmd.lang.ecmascript.ast.ASTEmptyStatement,L29250,L103,C:\Users\domco\Desktop\DP\repos\pmd\pmd-javascript\src\main\java\net\sourceforge\pmd\lang\ecmascript\ast\ASTEmptyStatement.java,9,1,18,2,0.0,0,0,0,0.0,0.0,0,0,1,0,0,2,2,1,0,2,4,0.0,0.0,0,0,0,3,0.0,0,3,4,0,0,1,9,10,14,16,0,0,2,0,2,0,61,2,0,57,3,9,10,14,16,0,0,2,0,2,0,61,2,0,57,3,0,0,10,0,0,0,0,0,0,0,0,0,7,0,0,0,0,0,0,3,1.0
1249,L29564,ASTExpressionStatement,net.sourceforge.pmd.lang.ecmascript.ast.ASTExpressionStatement,L29250,L103,C:\Users\domco\Desktop\DP\repos\pmd\pmd-javascript\src\main\java\net\sourceforge\pmd\lang\ecmascript\ast\ASTExpressionStatement.java,10,1,26,2,0.0,0,0,0,0.0,0.0,0,0,2,0,0,3,2,6,1,2,5,0.25,0.2,3,3,1,3,0.2,3,3,4,0,0,1,12,17,14,16,0,0,3,0,3,0,62,3,0,58,3,12,17,14,16,0,0,3,0,3,0,62,3,0,58,3,0,0,11,0,0,0,0,0,1,0,0,0,7,0,0,0,0,0,0,3,1.0
1250,L29574,ASTForInLoop,net.sourceforge.pmd.lang.ecmascript.ast.ASTForInLoop,L29250,L103,C:\Users\domco\Desktop\DP\repos\pmd\pmd-javascript\src\main\java\net\sourceforge\pmd\lang\ecmascript\ast\ASTForInLoop.java,9,1,36,2,0.0,0,0,0,0.0,0.0,0,0,2,0,0,6,4,5,1,3,9,0.142857,0.130435,3,3,1,6,0.130435,3,3,4,0,0,1,20,28,14,19,0,3,6,0,6,0,65,6,0,61,3,20,28,14,19,0,3,6,0,6,0,65,6,0,61,3,0,0,17,0,1,1,0,0,1,0,0,0,13,0,0,0,0,0,0,3,1.0
1251,L29587,ASTForLoop,net.sourceforge.pmd.lang.ecmascript.ast.ASTForLoop,L29250,L103,C:\Users\domco\Desktop\DP\repos\pmd\pmd-javascript\src\main\java\net\sourceforge\pmd\lang\ecmascript\ast\ASTForLoop.java,9,1,36,2,0.0,0,0,0,0.0,0.0,0,0,1,0,0,6,4,4,0,3,9,0.142857,0.130435,3,3,1,6,0.130435,3,3,4,0,0,1,20,28,14,20,0,4,6,0,6,0,65,6,0,61,3,20,28,14,20,0,4,6,0,6,0,65,6,0,61,3,0,0,16,0,1,1,0,0,0,0,0,0,13,0,0,0,0,0,0,3,1.0
1252,L29600,ASTFunctionCall,net.sourceforge.pmd.lang.ecmascript.ast.ASTFunctionCall,L29250,L103,C:\Users\domco\Desktop\DP\repos\pmd\pmd-javascript\src\main\java\net\sourceforge\pmd\lang\ecmascript\ast\ASTFunctionCall.java,9,1,36,2,0.0,0,0,0,0.0,0.0,0,0,2,0,0,6,4,7,3,3,9,0.142857,0.130435,3,3,1,6,0.130435,3,3,4,0,0,1,20,28,14,19,0,3,6,0,6,0,65,6,0,61,3,20,28,14,19,0,3,6,0,6,0,65,6,0,61,3,0,0,17,0,1,1,0,0,1,0,0,0,13,0,0,0,0,0,0,3,1.0
1253,L29615,ASTFunctionNode,net.sourceforge.pmd.lang.ecmascript.ast.ASTFunctionNode,L29250,L103,C:\Users\domco\Desktop\DP\repos\pmd\pmd-javascript\src\main\java\net\sourceforge\pmd\lang\ecmascript\ast\ASTFunctionNode.java,9,1,65,2,0.0,0,0,0,0.0,0.0,0,0,2,1,1,14,5,10,5,5,16,0.0833333,0.0833333,4,3,1,11,0.0833333,4,3,4,0,0,1,44,57,14,21,0,5,11,0,11,0,70,17,0,66,3,44,57,14,21,0,5,11,0,11,0,70,17,0,66,3,0,0,27,0,1,1,0,0,1,0,0,0,23,0,0,0,0,0,0,3,1.0
1254,L29638,ASTIfStatement,net.sourceforge.pmd.lang.ecmascript.ast.ASTIfStatement,L29250,L103,C:\Users\domco\Desktop\DP\repos\pmd\pmd-javascript\src\main\java\net\sourceforge\pmd\lang\ecmascript\ast\ASTIfStatement.java,9,1,36,2,0.0,0,0,0,0.0,0.0,0,0,2,0,0,6,4,5,1,3,9,0.142857,0.130435,3,3,1,6,0.130435,3,3,4,0,0,1,20,28,14,19,0,3,6,0,6,0,65,6,0,61,3,20,28,14,19,0,3,6,0,6,0,65,6,0,61,3,0,0,17,0,1,1,0,0,1,0,0,0,13,0,0,0,0,0,0,3,1.0
1255,L29651,ASTInfixExpression,net.sourceforge.pmd.lang.ecmascript.ast.ASTInfixExpression,L29250,L103,C:\Users\domco\Desktop\DP\repos\pmd\pmd-javascript\src\main\java\net\sourceforge\pmd\lang\ecmascript\ast\ASTInfixExpression.java,9,1,20,2,0.0,0,0,0,0.0,0.0,0,0,1,0,0,2,2,4,0,2,4,0.333333,0.272727,3,3,1,2,0.272727,3,4,5,0,0,1,8,12,14,18,0,0,2,0,2,0,65,2,0,61,3,8,12,14,18,0,0,2,0,2,0,65,2,0,61,3,0,0,6,0,1,1,0,0,0,0,0,0,3,0,0,0,0,0,0,3,1.0
1256,L29660,ASTKeywordLiteral,net.sourceforge.pmd.lang.ecmascript.ast.ASTKeywordLiteral,L29250,L103,C:\Users\domco\Desktop\DP\repos\pmd\pmd-javascript\src\main\java\net\sourceforge\pmd\lang\ecmascript\ast\ASTKeywordLiteral.java,10,1,39,2,0.0,0,0,0,0.0,0.0,0,0,2,0,0,6,3,5,1,3,9,0.142857,0.12,3,3,1,6,0.12,3,3,4,0,0,1,22,30,14,16,0,0,6,0,6,0,65,7,0,61,3,22,30,14,16,0,0,6,0,6,0,65,7,0,61,3,0,1,17,0,0,0,0,0,1,0,0,0,13,0,1,0,0,0,0,3,0
1257,L29673,ASTLabel,net.sourceforge.pmd.lang.ecmascript.ast.ASTLabel,L29250,L103,C:\Users\domco\Desktop\DP\repos\pmd\pmd-javascript\src\main\java\net\sourceforge\pmd\lang\ecmascript\ast\ASTLabel.java,9,1,21,2,0.0,0,0,0,0.0,0.0,0,0,1,0,0,2,3,5,0,3,5,0.333333,0.25,3,3,1,2,0.25,3,3,4,0,0,1,9,13,14,16,0,0,2,0,2,0,61,3,0,57,3,9,13,14,16,0,0,2,0,2,0,61,3,0,57,3,0,0,6,0,1,1,0,0,0,0,0,0,3,0,0,0,0,0,0,3,1.0
1258,L29682,ASTLabeledStatement,net.sourceforge.pmd.lang.ecmascript.ast.ASTLabeledStatement,L29250,L103,C:\Users\domco\Desktop\DP\repos\pmd\pmd-javascript\src\main\java\net\sourceforge\pmd\lang\ecmascript\ast\ASTLabeledStatement.java,9,1,32,2,0.0,0,0,0,0.0,0.0,0,0,1,0,0,5,5,4,0,4,9,0.166667,0.15,3,3,1,5,0.15,3,3,4,0,0,1,17,24,14,19,0,3,5,0,5,0,64,5,0,60,3,17,24,14,19,0,3,5,0,5,0,64,5,0,60,3,0,0,14,0,1,1,0,0,0,0,0,0,11,0,0,0,0,0,0,3,1.0
1259,L29697,ASTLetNode,net.sourceforge.pmd.lang.ecmascript.ast.ASTLetNode,L29250,L103,C:\Users\domco\Desktop\DP\repos\pmd\pmd-javascript\src\main\java\net\sourceforge\pmd\lang\ecmascript\ast\ASTLetNode.java,9,1,36,2,0.0,0,0,0,0.0,0.0,0,0,2,1,1,6,5,5,1,4,9,0.166667,0.125,3,3,1,5,0.125,3,3,4,0,0,1,21,28,14,18,0,2,5,0,5,0,64,7,0,60,3,21,28,14,18,0,2,5,0,5,0,64,7,0,60,3,0,0,15,0,1,1,0,0,1,0,0,0,11,0,0,0,0,0,0,3,1.0
1260,L29477,ASTName,net.sourceforge.pmd.lang.ecmascript.ast.ASTName,L29250,L103,C:\Users\domco\Desktop\DP\repos\pmd\pmd-javascript\src\main\java\net\sourceforge\pmd\lang\ecmascript\ast\ASTName.java,9,1,85,2,0.0,0,0,0,0.0,0.0,0,0,3,3,3,15,6,10,2,9,18,0.5,0.405797,28,28,5,5,0.405797,28,3,4,0,0,1,41,77,14,17,0,1,9,0,9,0,68,17,0,64,3,41,77,14,17,0,1,9,0,9,0,68,17,0,64,3,0,0,13,0,0,0,0,0,1,0,0,0,9,0,0,0,0,0,0,3,1.0
1261,L29745,ASTNewExpression,net.sourceforge.pmd.lang.ecmascript.ast.ASTNewExpression,L29250,L103,C:\Users\domco\Desktop\DP\repos\pmd\pmd-javascript\src\main\java\net\sourceforge\pmd\lang\ecmascript\ast\ASTNewExpression.java,9,1,44,2,0.0,0,0,0,0.0,0.0,0,0,2,0,0,8,5,5,1,4,12,0.111111,0.103448,3,3,1,8,0.103448,3,3,4,0,0,1,26,36,14,20,0,4,8,0,8,0,67,8,0,63,3,26,36,14,20,0,4,8,0,8,0,67,8,0,63,3,0,0,21,0,1,1,0,0,1,0,0,0,17,0,0,0,0,0,0,3,1.0
1262,L29765,ASTNumberLiteral,net.sourceforge.pmd.lang.ecmascript.ast.ASTNumberLiteral,L29250,L103,C:\Users\domco\Desktop\DP\repos\pmd\pmd-javascript\src\main\java\net\sourceforge\pmd\lang\ecmascript\ast\ASTNumberLiteral.java,10,1,31,2,0.0,0,0,0,0.0,0.0,0,0,1,0,0,4,3,5,1,4,8,0.4,0.25,5,4,2,3,0.25,5,3,4,0,0,1,15,22,14,18,0,2,4,0,4,0,63,5,0,59,3,15,22,14,18,0,2,4,0,4,0,63,5,0,59,3,0,0,8,0,1,1,0,0,0,0,0,0,5,0,0,0,0,0,0,3,1.0
1263,L29762,ASTObjectLiteral,net.sourceforge.pmd.lang.ecmascript.ast.ASTObjectLiteral,L29250,L103,C:\Users\domco\Desktop\DP\repos\pmd\pmd-javascript\src\main\java\net\sourceforge\pmd\lang\ecmascript\ast\ASTObjectLiteral.java,9,1,39,2,0.0,0,0,0,0.0,0.0,0,0,3,0,0,6,6,5,0,3,9,0.142857,0.12,3,3,1,6,0.12,3,3,6,0,0,3,22,31,15,17,1,1,6,0,6,1,65,6,0,61,4,22,31,15,17,1,1,6,0,6,1,65,6,0,61,4,0,0,19,0,4,4,0,0,1,0,0,0,13,0,0,2,0,0,0,3,1.0
1264,L29787,ASTObjectProperty,net.sourceforge.pmd.lang.ecmascript.ast.ASTObjectProperty,L29250,L103,C:\Users\domco\Desktop\DP\repos\pmd\pmd-javascript\src\main\java\net\sourceforge\pmd\lang\ecmascript\ast\ASTObjectProperty.java,9,1,28,2,0.0,0,0,0,0.0,0.0,0,0,2,0,0,4,3,6,1,2,6,0.2,0.176471,3,3,1,4,0.176471,3,4,5,0,0,1,14,20,14,18,0,0,4,0,4,0,67,4,0,63,3,14,20,14,18,0,0,4,0,4,0,67,4,0,63,3,0,0,13,0,1,1,0,0,1,0,0,0,9,0,0,0,0,0,0,3,1.0
1265,L29806,ASTParenthesizedExpression,net.sourceforge.pmd.lang.ecmascript.ast.ASTParenthesizedExpression,L29250,L103,C:\Users\domco\Desktop\DP\repos\pmd\pmd-javascript\src\main\java\net\sourceforge\pmd\lang\ecmascript\ast\ASTParenthesizedExpression.java,9,1,20,2,0.0,0,0,0,0.0,0.0,0,0,1,0,0,2,2,4,0,2,4,0.333333,0.272727,3,3,1,2,0.272727,3,3,4,0,0,1,8,12,14,16,0,0,2,0,2,0,61,2,0,57,3,8,12,14,16,0,0,2,0,2,0,61,2,0,57,3,0,0,6,0,1,1,0,0,0,0,0,0,3,0,0,0,0,0,0,3,1.0
1266,L29815,ASTPropertyGet,net.sourceforge.pmd.lang.ecmascript.ast.ASTPropertyGet,L29250,L103,C:\Users\domco\Desktop\DP\repos\pmd\pmd-javascript\src\main\java\net\sourceforge\pmd\lang\ecmascript\ast\ASTPropertyGet.java,9,1,21,2,0.0,0,0,0,0.0,0.0,0,0,1,0,0,2,3,5,0,3,5,0.333333,0.25,3,3,1,2,0.25,3,4,5,0,0,1,9,13,14,18,0,0,2,0,2,0,65,3,0,61,3,9,13,14,18,0,0,2,0,2,0,65,3,0,61,3,0,0,6,0,1,1,0,0,0,0,0,0,3,0,0,0,0,0,0,3,1.0
1267,L29824,ASTRegExpLiteral,net.sourceforge.pmd.lang.ecmascript.ast.ASTRegExpLiteral,L29250,L103,C:\Users\domco\Desktop\DP\repos\pmd\pmd-javascript\src\main\java\net\sourceforge\pmd\lang\ecmascript\ast\ASTRegExpLiteral.java,9,1,25,2,0.0,0,0,0,0.0,0.0,0,0,1,0,0,3,3,5,1,3,6,0.25,0.2,3,3,1,3,0.2,3,3,4,0,0,1,12,17,14,17,0,1,3,0,3,0,62,4,0,58,3,12,17,14,17,0,1,3,0,3,0,62,4,0,58,3,0,0,10,0,1,1,0,0,0,0,0,0,7,0,0,0,0,0,0,3,1.0
1268,L29834,ASTReturnStatement,net.sourceforge.pmd.lang.ecmascript.ast.ASTReturnStatement,L29250,L103,C:\Users\domco\Desktop\DP\repos\pmd\pmd-javascript\src\main\java\net\sourceforge\pmd\lang\ecmascript\ast\ASTReturnStatement.java,9,1,24,2,0.0,0,0,0,0.0,0.0,0,0,2,0,0,3,2,7,2,2,5,0.25,0.214286,3,3,1,3,0.214286,3,3,4,0,0,1,11,16,14,16,0,0,3,0,3,0,62,3,0,58,3,11,16,14,16,0,0,3,0,3,0,62,3,0,58,3,0,0,11,0,1,1,0,0,1,0,0,0,7,0,0,0,0,0,0,3,1.0
1269,L29844,ASTScope,net.sourceforge.pmd.lang.ecmascript.ast.ASTScope,L29250,L103,C:\Users\domco\Desktop\DP\repos\pmd\pmd-javascript\src\main\java\net\sourceforge\pmd\lang\ecmascript\ast\ASTScope.java,9,1,20,2,0.0,0,0,0,0.0,0.0,0,0,1,0,0,2,2,5,0,2,4,0.333333,0.272727,3,3,1,2,0.272727,3,3,4,0,0,1,8,12,14,16,0,0,2,0,2,0,61,2,0,57,3,8,12,14,16,0,0,2,0,2,0,61,2,0,57,3,0,0,6,0,1,1,0,0,0,0,0,0,3,0,0,0,0,0,0,3,1.0
1270,L29853,ASTStringLiteral,net.sourceforge.pmd.lang.ecmascript.ast.ASTStringLiteral,L29250,L103,C:\Users\domco\Desktop\DP\repos\pmd\pmd-javascript\src\main\java\net\sourceforge\pmd\lang\ecmascript\ast\ASTStringLiteral.java,9,1,33,2,0.0,0,0,0,0.0,0.0,0,0,2,0,0,5,3,5,1,3,8,0.166667,0.142857,3,3,1,5,0.142857,3,3,4,0,0,1,18,25,14,17,0,1,5,0,5,0,64,6,0,60,3,18,25,14,17,0,1,5,0,5,0,64,6,0,60,3,0,0,15,0,1,1,0,0,1,0,0,0,11,0,0,0,0,0,0,3,1.0
1271,L29866,ASTSwitchCase,net.sourceforge.pmd.lang.ecmascript.ast.ASTSwitchCase,L29250,L103,C:\Users\domco\Desktop\DP\repos\pmd\pmd-javascript\src\main\java\net\sourceforge\pmd\lang\ecmascript\ast\ASTSwitchCase.java,9,1,45,2,0.0,0,0,0,0.0,0.0,0,0,2,1,1,9,4,6,1,3,9,0.142857,0.125,4,3,1,6,0.125,4,3,4,0,0,1,28,37,14,19,0,3,6,0,6,0,65,11,0,61,3,28,37,14,19,0,3,6,0,6,0,65,11,0,61,3,0,0,15,0,1,1,0,0,1,0,0,0,11,0,0,0,0,0,0,3,1.0
1272,L29881,ASTSwitchStatement,net.sourceforge.pmd.lang.ecmascript.ast.ASTSwitchStatement,L29250,L103,C:\Users\domco\Desktop\DP\repos\pmd\pmd-javascript\src\main\java\net\sourceforge\pmd\lang\ecmascript\ast\ASTSwitchStatement.java,9,1,32,2,0.0,0,0,0,0.0,0.0,0,0,1,0,0,5,5,4,0,3,8,0.166667,0.15,3,3,1,5,0.15,3,3,4,0,0,1,17,24,14,19,0,3,5,0,5,0,64,5,0,60,3,17,24,14,19,0,3,5,0,5,0,64,5,0,60,3,0,0,14,0,1,1,0,0,0,0,0,0,11,0,0,0,0,0,0,3,1.0
1273,L29896,ASTThrowStatement,net.sourceforge.pmd.lang.ecmascript.ast.ASTThrowStatement,L29250,L103,C:\Users\domco\Desktop\DP\repos\pmd\pmd-javascript\src\main\java\net\sourceforge\pmd\lang\ecmascript\ast\ASTThrowStatement.java,9,1,20,2,0.0,0,0,0,0.0,0.0,0,0,1,0,0,2,2,4,0,2,4,0.333333,0.272727,3,3,1,2,0.272727,3,3,4,0,0,1,8,12,14,16,0,0,2,0,2,0,61,2,0,57,3,8,12,14,16,0,0,2,0,2,0,61,2,0,57,3,0,0,6,0,1,1,0,0,0,0,0,0,3,0,0,0,0,0,0,3,1.0
1274,L29905,ASTTryStatement,net.sourceforge.pmd.lang.ecmascript.ast.ASTTryStatement,L29250,L103,C:\Users\domco\Desktop\DP\repos\pmd\pmd-javascript\src\main\java\net\sourceforge\pmd\lang\ecmascript\ast\ASTTryStatement.java,9,1,60,2,0.0,0,0,0,0.0,0.0,0,0,2,1,1,12,5,6,5,4,14,0.0909091,0.111111,5,3,1,10,0.111111,5,3,4,0,0,1,40,52,14,20,0,4,10,0,10,0,69,14,0,65,3,40,52,14,20,0,4,10,0,10,0,69,14,0,65,3,0,0,25,0,1,1,0,0,1,0,0,0,21,0,0,0,0,0,0,3,1.0
1275,L29928,ASTUnaryExpression,net.sourceforge.pmd.lang.ecmascript.ast.ASTUnaryExpression,L29250,L103,C:\Users\domco\Desktop\DP\repos\pmd\pmd-javascript\src\main\java\net\sourceforge\pmd\lang\ecmascript\ast\ASTUnaryExpression.java,11,1,40,2,0.0,0,0,0,0.0,0.0,0,0,2,1,1,6,4,6,1,4,9,0.166667,0.115385,3,3,1,5,0.115385,3,3,4,0,0,1,23,30,14,17,0,1,5,0,5,0,64,8,0,60,3,23,30,14,17,0,1,5,0,5,0,64,8,0,60,3,0,0,15,0,0,0,0,0,1,0,0,0,11,0,0,0,0,0,0,3,1.0
1276,L29707,ASTVariableDeclaration,net.sourceforge.pmd.lang.ecmascript.ast.ASTVariableDeclaration,L29250,L103,C:\Users\domco\Desktop\DP\repos\pmd\pmd-javascript\src\main\java\net\sourceforge\pmd\lang\ecmascript\ast\ASTVariableDeclaration.java,10,1,38,2,0.0,0,0,0,0.0,0.0,0,0,2,0,0,6,4,5,0,4,10,0.142857,0.125,3,3,1,6,0.125,3,3,4,0,0,1,21,29,14,17,0,1,6,0,6,0,65,7,0,61,3,21,29,14,17,0,1,6,0,6,0,65,7,0,61,3,0,1,17,0,1,1,0,0,1,0,0,0,13,0,1,0,0,0,0,3,1.0
1277,L29740,ASTVariableInitializer,net.sourceforge.pmd.lang.ecmascript.ast.ASTVariableInitializer,L29250,L103,C:\Users\domco\Desktop\DP\repos\pmd\pmd-javascript\src\main\java\net\sourceforge\pmd\lang\ecmascript\ast\ASTVariableInitializer.java,9,1,36,2,0.0,0,0,0,0.0,0.0,0,0,2,1,1,6,5,6,1,4,9,0.166667,0.125,3,3,1,5,0.125,3,3,5,0,0,2,21,28,14,18,0,2,5,0,5,0,64,7,0,60,3,21,28,14,18,0,2,5,0,5,0,64,7,0,60,3,0,0,16,0,2,2,0,0,1,0,0,0,11,0,0,1,0,0,0,3,1.0
1278,L29963,ASTWhileLoop,net.sourceforge.pmd.lang.ecmascript.ast.ASTWhileLoop,L29250,L103,C:\Users\domco\Desktop\DP\repos\pmd\pmd-javascript\src\main\java\net\sourceforge\pmd\lang\ecmascript\ast\ASTWhileLoop.java,9,1,28,2,0.0,0,0,0,0.0,0.0,0,0,1,0,0,4,4,4,0,3,7,0.2,0.176471,3,3,1,4,0.176471,3,3,4,0,0,1,14,20,14,18,0,2,4,0,4,0,63,4,0,59,3,14,20,14,18,0,2,4,0,4,0,63,4,0,59,3,0,0,12,0,1,1,0,0,0,0,0,0,9,0,0,0,0,0,0,3,1.0
1279,L29974,ASTWithStatement,net.sourceforge.pmd.lang.ecmascript.ast.ASTWithStatement,L29250,L103,C:\Users\domco\Desktop\DP\repos\pmd\pmd-javascript\src\main\java\net\sourceforge\pmd\lang\ecmascript\ast\ASTWithStatement.java,9,1,28,2,0.0,0,0,0,0.0,0.0,0,0,1,0,0,4,4,4,0,3,7,0.2,0.176471,3,3,1,4,0.176471,3,3,4,0,0,1,14,20,14,18,0,2,4,0,4,0,63,4,0,59,3,14,20,14,18,0,2,4,0,4,0,63,4,0,59,3,0,0,12,0,1,1,0,0,0,0,0,0,9,0,0,0,0,0,0,3,1.0
1280,L29985,ASTXmlDotQuery,net.sourceforge.pmd.lang.ecmascript.ast.ASTXmlDotQuery,L29250,L103,C:\Users\domco\Desktop\DP\repos\pmd\pmd-javascript\src\main\java\net\sourceforge\pmd\lang\ecmascript\ast\ASTXmlDotQuery.java,9,1,20,2,0.0,0,0,0,0.0,0.0,0,0,1,0,0,2,2,4,0,2,4,0.333333,0.272727,3,3,1,2,0.272727,3,4,5,0,0,1,8,12,14,18,0,0,2,0,2,0,65,2,0,61,3,8,12,14,18,0,0,2,0,2,0,65,2,0,61,3,0,0,6,0,1,1,0,0,0,0,0,0,3,0,0,0,0,0,0,3,1.0
1281,L29994,ASTXmlExpression,net.sourceforge.pmd.lang.ecmascript.ast.ASTXmlExpression,L29250,L103,C:\Users\domco\Desktop\DP\repos\pmd\pmd-javascript\src\main\java\net\sourceforge\pmd\lang\ecmascript\ast\ASTXmlExpression.java,9,1,28,2,0.0,0,0,0,0.0,0.0,0,0,2,0,0,4,4,4,0,3,7,0.2,0.176471,3,3,1,4,0.176471,3,3,4,0,0,1,14,20,14,17,0,1,4,0,4,0,63,4,0,59,3,14,20,14,17,0,1,4,0,4,0,63,4,0,59,3,0,0,13,0,1,1,0,0,1,0,0,0,9,0,0,0,0,0,0,3,1.0
1282,L30005,ASTXmlMemberGet,net.sourceforge.pmd.lang.ecmascript.ast.ASTXmlMemberGet,L29250,L103,C:\Users\domco\Desktop\DP\repos\pmd\pmd-javascript\src\main\java\net\sourceforge\pmd\lang\ecmascript\ast\ASTXmlMemberGet.java,9,1,20,2,0.0,0,0,0,0.0,0.0,0,0,1,0,0,2,2,4,0,2,4,0.333333,0.272727,3,3,1,2,0.272727,3,4,5,0,0,1,8,12,14,18,0,0,2,0,2,0,65,2,0,61,3,8,12,14,18,0,0,2,0,2,0,65,2,0,61,3,0,0,6,0,1,1,0,0,0,0,0,0,3,0,0,0,0,0,0,3,1.0
1283,L30014,ASTXmlString,net.sourceforge.pmd.lang.ecmascript.ast.ASTXmlString,L29250,L103,C:\Users\domco\Desktop\DP\repos\pmd\pmd-javascript\src\main\java\net\sourceforge\pmd\lang\ecmascript\ast\ASTXmlString.java,9,1,21,2,0.0,0,0,0,0.0,0.0,0,0,1,0,0,2,3,4,0,3,5,0.333333,0.25,3,3,1,2,0.25,3,3,4,0,0,1,9,13,14,16,0,0,2,0,2,0,61,3,0,57,3,9,13,14,16,0,0,2,0,2,0,61,3,0,57,3,0,0,6,0,1,1,0,0,0,0,0,0,3,0,0,0,0,0,0,3,1.0
1284,L30024,DumpFacade,net.sourceforge.pmd.lang.ecmascript.ast.DumpFacade,L29250,L103,C:\Users\domco\Desktop\DP\repos\pmd\pmd-javascript\src\main\java\net\sourceforge\pmd\lang\ecmascript\ast\DumpFacade.java,15,1,206,2,0.227163,6,15,6,0.28125,0.240506,54,38,1,22,2,62,25,2,2,36,39,0.0,0.102273,18,0,0,3,0.102273,18,0,0,0,0,0,158,192,2,0,2,0,3,0,2,0,3,111,0,2,0,158,192,2,0,2,0,3,0,2,0,3,111,0,2,0,0,0,41,1,1,0,22,0,0,3,2,2,9,0,0,0,0,0,0,5,0
1285,L30114,EcmascriptParser,net.sourceforge.pmd.lang.ecmascript.ast.EcmascriptParser,L29250,L103,C:\Users\domco\Desktop\DP\repos\pmd\pmd-javascript\src\main\java\net\sourceforge\pmd\lang\ecmascript\ast\EcmascriptParser.java,25,1,89,2,0.0,0,0,0,0.0,0.0,0,0,1,4,4,9,7,2,5,9,13,0.0,0.0847458,5,0,0,4,0.0847458,5,0,0,0,0,0,54,65,3,1,3,1,4,0,3,0,4,34,0,3,0,54,65,3,1,3,1,4,0,3,0,4,34,0,3,0,0,0,13,0,0,0,0,0,0,2,0,0,11,0,0,0,0,0,0,0,0
1286,L30293,EcmascriptParserVisitorAdapter,net.sourceforge.pmd.lang.ecmascript.ast.EcmascriptParserVisitorAdapter,L29250,L103,C:\Users\domco\Desktop\DP\repos\pmd\pmd-javascript\src\main\java\net\sourceforge\pmd\lang\ecmascript\ast\EcmascriptParserVisitorAdapter.java,7,1,209,2,0.0,0,0,0,0.0,0.0,0,0,1,0,0,50,51,2,1,1,51,0.0,0.0,0,0,0,51,0.0,0,1,1,1,1,1,153,203,0,0,0,0,50,0,50,0,50,51,0,50,0,153,203,0,0,0,0,50,0,50,0,50,51,0,50,0,0,0,109,0,50,50,0,0,0,0,1,0,103,0,0,0,0,0,0,5,1.0
1287,L30142,EcmascriptTreeBuilder,net.sourceforge.pmd.lang.ecmascript.ast.EcmascriptTreeBuilder,L29250,L103,C:\Users\domco\Desktop\DP\repos\pmd\pmd-javascript\src\main\java\net\sourceforge\pmd\lang\ecmascript\ast\EcmascriptTreeBuilder.java,71,1,256,2,0.097561,1,5,1,0.107527,0.116883,20,18,1,5,5,25,55,2,1,7,15,0.0,0.06875,11,2,0,4,0.0722892,12,0,0,0,0,0,149,181,6,0,6,0,8,0,3,0,8,49,0,3,0,154,186,6,0,6,0,9,0,4,0,59,51,0,54,0,0,0,38,6,8,1,9,3,0,2,1,10,24,0,0,0,0,0,0,2,0
1288,L30536,ASTFunctionNodeTest,net.sourceforge.pmd.lang.ecmascript.ast.ASTFunctionNodeTest,L29250,L103,C:\Users\domco\Desktop\DP\repos\pmd\pmd-javascript\src\test\java\net\sourceforge\pmd\lang\ecmascript\ast\ASTFunctionNodeTest.java,10,1,30,2,0.0,0,0,0,0.0,0.0,0,0,2,0,0,2,8,0,0,6,8,0.0,0.0,0,0,0,3,0.0,0,1,1,0,0,1,19,21,0,0,0,0,2,0,2,0,5,11,0,5,0,19,21,0,0,0,0,2,0,2,0,5,11,0,5,0,0,0,8,0,0,0,0,0,1,0,0,0,7,0,0,0,0,0,0,0,0
1289,L30549,ASTTryStatementTest,net.sourceforge.pmd.lang.ecmascript.ast.ASTTryStatementTest,L29250,L103,C:\Users\domco\Desktop\DP\repos\pmd\pmd-javascript\src\test\java\net\sourceforge\pmd\lang\ecmascript\ast\ASTTryStatementTest.java,17,1,69,2,0.0,0,0,0,0.0,0.0,0,0,1,0,0,5,4,0,0,7,12,0.2,0.0769231,4,4,1,4,0.0769231,4,1,1,0,0,1,48,53,0,1,0,1,5,0,4,0,8,30,0,7,0,48,53,0,1,0,1,5,0,4,0,8,30,0,7,0,0,0,13,0,1,0,0,1,0,0,0,0,13,0,0,0,0,0,0,0,0
1290,L30564,EcmascriptParserTest,net.sourceforge.pmd.lang.ecmascript.ast.EcmascriptParserTest,L29250,L103,C:\Users\domco\Desktop\DP\repos\pmd\pmd-javascript\src\test\java\net\sourceforge\pmd\lang\ecmascript\ast\EcmascriptParserTest.java,27,1,184,2,0.0,0,0,0,0.0,0.0,0,0,2,1,1,13,23,0,0,26,35,0.888889,0.198529,27,27,8,1,0.190141,27,1,1,0,0,1,109,152,0,1,0,1,9,0,8,0,12,69,0,11,0,115,158,24,21,0,1,10,0,9,0,142,71,2,135,20,0,0,33,0,33,33,0,0,1,0,1,0,18,0,0,1,0,0,0,12,0
1291,L30537,EcmascriptParserTestBase,net.sourceforge.pmd.lang.ecmascript.ast.EcmascriptParserTestBase,L29250,L103,C:\Users\domco\Desktop\DP\repos\pmd\pmd-javascript\src\test\java\net\sourceforge\pmd\lang\ecmascript\ast\EcmascriptParserTestBase.java,13,1,35,2,0.0,0,0,0,0.0,0.0,0,0,3,0,0,3,6,3,10,6,9,0.0,0.0,0,0,0,4,0.0,0,0,0,3,3,0,21,23,0,0,0,0,3,0,3,0,3,13,0,3,0,21,23,0,0,0,0,3,0,3,0,3,13,0,3,0,0,0,10,0,1,1,0,0,1,0,0,0,9,0,0,0,0,0,0,0,0
1292,L30571,AbstractEcmascriptRule,net.sourceforge.pmd.lang.ecmascript.rule.AbstractEcmascriptRule,L30757,L103,C:\Users\domco\Desktop\DP\repos\pmd\pmd-javascript\src\main\java\net\sourceforge\pmd\lang\ecmascript\rule\AbstractEcmascriptRule.java,71,1,308,2,0.0,0,0,0,0.0,0.0,0,0,1,1,1,55,63,7,7,6,60,0.0185185,0.032967,6,6,1,53,0.032967,6,3,6,4,4,3,176,238,24,20,3,1,54,0,53,0,129,60,2,123,20,176,238,24,20,3,1,54,0,53,0,129,60,2,123,20,0,0,125,0,51,51,0,0,0,0,1,0,109,0,0,2,0,0,0,13,1.0
1293,L30684,EcmascriptRuleChainVisitor,net.sourceforge.pmd.lang.ecmascript.rule.EcmascriptRuleChainVisitor,L30757,L103,C:\Users\domco\Desktop\DP\repos\pmd\pmd-javascript\src\main\java\net\sourceforge\pmd\lang\ecmascript\rule\EcmascriptRuleChainVisitor.java,19,1,45,2,0.675676,1,4,1,0.555556,0.608696,15,14,2,3,3,6,7,1,0,5,7,0.0,0.08,2,0,0,1,0.08,2,2,2,0,0,1,23,27,2,0,0,0,2,0,0,0,7,14,0,2,0,23,27,2,0,0,0,2,0,0,0,7,14,0,2,0,0,0,19,0,2,2,11,0,1,0,0,0,7,0,0,0,0,0,0,0,1.0
1294,L30963,EcmascriptRuleViolationFactory,net.sourceforge.pmd.lang.ecmascript.rule.EcmascriptRuleViolationFactory,L30757,L103,C:\Users\domco\Desktop\DP\repos\pmd\pmd-javascript\src\main\java\net\sourceforge\pmd\lang\ecmascript\rule\EcmascriptRuleViolationFactory.java,15,1,32,2,0.0,0,0,0,0.0,0.0,0,0,2,0,0,3,7,2,0,1,4,0.0,0.0666667,1,0,0,1,0.0666667,1,2,2,0,0,1,14,18,2,0,1,0,3,1,0,0,6,2,1,2,0,14,18,2,0,1,0,3,1,0,0,6,2,1,2,0,0,0,15,0,1,1,0,0,1,0,0,0,9,0,0,0,0,0,0,5,1.0
1295,L30982,EcmascriptXPathRule,net.sourceforge.pmd.lang.ecmascript.rule.EcmascriptXPathRule,L30757,L103,C:\Users\domco\Desktop\DP\repos\pmd\pmd-javascript\src\main\java\net\sourceforge\pmd\lang\ecmascript\rule\EcmascriptXPathRule.java,15,1,32,2,0.0,0,0,0,0.0,0.0,0,0,0,0,0,2,10,0,0,5,7,0.0,0.0,0,0,0,3,0.0,0,4,5,0,0,1,15,18,28,21,3,1,2,0,2,0,86,5,4,80,22,15,18,28,21,3,1,2,0,2,0,86,5,4,80,22,0,0,16,0,0,0,0,0,0,0,0,0,7,0,0,0,0,0,0,9,0
1296,L31010,EcmascriptParserOptionsTest$MyRule,net.sourceforge.pmd.lang.ecmascript.EcmascriptParserOptionsTest$MyRule,L31007,L103,C:\Users\domco\Desktop\DP\repos\pmd\pmd-javascript\src\test\java\net\sourceforge\pmd\lang\ecmascript\EcmascriptParserOptionsTest.java,109,5,110,6,0.0,0,0,0,0.0,0.0,0,0,0,0,0,0,1,1,0,0,0,0.0,0.0,0,0,0,1,0.0,0,4,7,0,0,1,2,2,24,20,0,0,0,0,0,0,129,0,2,123,20,2,2,24,20,0,0,0,0,0,0,129,0,2,123,20,0,0,13,0,0,0,0,0,0,0,0,0,3,0,0,1,0,0,0,9,0
1297,L31074,AbstractJspNode,net.sourceforge.pmd.lang.jsp.ast.AbstractJspNode,L31035,L103,C:\Users\domco\Desktop\DP\repos\pmd\pmd-jsp\src\main\java\net\sourceforge\pmd\lang\jsp\ast\AbstractJspNode.java,9,1,62,2,0.33526,1,3,1,0.185185,0.25,10,10,3,2,2,15,2,24,48,2,9,0.25,0.130435,6,6,2,6,0.130435,6,2,3,24,24,2,40,54,14,14,1,0,7,0,7,0,56,20,0,53,3,40,54,14,14,1,0,7,0,7,0,56,20,0,53,3,0,0,28,0,4,4,11,0,1,0,0,0,13,0,0,2,0,0,0,1,1.0
1298,L31098,ASTAttribute,net.sourceforge.pmd.lang.jsp.ast.ASTAttribute,L31035,L103,C:\Users\domco\Desktop\DP\repos\pmd\pmd-jsp\src\main\java\net\sourceforge\pmd\lang\jsp\ast\ASTAttribute.java,8,1,69,2,0.0,0,0,0,0.0,0.0,0,0,2,0,0,10,1,6,5,2,10,0.666667,0.433962,23,23,6,3,0.433962,23,3,4,0,0,1,30,62,15,17,1,3,8,0,8,1,64,10,0,61,4,30,62,15,17,1,3,8,0,8,1,64,10,0,61,4,0,0,9,0,0,0,0,0,1,0,0,0,5,0,0,0,0,0,0,3,0
1299,L31125,ASTAttributeValue,net.sourceforge.pmd.lang.jsp.ast.ASTAttributeValue,L31035,L103,C:\Users\domco\Desktop\DP\repos\pmd\pmd-jsp\src\main\java\net\sourceforge\pmd\lang\jsp\ast\ASTAttributeValue.java,8,1,23,2,0.0,0,0,0,0.0,0.0,0,0,1,0,0,3,1,3,0,2,5,0.25,0.214286,3,3,1,3,0.214286,3,3,4,0,0,1,11,16,14,14,0,0,3,0,3,0,59,3,0,56,3,11,16,14,14,0,0,3,0,3,0,59,3,0,56,3,0,0,8,0,1,1,0,0,0,0,0,0,7,0,0,0,0,0,0,1,1.0
1300,L31135,ASTCData,net.sourceforge.pmd.lang.jsp.ast.ASTCData,L31035,L103,C:\Users\domco\Desktop\DP\repos\pmd\pmd-jsp\src\main\java\net\sourceforge\pmd\lang\jsp\ast\ASTCData.java,8,1,23,2,0.0,0,0,0,0.0,0.0,0,0,1,0,0,3,1,3,0,2,5,0.25,0.214286,3,3,1,3,0.214286,3,3,4,0,0,1,11,16,14,14,0,0,3,0,3,0,59,3,0,56,3,11,16,14,14,0,0,3,0,3,0,59,3,0,56,3,0,0,8,0,1,1,0,0,0,0,0,0,7,0,0,0,0,0,0,1,1.0
1301,L31145,ASTCommentTag,net.sourceforge.pmd.lang.jsp.ast.ASTCommentTag,L31035,L103,C:\Users\domco\Desktop\DP\repos\pmd\pmd-jsp\src\main\java\net\sourceforge\pmd\lang\jsp\ast\ASTCommentTag.java,8,1,23,2,0.0,0,0,0,0.0,0.0,0,0,1,0,0,3,1,3,0,2,5,0.25,0.214286,3,3,1,3,0.214286,3,3,4,0,0,1,11,16,14,14,0,0,3,0,3,0,59,3,0,56,3,11,16,14,14,0,0,3,0,3,0,59,3,0,56,3,0,0,8,0,1,1,0,0,0,0,0,0,7,0,0,0,0,0,0,1,1.0
1302,L31155,ASTCompilationUnit,net.sourceforge.pmd.lang.jsp.ast.ASTCompilationUnit,L31035,L103,C:\Users\domco\Desktop\DP\repos\pmd\pmd-jsp\src\main\java\net\sourceforge\pmd\lang\jsp\ast\ASTCompilationUnit.java,10,1,25,2,0.0,0,0,0,0.0,0.0,0,0,1,0,0,3,2,3,0,2,5,0.25,0.214286,3,3,1,3,0.214286,3,3,5,0,0,2,11,16,14,14,0,0,3,0,3,0,59,3,0,56,3,11,16,14,14,0,0,3,0,3,0,59,3,0,56,3,0,0,9,0,1,1,0,0,0,0,0,0,7,0,0,1,0,0,0,1,1.0
1303,L31165,ASTContent,net.sourceforge.pmd.lang.jsp.ast.ASTContent,L31035,L103,C:\Users\domco\Desktop\DP\repos\pmd\pmd-jsp\src\main\java\net\sourceforge\pmd\lang\jsp\ast\ASTContent.java,8,1,23,2,0.0,0,0,0,0.0,0.0,0,0,1,0,0,3,1,2,0,2,5,0.25,0.214286,3,3,1,3,0.214286,3,3,4,0,0,1,11,16,14,14,0,0,3,0,3,0,59,3,0,56,3,11,16,14,14,0,0,3,0,3,0,59,3,0,56,3,0,0,8,0,1,1,0,0,0,0,0,0,7,0,0,0,0,0,0,1,1.0
1304,L31175,ASTDeclaration,net.sourceforge.pmd.lang.jsp.ast.ASTDeclaration,L31035,L103,C:\Users\domco\Desktop\DP\repos\pmd\pmd-jsp\src\main\java\net\sourceforge\pmd\lang\jsp\ast\ASTDeclaration.java,8,1,42,2,0.0,0,0,0,0.0,0.0,0,0,1,0,0,5,1,3,1,2,7,0.5,0.344828,10,10,3,3,0.344828,10,3,4,0,0,1,19,35,15,15,1,1,5,0,5,1,61,5,0,58,4,19,35,15,15,1,1,5,0,5,1,61,5,0,58,4,0,0,7,0,0,0,0,0,0,0,0,0,5,0,0,0,0,0,0,2,0
1305,L31192,ASTDoctypeDeclaration,net.sourceforge.pmd.lang.jsp.ast.ASTDoctypeDeclaration,L31035,L103,C:\Users\domco\Desktop\DP\repos\pmd\pmd-jsp\src\main\java\net\sourceforge\pmd\lang\jsp\ast\ASTDoctypeDeclaration.java,8,1,45,2,0.0,0,0,0,0.0,0.0,0,0,1,0,0,5,1,4,2,2,7,0.5,0.40625,13,13,3,3,0.40625,13,3,4,0,0,1,19,38,15,15,1,1,5,0,5,1,61,5,0,58,4,19,38,15,15,1,1,5,0,5,1,61,5,0,58,4,0,0,7,0,0,0,0,0,0,0,0,0,5,0,0,0,0,0,0,2,0
1306,L31210,ASTDoctypeExternalId,net.sourceforge.pmd.lang.jsp.ast.ASTDoctypeExternalId,L31035,L103,C:\Users\domco\Desktop\DP\repos\pmd\pmd-jsp\src\main\java\net\sourceforge\pmd\lang\jsp\ast\ASTDoctypeExternalId.java,8,1,70,2,0.0,0,0,0,0.0,0.0,0,0,2,0,0,9,1,4,2,2,10,0.555556,0.45283,24,24,5,4,0.45283,24,3,4,0,0,1,29,63,16,16,2,2,8,0,8,2,64,8,0,61,5,29,63,16,16,2,2,8,0,8,2,64,8,0,61,5,0,0,12,0,1,0,0,0,1,0,0,1,7,0,0,0,0,0,0,4,0
1307,L31237,ASTElement,net.sourceforge.pmd.lang.jsp.ast.ASTElement,L31035,L103,C:\Users\domco\Desktop\DP\repos\pmd\pmd-jsp\src\main\java\net\sourceforge\pmd\lang\jsp\ast\ASTElement.java,8,1,106,2,0.0,0,0,0,0.0,0.0,0,0,4,0,0,14,1,9,26,2,14,0.615385,0.482353,41,40,8,5,0.482353,41,3,4,0,0,1,44,99,17,17,3,3,12,0,12,3,68,14,0,65,6,44,99,17,17,3,3,12,0,12,3,68,14,0,65,6,0,0,14,0,1,0,0,0,1,0,0,1,9,0,0,0,0,0,0,4,0
1308,L31275,ASTElExpression,net.sourceforge.pmd.lang.jsp.ast.ASTElExpression,L31035,L103,C:\Users\domco\Desktop\DP\repos\pmd\pmd-jsp\src\main\java\net\sourceforge\pmd\lang\jsp\ast\ASTElExpression.java,8,1,23,2,0.0,0,0,0,0.0,0.0,0,0,1,0,0,3,1,5,0,2,5,0.25,0.214286,3,3,1,3,0.214286,3,3,4,0,0,1,11,16,14,14,0,0,3,0,3,0,59,3,0,56,3,11,16,14,14,0,0,3,0,3,0,59,3,0,56,3,0,0,8,0,1,1,0,0,0,0,0,0,7,0,0,0,0,0,0,1,1.0
1309,L31285,ASTHtmlScript,net.sourceforge.pmd.lang.jsp.ast.ASTHtmlScript,L31035,L103,C:\Users\domco\Desktop\DP\repos\pmd\pmd-jsp\src\main\java\net\sourceforge\pmd\lang\jsp\ast\ASTHtmlScript.java,9,1,23,2,0.0,0,0,0,0.0,0.0,0,0,1,0,0,3,1,3,0,2,5,0.25,0.0769231,1,1,1,3,0.0769231,1,3,4,0,0,1,12,15,14,14,0,0,3,0,3,0,59,3,0,56,3,12,15,14,14,0,0,3,0,3,0,59,3,0,56,3,0,0,10,0,0,0,0,0,0,0,0,0,9,0,0,0,0,0,0,1,0
1310,L31295,ASTJspComment,net.sourceforge.pmd.lang.jsp.ast.ASTJspComment,L31035,L103,C:\Users\domco\Desktop\DP\repos\pmd\pmd-jsp\src\main\java\net\sourceforge\pmd\lang\jsp\ast\ASTJspComment.java,8,1,23,2,0.0,0,0,0,0.0,0.0,0,0,1,0,0,3,1,3,0,2,5,0.25,0.214286,3,3,1,3,0.214286,3,3,4,0,0,1,11,16,14,14,0,0,3,0,3,0,59,3,0,56,3,11,16,14,14,0,0,3,0,3,0,59,3,0,56,3,0,0,8,0,1,1,0,0,0,0,0,0,7,0,0,0,0,0,0,1,1.0
1311,L31305,ASTJspDeclaration,net.sourceforge.pmd.lang.jsp.ast.ASTJspDeclaration,L31035,L103,C:\Users\domco\Desktop\DP\repos\pmd\pmd-jsp\src\main\java\net\sourceforge\pmd\lang\jsp\ast\ASTJspDeclaration.java,8,1,23,2,0.0,0,0,0,0.0,0.0,0,0,1,0,0,3,1,3,0,2,5,0.25,0.214286,3,3,1,3,0.214286,3,3,4,0,0,1,11,16,14,14,0,0,3,0,3,0,59,3,0,56,3,11,16,14,14,0,0,3,0,3,0,59,3,0,56,3,0,0,8,0,1,1,0,0,0,0,0,0,7,0,0,0,0,0,0,1,1.0
1312,L31315,ASTJspDeclarations,net.sourceforge.pmd.lang.jsp.ast.ASTJspDeclarations,L31035,L103,C:\Users\domco\Desktop\DP\repos\pmd\pmd-jsp\src\main\java\net\sourceforge\pmd\lang\jsp\ast\ASTJspDeclarations.java,8,1,23,2,0.0,0,0,0,0.0,0.0,0,0,1,0,0,3,1,0,0,2,5,0.25,0.214286,3,3,1,3,0.214286,3,3,4,0,0,1,11,16,14,14,0,0,3,0,3,0,59,3,0,56,3,11,16,14,14,0,0,3,0,3,0,59,3,0,56,3,0,0,8,0,1,1,0,0,0,0,0,0,7,0,0,0,0,0,0,1,1.0
1313,L31325,ASTJspDirective,net.sourceforge.pmd.lang.jsp.ast.ASTJspDirective,L31035,L103,C:\Users\domco\Desktop\DP\repos\pmd\pmd-jsp\src\main\java\net\sourceforge\pmd\lang\jsp\ast\ASTJspDirective.java,8,1,45,2,0.0,0,0,0,0.0,0.0,0,0,1,0,0,5,1,4,2,2,7,0.5,0.40625,13,13,3,3,0.40625,13,3,4,0,0,1,19,38,15,15,1,1,5,0,5,1,61,5,0,58,4,19,38,15,15,1,1,5,0,5,1,61,5,0,58,4,0,0,7,0,0,0,0,0,0,0,0,0,5,0,0,0,0,0,0,2,0
1314,L31343,ASTJspDirectiveAttribute,net.sourceforge.pmd.lang.jsp.ast.ASTJspDirectiveAttribute,L31035,L103,C:\Users\domco\Desktop\DP\repos\pmd\pmd-jsp\src\main\java\net\sourceforge\pmd\lang\jsp\ast\ASTJspDirectiveAttribute.java,8,1,58,2,0.0,0,0,0,0.0,0.0,0,0,1,0,0,7,1,6,4,2,9,0.625,0.395349,17,17,5,3,0.395349,17,3,4,0,0,1,26,51,16,16,2,2,7,0,7,2,63,7,0,60,5,26,51,16,16,2,2,7,0,7,2,63,7,0,60,5,0,0,9,0,1,0,0,0,0,0,0,1,5,0,0,0,0,0,0,4,0
1315,L31367,ASTJspDocument,net.sourceforge.pmd.lang.jsp.ast.ASTJspDocument,L31035,L103,C:\Users\domco\Desktop\DP\repos\pmd\pmd-jsp\src\main\java\net\sourceforge\pmd\lang\jsp\ast\ASTJspDocument.java,8,1,23,2,0.0,0,0,0,0.0,0.0,0,0,1,0,0,3,1,0,0,2,5,0.25,0.214286,3,3,1,3,0.214286,3,3,4,0,0,1,11,16,14,14,0,0,3,0,3,0,59,3,0,56,3,11,16,14,14,0,0,3,0,3,0,59,3,0,56,3,0,0,8,0,1,1,0,0,0,0,0,0,7,0,0,0,0,0,0,1,1.0
1316,L31377,ASTJspExpression,net.sourceforge.pmd.lang.jsp.ast.ASTJspExpression,L31035,L103,C:\Users\domco\Desktop\DP\repos\pmd\pmd-jsp\src\main\java\net\sourceforge\pmd\lang\jsp\ast\ASTJspExpression.java,8,1,23,2,0.0,0,0,0,0.0,0.0,0,0,1,0,0,3,1,4,0,2,5,0.25,0.214286,3,3,1,3,0.214286,3,3,4,0,0,1,11,16,14,14,0,0,3,0,3,0,59,3,0,56,3,11,16,14,14,0,0,3,0,3,0,59,3,0,56,3,0,0,8,0,1,1,0,0,0,0,0,0,7,0,0,0,0,0,0,1,1.0
1317,L31387,ASTJspExpressionInAttribute,net.sourceforge.pmd.lang.jsp.ast.ASTJspExpressionInAttribute,L31035,L103,C:\Users\domco\Desktop\DP\repos\pmd\pmd-jsp\src\main\java\net\sourceforge\pmd\lang\jsp\ast\ASTJspExpressionInAttribute.java,8,1,23,2,0.0,0,0,0,0.0,0.0,0,0,1,0,0,3,1,3,0,2,5,0.25,0.214286,3,3,1,3,0.214286,3,3,4,0,0,1,11,16,14,14,0,0,3,0,3,0,59,3,0,56,3,11,16,14,14,0,0,3,0,3,0,59,3,0,56,3,0,0,8,0,1,1,0,0,0,0,0,0,7,0,0,0,0,0,0,1,1.0
1318,L31397,ASTJspScriptlet,net.sourceforge.pmd.lang.jsp.ast.ASTJspScriptlet,L31035,L103,C:\Users\domco\Desktop\DP\repos\pmd\pmd-jsp\src\main\java\net\sourceforge\pmd\lang\jsp\ast\ASTJspScriptlet.java,8,1,23,2,0.0,0,0,0,0.0,0.0,0,0,1,0,0,3,1,3,0,2,5,0.25,0.214286,3,3,1,3,0.214286,3,3,4,0,0,1,11,16,14,14,0,0,3,0,3,0,59,3,0,56,3,11,16,14,14,0,0,3,0,3,0,59,3,0,56,3,0,0,8,0,1,1,0,0,0,0,0,0,7,0,0,0,0,0,0,1,1.0
1319,L31407,ASTText,net.sourceforge.pmd.lang.jsp.ast.ASTText,L31035,L103,C:\Users\domco\Desktop\DP\repos\pmd\pmd-jsp\src\main\java\net\sourceforge\pmd\lang\jsp\ast\ASTText.java,8,1,23,2,0.0,0,0,0,0.0,0.0,0,0,1,0,0,3,1,3,0,2,5,0.25,0.214286,3,3,1,3,0.214286,3,3,4,0,0,1,11,16,14,14,0,0,3,0,3,0,59,3,0,56,3,11,16,14,14,0,0,3,0,3,0,59,3,0,56,3,0,0,8,0,1,1,0,0,0,0,0,0,7,0,0,0,0,0,0,1,1.0
1320,L31417,ASTUnparsedText,net.sourceforge.pmd.lang.jsp.ast.ASTUnparsedText,L31035,L103,C:\Users\domco\Desktop\DP\repos\pmd\pmd-jsp\src\main\java\net\sourceforge\pmd\lang\jsp\ast\ASTUnparsedText.java,8,1,23,2,0.0,0,0,0,0.0,0.0,0,0,1,0,0,3,1,3,0,2,5,0.25,0.214286,3,3,1,3,0.214286,3,3,4,0,0,1,11,16,14,14,0,0,3,0,3,0,59,3,0,56,3,11,16,14,14,0,0,3,0,3,0,59,3,0,56,3,0,0,8,0,1,1,0,0,0,0,0,0,7,0,0,0,0,0,0,1,1.0
1321,L31427,ASTValueBinding,net.sourceforge.pmd.lang.jsp.ast.ASTValueBinding,L31035,L103,C:\Users\domco\Desktop\DP\repos\pmd\pmd-jsp\src\main\java\net\sourceforge\pmd\lang\jsp\ast\ASTValueBinding.java,8,1,23,2,0.0,0,0,0,0.0,0.0,0,0,1,0,0,3,1,3,0,2,5,0.25,0.214286,3,3,1,3,0.214286,3,3,4,0,0,1,11,16,14,14,0,0,3,0,3,0,59,3,0,56,3,11,16,14,14,0,0,3,0,3,0,59,3,0,56,3,0,0,8,0,1,1,0,0,0,0,0,0,7,0,0,0,0,0,0,1,1.0
1322,L31437,DumpFacade,net.sourceforge.pmd.lang.jsp.ast.DumpFacade,L31035,L103,C:\Users\domco\Desktop\DP\repos\pmd\pmd-jsp\src\main\java\net\sourceforge\pmd\lang\jsp\ast\DumpFacade.java,15,1,104,2,0.343669,5,12,5,0.444444,0.412698,40,26,1,7,2,19,10,1,1,12,15,0.0,0.192308,15,0,0,3,0.192308,15,1,1,0,0,1,63,90,2,0,2,0,3,0,2,0,26,42,0,25,0,63,90,2,0,2,0,3,0,2,0,26,42,0,25,0,0,0,29,2,0,0,18,0,0,3,1,1,7,0,1,0,0,0,0,0,0
1323,L31438,JspParserVisitorAdapter,net.sourceforge.pmd.lang.jsp.ast.JspParserVisitorAdapter,L31035,L103,C:\Users\domco\Desktop\DP\repos\pmd\pmd-jsp\src\main\java\net\sourceforge\pmd\lang\jsp\ast\JspParserVisitorAdapter.java,7,1,101,2,0.0,0,0,0,0.0,0.0,0,0,1,0,0,23,23,3,2,1,24,0.0,0.0,0,0,0,24,0.0,0,0,0,2,2,0,72,95,0,0,0,0,23,0,23,0,23,24,0,23,0,72,95,0,0,0,0,23,0,23,0,23,24,0,23,0,0,0,52,0,23,23,0,0,0,0,1,0,49,0,0,0,0,0,0,2,1.0
1324,L31593,OpenTagRegister,net.sourceforge.pmd.lang.jsp.ast.OpenTagRegister,L31035,L103,C:\Users\domco\Desktop\DP\repos\pmd\pmd-jsp\src\main\java\net\sourceforge\pmd\lang\jsp\ast\OpenTagRegister.java,22,1,94,2,0.724551,1,6,1,0.684932,0.7,50,28,1,3,3,10,2,1,5,5,8,0.5,0.452055,33,16,2,2,0.452055,33,0,0,0,0,0,40,73,1,0,1,0,3,0,3,0,3,26,0,3,0,40,73,1,0,1,0,3,0,3,0,3,26,0,3,0,0,0,17,0,1,0,12,0,0,0,0,1,5,0,0,0,0,0,0,0,1.0
1325,L31616,StartAndEndTagMismatchException,net.sourceforge.pmd.lang.jsp.ast.StartAndEndTagMismatchException,L31035,L103,C:\Users\domco\Desktop\DP\repos\pmd\pmd-jsp\src\main\java\net\sourceforge\pmd\lang\jsp\ast\StartAndEndTagMismatchException.java,11,1,85,2,0.377193,1,1,1,0.146667,0.263158,11,10,0,0,0,6,1,0,0,1,7,1.0,0.449275,31,31,7,0,0.449275,31,1,1,0,0,1,38,75,11,7,8,5,6,1,6,0,9,12,1,9,0,38,75,11,7,8,5,6,1,6,0,9,12,1,9,0,0,0,16,0,1,0,10,0,0,0,0,1,0,0,0,0,0,0,0,6,1.0
1326,L31618,SyntaxErrorException,net.sourceforge.pmd.lang.jsp.ast.SyntaxErrorException,L31035,L103,C:\Users\domco\Desktop\DP\repos\pmd\pmd-jsp\src\main\java\net\sourceforge\pmd\lang\jsp\ast\SyntaxErrorException.java,13,1,42,2,0.0,0,0,0,0.0,0.0,0,0,0,0,0,3,0,1,1,0,3,1.0,0.5,16,16,4,0,0.5,16,0,0,1,1,0,16,30,3,2,3,2,3,0,3,0,3,5,0,3,0,16,30,3,2,3,2,3,0,3,0,3,5,0,3,0,0,0,0,0,0,0,0,0,0,0,0,0,0,0,0,0,0,0,0,0,0
1327,L31669,AbstractJspNodesTst,net.sourceforge.pmd.lang.jsp.ast.AbstractJspNodesTst,L31035,L103,C:\Users\domco\Desktop\DP\repos\pmd\pmd-jsp\src\test\java\net\sourceforge\pmd\lang\jsp\ast\AbstractJspNodesTst.java,16,1,71,2,0.365385,1,4,1,0.178571,0.3125,10,10,1,2,2,10,2,2,53,2,6,0.5,0.372549,19,19,2,2,0.372549,19,0,0,2,2,0,32,56,0,2,0,2,4,0,3,0,4,19,0,3,0,32,56,0,2,0,2,4,0,3,0,4,19,0,3,0,0,0,14,0,1,1,11,0,0,0,0,0,3,0,0,0,0,0,0,0,0
1328,L31714,JspDocStyleTest,net.sourceforge.pmd.lang.jsp.ast.JspDocStyleTest,L31035,L103,C:\Users\domco\Desktop\DP\repos\pmd\pmd-jsp\src\test\java\net\sourceforge\pmd\lang\jsp\ast\JspDocStyleTest.java,29,1,964,2,0.613247,17,46,34,0.401709,0.527778,376,304,2,1,1,49,16,0,0,19,65,0.866667,0.299486,233,190,39,6,0.28801,233,1,1,0,0,1,545,905,43,2,43,0,46,0,44,0,50,335,0,47,0,576,936,43,2,43,0,49,0,47,0,53,354,0,50,0,0,0,215,8,158,111,164,43,1,0,2,0,39,0,8,0,0,4,0,9,0
1329,L32018,JspPageStyleTest,net.sourceforge.pmd.lang.jsp.ast.JspPageStyleTest,L31035,L103,C:\Users\domco\Desktop\DP\repos\pmd\pmd-jsp\src\test\java\net\sourceforge\pmd\lang\jsp\ast\JspPageStyleTest.java,17,1,162,2,0.13447,1,1,1,0.0821918,0.106383,12,10,2,0,0,10,12,0,0,6,16,0.818182,0.228814,27,27,9,2,0.22314,27,1,1,0,0,1,91,143,9,2,9,0,10,0,10,0,14,48,0,13,0,94,146,9,2,9,0,11,0,11,0,15,49,0,14,0,0,0,34,2,18,9,18,9,1,0,1,0,12,0,2,0,0,0,0,2,0
1330,L32095,OpenTagRegisterTest,net.sourceforge.pmd.lang.jsp.ast.OpenTagRegisterTest,L31035,L103,C:\Users\domco\Desktop\DP\repos\pmd\pmd-jsp\src\test\java\net\sourceforge\pmd\lang\jsp\ast\OpenTagRegisterTest.java,13,1,146,2,0.928879,9,15,15,0.708955,0.864583,95,83,1,0,0,7,2,0,0,5,12,0.714286,0.232,29,16,5,2,0.232,29,0,0,0,0,0,96,134,2,0,2,0,7,0,6,0,7,72,0,6,0,96,134,2,0,2,0,7,0,6,0,7,72,0,6,0,0,0,51,0,24,23,38,0,0,0,0,0,13,0,0,0,0,1,0,0,0
1331,L32122,XPathJspRuleTest,net.sourceforge.pmd.lang.jsp.ast.XPathJspRuleTest,L31035,L103,C:\Users\domco\Desktop\DP\repos\pmd\pmd-jsp\src\test\java\net\sourceforge\pmd\lang\jsp\ast\XPathJspRuleTest.java,27,1,59,2,0.0,0,0,0,0.0,0.0,0,0,1,0,0,1,15,0,0,18,19,0.5,0.16,4,4,1,1,0.16,4,1,1,0,0,1,21,33,3,2,2,0,1,0,1,0,19,14,0,10,0,21,33,3,2,2,0,1,0,1,0,19,14,0,10,0,0,0,7,0,4,2,0,2,0,0,2,0,5,0,0,0,0,0,0,0,0
1332,L32201,AbstractJspRule,net.sourceforge.pmd.lang.jsp.rule.AbstractJspRule,L32196,L103,C:\Users\domco\Desktop\DP\repos\pmd\pmd-jsp\src\main\java\net\sourceforge\pmd\lang\jsp\rule\AbstractJspRule.java,40,1,160,2,0.0,0,0,0,0.0,0.0,0,0,1,1,1,28,29,3,5,4,31,0.037037,0.0645161,6,5,1,26,0.0645161,6,3,5,3,3,2,87,121,21,19,0,0,27,0,26,1,102,29,2,96,21,87,121,21,19,0,0,27,0,26,1,102,29,2,96,21,0,0,67,1,24,24,0,1,0,0,1,0,53,0,0,1,0,0,0,12,1.0
1333,L32169,JspRuleChainVisitor,net.sourceforge.pmd.lang.jsp.rule.JspRuleChainVisitor,L32196,L103,C:\Users\domco\Desktop\DP\repos\pmd\pmd-jsp\src\main\java\net\sourceforge\pmd\lang\jsp\rule\JspRuleChainVisitor.java,19,1,44,2,0.0,0,0,0,0.0,0.0,0,0,2,1,1,4,8,1,0,2,4,0.0,0.0588235,1,0,0,1,0.130435,3,2,2,0,0,1,16,20,2,0,0,0,2,0,0,0,7,8,0,2,0,20,26,2,0,0,0,3,0,1,0,31,10,0,26,0,0,0,9,0,4,4,0,0,1,0,0,0,8,0,0,0,0,0,0,0,1.0
1334,L32369,JspRuleViolationFactory,net.sourceforge.pmd.lang.jsp.rule.JspRuleViolationFactory,L32196,L103,C:\Users\domco\Desktop\DP\repos\pmd\pmd-jsp\src\main\java\net\sourceforge\pmd\lang\jsp\rule\JspRuleViolationFactory.java,16,1,32,2,0.0,0,0,0,0.0,0.0,0,0,2,0,0,3,8,1,0,1,4,0.0,0.0714286,1,0,0,1,0.0714286,1,2,2,0,0,1,13,17,2,0,1,0,3,1,0,0,6,2,1,2,0,13,17,2,0,1,0,3,1,0,0,6,2,1,2,0,0,0,15,0,1,1,0,0,1,0,0,0,9,0,0,0,0,0,0,5,1.0
1335,L32591,AbstractPLSQLNode,net.sourceforge.pmd.lang.plsql.ast.AbstractPLSQLNode,L32565,L103,C:\Users\domco\Desktop\DP\repos\pmd\pmd-plsql\src\main\java\net\sourceforge\pmd\lang\plsql\ast\AbstractPLSQLNode.java,12,1,138,2,0.182965,1,3,1,0.0787402,0.123457,10,10,3,3,3,27,3,22,44,4,19,0.25,0.289474,33,29,4,12,0.289474,33,3,4,18,18,2,81,127,16,17,3,3,15,0,15,1,64,37,0,61,4,81,127,16,17,3,3,15,0,15,1,64,37,0,61,4,0,0,39,1,2,3,9,0,1,0,0,0,23,0,0,2,0,0,0,4,1.0
1336,L32642,ASTArguments,net.sourceforge.pmd.lang.plsql.ast.ASTArguments,L32565,L103,C:\Users\domco\Desktop\DP\repos\pmd\pmd-plsql\src\main\java\net\sourceforge\pmd\lang\plsql\ast\ASTArguments.java,10,1,30,2,0.0,0,0,0,0.0,0.0,0,0,1,1,1,5,3,4,2,5,9,0.2,0.227273,5,1,1,4,0.227273,5,4,5,0,0,1,17,21,16,18,0,1,4,0,4,0,68,6,0,65,4,17,21,16,18,0,1,4,0,4,0,68,6,0,65,4,0,0,13,0,2,1,0,1,0,0,0,0,9,0,0,0,0,0,0,4,1.0
1337,L32654,ASTDatatype,net.sourceforge.pmd.lang.plsql.ast.ASTDatatype,L32565,L103,C:\Users\domco\Desktop\DP\repos\pmd\pmd-plsql\src\main\java\net\sourceforge\pmd\lang\plsql\ast\ASTDatatype.java,10,1,27,2,0.0,0,0,0,0.0,0.0,0,0,1,0,0,4,2,5,1,3,7,0.2,0.263158,5,1,1,4,0.263158,5,4,5,0,0,1,14,18,16,18,0,1,4,0,4,0,68,4,0,65,4,14,18,16,18,0,1,4,0,4,0,68,4,0,65,4,0,0,11,0,2,1,0,1,0,0,0,0,7,0,0,0,0,0,0,4,1.0
1338,L32665,ASTFormalParameter,net.sourceforge.pmd.lang.plsql.ast.ASTFormalParameter,L32565,L103,C:\Users\domco\Desktop\DP\repos\pmd\pmd-plsql\src\main\java\net\sourceforge\pmd\lang\plsql\ast\ASTFormalParameter.java,10,1,32,2,0.0,0,0,0,0.0,0.0,0,0,1,2,2,6,3,6,3,4,8,0.2,0.208333,5,1,1,4,0.208333,5,4,5,0,0,1,19,23,16,18,0,1,4,0,4,0,68,9,0,65,4,19,23,16,18,0,1,4,0,4,0,68,9,0,65,4,0,0,13,0,2,1,0,1,0,0,0,0,9,0,0,0,0,0,0,4,1.0
1339,L32678,ASTIfStatement,net.sourceforge.pmd.lang.plsql.ast.ASTIfStatement,L32565,L103,C:\Users\domco\Desktop\DP\repos\pmd\pmd-plsql\src\main\java\net\sourceforge\pmd\lang\plsql\ast\ASTIfStatement.java,10,1,33,2,0.0,0,0,0,0.0,0.0,0,0,2,0,0,5,1,6,0,2,7,0.166667,0.217391,5,1,1,5,0.217391,5,4,5,0,0,1,18,24,17,17,1,0,5,0,5,1,69,5,0,66,5,18,24,17,17,1,0,5,0,5,1,69,5,0,66,5,0,0,16,0,4,1,0,2,1,0,0,0,11,0,1,0,0,0,0,4,1.0
1340,L32692,ASTInput,net.sourceforge.pmd.lang.plsql.ast.ASTInput,L32565,L103,C:\Users\domco\Desktop\DP\repos\pmd\pmd-plsql\src\main\java\net\sourceforge\pmd\lang\plsql\ast\ASTInput.java,11,1,24,2,0.0,0,0,0,0.0,0.0,0,0,1,0,0,3,2,13,2,2,5,0.25,0.3125,5,1,1,3,0.3125,5,4,6,0,0,2,11,14,16,17,0,0,3,0,3,0,67,3,0,64,4,11,14,16,17,0,0,3,0,3,0,67,3,0,64,4,0,0,11,0,2,1,0,1,0,0,0,0,5,0,0,2,0,0,0,4,1.0
1341,L32702,ASTMethodDeclaration,net.sourceforge.pmd.lang.plsql.ast.ASTMethodDeclaration,L32565,L103,C:\Users\domco\Desktop\DP\repos\pmd\pmd-plsql\src\main\java\net\sourceforge\pmd\lang\plsql\ast\ASTMethodDeclaration.java,10,1,37,2,0.0,0,0,0,0.0,0.0,0,0,1,1,1,5,4,7,1,4,8,0.4,0.344828,10,6,2,3,0.344828,10,4,6,0,0,2,19,28,16,18,0,1,4,0,4,0,68,7,0,65,4,19,28,16,18,0,1,4,0,4,0,68,7,0,65,4,0,0,11,0,1,1,0,0,0,0,0,0,5,0,0,2,0,0,0,4,1.0
1342,L32717,ASTMethodDeclarator,net.sourceforge.pmd.lang.plsql.ast.ASTMethodDeclarator,L32565,L103,C:\Users\domco\Desktop\DP\repos\pmd\pmd-plsql\src\main\java\net\sourceforge\pmd\lang\plsql\ast\ASTMethodDeclarator.java,10,1,27,2,0.0,0,0,0,0.0,0.0,0,0,1,0,0,4,3,8,3,4,8,0.2,0.263158,5,1,1,4,0.263158,5,4,5,0,0,1,14,18,16,18,0,1,4,0,4,0,68,4,0,65,4,14,18,16,18,0,1,4,0,4,0,68,4,0,65,4,0,0,11,0,2,1,0,1,0,0,0,0,7,0,0,0,0,0,0,4,1.0
1343,L32730,ASTName,net.sourceforge.pmd.lang.plsql.ast.ASTName,L32565,L103,C:\Users\domco\Desktop\DP\repos\pmd\pmd-plsql\src\main\java\net\sourceforge\pmd\lang\plsql\ast\ASTName.java,12,1,35,2,0.0,0,0,0,0.0,0.0,0,0,1,0,0,5,2,6,3,2,7,0.166667,0.217391,5,1,1,5,0.217391,5,4,5,0,0,1,18,24,17,18,1,1,5,0,5,1,69,5,0,66,5,18,24,17,18,1,1,5,0,5,1,69,5,0,66,5,0,0,15,0,3,1,0,2,0,0,0,0,11,0,0,0,0,0,0,4,1.0
1344,L32745,ASTPackageBody,net.sourceforge.pmd.lang.plsql.ast.ASTPackageBody,L32565,L103,C:\Users\domco\Desktop\DP\repos\pmd\pmd-plsql\src\main\java\net\sourceforge\pmd\lang\plsql\ast\ASTPackageBody.java,10,1,33,2,0.0,0,0,0,0.0,0.0,0,0,1,0,0,4,3,7,0,3,7,0.4,0.4,10,6,2,3,0.4,10,4,6,0,0,2,15,24,16,18,0,1,4,0,4,0,67,4,0,64,4,15,24,16,18,0,1,4,0,4,0,67,4,0,64,4,0,0,11,0,2,1,0,1,0,0,0,0,5,0,0,2,0,0,0,4,1.0
1345,L32760,ASTPackageSpecification,net.sourceforge.pmd.lang.plsql.ast.ASTPackageSpecification,L32565,L103,C:\Users\domco\Desktop\DP\repos\pmd\pmd-plsql\src\main\java\net\sourceforge\pmd\lang\plsql\ast\ASTPackageSpecification.java,10,1,34,2,0.0,0,0,0,0.0,0.0,0,0,1,0,0,4,3,7,0,3,7,0.4,0.384615,10,6,2,3,0.384615,10,4,6,0,0,2,16,25,16,18,0,1,4,0,4,0,67,4,0,64,4,16,25,16,18,0,1,4,0,4,0,67,4,0,64,4,0,0,11,0,2,1,0,1,0,0,0,0,5,0,0,2,0,0,0,4,1.0
1346,L32772,ASTPrimaryPrefix,net.sourceforge.pmd.lang.plsql.ast.ASTPrimaryPrefix,L32565,L103,C:\Users\domco\Desktop\DP\repos\pmd\pmd-plsql\src\main\java\net\sourceforge\pmd\lang\plsql\ast\ASTPrimaryPrefix.java,10,1,34,2,0.0,0,0,0,0.0,0.0,0,0,2,0,0,5,1,4,1,2,7,0.166667,0.217391,5,1,1,5,0.217391,5,4,5,0,0,1,18,25,17,17,1,0,5,0,5,1,69,5,0,66,5,18,25,17,17,1,0,5,0,5,1,69,5,0,66,5,0,0,16,0,4,1,0,2,1,0,0,0,11,0,1,0,0,0,0,4,1.0
1347,L32786,ASTPrimarySuffix,net.sourceforge.pmd.lang.plsql.ast.ASTPrimarySuffix,L32565,L103,C:\Users\domco\Desktop\DP\repos\pmd\pmd-plsql\src\main\java\net\sourceforge\pmd\lang\plsql\ast\ASTPrimarySuffix.java,10,1,57,2,0.0,0,0,0,0.0,0.0,0,0,3,1,1,9,3,4,2,5,13,0.222222,0.295455,13,9,2,7,0.295455,13,4,5,0,0,1,31,48,18,18,2,1,8,0,8,2,72,10,0,69,6,31,48,18,18,2,1,8,0,8,2,72,10,0,69,6,0,0,18,0,6,1,0,3,1,0,0,0,13,0,2,0,0,0,0,4,1.0
1348,L32810,ASTProgramUnit,net.sourceforge.pmd.lang.plsql.ast.ASTProgramUnit,L32565,L103,C:\Users\domco\Desktop\DP\repos\pmd\pmd-plsql\src\main\java\net\sourceforge\pmd\lang\plsql\ast\ASTProgramUnit.java,12,1,59,2,0.0,0,0,0,0.0,0.0,0,0,1,1,1,8,6,12,2,5,11,0.428571,0.340426,16,11,3,4,0.340426,16,4,8,0,0,4,31,48,16,20,0,3,6,0,6,0,69,11,0,66,4,31,48,16,20,0,3,6,0,6,0,69,11,0,66,4,0,0,13,0,1,1,0,0,0,0,0,0,7,0,0,2,0,0,0,4,1.0
1349,L32826,ASTTriggerTimingPointSection,net.sourceforge.pmd.lang.plsql.ast.ASTTriggerTimingPointSection,L32565,L103,C:\Users\domco\Desktop\DP\repos\pmd\pmd-plsql\src\main\java\net\sourceforge\pmd\lang\plsql\ast\ASTTriggerTimingPointSection.java,12,1,39,2,0.0,0,0,0,0.0,0.0,0,0,1,0,0,5,4,10,0,3,8,0.333333,0.357143,10,6,2,4,0.357143,10,4,7,0,0,3,18,28,16,19,0,2,5,0,5,0,69,5,0,66,4,18,28,16,19,0,2,5,0,5,0,69,5,0,66,4,0,0,13,0,2,2,0,0,0,0,0,0,7,0,0,2,0,0,0,4,1.0
1350,L32840,ASTTriggerUnit,net.sourceforge.pmd.lang.plsql.ast.ASTTriggerUnit,L32565,L103,C:\Users\domco\Desktop\DP\repos\pmd\pmd-plsql\src\main\java\net\sourceforge\pmd\lang\plsql\ast\ASTTriggerUnit.java,12,1,49,2,0.0,0,0,0,0.0,0.0,0,0,1,0,0,6,5,11,0,3,9,0.428571,0.405405,15,11,3,4,0.405405,15,4,8,0,0,4,22,38,16,20,0,3,6,0,6,0,69,6,0,66,4,22,38,16,20,0,3,6,0,6,0,69,6,0,66,4,0,0,13,0,2,2,0,0,0,0,0,0,7,0,0,2,0,0,0,4,1.0
1351,L32856,ASTTypeMethod,net.sourceforge.pmd.lang.plsql.ast.ASTTypeMethod,L32565,L103,C:\Users\domco\Desktop\DP\repos\pmd\pmd-plsql\src\main\java\net\sourceforge\pmd\lang\plsql\ast\ASTTypeMethod.java,12,1,43,2,0.0,0,0,0,0.0,0.0,0,0,1,1,1,6,5,10,1,4,9,0.333333,0.3125,10,6,2,4,0.3125,10,4,7,0,0,3,22,32,16,19,0,2,5,0,5,0,69,8,0,66,4,22,32,16,19,0,2,5,0,5,0,69,8,0,66,4,0,0,13,0,2,2,0,0,0,0,0,0,7,0,0,2,0,0,0,4,1.0
1352,L32870,ASTTypeSpecification,net.sourceforge.pmd.lang.plsql.ast.ASTTypeSpecification,L32565,L103,C:\Users\domco\Desktop\DP\repos\pmd\pmd-plsql\src\main\java\net\sourceforge\pmd\lang\plsql\ast\ASTTypeSpecification.java,10,1,33,2,0.0,0,0,0,0.0,0.0,0,0,1,0,0,4,3,7,0,3,7,0.4,0.4,10,6,2,3,0.4,10,4,6,0,0,2,15,24,16,18,0,1,4,0,4,0,67,4,0,64,4,15,24,16,18,0,1,4,0,4,0,67,4,0,64,4,0,0,11,0,2,1,0,1,0,0,0,0,5,0,0,2,0,0,0,4,1.0
1353,L32882,ASTVariableOrConstantDeclaratorId,net.sourceforge.pmd.lang.plsql.ast.ASTVariableOrConstantDeclaratorId,L32565,L103,C:\Users\domco\Desktop\DP\repos\pmd\pmd-plsql\src\main\java\net\sourceforge\pmd\lang\plsql\ast\ASTVariableOrConstantDeclaratorId.java,16,1,86,2,0.0,0,0,0,0.0,0.0,0,0,3,2,2,18,8,4,1,10,22,0.0833333,0.0806452,5,1,1,11,0.0806452,5,4,5,0,0,1,57,71,18,22,2,5,12,0,11,1,76,22,0,72,5,57,71,18,22,2,5,12,0,11,1,76,22,0,72,5,0,0,30,2,4,1,0,3,1,0,0,2,25,0,0,0,0,0,0,4,1.0
1354,L32912,DumpFacade,net.sourceforge.pmd.lang.plsql.ast.DumpFacade,L32565,L103,C:\Users\domco\Desktop\DP\repos\pmd\pmd-plsql\src\main\java\net\sourceforge\pmd\lang\plsql\ast\DumpFacade.java,13,1,103,2,0.691358,6,19,6,0.549451,0.610169,50,36,1,5,3,16,5,1,1,3,6,0.0,0.24359,19,0,0,3,0.24359,19,1,1,0,0,1,59,91,2,0,2,0,3,0,2,0,142,36,0,141,0,59,91,2,0,2,0,3,0,2,0,142,36,0,141,0,0,0,30,3,0,0,18,0,0,1,0,1,7,0,0,0,0,2,0,4,0
1355,L32913,PLSQLParserVisitorAdapter,net.sourceforge.pmd.lang.plsql.ast.PLSQLParserVisitorAdapter,L32565,L103,C:\Users\domco\Desktop\DP\repos\pmd\pmd-plsql\src\main\java\net\sourceforge\pmd\lang\plsql\ast\PLSQLParserVisitorAdapter.java,7,1,703,2,0.0,0,0,0,0.0,0.0,0,0,1,0,0,139,19,8,31,1,140,0.0,0.0,0,0,0,140,0.0,0,0,0,7,7,0,558,697,0,0,0,0,139,0,139,0,139,139,0,139,0,558,697,0,0,0,0,139,0,139,0,139,139,0,139,0,0,0,292,0,0,0,0,0,0,1,2,0,281,0,0,0,0,0,0,8,0
1356,L33408,DataFlowFacade,net.sourceforge.pmd.lang.plsql.dfa.DataFlowFacade,L33399,L103,C:\Users\domco\Desktop\DP\repos\pmd\pmd-plsql\src\main\java\net\sourceforge\pmd\lang\plsql\dfa\DataFlowFacade.java,26,1,126,2,0.426259,1,6,3,0.386139,0.423913,39,39,1,2,2,14,11,2,3,12,18,0.142857,0.0707071,7,6,1,6,0.0707071,7,1,1,0,0,1,92,101,4,0,4,0,6,0,6,0,145,46,0,145,0,92,101,4,0,4,0,6,0,6,0,145,46,0,145,0,0,0,43,3,0,0,23,0,0,0,1,0,15,0,3,0,0,0,0,4,1.0
1357,L33466,DFAPLSQLGraphRule,net.sourceforge.pmd.lang.plsql.dfa.DFAPLSQLGraphRule,L33399,L103,C:\Users\domco\Desktop\DP\repos\pmd\pmd-plsql\src\main\java\net\sourceforge\pmd\lang\plsql\dfa\DFAPLSQLGraphRule.java,19,1,60,2,0.0,0,0,0,0.0,0.0,0,0,1,0,0,7,9,1,1,4,11,0.0,0.0,0,0,0,8,0.0,0,4,7,0,0,2,34,42,24,21,1,1,7,0,7,0,228,12,2,221,20,34,42,24,21,1,1,7,0,7,0,228,12,2,221,20,0,0,28,0,1,1,0,0,0,0,0,0,17,0,0,2,0,0,0,9,1.0
1358,L33495,PLSQLDataFlowNode,net.sourceforge.pmd.lang.plsql.dfa.PLSQLDataFlowNode,L33399,L103,C:\Users\domco\Desktop\DP\repos\pmd\pmd-plsql\src\main\java\net\sourceforge\pmd\lang\plsql\dfa\PLSQLDataFlowNode.java,16,1,35,2,0.0,0,0,0,0.0,0.0,0,0,1,1,1,7,6,1,1,3,5,0.0,0.2,4,0,0,3,0.2,4,2,2,0,0,1,16,20,7,7,0,0,2,0,2,0,18,6,0,18,2,16,20,7,7,0,0,2,0,2,0,18,6,0,18,2,0,0,5,2,1,1,0,0,0,0,0,0,5,0,0,0,0,2,0,0,1.0
1359,L33416,StatementAndBraceFinder,net.sourceforge.pmd.lang.plsql.dfa.StatementAndBraceFinder,L33399,L103,C:\Users\domco\Desktop\DP\repos\pmd\pmd-plsql\src\main\java\net\sourceforge\pmd\lang\plsql\dfa\StatementAndBraceFinder.java,57,1,791,2,0.404007,7,68,20,0.336054,0.420495,247,238,1,8,5,143,16,2,7,22,48,0.307692,0.174927,120,49,8,18,0.174927,120,1,1,0,0,1,566,735,3,0,3,0,26,0,25,0,165,331,0,164,0,566,735,3,0,3,0,26,0,25,0,165,331,0,164,0,0,0,168,5,1,2,109,0,0,8,2,2,39,0,2,0,0,0,0,10,0
1360,L33420,VariableAccessVisitor,net.sourceforge.pmd.lang.plsql.dfa.VariableAccessVisitor,L33399,L103,C:\Users\domco\Desktop\DP\repos\pmd\pmd-plsql\src\main\java\net\sourceforge\pmd\lang\plsql\dfa\VariableAccessVisitor.java,38,1,172,2,0.266038,2,6,2,0.237037,0.263158,32,25,1,4,3,30,18,1,5,17,27,0.166667,0.227642,28,20,1,5,0.227642,28,1,1,0,0,1,95,135,0,0,0,0,10,0,5,0,149,57,0,144,0,95,135,0,0,0,0,10,0,5,0,149,57,0,144,0,0,0,41,0,0,0,17,0,0,0,1,0,19,0,0,0,0,0,0,4,0
1361,L33635,StatementAndBraceFinderTest,net.sourceforge.pmd.lang.plsql.dfa.StatementAndBraceFinderTest,L33399,L103,C:\Users\domco\Desktop\DP\repos\pmd\pmd-plsql\src\test\java\net\sourceforge\pmd\lang\plsql\dfa\StatementAndBraceFinderTest.java,28,1,227,2,0.0,0,0,0,0.0,0.0,0,0,2,0,0,8,14,0,0,16,24,0.222222,0.331522,61,56,2,7,0.331522,61,1,1,0,0,1,123,200,8,3,8,0,8,0,8,0,16,76,0,16,0,123,200,8,3,8,0,8,0,8,0,16,76,0,16,0,0,0,14,6,55,49,0,8,1,0,1,0,11,0,4,0,0,0,0,1,0
1362,L33467,AbstractPLSQLRule,net.sourceforge.pmd.lang.plsql.rule.AbstractPLSQLRule,L33785,L103,C:\Users\domco\Desktop\DP\repos\pmd\pmd-plsql\src\main\java\net\sourceforge\pmd\lang\plsql\rule\AbstractPLSQLRule.java,18,1,805,2,0.0,0,0,0,0.0,0.0,0,0,3,1,1,152,26,4,24,7,153,0.0137931,0.0283019,18,13,2,143,0.0283019,18,3,5,4,16,2,618,788,23,20,2,1,146,0,144,0,221,176,2,214,20,618,788,23,20,2,1,146,0,144,0,221,176,2,214,20,0,0,308,0,0,0,0,0,1,1,2,0,289,0,0,1,0,0,0,14,0
1363,L34230,AbstractStatisticalPLSQLRule,net.sourceforge.pmd.lang.plsql.rule.AbstractStatisticalPLSQLRule,L33785,L103,C:\Users\domco\Desktop\DP\repos\pmd\pmd-plsql\src\main\java\net\sourceforge\pmd\lang\plsql\rule\AbstractStatisticalPLSQLRule.java,15,1,32,2,0.0,0,0,0,0.0,0.0,0,0,1,0,0,3,6,5,9,3,6,0.0,0.0,0,0,0,4,0.0,0,4,7,4,12,2,14,18,27,21,1,1,3,0,3,0,223,4,5,216,20,14,18,27,21,1,1,3,0,3,0,223,4,5,216,20,0,0,21,2,2,2,0,1,0,0,0,0,9,0,1,2,0,0,0,10,1.0
1364,L33754,PLSQLRuleChainVisitor,net.sourceforge.pmd.lang.plsql.rule.PLSQLRuleChainVisitor,L33785,L103,C:\Users\domco\Desktop\DP\repos\pmd\pmd-plsql\src\main\java\net\sourceforge\pmd\lang\plsql\rule\PLSQLRuleChainVisitor.java,21,1,62,2,0.251282,1,2,1,0.309524,0.277778,13,10,1,1,1,5,8,1,0,3,5,0.0,0.03125,1,0,0,1,0.0769231,3,2,2,0,0,1,31,35,4,0,2,0,2,0,0,0,7,18,0,2,0,36,42,4,0,2,0,3,0,1,0,147,20,0,142,0,0,0,37,0,1,1,21,0,0,0,0,0,10,0,0,0,0,0,0,6,0
1365,L34645,PLSQLRuleViolationFactory,net.sourceforge.pmd.lang.plsql.rule.PLSQLRuleViolationFactory,L33785,L103,C:\Users\domco\Desktop\DP\repos\pmd\pmd-plsql\src\main\java\net\sourceforge\pmd\lang\plsql\rule\PLSQLRuleViolationFactory.java,15,1,33,2,0.0,0,0,0,0.0,0.0,0,0,2,0,0,3,7,1,0,2,5,0.0,0.0,0,0,0,1,0.0,0,2,2,0,0,1,15,19,2,0,1,0,3,1,0,0,6,4,1,2,0,15,19,2,0,1,0,3,1,0,0,6,4,1,2,0,0,0,15,0,1,1,0,0,1,0,0,0,9,0,0,0,0,0,0,5,1.0
1366,L34685,ClassNameDeclaration,net.sourceforge.pmd.lang.plsql.symboltable.ClassNameDeclaration,L34669,L103,C:\Users\domco\Desktop\DP\repos\pmd\pmd-plsql\src\main\java\net\sourceforge\pmd\lang\plsql\symboltable\ClassNameDeclaration.java,14,1,41,2,0.0,0,0,0,0.0,0.0,0,0,1,0,0,6,6,4,4,2,8,0.0,0.0,0,0,0,7,0.0,0,2,2,0,0,1,21,28,1,4,0,0,6,0,6,0,11,6,0,11,0,21,28,1,4,0,0,6,0,6,0,11,6,0,11,0,0,0,15,0,0,0,0,0,0,0,0,0,15,0,0,0,0,0,0,0,1.0
1367,L34697,ClassScope,net.sourceforge.pmd.lang.plsql.symboltable.ClassScope,L34669,L103,C:\Users\domco\Desktop\DP\repos\pmd\pmd-plsql\src\main\java\net\sourceforge\pmd\lang\plsql\symboltable\ClassScope.java,24,1,215,2,0.125,1,8,2,0.125,0.153846,24,22,2,5,4,43,13,2,4,20,32,0.0909091,0.19186,33,8,1,10,0.1875,33,2,2,0,0,1,139,188,5,9,3,5,12,0,10,0,20,80,0,18,1,143,192,5,9,3,5,13,0,10,0,21,81,0,18,1,0,0,46,8,2,0,10,0,1,5,2,3,28,0,2,0,0,5,0,0,1.0
1368,L34766,LocalScope,net.sourceforge.pmd.lang.plsql.symboltable.LocalScope,L34669,L103,C:\Users\domco\Desktop\DP\repos\pmd\pmd-plsql\src\main\java\net\sourceforge\pmd\lang\plsql\symboltable\LocalScope.java,20,1,67,2,0.696078,2,7,2,0.5625,0.627907,27,27,2,3,3,14,9,1,0,11,16,0.0,0.0227273,1,0,0,6,0.0227273,1,2,2,0,0,1,43,48,2,5,0,1,5,0,5,0,13,23,0,13,1,43,48,2,5,0,1,5,0,5,0,13,23,0,13,1,0,0,31,1,1,1,17,0,1,0,0,1,13,0,0,0,0,0,0,0,1.0
1369,L34724,MethodNameDeclaration,net.sourceforge.pmd.lang.plsql.symboltable.MethodNameDeclaration,L34669,L103,C:\Users\domco\Desktop\DP\repos\pmd\pmd-plsql\src\main\java\net\sourceforge\pmd\lang\plsql\symboltable\MethodNameDeclaration.java,18,1,163,2,0.229829,2,6,2,0.212329,0.219512,31,18,2,2,2,19,8,3,5,11,20,0.2,0.354331,45,11,2,8,0.354331,45,2,2,0,0,1,82,146,2,7,1,3,9,0,9,0,14,48,0,14,0,82,146,2,7,1,3,9,0,9,0,14,48,0,14,0,0,0,22,1,0,0,12,0,1,0,0,1,9,0,0,0,0,0,0,0,0
1370,L34793,MethodScope,net.sourceforge.pmd.lang.plsql.symboltable.MethodScope,L34669,L103,C:\Users\domco\Desktop\DP\repos\pmd\pmd-plsql\src\main\java\net\sourceforge\pmd\lang\plsql\symboltable\MethodScope.java,21,1,81,2,0.598253,2,7,2,0.42623,0.5,26,26,2,3,3,17,10,1,1,13,21,0.0,0.0188679,1,0,0,9,0.0188679,1,2,2,0,0,1,52,61,3,7,1,3,8,0,8,0,16,25,0,16,1,52,61,3,7,1,3,8,0,8,0,16,25,0,16,1,0,0,37,1,2,1,17,0,1,0,0,2,19,0,0,0,0,0,0,0,1.0
1371,L34813,NameFinder,net.sourceforge.pmd.lang.plsql.symboltable.NameFinder,L34669,L103,C:\Users\domco\Desktop\DP\repos\pmd\pmd-plsql\src\main\java\net\sourceforge\pmd\lang\plsql\symboltable\NameFinder.java,20,1,86,2,0.0,0,0,0,0.0,0.0,0,0,1,2,2,16,8,1,1,13,18,0.0,0.145161,9,0,0,4,0.145161,9,0,0,0,0,0,53,67,1,1,1,1,5,0,3,0,5,32,0,3,0,53,67,1,1,1,1,5,0,3,0,5,32,0,3,0,0,0,14,0,1,0,0,0,0,0,1,1,13,0,0,0,0,0,0,0,0
1372,L34841,OccurrenceFinder,net.sourceforge.pmd.lang.plsql.symboltable.OccurrenceFinder,L34669,L103,C:\Users\domco\Desktop\DP\repos\pmd\pmd-plsql\src\main\java\net\sourceforge\pmd\lang\plsql\symboltable\OccurrenceFinder.java,18,1,82,2,0.32,2,4,2,0.476923,0.333333,31,13,1,5,5,8,6,1,0,9,10,0.0,0.35,21,0,0,2,0.35,21,1,1,0,0,1,39,65,1,0,1,0,1,0,1,0,140,24,0,140,0,39,65,1,0,1,0,1,0,1,0,140,24,0,140,0,0,0,19,0,0,0,12,0,0,2,0,0,1,0,0,0,0,0,0,4,1.0
1373,L33620,PLSQLNameOccurrence,net.sourceforge.pmd.lang.plsql.symboltable.PLSQLNameOccurrence,L34669,L103,C:\Users\domco\Desktop\DP\repos\pmd\pmd-plsql\src\main\java\net\sourceforge\pmd\lang\plsql\symboltable\PLSQLNameOccurrence.java,13,1,217,2,0.0,0,0,0,0.0,0.0,0,0,1,2,1,24,3,7,13,4,20,0.117647,0.502825,89,77,2,15,0.502825,89,1,1,0,0,1,88,205,7,4,7,4,16,0,16,3,16,31,0,16,3,88,205,7,4,7,4,16,0,16,3,16,31,0,16,3,0,0,29,1,4,0,0,0,0,0,0,4,27,0,1,0,0,0,0,2,0
1374,L34896,ScopeAndDeclarationFinder,net.sourceforge.pmd.lang.plsql.symboltable.ScopeAndDeclarationFinder,L34669,L103,C:\Users\domco\Desktop\DP\repos\pmd\pmd-plsql\src\main\java\net\sourceforge\pmd\lang\plsql\symboltable\ScopeAndDeclarationFinder.java,42,1,369,2,0.439474,1,14,2,0.213415,0.333333,70,56,2,4,4,33,23,1,0,26,45,0.357143,0.458065,142,126,5,9,0.458065,142,1,1,0,0,1,168,328,2,0,2,0,19,0,13,0,158,91,0,152,0,168,328,2,0,2,0,19,0,13,0,158,91,0,152,0,0,0,49,3,1,0,19,0,1,3,1,3,21,0,1,0,0,0,0,4,0
1375,L34853,Search,net.sourceforge.pmd.lang.plsql.symboltable.Search,L34669,L103,C:\Users\domco\Desktop\DP\repos\pmd\pmd-plsql\src\main\java\net\sourceforge\pmd\lang\plsql\symboltable\Search.java,15,1,67,2,0.0,0,0,0,0.0,0.0,0,0,1,2,2,15,4,1,1,6,11,0.0,0.0,0,0,0,5,0.0,0,0,0,0,0,0,47,53,3,1,3,1,5,0,4,0,5,23,0,4,0,47,53,3,1,3,1,5,0,4,0,5,23,0,4,0,0,0,13,0,2,0,0,0,0,0,0,2,13,0,0,0,0,0,0,0,0
1376,L34932,SourceFileScope,net.sourceforge.pmd.lang.plsql.symboltable.SourceFileScope,L34669,L103,C:\Users\domco\Desktop\DP\repos\pmd\pmd-plsql\src\main\java\net\sourceforge\pmd\lang\plsql\symboltable\SourceFileScope.java,13,1,53,2,0.0,0,0,0,0.0,0.0,0,0,2,1,1,7,6,1,1,6,12,0.166667,0.181818,6,6,1,5,0.181818,6,2,2,0,0,1,27,41,3,5,1,1,6,0,5,0,14,10,0,13,1,27,41,3,5,1,1,6,0,5,0,14,10,0,13,1,0,0,14,0,1,1,0,0,1,0,0,0,13,0,0,0,0,0,0,0,1.0
1377,L33723,SymbolFacade,net.sourceforge.pmd.lang.plsql.symboltable.SymbolFacade,L34669,L103,C:\Users\domco\Desktop\DP\repos\pmd\pmd-plsql\src\main\java\net\sourceforge\pmd\lang\plsql\symboltable\SymbolFacade.java,9,1,16,2,0.0,0,0,0,0.0,0.0,0,0,1,0,0,1,3,2,3,1,2,0.0,0.0,0,0,0,2,0.0,0,0,0,0,0,0,8,8,0,0,0,0,1,0,1,0,1,4,0,1,0,8,8,0,0,0,0,1,0,1,0,1,4,0,1,0,0,0,5,0,0,0,0,0,0,0,0,0,5,0,0,0,0,0,0,0,0
1378,L35040,TypeSet,net.sourceforge.pmd.lang.plsql.symboltable.TypeSet,L34669,L103,C:\Users\domco\Desktop\DP\repos\pmd\pmd-plsql\src\main\java\net\sourceforge\pmd\lang\plsql\symboltable\TypeSet.java,17,1,170,2,0.0,0,0,0,0.0,0.0,0,0,1,2,2,9,8,0,0,5,11,0.166667,0.116279,5,3,1,5,0.0839695,11,0,0,0,0,0,38,64,3,2,3,2,6,0,5,1,6,17,0,5,1,120,154,7,2,7,2,18,0,17,1,18,47,0,17,1,0,2,61,0,16,7,0,3,0,0,0,6,61,0,2,0,0,0,0,0,1.0
1379,L34716,VariableNameDeclaration,net.sourceforge.pmd.lang.plsql.symboltable.VariableNameDeclaration,L34669,L103,C:\Users\domco\Desktop\DP\repos\pmd\pmd-plsql\src\main\java\net\sourceforge\pmd\lang\plsql\symboltable\VariableNameDeclaration.java,14,1,75,2,0.0,0,0,0,0.0,0.0,0,0,1,2,2,13,6,5,1,7,13,0.0,0.0175439,1,0,0,7,0.0175439,1,2,2,0,0,1,56,62,2,6,1,2,6,0,6,0,11,26,0,11,0,56,62,2,6,1,2,6,0,6,0,11,26,0,11,0,0,0,15,3,0,0,0,0,0,0,0,3,15,0,0,0,0,0,0,0,1.0
1380,L35144,AbstractPLSQLParserTst$Collector<E extends Object>,net.sourceforge.pmd.lang.plsql.AbstractPLSQLParserTst$Collector,L33636,L103,C:\Users\domco\Desktop\DP\repos\pmd\pmd-plsql\src\test\java\net\sourceforge\pmd\lang\plsql\AbstractPLSQLParserTst.java,31,5,61,6,0.0,0,0,0,0.0,0.0,0,0,1,2,2,6,0,1,3,0,4,0.0,0.0,0,0,0,3,0.0,0,0,0,0,0,0,26,31,2,1,2,1,4,0,2,0,4,10,0,2,0,26,31,2,1,2,1,4,0,2,0,4,10,0,2,0,0,0,11,0,3,1,0,0,0,0,0,1,11,0,0,0,0,1,0,0,0
1381,L35394,AbstractVFNode,net.sourceforge.pmd.lang.vf.ast.AbstractVFNode,L35362,L103,C:\Users\domco\Desktop\DP\repos\pmd\pmd-visualforce\src\main\java\net\sourceforge\pmd\lang\vf\ast\AbstractVFNode.java,9,1,62,2,0.33526,1,3,1,0.185185,0.25,10,10,3,2,2,15,2,19,36,2,9,0.25,0.130435,6,6,2,6,0.130435,6,2,3,18,18,2,40,54,14,14,1,0,7,0,7,0,56,20,0,53,3,40,54,14,14,1,0,7,0,7,0,56,20,0,53,3,0,0,28,0,4,4,11,0,1,0,0,0,13,0,0,2,0,0,0,1,1.0
1382,L35418,ASTArguments,net.sourceforge.pmd.lang.vf.ast.ASTArguments,L35362,L103,C:\Users\domco\Desktop\DP\repos\pmd\pmd-visualforce\src\main\java\net\sourceforge\pmd\lang\vf\ast\ASTArguments.java,7,1,21,2,0.0,0,0,0,0.0,0.0,0,0,1,0,0,3,1,4,0,2,5,0.25,0.0833333,1,1,1,3,0.0833333,1,3,4,0,0,1,11,15,14,14,0,0,3,0,3,0,59,3,0,56,3,11,15,14,14,0,0,3,0,3,0,59,3,0,56,3,0,0,8,0,1,1,0,0,0,0,0,0,7,0,0,0,0,0,0,1,1.0
1383,L35432,ASTAttribute,net.sourceforge.pmd.lang.vf.ast.ASTAttribute,L35362,L103,C:\Users\domco\Desktop\DP\repos\pmd\pmd-visualforce\src\main\java\net\sourceforge\pmd\lang\vf\ast\ASTAttribute.java,8,1,69,2,0.0,0,0,0,0.0,0.0,0,0,2,0,0,10,1,7,8,2,10,0.666667,0.433962,23,23,6,3,0.433962,23,3,4,0,0,1,30,62,15,17,1,3,8,0,8,1,64,10,0,61,4,30,62,15,17,1,3,8,0,8,1,64,10,0,61,4,0,0,9,0,0,0,0,0,1,0,0,0,5,0,0,0,0,0,0,3,0
1384,L35455,ASTAttributeValue,net.sourceforge.pmd.lang.vf.ast.ASTAttributeValue,L35362,L103,C:\Users\domco\Desktop\DP\repos\pmd\pmd-visualforce\src\main\java\net\sourceforge\pmd\lang\vf\ast\ASTAttributeValue.java,7,1,21,2,0.0,0,0,0,0.0,0.0,0,0,1,0,0,3,1,3,0,2,5,0.25,0.0833333,1,1,1,3,0.0833333,1,3,4,0,0,1,11,15,14,14,0,0,3,0,3,0,59,3,0,56,3,11,15,14,14,0,0,3,0,3,0,59,3,0,56,3,0,0,8,0,1,1,0,0,0,0,0,0,7,0,0,0,0,0,0,1,1.0
1385,L35465,ASTCData,net.sourceforge.pmd.lang.vf.ast.ASTCData,L35362,L103,C:\Users\domco\Desktop\DP\repos\pmd\pmd-visualforce\src\main\java\net\sourceforge\pmd\lang\vf\ast\ASTCData.java,8,1,23,2,0.0,0,0,0,0.0,0.0,0,0,1,0,0,3,1,3,0,2,5,0.25,0.214286,3,3,1,3,0.214286,3,3,4,0,0,1,11,16,14,14,0,0,3,0,3,0,59,3,0,56,3,11,16,14,14,0,0,3,0,3,0,59,3,0,56,3,0,0,8,0,1,1,0,0,0,0,0,0,7,0,0,0,0,0,0,1,1.0
1386,L35475,ASTCompilationUnit,net.sourceforge.pmd.lang.vf.ast.ASTCompilationUnit,L35362,L103,C:\Users\domco\Desktop\DP\repos\pmd\pmd-visualforce\src\main\java\net\sourceforge\pmd\lang\vf\ast\ASTCompilationUnit.java,10,1,25,2,0.0,0,0,0,0.0,0.0,0,0,1,0,0,3,2,3,0,2,5,0.25,0.214286,3,3,1,3,0.214286,3,3,5,0,0,2,11,16,14,14,0,0,3,0,3,0,59,3,0,56,3,11,16,14,14,0,0,3,0,3,0,59,3,0,56,3,0,0,9,0,1,1,0,0,0,0,0,0,7,0,0,1,0,0,0,1,1.0
1387,L35485,ASTContent,net.sourceforge.pmd.lang.vf.ast.ASTContent,L35362,L103,C:\Users\domco\Desktop\DP\repos\pmd\pmd-visualforce\src\main\java\net\sourceforge\pmd\lang\vf\ast\ASTContent.java,7,1,21,2,0.0,0,0,0,0.0,0.0,0,0,1,0,0,3,1,4,0,2,5,0.25,0.0833333,1,1,1,3,0.0833333,1,3,4,0,0,1,11,15,14,14,0,0,3,0,3,0,59,3,0,56,3,11,15,14,14,0,0,3,0,3,0,59,3,0,56,3,0,0,8,0,1,1,0,0,0,0,0,0,7,0,0,0,0,0,0,1,1.0
1388,L35495,ASTDeclaration,net.sourceforge.pmd.lang.vf.ast.ASTDeclaration,L35362,L103,C:\Users\domco\Desktop\DP\repos\pmd\pmd-visualforce\src\main\java\net\sourceforge\pmd\lang\vf\ast\ASTDeclaration.java,8,1,42,2,0.0,0,0,0,0.0,0.0,0,0,1,0,0,5,1,3,1,2,7,0.5,0.344828,10,10,3,3,0.344828,10,3,4,0,0,1,19,35,15,15,1,1,5,0,5,1,61,5,0,58,4,19,35,15,15,1,1,5,0,5,1,61,5,0,58,4,0,0,7,0,0,0,0,0,0,0,0,0,5,0,0,0,0,0,0,2,0
1389,L35512,ASTDoctypeDeclaration,net.sourceforge.pmd.lang.vf.ast.ASTDoctypeDeclaration,L35362,L103,C:\Users\domco\Desktop\DP\repos\pmd\pmd-visualforce\src\main\java\net\sourceforge\pmd\lang\vf\ast\ASTDoctypeDeclaration.java,8,1,45,2,0.0,0,0,0,0.0,0.0,0,0,1,0,0,5,1,4,2,2,7,0.5,0.40625,13,13,3,3,0.40625,13,3,4,0,0,1,19,38,15,15,1,1,5,0,5,1,61,5,0,58,4,19,38,15,15,1,1,5,0,5,1,61,5,0,58,4,0,0,7,0,0,0,0,0,0,0,0,0,5,0,0,0,0,0,0,2,0
1390,L35530,ASTDoctypeExternalId,net.sourceforge.pmd.lang.vf.ast.ASTDoctypeExternalId,L35362,L103,C:\Users\domco\Desktop\DP\repos\pmd\pmd-visualforce\src\main\java\net\sourceforge\pmd\lang\vf\ast\ASTDoctypeExternalId.java,8,1,70,2,0.0,0,0,0,0.0,0.0,0,0,2,0,0,9,1,4,2,2,10,0.555556,0.45283,24,24,5,4,0.45283,24,3,4,0,0,1,29,63,16,16,2,2,8,0,8,2,64,8,0,61,5,29,63,16,16,2,2,8,0,8,2,64,8,0,61,5,0,0,12,0,1,0,0,0,1,0,0,1,7,0,0,0,0,0,0,4,0
1391,L35557,ASTDotExpression,net.sourceforge.pmd.lang.vf.ast.ASTDotExpression,L35362,L103,C:\Users\domco\Desktop\DP\repos\pmd\pmd-visualforce\src\main\java\net\sourceforge\pmd\lang\vf\ast\ASTDotExpression.java,7,1,22,2,0.0,0,0,0,0.0,0.0,0,0,1,0,0,3,1,4,0,2,5,0.25,0.214286,3,3,1,3,0.214286,3,3,4,0,0,1,11,16,14,14,0,0,3,0,3,0,59,3,0,56,3,11,16,14,14,0,0,3,0,3,0,59,3,0,56,3,0,0,8,0,1,1,0,0,0,0,0,0,7,0,0,0,0,0,0,1,1.0
1392,L35567,ASTElement,net.sourceforge.pmd.lang.vf.ast.ASTElement,L35362,L103,C:\Users\domco\Desktop\DP\repos\pmd\pmd-visualforce\src\main\java\net\sourceforge\pmd\lang\vf\ast\ASTElement.java,8,1,106,2,0.0,0,0,0,0.0,0.0,0,0,4,0,0,14,1,9,26,2,14,0.615385,0.482353,41,40,8,5,0.482353,41,3,4,0,0,1,44,99,17,17,3,3,12,0,12,3,68,14,0,65,6,44,99,17,17,3,3,12,0,12,3,68,14,0,65,6,0,0,14,0,1,0,0,0,1,0,0,1,9,0,0,0,0,0,0,4,0
1393,L35605,ASTElExpression,net.sourceforge.pmd.lang.vf.ast.ASTElExpression,L35362,L103,C:\Users\domco\Desktop\DP\repos\pmd\pmd-visualforce\src\main\java\net\sourceforge\pmd\lang\vf\ast\ASTElExpression.java,8,1,23,2,0.0,0,0,0,0.0,0.0,0,0,1,0,0,3,1,6,0,2,5,0.25,0.214286,3,3,1,3,0.214286,3,3,4,0,0,1,11,16,14,14,0,0,3,0,3,0,59,3,0,56,3,11,16,14,14,0,0,3,0,3,0,59,3,0,56,3,0,0,8,0,1,1,0,0,0,0,0,0,7,0,0,0,0,0,0,1,1.0
1394,L35615,ASTExpression,net.sourceforge.pmd.lang.vf.ast.ASTExpression,L35362,L103,C:\Users\domco\Desktop\DP\repos\pmd\pmd-visualforce\src\main\java\net\sourceforge\pmd\lang\vf\ast\ASTExpression.java,7,1,21,2,0.0,0,0,0,0.0,0.0,0,0,1,0,0,3,1,5,0,2,5,0.25,0.0833333,1,1,1,3,0.0833333,1,3,4,0,0,1,11,15,14,14,0,0,3,0,3,0,59,3,0,56,3,11,15,14,14,0,0,3,0,3,0,59,3,0,56,3,0,0,8,0,1,1,0,0,0,0,0,0,7,0,0,0,0,0,0,1,1.0
1395,L35625,ASTHtmlScript,net.sourceforge.pmd.lang.vf.ast.ASTHtmlScript,L35362,L103,C:\Users\domco\Desktop\DP\repos\pmd\pmd-visualforce\src\main\java\net\sourceforge\pmd\lang\vf\ast\ASTHtmlScript.java,9,1,23,2,0.0,0,0,0,0.0,0.0,0,0,1,0,0,3,1,4,0,2,5,0.25,0.0769231,1,1,1,3,0.0769231,1,3,4,0,0,1,12,15,14,14,0,0,3,0,3,0,59,3,0,56,3,12,15,14,14,0,0,3,0,3,0,59,3,0,56,3,0,0,10,0,0,0,0,0,0,0,0,0,9,0,0,0,0,0,0,1,0
1396,L35635,ASTIdentifier,net.sourceforge.pmd.lang.vf.ast.ASTIdentifier,L35362,L103,C:\Users\domco\Desktop\DP\repos\pmd\pmd-visualforce\src\main\java\net\sourceforge\pmd\lang\vf\ast\ASTIdentifier.java,7,1,21,2,0.0,0,0,0,0.0,0.0,0,0,1,0,0,3,1,6,0,2,5,0.25,0.0833333,1,1,1,3,0.0833333,1,3,4,0,0,1,11,15,14,14,0,0,3,0,3,0,59,3,0,56,3,11,15,14,14,0,0,3,0,3,0,59,3,0,56,3,0,0,8,0,1,1,0,0,0,0,0,0,7,0,0,0,0,0,0,1,1.0
1397,L35645,ASTLiteral,net.sourceforge.pmd.lang.vf.ast.ASTLiteral,L35362,L103,C:\Users\domco\Desktop\DP\repos\pmd\pmd-visualforce\src\main\java\net\sourceforge\pmd\lang\vf\ast\ASTLiteral.java,7,1,21,2,0.0,0,0,0,0.0,0.0,0,0,1,0,0,3,1,4,0,2,5,0.25,0.0833333,1,1,1,3,0.0833333,1,3,4,0,0,1,11,15,14,14,0,0,3,0,3,0,59,3,0,56,3,11,15,14,14,0,0,3,0,3,0,59,3,0,56,3,0,0,8,0,1,1,0,0,0,0,0,0,7,0,0,0,0,0,0,1,1.0
1398,L35655,ASTNegationExpression,net.sourceforge.pmd.lang.vf.ast.ASTNegationExpression,L35362,L103,C:\Users\domco\Desktop\DP\repos\pmd\pmd-visualforce\src\main\java\net\sourceforge\pmd\lang\vf\ast\ASTNegationExpression.java,7,1,21,2,0.0,0,0,0,0.0,0.0,0,0,1,0,0,3,1,3,0,2,5,0.25,0.0833333,1,1,1,3,0.0833333,1,3,4,0,0,1,11,15,14,14,0,0,3,0,3,0,59,3,0,56,3,11,15,14,14,0,0,3,0,3,0,59,3,0,56,3,0,0,8,0,1,1,0,0,0,0,0,0,7,0,0,0,0,0,0,1,1.0
1399,L35665,ASTText,net.sourceforge.pmd.lang.vf.ast.ASTText,L35362,L103,C:\Users\domco\Desktop\DP\repos\pmd\pmd-visualforce\src\main\java\net\sourceforge\pmd\lang\vf\ast\ASTText.java,8,1,23,2,0.0,0,0,0,0.0,0.0,0,0,1,0,0,3,1,4,0,2,5,0.25,0.214286,3,3,1,3,0.214286,3,3,4,0,0,1,11,16,14,14,0,0,3,0,3,0,59,3,0,56,3,11,16,14,14,0,0,3,0,3,0,59,3,0,56,3,0,0,8,0,1,1,0,0,0,0,0,0,7,0,0,0,0,0,0,1,1.0
1400,L35675,DumpFacade,net.sourceforge.pmd.lang.vf.ast.DumpFacade,L35362,L103,C:\Users\domco\Desktop\DP\repos\pmd\pmd-visualforce\src\main\java\net\sourceforge\pmd\lang\vf\ast\DumpFacade.java,15,1,99,2,0.406728,5,12,5,0.470588,0.448276,40,26,1,6,2,17,8,1,1,9,12,0.0,0.205479,15,0,0,3,0.205479,15,1,1,0,0,1,58,85,2,0,2,0,3,0,2,0,22,37,0,21,0,58,85,2,0,2,0,3,0,2,0,22,37,0,21,0,0,0,28,2,0,0,18,0,0,3,0,1,7,0,1,0,0,0,0,0,0
1401,L35718,OpenTagRegister,net.sourceforge.pmd.lang.vf.ast.OpenTagRegister,L35362,L103,C:\Users\domco\Desktop\DP\repos\pmd\pmd-visualforce\src\main\java\net\sourceforge\pmd\lang\vf\ast\OpenTagRegister.java,22,1,94,2,0.724551,1,6,1,0.684932,0.7,50,28,1,3,3,10,2,1,5,5,8,0.5,0.452055,33,16,2,2,0.452055,33,0,0,0,0,0,40,73,1,0,1,0,3,0,3,0,3,26,0,3,0,40,73,1,0,1,0,3,0,3,0,3,26,0,3,0,0,0,17,0,1,0,12,0,0,0,0,1,5,0,0,0,0,0,0,0,1.0
1402,L35739,StartAndEndTagMismatchException,net.sourceforge.pmd.lang.vf.ast.StartAndEndTagMismatchException,L35362,L103,C:\Users\domco\Desktop\DP\repos\pmd\pmd-visualforce\src\main\java\net\sourceforge\pmd\lang\vf\ast\StartAndEndTagMismatchException.java,11,1,85,2,0.377193,1,1,1,0.146667,0.263158,11,10,0,0,0,6,1,0,0,1,7,1.0,0.449275,31,31,7,0,0.449275,31,1,1,0,0,1,38,75,11,7,8,5,6,1,6,0,9,12,1,9,0,38,75,11,7,8,5,6,1,6,0,9,12,1,9,0,0,0,16,0,1,0,10,0,0,0,0,1,0,0,0,0,0,0,0,6,1.0
1403,L35741,SyntaxErrorException,net.sourceforge.pmd.lang.vf.ast.SyntaxErrorException,L35362,L103,C:\Users\domco\Desktop\DP\repos\pmd\pmd-visualforce\src\main\java\net\sourceforge\pmd\lang\vf\ast\SyntaxErrorException.java,13,1,42,2,0.0,0,0,0,0.0,0.0,0,0,0,0,0,3,0,1,1,0,3,1.0,0.5,16,16,4,0,0.5,16,0,0,1,1,0,16,30,3,2,3,2,3,0,3,0,3,5,0,3,0,16,30,3,2,3,2,3,0,3,0,3,5,0,3,0,0,0,0,0,0,0,0,0,0,0,0,0,0,0,0,0,0,0,0,0,0
1404,L35676,VfParserVisitorAdapter,net.sourceforge.pmd.lang.vf.ast.VfParserVisitorAdapter,L35362,L103,C:\Users\domco\Desktop\DP\repos\pmd\pmd-visualforce\src\main\java\net\sourceforge\pmd\lang\vf\ast\VfParserVisitorAdapter.java,7,1,93,2,0.0,0,0,0,0.0,0.0,0,0,1,0,0,19,19,2,1,1,20,0.0,0.0,0,0,0,20,0.0,0,0,0,1,1,0,67,87,0,0,0,0,19,0,19,0,19,20,0,19,0,67,87,0,0,0,0,19,0,19,0,19,20,0,19,0,0,0,43,0,12,12,0,0,0,0,1,0,41,0,0,0,0,0,0,1,1.0
1405,L35882,AbstractVfNodesTest,net.sourceforge.pmd.lang.vf.ast.AbstractVfNodesTest,L35362,L103,C:\Users\domco\Desktop\DP\repos\pmd\pmd-visualforce\src\test\java\net\sourceforge\pmd\lang\vf\ast\AbstractVfNodesTest.java,16,1,73,2,0.351852,1,4,1,0.172414,0.294118,10,10,1,2,2,10,2,2,36,2,6,0.5,0.358491,19,19,2,2,0.358491,19,0,0,2,2,0,34,58,0,2,0,2,4,0,3,0,4,19,0,3,0,34,58,0,2,0,2,4,0,3,0,4,19,0,3,0,0,0,14,0,1,1,11,0,0,0,0,0,3,0,0,0,0,0,0,0,0
1406,L35927,OpenTagRegisterTest,net.sourceforge.pmd.lang.vf.ast.OpenTagRegisterTest,L35362,L103,C:\Users\domco\Desktop\DP\repos\pmd\pmd-visualforce\src\test\java\net\sourceforge\pmd\lang\vf\ast\OpenTagRegisterTest.java,13,1,147,2,0.928879,9,15,15,0.703704,0.864583,95,83,1,0,0,7,2,0,0,5,12,0.714286,0.238095,30,17,5,2,0.238095,30,0,0,0,0,0,96,135,2,0,2,0,7,0,6,0,7,72,0,6,0,96,135,2,0,2,0,7,0,6,0,7,72,0,6,0,0,0,51,0,24,23,38,0,0,0,0,0,13,0,0,0,0,1,0,0,0
1407,L35955,VfDocStyleTest,net.sourceforge.pmd.lang.vf.ast.VfDocStyleTest,L35362,L103,C:\Users\domco\Desktop\DP\repos\pmd\pmd-visualforce\src\test\java\net\sourceforge\pmd\lang\vf\ast\VfDocStyleTest.java,28,1,774,2,0.662654,17,38,32,0.449799,0.572939,336,271,2,1,1,37,15,0,0,22,57,0.857143,0.266881,166,141,30,5,0.259781,166,1,1,0,0,1,456,730,34,2,34,0,35,0,34,0,39,302,0,37,0,473,747,34,2,34,0,37,0,36,0,41,312,0,39,0,0,0,190,10,134,98,140,34,1,0,2,0,39,0,10,0,0,2,0,8,0
1408,L36170,VfPageStyleTest,net.sourceforge.pmd.lang.vf.ast.VfPageStyleTest,L35362,L103,C:\Users\domco\Desktop\DP\repos\pmd\pmd-visualforce\src\test\java\net\sourceforge\pmd\lang\vf\ast\VfPageStyleTest.java,13,1,62,2,0.905512,1,2,2,0.64,0.820513,32,32,2,0,0,3,8,0,0,3,6,0.5,0.133333,6,6,2,2,0.133333,6,1,1,0,0,1,39,50,2,2,2,0,3,0,3,0,7,27,0,6,0,39,50,2,2,2,0,3,0,3,0,7,27,0,6,0,0,0,29,1,4,2,19,2,1,0,0,0,9,0,1,0,0,0,0,0,0
1409,L36191,AbstractVfRule,net.sourceforge.pmd.lang.vf.rule.AbstractVfRule,L36186,L103,C:\Users\domco\Desktop\DP\repos\pmd\pmd-visualforce\src\main\java\net\sourceforge\pmd\lang\vf\rule\AbstractVfRule.java,36,1,135,2,0.0,0,0,0,0.0,0.0,0,0,1,2,2,24,25,2,3,4,26,0.0,0.0,0,0,0,22,0.0,0,3,5,2,2,2,77,100,21,19,0,0,22,0,21,0,97,28,2,91,20,77,100,21,19,0,0,22,0,21,0,97,28,2,91,20,0,0,60,0,20,20,0,0,0,0,1,0,47,0,0,1,0,0,0,11,1.0
1410,L36439,VfRuleChainVisitor,net.sourceforge.pmd.lang.vf.rule.VfRuleChainVisitor,L36186,L103,C:\Users\domco\Desktop\DP\repos\pmd\pmd-visualforce\src\main\java\net\sourceforge\pmd\lang\vf\rule\VfRuleChainVisitor.java,19,1,37,2,0.0,0,0,0,0.0,0.0,0,0,2,1,1,4,8,1,0,2,4,0.0,0.0625,1,0,0,1,0.0625,1,2,2,0,0,1,15,19,2,0,0,0,2,0,0,0,7,8,0,2,0,15,19,2,0,0,0,2,0,0,0,7,8,0,2,0,0,0,8,0,3,3,0,0,1,0,0,0,7,0,0,0,0,0,0,0,1.0
1411,L36448,VfRuleViolationFactory,net.sourceforge.pmd.lang.vf.rule.VfRuleViolationFactory,L36186,L103,C:\Users\domco\Desktop\DP\repos\pmd\pmd-visualforce\src\main\java\net\sourceforge\pmd\lang\vf\rule\VfRuleViolationFactory.java,16,1,35,2,0.0,0,0,0,0.0,0.0,0,0,2,0,0,3,8,1,0,2,5,0.0,0.0,0,0,0,1,0.0,0,2,2,0,0,1,15,20,2,0,1,0,3,1,0,0,6,4,1,2,0,15,20,2,0,1,0,3,1,0,0,6,4,1,2,0,0,0,15,0,1,1,0,0,1,0,0,0,9,0,0,0,0,0,0,5,1.0
1412,L36583,AbstractVmNode,net.sourceforge.pmd.lang.vm.ast.AbstractVmNode,L36563,L103,C:\Users\domco\Desktop\DP\repos\pmd\pmd-vm\src\main\java\net\sourceforge\pmd\lang\vm\ast\AbstractVmNode.java,33,1,235,2,0.0,0,0,0,0.0,0.0,0,0,3,3,3,38,3,16,22,3,24,0.681818,0.376404,67,62,15,7,0.376404,67,2,3,6,11,2,111,203,20,21,7,7,21,1,21,3,70,52,1,67,6,111,203,20,21,7,7,21,1,21,3,70,52,1,67,6,0,0,29,0,3,2,0,0,1,0,0,0,15,0,0,1,0,1,0,12,1.0
1413,L36670,ASTAddNode,net.sourceforge.pmd.lang.vm.ast.ASTAddNode,L36563,L103,C:\Users\domco\Desktop\DP\repos\pmd\pmd-vm\src\main\java\net\sourceforge\pmd\lang\vm\ast\ASTAddNode.java,36,1,56,2,0.0,0,0,0,0.0,0.0,0,0,1,0,0,3,1,2,0,2,5,1.0,0.78,39,39,4,0,0.78,39,4,5,0,0,1,11,21,21,21,0,0,3,0,3,0,76,3,1,73,6,11,21,21,21,0,0,3,0,3,0,76,3,1,73,6,0,0,7,0,1,1,0,0,0,0,0,0,0,0,0,0,0,0,0,7,1.0
1414,L36691,ASTDirective,net.sourceforge.pmd.lang.vm.ast.ASTDirective,L36563,L103,C:\Users\domco\Desktop\DP\repos\pmd\pmd-vm\src\main\java\net\sourceforge\pmd\lang\vm\ast\ASTDirective.java,38,1,90,2,0.0,0,0,0,0.0,0.0,0,0,2,0,0,6,1,4,2,3,9,0.857143,0.688312,53,53,6,1,0.688312,53,3,4,0,0,1,24,53,21,22,1,1,6,0,6,1,76,6,1,73,7,24,53,21,22,1,1,6,0,6,1,76,6,1,73,7,0,0,11,0,0,0,0,0,1,0,0,0,3,0,0,0,0,0,0,7,1.0
1415,L36715,ASTDivNode,net.sourceforge.pmd.lang.vm.ast.ASTDivNode,L36563,L103,C:\Users\domco\Desktop\DP\repos\pmd\pmd-vm\src\main\java\net\sourceforge\pmd\lang\vm\ast\ASTDivNode.java,36,1,56,2,0.0,0,0,0,0.0,0.0,0,0,1,0,0,3,1,2,0,2,5,1.0,0.78,39,39,4,0,0.78,39,4,5,0,0,1,11,21,21,21,0,0,3,0,3,0,76,3,1,73,6,11,21,21,21,0,0,3,0,3,0,76,3,1,73,6,0,0,7,0,1,1,0,0,0,0,0,0,0,0,0,0,0,0,0,7,1.0
1416,L36729,ASTEscape,net.sourceforge.pmd.lang.vm.ast.ASTEscape,L36563,L103,C:\Users\domco\Desktop\DP\repos\pmd\pmd-vm\src\main\java\net\sourceforge\pmd\lang\vm\ast\ASTEscape.java,32,1,56,2,0.0,0,0,0,0.0,0.0,0,0,1,0,0,3,1,2,0,2,5,0.75,0.729167,35,35,3,1,0.729167,35,3,4,0,0,1,13,25,21,21,1,0,3,1,3,0,73,3,2,70,6,13,25,21,21,1,0,3,1,3,0,73,3,2,70,6,0,0,11,0,0,0,0,0,0,0,0,0,3,0,0,0,0,0,0,8,0
1417,L36673,ASTMathNode,net.sourceforge.pmd.lang.vm.ast.ASTMathNode,L36563,L103,C:\Users\domco\Desktop\DP\repos\pmd\pmd-vm\src\main\java\net\sourceforge\pmd\lang\vm\ast\ASTMathNode.java,37,1,56,2,0.0,0,0,0,0.0,0.0,0,0,1,0,0,3,1,5,10,2,5,0.5,0.729167,35,35,2,2,0.729167,35,3,4,5,5,1,13,20,21,21,1,0,3,0,3,0,73,3,1,70,6,13,20,21,21,1,0,3,0,3,0,73,3,1,70,6,0,0,11,0,1,0,0,0,0,0,0,0,5,0,0,0,0,1,0,6,0
1418,L36754,ASTMethod,net.sourceforge.pmd.lang.vm.ast.ASTMethod,L36563,L103,C:\Users\domco\Desktop\DP\repos\pmd\pmd-vm\src\main\java\net\sourceforge\pmd\lang\vm\ast\ASTMethod.java,42,1,143,2,0.0,0,0,0,0.0,0.0,0,0,1,0,0,4,1,2,0,2,6,0.8,0.75,45,45,4,1,0.564516,70,3,4,0,0,1,15,38,20,22,0,1,4,0,4,0,74,4,1,71,6,54,102,22,22,2,1,7,0,7,0,77,28,1,74,6,0,0,13,0,2,2,0,0,0,2,0,0,4,0,0,0,0,0,0,7,1.0
1419,L36785,ASTModNode,net.sourceforge.pmd.lang.vm.ast.ASTModNode,L36563,L103,C:\Users\domco\Desktop\DP\repos\pmd\pmd-vm\src\main\java\net\sourceforge\pmd\lang\vm\ast\ASTModNode.java,35,1,55,2,0.0,0,0,0,0.0,0.0,0,0,1,0,0,3,1,2,0,2,5,1.0,0.77551,38,38,4,0,0.77551,38,4,5,0,0,1,11,21,21,21,0,0,3,0,3,0,76,3,1,73,6,11,21,21,21,0,0,3,0,3,0,76,3,1,73,6,0,0,7,0,1,1,0,0,0,0,0,0,0,0,0,0,0,0,0,7,1.0
1420,L36799,ASTMulNode,net.sourceforge.pmd.lang.vm.ast.ASTMulNode,L36563,L103,C:\Users\domco\Desktop\DP\repos\pmd\pmd-vm\src\main\java\net\sourceforge\pmd\lang\vm\ast\ASTMulNode.java,36,1,56,2,0.0,0,0,0,0.0,0.0,0,0,1,0,0,3,1,2,0,2,5,1.0,0.78,39,39,4,0,0.78,39,4,5,0,0,1,11,21,21,21,0,0,3,0,3,0,76,3,1,73,6,11,21,21,21,0,0,3,0,3,0,76,3,1,73,6,0,0,7,0,1,1,0,0,0,0,0,0,0,0,0,0,0,0,0,7,1.0
1421,L36813,ASTReference,net.sourceforge.pmd.lang.vm.ast.ASTReference,L36563,L103,C:\Users\domco\Desktop\DP\repos\pmd\pmd-vm\src\main\java\net\sourceforge\pmd\lang\vm\ast\ASTReference.java,35,1,120,2,0.0,0,0,0,0.0,0.0,0,0,2,1,1,8,1,4,1,3,9,0.857143,0.704762,74,69,6,1,0.704762,74,3,4,0,0,1,31,86,24,22,4,1,6,2,6,1,76,9,3,73,7,31,86,24,22,4,1,6,2,6,1,76,9,3,73,7,0,0,13,0,4,0,0,0,1,0,0,1,3,0,1,0,0,2,0,9,1.0
1422,L36842,ASTStringLiteral,net.sourceforge.pmd.lang.vm.ast.ASTStringLiteral,L36563,L103,C:\Users\domco\Desktop\DP\repos\pmd\pmd-vm\src\main\java\net\sourceforge\pmd\lang\vm\ast\ASTStringLiteral.java,30,1,123,2,0.0,0,0,0,0.0,0.0,0,0,4,2,2,13,1,3,0,6,12,0.857143,0.529412,54,47,6,1,0.529412,54,3,4,0,0,1,48,94,20,21,0,0,6,0,6,0,76,27,1,73,6,48,94,20,21,0,0,6,0,6,0,76,27,1,73,6,0,0,11,0,0,0,0,0,1,0,0,0,3,0,0,0,0,0,0,7,1.0
1423,L36869,ASTSubtractNode,net.sourceforge.pmd.lang.vm.ast.ASTSubtractNode,L36563,L103,C:\Users\domco\Desktop\DP\repos\pmd\pmd-vm\src\main\java\net\sourceforge\pmd\lang\vm\ast\ASTSubtractNode.java,36,1,56,2,0.0,0,0,0,0.0,0.0,0,0,1,0,0,3,1,2,0,2,5,1.0,0.78,39,39,4,0,0.78,39,4,5,0,0,1,11,21,21,21,0,0,3,0,3,0,76,3,1,73,6,11,21,21,21,0,0,3,0,3,0,76,3,1,73,6,0,0,7,0,1,1,0,0,0,0,0,0,0,0,0,0,0,0,0,7,1.0
1424,L36883,MacroParseException,net.sourceforge.pmd.lang.vm.ast.MacroParseException,L36563,L103,C:\Users\domco\Desktop\DP\repos\pmd\pmd-vm\src\main\java\net\sourceforge\pmd\lang\vm\ast\MacroParseException.java,34,1,122,2,0.0,0,0,0,0.0,0.0,0,0,1,2,1,12,1,0,0,1,7,1.0,0.56044,51,51,6,0,0.56044,51,0,0,0,0,0,40,89,2,4,2,4,6,0,5,0,6,19,0,5,0,40,89,2,4,2,4,6,0,5,0,6,19,0,5,0,0,0,0,0,1,0,0,0,0,0,0,0,0,0,0,0,0,1,0,0,1.0
1425,L36913,NodeUtils,net.sourceforge.pmd.lang.vm.ast.NodeUtils,L36563,L103,C:\Users\domco\Desktop\DP\repos\pmd\pmd-vm\src\main\java\net\sourceforge\pmd\lang\vm\ast\NodeUtils.java,32,1,131,2,0.0,0,0,0,0.0,0.0,0,0,1,6,5,18,0,1,1,0,3,1.0,0.504505,56,41,2,0,0.504505,56,0,0,0,0,0,55,100,0,1,0,1,3,0,1,0,3,40,0,1,0,55,100,0,1,0,1,3,0,1,0,3,40,0,1,0,0,0,7,0,2,1,0,0,0,5,0,1,2,0,0,0,0,0,0,0,1.0
1426,L36923,TemplateParseException,net.sourceforge.pmd.lang.vm.ast.TemplateParseException,L36563,L103,C:\Users\domco\Desktop\DP\repos\pmd\pmd-vm\src\main\java\net\sourceforge\pmd\lang\vm\ast\TemplateParseException.java,35,1,220,2,0.0,0,0,0,0.0,0.0,0,0,1,2,2,22,1,0,0,1,10,1.0,0.476744,82,80,9,0,0.476744,82,0,0,0,0,0,90,186,3,4,3,4,9,0,8,0,9,56,0,8,0,90,186,3,4,3,4,9,0,8,0,9,56,0,8,0,0,0,2,0,3,1,0,0,0,0,0,0,2,0,0,0,0,2,0,0,1.0
1427,L36964,TokenMgrError,net.sourceforge.pmd.lang.vm.ast.TokenMgrError,L36563,L103,C:\Users\domco\Desktop\DP\repos\pmd\pmd-vm\src\main\java\net\sourceforge\pmd\lang\vm\ast\TokenMgrError.java,6,1,126,2,0.276923,1,10,2,0.198347,0.347826,24,24,1,3,3,18,0,0,0,0,5,0.5,0.366972,40,40,2,2,0.366972,40,0,0,0,0,0,69,121,6,0,6,0,5,0,3,0,5,34,0,3,0,69,121,6,0,6,0,5,0,3,0,5,34,0,3,0,0,0,23,0,6,0,12,5,0,1,0,0,7,1,0,0,0,0,0,3,1.0
1428,L37016,VmParserVisitorAdapter,net.sourceforge.pmd.lang.vm.ast.VmParserVisitorAdapter,L36563,L103,C:\Users\domco\Desktop\DP\repos\pmd\pmd-vm\src\main\java\net\sourceforge\pmd\lang\vm\ast\VmParserVisitorAdapter.java,4,1,256,2,0.0,0,0,0,0.0,0.0,0,0,1,0,0,43,11,2,1,1,44,0.0,0.0,0,0,0,44,0.0,0,0,0,1,1,0,175,253,0,0,0,0,43,0,43,0,43,44,0,43,0,175,253,0,0,0,0,43,0,43,0,43,44,0,43,0,0,0,94,0,0,0,0,0,0,0,1,0,89,0,0,0,0,0,0,4,0
1429,L37186,Block,net.sourceforge.pmd.lang.vm.directive.Block,L37169,L103,C:\Users\domco\Desktop\DP\repos\pmd\pmd-vm\src\main\java\net\sourceforge\pmd\lang\vm\directive\Block.java,33,1,43,2,0.0,0,0,0,0.0,0.0,0,0,0,0,0,1,1,2,0,0,1,1.0,0.837838,31,31,2,0,0.837838,31,1,1,2,2,1,6,11,7,6,1,1,1,0,1,0,9,1,2,9,2,6,11,7,6,1,1,1,0,1,0,9,1,2,9,2,0,0,2,0,1,1,0,0,0,0,0,0,0,0,0,0,0,0,0,2,1.0
1430,L37200,BlockMacro,net.sourceforge.pmd.lang.vm.directive.BlockMacro,L37169,L103,C:\Users\domco\Desktop\DP\repos\pmd\pmd-vm\src\main\java\net\sourceforge\pmd\lang\vm\directive\BlockMacro.java,56,1,75,2,0.0,0,0,0,0.0,0.0,0,0,0,0,0,3,1,0,0,0,3,0.5,0.820895,55,55,2,2,0.820895,55,2,2,0,0,1,12,20,8,7,1,2,3,0,3,0,11,3,2,11,2,12,20,8,7,1,2,3,0,3,0,11,3,2,11,2,0,0,7,0,3,2,0,0,0,0,0,1,5,0,0,0,0,0,0,2,1.0
1431,L37214,Break,net.sourceforge.pmd.lang.vm.directive.Break,L37169,L103,C:\Users\domco\Desktop\DP\repos\pmd\pmd-vm\src\main\java\net\sourceforge\pmd\lang\vm\directive\Break.java,30,1,58,2,0.0,0,0,0,0.0,0.0,0,0,1,0,0,3,1,0,0,0,3,1.0,0.78,39,39,4,0,0.78,39,1,1,0,0,1,11,29,6,6,0,2,3,0,3,0,10,3,2,10,2,11,29,6,6,0,2,3,0,3,0,10,3,2,10,2,0,0,2,0,3,3,0,0,0,0,0,0,0,0,0,0,0,0,0,2,1.0
1432,L37226,Define,net.sourceforge.pmd.lang.vm.directive.Define,L37169,L103,C:\Users\domco\Desktop\DP\repos\pmd\pmd-vm\src\main\java\net\sourceforge\pmd\lang\vm\directive\Define.java,31,1,39,2,0.0,0,0,0,0.0,0.0,0,0,0,0,0,1,1,0,0,0,1,1.0,0.852941,29,29,2,0,0.852941,29,2,2,0,0,1,5,9,7,6,0,1,1,0,1,0,9,1,2,9,2,5,9,7,6,0,1,1,0,1,0,9,1,2,9,2,0,0,2,0,1,1,0,0,0,0,0,0,0,0,0,0,0,0,0,2,1.0
1433,L37189,Directive,net.sourceforge.pmd.lang.vm.directive.Directive,L37169,L103,C:\Users\domco\Desktop\DP\repos\pmd\pmd-vm\src\main\java\net\sourceforge\pmd\lang\vm\directive\Directive.java,30,1,120,2,0.0,0,0,0,0.0,0.0,0,0,1,0,0,9,0,14,1,0,9,1.0,0.682692,71,71,10,0,0.682692,71,0,0,10,14,0,33,91,6,6,6,6,9,2,9,2,9,9,2,9,2,33,91,6,6,6,6,9,2,9,2,9,9,2,9,2,0,0,6,0,4,0,0,0,0,0,0,1,0,0,0,0,0,3,0,6,1.0
1434,L37269,Evaluate,net.sourceforge.pmd.lang.vm.directive.Evaluate,L37169,L103,C:\Users\domco\Desktop\DP\repos\pmd\pmd-vm\src\main\java\net\sourceforge\pmd\lang\vm\directive\Evaluate.java,30,1,50,2,0.0,0,0,0,0.0,0.0,0,0,0,0,0,2,1,0,0,0,2,1.0,0.813953,35,35,3,0,0.813953,35,1,1,0,0,1,8,21,6,6,0,2,2,0,2,0,9,2,2,9,2,8,21,6,6,0,2,2,0,2,0,9,2,2,9,2,0,0,2,0,2,2,0,0,0,0,0,0,0,0,0,0,0,0,0,2,1.0
1435,L37277,Foreach,net.sourceforge.pmd.lang.vm.directive.Foreach,L37169,L103,C:\Users\domco\Desktop\DP\repos\pmd\pmd-vm\src\main\java\net\sourceforge\pmd\lang\vm\directive\Foreach.java,32,1,51,2,0.0,0,0,0,0.0,0.0,0,0,0,0,0,2,1,0,0,0,2,1.0,0.822222,37,37,3,0,0.822222,37,1,1,0,0,1,8,20,6,6,0,2,2,0,2,0,9,2,2,9,2,8,20,6,6,0,2,2,0,2,0,9,2,2,9,2,0,0,2,0,2,2,0,0,0,0,0,0,0,0,0,0,0,0,0,2,1.0
1436,L37285,Include,net.sourceforge.pmd.lang.vm.directive.Include,L37169,L103,C:\Users\domco\Desktop\DP\repos\pmd\pmd-vm\src\main\java\net\sourceforge\pmd\lang\vm\directive\Include.java,57,1,84,2,0.0,0,0,0,0.0,0.0,0,0,1,0,0,3,2,0,0,0,3,1.0,0.857143,66,66,4,0,0.857143,66,2,2,0,0,1,11,28,6,6,0,2,3,0,3,0,10,3,2,10,2,11,28,6,6,0,2,3,0,3,0,10,3,2,10,2,0,0,2,0,3,3,0,0,0,0,0,0,0,0,0,0,0,0,0,2,1.0
1437,L37288,InputBase,net.sourceforge.pmd.lang.vm.directive.InputBase,L37169,L103,C:\Users\domco\Desktop\DP\repos\pmd\pmd-vm\src\main\java\net\sourceforge\pmd\lang\vm\directive\InputBase.java,30,1,37,2,0.0,0,0,0,0.0,0.0,0,0,0,0,0,1,1,2,0,0,1,1.0,0.909091,30,30,2,0,0.909091,30,1,1,2,2,1,3,8,6,6,0,1,1,0,1,0,9,0,2,9,2,3,8,6,6,0,1,1,0,1,0,9,0,2,9,2,0,0,2,0,1,1,0,0,0,0,0,0,0,0,0,0,0,0,0,2,1.0
1438,L37304,Literal,net.sourceforge.pmd.lang.vm.directive.Literal,L37169,L103,C:\Users\domco\Desktop\DP\repos\pmd\pmd-vm\src\main\java\net\sourceforge\pmd\lang\vm\directive\Literal.java,33,1,62,2,0.0,0,0,0,0.0,0.0,0,0,1,0,0,3,1,0,0,0,3,1.0,0.777778,42,42,4,0,0.777778,42,1,1,0,0,1,12,30,7,6,1,2,3,0,3,0,10,3,2,10,2,12,30,7,6,1,2,3,0,3,0,10,3,2,10,2,0,0,2,0,4,3,0,1,0,0,0,0,0,0,0,0,0,0,0,2,1.0
1439,L37315,Macro,net.sourceforge.pmd.lang.vm.directive.Macro,L37169,L103,C:\Users\domco\Desktop\DP\repos\pmd\pmd-vm\src\main\java\net\sourceforge\pmd\lang\vm\directive\Macro.java,37,1,63,2,0.0,0,0,0,0.0,0.0,0,0,1,0,0,3,1,0,0,0,3,1.0,0.807018,46,46,4,0,0.807018,46,1,1,0,0,1,11,27,6,6,0,2,3,0,3,0,10,3,2,10,2,11,27,6,6,0,2,3,0,3,0,10,3,2,10,2,0,0,2,0,3,3,0,0,0,0,0,0,0,0,0,0,0,0,0,2,1.0
1440,L37325,Parse,net.sourceforge.pmd.lang.vm.directive.Parse,L37169,L103,C:\Users\domco\Desktop\DP\repos\pmd\pmd-vm\src\main\java\net\sourceforge\pmd\lang\vm\directive\Parse.java,45,1,72,2,0.0,0,0,0,0.0,0.0,0,0,0,0,0,3,2,0,0,0,3,1.0,0.830769,54,54,4,0,0.830769,54,2,2,0,0,1,11,28,6,7,0,3,3,0,3,0,10,3,2,10,2,11,28,6,7,0,3,3,0,3,0,10,3,2,10,2,0,0,2,0,3,3,0,0,0,0,0,0,0,0,0,0,0,0,0,2,1.0
1441,L37335,RuntimeMacro,net.sourceforge.pmd.lang.vm.directive.RuntimeMacro,L37169,L103,C:\Users\domco\Desktop\DP\repos\pmd\pmd-vm\src\main\java\net\sourceforge\pmd\lang\vm\directive\RuntimeMacro.java,32,1,81,2,0.0,0,0,0,0.0,0.0,0,0,0,1,1,5,1,0,0,0,4,1.0,0.746479,53,53,5,0,0.746479,53,1,1,0,0,1,18,50,7,7,1,3,4,0,4,0,11,6,2,11,2,18,50,7,7,1,3,4,0,4,0,11,6,2,11,2,0,0,2,0,4,3,0,0,0,0,0,1,0,0,0,0,0,0,0,2,1.0
1442,L37352,Stop,net.sourceforge.pmd.lang.vm.directive.Stop,L37169,L103,C:\Users\domco\Desktop\DP\repos\pmd\pmd-vm\src\main\java\net\sourceforge\pmd\lang\vm\directive\Stop.java,28,1,55,2,0.0,0,0,0,0.0,0.0,0,0,1,0,0,3,1,0,0,0,3,1.0,0.770833,37,37,4,0,0.770833,37,1,1,0,0,1,11,28,6,6,0,2,3,0,3,0,10,3,2,10,2,11,28,6,6,0,2,3,0,3,0,10,3,2,10,2,0,0,2,0,4,3,0,1,0,0,0,0,0,0,0,0,0,0,0,2,1.0
1443,L37362,VelocimacroProxy,net.sourceforge.pmd.lang.vm.directive.VelocimacroProxy,L37169,L103,C:\Users\domco\Desktop\DP\repos\pmd\pmd-vm\src\main\java\net\sourceforge\pmd\lang\vm\directive\VelocimacroProxy.java,31,1,84,2,0.0,0,0,0,0.0,0.0,0,0,0,0,0,5,1,0,0,0,5,1.0,0.743243,55,51,6,0,0.743243,55,1,1,0,0,1,19,54,8,7,2,3,5,0,5,2,12,5,2,12,4,19,54,8,7,2,3,5,0,5,2,12,5,2,12,4,0,0,2,0,4,3,0,0,0,0,0,0,0,0,0,0,0,1,0,2,1.0
1444,L37388,AbstractStatisticalVmRule,net.sourceforge.pmd.lang.vm.rule.AbstractStatisticalVmRule,L37382,L103,C:\Users\domco\Desktop\DP\repos\pmd\pmd-vm\src\main\java\net\sourceforge\pmd\lang\vm\rule\AbstractStatisticalVmRule.java,15,1,34,2,0.0,0,0,0,0.0,0.0,0,0,1,0,0,3,6,1,1,3,6,0.0,0.0,0,0,0,4,0.0,0,4,7,1,1,2,16,20,25,20,1,1,3,0,3,0,124,4,5,118,21,16,20,25,20,1,1,3,0,3,0,124,4,5,118,21,0,0,21,2,0,0,0,1,0,0,0,0,9,0,1,2,0,0,0,10,0
1445,L37389,AbstractVmRule,net.sourceforge.pmd.lang.vm.rule.AbstractVmRule,L37382,L103,C:\Users\domco\Desktop\DP\repos\pmd\pmd-vm\src\main\java\net\sourceforge\pmd\lang\vm\rule\AbstractVmRule.java,60,1,333,2,0.0,0,0,0,0.0,0.0,0,0,1,1,1,48,17,8,13,4,51,0.0,0.00520833,1,0,0,47,0.00520833,1,3,5,8,9,2,191,274,21,19,0,0,47,0,46,1,122,49,2,116,21,191,274,21,19,0,0,47,0,46,1,122,49,2,116,21,0,0,110,1,0,0,0,1,0,0,1,0,95,0,0,1,0,0,0,13,0
1446,L37678,VmRuleChainVisitor,net.sourceforge.pmd.lang.vm.rule.VmRuleChainVisitor,L37382,L103,C:\Users\domco\Desktop\DP\repos\pmd\pmd-vm\src\main\java\net\sourceforge\pmd\lang\vm\rule\VmRuleChainVisitor.java,20,1,48,2,0.544444,1,2,1,0.448276,0.434783,13,10,2,1,1,4,7,1,0,2,4,0.0,0.0526316,1,0,0,1,0.115385,3,2,2,0,0,1,18,22,2,0,0,0,2,0,0,0,7,8,0,2,0,23,29,2,0,0,0,3,0,1,0,51,10,0,46,0,0,0,32,0,1,1,21,0,1,0,0,0,10,0,0,0,0,0,0,0,0
1447,L37699,VmRuleViolationFactory,net.sourceforge.pmd.lang.vm.rule.VmRuleViolationFactory,L37382,L103,C:\Users\domco\Desktop\DP\repos\pmd\pmd-vm\src\main\java\net\sourceforge\pmd\lang\vm\rule\VmRuleViolationFactory.java,16,1,37,2,0.0,0,0,0,0.0,0.0,0,0,2,0,0,3,8,1,0,2,5,0.0,0.0,0,0,0,1,0.0,0,2,2,0,0,1,18,22,2,0,1,0,3,1,0,0,6,4,1,2,0,18,22,2,0,1,0,3,1,0,0,6,4,1,2,0,0,0,15,0,0,0,0,0,1,0,0,0,9,0,0,0,0,0,0,5,0
1448,L37724,DirectiveMapper,net.sourceforge.pmd.lang.vm.util.DirectiveMapper,L37719,L103,C:\Users\domco\Desktop\DP\repos\pmd\pmd-vm\src\main\java\net\sourceforge\pmd\lang\vm\util\DirectiveMapper.java,23,1,54,2,0.0,0,0,0,0.0,0.0,0,0,1,0,0,3,1,0,0,0,3,0.0,0.0,0,0,0,3,0.0,0,0,0,0,0,0,25,32,2,1,2,1,3,0,2,0,3,2,0,2,0,25,32,2,1,2,1,3,0,2,0,3,2,0,2,0,0,0,9,0,3,0,0,2,0,0,0,1,9,0,0,0,0,0,0,0,0
1449,L37768,LogUtil,net.sourceforge.pmd.lang.vm.util.LogUtil,L37719,L103,C:\Users\domco\Desktop\DP\repos\pmd\pmd-vm\src\main\java\net\sourceforge\pmd\lang\vm\util\LogUtil.java,35,1,74,2,0.0,0,0,0,0.0,0.0,0,0,1,1,1,6,2,2,2,6,10,1.0,0.765625,49,49,4,0,0.765625,49,0,0,0,0,0,15,40,0,0,0,0,4,0,3,0,4,5,0,3,0,15,40,0,0,0,0,4,0,3,0,4,5,0,3,0,0,0,2,0,2,1,0,0,0,0,0,1,2,0,0,0,0,0,0,0,0
1450,L37786,VelocityCharStream,net.sourceforge.pmd.lang.vm.util.VelocityCharStream,L37719,L103,C:\Users\domco\Desktop\DP\repos\pmd\pmd-vm\src\main\java\net\sourceforge\pmd\lang\vm\util\VelocityCharStream.java,41,1,459,2,0.0,0,0,0,0.0,0.0,0,0,1,4,3,55,0,2,2,0,24,0.545455,0.242347,95,88,12,10,0.242347,95,0,0,0,0,0,297,419,16,8,16,8,24,2,21,0,24,178,2,21,0,297,419,16,8,16,8,24,2,21,0,24,178,2,21,0,0,0,41,3,10,2,0,3,0,0,0,1,31,0,2,0,0,5,0,10,0
1451,L38034,AbstractWsdlRule,net.sourceforge.pmd.lang.wsdl.rule.AbstractWsdlRule,L38028,L103,C:\Users\domco\Desktop\DP\repos\pmd\pmd-xml\src\main\java\net\sourceforge\pmd\lang\wsdl\rule\AbstractWsdlRule.java,14,1,20,2,0.0,0,0,0,0.0,0.0,0,0,0,0,0,1,3,1,1,2,3,0.5,0.375,3,3,1,1,0.375,3,4,6,1,1,1,5,7,28,20,0,0,1,0,1,0,83,1,9,74,20,5,7,28,20,0,0,1,0,1,0,83,1,9,74,20,0,0,13,0,0,0,0,0,0,0,0,0,3,0,0,1,0,0,0,9,0
1452,L38044,AbstractWsdlRuleTest,net.sourceforge.pmd.lang.wsdl.rule.AbstractWsdlRuleTest,L38028,L103,C:\Users\domco\Desktop\DP\repos\pmd\pmd-xml\src\test\java\net\sourceforge\pmd\lang\wsdl\rule\AbstractWsdlRuleTest.java,23,1,62,2,0.718563,1,1,1,0.45,0.484848,18,16,1,0,0,1,9,0,0,8,9,0.0,0.0,0,0,0,2,0.0,0,0,0,0,0,0,18,22,0,0,0,0,1,0,1,0,1,12,0,1,0,33,40,29,20,1,0,4,0,2,0,87,16,9,76,20,0,0,39,0,7,5,12,1,0,0,0,0,14,1,0,1,0,0,0,12,0
1453,L38103,DOMLineNumbers,net.sourceforge.pmd.lang.xml.ast.DOMLineNumbers,L38096,L103,C:\Users\domco\Desktop\DP\repos\pmd\pmd-xml\src\main\java\net\sourceforge\pmd\lang\xml\ast\DOMLineNumbers.java,22,1,159,2,0.0,0,0,0,0.0,0.0,0,0,1,7,4,33,2,1,1,3,9,0.5,0.0588235,8,3,1,1,0.0588235,8,0,0,0,0,0,128,138,3,0,3,0,6,0,1,2,6,95,0,1,2,128,138,3,0,3,0,6,0,1,2,6,95,0,1,2,0,0,20,0,2,0,0,0,0,5,0,2,15,0,0,0,0,0,0,0,0
1454,L38142,DumpFacade,net.sourceforge.pmd.lang.xml.ast.DumpFacade,L38096,L103,C:\Users\domco\Desktop\DP\repos\pmd\pmd-xml\src\main\java\net\sourceforge\pmd\lang\xml\ast\DumpFacade.java,17,1,93,2,0.597458,5,12,5,0.571429,0.55102,44,27,1,2,2,12,5,1,1,7,10,0.0,0.234375,15,0,0,3,0.234375,15,0,0,0,0,0,49,77,2,0,2,0,3,0,2,0,3,32,0,2,0,49,77,2,0,2,0,3,0,2,0,3,32,0,2,0,0,0,25,1,0,0,18,0,0,0,0,1,7,0,0,0,0,0,0,0,0
1455,L38164,XmlNodeInvocationHandler,net.sourceforge.pmd.lang.xml.ast.XmlNodeInvocationHandler,L38096,L103,C:\Users\domco\Desktop\DP\repos\pmd\pmd-xml\src\main\java\net\sourceforge\pmd\lang\xml\ast\XmlNodeInvocationHandler.java,29,1,144,2,0.0,0,0,0,0.0,0.0,0,0,1,15,4,28,5,2,1,3,6,0.0,0.0957447,9,0,0,3,0.0849057,9,0,0,0,0,0,85,101,3,1,3,1,3,0,2,0,3,59,0,2,0,97,116,4,1,4,1,6,0,5,0,6,63,0,5,0,0,0,25,1,3,1,0,1,1,5,0,1,18,0,0,0,0,1,0,1,1.0
1456,L38168,XmlParser,net.sourceforge.pmd.lang.xml.ast.XmlParser,L38096,L103,C:\Users\domco\Desktop\DP\repos\pmd\pmd-xml\src\main\java\net\sourceforge\pmd\lang\xml\ast\XmlParser.java,30,1,100,2,0.0,0,0,0,0.0,0.0,0,0,1,1,1,11,6,3,3,13,18,0.0,0.016129,1,0,0,5,0.016129,1,0,0,0,0,0,61,71,2,0,2,0,5,0,4,0,5,39,0,4,0,61,71,2,0,2,0,5,0,4,0,5,39,0,4,0,0,0,14,1,2,0,0,2,0,0,1,0,13,0,0,0,0,1,0,0,1.0
1457,L38274,AbstractDomXmlRule,net.sourceforge.pmd.lang.xml.rule.AbstractDomXmlRule,L38264,L103,C:\Users\domco\Desktop\DP\repos\pmd\pmd-xml\src\main\java\net\sourceforge\pmd\lang\xml\rule\AbstractDomXmlRule.java,29,1,130,2,0.403727,2,22,4,0.294118,0.357143,30,30,2,2,2,26,3,1,11,2,16,1.0,0.0769231,7,5,1,0,0.0769231,7,4,6,1,1,1,84,102,28,20,0,0,14,0,0,0,96,41,9,73,20,84,102,28,20,0,0,14,0,0,0,96,41,9,73,20,0,0,52,1,1,0,12,0,1,1,0,1,28,1,0,1,0,0,0,9,0
1458,L38036,AbstractXmlRule,net.sourceforge.pmd.lang.xml.rule.AbstractXmlRule,L38264,L103,C:\Users\domco\Desktop\DP\repos\pmd\pmd-xml\src\main\java\net\sourceforge\pmd\lang\xml\rule\AbstractXmlRule.java,26,1,79,2,0.0,0,0,0,0.0,0.0,0,0,2,1,1,9,12,7,20,7,14,0.25,0.0980392,5,5,1,3,0.0980392,5,3,5,4,6,2,46,54,28,20,7,1,7,7,3,0,82,22,9,73,20,46,54,28,20,7,1,7,7,3,0,82,22,9,73,20,0,0,32,0,1,1,0,0,1,0,1,0,17,0,0,1,0,0,0,12,1.0
1459,L38005,XmlRuleChainVisitor,net.sourceforge.pmd.lang.xml.rule.XmlRuleChainVisitor,L38264,L103,C:\Users\domco\Desktop\DP\repos\pmd\pmd-xml\src\main\java\net\sourceforge\pmd\lang\xml\rule\XmlRuleChainVisitor.java,17,1,39,2,0.833333,1,4,1,0.652174,0.736842,15,14,2,3,3,5,5,4,0,4,6,0.0,0.0952381,2,0,0,1,0.0952381,2,2,2,0,0,1,19,23,2,0,0,0,2,0,0,0,7,12,0,2,0,19,23,2,0,0,0,2,0,0,0,7,12,0,2,0,0,0,17,0,2,2,11,0,1,0,0,0,5,0,0,0,0,0,0,0,1.0
1460,L38391,XmlRuleViolationFactory,net.sourceforge.pmd.lang.xml.rule.XmlRuleViolationFactory,L38264,L103,C:\Users\domco\Desktop\DP\repos\pmd\pmd-xml\src\main\java\net\sourceforge\pmd\lang\xml\rule\XmlRuleViolationFactory.java,16,1,32,2,0.0,0,0,0,0.0,0.0,0,0,2,0,0,3,8,1,0,1,4,0.0,0.0714286,1,0,0,1,0.0714286,1,2,2,0,0,1,13,17,2,0,1,0,3,1,0,0,6,2,1,2,0,13,17,2,0,1,0,3,1,0,0,6,2,1,2,0,0,0,15,0,1,1,0,0,1,0,0,0,9,0,0,0,0,0,0,5,1.0
1461,L38411,XmlXPathRule,net.sourceforge.pmd.lang.xml.rule.XmlXPathRule,L38264,L103,C:\Users\domco\Desktop\DP\repos\pmd\pmd-xml\src\main\java\net\sourceforge\pmd\lang\xml\rule\XmlXPathRule.java,14,1,39,2,0.0,0,0,0,0.0,0.0,0,0,0,0,0,2,8,0,0,5,7,0.0,0.0,0,0,0,3,0.0,0,4,5,0,0,1,23,26,32,21,7,1,2,7,2,0,86,9,11,80,22,23,26,32,21,7,1,2,7,2,0,86,9,11,80,22,0,0,19,0,1,0,0,0,0,0,0,1,7,0,0,0,0,0,0,12,0
1462,L38428,AbstractDomXmlRuleTest,net.sourceforge.pmd.lang.xml.rule.AbstractDomXmlRuleTest,L38264,L103,C:\Users\domco\Desktop\DP\repos\pmd\pmd-xml\src\test\java\net\sourceforge\pmd\lang\xml\rule\AbstractDomXmlRuleTest.java,37,1,229,2,0.156062,1,2,2,0.119171,0.108844,23,16,3,0,0,3,9,0,0,10,13,0.0,0.117647,10,0,0,4,0.0636943,10,0,0,0,0,0,75,106,0,0,0,0,3,0,3,0,3,55,0,3,0,147,193,29,20,1,0,17,0,4,0,113,83,9,77,20,0,0,70,1,23,21,13,1,2,0,0,0,40,1,1,1,0,0,0,14,0
1463,L38499,AbstractXmlRuleTest,net.sourceforge.pmd.lang.xml.rule.AbstractXmlRuleTest,L38264,L103,C:\Users\domco\Desktop\DP\repos\pmd\pmd-xml\src\test\java\net\sourceforge\pmd\lang\xml\rule\AbstractXmlRuleTest.java,23,1,62,2,0.718563,1,1,1,0.45,0.484848,18,16,1,0,0,1,9,0,0,8,9,0.0,0.0,0,0,0,2,0.0,0,0,0,0,0,0,18,22,0,0,0,0,1,0,1,0,1,12,0,1,0,33,40,29,20,1,0,4,0,2,0,86,16,9,75,20,0,0,39,0,7,5,12,1,0,0,0,0,14,1,0,1,0,0,0,12,0
1464,L38576,XmlParserOptions$1,net.sourceforge.pmd.lang.xml.XmlParserOptions$1,L38047,L103,C:\Users\domco\Desktop\DP\repos\pmd\pmd-xml\src\main\java\net\sourceforge\pmd\lang\xml\XmlParserOptions.java,45,86,49,6,0.0,0,0,0,0.0,0.0,0,0,1,0,0,1,0,0,0,0,1,0.0,0.0,0,0,0,2,0.0,0,0,0,0,0,0,5,5,0,0,0,0,1,0,1,0,1,1,0,1,0,5,5,0,0,0,0,1,0,1,0,1,1,0,1,0,0,0,5,0,1,1,0,0,0,0,0,0,5,0,0,0,0,0,0,0,1.0
1465,L38623,XmlParserOptionsTest$MyRule,net.sourceforge.pmd.lang.xml.XmlParserOptionsTest$MyRule,L38620,L103,C:\Users\domco\Desktop\DP\repos\pmd\pmd-xml\src\test\java\net\sourceforge\pmd\lang\xml\XmlParserOptionsTest.java,162,5,163,6,0.0,0,0,0,0.0,0.0,0,0,0,0,0,0,1,1,0,0,0,0.0,0.0,0,0,0,1,0.0,0,4,6,0,0,1,2,2,28,20,0,0,0,0,0,0,82,0,9,73,20,2,2,28,20,0,0,0,0,0,0,82,0,9,73,20,0,0,13,0,0,0,0,0,0,0,0,0,3,0,0,1,0,0,0,9,0
1466,L39691,AbstractAnalysisCache$1,net.sourceforge.pmd.cache.AbstractAnalysisCache$1,L39652,L103,C:\Users\domco\Desktop\DP\repos\pmd\pmd-core\src\main\java\net\sourceforge\pmd\cache\AbstractAnalysisCache.java,159,55,168,26,0.0,0,0,0,0.0,0.0,0,0,1,1,1,2,0,0,0,0,1,0.0,0.0909091,1,0,0,2,0.0909091,1,0,0,0,0,0,10,10,0,0,0,0,1,0,1,0,1,3,0,1,0,10,10,0,0,0,0,1,0,1,0,1,3,0,1,0,0,0,5,0,0,0,0,0,0,0,0,0,5,0,0,0,0,0,0,0,0
1467,L40547,DCD$1,net.sourceforge.pmd.dcd.DCD$1,L40543,L103,C:\Users\domco\Desktop\DP\repos\pmd\pmd-core\src\main\java\net\sourceforge\pmd\dcd\DCD.java,100,58,110,10,0.0,0,0,0,0.0,0.0,0,0,1,1,1,2,0,0,0,0,1,0.0,0.0909091,1,0,0,2,0.0909091,1,0,0,0,0,0,10,11,0,0,0,0,1,0,1,0,1,3,0,1,0,10,11,0,0,0,0,1,0,1,0,1,3,0,1,0,0,0,5,0,0,0,0,0,0,0,0,0,5,0,0,0,0,0,0,0,0
1468,L41078,UsageGraphBuilder$MyClassVisitor,net.sourceforge.pmd.dcd.graph.UsageGraphBuilder$MyClassVisitor,L40565,L103,C:\Users\domco\Desktop\DP\repos\pmd\pmd-core\src\main\java\net\sourceforge\pmd\dcd\graph\UsageGraphBuilder.java,79,5,206,6,0.0,0,0,0,0.0,0.0,0,0,1,2,2,24,5,1,1,11,23,0.1,0.00862069,1,1,1,9,0.00862069,1,0,0,0,0,0,115,128,2,0,2,0,12,0,9,0,12,65,0,9,0,115,128,2,0,2,0,12,0,9,0,12,65,0,9,0,0,0,28,4,0,0,0,0,0,0,0,0,27,0,4,0,0,0,0,1,0
1469,L41141,UsageGraphBuilder$MyMethodVisitor,net.sourceforge.pmd.dcd.graph.UsageGraphBuilder$MyMethodVisitor,L40565,L103,C:\Users\domco\Desktop\DP\repos\pmd\pmd-core\src\main\java\net\sourceforge\pmd\dcd\graph\UsageGraphBuilder.java,212,5,465,6,0.0,0,0,0,0.0,0.0,0,0,1,1,1,53,4,1,1,7,34,0.0,0.0,0,0,0,26,0.0,0,0,0,0,0,0,226,254,2,0,2,0,27,0,25,0,27,118,0,25,0,226,254,2,0,2,0,27,0,25,0,27,118,0,25,0,0,0,61,1,1,0,0,1,0,0,0,0,57,0,1,0,0,0,0,4,0
1470,L42480,BooleanMultiProperty$1,net.sourceforge.pmd.properties.BooleanMultiProperty$1,L42465,L103,C:\Users\domco\Desktop\DP\repos\pmd\pmd-core\src\main\java\net\sourceforge\pmd\properties\BooleanMultiProperty.java,70,157,75,10,0.0,0,0,0,0.0,0.0,0,0,1,0,0,1,5,0,0,1,2,0.0,0.0,0,0,0,1,0.0,0,3,3,0,0,1,6,6,2,0,0,0,1,0,0,0,10,1,0,3,0,6,6,2,0,0,0,1,0,0,0,10,1,0,3,0,0,0,5,0,0,0,0,0,0,0,0,0,5,0,0,0,0,0,0,0,0
1471,L42560,BooleanProperty$1,net.sourceforge.pmd.properties.BooleanProperty$1,L42548,L103,C:\Users\domco\Desktop\DP\repos\pmd\pmd-core\src\main\java\net\sourceforge\pmd\properties\BooleanProperty.java,68,153,73,10,0.0,0,0,0,0.0,0.0,0,0,1,0,0,1,5,0,0,1,2,0.0,0.0,0,0,0,1,0.0,0,3,3,0,0,1,6,6,2,0,0,0,1,0,0,0,10,1,0,3,0,6,6,2,0,0,0,1,0,0,0,10,1,0,3,0,0,0,5,0,0,0,0,0,0,0,0,0,5,0,0,0,0,0,0,0,0
1472,L42467,"PropertyDescriptorBuilderConversionWrapper$MultiValue<V extends Object, T extends MultiValuePropertyBuilder<V, T>>",net.sourceforge.pmd.properties.builders.PropertyDescriptorBuilderConversionWrapper$MultiValue,L42475,L103,C:\Users\domco\Desktop\DP\repos\pmd\pmd-core\src\main\java\net\sourceforge\pmd\properties\builders\PropertyDescriptorBuilderConversionWrapper.java,101,5,174,6,0.0,0,0,0,0.0,0.0,0,0,2,0,0,3,5,21,4,7,10,0.5,0.24,6,6,1,1,0.290323,18,2,2,5,11,1,19,43,2,0,1,0,3,0,1,0,10,6,0,3,0,44,74,2,0,1,0,7,0,1,0,34,14,0,9,0,0,0,17,0,0,0,0,0,1,0,0,0,16,0,0,0,0,0,0,0,0
1473,L42550,"PropertyDescriptorBuilderConversionWrapper$SingleValue<E extends Object, T extends SingleValuePropertyBuilder<E, T>>",net.sourceforge.pmd.properties.builders.PropertyDescriptorBuilderConversionWrapper$SingleValue,L42475,L103,C:\Users\domco\Desktop\DP\repos\pmd\pmd-core\src\main\java\net\sourceforge\pmd\properties\builders\PropertyDescriptorBuilderConversionWrapper.java,183,5,255,6,0.0,0,0,0,0.0,0.0,0,0,2,0,0,3,4,23,4,4,7,0.5,0.26087,6,6,1,1,0.3,18,2,2,6,12,1,17,42,2,0,1,0,3,0,1,0,10,5,0,3,0,42,73,2,0,1,0,7,0,1,0,34,13,0,9,0,0,0,16,0,0,0,0,0,1,0,0,0,15,0,0,0,0,0,0,0,0
1474,L42987,CharacterMultiProperty$1,net.sourceforge.pmd.properties.CharacterMultiProperty$1,L42976,L103,C:\Users\domco\Desktop\DP\repos\pmd\pmd-core\src\main\java\net\sourceforge\pmd\properties\CharacterMultiProperty.java,98,165,103,10,0.0,0,0,0,0.0,0.0,0,0,1,0,0,1,5,0,0,1,2,0.0,0.0,0,0,0,1,0.0,0,3,3,0,0,1,6,6,2,0,0,0,1,0,0,0,10,1,0,3,0,6,6,2,0,0,0,1,0,0,0,10,1,0,3,0,0,0,5,0,0,0,0,0,0,0,0,0,5,0,0,0,0,0,0,0,0
1475,L43044,CharacterProperty$1,net.sourceforge.pmd.properties.CharacterProperty$1,L43035,L103,C:\Users\domco\Desktop\DP\repos\pmd\pmd-core\src\main\java\net\sourceforge\pmd\properties\CharacterProperty.java,82,161,87,10,0.0,0,0,0,0.0,0.0,0,0,1,0,0,1,5,0,0,1,2,0.0,0.0,0,0,0,1,0.0,0,3,3,0,0,1,6,6,2,0,0,0,1,0,0,0,10,1,0,3,0,6,6,2,0,0,0,1,0,0,0,10,1,0,3,0,0,0,5,0,0,0,0,0,0,0,0,0,5,0,0,0,0,0,0,0,0
1476,L43110,DoubleMultiProperty$1,net.sourceforge.pmd.properties.DoubleMultiProperty$1,L43097,L103,C:\Users\domco\Desktop\DP\repos\pmd\pmd-core\src\main\java\net\sourceforge\pmd\properties\DoubleMultiProperty.java,78,161,83,10,0.0,0,0,0,0.0,0.0,0,0,1,0,0,1,7,0,0,1,2,0.0,0.0,0,0,0,1,0.0,0,4,4,0,0,1,6,6,2,0,0,0,1,0,0,0,12,1,0,3,0,6,6,2,0,0,0,1,0,0,0,12,1,0,3,0,0,0,5,0,0,0,0,0,0,0,0,0,5,0,0,0,0,0,0,0,0
1477,L43182,DoubleProperty$1,net.sourceforge.pmd.properties.DoubleProperty$1,L43171,L103,C:\Users\domco\Desktop\DP\repos\pmd\pmd-core\src\main\java\net\sourceforge\pmd\properties\DoubleProperty.java,92,157,97,10,0.0,0,0,0,0.0,0.0,0,0,1,0,0,1,7,0,0,1,2,0.0,0.0,0,0,0,1,0.0,0,4,4,0,0,1,6,6,2,0,0,0,1,0,0,0,12,1,0,3,0,6,6,2,0,0,0,1,0,0,0,12,1,0,3,0,0,0,5,0,0,0,0,0,0,0,0,0,5,0,0,0,0,0,0,0,0
1478,L43439,FileProperty$1,net.sourceforge.pmd.properties.FileProperty$1,L43428,L103,C:\Users\domco\Desktop\DP\repos\pmd\pmd-core\src\main\java\net\sourceforge\pmd\properties\FileProperty.java,56,141,61,10,0.0,0,0,0,0.0,0.0,0,0,1,0,0,1,5,0,0,1,2,0.0,0.0,0,0,0,1,0.0,0,3,3,0,0,1,6,6,2,0,0,0,1,0,0,0,10,1,0,3,0,6,6,2,0,0,0,1,0,0,0,10,1,0,3,0,0,0,5,0,0,0,0,0,0,0,0,0,5,0,0,0,0,0,0,0,0
1479,L43510,FloatMultiProperty$1,net.sourceforge.pmd.properties.FloatMultiProperty$1,L43499,L103,C:\Users\domco\Desktop\DP\repos\pmd\pmd-core\src\main\java\net\sourceforge\pmd\properties\FloatMultiProperty.java,79,157,84,10,0.0,0,0,0,0.0,0.0,0,0,1,0,0,1,7,0,0,1,2,0.0,0.0,0,0,0,1,0.0,0,4,4,0,0,1,6,6,2,0,0,0,1,0,0,0,12,1,0,3,0,6,6,2,0,0,0,1,0,0,0,12,1,0,3,0,0,0,5,0,0,0,0,0,0,0,0,0,5,0,0,0,0,0,0,0,0
1480,L43572,FloatProperty$1,net.sourceforge.pmd.properties.FloatProperty$1,L43563,L103,C:\Users\domco\Desktop\DP\repos\pmd\pmd-core\src\main\java\net\sourceforge\pmd\properties\FloatProperty.java,80,153,85,10,0.0,0,0,0,0.0,0.0,0,0,1,0,0,1,7,0,0,1,2,0.0,0.0,0,0,0,1,0.0,0,4,4,0,0,1,6,6,2,0,0,0,1,0,0,0,12,1,0,3,0,6,6,2,0,0,0,1,0,0,0,12,1,0,3,0,0,0,5,0,0,0,0,0,0,0,0,0,5,0,0,0,0,0,0,0,0
1481,L43636,IntegerMultiProperty$1,net.sourceforge.pmd.properties.IntegerMultiProperty$1,L43625,L103,C:\Users\domco\Desktop\DP\repos\pmd\pmd-core\src\main\java\net\sourceforge\pmd\properties\IntegerMultiProperty.java,81,165,86,10,0.0,0,0,0,0.0,0.0,0,0,1,0,0,1,7,0,0,1,2,0.0,0.0,0,0,0,1,0.0,0,4,4,0,0,1,6,6,2,0,0,0,1,0,0,0,12,1,0,3,0,6,6,2,0,0,0,1,0,0,0,12,1,0,3,0,0,0,5,0,0,0,0,0,0,0,0,0,5,0,0,0,0,0,0,0,0
1482,L43689,IntegerProperty$1,net.sourceforge.pmd.properties.IntegerProperty$1,L43680,L103,C:\Users\domco\Desktop\DP\repos\pmd\pmd-core\src\main\java\net\sourceforge\pmd\properties\IntegerProperty.java,59,161,64,10,0.0,0,0,0,0.0,0.0,0,0,1,0,0,1,7,0,0,1,2,0.0,0.0,0,0,0,1,0.0,0,4,4,0,0,1,6,6,2,0,0,0,1,0,0,0,12,1,0,3,0,6,6,2,0,0,0,1,0,0,0,12,1,0,3,0,0,0,5,0,0,0,0,0,0,0,0,0,5,0,0,0,0,0,0,0,0
1483,L43755,LongMultiProperty$1,net.sourceforge.pmd.properties.LongMultiProperty$1,L43744,L103,C:\Users\domco\Desktop\DP\repos\pmd\pmd-core\src\main\java\net\sourceforge\pmd\properties\LongMultiProperty.java,79,153,84,10,0.0,0,0,0,0.0,0.0,0,0,1,0,0,1,7,0,0,1,2,0.0,0.0,0,0,0,1,0.0,0,4,4,0,0,1,6,6,2,0,0,0,1,0,0,0,12,1,0,3,0,6,6,2,0,0,0,1,0,0,0,12,1,0,3,0,0,0,5,0,0,0,0,0,0,0,0,0,5,0,0,0,0,0,0,0,0
1484,L43817,LongProperty$1,net.sourceforge.pmd.properties.LongProperty$1,L43808,L103,C:\Users\domco\Desktop\DP\repos\pmd\pmd-core\src\main\java\net\sourceforge\pmd\properties\LongProperty.java,79,149,84,10,0.0,0,0,0,0.0,0.0,0,0,1,0,0,1,7,0,0,1,2,0.0,0.0,0,0,0,1,0.0,0,4,4,0,0,1,6,6,2,0,0,0,1,0,0,0,12,1,0,3,0,6,6,2,0,0,0,1,0,0,0,12,1,0,3,0,0,0,5,0,0,0,0,0,0,0,0,0,5,0,0,0,0,0,0,0,0
1485,L43908,MethodMultiProperty$1,net.sourceforge.pmd.properties.MethodMultiProperty$1,L43897,L103,C:\Users\domco\Desktop\DP\repos\pmd\pmd-core\src\main\java\net\sourceforge\pmd\properties\MethodMultiProperty.java,121,162,126,10,0.0,0,0,0,0.0,0.0,0,0,1,0,0,1,7,0,0,1,2,0.0,0.0,0,0,0,1,0.0,0,4,4,0,0,1,6,6,2,0,0,0,1,0,0,0,12,1,0,3,0,6,6,2,0,0,0,1,0,0,0,12,1,0,3,0,0,0,5,0,0,0,0,0,0,0,0,0,5,0,0,0,0,0,0,0,0
1486,L43976,MethodProperty$1,net.sourceforge.pmd.properties.MethodProperty$1,L43965,L103,C:\Users\domco\Desktop\DP\repos\pmd\pmd-core\src\main\java\net\sourceforge\pmd\properties\MethodProperty.java,90,158,95,10,0.0,0,0,0,0.0,0.0,0,0,1,0,0,1,7,0,0,1,2,0.0,0.0,0,0,0,1,0.0,0,4,4,0,0,1,6,6,2,0,0,0,1,0,0,0,12,1,0,3,0,6,6,2,0,0,0,1,0,0,0,12,1,0,3,0,0,0,5,0,0,0,0,0,0,0,0,0,5,0,0,0,0,0,0,0,0
1487,L44430,StringMultiProperty$1,net.sourceforge.pmd.properties.StringMultiProperty$1,L44276,L103,C:\Users\domco\Desktop\DP\repos\pmd\pmd-core\src\main\java\net\sourceforge\pmd\properties\StringMultiProperty.java,141,153,146,10,0.0,0,0,0,0.0,0.0,0,0,1,0,0,1,5,0,0,1,2,0.0,0.0,0,0,0,1,0.0,0,3,3,0,0,1,6,6,2,0,0,0,1,0,0,0,10,1,0,3,0,6,6,2,0,0,0,1,0,0,0,10,1,0,3,0,0,0,5,0,0,0,0,0,0,0,0,0,5,0,0,0,0,0,0,0,0
1488,L44473,StringProperty$1,net.sourceforge.pmd.properties.StringProperty$1,L44271,L103,C:\Users\domco\Desktop\DP\repos\pmd\pmd-core\src\main\java\net\sourceforge\pmd\properties\StringProperty.java,52,149,57,10,0.0,0,0,0,0.0,0.0,0,0,1,0,0,1,5,0,0,1,2,0.0,0.0,0,0,0,1,0.0,0,3,3,0,0,1,6,6,2,0,0,0,1,0,0,0,10,1,0,3,0,6,6,2,0,0,0,1,0,0,0,10,1,0,3,0,0,0,5,0,0,0,0,0,0,0,0,0,5,0,0,0,0,0,0,0,0
1489,L44539,TypeMultiProperty$1,net.sourceforge.pmd.properties.TypeMultiProperty$1,L44306,L103,C:\Users\domco\Desktop\DP\repos\pmd\pmd-core\src\main\java\net\sourceforge\pmd\properties\TypeMultiProperty.java,100,157,105,10,0.0,0,0,0,0.0,0.0,0,0,1,0,0,1,7,0,0,1,2,0.0,0.0,0,0,0,1,0.0,0,4,4,0,0,1,6,6,2,0,0,0,1,0,0,0,12,1,0,3,0,6,6,2,0,0,0,1,0,0,0,12,1,0,3,0,0,0,5,0,0,0,0,0,0,0,0,0,5,0,0,0,0,0,0,0,0
1490,L44599,TypeProperty$1,net.sourceforge.pmd.properties.TypeProperty$1,L44301,L103,C:\Users\domco\Desktop\DP\repos\pmd\pmd-core\src\main\java\net\sourceforge\pmd\properties\TypeProperty.java,83,153,88,10,0.0,0,0,0,0.0,0.0,0,0,1,0,0,1,7,0,0,1,2,0.0,0.0,0,0,0,1,0.0,0,4,4,0,0,1,6,6,2,0,0,0,1,0,0,0,12,1,0,3,0,6,6,2,0,0,0,1,0,0,0,12,1,0,3,0,0,0,5,0,0,0,0,0,0,0,0,0,5,0,0,0,0,0,0,0,0
1491,L44701,ValueParserConstants$11,net.sourceforge.pmd.properties.ValueParserConstants$11,L42752,L103,C:\Users\domco\Desktop\DP\repos\pmd\pmd-core\src\main\java\net\sourceforge\pmd\properties\ValueParserConstants.java,235,43,240,10,0.0,0,0,0,0.0,0.0,0,0,1,0,0,1,2,0,0,1,2,0.0,0.0,0,0,0,2,0.0,0,1,1,0,0,1,6,6,0,0,0,0,1,0,1,0,1,1,0,1,0,6,6,0,0,0,0,1,0,1,0,1,1,0,1,0,0,0,5,0,0,0,0,0,0,0,0,0,5,0,0,0,0,0,0,0,0
1492,L45489,CodeClimateIssue$Location$Lines,net.sourceforge.pmd.renderers.CodeClimateIssue$Location$Lines,L45481,L103,C:\Users\domco\Desktop\DP\repos\pmd\pmd-core\src\main\java\net\sourceforge\pmd\renderers\CodeClimateIssue.java,30,9,33,10,0.0,0,0,0,0.0,0.0,0,0,0,0,0,0,0,1,0,0,0,0.0,0.0,0,0,0,1,0.0,0,0,0,0,0,0,4,4,2,0,2,0,0,2,0,0,0,0,2,0,0,4,4,2,0,2,0,0,2,0,0,0,0,2,0,0,0,0,7,0,0,0,0,0,0,0,0,0,3,0,0,0,0,0,0,4,0
1493,L46334,PapariTextRendererTest$1,net.sourceforge.pmd.renderers.PapariTextRendererTest$1,L46331,L103,C:\Users\domco\Desktop\DP\repos\pmd\pmd-core\src\test\java\net\sourceforge\pmd\renderers\PapariTextRendererTest.java,26,60,31,10,0.0,0,0,0,0.0,0.0,0,0,0,0,0,1,1,0,0,0,1,0.0,0.0,0,0,0,1,0.0,0,5,6,0,0,1,6,6,18,12,0,1,1,0,0,0,39,1,2,30,6,6,6,18,12,0,1,1,0,0,0,39,1,2,30,6,0,0,9,0,0,0,0,0,0,0,0,0,5,0,0,1,0,0,0,3,0
1494,L49340,Designer$ExceptionNode,net.sourceforge.pmd.util.designer.Designer$ExceptionNode,L49274,L103,C:\Users\domco\Desktop\DP\repos\pmd\pmd-core\src\main\java\net\sourceforge\pmd\util\designer\Designer.java,259,5,340,6,0.200957,1,1,1,0.170732,0.184615,14,12,2,2,2,15,2,3,2,0,10,0.0,0.0175439,1,1,0,9,0.0151515,1,0,0,0,0,0,56,71,2,5,2,5,10,0,8,0,10,24,0,8,0,65,82,3,5,3,5,12,0,10,0,12,26,0,10,0,0,0,57,0,3,0,26,1,1,0,0,1,30,0,0,0,0,1,0,0,0
1495,L49377,Designer$ASTTreeNode,net.sourceforge.pmd.util.designer.Designer$ASTTreeNode,L49274,L103,C:\Users\domco\Desktop\DP\repos\pmd\pmd-core\src\main\java\net\sourceforge\pmd\util\designer\Designer.java,344,5,459,6,0.121037,1,1,1,0.12069,0.126316,14,12,1,2,2,21,8,5,4,14,27,0.0833333,0.0337079,3,2,1,11,0.0306122,3,0,0,0,0,0,86,105,3,8,3,8,13,0,11,0,13,43,0,11,0,95,116,4,8,4,8,15,0,13,0,15,45,0,13,0,0,0,60,1,3,0,23,1,0,0,0,1,36,0,0,0,0,2,0,1,0
1496,L49278,Designer$TreeWidget,net.sourceforge.pmd.util.designer.Designer$TreeWidget,L49274,L103,C:\Users\domco\Desktop\DP\repos\pmd\pmd-core\src\main\java\net\sourceforge\pmd\util\designer\Designer.java,471,5,530,6,0.0,0,0,0,0.0,0.0,0,0,2,2,2,13,2,1,2,3,8,0.25,0.0545455,3,2,1,3,0.0545455,3,0,0,0,0,0,52,60,1,1,1,1,5,0,3,0,5,27,0,3,0,52,60,1,1,1,1,5,0,3,0,5,27,0,3,0,0,0,15,0,1,1,0,0,1,0,0,0,13,0,0,0,0,0,0,1,0
1497,L49460,Designer$ShowListener,net.sourceforge.pmd.util.designer.Designer$ShowListener,L49274,L103,C:\Users\domco\Desktop\DP\repos\pmd\pmd-core\src\main\java\net\sourceforge\pmd\util\designer\Designer.java,547,5,561,6,0.0,0,0,0,0.0,0.0,0,0,1,1,1,2,5,1,0,5,6,0.0,0.0,0,0,0,2,0.0,0,0,0,0,0,0,14,15,0,0,0,0,1,0,1,0,1,7,0,1,0,14,15,0,0,0,0,1,0,1,0,1,7,0,1,0,0,0,5,0,0,0,0,0,0,0,0,0,5,0,0,0,0,0,0,0,0
1498,L49467,Designer$DFAListener,net.sourceforge.pmd.util.designer.Designer$DFAListener,L49274,L103,C:\Users\domco\Desktop\DP\repos\pmd\pmd-core\src\main\java\net\sourceforge\pmd\util\designer\Designer.java,563,5,592,6,0.0,0,0,0,0.0,0.0,0,0,1,2,2,5,13,1,0,15,16,0.0,0.0740741,2,0,0,2,0.0740741,2,0,0,0,0,0,25,30,0,0,0,0,1,0,1,0,1,16,0,1,0,25,30,0,0,0,0,1,0,1,0,1,16,0,1,0,0,0,7,2,0,1,0,0,0,0,2,1,5,0,0,0,0,0,0,0,0
1499,L49475,Designer$XPathListener,net.sourceforge.pmd.util.designer.Designer$XPathListener,L49274,L103,C:\Users\domco\Desktop\DP\repos\pmd\pmd-core\src\main\java\net\sourceforge\pmd\util\designer\Designer.java,594,5,637,6,0.0,0,0,0,0.0,0.0,0,0,1,2,2,4,10,1,0,14,15,0.0,0.0,0,0,0,2,0.0,0,0,0,0,0,0,35,40,0,0,0,0,1,0,1,0,1,25,0,1,0,39,44,25,20,0,0,2,0,2,0,86,26,4,80,22,0,0,23,0,0,0,0,0,0,0,1,0,10,0,0,0,0,0,0,12,0
1500,L49490,Designer$SymbolTableListener,net.sourceforge.pmd.util.designer.Designer$SymbolTableListener,L49274,L103,C:\Users\domco\Desktop\DP\repos\pmd\pmd-core\src\main\java\net\sourceforge\pmd\util\designer\Designer.java,639,5,685,6,0.0,0,0,0,0.0,0.0,0,0,1,4,4,7,5,1,0,6,7,0.0,0.0,0,0,0,2,0.0,0,0,0,0,0,0,43,47,0,0,0,0,1,0,1,0,1,29,0,1,0,43,47,0,0,0,0,1,0,1,0,1,29,0,1,0,0,0,7,0,1,1,0,0,0,2,0,0,5,0,0,0,0,0,0,0,0
1501,L49502,Designer$CodeHighlightListener,net.sourceforge.pmd.util.designer.Designer$CodeHighlightListener,L49274,L103,C:\Users\domco\Desktop\DP\repos\pmd\pmd-core\src\main\java\net\sourceforge\pmd\util\designer\Designer.java,687,5,697,6,0.0,0,0,0,0.0,0.0,0,0,1,2,2,3,3,1,0,1,2,0.0,0.0,0,0,0,2,0.0,0,0,0,0,0,0,11,11,0,0,0,0,1,0,1,0,1,4,0,1,0,11,11,0,0,0,0,1,0,1,0,1,4,0,1,0,0,0,5,0,0,0,0,0,0,0,0,0,5,0,0,0,0,0,0,0,0
1502,L49507,Designer$ASTListCellRenderer,net.sourceforge.pmd.util.designer.Designer$ASTListCellRenderer,L49274,L103,C:\Users\domco\Desktop\DP\repos\pmd\pmd-core\src\main\java\net\sourceforge\pmd\util\designer\Designer.java,699,5,731,6,0.0,0,0,0,0.0,0.0,0,0,0,2,2,4,2,1,0,2,3,0.0,0.0,0,0,0,2,0.0,0,0,0,0,0,0,30,33,1,1,1,1,1,0,1,0,1,17,0,1,0,30,33,1,1,1,1,1,0,1,0,1,17,0,1,0,0,0,5,0,0,0,0,0,0,0,0,0,5,0,0,0,0,0,0,0,0
1503,L49520,Designer$ASTSelectionListener,net.sourceforge.pmd.util.designer.Designer$ASTSelectionListener,L49274,L103,C:\Users\domco\Desktop\DP\repos\pmd\pmd-core\src\main\java\net\sourceforge\pmd\util\designer\Designer.java,733,5,744,6,0.0,0,0,0,0.0,0.0,0,0,1,2,2,3,3,1,0,1,2,0.0,0.0,0,0,0,2,0.0,0,0,0,0,0,0,12,12,0,0,0,0,1,0,1,0,1,5,0,1,0,12,12,0,0,0,0,1,0,1,0,1,5,0,1,0,0,0,5,0,0,0,0,0,0,0,0,0,5,0,0,0,0,0,0,0,0
1504,L49608,DFAPanel$DFACanvas,net.sourceforge.pmd.util.designer.DFAPanel$DFACanvas,L49289,L103,C:\Users\domco\Desktop\DP\repos\pmd\pmd-core\src\main\java\net\sourceforge\pmd\util\designer\DFAPanel.java,35,5,244,6,0.0,0,0,0,0.0,0.0,0,0,1,3,2,36,5,1,2,12,22,0.0,0.0292398,5,0,0,4,0.0292398,5,0,0,0,0,0,166,210,6,0,6,0,10,0,3,2,10,123,0,3,2,166,210,6,0,6,0,10,0,3,2,10,123,0,3,2,0,0,25,1,0,0,0,0,0,0,1,0,23,0,1,0,0,0,0,1,0
1505,L49661,DFAPanel$ElementWrapper,net.sourceforge.pmd.util.designer.DFAPanel$ElementWrapper,L49289,L103,C:\Users\domco\Desktop\DP\repos\pmd\pmd-core\src\main\java\net\sourceforge\pmd\util\designer\DFAPanel.java,246,5,261,6,0.0,0,0,0,0.0,0.0,0,0,1,0,0,3,1,1,2,1,4,0.0,0.0,0,0,0,3,0.0,0,0,0,0,0,0,13,16,1,1,1,1,3,0,2,0,3,3,0,2,0,13,16,1,1,1,1,3,0,2,0,3,3,0,2,0,0,0,9,0,1,0,0,0,0,0,0,1,9,0,0,0,0,0,0,0,0
1506,L50343,ActionCommands,net.sourceforge.pmd.util.viewer.gui.ActionCommands,L50334,L103,C:\Users\domco\Desktop\DP\repos\pmd\pmd-core\src\main\java\net\sourceforge\pmd\util\viewer\gui\ActionCommands.java,12,1,18,2,0.0,0,0,0,0.0,0.0,0,0,0,0,0,1,0,1,0,0,1,1.0,0.5,6,5,1,0,0.5,6,0,0,0,0,0,6,7,2,0,2,0,1,2,0,0,1,0,2,0,0,6,7,2,0,2,0,1,2,0,0,1,0,2,0,0,0,0,6,0,0,0,0,0,0,0,0,0,2,0,0,0,0,0,0,4,0
1507,L50348,ASTPanel,net.sourceforge.pmd.util.viewer.gui.ASTPanel,L50334,L103,C:\Users\domco\Desktop\DP\repos\pmd\pmd-core\src\main\java\net\sourceforge\pmd\util\viewer\gui\ASTPanel.java,38,1,109,2,0.0,0,0,0,0.0,0.0,0,0,1,3,3,8,6,2,1,9,13,1.0,0.307692,20,18,4,0,0.27027,20,1,1,0,0,1,45,63,2,0,2,0,4,0,3,0,4,25,0,3,0,54,72,2,0,2,0,5,0,4,0,5,30,0,4,0,0,0,9,1,1,0,0,0,0,0,0,1,9,0,1,0,0,0,0,0,0
1508,L50407,EvaluationResultsPanel,net.sourceforge.pmd.util.viewer.gui.EvaluationResultsPanel,L50334,L103,C:\Users\domco\Desktop\DP\repos\pmd\pmd-core\src\main\java\net\sourceforge\pmd\util\viewer\gui\EvaluationResultsPanel.java,28,1,89,2,0.0,0,0,0,0.0,0.0,0,0,1,2,2,6,3,2,1,4,7,1.0,0.333333,17,15,3,0,0.298246,17,1,1,0,0,1,34,56,2,0,2,0,3,0,2,0,3,15,0,2,0,40,62,2,0,2,0,4,0,3,0,4,17,0,3,0,0,0,9,1,1,0,0,0,0,0,0,1,9,0,1,0,0,0,0,0,0
1509,L50432,MainFrame,net.sourceforge.pmd.util.viewer.gui.MainFrame,L50334,L103,C:\Users\domco\Desktop\DP\repos\pmd\pmd-core\src\main\java\net\sourceforge\pmd\util\viewer\gui\MainFrame.java,38,1,193,2,0.194595,1,2,2,0.160256,0.184615,25,24,1,6,2,17,14,1,1,15,21,1.0,0.155844,24,21,4,0,0.155844,24,1,1,0,0,1,130,156,11,1,11,1,6,0,3,1,6,96,0,3,1,130,156,11,1,11,1,6,0,3,1,6,96,0,3,1,0,0,25,2,0,0,12,0,0,2,1,1,8,0,1,0,0,0,0,2,0
1510,L50488,ParseExceptionHandler,net.sourceforge.pmd.util.viewer.gui.ParseExceptionHandler,L50334,L103,C:\Users\domco\Desktop\DP\repos\pmd\pmd-core\src\main\java\net\sourceforge\pmd\util\viewer\gui\ParseExceptionHandler.java,28,1,77,2,0.0,0,0,0,0.0,0.0,0,0,1,1,1,4,1,1,1,1,4,1.0,0.333333,18,17,3,0,0.333333,18,0,0,0,0,0,36,50,2,0,2,0,3,0,2,0,3,22,0,2,0,36,50,2,0,2,0,3,0,2,0,3,22,0,2,0,0,0,2,1,1,0,0,0,0,0,0,1,2,0,1,0,0,0,0,0,0
1511,L50436,SourceCodePanel,net.sourceforge.pmd.util.viewer.gui.SourceCodePanel,L50334,L103,C:\Users\domco\Desktop\DP\repos\pmd\pmd-core\src\main\java\net\sourceforge\pmd\util\viewer\gui\SourceCodePanel.java,30,1,88,2,0.0,0,0,0,0.0,0.0,0,0,2,1,1,5,5,2,2,4,8,0.75,0.348837,15,14,3,1,0.25,15,1,1,0,0,1,28,42,3,1,3,1,4,0,3,0,4,11,0,3,0,45,59,3,1,3,1,5,0,4,0,5,20,0,4,0,0,0,12,2,1,1,0,0,1,0,0,1,11,0,1,0,0,0,0,0,0
1512,L50440,XPathPanel,net.sourceforge.pmd.util.viewer.gui.XPathPanel,L50334,L103,C:\Users\domco\Desktop\DP\repos\pmd\pmd-core\src\main\java\net\sourceforge\pmd\util\viewer\gui\XPathPanel.java,26,1,76,2,0.0,0,0,0,0.0,0.0,0,0,1,2,2,7,5,1,2,6,10,0.75,0.314815,17,15,3,1,0.314815,17,1,1,0,0,1,37,51,2,1,2,1,4,0,3,0,4,18,0,3,0,37,51,2,1,2,1,4,0,3,0,4,18,0,3,0,0,0,7,1,1,0,0,0,0,0,0,1,7,0,1,0,0,0,0,0,0
1513,L50385,ASTModel,net.sourceforge.pmd.util.viewer.model.ASTModel,L50619,L103,C:\Users\domco\Desktop\DP\repos\pmd\pmd-core\src\main\java\net\sourceforge\pmd\util\viewer\model\ASTModel.java,23,1,115,2,0.0,0,0,0,0.0,0.0,0,0,3,2,2,13,1,1,1,2,12,1.0,0.420455,37,36,10,0,0.420455,37,0,0,0,0,0,51,93,2,4,2,4,10,0,9,0,10,17,0,9,0,51,93,2,4,2,4,10,0,9,0,10,17,0,9,0,0,0,5,0,2,0,0,0,1,0,0,2,4,0,0,0,0,0,0,0,0
1514,L50662,AttributeToolkit,net.sourceforge.pmd.util.viewer.model.AttributeToolkit,L50619,L103,C:\Users\domco\Desktop\DP\repos\pmd\pmd-core\src\main\java\net\sourceforge\pmd\util\viewer\model\AttributeToolkit.java,15,1,41,2,0.0,0,0,0,0.0,0.0,0,0,1,0,0,3,1,1,1,2,5,1.0,0.677419,21,20,3,0,0.677419,21,0,0,0,0,0,10,27,0,0,0,0,3,0,2,0,3,2,0,2,0,10,27,0,0,0,0,3,0,2,0,3,2,0,2,0,0,0,2,0,1,0,0,0,0,0,0,1,2,0,0,0,0,0,0,0,0
1515,L50671,SimpleNodeTreeNodeAdapter,net.sourceforge.pmd.util.viewer.model.SimpleNodeTreeNodeAdapter,L50619,L103,C:\Users\domco\Desktop\DP\repos\pmd\pmd-core\src\main\java\net\sourceforge\pmd\util\viewer\model\SimpleNodeTreeNodeAdapter.java,22,1,130,2,0.0,0,0,0,0.0,0.0,0,0,1,2,2,13,1,0,0,2,13,1.0,0.441176,45,44,11,0,0.441176,45,0,0,0,0,0,57,109,3,6,3,6,11,0,10,0,11,21,0,10,0,57,109,3,6,3,6,11,0,10,0,11,21,0,10,0,0,0,1,0,3,0,0,0,0,0,0,2,0,0,1,0,0,0,0,1,0
1516,L50354,ViewerModel,net.sourceforge.pmd.util.viewer.model.ViewerModel,L50619,L103,C:\Users\domco\Desktop\DP\repos\pmd\pmd-core\src\main\java\net\sourceforge\pmd\util\viewer\model\ViewerModel.java,23,1,141,2,0.0,0,0,0,0.0,0.0,0,0,1,2,2,17,8,10,12,7,18,0.545455,0.361111,39,38,6,5,0.361111,39,0,0,0,0,0,69,119,4,2,4,2,11,0,10,0,11,33,0,10,0,69,119,4,2,4,2,11,0,10,0,11,33,0,10,0,0,0,13,1,2,1,0,0,0,0,0,2,13,0,0,0,0,0,0,0,0
1517,L50380,ViewerModelEvent,net.sourceforge.pmd.util.viewer.model.ViewerModelEvent,L50619,L103,C:\Users\domco\Desktop\DP\repos\pmd\pmd-core\src\main\java\net\sourceforge\pmd\util\viewer\model\ViewerModelEvent.java,14,1,75,2,0.0,0,0,0,0.0,0.0,0,0,0,0,0,5,0,7,8,0,5,0.5,0.584615,38,37,3,3,0.584615,38,0,0,0,0,0,27,62,7,3,7,3,5,4,5,0,5,7,4,5,0,27,62,7,3,7,3,5,4,5,0,5,7,4,5,0,0,0,12,0,1,0,0,0,0,0,0,1,7,0,0,0,0,0,0,5,0
1518,L50774,NLS,net.sourceforge.pmd.util.viewer.util.NLS,L50771,L103,C:\Users\domco\Desktop\DP\repos\pmd\pmd-core\src\main\java\net\sourceforge\pmd\util\viewer\util\NLS.java,15,1,35,2,0.0,0,0,0,0.0,0.0,0,0,1,0,0,2,0,6,8,0,2,1.0,0.56,14,13,2,0,0.56,14,0,0,0,0,0,11,21,1,0,1,0,2,0,1,0,2,1,0,1,0,11,21,1,0,1,0,2,0,1,0,2,1,0,1,0,0,0,2,0,2,0,0,1,0,0,0,1,2,0,0,0,0,0,0,0,0
1519,L51227,ASTManager,net.sourceforge.pmd.util.fxdesigner.model.ASTManager,L51217,L103,C:\Users\domco\Desktop\DP\repos\pmd\pmd-ui\src\main\java\net\sourceforge\pmd\util\fxdesigner\model\ASTManager.java,29,1,121,2,0.0,0,0,0,0.0,0.0,0,0,1,1,1,12,10,1,9,10,16,0.285714,0.307692,24,24,2,5,0.307692,24,0,0,0,0,0,54,93,5,1,5,1,6,0,6,0,6,24,0,6,0,54,93,5,1,5,1,6,0,6,0,6,24,0,6,0,0,1,13,3,2,0,0,0,0,0,0,5,13,0,1,0,0,0,0,0,0
1520,L50915,EventLogger,net.sourceforge.pmd.util.fxdesigner.model.EventLogger,L51217,L103,C:\Users\domco\Desktop\DP\repos\pmd\pmd-ui\src\main\java\net\sourceforge\pmd\util\fxdesigner\model\EventLogger.java,16,1,34,2,0.0,0,0,0,0.0,0.0,0,0,1,0,0,2,1,4,3,0,2,0.666667,0.55,11,11,2,1,0.55,11,0,0,0,0,0,9,19,1,1,1,1,2,0,2,0,2,2,0,2,0,9,19,1,1,1,1,2,0,2,0,2,2,0,2,0,0,0,3,0,1,0,0,0,0,0,0,1,3,0,0,0,0,0,0,0,0
1521,L50929,LogEntry,net.sourceforge.pmd.util.fxdesigner.model.LogEntry,L51217,L103,C:\Users\domco\Desktop\DP\repos\pmd\pmd-ui\src\main\java\net\sourceforge\pmd\util\fxdesigner\model\LogEntry.java,17,1,74,2,0.0,0,0,0,0.0,0.0,0,0,0,0,0,5,1,3,2,0,5,0.166667,0.214286,6,6,1,5,0.139535,6,0,0,0,0,0,22,38,3,4,3,4,5,0,5,0,5,7,0,5,0,37,58,9,4,9,4,7,6,6,0,7,9,6,6,0,0,0,28,0,0,0,0,0,0,0,0,0,20,0,0,0,0,0,0,8,0
1522,L51303,MetricEvaluator,net.sourceforge.pmd.util.fxdesigner.model.MetricEvaluator,L51217,L103,C:\Users\domco\Desktop\DP\repos\pmd\pmd-ui\src\main\java\net\sourceforge\pmd\util\fxdesigner\model\MetricEvaluator.java,28,1,92,2,0.0,0,0,0,0.0,0.0,0,0,1,4,1,13,12,1,1,5,10,1.0,0.263158,15,15,2,0,0.263158,15,0,0,0,0,0,42,65,0,0,0,0,5,0,1,0,5,25,0,1,0,42,65,0,0,0,0,5,0,1,0,5,25,0,1,0,0,0,9,0,0,0,0,0,0,0,1,0,8,0,0,0,0,0,0,0,0
1523,L51309,MetricResult,net.sourceforge.pmd.util.fxdesigner.model.MetricResult,L51217,L103,C:\Users\domco\Desktop\DP\repos\pmd\pmd-ui\src\main\java\net\sourceforge\pmd\util\fxdesigner\model\MetricResult.java,16,1,39,2,0.0,0,0,0,0.0,0.0,0,0,0,0,0,4,1,3,5,0,4,0.25,0.210526,4,4,1,3,0.210526,4,0,0,0,0,0,15,24,1,2,1,2,4,0,3,0,4,4,0,3,0,15,24,1,2,1,2,4,0,3,0,4,4,0,3,0,0,0,11,0,0,0,0,0,0,0,0,0,11,0,0,0,0,0,0,0,0
1524,L51250,ParseAbortedException,net.sourceforge.pmd.util.fxdesigner.model.ParseAbortedException,L51217,L103,C:\Users\domco\Desktop\DP\repos\pmd\pmd-ui\src\main\java\net\sourceforge\pmd\util\fxdesigner\model\ParseAbortedException.java,11,1,16,2,0.0,0,0,0,0.0,0.0,0,0,0,0,0,1,0,2,1,0,1,0.5,0.444444,4,4,1,1,0.444444,4,0,0,0,0,0,5,6,0,0,0,0,1,0,1,0,1,1,0,1,0,5,6,0,0,0,0,1,0,1,0,1,1,0,1,0,0,0,3,1,0,0,0,0,0,0,0,0,3,0,1,0,0,0,0,0,0
1525,L51360,XPathEvaluationException,net.sourceforge.pmd.util.fxdesigner.model.XPathEvaluationException,L51217,L103,C:\Users\domco\Desktop\DP\repos\pmd\pmd-ui\src\main\java\net\sourceforge\pmd\util\fxdesigner\model\XPathEvaluationException.java,8,1,14,2,0.0,0,0,0,0.0,0.0,0,0,0,0,0,1,0,2,1,0,1,0.5,0.166667,1,1,1,1,0.166667,1,0,0,0,0,0,5,7,0,0,0,0,1,0,1,0,1,1,0,1,0,5,7,0,0,0,0,1,0,1,0,1,1,0,1,0,0,0,5,1,0,0,0,0,0,0,0,0,5,0,1,0,0,0,0,0,0
1526,L51364,XPathEvaluator,net.sourceforge.pmd.util.fxdesigner.model.XPathEvaluator,L51217,L103,C:\Users\domco\Desktop\DP\repos\pmd\pmd-ui\src\main\java\net\sourceforge\pmd\util\fxdesigner\model\XPathEvaluator.java,31,1,99,2,0.0,0,0,0,0.0,0.0,0,0,1,1,1,5,9,1,3,13,16,0.5,0.3,15,15,2,2,0.277778,15,0,0,0,0,0,35,65,1,1,1,1,3,0,3,0,3,20,0,3,0,39,69,26,21,1,1,4,0,4,0,88,21,4,82,22,0,0,24,1,0,0,0,0,0,0,1,1,11,0,0,0,0,0,0,12,0
1527,L52025,DesignerUtil,net.sourceforge.pmd.util.fxdesigner.util.DesignerUtil,L51512,L103,C:\Users\domco\Desktop\DP\repos\pmd\pmd-ui\src\main\java\net\sourceforge\pmd\util\fxdesigner\util\DesignerUtil.java,28,1,95,2,0.262136,1,4,1,0.147059,0.217391,10,10,0,4,4,12,4,2,5,5,10,0.5,0.163636,9,9,2,2,0.163636,9,0,0,0,0,0,46,68,4,4,4,4,5,0,3,0,5,20,0,3,0,46,68,4,4,4,4,5,0,3,0,5,20,0,3,0,0,2,23,2,1,1,10,0,0,2,0,1,11,0,0,0,2,1,0,0,0
1528,L51052,LimitedSizeStack<E extends Object>,net.sourceforge.pmd.util.fxdesigner.util.LimitedSizeStack,L51512,L103,C:\Users\domco\Desktop\DP\repos\pmd\pmd-ui\src\main\java\net\sourceforge\pmd\util\fxdesigner\util\LimitedSizeStack.java,17,1,45,2,0.0,0,0,0,0.0,0.0,0,0,1,1,1,5,0,0,0,0,2,0.333333,0.285714,8,8,1,2,0.285714,8,0,0,0,0,0,20,29,1,0,1,0,2,0,2,0,2,9,0,2,0,20,29,1,0,1,0,2,0,2,0,2,9,0,2,0,0,0,5,1,0,0,0,0,0,0,0,0,5,0,1,0,0,0,0,0,0
1529,L53096,GenerateRuleDocsCmd$1,net.sourceforge.pmd.docs.GenerateRuleDocsCmd$1,L53079,L103,C:\Users\domco\Desktop\DP\repos\pmd\pmd-doc\src\main\java\net\sourceforge\pmd\docs\GenerateRuleDocsCmd.java,47,72,56,14,0.0,0,0,0,0.0,0.0,0,0,1,1,1,2,0,0,0,0,1,0.0,0.0,0,0,0,2,0.0,0,0,0,0,0,0,9,10,0,0,0,0,1,0,1,0,1,3,0,1,0,9,10,0,0,0,0,1,0,1,0,1,3,0,1,0,0,0,5,0,0,0,0,0,0,0,0,0,5,0,0,0,0,0,0,0,0
1530,L53166,RuleDocGenerator$1,net.sourceforge.pmd.docs.RuleDocGenerator$1,L53128,L103,C:\Users\domco\Desktop\DP\repos\pmd\pmd-doc\src\main\java\net\sourceforge\pmd\docs\RuleDocGenerator.java,141,79,146,14,0.0,0,0,0,0.0,0.0,0,0,1,0,0,1,1,0,0,1,2,0.0,0.0,0,0,0,2,0.0,0,0,0,0,0,0,6,6,0,0,0,0,1,0,1,0,1,1,0,1,0,6,6,0,0,0,0,1,0,1,0,1,1,0,1,0,0,0,5,0,0,0,0,0,0,0,0,0,5,0,0,0,0,0,0,0,0
1531,L53231,RuleDocGenerator$2,net.sourceforge.pmd.docs.RuleDocGenerator$2,L53190,L103,C:\Users\domco\Desktop\DP\repos\pmd\pmd-doc\src\main\java\net\sourceforge\pmd\docs\RuleDocGenerator.java,500,62,505,10,0.0,0,0,0,0.0,0.0,0,0,1,0,0,1,1,0,0,1,2,0.0,0.0,0,0,0,2,0.0,0,0,0,0,0,0,6,6,0,0,0,0,1,0,1,0,1,1,0,1,0,6,6,0,0,0,0,1,0,1,0,1,1,0,1,0,0,0,5,0,0,0,0,0,0,0,0,0,5,0,0,0,0,0,0,0,0
1532,L53245,RuleDocGenerator$3,net.sourceforge.pmd.docs.RuleDocGenerator$3,L53208,L103,C:\Users\domco\Desktop\DP\repos\pmd\pmd-doc\src\main\java\net\sourceforge\pmd\docs\RuleDocGenerator.java,521,64,531,10,1.0,1,2,1,1.0,1.0,11,11,1,1,1,3,0,0,0,0,1,0.0,0.0,0,0,0,2,0.0,0,0,0,0,0,0,11,11,0,0,0,0,1,0,1,0,1,5,0,1,0,11,11,0,0,0,0,1,0,1,0,1,5,0,1,0,0,0,15,0,0,0,10,0,0,0,0,0,5,0,0,0,0,0,0,0,0
1533,L53258,RuleDocGenerator$4,net.sourceforge.pmd.docs.RuleDocGenerator$4,L53216,L103,C:\Users\domco\Desktop\DP\repos\pmd\pmd-doc\src\main\java\net\sourceforge\pmd\docs\RuleDocGenerator.java,546,64,556,10,1.0,1,2,1,1.0,1.0,11,11,1,1,1,3,0,0,0,0,1,0.0,0.0,0,0,0,2,0.0,0,0,0,0,0,0,11,11,0,0,0,0,1,0,1,0,1,5,0,1,0,11,11,0,0,0,0,1,0,1,0,1,5,0,1,0,0,0,15,0,0,0,10,0,0,0,0,0,5,0,0,0,0,0,0,0,0
1534,L53347,RuleDocGeneratorTest$1,net.sourceforge.pmd.docs.RuleDocGeneratorTest$1,L53344,L103,C:\Users\domco\Desktop\DP\repos\pmd\pmd-doc\src\test\java\net\sourceforge\pmd\docs\RuleDocGeneratorTest.java,48,64,60,10,0.0,0,0,0,0.0,0.0,0,0,2,0,0,2,0,0,0,0,2,0.0,0.0,0,0,0,3,0.0,0,0,0,0,0,0,12,13,0,0,0,0,2,0,2,0,2,4,0,2,0,12,13,0,0,0,0,2,0,2,0,2,4,0,2,0,0,0,8,0,0,0,0,0,1,0,0,0,7,0,0,0,0,0,0,0,0
1535,L53517,UsesJavaStreams$ImplWithStaticAndDefaultMethod,net.sourceforge.pmd.typeresolution.testdata.UsesJavaStreams$ImplWithStaticAndDefaultMethod,L14010,L103,C:\Users\domco\Desktop\DP\repos\pmd\pmd-java8\src\test\java\net\sourceforge\pmd\typeresolution\testdata\UsesJavaStreams.java,16,5,17,6,0.0,0,0,0,0.0,0.0,0,0,0,0,0,0,1,1,0,0,0,0.0,0.0,0,0,0,1,0.0,0,1,1,0,0,1,2,2,0,0,0,0,0,0,0,0,2,0,0,2,0,2,2,0,0,0,0,0,0,0,0,2,0,0,2,0,0,0,3,0,0,0,0,0,0,0,0,0,3,0,0,0,0,0,0,0,0
1536,L53566,AnonymousClassFromInterface$1,net.sourceforge.pmd.typeresolution.testdata.AnonymousClassFromInterface$1,L53560,L103,C:\Users\domco\Desktop\DP\repos\pmd\pmd-java\src\test\java\net\sourceforge\pmd\typeresolution\testdata\AnonymousClassFromInterface.java,11,71,16,6,0.0,0,0,0,0.0,0.0,0,0,1,0,0,1,0,0,0,0,1,0.0,0.0,0,0,0,2,0.0,0,0,0,0,0,0,6,6,0,0,0,0,1,0,1,0,1,1,0,1,0,6,6,0,0,0,0,1,0,1,0,1,1,0,1,0,0,0,5,0,0,0,0,0,0,0,0,0,5,0,0,0,0,0,0,0,0
1537,L53580,AnonymousInnerClass$1,net.sourceforge.pmd.typeresolution.testdata.AnonymousInnerClass$1,L53571,L103,C:\Users\domco\Desktop\DP\repos\pmd\pmd-java\src\test\java\net\sourceforge\pmd\typeresolution\testdata\AnonymousInnerClass.java,11,52,21,6,0.0,0,0,0,0.0,0.0,0,0,2,0,0,2,0,0,0,0,2,0.0,0.0,0,0,0,3,0.0,0,0,0,0,0,0,10,11,0,0,0,0,2,0,2,0,2,2,0,2,0,10,11,0,0,0,0,2,0,2,0,2,2,0,2,0,0,0,8,0,0,0,0,0,1,0,0,0,7,0,0,0,0,0,0,0,0
1538,L53551,AbstractReturnType,net.sourceforge.pmd.typeresolution.testdata.dummytypes.AbstractReturnType,L53613,L103,C:\Users\domco\Desktop\DP\repos\pmd\pmd-java\src\test\java\net\sourceforge\pmd\typeresolution\testdata\dummytypes\AbstractReturnType.java,10,1,15,2,0.0,0,0,0,0.0,0.0,0,0,0,0,0,1,0,1,1,0,1,0.0,0.0,0,0,0,2,0.0,0,0,0,0,0,0,5,6,0,1,0,1,1,0,1,0,1,1,0,1,0,5,6,0,1,0,1,1,0,1,0,1,1,0,1,0,0,0,5,0,0,0,0,0,0,0,0,0,5,0,0,0,0,0,0,0,0
1539,L53663,"GenericClass<T extends Object, S extends Object>",net.sourceforge.pmd.typeresolution.testdata.dummytypes.GenericClass,L53613,L103,C:\Users\domco\Desktop\DP\repos\pmd\pmd-java\src\test\java\net\sourceforge\pmd\typeresolution\testdata\dummytypes\GenericClass.java,8,1,12,2,0.0,0,0,0,0.0,0.0,0,0,0,0,0,0,0,12,0,0,0,0.0,0.0,0,0,0,1,0.0,0,0,0,0,0,0,5,5,3,0,3,0,0,3,0,0,0,0,3,0,0,5,5,3,0,3,0,0,3,0,0,0,0,3,0,0,0,0,7,0,0,0,0,0,0,0,0,0,3,0,0,0,0,0,0,4,0
1540,L53679,"GenericClass2<A extends Integer, B extends A, C extends Object, S extends String, D extends GenericClass<A, S>, E extends GenericClass<E, E>, F extends GenericClass2>",net.sourceforge.pmd.typeresolution.testdata.dummytypes.GenericClass2,L53613,L103,C:\Users\domco\Desktop\DP\repos\pmd\pmd-java\src\test\java\net\sourceforge\pmd\typeresolution\testdata\dummytypes\GenericClass2.java,7,1,19,2,0.0,0,0,0,0.0,0.0,0,0,0,0,0,0,1,3,0,0,0,0.0,0.133333,2,0,0,1,0.133333,2,0,0,0,0,0,13,13,7,0,7,0,0,7,0,0,0,0,7,0,0,13,13,7,0,7,0,0,7,0,0,0,0,7,0,0,0,0,8,0,0,0,0,0,0,0,0,0,3,0,0,0,0,0,0,5,0
1541,L53717,GenericSuperClassA<T extends Object>,net.sourceforge.pmd.typeresolution.testdata.dummytypes.GenericSuperClassA,L53613,L103,C:\Users\domco\Desktop\DP\repos\pmd\pmd-java\src\test\java\net\sourceforge\pmd\typeresolution\testdata\dummytypes\GenericSuperClassA.java,7,1,12,2,0.0,0,0,0,0.0,0.0,0,0,0,0,0,0,3,5,0,0,0,0.0,0.0,0,0,0,1,0.0,0,1,1,5,5,1,6,6,5,0,4,0,0,4,0,0,0,0,5,0,0,6,6,5,0,4,0,0,4,0,0,0,0,5,0,0,0,0,7,0,0,0,0,0,0,0,0,0,3,0,0,0,0,0,0,4,0
1542,L53719,"GenericSuperClassB<T extends Object, S extends Object>",net.sourceforge.pmd.typeresolution.testdata.dummytypes.GenericSuperClassB,L53613,L103,C:\Users\domco\Desktop\DP\repos\pmd\pmd-java\src\test\java\net\sourceforge\pmd\typeresolution\testdata\dummytypes\GenericSuperClassB.java,7,1,9,2,0.0,0,0,0,0.0,0.0,0,0,0,0,0,0,0,3,0,0,0,0.0,0.0,0,0,0,1,0.0,0,0,0,1,6,0,3,3,1,0,1,0,0,1,0,0,0,0,1,0,0,3,3,1,0,1,0,0,1,0,0,0,0,1,0,0,0,0,7,0,0,0,0,0,0,0,0,0,3,0,0,0,0,0,0,4,0
1543,L53748,GenericSuperType<T extends Object>,net.sourceforge.pmd.typeresolution.testdata.dummytypes.GenericSuperType,L53613,L103,C:\Users\domco\Desktop\DP\repos\pmd\pmd-java\src\test\java\net\sourceforge\pmd\typeresolution\testdata\dummytypes\GenericSuperType.java,7,1,9,2,0.0,0,0,0,0.0,0.0,0,0,0,0,0,0,0,2,0,0,0,0.0,0.0,0,0,0,1,0.0,0,0,0,1,1,0,2,3,0,0,0,0,0,0,0,0,0,0,0,0,0,2,3,0,0,0,0,0,0,0,0,0,0,0,0,0,0,0,3,0,0,0,0,0,0,0,0,0,3,0,0,0,0,0,0,0,0
1544,L53751,JavaTypeDefinitionEquals<T extends List<JavaTypeDefinitionEquals>>,net.sourceforge.pmd.typeresolution.testdata.dummytypes.JavaTypeDefinitionEquals,L53613,L103,C:\Users\domco\Desktop\DP\repos\pmd\pmd-java\src\test\java\net\sourceforge\pmd\typeresolution\testdata\dummytypes\JavaTypeDefinitionEquals.java,10,1,11,2,0.0,0,0,0,0.0,0.0,0,0,0,0,0,0,0,1,0,0,0,0.0,0.0,0,0,0,1,0.0,0,0,0,0,0,0,2,2,0,0,0,0,0,0,0,0,0,0,0,0,0,2,2,0,0,0,0,0,0,0,0,0,0,0,0,0,0,0,3,0,0,0,0,0,0,0,0,0,3,0,0,0,0,0,0,0,0
1545,L53759,OverloadedMethods,net.sourceforge.pmd.typeresolution.testdata.dummytypes.OverloadedMethods,L53613,L103,C:\Users\domco\Desktop\DP\repos\pmd\pmd-java\src\test\java\net\sourceforge\pmd\typeresolution\testdata\dummytypes\OverloadedMethods.java,7,1,16,2,0.0,0,0,0,0.0,0.0,0,0,2,0,0,2,0,1,1,0,2,0.0,0.0,0,0,0,3,0.0,0,0,0,0,0,0,8,10,0,0,0,0,2,0,2,0,2,2,0,2,0,8,10,0,0,0,0,2,0,2,0,2,2,0,2,0,0,1,8,0,1,1,0,0,1,0,0,0,7,0,1,0,0,0,0,0,0
1546,L53767,ParametrizedSubType,net.sourceforge.pmd.typeresolution.testdata.dummytypes.ParametrizedSubType,L53613,L103,C:\Users\domco\Desktop\DP\repos\pmd\pmd-java\src\test\java\net\sourceforge\pmd\typeresolution\testdata\dummytypes\ParametrizedSubType.java,7,1,9,2,0.0,0,0,0,0.0,0.0,0,0,0,0,0,0,1,1,0,0,0,0.0,0.0,0,0,0,1,0.0,0,1,1,0,0,1,2,3,0,0,0,0,0,0,0,0,0,0,0,0,0,2,3,0,0,0,0,0,0,0,0,0,0,0,0,0,0,0,3,0,0,0,0,0,0,0,0,0,3,0,0,0,0,0,0,0,0
1547,L53775,StaticMembers,net.sourceforge.pmd.typeresolution.testdata.dummytypes.StaticMembers,L53613,L103,C:\Users\domco\Desktop\DP\repos\pmd\pmd-java\src\test\java\net\sourceforge\pmd\typeresolution\testdata\dummytypes\StaticMembers.java,7,1,28,2,0.0,0,0,0,0.0,0.0,0,0,3,0,0,3,1,3,1,0,3,0.0,0.0,0,0,0,4,0.0,0,0,0,0,0,0,17,22,6,0,6,0,3,6,3,0,3,3,6,3,0,17,22,6,0,6,0,3,6,3,0,3,3,6,3,0,0,0,15,0,0,0,0,0,1,0,0,0,9,0,0,0,0,0,0,5,0
1548,L53794,StaticSuper,net.sourceforge.pmd.typeresolution.testdata.dummytypes.StaticSuper,L53613,L103,C:\Users\domco\Desktop\DP\repos\pmd\pmd-java\src\test\java\net\sourceforge\pmd\typeresolution\testdata\dummytypes\StaticSuper.java,7,1,13,2,0.0,0,0,0,0.0,0.0,0,0,1,0,0,1,0,2,1,0,1,0.0,0.0,0,0,0,2,0.0,0,0,0,2,2,0,6,7,1,0,1,0,1,1,1,0,1,1,1,1,0,6,7,1,0,1,0,1,1,1,0,1,1,1,1,0,0,0,9,0,0,0,0,0,0,0,0,0,5,0,0,0,0,0,0,4,0
1549,L53798,SubType,net.sourceforge.pmd.typeresolution.testdata.dummytypes.SubType,L53613,L103,C:\Users\domco\Desktop\DP\repos\pmd\pmd-java\src\test\java\net\sourceforge\pmd\typeresolution\testdata\dummytypes\SubType.java,7,1,13,2,0.0,0,0,0,0.0,0.0,0,0,1,0,0,1,1,1,1,1,2,0.0,0.0,0,0,0,2,0.0,0,1,1,0,0,1,6,7,0,0,0,0,1,0,1,0,2,1,0,2,0,6,7,0,0,0,0,1,0,1,0,2,1,0,2,0,0,0,5,0,1,0,0,0,0,0,0,1,5,0,0,0,0,0,0,0,0
1550,L53808,SuperClassA,net.sourceforge.pmd.typeresolution.testdata.dummytypes.SuperClassA,L53613,L103,C:\Users\domco\Desktop\DP\repos\pmd\pmd-java\src\test\java\net\sourceforge\pmd\typeresolution\testdata\dummytypes\SuperClassA.java,8,1,14,2,0.0,0,0,0,0.0,0.0,0,0,1,0,0,1,1,11,1,0,1,0.0,0.0,0,0,0,2,0.0,0,1,1,4,6,1,6,7,2,0,1,0,1,1,1,0,1,1,2,1,0,6,7,2,0,1,0,1,1,1,0,1,1,2,1,0,0,0,9,0,0,0,0,0,0,0,0,0,5,0,0,0,0,0,0,4,0
1551,L53809,SuperClassA2,net.sourceforge.pmd.typeresolution.testdata.dummytypes.SuperClassA2,L53613,L103,C:\Users\domco\Desktop\DP\repos\pmd\pmd-java\src\test\java\net\sourceforge\pmd\typeresolution\testdata\dummytypes\SuperClassA2.java,8,1,10,2,0.0,0,0,0,0.0,0.0,0,0,0,0,0,0,0,7,0,0,0,0.0,0.0,0,0,0,1,0.0,0,0,0,3,9,0,3,3,1,0,1,0,0,1,0,0,0,0,1,0,0,3,3,1,0,1,0,0,1,0,0,0,0,1,0,0,0,0,7,0,0,0,0,0,0,0,0,0,3,0,0,0,0,0,0,4,0
1552,L53820,SuperClassAOther,net.sourceforge.pmd.typeresolution.testdata.dummytypes.SuperClassAOther,L53613,L103,C:\Users\domco\Desktop\DP\repos\pmd\pmd-java\src\test\java\net\sourceforge\pmd\typeresolution\testdata\dummytypes\SuperClassAOther.java,8,1,9,2,0.0,0,0,0,0.0,0.0,0,0,0,0,0,0,1,3,0,0,0,0.0,0.0,0,0,0,1,0.0,0,1,1,0,0,1,2,2,1,0,0,0,0,0,0,0,0,0,1,0,0,2,2,1,0,0,0,0,0,0,0,0,0,1,0,0,0,0,5,0,0,0,0,0,0,0,0,0,3,0,0,0,0,0,0,2,0
1553,L53822,SuperClassAOther2,net.sourceforge.pmd.typeresolution.testdata.dummytypes.SuperClassAOther2,L53613,L103,C:\Users\domco\Desktop\DP\repos\pmd\pmd-java\src\test\java\net\sourceforge\pmd\typeresolution\testdata\dummytypes\SuperClassAOther2.java,8,1,9,2,0.0,0,0,0,0.0,0.0,0,0,0,0,0,0,1,3,0,0,0,0.0,0.0,0,0,0,1,0.0,0,1,1,0,0,1,2,2,1,0,0,0,0,0,0,0,0,0,1,0,0,2,2,1,0,0,0,0,0,0,0,0,0,1,0,0,0,0,5,0,0,0,0,0,0,0,0,0,3,0,0,0,0,0,0,2,0
1554,L53824,SuperClassB,net.sourceforge.pmd.typeresolution.testdata.dummytypes.SuperClassB,L53613,L103,C:\Users\domco\Desktop\DP\repos\pmd\pmd-java\src\test\java\net\sourceforge\pmd\typeresolution\testdata\dummytypes\SuperClassB.java,8,1,15,2,0.0,0,0,0,0.0,0.0,0,0,1,0,0,1,1,4,1,0,1,0.0,0.0,0,0,0,2,0.0,0,1,1,3,3,1,7,8,3,0,2,0,1,0,1,0,1,1,1,1,0,7,8,3,0,2,0,1,0,1,0,1,1,1,1,0,0,0,7,1,0,1,0,0,0,0,0,0,5,0,0,0,0,0,0,2,0
1555,L53825,SuperClassB2,net.sourceforge.pmd.typeresolution.testdata.dummytypes.SuperClassB2,L53613,L103,C:\Users\domco\Desktop\DP\repos\pmd\pmd-java\src\test\java\net\sourceforge\pmd\typeresolution\testdata\dummytypes\SuperClassB2.java,8,1,10,2,0.0,0,0,0,0.0,0.0,0,0,0,0,0,0,0,3,0,0,0,0.0,0.0,0,0,0,1,0.0,0,0,0,1,4,0,3,3,1,0,1,0,0,1,0,0,0,0,1,0,0,3,3,1,0,1,0,0,1,0,0,0,0,1,0,0,0,0,7,0,0,0,0,0,0,0,0,0,3,0,0,0,0,0,0,4,0
1556,L53799,SuperType,net.sourceforge.pmd.typeresolution.testdata.dummytypes.SuperType,L53613,L103,C:\Users\domco\Desktop\DP\repos\pmd\pmd-java\src\test\java\net\sourceforge\pmd\typeresolution\testdata\dummytypes\SuperType.java,7,1,12,2,0.0,0,0,0,0.0,0.0,0,0,1,0,0,1,0,1,1,0,1,0.0,0.2,1,0,0,2,0.2,1,0,0,1,1,0,4,6,0,0,0,0,1,0,1,0,1,0,0,1,0,4,6,0,0,0,0,1,0,1,0,1,0,0,1,0,0,0,3,0,0,0,0,0,0,0,0,0,3,0,0,0,0,0,0,0,0
1557,L53837,WildcardMethod,net.sourceforge.pmd.typeresolution.testdata.dummytypes.WildcardMethod,L53613,L103,C:\Users\domco\Desktop\DP\repos\pmd\pmd-java\src\test\java\net\sourceforge\pmd\typeresolution\testdata\dummytypes\WildcardMethod.java,7,1,12,2,0.0,0,0,0,0.0,0.0,0,0,1,0,0,1,1,1,1,0,1,0.0,0.0,0,0,0,2,0.0,0,0,0,0,0,0,4,6,0,0,0,0,1,0,1,0,1,0,0,1,0,4,6,0,0,0,0,1,0,1,0,1,0,0,1,0,0,0,5,0,1,0,0,0,0,0,0,0,5,1,0,0,0,0,0,0,0
1558,L53852,EnumWithAnonymousInnerClass$1,net.sourceforge.pmd.typeresolution.testdata.EnumWithAnonymousInnerClass$1,L53844,L103,C:\Users\domco\Desktop\DP\repos\pmd\pmd-java\src\test\java\net\sourceforge\pmd\typeresolution\testdata\EnumWithAnonymousInnerClass.java,8,5,13,6,0.0,0,0,0,0.0,0.0,0,0,1,0,0,1,1,0,0,0,1,0.0,0.0,0,0,0,2,0.0,0,1,1,0,0,1,6,6,3,0,0,0,1,0,1,0,2,1,3,2,0,6,6,3,0,0,0,1,0,1,0,2,1,3,2,0,0,0,7,0,1,0,0,0,0,0,0,1,5,0,0,0,0,0,0,2,0
1559,L53864,EnumWithAnonymousInnerClass$2,net.sourceforge.pmd.typeresolution.testdata.EnumWithAnonymousInnerClass$2,L53844,L103,C:\Users\domco\Desktop\DP\repos\pmd\pmd-java\src\test\java\net\sourceforge\pmd\typeresolution\testdata\EnumWithAnonymousInnerClass.java,23,49,28,6,0.0,0,0,0,0.0,0.0,0,0,1,0,0,1,1,0,0,0,1,0.0,0.0,0,0,0,2,0.0,0,1,1,0,0,1,6,6,0,0,0,0,1,0,1,0,1,1,0,1,0,6,6,0,0,0,0,1,0,1,0,1,1,0,1,0,0,0,5,0,0,0,0,0,0,0,0,0,5,0,0,0,0,0,0,0,0
1560,L53910,FieldAccessGenericNested$Nested,net.sourceforge.pmd.typeresolution.testdata.FieldAccessGenericNested$Nested,L53908,L103,C:\Users\domco\Desktop\DP\repos\pmd\pmd-java\src\test\java\net\sourceforge\pmd\typeresolution\testdata\FieldAccessGenericNested.java,11,5,20,6,0.0,0,0,0,0.0,0.0,0,0,1,0,0,1,1,0,0,0,1,0.0,0.0,0,0,0,1,0.0,0,0,0,0,0,0,9,10,3,0,3,0,1,0,0,0,1,2,0,0,0,9,10,3,0,3,0,1,0,0,0,1,2,0,0,0,0,0,5,0,4,0,0,4,0,0,0,0,5,0,0,0,0,0,0,0,0
1561,L54009,FieldAccessGenericSimple$Nested,net.sourceforge.pmd.typeresolution.testdata.FieldAccessGenericSimple$Nested,L53970,L103,C:\Users\domco\Desktop\DP\repos\pmd\pmd-java\src\test\java\net\sourceforge\pmd\typeresolution\testdata\FieldAccessGenericSimple.java,55,5,59,6,0.0,0,0,0,0.0,0.0,0,0,1,0,0,1,1,0,0,0,1,0.0,0.0,0,0,0,1,0.0,0,2,2,0,0,1,5,5,5,0,0,0,1,0,0,0,1,1,5,0,0,5,5,5,0,0,0,1,0,0,0,1,1,5,0,0,0,0,7,0,1,0,0,1,0,0,0,0,5,0,0,0,0,0,0,2,0
1562,L54016,FieldAccessNested$Nested,net.sourceforge.pmd.typeresolution.testdata.FieldAccessNested$Nested,L54012,L103,C:\Users\domco\Desktop\DP\repos\pmd\pmd-java\src\test\java\net\sourceforge\pmd\typeresolution\testdata\FieldAccessNested.java,19,5,34,6,0.0,0,0,0,0.0,0.0,0,0,1,0,0,1,2,1,0,0,1,0.0,0.307692,4,0,0,2,0.307692,4,0,0,0,0,0,9,16,1,0,1,0,1,0,1,0,1,4,0,1,0,9,16,1,0,1,0,1,0,1,0,1,4,0,1,0,0,0,1,0,1,0,0,1,0,0,0,0,1,0,0,0,0,0,0,0,0
1563,L54030,"FieldAccessPrimaryGenericSimple$Nested<T extends GenericClass<String, Number>>",net.sourceforge.pmd.typeresolution.testdata.FieldAccessPrimaryGenericSimple$Nested,L54022,L103,C:\Users\domco\Desktop\DP\repos\pmd\pmd-java\src\test\java\net\sourceforge\pmd\typeresolution\testdata\FieldAccessPrimaryGenericSimple.java,41,5,48,6,0.0,0,0,0,0.0,0.0,0,0,1,0,0,1,1,0,0,0,1,0.0,0.142857,1,0,0,1,0.142857,1,0,0,0,0,0,6,8,1,0,1,0,1,0,0,0,1,1,0,0,0,6,8,1,0,1,0,1,0,0,0,1,1,0,0,0,0,0,3,0,2,0,0,2,0,0,0,0,3,0,0,0,0,0,0,0,0
1564,L54046,FieldAccessShadow$NestedShadow,net.sourceforge.pmd.typeresolution.testdata.FieldAccessShadow$NestedShadow,L54038,L103,C:\Users\domco\Desktop\DP\repos\pmd\pmd-java\src\test\java\net\sourceforge\pmd\typeresolution\testdata\FieldAccessShadow.java,39,5,50,6,0.0,0,0,0,0.0,0.0,0,0,1,0,0,1,3,0,0,0,1,0.0,0.454545,5,0,0,2,0.454545,5,2,2,0,0,1,6,12,3,0,0,0,1,0,1,0,2,2,1,2,0,6,12,3,0,0,0,1,0,1,0,2,2,1,2,0,0,0,3,0,0,0,0,0,0,0,0,0,1,0,0,0,0,0,0,2,0
1565,L54058,FieldAccessStatic$Nested,net.sourceforge.pmd.typeresolution.testdata.FieldAccessStatic$Nested,L54052,L103,C:\Users\domco\Desktop\DP\repos\pmd\pmd-java\src\test\java\net\sourceforge\pmd\typeresolution\testdata\FieldAccessStatic.java,38,5,52,6,0.0,0,0,0,0.0,0.0,0,0,1,0,0,1,2,0,0,0,1,0.0,0.461538,6,0,0,1,0.461538,6,1,1,0,0,1,7,15,1,0,0,0,1,0,0,0,2,3,1,1,0,7,15,1,0,0,0,1,0,0,0,2,3,1,1,0,0,0,3,0,1,0,0,1,0,0,0,0,1,0,0,0,0,0,0,2,0
1566,L54072,FieldAccessSuper$Nested,net.sourceforge.pmd.typeresolution.testdata.FieldAccessSuper$Nested,L54066,L103,C:\Users\domco\Desktop\DP\repos\pmd\pmd-java\src\test\java\net\sourceforge\pmd\typeresolution\testdata\FieldAccessSuper.java,42,5,63,6,0.0,0,0,0,0.0,0.0,0,0,1,0,0,1,2,1,0,0,1,0.0,0.5,9,0,0,2,0.5,9,2,2,0,0,1,9,22,4,0,1,0,1,0,1,0,2,4,1,2,0,9,22,4,0,1,0,1,0,1,0,2,4,1,2,0,0,0,3,0,1,0,0,1,0,0,0,0,1,0,0,0,0,0,0,2,0
1567,L54115,InnerClass$TheInnerClass,net.sourceforge.pmd.typeresolution.testdata.InnerClass$TheInnerClass,L54113,L103,C:\Users\domco\Desktop\DP\repos\pmd\pmd-java\src\test\java\net\sourceforge\pmd\typeresolution\testdata\InnerClass.java,8,5,9,6,0.0,0,0,0,0.0,0.0,0,0,0,0,0,0,0,1,0,0,0,0.0,0.0,0,0,0,1,0.0,0,0,0,0,0,0,2,2,0,0,0,0,0,0,0,0,0,0,0,0,0,2,2,0,0,0,0,0,0,0,0,0,0,0,0,0,0,0,3,0,0,0,0,0,0,0,0,0,3,0,0,0,0,0,0,0,0
1568,L54160,MethodAccessibility$Nested,net.sourceforge.pmd.typeresolution.testdata.MethodAccessibility$Nested,L54158,L103,C:\Users\domco\Desktop\DP\repos\pmd\pmd-java\src\test\java\net\sourceforge\pmd\typeresolution\testdata\MethodAccessibility.java,11,5,16,6,0.0,0,0,0,0.0,0.0,0,0,1,0,0,1,2,0,0,2,3,0.0,0.0,0,0,0,1,0.0,0,2,2,0,0,1,6,6,3,0,0,0,1,0,0,0,2,2,1,1,0,6,6,3,0,0,0,1,0,0,0,2,2,1,1,0,0,0,7,2,1,2,0,1,0,0,0,0,5,0,0,0,0,0,0,2,0
1569,L54294,MethodStaticAccess$Nested,net.sourceforge.pmd.typeresolution.testdata.MethodStaticAccess$Nested,L54288,L103,C:\Users\domco\Desktop\DP\repos\pmd\pmd-java\src\test\java\net\sourceforge\pmd\typeresolution\testdata\MethodStaticAccess.java,28,5,33,6,0.0,0,0,0,0.0,0.0,0,0,1,0,0,1,1,0,0,1,2,0.0,0.166667,1,0,0,1,0.166667,1,1,1,0,0,1,5,6,1,0,0,0,1,0,0,0,2,1,1,1,0,5,6,1,0,0,0,1,0,0,0,2,1,1,1,0,0,0,5,1,1,1,0,1,0,0,0,0,3,0,0,0,0,0,0,2,0
1570,L54317,NestedAnonymousClass$Bar,net.sourceforge.pmd.typeresolution.testdata.NestedAnonymousClass$Bar,L54315,L103,C:\Users\domco\Desktop\DP\repos\pmd\pmd-java\src\test\java\net\sourceforge\pmd\typeresolution\testdata\NestedAnonymousClass.java,12,5,13,6,0.0,0,0,0,0.0,0.0,0,0,0,0,0,0,0,3,0,0,0,0.0,0.0,0,0,0,1,0.0,0,0,0,0,0,0,2,2,0,0,0,0,0,0,0,0,0,0,0,0,0,2,2,0,0,0,0,0,0,0,0,0,0,0,0,0,0,0,3,0,1,0,0,1,0,0,0,0,3,0,0,0,0,0,0,0,0
1571,L54327,NestedAnonymousClass$1,net.sourceforge.pmd.typeresolution.testdata.NestedAnonymousClass$1,L54315,L103,C:\Users\domco\Desktop\DP\repos\pmd\pmd-java\src\test\java\net\sourceforge\pmd\typeresolution\testdata\NestedAnonymousClass.java,15,88,27,6,0.0,0,0,0,0.0,0.0,0,0,0,0,0,1,3,0,0,0,1,0.0,0.0,0,0,0,2,0.0,0,1,1,0,0,1,7,8,0,1,0,1,1,0,1,0,1,1,0,1,0,12,13,0,1,0,1,2,0,2,0,2,2,0,2,0,0,0,10,0,0,0,0,0,0,0,0,0,10,0,0,0,0,0,0,0,0
1572,L54383,SuperExpression$SuperExprNested,net.sourceforge.pmd.typeresolution.testdata.SuperExpression$SuperExprNested,L54375,L103,C:\Users\domco\Desktop\DP\repos\pmd\pmd-java\src\test\java\net\sourceforge\pmd\typeresolution\testdata\SuperExpression.java,25,5,28,6,0.0,0,0,0,0.0,0.0,0,0,0,0,0,0,2,0,0,0,0,0.0,0.0,0,0,0,1,0.0,0,3,3,0,0,1,4,4,6,0,2,0,0,0,0,0,3,0,2,3,0,4,4,6,0,2,0,0,0,0,0,3,0,2,3,0,0,0,5,0,2,0,0,2,0,0,0,0,3,0,0,0,0,0,0,2,0
1573,L54389,SuperExpression$ThisExprStaticNested,net.sourceforge.pmd.typeresolution.testdata.SuperExpression$ThisExprStaticNested,L54375,L103,C:\Users\domco\Desktop\DP\repos\pmd\pmd-java\src\test\java\net\sourceforge\pmd\typeresolution\testdata\SuperExpression.java,30,5,32,6,0.0,0,0,0,0.0,0.0,0,0,0,0,0,0,1,0,0,0,0,0.0,0.0,0,0,0,1,0.0,0,3,3,0,0,1,3,3,5,0,1,0,0,0,0,0,3,0,2,3,0,3,3,5,0,1,0,0,0,0,0,3,0,2,3,0,0,0,5,0,1,0,0,1,0,0,0,0,3,0,0,0,0,0,0,2,0
1574,L54399,ThisExpression$ThisExprNested,net.sourceforge.pmd.typeresolution.testdata.ThisExpression$ThisExprNested,L54392,L103,C:\Users\domco\Desktop\DP\repos\pmd\pmd-java\src\test\java\net\sourceforge\pmd\typeresolution\testdata\ThisExpression.java,23,5,26,6,0.0,0,0,0,0.0,0.0,0,0,0,0,0,0,1,0,0,0,0,0.0,0.0,0,0,0,1,0.0,0,0,0,0,0,0,4,4,2,0,2,0,0,0,0,0,0,0,0,0,0,4,4,2,0,2,0,0,0,0,0,0,0,0,0,0,0,0,3,0,2,0,0,2,0,0,0,0,3,0,0,0,0,0,0,0,0
1575,L54405,ThisExpression$ThisExprStaticNested,net.sourceforge.pmd.typeresolution.testdata.ThisExpression$ThisExprStaticNested,L54392,L103,C:\Users\domco\Desktop\DP\repos\pmd\pmd-java\src\test\java\net\sourceforge\pmd\typeresolution\testdata\ThisExpression.java,28,5,30,6,0.0,0,0,0,0.0,0.0,0,0,0,0,0,0,0,0,0,0,0,0.0,0.0,0,0,0,1,0.0,0,0,0,0,0,0,3,3,1,0,1,0,0,0,0,0,0,0,0,0,0,3,3,1,0,1,0,0,0,0,0,0,0,0,0,0,0,0,3,0,1,0,0,1,0,0,0,0,3,0,0,0,0,0,0,0,0
1576,L55054,DummyNode,net.sourceforge.pmd.test.lang.ast.DummyNode,L55051,L103,C:\Users\domco\Desktop\DP\repos\pmd\pmd-test\src\main\java\net\sourceforge\pmd\test\lang\ast\DummyNode.java,9,1,18,2,0.0,0,0,0,0.0,0.0,0,0,1,0,0,2,1,1,1,1,3,0.0,0.0,0,0,0,3,0.0,0,2,2,0,0,1,9,10,13,14,0,0,2,0,2,0,53,2,0,50,3,9,10,13,14,0,0,2,0,2,0,53,2,0,50,3,0,0,8,0,0,0,0,0,0,0,0,0,7,0,0,0,0,0,0,1,0
1577,L55065,DummyLanguageModule$DummyRuleChainVisitor,net.sourceforge.pmd.test.lang.DummyLanguageModule$DummyRuleChainVisitor,L55058,L103,C:\Users\domco\Desktop\DP\repos\pmd\pmd-test\src\main\java\net\sourceforge\pmd\test\lang\DummyLanguageModule.java,51,5,68,6,0.735294,1,3,1,0.611111,0.647059,11,11,2,2,2,4,4,1,0,4,6,0.0,0.0,0,0,0,1,0.0,0,2,2,0,0,1,17,18,2,0,0,0,2,0,0,0,7,9,0,2,0,17,18,2,0,0,0,2,0,0,0,7,9,0,2,0,0,0,19,0,0,0,11,0,1,0,0,0,7,0,0,0,0,0,0,0,0
1578,L55068,DummyLanguageModule$Handler,net.sourceforge.pmd.test.lang.DummyLanguageModule$Handler,L55058,L103,C:\Users\domco\Desktop\DP\repos\pmd\pmd-test\src\main\java\net\sourceforge\pmd\test\lang\DummyLanguageModule.java,70,5,104,6,0.873418,1,1,1,0.8,0.806452,28,25,0,0,0,2,5,1,0,0,2,0.0,0.0,0,0,0,3,0.0,0,2,2,0,0,1,11,12,0,12,0,2,2,0,2,0,12,2,0,12,0,31,35,1,15,0,3,6,0,5,0,19,10,0,18,0,0,0,56,0,0,0,37,0,1,0,0,0,18,0,0,0,0,0,0,0,0
1579,L55083,DummyLanguageModule$RuleViolationFactory,net.sourceforge.pmd.test.lang.DummyLanguageModule$RuleViolationFactory,L55058,L103,C:\Users\domco\Desktop\DP\repos\pmd\pmd-test\src\main\java\net\sourceforge\pmd\test\lang\DummyLanguageModule.java,106,5,124,6,0.703704,1,1,1,0.631579,0.647059,12,11,1,0,0,2,6,1,0,1,3,0.0,0.0,0,0,0,1,0.0,0,2,2,0,0,1,14,15,1,0,0,0,2,0,0,0,5,4,0,2,0,17,19,13,12,0,0,2,0,0,0,24,4,0,17,2,0,1,27,0,0,0,16,0,0,0,0,0,10,0,1,0,0,0,0,1,1.0
1580,L55217,RuleTestRunner$1,net.sourceforge.pmd.testframework.RuleTestRunner$1,L55209,L103,C:\Users\domco\Desktop\DP\repos\pmd\pmd-test\src\main\java\net\sourceforge\pmd\testframework\RuleTestRunner.java,69,56,74,10,0.0,0,0,0,0.0,0.0,0,0,1,0,0,1,1,0,0,1,2,0.0,0.0,0,0,0,2,0.0,0,0,0,0,0,0,6,6,0,0,0,0,1,0,1,0,1,1,0,1,0,6,6,0,0,0,0,1,0,1,0,1,1,0,1,0,0,0,5,0,0,0,0,0,0,0,0,0,5,0,0,0,0,0,0,0,0
1581,L55236,RuleTestRunner$2,net.sourceforge.pmd.testframework.RuleTestRunner$2,L55232,L103,C:\Users\domco\Desktop\DP\repos\pmd\pmd-test\src\main\java\net\sourceforge\pmd\testframework\RuleTestRunner.java,113,47,118,10,0.0,0,0,0,0.0,0.0,0,0,1,0,0,1,2,0,0,1,2,0.0,0.0,0,0,0,2,0.0,0,0,0,0,0,0,6,6,0,0,0,0,1,0,1,0,1,1,0,1,0,6,6,0,0,0,0,1,0,1,0,1,1,0,1,0,0,0,5,0,0,0,0,0,0,0,0,0,5,0,0,0,0,0,0,0,0
1582,L55257,RuleTst$1,net.sourceforge.pmd.testframework.RuleTst$1,L9486,L103,C:\Users\domco\Desktop\DP\repos\pmd\pmd-test\src\main\java\net\sourceforge\pmd\testframework\RuleTst.java,66,56,81,14,0.0,0,0,0,0.0,0.0,0,0,3,0,0,3,0,0,0,0,3,0.0,0.0,0,0,0,4,0.0,0,0,0,0,0,0,14,16,0,0,0,0,3,0,3,0,3,3,0,3,0,14,16,0,0,0,0,3,0,3,0,3,3,0,3,0,0,0,10,0,0,0,0,0,1,0,0,0,9,0,0,0,0,0,0,0,0
1583,L55436,RuleTstTest$1,net.sourceforge.pmd.testframework.RuleTstTest$1,L55433,L103,C:\Users\domco\Desktop\DP\repos\pmd\pmd-test\src\test\java\net\sourceforge\pmd\testframework\RuleTstTest.java,27,44,28,10,0.0,0,0,0,0.0,0.0,0,0,0,0,0,0,1,0,0,0,0,0.0,0.0,0,0,0,1,0.0,0,1,1,0,0,1,2,2,1,2,0,0,0,0,0,0,18,0,0,9,0,2,2,1,2,0,0,0,0,0,0,18,0,0,9,0,0,0,3,0,0,0,0,0,0,0,0,0,3,0,0,0,0,0,0,0,0
1584,L1981,GUI$GoListener$1,net.sourceforge.pmd.cpd.GUI$GoListener$1,L1967,L103,C:\Users\domco\Desktop\DP\repos\pmd\pmd-core\src\main\java\net\sourceforge\pmd\cpd\GUI.java,241,39,251,14,0.0,0,0,0,0.0,0.0,0,0,1,0,0,1,1,0,0,1,2,0.0,0.0,0,0,0,2,0.0,0,0,0,0,0,0,11,11,0,0,0,0,1,0,1,0,1,6,0,1,0,11,11,0,0,0,0,1,0,1,0,1,6,0,1,0,0,0,5,0,0,0,0,0,0,0,0,0,5,0,0,0,0,0,0,0,0
1585,L4030,ApexHandler$1,net.sourceforge.pmd.lang.apex.ApexHandler$1,L4021,L103,C:\Users\domco\Desktop\DP\repos\pmd\pmd-apex\src\main\java\net\sourceforge\pmd\lang\apex\ApexHandler.java,33,46,39,10,1.0,1,1,1,1.0,1.0,7,6,2,0,0,2,1,0,0,0,2,0.0,0.0,0,0,0,3,0.0,0,2,2,0,0,1,6,7,1,1,0,0,2,0,2,0,4,0,1,4,0,6,7,1,1,0,0,2,0,2,0,4,0,1,4,0,0,0,25,0,2,0,15,0,1,0,0,0,7,2,0,0,0,0,0,2,0
1586,L4367,ApexParser$TopLevelVisitor,net.sourceforge.pmd.lang.apex.ast.ApexParser$TopLevelVisitor,L4095,L103,C:\Users\domco\Desktop\DP\repos\pmd\pmd-apex\src\main\java\net\sourceforge\pmd\lang\apex\ast\ApexParser.java,74,5,100,6,0.0,0,0,0,0.0,0.0,0,0,1,0,0,5,0,1,1,0,5,0.0,0.0,0,0,0,6,0.0,0,0,0,0,0,0,22,27,1,1,1,1,5,0,5,0,5,5,0,5,0,22,27,1,1,1,1,5,0,5,0,5,5,0,5,0,0,0,13,0,1,0,0,1,0,0,0,0,13,0,0,0,0,0,0,0,0
1587,L6519,TestAccessEvaluator$AllowedPermGuard,net.sourceforge.pmd.lang.apex.ast.TestAccessEvaluator$AllowedPermGuard,L6384,L103,C:\Users\domco\Desktop\DP\repos\pmd\pmd-apex\src\main\java\net\sourceforge\pmd\lang\apex\ast\TestAccessEvaluator.java,313,5,340,6,0.0,0,0,0,0.0,0.0,0,0,1,1,1,7,0,1,2,0,3,0.0,0.0,0,0,0,3,0.0,0,0,0,0,0,0,24,28,2,0,2,0,3,0,2,0,3,9,0,2,0,24,28,2,0,2,0,3,0,2,0,3,9,0,2,0,0,0,9,0,0,0,0,0,0,0,0,0,9,0,0,0,0,0,0,0,0
1588,L6389,TestQueryValidators$Noop,net.sourceforge.pmd.lang.apex.ast.TestQueryValidators$Noop,L6394,L103,C:\Users\domco\Desktop\DP\repos\pmd\pmd-apex\src\main\java\net\sourceforge\pmd\lang\apex\ast\TestQueryValidators.java,42,5,60,6,0.0,0,0,0,0.0,0.0,0,0,2,0,0,2,0,1,0,0,2,0.0,0.0,0,0,0,3,0.0,0,0,0,0,0,0,18,19,0,0,0,0,2,0,2,0,2,2,0,2,0,18,19,0,0,0,0,2,0,2,0,2,2,0,2,0,0,0,8,0,1,0,0,1,1,0,0,0,7,0,0,0,0,0,0,0,0
1589,L6666,TestQueryValidators$Error,net.sourceforge.pmd.lang.apex.ast.TestQueryValidators$Error,L6394,L103,C:\Users\domco\Desktop\DP\repos\pmd\pmd-apex\src\main\java\net\sourceforge\pmd\lang\apex\ast\TestQueryValidators.java,62,5,82,6,0.0,0,0,0,0.0,0.0,0,0,2,0,0,2,0,0,0,0,2,0.0,0.0,0,0,0,3,0.0,0,0,0,0,0,0,20,21,0,0,0,0,2,0,2,0,2,4,0,2,0,20,21,0,0,0,0,2,0,2,0,2,4,0,2,0,0,0,8,0,0,0,0,0,1,0,0,0,7,0,0,0,0,0,0,0,0
1590,L7000,AbstractApexClassMetric,net.sourceforge.pmd.lang.apex.metrics.impl.AbstractApexClassMetric,L6989,L103,C:\Users\domco\Desktop\DP\repos\pmd\pmd-apex\src\main\java\net\sourceforge\pmd\lang\apex\metrics\impl\AbstractApexClassMetric.java,17,1,24,2,0.0,0,0,0,0.0,0.0,0,0,1,0,0,1,5,2,0,1,2,0.5,0.416667,5,5,1,1,0.416667,5,3,4,2,2,2,7,8,0,0,0,0,1,0,1,0,4,1,0,4,0,7,8,0,0,0,0,1,0,1,0,4,1,0,4,0,0,0,4,0,0,0,0,0,0,0,0,0,3,0,0,1,0,0,0,0,0
1591,L7012,AbstractApexOperationMetric,net.sourceforge.pmd.lang.apex.metrics.impl.AbstractApexOperationMetric,L6989,L103,C:\Users\domco\Desktop\DP\repos\pmd\pmd-apex\src\main\java\net\sourceforge\pmd\lang\apex\metrics\impl\AbstractApexOperationMetric.java,17,1,32,2,0.0,0,0,0,0.0,0.0,0,0,1,0,0,2,6,2,0,3,4,1.0,0.65,13,13,2,0,0.65,13,3,4,2,2,2,7,16,0,0,0,0,1,0,1,0,4,1,0,4,0,7,16,0,0,0,0,1,0,1,0,4,1,0,4,0,0,0,1,0,0,0,0,0,0,0,0,0,0,0,0,1,0,0,0,0,0
1592,L6973,CycloMetric,net.sourceforge.pmd.lang.apex.metrics.impl.CycloMetric,L6989,L103,C:\Users\domco\Desktop\DP\repos\pmd\pmd-apex\src\main\java\net\sourceforge\pmd\lang\apex\metrics\impl\CycloMetric.java,25,1,55,2,0.0,0,0,0,0.0,0.0,0,0,2,2,2,6,8,1,5,3,5,0.666667,0.433333,13,13,2,1,0.433333,13,4,5,0,0,1,17,31,0,0,0,0,2,0,2,0,5,8,0,5,0,17,31,0,0,0,0,2,0,2,0,5,8,0,5,0,0,0,4,0,0,0,0,0,1,0,0,0,3,0,0,0,0,0,0,0,0
1593,L6942,WmcMetric,net.sourceforge.pmd.lang.apex.metrics.impl.WmcMetric,L6989,L103,C:\Users\domco\Desktop\DP\repos\pmd\pmd-apex\src\main\java\net\sourceforge\pmd\lang\apex\metrics\impl\WmcMetric.java,18,1,24,2,0.0,0,0,0,0.0,0.0,0,0,1,0,0,1,6,0,0,1,2,0.5,0.454545,5,5,1,1,0.454545,5,4,5,0,0,1,6,7,0,0,0,0,1,0,1,0,4,1,0,4,0,6,7,0,0,0,0,1,0,1,0,4,1,0,4,0,0,0,3,0,0,0,0,0,0,0,0,0,3,0,0,0,0,0,0,0,0
1594,L7104,AbstractApexMetricTestRule,net.sourceforge.pmd.lang.apex.metrics.impl.AbstractApexMetricTestRule,L6989,L103,C:\Users\domco\Desktop\DP\repos\pmd\pmd-apex\src\test\java\net\sourceforge\pmd\lang\apex\metrics\impl\AbstractApexMetricTestRule.java,30,1,153,2,0.0,0,0,0,0.0,0.0,0,0,5,2,2,19,15,2,0,14,23,0.25,0.339623,36,36,1,3,0.339623,36,4,8,2,2,1,70,124,34,21,10,2,9,0,3,0,176,29,5,164,20,70,124,34,21,10,2,9,0,3,0,176,29,5,164,20,0,0,22,3,3,0,0,1,1,0,1,3,7,0,0,1,0,2,0,12,0
1595,L7198,AllMetricsTest,net.sourceforge.pmd.lang.apex.metrics.impl.AllMetricsTest,L6989,L103,C:\Users\domco\Desktop\DP\repos\pmd\pmd-apex\src\test\java\net\sourceforge\pmd\lang\apex\metrics\impl\AllMetricsTest.java,16,1,35,2,0.0,0,0,0,0.0,0.0,0,0,1,0,0,2,3,0,0,2,4,0.5,0.277778,5,5,1,1,0.277778,5,2,2,0,0,1,13,20,3,3,1,0,2,0,1,1,26,4,0,13,2,13,20,3,3,1,0,2,0,1,1,26,4,0,13,2,0,0,5,0,1,0,0,0,0,0,0,0,5,0,1,0,0,0,0,0,0
1596,L7215,CycloTestRule,net.sourceforge.pmd.lang.apex.metrics.impl.CycloTestRule,L6989,L103,C:\Users\domco\Desktop\DP\repos\pmd\pmd-apex\src\test\java\net\sourceforge\pmd\lang\apex\metrics\impl\CycloTestRule.java,15,1,28,2,0.0,0,0,0,0.0,0.0,0,0,0,0,0,2,3,0,0,0,2,1.0,0.333333,5,5,1,0,0.333333,5,5,9,0,0,1,10,14,34,21,0,2,2,0,0,0,176,2,5,164,20,10,14,34,21,0,2,2,0,0,0,176,2,5,164,20,0,0,15,0,0,0,0,0,0,0,0,0,4,0,0,1,0,0,0,10,0
1597,L7223,WmcTestRule,net.sourceforge.pmd.lang.apex.metrics.impl.WmcTestRule,L6989,L103,C:\Users\domco\Desktop\DP\repos\pmd\pmd-apex\src\test\java\net\sourceforge\pmd\lang\apex\metrics\impl\WmcTestRule.java,13,1,31,2,0.0,0,0,0,0.0,0.0,0,0,1,0,0,3,3,0,0,0,3,1.0,0.176471,3,3,1,0,0.176471,3,5,9,0,0,1,14,19,34,21,0,2,3,0,0,0,177,3,5,164,20,14,19,34,21,0,2,3,0,0,0,177,3,5,164,20,0,0,19,0,0,0,0,0,0,0,0,0,8,0,0,1,0,0,0,10,0
1598,L6917,ApexOperationSigMask,net.sourceforge.pmd.lang.apex.metrics.signature.ApexOperationSigMask,L7230,L103,C:\Users\domco\Desktop\DP\repos\pmd\pmd-apex\src\main\java\net\sourceforge\pmd\lang\apex\metrics\signature\ApexOperationSigMask.java,16,1,66,2,0.0,0,0,0,0.0,0.0,0,0,1,0,0,5,3,4,2,0,5,0.833333,0.560976,23,23,5,1,0.560976,23,0,0,0,0,0,18,51,1,0,1,0,5,0,5,0,5,5,0,5,0,18,51,1,0,1,0,5,0,5,0,5,5,0,5,0,0,0,3,0,3,0,0,1,0,0,0,1,3,1,0,0,0,0,0,0,0
1599,L5996,ApexOperationSignature,net.sourceforge.pmd.lang.apex.metrics.signature.ApexOperationSignature,L7230,L103,C:\Users\domco\Desktop\DP\repos\pmd\pmd-apex\src\main\java\net\sourceforge\pmd\lang\apex\metrics\signature\ApexOperationSignature.java,16,1,65,2,0.0,0,0,0,0.0,0.0,0,0,2,1,1,6,5,3,1,2,7,0.5,0.375,15,15,2,2,0.375,15,1,2,0,0,2,25,50,2,0,1,0,5,0,3,0,6,9,1,3,0,25,50,2,0,1,0,5,0,3,0,6,9,1,3,0,0,0,11,0,1,0,0,1,1,0,0,0,7,0,0,1,0,0,0,2,0
1600,L7268,ApexSignature,net.sourceforge.pmd.lang.apex.metrics.signature.ApexSignature,L7230,L103,C:\Users\domco\Desktop\DP\repos\pmd\pmd-apex\src\main\java\net\sourceforge\pmd\lang\apex\metrics\signature\ApexSignature.java,15,1,53,2,0.0,0,0,0,0.0,0.0,0,0,0,0,0,1,1,2,1,0,1,1.0,0.538462,7,7,1,0,0.416667,15,0,0,1,1,0,6,15,1,0,1,0,1,1,0,0,1,1,1,0,0,21,39,5,0,5,0,2,5,1,0,2,9,5,1,0,0,0,8,0,1,1,0,0,0,0,0,0,0,0,0,0,0,0,0,8,0
1601,L7344,ApexProjectMirrorTest$RandomOperationMetric,net.sourceforge.pmd.lang.apex.metrics.ApexProjectMirrorTest$RandomOperationMetric,L7333,L103,C:\Users\domco\Desktop\DP\repos\pmd\pmd-apex\src\test\java\net\sourceforge\pmd\lang\apex\metrics\ApexProjectMirrorTest.java,119,5,128,6,0.0,0,0,0,0.0,0.0,0,0,1,0,0,1,3,0,0,0,1,0.0,0.0,0,0,0,2,0.0,0,4,5,0,0,1,7,10,1,0,1,0,1,0,1,0,4,1,0,4,0,7,10,1,0,1,0,1,0,1,0,4,1,0,4,0,0,0,5,0,1,0,0,0,0,0,0,1,5,0,0,0,0,0,0,0,0
1602,L7340,ApexProjectMirrorTest$RandomClassMetric,net.sourceforge.pmd.lang.apex.metrics.ApexProjectMirrorTest$RandomClassMetric,L7333,L103,C:\Users\domco\Desktop\DP\repos\pmd\pmd-apex\src\test\java\net\sourceforge\pmd\lang\apex\metrics\ApexProjectMirrorTest.java,130,5,139,6,0.0,0,0,0,0.0,0.0,0,0,1,0,0,1,3,0,0,0,1,0.0,0.0,0,0,0,2,0.0,0,4,5,0,0,1,7,10,1,0,1,0,1,0,1,0,4,1,0,4,0,7,10,1,0,1,0,1,0,1,0,4,1,0,4,0,0,0,5,0,1,0,0,0,0,0,0,1,5,0,0,0,0,0,0,0,0
1603,L7991,ApexUnitTestClassShouldHaveAssertsRule,net.sourceforge.pmd.lang.apex.rule.bestpractices.ApexUnitTestClassShouldHaveAssertsRule,L7982,L103,C:\Users\domco\Desktop\DP\repos\pmd\pmd-apex\src\main\java\net\sourceforge\pmd\lang\apex\rule\bestpractices\ApexUnitTestClassShouldHaveAssertsRule.java,24,1,66,2,0.0,0,0,0,0.0,0.0,0,0,1,2,2,7,9,0,0,5,7,0.5,0.125,5,5,1,1,0.125,5,5,9,0,0,1,35,43,25,19,1,0,2,0,1,0,172,17,5,164,20,35,43,25,19,1,0,2,0,1,0,172,17,5,164,20,0,1,18,0,0,0,0,0,0,0,0,0,7,0,1,1,0,0,0,10,0
1604,L8024,ApexUnitTestShouldNotUseSeeAllDataTrueRule,net.sourceforge.pmd.lang.apex.rule.bestpractices.ApexUnitTestShouldNotUseSeeAllDataTrueRule,L7982,L103,C:\Users\domco\Desktop\DP\repos\pmd\pmd-apex\src\main\java\net\sourceforge\pmd\lang\apex\rule\bestpractices\ApexUnitTestShouldNotUseSeeAllDataTrueRule.java,30,1,76,2,0.0,0,0,0,0.0,0.0,0,0,1,4,4,12,8,0,0,5,8,0.333333,0.234043,11,9,1,2,0.234043,11,5,9,0,0,1,36,47,24,19,0,0,3,0,2,0,173,19,5,165,20,36,47,24,19,0,0,3,0,2,0,173,19,5,165,20,0,0,21,0,1,0,0,0,0,2,0,1,9,0,0,1,0,0,0,9,0
1605,L8038,AvoidGlobalModifierRule,net.sourceforge.pmd.lang.apex.rule.bestpractices.AvoidGlobalModifierRule,L7982,L103,C:\Users\domco\Desktop\DP\repos\pmd\pmd-apex\src\main\java\net\sourceforge\pmd\lang\apex\rule\bestpractices\AvoidGlobalModifierRule.java,15,1,42,2,0.0,0,0,0,0.0,0.0,0,0,1,1,1,6,10,0,0,6,10,0.0,0.0,0,0,0,4,0.0,0,4,8,0,0,1,22,28,24,19,0,0,4,0,3,0,171,9,5,164,20,22,28,24,19,0,0,4,0,3,0,171,9,5,164,20,0,0,21,0,0,0,0,0,0,0,0,0,11,0,0,1,0,0,0,9,0
1606,L8050,AvoidLogicInTriggerRule,net.sourceforge.pmd.lang.apex.rule.bestpractices.AvoidLogicInTriggerRule,L7982,L103,C:\Users\domco\Desktop\DP\repos\pmd\pmd-apex\src\main\java\net\sourceforge\pmd\lang\apex\rule\bestpractices\AvoidLogicInTriggerRule.java,13,1,31,2,0.0,0,0,0,0.0,0.0,0,0,1,1,1,3,7,0,0,5,7,0.0,0.0,0,0,0,3,0.0,0,4,8,0,0,1,15,19,24,19,0,0,2,0,2,0,169,7,5,163,20,15,19,24,19,0,0,2,0,2,0,169,7,5,163,20,0,0,17,0,0,0,0,0,0,0,0,0,7,0,0,1,0,0,0,9,0
1607,L8055,BestPracticesRulesTest,net.sourceforge.pmd.lang.apex.rule.bestpractices.BestPracticesRulesTest,L7982,L103,C:\Users\domco\Desktop\DP\repos\pmd\pmd-apex\src\test\java\net\sourceforge\pmd\lang\apex\rule\bestpractices\BestPracticesRulesTest.java,12,1,23,2,0.0,0,0,0,0.0,0.0,0,0,0,0,0,1,1,0,0,1,2,0.5,0.230769,3,3,1,1,0.230769,3,2,2,0,0,1,10,12,3,3,1,0,1,0,1,1,25,4,0,13,2,10,12,3,3,1,0,1,0,1,1,25,4,0,13,2,0,0,5,0,1,0,0,0,0,0,0,0,5,0,1,0,0,0,0,0,0
1608,L8068,ClassNamingConventionsRule,net.sourceforge.pmd.lang.apex.rule.codestyle.ClassNamingConventionsRule,L8061,L103,C:\Users\domco\Desktop\DP\repos\pmd\pmd-apex\src\main\java\net\sourceforge\pmd\lang\apex\rule\codestyle\ClassNamingConventionsRule.java,11,1,33,2,0.0,0,0,0,0.0,0.0,0,0,1,1,1,5,6,0,0,6,9,0.0,0.05,1,0,0,4,0.05,1,4,8,0,0,1,19,23,24,19,0,0,3,0,3,0,170,9,5,164,20,19,23,24,19,0,0,3,0,3,0,170,9,5,164,20,0,0,19,0,2,2,0,0,0,0,0,0,9,0,0,1,0,0,0,9,1.0
1609,L8080,MethodNamingConventionsRule,net.sourceforge.pmd.lang.apex.rule.codestyle.MethodNamingConventionsRule,L8061,L103,C:\Users\domco\Desktop\DP\repos\pmd\pmd-apex\src\main\java\net\sourceforge\pmd\lang\apex\rule\codestyle\MethodNamingConventionsRule.java,14,1,54,2,0.0,0,0,0,0.0,0.0,0,0,2,1,1,11,9,0,0,8,14,0.0,0.030303,1,0,0,4,0.030303,1,4,8,0,0,1,32,41,24,19,0,0,6,0,3,0,173,15,5,164,20,32,41,24,19,0,0,6,0,3,0,173,15,5,164,20,0,0,26,0,2,2,0,0,1,0,0,0,15,0,0,1,0,0,0,9,1.0
1610,L8103,VariableNamingConventionsRule,net.sourceforge.pmd.lang.apex.rule.codestyle.VariableNamingConventionsRule,L8061,L103,C:\Users\domco\Desktop\DP\repos\pmd\pmd-apex\src\main\java\net\sourceforge\pmd\lang\apex\rule\codestyle\VariableNamingConventionsRule.java,23,1,222,2,0.292101,4,18,4,0.275,0.329193,55,53,2,3,3,36,15,0,0,11,24,0.0,0.0182927,3,0,0,9,0.0182927,3,4,8,0,0,1,161,200,46,19,22,0,13,0,8,0,179,75,5,168,20,161,200,46,19,22,0,13,0,8,0,179,75,5,168,20,0,1,75,0,7,7,30,0,1,0,1,0,29,0,1,1,0,0,0,13,1.0
1611,L8207,CodeStyleRulesTest,net.sourceforge.pmd.lang.apex.rule.codestyle.CodeStyleRulesTest,L8061,L103,C:\Users\domco\Desktop\DP\repos\pmd\pmd-apex\src\test\java\net\sourceforge\pmd\lang\apex\rule\codestyle\CodeStyleRulesTest.java,9,1,23,2,0.0,0,0,0,0.0,0.0,0,0,0,0,0,1,1,0,0,1,2,0.0,0.0,0,0,0,2,0.0,0,2,2,0,0,1,13,15,3,3,1,0,1,0,1,1,25,7,0,13,2,13,15,3,3,1,0,1,0,1,1,25,7,0,13,2,0,0,5,0,1,0,0,0,0,0,0,0,5,0,1,0,0,0,0,0,0
1612,L8230,AbstractNcssCountRule,net.sourceforge.pmd.lang.apex.rule.design.AbstractNcssCountRule,L8212,L103,C:\Users\domco\Desktop\DP\repos\pmd\pmd-apex\src\main\java\net\sourceforge\pmd\lang\apex\rule\design\AbstractNcssCountRule.java,32,1,164,2,0.149533,1,2,1,0.0827068,0.0978261,11,9,6,1,1,19,22,3,7,11,27,0.0666667,0.2,23,22,1,14,0.2,23,5,10,3,3,1,92,133,29,20,1,0,16,0,14,0,185,44,8,177,20,92,133,29,20,1,0,16,0,14,0,185,44,8,177,20,0,0,51,0,2,0,7,1,1,0,1,1,31,0,0,1,0,0,0,10,0
1613,L8306,AvoidDeeplyNestedIfStmtsRule,net.sourceforge.pmd.lang.apex.rule.design.AvoidDeeplyNestedIfStmtsRule,L8212,L103,C:\Users\domco\Desktop\DP\repos\pmd\pmd-apex\src\main\java\net\sourceforge\pmd\lang\apex\rule\design\AvoidDeeplyNestedIfStmtsRule.java,12,1,49,2,0.0,0,0,0,0.0,0.0,0,0,1,1,1,4,11,0,0,14,17,0.0,0.0344828,1,0,0,4,0.0344828,1,4,8,0,0,1,28,38,27,19,3,0,3,0,3,0,170,13,5,164,20,28,38,27,19,3,0,3,0,3,0,170,13,5,164,20,0,0,21,0,2,2,0,0,0,0,1,0,9,0,0,1,0,0,0,10,1.0
1614,L8336,CyclomaticComplexityRule,net.sourceforge.pmd.lang.apex.rule.design.CyclomaticComplexityRule,L8212,L103,C:\Users\domco\Desktop\DP\repos\pmd\pmd-apex\src\main\java\net\sourceforge\pmd\lang\apex\rule\design\CyclomaticComplexityRule.java,26,1,104,2,0.0,0,0,0,0.0,0.0,0,0,1,2,2,9,16,0,0,20,24,0.2,0.078125,5,5,1,4,0.078125,5,4,8,0,0,1,59,79,28,19,4,0,4,0,4,0,171,21,5,165,20,59,79,28,19,4,0,4,0,4,0,171,21,5,165,20,0,0,23,0,2,0,0,0,0,0,1,1,11,0,0,1,0,1,0,10,0
1615,L8361,ExcessiveClassLengthRule,net.sourceforge.pmd.lang.apex.rule.design.ExcessiveClassLengthRule,L8212,L103,C:\Users\domco\Desktop\DP\repos\pmd\pmd-apex\src\main\java\net\sourceforge\pmd\lang\apex\rule\design\ExcessiveClassLengthRule.java,15,1,33,2,0.0,0,0,0,0.0,0.0,0,0,1,1,1,3,7,0,0,5,7,0.333333,0.2,4,4,1,2,0.2,4,6,11,0,0,1,16,19,29,20,0,0,2,0,2,0,173,8,8,167,20,16,19,29,20,0,0,2,0,2,0,173,8,8,167,20,0,0,19,0,0,0,0,0,0,0,0,0,7,0,0,2,0,0,0,10,0
1616,L8363,ExcessiveLengthRule,net.sourceforge.pmd.lang.apex.rule.design.ExcessiveLengthRule,L8212,L103,C:\Users\domco\Desktop\DP\repos\pmd\pmd-apex\src\main\java\net\sourceforge\pmd\lang\apex\rule\design\ExcessiveLengthRule.java,11,1,30,2,0.75,1,2,1,0.55,0.588235,11,10,1,1,1,3,5,1,1,9,11,0.0,0.0,0,0,0,3,0.0,0,5,10,1,1,1,17,20,29,20,1,0,2,0,2,0,171,8,8,165,20,17,20,29,20,1,0,2,0,2,0,171,8,8,165,20,0,0,29,0,1,0,11,0,0,0,0,1,7,0,0,1,0,0,0,10,0
1617,L8378,ExcessiveNodeCountRule,net.sourceforge.pmd.lang.apex.rule.design.ExcessiveNodeCountRule,L8212,L103,C:\Users\domco\Desktop\DP\repos\pmd\pmd-apex\src\main\java\net\sourceforge\pmd\lang\apex\rule\design\ExcessiveNodeCountRule.java,30,1,56,2,0.0,0,0,0,0.0,0.0,0,0,1,1,1,4,5,2,2,9,11,0.333333,0.45,18,18,1,2,0.45,18,5,10,2,2,1,22,27,29,20,1,0,2,0,2,0,171,14,8,165,20,22,27,29,20,1,0,2,0,2,0,171,14,8,165,20,0,0,16,0,1,0,0,0,0,0,0,1,5,0,0,1,0,0,0,10,0
1618,L8387,ExcessiveParameterListRule,net.sourceforge.pmd.lang.apex.rule.design.ExcessiveParameterListRule,L8212,L103,C:\Users\domco\Desktop\DP\repos\pmd\pmd-apex\src\main\java\net\sourceforge\pmd\lang\apex\rule\design\ExcessiveParameterListRule.java,16,1,28,2,0.0,0,0,0,0.0,0.0,0,0,1,0,0,2,7,0,0,3,5,0.333333,0.294118,5,5,1,2,0.294118,5,6,11,0,0,1,12,13,29,20,0,0,2,0,2,0,173,6,8,167,20,12,13,29,20,0,0,2,0,2,0,173,6,8,167,20,0,0,17,0,1,1,0,0,0,0,0,0,5,0,0,2,0,0,0,10,1.0
1619,L8396,ExcessivePublicCountRule,net.sourceforge.pmd.lang.apex.rule.design.ExcessivePublicCountRule,L8212,L103,C:\Users\domco\Desktop\DP\repos\pmd\pmd-apex\src\main\java\net\sourceforge\pmd\lang\apex\rule\design\ExcessivePublicCountRule.java,29,1,52,2,0.0,0,0,0,0.0,0.0,0,0,2,1,1,7,9,0,0,5,8,0.25,0.4,14,14,1,3,0.4,14,6,11,0,0,1,21,24,29,20,0,0,3,0,3,0,174,11,8,168,20,21,24,29,20,0,0,3,0,3,0,174,11,8,168,20,0,0,20,0,2,2,0,0,1,0,0,0,7,0,0,2,0,0,0,10,1.0
1620,L8407,NcssConstructorCountRule,net.sourceforge.pmd.lang.apex.rule.design.NcssConstructorCountRule,L8212,L103,C:\Users\domco\Desktop\DP\repos\pmd\pmd-apex\src\main\java\net\sourceforge\pmd\lang\apex\rule\design\NcssConstructorCountRule.java,16,1,43,2,0.0,0,0,0,0.0,0.0,0,0,1,1,1,4,9,0,0,6,9,0.5,0.310345,9,8,2,2,0.310345,9,6,11,0,0,1,20,28,29,21,0,1,3,0,3,0,188,9,8,180,20,20,28,29,21,0,1,3,0,3,0,188,9,8,180,20,0,0,17,0,0,0,0,0,0,0,0,0,5,0,0,2,0,0,0,10,1.0
1621,L8422,NcssMethodCountRule,net.sourceforge.pmd.lang.apex.rule.design.NcssMethodCountRule,L8212,L103,C:\Users\domco\Desktop\DP\repos\pmd\pmd-apex\src\main\java\net\sourceforge\pmd\lang\apex\rule\design\NcssMethodCountRule.java,16,1,43,2,0.0,0,0,0,0.0,0.0,0,0,1,1,1,4,9,0,0,7,10,0.5,0.275862,8,8,2,2,0.275862,8,6,11,0,0,1,21,28,29,21,0,1,3,0,3,0,188,9,8,180,20,21,28,29,21,0,1,3,0,3,0,188,9,8,180,20,0,0,17,0,0,0,0,0,0,0,0,0,5,0,0,2,0,0,0,10,0
1622,L8433,NcssTypeCountRule,net.sourceforge.pmd.lang.apex.rule.design.NcssTypeCountRule,L8212,L103,C:\Users\domco\Desktop\DP\repos\pmd\pmd-apex\src\main\java\net\sourceforge\pmd\lang\apex\rule\design\NcssTypeCountRule.java,20,1,77,2,0.0,0,0,0,0.0,0.0,0,0,2,1,1,10,13,0,0,9,16,0.25,0.176471,9,9,2,6,0.176471,9,6,11,0,0,1,42,58,29,21,0,1,7,0,7,0,192,17,8,184,20,42,58,29,21,0,1,7,0,7,0,192,17,8,184,20,0,0,29,0,0,0,0,0,1,0,1,0,15,0,0,2,0,0,0,10,0
1623,L8456,StdCyclomaticComplexityRule,net.sourceforge.pmd.lang.apex.rule.design.StdCyclomaticComplexityRule,L8212,L103,C:\Users\domco\Desktop\DP\repos\pmd\pmd-apex\src\main\java\net\sourceforge\pmd\lang\apex\rule\design\StdCyclomaticComplexityRule.java,38,1,216,2,0.365672,3,14,5,0.240223,0.282895,43,43,3,2,2,27,25,1,1,32,46,0.0666667,0.0748299,11,11,1,14,0.0674847,11,4,8,0,0,1,136,159,31,19,7,0,14,3,14,0,181,69,8,175,20,152,179,34,20,10,1,18,5,17,0,185,72,10,178,20,0,0,88,0,3,0,25,1,1,0,1,2,42,0,0,1,0,0,0,18,0
1624,L8544,TooManyFieldsRule,net.sourceforge.pmd.lang.apex.rule.design.TooManyFieldsRule,L8212,L103,C:\Users\domco\Desktop\DP\repos\pmd\pmd-apex\src\main\java\net\sourceforge\pmd\lang\apex\rule\design\TooManyFieldsRule.java,21,1,77,2,0.0,0,0,0,0.0,0.0,0,0,1,2,2,9,11,0,0,10,13,0.0,0.0,0,0,0,3,0.0,0,4,8,0,0,1,46,57,28,19,4,0,3,0,2,0,170,26,5,163,20,46,57,28,19,4,0,3,0,2,0,170,26,5,163,20,0,0,21,0,0,0,0,0,0,0,1,0,9,0,0,1,0,0,0,10,0
1625,L8569,DesignRulesTest,net.sourceforge.pmd.lang.apex.rule.design.DesignRulesTest,L8212,L103,C:\Users\domco\Desktop\DP\repos\pmd\pmd-apex\src\test\java\net\sourceforge\pmd\lang\apex\rule\design\DesignRulesTest.java,11,1,34,2,0.0,0,0,0,0.0,0.0,0,0,1,0,0,2,4,0,0,3,5,0.0,0.0,0,0,0,2,0.0,0,2,2,0,0,1,21,24,3,3,1,0,2,0,1,1,26,12,0,13,2,21,24,3,3,1,0,2,0,1,1,26,12,0,13,2,0,0,7,0,1,0,0,0,0,0,0,0,7,0,1,0,0,0,0,0,0
1626,L8578,StdCyclomaticComplexityRuleTest,net.sourceforge.pmd.lang.apex.rule.design.StdCyclomaticComplexityRuleTest,L8212,L103,C:\Users\domco\Desktop\DP\repos\pmd\pmd-apex\src\test\java\net\sourceforge\pmd\lang\apex\rule\design\StdCyclomaticComplexityRuleTest.java,21,1,43,2,0.0,0,0,0,0.0,0.0,0,0,1,0,0,1,12,0,0,10,11,0.5,0.3,6,6,1,1,0.3,6,0,0,0,0,0,14,23,0,0,0,0,1,0,1,0,1,9,0,1,0,14,23,0,0,0,0,1,0,1,0,1,9,0,1,0,0,0,2,0,0,0,0,0,0,0,1,0,1,0,0,0,0,0,0,0,0
1627,L8600,AvoidHardcodingIdRule,net.sourceforge.pmd.lang.apex.rule.errorprone.AvoidHardcodingIdRule,L8594,L103,C:\Users\domco\Desktop\DP\repos\pmd\pmd-apex\src\main\java\net\sourceforge\pmd\lang\apex\rule\errorprone\AvoidHardcodingIdRule.java,12,1,32,2,0.0,0,0,0,0.0,0.0,0,0,1,2,2,4,6,0,0,5,7,0.0,0.0,0,0,0,3,0.0,0,4,8,0,0,1,19,21,25,19,1,0,2,0,2,0,169,9,5,163,20,19,21,25,19,1,0,2,0,2,0,169,9,5,163,20,0,0,18,0,0,0,0,0,0,0,0,0,7,0,0,1,0,0,0,10,0
1628,L8616,MethodWithSameNameAsEnclosingClassRule,net.sourceforge.pmd.lang.apex.rule.errorprone.MethodWithSameNameAsEnclosingClassRule,L8594,L103,C:\Users\domco\Desktop\DP\repos\pmd\pmd-apex\src\main\java\net\sourceforge\pmd\lang\apex\rule\errorprone\MethodWithSameNameAsEnclosingClassRule.java,13,1,38,2,0.0,0,0,0,0.0,0.0,0,0,1,2,2,5,8,0,0,9,11,0.0,0.05,1,0,0,3,0.05,1,4,8,0,0,1,19,26,24,19,0,0,2,0,2,0,169,10,5,163,20,19,26,24,19,0,0,2,0,2,0,169,10,5,163,20,0,0,17,0,0,0,0,0,0,0,0,0,7,0,0,1,0,0,0,9,0
1629,L8621,ErrorProneRulesTest,net.sourceforge.pmd.lang.apex.rule.errorprone.ErrorProneRulesTest,L8594,L103,C:\Users\domco\Desktop\DP\repos\pmd\pmd-apex\src\test\java\net\sourceforge\pmd\lang\apex\rule\errorprone\ErrorProneRulesTest.java,9,1,24,2,0.0,0,0,0,0.0,0.0,0,0,0,0,0,1,1,0,0,1,2,0.0,0.0,0,0,0,2,0.0,0,2,2,0,0,1,14,16,3,3,1,0,1,0,1,1,25,8,0,13,2,14,16,3,3,1,0,1,0,1,1,25,8,0,13,2,0,0,5,0,1,0,0,0,0,0,0,0,5,0,1,0,0,0,0,0,0
1630,L8633,AvoidDmlStatementsInLoopsRule,net.sourceforge.pmd.lang.apex.rule.performance.AvoidDmlStatementsInLoopsRule,L8626,L103,C:\Users\domco\Desktop\DP\repos\pmd\pmd-apex\src\main\java\net\sourceforge\pmd\lang\apex\rule\performance\AvoidDmlStatementsInLoopsRule.java,21,1,92,2,0.25731,1,3,1,0.180556,0.183333,13,11,1,2,2,19,16,0,0,6,14,0.0,0.0322581,2,0,0,8,0.0322581,2,4,8,0,0,1,60,72,24,19,0,0,8,0,7,0,175,27,5,168,20,60,72,24,19,0,0,8,0,7,0,175,27,5,168,20,0,0,39,0,0,0,11,0,0,0,1,0,17,0,0,1,0,0,0,9,0
1631,L8656,AvoidSoqlInLoopsRule,net.sourceforge.pmd.lang.apex.rule.performance.AvoidSoqlInLoopsRule,L8626,L103,C:\Users\domco\Desktop\DP\repos\pmd\pmd-apex\src\main\java\net\sourceforge\pmd\lang\apex\rule\performance\AvoidSoqlInLoopsRule.java,16,1,55,2,0.389381,1,3,1,0.325,0.354839,13,11,1,2,2,13,12,0,0,6,11,0.0,0.0606061,2,0,0,3,0.0606061,2,4,8,0,0,1,31,40,24,19,0,0,5,0,2,0,172,14,5,163,20,31,40,24,19,0,0,5,0,2,0,172,14,5,163,20,0,0,33,0,0,0,11,0,0,0,1,0,11,0,0,1,0,0,0,9,0
1632,L8670,AvoidSoslInLoopsRule,net.sourceforge.pmd.lang.apex.rule.performance.AvoidSoslInLoopsRule,L8626,L103,C:\Users\domco\Desktop\DP\repos\pmd\pmd-apex\src\main\java\net\sourceforge\pmd\lang\apex\rule\performance\AvoidSoslInLoopsRule.java,16,1,55,2,0.389381,1,3,1,0.325,0.354839,13,11,1,2,2,13,12,0,0,6,11,0.0,0.0606061,2,0,0,3,0.0606061,2,4,8,0,0,1,31,40,24,19,0,0,5,0,2,0,172,14,5,163,20,31,40,24,19,0,0,5,0,2,0,172,14,5,163,20,0,0,33,0,0,0,11,0,0,0,1,0,11,0,0,1,0,0,0,9,0
1633,L8684,PerformanceRulesTest,net.sourceforge.pmd.lang.apex.rule.performance.PerformanceRulesTest,L8626,L103,C:\Users\domco\Desktop\DP\repos\pmd\pmd-apex\src\test\java\net\sourceforge\pmd\lang\apex\rule\performance\PerformanceRulesTest.java,9,1,19,2,0.0,0,0,0,0.0,0.0,0,0,0,0,0,1,1,0,0,1,2,0.0,0.0,0,0,0,2,0.0,0,2,2,0,0,1,9,11,3,3,1,0,1,0,1,1,25,3,0,13,2,9,11,3,3,1,0,1,0,1,1,25,3,0,13,2,0,0,5,0,1,0,0,0,0,0,0,0,5,0,1,0,0,0,0,0,0
1634,L8705,ApexBadCryptoRule,net.sourceforge.pmd.lang.apex.rule.security.ApexBadCryptoRule,L8689,L103,C:\Users\domco\Desktop\DP\repos\pmd\pmd-apex\src\main\java\net\sourceforge\pmd\lang\apex\rule\security\ApexBadCryptoRule.java,25,1,115,2,0.195286,2,7,2,0.164835,0.164384,15,12,1,2,2,20,12,0,0,11,16,0.333333,0.109756,9,6,1,2,0.109756,9,4,8,0,0,1,73,91,32,19,8,0,5,0,2,0,172,34,5,163,20,73,91,32,19,8,0,5,0,2,0,172,34,5,163,20,0,0,37,0,0,0,11,0,0,0,1,0,13,0,0,1,0,0,0,11,0
1635,L8750,ApexCRUDViolationRule,net.sourceforge.pmd.lang.apex.rule.security.ApexCRUDViolationRule,L8689,L103,C:\Users\domco\Desktop\DP\repos\pmd\pmd-apex\src\main\java\net\sourceforge\pmd\lang\apex\rule\security\ApexCRUDViolationRule.java,58,1,632,2,0.0,0,0,0,0.0,0.0,0,0,1,6,6,125,30,0,0,24,58,0.0714286,0.0227273,11,7,1,13,0.0227273,11,4,8,0,0,1,473,575,44,24,20,5,34,0,13,0,201,260,5,174,20,473,575,44,24,20,5,34,0,13,0,201,260,5,174,20,0,3,97,7,5,6,0,0,0,8,2,3,71,0,5,1,0,1,0,15,1.0
1636,L8975,ApexCSRFRule,net.sourceforge.pmd.lang.apex.rule.security.ApexCSRFRule,L8689,L103,C:\Users\domco\Desktop\DP\repos\pmd\pmd-apex\src\main\java\net\sourceforge\pmd\lang\apex\rule\security\ApexCSRFRule.java,19,1,65,2,0.0,0,0,0,0.0,0.0,0,0,2,2,2,11,9,0,0,9,13,0.25,0.255319,12,11,1,3,0.255319,12,4,8,0,0,1,35,47,25,19,1,0,4,1,3,0,171,16,6,164,20,35,47,25,19,1,0,4,1,3,0,171,16,6,164,20,0,0,23,0,2,0,0,0,1,0,0,2,9,0,0,1,0,0,0,12,0
1637,L8993,ApexDangerousMethodsRule,net.sourceforge.pmd.lang.apex.rule.security.ApexDangerousMethodsRule,L8689,L103,C:\Users\domco\Desktop\DP\repos\pmd\pmd-apex\src\main\java\net\sourceforge\pmd\lang\apex\rule\security\ApexDangerousMethodsRule.java,27,1,100,2,0.0,0,0,0,0.0,0.0,0,0,1,3,3,15,12,0,0,12,16,0.333333,0.136364,9,9,1,2,0.136364,9,4,8,0,0,1,57,74,31,19,7,0,4,0,2,0,171,28,5,163,20,57,74,31,19,7,0,4,0,2,0,171,28,5,163,20,0,0,24,1,2,2,0,0,0,0,1,1,11,0,0,1,0,0,0,11,1.0
1638,L9031,ApexInsecureEndpointRule,net.sourceforge.pmd.lang.apex.rule.security.ApexInsecureEndpointRule,L8689,L103,C:\Users\domco\Desktop\DP\repos\pmd\pmd-apex\src\main\java\net\sourceforge\pmd\lang\apex\rule\security\ApexInsecureEndpointRule.java,28,1,123,2,0.124183,1,3,1,0.135417,0.128205,13,10,1,3,3,21,14,0,0,8,17,0.166667,0.0823529,7,7,1,5,0.0823529,7,4,8,0,0,1,78,96,27,19,3,0,9,0,5,0,176,40,5,166,20,78,96,27,19,3,0,9,0,5,0,176,40,5,166,20,0,0,41,0,1,0,8,0,0,0,1,1,21,0,0,1,0,0,0,10,0
1639,L9068,ApexOpenRedirectRule,net.sourceforge.pmd.lang.apex.rule.security.ApexOpenRedirectRule,L8689,L103,C:\Users\domco\Desktop\DP\repos\pmd\pmd-apex\src\main\java\net\sourceforge\pmd\lang\apex\rule\security\ApexOpenRedirectRule.java,34,1,195,2,0.188679,3,10,3,0.166667,0.182609,27,21,1,6,5,34,18,0,0,14,22,0.333333,0.201389,29,19,1,2,0.201389,29,4,8,0,0,1,115,162,26,20,2,1,8,0,2,0,175,67,5,163,20,115,162,26,20,2,1,8,0,2,0,175,67,5,163,20,0,0,44,1,1,0,12,0,0,5,1,2,15,0,0,1,0,0,0,10,0
1640,L9109,ApexSharingViolationsRule,net.sourceforge.pmd.lang.apex.rule.security.ApexSharingViolationsRule,L8689,L103,C:\Users\domco\Desktop\DP\repos\pmd\pmd-apex\src\main\java\net\sourceforge\pmd\lang\apex\rule\security\ApexSharingViolationsRule.java,24,1,118,2,0.0,0,0,0,0.0,0.0,0,0,1,3,3,22,11,0,0,12,18,0.333333,0.284091,25,24,1,2,0.284091,25,4,8,0,0,1,63,95,25,19,1,0,6,0,2,0,173,34,5,163,20,63,95,25,19,1,0,6,0,2,0,173,34,5,163,20,0,0,19,0,2,0,0,0,0,0,1,2,7,0,0,1,0,0,0,10,0
1641,L9146,ApexSOQLInjectionRule,net.sourceforge.pmd.lang.apex.rule.security.ApexSOQLInjectionRule,L8689,L103,C:\Users\domco\Desktop\DP\repos\pmd\pmd-apex\src\main\java\net\sourceforge\pmd\lang\apex\rule\security\ApexSOQLInjectionRule.java,35,1,275,2,0.105088,2,17,3,0.124481,0.139303,30,28,1,4,4,65,17,0,0,14,22,0.333333,0.0651163,14,7,1,2,0.0651163,14,4,8,0,0,1,201,241,38,19,14,0,8,0,2,0,175,109,5,163,20,201,241,38,19,14,0,8,0,2,0,175,109,5,163,20,0,2,57,2,6,2,18,0,0,6,1,6,19,0,2,1,0,0,0,12,0
1642,L9218,ApexSuggestUsingNamedCredRule,net.sourceforge.pmd.lang.apex.rule.security.ApexSuggestUsingNamedCredRule,L8689,L103,C:\Users\domco\Desktop\DP\repos\pmd\pmd-apex\src\main\java\net\sourceforge\pmd\lang\apex\rule\security\ApexSuggestUsingNamedCredRule.java,29,1,131,2,0.32659,4,14,4,0.339806,0.317647,35,27,1,3,3,25,14,0,0,12,19,0.333333,0.0860215,8,8,1,2,0.0860215,8,4,8,0,0,1,85,103,27,19,3,0,7,0,2,0,174,48,5,163,20,85,103,27,19,3,0,7,0,2,0,174,48,5,163,20,0,0,47,0,4,0,18,0,0,0,1,4,17,0,0,1,0,0,0,10,0
1643,L9247,ApexXSSFromEscapeFalseRule,net.sourceforge.pmd.lang.apex.rule.security.ApexXSSFromEscapeFalseRule,L8689,L103,C:\Users\domco\Desktop\DP\repos\pmd\pmd-apex\src\main\java\net\sourceforge\pmd\lang\apex\rule\security\ApexXSSFromEscapeFalseRule.java,21,1,69,2,0.0,0,0,0,0.0,0.0,0,0,1,4,4,13,11,0,0,11,15,0.333333,0.156863,8,6,1,2,0.156863,8,4,8,0,0,1,43,49,25,19,1,0,4,0,2,0,171,23,5,163,20,43,49,25,19,1,0,4,0,2,0,171,23,5,163,20,0,0,25,0,0,0,0,0,0,2,1,0,11,0,0,1,0,0,0,10,0
1644,L9265,ApexXSSFromURLParamRule,net.sourceforge.pmd.lang.apex.rule.security.ApexXSSFromURLParamRule,L8689,L103,C:\Users\domco\Desktop\DP\repos\pmd\pmd-apex\src\main\java\net\sourceforge\pmd\lang\apex\rule\security\ApexXSSFromURLParamRule.java,31,1,275,2,0.0,0,0,0,0.0,0.0,0,0,2,4,4,64,17,0,0,13,27,0.125,0.0717703,15,7,1,7,0.0717703,15,4,8,0,0,1,194,245,41,20,17,1,14,0,7,0,181,91,5,168,20,194,245,41,20,17,1,14,0,7,0,181,91,5,168,20,0,0,50,4,5,0,0,0,1,4,1,5,31,0,4,1,0,0,0,12,0
1645,L9348,Helper,net.sourceforge.pmd.lang.apex.rule.security.Helper,L8689,L103,C:\Users\domco\Desktop\DP\repos\pmd\pmd-apex\src\main\java\net\sourceforge\pmd\lang\apex\rule\security\Helper.java,45,1,249,2,0.0,0,0,0,0.0,0.0,0,0,6,4,4,46,21,11,48,5,22,0.5,0.0747126,13,13,1,1,0.0747126,13,0,0,0,0,0,161,205,1,7,1,7,17,0,1,0,17,93,0,1,0,161,205,1,7,1,7,17,0,1,0,17,93,0,1,0,0,1,40,2,21,0,0,15,1,2,1,7,35,0,2,0,0,0,0,1,0
1646,L9410,SecurityRulesTest,net.sourceforge.pmd.lang.apex.rule.security.SecurityRulesTest,L8689,L103,C:\Users\domco\Desktop\DP\repos\pmd\pmd-apex\src\test\java\net\sourceforge\pmd\lang\apex\rule\security\SecurityRulesTest.java,9,1,27,2,0.0,0,0,0,0.0,0.0,0,0,0,0,0,1,1,0,0,1,2,0.0,0.0,0,0,0,2,0.0,0,2,2,0,0,1,17,19,3,3,1,0,1,0,1,1,25,11,0,13,2,17,19,3,3,1,0,1,0,1,1,25,11,0,13,2,0,0,5,0,1,0,0,0,0,0,0,0,5,0,1,0,0,0,0,0,0
1647,L10016,AttributeAxisIterator$MethodWrapper,net.sourceforge.pmd.lang.ast.xpath.AttributeAxisIterator$MethodWrapper,L10015,L103,C:\Users\domco\Desktop\DP\repos\pmd\pmd-core\src\main\java\net\sourceforge\pmd\lang\ast\xpath\AttributeAxisIterator.java,21,5,48,6,0.0,0,0,0,0.0,0.0,0,0,1,1,1,6,0,1,1,0,2,0.0,0.08,2,0,0,1,0.08,2,0,0,0,0,0,23,28,2,0,2,0,2,2,0,0,2,11,2,0,0,23,28,2,0,2,0,2,2,0,0,2,11,2,0,0,0,0,11,0,0,0,0,0,0,0,0,0,7,0,0,0,0,0,0,4,0
1648,L10277,AbstractNodeInfo,net.sourceforge.pmd.lang.ast.xpath.saxon.AbstractNodeInfo,L10269,L103,C:\Users\domco\Desktop\DP\repos\pmd\pmd-core\src\main\java\net\sourceforge\pmd\lang\ast\xpath\saxon\AbstractNodeInfo.java,30,1,381,2,0.0,0,0,0,0.0,0.0,0,0,1,1,1,44,1,3,5,1,41,0.975,0.446875,143,143,39,1,0.446875,143,0,0,3,3,0,177,352,0,25,0,25,40,0,39,1,40,49,0,39,1,177,352,0,25,0,25,40,0,39,1,40,49,0,39,1,0,0,11,0,0,0,0,0,0,0,0,0,3,0,0,0,0,0,0,8,0
1649,L10393,AttributeAxisIterator,net.sourceforge.pmd.lang.ast.xpath.saxon.AttributeAxisIterator,L10269,L103,C:\Users\domco\Desktop\DP\repos\pmd\pmd-core\src\main\java\net\sourceforge\pmd\lang\ast\xpath\saxon\AttributeAxisIterator.java,15,1,50,2,0.0,0,0,0,0.0,0.0,0,0,1,1,1,4,4,1,1,4,7,1.0,0.4,14,14,4,0,0.4,14,0,0,0,0,0,21,36,2,1,2,1,3,0,3,0,3,7,0,3,0,21,36,2,1,2,1,3,0,3,0,3,7,0,3,0,0,0,0,0,0,0,0,0,0,0,0,0,0,0,0,0,0,0,0,0,0
1650,L10413,AttributeNode,net.sourceforge.pmd.lang.ast.xpath.saxon.AttributeNode,L10269,L103,C:\Users\domco\Desktop\DP\repos\pmd\pmd-core\src\main\java\net\sourceforge\pmd\lang\ast\xpath\saxon\AttributeNode.java,19,1,67,2,0.0,0,0,0,0.0,0.0,0,0,1,1,1,9,3,1,1,4,12,0.111111,0.0681818,3,3,1,8,0.0681818,3,1,1,0,0,1,41,49,3,30,3,5,8,0,8,0,48,12,0,47,1,41,49,3,30,3,5,8,0,8,0,48,12,0,47,1,0,0,22,0,0,0,0,0,0,0,0,0,19,0,0,0,0,0,0,3,0
1651,L10443,DocumentNode,net.sourceforge.pmd.lang.ast.xpath.saxon.DocumentNode,L10269,L103,C:\Users\domco\Desktop\DP\repos\pmd\pmd-core\src\main\java\net\sourceforge\pmd\lang\ast\xpath\saxon\DocumentNode.java,24,1,101,2,0.0,0,0,0,0.0,0.0,0,0,3,1,1,11,4,3,1,3,11,0.555556,0.380282,27,27,5,4,0.380282,27,1,1,0,0,1,44,78,2,29,2,4,8,1,8,0,48,12,1,47,1,44,78,2,29,2,4,8,1,8,0,48,12,1,47,1,0,0,17,0,0,0,0,0,1,0,0,0,9,0,0,0,0,0,0,7,0
1652,L10314,ElementNode,net.sourceforge.pmd.lang.ast.xpath.saxon.ElementNode,L10269,L103,C:\Users\domco\Desktop\DP\repos\pmd\pmd-core\src\main\java\net\sourceforge\pmd\lang\ast\xpath\saxon\ElementNode.java,22,1,153,2,0.0,0,0,0,0.0,0.0,0,0,1,2,2,34,5,5,5,8,21,0.0714286,0.025,3,3,1,13,0.025,3,1,1,0,0,1,117,132,6,34,6,9,13,0,13,0,53,46,0,52,1,117,132,6,34,6,9,13,0,13,0,53,46,0,52,1,0,0,36,0,0,0,0,0,0,1,0,0,29,0,0,0,0,0,0,6,0
1653,L10461,IdGenerator,net.sourceforge.pmd.lang.ast.xpath.saxon.IdGenerator,L10269,L103,C:\Users\domco\Desktop\DP\repos\pmd\pmd-core\src\main\java\net\sourceforge\pmd\lang\ast\xpath\saxon\IdGenerator.java,10,1,16,2,0.0,0,0,0,0.0,0.0,0,0,0,0,0,1,0,2,1,0,1,0.5,0.333333,3,3,1,1,0.333333,3,0,0,0,0,0,6,7,1,1,1,1,1,0,1,0,1,1,0,1,0,6,7,1,1,1,1,1,0,1,0,1,1,0,1,0,0,0,3,0,0,0,0,0,0,0,0,0,3,0,0,0,0,0,0,0,0
1654,L10539,DocumentNavigatorTest$DummyRootNode,net.sourceforge.pmd.lang.ast.xpath.DocumentNavigatorTest$DummyRootNode,L10536,L103,C:\Users\domco\Desktop\DP\repos\pmd\pmd-core\src\test\java\net\sourceforge\pmd\lang\ast\xpath\DocumentNavigatorTest.java,22,5,26,6,0.0,0,0,0,0.0,0.0,0,0,0,0,0,1,2,1,1,1,2,0.0,0.0,0,0,0,1,0.0,0,3,4,0,0,2,5,5,13,14,0,0,1,0,0,0,54,1,0,50,3,5,5,13,14,0,0,1,0,0,0,54,1,0,50,3,0,0,7,0,0,0,0,0,0,0,0,0,5,0,0,1,0,0,0,1,0
1655,L11291,ReportTree$TreeIterator,net.sourceforge.pmd.lang.dfa.report.ReportTree$TreeIterator,L11284,L103,C:\Users\domco\Desktop\DP\repos\pmd\pmd-core\src\main\java\net\sourceforge\pmd\lang\dfa\report\ReportTree.java,16,5,89,6,0.0,0,0,0,0.0,0.0,0,0,2,4,4,12,3,1,0,5,9,0.0,0.15873,10,10,0,4,0.15873,10,0,0,0,0,0,53,74,2,1,2,1,4,0,3,0,4,25,0,3,0,53,74,2,1,2,1,4,0,3,0,4,25,0,3,0,0,0,12,0,1,0,0,0,1,2,0,0,9,0,1,0,0,0,0,0,0
1656,L11996,MetricKeyUtil$1,net.sourceforge.pmd.lang.metrics.MetricKeyUtil$1,L7338,L103,C:\Users\domco\Desktop\DP\repos\pmd\pmd-core\src\main\java\net\sourceforge\pmd\lang\metrics\MetricKeyUtil.java,35,35,66,10,0.0,0,0,0,0.0,0.0,0,0,3,0,0,10,3,0,0,3,8,0.0,0.0,0,0,0,6,0.0,0,1,1,0,0,1,24,32,0,1,0,1,5,0,5,0,5,5,0,5,0,24,32,0,1,0,1,5,0,5,0,5,5,0,5,0,0,0,14,0,0,0,0,0,1,0,0,0,13,0,0,0,0,0,0,0,0
1657,L13308,SaxonXPathRuleQuery$1,net.sourceforge.pmd.lang.rule.xpath.SaxonXPathRuleQuery$1,L13296,L103,C:\Users\domco\Desktop\DP\repos\pmd\pmd-core\src\main\java\net\sourceforge\pmd\lang\rule\xpath\SaxonXPathRuleQuery.java,47,112,54,6,0.0,0,0,0,0.0,0.0,0,0,1,0,0,1,3,0,0,0,1,0.0,0.0,0,0,0,1,0.0,0,0,0,0,0,0,6,8,1,0,1,0,1,0,0,0,1,1,0,0,0,6,8,1,0,1,0,1,0,0,0,1,1,0,0,0,0,0,5,0,1,1,0,0,0,0,0,0,5,0,0,0,0,0,0,0,1.0
1658,L13810,DummyLanguageModule$Handler$1,net.sourceforge.pmd.lang.DummyLanguageModule$Handler$1,L13806,L103,C:\Users\domco\Desktop\DP\repos\pmd\pmd-core\src\test\java\net\sourceforge\pmd\lang\DummyLanguageModule.java,72,54,96,14,1.0,1,1,1,1.0,1.0,25,22,3,0,0,4,6,0,0,4,8,0.0,0.0,0,0,0,4,0.0,0,2,2,0,0,1,22,25,1,3,0,1,4,0,3,0,7,8,0,6,0,22,25,1,3,0,1,4,0,3,0,7,8,0,6,0,0,0,37,0,0,0,25,0,1,0,0,0,11,0,0,0,0,0,0,0,0
1659,L13835,DummyLanguageModule$RuleViolationFactory$1,net.sourceforge.pmd.lang.DummyLanguageModule$RuleViolationFactory$1,L13825,L103,C:\Users\domco\Desktop\DP\repos\pmd\pmd-core\src\test\java\net\sourceforge\pmd\lang\DummyLanguageModule.java,109,116,114,14,1.0,1,1,1,1.0,1.0,6,5,0,0,0,0,2,0,0,0,0,0.0,0.0,0,0,0,1,0.0,0,2,2,0,0,1,5,6,12,12,0,0,0,0,0,0,19,0,0,15,2,5,6,12,12,0,0,0,0,0,0,19,0,0,15,2,0,1,8,0,0,0,5,0,0,0,0,0,3,0,1,0,0,0,0,0,1.0
1660,L14043,AbstractJavaHandler$1,net.sourceforge.pmd.lang.java.AbstractJavaHandler$1,L14040,L103,C:\Users\domco\Desktop\DP\repos\pmd\pmd-java\src\main\java\net\sourceforge\pmd\lang\java\AbstractJavaHandler.java,49,46,59,10,0.0,0,0,0,0.0,0.0,0,0,2,0,0,2,7,0,0,5,7,0.0,0.0,0,0,0,3,0.0,0,2,2,0,0,1,10,11,1,1,0,0,2,0,2,0,4,4,1,4,0,10,11,1,1,0,0,2,0,2,0,4,4,1,4,0,0,0,10,0,2,2,0,0,1,0,0,0,7,0,0,0,0,0,0,2,0
1661,L14063,AbstractJavaHandler$2,net.sourceforge.pmd.lang.java.AbstractJavaHandler$2,L14060,L103,C:\Users\domco\Desktop\DP\repos\pmd\pmd-java\src\main\java\net\sourceforge\pmd\lang\java\AbstractJavaHandler.java,68,37,72,10,0.0,0,0,0,0.0,0.0,0,0,1,0,0,1,5,0,0,2,3,0.0,0.0,0,0,0,2,0.0,0,1,1,0,0,1,5,5,1,0,0,0,1,0,1,0,1,1,1,1,0,5,5,1,0,0,0,1,0,1,0,1,1,1,1,0,0,0,7,0,1,1,0,0,0,0,0,0,5,0,0,0,0,0,0,2,1.0
1662,L14077,AbstractJavaHandler$3,net.sourceforge.pmd.lang.java.AbstractJavaHandler$3,L14074,L103,C:\Users\domco\Desktop\DP\repos\pmd\pmd-java\src\main\java\net\sourceforge\pmd\lang\java\AbstractJavaHandler.java,77,37,81,10,0.0,0,0,0,0.0,0.0,0,0,1,0,0,1,4,0,0,1,2,0.0,0.0,0,0,0,2,0.0,0,1,1,0,0,1,5,5,1,0,0,0,1,0,1,0,1,1,1,1,0,5,5,1,0,0,0,1,0,1,0,1,1,1,1,0,0,0,7,0,1,1,0,0,0,0,0,0,5,0,0,0,0,0,0,2,1.0
1663,L14091,AbstractJavaHandler$4,net.sourceforge.pmd.lang.java.AbstractJavaHandler$4,L14087,L103,C:\Users\domco\Desktop\DP\repos\pmd\pmd-java\src\main\java\net\sourceforge\pmd\lang\java\AbstractJavaHandler.java,86,37,90,10,0.0,0,0,0,0.0,0.0,0,0,1,0,0,1,4,0,0,1,2,0.0,0.0,0,0,0,2,0.0,0,1,1,0,0,1,5,5,1,0,0,0,1,0,1,0,1,1,1,1,0,5,5,1,0,0,0,1,0,1,0,1,1,1,1,0,0,0,7,0,1,1,0,0,0,0,0,0,5,0,0,0,0,0,0,2,1.0
1664,L14098,AbstractJavaHandler$5,net.sourceforge.pmd.lang.java.AbstractJavaHandler$5,L14094,L103,C:\Users\domco\Desktop\DP\repos\pmd\pmd-java\src\main\java\net\sourceforge\pmd\lang\java\AbstractJavaHandler.java,95,37,99,10,0.0,0,0,0,0.0,0.0,0,0,1,0,0,1,4,0,0,1,2,0.0,0.0,0,0,0,2,0.0,0,1,1,0,0,1,5,5,1,0,0,0,1,0,1,0,1,1,1,1,0,5,5,1,0,0,0,1,0,1,0,1,1,1,1,0,0,0,7,0,1,1,0,0,0,0,0,0,5,0,0,0,0,0,0,2,1.0
1665,L14114,AbstractJavaHandler$6,net.sourceforge.pmd.lang.java.AbstractJavaHandler$6,L14108,L103,C:\Users\domco\Desktop\DP\repos\pmd\pmd-java\src\main\java\net\sourceforge\pmd\lang\java\AbstractJavaHandler.java,104,37,108,10,0.0,0,0,0,0.0,0.0,0,0,1,0,0,1,4,0,0,1,2,0.0,0.0,0,0,0,2,0.0,0,1,1,0,0,1,5,5,1,0,0,0,1,0,1,0,1,1,1,1,0,5,5,1,0,0,0,1,0,1,0,1,1,1,1,0,0,0,7,0,1,1,0,0,0,0,0,0,5,0,0,0,0,0,0,2,1.0
1666,L14130,AbstractJavaHandler$7,net.sourceforge.pmd.lang.java.AbstractJavaHandler$7,L14127,L103,C:\Users\domco\Desktop\DP\repos\pmd\pmd-java\src\main\java\net\sourceforge\pmd\lang\java\AbstractJavaHandler.java,113,37,118,10,0.0,0,0,0,0.0,0.0,0,0,1,0,0,1,4,0,0,1,2,0.0,0.0,0,0,0,2,0.0,0,1,1,0,0,1,6,6,1,0,0,0,1,0,1,0,1,1,1,1,0,6,6,1,0,0,0,1,0,1,0,1,1,1,1,0,0,0,7,0,0,0,0,0,0,0,0,0,5,0,0,0,0,0,0,2,0
1667,L17799,AccessNodeTest$MyAccessNode,net.sourceforge.pmd.lang.java.ast.AccessNodeTest$MyAccessNode,L17797,L103,C:\Users\domco\Desktop\DP\repos\pmd\pmd-java\src\test\java\net\sourceforge\pmd\lang\java\ast\AccessNodeTest.java,17,5,25,6,0.0,0,0,0,0.0,0.0,0,0,0,0,0,2,1,1,12,2,4,0.0,0.0,0,0,0,3,0.0,0,5,7,0,0,1,8,9,29,16,0,0,2,0,2,0,93,2,12,88,18,8,9,29,16,0,0,2,0,2,0,93,2,12,88,18,0,0,17,0,0,0,0,0,0,0,0,0,7,0,0,1,0,0,0,9,0
1668,L19074,AbstractJavaClassMetric,net.sourceforge.pmd.lang.java.metrics.impl.AbstractJavaClassMetric,L19047,L103,C:\Users\domco\Desktop\DP\repos\pmd\pmd-java\src\main\java\net\sourceforge\pmd\lang\java\metrics\impl\AbstractJavaClassMetric.java,26,1,125,2,0.402367,1,6,2,0.24,0.487805,24,20,2,2,2,13,10,9,3,7,13,1.0,0.511905,43,43,2,0,0.511905,43,3,4,9,9,2,41,100,0,3,0,3,6,0,1,0,9,21,0,4,0,41,100,0,3,0,3,6,0,1,0,9,21,0,4,0,0,0,21,0,1,1,17,0,1,0,0,0,2,0,0,1,0,0,0,0,1.0
1669,L19135,AbstractJavaOperationMetric,net.sourceforge.pmd.lang.java.metrics.impl.AbstractJavaOperationMetric,L19047,L103,C:\Users\domco\Desktop\DP\repos\pmd\pmd-java\src\main\java\net\sourceforge\pmd\lang\java\metrics\impl\AbstractJavaOperationMetric.java,16,1,29,2,0.0,0,0,0,0.0,0.0,0,0,1,0,0,1,5,6,1,1,2,1.0,0.666667,12,12,2,0,0.666667,12,3,4,6,6,2,6,14,0,0,0,0,1,0,1,0,4,1,0,4,0,6,14,0,0,0,0,1,0,1,0,4,1,0,4,0,0,0,1,0,0,0,0,0,0,0,0,0,0,0,0,1,0,0,0,0,0
1670,L19144,AtfdMetric,net.sourceforge.pmd.lang.java.metrics.impl.AtfdMetric,L19047,L103,C:\Users\domco\Desktop\DP\repos\pmd\pmd-java\src\main\java\net\sourceforge\pmd\lang\java\metrics\impl\AtfdMetric.java,24,1,54,2,0.0,0,0,0,0.0,0.0,0,0,0,0,0,0,0,0,0,0,0,1.0,0.75,6,6,1,0,0.28,7,0,0,0,0,0,2,7,0,0,0,0,0,0,0,0,0,0,0,0,0,18,31,0,3,0,0,3,0,3,0,14,3,0,9,0,0,0,13,0,0,0,0,0,1,0,0,0,12,0,0,0,0,0,0,0,0
1671,L19016,CycloMetric,net.sourceforge.pmd.lang.java.metrics.impl.CycloMetric,L19047,L103,C:\Users\domco\Desktop\DP\repos\pmd\pmd-java\src\main\java\net\sourceforge\pmd\lang\java\metrics\impl\CycloMetric.java,30,1,105,2,0.0,0,0,0,0.0,0.0,0,0,2,1,1,7,14,2,14,6,8,1.0,0.333333,15,15,3,0,0.3,18,4,5,0,0,1,30,57,0,0,0,0,2,0,2,0,5,18,0,5,0,42,76,3,0,3,0,4,2,3,0,8,20,2,7,0,0,0,17,0,0,0,0,0,1,0,1,0,9,0,0,0,0,0,0,6,0
1672,L19226,LocMetric,net.sourceforge.pmd.lang.java.metrics.impl.LocMetric,L19047,L103,C:\Users\domco\Desktop\DP\repos\pmd\pmd-java\src\main\java\net\sourceforge\pmd\lang\java\metrics\impl\LocMetric.java,18,1,51,2,0.0,0,0,0,0.0,0.0,0,0,0,0,0,0,0,0,0,0,0,1.0,0.777778,7,7,1,0,0.241379,7,0,0,0,0,0,2,6,0,0,0,0,0,0,0,0,0,0,0,0,0,22,34,0,3,0,0,4,0,4,0,15,4,0,10,0,0,0,17,0,0,0,0,0,2,0,0,0,15,0,0,0,0,0,0,0,0
1673,L19241,NcssMetric,net.sourceforge.pmd.lang.java.metrics.impl.NcssMetric,L19047,L103,C:\Users\domco\Desktop\DP\repos\pmd\pmd-java\src\main\java\net\sourceforge\pmd\lang\java\metrics\impl\NcssMetric.java,26,1,96,2,0.736842,1,4,2,0.366197,0.444444,26,20,0,0,0,0,0,0,0,0,0,1.0,0.777778,7,7,1,0,0.181818,10,0,0,0,0,0,2,8,0,0,0,0,0,0,0,0,0,0,0,0,0,45,71,2,3,2,0,6,1,5,0,18,16,1,12,0,0,0,57,0,0,0,27,0,2,0,0,0,22,0,0,0,0,0,0,6,0
1674,L18968,NoamMetric,net.sourceforge.pmd.lang.java.metrics.impl.NoamMetric,L19047,L103,C:\Users\domco\Desktop\DP\repos\pmd\pmd-java\src\main\java\net\sourceforge\pmd\lang\java\metrics\impl\NoamMetric.java,20,1,37,2,0.0,0,0,0,0.0,0.0,0,0,2,0,0,2,8,0,0,4,6,0.333333,0.315789,6,6,1,2,0.315789,6,4,5,0,0,1,13,18,0,3,0,0,2,0,2,0,10,5,0,5,0,13,18,0,3,0,0,2,0,2,0,10,5,0,5,0,0,0,6,0,0,0,0,0,1,0,0,0,5,0,0,0,0,0,0,0,0
1675,L18963,NopaMetric,net.sourceforge.pmd.lang.java.metrics.impl.NopaMetric,L19047,L103,C:\Users\domco\Desktop\DP\repos\pmd\pmd-java\src\main\java\net\sourceforge\pmd\lang\java\metrics\impl\NopaMetric.java,19,1,36,2,0.0,0,0,0,0.0,0.0,0,0,2,0,0,2,7,0,0,4,6,0.333333,0.333333,6,6,1,2,0.333333,6,4,5,0,0,1,12,18,0,3,0,0,2,0,2,0,10,4,0,5,0,12,18,0,3,0,0,2,0,2,0,10,4,0,5,0,0,0,6,0,0,0,0,0,1,0,0,0,5,0,0,0,0,0,0,0,0
1676,L19031,NpathMetric,net.sourceforge.pmd.lang.java.metrics.impl.NpathMetric,L19047,L103,C:\Users\domco\Desktop\DP\repos\pmd\pmd-java\src\main\java\net\sourceforge\pmd\lang\java\metrics\impl\NpathMetric.java,18,1,25,2,0.0,0,0,0,0.0,0.0,0,0,1,0,0,1,5,0,0,1,2,0.5,0.5,6,6,1,1,0.5,6,4,5,0,0,1,6,8,0,0,0,0,1,0,1,0,4,1,0,4,0,6,8,0,0,0,0,1,0,1,0,4,1,0,4,0,0,0,3,0,0,0,0,0,0,0,0,0,3,0,0,0,0,0,0,0,0
1677,L18978,TccMetric,net.sourceforge.pmd.lang.java.metrics.impl.TccMetric,L19047,L103,C:\Users\domco\Desktop\DP\repos\pmd\pmd-java\src\main\java\net\sourceforge\pmd\lang\java\metrics\impl\TccMetric.java,23,1,78,2,0.0,0,0,0,0.0,0.0,0,0,1,4,4,7,5,0,0,1,4,0.5,0.392157,20,20,1,1,0.392157,20,4,5,0,0,1,31,56,0,3,0,0,3,0,1,0,11,20,0,4,0,31,56,0,3,0,0,3,0,1,0,11,20,0,4,0,0,0,5,0,0,0,0,0,0,2,0,0,3,0,0,0,0,0,0,0,0
1678,L18948,WmcMetric,net.sourceforge.pmd.lang.java.metrics.impl.WmcMetric,L19047,L103,C:\Users\domco\Desktop\DP\repos\pmd\pmd-java\src\main\java\net\sourceforge\pmd\lang\java\metrics\impl\WmcMetric.java,20,1,27,2,0.0,0,0,0,0.0,0.0,0,0,1,0,0,1,6,0,0,1,2,0.5,0.538462,7,7,1,1,0.538462,7,4,5,0,0,1,6,8,0,3,0,0,1,0,1,0,9,1,0,4,0,6,8,0,3,0,0,1,0,1,0,9,1,0,4,0,0,0,3,0,0,0,0,0,0,0,0,0,3,0,0,0,0,0,0,0,0
1679,L18973,WocMetric,net.sourceforge.pmd.lang.java.metrics.impl.WocMetric,L19047,L103,C:\Users\domco\Desktop\DP\repos\pmd\pmd-java\src\main\java\net\sourceforge\pmd\lang\java\metrics\impl\WocMetric.java,20,1,43,2,0.0,0,0,0,0.0,0.0,0,0,2,0,0,2,8,0,0,5,7,0.333333,0.272727,6,6,1,2,0.272727,6,4,5,0,0,1,16,24,0,3,0,0,2,0,2,0,10,8,0,5,0,16,24,0,3,0,0,2,0,2,0,10,8,0,5,0,0,0,6,0,0,0,0,0,1,0,0,0,5,0,0,0,0,0,0,0,0
1680,L19662,AbstractMetricTestRule,net.sourceforge.pmd.lang.java.metrics.impl.AbstractMetricTestRule,L19047,L103,C:\Users\domco\Desktop\DP\repos\pmd\pmd-java\src\test\java\net\sourceforge\pmd\lang\java\metrics\impl\AbstractMetricTestRule.java,32,1,170,2,0.0,0,0,0,0.0,0.0,0,0,5,2,2,21,18,10,2,13,24,0.2,0.316239,37,37,1,4,0.316239,37,5,7,10,10,1,80,139,31,22,10,2,11,0,4,0,217,32,2,202,20,80,139,31,22,10,2,11,0,4,0,217,32,2,202,20,0,0,26,2,3,0,0,1,1,0,1,2,11,0,0,1,0,2,0,12,0
1681,L19731,AllMetricsTest,net.sourceforge.pmd.lang.java.metrics.impl.AllMetricsTest,L19047,L103,C:\Users\domco\Desktop\DP\repos\pmd\pmd-java\src\test\java\net\sourceforge\pmd\lang\java\metrics\impl\AllMetricsTest.java,16,1,43,2,0.0,0,0,0,0.0,0.0,0,0,1,0,0,2,3,0,0,2,4,0.5,0.192308,5,5,1,1,0.192308,5,2,2,0,0,1,21,28,3,3,1,0,2,0,1,1,26,12,0,13,2,21,28,3,3,1,0,2,0,1,1,26,12,0,13,2,0,0,7,0,1,0,0,0,0,0,0,0,7,0,1,0,0,0,0,0,0
1682,L19741,AtfdTestRule,net.sourceforge.pmd.lang.java.metrics.impl.AtfdTestRule,L19047,L103,C:\Users\domco\Desktop\DP\repos\pmd\pmd-java\src\test\java\net\sourceforge\pmd\lang\java\metrics\impl\AtfdTestRule.java,14,1,26,2,0.0,0,0,0,0.0,0.0,0,0,0,0,0,2,3,0,0,0,2,1.0,0.285714,4,4,1,0,0.285714,4,6,8,0,0,1,10,13,31,22,0,2,2,0,0,0,217,2,2,202,20,10,13,31,22,0,2,2,0,0,0,217,2,2,202,20,0,0,16,0,0,0,0,0,0,0,0,0,4,0,0,2,0,0,0,10,0
1683,L19750,CycloTestRule,net.sourceforge.pmd.lang.java.metrics.impl.CycloTestRule,L19047,L103,C:\Users\domco\Desktop\DP\repos\pmd\pmd-java\src\test\java\net\sourceforge\pmd\lang\java\metrics\impl\CycloTestRule.java,19,1,40,2,0.0,0,0,0,0.0,0.0,0,0,1,0,0,3,5,0,0,2,5,1.0,0.227273,5,5,1,0,0.227273,5,6,8,0,0,1,17,22,31,22,0,2,3,0,0,0,218,6,2,202,20,17,22,31,22,0,2,3,0,0,0,218,6,2,202,20,0,0,20,0,0,0,0,0,0,0,0,0,8,0,0,2,0,0,0,10,0
1684,L19757,LocTestRule,net.sourceforge.pmd.lang.java.metrics.impl.LocTestRule,L19047,L103,C:\Users\domco\Desktop\DP\repos\pmd\pmd-java\src\test\java\net\sourceforge\pmd\lang\java\metrics\impl\LocTestRule.java,13,1,24,2,0.0,0,0,0,0.0,0.0,0,0,0,0,0,2,3,0,0,0,2,1.0,0.230769,3,3,1,0,0.230769,3,6,8,0,0,1,10,12,31,22,0,2,2,0,0,0,217,2,2,202,20,10,12,31,22,0,2,2,0,0,0,217,2,2,202,20,0,0,18,0,0,0,0,0,0,0,0,0,6,0,0,2,0,0,0,10,0
1685,L19764,NcssTestRule,net.sourceforge.pmd.lang.java.metrics.impl.NcssTestRule,L19047,L103,C:\Users\domco\Desktop\DP\repos\pmd\pmd-java\src\test\java\net\sourceforge\pmd\lang\java\metrics\impl\NcssTestRule.java,17,1,43,2,0.0,0,0,0,0.0,0.0,0,0,2,0,0,4,5,0,0,2,6,1.0,0.130435,3,3,1,0,0.130435,3,6,8,0,0,1,20,27,31,22,0,2,4,0,0,0,219,6,2,202,20,20,27,31,22,0,2,4,0,0,0,219,6,2,202,20,0,0,23,0,0,0,0,0,1,0,0,0,10,0,0,2,0,0,0,10,0
1686,L19774,NoamTestRule,net.sourceforge.pmd.lang.java.metrics.impl.NoamTestRule,L19047,L103,C:\Users\domco\Desktop\DP\repos\pmd\pmd-java\src\test\java\net\sourceforge\pmd\lang\java\metrics\impl\NoamTestRule.java,14,1,26,2,0.0,0,0,0,0.0,0.0,0,0,0,0,0,2,3,0,0,0,2,1.0,0.285714,4,4,1,0,0.285714,4,6,8,0,0,1,10,13,31,22,0,2,2,0,0,0,217,2,2,202,20,10,13,31,22,0,2,2,0,0,0,217,2,2,202,20,0,0,16,0,0,0,0,0,0,0,0,0,4,0,0,2,0,0,0,10,0
1687,L19780,NopaTestRule,net.sourceforge.pmd.lang.java.metrics.impl.NopaTestRule,L19047,L103,C:\Users\domco\Desktop\DP\repos\pmd\pmd-java\src\test\java\net\sourceforge\pmd\lang\java\metrics\impl\NopaTestRule.java,14,1,26,2,0.0,0,0,0,0.0,0.0,0,0,0,0,0,2,3,0,0,0,2,1.0,0.285714,4,4,1,0,0.285714,4,6,8,0,0,1,10,13,31,22,0,2,2,0,0,0,217,2,2,202,20,10,13,31,22,0,2,2,0,0,0,217,2,2,202,20,0,0,16,0,0,0,0,0,0,0,0,0,4,0,0,2,0,0,0,10,0
1688,L19786,NPathTestRule,net.sourceforge.pmd.lang.java.metrics.impl.NPathTestRule,L19047,L103,C:\Users\domco\Desktop\DP\repos\pmd\pmd-java\src\test\java\net\sourceforge\pmd\lang\java\metrics\impl\NPathTestRule.java,13,1,25,2,0.0,0,0,0,0.0,0.0,0,0,0,0,0,2,3,0,0,0,2,1.0,0.230769,3,3,1,0,0.230769,3,6,8,0,0,1,10,13,31,22,0,2,2,0,0,0,217,2,2,202,20,10,13,31,22,0,2,2,0,0,0,217,2,2,202,20,0,0,18,0,0,0,0,0,0,0,0,0,6,0,0,2,0,0,0,10,0
1689,L19792,TccTestRule,net.sourceforge.pmd.lang.java.metrics.impl.TccTestRule,L19047,L103,C:\Users\domco\Desktop\DP\repos\pmd\pmd-java\src\test\java\net\sourceforge\pmd\lang\java\metrics\impl\TccTestRule.java,14,1,26,2,0.0,0,0,0,0.0,0.0,0,0,0,0,0,2,3,0,0,0,2,1.0,0.285714,4,4,1,0,0.285714,4,6,8,0,0,1,10,13,31,22,0,2,2,0,0,0,217,2,2,202,20,10,13,31,22,0,2,2,0,0,0,217,2,2,202,20,0,0,16,0,0,0,0,0,0,0,0,0,4,0,0,2,0,0,0,10,0
1690,L19798,WmcTestRule,net.sourceforge.pmd.lang.java.metrics.impl.WmcTestRule,L19047,L103,C:\Users\domco\Desktop\DP\repos\pmd\pmd-java\src\test\java\net\sourceforge\pmd\lang\java\metrics\impl\WmcTestRule.java,13,1,29,2,0.0,0,0,0,0.0,0.0,0,0,1,0,0,3,3,0,0,0,3,1.0,0.176471,3,3,1,0,0.176471,3,6,8,0,0,1,14,17,31,22,0,2,3,0,0,0,218,3,2,202,20,14,17,31,22,0,2,3,0,0,0,218,3,2,202,20,0,0,20,0,0,0,0,0,0,0,0,0,8,0,0,2,0,0,0,10,0
1691,L19805,WocTestRule,net.sourceforge.pmd.lang.java.metrics.impl.WocTestRule,L19047,L103,C:\Users\domco\Desktop\DP\repos\pmd\pmd-java\src\test\java\net\sourceforge\pmd\lang\java\metrics\impl\WocTestRule.java,14,1,26,2,0.0,0,0,0,0.0,0.0,0,0,0,0,0,2,3,0,0,0,2,1.0,0.285714,4,4,1,0,0.285714,4,6,8,0,0,1,10,13,31,22,0,2,2,0,0,0,217,2,2,202,20,10,13,31,22,0,2,2,0,0,0,217,2,2,202,20,0,0,16,0,0,0,0,0,0,0,0,0,4,0,0,2,0,0,0,10,0
1692,L19931,ProjectMemoizerTest$RandomOperationMetric,net.sourceforge.pmd.lang.java.metrics.ProjectMemoizerTest$RandomOperationMetric,L19923,L103,C:\Users\domco\Desktop\DP\repos\pmd\pmd-java\src\test\java\net\sourceforge\pmd\lang\java\metrics\ProjectMemoizerTest.java,95,5,104,6,0.0,0,0,0,0.0,0.0,0,0,1,0,0,1,3,0,0,0,1,0.0,0.0,0,0,0,2,0.0,0,4,5,0,0,1,7,10,1,0,1,0,1,0,1,0,4,1,0,4,0,7,10,1,0,1,0,1,0,1,0,4,1,0,4,0,0,0,5,0,1,0,0,0,0,0,0,1,5,0,0,0,0,0,0,0,0
1693,L19927,ProjectMemoizerTest$RandomClassMetric,net.sourceforge.pmd.lang.java.metrics.ProjectMemoizerTest$RandomClassMetric,L19923,L103,C:\Users\domco\Desktop\DP\repos\pmd\pmd-java\src\test\java\net\sourceforge\pmd\lang\java\metrics\ProjectMemoizerTest.java,106,5,115,6,0.0,0,0,0,0.0,0.0,0,0,1,0,0,1,3,0,0,0,1,0.0,0.0,0,0,0,2,0.0,0,4,5,0,0,1,7,10,1,3,1,0,1,0,1,0,9,1,0,4,0,7,10,1,3,1,0,1,0,1,0,9,1,0,4,0,0,0,5,0,1,0,0,0,0,0,0,1,5,0,0,0,0,0,0,0,0
1694,L20045,GetterDetection,net.sourceforge.pmd.lang.java.metrics.testdata.GetterDetection,L20085,L103,C:\Users\domco\Desktop\DP\repos\pmd\pmd-java\src\test\java\net\sourceforge\pmd\lang\java\metrics\testdata\GetterDetection.java,12,1,59,2,0.0,0,0,0,0.0,0.0,0,0,2,0,0,3,0,1,0,0,3,0.25,0.642857,27,3,1,3,0.642857,27,0,0,0,0,0,15,48,4,1,4,1,3,0,3,0,3,3,0,3,0,15,48,4,1,4,1,3,0,3,0,3,3,0,3,0,0,0,6,2,1,2,0,0,1,0,0,0,5,0,1,0,0,0,0,0,0
1695,L19937,MetricsVisitorTestData,net.sourceforge.pmd.lang.java.metrics.testdata.MetricsVisitorTestData,L20085,L103,C:\Users\domco\Desktop\DP\repos\pmd\pmd-java\src\test\java\net\sourceforge\pmd\lang\java\metrics\testdata\MetricsVisitorTestData.java,12,1,75,2,0.0,0,0,0,0.0,0.0,0,0,5,0,0,11,0,1,0,0,11,0.142857,0.135135,5,5,1,6,0.116279,5,0,0,0,0,0,32,54,4,2,4,2,11,1,6,2,11,4,1,6,2,38,64,4,2,4,2,13,1,8,2,13,4,1,8,2,0,0,37,3,11,3,0,2,1,0,0,1,32,8,0,0,0,0,0,4,0
1696,L20057,SetterDetection,net.sourceforge.pmd.lang.java.metrics.testdata.SetterDetection,L20085,L103,C:\Users\domco\Desktop\DP\repos\pmd\pmd-java\src\test\java\net\sourceforge\pmd\lang\java\metrics\testdata\SetterDetection.java,12,1,38,2,0.0,0,0,0,0.0,0.0,0,0,2,0,0,6,0,1,0,0,5,0.166667,0.125,3,3,1,5,0.125,3,0,0,0,0,0,21,27,4,0,4,0,5,0,5,1,5,5,0,5,1,21,27,4,0,4,0,5,0,5,1,5,5,0,5,1,0,0,14,3,5,3,0,0,1,0,0,1,13,0,4,0,0,0,0,0,0
1697,L20149,XPathMetricFunctionTest,net.sourceforge.pmd.lang.java.metrics.xpath.XPathMetricFunctionTest,L20146,L103,C:\Users\domco\Desktop\DP\repos\pmd\pmd-java\src\test\java\net\sourceforge\pmd\lang\java\metrics\xpath\XPathMetricFunctionTest.java,33,1,146,2,0.0,0,0,0,0.0,0.0,0,0,1,1,1,11,15,0,0,18,28,0.125,0.045977,4,4,1,7,0.045977,4,0,0,0,0,0,83,114,2,1,2,1,10,1,7,0,10,35,1,7,0,83,114,2,1,2,1,10,1,7,0,10,35,1,7,0,0,0,28,4,3,7,0,0,0,0,1,0,23,0,0,0,0,0,0,4,0
1698,L19104,JavaFieldSigMask,net.sourceforge.pmd.lang.java.multifile.signature.JavaFieldSigMask,L20393,L103,C:\Users\domco\Desktop\DP\repos\pmd\pmd-java\src\main\java\net\sourceforge\pmd\lang\java\multifile\signature\JavaFieldSigMask.java,12,1,59,2,0.0,0,0,0,0.0,0.0,0,0,1,0,0,12,2,11,12,1,9,0.333333,0.194444,7,7,3,6,0.194444,7,2,2,0,0,1,29,48,3,0,2,0,8,0,8,0,12,8,0,12,0,29,48,3,0,2,0,8,0,8,0,12,8,0,12,0,0,0,15,0,3,0,0,1,0,0,0,0,15,0,2,0,0,0,0,0,0
1699,L15232,JavaFieldSignature,net.sourceforge.pmd.lang.java.multifile.signature.JavaFieldSignature,L20393,L103,C:\Users\domco\Desktop\DP\repos\pmd\pmd-java\src\main\java\net\sourceforge\pmd\lang\java\multifile\signature\JavaFieldSignature.java,17,1,74,2,0.0,0,0,0,0.0,0.0,0,0,2,1,1,9,3,6,10,4,10,0.4,0.265306,13,13,2,3,0.265306,13,2,2,0,0,1,36,58,4,0,3,0,6,2,4,0,7,11,3,4,0,36,58,4,0,3,0,6,2,4,0,7,11,3,4,0,0,0,14,0,0,0,0,0,1,0,0,0,9,0,0,0,0,0,0,4,0
1700,L19089,JavaOperationSigMask,net.sourceforge.pmd.lang.java.multifile.signature.JavaOperationSigMask,L20393,L103,C:\Users\domco\Desktop\DP\repos\pmd\pmd-java\src\main\java\net\sourceforge\pmd\lang\java\multifile\signature\JavaOperationSigMask.java,18,1,78,2,0.0,0,0,0,0.0,0.0,0,0,1,0,0,10,3,12,11,1,8,0.625,0.45098,23,23,5,3,0.45098,23,2,2,0,0,1,28,61,3,0,2,0,7,0,7,0,11,8,0,11,0,28,61,3,0,2,0,7,0,7,0,11,8,0,11,0,0,0,7,0,3,0,0,0,0,0,0,1,7,0,1,0,0,1,0,0,0
1701,L15045,JavaOperationSignature,net.sourceforge.pmd.lang.java.multifile.signature.JavaOperationSignature,L20393,L103,C:\Users\domco\Desktop\DP\repos\pmd\pmd-java\src\main\java\net\sourceforge\pmd\lang\java\multifile\signature\JavaOperationSignature.java,30,1,182,2,0.0,0,0,0,0.0,0.0,0,0,2,1,1,8,5,9,10,4,10,0.4,0.265306,13,13,2,3,0.165217,19,2,2,0,0,1,36,62,4,0,3,0,6,2,4,0,7,11,3,4,0,96,153,9,0,8,0,12,6,5,0,13,41,7,5,0,0,0,35,0,0,0,0,0,1,0,1,0,25,0,0,0,0,0,0,8,1.0
1702,L20403,JavaSigMask<T extends JavaSignature<?>>,net.sourceforge.pmd.lang.java.multifile.signature.JavaSigMask,L20393,L103,C:\Users\domco\Desktop\DP\repos\pmd\pmd-java\src\main\java\net\sourceforge\pmd\lang\java\multifile\signature\JavaSigMask.java,21,1,60,2,0.0,0,0,0,0.0,0.0,0,0,1,0,0,4,5,10,12,0,4,0.8,0.552632,21,21,4,1,0.552632,21,1,1,2,2,1,17,40,1,0,1,0,4,0,4,0,4,5,0,4,0,17,40,1,0,1,0,4,0,4,0,4,5,0,4,0,0,0,3,0,1,0,0,0,0,0,0,1,3,0,0,0,0,0,0,0,0
1703,L20023,JavaSignature<N extends SignedNode<N>>,net.sourceforge.pmd.lang.java.multifile.signature.JavaSignature,L20393,L103,C:\Users\domco\Desktop\DP\repos\pmd\pmd-java\src\main\java\net\sourceforge\pmd\lang\java\multifile\signature\JavaSignature.java,16,1,58,2,0.0,0,0,0,0.0,0.0,0,0,0,0,0,1,3,4,2,0,1,1.0,0.647059,11,11,1,0,0.512195,21,1,1,2,2,1,6,20,1,0,1,0,1,1,0,0,1,1,1,0,0,20,43,5,0,5,0,2,5,1,0,2,8,5,1,0,0,0,8,0,0,0,0,0,0,0,0,0,0,0,0,0,0,0,0,8,0
1704,L20610,ClassStatsTest$FluentOperationSigMask,net.sourceforge.pmd.lang.java.multifile.ClassStatsTest$FluentOperationSigMask,L20597,L103,C:\Users\domco\Desktop\DP\repos\pmd\pmd-java\src\test\java\net\sourceforge\pmd\lang\java\multifile\ClassStatsTest.java,86,5,107,6,0.0,0,0,0,0.0,0.0,0,0,1,0,0,3,4,1,1,3,6,1.0,0.0625,1,1,1,0,0.0625,1,0,0,0,0,0,15,22,1,0,1,0,3,0,0,0,3,6,0,0,0,15,22,1,0,1,0,3,0,0,0,3,6,0,0,0,0,0,8,0,4,0,0,4,0,0,0,0,8,0,0,0,0,0,0,0,0
1705,L20625,ClassStatsTest$FluentFieldSigMask,net.sourceforge.pmd.lang.java.multifile.ClassStatsTest$FluentFieldSigMask,L20597,L103,C:\Users\domco\Desktop\DP\repos\pmd\pmd-java\src\test\java\net\sourceforge\pmd\lang\java\multifile\ClassStatsTest.java,109,5,118,6,0.0,0,0,0,0.0,0.0,0,0,1,0,0,1,3,1,1,1,2,0.0,0.0,0,0,0,1,0.0,0,0,0,0,0,0,7,10,1,0,1,0,1,0,0,0,1,2,0,0,0,7,10,1,0,1,0,1,0,0,0,1,2,0,0,0,0,0,5,0,2,0,0,2,0,0,0,0,5,0,0,0,0,0,0,0,0
1706,L20681,MultifileVisitorTestData,net.sourceforge.pmd.lang.java.multifile.testdata.MultifileVisitorTestData,L20676,L103,C:\Users\domco\Desktop\DP\repos\pmd\pmd-java\src\test\java\net\sourceforge\pmd\lang\java\multifile\testdata\MultifileVisitorTestData.java,12,1,75,2,0.0,0,0,0,0.0,0.0,0,0,5,0,0,11,0,0,0,0,11,0.142857,0.135135,5,5,1,6,0.116279,5,0,0,0,0,0,32,54,4,2,4,2,11,1,6,2,11,4,1,6,2,38,64,4,2,4,2,13,1,8,2,13,4,1,8,2,0,0,37,3,11,3,0,2,1,0,0,1,32,8,0,0,0,0,0,4,0
1707,L20646,MultifileVisitorTestData2,net.sourceforge.pmd.lang.java.multifile.testdata.MultifileVisitorTestData2,L20676,L103,C:\Users\domco\Desktop\DP\repos\pmd\pmd-java\src\test\java\net\sourceforge\pmd\lang\java\multifile\testdata\MultifileVisitorTestData2.java,12,1,75,2,0.0,0,0,0,0.0,0.0,0,0,5,0,0,11,0,1,0,0,11,0.142857,0.135135,5,5,1,6,0.116279,5,0,0,0,0,0,32,54,4,2,4,2,11,1,6,2,11,4,1,6,2,38,64,4,2,4,2,13,1,8,2,13,4,1,8,2,0,0,37,3,11,3,0,2,1,0,0,1,32,8,0,0,0,0,0,4,0
1708,L20605,SignatureCountTestData,net.sourceforge.pmd.lang.java.multifile.testdata.SignatureCountTestData,L20676,L103,C:\Users\domco\Desktop\DP\repos\pmd\pmd-java\src\test\java\net\sourceforge\pmd\lang\java\multifile\testdata\SignatureCountTestData.java,30,1,140,2,0.0,0,0,0,0.0,0.0,0,0,7,0,0,21,0,1,0,0,21,0.0909091,0.204819,17,17,1,10,0.204819,17,0,0,0,0,0,66,111,6,4,6,4,21,3,10,4,21,19,3,10,4,66,111,6,4,6,4,21,3,10,4,21,19,3,10,4,0,0,52,5,8,4,0,5,1,0,0,1,45,3,0,0,0,0,0,6,0
1709,L21440,AbstractSunSecureRule,net.sourceforge.pmd.lang.java.rule.bestpractices.AbstractSunSecureRule,L21415,L103,C:\Users\domco\Desktop\DP\repos\pmd\pmd-java\src\main\java\net\sourceforge\pmd\lang\java\rule\bestpractices\AbstractSunSecureRule.java,29,1,146,2,0.341637,1,8,2,0.20339,0.40678,24,24,3,3,3,24,13,2,3,12,18,1.0,0.495726,58,58,1,0,0.495726,58,4,6,2,2,1,59,118,21,22,0,2,6,0,0,0,205,31,2,191,20,59,118,21,22,0,2,6,0,0,0,205,31,2,191,20,0,0,33,0,0,0,17,0,1,0,1,0,4,0,0,1,0,0,0,9,0
1710,L21467,AccessorClassGenerationRule,net.sourceforge.pmd.lang.java.rule.bestpractices.AccessorClassGenerationRule,L21415,L103,C:\Users\domco\Desktop\DP\repos\pmd\pmd-java\src\main\java\net\sourceforge\pmd\lang\java\rule\bestpractices\AccessorClassGenerationRule.java,35,1,98,2,0.0,0,0,0,0.0,0.0,0,0,1,5,5,12,13,0,0,15,19,0.2,0.338028,24,15,1,4,0.338028,24,4,6,0,0,1,47,64,22,20,1,0,4,0,4,0,203,25,2,195,20,47,64,22,20,1,0,4,0,4,0,203,25,2,195,20,0,0,20,0,1,0,0,0,0,2,1,1,7,0,0,1,0,0,0,9,0
1711,L21493,AccessorMethodGenerationRule,net.sourceforge.pmd.lang.java.rule.bestpractices.AccessorMethodGenerationRule,L21415,L103,C:\Users\domco\Desktop\DP\repos\pmd\pmd-java\src\main\java\net\sourceforge\pmd\lang\java\rule\bestpractices\AccessorMethodGenerationRule.java,23,1,68,2,0.0,0,0,0,0.0,0.0,0,0,1,2,2,9,19,0,0,12,15,0.0,0.131579,5,0,0,3,0.131579,5,4,6,0,0,1,33,46,21,20,0,0,3,0,2,0,202,18,2,193,20,33,46,21,20,0,0,3,0,2,0,202,18,2,193,20,0,0,20,0,1,1,0,0,0,0,1,0,9,0,0,1,0,0,0,9,1.0
1712,L21528,ArrayIsStoredDirectlyRule,net.sourceforge.pmd.lang.java.rule.bestpractices.ArrayIsStoredDirectlyRule,L21415,L103,C:\Users\domco\Desktop\DP\repos\pmd\pmd-java\src\main\java\net\sourceforge\pmd\lang\java\rule\bestpractices\ArrayIsStoredDirectlyRule.java,34,1,168,2,0.0,0,0,0,0.0,0.0,0,0,2,5,5,36,19,0,0,19,26,0.25,0.135338,18,12,1,3,0.135338,18,5,7,0,0,1,115,135,21,24,0,2,7,0,3,0,212,70,2,194,20,115,135,21,24,0,2,7,0,3,0,212,70,2,194,20,0,0,33,4,0,0,0,0,1,4,1,0,17,0,1,1,0,3,0,9,0
1713,L21569,AvoidReassigningParametersRule,net.sourceforge.pmd.lang.java.rule.bestpractices.AvoidReassigningParametersRule,L21415,L103,C:\Users\domco\Desktop\DP\repos\pmd\pmd-java\src\main\java\net\sourceforge\pmd\lang\java\rule\bestpractices\AvoidReassigningParametersRule.java,17,1,52,2,0.0,0,0,0,0.0,0.0,0,0,1,3,3,12,11,0,0,16,19,0.0,0.0606061,2,0,0,3,0.0606061,2,4,6,0,0,1,31,36,21,20,0,0,3,0,2,0,202,13,2,193,20,31,36,21,20,0,0,3,0,2,0,202,13,2,193,20,0,0,21,0,0,0,0,0,0,0,2,0,9,0,0,1,0,0,0,9,0
1714,L21591,AvoidUsingHardCodedIPRule,net.sourceforge.pmd.lang.java.rule.bestpractices.AvoidUsingHardCodedIPRule,L21415,L103,C:\Users\domco\Desktop\DP\repos\pmd\pmd-java\src\main\java\net\sourceforge\pmd\lang\java\rule\bestpractices\AvoidUsingHardCodedIPRule.java,20,1,224,2,0.0,0,0,0,0.0,0.0,0,0,1,4,4,56,7,0,0,7,16,0.166667,0.150838,27,5,1,5,0.150838,27,4,6,0,0,1,152,205,33,20,12,0,9,4,5,0,207,79,6,195,20,152,205,33,20,12,0,9,4,5,0,207,79,6,195,20,0,0,37,0,2,1,0,1,0,3,0,0,19,0,0,1,0,0,0,14,0
1715,L21660,CheckResultSetRule,net.sourceforge.pmd.lang.java.rule.bestpractices.CheckResultSetRule,L21415,L103,C:\Users\domco\Desktop\DP\repos\pmd\pmd-java\src\main\java\net\sourceforge\pmd\lang\java\rule\bestpractices\CheckResultSetRule.java,30,1,91,2,0.0,0,0,0,0.0,0.0,0,0,1,3,3,20,15,0,0,9,13,0.25,0.0847458,5,5,1,3,0.0847458,5,4,6,0,0,1,54,62,23,21,2,1,4,0,3,0,203,21,2,194,20,54,62,23,21,2,1,4,0,3,0,203,21,2,194,20,0,0,22,0,1,0,0,0,0,0,1,1,11,0,0,1,0,0,0,9,0
1716,L21690,ForLoopCanBeForeachRule,net.sourceforge.pmd.lang.java.rule.bestpractices.ForLoopCanBeForeachRule,L21415,L103,C:\Users\domco\Desktop\DP\repos\pmd\pmd-java\src\main\java\net\sourceforge\pmd\lang\java\rule\bestpractices\ForLoopCanBeForeachRule.java,36,1,408,2,0.0885668,1,6,2,0.0911528,0.100775,34,26,1,5,4,87,21,0,0,27,42,0.5,0.0652174,18,18,1,1,0.0652174,18,4,6,0,0,1,258,373,21,24,0,4,15,0,1,0,214,139,2,192,20,258,373,21,24,0,4,15,0,1,0,214,139,2,192,20,0,0,62,4,0,0,16,0,0,3,2,3,31,0,1,1,0,0,0,9,1.0
1717,L21763,GuardLogStatementRule,net.sourceforge.pmd.lang.java.rule.bestpractices.GuardLogStatementRule,L21415,L103,C:\Users\domco\Desktop\DP\repos\pmd\pmd-java\src\main\java\net\sourceforge\pmd\lang\java\rule\bestpractices\GuardLogStatementRule.java,32,1,160,2,0.0,0,0,0,0.0,0.0,0,0,2,3,3,19,9,0,0,8,15,0.25,0.264,33,29,1,3,0.264,33,4,6,0,0,2,92,129,25,20,4,0,7,0,3,0,206,41,2,194,20,92,129,25,20,4,0,7,0,3,0,206,41,2,194,20,0,1,28,2,1,1,0,0,1,0,0,1,15,0,1,2,0,1,0,10,0
1718,L21805,JUnitAssertionsShouldIncludeMessageRule,net.sourceforge.pmd.lang.java.rule.bestpractices.JUnitAssertionsShouldIncludeMessageRule,L21415,L103,C:\Users\domco\Desktop\DP\repos\pmd\pmd-java\src\main\java\net\sourceforge\pmd\lang\java\rule\bestpractices\JUnitAssertionsShouldIncludeMessageRule.java,17,1,80,2,0.0,0,0,0,0.0,0.0,0,0,1,1,1,3,4,0,0,3,5,0.0,0.0,0,0,0,3,0.0,0,5,7,0,0,1,23,28,28,20,1,0,2,0,2,0,212,14,2,195,20,55,64,30,20,3,0,6,0,3,0,219,27,2,197,20,0,0,34,0,3,1,0,1,0,2,0,1,21,0,0,1,0,0,0,10,1.0
1719,L21847,JUnitTestsShouldIncludeAssertRule,net.sourceforge.pmd.lang.java.rule.bestpractices.JUnitTestsShouldIncludeAssertRule,L21415,L103,C:\Users\domco\Desktop\DP\repos\pmd\pmd-java\src\main\java\net\sourceforge\pmd\lang\java\rule\bestpractices\JUnitTestsShouldIncludeAssertRule.java,28,1,193,2,0.0,0,0,0,0.0,0.0,0,0,2,4,4,53,21,0,0,27,35,0.0,0.12,18,17,0,3,0.12,18,5,7,0,0,1,132,166,27,21,0,1,8,0,2,0,218,76,2,195,20,132,166,27,21,0,1,8,0,2,0,218,76,2,195,20,0,0,35,0,1,0,0,0,1,5,1,1,17,0,0,1,0,0,0,10,0
1720,L21896,JUnitUseExpectedRule,net.sourceforge.pmd.lang.java.rule.bestpractices.JUnitUseExpectedRule,L21415,L103,C:\Users\domco\Desktop\DP\repos\pmd\pmd-java\src\main\java\net\sourceforge\pmd\lang\java\rule\bestpractices\JUnitUseExpectedRule.java,44,1,116,2,0.0,0,0,0,0.0,0.0,0,0,1,4,4,22,14,0,0,13,16,0.333333,0.241758,22,22,1,2,0.241758,22,5,7,0,0,1,69,73,27,21,0,1,3,0,2,0,213,48,2,195,20,69,73,27,21,0,1,3,0,2,0,213,48,2,195,20,0,0,24,0,0,0,0,0,0,3,1,0,9,0,0,1,0,0,0,10,0
1721,L21913,LooseCouplingRule,net.sourceforge.pmd.lang.java.rule.bestpractices.LooseCouplingRule,L21415,L103,C:\Users\domco\Desktop\DP\repos\pmd\pmd-java\src\main\java\net\sourceforge\pmd\lang\java\rule\bestpractices\LooseCouplingRule.java,19,1,60,2,0.0,0,0,0,0.0,0.0,0,0,1,3,3,13,14,0,0,10,12,0.5,0.25641,10,10,1,1,0.25641,10,4,6,0,0,1,29,42,21,20,0,0,2,0,1,0,201,16,2,192,20,29,42,21,20,0,0,2,0,1,0,201,16,2,192,20,0,0,14,0,0,0,0,0,0,0,1,0,3,0,0,1,0,0,0,9,0
1722,L21933,MethodReturnsInternalArrayRule,net.sourceforge.pmd.lang.java.rule.bestpractices.MethodReturnsInternalArrayRule,L21415,L103,C:\Users\domco\Desktop\DP\repos\pmd\pmd-java\src\main\java\net\sourceforge\pmd\lang\java\rule\bestpractices\MethodReturnsInternalArrayRule.java,33,1,142,2,0.0,0,0,0,0.0,0.0,0,0,2,8,7,45,21,0,0,23,28,0.333333,0.0630631,7,6,1,2,0.0630631,7,5,7,0,0,1,104,110,21,22,0,0,5,0,2,0,210,58,2,193,20,104,110,21,22,0,0,5,0,2,0,210,58,2,193,20,0,0,33,0,0,0,0,0,1,7,2,0,13,0,0,1,0,0,0,9,0
1723,L21963,PreserveStackTraceRule,net.sourceforge.pmd.lang.java.rule.bestpractices.PreserveStackTraceRule,L21415,L103,C:\Users\domco\Desktop\DP\repos\pmd\pmd-java\src\main\java\net\sourceforge\pmd\lang\java\rule\bestpractices\PreserveStackTraceRule.java,33,1,157,2,0.0,0,0,0,0.0,0.0,0,0,1,10,9,37,21,0,0,23,28,0.5,0.16,20,13,1,1,0.16,20,4,6,0,0,1,105,125,22,20,1,0,5,0,1,0,204,63,2,192,20,105,125,22,20,1,0,5,0,1,0,204,63,2,192,20,0,0,29,0,2,0,0,1,0,6,2,1,11,0,0,1,0,0,0,9,0
1724,L21997,UnusedFormalParameterRule,net.sourceforge.pmd.lang.java.rule.bestpractices.UnusedFormalParameterRule,L21415,L103,C:\Users\domco\Desktop\DP\repos\pmd\pmd-java\src\main\java\net\sourceforge\pmd\lang\java\rule\bestpractices\UnusedFormalParameterRule.java,29,1,127,2,0.0,0,0,0,0.0,0.0,0,0,1,3,3,40,23,0,0,33,41,0.0,0.0111111,1,0,0,4,0.0111111,1,4,6,0,0,1,89,99,22,20,1,0,8,0,3,0,207,48,2,194,20,89,99,22,20,1,0,8,0,3,0,207,48,2,194,20,0,0,30,0,2,2,0,0,0,0,1,0,19,0,0,1,0,0,0,9,1.0
1725,L22038,UnusedImportsRule,net.sourceforge.pmd.lang.java.rule.bestpractices.UnusedImportsRule,L21415,L103,C:\Users\domco\Desktop\DP\repos\pmd\pmd-java\src\main\java\net\sourceforge\pmd\lang\java\rule\bestpractices\UnusedImportsRule.java,26,1,178,2,0.0,0,0,0,0.0,0.0,0,0,1,7,7,31,15,0,0,21,28,0.0,0.109489,15,10,0,5,0.109489,15,4,6,0,0,1,122,153,27,21,6,1,7,0,4,0,206,68,2,195,20,122,153,27,21,6,1,7,0,4,0,206,68,2,195,20,0,0,33,0,1,0,0,1,0,5,1,0,15,0,0,1,0,0,0,11,0
1726,L22101,UnusedLocalVariableRule,net.sourceforge.pmd.lang.java.rule.bestpractices.UnusedLocalVariableRule,L21415,L103,C:\Users\domco\Desktop\DP\repos\pmd\pmd-java\src\main\java\net\sourceforge\pmd\lang\java\rule\bestpractices\UnusedLocalVariableRule.java,16,1,48,2,0.0,0,0,0,0.0,0.0,0,0,1,2,2,9,11,0,0,11,14,0.0,0.103448,3,0,0,3,0.103448,3,4,6,0,0,1,26,33,21,20,0,0,3,0,2,0,202,15,2,193,20,26,33,21,20,0,0,3,0,2,0,202,15,2,193,20,0,0,20,0,1,1,0,0,0,0,1,0,9,0,0,1,0,0,0,9,1.0
1727,L22109,UnusedPrivateFieldRule,net.sourceforge.pmd.lang.java.rule.bestpractices.UnusedPrivateFieldRule,L21415,L103,C:\Users\domco\Desktop\DP\repos\pmd\pmd-java\src\main\java\net\sourceforge\pmd\lang\java\rule\bestpractices\UnusedPrivateFieldRule.java,28,1,124,2,0.197861,1,6,2,0.216495,0.253012,21,21,1,5,5,29,22,0,0,17,23,0.0,0.0568182,5,3,0,2,0.0568182,5,5,7,0,0,1,83,97,25,20,0,0,6,0,1,0,211,47,2,196,20,83,97,25,20,0,0,6,0,1,0,211,47,2,196,20,0,0,47,0,1,0,17,0,0,2,2,1,15,0,0,1,0,0,0,10,0
1728,L22152,UnusedPrivateMethodRule,net.sourceforge.pmd.lang.java.rule.bestpractices.UnusedPrivateMethodRule,L21415,L103,C:\Users\domco\Desktop\DP\repos\pmd\pmd-java\src\main\java\net\sourceforge\pmd\lang\java\rule\bestpractices\UnusedPrivateMethodRule.java,29,1,110,2,0.0,0,0,0,0.0,0.0,0,0,1,3,3,20,17,0,0,17,21,1.0,0.2125,17,13,2,0,0.2125,17,4,6,0,0,1,63,82,21,20,0,0,4,0,1,0,203,37,2,192,20,63,82,21,20,0,0,4,0,1,0,203,37,2,192,20,0,0,20,0,1,1,0,0,0,0,2,0,8,0,0,1,0,0,0,9,1.0
1729,L22184,UseCollectionIsEmptyRule,net.sourceforge.pmd.lang.java.rule.bestpractices.UseCollectionIsEmptyRule,L21415,L103,C:\Users\domco\Desktop\DP\repos\pmd\pmd-java\src\main\java\net\sourceforge\pmd\lang\java\rule\bestpractices\UseCollectionIsEmptyRule.java,32,1,106,2,0.0,0,0,0,0.0,0.0,0,0,3,3,3,16,18,0,0,19,25,0.4,0.178082,13,13,2,3,0.178082,13,5,7,0,0,1,60,75,22,25,0,3,6,0,4,0,214,32,2,197,20,60,75,22,25,0,3,6,0,4,0,214,32,2,197,20,0,0,27,0,3,2,0,0,1,0,2,1,13,0,0,1,0,0,0,10,1.0
1730,L22207,BestPracticesRulesTest,net.sourceforge.pmd.lang.java.rule.bestpractices.BestPracticesRulesTest,L21415,L103,C:\Users\domco\Desktop\DP\repos\pmd\pmd-java\src\test\java\net\sourceforge\pmd\lang\java\rule\bestpractices\BestPracticesRulesTest.java,12,1,64,2,0.0,0,0,0,0.0,0.0,0,0,0,0,0,1,1,0,0,1,2,0.5,0.0754717,4,3,1,1,0.0754717,4,2,2,0,0,1,49,53,3,3,1,0,1,0,1,1,25,43,0,13,2,49,53,3,3,1,0,1,0,1,1,25,43,0,13,2,0,0,5,0,1,0,0,0,0,0,0,0,5,0,1,0,0,0,0,0,0
1731,L22265,AvoidDollarSignsRule,net.sourceforge.pmd.lang.java.rule.codestyle.AvoidDollarSignsRule,L22244,L103,C:\Users\domco\Desktop\DP\repos\pmd\pmd-java\src\main\java\net\sourceforge\pmd\lang\java\rule\codestyle\AvoidDollarSignsRule.java,12,1,38,2,0.0,0,0,0,0.0,0.0,0,0,1,1,1,6,6,0,0,5,8,0.0,0.0,0,0,0,4,0.0,0,4,6,0,0,1,23,27,21,20,0,0,3,0,3,0,202,12,2,194,20,23,27,21,20,0,0,3,0,3,0,202,12,2,194,20,0,0,19,0,3,3,0,0,0,0,0,0,9,0,0,1,0,0,0,9,1.0
1732,L22277,ClassNamingConventionsRule,net.sourceforge.pmd.lang.java.rule.codestyle.ClassNamingConventionsRule,L22244,L103,C:\Users\domco\Desktop\DP\repos\pmd\pmd-java\src\main\java\net\sourceforge\pmd\lang\java\rule\codestyle\ClassNamingConventionsRule.java,10,1,18,2,0.0,0,0,0,0.0,0.0,0,0,1,1,1,2,4,0,0,2,3,0.0,0.0,0,0,0,2,0.0,0,4,6,0,0,1,8,9,21,20,0,0,1,0,1,0,200,3,2,192,20,8,9,21,20,0,0,1,0,1,0,200,3,2,192,20,0,0,15,0,1,1,0,0,0,0,0,0,5,0,0,1,0,0,0,9,1.0
1733,L22282,CommentDefaultAccessModifierRule,net.sourceforge.pmd.lang.java.rule.codestyle.CommentDefaultAccessModifierRule,L22244,L103,C:\Users\domco\Desktop\DP\repos\pmd\pmd-java\src\main\java\net\sourceforge\pmd\lang\java\rule\codestyle\CommentDefaultAccessModifierRule.java,32,1,134,2,0.0,0,0,0,0.0,0.0,0,0,1,4,4,26,18,0,0,23,33,0.111111,0.132653,13,6,1,8,0.132653,13,5,7,0,0,1,85,103,24,20,3,0,10,0,8,1,221,37,2,199,21,85,103,24,20,3,0,10,0,8,1,221,37,2,199,21,0,1,34,0,2,0,0,1,0,2,1,1,21,0,1,1,0,0,0,9,1.0
1734,L22330,ConfusingTernaryRule,net.sourceforge.pmd.lang.java.rule.codestyle.ConfusingTernaryRule,L22244,L103,C:\Users\domco\Desktop\DP\repos\pmd\pmd-java\src\main\java\net\sourceforge\pmd\lang\java\rule\codestyle\ConfusingTernaryRule.java,53,1,145,2,0.0,0,0,0,0.0,0.0,0,0,1,4,4,33,15,0,0,13,21,0.25,0.367521,43,34,1,3,0.367521,43,4,6,0,0,1,74,93,22,20,1,0,8,0,3,0,207,40,2,194,20,74,93,22,20,1,0,8,0,3,0,207,40,2,194,20,0,0,26,0,3,2,0,0,0,2,1,1,13,0,0,1,0,0,0,9,1.0
1735,L22359,DontImportJavaLangRule,net.sourceforge.pmd.lang.java.rule.codestyle.DontImportJavaLangRule,L22244,L103,C:\Users\domco\Desktop\DP\repos\pmd\pmd-java\src\main\java\net\sourceforge\pmd\lang\java\rule\codestyle\DontImportJavaLangRule.java,10,1,32,2,0.0,0,0,0,0.0,0.0,0,0,1,3,3,6,5,0,0,5,6,0.0,0.05,1,0,0,2,0.05,1,4,6,0,0,1,19,23,22,20,1,0,1,0,1,0,200,9,2,192,20,19,23,22,20,1,0,1,0,1,0,200,9,2,192,20,0,0,15,0,1,0,0,0,0,0,0,1,5,0,0,1,0,0,0,9,0
1736,L22366,DuplicateImportsRule,net.sourceforge.pmd.lang.java.rule.codestyle.DuplicateImportsRule,L22244,L103,C:\Users\domco\Desktop\DP\repos\pmd\pmd-java\src\main\java\net\sourceforge\pmd\lang\java\rule\codestyle\DuplicateImportsRule.java,17,1,111,2,0.0,0,0,0,0.0,0.0,0,0,1,6,6,20,7,0,0,14,17,0.0,0.235955,21,7,0,3,0.235955,21,4,6,0,0,1,68,95,23,20,2,0,3,0,2,0,202,38,2,193,20,68,95,23,20,2,0,3,0,2,0,202,38,2,193,20,0,0,21,0,3,2,0,0,0,4,0,1,7,0,0,1,0,0,0,9,1.0
1737,L22395,FieldDeclarationsShouldBeAtStartOfClassRule,net.sourceforge.pmd.lang.java.rule.codestyle.FieldDeclarationsShouldBeAtStartOfClassRule,L22244,L103,C:\Users\domco\Desktop\DP\repos\pmd\pmd-java\src\main\java\net\sourceforge\pmd\lang\java\rule\codestyle\FieldDeclarationsShouldBeAtStartOfClassRule.java,37,1,113,2,0.0,0,0,0,0.0,0.0,0,0,1,3,3,19,14,0,0,10,13,0.666667,0.318681,29,29,2,1,0.318681,29,4,6,0,0,1,62,77,24,20,3,0,3,0,2,0,202,37,2,193,20,62,77,24,20,3,0,3,0,2,0,202,37,2,193,20,0,0,15,0,3,0,0,0,0,1,1,3,3,0,0,1,0,0,0,9,0
1738,L22412,LocalVariableCouldBeFinalRule,net.sourceforge.pmd.lang.java.rule.codestyle.LocalVariableCouldBeFinalRule,L22244,L103,C:\Users\domco\Desktop\DP\repos\pmd\pmd-java\src\main\java\net\sourceforge\pmd\lang\java\rule\codestyle\LocalVariableCouldBeFinalRule.java,16,1,36,2,0.0,0,0,0,0.0,0.0,0,0,1,2,2,5,9,0,0,7,8,0.0,0.0,0,0,0,2,0.0,0,5,7,0,0,1,19,21,21,20,0,0,1,0,1,0,202,11,2,193,20,19,21,21,20,0,0,1,0,1,0,202,11,2,193,20,0,0,15,0,1,1,0,0,0,0,0,0,5,0,0,1,0,0,0,9,1.0
1739,L22424,MethodArgumentCouldBeFinalRule,net.sourceforge.pmd.lang.java.rule.codestyle.MethodArgumentCouldBeFinalRule,L22244,L103,C:\Users\domco\Desktop\DP\repos\pmd\pmd-java\src\main\java\net\sourceforge\pmd\lang\java\rule\codestyle\MethodArgumentCouldBeFinalRule.java,19,1,47,2,0.0,0,0,0,0.0,0.0,0,0,1,2,2,9,13,0,0,11,14,0.0,0.0,0,0,0,3,0.0,0,5,7,0,0,1,25,29,21,20,0,0,3,0,2,0,204,12,2,194,20,25,29,21,20,0,0,3,0,2,0,204,12,2,194,20,0,0,20,0,0,0,0,0,0,0,1,0,9,0,0,1,0,0,0,9,0
1740,L22436,MethodNamingConventionsRule,net.sourceforge.pmd.lang.java.rule.codestyle.MethodNamingConventionsRule,L22244,L103,C:\Users\domco\Desktop\DP\repos\pmd\pmd-java\src\main\java\net\sourceforge\pmd\lang\java\rule\codestyle\MethodNamingConventionsRule.java,18,1,66,2,0.0,0,0,0,0.0,0.0,0,0,1,2,2,12,12,0,0,11,15,0.0,0.0,0,0,0,4,0.0,0,4,6,0,0,1,40,49,23,20,2,0,4,0,3,0,203,20,2,194,20,40,49,23,20,2,0,4,0,3,0,203,20,2,194,20,0,0,22,0,2,2,0,0,0,0,1,0,11,0,0,1,0,0,0,9,1.0
1741,L22451,OnlyOneReturnRule,net.sourceforge.pmd.lang.java.rule.codestyle.OnlyOneReturnRule,L22244,L103,C:\Users\domco\Desktop\DP\repos\pmd\pmd-java\src\main\java\net\sourceforge\pmd\lang\java\rule\codestyle\OnlyOneReturnRule.java,18,1,68,2,0.0,0,0,0,0.0,0.0,0,0,2,3,3,10,8,0,0,6,9,0.0,0.195652,9,8,0,3,0.195652,9,4,6,0,0,1,37,51,21,20,0,0,3,0,2,0,202,21,2,193,20,37,51,21,20,0,0,3,0,2,0,202,21,2,193,20,0,0,18,0,0,0,0,0,1,0,0,0,7,0,0,1,0,0,0,9,0
1742,L22469,PrematureDeclarationRule,net.sourceforge.pmd.lang.java.rule.codestyle.PrematureDeclarationRule,L22244,L103,C:\Users\domco\Desktop\DP\repos\pmd\pmd-java\src\main\java\net\sourceforge\pmd\lang\java\rule\codestyle\PrematureDeclarationRule.java,32,1,234,2,0.0,0,0,0,0.0,0.0,0,0,1,2,2,27,15,0,0,10,19,1.0,0.5,89,84,3,0,0.5,89,4,6,0,0,1,89,203,21,20,0,0,9,0,2,0,208,58,2,193,20,89,203,21,20,0,0,9,0,2,0,208,58,2,193,20,0,0,13,0,2,2,0,0,0,0,1,0,2,0,0,1,0,0,0,9,0
1743,L22516,UnnecessaryFullyQualifiedNameRule,net.sourceforge.pmd.lang.java.rule.codestyle.UnnecessaryFullyQualifiedNameRule,L22244,L103,C:\Users\domco\Desktop\DP\repos\pmd\pmd-java\src\main\java\net\sourceforge\pmd\lang\java\rule\codestyle\UnnecessaryFullyQualifiedNameRule.java,21,1,187,2,0.0,0,0,0,0.0,0.0,0,0,1,7,7,45,13,0,0,12,19,0.0,0.174497,26,0,0,6,0.174497,26,4,6,0,0,1,123,167,23,20,2,0,7,0,5,0,206,66,2,196,20,123,167,23,20,2,0,7,0,5,0,206,66,2,196,20,0,0,35,0,4,0,0,0,0,7,1,4,17,0,0,1,0,0,0,9,0
1744,L22548,UnnecessaryLocalBeforeReturnRule,net.sourceforge.pmd.lang.java.rule.codestyle.UnnecessaryLocalBeforeReturnRule,L22244,L103,C:\Users\domco\Desktop\DP\repos\pmd\pmd-java\src\main\java\net\sourceforge\pmd\lang\java\rule\codestyle\UnnecessaryLocalBeforeReturnRule.java,27,1,163,2,0.0,0,0,0,0.0,0.0,0,0,2,7,7,37,23,0,0,31,38,0.0,0.140496,17,7,0,4,0.140496,17,4,6,0,0,1,104,137,22,20,1,0,7,0,3,0,206,52,2,194,20,104,137,22,20,1,0,7,0,3,0,206,52,2,194,20,0,0,36,0,0,0,0,0,1,7,3,0,15,0,0,1,0,0,0,9,0
1745,L22575,UnnecessaryModifierRule,net.sourceforge.pmd.lang.java.rule.codestyle.UnnecessaryModifierRule,L22244,L103,C:\Users\domco\Desktop\DP\repos\pmd\pmd-java\src\main\java\net\sourceforge\pmd\lang\java\rule\codestyle\UnnecessaryModifierRule.java,21,1,172,2,0.0,0,0,0,0.0,0.0,0,0,2,5,4,53,17,0,0,24,34,0.0,0.0952381,12,0,0,9,0.0952381,12,4,6,0,0,1,114,152,21,20,0,0,10,0,8,0,209,63,2,199,20,114,152,21,20,0,0,10,0,8,0,209,63,2,199,20,0,0,38,0,7,6,0,0,1,3,1,1,23,0,0,1,0,0,0,9,1.0
1746,L22612,UnnecessaryReturnRule,net.sourceforge.pmd.lang.java.rule.codestyle.UnnecessaryReturnRule,L22244,L103,C:\Users\domco\Desktop\DP\repos\pmd\pmd-java\src\main\java\net\sourceforge\pmd\lang\java\rule\codestyle\UnnecessaryReturnRule.java,14,1,32,2,0.0,0,0,0,0.0,0.0,0,0,2,1,1,7,9,0,0,6,8,0.0,0.0,0,0,0,3,0.0,0,4,6,0,0,1,15,19,21,20,0,0,2,0,2,0,201,6,2,193,20,15,19,21,20,0,0,2,0,2,0,201,6,2,193,20,0,0,18,0,2,2,0,0,1,0,0,0,7,0,0,1,0,0,0,9,1.0
1747,L22620,VariableNamingConventionsRule,net.sourceforge.pmd.lang.java.rule.codestyle.VariableNamingConventionsRule,L22244,L103,C:\Users\domco\Desktop\DP\repos\pmd\pmd-java\src\main\java\net\sourceforge\pmd\lang\java\rule\codestyle\VariableNamingConventionsRule.java,25,1,247,2,0.266667,4,18,4,0.246637,0.288043,55,53,2,3,3,44,19,0,0,17,30,0.0,0.026455,5,0,0,8,0.026455,5,4,6,0,0,1,184,223,45,20,24,0,13,0,7,0,211,84,2,197,20,184,223,45,20,24,0,13,0,7,0,211,84,2,197,20,0,1,76,0,6,6,30,0,1,0,1,0,29,0,1,1,0,0,0,14,1.0
1748,L22717,CodeStyleRulesTest,net.sourceforge.pmd.lang.java.rule.codestyle.CodeStyleRulesTest,L22244,L103,C:\Users\domco\Desktop\DP\repos\pmd\pmd-java\src\test\java\net\sourceforge\pmd\lang\java\rule\codestyle\CodeStyleRulesTest.java,12,1,114,2,0.0,0,0,0,0.0,0.0,0,0,1,1,1,3,1,0,0,1,3,0.666667,0.148649,11,11,2,1,0.20202,20,2,2,0,0,1,63,87,3,3,1,0,2,0,2,1,26,54,0,14,2,79,103,7,3,5,0,4,4,4,1,28,56,4,16,2,0,0,26,1,1,1,0,0,0,0,0,0,16,0,1,0,0,0,0,10,0
1749,L22819,AbstractNcssCountRule,net.sourceforge.pmd.lang.java.rule.design.AbstractNcssCountRule,L22780,L103,C:\Users\domco\Desktop\DP\repos\pmd\pmd-java\src\main\java\net\sourceforge\pmd\lang\java\rule\design\AbstractNcssCountRule.java,37,1,199,2,0.196629,2,4,2,0.128834,0.149533,21,16,6,1,1,25,25,3,8,11,30,0.0555556,0.218978,30,22,1,17,0.218978,30,5,8,3,3,1,107,163,26,21,1,0,19,0,17,0,220,47,5,210,20,107,163,26,21,1,0,19,0,17,0,220,47,5,210,20,0,0,62,0,1,0,13,0,1,0,1,1,35,0,0,1,0,0,0,11,0
1750,L22886,AvoidDeeplyNestedIfStmtsRule,net.sourceforge.pmd.lang.java.rule.design.AvoidDeeplyNestedIfStmtsRule,L22780,L103,C:\Users\domco\Desktop\DP\repos\pmd\pmd-java\src\main\java\net\sourceforge\pmd\lang\java\rule\design\AvoidDeeplyNestedIfStmtsRule.java,12,1,43,2,0.0,0,0,0,0.0,0.0,0,0,1,1,1,5,10,0,0,13,16,0.0,0.0,0,0,0,4,0.0,0,4,6,0,0,1,27,32,24,20,3,0,3,0,3,0,202,11,2,194,20,27,32,24,20,3,0,3,0,3,0,202,11,2,194,20,0,0,19,0,2,2,0,0,0,0,0,0,9,0,0,1,0,0,0,9,1.0
1751,L22900,CouplingBetweenObjectsRule,net.sourceforge.pmd.lang.java.rule.design.CouplingBetweenObjectsRule,L22780,L103,C:\Users\domco\Desktop\DP\repos\pmd\pmd-java\src\main\java\net\sourceforge\pmd\lang\java\rule\design\CouplingBetweenObjectsRule.java,34,1,176,2,0.0,0,0,0,0.0,0.0,0,0,2,4,4,37,23,0,0,26,37,0.125,0.274074,37,34,1,7,0.274074,37,4,6,0,0,1,98,143,24,20,3,0,11,0,7,0,210,50,2,198,20,98,143,24,20,3,0,11,0,7,0,210,50,2,198,20,0,0,29,0,0,0,0,0,1,2,1,0,15,0,0,1,0,0,0,9,0
1752,L22950,CyclomaticComplexityRule,net.sourceforge.pmd.lang.java.rule.design.CyclomaticComplexityRule,L22780,L103,C:\Users\domco\Desktop\DP\repos\pmd\pmd-java\src\main\java\net\sourceforge\pmd\lang\java\rule\design\CyclomaticComplexityRule.java,35,1,154,2,0.0,0,0,0,0.0,0.0,0,0,1,2,2,12,26,0,0,26,31,0.2,0.112245,11,9,1,4,0.112245,11,5,7,0,0,1,87,120,30,20,9,0,5,0,4,0,211,29,2,202,20,87,120,30,20,9,0,5,0,4,0,211,29,2,202,20,0,1,27,0,2,1,0,0,0,0,1,0,13,0,1,1,0,1,0,12,0
1753,L23010,DataClassRule,net.sourceforge.pmd.lang.java.rule.design.DataClassRule,L22780,L103,C:\Users\domco\Desktop\DP\repos\pmd\pmd-java\src\main\java\net\sourceforge\pmd\lang\java\rule\design\DataClassRule.java,17,1,62,2,0.0,0,0,0,0.0,0.0,0,0,1,1,1,8,7,0,0,5,8,0.5,0.135135,5,5,1,1,0.135135,5,5,7,0,0,1,32,46,26,20,5,0,3,0,1,0,209,14,2,199,20,32,46,26,20,5,0,3,0,1,0,209,14,2,199,20,0,0,20,0,0,0,0,0,0,0,0,0,9,0,0,1,0,0,0,10,0
1754,L23036,ExceptionAsFlowControlRule,net.sourceforge.pmd.lang.java.rule.design.ExceptionAsFlowControlRule,L22780,L103,C:\Users\domco\Desktop\DP\repos\pmd\pmd-java\src\main\java\net\sourceforge\pmd\lang\java\rule\design\ExceptionAsFlowControlRule.java,22,1,47,2,0.0,0,0,0,0.0,0.0,0,0,1,3,3,6,9,0,0,7,8,0.5,0.178571,5,5,1,1,0.178571,5,4,6,0,0,1,23,26,21,20,0,0,1,0,1,0,200,14,2,192,20,23,26,21,20,0,0,1,0,1,0,200,14,2,192,20,0,0,15,0,0,0,0,0,0,0,0,0,5,0,0,1,0,0,0,9,0
1755,L23045,ExcessiveClassLengthRule,net.sourceforge.pmd.lang.java.rule.design.ExcessiveClassLengthRule,L22780,L103,C:\Users\domco\Desktop\DP\repos\pmd\pmd-java\src\main\java\net\sourceforge\pmd\lang\java\rule\design\ExcessiveClassLengthRule.java,13,1,18,2,0.0,0,0,0,0.0,0.0,0,0,0,0,0,1,4,0,0,2,3,0.5,0.4,4,4,1,1,0.4,4,6,9,0,0,1,6,6,26,21,0,0,1,0,1,0,204,2,5,196,20,6,6,26,21,0,0,1,0,1,0,204,2,5,196,20,0,0,15,0,0,0,0,0,0,0,0,0,3,0,0,2,0,0,0,10,0
1756,L23053,ExcessiveImportsRule,net.sourceforge.pmd.lang.java.rule.design.ExcessiveImportsRule,L22780,L103,C:\Users\domco\Desktop\DP\repos\pmd\pmd-java\src\main\java\net\sourceforge\pmd\lang\java\rule\design\ExcessiveImportsRule.java,20,1,37,2,0.0,0,0,0,0.0,0.0,0,0,1,0,0,2,6,0,0,2,4,0.666667,0.64,16,16,2,1,0.64,16,6,9,0,0,1,9,18,26,21,0,0,2,0,2,0,205,3,5,197,20,9,18,26,21,0,0,2,0,2,0,205,3,5,197,20,0,0,15,0,1,1,0,0,0,0,0,0,3,0,0,2,0,0,0,10,1.0
1757,L23047,ExcessiveLengthRule,net.sourceforge.pmd.lang.java.rule.design.ExcessiveLengthRule,L22780,L103,C:\Users\domco\Desktop\DP\repos\pmd\pmd-java\src\main\java\net\sourceforge\pmd\lang\java\rule\design\ExcessiveLengthRule.java,19,1,38,2,0.75,1,2,1,0.55,0.588235,11,10,1,1,1,3,5,2,2,9,11,0.333333,0.32,8,8,1,2,0.32,8,5,8,2,2,1,17,20,26,21,1,0,2,0,2,0,203,8,5,195,20,17,20,26,21,1,0,2,0,2,0,203,8,5,195,20,0,0,27,0,1,0,11,0,0,0,0,1,5,0,0,1,0,0,0,10,0
1758,L23072,ExcessiveMethodLengthRule,net.sourceforge.pmd.lang.java.rule.design.ExcessiveMethodLengthRule,L22780,L103,C:\Users\domco\Desktop\DP\repos\pmd\pmd-java\src\main\java\net\sourceforge\pmd\lang\java\rule\design\ExcessiveMethodLengthRule.java,13,1,18,2,0.0,0,0,0,0.0,0.0,0,0,0,0,0,1,4,0,0,2,3,0.5,0.4,4,4,1,1,0.4,4,6,9,0,0,1,6,6,26,21,0,0,1,0,1,0,204,2,5,196,20,6,6,26,21,0,0,1,0,1,0,204,2,5,196,20,0,0,15,0,0,0,0,0,0,0,0,0,3,0,0,2,0,0,0,10,0
1759,L23055,ExcessiveNodeCountRule,net.sourceforge.pmd.lang.java.rule.design.ExcessiveNodeCountRule,L22780,L103,C:\Users\domco\Desktop\DP\repos\pmd\pmd-java\src\main\java\net\sourceforge\pmd\lang\java\rule\design\ExcessiveNodeCountRule.java,24,1,50,2,0.86,1,3,1,0.703704,0.727273,19,16,1,1,1,4,5,3,3,9,11,0.333333,0.352941,12,12,1,2,0.352941,12,5,8,3,3,1,22,27,26,21,1,0,2,0,2,0,203,14,5,195,20,22,27,26,21,1,0,2,0,2,0,203,14,5,195,20,0,0,28,0,1,0,12,0,0,0,0,1,5,0,0,1,0,0,0,10,0
1760,L23082,ExcessiveParameterListRule,net.sourceforge.pmd.lang.java.rule.design.ExcessiveParameterListRule,L22780,L103,C:\Users\domco\Desktop\DP\repos\pmd\pmd-java\src\main\java\net\sourceforge\pmd\lang\java\rule\design\ExcessiveParameterListRule.java,16,1,26,2,0.0,0,0,0,0.0,0.0,0,0,1,0,0,2,6,0,0,2,4,0.666667,0.4,6,6,2,1,0.4,6,6,9,0,0,1,9,11,26,21,0,0,2,0,2,0,205,3,5,197,20,9,11,26,21,0,0,2,0,2,0,205,3,5,197,20,0,0,15,0,1,1,0,0,0,0,0,0,3,0,0,2,0,0,0,10,1.0
1761,L23089,ExcessivePublicCountRule,net.sourceforge.pmd.lang.java.rule.design.ExcessivePublicCountRule,L22780,L103,C:\Users\domco\Desktop\DP\repos\pmd\pmd-java\src\main\java\net\sourceforge\pmd\lang\java\rule\design\ExcessivePublicCountRule.java,28,1,66,2,0.0,0,0,0,0.0,0.0,0,0,1,1,1,7,9,0,0,6,10,0.75,0.58,29,29,3,1,0.58,29,6,9,0,0,1,21,39,26,22,0,1,4,0,3,0,207,9,5,198,20,21,39,26,22,0,1,4,0,3,0,207,9,5,198,20,0,0,15,0,2,2,0,0,0,0,0,0,3,0,0,2,0,0,0,10,1.0
1762,L23104,GenericClassCounterRule,net.sourceforge.pmd.lang.java.rule.design.GenericClassCounterRule,L22780,L103,C:\Users\domco\Desktop\DP\repos\pmd\pmd-java\src\main\java\net\sourceforge\pmd\lang\java\rule\design\GenericClassCounterRule.java,52,1,177,2,0.0,0,0,0,0.0,0.0,0,0,1,3,3,18,12,0,0,17,26,0.142857,0.333333,46,32,1,6,0.333333,46,4,6,0,0,1,92,126,32,20,11,0,9,0,6,0,208,40,2,197,20,92,126,32,20,11,0,9,0,6,0,208,40,2,197,20,0,0,29,0,0,0,0,0,0,0,1,0,15,0,0,1,0,0,0,12,0
1763,L23180,GodClassRule,net.sourceforge.pmd.lang.java.rule.design.GodClassRule,L22780,L103,C:\Users\domco\Desktop\DP\repos\pmd\pmd-java\src\main\java\net\sourceforge\pmd\lang\java\rule\design\GodClassRule.java,24,1,59,2,0.0,0,0,0,0.0,0.0,0,0,1,1,1,4,6,0,0,4,5,0.5,0.5,18,18,1,1,0.5,18,4,6,0,0,1,18,36,24,20,3,0,1,0,1,0,200,7,2,192,20,18,36,24,20,3,0,1,0,1,0,200,7,2,192,20,0,0,13,0,0,0,0,0,0,0,0,0,3,0,0,1,0,0,0,9,0
1764,L23195,ImmutableFieldRule,net.sourceforge.pmd.lang.java.rule.design.ImmutableFieldRule,L22780,L103,C:\Users\domco\Desktop\DP\repos\pmd\pmd-java\src\main\java\net\sourceforge\pmd\lang\java\rule\design\ImmutableFieldRule.java,35,1,142,2,0.0,0,0,0,0.0,0.0,0,0,1,5,4,36,24,0,0,20,26,0.5,0.0851064,8,3,1,1,0.107843,11,5,7,0,0,1,86,100,25,20,0,0,6,0,1,0,211,48,2,196,20,91,108,28,20,3,0,6,3,1,0,211,48,5,196,20,0,0,38,0,0,0,0,0,0,4,2,0,16,0,0,1,0,0,0,15,1.0
1765,L23247,LawOfDemeterRule,net.sourceforge.pmd.lang.java.rule.design.LawOfDemeterRule,L22780,L103,C:\Users\domco\Desktop\DP\repos\pmd\pmd-java\src\main\java\net\sourceforge\pmd\lang\java\rule\design\LawOfDemeterRule.java,52,1,447,2,0.0,0,0,0,0.0,0.0,0,0,1,2,2,5,7,1,0,7,9,1.0,0.511111,23,23,2,0,0.155738,57,4,6,0,0,1,22,41,24,20,3,0,2,0,1,0,201,8,2,192,20,309,396,47,22,26,2,28,0,8,0,227,162,2,199,20,0,1,77,0,6,1,0,0,0,4,2,5,55,0,1,1,0,0,0,15,1.0
1766,L23435,LoosePackageCouplingRule,net.sourceforge.pmd.lang.java.rule.design.LoosePackageCouplingRule,L22780,L103,C:\Users\domco\Desktop\DP\repos\pmd\pmd-java\src\main\java\net\sourceforge\pmd\lang\java\rule\design\LoosePackageCouplingRule.java,37,1,143,2,0.0,0,0,0,0.0,0.0,0,0,1,5,5,22,7,0,0,9,18,0.285714,0.320755,34,25,2,5,0.320755,34,4,6,0,0,1,72,107,25,21,4,1,9,2,6,0,207,32,4,196,20,72,107,25,21,4,1,9,2,6,0,207,32,4,196,20,0,0,32,0,0,0,0,0,0,2,0,0,17,0,0,1,0,0,0,12,0
1767,L23473,ModifiedCyclomaticComplexityRule,net.sourceforge.pmd.lang.java.rule.design.ModifiedCyclomaticComplexityRule,L22780,L103,C:\Users\domco\Desktop\DP\repos\pmd\pmd-java\src\main\java\net\sourceforge\pmd\lang\java\rule\design\ModifiedCyclomaticComplexityRule.java,20,1,29,2,0.0,0,0,0,0.0,0.0,0,0,1,0,0,1,5,0,0,2,3,0.5,0.555556,10,10,1,1,0.555556,10,5,7,0,0,1,8,10,28,20,0,0,1,0,1,0,213,3,5,205,20,8,10,28,20,0,0,1,0,1,0,213,3,5,205,20,0,0,14,0,0,0,0,0,0,0,0,0,3,0,0,1,0,0,0,10,0
1768,L23488,NcssConstructorCountRule,net.sourceforge.pmd.lang.java.rule.design.NcssConstructorCountRule,L22780,L103,C:\Users\domco\Desktop\DP\repos\pmd\pmd-java\src\main\java\net\sourceforge\pmd\lang\java\rule\design\NcssConstructorCountRule.java,17,1,37,2,0.0,0,0,0,0.0,0.0,0,0,1,0,0,3,7,0,0,5,8,0.5,0.391304,9,8,2,2,0.391304,9,6,9,0,0,1,14,21,26,22,0,1,3,0,3,0,223,4,5,213,20,14,21,26,22,0,1,3,0,3,0,223,4,5,213,20,0,0,17,0,1,1,0,0,0,0,0,0,5,0,0,2,0,0,0,10,1.0
1769,L23500,NcssCountRule,net.sourceforge.pmd.lang.java.rule.design.NcssCountRule,L22780,L103,C:\Users\domco\Desktop\DP\repos\pmd\pmd-java\src\main\java\net\sourceforge\pmd\lang\java\rule\design\NcssCountRule.java,30,1,109,2,0.0,0,0,0,0.0,0.0,0,0,1,2,2,8,19,0,0,14,18,0.2,0.0847458,5,5,1,4,0.0847458,5,5,7,0,0,1,54,80,28,20,7,0,4,0,4,0,210,20,2,202,20,54,80,28,20,7,0,4,0,4,0,210,20,2,202,20,0,1,24,0,1,0,0,0,0,0,1,0,11,0,1,1,0,1,0,11,0
1770,L23536,NcssMethodCountRule,net.sourceforge.pmd.lang.java.rule.design.NcssMethodCountRule,L22780,L103,C:\Users\domco\Desktop\DP\repos\pmd\pmd-java\src\main\java\net\sourceforge\pmd\lang\java\rule\design\NcssMethodCountRule.java,15,1,35,2,0.0,0,0,0,0.0,0.0,0,0,1,0,0,3,6,0,0,6,9,0.5,0.347826,8,8,2,2,0.347826,8,6,9,0,0,1,15,21,26,22,0,1,3,0,3,0,223,4,5,213,20,15,21,26,22,0,1,3,0,3,0,223,4,5,213,20,0,0,17,0,0,0,0,0,0,0,0,0,5,0,0,2,0,0,0,10,0
1771,L23545,NcssTypeCountRule,net.sourceforge.pmd.lang.java.rule.design.NcssTypeCountRule,L22780,L103,C:\Users\domco\Desktop\DP\repos\pmd\pmd-java\src\main\java\net\sourceforge\pmd\lang\java\rule\design\NcssTypeCountRule.java,23,1,87,2,0.0,0,0,0,0.0,0.0,0,0,3,1,1,11,15,0,0,7,16,0.2,0.220339,13,9,2,8,0.220339,13,6,9,0,0,1,46,65,26,22,0,1,9,0,9,0,229,16,5,219,20,46,65,26,22,0,1,9,0,9,0,229,16,5,219,20,0,0,31,0,0,0,0,0,1,0,1,0,17,0,0,2,0,0,0,10,0
1772,L23572,NPathComplexityRule,net.sourceforge.pmd.lang.java.rule.design.NPathComplexityRule,L22780,L103,C:\Users\domco\Desktop\DP\repos\pmd\pmd-java\src\main\java\net\sourceforge\pmd\lang\java\rule\design\NPathComplexityRule.java,25,1,79,2,0.0,0,0,0,0.0,0.0,0,0,1,1,1,7,19,0,0,16,20,0.25,0.136364,6,6,1,3,0.136364,6,5,7,0,0,1,38,55,25,21,4,1,4,0,3,0,210,14,2,201,20,38,55,25,21,4,1,4,0,3,0,210,14,2,201,20,0,0,23,0,1,0,0,0,0,0,1,0,11,0,0,1,0,1,0,10,0
1773,L23598,PositionalIteratorRule,net.sourceforge.pmd.lang.java.rule.design.PositionalIteratorRule,L22780,L103,C:\Users\domco\Desktop\DP\repos\pmd\pmd-java\src\main\java\net\sourceforge\pmd\lang\java\rule\design\PositionalIteratorRule.java,15,1,80,2,0.0,0,0,0,0.0,0.0,0,0,1,4,4,20,6,0,0,8,13,0.0,0.0,0,0,0,2,0.0,0,4,6,0,0,1,58,66,21,22,0,2,5,0,1,0,204,32,2,192,20,58,66,21,22,0,2,5,0,1,0,204,32,2,192,20,0,0,25,0,1,1,0,0,0,2,0,0,13,0,0,1,0,0,0,9,1.0
1774,L23617,SignatureDeclareThrowsExceptionRule,net.sourceforge.pmd.lang.java.rule.design.SignatureDeclareThrowsExceptionRule,L22780,L103,C:\Users\domco\Desktop\DP\repos\pmd\pmd-java\src\main\java\net\sourceforge\pmd\lang\java\rule\design\SignatureDeclareThrowsExceptionRule.java,39,1,218,2,0.0,0,0,0,0.0,0.0,0,0,1,5,4,44,18,0,0,24,37,0.142857,0.25,42,41,1,6,0.25,42,4,6,0,0,1,126,180,23,20,2,0,13,0,6,0,212,67,2,197,20,126,180,23,20,2,0,13,0,6,0,212,67,2,197,20,0,0,34,0,1,0,0,0,0,2,1,0,21,0,0,1,0,1,0,9,1.0
1775,L23671,SimplifyBooleanReturnsRule,net.sourceforge.pmd.lang.java.rule.design.SimplifyBooleanReturnsRule,L22780,L103,C:\Users\domco\Desktop\DP\repos\pmd\pmd-java\src\main\java\net\sourceforge\pmd\lang\java\rule\design\SimplifyBooleanReturnsRule.java,18,1,268,2,0.0749665,1,6,2,0.227092,0.111888,57,16,2,6,4,55,12,0,0,14,26,0.0,0.380952,88,20,0,3,0.380952,88,4,6,0,0,1,143,251,21,22,0,2,12,0,2,0,211,88,2,193,20,143,251,21,22,0,2,12,0,2,0,211,88,2,193,20,0,0,46,0,4,2,10,0,1,5,2,2,17,0,0,1,0,0,0,10,1.0
1776,L23716,SingularFieldRule,net.sourceforge.pmd.lang.java.rule.design.SingularFieldRule,L22780,L103,C:\Users\domco\Desktop\DP\repos\pmd\pmd-java\src\main\java\net\sourceforge\pmd\lang\java\rule\design\SingularFieldRule.java,33,1,171,2,0.0,0,0,0,0.0,0.0,0,0,1,8,8,33,20,0,0,19,22,0.333333,0.237037,32,9,1,2,0.237037,32,5,7,0,0,1,103,139,27,20,2,0,3,0,2,0,208,65,2,197,20,103,139,27,20,2,0,3,0,2,0,208,65,2,197,20,0,0,29,0,0,0,0,0,0,5,2,0,9,0,0,1,0,0,0,12,1.0
1777,L23475,StdCyclomaticComplexityRule,net.sourceforge.pmd.lang.java.rule.design.StdCyclomaticComplexityRule,L22780,L103,C:\Users\domco\Desktop\DP\repos\pmd\pmd-java\src\main\java\net\sourceforge\pmd\lang\java\rule\design\StdCyclomaticComplexityRule.java,40,1,248,2,0.264782,3,9,3,0.181818,0.201117,38,36,1,4,4,35,27,2,1,34,47,0.0714286,0.0693642,12,10,1,13,0.0628272,12,4,6,1,1,1,161,187,28,20,7,0,13,3,13,0,212,91,5,204,20,179,209,32,21,11,1,17,5,16,0,216,95,7,207,20,0,0,86,0,3,0,24,1,0,2,1,2,40,0,0,1,0,0,0,18,0
1778,L23814,SwitchDensityRule,net.sourceforge.pmd.lang.java.rule.design.SwitchDensityRule,L22780,L103,C:\Users\domco\Desktop\DP\repos\pmd\pmd-java\src\main\java\net\sourceforge\pmd\lang\java\rule\design\SwitchDensityRule.java,23,1,100,2,0.0,0,0,0,0.0,0.0,0,0,3,1,1,8,10,0,0,13,17,0.2,0.212766,10,10,1,4,0.144928,10,5,8,0,0,1,37,51,25,21,0,0,4,0,4,0,205,23,5,197,20,59,78,27,23,2,2,9,0,9,0,210,30,5,202,20,0,0,36,0,5,3,0,0,1,0,0,0,24,0,0,1,0,2,0,10,1.0
1779,L23846,TooManyFieldsRule,net.sourceforge.pmd.lang.java.rule.design.TooManyFieldsRule,L22780,L103,C:\Users\domco\Desktop\DP\repos\pmd\pmd-java\src\main\java\net\sourceforge\pmd\lang\java\rule\design\TooManyFieldsRule.java,19,1,71,2,0.0,0,0,0,0.0,0.0,0,0,1,2,2,11,10,0,0,10,13,0.0,0.0,0,0,0,3,0.0,0,4,6,0,0,1,43,53,25,20,4,0,3,0,2,0,202,23,2,193,20,43,53,25,20,4,0,3,0,2,0,202,23,2,193,20,0,0,20,0,0,0,0,0,0,0,0,0,9,0,0,1,0,0,0,10,0
1780,L23868,UselessOverridingMethodRule,net.sourceforge.pmd.lang.java.rule.design.UselessOverridingMethodRule,L22780,L103,C:\Users\domco\Desktop\DP\repos\pmd\pmd-java\src\main\java\net\sourceforge\pmd\lang\java\rule\design\UselessOverridingMethodRule.java,38,1,259,2,0.0,0,0,0,0.0,0.0,0,0,2,5,5,55,27,0,0,31,41,0.166667,0.114428,23,6,1,5,0.114428,23,4,6,0,0,1,178,222,26,20,5,0,10,0,5,0,209,110,2,196,20,178,222,26,20,5,0,10,0,5,0,209,110,2,196,20,0,0,43,0,1,0,0,0,1,4,2,1,23,0,0,1,0,0,0,12,0
1781,L23920,UseUtilityClassRule,net.sourceforge.pmd.lang.java.rule.design.UseUtilityClassRule,L22780,L103,C:\Users\domco\Desktop\DP\repos\pmd\pmd-java\src\main\java\net\sourceforge\pmd\lang\java\rule\design\UseUtilityClassRule.java,19,1,99,2,0.0,0,0,0,0.0,0.0,0,0,1,7,5,28,15,0,0,19,22,0.0,0.0133333,1,0,0,2,0.0133333,1,4,6,0,0,1,74,81,21,20,0,0,3,0,1,0,202,49,2,192,20,74,81,21,20,0,0,3,0,1,0,202,49,2,192,20,0,0,26,0,0,0,0,0,0,5,2,0,9,0,0,1,0,0,0,9,0
1782,L23932,DesignRulesTest,net.sourceforge.pmd.lang.java.rule.design.DesignRulesTest,L22780,L103,C:\Users\domco\Desktop\DP\repos\pmd\pmd-java\src\test\java\net\sourceforge\pmd\lang\java\rule\design\DesignRulesTest.java,14,1,76,2,0.0,0,0,0,0.0,0.0,0,0,1,0,0,2,3,0,0,2,4,0.5,0.0967742,6,3,1,1,0.0967742,6,2,2,0,0,1,56,63,3,3,1,0,2,0,1,1,26,47,0,13,2,56,63,3,3,1,0,2,0,1,1,26,47,0,13,2,0,0,7,0,1,0,0,0,0,0,0,0,7,0,1,0,0,0,0,0,0
1783,L23940,MyTestCase,net.sourceforge.pmd.lang.java.rule.design.MyTestCase,L22780,L103,C:\Users\domco\Desktop\DP\repos\pmd\pmd-java\src\test\java\net\sourceforge\pmd\lang\java\rule\design\MyTestCase.java,16,1,19,2,0.0,0,0,0,0.0,0.0,0,0,0,0,0,0,0,0,0,0,0,1.0,0.625,5,5,1,0,0.625,5,0,0,0,0,0,3,4,0,0,0,0,0,0,0,0,0,0,0,0,0,3,4,0,0,0,0,0,0,0,0,0,0,0,0,0,0,0,0,0,1,0,0,0,0,0,0,0,0,0,1,0,0,0,0,0,0
1784,L23943,StdCyclomaticComplexityRuleTest,net.sourceforge.pmd.lang.java.rule.design.StdCyclomaticComplexityRuleTest,L22780,L103,C:\Users\domco\Desktop\DP\repos\pmd\pmd-java\src\test\java\net\sourceforge\pmd\lang\java\rule\design\StdCyclomaticComplexityRuleTest.java,21,1,44,2,0.0,0,0,0,0.0,0.0,0,0,1,0,0,1,12,0,0,10,11,0.5,0.3,6,6,1,1,0.3,6,0,0,0,0,0,14,24,0,0,0,0,1,0,1,0,1,9,0,1,0,14,24,0,0,0,0,1,0,1,0,1,9,0,1,0,0,0,2,0,0,0,0,0,0,0,1,0,1,0,0,0,0,0,0,0,0
1785,L22284,AbstractCommentRule,net.sourceforge.pmd.lang.java.rule.documentation.AbstractCommentRule,L23947,L103,C:\Users\domco\Desktop\DP\repos\pmd\pmd-java\src\main\java\net\sourceforge\pmd\lang\java\rule\documentation\AbstractCommentRule.java,36,1,231,2,0.0,0,0,0,0.0,0.0,0,0,3,3,3,50,17,9,10,12,24,1.0,0.0392157,6,4,1,0,0.0392157,6,4,6,8,8,1,147,196,21,20,0,0,12,0,0,0,211,93,2,191,20,147,196,21,20,0,0,12,0,0,0,211,93,2,191,20,0,0,38,0,1,0,0,0,1,0,1,0,26,1,0,1,0,0,0,9,0
1786,L24013,CodeInCommentsRule,net.sourceforge.pmd.lang.java.rule.documentation.CodeInCommentsRule,L23947,L103,C:\Users\domco\Desktop\DP\repos\pmd\pmd-java\src\main\java\net\sourceforge\pmd\lang\java\rule\documentation\CodeInCommentsRule.java,11,1,16,2,0.0,0,0,0,0.0,0.0,0,0,0,0,0,0,1,0,0,0,0,1.0,0.777778,7,4,1,0,0.777778,7,5,7,0,0,1,2,6,21,20,0,0,0,0,0,0,211,0,2,191,20,2,6,21,20,0,0,0,0,0,0,211,0,2,191,20,0,0,10,0,0,0,0,0,0,0,0,0,0,0,0,1,0,0,0,9,0
1787,L24016,CommentContentRule,net.sourceforge.pmd.lang.java.rule.documentation.CommentContentRule,L23947,L103,C:\Users\domco\Desktop\DP\repos\pmd\pmd-java\src\main\java\net\sourceforge\pmd\lang\java\rule\documentation\CommentContentRule.java,31,1,170,2,0.0,0,0,0,0.0,0.0,0,0,2,2,2,23,11,0,0,10,19,0.5,0.173554,21,19,4,4,0.173554,21,5,7,0,0,1,100,140,30,20,9,0,9,3,7,0,218,48,5,196,20,100,140,30,20,9,0,9,3,7,0,218,48,5,196,20,0,2,34,2,0,1,0,0,1,0,1,1,17,0,2,1,0,0,0,14,0
1788,L24066,CommentRequiredRule,net.sourceforge.pmd.lang.java.rule.documentation.CommentRequiredRule,L23947,L103,C:\Users\domco\Desktop\DP\repos\pmd\pmd-java\src\main\java\net\sourceforge\pmd\lang\java\rule\documentation\CommentRequiredRule.java,32,1,250,2,0.0,0,0,0,0.0,0.0,0,0,2,2,2,35,25,0,0,33,48,0.111111,0.0479452,7,6,1,8,0.04,7,5,7,0,0,1,139,181,30,20,9,0,15,0,8,0,225,50,2,198,20,168,219,36,20,15,0,19,3,10,0,229,57,5,200,20,0,1,66,0,0,0,0,0,2,0,1,0,44,0,1,1,0,0,0,18,1.0
1789,L24196,CommentSizeRule,net.sourceforge.pmd.lang.java.rule.documentation.CommentSizeRule,L23947,L103,C:\Users\domco\Desktop\DP\repos\pmd\pmd-java\src\main\java\net\sourceforge\pmd\lang\java\rule\documentation\CommentSizeRule.java,22,1,118,2,0.0,0,0,0,0.0,0.0,0,0,1,2,2,17,13,0,0,18,24,0.333333,0.0897436,7,5,1,2,0.0897436,7,5,7,0,0,1,71,97,24,20,3,0,6,2,2,0,217,39,4,193,20,71,97,24,20,3,0,6,2,2,0,217,39,4,193,20,0,0,28,0,0,0,0,0,0,0,1,0,15,0,0,1,0,0,0,11,0
1790,L24222,HeaderCommentsRule,net.sourceforge.pmd.lang.java.rule.documentation.HeaderCommentsRule,L23947,L103,C:\Users\domco\Desktop\DP\repos\pmd\pmd-java\src\main\java\net\sourceforge\pmd\lang\java\rule\documentation\HeaderCommentsRule.java,16,1,67,2,0.0,0,0,0,0.0,0.0,0,0,1,0,0,2,7,0,0,4,6,0.333333,0.259259,7,5,1,2,0.155556,7,5,7,0,0,1,20,31,26,20,5,0,2,3,2,0,213,4,5,193,20,38,52,31,20,10,0,4,7,3,0,215,10,9,194,20,0,0,29,0,0,0,0,0,0,0,0,0,11,0,0,1,0,0,0,17,0
1791,L24262,JavadocRule,net.sourceforge.pmd.lang.java.rule.documentation.JavadocRule,L23947,L103,C:\Users\domco\Desktop\DP\repos\pmd\pmd-java\src\main\java\net\sourceforge\pmd\lang\java\rule\documentation\JavadocRule.java,7,1,9,2,0.0,0,0,0,0.0,0.0,0,0,0,0,0,0,1,0,0,0,0,0.0,0.0,0,0,0,1,0.0,0,5,7,0,0,1,2,3,21,20,0,0,0,0,0,0,211,0,2,191,20,2,3,21,20,0,0,0,0,0,0,211,0,2,191,20,0,0,13,0,0,0,0,0,0,0,0,0,3,0,0,1,0,0,0,9,0
1792,L24264,AbstractCommentRuleTest,net.sourceforge.pmd.lang.java.rule.documentation.AbstractCommentRuleTest,L23947,L103,C:\Users\domco\Desktop\DP\repos\pmd\pmd-java\src\test\java\net\sourceforge\pmd\lang\java\rule\documentation\AbstractCommentRuleTest.java,26,1,61,2,0.0,0,0,0,0.0,0.0,0,0,1,0,0,2,14,0,0,14,16,0.333333,0.1,3,3,1,2,0.1,3,0,0,0,0,0,27,36,1,0,1,0,2,0,2,0,2,14,0,2,0,27,36,22,20,1,0,2,0,2,0,213,14,2,193,20,0,0,24,0,6,3,0,2,0,0,1,1,10,0,0,1,0,0,0,12,0
1793,L24275,DocumentationRulesTest,net.sourceforge.pmd.lang.java.rule.documentation.DocumentationRulesTest,L23947,L103,C:\Users\domco\Desktop\DP\repos\pmd\pmd-java\src\test\java\net\sourceforge\pmd\lang\java\rule\documentation\DocumentationRulesTest.java,12,1,25,2,0.0,0,0,0,0.0,0.0,0,0,0,0,0,1,1,0,0,1,2,0.5,0.214286,3,3,1,1,0.214286,3,2,2,0,0,1,11,14,3,3,1,0,1,0,1,1,25,5,0,13,2,11,14,3,3,1,0,1,0,1,1,25,5,0,13,2,0,0,5,0,1,0,0,0,0,0,0,0,5,0,1,0,0,0,0,0,0
1794,L24322,AssignmentInOperandRule,net.sourceforge.pmd.lang.java.rule.errorprone.AssignmentInOperandRule,L24281,L103,C:\Users\domco\Desktop\DP\repos\pmd\pmd-java\src\main\java\net\sourceforge\pmd\lang\java\rule\errorprone\AssignmentInOperandRule.java,24,1,77,2,0.0,0,0,0,0.0,0.0,0,0,1,1,1,18,14,0,0,9,13,0.4,0.142857,7,7,2,3,0.142857,7,4,6,0,0,1,42,54,25,20,4,0,4,0,4,0,202,11,2,194,20,42,54,25,20,4,0,4,0,4,0,202,11,2,194,20,0,0,22,0,0,0,0,0,0,1,1,0,9,0,0,1,0,0,0,10,0
1795,L24341,AssignmentToNonFinalStaticRule,net.sourceforge.pmd.lang.java.rule.errorprone.AssignmentToNonFinalStaticRule,L24281,L103,C:\Users\domco\Desktop\DP\repos\pmd\pmd-java\src\main\java\net\sourceforge\pmd\lang\java\rule\errorprone\AssignmentToNonFinalStaticRule.java,23,1,60,2,0.0,0,0,0,0.0,0.0,0,0,1,3,3,9,12,0,0,12,14,0.5,0.166667,6,4,1,1,0.166667,6,4,6,0,0,1,30,38,21,20,0,0,2,0,1,0,201,17,2,192,20,30,38,21,20,0,0,2,0,1,0,201,17,2,192,20,0,0,18,0,1,1,0,0,0,0,1,0,7,0,0,1,0,0,0,9,1.0
1796,L24350,AvoidBranchingStatementAsLastInLoopRule,net.sourceforge.pmd.lang.java.rule.errorprone.AvoidBranchingStatementAsLastInLoopRule,L24281,L103,C:\Users\domco\Desktop\DP\repos\pmd\pmd-java\src\main\java\net\sourceforge\pmd\lang\java\rule\errorprone\AvoidBranchingStatementAsLastInLoopRule.java,25,1,124,2,0.0,0,0,0,0.0,0.0,0,0,1,4,2,18,13,0,0,7,15,0.142857,0.0512821,4,3,1,6,0.0512821,4,4,6,0,0,1,74,100,29,20,8,0,8,6,6,0,206,25,8,196,20,74,100,29,20,8,0,8,6,6,0,206,25,8,196,20,0,0,32,0,1,0,0,0,0,0,1,1,17,0,0,1,0,0,0,13,0
1797,L24392,AvoidCallingFinalizeRule,net.sourceforge.pmd.lang.java.rule.errorprone.AvoidCallingFinalizeRule,L24281,L103,C:\Users\domco\Desktop\DP\repos\pmd\pmd-java\src\main\java\net\sourceforge\pmd\lang\java\rule\errorprone\AvoidCallingFinalizeRule.java,19,1,68,2,0.0,0,0,0,0.0,0.0,0,0,1,1,1,17,11,0,0,9,13,0.0,0.0,0,0,0,4,0.0,0,4,6,0,0,1,45,50,22,20,1,0,4,0,3,0,203,26,2,194,20,45,50,22,20,1,0,4,0,3,0,203,26,2,194,20,0,0,22,0,4,3,0,0,0,0,1,1,11,0,0,1,0,0,0,9,1.0
1798,L24417,AvoidCatchingThrowableRule,net.sourceforge.pmd.lang.java.rule.errorprone.AvoidCatchingThrowableRule,L24281,L103,C:\Users\domco\Desktop\DP\repos\pmd\pmd-java\src\main\java\net\sourceforge\pmd\lang\java\rule\errorprone\AvoidCatchingThrowableRule.java,18,1,29,2,0.0,0,0,0,0.0,0.0,0,0,1,1,1,2,6,0,0,4,5,0.5,0.352941,6,6,1,1,0.352941,6,4,6,0,0,1,11,12,21,20,0,0,1,0,1,0,200,5,2,192,20,11,12,21,20,0,0,1,0,1,0,200,5,2,192,20,0,0,13,0,0,0,0,0,0,0,0,0,3,0,0,1,0,0,0,9,0
1799,L24423,AvoidDuplicateLiteralsRule,net.sourceforge.pmd.lang.java.rule.errorprone.AvoidDuplicateLiteralsRule,L24281,L103,C:\Users\domco\Desktop\DP\repos\pmd\pmd-java\src\main\java\net\sourceforge\pmd\lang\java\rule\errorprone\AvoidDuplicateLiteralsRule.java,34,1,229,2,0.0,0,0,0,0.0,0.0,0,0,1,4,3,25,17,1,0,18,25,0.2,0.0546875,7,3,1,4,0.0434783,7,4,6,0,0,1,121,160,30,21,9,1,7,6,4,0,205,65,8,194,20,154,196,32,21,11,1,9,6,6,0,207,86,8,196,20,0,1,40,1,8,2,0,3,0,0,1,3,24,0,1,1,0,1,0,14,0
1800,L24499,AvoidFieldNameMatchingMethodNameRule,net.sourceforge.pmd.lang.java.rule.errorprone.AvoidFieldNameMatchingMethodNameRule,L24281,L103,C:\Users\domco\Desktop\DP\repos\pmd\pmd-java\src\main\java\net\sourceforge\pmd\lang\java\rule\errorprone\AvoidFieldNameMatchingMethodNameRule.java,19,1,55,2,0.0,0,0,0,0.0,0.0,0,0,2,3,2,9,8,0,0,10,12,0.0,0.0,0,0,0,3,0.0,0,4,6,0,0,1,34,37,21,20,0,0,2,0,2,0,201,22,2,193,20,34,37,21,20,0,0,2,0,2,0,201,22,2,193,20,0,2,18,0,0,0,0,0,1,0,0,0,7,0,2,1,0,0,0,9,0
1801,L24507,AvoidFieldNameMatchingTypeNameRule,net.sourceforge.pmd.lang.java.rule.errorprone.AvoidFieldNameMatchingTypeNameRule,L24281,L103,C:\Users\domco\Desktop\DP\repos\pmd\pmd-java\src\main\java\net\sourceforge\pmd\lang\java\rule\errorprone\AvoidFieldNameMatchingTypeNameRule.java,11,1,27,2,0.0,0,0,0,0.0,0.0,0,0,2,1,1,5,5,0,0,6,8,0.0,0.0,0,0,0,3,0.0,0,4,6,0,0,1,15,17,21,20,0,0,2,0,2,0,201,7,2,193,20,15,17,21,20,0,0,2,0,2,0,201,7,2,193,20,0,0,18,0,2,2,0,0,1,0,0,0,7,0,0,1,0,0,0,9,1.0
1802,L24515,AvoidMultipleUnaryOperatorsRule,net.sourceforge.pmd.lang.java.rule.errorprone.AvoidMultipleUnaryOperatorsRule,L24281,L103,C:\Users\domco\Desktop\DP\repos\pmd\pmd-java\src\main\java\net\sourceforge\pmd\lang\java\rule\errorprone\AvoidMultipleUnaryOperatorsRule.java,15,1,72,2,0.0,0,0,0,0.0,0.0,0,0,1,7,5,18,8,0,0,5,9,0.0,0.0377358,2,0,0,4,0.0377358,2,4,6,0,0,1,51,58,21,20,0,0,4,0,3,0,203,26,2,194,20,51,58,21,20,0,0,4,0,3,0,203,26,2,194,20,0,0,26,0,0,0,0,0,0,5,0,0,11,0,0,1,0,0,0,9,0
1803,L24527,AvoidUsingOctalValuesRule,net.sourceforge.pmd.lang.java.rule.errorprone.AvoidUsingOctalValuesRule,L24281,L103,C:\Users\domco\Desktop\DP\repos\pmd\pmd-java\src\main\java\net\sourceforge\pmd\lang\java\rule\errorprone\AvoidUsingOctalValuesRule.java,13,1,40,2,0.0,0,0,0,0.0,0.0,0,0,1,1,1,5,9,0,0,10,12,0.0,0.0,0,0,0,3,0.0,0,4,6,0,0,1,20,28,24,20,3,0,2,2,2,0,201,7,4,193,20,20,28,24,20,3,0,2,2,2,0,201,7,4,193,20,0,0,19,0,1,1,0,0,0,0,0,0,7,0,0,1,0,0,0,11,1.0
1804,L24542,BeanMembersShouldSerializeRule,net.sourceforge.pmd.lang.java.rule.errorprone.BeanMembersShouldSerializeRule,L24281,L103,C:\Users\domco\Desktop\DP\repos\pmd\pmd-java\src\main\java\net\sourceforge\pmd\lang\java\rule\errorprone\BeanMembersShouldSerializeRule.java,27,1,119,2,0.0,0,0,0,0.0,0.0,0,0,1,2,2,25,20,0,0,24,30,0.0,0.025974,2,0,0,4,0.025974,2,4,6,0,0,1,75,93,23,20,2,0,6,0,3,0,205,44,2,194,20,75,93,23,20,2,0,6,0,3,0,205,44,2,194,20,0,1,28,0,0,0,0,0,0,1,2,0,15,0,1,1,0,0,0,9,0
1805,L24573,BrokenNullCheckRule,net.sourceforge.pmd.lang.java.rule.errorprone.BrokenNullCheckRule,L24281,L103,C:\Users\domco\Desktop\DP\repos\pmd\pmd-java\src\main\java\net\sourceforge\pmd\lang\java\rule\errorprone\BrokenNullCheckRule.java,28,1,186,2,0.0,0,0,0,0.0,0.0,0,0,1,5,3,34,17,0,0,13,18,0.0,0.194444,28,4,0,2,0.194444,28,4,6,0,0,1,116,159,21,20,0,0,5,0,1,0,204,76,2,192,20,116,159,21,20,0,0,5,0,1,0,204,76,2,192,20,0,0,22,0,0,0,0,0,0,1,2,0,9,0,0,1,0,0,0,9,0
1806,L24595,CheckSkipResultRule,net.sourceforge.pmd.lang.java.rule.errorprone.CheckSkipResultRule,L24281,L103,C:\Users\domco\Desktop\DP\repos\pmd\pmd-java\src\main\java\net\sourceforge\pmd\lang\java\rule\errorprone\CheckSkipResultRule.java,21,1,61,2,0.0,0,0,0,0.0,0.0,0,0,1,6,5,11,13,0,0,12,13,0.0,0.225,9,0,0,2,0.225,9,4,6,0,0,1,31,41,21,20,0,0,1,0,1,0,200,18,2,192,20,31,41,21,20,0,0,1,0,1,0,200,18,2,192,20,0,0,22,0,0,0,0,0,0,5,2,0,5,0,0,1,0,0,0,9,0
1807,L24602,CloneMethodMustImplementCloneableRule,net.sourceforge.pmd.lang.java.rule.errorprone.CloneMethodMustImplementCloneableRule,L24281,L103,C:\Users\domco\Desktop\DP\repos\pmd\pmd-java\src\main\java\net\sourceforge\pmd\lang\java\rule\errorprone\CloneMethodMustImplementCloneableRule.java,33,1,172,2,0.0,0,0,0,0.0,0.0,0,0,1,5,4,41,17,0,0,15,20,0.25,0.208955,28,18,1,3,0.208955,28,4,6,0,0,1,106,140,21,20,0,0,5,0,3,0,204,66,2,194,20,106,140,21,20,0,0,5,0,3,0,204,66,2,194,20,0,0,28,0,3,0,0,1,0,5,2,2,11,0,0,1,0,0,0,9,0
1808,L24630,CloseResourceRule,net.sourceforge.pmd.lang.java.rule.errorprone.CloseResourceRule,L24281,L103,C:\Users\domco\Desktop\DP\repos\pmd\pmd-java\src\main\java\net\sourceforge\pmd\lang\java\rule\errorprone\CloseResourceRule.java,55,1,375,2,0.0,0,0,0,0.0,0.0,0,0,1,9,9,80,28,0,0,25,36,0.2,0.221854,67,29,1,4,0.221854,67,4,6,0,0,1,235,321,27,20,6,0,11,0,4,0,210,143,2,195,20,235,321,27,20,6,0,11,0,4,0,210,143,2,195,20,0,1,49,0,3,0,0,0,0,7,3,3,23,0,1,1,0,0,0,15,0
1809,L24701,CompareObjectsWithEqualsRule,net.sourceforge.pmd.lang.java.rule.errorprone.CompareObjectsWithEqualsRule,L24281,L103,C:\Users\domco\Desktop\DP\repos\pmd\pmd-java\src\main\java\net\sourceforge\pmd\lang\java\rule\errorprone\CompareObjectsWithEqualsRule.java,18,1,110,2,0.0,0,0,0,0.0,0.0,0,0,1,3,3,26,13,0,0,14,18,0.0,0.307692,24,15,0,2,0.307692,24,4,6,0,0,1,54,93,21,20,0,0,4,0,1,0,203,30,2,192,20,54,93,21,20,0,0,4,0,1,0,203,30,2,192,20,0,0,18,0,1,1,0,0,0,1,2,0,5,0,0,1,0,0,0,9,1.0
1810,L24722,ConstructorCallsOverridableMethodRule,net.sourceforge.pmd.lang.java.rule.errorprone.ConstructorCallsOverridableMethodRule,L24281,L103,C:\Users\domco\Desktop\DP\repos\pmd\pmd-java\src\main\java\net\sourceforge\pmd\lang\java\rule\errorprone\ConstructorCallsOverridableMethodRule.java,51,1,1080,2,0.0378058,1,6,2,0.0252427,0.0359477,26,22,3,11,6,102,30,4,4,60,80,0.666667,0.487047,282,197,4,2,0.37931,374,4,6,0,0,1,297,598,23,24,2,4,20,0,5,0,219,184,2,196,20,612,1030,46,40,25,20,53,5,30,3,254,343,7,221,23,0,2,165,12,14,12,10,0,2,18,5,12,100,1,2,1,0,1,0,29,0
1811,L25031,DaaRuleViolation,net.sourceforge.pmd.lang.java.rule.errorprone.DaaRuleViolation,L24281,L103,C:\Users\domco\Desktop\DP\repos\pmd\pmd-java\src\main\java\net\sourceforge\pmd\lang\java\rule\errorprone\DaaRuleViolation.java,20,1,40,2,0.0,0,0,0,0.0,0.0,0,0,0,0,0,3,6,1,2,2,5,0.25,0.291667,7,7,1,3,0.291667,7,3,3,0,0,1,17,21,14,14,2,2,3,0,3,0,28,6,0,21,4,17,21,14,14,2,2,3,0,3,0,28,6,0,21,4,0,0,8,0,1,1,0,0,0,0,0,0,7,0,0,0,0,0,0,1,1.0
1812,L25053,DataflowAnomalyAnalysisRule,net.sourceforge.pmd.lang.java.rule.errorprone.DataflowAnomalyAnalysisRule,L24281,L103,C:\Users\domco\Desktop\DP\repos\pmd\pmd-java\src\main\java\net\sourceforge\pmd\lang\java\rule\errorprone\DataflowAnomalyAnalysisRule.java,31,1,179,2,0.0,0,0,0,0.0,0.0,0,0,1,4,4,28,22,0,0,33,41,0.2,0.264,33,25,1,4,0.242647,33,4,7,0,0,2,92,136,27,20,6,0,8,0,4,0,207,47,2,195,20,103,149,29,20,8,0,10,2,5,0,209,50,4,196,20,0,0,43,0,4,4,0,0,0,2,1,0,21,0,0,2,0,0,0,17,1.0
1813,L25135,DontImportSunRule,net.sourceforge.pmd.lang.java.rule.errorprone.DontImportSunRule,L24281,L103,C:\Users\domco\Desktop\DP\repos\pmd\pmd-java\src\main\java\net\sourceforge\pmd\lang\java\rule\errorprone\DontImportSunRule.java,10,1,20,2,0.0,0,0,0,0.0,0.0,0,0,1,1,1,3,5,0,0,3,4,0.0,0.0,0,0,0,2,0.0,0,4,6,0,0,1,9,11,21,20,0,0,1,0,1,0,200,4,2,192,20,9,11,21,20,0,0,1,0,1,0,200,4,2,192,20,0,0,15,0,1,1,0,0,0,0,0,0,5,0,0,1,0,0,0,9,1.0
1814,L25140,IdempotentOperationsRule,net.sourceforge.pmd.lang.java.rule.errorprone.IdempotentOperationsRule,L24281,L103,C:\Users\domco\Desktop\DP\repos\pmd\pmd-java\src\main\java\net\sourceforge\pmd\lang\java\rule\errorprone\IdempotentOperationsRule.java,18,1,85,2,0.0,0,0,0,0.0,0.0,0,0,1,2,2,22,10,0,0,15,16,0.0,0.0,0,0,0,2,0.0,0,4,6,0,0,1,57,68,21,20,0,0,1,0,1,0,200,33,2,192,20,57,68,21,20,0,0,1,0,1,0,200,33,2,192,20,0,0,17,0,0,0,0,0,0,1,1,0,5,0,0,1,0,0,0,9,0
1815,L25146,ImportFromSamePackageRule,net.sourceforge.pmd.lang.java.rule.errorprone.ImportFromSamePackageRule,L24281,L103,C:\Users\domco\Desktop\DP\repos\pmd\pmd-java\src\main\java\net\sourceforge\pmd\lang\java\rule\errorprone\ImportFromSamePackageRule.java,13,1,28,2,0.0,0,0,0,0.0,0.0,0,0,1,1,1,5,6,0,0,5,6,0.0,0.0769231,1,0,0,2,0.0769231,1,4,6,0,0,1,12,16,21,20,0,0,1,0,1,0,200,6,2,192,20,12,16,21,20,0,0,1,0,1,0,200,6,2,192,20,0,0,15,0,1,1,0,0,0,0,0,0,5,0,0,1,0,0,0,9,1.0
1816,L25153,InvalidSlf4jMessageFormatRule,net.sourceforge.pmd.lang.java.rule.errorprone.InvalidSlf4jMessageFormatRule,L24281,L103,C:\Users\domco\Desktop\DP\repos\pmd\pmd-java\src\main\java\net\sourceforge\pmd\lang\java\rule\errorprone\InvalidSlf4jMessageFormatRule.java,34,1,198,2,0.0,0,0,0,0.0,0.0,0,0,1,4,3,42,20,0,0,14,23,0.0,0.153846,22,0,0,2,0.153846,22,4,6,0,0,1,121,165,23,22,2,2,9,0,1,0,208,67,2,192,20,121,165,23,22,2,2,9,0,1,0,208,67,2,192,20,0,0,31,0,4,0,0,1,0,0,2,3,19,0,0,1,0,0,0,9,0
1817,L25197,MethodWithSameNameAsEnclosingClassRule,net.sourceforge.pmd.lang.java.rule.errorprone.MethodWithSameNameAsEnclosingClassRule,L24281,L103,C:\Users\domco\Desktop\DP\repos\pmd\pmd-java\src\main\java\net\sourceforge\pmd\lang\java\rule\errorprone\MethodWithSameNameAsEnclosingClassRule.java,13,1,25,2,0.0,0,0,0,0.0,0.0,0,0,1,2,2,3,5,0,0,5,6,0.0,0.0,0,0,0,2,0.0,0,4,6,0,0,1,12,13,21,20,0,0,1,0,1,0,200,5,2,192,20,12,13,21,20,0,0,1,0,1,0,200,5,2,192,20,0,0,15,0,0,0,0,0,0,0,0,0,5,0,0,1,0,0,0,9,0
1818,L25202,MoreThanOneLoggerRule,net.sourceforge.pmd.lang.java.rule.errorprone.MoreThanOneLoggerRule,L24281,L103,C:\Users\domco\Desktop\DP\repos\pmd\pmd-java\src\main\java\net\sourceforge\pmd\lang\java\rule\errorprone\MoreThanOneLoggerRule.java,22,1,87,2,0.0,0,0,0,0.0,0.0,0,0,1,4,4,16,15,0,0,9,14,0.0,0.0,0,0,0,5,0.0,0,4,6,0,0,1,53,66,26,20,5,0,5,0,4,0,204,22,2,195,20,53,66,26,20,5,0,5,0,4,0,204,22,2,195,20,0,0,28,0,1,0,0,0,0,3,1,1,13,0,0,1,0,0,0,10,0
1819,L25234,NullAssignmentRule,net.sourceforge.pmd.lang.java.rule.errorprone.NullAssignmentRule,L24281,L103,C:\Users\domco\Desktop\DP\repos\pmd\pmd-java\src\main\java\net\sourceforge\pmd\lang\java\rule\errorprone\NullAssignmentRule.java,21,1,61,2,0.0,0,0,0,0.0,0.0,0,0,1,4,2,15,12,0,0,9,12,0.5,0.135135,5,3,1,1,0.135135,5,4,6,0,0,1,32,41,21,20,0,0,3,0,1,0,202,16,2,192,20,32,41,21,20,0,0,3,0,1,0,202,16,2,192,20,0,0,20,0,1,0,0,0,0,0,1,1,9,0,0,1,0,0,0,9,0
1820,L25248,OverrideBothEqualsAndHashcodeRule,net.sourceforge.pmd.lang.java.rule.errorprone.OverrideBothEqualsAndHashcodeRule,L24281,L103,C:\Users\domco\Desktop\DP\repos\pmd\pmd-java\src\main\java\net\sourceforge\pmd\lang\java\rule\errorprone\OverrideBothEqualsAndHashcodeRule.java,18,1,96,2,0.0,0,0,0,0.0,0.0,0,0,1,4,4,22,11,0,0,13,16,0.0,0.0,0,0,0,4,0.0,0,4,6,0,0,1,69,79,25,20,4,0,3,0,3,0,202,44,2,194,20,69,79,25,20,4,0,3,0,3,0,202,44,2,194,20,0,0,24,0,4,0,0,0,0,3,1,0,9,0,0,1,0,4,0,10,0
1821,L25268,SingleMethodSingletonRule,net.sourceforge.pmd.lang.java.rule.errorprone.SingleMethodSingletonRule,L24281,L103,C:\Users\domco\Desktop\DP\repos\pmd\pmd-java\src\main\java\net\sourceforge\pmd\lang\java\rule\errorprone\SingleMethodSingletonRule.java,14,1,38,2,0.0,0,0,0,0.0,0.0,0,0,1,2,2,5,5,0,0,6,8,0.0,0.0,0,0,0,3,0.0,0,4,6,0,0,1,20,25,22,20,1,0,2,0,2,0,201,8,2,193,20,20,25,22,20,1,0,2,0,2,0,201,8,2,193,20,0,0,17,0,3,0,0,1,0,0,0,2,7,0,0,1,0,0,0,9,1.0
1822,L25278,SingletonClassReturningNewInstanceRule,net.sourceforge.pmd.lang.java.rule.errorprone.SingletonClassReturningNewInstanceRule,L24281,L103,C:\Users\domco\Desktop\DP\repos\pmd\pmd-java\src\main\java\net\sourceforge\pmd\lang\java\rule\errorprone\SingletonClassReturningNewInstanceRule.java,20,1,114,2,0.0,0,0,0,0.0,0.0,0,0,1,7,7,19,13,0,0,12,15,0.0,0.202381,17,0,0,2,0.202381,17,4,6,0,0,1,67,95,21,22,0,2,3,0,1,0,202,42,2,192,20,67,95,21,22,0,2,3,0,1,0,202,42,2,192,20,0,0,23,1,0,1,0,0,0,5,1,0,7,0,0,1,0,0,0,9,0
1823,L25290,SuspiciousHashcodeMethodNameRule,net.sourceforge.pmd.lang.java.rule.errorprone.SuspiciousHashcodeMethodNameRule,L24281,L103,C:\Users\domco\Desktop\DP\repos\pmd\pmd-java\src\main\java\net\sourceforge\pmd\lang\java\rule\errorprone\SuspiciousHashcodeMethodNameRule.java,14,1,38,2,0.0,0,0,0,0.0,0.0,0,0,1,2,2,7,8,0,0,10,11,0.0,0.272727,6,0,0,2,0.272727,6,4,6,0,0,1,16,25,21,20,0,0,1,0,1,0,200,9,2,192,20,16,25,21,20,0,0,1,0,1,0,200,9,2,192,20,0,0,11,0,1,1,0,0,0,0,0,0,1,0,0,1,0,0,0,9,1.0
1824,L25295,SuspiciousOctalEscapeRule,net.sourceforge.pmd.lang.java.rule.errorprone.SuspiciousOctalEscapeRule,L24281,L103,C:\Users\domco\Desktop\DP\repos\pmd\pmd-java\src\main\java\net\sourceforge\pmd\lang\java\rule\errorprone\SuspiciousOctalEscapeRule.java,10,1,90,2,0.0,0,0,0,0.0,0.0,0,0,1,10,10,22,4,0,0,4,7,0.0,0.32,24,0,0,2,0.32,24,4,6,0,0,1,51,81,21,20,0,0,3,0,1,0,202,32,2,192,20,51,81,21,20,0,0,3,0,1,0,202,32,2,192,20,0,0,20,0,0,0,0,0,0,5,0,0,5,0,0,1,0,0,0,9,0
1825,L25307,TestClassWithoutTestCasesRule,net.sourceforge.pmd.lang.java.rule.errorprone.TestClassWithoutTestCasesRule,L24281,L103,C:\Users\domco\Desktop\DP\repos\pmd\pmd-java\src\main\java\net\sourceforge\pmd\lang\java\rule\errorprone\TestClassWithoutTestCasesRule.java,13,1,43,2,0.0,0,0,0,0.0,0.0,0,0,1,3,3,11,6,0,0,7,9,0.0,0.0,0,0,0,2,0.0,0,5,7,0,0,1,25,31,27,20,0,0,2,0,1,0,212,13,2,194,20,25,31,27,20,0,0,2,0,1,0,212,13,2,194,20,0,0,18,0,0,0,0,0,0,0,0,0,7,0,0,1,0,0,0,10,0
1826,L25315,UnnecessaryCaseChangeRule,net.sourceforge.pmd.lang.java.rule.errorprone.UnnecessaryCaseChangeRule,L24281,L103,C:\Users\domco\Desktop\DP\repos\pmd\pmd-java\src\main\java\net\sourceforge\pmd\lang\java\rule\errorprone\UnnecessaryCaseChangeRule.java,14,1,85,2,0.0,0,0,0,0.0,0.0,0,0,1,3,3,21,8,0,0,9,12,0.0,0.0327869,2,0,0,2,0.0327869,2,4,6,0,0,1,59,72,21,22,0,2,3,0,1,0,202,39,2,192,20,59,72,21,22,0,2,3,0,1,0,202,39,2,192,20,0,0,19,0,1,1,0,0,0,0,0,0,9,0,0,1,0,0,0,9,1.0
1827,L25328,UnnecessaryConversionTemporaryRule,net.sourceforge.pmd.lang.java.rule.errorprone.UnnecessaryConversionTemporaryRule,L24281,L103,C:\Users\domco\Desktop\DP\repos\pmd\pmd-java\src\main\java\net\sourceforge\pmd\lang\java\rule\errorprone\UnnecessaryConversionTemporaryRule.java,16,1,62,2,0.0,0,0,0,0.0,0.0,0,0,1,3,3,13,9,0,0,12,15,0.0,0.0487805,2,0,0,4,0.0487805,2,4,6,0,0,1,39,47,25,20,4,0,3,0,3,0,202,19,2,194,20,39,47,25,20,4,0,3,0,3,0,202,19,2,194,20,0,0,20,0,5,3,0,0,0,0,0,2,9,0,0,1,0,0,0,10,1.0
1828,L25352,UselessOperationOnImmutableRule,net.sourceforge.pmd.lang.java.rule.errorprone.UselessOperationOnImmutableRule,L24281,L103,C:\Users\domco\Desktop\DP\repos\pmd\pmd-java\src\main\java\net\sourceforge\pmd\lang\java\rule\errorprone\UselessOperationOnImmutableRule.java,25,1,108,2,0.0,0,0,0,0.0,0.0,0,0,1,4,4,8,10,0,0,11,13,0.5,0.358025,29,25,1,1,0.358025,29,4,6,0,0,1,52,84,25,21,4,1,2,0,1,0,201,19,2,192,20,52,84,25,21,4,1,2,0,1,0,201,19,2,192,20,0,0,16,0,1,0,0,0,0,2,0,1,3,0,0,1,0,0,0,10,0
1829,L25375,AvoidDuplicateLiteralsRuleTest,net.sourceforge.pmd.lang.java.rule.errorprone.AvoidDuplicateLiteralsRuleTest,L24281,L103,C:\Users\domco\Desktop\DP\repos\pmd\pmd-java\src\test\java\net\sourceforge\pmd\lang\java\rule\errorprone\AvoidDuplicateLiteralsRuleTest.java,14,1,51,2,0.0,0,0,0,0.0,0.0,0,0,4,0,0,4,2,0,0,2,6,0.0,0.0,0,0,0,5,0.0,0,0,0,0,0,0,35,38,0,0,0,0,4,0,4,0,4,21,0,4,0,35,38,0,0,0,0,4,0,4,0,4,21,0,4,0,0,0,12,0,16,16,0,0,1,0,0,0,11,0,0,0,0,0,0,0,0
1830,L25383,ErrorProneRulesTest,net.sourceforge.pmd.lang.java.rule.errorprone.ErrorProneRulesTest,L24281,L103,C:\Users\domco\Desktop\DP\repos\pmd\pmd-java\src\test\java\net\sourceforge\pmd\lang\java\rule\errorprone\ErrorProneRulesTest.java,12,1,117,2,0.0,0,0,0,0.0,0.0,0,0,0,0,0,1,1,0,0,1,2,0.5,0.0377358,4,3,1,1,0.0377358,4,2,2,0,0,1,102,106,3,3,1,0,1,0,1,1,25,96,0,13,2,102,106,3,3,1,0,1,0,1,1,25,96,0,13,2,0,0,7,0,1,0,0,0,0,0,0,0,5,0,1,0,0,0,0,2,0
1831,L25481,UnnecessaryCastRule,net.sourceforge.pmd.lang.java.rule.migrating.UnnecessaryCastRule,L25476,L103,C:\Users\domco\Desktop\DP\repos\pmd\pmd-java\src\main\java\net\sourceforge\pmd\lang\java\rule\migrating\UnnecessaryCastRule.java,38,1,97,2,0.0,0,0,0,0.0,0.0,0,0,1,2,2,8,11,0,0,8,11,0.333333,0.236111,17,17,1,2,0.236111,17,4,6,0,0,1,55,60,22,20,1,0,3,0,2,0,202,16,2,193,20,55,60,22,20,1,0,3,0,2,0,202,16,2,193,20,0,0,20,0,0,0,0,0,0,0,1,0,9,0,0,1,0,0,0,9,0
1832,L25498,MigratingRulesTest,net.sourceforge.pmd.lang.java.rule.migrating.MigratingRulesTest,L25476,L103,C:\Users\domco\Desktop\DP\repos\pmd\pmd-java\src\test\java\net\sourceforge\pmd\lang\java\rule\migrating\MigratingRulesTest.java,9,1,16,2,0.0,0,0,0,0.0,0.0,0,0,0,0,0,1,1,0,0,0,1,0.0,0.0,0,0,0,2,0.0,0,2,2,0,0,1,6,8,3,3,1,0,1,0,1,1,25,0,0,13,2,6,8,3,3,1,0,1,0,1,1,25,0,0,13,2,0,0,5,1,2,1,0,0,0,0,0,0,5,1,1,0,0,0,0,0,0
1833,L25509,DoubleCheckedLockingRule,net.sourceforge.pmd.lang.java.rule.multithreading.DoubleCheckedLockingRule,L25502,L103,C:\Users\domco\Desktop\DP\repos\pmd\pmd-java\src\main\java\net\sourceforge\pmd\lang\java\rule\multithreading\DoubleCheckedLockingRule.java,59,1,274,2,0.0,0,0,0,0.0,0.0,0,0,2,10,10,69,27,0,0,19,28,0.2,0.205357,46,37,1,4,0.205357,46,4,6,0,0,1,178,216,22,21,1,1,9,0,4,0,208,103,2,195,20,178,216,22,21,1,1,9,0,4,0,208,103,2,195,20,0,0,40,0,4,0,0,0,1,8,2,4,19,0,0,1,0,0,0,9,0
1834,L25550,NonThreadSafeSingletonRule,net.sourceforge.pmd.lang.java.rule.multithreading.NonThreadSafeSingletonRule,L25502,L103,C:\Users\domco\Desktop\DP\repos\pmd\pmd-java\src\main\java\net\sourceforge\pmd\lang\java\rule\multithreading\NonThreadSafeSingletonRule.java,26,1,113,2,0.0,0,0,0,0.0,0.0,0,0,1,5,5,22,18,0,0,20,24,0.0,0.0,0,0,0,5,0.0,0,4,6,0,0,1,79,88,26,20,5,0,4,0,4,0,203,41,2,195,20,79,88,26,20,5,0,4,0,4,0,203,41,2,195,20,0,0,27,0,2,1,0,0,0,3,2,1,11,0,0,1,0,0,0,10,0
1835,L25577,UnsynchronizedStaticDateFormatterRule,net.sourceforge.pmd.lang.java.rule.multithreading.UnsynchronizedStaticDateFormatterRule,L25502,L103,C:\Users\domco\Desktop\DP\repos\pmd\pmd-java\src\main\java\net\sourceforge\pmd\lang\java\rule\multithreading\UnsynchronizedStaticDateFormatterRule.java,33,1,65,2,0.0,0,0,0,0.0,0.0,0,0,1,2,2,9,12,0,0,10,11,0.5,0.340909,15,14,1,1,0.340909,15,4,6,0,0,1,29,33,22,20,1,0,1,0,1,0,200,16,2,192,20,29,33,22,20,1,0,1,0,1,0,200,16,2,192,20,0,0,14,0,0,0,0,0,0,0,1,0,3,0,0,1,0,0,0,9,0
1836,L25585,MultithreadingRulesTest,net.sourceforge.pmd.lang.java.rule.multithreading.MultithreadingRulesTest,L25502,L103,C:\Users\domco\Desktop\DP\repos\pmd\pmd-java\src\test\java\net\sourceforge\pmd\lang\java\rule\multithreading\MultithreadingRulesTest.java,12,1,37,2,0.0,0,0,0,0.0,0.0,0,0,0,0,0,1,1,0,0,1,2,0.5,0.157895,3,3,1,1,0.153846,4,2,2,0,0,1,16,20,3,3,1,0,1,0,1,1,25,10,0,13,2,22,26,3,3,1,0,2,0,2,1,26,11,0,14,2,0,0,10,1,1,1,0,0,0,0,0,0,10,0,1,0,0,0,0,0,0
1837,L22413,AbstractOptimizationRule,net.sourceforge.pmd.lang.java.rule.performance.AbstractOptimizationRule,L25597,L103,C:\Users\domco\Desktop\DP\repos\pmd\pmd-java\src\main\java\net\sourceforge\pmd\lang\java\rule\performance\AbstractOptimizationRule.java,20,1,39,2,0.0,0,0,0,0.0,0.0,0,0,2,2,2,6,4,3,2,4,6,0.5,0.26087,6,6,1,1,0.26087,6,4,6,3,3,1,17,20,21,20,0,0,2,0,1,0,201,8,2,192,20,17,20,21,20,0,0,2,0,1,0,201,8,2,192,20,0,0,16,0,1,1,0,0,1,0,0,0,5,0,0,1,0,0,0,9,1.0
1838,L25624,AppendCharacterWithCharRule,net.sourceforge.pmd.lang.java.rule.performance.AppendCharacterWithCharRule,L25597,L103,C:\Users\domco\Desktop\DP\repos\pmd\pmd-java\src\main\java\net\sourceforge\pmd\lang\java\rule\performance\AppendCharacterWithCharRule.java,24,1,41,2,0.0,0,0,0,0.0,0.0,0,0,1,2,2,4,6,0,0,4,5,0.5,0.448276,13,13,1,1,0.448276,13,4,6,0,0,1,16,18,21,20,0,0,1,0,1,0,200,8,2,192,20,16,18,21,20,0,0,1,0,1,0,200,8,2,192,20,0,0,13,0,0,0,0,0,0,0,0,0,3,0,0,1,0,0,0,9,0
1839,L25633,AvoidInstantiatingObjectsInLoopsRule,net.sourceforge.pmd.lang.java.rule.performance.AvoidInstantiatingObjectsInLoopsRule,L25597,L103,C:\Users\domco\Desktop\DP\repos\pmd\pmd-java\src\main\java\net\sourceforge\pmd\lang\java\rule\performance\AvoidInstantiatingObjectsInLoopsRule.java,16,1,60,2,0.0,0,0,0,0.0,0.0,0,0,1,4,2,15,11,0,0,5,9,0.0,0.268293,11,0,0,2,0.268293,11,5,7,0,0,1,30,45,21,20,0,0,4,0,1,0,205,15,2,193,20,30,45,21,20,0,0,4,0,1,0,205,15,2,193,20,0,0,18,0,0,0,0,0,0,0,1,0,7,0,0,1,0,0,0,9,0
1840,L25647,BigIntegerInstantiationRule,net.sourceforge.pmd.lang.java.rule.performance.BigIntegerInstantiationRule,L25597,L103,C:\Users\domco\Desktop\DP\repos\pmd\pmd-java\src\main\java\net\sourceforge\pmd\lang\java\rule\performance\BigIntegerInstantiationRule.java,27,1,64,2,0.0,0,0,0,0.0,0.0,0,0,1,3,3,14,15,0,0,16,17,0.5,0.135135,5,5,1,1,0.135135,5,4,6,0,0,1,32,38,21,20,0,0,1,0,1,0,200,17,2,192,20,32,38,21,20,0,0,1,0,1,0,200,17,2,192,20,0,0,18,0,0,0,0,0,0,1,2,0,5,0,0,1,0,0,0,9,0
1841,L25660,BooleanInstantiationRule,net.sourceforge.pmd.lang.java.rule.performance.BooleanInstantiationRule,L25597,L103,C:\Users\domco\Desktop\DP\repos\pmd\pmd-java\src\main\java\net\sourceforge\pmd\lang\java\rule\performance\BooleanInstantiationRule.java,34,1,113,2,0.0,0,0,0,0.0,0.0,0,0,1,3,3,20,16,0,0,14,18,0.2,0.259259,21,18,1,4,0.259259,21,4,6,0,0,1,60,80,22,20,1,0,4,0,4,0,203,32,2,195,20,60,80,22,20,1,0,4,0,4,0,203,32,2,195,20,0,0,21,0,0,0,0,0,0,1,1,0,9,0,0,1,0,0,0,9,0
1842,L25678,ConsecutiveAppendsShouldReuseRule,net.sourceforge.pmd.lang.java.rule.performance.ConsecutiveAppendsShouldReuseRule,L25597,L103,C:\Users\domco\Desktop\DP\repos\pmd\pmd-java\src\main\java\net\sourceforge\pmd\lang\java\rule\performance\ConsecutiveAppendsShouldReuseRule.java,55,1,173,2,0.0,0,0,0,0.0,0.0,0,0,1,9,9,36,20,0,0,14,19,0.5,0.201439,28,28,1,1,0.201439,28,4,6,0,0,1,111,119,21,22,0,2,5,0,1,0,204,69,2,192,20,111,119,21,22,0,2,5,0,1,0,204,69,2,192,20,0,0,29,0,1,0,0,0,0,5,1,1,13,0,0,1,0,0,0,9,0
1843,L25701,ConsecutiveLiteralAppendsRule,net.sourceforge.pmd.lang.java.rule.performance.ConsecutiveLiteralAppendsRule,L25597,L103,C:\Users\domco\Desktop\DP\repos\pmd\pmd-java\src\main\java\net\sourceforge\pmd\lang\java\rule\performance\ConsecutiveLiteralAppendsRule.java,60,1,391,2,0.10247,2,8,2,0.0783133,0.106383,26,25,1,5,5,75,35,0,0,39,51,0.333333,0.272446,88,68,1,2,0.272446,88,4,6,0,0,1,235,332,24,22,3,2,12,0,2,0,211,155,2,193,20,235,332,24,22,3,2,12,0,2,0,211,155,2,193,20,0,0,49,0,1,1,14,0,0,6,3,0,15,0,0,1,0,0,0,10,0
1844,L25764,InefficientEmptyStringCheckRule,net.sourceforge.pmd.lang.java.rule.performance.InefficientEmptyStringCheckRule,L25597,L103,C:\Users\domco\Desktop\DP\repos\pmd\pmd-java\src\main\java\net\sourceforge\pmd\lang\java\rule\performance\InefficientEmptyStringCheckRule.java,30,1,67,2,0.0,0,0,0,0.0,0.0,0,0,3,2,2,13,7,0,0,10,13,0.25,0.38,19,18,1,3,0.38,19,5,7,0,0,1,31,38,22,22,0,0,3,0,3,0,211,14,2,196,20,31,38,22,22,0,0,3,0,3,0,211,14,2,196,20,0,0,18,0,0,0,0,0,1,0,0,0,7,0,0,1,0,0,0,9,0
1845,L25774,InefficientStringBufferingRule,net.sourceforge.pmd.lang.java.rule.performance.InefficientStringBufferingRule,L25597,L103,C:\Users\domco\Desktop\DP\repos\pmd\pmd-java\src\main\java\net\sourceforge\pmd\lang\java\rule\performance\InefficientStringBufferingRule.java,36,1,180,2,0.0,0,0,0,0.0,0.0,0,0,1,4,3,49,21,3,3,26,32,0.5,0.114286,16,7,1,1,0.114286,16,4,6,0,0,1,124,145,21,21,0,1,6,0,1,0,205,80,2,192,20,124,145,21,21,0,1,6,0,1,0,205,80,2,192,20,0,0,28,0,1,0,0,0,0,1,2,1,15,0,0,1,0,0,0,9,0
1846,L25795,InsufficientStringBufferDeclarationRule,net.sourceforge.pmd.lang.java.rule.performance.InsufficientStringBufferDeclarationRule,L25597,L103,C:\Users\domco\Desktop\DP\repos\pmd\pmd-java\src\main\java\net\sourceforge\pmd\lang\java\rule\performance\InsufficientStringBufferDeclarationRule.java,43,1,396,2,0.082535,2,8,2,0.0734463,0.0905797,26,25,1,8,6,82,27,0,0,25,37,0.5,0.166163,55,36,1,1,0.166163,55,4,6,0,0,1,276,354,23,25,2,5,12,1,1,0,211,190,3,192,20,276,354,23,25,2,5,12,1,1,0,211,190,3,192,20,0,0,56,0,3,2,14,0,0,8,2,1,19,0,0,1,0,0,0,12,0
1847,L25875,RedundantFieldInitializerRule,net.sourceforge.pmd.lang.java.rule.performance.RedundantFieldInitializerRule,L25597,L103,C:\Users\domco\Desktop\DP\repos\pmd\pmd-java\src\main\java\net\sourceforge\pmd\lang\java\rule\performance\RedundantFieldInitializerRule.java,29,1,178,2,0.0,0,0,0,0.0,0.0,0,0,1,12,7,37,14,0,0,18,23,0.333333,0.308725,46,30,1,2,0.308725,46,4,6,0,0,1,103,150,21,20,0,0,5,0,2,0,204,66,2,193,20,103,150,21,20,0,0,5,0,2,0,204,66,2,193,20,0,0,26,0,1,1,0,0,0,5,2,0,9,0,0,1,0,0,0,9,1.0
1848,L25909,StringInstantiationRule,net.sourceforge.pmd.lang.java.rule.performance.StringInstantiationRule,L25597,L103,C:\Users\domco\Desktop\DP\repos\pmd\pmd-java\src\main\java\net\sourceforge\pmd\lang\java\rule\performance\StringInstantiationRule.java,20,1,58,2,0.0,0,0,0,0.0,0.0,0,0,1,1,1,9,12,0,0,8,9,0.0,0.03125,1,0,0,2,0.03125,1,4,6,0,0,1,31,39,21,20,0,0,1,0,1,0,200,19,2,192,20,31,39,21,20,0,0,1,0,1,0,200,19,2,192,20,0,0,16,0,0,0,0,0,0,0,1,0,5,0,0,1,0,0,0,9,0
1849,L25914,StringToStringRule,net.sourceforge.pmd.lang.java.rule.performance.StringToStringRule,L25597,L103,C:\Users\domco\Desktop\DP\repos\pmd\pmd-java\src\main\java\net\sourceforge\pmd\lang\java\rule\performance\StringToStringRule.java,17,1,51,2,0.0,0,0,0,0.0,0.0,0,0,1,4,3,15,10,0,0,9,13,0.0,0.0,0,0,0,2,0.0,0,4,6,0,0,1,31,35,21,20,0,0,4,0,1,0,203,16,2,192,20,31,35,21,20,0,0,4,0,1,0,203,16,2,192,20,0,0,22,0,1,1,0,0,0,1,0,0,11,0,0,1,0,0,0,9,1.0
1850,L25932,UnnecessaryWrapperObjectCreationRule,net.sourceforge.pmd.lang.java.rule.performance.UnnecessaryWrapperObjectCreationRule,L25597,L103,C:\Users\domco\Desktop\DP\repos\pmd\pmd-java\src\main\java\net\sourceforge\pmd\lang\java\rule\performance\UnnecessaryWrapperObjectCreationRule.java,20,1,59,2,0.0,0,0,0,0.0,0.0,0,0,1,4,4,12,14,0,0,11,12,0.0,0.0,0,0,0,2,0.0,0,4,6,0,0,1,32,40,23,20,2,0,1,0,1,0,200,17,2,192,20,32,40,23,20,2,0,1,0,1,0,200,17,2,192,20,0,0,19,0,1,1,0,0,0,3,1,0,5,0,0,1,0,0,0,9,1.0
1851,L25941,UseIndexOfCharRule,net.sourceforge.pmd.lang.java.rule.performance.UseIndexOfCharRule,L25597,L103,C:\Users\domco\Desktop\DP\repos\pmd\pmd-java\src\main\java\net\sourceforge\pmd\lang\java\rule\performance\UseIndexOfCharRule.java,13,1,45,2,0.0,0,0,0,0.0,0.0,0,0,3,0,0,3,3,0,0,1,4,1.0,0.5,15,15,1,0,0.5,15,5,7,0,0,1,15,33,23,20,2,0,3,0,0,0,204,3,2,192,20,15,33,23,20,2,0,3,0,0,0,204,3,2,192,20,0,0,11,1,1,2,0,0,1,0,0,0,0,0,0,1,0,0,0,9,1.0
1852,L25958,UselessStringValueOfRule,net.sourceforge.pmd.lang.java.rule.performance.UselessStringValueOfRule,L25597,L103,C:\Users\domco\Desktop\DP\repos\pmd\pmd-java\src\main\java\net\sourceforge\pmd\lang\java\rule\performance\UselessStringValueOfRule.java,20,1,92,2,0.0,0,0,0,0.0,0.0,0,0,1,5,5,27,14,0,0,17,19,0.0,0.0149254,1,0,0,2,0.0149254,1,4,6,0,0,1,66,73,21,20,0,0,2,0,1,0,201,42,2,192,20,66,73,21,20,0,0,2,0,1,0,201,42,2,192,20,0,0,23,0,0,0,0,0,0,4,2,0,7,0,0,1,0,0,0,9,0
1853,L25968,UseStringBufferForStringAppendsRule,net.sourceforge.pmd.lang.java.rule.performance.UseStringBufferForStringAppendsRule,L25597,L103,C:\Users\domco\Desktop\DP\repos\pmd\pmd-java\src\main\java\net\sourceforge\pmd\lang\java\rule\performance\UseStringBufferForStringAppendsRule.java,21,1,80,2,0.0,0,0,0,0.0,0.0,0,0,1,6,5,23,15,0,0,16,17,0.0,0.0689655,4,0,0,2,0.0689655,4,4,6,0,0,1,54,60,21,20,0,0,1,0,1,0,200,33,2,192,20,54,60,21,20,0,0,1,0,1,0,200,33,2,192,20,0,0,22,0,0,0,0,0,0,5,2,0,5,0,0,1,0,0,0,9,0
1854,L25973,UseStringBufferLengthRule,net.sourceforge.pmd.lang.java.rule.performance.UseStringBufferLengthRule,L25597,L103,C:\Users\domco\Desktop\DP\repos\pmd\pmd-java\src\main\java\net\sourceforge\pmd\lang\java\rule\performance\UseStringBufferLengthRule.java,38,1,133,2,0.0,0,0,0,0.0,0.0,0,0,1,2,2,18,11,0,0,14,19,0.333333,0.528846,55,42,1,2,0.528846,55,4,6,0,0,1,49,96,22,20,1,0,5,0,2,0,204,25,2,193,20,49,96,22,20,1,0,5,0,2,0,204,25,2,193,20,0,0,18,0,2,0,0,0,0,0,1,2,7,0,0,1,0,0,0,9,0
1855,L26001,PerformanceRulesTest,net.sourceforge.pmd.lang.java.rule.performance.PerformanceRulesTest,L25597,L103,C:\Users\domco\Desktop\DP\repos\pmd\pmd-java\src\test\java\net\sourceforge\pmd\lang\java\rule\performance\PerformanceRulesTest.java,12,1,50,2,0.0,0,0,0,0.0,0.0,0,0,0,0,0,1,1,0,0,1,2,0.5,0.0769231,3,3,1,1,0.0769231,3,2,2,0,0,1,36,39,3,3,1,0,1,0,1,1,25,30,0,13,2,36,39,3,3,1,0,1,0,1,1,25,30,0,13,2,0,0,5,0,1,0,0,0,0,0,0,0,5,0,1,0,0,0,0,0,0
1856,L26010,RegexHelper,net.sourceforge.pmd.lang.java.rule.regex.RegexHelper,L26007,L103,C:\Users\domco\Desktop\DP\repos\pmd\pmd-java\src\main\java\net\sourceforge\pmd\lang\java\rule\regex\RegexHelper.java,19,1,70,2,0.0,0,0,0,0.0,0.0,0,0,2,3,3,11,0,2,4,0,3,1.0,0.509091,28,28,3,0,0.509091,28,0,0,0,0,0,27,52,0,0,0,0,3,0,2,0,3,13,0,2,0,27,52,0,0,0,0,3,0,2,0,3,13,0,2,0,0,0,1,0,0,0,0,0,1,0,0,0,0,0,0,0,0,0,0,0,0
1857,L26039,UselessAssignment$Usage,net.sourceforge.pmd.lang.java.rule.UselessAssignment$Usage,L26031,L103,C:\Users\domco\Desktop\DP\repos\pmd\pmd-java\src\main\java\net\sourceforge\pmd\lang\java\rule\UselessAssignment.java,42,5,54,6,0.0,0,0,0,0.0,0.0,0,0,1,0,0,2,1,1,1,1,3,0.0,0.0,0,0,0,2,0.0,0,0,0,0,0,0,11,13,2,0,2,0,2,2,1,0,2,3,2,1,0,11,13,2,0,2,0,2,2,1,0,2,3,2,1,0,0,0,11,0,1,1,0,0,0,0,0,0,7,0,0,0,0,0,0,4,1.0
1858,L26197,ClassScope$1,net.sourceforge.pmd.lang.java.symboltable.ClassScope$1,L19640,L103,C:\Users\domco\Desktop\DP\repos\pmd\pmd-java\src\main\java\net\sourceforge\pmd\lang\java\symboltable\ClassScope.java,65,97,69,6,0.0,0,0,0,0.0,0.0,0,0,1,0,0,1,0,0,0,0,1,0.0,0.0,0,0,0,1,0.0,0,0,0,0,0,0,5,5,0,0,0,0,1,0,0,0,1,1,0,0,0,5,5,0,0,0,0,1,0,0,0,1,1,0,0,0,0,0,5,0,1,1,0,0,0,0,0,0,5,0,0,0,0,0,0,0,1.0
1859,L26737,TypeSet$AbstractResolver,net.sourceforge.pmd.lang.java.symboltable.TypeSet$AbstractResolver,L26650,L103,C:\Users\domco\Desktop\DP\repos\pmd\pmd-java\src\main\java\net\sourceforge\pmd\lang\java\symboltable\TypeSet.java,98,5,173,6,0.0,0,0,0,0.0,0.0,0,0,1,4,4,11,2,5,7,2,5,0.666667,0.438356,32,21,2,1,0.438356,32,1,1,5,5,1,41,76,2,0,2,0,3,0,2,0,4,22,0,3,0,41,76,2,0,2,0,3,0,2,0,4,22,0,3,0,0,2,3,0,1,1,0,0,0,2,0,0,1,0,2,0,0,0,0,0,1.0
1860,L26759,TypeSet$ExplicitImportResolver,net.sourceforge.pmd.lang.java.symboltable.TypeSet$ExplicitImportResolver,L26650,L103,C:\Users\domco\Desktop\DP\repos\pmd\pmd-java\src\main\java\net\sourceforge\pmd\lang\java\symboltable\TypeSet.java,179,5,224,6,0.0,0,0,0,0.0,0.0,0,0,1,2,2,7,2,2,4,2,5,0.5,0.325581,14,12,2,2,0.325581,14,2,2,0,0,1,29,46,3,0,1,0,3,0,3,0,6,14,0,5,0,29,46,3,0,1,0,3,0,3,0,6,14,0,5,0,0,0,5,0,1,0,0,0,0,0,0,1,5,0,0,0,0,0,0,0,1.0
1861,L26777,TypeSet$CurrentPackageResolver,net.sourceforge.pmd.lang.java.symboltable.TypeSet$CurrentPackageResolver,L26650,L103,C:\Users\domco\Desktop\DP\repos\pmd\pmd-java\src\main\java\net\sourceforge\pmd\lang\java\symboltable\TypeSet.java,229,5,275,6,0.0,0,0,0,0.0,0.0,0,0,1,1,1,8,2,2,3,3,7,0.5,0.340909,15,11,2,2,0.340909,15,2,2,0,0,1,29,47,3,0,1,0,4,0,3,0,7,12,0,5,0,29,47,3,0,1,0,4,0,3,0,7,12,0,5,0,0,0,5,0,0,0,0,0,0,0,0,0,5,0,0,0,0,0,0,0,1.0
1862,L26794,TypeSet$ImplicitImportResolver,net.sourceforge.pmd.lang.java.symboltable.TypeSet$ImplicitImportResolver,L26650,L103,C:\Users\domco\Desktop\DP\repos\pmd\pmd-java\src\main\java\net\sourceforge\pmd\lang\java\symboltable\TypeSet.java,282,5,330,6,0.0,0,0,0,0.0,0.0,0,0,1,1,1,5,2,2,4,3,6,0.5,0.520833,25,17,2,2,0.520833,25,2,2,0,0,1,23,49,3,0,1,0,3,0,3,0,6,10,0,5,0,23,49,3,0,1,0,3,0,3,0,6,10,0,5,0,0,0,3,0,0,0,0,0,0,0,0,0,3,0,0,0,0,0,0,0,1.0
1863,L26814,TypeSet$ImportOnDemandResolver,net.sourceforge.pmd.lang.java.symboltable.TypeSet$ImportOnDemandResolver,L26650,L103,C:\Users\domco\Desktop\DP\repos\pmd\pmd-java\src\main\java\net\sourceforge\pmd\lang\java\symboltable\TypeSet.java,335,5,392,6,0.0,0,0,0,0.0,0.0,0,0,1,3,3,11,2,2,2,3,6,0.5,0.236364,13,11,2,2,0.236364,13,2,2,0,0,1,42,58,3,0,1,0,3,0,3,0,6,20,0,5,0,42,58,3,0,1,0,3,0,3,0,6,20,0,5,0,0,1,7,0,3,2,0,0,0,0,0,1,7,0,1,0,0,0,0,0,1.0
1864,L26826,TypeSet$PrimitiveTypeResolver,net.sourceforge.pmd.lang.java.symboltable.TypeSet$PrimitiveTypeResolver,L26650,L103,C:\Users\domco\Desktop\DP\repos\pmd\pmd-java\src\main\java\net\sourceforge\pmd\lang\java\symboltable\TypeSet.java,397,5,425,6,0.0,0,0,0,0.0,0.0,0,0,1,1,1,3,1,2,0,0,2,0.333333,0.103448,3,3,1,2,0.103448,3,1,1,0,0,1,26,29,1,0,1,0,2,0,2,0,2,4,0,2,0,26,29,1,0,1,0,2,0,2,0,2,4,0,2,0,0,0,7,0,0,0,0,0,0,0,0,0,7,0,0,0,0,0,0,0,1.0
1865,L26848,TypeSet$VoidResolver,net.sourceforge.pmd.lang.java.symboltable.TypeSet$VoidResolver,L26650,L103,C:\Users\domco\Desktop\DP\repos\pmd\pmd-java\src\main\java\net\sourceforge\pmd\lang\java\symboltable\TypeSet.java,430,5,443,6,0.0,0,0,0,0.0,0.0,0,0,2,1,1,3,1,2,0,0,2,0.333333,0.1875,3,3,1,2,0.1875,3,1,1,0,0,1,13,14,0,0,0,0,2,0,2,0,2,4,0,2,0,13,14,0,0,0,0,2,0,2,0,2,4,0,2,0,0,0,8,0,0,0,0,0,1,0,0,0,7,0,0,0,0,0,0,0,1.0
1866,L26855,TypeSet$FullyQualifiedNameResolver,net.sourceforge.pmd.lang.java.symboltable.TypeSet$FullyQualifiedNameResolver,L26650,L103,C:\Users\domco\Desktop\DP\repos\pmd\pmd-java\src\main\java\net\sourceforge\pmd\lang\java\symboltable\TypeSet.java,449,5,486,6,0.0,0,0,0,0.0,0.0,0,0,2,1,1,5,2,2,2,2,5,0.5,0.459459,17,10,2,2,0.459459,17,2,2,0,0,1,20,38,2,0,0,0,3,0,3,0,6,8,0,5,0,20,38,2,0,0,0,3,0,3,0,6,8,0,5,0,0,0,4,0,0,0,0,0,1,0,0,0,3,0,0,0,0,0,0,0,1.0
1867,L27011,InnerClass,net.sourceforge.pmd.lang.java.symboltable.testdata.InnerClass,L27187,L103,C:\Users\domco\Desktop\DP\repos\pmd\pmd-java\src\test\java\net\sourceforge\pmd\lang\java\symboltable\testdata\InnerClass.java,7,1,26,2,0.0,0,0,0,0.0,0.0,0,0,3,0,0,3,2,1,0,0,3,0.0,0.0,0,0,0,4,0.0,0,0,0,0,0,0,8,12,0,0,0,0,3,0,3,0,3,0,0,3,0,16,20,4,0,4,0,3,4,3,0,3,0,4,3,0,0,0,31,0,3,0,0,0,1,0,0,0,18,3,0,0,0,0,0,12,0
1868,L27325,ClassTypeResolver$AnonymousClassMetadata,net.sourceforge.pmd.lang.java.typeresolution.ClassTypeResolver$AnonymousClassMetadata,L14974,L103,C:\Users\domco\Desktop\DP\repos\pmd\pmd-java\src\main\java\net\sourceforge\pmd\lang\java\typeresolution\ClassTypeResolver.java,171,5,178,6,0.0,0,0,0,0.0,0.0,0,0,0,0,0,1,0,1,2,0,1,0.0,0.0,0,0,0,1,0.0,0,0,0,0,0,0,7,8,2,0,2,0,1,2,0,0,1,1,2,0,0,7,8,2,0,2,0,1,2,0,0,1,1,2,0,0,0,0,9,0,0,0,0,0,0,0,0,0,5,0,0,0,0,0,0,4,0
1869,L14442,JavaTypeDefinition,net.sourceforge.pmd.lang.java.typeresolution.typedefinition.JavaTypeDefinition,L28053,L103,C:\Users\domco\Desktop\DP\repos\pmd\pmd-java\src\main\java\net\sourceforge\pmd\lang\java\typeresolution\typedefinition\JavaTypeDefinition.java,15,1,161,2,0.0,0,0,0,0.0,0.0,0,0,2,2,2,47,5,18,101,3,38,0.0294118,0.0576923,6,4,1,33,0.0576923,6,1,1,2,3,1,98,147,2,14,2,14,35,0,33,0,35,30,0,33,0,98,147,2,14,2,14,35,0,33,0,35,30,0,33,0,0,0,78,0,0,0,0,0,1,0,0,0,71,0,0,0,0,0,0,6,1.0
1870,L28091,JavaTypeDefinitionLower,net.sourceforge.pmd.lang.java.typeresolution.typedefinition.JavaTypeDefinitionLower,L28053,L103,C:\Users\domco\Desktop\DP\repos\pmd\pmd-java\src\main\java\net\sourceforge\pmd\lang\java\typeresolution\typedefinition\JavaTypeDefinitionLower.java,9,15,20,2,0.0,0,0,0,0.0,0.0,0,0,1,0,0,2,3,1,1,2,4,1.0,0.0909091,1,1,1,0,0.0909091,1,3,3,0,0,1,10,12,4,14,1,0,2,0,0,0,39,2,0,33,0,10,12,4,14,1,0,2,0,0,0,39,2,0,33,0,0,0,6,0,0,0,0,0,0,0,0,0,6,0,0,0,0,0,0,0,0
1871,L28098,JavaTypeDefinitionSimple,net.sourceforge.pmd.lang.java.typeresolution.typedefinition.JavaTypeDefinitionSimple,L28053,L103,C:\Users\domco\Desktop\DP\repos\pmd\pmd-java\src\main\java\net\sourceforge\pmd\lang\java\typeresolution\typedefinition\JavaTypeDefinitionSimple.java,28,15,366,2,0.0,0,0,0,0.0,0.0,0,0,3,5,2,69,2,1,1,11,40,0.0769231,0.121429,34,3,2,24,0.121429,34,2,2,0,0,1,246,339,9,16,7,14,29,0,25,0,39,131,0,34,0,246,339,9,16,7,14,29,0,25,0,39,131,0,34,0,0,0,63,0,12,9,0,0,1,0,0,1,55,0,2,0,0,0,0,7,1.0
1872,L28086,JavaTypeDefinitionUpper,net.sourceforge.pmd.lang.java.typeresolution.typedefinition.JavaTypeDefinitionUpper,L28053,L103,C:\Users\domco\Desktop\DP\repos\pmd\pmd-java\src\main\java\net\sourceforge\pmd\lang\java\typeresolution\typedefinition\JavaTypeDefinitionUpper.java,13,15,208,2,0.0,0,0,0,0.0,0.0,0,0,1,3,3,40,2,2,2,23,50,0.04,0.0509554,8,5,1,24,0.0509554,8,2,2,1,1,1,149,196,3,14,1,12,27,0,24,0,37,53,0,33,0,149,196,3,14,1,12,27,0,24,0,37,53,0,33,0,0,0,57,2,0,1,0,0,0,0,0,0,53,0,1,0,0,0,0,4,1.0
1873,L27838,Bound,net.sourceforge.pmd.lang.java.typeresolution.typeinference.Bound,L28352,L103,C:\Users\domco\Desktop\DP\repos\pmd\pmd-java\src\main\java\net\sourceforge\pmd\lang\java\typeresolution\typeinference\Bound.java,12,1,38,2,0.0,0,0,0,0.0,0.0,0,0,1,0,0,5,4,5,8,4,9,0.0,0.0,0,0,0,6,0.0,0,1,1,0,0,1,21,27,5,2,0,0,5,0,5,0,35,5,0,35,0,21,27,5,2,0,0,5,0,5,0,35,5,0,35,0,0,0,13,0,0,0,0,0,0,0,0,0,13,0,0,0,0,0,0,0,0
1874,L28360,BoundOrConstraint,net.sourceforge.pmd.lang.java.typeresolution.typeinference.BoundOrConstraint,L28352,L103,C:\Users\domco\Desktop\DP\repos\pmd\pmd-java\src\main\java\net\sourceforge\pmd\lang\java\typeresolution\typeinference\BoundOrConstraint.java,13,1,228,2,0.175207,1,10,2,0.101852,0.131737,22,22,1,3,2,67,3,9,26,7,38,0.09375,0.0511364,9,7,3,29,0.0511364,9,0,0,2,2,0,167,216,5,2,5,2,31,0,31,0,31,75,0,31,0,167,216,5,2,5,2,31,0,31,0,31,75,0,31,0,0,0,71,0,1,0,10,0,0,1,0,0,57,0,1,0,0,0,0,3,0
1875,L27855,Constraint,net.sourceforge.pmd.lang.java.typeresolution.typeinference.Constraint,L28352,L103,C:\Users\domco\Desktop\DP\repos\pmd\pmd-java\src\main\java\net\sourceforge\pmd\lang\java\typeresolution\typeinference\Constraint.java,13,1,38,2,0.0,0,0,0,0.0,0.0,0,0,1,0,0,5,4,7,20,5,10,0.0,0.0,0,0,0,6,0.0,0,1,1,0,0,1,22,26,5,2,0,0,5,0,5,0,35,5,0,35,0,22,26,5,2,0,0,5,0,5,0,35,5,0,35,0,0,0,13,0,0,0,0,0,0,0,0,0,13,0,0,0,0,0,0,0,0
1876,L28532,TypeInferenceResolver,net.sourceforge.pmd.lang.java.typeresolution.typeinference.TypeInferenceResolver,L28352,L103,C:\Users\domco\Desktop\DP\repos\pmd\pmd-java\src\main\java\net\sourceforge\pmd\lang\java\typeresolution\typeinference\TypeInferenceResolver.java,24,1,655,2,0.156134,2,32,6,0.096519,0.143868,61,61,1,8,4,129,11,2,6,34,52,0.5625,0.214286,96,37,9,7,0.2,106,0,0,0,0,0,352,545,0,8,0,8,18,0,15,0,18,212,0,15,0,424,632,10,8,10,8,26,2,19,0,26,239,2,19,0,0,1,79,1,10,0,10,3,1,10,1,5,49,1,3,0,0,0,0,8,0
1877,L27829,Variable,net.sourceforge.pmd.lang.java.typeresolution.typeinference.Variable,L28352,L103,C:\Users\domco\Desktop\DP\repos\pmd\pmd-java\src\main\java\net\sourceforge\pmd\lang\java\typeresolution\typeinference\Variable.java,7,1,8,2,0.0,0,0,0,0.0,0.0,0,0,0,0,0,0,0,9,0,0,0,0.0,0.0,0,0,0,1,0.0,0,0,0,0,0,0,2,2,0,0,0,0,0,0,0,0,0,0,0,0,0,2,2,0,0,0,0,0,0,0,0,0,0,0,0,0,0,0,3,0,0,0,0,0,0,0,0,0,3,0,0,0,0,0,0,0,0
1878,L28044,PMDASMVisitor,net.sourceforge.pmd.lang.java.typeresolution.visitors.PMDASMVisitor,L28729,L103,C:\Users\domco\Desktop\DP\repos\pmd\pmd-java\src\main\java\net\sourceforge\pmd\lang\java\typeresolution\visitors\PMDASMVisitor.java,23,1,475,2,0.0,0,0,0,0.0,0.0,0,0,5,2,2,34,0,5,16,0,18,0.0769231,0.0444444,6,1,1,12,0.046832,17,0,0,0,0,0,129,173,7,2,7,2,18,1,12,0,18,57,1,12,0,346,453,11,2,11,2,71,1,61,0,71,104,1,61,0,0,0,172,0,39,3,0,0,5,0,0,10,153,26,0,0,0,0,0,14,0
1879,L30647,Ecmascript3Handler$1,net.sourceforge.pmd.lang.ecmascript.Ecmascript3Handler$1,L30644,L103,C:\Users\domco\Desktop\DP\repos\pmd\pmd-javascript\src\main\java\net\sourceforge\pmd\lang\ecmascript\Ecmascript3Handler.java,30,46,36,10,1.0,1,1,1,1.0,1.0,7,6,2,0,0,2,1,0,0,0,2,0.0,0.0,0,0,0,3,0.0,0,2,2,0,0,1,6,7,1,1,0,0,2,0,2,0,4,0,1,4,0,6,7,1,1,0,0,2,0,2,0,4,0,1,4,0,0,0,25,0,2,0,15,0,1,0,0,0,7,2,0,0,0,0,0,2,1.0
1880,L30663,Ecmascript3Handler$2,net.sourceforge.pmd.lang.ecmascript.Ecmascript3Handler$2,L30657,L103,C:\Users\domco\Desktop\DP\repos\pmd\pmd-javascript\src\main\java\net\sourceforge\pmd\lang\ecmascript\Ecmascript3Handler.java,54,37,58,10,0.0,0,0,0,0.0,0.0,0,0,1,0,0,1,4,0,0,1,2,0.0,0.0,0,0,0,2,0.0,0,1,1,0,0,1,5,5,1,0,0,0,1,0,1,0,1,1,1,1,0,5,5,1,0,0,0,1,0,1,0,1,1,1,1,0,0,0,7,0,0,0,0,0,0,0,0,0,5,0,0,0,0,0,0,2,0
1881,L30940,ConsistentReturnRule,net.sourceforge.pmd.lang.ecmascript.rule.bestpractices.ConsistentReturnRule,L30934,L103,C:\Users\domco\Desktop\DP\repos\pmd\pmd-javascript\src\main\java\net\sourceforge\pmd\lang\ecmascript\rule\bestpractices\ConsistentReturnRule.java,13,1,39,2,0.0,0,0,0,0.0,0.0,0,0,1,4,4,6,5,0,0,6,8,0.0,0.08,2,0,0,3,0.08,2,4,7,0,0,1,23,27,24,20,0,0,2,0,2,0,131,11,2,125,20,23,27,24,20,0,0,2,0,2,0,131,11,2,125,20,0,0,19,0,0,0,0,0,0,2,0,0,7,0,0,1,0,0,0,9,0
1882,L30950,BestPracticesRulesTest,net.sourceforge.pmd.lang.ecmascript.rule.bestpractices.BestPracticesRulesTest,L30934,L103,C:\Users\domco\Desktop\DP\repos\pmd\pmd-javascript\src\test\java\net\sourceforge\pmd\lang\ecmascript\rule\bestpractices\BestPracticesRulesTest.java,9,1,21,2,0.0,0,0,0,0.0,0.0,0,0,0,0,0,1,1,0,0,1,2,0.0,0.0,0,0,0,2,0.0,0,2,2,0,0,1,11,13,3,3,1,0,1,0,1,1,25,5,0,13,2,11,13,3,3,1,0,1,0,1,1,25,5,0,13,2,0,0,5,0,1,0,0,0,0,0,0,0,5,0,1,0,0,0,0,0,0
1883,L30994,CodeStyleRulesTest,net.sourceforge.pmd.lang.ecmascript.rule.codestyle.CodeStyleRulesTest,L30991,L103,C:\Users\domco\Desktop\DP\repos\pmd\pmd-javascript\src\test\java\net\sourceforge\pmd\lang\ecmascript\rule\codestyle\CodeStyleRulesTest.java,9,1,25,2,0.0,0,0,0,0.0,0.0,0,0,0,0,0,1,1,0,0,1,2,0.0,0.0,0,0,0,2,0.0,0,2,2,0,0,1,15,17,3,3,1,0,1,0,1,1,25,9,0,13,2,15,17,3,3,1,0,1,0,1,1,25,9,0,13,2,0,0,5,0,1,0,0,0,0,0,0,0,5,0,1,0,0,0,0,0,0
1884,L31002,ErrorProneRulesTest,net.sourceforge.pmd.lang.ecmascript.rule.errorprone.ErrorProneRulesTest,L30999,L103,C:\Users\domco\Desktop\DP\repos\pmd\pmd-javascript\src\test\java\net\sourceforge\pmd\lang\ecmascript\rule\errorprone\ErrorProneRulesTest.java,9,1,19,2,0.0,0,0,0,0.0,0.0,0,0,0,0,0,1,1,0,0,1,2,0.0,0.0,0,0,0,2,0.0,0,2,2,0,0,1,9,11,3,3,1,0,1,0,1,1,25,3,0,13,2,9,11,3,3,1,0,1,0,1,1,25,3,0,13,2,0,0,5,0,1,0,0,0,0,0,0,0,5,0,1,0,0,0,0,0,0
1885,L32137,JspHandler$1,net.sourceforge.pmd.lang.jsp.JspHandler$1,L32134,L103,C:\Users\domco\Desktop\DP\repos\pmd\pmd-jsp\src\main\java\net\sourceforge\pmd\lang\jsp\JspHandler.java,32,46,38,10,1.0,1,1,1,1.0,1.0,7,6,2,0,0,2,1,0,0,0,2,0.0,0.0,0,0,0,3,0.0,0,2,2,0,0,1,6,7,1,1,0,0,2,0,2,0,4,0,1,4,0,6,7,1,1,0,0,2,0,2,0,4,0,1,4,0,0,0,25,0,2,0,15,0,1,0,0,0,7,2,0,0,0,0,0,2,1.0
1886,L32157,JspHandler$2,net.sourceforge.pmd.lang.jsp.JspHandler$2,L32151,L103,C:\Users\domco\Desktop\DP\repos\pmd\pmd-jsp\src\main\java\net\sourceforge\pmd\lang\jsp\JspHandler.java,51,37,55,10,0.0,0,0,0,0.0,0.0,0,0,1,0,0,1,4,0,0,1,2,0.0,0.0,0,0,0,2,0.0,0,1,1,0,0,1,5,5,1,0,0,0,1,0,1,0,1,1,1,1,0,5,5,1,0,0,0,1,0,1,0,1,1,1,1,0,0,0,7,0,0,0,0,0,0,0,0,0,5,0,0,0,0,0,0,2,0
1887,L32292,DuplicateJspImportsRule,net.sourceforge.pmd.lang.jsp.rule.codestyle.DuplicateJspImportsRule,L32286,L103,C:\Users\domco\Desktop\DP\repos\pmd\pmd-jsp\src\main\java\net\sourceforge\pmd\lang\jsp\rule\codestyle\DuplicateJspImportsRule.java,18,1,54,2,0.0,0,0,0,0.0,0.0,0,0,1,2,2,5,7,0,0,7,9,0.0,0.15625,5,0,0,3,0.15625,5,4,6,0,0,1,27,37,22,19,1,0,2,0,2,0,104,16,2,98,21,27,37,22,19,1,0,2,0,2,0,104,16,2,98,21,0,0,15,0,1,0,0,0,0,0,0,1,5,0,0,1,0,0,0,9,0
1888,L32309,CodeStyleRulesTest,net.sourceforge.pmd.lang.jsp.rule.codestyle.CodeStyleRulesTest,L32286,L103,C:\Users\domco\Desktop\DP\repos\pmd\pmd-jsp\src\test\java\net\sourceforge\pmd\lang\jsp\rule\codestyle\CodeStyleRulesTest.java,9,1,17,2,0.0,0,0,0,0.0,0.0,0,0,0,0,0,1,1,0,0,1,2,0.0,0.0,0,0,0,2,0.0,0,2,2,0,0,1,7,9,3,3,1,0,1,0,1,1,25,1,0,13,2,7,9,3,3,1,0,1,0,1,1,25,1,0,13,2,0,0,5,0,1,0,0,0,0,0,0,0,5,0,1,0,0,0,0,0,0
1889,L32319,NoInlineStyleInformationRule,net.sourceforge.pmd.lang.jsp.rule.design.NoInlineStyleInformationRule,L32314,L103,C:\Users\domco\Desktop\DP\repos\pmd\pmd-jsp\src\main\java\net\sourceforge\pmd\lang\jsp\rule\design\NoInlineStyleInformationRule.java,20,1,91,2,0.0,0,0,0,0.0,0.0,0,0,1,3,3,9,6,0,0,7,11,0.333333,0.492537,33,33,1,2,0.492537,33,4,6,0,0,1,34,72,24,19,3,0,4,0,2,0,106,13,2,98,21,34,72,24,19,3,0,4,0,2,0,106,13,2,98,21,0,3,15,0,3,2,0,0,0,0,0,1,5,0,3,1,0,0,0,9,1.0
1890,L32348,DesignRulesTest,net.sourceforge.pmd.lang.jsp.rule.design.DesignRulesTest,L32314,L103,C:\Users\domco\Desktop\DP\repos\pmd\pmd-jsp\src\test\java\net\sourceforge\pmd\lang\jsp\rule\design\DesignRulesTest.java,9,1,20,2,0.0,0,0,0,0.0,0.0,0,0,0,0,0,1,1,0,0,1,2,0.0,0.0,0,0,0,2,0.0,0,2,2,0,0,1,10,12,3,3,1,0,1,0,1,1,25,4,0,13,2,10,12,3,3,1,0,1,0,1,1,25,4,0,13,2,0,0,5,0,1,0,0,0,0,0,0,0,5,0,1,0,0,0,0,0,0
1891,L32393,NoUnsanitizedJSPExpressionRule,net.sourceforge.pmd.lang.jsp.rule.security.NoUnsanitizedJSPExpressionRule,L32388,L103,C:\Users\domco\Desktop\DP\repos\pmd\pmd-jsp\src\main\java\net\sourceforge\pmd\lang\jsp\rule\security\NoUnsanitizedJSPExpressionRule.java,17,1,38,2,0.0,0,0,0,0.0,0.0,0,0,1,1,1,7,5,0,0,5,7,0.5,0.272727,6,6,1,1,0.272727,6,4,6,0,0,1,16,22,21,19,0,0,2,0,1,0,104,7,2,97,21,16,22,21,19,0,0,2,0,1,0,104,7,2,97,21,0,0,15,0,0,0,0,0,0,0,0,0,5,0,0,1,0,0,0,9,0
1892,L32403,SecurityRulesTest,net.sourceforge.pmd.lang.jsp.rule.security.SecurityRulesTest,L32388,L103,C:\Users\domco\Desktop\DP\repos\pmd\pmd-jsp\src\test\java\net\sourceforge\pmd\lang\jsp\rule\security\SecurityRulesTest.java,9,1,18,2,0.0,0,0,0,0.0,0.0,0,0,0,0,0,1,1,0,0,1,2,0.0,0.0,0,0,0,2,0.0,0,2,2,0,0,1,8,10,3,3,1,0,1,0,1,1,25,2,0,13,2,8,10,3,3,1,0,1,0,1,1,25,2,0,13,2,0,0,5,0,1,0,0,0,0,0,0,0,5,0,1,0,0,0,0,0,0
1893,L32411,BestPracticesRulesTest,net.sourceforge.pmd.lang.jsp.rule.bestpractices.BestPracticesRulesTest,L32408,L103,C:\Users\domco\Desktop\DP\repos\pmd\pmd-jsp\src\test\java\net\sourceforge\pmd\lang\jsp\rule\bestpractices\BestPracticesRulesTest.java,9,1,20,2,0.0,0,0,0,0.0,0.0,0,0,0,0,0,1,1,0,0,1,2,0.0,0.0,0,0,0,2,0.0,0,2,2,0,0,1,10,12,3,3,1,0,1,0,1,1,25,4,0,13,2,10,12,3,3,1,0,1,0,1,1,25,4,0,13,2,0,0,5,0,1,0,0,0,0,0,0,0,5,0,1,0,0,0,0,0,0
1894,L32419,ErrorProneRulesTest,net.sourceforge.pmd.lang.jsp.rule.errorprone.ErrorProneRulesTest,L32416,L103,C:\Users\domco\Desktop\DP\repos\pmd\pmd-jsp\src\test\java\net\sourceforge\pmd\lang\jsp\rule\errorprone\ErrorProneRulesTest.java,9,1,17,2,0.0,0,0,0,0.0,0.0,0,0,0,0,0,1,1,0,0,1,2,0.0,0.0,0,0,0,2,0.0,0,2,2,0,0,1,7,9,3,3,1,0,1,0,1,1,25,1,0,13,2,7,9,3,3,1,0,1,0,1,1,25,1,0,13,2,0,0,5,0,1,0,0,0,0,0,0,0,5,0,1,0,0,0,0,0,0
1895,L33709,PLSQLHandler$1,net.sourceforge.pmd.lang.plsql.PLSQLHandler$1,L33706,L103,C:\Users\domco\Desktop\DP\repos\pmd\pmd-plsql\src\main\java\net\sourceforge\pmd\lang\plsql\PLSQLHandler.java,59,37,63,10,0.0,0,0,0,0.0,0.0,0,0,1,0,0,1,5,0,0,2,3,0.0,0.0,0,0,0,2,0.0,0,1,1,0,0,1,5,5,1,0,0,0,1,0,1,0,1,1,1,1,0,5,5,1,0,0,0,1,0,1,0,1,1,1,1,0,0,0,7,0,1,1,0,0,0,0,0,0,5,0,0,0,0,0,0,2,1.0
1896,L33718,PLSQLHandler$2,net.sourceforge.pmd.lang.plsql.PLSQLHandler$2,L33715,L103,C:\Users\domco\Desktop\DP\repos\pmd\pmd-plsql\src\main\java\net\sourceforge\pmd\lang\plsql\PLSQLHandler.java,68,37,72,10,0.0,0,0,0,0.0,0.0,0,0,1,0,0,1,4,0,0,1,2,0.0,0.0,0,0,0,2,0.0,0,1,1,0,0,1,5,5,1,0,0,0,1,0,1,0,1,1,1,1,0,5,5,1,0,0,0,1,0,1,0,1,1,1,1,0,0,0,7,0,1,1,0,0,0,0,0,0,5,0,0,0,0,0,0,2,1.0
1897,L33734,PLSQLHandler$3,net.sourceforge.pmd.lang.plsql.PLSQLHandler$3,L33728,L103,C:\Users\domco\Desktop\DP\repos\pmd\pmd-plsql\src\main\java\net\sourceforge\pmd\lang\plsql\PLSQLHandler.java,77,37,81,10,0.0,0,0,0,0.0,0.0,0,0,1,0,0,1,4,0,0,1,2,0.0,0.0,0,0,0,2,0.0,0,1,1,0,0,1,5,5,1,0,0,0,1,0,1,0,1,1,1,1,0,5,5,1,0,0,0,1,0,1,0,1,1,1,1,0,0,0,7,0,1,1,0,0,0,0,0,0,5,0,0,0,0,0,0,2,1.0
1898,L33744,PLSQLHandler$4,net.sourceforge.pmd.lang.plsql.PLSQLHandler$4,L33741,L103,C:\Users\domco\Desktop\DP\repos\pmd\pmd-plsql\src\main\java\net\sourceforge\pmd\lang\plsql\PLSQLHandler.java,89,35,99,10,1.0,1,1,1,1.0,1.0,11,9,2,0,0,3,2,0,0,0,3,0.0,0.0,0,0,0,4,0.0,0,1,1,0,0,1,9,11,1,1,0,1,3,0,3,0,3,1,1,3,0,9,11,1,1,0,1,3,0,3,0,3,1,1,3,0,0,0,32,0,2,0,20,0,1,0,0,0,9,2,0,0,0,0,0,2,0
1899,L34261,AbstractNcssCountRule,net.sourceforge.pmd.lang.plsql.rule.design.AbstractNcssCountRule,L34242,L103,C:\Users\domco\Desktop\DP\repos\pmd\pmd-plsql\src\main\java\net\sourceforge\pmd\lang\plsql\rule\design\AbstractNcssCountRule.java,37,1,212,2,0.0440882,1,2,1,0.0568182,0.056,10,7,7,2,2,29,7,2,4,10,30,0.0526316,0.14966,22,20,1,18,0.14966,22,5,8,2,2,1,125,176,29,22,2,1,20,0,18,0,243,56,5,234,20,125,176,29,22,2,1,20,0,18,0,243,56,5,234,20,0,0,59,0,4,0,7,3,1,0,0,1,39,0,0,1,0,0,0,11,0
1900,L34334,CyclomaticComplexityRule,net.sourceforge.pmd.lang.plsql.rule.design.CyclomaticComplexityRule,L34242,L103,C:\Users\domco\Desktop\DP\repos\pmd\pmd-plsql\src\main\java\net\sourceforge\pmd\lang\plsql\rule\design\CyclomaticComplexityRule.java,42,1,407,2,0.521157,5,35,12,0.459016,0.482877,168,141,2,3,3,50,23,0,0,22,40,0.0526316,0.107492,33,7,1,18,0.101538,33,4,6,0,0,1,274,344,32,20,9,0,18,3,18,0,239,169,5,232,20,292,366,36,21,13,1,22,5,21,0,243,173,7,235,20,0,0,136,1,5,0,66,1,1,0,1,4,48,0,1,1,0,0,0,19,0
1901,L34434,ExcessiveLengthRule,net.sourceforge.pmd.lang.plsql.rule.design.ExcessiveLengthRule,L34242,L103,C:\Users\domco\Desktop\DP\repos\pmd\pmd-plsql\src\main\java\net\sourceforge\pmd\lang\plsql\rule\design\ExcessiveLengthRule.java,22,1,60,2,0.0,0,0,0,0.0,0.0,0,0,1,2,2,7,5,5,5,11,14,0.25,0.186047,8,8,1,3,0.186047,8,5,8,5,5,1,35,39,29,22,2,1,3,0,3,0,226,15,5,219,20,35,39,29,22,2,1,3,0,3,0,226,15,5,219,20,0,0,21,0,1,0,0,0,0,0,1,1,9,0,0,1,0,0,0,10,0
1902,L34449,ExcessiveMethodLengthRule,net.sourceforge.pmd.lang.plsql.rule.design.ExcessiveMethodLengthRule,L34242,L103,C:\Users\domco\Desktop\DP\repos\pmd\pmd-plsql\src\main\java\net\sourceforge\pmd\lang\plsql\rule\design\ExcessiveMethodLengthRule.java,13,1,18,2,0.0,0,0,0,0.0,0.0,0,0,0,0,0,1,4,0,0,2,3,0.5,0.4,4,4,1,1,0.4,4,6,9,0,0,1,6,6,29,22,0,0,1,0,1,0,227,2,5,220,20,6,6,29,22,0,0,1,0,1,0,227,2,5,220,20,0,0,15,0,0,0,0,0,0,0,0,0,3,0,0,2,0,0,0,10,0
1903,L34453,ExcessiveNodeCountRule,net.sourceforge.pmd.lang.plsql.rule.design.ExcessiveNodeCountRule,L34242,L103,C:\Users\domco\Desktop\DP\repos\pmd\pmd-plsql\src\main\java\net\sourceforge\pmd\lang\plsql\rule\design\ExcessiveNodeCountRule.java,24,1,50,2,0.86,1,3,1,0.703704,0.727273,19,16,1,1,1,4,5,1,1,9,11,0.333333,0.352941,12,12,1,2,0.352941,12,5,8,1,1,1,22,27,28,21,1,0,2,0,2,0,225,14,5,218,20,22,27,28,21,1,0,2,0,2,0,225,14,5,218,20,0,0,28,0,1,0,12,0,0,0,0,1,5,0,0,1,0,0,0,10,0
1904,L34462,ExcessiveObjectLengthRule,net.sourceforge.pmd.lang.plsql.rule.design.ExcessiveObjectLengthRule,L34242,L103,C:\Users\domco\Desktop\DP\repos\pmd\pmd-plsql\src\main\java\net\sourceforge\pmd\lang\plsql\rule\design\ExcessiveObjectLengthRule.java,13,1,18,2,0.0,0,0,0,0.0,0.0,0,0,0,0,0,1,4,0,0,2,3,0.5,0.4,4,4,1,1,0.4,4,6,9,0,0,1,6,6,29,22,0,0,1,0,1,0,227,2,5,220,20,6,6,29,22,0,0,1,0,1,0,227,2,5,220,20,0,0,15,0,0,0,0,0,0,0,0,0,3,0,0,2,0,0,0,10,0
1905,L34465,ExcessivePackageBodyLengthRule,net.sourceforge.pmd.lang.plsql.rule.design.ExcessivePackageBodyLengthRule,L34242,L103,C:\Users\domco\Desktop\DP\repos\pmd\pmd-plsql\src\main\java\net\sourceforge\pmd\lang\plsql\rule\design\ExcessivePackageBodyLengthRule.java,13,1,18,2,0.0,0,0,0,0.0,0.0,0,0,0,0,0,1,4,0,0,2,3,0.5,0.4,4,4,1,1,0.4,4,6,9,0,0,1,6,6,29,22,0,0,1,0,1,0,227,2,5,220,20,6,6,29,22,0,0,1,0,1,0,227,2,5,220,20,0,0,15,0,0,0,0,0,0,0,0,0,3,0,0,2,0,0,0,10,0
1906,L34468,ExcessivePackageSpecificationLengthRule,net.sourceforge.pmd.lang.plsql.rule.design.ExcessivePackageSpecificationLengthRule,L34242,L103,C:\Users\domco\Desktop\DP\repos\pmd\pmd-plsql\src\main\java\net\sourceforge\pmd\lang\plsql\rule\design\ExcessivePackageSpecificationLengthRule.java,13,1,18,2,0.0,0,0,0,0.0,0.0,0,0,0,0,0,1,4,0,0,2,3,0.5,0.4,4,4,1,1,0.4,4,6,9,0,0,1,6,6,29,22,0,0,1,0,1,0,227,2,5,220,20,6,6,29,22,0,0,1,0,1,0,227,2,5,220,20,0,0,15,0,0,0,0,0,0,0,0,0,3,0,0,2,0,0,0,10,0
1907,L34471,ExcessiveParameterListRule,net.sourceforge.pmd.lang.plsql.rule.design.ExcessiveParameterListRule,L34242,L103,C:\Users\domco\Desktop\DP\repos\pmd\pmd-plsql\src\main\java\net\sourceforge\pmd\lang\plsql\rule\design\ExcessiveParameterListRule.java,16,1,26,2,0.0,0,0,0,0.0,0.0,0,0,1,0,0,2,5,0,0,2,4,0.666667,0.4,6,6,2,1,0.4,6,6,9,0,0,1,9,11,28,21,0,0,2,0,2,0,227,3,5,220,20,9,11,28,21,0,0,2,0,2,0,227,3,5,220,20,0,0,15,0,1,1,0,0,0,0,0,0,3,0,0,2,0,0,0,10,1.0
1908,L34481,ExcessiveTypeLengthRule,net.sourceforge.pmd.lang.plsql.rule.design.ExcessiveTypeLengthRule,L34242,L103,C:\Users\domco\Desktop\DP\repos\pmd\pmd-plsql\src\main\java\net\sourceforge\pmd\lang\plsql\rule\design\ExcessiveTypeLengthRule.java,13,1,18,2,0.0,0,0,0,0.0,0.0,0,0,0,0,0,1,4,0,0,2,3,0.5,0.4,4,4,1,1,0.4,4,6,9,0,0,1,6,6,29,22,0,0,1,0,1,0,227,2,5,220,20,6,6,29,22,0,0,1,0,1,0,227,2,5,220,20,0,0,15,0,0,0,0,0,0,0,0,0,3,0,0,2,0,0,0,10,0
1909,L34484,NcssMethodCountRule,net.sourceforge.pmd.lang.plsql.rule.design.NcssMethodCountRule,L34242,L103,C:\Users\domco\Desktop\DP\repos\pmd\pmd-plsql\src\main\java\net\sourceforge\pmd\lang\plsql\rule\design\NcssMethodCountRule.java,15,1,35,2,0.0,0,0,0,0.0,0.0,0,0,1,0,0,3,5,0,0,6,9,0.5,0.347826,8,8,2,2,0.347826,8,6,9,0,0,1,15,21,29,23,0,1,3,0,3,0,246,4,5,237,20,15,21,29,23,0,1,3,0,3,0,246,4,5,237,20,0,0,17,0,0,0,0,0,0,0,0,0,5,0,0,2,0,0,0,10,0
1910,L34496,NcssObjectCountRule,net.sourceforge.pmd.lang.plsql.rule.design.NcssObjectCountRule,L34242,L103,C:\Users\domco\Desktop\DP\repos\pmd\pmd-plsql\src\main\java\net\sourceforge\pmd\lang\plsql\rule\design\NcssObjectCountRule.java,23,1,97,2,0.0,0,0,0,0.0,0.0,0,0,1,2,2,11,12,0,0,16,21,0.666667,0.26087,18,13,4,2,0.26087,18,6,9,0,0,1,51,75,31,23,2,1,5,0,5,0,248,31,5,239,20,51,75,31,23,2,1,5,0,5,0,248,31,5,239,20,0,0,19,0,0,0,0,0,0,0,2,0,5,0,0,2,0,0,0,10,0
1911,L34520,NPathComplexityRule,net.sourceforge.pmd.lang.plsql.rule.design.NPathComplexityRule,L34242,L103,C:\Users\domco\Desktop\DP\repos\pmd\pmd-plsql\src\main\java\net\sourceforge\pmd\lang\plsql\rule\design\NPathComplexityRule.java,42,1,441,2,0.702583,5,33,14,0.605,0.638376,242,173,2,2,2,48,16,1,6,18,38,0.1,0.181269,60,18,2,18,0.181269,60,5,8,0,0,1,271,400,29,22,2,1,20,0,19,0,243,185,5,235,20,271,400,29,22,2,1,20,0,19,0,243,185,5,235,20,0,0,142,3,0,0,91,0,1,0,1,0,37,0,3,1,0,0,0,11,0
1912,L34592,TooManyFieldsRule,net.sourceforge.pmd.lang.plsql.rule.design.TooManyFieldsRule,L34242,L103,C:\Users\domco\Desktop\DP\repos\pmd\pmd-plsql\src\main\java\net\sourceforge\pmd\lang\plsql\rule\design\TooManyFieldsRule.java,21,1,93,2,0.535565,1,8,2,0.520548,0.561404,38,32,1,2,2,12,11,0,0,7,12,0.0,0.0,0,0,0,5,0.0,0,4,6,0,0,1,57,73,27,20,4,0,5,0,4,0,226,30,2,218,20,57,73,27,20,4,0,5,0,4,0,226,30,2,218,20,0,0,44,0,0,0,19,0,0,0,1,0,13,0,0,1,0,0,0,10,0
1913,L34620,DesignRulesTest,net.sourceforge.pmd.lang.plsql.rule.design.DesignRulesTest,L34242,L103,C:\Users\domco\Desktop\DP\repos\pmd\pmd-plsql\src\test\java\net\sourceforge\pmd\lang\plsql\rule\design\DesignRulesTest.java,9,1,27,2,0.0,0,0,0,0.0,0.0,0,0,0,0,0,1,1,0,0,1,2,0.0,0.0,0,0,0,2,0.0,0,2,2,0,0,1,17,19,3,3,1,0,1,0,1,1,25,11,0,13,2,17,19,3,3,1,0,1,0,1,1,25,11,0,13,2,0,0,5,0,1,0,0,0,0,0,0,0,5,0,1,0,0,0,0,0,0
1914,L34664,CodeStyleRulesTest,net.sourceforge.pmd.lang.plsql.rule.codestyle.CodeStyleRulesTest,L34661,L103,C:\Users\domco\Desktop\DP\repos\pmd\pmd-plsql\src\test\java\net\sourceforge\pmd\lang\plsql\rule\codestyle\CodeStyleRulesTest.java,9,1,17,2,0.0,0,0,0,0.0,0.0,0,0,0,0,0,1,1,0,0,1,2,0.0,0.0,0,0,0,2,0.0,0,2,2,0,0,1,7,9,3,3,1,0,1,0,1,1,25,1,0,13,2,7,9,3,3,1,0,1,0,1,1,25,1,0,13,2,0,0,5,0,1,0,0,0,0,0,0,0,5,0,1,0,0,0,0,0,0
1915,L34703,ClassScope$1,net.sourceforge.pmd.lang.plsql.symboltable.ClassScope$1,L34697,L103,C:\Users\domco\Desktop\DP\repos\pmd\pmd-plsql\src\main\java\net\sourceforge\pmd\lang\plsql\symboltable\ClassScope.java,28,97,33,6,0.0,0,0,0,0.0,0.0,0,0,1,0,0,1,0,0,0,0,1,0.0,0.0,0,0,0,1,0.0,0,0,0,0,0,0,6,6,0,0,0,0,1,0,0,0,1,1,0,0,0,6,6,0,0,0,0,1,0,0,0,1,1,0,0,0,0,0,5,0,0,0,0,0,0,0,0,0,5,0,0,0,0,0,0,0,1.0
1916,L35047,TypeSet$ExplicitImportResolver,net.sourceforge.pmd.lang.plsql.symboltable.TypeSet$ExplicitImportResolver,L35040,L103,C:\Users\domco\Desktop\DP\repos\pmd\pmd-plsql\src\main\java\net\sourceforge\pmd\lang\plsql\symboltable\TypeSet.java,28,5,43,6,0.0,0,0,0,0.0,0.0,0,0,1,2,2,4,1,1,1,0,2,0.0,0.0,0,0,0,3,0.0,0,1,1,0,0,1,14,16,1,0,1,0,2,0,2,0,2,5,0,2,0,14,16,1,0,1,0,2,0,2,0,2,5,0,2,0,0,0,7,0,2,1,0,0,0,0,0,1,7,0,0,0,0,0,0,0,1.0
1917,L35056,TypeSet$CurrentPackageResolver,net.sourceforge.pmd.lang.plsql.symboltable.TypeSet$CurrentPackageResolver,L35040,L103,C:\Users\domco\Desktop\DP\repos\pmd\pmd-plsql\src\main\java\net\sourceforge\pmd\lang\plsql\symboltable\TypeSet.java,45,5,55,6,0.0,0,0,0,0.0,0.0,0,0,1,0,0,2,1,1,1,0,2,0.0,0.0,0,0,0,3,0.0,0,1,1,0,0,1,9,11,1,0,1,0,2,0,2,0,2,2,0,2,0,9,11,1,0,1,0,2,0,2,0,2,2,0,2,0,0,0,7,0,2,1,0,0,0,0,0,1,7,0,0,0,0,0,0,0,1.0
1918,L35063,TypeSet$ImplicitImportResolver,net.sourceforge.pmd.lang.plsql.symboltable.TypeSet$ImplicitImportResolver,L35040,L103,C:\Users\domco\Desktop\DP\repos\pmd\pmd-plsql\src\main\java\net\sourceforge\pmd\lang\plsql\symboltable\TypeSet.java,58,5,62,6,0.0,0,0,0,0.0,0.0,0,0,1,0,0,1,1,1,0,0,1,0.5,0.166667,1,1,1,1,0.166667,1,1,1,0,0,1,5,5,0,0,0,0,1,0,1,0,1,1,0,1,0,5,5,0,0,0,0,1,0,1,0,1,1,0,1,0,0,0,5,0,1,1,0,0,0,0,0,0,5,0,0,0,0,0,0,0,1.0
1919,L35068,TypeSet$ImportOnDemandResolver,net.sourceforge.pmd.lang.plsql.symboltable.TypeSet$ImportOnDemandResolver,L35040,L103,C:\Users\domco\Desktop\DP\repos\pmd\pmd-plsql\src\main\java\net\sourceforge\pmd\lang\plsql\symboltable\TypeSet.java,64,5,83,6,0.0,0,0,0,0.0,0.0,0,0,1,3,3,5,1,1,1,0,2,0.0,0.0,0,0,0,3,0.0,0,1,1,0,0,1,18,20,1,0,1,0,2,0,2,0,2,7,0,2,0,18,20,1,0,1,0,2,0,2,0,2,7,0,2,0,0,1,7,0,2,1,0,0,0,0,0,1,7,0,1,0,0,0,0,0,1.0
1920,L35075,TypeSet$PrimitiveTypeResolver,net.sourceforge.pmd.lang.plsql.symboltable.TypeSet$PrimitiveTypeResolver,L35040,L103,C:\Users\domco\Desktop\DP\repos\pmd\pmd-plsql\src\main\java\net\sourceforge\pmd\lang\plsql\symboltable\TypeSet.java,85,5,106,6,0.0,0,0,0,0.0,0.0,0,0,1,1,1,3,1,1,1,0,2,0.0,0.0,0,0,0,3,0.0,0,1,1,0,0,1,20,22,1,0,1,0,2,0,2,0,2,11,0,2,0,20,22,1,0,1,0,2,0,2,0,2,11,0,2,0,0,0,7,0,2,1,0,0,0,0,0,1,7,0,0,0,0,0,0,0,1.0
1921,L35081,TypeSet$VoidResolver,net.sourceforge.pmd.lang.plsql.symboltable.TypeSet$VoidResolver,L35040,L103,C:\Users\domco\Desktop\DP\repos\pmd\pmd-plsql\src\main\java\net\sourceforge\pmd\lang\plsql\symboltable\TypeSet.java,108,5,115,6,0.0,0,0,0,0.0,0.0,0,0,1,1,1,2,1,1,0,0,1,0.0,0.0,0,0,0,2,0.0,0,1,1,0,0,1,8,8,0,0,0,0,1,0,1,0,1,3,0,1,0,8,8,0,0,0,0,1,0,1,0,1,3,0,1,0,0,0,5,0,1,1,0,0,0,0,0,0,5,0,0,0,0,0,0,0,1.0
1922,L35085,TypeSet$FullyQualifiedNameResolver,net.sourceforge.pmd.lang.plsql.symboltable.TypeSet$FullyQualifiedNameResolver,L35040,L103,C:\Users\domco\Desktop\DP\repos\pmd\pmd-plsql\src\main\java\net\sourceforge\pmd\lang\plsql\symboltable\TypeSet.java,117,5,121,6,0.0,0,0,0,0.0,0.0,0,0,1,0,0,1,1,1,0,0,1,0.0,0.0,0,0,0,2,0.0,0,1,1,0,0,1,5,5,0,0,0,0,1,0,1,0,1,1,0,1,0,5,5,0,0,0,0,1,0,1,0,1,1,0,1,0,0,0,5,0,1,1,0,0,0,0,0,0,5,0,0,0,0,0,0,0,1.0
1923,L36266,VfCsrfRule,net.sourceforge.pmd.lang.vf.rule.security.VfCsrfRule,L36259,L103,C:\Users\domco\Desktop\DP\repos\pmd\pmd-visualforce\src\main\java\net\sourceforge\pmd\lang\vf\rule\security\VfCsrfRule.java,19,1,63,2,0.0,0,0,0,0.0,0.0,0,0,1,5,5,11,7,0,0,6,8,0.5,0.097561,4,4,1,1,0.097561,4,4,6,0,0,1,37,45,22,19,1,0,2,0,1,0,99,19,2,92,20,37,45,22,19,1,0,2,0,1,0,99,19,2,92,20,0,1,19,0,1,0,0,0,0,2,0,1,7,0,1,1,0,0,0,9,0
1924,L36281,VfUnescapeElRule,net.sourceforge.pmd.lang.vf.rule.security.VfUnescapeElRule,L36259,L103,C:\Users\domco\Desktop\DP\repos\pmd\pmd-visualforce\src\main\java\net\sourceforge\pmd\lang\vf\rule\security\VfUnescapeElRule.java,33,1,550,2,0.0237946,1,18,2,0.042471,0.0475059,22,20,1,6,6,166,18,0,0,15,32,0.333333,0.0240385,10,4,1,2,0.0232019,10,4,6,0,0,1,406,500,38,19,17,0,17,0,2,0,114,200,2,93,20,421,518,44,19,23,0,19,5,3,0,116,202,7,94,20,0,12,90,0,11,0,9,0,0,16,2,11,44,0,12,1,0,0,0,18,0
1925,L36434,SecurityRulesTest,net.sourceforge.pmd.lang.vf.rule.security.SecurityRulesTest,L36259,L103,C:\Users\domco\Desktop\DP\repos\pmd\pmd-visualforce\src\test\java\net\sourceforge\pmd\lang\vf\rule\security\SecurityRulesTest.java,9,1,18,2,0.0,0,0,0,0.0,0.0,0,0,0,0,0,1,1,0,0,1,2,0.0,0.0,0,0,0,2,0.0,0,2,2,0,0,1,8,10,3,3,1,0,1,0,1,1,25,2,0,13,2,8,10,3,3,1,0,1,0,1,1,25,2,0,13,2,0,0,5,0,1,0,0,0,0,0,0,0,5,0,1,0,0,0,0,0,0
1926,L36473,VfHandler$1,net.sourceforge.pmd.lang.vf.VfHandler$1,L36470,L103,C:\Users\domco\Desktop\DP\repos\pmd\pmd-visualforce\src\main\java\net\sourceforge\pmd\lang\vf\VfHandler.java,27,46,33,10,1.0,1,1,1,1.0,1.0,7,6,2,0,0,2,1,0,0,0,2,0.0,0.0,0,0,0,3,0.0,0,2,2,0,0,1,6,7,1,1,0,0,2,0,2,0,4,0,1,4,0,6,7,1,1,0,0,2,0,2,0,4,0,1,4,0,0,0,25,0,2,0,15,0,1,0,0,0,7,2,0,0,0,0,0,2,1.0
1927,L36492,VfHandler$2,net.sourceforge.pmd.lang.vf.VfHandler$2,L36486,L103,C:\Users\domco\Desktop\DP\repos\pmd\pmd-visualforce\src\main\java\net\sourceforge\pmd\lang\vf\VfHandler.java,46,37,50,10,0.0,0,0,0,0.0,0.0,0,0,1,0,0,1,4,0,0,1,2,0.0,0.0,0,0,0,2,0.0,0,1,1,0,0,1,5,5,1,0,0,0,1,0,1,0,1,1,1,1,0,5,5,1,0,0,0,1,0,1,0,1,1,1,1,0,0,0,7,0,0,0,0,0,0,0,0,0,5,0,0,0,0,0,0,2,0
1928,L36767,ASTMethod$MethodCacheKey,net.sourceforge.pmd.lang.vm.ast.ASTMethod$MethodCacheKey,L36754,L103,C:\Users\domco\Desktop\DP\repos\pmd\pmd-vm\src\main\java\net\sourceforge\pmd\lang\vm\ast\ASTMethod.java,70,5,133,6,0.0,0,0,0,0.0,0.0,0,0,1,5,5,14,0,0,0,0,3,0.75,0.390625,25,13,3,1,0.390625,25,0,0,0,0,0,39,64,2,0,2,0,3,0,3,0,3,24,0,3,0,39,64,2,0,2,0,3,0,3,0,3,24,0,3,0,0,0,3,0,2,2,0,0,0,2,0,0,1,0,0,0,0,0,0,0,0
1929,L37552,AvoidReassigningParametersRule,net.sourceforge.pmd.lang.vm.rule.bestpractices.AvoidReassigningParametersRule,L37545,L103,C:\Users\domco\Desktop\DP\repos\pmd\pmd-vm\src\main\java\net\sourceforge\pmd\lang\vm\rule\bestpractices\AvoidReassigningParametersRule.java,16,1,36,2,0.0,0,0,0,0.0,0.0,0,0,1,3,3,6,6,0,0,6,7,0.0,0.0,0,0,0,2,0.0,0,4,6,0,0,1,20,21,21,19,0,0,1,0,1,0,123,11,2,117,21,20,21,21,19,0,0,1,0,1,0,123,11,2,117,21,0,0,15,0,0,0,0,0,0,0,0,0,5,0,0,1,0,0,0,9,0
1930,L37560,UnusedMacroParameterRule,net.sourceforge.pmd.lang.vm.rule.bestpractices.UnusedMacroParameterRule,L37545,L103,C:\Users\domco\Desktop\DP\repos\pmd\pmd-vm\src\main\java\net\sourceforge\pmd\lang\vm\rule\bestpractices\UnusedMacroParameterRule.java,17,1,68,2,0.0,0,0,0,0.0,0.0,0,0,1,3,3,14,7,0,0,7,11,0.0,0.0,0,0,0,2,0.0,0,4,6,0,0,1,48,52,21,19,0,0,4,0,1,0,126,26,2,117,21,48,52,21,19,0,0,4,0,1,0,126,26,2,117,21,0,0,21,0,1,1,0,0,0,0,0,0,11,0,0,1,0,0,0,9,0
1931,L37577,BestPracticesRulesTest,net.sourceforge.pmd.lang.vm.rule.bestpractices.BestPracticesRulesTest,L37545,L103,C:\Users\domco\Desktop\DP\repos\pmd\pmd-vm\src\test\java\net\sourceforge\pmd\lang\vm\rule\bestpractices\BestPracticesRulesTest.java,9,1,18,2,0.0,0,0,0,0.0,0.0,0,0,0,0,0,1,1,0,0,1,2,0.0,0.0,0,0,0,2,0.0,0,2,2,0,0,1,8,10,3,3,1,0,1,0,1,1,25,2,0,13,2,8,10,3,3,1,0,1,0,1,1,25,2,0,13,2,0,0,5,0,1,0,0,0,0,0,0,0,5,0,1,0,0,0,0,0,0
1932,L37590,AvoidDeeplyNestedIfStmtsRule,net.sourceforge.pmd.lang.vm.rule.design.AvoidDeeplyNestedIfStmtsRule,L37582,L103,C:\Users\domco\Desktop\DP\repos\pmd\pmd-vm\src\main\java\net\sourceforge\pmd\lang\vm\rule\design\AvoidDeeplyNestedIfStmtsRule.java,14,1,52,2,0.0,0,0,0,0.0,0.0,0,0,1,1,1,6,9,0,0,11,16,0.0,0.0,0,0,0,5,0.0,0,4,6,0,0,1,31,39,24,19,3,0,5,0,4,0,127,12,2,120,21,31,39,24,19,3,0,5,0,4,0,127,12,2,120,21,0,0,23,0,3,3,0,0,0,0,0,0,13,0,0,1,0,0,0,9,1.0
1933,L37611,CollapsibleIfStatementsRule,net.sourceforge.pmd.lang.vm.rule.design.CollapsibleIfStatementsRule,L37582,L103,C:\Users\domco\Desktop\DP\repos\pmd\pmd-vm\src\main\java\net\sourceforge\pmd\lang\vm\rule\design\CollapsibleIfStatementsRule.java,18,1,79,2,0.0,0,0,0,0.0,0.0,0,0,1,6,4,17,5,0,0,4,8,0.0,0.0701754,4,0,0,3,0.0701754,4,4,6,0,0,1,53,62,21,19,0,0,4,0,2,0,126,32,2,118,21,53,62,21,19,0,0,4,0,2,0,126,32,2,118,21,0,0,26,0,0,0,0,0,0,5,0,0,11,0,0,1,0,0,0,9,0
1934,L37626,ExcessiveTemplateLengthRule,net.sourceforge.pmd.lang.vm.rule.design.ExcessiveTemplateLengthRule,L37582,L103,C:\Users\domco\Desktop\DP\repos\pmd\pmd-vm\src\main\java\net\sourceforge\pmd\lang\vm\rule\design\ExcessiveTemplateLengthRule.java,11,1,22,2,0.0,0,0,0,0.0,0.0,0,0,1,0,0,1,3,0,0,6,7,0.0,0.0,0,0,0,2,0.0,0,5,8,0,0,1,11,12,25,20,0,0,1,0,1,0,125,6,5,119,21,11,12,25,20,0,0,1,0,1,0,125,6,5,119,21,0,0,16,0,0,0,0,0,0,0,0,0,5,0,0,1,0,0,0,10,0
1935,L37635,NoInlineJavaScriptRule,net.sourceforge.pmd.lang.vm.rule.design.NoInlineJavaScriptRule,L37582,L103,C:\Users\domco\Desktop\DP\repos\pmd\pmd-vm\src\main\java\net\sourceforge\pmd\lang\vm\rule\design\NoInlineJavaScriptRule.java,13,1,27,2,0.0,0,0,0,0.0,0.0,0,0,1,2,2,3,2,0,0,2,3,0.0,0.0,0,0,0,2,0.0,0,4,6,0,0,1,15,15,21,19,0,0,1,0,1,0,123,8,2,117,21,15,15,21,19,0,0,1,0,1,0,123,8,2,117,21,0,0,15,0,0,0,0,0,0,0,0,0,5,0,0,1,0,0,0,9,0
1936,L37642,DesignRulesTest,net.sourceforge.pmd.lang.vm.rule.design.DesignRulesTest,L37582,L103,C:\Users\domco\Desktop\DP\repos\pmd\pmd-vm\src\test\java\net\sourceforge\pmd\lang\vm\rule\design\DesignRulesTest.java,9,1,21,2,0.0,0,0,0,0.0,0.0,0,0,0,0,0,1,1,0,0,1,2,0.0,0.0,0,0,0,2,0.0,0,2,2,0,0,1,11,13,3,3,1,0,1,0,1,1,25,5,0,13,2,11,13,3,3,1,0,1,0,1,1,25,5,0,13,2,0,0,5,0,1,0,0,0,0,0,0,0,5,0,1,0,0,0,0,0,0
1937,L37653,EmptyForeachStmtRule,net.sourceforge.pmd.lang.vm.rule.errorprone.EmptyForeachStmtRule,L37647,L103,C:\Users\domco\Desktop\DP\repos\pmd\pmd-vm\src\main\java\net\sourceforge\pmd\lang\vm\rule\errorprone\EmptyForeachStmtRule.java,15,1,29,2,0.0,0,0,0,0.0,0.0,0,0,1,2,1,5,3,0,0,3,4,0.0,0.0,0,0,0,2,0.0,0,4,6,0,0,1,13,15,21,19,0,0,1,0,1,0,123,6,2,117,21,13,15,21,19,0,0,1,0,1,0,123,6,2,117,21,0,0,15,0,0,0,0,0,0,0,0,0,5,0,0,1,0,0,0,9,0
1938,L37658,EmptyIfStmtRule,net.sourceforge.pmd.lang.vm.rule.errorprone.EmptyIfStmtRule,L37647,L103,C:\Users\domco\Desktop\DP\repos\pmd\pmd-vm\src\main\java\net\sourceforge\pmd\lang\vm\rule\errorprone\EmptyIfStmtRule.java,17,1,45,2,0.0,0,0,0,0.0,0.0,0,0,1,2,1,8,4,0,0,4,8,0.0,0.0,0,0,0,4,0.0,0,4,6,0,0,1,26,29,21,19,0,0,4,0,3,0,126,11,2,119,21,26,29,21,19,0,0,4,0,3,0,126,11,2,119,21,0,0,21,0,0,0,0,0,0,0,0,0,11,0,0,1,0,0,0,9,0
1939,L37673,ErrorProneRulesTest,net.sourceforge.pmd.lang.vm.rule.errorprone.ErrorProneRulesTest,L37647,L103,C:\Users\domco\Desktop\DP\repos\pmd\pmd-vm\src\test\java\net\sourceforge\pmd\lang\vm\rule\errorprone\ErrorProneRulesTest.java,9,1,18,2,0.0,0,0,0,0.0,0.0,0,0,0,0,0,1,1,0,0,1,2,0.0,0.0,0,0,0,2,0.0,0,2,2,0,0,1,8,10,3,3,1,0,1,0,1,1,25,2,0,13,2,8,10,3,3,1,0,1,0,1,1,25,2,0,13,2,0,0,5,0,1,0,0,0,0,0,0,0,5,0,1,0,0,0,0,0,0
1940,L37918,VmHandler$1,net.sourceforge.pmd.lang.vm.VmHandler$1,L37915,L103,C:\Users\domco\Desktop\DP\repos\pmd\pmd-vm\src\main\java\net\sourceforge\pmd\lang\vm\VmHandler.java,30,46,36,10,1.0,1,1,1,1.0,1.0,7,6,2,0,0,2,1,0,0,0,2,0.0,0.0,0,0,0,3,0.0,0,2,2,0,0,1,6,7,1,1,0,0,2,0,2,0,4,0,1,4,0,6,7,1,1,0,0,2,0,2,0,4,0,1,4,0,0,0,25,0,2,0,15,0,1,0,0,0,7,2,0,0,0,0,0,2,1.0
1941,L37937,VmHandler$2,net.sourceforge.pmd.lang.vm.VmHandler$2,L37931,L103,C:\Users\domco\Desktop\DP\repos\pmd\pmd-vm\src\main\java\net\sourceforge\pmd\lang\vm\VmHandler.java,49,37,53,10,0.0,0,0,0,0.0,0.0,0,0,1,0,0,1,3,0,0,1,2,0.0,0.0,0,0,0,2,0.0,0,1,1,0,0,1,5,5,1,0,0,0,1,0,1,0,1,1,1,1,0,5,5,1,0,0,0,1,0,1,0,1,1,1,1,0,0,0,7,0,0,0,0,0,0,0,0,0,5,0,0,0,0,0,0,2,0
1942,L38020,ErrorProneRulesTest,net.sourceforge.pmd.lang.pom.rule.errorprone.ErrorProneRulesTest,L38014,L103,C:\Users\domco\Desktop\DP\repos\pmd\pmd-xml\src\test\java\net\sourceforge\pmd\lang\pom\rule\errorprone\ErrorProneRulesTest.java,9,1,18,2,0.0,0,0,0,0.0,0.0,0,0,0,0,0,1,1,0,0,1,2,0.0,0.0,0,0,0,2,0.0,0,2,2,0,0,1,8,10,3,3,1,0,1,0,1,1,25,2,0,13,2,8,10,3,3,1,0,1,0,1,1,25,2,0,13,2,0,0,5,0,1,0,0,0,0,0,0,0,5,0,1,0,0,0,0,0,0
1943,L38061,AbstractWsdlRuleTest$MyRule,net.sourceforge.pmd.lang.wsdl.rule.AbstractWsdlRuleTest$MyRule,L38044,L103,C:\Users\domco\Desktop\DP\repos\pmd\pmd-xml\src\test\java\net\sourceforge\pmd\lang\wsdl\rule\AbstractWsdlRuleTest.java,44,5,61,6,0.0,0,0,0,0.0,0.0,0,0,1,0,0,3,5,1,1,3,6,0.0,0.0,0,0,0,2,0.0,0,5,7,0,0,1,15,18,29,20,1,0,3,0,1,0,86,4,9,75,20,15,18,29,20,1,0,3,0,1,0,86,4,9,75,20,0,0,19,0,2,0,0,1,0,0,0,0,9,1,0,1,0,0,0,9,0
1944,L38433,AbstractDomXmlRuleTest$MyRule,net.sourceforge.pmd.lang.xml.rule.AbstractDomXmlRuleTest$MyRule,L38428,L103,C:\Users\domco\Desktop\DP\repos\pmd\pmd-xml\src\test\java\net\sourceforge\pmd\lang\xml\rule\AbstractDomXmlRuleTest.java,142,5,228,6,0.0,0,0,0,0.0,0.0,0,0,2,1,1,15,5,1,3,2,16,0.0,0.0,0,0,0,2,0.0,0,5,7,0,0,1,72,87,29,20,1,0,14,0,1,0,110,28,9,74,20,72,87,29,20,1,0,14,0,1,0,110,28,9,74,20,0,0,43,0,2,0,0,1,1,0,0,0,31,1,0,1,0,0,0,10,0
1945,L38502,AbstractXmlRuleTest$MyRule,net.sourceforge.pmd.lang.xml.rule.AbstractXmlRuleTest$MyRule,L38499,L103,C:\Users\domco\Desktop\DP\repos\pmd\pmd-xml\src\test\java\net\sourceforge\pmd\lang\xml\rule\AbstractXmlRuleTest.java,44,5,61,6,0.0,0,0,0,0.0,0.0,0,0,1,0,0,3,4,1,1,3,6,0.0,0.0,0,0,0,2,0.0,0,4,6,0,0,1,15,18,29,20,1,0,3,0,1,0,85,4,9,74,20,15,18,29,20,1,0,3,0,1,0,85,4,9,74,20,0,0,19,0,2,0,0,1,0,0,0,0,9,1,0,1,0,0,0,9,0
1946,L38519,ErrorProneRulesTest,net.sourceforge.pmd.lang.xml.rule.errorprone.ErrorProneRulesTest,L38516,L103,C:\Users\domco\Desktop\DP\repos\pmd\pmd-xml\src\test\java\net\sourceforge\pmd\lang\xml\rule\errorprone\ErrorProneRulesTest.java,9,1,17,2,0.0,0,0,0,0.0,0.0,0,0,0,0,0,1,1,0,0,1,2,0.0,0.0,0,0,0,2,0.0,0,2,2,0,0,1,7,9,3,3,1,0,1,0,1,1,25,1,0,13,2,7,9,3,3,1,0,1,0,1,1,25,1,0,13,2,0,0,5,0,1,0,0,0,0,0,0,0,5,0,1,0,0,0,0,0,0
1947,L38528,XmlHandler$1,net.sourceforge.pmd.lang.xml.XmlHandler$1,L38525,L103,C:\Users\domco\Desktop\DP\repos\pmd\pmd-xml\src\main\java\net\sourceforge\pmd\lang\xml\XmlHandler.java,32,35,42,10,1.0,1,1,1,1.0,1.0,11,9,2,0,0,3,2,0,0,0,3,0.0,0.0,0,0,0,4,0.0,0,1,1,0,0,1,9,11,1,1,0,1,3,0,3,0,3,1,1,3,0,9,11,1,1,0,1,3,0,3,0,3,1,1,3,0,0,0,32,0,2,0,20,0,1,0,0,0,9,2,0,0,0,0,0,2,1.0
1948,L38549,XmlHandler$2,net.sourceforge.pmd.lang.xml.XmlHandler$2,L38543,L103,C:\Users\domco\Desktop\DP\repos\pmd\pmd-xml\src\main\java\net\sourceforge\pmd\lang\xml\XmlHandler.java,60,37,64,10,0.0,0,0,0,0.0,0.0,0,0,1,0,0,1,4,0,0,1,2,0.0,0.0,0,0,0,2,0.0,0,1,1,0,0,1,5,5,1,0,0,0,1,0,1,0,1,1,1,1,0,5,5,1,0,0,0,1,0,1,0,1,1,1,1,0,0,0,7,0,0,0,0,0,0,0,0,0,5,0,0,0,0,0,0,2,0
1949,L38743,CodeStyleRulesTest,net.sourceforge.pmd.lang.xsl.rule.codestyle.CodeStyleRulesTest,L38738,L103,C:\Users\domco\Desktop\DP\repos\pmd\pmd-xml\src\test\java\net\sourceforge\pmd\lang\xsl\rule\codestyle\CodeStyleRulesTest.java,9,1,17,2,0.0,0,0,0,0.0,0.0,0,0,0,0,0,1,1,0,0,1,2,0.0,0.0,0,0,0,2,0.0,0,2,2,0,0,1,7,9,3,3,1,0,1,0,1,1,25,1,0,13,2,7,9,3,3,1,0,1,0,1,1,25,1,0,13,2,0,0,5,0,1,0,0,0,0,0,0,0,5,0,1,0,0,0,0,0,0
1950,L38751,PerformanceRulesTest,net.sourceforge.pmd.lang.xsl.rule.performance.PerformanceRulesTest,L38748,L103,C:\Users\domco\Desktop\DP\repos\pmd\pmd-xml\src\test\java\net\sourceforge\pmd\lang\xsl\rule\performance\PerformanceRulesTest.java,9,1,17,2,0.0,0,0,0,0.0,0.0,0,0,0,0,0,1,1,0,0,1,2,0.0,0.0,0,0,0,2,0.0,0,2,2,0,0,1,7,9,3,3,1,0,1,0,1,1,25,1,0,13,2,7,9,3,3,1,0,1,0,1,1,25,1,0,13,2,0,0,5,0,1,0,0,0,0,0,0,0,5,0,1,0,0,0,0,0,0
1951,L7031,StandardCycloVisitor,net.sourceforge.pmd.lang.apex.metrics.impl.visitors.StandardCycloVisitor,L7049,L103,C:\Users\domco\Desktop\DP\repos\pmd\pmd-apex\src\main\java\net\sourceforge\pmd\lang\apex\metrics\impl\visitors\StandardCycloVisitor.java,25,1,101,2,0.0,0,0,0,0.0,0.0,0,0,9,0,0,9,13,1,0,11,20,0.1,0.0483871,3,3,1,9,0.0483871,3,2,2,0,0,1,59,77,0,0,0,0,9,0,9,0,98,25,0,98,0,59,77,0,0,0,0,9,0,9,0,98,25,0,98,0,0,0,27,0,0,0,0,0,1,0,1,0,21,0,0,0,0,0,0,4,0
1952,L7370,ApexProjectMirrorTest$1,net.sourceforge.pmd.lang.apex.metrics.ApexProjectMirrorTest$1,L7358,L103,C:\Users\domco\Desktop\DP\repos\pmd\pmd-apex\src\test\java\net\sourceforge\pmd\lang\apex\metrics\ApexProjectMirrorTest.java,88,54,105,10,0.0,0,0,0,0.0,0.0,0,0,2,0,0,2,10,0,0,9,11,0.0,0.0,0,0,0,3,0.0,0,2,2,0,0,1,16,18,0,0,0,0,2,0,2,0,91,6,0,91,0,16,18,0,0,0,0,2,0,2,0,91,6,0,91,0,0,0,11,0,0,0,0,0,1,0,0,0,7,0,0,0,0,0,0,3,0
1953,L7518,ApexMultifileVisitorTest$1,net.sourceforge.pmd.lang.apex.multifile.ApexMultifileVisitorTest$1,L7512,L103,C:\Users\domco\Desktop\DP\repos\pmd\pmd-apex\src\test\java\net\sourceforge\pmd\lang\apex\multifile\ApexMultifileVisitorTest.java,49,54,58,10,0.0,0,0,0,0.0,0.0,0,0,1,1,1,2,3,0,0,3,4,0.0,0.0,0,0,0,2,0.0,0,2,2,0,0,1,9,10,0,0,0,0,1,0,1,0,90,3,0,90,0,9,10,0,0,0,0,1,0,1,0,90,3,0,90,0,0,0,8,0,1,1,0,0,0,0,0,0,5,0,0,0,0,0,0,3,0
1954,L8464,StdCyclomaticComplexityRule$Entry,net.sourceforge.pmd.lang.apex.rule.design.StdCyclomaticComplexityRule$Entry,L8456,L103,C:\Users\domco\Desktop\DP\repos\pmd\pmd-apex\src\main\java\net\sourceforge\pmd\lang\apex\rule\design\StdCyclomaticComplexityRule.java,55,5,74,6,0.0,0,0,0,0.0,0.0,0,0,1,0,0,5,1,1,11,0,4,0.0,0.0,0,0,0,4,0.0,0,0,0,0,0,0,16,20,3,1,3,1,4,2,3,0,4,3,2,3,0,16,20,3,1,3,1,4,2,3,0,4,3,2,3,0,0,0,15,0,0,0,0,0,0,0,0,0,11,0,0,0,0,0,0,4,0
1955,L10175,DocumentNavigator$1,net.sourceforge.pmd.lang.ast.xpath.DocumentNavigator$1,L9747,L103,C:\Users\domco\Desktop\DP\repos\pmd\pmd-core\src\main\java\net\sourceforge\pmd\lang\ast\xpath\DocumentNavigator.java,154,53,164,10,1.0,1,1,1,1.0,1.0,11,10,0,0,0,2,2,0,0,2,4,0.0,0.0,0,0,0,1,0.0,0,1,1,0,0,1,10,11,1,6,0,2,2,0,0,0,10,2,0,4,0,10,11,1,6,0,2,2,0,0,0,10,2,0,4,0,0,0,22,0,0,0,15,0,0,0,0,0,7,0,0,0,0,0,0,0,0
1956,L10197,DocumentNavigator$2,net.sourceforge.pmd.lang.ast.xpath.DocumentNavigator$2,L10192,L103,C:\Users\domco\Desktop\DP\repos\pmd\pmd-core\src\main\java\net\sourceforge\pmd\lang\ast\xpath\DocumentNavigator.java,196,53,206,10,1.0,1,1,1,1.0,1.0,11,10,0,0,0,2,2,0,0,1,3,0.0,0.0,0,0,0,1,0.0,0,1,1,0,0,1,10,11,1,6,0,2,2,0,0,0,10,2,0,4,0,10,11,1,6,0,2,2,0,0,0,10,2,0,4,0,0,0,22,0,0,0,15,0,0,0,0,0,7,0,0,0,0,0,0,0,0
1957,L10209,DocumentNavigator$3,net.sourceforge.pmd.lang.ast.xpath.DocumentNavigator$3,L10204,L103,C:\Users\domco\Desktop\DP\repos\pmd\pmd-core\src\main\java\net\sourceforge\pmd\lang\ast\xpath\DocumentNavigator.java,218,53,228,10,1.0,1,1,1,1.0,1.0,11,10,0,0,0,2,2,0,0,1,3,0.0,0.0,0,0,0,1,0.0,0,1,1,0,0,1,10,11,1,6,0,2,2,0,0,0,10,2,0,4,0,10,11,1,6,0,2,2,0,0,0,10,2,0,4,0,0,0,22,0,0,0,15,0,0,0,0,0,7,0,0,0,0,0,0,0,0
1958,L10223,DocumentNavigator$4,net.sourceforge.pmd.lang.ast.xpath.DocumentNavigator$4,L10218,L103,C:\Users\domco\Desktop\DP\repos\pmd\pmd-core\src\main\java\net\sourceforge\pmd\lang\ast\xpath\DocumentNavigator.java,240,53,271,10,1.0,1,6,1,1.0,1.0,32,31,0,2,2,7,2,0,0,3,5,0.0,0.0,0,0,0,1,0.0,0,1,1,0,0,1,31,32,1,6,0,2,2,0,0,0,10,14,0,4,0,31,32,1,6,0,2,2,0,0,0,10,14,0,4,0,0,0,25,0,0,0,18,0,0,0,0,0,7,0,0,0,0,0,0,0,0
1959,L10235,DocumentNavigator$5,net.sourceforge.pmd.lang.ast.xpath.DocumentNavigator$5,L10230,L103,C:\Users\domco\Desktop\DP\repos\pmd\pmd-core\src\main\java\net\sourceforge\pmd\lang\ast\xpath\DocumentNavigator.java,283,53,314,10,1.0,1,6,1,1.0,1.0,32,31,0,2,2,7,2,0,0,3,5,0.0,0.0,0,0,0,1,0.0,0,1,1,0,0,1,31,32,1,6,0,2,2,0,0,0,10,14,0,4,0,31,32,1,6,0,2,2,0,0,0,10,14,0,4,0,0,0,25,0,0,0,18,0,0,0,0,0,7,0,0,0,0,0,0,0,0
1960,L19011,AtfdMetric$AtfdOperationMetric,net.sourceforge.pmd.lang.java.metrics.impl.AtfdMetric$AtfdOperationMetric,L19144,L103,C:\Users\domco\Desktop\DP\repos\pmd\pmd-java\src\main\java\net\sourceforge\pmd\lang\java\metrics\impl\AtfdMetric.java,27,5,40,6,0.0,0,0,0,0.0,0.0,0,0,2,0,0,3,6,0,0,2,4,0.0,0.0,0,0,0,3,0.0,0,4,5,0,0,1,10,14,0,0,0,0,2,0,2,0,5,2,0,5,0,10,14,0,0,0,0,2,0,2,0,5,2,0,5,0,0,0,8,0,0,0,0,0,1,0,0,0,7,0,0,0,0,0,0,0,0
1961,L18943,AtfdMetric$AtfdClassMetric,net.sourceforge.pmd.lang.java.metrics.impl.AtfdMetric$AtfdClassMetric,L19144,L103,C:\Users\domco\Desktop\DP\repos\pmd\pmd-java\src\main\java\net\sourceforge\pmd\lang\java\metrics\impl\AtfdMetric.java,42,5,51,6,0.0,0,0,0,0.0,0.0,0,0,1,0,0,1,6,0,0,1,2,0.0,0.142857,1,0,0,2,0.142857,1,4,5,0,0,1,6,10,0,3,0,0,1,0,1,0,9,1,0,4,0,6,10,0,3,0,0,1,0,1,0,9,1,0,4,0,0,0,5,0,0,0,0,0,0,0,0,0,5,0,0,0,0,0,0,0,0
1962,L19026,LocMetric$LocOperationMetric,net.sourceforge.pmd.lang.java.metrics.impl.LocMetric$LocOperationMetric,L19226,L103,C:\Users\domco\Desktop\DP\repos\pmd\pmd-java\src\main\java\net\sourceforge\pmd\lang\java\metrics\impl\LocMetric.java,21,5,33,6,0.0,0,0,0,0.0,0.0,0,0,2,0,0,2,4,0,0,2,4,0.0,0.0,0,0,0,3,0.0,0,4,5,0,0,1,10,13,0,0,0,0,2,0,2,0,5,2,0,5,0,10,13,0,0,0,0,2,0,2,0,5,2,0,5,0,0,0,8,0,0,0,0,0,1,0,0,0,7,0,0,0,0,0,0,0,0
1963,L18958,LocMetric$LocClassMetric,net.sourceforge.pmd.lang.java.metrics.impl.LocMetric$LocClassMetric,L19226,L103,C:\Users\domco\Desktop\DP\repos\pmd\pmd-java\src\main\java\net\sourceforge\pmd\lang\java\metrics\impl\LocMetric.java,35,5,49,6,0.0,0,0,0,0.0,0.0,0,0,2,0,0,2,4,0,0,2,4,0.0,0.0,0,0,0,3,0.0,0,4,5,0,0,1,10,15,0,3,0,0,2,0,2,0,10,2,0,5,0,10,15,0,3,0,0,2,0,2,0,10,2,0,5,0,0,0,8,0,0,0,0,0,1,0,0,0,7,0,0,0,0,0,0,0,0
1964,L18953,NcssMetric$NcssClassMetric,net.sourceforge.pmd.lang.java.metrics.impl.NcssMetric$NcssClassMetric,L19241,L103,C:\Users\domco\Desktop\DP\repos\pmd\pmd-java\src\main\java\net\sourceforge\pmd\lang\java\metrics\impl\NcssMetric.java,48,5,71,6,0.861538,1,2,1,0.583333,0.625,14,10,2,1,1,3,9,0,0,4,6,0.0,0.0588235,1,0,0,3,0.0588235,1,4,5,0,0,1,16,24,0,3,0,0,2,0,2,0,10,7,0,5,0,16,24,0,3,0,0,2,0,2,0,10,7,0,5,0,0,0,19,0,0,0,11,0,1,0,0,0,7,0,0,0,0,0,0,0,0
1965,L19021,NcssMetric$NcssOperationMetric,net.sourceforge.pmd.lang.java.metrics.impl.NcssMetric$NcssOperationMetric,L19241,L103,C:\Users\domco\Desktop\DP\repos\pmd\pmd-java\src\main\java\net\sourceforge\pmd\lang\java\metrics\impl\NcssMetric.java,73,5,94,6,0.861538,1,2,1,0.545455,0.625,12,10,2,1,1,3,9,0,0,4,6,0.0,0.0,0,0,0,3,0.0,0,4,5,0,0,1,16,22,0,0,0,0,2,0,2,0,5,7,0,5,0,16,22,0,0,0,0,2,0,2,0,5,7,0,5,0,0,0,19,0,0,0,11,0,1,0,0,0,7,0,0,0,0,0,0,0,0
1966,L19157,AtfdBaseVisitor,net.sourceforge.pmd.lang.java.metrics.impl.visitors.AtfdBaseVisitor,L19340,L103,C:\Users\domco\Desktop\DP\repos\pmd\pmd-java\src\main\java\net\sourceforge\pmd\lang\java\metrics\impl\visitors\AtfdBaseVisitor.java,26,1,109,2,0.0,0,0,0,0.0,0.0,0,0,1,3,2,23,9,1,0,8,15,0.5,0.0909091,6,6,1,1,0.0909091,6,1,1,0,0,1,60,84,0,2,0,2,7,0,1,0,124,35,0,118,0,60,84,0,2,0,2,7,0,1,0,124,35,0,118,0,0,0,21,0,0,0,0,0,0,0,0,0,17,0,0,0,0,0,0,4,0
1967,L19187,CycloAssertAwareDecorator,net.sourceforge.pmd.lang.java.metrics.impl.visitors.CycloAssertAwareDecorator,L19340,L103,C:\Users\domco\Desktop\DP\repos\pmd\pmd-java\src\main\java\net\sourceforge\pmd\lang\java\metrics\impl\visitors\CycloAssertAwareDecorator.java,16,1,23,2,0.0,0,0,0,0.0,0.0,0,0,1,0,0,1,2,1,0,0,1,0.5,0.416667,5,4,1,1,0.416667,5,2,2,0,0,1,7,8,1,0,0,0,1,0,1,0,120,2,0,120,1,7,8,1,0,0,0,1,0,1,0,120,2,0,120,1,0,0,7,0,0,0,0,0,0,0,0,0,3,0,0,0,0,0,0,4,0
1968,L19383,CycloBaseVisitor,net.sourceforge.pmd.lang.java.metrics.impl.visitors.CycloBaseVisitor,L19340,L103,C:\Users\domco\Desktop\DP\repos\pmd\pmd-java\src\main\java\net\sourceforge\pmd\lang\java\metrics\impl\visitors\CycloBaseVisitor.java,28,1,117,2,0.0,0,0,0,0.0,0.0,0,0,8,4,4,14,14,1,0,12,21,0.111111,0.116883,9,7,1,8,0.116883,9,2,3,0,0,1,68,90,1,0,1,0,9,1,8,0,127,36,1,126,0,68,90,1,0,1,0,9,1,8,0,127,36,1,126,0,0,0,33,0,1,0,0,0,1,2,1,0,21,1,0,0,0,0,0,8,0
1969,L19194,CycloPathAwareDecorator,net.sourceforge.pmd.lang.java.metrics.impl.visitors.CycloPathAwareDecorator,L19340,L103,C:\Users\domco\Desktop\DP\repos\pmd\pmd-java\src\main\java\net\sourceforge\pmd\lang\java\metrics\impl\visitors\CycloPathAwareDecorator.java,28,1,116,2,0.0,0,0,0,0.0,0.0,0,0,8,1,1,11,13,1,0,13,21,0.111111,0.0972222,7,6,1,8,0.0972222,7,2,2,0,0,1,65,89,1,0,0,0,8,0,8,0,127,36,0,127,1,65,89,1,0,0,0,8,0,8,0,127,36,0,127,1,0,0,25,0,0,0,0,0,1,0,1,0,19,0,0,0,0,0,0,4,0
1970,L19456,NcssBaseVisitor,net.sourceforge.pmd.lang.java.metrics.impl.visitors.NcssBaseVisitor,L19340,L103,C:\Users\domco\Desktop\DP\repos\pmd\pmd-java\src\main\java\net\sourceforge\pmd\lang\java\metrics\impl\visitors\NcssBaseVisitor.java,44,1,239,2,0.0,0,0,0,0.0,0.0,0,0,25,1,1,29,31,2,0,21,47,0.0384615,0.0551724,8,7,1,25,0.0551724,8,2,3,0,0,1,137,196,1,0,1,0,26,1,25,0,144,54,1,143,0,137,196,1,0,1,0,26,1,25,0,144,54,1,143,0,0,0,68,0,1,0,0,0,1,0,1,0,55,1,0,0,0,0,0,11,0
1971,L19271,NcssCountImportsDecorator,net.sourceforge.pmd.lang.java.metrics.impl.visitors.NcssCountImportsDecorator,L19340,L103,C:\Users\domco\Desktop\DP\repos\pmd\pmd-java\src\main\java\net\sourceforge\pmd\lang\java\metrics\impl\visitors\NcssCountImportsDecorator.java,23,1,40,2,0.0,0,0,0,0.0,0.0,0,0,1,1,1,2,6,2,0,3,4,0.5,0.315789,6,6,1,1,0.315789,6,2,2,0,0,1,13,18,1,0,0,0,1,0,1,0,120,7,0,120,1,13,18,1,0,0,0,1,0,1,0,120,7,0,120,1,0,0,7,0,0,0,0,0,0,0,0,0,3,0,0,0,0,0,0,4,0
1972,L19555,NpathBaseVisitor,net.sourceforge.pmd.lang.java.metrics.impl.visitors.NpathBaseVisitor,L19340,L103,C:\Users\domco\Desktop\DP\repos\pmd\pmd-java\src\main\java\net\sourceforge\pmd\lang\java\metrics\impl\visitors\NpathBaseVisitor.java,31,1,204,2,0.416842,2,7,5,0.287356,0.333333,50,34,7,2,2,23,17,1,0,14,27,0.0909091,0.19685,25,9,1,10,0.19685,25,2,2,0,0,1,102,174,1,0,1,0,13,1,10,0,137,60,1,134,0,102,174,1,0,1,0,13,1,10,0,137,60,1,134,0,0,0,67,0,1,0,30,0,1,0,1,0,27,1,0,0,0,0,0,8,0
1973,L19325,TccMethodPairVisitor,net.sourceforge.pmd.lang.java.metrics.impl.visitors.TccMethodPairVisitor,L19340,L103,C:\Users\domco\Desktop\DP\repos\pmd\pmd-java\src\main\java\net\sourceforge\pmd\lang\java\metrics\impl\visitors\TccMethodPairVisitor.java,29,1,121,2,0.0,0,0,0,0.0,0.0,0,0,1,4,4,14,14,1,0,12,17,0.5,0.2,15,14,2,2,0.2,15,2,2,0,0,1,60,93,2,1,2,1,5,0,3,0,129,33,0,127,0,60,93,2,1,2,1,5,0,3,0,129,33,0,127,0,0,0,18,0,2,0,0,1,0,2,1,1,11,0,0,0,0,0,0,4,0
1974,L19949,ProjectMemoizerTest$1,net.sourceforge.pmd.lang.java.metrics.ProjectMemoizerTest$1,L19940,L103,C:\Users\domco\Desktop\DP\repos\pmd\pmd-java\src\test\java\net\sourceforge\pmd\lang\java\metrics\ProjectMemoizerTest.java,72,61,89,10,0.0,0,0,0,0.0,0.0,0,0,2,0,0,2,11,0,0,8,10,0.0,0.0,0,0,0,3,0.0,0,2,2,0,0,1,16,18,0,0,0,0,2,0,2,0,126,6,0,126,0,16,18,0,0,0,0,2,0,2,0,126,6,0,126,0,0,0,13,0,0,0,0,0,1,0,1,0,7,0,0,0,0,0,0,4,0
1975,L20050,SignatureTest$1,net.sourceforge.pmd.lang.java.metrics.SignatureTest$1,L20042,L103,C:\Users\domco\Desktop\DP\repos\pmd\pmd-java\src\test\java\net\sourceforge\pmd\lang\java\metrics\SignatureTest.java,108,66,114,10,1.0,1,1,1,1.0,1.0,7,7,1,0,0,1,3,0,0,1,2,0.0,0.0,0,0,0,2,0.0,0,1,1,0,0,1,7,7,0,0,0,0,1,0,1,0,118,2,0,118,0,7,7,0,0,0,0,1,0,1,0,118,2,0,118,0,0,0,19,0,1,1,10,0,0,0,0,0,5,0,0,0,0,0,0,4,0
1976,L20062,SignatureTest$2,net.sourceforge.pmd.lang.java.metrics.SignatureTest$2,L20056,L103,C:\Users\domco\Desktop\DP\repos\pmd\pmd-java\src\test\java\net\sourceforge\pmd\lang\java\metrics\SignatureTest.java,121,66,127,10,1.0,1,1,1,1.0,1.0,7,7,1,0,0,1,3,0,0,1,2,0.0,0.0,0,0,0,2,0.0,0,1,1,0,0,1,7,7,0,0,0,0,1,0,1,0,118,2,0,118,0,7,7,0,0,0,0,1,0,1,0,118,2,0,118,0,0,0,19,0,1,1,10,0,0,0,0,0,5,0,0,0,0,0,0,4,0
1977,L20117,MetricsVisitorTestData$NestedClass,net.sourceforge.pmd.lang.java.metrics.testdata.MetricsVisitorTestData$NestedClass,L19937,L103,C:\Users\domco\Desktop\DP\repos\pmd\pmd-java\src\test\java\net\sourceforge\pmd\lang\java\metrics\testdata\MetricsVisitorTestData.java,44,5,53,6,0.0,0,0,0,0.0,0.0,0,0,1,0,0,2,0,0,0,0,2,0.0,0.0,0,0,0,3,0.0,0,0,0,0,0,0,6,10,0,0,0,0,2,0,2,0,2,0,0,2,0,6,10,0,0,0,0,2,0,2,0,2,0,0,2,0,0,0,7,0,3,0,0,1,0,0,0,0,7,2,0,0,0,0,0,0,0
1978,L20651,JavaMultifileVisitorTest$1,net.sourceforge.pmd.lang.java.multifile.JavaMultifileVisitorTest$1,L20645,L103,C:\Users\domco\Desktop\DP\repos\pmd\pmd-java\src\test\java\net\sourceforge\pmd\lang\java\multifile\JavaMultifileVisitorTest.java,54,54,60,10,0.0,0,0,0,0.0,0.0,0,0,1,0,0,1,3,0,0,2,3,0.0,0.0,0,0,0,2,0.0,0,1,1,0,0,1,7,7,0,0,0,0,1,0,1,0,118,2,0,118,0,7,7,0,0,0,0,1,0,1,0,118,2,0,118,0,0,0,9,0,1,1,0,0,0,0,0,0,5,0,0,0,0,0,0,4,0
1979,L20698,MultifileVisitorTestData$NestedClass,net.sourceforge.pmd.lang.java.multifile.testdata.MultifileVisitorTestData$NestedClass,L20681,L103,C:\Users\domco\Desktop\DP\repos\pmd\pmd-java\src\test\java\net\sourceforge\pmd\lang\java\multifile\testdata\MultifileVisitorTestData.java,44,5,53,6,0.0,0,0,0,0.0,0.0,0,0,1,0,0,2,0,0,0,0,2,0.0,0.0,0,0,0,3,0.0,0,0,0,0,0,0,6,10,0,0,0,0,2,0,2,0,2,0,0,2,0,6,10,0,0,0,0,2,0,2,0,2,0,0,2,0,0,0,7,0,3,0,0,1,0,0,0,0,7,2,0,0,0,0,0,0,0
1980,L20725,MultifileVisitorTestData2$NestedClass,net.sourceforge.pmd.lang.java.multifile.testdata.MultifileVisitorTestData2$NestedClass,L20646,L103,C:\Users\domco\Desktop\DP\repos\pmd\pmd-java\src\test\java\net\sourceforge\pmd\lang\java\multifile\testdata\MultifileVisitorTestData2.java,44,5,53,6,0.0,0,0,0,0.0,0.0,0,0,1,0,0,2,0,0,0,0,2,0.0,0.0,0,0,0,3,0.0,0,0,0,0,0,0,6,10,0,0,0,0,2,0,2,0,2,0,0,2,0,6,10,0,0,0,0,2,0,2,0,2,0,0,2,0,0,0,7,0,3,0,0,1,0,0,0,0,7,2,0,0,0,0,0,0,0
1981,L21808,JUnitAssertionsShouldIncludeMessageRule$AssertionCall,net.sourceforge.pmd.lang.java.rule.bestpractices.JUnitAssertionsShouldIncludeMessageRule$AssertionCall,L21805,L103,C:\Users\domco\Desktop\DP\repos\pmd\pmd-java\src\main\java\net\sourceforge\pmd\lang\java\rule\bestpractices\JUnitAssertionsShouldIncludeMessageRule.java,19,5,49,6,0.0,0,0,0,0.0,0.0,0,0,1,4,4,10,7,2,2,8,11,0.0,0.0,0,0,0,2,0.0,0,0,0,1,1,0,27,31,2,0,2,0,3,0,1,0,3,11,0,1,0,27,31,2,0,2,0,3,0,1,0,3,11,0,1,0,0,0,11,0,0,0,0,0,0,2,0,0,9,0,0,0,0,0,0,0,0
1982,L22218,ClassWithPublicEnum,net.sourceforge.pmd.lang.java.rule.bestpractices.unusedprivatemethod.ClassWithPublicEnum,L22213,L103,C:\Users\domco\Desktop\DP\repos\pmd\pmd-java\src\test\java\net\sourceforge\pmd\lang\java\rule\bestpractices\unusedprivatemethod\ClassWithPublicEnum.java,20,1,24,2,0.0,0,0,0,0.0,0.0,0,0,0,0,0,0,0,0,0,0,0,1.0,0.866667,13,13,1,0,0.722222,13,0,0,0,0,0,2,2,0,0,0,0,0,0,0,0,0,0,0,0,0,5,5,2,0,2,0,0,2,0,0,0,0,2,0,0,0,0,9,0,0,0,0,0,0,0,0,0,3,0,0,0,0,0,0,6,0
1983,L22235,DashboardGraphInnateFilter,net.sourceforge.pmd.lang.java.rule.bestpractices.unusedprivatemethod.DashboardGraphInnateFilter,L22213,L103,C:\Users\domco\Desktop\DP\repos\pmd\pmd-java\src\test\java\net\sourceforge\pmd\lang\java\rule\bestpractices\unusedprivatemethod\DashboardGraphInnateFilter.java,10,1,12,2,0.0,0,0,0,0.0,0.0,0,0,0,0,0,0,1,0,0,0,0,1.0,0.666667,4,3,1,0,0.666667,4,1,1,0,0,1,2,3,0,0,0,0,0,0,0,0,0,0,0,0,0,2,3,0,0,0,0,0,0,0,0,0,0,0,0,0,0,0,0,0,0,0,0,0,0,0,0,0,0,0,0,0,0,0,0,0,0
1984,L22237,DashboardInnateFilter,net.sourceforge.pmd.lang.java.rule.bestpractices.unusedprivatemethod.DashboardInnateFilter,L22213,L103,C:\Users\domco\Desktop\DP\repos\pmd\pmd-java\src\test\java\net\sourceforge\pmd\lang\java\rule\bestpractices\unusedprivatemethod\DashboardInnateFilter.java,10,1,13,2,0.0,0,0,0,0.0,0.0,0,0,0,0,0,0,0,1,0,0,0,1.0,0.714286,5,3,1,0,0.714286,5,0,0,1,1,0,2,4,0,0,0,0,0,0,0,0,0,0,0,0,0,2,4,0,0,0,0,0,0,0,0,0,0,0,0,0,0,0,0,0,0,0,0,0,0,0,0,0,0,0,0,0,0,0,0,0,0
1985,L22762,CodeStyleRulesTest$PhonyMockito,net.sourceforge.pmd.lang.java.rule.codestyle.CodeStyleRulesTest$PhonyMockito,L22717,L103,C:\Users\domco\Desktop\DP\repos\pmd\pmd-java\src\test\java\net\sourceforge\pmd\lang\java\rule\codestyle\CodeStyleRulesTest.java,103,5,107,6,0.0,0,0,0,0.0,0.0,0,0,1,0,0,1,0,0,0,0,1,0.5,0.444444,4,4,1,1,0.444444,4,0,0,0,0,0,5,5,0,0,0,0,1,0,1,0,1,1,0,1,0,5,5,0,0,0,0,1,0,1,0,1,1,0,1,0,0,0,3,0,0,0,0,0,0,0,0,0,3,0,0,0,0,0,0,0,0
1986,L22773,CodeStyleRulesTest$PhonyPowerMockito,net.sourceforge.pmd.lang.java.rule.codestyle.CodeStyleRulesTest$PhonyPowerMockito,L22717,L103,C:\Users\domco\Desktop\DP\repos\pmd\pmd-java\src\test\java\net\sourceforge\pmd\lang\java\rule\codestyle\CodeStyleRulesTest.java,109,5,113,6,0.0,0,0,0,0.0,0.0,0,0,1,0,0,1,0,0,0,0,1,0.0,0.0,0,0,0,2,0.0,0,0,0,0,0,0,5,5,0,0,0,0,1,0,1,0,1,1,0,1,0,5,5,0,0,0,0,1,0,1,0,1,1,0,1,0,0,0,5,0,0,0,0,0,0,0,0,0,5,0,0,0,0,0,0,0,0
1987,L23258,LawOfDemeterRule$MethodCall,net.sourceforge.pmd.lang.java.rule.design.LawOfDemeterRule$MethodCall,L23247,L103,C:\Users\domco\Desktop\DP\repos\pmd\pmd-java\src\main\java\net\sourceforge\pmd\lang\java\rule\design\LawOfDemeterRule.java,86,5,417,6,0.0,0,0,0,0.0,0.0,0,0,1,4,4,81,25,1,2,24,47,0.333333,0.097973,29,19,2,4,0.097973,29,0,0,0,0,0,267,332,19,2,19,2,23,0,5,0,23,148,0,5,0,267,332,19,2,19,2,23,0,5,0,23,148,0,5,0,0,1,53,0,1,0,0,0,0,4,2,1,43,0,1,0,0,0,0,4,0
1988,L23354,LawOfDemeterRule$Assignment,net.sourceforge.pmd.lang.java.rule.design.LawOfDemeterRule$Assignment,L23247,L103,C:\Users\domco\Desktop\DP\repos\pmd\pmd-java\src\main\java\net\sourceforge\pmd\lang\java\rule\design\LawOfDemeterRule.java,424,5,446,6,0.0,0,0,0,0.0,0.0,0,0,1,0,0,3,0,1,1,0,3,0.333333,0.2,5,5,1,2,0.2,5,0,0,0,0,0,20,23,4,0,4,0,3,0,2,0,3,6,0,2,0,20,23,4,0,4,0,3,0,2,0,3,6,0,2,0,0,0,9,0,5,1,0,0,0,0,0,4,9,0,0,0,0,0,0,0,1.0
1989,L23743,StdCyclomaticComplexityRule$Entry,net.sourceforge.pmd.lang.java.rule.design.StdCyclomaticComplexityRule$Entry,L23475,L103,C:\Users\domco\Desktop\DP\repos\pmd\pmd-java\src\main\java\net\sourceforge\pmd\lang\java\rule\design\StdCyclomaticComplexityRule.java,57,5,78,6,0.0,0,0,0,0.0,0.0,0,0,1,0,0,5,1,2,12,0,4,0.0,0.0,0,0,0,4,0.0,0,0,0,0,0,0,18,22,4,1,4,1,4,2,3,0,4,4,2,3,0,18,22,4,1,4,1,4,2,3,0,4,4,2,3,0,0,0,15,0,1,0,0,0,0,0,0,1,11,0,0,0,0,0,0,4,0
1990,L23816,SwitchDensityRule$SwitchDensity,net.sourceforge.pmd.lang.java.rule.design.SwitchDensityRule$SwitchDensity,L23814,L103,C:\Users\domco\Desktop\DP\repos\pmd\pmd-java\src\main\java\net\sourceforge\pmd\lang\java\rule\design\SwitchDensityRule.java,25,5,51,6,0.0,0,0,0,0.0,0.0,0,0,1,1,1,6,0,1,3,0,5,0.0,0.0,0,0,0,6,0.0,0,0,0,0,0,0,22,27,2,2,2,2,5,0,5,0,5,7,0,5,0,22,27,2,2,2,2,5,0,5,0,5,7,0,5,0,0,0,13,0,2,0,0,0,0,0,0,0,13,0,0,0,0,2,0,0,0
1991,L24267,AbstractCommentRuleTest$1,net.sourceforge.pmd.lang.java.rule.documentation.AbstractCommentRuleTest$1,L24264,L103,C:\Users\domco\Desktop\DP\repos\pmd\pmd-java\src\test\java\net\sourceforge\pmd\lang\java\rule\documentation\AbstractCommentRuleTest.java,28,73,29,6,0.0,0,0,0,0.0,0.0,0,0,0,0,0,0,1,0,0,0,0,0.0,0.0,0,0,0,1,0.0,0,5,7,0,0,1,2,2,21,20,0,0,0,0,0,0,211,0,2,191,20,2,2,21,20,0,0,0,0,0,0,211,0,2,191,20,0,0,13,0,0,0,0,0,0,0,0,0,3,0,0,1,0,0,0,9,0
1992,L24436,AvoidDuplicateLiteralsRule$ExceptionParser,net.sourceforge.pmd.lang.java.rule.errorprone.AvoidDuplicateLiteralsRule$ExceptionParser,L24423,L103,C:\Users\domco\Desktop\DP\repos\pmd\pmd-java\src\main\java\net\sourceforge\pmd\lang\java\rule\errorprone\AvoidDuplicateLiteralsRule.java,56,5,91,6,0.0,0,0,0,0.0,0.0,0,0,1,2,2,7,0,2,5,0,2,0.0,0.0,0,0,0,3,0.0,0,0,0,0,0,0,33,36,2,0,2,0,2,0,2,0,2,21,0,2,0,33,36,2,0,2,0,2,0,2,0,2,21,0,2,0,0,0,7,0,1,0,0,0,0,0,0,1,7,0,0,0,0,0,0,0,0
1993,L24742,ConstructorCallsOverridableMethodRule$MethodInvocation,net.sourceforge.pmd.lang.java.rule.errorprone.ConstructorCallsOverridableMethodRule$MethodInvocation,L24722,L103,C:\Users\domco\Desktop\DP\repos\pmd\pmd-java\src\main\java\net\sourceforge\pmd\lang\java\rule\errorprone\ConstructorCallsOverridableMethodRule.java,172,5,444,6,0.128302,1,6,2,0.0952381,0.119565,26,22,1,7,7,39,7,2,4,9,19,0.0,0.313433,84,0,0,10,0.313433,84,0,0,0,0,0,184,273,7,7,7,7,10,0,9,0,10,112,0,9,0,184,273,7,7,7,7,10,0,9,0,10,112,0,9,0,0,0,37,12,7,12,8,0,0,5,0,7,17,0,0,0,0,0,0,7,0
1994,L24792,ConstructorCallsOverridableMethodRule$ConstructorInvocation,net.sourceforge.pmd.lang.java.rule.errorprone.ConstructorCallsOverridableMethodRule$ConstructorInvocation,L24722,L103,C:\Users\domco\Desktop\DP\repos\pmd\pmd-java\src\main\java\net\sourceforge\pmd\lang\java\rule\errorprone\ConstructorCallsOverridableMethodRule.java,446,5,478,6,0.0,0,0,0,0.0,0.0,0,0,0,1,1,6,4,3,4,4,9,0.0,0.0,0,0,0,5,0.0,0,0,0,0,0,0,28,33,4,4,4,4,5,0,4,0,5,11,0,4,0,28,33,4,4,4,4,5,0,4,0,5,11,0,4,0,0,0,13,0,3,0,0,0,0,0,0,2,13,0,0,0,0,1,0,0,0
1995,L24810,ConstructorCallsOverridableMethodRule$MethodHolder,net.sourceforge.pmd.lang.java.rule.errorprone.ConstructorCallsOverridableMethodRule$MethodHolder,L24722,L103,C:\Users\domco\Desktop\DP\repos\pmd\pmd-java\src\main\java\net\sourceforge\pmd\lang\java\rule\errorprone\ConstructorCallsOverridableMethodRule.java,480,5,508,6,0.0,0,0,0,0.0,0.0,0,0,1,0,0,6,1,3,5,0,6,0.0,0.0,0,0,0,6,0.0,0,0,0,0,0,0,23,29,3,2,3,2,6,0,5,2,6,6,0,5,2,23,29,3,2,3,2,6,0,5,2,6,6,0,5,2,0,0,15,0,1,0,0,0,0,0,0,1,15,0,0,0,0,0,0,0,0
1996,L24825,ConstructorCallsOverridableMethodRule$ConstructorHolder,net.sourceforge.pmd.lang.java.rule.errorprone.ConstructorCallsOverridableMethodRule$ConstructorHolder,L24722,L103,C:\Users\domco\Desktop\DP\repos\pmd\pmd-java\src\main\java\net\sourceforge\pmd\lang\java\rule\errorprone\ConstructorCallsOverridableMethodRule.java,510,5,562,6,0.0,0,0,0,0.0,0.0,0,0,2,1,1,11,4,3,5,3,10,0.0,0.0652174,3,0,0,6,0.0652174,3,0,0,0,0,0,43,53,4,3,4,3,7,0,5,1,7,18,0,5,1,43,53,4,3,4,3,7,0,5,1,7,18,0,5,1,0,0,16,0,1,0,0,0,1,0,0,1,15,0,0,0,0,0,0,0,0
1997,L24854,ConstructorCallsOverridableMethodRule$MethodHolderComparator,net.sourceforge.pmd.lang.java.rule.errorprone.ConstructorCallsOverridableMethodRule$MethodHolderComparator,L24722,L103,C:\Users\domco\Desktop\DP\repos\pmd\pmd-java\src\main\java\net\sourceforge\pmd\lang\java\rule\errorprone\ConstructorCallsOverridableMethodRule.java,573,5,578,6,0.0,0,0,0,0.0,0.0,0,0,1,0,0,1,2,1,0,2,3,0.0,0.0,0,0,0,2,0.0,0,0,0,0,0,0,6,6,0,0,0,0,1,0,1,0,1,1,0,1,0,6,6,0,0,0,0,1,0,1,0,1,1,0,1,0,0,0,5,0,0,0,0,0,0,0,0,0,5,0,0,0,0,0,0,0,0
1998,L24866,ConstructorCallsOverridableMethodRule$ConstructorHolderComparator,net.sourceforge.pmd.lang.java.rule.errorprone.ConstructorCallsOverridableMethodRule$ConstructorHolderComparator,L24722,L103,C:\Users\domco\Desktop\DP\repos\pmd\pmd-java\src\main\java\net\sourceforge\pmd\lang\java\rule\errorprone\ConstructorCallsOverridableMethodRule.java,580,5,585,6,0.0,0,0,0,0.0,0.0,0,0,1,0,0,1,2,1,0,2,3,0.0,0.0,0,0,0,2,0.0,0,0,0,0,0,0,6,6,0,0,0,0,1,0,1,0,1,1,0,1,0,6,6,0,0,0,0,1,0,1,0,1,1,0,1,0,0,0,5,0,0,0,0,0,0,0,0,0,5,0,0,0,0,0,0,0,0
1999,L24734,ConstructorCallsOverridableMethodRule$EvalPackage,net.sourceforge.pmd.lang.java.rule.errorprone.ConstructorCallsOverridableMethodRule$EvalPackage,L24722,L103,C:\Users\domco\Desktop\DP\repos\pmd\pmd-java\src\main\java\net\sourceforge\pmd\lang\java\rule\errorprone\ConstructorCallsOverridableMethodRule.java,590,5,612,6,0.0,0,0,0,0.0,0.0,0,0,0,0,0,2,6,2,2,0,2,1.0,0.238095,5,3,1,0,0.238095,5,0,0,1,1,0,16,23,5,0,5,0,2,5,0,0,2,5,5,0,0,16,23,5,0,5,0,2,5,0,0,2,5,5,0,0,0,0,10,0,1,0,0,0,0,0,0,0,6,1,0,0,0,0,0,4,0
2000,L24727,ConstructorCallsOverridableMethodRule$NullEvalPackage,net.sourceforge.pmd.lang.java.rule.errorprone.ConstructorCallsOverridableMethodRule$NullEvalPackage,L24722,L103,C:\Users\domco\Desktop\DP\repos\pmd\pmd-java\src\main\java\net\sourceforge\pmd\lang\java\rule\errorprone\ConstructorCallsOverridableMethodRule.java,614,5,622,6,0.0,0,0,0,0.0,0.0,0,0,0,0,0,1,1,1,0,1,2,0.0,0.0,0,0,0,1,0.0,0,1,1,0,0,1,9,9,5,0,0,0,1,0,0,0,3,5,5,0,0,9,9,5,0,0,0,1,0,0,0,3,5,5,0,0,0,0,7,0,0,0,0,0,0,0,0,0,5,0,0,0,0,0,0,2,0
2001,L25066,DataflowAnomalyAnalysisRule$Usage,net.sourceforge.pmd.lang.java.rule.errorprone.DataflowAnomalyAnalysisRule$Usage,L25053,L103,C:\Users\domco\Desktop\DP\repos\pmd\pmd-java\src\main\java\net\sourceforge\pmd\lang\java\rule\errorprone\DataflowAnomalyAnalysisRule.java,50,5,62,6,0.0,0,0,0,0.0,0.0,0,0,1,0,0,2,1,1,1,1,3,0.0,0.0,0,0,0,2,0.0,0,0,0,0,0,0,11,13,2,0,2,0,2,2,1,0,2,3,2,1,0,11,13,2,0,2,0,2,2,1,0,2,3,2,1,0,0,0,11,0,1,1,0,0,0,0,0,0,7,0,0,0,0,0,0,4,1.0
2002,L25413,JavaRuleChainVisitor$1,net.sourceforge.pmd.lang.java.rule.JavaRuleChainVisitor$1,L25408,L103,C:\Users\domco\Desktop\DP\repos\pmd\pmd-java\src\main\java\net\sourceforge\pmd\lang\java\rule\JavaRuleChainVisitor.java,22,77,29,10,0.0,0,0,0,0.0,0.0,0,0,1,0,0,1,3,0,0,2,3,0.5,0.25,2,2,1,1,0.25,2,1,1,0,0,1,6,8,0,0,0,0,1,0,1,0,118,2,0,118,0,6,8,0,0,0,0,1,0,1,0,118,2,0,118,0,0,0,5,0,1,1,0,0,0,0,0,0,1,0,0,0,0,0,0,4,1.0
2003,L25591,MultithreadingRulesTest$TestThread,net.sourceforge.pmd.lang.java.rule.multithreading.MultithreadingRulesTest$TestThread,L25585,L103,C:\Users\domco\Desktop\DP\repos\pmd\pmd-java\src\test\java\net\sourceforge\pmd\lang\java\rule\multithreading\MultithreadingRulesTest.java,31,5,36,6,0.0,0,0,0,0.0,0.0,0,0,1,0,0,1,0,0,0,0,1,0.5,0.142857,1,1,1,1,0.142857,1,0,0,0,0,0,6,6,0,0,0,0,1,0,1,0,1,1,0,1,0,6,6,0,0,0,0,1,0,1,0,1,1,0,1,0,0,0,5,1,0,1,0,0,0,0,0,0,5,0,0,0,0,0,0,0,0
2004,L27014,InnerClass$TheInnerClass,net.sourceforge.pmd.lang.java.symboltable.testdata.InnerClass$TheInnerClass,L27011,L103,C:\Users\domco\Desktop\DP\repos\pmd\pmd-java\src\test\java\net\sourceforge\pmd\lang\java\symboltable\testdata\InnerClass.java,8,5,12,6,0.0,0,0,0,0.0,0.0,0,0,0,0,0,0,0,2,0,0,0,0.0,0.0,0,0,0,1,0.0,0,0,0,0,0,0,2,2,0,0,0,0,0,0,0,0,0,0,0,0,0,5,5,2,0,2,0,0,2,0,0,0,0,2,0,0,0,0,12,0,0,0,0,0,0,0,0,0,6,0,0,0,0,0,0,6,0
2005,L28473,InferenceRuleType$1,net.sourceforge.pmd.lang.java.typeresolution.typeinference.InferenceRuleType$1,L28367,L103,C:\Users\domco\Desktop\DP\repos\pmd\pmd-java\src\main\java\net\sourceforge\pmd\lang\java\typeresolution\typeinference\InferenceRuleType.java,19,5,90,6,0.0,0,0,0,0.0,0.0,0,0,1,3,3,18,4,0,0,1,2,0.0,0.283333,17,0,0,2,0.283333,17,1,1,0,0,1,43,72,4,0,0,0,1,0,1,0,3,27,4,1,0,43,72,4,0,0,0,1,0,1,0,3,27,4,1,0,0,0,4,0,0,0,0,0,0,1,0,0,1,0,0,0,0,0,0,2,0
2006,L28501,InferenceRuleType$2,net.sourceforge.pmd.lang.java.typeresolution.typeinference.InferenceRuleType$2,L28367,L103,C:\Users\domco\Desktop\DP\repos\pmd\pmd-java\src\main\java\net\sourceforge\pmd\lang\java\typeresolution\typeinference\InferenceRuleType.java,92,5,137,6,0.378641,1,3,1,0.23913,0.285714,11,8,1,2,2,8,2,0,0,0,1,0.0,0.263158,10,0,0,2,0.263158,10,1,1,0,0,1,28,46,4,0,0,0,1,0,1,0,3,16,4,1,0,28,46,4,0,0,0,1,0,1,0,3,16,4,1,0,0,0,13,0,0,0,10,0,0,0,0,0,1,0,0,0,0,0,0,2,0
2007,L28505,InferenceRuleType$3,net.sourceforge.pmd.lang.java.typeresolution.typeinference.InferenceRuleType$3,L28367,L103,C:\Users\domco\Desktop\DP\repos\pmd\pmd-java\src\main\java\net\sourceforge\pmd\lang\java\typeresolution\typeinference\InferenceRuleType.java,139,5,198,6,0.221591,1,3,1,0.25,0.228571,15,8,1,2,2,8,3,0,0,3,4,0.0,0.3,15,0,0,2,0.3,15,1,1,0,0,1,35,60,4,0,0,0,1,0,1,0,3,17,4,1,0,35,60,4,0,0,0,1,0,1,0,3,17,4,1,0,0,0,13,0,0,0,10,0,0,0,0,0,1,0,0,0,0,0,0,2,0
2008,L28516,InferenceRuleType$4,net.sourceforge.pmd.lang.java.typeresolution.typeinference.InferenceRuleType$4,L28367,L103,C:\Users\domco\Desktop\DP\repos\pmd\pmd-java\src\main\java\net\sourceforge\pmd\lang\java\typeresolution\typeinference\InferenceRuleType.java,200,5,231,6,0.0,0,0,0,0.0,0.0,0,0,1,2,2,3,2,0,0,0,1,0.0,0.434783,10,0,0,2,0.434783,10,1,1,0,0,1,13,32,4,0,0,0,1,0,1,0,3,6,4,1,0,13,32,4,0,0,0,1,0,1,0,3,6,4,1,0,0,0,3,0,1,0,0,0,0,0,0,1,1,0,0,0,0,0,0,2,0
2009,L27910,TypeInferenceResolver$ResolutionFailedException,net.sourceforge.pmd.lang.java.typeresolution.typeinference.TypeInferenceResolver$ResolutionFailedException,L28532,L103,C:\Users\domco\Desktop\DP\repos\pmd\pmd-java\src\main\java\net\sourceforge\pmd\lang\java\typeresolution\typeinference\TypeInferenceResolver.java,27,5,29,6,0.0,0,0,0,0.0,0.0,0,0,0,0,0,0,0,2,0,0,0,0.0,0.0,0,0,0,1,0.0,0,0,0,0,0,0,2,3,0,0,0,0,0,0,0,0,0,0,0,0,0,2,3,0,0,0,0,0,0,0,0,0,0,0,0,0,0,0,3,1,0,0,0,0,0,0,0,0,3,0,1,0,0,0,0,0,0
2010,L28579,TypeInferenceResolver$Combinations,net.sourceforge.pmd.lang.java.typeresolution.typeinference.TypeInferenceResolver$Combinations,L28532,L103,C:\Users\domco\Desktop\DP\repos\pmd\pmd-java\src\main\java\net\sourceforge\pmd\lang\java\typeresolution\typeinference\TypeInferenceResolver.java,312,5,379,6,0.0,0,0,0,0.0,0.0,0,0,1,0,0,2,1,2,1,0,2,0.5,0.26087,6,6,1,1,0.0967742,6,0,0,0,0,0,17,19,5,0,5,0,2,0,1,0,2,4,0,1,0,56,68,6,0,6,0,6,0,4,0,6,24,0,4,0,0,1,18,0,6,0,0,0,1,0,0,4,17,1,2,0,0,0,0,0,0
2011,L28683,TypeInferenceResolver$Sides,net.sourceforge.pmd.lang.java.typeresolution.typeinference.TypeInferenceResolver$Sides,L28532,L103,C:\Users\domco\Desktop\DP\repos\pmd\pmd-java\src\main\java\net\sourceforge\pmd\lang\java\typeresolution\typeinference\TypeInferenceResolver.java,559,5,571,6,0.0,0,0,0,0.0,0.0,0,0,1,0,0,2,1,1,2,0,2,0.0,0.266667,4,4,0,1,0.266667,4,0,0,0,0,0,11,13,2,0,2,0,2,0,0,0,2,3,0,0,0,11,13,2,0,2,0,2,0,0,0,2,3,0,0,0,0,0,3,0,3,0,0,3,0,0,0,0,3,0,0,0,0,0,0,0,0
2012,L28739,PMDASMVisitor$PMDFieldVisitor,net.sourceforge.pmd.lang.java.typeresolution.visitors.PMDASMVisitor$PMDFieldVisitor,L28044,L103,C:\Users\domco\Desktop\DP\repos\pmd\pmd-java\src\main\java\net\sourceforge\pmd\lang\java\typeresolution\visitors\PMDASMVisitor.java,192,5,214,6,0.0,0,0,0,0.0,0.0,0,0,3,0,0,4,1,0,0,1,5,0.25,0.142857,3,3,1,3,0.142857,3,0,0,0,0,0,18,23,1,0,1,0,4,0,3,0,4,4,0,3,0,18,23,1,0,1,0,4,0,3,0,4,4,0,3,0,0,0,12,0,3,0,0,0,1,0,0,1,11,2,0,0,0,0,0,0,0
2013,L28735,PMDASMVisitor$PMDAnnotationVisitor,net.sourceforge.pmd.lang.java.typeresolution.visitors.PMDASMVisitor$PMDAnnotationVisitor,L28044,L103,C:\Users\domco\Desktop\DP\repos\pmd\pmd-java\src\main\java\net\sourceforge\pmd\lang\java\typeresolution\visitors\PMDASMVisitor.java,216,5,250,6,0.0,0,0,0,0.0,0.0,0,0,3,1,1,7,1,0,0,1,7,0.0,0.0,0,0,0,6,0.0,0,0,0,0,0,0,29,35,1,0,1,0,6,0,5,0,6,8,0,5,0,29,35,1,0,1,0,6,0,5,0,6,8,0,5,0,0,0,16,0,2,0,0,0,1,0,0,1,15,1,0,0,0,0,0,0,0
2014,L28743,PMDASMVisitor$PMDSignatureVisitor,net.sourceforge.pmd.lang.java.typeresolution.visitors.PMDASMVisitor$PMDSignatureVisitor,L28044,L103,C:\Users\domco\Desktop\DP\repos\pmd\pmd-java\src\main\java\net\sourceforge\pmd\lang\java\typeresolution\visitors\PMDASMVisitor.java,252,5,334,6,0.0,0,0,0,0.0,0.0,0,0,16,0,0,17,1,0,0,1,18,0.0,0.0151515,1,0,0,17,0.0151515,1,0,0,0,0,0,65,83,1,0,1,0,17,0,16,0,17,12,0,16,0,65,83,1,0,1,0,17,0,16,0,17,12,0,16,0,0,0,37,0,6,0,0,0,1,0,0,1,35,5,0,0,0,0,0,1,0
2015,L28747,PMDASMVisitor$PMDMethodVisitor,net.sourceforge.pmd.lang.java.typeresolution.visitors.PMDASMVisitor$PMDMethodVisitor,L28044,L103,C:\Users\domco\Desktop\DP\repos\pmd\pmd-java\src\main\java\net\sourceforge\pmd\lang\java\typeresolution\visitors\PMDASMVisitor.java,336,5,474,6,0.0,0,0,0,0.0,0.0,0,0,15,2,1,29,1,0,0,4,30,0.0384615,0.0625,7,7,1,25,0.0625,7,0,0,0,0,0,105,139,1,0,1,0,26,0,25,0,26,23,0,25,0,105,139,1,0,1,0,26,0,25,0,26,23,0,25,0,0,0,58,0,16,1,0,0,1,0,0,1,53,14,0,0,0,0,0,4,0
2016,L21837,JUnitAssertionsShouldIncludeMessageRule$1,net.sourceforge.pmd.lang.java.rule.bestpractices.JUnitAssertionsShouldIncludeMessageRule$1,L21831,L103,C:\Users\domco\Desktop\DP\repos\pmd\pmd-java\src\main\java\net\sourceforge\pmd\lang\java\rule\bestpractices\JUnitAssertionsShouldIncludeMessageRule.java,65,57,71,10,0.0,0,0,0,0.0,0.0,0,0,1,0,0,2,5,0,0,2,3,0.0,0.0,0,0,0,1,0.0,0,1,1,0,0,1,7,7,2,0,0,0,1,0,0,0,4,2,0,1,0,7,7,2,0,0,0,1,0,0,0,4,2,0,1,0,0,0,5,0,0,0,0,0,0,0,0,0,5,0,0,0,0,0,0,0,0
2017,L28623,TypeInferenceResolver$Combinations$1,net.sourceforge.pmd.lang.java.typeresolution.typeinference.TypeInferenceResolver$Combinations$1,L28617,L103,C:\Users\domco\Desktop\DP\repos\pmd\pmd-java\src\main\java\net\sourceforge\pmd\lang\java\typeresolution\typeinference\TypeInferenceResolver.java,327,51,377,14,0.0,0,0,0,0.0,0.0,0,0,2,2,2,8,2,0,0,0,4,0.0,0.0,0,0,0,4,0.0,0,0,0,0,0,0,41,51,1,0,1,0,4,0,3,0,4,20,0,3,0,41,51,1,0,1,0,4,0,3,0,4,20,0,3,0,0,1,12,0,2,0,0,0,1,0,0,0,11,1,2,0,0,0,0,0,0
2018,L30525,EcmascriptTreeBuilder$1,net.sourceforge.pmd.lang.ecmascript.ast.EcmascriptTreeBuilder$1,L30499,L103,C:\Users\domco\Desktop\DP\repos\pmd\pmd-javascript\src\main\java\net\sourceforge\pmd\lang\ecmascript\ast\EcmascriptTreeBuilder.java,247,87,253,10,0.0,0,0,0,0.0,0.0,0,0,1,0,0,1,4,0,0,2,3,0.0,0.125,1,0,0,2,0.125,1,2,2,0,0,1,7,7,0,0,0,0,1,0,1,0,51,2,0,51,0,7,7,0,0,0,0,1,0,1,0,51,2,0,51,0,0,0,6,0,0,0,0,0,0,0,0,0,5,0,0,0,0,0,0,1,0
2019,L30570,EcmascriptParserTest$1MyEcmascriptRule,net.sourceforge.pmd.lang.ecmascript.ast.EcmascriptParserTest$1MyEcmascriptRule,L30568,L103,C:\Users\domco\Desktop\DP\repos\pmd\pmd-javascript\src\test\java\net\sourceforge\pmd\lang\ecmascript\ast\EcmascriptParserTest.java,63,9,68,10,0.0,0,0,0,0.0,0.0,0,0,1,0,0,1,3,1,0,3,4,0.0,0.0,0,0,0,2,0.0,0,4,7,0,0,1,6,6,24,20,0,0,1,0,1,0,130,2,2,124,20,6,6,24,20,0,0,1,0,1,0,130,2,2,124,20,0,0,15,0,0,0,0,0,0,0,0,0,5,0,0,1,0,0,0,9,0
2020,L31757,JspDocStyleTest$1,net.sourceforge.pmd.lang.jsp.ast.JspDocStyleTest$1,L31742,L103,C:\Users\domco\Desktop\DP\repos\pmd\pmd-jsp\src\test\java\net\sourceforge\pmd\lang\jsp\ast\JspDocStyleTest.java,78,68,82,10,1.0,2,2,2,1.0,1.0,5,5,1,0,0,1,1,0,0,1,2,0.0,0.0,0,0,0,2,0.0,0,0,0,0,0,0,5,5,0,0,0,0,1,0,1,0,1,1,0,1,0,5,5,0,0,0,0,1,0,1,0,1,1,0,1,0,0,0,15,0,0,0,10,0,0,0,0,0,5,0,0,0,0,0,0,0,0
2021,L31988,JspDocStyleTest$2,net.sourceforge.pmd.lang.jsp.ast.JspDocStyleTest$2,L31822,L103,C:\Users\domco\Desktop\DP\repos\pmd\pmd-jsp\src\test\java\net\sourceforge\pmd\lang\jsp\ast\JspDocStyleTest.java,800,61,815,10,1.0,2,8,2,1.0,1.0,16,16,1,1,1,4,2,0,0,3,4,0.0,0.0,0,0,0,2,0.0,0,0,0,0,0,0,16,16,0,0,0,0,1,0,1,0,1,9,0,1,0,16,16,0,0,0,0,1,0,1,0,1,9,0,1,0,0,0,16,0,2,0,11,0,0,0,0,0,5,0,0,0,0,2,0,0,0
2022,L32007,JspDocStyleTest$3,net.sourceforge.pmd.lang.jsp.ast.JspDocStyleTest$3,L31841,L103,C:\Users\domco\Desktop\DP\repos\pmd\pmd-jsp\src\test\java\net\sourceforge\pmd\lang\jsp\ast\JspDocStyleTest.java,828,55,843,10,1.0,1,4,1,1.0,1.0,16,16,1,1,1,4,1,0,0,3,4,0.0,0.0,0,0,0,2,0.0,0,0,0,0,0,0,16,16,0,0,0,0,1,0,1,0,1,9,0,1,0,16,16,0,0,0,0,1,0,1,0,1,9,0,1,0,0,0,16,0,2,0,11,0,0,0,0,0,5,0,0,0,0,2,0,0,0
2023,L32048,JspPageStyleTest$1,net.sourceforge.pmd.lang.jsp.ast.JspPageStyleTest$1,L32027,L103,C:\Users\domco\Desktop\DP\repos\pmd\pmd-jsp\src\test\java\net\sourceforge\pmd\lang\jsp\ast\JspPageStyleTest.java,46,80,50,10,1.0,1,1,1,1.0,1.0,5,5,1,0,0,1,1,0,0,1,2,0.0,0.0,0,0,0,2,0.0,0,0,0,0,0,0,5,5,0,0,0,0,1,0,1,0,1,1,0,1,0,5,5,0,0,0,0,1,0,1,0,1,1,0,1,0,0,0,15,0,0,0,10,0,0,0,0,0,5,0,0,0,0,0,0,0,0
2024,L32359,JspRuleChainVisitor$1,net.sourceforge.pmd.lang.jsp.rule.JspRuleChainVisitor$1,L32354,L103,C:\Users\domco\Desktop\DP\repos\pmd\pmd-jsp\src\main\java\net\sourceforge\pmd\lang\jsp\rule\JspRuleChainVisitor.java,22,75,29,10,0.0,0,0,0,0.0,0.0,0,0,1,0,0,1,3,0,0,2,3,0.5,0.25,2,2,1,1,0.25,2,1,1,0,0,1,6,8,0,0,0,0,1,0,1,0,24,2,0,24,0,6,8,0,0,0,0,1,0,1,0,24,2,0,24,0,0,0,1,0,1,1,0,0,0,0,0,0,1,0,0,0,0,0,0,0,1.0
2025,L34346,CyclomaticComplexityRule$Entry,net.sourceforge.pmd.lang.plsql.rule.design.CyclomaticComplexityRule$Entry,L34334,L103,C:\Users\domco\Desktop\DP\repos\pmd\pmd-plsql\src\main\java\net\sourceforge\pmd\lang\plsql\rule\design\CyclomaticComplexityRule.java,61,5,82,6,0.0,0,0,0,0.0,0.0,0,0,1,0,0,5,1,1,13,0,4,0.0,0.0,0,0,0,4,0.0,0,0,0,0,0,0,18,22,4,1,4,1,4,2,3,0,4,4,2,3,0,18,22,4,1,4,1,4,2,3,0,4,4,2,3,0,0,0,15,0,1,0,0,0,0,0,0,1,11,0,0,0,0,0,0,4,0
2026,L34635,PLSQLRuleChainVisitor$1,net.sourceforge.pmd.lang.plsql.rule.PLSQLRuleChainVisitor$1,L34628,L103,C:\Users\domco\Desktop\DP\repos\pmd\pmd-plsql\src\main\java\net\sourceforge\pmd\lang\plsql\rule\PLSQLRuleChainVisitor.java,28,80,36,10,1.0,1,2,1,1.0,1.0,9,7,1,0,0,1,3,0,0,2,3,0.5,0.222222,2,2,1,1,0.222222,2,1,1,0,0,1,7,9,0,0,0,0,1,0,1,0,140,2,0,140,0,7,9,0,0,0,0,1,0,1,0,140,2,0,140,0,0,0,17,0,0,0,10,0,0,0,0,0,3,0,0,0,0,0,0,4,0
2027,L35998,VfDocStyleTest$1,net.sourceforge.pmd.lang.vf.ast.VfDocStyleTest$1,L35983,L103,C:\Users\domco\Desktop\DP\repos\pmd\pmd-visualforce\src\test\java\net\sourceforge\pmd\lang\vf\ast\VfDocStyleTest.java,77,68,81,10,1.0,2,2,2,1.0,1.0,5,5,1,0,0,1,1,0,0,1,2,0.0,0.0,0,0,0,2,0.0,0,0,0,0,0,0,5,5,0,0,0,0,1,0,1,0,1,1,0,1,0,5,5,0,0,0,0,1,0,1,0,1,1,0,1,0,0,0,15,0,0,0,10,0,0,0,0,0,5,0,0,0,0,0,0,0,0
2028,L36157,VfDocStyleTest$2,net.sourceforge.pmd.lang.vf.ast.VfDocStyleTest$2,L36080,L103,C:\Users\domco\Desktop\DP\repos\pmd\pmd-visualforce\src\test\java\net\sourceforge\pmd\lang\vf\ast\VfDocStyleTest.java,654,61,669,10,1.0,2,8,2,1.0,1.0,16,16,1,1,1,4,2,0,0,3,4,0.0,0.0,0,0,0,2,0.0,0,0,0,0,0,0,16,16,0,0,0,0,1,0,1,0,1,9,0,1,0,16,16,0,0,0,0,1,0,1,0,1,9,0,1,0,0,0,16,0,2,0,11,0,0,0,0,0,5,0,0,0,0,2,0,0,0
2029,L37687,VmRuleChainVisitor$1,net.sourceforge.pmd.lang.vm.rule.VmRuleChainVisitor$1,L37680,L103,C:\Users\domco\Desktop\DP\repos\pmd\pmd-vm\src\main\java\net\sourceforge\pmd\lang\vm\rule\VmRuleChainVisitor.java,24,78,32,10,1.0,1,2,1,1.0,1.0,9,7,1,0,0,1,3,0,0,2,3,0.5,0.222222,2,2,1,1,0.222222,2,1,1,0,0,1,7,9,0,0,0,0,1,0,1,0,44,2,0,44,0,7,9,0,0,0,0,1,0,1,0,44,2,0,44,0,0,0,13,0,0,0,10,0,0,0,0,0,3,0,0,0,0,0,0,0,0
2030,L38190,XmlNodeInvocationHandler$1,net.sourceforge.pmd.lang.xml.ast.XmlNodeInvocationHandler$1,L38176,L103,C:\Users\domco\Desktop\DP\repos\pmd\pmd-xml\src\main\java\net\sourceforge\pmd\lang\xml\ast\XmlNodeInvocationHandler.java,75,57,91,18,0.0,0,0,0,0.0,0.0,0,0,2,0,0,4,3,0,0,2,5,0.0,0.0,0,0,0,4,0.0,0,0,0,0,0,0,14,17,1,0,1,0,3,0,3,0,3,4,0,3,0,14,17,1,0,1,0,3,0,3,0,3,4,0,3,0,0,0,10,0,0,0,0,0,1,0,0,0,9,0,0,0,0,0,0,0,1.0
2031,L39019,PMDTaskImpl$1,net.sourceforge.pmd.ant.internal.PMDTaskImpl$1,L38974,L103,C:\Users\domco\Desktop\DP\repos\pmd\pmd-core\src\main\java\net\sourceforge\pmd\ant\internal\PMDTaskImpl.java,156,84,185,14,0.0,0,0,0,0.0,0.0,0,0,5,1,1,6,4,0,0,2,7,0.0,0.111111,3,0,0,6,0.111111,3,3,4,0,0,1,24,30,6,8,0,0,5,0,5,0,31,5,0,28,6,24,30,6,8,0,0,5,0,5,0,31,5,0,28,6,0,0,10,0,0,0,0,0,1,0,0,0,9,0,0,0,0,0,0,0,0
2032,L42755,"PropertyDescriptorBuilderConversionWrapper$MultiValue$Numeric<V extends Object, T extends MultiNumericPropertyBuilder<V, T>>",net.sourceforge.pmd.properties.builders.PropertyDescriptorBuilderConversionWrapper$MultiValue$Numeric,L42467,L103,C:\Users\domco\Desktop\DP\repos\pmd\pmd-core\src\main\java\net\sourceforge\pmd\properties\builders\PropertyDescriptorBuilderConversionWrapper.java,134,9,149,10,0.0,0,0,0,0.0,0.0,0,0,1,0,0,2,4,9,0,4,6,1.0,0.315789,6,6,1,0,0.315789,6,3,3,4,4,1,13,16,2,0,0,0,2,0,0,0,12,5,0,3,0,13,16,2,0,0,0,2,0,0,0,12,5,0,3,0,0,0,4,0,0,0,0,0,0,0,0,0,4,0,0,0,0,0,0,0,0
2033,L42778,"PropertyDescriptorBuilderConversionWrapper$MultiValue$Packaged<V extends Object, T extends MultiPackagedPropertyBuilder<V, T>>",net.sourceforge.pmd.properties.builders.PropertyDescriptorBuilderConversionWrapper$MultiValue$Packaged,L42467,L103,C:\Users\domco\Desktop\DP\repos\pmd\pmd-core\src\main\java\net\sourceforge\pmd\properties\builders\PropertyDescriptorBuilderConversionWrapper.java,158,9,172,10,0.0,0,0,0,0.0,0.0,0,0,1,0,0,2,6,5,0,5,7,1.0,0.333333,6,6,1,0,0.333333,6,3,3,2,2,1,12,15,2,0,0,0,2,0,0,0,12,3,0,3,0,12,15,2,0,0,0,2,0,0,0,12,3,0,3,0,0,0,4,0,0,0,0,0,0,0,0,0,4,0,0,0,0,0,0,0,0
2034,L42815,"PropertyDescriptorBuilderConversionWrapper$SingleValue$Numeric<V extends Object, T extends SingleNumericPropertyBuilder<V, T>>",net.sourceforge.pmd.properties.builders.PropertyDescriptorBuilderConversionWrapper$SingleValue$Numeric,L42550,L103,C:\Users\domco\Desktop\DP\repos\pmd\pmd-core\src\main\java\net\sourceforge\pmd\properties\builders\PropertyDescriptorBuilderConversionWrapper.java,214,9,229,10,0.0,0,0,0,0.0,0.0,0,0,1,0,0,2,4,9,0,4,6,1.0,0.315789,6,6,1,0,0.315789,6,3,3,4,4,1,13,16,2,0,0,0,2,0,0,0,12,5,0,3,0,13,16,2,0,0,0,2,0,0,0,12,5,0,3,0,0,0,4,0,0,0,0,0,0,0,0,0,4,0,0,0,0,0,0,0,0
2035,L42839,"PropertyDescriptorBuilderConversionWrapper$SingleValue$Packaged<E extends Object, T extends SinglePackagedPropertyBuilder<E, T>>",net.sourceforge.pmd.properties.builders.PropertyDescriptorBuilderConversionWrapper$SingleValue$Packaged,L42550,L103,C:\Users\domco\Desktop\DP\repos\pmd\pmd-core\src\main\java\net\sourceforge\pmd\properties\builders\PropertyDescriptorBuilderConversionWrapper.java,238,9,252,10,0.0,0,0,0,0.0,0.0,0,0,1,0,0,2,6,5,0,5,7,1.0,0.333333,6,6,1,0,0.333333,6,3,3,2,2,1,12,15,2,0,0,0,2,0,0,0,12,3,0,3,0,12,15,2,0,0,0,2,0,0,0,12,3,0,3,0,0,0,4,0,0,0,0,0,0,0,0,0,4,0,0,0,0,0,0,0,0
2036,L49525,Designer$1,net.sourceforge.pmd.util.designer.Designer$1,L49311,L103,C:\Users\domco\Desktop\DP\repos\pmd\pmd-core\src\main\java\net\sourceforge\pmd\util\designer\Designer.java,764,60,769,10,0.0,0,0,0,0.0,0.0,0,0,1,0,0,1,1,0,0,1,2,0.0,0.0,0,0,0,2,0.0,0,0,0,0,0,0,6,6,0,0,0,0,1,0,1,0,1,1,0,1,0,6,6,0,0,0,0,1,0,1,0,1,1,0,1,0,0,0,5,0,0,0,0,0,0,0,0,0,5,0,0,0,0,0,0,0,0
2037,L49530,Designer$2,net.sourceforge.pmd.util.designer.Designer$2,L49311,L103,C:\Users\domco\Desktop\DP\repos\pmd\pmd-core\src\main\java\net\sourceforge\pmd\util\designer\Designer.java,772,66,777,10,0.0,0,0,0,0.0,0.0,0,0,1,0,0,1,1,0,0,1,2,0.0,0.0,0,0,0,2,0.0,0,0,0,0,0,0,6,6,0,0,0,0,1,0,1,0,1,1,0,1,0,6,6,0,0,0,0,1,0,1,0,1,1,0,1,0,0,0,5,0,0,0,0,0,0,0,0,0,5,0,0,0,0,0,0,0,0
2038,L49538,Designer$3,net.sourceforge.pmd.util.designer.Designer$3,L49533,L103,C:\Users\domco\Desktop\DP\repos\pmd\pmd-core\src\main\java\net\sourceforge\pmd\util\designer\Designer.java,790,77,798,10,0.0,0,0,0,0.0,0.0,0,0,1,1,1,3,0,0,0,0,1,0.0,0.0,0,0,0,2,0.0,0,0,0,0,0,0,9,9,0,0,0,0,1,0,1,0,1,3,0,1,0,9,9,0,0,0,0,1,0,1,0,1,3,0,1,0,0,0,5,0,0,0,0,0,0,0,0,0,5,0,0,0,0,0,0,0,0
2039,L49570,Designer$4,net.sourceforge.pmd.util.designer.Designer$4,L49556,L103,C:\Users\domco\Desktop\DP\repos\pmd\pmd-core\src\main\java\net\sourceforge\pmd\util\designer\Designer.java,888,50,893,10,0.0,0,0,0,0.0,0.0,0,0,1,0,0,1,1,0,0,1,2,0.0,0.0,0,0,0,2,0.0,0,0,0,0,0,0,6,6,0,0,0,0,1,0,1,0,1,1,0,1,0,6,6,0,0,0,0,1,0,1,0,1,1,0,1,0,0,0,5,0,0,0,0,0,0,0,0,0,5,0,0,0,0,0,0,0,0
2040,L49576,Designer$5,net.sourceforge.pmd.util.designer.Designer$5,L49541,L103,C:\Users\domco\Desktop\DP\repos\pmd\pmd-core\src\main\java\net\sourceforge\pmd\util\designer\Designer.java,899,88,904,10,0.0,0,0,0,0.0,0.0,0,0,1,0,0,1,0,0,0,0,1,0.0,0.0,0,0,0,2,0.0,0,0,0,0,0,0,6,6,0,0,0,0,1,0,1,0,1,1,0,1,0,6,6,0,0,0,0,1,0,1,0,1,1,0,1,0,0,0,5,0,0,0,0,0,0,0,0,0,5,0,0,0,0,0,0,0,0
2041,L49579,Designer$6,net.sourceforge.pmd.util.designer.Designer$6,L49541,L103,C:\Users\domco\Desktop\DP\repos\pmd\pmd-core\src\main\java\net\sourceforge\pmd\util\designer\Designer.java,907,58,917,10,1.0,1,3,1,1.0,1.0,11,11,1,2,2,3,0,0,0,0,1,0.0,0.0,0,0,0,2,0.0,0,0,0,0,0,0,11,11,0,0,0,0,1,0,1,0,1,3,0,1,0,11,11,0,0,0,0,1,0,1,0,1,3,0,1,0,0,1,15,0,0,0,10,0,0,0,0,0,5,0,1,0,0,0,0,0,0
2042,L49582,Designer$7,net.sourceforge.pmd.util.designer.Designer$7,L49541,L103,C:\Users\domco\Desktop\DP\repos\pmd\pmd-core\src\main\java\net\sourceforge\pmd\util\designer\Designer.java,920,58,930,10,1.0,1,3,1,1.0,1.0,11,11,1,2,2,3,0,0,0,0,1,0.0,0.0,0,0,0,2,0.0,0,0,0,0,0,0,11,11,0,0,0,0,1,0,1,0,1,3,0,1,0,11,11,0,0,0,0,1,0,1,0,1,3,0,1,0,0,1,15,0,0,0,10,0,0,0,0,0,5,0,1,0,0,0,0,0,0
2043,L49939,Filters$1,net.sourceforge.pmd.util.filter.Filters$1,L47074,L103,C:\Users\domco\Desktop\DP\repos\pmd\pmd-core\src\main\java\net\sourceforge\pmd\util\filter\Filters.java,86,35,98,10,0.0,0,0,0,0.0,0.0,0,0,2,0,0,2,1,0,0,1,3,0.0,0.0,0,0,0,3,0.0,0,1,1,0,0,1,12,13,0,0,0,0,2,0,2,0,2,4,0,2,0,12,13,0,0,0,0,2,0,2,0,2,4,0,2,0,0,0,8,0,0,0,0,0,1,0,0,0,7,0,0,0,0,0,0,0,0
2044,L49951,Filters$2,net.sourceforge.pmd.util.filter.Filters$2,L49943,L103,C:\Users\domco\Desktop\DP\repos\pmd\pmd-core\src\main\java\net\sourceforge\pmd\util\filter\Filters.java,113,32,123,10,0.0,0,0,0,0.0,0.0,0,0,2,0,0,2,1,0,0,1,3,0.0,0.0,0,0,0,3,0.0,0,1,1,0,0,1,10,11,0,0,0,0,2,0,2,0,2,2,0,2,0,10,11,0,0,0,0,2,0,2,0,2,2,0,2,0,0,0,8,0,0,0,0,0,1,0,0,0,7,0,0,0,0,0,0,0,0
2045,L49959,Filters$3,net.sourceforge.pmd.util.filter.Filters$3,L833,L103,C:\Users\domco\Desktop\DP\repos\pmd\pmd-core\src\main\java\net\sourceforge\pmd\util\filter\Filters.java,134,37,144,10,0.0,0,0,0,0.0,0.0,0,0,2,0,0,2,1,0,0,1,3,0.0,0.0,0,0,0,3,0.0,0,0,0,0,0,0,10,11,0,0,0,0,2,0,2,0,2,2,0,2,0,10,11,0,0,0,0,2,0,2,0,2,2,0,2,0,0,0,8,0,0,0,0,0,1,0,0,0,7,0,0,0,0,0,0,0,0
2046,L49968,Filters$4,net.sourceforge.pmd.util.filter.Filters$4,L49787,L103,C:\Users\domco\Desktop\DP\repos\pmd\pmd-core\src\main\java\net\sourceforge\pmd\util\filter\Filters.java,155,35,165,10,0.0,0,0,0,0.0,0.0,0,0,2,0,0,2,1,0,0,0,2,0.0,0.0,0,0,0,3,0.0,0,1,1,0,0,1,10,11,0,0,0,0,2,0,2,0,2,2,0,2,0,10,11,0,0,0,0,2,0,2,0,2,2,0,2,0,0,0,8,0,0,0,0,0,1,0,0,0,7,0,0,0,0,0,0,0,0
2047,L50372,ASTNodePopupMenu,net.sourceforge.pmd.util.viewer.gui.menu.ASTNodePopupMenu,L50504,L103,C:\Users\domco\Desktop\DP\repos\pmd\pmd-core\src\main\java\net\sourceforge\pmd\util\viewer\gui\menu\ASTNodePopupMenu.java,18,1,34,2,0.0,0,0,0,0.0,0.0,0,0,1,0,0,2,4,1,1,2,4,0.5,0.318182,7,6,1,1,0.318182,7,0,0,0,0,0,15,17,2,0,2,0,2,0,1,0,2,6,0,1,0,15,17,2,0,2,0,2,0,1,0,2,6,0,1,0,0,0,5,1,2,0,0,0,0,0,0,2,5,0,1,0,0,0,0,0,0
2048,L50524,AttributesSubMenu,net.sourceforge.pmd.util.viewer.gui.menu.AttributesSubMenu,L50504,L103,C:\Users\domco\Desktop\DP\repos\pmd\pmd-core\src\main\java\net\sourceforge\pmd\util\viewer\gui\menu\AttributesSubMenu.java,24,1,44,2,0.0,0,0,0,0.0,0.0,0,0,1,1,1,3,6,1,1,7,9,0.5,0.269231,7,6,1,1,0.269231,7,0,0,0,0,0,19,21,2,0,2,0,2,0,1,0,2,8,0,1,0,19,21,2,0,2,0,2,0,1,0,2,8,0,1,0,0,0,5,1,2,0,0,0,0,0,0,2,5,0,1,0,0,0,0,0,0
2049,L50519,SimpleNodeSubMenu,net.sourceforge.pmd.util.viewer.gui.menu.SimpleNodeSubMenu,L50504,L103,C:\Users\domco\Desktop\DP\repos\pmd\pmd-core\src\main\java\net\sourceforge\pmd\util\viewer\gui\menu\SimpleNodeSubMenu.java,21,1,49,2,0.0,0,0,0,0.0,0.0,0,0,1,1,1,3,4,1,1,3,5,1.0,0.441176,15,14,2,0,0.441176,15,0,0,0,0,0,19,29,2,0,2,0,2,0,1,0,2,11,0,1,0,19,29,2,0,2,0,2,0,1,0,2,11,0,1,0,0,0,2,1,2,0,0,0,0,0,0,2,2,0,1,0,0,0,0,0,0
2050,L50538,XPathFragmentAddingItem,net.sourceforge.pmd.util.viewer.gui.menu.XPathFragmentAddingItem,L50504,L103,C:\Users\domco\Desktop\DP\repos\pmd\pmd-core\src\main\java\net\sourceforge\pmd\util\viewer\gui\menu\XPathFragmentAddingItem.java,20,1,49,2,0.0,0,0,0,0.0,0.0,0,0,1,0,0,2,1,2,2,1,3,1.0,0.571429,20,19,3,0,0.571429,20,0,0,0,0,0,15,30,2,0,2,0,2,0,2,0,2,5,0,2,0,15,30,2,0,2,0,2,0,2,0,2,5,0,2,0,0,0,0,1,2,0,0,0,0,0,0,2,0,0,1,0,0,0,0,0,0
2051,L50985,ExportXPathWizardController$1,net.sourceforge.pmd.util.fxdesigner.ExportXPathWizardController$1,L50975,L103,C:\Users\domco\Desktop\DP\repos\pmd\pmd-ui\src\main\java\net\sourceforge\pmd\util\fxdesigner\ExportXPathWizardController.java,66,72,77,10,0.0,0,0,0,0.0,0.0,0,0,2,0,0,2,2,0,0,2,4,0.0,0.0,0,0,0,3,0.0,0,0,0,0,0,0,10,12,0,0,0,0,2,0,2,0,2,2,0,2,0,10,12,0,0,0,0,2,0,2,0,2,2,0,2,0,0,0,8,0,0,0,0,0,1,0,0,0,7,0,0,0,0,0,0,0,0
2052,L51097,MainDesignerController$1,net.sourceforge.pmd.util.fxdesigner.MainDesignerController$1,L51073,L103,C:\Users\domco\Desktop\DP\repos\pmd\pmd-ui\src\main\java\net\sourceforge\pmd\util\fxdesigner\MainDesignerController.java,179,79,190,10,0.0,0,0,0,0.0,0.0,0,0,2,0,0,2,2,0,0,2,4,0.0,0.0,0,0,0,3,0.0,0,0,0,0,0,0,10,12,0,0,0,0,2,0,2,0,2,2,0,2,0,10,12,0,0,0,0,2,0,2,0,2,2,0,2,0,0,1,8,0,0,0,0,0,1,0,0,0,7,0,1,0,0,0,0,0,0
2053,L50964,CustomCodeArea,net.sourceforge.pmd.util.fxdesigner.util.codearea.CustomCodeArea,L51516,L103,C:\Users\domco\Desktop\DP\repos\pmd\pmd-ui\src\main\java\net\sourceforge\pmd\util\fxdesigner\util\codearea\CustomCodeArea.java,38,1,264,2,0.0,0,0,0,0.0,0.0,0,0,2,2,2,29,4,6,11,12,27,0.769231,0.357542,64,62,10,3,0.349727,64,0,0,0,0,0,115,223,7,0,7,0,15,0,12,2,15,52,0,12,2,119,227,7,0,7,0,16,0,12,2,16,53,0,12,2,0,1,22,1,4,0,0,0,1,0,0,3,20,0,2,0,1,0,0,1,0
2054,L51658,SimpleRegexSyntaxHighlighter,net.sourceforge.pmd.util.fxdesigner.util.codearea.SimpleRegexSyntaxHighlighter,L51516,L103,C:\Users\domco\Desktop\DP\repos\pmd\pmd-ui\src\main\java\net\sourceforge\pmd\util\fxdesigner\util\codearea\SimpleRegexSyntaxHighlighter.java,31,1,227,2,0.0,0,0,0,0.0,0.0,0,0,2,2,2,7,3,4,8,4,8,0.333333,0.4,24,22,1,2,0.41875,67,1,1,4,4,1,36,77,2,1,2,1,4,0,2,0,4,18,0,2,0,93,197,6,5,6,5,15,0,5,0,15,37,0,5,0,0,2,17,0,6,0,0,4,2,0,0,2,15,0,2,0,0,0,0,0,0
2055,L51580,StyleContext,net.sourceforge.pmd.util.fxdesigner.util.codearea.StyleContext,L51516,L103,C:\Users\domco\Desktop\DP\repos\pmd\pmd-ui\src\main\java\net\sourceforge\pmd\util\fxdesigner\util\codearea\StyleContext.java,25,1,108,2,0.0,0,0,0,0.0,0.0,0,0,1,1,1,9,2,1,6,1,8,0.571429,0.186441,11,11,4,3,0.186441,11,0,0,0,0,0,48,84,2,2,2,2,7,0,6,0,7,13,0,6,0,48,84,2,2,2,2,7,0,6,0,7,13,0,6,0,0,0,15,0,1,0,0,0,0,0,0,1,15,0,0,0,0,0,0,0,0
2056,L51591,StyleLayer,net.sourceforge.pmd.util.fxdesigner.util.codearea.StyleLayer,L51516,L103,C:\Users\domco\Desktop\DP\repos\pmd\pmd-ui\src\main\java\net\sourceforge\pmd\util\fxdesigner\util\codearea\StyleLayer.java,24,1,145,2,0.128834,1,3,1,0.106557,0.15942,13,11,1,1,1,17,1,2,7,0,10,0.5,0.28125,27,27,4,4,0.28125,27,0,0,0,0,0,69,122,4,2,4,2,10,0,7,0,10,30,0,7,0,69,122,4,2,4,2,10,0,7,0,10,30,0,7,0,0,0,24,0,2,0,9,0,0,0,0,2,15,0,0,0,0,0,0,0,0
2057,L51955,ASTTreeCell,net.sourceforge.pmd.util.fxdesigner.util.controls.ASTTreeCell,L51947,L103,C:\Users\domco\Desktop\DP\repos\pmd\pmd-ui\src\main\java\net\sourceforge\pmd\util\fxdesigner\util\controls\ASTTreeCell.java,20,1,38,2,0.0,0,0,0,0.0,0.0,0,0,2,1,1,5,1,0,0,1,3,0.5,0.285714,6,6,1,1,0.285714,6,0,0,0,0,0,15,19,0,0,0,0,2,0,1,0,2,6,0,1,0,15,19,0,0,0,0,2,0,1,0,2,6,0,1,0,0,0,6,0,0,0,0,0,1,0,0,0,5,0,0,0,0,0,0,0,0
2058,L51467,ASTTreeItem,net.sourceforge.pmd.util.fxdesigner.util.controls.ASTTreeItem,L51947,L103,C:\Users\domco\Desktop\DP\repos\pmd\pmd-ui\src\main\java\net\sourceforge\pmd\util\fxdesigner\util\controls\ASTTreeItem.java,18,1,57,2,0.0,0,0,0,0.0,0.0,0,0,1,2,2,8,1,1,2,2,5,0.666667,0.194444,7,7,2,1,0.194444,7,0,0,0,0,0,29,40,0,1,0,1,3,0,2,0,3,18,0,2,0,29,40,0,1,0,1,3,0,2,0,3,18,0,2,0,0,0,9,0,1,0,0,0,0,0,0,1,9,0,0,0,0,0,0,0,0
2059,L51971,MetricResultListCell,net.sourceforge.pmd.util.fxdesigner.util.controls.MetricResultListCell,L51947,L103,C:\Users\domco\Desktop\DP\repos\pmd\pmd-ui\src\main\java\net\sourceforge\pmd\util\fxdesigner\util\controls\MetricResultListCell.java,22,1,53,2,0.0,0,0,0,0.0,0.0,0,0,2,1,1,6,2,0,0,3,6,0.5,0.241379,7,7,1,1,0.241379,7,0,0,0,0,0,22,32,0,0,0,0,3,0,1,0,3,9,0,1,0,22,32,0,0,0,0,3,0,1,0,3,9,0,1,0,0,0,10,0,0,0,0,0,1,0,0,0,9,0,0,0,0,0,0,0,0
2060,L51986,ScopeHierarchyTreeCell,net.sourceforge.pmd.util.fxdesigner.util.controls.ScopeHierarchyTreeCell,L51947,L103,C:\Users\domco\Desktop\DP\repos\pmd\pmd-ui\src\main\java\net\sourceforge\pmd\util\fxdesigner\util\controls\ScopeHierarchyTreeCell.java,25,1,79,2,0.0,0,0,0,0.0,0.0,0,0,2,3,1,15,10,0,0,4,8,0.5,0.130435,6,6,1,1,0.130435,6,0,0,0,0,0,40,55,0,2,0,2,4,0,1,0,4,20,0,1,0,40,55,0,2,0,2,4,0,1,0,4,20,0,1,0,0,0,12,0,0,0,0,0,1,0,0,0,11,0,0,0,0,0,0,0,0
2061,L52001,ScopeHierarchyTreeItem,net.sourceforge.pmd.util.fxdesigner.util.controls.ScopeHierarchyTreeItem,L51947,L103,C:\Users\domco\Desktop\DP\repos\pmd\pmd-ui\src\main\java\net\sourceforge\pmd\util\fxdesigner\util\controls\ScopeHierarchyTreeItem.java,23,1,83,2,0.0,0,0,0,0.0,0.0,0,0,1,1,1,10,5,1,1,3,7,1.0,0.204082,10,10,2,0,0.204082,10,0,0,0,0,0,39,61,0,1,0,1,4,0,1,0,4,22,0,1,0,39,61,0,1,0,1,4,0,1,0,4,22,0,1,0,0,0,8,0,1,0,0,0,0,0,0,1,8,0,0,0,0,0,0,0,0
2062,L52016,XpathViolationListCell,net.sourceforge.pmd.util.fxdesigner.util.controls.XpathViolationListCell,L51947,L103,C:\Users\domco\Desktop\DP\repos\pmd\pmd-ui\src\main\java\net\sourceforge\pmd\util\fxdesigner\util\controls\XpathViolationListCell.java,19,1,39,2,0.0,0,0,0,0.0,0.0,0,0,2,1,1,4,1,0,0,2,4,0.5,0.210526,4,4,1,1,0.210526,4,0,0,0,0,0,15,21,0,0,0,0,2,0,1,0,2,6,0,1,0,15,21,0,0,0,0,2,0,1,0,2,6,0,1,0,0,0,8,0,0,0,0,0,1,0,0,0,7,0,0,0,0,0,0,0,0
2063,L51170,AppSetting,net.sourceforge.pmd.util.fxdesigner.util.settings.AppSetting,L52065,L103,C:\Users\domco\Desktop\DP\repos\pmd\pmd-ui\src\main\java\net\sourceforge\pmd\util\fxdesigner\util\settings\AppSetting.java,14,1,42,2,0.0,0,0,0,0.0,0.0,0,0,0,0,0,4,0,4,5,0,4,0.2,0.166667,4,4,1,4,0.166667,4,0,0,0,0,0,20,29,3,2,3,2,4,0,4,1,4,6,0,4,1,20,29,3,2,3,2,4,0,4,1,4,6,0,4,1,0,0,11,0,0,0,0,0,0,0,0,0,11,0,0,0,0,0,0,0,0
2064,L51062,XMLSettingsLoader,net.sourceforge.pmd.util.fxdesigner.util.settings.XMLSettingsLoader,L52065,L103,C:\Users\domco\Desktop\DP\repos\pmd\pmd-ui\src\main\java\net\sourceforge\pmd\util\fxdesigner\util\settings\XMLSettingsLoader.java,34,1,82,2,0.0,0,0,0,0.0,0.0,0,0,0,2,2,6,0,1,1,0,3,0.333333,0.153846,6,6,1,2,0.153846,6,0,0,0,0,0,33,49,1,2,1,2,3,0,2,0,3,19,0,2,0,33,49,1,2,1,2,3,0,2,0,3,19,0,2,0,0,1,9,0,1,1,0,0,0,0,0,0,9,0,0,0,0,1,0,0,0
2065,L51105,XMLSettingsSaver,net.sourceforge.pmd.util.fxdesigner.util.settings.XMLSettingsSaver,L52065,L103,C:\Users\domco\Desktop\DP\repos\pmd\pmd-ui\src\main\java\net\sourceforge\pmd\util\fxdesigner\util\settings\XMLSettingsSaver.java,32,1,100,2,0.0,0,0,0,0.0,0.0,0,0,1,1,1,6,0,1,2,0,4,1.0,0.258621,15,15,4,0,0.258621,15,0,0,0,0,0,43,69,2,0,2,0,4,0,3,0,4,27,0,3,0,43,69,2,0,2,0,4,0,3,0,4,27,0,3,0,0,1,4,0,2,0,0,0,0,0,0,2,4,0,0,0,0,1,0,0,0
2066,L52147,XPathPanelController$1,net.sourceforge.pmd.util.fxdesigner.XPathPanelController$1,L51077,L103,C:\Users\domco\Desktop\DP\repos\pmd\pmd-ui\src\main\java\net\sourceforge\pmd\util\fxdesigner\XPathPanelController.java,90,62,101,10,0.0,0,0,0,0.0,0.0,0,0,2,0,0,2,0,0,0,0,2,0.0,0.0,0,0,0,3,0.0,0,0,0,0,0,0,10,12,0,0,0,0,2,0,2,0,2,2,0,2,0,10,12,0,0,0,0,2,0,2,0,2,2,0,2,0,0,0,8,0,0,0,0,0,1,0,0,0,7,0,0,0,0,0,0,0,0
2067,L49370,Designer$ExceptionNode$1,net.sourceforge.pmd.util.designer.Designer$ExceptionNode$1,L49361,L103,C:\Users\domco\Desktop\DP\repos\pmd\pmd-core\src\main\java\net\sourceforge\pmd\util\designer\Designer.java,315,67,327,14,1.0,1,1,1,1.0,1.0,13,11,1,0,0,3,1,0,0,0,2,0.0,0.0,0,0,0,3,0.0,0,0,0,0,0,0,11,13,1,0,1,0,2,0,2,0,2,2,0,2,0,11,13,1,0,1,0,2,0,2,0,2,2,0,2,0,0,0,22,0,1,0,15,0,0,0,0,0,7,0,0,0,0,1,0,0,0
2068,L49405,Designer$ASTTreeNode$1,net.sourceforge.pmd.util.designer.Designer$ASTTreeNode$1,L49399,L103,C:\Users\domco\Desktop\DP\repos\pmd\pmd-core\src\main\java\net\sourceforge\pmd\util\designer\Designer.java,398,67,410,14,1.0,1,1,1,1.0,1.0,13,11,1,0,0,3,1,0,0,0,2,0.0,0.0,0,0,0,3,0.0,0,0,0,0,0,0,11,13,1,0,1,0,2,0,2,0,2,2,0,2,0,11,13,1,0,1,0,2,0,2,0,2,2,0,2,0,0,0,22,0,1,0,15,0,0,0,0,0,7,0,0,0,0,1,0,0,0
2069,L49482,Designer$XPathListener$1,net.sourceforge.pmd.util.designer.Designer$XPathListener$1,L49477,L103,C:\Users\domco\Desktop\DP\repos\pmd\pmd-core\src\main\java\net\sourceforge\pmd\util\designer\Designer.java,606,55,611,18,0.0,0,0,0,0.0,0.0,0,0,1,0,0,1,3,0,0,0,1,0.0,0.0,0,0,0,2,0.0,0,4,5,0,0,1,6,6,25,20,0,0,1,0,1,0,85,1,4,79,22,6,6,25,20,0,0,1,0,1,0,85,1,4,79,22,0,0,14,0,0,0,0,0,0,0,0,0,5,0,0,0,0,0,0,9,0
2070,L50369,ASTPanel$1,net.sourceforge.pmd.util.viewer.gui.ASTPanel$1,L50362,L103,C:\Users\domco\Desktop\DP\repos\pmd\pmd-core\src\main\java\net\sourceforge\pmd\util\viewer\gui\ASTPanel.java,60,50,70,10,0.0,0,0,0,0.0,0.0,0,0,1,1,1,2,3,0,0,1,2,0.0,0.0,0,0,0,2,0.0,0,0,0,0,0,0,11,11,0,0,0,0,1,0,1,0,1,5,0,1,0,11,11,0,0,0,0,1,0,1,0,1,5,0,1,0,0,0,5,0,0,0,0,0,0,0,0,0,5,0,0,0,0,0,0,0,0
2071,L50418,EvaluationResultsPanel$1,net.sourceforge.pmd.util.viewer.gui.EvaluationResultsPanel$1,L50415,L103,C:\Users\domco\Desktop\DP\repos\pmd\pmd-core\src\main\java\net\sourceforge\pmd\util\viewer\gui\EvaluationResultsPanel.java,53,67,60,10,0.0,0,0,0,0.0,0.0,0,0,1,1,1,2,3,0,0,1,2,0.0,0.0,0,0,0,2,0.0,0,0,0,0,0,0,8,8,0,0,0,0,1,0,1,0,1,2,0,1,0,8,8,0,0,0,0,1,0,1,0,1,2,0,1,0,0,0,5,0,0,0,0,0,0,0,0,0,5,0,0,0,0,0,0,0,0
2072,L50599,SourceCodePanel$1,net.sourceforge.pmd.util.viewer.gui.SourceCodePanel$1,L50594,L103,C:\Users\domco\Desktop\DP\repos\pmd\pmd-core\src\main\java\net\sourceforge\pmd\util\viewer\gui\SourceCodePanel.java,67,55,85,14,0.0,0,0,0,0.0,0.0,0,0,1,2,2,3,2,0,0,4,5,0.0,0.0,0,0,0,2,0.0,0,0,0,0,0,0,19,19,0,0,0,0,1,0,1,0,1,9,0,1,0,19,19,0,0,0,0,1,0,1,0,1,9,0,1,0,0,0,5,1,0,1,0,0,0,0,0,0,5,0,0,0,0,0,0,0,0
2073,L51380,XPathEvaluator$1,net.sourceforge.pmd.util.fxdesigner.model.XPathEvaluator$1,L51371,L103,C:\Users\domco\Desktop\DP\repos\pmd\pmd-ui\src\main\java\net\sourceforge\pmd\util\fxdesigner\model\XPathEvaluator.java,67,51,72,14,0.0,0,0,0,0.0,0.0,0,0,1,0,0,1,2,0,0,0,1,0.0,0.0,0,0,0,2,0.0,0,4,5,0,0,1,6,6,25,20,0,0,1,0,1,0,85,1,4,79,22,6,6,25,20,0,0,1,0,1,0,85,1,4,79,22,0,0,14,0,0,0,0,0,0,0,0,0,5,0,0,0,0,0,0,9,0
2074,L51685,SimpleRegexSyntaxHighlighter$RegexHighlightGrammarBuilder,net.sourceforge.pmd.util.fxdesigner.util.codearea.SimpleRegexSyntaxHighlighter$RegexHighlightGrammarBuilder,L51658,L103,C:\Users\domco\Desktop\DP\repos\pmd\pmd-ui\src\main\java\net\sourceforge\pmd\util\fxdesigner\util\codearea\SimpleRegexSyntaxHighlighter.java,101,5,168,6,0.0,0,0,0,0.0,0.0,0,0,2,0,0,7,1,5,5,1,8,1.0,0.410714,23,23,4,0,0.410714,23,0,0,0,0,0,33,68,2,2,2,2,7,0,3,0,7,10,0,3,0,33,68,2,2,2,2,7,0,3,0,7,10,0,3,0,0,1,9,0,3,0,0,1,1,0,0,2,8,0,1,0,0,0,0,0,0
2075,L51661,SimpleRegexSyntaxHighlighter$RegexHighlightGrammar,net.sourceforge.pmd.util.fxdesigner.util.codearea.SimpleRegexSyntaxHighlighter$RegexHighlightGrammar,L51658,L103,C:\Users\domco\Desktop\DP\repos\pmd\pmd-ui\src\main\java\net\sourceforge\pmd\util\fxdesigner\util\codearea\SimpleRegexSyntaxHighlighter.java,174,5,225,6,0.0,0,0,0,0.0,0.0,0,0,1,2,2,7,0,6,4,0,4,1.0,0.454545,20,20,1,0,0.454545,20,0,0,0,0,0,24,52,2,2,2,2,4,0,0,0,4,9,0,0,0,24,52,2,2,2,2,4,0,0,0,4,9,0,0,0,0,0,2,0,3,0,0,3,0,0,0,0,2,0,0,0,0,0,0,0,0
2076,L51536,ApexSyntaxHighlighter,net.sourceforge.pmd.util.fxdesigner.util.codearea.syntaxhighlighting.ApexSyntaxHighlighter,L51819,L103,C:\Users\domco\Desktop\DP\repos\pmd\pmd-ui\src\main\java\net\sourceforge\pmd\util\fxdesigner\util\codearea\syntaxhighlighting\ApexSyntaxHighlighter.java,29,1,84,2,0.0,0,0,0,0.0,0.0,0,0,0,0,0,1,3,0,0,4,5,0.5,0.12963,7,7,1,1,0.12963,7,2,2,0,0,1,47,56,5,1,3,0,1,0,1,0,5,1,0,3,0,47,56,5,1,3,0,1,0,1,0,5,1,0,3,0,0,0,5,0,0,0,0,0,0,0,0,0,5,0,0,0,0,0,0,0,0
2077,L51532,JavaSyntaxHighlighter,net.sourceforge.pmd.util.fxdesigner.util.codearea.syntaxhighlighting.JavaSyntaxHighlighter,L51819,L103,C:\Users\domco\Desktop\DP\repos\pmd\pmd-ui\src\main\java\net\sourceforge\pmd\util\fxdesigner\util\codearea\syntaxhighlighting\JavaSyntaxHighlighter.java,33,1,81,2,0.0,0,0,0,0.0,0.0,0,0,0,0,0,1,3,0,0,4,5,0.5,0.170213,8,7,1,1,0.170213,8,2,2,0,0,1,39,49,5,1,3,0,1,0,1,0,5,1,0,3,0,39,49,5,1,3,0,1,0,1,0,5,1,0,3,0,0,0,5,0,0,0,0,0,0,0,0,0,5,0,0,0,0,0,0,0,0
2078,L50993,XmlSyntaxHighlighter,net.sourceforge.pmd.util.fxdesigner.util.codearea.syntaxhighlighting.XmlSyntaxHighlighter,L51819,L103,C:\Users\domco\Desktop\DP\repos\pmd\pmd-ui\src\main\java\net\sourceforge\pmd\util\fxdesigner\util\codearea\syntaxhighlighting\XmlSyntaxHighlighter.java,23,1,41,2,0.0,0,0,0,0.0,0.0,0,0,0,0,0,1,3,1,1,4,5,0.5,0.210526,4,4,1,1,0.210526,4,2,2,0,0,1,15,19,3,1,1,0,1,0,1,0,5,1,0,3,0,15,19,3,1,1,0,1,0,1,0,5,1,0,3,0,0,0,5,0,0,0,0,0,0,0,0,0,5,0,0,0,0,0,0,0,0
2079,L51544,XPathSyntaxHighlighter,net.sourceforge.pmd.util.fxdesigner.util.codearea.syntaxhighlighting.XPathSyntaxHighlighter,L51819,L103,C:\Users\domco\Desktop\DP\repos\pmd\pmd-ui\src\main\java\net\sourceforge\pmd\util\fxdesigner\util\codearea\syntaxhighlighting\XPathSyntaxHighlighter.java,23,1,54,2,0.0,0,0,0,0.0,0.0,0,0,0,0,0,1,3,1,1,4,5,0.5,0.142857,4,4,1,1,0.142857,4,2,2,0,0,1,24,32,5,1,3,0,1,0,1,0,5,1,0,3,0,24,32,5,1,3,0,1,0,1,0,5,1,0,3,0,0,0,5,0,0,0,0,0,0,0,0,0,5,0,0,0,0,0,0,0,0
2080,L51650,CustomCodeArea$1,net.sourceforge.pmd.util.fxdesigner.util.codearea.CustomCodeArea$1,L51627,L103,C:\Users\domco\Desktop\DP\repos\pmd\pmd-ui\src\main\java\net\sourceforge\pmd\util\fxdesigner\util\codearea\CustomCodeArea.java,251,96,256,10,0.0,0,0,0,0.0,0.0,0,0,1,0,0,1,2,0,0,1,2,0.0,0.0,0,0,0,1,0.0,0,0,0,0,0,0,6,6,0,0,0,0,1,0,0,0,1,1,0,0,0,6,6,0,0,0,0,1,0,0,0,1,1,0,0,0,0,0,5,0,0,0,0,0,0,0,0,0,5,0,0,0,0,0,0,0,0
2081,L51906,HighlightClasses$Constants,net.sourceforge.pmd.util.fxdesigner.util.codearea.syntaxhighlighting.HighlightClasses$Constants,L51868,L103,C:\Users\domco\Desktop\DP\repos\pmd\pmd-ui\src\main\java\net\sourceforge\pmd\util\fxdesigner\util\codearea\syntaxhighlighting\HighlightClasses.java,62,5,68,6,0.0,0,0,0,0.0,0.0,0,0,0,0,0,0,0,0,0,0,0,0.0,0.0,0,0,0,1,0.0,0,0,0,0,0,0,7,7,5,0,5,0,0,0,0,0,0,0,0,0,0,7,7,5,0,5,0,0,0,0,0,0,0,0,0,0,0,0,3,0,5,0,0,5,0,0,0,0,3,0,0,0,0,0,0,0,0
2082,L53594,AnoymousExtendingObject$1,net.sourceforge.pmd.typeresolution.testdata.AnoymousExtendingObject$1,L53589,L103,C:\Users\domco\Desktop\DP\repos\pmd\pmd-java\src\test\java\net\sourceforge\pmd\typeresolution\testdata\AnoymousExtendingObject.java,10,41,15,10,0.0,0,0,0,0.0,0.0,0,0,1,0,0,1,0,0,0,0,1,0.0,0.0,0,0,0,2,0.0,0,0,0,0,0,0,6,6,0,0,0,0,1,0,1,0,1,1,0,1,0,6,6,0,0,0,0,1,0,1,0,1,1,0,1,0,0,0,5,0,0,0,0,0,0,0,0,0,5,0,0,0,0,0,0,0,0
2083,L54342,NestedAnonymousClass$1$1,net.sourceforge.pmd.typeresolution.testdata.NestedAnonymousClass$1$1,L54329,L103,C:\Users\domco\Desktop\DP\repos\pmd\pmd-java\src\test\java\net\sourceforge\pmd\typeresolution\testdata\NestedAnonymousClass.java,19,47,25,14,0.0,0,0,0,0.0,0.0,0,0,1,0,0,1,2,0,0,0,1,0.0,0.0,0,0,0,2,0.0,0,1,1,0,0,1,7,7,0,0,0,0,1,0,1,0,1,1,0,1,0,7,7,0,0,0,0,1,0,1,0,1,1,0,1,0,0,0,5,0,0,0,0,0,0,0,0,0,5,0,0,0,0,0,0,0,0
2084,L55092,DummyLanguageModule$Handler$1,net.sourceforge.pmd.test.lang.DummyLanguageModule$Handler$1,L55088,L103,C:\Users\domco\Desktop\DP\repos\pmd\pmd-test\src\main\java\net\sourceforge\pmd\test\lang\DummyLanguageModule.java,78,54,102,14,1.0,1,1,1,1.0,1.0,25,22,3,0,0,4,6,0,0,4,8,0.0,0.0,0,0,0,4,0.0,0,2,2,0,0,1,22,25,1,3,0,1,4,0,3,0,7,8,0,6,0,22,25,1,3,0,1,4,0,3,0,7,8,0,6,0,0,0,37,0,0,0,25,0,1,0,0,0,11,0,0,0,0,0,0,0,0
2085,L55119,DummyLanguageModule$RuleViolationFactory$1,net.sourceforge.pmd.test.lang.DummyLanguageModule$RuleViolationFactory$1,L55109,L103,C:\Users\domco\Desktop\DP\repos\pmd\pmd-test\src\main\java\net\sourceforge\pmd\test\lang\DummyLanguageModule.java,115,116,120,14,1.0,1,1,1,1.0,1.0,6,5,0,0,0,0,2,0,0,0,0,0.0,0.0,0,0,0,1,0.0,0,2,2,0,0,1,5,6,12,12,0,0,0,0,0,0,19,0,0,15,2,5,6,12,12,0,0,0,0,0,0,19,0,0,15,2,0,1,8,0,0,0,5,0,0,0,0,0,3,0,1,0,0,0,0,0,1.0
2086,L3884,ScalaTokenizer,org.sonar.plugins.scala.cpd.ScalaTokenizer,L56233,L103,C:\Users\domco\Desktop\DP\repos\pmd\pmd-scala\src\main\java\org\sonar\plugins\scala\cpd\ScalaTokenizer.java,39,1,66,2,0.0,0,0,0,0.0,0.0,0,0,1,2,2,4,4,2,0,4,5,0.5,0.310345,9,5,1,1,0.310345,9,1,1,0,0,1,20,28,7,0,0,0,1,0,1,0,1,11,7,1,0,20,28,7,0,0,0,1,0,1,0,1,11,7,1,0,0,0,5,3,1,3,0,0,0,0,0,1,3,0,0,0,0,0,0,2,1.0
2087,L56248,Comment,org.sonar.plugins.scala.language.Comment,L56244,L103,C:\Users\domco\Desktop\DP\repos\pmd\pmd-scala\src\main\java\org\sonar\plugins\scala\language\Comment.java,38,1,117,2,0.0,0,0,0,0.0,0.0,0,0,1,3,3,22,2,0,0,1,10,0.1,0.0958904,7,7,1,9,0.0958904,7,0,0,0,0,0,66,80,2,3,2,3,9,0,9,0,9,33,0,9,0,66,80,2,3,2,3,9,0,9,0,9,33,0,9,0,0,0,21,0,0,0,0,0,0,0,0,0,21,0,0,0,0,0,0,0,1.0
2088,L56294,StringUtils,org.sonar.plugins.scala.util.StringUtils,L56291,L103,C:\Users\domco\Desktop\DP\repos\pmd\pmd-scala\src\main\java\org\sonar\plugins\scala\util\StringUtils.java,31,1,50,2,0.0,0,0,0,0.0,0.0,0,0,1,2,2,3,0,1,1,0,2,0.0,0.0526316,1,0,0,2,0.0526316,1,0,0,0,0,0,18,20,0,0,0,0,2,0,1,0,2,9,0,1,0,18,20,0,0,0,0,2,0,1,0,2,9,0,1,0,0,0,5,0,2,1,0,0,0,0,0,0,5,0,1,0,0,0,0,0,0
