,ID,Name,LongName,Parent,Component,Path,Line,Column,EndLine,EndColumn,CC,CCL,CCO,CI,CLC,CLLC,LDC,LLDC,LCOM5,NL,NLE,WMC,CBO,CBOI,NII,NOI,RFC,AD,CD,CLOC,DLOC,PDA,PUA,TCD,TCLOC,DIT,NOA,NOC,NOD,NOP,LLOC,LOC,NA,NG,NLA,NLG,NLM,NLPA,NLPM,NLS,NM,NOS,NPA,NPM,NS,TLLOC,TLOC,TNA,TNG,TNLA,TNLG,TNLM,TNLPA,TNLPM,TNLS,TNM,TNOS,TNPA,TNPM,TNS,WarningBlocker,WarningCritical,WarningInfo,WarningMajor,WarningMinor,Best Practice Rules,Clone Metric Rules,Code Style Rules,Cohesion Metric Rules,Complexity Metric Rules,Coupling Metric Rules,Design Rules,Documentation Metric Rules,Documentation Rules,Error Prone Rules,Inheritance Metric Rules,Multithreading Rules,Performance Rules,Security Rules,Size Metric Rules,isDefective
0,L4750,Long,scala.Long,L4747,L103,C:\Users\domco\Desktop\DP\repos\find-sec-bugs\plugin-deps\src\main\java\scala\Long.java,3,1,4,2,0.0,0,0,0,0.0,0.0,0,0,0,0,0,0,0,2,0,0,0,0.0,0.0,0,0,0,1,0.0,0,0,0,0,0,0,2,2,0,0,0,0,0,0,0,0,0,0,0,0,0,2,2,0,0,0,0,0,0,0,0,0,0,0,0,0,0,0,3,0,1,0,0,1,0,0,0,0,3,0,0,0,0,0,0,0,0
1,L4780,BasicServlet,testcode.BasicServlet,L4762,L103,C:\Users\domco\Desktop\DP\repos\find-sec-bugs\plugin\src\test\java\testcode\BasicServlet.java,10,1,52,2,0.0,0,0,0,0.0,0.0,0,0,1,2,2,6,6,0,0,10,12,0.0,0.142857,5,0,0,1,0.142857,5,1,1,0,0,1,30,43,0,0,0,0,2,0,0,0,3,20,0,0,0,30,43,0,0,0,0,2,0,0,0,3,20,0,0,0,0,0,7,3,0,2,0,0,0,0,0,0,7,0,1,0,0,0,0,0,0
2,L4809,CommandInjection,testcode.CommandInjection,L4762,L103,C:\Users\domco\Desktop\DP\repos\find-sec-bugs\plugin\src\test\java\testcode\CommandInjection.java,7,1,33,2,0.0,0,0,0,0.0,0.0,0,0,1,0,0,2,0,0,0,0,1,0.0,0.117647,2,0,0,2,0.117647,2,0,0,0,0,0,15,27,0,0,0,0,1,0,1,0,1,7,0,1,0,15,27,0,0,0,0,1,0,1,0,1,7,0,1,0,0,0,5,1,0,0,0,0,0,0,0,0,5,0,0,0,0,1,0,0,0
3,L4835,CookieUsage,testcode.CookieUsage,L4762,L103,C:\Users\domco\Desktop\DP\repos\find-sec-bugs\plugin\src\test\java\testcode\CookieUsage.java,10,1,22,2,0.0,0,0,0,0.0,0.0,0,0,1,1,1,2,5,0,0,6,7,0.0,0.0,0,0,0,1,0.0,0,1,1,0,0,1,11,13,0,0,0,0,1,0,0,0,2,5,0,0,0,11,13,0,0,0,0,1,0,0,0,2,5,0,0,0,0,0,5,1,0,0,0,0,0,0,0,0,5,0,1,0,0,0,0,0,0
4,L5169,FileUploadCommon,testcode.FileUploadCommon,L4762,L103,C:\Users\domco\Desktop\DP\repos\find-sec-bugs\plugin\src\test\java\testcode\FileUploadCommon.java,11,1,20,2,0.0,0,0,0,0.0,0.0,0,0,1,1,1,2,5,0,0,3,4,0.0,0.0,0,0,0,2,0.0,0,0,0,0,0,0,9,10,0,0,0,0,1,0,1,0,1,4,0,1,0,9,10,0,0,0,0,1,0,1,0,1,4,0,1,0,0,0,5,1,0,1,0,0,0,0,0,0,5,0,0,0,0,0,0,0,0
5,L5181,FileUploadWicket,testcode.FileUploadWicket,L4762,L103,C:\Users\domco\Desktop\DP\repos\find-sec-bugs\plugin\src\test\java\testcode\FileUploadWicket.java,10,1,19,2,0.0,0,0,0,0.0,0.0,0,0,1,1,1,2,4,0,0,2,3,0.0,0.0,0,0,0,2,0.0,0,0,0,0,0,0,9,10,0,0,0,0,1,0,1,0,1,4,0,1,0,9,10,0,0,0,0,1,0,1,0,1,4,0,1,0,0,0,5,1,0,1,0,0,0,0,0,0,5,0,0,0,0,0,0,0,0
6,L5287,InsecureRandom,testcode.InsecureRandom,L4762,L103,C:\Users\domco\Desktop\DP\repos\find-sec-bugs\plugin\src\test\java\testcode\InsecureRandom.java,6,1,40,2,0.0,0,0,0,0.0,0.0,0,0,1,0,0,5,2,0,0,2,7,0.0,0.103448,3,0,0,6,0.103448,3,0,0,0,0,0,26,35,0,0,0,0,5,0,5,0,5,14,0,5,0,26,35,0,0,0,0,5,0,5,0,5,14,0,5,0,0,0,11,5,0,5,0,0,0,0,0,0,11,0,0,0,0,0,0,0,0
7,L5322,JaxRsService,testcode.JaxRsService,L4762,L103,C:\Users\domco\Desktop\DP\repos\find-sec-bugs\plugin\src\test\java\testcode\JaxRsService.java,5,1,16,2,0.0,0,0,0,0.0,0.0,0,0,2,0,0,2,1,0,0,0,2,0.0,0.0,0,0,0,3,0.0,0,0,0,0,0,0,10,12,0,0,0,0,2,0,2,0,2,2,0,2,0,10,12,0,0,0,0,2,0,2,0,2,2,0,2,0,0,0,8,0,0,0,0,0,1,0,0,0,7,0,0,0,0,0,0,0,0
8,L5329,JaxWsService,testcode.JaxWsService,L4762,L103,C:\Users\domco\Desktop\DP\repos\find-sec-bugs\plugin\src\test\java\testcode\JaxWsService.java,6,1,22,2,0.0,0,0,0,0.0,0.0,0,0,3,0,0,3,0,0,0,0,3,0.0,0.0,0,0,0,4,0.0,0,0,0,0,0,0,14,17,0,0,0,0,3,0,3,0,3,3,0,3,0,14,17,0,0,0,0,3,0,3,0,3,3,0,3,0,0,0,10,0,0,0,0,0,1,0,0,0,9,0,0,0,0,0,0,0,0
9,L5459,PathTraversal,testcode.PathTraversal,L4762,L103,C:\Users\domco\Desktop\DP\repos\find-sec-bugs\plugin\src\test\java\testcode\PathTraversal.java,5,1,26,2,0.0,0,0,0,0.0,0.0,0,0,1,0,0,2,0,0,0,0,1,0.0,0.0,0,0,0,2,0.0,0,0,0,0,0,0,14,22,0,0,0,0,1,0,1,0,1,10,0,1,0,14,22,0,0,0,0,1,0,1,0,1,10,0,1,0,0,6,5,0,0,0,0,0,0,0,0,0,5,0,0,0,0,6,0,0,0
10,L5491,PermissiveCORS,testcode.PermissiveCORS,L4762,L103,C:\Users\domco\Desktop\DP\repos\find-sec-bugs\plugin\src\test\java\testcode\PermissiveCORS.java,9,1,18,2,0.0,0,0,0,0.0,0.0,0,0,1,0,0,1,6,0,0,4,5,0.0,0.125,1,0,0,1,0.125,1,1,1,0,0,1,7,10,0,0,0,0,1,0,0,0,2,2,0,0,0,7,10,0,0,0,0,1,0,0,0,2,2,0,0,0,0,0,5,1,0,0,0,0,0,0,0,0,5,0,1,0,0,0,0,0,0
11,L5501,PersistantCookie,testcode.PersistantCookie,L4762,L103,C:\Users\domco\Desktop\DP\repos\find-sec-bugs\plugin\src\test\java\testcode\PersistantCookie.java,15,1,44,2,0.0,0,0,0,0.0,0.0,0,0,1,1,1,6,6,0,0,3,7,1.0,0.352941,12,5,1,0,0.352941,12,1,1,0,0,1,22,30,0,0,0,0,4,0,0,3,5,11,0,0,3,22,30,0,0,0,0,4,0,0,3,5,11,0,0,3,0,0,2,1,0,0,0,0,0,0,0,0,2,0,1,0,0,0,0,0,0
12,L5578,SpringTestController,testcode.SpringTestController,L4762,L103,C:\Users\domco\Desktop\DP\repos\find-sec-bugs\plugin\src\test\java\testcode\SpringTestController.java,10,1,26,2,0.0,0,0,0,0.0,0.0,0,0,1,0,0,2,4,0,0,0,2,0.0,0.0,0,0,0,3,0.0,0,0,0,0,0,0,14,17,1,0,1,0,2,0,2,0,2,3,0,2,0,14,17,1,0,1,0,2,0,2,0,2,3,0,2,0,0,0,7,0,0,0,0,0,0,0,0,0,7,0,0,0,0,0,0,0,0
13,L5918,UnvalidatedRedirectServlet,testcode.UnvalidatedRedirectServlet,L4762,L103,C:\Users\domco\Desktop\DP\repos\find-sec-bugs\plugin\src\test\java\testcode\UnvalidatedRedirectServlet.java,9,1,41,2,0.0,0,0,0,0.0,0.0,0,0,4,1,1,8,5,0,0,3,8,0.25,0.037037,1,1,1,3,0.037037,1,1,1,0,0,1,26,33,0,0,0,0,5,0,3,0,6,10,0,3,0,26,33,0,0,0,0,5,0,3,0,6,10,0,3,0,0,0,14,1,0,0,0,0,1,0,0,0,13,0,1,0,0,0,0,0,0
14,L5942,VariousRedos,testcode.VariousRedos,L4762,L103,C:\Users\domco\Desktop\DP\repos\find-sec-bugs\plugin\src\test\java\testcode\VariousRedos.java,6,1,45,2,0.0,0,0,0,0.0,0.0,0,0,1,1,1,8,0,0,0,0,1,0.0,0.15625,5,0,0,2,0.15625,5,0,0,0,0,0,27,40,2,0,2,0,1,2,1,0,1,15,2,1,0,27,40,2,0,2,0,1,2,1,0,1,15,2,1,0,0,0,9,7,0,6,0,0,0,0,0,0,5,0,1,0,0,0,0,4,0
15,L5959,WeakFilenameUtils,testcode.WeakFilenameUtils,L4762,L103,C:\Users\domco\Desktop\DP\repos\find-sec-bugs\plugin\src\test\java\testcode\WeakFilenameUtils.java,8,1,36,2,0.0,0,0,0,0.0,0.0,0,0,1,0,0,3,0,0,0,0,3,0.0,0.0,0,0,0,2,0.0,0,0,0,0,0,0,21,29,0,0,0,0,3,0,1,0,3,13,0,1,0,21,29,0,0,0,0,3,0,1,0,3,13,0,1,0,0,0,9,7,0,5,0,0,0,0,0,0,9,0,2,0,0,0,0,0,0
16,L5969,WicketWebPage,testcode.WicketWebPage,L4762,L103,C:\Users\domco\Desktop\DP\repos\find-sec-bugs\plugin\src\test\java\testcode\WicketWebPage.java,6,1,11,2,0.0,0,0,0,0.0,0.0,0,0,0,0,0,1,2,0,0,1,2,0.0,0.0,0,0,0,2,0.0,0,1,1,0,0,1,5,6,0,0,0,0,1,0,1,0,1,1,0,1,0,5,6,0,0,0,0,1,0,1,0,1,1,0,1,0,0,0,5,1,0,1,0,0,0,0,0,0,5,0,0,0,0,0,0,0,0
17,L6291,ReadMe,ReadMe,L6285,L103,C:\Users\domco\Desktop\DP\repos\find-sec-bugs\website\src\main\java\ReadMe.java,4,1,5,2,0.0,0,0,0,0.0,0.0,0,0,0,0,0,0,0,0,0,0,0,1.0,0.6,3,3,1,0,0.6,3,0,0,0,0,0,2,2,0,0,0,0,0,0,0,0,0,0,0,0,0,2,2,0,0,0,0,0,0,0,0,0,0,0,0,0,0,0,0,0,1,0,0,1,0,0,0,0,0,0,0,0,0,0,0,0,0
18,L1888,JDOHelper,javax.jdo.JDOHelper,L1870,L103,C:\Users\domco\Desktop\DP\repos\find-sec-bugs\plugin-deps\src\main\java\javax\jdo\JDOHelper.java,3,1,7,2,0.0,0,0,0,0.0,0.0,0,0,0,0,0,1,1,2,2,0,1,0.0,0.0,0,0,0,2,0.0,0,0,0,0,0,0,5,5,0,1,0,1,1,0,1,0,1,1,0,1,0,5,5,0,1,0,1,1,0,1,0,1,1,0,1,0,0,0,5,0,0,0,0,0,0,0,0,0,5,0,0,0,0,0,0,0,0
19,L2004,ServletException,javax.servlet.ServletException,L1978,L103,C:\Users\domco\Desktop\DP\repos\find-sec-bugs\plugin-deps\src\main\java\javax\servlet\ServletException.java,3,1,4,2,0.0,0,0,0,0.0,0.0,0,0,0,0,0,0,0,7,0,0,0,0.0,0.0,0,0,0,1,0.0,0,0,0,0,0,0,2,2,0,0,0,0,0,0,0,0,0,0,0,0,0,2,2,0,0,0,0,0,0,0,0,0,0,0,0,0,0,0,3,1,0,0,0,0,0,0,0,0,3,0,1,0,0,0,0,0,0
20,L2031,ServletRequestWrapper,javax.servlet.ServletRequestWrapper,L1978,L103,C:\Users\domco\Desktop\DP\repos\find-sec-bugs\plugin-deps\src\main\java\javax\servlet\ServletRequestWrapper.java,6,1,41,2,0.0,0,0,0,0.0,0.0,0,0,0,0,0,7,1,4,7,0,7,0.0,0.0,0,0,0,8,0.0,0,1,1,1,4,1,28,36,0,6,0,6,7,0,7,0,7,6,0,7,0,28,36,0,6,0,6,7,0,7,0,7,6,0,7,0,0,0,18,0,1,0,0,0,0,0,0,0,17,1,0,0,0,0,0,1,0
21,L4755,Random,scala.util.Random,L4752,L103,C:\Users\domco\Desktop\DP\repos\find-sec-bugs\plugin-deps\src\main\java\scala\util\Random.java,10,1,19,2,0.0,0,0,0,0.0,0.0,0,0,0,0,0,2,1,1,1,0,2,0.333333,0.538462,7,7,1,2,0.538462,7,0,0,0,0,0,6,10,0,0,0,0,2,0,2,0,2,0,0,2,0,6,10,0,0,0,0,2,0,2,0,2,0,0,2,0,0,0,5,0,2,0,0,0,0,0,0,0,5,2,0,0,0,0,0,0,0
22,L4859,BadHexa,testcode.crypto.BadHexa,L4846,L103,C:\Users\domco\Desktop\DP\repos\find-sec-bugs\plugin\src\test\java\testcode\crypto\BadHexa.java,7,1,44,2,0.0,0,0,0,0.0,0.0,0,0,1,1,1,5,0,0,0,0,3,0.0,0.166667,5,0,0,4,0.166667,5,0,0,0,0,0,25,38,0,0,0,0,3,0,3,0,3,15,0,3,0,25,38,0,0,0,0,3,0,3,0,3,15,0,3,0,0,0,7,2,0,1,0,0,0,0,0,1,7,0,0,0,0,0,0,0,0
23,L4885,BlockCipherList,testcode.crypto.BlockCipherList,L4846,L103,C:\Users\domco\Desktop\DP\repos\find-sec-bugs\plugin\src\test\java\testcode\crypto\BlockCipherList.java,10,1,46,2,0.0,0,0,0,0.0,0.0,0,0,1,0,0,1,1,0,0,1,2,0.5,0.185185,5,3,1,1,0.25,9,0,0,0,0,0,22,31,0,0,0,0,1,0,1,0,1,18,0,1,0,27,37,0,0,0,0,2,0,1,0,2,19,0,1,0,0,0,6,2,0,0,0,0,0,0,0,1,6,0,1,0,0,0,0,0,1.0
24,L4899,CustomMessageDigest,testcode.crypto.CustomMessageDigest,L4846,L103,C:\Users\domco\Desktop\DP\repos\find-sec-bugs\plugin\src\test\java\testcode\crypto\CustomMessageDigest.java,11,1,56,2,0.0,0,0,0,0.0,0.0,0,0,2,1,1,8,1,0,0,1,8,0.0,0.0,0,0,0,2,0.0,0,0,0,0,0,0,36,46,1,0,1,0,7,0,1,0,7,13,0,1,0,36,46,1,0,1,0,7,0,1,0,7,13,0,1,0,0,0,18,2,1,1,0,0,1,0,0,2,17,0,0,0,0,0,0,0,0
25,L4939,EsapiCrypto,testcode.crypto.EsapiCrypto,L4846,L103,C:\Users\domco\Desktop\DP\repos\find-sec-bugs\plugin\src\test\java\testcode\crypto\EsapiCrypto.java,10,1,28,2,0.0,0,0,0,0.0,0.0,0,0,2,0,0,2,5,0,0,7,9,0.0,0.277778,5,3,0,1,0.277778,5,0,0,0,0,0,13,19,0,0,0,0,2,0,0,0,2,7,0,0,0,13,19,0,0,0,0,2,0,0,0,2,7,0,0,0,0,0,4,0,2,0,0,2,1,0,0,0,3,0,0,0,0,0,0,0,0
26,L4957,HazelcastSymmetric,testcode.crypto.HazelcastSymmetric,L4846,L103,C:\Users\domco\Desktop\DP\repos\find-sec-bugs\plugin\src\test\java\testcode\crypto\HazelcastSymmetric.java,10,1,50,2,0.0,0,0,0,0.0,0.0,0,0,1,0,0,3,6,0,0,11,14,0.0,0.133333,4,0,0,4,0.133333,4,0,0,0,0,0,26,41,1,0,1,0,3,0,3,0,3,17,0,3,0,26,41,1,0,1,0,3,0,3,0,3,17,0,3,0,0,0,10,0,1,0,0,1,0,0,1,0,9,0,0,0,0,0,0,0,0
27,L4987,InsufficientKeySizeBlowfish,testcode.crypto.InsufficientKeySizeBlowfish,L4846,L103,C:\Users\domco\Desktop\DP\repos\find-sec-bugs\plugin\src\test\java\testcode\crypto\InsufficientKeySizeBlowfish.java,14,1,39,2,0.0,0,0,0,0.0,0.0,0,0,3,0,0,3,0,0,0,0,3,0.25,0.2,5,5,1,3,0.2,5,0,0,0,0,0,20,26,0,0,0,0,3,0,3,0,3,12,0,3,0,20,26,0,0,0,0,3,0,3,0,3,12,0,3,0,0,0,10,0,3,0,0,3,1,0,0,0,9,0,0,0,0,0,0,0,0
28,L4999,InsufficientKeySizeRsa,testcode.crypto.InsufficientKeySizeRsa,L4846,L103,C:\Users\domco\Desktop\DP\repos\find-sec-bugs\plugin\src\test\java\testcode\crypto\InsufficientKeySizeRsa.java,10,1,58,2,0.0,0,0,0,0.0,0.0,0,0,6,0,0,6,0,0,0,0,6,0.142857,0.209302,9,4,1,6,0.209302,9,0,0,0,0,0,34,49,0,0,0,0,6,0,6,0,6,20,0,6,0,34,49,0,0,0,0,6,0,6,0,6,20,0,6,0,0,0,16,1,2,0,0,2,1,0,0,0,15,0,1,0,0,0,0,0,0
29,L5079,NullCipherUse,testcode.crypto.NullCipherUse,L4846,L103,C:\Users\domco\Desktop\DP\repos\find-sec-bugs\plugin\src\test\java\testcode\crypto\NullCipherUse.java,15,1,49,2,0.0,0,0,0,0.0,0.0,0,0,1,1,1,4,0,0,0,0,3,0.0,0.08,2,0,0,3,0.08,2,0,0,0,0,0,23,35,0,0,0,0,3,0,2,0,3,13,0,2,0,23,35,0,0,0,0,3,0,2,0,3,13,0,2,0,0,1,9,3,0,2,0,0,0,0,0,1,9,0,0,0,0,0,1,0,0
30,L5105,RsaNoPadding,testcode.crypto.RsaNoPadding,L4846,L103,C:\Users\domco\Desktop\DP\repos\find-sec-bugs\plugin\src\test\java\testcode\crypto\RsaNoPadding.java,11,1,20,2,0.0,0,0,0,0.0,0.0,0,0,2,0,0,2,0,0,0,0,2,0.333333,0.272727,3,3,1,2,0.272727,3,0,0,0,0,0,8,10,0,0,0,0,2,0,2,0,2,2,0,2,0,8,10,0,0,0,0,2,0,2,0,2,2,0,2,0,0,0,6,0,0,0,0,0,1,0,0,0,5,0,0,0,0,0,0,0,0
31,L5110,UnencryptedSocket,testcode.crypto.UnencryptedSocket,L4846,L103,C:\Users\domco\Desktop\DP\repos\find-sec-bugs\plugin\src\test\java\testcode\crypto\UnencryptedSocket.java,8,1,50,2,0.0,0,0,0,0.0,0.0,0,0,1,1,1,6,0,0,0,0,5,0.0,0.0,0,0,0,2,0.0,0,0,0,0,0,0,37,43,0,0,0,0,5,0,1,0,5,24,0,1,0,37,43,0,0,0,0,5,0,1,0,5,24,0,1,0,0,0,13,5,6,4,0,5,0,0,0,0,13,0,2,0,0,0,0,0,0
32,L5158,WeakMessageDigest,testcode.crypto.WeakMessageDigest,L4846,L103,C:\Users\domco\Desktop\DP\repos\find-sec-bugs\plugin\src\test\java\testcode\crypto\WeakMessageDigest.java,9,1,62,2,0.0,0,0,0,0.0,0.0,0,0,1,0,0,4,1,0,0,1,5,0.0,0.0909091,4,0,0,4,0.0909091,4,0,0,0,0,0,40,54,0,1,0,1,4,0,3,0,4,30,0,3,0,40,54,0,1,0,1,4,0,3,0,4,30,0,3,0,0,0,11,5,0,4,0,0,0,0,0,0,11,0,1,0,0,0,0,0,0
33,L5197,Base64,testcode.googlemaps.Base64,L5192,L103,C:\Users\domco\Desktop\DP\repos\find-sec-bugs\plugin\src\test\java\testcode\googlemaps\Base64.java,8,1,79,2,0.0,0,0,0,0.0,0.0,0,0,2,2,2,12,0,2,4,0,2,1.0,0.239437,17,17,3,0,0.239437,17,0,0,0,0,0,54,72,2,0,2,0,2,0,2,0,2,36,0,2,0,54,72,2,0,2,0,2,0,2,0,2,36,0,2,0,0,1,7,1,1,1,0,0,1,0,0,0,6,0,1,0,0,1,0,0,0
34,L5215,GoogleMapsSigUtil,testcode.googlemaps.GoogleMapsSigUtil,L5192,L103,C:\Users\domco\Desktop\DP\repos\find-sec-bugs\plugin\src\test\java\testcode\googlemaps\GoogleMapsSigUtil.java,14,1,95,2,0.793522,2,4,2,0.682927,0.738095,56,31,1,1,1,5,1,0,0,2,5,0.0,0.311475,19,7,0,4,0.311475,19,0,0,0,0,0,42,82,3,0,3,0,3,0,3,0,3,28,0,3,0,42,82,3,0,3,0,3,0,3,0,3,28,0,3,0,0,3,24,4,2,8,19,0,0,0,0,0,5,0,1,0,0,0,0,0,0
35,L5262,UrlSigner,testcode.googlemaps.UrlSigner,L5192,L103,C:\Users\domco\Desktop\DP\repos\find-sec-bugs\plugin\src\test\java\testcode\googlemaps\UrlSigner.java,16,1,97,2,0.793522,2,4,2,0.682927,0.738095,56,31,1,1,1,5,1,0,0,2,5,0.0,0.311475,19,7,0,4,0.311475,19,0,0,0,0,0,42,82,3,0,3,0,3,0,3,0,3,28,0,3,0,42,82,3,0,3,0,3,0,3,0,3,28,0,3,0,0,3,24,4,2,8,19,0,0,0,0,0,5,0,1,0,0,0,0,0,0
36,L5341,JndiLdap,testcode.ldap.JndiLdap,L5337,L103,C:\Users\domco\Desktop\DP\repos\find-sec-bugs\plugin\src\test\java\testcode\ldap\JndiLdap.java,14,1,50,2,0.0,0,0,0,0.0,0.0,0,0,1,1,1,3,0,0,0,0,2,1.0,0.09375,3,3,1,0,0.09375,3,0,0,0,0,0,29,37,0,0,0,0,2,0,0,0,2,21,0,0,0,29,37,0,0,0,0,2,0,0,0,2,21,0,0,0,0,0,6,0,1,0,0,1,0,0,0,0,6,0,0,0,0,0,0,0,0
37,L5374,UnboundIdLdap,testcode.ldap.UnboundIdLdap,L5337,L103,C:\Users\domco\Desktop\DP\repos\find-sec-bugs\plugin\src\test\java\testcode\ldap\UnboundIdLdap.java,12,1,32,2,0.0,0,0,0,0.0,0.0,0,0,1,2,2,4,6,0,0,7,8,1.0,0.15,3,3,1,0,0.15,3,0,0,0,0,0,17,21,0,0,0,0,1,0,0,0,1,11,0,0,0,17,21,0,0,0,0,1,0,0,0,1,11,0,0,0,0,0,4,0,3,0,0,3,0,0,0,0,4,0,0,0,0,0,0,0,0
38,L5396,SensitiveLogging,testcode.logging.SensitiveLogging,L5393,L103,C:\Users\domco\Desktop\DP\repos\find-sec-bugs\plugin\src\test\java\testcode\logging\SensitiveLogging.java,3,1,24,2,0.0,0,0,0,0.0,0.0,0,0,5,0,0,5,0,0,0,0,5,0.0,0.0,0,0,0,6,0.0,0,0,0,0,0,0,12,22,0,0,0,0,5,0,5,0,5,0,0,5,0,12,22,0,0,0,0,5,0,5,0,5,0,0,5,0,0,0,14,0,5,0,0,0,1,0,0,0,13,5,0,0,0,0,0,0,0
39,L5406,Index,testcode.pages.Index,L5403,L103,C:\Users\domco\Desktop\DP\repos\find-sec-bugs\plugin\src\test\java\testcode\pages\Index.java,6,1,8,2,0.0,0,0,0,0.0,0.0,0,0,0,0,0,0,0,0,0,0,0,1.0,0.5,3,3,1,0,0.5,3,0,0,0,0,0,3,3,1,0,1,0,0,0,0,0,0,0,0,0,0,3,3,1,0,1,0,0,0,0,0,0,0,0,0,0,0,0,0,0,0,0,0,0,0,0,0,0,0,0,0,0,0,0,0,0,0
40,L5433,JdbcDriverConnection,testcode.password.JdbcDriverConnection,L5429,L103,C:\Users\domco\Desktop\DP\repos\find-sec-bugs\plugin\src\test\java\testcode\password\JdbcDriverConnection.java,8,1,25,2,0.0,0,0,0,0.0,0.0,0,0,3,0,0,3,0,0,0,0,3,0.0,0.0,0,0,0,4,0.0,0,0,0,0,0,0,14,18,1,0,1,0,3,0,3,0,3,5,0,3,0,14,18,1,0,1,0,3,0,3,0,3,5,0,3,0,0,3,10,3,0,3,0,0,1,0,0,0,9,0,3,0,0,0,0,0,0
41,L5451,JndiProperties,testcode.password.JndiProperties,L5429,L103,C:\Users\domco\Desktop\DP\repos\find-sec-bugs\plugin\src\test\java\testcode\password\JndiProperties.java,6,1,27,2,0.0,0,0,0,0.0,0.0,0,0,4,0,0,4,0,0,0,0,4,0.0,0.0526316,1,0,0,5,0.0526316,1,0,0,0,0,0,18,22,0,0,0,0,4,0,4,0,4,8,0,4,0,18,22,0,0,0,0,4,0,4,0,4,8,0,4,0,0,0,12,0,0,0,0,0,1,0,0,0,11,0,0,0,0,0,0,0,0
42,L5522,ScriptEngineSample,testcode.script.ScriptEngineSample,L5518,L103,C:\Users\domco\Desktop\DP\repos\find-sec-bugs\plugin\src\test\java\testcode\script\ScriptEngineSample.java,7,1,29,2,0.0,0,0,0,0.0,0.0,0,0,2,0,0,2,0,0,0,0,2,0.333333,0.0714286,1,1,1,2,0.0714286,1,0,0,0,0,0,13,23,0,0,0,0,2,0,2,0,2,7,0,2,0,13,23,0,0,0,0,2,0,2,0,2,7,0,2,0,0,0,8,2,0,2,0,0,1,0,0,0,7,0,0,0,0,0,0,0,0
43,L5533,SpelSample,testcode.script.SpelSample,L5518,L103,C:\Users\domco\Desktop\DP\repos\find-sec-bugs\plugin\src\test\java\testcode\script\SpelSample.java,16,1,84,2,0.840517,1,3,3,0.652174,0.666667,45,30,1,0,0,4,6,0,0,6,10,0.2,0.288462,15,6,1,4,0.25,15,0,0,0,0,0,37,60,1,0,1,0,4,0,4,0,4,26,0,4,0,45,69,3,0,3,0,5,2,5,0,5,28,2,5,0,0,0,41,6,0,6,23,0,0,0,0,0,12,0,0,0,0,0,0,6,0
44,L5570,XssServlet1,testcode.servlet.XssServlet1,L5567,L103,C:\Users\domco\Desktop\DP\repos\find-sec-bugs\plugin\src\test\java\testcode\servlet\XssServlet1.java,13,1,23,2,0.0,0,0,0,0.0,0.0,0,0,1,0,0,1,9,0,0,5,6,0.0,0.0,0,0,0,1,0.0,0,1,1,0,0,1,8,11,0,0,0,0,1,0,0,0,2,4,0,0,0,8,11,0,0,0,0,1,0,0,0,2,4,0,0,0,0,0,5,1,1,0,0,1,0,0,0,0,5,0,1,0,0,0,0,0,0
45,L5611,HibernateSql,testcode.sqli.HibernateSql,L5604,L103,C:\Users\domco\Desktop\DP\repos\find-sec-bugs\plugin\src\test\java\testcode\sqli\HibernateSql.java,10,1,49,2,0.0,0,0,0,0.0,0.0,0,0,1,0,0,1,7,0,0,8,9,0.0,0.181818,4,0,0,2,0.181818,4,0,0,0,0,0,18,40,0,0,0,0,1,0,1,0,1,14,0,1,0,18,40,0,0,0,0,1,0,1,0,1,14,0,1,0,0,0,5,0,0,0,0,0,0,0,0,0,5,0,0,0,0,0,0,0,0
46,L5630,JdoSql,testcode.sqli.JdoSql,L5604,L103,C:\Users\domco\Desktop\DP\repos\find-sec-bugs\plugin\src\test\java\testcode\sqli\JdoSql.java,9,1,53,2,0.0,0,0,0,0.0,0.0,0,0,1,0,0,3,5,0,0,7,10,0.0,0.137931,4,0,0,4,0.137931,4,0,0,0,0,0,25,45,1,1,1,1,3,0,3,0,3,15,0,3,0,25,45,1,1,1,1,3,0,3,0,3,15,0,3,0,0,0,7,0,0,0,0,0,0,0,0,0,7,0,0,0,0,0,0,0,0
47,L5647,JdoSqlFilter,testcode.sqli.JdoSqlFilter,L5604,L103,C:\Users\domco\Desktop\DP\repos\find-sec-bugs\plugin\src\test\java\testcode\sqli\JdoSqlFilter.java,8,1,59,2,0.0,0,0,0,0.0,0.0,0,0,1,0,0,6,5,0,0,6,12,0.714286,0.15,6,6,5,2,0.15,6,0,0,0,0,0,34,52,2,1,2,1,6,0,6,0,6,17,0,6,0,34,52,2,1,2,1,6,0,6,0,6,17,0,6,0,0,0,15,0,1,0,0,1,0,0,0,0,15,0,0,0,0,0,0,0,0
48,L5674,JpaSql,testcode.sqli.JpaSql,L5604,L103,C:\Users\domco\Desktop\DP\repos\find-sec-bugs\plugin\src\test\java\testcode\sqli\JpaSql.java,8,1,63,2,0.0,0,0,0,0.0,0.0,0,0,0,0,0,6,3,0,0,6,12,0.428571,0.0714286,3,3,3,4,0.0714286,3,0,0,0,0,0,39,56,1,6,1,6,6,0,6,0,6,17,0,6,0,39,56,1,6,1,6,6,0,6,0,6,17,0,6,0,0,0,16,2,1,2,0,1,0,0,0,0,15,0,0,0,0,0,0,1,0
49,L5620,UserEntity,testcode.sqli.UserEntity,L5604,L103,C:\Users\domco\Desktop\DP\repos\find-sec-bugs\plugin\src\test\java\testcode\sqli\UserEntity.java,6,1,27,2,0.0,0,0,0,0.0,0.0,0,0,0,0,0,4,1,4,0,0,4,0.0,0.0,0,0,0,5,0.0,0,0,0,0,0,0,18,22,2,2,2,2,4,0,4,2,4,4,0,4,2,18,22,2,2,2,2,4,0,4,2,4,4,0,4,2,0,0,11,0,1,0,0,0,0,0,0,1,11,0,0,0,0,0,0,0,0
50,L5723,FormWithoutValidation1,testcode.struts1.FormWithoutValidation1,L5716,L103,C:\Users\domco\Desktop\DP\repos\find-sec-bugs\plugin\src\test\java\testcode\struts1\FormWithoutValidation1.java,5,1,24,2,0.0,0,0,0,0.0,0.0,0,0,0,0,0,4,1,0,0,0,4,0.0,0.0,0,0,0,5,0.0,0,1,1,0,0,1,16,20,2,2,2,2,4,0,4,2,4,4,0,4,2,16,20,2,2,2,2,4,0,4,2,4,4,0,4,2,0,0,11,0,1,0,0,0,0,0,0,1,11,0,0,0,0,0,0,0,0
51,L5736,FormWithoutValidation2,testcode.struts1.FormWithoutValidation2,L5716,L103,C:\Users\domco\Desktop\DP\repos\find-sec-bugs\plugin\src\test\java\testcode\struts1\FormWithoutValidation2.java,5,1,24,2,0.0,0,0,0,0.0,0.0,0,0,0,0,0,4,1,0,0,0,4,0.0,0.0,0,0,0,5,0.0,0,1,1,0,0,1,16,20,2,2,2,2,4,0,4,2,4,4,0,4,2,16,20,2,2,2,2,4,0,4,2,4,4,0,4,2,0,0,11,0,1,0,0,0,0,0,0,1,11,0,0,0,0,0,0,0,0
52,L5751,FormWithValidation,testcode.struts1.FormWithValidation,L5716,L103,C:\Users\domco\Desktop\DP\repos\find-sec-bugs\plugin\src\test\java\testcode\struts1\FormWithValidation.java,14,1,57,2,0.0,0,0,0,0.0,0.0,0,0,1,1,1,8,9,0,0,4,9,0.166667,0.117647,4,3,1,5,0.117647,4,1,1,0,0,1,30,44,3,2,3,2,5,0,5,2,5,16,0,5,2,30,44,3,2,3,2,5,0,5,2,5,16,0,5,2,0,0,13,0,5,1,0,2,0,0,0,1,13,0,1,0,0,0,0,0,0
53,L5782,StrutsV1Action,testcode.struts1.StrutsV1Action,L5716,L103,C:\Users\domco\Desktop\DP\repos\find-sec-bugs\plugin\src\test\java\testcode\struts1\StrutsV1Action.java,12,1,26,2,0.0,0,0,0,0.0,0.0,0,0,1,0,0,1,7,0,0,2,3,0.0,0.0,0,0,0,2,0.0,0,1,1,0,0,1,10,15,1,0,1,0,1,0,1,0,2,3,0,2,0,10,15,1,0,1,0,1,0,1,0,2,3,0,2,0,0,0,5,0,1,1,0,0,0,0,0,0,5,0,0,0,0,0,0,0,0
54,L5795,TestForm,testcode.struts1.TestForm,L5716,L103,C:\Users\domco\Desktop\DP\repos\find-sec-bugs\plugin\src\test\java\testcode\struts1\TestForm.java,5,1,25,2,0.0,0,0,0,0.0,0.0,0,0,0,0,0,4,1,1,1,0,4,0.0,0.0,0,0,0,5,0.0,0,1,1,0,0,1,16,21,2,2,2,2,4,0,4,2,4,4,0,4,2,16,21,2,2,2,2,4,0,4,2,4,4,0,4,2,0,0,11,0,1,0,0,0,0,0,0,1,11,0,0,0,0,0,0,0,0
55,L5815,StrutsV2Endpoint,testcode.struts2.StrutsV2Endpoint,L5812,L103,C:\Users\domco\Desktop\DP\repos\find-sec-bugs\plugin\src\test\java\testcode\struts2\StrutsV2Endpoint.java,9,1,37,2,0.0,0,0,0,0.0,0.0,0,0,1,0,0,5,0,0,0,0,5,0.166667,0.16,4,4,1,5,0.16,4,0,0,0,0,0,21,29,3,2,3,2,5,0,5,2,5,6,0,5,2,21,29,3,2,3,2,5,0,5,2,5,6,0,5,2,0,0,13,0,1,0,0,0,0,0,0,1,13,0,0,0,0,0,0,0,0
56,L5837,KeyStoresTrustManager,testcode.trustmanager.KeyStoresTrustManager,L5833,L103,C:\Users\domco\Desktop\DP\repos\find-sec-bugs\plugin\src\test\java\testcode\trustmanager\KeyStoresTrustManager.java,15,1,74,2,0.371585,1,6,2,0.433333,0.490566,26,26,1,2,2,12,0,0,0,0,4,0.0,0.0185185,1,0,0,5,0.0185185,1,0,0,0,0,0,53,60,2,1,2,1,4,0,4,0,4,28,0,4,0,53,60,2,1,2,1,4,0,4,0,4,28,0,4,0,0,0,28,3,4,2,17,2,0,0,0,2,11,0,0,0,0,1,0,0,0
57,L5881,WeakTrustManager,testcode.trustmanager.WeakTrustManager,L5833,L103,C:\Users\domco\Desktop\DP\repos\find-sec-bugs\plugin\src\test\java\testcode\trustmanager\WeakTrustManager.java,11,1,69,2,0.0,0,0,0,0.0,0.0,0,0,1,0,0,1,0,0,0,0,1,0.5,0.3,3,3,1,1,0.0697674,3,0,0,0,0,0,7,12,0,0,0,0,1,0,1,0,1,2,0,1,0,40,59,0,3,0,3,11,0,11,0,11,5,0,11,0,0,0,36,1,8,0,0,1,3,0,0,0,33,7,1,0,0,0,0,0,0
58,L5939,HexUtil,testcode.util.HexUtil,L5936,L103,C:\Users\domco\Desktop\DP\repos\find-sec-bugs\plugin\src\test\java\testcode\util\HexUtil.java,3,1,12,2,0.0,0,0,0,0.0,0.0,0,0,1,1,1,2,0,5,7,0,1,0.0,0.0,0,0,0,2,0.0,0,0,0,0,0,0,9,10,0,0,0,0,1,0,1,0,1,4,0,1,0,9,10,0,0,0,0,1,0,1,0,1,4,0,1,0,0,0,5,0,0,0,0,0,0,0,0,0,5,0,0,0,0,0,0,0,0
59,L5981,XmlDecodeUtil,testcode.xmldecoder.XmlDecodeUtil,L5978,L103,C:\Users\domco\Desktop\DP\repos\find-sec-bugs\plugin\src\test\java\testcode\xmldecoder\XmlDecodeUtil.java,6,1,26,2,0.0,0,0,0,0.0,0.0,0,0,1,1,1,2,0,0,0,0,2,0.0,0.0588235,1,0,0,3,0.0588235,1,0,0,0,0,0,16,21,0,0,0,0,2,0,2,0,2,7,0,2,0,16,21,0,0,0,0,2,0,2,0,2,7,0,2,0,0,0,7,0,2,1,0,1,0,0,0,0,7,0,0,0,0,0,0,0,0
60,L6006,XmlUtils,testcode.xpath.XmlUtils,L6001,L103,C:\Users\domco\Desktop\DP\repos\find-sec-bugs\plugin\src\test\java\testcode\xpath\XmlUtils.java,15,1,41,2,0.0,0,0,0,0.0,0.0,0,0,4,1,1,6,1,2,2,0,4,0.0,0.0,0,0,0,5,0.0,0,0,0,0,0,0,22,27,0,0,0,0,4,0,4,0,4,12,0,4,0,22,27,0,0,0,0,4,0,4,0,4,12,0,4,0,0,0,12,3,1,3,0,0,1,0,0,0,11,0,1,0,0,0,0,0,0
61,L6026,XPathApacheXPathApi,testcode.xpath.XPathApacheXPathApi,L6001,L103,C:\Users\domco\Desktop\DP\repos\find-sec-bugs\plugin\src\test\java\testcode\xpath\XPathApacheXPathApi.java,10,1,34,2,0.0,0,0,0,0.0,0.0,0,0,1,0,0,2,2,0,0,7,8,0.0,0.210526,4,0,0,2,0.210526,4,0,0,0,0,0,15,25,0,0,0,0,1,0,1,0,1,11,0,1,0,15,25,0,0,0,0,1,0,1,0,1,11,0,1,0,0,0,5,1,0,0,0,0,0,0,0,1,5,0,0,0,0,0,0,0,0
62,L6012,XPathJavax,testcode.xpath.XPathJavax,L6001,L103,C:\Users\domco\Desktop\DP\repos\find-sec-bugs\plugin\src\test\java\testcode\xpath\XPathJavax.java,8,1,47,2,0.0,0,0,0,0.0,0.0,0,0,1,1,1,3,1,1,0,2,4,0.0,0.0344828,1,0,0,3,0.0344828,1,0,0,0,0,0,28,40,0,0,0,0,2,0,2,0,2,19,0,2,0,28,40,0,0,0,0,2,0,2,0,2,19,0,2,0,0,0,7,5,0,4,0,0,0,0,0,1,7,0,0,0,0,0,0,0,0
63,L6056,ByPassExamplePoc,testcode.xss.ByPassExamplePoc,L6050,L103,C:\Users\domco\Desktop\DP\repos\find-sec-bugs\plugin\src\test\java\testcode\xss\ByPassExamplePoc.java,8,1,42,2,0.0,0,0,0,0.0,0.0,0,0,1,1,1,2,0,0,0,0,1,0.5,0.34375,11,3,1,1,0.34375,11,0,0,0,0,0,21,35,1,0,1,0,1,0,1,0,1,4,0,1,0,21,35,1,0,1,0,1,0,1,0,1,4,0,1,0,0,0,3,1,0,1,0,0,0,0,0,0,3,0,0,0,0,0,0,0,0
64,L6074,FalsePositiveRequestWrapper,testcode.xss.FalsePositiveRequestWrapper,L6050,L103,C:\Users\domco\Desktop\DP\repos\find-sec-bugs\plugin\src\test\java\testcode\xss\FalsePositiveRequestWrapper.java,9,1,29,2,0.0,0,0,0,0.0,0.0,0,0,0,0,0,4,3,0,0,4,8,0.2,0.15,3,3,1,4,0.15,3,3,4,0,0,1,17,21,0,12,0,3,4,0,4,0,15,4,0,15,0,17,21,0,12,0,3,4,0,4,0,15,4,0,15,0,0,0,11,0,3,0,0,0,0,0,0,3,11,0,0,0,0,0,0,0,0
65,L6090,XSSRequestWrapper,testcode.xss.XSSRequestWrapper,L6050,L103,C:\Users\domco\Desktop\DP\repos\find-sec-bugs\plugin\src\test\java\testcode\xss\XSSRequestWrapper.java,12,1,85,2,0.210526,1,3,1,0.216216,0.265306,16,13,1,2,2,9,3,0,0,4,9,0.2,0.257576,17,4,1,4,0.257576,17,3,4,0,0,1,49,74,1,12,1,3,5,0,4,0,16,20,0,15,0,49,74,1,12,1,3,5,0,4,0,16,20,0,15,0,0,0,21,0,1,1,12,0,0,0,0,0,9,0,0,0,0,0,0,0,0
66,L6105,XSSRequestWrapper2,testcode.xss.XSSRequestWrapper2,L6050,L103,C:\Users\domco\Desktop\DP\repos\find-sec-bugs\plugin\src\test\java\testcode\xss\XSSRequestWrapper2.java,12,1,98,2,0.636132,2,5,3,0.471264,0.5,41,27,1,1,1,8,3,0,0,4,9,0.2,0.25,18,5,1,4,0.25,18,3,4,0,0,1,54,87,0,12,0,3,5,0,4,0,16,38,0,15,0,54,87,0,12,0,3,5,0,4,0,16,38,0,15,0,0,0,28,0,1,1,19,0,0,0,0,0,9,0,0,0,0,0,0,0,0
67,L6127,DocumentBuilderSafeProperty,testcode.xxe.DocumentBuilderSafeProperty,L6118,L103,C:\Users\domco\Desktop\DP\repos\find-sec-bugs\plugin\src\test\java\testcode\xxe\DocumentBuilderSafeProperty.java,15,1,136,2,0.475962,2,4,4,0.360656,0.444444,44,36,1,1,1,12,0,0,0,0,11,0.363636,0.19,19,12,4,7,0.19,19,0,0,0,0,0,81,122,0,1,0,1,11,0,10,0,11,58,0,10,0,81,122,0,1,0,1,11,0,10,0,11,58,0,10,0,0,0,38,4,0,1,25,0,0,0,0,1,13,0,2,0,0,0,0,0,0
68,L6157,DocumentBuilderVulnerable,testcode.xxe.DocumentBuilderVulnerable,L6118,L103,C:\Users\domco\Desktop\DP\repos\find-sec-bugs\plugin\src\test\java\testcode\xxe\DocumentBuilderVulnerable.java,13,1,31,2,0.0,0,0,0,0.0,0.0,0,0,1,0,0,2,0,0,0,0,2,0.0,0.0714286,1,0,0,3,0.0714286,1,0,0,0,0,0,13,19,0,0,0,0,2,0,2,0,2,5,0,2,0,13,19,0,0,0,0,2,0,2,0,2,5,0,2,0,0,0,7,1,0,1,0,0,0,0,0,0,7,0,0,0,0,0,0,0,0
69,L6169,SaxParserSafeEntityResolver,testcode.xxe.SaxParserSafeEntityResolver,L6118,L103,C:\Users\domco\Desktop\DP\repos\find-sec-bugs\plugin\src\test\java\testcode\xxe\SaxParserSafeEntityResolver.java,16,1,46,2,0.0,0,0,0,0.0,0.0,0,0,1,0,0,2,1,0,0,0,2,0.0,0.136364,3,0,0,2,0.142857,4,0,0,0,0,0,19,26,0,0,0,0,2,0,1,0,2,9,0,1,0,24,31,0,0,0,0,3,0,2,0,3,10,0,2,0,0,0,10,0,0,0,0,0,0,0,0,0,10,0,0,0,0,0,0,0,0
70,L6193,SaxParserSafePrivilegedExceptionAction,testcode.xxe.SaxParserSafePrivilegedExceptionAction,L6118,L103,C:\Users\domco\Desktop\DP\repos\find-sec-bugs\plugin\src\test\java\testcode\xxe\SaxParserSafePrivilegedExceptionAction.java,14,1,54,2,0.0,0,0,0,0.0,0.0,0,0,1,1,1,3,0,0,0,0,2,0.0,0.0967742,3,0,0,2,0.0857143,3,0,0,0,0,0,28,37,1,0,1,0,2,0,1,0,2,9,0,1,0,32,41,1,0,1,0,3,0,2,0,3,11,0,2,0,0,0,12,2,0,2,0,0,0,0,0,0,12,0,0,0,0,0,0,0,0
71,L6229,SaxParserSafeProperty,testcode.xxe.SaxParserSafeProperty,L6118,L103,C:\Users\domco\Desktop\DP\repos\find-sec-bugs\plugin\src\test\java\testcode\xxe\SaxParserSafeProperty.java,12,1,62,2,0.0,0,0,0,0.0,0.0,0,0,2,0,0,7,1,0,0,0,7,0.0,0.121951,5,0,0,7,0.121951,5,0,0,0,0,0,36,51,0,1,0,1,7,0,6,0,7,20,0,6,0,36,51,0,1,0,1,7,0,6,0,7,20,0,6,0,0,0,14,3,0,2,0,0,1,0,0,1,13,0,0,0,0,0,0,0,0
72,L6253,SaxParserVulnerable,testcode.xxe.SaxParserVulnerable,L6118,L103,C:\Users\domco\Desktop\DP\repos\find-sec-bugs\plugin\src\test\java\testcode\xxe\SaxParserVulnerable.java,14,1,34,2,0.0,0,0,0,0.0,0.0,0,0,1,0,0,2,0,0,0,0,2,0.0,0.111111,2,0,0,2,0.111111,2,0,0,0,0,0,16,21,0,0,0,0,2,0,1,0,2,6,0,1,0,16,21,0,0,0,0,2,0,1,0,2,6,0,1,0,0,0,7,0,0,0,0,0,0,0,0,0,7,0,0,0,0,0,0,0,0
73,L6275,XmlReaderVulnerable,testcode.xxe.XmlReaderVulnerable,L6118,L103,C:\Users\domco\Desktop\DP\repos\find-sec-bugs\plugin\src\test\java\testcode\xxe\XmlReaderVulnerable.java,15,1,35,2,0.0,0,0,0,0.0,0.0,0,0,1,0,0,2,1,0,0,0,2,0.0,0.111111,2,0,0,2,0.111111,2,0,0,0,0,0,16,21,0,0,0,0,2,0,1,0,2,6,0,1,0,16,21,0,0,0,0,2,0,1,0,2,6,0,1,0,0,0,7,0,0,0,0,0,0,0,0,0,7,0,0,0,0,0,0,0,0
74,L429,VerboseTestListener,com.h3xstream.testng.VerboseTestListener,L426,L103,C:\Users\domco\Desktop\DP\repos\find-sec-bugs\findbugs-test-util\src\test\java\com\h3xstream\testng\VerboseTestListener.java,30,1,48,2,0.0,0,0,0,0.0,0.0,0,0,1,0,0,3,0,0,0,0,3,0.25,0.210526,4,4,1,3,0.210526,4,0,0,0,0,0,15,19,1,0,1,0,3,0,3,0,3,3,0,3,0,15,19,1,0,1,0,3,0,3,0,3,3,0,3,0,0,0,9,0,1,1,0,0,0,0,0,0,9,0,0,0,0,0,0,0,0
75,L472,CommandInjectionDetector,com.h3xstream.findsecbugs.CommandInjectionDetector,L442,L103,C:\Users\domco\Desktop\DP\repos\find-sec-bugs\plugin\src\main\java\com\h3xstream\findsecbugs\CommandInjectionDetector.java,33,1,64,2,0.0,0,0,0,0.0,0.0,0,0,1,3,2,10,1,0,0,2,4,0.333333,0.264706,9,6,1,2,0.264706,9,0,0,0,0,0,25,32,2,0,2,0,2,0,2,0,2,7,0,2,0,25,32,2,0,2,0,2,0,2,0,2,7,0,2,0,0,0,5,0,2,0,0,0,0,0,0,2,5,0,0,0,0,0,0,0,0
76,L1029,FileUploadFilenameDetector,com.h3xstream.findsecbugs.FileUploadFilenameDetector,L442,L103,C:\Users\domco\Desktop\DP\repos\find-sec-bugs\plugin\src\main\java\com\h3xstream\findsecbugs\FileUploadFilenameDetector.java,31,1,52,2,0.0,0,0,0,0.0,0.0,0,0,1,1,1,6,0,0,0,0,2,0.333333,0.26087,6,5,1,2,0.26087,6,0,0,0,0,0,17,22,2,0,2,0,2,0,2,0,2,3,0,2,0,17,22,2,0,2,0,2,0,2,0,2,3,0,2,0,0,0,5,0,1,0,0,0,0,0,0,1,5,0,0,0,0,0,0,0,0
77,L1400,PathTraversalDetector,com.h3xstream.findsecbugs.PathTraversalDetector,L442,L103,C:\Users\domco\Desktop\DP\repos\find-sec-bugs\plugin\src\main\java\com\h3xstream\findsecbugs\PathTraversalDetector.java,28,1,128,2,0.0,0,0,0,0.0,0.0,0,0,1,8,4,34,1,0,0,1,3,0.0,0.212121,21,0,0,3,0.212121,21,0,0,0,0,0,78,101,3,0,3,0,2,0,2,0,2,28,0,2,0,78,101,3,0,3,0,2,0,2,0,2,28,0,2,0,0,0,13,2,2,0,0,0,0,5,0,2,7,0,2,0,0,0,0,1,0
78,L1411,PredictableRandomDetector,com.h3xstream.findsecbugs.PredictableRandomDetector,L442,L103,C:\Users\domco\Desktop\DP\repos\find-sec-bugs\plugin\src\main\java\com\h3xstream\findsecbugs\PredictableRandomDetector.java,26,1,58,2,0.0,0,0,0,0.0,0.0,0,0,1,3,1,11,0,0,0,0,2,0.0,0.1875,6,0,0,3,0.1875,6,0,0,0,0,0,26,33,2,0,2,0,2,0,2,0,2,7,0,2,0,26,33,2,0,2,0,2,0,2,0,2,7,0,2,0,0,0,7,0,1,0,0,0,0,0,0,1,7,0,0,0,0,0,0,0,0
79,L1420,ReDosDetector,com.h3xstream.findsecbugs.ReDosDetector,L442,L103,C:\Users\domco\Desktop\DP\repos\find-sec-bugs\plugin\src\main\java\com\h3xstream\findsecbugs\ReDosDetector.java,43,1,177,2,0.0,0,0,0,0.0,0.0,0,0,1,3,3,30,1,1,2,1,6,0.25,0.31405,38,17,1,3,0.31405,38,0,0,0,0,0,83,135,6,0,6,0,5,0,3,0,5,47,0,3,0,83,135,6,0,6,0,5,0,3,0,5,47,0,3,0,0,1,12,2,5,4,0,2,0,2,0,1,9,0,1,0,0,0,0,1,0
80,L1460,StrutsValidatorFormDetector,com.h3xstream.findsecbugs.StrutsValidatorFormDetector,L442,L103,C:\Users\domco\Desktop\DP\repos\find-sec-bugs\plugin\src\main\java\com\h3xstream\findsecbugs\StrutsValidatorFormDetector.java,29,1,76,2,0.0,0,0,0,0.0,0.0,0,0,2,2,2,10,1,0,0,1,4,0.0,0.146341,6,0,0,4,0.146341,6,0,0,0,0,0,35,48,2,0,2,0,3,0,3,0,3,16,0,3,0,35,48,2,0,2,0,3,0,3,0,3,16,0,3,0,0,0,10,0,3,0,0,1,1,0,0,1,9,1,0,0,0,0,0,0,0
81,L1471,WeakFilenameUtilsMethodDetector,com.h3xstream.findsecbugs.WeakFilenameUtilsMethodDetector,L442,L103,C:\Users\domco\Desktop\DP\repos\find-sec-bugs\plugin\src\main\java\com\h3xstream\findsecbugs\WeakFilenameUtilsMethodDetector.java,42,1,68,2,0.0,0,0,0,0.0,0.0,0,0,1,1,1,9,0,0,0,0,2,0.333333,0.447368,17,16,1,2,0.447368,17,0,0,0,0,0,21,27,2,0,2,0,2,0,2,0,2,3,0,2,0,21,27,2,0,2,0,2,0,2,0,2,3,0,2,0,0,0,5,0,1,0,0,0,0,0,0,1,5,0,0,0,0,0,0,0,0
82,L1481,XmlDecoderDetector,com.h3xstream.findsecbugs.XmlDecoderDetector,L442,L103,C:\Users\domco\Desktop\DP\repos\find-sec-bugs\plugin\src\main\java\com\h3xstream\findsecbugs\XmlDecoderDetector.java,26,1,47,2,0.772727,1,2,1,0.454545,0.5625,10,9,1,1,1,5,0,0,0,0,2,0.0,0.0588235,1,0,0,3,0.0588235,1,0,0,0,0,0,16,22,2,0,2,0,2,0,2,0,2,3,0,2,0,16,22,2,0,2,0,2,0,2,0,2,3,0,2,0,0,0,17,0,1,0,10,0,0,0,0,1,7,0,0,0,0,0,0,0,0
83,L1603,CommandInjectionDetectorTest,com.h3xstream.findsecbugs.CommandInjectionDetectorTest,L442,L103,C:\Users\domco\Desktop\DP\repos\find-sec-bugs\plugin\src\test\java\com\h3xstream\findsecbugs\CommandInjectionDetectorTest.java,29,1,52,2,0.0,0,0,0,0.0,0.0,0,0,1,1,1,2,3,0,0,9,10,0.0,0.142857,3,0,0,2,0.142857,3,1,1,0,0,1,18,24,3,2,0,0,1,0,1,0,7,5,0,7,0,18,24,3,2,0,0,1,0,1,0,7,5,0,7,0,0,0,5,1,0,0,0,0,0,0,0,1,5,0,0,0,0,0,0,0,0
84,L1606,FileUploadFilenameDetectorTest,com.h3xstream.findsecbugs.FileUploadFilenameDetectorTest,L442,L103,C:\Users\domco\Desktop\DP\repos\find-sec-bugs\plugin\src\test\java\com\h3xstream\findsecbugs\FileUploadFilenameDetectorTest.java,27,1,55,2,0.788235,2,2,2,0.551724,0.608696,16,14,1,0,0,1,3,0,0,9,10,0.0,0.08,2,0,0,2,0.08,2,1,1,0,0,1,23,29,3,2,0,0,1,0,1,0,7,5,0,7,0,23,29,3,2,0,0,1,0,1,0,7,5,0,7,0,0,0,17,1,0,0,12,0,0,0,0,1,5,0,0,0,0,0,0,0,0
85,L1609,PathTraversalDetectorTest,com.h3xstream.findsecbugs.PathTraversalDetectorTest,L442,L103,C:\Users\domco\Desktop\DP\repos\find-sec-bugs\plugin\src\test\java\com\h3xstream\findsecbugs\PathTraversalDetectorTest.java,29,1,60,2,0.551402,1,2,1,0.5,0.5,16,13,1,1,1,3,3,0,0,9,10,0.0,0.0714286,2,0,0,2,0.0714286,2,1,1,0,0,1,26,32,3,2,0,0,1,0,1,0,7,7,0,7,0,26,32,3,2,0,0,1,0,1,0,7,7,0,7,0,0,0,17,1,0,0,12,0,0,0,0,1,5,0,0,0,0,0,0,0,0
86,L1612,PredictableRandomDetectorTest,com.h3xstream.findsecbugs.PredictableRandomDetectorTest,L442,L103,C:\Users\domco\Desktop\DP\repos\find-sec-bugs\plugin\src\test\java\com\h3xstream\findsecbugs\PredictableRandomDetectorTest.java,28,1,75,2,0.669065,2,2,2,0.5625,0.628571,27,22,1,1,1,2,3,0,0,9,10,0.0,0.166667,7,0,0,2,0.166667,7,1,1,0,0,1,35,48,3,2,0,0,1,0,1,0,7,8,0,7,0,35,48,3,2,0,0,1,0,1,0,7,8,0,7,0,0,0,17,2,0,0,12,0,0,0,0,1,5,0,1,0,0,0,0,0,0
87,L1615,ReDosDetectorTest,com.h3xstream.findsecbugs.ReDosDetectorTest,L442,L103,C:\Users\domco\Desktop\DP\repos\find-sec-bugs\plugin\src\test\java\com\h3xstream\findsecbugs\ReDosDetectorTest.java,34,1,101,2,0.205882,1,1,1,0.235294,0.255814,16,11,1,1,1,4,4,0,0,11,14,0.5,0.188679,10,6,2,2,0.188679,10,1,1,0,0,1,43,68,3,2,0,0,3,0,3,0,9,19,0,9,0,43,68,3,2,0,0,3,0,3,0,9,19,0,9,0,0,0,19,2,0,0,12,0,0,0,0,1,7,0,1,0,0,0,0,0,0
88,L1625,StrutsValidatorFormDetectorTest,com.h3xstream.findsecbugs.StrutsValidatorFormDetectorTest,L442,L103,C:\Users\domco\Desktop\DP\repos\find-sec-bugs\plugin\src\test\java\com\h3xstream\findsecbugs\StrutsValidatorFormDetectorTest.java,28,1,88,2,0.984848,2,3,3,0.918033,0.953488,56,41,1,0,0,3,3,0,0,7,10,0.0,0.122449,6,0,0,4,0.122449,6,1,1,0,0,1,43,61,3,2,0,0,3,0,3,0,9,12,0,9,0,43,61,3,2,0,0,3,0,3,0,9,12,0,9,0,0,0,35,3,0,0,26,0,0,0,0,3,9,0,0,0,0,0,0,0,0
89,L1630,UnvalidatedRedirectDetectorTest,com.h3xstream.findsecbugs.UnvalidatedRedirectDetectorTest,L442,L103,C:\Users\domco\Desktop\DP\repos\find-sec-bugs\plugin\src\test\java\com\h3xstream\findsecbugs\UnvalidatedRedirectDetectorTest.java,28,1,62,2,0.709677,3,3,3,0.685714,0.703704,24,19,1,0,0,1,3,0,0,8,9,0.0,0.0689655,2,0,0,2,0.0689655,2,1,1,0,0,1,27,35,3,2,0,0,1,0,1,0,7,6,0,7,0,27,35,3,2,0,0,1,0,1,0,7,6,0,7,0,0,0,17,1,0,0,12,0,0,0,0,1,5,0,0,0,0,0,0,0,0
90,L1633,WeakFilenameUtilsMethodDetectorTest,com.h3xstream.findsecbugs.WeakFilenameUtilsMethodDetectorTest,L442,L103,C:\Users\domco\Desktop\DP\repos\find-sec-bugs\plugin\src\test\java\com\h3xstream\findsecbugs\WeakFilenameUtilsMethodDetectorTest.java,29,1,51,2,0.880597,1,2,1,0.695652,0.722222,16,13,1,1,1,2,3,0,0,9,10,0.0,0.1,2,0,0,2,0.1,2,1,1,0,0,1,18,23,3,2,0,0,1,0,1,0,7,5,0,7,0,18,23,3,2,0,0,1,0,1,0,7,5,0,7,0,0,0,17,1,0,0,12,0,0,0,0,1,5,0,0,0,0,0,0,0,0
91,L1636,XmlDecoderDetectorTest,com.h3xstream.findsecbugs.XmlDecoderDetectorTest,L442,L103,C:\Users\domco\Desktop\DP\repos\find-sec-bugs\plugin\src\test\java\com\h3xstream\findsecbugs\XmlDecoderDetectorTest.java,29,1,50,2,0.962963,2,2,2,0.818182,0.875,18,14,1,0,0,1,3,0,0,9,10,0.0,0.111111,2,0,0,2,0.111111,2,1,1,0,0,1,16,22,3,2,0,0,1,0,1,0,7,4,0,7,0,16,22,3,2,0,0,1,0,1,0,7,4,0,7,0,0,0,17,1,0,0,12,0,0,0,0,1,5,0,0,0,0,0,0,0,0
92,L1652,Config,com.hazelcast.config.Config,L1640,L103,C:\Users\domco\Desktop\DP\repos\find-sec-bugs\plugin-deps\src\main\java\com\hazelcast\config\Config.java,3,1,11,2,0.0,0,0,0,0.0,0.0,0,0,1,0,0,2,2,2,1,0,2,0.0,0.0,0,0,0,3,0.0,0,0,0,0,0,0,6,9,0,0,0,0,2,0,2,1,2,0,0,2,1,6,9,0,0,0,0,2,0,2,1,2,0,0,2,1,0,0,7,0,2,0,0,0,0,0,0,0,7,2,0,0,0,0,0,0,0
93,L1656,MapConfig,com.hazelcast.config.MapConfig,L1640,L103,C:\Users\domco\Desktop\DP\repos\find-sec-bugs\plugin-deps\src\main\java\com\hazelcast\config\MapConfig.java,3,1,9,2,0.0,0,0,0,0.0,0.0,0,0,0,0,0,2,0,2,1,0,2,0.0,0.0,0,0,0,3,0.0,0,0,0,0,0,0,6,7,0,0,0,0,2,0,2,2,2,0,0,2,2,6,7,0,0,0,0,2,0,2,2,2,0,0,2,2,0,0,7,0,2,0,0,0,0,0,0,0,7,2,0,0,0,0,0,0,0
94,L1661,NetworkConfig,com.hazelcast.config.NetworkConfig,L1640,L103,C:\Users\domco\Desktop\DP\repos\find-sec-bugs\plugin-deps\src\main\java\com\hazelcast\config\NetworkConfig.java,3,1,7,2,0.0,0,0,0,0.0,0.0,0,0,0,0,0,1,1,2,1,0,1,0.0,0.0,0,0,0,2,0.0,0,0,0,0,0,0,4,5,0,0,0,0,1,0,1,1,1,0,0,1,1,4,5,0,0,0,0,1,0,1,1,1,0,0,1,1,0,0,5,0,1,0,0,0,0,0,0,0,5,1,0,0,0,0,0,0,0
95,L1672,SymmetricEncryptionConfig,com.hazelcast.config.SymmetricEncryptionConfig,L1640,L103,C:\Users\domco\Desktop\DP\repos\find-sec-bugs\plugin-deps\src\main\java\com\hazelcast\config\SymmetricEncryptionConfig.java,3,1,15,2,0.0,0,0,0,0.0,0.0,0,0,0,0,0,4,0,2,1,0,4,0.0,0.0,0,0,0,5,0.0,0,0,0,0,0,0,10,13,0,0,0,0,4,0,4,4,4,0,0,4,4,10,13,0,0,0,0,4,0,4,4,4,0,0,4,4,0,0,11,0,4,0,0,0,0,0,0,0,11,4,0,0,0,0,0,0,0
96,L1688,Hazelcast,com.hazelcast.core.Hazelcast,L1684,L103,C:\Users\domco\Desktop\DP\repos\find-sec-bugs\plugin-deps\src\main\java\com\hazelcast\core\Hazelcast.java,5,1,14,2,0.0,0,0,0,0.0,0.0,0,0,1,0,0,2,2,1,1,0,2,0.0,0.0,0,0,0,3,0.0,0,0,0,0,0,0,7,10,0,1,0,1,2,0,2,0,2,1,0,2,0,7,10,0,1,0,1,2,0,2,0,2,1,0,2,0,0,0,7,0,1,0,0,0,0,0,0,0,7,1,0,0,0,0,0,0,0
97,L1992,Cookie,javax.servlet.http.Cookie,L1984,L103,C:\Users\domco\Desktop\DP\repos\find-sec-bugs\plugin-deps\src\main\java\javax\servlet\http\Cookie.java,3,1,23,2,0.0,0,0,0,0.0,0.0,0,0,0,0,0,5,0,5,4,0,5,0.0,0.0,0,0,0,6,0.0,0,0,0,0,0,0,15,21,0,3,0,3,5,0,5,1,5,3,0,5,1,15,21,0,3,0,3,5,0,5,1,5,3,0,5,1,0,0,13,0,2,0,0,0,0,0,0,0,13,2,0,0,0,0,0,0,0
98,L2001,HttpServlet,javax.servlet.http.HttpServlet,L1984,L103,C:\Users\domco\Desktop\DP\repos\find-sec-bugs\plugin-deps\src\main\java\javax\servlet\http\HttpServlet.java,6,1,11,2,0.0,0,0,0,0.0,0.0,0,0,1,0,0,1,3,6,0,0,1,0.0,0.0,0,0,0,1,0.0,0,0,0,6,6,0,4,6,0,0,0,0,1,0,0,0,1,0,0,0,0,4,6,0,0,0,0,1,0,0,0,1,0,0,0,0,0,0,5,0,1,0,0,0,0,0,0,0,5,1,0,0,0,0,0,0,0
99,L2030,HttpServletRequestWrapper,javax.servlet.http.HttpServletRequestWrapper,L1984,L103,C:\Users\domco\Desktop\DP\repos\find-sec-bugs\plugin-deps\src\main\java\javax\servlet\http\HttpServletRequestWrapper.java,8,1,38,2,0.0,0,0,0,0.0,0.0,0,0,0,0,0,6,4,3,6,1,7,0.0,0.0,0,0,0,7,0.0,0,2,3,3,3,2,25,31,0,11,0,5,6,0,6,0,13,6,0,13,0,25,31,0,11,0,5,6,0,6,0,13,6,0,13,0,0,0,16,0,0,0,0,0,0,0,0,0,15,0,0,1,0,0,0,0,0
100,L4031,XPath,org.apache.xpath.XPath,L4027,L103,C:\Users\domco\Desktop\DP\repos\find-sec-bugs\plugin-deps\src\main\java\org\apache\xpath\XPath.java,3,1,5,2,0.0,0,0,0,0.0,0.0,0,0,0,0,0,0,0,0,0,0,0,0.0,0.0,0,0,0,1,0.0,0,0,0,0,0,0,2,3,0,0,0,0,0,0,0,0,0,0,0,0,0,2,3,0,0,0,0,0,0,0,0,0,0,0,0,0,0,0,3,0,0,0,0,0,0,0,0,0,3,0,0,0,0,0,0,0,0
101,L4033,XPathAPI,org.apache.xpath.XPathAPI,L4027,L103,C:\Users\domco\Desktop\DP\repos\find-sec-bugs\plugin-deps\src\main\java\org\apache\xpath\XPathAPI.java,8,1,21,2,0.0,0,0,0,0.0,0.0,0,0,3,0,0,3,0,1,1,0,3,0.0,0.0,0,0,0,4,0.0,0,0,0,0,0,0,11,14,0,0,0,0,3,0,3,0,3,3,0,3,0,11,14,0,0,0,0,3,0,3,0,3,3,0,3,0,0,0,10,0,0,0,0,0,1,0,0,0,9,0,0,0,0,0,0,0,0
102,L4083,Restrictions,org.hibernate.criterion.Restrictions,L4079,L103,C:\Users\domco\Desktop\DP\repos\find-sec-bugs\plugin-deps\src\main\java\org\hibernate\criterion\Restrictions.java,5,1,17,2,0.0,0,0,0,0.0,0.0,0,0,3,0,0,3,2,1,1,0,3,0.0,0.0,0,0,0,4,0.0,0,0,0,0,0,0,11,13,0,0,0,0,3,0,3,0,3,3,0,3,0,11,13,0,0,0,0,3,0,3,0,3,3,0,3,0,0,0,10,0,1,1,0,0,1,0,0,0,9,0,0,0,0,0,0,0,0
103,L4121,StandardBasicTypes,org.hibernate.type.StandardBasicTypes,L4116,L103,C:\Users\domco\Desktop\DP\repos\find-sec-bugs\plugin-deps\src\main\java\org\hibernate\type\StandardBasicTypes.java,3,1,5,2,0.0,0,0,0,0.0,0.0,0,0,0,0,0,0,1,1,0,0,0,0.0,0.0,0,0,0,1,0.0,0,0,0,0,0,0,3,3,1,0,1,0,0,1,0,0,0,0,1,0,0,3,3,1,0,1,0,0,1,0,0,0,0,1,0,0,0,0,7,0,0,0,0,0,0,0,0,0,3,0,0,0,0,0,0,4,0
104,L4124,StringType,org.hibernate.type.StringType,L4116,L103,C:\Users\domco\Desktop\DP\repos\find-sec-bugs\plugin-deps\src\main\java\org\hibernate\type\StringType.java,3,1,4,2,0.0,0,0,0,0.0,0.0,0,0,0,0,0,0,1,1,0,0,0,0.0,0.0,0,0,0,1,0.0,0,1,1,0,0,1,2,2,0,0,0,0,0,0,0,0,0,0,0,0,0,2,2,0,0,0,0,0,0,0,0,0,0,0,0,0,0,0,3,0,0,0,0,0,0,0,0,0,3,0,0,0,0,0,0,0,0
105,L4182,ESAPI,org.owasp.esapi.ESAPI,L4129,L103,C:\Users\domco\Desktop\DP\repos\find-sec-bugs\plugin-deps\src\main\java\org\owasp\esapi\ESAPI.java,3,1,16,2,0.0,0,0,0,0.0,0.0,0,0,3,0,0,3,3,3,4,0,3,0.0,0.0,0,0,0,4,0.0,0,0,0,0,0,0,11,14,0,0,0,0,3,0,3,0,3,3,0,3,0,11,14,0,0,0,0,3,0,3,0,3,3,0,3,0,0,0,10,0,0,0,0,0,1,0,0,0,9,0,0,0,0,0,0,0,0
106,L4185,Validator,org.owasp.esapi.Validator,L4129,L103,C:\Users\domco\Desktop\DP\repos\find-sec-bugs\plugin-deps\src\main\java\org\owasp\esapi\Validator.java,5,1,9,2,0.0,0,0,0,0.0,0.0,0,0,1,0,0,1,1,2,1,0,1,0.0,0.0,0,0,0,2,0.0,0,0,0,0,0,0,5,5,0,0,0,0,1,0,1,0,1,1,0,1,0,5,5,0,0,0,0,1,0,1,0,1,1,0,1,0,0,0,5,0,0,0,0,0,0,0,0,0,5,0,0,0,0,0,0,0,0
107,L4250,ExpressionException,org.springframework.expression.ExpressionException,L4204,L103,C:\Users\domco\Desktop\DP\repos\find-sec-bugs\plugin-deps\src\main\java\org\springframework\expression\ExpressionException.java,3,1,4,2,0.0,0,0,0,0.0,0.0,0,0,0,0,0,0,0,1,0,0,0,0.0,0.0,0,0,0,1,0.0,0,0,0,1,1,0,2,2,0,0,0,0,0,0,0,0,0,0,0,0,0,2,2,0,0,0,0,0,0,0,0,0,0,0,0,0,0,0,3,1,0,0,0,0,0,0,0,0,3,0,1,0,0,0,0,0,0
108,L4225,ParseException,org.springframework.expression.ParseException,L4204,L103,C:\Users\domco\Desktop\DP\repos\find-sec-bugs\plugin-deps\src\main\java\org\springframework\expression\ParseException.java,3,1,4,2,0.0,0,0,0,0.0,0.0,0,0,0,0,0,0,1,2,0,0,0,0.0,0.0,0,0,0,1,0.0,0,1,1,0,0,1,2,2,0,0,0,0,0,0,0,0,0,0,0,0,0,2,2,0,0,0,0,0,0,0,0,0,0,0,0,0,0,0,3,0,0,0,0,0,0,0,0,0,3,0,0,0,0,0,0,0,0
109,L4893,BlockCipherList$DummyProvider,testcode.crypto.BlockCipherList$DummyProvider,L4885,L103,C:\Users\domco\Desktop\DP\repos\find-sec-bugs\plugin\src\test\java\testcode\crypto\BlockCipherList.java,40,5,45,6,0.0,0,0,0,0.0,0.0,0,0,0,0,0,1,0,1,1,0,1,1.0,0.444444,4,4,1,0,0.444444,4,0,0,0,0,0,5,6,0,0,0,0,1,0,0,0,1,1,0,0,0,5,6,0,0,0,0,1,0,0,0,1,1,0,0,0,0,0,2,1,0,0,0,0,0,0,0,0,2,0,1,0,0,0,0,0,0
110,L5038,ConstantIv,testcode.crypto.iv.ConstantIv,L5033,L103,C:\Users\domco\Desktop\DP\repos\find-sec-bugs\plugin\src\test\java\testcode\crypto\iv\ConstantIv.java,10,1,70,2,0.760456,2,4,4,0.590164,0.694444,36,25,3,0,0,3,1,0,0,1,4,0.0,0.25,12,0,0,4,0.25,12,0,0,0,0,0,36,61,0,0,0,0,3,0,3,0,3,28,0,3,0,36,61,0,0,0,0,3,0,3,0,3,28,0,3,0,0,2,22,6,0,3,20,0,1,0,0,3,1,0,0,0,0,0,2,0,0
111,L5053,SafeIvGeneration,testcode.crypto.iv.SafeIvGeneration,L5033,L103,C:\Users\domco\Desktop\DP\repos\find-sec-bugs\plugin\src\test\java\testcode\crypto\iv\SafeIvGeneration.java,11,1,34,2,0.795455,2,2,2,0.583333,0.6,14,9,1,0,0,1,1,0,0,1,2,0.0,0.166667,3,0,0,2,0.166667,3,0,0,0,0,0,15,24,0,0,0,0,1,0,1,0,1,11,0,1,0,15,24,0,0,0,0,1,0,1,0,1,11,0,1,0,0,0,15,2,0,1,10,0,0,0,0,1,5,0,0,0,0,0,0,0,0
112,L5059,StaticVariableIv,testcode.crypto.iv.StaticVariableIv,L5033,L103,C:\Users\domco\Desktop\DP\repos\find-sec-bugs\plugin\src\test\java\testcode\crypto\iv\StaticVariableIv.java,11,1,41,2,0.693069,2,2,2,0.451613,0.473684,14,9,1,0,0,2,2,0,0,2,4,0.0,0.173913,4,1,0,3,0.173913,4,0,0,0,0,0,19,31,2,0,2,0,2,0,2,0,2,11,0,2,0,19,31,2,0,2,0,2,0,2,0,2,11,0,2,0,0,0,17,2,2,1,10,2,0,0,0,1,7,0,0,0,0,0,0,0,0
113,L5413,TapestryPage,testcode.pages.sub.TapestryPage,L5410,L103,C:\Users\domco\Desktop\DP\repos\find-sec-bugs\plugin\src\test\java\testcode\pages\sub\TapestryPage.java,7,1,21,2,0.0,0,0,0,0.0,0.0,0,0,1,1,1,3,2,0,0,1,2,0.0,0.0,0,0,0,1,0.0,0,0,0,0,0,0,12,15,3,0,3,0,1,0,0,0,1,2,0,0,0,12,15,3,0,3,0,1,0,0,0,1,2,0,0,0,0,0,5,0,1,0,0,1,0,0,0,0,5,0,0,0,0,0,0,0,0
114,L5537,SpelSample$PersonDTO,testcode.script.SpelSample$PersonDTO,L5533,L103,C:\Users\domco\Desktop\DP\repos\find-sec-bugs\plugin\src\test\java\testcode\script\SpelSample.java,75,5,83,6,0.0,0,0,0,0.0,0.0,0,0,0,0,0,1,0,1,0,0,1,0.0,0.0,0,0,0,2,0.0,0,0,0,0,0,0,8,9,2,0,2,0,1,2,1,0,1,2,2,1,0,8,9,2,0,2,0,1,2,1,0,1,2,2,1,0,0,0,9,0,0,0,0,0,0,0,0,0,5,0,0,0,0,0,0,4,0
115,L5896,WeakTrustManager$TrustManagerInnerClass,testcode.trustmanager.WeakTrustManager$TrustManagerInnerClass,L5881,L103,C:\Users\domco\Desktop\DP\repos\find-sec-bugs\plugin\src\test\java\testcode\trustmanager\WeakTrustManager.java,32,5,48,6,0.0,0,0,0,0.0,0.0,0,0,2,0,0,3,0,0,0,0,3,0.0,0.0,0,0,0,4,0.0,0,0,0,0,0,0,12,17,0,1,0,1,3,0,3,0,3,1,0,3,0,12,17,0,1,0,1,3,0,3,0,3,1,0,3,0,0,0,10,1,2,0,0,0,1,0,0,0,9,2,1,0,0,0,0,0,0
116,L5905,WeakTrustManager$FakeImpl,testcode.trustmanager.WeakTrustManager$FakeImpl,L5881,L103,C:\Users\domco\Desktop\DP\repos\find-sec-bugs\plugin\src\test\java\testcode\trustmanager\WeakTrustManager.java,50,5,68,6,0.0,0,0,0,0.0,0.0,0,0,3,0,0,4,0,0,0,0,4,0.0,0.0,0,0,0,5,0.0,0,0,0,0,0,0,12,19,0,1,0,1,4,0,4,0,4,1,0,4,0,12,19,0,1,0,1,4,0,4,0,4,1,0,4,0,0,0,12,0,3,0,0,0,1,0,0,0,11,3,0,0,0,0,0,0,0
117,L6171,SaxParserSafeEntityResolver$CustomResolver,testcode.xxe.SaxParserSafeEntityResolver$CustomResolver,L6169,L103,C:\Users\domco\Desktop\DP\repos\find-sec-bugs\plugin\src\test\java\testcode\xxe\SaxParserSafeEntityResolver.java,18,5,22,6,0.0,0,0,0,0.0,0.0,0,0,1,0,0,1,0,1,0,0,1,0.0,0.166667,1,0,0,2,0.166667,1,0,0,0,0,0,5,5,0,0,0,0,1,0,1,0,1,1,0,1,0,5,5,0,0,0,0,1,0,1,0,1,1,0,1,0,0,0,3,0,0,0,0,0,0,0,0,0,3,0,0,0,0,0,0,0,0
118,L6240,PrintHandler,testcode.xxe.util.PrintHandler,L6261,L103,C:\Users\domco\Desktop\DP\repos\find-sec-bugs\plugin\src\test\java\testcode\xxe\util\PrintHandler.java,7,1,19,2,0.0,0,0,0,0.0,0.0,0,0,2,0,0,2,0,2,0,0,2,0.0,0.0,0,0,0,3,0.0,0,0,0,0,0,0,11,13,0,0,0,0,2,0,2,0,2,3,0,2,0,11,13,0,0,0,0,2,0,2,0,2,3,0,2,0,0,0,8,3,0,3,0,0,1,0,0,0,7,0,0,0,0,0,0,0,0
119,L127,BaseDetectorTest,com.h3xstream.findbugs.test.BaseDetectorTest,L107,L103,C:\Users\domco\Desktop\DP\repos\find-sec-bugs\findbugs-test-util\src\test\java\com\h3xstream\findbugs\test\BaseDetectorTest.java,30,1,61,2,0.0,0,0,0,0.0,0.0,0,0,3,0,0,6,3,50,74,3,9,0.142857,0.111111,3,3,1,6,0.111111,3,0,0,50,50,0,24,32,3,2,3,2,6,0,6,0,6,7,0,6,0,24,32,3,2,3,2,6,0,6,0,6,7,0,6,0,0,0,17,2,2,1,0,0,1,0,0,3,15,0,0,1,0,0,0,0,0
120,L187,DummyProgress,com.h3xstream.findbugs.test.DummyProgress,L107,L103,C:\Users\domco\Desktop\DP\repos\find-sec-bugs\findbugs-test-util\src\test\java\com\h3xstream\findbugs\test\DummyProgress.java,22,1,59,2,0.0,0,0,0,0.0,0.0,0,0,7,0,0,7,0,0,0,0,7,0.0,0.0,0,0,0,8,0.0,0,0,0,0,0,0,23,38,0,0,0,0,7,0,7,0,7,0,0,7,0,23,38,0,0,0,0,7,0,7,0,7,0,0,7,0,0,0,18,0,7,0,0,0,1,0,0,0,17,7,0,0,0,0,0,0,0
121,L207,EasyBugReporter,com.h3xstream.findbugs.test.EasyBugReporter,L107,L103,C:\Users\domco\Desktop\DP\repos\find-sec-bugs\findbugs-test-util\src\test\java\com\h3xstream\findbugs\test\EasyBugReporter.java,29,1,98,2,0.0,0,0,0,0.0,0.0,0,0,3,1,1,12,0,50,72,0,7,0.0,0.0,0,0,0,8,0.0,0,0,0,0,0,0,56,70,3,1,3,1,7,0,7,0,7,19,0,7,0,56,70,3,1,3,1,7,0,7,0,7,19,0,7,0,0,0,18,0,13,1,0,0,1,0,0,1,17,2,0,0,0,9,0,0,0
122,L493,ByteCode,com.h3xstream.findsecbugs.common.ByteCode,L486,L103,C:\Users\domco\Desktop\DP\repos\find-sec-bugs\plugin\src\main\java\com\h3xstream\findsecbugs\common\ByteCode.java,22,1,99,2,0.0,0,0,0,0.0,0.0,0,0,1,2,2,12,0,8,8,0,4,0.8,0.416667,30,30,4,1,0.416667,30,0,0,0,0,0,42,78,0,3,0,3,4,0,4,0,4,25,0,4,0,42,78,0,3,0,3,4,0,4,0,4,25,0,4,0,0,0,1,2,0,2,0,0,0,0,0,0,1,0,0,0,0,0,0,0,0
123,L530,InterfaceUtils,com.h3xstream.findsecbugs.common.InterfaceUtils,L486,L103,C:\Users\domco\Desktop\DP\repos\find-sec-bugs\plugin\src\main\java\com\h3xstream\findsecbugs\common\InterfaceUtils.java,22,1,38,2,0.0,0,0,0,0.0,0.0,0,0,2,2,2,4,0,4,4,0,2,0.0,0.0,0,0,0,3,0.0,0,0,0,0,0,0,14,17,0,0,0,0,2,0,2,0,2,6,0,2,0,14,17,0,0,0,0,2,0,2,0,2,6,0,2,0,0,0,8,0,0,0,0,0,1,0,0,0,7,0,0,0,0,0,0,0,0
124,L538,StringTracer,com.h3xstream.findsecbugs.common.StringTracer,L486,L103,C:\Users\domco\Desktop\DP\repos\find-sec-bugs\plugin\src\main\java\com\h3xstream\findsecbugs\common\StringTracer.java,22,1,55,2,0.0,0,0,0,0.0,0.0,0,0,1,3,3,6,0,9,9,0,3,0.5,0.266667,8,8,2,2,0.266667,8,0,0,0,0,0,22,34,0,0,0,0,3,0,3,0,3,13,0,3,0,22,34,0,0,0,0,3,0,3,0,3,13,0,3,0,0,0,5,0,0,0,0,0,0,0,0,0,5,0,0,0,0,0,0,0,0
125,L546,ByteCodeTest,com.h3xstream.findsecbugs.common.ByteCodeTest,L486,L103,C:\Users\domco\Desktop\DP\repos\find-sec-bugs\plugin\src\test\java\com\h3xstream\findsecbugs\common\ByteCodeTest.java,29,1,57,2,0.0,0,0,0,0.0,0.0,0,0,1,1,1,1,1,0,0,1,2,0.0,0.0454545,1,0,0,2,0.0454545,1,0,0,0,0,0,21,29,0,0,0,0,1,0,1,0,1,14,0,1,0,21,29,0,0,0,0,1,0,1,0,1,14,0,1,0,0,0,5,2,0,2,0,0,0,0,0,0,5,0,0,0,0,0,0,0,0
126,L588,BadHexadecimalConversionDetector,com.h3xstream.findsecbugs.crypto.BadHexadecimalConversionDetector,L557,L103,C:\Users\domco\Desktop\DP\repos\find-sec-bugs\plugin\src\main\java\com\h3xstream\findsecbugs\crypto\BadHexadecimalConversionDetector.java,33,1,96,2,0.0,0,0,0,0.0,0.0,0,0,2,5,4,18,1,0,0,1,4,0.0,0.125,7,0,0,4,0.125,7,0,0,0,0,0,49,64,3,0,3,0,3,0,3,0,3,27,0,3,0,49,64,3,0,3,0,3,0,3,0,3,27,0,3,0,0,0,13,1,3,2,0,0,1,3,0,1,9,1,0,0,0,0,0,0,0
127,L608,CipherWithNoIntegrityDetector,com.h3xstream.findsecbugs.crypto.CipherWithNoIntegrityDetector,L557,L103,C:\Users\domco\Desktop\DP\repos\find-sec-bugs\plugin\src\main\java\com\h3xstream\findsecbugs\crypto\CipherWithNoIntegrityDetector.java,57,1,105,2,0.0,0,0,0,0.0,0.0,0,0,1,4,4,13,1,0,0,1,3,0.333333,0.472222,34,26,1,2,0.472222,34,0,0,0,0,0,38,49,6,0,6,0,2,0,2,0,2,16,0,2,0,38,49,6,0,6,0,2,0,2,0,2,16,0,2,0,0,0,9,1,2,1,0,1,0,3,0,1,5,0,0,0,0,0,0,1,1.0
128,L639,CustomMessageDigestDetector,com.h3xstream.findsecbugs.crypto.CustomMessageDigestDetector,L557,L103,C:\Users\domco\Desktop\DP\repos\find-sec-bugs\plugin\src\main\java\com\h3xstream\findsecbugs\crypto\CustomMessageDigestDetector.java,32,1,56,2,0.0,0,0,0,0.0,0.0,0,0,2,1,1,4,0,0,0,0,3,0.25,0.217391,5,4,1,3,0.217391,5,0,0,0,0,0,18,25,2,0,2,0,3,0,3,0,3,4,0,3,0,18,25,2,0,2,0,3,0,3,0,3,4,0,3,0,0,0,10,0,2,0,0,0,1,0,0,1,9,1,0,0,0,0,0,0,0
129,L650,DesUsageDetector,com.h3xstream.findsecbugs.crypto.DesUsageDetector,L557,L103,C:\Users\domco\Desktop\DP\repos\find-sec-bugs\plugin\src\main\java\com\h3xstream\findsecbugs\crypto\DesUsageDetector.java,44,1,71,2,0.854839,1,5,1,0.571429,0.652174,16,15,1,3,3,9,1,0,0,1,3,0.333333,0.439024,18,16,1,2,0.439024,18,0,0,0,0,0,23,28,3,0,3,0,2,0,2,0,2,9,0,2,0,23,28,3,0,3,0,2,0,2,0,2,9,0,2,0,0,0,17,1,2,1,12,1,0,0,0,1,5,0,0,0,0,0,0,0,0
130,L662,EsapiEncryptorDetector,com.h3xstream.findsecbugs.crypto.EsapiEncryptorDetector,L557,L103,C:\Users\domco\Desktop\DP\repos\find-sec-bugs\plugin\src\main\java\com\h3xstream\findsecbugs\crypto\EsapiEncryptorDetector.java,30,1,51,2,0.0,0,0,0,0.0,0.0,0,0,1,1,1,6,0,0,0,0,2,0.333333,0.272727,6,4,1,2,0.272727,6,0,0,0,0,0,16,22,3,0,3,0,2,0,2,0,2,3,0,2,0,16,22,3,0,3,0,2,0,2,0,2,3,0,2,0,0,0,5,1,1,1,0,0,0,0,0,1,5,0,0,0,0,0,0,0,0
131,L673,HazelcastSymmetricEncryptionDetector,com.h3xstream.findsecbugs.crypto.HazelcastSymmetricEncryptionDetector,L557,L103,C:\Users\domco\Desktop\DP\repos\find-sec-bugs\plugin\src\main\java\com\h3xstream\findsecbugs\crypto\HazelcastSymmetricEncryptionDetector.java,29,1,48,2,0.772727,1,2,1,0.5,0.533333,10,8,1,1,1,5,0,0,0,0,2,0.333333,0.25,5,3,1,2,0.25,5,0,0,0,0,0,15,20,2,0,2,0,2,0,2,0,2,3,0,2,0,15,20,2,0,2,0,2,0,2,0,2,3,0,2,0,0,0,15,0,1,0,10,0,0,0,0,1,5,0,0,0,0,0,0,0,0
132,L683,InsufficientKeySizeBlowfishDetector,com.h3xstream.findsecbugs.crypto.InsufficientKeySizeBlowfishDetector,L557,L103,C:\Users\domco\Desktop\DP\repos\find-sec-bugs\plugin\src\main\java\com\h3xstream\findsecbugs\crypto\InsufficientKeySizeBlowfishDetector.java,32,1,119,2,0.47006,2,10,2,0.431818,0.462687,38,31,2,7,5,22,1,0,0,3,7,0.0,0.0945946,7,0,0,4,0.0945946,7,0,0,0,0,0,67,88,2,0,2,0,4,0,3,0,4,37,0,3,0,67,88,2,0,2,0,4,0,3,0,4,37,0,3,0,0,2,35,0,4,1,18,1,1,5,0,1,11,1,2,0,0,0,0,0,0
133,L705,InsufficientKeySizeRsaDetector,com.h3xstream.findsecbugs.crypto.InsufficientKeySizeRsaDetector,L557,L103,C:\Users\domco\Desktop\DP\repos\find-sec-bugs\plugin\src\main\java\com\h3xstream\findsecbugs\crypto\InsufficientKeySizeRsaDetector.java,36,1,142,2,0.358447,2,10,2,0.35514,0.373494,38,31,2,7,5,30,1,0,0,3,7,0.25,0.135417,13,3,1,3,0.135417,13,0,0,0,0,0,83,107,3,0,3,0,4,0,3,0,4,48,0,3,0,83,107,3,0,3,0,4,0,3,0,4,48,0,3,0,0,3,35,1,4,2,18,1,1,5,0,1,11,1,3,0,0,0,0,0,0
134,L723,NullCipherDetector,com.h3xstream.findsecbugs.crypto.NullCipherDetector,L557,L103,C:\Users\domco\Desktop\DP\repos\find-sec-bugs\plugin\src\main\java\com\h3xstream\findsecbugs\crypto\NullCipherDetector.java,26,1,46,2,0.772727,1,2,1,0.47619,0.533333,10,8,1,1,1,5,0,0,0,0,2,0.0,0.117647,2,0,0,3,0.117647,2,0,0,0,0,0,15,21,2,0,2,0,2,0,2,0,2,3,0,2,0,15,21,2,0,2,0,2,0,2,0,2,3,0,2,0,0,0,17,0,1,0,10,0,0,0,0,1,7,0,0,0,0,0,0,0,0
135,L732,RsaNoPaddingDetector,com.h3xstream.findsecbugs.crypto.RsaNoPaddingDetector,L557,L103,C:\Users\domco\Desktop\DP\repos\find-sec-bugs\plugin\src\main\java\com\h3xstream\findsecbugs\crypto\RsaNoPaddingDetector.java,31,1,58,2,0.854839,1,5,1,0.571429,0.652174,16,15,1,3,3,9,1,0,0,1,3,0.333333,0.178571,5,3,1,2,0.178571,5,0,0,0,0,0,23,28,3,0,3,0,2,0,2,0,2,9,0,2,0,23,28,3,0,3,0,2,0,2,0,2,9,0,2,0,0,0,19,1,2,1,12,1,0,0,0,1,7,0,0,0,0,0,0,0,0
136,L746,StaticIvDetector,com.h3xstream.findsecbugs.crypto.StaticIvDetector,L557,L103,C:\Users\domco\Desktop\DP\repos\find-sec-bugs\plugin\src\main\java\com\h3xstream\findsecbugs\crypto\StaticIvDetector.java,48,1,121,2,0.154472,1,4,1,0.202703,0.218182,15,12,2,3,3,17,1,0,0,1,6,0.25,0.202899,14,12,1,3,0.202899,14,0,0,0,0,0,55,74,3,0,3,0,5,0,3,0,5,26,0,3,0,55,74,3,0,3,0,5,0,3,0,5,26,0,3,0,0,2,25,0,4,0,11,2,1,0,0,1,13,1,2,0,0,0,0,0,0
137,L767,UnencryptedSocketDetector,com.h3xstream.findsecbugs.crypto.UnencryptedSocketDetector,L557,L103,C:\Users\domco\Desktop\DP\repos\find-sec-bugs\plugin\src\main\java\com\h3xstream\findsecbugs\crypto\UnencryptedSocketDetector.java,27,1,74,2,0.0,0,0,0,0.0,0.0,0,0,1,5,4,12,0,0,0,0,2,0.0,0.111111,5,0,0,3,0.111111,5,0,0,0,0,0,40,48,3,0,3,0,2,0,2,0,2,20,0,2,0,40,48,3,0,3,0,2,0,2,0,2,20,0,2,0,0,0,10,1,1,1,0,0,0,3,0,1,7,0,0,0,0,0,0,0,0
138,L778,WeakMessageDigestDetector,com.h3xstream.findsecbugs.crypto.WeakMessageDigestDetector,L557,L103,C:\Users\domco\Desktop\DP\repos\find-sec-bugs\plugin\src\main\java\com\h3xstream\findsecbugs\crypto\WeakMessageDigestDetector.java,31,1,100,2,0.0,0,0,0,0.0,0.0,0,0,1,2,2,21,0,0,0,0,3,0.333333,0.257143,18,4,1,2,0.257143,18,0,0,0,0,0,52,70,2,0,2,0,3,0,2,0,3,23,0,2,0,52,70,2,0,2,0,3,0,2,0,3,23,0,2,0,0,1,6,0,3,1,0,1,0,1,0,1,5,0,1,0,0,0,0,0,0
139,L791,WeakTrustManagerDetector,com.h3xstream.findsecbugs.crypto.WeakTrustManagerDetector,L557,L103,C:\Users\domco\Desktop\DP\repos\find-sec-bugs\plugin\src\main\java\com\h3xstream\findsecbugs\crypto\WeakTrustManagerDetector.java,44,1,106,2,0.0,0,0,0,0.0,0.0,0,0,2,3,3,14,1,0,0,1,4,0.25,0.295082,18,12,1,3,0.295082,18,0,0,0,0,0,43,63,3,0,3,0,3,0,3,0,3,25,0,3,0,43,63,3,0,3,0,3,0,3,0,3,25,0,3,0,0,0,9,2,6,3,0,3,1,1,0,1,7,1,0,0,0,0,0,0,0
140,L805,BadHexadecimalConversionDetectorTest,com.h3xstream.findsecbugs.crypto.BadHexadecimalConversionDetectorTest,L557,L103,C:\Users\domco\Desktop\DP\repos\find-sec-bugs\plugin\src\test\java\com\h3xstream\findsecbugs\crypto\BadHexadecimalConversionDetectorTest.java,29,1,61,2,0.552632,1,1,1,0.515152,0.5,17,12,1,0,0,1,3,0,0,8,9,0.0,0.111111,3,0,0,2,0.111111,3,1,1,0,0,1,24,33,3,2,0,0,1,0,1,0,7,5,0,7,0,24,33,3,2,0,0,1,0,1,0,7,5,0,7,0,0,0,17,1,0,0,12,0,0,0,0,1,5,0,0,0,0,0,0,0,0
141,L819,CustomMessageDigestDetectorTest,com.h3xstream.findsecbugs.crypto.CustomMessageDigestDetectorTest,L557,L103,C:\Users\domco\Desktop\DP\repos\find-sec-bugs\plugin\src\test\java\com\h3xstream\findsecbugs\crypto\CustomMessageDigestDetectorTest.java,28,1,49,2,0.956522,1,1,1,0.818182,0.875,18,14,1,0,0,1,3,0,0,7,8,0.0,0.111111,2,0,0,2,0.111111,2,1,1,0,0,1,16,22,3,2,0,0,1,0,1,0,7,4,0,7,0,16,22,3,2,0,0,1,0,1,0,7,4,0,7,0,0,0,17,1,0,0,12,0,0,0,0,1,5,0,0,0,0,0,0,0,0
142,L822,DesUsageDetectorTest,com.h3xstream.findsecbugs.crypto.DesUsageDetectorTest,L557,L103,C:\Users\domco\Desktop\DP\repos\find-sec-bugs\plugin\src\test\java\com\h3xstream\findsecbugs\crypto\DesUsageDetectorTest.java,29,1,54,2,0.0,0,0,0,0.0,0.0,0,0,1,1,1,2,3,0,0,9,10,0.0,0.130435,3,0,0,2,0.130435,3,1,1,0,0,1,20,26,3,2,0,0,1,0,1,0,7,5,0,7,0,20,26,3,2,0,0,1,0,1,0,7,5,0,7,0,0,0,5,1,0,0,0,0,0,0,0,1,5,0,0,0,0,0,0,0,0
143,L826,EcbModeDetectorTest,com.h3xstream.findsecbugs.crypto.EcbModeDetectorTest,L557,L103,C:\Users\domco\Desktop\DP\repos\find-sec-bugs\plugin\src\test\java\com\h3xstream\findsecbugs\crypto\EcbModeDetectorTest.java,31,1,67,2,0.0,0,0,0,0.0,0.0,0,0,1,1,1,2,3,0,0,9,10,0.0,0.133333,4,0,0,2,0.133333,4,1,1,0,0,1,26,37,3,2,0,0,1,0,1,0,7,6,0,7,0,26,37,3,2,0,0,1,0,1,0,7,6,0,7,0,0,0,5,1,0,0,0,0,0,0,0,1,5,0,0,0,0,0,0,0,0
144,L829,EsapiEncryptorDetectorTest,com.h3xstream.findsecbugs.crypto.EsapiEncryptorDetectorTest,L557,L103,C:\Users\domco\Desktop\DP\repos\find-sec-bugs\plugin\src\test\java\com\h3xstream\findsecbugs\crypto\EsapiEncryptorDetectorTest.java,30,1,75,2,0.448819,1,2,1,0.434783,0.428571,20,15,1,1,1,3,3,0,0,9,10,0.0,0.102564,4,0,0,2,0.102564,4,1,1,0,0,1,35,46,3,2,0,0,1,0,1,0,7,8,0,7,0,35,46,3,2,0,0,1,0,1,0,7,8,0,7,0,0,0,17,1,0,0,12,0,0,0,0,1,5,0,0,0,0,0,0,0,0
145,L832,HazelcastSymmetricEncryptionDetectorTest,com.h3xstream.findsecbugs.crypto.HazelcastSymmetricEncryptionDetectorTest,L557,L103,C:\Users\domco\Desktop\DP\repos\find-sec-bugs\plugin\src\test\java\com\h3xstream\findsecbugs\crypto\HazelcastSymmetricEncryptionDetectorTest.java,29,1,54,2,0.962963,2,2,2,0.807692,0.888889,21,16,1,0,0,1,3,0,0,9,10,0.0,0.142857,3,0,0,2,0.142857,3,1,1,0,0,1,18,26,3,2,0,0,1,0,1,0,7,4,0,7,0,18,26,3,2,0,0,1,0,1,0,7,4,0,7,0,0,0,17,1,0,0,12,0,0,0,0,1,5,0,0,0,0,0,0,0,0
146,L835,InsufficientKeySizeBlowfishDetectorTest,com.h3xstream.findsecbugs.crypto.InsufficientKeySizeBlowfishDetectorTest,L557,L103,C:\Users\domco\Desktop\DP\repos\find-sec-bugs\plugin\src\test\java\com\h3xstream\findsecbugs\crypto\InsufficientKeySizeBlowfishDetectorTest.java,28,1,54,2,0.974684,1,2,1,0.888889,0.894737,24,17,1,1,1,2,3,0,0,8,9,0.0,0.173913,4,0,0,2,0.173913,4,1,1,0,0,1,19,27,3,2,0,0,1,0,1,0,7,6,0,7,0,19,27,3,2,0,0,1,0,1,0,7,6,0,7,0,0,0,17,1,0,0,12,0,0,0,0,1,5,0,0,0,0,0,0,0,0
147,L838,InsufficientKeySizeRsaDetectorTest,com.h3xstream.findsecbugs.crypto.InsufficientKeySizeRsaDetectorTest,L557,L103,C:\Users\domco\Desktop\DP\repos\find-sec-bugs\plugin\src\test\java\com\h3xstream\findsecbugs\crypto\InsufficientKeySizeRsaDetectorTest.java,30,1,55,2,0.0,0,0,0,0.0,0.0,0,0,1,1,1,2,3,0,0,8,9,0.0,0.173913,4,0,0,2,0.173913,4,1,1,0,0,1,19,26,3,2,0,0,1,0,1,0,7,6,0,7,0,19,26,3,2,0,0,1,0,1,0,7,6,0,7,0,0,0,5,1,0,0,0,0,0,0,0,1,5,0,0,0,0,0,0,0,0
148,L841,NullCipherDetectorTest,com.h3xstream.findsecbugs.crypto.NullCipherDetectorTest,L557,L103,C:\Users\domco\Desktop\DP\repos\find-sec-bugs\plugin\src\test\java\com\h3xstream\findsecbugs\crypto\NullCipherDetectorTest.java,28,1,51,2,0.96,2,2,2,0.833333,0.882353,20,15,1,0,0,1,3,0,0,8,9,0.0,0.105263,2,0,0,2,0.105263,2,1,1,0,0,1,17,24,3,2,0,0,1,0,1,0,7,4,0,7,0,17,24,3,2,0,0,1,0,1,0,7,4,0,7,0,0,0,17,1,0,0,12,0,0,0,0,1,5,0,0,0,0,0,0,0,0
149,L844,RsaNoPaddingDetectorTest,com.h3xstream.findsecbugs.crypto.RsaNoPaddingDetectorTest,L557,L103,C:\Users\domco\Desktop\DP\repos\find-sec-bugs\plugin\src\test\java\com\h3xstream\findsecbugs\crypto\RsaNoPaddingDetectorTest.java,30,1,60,2,0.971429,2,2,2,0.870968,0.913043,27,21,1,0,0,1,3,0,0,9,10,0.0,0.115385,3,0,0,2,0.115385,3,1,1,0,0,1,23,31,3,2,0,0,1,0,1,0,7,5,0,7,0,23,31,3,2,0,0,1,0,1,0,7,5,0,7,0,0,0,17,1,0,0,12,0,0,0,0,1,5,0,0,0,0,0,0,0,0
150,L847,StaticIvDetectorTest,com.h3xstream.findsecbugs.crypto.StaticIvDetectorTest,L557,L103,C:\Users\domco\Desktop\DP\repos\find-sec-bugs\plugin\src\test\java\com\h3xstream\findsecbugs\crypto\StaticIvDetectorTest.java,28,1,97,2,0.227723,1,1,1,0.185714,0.186047,13,8,1,1,1,4,3,0,0,9,12,0.0,0.283333,17,0,0,4,0.283333,17,1,1,0,0,1,43,70,3,2,0,0,3,0,3,0,9,15,0,9,0,43,70,3,2,0,0,3,0,3,0,9,15,0,9,0,0,0,11,4,0,0,10,0,0,0,0,3,1,0,1,0,0,0,0,0,0
151,L852,UnencryptedSocketDetectorTest,com.h3xstream.findsecbugs.crypto.UnencryptedSocketDetectorTest,L557,L103,C:\Users\domco\Desktop\DP\repos\find-sec-bugs\plugin\src\test\java\com\h3xstream\findsecbugs\crypto\UnencryptedSocketDetectorTest.java,30,1,64,2,0.494624,1,1,1,0.457143,0.464286,16,13,1,1,1,2,3,0,0,9,10,0.0,0.0666667,2,0,0,2,0.0666667,2,1,1,0,0,1,28,35,3,2,0,0,1,0,1,0,7,6,0,7,0,28,35,3,2,0,0,1,0,1,0,7,6,0,7,0,0,0,17,1,0,0,12,0,0,0,0,1,5,0,0,0,0,0,0,0,0
152,L855,WeakMessageDigestDetectorTest,com.h3xstream.findsecbugs.crypto.WeakMessageDigestDetectorTest,L557,L103,C:\Users\domco\Desktop\DP\repos\find-sec-bugs\plugin\src\test\java\com\h3xstream\findsecbugs\crypto\WeakMessageDigestDetectorTest.java,28,1,88,2,0.0,0,0,0,0.0,0.0,0,0,1,1,1,4,3,0,0,9,11,0.0,0.113208,6,0,0,3,0.113208,6,1,1,0,0,1,47,61,3,2,0,0,2,0,2,0,8,13,0,8,0,47,61,3,2,0,0,2,0,2,0,8,13,0,8,0,0,0,7,4,1,0,0,0,0,0,0,2,7,0,3,0,0,0,0,0,0
153,L859,WeakTrustManagerDetectorTest,com.h3xstream.findsecbugs.crypto.WeakTrustManagerDetectorTest,L557,L103,C:\Users\domco\Desktop\DP\repos\find-sec-bugs\plugin\src\test\java\com\h3xstream\findsecbugs\crypto\WeakTrustManagerDetectorTest.java,29,1,96,2,0.472222,2,2,2,0.397059,0.4,27,20,1,0,0,1,3,0,0,8,9,0.0,0.137931,8,0,0,2,0.137931,8,1,1,0,0,1,50,68,3,2,0,0,1,0,1,0,7,9,0,7,0,50,68,3,2,0,0,1,0,1,0,7,9,0,7,0,0,0,17,2,0,0,12,0,0,0,0,1,5,0,1,0,0,0,0,0,0
154,L883,CookieDetector,com.h3xstream.findsecbugs.endpoint.CookieDetector,L862,L103,C:\Users\domco\Desktop\DP\repos\find-sec-bugs\plugin\src\main\java\com\h3xstream\findsecbugs\endpoint\CookieDetector.java,26,1,47,2,0.0,0,0,0,0.0,0.0,0,0,1,1,1,7,0,0,0,0,2,0.0,0.0588235,1,0,0,3,0.0588235,1,0,0,0,0,0,16,22,2,0,2,0,2,0,2,0,2,3,0,2,0,16,22,2,0,2,0,2,0,2,0,2,3,0,2,0,0,0,7,0,1,0,0,0,0,0,0,1,7,0,0,0,0,0,0,0,0
155,L892,JaxRsEndpointDetector,com.h3xstream.findsecbugs.endpoint.JaxRsEndpointDetector,L862,L103,C:\Users\domco\Desktop\DP\repos\find-sec-bugs\plugin\src\main\java\com\h3xstream\findsecbugs\endpoint\JaxRsEndpointDetector.java,35,1,64,2,0.705128,1,4,1,0.5,0.521739,15,12,2,3,3,6,0,0,0,0,3,0.25,0.178571,5,3,1,3,0.178571,5,0,0,0,0,0,23,30,3,0,3,0,3,0,3,0,3,6,0,3,0,23,30,3,0,3,0,3,0,3,0,3,6,0,3,0,0,0,21,1,2,1,11,0,1,0,0,1,9,1,0,0,0,0,0,0,0
156,L904,JaxWsEndpointDetector,com.h3xstream.findsecbugs.endpoint.JaxWsEndpointDetector,L862,L103,C:\Users\domco\Desktop\DP\repos\find-sec-bugs\plugin\src\main\java\com\h3xstream\findsecbugs\endpoint\JaxWsEndpointDetector.java,32,1,62,2,0.705128,1,4,1,0.483871,0.521739,15,12,2,3,3,6,0,0,0,0,3,0.25,0.178571,5,3,1,3,0.178571,5,0,0,0,0,0,23,31,3,0,3,0,3,0,3,0,3,6,0,3,0,23,31,3,0,3,0,3,0,3,0,3,6,0,3,0,0,0,21,1,2,1,11,0,1,0,0,1,9,1,0,0,0,0,0,0,0
157,L916,ServletEndpointDetector,com.h3xstream.findsecbugs.endpoint.ServletEndpointDetector,L862,L103,C:\Users\domco\Desktop\DP\repos\find-sec-bugs\plugin\src\main\java\com\h3xstream\findsecbugs\endpoint\ServletEndpointDetector.java,32,1,110,2,0.0,0,0,0,0.0,0.0,0,0,1,10,3,17,0,0,0,0,2,0.333333,0.25974,20,5,1,2,0.25974,20,0,0,0,0,0,57,79,9,0,9,0,2,0,2,0,2,22,0,2,0,57,79,9,0,9,0,2,0,2,0,2,22,0,2,0,0,0,8,0,1,0,0,0,0,3,0,1,3,0,0,0,0,0,0,2,0
158,L942,SpringMvcEndpointDetector,com.h3xstream.findsecbugs.endpoint.SpringMvcEndpointDetector,L862,L103,C:\Users\domco\Desktop\DP\repos\find-sec-bugs\plugin\src\main\java\com\h3xstream\findsecbugs\endpoint\SpringMvcEndpointDetector.java,32,1,61,2,0.733333,1,4,1,0.466667,0.545455,14,12,2,3,3,6,0,0,0,0,3,0.25,0.153846,4,3,1,3,0.153846,4,0,0,0,0,0,22,30,2,0,2,0,3,0,3,0,3,6,0,3,0,22,30,2,0,2,0,3,0,3,0,3,6,0,3,0,0,0,21,0,2,0,11,0,1,0,0,1,9,1,0,0,0,0,0,0,0
159,L953,Struts1EndpointDetector,com.h3xstream.findsecbugs.endpoint.Struts1EndpointDetector,L862,L103,C:\Users\domco\Desktop\DP\repos\find-sec-bugs\plugin\src\main\java\com\h3xstream\findsecbugs\endpoint\Struts1EndpointDetector.java,27,1,51,2,0.0,0,0,0,0.0,0.0,0,0,2,1,1,4,0,0,0,0,3,0.0,0.0526316,1,0,0,4,0.0526316,1,0,0,0,0,0,18,25,2,0,2,0,3,1,3,0,3,4,1,3,0,18,25,2,0,2,0,3,1,3,0,3,4,1,3,0,0,0,14,0,2,0,0,0,1,0,0,1,9,1,0,0,0,0,0,4,0
160,L963,Struts2EndpointDetector,com.h3xstream.findsecbugs.endpoint.Struts2EndpointDetector,L862,L103,C:\Users\domco\Desktop\DP\repos\find-sec-bugs\plugin\src\main\java\com\h3xstream\findsecbugs\endpoint\Struts2EndpointDetector.java,28,1,54,2,0.0,0,0,0,0.0,0.0,0,0,2,2,2,6,0,0,0,0,3,0.0,0.047619,1,0,0,4,0.047619,1,0,0,0,0,0,20,27,2,0,2,0,3,0,3,0,3,5,0,3,0,20,27,2,0,2,0,3,0,3,0,3,5,0,3,0,0,0,10,0,2,0,0,0,1,0,0,1,9,1,0,0,0,0,0,0,0
161,L973,TapestryEndpointDetector,com.h3xstream.findsecbugs.endpoint.TapestryEndpointDetector,L862,L103,C:\Users\domco\Desktop\DP\repos\find-sec-bugs\plugin\src\main\java\com\h3xstream\findsecbugs\endpoint\TapestryEndpointDetector.java,35,1,86,2,0.0,0,0,0,0.0,0.0,0,0,2,4,4,9,0,0,0,0,3,0.25,0.255319,12,5,1,3,0.255319,12,0,0,0,0,0,35,52,2,0,2,0,3,0,3,0,3,15,0,3,0,35,52,2,0,2,0,3,0,3,0,3,15,0,3,0,0,0,10,0,2,0,0,0,1,2,0,1,7,1,0,0,0,0,0,0,0
162,L986,WicketEndpointDetector,com.h3xstream.findsecbugs.endpoint.WicketEndpointDetector,L862,L103,C:\Users\domco\Desktop\DP\repos\find-sec-bugs\plugin\src\main\java\com\h3xstream\findsecbugs\endpoint\WicketEndpointDetector.java,32,1,58,2,0.0,0,0,0,0.0,0.0,0,0,2,1,1,4,0,0,0,0,3,0.25,0.230769,6,5,1,3,0.230769,6,0,0,0,0,0,20,27,2,0,2,0,3,0,3,0,3,6,0,3,0,20,27,2,0,2,0,3,0,3,0,3,6,0,3,0,0,0,10,0,2,0,0,0,1,0,0,1,9,1,0,0,0,0,0,0,0
163,L997,CookieDetectorTest,com.h3xstream.findsecbugs.endpoint.CookieDetectorTest,L862,L103,C:\Users\domco\Desktop\DP\repos\find-sec-bugs\plugin\src\test\java\com\h3xstream\findsecbugs\endpoint\CookieDetectorTest.java,29,1,51,2,0.0,0,0,0,0.0,0.0,0,0,1,1,1,2,3,0,0,9,10,0.0,0.1,2,0,0,2,0.1,2,1,1,0,0,1,18,23,3,2,0,0,1,0,1,0,7,5,0,7,0,18,23,3,2,0,0,1,0,1,0,7,5,0,7,0,0,0,5,2,0,1,0,0,0,0,0,1,5,0,0,0,0,0,0,0,0
164,L1000,JaxRsEndpointDetectorTest,com.h3xstream.findsecbugs.endpoint.JaxRsEndpointDetectorTest,L862,L103,C:\Users\domco\Desktop\DP\repos\find-sec-bugs\plugin\src\test\java\com\h3xstream\findsecbugs\endpoint\JaxRsEndpointDetectorTest.java,27,1,49,2,0.96,2,2,2,0.869565,0.875,20,14,1,0,0,1,3,0,0,8,9,0.0,0.157895,3,0,0,2,0.157895,3,1,1,0,0,1,16,23,3,2,0,0,1,0,1,0,7,4,0,7,0,16,23,3,2,0,0,1,0,1,0,7,4,0,7,0,0,0,17,1,0,0,12,0,0,0,0,1,5,0,0,0,0,0,0,0,0
165,L1003,JaxWsEndpointDetectorTest,com.h3xstream.findsecbugs.endpoint.JaxWsEndpointDetectorTest,L862,L103,C:\Users\domco\Desktop\DP\repos\find-sec-bugs\plugin\src\test\java\com\h3xstream\findsecbugs\endpoint\JaxWsEndpointDetectorTest.java,27,1,55,2,0.891892,3,3,3,0.758621,0.772727,22,17,1,0,0,1,3,0,0,8,9,0.0,0.12,3,0,0,2,0.12,3,1,1,0,0,1,22,29,3,2,0,0,1,0,1,0,7,5,0,7,0,22,29,3,2,0,0,1,0,1,0,7,5,0,7,0,0,0,17,1,0,0,12,0,0,0,0,1,5,0,0,0,0,0,0,0,0
166,L1006,ServletEndpointDetectorTest,com.h3xstream.findsecbugs.endpoint.ServletEndpointDetectorTest,L862,L103,C:\Users\domco\Desktop\DP\repos\find-sec-bugs\plugin\src\test\java\com\h3xstream\findsecbugs\endpoint\ServletEndpointDetectorTest.java,29,1,113,2,0.834483,7,12,12,0.8,0.80303,68,53,1,1,1,2,3,0,0,9,10,0.0,0.0571429,4,0,0,2,0.0571429,4,1,1,0,0,1,66,85,3,2,0,0,1,0,1,0,7,13,0,7,0,66,85,3,2,0,0,1,0,1,0,7,13,0,7,0,0,0,17,3,0,0,12,0,0,0,0,1,5,0,2,0,0,0,0,0,0
167,L1009,SpringMvcEndpointDetectorTest,com.h3xstream.findsecbugs.endpoint.SpringMvcEndpointDetectorTest,L862,L103,C:\Users\domco\Desktop\DP\repos\find-sec-bugs\plugin\src\test\java\com\h3xstream\findsecbugs\endpoint\SpringMvcEndpointDetectorTest.java,30,1,53,2,0.0,0,0,0,0.0,0.0,0,0,1,1,1,2,3,0,0,6,7,0.0,0.15,3,0,0,2,0.15,3,1,1,0,0,1,17,24,3,2,0,0,1,0,1,0,7,5,0,7,0,17,24,3,2,0,0,1,0,1,0,7,5,0,7,0,0,0,5,2,0,1,0,0,0,0,0,1,5,0,0,0,0,0,0,0,0
168,L1012,Struts1EndpointDetectorTest,com.h3xstream.findsecbugs.endpoint.Struts1EndpointDetectorTest,L862,L103,C:\Users\domco\Desktop\DP\repos\find-sec-bugs\plugin\src\test\java\com\h3xstream\findsecbugs\endpoint\Struts1EndpointDetectorTest.java,27,1,49,2,0.0,0,0,0,0.0,0.0,0,0,1,0,0,1,3,0,0,7,8,0.0,0.15,3,0,0,2,0.15,3,1,1,0,0,1,17,23,3,2,0,0,1,0,1,0,7,4,0,7,0,17,23,3,2,0,0,1,0,1,0,7,4,0,7,0,0,0,5,1,0,0,0,0,0,0,0,1,5,0,0,0,0,0,0,0,0
169,L1015,Struts2EndpointDetectorTest,com.h3xstream.findsecbugs.endpoint.Struts2EndpointDetectorTest,L862,L103,C:\Users\domco\Desktop\DP\repos\find-sec-bugs\plugin\src\test\java\com\h3xstream\findsecbugs\endpoint\Struts2EndpointDetectorTest.java,27,1,48,2,0.956522,1,1,1,0.863636,0.875,19,14,1,0,0,1,3,0,0,7,8,0.0,0.157895,3,0,0,2,0.157895,3,1,1,0,0,1,16,22,3,2,0,0,1,0,1,0,7,4,0,7,0,16,22,3,2,0,0,1,0,1,0,7,4,0,7,0,0,0,17,1,0,0,12,0,0,0,0,1,5,0,0,0,0,0,0,0,0
170,L1018,TapestryEndpointDetectorTest,com.h3xstream.findsecbugs.endpoint.TapestryEndpointDetectorTest,L862,L103,C:\Users\domco\Desktop\DP\repos\find-sec-bugs\plugin\src\test\java\com\h3xstream\findsecbugs\endpoint\TapestryEndpointDetectorTest.java,28,1,101,2,0.651852,1,2,2,0.486486,0.636364,36,28,1,0,0,3,3,0,0,7,10,0.75,0.323077,21,14,3,1,0.323077,21,1,1,0,0,1,44,74,3,2,0,0,3,0,3,0,9,12,0,9,0,44,74,3,2,0,0,3,0,3,0,9,12,0,9,0,0,0,20,3,0,0,19,0,0,0,0,3,1,0,0,0,0,0,0,0,0
171,L1026,WicketEndpointDetectorTest,com.h3xstream.findsecbugs.endpoint.WicketEndpointDetectorTest,L862,L103,C:\Users\domco\Desktop\DP\repos\find-sec-bugs\plugin\src\test\java\com\h3xstream\findsecbugs\endpoint\WicketEndpointDetectorTest.java,27,1,47,2,0.956522,1,1,1,0.857143,0.875,18,14,1,0,0,1,3,0,0,7,8,0.0,0.111111,2,0,0,2,0.111111,2,1,1,0,0,1,16,21,3,2,0,0,1,0,1,0,7,4,0,7,0,16,21,3,2,0,0,1,0,1,0,7,4,0,7,0,0,0,17,1,0,0,12,0,0,0,0,1,5,0,0,0,0,0,0,0,0
172,L1044,InjectionDetector,com.h3xstream.findsecbugs.injection.InjectionDetector,L1039,L103,C:\Users\domco\Desktop\DP\repos\find-sec-bugs\plugin\src\main\java\com\h3xstream\findsecbugs\injection\InjectionDetector.java,45,1,214,2,0.0,0,0,0,0.0,0.0,0,0,2,5,5,45,2,4,4,4,12,0.5,0.111888,16,7,2,2,0.111888,16,0,0,4,4,0,127,170,1,3,1,3,8,0,3,0,8,82,0,3,0,127,170,1,3,1,3,8,0,3,0,8,82,0,3,0,0,2,23,2,13,3,0,10,1,5,0,1,17,1,2,0,0,0,0,0,0
173,L1079,InjectionPoint,com.h3xstream.findsecbugs.injection.InjectionPoint,L1039,L103,C:\Users\domco\Desktop\DP\repos\find-sec-bugs\plugin\src\main\java\com\h3xstream\findsecbugs\injection\InjectionPoint.java,20,1,39,2,0.0,0,0,0,0.0,0.0,0,0,0,0,0,3,0,10,9,0,3,0.0,0.0,0,0,0,4,0.0,0,0,0,0,0,0,15,20,3,2,3,2,3,1,3,0,3,4,1,3,0,15,20,3,2,3,2,3,1,3,0,3,4,1,3,0,0,0,13,2,2,2,0,0,0,0,0,2,9,0,0,0,0,0,0,4,0
174,L1310,JspXssDetector,com.h3xstream.findsecbugs.jsp.JspXssDetector,L1305,L103,C:\Users\domco\Desktop\DP\repos\find-sec-bugs\plugin\src\main\java\com\h3xstream\findsecbugs\jsp\JspXssDetector.java,35,1,171,2,0.073501,1,4,1,0.109489,0.118812,15,12,2,7,6,31,1,0,0,1,6,0.25,0.121739,14,3,1,3,0.121739,14,0,0,0,0,0,101,137,4,0,4,0,5,0,3,0,5,58,0,3,0,101,137,4,0,4,0,5,0,3,0,5,58,0,3,0,0,2,28,4,9,3,8,6,1,5,0,1,13,1,4,0,0,0,0,1,0
175,L1353,JspXssDetectorTest,com.h3xstream.findsecbugs.jsp.JspXssDetectorTest,L1305,L103,C:\Users\domco\Desktop\DP\repos\find-sec-bugs\plugin\src\test\java\com\h3xstream\findsecbugs\jsp\JspXssDetectorTest.java,35,1,176,2,0.995294,7,14,13,0.93662,0.979381,133,95,1,1,1,8,3,0,0,11,18,0.125,0.204918,25,5,1,7,0.204918,25,1,1,0,0,1,97,142,3,2,0,0,7,0,7,0,13,34,0,13,0,97,142,3,2,0,0,7,0,7,0,13,34,0,13,0,0,0,64,9,0,0,51,0,0,0,0,7,13,0,2,0,0,0,0,0,0
176,L1372,GoogleApiKeyDetector,com.h3xstream.findsecbugs.password.GoogleApiKeyDetector,L1365,L103,C:\Users\domco\Desktop\DP\repos\find-sec-bugs\plugin\src\main\java\com\h3xstream\findsecbugs\password\GoogleApiKeyDetector.java,43,1,91,2,0.0,0,0,0,0.0,0.0,0,0,2,2,2,9,0,0,0,0,3,0.25,0.307692,16,10,1,3,0.307692,16,0,0,0,0,0,36,49,2,0,2,0,3,0,3,0,3,16,0,3,0,36,49,2,0,2,0,3,0,3,0,3,16,0,3,0,0,0,8,0,2,0,0,0,1,0,0,1,7,1,0,0,0,0,0,0,0
177,L1383,JndiCredentialsDetector,com.h3xstream.findsecbugs.password.JndiCredentialsDetector,L1365,L103,C:\Users\domco\Desktop\DP\repos\find-sec-bugs\plugin\src\main\java\com\h3xstream\findsecbugs\password\JndiCredentialsDetector.java,29,1,52,2,0.0,0,0,0,0.0,0.0,0,0,1,2,2,8,1,0,0,1,3,0.0,0.136364,3,0,0,3,0.136364,3,0,0,0,0,0,19,24,2,0,2,0,2,0,2,0,2,6,0,2,0,19,24,2,0,2,0,2,0,2,0,2,6,0,2,0,0,0,7,0,1,0,0,0,0,0,0,1,7,0,0,0,0,0,0,0,0
178,L1392,GoogleApiKeyDetectorTest,com.h3xstream.findsecbugs.password.GoogleApiKeyDetectorTest,L1365,L103,C:\Users\domco\Desktop\DP\repos\find-sec-bugs\plugin\src\test\java\com\h3xstream\findsecbugs\password\GoogleApiKeyDetectorTest.java,27,1,69,2,0.979592,2,4,4,0.883721,0.933333,38,28,1,0,0,2,3,0,0,8,10,0.0,0.117647,4,0,0,3,0.117647,4,1,1,0,0,1,30,43,3,2,0,0,2,0,2,0,8,8,0,8,0,30,43,3,2,0,0,2,0,2,0,8,8,0,8,0,0,0,26,2,0,0,19,0,0,0,0,2,7,0,0,0,0,0,0,0,0
179,L1397,JndiCredentialsDetectorTest,com.h3xstream.findsecbugs.password.JndiCredentialsDetectorTest,L1365,L103,C:\Users\domco\Desktop\DP\repos\find-sec-bugs\plugin\src\test\java\com\h3xstream\findsecbugs\password\JndiCredentialsDetectorTest.java,30,1,57,2,0.974684,1,2,1,0.892857,0.9,25,18,1,1,1,2,3,0,0,8,9,0.0,0.166667,4,0,0,2,0.166667,4,1,1,0,0,1,20,28,3,2,0,0,1,0,1,0,7,6,0,7,0,20,28,3,2,0,0,1,0,1,0,7,6,0,7,0,0,0,17,1,0,0,12,0,0,0,0,1,5,0,0,0,0,0,0,0,0
180,L1498,XPathInjectionApacheXPathApiDetector,com.h3xstream.findsecbugs.xpath.XPathInjectionApacheXPathApiDetector,L1490,L103,C:\Users\domco\Desktop\DP\repos\find-sec-bugs\plugin\src\main\java\com\h3xstream\findsecbugs\xpath\XPathInjectionApacheXPathApiDetector.java,27,1,55,2,0.0,0,0,0,0.0,0.0,0,0,1,3,3,8,1,0,0,1,3,0.0,0.125,3,0,0,3,0.125,3,0,0,0,0,0,21,29,2,0,2,0,2,0,2,0,2,5,0,2,0,21,29,2,0,2,0,2,0,2,0,2,5,0,2,0,0,0,7,0,3,0,0,0,0,0,0,3,7,0,0,0,0,0,0,0,0
181,L1507,XPathInjectionJavaxDetector,com.h3xstream.findsecbugs.xpath.XPathInjectionJavaxDetector,L1490,L103,C:\Users\domco\Desktop\DP\repos\find-sec-bugs\plugin\src\main\java\com\h3xstream\findsecbugs\xpath\XPathInjectionJavaxDetector.java,27,1,62,2,0.0,0,0,0,0.0,0.0,0,0,1,4,3,10,1,0,0,1,3,0.0,0.129032,4,0,0,3,0.129032,4,0,0,0,0,0,27,36,2,0,2,0,2,0,2,0,2,8,0,2,0,27,36,2,0,2,0,2,0,2,0,2,8,0,2,0,0,0,7,0,2,0,0,0,0,0,0,2,7,0,0,0,0,0,0,0,0
182,L1516,XPathInjectionApacheXPathApiDetectorTest,com.h3xstream.findsecbugs.xpath.XPathInjectionApacheXPathApiDetectorTest,L1490,L103,C:\Users\domco\Desktop\DP\repos\find-sec-bugs\plugin\src\test\java\com\h3xstream\findsecbugs\xpath\XPathInjectionApacheXPathApiDetectorTest.java,30,1,56,2,0.904762,2,4,2,0.777778,0.736842,21,14,1,1,1,2,3,0,0,9,10,0.0,0.173913,4,0,0,2,0.173913,4,1,1,0,0,1,19,27,3,2,0,0,1,0,1,0,7,6,0,7,0,19,27,3,2,0,0,1,0,1,0,7,6,0,7,0,0,0,17,1,0,0,12,0,0,0,0,1,5,0,0,0,0,0,0,0,0
183,L1519,XPathInjectionJavaxDetectorTest,com.h3xstream.findsecbugs.xpath.XPathInjectionJavaxDetectorTest,L1490,L103,C:\Users\domco\Desktop\DP\repos\find-sec-bugs\plugin\src\test\java\com\h3xstream\findsecbugs\xpath\XPathInjectionJavaxDetectorTest.java,28,1,54,2,0.674699,1,2,1,0.592593,0.631579,16,12,1,1,1,2,3,0,0,9,10,0.0,0.173913,4,0,0,2,0.173913,4,1,1,0,0,1,19,27,3,2,0,0,1,0,1,0,7,6,0,7,0,19,27,3,2,0,0,1,0,1,0,7,6,0,7,0,0,0,17,1,0,0,12,0,0,0,0,1,5,0,0,0,0,0,0,0,0
184,L1527,XSSRequestWrapperDetector,com.h3xstream.findsecbugs.xss.XSSRequestWrapperDetector,L1522,L103,C:\Users\domco\Desktop\DP\repos\find-sec-bugs\plugin\src\main\java\com\h3xstream\findsecbugs\xss\XSSRequestWrapperDetector.java,39,1,75,2,0.0,0,0,0,0.0,0.0,0,0,2,2,2,6,1,0,0,1,4,0.25,0.333333,12,9,1,3,0.333333,12,0,0,0,0,0,24,37,2,0,2,0,3,0,3,0,3,10,0,3,0,24,37,2,0,2,0,3,0,3,0,3,10,0,3,0,0,0,8,0,3,0,0,1,1,0,0,1,7,1,0,0,0,0,0,0,0
185,L1538,XSSRequestWrapperDetectorTest,com.h3xstream.findsecbugs.xss.XSSRequestWrapperDetectorTest,L1522,L103,C:\Users\domco\Desktop\DP\repos\find-sec-bugs\plugin\src\test\java\com\h3xstream\findsecbugs\xss\XSSRequestWrapperDetectorTest.java,30,1,80,2,0.388889,1,1,1,0.352941,0.361111,18,13,1,0,0,4,3,0,0,7,11,0.0,0.142857,6,0,0,4,0.142857,6,1,1,0,0,1,36,51,3,2,0,0,4,0,3,0,10,10,0,9,0,36,51,3,2,0,0,4,0,3,0,10,10,0,9,0,0,0,23,4,0,0,12,0,0,0,0,4,11,0,0,0,0,0,0,0,0
186,L1554,SaxParserXxeDetector,com.h3xstream.findsecbugs.xxe.SaxParserXxeDetector,L1546,L103,C:\Users\domco\Desktop\DP\repos\find-sec-bugs\plugin\src\main\java\com\h3xstream\findsecbugs\xxe\SaxParserXxeDetector.java,56,1,197,2,0.0,0,0,0,0.0,0.0,0,0,1,9,6,40,2,0,0,3,5,0.333333,0.225352,32,20,1,2,0.225352,32,0,0,0,0,0,110,142,9,0,9,0,2,0,2,0,2,59,0,2,0,110,142,9,0,9,0,2,0,2,0,2,59,0,2,0,0,8,16,1,3,9,0,1,0,5,0,2,7,0,0,0,0,0,0,4,1.0
187,L1585,DocumentBuilderSafePropertyTest,com.h3xstream.findsecbugs.xxe.DocumentBuilderSafePropertyTest,L1546,L103,C:\Users\domco\Desktop\DP\repos\find-sec-bugs\plugin\src\test\java\com\h3xstream\findsecbugs\xxe\DocumentBuilderSafePropertyTest.java,29,1,143,2,0.958333,12,14,14,0.86087,0.904762,99,76,1,0,0,3,3,0,0,9,12,0.0,0.106383,10,0,0,4,0.106383,10,1,1,0,0,1,84,115,3,2,0,0,3,0,3,0,9,19,0,9,0,84,115,3,2,0,0,3,0,3,0,9,19,0,9,0,0,0,35,5,4,0,26,4,0,0,0,3,9,0,2,0,0,0,0,0,0
188,L1590,SaxParserSafePropertyTest,com.h3xstream.findsecbugs.xxe.SaxParserSafePropertyTest,L1546,L103,C:\Users\domco\Desktop\DP\repos\find-sec-bugs\plugin\src\test\java\com\h3xstream\findsecbugs\xxe\SaxParserSafePropertyTest.java,27,1,111,2,0.622807,4,4,4,0.552941,0.566667,47,34,1,0,0,2,3,0,0,9,11,0.0,0.130435,9,0,0,3,0.130435,9,1,1,0,0,1,60,85,3,2,0,0,2,0,2,0,8,13,0,8,0,60,85,3,2,0,0,2,0,2,0,8,13,0,8,0,0,0,26,4,4,0,19,4,0,0,0,2,7,0,2,0,0,0,0,0,0
189,L1594,SaxParserXxeDetectorTest,com.h3xstream.findsecbugs.xxe.SaxParserXxeDetectorTest,L1546,L103,C:\Users\domco\Desktop\DP\repos\find-sec-bugs\plugin\src\test\java\com\h3xstream\findsecbugs\xxe\SaxParserXxeDetectorTest.java,29,1,141,2,0.994118,5,9,9,0.920354,0.977273,104,86,1,0,0,4,3,0,0,9,13,0.0,0.102041,10,0,0,5,0.102041,10,1,1,0,0,1,88,113,3,2,0,0,4,0,4,0,10,22,0,10,0,88,113,3,2,0,0,4,0,4,0,10,22,0,10,0,0,0,44,5,18,0,33,18,0,0,0,4,11,0,1,0,0,0,0,0,0
190,L1600,XmlReaderDetectorTest,com.h3xstream.findsecbugs.xxe.XmlReaderDetectorTest,L1546,L103,C:\Users\domco\Desktop\DP\repos\find-sec-bugs\plugin\src\test\java\com\h3xstream\findsecbugs\xxe\XmlReaderDetectorTest.java,28,1,59,2,0.979592,3,3,3,0.90625,0.923077,29,24,1,0,0,1,3,0,0,9,10,0.0,0.103448,3,0,0,2,0.103448,3,1,1,0,0,1,26,32,3,2,0,0,1,0,1,0,7,6,0,7,0,26,32,3,2,0,0,1,0,1,0,7,6,0,7,0,0,0,17,1,2,0,12,2,0,0,0,1,5,0,0,0,0,0,0,0,1.0
191,L1727,DereferencePolicy,com.unboundid.ldap.sdk.DereferencePolicy,L1713,L103,C:\Users\domco\Desktop\DP\repos\find-sec-bugs\plugin-deps\src\main\java\com\unboundid\ldap\sdk\DereferencePolicy.java,5,1,7,2,0.0,0,0,0,0.0,0.0,0,0,0,0,0,0,0,2,0,0,0,0.0,0.0,0,0,0,1,0.0,0,0,0,0,0,0,2,3,0,0,0,0,0,0,0,0,0,0,0,0,0,2,3,0,0,0,0,0,0,0,0,0,0,0,0,0,0,0,3,1,0,0,0,0,0,0,0,0,3,0,1,0,0,0,0,0,0
192,L1732,Entry,com.unboundid.ldap.sdk.Entry,L1713,L103,C:\Users\domco\Desktop\DP\repos\find-sec-bugs\plugin-deps\src\main\java\com\unboundid\ldap\sdk\Entry.java,3,1,7,2,0.0,0,0,0,0.0,0.0,0,0,0,0,0,1,0,2,1,0,1,0.0,0.0,0,0,0,2,0.0,0,0,0,1,2,0,5,5,0,1,0,1,1,0,1,0,1,1,0,1,0,5,5,0,1,0,1,1,0,1,0,1,1,0,1,0,0,0,5,0,0,0,0,0,0,0,0,0,5,0,0,0,0,0,0,0,0
193,L1735,LDAPConnection,com.unboundid.ldap.sdk.LDAPConnection,L1713,L103,C:\Users\domco\Desktop\DP\repos\find-sec-bugs\plugin-deps\src\main\java\com\unboundid\ldap\sdk\LDAPConnection.java,3,1,30,2,0.0,0,0,0,0.0,0.0,0,0,4,0,0,6,6,1,1,0,6,0.0,0.0,0,0,0,7,0.0,0,1,1,0,0,1,22,28,0,0,0,0,6,0,6,0,6,4,0,6,0,22,28,0,0,0,0,6,0,6,0,6,4,0,6,0,0,0,18,0,2,0,0,0,1,0,0,0,15,2,0,0,0,0,0,2,0
194,L1743,LDAPException,com.unboundid.ldap.sdk.LDAPException,L1713,L103,C:\Users\domco\Desktop\DP\repos\find-sec-bugs\plugin-deps\src\main\java\com\unboundid\ldap\sdk\LDAPException.java,3,1,7,2,0.0,0,0,0,0.0,0.0,0,0,0,0,0,1,1,2,1,0,1,0.0,0.0,0,0,0,2,0.0,0,0,0,0,0,0,5,5,0,1,0,1,1,0,1,0,1,1,0,1,0,5,5,0,1,0,1,1,0,1,0,1,1,0,1,0,0,0,5,1,0,0,0,0,0,0,0,0,5,0,1,0,0,0,0,0,0
195,L1822,ReadOnlyEntry,com.unboundid.ldap.sdk.ReadOnlyEntry,L1713,L103,C:\Users\domco\Desktop\DP\repos\find-sec-bugs\plugin-deps\src\main\java\com\unboundid\ldap\sdk\ReadOnlyEntry.java,3,1,4,2,0.0,0,0,0,0.0,0.0,0,0,0,0,0,0,1,1,0,0,0,0.0,0.0,0,0,0,1,0.0,0,1,1,1,1,1,2,2,0,1,0,0,0,0,0,0,1,0,0,1,0,2,2,0,1,0,0,0,0,0,0,1,0,0,1,0,0,0,3,0,0,0,0,0,0,0,0,0,3,0,0,0,0,0,0,0,0
196,L1792,ResultCode,com.unboundid.ldap.sdk.ResultCode,L1713,L103,C:\Users\domco\Desktop\DP\repos\find-sec-bugs\plugin-deps\src\main\java\com\unboundid\ldap\sdk\ResultCode.java,3,1,15,2,0.0,0,0,0,0.0,0.0,0,0,0,0,0,1,0,2,0,0,1,0.0,0.0,0,0,0,1,0.0,0,0,0,0,0,0,8,13,3,0,3,0,1,2,0,0,1,1,2,0,0,8,13,3,0,3,0,1,2,0,0,1,1,2,0,0,0,0,9,3,1,1,0,0,0,0,0,2,5,0,1,0,0,0,0,4,0
197,L1751,SearchResult,com.unboundid.ldap.sdk.SearchResult,L1713,L103,C:\Users\domco\Desktop\DP\repos\find-sec-bugs\plugin-deps\src\main\java\com\unboundid\ldap\sdk\SearchResult.java,5,1,15,2,0.0,0,0,0,0.0,0.0,0,0,0,0,0,2,1,3,1,0,2,0.0,0.0,0,0,0,3,0.0,0,0,0,0,0,0,9,11,1,2,1,2,2,0,2,0,2,2,0,2,0,9,11,1,2,1,2,2,0,2,0,2,2,0,2,0,0,0,7,0,0,0,0,0,0,0,0,0,7,0,0,0,0,0,0,0,0
198,L1773,SearchResultEntry,com.unboundid.ldap.sdk.SearchResultEntry,L1713,L103,C:\Users\domco\Desktop\DP\repos\find-sec-bugs\plugin-deps\src\main\java\com\unboundid\ldap\sdk\SearchResultEntry.java,3,1,4,2,0.0,0,0,0,0.0,0.0,0,0,0,0,0,0,1,3,0,0,0,0.0,0.0,0,0,0,1,0.0,0,2,2,0,0,1,2,2,0,1,0,0,0,0,0,0,1,0,0,1,0,2,2,0,1,0,0,0,0,0,0,1,0,0,1,0,0,0,3,0,0,0,0,0,0,0,0,0,3,0,0,0,0,0,0,0,0
199,L1756,SearchScope,com.unboundid.ldap.sdk.SearchScope,L1713,L103,C:\Users\domco\Desktop\DP\repos\find-sec-bugs\plugin-deps\src\main\java\com\unboundid\ldap\sdk\SearchScope.java,3,1,18,2,0.0,0,0,0,0.0,0.0,0,0,0,0,0,1,0,3,0,0,1,0.0,0.0,0,0,0,1,0.0,0,0,0,0,0,0,14,16,9,0,9,0,1,8,0,0,1,1,8,0,0,14,16,9,0,9,0,1,8,0,0,1,1,8,0,0,0,0,11,2,1,1,0,0,0,0,0,2,5,0,0,0,0,0,0,6,0
200,L242,BugInstanceMatcher,com.h3xstream.findbugs.test.matcher.BugInstanceMatcher,L238,L103,C:\Users\domco\Desktop\DP\repos\find-sec-bugs\findbugs-test-util\src\test\java\com\h3xstream\findbugs\test\matcher\BugInstanceMatcher.java,24,1,122,2,0.0,0,0,0,0.0,0.0,0,0,1,3,3,26,0,1,1,0,4,0.25,0.0978261,9,9,1,3,0.0978261,9,0,0,0,0,0,83,99,6,0,6,0,4,0,3,0,4,55,0,3,0,83,99,6,0,6,0,4,0,3,0,4,55,0,3,0,0,0,12,0,11,0,0,5,0,1,0,6,9,0,0,0,0,0,0,2,0
201,L180,BugInstanceMatcherBuilder,com.h3xstream.findbugs.test.matcher.BugInstanceMatcherBuilder,L238,L103,C:\Users\domco\Desktop\DP\repos\find-sec-bugs\findbugs-test-util\src\test\java\com\h3xstream\findbugs\test\matcher\BugInstanceMatcherBuilder.java,27,1,77,2,0.0,0,0,0,0.0,0.0,0,0,1,0,0,7,1,51,74,1,8,0.25,0.222222,10,6,2,6,0.222222,10,0,0,0,0,0,35,51,6,0,6,0,7,0,7,0,7,13,0,7,0,35,51,6,0,6,0,7,0,7,0,7,13,0,7,0,0,0,16,0,1,0,0,0,0,0,0,0,15,0,1,0,0,0,0,1,0
202,L137,ClassFileLocator,com.h3xstream.findbugs.test.service.ClassFileLocator,L319,L103,C:\Users\domco\Desktop\DP\repos\find-sec-bugs\findbugs-test-util\src\test\java\com\h3xstream\findbugs\test\service\ClassFileLocator.java,24,1,57,2,0.0,0,0,0,0.0,0.0,0,0,0,1,1,4,0,1,2,0,3,0.333333,0.178571,5,4,1,2,0.178571,5,0,0,0,0,0,23,34,0,3,0,3,3,0,2,0,3,14,0,2,0,23,34,0,3,0,3,3,0,2,0,3,14,0,2,0,0,0,7,0,0,0,0,0,0,0,0,0,7,0,0,0,0,0,0,0,0
203,L141,FindBugsLauncher,com.h3xstream.findbugs.test.service.FindBugsLauncher,L319,L103,C:\Users\domco\Desktop\DP\repos\find-sec-bugs\findbugs-test-util\src\test\java\com\h3xstream\findbugs\test\service\FindBugsLauncher.java,39,1,132,2,0.0,0,0,0,0.0,0.0,0,0,1,1,1,5,0,1,1,0,2,0.5,0.342105,26,22,1,1,0.342105,26,0,0,0,0,0,50,94,2,0,2,0,2,0,1,0,2,37,0,1,0,50,94,2,0,2,0,2,0,1,0,2,37,0,1,0,0,1,1,1,2,2,0,1,0,0,0,0,1,0,0,0,0,1,0,0,0
204,L1129,JndiLdapInjectionSource,com.h3xstream.findsecbugs.injection.ldap.JndiLdapInjectionSource,L1120,L103,C:\Users\domco\Desktop\DP\repos\find-sec-bugs\plugin\src\main\java\com\h3xstream\findsecbugs\injection\ldap\JndiLdapInjectionSource.java,29,1,66,2,0.959016,2,7,2,0.789474,0.896552,30,26,1,3,3,9,2,1,0,1,3,0.0,0.0645161,2,0,0,3,0.0645161,2,1,1,0,0,1,29,38,1,1,1,1,2,0,2,0,2,16,0,2,0,29,38,1,1,1,1,2,0,2,0,2,16,0,2,0,0,4,25,0,0,4,18,0,0,0,0,0,7,0,0,0,0,0,0,0,0
205,L1140,LdapInjectionDetector,com.h3xstream.findsecbugs.injection.ldap.LdapInjectionDetector,L1120,L103,C:\Users\domco\Desktop\DP\repos\find-sec-bugs\plugin\src\main\java\com\h3xstream\findsecbugs\injection\ldap\LdapInjectionDetector.java,24,1,36,2,0.0,0,0,0,0.0,0.0,0,0,0,0,0,2,4,0,0,1,3,0.0,0.0,0,0,0,3,0.0,0,1,1,0,0,1,9,13,1,3,0,1,2,0,2,0,9,2,0,4,0,9,13,1,3,0,1,2,0,2,0,9,2,0,4,0,0,0,7,0,0,0,0,0,0,0,0,0,7,0,0,0,0,0,0,0,0
206,L1150,UnboundIdLdapInjectionSource,com.h3xstream.findsecbugs.injection.ldap.UnboundIdLdapInjectionSource,L1120,L103,C:\Users\domco\Desktop\DP\repos\find-sec-bugs\plugin\src\main\java\com\h3xstream\findsecbugs\injection\ldap\UnboundIdLdapInjectionSource.java,33,1,69,2,0.959016,2,7,2,0.810811,0.896552,30,26,1,3,3,9,2,1,0,1,3,0.333333,0.147059,5,4,1,2,0.147059,5,1,1,0,0,1,29,37,1,1,1,1,2,0,2,0,2,16,0,2,0,29,37,1,1,1,1,2,0,2,0,2,16,0,2,0,0,4,25,0,0,4,18,0,0,0,0,0,7,0,0,0,0,0,0,0,0
207,L1164,JndiLdapInjectionSourceTest,com.h3xstream.findsecbugs.injection.ldap.JndiLdapInjectionSourceTest,L1120,L103,C:\Users\domco\Desktop\DP\repos\find-sec-bugs\plugin\src\test\java\com\h3xstream\findsecbugs\injection\ldap\JndiLdapInjectionSourceTest.java,27,1,48,2,0.96,2,2,2,0.863636,0.882353,19,15,1,0,0,1,3,0,0,8,9,0.0,0.105263,2,0,0,2,0.105263,2,1,1,0,0,1,17,22,3,2,0,0,1,0,1,0,7,4,0,7,0,17,22,3,2,0,0,1,0,1,0,7,4,0,7,0,0,0,17,1,0,0,12,0,0,0,0,1,5,0,0,0,0,0,0,0,0
208,L1167,UnboundIdLdapInjectionSourceTest,com.h3xstream.findsecbugs.injection.ldap.UnboundIdLdapInjectionSourceTest,L1120,L103,C:\Users\domco\Desktop\DP\repos\find-sec-bugs\plugin\src\test\java\com\h3xstream\findsecbugs\injection\ldap\UnboundIdLdapInjectionSourceTest.java,27,1,48,2,0.96,2,2,2,0.863636,0.882353,19,15,1,0,0,1,3,0,0,8,9,0.0,0.105263,2,0,0,2,0.105263,2,1,1,0,0,1,17,22,3,2,0,0,1,0,1,0,7,4,0,7,0,17,22,3,2,0,0,1,0,1,0,7,4,0,7,0,0,0,17,1,0,0,12,0,0,0,0,1,5,0,0,0,0,0,0,0,0
209,L1174,RedirectionSource,com.h3xstream.findsecbugs.injection.redirect.RedirectionSource,L1170,L103,C:\Users\domco\Desktop\DP\repos\find-sec-bugs\plugin\src\main\java\com\h3xstream\findsecbugs\injection\redirect\RedirectionSource.java,27,1,72,2,0.341935,1,4,1,0.304348,0.351351,14,13,1,6,5,11,3,1,0,2,4,0.0,0.0512821,2,0,0,3,0.0512821,2,1,1,0,0,1,37,46,1,1,1,1,2,0,2,0,2,22,0,2,0,37,46,1,1,1,1,2,0,2,0,2,22,0,2,0,0,4,22,0,0,4,11,0,0,4,0,0,7,0,0,0,0,0,0,0,0
210,L1184,UnvalidatedRedirectDetector,com.h3xstream.findsecbugs.injection.redirect.UnvalidatedRedirectDetector,L1170,L103,C:\Users\domco\Desktop\DP\repos\find-sec-bugs\plugin\src\main\java\com\h3xstream\findsecbugs\injection\redirect\UnvalidatedRedirectDetector.java,24,1,37,2,0.0,0,0,0,0.0,0.0,0,0,0,0,0,2,3,0,0,1,3,0.0,0.0,0,0,0,3,0.0,0,1,1,0,0,1,9,14,1,3,0,1,2,0,2,0,9,2,0,4,0,9,14,1,3,0,1,2,0,2,0,9,2,0,4,0,0,0,7,0,0,0,0,0,0,0,0,0,7,0,0,0,0,0,0,0,0
211,L1199,ScriptEngineSource,com.h3xstream.findsecbugs.injection.script.ScriptEngineSource,L1191,L103,C:\Users\domco\Desktop\DP\repos\find-sec-bugs\plugin\src\main\java\com\h3xstream\findsecbugs\injection\script\ScriptEngineSource.java,29,1,65,2,0.876033,2,6,2,0.648649,0.758621,24,22,1,3,3,9,2,1,0,1,3,0.0,0.09375,3,0,0,3,0.09375,3,1,1,0,0,1,29,37,1,1,1,1,2,0,2,0,2,16,0,2,0,29,37,1,1,1,1,2,0,2,0,2,16,0,2,0,0,4,23,0,0,4,16,0,0,0,0,0,7,0,0,0,0,0,0,0,0
212,L1209,ScriptInjectionDetector,com.h3xstream.findsecbugs.injection.script.ScriptInjectionDetector,L1191,L103,C:\Users\domco\Desktop\DP\repos\find-sec-bugs\plugin\src\main\java\com\h3xstream\findsecbugs\injection\script\ScriptInjectionDetector.java,24,1,36,2,0.0,0,0,0,0.0,0.0,0,0,0,0,0,2,4,0,0,1,3,0.0,0.0,0,0,0,3,0.0,0,1,1,0,0,1,9,13,1,3,0,1,2,0,2,0,9,2,0,4,0,9,13,1,3,0,1,2,0,2,0,9,2,0,4,0,0,0,7,0,0,0,0,0,0,0,0,0,7,0,0,0,0,0,0,0,0
213,L1216,SpelSource,com.h3xstream.findsecbugs.injection.script.SpelSource,L1191,L103,C:\Users\domco\Desktop\DP\repos\find-sec-bugs\plugin\src\main\java\com\h3xstream\findsecbugs\injection\script\SpelSource.java,26,1,78,2,0.582418,2,6,2,0.433962,0.55,23,22,1,3,3,14,2,1,0,1,3,0.0,0.0909091,4,0,0,3,0.0909091,4,1,1,0,0,1,40,53,1,1,1,1,2,0,2,0,2,22,0,2,0,40,53,1,1,1,1,2,0,2,0,2,22,0,2,0,0,7,23,0,0,7,16,0,0,0,0,0,7,0,0,0,0,0,0,0,0
214,L1229,ScriptEngineInjectionTest,com.h3xstream.findsecbugs.injection.script.ScriptEngineInjectionTest,L1191,L103,C:\Users\domco\Desktop\DP\repos\find-sec-bugs\plugin\src\test\java\com\h3xstream\findsecbugs\injection\script\ScriptEngineInjectionTest.java,28,1,56,2,0.6,1,1,1,0.517241,0.521739,15,12,1,0,0,1,3,0,0,8,9,0.0,0.08,2,0,0,2,0.08,2,1,1,0,0,1,23,29,3,2,0,0,1,0,1,0,7,5,0,7,0,23,29,3,2,0,0,1,0,1,0,7,5,0,7,0,0,0,16,1,0,0,11,0,0,0,0,1,5,0,0,0,0,0,0,0,0
215,L1232,SpelInjectionTest,com.h3xstream.findsecbugs.injection.script.SpelInjectionTest,L1191,L103,C:\Users\domco\Desktop\DP\repos\find-sec-bugs\plugin\src\test\java\com\h3xstream\findsecbugs\injection\script\SpelInjectionTest.java,30,1,60,2,0.0,0,0,0,0.0,0.0,0,0,1,1,1,2,3,0,0,8,9,0.0,0.107143,3,0,0,2,0.107143,3,1,1,0,0,1,25,31,3,2,0,0,1,0,1,0,7,6,0,7,0,25,31,3,2,0,0,1,0,1,0,7,6,0,7,0,0,0,5,1,0,0,0,0,0,0,0,1,5,0,0,0,0,0,0,0,0
216,L1246,HibernateInjectionSource,com.h3xstream.findsecbugs.injection.sql.HibernateInjectionSource,L1235,L103,C:\Users\domco\Desktop\DP\repos\find-sec-bugs\plugin\src\main\java\com\h3xstream\findsecbugs\injection\sql\HibernateInjectionSource.java,34,1,90,2,0.0,0,0,0,0.0,0.0,0,0,1,5,3,22,2,1,0,1,3,0.333333,0.150943,8,3,1,2,0.150943,8,1,1,0,0,1,45,57,1,1,1,1,2,0,2,0,2,25,0,2,0,45,57,1,1,1,1,2,0,2,0,2,25,0,2,0,0,13,8,0,0,13,0,0,0,1,0,0,7,0,0,0,0,0,0,0,0
217,L1257,JdoInjectionSource,com.h3xstream.findsecbugs.injection.sql.JdoInjectionSource,L1235,L103,C:\Users\domco\Desktop\DP\repos\find-sec-bugs\plugin\src\main\java\com\h3xstream\findsecbugs\injection\sql\JdoInjectionSource.java,34,1,91,2,0.0,0,0,0,0.0,0.0,0,0,1,8,3,28,2,1,0,1,3,0.333333,0.0925926,5,3,1,2,0.0925926,5,1,1,0,0,1,49,58,1,1,1,1,2,0,2,0,2,30,0,2,0,49,58,1,1,1,1,2,0,2,0,2,30,0,2,0,0,23,10,2,0,23,0,0,0,3,0,0,7,0,2,0,0,0,0,0,0
218,L1268,JpaInjectionSource,com.h3xstream.findsecbugs.injection.sql.JpaInjectionSource,L1235,L103,C:\Users\domco\Desktop\DP\repos\find-sec-bugs\plugin\src\main\java\com\h3xstream\findsecbugs\injection\sql\JpaInjectionSource.java,35,1,82,2,0.253589,1,4,1,0.291667,0.333333,14,13,1,5,3,19,2,1,0,1,3,0.333333,0.152174,7,5,1,2,0.152174,7,1,1,0,0,1,39,48,1,1,1,1,2,0,2,0,2,22,0,2,0,39,48,1,1,1,1,2,0,2,0,2,22,0,2,0,0,14,19,1,0,14,11,0,0,1,0,0,7,0,1,0,0,0,0,0,0
219,L1279,SqlInjectionDetector,com.h3xstream.findsecbugs.injection.sql.SqlInjectionDetector,L1235,L103,C:\Users\domco\Desktop\DP\repos\find-sec-bugs\plugin\src\main\java\com\h3xstream\findsecbugs\injection\sql\SqlInjectionDetector.java,24,1,36,2,0.0,0,0,0,0.0,0.0,0,0,0,0,0,2,5,0,0,1,3,0.0,0.0,0,0,0,3,0.0,0,1,1,0,0,1,9,13,1,3,0,1,2,0,2,0,9,2,0,4,0,9,13,1,3,0,1,2,0,2,0,9,2,0,4,0,0,0,7,0,0,0,0,0,0,0,0,0,7,0,0,0,0,0,0,0,0
220,L1292,HibernateInjectionSourceTest,com.h3xstream.findsecbugs.injection.sql.HibernateInjectionSourceTest,L1235,L103,C:\Users\domco\Desktop\DP\repos\find-sec-bugs\plugin\src\test\java\com\h3xstream\findsecbugs\injection\sql\HibernateInjectionSourceTest.java,30,1,59,2,0.686047,1,2,1,0.533333,0.565217,16,13,1,1,1,2,3,0,0,9,10,0.0,0.115385,3,0,0,2,0.115385,3,1,1,0,0,1,23,30,3,2,0,0,1,0,1,0,7,6,0,7,0,23,30,3,2,0,0,1,0,1,0,7,6,0,7,0,0,0,17,1,0,0,12,0,0,0,0,1,5,0,0,0,0,0,0,0,0
221,L1295,JdoInjectionSourceFilterTest,com.h3xstream.findsecbugs.injection.sql.JdoInjectionSourceFilterTest,L1235,L103,C:\Users\domco\Desktop\DP\repos\find-sec-bugs\plugin\src\test\java\com\h3xstream\findsecbugs\injection\sql\JdoInjectionSourceFilterTest.java,28,1,64,2,0.732673,4,4,4,0.621622,0.62963,23,17,1,0,0,1,3,0,0,9,10,0.0,0.129032,4,0,0,2,0.129032,4,1,1,0,0,1,27,37,3,2,0,0,1,0,1,0,7,6,0,7,0,27,37,3,2,0,0,1,0,1,0,7,6,0,7,0,0,0,17,1,0,0,12,0,0,0,0,1,5,0,0,0,0,0,0,0,0
222,L1298,JdoInjectionSourceTest,com.h3xstream.findsecbugs.injection.sql.JdoInjectionSourceTest,L1235,L103,C:\Users\domco\Desktop\DP\repos\find-sec-bugs\plugin\src\test\java\com\h3xstream\findsecbugs\injection\sql\JdoInjectionSourceTest.java,30,1,68,2,0.934426,2,4,2,0.794872,0.83871,31,26,1,1,1,3,3,0,0,9,10,0.0,0.0882353,3,0,0,2,0.0882353,3,1,1,0,0,1,31,39,3,2,0,0,1,0,1,0,7,8,0,7,0,31,39,3,2,0,0,1,0,1,0,7,8,0,7,0,0,0,17,1,0,0,12,0,0,0,0,1,5,0,0,0,0,0,0,0,0
223,L1301,JpaInjectionSourceTest,com.h3xstream.findsecbugs.injection.sql.JpaInjectionSourceTest,L1235,L103,C:\Users\domco\Desktop\DP\repos\find-sec-bugs\plugin\src\test\java\com\h3xstream\findsecbugs\injection\sql\JpaInjectionSourceTest.java,28,1,101,2,0.598173,5,6,5,0.513514,0.545455,38,30,1,1,1,3,3,0,0,9,11,0.0,0.126984,8,0,0,3,0.126984,8,1,1,0,0,1,55,74,3,2,0,0,2,0,2,0,8,13,0,8,0,55,74,3,2,0,0,2,0,2,0,8,13,0,8,0,0,0,26,4,0,0,19,0,0,0,0,2,7,0,2,0,0,0,0,0,0
224,L3871,FileUploadException,org.apache.commons.fileupload.FileUploadException,L3857,L103,C:\Users\domco\Desktop\DP\repos\find-sec-bugs\plugin-deps\src\main\java\org\apache\commons\fileupload\FileUploadException.java,3,1,4,2,0.0,0,0,0,0.0,0.0,0,0,0,0,0,0,0,1,0,0,0,0.0,0.0,0,0,0,1,0.0,0,0,0,0,0,0,2,2,0,0,0,0,0,0,0,0,0,0,0,0,0,2,2,0,0,0,0,0,0,0,0,0,0,0,0,0,0,0,3,1,0,0,0,0,0,0,0,0,3,0,1,0,0,0,0,0,0
225,L3891,StringEscapeUtils,org.apache.commons.lang3.StringEscapeUtils,L3888,L103,C:\Users\domco\Desktop\DP\repos\find-sec-bugs\plugin-deps\src\main\java\org\apache\commons\lang3\StringEscapeUtils.java,3,1,14,2,0.0,0,0,0,0.0,0.0,0,0,2,0,0,2,0,0,0,0,2,0.333333,0.111111,1,1,1,2,0.111111,1,0,0,0,0,0,8,12,0,0,0,0,2,0,2,0,2,2,0,2,0,8,12,0,0,0,0,2,0,2,0,2,2,0,2,0,0,0,6,0,0,0,0,0,1,0,0,0,5,0,0,0,0,0,0,0,0
226,L3901,StringEscapeUtils,org.apache.commons.lang.StringEscapeUtils,L3898,L103,C:\Users\domco\Desktop\DP\repos\find-sec-bugs\plugin-deps\src\main\java\org\apache\commons\lang\StringEscapeUtils.java,3,1,11,2,0.0,0,0,0,0.0,0.0,0,0,1,0,0,1,0,1,1,0,1,0.5,0.166667,1,1,1,1,0.166667,1,0,0,0,0,0,5,9,0,0,0,0,1,0,1,0,1,1,0,1,0,5,9,0,0,0,0,1,0,1,0,1,1,0,1,0,0,0,3,0,0,0,0,0,0,0,0,0,3,0,0,0,0,0,0,0,0
227,L3917,Action,org.apache.struts.action.Action,L3907,L103,C:\Users\domco\Desktop\DP\repos\find-sec-bugs\plugin-deps\src\main\java\org\apache\struts\action\Action.java,6,1,12,2,0.0,0,0,0,0.0,0.0,0,0,1,0,0,1,5,1,0,0,1,0.0,0.0,0,0,0,2,0.0,0,0,0,1,1,0,6,7,0,0,0,0,1,0,1,0,1,1,0,1,0,6,7,0,0,0,0,1,0,1,0,1,1,0,1,0,0,0,5,1,0,0,0,0,0,0,0,1,5,0,0,0,0,0,0,0,0
228,L3933,ActionErrors,org.apache.struts.action.ActionErrors,L3907,L103,C:\Users\domco\Desktop\DP\repos\find-sec-bugs\plugin-deps\src\main\java\org\apache\struts\action\ActionErrors.java,3,1,4,2,0.0,0,0,0,0.0,0.0,0,0,0,0,0,0,1,1,0,0,0,0.0,0.0,0,0,0,1,0.0,0,1,1,0,0,1,2,2,0,0,0,0,0,0,0,0,1,0,0,1,0,2,2,0,0,0,0,0,0,0,0,1,0,0,1,0,0,0,3,0,0,0,0,0,0,0,0,0,3,0,0,0,0,0,0,0,0
229,L3928,ActionForm,org.apache.struts.action.ActionForm,L3907,L103,C:\Users\domco\Desktop\DP\repos\find-sec-bugs\plugin-deps\src\main\java\org\apache\struts\action\ActionForm.java,3,1,4,2,0.0,0,0,0,0.0,0.0,0,0,0,0,0,0,0,4,0,0,0,0.0,0.0,0,0,0,1,0.0,0,0,0,2,2,0,2,2,0,0,0,0,0,0,0,0,0,0,0,0,0,2,2,0,0,0,0,0,0,0,0,0,0,0,0,0,0,0,3,0,0,0,0,0,0,0,0,0,3,0,0,0,0,0,0,0,0
230,L3924,ActionMapping,org.apache.struts.action.ActionMapping,L3907,L103,C:\Users\domco\Desktop\DP\repos\find-sec-bugs\plugin-deps\src\main\java\org\apache\struts\action\ActionMapping.java,3,1,7,2,0.0,0,0,0,0.0,0.0,0,0,1,0,0,1,1,3,1,0,1,0.0,0.0,0,0,0,2,0.0,0,0,0,0,0,0,5,5,0,0,0,0,1,0,1,0,1,1,0,1,0,5,5,0,0,0,0,1,0,1,0,1,1,0,1,0,0,0,5,0,0,0,0,0,0,0,0,0,5,0,0,0,0,0,0,0,0
231,L3944,ActionMessage,org.apache.struts.action.ActionMessage,L3907,L103,C:\Users\domco\Desktop\DP\repos\find-sec-bugs\plugin-deps\src\main\java\org\apache\struts\action\ActionMessage.java,3,1,6,2,0.0,0,0,0,0.0,0.0,0,0,0,0,0,1,0,2,1,0,1,0.0,0.0,0,0,0,2,0.0,0,0,0,0,0,0,4,4,0,0,0,0,1,0,1,0,1,0,0,1,0,4,4,0,0,0,0,1,0,1,0,1,0,0,1,0,0,0,5,0,1,0,0,0,0,0,0,0,5,1,0,0,0,0,0,0,0
232,L3934,ActionMessages,org.apache.struts.action.ActionMessages,L3907,L103,C:\Users\domco\Desktop\DP\repos\find-sec-bugs\plugin-deps\src\main\java\org\apache\struts\action\ActionMessages.java,5,1,10,2,0.0,0,0,0,0.0,0.0,0,0,1,0,0,1,1,2,1,0,1,0.0,0.0,0,0,0,2,0.0,0,0,0,1,1,0,4,6,0,0,0,0,1,0,1,0,1,0,0,1,0,4,6,0,0,0,0,1,0,1,0,1,0,0,1,0,0,0,5,1,1,0,0,0,0,0,0,0,5,1,1,0,0,0,0,0,0
233,L3955,ValidatorForm,org.apache.struts.validator.ValidatorForm,L3952,L103,C:\Users\domco\Desktop\DP\repos\find-sec-bugs\plugin-deps\src\main\java\org\apache\struts\validator\ValidatorForm.java,3,1,4,2,0.0,0,0,0,0.0,0.0,0,0,0,0,0,0,0,2,0,0,0,0.0,0.0,0,0,0,1,0.0,0,0,0,2,2,0,2,2,0,0,0,0,0,0,0,0,0,0,0,0,0,2,2,0,0,0,0,0,0,0,0,0,0,0,0,0,0,0,3,0,0,0,0,0,0,0,0,0,3,0,0,0,0,0,0,0,0
234,L4060,BouncyCastleProvider,org.bouncycastle.jce.provider.BouncyCastleProvider,L4055,L103,C:\Users\domco\Desktop\DP\repos\find-sec-bugs\plugin-deps\src\main\java\org\bouncycastle\jce\provider\BouncyCastleProvider.java,5,1,10,2,0.0,0,0,0,0.0,0.0,0,0,0,0,0,1,0,1,1,0,1,0.0,0.0,0,0,0,2,0.0,0,0,0,0,0,0,5,6,0,0,0,0,1,0,1,0,1,1,0,1,0,5,6,0,0,0,0,1,0,1,0,1,1,0,1,0,0,0,5,1,0,0,0,0,0,0,0,0,5,0,1,0,0,0,0,0,0
235,L4140,CipherText,org.owasp.esapi.crypto.CipherText,L4136,L103,C:\Users\domco\Desktop\DP\repos\find-sec-bugs\plugin-deps\src\main\java\org\owasp\esapi\crypto\CipherText.java,3,1,4,2,0.0,0,0,0,0.0,0.0,0,0,0,0,0,0,0,2,0,0,0,0.0,0.0,0,0,0,1,0.0,0,0,0,0,0,0,2,2,0,0,0,0,0,0,0,0,0,0,0,0,0,2,2,0,0,0,0,0,0,0,0,0,0,0,0,0,0,0,3,0,0,0,0,0,0,0,0,0,3,0,0,0,0,0,0,0,0
236,L4142,PlainText,org.owasp.esapi.crypto.PlainText,L4136,L103,C:\Users\domco\Desktop\DP\repos\find-sec-bugs\plugin-deps\src\main\java\org\owasp\esapi\crypto\PlainText.java,3,1,7,2,0.0,0,0,0,0.0,0.0,0,0,0,0,0,2,0,2,0,0,2,0.0,0.0,0,0,0,3,0.0,0,0,0,0,0,0,4,5,0,0,0,0,2,0,2,0,2,0,0,2,0,4,5,0,0,0,0,2,0,2,0,2,0,0,2,0,0,0,7,0,2,0,0,0,0,0,0,0,7,2,0,0,0,0,0,0,0
237,L4152,EncryptionException,org.owasp.esapi.errors.EncryptionException,L4172,L103,C:\Users\domco\Desktop\DP\repos\find-sec-bugs\plugin-deps\src\main\java\org\owasp\esapi\errors\EncryptionException.java,3,1,5,2,0.0,0,0,0,0.0,0.0,0,0,0,0,0,0,0,2,0,0,0,0.0,0.0,0,0,0,1,0.0,0,0,0,0,0,0,2,3,0,0,0,0,0,0,0,0,0,0,0,0,0,2,3,0,0,0,0,0,0,0,0,0,0,0,0,0,0,0,3,1,0,0,0,0,0,0,0,0,3,0,1,0,0,0,0,0,0
238,L4178,IntrusionException,org.owasp.esapi.errors.IntrusionException,L4172,L103,C:\Users\domco\Desktop\DP\repos\find-sec-bugs\plugin-deps\src\main\java\org\owasp\esapi\errors\IntrusionException.java,3,1,4,2,0.0,0,0,0,0.0,0.0,0,0,0,0,0,0,0,2,0,0,0,0.0,0.0,0,0,0,1,0.0,0,0,0,0,0,0,2,2,0,0,0,0,0,0,0,0,0,0,0,0,0,2,2,0,0,0,0,0,0,0,0,0,0,0,0,0,0,0,3,1,0,0,0,0,0,0,0,0,3,0,1,0,0,0,0,0,0
239,L4180,ValidationException,org.owasp.esapi.errors.ValidationException,L4172,L103,C:\Users\domco\Desktop\DP\repos\find-sec-bugs\plugin-deps\src\main\java\org\owasp\esapi\errors\ValidationException.java,3,1,4,2,0.0,0,0,0,0.0,0.0,0,0,0,0,0,0,0,0,0,0,0,0.0,0.0,0,0,0,1,0.0,0,0,0,0,0,0,2,2,0,0,0,0,0,0,0,0,0,0,0,0,0,2,2,0,0,0,0,0,0,0,0,0,0,0,0,0,0,0,3,1,0,0,0,0,0,0,0,0,3,0,1,0,0,0,0,0,0
240,L4216,TemplateAwareExpressionParser,org.springframework.expression.common.TemplateAwareExpressionParser,L4213,L103,C:\Users\domco\Desktop\DP\repos\find-sec-bugs\plugin-deps\src\main\java\org\springframework\expression\common\TemplateAwareExpressionParser.java,8,1,19,2,0.0,0,0,0,0.0,0.0,0,0,2,0,0,2,4,2,2,0,2,0.333333,0.111111,1,1,1,2,0.111111,1,1,1,1,1,1,8,12,0,0,0,0,2,0,2,0,2,2,0,2,0,8,12,0,0,0,0,2,0,2,0,2,2,0,2,0,0,0,6,2,0,0,0,2,1,0,0,0,5,0,0,0,0,0,0,0,0
241,L3867,DiskFileItemFactory,org.apache.commons.fileupload.disk.DiskFileItemFactory,L3864,L103,C:\Users\domco\Desktop\DP\repos\find-sec-bugs\plugin-deps\src\main\java\org\apache\commons\fileupload\disk\DiskFileItemFactory.java,3,1,4,2,0.0,0,0,0,0.0,0.0,0,0,0,0,0,0,0,2,0,0,0,0.0,0.0,0,0,0,1,0.0,0,0,0,0,0,0,2,2,0,0,0,0,0,0,0,0,0,0,0,0,0,2,2,0,0,0,0,0,0,0,0,0,0,0,0,0,0,0,3,0,0,0,0,0,0,0,0,0,3,0,0,0,0,0,0,0,0
242,L3876,ServletFileUpload,org.apache.commons.fileupload.servlet.ServletFileUpload,L3873,L103,C:\Users\domco\Desktop\DP\repos\find-sec-bugs\plugin-deps\src\main\java\org\apache\commons\fileupload\servlet\ServletFileUpload.java,9,1,17,2,0.0,0,0,0,0.0,0.0,0,0,1,0,0,2,3,1,1,0,2,0.0,0.0,0,0,0,3,0.0,0,0,0,0,0,0,7,9,0,0,0,0,2,0,2,0,2,1,0,2,0,7,9,0,0,0,0,2,0,2,0,2,1,0,2,0,0,0,7,0,1,0,0,0,0,0,0,0,7,1,0,0,0,0,0,0,0
243,L3972,Form,org.apache.tapestry5.corelib.components.Form,L3968,L103,C:\Users\domco\Desktop\DP\repos\find-sec-bugs\plugin-deps\src\main\java\org\apache\tapestry5\corelib\components\Form.java,3,1,6,2,0.0,0,0,0,0.0,0.0,0,0,1,0,0,1,0,1,1,0,1,0.0,0.0,0,0,0,2,0.0,0,0,0,0,0,0,4,4,0,0,0,0,1,0,1,0,1,0,0,1,0,4,4,0,0,0,0,1,0,1,0,1,0,0,1,0,0,0,5,0,2,0,0,1,0,0,0,0,5,1,0,0,0,0,0,0,0
244,L3983,WebPage,org.apache.wicket.markup.html.WebPage,L3978,L103,C:\Users\domco\Desktop\DP\repos\find-sec-bugs\plugin-deps\src\main\java\org\apache\wicket\markup\html\WebPage.java,3,1,4,2,0.0,0,0,0,0.0,0.0,0,0,0,0,0,0,0,1,0,0,0,0.0,0.0,0,0,0,1,0.0,0,0,0,1,1,0,2,2,0,0,0,0,0,0,0,0,0,0,0,0,0,2,2,0,0,0,0,0,0,0,0,0,0,0,0,0,0,0,3,0,0,0,0,0,0,0,0,0,3,0,0,0,0,0,0,0,0
245,L4016,FileUploadException,org.apache.wicket.util.upload.FileUploadException,L4008,L103,C:\Users\domco\Desktop\DP\repos\find-sec-bugs\plugin-deps\src\main\java\org\apache\wicket\util\upload\FileUploadException.java,3,1,4,2,0.0,0,0,0,0.0,0.0,0,0,0,0,0,0,0,1,0,0,0,0.0,0.0,0,0,0,1,0.0,0,0,0,0,0,0,2,2,0,0,0,0,0,0,0,0,0,0,0,0,0,2,2,0,0,0,0,0,0,0,0,0,0,0,0,0,0,0,3,1,0,0,0,0,0,0,0,0,3,0,1,0,0,0,0,0,0
246,L4018,ServletFileUpload,org.apache.wicket.util.upload.ServletFileUpload,L4008,L103,C:\Users\domco\Desktop\DP\repos\find-sec-bugs\plugin-deps\src\main\java\org\apache\wicket\util\upload\ServletFileUpload.java,6,1,10,2,0.0,0,0,0,0.0,0.0,0,0,1,0,0,1,2,1,1,0,1,0.0,0.0,0,0,0,2,0.0,0,0,0,0,0,0,5,5,0,0,0,0,1,0,1,0,1,1,0,1,0,5,5,0,0,0,0,1,0,1,0,1,1,0,1,0,0,0,5,0,0,0,0,0,0,0,0,0,5,0,0,0,0,0,0,0,0
247,L3992,PageParameters,org.apache.wicket.request.mapper.parameter.PageParameters,L3987,L103,C:\Users\domco\Desktop\DP\repos\find-sec-bugs\plugin-deps\src\main\java\org\apache\wicket\request\mapper\parameter\PageParameters.java,5,1,10,2,0.0,0,0,0,0.0,0.0,0,0,0,0,0,1,0,1,1,0,1,0.0,0.0,0,0,0,2,0.0,0,0,0,0,0,0,5,6,0,1,0,1,1,0,1,0,1,1,0,1,0,5,6,0,1,0,1,1,0,1,0,1,1,0,1,0,0,0,5,1,0,0,0,0,0,0,0,0,5,0,1,0,0,0,0,0,0
248,L4268,SpelExpressionParser,org.springframework.expression.spel.standard.SpelExpressionParser,L4264,L103,C:\Users\domco\Desktop\DP\repos\find-sec-bugs\plugin-deps\src\main\java\org\springframework\expression\spel\standard\SpelExpressionParser.java,5,1,10,2,0.0,0,0,0,0.0,0.0,0,0,0,0,0,1,1,1,3,0,1,0.0,0.0,0,0,0,2,0.0,0,2,2,0,0,1,4,6,0,0,0,0,1,0,1,0,3,0,0,3,0,4,6,0,0,0,0,1,0,1,0,3,0,0,3,0,0,0,5,0,2,0,0,1,0,0,0,0,5,1,0,0,0,0,0,0,0
249,L4276,StandardEvaluationContext,org.springframework.expression.spel.support.StandardEvaluationContext,L4273,L103,C:\Users\domco\Desktop\DP\repos\find-sec-bugs\plugin-deps\src\main\java\org\springframework\expression\spel\support\StandardEvaluationContext.java,5,1,14,2,0.0,0,0,0,0.0,0.0,0,0,0,0,0,2,1,1,3,0,2,0.0,0.0,0,0,0,3,0.0,0,1,1,0,0,1,6,10,0,0,0,0,2,0,2,0,2,0,0,2,0,6,10,0,0,0,0,2,0,2,0,2,0,0,2,0,0,0,7,0,2,0,0,0,0,0,0,0,7,2,0,0,0,0,0,0,0
250,L5888,WeakTrustManager$1,testcode.trustmanager.WeakTrustManager$1,L5884,L103,C:\Users\domco\Desktop\DP\repos\find-sec-bugs\plugin\src\test\java\testcode\trustmanager\WeakTrustManager.java,14,66,26,10,0.0,0,0,0,0.0,0.0,0,0,2,0,0,3,0,0,0,0,3,0.0,0.0,0,0,0,4,0.0,0,0,0,0,0,0,11,13,0,1,0,1,3,0,3,0,3,1,0,3,0,11,13,0,1,0,1,3,0,3,0,3,1,0,3,0,0,0,10,0,3,0,0,1,1,0,0,0,9,2,0,0,0,0,0,0,0
251,L6218,SaxParserSafePrivilegedExceptionAction$1,testcode.xxe.SaxParserSafePrivilegedExceptionAction$1,L6208,L103,C:\Users\domco\Desktop\DP\repos\find-sec-bugs\plugin\src\test\java\testcode\xxe\SaxParserSafePrivilegedExceptionAction.java,32,75,37,14,0.0,0,0,0,0.0,0.0,0,0,1,0,0,1,0,0,0,0,1,0.0,0.0,0,0,0,2,0.0,0,0,0,0,0,0,6,6,0,0,0,0,1,0,1,0,1,2,0,1,0,6,6,0,0,0,0,1,0,1,0,1,2,0,1,0,0,0,5,0,0,0,0,0,0,0,0,0,5,0,0,0,0,0,0,0,0
