,ID,Name,LongName,Parent,Component,Path,Line,Column,EndLine,EndColumn,CC,CCL,CCO,CI,CLC,CLLC,LDC,LLDC,LCOM5,NL,NLE,WMC,CBO,CBOI,NII,NOI,RFC,AD,CD,CLOC,DLOC,PDA,PUA,TCD,TCLOC,DIT,NOA,NOC,NOD,NOP,LLOC,LOC,NA,NG,NLA,NLG,NLM,NLPA,NLPM,NLS,NM,NOS,NPA,NPM,NS,TLLOC,TLOC,TNA,TNG,TNLA,TNLG,TNLM,TNLPA,TNLPM,TNLS,TNM,TNOS,TNPA,TNPM,TNS,WarningBlocker,WarningCritical,WarningInfo,WarningMajor,WarningMinor,Best Practice Rules,Clone Metric Rules,Code Style Rules,Cohesion Metric Rules,Complexity Metric Rules,Coupling Metric Rules,Design Rules,Documentation Metric Rules,Documentation Rules,Error Prone Rules,Inheritance Metric Rules,Multithreading Rules,Performance Rules,Security Rules,Size Metric Rules,isDefective
0,L17628,_HelloWorld,examples._HelloWorld,L17605,L103,C:\Users\domco\Desktop\DP\repos\mapdb\src\test\java\examples\_HelloWorld.java,14,1,43,2,0.0,0,0,0,0.0,0.0,0,0,1,0,0,1,2,1,1,8,9,0.5,0.407407,11,3,1,1,0.407407,11,0,0,0,0,0,16,30,0,0,0,0,1,0,1,0,1,9,0,1,0,16,30,0,0,0,0,1,0,1,0,1,9,0,1,0,0,0,1,0,0,0,0,0,0,0,0,0,1,0,0,0,0,0,0,0,0
1,L17632,_TempMap,examples._TempMap,L17605,L103,C:\Users\domco\Desktop\DP\repos\mapdb\src\test\java\examples\_TempMap.java,13,1,28,2,0.0,0,0,0,0.0,0.0,0,0,1,0,0,1,1,1,1,1,2,0.5,0.611111,11,5,1,1,0.611111,11,0,0,0,0,0,7,16,0,0,0,0,1,0,1,0,1,3,0,1,0,7,16,0,0,0,0,1,0,1,0,1,3,0,1,0,0,0,1,0,0,0,0,0,0,0,0,0,1,0,0,0,0,0,0,0,0
2,L17636,Bidi_Map,examples.Bidi_Map,L17605,L103,C:\Users\domco\Desktop\DP\repos\mapdb\src\test\java\examples\Bidi_Map.java,14,1,39,2,0.0,0,0,0,0.0,0.0,0,0,1,1,1,2,4,1,1,4,5,0.5,0.363636,8,3,1,1,0.363636,8,0,0,0,0,0,14,26,0,0,0,0,1,0,1,0,1,9,0,1,0,14,26,0,0,0,0,1,0,1,0,1,9,0,1,0,0,0,1,1,1,1,0,1,0,0,0,0,1,0,0,0,0,0,0,0,0
3,L17644,CacheEntryExpiry,examples.CacheEntryExpiry,L17605,L103,C:\Users\domco\Desktop\DP\repos\mapdb\src\test\java\examples\CacheEntryExpiry.java,17,1,65,2,0.0,0,0,0,0.0,0.0,0,0,1,1,1,4,5,1,1,12,14,0.333333,0.333333,14,5,1,2,0.333333,14,0,0,0,0,0,28,49,0,0,0,0,2,0,2,0,2,16,0,2,0,28,49,0,0,0,0,2,0,2,0,2,16,0,2,0,0,0,4,2,2,2,0,2,0,0,1,0,3,0,0,0,0,0,0,0,0
4,L17652,CacheOffHeap,examples.CacheOffHeap,L17605,L103,C:\Users\domco\Desktop\DP\repos\mapdb\src\test\java\examples\CacheOffHeap.java,15,1,55,2,0.714286,1,3,1,0.390244,0.578947,16,11,1,2,2,3,3,0,0,8,9,0.5,0.441176,15,6,1,1,0.441176,15,0,0,0,0,0,19,41,0,0,0,0,1,0,1,0,1,14,0,1,0,19,41,0,0,0,0,1,0,1,0,1,14,0,1,0,0,0,13,1,0,1,12,0,0,0,0,0,1,0,0,0,0,0,0,0,0
5,L17662,CacheOffHeapAdvanced,examples.CacheOffHeapAdvanced,L17605,L103,C:\Users\domco\Desktop\DP\repos\mapdb\src\test\java\examples\CacheOffHeapAdvanced.java,18,1,69,2,0.542636,1,3,1,0.307692,0.37931,16,11,1,2,2,3,6,0,0,15,16,0.5,0.42,21,11,1,1,0.42,21,0,0,0,0,0,29,52,0,0,0,0,1,0,1,0,1,15,0,1,0,29,52,0,0,0,0,1,0,1,0,1,15,0,1,0,0,0,14,1,0,1,12,0,0,0,1,0,1,0,0,0,0,0,0,0,0
6,L17667,Compression,examples.Compression,L17605,L103,C:\Users\domco\Desktop\DP\repos\mapdb\src\test\java\examples\Compression.java,15,1,52,2,0.0,0,0,0,0.0,0.0,0,0,1,0,0,1,5,1,1,10,11,0.5,0.564103,22,6,1,1,0.564103,22,0,0,0,0,0,17,38,0,0,0,0,1,0,1,0,1,8,0,1,0,17,38,0,0,0,0,1,0,1,0,1,8,0,1,0,0,0,1,0,0,0,0,0,0,0,0,0,1,0,0,0,0,0,0,0,0
7,L17671,Custom_Value,examples.Custom_Value,L17605,L103,C:\Users\domco\Desktop\DP\repos\mapdb\src\test\java\examples\Custom_Value.java,13,1,129,2,0.0,0,0,0,0.0,0.0,0,0,1,0,0,1,6,1,1,10,11,0.5,0.241379,7,3,1,1,0.306818,27,0,0,0,0,0,22,66,0,0,0,0,1,0,1,0,1,17,0,1,0,61,117,32,2,2,2,8,0,8,0,22,36,30,22,0,0,1,27,2,7,0,0,6,1,0,0,1,20,0,3,0,0,0,0,6,0
8,L17716,Histogram,examples.Histogram,L17605,L103,C:\Users\domco\Desktop\DP\repos\mapdb\src\test\java\examples\Histogram.java,17,1,44,2,0.0,0,0,0,0.0,0.0,0,0,1,1,1,2,5,1,1,3,4,0.5,0.478261,11,6,1,1,0.366667,11,0,0,0,0,0,12,21,0,0,0,0,1,0,1,0,1,8,0,1,0,19,28,0,0,0,0,2,0,2,0,2,15,0,2,0,0,0,7,1,5,1,0,5,0,0,0,0,7,0,0,0,0,0,0,0,0
9,L17739,Huge_Insert,examples.Huge_Insert,L17605,L103,C:\Users\domco\Desktop\DP\repos\mapdb\src\test\java\examples\Huge_Insert.java,18,1,115,2,0.0,0,0,0,0.0,0.0,0,0,2,1,1,3,7,2,2,10,12,0.333333,0.478261,33,6,1,2,0.402439,33,0,0,0,0,0,36,81,0,0,0,0,2,0,2,0,2,19,0,2,0,49,98,1,0,1,0,6,0,6,0,6,23,0,6,0,0,0,19,1,3,1,0,1,2,0,0,0,17,1,0,0,0,1,0,0,0
10,L17762,Lazily_Loaded_Records,examples.Lazily_Loaded_Records,L17605,L103,C:\Users\domco\Desktop\DP\repos\mapdb\src\test\java\examples\Lazily_Loaded_Records.java,18,1,67,2,0.0,0,0,0,0.0,0.0,0,0,1,0,0,1,7,1,1,14,15,0.5,0.651163,28,8,1,1,0.651163,28,0,0,0,0,0,15,50,0,0,0,0,1,0,1,0,1,10,0,1,0,15,50,0,0,0,0,1,0,1,0,1,10,0,1,0,0,0,2,2,0,2,0,0,0,0,1,0,1,0,0,0,0,0,0,0,0
11,L17769,Map_Size_Counter,examples.Map_Size_Counter,L17605,L103,C:\Users\domco\Desktop\DP\repos\mapdb\src\test\java\examples\Map_Size_Counter.java,13,1,48,2,0.0,0,0,0,0.0,0.0,0,0,1,0,0,1,8,1,1,13,14,0.5,0.387097,12,6,1,1,0.387097,12,0,0,0,0,0,19,36,0,0,0,0,1,0,1,0,1,11,0,1,0,19,36,0,0,0,0,1,0,1,0,1,11,0,1,0,0,0,2,0,0,0,0,0,0,0,1,0,1,0,0,0,0,0,0,0,0
12,L17773,MultiMap,examples.MultiMap,L17605,L103,C:\Users\domco\Desktop\DP\repos\mapdb\src\test\java\examples\MultiMap.java,15,1,49,2,0.0,0,0,0,0.0,0.0,0,0,1,1,1,2,5,1,1,8,9,0.5,0.366667,11,5,1,1,0.366667,11,0,0,0,0,0,19,35,0,0,0,0,1,0,1,0,1,12,0,1,0,19,35,0,0,0,0,1,0,1,0,1,12,0,1,0,0,0,1,2,0,2,0,0,0,0,0,0,1,0,0,0,0,0,0,0,0
13,L17778,Secondary_Key,examples.Secondary_Key,L17605,L103,C:\Users\domco\Desktop\DP\repos\mapdb\src\test\java\examples\Secondary_Key.java,14,1,47,2,0.0,0,0,0,0.0,0.0,0,0,1,0,0,1,5,1,1,4,5,0.5,0.416667,10,3,1,1,0.357143,10,0,0,0,0,0,14,30,0,0,0,0,1,0,1,0,1,8,0,1,0,18,34,0,0,0,0,2,0,2,0,2,9,0,2,0,0,0,6,2,2,2,0,2,0,0,0,0,6,0,0,0,0,0,0,0,0
14,L17791,Secondary_Map,examples.Secondary_Map,L17605,L103,C:\Users\domco\Desktop\DP\repos\mapdb\src\test\java\examples\Secondary_Map.java,15,1,36,2,0.0,0,0,0,0.0,0.0,0,0,1,0,0,1,6,1,1,5,6,0.5,0.388889,7,4,1,1,0.333333,7,0,0,0,0,0,11,19,0,0,0,0,1,0,1,0,1,6,0,1,0,14,22,0,0,0,0,2,0,2,0,2,7,0,2,0,0,0,7,1,0,1,0,0,0,0,0,0,7,0,0,0,0,0,0,0,0
15,L17807,Secondary_Values,examples.Secondary_Values,L17605,L103,C:\Users\domco\Desktop\DP\repos\mapdb\src\test\java\examples\Secondary_Values.java,12,1,62,2,0.0,0,0,0,0.0,0.0,0,0,1,1,1,2,9,1,1,10,11,0.5,0.357143,10,4,1,1,0.304348,14,0,0,0,0,0,18,35,0,0,0,0,1,0,1,0,1,10,0,1,0,32,51,3,0,3,0,3,0,2,0,3,14,0,2,0,0,0,9,3,3,2,0,3,0,0,0,0,9,0,1,0,0,0,0,0,0
16,L17841,SQL_Auto_Incremental_Unique_Key,examples.SQL_Auto_Incremental_Unique_Key,L17605,L103,C:\Users\domco\Desktop\DP\repos\mapdb\src\test\java\examples\SQL_Auto_Incremental_Unique_Key.java,15,1,41,2,0.0,0,0,0,0.0,0.0,0,0,1,0,0,1,4,1,1,5,6,0.5,0.576923,15,6,1,1,0.576923,15,0,0,0,0,0,11,27,0,0,0,0,1,0,1,0,1,7,0,1,0,11,27,0,0,0,0,1,0,1,0,1,7,0,1,0,0,0,1,1,0,1,0,0,0,0,0,0,1,0,0,0,0,0,0,0,0
17,L17845,Transactions,examples.Transactions,L17605,L103,C:\Users\domco\Desktop\DP\repos\mapdb\src\test\java\examples\Transactions.java,15,1,89,2,0.0,0,0,0,0.0,0.0,0,0,1,1,1,3,4,1,1,7,8,0.5,0.384615,25,5,1,1,0.384615,25,0,0,0,0,0,40,75,0,0,0,0,1,0,1,0,1,33,0,1,0,40,75,0,0,0,0,1,0,1,0,1,33,0,1,0,0,0,1,12,2,10,0,2,0,0,0,1,1,0,1,0,0,0,0,0,0
18,L17851,Transactions2,examples.Transactions2,L17605,L103,C:\Users\domco\Desktop\DP\repos\mapdb\src\test\java\examples\Transactions2.java,10,1,32,2,0.0,0,0,0,0.0,0.0,0,0,1,0,0,1,5,1,1,8,9,0.5,0.294118,5,3,1,1,0.238095,5,0,0,0,0,0,12,19,0,0,0,0,1,0,1,0,1,7,0,1,0,16,23,0,0,0,0,2,0,2,0,2,9,0,2,0,0,0,9,2,1,1,0,1,0,0,0,0,9,0,1,0,0,0,0,0,0
19,L17860,TreeMap_Composite_Key,examples.TreeMap_Composite_Key,L17605,L103,C:\Users\domco\Desktop\DP\repos\mapdb\src\test\java\examples\TreeMap_Composite_Key.java,19,1,106,2,0.0,0,0,0,0.0,0.0,0,0,1,0,0,1,0,1,1,0,1,1.0,0.95283,101,18,2,0,0.95283,101,0,0,0,0,0,5,88,0,0,0,0,1,0,1,0,1,0,0,1,0,5,88,0,0,0,0,1,0,1,0,1,0,0,1,0,0,0,0,0,0,0,0,0,0,0,0,0,0,0,0,0,0,0,0,0,0
20,L17865,TreeMap_Performance_Tunning,examples.TreeMap_Performance_Tunning,L17605,L103,C:\Users\domco\Desktop\DP\repos\mapdb\src\test\java\examples\TreeMap_Performance_Tunning.java,36,1,98,2,0.0,0,0,0,0.0,0.0,0,0,1,3,3,6,3,0,0,11,12,0.5,0.408451,29,26,1,1,0.408451,29,0,0,0,0,0,42,63,1,0,1,0,1,0,1,0,1,23,0,1,0,42,63,1,0,1,0,1,0,1,0,1,23,0,1,0,0,0,4,6,1,6,0,1,0,0,1,0,3,0,0,0,0,0,0,0,0
21,L259,Atomic,org.mapdb.Atomic,L105,L103,C:\Users\domco\Desktop\DP\repos\mapdb\src\main\java\org\mapdb\Atomic.java,88,1,792,2,0.346282,6,63,25,0.249645,0.405316,176,122,0,0,0,1,0,28,0,0,1,1.0,0.951613,59,59,1,0,0.550075,368,0,0,0,0,0,3,38,0,0,0,0,1,0,0,0,1,0,0,0,0,301,705,13,16,13,16,57,0,55,0,57,129,0,55,0,0,0,138,0,62,0,93,61,0,0,0,0,39,0,1,0,0,0,0,6,1.0
22,L528,Bind,org.mapdb.Bind,L105,L103,C:\Users\domco\Desktop\DP\repos\mapdb\src\main\java\org\mapdb\Bind.java,56,1,710,2,0.346184,2,44,6,0.219847,0.361011,144,100,7,4,4,26,6,17,11,5,15,1.0,0.732759,255,221,10,0,0.575804,376,0,0,0,0,0,93,354,0,0,0,0,10,0,9,0,10,35,0,9,0,277,655,0,0,0,0,24,0,22,0,24,144,0,22,0,0,0,74,0,8,0,44,8,1,9,0,0,19,0,0,1,0,0,0,0,1.0
23,L850,"BTreeKeySerializer<KEY extends Object, KEYS extends Object>",org.mapdb.BTreeKeySerializer,L105,L103,C:\Users\domco\Desktop\DP\repos\mapdb\src\main\java\org\mapdb\BTreeKeySerializer.java,17,1,2088,2,0.208975,10,93,21,0.164093,0.187902,340,292,4,3,3,43,11,39,59,31,50,0.277778,0.311828,58,46,5,13,0.129412,231,0,0,10,10,0,128,234,13,1,13,1,19,13,17,0,19,64,13,17,0,1554,2072,27,15,27,15,203,13,188,0,273,931,13,238,0,0,4,638,11,95,32,156,64,11,4,1,4,427,0,10,0,0,0,0,39,1.0
24,L921,"BTreeMap<K extends Object, V extends Object>",org.mapdb.BTreeMap,L105,L103,C:\Users\domco\Desktop\DP\repos\mapdb\src\main\java\org\mapdb\BTreeMap.java,96,1,3386,2,0.143642,15,129,33,0.120024,0.135282,395,324,11,6,6,308,31,56,183,66,140,0.0833333,0.229565,264,91,4,44,0.144131,404,1,1,0,0,1,886,1319,18,1,18,1,74,0,47,0,74,594,0,47,0,2399,3291,95,1,65,1,307,0,237,0,395,1360,30,301,0,0,47,933,19,266,17,202,226,8,24,11,68,636,0,20,0,0,1,0,52,1.0
25,L1686,CompressLZF,org.mapdb.CompressLZF,L105,L103,C:\Users\domco\Desktop\DP\repos\mapdb\src\main\java\org\mapdb\CompressLZF.java,111,1,404,2,0.0,0,0,0,0.0,0.0,0,0,1,3,3,47,1,5,6,0,7,0.2,0.410596,124,59,1,4,0.410596,124,0,0,0,0,0,178,294,5,0,5,0,7,0,4,0,7,126,0,4,0,178,294,5,0,5,0,7,0,4,0,7,126,0,4,0,0,0,5,0,12,6,0,3,0,1,0,2,3,0,1,0,0,0,0,1,0
26,L1028,DataIO,org.mapdb.DataIO,L105,L103,C:\Users\domco\Desktop\DP\repos\mapdb\src\main\java\org\mapdb\DataIO.java,10,1,1004,2,0.195725,8,28,13,0.149749,0.194767,149,134,21,2,2,54,3,82,187,1,25,0.208333,0.279851,75,44,5,19,0.192488,164,0,0,0,0,0,193,338,1,2,1,2,24,1,23,0,24,116,1,23,0,688,995,9,5,9,5,109,6,107,3,109,347,6,107,3,0,0,324,2,31,15,92,15,3,0,0,0,203,2,1,0,0,0,0,26,0
27,L1849,DB,org.mapdb.DB,L105,L103,C:\Users\domco\Desktop\DP\repos\mapdb\src\main\java\org\mapdb\DB.java,34,1,1902,2,0.144261,6,37,14,0.0963082,0.120676,180,150,1,9,3,204,39,118,289,55,113,0.5,0.250223,280,158,27,27,0.213291,337,0,0,0,0,0,839,1285,10,19,10,19,58,0,53,0,58,550,0,53,0,1243,1869,60,20,55,20,142,0,137,0,142,705,5,137,0,0,2,386,14,214,7,76,123,5,6,19,1,250,0,39,0,40,20,0,30,1.0
28,L3708,DBException,org.mapdb.DBException,L105,L103,C:\Users\domco\Desktop\DP\repos\mapdb\src\main\java\org\mapdb\DBException.java,11,1,109,2,0.0,0,0,0,0.0,0.0,0,0,0,0,0,2,0,20,7,0,2,0.333333,0.384615,5,5,1,2,0.0843373,7,0,0,5,11,0,8,27,0,0,0,0,2,0,2,0,2,2,0,2,0,76,99,0,0,0,0,16,0,15,0,49,16,0,47,0,0,0,65,1,0,0,0,0,0,0,0,0,65,0,1,0,0,0,0,0,1.0
29,L4849,DBMaker,org.mapdb.DBMaker,L105,L103,C:\Users\domco\Desktop\DP\repos\mapdb\src\main\java\org\mapdb\DBMaker.java,33,1,1142,2,0.0241058,1,2,2,0.018018,0.03367,20,20,2,6,3,122,29,105,226,34,101,0.86,0.422053,333,319,43,7,0.361976,337,0,0,0,0,0,456,932,5,0,5,0,67,0,49,0,67,231,0,49,0,594,1110,58,1,53,1,86,44,68,0,86,259,49,68,0,0,0,139,3,75,44,14,20,1,4,3,4,94,2,3,0,0,5,0,23,1.0
30,L5366,EncryptionXTEA,org.mapdb.EncryptionXTEA,L105,L103,C:\Users\domco\Desktop\DP\repos\mapdb\src\main\java\org\mapdb\EncryptionXTEA.java,33,1,236,2,0.587234,1,2,2,0.215686,0.26506,44,44,1,2,2,22,1,1,3,0,9,0.4,0.117021,22,18,2,3,0.117021,22,0,0,0,0,0,166,204,34,1,34,1,9,1,4,0,9,214,1,4,0,166,204,34,1,34,1,9,1,4,0,9,214,1,4,0,0,0,49,0,17,13,19,2,0,0,0,2,21,0,0,0,0,0,0,9,0
31,L625,Fun,org.mapdb.Fun,L105,L103,C:\Users\domco\Desktop\DP\repos\mapdb\src\main\java\org\mapdb\Fun.java,29,1,445,2,0.230399,1,25,5,0.155875,0.215232,65,65,9,8,1,24,4,104,21,0,10,0.555556,0.252632,24,24,5,4,0.146479,52,0,0,0,0,0,71,152,10,0,10,0,10,10,8,0,10,25,10,8,0,303,417,16,0,16,0,45,13,40,0,45,169,13,40,0,0,0,228,5,47,1,60,45,2,2,0,0,144,0,6,2,0,0,0,18,1.0
32,L4005,"HTreeMap<K extends Object, V extends Object>",org.mapdb.HTreeMap,L105,L103,C:\Users\domco\Desktop\DP\repos\mapdb\src\main\java\org\mapdb\HTreeMap.java,46,1,1794,2,0.0428775,3,15,5,0.0314465,0.0358779,55,47,3,6,6,252,20,37,65,36,81,0.269231,0.125502,125,49,7,19,0.102529,150,1,1,4,4,1,871,1186,32,5,32,5,45,0,25,0,45,643,0,25,0,1313,1749,80,7,50,7,97,11,71,1,160,869,41,119,1,0,10,318,7,143,8,23,115,7,21,4,22,223,0,10,0,0,5,0,40,1.0
33,L1797,LongConcurrentHashMap<V extends Object>,org.mapdb.LongConcurrentHashMap,L105,L103,C:\Users\domco\Desktop\DP\repos\mapdb\src\main\java\org\mapdb\LongConcurrentHashMap.java,38,1,1003,2,0.0,0,0,0,0.0,0.0,0,0,3,4,4,66,5,7,40,14,33,0.842105,0.493976,205,181,16,3,0.390443,335,0,0,0,0,0,210,501,11,0,11,0,19,0,18,0,19,156,0,18,0,523,966,28,1,28,1,49,0,29,1,65,349,0,36,1,0,5,98,1,101,5,0,88,2,12,0,6,76,0,7,1,0,1,0,7,0
34,L6668,Pump,org.mapdb.Pump,L105,L103,C:\Users\domco\Desktop\DP\repos\mapdb\src\main\java\org\mapdb\Pump.java,25,1,572,2,0.102421,1,6,2,0.0474453,0.0687831,26,26,4,4,4,61,15,3,15,16,25,0.714286,0.239645,81,56,5,2,0.185345,86,0,0,0,0,0,257,394,0,0,0,0,9,0,6,0,9,194,0,6,0,378,548,5,0,5,0,22,0,19,0,22,258,0,19,0,0,7,85,1,38,6,8,29,5,8,2,3,55,0,5,0,0,3,0,7,1.0
35,L4456,Queues,org.mapdb.Queues,L105,L103,C:\Users\domco\Desktop\DP\repos\mapdb\src\main\java\org\mapdb\Queues.java,32,1,441,2,0.0,0,0,0,0.0,0.0,0,0,0,0,0,1,0,1,0,0,1,1.0,0.5,3,3,1,0,0.0820669,27,0,0,0,0,0,3,25,0,0,0,0,1,0,0,0,1,0,0,0,0,302,410,42,0,12,0,42,0,41,0,134,148,30,133,0,0,0,114,0,23,0,0,22,1,0,0,1,97,0,0,0,0,0,0,16,1.0
36,L467,Serializer<A extends Object>,org.mapdb.Serializer,L105,L103,C:\Users\domco\Desktop\DP\repos\mapdb\src\main\java\org\mapdb\Serializer.java,32,1,1421,2,0.0450405,2,8,4,0.0316547,0.0372184,44,38,14,1,1,20,4,135,65,10,26,0.235294,0.404878,83,83,4,13,0.0892061,100,0,0,50,52,0,122,278,30,0,30,0,16,30,16,0,16,27,30,16,0,1021,1390,36,0,36,0,185,30,182,0,633,401,30,630,0,0,0,676,1,23,6,34,16,32,0,0,1,465,0,1,2,0,0,0,143,1.0
37,L489,SerializerBase,org.mapdb.SerializerBase,L105,L103,C:\Users\domco\Desktop\DP\repos\mapdb\src\main\java\org\mapdb\SerializerBase.java,30,1,2141,2,0.162192,14,54,34,0.169034,0.189897,357,312,5,2,2,130,31,50,59,17,50,0.111111,0.113608,91,27,1,8,0.0897507,162,1,1,2,2,1,710,1040,51,1,21,1,33,0,8,0,47,495,30,22,0,1643,2112,236,1,206,1,150,175,124,0,215,898,205,189,0,0,5,1140,19,253,192,514,79,19,7,1,2,551,0,3,3,0,1,0,45,1.0
38,L3770,SerializerPojo,org.mapdb.SerializerPojo,L105,L103,C:\Users\domco\Desktop\DP\repos\mapdb\src\main\java\org\mapdb\SerializerPojo.java,31,1,655,2,0.0,0,0,0,0.0,0.0,0,0,1,5,3,64,13,8,11,16,30,0.166667,0.13125,42,18,1,5,0.135458,68,2,2,0,0,1,278,413,64,3,13,2,14,0,5,1,61,168,30,27,1,434,625,79,5,28,4,31,0,17,2,92,254,30,53,2,0,4,91,10,51,7,0,43,2,1,1,7,74,0,4,0,0,4,0,13,1.0
39,L3309,Store,org.mapdb.Store,L105,L103,C:\Users\domco\Desktop\DP\repos\mapdb\src\main\java\org\mapdb\Store.java,24,1,1680,2,0.180071,5,63,12,0.143633,0.17166,238,212,4,5,5,83,16,29,70,28,52,0.214286,0.0911458,35,9,3,11,0.12037,169,1,1,3,5,1,349,507,22,4,17,4,24,0,13,0,33,235,5,22,0,1235,1657,58,9,53,9,111,2,83,0,124,729,7,96,0,0,8,440,17,203,18,110,138,3,26,3,7,264,7,56,0,0,2,0,34,1.0
40,L5165,StoreAppend,org.mapdb.StoreAppend,L105,L103,C:\Users\domco\Desktop\DP\repos\mapdb\src\main\java\org\mapdb\StoreAppend.java,12,1,455,2,0.0,0,0,0,0.0225225,0.0274725,10,10,4,10,4,74,15,3,2,34,57,0.0714286,0.0545455,21,4,1,13,0.0545455,21,2,2,0,0,1,364,444,36,4,14,3,23,0,13,0,42,231,5,24,0,364,444,36,4,14,3,23,0,13,0,42,231,5,24,0,0,0,67,5,20,2,3,15,1,5,1,4,49,1,2,0,0,1,0,8,1.0
41,L10283,StoreCached,org.mapdb.StoreCached,L105,L103,C:\Users\domco\Desktop\DP\repos\mapdb\src\main\java\org\mapdb\StoreCached.java,11,1,396,2,0.0499287,1,5,1,0.0595855,0.0785714,23,22,1,3,3,78,13,5,6,41,56,0.166667,0.142857,46,7,1,5,0.141104,46,3,3,1,1,1,276,382,52,5,3,1,15,0,5,0,80,189,5,31,0,280,386,52,5,3,1,16,0,6,0,81,190,5,32,0,0,5,55,0,33,0,11,33,0,2,2,4,34,0,1,0,0,0,0,6,1.0
42,L5174,StoreDirect,org.mapdb.StoreDirect,L105,L103,C:\Users\domco\Desktop\DP\repos\mapdb\src\main\java\org\mapdb\StoreDirect.java,9,1,912,2,0.0309681,1,5,1,0.0320796,0.0392157,29,26,7,5,3,223,16,17,60,41,87,0.0,0.12533,95,10,0,16,0.12533,95,2,2,1,2,1,663,904,49,4,27,3,46,0,15,0,65,445,5,26,0,663,904,49,4,27,3,46,0,15,0,65,445,5,26,0,0,0,120,1,82,8,12,71,1,7,3,0,85,2,1,0,0,1,0,12,1.0
43,L4127,StoreHeap,org.mapdb.StoreHeap,L105,L103,C:\Users\domco\Desktop\DP\repos\mapdb\src\main\java\org\mapdb\StoreHeap.java,10,1,265,2,0.0,0,0,0,0.0,0.0,0,0,5,5,5,54,9,7,24,11,28,0.0666667,0.0185185,4,3,1,14,0.0185185,4,2,2,0,0,1,212,256,27,4,5,3,17,0,14,0,36,138,5,25,0,212,256,27,4,5,3,17,0,14,0,36,138,5,25,0,0,3,46,1,22,0,0,20,1,4,0,2,37,1,3,0,0,0,0,4,1.0
44,L5180,StoreWAL,org.mapdb.StoreWAL,L105,L103,C:\Users\domco\Desktop\DP\repos\mapdb\src\main\java\org\mapdb\StoreWAL.java,37,1,881,2,0.134111,4,20,6,0.113609,0.107309,96,69,2,8,6,165,16,7,11,56,83,0.125,0.116758,85,4,1,7,0.116758,85,4,4,0,0,1,643,845,68,7,16,2,27,1,7,0,107,489,6,38,0,643,845,68,7,16,2,27,1,7,0,107,489,6,38,0,0,0,123,1,54,4,26,48,1,14,7,1,57,0,2,0,0,0,0,18,1.0
45,L5259,TxEngine,org.mapdb.TxEngine,L105,L103,C:\Users\domco\Desktop\DP\repos\mapdb\src\main\java\org\mapdb\TxEngine.java,35,1,621,2,0.133402,3,12,6,0.120954,0.133874,71,66,5,5,5,60,6,7,17,15,41,0.0526316,0.0357143,10,8,1,18,0.0256917,13,1,1,0,0,1,270,319,17,1,12,1,26,0,18,0,26,161,5,18,0,493,587,22,3,17,3,45,0,36,0,45,293,5,36,0,0,0,160,2,49,1,40,42,2,9,1,1,96,4,1,0,0,2,0,12,1.0
46,L5136,TxMaker,org.mapdb.TxMaker,L105,L103,C:\Users\domco\Desktop\DP\repos\mapdb\src\main\java\org\mapdb\TxMaker.java,27,1,108,2,0.0,0,0,0,0.0,0.0,0,0,1,3,3,17,6,15,28,10,16,0.428571,0.320513,25,21,3,4,0.320513,25,0,0,0,0,0,53,82,4,0,4,0,6,0,6,0,6,32,0,6,0,53,82,4,0,4,0,6,0,6,0,6,32,0,6,0,0,0,7,2,7,1,0,7,0,0,0,1,7,0,0,0,0,0,0,0,0
47,L10852,TxRollbackException,org.mapdb.TxRollbackException,L105,L103,C:\Users\domco\Desktop\DP\repos\mapdb\src\main\java\org\mapdb\TxRollbackException.java,23,1,26,2,0.0,0,0,0,0.0,0.0,0,0,0,0,0,0,0,10,0,0,0,1.0,0.571429,4,4,1,0,0.571429,4,0,0,0,0,0,3,4,1,0,1,0,0,0,0,0,0,0,0,0,0,3,4,1,0,1,0,0,0,0,0,0,0,0,0,0,0,0,0,0,0,0,0,0,0,0,0,0,0,0,0,0,0,0,0,0,0
48,L5158,Volume,org.mapdb.Volume,L105,L103,C:\Users\domco\Desktop\DP\repos\mapdb\src\main\java\org\mapdb\Volume.java,41,1,2515,2,0.101081,7,47,13,0.0759596,0.0945513,188,177,6,2,2,58,7,32,108,3,43,0.170732,0.233831,47,37,7,34,0.0805501,164,0,0,7,9,0,154,277,2,12,2,12,40,0,40,0,40,69,0,40,0,1872,2475,43,132,43,65,264,0,252,1,481,888,0,465,1,0,1,699,8,142,38,99,79,10,2,0,4,540,9,10,0,11,0,0,48,1.0
49,L12039,AtomicBooleanTest,org.mapdb.AtomicBooleanTest,L105,L103,C:\Users\domco\Desktop\DP\repos\mapdb\src\test\java\org\mapdb\AtomicBooleanTest.java,12,1,108,2,0.0,0,0,0,0.0,0.0,0,0,1,0,0,9,4,1,0,11,20,0.875,0.278481,22,22,7,1,0.271605,22,0,0,0,0,0,57,95,2,0,2,0,9,0,7,1,9,33,0,7,1,59,97,2,0,2,0,10,0,8,1,10,35,0,8,1,0,0,12,0,42,38,0,3,0,0,0,0,12,0,1,0,0,0,0,0,0
50,L12078,AtomicIntegerTest,org.mapdb.AtomicIntegerTest,L105,L103,C:\Users\domco\Desktop\DP\repos\mapdb\src\test\java\org\mapdb\AtomicIntegerTest.java,11,1,208,2,0.274691,2,4,3,0.166667,0.247863,33,29,1,1,1,22,4,1,0,20,38,0.941176,0.298781,49,49,16,1,0.295181,49,0,0,0,0,0,115,196,2,0,2,0,18,0,16,1,18,76,0,16,1,117,198,2,0,2,0,19,0,17,1,19,78,0,17,1,0,0,42,0,62,59,31,3,0,0,0,0,10,0,0,0,0,0,0,1,0
51,L12134,AtomicLongTest,org.mapdb.AtomicLongTest,L105,L103,C:\Users\domco\Desktop\DP\repos\mapdb\src\test\java\org\mapdb\AtomicLongTest.java,11,1,222,2,0.240541,2,4,3,0.15566,0.224806,33,29,2,1,1,23,5,1,0,23,42,0.888889,0.278409,49,49,16,2,0.275281,49,0,0,0,0,0,127,210,2,0,2,0,19,0,17,1,19,86,0,17,1,129,212,2,0,2,0,20,0,18,1,20,88,0,18,1,0,0,45,4,62,63,31,3,1,0,0,0,12,0,0,0,0,0,0,1,0
52,L12191,BindTest,org.mapdb.BindTest,L105,L103,C:\Users\domco\Desktop\DP\repos\mapdb\src\test\java\org\mapdb\BindTest.java,16,1,217,2,0.121156,1,2,2,0.138614,0.13245,28,20,3,7,2,19,9,2,2,11,19,0.0,0.0680272,10,0,0,7,0.0621118,10,0,0,0,0,0,137,188,1,0,1,0,8,0,6,0,8,114,0,6,0,151,202,1,0,1,0,11,0,9,0,11,119,0,9,0,0,0,71,3,41,35,34,7,1,2,0,0,34,0,1,0,0,1,0,0,1.0
53,L12246,BrokenDBTest,org.mapdb.BrokenDBTest,L105,L103,C:\Users\domco\Desktop\DP\repos\mapdb\src\test\java\org\mapdb\BrokenDBTest.java,9,1,151,2,0.237668,1,4,2,0.195804,0.211765,28,18,1,3,3,14,13,0,0,12,17,0.5,0.330579,40,23,3,3,0.32,40,0,0,0,0,0,81,139,2,0,2,0,5,0,5,0,5,54,0,5,0,85,143,4,0,4,0,5,1,5,0,5,54,1,5,0,0,3,30,1,10,1,15,7,0,0,1,1,8,0,4,0,0,1,0,6,1.0
54,L12288,BTreeKeySerializerTest,org.mapdb.BTreeKeySerializerTest,L105,L103,C:\Users\domco\Desktop\DP\repos\mapdb\src\test\java\org\mapdb\BTreeKeySerializerTest.java,14,1,496,2,0.26,3,8,8,0.219462,0.238889,106,86,6,2,2,50,15,17,0,27,58,0.0,0.0440678,13,0,0,29,0.0348525,13,0,0,0,0,0,282,395,1,0,1,0,31,0,28,0,31,171,0,28,0,360,483,1,0,1,0,49,0,46,0,49,195,0,46,0,0,0,264,26,67,49,102,42,1,0,2,0,155,0,1,0,0,1,0,4,0
55,L12432,BTreeMapContainsKeyTest,org.mapdb.BTreeMapContainsKeyTest,L105,L103,C:\Users\domco\Desktop\DP\repos\mapdb\src\test\java\org\mapdb\BTreeMapContainsKeyTest.java,13,1,69,2,0.0,0,0,0,0.0,0.0,0,0,1,0,0,3,7,1,0,8,11,0.333333,0.12,3,3,1,2,0.0714286,3,1,1,1,1,1,22,37,22,0,4,0,3,0,2,1,4,7,18,3,1,39,57,75,1,6,0,5,0,4,1,57,10,48,30,2,0,1,28,0,12,3,0,8,0,0,0,0,17,0,1,0,0,1,0,11,0
56,L12473,BTreeMapExtendTest,org.mapdb.BTreeMapExtendTest,L105,L103,C:\Users\domco\Desktop\DP\repos\mapdb\src\test\java\org\mapdb\BTreeMapExtendTest.java,27,1,7780,2,0.982432,331,6060,1137,0.952283,0.978254,7384,6118,6,5,5,906,4,1,0,34,130,0.0319149,0.0914643,629,9,3,91,0.0913846,629,0,0,1,1,0,6248,7747,19,0,19,0,96,0,93,1,96,5052,0,93,1,6254,7754,19,0,19,0,97,0,93,1,193,5053,0,186,2,0,417,895,116,1665,1262,568,19,1,29,2,78,178,2,825,0,0,12,0,117,0
57,L12703,BTreeMapLargeValsTest,org.mapdb.BTreeMapLargeValsTest,L105,L103,C:\Users\domco\Desktop\DP\repos\mapdb\src\test\java\org\mapdb\BTreeMapLargeValsTest.java,24,1,86,2,0.0,0,0,0,0.0,0.0,0,0,1,1,1,9,5,1,0,6,14,0.0,0.0,0,0,0,3,0.0,0,2,2,1,1,1,43,58,10,3,3,3,8,0,2,1,97,14,0,83,1,48,63,10,6,3,3,8,0,2,1,194,14,0,166,2,0,1,30,0,8,0,0,5,0,0,0,1,22,0,2,0,0,1,0,8,0
58,L12739,BTreeMapNavigable2Test,org.mapdb.BTreeMapNavigable2Test,L105,L103,C:\Users\domco\Desktop\DP\repos\mapdb\src\test\java\org\mapdb\BTreeMapNavigable2Test.java,8,1,514,2,0.358674,5,24,13,0.303748,0.374684,154,148,1,1,1,47,3,3,2,5,41,0.0,0.0416667,17,0,0,35,0.0411622,17,0,0,3,5,0,391,502,1,0,1,0,36,0,34,1,36,232,0,34,1,396,507,1,0,1,0,37,0,34,1,73,233,0,68,2,0,0,152,7,166,165,70,1,0,0,0,0,78,0,7,0,0,0,0,4,0
59,L12820,BTreeMapNavigableSubMapExclusiveTest,org.mapdb.BTreeMapNavigableSubMapExclusiveTest,L105,L103,C:\Users\domco\Desktop\DP\repos\mapdb\src\test\java\org\mapdb\BTreeMapNavigableSubMapExclusiveTest.java,5,1,30,2,0.0,0,0,0,0.0,0.0,0,0,1,0,0,2,1,1,0,1,3,0.0,0.0666667,1,0,0,3,0.047619,1,1,1,1,1,1,14,19,1,0,0,0,2,0,2,1,38,6,0,36,2,20,26,1,0,0,0,3,0,2,1,77,7,0,72,4,0,0,10,1,0,1,0,0,0,0,0,0,10,0,0,0,0,0,0,0,0
60,L12831,BTreeMapNavigableSubMapInclusiveTest,org.mapdb.BTreeMapNavigableSubMapInclusiveTest,L105,L103,C:\Users\domco\Desktop\DP\repos\mapdb\src\test\java\org\mapdb\BTreeMapNavigableSubMapInclusiveTest.java,5,1,27,2,0.0,0,0,0,0.0,0.0,0,0,1,0,0,2,1,1,0,1,3,0.0,0.0769231,1,0,0,3,0.0555556,1,1,1,1,1,1,12,18,1,0,0,0,2,0,2,1,38,4,0,36,2,17,23,1,0,0,0,3,0,2,1,77,5,0,72,4,0,0,10,1,0,1,0,0,0,0,0,0,10,0,0,0,0,0,0,0,0
61,L12841,BTreeMapNavigableTest,org.mapdb.BTreeMapNavigableTest,L105,L103,C:\Users\domco\Desktop\DP\repos\mapdb\src\test\java\org\mapdb\BTreeMapNavigableTest.java,58,1,355,2,0.244193,2,4,4,0.208054,0.239044,62,60,1,0,0,21,5,1,0,6,27,0.0526316,0.0238095,6,6,1,18,0.0233463,6,0,0,1,1,0,246,293,9,0,9,0,21,0,18,1,21,184,0,18,1,251,298,9,0,9,0,22,0,18,1,43,185,0,36,2,0,0,85,0,16,16,31,0,0,0,0,0,50,0,0,0,0,0,0,4,0
62,L12905,BTreeMapParTest,org.mapdb.BTreeMapParTest,L105,L103,C:\Users\domco\Desktop\DP\repos\mapdb\src\test\java\org\mapdb\BTreeMapParTest.java,10,1,46,2,0.0,0,0,0,0.0,0.0,0,0,1,0,0,1,6,1,0,8,9,0.0,0.0555556,1,0,0,2,0.0384615,1,0,0,0,0,0,17,28,2,0,2,0,1,0,1,0,1,5,0,1,0,25,37,2,0,2,0,2,0,2,0,2,11,0,2,0,0,0,10,1,4,2,0,2,0,0,0,1,10,0,0,0,0,0,0,0,0
63,L12925,BTreeMapSubSetTest,org.mapdb.BTreeMapSubSetTest,L105,L103,C:\Users\domco\Desktop\DP\repos\mapdb\src\test\java\org\mapdb\BTreeMapSubSetTest.java,13,1,880,2,0.73771,26,68,40,0.471198,0.673043,409,387,1,2,2,101,4,3,0,6,61,0.960784,0.264516,205,188,49,2,0.262148,205,1,1,0,0,1,570,860,18,0,0,0,55,0,50,2,56,480,18,51,2,577,868,18,0,0,0,56,0,51,2,57,481,18,52,2,0,18,262,19,223,217,187,16,0,0,0,8,67,0,19,0,0,0,0,8,0
64,L13122,BTreeMapTest,org.mapdb.BTreeMapTest,L105,L103,C:\Users\domco\Desktop\DP\repos\mapdb\src\test\java\org\mapdb\BTreeMapTest.java,15,1,707,2,0.22331,5,18,10,0.243867,0.217742,169,108,12,3,3,83,18,1,0,55,87,0.0,0.0577689,29,0,0,31,0.0552381,29,0,0,1,1,0,473,670,3,0,3,0,32,0,30,0,32,363,0,30,0,496,693,3,0,3,0,35,0,33,0,67,374,0,63,0,0,5,141,3,171,149,47,22,1,1,5,0,83,0,5,0,2,1,0,4,1.0
65,L13217,BTreeMapTest2,org.mapdb.BTreeMapTest2,L105,L103,C:\Users\domco\Desktop\DP\repos\mapdb\src\test\java\org\mapdb\BTreeMapTest2.java,22,1,82,2,0.0,0,0,0,0.0,0.0,0,0,1,1,1,9,5,1,0,6,14,0.0,0.0,0,0,0,2,0.0,0,2,2,1,1,1,42,56,9,3,2,3,8,0,1,1,97,14,0,82,1,47,61,9,6,2,3,8,0,1,1,194,14,0,164,2,0,1,30,0,3,0,0,2,0,0,0,0,22,0,1,0,0,1,0,8,0
66,L13237,BTreeMapTest3,org.mapdb.BTreeMapTest3,L105,L103,C:\Users\domco\Desktop\DP\repos\mapdb\src\test\java\org\mapdb\BTreeMapTest3.java,16,1,273,2,0.0,0,0,0,0.0,0.0,0,0,1,2,2,45,4,1,0,6,22,0.111111,0.05,11,10,1,8,0.0486726,11,2,2,1,1,1,209,251,7,3,0,3,16,0,8,0,105,155,0,89,0,215,258,7,6,0,3,17,0,8,0,211,156,0,178,0,0,0,48,0,8,6,0,2,0,0,0,0,40,0,0,0,0,0,0,8,0
67,L13294,BTreeMapTest4,org.mapdb.BTreeMapTest4,L105,L103,C:\Users\domco\Desktop\DP\repos\mapdb\src\test\java\org\mapdb\BTreeMapTest4.java,27,1,1908,2,0.361837,19,155,50,0.329968,0.367938,621,521,3,2,2,168,11,1,0,43,95,0.804348,0.181763,297,118,37,9,0.174825,300,0,0,1,1,0,1337,1792,2,0,2,0,52,0,45,1,52,1005,0,45,1,1416,1882,6,1,6,1,62,0,52,1,114,1027,0,97,2,0,92,270,57,349,294,134,26,4,4,2,43,104,0,132,0,0,3,0,22,0
68,L13578,BTreeMapTest5,org.mapdb.BTreeMapTest5,L105,L103,C:\Users\domco\Desktop\DP\repos\mapdb\src\test\java\org\mapdb\BTreeMapTest5.java,11,1,1422,2,0.686937,30,84,74,0.432011,0.593878,610,582,1,1,1,141,5,1,0,6,101,0.967033,0.235479,300,300,88,3,0.234375,300,1,1,1,1,1,974,1406,18,0,0,0,95,0,90,0,96,747,18,91,0,980,1412,18,0,0,0,96,0,90,0,193,748,18,182,0,0,40,331,37,420,438,224,0,0,3,1,18,82,0,41,0,0,0,0,21,0
69,L13828,BTreeMapTest6,org.mapdb.BTreeMapTest6,L105,L103,C:\Users\domco\Desktop\DP\repos\mapdb\src\test\java\org\mapdb\BTreeMapTest6.java,14,1,1279,2,0.638988,32,100,50,0.466035,0.591503,590,543,3,3,3,165,6,2,0,12,82,0.966102,0.200555,217,201,57,2,0.190893,218,1,1,1,1,1,865,1204,21,0,3,0,70,0,58,0,71,657,18,59,0,924,1266,21,0,3,0,83,0,58,0,155,685,18,118,0,0,27,401,22,334,294,263,49,1,4,1,11,113,0,29,0,0,0,0,19,0
70,L14087,BTreeSet2Test,org.mapdb.BTreeSet2Test,L105,L103,C:\Users\domco\Desktop\DP\repos\mapdb\src\test\java\org\mapdb\BTreeSet2Test.java,11,1,983,2,0.526303,23,76,30,0.410072,0.536296,399,362,8,3,3,130,8,0,0,14,62,0.945946,0.237978,193,178,35,2,0.227633,201,1,1,0,0,1,618,906,20,0,2,0,48,0,36,1,49,503,18,37,1,682,973,21,0,3,0,61,0,37,1,62,531,18,38,1,0,12,300,12,246,194,195,57,1,2,0,6,93,0,13,0,0,0,0,9,0
71,L14339,BTreeSet3Test,org.mapdb.BTreeSet3Test,L105,L103,C:\Users\domco\Desktop\DP\repos\mapdb\src\test\java\org\mapdb\BTreeSet3Test.java,14,1,1116,2,0.789139,28,93,61,0.555757,0.749676,613,578,1,2,2,117,5,0,0,5,72,0.952381,0.228916,228,228,60,3,0.227772,228,1,1,0,0,1,768,1098,18,0,0,0,67,0,62,2,68,660,18,63,2,773,1103,18,0,0,0,68,0,63,2,69,661,18,64,2,0,18,364,19,328,322,263,16,0,1,1,8,88,0,19,0,0,0,0,11,0
72,L14518,BTreeSetTest,org.mapdb.BTreeSetTest,L105,L103,C:\Users\domco\Desktop\DP\repos\mapdb\src\test\java\org\mapdb\BTreeSetTest.java,8,1,20,2,0.0,0,0,0,0.0,0.0,0,0,0,0,0,1,3,0,0,3,4,0.0,0.0,0,0,0,2,0.0,0,1,1,0,0,1,10,13,3,0,0,0,1,0,1,1,12,2,0,12,1,10,13,3,0,0,0,1,0,1,1,12,2,0,12,1,0,0,5,0,1,0,0,0,0,0,0,0,5,0,1,0,0,0,0,0,0
73,L14532,CacheWeakSoftRefTest,org.mapdb.CacheWeakSoftRefTest,L105,L103,C:\Users\domco\Desktop\DP\repos\mapdb\src\test\java\org\mapdb\CacheWeakSoftRefTest.java,10,1,54,2,0.0,0,0,0,0.0,0.0,0,0,0,0,0,0,0,0,0,0,0,0.0,0.954545,42,0,0,1,0.954545,42,0,0,0,0,0,2,45,0,0,0,0,0,0,0,0,0,0,0,0,0,2,45,0,0,0,0,0,0,0,0,0,0,0,0,0,0,0,1,0,0,0,0,0,0,0,0,0,1,0,0,0,0,0,0,0,0
74,L14534,CCTest,org.mapdb.CCTest,L105,L103,C:\Users\domco\Desktop\DP\repos\mapdb\src\test\java\org\mapdb\CCTest.java,8,1,13,2,0.0,0,0,0,0.0,0.0,0,0,1,0,0,1,2,0,0,1,2,0.0,0.0,0,0,0,2,0.0,0,0,0,0,0,0,5,6,0,0,0,0,1,0,1,0,1,1,0,1,0,5,6,0,0,0,0,1,0,1,0,1,1,0,1,0,0,0,5,0,1,1,0,0,0,0,0,0,5,0,0,0,0,0,0,0,0
75,L14537,ClosedThrowsExceptionTest,org.mapdb.ClosedThrowsExceptionTest,L105,L103,C:\Users\domco\Desktop\DP\repos\mapdb\src\test\java\org\mapdb\ClosedThrowsExceptionTest.java,14,1,155,2,0.0,0,0,0,0.0,0.0,0,0,1,0,0,15,3,6,0,11,26,0.0666667,0.0337079,3,3,1,14,0.0252101,3,0,0,6,6,0,86,112,1,0,1,0,15,0,14,0,15,42,0,14,0,116,142,1,0,1,0,21,0,14,0,105,48,0,98,0,0,0,65,2,22,4,0,18,0,0,0,0,63,0,2,0,0,0,0,2,0
76,L14582,CompressTest,org.mapdb.CompressTest,L105,L103,C:\Users\domco\Desktop\DP\repos\mapdb\src\test\java\org\mapdb\CompressTest.java,11,1,72,2,0.0,0,0,0,0.0,0.0,0,0,3,0,0,6,9,0,0,15,21,0.0,0.0212766,1,0,0,7,0.0212766,1,0,0,0,0,0,46,62,1,0,1,0,6,0,6,0,6,22,0,6,0,46,62,1,0,1,0,6,0,6,0,6,22,0,6,0,0,0,16,3,11,9,0,2,1,0,0,3,15,0,0,0,0,0,0,0,0
77,L12705,"ConcurrentMapInterfaceTest<K extends Object, V extends Object>",org.mapdb.ConcurrentMapInterfaceTest,L105,L103,C:\Users\domco\Desktop\DP\repos\mapdb\src\test\java\org\mapdb\ConcurrentMapInterfaceTest.java,32,1,809,2,0.543452,12,125,35,0.537275,0.565789,418,387,1,2,2,137,1,4,4,4,32,0.125,0.111688,86,24,3,21,0.111688,86,1,1,4,7,1,684,778,7,3,0,1,28,0,23,0,94,430,0,81,0,684,778,7,3,0,1,28,0,23,0,94,430,0,81,0,0,75,203,29,114,101,138,13,0,1,0,26,57,0,78,0,0,0,0,7,0
78,L14666,DataIOTest,org.mapdb.DataIOTest,L105,L103,C:\Users\domco\Desktop\DP\repos\mapdb\src\test\java\org\mapdb\DataIOTest.java,11,1,132,2,0.0,0,0,0,0.0,0.0,0,0,8,2,2,19,6,0,0,23,31,0.0,0.0194175,2,0,0,9,0.0194175,2,0,0,0,0,0,101,122,0,0,0,0,8,0,8,0,8,82,0,8,0,101,122,0,0,0,0,8,0,8,0,8,82,0,8,0,0,2,20,0,80,51,0,29,1,0,0,0,19,0,2,0,0,0,0,0,0
79,L14682,DataOutput2Test,org.mapdb.DataOutput2Test,L105,L103,C:\Users\domco\Desktop\DP\repos\mapdb\src\test\java\org\mapdb\DataOutput2Test.java,8,1,35,2,0.0,0,0,0,0.0,0.0,0,0,1,0,0,3,3,0,0,5,8,0.0,0.0434783,1,1,0,3,0.0434783,1,0,0,0,0,0,22,28,1,0,1,0,3,0,2,0,3,11,0,2,0,22,28,1,0,1,0,3,0,2,0,3,11,0,2,0,0,0,9,0,11,6,0,5,0,0,0,0,9,0,0,0,0,0,0,0,0
80,L14695,DBMakerTest,org.mapdb.DBMakerTest,L105,L103,C:\Users\domco\Desktop\DP\repos\mapdb\src\test\java\org\mapdb\DBMakerTest.java,14,1,405,2,0.0700713,1,2,2,0.0688775,0.0738462,27,24,19,1,1,33,23,0,0,41,73,0.0,0.0121581,4,0,0,32,0.0121581,4,0,0,0,0,0,325,392,1,0,1,0,32,0,31,0,32,150,0,31,0,325,392,1,0,1,0,32,0,31,0,32,150,0,31,0,0,0,87,6,87,66,14,3,1,0,2,12,67,0,12,0,0,0,0,3,1.0
81,L14772,DBTest,org.mapdb.DBTest,L105,L103,C:\Users\domco\Desktop\DP\repos\mapdb\src\test\java\org\mapdb\DBTest.java,18,1,183,2,0.0,0,0,0,0.0,0.0,0,0,4,0,0,15,10,0,0,31,46,0.0,0.0,0,0,0,16,0.0,0,0,0,0,0,0,128,166,2,1,2,1,15,0,15,0,15,83,0,15,0,128,166,2,1,2,1,15,0,15,0,15,83,0,15,0,0,0,34,2,37,35,0,2,1,0,0,0,33,0,2,0,0,0,0,0,1.0
82,L14796,EngineTest<ENGINE extends Engine>,org.mapdb.EngineTest,L105,L103,C:\Users\domco\Desktop\DP\repos\mapdb\src\test\java\org\mapdb\EngineTest.java,23,1,507,2,0.0664207,1,4,2,0.0412371,0.0520833,20,20,1,2,2,63,8,5,0,12,54,0.0512821,0.0169972,6,4,2,37,0.0153846,6,0,0,5,7,0,347,446,1,2,1,2,42,0,38,0,42,252,0,38,0,384,485,31,2,1,2,46,0,42,0,60,275,30,56,0,0,3,128,3,121,74,14,48,0,0,0,0,104,0,5,0,0,0,0,10,1.0
83,L14889,ExamplesTest,org.mapdb.ExamplesTest,L105,L103,C:\Users\domco\Desktop\DP\repos\mapdb\src\test\java\org\mapdb\ExamplesTest.java,9,1,94,2,0.0,0,0,0,0.0,0.0,0,0,1,0,0,19,19,0,0,19,38,0.0,0.0,0,0,0,20,0.0,0,0,0,0,0,0,60,86,1,0,1,0,19,0,19,0,19,19,0,19,0,60,86,1,0,1,0,19,0,19,0,19,19,0,19,0,0,0,43,19,1,19,0,1,0,0,1,0,41,0,0,0,0,0,0,1,0
84,L14950,Exec,org.mapdb.Exec,L105,L103,C:\Users\domco\Desktop\DP\repos\mapdb\src\test\java\org\mapdb\Exec.java,10,1,51,2,0.0,0,0,0,0.0,0.0,0,0,1,2,2,4,0,3,4,0,1,0.5,0.130435,3,3,1,1,0.0810811,3,0,0,0,0,0,20,27,0,0,0,0,1,0,1,0,1,13,0,1,0,34,42,0,0,0,0,2,0,2,0,2,20,0,2,0,0,0,10,5,1,0,0,1,0,0,0,5,10,0,0,0,0,0,0,0,0
85,L14983,FunTest,org.mapdb.FunTest,L105,L103,C:\Users\domco\Desktop\DP\repos\mapdb\src\test\java\org\mapdb\FunTest.java,9,1,71,2,0.0,0,0,0,0.0,0.0,0,0,4,5,5,20,2,0,0,3,7,0.0,0.0212766,1,0,0,5,0.0212766,1,0,0,0,0,0,46,63,1,0,1,0,4,0,4,0,4,41,0,4,0,46,63,1,0,1,0,4,0,4,0,4,41,0,4,0,0,0,15,0,22,15,0,7,1,3,0,0,11,0,0,0,0,0,0,0,1.0
86,L14995,HTreeMap2Test,org.mapdb.HTreeMap2Test,L105,L103,C:\Users\domco\Desktop\DP\repos\mapdb\src\test\java\org\mapdb\HTreeMap2Test.java,18,1,826,2,0.145464,5,17,9,0.132262,0.152397,107,89,18,2,2,84,17,0,0,63,96,0.03125,0.0711806,41,17,1,31,0.0656,41,0,0,0,0,0,535,758,4,1,4,1,33,0,31,0,33,423,0,31,0,584,809,37,21,5,1,44,0,38,0,224,438,0,138,0,0,3,230,7,171,138,89,28,1,0,6,6,119,0,7,0,0,2,0,15,1.0
87,L15192,HTreeMap3Test,org.mapdb.HTreeMap3Test,L105,L103,C:\Users\domco\Desktop\DP\repos\mapdb\src\test\java\org\mapdb\HTreeMap3Test.java,22,1,70,2,0.0,0,0,0,0.0,0.0,0,0,1,1,1,9,4,0,0,6,14,0.0,0.0,0,0,0,2,0.0,0,2,2,0,0,1,38,49,8,3,1,3,8,0,1,1,97,14,0,82,1,38,49,8,3,1,3,8,0,1,1,97,14,0,82,1,0,0,23,0,4,0,0,3,0,0,0,0,19,0,1,0,0,0,0,4,0
88,L14519,HTreeSetTest,org.mapdb.HTreeSetTest,L105,L103,C:\Users\domco\Desktop\DP\repos\mapdb\src\test\java\org\mapdb\HTreeSetTest.java,38,1,154,2,0.0,0,0,0,0.0,0.0,0,0,2,1,1,13,8,1,0,11,22,0.0833333,0.122449,12,4,1,11,0.122449,12,0,0,1,1,0,86,117,3,0,3,0,11,0,11,0,11,45,0,11,0,86,117,3,0,3,0,11,0,11,0,11,45,0,11,0,0,0,26,0,29,19,0,6,1,0,0,4,25,0,0,0,0,0,0,0,0
89,L15219,Issue112Test,org.mapdb.Issue112Test,L105,L103,C:\Users\domco\Desktop\DP\repos\mapdb\src\test\java\org\mapdb\Issue112Test.java,8,1,25,6,0.0,0,0,0,0.0,0.0,0,0,1,0,0,1,5,0,0,7,8,0.0,0.0,0,0,0,2,0.0,0,0,0,0,0,0,13,18,0,0,0,0,1,0,1,0,1,6,0,1,0,13,18,0,0,0,0,1,0,1,0,1,6,0,1,0,0,0,5,0,2,1,0,1,0,0,0,0,5,0,0,0,0,0,0,0,0
90,L15222,Issue114Test,org.mapdb.Issue114Test,L105,L103,C:\Users\domco\Desktop\DP\repos\mapdb\src\test\java\org\mapdb\Issue114Test.java,6,1,15,2,0.0,0,0,0,0.0,0.0,0,0,1,0,0,1,2,0,0,4,5,0.0,0.111111,1,0,0,2,0.111111,1,0,0,0,0,0,8,10,0,0,0,0,1,0,1,0,1,2,0,1,0,8,10,0,0,0,0,1,0,1,0,1,2,0,1,0,0,0,5,1,0,1,0,0,0,0,0,0,5,0,0,0,0,0,0,0,0
91,L15225,Issue132Test,org.mapdb.Issue132Test,L105,L103,C:\Users\domco\Desktop\DP\repos\mapdb\src\test\java\org\mapdb\Issue132Test.java,9,1,100,2,0.285714,1,4,2,0.217391,0.242424,20,16,1,2,2,12,2,0,0,8,12,0.0,0.0,0,0,0,3,0.0,0,0,0,0,0,0,66,92,0,0,0,0,4,0,2,0,4,58,0,2,0,66,92,0,0,0,0,4,0,2,0,4,58,0,2,0,0,0,26,2,4,2,15,4,0,0,0,0,11,0,0,0,0,0,0,0,0
92,L15239,Issue148Test,org.mapdb.Issue148Test,L105,L103,C:\Users\domco\Desktop\DP\repos\mapdb\src\test\java\org\mapdb\Issue148Test.java,13,1,174,2,0.158824,1,2,2,0.141975,0.121739,23,14,2,1,1,6,9,0,0,23,26,0.0,0.0416667,3,0,0,4,0.0336134,4,0,0,0,0,0,69,105,0,0,0,0,3,0,3,0,3,59,0,3,0,115,162,34,0,4,0,8,0,8,0,22,84,30,22,0,0,0,45,9,20,19,10,8,2,0,2,0,25,0,2,0,0,0,0,6,0
93,L15283,Issue150Test,org.mapdb.Issue150Test,L105,L103,C:\Users\domco\Desktop\DP\repos\mapdb\src\test\java\org\mapdb\Issue150Test.java,12,1,117,2,0.206304,3,22,3,0.132075,0.175,14,14,1,0,0,1,8,1,0,15,16,0.0,0.0952381,2,0,0,2,0.0243902,2,0,0,0,0,0,19,32,0,0,0,0,1,0,1,0,1,12,0,1,0,80,106,32,2,2,2,9,0,9,2,23,45,30,23,2,0,0,50,4,8,2,15,7,1,0,1,1,27,0,2,0,0,0,0,6,0
94,L15333,Issue154Test,org.mapdb.Issue154Test,L105,L103,C:\Users\domco\Desktop\DP\repos\mapdb\src\test\java\org\mapdb\Issue154Test.java,10,1,100,2,0.682216,1,2,2,0.791209,0.705882,72,36,3,0,0,3,5,0,0,14,17,0.0,0.238806,16,0,0,4,0.238806,16,0,0,0,0,0,51,91,0,0,0,0,3,0,3,0,3,41,0,3,0,51,91,0,0,0,0,3,0,3,0,3,41,0,3,0,0,0,25,1,12,12,19,0,1,0,0,0,5,0,1,0,0,0,0,0,0
95,L15338,Issue157Test,org.mapdb.Issue157Test,L105,L103,C:\Users\domco\Desktop\DP\repos\mapdb\src\test\java\org\mapdb\Issue157Test.java,9,1,50,2,0.0,0,0,0,0.0,0.0,0,0,1,1,1,3,3,0,0,6,7,0.0,0.0909091,2,0,0,2,0.0625,2,0,0,0,0,0,20,32,0,0,0,0,1,0,1,0,1,12,0,1,0,30,42,0,0,0,0,3,0,3,0,3,20,0,3,0,0,0,15,0,3,0,0,2,0,0,0,0,15,0,0,0,0,1,0,0,0
96,L15351,Issue162Test,org.mapdb.Issue162Test,L105,L103,C:\Users\domco\Desktop\DP\repos\mapdb\src\test\java\org\mapdb\Issue162Test.java,11,1,117,2,0.559809,1,2,2,0.429907,0.45,46,36,1,1,1,4,7,0,0,15,18,0.0,0.0,0,0,0,3,0.0,0,0,0,0,0,0,45,62,1,0,1,0,3,0,2,0,3,31,0,2,0,80,107,32,0,2,0,9,0,8,0,23,47,30,22,0,0,0,53,14,9,13,19,5,1,0,0,2,27,0,3,0,0,0,0,6,0
97,L15393,Issue164Test,org.mapdb.Issue164Test,L105,L103,C:\Users\domco\Desktop\DP\repos\mapdb\src\test\java\org\mapdb\Issue164Test.java,10,1,100,2,0.0,0,0,0,0.0,0.0,0,0,1,2,2,3,4,0,0,9,10,0.0,0.0434783,1,0,0,2,0.0444444,4,0,0,0,0,0,22,27,0,0,0,0,1,0,1,0,1,12,0,1,0,86,91,5,3,5,3,10,0,10,3,10,40,0,10,3,0,0,26,4,12,5,0,3,0,0,0,4,26,0,0,0,0,4,0,0,0
98,L15433,Issue170Test,org.mapdb.Issue170Test,L105,L103,C:\Users\domco\Desktop\DP\repos\mapdb\src\test\java\org\mapdb\Issue170Test.java,8,1,22,2,0.0,0,0,0,0.0,0.0,0,0,1,1,1,2,3,0,0,6,7,0.0,0.0,0,0,0,2,0.0,0,0,0,0,0,0,13,15,0,0,0,0,1,0,1,0,1,5,0,1,0,13,15,0,0,0,0,1,0,1,0,1,5,0,1,0,0,0,5,1,0,1,0,0,0,0,0,0,5,0,0,0,0,0,0,0,0
99,L15438,Issue183Test,org.mapdb.Issue183Test,L105,L103,C:\Users\domco\Desktop\DP\repos\mapdb\src\test\java\org\mapdb\Issue183Test.java,10,1,73,2,0.0,0,0,0,0.0,0.0,0,0,1,0,0,1,6,0,0,12,13,0.0,0.0,0,0,0,2,0.0,0,0,0,0,0,0,34,48,0,0,0,0,1,0,1,0,1,17,0,1,0,45,64,31,0,1,0,3,0,3,0,17,19,30,17,0,0,0,20,0,1,1,0,0,1,0,1,0,12,0,0,0,0,0,0,6,0
100,L15457,Issue198Test,org.mapdb.Issue198Test,L105,L103,C:\Users\domco\Desktop\DP\repos\mapdb\src\test\java\org\mapdb\Issue198Test.java,7,1,22,2,0.0,0,0,0,0.0,0.0,0,0,1,1,1,2,5,0,0,9,10,0.0,0.0769231,1,0,0,2,0.0769231,1,0,0,0,0,0,12,16,0,0,0,0,1,0,1,0,1,8,0,1,0,12,16,0,0,0,0,1,0,1,0,1,8,0,1,0,0,0,5,1,1,1,0,1,0,0,0,0,5,0,0,0,0,0,0,0,0
101,L15463,Issue237Test,org.mapdb.Issue237Test,L105,L103,C:\Users\domco\Desktop\DP\repos\mapdb\src\test\java\org\mapdb\Issue237Test.java,11,1,45,2,0.0,0,0,0,0.0,0.0,0,0,1,0,0,3,3,0,0,7,10,0.0,0.0,0,0,0,3,0.0,0,0,0,0,0,0,26,35,1,0,1,0,3,0,2,0,3,15,0,2,0,26,35,1,0,1,0,3,0,2,0,3,15,0,2,0,0,0,9,2,2,3,0,1,0,0,0,0,9,0,0,0,0,0,0,0,0
102,L15475,Issue241,org.mapdb.Issue241,L105,L103,C:\Users\domco\Desktop\DP\repos\mapdb\src\test\java\org\mapdb\Issue241.java,9,1,77,2,0.0,0,0,0,0.0,0.0,0,0,1,0,0,2,5,0,0,9,11,0.0,0.16,4,0,0,2,0.390625,25,0,0,0,0,0,21,48,0,1,0,1,2,0,1,0,2,11,0,1,0,39,69,2,1,2,1,5,0,1,0,5,15,0,1,0,0,0,13,2,0,1,0,0,0,0,0,0,13,0,1,0,0,0,0,0,0
103,L15496,Issue247Test,org.mapdb.Issue247Test,L105,L103,C:\Users\domco\Desktop\DP\repos\mapdb\src\test\java\org\mapdb\Issue247Test.java,9,1,36,2,0.0,0,0,0,0.0,0.0,0,0,1,0,0,2,4,0,0,10,12,0.0,0.0454545,1,0,0,2,0.0454545,1,0,0,0,0,0,21,28,0,1,0,1,2,0,1,0,2,7,0,1,0,21,28,0,1,0,1,2,0,1,0,2,7,0,1,0,0,0,7,1,0,1,0,0,0,0,0,0,7,0,0,0,0,0,0,0,0
104,L15503,Issue249Test,org.mapdb.Issue249Test,L105,L103,C:\Users\domco\Desktop\DP\repos\mapdb\src\test\java\org\mapdb\Issue249Test.java,9,1,112,2,0.0,0,0,0,0.0,0.0,0,0,1,2,2,8,4,0,0,12,15,0.0,0.0571429,2,0,0,2,0.025,2,0,0,0,0,0,33,45,0,0,0,0,3,0,1,0,3,20,0,1,0,78,104,6,6,6,6,15,0,13,6,15,32,0,13,6,0,1,40,2,2,1,0,1,0,0,1,2,36,0,1,0,0,0,0,3,0
105,L15553,Issue254Test,org.mapdb.Issue254Test,L105,L103,C:\Users\domco\Desktop\DP\repos\mapdb\src\test\java\org\mapdb\Issue254Test.java,11,1,195,2,0.455385,2,14,7,0.416216,0.490446,77,77,2,1,1,25,9,0,0,29,42,0.0,0.0,0,0,0,14,0.0,0,0,0,0,0,0,157,185,1,0,1,0,13,0,13,0,13,79,0,13,0,157,185,1,0,1,0,13,0,13,0,13,79,0,13,0,0,1,77,2,52,50,47,2,1,0,0,0,29,0,3,0,0,0,0,0,1.0
106,L15573,Issue258Test,org.mapdb.Issue258Test,L105,L103,C:\Users\domco\Desktop\DP\repos\mapdb\src\test\java\org\mapdb\Issue258Test.java,10,1,49,2,0.0,0,0,0,0.0,0.0,0,0,1,2,2,5,2,0,0,6,7,0.0,0.142857,4,0,0,2,0.142857,4,0,0,0,0,0,24,40,0,0,0,0,1,0,1,0,1,18,0,1,0,24,40,0,0,0,0,1,0,1,0,1,18,0,1,0,0,0,5,2,1,2,0,1,0,0,0,0,5,0,0,0,0,0,0,0,0
107,L15581,Issue265Test,org.mapdb.Issue265Test,L105,L103,C:\Users\domco\Desktop\DP\repos\mapdb\src\test\java\org\mapdb\Issue265Test.java,8,1,47,2,0.8,1,2,2,0.6,0.648649,24,24,2,1,1,2,2,0,0,8,10,0.0,0.0263158,1,0,0,3,0.0263158,1,0,0,0,0,0,37,40,0,0,0,0,2,0,2,0,2,22,0,2,0,37,40,0,0,0,0,2,0,2,0,2,22,0,2,0,0,0,25,0,0,0,17,0,1,0,0,0,7,0,0,0,0,0,0,0,0
108,L15612,Issue266Test,org.mapdb.Issue266Test,L105,L103,C:\Users\domco\Desktop\DP\repos\mapdb\src\test\java\org\mapdb\Issue266Test.java,39,1,78,2,0.0,0,0,0,0.0,0.0,0,0,2,0,0,2,5,0,0,9,11,0.0,0.0,0,0,0,3,0.0,0,0,0,0,0,0,26,40,0,0,0,0,2,0,2,0,2,19,0,2,0,26,40,0,0,0,0,2,0,2,0,2,19,0,2,0,0,0,8,0,5,5,0,0,1,0,0,0,7,0,0,0,0,0,0,0,0
109,L15626,Issue308Test,org.mapdb.Issue308Test,L105,L103,C:\Users\domco\Desktop\DP\repos\mapdb\src\test\java\org\mapdb\Issue308Test.java,8,1,40,2,0.0,0,0,0,0.0,0.0,0,0,1,0,0,1,6,0,0,10,11,0.0,0.0,0,0,0,2,0.0,0,0,0,0,0,0,15,16,0,0,0,0,1,0,1,0,1,3,0,1,0,28,33,1,0,1,0,4,0,4,0,4,6,0,4,0,0,0,15,2,3,2,0,2,1,0,0,0,14,1,0,0,0,0,0,0,0
110,L15654,Issue312Test,org.mapdb.Issue312Test,L105,L103,C:\Users\domco\Desktop\DP\repos\mapdb\src\test\java\org\mapdb\Issue312Test.java,9,1,34,2,0.0,0,0,0,0.0,0.0,0,0,1,1,1,2,3,0,0,9,10,0.0,0.0,0,0,0,2,0.0,0,0,0,0,0,0,21,26,0,0,0,0,1,0,1,0,1,10,0,1,0,21,26,0,0,0,0,1,0,1,0,1,10,0,1,0,0,0,5,1,1,1,0,1,0,0,0,0,5,0,0,0,0,0,0,0,0
111,L15660,Issue321Test,org.mapdb.Issue321Test,L105,L103,C:\Users\domco\Desktop\DP\repos\mapdb\src\test\java\org\mapdb\Issue321Test.java,9,1,23,2,0.0,0,0,0,0.0,0.0,0,0,1,0,0,1,3,0,0,5,6,0.0,0.0,0,0,0,2,0.0,0,0,0,0,0,0,10,15,0,0,0,0,1,0,1,0,1,3,0,1,0,10,15,0,0,0,0,1,0,1,0,1,3,0,1,0,0,0,5,3,0,3,0,0,0,0,0,0,5,0,0,0,0,0,0,0,0
112,L15663,Issue332Test,org.mapdb.Issue332Test,L105,L103,C:\Users\domco\Desktop\DP\repos\mapdb\src\test\java\org\mapdb\Issue332Test.java,13,1,110,2,0.0,0,0,0,0.0,0.0,0,0,1,0,0,3,6,0,0,9,12,0.25,0.142857,6,4,1,3,0.0987654,8,0,0,0,0,0,36,51,2,0,2,0,3,1,3,0,3,17,1,3,0,73,98,32,0,2,0,8,1,6,0,22,40,31,20,0,0,0,32,1,7,3,0,4,1,0,0,0,22,0,1,0,0,0,0,9,0
113,L15700,Issue353Test,org.mapdb.Issue353Test,L105,L103,C:\Users\domco\Desktop\DP\repos\mapdb\src\test\java\org\mapdb\Issue353Test.java,19,1,85,2,0.0,0,0,0,0.0,0.0,0,0,1,2,2,10,5,0,0,16,21,0.0,0.0,0,0,0,4,0.0,0,0,0,0,0,0,60,67,4,0,4,0,5,0,3,0,5,34,0,3,0,60,67,4,0,4,0,5,0,3,0,5,34,0,3,0,0,0,14,0,10,7,0,1,0,0,1,2,13,0,0,0,0,0,0,0,0
114,L15721,Issue37Test,org.mapdb.Issue37Test,L105,L103,C:\Users\domco\Desktop\DP\repos\mapdb\src\test\java\org\mapdb\Issue37Test.java,14,1,59,2,0.0,0,0,0,0.0,0.0,0,0,1,2,2,6,3,0,0,6,7,0.0,0.0,0,0,0,2,0.0,0,0,0,0,0,0,35,46,0,0,0,0,1,0,1,0,1,29,0,1,0,35,46,0,0,0,0,1,0,1,0,1,29,0,1,0,0,0,5,0,11,5,0,6,0,0,0,0,5,0,0,0,0,0,0,0,0
115,L15730,Issue41Test,org.mapdb.Issue41Test,L105,L103,C:\Users\domco\Desktop\DP\repos\mapdb\src\test\java\org\mapdb\Issue41Test.java,18,1,281,2,0.173677,1,14,2,0.128788,0.168317,34,34,1,1,1,6,9,2,0,14,18,0.2,0.103448,6,6,1,4,0.0380952,8,0,0,0,0,0,52,77,7,0,7,0,4,0,4,1,4,20,0,4,1,202,264,45,0,15,0,18,1,17,1,46,86,31,45,1,0,0,107,3,6,3,28,4,2,0,0,1,57,0,1,0,0,0,0,20,0
116,L15845,Issue69Test,org.mapdb.Issue69Test,L105,L103,C:\Users\domco\Desktop\DP\repos\mapdb\src\test\java\org\mapdb\Issue69Test.java,17,1,76,2,0.0,0,0,0,0.0,0.0,0,0,1,3,3,8,2,0,0,7,10,0.25,0.137255,7,6,1,3,0.137255,7,0,0,0,0,0,44,60,1,0,1,0,3,0,3,1,3,22,0,3,1,44,60,1,0,1,0,3,0,3,1,3,22,0,3,1,0,0,9,3,3,3,0,2,0,0,0,0,9,0,1,0,0,0,0,0,0
117,L15866,Issue77Test,org.mapdb.Issue77Test,L105,L103,C:\Users\domco\Desktop\DP\repos\mapdb\src\test\java\org\mapdb\Issue77Test.java,11,1,67,2,0.0,0,0,0,0.0,0.0,0,0,1,1,1,9,3,0,0,8,14,0.0,0.148148,8,0,0,3,0.148148,8,0,0,0,0,0,46,57,2,1,2,1,6,0,2,0,6,27,0,2,0,46,57,2,1,2,1,6,0,2,0,6,27,0,2,0,0,0,11,1,7,1,0,5,0,0,0,2,11,0,0,0,0,0,0,0,0
118,L15891,Issue78Test,org.mapdb.Issue78Test,L105,L103,C:\Users\domco\Desktop\DP\repos\mapdb\src\test\java\org\mapdb\Issue78Test.java,14,1,34,2,0.0,0,0,0,0.0,0.0,0,0,2,0,0,3,4,0,0,5,8,0.25,0.25,5,5,1,3,0.227273,5,0,0,0,0,0,15,19,0,0,0,0,3,0,3,1,3,4,0,3,1,17,21,0,0,0,0,3,0,3,1,3,4,0,3,1,0,0,12,0,3,0,0,1,1,0,0,0,11,2,0,0,0,0,0,0,0
119,L15905,Issue86Test,org.mapdb.Issue86Test,L105,L103,C:\Users\domco\Desktop\DP\repos\mapdb\src\test\java\org\mapdb\Issue86Test.java,12,1,66,2,0.0,0,0,0,0.0,0.0,0,0,1,2,2,6,4,0,0,6,9,0.25,0.117647,4,4,1,3,0.0784314,4,0,0,0,0,0,30,33,0,0,0,0,3,0,3,0,3,20,0,3,0,47,55,1,1,1,1,7,1,7,1,7,27,1,7,1,0,0,26,4,2,4,0,0,0,0,0,0,20,1,1,0,0,0,0,6,0
120,L15924,Issue89Test,org.mapdb.Issue89Test,L105,L103,C:\Users\domco\Desktop\DP\repos\mapdb\src\test\java\org\mapdb\Issue89Test.java,10,1,76,6,0.0,0,0,0,0.0,0.0,0,0,2,1,1,9,3,0,0,8,16,0.0,0.0,0,0,0,4,0.0,0,0,0,0,0,0,47,67,4,0,4,0,8,0,3,1,8,18,0,3,1,47,67,4,0,4,0,8,0,3,1,8,18,0,3,1,0,0,20,1,0,1,0,0,1,0,0,0,19,0,0,0,0,0,0,0,0
121,L15955,Issue90Test,org.mapdb.Issue90Test,L105,L103,C:\Users\domco\Desktop\DP\repos\mapdb\src\test\java\org\mapdb\Issue90Test.java,7,1,32,2,0.0,0,0,0,0.0,0.0,0,0,1,1,1,2,9,0,0,11,12,0.0,0.0555556,1,0,0,2,0.0555556,1,0,0,0,0,0,17,26,0,0,0,0,1,0,1,0,1,9,0,1,0,17,26,0,0,0,0,1,0,1,0,1,9,0,1,0,0,0,6,1,0,1,0,0,0,0,1,0,5,0,0,0,0,0,0,0,0
122,L15964,IssuesTest,org.mapdb.IssuesTest,L105,L103,C:\Users\domco\Desktop\DP\repos\mapdb\src\test\java\org\mapdb\IssuesTest.java,7,1,18,2,0.0,0,0,0,0.0,0.0,0,0,1,0,0,1,3,0,0,5,6,0.0,0.0,0,0,0,2,0.0,0,0,0,0,0,0,8,12,0,0,0,0,1,0,1,0,1,2,0,1,0,8,12,0,0,0,0,1,0,1,0,1,2,0,1,0,0,0,5,2,0,2,0,0,0,0,0,0,5,0,0,0,0,0,0,0,0
123,L12433,JSR166TestCase,org.mapdb.JSR166TestCase,L105,L103,C:\Users\domco\Desktop\DP\repos\mapdb\src\test\java\org\mapdb\JSR166TestCase.java,5,1,40,2,0.0,0,0,0,0.0,0.0,0,0,1,0,0,1,0,6,63,0,1,0.5,0.206897,6,6,1,1,0.206897,6,0,0,6,9,0,23,36,18,0,18,0,1,18,1,0,1,1,18,1,0,23,36,18,0,18,0,1,18,1,0,1,1,18,1,0,0,0,10,0,0,0,0,0,0,0,0,0,3,0,0,0,0,0,0,7,0
124,L15971,LongConcurrentHashMapTest,org.mapdb.LongConcurrentHashMapTest,L105,L103,C:\Users\domco\Desktop\DP\repos\mapdb\src\test\java\org\mapdb\LongConcurrentHashMapTest.java,15,1,247,2,0.0,0,0,0,0.0,0.0,0,0,2,1,1,26,1,0,0,16,37,0.952381,0.335025,66,66,20,1,0.335025,66,0,0,0,0,0,131,233,0,0,0,0,21,0,20,0,21,81,0,20,0,131,233,0,0,0,0,21,0,20,0,21,81,0,20,0,0,5,6,5,44,48,0,0,1,0,0,1,3,0,5,0,0,0,0,2,0
125,L14600,"MapInterfaceTest<K extends Object, V extends Object>",org.mapdb.MapInterfaceTest,L105,L103,C:\Users\domco\Desktop\DP\repos\mapdb\src\test\java\org\mapdb\MapInterfaceTest.java,36,1,1620,2,0.304975,20,170,51,0.323028,0.346125,512,460,2,3,3,263,0,2,26,0,68,0.0169492,0.0928328,136,64,1,58,0.0928328,136,0,0,1,8,0,1329,1585,7,2,7,2,68,0,58,0,68,852,0,58,0,1329,1585,7,2,7,2,68,0,58,0,68,852,0,58,0,0,74,350,33,239,194,208,17,1,2,0,51,127,1,83,0,0,0,0,12,0
126,L16167,MapListenerTest,org.mapdb.MapListenerTest,L105,L103,C:\Users\domco\Desktop\DP\repos\mapdb\src\test\java\org\mapdb\MapListenerTest.java,11,1,64,2,0.0,0,0,0,0.0,0.0,0,0,1,0,0,18,5,0,0,7,10,0.0,0.0857143,3,0,0,3,0.0731707,3,0,0,0,0,0,32,48,0,0,0,0,3,0,2,0,3,22,0,2,0,38,54,0,0,0,0,4,0,3,0,4,26,0,3,0,0,11,15,2,8,8,0,2,0,1,0,0,14,0,11,0,0,0,0,0,0
127,L16188,Pump_InMemory_Import_Then_Save_To_Disk,org.mapdb.Pump_InMemory_Import_Then_Save_To_Disk,L105,L103,C:\Users\domco\Desktop\DP\repos\mapdb\src\test\java\org\mapdb\Pump_InMemory_Import_Then_Save_To_Disk.java,12,1,38,2,0.0,0,0,0,0.0,0.0,0,0,1,0,0,1,0,1,1,0,1,0.5,0.866667,26,5,1,1,0.866667,26,0,0,0,0,0,4,27,0,0,0,0,1,0,1,0,1,0,0,1,0,4,27,0,0,0,0,1,0,1,0,1,0,0,1,0,0,0,1,0,0,0,0,0,0,0,0,0,1,0,0,0,0,0,0,0,0
128,L16193,PumpComparableValueTest,org.mapdb.PumpComparableValueTest,L105,L103,C:\Users\domco\Desktop\DP\repos\mapdb\src\test\java\org\mapdb\PumpComparableValueTest.java,12,1,119,2,0.158076,1,2,2,0.185185,0.151515,20,10,2,0,0,2,5,0,0,10,12,0.333333,0.142857,6,4,1,2,0.0833333,6,0,0,0,0,0,36,70,0,0,0,0,2,0,2,0,2,14,0,2,0,66,108,2,0,2,0,8,0,8,0,8,28,0,8,0,0,0,43,0,9,2,15,4,3,0,0,0,25,0,0,0,0,3,0,0,0
129,L16222,PumpTest,org.mapdb.PumpTest,L105,L103,C:\Users\domco\Desktop\DP\repos\mapdb\src\test\java\org\mapdb\PumpTest.java,11,1,392,2,0.10739,2,12,4,0.125654,0.123711,48,36,14,4,4,58,13,0,0,33,50,0.0,0.0,0,0,0,17,0.0,0,0,0,0,0,0,283,374,1,0,1,0,17,0,16,0,17,240,0,16,0,291,382,1,0,1,0,19,0,18,0,19,242,0,18,0,0,0,76,9,92,59,22,30,1,3,2,5,47,0,4,0,0,3,0,1,1.0
130,L16275,QueuesTest,org.mapdb.QueuesTest,L105,L103,C:\Users\domco\Desktop\DP\repos\mapdb\src\test\java\org\mapdb\QueuesTest.java,14,1,137,2,0.639017,2,6,4,0.532258,0.588235,66,60,5,2,2,7,3,0,0,15,20,0.0,0.0377358,4,0,0,6,0.0377358,4,0,0,0,0,0,102,124,0,0,0,0,5,0,5,0,5,83,0,5,0,102,124,0,0,0,0,5,0,5,0,5,83,0,5,0,0,0,40,6,20,24,26,1,1,0,0,0,13,0,1,0,0,0,0,0,0
131,L16286,Serialization2Bean,org.mapdb.Serialization2Bean,L105,L103,C:\Users\domco\Desktop\DP\repos\mapdb\src\test\java\org\mapdb\Serialization2Bean.java,6,1,97,2,0.426471,2,41,5,0.456522,0.488372,42,42,1,2,2,33,0,2,2,0,2,0.0,0.0227273,2,2,0,3,0.0227273,2,0,0,1,1,0,86,92,8,0,8,0,2,0,2,0,2,53,0,2,0,86,92,8,0,8,0,2,0,2,0,2,53,0,2,0,0,0,21,0,9,0,12,0,0,1,0,7,7,0,0,0,0,2,0,1,0
132,L16310,Serialization2Test,org.mapdb.Serialization2Test,L105,L103,C:\Users\domco\Desktop\DP\repos\mapdb\src\test\java\org\mapdb\Serialization2Test.java,14,1,113,2,0.0,0,0,0,0.0,0.0,0,0,4,0,0,4,9,0,0,15,19,0.0,0.0,0,0,0,5,0.0,0,0,0,0,0,0,58,94,0,0,0,0,4,0,4,0,4,40,0,4,0,62,100,2,0,2,0,4,0,4,0,4,40,0,4,0,0,0,16,2,8,7,0,2,1,0,1,0,14,0,1,0,0,0,0,0,0
133,L16316,Serialized2DerivedBean,org.mapdb.Serialized2DerivedBean,L105,L103,C:\Users\domco\Desktop\DP\repos\mapdb\src\test\java\org\mapdb\Serialized2DerivedBean.java,3,1,70,2,0.515759,4,56,7,0.5,0.548387,34,34,1,2,2,29,1,1,0,2,4,0.0,0.0,0,0,0,3,0.0,0,1,1,0,0,1,62,68,15,0,7,0,2,0,2,0,4,47,0,4,0,62,68,15,0,7,0,2,0,2,0,4,47,0,4,0,0,0,21,0,23,0,12,15,0,1,0,6,7,0,0,0,0,2,0,1,0
134,L16351,SerializerBaseTest,org.mapdb.SerializerBaseTest,L105,L103,C:\Users\domco\Desktop\DP\repos\mapdb\src\test\java\org\mapdb\SerializerBaseTest.java,30,1,738,2,0.0144462,1,2,1,0.0155148,0.017331,11,10,8,2,2,114,24,2,3,33,98,0.015625,0.0087108,5,2,1,63,0.00859107,5,0,0,1,1,0,569,700,2,0,2,0,65,0,63,0,65,442,0,63,0,577,709,2,0,2,0,66,0,63,0,131,445,0,126,0,0,0,159,13,217,172,8,50,1,0,4,4,136,0,2,0,0,2,0,10,0
135,L16485,SerializerPojoTest,org.mapdb.SerializerPojoTest,L105,L103,C:\Users\domco\Desktop\DP\repos\mapdb\src\test\java\org\mapdb\SerializerPojoTest.java,18,1,430,2,0.0,0,0,0,0.0,0.0,0,0,7,1,1,23,16,0,0,23,44,0.05,0.0242424,4,1,1,19,0.100977,31,0,0,0,0,0,161,262,3,0,3,0,21,0,19,0,21,106,0,19,0,276,413,22,2,22,1,38,2,32,1,43,159,2,35,2,0,1,114,9,101,51,0,39,2,1,1,7,97,3,6,0,0,5,0,13,1.0
136,L16676,SerializerTest,org.mapdb.SerializerTest,L105,L103,C:\Users\domco\Desktop\DP\repos\mapdb\src\test\java\org\mapdb\SerializerTest.java,12,1,52,2,0.0,0,0,0,0.0,0.0,0,0,4,0,0,4,7,0,0,6,10,0.0,0.0,0,0,0,5,0.0,0,0,0,0,0,0,32,41,0,0,0,0,4,0,4,0,4,21,0,4,0,32,41,0,0,0,0,4,0,4,0,4,21,0,4,0,0,0,12,0,13,12,0,1,1,0,0,0,11,0,0,0,0,0,0,0,1.0
137,L16683,StoreAppendTest<E extends StoreAppend>,org.mapdb.StoreAppendTest,L105,L103,C:\Users\domco\Desktop\DP\repos\mapdb\src\test\java\org\mapdb\StoreAppendTest.java,10,1,115,2,0.0,0,0,0,0.0,0.0,0,0,1,0,0,1,4,0,0,3,4,0.0,0.90099,91,0,0,1,0.90099,91,1,1,0,0,1,10,106,2,2,1,0,1,0,0,0,42,3,0,38,0,10,106,2,2,1,0,1,0,0,0,42,3,0,38,0,0,0,1,0,2,0,0,1,0,0,0,0,1,0,1,0,0,0,0,0,1.0
138,L16699,StoreCachedTest<E extends StoreCached>,org.mapdb.StoreCachedTest,L105,L103,C:\Users\domco\Desktop\DP\repos\mapdb\src\test\java\org\mapdb\StoreCachedTest.java,17,1,32,2,0.0,0,0,0,0.0,0.0,0,0,2,0,0,2,4,1,0,3,5,0.0,0.0,0,0,0,1,0.0,0,2,2,1,1,1,10,16,3,3,1,0,2,0,0,0,65,4,0,56,0,10,16,3,3,1,0,2,0,0,0,65,4,0,56,0,0,0,10,0,4,0,0,3,1,0,0,0,7,0,1,0,0,0,0,2,1.0
139,L16717,StoreCacheHashTableTest<E extends StoreDirect>,org.mapdb.StoreCacheHashTableTest,L105,L103,C:\Users\domco\Desktop\DP\repos\mapdb\src\test\java\org\mapdb\StoreCacheHashTableTest.java,7,1,34,2,0.0,0,0,0,0.0,0.0,0,0,2,0,0,2,9,0,0,5,7,0.0,0.0,0,0,0,1,0.0,0,1,1,0,0,1,25,28,2,2,1,0,2,0,0,0,43,4,0,38,0,25,28,2,2,1,0,2,0,0,0,43,4,0,38,0,0,0,8,0,2,0,0,2,1,0,0,0,7,0,0,0,0,0,0,0,1.0
140,L16701,StoreDirectTest<E extends StoreDirect>,org.mapdb.StoreDirectTest,L105,L103,C:\Users\domco\Desktop\DP\repos\mapdb\src\test\java\org\mapdb\StoreDirectTest.java,19,1,689,2,0.257245,4,20,8,0.159463,0.290323,107,90,4,2,2,49,16,1,0,38,60,0.0526316,0.490132,298,275,1,18,0.490132,298,1,1,1,2,1,310,671,2,3,1,1,22,0,18,0,63,257,0,56,0,310,671,2,3,1,1,22,0,18,0,63,257,0,56,0,0,0,101,0,83,59,51,24,1,0,2,0,43,0,0,0,0,0,0,4,1.0
141,L17042,StoreDirectTest2,org.mapdb.StoreDirectTest2,L105,L103,C:\Users\domco\Desktop\DP\repos\mapdb\src\test\java\org\mapdb\StoreDirectTest2.java,14,1,241,2,0.0,0,0,0,0.0,0.0,0,0,4,2,2,25,11,0,0,26,39,0.0,0.0601093,11,0,0,12,0.0591398,11,0,0,0,0,0,172,225,0,0,0,0,13,0,11,0,13,140,0,11,0,175,228,0,0,0,0,14,0,12,0,14,141,0,12,0,0,0,36,0,66,58,0,8,1,0,1,0,34,0,0,0,0,0,0,0,1.0
142,L17068,StoreHeapTest,org.mapdb.StoreHeapTest,L105,L103,C:\Users\domco\Desktop\DP\repos\mapdb\src\test\java\org\mapdb\StoreHeapTest.java,4,1,17,2,0.0,0,0,0,0.0,0.0,0,0,3,0,0,3,4,0,0,1,4,0.0,0.0,0,0,0,1,0.0,0,1,1,0,0,1,8,14,1,2,0,0,3,0,0,0,44,3,0,38,0,8,14,1,2,0,0,3,0,0,0,44,3,0,38,0,0,0,10,0,3,0,0,2,1,0,0,0,9,0,1,0,0,0,0,0,0
143,L17076,StoreHeapTxTest,org.mapdb.StoreHeapTxTest,L105,L103,C:\Users\domco\Desktop\DP\repos\mapdb\src\test\java\org\mapdb\StoreHeapTxTest.java,4,1,17,2,0.0,0,0,0,0.0,0.0,0,0,3,0,0,3,4,0,0,1,4,0.0,0.0,0,0,0,1,0.0,0,1,1,0,0,1,8,14,1,2,0,0,3,0,0,0,44,3,0,38,0,8,14,1,2,0,0,3,0,0,0,44,3,0,38,0,0,0,10,0,3,0,0,2,1,0,0,0,9,0,1,0,0,0,0,0,0
144,L17081,StoreLongLongMapTest,org.mapdb.StoreLongLongMapTest,L105,L103,C:\Users\domco\Desktop\DP\repos\mapdb\src\test\java\org\mapdb\StoreLongLongMapTest.java,10,1,78,2,0.823344,2,14,3,0.608696,0.723404,42,34,3,2,2,12,2,0,0,4,7,0.0,0.0,0,0,0,4,0.0,0,0,0,0,0,0,47,69,0,0,0,0,3,0,3,0,3,42,0,3,0,47,69,0,0,0,0,3,0,3,0,3,42,0,3,0,0,0,29,2,15,10,19,7,1,0,0,0,9,0,0,0,0,0,0,0,0
145,L17086,StoreLongObjectMapTest,org.mapdb.StoreLongObjectMapTest,L105,L103,C:\Users\domco\Desktop\DP\repos\mapdb\src\test\java\org\mapdb\StoreLongObjectMapTest.java,11,1,79,2,0.808307,2,14,3,0.608696,0.723404,42,34,3,2,2,12,2,0,0,3,6,0.0,0.0,0,0,0,4,0.0,0,0,0,0,0,0,47,69,0,0,0,0,3,0,3,0,3,42,0,3,0,47,69,0,0,0,0,3,0,3,0,3,42,0,3,0,0,0,29,2,15,10,19,7,1,0,0,0,9,0,0,0,0,0,0,0,0
146,L17094,StoreTest,org.mapdb.StoreTest,L105,L103,C:\Users\domco\Desktop\DP\repos\mapdb\src\test\java\org\mapdb\StoreTest.java,11,1,50,2,0.0,0,0,0,0.0,0.0,0,0,2,1,1,3,4,0,0,8,10,0.0,0.03125,1,0,0,3,0.03125,1,0,0,0,0,0,31,40,0,0,0,0,2,0,2,0,2,18,0,2,0,31,40,0,0,0,0,2,0,2,0,2,18,0,2,0,0,0,8,0,9,6,0,3,1,0,0,0,7,0,0,0,0,0,0,0,0
147,L17098,StoreWALTest<E extends StoreWAL>,org.mapdb.StoreWALTest,L105,L103,C:\Users\domco\Desktop\DP\repos\mapdb\src\test\java\org\mapdb\StoreWALTest.java,11,1,98,2,0.0,0,0,0,0.0,0.0,0,0,2,1,1,7,8,0,0,12,17,0.0,0.0,0,0,0,4,0.0,0,3,3,0,0,1,69,88,4,3,1,0,5,0,3,0,70,58,0,59,0,69,88,4,3,1,0,5,0,3,0,70,58,0,59,0,0,0,16,0,26,18,0,8,1,0,0,0,13,0,0,0,0,0,0,2,1.0
148,L17120,TestTransactions,org.mapdb.TestTransactions,L105,L103,C:\Users\domco\Desktop\DP\repos\mapdb\src\test\java\org\mapdb\TestTransactions.java,12,1,154,2,0.744554,3,13,8,0.692308,0.704545,99,62,4,1,1,8,4,0,0,7,11,0.2,0.0833333,8,4,1,4,0.0833333,8,0,0,0,0,0,88,143,0,0,0,0,4,0,4,0,4,70,0,4,0,88,143,0,0,0,0,4,0,4,0,4,70,0,4,0,0,0,43,9,1,8,31,1,1,0,0,0,11,0,1,0,0,0,0,0,0
149,L17127,TreeMapExtendTest,org.mapdb.TreeMapExtendTest,L105,L103,C:\Users\domco\Desktop\DP\repos\mapdb\src\test\java\org\mapdb\TreeMapExtendTest.java,27,1,13507,2,0.940733,478,10040,2187,0.926044,0.939603,12484,10610,11,5,5,1525,1,0,0,0,156,0.0193548,0.0571309,683,9,3,152,0.0571142,684,0,0,0,0,0,11272,13460,19,0,19,0,156,0,154,1,156,9509,0,154,1,11292,13481,19,0,19,0,158,0,156,1,158,9519,0,156,1,0,629,1516,184,3364,2423,952,48,1,45,1,91,315,2,1557,0,0,56,0,202,0
150,L17409,TxEngineTest,org.mapdb.TxEngineTest,L105,L103,C:\Users\domco\Desktop\DP\repos\mapdb\src\test\java\org\mapdb\TxEngineTest.java,10,1,113,2,0.0,0,0,0,0.0,0.0,0,0,6,0,0,10,10,0,0,27,37,0.0,0.170455,15,0,0,11,0.170455,15,0,0,0,0,0,73,104,1,0,1,0,10,0,10,0,10,46,0,10,0,73,104,1,0,1,0,10,0,10,0,10,46,0,10,0,0,0,22,0,14,13,0,1,1,0,0,0,21,0,0,0,0,0,0,0,0
151,L17430,TxMakerTest,org.mapdb.TxMakerTest,L105,L103,C:\Users\domco\Desktop\DP\repos\mapdb\src\test\java\org\mapdb\TxMakerTest.java,14,1,253,2,0.143116,1,6,2,0.133333,0.14359,32,28,3,1,1,22,9,3,0,16,26,0.0,0.0296296,4,0,0,11,0.0298507,6,0,0,0,0,0,131,171,1,0,1,0,10,0,10,0,10,90,0,10,0,195,240,1,0,1,0,17,0,17,0,17,126,0,17,0,0,4,106,5,33,20,47,15,1,0,0,0,58,0,7,0,0,0,0,0,0
152,L17491,UtilsTest,org.mapdb.UtilsTest,L105,L103,C:\Users\domco\Desktop\DP\repos\mapdb\src\test\java\org\mapdb\UtilsTest.java,14,1,137,2,0.3,2,4,3,0.274194,0.295455,34,26,9,1,1,14,7,44,76,12,21,0.2,0.0731707,6,4,2,8,0.0638298,6,0,0,0,0,0,76,109,1,0,1,0,9,1,9,0,9,52,1,9,0,88,124,31,0,1,0,12,1,12,0,26,55,31,26,0,0,0,62,2,10,8,21,2,2,0,0,2,30,0,0,0,0,0,0,9,0
153,L17518,VolumeTest,org.mapdb.VolumeTest,L105,L103,C:\Users\domco\Desktop\DP\repos\mapdb\src\test\java\org\mapdb\VolumeTest.java,13,1,301,2,0.0,0,0,0,0.0,0.0,0,0,2,2,2,22,5,0,0,22,32,0.0,0.117949,23,0,0,3,0.0962343,23,0,0,0,0,0,172,245,0,0,0,0,10,0,2,0,10,124,0,2,0,216,289,0,0,0,0,19,0,11,0,19,138,0,11,0,0,0,67,7,29,20,0,12,1,0,0,1,66,0,3,0,0,0,0,0,1.0
154,L17674,Custom_Value$Person,examples.Custom_Value$Person,L17671,L103,C:\Users\domco\Desktop\DP\repos\mapdb\src\test\java\examples\Custom_Value.java,31,5,62,6,0.0,0,0,0,0.0,0.0,0,0,1,1,1,11,0,2,3,0,4,0.2,0.384615,15,15,1,4,0.384615,15,0,0,0,0,0,24,32,2,2,2,2,4,0,4,0,4,15,0,4,0,24,32,2,2,2,2,4,0,4,0,4,15,0,4,0,0,1,9,1,7,0,0,6,0,0,0,1,9,0,2,0,0,0,0,0,0
155,L17810,Secondary_Values$Person,examples.Secondary_Values$Person,L17807,L103,C:\Users\domco\Desktop\DP\repos\mapdb\src\test\java\examples\Secondary_Values.java,17,5,28,6,0.0,0,0,0,0.0,0.0,0,0,0,0,0,1,0,2,1,0,1,1.0,0.285714,4,4,1,0,0.285714,4,0,0,0,0,0,10,12,3,0,3,0,1,0,0,0,1,3,0,0,0,10,12,3,0,3,0,1,0,0,0,1,3,0,0,0,0,0,2,1,3,0,0,3,0,0,0,0,2,0,1,0,0,0,0,0,0
156,L267,Atomic$Integer,org.mapdb.Atomic$Integer,L259,L103,C:\Users\domco\Desktop\DP\repos\mapdb\src\main\java\org\mapdb\Atomic.java,101,5,312,6,0.575646,5,33,13,0.419811,0.632653,89,62,1,2,2,31,2,8,22,3,20,0.722222,0.502538,99,72,13,5,0.502538,99,0,0,0,0,0,98,212,3,5,3,5,17,0,17,0,17,45,0,17,0,98,212,3,5,3,5,17,0,17,0,17,45,0,17,0,0,0,52,0,14,0,40,14,0,0,0,0,11,0,0,0,0,0,0,1,0
157,L352,Atomic$Long,org.mapdb.Atomic$Long,L259,L103,C:\Users\domco\Desktop\DP\repos\mapdb\src\main\java\org\mapdb\Atomic.java,323,5,536,6,0.494624,5,27,11,0.350467,0.530612,75,52,1,2,2,31,2,19,44,3,20,0.722222,0.50505,100,72,13,5,0.50505,100,0,0,0,0,0,98,214,3,5,3,5,17,0,17,0,17,45,0,17,0,98,214,3,5,3,5,17,0,17,0,17,45,0,17,0,0,0,47,0,15,0,35,15,0,0,0,0,11,0,0,0,0,0,0,1,0
158,L402,Atomic$Boolean,org.mapdb.Atomic$Boolean,L259,L103,C:\Users\domco\Desktop\DP\repos\mapdb\src\main\java\org\mapdb\Atomic.java,542,5,620,6,0.181818,1,3,1,0.151899,0.258065,12,8,1,2,2,9,2,8,13,3,10,0.875,0.557143,39,35,7,1,0.557143,39,0,0,0,0,0,31,79,2,2,2,2,7,0,7,0,7,11,0,7,0,31,79,2,2,2,2,7,0,7,0,7,11,0,7,0,0,0,13,0,9,0,10,9,0,0,0,0,3,0,0,0,0,0,0,0,0
159,L433,Atomic$String,org.mapdb.Atomic$String,L259,L103,C:\Users\domco\Desktop\DP\repos\mapdb\src\main\java\org\mapdb\Atomic.java,625,5,699,6,0.0,0,0,0,0.0,0.0,0,0,1,2,2,9,2,7,6,3,10,0.75,0.530303,35,31,6,2,0.530303,35,0,0,0,0,0,31,75,2,2,2,2,7,0,7,0,7,11,0,7,0,31,75,2,2,2,2,7,0,7,0,7,11,0,7,0,0,0,5,0,14,0,0,14,0,0,0,0,5,0,0,0,0,0,0,0,0
160,L461,Atomic$Var<E extends Object>,org.mapdb.Atomic$Var,L259,L103,C:\Users\domco\Desktop\DP\repos\mapdb\src\main\java\org\mapdb\Atomic.java,704,5,790,6,0.0,0,0,0,0.0,0.0,0,0,1,2,2,11,5,7,6,6,14,0.75,0.473684,36,32,6,2,0.473684,36,0,0,0,0,0,40,87,3,2,3,2,8,0,7,0,8,17,0,7,0,40,87,3,2,3,2,8,0,7,0,8,17,0,7,0,0,0,7,0,9,0,0,9,0,0,0,0,7,0,0,0,0,0,0,0,0
161,L889,BTreeKeySerializer$BasicKeySerializer,org.mapdb.BTreeKeySerializer$BasicKeySerializer,L850,L103,C:\Users\domco\Desktop\DP\repos\mapdb\src\main\java\org\mapdb\BTreeKeySerializer.java,156,5,254,6,0.0,0,0,0,0.0,0.0,0,0,7,1,1,20,5,5,6,5,19,0.0714286,0.117647,10,5,1,13,0.117647,10,1,1,0,0,1,75,99,16,1,3,1,14,0,13,0,21,30,13,18,0,75,99,16,1,3,1,14,0,13,0,21,30,13,18,0,0,2,35,0,5,0,0,4,1,0,0,2,31,0,1,0,0,0,0,3,0
162,L1020,BTreeKeySerializer$1,org.mapdb.BTreeKeySerializer$1,L850,L103,C:\Users\domco\Desktop\DP\repos\mapdb\src\main\java\org\mapdb\BTreeKeySerializer.java,262,90,424,6,0.42243,2,12,2,0.361963,0.393443,59,48,14,3,3,31,7,0,0,0,15,0.0,0.158621,23,0,0,16,0.158621,23,1,1,0,0,1,122,163,13,1,0,1,15,0,15,0,22,66,13,20,0,122,163,13,1,0,1,15,0,15,0,22,66,13,20,0,0,0,53,0,4,0,19,4,1,0,0,0,31,0,0,0,0,0,0,2,0
163,L1099,BTreeKeySerializer$2,org.mapdb.BTreeKeySerializer$2,L850,L103,C:\Users\domco\Desktop\DP\repos\mapdb\src\main\java\org\mapdb\BTreeKeySerializer.java,436,95,592,6,0.412409,2,12,2,0.369427,0.384,58,48,14,3,3,32,4,0,0,0,15,0.0,0.107143,15,0,0,16,0.107143,15,1,1,0,0,1,125,157,13,1,0,1,15,0,15,0,22,71,13,20,0,125,157,13,1,0,1,15,0,15,0,22,71,13,20,0,0,0,55,0,5,0,19,5,1,0,0,0,33,0,0,0,0,0,0,2,0
164,L1161,BTreeKeySerializer$ArrayKeySerializer,org.mapdb.BTreeKeySerializer$ArrayKeySerializer,L850,L103,C:\Users\domco\Desktop\DP\repos\mapdb\src\main\java\org\mapdb\BTreeKeySerializer.java,616,5,834,6,0.0,0,0,0,0.0,0.0,0,0,2,4,4,46,8,2,2,8,24,0.0588235,0.103627,20,1,1,16,0.103627,20,1,1,0,0,1,173,219,18,1,5,1,16,0,16,0,23,122,13,21,0,173,219,18,1,5,1,16,0,16,0,23,122,13,21,0,0,0,42,2,22,11,0,12,1,2,0,0,35,0,1,0,0,0,0,4,0
165,L1257,BTreeKeySerializer$3,org.mapdb.BTreeKeySerializer$3,L850,L103,C:\Users\domco\Desktop\DP\repos\mapdb\src\main\java\org\mapdb\BTreeKeySerializer.java,836,122,938,6,0.0,0,0,0,0.0,0.0,0,0,11,1,1,17,2,0,0,0,12,0.0,0.107527,10,0,0,13,0.107527,10,1,1,0,0,1,83,103,13,1,0,1,12,0,12,0,19,44,13,17,0,83,103,13,1,0,1,12,0,12,0,19,44,13,17,0,0,0,30,0,11,6,0,5,1,0,0,0,27,0,0,0,0,0,0,2,0
166,L1328,BTreeKeySerializer$ByteArrayKeys,org.mapdb.BTreeKeySerializer$ByteArrayKeys,L850,L103,C:\Users\domco\Desktop\DP\repos\mapdb\src\main\java\org\mapdb\BTreeKeySerializer.java,964,5,1200,6,0.454365,6,27,7,0.392405,0.421875,93,81,2,3,3,54,3,4,8,1,18,0.0714286,0.0943396,20,1,1,13,0.0943396,20,1,1,0,0,1,192,237,2,2,2,2,17,0,13,0,17,137,0,13,0,192,237,2,2,2,2,17,0,13,0,17,137,0,13,0,0,0,79,4,12,5,43,8,1,0,0,0,35,0,3,0,0,0,0,0,1.0
167,L1412,BTreeKeySerializer$CharArrayKeys,org.mapdb.BTreeKeySerializer$CharArrayKeys,L850,L103,C:\Users\domco\Desktop\DP\repos\mapdb\src\main\java\org\mapdb\BTreeKeySerializer.java,1202,5,1440,6,0.334286,5,21,5,0.292887,0.321244,70,62,1,3,3,54,4,2,3,2,18,0.0,0.0809524,17,0,0,13,0.0809524,17,1,1,0,0,1,193,239,2,1,2,1,16,0,12,0,16,145,0,12,0,193,239,2,1,2,1,16,0,12,0,16,145,0,12,0,0,0,65,4,10,6,32,6,0,0,0,0,33,0,2,0,0,0,0,0,1.0
168,L1477,BTreeKeySerializer$4,org.mapdb.BTreeKeySerializer$4,L850,L103,C:\Users\domco\Desktop\DP\repos\mapdb\src\main\java\org\mapdb\BTreeKeySerializer.java,1444,116,1596,6,0.10087,1,4,1,0.0784314,0.0877193,12,10,13,4,4,33,2,1,1,0,14,0.0,0.149254,20,2,0,13,0.149254,20,1,1,0,0,1,114,153,13,1,0,1,14,0,12,0,21,75,13,17,0,114,153,13,1,0,1,14,0,12,0,21,75,13,17,0,0,0,42,1,5,2,8,2,1,2,0,0,29,0,2,0,0,0,0,2,0
169,L1539,BTreeKeySerializer$5,org.mapdb.BTreeKeySerializer$5,L850,L103,C:\Users\domco\Desktop\DP\repos\mapdb\src\main\java\org\mapdb\BTreeKeySerializer.java,1625,126,1737,6,0.0,0,0,0,0.0,0.0,0,0,11,2,2,21,5,1,1,5,17,0.0,0.0957447,9,0,0,13,0.0957447,9,1,1,0,0,1,85,113,13,1,0,1,12,0,12,0,19,43,13,17,0,85,113,13,1,0,1,12,0,12,0,19,43,13,17,0,0,0,30,0,1,0,0,1,1,0,0,0,27,0,0,0,0,0,0,2,1.0
170,L1594,BTreeKeySerializer$6,org.mapdb.BTreeKeySerializer$6,L850,L103,C:\Users\domco\Desktop\DP\repos\mapdb\src\main\java\org\mapdb\BTreeKeySerializer.java,1739,120,1855,6,0.139423,1,4,1,0.102564,0.116279,12,10,12,2,2,22,2,1,1,0,13,0.0,0.131313,13,1,0,13,0.131313,13,1,1,0,0,1,86,117,13,1,0,1,13,0,12,0,20,47,13,17,0,86,117,13,1,0,1,13,0,12,0,20,47,13,17,0,0,0,38,0,2,0,8,1,1,0,0,0,27,0,1,0,0,0,0,2,0
171,L1642,BTreeKeySerializer$7,org.mapdb.BTreeKeySerializer$7,L850,L103,C:\Users\domco\Desktop\DP\repos\mapdb\src\main\java\org\mapdb\BTreeKeySerializer.java,1857,126,1976,6,0.14604,1,3,1,0.0916667,0.0967742,11,9,11,1,1,19,3,0,0,1,13,0.0,0.130841,14,0,0,13,0.130841,14,1,1,0,0,1,93,120,13,1,0,1,12,0,12,0,19,56,13,17,0,93,120,13,1,0,1,12,0,12,0,19,56,13,17,0,0,0,37,0,0,0,7,0,1,0,0,0,27,0,0,0,0,0,0,2,0
172,L1683,BTreeKeySerializer$Compress,org.mapdb.BTreeKeySerializer$Compress,L850,L103,C:\Users\domco\Desktop\DP\repos\mapdb\src\main\java\org\mapdb\BTreeKeySerializer.java,1978,5,2087,6,0.0,0,0,0,0.0,0.0,0,0,1,1,1,20,9,4,3,24,42,0.0,0.0224719,2,0,0,18,0.0224719,2,1,1,0,0,1,87,110,15,1,2,1,18,0,17,0,25,31,13,22,0,87,110,15,1,2,1,18,0,17,0,25,31,13,22,0,0,2,42,0,4,0,0,4,0,0,0,2,39,0,0,0,0,0,0,3,0
173,L1894,BTreeMap$ValRef,org.mapdb.BTreeMap$ValRef,L921,L103,C:\Users\domco\Desktop\DP\repos\mapdb\src\main\java\org\mapdb\BTreeMap.java,171,5,192,6,0.0,0,0,0,0.0,0.0,0,0,3,0,0,4,0,3,4,0,4,0.2,0.142857,3,3,1,4,0.142857,3,0,0,0,0,0,18,22,1,0,1,0,4,0,4,0,4,4,0,4,0,18,22,1,0,1,0,4,0,4,0,4,4,0,4,0,0,0,12,0,1,0,0,1,1,0,0,0,11,0,0,0,0,0,0,0,0
174,L1910,BTreeMap$ValRefSerializer,org.mapdb.BTreeMap$ValRefSerializer,L921,L103,C:\Users\domco\Desktop\DP\repos\mapdb\src\main\java\org\mapdb\BTreeMap.java,194,5,220,6,0.0,0,0,0,0.0,0.0,0,0,5,0,0,5,3,1,0,3,8,0.0,0.0,0,0,0,6,0.0,0,1,1,0,0,1,22,27,30,0,0,0,5,0,5,0,19,5,30,19,0,22,27,30,0,0,0,5,0,5,0,19,5,30,19,0,0,0,18,0,0,0,0,0,1,0,0,0,13,0,0,0,0,0,0,4,0
175,L918,BTreeMap$BNode,org.mapdb.BTreeMap$BNode,L921,L103,C:\Users\domco\Desktop\DP\repos\mapdb\src\main\java\org\mapdb\BTreeMap.java,223,5,371,6,0.0,0,0,0,0.0,0.0,0,0,1,3,3,47,2,17,46,5,26,0.136364,0.121739,14,3,3,19,0.121739,14,0,0,2,2,0,101,149,5,0,5,0,21,0,21,0,21,50,0,21,0,101,149,5,0,5,0,21,0,21,0,21,50,0,21,0,0,0,42,0,27,4,0,16,0,0,0,3,39,0,4,0,0,0,0,3,0
176,L2003,BTreeMap$DirNode,org.mapdb.BTreeMap$DirNode,L921,L103,C:\Users\domco\Desktop\DP\repos\mapdb\src\main\java\org\mapdb\BTreeMap.java,373,5,460,6,0.0,0,0,0,0.0,0.0,0,0,4,1,1,18,6,5,10,13,25,0.0,0.0895522,6,0,0,12,0.0895522,6,1,1,0,0,1,61,88,6,0,1,0,12,0,11,0,24,37,0,23,0,61,88,6,0,1,0,12,0,11,0,24,37,0,23,0,0,0,29,2,7,3,0,4,1,0,0,0,27,0,1,0,0,1,0,1,0
177,L1878,BTreeMap$LeafNode,org.mapdb.BTreeMap$LeafNode,L921,L103,C:\Users\domco\Desktop\DP\repos\mapdb\src\main\java\org\mapdb\BTreeMap.java,463,5,580,6,0.0,0,0,0,0.0,0.0,0,0,4,2,2,24,5,10,16,23,38,0.0,0.151515,15,0,0,15,0.151515,15,1,1,0,0,1,84,118,7,0,2,0,15,0,14,0,27,52,0,26,0,84,118,7,0,2,0,15,0,14,0,27,52,0,26,0,0,0,30,1,8,0,0,7,1,0,0,0,27,0,2,0,0,0,0,2,0
178,L1871,"BTreeMap$NodeSerializer<A extends Object, B extends Object>",org.mapdb.BTreeMap$NodeSerializer,L921,L103,C:\Users\domco\Desktop\DP\repos\mapdb\src\main\java\org\mapdb\BTreeMap.java,585,5,716,6,0.0,0,0,0,0.0,0.0,0,0,1,2,2,25,9,3,4,21,27,0.0,0.141593,16,0,0,5,0.141593,16,1,1,0,0,1,97,132,41,0,11,0,6,0,4,0,20,55,30,18,0,97,132,41,0,11,0,6,0,4,0,20,55,30,18,0,0,0,22,0,14,0,0,13,0,0,1,1,15,0,0,0,0,0,0,6,0
179,L2321,BTreeMap$BTreeIterator,org.mapdb.BTreeMap$BTreeIterator,L921,L103,C:\Users\domco\Desktop\DP\repos\mapdb\src\main\java\org\mapdb\BTreeMap.java,1071,5,1189,6,0.337104,2,10,3,0.268908,0.27907,32,24,1,3,3,28,7,4,10,8,14,0.0,0.211009,23,2,0,3,0.211009,23,0,0,3,3,0,86,119,6,0,6,0,6,0,2,0,6,55,0,2,0,86,119,6,0,6,0,6,0,2,0,6,55,0,2,0,0,0,30,0,8,0,17,8,0,1,0,0,11,0,0,0,0,0,0,1,0
180,L2368,BTreeMap$BTreeDescendingIterator,org.mapdb.BTreeMap$BTreeDescendingIterator,L921,L103,C:\Users\domco\Desktop\DP\repos\mapdb\src\main\java\org\mapdb\BTreeMap.java,1192,5,1324,6,0.317227,2,10,3,0.240602,0.235294,32,24,1,4,4,30,8,3,9,10,16,0.0,0.157025,19,2,0,3,0.157025,19,0,0,3,3,0,102,133,6,0,6,0,6,0,2,0,6,61,0,2,0,102,133,6,0,6,0,6,0,2,0,6,61,0,2,0,0,0,36,0,8,0,17,8,0,3,0,0,15,0,0,0,0,0,0,1,0
181,L2416,BTreeMap$BTreeKeyIterator<K extends Object>,org.mapdb.BTreeMap$BTreeKeyIterator,L921,L103,C:\Users\domco\Desktop\DP\repos\mapdb\src\main\java\org\mapdb\BTreeMap.java,1480,5,1499,6,0.0,0,0,0,0.0,0.0,0,0,1,1,1,4,3,2,2,4,7,0.0,0.117647,2,0,0,2,0.117647,2,1,1,0,0,1,15,20,6,0,0,0,3,0,1,0,9,7,0,3,0,15,20,6,0,0,0,3,0,1,0,9,7,0,3,0,0,0,9,0,1,0,0,1,0,0,0,0,9,0,0,0,0,0,0,0,0
182,L2445,BTreeMap$BTreeValueIterator<V extends Object>,org.mapdb.BTreeMap$BTreeValueIterator,L921,L103,C:\Users\domco\Desktop\DP\repos\mapdb\src\main\java\org\mapdb\BTreeMap.java,1501,5,1521,6,0.0,0,0,0,0.0,0.0,0,0,1,1,1,4,3,2,2,5,8,0.0,0.117647,2,0,0,2,0.117647,2,1,1,0,0,1,15,21,6,0,0,0,3,0,1,0,9,7,0,3,0,15,21,6,0,0,0,3,0,1,0,9,7,0,3,0,0,0,9,0,1,0,0,1,0,0,0,0,9,0,0,0,0,0,0,0,0
183,L2459,"BTreeMap$BTreeEntryIterator<K extends Object, V extends Object>",org.mapdb.BTreeMap$BTreeEntryIterator,L921,L103,C:\Users\domco\Desktop\DP\repos\mapdb\src\main\java\org\mapdb\BTreeMap.java,1523,5,1543,6,0.692308,1,2,1,0.47619,0.5,10,8,1,1,1,4,4,2,2,7,10,0.0,0.111111,2,0,0,2,0.111111,2,1,1,0,0,1,16,21,6,0,0,0,3,0,1,0,9,8,0,3,0,16,21,6,0,0,0,3,0,1,0,9,8,0,3,0,0,0,19,0,1,0,10,1,0,0,0,0,9,0,0,0,0,0,0,0,0
184,L2480,BTreeMap$BTreeDescendingKeyIterator<K extends Object>,org.mapdb.BTreeMap$BTreeDescendingKeyIterator,L921,L103,C:\Users\domco\Desktop\DP\repos\mapdb\src\main\java\org\mapdb\BTreeMap.java,1547,5,1567,6,0.0,0,0,0,0.0,0.0,0,0,1,1,1,4,3,1,1,4,7,0.0,0.111111,2,0,0,2,0.111111,2,1,1,0,0,1,16,21,6,0,0,0,3,0,1,0,9,7,0,3,0,16,21,6,0,0,0,3,0,1,0,9,7,0,3,0,0,0,9,0,1,0,0,1,0,0,0,0,9,0,0,0,0,0,0,0,0
185,L2498,BTreeMap$BTreeDescendingValueIterator<V extends Object>,org.mapdb.BTreeMap$BTreeDescendingValueIterator,L921,L103,C:\Users\domco\Desktop\DP\repos\mapdb\src\main\java\org\mapdb\BTreeMap.java,1569,5,1589,6,0.0,0,0,0,0.0,0.0,0,0,1,1,1,4,3,1,1,5,8,0.0,0.117647,2,0,0,2,0.117647,2,1,1,0,0,1,15,21,6,0,0,0,3,0,1,0,9,7,0,3,0,15,21,6,0,0,0,3,0,1,0,9,7,0,3,0,0,0,9,0,1,0,0,1,0,0,0,0,9,0,0,0,0,0,0,0,0
186,L2511,"BTreeMap$BTreeDescendingEntryIterator<K extends Object, V extends Object>",org.mapdb.BTreeMap$BTreeDescendingEntryIterator,L921,L103,C:\Users\domco\Desktop\DP\repos\mapdb\src\main\java\org\mapdb\BTreeMap.java,1591,5,1612,6,0.692308,1,2,1,0.5,0.529412,11,9,1,1,1,4,4,1,1,7,10,0.0,0.105263,2,0,0,2,0.105263,2,1,1,0,0,1,17,22,6,0,0,0,3,0,1,0,9,8,0,3,0,17,22,6,0,0,0,3,0,1,0,9,8,0,3,0,0,0,19,0,1,0,10,1,0,0,0,0,9,0,0,0,0,0,0,0,0
187,L1821,BTreeMap$KeySet<E extends Object>,org.mapdb.BTreeMap$KeySet,L921,L103,C:\Users\domco\Desktop\DP\repos\mapdb\src\main\java\org\mapdb\BTreeMap.java,2144,5,2258,6,0.10998,1,5,1,0.130435,0.135135,15,15,4,2,1,38,3,4,6,4,32,0.0,0.0,0,0,0,28,0.0,0,0,0,0,0,0,113,115,2,0,2,0,28,0,27,0,28,45,0,27,0,113,115,2,0,2,0,28,0,27,0,28,45,0,27,0,0,2,71,1,9,0,8,9,1,0,0,1,59,0,2,0,0,0,0,3,0
188,L1829,BTreeMap$Values<E extends Object>,org.mapdb.BTreeMap$Values,L921,L103,C:\Users\domco\Desktop\DP\repos\mapdb\src\main\java\org\mapdb\BTreeMap.java,2260,5,2292,6,0.0,0,0,0,0.0,0.0,0,0,3,1,1,9,2,1,0,3,11,0.0,0.0,0,0,0,8,0.0,0,0,0,0,0,0,33,33,1,0,1,0,8,0,7,0,8,10,0,7,0,33,33,1,0,1,0,8,0,7,0,8,10,0,7,0,0,0,20,0,2,0,0,2,1,0,0,0,19,0,0,0,0,0,0,0,0
189,L1825,"BTreeMap$EntrySet<K1 extends Object, V1 extends Object>",org.mapdb.BTreeMap$EntrySet,L921,L103,C:\Users\domco\Desktop\DP\repos\mapdb\src\main\java\org\mapdb\BTreeMap.java,2294,5,2364,6,0.172524,1,5,1,0.211268,0.223881,15,15,4,2,1,22,4,3,3,5,15,0.0,0.0144928,1,0,0,10,0.0144928,1,0,0,0,0,0,68,71,2,0,2,0,10,0,9,0,10,36,0,9,0,68,71,2,0,2,0,10,0,9,0,10,36,0,9,0,0,3,35,1,10,0,11,10,1,0,0,1,23,0,3,0,0,0,0,0,0
190,L2636,"BTreeMap$SubMap<K extends Object, V extends Object>",org.mapdb.BTreeMap$SubMap,L921,L103,C:\Users\domco\Desktop\DP\repos\mapdb\src\main\java\org\mapdb\BTreeMap.java,2368,5,2785,6,0.312097,7,38,9,0.253589,0.283912,106,90,1,3,3,124,9,4,6,26,73,0.1,0.0422961,14,9,4,36,0.0422961,14,0,0,0,0,0,317,418,5,0,5,0,47,0,39,0,47,156,0,39,0,317,418,5,0,5,0,47,0,39,0,47,156,0,39,0,0,11,151,1,32,4,47,28,0,2,1,11,97,0,1,0,0,0,0,4,0
191,L1835,"BTreeMap$DescendingMap<K extends Object, V extends Object>",org.mapdb.BTreeMap$DescendingMap,L921,L103,C:\Users\domco\Desktop\DP\repos\mapdb\src\main\java\org\mapdb\BTreeMap.java,2788,5,3208,6,0.309659,7,38,9,0.254157,0.287066,107,91,1,3,3,125,8,3,4,25,72,0.1,0.0508982,17,12,4,36,0.0508982,17,0,0,0,0,0,317,421,5,0,5,0,47,0,39,0,47,156,0,39,0,317,421,5,0,5,0,47,0,39,0,47,156,0,39,0,0,10,150,0,32,4,48,28,0,2,1,10,95,0,0,0,0,0,0,4,0
192,L1715,DataIO$DataInputByteArray,org.mapdb.DataIO$DataInputByteArray,L1028,L103,C:\Users\domco\Desktop\DP\repos\mapdb\src\main\java\org\mapdb\DataIO.java,290,5,513,6,0.190278,2,6,3,0.169643,0.191011,38,34,3,2,2,33,2,13,20,1,27,0.037037,0.0964467,19,1,1,26,0.0964467,19,1,1,0,0,1,178,224,2,1,2,1,26,0,26,1,26,84,0,26,1,178,224,2,1,2,1,26,0,26,1,26,84,0,26,1,0,0,79,1,5,2,22,3,1,0,0,0,53,1,0,0,0,0,0,3,0
193,L3551,DataIO$DataInputToStream,org.mapdb.DataIO$DataInputToStream,L1028,L103,C:\Users\domco\Desktop\DP\repos\mapdb\src\main\java\org\mapdb\DataIO.java,518,5,549,6,0.0,0,0,0,0.0,0.0,0,0,1,1,1,6,0,1,1,0,5,0.166667,0.137931,4,3,1,5,0.137931,4,0,0,0,0,0,25,32,1,0,1,0,5,0,5,0,5,8,0,5,0,25,32,1,0,1,0,5,0,5,0,5,8,0,5,0,0,0,13,0,3,1,0,2,0,0,0,0,13,0,0,0,0,0,0,0,0
194,L3578,DataIO$DataInputByteBuffer,org.mapdb.DataIO$DataInputByteBuffer,L1028,L103,C:\Users\domco\Desktop\DP\repos\mapdb\src\main\java\org\mapdb\DataIO.java,557,5,772,6,0.352941,3,10,4,0.222222,0.273292,48,44,3,2,2,32,3,7,10,2,28,0.0740741,0.148148,28,8,2,25,0.148148,28,1,1,0,0,1,161,216,2,1,2,1,26,2,26,1,26,77,2,26,1,161,216,2,1,2,1,26,2,26,1,26,77,2,26,1,0,0,86,1,2,1,29,0,1,0,0,0,49,1,1,0,0,0,0,7,0
195,L1025,DataIO$DataOutputByteArray,org.mapdb.DataIO$DataOutputByteArray,L1028,L103,C:\Users\domco\Desktop\DP\repos\mapdb\src\main\java\org\mapdb\DataIO.java,781,5,943,6,0.1875,1,4,2,0.122699,0.166667,20,20,1,1,1,24,1,21,28,1,20,0.105263,0.210526,32,10,2,17,0.210526,32,0,0,0,0,0,120,163,3,0,3,0,19,3,18,0,19,62,3,18,0,120,163,3,0,3,0,19,3,18,0,19,62,3,18,0,0,0,56,0,1,1,16,0,0,0,0,0,35,0,0,0,0,0,0,5,0
196,L3751,DB$IdentityWrapper,org.mapdb.DB$IdentityWrapper,L1849,L103,C:\Users\domco\Desktop\DP\repos\mapdb\src\main\java\org\mapdb\DB.java,57,5,74,6,0.0,0,0,0,0.0,0.0,0,0,1,0,0,3,0,1,4,0,3,0.0,0.0,0,0,0,4,0.0,0,0,0,0,0,0,14,18,1,0,1,0,3,0,3,0,3,3,0,3,0,14,18,1,0,1,0,3,0,3,0,3,3,0,3,0,0,0,9,0,1,0,0,1,0,0,0,0,9,0,0,0,0,0,0,0,0
197,L3892,DB$HTreeMapMaker,org.mapdb.DB$HTreeMapMaker,L1849,L103,C:\Users\domco\Desktop\DP\repos\mapdb\src\main\java\org\mapdb\DB.java,172,5,310,6,0.0,0,0,0,0.0,0.0,0,0,10,1,1,19,6,14,28,6,23,0.555556,0.158879,17,14,10,8,0.158879,17,0,0,0,0,0,90,139,14,0,14,0,17,0,17,0,17,39,0,17,0,90,139,14,0,14,0,17,0,17,0,17,39,0,17,0,0,0,35,1,30,0,0,15,1,0,0,0,31,0,8,0,0,8,0,3,0
198,L4029,DB$HTreeSetMaker,org.mapdb.DB$HTreeSetMaker,L1849,L103,C:\Users\domco\Desktop\DP\repos\mapdb\src\main\java\org\mapdb\DB.java,312,5,418,6,0.0,0,0,0,0.0,0.0,0,0,8,1,1,16,2,2,5,3,17,0.6,0.166667,14,12,9,6,0.166667,14,0,0,0,0,0,70,107,10,0,10,0,14,0,14,0,14,29,0,14,0,70,107,10,0,10,0,14,0,14,0,14,29,0,14,0,0,0,30,0,23,0,0,11,1,0,0,0,27,0,5,0,0,7,0,2,0
199,L4207,DB$BTreeMapMaker,org.mapdb.DB$BTreeMapMaker,L1849,L103,C:\Users\domco\Desktop\DP\repos\mapdb\src\main\java\org\mapdb\DB.java,681,5,801,6,0.0,0,0,0,0.0,0.0,0,0,8,1,1,18,9,37,44,7,23,0.588235,0.151515,15,14,10,7,0.151515,15,0,0,0,0,0,84,121,12,0,12,0,16,0,16,0,16,36,0,16,0,84,121,12,0,12,0,16,0,16,0,16,36,0,16,0,0,0,35,0,22,0,0,13,1,0,0,0,31,0,6,0,0,3,0,3,0
200,L4317,DB$BTreeSetMaker,org.mapdb.DB$BTreeSetMaker,L1849,L103,C:\Users\domco\Desktop\DP\repos\mapdb\src\main\java\org\mapdb\DB.java,803,5,891,6,0.0,0,0,0,0.0,0.0,0,0,7,0,0,13,2,8,12,3,15,0.538462,0.15942,11,10,7,6,0.15942,11,0,0,0,0,0,58,89,8,0,8,0,12,0,12,0,12,22,0,12,0,58,89,8,0,8,0,12,0,12,0,12,22,0,12,0,0,0,27,0,15,0,0,8,1,0,0,0,25,0,5,0,0,2,0,1,0
201,L4737,DB$6,org.mapdb.DB$6,L1849,L103,C:\Users\domco\Desktop\DP\repos\mapdb\src\main\java\org\mapdb\DB.java,1809,63,1899,6,0.0,0,0,0,0.0,0.0,0,0,16,0,0,17,2,0,0,0,17,0.0,0.0,0,0,0,18,0.0,0,1,1,0,0,1,70,91,5,1,0,1,17,0,17,0,17,17,5,17,0,70,91,5,1,0,1,17,0,17,0,17,17,5,17,0,0,0,41,1,0,0,0,0,1,0,0,0,37,0,1,0,0,0,0,3,0
202,L4797,DBException$EngineGetVoid,org.mapdb.DBException$EngineGetVoid,L3708,L103,C:\Users\domco\Desktop\DP\repos\mapdb\src\main\java\org\mapdb\DBException.java,23,5,27,6,0.0,0,0,0,0.0,0.0,0,0,0,0,0,1,1,4,3,1,2,0.0,0.0,0,0,0,2,0.0,0,1,1,0,0,1,5,5,0,0,0,0,1,0,1,0,3,1,0,3,0,5,5,0,0,0,0,1,0,1,0,3,1,0,3,0,0,0,5,0,0,0,0,0,0,0,0,0,5,0,0,0,0,0,0,0,0
203,L4800,DBException$EngineCompactUncommited,org.mapdb.DBException$EngineCompactUncommited,L3708,L103,C:\Users\domco\Desktop\DP\repos\mapdb\src\main\java\org\mapdb\DBException.java,29,5,33,6,0.0,0,0,0,0.0,0.0,0,0,0,0,0,1,1,0,0,1,2,0.0,0.0,0,0,0,2,0.0,0,1,1,0,0,1,5,5,0,0,0,0,1,0,1,0,3,1,0,3,0,5,5,0,0,0,0,1,0,1,0,3,1,0,3,0,0,0,5,0,0,0,0,0,0,0,0,0,5,0,0,0,0,0,0,0,0
204,L4802,DBException$VolumeClosedByInterrupt,org.mapdb.DBException$VolumeClosedByInterrupt,L3708,L103,C:\Users\domco\Desktop\DP\repos\mapdb\src\main\java\org\mapdb\DBException.java,37,5,41,6,0.0,0,0,0,0.0,0.0,0,0,0,0,0,1,1,1,16,1,2,0.5,0.285714,2,2,1,1,0.285714,2,2,2,0,0,1,5,5,0,0,0,0,1,0,1,0,5,1,0,4,0,5,5,0,0,0,0,1,0,1,0,5,1,0,4,0,0,0,3,0,0,0,0,0,0,0,0,0,3,0,0,0,0,0,0,0,0
205,L4805,DBException$VolumeClosed,org.mapdb.DBException$VolumeClosed,L3708,L103,C:\Users\domco\Desktop\DP\repos\mapdb\src\main\java\org\mapdb\DBException.java,43,5,51,6,0.0,0,0,0,0.0,0.0,0,0,0,0,0,2,1,3,17,1,3,0.0,0.0,0,0,0,2,0.0,0,1,1,1,1,1,8,9,0,0,0,0,2,0,1,0,4,2,0,3,0,8,9,0,0,0,0,2,0,1,0,4,2,0,3,0,0,0,7,0,0,0,0,0,0,0,0,0,7,0,0,0,0,0,0,0,0
206,L4820,DBException$VolumeIOError,org.mapdb.DBException$VolumeIOError,L3708,L103,C:\Users\domco\Desktop\DP\repos\mapdb\src\main\java\org\mapdb\DBException.java,54,5,66,6,0.0,0,0,0,0.0,0.0,0,0,0,0,0,3,1,8,41,2,5,0.0,0.0,0,0,0,4,0.0,0,1,1,2,2,1,11,13,0,0,0,0,3,0,3,0,5,3,0,5,0,11,13,0,0,0,0,3,0,3,0,5,3,0,5,0,0,0,9,0,0,0,0,0,0,0,0,0,9,0,0,0,0,0,0,0,0
207,L4828,DBException$VolumeEOF,org.mapdb.DBException$VolumeEOF,L3708,L103,C:\Users\domco\Desktop\DP\repos\mapdb\src\main\java\org\mapdb\DBException.java,68,5,72,6,0.0,0,0,0,0.0,0.0,0,0,0,0,0,1,1,0,0,1,2,0.0,0.0,0,0,0,2,0.0,0,2,2,0,0,1,5,5,0,0,0,0,1,0,1,0,6,1,0,6,0,5,5,0,0,0,0,1,0,1,0,6,1,0,6,0,0,0,5,0,0,0,0,0,0,0,0,0,5,0,0,0,0,0,0,0,0
208,L4833,DBException$OutOfMemory,org.mapdb.DBException$OutOfMemory,L3708,L103,C:\Users\domco\Desktop\DP\repos\mapdb\src\main\java\org\mapdb\DBException.java,74,5,83,6,0.0,0,0,0,0.0,0.0,0,0,0,0,0,2,1,2,2,1,2,0.0,0.0,0,0,0,2,0.0,0,2,2,0,0,1,9,10,0,0,0,0,1,0,1,0,6,1,0,6,0,9,10,0,0,0,0,1,0,1,0,6,1,0,6,0,0,0,5,0,0,0,0,0,0,0,0,0,5,0,0,0,0,0,0,0,0
209,L4839,DBException$DataCorruption,org.mapdb.DBException$DataCorruption,L3708,L103,C:\Users\domco\Desktop\DP\repos\mapdb\src\main\java\org\mapdb\DBException.java,85,5,89,6,0.0,0,0,0,0.0,0.0,0,0,0,0,0,1,1,3,3,1,2,0.0,0.0,0,0,0,2,0.0,0,1,1,3,3,1,5,5,0,0,0,0,1,0,1,0,3,1,0,3,0,5,5,0,0,0,0,1,0,1,0,3,1,0,3,0,0,0,5,0,0,0,0,0,0,0,0,0,5,0,0,0,0,0,0,0,0
210,L4842,DBException$ChecksumBroken,org.mapdb.DBException$ChecksumBroken,L3708,L103,C:\Users\domco\Desktop\DP\repos\mapdb\src\main\java\org\mapdb\DBException.java,91,5,95,6,0.0,0,0,0,0.0,0.0,0,0,0,0,0,1,1,1,1,1,2,0.0,0.0,0,0,0,2,0.0,0,2,2,0,0,1,5,5,0,0,0,0,1,0,1,0,4,1,0,4,0,5,5,0,0,0,0,1,0,1,0,4,1,0,4,0,0,0,5,0,0,0,0,0,0,0,0,0,5,0,0,0,0,0,0,0,0
211,L4847,DBException$HeadChecksumBroken,org.mapdb.DBException$HeadChecksumBroken,L3708,L103,C:\Users\domco\Desktop\DP\repos\mapdb\src\main\java\org\mapdb\DBException.java,97,5,101,6,0.0,0,0,0,0.0,0.0,0,0,0,0,0,1,1,2,1,1,2,0.0,0.0,0,0,0,2,0.0,0,2,2,0,0,1,5,5,0,0,0,0,1,0,1,0,4,1,0,4,0,5,5,0,0,0,0,1,0,1,0,4,1,0,4,0,0,0,5,0,0,0,0,0,0,0,0,0,5,0,0,0,0,0,0,0,0
212,L3703,DBException$PointerChecksumBroken,org.mapdb.DBException$PointerChecksumBroken,L3708,L103,C:\Users\domco\Desktop\DP\repos\mapdb\src\main\java\org\mapdb\DBException.java,103,5,107,6,0.0,0,0,0,0.0,0.0,0,0,0,0,0,1,1,2,8,1,2,0.0,0.0,0,0,0,2,0.0,0,2,2,0,0,1,5,5,0,0,0,0,1,0,1,0,4,1,0,4,0,5,5,0,0,0,0,1,0,1,0,4,1,0,4,0,0,0,5,0,0,0,0,0,0,0,0,0,5,0,0,0,0,0,0,0,0
213,L5195,DBMaker$CloseOnJVMShutdown,org.mapdb.DBMaker$CloseOnJVMShutdown,L4849,L103,C:\Users\domco\Desktop\DP\repos\mapdb\src\main\java\org\mapdb\DBMaker.java,1025,5,1139,6,0.0,0,0,0,0.0,0.0,0,0,1,1,1,20,2,2,1,16,34,0.0526316,0.0454545,4,4,1,18,0.0416667,4,1,1,0,0,1,84,107,9,1,4,1,18,0,18,0,18,23,5,18,0,92,115,9,1,4,1,19,0,19,0,19,28,5,19,0,0,0,47,0,2,0,0,2,0,0,0,0,44,0,0,0,0,0,0,3,0
214,L4135,Engine$ReadOnly,org.mapdb.Engine$ReadOnly,L277,L103,C:\Users\domco\Desktop\DP\repos\mapdb\src\main\java\org\mapdb\Engine.java,274,5,372,6,0.0,0,0,0,0.0,0.0,0,0,11,0,0,18,2,3,13,6,24,0.0526316,0.0632911,5,5,1,18,0.0632911,5,1,1,0,0,1,74,99,6,1,1,1,18,0,18,0,18,18,5,18,0,74,99,6,1,1,1,18,0,18,0,18,18,5,18,0,0,0,43,1,3,0,0,3,1,0,0,0,39,0,1,0,0,0,0,3,0
215,L5590,Fun$1,org.mapdb.Fun$1,L625,L103,C:\Users\domco\Desktop\DP\repos\mapdb\src\main\java\org\mapdb\Fun.java,31,78,36,6,0.0,0,0,0,0.0,0.0,0,0,1,0,0,1,0,0,0,0,1,0.0,0.0,0,0,0,2,0.0,0,0,0,0,0,0,6,6,0,0,0,0,1,0,1,0,1,1,0,1,0,6,6,0,0,0,0,1,0,1,0,1,1,0,1,0,0,0,5,0,0,0,0,0,0,0,0,0,5,0,0,0,0,0,0,0,0
216,L5598,Fun$2,org.mapdb.Fun$2,L625,L103,C:\Users\domco\Desktop\DP\repos\mapdb\src\main\java\org\mapdb\Fun.java,38,98,43,6,0.0,0,0,0,0.0,0.0,0,0,1,0,0,1,1,0,0,0,1,0.0,0.0,0,0,0,2,0.0,0,0,0,0,0,0,6,6,0,0,0,0,1,0,1,0,1,1,0,1,0,6,6,0,0,0,0,1,0,1,0,1,1,0,1,0,0,0,5,0,0,0,0,0,0,0,0,0,5,0,0,0,0,0,0,0,0
217,L2344,"Fun$Pair<A extends Object, B extends Object>",org.mapdb.Fun$Pair,L625,L103,C:\Users\domco\Desktop\DP\repos\mapdb\src\main\java\org\mapdb\Fun.java,89,5,133,6,0.0,0,0,0,0.0,0.0,0,0,1,1,1,13,3,25,20,3,9,0.0,0.0285714,1,1,0,6,0.0285714,1,0,0,0,0,0,34,45,3,0,3,0,6,2,5,0,6,19,2,5,0,34,45,3,0,3,0,6,2,5,0,6,19,2,5,0,0,0,19,0,4,0,0,4,0,0,0,0,15,0,0,0,0,0,0,4,0
218,L5744,Fun$7,org.mapdb.Fun$7,L625,L103,C:\Users\domco\Desktop\DP\repos\mapdb\src\main\java\org\mapdb\Fun.java,211,93,225,6,0.985294,1,5,1,0.866667,0.866667,13,13,1,2,2,5,0,0,0,0,1,0.0,0.0,0,0,0,2,0.0,0,0,0,0,0,0,15,15,0,0,0,0,1,0,1,0,1,12,0,1,0,15,15,0,0,0,0,1,0,1,0,1,12,0,1,0,0,0,16,1,3,0,11,3,0,0,0,0,5,0,1,0,0,0,0,0,0
219,L5753,Fun$8,org.mapdb.Fun$8,L625,L103,C:\Users\domco\Desktop\DP\repos\mapdb\src\main\java\org\mapdb\Fun.java,228,93,242,6,0.985294,1,5,1,0.866667,0.866667,13,13,1,2,2,5,0,0,0,0,1,0.0,0.0,0,0,0,2,0.0,0,0,0,0,0,0,15,15,0,0,0,0,1,0,1,0,1,12,0,1,0,15,15,0,0,0,0,1,0,1,0,1,12,0,1,0,0,0,16,1,3,0,11,3,0,0,0,0,5,0,1,0,0,0,0,0,0
220,L5762,Fun$9,org.mapdb.Fun$9,L625,L103,C:\Users\domco\Desktop\DP\repos\mapdb\src\main\java\org\mapdb\Fun.java,244,90,258,6,0.985294,1,5,1,0.866667,0.866667,13,13,1,2,2,5,0,0,0,0,1,0.0,0.0,0,0,0,2,0.0,0,0,0,0,0,0,15,15,0,0,0,0,1,0,1,0,1,12,0,1,0,15,15,0,0,0,0,1,0,1,0,1,12,0,1,0,0,0,16,1,3,0,11,3,0,0,0,0,5,0,1,0,0,0,0,0,0
221,L5771,Fun$10,org.mapdb.Fun$10,L625,L103,C:\Users\domco\Desktop\DP\repos\mapdb\src\main\java\org\mapdb\Fun.java,260,93,274,6,0.985294,1,5,1,0.866667,0.866667,13,13,1,2,2,5,0,0,0,0,1,0.0,0.0,0,0,0,2,0.0,0,0,0,0,0,0,15,15,0,0,0,0,1,0,1,0,1,12,0,1,0,15,15,0,0,0,0,1,0,1,0,1,12,0,1,0,0,0,16,1,3,0,11,3,0,0,0,0,5,0,1,0,0,0,0,0,0
222,L5780,Fun$11,org.mapdb.Fun$11,L625,L103,C:\Users\domco\Desktop\DP\repos\mapdb\src\main\java\org\mapdb\Fun.java,276,99,290,6,0.985294,1,5,1,0.866667,0.866667,13,13,1,2,2,5,0,0,0,0,1,0.0,0.0,0,0,0,2,0.0,0,0,0,0,0,0,15,15,0,0,0,0,1,0,1,0,1,12,0,1,0,15,15,0,0,0,0,1,0,1,0,1,12,0,1,0,0,0,16,1,3,0,11,3,0,0,0,0,5,0,1,0,0,0,0,0,0
223,L5790,Fun$12,org.mapdb.Fun$12,L625,L103,C:\Users\domco\Desktop\DP\repos\mapdb\src\main\java\org\mapdb\Fun.java,294,103,306,6,0.0,0,0,0,0.0,0.0,0,0,1,2,2,4,1,0,0,0,1,0.0,0.0,0,0,0,2,0.0,0,0,0,0,0,0,13,13,0,0,0,0,1,0,1,0,1,10,0,1,0,13,13,0,0,0,0,1,0,1,0,1,10,0,1,0,0,0,5,0,2,0,0,2,0,0,0,0,5,0,0,0,0,0,0,0,0
224,L1188,Fun$ArrayComparator,org.mapdb.Fun$ArrayComparator,L625,L103,C:\Users\domco\Desktop\DP\repos\mapdb\src\main\java\org\mapdb\Fun.java,309,5,352,6,0.0,0,0,0,0.0,0.0,0,0,1,2,2,13,3,6,5,3,8,0.2,0.0526316,2,2,1,4,0.0526316,2,0,0,0,0,0,36,44,1,0,1,0,5,0,4,0,5,25,0,4,0,36,44,1,0,1,0,5,0,4,0,5,25,0,4,0,0,0,13,0,7,1,0,6,0,0,0,0,13,0,0,0,0,0,0,0,0
225,L5861,Fun$14,org.mapdb.Fun$14,L625,L103,C:\Users\domco\Desktop\DP\repos\mapdb\src\main\java\org\mapdb\Fun.java,436,84,441,6,0.0,0,0,0,0.0,0.0,0,0,1,0,0,1,2,0,0,0,1,0.0,0.0,0,0,0,2,0.0,0,1,1,0,0,1,6,6,0,0,0,0,1,0,1,0,1,1,0,1,0,6,6,0,0,0,0,1,0,1,0,1,1,0,1,0,0,0,5,0,0,0,0,0,0,0,0,0,5,0,0,0,0,0,0,0,0
226,L5905,"HTreeMap$LinkedNode<K extends Object, V extends Object>",org.mapdb.HTreeMap$LinkedNode,L4005,L103,C:\Users\domco\Desktop\DP\repos\mapdb\src\main\java\org\mapdb\HTreeMap.java,90,5,106,6,0.0,0,0,0,0.0,0.0,0,0,0,1,1,3,1,7,4,0,1,0.5,0.0666667,1,1,1,1,0.0666667,1,0,0,0,0,0,14,17,4,0,4,0,1,4,1,0,1,6,4,1,0,14,17,4,0,4,0,1,4,1,0,1,6,4,1,0,0,0,9,0,2,0,0,1,0,0,0,1,5,0,0,0,0,0,0,4,0
227,L5935,HTreeMap$1,org.mapdb.HTreeMap$1,L4005,L103,C:\Users\domco\Desktop\DP\repos\mapdb\src\main\java\org\mapdb\HTreeMap.java,110,99,145,6,0.0,0,0,0,0.0,0.0,0,0,3,1,1,11,4,0,0,1,4,0.0,0.0322581,1,1,0,4,0.0322581,1,1,1,0,0,1,30,36,31,0,1,0,3,0,3,0,17,12,30,17,0,30,36,31,0,1,0,3,0,3,0,17,12,30,17,0,0,0,14,0,7,0,0,4,1,0,0,1,9,0,1,0,0,1,0,4,1.0
228,L5960,HTreeMap$2,org.mapdb.HTreeMap$2,L4005,L103,C:\Users\domco\Desktop\DP\repos\mapdb\src\main\java\org\mapdb\HTreeMap.java,166,89,215,6,0.0,0,0,0,0.0,0.0,0,0,3,2,2,6,5,0,0,0,3,0.0,0.15,6,0,0,4,0.15,6,1,1,0,0,1,34,50,30,0,0,0,3,0,3,0,17,21,30,17,0,34,50,30,0,0,0,3,0,3,0,17,21,30,17,0,0,0,12,0,1,0,0,1,1,0,0,0,7,0,0,0,0,0,0,4,0
229,L4620,HTreeMap$KeySet,org.mapdb.HTreeMap$KeySet,L4005,L103,C:\Users\domco\Desktop\DP\repos\mapdb\src\main\java\org\mapdb\HTreeMap.java,836,5,895,6,0.0,0,0,0,0.0,0.0,0,0,9,1,1,11,3,1,1,7,16,0.0,0.0833333,4,0,0,10,0.0833333,4,0,0,0,0,0,44,60,0,0,0,0,9,0,9,0,9,14,0,9,0,44,60,0,0,0,0,9,0,9,0,9,14,0,9,0,0,1,20,0,2,0,0,2,1,0,0,0,19,0,1,0,0,0,0,0,0
230,L6145,HTreeMap$3,org.mapdb.HTreeMap$3,L4005,L103,C:\Users\domco\Desktop\DP\repos\mapdb\src\main\java\org\mapdb\HTreeMap.java,906,70,930,6,0.0,0,0,0,0.0,0.0,0,0,4,0,0,4,1,0,0,0,4,0.0,0.0,0,0,0,5,0.0,0,0,0,0,0,0,18,25,0,0,0,0,4,0,4,0,4,4,0,4,0,18,25,0,0,0,0,4,0,4,0,4,4,0,4,0,0,0,12,0,0,0,0,0,1,0,0,0,11,0,0,0,0,0,0,0,0
231,L6160,HTreeMap$4,org.mapdb.HTreeMap$4,L4005,L103,C:\Users\domco\Desktop\DP\repos\mapdb\src\main\java\org\mapdb\HTreeMap.java,937,76,990,6,0.0,0,0,0,0.0,0.0,0,0,7,2,2,13,2,0,0,0,7,0.0,0.0,0,0,0,8,0.0,0,0,0,0,0,0,45,54,0,0,0,0,7,0,7,0,7,22,0,7,0,45,54,0,0,0,0,7,0,7,0,7,22,0,7,0,0,1,18,0,3,0,0,3,1,0,0,1,17,0,0,0,0,0,0,0,0
232,L6183,HTreeMap$HashIterator,org.mapdb.HTreeMap$HashIterator,L4005,L103,C:\Users\domco\Desktop\DP\repos\mapdb\src\main\java\org\mapdb\HTreeMap.java,1015,5,1165,6,0.0,0,0,0,0.0,0.0,0,0,1,5,5,35,5,3,3,6,13,0.0,0.0833333,11,0,0,3,0.0833333,11,0,0,3,3,0,121,151,4,0,4,0,7,0,2,0,7,84,0,2,0,121,151,4,0,4,0,7,0,2,0,7,84,0,2,0,0,0,22,2,14,3,0,8,0,5,0,0,17,0,2,0,0,3,0,0,0
233,L6129,HTreeMap$KeyIterator,org.mapdb.HTreeMap$KeyIterator,L4005,L103,C:\Users\domco\Desktop\DP\repos\mapdb\src\main\java\org\mapdb\HTreeMap.java,1167,5,1177,6,0.0,0,0,0,0.0,0.0,0,0,1,1,1,2,2,1,0,1,2,0.0,0.0,0,0,0,2,0.0,0,1,1,0,0,1,10,11,4,0,0,0,1,0,1,0,8,5,0,3,0,10,11,4,0,0,0,1,0,1,0,8,5,0,3,0,0,0,5,0,1,0,0,1,0,0,0,0,5,0,0,0,0,0,0,0,0
234,L6153,HTreeMap$ValueIterator,org.mapdb.HTreeMap$ValueIterator,L4005,L103,C:\Users\domco\Desktop\DP\repos\mapdb\src\main\java\org\mapdb\HTreeMap.java,1179,5,1189,6,0.0,0,0,0,0.0,0.0,0,0,1,1,1,2,2,1,0,1,2,0.0,0.0,0,0,0,2,0.0,0,1,1,0,0,1,10,11,4,0,0,0,1,0,1,0,8,5,0,3,0,10,11,4,0,0,0,1,0,1,0,8,5,0,3,0,0,0,5,0,1,0,0,1,0,0,0,0,5,0,0,0,0,0,0,0,0
235,L6168,HTreeMap$EntryIterator,org.mapdb.HTreeMap$EntryIterator,L4005,L103,C:\Users\domco\Desktop\DP\repos\mapdb\src\main\java\org\mapdb\HTreeMap.java,1191,5,1201,6,0.0,0,0,0,0.0,0.0,0,0,1,1,1,2,3,1,0,2,3,0.0,0.0,0,0,0,2,0.0,0,1,1,0,0,1,10,11,4,0,0,0,1,0,1,0,8,5,0,3,0,10,11,4,0,0,0,1,0,1,0,8,5,0,3,0,0,0,5,0,1,0,0,1,0,0,0,0,5,0,0,0,0,0,0,0,0
236,L6217,HTreeMap$Entry2,org.mapdb.HTreeMap$Entry2,L4005,L103,C:\Users\domco\Desktop\DP\repos\mapdb\src\main\java\org\mapdb\HTreeMap.java,1203,5,1237,6,0.0,0,0,0,0.0,0.0,0,0,1,0,0,9,2,1,1,4,10,0.0,0.0,0,0,0,6,0.0,0,0,0,0,0,0,28,35,1,2,1,2,6,0,5,1,6,7,0,5,1,28,35,1,2,1,2,6,0,5,1,6,7,0,5,1,0,0,15,0,0,0,0,0,0,0,0,0,15,0,0,0,0,0,0,0,0
237,L6243,HTreeMap$ExpireLinkNode,org.mapdb.HTreeMap$ExpireLinkNode,L4005,L103,C:\Users\domco\Desktop\DP\repos\mapdb\src\main\java\org\mapdb\HTreeMap.java,1319,5,1375,6,0.0,0,0,0,0.0,0.0,0,0,1,0,0,4,2,3,6,2,6,0.0,0.0,0,0,0,5,0.0,0,0,0,0,0,0,26,34,7,0,7,0,4,7,4,0,4,8,7,4,0,47,57,37,0,7,0,7,7,7,0,21,19,37,21,0,0,0,31,0,2,0,0,2,1,0,0,0,20,0,0,0,0,0,0,10,1.0
238,L6014,HTreeMap$ExpireRunnable,org.mapdb.HTreeMap$ExpireRunnable,L4005,L103,C:\Users\domco\Desktop\DP\repos\mapdb\src\main\java\org\mapdb\HTreeMap.java,1559,5,1611,6,0.0,0,0,0,0.0,0.0,0,0,1,3,3,18,4,1,1,6,8,0.0,0.0487805,2,1,0,3,0.0487805,2,0,0,0,0,0,39,53,1,0,1,0,2,0,2,0,2,22,0,2,0,39,53,1,0,1,0,2,0,2,0,2,22,0,2,0,0,0,8,1,5,0,0,5,0,1,0,0,7,0,1,0,0,0,0,0,0
239,L6422,LongConcurrentHashMap$HashEntry<V extends Object>,org.mapdb.LongConcurrentHashMap$HashEntry,L1797,L103,C:\Users\domco\Desktop\DP\repos\mapdb\src\main\java\org\mapdb\LongConcurrentHashMap.java,141,5,158,6,0.0,0,0,0,0.0,0.0,0,0,1,0,0,2,0,5,4,0,2,1.0,0.448276,13,13,1,0,0.448276,13,0,0,0,0,0,16,18,4,0,4,0,2,0,0,0,2,5,0,0,0,16,18,4,0,4,0,2,0,0,0,2,5,0,0,0,0,0,4,0,5,0,0,5,0,0,0,0,4,0,0,0,0,0,0,0,0
240,L6406,LongConcurrentHashMap$Segment<V extends Object>,org.mapdb.LongConcurrentHashMap$Segment,L1797,L103,C:\Users\domco\Desktop\DP\repos\mapdb\src\main\java\org\mapdb\LongConcurrentHashMap.java,165,5,512,6,0.0,0,0,0,0.0,0.0,0,0,2,5,5,59,3,2,11,2,16,1.0,0.347432,115,84,1,0,0.347432,115,0,0,0,0,0,216,348,6,1,6,1,14,0,0,1,14,150,0,0,1,216,348,6,1,6,1,14,0,0,1,14,150,0,0,1,0,0,27,1,37,2,0,35,1,5,0,0,20,0,1,0,0,0,0,1,0
241,L6616,LongConcurrentHashMap$HashIterator,org.mapdb.LongConcurrentHashMap$HashIterator,L1797,L103,C:\Users\domco\Desktop\DP\repos\mapdb\src\main\java\org\mapdb\LongConcurrentHashMap.java,873,5,926,6,0.0,0,0,0,0.0,0.0,0,0,1,4,4,15,3,3,3,1,6,0.333333,0.0212766,1,1,1,2,0.0212766,1,0,0,3,3,0,46,54,5,0,5,0,5,0,2,0,5,28,0,2,0,46,54,5,0,5,0,5,0,2,0,5,28,0,2,0,0,0,15,0,16,1,0,11,0,2,0,0,13,0,4,0,0,0,0,0,0
242,L6634,LongConcurrentHashMap$KeyIterator,org.mapdb.LongConcurrentHashMap$KeyIterator,L1797,L103,C:\Users\domco\Desktop\DP\repos\mapdb\src\main\java\org\mapdb\LongConcurrentHashMap.java,928,5,934,6,0.0,0,0,0,0.0,0.0,0,0,1,0,0,1,2,0,0,1,2,0.0,0.0,0,0,0,2,0.0,0,1,1,0,0,1,6,7,5,0,0,0,1,0,1,0,6,1,0,3,0,6,7,5,0,0,0,1,0,1,0,6,1,0,3,0,0,0,5,0,0,0,0,0,0,0,0,0,5,0,0,0,0,0,0,0,0
243,L6560,LongConcurrentHashMap$ValueIterator,org.mapdb.LongConcurrentHashMap$ValueIterator,L1797,L103,C:\Users\domco\Desktop\DP\repos\mapdb\src\main\java\org\mapdb\LongConcurrentHashMap.java,936,5,942,6,0.0,0,0,0,0.0,0.0,0,0,1,0,0,1,2,1,0,1,2,0.0,0.0,0,0,0,2,0.0,0,1,1,0,0,1,6,7,5,0,0,0,1,0,1,0,6,1,0,3,0,6,7,5,0,0,0,1,0,1,0,6,1,0,3,0,0,0,5,0,0,0,0,0,0,0,0,0,5,0,0,0,0,0,0,0,0
244,L6568,LongConcurrentHashMap$MapIterator,org.mapdb.LongConcurrentHashMap$MapIterator,L1797,L103,C:\Users\domco\Desktop\DP\repos\mapdb\src\main\java\org\mapdb\LongConcurrentHashMap.java,945,5,968,6,0.0,0,0,0,0.0,0.0,0,0,1,1,1,4,3,1,0,2,5,0.0,0.0,0,0,0,4,0.0,0,1,2,0,0,2,17,24,7,0,2,0,3,0,3,0,9,8,0,6,0,17,24,7,0,2,0,3,0,3,0,9,8,0,6,0,0,0,10,0,3,0,0,1,0,0,0,0,9,0,2,1,0,0,0,0,0
245,L4528,Queues$SimpleQueue<E extends Object>,org.mapdb.Queues$SimpleQueue,L4456,L103,C:\Users\domco\Desktop\DP\repos\mapdb\src\main\java\org\mapdb\Queues.java,38,5,305,6,0.0,0,0,0,0.0,0.0,0,0,12,2,2,44,6,4,3,7,33,0.037037,0.0462428,8,4,1,26,0.0379147,8,0,0,3,3,0,165,218,5,0,5,0,26,0,26,0,26,77,0,26,0,203,268,38,0,8,0,32,0,32,0,46,96,30,46,0,0,0,81,0,19,0,0,18,1,0,0,1,71,0,0,0,0,0,0,9,1.0
246,L4481,Queues$Stack<E extends Object>,org.mapdb.Queues$Stack,L4456,L103,C:\Users\domco\Desktop\DP\repos\mapdb\src\main\java\org\mapdb\Queues.java,314,5,335,6,0.0,0,0,0,0.0,0.0,0,0,1,1,1,3,5,1,2,6,8,0.333333,0.26087,6,5,1,2,0.26087,6,1,1,0,0,1,17,22,5,0,0,0,2,0,2,0,28,9,0,28,0,17,22,5,0,0,0,2,0,2,0,28,9,0,28,0,0,0,5,0,2,0,0,2,0,0,0,0,5,0,0,0,0,0,0,0,0
247,L4451,Queues$Queue<E extends Object>,org.mapdb.Queues$Queue,L4456,L103,C:\Users\domco\Desktop\DP\repos\mapdb\src\main\java\org\mapdb\Queues.java,343,5,367,6,0.0,0,0,0,0.0,0.0,0,0,1,1,1,3,6,1,2,7,9,0.333333,0.269231,7,5,1,2,0.269231,7,1,1,0,0,1,19,25,6,0,1,0,2,0,2,0,28,9,0,28,0,19,25,6,0,1,0,2,0,2,0,28,9,0,28,0,0,0,5,0,0,0,0,0,0,0,0,0,5,0,0,0,0,0,0,0,0
248,L4506,Queues$CircularQueue<E extends Object>,org.mapdb.Queues$CircularQueue,L4456,L103,C:\Users\domco\Desktop\DP\repos\mapdb\src\main\java\org\mapdb\Queues.java,369,5,438,6,0.0,0,0,0,0.0,0.0,0,0,1,2,2,6,6,1,2,8,13,0.0,0.047619,3,1,0,6,0.047619,3,1,1,0,0,1,60,70,8,0,3,0,5,0,5,0,31,34,0,31,0,60,70,8,0,3,0,5,0,5,0,31,34,0,31,0,0,0,13,0,2,0,0,2,0,0,0,0,13,0,0,0,0,0,0,0,0
249,L7056,Serializer$1,org.mapdb.Serializer$1,L467,L103,C:\Users\domco\Desktop\DP\repos\mapdb\src\main\java\org\mapdb\Serializer.java,35,83,55,6,0.0,0,0,0,0.0,0.0,0,0,4,0,0,4,1,0,0,0,4,0.0,0.0,0,0,0,5,0.0,0,1,1,0,0,1,18,21,30,0,0,0,4,0,4,0,18,4,30,18,0,18,21,30,0,0,0,4,0,4,0,18,4,30,18,0,0,0,16,0,0,0,0,0,1,0,0,0,11,0,0,0,0,0,0,4,0
250,L7077,Serializer$2,org.mapdb.Serializer$2,L467,L103,C:\Users\domco\Desktop\DP\repos\mapdb\src\main\java\org\mapdb\Serializer.java,63,78,79,6,0.0,0,0,0,0.0,0.0,0,0,3,0,0,3,1,0,0,0,3,0.0,0.0,0,0,0,4,0.0,0,1,1,0,0,1,14,17,30,0,0,0,3,0,3,0,17,3,30,17,0,14,17,30,0,0,0,3,0,3,0,17,3,30,17,0,0,0,14,0,0,0,0,0,1,0,0,0,9,0,0,0,0,0,0,4,0
251,L7092,Serializer$3,org.mapdb.Serializer$3,L467,L103,C:\Users\domco\Desktop\DP\repos\mapdb\src\main\java\org\mapdb\Serializer.java,89,85,105,6,0.0,0,0,0,0.0,0.0,0,0,3,0,0,3,1,0,0,0,3,0.0,0.0,0,0,0,4,0.0,0,1,1,0,0,1,14,17,30,0,0,0,3,0,3,0,17,3,30,17,0,14,17,30,0,0,0,3,0,3,0,17,3,30,17,0,0,0,14,0,0,0,0,0,1,0,0,0,9,0,0,0,0,0,0,4,0
252,L7105,Serializer$4,org.mapdb.Serializer$4,L467,L103,C:\Users\domco\Desktop\DP\repos\mapdb\src\main\java\org\mapdb\Serializer.java,113,84,140,6,0.0,0,0,0,0.0,0.0,0,0,3,1,1,5,1,0,0,0,3,0.0,0.04,1,0,0,4,0.04,1,1,1,0,0,1,24,28,30,0,0,0,3,0,3,0,17,13,30,17,0,24,28,30,0,0,0,3,0,3,0,17,13,30,17,0,0,0,14,0,0,0,0,0,1,0,0,0,9,0,0,0,0,0,0,4,0
253,L7115,Serializer$5,org.mapdb.Serializer$5,L467,L103,C:\Users\domco\Desktop\DP\repos\mapdb\src\main\java\org\mapdb\Serializer.java,147,85,171,6,0.0,0,0,0,0.0,0.0,0,0,2,1,1,4,1,0,0,0,3,0.0,0.0,0,0,0,4,0.0,0,1,1,0,0,1,19,25,31,0,1,0,3,0,3,0,17,8,30,17,0,19,25,31,0,1,0,3,0,3,0,17,8,30,17,0,0,0,14,0,1,0,0,1,1,0,0,0,9,0,0,0,0,0,0,4,0
254,L7139,Serializer$6,org.mapdb.Serializer$6,L467,L103,C:\Users\domco\Desktop\DP\repos\mapdb\src\main\java\org\mapdb\Serializer.java,180,72,278,6,0.286174,2,4,2,0.222222,0.234568,22,19,14,1,1,18,1,0,0,0,14,0.0,0.0121951,1,0,0,15,0.0121951,1,1,1,0,0,1,81,99,30,0,0,0,14,0,14,0,28,35,30,28,0,81,99,30,0,0,0,14,0,14,0,28,35,30,28,0,0,0,52,0,0,0,16,0,1,0,0,0,31,0,0,0,0,0,0,4,0
255,L7182,Serializer$7,org.mapdb.Serializer$7,L467,L103,C:\Users\domco\Desktop\DP\repos\mapdb\src\main\java\org\mapdb\Serializer.java,283,80,383,6,0.286174,2,4,2,0.217822,0.234568,22,19,14,1,1,18,1,0,0,0,14,0.0,0.0121951,1,0,0,15,0.0121951,1,1,1,0,0,1,81,101,30,0,0,0,14,0,14,0,28,35,30,28,0,81,101,30,0,0,0,14,0,14,0,28,35,30,28,0,0,0,52,0,0,0,16,0,1,0,0,0,31,0,0,0,0,0,0,4,0
256,L7224,Serializer$8,org.mapdb.Serializer$8,L467,L103,C:\Users\domco\Desktop\DP\repos\mapdb\src\main\java\org\mapdb\Serializer.java,386,81,408,6,0.0,0,0,0,0.0,0.0,0,0,4,0,0,4,1,0,0,0,4,0.0,0.0,0,0,0,5,0.0,0,1,1,0,0,1,18,23,30,0,0,0,4,0,4,0,18,4,30,18,0,18,23,30,0,0,0,4,0,4,0,18,4,30,18,0,0,0,16,0,0,0,0,0,1,0,0,0,11,0,0,0,0,0,0,4,0
257,L7239,Serializer$9,org.mapdb.Serializer$9,L467,L103,C:\Users\domco\Desktop\DP\repos\mapdb\src\main\java\org\mapdb\Serializer.java,413,73,437,6,0.0,0,0,0,0.0,0.0,0,0,4,0,0,4,1,0,0,0,4,0.0,0.0,0,0,0,5,0.0,0,1,1,0,0,1,22,25,30,0,0,0,4,0,4,0,18,8,30,18,0,22,25,30,0,0,0,4,0,4,0,18,8,30,18,0,0,0,16,0,0,0,0,0,1,0,0,0,11,0,0,0,0,0,0,4,0
258,L7253,Serializer$10,org.mapdb.Serializer$10,L467,L103,C:\Users\domco\Desktop\DP\repos\mapdb\src\main\java\org\mapdb\Serializer.java,443,86,459,6,0.0,0,0,0,0.0,0.0,0,0,3,0,0,3,1,0,0,0,3,0.0,0.0,0,0,0,4,0.0,0,1,1,0,0,1,14,17,30,0,0,0,3,0,3,0,17,3,30,17,0,14,17,30,0,0,0,3,0,3,0,17,3,30,17,0,0,0,14,0,0,0,0,0,1,0,0,0,9,0,0,0,0,0,0,4,0
259,L7264,Serializer$11,org.mapdb.Serializer$11,L467,L103,C:\Users\domco\Desktop\DP\repos\mapdb\src\main\java\org\mapdb\Serializer.java,465,83,495,6,0.0,0,0,0,0.0,0.0,0,0,5,0,0,5,1,0,0,0,5,0.0,0.0,0,0,0,6,0.0,0,1,1,0,0,1,26,31,30,0,0,0,5,0,5,0,19,9,30,19,0,26,31,30,0,0,0,5,0,5,0,19,9,30,19,0,0,0,18,0,0,0,0,0,1,0,0,0,13,0,0,0,0,0,0,4,0
260,L7282,Serializer$12,org.mapdb.Serializer$12,L467,L103,C:\Users\domco\Desktop\DP\repos\mapdb\src\main\java\org\mapdb\Serializer.java,501,90,531,6,0.0,0,0,0,0.0,0.0,0,0,5,0,0,5,1,0,0,0,5,0.0,0.0,0,0,0,6,0.0,0,1,1,0,0,1,24,31,30,0,0,0,5,0,5,0,19,7,30,19,0,24,31,30,0,0,0,5,0,5,0,19,7,30,19,0,0,0,18,0,0,0,0,0,1,0,0,0,13,0,0,0,0,0,0,4,0
261,L7301,Serializer$13,org.mapdb.Serializer$13,L467,L103,C:\Users\domco\Desktop\DP\repos\mapdb\src\main\java\org\mapdb\Serializer.java,536,83,572,6,0.0,0,0,0,0.0,0.0,0,0,5,1,1,7,1,0,0,0,5,0.0,0.0,0,0,0,6,0.0,0,1,1,0,0,1,30,37,30,0,0,0,5,0,5,0,19,13,30,19,0,30,37,30,0,0,0,5,0,5,0,19,13,30,19,0,0,0,18,0,0,0,0,0,1,0,0,0,13,0,0,0,0,0,0,4,0
262,L7324,Serializer$14,org.mapdb.Serializer$14,L467,L103,C:\Users\domco\Desktop\DP\repos\mapdb\src\main\java\org\mapdb\Serializer.java,578,80,614,6,0.0,0,0,0,0.0,0.0,0,0,5,1,1,7,1,0,0,0,5,0.0,0.0,0,0,0,6,0.0,0,1,1,0,0,1,30,37,30,0,0,0,5,0,5,0,19,13,30,19,0,30,37,30,0,0,0,5,0,5,0,19,13,30,19,0,0,0,18,0,0,0,0,0,1,0,0,0,13,0,0,0,0,0,0,4,0
263,L7347,Serializer$15,org.mapdb.Serializer$15,L467,L103,C:\Users\domco\Desktop\DP\repos\mapdb\src\main\java\org\mapdb\Serializer.java,619,83,656,6,0.0,0,0,0,0.0,0.0,0,0,5,1,1,7,1,0,0,0,5,0.0,0.0,0,0,0,6,0.0,0,1,1,0,0,1,30,38,30,0,0,0,5,0,5,0,19,13,30,19,0,30,38,30,0,0,0,5,0,5,0,19,13,30,19,0,0,0,18,0,0,0,0,0,1,0,0,0,13,0,0,0,0,0,0,4,0
264,L7370,Serializer$16,org.mapdb.Serializer$16,L467,L103,C:\Users\domco\Desktop\DP\repos\mapdb\src\main\java\org\mapdb\Serializer.java,661,89,698,6,0.0,0,0,0,0.0,0.0,0,0,5,1,1,7,1,0,0,0,5,0.0,0.0,0,0,0,6,0.0,0,1,1,0,0,1,30,38,30,0,0,0,5,0,5,0,19,13,30,19,0,30,38,30,0,0,0,5,0,5,0,19,13,30,19,0,0,0,18,0,0,0,0,0,1,0,0,0,13,0,0,0,0,0,0,4,0
265,L7394,Serializer$17,org.mapdb.Serializer$17,L467,L103,C:\Users\domco\Desktop\DP\repos\mapdb\src\main\java\org\mapdb\Serializer.java,702,76,720,6,0.0,0,0,0,0.0,0.0,0,0,2,1,1,3,1,0,0,0,2,0.0,0.0,0,0,0,3,0.0,0,1,1,0,0,1,17,19,30,0,0,0,2,0,2,0,16,7,30,16,0,17,19,30,0,0,0,2,0,2,0,16,7,30,16,0,0,0,12,0,0,0,0,0,1,0,0,0,7,0,0,0,0,0,0,4,0
266,L7428,Serializer$18,org.mapdb.Serializer$18,L467,L103,C:\Users\domco\Desktop\DP\repos\mapdb\src\main\java\org\mapdb\Serializer.java,723,92,850,6,0.0,0,0,0,0.0,0.0,0,0,16,1,1,23,1,0,0,0,16,0.0,0.0192308,2,0,0,17,0.0192308,2,1,1,0,0,1,102,128,30,0,0,0,16,0,16,0,30,49,30,30,0,102,128,30,0,0,0,16,0,16,0,30,49,30,30,0,0,0,41,0,6,5,0,1,1,0,0,0,35,0,0,0,0,0,0,5,0
267,L7479,Serializer$19,org.mapdb.Serializer$19,L467,L103,C:\Users\domco\Desktop\DP\repos\mapdb\src\main\java\org\mapdb\Serializer.java,852,72,873,6,0.0,0,0,0,0.0,0.0,0,0,4,0,0,4,1,0,0,0,4,0.0,0.0526316,1,0,0,5,0.0526316,1,1,1,0,0,1,18,22,30,0,0,0,4,0,4,0,18,4,30,18,0,18,22,30,0,0,0,4,0,4,0,18,4,30,18,0,0,0,16,0,0,0,0,0,1,0,0,0,11,0,0,0,0,0,0,4,0
268,L7496,Serializer$20,org.mapdb.Serializer$20,L467,L103,C:\Users\domco\Desktop\DP\repos\mapdb\src\main\java\org\mapdb\Serializer.java,874,75,895,6,0.0,0,0,0,0.0,0.0,0,0,4,0,0,4,1,0,0,0,4,0.0,0.0526316,1,0,0,5,0.0526316,1,1,1,0,0,1,18,22,30,0,0,0,4,0,4,0,18,4,30,18,0,18,22,30,0,0,0,4,0,4,0,18,4,30,18,0,0,0,16,0,0,0,0,0,1,0,0,0,11,0,0,0,0,0,0,4,0
269,L7517,Serializer$21,org.mapdb.Serializer$21,L467,L103,C:\Users\domco\Desktop\DP\repos\mapdb\src\main\java\org\mapdb\Serializer.java,898,78,919,6,0.0,0,0,0,0.0,0.0,0,0,4,0,0,4,1,0,0,0,4,0.0,0.0,0,0,0,5,0.0,0,1,1,0,0,1,18,22,30,0,0,0,4,0,4,0,18,4,30,18,0,18,22,30,0,0,0,4,0,4,0,18,4,30,18,0,0,0,16,0,0,0,0,0,1,0,0,0,11,0,0,0,0,0,0,4,0
270,L7534,Serializer$22,org.mapdb.Serializer$22,L467,L103,C:\Users\domco\Desktop\DP\repos\mapdb\src\main\java\org\mapdb\Serializer.java,921,75,942,6,0.0,0,0,0,0.0,0.0,0,0,4,0,0,4,1,0,0,0,4,0.0,0.0,0,0,0,5,0.0,0,1,1,0,0,1,18,22,30,0,0,0,4,0,4,0,18,4,30,18,0,18,22,30,0,0,0,4,0,4,0,18,4,30,18,0,0,0,16,0,0,0,0,0,1,0,0,0,11,0,0,0,0,0,0,4,1.0
271,L7552,Serializer$23,org.mapdb.Serializer$23,L467,L103,C:\Users\domco\Desktop\DP\repos\mapdb\src\main\java\org\mapdb\Serializer.java,944,91,971,6,0.0,0,0,0,0.0,0.0,0,0,5,0,0,5,1,0,0,0,5,0.0,0.04,1,0,0,6,0.04,1,1,1,0,0,1,24,28,30,0,0,0,5,0,5,0,19,7,30,19,0,24,28,30,0,0,0,5,0,5,0,19,7,30,19,0,0,0,18,0,0,0,0,0,1,0,0,0,13,0,0,0,0,0,0,4,0
272,L7579,Serializer$24,org.mapdb.Serializer$24,L467,L103,C:\Users\domco\Desktop\DP\repos\mapdb\src\main\java\org\mapdb\Serializer.java,975,85,1007,6,0.0,0,0,0,0.0,0.0,0,0,5,1,1,7,1,0,0,0,5,0.0,0.0,0,0,0,6,0.0,0,1,1,0,0,1,29,33,30,0,0,0,5,0,5,0,19,12,30,19,0,29,33,30,0,0,0,5,0,5,0,19,12,30,19,0,0,0,18,0,0,0,0,0,1,0,0,0,13,0,0,0,0,0,0,4,0
273,L7601,Serializer$25,org.mapdb.Serializer$25,L467,L103,C:\Users\domco\Desktop\DP\repos\mapdb\src\main\java\org\mapdb\Serializer.java,1010,85,1042,6,0.0,0,0,0,0.0,0.0,0,0,5,1,1,7,1,0,0,0,5,0.0,0.0,0,0,0,6,0.0,0,1,1,0,0,1,29,33,30,0,0,0,5,0,5,0,19,12,30,19,0,29,33,30,0,0,0,5,0,5,0,19,12,30,19,0,0,0,18,0,0,0,0,0,1,0,0,0,13,0,0,0,0,0,0,4,0
274,L7626,Serializer$26,org.mapdb.Serializer$26,L467,L103,C:\Users\domco\Desktop\DP\repos\mapdb\src\main\java\org\mapdb\Serializer.java,1044,91,1059,6,0.0,0,0,0,0.0,0.0,0,0,2,0,0,3,1,0,0,0,3,0.0,0.0,0,0,0,4,0.0,0,1,1,0,0,1,14,16,30,0,0,0,3,0,3,0,17,3,30,17,0,14,16,30,0,0,0,3,0,3,0,17,3,30,17,0,0,0,14,0,0,0,0,0,1,0,0,0,9,0,0,0,0,0,0,4,0
275,L7647,Serializer$27,org.mapdb.Serializer$27,L467,L103,C:\Users\domco\Desktop\DP\repos\mapdb\src\main\java\org\mapdb\Serializer.java,1061,91,1079,6,0.0,0,0,0,0.0,0.0,0,0,2,0,0,3,1,0,0,0,3,0.0,0.0,0,0,0,4,0.0,0,1,1,0,0,1,17,19,30,0,0,0,3,0,3,0,17,4,30,17,0,17,19,30,0,0,0,3,0,3,0,17,4,30,17,0,0,0,14,0,0,0,0,0,1,0,0,0,9,0,0,0,0,0,0,4,0
276,L7669,Serializer$28,org.mapdb.Serializer$28,L467,L103,C:\Users\domco\Desktop\DP\repos\mapdb\src\main\java\org\mapdb\Serializer.java,1082,75,1109,6,0.0,0,0,0,0.0,0.0,0,0,5,0,0,6,1,0,0,0,5,0.0,0.0434783,1,0,0,6,0.0434783,1,1,1,0,0,1,22,28,30,0,0,0,5,0,5,0,19,5,30,19,0,22,28,30,0,0,0,5,0,5,0,19,5,30,19,0,0,0,18,0,0,0,0,0,1,0,0,0,13,0,0,0,0,0,0,4,0
277,L7696,Serializer$29,org.mapdb.Serializer$29,L467,L103,C:\Users\domco\Desktop\DP\repos\mapdb\src\main\java\org\mapdb\Serializer.java,1111,72,1132,6,0.0,0,0,0,0.0,0.0,0,0,4,0,0,4,1,0,0,0,4,0.0,0.0,0,0,0,5,0.0,0,1,1,0,0,1,18,22,30,0,0,0,4,0,4,0,18,4,30,18,0,18,22,30,0,0,0,4,0,4,0,18,4,30,18,0,0,0,16,0,0,0,0,0,1,0,0,0,11,0,0,0,0,0,0,4,0
278,L7710,Serializer$CompressionWrapper<E extends Object>,org.mapdb.Serializer$CompressionWrapper,L467,L103,C:\Users\domco\Desktop\DP\repos\mapdb\src\main\java\org\mapdb\Serializer.java,1137,5,1216,6,0.0,0,0,0,0.0,0.0,0,0,2,1,1,16,8,8,6,10,17,0.142857,0.0895522,6,2,1,6,0.0857143,6,1,1,0,0,1,61,77,33,0,3,0,7,0,6,0,21,34,30,20,0,64,80,33,0,3,0,8,0,6,0,22,35,30,20,0,0,0,27,0,6,0,0,5,1,0,0,1,22,0,0,0,0,0,0,4,0
279,L7756,Serializer$Array,org.mapdb.Serializer$Array,L467,L103,C:\Users\domco\Desktop\DP\repos\mapdb\src\main\java\org\mapdb\Serializer.java,1218,5,1290,6,0.0,0,0,0,0.0,0.0,0,0,1,2,2,20,4,4,2,9,18,0.0,0.0166667,1,1,0,9,0.0166667,1,1,1,0,0,1,59,73,31,0,1,0,9,0,8,0,23,33,30,22,0,59,73,31,0,1,0,9,0,8,0,23,33,30,22,0,0,0,25,1,6,0,0,6,0,0,0,0,21,0,1,0,0,0,0,4,0
280,L7786,Serializer$__BasicInstance,org.mapdb.Serializer$__BasicInstance,L467,L103,C:\Users\domco\Desktop\DP\repos\mapdb\src\main\java\org\mapdb\Serializer.java,1293,5,1295,6,0.0,0,0,0,0.0,0.0,0,0,0,0,0,0,1,1,0,0,0,1.0,0.25,1,1,1,0,0.25,1,0,0,0,0,0,3,3,1,0,1,0,0,0,0,0,0,0,0,0,0,3,3,1,0,1,0,0,0,0,0,0,0,0,0,0,0,0,0,0,1,0,0,1,0,0,0,0,0,0,0,0,0,0,0,0,0
281,L7791,Serializer$30,org.mapdb.Serializer$30,L467,L103,C:\Users\domco\Desktop\DP\repos\mapdb\src\main\java\org\mapdb\Serializer.java,1304,68,1320,6,0.0,0,0,0,0.0,0.0,0,0,3,0,0,3,2,0,0,0,3,0.0,0.0,0,0,0,4,0.0,0,1,1,0,0,1,14,17,30,0,0,0,3,0,3,0,17,3,30,17,0,14,17,30,0,0,0,3,0,3,0,17,3,30,17,0,0,0,14,0,0,0,0,0,1,0,0,0,9,0,0,0,0,0,0,4,0
282,L7844,SerializerBase$Deser<A extends Object>,org.mapdb.SerializerBase$Deser,L489,L103,C:\Users\domco\Desktop\DP\repos\mapdb\src\main\java\org\mapdb\SerializerBase.java,45,5,60,6,0.0,0,0,0,0.0,0.0,0,0,1,0,0,2,1,53,2,0,2,0.333333,0.5,7,7,1,2,0.5,7,0,0,51,51,0,7,16,0,0,0,0,2,0,2,0,2,1,0,2,0,7,16,0,0,0,0,2,0,2,0,2,1,0,2,0,0,0,5,0,0,0,0,0,0,0,0,0,3,0,0,2,0,0,0,0,0
283,L7852,SerializerBase$DeserSingleton,org.mapdb.SerializerBase$DeserSingleton,L489,L103,C:\Users\domco\Desktop\DP\repos\mapdb\src\main\java\org\mapdb\SerializerBase.java,63,5,75,6,0.0,0,0,0,0.0,0.0,0,0,1,0,0,2,2,1,1,0,2,0.333333,0.0909091,1,1,1,2,0.0909091,1,1,1,0,0,1,10,13,1,0,1,0,2,0,2,0,3,2,0,3,0,10,13,1,0,1,0,2,0,2,0,3,2,0,3,0,0,0,7,0,1,0,0,1,0,0,0,0,7,0,0,0,0,0,0,0,0
284,L7864,SerializerBase$DeserSerializer,org.mapdb.SerializerBase$DeserSerializer,L489,L103,C:\Users\domco\Desktop\DP\repos\mapdb\src\main\java\org\mapdb\SerializerBase.java,78,5,91,6,0.0,0,0,0,0.0,0.0,0,0,1,1,1,3,3,1,1,1,3,0.0,0.0,0,0,0,3,0.0,0,1,1,0,0,1,12,14,1,0,1,0,2,0,2,0,3,4,0,3,0,12,14,1,0,1,0,2,0,2,0,3,4,0,3,0,0,1,7,0,1,0,0,1,0,0,0,1,7,0,0,0,0,0,0,0,0
285,L7872,SerializerBase$DeserStringLen,org.mapdb.SerializerBase$DeserStringLen,L489,L103,C:\Users\domco\Desktop\DP\repos\mapdb\src\main\java\org\mapdb\SerializerBase.java,93,5,104,6,0.0,0,0,0,0.0,0.0,0,0,1,0,0,2,3,1,1,1,3,0.0,0.0,0,0,0,2,0.0,0,1,1,0,0,1,10,12,1,0,1,0,2,0,1,0,3,2,0,2,0,10,12,1,0,1,0,2,0,1,0,3,2,0,2,0,0,0,7,0,1,0,0,1,0,0,0,0,7,0,0,0,0,0,0,0,0
286,L7880,SerializerBase$DeserInt,org.mapdb.SerializerBase$DeserInt,L489,L103,C:\Users\domco\Desktop\DP\repos\mapdb\src\main\java\org\mapdb\SerializerBase.java,107,5,127,6,0.714286,1,3,1,0.47619,0.555556,10,10,1,1,1,4,2,1,1,0,2,0.0,0.0,0,0,0,3,0.0,0,1,1,0,0,1,18,21,2,0,2,0,2,0,2,0,3,10,0,3,0,18,21,2,0,2,0,2,0,2,0,3,10,0,3,0,0,0,18,0,3,0,11,3,0,0,0,0,7,0,0,0,0,0,0,0,0
287,L7891,SerializerBase$DeserLong,org.mapdb.SerializerBase$DeserLong,L489,L103,C:\Users\domco\Desktop\DP\repos\mapdb\src\main\java\org\mapdb\SerializerBase.java,129,5,149,6,0.714286,1,3,1,0.47619,0.555556,10,10,1,1,1,4,2,1,1,0,2,0.0,0.0,0,0,0,3,0.0,0,1,1,0,0,1,18,21,2,0,2,0,2,0,2,0,3,10,0,3,0,18,21,2,0,2,0,2,0,2,0,3,10,0,3,0,0,0,18,0,3,0,11,3,0,0,0,0,7,0,0,0,0,0,0,0,0
288,L7902,SerializerBase$SerHeader,org.mapdb.SerializerBase$SerHeader,L489,L103,C:\Users\domco\Desktop\DP\repos\mapdb\src\main\java\org\mapdb\SerializerBase.java,152,5,164,6,0.0,0,0,0,0.0,0.0,0,0,1,0,0,2,2,0,0,0,2,0.333333,0.0909091,1,1,1,2,0.0909091,1,1,1,0,0,1,10,13,1,0,1,0,2,0,2,0,2,2,0,2,0,10,13,1,0,1,0,2,0,2,0,2,2,0,2,0,0,0,7,0,1,0,0,1,0,0,0,0,7,0,0,0,0,0,0,0,0
289,L7914,SerializerBase$SerHeaderSerializer,org.mapdb.SerializerBase$SerHeaderSerializer,L489,L103,C:\Users\domco\Desktop\DP\repos\mapdb\src\main\java\org\mapdb\SerializerBase.java,165,5,182,6,0.0,0,0,0,0.0,0.0,0,0,1,1,1,3,3,1,1,1,3,0.0,0.0,0,0,0,3,0.0,0,1,1,0,0,1,15,18,2,0,2,0,2,0,2,0,2,6,0,2,0,15,18,2,0,2,0,2,0,2,0,2,6,0,2,0,0,1,7,0,3,0,0,3,0,0,0,1,7,0,0,0,0,0,0,0,0
290,L498,SerializerBase$FastArrayList<K extends Object>,org.mapdb.SerializerBase$FastArrayList,L489,L103,C:\Users\domco\Desktop\DP\repos\mapdb\src\main\java\org\mapdb\SerializerBase.java,863,5,910,6,0.0,0,0,0,0.0,0.0,0,0,1,2,2,6,0,98,24,0,3,0.5,0.390244,16,15,2,2,0.390244,16,0,0,0,0,0,25,48,3,0,3,0,3,3,3,0,3,13,3,3,0,25,48,3,0,3,0,3,3,3,0,3,13,3,3,0,0,0,9,0,2,0,0,1,0,0,0,0,5,0,0,0,0,1,0,4,0
291,L8862,SerializerBase$56,org.mapdb.SerializerBase$56,L489,L103,C:\Users\domco\Desktop\DP\repos\mapdb\src\main\java\org\mapdb\SerializerBase.java,975,62,993,6,0.0,0,0,0,0.0,0.0,0,0,1,2,2,4,3,0,0,0,1,0.0,0.0526316,1,0,0,2,0.0526316,1,1,1,0,0,1,18,19,0,0,0,0,1,0,1,0,1,11,0,1,0,18,19,0,0,0,0,1,0,1,0,1,11,0,1,0,0,0,5,0,1,0,0,1,0,0,0,0,5,0,0,0,0,0,0,0,0
292,L8871,SerializerBase$57,org.mapdb.SerializerBase$57,L489,L103,C:\Users\domco\Desktop\DP\repos\mapdb\src\main\java\org\mapdb\SerializerBase.java,995,67,1027,6,0.0,0,0,0,0.0,0.0,0,0,1,5,2,14,3,0,0,0,1,0.0,0.0,0,0,0,2,0.0,0,1,1,0,0,1,32,33,0,0,0,0,1,0,1,0,1,29,0,1,0,32,33,0,0,0,0,1,0,1,0,1,29,0,1,0,0,0,6,0,5,0,0,5,0,1,0,0,5,0,0,0,0,0,0,0,0
293,L8888,SerializerBase$58,org.mapdb.SerializerBase$58,L489,L103,C:\Users\domco\Desktop\DP\repos\mapdb\src\main\java\org\mapdb\SerializerBase.java,1029,65,1057,6,0.0,0,0,0,0.0,0.0,0,0,1,4,2,11,3,0,0,0,1,0.0,0.0,0,0,0,2,0.0,0,1,1,0,0,1,28,29,0,0,0,0,1,0,1,0,1,24,0,1,0,28,29,0,0,0,0,1,0,1,0,1,24,0,1,0,0,0,6,0,4,0,0,4,0,1,0,0,5,0,0,0,0,0,0,0,0
294,L8897,SerializerBase$59,org.mapdb.SerializerBase$59,L489,L103,C:\Users\domco\Desktop\DP\repos\mapdb\src\main\java\org\mapdb\SerializerBase.java,1059,63,1083,6,0.0,0,0,0,0.0,0.0,0,0,1,6,1,9,3,0,0,0,1,0.0,0.0,0,0,0,2,0.0,0,1,1,0,0,1,25,25,0,0,0,0,1,0,1,0,1,18,0,1,0,25,25,0,0,0,0,1,0,1,0,1,18,0,1,0,0,0,7,0,0,0,0,0,0,2,0,0,5,0,0,0,0,0,0,0,0
295,L8910,SerializerBase$60,org.mapdb.SerializerBase$60,L489,L103,C:\Users\domco\Desktop\DP\repos\mapdb\src\main\java\org\mapdb\SerializerBase.java,1085,61,1106,6,0.0,0,0,0,0.0,0.0,0,0,1,5,1,10,3,0,0,0,1,0.0,0.0,0,0,0,2,0.0,0,1,1,0,0,1,22,22,0,0,0,0,1,0,1,0,1,15,0,1,0,22,22,0,0,0,0,1,0,1,0,1,15,0,1,0,0,0,5,0,3,0,0,3,0,0,0,0,5,0,0,0,0,0,0,0,0
296,L8923,SerializerBase$61,org.mapdb.SerializerBase$61,L489,L103,C:\Users\domco\Desktop\DP\repos\mapdb\src\main\java\org\mapdb\SerializerBase.java,1108,61,1130,6,0.0,0,0,0,0.0,0.0,0,0,1,5,1,8,3,0,0,0,1,0.0,0.0,0,0,0,2,0.0,0,1,1,0,0,1,22,23,0,0,0,0,1,0,1,0,1,15,0,1,0,22,23,0,0,0,0,1,0,1,0,1,15,0,1,0,0,0,5,0,0,0,0,0,0,0,0,0,5,0,0,0,0,0,0,0,0
297,L8932,SerializerBase$62,org.mapdb.SerializerBase$62,L489,L103,C:\Users\domco\Desktop\DP\repos\mapdb\src\main\java\org\mapdb\SerializerBase.java,1132,64,1148,6,0.0,0,0,0,0.0,0.0,0,0,1,3,1,4,3,0,0,0,1,0.0,0.0,0,0,0,2,0.0,0,1,1,0,0,1,17,17,0,0,0,0,1,0,1,0,1,10,0,1,0,17,17,0,0,0,0,1,0,1,0,1,10,0,1,0,0,0,5,0,0,0,0,0,0,0,0,0,5,0,0,0,0,0,0,0,0
298,L8941,SerializerBase$63,org.mapdb.SerializerBase$63,L489,L103,C:\Users\domco\Desktop\DP\repos\mapdb\src\main\java\org\mapdb\SerializerBase.java,1150,58,1165,6,0.0,0,0,0,0.0,0.0,0,0,1,3,1,4,3,0,0,0,1,0.0,0.0,0,0,0,2,0.0,0,1,1,0,0,1,16,16,0,0,0,0,1,0,1,0,1,9,0,1,0,16,16,0,0,0,0,1,0,1,0,1,9,0,1,0,0,0,5,0,3,0,0,3,0,0,0,0,5,0,0,0,0,0,0,0,0
299,L8950,SerializerBase$64,org.mapdb.SerializerBase$64,L489,L103,C:\Users\domco\Desktop\DP\repos\mapdb\src\main\java\org\mapdb\SerializerBase.java,1166,65,1171,6,0.0,0,0,0,0.0,0.0,0,0,1,0,0,2,3,0,0,0,1,0.0,0.0,0,0,0,2,0.0,0,1,1,0,0,1,6,6,0,0,0,0,1,0,1,0,1,1,0,1,0,6,6,0,0,0,0,1,0,1,0,1,1,0,1,0,0,0,5,0,0,0,0,0,0,0,0,0,5,0,0,0,0,0,0,0,0
300,L8959,SerializerBase$65,org.mapdb.SerializerBase$65,L489,L103,C:\Users\domco\Desktop\DP\repos\mapdb\src\main\java\org\mapdb\SerializerBase.java,1174,59,1214,6,0.433333,1,4,1,0.487805,0.411765,20,14,1,4,1,9,3,0,0,0,1,0.0,0.0810811,3,0,0,2,0.0810811,3,1,1,0,0,1,34,41,0,0,0,0,1,0,1,0,1,25,0,1,0,34,41,0,0,0,0,1,0,1,0,1,25,0,1,0,0,0,17,0,0,0,12,0,0,0,0,0,5,0,0,0,0,0,0,0,0
301,L8970,SerializerBase$66,org.mapdb.SerializerBase$66,L489,L103,C:\Users\domco\Desktop\DP\repos\mapdb\src\main\java\org\mapdb\SerializerBase.java,1216,61,1284,6,0.362791,1,4,1,0.289855,0.229508,20,14,1,1,1,33,3,0,0,0,1,0.0,0.046875,3,0,0,2,0.046875,3,1,1,0,0,1,61,69,0,0,0,0,1,0,1,0,1,23,0,1,0,61,69,0,0,0,0,1,0,1,0,1,23,0,1,0,0,0,18,1,0,1,12,0,0,1,0,0,5,0,0,0,0,0,0,0,0
302,L8979,SerializerBase$67,org.mapdb.SerializerBase$67,L489,L103,C:\Users\domco\Desktop\DP\repos\mapdb\src\main\java\org\mapdb\SerializerBase.java,1286,69,1291,6,0.0,0,0,0,0.0,0.0,0,0,1,0,0,1,5,0,0,0,1,0.0,0.0,0,0,0,2,0.0,0,1,1,0,0,1,6,6,0,0,0,0,1,0,1,0,1,2,0,1,0,6,6,0,0,0,0,1,0,1,0,1,2,0,1,0,0,0,5,0,0,0,0,0,0,0,0,0,5,0,0,0,0,0,0,0,0
303,L8988,SerializerBase$68,org.mapdb.SerializerBase$68,L489,L103,C:\Users\domco\Desktop\DP\repos\mapdb\src\main\java\org\mapdb\SerializerBase.java,1293,71,1298,6,0.0,0,0,0,0.0,0.0,0,0,1,0,0,1,5,0,0,0,1,0.0,0.0,0,0,0,2,0.0,0,1,1,0,0,1,6,6,0,0,0,0,1,0,1,0,1,2,0,1,0,6,6,0,0,0,0,1,0,1,0,1,2,0,1,0,0,0,5,0,0,0,0,0,0,0,0,0,5,0,0,0,0,0,0,0,0
304,L8997,SerializerBase$69,org.mapdb.SerializerBase$69,L489,L103,C:\Users\domco\Desktop\DP\repos\mapdb\src\main\java\org\mapdb\SerializerBase.java,1300,72,1305,6,0.0,0,0,0,0.0,0.0,0,0,1,0,0,1,5,0,0,0,1,0.0,0.0,0,0,0,2,0.0,0,1,1,0,0,1,6,6,0,0,0,0,1,0,1,0,1,2,0,1,0,6,6,0,0,0,0,1,0,1,0,1,2,0,1,0,0,0,5,0,0,0,0,0,0,0,0,0,5,0,0,0,0,0,0,0,0
305,L9006,SerializerBase$70,org.mapdb.SerializerBase$70,L489,L103,C:\Users\domco\Desktop\DP\repos\mapdb\src\main\java\org\mapdb\SerializerBase.java,1307,73,1312,6,0.0,0,0,0,0.0,0.0,0,0,1,0,0,1,5,0,0,0,1,0.0,0.0,0,0,0,2,0.0,0,1,1,0,0,1,6,6,0,0,0,0,1,0,1,0,1,2,0,1,0,6,6,0,0,0,0,1,0,1,0,1,2,0,1,0,0,0,5,0,0,0,0,0,0,0,0,0,5,0,0,0,0,0,0,0,0
306,L9015,SerializerBase$71,org.mapdb.SerializerBase$71,L489,L103,C:\Users\domco\Desktop\DP\repos\mapdb\src\main\java\org\mapdb\SerializerBase.java,1314,61,1323,6,0.0,0,0,0,0.0,0.0,0,0,1,0,0,1,5,0,0,0,1,0.0,0.0,0,0,0,2,0.0,0,1,1,0,0,1,8,10,0,0,0,0,1,0,1,0,1,3,0,1,0,8,10,0,0,0,0,1,0,1,0,1,3,0,1,0,0,0,5,0,0,0,0,0,0,0,0,0,5,0,0,0,0,0,0,0,0
307,L9039,SerializerBase$72,org.mapdb.SerializerBase$72,L489,L103,C:\Users\domco\Desktop\DP\repos\mapdb\src\main\java\org\mapdb\SerializerBase.java,1353,75,1374,6,0.0,0,0,0,0.0,0.0,0,0,1,2,2,4,3,0,0,0,1,0.0,0.0454545,1,0,0,2,0.0454545,1,1,1,0,0,1,21,22,0,0,0,0,1,0,1,0,1,14,0,1,0,21,22,0,0,0,0,1,0,1,0,1,14,0,1,0,0,0,5,0,0,0,0,0,0,0,0,0,5,0,0,0,0,0,0,0,0
308,L9249,SerializerPojo$1,org.mapdb.SerializerPojo$1,L3770,L103,C:\Users\domco\Desktop\DP\repos\mapdb\src\main\java\org\mapdb\SerializerPojo.java,34,109,91,6,0.0,0,0,0,0.0,0.0,0,0,5,2,2,12,3,0,0,2,7,0.0,0.02,1,0,0,6,0.02,1,1,1,0,0,1,49,58,30,0,0,0,5,0,5,0,19,33,30,19,0,49,58,30,0,0,0,5,0,5,0,19,33,30,19,0,0,0,18,0,2,0,0,2,1,0,0,0,13,0,0,0,0,0,0,4,0
309,L3830,SerializerPojo$ClassInfo,org.mapdb.SerializerPojo$ClassInfo,L3770,L103,C:\Users\domco\Desktop\DP\repos\mapdb\src\main\java\org\mapdb\SerializerPojo.java,131,5,184,6,0.0,0,0,0,0.0,0.0,0,0,1,1,1,7,1,6,4,0,5,0.333333,0.227273,10,10,2,4,0.227273,10,0,0,0,0,0,34,54,7,2,7,2,5,0,5,1,5,14,0,5,1,34,54,7,2,7,2,5,0,5,1,5,14,0,5,1,0,0,12,1,12,2,0,11,0,0,0,0,11,0,0,0,0,0,0,1,0
310,L9268,SerializerPojo$FieldInfo,org.mapdb.SerializerPojo$FieldInfo,L3770,L103,C:\Users\domco\Desktop\DP\repos\mapdb\src\main\java\org\mapdb\SerializerPojo.java,190,5,236,6,0.0,0,0,0,0.0,0.0,0,0,0,3,3,7,1,4,7,1,3,0.333333,0.261905,11,5,1,2,0.261905,11,0,0,0,0,0,31,47,6,0,6,0,2,0,2,0,2,17,0,2,0,31,47,6,0,6,0,2,0,2,0,2,17,0,2,0,0,1,6,1,2,0,0,2,0,0,0,1,5,0,1,0,0,0,0,1,0
311,L9465,SerializerPojo$ObjectOutputStream2,org.mapdb.SerializerPojo$ObjectOutputStream2,L3770,L103,C:\Users\domco\Desktop\DP\repos\mapdb\src\main\java\org\mapdb\SerializerPojo.java,599,5,620,6,0.0,0,0,0,0.0,0.0,0,0,1,2,2,4,4,1,1,3,5,0.0,0.105263,2,0,0,1,0.105263,2,0,0,0,0,0,17,22,1,0,1,0,2,0,0,0,2,8,0,0,0,17,22,1,0,1,0,2,0,0,0,2,8,0,0,0,0,0,7,1,2,2,0,1,0,0,0,0,7,0,0,0,0,0,0,0,0
312,L9485,SerializerPojo$ObjectInputStream2,org.mapdb.SerializerPojo$ObjectInputStream2,L3770,L103,C:\Users\domco\Desktop\DP\repos\mapdb\src\main\java\org\mapdb\SerializerPojo.java,622,5,654,6,0.0,0,0,0,0.0,0.0,0,0,2,1,1,5,3,1,1,2,5,0.0,0.0689655,2,0,0,1,0.0689655,2,0,0,0,0,0,27,33,1,0,1,0,3,0,0,0,3,14,0,0,0,27,33,1,0,1,0,3,0,0,0,3,14,0,0,0,0,0,10,1,2,2,0,1,1,0,0,0,9,0,0,0,0,0,0,0,0
313,L9985,Store$LongLongMap,org.mapdb.Store$LongLongMap,L3309,L103,C:\Users\domco\Desktop\DP\repos\mapdb\src\main\java\org\mapdb\Store.java,958,5,1132,6,0.422383,3,17,3,0.342857,0.390977,60,52,1,6,5,42,2,6,23,2,13,0.142857,0.184049,30,13,1,6,0.184049,30,0,0,0,0,0,133,175,4,0,4,0,11,0,6,0,11,82,0,6,0,133,175,4,0,4,0,11,0,6,0,11,82,0,6,0,0,0,54,1,27,3,25,13,0,6,0,1,23,0,11,0,0,0,0,0,0
314,L3306,Store$LongObjectMap<V extends Object>,org.mapdb.Store$LongObjectMap,L3309,L103,C:\Users\domco\Desktop\DP\repos\mapdb\src\main\java\org\mapdb\Store.java,1148,5,1358,6,0.388732,3,18,3,0.345972,0.374269,73,64,1,6,5,45,3,10,33,4,14,0.142857,0.149254,30,13,1,6,0.149254,30,0,0,0,0,0,171,211,4,0,4,0,10,0,6,0,10,113,0,6,0,171,211,4,0,4,0,10,0,6,0,10,113,0,6,0,0,0,57,0,25,3,26,11,0,8,0,0,23,0,11,0,0,0,0,0,0
315,L9630,Store$NoLock,org.mapdb.Store$NoLock,L3309,L103,C:\Users\domco\Desktop\DP\repos\mapdb\src\main\java\org\mapdb\Store.java,1363,5,1391,6,0.0,0,0,0,0.0,0.0,0,0,6,0,0,6,0,1,0,0,6,0.142857,0.08,2,2,1,6,0.08,2,0,0,0,0,0,23,29,0,0,0,0,6,0,6,0,6,3,0,6,0,23,29,0,0,0,0,6,0,6,0,6,3,0,6,0,0,0,16,0,3,0,0,0,1,0,0,0,15,3,0,0,0,0,0,0,0
316,L9625,Store$ReadWriteSingleLock,org.mapdb.Store$ReadWriteSingleLock,L3309,L103,C:\Users\domco\Desktop\DP\repos\mapdb\src\main\java\org\mapdb\Store.java,1394,5,1412,6,0.0,0,0,0,0.0,0.0,0,0,1,0,0,3,0,1,1,0,3,0.25,0.0666667,1,1,1,3,0.0666667,1,0,0,0,0,0,14,19,1,0,1,0,3,0,3,0,3,3,0,3,0,14,19,1,0,1,0,3,0,3,0,3,3,0,3,0,0,0,9,0,1,0,0,1,0,0,0,0,9,0,0,0,0,0,0,0,0
317,L10076,"Store$LongObjectObjectMap<V1 extends Object, V2 extends Object>",org.mapdb.Store$LongObjectObjectMap,L3309,L103,C:\Users\domco\Desktop\DP\repos\mapdb\src\main\java\org\mapdb\Store.java,1429,5,1674,6,0.400722,4,22,4,0.337398,0.377551,83,74,1,6,5,53,3,3,9,4,16,0.111111,0.151515,35,14,1,8,0.151515,35,0,0,0,0,0,196,246,4,2,4,2,12,0,8,0,12,130,0,8,0,196,246,4,2,4,2,12,0,8,0,12,130,0,8,0,0,0,67,0,27,3,32,13,0,8,0,0,27,0,11,0,0,0,0,0,0
318,L10296,StoreCached$1,org.mapdb.StoreCached$1,L10283,L103,C:\Users\domco\Desktop\DP\repos\mapdb\src\main\java\org\mapdb\StoreCached.java,21,60,26,6,0.0,0,0,0,0.0,0.0,0,0,1,0,0,1,1,0,0,0,1,0.0,0.0,0,0,0,2,0.0,0,0,0,0,0,0,6,6,0,0,0,0,1,0,1,0,1,1,0,1,0,6,6,0,0,0,0,1,0,1,0,1,1,0,1,0,0,0,5,0,0,0,0,0,0,0,0,0,5,0,0,0,0,0,0,0,0
319,L10867,TxEngine$Tx,org.mapdb.TxEngine$Tx,L5259,L103,C:\Users\domco\Desktop\DP\repos\mapdb\src\main\java\org\mapdb\TxEngine.java,346,5,613,6,0.0942285,1,4,2,0.0820896,0.0896861,22,20,8,4,4,53,10,1,1,18,37,0.0,0.0132743,3,0,0,19,0.0132743,3,1,1,0,0,1,223,268,10,2,5,2,19,0,18,0,19,132,5,18,0,223,268,10,2,5,2,19,0,18,0,19,132,5,18,0,0,0,63,2,24,1,14,21,1,3,1,0,41,2,1,0,0,1,0,3,0
320,L11235,Volume$ByteBufferVol,org.mapdb.Volume$ByteBufferVol,L5158,L103,C:\Users\domco\Desktop\DP\repos\mapdb\src\main\java\org\mapdb\Volume.java,295,5,564,6,0.0,0,0,0,0.0,0.0,0,0,3,5,5,51,5,3,7,3,24,0.0526316,0.0985916,21,13,1,18,0.0985916,21,1,1,2,2,1,192,270,10,13,8,6,21,0,18,0,46,105,0,43,0,192,270,10,13,8,6,21,0,18,0,46,105,0,43,0,0,1,50,3,11,5,0,5,1,2,0,2,43,0,3,0,0,0,0,4,1.0
321,L11192,Volume$MappedFileVol,org.mapdb.Volume$MappedFileVol,L5158,L103,C:\Users\domco\Desktop\DP\repos\mapdb\src\main\java\org\mapdb\Volume.java,566,5,728,6,0.0,0,0,0,0.0,0.0,0,0,1,3,3,37,5,4,3,5,14,0.0,0.0437956,6,0,0,9,0.0437956,6,2,2,0,0,1,131,163,14,13,4,1,9,0,8,0,48,81,0,45,0,131,163,14,13,4,1,9,0,8,0,48,81,0,45,0,0,0,21,0,13,0,0,11,0,0,0,2,21,0,0,0,0,0,0,0,1.0
322,L11217,Volume$MemoryVol,org.mapdb.Volume$MemoryVol,L5158,L103,C:\Users\domco\Desktop\DP\repos\mapdb\src\main\java\org\mapdb\Volume.java,730,5,810,6,0.0,0,0,0,0.0,0.0,0,0,3,3,3,19,3,4,4,4,13,0.0,0.0144928,1,0,0,9,0.0144928,1,2,2,0,0,1,68,81,11,13,1,1,9,0,8,0,48,34,0,45,0,68,81,11,13,1,1,9,0,8,0,48,34,0,45,0,0,0,22,0,6,0,0,4,1,0,0,0,21,2,0,0,0,0,0,0,1.0
323,L11187,Volume$FileChannelVol,org.mapdb.Volume$FileChannelVol,L5158,L103,C:\Users\domco\Desktop\DP\repos\mapdb\src\main\java\org\mapdb\Volume.java,817,5,1170,6,0.390719,3,35,8,0.344633,0.369565,122,119,3,2,2,107,8,6,5,4,29,0.0434783,0.0152905,5,4,1,22,0.0152905,5,1,1,0,0,1,322,354,9,12,7,6,25,0,22,0,44,163,0,41,0,322,354,9,12,7,6,25,0,22,0,44,163,0,41,0,0,0,115,0,19,2,57,16,1,0,0,0,53,0,1,0,0,0,0,4,1.0
324,L10169,Volume$ByteArrayVol,org.mapdb.Volume$ByteArrayVol,L5158,L103,C:\Users\domco\Desktop\DP\repos\mapdb\src\main\java\org\mapdb\Volume.java,1189,5,1454,6,0.0,0,0,0,0.0,0.0,0,0,4,2,2,40,6,5,6,6,31,0.0,0.0144928,3,0,0,25,0.0144928,3,1,1,0,0,1,204,266,7,13,5,7,25,0,24,0,44,110,0,43,0,204,266,7,13,5,7,25,0,24,0,44,110,0,43,0,0,0,57,0,18,5,0,10,1,0,0,0,53,2,1,0,0,0,0,3,1.0
325,L10324,Volume$SingleByteArrayVol,org.mapdb.Volume$SingleByteArrayVol,L5158,L103,C:\Users\domco\Desktop\DP\repos\mapdb\src\main\java\org\mapdb\Volume.java,1460,5,1606,6,0.0,0,0,0,0.0,0.0,0,0,7,1,1,27,3,2,2,4,28,0.04,0.0677966,8,4,1,24,0.0677966,8,1,1,0,0,1,110,147,3,12,1,6,24,0,24,0,43,35,0,43,0,110,147,3,12,1,6,24,0,24,0,43,35,0,43,0,0,0,51,2,3,1,0,1,1,0,0,0,47,2,1,0,0,0,0,3,1.0
326,L10745,Volume$ReadOnly,org.mapdb.Volume$ReadOnly,L5158,L103,C:\Users\domco\Desktop\DP\repos\mapdb\src\main\java\org\mapdb\Volume.java,1609,5,1782,6,0.0,0,0,0,0.0,0.0,0,0,15,0,0,34,1,1,3,19,53,0.0,0.00719424,1,0,0,35,0.00719424,1,1,1,0,0,1,138,174,3,18,1,12,34,0,34,0,53,34,0,53,0,138,174,3,18,1,12,34,0,34,0,53,34,0,53,0,0,0,80,1,1,0,0,1,1,0,0,0,71,0,1,0,0,0,0,8,1.0
327,L11768,Volume$RandomAccessFileVol,org.mapdb.Volume$RandomAccessFileVol,L5158,L103,C:\Users\domco\Desktop\DP\repos\mapdb\src\main\java\org\mapdb\Volume.java,1785,5,1992,6,0.0,0,0,0,0.0,0.0,0,0,4,2,2,41,5,1,1,2,24,0.0,0.00555556,1,0,0,23,0.00555556,1,1,1,0,0,1,179,208,4,12,2,6,22,0,22,0,41,76,0,41,0,179,208,4,12,2,6,22,0,22,0,41,76,0,41,0,0,0,49,0,14,1,0,2,1,0,0,0,45,0,0,0,11,0,0,3,1.0
328,L11230,Volume$UnsafeVolume,org.mapdb.Volume$UnsafeVolume,L5158,L103,C:\Users\domco\Desktop\DP\repos\mapdb\src\main\java\org\mapdb\Volume.java,1999,5,2514,6,0.183591,4,12,5,0.127907,0.162465,66,58,5,3,3,42,3,3,4,1,28,0.04,0.227451,58,22,1,24,0.165888,71,1,1,0,0,1,197,312,12,13,10,7,27,0,24,0,46,98,0,43,0,357,516,14,14,12,8,52,0,49,1,71,178,0,68,1,0,0,148,2,45,18,38,24,2,0,0,0,98,3,2,0,0,0,0,10,0
329,L12273,BrokenDBTest$SomeDataObject,org.mapdb.BrokenDBTest$SomeDataObject,L12246,L103,C:\Users\domco\Desktop\DP\repos\mapdb\src\test\java\org\mapdb\BrokenDBTest.java,99,5,102,6,0.0,0,0,0,0.0,0.0,0,0,0,0,0,0,0,1,0,0,0,0.0,0.0,0,0,0,1,0.0,0,0,0,0,0,0,4,4,2,0,2,0,0,1,0,0,0,0,1,0,0,4,4,2,0,2,0,0,1,0,0,0,0,1,0,0,0,0,7,0,0,0,0,0,0,0,0,0,3,0,0,0,0,0,0,4,0
330,L12439,BTreeMapContainsKeyTest$OutsideNot,org.mapdb.BTreeMapContainsKeyTest$OutsideNot,L12432,L103,C:\Users\domco\Desktop\DP\repos\mapdb\src\test\java\org\mapdb\BTreeMapContainsKeyTest.java,15,5,19,6,0.0,0,0,0,0.0,0.0,0,0,0,0,0,0,1,0,0,0,0,0.0,0.0,0,0,0,1,0.0,0,2,2,0,0,1,5,5,22,0,0,0,0,0,0,0,4,0,18,3,1,5,5,22,0,0,0,0,0,0,0,4,0,18,3,1,0,1,6,0,0,0,0,0,0,0,0,0,3,0,1,0,0,0,0,3,0
331,L12449,BTreeMapContainsKeyTest$RecordingSerializer,org.mapdb.BTreeMapContainsKeyTest$RecordingSerializer,L12432,L103,C:\Users\domco\Desktop\DP\repos\mapdb\src\test\java\org\mapdb\BTreeMapContainsKeyTest.java,54,5,68,6,0.0,0,0,0,0.0,0.0,0,0,1,0,0,2,1,1,1,1,3,0.0,0.0,0,0,0,3,0.0,0,2,2,0,0,1,12,15,53,1,2,0,2,0,2,0,49,3,30,24,0,12,15,53,1,2,0,2,0,2,0,49,3,30,24,0,0,0,11,0,1,0,0,0,0,0,0,0,7,0,0,0,0,1,0,4,0
332,L12495,BTreeMapExtendTest$Outside,org.mapdb.BTreeMapExtendTest$Outside,L12473,L103,C:\Users\domco\Desktop\DP\repos\mapdb\src\test\java\org\mapdb\BTreeMapExtendTest.java,72,5,78,6,0.0,0,0,0,0.0,0.0,0,0,1,0,0,1,5,0,0,7,8,0.0,0.0,0,0,0,1,0.0,0,1,1,0,0,1,6,7,19,0,0,0,1,0,0,0,97,1,0,93,1,6,7,19,0,0,0,1,0,0,0,97,1,0,93,1,0,0,10,0,0,0,0,0,0,0,0,0,5,0,0,0,0,0,0,5,0
333,L12729,BTreeMapLargeValsTest$Outside,org.mapdb.BTreeMapLargeValsTest$Outside,L12703,L103,C:\Users\domco\Desktop\DP\repos\mapdb\src\test\java\org\mapdb\BTreeMapLargeValsTest.java,71,5,75,6,0.0,0,0,0,0.0,0.0,0,0,0,0,0,0,1,0,0,0,0,0.0,0.0,0,0,0,1,0.0,0,3,3,0,0,1,5,5,10,3,0,0,0,0,0,0,97,0,0,83,1,5,5,10,3,0,0,0,0,0,0,97,0,0,83,1,0,1,7,0,0,0,0,0,0,0,0,0,3,0,1,0,0,0,0,4,0
334,L12750,BTreeMapNavigable2Test$Outside,org.mapdb.BTreeMapNavigable2Test$Outside,L12739,L103,C:\Users\domco\Desktop\DP\repos\mapdb\src\test\java\org\mapdb\BTreeMapNavigable2Test.java,39,5,43,6,0.0,0,0,0,0.0,0.0,0,0,1,0,0,1,4,0,0,6,7,0.0,0.0,0,0,0,1,0.0,0,1,1,0,0,1,5,5,1,0,0,0,1,0,0,0,37,1,0,34,1,5,5,1,0,0,0,1,0,0,0,37,1,0,34,1,0,0,5,0,0,0,0,0,0,0,0,0,5,0,0,0,0,0,0,0,0
335,L12822,BTreeMapNavigableSubMapExclusiveTest$Outside,org.mapdb.BTreeMapNavigableSubMapExclusiveTest$Outside,L12820,L103,C:\Users\domco\Desktop\DP\repos\mapdb\src\test\java\org\mapdb\BTreeMapNavigableSubMapExclusiveTest.java,7,5,13,6,0.0,0,0,0,0.0,0.0,0,0,1,0,0,1,4,0,0,6,7,0.0,0.0,0,0,0,1,0.0,0,2,2,0,0,1,6,7,1,0,0,0,1,0,0,0,39,1,0,36,2,6,7,1,0,0,0,1,0,0,0,39,1,0,36,2,0,0,5,0,0,0,0,0,0,0,0,0,5,0,0,0,0,0,0,0,0
336,L12833,BTreeMapNavigableSubMapInclusiveTest$Outside,org.mapdb.BTreeMapNavigableSubMapInclusiveTest$Outside,L12831,L103,C:\Users\domco\Desktop\DP\repos\mapdb\src\test\java\org\mapdb\BTreeMapNavigableSubMapInclusiveTest.java,7,5,11,6,0.0,0,0,0,0.0,0.0,0,0,1,0,0,1,4,0,0,6,7,0.0,0.0,0,0,0,1,0.0,0,2,2,0,0,1,5,5,1,0,0,0,1,0,0,0,39,1,0,36,2,5,5,1,0,0,0,1,0,0,0,39,1,0,36,2,0,0,5,0,0,0,0,0,0,0,0,0,5,0,0,0,0,0,0,0,0
337,L12857,BTreeMapNavigableTest$Outside,org.mapdb.BTreeMapNavigableTest$Outside,L12841,L103,C:\Users\domco\Desktop\DP\repos\mapdb\src\test\java\org\mapdb\BTreeMapNavigableTest.java,83,5,87,6,0.0,0,0,0,0.0,0.0,0,0,1,0,0,1,4,0,0,6,7,0.0,0.0,0,0,0,1,0.0,0,1,1,0,0,1,5,5,9,0,0,0,1,0,0,0,22,1,0,18,1,5,5,9,0,0,0,1,0,0,0,22,1,0,18,1,0,0,5,0,0,0,0,0,0,0,0,0,5,0,0,0,0,0,0,0,0
338,L12927,BTreeMapSubSetTest$MyReverseComparator,org.mapdb.BTreeMapSubSetTest$MyReverseComparator,L12925,L103,C:\Users\domco\Desktop\DP\repos\mapdb\src\test\java\org\mapdb\BTreeMapSubSetTest.java,16,5,20,6,0.0,0,0,0,0.0,0.0,0,0,1,0,0,1,0,0,0,0,1,0.0,0.0,0,0,0,2,0.0,0,0,0,0,0,0,5,5,0,0,0,0,1,0,1,0,1,1,0,1,0,5,5,0,0,0,0,1,0,1,0,1,1,0,1,0,0,0,5,0,0,0,0,0,0,0,0,0,5,0,0,0,0,0,0,0,0
339,L13081,BTreeMapSubSetTest$SerializableNonComparable,org.mapdb.BTreeMapSubSetTest$SerializableNonComparable,L12925,L103,C:\Users\domco\Desktop\DP\repos\mapdb\src\test\java\org\mapdb\BTreeMapSubSetTest.java,624,5,626,6,0.0,0,0,0,0.0,0.0,0,0,0,0,0,0,0,4,0,0,0,0.0,0.0,0,0,0,1,0.0,0,0,0,0,0,0,2,3,0,0,0,0,0,0,0,0,0,0,0,0,0,2,3,0,0,0,0,0,0,0,0,0,0,0,0,0,0,0,3,1,0,0,0,0,0,0,0,0,3,0,1,0,0,0,0,0,0
340,L13132,BTreeMapTest$Outside,org.mapdb.BTreeMapTest$Outside,L13122,L103,C:\Users\domco\Desktop\DP\repos\mapdb\src\test\java\org\mapdb\BTreeMapTest.java,39,5,43,6,0.0,0,0,0,0.0,0.0,0,0,0,0,0,0,1,0,0,0,0,0.0,0.0,0,0,0,1,0.0,0,1,1,0,0,1,5,5,3,0,0,0,0,0,0,0,32,0,0,30,0,5,5,3,0,0,0,0,0,0,0,32,0,0,30,0,0,1,3,0,0,0,0,0,0,0,0,0,3,0,1,0,0,0,0,0,0
341,L13219,BTreeMapTest2$Outside,org.mapdb.BTreeMapTest2$Outside,L13217,L103,C:\Users\domco\Desktop\DP\repos\mapdb\src\test\java\org\mapdb\BTreeMapTest2.java,26,5,30,6,0.0,0,0,0,0.0,0.0,0,0,0,0,0,0,1,0,0,0,0,0.0,0.0,0,0,0,1,0.0,0,3,3,0,0,1,5,5,9,3,0,0,0,0,0,0,97,0,0,82,1,5,5,9,3,0,0,0,0,0,0,97,0,0,82,1,0,1,7,0,0,0,0,0,0,0,0,0,3,0,1,0,0,0,0,4,0
342,L13247,BTreeMapTest3$Outside,org.mapdb.BTreeMapTest3$Outside,L13237,L103,C:\Users\domco\Desktop\DP\repos\mapdb\src\test\java\org\mapdb\BTreeMapTest3.java,44,5,50,6,0.0,0,0,0,0.0,0.0,0,0,1,0,0,1,4,0,0,6,7,0.0,0.0,0,0,0,1,0.0,0,3,3,0,0,1,6,7,7,3,0,0,1,0,0,0,106,1,0,89,0,6,7,7,3,0,0,1,0,0,0,106,1,0,89,0,0,0,9,0,0,0,0,0,0,0,0,0,5,0,0,0,0,0,0,4,0
343,L13322,BTreeMapTest4$Outside,org.mapdb.BTreeMapTest4$Outside,L13294,L103,C:\Users\domco\Desktop\DP\repos\mapdb\src\test\java\org\mapdb\BTreeMapTest4.java,53,5,83,6,0.0,0,0,0,0.0,0.0,0,0,3,0,0,3,5,0,0,9,12,0.0,0.0,0,0,0,1,0.0,0,1,1,0,0,1,28,31,2,0,0,0,3,0,0,0,55,5,0,45,1,28,31,2,0,0,0,3,0,0,0,55,5,0,45,1,0,0,10,0,0,0,0,0,1,0,0,0,9,0,0,0,0,0,0,0,0
344,L13350,BTreeMapTest4$ReversedComparator,org.mapdb.BTreeMapTest4$ReversedComparator,L13294,L103,C:\Users\domco\Desktop\DP\repos\mapdb\src\test\java\org\mapdb\BTreeMapTest4.java,85,5,95,6,0.0,0,0,0,0.0,0.0,0,0,2,0,0,2,0,1,0,0,2,0.0,0.0,0,0,0,3,0.0,0,0,0,0,0,0,9,11,1,0,1,0,2,0,2,0,2,2,0,2,0,9,11,1,0,1,0,2,0,2,0,2,2,0,2,0,0,1,8,0,0,0,0,0,1,0,0,0,7,0,1,0,0,0,0,0,0
345,L13359,BTreeMapTest4$MockComparator<T extends Comparable<T>>,org.mapdb.BTreeMapTest4$MockComparator,L13294,L103,C:\Users\domco\Desktop\DP\repos\mapdb\src\test\java\org\mapdb\BTreeMapTest4.java,98,5,114,6,0.813953,1,3,1,0.647059,0.733333,11,11,1,1,1,4,0,1,0,0,1,0.5,0.0625,1,1,1,1,0.0625,1,0,0,0,0,0,15,17,1,0,1,0,1,0,1,0,1,7,0,1,0,15,17,1,0,1,0,1,0,1,0,1,7,0,1,0,0,0,16,0,0,0,11,0,0,0,0,0,5,0,0,0,0,0,0,0,0
346,L13404,BTreeMapTest4$IllBehavedCollator,org.mapdb.BTreeMapTest4$IllBehavedCollator,L13294,L103,C:\Users\domco\Desktop\DP\repos\mapdb\src\test\java\org\mapdb\BTreeMapTest4.java,248,5,268,6,0.0,0,0,0,0.0,0.0,0,0,2,1,1,4,0,1,0,0,3,0.25,0.0526316,1,1,1,3,0.0526316,1,0,0,0,0,0,18,21,1,1,1,1,3,0,3,0,3,5,0,3,0,18,21,1,1,1,1,3,0,3,0,3,5,0,3,0,0,1,10,0,0,0,0,0,1,0,0,0,9,0,1,0,0,0,0,0,0
347,L13536,BTreeMapTest4$SpecialNullableComparator,org.mapdb.BTreeMapTest4$SpecialNullableComparator,L13294,L103,C:\Users\domco\Desktop\DP\repos\mapdb\src\test\java\org\mapdb\BTreeMapTest4.java,1481,5,1490,6,0.0,0,0,0,0.0,0.0,0,0,1,1,1,2,0,1,0,0,1,0.5,0.1,1,1,1,1,0.1,1,0,0,0,0,0,9,10,1,0,1,0,1,0,1,0,1,3,0,1,0,9,10,1,0,1,0,1,0,1,0,1,3,0,1,0,0,0,5,0,0,0,0,0,0,0,0,0,5,0,0,0,0,0,0,0,0
348,L13580,BTreeMapTest5$Outside,org.mapdb.BTreeMapTest5$Outside,L13578,L103,C:\Users\domco\Desktop\DP\repos\mapdb\src\test\java\org\mapdb\BTreeMapTest5.java,14,5,19,6,0.0,0,0,0,0.0,0.0,0,0,1,0,0,1,5,0,0,6,7,0.0,0.0,0,0,0,1,0.0,0,2,2,0,0,1,6,6,18,0,0,0,1,0,0,0,97,1,18,91,0,6,6,18,0,0,0,1,0,0,0,97,1,18,91,0,0,0,12,0,0,0,0,0,0,0,0,0,5,0,0,0,0,0,0,7,0
349,L13834,BTreeMapTest6$Outside,org.mapdb.BTreeMapTest6$Outside,L13828,L103,C:\Users\domco\Desktop\DP\repos\mapdb\src\test\java\org\mapdb\BTreeMapTest6.java,37,5,42,6,0.0,0,0,0,0.0,0.0,0,0,1,0,0,1,5,0,0,6,7,0.0,0.0,0,0,0,1,0.0,0,2,2,0,0,1,5,6,21,0,0,0,1,0,0,0,72,1,18,59,0,5,6,21,0,0,0,1,0,0,0,72,1,18,59,0,0,0,10,0,0,0,0,0,0,0,0,0,5,0,0,0,0,0,0,5,0
350,L14089,BTreeSet2Test$MyReverseComparator,org.mapdb.BTreeSet2Test$MyReverseComparator,L14087,L103,C:\Users\domco\Desktop\DP\repos\mapdb\src\test\java\org\mapdb\BTreeSet2Test.java,20,5,26,6,0.0,0,0,0,0.0,0.0,0,0,1,0,0,1,0,1,0,0,1,0.5,0.538462,7,7,1,1,0.538462,7,0,0,0,0,0,6,7,1,0,1,0,1,0,1,0,1,1,0,1,0,6,7,1,0,1,0,1,0,1,0,1,1,0,1,0,0,0,3,0,0,0,0,0,0,0,0,0,3,0,0,0,0,0,0,0,0
351,L14341,BTreeSet3Test$MyReverseComparator,org.mapdb.BTreeSet3Test$MyReverseComparator,L14339,L103,C:\Users\domco\Desktop\DP\repos\mapdb\src\test\java\org\mapdb\BTreeSet3Test.java,17,5,21,6,0.0,0,0,0,0.0,0.0,0,0,1,0,0,1,0,0,0,0,1,0.0,0.0,0,0,0,2,0.0,0,0,0,0,0,0,5,5,0,0,0,0,1,0,1,0,1,1,0,1,0,5,5,0,0,0,0,1,0,1,0,1,1,0,1,0,0,0,5,0,0,0,0,0,0,0,0,0,5,0,0,0,0,0,0,0,0
352,L14546,ClosedThrowsExceptionTest$Def,org.mapdb.ClosedThrowsExceptionTest$Def,L14537,L103,C:\Users\domco\Desktop\DP\repos\mapdb\src\test\java\org\mapdb\ClosedThrowsExceptionTest.java,29,5,33,6,0.0,0,0,0,0.0,0.0,0,0,1,0,0,1,3,0,0,2,3,0.0,0.0,0,0,0,1,0.0,0,1,1,0,0,1,5,5,1,0,0,0,1,0,0,0,15,1,0,14,0,5,5,1,0,0,0,1,0,0,0,15,1,0,14,0,0,0,5,0,3,0,0,3,0,0,0,0,5,0,0,0,0,0,0,0,0
353,L14552,ClosedThrowsExceptionTest$Async,org.mapdb.ClosedThrowsExceptionTest$Async,L14537,L103,C:\Users\domco\Desktop\DP\repos\mapdb\src\test\java\org\mapdb\ClosedThrowsExceptionTest.java,35,5,39,6,0.0,0,0,0,0.0,0.0,0,0,1,0,0,1,3,0,0,3,4,0.0,0.0,0,0,0,1,0.0,0,1,1,0,0,1,5,5,1,0,0,0,1,0,0,0,15,1,0,14,0,5,5,1,0,0,0,1,0,0,0,15,1,0,14,0,0,0,5,0,2,0,0,2,0,0,0,0,5,0,0,0,0,0,0,0,0
354,L14556,ClosedThrowsExceptionTest$NoCache,org.mapdb.ClosedThrowsExceptionTest$NoCache,L14537,L103,C:\Users\domco\Desktop\DP\repos\mapdb\src\test\java\org\mapdb\ClosedThrowsExceptionTest.java,41,5,45,6,0.0,0,0,0,0.0,0.0,0,0,1,0,0,1,3,0,0,3,4,0.0,0.0,0,0,0,1,0.0,0,1,1,0,0,1,5,5,1,0,0,0,1,0,0,0,15,1,0,14,0,5,5,1,0,0,0,1,0,0,0,15,1,0,14,0,0,0,5,0,2,0,0,2,0,0,0,0,5,0,0,0,0,0,0,0,0
355,L14559,ClosedThrowsExceptionTest$HardRefCache,org.mapdb.ClosedThrowsExceptionTest$HardRefCache,L14537,L103,C:\Users\domco\Desktop\DP\repos\mapdb\src\test\java\org\mapdb\ClosedThrowsExceptionTest.java,47,5,51,6,0.0,0,0,0,0.0,0.0,0,0,1,0,0,1,3,0,0,3,4,0.0,0.0,0,0,0,1,0.0,0,1,1,0,0,1,5,5,1,0,0,0,1,0,0,0,15,1,0,14,0,5,5,1,0,0,0,1,0,0,0,15,1,0,14,0,0,0,5,0,2,0,0,2,0,0,0,0,5,0,0,0,0,0,0,0,0
356,L14563,ClosedThrowsExceptionTest$TX,org.mapdb.ClosedThrowsExceptionTest$TX,L14537,L103,C:\Users\domco\Desktop\DP\repos\mapdb\src\test\java\org\mapdb\ClosedThrowsExceptionTest.java,53,5,57,6,0.0,0,0,0,0.0,0.0,0,0,1,0,0,1,4,0,0,3,4,0.0,0.0,0,0,0,1,0.0,0,1,1,0,0,1,5,5,1,0,0,0,1,0,0,0,15,1,0,14,0,5,5,1,0,0,0,1,0,0,0,15,1,0,14,0,0,0,5,0,3,0,0,3,0,0,0,0,5,0,0,0,0,0,0,0,0
357,L14566,ClosedThrowsExceptionTest$storeHeap,org.mapdb.ClosedThrowsExceptionTest$storeHeap,L14537,L103,C:\Users\domco\Desktop\DP\repos\mapdb\src\test\java\org\mapdb\ClosedThrowsExceptionTest.java,59,5,63,6,0.0,0,0,0,0.0,0.0,0,0,1,0,0,1,4,0,0,2,3,0.0,0.0,0,0,0,1,0.0,0,1,1,0,0,1,5,5,1,0,0,0,1,0,0,0,15,1,0,14,0,5,5,1,0,0,0,1,0,0,0,15,1,0,14,0,0,0,5,0,2,0,0,2,0,0,0,0,5,0,0,0,0,0,0,0,0
358,L15139,HTreeMap2Test$AA,org.mapdb.HTreeMap2Test$AA,L14995,L103,C:\Users\domco\Desktop\DP\repos\mapdb\src\test\java\org\mapdb\HTreeMap2Test.java,633,5,644,6,0.0,0,0,0,0.0,0.0,0,0,1,0,0,3,0,1,1,0,2,0.0,0.0,0,0,0,3,0.0,0,0,0,0,0,0,10,12,1,0,1,0,2,0,2,0,2,2,0,2,0,10,12,1,0,1,0,2,0,2,0,2,2,0,2,0,0,1,7,1,2,0,0,2,0,0,0,0,7,0,2,0,0,0,0,0,1.0
359,L15245,Issue148Test$CustomValue,org.mapdb.Issue148Test$CustomValue,L15239,L103,C:\Users\domco\Desktop\DP\repos\mapdb\src\test\java\org\mapdb\Issue148Test.java,114,5,153,6,0.0,0,0,0,0.0,0.0,0,0,1,2,2,11,0,2,2,0,3,0.25,0.0277778,1,1,1,3,0.0277778,1,0,0,0,0,0,35,40,3,0,3,0,3,0,3,0,3,22,0,3,0,35,40,3,0,3,0,3,0,3,0,3,22,0,3,0,0,0,9,0,8,0,0,8,0,0,0,0,9,0,0,0,0,0,0,0,0
360,L15250,Issue148Test$CustomValueSerializer,org.mapdb.Issue148Test$CustomValueSerializer,L15239,L103,C:\Users\domco\Desktop\DP\repos\mapdb\src\test\java\org\mapdb\Issue148Test.java,155,5,171,6,0.0,0,0,0,0.0,0.0,0,0,2,0,0,2,2,1,0,1,3,0.0,0.0,0,0,0,3,0.0,0,1,1,0,0,1,11,17,31,0,1,0,2,0,2,0,16,3,30,16,0,11,17,31,0,1,0,2,0,2,0,16,3,30,16,0,0,0,12,0,0,0,0,0,1,0,0,0,7,0,0,0,0,0,0,4,0
361,L15298,Issue150Test$CustomSerializer,org.mapdb.Issue150Test$CustomSerializer,L15283,L103,C:\Users\domco\Desktop\DP\repos\mapdb\src\test\java\org\mapdb\Issue150Test.java,41,5,60,6,0.0,0,0,0,0.0,0.0,0,0,2,0,0,2,3,1,0,4,6,0.0,0.0,0,0,0,3,0.0,0,1,1,0,0,1,16,20,30,0,0,0,2,0,2,0,16,6,30,16,0,16,20,30,0,0,0,2,0,2,0,16,6,30,16,0,0,0,12,1,0,0,0,0,1,0,0,0,7,0,1,0,0,0,0,4,0
362,L15286,Issue150Test$EntityA,org.mapdb.Issue150Test$EntityA,L15283,L103,C:\Users\domco\Desktop\DP\repos\mapdb\src\test\java\org\mapdb\Issue150Test.java,62,5,115,6,0.413793,3,22,3,0.259259,0.311111,14,14,1,2,2,17,0,2,3,0,6,0.0,0.0,0,0,0,7,0.0,0,0,0,0,0,0,45,54,2,2,2,2,6,0,6,2,6,27,0,6,2,45,54,2,2,2,2,6,0,6,2,6,27,0,6,2,0,0,26,1,8,0,11,7,0,0,0,1,15,0,1,0,0,0,0,0,0
363,L15353,Issue162Test$MyValue,org.mapdb.Issue162Test$MyValue,L15351,L103,C:\Users\domco\Desktop\DP\repos\mapdb\src\test\java\org\mapdb\Issue162Test.java,13,5,41,6,0.0,0,0,0,0.0,0.0,0,0,1,1,1,7,0,2,4,0,4,0.0,0.0,0,0,0,5,0.0,0,0,0,0,0,0,22,29,1,0,1,0,4,0,4,0,4,11,0,4,0,22,29,1,0,1,0,4,0,4,0,4,11,0,4,0,0,0,11,1,5,0,0,3,0,0,0,2,11,0,1,0,0,0,0,0,0
364,L15364,Issue162Test$MyValueSerializer,org.mapdb.Issue162Test$MyValueSerializer,L15351,L103,C:\Users\domco\Desktop\DP\repos\mapdb\src\test\java\org\mapdb\Issue162Test.java,43,5,58,6,0.0,0,0,0,0.0,0.0,0,0,2,0,0,2,2,1,0,1,3,0.0,0.0,0,0,0,3,0.0,0,1,1,0,0,1,13,16,30,0,0,0,2,0,2,0,16,5,30,16,0,13,16,30,0,0,0,2,0,2,0,16,5,30,16,0,0,0,12,2,2,3,0,0,1,0,0,0,7,0,1,0,0,0,0,4,0
365,L15395,Issue164Test$Scenario,org.mapdb.Issue164Test$Scenario,L15393,L103,C:\Users\domco\Desktop\DP\repos\mapdb\src\test\java\org\mapdb\Issue164Test.java,12,5,75,6,0.0,0,0,0,0.0,0.0,0,0,1,2,2,13,0,1,1,0,9,0.0,0.0447761,3,0,0,10,0.0447761,3,0,0,0,0,0,64,64,5,3,5,3,9,0,9,3,9,28,0,9,3,64,64,5,3,5,3,9,0,9,3,9,28,0,9,3,0,0,21,3,8,1,0,3,0,0,0,3,21,0,0,0,0,4,0,0,0
366,L15445,Issue183Test$StringSerializer,org.mapdb.Issue183Test$StringSerializer,L15438,L103,C:\Users\domco\Desktop\DP\repos\mapdb\src\test\java\org\mapdb\Issue183Test.java,57,5,72,6,0.0,0,0,0,0.0,0.0,0,0,2,0,0,2,1,1,0,0,2,0.0,0.0,0,0,0,3,0.0,0,1,1,0,0,1,11,16,31,0,1,0,2,0,2,0,16,2,30,16,0,11,16,31,0,1,0,2,0,2,0,16,2,30,16,0,0,0,12,0,0,0,0,0,1,0,0,0,7,0,0,0,0,0,0,4,0
367,L15481,Issue241$CustomClass,org.mapdb.Issue241$CustomClass,L15475,L103,C:\Users\domco\Desktop\DP\repos\mapdb\src\test\java\org\mapdb\Issue241.java,34,5,54,6,0.0,0,0,0,0.0,0.0,0,0,1,0,0,3,0,1,1,0,3,0.0,0.538462,21,0,0,1,0.538462,21,0,0,0,0,0,18,21,2,0,2,0,3,0,0,0,3,4,0,0,0,18,21,2,0,2,0,3,0,0,0,3,4,0,0,0,0,0,7,1,0,0,0,0,0,0,0,0,7,0,1,0,0,0,0,0,0
368,L15506,Issue249Test$UploadInfo,org.mapdb.Issue249Test$UploadInfo,L15503,L103,C:\Users\domco\Desktop\DP\repos\mapdb\src\test\java\org\mapdb\Issue249Test.java,52,5,110,6,0.0,0,0,0,0.0,0.0,0,0,0,0,0,12,0,1,1,0,12,0.0,0.0,0,0,0,13,0.0,0,0,0,0,0,0,45,59,6,6,6,6,12,0,12,6,12,12,0,12,6,45,59,6,6,6,6,12,0,12,6,12,12,0,12,6,0,0,30,0,1,0,0,0,0,0,0,1,27,0,0,0,0,0,0,3,0
369,L15595,AdvancedEnum$1,org.mapdb.AdvancedEnum$1,L15585,L103,C:\Users\domco\Desktop\DP\repos\mapdb\src\test\java\org\mapdb\Issue266Test.java,13,5,18,6,0.0,0,0,0,0.0,0.0,0,0,1,0,0,1,1,0,0,0,1,0.0,0.0,0,0,0,2,0.0,0,1,1,0,0,1,6,6,3,0,0,0,1,0,1,0,1,1,3,1,0,6,6,3,0,0,0,1,0,1,0,1,1,3,1,0,0,0,7,1,0,1,0,0,0,0,0,0,5,0,0,0,0,0,0,2,0
370,L15600,AdvancedEnum$2,org.mapdb.AdvancedEnum$2,L15585,L103,C:\Users\domco\Desktop\DP\repos\mapdb\src\test\java\org\mapdb\Issue266Test.java,19,5,24,6,0.0,0,0,0,0.0,0.0,0,0,1,0,0,1,1,0,0,0,1,0.0,0.0,0,0,0,2,0.0,0,1,1,0,0,1,6,6,3,0,0,0,1,0,1,0,1,1,3,1,0,6,6,3,0,0,0,1,0,1,0,1,1,3,1,0,0,0,7,1,0,1,0,0,0,0,0,0,5,0,0,0,0,0,0,2,0
371,L15604,AdvancedEnum$3,org.mapdb.AdvancedEnum$3,L15585,L103,C:\Users\domco\Desktop\DP\repos\mapdb\src\test\java\org\mapdb\Issue266Test.java,25,5,30,6,0.0,0,0,0,0.0,0.0,0,0,1,0,0,1,1,0,0,0,1,0.0,0.0,0,0,0,2,0.0,0,1,1,0,0,1,6,6,3,0,0,0,1,0,1,0,1,1,3,1,0,6,6,3,0,0,0,1,0,1,0,1,1,3,1,0,0,0,7,1,0,1,0,0,0,0,0,0,5,0,0,0,0,0,0,2,0
372,L15672,Issue332Test$TestSerializer,org.mapdb.Issue332Test$TestSerializer,L15663,L103,C:\Users\domco\Desktop\DP\repos\mapdb\src\test\java\org\mapdb\Issue332Test.java,19,5,65,6,0.0,0,0,0,0.0,0.0,0,0,3,1,1,8,1,1,0,0,5,0.0,0.0512821,2,2,0,4,0.0512821,2,1,1,0,0,1,37,47,30,0,0,0,5,0,3,0,19,23,30,17,0,37,47,30,0,0,0,5,0,3,0,19,23,30,17,0,0,0,18,1,2,0,0,2,1,0,0,0,13,0,1,0,0,0,0,4,0
373,L15742,Issue41Test$Value,org.mapdb.Issue41Test$Value,L15730,L103,C:\Users\domco\Desktop\DP\repos\mapdb\src\test\java\org\mapdb\Issue41Test.java,122,5,195,6,0.316832,1,7,1,0.22973,0.288136,17,17,1,2,2,11,1,5,5,0,4,0.0,0.0,0,0,0,4,0.0,0,0,0,0,0,0,40,49,3,0,3,0,4,1,3,0,4,19,1,3,0,59,74,34,0,4,0,7,1,6,0,21,23,31,20,0,0,0,42,0,2,0,12,1,1,0,0,0,20,0,1,0,0,0,0,9,0
374,L15739,Issue41Test$Key,org.mapdb.Issue41Test$Key,L15730,L103,C:\Users\domco\Desktop\DP\repos\mapdb\src\test\java\org\mapdb\Issue41Test.java,197,5,277,6,0.258065,1,7,1,0.209877,0.261538,17,17,1,2,2,14,1,3,3,2,5,0.0,0.0,0,0,0,4,0.0,0,0,0,0,0,0,47,55,3,0,3,0,3,0,3,0,3,25,0,3,0,65,81,34,0,4,0,5,0,5,0,19,30,30,19,0,0,0,35,0,2,0,12,2,1,0,0,0,16,0,0,0,0,0,0,6,0
375,L15898,Issue78Test$NotSerializable,org.mapdb.Issue78Test$NotSerializable,L15891,L103,C:\Users\domco\Desktop\DP\repos\mapdb\src\test\java\org\mapdb\Issue78Test.java,32,5,33,6,0.0,0,0,0,0.0,0.0,0,0,0,0,0,0,0,1,0,0,0,0.0,0.0,0,0,0,1,0.0,0,0,0,0,0,0,2,2,0,0,0,0,0,0,0,0,0,0,0,0,0,2,2,0,0,0,0,0,0,0,0,0,0,0,0,0,0,0,3,0,0,0,0,0,0,0,0,0,3,0,0,0,0,0,0,0,0
376,L15912,Issue86Test$StringContainer,org.mapdb.Issue86Test$StringContainer,L15905,L103,C:\Users\domco\Desktop\DP\repos\mapdb\src\test\java\org\mapdb\Issue86Test.java,44,5,65,6,0.0,0,0,0,0.0,0.0,0,0,0,1,1,5,1,1,1,1,5,0.0,0.0,0,0,0,5,0.0,0,0,0,0,0,0,17,22,1,1,1,1,4,1,4,1,4,7,1,4,1,17,22,1,1,1,1,4,1,4,1,4,7,1,4,1,0,0,15,2,2,2,0,0,0,0,0,0,11,1,1,0,0,0,0,4,0
377,L16321,Serialization2Test$AAA,org.mapdb.Serialization2Test$AAA,L16310,L103,C:\Users\domco\Desktop\DP\repos\mapdb\src\test\java\org\mapdb\Serialization2Test.java,74,5,79,6,0.0,0,0,0,0.0,0.0,0,0,0,0,0,0,0,1,0,0,0,0.0,0.0,0,0,0,1,0.0,0,0,0,0,0,0,4,6,2,0,2,0,0,0,0,0,0,0,0,0,0,4,6,2,0,2,0,0,0,0,0,0,0,0,0,0,0,0,3,0,2,0,0,2,0,0,0,0,3,0,0,0,0,0,0,0,0
378,L16450,SerializerBaseTest$SerializerBaseTestWithJUDataStreams,org.mapdb.SerializerBaseTest$SerializerBaseTestWithJUDataStreams,L16351,L103,C:\Users\domco\Desktop\DP\repos\mapdb\src\test\java\org\mapdb\SerializerBaseTest.java,499,5,507,6,0.0,0,0,0,0.0,0.0,0,0,1,0,0,1,2,0,0,2,3,0.0,0.0,0,0,0,1,0.0,0,1,1,0,0,1,8,9,2,0,0,0,1,0,0,0,66,3,0,63,0,8,9,2,0,0,0,1,0,0,0,66,3,0,63,0,0,0,7,0,1,0,0,1,0,0,0,0,5,0,0,0,0,0,0,2,0
379,L16510,SerializerPojoTest$Extr,org.mapdb.SerializerPojoTest$Extr,L16485,L103,C:\Users\domco\Desktop\DP\repos\mapdb\src\test\java\org\mapdb\SerializerPojoTest.java,55,5,73,6,0.0,0,0,0,0.0,0.0,0,0,1,0,0,3,0,1,1,0,3,0.0,0.0,0,0,0,4,0.0,0,0,0,0,0,0,13,19,2,0,2,0,3,0,3,0,3,4,0,3,0,13,19,2,0,2,0,3,0,3,0,3,4,0,3,0,0,0,9,1,6,0,0,5,0,0,0,0,9,1,1,0,0,0,0,0,0
380,L16536,SerializerPojoTest$Bean1,org.mapdb.SerializerPojoTest$Bean1,L16485,L103,C:\Users\domco\Desktop\DP\repos\mapdb\src\test\java\org\mapdb\SerializerPojoTest.java,87,5,137,6,0.0,0,0,0,0.0,0.0,0,0,1,1,1,16,0,2,5,0,5,0.0,0.0,0,0,0,4,0.0,0,0,0,1,1,0,38,51,9,1,9,1,5,0,3,1,5,24,0,3,1,38,51,9,1,9,1,5,0,3,1,5,24,0,3,1,0,1,16,0,24,0,0,18,0,1,0,1,13,1,1,0,0,4,0,2,0
381,L16573,SerializerPojoTest$Bean2,org.mapdb.SerializerPojoTest$Bean2,L16485,L103,C:\Users\domco\Desktop\DP\repos\mapdb\src\test\java\org\mapdb\SerializerPojoTest.java,139,5,170,6,0.0,0,0,0,0.0,0.0,0,0,1,1,1,11,1,1,0,3,7,0.0,0.0,0,0,0,3,0.0,0,1,1,0,0,1,23,32,11,1,2,0,4,0,2,0,9,13,0,5,1,23,32,11,1,2,0,4,0,2,0,9,13,0,5,1,0,0,11,0,8,0,0,5,0,0,0,1,11,1,0,0,0,1,0,0,0
382,L16622,SerializerPojoTest$test_pojo_reload_TestClass,org.mapdb.SerializerPojoTest$test_pojo_reload_TestClass,L16485,L103,C:\Users\domco\Desktop\DP\repos\mapdb\src\test\java\org\mapdb\SerializerPojoTest.java,289,5,313,6,0.0,0,0,0,0.0,0.0,0,0,1,1,1,9,0,0,0,0,3,0.0,0.0,0,0,0,4,0.0,0,0,0,0,0,0,19,25,1,0,1,0,3,0,3,0,3,10,0,3,0,19,25,1,0,1,0,3,0,3,0,3,10,0,3,0,0,0,9,1,5,0,0,3,0,0,0,2,9,0,1,0,0,0,0,0,0
383,L16632,SerializerPojoTest$test_transient,org.mapdb.SerializerPojoTest$test_transient,L16485,L103,C:\Users\domco\Desktop\DP\repos\mapdb\src\test\java\org\mapdb\SerializerPojoTest.java,341,5,345,6,0.0,0,0,0,0.0,0.0,0,0,0,0,0,0,0,1,0,0,0,1.0,0.833333,25,25,1,0,0.833333,25,0,0,0,0,0,5,5,3,0,3,0,0,0,0,0,0,0,0,0,0,5,5,3,0,3,0,0,0,0,0,0,0,0,0,0,0,0,0,1,3,0,0,3,0,0,0,0,0,0,1,0,0,0,0,0,0
384,L16663,SerializerPojoTest$RealClass,org.mapdb.SerializerPojoTest$RealClass,L16485,L103,C:\Users\domco\Desktop\DP\repos\mapdb\src\test\java\org\mapdb\SerializerPojoTest.java,392,5,402,6,0.0,0,0,0,0.0,0.0,0,0,2,0,0,2,0,0,0,0,2,0.333333,0.0909091,1,1,1,2,0.0909091,1,0,0,0,0,0,10,11,0,0,0,0,2,0,2,0,2,2,0,2,0,10,11,0,0,0,0,2,0,2,0,2,2,0,2,0,0,0,8,3,0,0,0,0,1,0,0,2,7,0,1,0,0,0,0,0,0
385,L16672,SerializerPojoTest$PlaceHolder,org.mapdb.SerializerPojoTest$PlaceHolder,L16485,L103,C:\Users\domco\Desktop\DP\repos\mapdb\src\test\java\org\mapdb\SerializerPojoTest.java,405,5,407,6,0.0,0,0,0,0.0,0.0,0,0,0,0,0,0,0,0,0,0,0,1.0,0.333333,1,1,1,0,0.333333,1,0,0,0,0,0,2,3,0,0,0,0,0,0,0,0,0,0,0,0,0,2,3,0,0,0,0,0,0,0,0,0,0,0,0,0,0,0,0,1,0,0,0,0,0,0,0,0,0,0,1,0,0,0,0,0,0
386,L17129,TreeMapExtendTest$MockComparator<T extends Comparable<T>>,org.mapdb.TreeMapExtendTest$MockComparator,L17127,L103,C:\Users\domco\Desktop\DP\repos\mapdb\src\test\java\org\mapdb\TreeMapExtendTest.java,32,5,46,6,0.875,1,3,1,0.733333,0.785714,11,11,1,1,1,4,0,1,0,0,1,0.5,0.0666667,1,1,1,1,0.0666667,1,0,0,0,0,0,14,15,0,0,0,0,1,0,1,0,1,7,0,1,0,14,15,0,0,0,0,1,0,1,0,1,7,0,1,0,0,0,16,1,0,0,11,0,0,0,0,0,5,0,1,0,0,0,0,0,0
387,L17505,UtilsTest$1,org.mapdb.UtilsTest$1,L17491,L103,C:\Users\domco\Desktop\DP\repos\mapdb\src\test\java\org\mapdb\UtilsTest.java,83,54,99,6,0.0,0,0,0,0.0,0.0,0,0,3,0,0,3,1,0,0,0,3,0.0,0.0,0,0,0,4,0.0,0,1,1,0,0,1,14,17,30,0,0,0,3,0,3,0,17,3,30,17,0,14,17,30,0,0,0,3,0,3,0,17,3,30,17,0,0,0,14,2,0,0,0,0,1,0,0,2,9,0,0,0,0,0,0,4,0
388,L17694,Custom_Value$1CustomSerializer,examples.Custom_Value$1CustomSerializer,L14909,L103,C:\Users\domco\Desktop\DP\repos\mapdb\src\test\java\examples\Custom_Value.java,94,9,112,10,0.0,0,0,0,0.0,0.0,0,0,3,0,0,3,2,1,0,3,6,0.25,0.25,5,5,1,3,0.25,5,1,1,0,0,1,15,19,30,0,0,0,3,0,3,0,17,4,30,17,0,15,19,30,0,0,0,3,0,3,0,17,4,30,17,0,0,0,12,1,0,0,0,0,1,0,0,0,7,0,1,0,0,0,0,4,0
389,L17735,Histogram$1,examples.Histogram$1,L14915,L103,C:\Users\domco\Desktop\DP\repos\mapdb\src\test\java\examples\Histogram.java,27,81,35,10,0.0,0,0,0,0.0,0.0,0,0,1,3,1,4,2,0,0,0,1,0.0,0.0,0,0,0,2,0.0,0,1,1,0,0,1,9,9,0,0,0,0,1,0,1,0,1,7,0,1,0,9,9,0,0,0,0,1,0,1,0,1,7,0,1,0,0,0,5,0,4,0,0,4,0,0,0,0,5,0,0,0,0,0,0,0,0
390,L17748,Huge_Insert$1,examples.Huge_Insert$1,L14906,L103,C:\Users\domco\Desktop\DP\repos\mapdb\src\test\java\examples\Huge_Insert.java,42,58,57,10,0.0,0,0,0,0.0,0.0,0,0,2,0,0,3,1,0,0,1,4,0.0,0.0,0,0,0,4,0.0,0,0,0,0,0,0,12,16,1,0,1,0,3,0,3,0,3,3,0,3,0,12,16,1,0,1,0,3,0,3,0,3,3,0,3,0,0,0,10,0,2,0,0,0,1,0,0,0,9,1,0,0,0,1,0,0,0
391,L17758,Huge_Insert$2,examples.Huge_Insert$2,L14906,L103,C:\Users\domco\Desktop\DP\repos\mapdb\src\test\java\examples\Huge_Insert.java,83,93,87,10,0.0,0,0,0,0.0,0.0,0,0,1,0,0,1,2,0,0,0,1,0.0,0.0,0,0,0,2,0.0,0,1,1,0,0,1,5,5,0,0,0,0,1,0,1,0,1,1,0,1,0,5,5,0,0,0,0,1,0,1,0,1,1,0,1,0,0,0,5,0,0,0,0,0,0,0,0,0,5,0,0,0,0,0,0,0,0
392,L17787,Secondary_Key$1,examples.Secondary_Key$1,L14927,L103,C:\Users\domco\Desktop\DP\repos\mapdb\src\test\java\examples\Secondary_Key.java,27,90,32,10,0.0,0,0,0,0.0,0.0,0,0,1,0,0,1,2,0,0,0,1,0.0,0.0,0,0,0,2,0.0,0,1,1,0,0,1,6,6,0,0,0,0,1,0,1,0,1,1,0,1,0,6,6,0,0,0,0,1,0,1,0,1,1,0,1,0,0,0,5,0,0,0,0,0,0,0,0,0,5,0,0,0,0,0,0,0,0
393,L17801,Secondary_Map$1,examples.Secondary_Map$1,L14930,L103,C:\Users\domco\Desktop\DP\repos\mapdb\src\test\java\examples\Secondary_Map.java,25,92,29,10,0.0,0,0,0,0.0,0.0,0,0,1,0,0,1,2,0,0,0,1,0.0,0.0,0,0,0,2,0.0,0,1,1,0,0,1,5,5,0,0,0,0,1,0,1,0,1,1,0,1,0,5,5,0,0,0,0,1,0,1,0,1,1,0,1,0,0,0,5,0,0,0,0,0,0,0,0,0,5,0,0,0,0,0,0,0,0
394,L17834,Secondary_Values$1,examples.Secondary_Values$1,L14933,L103,C:\Users\domco\Desktop\DP\repos\mapdb\src\test\java\examples\Secondary_Values.java,41,97,46,10,0.0,0,0,0,0.0,0.0,0,0,1,0,0,1,3,0,0,0,1,0.0,0.0,0,0,0,2,0.0,0,1,1,0,0,1,6,6,0,0,0,0,1,0,1,0,1,1,0,1,0,6,6,0,0,0,0,1,0,1,0,1,1,0,1,0,0,0,5,0,0,0,0,0,0,0,0,0,5,0,0,0,0,0,0,0,0
395,L17857,Transactions2$1,examples.Transactions2$1,L14942,L103,C:\Users\domco\Desktop\DP\repos\mapdb\src\test\java\examples\Transactions2.java,16,38,21,10,0.0,0,0,0,0.0,0.0,0,0,1,0,0,1,3,0,0,1,2,0.0,0.0,0,0,0,2,0.0,0,1,1,0,0,1,6,6,0,0,0,0,1,0,1,0,1,2,0,1,0,6,6,0,0,0,0,1,0,1,0,1,2,0,1,0,0,0,5,1,1,0,0,1,0,0,0,0,5,0,1,0,0,0,0,0,0
396,L595,Bind$1,org.mapdb.Bind$1,L571,L103,C:\Users\domco\Desktop\DP\repos\mapdb\src\main\java\org\mapdb\Bind.java,147,61,162,10,0.0,0,0,0,0.0,0.0,0,0,1,2,1,5,2,0,0,2,3,0.0,0.333333,5,0,0,2,0.333333,5,1,1,0,0,1,10,16,0,0,0,0,1,0,1,0,1,4,0,1,0,10,16,0,0,0,0,1,0,1,0,1,4,0,1,0,0,0,1,0,0,0,0,0,0,0,0,0,1,0,0,0,0,0,0,0,0
397,L648,Bind$2,org.mapdb.Bind$2,L605,L103,C:\Users\domco\Desktop\DP\repos\mapdb\src\main\java\org\mapdb\Bind.java,198,61,212,10,0.0,0,0,0,0.0,0.0,0,0,1,1,1,2,2,0,0,1,2,0.0,0.333333,5,0,0,2,0.333333,5,1,1,0,0,1,10,15,0,0,0,0,1,0,1,0,1,3,0,1,0,10,15,0,0,0,0,1,0,1,0,1,3,0,1,0,0,0,1,0,0,0,0,0,0,0,0,0,1,0,0,0,0,0,0,0,0
398,L687,Bind$3,org.mapdb.Bind$3,L655,L103,C:\Users\domco\Desktop\DP\repos\mapdb\src\main\java\org\mapdb\Bind.java,259,61,328,10,1.0,2,22,3,1.0,1.0,70,50,1,5,4,16,2,0,0,1,2,0.0,0.275362,19,0,0,2,0.275362,19,1,1,0,0,1,50,70,0,0,0,0,1,0,1,0,1,30,0,1,0,50,70,0,0,0,0,1,0,1,0,1,30,0,1,0,0,0,16,0,0,0,12,0,0,3,0,0,1,0,0,0,0,0,0,0,0
399,L725,Bind$4,org.mapdb.Bind$4,L709,L103,C:\Users\domco\Desktop\DP\repos\mapdb\src\main\java\org\mapdb\Bind.java,366,61,391,10,0.0,0,0,0,0.0,0.0,0,0,1,3,2,5,2,0,0,1,2,0.0,0.384615,10,0,0,2,0.384615,10,1,1,0,0,1,16,26,0,0,0,0,1,0,1,0,1,10,0,1,0,16,26,0,0,0,0,1,0,1,0,1,10,0,1,0,0,0,1,0,1,0,0,1,0,0,0,0,1,0,0,0,0,0,0,0,0
400,L748,Bind$5,org.mapdb.Bind$5,L732,L103,C:\Users\domco\Desktop\DP\repos\mapdb\src\main\java\org\mapdb\Bind.java,427,61,449,10,0.0,0,0,0,0.0,0.0,0,0,1,3,2,5,2,0,0,1,2,0.0,0.304348,7,0,0,2,0.304348,7,1,1,0,0,1,16,23,0,0,0,0,1,0,1,0,1,10,0,1,0,16,23,0,0,0,0,1,0,1,0,1,10,0,1,0,0,0,1,0,1,0,0,1,0,0,0,0,1,0,0,0,0,0,0,0,0
401,L770,Bind$6,org.mapdb.Bind$6,L753,L103,C:\Users\domco\Desktop\DP\repos\mapdb\src\main\java\org\mapdb\Bind.java,493,61,566,10,1.0,2,22,3,1.0,1.0,74,50,1,5,4,16,2,0,0,1,2,0.0,0.305556,22,0,0,2,0.305556,22,1,1,0,0,1,50,74,0,0,0,0,1,0,1,0,1,30,0,1,0,50,74,0,0,0,0,1,0,1,0,1,30,0,1,0,0,0,16,0,0,0,12,0,0,3,0,0,1,0,0,0,0,0,0,0,0
402,L788,Bind$7,org.mapdb.Bind$7,L775,L103,C:\Users\domco\Desktop\DP\repos\mapdb\src\main\java\org\mapdb\Bind.java,590,71,594,10,0.0,0,0,0,0.0,0.0,0,0,1,0,0,1,2,0,0,0,1,0.0,0.0,0,0,0,2,0.0,0,1,1,0,0,1,5,5,0,0,0,0,1,0,1,0,1,1,0,1,0,5,5,0,0,0,0,1,0,1,0,1,1,0,1,0,0,0,5,0,0,0,0,0,0,0,0,0,5,0,0,0,0,0,0,0,0
403,L805,Bind$8,org.mapdb.Bind$8,L792,L103,C:\Users\domco\Desktop\DP\repos\mapdb\src\main\java\org\mapdb\Bind.java,620,71,624,10,0.0,0,0,0,0.0,0.0,0,0,1,0,0,1,2,0,0,0,1,0.0,0.0,0,0,0,2,0.0,0,1,1,0,0,1,5,5,0,0,0,0,1,0,1,0,1,1,0,1,0,5,5,0,0,0,0,1,0,1,0,1,1,0,1,0,0,0,5,0,0,0,0,0,0,0,0,0,5,0,0,0,0,0,0,0,0
404,L834,Bind$9,org.mapdb.Bind$9,L809,L103,C:\Users\domco\Desktop\DP\repos\mapdb\src\main\java\org\mapdb\Bind.java,659,61,706,10,0.0,0,0,0,0.0,0.0,0,0,1,3,3,10,2,0,0,1,3,0.0,0.319149,15,1,0,2,0.319149,15,1,1,0,0,1,32,48,0,0,0,0,2,0,1,0,2,20,0,1,0,32,48,0,0,0,0,2,0,1,0,2,20,0,1,0,0,0,1,0,1,0,0,1,0,0,0,0,1,0,0,0,0,0,0,0,0
405,L3813,DB$1,org.mapdb.DB$1,L3795,L103,C:\Users\domco\Desktop\DP\repos\mapdb\src\main\java\org\mapdb\DB.java,97,53,101,18,0.0,0,0,0,0.0,0.0,0,0,1,0,0,1,3,0,0,1,2,0.0,0.0,0,0,0,2,0.0,0,1,1,0,0,1,5,5,0,0,0,0,1,0,1,0,1,1,0,1,0,5,5,0,0,0,0,1,0,1,0,1,1,0,1,0,0,0,5,0,0,0,0,0,0,0,0,0,5,0,0,0,0,0,0,0,0
406,L3823,DB$2,org.mapdb.DB$2,L3795,L103,C:\Users\domco\Desktop\DP\repos\mapdb\src\main\java\org\mapdb\DB.java,103,53,107,18,0.0,0,0,0,0.0,0.0,0,0,1,0,0,1,3,0,0,1,2,0.0,0.0,0,0,0,2,0.0,0,1,1,0,0,1,5,5,0,0,0,0,1,0,1,0,1,1,0,1,0,5,5,0,0,0,0,1,0,1,0,1,1,0,1,0,0,0,5,0,0,0,0,0,0,0,0,0,5,0,0,0,0,0,0,0,0
407,L3840,DB$3,org.mapdb.DB$3,L3795,L103,C:\Users\domco\Desktop\DP\repos\mapdb\src\main\java\org\mapdb\DB.java,109,65,116,18,0.0,0,0,0,0.0,0.0,0,0,1,1,1,2,6,0,0,2,3,0.0,0.0,0,0,0,2,0.0,0,1,1,0,0,1,8,8,0,0,0,0,1,0,1,0,1,4,0,1,0,8,8,0,0,0,0,1,0,1,0,1,4,0,1,0,0,0,5,0,1,0,0,1,0,0,0,0,5,0,0,0,0,0,0,0,0
408,L3854,DB$4,org.mapdb.DB$4,L3795,L103,C:\Users\domco\Desktop\DP\repos\mapdb\src\main\java\org\mapdb\DB.java,118,51,123,18,0.0,0,0,0,0.0,0.0,0,0,1,0,0,1,3,0,0,0,1,0.0,0.0,0,0,0,2,0.0,0,1,1,0,0,1,6,6,0,0,0,0,1,0,1,0,1,2,0,1,0,6,6,0,0,0,0,1,0,1,0,1,2,0,1,0,0,0,5,0,0,0,0,0,0,0,0,0,5,0,0,0,0,0,0,0,0
409,L4403,DB$5,org.mapdb.DB$5,L4288,L103,C:\Users\domco\Desktop\DP\repos\mapdb\src\main\java\org\mapdb\DB.java,962,56,968,14,0.0,0,0,0,0.0,0.0,0,0,1,0,0,1,2,0,0,1,2,0.0,0.0,0,0,0,2,0.0,0,0,0,0,0,0,6,7,0,0,0,0,1,0,1,0,1,1,0,1,0,6,7,0,0,0,0,1,0,1,0,1,1,0,1,0,0,0,5,0,0,0,0,0,0,0,0,0,5,0,0,0,0,0,0,0,0
410,L5289,DBMaker$CloseOnJVMShutdown$1,org.mapdb.DBMaker$CloseOnJVMShutdown$1,L5195,L103,C:\Users\domco\Desktop\DP\repos\mapdb\src\main\java\org\mapdb\DBMaker.java,1029,54,1038,10,0.0,0,0,0,0.0,0.0,0,0,1,1,1,2,1,0,0,0,1,0.0,0.0,0,0,0,2,0.0,0,0,0,0,0,0,10,10,0,0,0,0,1,0,1,0,1,5,0,1,0,10,10,0,0,0,0,1,0,1,0,1,5,0,1,0,0,0,5,0,1,0,0,1,0,0,0,0,5,0,0,0,0,0,0,0,0
411,L5642,Fun$3,org.mapdb.Fun$3,L5631,L103,C:\Users\domco\Desktop\DP\repos\mapdb\src\main\java\org\mapdb\Fun.java,81,35,86,10,0.0,0,0,0,0.0,0.0,0,0,1,0,0,1,1,0,0,0,1,0.0,0.0,0,0,0,2,0.0,0,1,1,0,0,1,6,6,0,0,0,0,1,0,1,0,1,1,0,1,0,6,6,0,0,0,0,1,0,1,0,1,1,0,1,0,0,0,5,0,0,0,0,0,0,0,0,0,5,0,0,0,0,0,0,0,0
412,L5672,Fun$ThreadFactory$1,org.mapdb.Fun$ThreadFactory$1,L3764,L103,C:\Users\domco\Desktop\DP\repos\mapdb\src\main\java\org\mapdb\Fun.java,154,71,159,10,0.0,0,0,0,0.0,0.0,0,0,1,0,0,1,1,0,0,0,1,0.0,0.0,0,0,0,2,0.0,0,1,1,0,0,1,6,6,1,0,0,0,1,0,1,0,1,1,1,1,0,6,6,1,0,0,0,1,0,1,0,1,1,1,1,0,0,0,7,0,0,0,0,0,0,0,0,0,5,0,0,0,0,0,0,2,0
413,L5718,Fun$4,org.mapdb.Fun$4,L3992,L103,C:\Users\domco\Desktop\DP\repos\mapdb\src\main\java\org\mapdb\Fun.java,182,51,187,10,0.0,0,0,0,0.0,0.0,0,0,1,0,0,1,3,0,0,0,1,0.0,0.0,0,0,0,2,0.0,0,1,1,0,0,1,6,6,0,0,0,0,1,0,1,0,1,1,0,1,0,6,6,0,0,0,0,1,0,1,0,1,1,0,1,0,0,0,5,0,0,0,0,0,0,0,0,0,5,0,0,0,0,0,0,0,0
414,L5729,Fun$5,org.mapdb.Fun$5,L3994,L103,C:\Users\domco\Desktop\DP\repos\mapdb\src\main\java\org\mapdb\Fun.java,191,51,196,10,0.0,0,0,0,0.0,0.0,0,0,1,0,0,1,3,0,0,0,1,0.0,0.0,0,0,0,2,0.0,0,1,1,0,0,1,6,6,0,0,0,0,1,0,1,0,1,1,0,1,0,6,6,0,0,0,0,1,0,1,0,1,1,0,1,0,0,0,5,0,0,0,0,0,0,0,0,0,5,0,0,0,0,0,0,0,0
415,L5738,Fun$6,org.mapdb.Fun$6,L3975,L103,C:\Users\domco\Desktop\DP\repos\mapdb\src\main\java\org\mapdb\Fun.java,202,38,207,10,0.0,0,0,0,0.0,0.0,0,0,1,0,0,1,1,0,0,0,1,0.0,0.0,0,0,0,2,0.0,0,1,1,0,0,1,6,6,0,0,0,0,1,0,1,0,1,1,0,1,0,6,6,0,0,0,0,1,0,1,0,1,1,0,1,0,0,0,5,0,0,0,0,0,0,0,0,0,5,0,0,0,0,0,0,0,0
416,L5831,Fun$13,org.mapdb.Fun$13,L5816,L103,C:\Users\domco\Desktop\DP\repos\mapdb\src\main\java\org\mapdb\Fun.java,376,41,424,10,0.0,0,0,0,0.0,0.0,0,0,1,1,1,2,1,0,0,0,1,0.0,0.0,0,0,0,2,0.0714286,3,0,0,0,0,0,10,12,0,0,0,0,1,0,1,0,1,4,0,1,0,39,49,1,0,1,0,5,0,4,0,5,22,0,4,0,0,0,17,0,6,0,0,5,1,0,0,0,16,0,1,0,0,0,0,0,0
417,L6249,HTreeMap$ExpireLinkNode$1,org.mapdb.HTreeMap$ExpireLinkNode$1,L6243,L103,C:\Users\domco\Desktop\DP\repos\mapdb\src\main\java\org\mapdb\HTreeMap.java,1323,102,1347,10,0.0,0,0,0,0.0,0.0,0,0,3,1,1,5,2,0,0,1,4,0.0,0.0,0,0,0,4,0.0,0,1,1,0,0,1,23,25,30,0,0,0,3,0,3,0,17,11,30,17,0,23,25,30,0,0,0,3,0,3,0,17,11,30,17,0,0,0,14,0,2,0,0,2,1,0,0,0,9,0,0,0,0,0,0,4,0
418,L6740,Pump$1,org.mapdb.Pump$1,L4409,L103,C:\Users\domco\Desktop\DP\repos\mapdb\src\main\java\org\mapdb\Pump.java,91,46,114,18,0.0,0,0,0,0.0,0.0,0,0,3,2,2,5,1,0,0,1,4,0.0,0.05,1,0,0,4,0.05,1,0,0,0,0,0,19,24,0,0,0,0,3,0,3,0,3,8,0,3,0,19,24,0,0,0,0,3,0,3,0,3,8,0,3,0,0,0,8,0,1,0,0,0,1,0,0,0,7,0,1,0,0,0,0,0,0
419,L6757,Pump$2,org.mapdb.Pump$2,L6746,L103,C:\Users\domco\Desktop\DP\repos\mapdb\src\main\java\org\mapdb\Pump.java,144,33,212,10,0.0,0,0,0,0.0,0.0,0,0,2,4,4,13,1,0,0,1,4,0.0,0.0181818,1,0,0,4,0.0181818,1,0,0,0,0,0,54,69,2,0,2,0,3,0,3,0,3,29,0,3,0,54,69,2,0,2,0,3,0,3,0,3,29,0,3,0,0,1,13,0,5,0,0,4,1,3,0,0,9,0,2,0,0,0,0,0,1.0
420,L6790,Pump$3,org.mapdb.Pump$3,L6782,L103,C:\Users\domco\Desktop\DP\repos\mapdb\src\main\java\org\mapdb\Pump.java,229,34,265,10,0.0,0,0,0,0.0,0.0,0,0,2,2,2,6,0,0,0,0,3,0.0,0.0967742,3,0,0,4,0.0967742,3,0,0,0,0,0,28,37,2,0,2,0,3,0,3,0,3,13,0,3,0,28,37,2,0,2,0,3,0,3,0,3,13,0,3,0,0,1,10,0,3,0,0,1,1,0,0,0,9,0,2,0,0,1,0,0,0
421,L6863,Pump$4,org.mapdb.Pump$4,L6717,L103,C:\Users\domco\Desktop\DP\repos\mapdb\src\main\java\org\mapdb\Pump.java,505,33,524,10,0.0,0,0,0,0.0,0.0,0,0,2,1,1,4,0,0,0,0,3,0.0,0.0,0,0,0,4,0.0,0,0,0,0,0,0,16,20,1,0,1,0,3,0,3,0,3,5,0,3,0,16,20,1,0,1,0,3,0,3,0,3,5,0,3,0,0,0,10,0,1,0,0,1,1,0,0,0,9,0,0,0,0,0,0,0,0
422,L6887,Pump$5,org.mapdb.Pump$5,L4185,L103,C:\Users\domco\Desktop\DP\repos\mapdb\src\main\java\org\mapdb\Pump.java,535,54,548,10,0.0,0,0,0,0.0,0.0,0,0,1,1,1,3,2,0,0,2,3,0.0,0.0,0,0,0,2,0.0,0,0,0,0,0,0,14,14,0,0,0,0,1,0,1,0,1,9,0,1,0,14,14,0,0,0,0,1,0,1,0,1,9,0,1,0,0,0,5,0,4,2,0,2,0,0,0,0,5,0,0,0,0,0,0,0,0
423,L4532,Queues$SimpleQueue$NodeSerializer<E extends Object>,org.mapdb.Queues$SimpleQueue$NodeSerializer,L4528,L103,C:\Users\domco\Desktop\DP\repos\mapdb\src\main\java\org\mapdb\Queues.java,48,9,67,10,0.0,0,0,0,0.0,0.0,0,0,1,0,0,3,3,2,2,5,8,0.0,0.0,0,0,0,4,0.0,0,1,1,0,0,1,15,20,31,0,1,0,3,0,3,0,17,4,30,17,0,15,20,31,0,1,0,3,0,3,0,17,4,30,17,0,0,0,13,0,0,0,0,0,0,0,0,0,9,0,0,0,0,0,0,4,0
424,L4521,Queues$SimpleQueue$Node<E extends Object>,org.mapdb.Queues$SimpleQueue$Node,L4528,L103,C:\Users\domco\Desktop\DP\repos\mapdb\src\main\java\org\mapdb\Queues.java,117,9,146,10,0.0,0,0,0,0.0,0.0,0,0,1,1,1,10,0,6,6,0,3,0.0,0.0,0,0,0,4,0.0,0,0,0,0,0,0,23,30,2,0,2,0,3,0,3,0,3,15,0,3,0,23,30,2,0,2,0,3,0,3,0,3,15,0,3,0,0,0,9,0,8,0,0,7,0,0,0,1,9,0,0,0,0,0,0,0,0
425,L7724,Serializer$CompressionWrapper$1,org.mapdb.Serializer$CompressionWrapper$1,L7710,L103,C:\Users\domco\Desktop\DP\repos\mapdb\src\main\java\org\mapdb\Serializer.java,1141,87,1145,10,0.0,0,0,0,0.0,0.0,0,0,1,0,0,1,1,0,0,0,1,0.0,0.0,0,0,0,1,0.0,0,0,0,0,0,0,5,5,0,0,0,0,1,0,0,0,1,1,0,0,0,5,5,0,0,0,0,1,0,0,0,1,1,0,0,0,0,0,5,0,0,0,0,0,0,0,0,0,5,0,0,0,0,0,0,0,0
426,L8018,SerializerBase$1,org.mapdb.SerializerBase$1,L7941,L103,C:\Users\domco\Desktop\DP\repos\mapdb\src\main\java\org\mapdb\SerializerBase.java,227,52,233,10,0.0,0,0,0,0.0,0.0,0,0,1,0,0,1,3,0,0,1,2,0.0,0.0,0,0,0,2,0.0,0,1,1,0,0,1,6,7,0,0,0,0,1,0,1,0,1,1,0,1,0,6,7,0,0,0,0,1,0,1,0,1,1,0,1,0,0,0,5,0,0,0,0,0,0,0,0,0,5,0,0,0,0,0,0,0,0
427,L8030,SerializerBase$2,org.mapdb.SerializerBase$2,L7941,L103,C:\Users\domco\Desktop\DP\repos\mapdb\src\main\java\org\mapdb\SerializerBase.java,235,54,240,10,1.0,2,2,2,1.0,1.0,6,6,1,0,0,1,4,0,0,1,2,0.0,0.0,0,0,0,2,0.0,0,1,1,0,0,1,6,6,0,0,0,0,1,0,1,0,1,1,0,1,0,6,6,0,0,0,0,1,0,1,0,1,1,0,1,0,0,0,15,0,0,0,10,0,0,0,0,0,5,0,0,0,0,0,0,0,0
428,L8047,SerializerBase$3,org.mapdb.SerializerBase$3,L7941,L103,C:\Users\domco\Desktop\DP\repos\mapdb\src\main\java\org\mapdb\SerializerBase.java,242,56,247,10,1.0,2,2,2,1.0,1.0,6,6,1,0,0,1,4,0,0,1,2,0.0,0.0,0,0,0,2,0.0,0,1,1,0,0,1,6,6,0,0,0,0,1,0,1,0,1,1,0,1,0,6,6,0,0,0,0,1,0,1,0,1,1,0,1,0,0,0,15,0,0,0,10,0,0,0,0,0,5,0,0,0,0,0,0,0,0
429,L8056,SerializerBase$4,org.mapdb.SerializerBase$4,L7941,L103,C:\Users\domco\Desktop\DP\repos\mapdb\src\main\java\org\mapdb\SerializerBase.java,249,53,255,10,1.0,2,2,2,1.0,1.0,7,6,1,0,0,1,4,0,0,1,2,0.0,0.142857,1,0,0,2,0.142857,1,1,1,0,0,1,6,7,0,0,0,0,1,0,1,0,1,1,0,1,0,6,7,0,0,0,0,1,0,1,0,1,1,0,1,0,0,0,15,0,0,0,10,0,0,0,0,0,5,0,0,0,0,0,0,0,0
430,L8068,SerializerBase$5,org.mapdb.SerializerBase$5,L7941,L103,C:\Users\domco\Desktop\DP\repos\mapdb\src\main\java\org\mapdb\SerializerBase.java,257,59,262,10,1.0,2,2,2,1.0,1.0,6,6,1,0,0,1,4,0,0,1,2,0.0,0.0,0,0,0,2,0.0,0,1,1,0,0,1,6,6,0,0,0,0,1,0,1,0,1,1,0,1,0,6,6,0,0,0,0,1,0,1,0,1,1,0,1,0,0,0,15,0,0,0,10,0,0,0,0,0,5,0,0,0,0,0,0,0,0
431,L8080,SerializerBase$6,org.mapdb.SerializerBase$6,L7941,L103,C:\Users\domco\Desktop\DP\repos\mapdb\src\main\java\org\mapdb\SerializerBase.java,264,46,269,10,1.0,2,2,2,1.0,1.0,6,6,1,0,0,1,4,0,0,1,2,0.0,0.0,0,0,0,2,0.0,0,1,1,0,0,1,6,6,0,0,0,0,1,0,1,0,1,1,0,1,0,6,6,0,0,0,0,1,0,1,0,1,1,0,1,0,0,0,15,0,0,0,10,0,0,0,0,0,5,0,0,0,0,0,0,0,0
432,L8094,SerializerBase$7,org.mapdb.SerializerBase$7,L7941,L103,C:\Users\domco\Desktop\DP\repos\mapdb\src\main\java\org\mapdb\SerializerBase.java,271,52,276,10,1.0,2,2,2,1.0,1.0,6,6,1,0,0,1,4,0,0,1,2,0.0,0.0,0,0,0,2,0.0,0,1,1,0,0,1,6,6,0,0,0,0,1,0,1,0,1,1,0,1,0,6,6,0,0,0,0,1,0,1,0,1,1,0,1,0,0,0,15,0,0,0,10,0,0,0,0,0,5,0,0,0,0,0,0,0,0
433,L8103,SerializerBase$8,org.mapdb.SerializerBase$8,L7941,L103,C:\Users\domco\Desktop\DP\repos\mapdb\src\main\java\org\mapdb\SerializerBase.java,278,49,283,10,0.0,0,0,0,0.0,0.0,0,0,1,0,0,1,4,0,0,1,2,0.0,0.0,0,0,0,2,0.0,0,1,1,0,0,1,6,6,0,0,0,0,1,0,1,0,1,1,0,1,0,6,6,0,0,0,0,1,0,1,0,1,1,0,1,0,0,0,5,0,0,0,0,0,0,0,0,0,5,0,0,0,0,0,0,0,0
434,L8115,SerializerBase$9,org.mapdb.SerializerBase$9,L7941,L103,C:\Users\domco\Desktop\DP\repos\mapdb\src\main\java\org\mapdb\SerializerBase.java,286,50,295,10,0.0,0,0,0,0.0,0.0,0,0,1,1,1,2,5,0,0,2,3,0.0,0.0,0,0,0,2,0.0,0,1,1,0,0,1,10,10,0,0,0,0,1,0,1,0,1,5,0,1,0,10,10,0,0,0,0,1,0,1,0,1,5,0,1,0,0,0,5,0,1,0,0,1,0,0,0,0,5,0,0,0,0,0,0,0,0
435,L8136,SerializerBase$10,org.mapdb.SerializerBase$10,L7941,L103,C:\Users\domco\Desktop\DP\repos\mapdb\src\main\java\org\mapdb\SerializerBase.java,297,65,308,10,0.0,0,0,0,0.0,0.0,0,0,1,1,1,2,5,0,0,2,3,0.0,0.0,0,0,0,2,0.0,0,1,1,0,0,1,12,12,0,0,0,0,1,0,1,0,1,6,0,1,0,12,12,0,0,0,0,1,0,1,0,1,6,0,1,0,0,0,5,0,0,0,0,0,0,0,0,0,5,0,0,0,0,0,0,0,0
436,L8154,SerializerBase$11,org.mapdb.SerializerBase$11,L7941,L103,C:\Users\domco\Desktop\DP\repos\mapdb\src\main\java\org\mapdb\SerializerBase.java,310,52,317,10,0.0,0,0,0,0.0,0.0,0,0,1,0,0,1,6,0,0,1,2,0.0,0.0,0,0,0,2,0.0,0,1,1,0,0,1,8,8,0,0,0,0,1,0,1,0,1,3,0,1,0,8,8,0,0,0,0,1,0,1,0,1,3,0,1,0,0,0,5,0,0,0,0,0,0,0,0,0,5,0,0,0,0,0,0,0,0
437,L8166,SerializerBase$12,org.mapdb.SerializerBase$12,L7941,L103,C:\Users\domco\Desktop\DP\repos\mapdb\src\main\java\org\mapdb\SerializerBase.java,319,110,327,10,0.0,0,0,0,0.0,0.0,0,0,1,0,0,1,8,0,0,2,3,0.0,0.0,0,0,0,2,0.0,0,1,1,0,0,1,9,9,0,0,0,0,1,0,1,0,1,4,0,1,0,9,9,0,0,0,0,1,0,1,0,1,4,0,1,0,0,0,5,0,0,0,0,0,0,0,0,0,5,0,0,0,0,0,0,0,0
438,L8180,SerializerBase$13,org.mapdb.SerializerBase$13,L7941,L103,C:\Users\domco\Desktop\DP\repos\mapdb\src\main\java\org\mapdb\SerializerBase.java,329,74,336,10,0.0,0,0,0,0.0,0.0,0,0,1,0,0,1,8,0,0,2,3,0.0,0.0,0,0,0,2,0.0,0,1,1,0,0,1,8,8,0,0,0,0,1,0,1,0,1,3,0,1,0,8,8,0,0,0,0,1,0,1,0,1,3,0,1,0,0,0,5,0,0,0,0,0,0,0,0,0,5,0,0,0,0,0,0,0,0
439,L8192,SerializerBase$14,org.mapdb.SerializerBase$14,L7941,L103,C:\Users\domco\Desktop\DP\repos\mapdb\src\main\java\org\mapdb\SerializerBase.java,338,72,345,10,0.0,0,0,0,0.0,0.0,0,0,1,0,0,1,7,0,0,2,3,0.0,0.0,0,0,0,2,0.0,0,1,1,0,0,1,8,8,0,0,0,0,1,0,1,0,1,3,0,1,0,8,8,0,0,0,0,1,0,1,0,1,3,0,1,0,0,0,5,0,0,0,0,0,0,0,0,0,5,0,0,0,0,0,0,0,0
440,L8204,SerializerBase$15,org.mapdb.SerializerBase$15,L7941,L103,C:\Users\domco\Desktop\DP\repos\mapdb\src\main\java\org\mapdb\SerializerBase.java,346,46,353,10,0.0,0,0,0,0.0,0.0,0,0,1,0,0,1,7,0,0,2,3,0.0,0.0,0,0,0,2,0.0,0,1,1,0,0,1,8,8,0,0,0,0,1,0,1,0,1,3,0,1,0,8,8,0,0,0,0,1,0,1,0,1,3,0,1,0,0,0,5,0,0,0,0,0,0,0,0,0,5,0,0,0,0,0,0,0,0
441,L8218,SerializerBase$16,org.mapdb.SerializerBase$16,L7941,L103,C:\Users\domco\Desktop\DP\repos\mapdb\src\main\java\org\mapdb\SerializerBase.java,355,91,362,10,0.0,0,0,0,0.0,0.0,0,0,1,0,0,1,8,0,0,2,3,0.0,0.0,0,0,0,2,0.0,0,1,1,0,0,1,8,8,0,0,0,0,1,0,1,0,1,3,0,1,0,8,8,0,0,0,0,1,0,1,0,1,3,0,1,0,0,0,5,0,0,0,0,0,0,0,0,0,5,0,0,0,0,0,0,0,0
442,L8249,SerializerBase$17,org.mapdb.SerializerBase$17,L7939,L103,C:\Users\domco\Desktop\DP\repos\mapdb\src\main\java\org\mapdb\SerializerBase.java,400,53,405,10,0.0,0,0,0,0.0,0.0,0,0,1,0,0,1,2,0,0,0,1,0.0,0.0,0,0,0,2,0.0,0,1,1,0,0,1,6,6,0,0,0,0,1,0,1,0,2,1,0,2,0,6,6,0,0,0,0,1,0,1,0,2,1,0,2,0,0,0,5,0,0,0,0,0,0,0,0,0,5,0,0,0,0,0,0,0,0
443,L8259,SerializerBase$18,org.mapdb.SerializerBase$18,L7939,L103,C:\Users\domco\Desktop\DP\repos\mapdb\src\main\java\org\mapdb\SerializerBase.java,406,62,414,10,0.0,0,0,0,0.0,0.0,0,0,1,0,0,1,2,0,0,0,1,0.0,0.0,0,0,0,2,0.0,0,1,1,0,0,1,9,9,0,0,0,0,1,0,1,0,2,1,0,2,0,9,9,0,0,0,0,1,0,1,0,2,1,0,2,0,0,0,5,0,0,0,0,0,0,0,0,0,5,0,0,0,0,0,0,0,0
444,L8441,SerializerBase$19,org.mapdb.SerializerBase$19,L7939,L103,C:\Users\domco\Desktop\DP\repos\mapdb\src\main\java\org\mapdb\SerializerBase.java,506,49,511,10,0.0,0,0,0,0.0,0.0,0,0,1,0,0,1,4,0,0,2,3,0.0,0.0,0,0,0,2,0.0,0,1,1,0,0,1,6,6,0,0,0,0,1,0,1,0,2,1,0,2,0,6,6,0,0,0,0,1,0,1,0,2,1,0,2,0,0,0,5,0,0,0,0,0,0,0,0,0,5,0,0,0,0,0,0,0,0
445,L8472,SerializerBase$20,org.mapdb.SerializerBase$20,L7939,L103,C:\Users\domco\Desktop\DP\repos\mapdb\src\main\java\org\mapdb\SerializerBase.java,523,51,527,10,1.0,1,1,1,1.0,1.0,5,5,1,0,0,1,2,0,0,0,1,0.0,0.0,0,0,0,2,0.0,0,1,1,0,0,1,5,5,0,0,0,0,1,0,1,0,2,1,0,2,0,5,5,0,0,0,0,1,0,1,0,2,1,0,2,0,0,0,15,0,0,0,10,0,0,0,0,0,5,0,0,0,0,0,0,0,0
446,L8480,SerializerBase$21,org.mapdb.SerializerBase$21,L7939,L103,C:\Users\domco\Desktop\DP\repos\mapdb\src\main\java\org\mapdb\SerializerBase.java,529,52,533,10,1.0,1,1,1,1.0,1.0,5,5,1,0,0,1,2,0,0,0,1,0.0,0.0,0,0,0,2,0.0,0,1,1,0,0,1,5,5,0,0,0,0,1,0,1,0,2,1,0,2,0,5,5,0,0,0,0,1,0,1,0,2,1,0,2,0,0,0,15,0,0,0,10,0,0,0,0,0,5,0,0,0,0,0,0,0,0
447,L8488,SerializerBase$22,org.mapdb.SerializerBase$22,L7939,L103,C:\Users\domco\Desktop\DP\repos\mapdb\src\main\java\org\mapdb\SerializerBase.java,535,53,539,10,0.0,0,0,0,0.0,0.0,0,0,1,0,0,1,2,0,0,0,1,0.0,0.0,0,0,0,2,0.0,0,1,1,0,0,1,5,5,0,0,0,0,1,0,1,0,2,1,0,2,0,5,5,0,0,0,0,1,0,1,0,2,1,0,2,0,0,0,5,0,0,0,0,0,0,0,0,0,5,0,0,0,0,0,0,0,0
448,L8496,SerializerBase$23,org.mapdb.SerializerBase$23,L7939,L103,C:\Users\domco\Desktop\DP\repos\mapdb\src\main\java\org\mapdb\SerializerBase.java,541,52,545,10,1.0,1,1,1,1.0,1.0,5,5,1,0,0,1,2,0,0,0,1,0.0,0.0,0,0,0,2,0.0,0,1,1,0,0,1,5,5,0,0,0,0,1,0,1,0,2,1,0,2,0,5,5,0,0,0,0,1,0,1,0,2,1,0,2,0,0,0,15,0,0,0,10,0,0,0,0,0,5,0,0,0,0,0,0,0,0
449,L8504,SerializerBase$24,org.mapdb.SerializerBase$24,L7939,L103,C:\Users\domco\Desktop\DP\repos\mapdb\src\main\java\org\mapdb\SerializerBase.java,547,54,551,10,1.0,1,1,1,1.0,1.0,5,5,1,0,0,1,2,0,0,0,1,0.0,0.0,0,0,0,2,0.0,0,1,1,0,0,1,5,5,0,0,0,0,1,0,1,0,2,1,0,2,0,5,5,0,0,0,0,1,0,1,0,2,1,0,2,0,0,0,15,0,0,0,10,0,0,0,0,0,5,0,0,0,0,0,0,0,0
450,L8512,SerializerBase$25,org.mapdb.SerializerBase$25,L7939,L103,C:\Users\domco\Desktop\DP\repos\mapdb\src\main\java\org\mapdb\SerializerBase.java,553,53,557,10,1.0,1,1,1,1.0,1.0,5,5,1,0,0,1,2,0,0,0,1,0.0,0.0,0,0,0,2,0.0,0,1,1,0,0,1,5,5,0,0,0,0,1,0,1,0,2,1,0,2,0,5,5,0,0,0,0,1,0,1,0,2,1,0,2,0,0,0,15,0,0,0,10,0,0,0,0,0,5,0,0,0,0,0,0,0,0
451,L8520,SerializerBase$26,org.mapdb.SerializerBase$26,L7939,L103,C:\Users\domco\Desktop\DP\repos\mapdb\src\main\java\org\mapdb\SerializerBase.java,559,55,563,10,1.0,1,1,1,1.0,1.0,5,5,1,0,0,1,2,0,0,0,1,0.0,0.0,0,0,0,2,0.0,0,1,1,0,0,1,5,5,0,0,0,0,1,0,1,0,2,1,0,2,0,5,5,0,0,0,0,1,0,1,0,2,1,0,2,0,0,0,15,0,0,0,10,0,0,0,0,0,5,0,0,0,0,0,0,0,0
452,L8528,SerializerBase$27,org.mapdb.SerializerBase$27,L7939,L103,C:\Users\domco\Desktop\DP\repos\mapdb\src\main\java\org\mapdb\SerializerBase.java,565,53,569,10,0.0,0,0,0,0.0,0.0,0,0,1,0,0,1,2,0,0,0,1,0.0,0.0,0,0,0,2,0.0,0,1,1,0,0,1,5,5,0,0,0,0,1,0,1,0,2,1,0,2,0,5,5,0,0,0,0,1,0,1,0,2,1,0,2,0,0,0,5,0,0,0,0,0,0,0,0,0,5,0,0,0,0,0,0,0,0
453,L8536,SerializerBase$28,org.mapdb.SerializerBase$28,L7939,L103,C:\Users\domco\Desktop\DP\repos\mapdb\src\main\java\org\mapdb\SerializerBase.java,571,50,575,10,1.0,1,1,1,1.0,1.0,5,5,1,0,0,1,6,0,0,3,4,0.0,0.0,0,0,0,2,0.0,0,1,1,0,0,1,5,5,0,0,0,0,1,0,1,0,2,1,0,2,0,5,5,0,0,0,0,1,0,1,0,2,1,0,2,0,0,0,15,0,0,0,10,0,0,0,0,0,5,0,0,0,0,0,0,0,0
454,L8546,SerializerBase$29,org.mapdb.SerializerBase$29,L7939,L103,C:\Users\domco\Desktop\DP\repos\mapdb\src\main\java\org\mapdb\SerializerBase.java,577,49,581,10,1.0,1,1,1,1.0,1.0,5,5,1,0,0,1,6,0,0,3,4,0.0,0.0,0,0,0,2,0.0,0,1,1,0,0,1,5,5,0,0,0,0,1,0,1,0,2,1,0,2,0,5,5,0,0,0,0,1,0,1,0,2,1,0,2,0,0,0,15,0,0,0,10,0,0,0,0,0,5,0,0,0,0,0,0,0,0
455,L8554,SerializerBase$30,org.mapdb.SerializerBase$30,L7939,L103,C:\Users\domco\Desktop\DP\repos\mapdb\src\main\java\org\mapdb\SerializerBase.java,583,50,587,10,1.0,1,1,1,1.0,1.0,5,5,1,0,0,1,6,0,0,3,4,0.0,0.0,0,0,0,2,0.0,0,1,1,0,0,1,5,5,0,0,0,0,1,0,1,0,2,1,0,2,0,5,5,0,0,0,0,1,0,1,0,2,1,0,2,0,0,0,15,0,0,0,10,0,0,0,0,0,5,0,0,0,0,0,0,0,0
456,L8562,SerializerBase$31,org.mapdb.SerializerBase$31,L7939,L103,C:\Users\domco\Desktop\DP\repos\mapdb\src\main\java\org\mapdb\SerializerBase.java,589,52,593,10,1.0,1,1,1,1.0,1.0,5,5,1,0,0,1,6,0,0,3,4,0.0,0.0,0,0,0,2,0.0,0,1,1,0,0,1,5,5,0,0,0,0,1,0,1,0,2,1,0,2,0,5,5,0,0,0,0,1,0,1,0,2,1,0,2,0,0,0,15,0,0,0,10,0,0,0,0,0,5,0,0,0,0,0,0,0,0
457,L8570,SerializerBase$32,org.mapdb.SerializerBase$32,L7939,L103,C:\Users\domco\Desktop\DP\repos\mapdb\src\main\java\org\mapdb\SerializerBase.java,595,49,604,10,0.0,0,0,0,0.0,0.0,0,0,2,0,0,2,5,0,0,2,4,0.0,0.0,0,0,0,3,0.0,0,1,1,0,0,1,9,10,0,0,0,0,2,0,2,0,3,2,0,3,0,9,10,0,0,0,0,2,0,2,0,3,2,0,3,0,0,0,8,0,0,0,0,0,1,0,0,0,7,0,0,0,0,0,0,0,0
458,L8580,SerializerBase$33,org.mapdb.SerializerBase$33,L7939,L103,C:\Users\domco\Desktop\DP\repos\mapdb\src\main\java\org\mapdb\SerializerBase.java,606,63,612,10,0.0,0,0,0,0.0,0.0,0,0,1,0,0,1,3,0,0,1,2,0.0,0.0,0,0,0,2,0.0,0,1,1,0,0,1,7,7,0,0,0,0,1,0,1,0,2,3,0,2,0,7,7,0,0,0,0,1,0,1,0,2,3,0,2,0,0,0,5,0,0,0,0,0,0,0,0,0,5,0,0,0,0,0,0,0,0
459,L8593,SerializerBase$34,org.mapdb.SerializerBase$34,L7939,L103,C:\Users\domco\Desktop\DP\repos\mapdb\src\main\java\org\mapdb\SerializerBase.java,622,57,629,10,1.0,2,7,2,1.0,1.0,8,8,1,1,1,2,3,0,0,1,2,0.0,0.0,0,0,0,2,0.0,0,1,1,0,0,1,8,8,0,0,0,0,1,0,1,0,2,6,0,2,0,8,8,0,0,0,0,1,0,1,0,2,6,0,2,0,0,0,15,0,1,0,10,1,0,0,0,0,5,0,0,0,0,0,0,0,0
460,L8601,SerializerBase$35,org.mapdb.SerializerBase$35,L7939,L103,C:\Users\domco\Desktop\DP\repos\mapdb\src\main\java\org\mapdb\SerializerBase.java,631,58,638,10,1.0,2,7,2,1.0,1.0,8,8,1,1,1,2,3,0,0,1,2,0.0,0.0,0,0,0,2,0.0,0,1,1,0,0,1,8,8,0,0,0,0,1,0,1,0,2,6,0,2,0,8,8,0,0,0,0,1,0,1,0,2,6,0,2,0,0,0,15,0,1,0,10,1,0,0,0,0,5,0,0,0,0,0,0,0,0
461,L8609,SerializerBase$36,org.mapdb.SerializerBase$36,L7939,L103,C:\Users\domco\Desktop\DP\repos\mapdb\src\main\java\org\mapdb\SerializerBase.java,641,59,648,10,1.0,1,4,1,1.0,1.0,8,8,1,1,1,2,3,0,0,1,2,0.0,0.0,0,0,0,2,0.0,0,1,1,0,0,1,8,8,0,0,0,0,1,0,1,0,2,6,0,2,0,8,8,0,0,0,0,1,0,1,0,2,6,0,2,0,0,0,15,0,1,0,10,1,0,0,0,0,5,0,0,0,0,0,0,0,0
462,L8617,SerializerBase$37,org.mapdb.SerializerBase$37,L7939,L103,C:\Users\domco\Desktop\DP\repos\mapdb\src\main\java\org\mapdb\SerializerBase.java,651,58,658,10,1.0,1,3,1,1.0,1.0,8,8,1,1,1,2,3,0,0,1,2,0.0,0.0,0,0,0,2,0.0,0,1,1,0,0,1,8,8,0,0,0,0,1,0,1,0,2,6,0,2,0,8,8,0,0,0,0,1,0,1,0,2,6,0,2,0,0,0,15,0,1,0,10,1,0,0,0,0,5,0,0,0,0,0,0,0,0
463,L8625,SerializerBase$38,org.mapdb.SerializerBase$38,L7939,L103,C:\Users\domco\Desktop\DP\repos\mapdb\src\main\java\org\mapdb\SerializerBase.java,660,59,667,10,1.0,2,7,2,1.0,1.0,8,8,1,1,1,2,3,0,0,1,2,0.0,0.0,0,0,0,2,0.0,0,1,1,0,0,1,8,8,0,0,0,0,1,0,1,0,2,6,0,2,0,8,8,0,0,0,0,1,0,1,0,2,6,0,2,0,0,0,15,0,1,0,10,1,0,0,0,0,5,0,0,0,0,0,0,0,0
464,L8633,SerializerBase$39,org.mapdb.SerializerBase$39,L7939,L103,C:\Users\domco\Desktop\DP\repos\mapdb\src\main\java\org\mapdb\SerializerBase.java,669,57,676,10,1.0,1,4,1,1.0,1.0,8,8,1,1,1,2,3,0,0,1,2,0.0,0.0,0,0,0,2,0.0,0,1,1,0,0,1,8,8,0,0,0,0,1,0,1,0,2,6,0,2,0,8,8,0,0,0,0,1,0,1,0,2,6,0,2,0,0,0,15,0,1,0,10,1,0,0,0,0,5,0,0,0,0,0,0,0,0
465,L8641,SerializerBase$40,org.mapdb.SerializerBase$40,L7939,L103,C:\Users\domco\Desktop\DP\repos\mapdb\src\main\java\org\mapdb\SerializerBase.java,678,60,685,10,1.0,1,4,1,1.0,1.0,8,8,1,1,1,2,3,0,0,2,3,0.0,0.0,0,0,0,2,0.0,0,1,1,0,0,1,8,8,0,0,0,0,1,0,1,0,2,6,0,2,0,8,8,0,0,0,0,1,0,1,0,2,6,0,2,0,0,0,15,0,1,0,10,1,0,0,0,0,5,0,0,0,0,0,0,0,0
466,L8650,SerializerBase$41,org.mapdb.SerializerBase$41,L7939,L103,C:\Users\domco\Desktop\DP\repos\mapdb\src\main\java\org\mapdb\SerializerBase.java,695,64,701,10,0.0,0,0,0,0.0,0.0,0,0,1,0,0,1,4,0,0,2,3,0.0,0.0,0,0,0,2,0.0,0,1,1,0,0,1,7,7,0,0,0,0,1,0,1,0,2,3,0,2,0,7,7,0,0,0,0,1,0,1,0,2,3,0,2,0,0,0,5,0,1,0,0,1,0,0,0,0,5,0,0,0,0,0,0,0,0
467,L8662,SerializerBase$42,org.mapdb.SerializerBase$42,L7939,L103,C:\Users\domco\Desktop\DP\repos\mapdb\src\main\java\org\mapdb\SerializerBase.java,702,63,713,10,0.0,0,0,0,0.0,0.0,0,0,1,1,1,2,4,0,0,3,4,0.0,0.0833333,1,0,0,2,0.0833333,1,1,1,0,0,1,11,12,0,0,0,0,1,0,1,0,2,8,0,2,0,11,12,0,0,0,0,1,0,1,0,2,8,0,2,0,0,0,5,0,1,0,0,1,0,0,0,0,5,0,0,0,0,0,0,0,0
468,L8670,SerializerBase$43,org.mapdb.SerializerBase$43,L7939,L103,C:\Users\domco\Desktop\DP\repos\mapdb\src\main\java\org\mapdb\SerializerBase.java,715,56,723,10,0.0,0,0,0,0.0,0.0,0,0,2,0,0,2,3,0,0,1,3,0.0,0.0,0,0,0,3,0.0,0,1,1,0,0,1,8,9,0,0,0,0,2,0,2,0,3,2,0,3,0,8,9,0,0,0,0,2,0,2,0,3,2,0,3,0,0,0,8,0,0,0,0,0,1,0,0,0,7,0,0,0,0,0,0,0,0
469,L8679,SerializerBase$44,org.mapdb.SerializerBase$44,L7939,L103,C:\Users\domco\Desktop\DP\repos\mapdb\src\main\java\org\mapdb\SerializerBase.java,725,53,733,10,1.0,4,4,4,1.0,1.0,9,8,2,0,0,2,3,0,0,1,3,0.0,0.0,0,0,0,3,0.0,0,1,1,0,0,1,8,9,0,0,0,0,2,0,2,0,3,2,0,3,0,8,9,0,0,0,0,2,0,2,0,3,2,0,3,0,0,0,23,0,0,0,15,0,1,0,0,0,7,0,0,0,0,0,0,0,0
470,L8688,SerializerBase$45,org.mapdb.SerializerBase$45,L7939,L103,C:\Users\domco\Desktop\DP\repos\mapdb\src\main\java\org\mapdb\SerializerBase.java,735,56,742,10,1.0,4,4,4,1.0,1.0,8,8,2,0,0,2,3,0,0,1,3,0.0,0.0,0,0,0,3,0.0,0,1,1,0,0,1,8,8,0,0,0,0,2,0,2,0,3,2,0,3,0,8,8,0,0,0,0,2,0,2,0,3,2,0,3,0,0,0,23,0,0,0,15,0,1,0,0,0,7,0,0,0,0,0,0,0,0
471,L8697,SerializerBase$46,org.mapdb.SerializerBase$46,L7939,L103,C:\Users\domco\Desktop\DP\repos\mapdb\src\main\java\org\mapdb\SerializerBase.java,744,54,751,10,1.0,4,4,4,1.0,1.0,8,8,2,0,0,2,3,0,0,1,3,0.0,0.0,0,0,0,3,0.0,0,1,1,0,0,1,8,8,0,0,0,0,2,0,2,0,3,2,0,3,0,8,8,0,0,0,0,2,0,2,0,3,2,0,3,0,0,0,23,0,0,0,15,0,1,0,0,0,7,0,0,0,0,0,0,0,0
472,L8706,SerializerBase$47,org.mapdb.SerializerBase$47,L7939,L103,C:\Users\domco\Desktop\DP\repos\mapdb\src\main\java\org\mapdb\SerializerBase.java,753,51,760,10,1.0,4,4,4,1.0,1.0,8,8,2,0,0,2,3,0,0,1,3,0.0,0.0,0,0,0,3,0.0,0,1,1,0,0,1,8,8,0,0,0,0,2,0,2,0,3,2,0,3,0,8,8,0,0,0,0,2,0,2,0,3,2,0,3,0,0,0,23,0,0,0,15,0,1,0,0,0,7,0,0,0,0,0,0,0,0
473,L8715,SerializerBase$48,org.mapdb.SerializerBase$48,L7939,L103,C:\Users\domco\Desktop\DP\repos\mapdb\src\main\java\org\mapdb\SerializerBase.java,762,51,769,10,1.0,4,4,4,1.0,1.0,8,8,2,0,0,2,3,0,0,1,3,0.0,0.0,0,0,0,3,0.0,0,1,1,0,0,1,8,8,0,0,0,0,2,0,2,0,3,2,0,3,0,8,8,0,0,0,0,2,0,2,0,3,2,0,3,0,0,0,23,0,0,0,15,0,1,0,0,0,7,0,0,0,0,0,0,0,0
474,L8724,SerializerBase$49,org.mapdb.SerializerBase$49,L7939,L103,C:\Users\domco\Desktop\DP\repos\mapdb\src\main\java\org\mapdb\SerializerBase.java,771,57,778,10,1.0,4,4,4,1.0,1.0,8,8,2,0,0,2,3,0,0,1,3,0.0,0.0,0,0,0,3,0.0,0,1,1,0,0,1,8,8,0,0,0,0,2,0,2,0,3,2,0,3,0,8,8,0,0,0,0,2,0,2,0,3,2,0,3,0,0,0,23,0,0,0,15,0,1,0,0,0,7,0,0,0,0,0,0,0,0
475,L8733,SerializerBase$50,org.mapdb.SerializerBase$50,L7939,L103,C:\Users\domco\Desktop\DP\repos\mapdb\src\main\java\org\mapdb\SerializerBase.java,780,51,787,10,1.0,4,4,4,1.0,1.0,8,8,2,0,0,2,3,0,0,1,3,0.0,0.0,0,0,0,3,0.0,0,1,1,0,0,1,8,8,0,0,0,0,2,0,2,0,3,2,0,3,0,8,8,0,0,0,0,2,0,2,0,3,2,0,3,0,0,0,23,0,0,0,15,0,1,0,0,0,7,0,0,0,0,0,0,0,0
476,L8742,SerializerBase$51,org.mapdb.SerializerBase$51,L7939,L103,C:\Users\domco\Desktop\DP\repos\mapdb\src\main\java\org\mapdb\SerializerBase.java,789,51,796,10,1.0,4,4,4,1.0,1.0,8,8,2,0,0,2,3,0,0,1,3,0.0,0.0,0,0,0,3,0.0,0,1,1,0,0,1,8,8,0,0,0,0,2,0,2,0,3,2,0,3,0,8,8,0,0,0,0,2,0,2,0,3,2,0,3,0,0,0,23,0,0,0,15,0,1,0,0,0,7,0,0,0,0,0,0,0,0
477,L8751,SerializerBase$52,org.mapdb.SerializerBase$52,L7939,L103,C:\Users\domco\Desktop\DP\repos\mapdb\src\main\java\org\mapdb\SerializerBase.java,798,57,805,10,1.0,3,3,3,1.0,1.0,8,8,2,0,0,2,3,0,0,1,3,0.0,0.0,0,0,0,3,0.0,0,1,1,0,0,1,8,8,0,0,0,0,2,0,2,0,3,2,0,3,0,8,8,0,0,0,0,2,0,2,0,3,2,0,3,0,0,0,23,0,0,0,15,0,1,0,0,0,7,0,0,0,0,0,0,0,0
478,L8760,SerializerBase$53,org.mapdb.SerializerBase$53,L7939,L103,C:\Users\domco\Desktop\DP\repos\mapdb\src\main\java\org\mapdb\SerializerBase.java,807,54,814,10,1.0,2,2,2,1.0,1.0,8,8,2,0,0,2,3,0,0,1,3,0.0,0.0,0,0,0,3,0.0,0,1,1,0,0,1,8,8,0,0,0,0,2,0,2,0,3,2,0,3,0,8,8,0,0,0,0,2,0,2,0,3,2,0,3,0,0,0,23,0,0,0,15,0,1,0,0,0,7,0,0,0,0,0,0,0,0
479,L8769,SerializerBase$54,org.mapdb.SerializerBase$54,L7939,L103,C:\Users\domco\Desktop\DP\repos\mapdb\src\main\java\org\mapdb\SerializerBase.java,816,48,823,10,0.0,0,0,0,0.0,0.0,0,0,2,0,0,2,4,0,0,1,3,0.0,0.0,0,0,0,3,0.0,0,1,1,0,0,1,8,8,0,0,0,0,2,0,2,0,3,2,0,3,0,8,8,0,0,0,0,2,0,2,0,3,2,0,3,0,0,0,8,0,0,0,0,0,1,0,0,0,7,0,0,0,0,0,0,0,0
480,L8777,SerializerBase$55,org.mapdb.SerializerBase$55,L7939,L103,C:\Users\domco\Desktop\DP\repos\mapdb\src\main\java\org\mapdb\SerializerBase.java,826,49,833,10,0.0,0,0,0,0.0,0.0,0,0,2,0,0,2,3,0,0,1,3,0.0,0.0,0,0,0,3,0.0,0,1,1,0,0,1,8,8,0,0,0,0,2,0,2,0,3,2,0,3,0,8,8,0,0,0,0,2,0,2,0,3,2,0,3,0,0,0,8,0,0,0,0,0,1,0,0,0,7,0,0,0,0,0,0,0,0
481,L9090,SerializerBase$73,org.mapdb.SerializerBase$73,L7943,L103,C:\Users\domco\Desktop\DP\repos\mapdb\src\main\java\org\mapdb\SerializerBase.java,1494,69,1504,14,1.0,1,1,1,1.0,1.0,11,10,2,0,0,2,4,0,0,1,3,0.0,0.0,0,0,0,3,0.0,0,1,1,0,0,1,10,11,0,0,0,0,2,0,2,0,3,2,0,3,0,10,11,0,0,0,0,2,0,2,0,3,2,0,3,0,0,0,23,0,0,0,15,0,1,0,0,0,7,0,0,0,0,0,0,0,0
482,L9098,SerializerBase$74,org.mapdb.SerializerBase$74,L7943,L103,C:\Users\domco\Desktop\DP\repos\mapdb\src\main\java\org\mapdb\SerializerBase.java,1506,64,1511,14,0.0,0,0,0,0.0,0.0,0,0,1,0,0,1,2,0,0,0,1,0.0,0.0,0,0,0,2,0.0,0,1,1,0,0,1,6,6,0,0,0,0,1,0,1,0,2,1,0,2,0,6,6,0,0,0,0,1,0,1,0,2,1,0,2,0,0,0,5,0,0,0,0,0,0,0,0,0,5,0,0,0,0,0,0,0,0
483,L9104,SerializerBase$75,org.mapdb.SerializerBase$75,L7943,L103,C:\Users\domco\Desktop\DP\repos\mapdb\src\main\java\org\mapdb\SerializerBase.java,1514,76,1519,14,0.0,0,0,0,0.0,0.0,0,0,1,0,0,1,4,0,0,1,2,0.0,0.0,0,0,0,2,0.0,0,1,1,0,0,1,6,6,0,0,0,0,1,0,1,0,2,1,0,2,0,6,6,0,0,0,0,1,0,1,0,2,1,0,2,0,0,0,5,0,0,0,0,0,0,0,0,0,5,0,0,0,0,0,0,0,0
484,L9111,SerializerBase$76,org.mapdb.SerializerBase$76,L7943,L103,C:\Users\domco\Desktop\DP\repos\mapdb\src\main\java\org\mapdb\SerializerBase.java,1522,65,1532,14,1.0,1,1,1,1.0,1.0,11,10,2,0,0,2,4,0,0,1,3,0.0,0.0,0,0,0,3,0.0,0,1,1,0,0,1,10,11,0,0,0,0,2,0,2,0,3,2,0,3,0,10,11,0,0,0,0,2,0,2,0,3,2,0,3,0,0,0,23,0,0,0,15,0,1,0,0,0,7,0,0,0,0,0,0,0,0
485,L9119,SerializerBase$77,org.mapdb.SerializerBase$77,L7943,L103,C:\Users\domco\Desktop\DP\repos\mapdb\src\main\java\org\mapdb\SerializerBase.java,1535,79,1545,14,1.0,1,1,1,1.0,1.0,11,10,2,0,0,2,3,0,0,1,3,0.0,0.0,0,0,0,3,0.0,0,1,1,0,0,1,10,11,0,0,0,0,2,0,2,0,3,2,0,3,0,10,11,0,0,0,0,2,0,2,0,3,2,0,3,0,0,0,23,0,0,0,15,0,1,0,0,0,7,0,0,0,0,0,0,0,0
486,L9130,SerializerBase$78,org.mapdb.SerializerBase$78,L7943,L103,C:\Users\domco\Desktop\DP\repos\mapdb\src\main\java\org\mapdb\SerializerBase.java,1552,79,1557,14,0.0,0,0,0,0.0,0.0,0,0,1,0,0,1,4,0,0,1,2,0.0,0.0,0,0,0,2,0.0,0,1,1,0,0,1,6,6,0,0,0,0,1,0,1,0,2,1,0,2,0,6,6,0,0,0,0,1,0,1,0,2,1,0,2,0,0,0,5,0,0,0,0,0,0,0,0,0,5,0,0,0,0,0,0,0,0
487,L9137,SerializerBase$79,org.mapdb.SerializerBase$79,L7943,L103,C:\Users\domco\Desktop\DP\repos\mapdb\src\main\java\org\mapdb\SerializerBase.java,1559,65,1569,14,1.0,1,1,1,1.0,1.0,11,10,2,0,0,2,3,0,0,1,3,0.0,0.0,0,0,0,3,0.0,0,1,1,0,0,1,10,11,0,0,0,0,2,0,2,0,3,2,0,3,0,10,11,0,0,0,0,2,0,2,0,3,2,0,3,0,0,0,23,0,0,0,15,0,1,0,0,0,7,0,0,0,0,0,0,0,0
488,L9649,Store$1,org.mapdb.Store$1,L9609,L103,C:\Users\domco\Desktop\DP\repos\mapdb\src\main\java\org\mapdb\Store.java,96,66,101,10,0.0,0,0,0,0.0,0.0,0,0,1,0,0,1,1,0,0,0,1,0.0,0.0,0,0,0,1,0.0,0,0,0,0,0,0,6,6,0,0,0,0,1,0,0,0,1,1,0,0,0,6,6,0,0,0,0,1,0,0,0,1,1,0,0,0,0,0,5,0,0,0,0,0,0,0,0,0,5,0,0,0,0,0,0,0,0
489,L9783,Store$Cache$1,org.mapdb.Store$Cache$1,L5211,L103,C:\Users\domco\Desktop\DP\repos\mapdb\src\main\java\org\mapdb\Store.java,480,40,502,10,0.0,0,0,0,0.0,0.0,0,0,5,0,0,5,1,0,0,0,5,0.0,0.0,0,0,0,6,0.0,0,1,1,0,0,1,19,23,2,0,0,0,5,0,5,0,5,2,2,5,0,19,23,2,0,0,0,5,0,5,0,5,2,2,5,0,0,0,16,1,3,0,0,0,1,0,0,0,13,3,1,0,0,0,0,2,0
490,L5218,Store$Cache$HashTable,org.mapdb.Store$Cache$HashTable,L5211,L103,C:\Users\domco\Desktop\DP\repos\mapdb\src\main\java\org\mapdb\Store.java,522,9,604,10,0.0,0,0,0,0.0,0.0,0,0,1,2,2,16,3,3,2,2,9,0.142857,0.179487,14,12,1,6,0.179487,14,1,1,0,0,1,64,83,7,0,5,0,7,0,6,0,7,32,2,6,0,64,83,7,0,5,0,7,0,6,0,7,32,2,6,0,0,1,19,1,18,2,0,15,0,0,0,0,17,0,3,0,0,0,0,2,0
491,L5228,Store$Cache$WeakSoftRef,org.mapdb.Store$Cache$WeakSoftRef,L5211,L103,C:\Users\domco\Desktop\DP\repos\mapdb\src\main\java\org\mapdb\Store.java,613,5,760,6,0.0,0,0,0,0.0,0.0,0,0,1,2,2,25,7,2,1,9,16,0.142857,0.0833333,8,6,1,6,0.0650406,8,1,1,0,0,1,88,115,8,0,6,0,7,0,6,0,7,48,2,6,0,115,148,10,3,8,3,14,0,13,0,18,54,2,17,0,0,0,43,3,28,1,0,23,0,0,0,0,40,0,6,0,0,1,0,3,0
492,L5223,Store$Cache$HardRef,org.mapdb.Store$Cache$HardRef,L5211,L103,C:\Users\domco\Desktop\DP\repos\mapdb\src\main\java\org\mapdb\Store.java,768,5,865,6,0.102484,1,3,1,0.112245,0.139241,11,11,1,2,2,24,4,2,1,4,11,0.142857,0.102273,9,6,1,6,0.102273,9,1,1,0,0,1,79,98,7,0,5,0,7,0,6,0,7,44,2,6,0,79,98,7,0,5,0,7,0,6,0,7,44,2,6,0,0,1,27,1,22,1,8,18,0,0,0,0,17,0,5,0,0,0,0,2,0
493,L5233,Store$Cache$LRU,org.mapdb.Store$Cache$LRU,L5211,L103,C:\Users\domco\Desktop\DP\repos\mapdb\src\main\java\org\mapdb\Store.java,867,9,940,10,0.156398,1,3,1,0.148649,0.183333,11,11,1,3,3,17,2,2,1,0,6,0.0,0.0322581,2,1,0,7,0.0322581,2,1,1,0,0,1,60,74,5,0,3,0,6,0,6,0,6,30,2,6,0,60,74,5,0,3,0,6,0,6,0,6,30,2,6,0,0,1,27,2,17,2,10,14,0,0,0,0,15,0,4,0,0,0,0,2,0
494,L11206,Volume$1,org.mapdb.Volume$1,L5274,L103,C:\Users\domco\Desktop\DP\repos\mapdb\src\main\java\org\mapdb\Volume.java,249,52,255,10,0.0,0,0,0,0.0,0.0,0,0,1,0,0,1,3,0,0,1,2,0.0,0.0,0,0,0,2,0.0,0,1,1,0,0,1,7,7,0,0,0,0,1,0,1,0,1,1,0,1,0,7,7,0,0,0,0,1,0,1,0,1,1,0,1,0,0,0,5,0,0,0,0,0,0,0,0,0,5,0,0,0,0,0,0,0,1.0
495,L11214,Volume$2,org.mapdb.Volume$2,L5268,L103,C:\Users\domco\Desktop\DP\repos\mapdb\src\main\java\org\mapdb\Volume.java,265,51,273,10,0.0,0,0,0,0.0,0.0,0,0,1,0,0,2,5,0,0,2,3,0.0,0.0,0,0,0,2,0.0,0,1,1,0,0,1,8,9,0,0,0,0,1,0,1,0,1,1,0,1,0,8,9,0,0,0,0,1,0,1,0,1,1,0,1,0,0,0,5,0,0,0,0,0,0,0,0,0,5,0,0,0,0,0,0,0,1.0
496,L11225,Volume$3,org.mapdb.Volume$3,L5271,L103,C:\Users\domco\Desktop\DP\repos\mapdb\src\main\java\org\mapdb\Volume.java,277,51,285,10,0.0,0,0,0,0.0,0.0,0,0,1,0,0,2,5,0,0,3,4,0.0,0.0,0,0,0,2,0.0,0,1,1,0,0,1,8,9,0,0,0,0,1,0,1,0,1,1,0,1,0,8,9,0,0,0,0,1,0,1,0,1,1,0,1,0,0,0,5,0,0,0,0,0,0,0,0,0,5,0,0,0,0,0,0,0,0
497,L11951,Volume$UnsafeVolume$DataInputUnsafe,org.mapdb.Volume$UnsafeVolume$DataInputUnsafe,L11230,L103,C:\Users\domco\Desktop\DP\repos\mapdb\src\main\java\org\mapdb\Volume.java,2310,9,2513,10,0.436102,4,12,5,0.323529,0.3625,66,58,4,2,2,32,3,1,1,2,27,0.0,0.0751445,13,0,0,26,0.0751445,13,1,1,0,0,1,160,204,2,1,2,1,25,0,25,1,25,80,0,25,1,160,204,2,1,2,1,25,0,25,1,25,80,0,25,1,0,0,89,1,5,1,34,3,1,0,0,0,51,1,1,0,0,0,0,3,0
498,L12064,AtomicBooleanTest$1,org.mapdb.AtomicBooleanTest$1,L12058,L103,C:\Users\domco\Desktop\DP\repos\mapdb\src\test\java\org\mapdb\AtomicBooleanTest.java,77,46,80,15,0.0,0,0,0,0.0,0.0,0,0,1,1,1,2,2,0,0,1,2,0.0,0.0,0,0,0,2,0.0,0,0,0,0,0,0,4,4,0,0,0,0,1,0,1,0,1,2,0,1,0,4,4,0,0,0,0,1,0,1,0,1,2,0,1,0,0,0,5,0,1,0,0,1,0,0,0,0,5,0,0,0,0,0,0,0,0
499,L12099,AtomicIntegerTest$1,org.mapdb.AtomicIntegerTest$1,L12095,L103,C:\Users\domco\Desktop\DP\repos\mapdb\src\test\java\org\mapdb\AtomicIntegerTest.java,74,46,77,15,1.0,1,2,1,1.0,1.0,4,4,1,1,1,2,2,0,0,1,2,0.0,0.0,0,0,0,2,0.0,0,0,0,0,0,0,4,4,0,0,0,0,1,0,1,0,1,2,0,1,0,4,4,0,0,0,0,1,0,1,0,1,2,0,1,0,0,0,15,0,1,0,10,1,0,0,0,0,5,0,0,0,0,0,0,0,0
500,L12154,AtomicLongTest$1,org.mapdb.AtomicLongTest$1,L12150,L103,C:\Users\domco\Desktop\DP\repos\mapdb\src\test\java\org\mapdb\AtomicLongTest.java,72,46,75,15,1.0,1,2,1,1.0,1.0,4,4,1,1,1,2,2,0,0,1,2,0.0,0.0,0,0,0,2,0.0,0,0,0,0,0,0,4,4,0,0,0,0,1,0,1,0,1,2,0,1,0,4,4,0,0,0,0,1,0,1,0,1,2,0,1,0,0,0,15,0,1,0,10,1,0,0,0,0,5,0,0,0,0,0,0,0,0
501,L12209,BindTest$1,org.mapdb.BindTest$1,L12202,L103,C:\Users\domco\Desktop\DP\repos\mapdb\src\test\java\org\mapdb\BindTest.java,47,79,52,10,1.0,1,1,1,1.0,1.0,6,6,1,0,0,1,2,0,0,1,2,0.0,0.0,0,0,0,2,0.0,0,1,1,0,0,1,6,6,0,0,0,0,1,0,1,0,1,1,0,1,0,6,6,0,0,0,0,1,0,1,0,1,1,0,1,0,0,0,15,0,0,0,10,0,0,0,0,0,5,0,0,0,0,0,0,0,0
502,L12220,BindTest$2,org.mapdb.BindTest$2,L12216,L103,C:\Users\domco\Desktop\DP\repos\mapdb\src\test\java\org\mapdb\BindTest.java,94,77,99,10,1.0,1,1,1,1.0,1.0,6,6,1,0,0,1,2,0,0,1,2,0.0,0.0,0,0,0,2,0.0,0,1,1,0,0,1,6,6,0,0,0,0,1,0,1,0,1,1,0,1,0,6,6,0,0,0,0,1,0,1,0,1,1,0,1,0,0,0,15,0,0,0,10,0,0,0,0,0,5,0,0,0,0,0,0,0,0
503,L12233,BindTest$3,org.mapdb.BindTest$3,L12225,L103,C:\Users\domco\Desktop\DP\repos\mapdb\src\test\java\org\mapdb\BindTest.java,149,61,156,10,0.0,0,0,0,0.0,0.0,0,0,1,0,0,1,2,0,0,0,1,0.0,0.0,0,0,0,2,0.0,0,1,1,0,0,1,8,8,0,0,0,0,1,0,1,0,1,3,0,1,0,8,8,0,0,0,0,1,0,1,0,1,3,0,1,0,0,0,5,0,0,0,0,0,0,0,0,0,5,0,0,0,0,0,0,0,0
504,L12326,BTreeKeySerializerTest$1,org.mapdb.BTreeKeySerializerTest$1,L12322,L103,C:\Users\domco\Desktop\DP\repos\mapdb\src\test\java\org\mapdb\BTreeKeySerializerTest.java,199,74,205,10,0.0,0,0,0,0.0,0.0,0,0,1,0,0,1,3,0,0,0,1,0.0,0.0,0,0,0,2,0.0,0,1,1,0,0,1,6,7,0,0,0,0,1,0,1,0,1,1,0,1,0,6,7,0,0,0,0,1,0,1,0,1,1,0,1,0,0,0,5,0,0,0,0,0,0,0,0,0,5,0,0,0,0,0,0,0,0
505,L12331,BTreeKeySerializerTest$2,org.mapdb.BTreeKeySerializerTest$2,L12328,L103,C:\Users\domco\Desktop\DP\repos\mapdb\src\test\java\org\mapdb\BTreeKeySerializerTest.java,210,71,216,10,0.0,0,0,0,0.0,0.0,0,0,1,0,0,1,3,0,0,0,1,0.0,0.0,0,0,0,2,0.0,0,1,1,0,0,1,6,7,0,0,0,0,1,0,1,0,1,1,0,1,0,6,7,0,0,0,0,1,0,1,0,1,1,0,1,0,0,0,5,0,0,0,0,0,0,0,0,0,5,0,0,0,0,0,0,0,0
506,L12336,BTreeKeySerializerTest$3,org.mapdb.BTreeKeySerializerTest$3,L12333,L103,C:\Users\domco\Desktop\DP\repos\mapdb\src\test\java\org\mapdb\BTreeKeySerializerTest.java,221,71,227,10,0.0,0,0,0,0.0,0.0,0,0,1,0,0,1,3,0,0,0,1,0.0,0.0,0,0,0,2,0.0,0,1,1,0,0,1,6,7,0,0,0,0,1,0,1,0,1,1,0,1,0,6,7,0,0,0,0,1,0,1,0,1,1,0,1,0,0,0,5,0,0,0,0,0,0,0,0,0,5,0,0,0,0,0,0,0,0
507,L12341,BTreeKeySerializerTest$4,org.mapdb.BTreeKeySerializerTest$4,L12338,L103,C:\Users\domco\Desktop\DP\repos\mapdb\src\test\java\org\mapdb\BTreeKeySerializerTest.java,232,72,238,10,0.0,0,0,0,0.0,0.0,0,0,1,0,0,1,3,0,0,0,1,0.0,0.0,0,0,0,2,0.0,0,1,1,0,0,1,6,7,0,0,0,0,1,0,1,0,1,1,0,1,0,6,7,0,0,0,0,1,0,1,0,1,1,0,1,0,0,0,5,0,0,0,0,0,0,0,0,0,5,0,0,0,0,0,0,0,0
508,L12346,BTreeKeySerializerTest$5,org.mapdb.BTreeKeySerializerTest$5,L12343,L103,C:\Users\domco\Desktop\DP\repos\mapdb\src\test\java\org\mapdb\BTreeKeySerializerTest.java,242,74,249,10,1.0,1,1,1,1.0,1.0,8,7,1,0,0,1,4,0,0,1,2,0.0,0.0,0,0,0,2,0.0,0,1,1,0,0,1,7,8,0,0,0,0,1,0,1,0,1,2,0,1,0,7,8,0,0,0,0,1,0,1,0,1,2,0,1,0,0,0,15,0,0,0,10,0,0,0,0,0,5,0,0,0,0,0,0,0,0
509,L12353,BTreeKeySerializerTest$6,org.mapdb.BTreeKeySerializerTest$6,L12350,L103,C:\Users\domco\Desktop\DP\repos\mapdb\src\test\java\org\mapdb\BTreeKeySerializerTest.java,254,73,261,10,1.0,1,1,1,1.0,1.0,8,7,1,0,0,1,4,0,0,1,2,0.0,0.0,0,0,0,2,0.0,0,1,1,0,0,1,7,8,0,0,0,0,1,0,1,0,1,2,0,1,0,7,8,0,0,0,0,1,0,1,0,1,2,0,1,0,0,0,15,0,0,0,10,0,0,0,0,0,5,0,0,0,0,0,0,0,0
510,L12358,BTreeKeySerializerTest$7,org.mapdb.BTreeKeySerializerTest$7,L12355,L103,C:\Users\domco\Desktop\DP\repos\mapdb\src\test\java\org\mapdb\BTreeKeySerializerTest.java,266,73,273,10,1.0,1,1,1,1.0,1.0,8,7,1,0,0,1,4,0,0,1,2,0.0,0.0,0,0,0,2,0.0,0,1,1,0,0,1,7,8,0,0,0,0,1,0,1,0,1,2,0,1,0,7,8,0,0,0,0,1,0,1,0,1,2,0,1,0,0,0,15,0,0,0,10,0,0,0,0,0,5,0,0,0,0,0,0,0,0
511,L12363,BTreeKeySerializerTest$8,org.mapdb.BTreeKeySerializerTest$8,L12360,L103,C:\Users\domco\Desktop\DP\repos\mapdb\src\test\java\org\mapdb\BTreeKeySerializerTest.java,277,74,284,10,1.0,1,1,1,1.0,1.0,8,7,1,0,0,1,4,0,0,1,2,0.0,0.0,0,0,0,2,0.0,0,1,1,0,0,1,7,8,0,0,0,0,1,0,1,0,1,2,0,1,0,7,8,0,0,0,0,1,0,1,0,1,2,0,1,0,0,0,15,0,0,0,10,0,0,0,0,0,5,0,0,0,0,0,0,0,0
512,L12368,BTreeKeySerializerTest$9,org.mapdb.BTreeKeySerializerTest$9,L12365,L103,C:\Users\domco\Desktop\DP\repos\mapdb\src\test\java\org\mapdb\BTreeKeySerializerTest.java,288,73,295,10,1.0,1,1,1,1.0,1.0,8,7,1,0,0,1,4,0,0,1,2,0.0,0.0,0,0,0,2,0.0,0,1,1,0,0,1,7,8,0,0,0,0,1,0,1,0,1,2,0,1,0,7,8,0,0,0,0,1,0,1,0,1,2,0,1,0,0,0,15,0,0,0,10,0,0,0,0,0,5,0,0,0,0,0,0,0,0
513,L12373,BTreeKeySerializerTest$10,org.mapdb.BTreeKeySerializerTest$10,L12370,L103,C:\Users\domco\Desktop\DP\repos\mapdb\src\test\java\org\mapdb\BTreeKeySerializerTest.java,299,74,306,10,1.0,1,1,1,1.0,1.0,8,7,1,0,0,1,4,0,0,1,2,0.0,0.0,0,0,0,2,0.0,0,1,1,0,0,1,7,8,0,0,0,0,1,0,1,0,1,2,0,1,0,7,8,0,0,0,0,1,0,1,0,1,2,0,1,0,0,0,15,0,0,0,10,0,0,0,0,0,5,0,0,0,0,0,0,0,0
514,L12379,BTreeKeySerializerTest$11,org.mapdb.BTreeKeySerializerTest$11,L12375,L103,C:\Users\domco\Desktop\DP\repos\mapdb\src\test\java\org\mapdb\BTreeKeySerializerTest.java,311,107,316,10,0.0,0,0,0,0.0,0.0,0,0,1,0,0,1,3,0,0,0,1,0.0,0.0,0,0,0,2,0.0,0,1,1,0,0,1,6,6,0,0,0,0,1,0,1,0,1,1,0,1,0,6,6,0,0,0,0,1,0,1,0,1,1,0,1,0,0,0,5,0,0,0,0,0,0,0,0,0,5,0,0,0,0,0,0,0,0
515,L12384,BTreeKeySerializerTest$12,org.mapdb.BTreeKeySerializerTest$12,L12381,L103,C:\Users\domco\Desktop\DP\repos\mapdb\src\test\java\org\mapdb\BTreeKeySerializerTest.java,320,106,325,10,0.0,0,0,0,0.0,0.0,0,0,1,0,0,1,3,0,0,1,2,0.0,0.0,0,0,0,2,0.0,0,1,1,0,0,1,6,6,0,0,0,0,1,0,1,0,1,1,0,1,0,6,6,0,0,0,0,1,0,1,0,1,1,0,1,0,0,0,5,0,0,0,0,0,0,0,0,0,5,0,0,0,0,0,0,0,0
516,L12389,BTreeKeySerializerTest$13,org.mapdb.BTreeKeySerializerTest$13,L12386,L103,C:\Users\domco\Desktop\DP\repos\mapdb\src\test\java\org\mapdb\BTreeKeySerializerTest.java,330,73,335,10,0.0,0,0,0,0.0,0.0,0,0,1,0,0,1,3,0,0,0,1,0.0,0.0,0,0,0,2,0.0,0,1,1,0,0,1,6,6,0,0,0,0,1,0,1,0,1,1,0,1,0,6,6,0,0,0,0,1,0,1,0,1,1,0,1,0,0,0,5,0,0,0,0,0,0,0,0,0,5,0,0,0,0,0,0,0,0
517,L12394,BTreeKeySerializerTest$14,org.mapdb.BTreeKeySerializerTest$14,L12391,L103,C:\Users\domco\Desktop\DP\repos\mapdb\src\test\java\org\mapdb\BTreeKeySerializerTest.java,339,73,344,10,0.0,0,0,0,0.0,0.0,0,0,1,0,0,1,3,0,0,0,1,0.0,0.0,0,0,0,2,0.0,0,1,1,0,0,1,6,6,0,0,0,0,1,0,1,0,1,1,0,1,0,6,6,0,0,0,0,1,0,1,0,1,1,0,1,0,0,0,5,0,0,0,0,0,0,0,0,0,5,0,0,0,0,0,0,0,0
518,L12399,BTreeKeySerializerTest$15,org.mapdb.BTreeKeySerializerTest$15,L12396,L103,C:\Users\domco\Desktop\DP\repos\mapdb\src\test\java\org\mapdb\BTreeKeySerializerTest.java,348,73,353,10,0.0,0,0,0,0.0,0.0,0,0,1,0,0,1,3,0,0,0,1,0.0,0.0,0,0,0,2,0.0,0,1,1,0,0,1,6,6,0,0,0,0,1,0,1,0,1,1,0,1,0,6,6,0,0,0,0,1,0,1,0,1,1,0,1,0,0,0,5,0,0,0,0,0,0,0,0,0,5,0,0,0,0,0,0,0,0
519,L12404,BTreeKeySerializerTest$16,org.mapdb.BTreeKeySerializerTest$16,L12401,L103,C:\Users\domco\Desktop\DP\repos\mapdb\src\test\java\org\mapdb\BTreeKeySerializerTest.java,357,73,362,10,0.0,0,0,0,0.0,0.0,0,0,1,0,0,1,3,0,0,0,1,0.0,0.0,0,0,0,2,0.0,0,1,1,0,0,1,6,6,0,0,0,0,1,0,1,0,1,1,0,1,0,6,6,0,0,0,0,1,0,1,0,1,1,0,1,0,0,0,5,0,0,0,0,0,0,0,0,0,5,0,0,0,0,0,0,0,0
520,L12409,BTreeKeySerializerTest$17,org.mapdb.BTreeKeySerializerTest$17,L12406,L103,C:\Users\domco\Desktop\DP\repos\mapdb\src\test\java\org\mapdb\BTreeKeySerializerTest.java,367,73,372,10,0.0,0,0,0,0.0,0.0,0,0,1,0,0,1,3,0,0,0,1,0.0,0.0,0,0,0,2,0.0,0,1,1,0,0,1,6,6,0,0,0,0,1,0,1,0,1,1,0,1,0,6,6,0,0,0,0,1,0,1,0,1,1,0,1,0,0,0,5,0,0,0,0,0,0,0,0,0,5,0,0,0,0,0,0,0,0
521,L12414,BTreeKeySerializerTest$18,org.mapdb.BTreeKeySerializerTest$18,L12411,L103,C:\Users\domco\Desktop\DP\repos\mapdb\src\test\java\org\mapdb\BTreeKeySerializerTest.java,376,73,381,10,0.0,0,0,0,0.0,0.0,0,0,1,0,0,1,3,0,0,0,1,0.0,0.0,0,0,0,2,0.0,0,1,1,0,0,1,6,6,0,0,0,0,1,0,1,0,1,1,0,1,0,6,6,0,0,0,0,1,0,1,0,1,1,0,1,0,0,0,5,0,0,0,0,0,0,0,0,0,5,0,0,0,0,0,0,0,0
522,L12922,BTreeMapParTest$1,org.mapdb.BTreeMapParTest$1,L12909,L103,C:\Users\domco\Desktop\DP\repos\mapdb\src\test\java\org\mapdb\BTreeMapParTest.java,29,51,39,10,0.0,0,0,0,0.0,0.0,0,0,1,1,1,2,1,0,0,0,1,0.0,0.0,0,0,0,2,0.0,0,0,0,0,0,0,10,11,0,0,0,0,1,0,1,0,1,6,0,1,0,10,11,0,0,0,0,1,0,1,0,1,6,0,1,0,0,0,5,0,0,0,0,0,0,0,0,0,5,0,0,0,0,0,0,0,0
523,L13180,BTreeMapTest$1,org.mapdb.BTreeMapTest$1,L13171,L103,C:\Users\domco\Desktop\DP\repos\mapdb\src\test\java\org\mapdb\BTreeMapTest.java,408,58,415,10,0.0,0,0,0,0.0,0.0,0,0,1,0,0,1,4,0,0,2,3,0.0,0.0,0,0,0,2,0.0,0,1,1,0,0,1,8,8,0,0,0,0,1,0,1,0,1,3,0,1,0,8,8,0,0,0,0,1,0,1,0,1,3,0,1,0,0,0,5,0,3,3,0,0,0,0,0,0,5,0,0,0,0,0,0,0,0
524,L13193,BTreeMapTest$2,org.mapdb.BTreeMapTest$2,L13190,L103,C:\Users\domco\Desktop\DP\repos\mapdb\src\test\java\org\mapdb\BTreeMapTest.java,443,32,450,10,0.0,0,0,0,0.0,0.0,0,0,1,1,1,2,1,0,0,1,2,0.0,0.0,0,0,0,2,0.0,0,0,0,0,0,0,8,8,0,0,0,0,1,0,1,0,1,4,0,1,0,8,8,0,0,0,0,1,0,1,0,1,4,0,1,0,0,0,5,0,0,0,0,0,0,0,0,0,5,0,0,0,0,0,0,0,0
525,L13202,BTreeMapTest$3,org.mapdb.BTreeMapTest$3,L13199,L103,C:\Users\domco\Desktop\DP\repos\mapdb\src\test\java\org\mapdb\BTreeMapTest.java,467,32,474,10,0.0,0,0,0,0.0,0.0,0,0,1,1,1,2,1,0,0,1,2,0.0,0.0,0,0,0,2,0.0,0,0,0,0,0,0,8,8,0,0,0,0,1,0,1,0,1,4,0,1,0,8,8,0,0,0,0,1,0,1,0,1,4,0,1,0,0,0,5,0,0,0,0,0,0,0,0,0,5,0,0,0,0,0,0,0,0
526,L14039,BTreeMapTest6$1ReferenceSet,org.mapdb.BTreeMapTest6$1ReferenceSet,L13993,L103,C:\Users\domco\Desktop\DP\repos\mapdb\src\test\java\org\mapdb\BTreeMapTest6.java,1162,9,1217,10,1.0,1,18,1,1.0,1.0,56,54,1,2,2,27,1,1,1,0,12,0.0,0.0181818,1,0,0,1,0.0181818,1,0,0,0,0,0,54,56,0,0,0,0,12,0,0,0,12,27,0,0,0,54,56,0,0,0,0,12,0,0,0,12,27,0,0,0,0,0,93,0,17,2,66,15,0,0,0,0,27,0,0,0,0,0,0,0,0
527,L14295,BTreeSet2Test$1ReferenceSet,org.mapdb.BTreeSet2Test$1ReferenceSet,L14251,L103,C:\Users\domco\Desktop\DP\repos\mapdb\src\test\java\org\mapdb\BTreeSet2Test.java,862,9,921,10,1.0,1,18,1,1.0,1.0,60,58,1,2,2,27,0,1,1,0,12,0.0,0.0169492,1,0,0,1,0.0169492,1,0,0,0,0,0,58,60,0,0,0,0,12,0,0,0,12,27,0,0,0,58,60,0,0,0,0,12,0,0,0,12,27,0,0,0,0,0,93,0,17,2,66,15,0,0,0,0,27,0,0,0,0,0,0,0,0
528,L14859,EngineTest$1,org.mapdb.EngineTest$1,L14856,L103,C:\Users\domco\Desktop\DP\repos\mapdb\src\test\java\org\mapdb\EngineTest.java,365,49,380,10,0.0,0,0,0,0.0,0.0,0,0,1,1,1,4,1,0,0,2,4,0.0,0.0,0,0,0,3,0.0,0,1,1,0,0,1,14,16,30,0,0,0,2,0,2,0,16,6,30,16,0,14,16,30,0,0,0,2,0,2,0,16,6,30,16,0,0,0,11,0,2,0,0,2,0,0,0,0,7,0,0,0,0,0,0,4,0
529,L14877,EngineTest$2,org.mapdb.EngineTest$2,L14866,L103,C:\Users\domco\Desktop\DP\repos\mapdb\src\test\java\org\mapdb\EngineTest.java,414,51,428,10,0.0,0,0,0,0.0,0.0,0,0,1,1,1,2,4,0,0,3,4,0.0,0.0,0,0,0,2,0.0,0,0,0,0,0,0,15,15,0,0,0,0,1,0,1,0,1,9,0,1,0,15,15,0,0,0,0,1,0,1,0,1,9,0,1,0,0,0,5,0,4,1,0,3,0,0,0,0,5,0,0,0,0,0,0,0,0
530,L14884,EngineTest$3,org.mapdb.EngineTest$3,L14881,L103,C:\Users\domco\Desktop\DP\repos\mapdb\src\test\java\org\mapdb\EngineTest.java,451,51,464,10,0.0,0,0,0,0.0,0.0,0,0,1,1,1,2,4,0,0,2,3,0.0,0.0,0,0,0,2,0.0,0,0,0,0,0,0,14,14,0,0,0,0,1,0,1,0,1,8,0,1,0,14,14,0,0,0,0,1,0,1,0,1,8,0,1,0,0,0,5,0,3,1,0,2,0,0,0,0,5,0,0,0,0,0,0,0,0
531,L14968,Exec$1,org.mapdb.Exec$1,L12914,L103,C:\Users\domco\Desktop\DP\repos\mapdb\src\test\java\org\mapdb\Exec.java,18,37,34,10,0.0,0,0,0,0.0,0.0,0,0,1,1,1,3,0,0,0,0,1,0.0,0.0,0,0,0,2,0.0,0,0,0,0,0,0,16,17,0,0,0,0,1,0,1,0,1,7,0,1,0,16,17,0,0,0,0,1,0,1,0,1,7,0,1,0,0,0,5,3,0,0,0,0,0,0,0,3,5,0,0,0,0,0,0,0,0
532,L15014,HTreeMap2Test$1,org.mapdb.HTreeMap2Test$1,L15011,L103,C:\Users\domco\Desktop\DP\repos\mapdb\src\test\java\org\mapdb\HTreeMap2Test.java,104,148,109,10,1.0,1,3,1,1.0,1.0,6,6,1,0,0,1,1,0,0,0,1,0.0,0.0,0,0,0,1,0.0,0,2,2,0,0,1,6,6,32,5,0,0,1,0,0,0,46,1,0,25,0,6,6,32,5,0,0,1,0,0,0,46,1,0,25,0,0,0,17,0,0,0,10,0,0,0,0,0,5,0,0,0,0,0,0,2,0
533,L15035,HTreeMap2Test$2,org.mapdb.HTreeMap2Test$2,L15032,L103,C:\Users\domco\Desktop\DP\repos\mapdb\src\test\java\org\mapdb\HTreeMap2Test.java,125,148,130,10,0.0,0,0,0,0.0,0.0,0,0,1,0,0,1,1,0,0,0,1,0.0,0.0,0,0,0,1,0.0,0,2,2,0,0,1,6,6,32,5,0,0,1,0,0,0,46,1,0,25,0,6,6,32,5,0,0,1,0,0,0,46,1,0,25,0,0,0,7,0,0,0,0,0,0,0,0,0,5,0,0,0,0,0,0,2,0
534,L15056,HTreeMap2Test$3,org.mapdb.HTreeMap2Test$3,L15053,L103,C:\Users\domco\Desktop\DP\repos\mapdb\src\test\java\org\mapdb\HTreeMap2Test.java,201,148,206,10,1.0,1,3,1,1.0,1.0,6,6,1,0,0,1,1,0,0,0,1,0.0,0.0,0,0,0,1,0.0,0,2,2,0,0,1,6,6,32,5,0,0,1,0,0,0,46,1,0,25,0,6,6,32,5,0,0,1,0,0,0,46,1,0,25,0,0,0,17,0,0,0,10,0,0,0,0,0,5,0,0,0,0,0,0,2,0
535,L15078,HTreeMap2Test$4,org.mapdb.HTreeMap2Test$4,L15075,L103,C:\Users\domco\Desktop\DP\repos\mapdb\src\test\java\org\mapdb\HTreeMap2Test.java,240,148,245,10,0.0,0,0,0,0.0,0.0,0,0,1,0,0,1,1,0,0,0,1,0.0,0.0,0,0,0,1,0.0,0,2,2,0,0,1,6,6,32,5,0,0,1,0,0,0,46,1,0,25,0,6,6,32,5,0,0,1,0,0,0,46,1,0,25,0,0,0,7,0,0,0,0,0,0,0,0,0,5,0,0,0,0,0,0,2,0
536,L15126,HTreeMap2Test$5,org.mapdb.HTreeMap2Test$5,L15122,L103,C:\Users\domco\Desktop\DP\repos\mapdb\src\test\java\org\mapdb\HTreeMap2Test.java,528,58,536,10,0.0,0,0,0,0.0,0.0,0,0,1,1,1,2,3,0,0,0,1,0.0,0.0,0,0,0,2,0.0,0,1,1,0,0,1,9,9,0,0,0,0,1,0,1,0,1,5,0,1,0,9,9,0,0,0,0,1,0,1,0,1,5,0,1,0,0,0,5,0,1,1,0,0,0,0,0,0,5,0,0,0,0,0,0,0,0
537,L15156,HTreeMap2Test$6,org.mapdb.HTreeMap2Test$6,L15150,L103,C:\Users\domco\Desktop\DP\repos\mapdb\src\test\java\org\mapdb\HTreeMap2Test.java,666,94,671,10,0.0,0,0,0,0.0,0.0,0,0,1,0,0,1,2,0,0,0,1,0.0,0.0,0,0,0,2,0.0,0,1,1,0,0,1,6,6,0,0,0,0,1,0,1,0,1,1,0,1,0,6,6,0,0,0,0,1,0,1,0,1,1,0,1,0,0,0,5,0,0,0,0,0,0,0,0,0,5,0,0,0,0,0,0,0,1.0
538,L15170,HTreeMap2Test$7,org.mapdb.HTreeMap2Test$7,L15159,L103,C:\Users\domco\Desktop\DP\repos\mapdb\src\test\java\org\mapdb\HTreeMap2Test.java,685,74,690,18,1.0,1,1,1,1.0,1.0,6,6,1,0,0,1,2,0,0,0,1,0.0,0.0,0,0,0,2,0.0,0,1,1,0,0,1,6,6,0,0,0,0,1,0,1,0,1,1,0,1,0,6,6,0,0,0,0,1,0,1,0,1,1,0,1,0,0,0,15,0,0,0,10,0,0,0,0,0,5,0,0,0,0,0,0,0,0
539,L15177,HTreeMap2Test$8,org.mapdb.HTreeMap2Test$8,L15173,L103,C:\Users\domco\Desktop\DP\repos\mapdb\src\test\java\org\mapdb\HTreeMap2Test.java,717,74,722,18,0.0,0,0,0,0.0,0.0,0,0,1,0,0,1,2,0,0,0,1,0.0,0.0,0,0,0,2,0.0,0,1,1,0,0,1,6,6,0,0,0,0,1,0,1,0,1,1,0,1,0,6,6,0,0,0,0,1,0,1,0,1,1,0,1,0,0,0,5,0,0,0,0,0,0,0,0,0,5,0,0,0,0,0,0,0,1.0
540,L15183,HTreeMap2Test$9,org.mapdb.HTreeMap2Test$9,L15180,L103,C:\Users\domco\Desktop\DP\repos\mapdb\src\test\java\org\mapdb\HTreeMap2Test.java,752,74,757,18,1.0,1,1,1,1.0,1.0,6,6,1,0,0,1,2,0,0,0,1,0.0,0.0,0,0,0,2,0.0,0,1,1,0,0,1,6,6,0,0,0,0,1,0,1,0,1,1,0,1,0,6,6,0,0,0,0,1,0,1,0,1,1,0,1,0,0,0,15,0,0,0,10,0,0,0,0,0,5,0,0,0,0,0,0,0,0
541,L15343,Issue157Test$1,org.mapdb.Issue157Test$1,L15340,L103,C:\Users\domco\Desktop\DP\repos\mapdb\src\test\java\org\mapdb\Issue157Test.java,18,34,24,10,0.0,0,0,0,0.0,0.0,0,0,1,1,1,2,1,0,0,1,2,0.0,0.0,0,0,0,2,0.0,0,0,0,0,0,0,7,7,0,0,0,0,1,0,1,0,1,4,0,1,0,7,7,0,0,0,0,1,0,1,0,1,4,0,1,0,0,0,5,0,1,0,0,1,0,0,0,0,5,0,0,0,0,0,0,0,0
542,L15347,Issue157Test$2,org.mapdb.Issue157Test$2,L15340,L103,C:\Users\domco\Desktop\DP\repos\mapdb\src\test\java\org\mapdb\Issue157Test.java,26,34,32,10,0.0,0,0,0,0.0,0.0,0,0,1,1,1,2,1,0,0,1,2,0.0,0.0,0,0,0,2,0.0,0,0,0,0,0,0,7,7,0,0,0,0,1,0,1,0,1,4,0,1,0,7,7,0,0,0,0,1,0,1,0,1,4,0,1,0,0,0,5,0,1,0,0,1,0,0,0,0,5,0,0,0,0,0,0,0,0
543,L15638,Issue308Test$1,org.mapdb.Issue308Test$1,L15628,L103,C:\Users\domco\Desktop\DP\repos\mapdb\src\test\java\org\mapdb\Issue308Test.java,19,95,37,10,0.0,0,0,0,0.0,0.0,0,0,2,0,0,3,2,0,0,1,4,0.0,0.0,0,0,0,4,0.0,0,0,0,0,0,0,15,19,1,0,1,0,3,0,3,0,3,3,0,3,0,15,19,1,0,1,0,3,0,3,0,3,3,0,3,0,0,0,10,0,3,0,0,2,1,0,0,0,9,1,0,0,0,0,0,0,0
544,L15776,Issue41Test$1,org.mapdb.Issue41Test$1,L15767,L103,C:\Users\domco\Desktop\DP\repos\mapdb\src\test\java\org\mapdb\Issue41Test.java,65,47,76,14,0.0,0,0,0,0.0,0.0,0,0,1,1,1,1,2,0,0,1,2,0.0,0.0909091,1,0,0,2,0.0909091,1,0,0,0,0,0,10,12,0,0,0,0,1,0,1,0,1,3,0,1,0,10,12,0,0,0,0,1,0,1,0,1,3,0,1,0,0,0,5,0,0,0,0,0,0,0,0,0,5,0,0,0,0,0,0,0,0
545,L15789,Issue41Test$2,org.mapdb.Issue41Test$2,L15778,L103,C:\Users\domco\Desktop\DP\repos\mapdb\src\test\java\org\mapdb\Issue41Test.java,88,47,111,14,0.0,0,0,0,0.0,0.0,0,0,1,3,3,3,4,0,0,4,5,0.0,0.047619,1,0,0,2,0.047619,1,0,0,0,0,0,20,24,0,0,0,0,1,0,1,0,1,10,0,1,0,20,24,0,0,0,0,1,0,1,0,1,10,0,1,0,0,0,5,0,0,0,0,0,0,0,0,0,5,0,0,0,0,0,0,0,0
546,L15759,Issue41Test$Value$Serializer,org.mapdb.Issue41Test$Value$Serializer,L15742,L103,C:\Users\domco\Desktop\DP\repos\mapdb\src\test\java\org\mapdb\Issue41Test.java,169,9,193,10,0.0,0,0,0,0.0,0.0,0,0,3,0,0,3,2,3,2,1,4,0.0,0.0,0,0,0,4,0.0,0,1,1,0,0,1,19,25,31,0,1,0,3,0,3,0,17,4,30,17,0,19,25,31,0,1,0,3,0,3,0,17,4,30,17,0,0,0,14,0,1,0,0,1,1,0,0,0,9,0,0,0,0,0,0,4,0
547,L15754,Issue41Test$Key$Serializer,org.mapdb.Issue41Test$Key$Serializer,L15739,L103,C:\Users\domco\Desktop\DP\repos\mapdb\src\test\java\org\mapdb\Issue41Test.java,250,9,275,10,0.0,0,0,0,0.0,0.0,0,0,2,0,0,2,4,1,0,3,5,0.0,0.0,0,0,0,3,0.0,0,1,1,0,0,1,18,26,31,0,1,0,2,0,2,0,16,5,30,16,0,18,26,31,0,1,0,2,0,2,0,16,5,30,16,0,0,0,12,0,1,0,0,1,1,0,0,0,7,0,0,0,0,0,0,4,0
548,L16180,MapListenerTest$1,org.mapdb.MapListenerTest$1,L16170,L103,C:\Users\domco\Desktop\DP\repos\mapdb\src\test\java\org\mapdb\MapListenerTest.java,29,63,36,14,0.0,0,0,0,0.0,0.0,0,0,1,0,0,1,2,0,0,0,1,0.0,0.0,0,0,0,2,0.0,0,1,1,0,0,1,8,8,0,0,0,0,1,0,1,0,1,4,0,1,0,8,8,0,0,0,0,1,0,1,0,1,4,0,1,0,0,0,5,0,0,0,0,0,0,0,0,0,5,0,0,0,0,0,0,0,0
549,L16205,PumpComparableValueTest$1,org.mapdb.PumpComparableValueTest$1,L16195,L103,C:\Users\domco\Desktop\DP\repos\mapdb\src\test\java\org\mapdb\PumpComparableValueTest.java,33,107,53,18,0.0,0,0,0,0.0,0.0,0,0,2,0,0,3,1,0,0,1,4,0.0,0.0,0,0,0,4,0.0,0,0,0,0,0,0,17,21,1,0,1,0,3,0,3,0,3,7,0,3,0,17,21,1,0,1,0,3,0,3,0,3,7,0,3,0,0,0,10,0,2,0,0,1,1,0,0,0,9,0,0,0,0,1,0,0,0
550,L16216,PumpComparableValueTest$2,org.mapdb.PumpComparableValueTest$2,L16213,L103,C:\Users\domco\Desktop\DP\repos\mapdb\src\test\java\org\mapdb\PumpComparableValueTest.java,82,99,102,10,0.0,0,0,0,0.0,0.0,0,0,2,0,0,3,1,0,0,1,4,0.0,0.0,0,0,0,4,0.0,0,0,0,0,0,0,17,21,1,0,1,0,3,0,3,0,3,7,0,3,0,17,21,1,0,1,0,3,0,3,0,3,7,0,3,0,0,0,10,0,3,0,0,1,1,0,0,0,9,0,0,0,0,2,0,0,0
551,L16250,PumpTest$1,org.mapdb.PumpTest$1,L16244,L103,C:\Users\domco\Desktop\DP\repos\mapdb\src\test\java\org\mapdb\PumpTest.java,238,94,243,10,0.0,0,0,0,0.0,0.0,0,0,1,0,0,1,2,0,0,0,1,0.0,0.0,0,0,0,2,0.0,0,1,1,0,0,1,6,6,0,0,0,0,1,0,1,0,1,1,0,1,0,6,6,0,0,0,0,1,0,1,0,1,1,0,1,0,0,0,5,0,0,0,0,0,0,0,0,0,5,0,0,0,0,0,0,0,0
552,L16256,PumpTest$2,org.mapdb.PumpTest$2,L16253,L103,C:\Users\domco\Desktop\DP\repos\mapdb\src\test\java\org\mapdb\PumpTest.java,277,94,282,10,0.0,0,0,0,0.0,0.0,0,0,1,0,0,1,2,0,0,0,1,0.0,0.0,0,0,0,2,0.0,0,1,1,0,0,1,6,6,0,0,0,0,1,0,1,0,1,1,0,1,0,6,6,0,0,0,0,1,0,1,0,1,1,0,1,0,0,0,5,0,0,0,0,0,0,0,0,0,5,0,0,0,0,0,0,0,0
553,L17054,StoreDirectTest2$1,org.mapdb.StoreDirectTest2$1,L17051,L103,C:\Users\domco\Desktop\DP\repos\mapdb\src\test\java\org\mapdb\StoreDirectTest2.java,71,81,75,10,0.0,0,0,0,0.0,0.0,0,0,1,0,0,1,3,0,0,0,1,0.0,0.0,0,0,0,2,0.0,0,1,1,0,0,1,5,5,0,0,0,0,1,0,1,0,1,1,0,1,0,5,5,0,0,0,0,1,0,1,0,1,1,0,1,0,0,0,5,0,0,0,0,0,0,0,0,0,5,0,0,0,0,0,0,0,1.0
554,L17405,TreeMapExtendTest$1,org.mapdb.TreeMapExtendTest$1,L17402,L103,C:\Users\domco\Desktop\DP\repos\mapdb\src\test\java\org\mapdb\TreeMapExtendTest.java,13491,57,13498,10,0.0,0,0,0,0.0,0.0,0,0,1,1,1,3,0,0,0,0,1,0.0,0.0,0,0,0,2,0.0,0,0,0,0,0,0,8,8,0,0,0,0,1,0,1,0,1,3,0,1,0,8,8,0,0,0,0,1,0,1,0,1,3,0,1,0,0,0,5,0,0,0,0,0,0,0,0,0,5,0,0,0,0,0,0,0,0
555,L17443,TxMakerTest$1,org.mapdb.TxMakerTest$1,L17438,L103,C:\Users\domco\Desktop\DP\repos\mapdb\src\test\java\org\mapdb\TxMakerTest.java,68,49,90,10,0.897727,1,3,1,0.73913,0.7,17,14,1,1,1,2,3,0,0,1,2,0.0,0.0,0,0,0,2,0.0909091,2,0,0,0,0,0,13,13,0,0,0,0,1,0,1,0,1,8,0,1,0,20,23,0,0,0,0,2,0,2,0,2,12,0,2,0,0,0,32,0,4,1,22,3,0,0,0,0,10,0,0,0,0,0,0,0,0
556,L17454,TxMakerTest$2,org.mapdb.TxMakerTest$2,L17451,L103,C:\Users\domco\Desktop\DP\repos\mapdb\src\test\java\org\mapdb\TxMakerTest.java,110,38,119,14,1.0,1,3,1,1.0,1.0,10,9,1,1,1,2,3,0,0,1,2,0.0,0.0,0,0,0,2,0.0,0,1,1,0,0,1,9,10,0,0,0,0,1,0,1,0,1,4,0,1,0,9,10,0,0,0,0,1,0,1,0,1,4,0,1,0,0,0,15,0,3,1,10,2,0,0,0,0,5,0,0,0,0,0,0,0,0
557,L17468,TxMakerTest$3,org.mapdb.TxMakerTest$3,L17457,L103,C:\Users\domco\Desktop\DP\repos\mapdb\src\test\java\org\mapdb\TxMakerTest.java,142,25,162,14,0.0,0,0,0,0.0,0.0,0,0,1,2,2,3,3,0,0,1,2,0.0,0.0,0,0,0,2,0.0,0,0,0,0,0,0,16,16,0,0,0,0,1,0,1,0,1,8,0,1,0,21,21,0,0,0,0,2,0,2,0,2,10,0,2,0,0,0,10,2,1,1,0,1,0,0,0,0,10,0,1,0,0,0,0,0,0
558,L17482,TxMakerTest$4,org.mapdb.TxMakerTest$4,L17479,L103,C:\Users\domco\Desktop\DP\repos\mapdb\src\test\java\org\mapdb\TxMakerTest.java,185,25,207,14,0.0,0,0,0,0.0,0.0,0,0,1,2,2,3,3,0,0,1,2,0.0,0.0,0,0,0,2,0.0,0,0,0,0,0,0,16,16,0,0,0,0,1,0,1,0,1,8,0,1,0,22,23,0,0,0,0,2,0,2,0,2,10,0,2,0,0,1,10,2,1,1,0,1,0,0,0,0,10,0,2,0,0,0,0,0,0
559,L17523,VolumeTest$1,org.mapdb.VolumeTest$1,L17520,L103,C:\Users\domco\Desktop\DP\repos\mapdb\src\test\java\org\mapdb\VolumeTest.java,20,33,33,10,0.0,0,0,0,0.0,0.0,0,0,1,2,2,3,1,0,0,2,3,0.0,0.0,0,0,0,2,0.0,0,0,0,0,0,0,14,14,0,0,0,0,1,0,1,0,1,6,0,1,0,14,14,0,0,0,0,1,0,1,0,1,6,0,1,0,0,0,5,1,0,0,0,0,0,0,0,0,5,0,1,0,0,0,0,0,0
560,L17541,VolumeTest$2,org.mapdb.VolumeTest$2,L17532,L103,C:\Users\domco\Desktop\DP\repos\mapdb\src\test\java\org\mapdb\VolumeTest.java,54,32,59,18,0.0,0,0,0,0.0,0.0,0,0,1,0,0,1,3,0,0,1,2,0.0,0.0,0,0,0,2,0.0,0,0,0,0,0,0,6,6,0,0,0,0,1,0,1,0,1,1,0,1,0,6,6,0,0,0,0,1,0,1,0,1,1,0,1,0,0,0,5,0,0,0,0,0,0,0,0,0,5,0,0,0,0,0,0,0,0
561,L17545,VolumeTest$3,org.mapdb.VolumeTest$3,L17532,L103,C:\Users\domco\Desktop\DP\repos\mapdb\src\test\java\org\mapdb\VolumeTest.java,60,32,65,18,0.0,0,0,0,0.0,0.0,0,0,1,0,0,1,2,0,0,1,2,0.0,0.0,0,0,0,2,0.0,0,0,0,0,0,0,6,6,0,0,0,0,1,0,1,0,1,1,0,1,0,6,6,0,0,0,0,1,0,1,0,1,1,0,1,0,0,0,5,0,0,0,0,0,0,0,0,0,5,0,0,0,0,0,0,0,0
562,L17549,VolumeTest$4,org.mapdb.VolumeTest$4,L17532,L103,C:\Users\domco\Desktop\DP\repos\mapdb\src\test\java\org\mapdb\VolumeTest.java,66,32,71,18,0.0,0,0,0,0.0,0.0,0,0,1,0,0,1,3,0,0,1,2,0.0,0.0,0,0,0,2,0.0,0,0,0,0,0,0,6,6,0,0,0,0,1,0,1,0,1,1,0,1,0,6,6,0,0,0,0,1,0,1,0,1,1,0,1,0,0,0,5,0,0,0,0,0,0,0,0,0,5,0,0,0,0,0,0,0,0
563,L17553,VolumeTest$5,org.mapdb.VolumeTest$5,L17532,L103,C:\Users\domco\Desktop\DP\repos\mapdb\src\test\java\org\mapdb\VolumeTest.java,72,32,77,18,0.0,0,0,0,0.0,0.0,0,0,1,0,0,1,3,0,0,1,2,0.0,0.0,0,0,0,2,0.0,0,0,0,0,0,0,6,6,0,0,0,0,1,0,1,0,1,1,0,1,0,6,6,0,0,0,0,1,0,1,0,1,1,0,1,0,0,0,5,0,0,0,0,0,0,0,0,0,5,0,0,0,0,0,0,0,1.0
564,L17557,VolumeTest$6,org.mapdb.VolumeTest$6,L17532,L103,C:\Users\domco\Desktop\DP\repos\mapdb\src\test\java\org\mapdb\VolumeTest.java,78,32,83,18,0.0,0,0,0,0.0,0.0,0,0,1,0,0,1,3,0,0,1,2,0.0,0.0,0,0,0,2,0.0,0,0,0,0,0,0,6,6,0,0,0,0,1,0,1,0,1,1,0,1,0,6,6,0,0,0,0,1,0,1,0,1,1,0,1,0,0,0,5,0,0,0,0,0,0,0,0,0,5,0,0,0,0,0,0,0,1.0
565,L17561,VolumeTest$7,org.mapdb.VolumeTest$7,L17532,L103,C:\Users\domco\Desktop\DP\repos\mapdb\src\test\java\org\mapdb\VolumeTest.java,84,32,89,18,0.0,0,0,0,0.0,0.0,0,0,1,0,0,1,3,0,0,1,2,0.0,0.0,0,0,0,2,0.0,0,0,0,0,0,0,6,6,0,0,0,0,1,0,1,0,1,1,0,1,0,6,6,0,0,0,0,1,0,1,0,1,1,0,1,0,0,0,5,0,0,0,0,0,0,0,0,0,5,0,0,0,0,0,0,0,1.0
566,L17565,VolumeTest$8,org.mapdb.VolumeTest$8,L17532,L103,C:\Users\domco\Desktop\DP\repos\mapdb\src\test\java\org\mapdb\VolumeTest.java,90,32,95,18,0.0,0,0,0,0.0,0.0,0,0,1,0,0,1,2,0,0,1,2,0.0,0.0,0,0,0,2,0.0,0,0,0,0,0,0,6,6,0,0,0,0,1,0,1,0,1,1,0,1,0,6,6,0,0,0,0,1,0,1,0,1,1,0,1,0,0,0,5,0,0,0,0,0,0,0,0,0,5,0,0,0,0,0,0,0,1.0
567,L17572,VolumeTest$9,org.mapdb.VolumeTest$9,L17532,L103,C:\Users\domco\Desktop\DP\repos\mapdb\src\test\java\org\mapdb\VolumeTest.java,96,32,101,18,0.0,0,0,0,0.0,0.0,0,0,1,0,0,1,3,0,0,1,2,0.0,0.0,0,0,0,2,0.0,0,0,0,0,0,0,6,6,0,0,0,0,1,0,1,0,1,1,0,1,0,6,6,0,0,0,0,1,0,1,0,1,1,0,1,0,0,0,5,0,0,0,0,0,0,0,0,0,5,0,0,0,0,0,0,0,1.0
568,L9829,Store$Cache$WeakSoftRef$CacheWeakItem<A extends Object>,org.mapdb.Store$Cache$WeakSoftRef$CacheWeakItem,L5228,L103,C:\Users\domco\Desktop\DP\repos\mapdb\src\main\java\org\mapdb\Store.java,622,9,635,10,0.0,0,0,0,0.0,0.0,0,0,0,0,0,2,1,1,1,0,2,0.0,0.0,0,0,0,3,0.0,0,1,1,0,0,1,11,14,1,1,1,1,2,0,2,0,4,3,0,4,0,11,14,1,1,1,1,2,0,2,0,4,3,0,4,0,0,0,7,0,1,0,0,1,0,0,0,0,7,0,0,0,0,0,0,0,0
569,L9853,Store$Cache$WeakSoftRef$CacheSoftItem<A extends Object>,org.mapdb.Store$Cache$WeakSoftRef$CacheSoftItem,L5228,L103,C:\Users\domco\Desktop\DP\repos\mapdb\src\main\java\org\mapdb\Store.java,637,9,650,10,0.0,0,0,0,0.0,0.0,0,0,0,0,0,2,1,1,1,0,2,0.0,0.0,0,0,0,3,0.0,0,1,1,0,0,1,11,14,1,1,1,1,2,0,2,0,4,3,0,4,0,11,14,1,1,1,1,2,0,2,0,4,3,0,4,0,0,0,7,0,1,0,0,1,0,0,0,0,7,0,0,0,0,0,0,0,0
570,L5843,Fun$13$1,org.mapdb.Fun$13$1,L5832,L103,C:\Users\domco\Desktop\DP\repos\mapdb\src\main\java\org\mapdb\Fun.java,384,49,422,18,0.0,0,0,0,0.0,0.0,0,0,2,2,2,9,0,0,0,0,4,0.0,0.0882353,3,0,0,4,0.0882353,3,0,0,0,0,0,31,39,1,0,1,0,4,0,3,0,4,18,0,3,0,31,39,1,0,1,0,4,0,3,0,4,18,0,3,0,0,0,12,0,5,0,0,4,1,0,0,0,11,0,1,0,0,0,0,0,0
571,L17448,TxMakerTest$1$1,org.mapdb.TxMakerTest$1$1,L17444,L103,C:\Users\domco\Desktop\DP\repos\mapdb\src\test\java\org\mapdb\TxMakerTest.java,75,46,86,22,1.0,1,3,1,1.0,1.0,12,9,1,1,1,2,3,0,0,1,2,0.0,0.181818,2,0,0,2,0.181818,2,1,1,0,0,1,9,12,0,0,0,0,1,0,1,0,1,4,0,1,0,9,12,0,0,0,0,1,0,1,0,1,4,0,1,0,0,0,15,0,3,1,10,2,0,0,0,0,5,0,0,0,0,0,0,0,0
572,L17472,TxMakerTest$3$1,org.mapdb.TxMakerTest$3$1,L17469,L103,C:\Users\domco\Desktop\DP\repos\mapdb\src\test\java\org\mapdb\TxMakerTest.java,147,54,153,30,0.0,0,0,0,0.0,0.0,0,0,1,0,0,1,5,0,0,3,4,0.0,0.0,0,0,0,2,0.0,0,1,1,0,0,1,7,7,0,0,0,0,1,0,1,0,1,2,0,1,0,7,7,0,0,0,0,1,0,1,0,1,2,0,1,0,0,0,5,0,1,0,0,1,0,0,0,0,5,0,0,0,0,0,0,0,0
573,L17486,TxMakerTest$4$1,org.mapdb.TxMakerTest$4$1,L17483,L103,C:\Users\domco\Desktop\DP\repos\mapdb\src\test\java\org\mapdb\TxMakerTest.java,190,54,198,30,0.0,0,0,0,0.0,0.0,0,0,1,1,1,2,5,0,0,3,4,0.0,0.0,0,0,0,2,0.0,0,1,1,0,0,1,8,9,0,0,0,0,1,0,1,0,1,2,0,1,0,8,9,0,0,0,0,1,0,1,0,1,2,0,1,0,0,1,5,0,1,0,0,1,0,0,0,0,5,0,1,0,0,0,0,0,0
